original_region_key,state_code,reporting_unit_class,name_de_2023,name_de_2024,legal_form_2023,legal_form_2024,municipality_ags8_2023_candidate,municipality_ags8_2024_candidate,population_2023_06_30,population_2024_06_30,source_id_2023,source_id_2024,entity_match_status,percap_cross_year_comparable,not_county_sum,total_integrated_debt_eur_2023,total_integrated_debt_eur_2024,integrated_debt_eur_per_person_2023,integrated_debt_eur_per_person_2024,core_budget_debt_eur_2023,core_budget_debt_eur_2024,extra_budget_proportional_debt_eur_2023,extra_budget_proportional_debt_eur_2024,public_enterprise_proportional_debt_eur_2023,public_enterprise_proportional_debt_eur_2024
064110000000,06,municipality,"Darmstadt, Wissenschaftsstadt","Darmstadt, Wissenschaftsstadt",kreisfreie Stadt,kreisfreie Stadt,06411000,06411000,163294,166028,STATISTIKPORTAL_INTEGRATED_2023_T1,STATISTIKPORTAL_INTEGRATED_2024_T1,matching_original_identifier_and_class,not_certified_requires_population_and_entity_scope_audit,different_fiscal_unit_classes_cannot_be_summed,2887167087.84,3139814045.64,17680.79,18911.35,573439307.00,656288412.00,414424864.62,591171501.97,1899302916.22,1892354131.67
064120000000,06,municipality,"Frankfurt am Main, Stadt","Frankfurt am Main, Stadt",kreisfreie Stadt,kreisfreie Stadt,06412000,06412000,773117,753248,STATISTIKPORTAL_INTEGRATED_2023_T1,STATISTIKPORTAL_INTEGRATED_2024_T1,matching_original_identifier_and_class,not_certified_requires_population_and_entity_scope_audit,different_fiscal_unit_classes_cannot_be_summed,9228826832.07,9571721268.19,11937.17,12707.26,2523654063.00,2613196330.00,370433796.40,350214729.87,6334738972.67,6608310208.32
064130000000,06,municipality,"Offenbach am Main, Stadt","Offenbach am Main, Stadt",kreisfreie Stadt,kreisfreie Stadt,06413000,06413000,134829,132096,STATISTIKPORTAL_INTEGRATED_2023_T1,STATISTIKPORTAL_INTEGRATED_2024_T1,matching_original_identifier_and_class,not_certified_requires_population_and_entity_scope_audit,different_fiscal_unit_classes_cannot_be_summed,766785043.81,804937818.94,5687.09,6093.58,427755576.00,456893991.00,716134.00,360635.10,338313333.81,347683192.84
064140000000,06,municipality,"Wiesbaden, Landeshauptstadt","Wiesbaden, Landeshauptstadt",kreisfreie Stadt,kreisfreie Stadt,06414000,06414000,283778,288048,STATISTIKPORTAL_INTEGRATED_2023_T1,STATISTIKPORTAL_INTEGRATED_2024_T1,matching_original_identifier_and_class,not_certified_requires_population_and_entity_scope_audit,different_fiscal_unit_classes_cannot_be_summed,2186975123.95,2457242242.73,7706.64,8530.67,328320529.00,365938244.00,520933911.51,665405566.54,1337720683.44,1425898432.19
06431,06,county_administration,"Landkreis Bergstraße, Kreisverwaltung","Landkreis Bergstraße, Kreisverwaltung",Landkreis (Haushalt u. Verwaltung),Landkreis (Haushalt u. Verwaltung),,,275793,274552,STATISTIKPORTAL_INTEGRATED_2023_T1,STATISTIKPORTAL_INTEGRATED_2024_T1,matching_original_identifier_and_class,not_certified_requires_population_and_entity_scope_audit,different_fiscal_unit_classes_cannot_be_summed,175143117.92,196684627.00,635.05,716.38,39161326.00,37692540.00,119129103.48,140453326.54,16852688.44,18538760.46
064310001001,06,municipality,Abtsteinach,Abtsteinach,kreisangehörige Gemeinde,kreisangehörige Gemeinde,06431001,06431001,2471,2427,STATISTIKPORTAL_INTEGRATED_2023_T1,STATISTIKPORTAL_INTEGRATED_2024_T1,matching_original_identifier_and_class,not_certified_requires_population_and_entity_scope_audit,different_fiscal_unit_classes_cannot_be_summed,11230470.22,11108124.36,4544.91,4576.90,7013145.00,6693121.00,4579.20,3415.79,4212746.02,4411587.57
064310002002,06,municipality,"Bensheim, Stadt","Bensheim, Stadt",kreisangehörige Gemeinde,kreisangehörige Gemeinde,06431002,06431002,41777,41369,STATISTIKPORTAL_INTEGRATED_2023_T1,STATISTIKPORTAL_INTEGRATED_2024_T1,matching_original_identifier_and_class,not_certified_requires_population_and_entity_scope_audit,different_fiscal_unit_classes_cannot_be_summed,247825168.77,253070029.83,5932.10,6117.38,59380141.00,66101494.00,48116038.87,49130571.34,140328988.90,137837964.49
064310003003,06,municipality,Biblis,Biblis,kreisangehörige Gemeinde,kreisangehörige Gemeinde,06431003,06431003,9215,9054,STATISTIKPORTAL_INTEGRATED_2023_T1,STATISTIKPORTAL_INTEGRATED_2024_T1,matching_original_identifier_and_class,not_certified_requires_population_and_entity_scope_audit,different_fiscal_unit_classes_cannot_be_summed,13117589.80,13641816.09,1423.50,1506.72,1925586.00,1829361.00,9421245.57,9829499.33,1770758.23,1982955.76
064310004004,06,municipality,Birkenau,Birkenau,kreisangehörige Gemeinde,kreisangehörige Gemeinde,06431004,06431004,9928,9585,STATISTIKPORTAL_INTEGRATED_2023_T1,STATISTIKPORTAL_INTEGRATED_2024_T1,matching_original_identifier_and_class,not_certified_requires_population_and_entity_scope_audit,different_fiscal_unit_classes_cannot_be_summed,32499320.82,34500479.18,3273.50,3599.42,21163956.00,22872180.00,171000.80,180601.37,11164364.02,11447697.81
064310005005,06,municipality,"Bürstadt, Stadt","Bürstadt, Stadt",kreisangehörige Gemeinde,kreisangehörige Gemeinde,06431005,06431005,16781,17747,STATISTIKPORTAL_INTEGRATED_2023_T1,STATISTIKPORTAL_INTEGRATED_2024_T1,matching_original_identifier_and_class,not_certified_requires_population_and_entity_scope_audit,different_fiscal_unit_classes_cannot_be_summed,34877563.75,33775144.14,2078.40,1903.15,27367687.00,25469843.00,34200.16,36120.60,7475676.59,8269180.54
064310006006,06,municipality,Einhausen,Einhausen,kreisangehörige Gemeinde,kreisangehörige Gemeinde,06431006,06431006,6626,6495,STATISTIKPORTAL_INTEGRATED_2023_T1,STATISTIKPORTAL_INTEGRATED_2024_T1,matching_original_identifier_and_class,not_certified_requires_population_and_entity_scope_audit,different_fiscal_unit_classes_cannot_be_summed,29013168.98,31509766.71,4378.69,4851.39,11449602.00,13070738.00,4477735.66,4864562.75,13085831.32,13574465.96
064310007007,06,municipality,Fürth,Fürth,kreisangehörige Gemeinde,kreisangehörige Gemeinde,06431007,06431007,10788,10809,STATISTIKPORTAL_INTEGRATED_2023_T1,STATISTIKPORTAL_INTEGRATED_2024_T1,matching_original_identifier_and_class,not_certified_requires_population_and_entity_scope_audit,different_fiscal_unit_classes_cannot_be_summed,33160629.96,32888976.53,3073.84,3042.74,4208001.00,3887728.00,205200.96,216721.79,28747428.00,28784526.74
064310008008,06,municipality,Gorxheimertal,Gorxheimertal,kreisangehörige Gemeinde,kreisangehörige Gemeinde,06431008,06431008,4171,4126,STATISTIKPORTAL_INTEGRATED_2023_T1,STATISTIKPORTAL_INTEGRATED_2024_T1,matching_original_identifier_and_class,not_certified_requires_population_and_entity_scope_audit,different_fiscal_unit_classes_cannot_be_summed,11931414.91,11760745.60,2860.56,2850.40,2168522.00,1867584.00,0.00,0.53,9762892.91,9893161.07
064310009009,06,municipality,Grasellenbach,Grasellenbach,kreisangehörige Gemeinde,kreisangehörige Gemeinde,06431009,06431009,4194,4023,STATISTIKPORTAL_INTEGRATED_2023_T1,STATISTIKPORTAL_INTEGRATED_2024_T1,matching_original_identifier_and_class,not_certified_requires_population_and_entity_scope_audit,different_fiscal_unit_classes_cannot_be_summed,14130316.67,13908187.36,3369.17,3457.17,8500155.00,8150135.00,810818.00,737616.24,4819343.67,5020436.12
064310010010,06,municipality,Groß-Rohrheim,Groß-Rohrheim,kreisangehörige Gemeinde,kreisangehörige Gemeinde,06431010,06431010,3757,3624,STATISTIKPORTAL_INTEGRATED_2023_T1,STATISTIKPORTAL_INTEGRATED_2024_T1,matching_original_identifier_and_class,not_certified_requires_population_and_entity_scope_audit,different_fiscal_unit_classes_cannot_be_summed,5061166.08,5095090.74,1347.13,1405.93,308559.00,286884.00,3559588.56,3468386.50,1193018.52,1339820.24
064310011011,06,municipality,"Heppenheim (Bergstraße), Kreisstadt","Heppenheim (Bergstraße), Kreisstadt",kreisangehörige Gemeinde,kreisangehörige Gemeinde,06431011,06431011,27434,27933,STATISTIKPORTAL_INTEGRATED_2023_T1,STATISTIKPORTAL_INTEGRATED_2024_T1,matching_original_identifier_and_class,not_certified_requires_population_and_entity_scope_audit,different_fiscal_unit_classes_cannot_be_summed,63076886.96,65687688.25,2299.22,2351.62,15928650.00,14654270.00,307801.44,325082.81,46840435.52,50708335.44
064310012012,06,municipality,"Hirschhorn (Neckar), Stadt","Hirschhorn (Neckar), Stadt",kreisangehörige Gemeinde,kreisangehörige Gemeinde,06431012,06431012,3471,3455,STATISTIKPORTAL_INTEGRATED_2023_T1,STATISTIKPORTAL_INTEGRATED_2024_T1,matching_original_identifier_and_class,not_certified_requires_population_and_entity_scope_audit,different_fiscal_unit_classes_cannot_be_summed,13041169.24,15182556.23,3757.18,4394.37,7762233.00,9881631.00,0.00,0.24,5278936.24,5300924.99
064310013013,06,municipality,"Lampertheim, Stadt","Lampertheim, Stadt",kreisangehörige Gemeinde,kreisangehörige Gemeinde,06431013,06431013,32935,32278,STATISTIKPORTAL_INTEGRATED_2023_T1,STATISTIKPORTAL_INTEGRATED_2024_T1,matching_original_identifier_and_class,not_certified_requires_population_and_entity_scope_audit,different_fiscal_unit_classes_cannot_be_summed,79754760.20,88178822.59,2421.58,2731.86,46256373.00,52663009.00,5500645.16,6889175.06,27997742.04,28626638.53
064310014014,06,municipality,Lautertal (Odenwald),Lautertal (Odenwald),kreisangehörige Gemeinde,kreisangehörige Gemeinde,06431014,06431014,7185,6971,STATISTIKPORTAL_INTEGRATED_2023_T1,STATISTIKPORTAL_INTEGRATED_2024_T1,matching_original_identifier_and_class,not_certified_requires_population_and_entity_scope_audit,different_fiscal_unit_classes_cannot_be_summed,25527591.66,30416378.72,3552.90,4363.27,8133926.00,12803382.00,7621349.18,7497639.53,9772316.48,10115357.19
064310015015,06,municipality,"Lindenfels, Stadt","Lindenfels, Stadt",kreisangehörige Gemeinde,kreisangehörige Gemeinde,06431015,06431015,5369,5082,STATISTIKPORTAL_INTEGRATED_2023_T1,STATISTIKPORTAL_INTEGRATED_2024_T1,matching_original_identifier_and_class,not_certified_requires_population_and_entity_scope_audit,different_fiscal_unit_classes_cannot_be_summed,30648075.97,31243084.90,5708.34,6147.79,9679404.00,10203173.00,68400.32,72240.77,20900271.65,20967671.13
064310016016,06,municipality,"Lorsch, Karolingerstadt","Lorsch, Karolingerstadt",kreisangehörige Gemeinde,kreisangehörige Gemeinde,06431016,06431016,14043,14339,STATISTIKPORTAL_INTEGRATED_2023_T1,STATISTIKPORTAL_INTEGRATED_2024_T1,matching_original_identifier_and_class,not_certified_requires_population_and_entity_scope_audit,different_fiscal_unit_classes_cannot_be_summed,39245232.28,48479508.39,2794.65,3380.95,7861424.00,10598184.00,7299180.80,13011169.17,24084627.48,24870155.22
064310017017,06,municipality,Mörlenbach,Mörlenbach,kreisangehörige Gemeinde,kreisangehörige Gemeinde,06431017,06431017,10165,10264,STATISTIKPORTAL_INTEGRATED_2023_T1,STATISTIKPORTAL_INTEGRATED_2024_T1,matching_original_identifier_and_class,not_certified_requires_population_and_entity_scope_audit,different_fiscal_unit_classes_cannot_be_summed,43917362.53,42182839.04,4320.45,4109.79,2666986.00,16283231.00,189826.40,194643.30,41060550.13,25704964.74
064310018018,06,municipality,"Neckarsteinach, Stadt","Neckarsteinach, Stadt",kreisangehörige Gemeinde,kreisangehörige Gemeinde,06431018,06431018,4009,3859,STATISTIKPORTAL_INTEGRATED_2023_T1,STATISTIKPORTAL_INTEGRATED_2024_T1,matching_original_identifier_and_class,not_certified_requires_population_and_entity_scope_audit,different_fiscal_unit_classes_cannot_be_summed,19554289.57,19784503.12,4877.60,5126.85,11251614.00,10684374.00,0.00,0.24,8302675.57,9100128.88
064310019019,06,municipality,Rimbach,Rimbach,kreisangehörige Gemeinde,kreisangehörige Gemeinde,06431019,06431019,8885,8777,STATISTIKPORTAL_INTEGRATED_2023_T1,STATISTIKPORTAL_INTEGRATED_2024_T1,matching_original_identifier_and_class,not_certified_requires_population_and_entity_scope_audit,different_fiscal_unit_classes_cannot_be_summed,26368540.41,26236052.54,2967.76,2989.18,3972020.00,3726504.00,136800.64,144481.19,22259719.77,22365067.35
064310020020,06,municipality,"Viernheim, Stadt","Viernheim, Stadt",kreisangehörige Gemeinde,kreisangehörige Gemeinde,06431020,06431020,34480,34407,STATISTIKPORTAL_INTEGRATED_2023_T1,STATISTIKPORTAL_INTEGRATED_2024_T1,matching_original_identifier_and_class,not_certified_requires_population_and_entity_scope_audit,different_fiscal_unit_classes_cannot_be_summed,131805444.48,129564502.02,3822.66,3765.64,32494278.00,31939196.00,7166531.64,6948194.91,92144634.84,90677111.11
064310021021,06,municipality,Wald-Michelbach,Wald-Michelbach,kreisangehörige Gemeinde,kreisangehörige Gemeinde,06431021,06431021,10842,10584,STATISTIKPORTAL_INTEGRATED_2023_T1,STATISTIKPORTAL_INTEGRATED_2024_T1,matching_original_identifier_and_class,not_certified_requires_population_and_entity_scope_audit,different_fiscal_unit_classes_cannot_be_summed,25612076.23,24531836.49,2362.30,2317.82,11559964.00,10422875.00,838293.20,758109.98,13213819.03,13350851.51
064310022022,06,municipality,"Zwingenberg, Stadt","Zwingenberg, Stadt",kreisangehörige Gemeinde,kreisangehörige Gemeinde,06431022,06431022,7267,7344,STATISTIKPORTAL_INTEGRATED_2023_T1,STATISTIKPORTAL_INTEGRATED_2024_T1,matching_original_identifier_and_class,not_certified_requires_population_and_entity_scope_audit,different_fiscal_unit_classes_cannot_be_summed,35740168.65,35195367.89,4918.15,4792.40,7838830.00,7736616.00,1685637.98,1581404.72,26215700.67,25877347.17
06432,06,county_administration,"Landkreis Darmstadt-Dieburg, Kreisverwaltung","Landkreis Darmstadt-Dieburg, Kreisverwaltung",Landkreis (Haushalt u. Verwaltung),Landkreis (Haushalt u. Verwaltung),,,301049,302014,STATISTIKPORTAL_INTEGRATED_2023_T1,STATISTIKPORTAL_INTEGRATED_2024_T1,matching_original_identifier_and_class,not_certified_requires_population_and_entity_scope_audit,different_fiscal_unit_classes_cannot_be_summed,838732897.01,943083496.53,2786.03,3122.65,146645423.00,139515259.00,419795278.29,481307202.54,272292195.72,322261034.99
064320001001,06,municipality,Alsbach-Hähnlein,Alsbach-Hähnlein,kreisangehörige Gemeinde,kreisangehörige Gemeinde,06432001,06432001,9173,9252,STATISTIKPORTAL_INTEGRATED_2023_T1,STATISTIKPORTAL_INTEGRATED_2024_T1,matching_original_identifier_and_class,not_certified_requires_population_and_entity_scope_audit,different_fiscal_unit_classes_cannot_be_summed,10993053.84,10417857.52,1198.41,1126.01,1218710.00,1122733.00,1617237.66,1509163.68,8157106.18,7785960.84
064320002002,06,municipality,"Babenhausen, Stadt","Babenhausen, Stadt",kreisangehörige Gemeinde,kreisangehörige Gemeinde,06432002,06432002,17443,17481,STATISTIKPORTAL_INTEGRATED_2023_T1,STATISTIKPORTAL_INTEGRATED_2024_T1,matching_original_identifier_and_class,not_certified_requires_population_and_entity_scope_audit,different_fiscal_unit_classes_cannot_be_summed,18269667.59,17532367.53,1047.39,1002.94,9748644.00,8824351.00,21249.16,16001.68,8499774.43,8692014.85
064320003003,06,municipality,Bickenbach,Bickenbach,kreisangehörige Gemeinde,kreisangehörige Gemeinde,06432003,06432003,6178,5993,STATISTIKPORTAL_INTEGRATED_2023_T1,STATISTIKPORTAL_INTEGRATED_2024_T1,matching_original_identifier_and_class,not_certified_requires_population_and_entity_scope_audit,different_fiscal_unit_classes_cannot_be_summed,13229468.05,14644336.93,2141.38,2443.57,3006398.00,3948811.00,0.00,0.00,10223070.05,10695525.93
064320004004,06,municipality,"Dieburg, Stadt","Dieburg, Stadt",kreisangehörige Gemeinde,kreisangehörige Gemeinde,06432004,06432004,15660,15905,STATISTIKPORTAL_INTEGRATED_2023_T1,STATISTIKPORTAL_INTEGRATED_2024_T1,matching_original_identifier_and_class,not_certified_requires_population_and_entity_scope_audit,different_fiscal_unit_classes_cannot_be_summed,16821556.98,20403723.43,1074.17,1282.85,4810038.00,8377108.00,21249.16,16001.68,11990269.82,12010613.75
064320005005,06,municipality,Eppertshausen,Eppertshausen,kreisangehörige Gemeinde,kreisangehörige Gemeinde,06432005,06432005,6362,6426,STATISTIKPORTAL_INTEGRATED_2023_T1,STATISTIKPORTAL_INTEGRATED_2024_T1,matching_original_identifier_and_class,not_certified_requires_population_and_entity_scope_audit,different_fiscal_unit_classes_cannot_be_summed,9181359.58,9152683.90,1443.16,1424.32,2093292.00,1968686.00,21249.16,16001.54,7066818.42,7167996.36
064320006006,06,municipality,Erzhausen,Erzhausen,kreisangehörige Gemeinde,kreisangehörige Gemeinde,06432006,06432006,8133,7859,STATISTIKPORTAL_INTEGRATED_2023_T1,STATISTIKPORTAL_INTEGRATED_2024_T1,matching_original_identifier_and_class,not_certified_requires_population_and_entity_scope_audit,different_fiscal_unit_classes_cannot_be_summed,5948126.81,5788043.11,731.36,736.49,538591.00,506964.00,21249.16,16001.39,5388286.65,5265077.72
064320007007,06,municipality,Fischbachtal,Fischbachtal,kreisangehörige Gemeinde,kreisangehörige Gemeinde,06432007,06432007,2748,2711,STATISTIKPORTAL_INTEGRATED_2023_T1,STATISTIKPORTAL_INTEGRATED_2024_T1,matching_original_identifier_and_class,not_certified_requires_population_and_entity_scope_audit,different_fiscal_unit_classes_cannot_be_summed,6005101.55,5653429.38,2185.26,2085.37,1147553.00,751491.00,21249.16,16001.54,4836299.39,4885936.84
064320008008,06,municipality,"Griesheim, Stadt","Griesheim, Stadt",kreisangehörige Gemeinde,kreisangehörige Gemeinde,06432008,06432008,27972,29345,STATISTIKPORTAL_INTEGRATED_2023_T1,STATISTIKPORTAL_INTEGRATED_2024_T1,matching_original_identifier_and_class,not_certified_requires_population_and_entity_scope_audit,different_fiscal_unit_classes_cannot_be_summed,36904743.21,43395504.23,1319.35,1478.80,29504307.00,36142003.00,21249.16,16001.39,7379187.05,7237499.84
064320009009,06,municipality,"Groß-Bieberau, Stadt","Groß-Bieberau, Stadt",kreisangehörige Gemeinde,kreisangehörige Gemeinde,06432009,06432009,4747,4583,STATISTIKPORTAL_INTEGRATED_2023_T1,STATISTIKPORTAL_INTEGRATED_2024_T1,matching_original_identifier_and_class,not_certified_requires_population_and_entity_scope_audit,different_fiscal_unit_classes_cannot_be_summed,5679144.17,5576310.83,1196.36,1216.74,919427.00,774292.00,21249.16,16001.54,4738468.01,4786017.29
064320010010,06,municipality,"Groß-Umstadt, Stadt","Groß-Umstadt, Stadt",kreisangehörige Gemeinde,kreisangehörige Gemeinde,06432010,06432010,21019,21269,STATISTIKPORTAL_INTEGRATED_2023_T1,STATISTIKPORTAL_INTEGRATED_2024_T1,matching_original_identifier_and_class,not_certified_requires_population_and_entity_scope_audit,different_fiscal_unit_classes_cannot_be_summed,48097134.13,45869888.36,2288.27,2156.65,39571608.00,37269638.00,21249.16,16001.68,8504276.97,8584248.68
064320011011,06,municipality,Groß-Zimmern,Groß-Zimmern,kreisangehörige Gemeinde,kreisangehörige Gemeinde,06432011,06432011,14780,14630,STATISTIKPORTAL_INTEGRATED_2023_T1,STATISTIKPORTAL_INTEGRATED_2024_T1,matching_original_identifier_and_class,not_certified_requires_population_and_entity_scope_audit,different_fiscal_unit_classes_cannot_be_summed,18931105.77,18273898.32,1280.86,1249.07,7439406.00,6622072.00,21249.16,16001.68,11470450.61,11635824.64
064320012012,06,municipality,Messel,Messel,kreisangehörige Gemeinde,kreisangehörige Gemeinde,06432012,06432012,4186,4235,STATISTIKPORTAL_INTEGRATED_2023_T1,STATISTIKPORTAL_INTEGRATED_2024_T1,matching_original_identifier_and_class,not_certified_requires_population_and_entity_scope_audit,different_fiscal_unit_classes_cannot_be_summed,7761182.11,7293094.71,1854.08,1722.10,4420695.00,3890055.00,21249.16,16001.54,3319237.95,3387038.17
064320013013,06,municipality,Modautal,Modautal,kreisangehörige Gemeinde,kreisangehörige Gemeinde,06432013,06432013,5172,5084,STATISTIKPORTAL_INTEGRATED_2023_T1,STATISTIKPORTAL_INTEGRATED_2024_T1,matching_original_identifier_and_class,not_certified_requires_population_and_entity_scope_audit,different_fiscal_unit_classes_cannot_be_summed,6318875.22,6812441.34,1221.75,1339.98,5299568.00,5827559.00,21249.16,16001.39,998058.06,968880.95
064320014014,06,municipality,Mühltal,Mühltal,kreisangehörige Gemeinde,kreisangehörige Gemeinde,06432014,06432014,13894,13958,STATISTIKPORTAL_INTEGRATED_2023_T1,STATISTIKPORTAL_INTEGRATED_2024_T1,matching_original_identifier_and_class,not_certified_requires_population_and_entity_scope_audit,different_fiscal_unit_classes_cannot_be_summed,9714410.19,13001840.85,699.18,931.50,9037473.00,12392276.00,21249.16,16001.39,655688.03,593563.46
064320015015,06,municipality,Münster (Hessen),Münster (Hessen),kreisangehörige Gemeinde,kreisangehörige Gemeinde,06432015,06432015,14532,14808,STATISTIKPORTAL_INTEGRATED_2023_T1,STATISTIKPORTAL_INTEGRATED_2024_T1,matching_original_identifier_and_class,not_certified_requires_population_and_entity_scope_audit,different_fiscal_unit_classes_cannot_be_summed,22046076.54,22385661.01,1517.07,1511.73,12084905.00,12244983.00,0.00,0.29,9961171.54,10140677.72
064320016016,06,municipality,"Ober-Ramstadt, Stadt","Ober-Ramstadt, Stadt",kreisangehörige Gemeinde,kreisangehörige Gemeinde,06432016,06432016,15259,15137,STATISTIKPORTAL_INTEGRATED_2023_T1,STATISTIKPORTAL_INTEGRATED_2024_T1,matching_original_identifier_and_class,not_certified_requires_population_and_entity_scope_audit,different_fiscal_unit_classes_cannot_be_summed,23955461.38,27712614.31,1569.92,1830.79,20415326.00,24228668.00,21249.16,16001.39,3518886.22,3467944.92
064320017017,06,municipality,Otzberg,Otzberg,kreisangehörige Gemeinde,kreisangehörige Gemeinde,06432017,06432017,6499,6358,STATISTIKPORTAL_INTEGRATED_2023_T1,STATISTIKPORTAL_INTEGRATED_2024_T1,matching_original_identifier_and_class,not_certified_requires_population_and_entity_scope_audit,different_fiscal_unit_classes_cannot_be_summed,10847953.10,11898193.98,1669.17,1871.37,4641361.00,5598356.00,21249.16,16001.54,6185342.94,6283836.44
064320018018,06,municipality,"Pfungstadt, Stadt","Pfungstadt, Stadt",kreisangehörige Gemeinde,kreisangehörige Gemeinde,06432018,06432018,25310,25359,STATISTIKPORTAL_INTEGRATED_2023_T1,STATISTIKPORTAL_INTEGRATED_2024_T1,matching_original_identifier_and_class,not_certified_requires_population_and_entity_scope_audit,different_fiscal_unit_classes_cannot_be_summed,109665996.09,121195645.07,4332.91,4779.20,105644622.00,117251695.00,21249.16,16001.39,4000124.93,3927948.68
064320019019,06,municipality,"Reinheim, Stadt","Reinheim, Stadt",kreisangehörige Gemeinde,kreisangehörige Gemeinde,06432019,06432019,16629,16490,STATISTIKPORTAL_INTEGRATED_2023_T1,STATISTIKPORTAL_INTEGRATED_2024_T1,matching_original_identifier_and_class,not_certified_requires_population_and_entity_scope_audit,different_fiscal_unit_classes_cannot_be_summed,17198668.55,16646748.77,1034.26,1009.51,6012765.00,5502850.00,21249.16,16001.68,11164654.39,11127897.09
064320020020,06,municipality,Roßdorf,Roßdorf,kreisangehörige Gemeinde,kreisangehörige Gemeinde,06432020,06432020,12978,13111,STATISTIKPORTAL_INTEGRATED_2023_T1,STATISTIKPORTAL_INTEGRATED_2024_T1,matching_original_identifier_and_class,not_certified_requires_population_and_entity_scope_audit,different_fiscal_unit_classes_cannot_be_summed,10674008.56,22314125.54,822.47,1701.94,4593329.00,16193679.00,21249.16,16001.54,6059430.40,6104445.00
064320021021,06,municipality,Schaafheim,Schaafheim,kreisangehörige Gemeinde,kreisangehörige Gemeinde,06432021,06432021,9354,9092,STATISTIKPORTAL_INTEGRATED_2023_T1,STATISTIKPORTAL_INTEGRATED_2024_T1,matching_original_identifier_and_class,not_certified_requires_population_and_entity_scope_audit,different_fiscal_unit_classes_cannot_be_summed,6026715.92,6915416.93,644.29,760.60,826981.00,1624666.00,21249.16,16001.54,5178485.76,5274749.39
064320022022,06,municipality,Seeheim-Jugenheim,Seeheim-Jugenheim,kreisangehörige Gemeinde,kreisangehörige Gemeinde,06432022,06432022,16729,16442,STATISTIKPORTAL_INTEGRATED_2023_T1,STATISTIKPORTAL_INTEGRATED_2024_T1,matching_original_identifier_and_class,not_certified_requires_population_and_entity_scope_audit,different_fiscal_unit_classes_cannot_be_summed,30730324.78,36408971.65,1836.95,2214.39,18435098.00,22933804.00,0.00,0.00,12295226.78,13475167.65
064320023023,06,municipality,"Weiterstadt, Stadt","Weiterstadt, Stadt",kreisangehörige Gemeinde,kreisangehörige Gemeinde,06432023,06432023,26292,26486,STATISTIKPORTAL_INTEGRATED_2023_T1,STATISTIKPORTAL_INTEGRATED_2024_T1,matching_original_identifier_and_class,not_certified_requires_population_and_entity_scope_audit,different_fiscal_unit_classes_cannot_be_summed,28036349.46,37151818.75,1066.35,1402.70,15320851.00,25449701.00,21249.16,16001.39,12694249.30,11686116.36
06433,06,county_administration,"Landkreis Groß-Gerau, Kreisverwaltung","Landkreis Groß-Gerau, Kreisverwaltung",Landkreis (Haushalt u. Verwaltung),Landkreis (Haushalt u. Verwaltung),,,280929,268372,STATISTIKPORTAL_INTEGRATED_2023_T1,STATISTIKPORTAL_INTEGRATED_2024_T1,matching_original_identifier_and_class,not_certified_requires_population_and_entity_scope_audit,different_fiscal_unit_classes_cannot_be_summed,494237741.57,568278932.13,1759.30,2117.50,310395006.00,372578809.00,859907.43,4768638.31,182982828.14,190931484.82
064330001001,06,municipality,Biebesheim am Rhein,Biebesheim am Rhein,kreisangehörige Gemeinde,kreisangehörige Gemeinde,06433001,06433001,6727,6444,STATISTIKPORTAL_INTEGRATED_2023_T1,STATISTIKPORTAL_INTEGRATED_2024_T1,matching_original_identifier_and_class,not_certified_requires_population_and_entity_scope_audit,different_fiscal_unit_classes_cannot_be_summed,10281357.34,9811844.84,1528.37,1522.63,8739953.00,8155802.00,282707.66,346128.62,1258696.68,1309914.22
064330002002,06,municipality,Bischofsheim,Bischofsheim,kreisangehörige Gemeinde,kreisangehörige Gemeinde,06433002,06433002,13310,12942,STATISTIKPORTAL_INTEGRATED_2023_T1,STATISTIKPORTAL_INTEGRATED_2024_T1,matching_original_identifier_and_class,not_certified_requires_population_and_entity_scope_audit,different_fiscal_unit_classes_cannot_be_summed,14290335.77,13800690.57,1073.65,1066.35,12341975.00,11732844.00,48728.09,270222.43,1899632.68,1797624.14
064330003003,06,municipality,Büttelborn,Büttelborn,kreisangehörige Gemeinde,kreisangehörige Gemeinde,06433003,06433003,14965,14667,STATISTIKPORTAL_INTEGRATED_2023_T1,STATISTIKPORTAL_INTEGRATED_2024_T1,matching_original_identifier_and_class,not_certified_requires_population_and_entity_scope_audit,different_fiscal_unit_classes_cannot_be_summed,22951357.56,24621990.15,1533.67,1678.73,17349889.00,19133213.00,294004.48,408775.35,5307464.08,5080001.80
064330004004,06,municipality,"Gernsheim, Schöfferstadt","Gernsheim, Schöfferstadt",kreisangehörige Gemeinde,kreisangehörige Gemeinde,06433004,06433004,11037,10647,STATISTIKPORTAL_INTEGRATED_2023_T1,STATISTIKPORTAL_INTEGRATED_2024_T1,matching_original_identifier_and_class,not_certified_requires_population_and_entity_scope_audit,different_fiscal_unit_classes_cannot_be_summed,12520033.27,17056153.96,1134.37,1601.97,6762250.00,11101037.00,366620.04,504391.35,5391163.23,5450725.61
064330005005,06,municipality,"Ginsheim-Gustavsburg, Stadt","Ginsheim-Gustavsburg, Stadt",kreisangehörige Gemeinde,kreisangehörige Gemeinde,06433005,06433005,17119,16426,STATISTIKPORTAL_INTEGRATED_2023_T1,STATISTIKPORTAL_INTEGRATED_2024_T1,matching_original_identifier_and_class,not_certified_requires_population_and_entity_scope_audit,different_fiscal_unit_classes_cannot_be_summed,24744486.77,26190523.05,1445.44,1594.46,6884057.00,7373751.00,676854.96,912159.28,17183574.81,17904612.77
064330006006,06,municipality,"Groß-Gerau, Stadt","Groß-Gerau, Stadt",kreisangehörige Gemeinde,kreisangehörige Gemeinde,06433006,06433006,26562,25285,STATISTIKPORTAL_INTEGRATED_2023_T1,STATISTIKPORTAL_INTEGRATED_2024_T1,matching_original_identifier_and_class,not_certified_requires_population_and_entity_scope_audit,different_fiscal_unit_classes_cannot_be_summed,56840521.96,61259245.57,2139.92,2422.75,19162364.00,23322993.00,2309761.70,2494703.98,35368396.26,35441548.59
064330007007,06,municipality,"Kelsterbach, Stadt","Kelsterbach, Stadt",kreisangehörige Gemeinde,kreisangehörige Gemeinde,06433007,06433007,17401,16238,STATISTIKPORTAL_INTEGRATED_2023_T1,STATISTIKPORTAL_INTEGRATED_2024_T1,matching_original_identifier_and_class,not_certified_requires_population_and_entity_scope_audit,different_fiscal_unit_classes_cannot_be_summed,28002747.28,56612268.50,1609.26,3486.41,24333497.00,52636420.00,56146.90,311363.56,3613103.38,3664484.94
064330008008,06,municipality,"Mörfelden-Walldorf, Stadt","Mörfelden-Walldorf, Stadt",kreisangehörige Gemeinde,kreisangehörige Gemeinde,06433008,06433008,35399,32173,STATISTIKPORTAL_INTEGRATED_2023_T1,STATISTIKPORTAL_INTEGRATED_2024_T1,matching_original_identifier_and_class,not_certified_requires_population_and_entity_scope_audit,different_fiscal_unit_classes_cannot_be_summed,134017523.06,137532928.41,3785.91,4274.79,57900927.00,64433722.00,94252.60,522679.37,76022343.46,72576527.04
064330009009,06,municipality,Nauheim,Nauheim,kreisangehörige Gemeinde,kreisangehörige Gemeinde,06433009,06433009,10795,10509,STATISTIKPORTAL_INTEGRATED_2023_T1,STATISTIKPORTAL_INTEGRATED_2024_T1,matching_original_identifier_and_class,not_certified_requires_population_and_entity_scope_audit,different_fiscal_unit_classes_cannot_be_summed,20224749.67,23191955.43,1873.53,2206.87,15487147.00,18536547.00,285236.80,360154.01,4452365.87,4295254.42
064330010010,06,municipality,"Raunheim, Stadt","Raunheim, Stadt",kreisangehörige Gemeinde,kreisangehörige Gemeinde,06433010,06433010,16489,15338,STATISTIKPORTAL_INTEGRATED_2023_T1,STATISTIKPORTAL_INTEGRATED_2024_T1,matching_original_identifier_and_class,not_certified_requires_population_and_entity_scope_audit,different_fiscal_unit_classes_cannot_be_summed,133518814.03,130594093.89,8097.45,8514.41,14916372.00,13716412.00,30686.89,170174.68,118571755.14,116707507.21
064330011011,06,municipality,"Riedstadt, Büchnerstadt","Riedstadt, Büchnerstadt",kreisangehörige Gemeinde,kreisangehörige Gemeinde,06433011,06433011,24374,23296,STATISTIKPORTAL_INTEGRATED_2023_T1,STATISTIKPORTAL_INTEGRATED_2024_T1,matching_original_identifier_and_class,not_certified_requires_population_and_entity_scope_audit,different_fiscal_unit_classes_cannot_be_summed,66247865.96,70436782.21,2717.97,3023.56,32725569.00,33115407.00,323005.28,569599.77,33199291.68,36751775.44
064330012012,06,municipality,"Rüsselsheim am Main, Stadt","Rüsselsheim am Main, Stadt",kreisangehörige Gemeinde,kreisangehörige Gemeinde,06433012,06433012,67197,65593,STATISTIKPORTAL_INTEGRATED_2023_T1,STATISTIKPORTAL_INTEGRATED_2024_T1,matching_original_identifier_and_class,not_certified_requires_population_and_entity_scope_audit,different_fiscal_unit_classes_cannot_be_summed,578844916.64,628907102.15,8614.15,9588.02,225637830.00,275629794.00,207558.05,1151016.64,352999528.59,352126291.51
064330013013,06,municipality,Stockstadt am Rhein,Stockstadt am Rhein,kreisangehörige Gemeinde,kreisangehörige Gemeinde,06433013,06433013,6361,5973,STATISTIKPORTAL_INTEGRATED_2023_T1,STATISTIKPORTAL_INTEGRATED_2024_T1,matching_original_identifier_and_class,not_certified_requires_population_and_entity_scope_audit,different_fiscal_unit_classes_cannot_be_summed,6372265.24,6169782.48,1001.77,1032.95,5586109.00,5320950.00,276619.61,312452.70,509536.63,536379.78
064330014014,06,municipality,Trebur,Trebur,kreisangehörige Gemeinde,kreisangehörige Gemeinde,06433014,06433014,13193,12841,STATISTIKPORTAL_INTEGRATED_2023_T1,STATISTIKPORTAL_INTEGRATED_2024_T1,matching_original_identifier_and_class,not_certified_requires_population_and_entity_scope_audit,different_fiscal_unit_classes_cannot_be_summed,16512413.08,16815696.02,1251.60,1309.53,2829053.00,2540855.00,295503.85,417175.58,13387856.23,13857665.44
06434,06,county_administration,"Hochtaunuskreis, Kreisverwaltung","Hochtaunuskreis, Kreisverwaltung",Landkreis (Haushalt u. Verwaltung),Landkreis (Haushalt u. Verwaltung),,,240149,241331,STATISTIKPORTAL_INTEGRATED_2023_T1,STATISTIKPORTAL_INTEGRATED_2024_T1,matching_original_identifier_and_class,not_certified_requires_population_and_entity_scope_audit,different_fiscal_unit_classes_cannot_be_summed,898332061.21,907877518.02,3740.73,3761.96,564888485.00,593122983.00,52412760.36,44193793.75,281030815.85,270560741.27
064340001001,06,municipality,"Bad Homburg v. d. Höhe, Stadt","Bad Homburg v. d. Höhe, Stadt",kreisangehörige Gemeinde,kreisangehörige Gemeinde,06434001,06434001,55421,56405,STATISTIKPORTAL_INTEGRATED_2023_T1,STATISTIKPORTAL_INTEGRATED_2024_T1,matching_original_identifier_and_class,not_certified_requires_population_and_entity_scope_audit,different_fiscal_unit_classes_cannot_be_summed,275143880.98,299398581.75,4964.61,5308.01,196422120.00,219871708.00,6393761.48,4715597.20,72327999.50,74811276.55
064340002002,06,municipality,"Friedrichsdorf, Stadt","Friedrichsdorf, Philipp-Reis-Stadt",kreisangehörige Gemeinde,kreisangehörige Gemeinde,06434002,06434002,25670,25874,STATISTIKPORTAL_INTEGRATED_2023_T1,STATISTIKPORTAL_INTEGRATED_2024_T1,legal_name_or_form_changed_review,not_certified_requires_population_and_entity_scope_audit,different_fiscal_unit_classes_cannot_be_summed,61304021.30,63842283.56,2388.16,2467.43,35671737.00,36356862.00,3005653.23,2216762.39,22626631.07,25268659.17
064340003003,06,municipality,Glashütten,Glashütten,kreisangehörige Gemeinde,kreisangehörige Gemeinde,06434003,06434003,5401,5346,STATISTIKPORTAL_INTEGRATED_2023_T1,STATISTIKPORTAL_INTEGRATED_2024_T1,matching_original_identifier_and_class,not_certified_requires_population_and_entity_scope_audit,different_fiscal_unit_classes_cannot_be_summed,5721503.37,9278108.46,1059.34,1735.52,4707337.00,8464059.00,638801.27,471347.85,375365.10,342701.61
064340004004,06,municipality,Grävenwiesbach,Grävenwiesbach,kreisangehörige Gemeinde,kreisangehörige Gemeinde,06434004,06434004,5391,5423,STATISTIKPORTAL_INTEGRATED_2023_T1,STATISTIKPORTAL_INTEGRATED_2024_T1,matching_original_identifier_and_class,not_certified_requires_population_and_entity_scope_audit,different_fiscal_unit_classes_cannot_be_summed,16949650.54,15964660.37,3144.06,2943.88,9894022.00,9259665.00,638751.04,471098.68,6416877.50,6233896.69
064340005005,06,municipality,"Königstein im Taunus, Stadt","Königstein im Taunus, Stadt",kreisangehörige Gemeinde,kreisangehörige Gemeinde,06434005,06434005,16712,16759,STATISTIKPORTAL_INTEGRATED_2023_T1,STATISTIKPORTAL_INTEGRATED_2024_T1,matching_original_identifier_and_class,not_certified_requires_population_and_entity_scope_audit,different_fiscal_unit_classes_cannot_be_summed,66605762.55,68388265.36,3985.51,4080.69,31903495.00,30145467.00,1953191.56,1440539.29,32749075.99,36802259.07
064340006006,06,municipality,"Kronberg im Taunus, Stadt","Kronberg im Taunus, Stadt",kreisangehörige Gemeinde,kreisangehörige Gemeinde,06434006,06434006,18482,18626,STATISTIKPORTAL_INTEGRATED_2023_T1,STATISTIKPORTAL_INTEGRATED_2024_T1,matching_original_identifier_and_class,not_certified_requires_population_and_entity_scope_audit,different_fiscal_unit_classes_cannot_be_summed,20001591.96,18564697.91,1082.22,996.71,7697853.00,7418998.00,2163456.58,1595616.26,10140282.38,9550083.65
064340007007,06,municipality,"Neu-Anspach, Stadt","Neu-Anspach, Stadt",kreisangehörige Gemeinde,kreisangehörige Gemeinde,06434007,06434007,14440,14363,STATISTIKPORTAL_INTEGRATED_2023_T1,STATISTIKPORTAL_INTEGRATED_2024_T1,matching_original_identifier_and_class,not_certified_requires_population_and_entity_scope_audit,different_fiscal_unit_classes_cannot_be_summed,44881580.58,42898029.24,3108.14,2986.70,26136330.00,24712747.00,1705419.80,1257799.95,17039830.78,16927482.29
064340008008,06,municipality,"Oberursel (Taunus), Stadt","Oberursel (Taunus), Stadt",kreisangehörige Gemeinde,kreisangehörige Gemeinde,06434008,06434008,47205,46605,STATISTIKPORTAL_INTEGRATED_2023_T1,STATISTIKPORTAL_INTEGRATED_2024_T1,matching_original_identifier_and_class,not_certified_requires_population_and_entity_scope_audit,different_fiscal_unit_classes_cannot_be_summed,102842310.66,96533239.98,2178.63,2071.31,45229121.00,36880418.00,5510080.11,4063854.81,52103109.55,55588967.17
064340009009,06,municipality,Schmitten im Taunus,Schmitten im Taunus,kreisangehörige Gemeinde,kreisangehörige Gemeinde,06434009,06434009,9555,9383,STATISTIKPORTAL_INTEGRATED_2023_T1,STATISTIKPORTAL_INTEGRATED_2024_T1,matching_original_identifier_and_class,not_certified_requires_population_and_entity_scope_audit,different_fiscal_unit_classes_cannot_be_summed,23656878.71,24560488.92,2475.86,2617.55,10184152.00,11872148.00,1119519.16,1207016.55,12353207.55,11481324.37
064340010010,06,municipality,"Steinbach (Taunus), Stadt","Steinbach (Taunus), Stadt",kreisangehörige Gemeinde,kreisangehörige Gemeinde,06434010,06434010,10820,10834,STATISTIKPORTAL_INTEGRATED_2023_T1,STATISTIKPORTAL_INTEGRATED_2024_T1,matching_original_identifier_and_class,not_certified_requires_population_and_entity_scope_audit,different_fiscal_unit_classes_cannot_be_summed,10169289.00,10059962.10,939.86,928.55,8912227.00,8643214.00,1257043.85,927108.79,18.15,489639.31
064340011011,06,municipality,"Usingen, Stadt","Usingen, Stadt",kreisangehörige Gemeinde,kreisangehörige Gemeinde,06434011,06434011,15038,15568,STATISTIKPORTAL_INTEGRATED_2023_T1,STATISTIKPORTAL_INTEGRATED_2024_T1,matching_original_identifier_and_class,not_certified_requires_population_and_entity_scope_audit,different_fiscal_unit_classes_cannot_be_summed,33524431.80,36966405.61,2229.31,2374.51,24147699.00,27946683.00,1740085.12,1283366.69,7636647.68,7736355.92
064340012012,06,municipality,Wehrheim,Wehrheim,kreisangehörige Gemeinde,kreisangehörige Gemeinde,06434012,06434012,9339,9279,STATISTIKPORTAL_INTEGRATED_2023_T1,STATISTIKPORTAL_INTEGRATED_2024_T1,matching_original_identifier_and_class,not_certified_requires_population_and_entity_scope_audit,different_fiscal_unit_classes_cannot_be_summed,22424514.55,25194892.18,2401.17,2715.26,806287.00,4309059.00,1099060.95,810591.50,20519166.60,20075241.68
064340013013,06,municipality,Weilrod,Weilrod,kreisangehörige Gemeinde,kreisangehörige Gemeinde,06434013,06434013,6675,6866,STATISTIKPORTAL_INTEGRATED_2023_T1,STATISTIKPORTAL_INTEGRATED_2024_T1,matching_original_identifier_and_class,not_certified_requires_population_and_entity_scope_audit,different_fiscal_unit_classes_cannot_be_summed,15522786.75,14988400.35,2325.51,2182.99,4602291.00,4323194.00,770592.89,568336.13,10149902.86,10096870.22
06435,06,county_administration,"Main-Kinzig-Kreis, Kreisverwaltung","Main-Kinzig-Kreis, Kreisverwaltung",Landkreis (Haushalt u. Verwaltung),Landkreis (Haushalt u. Verwaltung),,,432024,420425,STATISTIKPORTAL_INTEGRATED_2023_T1,STATISTIKPORTAL_INTEGRATED_2024_T1,matching_original_identifier_and_class,not_certified_requires_population_and_entity_scope_audit,different_fiscal_unit_classes_cannot_be_summed,650707343.87,652310624.60,1506.18,1551.55,215612003.00,230840125.00,32327158.70,31623839.36,402768182.17,389846660.24
064350001001,06,municipality,"Bad Orb, Stadt","Bad Orb, Stadt",kreisangehörige Gemeinde,kreisangehörige Gemeinde,06435001,06435001,10769,9925,STATISTIKPORTAL_INTEGRATED_2023_T1,STATISTIKPORTAL_INTEGRATED_2024_T1,matching_original_identifier_and_class,not_certified_requires_population_and_entity_scope_audit,different_fiscal_unit_classes_cannot_be_summed,44921926.02,47720549.61,4171.41,4808.12,33515073.00,34689945.00,40000.00,40163.19,11366853.02,12990441.42
064350002002,06,municipality,"Bad Soden-Salmünster, Stadt","Bad Soden-Salmünster, Stadt",kreisangehörige Gemeinde,kreisangehörige Gemeinde,06435002,06435002,13898,13431,STATISTIKPORTAL_INTEGRATED_2023_T1,STATISTIKPORTAL_INTEGRATED_2024_T1,matching_original_identifier_and_class,not_certified_requires_population_and_entity_scope_audit,different_fiscal_unit_classes_cannot_be_summed,70341050.93,70514741.98,5061.24,5250.15,23816860.00,23954834.00,0.00,163.19,46524190.93,46559744.79
064350003003,06,municipality,Biebergemünd,Biebergemünd,kreisangehörige Gemeinde,kreisangehörige Gemeinde,06435003,06435003,8366,8288,STATISTIKPORTAL_INTEGRATED_2023_T1,STATISTIKPORTAL_INTEGRATED_2024_T1,matching_original_identifier_and_class,not_certified_requires_population_and_entity_scope_audit,different_fiscal_unit_classes_cannot_be_summed,518572.16,490914.82,61.99,59.23,518560.00,490723.00,0.00,163.19,12.16,28.63
064350004004,06,municipality,Birstein,Birstein,kreisangehörige Gemeinde,kreisangehörige Gemeinde,06435004,06435004,6205,6100,STATISTIKPORTAL_INTEGRATED_2023_T1,STATISTIKPORTAL_INTEGRATED_2024_T1,matching_original_identifier_and_class,not_certified_requires_population_and_entity_scope_audit,different_fiscal_unit_classes_cannot_be_summed,8786014.05,8400533.66,1415.96,1377.14,7099384.00,6682791.00,0.00,0.00,1686630.05,1717742.66
064350005005,06,municipality,Brachttal,Brachttal,kreisangehörige Gemeinde,kreisangehörige Gemeinde,06435005,06435005,5137,4872,STATISTIKPORTAL_INTEGRATED_2023_T1,STATISTIKPORTAL_INTEGRATED_2024_T1,matching_original_identifier_and_class,not_certified_requires_population_and_entity_scope_audit,different_fiscal_unit_classes_cannot_be_summed,6647663.70,8593577.69,1294.08,1763.87,4938295.00,6843766.00,25324.44,34595.78,1684044.26,1715215.91
064350006006,06,municipality,"Bruchköbel, Stadt","Bruchköbel, Stadt",kreisangehörige Gemeinde,kreisangehörige Gemeinde,06435006,06435006,20817,20545,STATISTIKPORTAL_INTEGRATED_2023_T1,STATISTIKPORTAL_INTEGRATED_2024_T1,matching_original_identifier_and_class,not_certified_requires_population_and_entity_scope_audit,different_fiscal_unit_classes_cannot_be_summed,57505882.31,60866130.18,2762.45,2962.58,53686393.00,57260952.00,671346.18,629514.37,3148143.13,2975663.81
064350007007,06,municipality,"Erlensee, Stadt","Erlensee, Stadt",kreisangehörige Gemeinde,kreisangehörige Gemeinde,06435007,06435007,16127,15849,STATISTIKPORTAL_INTEGRATED_2023_T1,STATISTIKPORTAL_INTEGRATED_2024_T1,matching_original_identifier_and_class,not_certified_requires_population_and_entity_scope_audit,different_fiscal_unit_classes_cannot_be_summed,47189288.78,55275416.01,2926.10,3487.63,43529965.00,51813867.00,432447.62,405501.66,3226876.16,3056047.35
064350008008,06,municipality,Flörsbachtal,Flörsbachtal,kreisangehörige Gemeinde,kreisangehörige Gemeinde,06435008,06435008,2356,2293,STATISTIKPORTAL_INTEGRATED_2023_T1,STATISTIKPORTAL_INTEGRATED_2024_T1,matching_original_identifier_and_class,not_certified_requires_population_and_entity_scope_audit,different_fiscal_unit_classes_cannot_be_summed,663306.13,1250017.55,281.54,545.15,663303.00,1249847.00,0.00,163.19,3.13,7.36
064350009009,06,municipality,Freigericht,Freigericht,kreisangehörige Gemeinde,kreisangehörige Gemeinde,06435009,06435009,14741,14294,STATISTIKPORTAL_INTEGRATED_2023_T1,STATISTIKPORTAL_INTEGRATED_2024_T1,matching_original_identifier_and_class,not_certified_requires_population_and_entity_scope_audit,different_fiscal_unit_classes_cannot_be_summed,14405641.73,14018359.25,977.25,980.72,8882695.00,9009330.00,0.00,163.19,5522946.73,5008866.06
064350010010,06,municipality,"Gelnhausen, Barbarossastadt, Kreisstadt","Gelnhausen, Barbarossastadt, Kreisstadt",kreisangehörige Gemeinde,kreisangehörige Gemeinde,06435010,06435010,23765,23269,STATISTIKPORTAL_INTEGRATED_2023_T1,STATISTIKPORTAL_INTEGRATED_2024_T1,matching_original_identifier_and_class,not_certified_requires_population_and_entity_scope_audit,different_fiscal_unit_classes_cannot_be_summed,58397608.76,57839433.91,2457.29,2485.69,30739510.00,30773104.00,7185527.40,7812560.32,20472571.36,19253769.59
064350011011,06,municipality,Großkrotzenburg,Großkrotzenburg,kreisangehörige Gemeinde,kreisangehörige Gemeinde,06435011,06435011,7541,7250,STATISTIKPORTAL_INTEGRATED_2023_T1,STATISTIKPORTAL_INTEGRATED_2024_T1,matching_original_identifier_and_class,not_certified_requires_population_and_entity_scope_audit,different_fiscal_unit_classes_cannot_be_summed,10775819.03,12929191.50,1428.96,1783.34,5193377.00,6030555.00,0.00,0.00,5582442.03,6898636.50
064350012012,06,municipality,Gründau,Gründau,kreisangehörige Gemeinde,kreisangehörige Gemeinde,06435012,06435012,14860,14458,STATISTIKPORTAL_INTEGRATED_2023_T1,STATISTIKPORTAL_INTEGRATED_2024_T1,matching_original_identifier_and_class,not_certified_requires_population_and_entity_scope_audit,different_fiscal_unit_classes_cannot_be_summed,1878889.65,1641329.85,126.44,113.52,650763.00,612631.00,542111.15,510842.79,686015.50,517856.06
064350013013,06,municipality,Hammersbach,Hammersbach,kreisangehörige Gemeinde,kreisangehörige Gemeinde,06435013,06435013,4903,4817,STATISTIKPORTAL_INTEGRATED_2023_T1,STATISTIKPORTAL_INTEGRATED_2024_T1,matching_original_identifier_and_class,not_certified_requires_population_and_entity_scope_audit,different_fiscal_unit_classes_cannot_be_summed,6175815.93,7794883.17,1259.60,1618.20,4387108.00,5297113.00,108604.72,109973.36,1680103.21,2387796.81
064350014014,06,municipality,"Hanau, Brüder-Grimm-Stadt","Hanau, Brüder-Grimm-Stadt",kreisangehörige Gemeinde,kreisangehörige Gemeinde,06435014,06435014,102076,97655,STATISTIKPORTAL_INTEGRATED_2023_T1,STATISTIKPORTAL_INTEGRATED_2024_T1,matching_original_identifier_and_class,not_certified_requires_population_and_entity_scope_audit,different_fiscal_unit_classes_cannot_be_summed,769786425.51,865822462.10,7541.31,8866.14,310650489.00,389070430.00,32666121.60,63942906.40,426469814.91,412809125.70
064350015015,06,municipality,Hasselroth,Hasselroth,kreisangehörige Gemeinde,kreisangehörige Gemeinde,06435015,06435015,7408,7406,STATISTIKPORTAL_INTEGRATED_2023_T1,STATISTIKPORTAL_INTEGRATED_2024_T1,matching_original_identifier_and_class,not_certified_requires_population_and_entity_scope_audit,different_fiscal_unit_classes_cannot_be_summed,7409686.41,7069401.49,1000.23,954.55,5375142.00,5146147.00,0.00,0.00,2034544.41,1923254.49
064350016016,06,municipality,Jossgrund,Jossgrund,kreisangehörige Gemeinde,kreisangehörige Gemeinde,06435016,06435016,3441,3449,STATISTIKPORTAL_INTEGRATED_2023_T1,STATISTIKPORTAL_INTEGRATED_2024_T1,matching_original_identifier_and_class,not_certified_requires_population_and_entity_scope_audit,different_fiscal_unit_classes_cannot_be_summed,1009659.23,990531.86,293.42,287.19,1009653.00,990354.00,0.00,163.19,6.23,14.67
064350017017,06,municipality,"Langenselbold, Stadt","Langenselbold, Stadt",kreisangehörige Gemeinde,kreisangehörige Gemeinde,06435017,06435017,14606,14512,STATISTIKPORTAL_INTEGRATED_2023_T1,STATISTIKPORTAL_INTEGRATED_2024_T1,matching_original_identifier_and_class,not_certified_requires_population_and_entity_scope_audit,different_fiscal_unit_classes_cannot_be_summed,18710500.03,20587735.50,1281.01,1418.67,18710485.00,20587704.00,0.00,0.00,15.03,31.50
064350018018,06,municipality,Linsengericht,Linsengericht,kreisangehörige Gemeinde,kreisangehörige Gemeinde,06435018,06435018,9927,9718,STATISTIKPORTAL_INTEGRATED_2023_T1,STATISTIKPORTAL_INTEGRATED_2024_T1,matching_original_identifier_and_class,not_certified_requires_population_and_entity_scope_audit,different_fiscal_unit_classes_cannot_be_summed,11740692.85,18356304.64,1182.70,1888.90,10686269.00,17491294.00,368411.45,347161.89,686012.40,517848.75
064350019019,06,municipality,"Maintal, Stadt","Maintal, Stadt",kreisangehörige Gemeinde,kreisangehörige Gemeinde,06435019,06435019,39357,38951,STATISTIKPORTAL_INTEGRATED_2023_T1,STATISTIKPORTAL_INTEGRATED_2024_T1,matching_original_identifier_and_class,not_certified_requires_population_and_entity_scope_audit,different_fiscal_unit_classes_cannot_be_summed,96674146.16,107213185.38,2456.34,2752.51,77929112.00,85244138.00,216612.00,927730.00,18528422.16,21041317.38
064350020020,06,municipality,Neuberg,Neuberg,kreisangehörige Gemeinde,kreisangehörige Gemeinde,06435020,06435020,5502,5300,STATISTIKPORTAL_INTEGRATED_2023_T1,STATISTIKPORTAL_INTEGRATED_2024_T1,matching_original_identifier_and_class,not_certified_requires_population_and_entity_scope_audit,different_fiscal_unit_classes_cannot_be_summed,4443532.29,3994026.03,807.62,753.59,4266896.00,3828383.00,176624.37,165618.84,11.92,24.19
064350021021,06,municipality,"Nidderau, Stadt","Nidderau, Stadt",kreisangehörige Gemeinde,kreisangehörige Gemeinde,06435021,06435021,20695,20103,STATISTIKPORTAL_INTEGRATED_2023_T1,STATISTIKPORTAL_INTEGRATED_2024_T1,matching_original_identifier_and_class,not_certified_requires_population_and_entity_scope_audit,different_fiscal_unit_classes_cannot_be_summed,26576107.55,30866611.83,1284.18,1535.42,17682029.00,23018047.00,198979.25,206307.80,8695099.30,7642257.03
064350022022,06,municipality,Niederdorfelden,Niederdorfelden,kreisangehörige Gemeinde,kreisangehörige Gemeinde,06435022,06435022,4130,4180,STATISTIKPORTAL_INTEGRATED_2023_T1,STATISTIKPORTAL_INTEGRATED_2024_T1,matching_original_identifier_and_class,not_certified_requires_population_and_entity_scope_audit,different_fiscal_unit_classes_cannot_be_summed,4744684.27,5646064.06,1148.83,1350.73,4577348.00,5482979.00,167326.38,163066.75,9.89,18.31
064350023023,06,municipality,Rodenbach,Rodenbach,kreisangehörige Gemeinde,kreisangehörige Gemeinde,06435023,06435023,11333,10989,STATISTIKPORTAL_INTEGRATED_2023_T1,STATISTIKPORTAL_INTEGRATED_2024_T1,matching_original_identifier_and_class,not_certified_requires_population_and_entity_scope_audit,different_fiscal_unit_classes_cannot_be_summed,18086057.43,25597018.12,1595.88,2329.33,17739472.00,25272006.00,346305.27,324726.87,280.16,285.25
064350024024,06,municipality,Ronneburg,Ronneburg,kreisangehörige Gemeinde,kreisangehörige Gemeinde,06435024,06435024,3526,3524,STATISTIKPORTAL_INTEGRATED_2023_T1,STATISTIKPORTAL_INTEGRATED_2024_T1,matching_original_identifier_and_class,not_certified_requires_population_and_entity_scope_audit,different_fiscal_unit_classes_cannot_be_summed,1555698.98,1434007.25,441.21,406.93,1449288.00,1328789.00,106398.98,105193.88,12.00,24.37
064350025025,06,municipality,"Schlüchtern, Stadt","Schlüchtern, Stadt",kreisangehörige Gemeinde,kreisangehörige Gemeinde,06435025,06435025,16119,15790,STATISTIKPORTAL_INTEGRATED_2023_T1,STATISTIKPORTAL_INTEGRATED_2024_T1,matching_original_identifier_and_class,not_certified_requires_population_and_entity_scope_audit,different_fiscal_unit_classes_cannot_be_summed,29424377.10,42997992.70,1825.45,2723.12,18200306.00,30456138.00,0.00,163.19,11224071.10,12541691.51
064350026026,06,municipality,Schöneck,Schöneck,kreisangehörige Gemeinde,kreisangehörige Gemeinde,06435026,06435026,12141,11835,STATISTIKPORTAL_INTEGRATED_2023_T1,STATISTIKPORTAL_INTEGRATED_2024_T1,matching_original_identifier_and_class,not_certified_requires_population_and_entity_scope_audit,different_fiscal_unit_classes_cannot_be_summed,12042740.34,16571063.51,991.91,1400.17,11875395.00,16407956.00,167326.38,163066.75,18.96,40.76
064350027027,06,municipality,Sinntal,Sinntal,kreisangehörige Gemeinde,kreisangehörige Gemeinde,06435027,06435027,8888,8771,STATISTIKPORTAL_INTEGRATED_2023_T1,STATISTIKPORTAL_INTEGRATED_2024_T1,matching_original_identifier_and_class,not_certified_requires_population_and_entity_scope_audit,different_fiscal_unit_classes_cannot_be_summed,9902912.23,12693844.86,1114.19,1447.25,9902906.00,12693667.00,0.00,163.19,6.23,14.67
064350028028,06,municipality,"Steinau an der Straße, Brüder-Grimm-Stadt","Steinau an der Straße, Brüder-Grimm-Stadt",kreisangehörige Gemeinde,kreisangehörige Gemeinde,06435028,06435028,10389,10185,STATISTIKPORTAL_INTEGRATED_2023_T1,STATISTIKPORTAL_INTEGRATED_2024_T1,matching_original_identifier_and_class,not_certified_requires_population_and_entity_scope_audit,different_fiscal_unit_classes_cannot_be_summed,36871575.44,45690621.82,3549.10,4486.07,20441328.00,27173413.00,0.00,163.19,16430247.44,18517045.63
064350029029,06,municipality,"Wächtersbach, Stadt","Wächtersbach, Stadt",kreisangehörige Gemeinde,kreisangehörige Gemeinde,06435029,06435029,13001,12666,STATISTIKPORTAL_INTEGRATED_2023_T1,STATISTIKPORTAL_INTEGRATED_2024_T1,matching_original_identifier_and_class,not_certified_requires_population_and_entity_scope_audit,different_fiscal_unit_classes_cannot_be_summed,25071470.58,25338155.23,1928.43,2000.49,17520564.00,17230970.00,0.00,0.00,7550906.58,8107185.23
06436,06,county_administration,"Main-Taunus-Kreis, Kreisverwaltung","Main-Taunus-Kreis, Kreisverwaltung",Landkreis (Haushalt u. Verwaltung),Landkreis (Haushalt u. Verwaltung),,,242903,238677,STATISTIKPORTAL_INTEGRATED_2023_T1,STATISTIKPORTAL_INTEGRATED_2024_T1,matching_original_identifier_and_class,not_certified_requires_population_and_entity_scope_audit,different_fiscal_unit_classes_cannot_be_summed,529535311.77,604384610.76,2180.03,2532.23,347656310.00,424879140.00,25515589.82,22971459.96,156363411.95,156534010.80
064360001001,06,municipality,"Bad Soden am Taunus, Stadt","Bad Soden am Taunus, Stadt",kreisangehörige Gemeinde,kreisangehörige Gemeinde,06436001,06436001,23170,23135,STATISTIKPORTAL_INTEGRATED_2023_T1,STATISTIKPORTAL_INTEGRATED_2024_T1,matching_original_identifier_and_class,not_certified_requires_population_and_entity_scope_audit,different_fiscal_unit_classes_cannot_be_summed,60817058.38,80180174.79,2624.82,3465.75,46734470.00,65746921.00,0.00,0.00,14082588.38,14433253.79
064360002002,06,municipality,"Eppstein, Stadt","Eppstein, Stadt",kreisangehörige Gemeinde,kreisangehörige Gemeinde,06436002,06436002,13652,13082,STATISTIKPORTAL_INTEGRATED_2023_T1,STATISTIKPORTAL_INTEGRATED_2024_T1,matching_original_identifier_and_class,not_certified_requires_population_and_entity_scope_audit,different_fiscal_unit_classes_cannot_be_summed,38761066.92,41569603.32,2839.22,3177.62,34492744.00,37508615.00,3088668.00,2984654.00,1179654.92,1076334.32
064360003003,06,municipality,"Eschborn, Stadt","Eschborn, Stadt",kreisangehörige Gemeinde,kreisangehörige Gemeinde,06436003,06436003,22285,22328,STATISTIKPORTAL_INTEGRATED_2023_T1,STATISTIKPORTAL_INTEGRATED_2024_T1,matching_original_identifier_and_class,not_certified_requires_population_and_entity_scope_audit,different_fiscal_unit_classes_cannot_be_summed,14161157.73,14249586.82,635.46,638.19,1237424.00,1171906.00,0.00,0.00,12923733.73,13077680.82
064360004004,06,municipality,"Flörsheim am Main, Stadt","Flörsheim am Main, Stadt",kreisangehörige Gemeinde,kreisangehörige Gemeinde,06436004,06436004,21670,21313,STATISTIKPORTAL_INTEGRATED_2023_T1,STATISTIKPORTAL_INTEGRATED_2024_T1,matching_original_identifier_and_class,not_certified_requires_population_and_entity_scope_audit,different_fiscal_unit_classes_cannot_be_summed,72918567.24,82614021.16,3364.95,3876.23,30210110.00,42122484.00,4051135.00,3803486.00,38657322.24,36688051.16
064360005005,06,municipality,"Hattersheim am Main, Stadt","Hattersheim am Main, Stadt",kreisangehörige Gemeinde,kreisangehörige Gemeinde,06436005,06436005,28654,28414,STATISTIKPORTAL_INTEGRATED_2023_T1,STATISTIKPORTAL_INTEGRATED_2024_T1,matching_original_identifier_and_class,not_certified_requires_population_and_entity_scope_audit,different_fiscal_unit_classes_cannot_be_summed,92468573.26,102428411.71,3227.07,3604.86,41120952.00,45660466.00,0.00,0.00,51347621.26,56767945.71
064360006006,06,municipality,"Hochheim am Main, Stadt","Hochheim am Main, Stadt",kreisangehörige Gemeinde,kreisangehörige Gemeinde,06436006,06436006,18731,18454,STATISTIKPORTAL_INTEGRATED_2023_T1,STATISTIKPORTAL_INTEGRATED_2024_T1,matching_original_identifier_and_class,not_certified_requires_population_and_entity_scope_audit,different_fiscal_unit_classes_cannot_be_summed,40735309.47,45957166.51,2174.75,2490.36,25935092.00,31946529.00,0.00,0.00,14800217.47,14010637.51
064360007007,06,municipality,"Hofheim am Taunus, Kreisstadt","Hofheim am Taunus, Kreisstadt",kreisangehörige Gemeinde,kreisangehörige Gemeinde,06436007,06436007,40492,39307,STATISTIKPORTAL_INTEGRATED_2023_T1,STATISTIKPORTAL_INTEGRATED_2024_T1,matching_original_identifier_and_class,not_certified_requires_population_and_entity_scope_audit,different_fiscal_unit_classes_cannot_be_summed,170361356.10,172263798.74,4207.28,4382.52,54488000.00,56063555.00,0.00,0.00,115873356.10,116200243.74
064360008008,06,municipality,"Kelkheim (Taunus), Stadt","Kelkheim (Taunus), Stadt",kreisangehörige Gemeinde,kreisangehörige Gemeinde,06436008,06436008,29097,28199,STATISTIKPORTAL_INTEGRATED_2023_T1,STATISTIKPORTAL_INTEGRATED_2024_T1,matching_original_identifier_and_class,not_certified_requires_population_and_entity_scope_audit,different_fiscal_unit_classes_cannot_be_summed,81066084.67,78349974.09,2786.06,2778.47,51550395.00,49117907.00,0.00,0.00,29515689.67,29232067.09
064360009009,06,municipality,Kriftel,Kriftel,kreisangehörige Gemeinde,kreisangehörige Gemeinde,06436009,06436009,11176,11343,STATISTIKPORTAL_INTEGRATED_2023_T1,STATISTIKPORTAL_INTEGRATED_2024_T1,matching_original_identifier_and_class,not_certified_requires_population_and_entity_scope_audit,different_fiscal_unit_classes_cannot_be_summed,48185504.37,48441570.71,4311.52,4270.61,30139433.00,28541971.00,0.00,0.00,18046071.37,19899599.71
064360010010,06,municipality,Liederbach am Taunus,Liederbach am Taunus,kreisangehörige Gemeinde,kreisangehörige Gemeinde,06436010,06436010,9118,8914,STATISTIKPORTAL_INTEGRATED_2023_T1,STATISTIKPORTAL_INTEGRATED_2024_T1,matching_original_identifier_and_class,not_certified_requires_population_and_entity_scope_audit,different_fiscal_unit_classes_cannot_be_summed,6548450.98,6232750.83,718.19,699.21,5643041.00,5406100.00,0.00,0.00,905409.98,826650.83
064360011011,06,municipality,"Schwalbach am Taunus, Stadt","Schwalbach am Taunus, Stadt",kreisangehörige Gemeinde,kreisangehörige Gemeinde,06436011,06436011,15553,15318,STATISTIKPORTAL_INTEGRATED_2023_T1,STATISTIKPORTAL_INTEGRATED_2024_T1,matching_original_identifier_and_class,not_certified_requires_population_and_entity_scope_audit,different_fiscal_unit_classes_cannot_be_summed,24618233.79,24761748.72,1582.86,1616.51,1351569.00,1291727.00,0.00,0.00,23266664.79,23470021.72
064360012012,06,municipality,Sulzbach (Taunus),Sulzbach (Taunus),kreisangehörige Gemeinde,kreisangehörige Gemeinde,06436012,06436012,9305,8870,STATISTIKPORTAL_INTEGRATED_2023_T1,STATISTIKPORTAL_INTEGRATED_2024_T1,matching_original_identifier_and_class,not_certified_requires_population_and_entity_scope_audit,different_fiscal_unit_classes_cannot_be_summed,6488782.07,5969955.03,697.34,673.05,5701728.00,5251379.00,0.00,0.00,787054.07,718576.03
06437,06,county_administration,"Odenwaldkreis, Kreisverwaltung","Odenwaldkreis, Kreisverwaltung",Landkreis (Haushalt u. Verwaltung),Landkreis (Haushalt u. Verwaltung),,,97521,94121,STATISTIKPORTAL_INTEGRATED_2023_T1,STATISTIKPORTAL_INTEGRATED_2024_T1,matching_original_identifier_and_class,not_certified_requires_population_and_entity_scope_audit,different_fiscal_unit_classes_cannot_be_summed,245585988.25,255069835.56,2518.29,2710.02,35611494.00,47741279.00,3168557.25,2439763.42,206805937.00,204888793.14
064370001001,06,municipality,"Bad König, Stadt","Bad König, Stadt",kreisangehörige Gemeinde,kreisangehörige Gemeinde,06437001,06437001,9926,9484,STATISTIKPORTAL_INTEGRATED_2023_T1,STATISTIKPORTAL_INTEGRATED_2024_T1,matching_original_identifier_and_class,not_certified_requires_population_and_entity_scope_audit,different_fiscal_unit_classes_cannot_be_summed,27259226.64,27233116.74,2746.24,2871.48,24391327.00,24218242.00,16052.22,9816.52,2851847.42,3005058.22
064370003003,06,municipality,Brensbach,Brensbach,kreisangehörige Gemeinde,kreisangehörige Gemeinde,06437003,06437003,5028,4883,STATISTIKPORTAL_INTEGRATED_2023_T1,STATISTIKPORTAL_INTEGRATED_2024_T1,matching_original_identifier_and_class,not_certified_requires_population_and_entity_scope_audit,different_fiscal_unit_classes_cannot_be_summed,8330097.84,10503445.44,1656.74,2151.02,6349563.00,8013090.00,11797.11,9816.52,1968737.73,2480538.92
064370004004,06,municipality,"Breuberg, Stadt","Breuberg, Stadt",kreisangehörige Gemeinde,kreisangehörige Gemeinde,06437004,06437004,7584,7184,STATISTIKPORTAL_INTEGRATED_2023_T1,STATISTIKPORTAL_INTEGRATED_2024_T1,matching_original_identifier_and_class,not_certified_requires_population_and_entity_scope_audit,different_fiscal_unit_classes_cannot_be_summed,10266414.04,11550845.11,1353.69,1607.86,9272238.00,9873877.00,0.00,0.00,994176.04,1676968.11
064370005005,06,municipality,Brombachtal,Brombachtal,kreisangehörige Gemeinde,kreisangehörige Gemeinde,06437005,06437005,3483,3400,STATISTIKPORTAL_INTEGRATED_2023_T1,STATISTIKPORTAL_INTEGRATED_2024_T1,matching_original_identifier_and_class,not_certified_requires_population_and_entity_scope_audit,different_fiscal_unit_classes_cannot_be_summed,2280012.87,3636021.43,654.61,1069.42,798780.00,1701954.00,5898.56,4914.64,1475334.31,1929152.79
064370006006,06,municipality,"Erbach, Kreisstadt","Erbach, Kreisstadt",kreisangehörige Gemeinde,kreisangehörige Gemeinde,06437006,06437006,14056,13944,STATISTIKPORTAL_INTEGRATED_2023_T1,STATISTIKPORTAL_INTEGRATED_2024_T1,matching_original_identifier_and_class,not_certified_requires_population_and_entity_scope_audit,different_fiscal_unit_classes_cannot_be_summed,23253713.07,23864813.32,1654.36,1711.48,12749209.00,11975868.00,1221030.44,1130369.88,9283473.63,10758575.44
064370007007,06,municipality,Fränkisch-Crumbach,Fränkisch-Crumbach,kreisangehörige Gemeinde,kreisangehörige Gemeinde,06437007,06437007,3060,2933,STATISTIKPORTAL_INTEGRATED_2023_T1,STATISTIKPORTAL_INTEGRATED_2024_T1,matching_original_identifier_and_class,not_certified_requires_population_and_entity_scope_audit,different_fiscal_unit_classes_cannot_be_summed,5147903.16,7587782.48,1682.32,2587.04,3904987.00,5854958.00,5898.56,4914.64,1237017.60,1727909.84
064370009009,06,municipality,Höchst i. Odw.,Höchst i. Odw.,kreisangehörige Gemeinde,kreisangehörige Gemeinde,06437009,06437009,10307,9808,STATISTIKPORTAL_INTEGRATED_2023_T1,STATISTIKPORTAL_INTEGRATED_2024_T1,matching_original_identifier_and_class,not_certified_requires_population_and_entity_scope_audit,different_fiscal_unit_classes_cannot_be_summed,8623737.65,11548290.74,836.69,1177.44,7242297.00,9239709.00,5089.57,4914.64,1376351.08,2303667.10
064370010010,06,municipality,Lützelbach,Lützelbach,kreisangehörige Gemeinde,kreisangehörige Gemeinde,06437010,06437010,6820,6776,STATISTIKPORTAL_INTEGRATED_2023_T1,STATISTIKPORTAL_INTEGRATED_2024_T1,matching_original_identifier_and_class,not_certified_requires_population_and_entity_scope_audit,different_fiscal_unit_classes_cannot_be_summed,2609355.63,3114341.87,382.60,459.61,1473864.00,1328853.00,3783.74,4914.64,1131707.89,1780574.23
064370011011,06,municipality,"Michelstadt, Stadt","Michelstadt, Stadt",kreisangehörige Gemeinde,kreisangehörige Gemeinde,06437011,06437011,16113,15504,STATISTIKPORTAL_INTEGRATED_2023_T1,STATISTIKPORTAL_INTEGRATED_2024_T1,matching_original_identifier_and_class,not_certified_requires_population_and_entity_scope_audit,different_fiscal_unit_classes_cannot_be_summed,24010561.52,26516637.82,1490.14,1710.31,4459249.00,5265823.00,3690873.66,7083818.87,15860438.86,14166995.95
064370012012,06,municipality,Mossautal,Mossautal,kreisangehörige Gemeinde,kreisangehörige Gemeinde,06437012,06437012,2454,2465,STATISTIKPORTAL_INTEGRATED_2023_T1,STATISTIKPORTAL_INTEGRATED_2024_T1,matching_original_identifier_and_class,not_certified_requires_population_and_entity_scope_audit,different_fiscal_unit_classes_cannot_be_summed,3941617.00,5575835.53,1606.20,2262.00,3480743.00,4886582.00,4484.43,4914.64,456389.57,684338.89
064370013013,06,municipality,Reichelsheim (Odenwald),Reichelsheim (Odenwald),kreisangehörige Gemeinde,kreisangehörige Gemeinde,06437013,06437013,8504,8268,STATISTIKPORTAL_INTEGRATED_2023_T1,STATISTIKPORTAL_INTEGRATED_2024_T1,matching_original_identifier_and_class,not_certified_requires_population_and_entity_scope_audit,different_fiscal_unit_classes_cannot_be_summed,8853685.29,10569530.16,1041.12,1278.37,5118864.00,6049178.00,15563.86,9816.52,3719257.43,4510535.64
064370016016,06,municipality,"Oberzent, Stadt","Oberzent, Stadt",kreisangehörige Gemeinde,kreisangehörige Gemeinde,06437016,06437016,10186,9472,STATISTIKPORTAL_INTEGRATED_2023_T1,STATISTIKPORTAL_INTEGRATED_2024_T1,matching_original_identifier_and_class,not_certified_requires_population_and_entity_scope_audit,different_fiscal_unit_classes_cannot_be_summed,14008030.39,16860192.22,1375.22,1780.00,10671858.00,12578770.00,30991.83,14731.16,3305180.56,4266691.06
06438,06,county_administration,"Landkreis Offenbach, Kreisverwaltung","Landkreis Offenbach, Kreisverwaltung",Landkreis (Haushalt u. Verwaltung),Landkreis (Haushalt u. Verwaltung),,,362860,357443,STATISTIKPORTAL_INTEGRATED_2023_T1,STATISTIKPORTAL_INTEGRATED_2024_T1,matching_original_identifier_and_class,not_certified_requires_population_and_entity_scope_audit,different_fiscal_unit_classes_cannot_be_summed,387099817.80,420249254.39,1066.80,1175.71,352136972.00,388126690.00,0.00,0.61,34962845.80,32122563.78
064380001001,06,municipality,"Dietzenbach, Kreisstadt","Dietzenbach, Kreisstadt",kreisangehörige Gemeinde,kreisangehörige Gemeinde,06438001,06438001,35040,35567,STATISTIKPORTAL_INTEGRATED_2023_T1,STATISTIKPORTAL_INTEGRATED_2024_T1,matching_original_identifier_and_class,not_certified_requires_population_and_entity_scope_audit,different_fiscal_unit_classes_cannot_be_summed,125826878.04,126363183.94,3590.95,3552.82,69547854.00,70755125.00,0.00,0.61,56279024.04,55608058.33
064380002002,06,municipality,"Dreieich, Stadt","Dreieich, Stadt",kreisangehörige Gemeinde,kreisangehörige Gemeinde,06438002,06438002,42250,41816,STATISTIKPORTAL_INTEGRATED_2023_T1,STATISTIKPORTAL_INTEGRATED_2024_T1,matching_original_identifier_and_class,not_certified_requires_population_and_entity_scope_audit,different_fiscal_unit_classes_cannot_be_summed,120416543.70,115333023.18,2850.10,2758.11,59453857.00,52551327.00,1983139.00,1658927.61,58979547.70,61122768.57
064380003003,06,municipality,Egelsbach,Egelsbach,kreisangehörige Gemeinde,kreisangehörige Gemeinde,06438003,06438003,11499,10958,STATISTIKPORTAL_INTEGRATED_2023_T1,STATISTIKPORTAL_INTEGRATED_2024_T1,matching_original_identifier_and_class,not_certified_requires_population_and_entity_scope_audit,different_fiscal_unit_classes_cannot_be_summed,24715062.91,24418583.45,2149.32,2228.38,9217177.00,8630231.00,0.00,0.37,15497885.91,15788352.08
064380004004,06,municipality,Hainburg,Hainburg,kreisangehörige Gemeinde,kreisangehörige Gemeinde,06438004,06438004,14386,14440,STATISTIKPORTAL_INTEGRATED_2023_T1,STATISTIKPORTAL_INTEGRATED_2024_T1,matching_original_identifier_and_class,not_certified_requires_population_and_entity_scope_audit,different_fiscal_unit_classes_cannot_be_summed,16763483.82,16782671.51,1165.26,1162.23,1282884.00,1172168.00,0.00,0.37,15480599.82,15610503.14
064380005005,06,municipality,"Heusenstamm, Stadt","Heusenstamm, Stadt",kreisangehörige Gemeinde,kreisangehörige Gemeinde,06438005,06438005,19444,19146,STATISTIKPORTAL_INTEGRATED_2023_T1,STATISTIKPORTAL_INTEGRATED_2024_T1,matching_original_identifier_and_class,not_certified_requires_population_and_entity_scope_audit,different_fiscal_unit_classes_cannot_be_summed,43607990.15,47427552.11,2242.75,2477.15,32990684.00,36444310.00,0.00,0.48,10617306.15,10983241.63
064380006006,06,municipality,"Langen (Hessen), Stadt","Langen (Hessen), Stadt",kreisangehörige Gemeinde,kreisangehörige Gemeinde,06438006,06438006,39518,38671,STATISTIKPORTAL_INTEGRATED_2023_T1,STATISTIKPORTAL_INTEGRATED_2024_T1,matching_original_identifier_and_class,not_certified_requires_population_and_entity_scope_audit,different_fiscal_unit_classes_cannot_be_summed,93594529.37,102265642.77,2368.40,2644.50,28540638.00,33735640.00,766239.00,451964.61,64287652.37,68078038.16
064380007007,06,municipality,Mainhausen,Mainhausen,kreisangehörige Gemeinde,kreisangehörige Gemeinde,06438007,06438007,9802,9499,STATISTIKPORTAL_INTEGRATED_2023_T1,STATISTIKPORTAL_INTEGRATED_2024_T1,matching_original_identifier_and_class,not_certified_requires_population_and_entity_scope_audit,different_fiscal_unit_classes_cannot_be_summed,12327738.47,15924827.30,1257.68,1676.47,5685848.00,9465341.00,0.00,0.24,6641890.47,6459486.06
064380008008,06,municipality,"Mühlheim am Main, Stadt","Mühlheim am Main, Stadt",kreisangehörige Gemeinde,kreisangehörige Gemeinde,06438008,06438008,29302,29105,STATISTIKPORTAL_INTEGRATED_2023_T1,STATISTIKPORTAL_INTEGRATED_2024_T1,matching_original_identifier_and_class,not_certified_requires_population_and_entity_scope_audit,different_fiscal_unit_classes_cannot_be_summed,127684392.39,123638162.82,4357.53,4248.00,55514037.00,53683543.00,0.00,0.61,72170355.39,69954619.21
064380009009,06,municipality,"Neu-Isenburg, Stadt","Neu-Isenburg, Hugenotten- und Waldenserstadt",kreisangehörige Gemeinde,kreisangehörige Gemeinde,06438009,06438009,39356,37879,STATISTIKPORTAL_INTEGRATED_2023_T1,STATISTIKPORTAL_INTEGRATED_2024_T1,legal_name_or_form_changed_review,not_certified_requires_population_and_entity_scope_audit,different_fiscal_unit_classes_cannot_be_summed,235787551.78,274568447.33,5991.15,7248.57,36493044.00,42417256.00,0.00,0.61,199294507.78,232151190.72
064380010010,06,municipality,"Obertshausen, Stadt","Obertshausen, Stadt",kreisangehörige Gemeinde,kreisangehörige Gemeinde,06438010,06438010,25402,25288,STATISTIKPORTAL_INTEGRATED_2023_T1,STATISTIKPORTAL_INTEGRATED_2024_T1,matching_original_identifier_and_class,not_certified_requires_population_and_entity_scope_audit,different_fiscal_unit_classes_cannot_be_summed,73194803.19,76580945.35,2881.46,3028.35,42715838.00,45821748.00,7558785.00,6929143.61,22920180.19,23830053.74
064380011011,06,municipality,"Rodgau, Stadt","Rodgau, Stadt",kreisangehörige Gemeinde,kreisangehörige Gemeinde,06438011,06438011,46497,45070,STATISTIKPORTAL_INTEGRATED_2023_T1,STATISTIKPORTAL_INTEGRATED_2024_T1,matching_original_identifier_and_class,not_certified_requires_population_and_entity_scope_audit,different_fiscal_unit_classes_cannot_be_summed,120088553.32,129120588.35,2582.72,2864.89,61216215.00,68151961.00,0.00,0.90,58872338.32,60968626.45
064380012012,06,municipality,"Rödermark, Stadt","Rödermark, Stadt",kreisangehörige Gemeinde,kreisangehörige Gemeinde,06438012,06438012,28740,28716,STATISTIKPORTAL_INTEGRATED_2023_T1,STATISTIKPORTAL_INTEGRATED_2024_T1,matching_original_identifier_and_class,not_certified_requires_population_and_entity_scope_audit,different_fiscal_unit_classes_cannot_be_summed,31511986.31,36952216.91,1096.45,1286.82,18706226.00,24288034.00,0.00,0.29,12805760.31,12664182.62
064380013013,06,municipality,"Seligenstadt, Einhardstadt","Seligenstadt, Einhardstadt",kreisangehörige Gemeinde,kreisangehörige Gemeinde,06438013,06438013,21624,21288,STATISTIKPORTAL_INTEGRATED_2023_T1,STATISTIKPORTAL_INTEGRATED_2024_T1,matching_original_identifier_and_class,not_certified_requires_population_and_entity_scope_audit,different_fiscal_unit_classes_cannot_be_summed,19104557.55,20548204.91,883.49,965.25,1655166.00,1569223.00,0.00,0.61,17449391.55,18978981.30
06439,06,county_administration,"Rheingau-Taunus-Kreis, Kreisverwaltung","Rheingau-Taunus-Kreis, Kreisverwaltung",Landkreis (Haushalt u. Verwaltung),Landkreis (Haushalt u. Verwaltung),,,190134,185766,STATISTIKPORTAL_INTEGRATED_2023_T1,STATISTIKPORTAL_INTEGRATED_2024_T1,matching_original_identifier_and_class,not_certified_requires_population_and_entity_scope_audit,different_fiscal_unit_classes_cannot_be_summed,241765626.64,265817501.46,1271.55,1430.93,105702201.00,129385589.00,17963960.00,14229936.40,118099465.64,122201976.06
064390001001,06,municipality,Aarbergen,Aarbergen,kreisangehörige Gemeinde,kreisangehörige Gemeinde,06439001,06439001,6380,6198,STATISTIKPORTAL_INTEGRATED_2023_T1,STATISTIKPORTAL_INTEGRATED_2024_T1,matching_original_identifier_and_class,not_certified_requires_population_and_entity_scope_audit,different_fiscal_unit_classes_cannot_be_summed,20214797.16,18924231.73,3168.46,3053.28,19663699.00,18348287.00,0.00,0.00,551098.16,575944.73
064390002002,06,municipality,"Bad Schwalbach, Kreisstadt","Bad Schwalbach, Kreisstadt",kreisangehörige Gemeinde,kreisangehörige Gemeinde,06439002,06439002,11553,11499,STATISTIKPORTAL_INTEGRATED_2023_T1,STATISTIKPORTAL_INTEGRATED_2024_T1,matching_original_identifier_and_class,not_certified_requires_population_and_entity_scope_audit,different_fiscal_unit_classes_cannot_be_summed,39459299.20,42941974.25,3415.50,3734.41,25803906.00,27116589.00,0.00,0.00,13655393.20,15825385.25
064390003003,06,municipality,"Eltville am Rhein, Stadt","Eltville am Rhein, Stadt",kreisangehörige Gemeinde,kreisangehörige Gemeinde,06439003,06439003,17058,16981,STATISTIKPORTAL_INTEGRATED_2023_T1,STATISTIKPORTAL_INTEGRATED_2024_T1,matching_original_identifier_and_class,not_certified_requires_population_and_entity_scope_audit,different_fiscal_unit_classes_cannot_be_summed,24752175.96,27613248.54,1451.06,1626.13,10597212.00,12332700.00,1419983.00,1771164.00,12734980.96,13509384.54
064390004004,06,municipality,"Geisenheim, Hochschulstadt","Geisenheim, Hochschulstadt",kreisangehörige Gemeinde,kreisangehörige Gemeinde,06439004,06439004,11733,11376,STATISTIKPORTAL_INTEGRATED_2023_T1,STATISTIKPORTAL_INTEGRATED_2024_T1,matching_original_identifier_and_class,not_certified_requires_population_and_entity_scope_audit,different_fiscal_unit_classes_cannot_be_summed,31001369.98,33509134.20,2642.24,2945.60,5480749.00,5084948.00,0.00,0.00,25520620.98,28424186.20
064390005005,06,municipality,Heidenrod,Heidenrod,kreisangehörige Gemeinde,kreisangehörige Gemeinde,06439005,06439005,7922,7477,STATISTIKPORTAL_INTEGRATED_2023_T1,STATISTIKPORTAL_INTEGRATED_2024_T1,matching_original_identifier_and_class,not_certified_requires_population_and_entity_scope_audit,different_fiscal_unit_classes_cannot_be_summed,15144287.13,13983571.34,1911.67,1870.21,14568064.00,13393195.00,0.00,0.00,576223.13,590376.34
064390006006,06,municipality,Hohenstein,Hohenstein,kreisangehörige Gemeinde,kreisangehörige Gemeinde,06439006,06439006,6269,5862,STATISTIKPORTAL_INTEGRATED_2023_T1,STATISTIKPORTAL_INTEGRATED_2024_T1,matching_original_identifier_and_class,not_certified_requires_population_and_entity_scope_audit,different_fiscal_unit_classes_cannot_be_summed,9482484.44,8955422.72,1512.60,1527.71,8835766.00,8290671.00,0.00,0.00,646718.44,664751.72
064390007007,06,municipality,Hünstetten,Hünstetten,kreisangehörige Gemeinde,kreisangehörige Gemeinde,06439007,06439007,10449,10377,STATISTIKPORTAL_INTEGRATED_2023_T1,STATISTIKPORTAL_INTEGRATED_2024_T1,matching_original_identifier_and_class,not_certified_requires_population_and_entity_scope_audit,different_fiscal_unit_classes_cannot_be_summed,36099722.82,39008350.09,3454.85,3759.12,10916182.00,14520032.00,0.00,0.00,25183540.82,24488318.09
064390008008,06,municipality,"Idstein, Hochschulstadt","Idstein, Hochschulstadt",kreisangehörige Gemeinde,kreisangehörige Gemeinde,06439008,06439008,25656,25694,STATISTIKPORTAL_INTEGRATED_2023_T1,STATISTIKPORTAL_INTEGRATED_2024_T1,matching_original_identifier_and_class,not_certified_requires_population_and_entity_scope_audit,different_fiscal_unit_classes_cannot_be_summed,77701205.62,83052718.40,3028.58,3232.38,28406475.00,25824808.00,5783.30,4689.60,49288947.32,57223220.80
064390009009,06,municipality,Kiedrich,Kiedrich,kreisangehörige Gemeinde,kreisangehörige Gemeinde,06439009,06439009,4133,3867,STATISTIKPORTAL_INTEGRATED_2023_T1,STATISTIKPORTAL_INTEGRATED_2024_T1,matching_original_identifier_and_class,not_certified_requires_population_and_entity_scope_audit,different_fiscal_unit_classes_cannot_be_summed,4495324.23,4423625.60,1087.67,1143.94,2717078.00,2457879.00,0.00,0.00,1778246.23,1965746.60
064390010010,06,municipality,"Lorch, Stadt","Lorch, Stadt",kreisangehörige Gemeinde,kreisangehörige Gemeinde,06439010,06439010,3999,3891,STATISTIKPORTAL_INTEGRATED_2023_T1,STATISTIKPORTAL_INTEGRATED_2024_T1,matching_original_identifier_and_class,not_certified_requires_population_and_entity_scope_audit,different_fiscal_unit_classes_cannot_be_summed,11661052.35,13819688.82,2915.99,3551.71,6553147.00,7039358.00,5733.76,30920.88,5102171.59,6749409.94
064390011011,06,municipality,Niedernhausen,Niedernhausen,kreisangehörige Gemeinde,kreisangehörige Gemeinde,06439011,06439011,14854,14382,STATISTIKPORTAL_INTEGRATED_2023_T1,STATISTIKPORTAL_INTEGRATED_2024_T1,matching_original_identifier_and_class,not_certified_requires_population_and_entity_scope_audit,different_fiscal_unit_classes_cannot_be_summed,17692694.15,19220895.41,1191.11,1336.45,8159622.00,10344374.00,0.00,0.00,9533072.15,8876521.41
064390012012,06,municipality,"Oestrich-Winkel, Stadt","Oestrich-Winkel, Stadt",kreisangehörige Gemeinde,kreisangehörige Gemeinde,06439012,06439012,11790,11445,STATISTIKPORTAL_INTEGRATED_2023_T1,STATISTIKPORTAL_INTEGRATED_2024_T1,matching_original_identifier_and_class,not_certified_requires_population_and_entity_scope_audit,different_fiscal_unit_classes_cannot_be_summed,30348161.99,31392493.63,2574.06,2742.90,9990347.00,9768134.00,601493.00,468797.00,19756321.99,21155562.63
064390013013,06,municipality,"Rüdesheim am Rhein, Stadt","Rüdesheim am Rhein, Stadt",kreisangehörige Gemeinde,kreisangehörige Gemeinde,06439013,06439013,10187,9887,STATISTIKPORTAL_INTEGRATED_2023_T1,STATISTIKPORTAL_INTEGRATED_2024_T1,matching_original_identifier_and_class,not_certified_requires_population_and_entity_scope_audit,different_fiscal_unit_classes_cannot_be_summed,19626188.60,20655124.20,1926.59,2089.12,6065069.00,5705681.00,6170746.02,5973900.84,7390373.58,8975542.36
064390014014,06,municipality,Schlangenbad,Schlangenbad,kreisangehörige Gemeinde,kreisangehörige Gemeinde,06439014,06439014,6482,5962,STATISTIKPORTAL_INTEGRATED_2023_T1,STATISTIKPORTAL_INTEGRATED_2024_T1,matching_original_identifier_and_class,not_certified_requires_population_and_entity_scope_audit,different_fiscal_unit_classes_cannot_be_summed,22562917.80,24450644.48,3480.86,4101.08,16301190.00,17849502.00,0.00,0.00,6261727.80,6601142.48
064390015015,06,municipality,"Taunusstein, Stadt","Taunusstein, Stadt",kreisangehörige Gemeinde,kreisangehörige Gemeinde,06439015,06439015,30906,30219,STATISTIKPORTAL_INTEGRATED_2023_T1,STATISTIKPORTAL_INTEGRATED_2024_T1,matching_original_identifier_and_class,not_certified_requires_population_and_entity_scope_audit,different_fiscal_unit_classes_cannot_be_summed,90744931.53,103360091.66,2936.16,3420.37,37484698.00,41481764.00,5000000.00,5000000.00,48260233.53,56878327.66
064390016016,06,municipality,Waldems,Waldems,kreisangehörige Gemeinde,kreisangehörige Gemeinde,06439016,06439016,5206,5288,STATISTIKPORTAL_INTEGRATED_2023_T1,STATISTIKPORTAL_INTEGRATED_2024_T1,matching_original_identifier_and_class,not_certified_requires_population_and_entity_scope_audit,different_fiscal_unit_classes_cannot_be_summed,14558410.20,14123421.36,2796.47,2670.84,12599461.00,11860553.00,10988.27,8910.24,1947960.93,2253958.12
064390017017,06,municipality,Walluf,Walluf,kreisangehörige Gemeinde,kreisangehörige Gemeinde,06439017,06439017,5557,5361,STATISTIKPORTAL_INTEGRATED_2023_T1,STATISTIKPORTAL_INTEGRATED_2024_T1,matching_original_identifier_and_class,not_certified_requires_population_and_entity_scope_audit,different_fiscal_unit_classes_cannot_be_summed,19837591.99,19155346.54,3569.84,3573.09,14075135.00,13071322.00,0.00,0.00,5762456.99,6084024.54
06440,06,county_administration,"Wetteraukreis, Kreisverwaltung","Wetteraukreis, Kreisverwaltung",Landkreis (Haushalt u. Verwaltung),Landkreis (Haushalt u. Verwaltung),,,318906,310801,STATISTIKPORTAL_INTEGRATED_2023_T1,STATISTIKPORTAL_INTEGRATED_2024_T1,matching_original_identifier_and_class,not_certified_requires_population_and_entity_scope_audit,different_fiscal_unit_classes_cannot_be_summed,260461184.42,311648225.61,816.73,1002.73,139438465.00,182240053.00,392733.47,364064.71,120629985.95,129044107.90
064400001001,06,municipality,Altenstadt,Altenstadt,kreisangehörige Gemeinde,kreisangehörige Gemeinde,06440001,06440001,12692,12742,STATISTIKPORTAL_INTEGRATED_2023_T1,STATISTIKPORTAL_INTEGRATED_2024_T1,matching_original_identifier_and_class,not_certified_requires_population_and_entity_scope_audit,different_fiscal_unit_classes_cannot_be_summed,2396981.10,1944562.91,188.86,152.61,870145.00,808727.00,192650.82,197662.53,1334185.28,938173.38
064400002002,06,municipality,"Bad Nauheim, Stadt","Bad Nauheim, Stadt",kreisangehörige Gemeinde,kreisangehörige Gemeinde,06440002,06440002,33723,32784,STATISTIKPORTAL_INTEGRATED_2023_T1,STATISTIKPORTAL_INTEGRATED_2024_T1,matching_original_identifier_and_class,not_certified_requires_population_and_entity_scope_audit,different_fiscal_unit_classes_cannot_be_summed,191078270.02,197604707.72,5666.11,6027.47,73515627.00,83696702.00,757475.30,629351.11,116805167.72,113278654.61
064400003003,06,municipality,"Bad Vilbel, Stadt","Bad Vilbel, Stadt",kreisangehörige Gemeinde,kreisangehörige Gemeinde,06440003,06440003,35857,35848,STATISTIKPORTAL_INTEGRATED_2023_T1,STATISTIKPORTAL_INTEGRATED_2024_T1,matching_original_identifier_and_class,not_certified_requires_population_and_entity_scope_audit,different_fiscal_unit_classes_cannot_be_summed,162874435.26,160321467.58,4542.33,4472.26,32668127.00,30498361.00,392733.47,364061.05,129813574.79,129459045.53
064400004004,06,municipality,"Büdingen, Stadt","Büdingen, Stadt",kreisangehörige Gemeinde,kreisangehörige Gemeinde,06440004,06440004,22858,22278,STATISTIKPORTAL_INTEGRATED_2023_T1,STATISTIKPORTAL_INTEGRATED_2024_T1,matching_original_identifier_and_class,not_certified_requires_population_and_entity_scope_audit,different_fiscal_unit_classes_cannot_be_summed,43235282.22,40801088.92,1891.47,1831.45,16611988.00,15390668.00,249628.14,275499.37,26373666.08,25134921.55
064400005005,06,municipality,"Butzbach, Friedrich-Ludwig-Weidig-Stadt","Butzbach, Friedrich-Ludwig-Weidig-Stadt",kreisangehörige Gemeinde,kreisangehörige Gemeinde,06440005,06440005,27499,26885,STATISTIKPORTAL_INTEGRATED_2023_T1,STATISTIKPORTAL_INTEGRATED_2024_T1,matching_original_identifier_and_class,not_certified_requires_population_and_entity_scope_audit,different_fiscal_unit_classes_cannot_be_summed,134470598.49,140550635.01,4890.02,5227.85,60649899.00,65814882.00,226354.59,201444.08,73594344.90,74534308.93
064400006006,06,municipality,Echzell,Echzell,kreisangehörige Gemeinde,kreisangehörige Gemeinde,06440006,06440006,5845,5471,STATISTIKPORTAL_INTEGRATED_2023_T1,STATISTIKPORTAL_INTEGRATED_2024_T1,matching_original_identifier_and_class,not_certified_requires_population_and_entity_scope_audit,different_fiscal_unit_classes_cannot_be_summed,2885556.41,4375834.47,493.68,799.82,2719470.00,4232583.00,0.00,0.00,166086.41,143251.47
064400007007,06,municipality,"Florstadt, Stadt","Florstadt, Stadt",kreisangehörige Gemeinde,kreisangehörige Gemeinde,06440007,06440007,8918,9052,STATISTIKPORTAL_INTEGRATED_2023_T1,STATISTIKPORTAL_INTEGRATED_2024_T1,matching_original_identifier_and_class,not_certified_requires_population_and_entity_scope_audit,different_fiscal_unit_classes_cannot_be_summed,16557667.99,19407384.65,1856.66,2143.99,16140586.00,19045006.00,225407.09,200994.30,191674.90,161384.35
064400008008,06,municipality,"Friedberg (Hessen), Kreisstadt","Friedberg (Hessen), Kreisstadt",kreisangehörige Gemeinde,kreisangehörige Gemeinde,06440008,06440008,31389,29741,STATISTIKPORTAL_INTEGRATED_2023_T1,STATISTIKPORTAL_INTEGRATED_2024_T1,matching_original_identifier_and_class,not_certified_requires_population_and_entity_scope_audit,different_fiscal_unit_classes_cannot_be_summed,32351606.80,31225546.63,1030.67,1049.92,13309847.00,12190990.00,742480.09,622232.80,18299279.71,18412323.83
064400009009,06,municipality,"Gedern, Stadt","Gedern, Stadt",kreisangehörige Gemeinde,kreisangehörige Gemeinde,06440009,06440009,7290,6743,STATISTIKPORTAL_INTEGRATED_2023_T1,STATISTIKPORTAL_INTEGRATED_2024_T1,matching_original_identifier_and_class,not_certified_requires_population_and_entity_scope_audit,different_fiscal_unit_classes_cannot_be_summed,22080941.47,23593508.84,3028.94,3498.96,9824612.00,11096081.00,217969.89,232250.96,12038359.58,12265176.88
064400010010,06,municipality,Glauburg,Glauburg,kreisangehörige Gemeinde,kreisangehörige Gemeinde,06440010,06440010,3047,3031,STATISTIKPORTAL_INTEGRATED_2023_T1,STATISTIKPORTAL_INTEGRATED_2024_T1,matching_original_identifier_and_class,not_certified_requires_population_and_entity_scope_audit,different_fiscal_unit_classes_cannot_be_summed,10246942.92,10180445.36,3362.96,3358.77,9809452.00,9780565.00,179988.60,180364.64,257502.32,219515.72
064400011011,06,municipality,Hirzenhain,Hirzenhain,kreisangehörige Gemeinde,kreisangehörige Gemeinde,06440011,06440011,2956,2800,STATISTIKPORTAL_INTEGRATED_2023_T1,STATISTIKPORTAL_INTEGRATED_2024_T1,matching_original_identifier_and_class,not_certified_requires_population_and_entity_scope_audit,different_fiscal_unit_classes_cannot_be_summed,1311177.90,1151719.48,443.56,411.33,1131183.00,971340.00,179988.60,180364.64,6.30,14.84
064400012012,06,municipality,"Karben, Stadt","Karben, Stadt",kreisangehörige Gemeinde,kreisangehörige Gemeinde,06440012,06440012,23214,22562,STATISTIKPORTAL_INTEGRATED_2023_T1,STATISTIKPORTAL_INTEGRATED_2024_T1,matching_original_identifier_and_class,not_certified_requires_population_and_entity_scope_audit,different_fiscal_unit_classes_cannot_be_summed,40836527.00,37857568.03,1759.13,1677.93,7776769.00,7311622.00,13260431.47,15303147.05,19799326.53,15242798.98
064400013013,06,municipality,Kefenrod,Kefenrod,kreisangehörige Gemeinde,kreisangehörige Gemeinde,06440013,06440013,2758,2635,STATISTIKPORTAL_INTEGRATED_2023_T1,STATISTIKPORTAL_INTEGRATED_2024_T1,matching_original_identifier_and_class,not_certified_requires_population_and_entity_scope_audit,different_fiscal_unit_classes_cannot_be_summed,10401011.08,11466824.20,3771.22,4351.74,10208353.00,11269143.00,192650.82,197662.53,7.26,18.67
064400014014,06,municipality,Limeshain,Limeshain,kreisangehörige Gemeinde,kreisangehörige Gemeinde,06440014,06440014,5888,5595,STATISTIKPORTAL_INTEGRATED_2023_T1,STATISTIKPORTAL_INTEGRATED_2024_T1,matching_original_identifier_and_class,not_certified_requires_population_and_entity_scope_audit,different_fiscal_unit_classes_cannot_be_summed,3233919.19,3285910.83,549.24,587.29,2107639.00,1980338.00,179988.60,180364.64,946291.59,1125208.19
064400015015,06,municipality,"Münzenberg, Stadt","Münzenberg, Stadt",kreisangehörige Gemeinde,kreisangehörige Gemeinde,06440015,06440015,5848,5686,STATISTIKPORTAL_INTEGRATED_2023_T1,STATISTIKPORTAL_INTEGRATED_2024_T1,matching_original_identifier_and_class,not_certified_requires_population_and_entity_scope_audit,different_fiscal_unit_classes_cannot_be_summed,798436.71,734111.03,136.53,129.11,406809.00,381979.00,227425.68,201952.53,164202.03,150179.50
064400016016,06,municipality,"Nidda, Stadt","Nidda, Stadt",kreisangehörige Gemeinde,kreisangehörige Gemeinde,06440016,06440016,17708,17179,STATISTIKPORTAL_INTEGRATED_2023_T1,STATISTIKPORTAL_INTEGRATED_2024_T1,matching_original_identifier_and_class,not_certified_requires_population_and_entity_scope_audit,different_fiscal_unit_classes_cannot_be_summed,13350018.24,12474254.98,753.90,726.13,12020726.00,11168716.00,305441.81,308403.17,1023850.43,997135.81
064400017017,06,municipality,"Niddatal, Stadt","Niddatal, Stadt",kreisangehörige Gemeinde,kreisangehörige Gemeinde,06440017,06440017,10068,9919,STATISTIKPORTAL_INTEGRATED_2023_T1,STATISTIKPORTAL_INTEGRATED_2024_T1,matching_original_identifier_and_class,not_certified_requires_population_and_entity_scope_audit,different_fiscal_unit_classes_cannot_be_summed,10507673.84,11903007.98,1043.67,1200.02,7214514.00,7245575.00,225407.09,200994.30,3067752.75,4456438.68
064400018018,06,municipality,Ober-Mörlen,Ober-Mörlen,kreisangehörige Gemeinde,kreisangehörige Gemeinde,06440018,06440018,5864,5701,STATISTIKPORTAL_INTEGRATED_2023_T1,STATISTIKPORTAL_INTEGRATED_2024_T1,matching_original_identifier_and_class,not_certified_requires_population_and_entity_scope_audit,different_fiscal_unit_classes_cannot_be_summed,747493.03,702657.50,127.47,123.25,747478.00,702626.00,0.00,0.00,15.03,31.50
064400019019,06,municipality,"Ortenberg, Stadt","Ortenberg, Stadt",kreisangehörige Gemeinde,kreisangehörige Gemeinde,06440019,06440019,8966,8482,STATISTIKPORTAL_INTEGRATED_2023_T1,STATISTIKPORTAL_INTEGRATED_2024_T1,matching_original_identifier_and_class,not_certified_requires_population_and_entity_scope_audit,different_fiscal_unit_classes_cannot_be_summed,24277737.11,24811409.00,2707.76,2925.18,24072414.00,24596426.00,205313.05,214960.42,10.06,22.58
064400020020,06,municipality,Ranstadt,Ranstadt,kreisangehörige Gemeinde,kreisangehörige Gemeinde,06440020,06440020,5336,5358,STATISTIKPORTAL_INTEGRATED_2023_T1,STATISTIKPORTAL_INTEGRATED_2024_T1,matching_original_identifier_and_class,not_certified_requires_population_and_entity_scope_audit,different_fiscal_unit_classes_cannot_be_summed,11275484.81,12012444.24,2113.10,2241.96,11024735.00,11776815.00,250731.53,235590.08,18.28,39.16
064400021021,06,municipality,"Reichelsheim (Wetterau), Stadt","Reichelsheim (Wetterau), Stadt",kreisangehörige Gemeinde,kreisangehörige Gemeinde,06440021,06440021,6985,6909,STATISTIKPORTAL_INTEGRATED_2023_T1,STATISTIKPORTAL_INTEGRATED_2024_T1,matching_original_identifier_and_class,not_certified_requires_population_and_entity_scope_audit,different_fiscal_unit_classes_cannot_be_summed,7479599.57,12025462.49,1070.81,1740.55,7297916.00,11869076.00,0.00,0.00,181683.57,156386.49
064400022022,06,municipality,Rockenberg,Rockenberg,kreisangehörige Gemeinde,kreisangehörige Gemeinde,06440022,06440022,4522,4207,STATISTIKPORTAL_INTEGRATED_2023_T1,STATISTIKPORTAL_INTEGRATED_2024_T1,matching_original_identifier_and_class,not_certified_requires_population_and_entity_scope_audit,different_fiscal_unit_classes_cannot_be_summed,8147736.19,12794265.85,1801.80,3041.19,7922320.00,12593254.00,225407.09,200994.30,9.10,17.55
064400023023,06,municipality,"Rosbach v. d. Höhe, Stadt","Rosbach v. d. Höhe, Stadt",kreisangehörige Gemeinde,kreisangehörige Gemeinde,06440023,06440023,13133,13103,STATISTIKPORTAL_INTEGRATED_2023_T1,STATISTIKPORTAL_INTEGRATED_2024_T1,matching_original_identifier_and_class,not_certified_requires_population_and_entity_scope_audit,different_fiscal_unit_classes_cannot_be_summed,30181285.50,27163771.04,2298.13,2073.10,19463720.00,17305091.00,0.00,0.00,10717565.50,9858680.04
064400024024,06,municipality,Wölfersheim,Wölfersheim,kreisangehörige Gemeinde,kreisangehörige Gemeinde,06440024,06440024,9756,9460,STATISTIKPORTAL_INTEGRATED_2023_T1,STATISTIKPORTAL_INTEGRATED_2024_T1,matching_original_identifier_and_class,not_certified_requires_population_and_entity_scope_audit,different_fiscal_unit_classes_cannot_be_summed,6969172.78,6324050.62,714.35,668.50,5083821.00,4695375.00,0.00,0.00,1885351.78,1628675.62
064400025025,06,municipality,Wöllstadt,Wöllstadt,kreisangehörige Gemeinde,kreisangehörige Gemeinde,06440025,06440025,6786,6630,STATISTIKPORTAL_INTEGRATED_2023_T1,STATISTIKPORTAL_INTEGRATED_2024_T1,matching_original_identifier_and_class,not_certified_requires_population_and_entity_scope_audit,different_fiscal_unit_classes_cannot_be_summed,4921458.34,7734298.05,725.24,1166.56,4696034.00,7533267.00,225407.09,200994.30,17.25,36.75
06531,06,county_administration,"Landkreis Gießen, Kreisverwaltung","Landkreis Gießen, Kreisverwaltung",Landkreis (Haushalt u. Verwaltung),Landkreis (Haushalt u. Verwaltung),,,279102,267898,STATISTIKPORTAL_INTEGRATED_2023_T1,STATISTIKPORTAL_INTEGRATED_2024_T1,matching_original_identifier_and_class,not_certified_requires_population_and_entity_scope_audit,different_fiscal_unit_classes_cannot_be_summed,164910083.71,192605354.23,590.86,718.95,139518080.00,166896954.00,591480.07,534441.59,24800523.64,25173958.64
065310001001,06,municipality,"Allendorf (Lumda), Stadt","Allendorf (Lumda), Stadt",kreisangehörige Gemeinde,kreisangehörige Gemeinde,06531001,06531001,4091,3791,STATISTIKPORTAL_INTEGRATED_2023_T1,STATISTIKPORTAL_INTEGRATED_2024_T1,matching_original_identifier_and_class,not_certified_requires_population_and_entity_scope_audit,different_fiscal_unit_classes_cannot_be_summed,6704135.61,6709634.98,1638.75,1769.89,4660645.00,4652520.00,463616.65,433925.07,1579873.96,1623189.91
065310002002,06,municipality,Biebertal,Biebertal,kreisangehörige Gemeinde,kreisangehörige Gemeinde,06531002,06531002,10069,9878,STATISTIKPORTAL_INTEGRATED_2023_T1,STATISTIKPORTAL_INTEGRATED_2024_T1,matching_original_identifier_and_class,not_certified_requires_population_and_entity_scope_audit,different_fiscal_unit_classes_cannot_be_summed,38518150.40,52296151.58,3825.42,5294.20,23480824.00,32827014.00,13458.30,12259.02,15023868.10,19456878.56
065310003003,06,municipality,Buseck,Buseck,kreisangehörige Gemeinde,kreisangehörige Gemeinde,06531003,06531003,13251,12543,STATISTIKPORTAL_INTEGRATED_2023_T1,STATISTIKPORTAL_INTEGRATED_2024_T1,matching_original_identifier_and_class,not_certified_requires_population_and_entity_scope_audit,different_fiscal_unit_classes_cannot_be_summed,22099138.13,23255694.91,1667.73,1854.08,11818356.00,11287822.00,13458.30,12259.25,10267323.83,11955613.66
065310004004,06,municipality,Fernwald,Fernwald,kreisangehörige Gemeinde,kreisangehörige Gemeinde,06531004,06531004,7168,7068,STATISTIKPORTAL_INTEGRATED_2023_T1,STATISTIKPORTAL_INTEGRATED_2024_T1,matching_original_identifier_and_class,not_certified_requires_population_and_entity_scope_audit,different_fiscal_unit_classes_cannot_be_summed,19515128.06,21374306.24,2722.53,3024.10,15890310.00,17555532.00,38458.30,33259.06,3586359.76,3785515.18
065310005005,06,municipality,"Gießen, Universitätsstadt","Gießen, Universitätsstadt",kreisangehörige Gemeinde,kreisangehörige Gemeinde,06531005,06531005,94330,88764,STATISTIKPORTAL_INTEGRATED_2023_T1,STATISTIKPORTAL_INTEGRATED_2024_T1,matching_original_identifier_and_class,not_certified_requires_population_and_entity_scope_audit,different_fiscal_unit_classes_cannot_be_summed,330915970.36,345610248.56,3508.07,3893.59,137492621.00,148427713.00,167236.67,151320.38,193256112.69,197031215.18
065310006006,06,municipality,"Grünberg, Stadt","Grünberg, Stadt",kreisangehörige Gemeinde,kreisangehörige Gemeinde,06531006,06531006,13928,13615,STATISTIKPORTAL_INTEGRATED_2023_T1,STATISTIKPORTAL_INTEGRATED_2024_T1,matching_original_identifier_and_class,not_certified_requires_population_and_entity_scope_audit,different_fiscal_unit_classes_cannot_be_summed,63823806.88,69732748.58,4582.41,5121.76,11497465.00,15241344.00,2546146.51,2801998.73,49780195.37,51689405.85
065310007007,06,municipality,Heuchelheim a. d. Lahn,Heuchelheim a. d. Lahn,kreisangehörige Gemeinde,kreisangehörige Gemeinde,06531007,06531007,8071,7797,STATISTIKPORTAL_INTEGRATED_2023_T1,STATISTIKPORTAL_INTEGRATED_2024_T1,matching_original_identifier_and_class,not_certified_requires_population_and_entity_scope_audit,different_fiscal_unit_classes_cannot_be_summed,9356177.29,15609399.92,1159.23,2001.98,4176553.00,10237978.00,13458.30,12259.06,5166165.99,5359162.86
065310008008,06,municipality,"Hungen, Stadt","Hungen, Stadt",kreisangehörige Gemeinde,kreisangehörige Gemeinde,06531008,06531008,13113,12707,STATISTIKPORTAL_INTEGRATED_2023_T1,STATISTIKPORTAL_INTEGRATED_2024_T1,matching_original_identifier_and_class,not_certified_requires_population_and_entity_scope_audit,different_fiscal_unit_classes_cannot_be_summed,83544347.83,81662510.76,6371.11,6426.58,24441927.00,23454164.00,13458.30,12262.28,59088962.53,58196084.48
065310009009,06,municipality,Langgöns,Langgöns,kreisangehörige Gemeinde,kreisangehörige Gemeinde,06531009,06531009,11765,10965,STATISTIKPORTAL_INTEGRATED_2023_T1,STATISTIKPORTAL_INTEGRATED_2024_T1,matching_original_identifier_and_class,not_certified_requires_population_and_entity_scope_audit,different_fiscal_unit_classes_cannot_be_summed,28534029.31,31409169.73,2425.33,2864.49,12621909.00,13713869.00,246932.28,231185.35,15665188.03,17464115.38
065310010010,06,municipality,"Laubach, Stadt","Laubach, Stadt",kreisangehörige Gemeinde,kreisangehörige Gemeinde,06531010,06531010,9760,9757,STATISTIKPORTAL_INTEGRATED_2023_T1,STATISTIKPORTAL_INTEGRATED_2024_T1,matching_original_identifier_and_class,not_certified_requires_population_and_entity_scope_audit,different_fiscal_unit_classes_cannot_be_summed,54069604.23,53945010.62,5539.92,5528.85,16608525.00,15470942.00,1999375.95,2270472.92,35461703.28,36203595.70
065310011011,06,municipality,"Lich, Stadt","Lich, Stadt",kreisangehörige Gemeinde,kreisangehörige Gemeinde,06531011,06531011,14252,14222,STATISTIKPORTAL_INTEGRATED_2023_T1,STATISTIKPORTAL_INTEGRATED_2024_T1,matching_original_identifier_and_class,not_certified_requires_population_and_entity_scope_audit,different_fiscal_unit_classes_cannot_be_summed,34870097.36,46961764.26,2446.68,3302.05,13242325.00,20048402.00,937608.94,1007148.25,20690163.42,25906214.01
065310012012,06,municipality,"Linden, Stadt","Linden, Stadt",kreisangehörige Gemeinde,kreisangehörige Gemeinde,06531012,06531012,13594,13320,STATISTIKPORTAL_INTEGRATED_2023_T1,STATISTIKPORTAL_INTEGRATED_2024_T1,matching_original_identifier_and_class,not_certified_requires_population_and_entity_scope_audit,different_fiscal_unit_classes_cannot_be_summed,12173174.47,12299541.70,895.48,923.39,831407.00,807849.00,13458.30,12259.25,11328309.17,11479433.45
065310013013,06,municipality,"Lollar, Stadt","Lollar, Stadt",kreisangehörige Gemeinde,kreisangehörige Gemeinde,06531013,06531013,10546,10172,STATISTIKPORTAL_INTEGRATED_2023_T1,STATISTIKPORTAL_INTEGRATED_2024_T1,matching_original_identifier_and_class,not_certified_requires_population_and_entity_scope_audit,different_fiscal_unit_classes_cannot_be_summed,20547539.85,19129521.52,1948.37,1880.61,8676880.00,7824523.00,1743099.25,1638077.90,10127560.60,9666920.62
065310014014,06,municipality,"Pohlheim, Stadt","Pohlheim, Stadt",kreisangehörige Gemeinde,kreisangehörige Gemeinde,06531014,06531014,18135,17719,STATISTIKPORTAL_INTEGRATED_2023_T1,STATISTIKPORTAL_INTEGRATED_2024_T1,matching_original_identifier_and_class,not_certified_requires_population_and_entity_scope_audit,different_fiscal_unit_classes_cannot_be_summed,24380449.63,24305035.22,1344.39,1371.69,2137652.00,1755580.00,113458.30,96259.38,22129339.33,22453195.84
065310015015,06,municipality,Rabenau,Rabenau,kreisangehörige Gemeinde,kreisangehörige Gemeinde,06531015,06531015,5164,4856,STATISTIKPORTAL_INTEGRATED_2023_T1,STATISTIKPORTAL_INTEGRATED_2024_T1,matching_original_identifier_and_class,not_certified_requires_population_and_entity_scope_audit,different_fiscal_unit_classes_cannot_be_summed,33782907.55,35465922.23,6542.00,7303.53,14464630.00,15731594.00,463346.61,433673.83,18854930.94,19300654.40
065310016016,06,municipality,Reiskirchen,Reiskirchen,kreisangehörige Gemeinde,kreisangehörige Gemeinde,06531016,06531016,10530,10367,STATISTIKPORTAL_INTEGRATED_2023_T1,STATISTIKPORTAL_INTEGRATED_2024_T1,matching_original_identifier_and_class,not_certified_requires_population_and_entity_scope_audit,different_fiscal_unit_classes_cannot_be_summed,30695753.13,32941967.19,2915.08,3177.58,10720805.00,13000924.00,614600.94,695826.42,19360347.19,19245216.77
065310017017,06,municipality,"Staufenberg, Stadt","Staufenberg, Stadt",kreisangehörige Gemeinde,kreisangehörige Gemeinde,06531017,06531017,8516,8285,STATISTIKPORTAL_INTEGRATED_2023_T1,STATISTIKPORTAL_INTEGRATED_2024_T1,matching_original_identifier_and_class,not_certified_requires_population_and_entity_scope_audit,different_fiscal_unit_classes_cannot_be_summed,16020531.23,16082009.40,1881.23,1941.10,5515652.00,6137748.00,1580673.67,1484308.05,8924205.56,8459953.35
065310018018,06,municipality,Wettenberg,Wettenberg,kreisangehörige Gemeinde,kreisangehörige Gemeinde,06531018,06531018,12819,12072,STATISTIKPORTAL_INTEGRATED_2023_T1,STATISTIKPORTAL_INTEGRATED_2024_T1,matching_original_identifier_and_class,not_certified_requires_population_and_entity_scope_audit,different_fiscal_unit_classes_cannot_be_summed,17168554.43,16633648.36,1339.31,1377.87,7959754.00,7628379.00,152983.86,142729.81,9055816.57,8862539.55
06532,06,county_administration,"Lahn-Dill-Kreis, Kreisverwaltung","Lahn-Dill-Kreis, Kreisverwaltung",Landkreis (Haushalt u. Verwaltung),Landkreis (Haushalt u. Verwaltung),,,257889,254321,STATISTIKPORTAL_INTEGRATED_2023_T1,STATISTIKPORTAL_INTEGRATED_2024_T1,matching_original_identifier_and_class,not_certified_requires_population_and_entity_scope_audit,different_fiscal_unit_classes_cannot_be_summed,575251834.85,639477275.69,2230.62,2514.45,426243162.00,493097600.00,712704.80,647283.85,148295968.05,145732391.84
065320001001,06,municipality,"Aßlar, Stadt","Aßlar, Stadt",kreisangehörige Gemeinde,kreisangehörige Gemeinde,06532001,06532001,14047,14502,STATISTIKPORTAL_INTEGRATED_2023_T1,STATISTIKPORTAL_INTEGRATED_2024_T1,matching_original_identifier_and_class,not_certified_requires_population_and_entity_scope_audit,different_fiscal_unit_classes_cannot_be_summed,27812123.19,29834619.95,1979.93,2057.28,12207697.00,14087766.00,0.00,0.19,15604426.19,15746853.76
065320002002,06,municipality,Bischoffen,Bischoffen,kreisangehörige Gemeinde,kreisangehörige Gemeinde,06532002,06532002,3285,3195,STATISTIKPORTAL_INTEGRATED_2023_T1,STATISTIKPORTAL_INTEGRATED_2024_T1,matching_original_identifier_and_class,not_certified_requires_population_and_entity_scope_audit,different_fiscal_unit_classes_cannot_be_summed,10620836.61,9787696.92,3233.13,3063.44,262368.00,248680.00,2204813.21,2027209.63,8153655.40,7511807.29
065320003003,06,municipality,"Braunfels, Stadt","Braunfels, Stadt",kreisangehörige Gemeinde,kreisangehörige Gemeinde,06532003,06532003,11145,11042,STATISTIKPORTAL_INTEGRATED_2023_T1,STATISTIKPORTAL_INTEGRATED_2024_T1,matching_original_identifier_and_class,not_certified_requires_population_and_entity_scope_audit,different_fiscal_unit_classes_cannot_be_summed,31953873.65,32061671.19,2867.10,2903.61,7934827.00,7335226.00,0.00,0.19,24019046.65,24726445.00
065320004004,06,municipality,Breitscheid,Breitscheid,kreisangehörige Gemeinde,kreisangehörige Gemeinde,06532004,06532004,4794,4557,STATISTIKPORTAL_INTEGRATED_2023_T1,STATISTIKPORTAL_INTEGRATED_2024_T1,matching_original_identifier_and_class,not_certified_requires_population_and_entity_scope_audit,different_fiscal_unit_classes_cannot_be_summed,8625858.15,8314663.26,1799.30,1824.59,5052117.00,4825758.00,0.00,0.22,3573741.15,3488905.04
065320005005,06,municipality,Dietzhölztal,Dietzhölztal,kreisangehörige Gemeinde,kreisangehörige Gemeinde,06532005,06532005,5631,5387,STATISTIKPORTAL_INTEGRATED_2023_T1,STATISTIKPORTAL_INTEGRATED_2024_T1,matching_original_identifier_and_class,not_certified_requires_population_and_entity_scope_audit,different_fiscal_unit_classes_cannot_be_summed,6958714.36,6220497.98,1235.79,1154.72,2015082.00,1647112.00,249215.59,233160.31,4694416.77,4340225.67
065320006006,06,municipality,"Dillenburg, Oranienstadt","Dillenburg, Oranienstadt",kreisangehörige Gemeinde,kreisangehörige Gemeinde,06532006,06532006,23538,23139,STATISTIKPORTAL_INTEGRATED_2023_T1,STATISTIKPORTAL_INTEGRATED_2024_T1,matching_original_identifier_and_class,not_certified_requires_population_and_entity_scope_audit,different_fiscal_unit_classes_cannot_be_summed,33428633.87,31033611.46,1420.20,1341.18,17637923.00,16121794.00,5731601.48,5358777.93,10059109.39,9553039.53
065320007007,06,municipality,Driedorf,Driedorf,kreisangehörige Gemeinde,kreisangehörige Gemeinde,06532007,06532007,5167,5067,STATISTIKPORTAL_INTEGRATED_2023_T1,STATISTIKPORTAL_INTEGRATED_2024_T1,matching_original_identifier_and_class,not_certified_requires_population_and_entity_scope_audit,different_fiscal_unit_classes_cannot_be_summed,9327596.87,8590506.46,1805.22,1695.38,3411233.00,2980178.00,162303.47,152190.51,5754060.40,5458137.95
065320008008,06,municipality,Ehringshausen,Ehringshausen,kreisangehörige Gemeinde,kreisangehörige Gemeinde,06532008,06532008,9566,9417,STATISTIKPORTAL_INTEGRATED_2023_T1,STATISTIKPORTAL_INTEGRATED_2024_T1,matching_original_identifier_and_class,not_certified_requires_population_and_entity_scope_audit,different_fiscal_unit_classes_cannot_be_summed,4995667.41,5131941.21,522.23,544.97,1398464.00,1297208.00,50892.90,47195.14,3546310.51,3787538.07
065320009009,06,municipality,Eschenburg,Eschenburg,kreisangehörige Gemeinde,kreisangehörige Gemeinde,06532009,06532009,10116,9850,STATISTIKPORTAL_INTEGRATED_2023_T1,STATISTIKPORTAL_INTEGRATED_2024_T1,matching_original_identifier_and_class,not_certified_requires_population_and_entity_scope_audit,different_fiscal_unit_classes_cannot_be_summed,10556502.43,13770067.32,1043.55,1397.98,4225532.00,4812027.00,308025.00,289417.68,6022945.43,8668622.64
065320010010,06,municipality,Greifenstein,Greifenstein,kreisangehörige Gemeinde,kreisangehörige Gemeinde,06532010,06532010,6637,6569,STATISTIKPORTAL_INTEGRATED_2023_T1,STATISTIKPORTAL_INTEGRATED_2024_T1,matching_original_identifier_and_class,not_certified_requires_population_and_entity_scope_audit,different_fiscal_unit_classes_cannot_be_summed,16082080.50,15414180.64,2423.09,2346.50,5248779.00,4915292.00,813716.30,749686.51,10019585.20,9749202.13
065320011011,06,municipality,"Haiger, Stadt","Haiger, Stadt",kreisangehörige Gemeinde,kreisangehörige Gemeinde,06532011,06532011,19522,18963,STATISTIKPORTAL_INTEGRATED_2023_T1,STATISTIKPORTAL_INTEGRATED_2024_T1,matching_original_identifier_and_class,not_certified_requires_population_and_entity_scope_audit,different_fiscal_unit_classes_cannot_be_summed,21731624.61,21790436.83,1113.19,1149.10,4090259.00,3843841.00,0.00,0.45,17641365.61,17946595.38
065320012012,06,municipality,"Herborn, Stadt","Herborn, Stadt",kreisangehörige Gemeinde,kreisangehörige Gemeinde,06532012,06532012,20974,20435,STATISTIKPORTAL_INTEGRATED_2023_T1,STATISTIKPORTAL_INTEGRATED_2024_T1,matching_original_identifier_and_class,not_certified_requires_population_and_entity_scope_audit,different_fiscal_unit_classes_cannot_be_summed,32834515.26,31036063.24,1565.49,1518.77,19106801.00,18111589.00,1295979.90,1248384.40,12431734.36,11676089.84
065320013013,06,municipality,Hohenahr,Hohenahr,kreisangehörige Gemeinde,kreisangehörige Gemeinde,06532013,06532013,4881,4846,STATISTIKPORTAL_INTEGRATED_2023_T1,STATISTIKPORTAL_INTEGRATED_2024_T1,matching_original_identifier_and_class,not_certified_requires_population_and_entity_scope_audit,different_fiscal_unit_classes_cannot_be_summed,4096381.18,5956496.68,839.25,1229.16,686353.00,2458999.00,200177.38,187177.65,3209850.80,3310320.03
065320014014,06,municipality,Hüttenberg,Hüttenberg,kreisangehörige Gemeinde,kreisangehörige Gemeinde,06532014,06532014,10944,10614,STATISTIKPORTAL_INTEGRATED_2023_T1,STATISTIKPORTAL_INTEGRATED_2024_T1,matching_original_identifier_and_class,not_certified_requires_population_and_entity_scope_audit,different_fiscal_unit_classes_cannot_be_summed,18261516.82,17736777.58,1668.63,1671.07,11738181.00,11155555.00,0.00,0.19,6523335.82,6581222.39
065320015015,06,municipality,Lahnau,Lahnau,kreisangehörige Gemeinde,kreisangehörige Gemeinde,06532015,06532015,8327,8196,STATISTIKPORTAL_INTEGRATED_2023_T1,STATISTIKPORTAL_INTEGRATED_2024_T1,matching_original_identifier_and_class,not_certified_requires_population_and_entity_scope_audit,different_fiscal_unit_classes_cannot_be_summed,12477341.69,16856773.93,1498.42,2056.71,8585049.00,12821328.00,191640.96,184162.44,3700651.73,3851283.49
065320016016,06,municipality,"Leun, Stadt","Leun, Stadt",kreisangehörige Gemeinde,kreisangehörige Gemeinde,06532016,06532016,5883,5714,STATISTIKPORTAL_INTEGRATED_2023_T1,STATISTIKPORTAL_INTEGRATED_2024_T1,matching_original_identifier_and_class,not_certified_requires_population_and_entity_scope_audit,different_fiscal_unit_classes_cannot_be_summed,12266792.72,16674677.37,2085.13,2918.21,6472178.00,10993356.00,271909.38,248790.75,5522705.34,5432530.62
065320017017,06,municipality,Mittenaar,Mittenaar,kreisangehörige Gemeinde,kreisangehörige Gemeinde,06532017,06532017,4832,4656,STATISTIKPORTAL_INTEGRATED_2023_T1,STATISTIKPORTAL_INTEGRATED_2024_T1,matching_original_identifier_and_class,not_certified_requires_population_and_entity_scope_audit,different_fiscal_unit_classes_cannot_be_summed,7826583.69,7960540.77,1619.74,1709.74,3494056.00,3844449.00,50892.90,47195.17,4281634.79,4068896.60
065320018018,06,municipality,Schöffengrund,Schöffengrund,kreisangehörige Gemeinde,kreisangehörige Gemeinde,06532018,06532018,6526,6553,STATISTIKPORTAL_INTEGRATED_2023_T1,STATISTIKPORTAL_INTEGRATED_2024_T1,matching_original_identifier_and_class,not_certified_requires_population_and_entity_scope_audit,different_fiscal_unit_classes_cannot_be_summed,18797391.39,21668727.39,2880.38,3306.69,10295728.00,12585396.00,149284.48,139982.70,8352378.91,8943348.69
065320019019,06,municipality,Siegbach,Siegbach,kreisangehörige Gemeinde,kreisangehörige Gemeinde,06532019,06532019,2542,2575,STATISTIKPORTAL_INTEGRATED_2023_T1,STATISTIKPORTAL_INTEGRATED_2024_T1,matching_original_identifier_and_class,not_certified_requires_population_and_entity_scope_audit,different_fiscal_unit_classes_cannot_be_summed,7230156.79,6594582.53,2844.28,2561.00,2238699.00,1983979.00,132478.60,123697.24,4858979.19,4486906.29
065320020020,06,municipality,Sinn,Sinn,kreisangehörige Gemeinde,kreisangehörige Gemeinde,06532020,06532020,6579,6481,STATISTIKPORTAL_INTEGRATED_2023_T1,STATISTIKPORTAL_INTEGRATED_2024_T1,matching_original_identifier_and_class,not_certified_requires_population_and_entity_scope_audit,different_fiscal_unit_classes_cannot_be_summed,17452567.84,18160937.68,2652.77,2802.18,9679999.00,10462731.00,285668.78,267342.08,7486900.06,7430864.60
065320021021,06,municipality,"Solms, Stadt","Solms, Stadt",kreisangehörige Gemeinde,kreisangehörige Gemeinde,06532021,06532021,13871,13541,STATISTIKPORTAL_INTEGRATED_2023_T1,STATISTIKPORTAL_INTEGRATED_2024_T1,matching_original_identifier_and_class,not_certified_requires_population_and_entity_scope_audit,different_fiscal_unit_classes_cannot_be_summed,37229298.07,39253455.37,2683.97,2898.86,18960797.00,18764200.00,0.00,0.19,18268501.07,20489255.18
065320022022,06,municipality,Waldsolms,Waldsolms,kreisangehörige Gemeinde,kreisangehörige Gemeinde,06532022,06532022,4877,4658,STATISTIKPORTAL_INTEGRATED_2023_T1,STATISTIKPORTAL_INTEGRATED_2024_T1,matching_original_identifier_and_class,not_certified_requires_population_and_entity_scope_audit,different_fiscal_unit_classes_cannot_be_summed,3668354.47,3770304.26,752.17,809.43,416629.00,420723.00,41877.77,39268.54,3209847.70,3310312.72
065320023023,06,municipality,"Wetzlar, Stadt","Wetzlar, Stadt",kreisangehörige Gemeinde,kreisangehörige Gemeinde,06532023,06532023,54205,54364,STATISTIKPORTAL_INTEGRATED_2023_T1,STATISTIKPORTAL_INTEGRATED_2024_T1,matching_original_identifier_and_class,not_certified_requires_population_and_entity_scope_audit,different_fiscal_unit_classes_cannot_be_summed,260040155.54,250471682.09,4797.35,4607.31,105945339.00,101299115.00,7575430.04,7346915.09,146519386.50,141825652.00
06533,06,county_administration,"Landkreis Limburg-Weilburg, Kreisverwaltung","Landkreis Limburg-Weilburg, Kreisverwaltung",Landkreis (Haushalt u. Verwaltung),Landkreis (Haushalt u. Verwaltung),,,175333,174305,STATISTIKPORTAL_INTEGRATED_2023_T1,STATISTIKPORTAL_INTEGRATED_2024_T1,matching_original_identifier_and_class,not_certified_requires_population_and_entity_scope_audit,different_fiscal_unit_classes_cannot_be_summed,345328326.35,340777286.64,1969.56,1955.06,29579989.00,27430560.00,93125199.75,87117851.63,222623137.60,226228875.01
065330001001,06,municipality,Beselich,Beselich,kreisangehörige Gemeinde,kreisangehörige Gemeinde,06533001,06533001,5759,5845,STATISTIKPORTAL_INTEGRATED_2023_T1,STATISTIKPORTAL_INTEGRATED_2024_T1,matching_original_identifier_and_class,not_certified_requires_population_and_entity_scope_audit,different_fiscal_unit_classes_cannot_be_summed,1842939.31,1620197.79,320.01,277.19,1275638.00,1137764.00,10358.50,8376.91,556942.81,474056.88
065330002002,06,municipality,Brechen,Brechen,kreisangehörige Gemeinde,kreisangehörige Gemeinde,06533002,06533002,6420,6309,STATISTIKPORTAL_INTEGRATED_2023_T1,STATISTIKPORTAL_INTEGRATED_2024_T1,matching_original_identifier_and_class,not_certified_requires_population_and_entity_scope_audit,different_fiscal_unit_classes_cannot_be_summed,6290600.72,5920080.71,979.84,938.35,868006.00,807233.00,0.00,0.00,5422594.72,5112847.71
065330003003,06,municipality,"Bad Camberg, Stadt","Bad Camberg, Stadt",kreisangehörige Gemeinde,kreisangehörige Gemeinde,06533003,06533003,14250,14315,STATISTIKPORTAL_INTEGRATED_2023_T1,STATISTIKPORTAL_INTEGRATED_2024_T1,matching_original_identifier_and_class,not_certified_requires_population_and_entity_scope_audit,different_fiscal_unit_classes_cannot_be_summed,22782805.64,22072211.27,1598.79,1541.89,16047176.00,14923666.00,35226.69,28542.19,6700402.95,7120003.08
065330004004,06,municipality,Dornburg,Dornburg,kreisangehörige Gemeinde,kreisangehörige Gemeinde,06533004,06533004,8723,8463,STATISTIKPORTAL_INTEGRATED_2023_T1,STATISTIKPORTAL_INTEGRATED_2024_T1,matching_original_identifier_and_class,not_certified_requires_population_and_entity_scope_audit,different_fiscal_unit_classes_cannot_be_summed,6181159.03,5657313.10,708.60,668.48,6181080.00,5657127.00,0.00,0.00,79.03,186.10
065330005005,06,municipality,Elbtal,Elbtal,kreisangehörige Gemeinde,kreisangehörige Gemeinde,06533005,06533005,2406,2435,STATISTIKPORTAL_INTEGRATED_2023_T1,STATISTIKPORTAL_INTEGRATED_2024_T1,matching_original_identifier_and_class,not_certified_requires_population_and_entity_scope_audit,different_fiscal_unit_classes_cannot_be_summed,3051147.26,2854429.93,1268.14,1172.25,3051132.00,2854394.00,0.00,0.00,15.26,35.93
065330006006,06,municipality,Elz,Elz,kreisangehörige Gemeinde,kreisangehörige Gemeinde,06533006,06533006,8032,8052,STATISTIKPORTAL_INTEGRATED_2023_T1,STATISTIKPORTAL_INTEGRATED_2024_T1,matching_original_identifier_and_class,not_certified_requires_population_and_entity_scope_audit,different_fiscal_unit_classes_cannot_be_summed,5920873.11,5373153.12,737.16,667.31,2781731.00,2512130.00,0.00,0.00,3139142.11,2861023.12
065330007007,06,municipality,"Hadamar, Stadt","Hadamar, Stadt",kreisangehörige Gemeinde,kreisangehörige Gemeinde,06533007,06533007,13033,13126,STATISTIKPORTAL_INTEGRATED_2023_T1,STATISTIKPORTAL_INTEGRATED_2024_T1,matching_original_identifier_and_class,not_certified_requires_population_and_entity_scope_audit,different_fiscal_unit_classes_cannot_be_summed,14415110.58,13100065.43,1106.05,998.02,11256588.00,10214360.00,0.00,0.00,3158522.58,2885705.43
065330008008,06,municipality,Hünfelden,Hünfelden,kreisangehörige Gemeinde,kreisangehörige Gemeinde,06533008,06533008,9824,9858,STATISTIKPORTAL_INTEGRATED_2023_T1,STATISTIKPORTAL_INTEGRATED_2024_T1,matching_original_identifier_and_class,not_certified_requires_population_and_entity_scope_audit,different_fiscal_unit_classes_cannot_be_summed,26696905.53,27753016.56,2717.52,2815.28,21274420.00,22640426.00,0.00,0.00,5422485.53,5112590.56
065330009009,06,municipality,"Limburg a. d. Lahn, Kreisstadt","Limburg a. d. Lahn, Kreisstadt",kreisangehörige Gemeinde,kreisangehörige Gemeinde,06533009,06533009,36398,36125,STATISTIKPORTAL_INTEGRATED_2023_T1,STATISTIKPORTAL_INTEGRATED_2024_T1,matching_original_identifier_and_class,not_certified_requires_population_and_entity_scope_audit,different_fiscal_unit_classes_cannot_be_summed,9128527.91,8062479.47,250.80,223.18,4797386.00,4163902.00,421655.00,393320.00,3909486.91,3505257.47
065330010010,06,municipality,Löhnberg,Löhnberg,kreisangehörige Gemeinde,kreisangehörige Gemeinde,06533010,06533010,4684,4672,STATISTIKPORTAL_INTEGRATED_2023_T1,STATISTIKPORTAL_INTEGRATED_2024_T1,matching_original_identifier_and_class,not_certified_requires_population_and_entity_scope_audit,different_fiscal_unit_classes_cannot_be_summed,20772135.13,21691867.32,4434.70,4642.95,15819620.00,17168414.00,4132374.50,3826498.91,820140.63,696954.41
065330011011,06,municipality,"Mengerskirchen, Marktflecken","Mengerskirchen, Marktflecken",kreisangehörige Gemeinde,kreisangehörige Gemeinde,06533011,06533011,5796,5611,STATISTIKPORTAL_INTEGRATED_2023_T1,STATISTIKPORTAL_INTEGRATED_2024_T1,matching_original_identifier_and_class,not_certified_requires_population_and_entity_scope_audit,different_fiscal_unit_classes_cannot_be_summed,1668576.74,3835732.27,287.88,683.61,1508295.00,3614705.00,10358.50,8376.91,149923.24,212650.36
065330012012,06,municipality,"Merenberg, Marktflecken","Merenberg, Marktflecken",kreisangehörige Gemeinde,kreisangehörige Gemeinde,06533012,06533012,3269,3313,STATISTIKPORTAL_INTEGRATED_2023_T1,STATISTIKPORTAL_INTEGRATED_2024_T1,matching_original_identifier_and_class,not_certified_requires_population_and_entity_scope_audit,different_fiscal_unit_classes_cannot_be_summed,8580363.99,7806145.19,2624.77,2356.22,8569999.00,7797753.00,10358.50,8376.91,6.49,15.28
065330013013,06,municipality,"Runkel, Stadt","Runkel, Stadt",kreisangehörige Gemeinde,kreisangehörige Gemeinde,06533013,06533013,9509,9544,STATISTIKPORTAL_INTEGRATED_2023_T1,STATISTIKPORTAL_INTEGRATED_2024_T1,matching_original_identifier_and_class,not_certified_requires_population_and_entity_scope_audit,different_fiscal_unit_classes_cannot_be_summed,24393320.50,26234775.30,2565.29,2748.82,24123232.00,26037567.00,225102.00,168881.41,44986.50,28326.89
065330014014,06,municipality,Selters (Taunus),Selters (Taunus),kreisangehörige Gemeinde,kreisangehörige Gemeinde,06533014,06533014,8139,8242,STATISTIKPORTAL_INTEGRATED_2023_T1,STATISTIKPORTAL_INTEGRATED_2024_T1,matching_original_identifier_and_class,not_certified_requires_population_and_entity_scope_audit,different_fiscal_unit_classes_cannot_be_summed,9753191.89,9596977.02,1198.33,1164.40,8780594.00,8683104.00,23660.09,19162.99,948937.80,894710.03
065330015015,06,municipality,"Villmar, Marktflecken","Villmar, Marktflecken",kreisangehörige Gemeinde,kreisangehörige Gemeinde,06533015,06533015,6722,6641,STATISTIKPORTAL_INTEGRATED_2023_T1,STATISTIKPORTAL_INTEGRATED_2024_T1,matching_original_identifier_and_class,not_certified_requires_population_and_entity_scope_audit,different_fiscal_unit_classes_cannot_be_summed,22156848.77,22452844.16,3296.17,3380.94,21073265.00,21488692.00,225102.00,168881.41,858481.77,795270.75
065330016016,06,municipality,Waldbrunn (Westerwald),Waldbrunn (Westerwald),kreisangehörige Gemeinde,kreisangehörige Gemeinde,06533016,06533016,5858,5871,STATISTIKPORTAL_INTEGRATED_2023_T1,STATISTIKPORTAL_INTEGRATED_2024_T1,matching_original_identifier_and_class,not_certified_requires_population_and_entity_scope_audit,different_fiscal_unit_classes_cannot_be_summed,10935126.30,13615686.78,1866.70,2319.14,10924663.00,13607065.00,10359.75,8377.92,103.55,243.86
065330017017,06,municipality,"Weilburg, Stadt","Weilburg, Stadt",kreisangehörige Gemeinde,kreisangehörige Gemeinde,06533017,06533017,13354,13024,STATISTIKPORTAL_INTEGRATED_2023_T1,STATISTIKPORTAL_INTEGRATED_2024_T1,matching_original_identifier_and_class,not_certified_requires_population_and_entity_scope_audit,different_fiscal_unit_classes_cannot_be_summed,29629956.52,33429158.13,2218.81,2566.74,18071867.00,20264708.00,10359.75,8377.92,11547729.77,13156072.21
065330018018,06,municipality,"Weilmünster, Marktflecken","Weilmünster, Marktflecken",kreisangehörige Gemeinde,kreisangehörige Gemeinde,06533018,06533018,8911,8667,STATISTIKPORTAL_INTEGRATED_2023_T1,STATISTIKPORTAL_INTEGRATED_2024_T1,matching_original_identifier_and_class,not_certified_requires_population_and_entity_scope_audit,different_fiscal_unit_classes_cannot_be_summed,3544810.38,3801712.50,397.80,438.64,2206223.00,2542964.00,389646.47,364031.16,948940.91,894717.34
065330019019,06,municipality,Weinbach,Weinbach,kreisangehörige Gemeinde,kreisangehörige Gemeinde,06533019,06533019,4246,4192,STATISTIKPORTAL_INTEGRATED_2023_T1,STATISTIKPORTAL_INTEGRATED_2024_T1,matching_original_identifier_and_class,not_certified_requires_population_and_entity_scope_audit,different_fiscal_unit_classes_cannot_be_summed,9297657.68,8518026.02,2189.75,2031.97,9012845.00,8309278.00,187852.05,174810.61,96960.63,33937.41
06534,06,county_administration,"Landkreis Marburg-Biedenkopf, Kreisverwaltung","Landkreis Marburg-Biedenkopf, Kreisverwaltung",Landkreis (Haushalt u. Verwaltung),Landkreis (Haushalt u. Verwaltung),,,249709,242902,STATISTIKPORTAL_INTEGRATED_2023_T1,STATISTIKPORTAL_INTEGRATED_2024_T1,matching_original_identifier_and_class,not_certified_requires_population_and_entity_scope_audit,different_fiscal_unit_classes_cannot_be_summed,188799827.47,205875494.01,756.08,847.57,84253301.00,97257755.00,52500.00,4.54,104494026.47,108617734.47
065340001001,06,municipality,"Amöneburg, Stadt","Amöneburg, Stadt",kreisangehörige Gemeinde,kreisangehörige Gemeinde,06534001,06534001,5006,4962,STATISTIKPORTAL_INTEGRATED_2023_T1,STATISTIKPORTAL_INTEGRATED_2024_T1,matching_original_identifier_and_class,not_certified_requires_population_and_entity_scope_audit,different_fiscal_unit_classes_cannot_be_summed,8462624.37,8014695.02,1690.50,1615.21,8028354.00,7462145.00,0.00,0.00,434270.37,552550.02
065340002002,06,municipality,Angelburg,Angelburg,kreisangehörige Gemeinde,kreisangehörige Gemeinde,06534002,06534002,3455,3439,STATISTIKPORTAL_INTEGRATED_2023_T1,STATISTIKPORTAL_INTEGRATED_2024_T1,matching_original_identifier_and_class,not_certified_requires_population_and_entity_scope_audit,different_fiscal_unit_classes_cannot_be_summed,3637394.67,3389203.33,1052.79,985.52,2870178.00,2608594.00,635186.41,593342.40,132030.26,187266.93
065340003003,06,municipality,Bad Endbach,Bad Endbach,kreisangehörige Gemeinde,kreisangehörige Gemeinde,06534003,06534003,7902,7834,STATISTIKPORTAL_INTEGRATED_2023_T1,STATISTIKPORTAL_INTEGRATED_2024_T1,matching_original_identifier_and_class,not_certified_requires_population_and_entity_scope_audit,different_fiscal_unit_classes_cannot_be_summed,34577160.80,29902311.74,4375.75,3816.99,29032648.00,25038762.00,442877.01,415256.99,5101635.79,4448292.75
065340004004,06,municipality,"Biedenkopf, Stadt","Biedenkopf, Stadt",kreisangehörige Gemeinde,kreisangehörige Gemeinde,06534004,06534004,13740,13078,STATISTIKPORTAL_INTEGRATED_2023_T1,STATISTIKPORTAL_INTEGRATED_2024_T1,matching_original_identifier_and_class,not_certified_requires_population_and_entity_scope_audit,different_fiscal_unit_classes_cannot_be_summed,28120960.38,24568285.11,2046.65,1878.60,15722434.00,13552032.00,1406321.81,1324261.86,10992204.57,9691991.25
065340005005,06,municipality,Breidenbach,Breidenbach,kreisangehörige Gemeinde,kreisangehörige Gemeinde,06534005,06534005,6824,6714,STATISTIKPORTAL_INTEGRATED_2023_T1,STATISTIKPORTAL_INTEGRATED_2024_T1,matching_original_identifier_and_class,not_certified_requires_population_and_entity_scope_audit,different_fiscal_unit_classes_cannot_be_summed,18495350.88,16846721.08,2710.34,2509.19,9911114.00,9275673.00,905973.55,852557.49,7678263.33,6718490.59
065340006006,06,municipality,Cölbe,Cölbe,kreisangehörige Gemeinde,kreisangehörige Gemeinde,06534006,06534006,6522,6471,STATISTIKPORTAL_INTEGRATED_2023_T1,STATISTIKPORTAL_INTEGRATED_2024_T1,matching_original_identifier_and_class,not_certified_requires_population_and_entity_scope_audit,different_fiscal_unit_classes_cannot_be_summed,6905828.97,8521090.20,1058.85,1316.81,5583370.00,7284976.00,78638.55,58825.41,1243820.42,1177288.79
065340007007,06,municipality,Dautphetal,Dautphetal,kreisangehörige Gemeinde,kreisangehörige Gemeinde,06534007,06534007,11455,11479,STATISTIKPORTAL_INTEGRATED_2023_T1,STATISTIKPORTAL_INTEGRATED_2024_T1,matching_original_identifier_and_class,not_certified_requires_population_and_entity_scope_audit,different_fiscal_unit_classes_cannot_be_summed,3102974.43,2848774.58,270.88,248.17,1501055.00,1362416.00,1580159.40,1486334.96,21760.03,23.62
065340008008,06,municipality,Ebsdorfergrund,Ebsdorfergrund,kreisangehörige Gemeinde,kreisangehörige Gemeinde,06534008,06534008,9049,9135,STATISTIKPORTAL_INTEGRATED_2023_T1,STATISTIKPORTAL_INTEGRATED_2024_T1,matching_original_identifier_and_class,not_certified_requires_population_and_entity_scope_audit,different_fiscal_unit_classes_cannot_be_summed,2467326.35,2444741.74,272.66,267.62,774637.00,650352.00,0.00,0.00,1692689.35,1794389.74
065340009009,06,municipality,Fronhausen,Fronhausen,kreisangehörige Gemeinde,kreisangehörige Gemeinde,06534009,06534009,4148,4108,STATISTIKPORTAL_INTEGRATED_2023_T1,STATISTIKPORTAL_INTEGRATED_2024_T1,matching_original_identifier_and_class,not_certified_requires_population_and_entity_scope_audit,different_fiscal_unit_classes_cannot_be_summed,8207273.27,8870834.47,1978.61,2159.40,3759521.00,4681666.00,0.00,0.00,4447752.27,4189168.47
065340010010,06,municipality,"Gladenbach, Stadt","Gladenbach, Stadt",kreisangehörige Gemeinde,kreisangehörige Gemeinde,06534010,06534010,12536,12491,STATISTIKPORTAL_INTEGRATED_2023_T1,STATISTIKPORTAL_INTEGRATED_2024_T1,matching_original_identifier_and_class,not_certified_requires_population_and_entity_scope_audit,different_fiscal_unit_classes_cannot_be_summed,23220244.85,21611164.90,1852.29,1730.14,6372223.00,5524195.00,1546756.45,1435740.29,15301265.40,14651229.61
065340011011,06,municipality,"Kirchhain, Stadt","Kirchhain, Stadt",kreisangehörige Gemeinde,kreisangehörige Gemeinde,06534011,06534011,16487,16389,STATISTIKPORTAL_INTEGRATED_2023_T1,STATISTIKPORTAL_INTEGRATED_2024_T1,matching_original_identifier_and_class,not_certified_requires_population_and_entity_scope_audit,different_fiscal_unit_classes_cannot_be_summed,11447670.61,11660171.93,694.35,711.46,8617050.00,8773745.00,0.00,0.00,2830620.61,2886426.93
065340012012,06,municipality,Lahntal,Lahntal,kreisangehörige Gemeinde,kreisangehörige Gemeinde,06534012,06534012,7140,6978,STATISTIKPORTAL_INTEGRATED_2023_T1,STATISTIKPORTAL_INTEGRATED_2024_T1,matching_original_identifier_and_class,not_certified_requires_population_and_entity_scope_audit,different_fiscal_unit_classes_cannot_be_summed,14308902.93,11240889.06,2004.05,1610.90,6480178.00,3907478.00,132773.06,105027.57,7695951.87,7228383.49
065340013013,06,municipality,Lohra,Lohra,kreisangehörige Gemeinde,kreisangehörige Gemeinde,06534013,06534013,5645,5826,STATISTIKPORTAL_INTEGRATED_2023_T1,STATISTIKPORTAL_INTEGRATED_2024_T1,matching_original_identifier_and_class,not_certified_requires_population_and_entity_scope_audit,different_fiscal_unit_classes_cannot_be_summed,6912342.82,8336375.73,1224.51,1430.89,5929376.00,7064615.00,0.00,0.00,982966.82,1271760.73
065340014014,06,municipality,"Marburg, Universitätsstadt","Marburg, Universitätsstadt",kreisangehörige Gemeinde,kreisangehörige Gemeinde,06534014,06534014,77689,73447,STATISTIKPORTAL_INTEGRATED_2023_T1,STATISTIKPORTAL_INTEGRATED_2024_T1,matching_original_identifier_and_class,not_certified_requires_population_and_entity_scope_audit,different_fiscal_unit_classes_cannot_be_summed,297755301.93,295041210.14,3832.66,4017.06,96411004.00,99580061.00,0.00,2.68,201344297.93,195461146.46
065340015015,06,municipality,Münchhausen,Münchhausen,kreisangehörige Gemeinde,kreisangehörige Gemeinde,06534015,06534015,3333,3254,STATISTIKPORTAL_INTEGRATED_2023_T1,STATISTIKPORTAL_INTEGRATED_2024_T1,matching_original_identifier_and_class,not_certified_requires_population_and_entity_scope_audit,different_fiscal_unit_classes_cannot_be_summed,11054118.92,10589581.54,3316.57,3254.33,3601389.00,3245341.00,29615.40,23211.22,7423114.52,7321029.32
065340016016,06,municipality,"Neustadt (Hessen), Stadt","Neustadt (Hessen), Stadt",kreisangehörige Gemeinde,kreisangehörige Gemeinde,06534016,06534016,9888,8918,STATISTIKPORTAL_INTEGRATED_2023_T1,STATISTIKPORTAL_INTEGRATED_2024_T1,matching_original_identifier_and_class,not_certified_requires_population_and_entity_scope_audit,different_fiscal_unit_classes_cannot_be_summed,14872003.68,13977128.35,1504.05,1567.29,5533440.00,5209788.00,160567.61,150562.58,9177996.07,8616777.77
065340017017,06,municipality,"Rauschenberg, Stadt","Rauschenberg, Stadt",kreisangehörige Gemeinde,kreisangehörige Gemeinde,06534017,06534017,4567,4470,STATISTIKPORTAL_INTEGRATED_2023_T1,STATISTIKPORTAL_INTEGRATED_2024_T1,matching_original_identifier_and_class,not_certified_requires_population_and_entity_scope_audit,different_fiscal_unit_classes_cannot_be_summed,16723855.19,17439241.58,3661.89,3901.40,12296528.00,13325482.00,10846.92,9736.69,4416480.27,4104022.89
065340018018,06,municipality,"Stadtallendorf, Stadt","Stadtallendorf, Stadt",kreisangehörige Gemeinde,kreisangehörige Gemeinde,06534018,06534018,21861,21688,STATISTIKPORTAL_INTEGRATED_2023_T1,STATISTIKPORTAL_INTEGRATED_2024_T1,matching_original_identifier_and_class,not_certified_requires_population_and_entity_scope_audit,different_fiscal_unit_classes_cannot_be_summed,17161233.48,17183954.18,785.02,792.33,5160077.00,4569661.00,3031561.12,3248188.90,8969595.36,9366104.28
065340019019,06,municipality,Steffenberg,Steffenberg,kreisangehörige Gemeinde,kreisangehörige Gemeinde,06534019,06534019,4055,3837,STATISTIKPORTAL_INTEGRATED_2023_T1,STATISTIKPORTAL_INTEGRATED_2024_T1,matching_original_identifier_and_class,not_certified_requires_population_and_entity_scope_audit,different_fiscal_unit_classes_cannot_be_summed,4787428.10,4492485.85,1180.62,1170.83,4102849.00,3851944.00,684572.53,640526.38,6.57,15.47
065340020020,06,municipality,Weimar (Lahn),Weimar (Lahn),kreisangehörige Gemeinde,kreisangehörige Gemeinde,06534020,06534020,7198,7310,STATISTIKPORTAL_INTEGRATED_2023_T1,STATISTIKPORTAL_INTEGRATED_2024_T1,matching_original_identifier_and_class,not_certified_requires_population_and_entity_scope_audit,different_fiscal_unit_classes_cannot_be_summed,5753130.15,5664384.39,799.27,774.88,4444122.00,4428607.00,0.00,0.00,1309008.15,1235777.39
065340021021,06,municipality,"Wetter (Hessen), Stadt","Wetter (Hessen), Stadt",kreisangehörige Gemeinde,kreisangehörige Gemeinde,06534021,06534021,9010,8906,STATISTIKPORTAL_INTEGRATED_2023_T1,STATISTIKPORTAL_INTEGRATED_2024_T1,matching_original_identifier_and_class,not_certified_requires_population_and_entity_scope_audit,different_fiscal_unit_classes_cannot_be_summed,28158361.43,33182756.91,3125.23,3725.89,9837006.00,15855573.00,152087.09,123137.56,18169268.34,17204046.35
065340022022,06,municipality,Wohratal,Wohratal,kreisangehörige Gemeinde,kreisangehörige Gemeinde,06534022,06534022,2199,2168,STATISTIKPORTAL_INTEGRATED_2023_T1,STATISTIKPORTAL_INTEGRATED_2024_T1,matching_original_identifier_and_class,not_certified_requires_population_and_entity_scope_audit,different_fiscal_unit_classes_cannot_be_summed,3533932.26,3252206.62,1607.06,1500.10,3523079.00,3242455.00,10846.92,9736.69,6.34,14.93
06535,06,county_administration,"Vogelsbergkreis, Kreisverwaltung","Vogelsbergkreis, Kreisverwaltung",Landkreis (Haushalt u. Verwaltung),Landkreis (Haushalt u. Verwaltung),,,106786,101329,STATISTIKPORTAL_INTEGRATED_2023_T1,STATISTIKPORTAL_INTEGRATED_2024_T1,matching_original_identifier_and_class,not_certified_requires_population_and_entity_scope_audit,different_fiscal_unit_classes_cannot_be_summed,156107060.86,163647996.92,1461.87,1615.02,37845834.00,44932071.00,11215901.09,10566621.96,107045325.77,108149303.96
065350001001,06,municipality,"Alsfeld, Stadt","Alsfeld, Stadt",kreisangehörige Gemeinde,kreisangehörige Gemeinde,06535001,06535001,16194,15324,STATISTIKPORTAL_INTEGRATED_2023_T1,STATISTIKPORTAL_INTEGRATED_2024_T1,matching_original_identifier_and_class,not_certified_requires_population_and_entity_scope_audit,different_fiscal_unit_classes_cannot_be_summed,61109954.91,63401328.93,3773.62,4137.39,48431798.00,48821187.00,693264.00,631028.00,11984892.91,13949113.93
065350002002,06,municipality,Antrifttal,Antrifttal,kreisangehörige Gemeinde,kreisangehörige Gemeinde,06535002,06535002,1809,1760,STATISTIKPORTAL_INTEGRATED_2023_T1,STATISTIKPORTAL_INTEGRATED_2024_T1,matching_original_identifier_and_class,not_certified_requires_population_and_entity_scope_audit,different_fiscal_unit_classes_cannot_be_summed,2539993.98,2257471.20,1404.09,1282.65,1216543.00,1085241.00,8060.00,5824.00,1315390.98,1166406.20
065350003003,06,municipality,Feldatal,Feldatal,kreisangehörige Gemeinde,kreisangehörige Gemeinde,06535003,06535003,2406,2189,STATISTIKPORTAL_INTEGRATED_2023_T1,STATISTIKPORTAL_INTEGRATED_2024_T1,matching_original_identifier_and_class,not_certified_requires_population_and_entity_scope_audit,different_fiscal_unit_classes_cannot_be_summed,3543416.35,6194035.71,1472.74,2829.62,3532696.00,6185599.00,8060.00,5824.00,2660.35,2612.71
065350004004,06,municipality,Freiensteinau,Freiensteinau,kreisangehörige Gemeinde,kreisangehörige Gemeinde,06535004,06535004,3190,2962,STATISTIKPORTAL_INTEGRATED_2023_T1,STATISTIKPORTAL_INTEGRATED_2024_T1,matching_original_identifier_and_class,not_certified_requires_population_and_entity_scope_audit,different_fiscal_unit_classes_cannot_be_summed,4470799.11,4721779.07,1401.50,1594.12,4396798.00,4657549.00,0.00,0.00,74001.11,64230.07
065350005005,06,municipality,Gemünden (Felda),Gemünden (Felda),kreisangehörige Gemeinde,kreisangehörige Gemeinde,06535005,06535005,2769,2652,STATISTIKPORTAL_INTEGRATED_2023_T1,STATISTIKPORTAL_INTEGRATED_2024_T1,matching_original_identifier_and_class,not_certified_requires_population_and_entity_scope_audit,different_fiscal_unit_classes_cannot_be_summed,2933170.53,2858489.06,1059.29,1077.86,2922453.00,2850059.00,8060.00,5824.00,2657.53,2606.06
065350006006,06,municipality,"Grebenau, Stadt","Grebenau, Stadt",kreisangehörige Gemeinde,kreisangehörige Gemeinde,06535006,06535006,2383,2299,STATISTIKPORTAL_INTEGRATED_2023_T1,STATISTIKPORTAL_INTEGRATED_2024_T1,matching_original_identifier_and_class,not_certified_requires_population_and_entity_scope_audit,different_fiscal_unit_classes_cannot_be_summed,9633941.20,10893936.59,4042.78,4738.55,9625810.00,10888034.00,8060.00,5824.00,71.20,78.59
065350007007,06,municipality,Grebenhain,Grebenhain,kreisangehörige Gemeinde,kreisangehörige Gemeinde,06535007,06535007,4638,4408,STATISTIKPORTAL_INTEGRATED_2023_T1,STATISTIKPORTAL_INTEGRATED_2024_T1,matching_original_identifier_and_class,not_certified_requires_population_and_entity_scope_audit,different_fiscal_unit_classes_cannot_be_summed,4792953.22,5973578.33,1033.41,1355.17,4790296.00,5970973.00,0.00,0.00,2657.22,2605.33
065350008008,06,municipality,"Herbstein, Stadt","Herbstein, Stadt",kreisangehörige Gemeinde,kreisangehörige Gemeinde,06535008,06535008,4646,4560,STATISTIKPORTAL_INTEGRATED_2023_T1,STATISTIKPORTAL_INTEGRATED_2024_T1,matching_original_identifier_and_class,not_certified_requires_population_and_entity_scope_audit,different_fiscal_unit_classes_cannot_be_summed,7522627.12,10523678.02,1619.16,2307.82,7519973.00,10521080.00,0.00,0.00,2654.12,2598.02
065350009009,06,municipality,"Homberg (Ohm), Stadt","Homberg (Ohm), Stadt",kreisangehörige Gemeinde,kreisangehörige Gemeinde,06535009,06535009,7506,6970,STATISTIKPORTAL_INTEGRATED_2023_T1,STATISTIKPORTAL_INTEGRATED_2024_T1,matching_original_identifier_and_class,not_certified_requires_population_and_entity_scope_audit,different_fiscal_unit_classes_cannot_be_summed,4961337.64,4462710.32,660.98,640.27,4155780.00,3757532.00,8060.00,5824.00,797497.64,699354.32
065350010010,06,municipality,"Kirtorf, Stadt","Kirtorf, Stadt",kreisangehörige Gemeinde,kreisangehörige Gemeinde,06535010,06535010,3148,3086,STATISTIKPORTAL_INTEGRATED_2023_T1,STATISTIKPORTAL_INTEGRATED_2024_T1,matching_original_identifier_and_class,not_certified_requires_population_and_entity_scope_audit,different_fiscal_unit_classes_cannot_be_summed,9068803.46,9959517.45,2880.81,3227.32,7709908.00,8748223.00,8060.00,5824.00,1350835.46,1205470.45
065350011011,06,municipality,"Lauterbach (Hessen), Kreisstadt","Lauterbach (Hessen), Kreisstadt",kreisangehörige Gemeinde,kreisangehörige Gemeinde,06535011,06535011,13904,13063,STATISTIKPORTAL_INTEGRATED_2023_T1,STATISTIKPORTAL_INTEGRATED_2024_T1,matching_original_identifier_and_class,not_certified_requires_population_and_entity_scope_audit,different_fiscal_unit_classes_cannot_be_summed,44833991.36,58702206.80,3224.54,4493.78,15337477.00,22441202.00,0.00,0.00,29496514.36,36261004.80
065350012012,06,municipality,Lautertal (Vogelsberg),Lautertal (Vogelsberg),kreisangehörige Gemeinde,kreisangehörige Gemeinde,06535012,06535012,2309,2239,STATISTIKPORTAL_INTEGRATED_2023_T1,STATISTIKPORTAL_INTEGRATED_2024_T1,matching_original_identifier_and_class,not_certified_requires_population_and_entity_scope_audit,different_fiscal_unit_classes_cannot_be_summed,2925139.12,3035397.02,1266.84,1355.69,2922485.00,3032799.00,0.00,0.00,2654.12,2598.02
065350013013,06,municipality,Mücke,Mücke,kreisangehörige Gemeinde,kreisangehörige Gemeinde,06535013,06535013,9465,9252,STATISTIKPORTAL_INTEGRATED_2023_T1,STATISTIKPORTAL_INTEGRATED_2024_T1,matching_original_identifier_and_class,not_certified_requires_population_and_entity_scope_audit,different_fiscal_unit_classes_cannot_be_summed,10889249.19,12836347.75,1150.48,1387.41,8893056.00,10825824.00,8060.00,5824.00,1988133.19,2004699.75
065350014014,06,municipality,"Romrod, Stadt","Romrod, Stadt",kreisangehörige Gemeinde,kreisangehörige Gemeinde,06535014,06535014,2703,2565,STATISTIKPORTAL_INTEGRATED_2023_T1,STATISTIKPORTAL_INTEGRATED_2024_T1,matching_original_identifier_and_class,not_certified_requires_population_and_entity_scope_audit,different_fiscal_unit_classes_cannot_be_summed,1696826.06,1569869.89,627.76,612.04,1232412.00,1116696.00,8060.00,5824.00,456354.06,447349.89
065350015015,06,municipality,"Schlitz, Stadt","Schlitz, Stadt",kreisangehörige Gemeinde,kreisangehörige Gemeinde,06535015,06535015,9946,9325,STATISTIKPORTAL_INTEGRATED_2023_T1,STATISTIKPORTAL_INTEGRATED_2024_T1,matching_original_identifier_and_class,not_certified_requires_population_and_entity_scope_audit,different_fiscal_unit_classes_cannot_be_summed,36625295.51,44569702.32,3682.41,4779.59,14363175.00,19930933.00,0.00,0.00,22262120.51,24638769.32
065350016016,06,municipality,"Schotten, Stadt","Schotten, Stadt",kreisangehörige Gemeinde,kreisangehörige Gemeinde,06535016,06535016,10026,9661,STATISTIKPORTAL_INTEGRATED_2023_T1,STATISTIKPORTAL_INTEGRATED_2024_T1,matching_original_identifier_and_class,not_certified_requires_population_and_entity_scope_audit,different_fiscal_unit_classes_cannot_be_summed,30363855.24,28852583.16,3028.51,2986.50,15724873.00,14982478.00,481369.03,485146.29,14157613.21,13384958.87
065350017017,06,municipality,Schwalmtal,Schwalmtal,kreisangehörige Gemeinde,kreisangehörige Gemeinde,06535017,06535017,2857,2775,STATISTIKPORTAL_INTEGRATED_2023_T1,STATISTIKPORTAL_INTEGRATED_2024_T1,matching_original_identifier_and_class,not_certified_requires_population_and_entity_scope_audit,different_fiscal_unit_classes_cannot_be_summed,8416173.53,10452026.06,2945.81,3766.50,8405456.00,10443596.00,8060.00,5824.00,2657.53,2606.06
065350018018,06,municipality,"Ulrichstein, Stadt","Ulrichstein, Stadt",kreisangehörige Gemeinde,kreisangehörige Gemeinde,06535018,06535018,3034,2750,STATISTIKPORTAL_INTEGRATED_2023_T1,STATISTIKPORTAL_INTEGRATED_2024_T1,matching_original_identifier_and_class,not_certified_requires_population_and_entity_scope_audit,different_fiscal_unit_classes_cannot_be_summed,5330533.22,5607389.33,1756.93,2039.05,3118103.00,3607389.00,0.00,0.00,2212430.22,2000000.33
065350019019,06,municipality,Wartenberg,Wartenberg,kreisangehörige Gemeinde,kreisangehörige Gemeinde,06535019,06535019,3853,3489,STATISTIKPORTAL_INTEGRATED_2023_T1,STATISTIKPORTAL_INTEGRATED_2024_T1,matching_original_identifier_and_class,not_certified_requires_population_and_entity_scope_audit,different_fiscal_unit_classes_cannot_be_summed,1182540.81,1619972.61,306.91,464.31,1107390.00,1500453.00,0.00,0.00,75150.81,119519.61
066110000000,06,municipality,"Kassel, documenta-Stadt","Kassel, documenta-Stadt",kreisfreie Stadt,kreisfreie Stadt,06611000,06611000,203999,197324,STATISTIKPORTAL_INTEGRATED_2023_T1,STATISTIKPORTAL_INTEGRATED_2024_T1,matching_original_identifier_and_class,not_certified_requires_population_and_entity_scope_audit,different_fiscal_unit_classes_cannot_be_summed,1074544513.37,1153865247.93,5267.40,5847.57,447321995.00,454020390.00,65814049.83,86115623.42,561408468.54,613729234.51
06631,06,county_administration,"Landkreis Fulda, Kreisverwaltung","Landkreis Fulda, Kreisverwaltung",Landkreis (Haushalt u. Verwaltung),Landkreis (Haushalt u. Verwaltung),,,228021,222984,STATISTIKPORTAL_INTEGRATED_2023_T1,STATISTIKPORTAL_INTEGRATED_2024_T1,matching_original_identifier_and_class,not_certified_requires_population_and_entity_scope_audit,different_fiscal_unit_classes_cannot_be_summed,243387984.65,256963894.85,1067.39,1152.39,78598612.00,99132824.00,4542056.25,5578525.32,160247316.40,152252545.53
066310001001,06,municipality,Bad Salzschlirf,Bad Salzschlirf,kreisangehörige Gemeinde,kreisangehörige Gemeinde,06631001,06631001,3585,3594,STATISTIKPORTAL_INTEGRATED_2023_T1,STATISTIKPORTAL_INTEGRATED_2024_T1,matching_original_identifier_and_class,not_certified_requires_population_and_entity_scope_audit,different_fiscal_unit_classes_cannot_be_summed,11848418.19,13380925.57,3305.00,3723.13,10145154.00,11555173.00,1431890.00,1431890.00,271374.19,393862.57
066310002002,06,municipality,"Burghaun, Marktgemeinde","Burghaun, Marktgemeinde",kreisangehörige Gemeinde,kreisangehörige Gemeinde,06631002,06631002,6464,6386,STATISTIKPORTAL_INTEGRATED_2023_T1,STATISTIKPORTAL_INTEGRATED_2024_T1,matching_original_identifier_and_class,not_certified_requires_population_and_entity_scope_audit,different_fiscal_unit_classes_cannot_be_summed,11527316.23,11923714.67,1783.31,1867.16,3422244.00,2791230.00,0.00,0.00,8105072.23,9132484.67
066310003003,06,municipality,Dipperz,Dipperz,kreisangehörige Gemeinde,kreisangehörige Gemeinde,06631003,06631003,3633,3650,STATISTIKPORTAL_INTEGRATED_2023_T1,STATISTIKPORTAL_INTEGRATED_2024_T1,matching_original_identifier_and_class,not_certified_requires_population_and_entity_scope_audit,different_fiscal_unit_classes_cannot_be_summed,942022.13,834743.49,259.30,228.70,585046.00,480410.00,0.00,0.00,356976.13,354333.49
066310004004,06,municipality,Ebersburg,Ebersburg,kreisangehörige Gemeinde,kreisangehörige Gemeinde,06631004,06631004,4735,4670,STATISTIKPORTAL_INTEGRATED_2023_T1,STATISTIKPORTAL_INTEGRATED_2024_T1,matching_original_identifier_and_class,not_certified_requires_population_and_entity_scope_audit,different_fiscal_unit_classes_cannot_be_summed,5785868.30,6816576.48,1221.94,1459.65,2280852.00,1992927.00,46600.80,42730.80,3458415.50,4780918.68
066310005005,06,municipality,Ehrenberg (Rhön),Ehrenberg (Rhön),kreisangehörige Gemeinde,kreisangehörige Gemeinde,06631005,06631005,2528,2566,STATISTIKPORTAL_INTEGRATED_2023_T1,STATISTIKPORTAL_INTEGRATED_2024_T1,matching_original_identifier_and_class,not_certified_requires_population_and_entity_scope_audit,different_fiscal_unit_classes_cannot_be_summed,2287568.24,2568986.16,904.89,1001.16,2190308.00,2480169.00,93201.60,85461.60,4058.64,3355.56
066310006006,06,municipality,Eichenzell,Eichenzell,kreisangehörige Gemeinde,kreisangehörige Gemeinde,06631006,06631006,11372,11754,STATISTIKPORTAL_INTEGRATED_2023_T1,STATISTIKPORTAL_INTEGRATED_2024_T1,matching_original_identifier_and_class,not_certified_requires_population_and_entity_scope_audit,different_fiscal_unit_classes_cannot_be_summed,28991526.06,32470498.46,2549.38,2762.51,13870507.00,15029608.00,8125404.00,7806592.00,6995615.06,9634298.46
066310007007,06,municipality,"Eiterfeld, Marktgemeinde","Eiterfeld, Marktgemeinde",kreisangehörige Gemeinde,kreisangehörige Gemeinde,06631007,06631007,7111,6994,STATISTIKPORTAL_INTEGRATED_2023_T1,STATISTIKPORTAL_INTEGRATED_2024_T1,matching_original_identifier_and_class,not_certified_requires_population_and_entity_scope_audit,different_fiscal_unit_classes_cannot_be_summed,3518252.23,3232061.67,494.76,462.12,3518246.00,3232047.00,0.00,0.00,6.23,14.67
066310008008,06,municipality,Flieden,Flieden,kreisangehörige Gemeinde,kreisangehörige Gemeinde,06631008,06631008,8859,8675,STATISTIKPORTAL_INTEGRATED_2023_T1,STATISTIKPORTAL_INTEGRATED_2024_T1,matching_original_identifier_and_class,not_certified_requires_population_and_entity_scope_audit,different_fiscal_unit_classes_cannot_be_summed,9154188.85,8438894.13,1033.32,972.78,9100680.00,8392662.00,0.00,0.00,53508.85,46232.13
066310009009,06,municipality,"Fulda, Stadt","Fulda, Stadt",kreisangehörige Gemeinde,kreisangehörige Gemeinde,06631009,06631009,70021,65996,STATISTIKPORTAL_INTEGRATED_2023_T1,STATISTIKPORTAL_INTEGRATED_2024_T1,matching_original_identifier_and_class,not_certified_requires_population_and_entity_scope_audit,different_fiscal_unit_classes_cannot_be_summed,286805698.82,310920367.74,4096.00,4711.20,73760476.00,85431369.00,4542056.25,5578524.20,208503166.57,219910474.54
066310010010,06,municipality,"Gersfeld (Rhön), Stadt","Gersfeld (Rhön), Stadt",kreisangehörige Gemeinde,kreisangehörige Gemeinde,06631010,06631010,5529,5340,STATISTIKPORTAL_INTEGRATED_2023_T1,STATISTIKPORTAL_INTEGRATED_2024_T1,matching_original_identifier_and_class,not_certified_requires_population_and_entity_scope_audit,different_fiscal_unit_classes_cannot_be_summed,19346516.50,18615728.86,3499.10,3486.09,7255059.00,6605532.00,139802.40,128192.40,11951655.10,11882004.46
066310011011,06,municipality,Großenlüder,Großenlüder,kreisangehörige Gemeinde,kreisangehörige Gemeinde,06631011,06631011,8796,8724,STATISTIKPORTAL_INTEGRATED_2023_T1,STATISTIKPORTAL_INTEGRATED_2024_T1,matching_original_identifier_and_class,not_certified_requires_population_and_entity_scope_audit,different_fiscal_unit_classes_cannot_be_summed,13576889.17,12570285.94,1543.53,1440.89,4136423.00,3776418.00,0.00,0.00,9440466.17,8793867.94
066310012012,06,municipality,Hilders,Hilders,kreisangehörige Gemeinde,kreisangehörige Gemeinde,06631012,06631012,4815,4778,STATISTIKPORTAL_INTEGRATED_2023_T1,STATISTIKPORTAL_INTEGRATED_2024_T1,matching_original_identifier_and_class,not_certified_requires_population_and_entity_scope_audit,different_fiscal_unit_classes_cannot_be_summed,4306523.22,6139530.69,894.40,1284.96,4206637.00,6048546.00,93201.60,85461.60,6684.62,5523.09
066310013013,06,municipality,Hofbieber,Hofbieber,kreisangehörige Gemeinde,kreisangehörige Gemeinde,06631013,06631013,6325,6251,STATISTIKPORTAL_INTEGRATED_2023_T1,STATISTIKPORTAL_INTEGRATED_2024_T1,matching_original_identifier_and_class,not_certified_requires_population_and_entity_scope_audit,different_fiscal_unit_classes_cannot_be_summed,19692289.65,20158917.57,3113.41,3224.91,6180531.00,6645314.00,0.00,0.00,13511758.65,13513603.57
066310014014,06,municipality,Hosenfeld,Hosenfeld,kreisangehörige Gemeinde,kreisangehörige Gemeinde,06631014,06631014,4635,4576,STATISTIKPORTAL_INTEGRATED_2023_T1,STATISTIKPORTAL_INTEGRATED_2024_T1,matching_original_identifier_and_class,not_certified_requires_population_and_entity_scope_audit,different_fiscal_unit_classes_cannot_be_summed,9344322.20,8934892.18,2016.03,1952.56,8758602.00,8261964.00,0.00,0.00,585720.20,672928.18
066310015015,06,municipality,"Hünfeld, Konrad-Zuse-Stadt","Hünfeld, Konrad-Zuse-Stadt",kreisangehörige Gemeinde,kreisangehörige Gemeinde,06631015,06631015,16988,16954,STATISTIKPORTAL_INTEGRATED_2023_T1,STATISTIKPORTAL_INTEGRATED_2024_T1,matching_original_identifier_and_class,not_certified_requires_population_and_entity_scope_audit,different_fiscal_unit_classes_cannot_be_summed,1702235.41,1330830.28,100.20,78.50,1697968.00,1327597.00,0.00,0.00,4267.41,3233.28
066310016016,06,municipality,Kalbach,Kalbach,kreisangehörige Gemeinde,kreisangehörige Gemeinde,06631016,06631016,6497,6476,STATISTIKPORTAL_INTEGRATED_2023_T1,STATISTIKPORTAL_INTEGRATED_2024_T1,matching_original_identifier_and_class,not_certified_requires_population_and_entity_scope_audit,different_fiscal_unit_classes_cannot_be_summed,3635363.75,3275942.82,559.54,505.86,3581858.00,3229718.00,0.00,0.00,53505.75,46224.82
066310017017,06,municipality,Künzell,Künzell,kreisangehörige Gemeinde,kreisangehörige Gemeinde,06631017,06631017,17013,16912,STATISTIKPORTAL_INTEGRATED_2023_T1,STATISTIKPORTAL_INTEGRATED_2024_T1,matching_original_identifier_and_class,not_certified_requires_population_and_entity_scope_audit,different_fiscal_unit_classes_cannot_be_summed,8109776.79,8411198.66,476.68,497.35,1314465.00,1222625.00,0.00,0.00,6795311.79,7188573.66
066310018018,06,municipality,Neuhof,Neuhof,kreisangehörige Gemeinde,kreisangehörige Gemeinde,06631018,06631018,10910,10903,STATISTIKPORTAL_INTEGRATED_2023_T1,STATISTIKPORTAL_INTEGRATED_2024_T1,matching_original_identifier_and_class,not_certified_requires_population_and_entity_scope_audit,different_fiscal_unit_classes_cannot_be_summed,2287365.88,2146605.80,209.66,196.88,2121448.00,2002488.00,0.00,0.00,165917.88,144117.80
066310019019,06,municipality,Nüsttal,Nüsttal,kreisangehörige Gemeinde,kreisangehörige Gemeinde,06631019,06631019,2939,2855,STATISTIKPORTAL_INTEGRATED_2023_T1,STATISTIKPORTAL_INTEGRATED_2024_T1,matching_original_identifier_and_class,not_certified_requires_population_and_entity_scope_audit,different_fiscal_unit_classes_cannot_be_summed,917071.13,1286787.36,312.04,450.71,917068.00,1286780.00,0.00,0.00,3.13,7.36
066310020020,06,municipality,Petersberg,Petersberg,kreisangehörige Gemeinde,kreisangehörige Gemeinde,06631020,06631020,16363,16052,STATISTIKPORTAL_INTEGRATED_2023_T1,STATISTIKPORTAL_INTEGRATED_2024_T1,matching_original_identifier_and_class,not_certified_requires_population_and_entity_scope_audit,different_fiscal_unit_classes_cannot_be_summed,10855851.08,10349058.47,663.44,644.72,5540886.00,5161222.00,0.00,0.00,5314965.08,5187836.47
066310021021,06,municipality,Poppenhausen (Wasserkuppe),Poppenhausen (Wasserkuppe),kreisangehörige Gemeinde,kreisangehörige Gemeinde,06631021,06631021,2725,2761,STATISTIKPORTAL_INTEGRATED_2023_T1,STATISTIKPORTAL_INTEGRATED_2024_T1,matching_original_identifier_and_class,not_certified_requires_population_and_entity_scope_audit,different_fiscal_unit_classes_cannot_be_summed,1282438.13,1134118.36,470.62,410.76,1282435.00,1134111.00,0.00,0.00,3.13,7.36
066310022022,06,municipality,"Rasdorf, Point-Alpha-Gemeinde","Rasdorf, Point-Alpha-Gemeinde",kreisangehörige Gemeinde,kreisangehörige Gemeinde,06631022,06631022,1605,1584,STATISTIKPORTAL_INTEGRATED_2023_T1,STATISTIKPORTAL_INTEGRATED_2024_T1,matching_original_identifier_and_class,not_certified_requires_population_and_entity_scope_audit,different_fiscal_unit_classes_cannot_be_summed,476328.13,343345.36,296.78,216.76,476325.00,343338.00,0.00,0.00,3.13,7.36
066310023023,06,municipality,"Tann (Rhön), Stadt","Tann (Rhön), Stadt",kreisangehörige Gemeinde,kreisangehörige Gemeinde,06631023,06631023,4573,4533,STATISTIKPORTAL_INTEGRATED_2023_T1,STATISTIKPORTAL_INTEGRATED_2024_T1,matching_original_identifier_and_class,not_certified_requires_population_and_entity_scope_audit,different_fiscal_unit_classes_cannot_be_summed,6773876.65,6645584.95,1481.28,1466.05,6673544.00,6554232.00,93201.60,85461.60,7131.05,5891.35
06632,06,county_administration,"Landkreis Hersfeld-Rotenburg, Kreisverwaltung","Landkreis Hersfeld-Rotenburg, Kreisverwaltung",Landkreis (Haushalt u. Verwaltung),Landkreis (Haushalt u. Verwaltung),,,121371,117761,STATISTIKPORTAL_INTEGRATED_2023_T1,STATISTIKPORTAL_INTEGRATED_2024_T1,matching_original_identifier_and_class,not_certified_requires_population_and_entity_scope_audit,different_fiscal_unit_classes_cannot_be_summed,292732862.69,312568982.06,2411.88,2654.27,157260619.00,175746128.00,18728796.70,18948176.77,116743446.99,117874677.29
066320001001,06,municipality,Alheim,Alheim,kreisangehörige Gemeinde,kreisangehörige Gemeinde,06632001,06632001,4936,4809,STATISTIKPORTAL_INTEGRATED_2023_T1,STATISTIKPORTAL_INTEGRATED_2024_T1,matching_original_identifier_and_class,not_certified_requires_population_and_entity_scope_audit,different_fiscal_unit_classes_cannot_be_summed,9825497.55,10129251.28,1990.58,2106.31,9656457.00,9970729.00,169029.95,158497.64,10.60,24.64
066320002002,06,municipality,"Bad Hersfeld, Kreisstadt","Bad Hersfeld, Kreisstadt",kreisangehörige Gemeinde,kreisangehörige Gemeinde,06632002,06632002,30647,30907,STATISTIKPORTAL_INTEGRATED_2023_T1,STATISTIKPORTAL_INTEGRATED_2024_T1,matching_original_identifier_and_class,not_certified_requires_population_and_entity_scope_audit,different_fiscal_unit_classes_cannot_be_summed,191434853.89,190146412.63,6246.45,6152.21,107802789.00,108178448.00,1452460.00,1342413.47,82179604.89,80625551.16
066320003003,06,municipality,"Bebra, Stadt","Bebra, Stadt",kreisangehörige Gemeinde,kreisangehörige Gemeinde,06632003,06632003,13928,13009,STATISTIKPORTAL_INTEGRATED_2023_T1,STATISTIKPORTAL_INTEGRATED_2024_T1,matching_original_identifier_and_class,not_certified_requires_population_and_entity_scope_audit,different_fiscal_unit_classes_cannot_be_summed,46320268.43,45827489.23,3325.69,3522.75,19393709.00,18566306.00,0.00,0.00,26926559.43,27261183.23
066320004004,06,municipality,Breitenbach a. Herzberg,Breitenbach a. Herzberg,kreisangehörige Gemeinde,kreisangehörige Gemeinde,06632004,06632004,1699,1673,STATISTIKPORTAL_INTEGRATED_2023_T1,STATISTIKPORTAL_INTEGRATED_2024_T1,matching_original_identifier_and_class,not_certified_requires_population_and_entity_scope_audit,different_fiscal_unit_classes_cannot_be_summed,4298736.08,5467193.48,2530.16,3267.90,4244918.00,5416720.00,53811.85,50458.81,6.23,14.67
066320005005,06,municipality,Cornberg,Cornberg,kreisangehörige Gemeinde,kreisangehörige Gemeinde,06632005,06632005,1327,1287,STATISTIKPORTAL_INTEGRATED_2023_T1,STATISTIKPORTAL_INTEGRATED_2024_T1,matching_original_identifier_and_class,not_certified_requires_population_and_entity_scope_audit,different_fiscal_unit_classes_cannot_be_summed,7321807.40,7623740.73,5517.56,5923.65,1236023.00,1618715.00,49689.16,46593.02,6036095.24,5958432.71
066320006006,06,municipality,Friedewald,Friedewald,kreisangehörige Gemeinde,kreisangehörige Gemeinde,06632006,06632006,2554,2664,STATISTIKPORTAL_INTEGRATED_2023_T1,STATISTIKPORTAL_INTEGRATED_2024_T1,matching_original_identifier_and_class,not_certified_requires_population_and_entity_scope_audit,different_fiscal_unit_classes_cannot_be_summed,10917509.76,10841651.86,4274.67,4069.69,10263691.00,10142722.00,77029.05,72229.35,576789.71,626700.51
066320007007,06,municipality,Hauneck,Hauneck,kreisangehörige Gemeinde,kreisangehörige Gemeinde,06632007,06632007,3229,3055,STATISTIKPORTAL_INTEGRATED_2023_T1,STATISTIKPORTAL_INTEGRATED_2024_T1,matching_original_identifier_and_class,not_certified_requires_population_and_entity_scope_audit,different_fiscal_unit_classes_cannot_be_summed,7255139.99,6823586.00,2246.87,2233.58,7150762.00,6725699.00,104368.94,97865.68,9.05,21.32
066320008008,06,municipality,"Haunetal, Marktgemeinde","Haunetal, Marktgemeinde",kreisangehörige Gemeinde,kreisangehörige Gemeinde,06632008,06632008,2960,2802,STATISTIKPORTAL_INTEGRATED_2023_T1,STATISTIKPORTAL_INTEGRATED_2024_T1,matching_original_identifier_and_class,not_certified_requires_population_and_entity_scope_audit,different_fiscal_unit_classes_cannot_be_summed,5725931.16,5270430.30,1934.44,1880.95,5712038.00,5257394.00,13886.93,13021.63,6.23,14.67
066320009009,06,municipality,"Heringen (Werra), Stadt","Heringen (Werra), Stadt",kreisangehörige Gemeinde,kreisangehörige Gemeinde,06632009,06632009,7055,6716,STATISTIKPORTAL_INTEGRATED_2023_T1,STATISTIKPORTAL_INTEGRATED_2024_T1,matching_original_identifier_and_class,not_certified_requires_population_and_entity_scope_audit,different_fiscal_unit_classes_cannot_be_summed,69186549.69,75300122.61,9806.74,11212.05,66398352.00,72260490.00,0.00,0.00,2788197.69,3039632.61
066320010010,06,municipality,Hohenroda,Hohenroda,kreisangehörige Gemeinde,kreisangehörige Gemeinde,06632010,06632010,3109,3024,STATISTIKPORTAL_INTEGRATED_2023_T1,STATISTIKPORTAL_INTEGRATED_2024_T1,matching_original_identifier_and_class,not_certified_requires_population_and_entity_scope_audit,different_fiscal_unit_classes_cannot_be_summed,6472334.18,6364705.50,2081.81,2104.73,432193.00,419881.00,52509.95,49238.03,5987631.23,5895586.47
066320011011,06,municipality,Kirchheim,Kirchheim,kreisangehörige Gemeinde,kreisangehörige Gemeinde,06632011,06632011,3645,3640,STATISTIKPORTAL_INTEGRATED_2023_T1,STATISTIKPORTAL_INTEGRATED_2024_T1,matching_original_identifier_and_class,not_certified_requires_population_and_entity_scope_audit,different_fiscal_unit_classes_cannot_be_summed,11946711.53,11929604.05,3277.56,3277.36,830234.00,777590.00,136265.48,127774.73,10980212.05,11024239.32
066320012012,06,municipality,Ludwigsau,Ludwigsau,kreisangehörige Gemeinde,kreisangehörige Gemeinde,06632012,06632012,5547,5399,STATISTIKPORTAL_INTEGRATED_2023_T1,STATISTIKPORTAL_INTEGRATED_2024_T1,matching_original_identifier_and_class,not_certified_requires_population_and_entity_scope_audit,different_fiscal_unit_classes_cannot_be_summed,563589.29,528672.09,101.60,97.92,398239.00,373612.00,165341.24,155038.77,9.05,21.32
066320013013,06,municipality,Nentershausen,Nentershausen,kreisangehörige Gemeinde,kreisangehörige Gemeinde,06632013,06632013,2486,2390,STATISTIKPORTAL_INTEGRATED_2023_T1,STATISTIKPORTAL_INTEGRATED_2024_T1,matching_original_identifier_and_class,not_certified_requires_population_and_entity_scope_audit,different_fiscal_unit_classes_cannot_be_summed,10249487.96,9929797.15,4122.88,4154.73,4025515.00,3842228.00,96774.53,90744.48,6127198.43,5996824.67
066320014014,06,municipality,Neuenstein,Neuenstein,kreisangehörige Gemeinde,kreisangehörige Gemeinde,06632014,06632014,3198,3002,STATISTIKPORTAL_INTEGRATED_2023_T1,STATISTIKPORTAL_INTEGRATED_2024_T1,matching_original_identifier_and_class,not_certified_requires_population_and_entity_scope_audit,different_fiscal_unit_classes_cannot_be_summed,3717281.71,3389143.45,1162.38,1128.96,3621155.00,3299002.00,96123.58,90134.09,3.13,7.36
066320015015,06,municipality,"Niederaula, Marktgemeinde","Niederaula, Marktgemeinde",kreisangehörige Gemeinde,kreisangehörige Gemeinde,06632015,06632015,5303,5201,STATISTIKPORTAL_INTEGRATED_2023_T1,STATISTIKPORTAL_INTEGRATED_2024_T1,matching_original_identifier_and_class,not_certified_requires_population_and_entity_scope_audit,different_fiscal_unit_classes_cannot_be_summed,6146630.40,5682852.29,1159.09,1092.65,5980415.00,5526985.00,166209.17,155852.62,6.23,14.67
066320016016,06,municipality,"Philippsthal (Werra), Marktgemeinde","Philippsthal (Werra), Marktgemeinde",kreisangehörige Gemeinde,kreisangehörige Gemeinde,06632016,06632016,4119,3944,STATISTIKPORTAL_INTEGRATED_2023_T1,STATISTIKPORTAL_INTEGRATED_2024_T1,matching_original_identifier_and_class,not_certified_requires_population_and_entity_scope_audit,different_fiscal_unit_classes_cannot_be_summed,1905645.44,2010537.88,462.65,509.77,252441.00,238574.00,163171.40,153004.14,1490033.04,1618959.74
066320017017,06,municipality,Ronshausen,Ronshausen,kreisangehörige Gemeinde,kreisangehörige Gemeinde,06632017,06632017,2383,2297,STATISTIKPORTAL_INTEGRATED_2023_T1,STATISTIKPORTAL_INTEGRATED_2024_T1,matching_original_identifier_and_class,not_certified_requires_population_and_entity_scope_audit,different_fiscal_unit_classes_cannot_be_summed,11593907.23,11086992.93,4865.26,4826.73,4827543.00,4481415.00,81368.72,76298.61,6684995.51,6529279.32
066320018018,06,municipality,"Rotenburg a. d. Fulda, Stadt","Rotenburg a. d. Fulda, Stadt",kreisangehörige Gemeinde,kreisangehörige Gemeinde,06632018,06632018,14027,12982,STATISTIKPORTAL_INTEGRATED_2023_T1,STATISTIKPORTAL_INTEGRATED_2024_T1,matching_original_identifier_and_class,not_certified_requires_population_and_entity_scope_audit,different_fiscal_unit_classes_cannot_be_summed,51766286.60,55223427.67,3690.47,4253.85,20954639.00,24075794.00,554175.22,519644.37,30257472.38,30627989.30
066320019019,06,municipality,Schenklengsfeld,Schenklengsfeld,kreisangehörige Gemeinde,kreisangehörige Gemeinde,06632019,06632019,4253,4218,STATISTIKPORTAL_INTEGRATED_2023_T1,STATISTIKPORTAL_INTEGRATED_2024_T1,matching_original_identifier_and_class,not_certified_requires_population_and_entity_scope_audit,different_fiscal_unit_classes_cannot_be_summed,22128124.54,23549682.92,5202.94,5583.14,21977526.00,23408451.00,150586.38,141203.29,12.16,28.63
066320020020,06,municipality,Wildeck,Wildeck,kreisangehörige Gemeinde,kreisangehörige Gemeinde,06632020,06632020,4966,4742,STATISTIKPORTAL_INTEGRATED_2023_T1,STATISTIKPORTAL_INTEGRATED_2024_T1,matching_original_identifier_and_class,not_certified_requires_population_and_entity_scope_audit,different_fiscal_unit_classes_cannot_be_summed,26784928.77,26691035.57,5393.66,5628.65,8699112.00,9109913.00,108708.61,101934.94,17977108.16,17479187.63
06633,06,county_administration,"Landkreis Kassel, Kreisverwaltung","Landkreis Kassel, Kreisverwaltung",Landkreis (Haushalt u. Verwaltung),Landkreis (Haushalt u. Verwaltung),,,241027,230931,STATISTIKPORTAL_INTEGRATED_2023_T1,STATISTIKPORTAL_INTEGRATED_2024_T1,matching_original_identifier_and_class,not_certified_requires_population_and_entity_scope_audit,different_fiscal_unit_classes_cannot_be_summed,305644385.34,354494611.64,1268.09,1535.07,141370658.00,181283434.00,30825594.76,29591648.46,133448132.58,143619529.18
066330001001,06,municipality,Ahnatal,Ahnatal,kreisangehörige Gemeinde,kreisangehörige Gemeinde,06633001,06633001,7976,7514,STATISTIKPORTAL_INTEGRATED_2023_T1,STATISTIKPORTAL_INTEGRATED_2024_T1,matching_original_identifier_and_class,not_certified_requires_population_and_entity_scope_audit,different_fiscal_unit_classes_cannot_be_summed,20607936.36,19347834.99,2583.74,2574.90,19984822.00,18654285.00,193549.06,181488.95,429565.30,512061.04
066330002002,06,municipality,"Bad Karlshafen, Stadt","Bad Karlshafen, Stadt",kreisangehörige Gemeinde,kreisangehörige Gemeinde,06633002,06633002,3713,3375,STATISTIKPORTAL_INTEGRATED_2023_T1,STATISTIKPORTAL_INTEGRATED_2024_T1,matching_original_identifier_and_class,not_certified_requires_population_and_entity_scope_audit,different_fiscal_unit_classes_cannot_be_summed,21935488.26,20823685.61,5907.75,6169.98,21857699.00,20735036.00,77783.03,88634.94,6.23,14.67
066330003003,06,municipality,"Baunatal, Stadt","Baunatal, Stadt",kreisangehörige Gemeinde,kreisangehörige Gemeinde,06633003,06633003,28276,27807,STATISTIKPORTAL_INTEGRATED_2023_T1,STATISTIKPORTAL_INTEGRATED_2024_T1,matching_original_identifier_and_class,not_certified_requires_population_and_entity_scope_audit,different_fiscal_unit_classes_cannot_be_summed,6688032.83,5951506.09,236.53,214.03,3493996.00,3115638.00,661147.96,619951.61,2532888.87,2215916.48
066330004004,06,municipality,Breuna,Breuna,kreisangehörige Gemeinde,kreisangehörige Gemeinde,06633004,06633004,3586,3372,STATISTIKPORTAL_INTEGRATED_2023_T1,STATISTIKPORTAL_INTEGRATED_2024_T1,matching_original_identifier_and_class,not_certified_requires_population_and_entity_scope_audit,different_fiscal_unit_classes_cannot_be_summed,6592596.30,6187927.60,1838.43,1835.09,5714617.00,5325605.00,177786.26,145424.34,700193.04,716898.26
066330005005,06,municipality,Calden,Calden,kreisangehörige Gemeinde,kreisangehörige Gemeinde,06633005,06633005,7570,6949,STATISTIKPORTAL_INTEGRATED_2023_T1,STATISTIKPORTAL_INTEGRATED_2024_T1,matching_original_identifier_and_class,not_certified_requires_population_and_entity_scope_audit,different_fiscal_unit_classes_cannot_be_summed,15252639.74,16788688.85,2014.88,2415.99,14322377.00,15917036.00,373856.12,348626.01,556406.62,523026.84
066330006006,06,municipality,Bad Emstal,Bad Emstal,kreisangehörige Gemeinde,kreisangehörige Gemeinde,06633006,06633006,5971,5545,STATISTIKPORTAL_INTEGRATED_2023_T1,STATISTIKPORTAL_INTEGRATED_2024_T1,matching_original_identifier_and_class,not_certified_requires_population_and_entity_scope_audit,different_fiscal_unit_classes_cannot_be_summed,21479883.05,20336324.32,3597.37,3667.51,9303679.00,20336303.00,0.00,0.00,12176204.05,21.32
066330007007,06,municipality,Espenau,Espenau,kreisangehörige Gemeinde,kreisangehörige Gemeinde,06633007,06633007,5318,5106,STATISTIKPORTAL_INTEGRATED_2023_T1,STATISTIKPORTAL_INTEGRATED_2024_T1,matching_original_identifier_and_class,not_certified_requires_population_and_entity_scope_audit,different_fiscal_unit_classes_cannot_be_summed,7921102.05,8919299.32,1489.49,1746.83,6145662.00,6735526.00,0.00,0.00,1775440.05,2183773.32
066330008008,06,municipality,Fuldabrück,Fuldabrück,kreisangehörige Gemeinde,kreisangehörige Gemeinde,06633008,06633008,8984,8535,STATISTIKPORTAL_INTEGRATED_2023_T1,STATISTIKPORTAL_INTEGRATED_2024_T1,matching_original_identifier_and_class,not_certified_requires_population_and_entity_scope_audit,different_fiscal_unit_classes_cannot_be_summed,16032251.99,15004905.50,1784.53,1758.04,15847795.00,14831912.00,184435.76,172943.51,21.23,49.99
066330009009,06,municipality,Fuldatal,Fuldatal,kreisangehörige Gemeinde,kreisangehörige Gemeinde,06633009,06633009,12949,12652,STATISTIKPORTAL_INTEGRATED_2023_T1,STATISTIKPORTAL_INTEGRATED_2024_T1,matching_original_identifier_and_class,not_certified_requires_population_and_entity_scope_audit,different_fiscal_unit_classes_cannot_be_summed,45540647.53,46564772.67,3516.92,3680.43,45033317.00,42098585.00,223275.76,209363.38,284054.77,4256824.29
066330010010,06,municipality,"Grebenstein, Stadt","Grebenstein, Stadt",kreisangehörige Gemeinde,kreisangehörige Gemeinde,06633010,06633010,5746,5357,STATISTIKPORTAL_INTEGRATED_2023_T1,STATISTIKPORTAL_INTEGRATED_2024_T1,matching_original_identifier_and_class,not_certified_requires_population_and_entity_scope_audit,different_fiscal_unit_classes_cannot_be_summed,74272905.02,79327058.02,12926.02,14808.11,4519225.00,4204360.00,164256.32,154028.42,69589423.70,74968669.60
066330011011,06,municipality,Habichtswald,Habichtswald,kreisangehörige Gemeinde,kreisangehörige Gemeinde,06633011,06633011,5318,5158,STATISTIKPORTAL_INTEGRATED_2023_T1,STATISTIKPORTAL_INTEGRATED_2024_T1,matching_original_identifier_and_class,not_certified_requires_population_and_entity_scope_audit,different_fiscal_unit_classes_cannot_be_summed,4819788.23,5290955.67,906.32,1025.78,4390232.00,4778916.00,0.00,0.00,429556.23,512039.67
066330012012,06,municipality,Helsa,Helsa,kreisangehörige Gemeinde,kreisangehörige Gemeinde,06633012,06633012,5765,5318,STATISTIKPORTAL_INTEGRATED_2023_T1,STATISTIKPORTAL_INTEGRATED_2024_T1,matching_original_identifier_and_class,not_certified_requires_population_and_entity_scope_audit,different_fiscal_unit_classes_cannot_be_summed,6098247.01,6608952.08,1057.81,1242.75,5897227.00,6383081.00,201013.78,225856.41,6.23,14.67
066330013013,06,municipality,"Hofgeismar, Stadt","Hofgeismar, Stadt",kreisangehörige Gemeinde,kreisangehörige Gemeinde,06633013,06633013,15647,14456,STATISTIKPORTAL_INTEGRATED_2023_T1,STATISTIKPORTAL_INTEGRATED_2024_T1,matching_original_identifier_and_class,not_certified_requires_population_and_entity_scope_audit,different_fiscal_unit_classes_cannot_be_summed,1609346.16,8517767.63,102.85,589.22,1609334.00,5517739.00,0.00,0.00,12.16,3000028.63
066330014014,06,municipality,"Immenhausen, Stadt","Immenhausen, Stadt",kreisangehörige Gemeinde,kreisangehörige Gemeinde,06633014,06633014,7145,7042,STATISTIKPORTAL_INTEGRATED_2023_T1,STATISTIKPORTAL_INTEGRATED_2024_T1,matching_original_identifier_and_class,not_certified_requires_population_and_entity_scope_audit,different_fiscal_unit_classes_cannot_be_summed,6912902.08,10599832.04,967.52,1505.23,4362130.00,3704598.00,406929.32,379261.32,2143842.76,6515972.72
066330015015,06,municipality,Kaufungen,Kaufungen,kreisangehörige Gemeinde,kreisangehörige Gemeinde,06633015,06633015,12739,12840,STATISTIKPORTAL_INTEGRATED_2023_T1,STATISTIKPORTAL_INTEGRATED_2024_T1,matching_original_identifier_and_class,not_certified_requires_population_and_entity_scope_audit,different_fiscal_unit_classes_cannot_be_summed,18920063.57,23523930.44,1485.21,1832.08,7609266.00,12046913.00,121076.12,164214.99,11189721.45,11312802.45
066330016016,06,municipality,"Liebenau, Stadt","Liebenau, Stadt",kreisangehörige Gemeinde,kreisangehörige Gemeinde,06633016,06633016,2974,2895,STATISTIKPORTAL_INTEGRATED_2023_T1,STATISTIKPORTAL_INTEGRATED_2024_T1,matching_original_identifier_and_class,not_certified_requires_population_and_entity_scope_audit,different_fiscal_unit_classes_cannot_be_summed,6461305.61,6664880.72,2172.60,2302.20,5859491.00,6077639.00,229959.38,237693.43,371855.23,349548.29
066330017017,06,municipality,Lohfelden,Lohfelden,kreisangehörige Gemeinde,kreisangehörige Gemeinde,06633017,06633017,14408,13871,STATISTIKPORTAL_INTEGRATED_2023_T1,STATISTIKPORTAL_INTEGRATED_2024_T1,matching_original_identifier_and_class,not_certified_requires_population_and_entity_scope_audit,different_fiscal_unit_classes_cannot_be_summed,13789807.17,15413400.85,957.09,1111.20,8861794.00,10921246.00,222841.80,208956.45,4705171.37,4283198.40
066330018018,06,municipality,"Naumburg, Stadt","Naumburg, Stadt",kreisangehörige Gemeinde,kreisangehörige Gemeinde,06633018,06633018,5135,4927,STATISTIKPORTAL_INTEGRATED_2023_T1,STATISTIKPORTAL_INTEGRATED_2024_T1,matching_original_identifier_and_class,not_certified_requires_population_and_entity_scope_audit,different_fiscal_unit_classes_cannot_be_summed,16418666.89,16030813.42,3197.40,3253.67,8174295.00,8143068.00,157529.84,147714.10,8086842.05,7740031.32
066330019019,06,municipality,Nieste,Nieste,kreisangehörige Gemeinde,kreisangehörige Gemeinde,06633019,06633019,2082,1976,STATISTIKPORTAL_INTEGRATED_2023_T1,STATISTIKPORTAL_INTEGRATED_2024_T1,matching_original_identifier_and_class,not_certified_requires_population_and_entity_scope_audit,different_fiscal_unit_classes_cannot_be_summed,8324885.93,8143950.95,3998.50,4121.43,1429385.00,1312415.00,57283.58,53714.22,6838217.35,6777821.73
066330020020,06,municipality,Niestetal,Niestetal,kreisangehörige Gemeinde,kreisangehörige Gemeinde,06633020,06633020,11486,11113,STATISTIKPORTAL_INTEGRATED_2023_T1,STATISTIKPORTAL_INTEGRATED_2024_T1,matching_original_identifier_and_class,not_certified_requires_population_and_entity_scope_audit,different_fiscal_unit_classes_cannot_be_summed,29555411.94,31345563.60,2573.17,2820.62,17409964.00,16126797.00,11843.67,16063.51,12133604.27,15202703.09
066330022022,06,municipality,Reinhardshagen,Reinhardshagen,kreisangehörige Gemeinde,kreisangehörige Gemeinde,06633022,06633022,4422,4285,STATISTIKPORTAL_INTEGRATED_2023_T1,STATISTIKPORTAL_INTEGRATED_2024_T1,matching_original_identifier_and_class,not_certified_requires_population_and_entity_scope_audit,different_fiscal_unit_classes_cannot_be_summed,11287512.49,11879758.90,2552.58,2772.41,6448479.00,7007848.00,97859.45,91761.79,4741174.04,4780149.11
066330023023,06,municipality,Schauenburg,Schauenburg,kreisangehörige Gemeinde,kreisangehörige Gemeinde,06633023,06633023,10586,10341,STATISTIKPORTAL_INTEGRATED_2023_T1,STATISTIKPORTAL_INTEGRATED_2024_T1,matching_original_identifier_and_class,not_certified_requires_population_and_entity_scope_audit,different_fiscal_unit_classes_cannot_be_summed,6438934.82,6215589.82,608.25,601.06,5378815.00,5273766.00,230002.25,215670.73,830117.57,726153.09
066330024024,06,municipality,Söhrewald,Söhrewald,kreisangehörige Gemeinde,kreisangehörige Gemeinde,06633024,06633024,4701,4535,STATISTIKPORTAL_INTEGRATED_2023_T1,STATISTIKPORTAL_INTEGRATED_2024_T1,matching_original_identifier_and_class,not_certified_requires_population_and_entity_scope_audit,different_fiscal_unit_classes_cannot_be_summed,4081314.43,3828455.82,868.18,844.20,3599134.00,3386828.00,75293.19,70601.64,406887.24,371026.18
066330025025,06,municipality,"Trendelburg, Stadt","Trendelburg, Stadt",kreisangehörige Gemeinde,kreisangehörige Gemeinde,06633025,06633025,4805,4771,STATISTIKPORTAL_INTEGRATED_2023_T1,STATISTIKPORTAL_INTEGRATED_2024_T1,matching_original_identifier_and_class,not_certified_requires_population_and_entity_scope_audit,different_fiscal_unit_classes_cannot_be_summed,7183150.05,10542358.92,1494.93,2209.67,6372026.00,5740762.00,241656.19,246857.45,569467.86,4554739.47
066330026026,06,municipality,"Vellmar, Stadt","Vellmar, Stadt",kreisangehörige Gemeinde,kreisangehörige Gemeinde,06633026,06633026,18560,17681,STATISTIKPORTAL_INTEGRATED_2023_T1,STATISTIKPORTAL_INTEGRATED_2024_T1,matching_original_identifier_and_class,not_certified_requires_population_and_entity_scope_audit,different_fiscal_unit_classes_cannot_be_summed,27381840.78,29497896.04,1475.31,1668.34,20130287.00,22090538.00,499929.41,468778.64,6751624.37,6938579.40
066330028028,06,municipality,"Wolfhagen, Hans-Staden-Stadt","Wolfhagen, Hans-Staden-Stadt",kreisangehörige Gemeinde,kreisangehörige Gemeinde,06633028,06633028,13437,12629,STATISTIKPORTAL_INTEGRATED_2023_T1,STATISTIKPORTAL_INTEGRATED_2024_T1,matching_original_identifier_and_class,not_certified_requires_population_and_entity_scope_audit,different_fiscal_unit_classes_cannot_be_summed,22834894.40,20330525.11,1699.40,1609.83,11462018.00,9611726.00,0.00,0.00,11372876.40,10718799.11
066330029029,06,municipality,"Zierenberg, Stadt","Zierenberg, Stadt",kreisangehörige Gemeinde,kreisangehörige Gemeinde,06633029,06633029,6623,6164,STATISTIKPORTAL_INTEGRATED_2023_T1,STATISTIKPORTAL_INTEGRATED_2024_T1,matching_original_identifier_and_class,not_certified_requires_population_and_entity_scope_audit,different_fiscal_unit_classes_cannot_be_summed,13246127.34,12448900.59,2000.02,2019.61,13221589.00,12420924.00,24526.18,27947.96,12.16,28.63
066330030030,06,municipality,Wesertal,Wesertal,kreisangehörige Gemeinde,kreisangehörige Gemeinde,06633030,06633030,5105,4717,STATISTIKPORTAL_INTEGRATED_2023_T1,STATISTIKPORTAL_INTEGRATED_2024_T1,matching_original_identifier_and_class,not_certified_requires_population_and_entity_scope_audit,different_fiscal_unit_classes_cannot_be_summed,9599102.29,9570555.82,1880.33,2028.95,2084997.00,2021724.00,54462.80,51069.20,7459642.49,7497762.62
06634,06,county_administration,"Schwalm-Eder-Kreis, Kreisverwaltung","Schwalm-Eder-Kreis, Kreisverwaltung",Landkreis (Haushalt u. Verwaltung),Landkreis (Haushalt u. Verwaltung),,,183064,180366,STATISTIKPORTAL_INTEGRATED_2023_T1,STATISTIKPORTAL_INTEGRATED_2024_T1,matching_original_identifier_and_class,not_certified_requires_population_and_entity_scope_audit,different_fiscal_unit_classes_cannot_be_summed,233796651.50,252827562.05,1277.13,1401.75,100090737.00,115529679.00,19672705.75,19800756.94,114033208.75,117497126.11
066340001001,06,municipality,"Borken (Hessen), Stadt","Borken (Hessen), Stadt",kreisangehörige Gemeinde,kreisangehörige Gemeinde,06634001,06634001,12533,12291,STATISTIKPORTAL_INTEGRATED_2023_T1,STATISTIKPORTAL_INTEGRATED_2024_T1,matching_original_identifier_and_class,not_certified_requires_population_and_entity_scope_audit,different_fiscal_unit_classes_cannot_be_summed,84991214.22,84615882.32,6781.39,6884.38,7366247.00,6202489.00,463476.22,434603.84,77161491.00,77978789.48
066340002002,06,municipality,Edermünde,Edermünde,kreisangehörige Gemeinde,kreisangehörige Gemeinde,06634002,06634002,7414,7407,STATISTIKPORTAL_INTEGRATED_2023_T1,STATISTIKPORTAL_INTEGRATED_2024_T1,matching_original_identifier_and_class,not_certified_requires_population_and_entity_scope_audit,different_fiscal_unit_classes_cannot_be_summed,5871389.83,6649464.17,791.93,897.73,621254.00,569004.00,0.00,0.00,5250135.83,6080460.17
066340003003,06,municipality,"Felsberg, Stadt","Felsberg, Stadt",kreisangehörige Gemeinde,kreisangehörige Gemeinde,06634003,06634003,10708,10500,STATISTIKPORTAL_INTEGRATED_2023_T1,STATISTIKPORTAL_INTEGRATED_2024_T1,matching_original_identifier_and_class,not_certified_requires_population_and_entity_scope_audit,different_fiscal_unit_classes_cannot_be_summed,39991973.18,42876611.92,3734.78,4083.49,32510866.00,34949601.00,385145.27,361146.74,7095961.91,7565864.18
066340004004,06,municipality,"Frielendorf, Marktflecken","Frielendorf, Marktflecken",kreisangehörige Gemeinde,kreisangehörige Gemeinde,06634004,06634004,7281,7098,STATISTIKPORTAL_INTEGRATED_2023_T1,STATISTIKPORTAL_INTEGRATED_2024_T1,matching_original_identifier_and_class,not_certified_requires_population_and_entity_scope_audit,different_fiscal_unit_classes_cannot_be_summed,16646481.58,15532486.47,2286.29,2188.29,15423170.00,14225281.00,293795.32,275488.83,929516.26,1031716.64
066340005005,06,municipality,"Fritzlar, Dom- und Kaiserstadt","Fritzlar, Dom- und Kaiserstadt",kreisangehörige Gemeinde,kreisangehörige Gemeinde,06634005,06634005,15092,14522,STATISTIKPORTAL_INTEGRATED_2023_T1,STATISTIKPORTAL_INTEGRATED_2024_T1,matching_original_identifier_and_class,not_certified_requires_population_and_entity_scope_audit,different_fiscal_unit_classes_cannot_be_summed,23418660.89,26675531.70,1551.73,1836.90,11409107.00,13389310.00,711313.06,581697.37,11298240.83,12704524.33
066340006006,06,municipality,Gilserberg,Gilserberg,kreisangehörige Gemeinde,kreisangehörige Gemeinde,06634006,06634006,2932,2871,STATISTIKPORTAL_INTEGRATED_2023_T1,STATISTIKPORTAL_INTEGRATED_2024_T1,matching_original_identifier_and_class,not_certified_requires_population_and_entity_scope_audit,different_fiscal_unit_classes_cannot_be_summed,7941092.97,7165601.24,2708.42,2495.86,7847995.00,7078287.00,93085.81,87285.61,12.16,28.63
066340007007,06,municipality,"Gudensberg, Stadt","Gudensberg, Stadt",kreisangehörige Gemeinde,kreisangehörige Gemeinde,06634007,06634007,10012,9891,STATISTIKPORTAL_INTEGRATED_2023_T1,STATISTIKPORTAL_INTEGRATED_2024_T1,matching_original_identifier_and_class,not_certified_requires_population_and_entity_scope_audit,different_fiscal_unit_classes_cannot_be_summed,3585934.78,3460783.43,358.16,349.89,1868374.00,1741428.00,0.00,0.00,1717560.78,1719355.43
066340008008,06,municipality,Guxhagen,Guxhagen,kreisangehörige Gemeinde,kreisangehörige Gemeinde,06634008,06634008,5488,5353,STATISTIKPORTAL_INTEGRATED_2023_T1,STATISTIKPORTAL_INTEGRATED_2024_T1,matching_original_identifier_and_class,not_certified_requires_population_and_entity_scope_audit,different_fiscal_unit_classes_cannot_be_summed,2943626.45,2475883.77,536.38,462.52,2765561.00,2319597.00,0.00,0.00,178065.45,156286.77
066340009009,06,municipality,"Homberg (Efze), Reformationsstadt, Kreisstadt","Homberg (Efze), Reformationsstadt, Kreisstadt",kreisangehörige Gemeinde,kreisangehörige Gemeinde,06634009,06634009,14584,14795,STATISTIKPORTAL_INTEGRATED_2023_T1,STATISTIKPORTAL_INTEGRATED_2024_T1,matching_original_identifier_and_class,not_certified_requires_population_and_entity_scope_audit,different_fiscal_unit_classes_cannot_be_summed,84556891.22,91475002.52,5797.92,6182.83,73606073.00,79794834.00,746792.40,388232.10,10204025.82,11291936.42
066340010010,06,municipality,Jesberg,Jesberg,kreisangehörige Gemeinde,kreisangehörige Gemeinde,06634010,06634010,2129,2092,STATISTIKPORTAL_INTEGRATED_2023_T1,STATISTIKPORTAL_INTEGRATED_2024_T1,matching_original_identifier_and_class,not_certified_requires_population_and_entity_scope_audit,different_fiscal_unit_classes_cannot_be_summed,10205573.78,10575151.52,4793.60,5055.04,9234904.00,9661322.00,77029.05,72229.35,893640.73,841600.17
066340011011,06,municipality,Knüllwald,Knüllwald,kreisangehörige Gemeinde,kreisangehörige Gemeinde,06634011,06634011,4466,4444,STATISTIKPORTAL_INTEGRATED_2023_T1,STATISTIKPORTAL_INTEGRATED_2024_T1,matching_original_identifier_and_class,not_certified_requires_population_and_entity_scope_audit,different_fiscal_unit_classes_cannot_be_summed,18777653.53,18358056.93,4204.58,4130.98,15162996.00,15448987.00,1647642.91,920922.89,1967014.62,1988147.04
066340012012,06,municipality,Körle,Körle,kreisangehörige Gemeinde,kreisangehörige Gemeinde,06634012,06634012,3167,3175,STATISTIKPORTAL_INTEGRATED_2023_T1,STATISTIKPORTAL_INTEGRATED_2024_T1,matching_original_identifier_and_class,not_certified_requires_population_and_entity_scope_audit,different_fiscal_unit_classes_cannot_be_summed,5362535.05,5647155.32,1693.25,1778.63,5362526.00,5647134.00,0.00,0.00,9.05,21.32
066340013013,06,municipality,Malsfeld,Malsfeld,kreisangehörige Gemeinde,kreisangehörige Gemeinde,06634013,06634013,3947,3695,STATISTIKPORTAL_INTEGRATED_2023_T1,STATISTIKPORTAL_INTEGRATED_2024_T1,matching_original_identifier_and_class,not_certified_requires_population_and_entity_scope_audit,different_fiscal_unit_classes_cannot_be_summed,9758061.71,10993552.49,2472.27,2975.25,9414364.00,10648450.00,0.00,0.00,343697.71,345102.49
066340014014,06,municipality,"Melsungen, Stadt","Melsungen, Stadt",kreisangehörige Gemeinde,kreisangehörige Gemeinde,06634014,06634014,14001,14012,STATISTIKPORTAL_INTEGRATED_2023_T1,STATISTIKPORTAL_INTEGRATED_2024_T1,matching_original_identifier_and_class,not_certified_requires_population_and_entity_scope_audit,different_fiscal_unit_classes_cannot_be_summed,6988345.78,5799339.93,499.13,413.88,3779948.00,3242132.00,0.00,0.00,3208397.78,2557207.93
066340015015,06,municipality,Morschen,Morschen,kreisangehörige Gemeinde,kreisangehörige Gemeinde,06634015,06634015,3153,3101,STATISTIKPORTAL_INTEGRATED_2023_T1,STATISTIKPORTAL_INTEGRATED_2024_T1,matching_original_identifier_and_class,not_certified_requires_population_and_entity_scope_audit,different_fiscal_unit_classes_cannot_be_summed,8938477.13,10543031.36,2834.91,3399.88,8938474.00,10543024.00,0.00,0.00,3.13,7.36
066340016016,06,municipality,Neuental,Neuental,kreisangehörige Gemeinde,kreisangehörige Gemeinde,06634016,06634016,3042,2992,STATISTIKPORTAL_INTEGRATED_2023_T1,STATISTIKPORTAL_INTEGRATED_2024_T1,matching_original_identifier_and_class,not_certified_requires_population_and_entity_scope_audit,different_fiscal_unit_classes_cannot_be_summed,11169217.90,10958387.39,3671.67,3662.56,10176413.00,10023798.00,99161.35,92982.57,893643.55,841606.82
066340017017,06,municipality,"Neukirchen, Stadt","Neukirchen, Stadt",kreisangehörige Gemeinde,kreisangehörige Gemeinde,06634017,06634017,7000,6822,STATISTIKPORTAL_INTEGRATED_2023_T1,STATISTIKPORTAL_INTEGRATED_2024_T1,matching_original_identifier_and_class,not_certified_requires_population_and_entity_scope_audit,different_fiscal_unit_classes_cannot_be_summed,31555016.39,32155657.49,4507.86,4713.52,17550369.00,18867845.00,244106.16,228895.82,13760541.23,13058916.67
066340018018,06,municipality,"Niedenstein, Stadt","Niedenstein, Stadt",kreisangehörige Gemeinde,kreisangehörige Gemeinde,06634018,06634018,5591,5546,STATISTIKPORTAL_INTEGRATED_2023_T1,STATISTIKPORTAL_INTEGRATED_2024_T1,matching_original_identifier_and_class,not_certified_requires_population_and_entity_scope_audit,different_fiscal_unit_classes_cannot_be_summed,7496240.11,9014968.24,1340.77,1625.49,4061155.00,5232280.00,0.00,0.00,3435085.11,3782688.24
066340019019,06,municipality,Oberaula,Oberaula,kreisangehörige Gemeinde,kreisangehörige Gemeinde,06634019,06634019,3314,3296,STATISTIKPORTAL_INTEGRATED_2023_T1,STATISTIKPORTAL_INTEGRATED_2024_T1,matching_original_identifier_and_class,not_certified_requires_population_and_entity_scope_audit,different_fiscal_unit_classes_cannot_be_summed,9512841.37,10644863.48,2870.50,3229.63,9399356.00,10538445.00,113482.24,106411.12,3.13,7.36
066340020020,06,municipality,Ottrau,Ottrau,kreisangehörige Gemeinde,kreisangehörige Gemeinde,06634020,06634020,2156,2194,STATISTIKPORTAL_INTEGRATED_2023_T1,STATISTIKPORTAL_INTEGRATED_2024_T1,matching_original_identifier_and_class,not_certified_requires_population_and_entity_scope_audit,different_fiscal_unit_classes_cannot_be_summed,9955928.16,10378864.86,4617.78,4730.57,9891481.00,10318429.00,64444.03,60428.50,3.13,7.36
066340021021,06,municipality,Schrecksbach,Schrecksbach,kreisangehörige Gemeinde,kreisangehörige Gemeinde,06634021,06634021,2960,2922,STATISTIKPORTAL_INTEGRATED_2023_T1,STATISTIKPORTAL_INTEGRATED_2024_T1,matching_original_identifier_and_class,not_certified_requires_population_and_entity_scope_audit,different_fiscal_unit_classes_cannot_be_summed,9685831.10,9805884.44,3272.24,3355.88,9595774.00,9721426.00,90048.05,84437.12,9.05,21.32
066340022022,06,municipality,"Schwalmstadt, Konfirmationsstadt","Schwalmstadt, Konfirmationsstadt",kreisangehörige Gemeinde,kreisangehörige Gemeinde,06634022,06634022,18614,18465,STATISTIKPORTAL_INTEGRATED_2023_T1,STATISTIKPORTAL_INTEGRATED_2024_T1,matching_original_identifier_and_class,not_certified_requires_population_and_entity_scope_audit,different_fiscal_unit_classes_cannot_be_summed,146733363.27,146442153.02,7882.96,7930.80,75733096.00,74099252.00,1266161.78,1181925.12,69734105.49,71160975.90
066340023023,06,municipality,"Schwarzenborn, Stadt","Schwarzenborn, Stadt",kreisangehörige Gemeinde,kreisangehörige Gemeinde,06634023,06634023,1206,1091,STATISTIKPORTAL_INTEGRATED_2023_T1,STATISTIKPORTAL_INTEGRATED_2024_T1,matching_original_identifier_and_class,not_certified_requires_population_and_entity_scope_audit,different_fiscal_unit_classes_cannot_be_summed,1615725.97,1416289.75,1339.74,1298.16,1242415.00,1133289.00,281261.30,159726.68,92049.67,123274.07
066340024024,06,municipality,"Spangenberg, Liebenbachstadt","Spangenberg, Liebenbachstadt",kreisangehörige Gemeinde,kreisangehörige Gemeinde,06634024,06634024,6175,6027,STATISTIKPORTAL_INTEGRATED_2023_T1,STATISTIKPORTAL_INTEGRATED_2024_T1,matching_original_identifier_and_class,not_certified_requires_population_and_entity_scope_audit,different_fiscal_unit_classes_cannot_be_summed,22090811.16,28838258.63,3577.46,4784.84,22090799.00,28838230.00,0.00,0.00,12.16,28.63
066340025025,06,municipality,Wabern,Wabern,kreisangehörige Gemeinde,kreisangehörige Gemeinde,06634025,06634025,7429,7249,STATISTIKPORTAL_INTEGRATED_2023_T1,STATISTIKPORTAL_INTEGRATED_2024_T1,matching_original_identifier_and_class,not_certified_requires_population_and_entity_scope_audit,different_fiscal_unit_classes_cannot_be_summed,4865449.94,6550102.67,654.93,903.59,478835.00,448707.00,272313.98,255346.00,4114300.96,5846049.67
066340026026,06,municipality,Willingshausen,Willingshausen,kreisangehörige Gemeinde,kreisangehörige Gemeinde,06634026,06634026,4801,4615,STATISTIKPORTAL_INTEGRATED_2023_T1,STATISTIKPORTAL_INTEGRATED_2024_T1,matching_original_identifier_and_class,not_certified_requires_population_and_entity_scope_audit,different_fiscal_unit_classes_cannot_be_summed,10929241.67,10256238.21,2276.45,2222.37,10780379.00,10116634.00,148850.51,139575.58,12.16,28.63
066340027027,06,municipality,Bad Zwesten,Bad Zwesten,kreisangehörige Gemeinde,kreisangehörige Gemeinde,06634027,06634027,3869,3900,STATISTIKPORTAL_INTEGRATED_2023_T1,STATISTIKPORTAL_INTEGRATED_2024_T1,matching_original_identifier_and_class,not_certified_requires_population_and_entity_scope_audit,different_fiscal_unit_classes_cannot_be_summed,11713149.05,10942430.32,3027.44,2805.75,11713140.00,10942409.00,0.00,0.00,9.05,21.32
06635,06,county_administration,"Landkreis Waldeck-Frankenberg, Kreisverwaltung","Landkreis Waldeck-Frankenberg, Kreisverwaltung",Landkreis (Haushalt u. Verwaltung),Landkreis (Haushalt u. Verwaltung),,,159104,155140,STATISTIKPORTAL_INTEGRATED_2023_T1,STATISTIKPORTAL_INTEGRATED_2024_T1,matching_original_identifier_and_class,not_certified_requires_population_and_entity_scope_audit,different_fiscal_unit_classes_cannot_be_summed,366233886.75,380074318.08,2301.85,2449.88,177984285.00,187296270.00,30830654.71,28949793.23,157418947.04,163828254.85
066350001001,06,municipality,Allendorf (Eder),Allendorf (Eder),kreisangehörige Gemeinde,kreisangehörige Gemeinde,06635001,06635001,7689,7378,STATISTIKPORTAL_INTEGRATED_2023_T1,STATISTIKPORTAL_INTEGRATED_2024_T1,matching_original_identifier_and_class,not_certified_requires_population_and_entity_scope_audit,different_fiscal_unit_classes_cannot_be_summed,33400585.47,33820031.75,4343.94,4583.90,1903832.00,1797002.00,452417.04,392373.16,31044336.43,31630656.59
066350002002,06,municipality,"Bad Arolsen, Stadt","Bad Arolsen, Stadt",kreisangehörige Gemeinde,kreisangehörige Gemeinde,06635002,06635002,16044,16048,STATISTIKPORTAL_INTEGRATED_2023_T1,STATISTIKPORTAL_INTEGRATED_2024_T1,matching_original_identifier_and_class,not_certified_requires_population_and_entity_scope_audit,different_fiscal_unit_classes_cannot_be_summed,21856002.67,27901431.49,1362.25,1738.62,6884638.00,10488341.00,2861445.08,2634261.48,12109919.59,14778829.01
066350003003,06,municipality,"Bad Wildungen, Stadt","Bad Wildungen, Stadt",kreisangehörige Gemeinde,kreisangehörige Gemeinde,06635003,06635003,17555,17282,STATISTIKPORTAL_INTEGRATED_2023_T1,STATISTIKPORTAL_INTEGRATED_2024_T1,matching_original_identifier_and_class,not_certified_requires_population_and_entity_scope_audit,different_fiscal_unit_classes_cannot_be_summed,49205167.25,46183402.18,2802.91,2672.34,28006076.00,25762886.00,1257598.41,856718.79,19941492.84,19563797.39
066350004004,06,municipality,"Battenberg (Eder), Stadt","Battenberg (Eder), Stadt",kreisangehörige Gemeinde,kreisangehörige Gemeinde,06635004,06635004,5540,5510,STATISTIKPORTAL_INTEGRATED_2023_T1,STATISTIKPORTAL_INTEGRATED_2024_T1,matching_original_identifier_and_class,not_certified_requires_population_and_entity_scope_audit,different_fiscal_unit_classes_cannot_be_summed,36309951.56,37370129.61,6554.14,6782.24,11271588.00,11875806.00,1055151.19,900511.69,23983212.37,24593811.92
066350006006,06,municipality,Burgwald,Burgwald,kreisangehörige Gemeinde,kreisangehörige Gemeinde,06635006,06635006,4993,4925,STATISTIKPORTAL_INTEGRATED_2023_T1,STATISTIKPORTAL_INTEGRATED_2024_T1,matching_original_identifier_and_class,not_certified_requires_population_and_entity_scope_audit,different_fiscal_unit_classes_cannot_be_summed,11544738.86,12346955.36,2312.18,2507.00,9668517.00,10505726.00,452828.40,425344.40,1423393.46,1415884.96
066350007007,06,municipality,Diemelsee,Diemelsee,kreisangehörige Gemeinde,kreisangehörige Gemeinde,06635007,06635007,4698,4494,STATISTIKPORTAL_INTEGRATED_2023_T1,STATISTIKPORTAL_INTEGRATED_2024_T1,matching_original_identifier_and_class,not_certified_requires_population_and_entity_scope_audit,different_fiscal_unit_classes_cannot_be_summed,12630184.40,12252380.53,2688.42,2726.39,11880491.00,11365776.00,177786.26,145424.34,571907.14,741180.19
066350008008,06,municipality,"Diemelstadt, Stadt","Diemelstadt, Stadt",kreisangehörige Gemeinde,kreisangehörige Gemeinde,06635008,06635008,5345,5176,STATISTIKPORTAL_INTEGRATED_2023_T1,STATISTIKPORTAL_INTEGRATED_2024_T1,matching_original_identifier_and_class,not_certified_requires_population_and_entity_scope_audit,different_fiscal_unit_classes_cannot_be_summed,8820240.79,8309499.54,1650.19,1605.39,8425248.00,7770562.00,108514.07,95139.98,286478.72,443797.56
066350009009,06,municipality,"Edertal, Nationalparkgemeinde","Edertal, Nationalparkgemeinde",kreisangehörige Gemeinde,kreisangehörige Gemeinde,06635009,06635009,6237,6217,STATISTIKPORTAL_INTEGRATED_2023_T1,STATISTIKPORTAL_INTEGRATED_2024_T1,matching_original_identifier_and_class,not_certified_requires_population_and_entity_scope_audit,different_fiscal_unit_classes_cannot_be_summed,4831122.62,4602199.30,774.59,740.26,4432452.00,4066785.00,104070.88,85160.87,294599.74,450253.43
066350010010,06,municipality,"Frankenau, Nationalparkstadt","Frankenau, Nationalparkstadt",kreisangehörige Gemeinde,kreisangehörige Gemeinde,06635010,06635010,2915,2765,STATISTIKPORTAL_INTEGRATED_2023_T1,STATISTIKPORTAL_INTEGRATED_2024_T1,matching_original_identifier_and_class,not_certified_requires_population_and_entity_scope_audit,different_fiscal_unit_classes_cannot_be_summed,6030622.19,5820046.75,2068.82,2104.90,5653941.00,5447435.00,88893.13,72781.62,287788.06,299830.13
066350011011,06,municipality,"Frankenberg (Eder), Philipp-Soldan-Stadt","Frankenberg (Eder), Philipp-Soldan-Stadt",kreisangehörige Gemeinde,kreisangehörige Gemeinde,06635011,06635011,18056,17659,STATISTIKPORTAL_INTEGRATED_2023_T1,STATISTIKPORTAL_INTEGRATED_2024_T1,matching_original_identifier_and_class,not_certified_requires_population_and_entity_scope_audit,different_fiscal_unit_classes_cannot_be_summed,50905377.41,59519195.82,2819.31,3370.47,34599033.00,42074483.00,2895179.96,2669332.64,13411164.45,14775380.18
066350012012,06,municipality,"Gemünden (Wohra), Stadt","Gemünden (Wohra), Stadt",kreisangehörige Gemeinde,kreisangehörige Gemeinde,06635012,06635012,3939,3547,STATISTIKPORTAL_INTEGRATED_2023_T1,STATISTIKPORTAL_INTEGRATED_2024_T1,matching_original_identifier_and_class,not_certified_requires_population_and_entity_scope_audit,different_fiscal_unit_classes_cannot_be_summed,12760106.32,12901388.79,3239.43,3637.27,11990725.00,11994902.00,38071.49,29183.09,731309.83,877303.70
066350013013,06,municipality,Haina (Kloster),Haina (Kloster),kreisangehörige Gemeinde,kreisangehörige Gemeinde,06635013,06635013,3331,3278,STATISTIKPORTAL_INTEGRATED_2023_T1,STATISTIKPORTAL_INTEGRATED_2024_T1,matching_original_identifier_and_class,not_certified_requires_population_and_entity_scope_audit,different_fiscal_unit_classes_cannot_be_summed,6791868.63,6343743.86,2038.99,1935.25,6202830.00,5779415.00,0.00,0.00,589038.63,564328.86
066350014014,06,municipality,"Hatzfeld (Eder), Stadt","Hatzfeld (Eder), Stadt",kreisangehörige Gemeinde,kreisangehörige Gemeinde,06635014,06635014,2943,2889,STATISTIKPORTAL_INTEGRATED_2023_T1,STATISTIKPORTAL_INTEGRATED_2024_T1,matching_original_identifier_and_class,not_certified_requires_population_and_entity_scope_audit,different_fiscal_unit_classes_cannot_be_summed,25528382.18,28011280.08,8674.27,9695.84,10399999.00,12438181.00,88893.13,72783.07,15039490.05,15500316.01
066350015015,06,municipality,"Korbach, Hansestadt, Kreisstadt","Korbach, Hansestadt, Kreisstadt",kreisangehörige Gemeinde,kreisangehörige Gemeinde,06635015,06635015,23917,23087,STATISTIKPORTAL_INTEGRATED_2023_T1,STATISTIKPORTAL_INTEGRATED_2024_T1,matching_original_identifier_and_class,not_certified_requires_population_and_entity_scope_audit,different_fiscal_unit_classes_cannot_be_summed,49835486.56,54048675.76,2083.68,2341.09,29696691.00,33096489.00,5017146.62,5172170.32,15121648.94,15780016.44
066350016016,06,municipality,"Lichtenfels, Stadt","Lichtenfels, Stadt",kreisangehörige Gemeinde,kreisangehörige Gemeinde,06635016,06635016,4121,4072,STATISTIKPORTAL_INTEGRATED_2023_T1,STATISTIKPORTAL_INTEGRATED_2024_T1,matching_original_identifier_and_class,not_certified_requires_population_and_entity_scope_audit,different_fiscal_unit_classes_cannot_be_summed,9410373.52,10453078.06,2283.52,2567.06,8228275.00,9158305.00,88893.13,72781.62,1093205.39,1221991.44
066350017017,06,municipality,"Rosenthal, Stadt","Rosenthal, Stadt",kreisangehörige Gemeinde,kreisangehörige Gemeinde,06635017,06635017,2129,2053,STATISTIKPORTAL_INTEGRATED_2023_T1,STATISTIKPORTAL_INTEGRATED_2024_T1,matching_original_identifier_and_class,not_certified_requires_population_and_entity_scope_audit,different_fiscal_unit_classes_cannot_be_summed,1396534.21,4404013.19,655.96,2145.16,1234109.00,4077204.00,27221.32,19443.48,135203.89,307365.71
066350018018,06,municipality,Twistetal,Twistetal,kreisangehörige Gemeinde,kreisangehörige Gemeinde,06635018,06635018,4222,4208,STATISTIKPORTAL_INTEGRATED_2023_T1,STATISTIKPORTAL_INTEGRATED_2024_T1,matching_original_identifier_and_class,not_certified_requires_population_and_entity_scope_audit,different_fiscal_unit_classes_cannot_be_summed,9125957.51,9663218.14,2161.52,2296.39,6946589.00,7357300.00,88893.13,72781.62,2090475.38,2233136.52
066350019019,06,municipality,"Vöhl, Nationalparkgemeinde","Vöhl, Nationalparkgemeinde",kreisangehörige Gemeinde,kreisangehörige Gemeinde,06635019,06635019,5562,5496,STATISTIKPORTAL_INTEGRATED_2023_T1,STATISTIKPORTAL_INTEGRATED_2024_T1,matching_original_identifier_and_class,not_certified_requires_population_and_entity_scope_audit,different_fiscal_unit_classes_cannot_be_summed,3060043.49,3686581.75,550.17,670.78,1864246.00,2328565.00,192964.01,157803.59,1002833.48,1200213.16
066350020020,06,municipality,"Volkmarsen, Stadt","Volkmarsen, Stadt",kreisangehörige Gemeinde,kreisangehörige Gemeinde,06635020,06635020,6760,6522,STATISTIKPORTAL_INTEGRATED_2023_T1,STATISTIKPORTAL_INTEGRATED_2024_T1,matching_original_identifier_and_class,not_certified_requires_population_and_entity_scope_audit,different_fiscal_unit_classes_cannot_be_summed,10796511.81,13659049.24,1597.12,2094.30,4887522.00,6580740.00,431954.04,377886.61,5477035.77,6700422.63
066350021021,06,municipality,"Waldeck, Nationalparkstadt","Waldeck, Nationalparkstadt",kreisangehörige Gemeinde,kreisangehörige Gemeinde,06635021,06635021,6825,6870,STATISTIKPORTAL_INTEGRATED_2023_T1,STATISTIKPORTAL_INTEGRATED_2024_T1,matching_original_identifier_and_class,not_certified_requires_population_and_entity_scope_audit,different_fiscal_unit_classes_cannot_be_summed,18924567.29,21420676.94,2772.83,3118.00,16782947.00,19193186.00,104070.88,85160.87,2037549.41,2142330.07
066350022022,06,municipality,Willingen (Upland),Willingen (Upland),kreisangehörige Gemeinde,kreisangehörige Gemeinde,06635022,06635022,6283,5664,STATISTIKPORTAL_INTEGRATED_2023_T1,STATISTIKPORTAL_INTEGRATED_2024_T1,matching_original_identifier_and_class,not_certified_requires_population_and_entity_scope_audit,different_fiscal_unit_classes_cannot_be_summed,40877359.71,49923921.22,6506.03,8814.25,27248690.00,27674464.00,177786.26,145424.34,13450883.45,22104032.88
06636,06,county_administration,"Werra-Meißner-Kreis, Kreisverwaltung","Werra-Meißner-Kreis, Kreisverwaltung",Landkreis (Haushalt u. Verwaltung),Landkreis (Haushalt u. Verwaltung),,,100105,97869,STATISTIKPORTAL_INTEGRATED_2023_T1,STATISTIKPORTAL_INTEGRATED_2024_T1,matching_original_identifier_and_class,not_certified_requires_population_and_entity_scope_audit,different_fiscal_unit_classes_cannot_be_summed,197996339.72,198602870.32,1977.89,2029.27,72012337.00,74121223.00,18718061.12,18943576.88,107265941.60,105538070.44
066360001001,06,municipality,"Bad Sooden-Allendorf, Stadt","Bad Sooden-Allendorf, Stadt",kreisangehörige Gemeinde,kreisangehörige Gemeinde,06636001,06636001,8381,8162,STATISTIKPORTAL_INTEGRATED_2023_T1,STATISTIKPORTAL_INTEGRATED_2024_T1,matching_original_identifier_and_class,not_certified_requires_population_and_entity_scope_audit,different_fiscal_unit_classes_cannot_be_summed,29259160.70,28321435.24,3491.13,3469.91,9848905.00,10256560.00,4261821.00,3950201.00,15148434.70,14114674.24
066360002002,06,municipality,Berkatal,Berkatal,kreisangehörige Gemeinde,kreisangehörige Gemeinde,06636002,06636002,1498,1465,STATISTIKPORTAL_INTEGRATED_2023_T1,STATISTIKPORTAL_INTEGRATED_2024_T1,matching_original_identifier_and_class,not_certified_requires_population_and_entity_scope_audit,different_fiscal_unit_classes_cannot_be_summed,1552127.14,3599315.95,1036.13,2456.87,1481601.00,3533175.00,70519.56,66125.46,6.58,15.49
066360003003,06,municipality,"Eschwege, Kreisstadt","Eschwege, Kreisstadt",kreisangehörige Gemeinde,kreisangehörige Gemeinde,06636003,06636003,19437,18785,STATISTIKPORTAL_INTEGRATED_2023_T1,STATISTIKPORTAL_INTEGRATED_2024_T1,matching_original_identifier_and_class,not_certified_requires_population_and_entity_scope_audit,different_fiscal_unit_classes_cannot_be_summed,65082813.53,66899765.05,3348.40,3561.34,34496793.00,32340464.00,58865.00,46456.00,30527155.53,34512845.05
066360004004,06,municipality,"Großalmerode, Stadt","Großalmerode, Stadt",kreisangehörige Gemeinde,kreisangehörige Gemeinde,06636004,06636004,6249,6142,STATISTIKPORTAL_INTEGRATED_2023_T1,STATISTIKPORTAL_INTEGRATED_2024_T1,matching_original_identifier_and_class,not_certified_requires_population_and_entity_scope_audit,different_fiscal_unit_classes_cannot_be_summed,15544619.75,16758660.38,2487.54,2728.53,7709668.00,9316928.00,0.00,0.00,7834951.75,7441732.38
066360005005,06,municipality,Herleshausen,Herleshausen,kreisangehörige Gemeinde,kreisangehörige Gemeinde,06636005,06636005,2799,2669,STATISTIKPORTAL_INTEGRATED_2023_T1,STATISTIKPORTAL_INTEGRATED_2024_T1,matching_original_identifier_and_class,not_certified_requires_population_and_entity_scope_audit,different_fiscal_unit_classes_cannot_be_summed,8833035.35,8799631.35,3155.78,3296.98,2596694.00,2700464.00,109142.57,102341.86,6127198.78,5996825.49
066360006006,06,municipality,"Hessisch Lichtenau, Stadt","Hessisch Lichtenau, Stadt",kreisangehörige Gemeinde,kreisangehörige Gemeinde,06636006,06636006,12660,12320,STATISTIKPORTAL_INTEGRATED_2023_T1,STATISTIKPORTAL_INTEGRATED_2024_T1,matching_original_identifier_and_class,not_certified_requires_population_and_entity_scope_audit,different_fiscal_unit_classes_cannot_be_summed,24122956.49,21814590.94,1905.45,1770.66,23388590.00,21099541.00,554996.65,548461.76,179369.84,166588.18
066360007007,06,municipality,Meinhard,Meinhard,kreisangehörige Gemeinde,kreisangehörige Gemeinde,06636007,06636007,4550,4300,STATISTIKPORTAL_INTEGRATED_2023_T1,STATISTIKPORTAL_INTEGRATED_2024_T1,matching_original_identifier_and_class,not_certified_requires_population_and_entity_scope_audit,different_fiscal_unit_classes_cannot_be_summed,10292173.27,11369180.35,2262.02,2644.00,10246787.00,11326570.00,45349.50,42523.76,36.77,86.59
066360008008,06,municipality,Meißner,Meißner,kreisangehörige Gemeinde,kreisangehörige Gemeinde,06636008,06636008,2925,2910,STATISTIKPORTAL_INTEGRATED_2023_T1,STATISTIKPORTAL_INTEGRATED_2024_T1,matching_original_identifier_and_class,not_certified_requires_population_and_entity_scope_audit,different_fiscal_unit_classes_cannot_be_summed,6770857.99,7287474.96,2314.82,2504.29,5953810.00,6252815.00,64010.06,60021.57,753037.93,974638.39
066360009009,06,municipality,Neu-Eichenberg,Neu-Eichenberg,kreisangehörige Gemeinde,kreisangehörige Gemeinde,06636009,06636009,1810,1740,STATISTIKPORTAL_INTEGRATED_2023_T1,STATISTIKPORTAL_INTEGRATED_2024_T1,matching_original_identifier_and_class,not_certified_requires_population_and_entity_scope_audit,different_fiscal_unit_classes_cannot_be_summed,6262933.77,11652542.55,3460.18,6696.86,705619.00,713765.00,70953.52,66532.38,5486361.25,10872245.17
066360010010,06,municipality,Ringgau,Ringgau,kreisangehörige Gemeinde,kreisangehörige Gemeinde,06636010,06636010,2854,2825,STATISTIKPORTAL_INTEGRATED_2023_T1,STATISTIKPORTAL_INTEGRATED_2024_T1,matching_original_identifier_and_class,not_certified_requires_population_and_entity_scope_audit,different_fiscal_unit_classes_cannot_be_summed,7167342.78,5987482.09,2511.33,2119.46,6954398.00,5460907.00,0.00,0.00,212944.78,526575.09
066360011011,06,municipality,"Sontra, Stadt","Sontra, Stadt",kreisangehörige Gemeinde,kreisangehörige Gemeinde,06636011,06636011,7573,7453,STATISTIKPORTAL_INTEGRATED_2023_T1,STATISTIKPORTAL_INTEGRATED_2024_T1,matching_original_identifier_and_class,not_certified_requires_population_and_entity_scope_audit,different_fiscal_unit_classes_cannot_be_summed,15954608.79,14824149.67,2106.78,1989.02,15178961.00,13948580.00,305729.40,286679.30,469918.39,588890.37
066360012012,06,municipality,"Waldkappel, Stadt","Waldkappel, Stadt",kreisangehörige Gemeinde,kreisangehörige Gemeinde,06636012,06636012,4190,4080,STATISTIKPORTAL_INTEGRATED_2023_T1,STATISTIKPORTAL_INTEGRATED_2024_T1,matching_original_identifier_and_class,not_certified_requires_population_and_entity_scope_audit,different_fiscal_unit_classes_cannot_be_summed,16208389.41,17112804.47,3868.35,4194.31,15941196.00,16535357.00,54245.81,50865.74,212947.60,526581.73
066360013013,06,municipality,"Wanfried, Stadt","Wanfried, Stadt",kreisangehörige Gemeinde,kreisangehörige Gemeinde,06636013,06636013,4194,4033,STATISTIKPORTAL_INTEGRATED_2023_T1,STATISTIKPORTAL_INTEGRATED_2024_T1,matching_original_identifier_and_class,not_certified_requires_population_and_entity_scope_audit,different_fiscal_unit_classes_cannot_be_summed,10255464.40,9391048.13,2445.27,2328.55,10255455.00,9391026.00,0.00,0.00,9.40,22.13
066360014014,06,municipality,Wehretal,Wehretal,kreisangehörige Gemeinde,kreisangehörige Gemeinde,06636014,06636014,4957,4890,STATISTIKPORTAL_INTEGRATED_2023_T1,STATISTIKPORTAL_INTEGRATED_2024_T1,matching_original_identifier_and_class,not_certified_requires_population_and_entity_scope_audit,different_fiscal_unit_classes_cannot_be_summed,15045715.00,20397235.80,3035.25,4171.21,14032981.00,18852030.00,46651.40,43744.53,966082.60,1501461.27
066360015015,06,municipality,Weißenborn,Weißenborn,kreisangehörige Gemeinde,kreisangehörige Gemeinde,06636015,06636015,957,967,STATISTIKPORTAL_INTEGRATED_2023_T1,STATISTIKPORTAL_INTEGRATED_2024_T1,matching_original_identifier_and_class,not_certified_requires_population_and_entity_scope_audit,different_fiscal_unit_classes_cannot_be_summed,4836121.47,4316612.17,5053.42,4463.92,4836118.00,4316604.00,0.00,0.00,3.47,8.17
066360016016,06,municipality,"Witzenhausen, Stadt","Witzenhausen, Stadt",kreisangehörige Gemeinde,kreisangehörige Gemeinde,06636016,06636016,15071,15128,STATISTIKPORTAL_INTEGRATED_2023_T1,STATISTIKPORTAL_INTEGRATED_2024_T1,matching_original_identifier_and_class,not_certified_requires_population_and_entity_scope_audit,different_fiscal_unit_classes_cannot_be_summed,65886894.28,61910876.34,4371.77,4092.47,17119147.00,15919221.00,1075048.00,1042177.00,47692699.28,44949478.34
