original_region_key,state_code,reporting_unit_class,name_de_2023,name_de_2024,legal_form_2023,legal_form_2024,municipality_ags8_2023_candidate,municipality_ags8_2024_candidate,population_2023_06_30,population_2024_06_30,source_id_2023,source_id_2024,entity_match_status,percap_cross_year_comparable,not_county_sum,total_integrated_debt_eur_2023,total_integrated_debt_eur_2024,integrated_debt_eur_per_person_2023,integrated_debt_eur_per_person_2024,core_budget_debt_eur_2023,core_budget_debt_eur_2024,extra_budget_proportional_debt_eur_2023,extra_budget_proportional_debt_eur_2024,public_enterprise_proportional_debt_eur_2023,public_enterprise_proportional_debt_eur_2024
081110000000,08,municipality,Landeshauptstadt Stuttgart,Landeshauptstadt Stuttgart,Stadtkreis,Stadtkreis,08111000,08111000,633475,612986,STATISTIKPORTAL_INTEGRATED_2023_T1,STATISTIKPORTAL_INTEGRATED_2024_T1,matching_original_identifier_and_class,not_certified_requires_population_and_entity_scope_audit,different_fiscal_unit_classes_cannot_be_summed,1834354343.51,1959121050.54,2895.70,3196.03,0.00,0.00,420219163.83,550696166.96,1414135179.68,1408424883.58
08115,08,county_administration,Landratsamt Böblingen,Landratsamt Böblingen,Landkreis,Landkreis,,,400216,395198,STATISTIKPORTAL_INTEGRATED_2023_T1,STATISTIKPORTAL_INTEGRATED_2024_T1,matching_original_identifier_and_class,not_certified_requires_population_and_entity_scope_audit,different_fiscal_unit_classes_cannot_be_summed,602477841.02,820191277.67,1505.38,2075.39,69535080.00,79165789.00,83098856.86,90886536.64,449843904.16,650138952.03
081150003003,08,municipality,Große Kreisstadt Böblingen,Große Kreisstadt Böblingen,kreisangehörige Gemeinde,kreisangehörige Gemeinde,08115003,08115003,51658,51616,STATISTIKPORTAL_INTEGRATED_2023_T1,STATISTIKPORTAL_INTEGRATED_2024_T1,matching_original_identifier_and_class,not_certified_requires_population_and_entity_scope_audit,different_fiscal_unit_classes_cannot_be_summed,188083943.98,183562684.50,3640.95,3556.31,3650897.00,2904301.00,4312307.93,4078014.87,180120739.05,176580368.63
081150028028,08,municipality,Große Kreisstadt Leonberg,Große Kreisstadt Leonberg,kreisangehörige Gemeinde,kreisangehörige Gemeinde,08115028,08115028,49725,49213,STATISTIKPORTAL_INTEGRATED_2023_T1,STATISTIKPORTAL_INTEGRATED_2024_T1,matching_original_identifier_and_class,not_certified_requires_population_and_entity_scope_audit,different_fiscal_unit_classes_cannot_be_summed,82382868.53,74970109.91,1656.77,1523.38,57515657.00,49657304.00,1033249.59,876577.83,23833961.94,24436228.08
081150029029,08,municipality,Gemeinde Magstadt,Gemeinde Magstadt,kreisangehörige Gemeinde,kreisangehörige Gemeinde,08115029,08115029,9765,9638,STATISTIKPORTAL_INTEGRATED_2023_T1,STATISTIKPORTAL_INTEGRATED_2024_T1,matching_original_identifier_and_class,not_certified_requires_population_and_entity_scope_audit,different_fiscal_unit_classes_cannot_be_summed,1512665.81,1484267.67,154.91,154.00,0.00,0.00,303440.22,283081.32,1209225.59,1201186.35
081150041041,08,municipality,Stadt Renningen,Stadt Renningen,kreisangehörige Gemeinde,kreisangehörige Gemeinde,08115041,08115041,18649,18636,STATISTIKPORTAL_INTEGRATED_2023_T1,STATISTIKPORTAL_INTEGRATED_2024_T1,matching_original_identifier_and_class,not_certified_requires_population_and_entity_scope_audit,different_fiscal_unit_classes_cannot_be_summed,2465712.72,2329669.34,132.22,125.01,205317.00,201446.00,16.68,0.00,2260379.04,2128223.34
081150042042,08,municipality,Stadt Rutesheim,Stadt Rutesheim,kreisangehörige Gemeinde,kreisangehörige Gemeinde,08115042,08115042,11126,11247,STATISTIKPORTAL_INTEGRATED_2023_T1,STATISTIKPORTAL_INTEGRATED_2024_T1,matching_original_identifier_and_class,not_certified_requires_population_and_entity_scope_audit,different_fiscal_unit_classes_cannot_be_summed,1046936.04,988815.56,94.10,87.92,0.00,0.00,16.68,0.00,1046919.36,988815.56
081150044044,08,municipality,Gemeinde Schönaich,Gemeinde Schönaich,kreisangehörige Gemeinde,kreisangehörige Gemeinde,08115044,08115044,10982,10461,STATISTIKPORTAL_INTEGRATED_2023_T1,STATISTIKPORTAL_INTEGRATED_2024_T1,matching_original_identifier_and_class,not_certified_requires_population_and_entity_scope_audit,different_fiscal_unit_classes_cannot_be_summed,14152855.34,15380095.80,1288.73,1470.23,4004602.00,4543071.00,16.68,3711.73,10148236.66,10833313.07
081150045045,08,municipality,Große Kreisstadt Sindelfingen,Große Kreisstadt Sindelfingen,kreisangehörige Gemeinde,kreisangehörige Gemeinde,08115045,08115045,65419,61270,STATISTIKPORTAL_INTEGRATED_2023_T1,STATISTIKPORTAL_INTEGRATED_2024_T1,matching_original_identifier_and_class,not_certified_requires_population_and_entity_scope_audit,different_fiscal_unit_classes_cannot_be_summed,190502953.35,185239817.13,2912.04,3023.34,0.00,0.00,4819391.60,4532261.59,185683561.75,180707555.54
081150050050,08,municipality,Stadt Weil der Stadt,Stadt Weil der Stadt,kreisangehörige Gemeinde,kreisangehörige Gemeinde,08115050,08115050,19366,19456,STATISTIKPORTAL_INTEGRATED_2023_T1,STATISTIKPORTAL_INTEGRATED_2024_T1,matching_original_identifier_and_class,not_certified_requires_population_and_entity_scope_audit,different_fiscal_unit_classes_cannot_be_summed,23115534.66,27693601.93,1193.61,1423.40,16936073.00,15796758.00,16.68,5836000.00,6179444.98,6060843.93
081150051051,08,municipality,Gemeinde Weil im Schönbuch,Gemeinde Weil im Schönbuch,kreisangehörige Gemeinde,kreisangehörige Gemeinde,08115051,08115051,10179,10012,STATISTIKPORTAL_INTEGRATED_2023_T1,STATISTIKPORTAL_INTEGRATED_2024_T1,matching_original_identifier_and_class,not_certified_requires_population_and_entity_scope_audit,different_fiscal_unit_classes_cannot_be_summed,17813861.02,23686512.00,1750.06,2365.81,690084.00,590775.00,16.68,3711.73,17123760.34,23092025.27
081150052052,08,municipality,Gemeinde Weissach,Gemeinde Weissach,kreisangehörige Gemeinde,kreisangehörige Gemeinde,08115052,08115052,7742,7731,STATISTIKPORTAL_INTEGRATED_2023_T1,STATISTIKPORTAL_INTEGRATED_2024_T1,matching_original_identifier_and_class,not_certified_requires_population_and_entity_scope_audit,different_fiscal_unit_classes_cannot_be_summed,6145853.56,4412901.21,793.83,570.81,0.00,0.00,95487.65,96083.24,6050365.91,4316817.97
081155001001,08,municipality,Gemeinde Aidlingen,Gemeinde Aidlingen,kreisangehörige Gemeinde,kreisangehörige Gemeinde,08115001,08115001,9405,9326,STATISTIKPORTAL_INTEGRATED_2023_T1,STATISTIKPORTAL_INTEGRATED_2024_T1,matching_original_identifier_and_class,not_certified_requires_population_and_entity_scope_audit,different_fiscal_unit_classes_cannot_be_summed,3890295.83,383865.50,413.64,41.16,3756724.00,358849.00,16.68,3711.73,133555.15,21304.77
081155001054,08,municipality,Gemeinde Grafenau,Gemeinde Grafenau,kreisangehörige Gemeinde,kreisangehörige Gemeinde,08115054,08115054,6845,6581,STATISTIKPORTAL_INTEGRATED_2023_T1,STATISTIKPORTAL_INTEGRATED_2024_T1,matching_original_identifier_and_class,not_certified_requires_population_and_entity_scope_audit,different_fiscal_unit_classes_cannot_be_summed,4045794.55,3545253.41,591.06,538.71,2621929.00,2294900.00,118223.51,112404.65,1305642.04,1137948.76
081155002013,08,municipality,Gemeinde Ehningen,Gemeinde Ehningen,kreisangehörige Gemeinde,kreisangehörige Gemeinde,08115013,08115013,9365,9271,STATISTIKPORTAL_INTEGRATED_2023_T1,STATISTIKPORTAL_INTEGRATED_2024_T1,matching_original_identifier_and_class,not_certified_requires_population_and_entity_scope_audit,different_fiscal_unit_classes_cannot_be_summed,20935284.71,22597724.17,2235.48,2437.46,2625000.00,2250000.00,288584.27,272918.28,18021700.44,20074805.89
081155002015,08,municipality,Gemeinde Gärtringen,Gemeinde Gärtringen,kreisangehörige Gemeinde,kreisangehörige Gemeinde,08115015,08115015,12832,12980,STATISTIKPORTAL_INTEGRATED_2023_T1,STATISTIKPORTAL_INTEGRATED_2024_T1,matching_original_identifier_and_class,not_certified_requires_population_and_entity_scope_audit,different_fiscal_unit_classes_cannot_be_summed,9028161.77,11729553.75,703.57,903.66,2511760.00,4093220.00,16.68,3711.73,6516385.09,7632622.02
081155003010,08,municipality,Gemeinde Deckenpfronn,Gemeinde Deckenpfronn,kreisangehörige Gemeinde,kreisangehörige Gemeinde,08115010,08115010,3465,3306,STATISTIKPORTAL_INTEGRATED_2023_T1,STATISTIKPORTAL_INTEGRATED_2024_T1,matching_original_identifier_and_class,not_certified_requires_population_and_entity_scope_audit,different_fiscal_unit_classes_cannot_be_summed,2746431.95,2541418.01,792.62,768.73,2251507.00,2067619.00,0.00,0.00,494924.95,473799.01
081155003021,08,municipality,Große Kreisstadt Herrenberg,Große Kreisstadt Herrenberg,kreisangehörige Gemeinde,kreisangehörige Gemeinde,08115021,08115021,32822,34102,STATISTIKPORTAL_INTEGRATED_2023_T1,STATISTIKPORTAL_INTEGRATED_2024_T1,matching_original_identifier_and_class,not_certified_requires_population_and_entity_scope_audit,different_fiscal_unit_classes_cannot_be_summed,57437278.37,70328364.63,1749.96,2062.29,33786622.00,41946942.00,16.77,3711.73,23650639.60,28377710.90
081155003037,08,municipality,Gemeinde Nufringen,Gemeinde Nufringen,kreisangehörige Gemeinde,kreisangehörige Gemeinde,08115037,08115037,5935,5818,STATISTIKPORTAL_INTEGRATED_2023_T1,STATISTIKPORTAL_INTEGRATED_2024_T1,matching_original_identifier_and_class,not_certified_requires_population_and_entity_scope_audit,different_fiscal_unit_classes_cannot_be_summed,287953.39,324615.44,48.52,55.80,0.00,0.00,169023.81,157667.83,118929.58,166947.61
081155004002,08,municipality,Gemeinde Altdorf (LKR Böblingen),Gemeinde Altdorf (LKR Böblingen),kreisangehörige Gemeinde,kreisangehörige Gemeinde,08115002,08115002,4659,4541,STATISTIKPORTAL_INTEGRATED_2023_T1,STATISTIKPORTAL_INTEGRATED_2024_T1,matching_original_identifier_and_class,not_certified_requires_population_and_entity_scope_audit,different_fiscal_unit_classes_cannot_be_summed,3780073.41,3516962.25,811.35,774.49,579753.00,470211.00,119174.18,111321.04,3081146.23,2935430.21
081155004022,08,municipality,Gemeinde Hildrizhausen,Gemeinde Hildrizhausen,kreisangehörige Gemeinde,kreisangehörige Gemeinde,08115022,08115022,3645,3567,STATISTIKPORTAL_INTEGRATED_2023_T1,STATISTIKPORTAL_INTEGRATED_2024_T1,matching_original_identifier_and_class,not_certified_requires_population_and_entity_scope_audit,different_fiscal_unit_classes_cannot_be_summed,2453228.93,3116446.24,673.04,873.69,97500.00,82500.00,0.00,0.00,2355728.93,3033946.24
081155004024,08,municipality,Stadt Holzgerlingen,Stadt Holzgerlingen,kreisangehörige Gemeinde,kreisangehörige Gemeinde,08115024,08115024,13825,14147,STATISTIKPORTAL_INTEGRATED_2023_T1,STATISTIKPORTAL_INTEGRATED_2024_T1,matching_original_identifier_and_class,not_certified_requires_population_and_entity_scope_audit,different_fiscal_unit_classes_cannot_be_summed,9781079.67,9703288.34,707.49,685.89,368000.00,159000.00,16.69,3958.49,9413062.98,9540329.85
081155005004,08,municipality,Gemeinde Bondorf,Gemeinde Bondorf,kreisangehörige Gemeinde,kreisangehörige Gemeinde,08115004,08115004,6302,6238,STATISTIKPORTAL_INTEGRATED_2023_T1,STATISTIKPORTAL_INTEGRATED_2024_T1,matching_original_identifier_and_class,not_certified_requires_population_and_entity_scope_audit,different_fiscal_unit_classes_cannot_be_summed,2167274.39,2530873.49,343.90,405.72,0.00,0.00,16.68,3711.73,2167257.71,2527161.76
081155005016,08,municipality,Gemeinde Gäufelden,Gemeinde Gäufelden,kreisangehörige Gemeinde,kreisangehörige Gemeinde,08115016,08115016,9237,9107,STATISTIKPORTAL_INTEGRATED_2023_T1,STATISTIKPORTAL_INTEGRATED_2024_T1,matching_original_identifier_and_class,not_certified_requires_population_and_entity_scope_audit,different_fiscal_unit_classes_cannot_be_summed,9470491.20,13284693.60,1025.28,1458.73,6711536.00,10023426.00,16.68,3711.73,2758938.52,3257555.87
081155005034,08,municipality,Gemeinde Mötzingen,Gemeinde Mötzingen,kreisangehörige Gemeinde,kreisangehörige Gemeinde,08115034,08115034,3754,3746,STATISTIKPORTAL_INTEGRATED_2023_T1,STATISTIKPORTAL_INTEGRATED_2024_T1,matching_original_identifier_and_class,not_certified_requires_population_and_entity_scope_audit,different_fiscal_unit_classes_cannot_be_summed,2751169.00,3441254.20,732.86,918.65,1591643.00,1906923.00,875.00,0.00,1158651.00,1534331.20
081155005053,08,municipality,Gemeinde Jettingen,Gemeinde Jettingen,kreisangehörige Gemeinde,kreisangehörige Gemeinde,08115053,08115053,8234,8081,STATISTIKPORTAL_INTEGRATED_2023_T1,STATISTIKPORTAL_INTEGRATED_2024_T1,matching_original_identifier_and_class,not_certified_requires_population_and_entity_scope_audit,different_fiscal_unit_classes_cannot_be_summed,1793342.45,2250822.90,217.80,278.53,0.00,0.00,2275.00,0.00,1791067.45,2250822.90
081155006046,08,municipality,Gemeinde Steinenbronn,Gemeinde Steinenbronn,kreisangehörige Gemeinde,kreisangehörige Gemeinde,08115046,08115046,6481,6407,STATISTIKPORTAL_INTEGRATED_2023_T1,STATISTIKPORTAL_INTEGRATED_2024_T1,matching_original_identifier_and_class,not_certified_requires_population_and_entity_scope_audit,different_fiscal_unit_classes_cannot_be_summed,1140874.37,1214107.57,176.03,189.50,0.00,0.00,16.68,0.00,1140857.69,1214107.57
081155006048,08,municipality,Stadt Waldenbuch,Stadt Waldenbuch,kreisangehörige Gemeinde,kreisangehörige Gemeinde,08115048,08115048,8799,8700,STATISTIKPORTAL_INTEGRATED_2023_T1,STATISTIKPORTAL_INTEGRATED_2024_T1,matching_original_identifier_and_class,not_certified_requires_population_and_entity_scope_audit,different_fiscal_unit_classes_cannot_be_summed,15716903.01,15285806.42,1786.21,1756.99,5311571.00,5036699.00,1515288.68,1484021.23,8890043.33,8765086.19
08116,08,county_administration,Landratsamt Esslingen,Landratsamt Esslingen,Landkreis,Landkreis,,,541772,536681,STATISTIKPORTAL_INTEGRATED_2023_T1,STATISTIKPORTAL_INTEGRATED_2024_T1,matching_original_identifier_and_class,not_certified_requires_population_and_entity_scope_audit,different_fiscal_unit_classes_cannot_be_summed,248302050.98,355924646.14,458.31,663.20,153846667.00,208224109.00,1839313.25,1847782.97,92616070.73,145852754.17
081160015015,08,municipality,Gemeinde Denkendorf,Gemeinde Denkendorf,kreisangehörige Gemeinde,kreisangehörige Gemeinde,08116015,08116015,11262,11190,STATISTIKPORTAL_INTEGRATED_2023_T1,STATISTIKPORTAL_INTEGRATED_2024_T1,matching_original_identifier_and_class,not_certified_requires_population_and_entity_scope_audit,different_fiscal_unit_classes_cannot_be_summed,1800013.29,1645986.60,159.83,147.09,0.00,0.00,773413.48,777144.84,1026599.81,868841.76
081160019019,08,municipality,Große Kreisstadt Esslingen am Neckar,Große Kreisstadt Esslingen am Neckar,kreisangehörige Gemeinde,kreisangehörige Gemeinde,08116019,08116019,95271,96458,STATISTIKPORTAL_INTEGRATED_2023_T1,STATISTIKPORTAL_INTEGRATED_2024_T1,matching_original_identifier_and_class,not_certified_requires_population_and_entity_scope_audit,different_fiscal_unit_classes_cannot_be_summed,395365615.68,395542654.24,4149.91,4100.67,45340906.00,42567309.00,94722947.64,100402678.47,255301762.04,252572666.77
081160047047,08,municipality,Gemeinde Neuhausen auf den Fildern,Gemeinde Neuhausen auf den Fildern,kreisangehörige Gemeinde,kreisangehörige Gemeinde,08116047,08116047,12429,12490,STATISTIKPORTAL_INTEGRATED_2023_T1,STATISTIKPORTAL_INTEGRATED_2024_T1,matching_original_identifier_and_class,not_certified_requires_population_and_entity_scope_audit,different_fiscal_unit_classes_cannot_be_summed,11243594.07,13497851.99,904.63,1080.69,9663864.00,11327728.00,95487.63,95512.13,1484242.44,2074611.86
081160072072,08,municipality,Stadt Wernau (Neckar),Stadt Wernau (Neckar),kreisangehörige Gemeinde,kreisangehörige Gemeinde,08116072,08116072,12444,12263,STATISTIKPORTAL_INTEGRATED_2023_T1,STATISTIKPORTAL_INTEGRATED_2024_T1,matching_original_identifier_and_class,not_certified_requires_population_and_entity_scope_audit,different_fiscal_unit_classes_cannot_be_summed,18228330.60,18872593.26,1464.83,1538.99,1722701.00,1608489.00,1070399.37,979068.23,15435230.23,16285036.03
081160076076,08,municipality,Gemeinde Aichwald,Gemeinde Aichwald,kreisangehörige Gemeinde,kreisangehörige Gemeinde,08116076,08116076,7620,7281,STATISTIKPORTAL_INTEGRATED_2023_T1,STATISTIKPORTAL_INTEGRATED_2024_T1,matching_original_identifier_and_class,not_certified_requires_population_and_entity_scope_audit,different_fiscal_unit_classes_cannot_be_summed,1483801.24,1351810.46,194.72,185.66,0.00,0.00,39271.75,39288.69,1444529.49,1312521.77
081160077077,08,municipality,Große Kreisstadt Filderstadt,Große Kreisstadt Filderstadt,kreisangehörige Gemeinde,kreisangehörige Gemeinde,08116077,08116077,46451,46250,STATISTIKPORTAL_INTEGRATED_2023_T1,STATISTIKPORTAL_INTEGRATED_2024_T1,matching_original_identifier_and_class,not_certified_requires_population_and_entity_scope_audit,different_fiscal_unit_classes_cannot_be_summed,33919686.06,34777649.41,730.23,751.95,0.00,0.00,8548390.76,5814709.70,25371295.30,28962939.71
081160078078,08,municipality,Große Kreisstadt Leinfelden-Echterdingen,Große Kreisstadt Leinfelden-Echterdingen,kreisangehörige Gemeinde,kreisangehörige Gemeinde,08116078,08116078,40593,41176,STATISTIKPORTAL_INTEGRATED_2023_T1,STATISTIKPORTAL_INTEGRATED_2024_T1,matching_original_identifier_and_class,not_certified_requires_population_and_entity_scope_audit,different_fiscal_unit_classes_cannot_be_summed,75451843.17,81164954.20,1858.74,1971.17,2079579.00,1005545.00,522494.70,526431.80,72849769.47,79632977.40
081160080080,08,municipality,Große Kreisstadt Ostfildern,Große Kreisstadt Ostfildern,kreisangehörige Gemeinde,kreisangehörige Gemeinde,08116080,08116080,39774,39657,STATISTIKPORTAL_INTEGRATED_2023_T1,STATISTIKPORTAL_INTEGRATED_2024_T1,matching_original_identifier_and_class,not_certified_requires_population_and_entity_scope_audit,different_fiscal_unit_classes_cannot_be_summed,70265454.31,66164063.28,1766.62,1668.41,25765510.00,24968028.00,331569.48,335407.54,44168374.83,40860627.74
081160081081,08,municipality,Stadt Aichtal,Stadt Aichtal,kreisangehörige Gemeinde,kreisangehörige Gemeinde,08116081,08116081,9978,9623,STATISTIKPORTAL_INTEGRATED_2023_T1,STATISTIKPORTAL_INTEGRATED_2024_T1,matching_original_identifier_and_class,not_certified_requires_population_and_entity_scope_audit,different_fiscal_unit_classes_cannot_be_summed,11421407.52,10894036.32,1144.66,1132.08,2375500.00,2200000.00,948058.64,803845.78,8097848.88,7890190.54
081165001016,08,municipality,Gemeinde Dettingen unter Teck,Gemeinde Dettingen unter Teck,kreisangehörige Gemeinde,kreisangehörige Gemeinde,08116016,08116016,6354,6131,STATISTIKPORTAL_INTEGRATED_2023_T1,STATISTIKPORTAL_INTEGRATED_2024_T1,matching_original_identifier_and_class,not_certified_requires_population_and_entity_scope_audit,different_fiscal_unit_classes_cannot_be_summed,11214434.44,12010023.51,1764.94,1958.90,4053196.00,4766715.00,61858.38,65580.10,7099380.06,7177728.41
081165001033,08,municipality,Große Kreisstadt Kirchheim unter Teck,Große Kreisstadt Kirchheim unter Teck,kreisangehörige Gemeinde,kreisangehörige Gemeinde,08116033,08116033,42002,42314,STATISTIKPORTAL_INTEGRATED_2023_T1,STATISTIKPORTAL_INTEGRATED_2024_T1,matching_original_identifier_and_class,not_certified_requires_population_and_entity_scope_audit,different_fiscal_unit_classes_cannot_be_summed,27893746.25,48269542.19,664.11,1140.75,157200.00,94000.00,466312.26,470208.35,27270233.99,47705333.84
081165001048,08,municipality,Gemeinde Notzingen,Gemeinde Notzingen,kreisangehörige Gemeinde,kreisangehörige Gemeinde,08116048,08116048,3636,3657,STATISTIKPORTAL_INTEGRATED_2023_T1,STATISTIKPORTAL_INTEGRATED_2024_T1,matching_original_identifier_and_class,not_certified_requires_population_and_entity_scope_audit,different_fiscal_unit_classes_cannot_be_summed,1899656.48,1710570.68,522.46,467.75,1270580.00,1164696.00,16927.47,20646.50,612149.01,525228.18
081165002018,08,municipality,Gemeinde Erkenbrechtsweiler,Gemeinde Erkenbrechtsweiler,kreisangehörige Gemeinde,kreisangehörige Gemeinde,08116018,08116018,2200,2020,STATISTIKPORTAL_INTEGRATED_2023_T1,STATISTIKPORTAL_INTEGRATED_2024_T1,matching_original_identifier_and_class,not_certified_requires_population_and_entity_scope_audit,different_fiscal_unit_classes_cannot_be_summed,2735492.68,3455515.95,1243.41,1710.65,1005813.00,1232153.00,5642.49,5644.92,1724037.19,2217718.03
081165002054,08,municipality,Stadt Owen,Stadt Owen,kreisangehörige Gemeinde,kreisangehörige Gemeinde,08116054,08116054,3500,3410,STATISTIKPORTAL_INTEGRATED_2023_T1,STATISTIKPORTAL_INTEGRATED_2024_T1,matching_original_identifier_and_class,not_certified_requires_population_and_entity_scope_audit,different_fiscal_unit_classes_cannot_be_summed,3248773.87,3077076.62,928.22,902.37,0.00,0.00,0.00,3746.42,3248773.87,3073330.20
081165002079,08,municipality,Gemeinde Lenningen,Gemeinde Lenningen,kreisangehörige Gemeinde,kreisangehörige Gemeinde,08116079,08116079,8261,7983,STATISTIKPORTAL_INTEGRATED_2023_T1,STATISTIKPORTAL_INTEGRATED_2024_T1,matching_original_identifier_and_class,not_certified_requires_population_and_entity_scope_audit,different_fiscal_unit_classes_cannot_be_summed,5548894.62,5193297.58,671.70,650.54,0.00,0.00,207886.06,211670.77,5341008.56,4981626.81
081165003005,08,municipality,Gemeinde Altdorf (LKR Esslingen),Gemeinde Altdorf (LKR Esslingen),kreisangehörige Gemeinde,kreisangehörige Gemeinde,08116005,08116005,1698,1691,STATISTIKPORTAL_INTEGRATED_2023_T1,STATISTIKPORTAL_INTEGRATED_2024_T1,matching_original_identifier_and_class,not_certified_requires_population_and_entity_scope_audit,different_fiscal_unit_classes_cannot_be_summed,592961.85,688207.51,349.21,406.98,0.00,0.00,5642.49,5644.92,587319.36,682562.59
081165003006,08,municipality,Gemeinde Altenriet,Gemeinde Altenriet,kreisangehörige Gemeinde,kreisangehörige Gemeinde,08116006,08116006,2011,1942,STATISTIKPORTAL_INTEGRATED_2023_T1,STATISTIKPORTAL_INTEGRATED_2024_T1,matching_original_identifier_and_class,not_certified_requires_population_and_entity_scope_audit,different_fiscal_unit_classes_cannot_be_summed,1015154.36,1024563.55,504.80,527.58,424200.00,398860.00,5642.49,5644.92,585311.87,620058.63
081165003008,08,municipality,Gemeinde Bempflingen,Gemeinde Bempflingen,kreisangehörige Gemeinde,kreisangehörige Gemeinde,08116008,08116008,3480,3332,STATISTIKPORTAL_INTEGRATED_2023_T1,STATISTIKPORTAL_INTEGRATED_2024_T1,matching_original_identifier_and_class,not_certified_requires_population_and_entity_scope_audit,different_fiscal_unit_classes_cannot_be_summed,1826016.78,2018591.45,524.72,605.82,1670206.00,1550118.00,16927.47,16934.77,138883.31,451538.68
081165003041,08,municipality,Gemeinde Neckartailfingen,Gemeinde Neckartailfingen,kreisangehörige Gemeinde,kreisangehörige Gemeinde,08116041,08116041,3992,3832,STATISTIKPORTAL_INTEGRATED_2023_T1,STATISTIKPORTAL_INTEGRATED_2024_T1,matching_original_identifier_and_class,not_certified_requires_population_and_entity_scope_audit,different_fiscal_unit_classes_cannot_be_summed,1527935.75,1515350.42,382.75,395.45,714155.00,637386.00,27986.75,27998.82,785794.00,849965.60
081165003042,08,municipality,Gemeinde Neckartenzlingen,Gemeinde Neckartenzlingen,kreisangehörige Gemeinde,kreisangehörige Gemeinde,08116042,08116042,6494,6203,STATISTIKPORTAL_INTEGRATED_2023_T1,STATISTIKPORTAL_INTEGRATED_2024_T1,matching_original_identifier_and_class,not_certified_requires_population_and_entity_scope_audit,different_fiscal_unit_classes_cannot_be_summed,3416072.18,3033703.46,526.04,489.07,1151622.00,1011667.00,50556.72,50578.53,2213893.46,1971457.93
081165003063,08,municipality,Gemeinde Schlaitdorf,Gemeinde Schlaitdorf,kreisangehörige Gemeinde,kreisangehörige Gemeinde,08116063,08116063,1967,1871,STATISTIKPORTAL_INTEGRATED_2023_T1,STATISTIKPORTAL_INTEGRATED_2024_T1,matching_original_identifier_and_class,not_certified_requires_population_and_entity_scope_audit,different_fiscal_unit_classes_cannot_be_summed,642906.36,671916.28,326.85,359.12,51952.00,42501.00,5642.49,9356.65,585311.87,620058.63
081165004011,08,municipality,Gemeinde Beuren,Gemeinde Beuren,kreisangehörige Gemeinde,kreisangehörige Gemeinde,08116011,08116011,3710,3627,STATISTIKPORTAL_INTEGRATED_2023_T1,STATISTIKPORTAL_INTEGRATED_2024_T1,matching_original_identifier_and_class,not_certified_requires_population_and_entity_scope_audit,different_fiscal_unit_classes_cannot_be_summed,18654817.69,19853146.59,5028.25,5473.71,2640180.00,2370003.00,16.68,3711.73,16014621.01,17479431.86
081165004036,08,municipality,Gemeinde Kohlberg,Gemeinde Kohlberg,kreisangehörige Gemeinde,kreisangehörige Gemeinde,08116036,08116036,2295,2253,STATISTIKPORTAL_INTEGRATED_2023_T1,STATISTIKPORTAL_INTEGRATED_2024_T1,matching_original_identifier_and_class,not_certified_requires_population_and_entity_scope_audit,different_fiscal_unit_classes_cannot_be_summed,2380642.49,2816494.69,1037.32,1250.11,1249580.00,1170944.00,5659.17,9356.65,1125403.32,1636194.04
081165004046,08,municipality,Stadt Neuffen,Stadt Neuffen,kreisangehörige Gemeinde,kreisangehörige Gemeinde,08116046,08116046,6334,6109,STATISTIKPORTAL_INTEGRATED_2023_T1,STATISTIKPORTAL_INTEGRATED_2024_T1,matching_original_identifier_and_class,not_certified_requires_population_and_entity_scope_audit,different_fiscal_unit_classes_cannot_be_summed,11786974.60,12700280.78,1860.91,2078.95,3091250.00,3471917.00,5642.49,9460.71,8690082.11,9218903.07
081165005020,08,municipality,Gemeinde Frickenhausen,Gemeinde Frickenhausen,kreisangehörige Gemeinde,kreisangehörige Gemeinde,08116020,08116020,9309,9151,STATISTIKPORTAL_INTEGRATED_2023_T1,STATISTIKPORTAL_INTEGRATED_2024_T1,matching_original_identifier_and_class,not_certified_requires_population_and_entity_scope_audit,different_fiscal_unit_classes_cannot_be_summed,21595698.26,21727704.10,2319.87,2374.35,5385328.00,5031298.00,84185.97,84222.28,16126184.29,16612183.82
081165005022,08,municipality,Gemeinde Großbettlingen,Gemeinde Großbettlingen,kreisangehörige Gemeinde,kreisangehörige Gemeinde,08116022,08116022,4358,4209,STATISTIKPORTAL_INTEGRATED_2023_T1,STATISTIKPORTAL_INTEGRATED_2024_T1,matching_original_identifier_and_class,not_certified_requires_population_and_entity_scope_audit,different_fiscal_unit_classes_cannot_be_summed,3451639.09,3058157.35,792.02,726.58,1620007.00,1356279.00,16944.15,20646.50,1814687.94,1681231.85
081165005049,08,municipality,Große Kreisstadt Nürtingen,Große Kreisstadt Nürtingen,kreisangehörige Gemeinde,kreisangehörige Gemeinde,08116049,08116049,41354,40763,STATISTIKPORTAL_INTEGRATED_2023_T1,STATISTIKPORTAL_INTEGRATED_2024_T1,matching_original_identifier_and_class,not_certified_requires_population_and_entity_scope_audit,different_fiscal_unit_classes_cannot_be_summed,76633049.26,97951778.59,1853.10,2402.96,22452278.00,39049327.00,8261507.17,8007805.65,45919264.09,50894645.94
081165005050,08,municipality,Gemeinde Oberboihingen,Gemeinde Oberboihingen,kreisangehörige Gemeinde,kreisangehörige Gemeinde,08116050,08116050,5732,5646,STATISTIKPORTAL_INTEGRATED_2023_T1,STATISTIKPORTAL_INTEGRATED_2024_T1,matching_original_identifier_and_class,not_certified_requires_population_and_entity_scope_audit,different_fiscal_unit_classes_cannot_be_summed,3440222.86,3097826.10,600.18,548.68,2126250.00,1931250.00,39288.43,43000.42,1274684.43,1123575.68
081165005068,08,municipality,Gemeinde Unterensingen,Gemeinde Unterensingen,kreisangehörige Gemeinde,kreisangehörige Gemeinde,08116068,08116068,5022,4922,STATISTIKPORTAL_INTEGRATED_2023_T1,STATISTIKPORTAL_INTEGRATED_2024_T1,matching_original_identifier_and_class,not_certified_requires_population_and_entity_scope_audit,different_fiscal_unit_classes_cannot_be_summed,5400457.71,10209787.97,1075.36,2074.32,2943415.00,7506924.00,16944.15,16934.77,2440098.56,2685929.20
081165005073,08,municipality,Gemeinde Wolfschlugen,Gemeinde Wolfschlugen,kreisangehörige Gemeinde,kreisangehörige Gemeinde,08116073,08116073,6412,6208,STATISTIKPORTAL_INTEGRATED_2023_T1,STATISTIKPORTAL_INTEGRATED_2024_T1,matching_original_identifier_and_class,not_certified_requires_population_and_entity_scope_audit,different_fiscal_unit_classes_cannot_be_summed,4925510.52,4194125.84,768.17,675.60,0.00,0.00,39288.43,39288.69,4886222.09,4154837.15
081165006004,08,municipality,Gemeinde Altbach,Gemeinde Altbach,kreisangehörige Gemeinde,kreisangehörige Gemeinde,08116004,08116004,6457,6099,STATISTIKPORTAL_INTEGRATED_2023_T1,STATISTIKPORTAL_INTEGRATED_2024_T1,matching_original_identifier_and_class,not_certified_requires_population_and_entity_scope_audit,different_fiscal_unit_classes_cannot_be_summed,4144350.22,3953777.45,641.84,648.27,3708314.00,3538743.00,73143.37,76869.96,362892.85,338164.49
081165006014,08,municipality,Gemeinde Deizisau,Gemeinde Deizisau,kreisangehörige Gemeinde,kreisangehörige Gemeinde,08116014,08116014,6924,6736,STATISTIKPORTAL_INTEGRATED_2023_T1,STATISTIKPORTAL_INTEGRATED_2024_T1,matching_original_identifier_and_class,not_certified_requires_population_and_entity_scope_audit,different_fiscal_unit_classes_cannot_be_summed,1555379.50,1499048.46,224.64,222.54,0.00,0.00,95487.63,99223.86,1459891.87,1399824.60
081165006056,08,municipality,Stadt Plochingen,Stadt Plochingen,kreisangehörige Gemeinde,kreisangehörige Gemeinde,08116056,08116056,14573,14410,STATISTIKPORTAL_INTEGRATED_2023_T1,STATISTIKPORTAL_INTEGRATED_2024_T1,matching_original_identifier_and_class,not_certified_requires_population_and_entity_scope_audit,different_fiscal_unit_classes_cannot_be_summed,25094208.73,32316003.17,1721.97,2242.61,3800786.00,2778887.00,129342.58,731794.79,21164080.15,28805321.38
081165007007,08,municipality,Gemeinde Baltmannsweiler,Gemeinde Baltmannsweiler,kreisangehörige Gemeinde,kreisangehörige Gemeinde,08116007,08116007,5698,5536,STATISTIKPORTAL_INTEGRATED_2023_T1,STATISTIKPORTAL_INTEGRATED_2024_T1,matching_original_identifier_and_class,not_certified_requires_population_and_entity_scope_audit,different_fiscal_unit_classes_cannot_be_summed,1156413.28,6471393.36,202.95,1168.97,0.00,5400000.00,16927.47,16934.77,1139485.81,1054458.59
081165007027,08,municipality,Gemeinde Hochdorf (LKR Esslingen),Gemeinde Hochdorf (LKR Esslingen),kreisangehörige Gemeinde,kreisangehörige Gemeinde,08116027,08116027,4990,4788,STATISTIKPORTAL_INTEGRATED_2023_T1,STATISTIKPORTAL_INTEGRATED_2024_T1,matching_original_identifier_and_class,not_certified_requires_population_and_entity_scope_audit,different_fiscal_unit_classes_cannot_be_summed,3474959.16,4032874.32,696.38,842.29,1069047.00,953413.00,177013.43,1340874.30,2228898.73,1738587.02
081165007037,08,municipality,Gemeinde Lichtenwald,Gemeinde Lichtenwald,kreisangehörige Gemeinde,kreisangehörige Gemeinde,08116037,08116037,2663,2560,STATISTIKPORTAL_INTEGRATED_2023_T1,STATISTIKPORTAL_INTEGRATED_2024_T1,matching_original_identifier_and_class,not_certified_requires_population_and_entity_scope_audit,different_fiscal_unit_classes_cannot_be_summed,862208.23,780346.33,323.77,304.82,295725.00,272150.00,5642.49,5644.92,560840.74,502551.41
081165007058,08,municipality,Gemeinde Reichenbach an der Fils,Gemeinde Reichenbach an der Fils,kreisangehörige Gemeinde,kreisangehörige Gemeinde,08116058,08116058,8633,8354,STATISTIKPORTAL_INTEGRATED_2023_T1,STATISTIKPORTAL_INTEGRATED_2024_T1,matching_original_identifier_and_class,not_certified_requires_population_and_entity_scope_audit,different_fiscal_unit_classes_cannot_be_summed,11885092.13,18267451.20,1376.70,2186.67,1578756.00,2912184.00,222153.37,2583436.46,10084182.76,12771830.74
081165008012,08,municipality,Gemeinde Bissingen an der Teck,Gemeinde Bissingen an der Teck,kreisangehörige Gemeinde,kreisangehörige Gemeinde,08116012,08116012,3514,3395,STATISTIKPORTAL_INTEGRATED_2023_T1,STATISTIKPORTAL_INTEGRATED_2024_T1,matching_original_identifier_and_class,not_certified_requires_population_and_entity_scope_audit,different_fiscal_unit_classes_cannot_be_summed,4527701.66,4924475.37,1288.48,1450.51,712021.00,1135045.00,39271.75,39288.69,3776408.91,3750141.68
081165008029,08,municipality,Gemeinde Holzmaden,Gemeinde Holzmaden,kreisangehörige Gemeinde,kreisangehörige Gemeinde,08116029,08116029,2380,2294,STATISTIKPORTAL_INTEGRATED_2023_T1,STATISTIKPORTAL_INTEGRATED_2024_T1,matching_original_identifier_and_class,not_certified_requires_population_and_entity_scope_audit,different_fiscal_unit_classes_cannot_be_summed,3683844.84,4425893.78,1547.83,1929.33,2404167.00,3216459.00,5659.17,9356.65,1274018.67,1200078.13
081165008043,08,municipality,Gemeinde Neidlingen,Gemeinde Neidlingen,kreisangehörige Gemeinde,kreisangehörige Gemeinde,08116043,08116043,1806,1700,STATISTIKPORTAL_INTEGRATED_2023_T1,STATISTIKPORTAL_INTEGRATED_2024_T1,matching_original_identifier_and_class,not_certified_requires_population_and_entity_scope_audit,different_fiscal_unit_classes_cannot_be_summed,330544.02,299017.39,183.03,175.89,65908.00,42771.00,0.00,3711.73,264636.02,252534.66
081165008053,08,municipality,Gemeinde Ohmden,Gemeinde Ohmden,kreisangehörige Gemeinde,kreisangehörige Gemeinde,08116053,08116053,1759,1752,STATISTIKPORTAL_INTEGRATED_2023_T1,STATISTIKPORTAL_INTEGRATED_2024_T1,matching_original_identifier_and_class,not_certified_requires_population_and_entity_scope_audit,different_fiscal_unit_classes_cannot_be_summed,2075480.54,2000533.29,1179.92,1141.86,446503.00,413965.00,5642.49,5644.92,1623335.05,1580923.37
081165008070,08,municipality,Stadt Weilheim an der Teck,Stadt Weilheim an der Teck,kreisangehörige Gemeinde,kreisangehörige Gemeinde,08116070,08116070,10352,9900,STATISTIKPORTAL_INTEGRATED_2023_T1,STATISTIKPORTAL_INTEGRATED_2024_T1,matching_original_identifier_and_class,not_certified_requires_population_and_entity_scope_audit,different_fiscal_unit_classes_cannot_be_summed,11825189.75,11237914.44,1142.31,1135.14,1296837.00,1215938.00,95487.63,95512.13,10432865.12,9926464.31
081165009035,08,municipality,Gemeinde Köngen,Gemeinde Köngen,kreisangehörige Gemeinde,kreisangehörige Gemeinde,08116035,08116035,9827,9604,STATISTIKPORTAL_INTEGRATED_2023_T1,STATISTIKPORTAL_INTEGRATED_2024_T1,matching_original_identifier_and_class,not_certified_requires_population_and_entity_scope_audit,different_fiscal_unit_classes_cannot_be_summed,13238606.66,13495369.41,1347.17,1405.18,0.00,0.00,84185.97,84222.28,13154420.69,13411147.13
081165009071,08,municipality,Stadt Wendlingen am Neckar,Stadt Wendlingen am Neckar,kreisangehörige Gemeinde,kreisangehörige Gemeinde,08116071,08116071,16253,15891,STATISTIKPORTAL_INTEGRATED_2023_T1,STATISTIKPORTAL_INTEGRATED_2024_T1,matching_original_identifier_and_class,not_certified_requires_population_and_entity_scope_audit,different_fiscal_unit_classes_cannot_be_summed,14068825.59,15267445.66,865.61,960.76,0.00,0.00,140385.18,144157.46,13928440.41,15123288.20
08117,08,county_administration,Landratsamt Göppingen,Landratsamt Göppingen,Landkreis,Landkreis,,,262650,259114,STATISTIKPORTAL_INTEGRATED_2023_T1,STATISTIKPORTAL_INTEGRATED_2024_T1,matching_original_identifier_and_class,not_certified_requires_population_and_entity_scope_audit,different_fiscal_unit_classes_cannot_be_summed,515098569.63,525757226.11,1961.16,2029.06,179773318.00,294327994.00,4535070.09,4665223.41,330790181.54,226764008.70
081170010010,08,municipality,Gemeinde Böhmenkirch,Gemeinde Böhmenkirch,kreisangehörige Gemeinde,kreisangehörige Gemeinde,08117010,08117010,5672,5631,STATISTIKPORTAL_INTEGRATED_2023_T1,STATISTIKPORTAL_INTEGRATED_2024_T1,matching_original_identifier_and_class,not_certified_requires_population_and_entity_scope_audit,different_fiscal_unit_classes_cannot_be_summed,8855322.34,10620657.41,1561.23,1886.11,2631686.00,3453844.00,0.00,0.00,6223636.34,7166813.41
081175001006,08,municipality,Gemeinde Bad Ditzenbach,Gemeinde Bad Ditzenbach,kreisangehörige Gemeinde,kreisangehörige Gemeinde,08117006,08117006,3836,3824,STATISTIKPORTAL_INTEGRATED_2023_T1,STATISTIKPORTAL_INTEGRATED_2024_T1,matching_original_identifier_and_class,not_certified_requires_population_and_entity_scope_audit,different_fiscal_unit_classes_cannot_be_summed,13312326.05,13143686.91,3470.37,3437.16,7938226.00,7075607.00,180918.04,249065.84,5193182.01,5819014.07
081175001014,08,municipality,Gemeinde Deggingen,Gemeinde Deggingen,kreisangehörige Gemeinde,kreisangehörige Gemeinde,08117014,08117014,5316,5064,STATISTIKPORTAL_INTEGRATED_2023_T1,STATISTIKPORTAL_INTEGRATED_2024_T1,matching_original_identifier_and_class,not_certified_requires_population_and_entity_scope_audit,different_fiscal_unit_classes_cannot_be_summed,6615703.19,5967778.06,1244.49,1178.47,940518.00,863794.00,253036.50,357780.20,5422148.69,4746203.86
081175002018,08,municipality,Stadt Ebersbach an der Fils,Stadt Ebersbach an der Fils,kreisangehörige Gemeinde,kreisangehörige Gemeinde,08117018,08117018,15768,15407,STATISTIKPORTAL_INTEGRATED_2023_T1,STATISTIKPORTAL_INTEGRATED_2024_T1,matching_original_identifier_and_class,not_certified_requires_population_and_entity_scope_audit,different_fiscal_unit_classes_cannot_be_summed,33706226.80,35047142.07,2137.63,2274.75,5591850.00,5153770.00,162955.15,761726.82,27951421.65,29131645.25
081175002044,08,municipality,Gemeinde Schlierbach,Gemeinde Schlierbach,kreisangehörige Gemeinde,kreisangehörige Gemeinde,08117044,08117044,3928,3890,STATISTIKPORTAL_INTEGRATED_2023_T1,STATISTIKPORTAL_INTEGRATED_2024_T1,matching_original_identifier_and_class,not_certified_requires_population_and_entity_scope_audit,different_fiscal_unit_classes_cannot_be_summed,424376.79,675504.33,108.04,173.65,0.00,0.00,27986.75,27998.82,396390.04,647505.51
081175003019,08,municipality,Große Kreisstadt Eislingen/Fils,Große Kreisstadt Eislingen/Fils,kreisangehörige Gemeinde,kreisangehörige Gemeinde,08117019,08117019,21802,22358,STATISTIKPORTAL_INTEGRATED_2023_T1,STATISTIKPORTAL_INTEGRATED_2024_T1,matching_original_identifier_and_class,not_certified_requires_population_and_entity_scope_audit,different_fiscal_unit_classes_cannot_be_summed,16546116.15,21669607.98,758.93,969.21,3649056.00,9246586.00,241515.39,245314.52,12655544.76,12177707.46
081175003037,08,municipality,Gemeinde Ottenbach,Gemeinde Ottenbach,kreisangehörige Gemeinde,kreisangehörige Gemeinde,08117037,08117037,2423,2358,STATISTIKPORTAL_INTEGRATED_2023_T1,STATISTIKPORTAL_INTEGRATED_2024_T1,matching_original_identifier_and_class,not_certified_requires_population_and_entity_scope_audit,different_fiscal_unit_classes_cannot_be_summed,1991355.59,1956359.54,821.86,829.67,1536676.00,1498248.00,5642.49,9356.65,449037.10,448754.89
081175003042,08,municipality,Gemeinde Salach,Gemeinde Salach,kreisangehörige Gemeinde,kreisangehörige Gemeinde,08117042,08117042,8241,8084,STATISTIKPORTAL_INTEGRATED_2023_T1,STATISTIKPORTAL_INTEGRATED_2024_T1,matching_original_identifier_and_class,not_certified_requires_population_and_entity_scope_audit,different_fiscal_unit_classes_cannot_be_summed,14145763.89,12439396.81,1716.51,1538.77,6144842.00,4714432.00,73126.69,76869.96,7927795.20,7648094.85
081175004007,08,municipality,Gemeinde Bad Überkingen,Gemeinde Bad Überkingen,kreisangehörige Gemeinde,kreisangehörige Gemeinde,08117007,08117007,3893,3794,STATISTIKPORTAL_INTEGRATED_2023_T1,STATISTIKPORTAL_INTEGRATED_2024_T1,matching_original_identifier_and_class,not_certified_requires_population_and_entity_scope_audit,different_fiscal_unit_classes_cannot_be_summed,3070047.46,2683834.25,788.61,707.39,1509015.00,1270099.00,68777.10,59319.60,1492255.36,1354415.65
081175004024,08,municipality,Große Kreisstadt Geislingen an der Steige,Große Kreisstadt Geislingen an der Steige,kreisangehörige Gemeinde,kreisangehörige Gemeinde,08117024,08117024,29080,27892,STATISTIKPORTAL_INTEGRATED_2023_T1,STATISTIKPORTAL_INTEGRATED_2024_T1,matching_original_identifier_and_class,not_certified_requires_population_and_entity_scope_audit,different_fiscal_unit_classes_cannot_be_summed,82634569.09,82479153.23,2841.63,2957.09,9027191.00,6334404.00,17393959.51,16713455.97,56213418.58,59431293.26
081175004033,08,municipality,Gemeinde Kuchen,Gemeinde Kuchen,kreisangehörige Gemeinde,kreisangehörige Gemeinde,08117033,08117033,5710,5598,STATISTIKPORTAL_INTEGRATED_2023_T1,STATISTIKPORTAL_INTEGRATED_2024_T1,matching_original_identifier_and_class,not_certified_requires_population_and_entity_scope_audit,different_fiscal_unit_classes_cannot_be_summed,527683.15,481001.12,92.41,85.92,0.00,0.00,91702.80,79092.80,435980.35,401908.32
081175005026,08,municipality,Große Kreisstadt Göppingen,Große Kreisstadt Göppingen,kreisangehörige Gemeinde,kreisangehörige Gemeinde,08117026,08117026,59073,58905,STATISTIKPORTAL_INTEGRATED_2023_T1,STATISTIKPORTAL_INTEGRATED_2024_T1,matching_original_identifier_and_class,not_certified_requires_population_and_entity_scope_audit,different_fiscal_unit_classes_cannot_be_summed,315345780.56,329335811.59,5338.24,5590.97,9150174.00,13184108.00,589995.67,593945.10,305605610.89,315557758.49
081175005043,08,municipality,Gemeinde Schlat,Gemeinde Schlat,kreisangehörige Gemeinde,kreisangehörige Gemeinde,08117043,08117043,1702,1664,STATISTIKPORTAL_INTEGRATED_2023_T1,STATISTIKPORTAL_INTEGRATED_2024_T1,matching_original_identifier_and_class,not_certified_requires_population_and_entity_scope_audit,different_fiscal_unit_classes_cannot_be_summed,487290.44,417810.80,286.30,251.09,228470.00,166690.00,5642.49,9356.65,253177.95,241764.15
081175005053,08,municipality,Gemeinde Wäschenbeuren,Gemeinde Wäschenbeuren,kreisangehörige Gemeinde,kreisangehörige Gemeinde,08117053,08117053,3974,3902,STATISTIKPORTAL_INTEGRATED_2023_T1,STATISTIKPORTAL_INTEGRATED_2024_T1,matching_original_identifier_and_class,not_certified_requires_population_and_entity_scope_audit,different_fiscal_unit_classes_cannot_be_summed,821643.04,911667.98,206.75,233.64,0.00,0.00,5642.49,9356.65,816000.55,902311.33
081175005055,08,municipality,Gemeinde Wangen,Gemeinde Wangen,kreisangehörige Gemeinde,kreisangehörige Gemeinde,08117055,08117055,3228,3198,STATISTIKPORTAL_INTEGRATED_2023_T1,STATISTIKPORTAL_INTEGRATED_2024_T1,matching_original_identifier_and_class,not_certified_requires_population_and_entity_scope_audit,different_fiscal_unit_classes_cannot_be_summed,1157163.13,1658607.75,358.48,518.64,900000.00,1400000.00,16927.47,20646.50,240235.66,237961.25
081175006015,08,municipality,Stadt Donzdorf,Stadt Donzdorf,kreisangehörige Gemeinde,kreisangehörige Gemeinde,08117015,08117015,10971,10607,STATISTIKPORTAL_INTEGRATED_2023_T1,STATISTIKPORTAL_INTEGRATED_2024_T1,matching_original_identifier_and_class,not_certified_requires_population_and_entity_scope_audit,different_fiscal_unit_classes_cannot_be_summed,31631099.27,30139281.23,2883.16,2841.45,9512060.00,8613007.00,50573.40,54394.32,22068465.87,21471879.91
081175006025,08,municipality,Gemeinde Gingen an der Fils,Gemeinde Gingen an der Fils,kreisangehörige Gemeinde,kreisangehörige Gemeinde,08117025,08117025,4607,4440,STATISTIKPORTAL_INTEGRATED_2023_T1,STATISTIKPORTAL_INTEGRATED_2024_T1,matching_original_identifier_and_class,not_certified_requires_population_and_entity_scope_audit,different_fiscal_unit_classes_cannot_be_summed,2644074.68,2458723.95,573.93,553.77,784660.00,716428.00,0.00,0.00,1859414.68,1742295.95
081175006049,08,municipality,Stadt Süßen,Stadt Süßen,kreisangehörige Gemeinde,kreisangehörige Gemeinde,08117049,08117049,10362,10210,STATISTIKPORTAL_INTEGRATED_2023_T1,STATISTIKPORTAL_INTEGRATED_2024_T1,matching_original_identifier_and_class,not_certified_requires_population_and_entity_scope_audit,different_fiscal_unit_classes_cannot_be_summed,11805194.64,18339349.72,1139.28,1796.21,4746307.00,8950614.00,84202.65,87934.01,6974684.99,9300801.71
081175006061,08,municipality,Stadt Lauterstein,Stadt Lauterstein,kreisangehörige Gemeinde,kreisangehörige Gemeinde,08117061,08117061,2569,2513,STATISTIKPORTAL_INTEGRATED_2023_T1,STATISTIKPORTAL_INTEGRATED_2024_T1,matching_original_identifier_and_class,not_certified_requires_population_and_entity_scope_audit,different_fiscal_unit_classes_cannot_be_summed,1069260.77,973906.89,416.22,387.55,741742.00,661673.00,0.00,0.00,327518.77,312233.89
081175007016,08,municipality,Gemeinde Drackenstein,Gemeinde Drackenstein,kreisangehörige Gemeinde,kreisangehörige Gemeinde,08117016,08117016,458,436,STATISTIKPORTAL_INTEGRATED_2023_T1,STATISTIKPORTAL_INTEGRATED_2024_T1,matching_original_identifier_and_class,not_certified_requires_population_and_entity_scope_audit,different_fiscal_unit_classes_cannot_be_summed,1380374.87,1558161.22,3013.92,3573.76,0.00,0.00,62948.18,100805.08,1317426.69,1457356.14
081175007028,08,municipality,Gemeinde Gruibingen,Gemeinde Gruibingen,kreisangehörige Gemeinde,kreisangehörige Gemeinde,08117028,08117028,2186,2234,STATISTIKPORTAL_INTEGRATED_2023_T1,STATISTIKPORTAL_INTEGRATED_2024_T1,matching_original_identifier_and_class,not_certified_requires_population_and_entity_scope_audit,different_fiscal_unit_classes_cannot_be_summed,3145465.60,4039678.33,1438.91,1808.27,1148397.00,1574290.00,619388.69,619043.54,1377679.91,1846344.79
081175007031,08,municipality,Gemeinde Hohenstadt,Gemeinde Hohenstadt,kreisangehörige Gemeinde,kreisangehörige Gemeinde,08117031,08117031,774,764,STATISTIKPORTAL_INTEGRATED_2023_T1,STATISTIKPORTAL_INTEGRATED_2024_T1,matching_original_identifier_and_class,not_certified_requires_population_and_entity_scope_audit,different_fiscal_unit_classes_cannot_be_summed,1396426.69,1524356.14,1804.17,1995.23,79000.00,67000.00,0.00,0.00,1317426.69,1457356.14
081175007035,08,municipality,Gemeinde Mühlhausen im Täle,Gemeinde Mühlhausen im Täle,kreisangehörige Gemeinde,kreisangehörige Gemeinde,08117035,08117035,1093,1109,STATISTIKPORTAL_INTEGRATED_2023_T1,STATISTIKPORTAL_INTEGRATED_2024_T1,matching_original_identifier_and_class,not_certified_requires_population_and_entity_scope_audit,different_fiscal_unit_classes_cannot_be_summed,2933684.61,3029473.41,2684.07,2731.72,787376.00,720613.00,583329.46,564686.36,1562979.15,1744174.05
081175007058,08,municipality,Stadt Wiesensteig,Stadt Wiesensteig,kreisangehörige Gemeinde,kreisangehörige Gemeinde,08117058,08117058,2090,1985,STATISTIKPORTAL_INTEGRATED_2023_T1,STATISTIKPORTAL_INTEGRATED_2024_T1,matching_original_identifier_and_class,not_certified_requires_population_and_entity_scope_audit,different_fiscal_unit_classes_cannot_be_summed,2771541.50,3489454.48,1326.10,1757.91,1184500.00,1619750.00,108177.69,163071.54,1478863.81,1706632.94
081175008001,08,municipality,Gemeinde Adelberg,Gemeinde Adelberg,kreisangehörige Gemeinde,kreisangehörige Gemeinde,08117001,08117001,1998,1953,STATISTIKPORTAL_INTEGRATED_2023_T1,STATISTIKPORTAL_INTEGRATED_2024_T1,matching_original_identifier_and_class,not_certified_requires_population_and_entity_scope_audit,different_fiscal_unit_classes_cannot_be_summed,4631343.61,4467630.92,2317.99,2287.57,821700.00,788500.00,36403.75,303862.82,3773239.86,3375268.10
081175008009,08,municipality,Gemeinde Birenbach,Gemeinde Birenbach,kreisangehörige Gemeinde,kreisangehörige Gemeinde,08117009,08117009,1908,1869,STATISTIKPORTAL_INTEGRATED_2023_T1,STATISTIKPORTAL_INTEGRATED_2024_T1,matching_original_identifier_and_class,not_certified_requires_population_and_entity_scope_audit,different_fiscal_unit_classes_cannot_be_summed,2011517.58,2572753.73,1054.25,1376.54,1029315.00,1573774.00,14059.49,13008.92,968143.09,985970.81
081175008011,08,municipality,Gemeinde Börtlingen,Gemeinde Börtlingen,kreisangehörige Gemeinde,kreisangehörige Gemeinde,08117011,08117011,1741,1712,STATISTIKPORTAL_INTEGRATED_2023_T1,STATISTIKPORTAL_INTEGRATED_2024_T1,matching_original_identifier_and_class,not_certified_requires_population_and_entity_scope_audit,different_fiscal_unit_classes_cannot_be_summed,2258583.02,2188181.79,1297.29,1278.14,1685804.00,1559570.00,14059.49,13008.92,558719.53,615602.87
081175008038,08,municipality,Gemeinde Rechberghausen,Gemeinde Rechberghausen,kreisangehörige Gemeinde,kreisangehörige Gemeinde,08117038,08117038,5508,5486,STATISTIKPORTAL_INTEGRATED_2023_T1,STATISTIKPORTAL_INTEGRATED_2024_T1,matching_original_identifier_and_class,not_certified_requires_population_and_entity_scope_audit,different_fiscal_unit_classes_cannot_be_summed,3448211.77,3255095.21,626.04,593.35,1246204.00,1067512.00,36420.43,35362.82,2165587.34,2152220.39
081175009002,08,municipality,Gemeinde Aichelberg,Gemeinde Aichelberg,kreisangehörige Gemeinde,kreisangehörige Gemeinde,08117002,08117002,1329,1292,STATISTIKPORTAL_INTEGRATED_2023_T1,STATISTIKPORTAL_INTEGRATED_2024_T1,matching_original_identifier_and_class,not_certified_requires_population_and_entity_scope_audit,different_fiscal_unit_classes_cannot_be_summed,1171074.49,1040964.44,881.17,805.70,626090.00,533290.00,56299.62,53407.80,488684.87,454266.64
081175009012,08,municipality,Gemeinde Bad Boll,Gemeinde Bad Boll,kreisangehörige Gemeinde,kreisangehörige Gemeinde,08117012,08117012,5265,5127,STATISTIKPORTAL_INTEGRATED_2023_T1,STATISTIKPORTAL_INTEGRATED_2024_T1,matching_original_identifier_and_class,not_certified_requires_population_and_entity_scope_audit,different_fiscal_unit_classes_cannot_be_summed,8362654.68,7916233.45,1588.35,1544.03,4512464.00,3924992.00,67584.62,64697.67,3782606.06,3926543.78
081175009017,08,municipality,Gemeinde Dürnau (LKR Göppingen),Gemeinde Dürnau (LKR Göppingen),kreisangehörige Gemeinde,kreisangehörige Gemeinde,08117017,08117017,2205,2206,STATISTIKPORTAL_INTEGRATED_2023_T1,STATISTIKPORTAL_INTEGRATED_2024_T1,matching_original_identifier_and_class,not_certified_requires_population_and_entity_scope_audit,different_fiscal_unit_classes_cannot_be_summed,472962.17,536974.67,214.50,243.42,157188.00,54313.00,33957.06,31055.43,281817.11,451606.24
081175009023,08,municipality,Gemeinde Gammelshausen,Gemeinde Gammelshausen,kreisangehörige Gemeinde,kreisangehörige Gemeinde,08117023,08117023,1510,1498,STATISTIKPORTAL_INTEGRATED_2023_T1,STATISTIKPORTAL_INTEGRATED_2024_T1,matching_original_identifier_and_class,not_certified_requires_population_and_entity_scope_audit,different_fiscal_unit_classes_cannot_be_summed,783706.24,677117.25,519.01,452.01,474665.00,383682.00,33957.06,31055.43,275084.18,262379.82
081175009029,08,municipality,Gemeinde Hattenhofen,Gemeinde Hattenhofen,kreisangehörige Gemeinde,kreisangehörige Gemeinde,08117029,08117029,2944,2925,STATISTIKPORTAL_INTEGRATED_2023_T1,STATISTIKPORTAL_INTEGRATED_2024_T1,matching_original_identifier_and_class,not_certified_requires_population_and_entity_scope_audit,different_fiscal_unit_classes_cannot_be_summed,5182406.65,5113872.00,1760.33,1748.33,837500.00,787500.00,78871.29,75989.04,4266035.36,4250382.96
081175009060,08,municipality,Gemeinde Zell unter Aichelberg,Gemeinde Zell unter Aichelberg,kreisangehörige Gemeinde,kreisangehörige Gemeinde,08117060,08117060,3160,3105,STATISTIKPORTAL_INTEGRATED_2023_T1,STATISTIKPORTAL_INTEGRATED_2024_T1,matching_original_identifier_and_class,not_certified_requires_population_and_entity_scope_audit,different_fiscal_unit_classes_cannot_be_summed,4175229.92,3882114.27,1321.28,1250.28,3475210.00,3104918.00,45242.04,42345.28,654777.88,734850.99
081175010003,08,municipality,Gemeinde Albershausen,Gemeinde Albershausen,kreisangehörige Gemeinde,kreisangehörige Gemeinde,08117003,08117003,4455,4424,STATISTIKPORTAL_INTEGRATED_2023_T1,STATISTIKPORTAL_INTEGRATED_2024_T1,matching_original_identifier_and_class,not_certified_requires_population_and_entity_scope_audit,different_fiscal_unit_classes_cannot_be_summed,539384.51,983336.56,121.07,222.27,0.00,0.00,27986.75,27998.82,511397.76,955337.74
081175010051,08,municipality,Stadt Uhingen,Stadt Uhingen,kreisangehörige Gemeinde,kreisangehörige Gemeinde,08117051,08117051,14554,14445,STATISTIKPORTAL_INTEGRATED_2023_T1,STATISTIKPORTAL_INTEGRATED_2024_T1,matching_original_identifier_and_class,not_certified_requires_population_and_entity_scope_audit,different_fiscal_unit_classes_cannot_be_summed,6080436.32,6001553.03,417.78,415.48,2237500.00,2062500.00,162955.15,166737.17,3679981.17,3772315.86
081175011020,08,municipality,Gemeinde Eschenbach,Gemeinde Eschenbach,kreisangehörige Gemeinde,kreisangehörige Gemeinde,08117020,08117020,2121,2135,STATISTIKPORTAL_INTEGRATED_2023_T1,STATISTIKPORTAL_INTEGRATED_2024_T1,matching_original_identifier_and_class,not_certified_requires_population_and_entity_scope_audit,different_fiscal_unit_classes_cannot_be_summed,425899.66,1295532.70,200.80,606.81,0.00,900000.00,50556.72,50578.53,375342.94,344954.17
081175011030,08,municipality,Gemeinde Heiningen,Gemeinde Heiningen,kreisangehörige Gemeinde,kreisangehörige Gemeinde,08117030,08117030,5196,5070,STATISTIKPORTAL_INTEGRATED_2023_T1,STATISTIKPORTAL_INTEGRATED_2024_T1,matching_original_identifier_and_class,not_certified_requires_population_and_entity_scope_audit,different_fiscal_unit_classes_cannot_be_summed,3223534.40,2980829.84,620.39,587.93,2561438.00,2351206.00,16927.47,16934.77,645168.93,612689.07
08118,08,county_administration,Landratsamt Ludwigsburg,Landratsamt Ludwigsburg,Landkreis,Landkreis,,,552575,535325,STATISTIKPORTAL_INTEGRATED_2023_T1,STATISTIKPORTAL_INTEGRATED_2024_T1,matching_original_identifier_and_class,not_certified_requires_population_and_entity_scope_audit,different_fiscal_unit_classes_cannot_be_summed,504621593.93,595874134.87,913.22,1113.11,68308663.00,142114992.00,16348550.13,17515663.76,419964380.80,436243479.11
081180003003,08,municipality,Stadt Asperg,Stadt Asperg,kreisangehörige Gemeinde,kreisangehörige Gemeinde,08118003,08118003,13770,13573,STATISTIKPORTAL_INTEGRATED_2023_T1,STATISTIKPORTAL_INTEGRATED_2024_T1,matching_original_identifier_and_class,not_certified_requires_population_and_entity_scope_audit,different_fiscal_unit_classes_cannot_be_summed,14281729.48,14079009.94,1037.16,1037.28,8018945.00,8303157.00,106755.94,106801.99,6156028.54,5669050.95
081180011011,08,municipality,Große Kreisstadt Ditzingen,Große Kreisstadt Ditzingen,kreisangehörige Gemeinde,kreisangehörige Gemeinde,08118011,08118011,25275,22741,STATISTIKPORTAL_INTEGRATED_2023_T1,STATISTIKPORTAL_INTEGRATED_2024_T1,matching_original_identifier_and_class,not_certified_requires_population_and_entity_scope_audit,different_fiscal_unit_classes_cannot_be_summed,47991726.86,59718242.70,1898.78,2626.02,8000000.00,14000000.00,1313164.11,1421742.02,38678562.75,44296500.68
081180019019,08,municipality,Stadt Gerlingen,Stadt Gerlingen,kreisangehörige Gemeinde,kreisangehörige Gemeinde,08118019,08118019,19716,18456,STATISTIKPORTAL_INTEGRATED_2023_T1,STATISTIKPORTAL_INTEGRATED_2024_T1,matching_original_identifier_and_class,not_certified_requires_population_and_entity_scope_audit,different_fiscal_unit_classes_cannot_be_summed,11905124.36,17216512.65,603.83,932.84,2213123.00,5940751.00,151686.85,155551.38,9540314.51,11120210.27
081180021021,08,municipality,Stadt Großbottwar,Stadt Großbottwar,kreisangehörige Gemeinde,kreisangehörige Gemeinde,08118021,08118021,8534,7998,STATISTIKPORTAL_INTEGRATED_2023_T1,STATISTIKPORTAL_INTEGRATED_2024_T1,matching_original_identifier_and_class,not_certified_requires_population_and_entity_scope_audit,different_fiscal_unit_classes_cannot_be_summed,21332136.12,20247204.39,2499.66,2531.53,12861368.00,11863477.00,50573.40,54394.32,8420194.72,8329333.07
081180046046,08,municipality,Große Kreisstadt Kornwestheim,Große Kreisstadt Kornwestheim,kreisangehörige Gemeinde,kreisangehörige Gemeinde,08118046,08118046,34289,33936,STATISTIKPORTAL_INTEGRATED_2023_T1,STATISTIKPORTAL_INTEGRATED_2024_T1,matching_original_identifier_and_class,not_certified_requires_population_and_entity_scope_audit,different_fiscal_unit_classes_cannot_be_summed,99417465.72,115092281.87,2899.40,3391.45,0.00,0.00,410113.04,413984.89,99007352.68,114678296.98
081180048048,08,municipality,Große Kreisstadt Ludwigsburg,Große Kreisstadt Ludwigsburg,kreisangehörige Gemeinde,kreisangehörige Gemeinde,08118048,08118048,94270,92915,STATISTIKPORTAL_INTEGRATED_2023_T1,STATISTIKPORTAL_INTEGRATED_2024_T1,matching_original_identifier_and_class,not_certified_requires_population_and_entity_scope_audit,different_fiscal_unit_classes_cannot_be_summed,388798188.51,486642313.62,4124.30,5237.50,19633450.00,46436450.00,10270533.98,9167108.13,358894204.53,431038755.49
081180050050,08,municipality,Stadt Markgröningen,Stadt Markgröningen,kreisangehörige Gemeinde,kreisangehörige Gemeinde,08118050,08118050,15082,14204,STATISTIKPORTAL_INTEGRATED_2023_T1,STATISTIKPORTAL_INTEGRATED_2024_T1,matching_original_identifier_and_class,not_certified_requires_population_and_entity_scope_audit,different_fiscal_unit_classes_cannot_be_summed,39994928.78,38986994.76,2651.83,2744.79,12628728.00,11960534.00,207869.38,211774.83,27158331.40,26814685.93
081180051051,08,municipality,Gemeinde Möglingen,Gemeinde Möglingen,kreisangehörige Gemeinde,kreisangehörige Gemeinde,08118051,08118051,11279,10778,STATISTIKPORTAL_INTEGRATED_2023_T1,STATISTIKPORTAL_INTEGRATED_2024_T1,matching_original_identifier_and_class,not_certified_requires_population_and_entity_scope_audit,different_fiscal_unit_classes_cannot_be_summed,1375400.33,1415750.96,121.94,131.36,0.00,0.00,61841.70,65580.10,1313558.63,1350170.86
081180060060,08,municipality,Gemeinde Oberstenfeld,Gemeinde Oberstenfeld,kreisangehörige Gemeinde,kreisangehörige Gemeinde,08118060,08118060,7949,7551,STATISTIKPORTAL_INTEGRATED_2023_T1,STATISTIKPORTAL_INTEGRATED_2024_T1,matching_original_identifier_and_class,not_certified_requires_population_and_entity_scope_audit,different_fiscal_unit_classes_cannot_be_summed,9988442.63,12561915.61,1256.57,1663.61,4162764.00,3739892.00,95487.63,95512.13,5730191.00,8726511.48
081180076076,08,municipality,Stadt Sachsenheim,Stadt Sachsenheim,kreisangehörige Gemeinde,kreisangehörige Gemeinde,08118076,08118076,19494,18531,STATISTIKPORTAL_INTEGRATED_2023_T1,STATISTIKPORTAL_INTEGRATED_2024_T1,matching_original_identifier_and_class,not_certified_requires_population_and_entity_scope_audit,different_fiscal_unit_classes_cannot_be_summed,8705944.60,8887774.06,446.60,479.62,34084.00,0.00,118049.06,120044.01,8553811.54,8767730.05
081180080080,08,municipality,Stadt Korntal-Münchingen,Stadt Korntal-Münchingen,kreisangehörige Gemeinde,kreisangehörige Gemeinde,08118080,08118080,20153,19428,STATISTIKPORTAL_INTEGRATED_2023_T1,STATISTIKPORTAL_INTEGRATED_2024_T1,matching_original_identifier_and_class,not_certified_requires_population_and_entity_scope_audit,different_fiscal_unit_classes_cannot_be_summed,20771643.45,22624842.05,1030.70,1164.55,6602526.00,6760396.00,3191014.93,3511959.45,10978102.52,12352486.60
081180081081,08,municipality,Große Kreisstadt Remseck am Neckar,Große Kreisstadt Remseck am Neckar,kreisangehörige Gemeinde,kreisangehörige Gemeinde,08118081,08118081,26658,26187,STATISTIKPORTAL_INTEGRATED_2023_T1,STATISTIKPORTAL_INTEGRATED_2024_T1,matching_original_identifier_and_class,not_certified_requires_population_and_entity_scope_audit,different_fiscal_unit_classes_cannot_be_summed,46828918.08,59246199.59,1756.66,2262.43,9834095.00,18572599.00,153735.86,240450.73,36841087.22,40433149.86
081185001007,08,municipality,Stadt Besigheim,Stadt Besigheim,kreisangehörige Gemeinde,kreisangehörige Gemeinde,08118007,08118007,12863,12274,STATISTIKPORTAL_INTEGRATED_2023_T1,STATISTIKPORTAL_INTEGRATED_2024_T1,matching_original_identifier_and_class,not_certified_requires_population_and_entity_scope_audit,different_fiscal_unit_classes_cannot_be_summed,29960075.50,36113856.43,2329.17,2942.31,10542995.00,16502058.00,34299.72,29483.51,19382780.78,19582314.92
081185001016,08,municipality,Gemeinde Freudental,Gemeinde Freudental,kreisangehörige Gemeinde,kreisangehörige Gemeinde,08118016,08118016,2614,2523,STATISTIKPORTAL_INTEGRATED_2023_T1,STATISTIKPORTAL_INTEGRATED_2024_T1,matching_original_identifier_and_class,not_certified_requires_population_and_entity_scope_audit,different_fiscal_unit_classes_cannot_be_summed,5712705.08,6579026.50,2185.43,2607.62,3029794.00,3275900.00,7744.59,5644.92,2675166.49,3297481.58
081185001018,08,municipality,Gemeinde Gemmrigheim,Gemeinde Gemmrigheim,kreisangehörige Gemeinde,kreisangehörige Gemeinde,08118018,08118018,4952,4627,STATISTIKPORTAL_INTEGRATED_2023_T1,STATISTIKPORTAL_INTEGRATED_2024_T1,matching_original_identifier_and_class,not_certified_requires_population_and_entity_scope_audit,different_fiscal_unit_classes_cannot_be_summed,1322143.50,1490947.67,266.99,322.23,0.00,0.00,42427.74,39919.68,1279715.76,1451027.99
081185001028,08,municipality,Gemeinde Hessigheim,Gemeinde Hessigheim,kreisangehörige Gemeinde,kreisangehörige Gemeinde,08118028,08118028,2547,2501,STATISTIKPORTAL_INTEGRATED_2023_T1,STATISTIKPORTAL_INTEGRATED_2024_T1,matching_original_identifier_and_class,not_certified_requires_population_and_entity_scope_audit,different_fiscal_unit_classes_cannot_be_summed,1012344.86,1221711.48,397.47,488.49,13605.00,6218.00,7745.76,5904.75,990994.10,1209588.73
081185001047,08,municipality,Gemeinde Löchgau,Gemeinde Löchgau,kreisangehörige Gemeinde,kreisangehörige Gemeinde,08118047,08118047,5970,5794,STATISTIKPORTAL_INTEGRATED_2023_T1,STATISTIKPORTAL_INTEGRATED_2024_T1,matching_original_identifier_and_class,not_certified_requires_population_and_entity_scope_audit,different_fiscal_unit_classes_cannot_be_summed,2937039.66,2724343.68,491.97,470.20,1536846.00,1167265.00,42424.90,39288.69,1357768.76,1517789.99
081185001053,08,municipality,Gemeinde Mundelsheim,Gemeinde Mundelsheim,kreisangehörige Gemeinde,kreisangehörige Gemeinde,08118053,08118053,3526,3535,STATISTIKPORTAL_INTEGRATED_2023_T1,STATISTIKPORTAL_INTEGRATED_2024_T1,matching_original_identifier_and_class,not_certified_requires_population_and_entity_scope_audit,different_fiscal_unit_classes_cannot_be_summed,1065370.27,1369398.57,302.15,387.38,322741.00,269859.00,19032.41,17565.76,723596.86,1081973.81
081185001074,08,municipality,Gemeinde Walheim,Gemeinde Walheim,kreisangehörige Gemeinde,kreisangehörige Gemeinde,08118074,08118074,3353,3297,STATISTIKPORTAL_INTEGRATED_2023_T1,STATISTIKPORTAL_INTEGRATED_2024_T1,matching_original_identifier_and_class,not_certified_requires_population_and_entity_scope_audit,different_fiscal_unit_classes_cannot_be_summed,1190410.76,1149990.91,355.03,348.80,975000.00,925000.00,41375.85,43445.83,174034.91,181545.08
081185002071,08,municipality,Stadt Tamm,Stadt Tamm,kreisangehörige Gemeinde,kreisangehörige Gemeinde,08118071,08118071,12653,12220,STATISTIKPORTAL_INTEGRATED_2023_T1,STATISTIKPORTAL_INTEGRATED_2024_T1,matching_original_identifier_and_class,not_certified_requires_population_and_entity_scope_audit,different_fiscal_unit_classes_cannot_be_summed,17368368.10,17153302.27,1372.67,1403.71,218736.00,159358.00,129325.90,133093.41,17020306.20,16860850.86
081185002077,08,municipality,Gemeinde Ingersheim,Gemeinde Ingersheim,kreisangehörige Gemeinde,kreisangehörige Gemeinde,08118077,08118077,6437,6216,STATISTIKPORTAL_INTEGRATED_2023_T1,STATISTIKPORTAL_INTEGRATED_2024_T1,matching_original_identifier_and_class,not_certified_requires_population_and_entity_scope_audit,different_fiscal_unit_classes_cannot_be_summed,10002535.76,9698381.42,1553.91,1560.23,4919822.00,4641841.00,3627986.75,3627998.82,1454727.01,1428541.60
081185002079,08,municipality,Große Kreisstadt Bietigheim-Bissingen,Große Kreisstadt Bietigheim-Bissingen,kreisangehörige Gemeinde,kreisangehörige Gemeinde,08118079,08118079,43845,43641,STATISTIKPORTAL_INTEGRATED_2023_T1,STATISTIKPORTAL_INTEGRATED_2024_T1,matching_original_identifier_and_class,not_certified_requires_population_and_entity_scope_audit,different_fiscal_unit_classes_cannot_be_summed,326543069.43,346395466.25,7447.67,7937.39,0.00,0.00,14925776.23,12602076.93,311617293.20,333793389.32
081185003010,08,municipality,Stadt Bönnigheim,Stadt Bönnigheim,kreisangehörige Gemeinde,kreisangehörige Gemeinde,08118010,08118010,8428,8105,STATISTIKPORTAL_INTEGRATED_2023_T1,STATISTIKPORTAL_INTEGRATED_2024_T1,matching_original_identifier_and_class,not_certified_requires_population_and_entity_scope_audit,different_fiscal_unit_classes_cannot_be_summed,5678407.04,5535290.12,673.75,682.95,1173000.00,1030000.00,50562.28,51815.76,4454844.76,4453474.36
081185003015,08,municipality,Gemeinde Erligheim,Gemeinde Erligheim,kreisangehörige Gemeinde,kreisangehörige Gemeinde,08118015,08118015,3072,3079,STATISTIKPORTAL_INTEGRATED_2023_T1,STATISTIKPORTAL_INTEGRATED_2024_T1,matching_original_identifier_and_class,not_certified_requires_population_and_entity_scope_audit,different_fiscal_unit_classes_cannot_be_summed,1186603.62,1373786.95,386.26,446.18,0.00,0.00,5648.05,6882.19,1180955.57,1366904.76
081185003040,08,municipality,Gemeinde Kirchheim am Neckar,Gemeinde Kirchheim am Neckar,kreisangehörige Gemeinde,kreisangehörige Gemeinde,08118040,08118040,6244,5965,STATISTIKPORTAL_INTEGRATED_2023_T1,STATISTIKPORTAL_INTEGRATED_2024_T1,matching_original_identifier_and_class,not_certified_requires_population_and_entity_scope_audit,different_fiscal_unit_classes_cannot_be_summed,19907117.82,19945070.16,3188.20,3343.68,11596745.00,11596745.00,5.56,1237.23,8310367.26,8347087.93
081185004063,08,municipality,Gemeinde Pleidelsheim,Gemeinde Pleidelsheim,kreisangehörige Gemeinde,kreisangehörige Gemeinde,08118063,08118063,6431,6059,STATISTIKPORTAL_INTEGRATED_2023_T1,STATISTIKPORTAL_INTEGRATED_2024_T1,matching_original_identifier_and_class,not_certified_requires_population_and_entity_scope_audit,different_fiscal_unit_classes_cannot_be_summed,20829651.55,19434840.63,3238.94,3207.60,11600229.00,10675890.00,50556.72,54290.26,9178865.83,8704660.37
081185004078,08,municipality,Stadt Freiberg am Neckar,Stadt Freiberg am Neckar,kreisangehörige Gemeinde,kreisangehörige Gemeinde,08118078,08118078,16262,15537,STATISTIKPORTAL_INTEGRATED_2023_T1,STATISTIKPORTAL_INTEGRATED_2024_T1,matching_original_identifier_and_class,not_certified_requires_population_and_entity_scope_audit,different_fiscal_unit_classes_cannot_be_summed,75095772.46,70683130.89,4617.87,4549.34,43684229.00,41381885.00,118057.60,121907.62,31293485.86,29179338.27
081185005001,08,municipality,Gemeinde Affalterbach,Gemeinde Affalterbach,kreisangehörige Gemeinde,kreisangehörige Gemeinde,08118001,08118001,4524,4352,STATISTIKPORTAL_INTEGRATED_2023_T1,STATISTIKPORTAL_INTEGRATED_2024_T1,matching_original_identifier_and_class,not_certified_requires_population_and_entity_scope_audit,different_fiscal_unit_classes_cannot_be_summed,751997.91,1546386.42,166.22,355.33,0.00,0.00,39288.43,43000.42,712709.48,1503386.00
081185005006,08,municipality,Gemeinde Benningen am Neckar,Gemeinde Benningen am Neckar,kreisangehörige Gemeinde,kreisangehörige Gemeinde,08118006,08118006,6701,6336,STATISTIKPORTAL_INTEGRATED_2023_T1,STATISTIKPORTAL_INTEGRATED_2024_T1,matching_original_identifier_and_class,not_certified_requires_population_and_entity_scope_audit,different_fiscal_unit_classes_cannot_be_summed,17530551.88,21347328.15,2616.11,3369.21,6404640.00,6028426.00,28003.43,31710.55,11097908.45,15287191.60
081185005014,08,municipality,Gemeinde Erdmannhausen,Gemeinde Erdmannhausen,kreisangehörige Gemeinde,kreisangehörige Gemeinde,08118014,08118014,5321,5234,STATISTIKPORTAL_INTEGRATED_2023_T1,STATISTIKPORTAL_INTEGRATED_2024_T1,matching_original_identifier_and_class,not_certified_requires_population_and_entity_scope_audit,different_fiscal_unit_classes_cannot_be_summed,4476983.26,4464671.53,841.38,853.01,1933500.00,1893500.00,16927.47,16934.77,2526555.79,2554236.76
081185005049,08,municipality,Stadt Marbach am Neckar,Stadt Marbach am Neckar,kreisangehörige Gemeinde,kreisangehörige Gemeinde,08118049,08118049,15962,15529,STATISTIKPORTAL_INTEGRATED_2023_T1,STATISTIKPORTAL_INTEGRATED_2024_T1,matching_original_identifier_and_class,not_certified_requires_population_and_entity_scope_audit,different_fiscal_unit_classes_cannot_be_summed,34900619.45,41648831.64,2186.48,2682.00,17190079.00,19889253.00,5642.49,5644.92,17704897.96,21753933.72
081185006027,08,municipality,Gemeinde Hemmingen,Gemeinde Hemmingen,kreisangehörige Gemeinde,kreisangehörige Gemeinde,08118027,08118027,8190,7929,STATISTIKPORTAL_INTEGRATED_2023_T1,STATISTIKPORTAL_INTEGRATED_2024_T1,matching_original_identifier_and_class,not_certified_requires_population_and_entity_scope_audit,different_fiscal_unit_classes_cannot_be_summed,4634646.17,5563987.96,565.89,701.73,0.00,0.00,2751921.27,3040619.53,1882724.90,2523368.43
081185006067,08,municipality,Gemeinde Schwieberdingen,Gemeinde Schwieberdingen,kreisangehörige Gemeinde,kreisangehörige Gemeinde,08118067,08118067,11646,11357,STATISTIKPORTAL_INTEGRATED_2023_T1,STATISTIKPORTAL_INTEGRATED_2024_T1,matching_original_identifier_and_class,not_certified_requires_population_and_entity_scope_audit,different_fiscal_unit_classes_cannot_be_summed,5148958.96,6010078.08,442.12,529.20,1342100.00,1236836.00,2430685.11,2671332.25,1376173.85,2101909.83
081185007054,08,municipality,Gemeinde Murr,Gemeinde Murr,kreisangehörige Gemeinde,kreisangehörige Gemeinde,08118054,08118054,6824,6572,STATISTIKPORTAL_INTEGRATED_2023_T1,STATISTIKPORTAL_INTEGRATED_2024_T1,matching_original_identifier_and_class,not_certified_requires_population_and_entity_scope_audit,different_fiscal_unit_classes_cannot_be_summed,1665350.82,2686885.57,244.04,408.84,0.00,0.00,50573.40,50578.53,1614777.42,2636307.04
081185007070,08,municipality,Stadt Steinheim an der Murr,Stadt Steinheim an der Murr,kreisangehörige Gemeinde,kreisangehörige Gemeinde,08118070,08118070,12218,11981,STATISTIKPORTAL_INTEGRATED_2023_T1,STATISTIKPORTAL_INTEGRATED_2024_T1,matching_original_identifier_and_class,not_certified_requires_population_and_entity_scope_audit,different_fiscal_unit_classes_cannot_be_summed,12007593.58,20398356.27,982.78,1702.56,3342116.00,9150866.00,61858.38,61868.37,8603619.20,11185621.90
081185008012,08,municipality,Gemeinde Eberdingen,Gemeinde Eberdingen,kreisangehörige Gemeinde,kreisangehörige Gemeinde,08118012,08118012,6960,6793,STATISTIKPORTAL_INTEGRATED_2023_T1,STATISTIKPORTAL_INTEGRATED_2024_T1,matching_original_identifier_and_class,not_certified_requires_population_and_entity_scope_audit,different_fiscal_unit_classes_cannot_be_summed,476687.46,1054980.91,68.49,155.30,0.00,0.00,39271.75,39288.69,437415.71,1015692.22
081185008059,08,municipality,Stadt Oberriexingen,Stadt Oberriexingen,kreisangehörige Gemeinde,kreisangehörige Gemeinde,08118059,08118059,3363,3291,STATISTIKPORTAL_INTEGRATED_2023_T1,STATISTIKPORTAL_INTEGRATED_2024_T1,matching_original_identifier_and_class,not_certified_requires_population_and_entity_scope_audit,different_fiscal_unit_classes_cannot_be_summed,2553972.59,2449093.25,759.43,744.18,0.00,0.00,5644.62,6118.17,2548327.97,2442975.08
081185008068,08,municipality,Gemeinde Sersheim,Gemeinde Sersheim,kreisangehörige Gemeinde,kreisangehörige Gemeinde,08118068,08118068,5804,5439,STATISTIKPORTAL_INTEGRATED_2023_T1,STATISTIKPORTAL_INTEGRATED_2024_T1,matching_original_identifier_and_class,not_certified_requires_population_and_entity_scope_audit,different_fiscal_unit_classes_cannot_be_summed,6265061.96,6060293.84,1079.44,1114.23,0.00,0.00,39274.00,43501.50,6225787.96,6016792.34
081185008073,08,municipality,Große Kreisstadt Vaihingen an der Enz,Große Kreisstadt Vaihingen an der Enz,kreisangehörige Gemeinde,kreisangehörige Gemeinde,08118073,08118073,29396,28841,STATISTIKPORTAL_INTEGRATED_2023_T1,STATISTIKPORTAL_INTEGRATED_2024_T1,matching_original_identifier_and_class,not_certified_requires_population_and_entity_scope_audit,different_fiscal_unit_classes_cannot_be_summed,46930113.17,53216331.48,1596.48,1845.16,13110753.00,17687681.00,140401.86,140445.73,33678958.31,35388204.75
08119,08,county_administration,Landratsamt Rems-Murr-Kreis,Landratsamt Rems-Murr-Kreis,Landkreis,Landkreis,,,433184,440647,STATISTIKPORTAL_INTEGRATED_2023_T1,STATISTIKPORTAL_INTEGRATED_2024_T1,matching_original_identifier_and_class,not_certified_requires_population_and_entity_scope_audit,different_fiscal_unit_classes_cannot_be_summed,648593615.01,683952226.16,1497.27,1552.15,102559644.00,135066570.00,5564276.05,5826434.79,540469694.96,543059221.37
081190001001,08,municipality,Gemeinde Alfdorf,Gemeinde Alfdorf,kreisangehörige Gemeinde,kreisangehörige Gemeinde,08119001,08119001,7224,7216,STATISTIKPORTAL_INTEGRATED_2023_T1,STATISTIKPORTAL_INTEGRATED_2024_T1,matching_original_identifier_and_class,not_certified_requires_population_and_entity_scope_audit,different_fiscal_unit_classes_cannot_be_summed,1178996.47,1092891.67,163.21,151.45,128000.00,71750.00,0.00,0.00,1050996.47,1021141.67
081190020020,08,municipality,Große Kreisstadt Fellbach,Große Kreisstadt Fellbach,kreisangehörige Gemeinde,kreisangehörige Gemeinde,08119020,08119020,46070,47283,STATISTIKPORTAL_INTEGRATED_2023_T1,STATISTIKPORTAL_INTEGRATED_2024_T1,matching_original_identifier_and_class,not_certified_requires_population_and_entity_scope_audit,different_fiscal_unit_classes_cannot_be_summed,155406774.76,199793762.78,3373.27,4225.49,60349749.00,87642591.00,4650016.77,4553711.73,90407008.99,107597460.05
081190041041,08,municipality,Gemeinde Korb,Gemeinde Korb,kreisangehörige Gemeinde,kreisangehörige Gemeinde,08119041,08119041,11134,11628,STATISTIKPORTAL_INTEGRATED_2023_T1,STATISTIKPORTAL_INTEGRATED_2024_T1,matching_original_identifier_and_class,not_certified_requires_population_and_entity_scope_audit,different_fiscal_unit_classes_cannot_be_summed,18285820.39,17933670.89,1642.34,1542.28,8099998.00,7897365.00,50556.72,50578.53,10135265.67,9985727.36
081190044044,08,municipality,Stadt Murrhardt,Stadt Murrhardt,kreisangehörige Gemeinde,kreisangehörige Gemeinde,08119044,08119044,14184,14592,STATISTIKPORTAL_INTEGRATED_2023_T1,STATISTIKPORTAL_INTEGRATED_2024_T1,matching_original_identifier_and_class,not_certified_requires_population_and_entity_scope_audit,different_fiscal_unit_classes_cannot_be_summed,22766480.06,25393707.39,1605.08,1740.25,4253875.00,3704658.00,611360.12,591992.96,17901244.94,21097056.43
081190061061,08,municipality,Gemeinde Rudersberg,Gemeinde Rudersberg,kreisangehörige Gemeinde,kreisangehörige Gemeinde,08119061,08119061,11402,11671,STATISTIKPORTAL_INTEGRATED_2023_T1,STATISTIKPORTAL_INTEGRATED_2024_T1,matching_original_identifier_and_class,not_certified_requires_population_and_entity_scope_audit,different_fiscal_unit_classes_cannot_be_summed,25965631.05,25393115.34,2277.29,2175.74,124448.00,109162.00,95470.95,95512.13,25745712.10,25188441.21
081190079079,08,municipality,Große Kreisstadt Waiblingen,Große Kreisstadt Waiblingen,kreisangehörige Gemeinde,kreisangehörige Gemeinde,08119079,08119079,56010,57342,STATISTIKPORTAL_INTEGRATED_2023_T1,STATISTIKPORTAL_INTEGRATED_2024_T1,matching_original_identifier_and_class,not_certified_requires_population_and_entity_scope_audit,different_fiscal_unit_classes_cannot_be_summed,97991530.25,142680799.47,1749.54,2488.24,8172973.00,27805853.00,12152338.04,18274354.62,77666219.21,96600591.85
081190089089,08,municipality,Gemeinde Berglen,Gemeinde Berglen,kreisangehörige Gemeinde,kreisangehörige Gemeinde,08119089,08119089,6717,6861,STATISTIKPORTAL_INTEGRATED_2023_T1,STATISTIKPORTAL_INTEGRATED_2024_T1,matching_original_identifier_and_class,not_certified_requires_population_and_entity_scope_audit,different_fiscal_unit_classes_cannot_be_summed,3097405.73,4066947.50,461.13,592.76,0.00,449000.00,27986.75,27998.82,3069418.98,3589948.68
081190090090,08,municipality,Gemeinde Remshalden,Gemeinde Remshalden,kreisangehörige Gemeinde,kreisangehörige Gemeinde,08119090,08119090,14169,14331,STATISTIKPORTAL_INTEGRATED_2023_T1,STATISTIKPORTAL_INTEGRATED_2024_T1,matching_original_identifier_and_class,not_certified_requires_population_and_entity_scope_audit,different_fiscal_unit_classes_cannot_be_summed,24233322.50,23774892.86,1710.31,1658.98,9306609.00,8962569.00,120104.62,206791.99,14806608.88,14605531.87
081190091091,08,municipality,Große Kreisstadt Weinstadt,Große Kreisstadt Weinstadt,kreisangehörige Gemeinde,kreisangehörige Gemeinde,08119091,08119091,27074,26957,STATISTIKPORTAL_INTEGRATED_2023_T1,STATISTIKPORTAL_INTEGRATED_2024_T1,matching_original_identifier_and_class,not_certified_requires_population_and_entity_scope_audit,different_fiscal_unit_classes_cannot_be_summed,65455834.44,85634534.85,2417.66,3176.71,4912785.00,9207945.00,221220.06,311675.77,60321829.38,76114914.08
081190093093,08,municipality,Gemeinde Kernen im Remstal,Gemeinde Kernen im Remstal,kreisangehörige Gemeinde,kreisangehörige Gemeinde,08119093,08119093,15442,15807,STATISTIKPORTAL_INTEGRATED_2023_T1,STATISTIKPORTAL_INTEGRATED_2024_T1,matching_original_identifier_and_class,not_certified_requires_population_and_entity_scope_audit,different_fiscal_unit_classes_cannot_be_summed,8163525.33,18680606.59,528.66,1181.79,5778000.00,13460750.00,95487.63,99223.86,2290037.70,5120632.73
081195001003,08,municipality,Gemeinde Allmersbach im Tal,Gemeinde Allmersbach im Tal,kreisangehörige Gemeinde,kreisangehörige Gemeinde,08119003,08119003,5070,5011,STATISTIKPORTAL_INTEGRATED_2023_T1,STATISTIKPORTAL_INTEGRATED_2024_T1,matching_original_identifier_and_class,not_certified_requires_population_and_entity_scope_audit,different_fiscal_unit_classes_cannot_be_summed,4966173.28,5375021.87,979.52,1072.64,2703397.00,2507458.00,229787.37,222267.07,2032988.91,2645296.80
081195001004,08,municipality,Gemeinde Althütte,Gemeinde Althütte,kreisangehörige Gemeinde,kreisangehörige Gemeinde,08119004,08119004,4290,4203,STATISTIKPORTAL_INTEGRATED_2023_T1,STATISTIKPORTAL_INTEGRATED_2024_T1,matching_original_identifier_and_class,not_certified_requires_population_and_entity_scope_audit,different_fiscal_unit_classes_cannot_be_summed,715099.94,676198.91,166.69,160.88,0.00,0.00,16927.47,16934.77,698172.47,659264.14
081195001006,08,municipality,Gemeinde Auenwald,Gemeinde Auenwald,kreisangehörige Gemeinde,kreisangehörige Gemeinde,08119006,08119006,6820,6805,STATISTIKPORTAL_INTEGRATED_2023_T1,STATISTIKPORTAL_INTEGRATED_2024_T1,matching_original_identifier_and_class,not_certified_requires_population_and_entity_scope_audit,different_fiscal_unit_classes_cannot_be_summed,5800703.47,4692058.22,850.54,689.50,1743022.00,1506266.00,553057.85,538196.89,3504623.62,2647595.33
081195001008,08,municipality,Große Kreisstadt Backnang,Große Kreisstadt Backnang,kreisangehörige Gemeinde,kreisangehörige Gemeinde,08119008,08119008,37985,38685,STATISTIKPORTAL_INTEGRATED_2023_T1,STATISTIKPORTAL_INTEGRATED_2024_T1,matching_original_identifier_and_class,not_certified_requires_population_and_entity_scope_audit,different_fiscal_unit_classes_cannot_be_summed,89416039.13,103271821.07,2353.98,2669.56,2506350.00,12103000.00,6054513.04,5461784.89,80855176.09,85707036.18
081195001018,08,municipality,Gemeinde Burgstetten,Gemeinde Burgstetten,kreisangehörige Gemeinde,kreisangehörige Gemeinde,08119018,08119018,3741,3712,STATISTIKPORTAL_INTEGRATED_2023_T1,STATISTIKPORTAL_INTEGRATED_2024_T1,matching_original_identifier_and_class,not_certified_requires_population_and_entity_scope_audit,different_fiscal_unit_classes_cannot_be_summed,6911011.07,7068451.00,1847.37,1904.22,4489021.00,3894449.00,5642.49,5644.92,2416347.58,3168357.08
081195001038,08,municipality,Gemeinde Kirchberg an der Murr,Gemeinde Kirchberg an der Murr,kreisangehörige Gemeinde,kreisangehörige Gemeinde,08119038,08119038,4111,4162,STATISTIKPORTAL_INTEGRATED_2023_T1,STATISTIKPORTAL_INTEGRATED_2024_T1,matching_original_identifier_and_class,not_certified_requires_population_and_entity_scope_audit,different_fiscal_unit_classes_cannot_be_summed,461978.39,484377.28,112.38,116.38,0.00,0.00,27986.75,27998.82,433991.64,456378.46
081195001053,08,municipality,Gemeinde Oppenweiler,Gemeinde Oppenweiler,kreisangehörige Gemeinde,kreisangehörige Gemeinde,08119053,08119053,4362,4472,STATISTIKPORTAL_INTEGRATED_2023_T1,STATISTIKPORTAL_INTEGRATED_2024_T1,matching_original_identifier_and_class,not_certified_requires_population_and_entity_scope_audit,different_fiscal_unit_classes_cannot_be_summed,687765.21,695348.74,157.67,155.49,0.00,0.00,39288.43,43000.42,648476.78,652348.32
081195001083,08,municipality,Gemeinde Weissach im Tal,Gemeinde Weissach im Tal,kreisangehörige Gemeinde,kreisangehörige Gemeinde,08119083,08119083,7441,7526,STATISTIKPORTAL_INTEGRATED_2023_T1,STATISTIKPORTAL_INTEGRATED_2024_T1,matching_original_identifier_and_class,not_certified_requires_population_and_entity_scope_audit,different_fiscal_unit_classes_cannot_be_summed,7957284.05,11749594.24,1069.38,1561.20,4333345.00,6805943.00,709138.43,688773.91,2914800.62,4254877.33
081195001087,08,municipality,Gemeinde Aspach,Gemeinde Aspach,kreisangehörige Gemeinde,kreisangehörige Gemeinde,08119087,08119087,8230,8262,STATISTIKPORTAL_INTEGRATED_2023_T1,STATISTIKPORTAL_INTEGRATED_2024_T1,matching_original_identifier_and_class,not_certified_requires_population_and_entity_scope_audit,different_fiscal_unit_classes_cannot_be_summed,11600549.35,14092685.83,1409.54,1705.72,774100.00,650700.00,50573.40,54290.26,10775875.95,13387695.57
081195002055,08,municipality,Gemeinde Plüderhausen,Gemeinde Plüderhausen,kreisangehörige Gemeinde,kreisangehörige Gemeinde,08119055,08119055,9727,9844,STATISTIKPORTAL_INTEGRATED_2023_T1,STATISTIKPORTAL_INTEGRATED_2024_T1,matching_original_identifier_and_class,not_certified_requires_population_and_entity_scope_audit,different_fiscal_unit_classes_cannot_be_summed,14284699.57,19542477.93,1468.56,1985.22,5860812.00,7459732.00,334440.38,407070.10,8089447.19,11675675.83
081195002076,08,municipality,Gemeinde Urbach,Gemeinde Urbach,kreisangehörige Gemeinde,kreisangehörige Gemeinde,08119076,08119076,9141,9259,STATISTIKPORTAL_INTEGRATED_2023_T1,STATISTIKPORTAL_INTEGRATED_2024_T1,matching_original_identifier_and_class,not_certified_requires_population_and_entity_scope_audit,different_fiscal_unit_classes_cannot_be_summed,8497493.88,8815647.24,929.60,952.12,3392224.00,3119678.00,368069.63,437002.13,4737200.25,5258967.11
081195003067,08,municipality,Große Kreisstadt Schorndorf,Große Kreisstadt Schorndorf,kreisangehörige Gemeinde,kreisangehörige Gemeinde,08119067,08119067,40265,41437,STATISTIKPORTAL_INTEGRATED_2023_T1,STATISTIKPORTAL_INTEGRATED_2024_T1,matching_original_identifier_and_class,not_certified_requires_population_and_entity_scope_audit,different_fiscal_unit_classes_cannot_be_summed,182869657.70,204406576.00,4541.65,4932.95,46765978.00,65265933.00,31284101.97,31472630.01,104819577.73,107668012.99
081195003086,08,municipality,Gemeinde Winterbach,Gemeinde Winterbach,kreisangehörige Gemeinde,kreisangehörige Gemeinde,08119086,08119086,7739,7657,STATISTIKPORTAL_INTEGRATED_2023_T1,STATISTIKPORTAL_INTEGRATED_2024_T1,matching_original_identifier_and_class,not_certified_requires_population_and_entity_scope_audit,different_fiscal_unit_classes_cannot_be_summed,3297379.73,3904292.38,426.07,509.90,413610.00,379142.00,63890.72,150583.53,2819879.01,3374566.85
081195004024,08,municipality,Gemeinde Großerlach,Gemeinde Großerlach,kreisangehörige Gemeinde,kreisangehörige Gemeinde,08119024,08119024,2618,2703,STATISTIKPORTAL_INTEGRATED_2023_T1,STATISTIKPORTAL_INTEGRATED_2024_T1,matching_original_identifier_and_class,not_certified_requires_population_and_entity_scope_audit,different_fiscal_unit_classes_cannot_be_summed,1163129.93,1063488.63,444.28,393.45,917707.00,820519.00,5642.49,5644.92,239780.44,237324.71
081195004069,08,municipality,Gemeinde Spiegelberg,Gemeinde Spiegelberg,kreisangehörige Gemeinde,kreisangehörige Gemeinde,08119069,08119069,2174,2178,STATISTIKPORTAL_INTEGRATED_2023_T1,STATISTIKPORTAL_INTEGRATED_2024_T1,matching_original_identifier_and_class,not_certified_requires_population_and_entity_scope_audit,different_fiscal_unit_classes_cannot_be_summed,738335.93,676717.36,339.62,310.71,597953.00,535076.00,5642.49,9356.65,134740.44,132284.71
081195004075,08,municipality,Gemeinde Sulzbach an der Murr,Gemeinde Sulzbach an der Murr,kreisangehörige Gemeinde,kreisangehörige Gemeinde,08119075,08119075,5311,5389,STATISTIKPORTAL_INTEGRATED_2023_T1,STATISTIKPORTAL_INTEGRATED_2024_T1,matching_original_identifier_and_class,not_certified_requires_population_and_entity_scope_audit,different_fiscal_unit_classes_cannot_be_summed,3236121.27,3480798.20,609.32,645.91,1999205.00,2272322.00,328974.35,324579.14,907941.92,883897.06
081195005037,08,municipality,Gemeinde Kaisersbach,Gemeinde Kaisersbach,kreisangehörige Gemeinde,kreisangehörige Gemeinde,08119037,08119037,2370,2398,STATISTIKPORTAL_INTEGRATED_2023_T1,STATISTIKPORTAL_INTEGRATED_2024_T1,matching_original_identifier_and_class,not_certified_requires_population_and_entity_scope_audit,different_fiscal_unit_classes_cannot_be_summed,347725.33,330294.91,146.72,137.74,61294.00,52000.00,0.00,0.00,286431.33,278294.91
081195005084,08,municipality,Stadt Welzheim,Stadt Welzheim,kreisangehörige Gemeinde,kreisangehörige Gemeinde,08119084,08119084,11390,11278,STATISTIKPORTAL_INTEGRATED_2023_T1,STATISTIKPORTAL_INTEGRATED_2024_T1,matching_original_identifier_and_class,not_certified_requires_population_and_entity_scope_audit,different_fiscal_unit_classes_cannot_be_summed,4152547.62,3945815.29,364.58,349.87,459999.00,395369.00,16.68,0.00,3692531.94,3550446.29
081195006042,08,municipality,Gemeinde Leutenbach,Gemeinde Leutenbach,kreisangehörige Gemeinde,kreisangehörige Gemeinde,08119042,08119042,11809,12134,STATISTIKPORTAL_INTEGRATED_2023_T1,STATISTIKPORTAL_INTEGRATED_2024_T1,matching_original_identifier_and_class,not_certified_requires_population_and_entity_scope_audit,different_fiscal_unit_classes_cannot_be_summed,12548383.06,12546488.74,1062.61,1033.99,4979048.00,4602415.00,61858.38,65580.10,7507476.68,7878493.64
081195006068,08,municipality,Gemeinde Schwaikheim,Gemeinde Schwaikheim,kreisangehörige Gemeinde,kreisangehörige Gemeinde,08119068,08119068,9787,10015,STATISTIKPORTAL_INTEGRATED_2023_T1,STATISTIKPORTAL_INTEGRATED_2024_T1,matching_original_identifier_and_class,not_certified_requires_population_and_entity_scope_audit,different_fiscal_unit_classes_cannot_be_summed,6615066.32,10437160.43,675.90,1042.15,4524422.00,8470528.00,61858.38,65580.10,2028785.94,1901052.33
081195006085,08,municipality,Große Kreisstadt Winnenden,Große Kreisstadt Winnenden,kreisangehörige Gemeinde,kreisangehörige Gemeinde,08119085,08119085,29377,29829,STATISTIKPORTAL_INTEGRATED_2023_T1,STATISTIKPORTAL_INTEGRATED_2024_T1,matching_original_identifier_and_class,not_certified_requires_population_and_entity_scope_audit,different_fiscal_unit_classes_cannot_be_summed,80872316.61,118355006.66,2752.91,3967.78,11000000.00,17851075.00,241515.30,241602.79,69630801.31,100262328.87
081210000000,08,municipality,"Stadt Heilbronn, Stadtkreis","Stadt Heilbronn, Stadtkreis",Stadtkreis,Stadtkreis,08121000,08121000,128862,131921,STATISTIKPORTAL_INTEGRATED_2023_T1,STATISTIKPORTAL_INTEGRATED_2024_T1,matching_original_identifier_and_class,not_certified_requires_population_and_entity_scope_audit,different_fiscal_unit_classes_cannot_be_summed,551924331.29,570851546.24,4283.07,4327.22,1100000.00,825000.00,352361.45,365063.80,550471969.84,569661482.44
08125,08,county_administration,Landratsamt Heilbronn,Landratsamt Heilbronn,Landkreis,Landkreis,,,354839,353827,STATISTIKPORTAL_INTEGRATED_2023_T1,STATISTIKPORTAL_INTEGRATED_2024_T1,matching_original_identifier_and_class,not_certified_requires_population_and_entity_scope_audit,different_fiscal_unit_classes_cannot_be_summed,113998645.14,108034815.72,321.27,305.33,38418030.00,34931974.00,835373.17,848291.77,74745241.97,72254549.95
081250007007,08,municipality,Stadt Bad Wimpfen,Stadt Bad Wimpfen,kreisangehörige Gemeinde,kreisangehörige Gemeinde,08125007,08125007,7497,7623,STATISTIKPORTAL_INTEGRATED_2023_T1,STATISTIKPORTAL_INTEGRATED_2024_T1,matching_original_identifier_and_class,not_certified_requires_population_and_entity_scope_audit,different_fiscal_unit_classes_cannot_be_summed,18760936.78,19572783.02,2502.46,2567.60,1669484.00,1542653.00,241498.62,4727602.79,16849954.16,13302527.23
081250039039,08,municipality,Stadt Gundelsheim,Stadt Gundelsheim,kreisangehörige Gemeinde,kreisangehörige Gemeinde,08125039,08125039,7540,7487,STATISTIKPORTAL_INTEGRATED_2023_T1,STATISTIKPORTAL_INTEGRATED_2024_T1,matching_original_identifier_and_class,not_certified_requires_population_and_entity_scope_audit,different_fiscal_unit_classes_cannot_be_summed,4782351.29,5936807.13,634.26,792.95,3639147.00,4610525.00,26840.00,25260.00,1116364.29,1301022.13
081250058058,08,municipality,Stadt Leingarten,Stadt Leingarten,kreisangehörige Gemeinde,kreisangehörige Gemeinde,08125058,08125058,11783,11662,STATISTIKPORTAL_INTEGRATED_2023_T1,STATISTIKPORTAL_INTEGRATED_2024_T1,matching_original_identifier_and_class,not_certified_requires_population_and_entity_scope_audit,different_fiscal_unit_classes_cannot_be_summed,3017746.98,5438147.32,256.11,466.31,0.00,2900000.00,1198101.84,106801.99,1819645.14,2431345.33
081250068068,08,municipality,Stadt Neudenau,Stadt Neudenau,kreisangehörige Gemeinde,kreisangehörige Gemeinde,08125068,08125068,5578,5525,STATISTIKPORTAL_INTEGRATED_2023_T1,STATISTIKPORTAL_INTEGRATED_2024_T1,matching_original_identifier_and_class,not_certified_requires_population_and_entity_scope_audit,different_fiscal_unit_classes_cannot_be_summed,1877958.22,1573846.08,336.67,284.86,794146.00,583000.00,0.00,0.00,1083812.22,990846.08
081250107107,08,municipality,Gemeinde Wüstenrot,Gemeinde Wüstenrot,kreisangehörige Gemeinde,kreisangehörige Gemeinde,08125107,08125107,6791,6729,STATISTIKPORTAL_INTEGRATED_2023_T1,STATISTIKPORTAL_INTEGRATED_2024_T1,matching_original_identifier_and_class,not_certified_requires_population_and_entity_scope_audit,different_fiscal_unit_classes_cannot_be_summed,10268621.28,12131796.07,1512.09,1802.91,4448000.00,4364000.00,0.00,0.00,5820621.28,7767796.07
081255001005,08,municipality,Stadt Bad Friedrichshall,Stadt Bad Friedrichshall,kreisangehörige Gemeinde,kreisangehörige Gemeinde,08125005,08125005,19911,19733,STATISTIKPORTAL_INTEGRATED_2023_T1,STATISTIKPORTAL_INTEGRATED_2024_T1,matching_original_identifier_and_class,not_certified_requires_population_and_entity_scope_audit,different_fiscal_unit_classes_cannot_be_summed,30006523.89,43883679.28,1507.03,2223.87,2965932.00,2379296.00,0.00,0.00,27040591.89,41504383.28
081255001078,08,municipality,Gemeinde Oedheim,Gemeinde Oedheim,kreisangehörige Gemeinde,kreisangehörige Gemeinde,08125078,08125078,6721,6637,STATISTIKPORTAL_INTEGRATED_2023_T1,STATISTIKPORTAL_INTEGRATED_2024_T1,matching_original_identifier_and_class,not_certified_requires_population_and_entity_scope_audit,different_fiscal_unit_classes_cannot_be_summed,2299023.14,2305227.28,342.07,347.33,0.00,0.00,264293.32,245919.96,2034729.82,2059307.32
081255001079,08,municipality,Gemeinde Offenau,Gemeinde Offenau,kreisangehörige Gemeinde,kreisangehörige Gemeinde,08125079,08125079,2951,2878,STATISTIKPORTAL_INTEGRATED_2023_T1,STATISTIKPORTAL_INTEGRATED_2024_T1,matching_original_identifier_and_class,not_certified_requires_population_and_entity_scope_audit,different_fiscal_unit_classes_cannot_be_summed,6265649.37,6238498.40,2123.23,2167.65,2341021.00,2155387.00,0.00,0.00,3924628.37,4083111.40
081255002006,08,municipality,Große Kreisstadt Bad Rappenau,Große Kreisstadt Bad Rappenau,kreisangehörige Gemeinde,kreisangehörige Gemeinde,08125006,08125006,22476,22724,STATISTIKPORTAL_INTEGRATED_2023_T1,STATISTIKPORTAL_INTEGRATED_2024_T1,matching_original_identifier_and_class,not_certified_requires_population_and_entity_scope_audit,different_fiscal_unit_classes_cannot_be_summed,60515996.27,64511397.62,2692.47,2838.91,2224160.00,1799610.00,1013501.87,817368.99,57278334.40,61894418.63
081255002049,08,municipality,Gemeinde Kirchardt,Gemeinde Kirchardt,kreisangehörige Gemeinde,kreisangehörige Gemeinde,08125049,08125049,6029,5954,STATISTIKPORTAL_INTEGRATED_2023_T1,STATISTIKPORTAL_INTEGRATED_2024_T1,matching_original_identifier_and_class,not_certified_requires_population_and_entity_scope_audit,different_fiscal_unit_classes_cannot_be_summed,19365061.10,19780915.05,3211.99,3322.29,3484508.00,3169317.00,372403.11,383607.59,15508149.99,16227990.46
081255002087,08,municipality,Gemeinde Siegelsbach,Gemeinde Siegelsbach,kreisangehörige Gemeinde,kreisangehörige Gemeinde,08125087,08125087,1727,1652,STATISTIKPORTAL_INTEGRATED_2023_T1,STATISTIKPORTAL_INTEGRATED_2024_T1,matching_original_identifier_and_class,not_certified_requires_population_and_entity_scope_audit,different_fiscal_unit_classes_cannot_be_summed,6920148.64,9179873.28,4007.03,5556.82,686539.00,0.00,49794.14,51589.18,6183815.50,9128284.10
081255003013,08,municipality,Stadt Brackenheim,Stadt Brackenheim,kreisangehörige Gemeinde,kreisangehörige Gemeinde,08125013,08125013,16699,16800,STATISTIKPORTAL_INTEGRATED_2023_T1,STATISTIKPORTAL_INTEGRATED_2024_T1,matching_original_identifier_and_class,not_certified_requires_population_and_entity_scope_audit,different_fiscal_unit_classes_cannot_be_summed,2041059.68,2274007.25,122.23,135.36,0.00,0.00,151670.17,151735.59,1889389.51,2122271.66
081255003017,08,municipality,Gemeinde Cleebronn,Gemeinde Cleebronn,kreisangehörige Gemeinde,kreisangehörige Gemeinde,08125017,08125017,3229,3148,STATISTIKPORTAL_INTEGRATED_2023_T1,STATISTIKPORTAL_INTEGRATED_2024_T1,matching_original_identifier_and_class,not_certified_requires_population_and_entity_scope_audit,different_fiscal_unit_classes_cannot_be_summed,1631112.71,1580038.55,505.14,501.92,1462232.00,1398724.00,27986.75,27998.82,140893.96,153315.73
081255004026,08,municipality,Große Kreisstadt Eppingen,Große Kreisstadt Eppingen,kreisangehörige Gemeinde,kreisangehörige Gemeinde,08125026,08125026,22253,22652,STATISTIKPORTAL_INTEGRATED_2023_T1,STATISTIKPORTAL_INTEGRATED_2024_T1,matching_original_identifier_and_class,not_certified_requires_population_and_entity_scope_audit,different_fiscal_unit_classes_cannot_be_summed,46011105.69,47613962.24,2067.64,2101.98,10134048.00,11223764.00,7544967.26,8113767.79,28332090.43,28276430.45
081255004034,08,municipality,Gemeinde Gemmingen,Gemeinde Gemmingen,kreisangehörige Gemeinde,kreisangehörige Gemeinde,08125034,08125034,5489,5580,STATISTIKPORTAL_INTEGRATED_2023_T1,STATISTIKPORTAL_INTEGRATED_2024_T1,matching_original_identifier_and_class,not_certified_requires_population_and_entity_scope_audit,different_fiscal_unit_classes_cannot_be_summed,19457801.17,20717283.28,3544.87,3712.77,2400902.00,2371293.00,351938.95,364626.06,16704960.22,17981364.22
081255004047,08,municipality,Gemeinde Ittlingen,Gemeinde Ittlingen,kreisangehörige Gemeinde,kreisangehörige Gemeinde,08125047,08125047,2666,2625,STATISTIKPORTAL_INTEGRATED_2023_T1,STATISTIKPORTAL_INTEGRATED_2024_T1,matching_original_identifier_and_class,not_certified_requires_population_and_entity_scope_audit,different_fiscal_unit_classes_cannot_be_summed,16914881.51,18119867.95,6344.67,6902.81,1452539.00,1917067.00,423703.69,431191.44,15038638.82,15771609.51
081255005030,08,municipality,Gemeinde Flein,Gemeinde Flein,kreisangehörige Gemeinde,kreisangehörige Gemeinde,08125030,08125030,7377,7411,STATISTIKPORTAL_INTEGRATED_2023_T1,STATISTIKPORTAL_INTEGRATED_2024_T1,matching_original_identifier_and_class,not_certified_requires_population_and_entity_scope_audit,different_fiscal_unit_classes_cannot_be_summed,1363565.05,1338352.55,184.84,180.59,0.00,0.00,27986.75,27998.82,1335578.30,1310353.73
081255005094,08,municipality,Gemeinde Talheim (LKR Heilbronn),Gemeinde Talheim (LKR Heilbronn),kreisangehörige Gemeinde,kreisangehörige Gemeinde,08125094,08125094,5128,5032,STATISTIKPORTAL_INTEGRATED_2023_T1,STATISTIKPORTAL_INTEGRATED_2024_T1,matching_original_identifier_and_class,not_certified_requires_population_and_entity_scope_audit,different_fiscal_unit_classes_cannot_be_summed,345350.89,384691.90,67.35,76.45,0.00,0.00,50556.72,50578.53,294794.17,334113.37
081255006056,08,municipality,Stadt Lauffen am Neckar,Stadt Lauffen am Neckar,kreisangehörige Gemeinde,kreisangehörige Gemeinde,08125056,08125056,11869,12143,STATISTIKPORTAL_INTEGRATED_2023_T1,STATISTIKPORTAL_INTEGRATED_2024_T1,matching_original_identifier_and_class,not_certified_requires_population_and_entity_scope_audit,different_fiscal_unit_classes_cannot_be_summed,12651116.01,18382680.02,1065.90,1513.85,6451070.00,8433736.00,0.00,0.00,6200046.01,9948944.02
081255006066,08,municipality,Gemeinde Neckarwestheim,Gemeinde Neckarwestheim,kreisangehörige Gemeinde,kreisangehörige Gemeinde,08125066,08125066,4178,4115,STATISTIKPORTAL_INTEGRATED_2023_T1,STATISTIKPORTAL_INTEGRATED_2024_T1,matching_original_identifier_and_class,not_certified_requires_population_and_entity_scope_audit,different_fiscal_unit_classes_cannot_be_summed,2820386.33,2800309.51,675.06,680.51,0.00,0.00,1065859.71,1066120.80,1754526.62,1734188.71
081255006074,08,municipality,Gemeinde Nordheim,Gemeinde Nordheim,kreisangehörige Gemeinde,kreisangehörige Gemeinde,08125074,08125074,8448,8455,STATISTIKPORTAL_INTEGRATED_2023_T1,STATISTIKPORTAL_INTEGRATED_2024_T1,matching_original_identifier_and_class,not_certified_requires_population_and_entity_scope_audit,different_fiscal_unit_classes_cannot_be_summed,6180625.38,5969652.63,731.61,706.05,5823023.00,5665126.00,39271.75,39288.69,318330.63,265237.94
081255007048,08,municipality,Gemeinde Jagsthausen,Gemeinde Jagsthausen,kreisangehörige Gemeinde,kreisangehörige Gemeinde,08125048,08125048,2196,1755,STATISTIKPORTAL_INTEGRATED_2023_T1,STATISTIKPORTAL_INTEGRATED_2024_T1,matching_original_identifier_and_class,not_certified_requires_population_and_entity_scope_audit,different_fiscal_unit_classes_cannot_be_summed,1909733.44,1672825.85,869.64,953.18,944799.00,856087.00,0.01,142.70,964934.43,816596.15
081255007063,08,municipality,Stadt Möckmühl,Stadt Möckmühl,kreisangehörige Gemeinde,kreisangehörige Gemeinde,08125063,08125063,8586,8712,STATISTIKPORTAL_INTEGRATED_2023_T1,STATISTIKPORTAL_INTEGRATED_2024_T1,matching_original_identifier_and_class,not_certified_requires_population_and_entity_scope_audit,different_fiscal_unit_classes_cannot_be_summed,6145240.92,5606053.53,715.73,643.49,3691700.00,3242436.00,217414.56,186959.59,2236126.36,2176657.94
081255007084,08,municipality,Gemeinde Roigheim,Gemeinde Roigheim,kreisangehörige Gemeinde,kreisangehörige Gemeinde,08125084,08125084,1497,1474,STATISTIKPORTAL_INTEGRATED_2023_T1,STATISTIKPORTAL_INTEGRATED_2024_T1,matching_original_identifier_and_class,not_certified_requires_population_and_entity_scope_audit,different_fiscal_unit_classes_cannot_be_summed,4021622.44,3756405.31,2686.45,2548.44,693852.00,605715.00,108715.44,93486.81,3219055.00,3057203.50
081255007103,08,municipality,Stadt Widdern an der Jagst,Stadt Widdern an der Jagst,kreisangehörige Gemeinde,kreisangehörige Gemeinde,08125103,08125103,1829,1793,STATISTIKPORTAL_INTEGRATED_2023_T1,STATISTIKPORTAL_INTEGRATED_2024_T1,matching_original_identifier_and_class,not_certified_requires_population_and_entity_scope_audit,different_fiscal_unit_classes_cannot_be_summed,2833236.00,2865849.00,1549.06,1598.35,1723052.00,1568146.00,0.00,0.00,1110184.00,1297703.00
081255008027,08,municipality,Gemeinde Erlenbach,Gemeinde Erlenbach,kreisangehörige Gemeinde,kreisangehörige Gemeinde,08125027,08125027,5205,5154,STATISTIKPORTAL_INTEGRATED_2023_T1,STATISTIKPORTAL_INTEGRATED_2024_T1,matching_original_identifier_and_class,not_certified_requires_population_and_entity_scope_audit,different_fiscal_unit_classes_cannot_be_summed,9846931.78,9630508.55,1891.82,1868.55,2932676.00,3040014.00,0.01,142.70,6914255.77,6590351.85
081255008065,08,municipality,Große Kreisstadt Neckarsulm,Große Kreisstadt Neckarsulm,kreisangehörige Gemeinde,kreisangehörige Gemeinde,08125065,08125065,26506,26414,STATISTIKPORTAL_INTEGRATED_2023_T1,STATISTIKPORTAL_INTEGRATED_2024_T1,matching_original_identifier_and_class,not_certified_requires_population_and_entity_scope_audit,different_fiscal_unit_classes_cannot_be_summed,28692886.48,27207113.71,1082.51,1030.03,0.00,0.00,677660.77,631734.67,28015225.71,26575379.04
081255008096,08,municipality,Gemeinde Untereisesheim,Gemeinde Untereisesheim,kreisangehörige Gemeinde,kreisangehörige Gemeinde,08125096,08125096,4422,4365,STATISTIKPORTAL_INTEGRATED_2023_T1,STATISTIKPORTAL_INTEGRATED_2024_T1,matching_original_identifier_and_class,not_certified_requires_population_and_entity_scope_audit,different_fiscal_unit_classes_cannot_be_summed,3184715.34,3667786.80,720.20,840.27,441196.00,381847.00,5642.49,5644.92,2737876.85,3280294.88
081255009069,08,municipality,Stadt Neuenstadt am Kocher,Stadt Neuenstadt am Kocher,kreisangehörige Gemeinde,kreisangehörige Gemeinde,08125069,08125069,10499,10443,STATISTIKPORTAL_INTEGRATED_2023_T1,STATISTIKPORTAL_INTEGRATED_2024_T1,matching_original_identifier_and_class,not_certified_requires_population_and_entity_scope_audit,different_fiscal_unit_classes_cannot_be_summed,4161608.09,3910545.11,396.38,374.47,0.00,0.00,4083331.79,3799463.38,78276.30,111081.73
081255009111,08,municipality,Gemeinde Hardthausen am Kocher,Gemeinde Hardthausen am Kocher,kreisangehörige Gemeinde,kreisangehörige Gemeinde,08125111,08125111,4492,4504,STATISTIKPORTAL_INTEGRATED_2023_T1,STATISTIKPORTAL_INTEGRATED_2024_T1,matching_original_identifier_and_class,not_certified_requires_population_and_entity_scope_audit,different_fiscal_unit_classes_cannot_be_summed,2848156.59,3244757.76,634.05,720.42,1249182.00,1756942.00,1598974.59,1487815.76,0.00,0.00
081255009113,08,municipality,Gemeinde Langenbrettach,Gemeinde Langenbrettach,kreisangehörige Gemeinde,kreisangehörige Gemeinde,08125113,08125113,3900,3918,STATISTIKPORTAL_INTEGRATED_2023_T1,STATISTIKPORTAL_INTEGRATED_2024_T1,matching_original_identifier_and_class,not_certified_requires_population_and_entity_scope_audit,different_fiscal_unit_classes_cannot_be_summed,112986.14,133950.37,28.97,34.19,0.00,0.00,0.00,0.00,112986.14,133950.37
081255010038,08,municipality,Stadt Güglingen,Stadt Güglingen,kreisangehörige Gemeinde,kreisangehörige Gemeinde,08125038,08125038,6431,6393,STATISTIKPORTAL_INTEGRATED_2023_T1,STATISTIKPORTAL_INTEGRATED_2024_T1,matching_original_identifier_and_class,not_certified_requires_population_and_entity_scope_audit,different_fiscal_unit_classes_cannot_be_summed,4564919.57,3940936.70,709.83,616.45,2698171.00,2318384.00,408023.57,282737.86,1458725.00,1339814.84
081255010081,08,municipality,Gemeinde Pfaffenhofen,Gemeinde Pfaffenhofen,kreisangehörige Gemeinde,kreisangehörige Gemeinde,08125081,08125081,2541,2571,STATISTIKPORTAL_INTEGRATED_2023_T1,STATISTIKPORTAL_INTEGRATED_2024_T1,matching_original_identifier_and_class,not_certified_requires_population_and_entity_scope_audit,different_fiscal_unit_classes_cannot_be_summed,1073914.65,1054506.46,422.63,410.15,0.00,0.00,28977.35,20951.40,1044937.30,1033555.06
081255010108,08,municipality,Gemeinde Zaberfeld,Gemeinde Zaberfeld,kreisangehörige Gemeinde,kreisangehörige Gemeinde,08125108,08125108,4272,4150,STATISTIKPORTAL_INTEGRATED_2023_T1,STATISTIKPORTAL_INTEGRATED_2024_T1,matching_original_identifier_and_class,not_certified_requires_population_and_entity_scope_audit,different_fiscal_unit_classes_cannot_be_summed,2011341.71,1963682.43,470.82,473.18,0.00,0.00,28977.71,20951.52,1982364.00,1942730.91
081255011059,08,municipality,Stadt Löwenstein,Stadt Löwenstein,kreisangehörige Gemeinde,kreisangehörige Gemeinde,08125059,08125059,3419,3468,STATISTIKPORTAL_INTEGRATED_2023_T1,STATISTIKPORTAL_INTEGRATED_2024_T1,matching_original_identifier_and_class,not_certified_requires_population_and_entity_scope_audit,different_fiscal_unit_classes_cannot_be_summed,2410076.23,2245632.30,704.91,647.53,1761445.00,1628497.00,0.00,0.00,648631.23,617135.30
081255011110,08,municipality,Gemeinde Obersulm,Gemeinde Obersulm,kreisangehörige Gemeinde,kreisangehörige Gemeinde,08125110,08125110,14000,13758,STATISTIKPORTAL_INTEGRATED_2023_T1,STATISTIKPORTAL_INTEGRATED_2024_T1,matching_original_identifier_and_class,not_certified_requires_population_and_entity_scope_audit,different_fiscal_unit_classes_cannot_be_summed,20359222.08,19719239.68,1454.23,1433.29,1349435.00,1246323.00,3785850.00,3658950.00,15223937.08,14813966.68
081255012001,08,municipality,Gemeinde Abstatt,Gemeinde Abstatt,kreisangehörige Gemeinde,kreisangehörige Gemeinde,08125001,08125001,5043,4965,STATISTIKPORTAL_INTEGRATED_2023_T1,STATISTIKPORTAL_INTEGRATED_2024_T1,matching_original_identifier_and_class,not_certified_requires_population_and_entity_scope_audit,different_fiscal_unit_classes_cannot_be_summed,2109851.61,3154834.39,418.37,635.41,0.00,0.00,887195.12,84222.28,1222656.49,3070612.11
081255012008,08,municipality,Stadt Beilstein,Stadt Beilstein,kreisangehörige Gemeinde,kreisangehörige Gemeinde,08125008,08125008,6254,6387,STATISTIKPORTAL_INTEGRATED_2023_T1,STATISTIKPORTAL_INTEGRATED_2024_T1,matching_original_identifier_and_class,not_certified_requires_population_and_entity_scope_audit,different_fiscal_unit_classes_cannot_be_summed,4866207.45,5492729.56,778.10,859.99,3080559.00,2848099.00,27986.75,27998.82,1757661.70,2616631.74
081255012046,08,municipality,Gemeinde Ilsfeld,Gemeinde Ilsfeld,kreisangehörige Gemeinde,kreisangehörige Gemeinde,08125046,08125046,9868,9793,STATISTIKPORTAL_INTEGRATED_2023_T1,STATISTIKPORTAL_INTEGRATED_2024_T1,matching_original_identifier_and_class,not_certified_requires_population_and_entity_scope_audit,different_fiscal_unit_classes_cannot_be_summed,50080029.06,55830285.43,5074.99,5701.04,4450000.00,10517469.00,11349383.14,95512.13,34280645.92,45217304.30
081255012098,08,municipality,Gemeinde Untergruppenbach,Gemeinde Untergruppenbach,kreisangehörige Gemeinde,kreisangehörige Gemeinde,08125098,08125098,8692,8666,STATISTIKPORTAL_INTEGRATED_2023_T1,STATISTIKPORTAL_INTEGRATED_2024_T1,matching_original_identifier_and_class,not_certified_requires_population_and_entity_scope_audit,different_fiscal_unit_classes_cannot_be_summed,2818249.74,2066768.94,324.23,238.49,683549.00,613102.00,1162997.40,39288.69,971703.34,1414378.25
081255013061,08,municipality,Gemeinde Massenbachhausen,Gemeinde Massenbachhausen,kreisangehörige Gemeinde,kreisangehörige Gemeinde,08125061,08125061,3744,3767,STATISTIKPORTAL_INTEGRATED_2023_T1,STATISTIKPORTAL_INTEGRATED_2024_T1,matching_original_identifier_and_class,not_certified_requires_population_and_entity_scope_audit,different_fiscal_unit_classes_cannot_be_summed,4158032.01,3693832.05,1110.59,980.58,119438.00,107188.00,433368.88,39288.69,3605225.13,3547355.36
081255013086,08,municipality,Stadt Schwaigern,Stadt Schwaigern,kreisangehörige Gemeinde,kreisangehörige Gemeinde,08125086,08125086,11761,11632,STATISTIKPORTAL_INTEGRATED_2023_T1,STATISTIKPORTAL_INTEGRATED_2024_T1,matching_original_identifier_and_class,not_certified_requires_population_and_entity_scope_audit,different_fiscal_unit_classes_cannot_be_summed,6638614.42,9062066.43,564.46,779.06,2431333.00,5821554.00,1301674.34,185605.14,2905607.08,3054907.29
081255014021,08,municipality,Gemeinde Eberstadt,Gemeinde Eberstadt,kreisangehörige Gemeinde,kreisangehörige Gemeinde,08125021,08125021,3224,3200,STATISTIKPORTAL_INTEGRATED_2023_T1,STATISTIKPORTAL_INTEGRATED_2024_T1,matching_original_identifier_and_class,not_certified_requires_population_and_entity_scope_audit,different_fiscal_unit_classes_cannot_be_summed,5194955.37,4895857.38,1611.34,1529.96,1793064.00,1724096.00,0.01,142.70,3401891.36,3171618.68
081255014024,08,municipality,Gemeinde Ellhofen,Gemeinde Ellhofen,kreisangehörige Gemeinde,kreisangehörige Gemeinde,08125024,08125024,3972,4010,STATISTIKPORTAL_INTEGRATED_2023_T1,STATISTIKPORTAL_INTEGRATED_2024_T1,matching_original_identifier_and_class,not_certified_requires_population_and_entity_scope_audit,different_fiscal_unit_classes_cannot_be_summed,449562.31,449883.96,113.18,112.19,0.00,0.00,0.00,0.00,449562.31,449883.96
081255014057,08,municipality,Gemeinde Lehrensteinsfeld,Gemeinde Lehrensteinsfeld,kreisangehörige Gemeinde,kreisangehörige Gemeinde,08125057,08125057,2738,2760,STATISTIKPORTAL_INTEGRATED_2023_T1,STATISTIKPORTAL_INTEGRATED_2024_T1,matching_original_identifier_and_class,not_certified_requires_population_and_entity_scope_audit,different_fiscal_unit_classes_cannot_be_summed,1188620.40,1050112.80,434.12,380.48,0.00,0.00,0.01,142.70,1188620.39,1049970.10
081255014102,08,municipality,Stadt Weinsberg,Stadt Weinsberg,kreisangehörige Gemeinde,kreisangehörige Gemeinde,08125102,08125102,13408,13210,STATISTIKPORTAL_INTEGRATED_2023_T1,STATISTIKPORTAL_INTEGRATED_2024_T1,matching_original_identifier_and_class,not_certified_requires_population_and_entity_scope_audit,different_fiscal_unit_classes_cannot_be_summed,8190078.08,7870658.07,610.84,595.81,0.00,0.00,0.00,0.00,8190078.08,7870658.07
08126,08,county_administration,Landratsamt Hohenlohekreis,Landratsamt Hohenlohekreis,Landkreis,Landkreis,,,115410,115593,STATISTIKPORTAL_INTEGRATED_2023_T1,STATISTIKPORTAL_INTEGRATED_2024_T1,matching_original_identifier_and_class,not_certified_requires_population_and_entity_scope_audit,different_fiscal_unit_classes_cannot_be_summed,61072178.24,62386081.41,529.18,539.70,10162572.00,8220294.00,1174796.84,1217289.99,49734809.40,52948497.42
081260011011,08,municipality,Gemeinde Bretzfeld,Gemeinde Bretzfeld,kreisangehörige Gemeinde,kreisangehörige Gemeinde,08126011,08126011,12571,12558,STATISTIKPORTAL_INTEGRATED_2023_T1,STATISTIKPORTAL_INTEGRATED_2024_T1,matching_original_identifier_and_class,not_certified_requires_population_and_entity_scope_audit,different_fiscal_unit_classes_cannot_be_summed,339513.69,402437.82,27.01,32.05,0.00,0.00,0.00,0.00,339513.69,402437.82
081260072072,08,municipality,Gemeinde Schöntal,Gemeinde Schöntal,kreisangehörige Gemeinde,kreisangehörige Gemeinde,08126072,08126072,5660,5587,STATISTIKPORTAL_INTEGRATED_2023_T1,STATISTIKPORTAL_INTEGRATED_2024_T1,matching_original_identifier_and_class,not_certified_requires_population_and_entity_scope_audit,different_fiscal_unit_classes_cannot_be_summed,1538000.53,1154209.25,271.73,206.59,346879.00,69315.00,0.01,142.70,1191121.52,1084751.55
081265001047,08,municipality,Gemeinde Kupferzell,Gemeinde Kupferzell,kreisangehörige Gemeinde,kreisangehörige Gemeinde,08126047,08126047,6592,6610,STATISTIKPORTAL_INTEGRATED_2023_T1,STATISTIKPORTAL_INTEGRATED_2024_T1,matching_original_identifier_and_class,not_certified_requires_population_and_entity_scope_audit,different_fiscal_unit_classes_cannot_be_summed,6042869.27,5738279.41,916.70,868.12,2707957.00,2380468.00,0.00,524425.53,3334912.27,2833385.88
081265001058,08,municipality,Stadt Neuenstein,Stadt Neuenstein,kreisangehörige Gemeinde,kreisangehörige Gemeinde,08126058,08126058,6698,6642,STATISTIKPORTAL_INTEGRATED_2023_T1,STATISTIKPORTAL_INTEGRATED_2024_T1,matching_original_identifier_and_class,not_certified_requires_population_and_entity_scope_audit,different_fiscal_unit_classes_cannot_be_summed,16694689.10,14129427.20,2492.49,2127.29,306250.00,181250.00,0.09,2390.14,16388439.01,13945787.06
081265001085,08,municipality,Stadt Waldenburg,Stadt Waldenburg,kreisangehörige Gemeinde,kreisangehörige Gemeinde,08126085,08126085,3054,3000,STATISTIKPORTAL_INTEGRATED_2023_T1,STATISTIKPORTAL_INTEGRATED_2024_T1,matching_original_identifier_and_class,not_certified_requires_population_and_entity_scope_audit,different_fiscal_unit_classes_cannot_be_summed,5096890.72,4771972.34,1668.92,1590.66,1586409.00,1371019.00,0.01,142.70,3510481.71,3400810.64
081265002020,08,municipality,Gemeinde Dörzbach,Gemeinde Dörzbach,kreisangehörige Gemeinde,kreisangehörige Gemeinde,08126020,08126020,2602,2554,STATISTIKPORTAL_INTEGRATED_2023_T1,STATISTIKPORTAL_INTEGRATED_2024_T1,matching_original_identifier_and_class,not_certified_requires_population_and_entity_scope_audit,different_fiscal_unit_classes_cannot_be_summed,3578365.84,3318353.26,1375.24,1299.28,3130097.00,2866581.00,0.00,0.00,448268.84,451772.26
081265002045,08,municipality,Stadt Krautheim,Stadt Krautheim,kreisangehörige Gemeinde,kreisangehörige Gemeinde,08126045,08126045,4622,4620,STATISTIKPORTAL_INTEGRATED_2023_T1,STATISTIKPORTAL_INTEGRATED_2024_T1,matching_original_identifier_and_class,not_certified_requires_population_and_entity_scope_audit,different_fiscal_unit_classes_cannot_be_summed,8913052.98,8261187.13,1928.40,1788.14,3213450.00,2909825.00,49009.52,52232.14,5650593.46,5299129.99
081265002056,08,municipality,Gemeinde Mulfingen,Gemeinde Mulfingen,kreisangehörige Gemeinde,kreisangehörige Gemeinde,08126056,08126056,3665,3616,STATISTIKPORTAL_INTEGRATED_2023_T1,STATISTIKPORTAL_INTEGRATED_2024_T1,matching_original_identifier_and_class,not_certified_requires_population_and_entity_scope_audit,different_fiscal_unit_classes_cannot_be_summed,8461678.34,8296072.83,2308.78,2294.27,7683308.00,7455744.00,0.00,0.00,778370.34,840328.83
081265003039,08,municipality,Stadt Ingelfingen,Stadt Ingelfingen,kreisangehörige Gemeinde,kreisangehörige Gemeinde,08126039,08126039,5463,5472,STATISTIKPORTAL_INTEGRATED_2023_T1,STATISTIKPORTAL_INTEGRATED_2024_T1,matching_original_identifier_and_class,not_certified_requires_population_and_entity_scope_audit,different_fiscal_unit_classes_cannot_be_summed,3039184.08,2847760.91,556.32,520.42,2240677.00,2100451.00,0.00,0.00,798507.08,747309.91
081265003046,08,municipality,Stadt Künzelsau,Stadt Künzelsau,kreisangehörige Gemeinde,kreisangehörige Gemeinde,08126046,08126046,16289,16331,STATISTIKPORTAL_INTEGRATED_2023_T1,STATISTIKPORTAL_INTEGRATED_2024_T1,matching_original_identifier_and_class,not_certified_requires_population_and_entity_scope_audit,different_fiscal_unit_classes_cannot_be_summed,27902695.06,26420802.22,1712.98,1617.83,0.00,0.00,0.01,142.48,27902695.05,26420659.74
081265004028,08,municipality,Stadt Forchtenberg,Stadt Forchtenberg,kreisangehörige Gemeinde,kreisangehörige Gemeinde,08126028,08126028,5324,5379,STATISTIKPORTAL_INTEGRATED_2023_T1,STATISTIKPORTAL_INTEGRATED_2024_T1,matching_original_identifier_and_class,not_certified_requires_population_and_entity_scope_audit,different_fiscal_unit_classes_cannot_be_summed,3578912.08,4239472.41,672.22,788.15,2936807.00,2735917.00,0.00,0.00,642105.08,1503555.41
081265004060,08,municipality,Stadt Niedernhall,Stadt Niedernhall,kreisangehörige Gemeinde,kreisangehörige Gemeinde,08126060,08126060,4228,4241,STATISTIKPORTAL_INTEGRATED_2023_T1,STATISTIKPORTAL_INTEGRATED_2024_T1,matching_original_identifier_and_class,not_certified_requires_population_and_entity_scope_audit,different_fiscal_unit_classes_cannot_be_summed,4745637.08,5233245.41,1122.43,1233.96,4163021.00,3906390.00,0.00,0.00,582616.08,1326855.41
081265004086,08,municipality,Gemeinde Weißbach,Gemeinde Weißbach,kreisangehörige Gemeinde,kreisangehörige Gemeinde,08126086,08126086,2062,2042,STATISTIKPORTAL_INTEGRATED_2023_T1,STATISTIKPORTAL_INTEGRATED_2024_T1,matching_original_identifier_and_class,not_certified_requires_population_and_entity_scope_audit,different_fiscal_unit_classes_cannot_be_summed,995080.14,1378735.37,482.58,675.19,644441.00,538885.00,0.00,0.00,350639.14,839850.37
081265005066,08,municipality,Große Kreisstadt Öhringen,Große Kreisstadt Öhringen,kreisangehörige Gemeinde,kreisangehörige Gemeinde,08126066,08126066,25472,25665,STATISTIKPORTAL_INTEGRATED_2023_T1,STATISTIKPORTAL_INTEGRATED_2024_T1,matching_original_identifier_and_class,not_certified_requires_population_and_entity_scope_audit,different_fiscal_unit_classes_cannot_be_summed,66149334.98,66725477.15,2596.94,2599.86,25421024.00,23656266.00,0.01,142.48,40728310.97,43069068.67
081265005069,08,municipality,Gemeinde Pfedelbach,Gemeinde Pfedelbach,kreisangehörige Gemeinde,kreisangehörige Gemeinde,08126069,08126069,9316,9444,STATISTIKPORTAL_INTEGRATED_2023_T1,STATISTIKPORTAL_INTEGRATED_2024_T1,matching_original_identifier_and_class,not_certified_requires_population_and_entity_scope_audit,different_fiscal_unit_classes_cannot_be_summed,226187.08,282001.91,24.28,29.86,0.00,0.00,0.00,0.00,226187.08,282001.91
081265005094,08,municipality,Gemeinde Zweiflingen,Gemeinde Zweiflingen,kreisangehörige Gemeinde,kreisangehörige Gemeinde,08126094,08126094,1792,1832,STATISTIKPORTAL_INTEGRATED_2023_T1,STATISTIKPORTAL_INTEGRATED_2024_T1,matching_original_identifier_and_class,not_certified_requires_population_and_entity_scope_audit,different_fiscal_unit_classes_cannot_be_summed,2732920.58,2490689.22,1525.07,1359.55,1655000.00,1540000.00,0.01,142.70,1077920.57,950546.52
08127,08,county_administration,Landratsamt Schwäbisch Hall,Landratsamt Schwäbisch Hall,Landkreis,Landkreis,,,203870,200729,STATISTIKPORTAL_INTEGRATED_2023_T1,STATISTIKPORTAL_INTEGRATED_2024_T1,matching_original_identifier_and_class,not_certified_requires_population_and_entity_scope_audit,different_fiscal_unit_classes_cannot_be_summed,147253185.08,154863333.11,722.29,771.50,48993073.00,52945963.00,2457571.47,2537780.35,95802540.61,99379589.76
081270008008,08,municipality,Gemeinde Blaufelden,Gemeinde Blaufelden,kreisangehörige Gemeinde,kreisangehörige Gemeinde,08127008,08127008,5477,5384,STATISTIKPORTAL_INTEGRATED_2023_T1,STATISTIKPORTAL_INTEGRATED_2024_T1,matching_original_identifier_and_class,not_certified_requires_population_and_entity_scope_audit,different_fiscal_unit_classes_cannot_be_summed,9913657.92,10684282.23,1810.05,1984.45,7766663.00,8311702.00,196791.25,187823.17,1950203.67,2184757.06
081270052052,08,municipality,Gemeinde Mainhardt,Gemeinde Mainhardt,kreisangehörige Gemeinde,kreisangehörige Gemeinde,08127052,08127052,6198,6019,STATISTIKPORTAL_INTEGRATED_2023_T1,STATISTIKPORTAL_INTEGRATED_2024_T1,matching_original_identifier_and_class,not_certified_requires_population_and_entity_scope_audit,different_fiscal_unit_classes_cannot_be_summed,19540857.24,21292243.19,3152.77,3537.51,13808643.00,14568013.00,0.00,0.00,5732214.24,6724230.19
081270075075,08,municipality,Stadt Schrozberg,Stadt Schrozberg,kreisangehörige Gemeinde,kreisangehörige Gemeinde,08127075,08127075,5907,5784,STATISTIKPORTAL_INTEGRATED_2023_T1,STATISTIKPORTAL_INTEGRATED_2024_T1,matching_original_identifier_and_class,not_certified_requires_population_and_entity_scope_audit,different_fiscal_unit_classes_cannot_be_summed,7149608.62,6806657.18,1210.36,1176.81,3484125.00,3081975.00,196909.38,188078.61,3468574.24,3536603.57
081275001009,08,municipality,Gemeinde Braunsbach,Gemeinde Braunsbach,kreisangehörige Gemeinde,kreisangehörige Gemeinde,08127009,08127009,2584,2480,STATISTIKPORTAL_INTEGRATED_2023_T1,STATISTIKPORTAL_INTEGRATED_2024_T1,matching_original_identifier_and_class,not_certified_requires_population_and_entity_scope_audit,different_fiscal_unit_classes_cannot_be_summed,4108153.19,3659515.64,1589.84,1475.61,3004360.00,2750107.00,0.00,314662.24,1103793.19,594746.40
081275001086,08,municipality,Gemeinde Untermünkheim,Gemeinde Untermünkheim,kreisangehörige Gemeinde,kreisangehörige Gemeinde,08127086,08127086,3113,3053,STATISTIKPORTAL_INTEGRATED_2023_T1,STATISTIKPORTAL_INTEGRATED_2024_T1,matching_original_identifier_and_class,not_certified_requires_population_and_entity_scope_audit,different_fiscal_unit_classes_cannot_be_summed,1590435.13,1387602.64,510.90,454.50,994840.00,858935.00,0.00,314662.24,595595.13,214005.40
081275002014,08,municipality,Große Kreisstadt Crailsheim,Große Kreisstadt Crailsheim,kreisangehörige Gemeinde,kreisangehörige Gemeinde,08127014,08127014,36012,35440,STATISTIKPORTAL_INTEGRATED_2023_T1,STATISTIKPORTAL_INTEGRATED_2024_T1,matching_original_identifier_and_class,not_certified_requires_population_and_entity_scope_audit,different_fiscal_unit_classes_cannot_be_summed,78573792.40,73188750.36,2181.88,2065.15,30023087.00,24843053.00,22239.01,18735.39,48528466.39,48326961.97
081275002073,08,municipality,Gemeinde Satteldorf,Gemeinde Satteldorf,kreisangehörige Gemeinde,kreisangehörige Gemeinde,08127073,08127073,5813,5708,STATISTIKPORTAL_INTEGRATED_2023_T1,STATISTIKPORTAL_INTEGRATED_2024_T1,matching_original_identifier_and_class,not_certified_requires_population_and_entity_scope_audit,different_fiscal_unit_classes_cannot_be_summed,762722.14,855463.55,131.21,149.87,0.00,0.00,146520.84,139309.06,616201.30,716154.49
081275002103,08,municipality,Gemeinde Frankenhardt,Gemeinde Frankenhardt,kreisangehörige Gemeinde,kreisangehörige Gemeinde,08127103,08127103,5048,5043,STATISTIKPORTAL_INTEGRATED_2023_T1,STATISTIKPORTAL_INTEGRATED_2024_T1,matching_original_identifier_and_class,not_certified_requires_population_and_entity_scope_audit,different_fiscal_unit_classes_cannot_be_summed,1505513.97,3404396.73,298.24,675.07,1300447.00,3156136.00,5178.73,4362.85,199888.24,243897.88
081275002104,08,municipality,Gemeinde Stimpfach,Gemeinde Stimpfach,kreisangehörige Gemeinde,kreisangehörige Gemeinde,08127104,08127104,3111,2968,STATISTIKPORTAL_INTEGRATED_2023_T1,STATISTIKPORTAL_INTEGRATED_2024_T1,matching_original_identifier_and_class,not_certified_requires_population_and_entity_scope_audit,different_fiscal_unit_classes_cannot_be_summed,4992554.40,6127438.40,1604.81,2064.50,4977384.00,6107737.00,15170.40,12780.40,0.00,6921.00
081275003101,08,municipality,Gemeinde Kreßberg,Gemeinde Kreßberg,kreisangehörige Gemeinde,kreisangehörige Gemeinde,08127101,08127101,4079,3995,STATISTIKPORTAL_INTEGRATED_2023_T1,STATISTIKPORTAL_INTEGRATED_2024_T1,matching_original_identifier_and_class,not_certified_requires_population_and_entity_scope_audit,different_fiscal_unit_classes_cannot_be_summed,8375191.51,8896778.74,2053.25,2226.98,5212569.00,4938320.00,0.00,0.00,3162622.51,3958458.74
081275003102,08,municipality,Gemeinde Fichtenau,Gemeinde Fichtenau,kreisangehörige Gemeinde,kreisangehörige Gemeinde,08127102,08127102,4551,4573,STATISTIKPORTAL_INTEGRATED_2023_T1,STATISTIKPORTAL_INTEGRATED_2024_T1,matching_original_identifier_and_class,not_certified_requires_population_and_entity_scope_audit,different_fiscal_unit_classes_cannot_be_summed,9549384.30,11702041.86,2098.30,2558.94,6586650.00,7980560.00,0.00,0.00,2962734.30,3721481.86
081275004032,08,municipality,Stadt Gerabronn,Stadt Gerabronn,kreisangehörige Gemeinde,kreisangehörige Gemeinde,08127032,08127032,4511,4455,STATISTIKPORTAL_INTEGRATED_2023_T1,STATISTIKPORTAL_INTEGRATED_2024_T1,matching_original_identifier_and_class,not_certified_requires_population_and_entity_scope_audit,different_fiscal_unit_classes_cannot_be_summed,5048117.15,5002884.13,1119.07,1122.98,2952198.00,2686422.00,145715.48,138630.57,1950203.67,2177831.56
081275004047,08,municipality,Stadt Langenburg,Stadt Langenburg,kreisangehörige Gemeinde,kreisangehörige Gemeinde,08127047,08127047,1905,1794,STATISTIKPORTAL_INTEGRATED_2023_T1,STATISTIKPORTAL_INTEGRATED_2024_T1,matching_original_identifier_and_class,not_certified_requires_population_and_entity_scope_audit,different_fiscal_unit_classes_cannot_be_summed,7094783.23,8001806.91,3724.30,4460.32,5740888.00,6712628.00,7322.09,6168.54,1346573.14,1283010.37
081275005043,08,municipality,Stadt Ilshofen,Stadt Ilshofen,kreisangehörige Gemeinde,kreisangehörige Gemeinde,08127043,08127043,7139,7038,STATISTIKPORTAL_INTEGRATED_2023_T1,STATISTIKPORTAL_INTEGRATED_2024_T1,matching_original_identifier_and_class,not_certified_requires_population_and_entity_scope_audit,different_fiscal_unit_classes_cannot_be_summed,1395173.01,1468430.49,195.43,208.64,144538.00,64638.00,12473.85,255645.06,1238161.16,1148147.43
081275005089,08,municipality,Stadt Vellberg,Stadt Vellberg,kreisangehörige Gemeinde,kreisangehörige Gemeinde,08127089,08127089,4727,4722,STATISTIKPORTAL_INTEGRATED_2023_T1,STATISTIKPORTAL_INTEGRATED_2024_T1,matching_original_identifier_and_class,not_certified_requires_population_and_entity_scope_audit,different_fiscal_unit_classes_cannot_be_summed,2257511.06,2088570.64,477.58,442.31,2091617.00,1888750.00,0.00,0.00,165894.06,199820.64
081275005099,08,municipality,Gemeinde Wolpertshausen,Gemeinde Wolpertshausen,kreisangehörige Gemeinde,kreisangehörige Gemeinde,08127099,08127099,2423,2344,STATISTIKPORTAL_INTEGRATED_2023_T1,STATISTIKPORTAL_INTEGRATED_2024_T1,matching_original_identifier_and_class,not_certified_requires_population_and_entity_scope_audit,different_fiscal_unit_classes_cannot_be_summed,1538722.14,2875185.37,635.05,1226.61,1425736.00,2734314.00,0.00,0.00,112986.14,140871.37
081275006023,08,municipality,Gemeinde Fichtenberg,Gemeinde Fichtenberg,kreisangehörige Gemeinde,kreisangehörige Gemeinde,08127023,08127023,2965,2908,STATISTIKPORTAL_INTEGRATED_2023_T1,STATISTIKPORTAL_INTEGRATED_2024_T1,matching_original_identifier_and_class,not_certified_requires_population_and_entity_scope_audit,different_fiscal_unit_classes_cannot_be_summed,112986.14,355371.37,38.11,122.20,0.00,0.00,0.00,214500.00,112986.14,140871.37
081275006025,08,municipality,Stadt Gaildorf,Stadt Gaildorf,kreisangehörige Gemeinde,kreisangehörige Gemeinde,08127025,08127025,12417,12064,STATISTIKPORTAL_INTEGRATED_2023_T1,STATISTIKPORTAL_INTEGRATED_2024_T1,matching_original_identifier_and_class,not_certified_requires_population_and_entity_scope_audit,different_fiscal_unit_classes_cannot_be_summed,34740045.37,46408566.65,2797.78,3846.86,19028339.00,26895598.00,0.00,856500.00,15711706.37,18656468.65
081275006062,08,municipality,Gemeinde Oberrot,Gemeinde Oberrot,kreisangehörige Gemeinde,kreisangehörige Gemeinde,08127062,08127062,3606,3484,STATISTIKPORTAL_INTEGRATED_2023_T1,STATISTIKPORTAL_INTEGRATED_2024_T1,matching_original_identifier_and_class,not_certified_requires_population_and_entity_scope_audit,different_fiscal_unit_classes_cannot_be_summed,511344.14,711797.37,141.80,204.30,398358.00,356426.00,0.00,214500.00,112986.14,140871.37
081275006079,08,municipality,Gemeinde Sulzbach-Laufen,Gemeinde Sulzbach-Laufen,kreisangehörige Gemeinde,kreisangehörige Gemeinde,08127079,08127079,2541,2551,STATISTIKPORTAL_INTEGRATED_2023_T1,STATISTIKPORTAL_INTEGRATED_2024_T1,matching_original_identifier_and_class,not_certified_requires_population_and_entity_scope_audit,different_fiscal_unit_classes_cannot_be_summed,1212247.14,1303896.37,477.07,511.13,1099261.00,948525.00,0.00,214500.00,112986.14,140871.37
081275007012,08,municipality,Gemeinde Bühlertann,Gemeinde Bühlertann,kreisangehörige Gemeinde,kreisangehörige Gemeinde,08127012,08127012,3057,3063,STATISTIKPORTAL_INTEGRATED_2023_T1,STATISTIKPORTAL_INTEGRATED_2024_T1,matching_original_identifier_and_class,not_certified_requires_population_and_entity_scope_audit,different_fiscal_unit_classes_cannot_be_summed,871633.36,955649.58,285.13,312.00,253930.00,202390.00,56800.00,51120.00,560903.36,702139.58
081275007013,08,municipality,Gemeinde Bühlerzell,Gemeinde Bühlerzell,kreisangehörige Gemeinde,kreisangehörige Gemeinde,08127013,08127013,2117,2071,STATISTIKPORTAL_INTEGRATED_2023_T1,STATISTIKPORTAL_INTEGRATED_2024_T1,matching_original_identifier_and_class,not_certified_requires_population_and_entity_scope_audit,different_fiscal_unit_classes_cannot_be_summed,4444706.30,5231849.79,2099.53,2526.24,4180550.00,4846972.00,0.00,0.00,264156.30,384877.79
081275007063,08,municipality,Gemeinde Obersontheim,Gemeinde Obersontheim,kreisangehörige Gemeinde,kreisangehörige Gemeinde,08127063,08127063,5533,5367,STATISTIKPORTAL_INTEGRATED_2023_T1,STATISTIKPORTAL_INTEGRATED_2024_T1,matching_original_identifier_and_class,not_certified_requires_population_and_entity_scope_audit,different_fiscal_unit_classes_cannot_be_summed,3114303.57,3010558.70,562.86,560.94,2333945.00,2029035.00,56800.00,51120.00,723558.57,930403.70
081275008046,08,municipality,Stadt Kirchberg an der Jagst,Stadt Kirchberg an der Jagst,kreisangehörige Gemeinde,kreisangehörige Gemeinde,08127046,08127046,4498,4231,STATISTIKPORTAL_INTEGRATED_2023_T1,STATISTIKPORTAL_INTEGRATED_2024_T1,matching_original_identifier_and_class,not_certified_requires_population_and_entity_scope_audit,different_fiscal_unit_classes_cannot_be_summed,5961767.74,6811662.68,1325.43,1609.94,5509018.00,6048156.00,17196.94,259481.37,435552.80,504025.31
081275008071,08,municipality,Gemeinde Rot am See,Gemeinde Rot am See,kreisangehörige Gemeinde,kreisangehörige Gemeinde,08127071,08127071,5696,5504,STATISTIKPORTAL_INTEGRATED_2023_T1,STATISTIKPORTAL_INTEGRATED_2024_T1,matching_original_identifier_and_class,not_certified_requires_population_and_entity_scope_audit,different_fiscal_unit_classes_cannot_be_summed,2545377.41,2713747.09,446.87,493.05,230413.00,180852.00,364760.74,348138.03,1950203.67,2184757.06
081275008091,08,municipality,Gemeinde Wallhausen,Gemeinde Wallhausen,kreisangehörige Gemeinde,kreisangehörige Gemeinde,08127091,08127091,3892,3787,STATISTIKPORTAL_INTEGRATED_2023_T1,STATISTIKPORTAL_INTEGRATED_2024_T1,matching_original_identifier_and_class,not_certified_requires_population_and_entity_scope_audit,different_fiscal_unit_classes_cannot_be_summed,7160450.41,9029405.83,1839.79,2384.32,6128170.00,7887310.00,139265.84,132919.28,893014.57,1009176.55
081275009056,08,municipality,Gemeinde Michelbach an der Bilz,Gemeinde Michelbach an der Bilz,kreisangehörige Gemeinde,kreisangehörige Gemeinde,08127056,08127056,3561,3314,STATISTIKPORTAL_INTEGRATED_2023_T1,STATISTIKPORTAL_INTEGRATED_2024_T1,matching_original_identifier_and_class,not_certified_requires_population_and_entity_scope_audit,different_fiscal_unit_classes_cannot_be_summed,345624.08,292576.41,97.06,88.28,119437.00,17500.00,0.00,0.00,226187.08,275076.41
081275009059,08,municipality,Gemeinde Michelfeld,Gemeinde Michelfeld,kreisangehörige Gemeinde,kreisangehörige Gemeinde,08127059,08127059,3894,3750,STATISTIKPORTAL_INTEGRATED_2023_T1,STATISTIKPORTAL_INTEGRATED_2024_T1,matching_original_identifier_and_class,not_certified_requires_population_and_entity_scope_audit,different_fiscal_unit_classes_cannot_be_summed,5075396.04,4841359.29,1303.39,1291.03,1682061.00,1533281.00,0.01,142.70,3393335.03,3307935.59
081275009076,08,municipality,Große Kreisstadt Schwäbisch Hall,Große Kreisstadt Schwäbisch Hall,kreisangehörige Gemeinde,kreisangehörige Gemeinde,08127076,08127076,42240,42547,STATISTIKPORTAL_INTEGRATED_2023_T1,STATISTIKPORTAL_INTEGRATED_2024_T1,matching_original_identifier_and_class,not_certified_requires_population_and_entity_scope_audit,different_fiscal_unit_classes_cannot_be_summed,382525791.14,406083413.40,9056.01,9544.35,0.00,0.00,2214215.00,2609685.00,380311576.14,403473728.40
081275009100,08,municipality,Gemeinde Rosengarten,Gemeinde Rosengarten,kreisangehörige Gemeinde,kreisangehörige Gemeinde,08127100,08127100,5255,5288,STATISTIKPORTAL_INTEGRATED_2023_T1,STATISTIKPORTAL_INTEGRATED_2024_T1,matching_original_identifier_and_class,not_certified_requires_population_and_entity_scope_audit,different_fiscal_unit_classes_cannot_be_summed,3207326.02,3355836.43,610.34,634.61,0.00,0.00,0.00,0.00,3207326.02,3355836.43
08128,08,county_administration,Landratsamt Main-Tauber-Kreis,Landratsamt Main-Tauber-Kreis,Landkreis,Landkreis,,,134983,133291,STATISTIKPORTAL_INTEGRATED_2023_T1,STATISTIKPORTAL_INTEGRATED_2024_T1,matching_original_identifier_and_class,not_certified_requires_population_and_entity_scope_audit,different_fiscal_unit_classes_cannot_be_summed,36948340.49,46948992.27,273.73,352.23,20766829.00,31111989.00,400224.98,331904.37,15781286.51,15505098.90
081280020020,08,municipality,Stadt Creglingen,Stadt Creglingen,kreisangehörige Gemeinde,kreisangehörige Gemeinde,08128020,08128020,4565,4428,STATISTIKPORTAL_INTEGRATED_2023_T1,STATISTIKPORTAL_INTEGRATED_2024_T1,matching_original_identifier_and_class,not_certified_requires_population_and_entity_scope_audit,different_fiscal_unit_classes_cannot_be_summed,11499206.69,12318686.91,2518.99,2782.00,1404472.00,1294539.00,0.00,163.19,10094734.69,11023984.72
081280039039,08,municipality,Stadt Freudenberg,Stadt Freudenberg,kreisangehörige Gemeinde,kreisangehörige Gemeinde,08128039,08128039,3692,3614,STATISTIKPORTAL_INTEGRATED_2023_T1,STATISTIKPORTAL_INTEGRATED_2024_T1,matching_original_identifier_and_class,not_certified_requires_population_and_entity_scope_audit,different_fiscal_unit_classes_cannot_be_summed,9572481.66,9248637.61,2592.76,2559.11,7175953.00,6720320.00,57875.55,61435.68,2338653.11,2466881.93
081280064064,08,municipality,Stadt Külsheim,Stadt Külsheim,kreisangehörige Gemeinde,kreisangehörige Gemeinde,08128064,08128064,5378,5378,STATISTIKPORTAL_INTEGRATED_2023_T1,STATISTIKPORTAL_INTEGRATED_2024_T1,matching_original_identifier_and_class,not_certified_requires_population_and_entity_scope_audit,different_fiscal_unit_classes_cannot_be_summed,9761475.04,9538193.64,1815.08,1773.56,4955582.00,5403206.00,57875.55,61435.68,4748017.49,4073551.96
081280082082,08,municipality,Stadt Niederstetten,Stadt Niederstetten,kreisangehörige Gemeinde,kreisangehörige Gemeinde,08128082,08128082,4896,4877,STATISTIKPORTAL_INTEGRATED_2023_T1,STATISTIKPORTAL_INTEGRATED_2024_T1,matching_original_identifier_and_class,not_certified_requires_population_and_entity_scope_audit,different_fiscal_unit_classes_cannot_be_summed,8187634.31,7783749.73,1672.31,1596.01,808700.00,746379.00,43660.01,22271.89,7335274.30,7015098.84
081280126126,08,municipality,Stadt Weikersheim,Stadt Weikersheim,kreisangehörige Gemeinde,kreisangehörige Gemeinde,08128126,08128126,7728,7901,STATISTIKPORTAL_INTEGRATED_2023_T1,STATISTIKPORTAL_INTEGRATED_2024_T1,matching_original_identifier_and_class,not_certified_requires_population_and_entity_scope_audit,different_fiscal_unit_classes_cannot_be_summed,22989215.68,21737812.06,2974.79,2751.27,4479444.00,3931588.00,0.00,163.19,18509771.68,17806060.87
081280131131,08,municipality,Große Kreisstadt Wertheim,Große Kreisstadt Wertheim,kreisangehörige Gemeinde,kreisangehörige Gemeinde,08128131,08128131,23265,22973,STATISTIKPORTAL_INTEGRATED_2023_T1,STATISTIKPORTAL_INTEGRATED_2024_T1,matching_original_identifier_and_class,not_certified_requires_population_and_entity_scope_audit,different_fiscal_unit_classes_cannot_be_summed,65046357.51,76339854.14,2795.89,3323.03,3650350.00,3119226.00,13648174.28,12526281.56,47747833.23,60694346.58
081280139139,08,municipality,Stadt Lauda-Königshofen,Stadt Lauda-Königshofen,kreisangehörige Gemeinde,kreisangehörige Gemeinde,08128139,08128139,14593,14217,STATISTIKPORTAL_INTEGRATED_2023_T1,STATISTIKPORTAL_INTEGRATED_2024_T1,matching_original_identifier_and_class,not_certified_requires_population_and_entity_scope_audit,different_fiscal_unit_classes_cannot_be_summed,38508623.17,40810009.86,2638.84,2870.51,15750138.00,16312484.00,115751.13,122886.87,22642734.04,24374638.99
081285001006,08,municipality,Gemeinde Assamstadt,Gemeinde Assamstadt,kreisangehörige Gemeinde,kreisangehörige Gemeinde,08128006,08128006,2256,2225,STATISTIKPORTAL_INTEGRATED_2023_T1,STATISTIKPORTAL_INTEGRATED_2024_T1,matching_original_identifier_and_class,not_certified_requires_population_and_entity_scope_audit,different_fiscal_unit_classes_cannot_be_summed,5533736.92,5484636.04,2452.90,2465.00,1631003.00,1431405.00,57875.55,61435.68,3844858.37,3991795.36
081285001007,08,municipality,Große Kreisstadt Bad Mergentheim,Große Kreisstadt Bad Mergentheim,kreisangehörige Gemeinde,kreisangehörige Gemeinde,08128007,08128007,24587,24124,STATISTIKPORTAL_INTEGRATED_2023_T1,STATISTIKPORTAL_INTEGRATED_2024_T1,matching_original_identifier_and_class,not_certified_requires_population_and_entity_scope_audit,different_fiscal_unit_classes_cannot_be_summed,87002348.33,98010688.73,3538.55,4062.79,20747820.00,24648188.00,8156000.00,7914863.19,58098528.33,65447637.54
081285001058,08,municipality,Gemeinde Igersheim,Gemeinde Igersheim,kreisangehörige Gemeinde,kreisangehörige Gemeinde,08128058,08128058,5575,5493,STATISTIKPORTAL_INTEGRATED_2023_T1,STATISTIKPORTAL_INTEGRATED_2024_T1,matching_original_identifier_and_class,not_certified_requires_population_and_entity_scope_audit,different_fiscal_unit_classes_cannot_be_summed,5284970.89,5044353.69,947.98,918.32,3065426.00,2800429.00,0.00,163.19,2219544.89,2243761.50
081285002014,08,municipality,Stadt Boxberg,Stadt Boxberg,kreisangehörige Gemeinde,kreisangehörige Gemeinde,08128014,08128014,6721,6694,STATISTIKPORTAL_INTEGRATED_2023_T1,STATISTIKPORTAL_INTEGRATED_2024_T1,matching_original_identifier_and_class,not_certified_requires_population_and_entity_scope_audit,different_fiscal_unit_classes_cannot_be_summed,2972192.53,3270959.52,442.22,488.64,0.00,0.00,57875.55,61452.34,2914316.98,3209507.18
081285002138,08,municipality,Gemeinde Ahorn,Gemeinde Ahorn,kreisangehörige Gemeinde,kreisangehörige Gemeinde,08128138,08128138,2264,2213,STATISTIKPORTAL_INTEGRATED_2023_T1,STATISTIKPORTAL_INTEGRATED_2024_T1,matching_original_identifier_and_class,not_certified_requires_population_and_entity_scope_audit,different_fiscal_unit_classes_cannot_be_summed,3016834.31,2982766.60,1332.52,1347.84,940366.00,769131.00,157724.95,145739.44,1918743.36,2067896.16
081285003047,08,municipality,Stadt Grünsfeld,Stadt Grünsfeld,kreisangehörige Gemeinde,kreisangehörige Gemeinde,08128047,08128047,3730,3633,STATISTIKPORTAL_INTEGRATED_2023_T1,STATISTIKPORTAL_INTEGRATED_2024_T1,matching_original_identifier_and_class,not_certified_requires_population_and_entity_scope_audit,different_fiscal_unit_classes_cannot_be_summed,6431647.42,7992161.58,1724.30,2199.88,889791.00,1976426.00,57875.55,61435.68,5483980.87,5954299.90
081285003137,08,municipality,Gemeinde Wittighausen,Gemeinde Wittighausen,kreisangehörige Gemeinde,kreisangehörige Gemeinde,08128137,08128137,1739,1791,STATISTIKPORTAL_INTEGRATED_2023_T1,STATISTIKPORTAL_INTEGRATED_2024_T1,matching_original_identifier_and_class,not_certified_requires_population_and_entity_scope_audit,different_fiscal_unit_classes_cannot_be_summed,5243312.32,5379102.22,3015.13,3003.41,1847459.00,1727603.00,57875.55,61435.68,3337977.77,3590063.54
081285004045,08,municipality,Gemeinde Großrinderfeld,Gemeinde Großrinderfeld,kreisangehörige Gemeinde,kreisangehörige Gemeinde,08128045,08128045,4098,4076,STATISTIKPORTAL_INTEGRATED_2023_T1,STATISTIKPORTAL_INTEGRATED_2024_T1,matching_original_identifier_and_class,not_certified_requires_population_and_entity_scope_audit,different_fiscal_unit_classes_cannot_be_summed,7892697.51,12702506.24,1925.99,3116.41,3197825.00,7255616.00,320329.75,399731.28,4374542.76,5047158.96
081285004061,08,municipality,Gemeinde Königheim,Gemeinde Königheim,kreisangehörige Gemeinde,kreisangehörige Gemeinde,08128061,08128061,3044,3011,STATISTIKPORTAL_INTEGRATED_2023_T1,STATISTIKPORTAL_INTEGRATED_2024_T1,matching_original_identifier_and_class,not_certified_requires_population_and_entity_scope_audit,different_fiscal_unit_classes_cannot_be_summed,7429175.66,7089783.34,2440.60,2354.63,4911927.00,4333520.00,57875.55,61435.68,2459373.11,2694827.66
081285004115,08,municipality,Stadt Tauberbischofsheim,Stadt Tauberbischofsheim,kreisangehörige Gemeinde,kreisangehörige Gemeinde,08128115,08128115,13561,13440,STATISTIKPORTAL_INTEGRATED_2023_T1,STATISTIKPORTAL_INTEGRATED_2024_T1,matching_original_identifier_and_class,not_certified_requires_population_and_entity_scope_audit,different_fiscal_unit_classes_cannot_be_summed,38222318.49,42384311.29,2818.55,3153.59,3703082.00,3063463.00,929359.14,1171424.53,33589877.35,38149423.76
081285004128,08,municipality,Gemeinde Werbach,Gemeinde Werbach,kreisangehörige Gemeinde,kreisangehörige Gemeinde,08128128,08128128,3291,3203,STATISTIKPORTAL_INTEGRATED_2023_T1,STATISTIKPORTAL_INTEGRATED_2024_T1,matching_original_identifier_and_class,not_certified_requires_population_and_entity_scope_audit,different_fiscal_unit_classes_cannot_be_summed,6516425.74,7710997.65,1980.07,2407.43,2024796.00,2760084.00,294084.33,365901.72,4197545.41,4585011.93
08135,08,county_administration,Landratsamt Heidenheim,Landratsamt Heidenheim,Landkreis,Landkreis,,,135424,135059,STATISTIKPORTAL_INTEGRATED_2023_T1,STATISTIKPORTAL_INTEGRATED_2024_T1,matching_original_identifier_and_class,not_certified_requires_population_and_entity_scope_audit,different_fiscal_unit_classes_cannot_be_summed,160184177.98,162475942.49,1182.83,1203.00,44615452.00,46690685.00,2778581.10,2473637.87,112790144.88,113311619.62
081350010010,08,municipality,Gemeinde Dischingen,Gemeinde Dischingen,kreisangehörige Gemeinde,kreisangehörige Gemeinde,08135010,08135010,4471,4404,STATISTIKPORTAL_INTEGRATED_2023_T1,STATISTIKPORTAL_INTEGRATED_2024_T1,matching_original_identifier_and_class,not_certified_requires_population_and_entity_scope_audit,different_fiscal_unit_classes_cannot_be_summed,6668959.54,6268554.49,1491.60,1423.38,1398388.00,1309006.00,626450.92,582048.71,4644120.62,4377499.78
081350015015,08,municipality,Gemeinde Gerstetten,Gemeinde Gerstetten,kreisangehörige Gemeinde,kreisangehörige Gemeinde,08135015,08135015,11834,11608,STATISTIKPORTAL_INTEGRATED_2023_T1,STATISTIKPORTAL_INTEGRATED_2024_T1,matching_original_identifier_and_class,not_certified_requires_population_and_entity_scope_audit,different_fiscal_unit_classes_cannot_be_summed,18813439.27,18909137.93,1589.78,1628.97,847257.00,761276.00,0.00,0.00,17966182.27,18147861.93
081350020020,08,municipality,Stadt Herbrechtingen,Stadt Herbrechtingen,kreisangehörige Gemeinde,kreisangehörige Gemeinde,08135020,08135020,13249,13215,STATISTIKPORTAL_INTEGRATED_2023_T1,STATISTIKPORTAL_INTEGRATED_2024_T1,matching_original_identifier_and_class,not_certified_requires_population_and_entity_scope_audit,different_fiscal_unit_classes_cannot_be_summed,25436390.91,24755138.95,1919.87,1873.26,10420444.00,9459087.00,0.00,0.00,15015946.91,15296051.95
081350025025,08,municipality,Gemeinde Königsbronn,Gemeinde Königsbronn,kreisangehörige Gemeinde,kreisangehörige Gemeinde,08135025,08135025,7025,7035,STATISTIKPORTAL_INTEGRATED_2023_T1,STATISTIKPORTAL_INTEGRATED_2024_T1,matching_original_identifier_and_class,not_certified_requires_population_and_entity_scope_audit,different_fiscal_unit_classes_cannot_be_summed,18612488.56,22398518.07,2649.46,3183.87,7445006.00,11182293.00,0.00,0.00,11167482.56,11216225.07
081350032032,08,municipality,Gemeinde Steinheim am Albuch,Gemeinde Steinheim am Albuch,kreisangehörige Gemeinde,kreisangehörige Gemeinde,08135032,08135032,8902,8906,STATISTIKPORTAL_INTEGRATED_2023_T1,STATISTIKPORTAL_INTEGRATED_2024_T1,matching_original_identifier_and_class,not_certified_requires_population_and_entity_scope_audit,different_fiscal_unit_classes_cannot_be_summed,12234824.30,13250141.51,1374.39,1487.78,3750.00,0.00,0.00,0.00,12231074.30,13250141.51
081355001016,08,municipality,Große Kreisstadt Giengen an der Brenz,Große Kreisstadt Giengen an der Brenz,kreisangehörige Gemeinde,kreisangehörige Gemeinde,08135016,08135016,20299,19970,STATISTIKPORTAL_INTEGRATED_2023_T1,STATISTIKPORTAL_INTEGRATED_2024_T1,matching_original_identifier_and_class,not_certified_requires_population_and_entity_scope_audit,different_fiscal_unit_classes_cannot_be_summed,40972474.00,42426258.84,2018.45,2124.50,10518168.00,9274101.00,1282367.00,1103859.00,29171939.00,32048298.84
081355001021,08,municipality,Gemeinde Hermaringen,Gemeinde Hermaringen,kreisangehörige Gemeinde,kreisangehörige Gemeinde,08135021,08135021,2321,2330,STATISTIKPORTAL_INTEGRATED_2023_T1,STATISTIKPORTAL_INTEGRATED_2024_T1,matching_original_identifier_and_class,not_certified_requires_population_and_entity_scope_audit,different_fiscal_unit_classes_cannot_be_summed,10129388.02,9838620.99,4364.23,4222.58,5116639.00,5086866.00,0.00,0.00,5012749.02,4751754.99
081355002019,08,municipality,Große Kreisstadt Heidenheim an der Brenz,Große Kreisstadt Heidenheim an der Brenz,kreisangehörige Gemeinde,kreisangehörige Gemeinde,08135019,08135019,50128,50324,STATISTIKPORTAL_INTEGRATED_2023_T1,STATISTIKPORTAL_INTEGRATED_2024_T1,matching_original_identifier_and_class,not_certified_requires_population_and_entity_scope_audit,different_fiscal_unit_classes_cannot_be_summed,210584670.81,192091326.03,4200.94,3817.09,38303167.00,40084744.00,287162.36,3397546.11,171994341.45,148609035.92
081355002026,08,municipality,Gemeinde Nattheim,Gemeinde Nattheim,kreisangehörige Gemeinde,kreisangehörige Gemeinde,08135026,08135026,6432,6592,STATISTIKPORTAL_INTEGRATED_2023_T1,STATISTIKPORTAL_INTEGRATED_2024_T1,matching_original_identifier_and_class,not_certified_requires_population_and_entity_scope_audit,different_fiscal_unit_classes_cannot_be_summed,6153158.17,6109795.01,956.65,926.85,4052150.00,3705496.00,0.00,0.00,2101008.17,2404299.01
081355003027,08,municipality,Stadt Niederstotzingen,Stadt Niederstotzingen,kreisangehörige Gemeinde,kreisangehörige Gemeinde,08135027,08135027,4850,4888,STATISTIKPORTAL_INTEGRATED_2023_T1,STATISTIKPORTAL_INTEGRATED_2024_T1,matching_original_identifier_and_class,not_certified_requires_population_and_entity_scope_audit,different_fiscal_unit_classes_cannot_be_summed,2505475.52,2490354.16,516.59,509.48,1471221.00,1250395.00,0.00,0.00,1034254.52,1239959.16
081355003031,08,municipality,Gemeinde Sontheim an der Brenz,Gemeinde Sontheim an der Brenz,kreisangehörige Gemeinde,kreisangehörige Gemeinde,08135031,08135031,5913,5787,STATISTIKPORTAL_INTEGRATED_2023_T1,STATISTIKPORTAL_INTEGRATED_2024_T1,matching_original_identifier_and_class,not_certified_requires_population_and_entity_scope_audit,different_fiscal_unit_classes_cannot_be_summed,7883321.34,7922009.67,1333.22,1368.93,2789267.00,2437207.00,634.57,18.64,5093419.77,5484784.03
08136,08,county_administration,Landratsamt Ostalbkreis,Landratsamt Ostalbkreis,Landkreis,Landkreis,,,320072,317379,STATISTIKPORTAL_INTEGRATED_2023_T1,STATISTIKPORTAL_INTEGRATED_2024_T1,matching_original_identifier_and_class,not_certified_requires_population_and_entity_scope_audit,different_fiscal_unit_classes_cannot_be_summed,246866584.60,307067143.88,771.28,967.51,140523599.00,194903575.00,22073103.84,21646008.62,84269881.76,90517560.26
081360002002,08,municipality,Gemeinde Abtsgmünd,Gemeinde Abtsgmünd,kreisangehörige Gemeinde,kreisangehörige Gemeinde,08136002,08136002,7641,7478,STATISTIKPORTAL_INTEGRATED_2023_T1,STATISTIKPORTAL_INTEGRATED_2024_T1,matching_original_identifier_and_class,not_certified_requires_population_and_entity_scope_audit,different_fiscal_unit_classes_cannot_be_summed,3532482.70,2594691.15,462.31,346.98,1499954.00,463136.00,0.00,0.00,2032528.70,2131555.15
081360027027,08,municipality,Gemeinde Gschwend,Gemeinde Gschwend,kreisangehörige Gemeinde,kreisangehörige Gemeinde,08136027,08136027,4902,4605,STATISTIKPORTAL_INTEGRATED_2023_T1,STATISTIKPORTAL_INTEGRATED_2024_T1,matching_original_identifier_and_class,not_certified_requires_population_and_entity_scope_audit,different_fiscal_unit_classes_cannot_be_summed,1618861.54,5297183.84,330.25,1150.31,800000.00,4505000.00,0.00,0.00,818861.54,792183.84
081360042042,08,municipality,Stadt Lorch,Stadt Lorch,kreisangehörige Gemeinde,kreisangehörige Gemeinde,08136042,08136042,10981,10850,STATISTIKPORTAL_INTEGRATED_2023_T1,STATISTIKPORTAL_INTEGRATED_2024_T1,matching_original_identifier_and_class,not_certified_requires_population_and_entity_scope_audit,different_fiscal_unit_classes_cannot_be_summed,686429.22,2747205.89,62.51,253.20,0.00,2000000.00,108804.95,195517.13,577624.27,551688.76
081360045045,08,municipality,Stadt Neresheim,Stadt Neresheim,kreisangehörige Gemeinde,kreisangehörige Gemeinde,08136045,08136045,8051,7945,STATISTIKPORTAL_INTEGRATED_2023_T1,STATISTIKPORTAL_INTEGRATED_2024_T1,matching_original_identifier_and_class,not_certified_requires_population_and_entity_scope_audit,different_fiscal_unit_classes_cannot_be_summed,10977951.21,11116346.33,1363.55,1399.16,4005125.00,4382353.00,363884.90,336617.19,6608941.31,6397376.14
081360050050,08,municipality,Stadt Oberkochen,Stadt Oberkochen,kreisangehörige Gemeinde,kreisangehörige Gemeinde,08136050,08136050,8097,7822,STATISTIKPORTAL_INTEGRATED_2023_T1,STATISTIKPORTAL_INTEGRATED_2024_T1,matching_original_identifier_and_class,not_certified_requires_population_and_entity_scope_audit,different_fiscal_unit_classes_cannot_be_summed,11107364.59,8408332.34,1371.79,1074.96,0.00,0.00,34439.93,17961.93,11072924.66,8390370.41
081365001021,08,municipality,Gemeinde Essingen,Gemeinde Essingen,kreisangehörige Gemeinde,kreisangehörige Gemeinde,08136021,08136021,6488,6459,STATISTIKPORTAL_INTEGRATED_2023_T1,STATISTIKPORTAL_INTEGRATED_2024_T1,matching_original_identifier_and_class,not_certified_requires_population_and_entity_scope_audit,different_fiscal_unit_classes_cannot_be_summed,9572905.24,9078484.93,1475.48,1405.56,117205.00,2049835.00,365128.00,432171.50,9090572.24,6596478.43
081365001033,08,municipality,Gemeinde Hüttlingen,Gemeinde Hüttlingen,kreisangehörige Gemeinde,kreisangehörige Gemeinde,08136033,08136033,6199,6076,STATISTIKPORTAL_INTEGRATED_2023_T1,STATISTIKPORTAL_INTEGRATED_2024_T1,matching_original_identifier_and_class,not_certified_requires_population_and_entity_scope_audit,different_fiscal_unit_classes_cannot_be_summed,967603.02,800038.43,156.09,131.67,738500.00,586500.00,17427.93,17961.93,211675.09,195576.50
081365001088,08,municipality,Große Kreisstadt Aalen,Große Kreisstadt Aalen,kreisangehörige Gemeinde,kreisangehörige Gemeinde,08136088,08136088,68973,67697,STATISTIKPORTAL_INTEGRATED_2023_T1,STATISTIKPORTAL_INTEGRATED_2024_T1,matching_original_identifier_and_class,not_certified_requires_population_and_entity_scope_audit,different_fiscal_unit_classes_cannot_be_summed,245385886.57,303822097.16,3557.71,4487.97,34598833.00,55493534.00,497028.75,481864.25,210290024.82,247846698.91
081365002010,08,municipality,Stadt Bopfingen,Stadt Bopfingen,kreisangehörige Gemeinde,kreisangehörige Gemeinde,08136010,08136010,11704,11565,STATISTIKPORTAL_INTEGRATED_2023_T1,STATISTIKPORTAL_INTEGRATED_2024_T1,matching_original_identifier_and_class,not_certified_requires_population_and_entity_scope_audit,different_fiscal_unit_classes_cannot_be_summed,11085341.74,12265903.74,947.14,1060.61,3760196.00,3370343.00,78965.43,69848.10,7246180.31,8825712.64
081365002037,08,municipality,Gemeinde Kirchheim am Ries,Gemeinde Kirchheim am Ries,kreisangehörige Gemeinde,kreisangehörige Gemeinde,08136037,08136037,1848,1756,STATISTIKPORTAL_INTEGRATED_2023_T1,STATISTIKPORTAL_INTEGRATED_2024_T1,matching_original_identifier_and_class,not_certified_requires_population_and_entity_scope_audit,different_fiscal_unit_classes_cannot_be_summed,3801247.55,5078257.13,2056.95,2891.95,1918438.00,2728590.00,30832.06,27729.88,1851977.49,2321937.25
081365002087,08,municipality,Gemeinde Riesbürg,Gemeinde Riesbürg,kreisangehörige Gemeinde,kreisangehörige Gemeinde,08136087,08136087,2301,2217,STATISTIKPORTAL_INTEGRATED_2023_T1,STATISTIKPORTAL_INTEGRATED_2024_T1,matching_original_identifier_and_class,not_certified_requires_population_and_entity_scope_audit,different_fiscal_unit_classes_cannot_be_summed,1901459.64,2499822.35,826.36,1127.57,1737215.00,2346544.00,32994.64,29528.35,131250.00,123750.00
081365003003,08,municipality,Gemeinde Adelmannsfelden,Gemeinde Adelmannsfelden,kreisangehörige Gemeinde,kreisangehörige Gemeinde,08136003,08136003,1728,1719,STATISTIKPORTAL_INTEGRATED_2023_T1,STATISTIKPORTAL_INTEGRATED_2024_T1,matching_original_identifier_and_class,not_certified_requires_population_and_entity_scope_audit,different_fiscal_unit_classes_cannot_be_summed,847111.00,1378732.90,490.23,802.06,847111.00,1367399.00,0.00,0.00,0.00,11333.90
081365003018,08,municipality,Gemeinde Ellenberg,Gemeinde Ellenberg,kreisangehörige Gemeinde,kreisangehörige Gemeinde,08136018,08136018,1821,1825,STATISTIKPORTAL_INTEGRATED_2023_T1,STATISTIKPORTAL_INTEGRATED_2024_T1,matching_original_identifier_and_class,not_certified_requires_population_and_entity_scope_audit,different_fiscal_unit_classes_cannot_be_summed,1069464.72,1168987.91,587.30,640.54,584794.00,557700.00,0.00,0.00,484670.72,611287.91
081365003019,08,municipality,Große Kreisstadt Ellwangen (Jagst),Große Kreisstadt Ellwangen (Jagst),kreisangehörige Gemeinde,kreisangehörige Gemeinde,08136019,08136019,25562,24888,STATISTIKPORTAL_INTEGRATED_2023_T1,STATISTIKPORTAL_INTEGRATED_2024_T1,matching_original_identifier_and_class,not_certified_requires_population_and_entity_scope_audit,different_fiscal_unit_classes_cannot_be_summed,61336788.64,83077662.16,2399.53,3338.06,12831253.00,33891641.00,5984270.62,5874238.67,42521265.02,43311782.49
081365003035,08,municipality,Gemeinde Jagstzell,Gemeinde Jagstzell,kreisangehörige Gemeinde,kreisangehörige Gemeinde,08136035,08136035,2356,2363,STATISTIKPORTAL_INTEGRATED_2023_T1,STATISTIKPORTAL_INTEGRATED_2024_T1,matching_original_identifier_and_class,not_certified_requires_population_and_entity_scope_audit,different_fiscal_unit_classes_cannot_be_summed,1173127.03,1248602.87,497.93,528.40,588205.00,523926.00,15497.68,13056.12,569424.35,711620.75
081365003046,08,municipality,Gemeinde Neuler,Gemeinde Neuler,kreisangehörige Gemeinde,kreisangehörige Gemeinde,08136046,08136046,3260,3245,STATISTIKPORTAL_INTEGRATED_2023_T1,STATISTIKPORTAL_INTEGRATED_2024_T1,matching_original_identifier_and_class,not_certified_requires_population_and_entity_scope_audit,different_fiscal_unit_classes_cannot_be_summed,1364348.33,1309851.87,418.51,403.65,1283117.00,1213146.00,5809.31,5987.31,75422.02,90718.56
081365003060,08,municipality,Gemeinde Rosenberg (LKR Ostalbkreis),Gemeinde Rosenberg (LKR Ostalbkreis),kreisangehörige Gemeinde,kreisangehörige Gemeinde,08136060,08136060,2657,2578,STATISTIKPORTAL_INTEGRATED_2023_T1,STATISTIKPORTAL_INTEGRATED_2024_T1,matching_original_identifier_and_class,not_certified_requires_population_and_entity_scope_audit,different_fiscal_unit_classes_cannot_be_summed,203090.45,251008.50,76.44,97.37,0.00,0.00,3202.21,2697.72,199888.24,248310.78
081365003084,08,municipality,Gemeinde Wört,Gemeinde Wört,kreisangehörige Gemeinde,kreisangehörige Gemeinde,08136084,08136084,1550,1507,STATISTIKPORTAL_INTEGRATED_2023_T1,STATISTIKPORTAL_INTEGRATED_2024_T1,matching_original_identifier_and_class,not_certified_requires_population_and_entity_scope_audit,different_fiscal_unit_classes_cannot_be_summed,1484589.83,1872654.83,957.80,1242.64,0.00,0.00,0.00,0.00,1484589.83,1872654.83
081365003089,08,municipality,Gemeinde Rainau,Gemeinde Rainau,kreisangehörige Gemeinde,kreisangehörige Gemeinde,08136089,08136089,3450,3362,STATISTIKPORTAL_INTEGRATED_2023_T1,STATISTIKPORTAL_INTEGRATED_2024_T1,matching_original_identifier_and_class,not_certified_requires_population_and_entity_scope_audit,different_fiscal_unit_classes_cannot_be_summed,1758295.36,2641082.07,509.65,785.57,1596050.00,2464100.00,86823.34,86263.51,75422.02,90718.56
081365004038,08,municipality,Stadt Lauchheim,Stadt Lauchheim,kreisangehörige Gemeinde,kreisangehörige Gemeinde,08136038,08136038,4898,4863,STATISTIKPORTAL_INTEGRATED_2023_T1,STATISTIKPORTAL_INTEGRATED_2024_T1,matching_original_identifier_and_class,not_certified_requires_population_and_entity_scope_audit,different_fiscal_unit_classes_cannot_be_summed,5364148.02,4846815.69,1095.17,996.67,4222916.00,3826850.00,48542.09,43672.80,1092689.93,976292.89
081365004082,08,municipality,Gemeinde Westhausen,Gemeinde Westhausen,kreisangehörige Gemeinde,kreisangehörige Gemeinde,08136082,08136082,6218,6181,STATISTIKPORTAL_INTEGRATED_2023_T1,STATISTIKPORTAL_INTEGRATED_2024_T1,matching_original_identifier_and_class,not_certified_requires_population_and_entity_scope_audit,different_fiscal_unit_classes_cannot_be_summed,4309190.47,5543562.12,693.02,896.87,3257819.00,4514252.00,35595.36,35453.64,1015776.11,993856.48
081365005020,08,municipality,Gemeinde Eschach,Gemeinde Eschach,kreisangehörige Gemeinde,kreisangehörige Gemeinde,08136020,08136020,1939,1904,STATISTIKPORTAL_INTEGRATED_2023_T1,STATISTIKPORTAL_INTEGRATED_2024_T1,matching_original_identifier_and_class,not_certified_requires_population_and_entity_scope_audit,different_fiscal_unit_classes_cannot_be_summed,2406687.66,2444404.37,1241.20,1283.83,1968806.00,1850000.00,0.00,0.00,437881.66,594404.37
081365005024,08,municipality,Gemeinde Göggingen,Gemeinde Göggingen,kreisangehörige Gemeinde,kreisangehörige Gemeinde,08136024,08136024,2570,2556,STATISTIKPORTAL_INTEGRATED_2023_T1,STATISTIKPORTAL_INTEGRATED_2024_T1,matching_original_identifier_and_class,not_certified_requires_population_and_entity_scope_audit,different_fiscal_unit_classes_cannot_be_summed,131378.92,121336.91,51.12,47.47,29280.00,23920.00,0.00,0.00,102098.92,97416.91
081365005034,08,municipality,Gemeinde Iggingen,Gemeinde Iggingen,kreisangehörige Gemeinde,kreisangehörige Gemeinde,08136034,08136034,2635,2609,STATISTIKPORTAL_INTEGRATED_2023_T1,STATISTIKPORTAL_INTEGRATED_2024_T1,matching_original_identifier_and_class,not_certified_requires_population_and_entity_scope_audit,different_fiscal_unit_classes_cannot_be_summed,142977.48,141366.94,54.26,54.18,0.00,0.00,0.00,0.00,142977.48,141366.94
081365005040,08,municipality,Gemeinde Leinzell,Gemeinde Leinzell,kreisangehörige Gemeinde,kreisangehörige Gemeinde,08136040,08136040,2056,2034,STATISTIKPORTAL_INTEGRATED_2023_T1,STATISTIKPORTAL_INTEGRATED_2024_T1,matching_original_identifier_and_class,not_certified_requires_population_and_entity_scope_audit,different_fiscal_unit_classes_cannot_be_summed,3120147.50,2856910.00,1517.58,1404.58,2835830.00,2636640.00,0.00,0.00,284317.50,220270.00
081365005049,08,municipality,Gemeinde Obergröningen,Gemeinde Obergröningen,kreisangehörige Gemeinde,kreisangehörige Gemeinde,08136049,08136049,435,432,STATISTIKPORTAL_INTEGRATED_2023_T1,STATISTIKPORTAL_INTEGRATED_2024_T1,matching_original_identifier_and_class,not_certified_requires_population_and_entity_scope_audit,different_fiscal_unit_classes_cannot_be_summed,312065.67,320972.95,717.39,742.99,243750.00,221125.00,0.00,0.00,68315.67,99847.95
081365005062,08,municipality,Gemeinde Schechingen,Gemeinde Schechingen,kreisangehörige Gemeinde,kreisangehörige Gemeinde,08136062,08136062,2238,2235,STATISTIKPORTAL_INTEGRATED_2023_T1,STATISTIKPORTAL_INTEGRATED_2024_T1,matching_original_identifier_and_class,not_certified_requires_population_and_entity_scope_audit,different_fiscal_unit_classes_cannot_be_summed,521198.92,2564166.91,232.89,1147.28,419100.00,2466750.00,0.00,0.00,102098.92,97416.91
081365006007,08,municipality,Gemeinde Bartholomä,Gemeinde Bartholomä,kreisangehörige Gemeinde,kreisangehörige Gemeinde,08136007,08136007,2097,2038,STATISTIKPORTAL_INTEGRATED_2023_T1,STATISTIKPORTAL_INTEGRATED_2024_T1,matching_original_identifier_and_class,not_certified_requires_population_and_entity_scope_audit,different_fiscal_unit_classes_cannot_be_summed,1708426.98,1679804.51,814.70,824.24,69906.00,60200.00,0.00,0.00,1638520.98,1619604.51
081365006009,08,municipality,Gemeinde Böbingen an der Rems,Gemeinde Böbingen an der Rems,kreisangehörige Gemeinde,kreisangehörige Gemeinde,08136009,08136009,4695,4570,STATISTIKPORTAL_INTEGRATED_2023_T1,STATISTIKPORTAL_INTEGRATED_2024_T1,matching_original_identifier_and_class,not_certified_requires_population_and_entity_scope_audit,different_fiscal_unit_classes_cannot_be_summed,532723.23,511464.38,113.47,111.92,0.00,0.00,0.00,0.00,532723.23,511464.38
081365006028,08,municipality,Stadt Heubach,Stadt Heubach,kreisangehörige Gemeinde,kreisangehörige Gemeinde,08136028,08136028,10094,10153,STATISTIKPORTAL_INTEGRATED_2023_T1,STATISTIKPORTAL_INTEGRATED_2024_T1,matching_original_identifier_and_class,not_certified_requires_population_and_entity_scope_audit,different_fiscal_unit_classes_cannot_be_summed,9894785.35,9030780.50,980.26,889.47,5114653.00,5510316.00,0.00,0.00,4780132.35,3520464.50
081365006029,08,municipality,Gemeinde Heuchlingen,Gemeinde Heuchlingen,kreisangehörige Gemeinde,kreisangehörige Gemeinde,08136029,08136029,1859,1839,STATISTIKPORTAL_INTEGRATED_2023_T1,STATISTIKPORTAL_INTEGRATED_2024_T1,matching_original_identifier_and_class,not_certified_requires_population_and_entity_scope_audit,different_fiscal_unit_classes_cannot_be_summed,779694.64,770385.37,419.42,418.92,660001.00,633335.00,0.00,0.00,119693.64,137050.37
081365006043,08,municipality,Gemeinde Mögglingen,Gemeinde Mögglingen,kreisangehörige Gemeinde,kreisangehörige Gemeinde,08136043,08136043,4334,4330,STATISTIKPORTAL_INTEGRATED_2023_T1,STATISTIKPORTAL_INTEGRATED_2024_T1,matching_original_identifier_and_class,not_certified_requires_population_and_entity_scope_audit,different_fiscal_unit_classes_cannot_be_summed,1927577.67,1905463.34,444.76,440.06,1108364.00,1043208.00,13332.00,99990.00,805881.67,762265.34
081365007065,08,municipality,Große Kreisstadt Schwäbisch Gmünd,Große Kreisstadt Schwäbisch Gmünd,kreisangehörige Gemeinde,kreisangehörige Gemeinde,08136065,08136065,62467,64237,STATISTIKPORTAL_INTEGRATED_2023_T1,STATISTIKPORTAL_INTEGRATED_2024_T1,matching_original_identifier_and_class,not_certified_requires_population_and_entity_scope_audit,different_fiscal_unit_classes_cannot_be_summed,241290738.55,244268336.29,3862.69,3802.61,64886887.00,73051772.00,6415010.00,6062600.00,169988841.55,165153964.29
081365007079,08,municipality,Gemeinde Waldstetten,Gemeinde Waldstetten,kreisangehörige Gemeinde,kreisangehörige Gemeinde,08136079,08136079,7223,7065,STATISTIKPORTAL_INTEGRATED_2023_T1,STATISTIKPORTAL_INTEGRATED_2024_T1,matching_original_identifier_and_class,not_certified_requires_population_and_entity_scope_audit,different_fiscal_unit_classes_cannot_be_summed,7822410.53,6386421.63,1082.99,903.95,6550164.00,4705902.00,0.00,0.00,1272246.53,1680519.63
081365008015,08,municipality,Gemeinde Durlangen,Gemeinde Durlangen,kreisangehörige Gemeinde,kreisangehörige Gemeinde,08136015,08136015,2815,2748,STATISTIKPORTAL_INTEGRATED_2023_T1,STATISTIKPORTAL_INTEGRATED_2024_T1,matching_original_identifier_and_class,not_certified_requires_population_and_entity_scope_audit,different_fiscal_unit_classes_cannot_be_summed,2212332.66,2098703.94,785.91,763.72,1677181.00,1583433.00,3170.40,1818.20,531981.26,513452.74
081365008044,08,municipality,Gemeinde Mutlangen,Gemeinde Mutlangen,kreisangehörige Gemeinde,kreisangehörige Gemeinde,08136044,08136044,6882,6786,STATISTIKPORTAL_INTEGRATED_2023_T1,STATISTIKPORTAL_INTEGRATED_2024_T1,matching_original_identifier_and_class,not_certified_requires_population_and_entity_scope_audit,different_fiscal_unit_classes_cannot_be_summed,6961266.78,8020097.97,1011.52,1181.86,6576750.00,7641229.00,3170.40,1818.20,381346.38,377050.77
081365008061,08,municipality,Gemeinde Ruppertshofen,Gemeinde Ruppertshofen,kreisangehörige Gemeinde,kreisangehörige Gemeinde,08136061,08136061,1934,1927,STATISTIKPORTAL_INTEGRATED_2023_T1,STATISTIKPORTAL_INTEGRATED_2024_T1,matching_original_identifier_and_class,not_certified_requires_population_and_entity_scope_audit,different_fiscal_unit_classes_cannot_be_summed,2694031.31,2149392.13,1392.98,1115.41,1899193.00,1739215.00,3170.40,1818.20,791667.91,408358.93
081365008066,08,municipality,Gemeinde Spraitbach,Gemeinde Spraitbach,kreisangehörige Gemeinde,kreisangehörige Gemeinde,08136066,08136066,3395,3341,STATISTIKPORTAL_INTEGRATED_2023_T1,STATISTIKPORTAL_INTEGRATED_2024_T1,matching_original_identifier_and_class,not_certified_requires_population_and_entity_scope_audit,different_fiscal_unit_classes_cannot_be_summed,976763.66,888579.94,287.71,265.96,441612.00,373309.00,3170.40,1818.20,531981.26,513452.74
081365008070,08,municipality,Gemeinde Täferrot,Gemeinde Täferrot,kreisangehörige Gemeinde,kreisangehörige Gemeinde,08136070,08136070,1033,1013,STATISTIKPORTAL_INTEGRATED_2023_T1,STATISTIKPORTAL_INTEGRATED_2024_T1,matching_original_identifier_and_class,not_certified_requires_population_and_entity_scope_audit,different_fiscal_unit_classes_cannot_be_summed,1036254.06,692101.06,1003.15,683.22,490164.00,418113.00,3170.40,1818.20,542919.66,272169.86
081365009068,08,municipality,Gemeinde Stödtlen,Gemeinde Stödtlen,kreisangehörige Gemeinde,kreisangehörige Gemeinde,08136068,08136068,1864,1837,STATISTIKPORTAL_INTEGRATED_2023_T1,STATISTIKPORTAL_INTEGRATED_2024_T1,matching_original_identifier_and_class,not_certified_requires_population_and_entity_scope_audit,different_fiscal_unit_classes_cannot_be_summed,3057604.75,4433092.55,1640.35,2413.22,1179121.00,2075689.00,26506.26,24132.40,1851977.49,2333271.15
081365009071,08,municipality,Gemeinde Tannhausen,Gemeinde Tannhausen,kreisangehörige Gemeinde,kreisangehörige Gemeinde,08136071,08136071,1834,1789,STATISTIKPORTAL_INTEGRATED_2023_T1,STATISTIKPORTAL_INTEGRATED_2024_T1,matching_original_identifier_and_class,not_certified_requires_population_and_entity_scope_audit,different_fiscal_unit_classes_cannot_be_summed,2187608.75,2602323.55,1192.81,1454.62,309125.00,244920.00,26506.26,24132.40,1851977.49,2333271.15
081365009075,08,municipality,Gemeinde Unterschneidheim,Gemeinde Unterschneidheim,kreisangehörige Gemeinde,kreisangehörige Gemeinde,08136075,08136075,4988,4935,STATISTIKPORTAL_INTEGRATED_2023_T1,STATISTIKPORTAL_INTEGRATED_2024_T1,matching_original_identifier_and_class,not_certified_requires_population_and_entity_scope_audit,different_fiscal_unit_classes_cannot_be_summed,4096143.09,5017950.72,821.20,1016.81,1078808.00,1253787.00,54600.79,49602.86,2962734.30,3714560.86
082110000000,08,municipality,"Stadt Baden-Baden, Stadtkreis","Stadt Baden-Baden, Stadtkreis",Stadtkreis,Stadtkreis,08211000,08211000,57322,56738,STATISTIKPORTAL_INTEGRATED_2023_T1,STATISTIKPORTAL_INTEGRATED_2024_T1,matching_original_identifier_and_class,not_certified_requires_population_and_entity_scope_audit,different_fiscal_unit_classes_cannot_be_summed,324631766.08,366590676.05,5663.30,6461.11,25003517.00,50752929.00,10871680.15,10869191.00,288756568.93,304968556.05
082120000000,08,municipality,"Stadt Karlsruhe, Stadtkreis","Stadt Karlsruhe, Stadtkreis",Stadtkreis,Stadtkreis,08212000,08212000,308714,308176,STATISTIKPORTAL_INTEGRATED_2023_T1,STATISTIKPORTAL_INTEGRATED_2024_T1,matching_original_identifier_and_class,not_certified_requires_population_and_entity_scope_audit,different_fiscal_unit_classes_cannot_be_summed,3362769099.08,3462899110.62,10892.83,11236.76,602898364.00,687230058.00,1129092554.07,1079664162.75,1630778181.01,1696004889.87
08215,08,county_administration,Landratsamt Karlsruhe,Landratsamt Karlsruhe,Landkreis,Landkreis,,,455511,455791,STATISTIKPORTAL_INTEGRATED_2023_T1,STATISTIKPORTAL_INTEGRATED_2024_T1,matching_original_identifier_and_class,not_certified_requires_population_and_entity_scope_audit,different_fiscal_unit_classes_cannot_be_summed,182187456.13,271880838.17,399.96,596.50,105622434.00,183134507.00,6948847.00,7168288.40,69616175.13,81578042.77
082150017017,08,municipality,Große Kreisstadt Ettlingen,Große Kreisstadt Ettlingen,kreisangehörige Gemeinde,kreisangehörige Gemeinde,08215017,08215017,39725,38611,STATISTIKPORTAL_INTEGRATED_2023_T1,STATISTIKPORTAL_INTEGRATED_2024_T1,matching_original_identifier_and_class,not_certified_requires_population_and_entity_scope_audit,different_fiscal_unit_classes_cannot_be_summed,149094156.62,169063000.13,3753.16,4378.62,6030873.00,11747817.00,71842.37,72269.76,142991441.25,157242913.37
082150046046,08,municipality,Gemeinde Malsch (LKR Karlsruhe),Gemeinde Malsch (LKR Karlsruhe),kreisangehörige Gemeinde,kreisangehörige Gemeinde,08215046,08215046,15015,14951,STATISTIKPORTAL_INTEGRATED_2023_T1,STATISTIKPORTAL_INTEGRATED_2024_T1,matching_original_identifier_and_class,not_certified_requires_population_and_entity_scope_audit,different_fiscal_unit_classes_cannot_be_summed,19685553.49,20974379.80,1311.06,1402.87,8752361.00,7986849.00,70600.24,70999.42,10862592.25,12916531.38
082150047047,08,municipality,Gemeinde Marxzell,Gemeinde Marxzell,kreisangehörige Gemeinde,kreisangehörige Gemeinde,08215047,08215047,5014,5060,STATISTIKPORTAL_INTEGRATED_2023_T1,STATISTIKPORTAL_INTEGRATED_2024_T1,matching_original_identifier_and_class,not_certified_requires_population_and_entity_scope_audit,different_fiscal_unit_classes_cannot_be_summed,8651822.24,8551721.05,1725.53,1690.06,2876429.00,2646521.00,70515.65,70794.43,5704877.59,5834405.62
082150064064,08,municipality,Stadt Östringen,Stadt Östringen,kreisangehörige Gemeinde,kreisangehörige Gemeinde,08215064,08215064,13276,13461,STATISTIKPORTAL_INTEGRATED_2023_T1,STATISTIKPORTAL_INTEGRATED_2024_T1,matching_original_identifier_and_class,not_certified_requires_population_and_entity_scope_audit,different_fiscal_unit_classes_cannot_be_summed,40041733.68,41074218.38,3016.10,3051.35,15674368.00,17134011.00,1764532.29,2048455.97,22602833.39,21891751.41
082150084084,08,municipality,Gemeinde Ubstadt-Weiher,Gemeinde Ubstadt-Weiher,kreisangehörige Gemeinde,kreisangehörige Gemeinde,08215084,08215084,13379,13205,STATISTIKPORTAL_INTEGRATED_2023_T1,STATISTIKPORTAL_INTEGRATED_2024_T1,matching_original_identifier_and_class,not_certified_requires_population_and_entity_scope_audit,different_fiscal_unit_classes_cannot_be_summed,26877046.99,26848910.12,2008.90,2033.24,6818046.00,6648314.00,2819216.14,2602243.18,17239784.85,17598352.94
082150089089,08,municipality,Gemeinde Walzbachtal,Gemeinde Walzbachtal,kreisangehörige Gemeinde,kreisangehörige Gemeinde,08215089,08215089,9899,9938,STATISTIKPORTAL_INTEGRATED_2023_T1,STATISTIKPORTAL_INTEGRATED_2024_T1,matching_original_identifier_and_class,not_certified_requires_population_and_entity_scope_audit,different_fiscal_unit_classes_cannot_be_summed,19228844.39,25843495.92,1942.50,2600.47,9914799.00,12814553.00,49794.14,51589.18,9264251.25,12977353.74
082150090090,08,municipality,Gemeinde Weingarten (Baden),Gemeinde Weingarten (Baden),kreisangehörige Gemeinde,kreisangehörige Gemeinde,08215090,08215090,10543,10403,STATISTIKPORTAL_INTEGRATED_2023_T1,STATISTIKPORTAL_INTEGRATED_2024_T1,matching_original_identifier_and_class,not_certified_requires_population_and_entity_scope_audit,different_fiscal_unit_classes_cannot_be_summed,52078128.30,50638147.52,4939.59,4867.65,23472538.00,22712638.00,70345.54,70605.26,28535244.76,27854904.26
082150096096,08,municipality,Gemeinde Karlsbad,Gemeinde Karlsbad,kreisangehörige Gemeinde,kreisangehörige Gemeinde,08215096,08215096,16096,16089,STATISTIKPORTAL_INTEGRATED_2023_T1,STATISTIKPORTAL_INTEGRATED_2024_T1,matching_original_identifier_and_class,not_certified_requires_population_and_entity_scope_audit,different_fiscal_unit_classes_cannot_be_summed,9009475.93,9876756.73,559.73,613.88,3330833.00,3097833.00,70786.04,71095.11,5607856.89,6707828.62
082150097097,08,municipality,Stadt Kraichtal,Stadt Kraichtal,kreisangehörige Gemeinde,kreisangehörige Gemeinde,08215097,08215097,14659,14667,STATISTIKPORTAL_INTEGRATED_2023_T1,STATISTIKPORTAL_INTEGRATED_2024_T1,matching_original_identifier_and_class,not_certified_requires_population_and_entity_scope_audit,different_fiscal_unit_classes_cannot_be_summed,24489736.15,22210414.17,1670.63,1514.31,8141054.00,7844936.00,435646.77,49372.95,15913035.38,14316105.22
082150101101,08,municipality,Gemeinde Pfinztal,Gemeinde Pfinztal,kreisangehörige Gemeinde,kreisangehörige Gemeinde,08215101,08215101,18795,18198,STATISTIKPORTAL_INTEGRATED_2023_T1,STATISTIKPORTAL_INTEGRATED_2024_T1,matching_original_identifier_and_class,not_certified_requires_population_and_entity_scope_audit,different_fiscal_unit_classes_cannot_be_summed,62114721.43,68372356.72,3304.85,3757.14,24211230.00,31568250.00,70408.55,70681.01,37833082.88,36733425.71
082150102102,08,municipality,Gemeinde Eggenstein-Leopoldshafen,Gemeinde Eggenstein-Leopoldshafen,kreisangehörige Gemeinde,kreisangehörige Gemeinde,08215102,08215102,16802,16839,STATISTIKPORTAL_INTEGRATED_2023_T1,STATISTIKPORTAL_INTEGRATED_2024_T1,matching_original_identifier_and_class,not_certified_requires_population_and_entity_scope_audit,different_fiscal_unit_classes_cannot_be_summed,23238763.30,27821974.52,1383.10,1652.23,1499982.00,1431014.00,70345.54,70605.26,21668435.76,26320355.26
082150105105,08,municipality,Gemeinde Linkenheim-Hochstetten,Gemeinde Linkenheim-Hochstetten,kreisangehörige Gemeinde,kreisangehörige Gemeinde,08215105,08215105,12198,12464,STATISTIKPORTAL_INTEGRATED_2023_T1,STATISTIKPORTAL_INTEGRATED_2024_T1,matching_original_identifier_and_class,not_certified_requires_population_and_entity_scope_audit,different_fiscal_unit_classes_cannot_be_summed,2946185.30,3008715.52,241.53,241.39,0.00,0.00,70345.54,70605.26,2875839.76,2938110.26
082150106106,08,municipality,Große Kreisstadt Waghäusel,Große Kreisstadt Waghäusel,kreisangehörige Gemeinde,kreisangehörige Gemeinde,08215106,08215106,21571,22381,STATISTIKPORTAL_INTEGRATED_2023_T1,STATISTIKPORTAL_INTEGRATED_2024_T1,matching_original_identifier_and_class,not_certified_requires_population_and_entity_scope_audit,different_fiscal_unit_classes_cannot_be_summed,49675960.80,59372144.90,2302.90,2652.79,30819068.00,41150387.00,97324.91,100833.39,18759567.89,18120924.51
082150108108,08,municipality,Große Kreisstadt Rheinstetten,Große Kreisstadt Rheinstetten,kreisangehörige Gemeinde,kreisangehörige Gemeinde,08215108,08215108,20634,21181,STATISTIKPORTAL_INTEGRATED_2023_T1,STATISTIKPORTAL_INTEGRATED_2024_T1,matching_original_identifier_and_class,not_certified_requires_population_and_entity_scope_audit,different_fiscal_unit_classes_cannot_be_summed,18273683.30,17343157.52,885.61,818.81,12582228.00,11796199.00,70345.54,70605.26,5621109.76,5476353.26
082150109109,08,municipality,Große Kreisstadt Stutensee,Große Kreisstadt Stutensee,kreisangehörige Gemeinde,kreisangehörige Gemeinde,08215109,08215109,25286,25162,STATISTIKPORTAL_INTEGRATED_2023_T1,STATISTIKPORTAL_INTEGRATED_2024_T1,matching_original_identifier_and_class,not_certified_requires_population_and_entity_scope_audit,different_fiscal_unit_classes_cannot_be_summed,30183485.24,30426680.35,1193.68,1209.23,3384864.00,2830621.00,70345.54,70605.26,26728275.70,27525454.09
082150110110,08,municipality,Gemeinde Waldbronn,Gemeinde Waldbronn,kreisangehörige Gemeinde,kreisangehörige Gemeinde,08215110,08215110,13318,13746,STATISTIKPORTAL_INTEGRATED_2023_T1,STATISTIKPORTAL_INTEGRATED_2024_T1,matching_original_identifier_and_class,not_certified_requires_population_and_entity_scope_audit,different_fiscal_unit_classes_cannot_be_summed,25913834.59,28015672.48,1945.78,2038.10,12638680.00,15090413.00,70688.61,70986.76,13204465.98,12854272.72
082155001039,08,municipality,Gemeinde Kronau,Gemeinde Kronau,kreisangehörige Gemeinde,kreisangehörige Gemeinde,08215039,08215039,5971,5959,STATISTIKPORTAL_INTEGRATED_2023_T1,STATISTIKPORTAL_INTEGRATED_2024_T1,matching_original_identifier_and_class,not_certified_requires_population_and_entity_scope_audit,different_fiscal_unit_classes_cannot_be_summed,4103587.22,4407475.35,687.25,739.63,146176.00,111006.00,1393534.46,1616189.68,2563876.76,2680279.67
082155001100,08,municipality,Gemeinde Bad Schönborn,Gemeinde Bad Schönborn,kreisangehörige Gemeinde,kreisangehörige Gemeinde,08215100,08215100,13340,13526,STATISTIKPORTAL_INTEGRATED_2023_T1,STATISTIKPORTAL_INTEGRATED_2024_T1,matching_original_identifier_and_class,not_certified_requires_population_and_entity_scope_audit,different_fiscal_unit_classes_cannot_be_summed,23985903.36,24056323.83,1798.04,1778.52,7266599.00,7017655.00,3472857.74,3934964.18,13246446.62,13103704.65
082155002007,08,municipality,Große Kreisstadt Bretten,Große Kreisstadt Bretten,kreisangehörige Gemeinde,kreisangehörige Gemeinde,08215007,08215007,29998,30202,STATISTIKPORTAL_INTEGRATED_2023_T1,STATISTIKPORTAL_INTEGRATED_2024_T1,matching_original_identifier_and_class,not_certified_requires_population_and_entity_scope_audit,different_fiscal_unit_classes_cannot_be_summed,158624128.45,150944259.46,5287.82,4997.82,20805031.00,19432129.00,37621186.57,152422.57,100197910.88,131359707.89
082155002025,08,municipality,Gemeinde Gondelsheim,Gemeinde Gondelsheim,kreisangehörige Gemeinde,kreisangehörige Gemeinde,08215025,08215025,4159,4129,STATISTIKPORTAL_INTEGRATED_2023_T1,STATISTIKPORTAL_INTEGRATED_2024_T1,matching_original_identifier_and_class,not_certified_requires_population_and_entity_scope_audit,different_fiscal_unit_classes_cannot_be_summed,11760617.71,9229232.66,2827.75,2235.22,3549461.00,4040924.00,6294769.46,51589.18,1916387.25,5136719.48
082155003009,08,municipality,Große Kreisstadt Bruchsal,Große Kreisstadt Bruchsal,kreisangehörige Gemeinde,kreisangehörige Gemeinde,08215009,08215009,46830,47685,STATISTIKPORTAL_INTEGRATED_2023_T1,STATISTIKPORTAL_INTEGRATED_2024_T1,matching_original_identifier_and_class,not_certified_requires_population_and_entity_scope_audit,different_fiscal_unit_classes_cannot_be_summed,167487261.45,167857574.03,3576.50,3520.13,25632330.00,24147847.00,7918652.71,1027156.50,133936278.74,142682570.53
082155003021,08,municipality,Gemeinde Forst,Gemeinde Forst,kreisangehörige Gemeinde,kreisangehörige Gemeinde,08215021,08215021,8138,8097,STATISTIKPORTAL_INTEGRATED_2023_T1,STATISTIKPORTAL_INTEGRATED_2024_T1,matching_original_identifier_and_class,not_certified_requires_population_and_entity_scope_audit,different_fiscal_unit_classes_cannot_be_summed,8305515.79,8109096.72,1020.58,1001.49,1843402.00,1774573.00,49794.14,51589.18,6412319.65,6282934.54
082155003029,08,municipality,Gemeinde Hambrücken,Gemeinde Hambrücken,kreisangehörige Gemeinde,kreisangehörige Gemeinde,08215029,08215029,5600,5558,STATISTIKPORTAL_INTEGRATED_2023_T1,STATISTIKPORTAL_INTEGRATED_2024_T1,matching_original_identifier_and_class,not_certified_requires_population_and_entity_scope_audit,different_fiscal_unit_classes_cannot_be_summed,11430597.53,10997334.02,2041.18,1978.65,1957240.00,1839976.00,49794.14,51589.18,9423563.39,9105768.84
082155003103,08,municipality,Gemeinde Karlsdorf-Neuthard,Gemeinde Karlsdorf-Neuthard,kreisangehörige Gemeinde,kreisangehörige Gemeinde,08215103,08215103,10910,10687,STATISTIKPORTAL_INTEGRATED_2023_T1,STATISTIKPORTAL_INTEGRATED_2024_T1,matching_original_identifier_and_class,not_certified_requires_population_and_entity_scope_audit,different_fiscal_unit_classes_cannot_be_summed,21114018.28,26470627.76,1935.29,2476.90,5133322.00,10889221.00,49794.14,51622.87,15930902.14,15529783.89
082155004099,08,municipality,Gemeinde Graben-Neudorf,Gemeinde Graben-Neudorf,kreisangehörige Gemeinde,kreisangehörige Gemeinde,08215099,08215099,12642,12430,STATISTIKPORTAL_INTEGRATED_2023_T1,STATISTIKPORTAL_INTEGRATED_2024_T1,matching_original_identifier_and_class,not_certified_requires_population_and_entity_scope_audit,different_fiscal_unit_classes_cannot_be_summed,8294320.30,9480946.52,656.09,762.75,309880.00,284056.00,70345.54,70605.26,7914094.76,9126285.26
082155004111,08,municipality,Gemeinde Dettenheim,Gemeinde Dettenheim,kreisangehörige Gemeinde,kreisangehörige Gemeinde,08215111,08215111,6809,6757,STATISTIKPORTAL_INTEGRATED_2023_T1,STATISTIKPORTAL_INTEGRATED_2024_T1,matching_original_identifier_and_class,not_certified_requires_population_and_entity_scope_audit,different_fiscal_unit_classes_cannot_be_summed,5704293.86,5650835.67,837.76,836.29,2002882.00,2002882.00,70345.54,70716.94,3631066.32,3577236.73
082155005040,08,municipality,Gemeinde Kürnbach,Gemeinde Kürnbach,kreisangehörige Gemeinde,kreisangehörige Gemeinde,08215040,08215040,2355,2383,STATISTIKPORTAL_INTEGRATED_2023_T1,STATISTIKPORTAL_INTEGRATED_2024_T1,matching_original_identifier_and_class,not_certified_requires_population_and_entity_scope_audit,different_fiscal_unit_classes_cannot_be_summed,4781028.92,4570800.28,2030.16,1918.09,1476811.00,1374608.00,49794.14,51589.18,3254423.78,3144603.10
082155005059,08,municipality,Stadt Oberderdingen,Stadt Oberderdingen,kreisangehörige Gemeinde,kreisangehörige Gemeinde,08215059,08215059,11941,11787,STATISTIKPORTAL_INTEGRATED_2023_T1,STATISTIKPORTAL_INTEGRATED_2024_T1,matching_original_identifier_and_class,not_certified_requires_population_and_entity_scope_audit,different_fiscal_unit_classes_cannot_be_summed,74305740.83,81745622.40,6222.74,6935.24,15392480.00,16835158.00,6294769.46,51589.18,52618491.37,64858875.22
082155006066,08,municipality,Stadt Philippsburg,Stadt Philippsburg,kreisangehörige Gemeinde,kreisangehörige Gemeinde,08215066,08215066,13874,13707,STATISTIKPORTAL_INTEGRATED_2023_T1,STATISTIKPORTAL_INTEGRATED_2024_T1,matching_original_identifier_and_class,not_certified_requires_population_and_entity_scope_audit,different_fiscal_unit_classes_cannot_be_summed,3194885.30,3195215.52,230.28,233.11,0.00,0.00,70345.54,70605.26,3124539.76,3124610.26
082155006107,08,municipality,Gemeinde Oberhausen-Rheinhausen,Gemeinde Oberhausen-Rheinhausen,kreisangehörige Gemeinde,kreisangehörige Gemeinde,08215107,08215107,9677,9576,STATISTIKPORTAL_INTEGRATED_2023_T1,STATISTIKPORTAL_INTEGRATED_2024_T1,matching_original_identifier_and_class,not_certified_requires_population_and_entity_scope_audit,different_fiscal_unit_classes_cannot_be_summed,8116805.81,9494624.15,838.77,991.50,0.00,1900000.00,619122.81,551866.15,7497683.00,7042758.00
082155007082,08,municipality,Gemeinde Sulzfeld,Gemeinde Sulzfeld,kreisangehörige Gemeinde,kreisangehörige Gemeinde,08215082,08215082,5174,5118,STATISTIKPORTAL_INTEGRATED_2023_T1,STATISTIKPORTAL_INTEGRATED_2024_T1,matching_original_identifier_and_class,not_certified_requires_population_and_entity_scope_audit,different_fiscal_unit_classes_cannot_be_summed,14544321.60,14070151.61,2811.04,2749.15,7604431.00,7598713.00,49794.14,51589.18,6890096.46,6419849.43
082155007094,08,municipality,Gemeinde Zaisenhausen,Gemeinde Zaisenhausen,kreisangehörige Gemeinde,kreisangehörige Gemeinde,08215094,08215094,1883,1834,STATISTIKPORTAL_INTEGRATED_2023_T1,STATISTIKPORTAL_INTEGRATED_2024_T1,matching_original_identifier_and_class,not_certified_requires_population_and_entity_scope_audit,different_fiscal_unit_classes_cannot_be_summed,7774611.34,9508544.62,4128.84,5184.59,5005365.00,6795135.00,47530.77,49244.22,2721715.57,2664165.40
08216,08,county_administration,Landratsamt Rastatt,Landratsamt Rastatt,Landkreis,Landkreis,,,235571,231174,STATISTIKPORTAL_INTEGRATED_2023_T1,STATISTIKPORTAL_INTEGRATED_2024_T1,matching_original_identifier_and_class,not_certified_requires_population_and_entity_scope_audit,different_fiscal_unit_classes_cannot_be_summed,49976052.22,53433148.05,212.15,231.14,29419910.00,33980567.00,0.00,0.00,20556142.22,19452581.05
082160008008,08,municipality,Gemeinde Bühlertal,Gemeinde Bühlertal,kreisangehörige Gemeinde,kreisangehörige Gemeinde,08216008,08216008,8115,7818,STATISTIKPORTAL_INTEGRATED_2023_T1,STATISTIKPORTAL_INTEGRATED_2024_T1,matching_original_identifier_and_class,not_certified_requires_population_and_entity_scope_audit,different_fiscal_unit_classes_cannot_be_summed,7506055.53,7528016.36,924.96,962.91,2579312.00,2795093.00,15628.03,16191.40,4911115.50,4716731.96
082160013013,08,municipality,Gemeinde Forbach,Gemeinde Forbach,kreisangehörige Gemeinde,kreisangehörige Gemeinde,08216013,08216013,4666,4494,STATISTIKPORTAL_INTEGRATED_2023_T1,STATISTIKPORTAL_INTEGRATED_2024_T1,matching_original_identifier_and_class,not_certified_requires_population_and_entity_scope_audit,different_fiscal_unit_classes_cannot_be_summed,9196377.67,10746953.24,1970.93,2391.40,2322965.00,2598077.00,116236.15,113506.99,6757176.52,8035369.25
082160015015,08,municipality,Große Kreisstadt Gaggenau,Große Kreisstadt Gaggenau,kreisangehörige Gemeinde,kreisangehörige Gemeinde,08216015,08216015,30293,29702,STATISTIKPORTAL_INTEGRATED_2023_T1,STATISTIKPORTAL_INTEGRATED_2024_T1,matching_original_identifier_and_class,not_certified_requires_population_and_entity_scope_audit,different_fiscal_unit_classes_cannot_be_summed,33602409.60,42152769.11,1109.25,1419.19,825999.00,792853.00,523205.18,535113.24,32253205.42,40824802.87
082165001006,08,municipality,Gemeinde Bischweier,Gemeinde Bischweier,kreisangehörige Gemeinde,kreisangehörige Gemeinde,08216006,08216006,2970,2953,STATISTIKPORTAL_INTEGRATED_2023_T1,STATISTIKPORTAL_INTEGRATED_2024_T1,matching_original_identifier_and_class,not_certified_requires_population_and_entity_scope_audit,different_fiscal_unit_classes_cannot_be_summed,8825829.78,9496330.06,2971.66,3215.82,678090.00,604778.00,201171.35,208423.41,7946568.43,8683128.65
082165001024,08,municipality,Stadt Kuppenheim,Stadt Kuppenheim,kreisangehörige Gemeinde,kreisangehörige Gemeinde,08216024,08216024,8490,8211,STATISTIKPORTAL_INTEGRATED_2023_T1,STATISTIKPORTAL_INTEGRATED_2024_T1,matching_original_identifier_and_class,not_certified_requires_population_and_entity_scope_audit,different_fiscal_unit_classes_cannot_be_summed,21665222.44,22637803.76,2551.85,2757.01,1709084.00,739590.00,2530495.71,2434778.93,17425642.73,19463434.83
082165002007,08,municipality,Große Kreisstadt Bühl,Große Kreisstadt Bühl,kreisangehörige Gemeinde,kreisangehörige Gemeinde,08216007,08216007,29129,28836,STATISTIKPORTAL_INTEGRATED_2023_T1,STATISTIKPORTAL_INTEGRATED_2024_T1,matching_original_identifier_and_class,not_certified_requires_population_and_entity_scope_audit,different_fiscal_unit_classes_cannot_be_summed,85547820.69,84864503.76,2936.86,2943.01,11394785.00,10626703.00,21908294.59,24471881.73,52244741.10,49765919.03
082165002041,08,municipality,Gemeinde Ottersweier,Gemeinde Ottersweier,kreisangehörige Gemeinde,kreisangehörige Gemeinde,08216041,08216041,6538,6368,STATISTIKPORTAL_INTEGRATED_2023_T1,STATISTIKPORTAL_INTEGRATED_2024_T1,matching_original_identifier_and_class,not_certified_requires_population_and_entity_scope_audit,different_fiscal_unit_classes_cannot_be_summed,9973192.23,10526118.45,1525.42,1652.97,1215274.00,1089318.00,15628.03,16191.40,8742290.20,9420609.05
082165003002,08,municipality,Gemeinde Au am Rhein,Gemeinde Au am Rhein,kreisangehörige Gemeinde,kreisangehörige Gemeinde,08216002,08216002,3455,3380,STATISTIKPORTAL_INTEGRATED_2023_T1,STATISTIKPORTAL_INTEGRATED_2024_T1,matching_original_identifier_and_class,not_certified_requires_population_and_entity_scope_audit,different_fiscal_unit_classes_cannot_be_summed,5970304.24,7470061.46,1728.02,2210.08,2046442.00,3311470.00,96012.15,261957.83,3827850.09,3896633.63
082165003005,08,municipality,Gemeinde Bietigheim,Gemeinde Bietigheim,kreisangehörige Gemeinde,kreisangehörige Gemeinde,08216005,08216005,6670,6502,STATISTIKPORTAL_INTEGRATED_2023_T1,STATISTIKPORTAL_INTEGRATED_2024_T1,matching_original_identifier_and_class,not_certified_requires_population_and_entity_scope_audit,different_fiscal_unit_classes_cannot_be_summed,4016364.99,6194516.64,602.15,952.71,0.00,1593668.00,96012.15,341287.01,3920352.84,4259561.63
082165003009,08,municipality,Gemeinde Durmersheim,Gemeinde Durmersheim,kreisangehörige Gemeinde,kreisangehörige Gemeinde,08216009,08216009,12231,11894,STATISTIKPORTAL_INTEGRATED_2023_T1,STATISTIKPORTAL_INTEGRATED_2024_T1,matching_original_identifier_and_class,not_certified_requires_population_and_entity_scope_audit,different_fiscal_unit_classes_cannot_be_summed,6513436.18,6467528.42,532.54,543.76,1527125.00,1343945.00,96012.15,573509.79,4890299.03,4550073.63
082165003012,08,municipality,Gemeinde Elchesheim-Illingen,Gemeinde Elchesheim-Illingen,kreisangehörige Gemeinde,kreisangehörige Gemeinde,08216012,08216012,3265,3248,STATISTIKPORTAL_INTEGRATED_2023_T1,STATISTIKPORTAL_INTEGRATED_2024_T1,matching_original_identifier_and_class,not_certified_requires_population_and_entity_scope_audit,different_fiscal_unit_classes_cannot_be_summed,6849888.35,7488015.21,2097.97,2305.42,2949940.00,3349932.00,96012.15,241449.58,3803936.20,3896633.63
082165004017,08,municipality,Stadt Gernsbach,Stadt Gernsbach,kreisangehörige Gemeinde,kreisangehörige Gemeinde,08216017,08216017,14432,14354,STATISTIKPORTAL_INTEGRATED_2023_T1,STATISTIKPORTAL_INTEGRATED_2024_T1,matching_original_identifier_and_class,not_certified_requires_population_and_entity_scope_audit,different_fiscal_unit_classes_cannot_be_summed,46522619.50,48474541.69,3223.57,3377.08,6829554.00,8872873.00,404357.13,411980.80,39288708.37,39189687.89
082165004029,08,municipality,Gemeinde Loffenau,Gemeinde Loffenau,kreisangehörige Gemeinde,kreisangehörige Gemeinde,08216029,08216029,2560,2496,STATISTIKPORTAL_INTEGRATED_2023_T1,STATISTIKPORTAL_INTEGRATED_2024_T1,matching_original_identifier_and_class,not_certified_requires_population_and_entity_scope_audit,different_fiscal_unit_classes_cannot_be_summed,6083758.87,6130167.08,2376.47,2456.00,704070.00,599327.00,97676.20,106473.46,5282012.67,5424366.62
082165004059,08,municipality,Gemeinde Weisenbach,Gemeinde Weisenbach,kreisangehörige Gemeinde,kreisangehörige Gemeinde,08216059,08216059,2527,2426,STATISTIKPORTAL_INTEGRATED_2023_T1,STATISTIKPORTAL_INTEGRATED_2024_T1,matching_original_identifier_and_class,not_certified_requires_population_and_entity_scope_audit,different_fiscal_unit_classes_cannot_be_summed,6783433.63,6881417.07,2684.38,2836.53,1006070.00,930480.00,97676.34,106473.94,5679687.29,5844463.13
082165005023,08,municipality,Gemeinde Iffezheim,Gemeinde Iffezheim,kreisangehörige Gemeinde,kreisangehörige Gemeinde,08216023,08216023,5303,5200,STATISTIKPORTAL_INTEGRATED_2023_T1,STATISTIKPORTAL_INTEGRATED_2024_T1,matching_original_identifier_and_class,not_certified_requires_population_and_entity_scope_audit,different_fiscal_unit_classes_cannot_be_summed,5951288.19,6789939.93,1122.25,1305.76,2193403.00,2098663.00,96012.15,99473.30,3661873.04,4591803.63
082165005033,08,municipality,Gemeinde Muggensturm,Gemeinde Muggensturm,kreisangehörige Gemeinde,kreisangehörige Gemeinde,08216033,08216033,6203,6116,STATISTIKPORTAL_INTEGRATED_2023_T1,STATISTIKPORTAL_INTEGRATED_2024_T1,matching_original_identifier_and_class,not_certified_requires_population_and_entity_scope_audit,different_fiscal_unit_classes_cannot_be_summed,10199962.15,15383578.53,1644.36,2515.30,744274.00,4425000.00,96012.15,99473.30,9359676.00,10859105.23
082165005039,08,municipality,Gemeinde Ötigheim,Gemeinde Ötigheim,kreisangehörige Gemeinde,kreisangehörige Gemeinde,08216039,08216039,5228,5088,STATISTIKPORTAL_INTEGRATED_2023_T1,STATISTIKPORTAL_INTEGRATED_2024_T1,matching_original_identifier_and_class,not_certified_requires_population_and_entity_scope_audit,different_fiscal_unit_classes_cannot_be_summed,14937280.28,17438271.21,2857.17,3427.33,3643311.00,3908646.00,96012.15,99473.30,11197957.13,13430151.91
082165005043,08,municipality,Große Kreisstadt Rastatt,Große Kreisstadt Rastatt,kreisangehörige Gemeinde,kreisangehörige Gemeinde,08216043,08216043,51627,50828,STATISTIKPORTAL_INTEGRATED_2023_T1,STATISTIKPORTAL_INTEGRATED_2024_T1,matching_original_identifier_and_class,not_certified_requires_population_and_entity_scope_audit,different_fiscal_unit_classes_cannot_be_summed,106967072.52,111744641.23,2071.92,2198.49,26239790.00,22781547.00,576199.69,596971.22,80151082.83,88366123.01
082165005052,08,municipality,Gemeinde Steinmauern,Gemeinde Steinmauern,kreisangehörige Gemeinde,kreisangehörige Gemeinde,08216052,08216052,3215,3181,STATISTIKPORTAL_INTEGRATED_2023_T1,STATISTIKPORTAL_INTEGRATED_2024_T1,matching_original_identifier_and_class,not_certified_requires_population_and_entity_scope_audit,different_fiscal_unit_classes_cannot_be_summed,8119566.67,9625711.09,2525.53,3026.00,4138172.00,5030292.00,96012.15,99473.30,3885382.52,4495945.79
082165006028,08,municipality,Stadt Lichtenau,Stadt Lichtenau,kreisangehörige Gemeinde,kreisangehörige Gemeinde,08216028,08216028,5052,5023,STATISTIKPORTAL_INTEGRATED_2023_T1,STATISTIKPORTAL_INTEGRATED_2024_T1,matching_original_identifier_and_class,not_certified_requires_population_and_entity_scope_audit,different_fiscal_unit_classes_cannot_be_summed,4618444.38,4920874.70,914.18,979.67,0.00,0.00,95942.96,240564.56,4522501.42,4680310.14
082165006063,08,municipality,Gemeinde Rheinmünster,Gemeinde Rheinmünster,kreisangehörige Gemeinde,kreisangehörige Gemeinde,08216063,08216063,6910,6491,STATISTIKPORTAL_INTEGRATED_2023_T1,STATISTIKPORTAL_INTEGRATED_2024_T1,matching_original_identifier_and_class,not_certified_requires_population_and_entity_scope_audit,different_fiscal_unit_classes_cannot_be_summed,3894845.10,4206907.67,563.65,648.11,0.00,300000.00,15628.03,16191.40,3879217.07,3890716.27
082165007022,08,municipality,Gemeinde Hügelsheim,Gemeinde Hügelsheim,kreisangehörige Gemeinde,kreisangehörige Gemeinde,08216022,08216022,5130,4990,STATISTIKPORTAL_INTEGRATED_2023_T1,STATISTIKPORTAL_INTEGRATED_2024_T1,matching_original_identifier_and_class,not_certified_requires_population_and_entity_scope_audit,different_fiscal_unit_classes_cannot_be_summed,6521097.19,8493056.93,1271.17,1702.02,2786702.00,3821950.00,96012.15,99473.30,3638383.04,4571633.63
082165007049,08,municipality,Gemeinde Sinzheim,Gemeinde Sinzheim,kreisangehörige Gemeinde,kreisangehörige Gemeinde,08216049,08216049,11562,11575,STATISTIKPORTAL_INTEGRATED_2023_T1,STATISTIKPORTAL_INTEGRATED_2024_T1,matching_original_identifier_and_class,not_certified_requires_population_and_entity_scope_audit,different_fiscal_unit_classes_cannot_be_summed,5937193.54,5615815.36,513.51,485.17,1775421.00,1588322.00,385888.92,663479.69,3775883.62,3364013.67
082210000000,08,municipality,"Stadt Heidelberg, Stadtkreis","Stadt Heidelberg, Stadtkreis",Stadtkreis,Stadtkreis,08221000,08221000,163010,155662,STATISTIKPORTAL_INTEGRATED_2023_T1,STATISTIKPORTAL_INTEGRATED_2024_T1,matching_original_identifier_and_class,not_certified_requires_population_and_entity_scope_audit,different_fiscal_unit_classes_cannot_be_summed,1480895425.68,1678816737.22,9084.69,10785.01,250804642.00,335696797.00,259697884.46,254800665.84,970392899.22,1088319274.38
082220000000,08,municipality,"Stadt Mannheim, Stadtkreis","Stadt Mannheim, Stadtkreis",Stadtkreis,Stadtkreis,08222000,08222000,315342,316570,STATISTIKPORTAL_INTEGRATED_2023_T1,STATISTIKPORTAL_INTEGRATED_2024_T1,matching_original_identifier_and_class,not_certified_requires_population_and_entity_scope_audit,different_fiscal_unit_classes_cannot_be_summed,3069439766.54,3413019955.05,9733.69,10781.25,505031468.00,498368564.00,464300378.35,515071308.90,2100107920.19,2399580082.15
08225,08,county_administration,Landratsamt Neckar-Odenwald-Kreis,Landratsamt Neckar-Odenwald-Kreis,Landkreis,Landkreis,,,145701,145523,STATISTIKPORTAL_INTEGRATED_2023_T1,STATISTIKPORTAL_INTEGRATED_2024_T1,matching_original_identifier_and_class,not_certified_requires_population_and_entity_scope_audit,different_fiscal_unit_classes_cannot_be_summed,36947984.73,33804919.55,253.59,232.30,8113173.00,6911927.00,0.00,0.00,28834811.73,26892992.55
082250014014,08,municipality,Stadt Buchen (Odenwald),Stadt Buchen (Odenwald),kreisangehörige Gemeinde,kreisangehörige Gemeinde,08225014,08225014,18088,18268,STATISTIKPORTAL_INTEGRATED_2023_T1,STATISTIKPORTAL_INTEGRATED_2024_T1,matching_original_identifier_and_class,not_certified_requires_population_and_entity_scope_audit,different_fiscal_unit_classes_cannot_be_summed,21917804.85,25040515.08,1211.73,1370.73,2171651.00,5267218.00,1861018.32,1752406.76,17885135.53,18020890.32
082250060060,08,municipality,Gemeinde Mudau,Gemeinde Mudau,kreisangehörige Gemeinde,kreisangehörige Gemeinde,08225060,08225060,5015,4924,STATISTIKPORTAL_INTEGRATED_2023_T1,STATISTIKPORTAL_INTEGRATED_2024_T1,matching_original_identifier_and_class,not_certified_requires_population_and_entity_scope_audit,different_fiscal_unit_classes_cannot_be_summed,5568870.58,5639554.47,1110.44,1145.32,1467998.00,1315228.00,49009.51,52089.44,4051863.07,4272237.03
082255001032,08,municipality,Gemeinde Hardheim,Gemeinde Hardheim,kreisangehörige Gemeinde,kreisangehörige Gemeinde,08225032,08225032,6912,6847,STATISTIKPORTAL_INTEGRATED_2023_T1,STATISTIKPORTAL_INTEGRATED_2024_T1,matching_original_identifier_and_class,not_certified_requires_population_and_entity_scope_audit,different_fiscal_unit_classes_cannot_be_summed,18406474.19,17798983.19,2662.97,2599.53,5734486.00,5241923.00,1438637.39,1425682.10,11233350.80,11131378.09
082255001039,08,municipality,Gemeinde Höpfingen,Gemeinde Höpfingen,kreisangehörige Gemeinde,kreisangehörige Gemeinde,08225039,08225039,3086,3068,STATISTIKPORTAL_INTEGRATED_2023_T1,STATISTIKPORTAL_INTEGRATED_2024_T1,matching_original_identifier_and_class,not_certified_requires_population_and_entity_scope_audit,different_fiscal_unit_classes_cannot_be_summed,9172515.41,9804482.15,2972.30,3195.72,1617030.00,2467271.00,846894.71,840947.38,6708590.70,6496263.77
082255001109,08,municipality,Stadt Walldürn,Stadt Walldürn,kreisangehörige Gemeinde,kreisangehörige Gemeinde,08225109,08225109,11737,11588,STATISTIKPORTAL_INTEGRATED_2023_T1,STATISTIKPORTAL_INTEGRATED_2024_T1,matching_original_identifier_and_class,not_certified_requires_population_and_entity_scope_audit,different_fiscal_unit_classes_cannot_be_summed,32698886.78,30124662.27,2785.97,2599.64,8467093.00,7486650.00,2317654.51,2248263.37,21914139.27,20389748.90
082255002033,08,municipality,Gemeinde Haßmersheim,Gemeinde Haßmersheim,kreisangehörige Gemeinde,kreisangehörige Gemeinde,08225033,08225033,5139,5036,STATISTIKPORTAL_INTEGRATED_2023_T1,STATISTIKPORTAL_INTEGRATED_2024_T1,matching_original_identifier_and_class,not_certified_requires_population_and_entity_scope_audit,different_fiscal_unit_classes_cannot_be_summed,5264110.51,11057944.43,1024.35,2195.78,0.00,4377250.00,49009.51,52089.44,5215101.00,6628604.99
082255002042,08,municipality,Gemeinde Hüffenhardt,Gemeinde Hüffenhardt,kreisangehörige Gemeinde,kreisangehörige Gemeinde,08225042,08225042,2051,2080,STATISTIKPORTAL_INTEGRATED_2023_T1,STATISTIKPORTAL_INTEGRATED_2024_T1,matching_original_identifier_and_class,not_certified_requires_population_and_entity_scope_audit,different_fiscal_unit_classes_cannot_be_summed,4703528.44,5129326.55,2293.29,2466.02,198000.00,178200.00,49009.51,52089.44,4456518.93,4899037.11
082255003002,08,municipality,Gemeinde Aglasterhausen,Gemeinde Aglasterhausen,kreisangehörige Gemeinde,kreisangehörige Gemeinde,08225002,08225002,4881,4847,STATISTIKPORTAL_INTEGRATED_2023_T1,STATISTIKPORTAL_INTEGRATED_2024_T1,matching_original_identifier_and_class,not_certified_requires_population_and_entity_scope_audit,different_fiscal_unit_classes_cannot_be_summed,5820744.09,5884695.13,1192.53,1214.09,1759206.00,1615460.00,252942.14,234884.21,3808595.95,4034350.92
082255003068,08,municipality,Gemeinde Neunkirchen,Gemeinde Neunkirchen,kreisangehörige Gemeinde,kreisangehörige Gemeinde,08225068,08225068,1874,1823,STATISTIKPORTAL_INTEGRATED_2023_T1,STATISTIKPORTAL_INTEGRATED_2024_T1,matching_original_identifier_and_class,not_certified_requires_population_and_entity_scope_audit,different_fiscal_unit_classes_cannot_be_summed,5595681.89,5867364.64,2985.96,3218.52,1375526.00,1226676.00,55869.44,52089.44,4164286.45,4588599.20
082255003116,08,municipality,Gemeinde Schwarzach,Gemeinde Schwarzach,kreisangehörige Gemeinde,kreisangehörige Gemeinde,08225116,08225116,3028,2951,STATISTIKPORTAL_INTEGRATED_2023_T1,STATISTIKPORTAL_INTEGRATED_2024_T1,matching_original_identifier_and_class,not_certified_requires_population_and_entity_scope_audit,different_fiscal_unit_classes_cannot_be_summed,9819080.51,9741408.12,3242.76,3301.05,6448151.00,6156015.00,83061.76,77311.48,3287867.75,3508081.64
082255004024,08,municipality,Gemeinde Fahrenbach,Gemeinde Fahrenbach,kreisangehörige Gemeinde,kreisangehörige Gemeinde,08225024,08225024,2742,2659,STATISTIKPORTAL_INTEGRATED_2023_T1,STATISTIKPORTAL_INTEGRATED_2024_T1,matching_original_identifier_and_class,not_certified_requires_population_and_entity_scope_audit,different_fiscal_unit_classes_cannot_be_summed,4809527.01,8900883.47,1754.02,3347.46,2894511.00,6864205.00,49009.51,52089.44,1866006.50,1984589.03
082255004052,08,municipality,Gemeinde Limbach,Gemeinde Limbach,kreisangehörige Gemeinde,kreisangehörige Gemeinde,08225052,08225052,4607,4480,STATISTIKPORTAL_INTEGRATED_2023_T1,STATISTIKPORTAL_INTEGRATED_2024_T1,matching_original_identifier_and_class,not_certified_requires_population_and_entity_scope_audit,different_fiscal_unit_classes_cannot_be_summed,7879344.95,6695643.38,1710.30,1494.56,5918271.00,4591822.00,49009.51,52089.44,1912064.44,2051731.94
082255005058,08,municipality,Große Kreisstadt Mosbach,Große Kreisstadt Mosbach,kreisangehörige Gemeinde,kreisangehörige Gemeinde,08225058,08225058,23551,24417,STATISTIKPORTAL_INTEGRATED_2023_T1,STATISTIKPORTAL_INTEGRATED_2024_T1,matching_original_identifier_and_class,not_certified_requires_population_and_entity_scope_audit,different_fiscal_unit_classes_cannot_be_summed,97440315.24,109191522.75,4137.42,4471.95,33184452.00,31407798.00,4620530.03,4503255.52,59635333.21,73280469.23
082255005067,08,municipality,Gemeinde Neckarzimmern,Gemeinde Neckarzimmern,kreisangehörige Gemeinde,kreisangehörige Gemeinde,08225067,08225067,1465,1419,STATISTIKPORTAL_INTEGRATED_2023_T1,STATISTIKPORTAL_INTEGRATED_2024_T1,matching_original_identifier_and_class,not_certified_requires_population_and_entity_scope_audit,different_fiscal_unit_classes_cannot_be_summed,3290078.63,5894934.46,2245.79,4154.29,647266.00,591767.00,49009.51,52089.44,2593803.12,5251078.02
082255005074,08,municipality,Gemeinde Obrigheim,Gemeinde Obrigheim,kreisangehörige Gemeinde,kreisangehörige Gemeinde,08225074,08225074,5395,5370,STATISTIKPORTAL_INTEGRATED_2023_T1,STATISTIKPORTAL_INTEGRATED_2024_T1,matching_original_identifier_and_class,not_certified_requires_population_and_entity_scope_audit,different_fiscal_unit_classes_cannot_be_summed,7616156.73,25091794.99,1411.71,4672.59,0.00,0.00,61157.19,63357.02,7554999.54,25028437.97
082255005117,08,municipality,Gemeinde Elztal,Gemeinde Elztal,kreisangehörige Gemeinde,kreisangehörige Gemeinde,08225117,08225117,5856,5833,STATISTIKPORTAL_INTEGRATED_2023_T1,STATISTIKPORTAL_INTEGRATED_2024_T1,matching_original_identifier_and_class,not_certified_requires_population_and_entity_scope_audit,different_fiscal_unit_classes_cannot_be_summed,2022277.21,2081678.47,345.33,356.88,105000.00,45000.00,49220.75,52089.44,1868056.46,1984589.03
082255006010,08,municipality,Gemeinde Binau,Gemeinde Binau,kreisangehörige Gemeinde,kreisangehörige Gemeinde,08225010,08225010,1346,1333,STATISTIKPORTAL_INTEGRATED_2023_T1,STATISTIKPORTAL_INTEGRATED_2024_T1,matching_original_identifier_and_class,not_certified_requires_population_and_entity_scope_audit,different_fiscal_unit_classes_cannot_be_summed,2245417.66,7201678.58,1668.22,5402.61,0.00,2916866.00,49009.51,52089.44,2196408.15,4232723.14
082255006064,08,municipality,Gemeinde Neckargerach,Gemeinde Neckargerach,kreisangehörige Gemeinde,kreisangehörige Gemeinde,08225064,08225064,2326,2277,STATISTIKPORTAL_INTEGRATED_2023_T1,STATISTIKPORTAL_INTEGRATED_2024_T1,matching_original_identifier_and_class,not_certified_requires_population_and_entity_scope_audit,different_fiscal_unit_classes_cannot_be_summed,6087998.08,5939373.97,2617.37,2608.42,1843809.00,1651226.00,49009.51,52089.44,4195179.57,4236058.53
082255006113,08,municipality,Gemeinde Zwingenberg,Gemeinde Zwingenberg,kreisangehörige Gemeinde,kreisangehörige Gemeinde,08225113,08225113,671,633,STATISTIKPORTAL_INTEGRATED_2023_T1,STATISTIKPORTAL_INTEGRATED_2024_T1,matching_original_identifier_and_class,not_certified_requires_population_and_entity_scope_audit,different_fiscal_unit_classes_cannot_be_summed,3159486.08,3233965.97,4708.62,5108.95,249663.00,232372.00,49009.51,52089.44,2860813.57,2949504.53
082255006118,08,municipality,Gemeinde Waldbrunn,Gemeinde Waldbrunn,kreisangehörige Gemeinde,kreisangehörige Gemeinde,08225118,08225118,4751,4693,STATISTIKPORTAL_INTEGRATED_2023_T1,STATISTIKPORTAL_INTEGRATED_2024_T1,matching_original_identifier_and_class,not_certified_requires_population_and_entity_scope_audit,different_fiscal_unit_classes_cannot_be_summed,8178634.50,9561685.60,1721.46,2037.44,3403327.00,3950839.00,49220.75,52089.44,4726086.75,5558757.16
082255007075,08,municipality,Stadt Osterburken,Stadt Osterburken,kreisangehörige Gemeinde,kreisangehörige Gemeinde,08225075,08225075,6702,6639,STATISTIKPORTAL_INTEGRATED_2023_T1,STATISTIKPORTAL_INTEGRATED_2024_T1,matching_original_identifier_and_class,not_certified_requires_population_and_entity_scope_audit,different_fiscal_unit_classes_cannot_be_summed,10678219.77,11017670.40,1593.29,1659.54,1681359.00,1581041.00,299450.02,259643.74,8697410.75,9176985.66
082255007082,08,municipality,Gemeinde Rosenberg (LKR Neckar-Odenwald-Kreis),Gemeinde Rosenberg (LKR Neckar-Odenwald-Kreis),kreisangehörige Gemeinde,kreisangehörige Gemeinde,08225082,08225082,2069,2046,STATISTIKPORTAL_INTEGRATED_2023_T1,STATISTIKPORTAL_INTEGRATED_2024_T1,matching_original_identifier_and_class,not_certified_requires_population_and_entity_scope_audit,different_fiscal_unit_classes_cannot_be_summed,4551627.34,4453323.08,2199.92,2176.60,2385520.00,2182091.00,277154.22,245611.18,1888953.12,2025620.90
082255007114,08,municipality,Stadt Ravenstein,Stadt Ravenstein,kreisangehörige Gemeinde,kreisangehörige Gemeinde,08225114,08225114,2977,2999,STATISTIKPORTAL_INTEGRATED_2023_T1,STATISTIKPORTAL_INTEGRATED_2024_T1,matching_original_identifier_and_class,not_certified_requires_population_and_entity_scope_audit,different_fiscal_unit_classes_cannot_be_summed,3564967.19,3514433.08,1197.50,1171.87,1185005.00,1096589.00,65471.12,62255.05,2314491.07,2355589.03
082255008009,08,municipality,Gemeinde Billigheim,Gemeinde Billigheim,kreisangehörige Gemeinde,kreisangehörige Gemeinde,08225009,08225009,6077,6082,STATISTIKPORTAL_INTEGRATED_2023_T1,STATISTIKPORTAL_INTEGRATED_2024_T1,matching_original_identifier_and_class,not_certified_requires_population_and_entity_scope_audit,different_fiscal_unit_classes_cannot_be_summed,7068547.64,2147751.87,1163.16,353.13,5073000.00,0.00,49220.75,52089.44,1946326.89,2095662.43
082255008115,08,municipality,Gemeinde Schefflenz,Gemeinde Schefflenz,kreisangehörige Gemeinde,kreisangehörige Gemeinde,08225115,08225115,3947,3918,STATISTIKPORTAL_INTEGRATED_2023_T1,STATISTIKPORTAL_INTEGRATED_2024_T1,matching_original_identifier_and_class,not_certified_requires_population_and_entity_scope_audit,different_fiscal_unit_classes_cannot_be_summed,4258872.92,4194606.48,1079.02,1070.60,1433831.00,1270049.00,49009.51,52089.44,2776032.41,2872468.04
082255009001,08,municipality,Stadt Adelsheim,Stadt Adelsheim,kreisangehörige Gemeinde,kreisangehörige Gemeinde,08225001,08225001,5312,5257,STATISTIKPORTAL_INTEGRATED_2023_T1,STATISTIKPORTAL_INTEGRATED_2024_T1,matching_original_identifier_and_class,not_certified_requires_population_and_entity_scope_audit,different_fiscal_unit_classes_cannot_be_summed,13492352.74,13518336.28,2539.98,2571.49,6639761.00,6295875.00,402723.94,349634.74,6449867.80,6872826.54
082255009091,08,municipality,Gemeinde Seckach,Gemeinde Seckach,kreisangehörige Gemeinde,kreisangehörige Gemeinde,08225091,08225091,4096,4036,STATISTIKPORTAL_INTEGRATED_2023_T1,STATISTIKPORTAL_INTEGRATED_2024_T1,matching_original_identifier_and_class,not_certified_requires_population_and_entity_scope_audit,different_fiscal_unit_classes_cannot_be_summed,8332413.08,8503533.34,2034.28,2106.92,1535201.00,1323397.00,285047.72,250628.68,6512164.36,6929507.66
08226,08,county_administration,Landratsamt Rhein-Neckar-Kreis,Landratsamt Rhein-Neckar-Kreis,Landkreis,Landkreis,,,555939,558142,STATISTIKPORTAL_INTEGRATED_2023_T1,STATISTIKPORTAL_INTEGRATED_2024_T1,matching_original_identifier_and_class,not_certified_requires_population_and_entity_scope_audit,different_fiscal_unit_classes_cannot_be_summed,215156814.65,229580781.50,387.02,411.33,8838709.00,27806961.00,15075739.69,1776664.86,191242365.96,199997155.64
082260009009,08,municipality,Gemeinde Brühl,Gemeinde Brühl,kreisangehörige Gemeinde,kreisangehörige Gemeinde,08226009,08226009,14244,14302,STATISTIKPORTAL_INTEGRATED_2023_T1,STATISTIKPORTAL_INTEGRATED_2024_T1,matching_original_identifier_and_class,not_certified_requires_population_and_entity_scope_audit,different_fiscal_unit_classes_cannot_be_summed,9664419.74,8674683.94,678.49,606.54,4470263.00,3649808.00,1090759.48,1021311.73,4103397.26,4003564.21
082260012012,08,municipality,Gemeinde Dossenheim,Gemeinde Dossenheim,kreisangehörige Gemeinde,kreisangehörige Gemeinde,08226012,08226012,12479,12681,STATISTIKPORTAL_INTEGRATED_2023_T1,STATISTIKPORTAL_INTEGRATED_2024_T1,matching_original_identifier_and_class,not_certified_requires_population_and_entity_scope_audit,different_fiscal_unit_classes_cannot_be_summed,9951496.89,12499127.71,797.46,985.66,1239752.00,1153685.00,550505.18,587535.84,8161239.71,10757906.87
082260018018,08,municipality,Stadt Eppelheim,Stadt Eppelheim,kreisangehörige Gemeinde,kreisangehörige Gemeinde,08226018,08226018,15520,15657,STATISTIKPORTAL_INTEGRATED_2023_T1,STATISTIKPORTAL_INTEGRATED_2024_T1,matching_original_identifier_and_class,not_certified_requires_population_and_entity_scope_audit,different_fiscal_unit_classes_cannot_be_summed,31499923.34,32093112.70,2029.63,2049.76,18188350.00,17572312.00,625355.48,666534.73,12686217.86,13854265.97
082260028028,08,municipality,Gemeinde Heddesheim,Gemeinde Heddesheim,kreisangehörige Gemeinde,kreisangehörige Gemeinde,08226028,08226028,11976,12294,STATISTIKPORTAL_INTEGRATED_2023_T1,STATISTIKPORTAL_INTEGRATED_2024_T1,matching_original_identifier_and_class,not_certified_requires_population_and_entity_scope_audit,different_fiscal_unit_classes_cannot_be_summed,13858721.06,14405844.27,1157.21,1171.78,4958236.00,4507579.00,638511.04,678714.24,8261974.02,9219551.03
082260036036,08,municipality,Gemeinde Ilvesheim,Gemeinde Ilvesheim,kreisangehörige Gemeinde,kreisangehörige Gemeinde,08226036,08226036,9291,9195,STATISTIKPORTAL_INTEGRATED_2023_T1,STATISTIKPORTAL_INTEGRATED_2024_T1,matching_original_identifier_and_class,not_certified_requires_population_and_entity_scope_audit,different_fiscal_unit_classes_cannot_be_summed,6728637.38,7008618.45,724.21,762.22,781250.00,756250.00,638511.04,678714.24,5308876.34,5573654.21
082260037037,08,municipality,Gemeinde Ketsch,Gemeinde Ketsch,kreisangehörige Gemeinde,kreisangehörige Gemeinde,08226037,08226037,13139,13154,STATISTIKPORTAL_INTEGRATED_2023_T1,STATISTIKPORTAL_INTEGRATED_2024_T1,matching_original_identifier_and_class,not_certified_requires_population_and_entity_scope_audit,different_fiscal_unit_classes_cannot_be_summed,10307581.74,11097895.94,784.50,843.69,2094432.00,2022208.00,1090759.48,1021311.73,7122390.26,8054376.21
082260038038,08,municipality,Stadt Ladenburg,Stadt Ladenburg,kreisangehörige Gemeinde,kreisangehörige Gemeinde,08226038,08226038,12558,12877,STATISTIKPORTAL_INTEGRATED_2023_T1,STATISTIKPORTAL_INTEGRATED_2024_T1,matching_original_identifier_and_class,not_certified_requires_population_and_entity_scope_audit,different_fiscal_unit_classes_cannot_be_summed,45172278.74,45280774.08,3597.09,3516.41,6459995.00,5975408.00,638511.04,678714.24,38073772.70,38626651.84
082260041041,08,municipality,Große Kreisstadt Leimen,Große Kreisstadt Leimen,kreisangehörige Gemeinde,kreisangehörige Gemeinde,08226041,08226041,27267,26929,STATISTIKPORTAL_INTEGRATED_2023_T1,STATISTIKPORTAL_INTEGRATED_2024_T1,matching_original_identifier_and_class,not_certified_requires_population_and_entity_scope_audit,different_fiscal_unit_classes_cannot_be_summed,89593799.88,110860033.75,3285.80,4116.75,35644449.00,34268149.00,15504168.84,11768809.73,38445182.04,64823075.02
082260060060,08,municipality,Gemeinde Nußloch,Gemeinde Nußloch,kreisangehörige Gemeinde,kreisangehörige Gemeinde,08226060,08226060,11389,11372,STATISTIKPORTAL_INTEGRATED_2023_T1,STATISTIKPORTAL_INTEGRATED_2024_T1,matching_original_identifier_and_class,not_certified_requires_population_and_entity_scope_audit,different_fiscal_unit_classes_cannot_be_summed,19014325.32,18499901.47,1669.53,1626.79,1458491.00,1574908.00,625355.48,666534.73,16930478.84,16258458.74
082260062062,08,municipality,Gemeinde Oftersheim,Gemeinde Oftersheim,kreisangehörige Gemeinde,kreisangehörige Gemeinde,08226062,08226062,12155,12268,STATISTIKPORTAL_INTEGRATED_2023_T1,STATISTIKPORTAL_INTEGRATED_2024_T1,matching_original_identifier_and_class,not_certified_requires_population_and_entity_scope_audit,different_fiscal_unit_classes_cannot_be_summed,16914624.94,16158622.94,1391.58,1317.14,2933250.00,2843250.00,9877977.68,9311808.73,4103397.26,4003564.21
082260063063,08,municipality,Gemeinde Plankstadt,Gemeinde Plankstadt,kreisangehörige Gemeinde,kreisangehörige Gemeinde,08226063,08226063,10565,10603,STATISTIKPORTAL_INTEGRATED_2023_T1,STATISTIKPORTAL_INTEGRATED_2024_T1,matching_original_identifier_and_class,not_certified_requires_population_and_entity_scope_audit,different_fiscal_unit_classes_cannot_be_summed,14330816.94,13538027.94,1356.44,1276.81,251587.00,151508.00,9877977.68,9311808.73,4201252.26,4074711.21
082260076076,08,municipality,Gemeinde Sandhausen,Gemeinde Sandhausen,kreisangehörige Gemeinde,kreisangehörige Gemeinde,08226076,08226076,15451,15287,STATISTIKPORTAL_INTEGRATED_2023_T1,STATISTIKPORTAL_INTEGRATED_2024_T1,matching_original_identifier_and_class,not_certified_requires_population_and_entity_scope_audit,different_fiscal_unit_classes_cannot_be_summed,22892665.33,24185032.12,1481.63,1582.07,0.00,0.00,625355.48,666534.73,22267309.85,23518497.39
082260082082,08,municipality,Stadt Schriesheim,Stadt Schriesheim,kreisangehörige Gemeinde,kreisangehörige Gemeinde,08226082,08226082,15116,15315,STATISTIKPORTAL_INTEGRATED_2023_T1,STATISTIKPORTAL_INTEGRATED_2024_T1,matching_original_identifier_and_class,not_certified_requires_population_and_entity_scope_audit,different_fiscal_unit_classes_cannot_be_summed,41172041.66,43121102.19,2723.74,2815.61,17603509.00,19509975.00,638511.04,678714.24,22930021.62,22932412.95
082260084084,08,municipality,Große Kreisstadt Schwetzingen,Große Kreisstadt Schwetzingen,kreisangehörige Gemeinde,kreisangehörige Gemeinde,08226084,08226084,21876,21763,STATISTIKPORTAL_INTEGRATED_2023_T1,STATISTIKPORTAL_INTEGRATED_2024_T1,matching_original_identifier_and_class,not_certified_requires_population_and_entity_scope_audit,different_fiscal_unit_classes_cannot_be_summed,48428963.68,48982190.43,2213.79,2250.71,1962227.00,1628411.00,22729589.08,21931139.73,23737147.60,25422639.70
082260095095,08,municipality,Stadt Walldorf,Stadt Walldorf,kreisangehörige Gemeinde,kreisangehörige Gemeinde,08226095,08226095,16059,16126,STATISTIKPORTAL_INTEGRATED_2023_T1,STATISTIKPORTAL_INTEGRATED_2024_T1,matching_original_identifier_and_class,not_certified_requires_population_and_entity_scope_audit,different_fiscal_unit_classes_cannot_be_summed,37692331.14,32916689.09,2347.12,2041.22,0.00,0.00,999689.29,903446.09,36692641.85,32013243.00
082260096096,08,municipality,Große Kreisstadt Weinheim,Große Kreisstadt Weinheim,kreisangehörige Gemeinde,kreisangehörige Gemeinde,08226096,08226096,45394,45660,STATISTIKPORTAL_INTEGRATED_2023_T1,STATISTIKPORTAL_INTEGRATED_2024_T1,matching_original_identifier_and_class,not_certified_requires_population_and_entity_scope_audit,different_fiscal_unit_classes_cannot_be_summed,105753037.96,101098804.58,2329.67,2214.17,25865181.00,24294898.00,2489442.13,2403896.22,77398414.83,74400010.36
082260103103,08,municipality,Gemeinde Sankt Leon-Rot,Gemeinde Sankt Leon-Rot,kreisangehörige Gemeinde,kreisangehörige Gemeinde,08226103,08226103,13936,13993,STATISTIKPORTAL_INTEGRATED_2023_T1,STATISTIKPORTAL_INTEGRATED_2024_T1,matching_original_identifier_and_class,not_certified_requires_population_and_entity_scope_audit,different_fiscal_unit_classes_cannot_be_summed,7376934.65,7386371.87,529.34,527.86,0.00,0.00,625355.48,666534.73,6751579.17,6719837.14
082260105105,08,municipality,Gemeinde Edingen-Neckarhausen,Gemeinde Edingen-Neckarhausen,kreisangehörige Gemeinde,kreisangehörige Gemeinde,08226105,08226105,14148,14492,STATISTIKPORTAL_INTEGRATED_2023_T1,STATISTIKPORTAL_INTEGRATED_2024_T1,matching_original_identifier_and_class,not_certified_requires_population_and_entity_scope_audit,different_fiscal_unit_classes_cannot_be_summed,18078089.38,19437842.45,1277.78,1341.28,12231497.00,13287421.00,638511.04,678714.24,5208081.34,5471707.21
082260107107,08,municipality,Gemeinde Hirschberg an der Bergstraße,Gemeinde Hirschberg an der Bergstraße,kreisangehörige Gemeinde,kreisangehörige Gemeinde,08226107,08226107,9809,9642,STATISTIKPORTAL_INTEGRATED_2023_T1,STATISTIKPORTAL_INTEGRATED_2024_T1,matching_original_identifier_and_class,not_certified_requires_population_and_entity_scope_audit,different_fiscal_unit_classes_cannot_be_summed,14658860.46,15487425.24,1494.43,1606.25,4063345.00,3718865.00,638511.04,678714.24,9957004.42,11089846.00
082265001013,08,municipality,Stadt Eberbach,Stadt Eberbach,kreisangehörige Gemeinde,kreisangehörige Gemeinde,08226013,08226013,14440,14787,STATISTIKPORTAL_INTEGRATED_2023_T1,STATISTIKPORTAL_INTEGRATED_2024_T1,matching_original_identifier_and_class,not_certified_requires_population_and_entity_scope_audit,different_fiscal_unit_classes_cannot_be_summed,37703212.60,40817578.45,2611.03,2760.37,15647914.00,14271223.00,698378.69,743804.15,21356919.91,25802551.30
082265001081,08,municipality,Gemeinde Schönbrunn,Gemeinde Schönbrunn,kreisangehörige Gemeinde,kreisangehörige Gemeinde,08226081,08226081,2897,2911,STATISTIKPORTAL_INTEGRATED_2023_T1,STATISTIKPORTAL_INTEGRATED_2024_T1,matching_original_identifier_and_class,not_certified_requires_population_and_entity_scope_audit,different_fiscal_unit_classes_cannot_be_summed,5679315.61,6009844.54,1960.41,2064.53,2356947.00,2548567.00,599514.69,639625.28,2722853.92,2821652.26
082265002020,08,municipality,Gemeinde Eschelbronn,Gemeinde Eschelbronn,kreisangehörige Gemeinde,kreisangehörige Gemeinde,08226020,08226020,2802,2757,STATISTIKPORTAL_INTEGRATED_2023_T1,STATISTIKPORTAL_INTEGRATED_2024_T1,matching_original_identifier_and_class,not_certified_requires_population_and_entity_scope_audit,different_fiscal_unit_classes_cannot_be_summed,6457145.87,6368848.83,2304.48,2310.06,866392.00,766933.00,1483155.11,1458017.85,4107598.76,4143897.98
082265002048,08,municipality,Gemeinde Mauer,Gemeinde Mauer,kreisangehörige Gemeinde,kreisangehörige Gemeinde,08226048,08226048,4170,4099,STATISTIKPORTAL_INTEGRATED_2023_T1,STATISTIKPORTAL_INTEGRATED_2024_T1,matching_original_identifier_and_class,not_certified_requires_population_and_entity_scope_audit,different_fiscal_unit_classes_cannot_be_summed,7151540.76,7061960.30,1715.00,1722.85,1505878.00,1446311.00,1218629.34,1216825.86,4427033.42,4398823.44
082265002049,08,municipality,Gemeinde Meckesheim,Gemeinde Meckesheim,kreisangehörige Gemeinde,kreisangehörige Gemeinde,08226049,08226049,5261,5278,STATISTIKPORTAL_INTEGRATED_2023_T1,STATISTIKPORTAL_INTEGRATED_2024_T1,matching_original_identifier_and_class,not_certified_requires_population_and_entity_scope_audit,different_fiscal_unit_classes_cannot_be_summed,14544077.18,15591556.53,2764.51,2954.07,1463595.00,1266660.00,1640994.73,1608590.85,11439487.45,12716305.68
082265002086,08,municipality,Gemeinde Spechbach,Gemeinde Spechbach,kreisangehörige Gemeinde,kreisangehörige Gemeinde,08226086,08226086,1755,1774,STATISTIKPORTAL_INTEGRATED_2023_T1,STATISTIKPORTAL_INTEGRATED_2024_T1,matching_original_identifier_and_class,not_certified_requires_population_and_entity_scope_audit,different_fiscal_unit_classes_cannot_be_summed,4674329.26,5826438.57,2663.44,3284.35,706035.00,1781303.00,609269.91,647445.69,3359024.35,3397689.88
082265002104,08,municipality,Gemeinde Lobbach,Gemeinde Lobbach,kreisangehörige Gemeinde,kreisangehörige Gemeinde,08226104,08226104,2349,2371,STATISTIKPORTAL_INTEGRATED_2023_T1,STATISTIKPORTAL_INTEGRATED_2024_T1,matching_original_identifier_and_class,not_certified_requires_population_and_entity_scope_audit,different_fiscal_unit_classes_cannot_be_summed,6479041.33,6456906.00,2758.21,2723.28,382353.00,336608.00,843359.56,868744.40,5253328.77,5251553.60
082265003031,08,municipality,Stadt Hemsbach,Stadt Hemsbach,kreisangehörige Gemeinde,kreisangehörige Gemeinde,08226031,08226031,11780,11954,STATISTIKPORTAL_INTEGRATED_2023_T1,STATISTIKPORTAL_INTEGRATED_2024_T1,matching_original_identifier_and_class,not_certified_requires_population_and_entity_scope_audit,different_fiscal_unit_classes_cannot_be_summed,24830542.92,24031369.56,2107.86,2010.32,11575589.00,10918805.00,3812000.04,3581624.24,9442953.88,9530940.32
082265003040,08,municipality,Gemeinde Laudenbach,Gemeinde Laudenbach,kreisangehörige Gemeinde,kreisangehörige Gemeinde,08226040,08226040,6476,6545,STATISTIKPORTAL_INTEGRATED_2023_T1,STATISTIKPORTAL_INTEGRATED_2024_T1,matching_original_identifier_and_class,not_certified_requires_population_and_entity_scope_audit,different_fiscal_unit_classes_cannot_be_summed,12588691.52,14466796.11,1943.90,2210.36,3240041.00,3800097.00,2225255.54,2130169.24,7123394.98,8536529.87
082265004003,08,municipality,Gemeinde Altlußheim,Gemeinde Altlußheim,kreisangehörige Gemeinde,kreisangehörige Gemeinde,08226003,08226003,6339,6359,STATISTIKPORTAL_INTEGRATED_2023_T1,STATISTIKPORTAL_INTEGRATED_2024_T1,matching_original_identifier_and_class,not_certified_requires_population_and_entity_scope_audit,different_fiscal_unit_classes_cannot_be_summed,7306301.57,7753569.04,1152.60,1219.31,2116234.00,1855475.00,1244478.29,1218400.88,3945589.28,4679693.16
082265004032,08,municipality,Große Kreisstadt Hockenheim,Große Kreisstadt Hockenheim,kreisangehörige Gemeinde,kreisangehörige Gemeinde,08226032,08226032,21639,21498,STATISTIKPORTAL_INTEGRATED_2023_T1,STATISTIKPORTAL_INTEGRATED_2024_T1,matching_original_identifier_and_class,not_certified_requires_population_and_entity_scope_audit,different_fiscal_unit_classes_cannot_be_summed,68455070.57,66272239.34,3163.50,3082.72,13309207.00,12851918.00,625355.48,666534.73,54520508.09,52753786.61
082265004059,08,municipality,Gemeinde Neulußheim,Gemeinde Neulußheim,kreisangehörige Gemeinde,kreisangehörige Gemeinde,08226059,08226059,7128,7162,STATISTIKPORTAL_INTEGRATED_2023_T1,STATISTIKPORTAL_INTEGRATED_2024_T1,matching_original_identifier_and_class,not_certified_requires_population_and_entity_scope_audit,different_fiscal_unit_classes_cannot_be_summed,10895446.14,10867564.59,1528.54,1517.39,3661003.00,3105081.00,1244496.86,1218417.43,5989946.28,6544066.16
082265004068,08,municipality,Gemeinde Reilingen,Gemeinde Reilingen,kreisangehörige Gemeinde,kreisangehörige Gemeinde,08226068,08226068,8304,8322,STATISTIKPORTAL_INTEGRATED_2023_T1,STATISTIKPORTAL_INTEGRATED_2024_T1,matching_original_identifier_and_class,not_certified_requires_population_and_entity_scope_audit,different_fiscal_unit_classes_cannot_be_summed,9873950.87,12582895.71,1189.06,1512.00,3595064.00,6308340.00,625355.48,666534.73,5653531.39,5608020.98
082265005006,08,municipality,Gemeinde Bammental,Gemeinde Bammental,kreisangehörige Gemeinde,kreisangehörige Gemeinde,08226006,08226006,6659,6329,STATISTIKPORTAL_INTEGRATED_2023_T1,STATISTIKPORTAL_INTEGRATED_2024_T1,matching_original_identifier_and_class,not_certified_requires_population_and_entity_scope_audit,different_fiscal_unit_classes_cannot_be_summed,14185377.54,15670826.20,2130.26,2476.04,4827768.00,4616335.00,1995333.13,1937257.41,7362276.41,9117233.79
082265005022,08,municipality,Gemeinde Gaiberg,Gemeinde Gaiberg,kreisangehörige Gemeinde,kreisangehörige Gemeinde,08226022,08226022,2439,2446,STATISTIKPORTAL_INTEGRATED_2023_T1,STATISTIKPORTAL_INTEGRATED_2024_T1,matching_original_identifier_and_class,not_certified_requires_population_and_entity_scope_audit,different_fiscal_unit_classes_cannot_be_summed,4707707.19,5308361.81,1930.18,2170.22,0.00,0.00,625355.48,666534.73,4082351.71,4641827.08
082265005056,08,municipality,Stadt Neckargemünd,Stadt Neckargemünd,kreisangehörige Gemeinde,kreisangehörige Gemeinde,08226056,08226056,13596,13339,STATISTIKPORTAL_INTEGRATED_2023_T1,STATISTIKPORTAL_INTEGRATED_2024_T1,matching_original_identifier_and_class,not_certified_requires_population_and_entity_scope_audit,different_fiscal_unit_classes_cannot_be_summed,19969298.45,20749872.04,1468.76,1555.58,3836532.00,3454065.00,1150695.79,1153814.10,14982070.66,16141992.94
082265005097,08,municipality,Gemeinde Wiesenbach,Gemeinde Wiesenbach,kreisangehörige Gemeinde,kreisangehörige Gemeinde,08226097,08226097,3113,3158,STATISTIKPORTAL_INTEGRATED_2023_T1,STATISTIKPORTAL_INTEGRATED_2024_T1,matching_original_identifier_and_class,not_certified_requires_population_and_entity_scope_audit,different_fiscal_unit_classes_cannot_be_summed,8821037.61,8752820.45,2833.61,2771.63,3535425.00,3388393.00,674600.29,712211.75,4611012.32,4652215.70
082265006046,08,municipality,Gemeinde Malsch (LKR Rhein-Neckar-Kreis),Gemeinde Malsch (LKR Rhein-Neckar-Kreis),kreisangehörige Gemeinde,kreisangehörige Gemeinde,08226046,08226046,3494,3432,STATISTIKPORTAL_INTEGRATED_2023_T1,STATISTIKPORTAL_INTEGRATED_2024_T1,matching_original_identifier_and_class,not_certified_requires_population_and_entity_scope_audit,different_fiscal_unit_classes_cannot_be_summed,5868352.14,6009828.59,1679.55,1751.12,354554.00,219520.00,1446530.12,1622679.48,4067268.02,4167629.11
082265006054,08,municipality,Gemeinde Mühlhausen,Gemeinde Mühlhausen,kreisangehörige Gemeinde,kreisangehörige Gemeinde,08226054,08226054,8843,8775,STATISTIKPORTAL_INTEGRATED_2023_T1,STATISTIKPORTAL_INTEGRATED_2024_T1,matching_original_identifier_and_class,not_certified_requires_population_and_entity_scope_audit,different_fiscal_unit_classes_cannot_be_summed,14408528.84,13424226.48,1629.37,1529.83,4641866.00,5059764.00,4526583.76,1361912.73,5240079.08,7002549.75
082265006065,08,municipality,Stadt Rauenberg,Stadt Rauenberg,kreisangehörige Gemeinde,kreisangehörige Gemeinde,08226065,08226065,8733,8690,STATISTIKPORTAL_INTEGRATED_2023_T1,STATISTIKPORTAL_INTEGRATED_2024_T1,matching_original_identifier_and_class,not_certified_requires_population_and_entity_scope_audit,different_fiscal_unit_classes_cannot_be_summed,22443991.92,24439733.48,2570.02,2812.40,7612924.00,10168795.00,3929365.84,666534.73,10901702.08,13604403.75
082265007027,08,municipality,Gemeinde Heddesbach,Gemeinde Heddesbach,kreisangehörige Gemeinde,kreisangehörige Gemeinde,08226027,08226027,459,489,STATISTIKPORTAL_INTEGRATED_2023_T1,STATISTIKPORTAL_INTEGRATED_2024_T1,matching_original_identifier_and_class,not_certified_requires_population_and_entity_scope_audit,different_fiscal_unit_classes_cannot_be_summed,3783346.63,3964308.83,8242.59,8106.97,264696.00,258812.00,625355.48,666534.73,2893295.15,3038962.10
082265007029,08,municipality,Gemeinde Heiligkreuzsteinach,Gemeinde Heiligkreuzsteinach,kreisangehörige Gemeinde,kreisangehörige Gemeinde,08226029,08226029,2622,2578,STATISTIKPORTAL_INTEGRATED_2023_T1,STATISTIKPORTAL_INTEGRATED_2024_T1,matching_original_identifier_and_class,not_certified_requires_population_and_entity_scope_audit,different_fiscal_unit_classes_cannot_be_summed,4364009.49,4439240.33,1664.38,1721.97,579055.00,500683.00,625355.48,666534.73,3159599.01,3272022.60
082265007080,08,municipality,Stadt Schönau,Stadt Schönau,kreisangehörige Gemeinde,kreisangehörige Gemeinde,08226080,08226080,4440,4369,STATISTIKPORTAL_INTEGRATED_2023_T1,STATISTIKPORTAL_INTEGRATED_2024_T1,matching_original_identifier_and_class,not_certified_requires_population_and_entity_scope_audit,different_fiscal_unit_classes_cannot_be_summed,6020082.49,5881969.81,1355.87,1346.30,1378800.00,1179514.00,625355.48,666534.73,4015927.01,4035921.08
082265007099,08,municipality,Gemeinde Wilhelmsfeld,Gemeinde Wilhelmsfeld,kreisangehörige Gemeinde,kreisangehörige Gemeinde,08226099,08226099,3251,3318,STATISTIKPORTAL_INTEGRATED_2023_T1,STATISTIKPORTAL_INTEGRATED_2024_T1,matching_original_identifier_and_class,not_certified_requires_population_and_entity_scope_audit,different_fiscal_unit_classes_cannot_be_summed,5024470.59,5019048.70,1545.52,1512.67,1171451.00,1020923.00,625355.48,666534.73,3227664.11,3331590.97
082265008085,08,municipality,Große Kreisstadt Sinsheim,Große Kreisstadt Sinsheim,kreisangehörige Gemeinde,kreisangehörige Gemeinde,08226085,08226085,36787,37195,STATISTIKPORTAL_INTEGRATED_2023_T1,STATISTIKPORTAL_INTEGRATED_2024_T1,matching_original_identifier_and_class,not_certified_requires_population_and_entity_scope_audit,different_fiscal_unit_classes_cannot_be_summed,101098901.87,102293791.27,2748.22,2750.20,17684647.00,16260682.00,1720155.65,1699212.61,81694099.22,84333896.66
082265008101,08,municipality,Gemeinde Zuzenhausen,Gemeinde Zuzenhausen,kreisangehörige Gemeinde,kreisangehörige Gemeinde,08226101,08226101,2302,2338,STATISTIKPORTAL_INTEGRATED_2023_T1,STATISTIKPORTAL_INTEGRATED_2024_T1,matching_original_identifier_and_class,not_certified_requires_population_and_entity_scope_audit,different_fiscal_unit_classes_cannot_be_summed,5481300.19,5543143.57,2381.10,2370.89,0.00,0.00,709701.14,740355.10,4771599.05,4802788.47
082265008102,08,municipality,Gemeinde Angelbachtal,Gemeinde Angelbachtal,kreisangehörige Gemeinde,kreisangehörige Gemeinde,08226102,08226102,5182,5277,STATISTIKPORTAL_INTEGRATED_2023_T1,STATISTIKPORTAL_INTEGRATED_2024_T1,matching_original_identifier_and_class,not_certified_requires_population_and_entity_scope_audit,different_fiscal_unit_classes_cannot_be_summed,7974281.42,7859943.87,1538.84,1489.47,2210594.00,2038072.00,600299.32,639125.02,5163388.10,5182746.85
082265009017,08,municipality,Gemeinde Epfenbach,Gemeinde Epfenbach,kreisangehörige Gemeinde,kreisangehörige Gemeinde,08226017,08226017,2398,2427,STATISTIKPORTAL_INTEGRATED_2023_T1,STATISTIKPORTAL_INTEGRATED_2024_T1,matching_original_identifier_and_class,not_certified_requires_population_and_entity_scope_audit,different_fiscal_unit_classes_cannot_be_summed,5809558.51,5751677.55,2422.67,2369.87,1837878.00,1706802.00,612656.16,647185.67,3359024.35,3397689.88
082265009055,08,municipality,Stadt Neckarbischofsheim,Stadt Neckarbischofsheim,kreisangehörige Gemeinde,kreisangehörige Gemeinde,08226055,08226055,4227,4186,STATISTIKPORTAL_INTEGRATED_2023_T1,STATISTIKPORTAL_INTEGRATED_2024_T1,matching_original_identifier_and_class,not_certified_requires_population_and_entity_scope_audit,different_fiscal_unit_classes_cannot_be_summed,12114119.11,12503095.25,2865.89,2986.88,4182473.00,3846725.00,816537.14,834916.07,7115108.97,7821454.18
082265009058,08,municipality,Gemeinde Neidenstein,Gemeinde Neidenstein,kreisangehörige Gemeinde,kreisangehörige Gemeinde,08226058,08226058,1734,1772,STATISTIKPORTAL_INTEGRATED_2023_T1,STATISTIKPORTAL_INTEGRATED_2024_T1,matching_original_identifier_and_class,not_certified_requires_population_and_entity_scope_audit,different_fiscal_unit_classes_cannot_be_summed,6522812.77,6451556.72,3761.71,3640.83,1376625.00,1217125.00,1198641.42,1190716.26,3947546.35,4043715.46
082265009066,08,municipality,Gemeinde Reichartshausen,Gemeinde Reichartshausen,kreisangehörige Gemeinde,kreisangehörige Gemeinde,08226066,08226066,2111,2160,STATISTIKPORTAL_INTEGRATED_2023_T1,STATISTIKPORTAL_INTEGRATED_2024_T1,matching_original_identifier_and_class,not_certified_requires_population_and_entity_scope_audit,different_fiscal_unit_classes_cannot_be_summed,5418116.36,5709535.58,2566.61,2643.30,347311.00,222243.00,614898.81,649265.84,4455906.55,4838026.74
082265009091,08,municipality,Stadt Waibstadt,Stadt Waibstadt,kreisangehörige Gemeinde,kreisangehörige Gemeinde,08226091,08226091,5733,5785,STATISTIKPORTAL_INTEGRATED_2023_T1,STATISTIKPORTAL_INTEGRATED_2024_T1,matching_original_identifier_and_class,not_certified_requires_population_and_entity_scope_audit,different_fiscal_unit_classes_cannot_be_summed,18051497.45,17605093.40,3148.70,3043.23,4207278.00,3963284.00,2271649.57,2183471.70,11572569.88,11458337.70
082265009106,08,municipality,Gemeinde Helmstadt-Bargen,Gemeinde Helmstadt-Bargen,kreisangehörige Gemeinde,kreisangehörige Gemeinde,08226106,08226106,3912,3877,STATISTIKPORTAL_INTEGRATED_2023_T1,STATISTIKPORTAL_INTEGRATED_2024_T1,matching_original_identifier_and_class,not_certified_requires_population_and_entity_scope_audit,different_fiscal_unit_classes_cannot_be_summed,12079928.25,12501986.94,3087.92,3224.65,3547568.00,3257433.00,1171643.81,1164540.81,7360716.44,8080013.13
082265010010,08,municipality,Gemeinde Dielheim,Gemeinde Dielheim,kreisangehörige Gemeinde,kreisangehörige Gemeinde,08226010,08226010,9194,9144,STATISTIKPORTAL_INTEGRATED_2023_T1,STATISTIKPORTAL_INTEGRATED_2024_T1,matching_original_identifier_and_class,not_certified_requires_population_and_entity_scope_audit,different_fiscal_unit_classes_cannot_be_summed,7318702.52,5879389.47,796.03,642.98,260000.00,220000.00,3929365.84,666534.73,3129336.68,4992854.74
082265010098,08,municipality,Große Kreisstadt Wiesloch,Große Kreisstadt Wiesloch,kreisangehörige Gemeinde,kreisangehörige Gemeinde,08226098,08226098,26998,27631,STATISTIKPORTAL_INTEGRATED_2023_T1,STATISTIKPORTAL_INTEGRATED_2024_T1,matching_original_identifier_and_class,not_certified_requires_population_and_entity_scope_audit,different_fiscal_unit_classes_cannot_be_summed,88238494.41,89695300.21,3268.33,3246.18,33857858.00,37416770.00,10536924.02,666534.73,43843712.39,51611995.48
082310000000,08,municipality,"Stadt Pforzheim, Stadtkreis","Stadt Pforzheim, Stadtkreis",Stadtkreis,Stadtkreis,08231000,08231000,128364,134973,STATISTIKPORTAL_INTEGRATED_2023_T1,STATISTIKPORTAL_INTEGRATED_2024_T1,matching_original_identifier_and_class,not_certified_requires_population_and_entity_scope_audit,different_fiscal_unit_classes_cannot_be_summed,484233242.54,483384917.08,3772.34,3581.35,91091784.00,80066541.00,5801495.83,22048697.20,387339962.71,381269678.88
08235,08,county_administration,Landratsamt Calw,Landratsamt Calw,Landkreis,Landkreis,,,163398,161350,STATISTIKPORTAL_INTEGRATED_2023_T1,STATISTIKPORTAL_INTEGRATED_2024_T1,matching_original_identifier_and_class,not_certified_requires_population_and_entity_scope_audit,different_fiscal_unit_classes_cannot_be_summed,325902978.01,402181639.58,1994.53,2492.60,39112714.00,41639986.00,134370784.57,178051388.79,152419479.44,182490264.79
082350065065,08,municipality,Gemeinde Schömberg (LKR Calw),Gemeinde Schömberg (LKR Calw),kreisangehörige Gemeinde,kreisangehörige Gemeinde,08235065,08235065,8142,7630,STATISTIKPORTAL_INTEGRATED_2023_T1,STATISTIKPORTAL_INTEGRATED_2024_T1,matching_original_identifier_and_class,not_certified_requires_population_and_entity_scope_audit,different_fiscal_unit_classes_cannot_be_summed,12817440.33,13813236.17,1574.24,1810.38,10571350.00,11843417.00,266075.01,263787.70,1980015.32,1706031.47
082350080080,08,municipality,Stadt Wildberg,Stadt Wildberg,kreisangehörige Gemeinde,kreisangehörige Gemeinde,08235080,08235080,10393,10023,STATISTIKPORTAL_INTEGRATED_2023_T1,STATISTIKPORTAL_INTEGRATED_2024_T1,matching_original_identifier_and_class,not_certified_requires_population_and_entity_scope_audit,different_fiscal_unit_classes_cannot_be_summed,20785666.69,20809140.45,1999.97,2076.14,6752010.00,6752010.00,3260.00,486.00,14030396.69,14056644.45
082355001006,08,municipality,Stadt Altensteig,Stadt Altensteig,kreisangehörige Gemeinde,kreisangehörige Gemeinde,08235006,08235006,10958,10836,STATISTIKPORTAL_INTEGRATED_2023_T1,STATISTIKPORTAL_INTEGRATED_2024_T1,matching_original_identifier_and_class,not_certified_requires_population_and_entity_scope_audit,different_fiscal_unit_classes_cannot_be_summed,77306166.75,85387697.88,7054.77,7880.00,22670571.00,26754788.00,433284.00,348095.40,54202311.75,58284814.48
082355001022,08,municipality,Gemeinde Egenhausen,Gemeinde Egenhausen,kreisangehörige Gemeinde,kreisangehörige Gemeinde,08235022,08235022,2132,2072,STATISTIKPORTAL_INTEGRATED_2023_T1,STATISTIKPORTAL_INTEGRATED_2024_T1,matching_original_identifier_and_class,not_certified_requires_population_and_entity_scope_audit,different_fiscal_unit_classes_cannot_be_summed,289224.89,258217.89,135.66,124.62,0.00,0.00,288046.00,231577.60,1178.89,26640.29
082355001066,08,municipality,Gemeinde Simmersfeld,Gemeinde Simmersfeld,kreisangehörige Gemeinde,kreisangehörige Gemeinde,08235066,08235066,2236,2218,STATISTIKPORTAL_INTEGRATED_2023_T1,STATISTIKPORTAL_INTEGRATED_2024_T1,matching_original_identifier_and_class,not_certified_requires_population_and_entity_scope_audit,different_fiscal_unit_classes_cannot_be_summed,4967219.24,6339065.22,2221.48,2858.01,1825000.00,3622368.00,0.02,428.25,3142219.22,2716268.97
082355002007,08,municipality,Gemeinde Althengstett,Gemeinde Althengstett,kreisangehörige Gemeinde,kreisangehörige Gemeinde,08235007,08235007,7998,7875,STATISTIKPORTAL_INTEGRATED_2023_T1,STATISTIKPORTAL_INTEGRATED_2024_T1,matching_original_identifier_and_class,not_certified_requires_population_and_entity_scope_audit,different_fiscal_unit_classes_cannot_be_summed,17848572.20,22499311.52,2231.63,2857.06,8579977.00,9439663.00,7658291.70,11170608.90,1610303.50,1889039.62
082355002029,08,municipality,Gemeinde Gechingen,Gemeinde Gechingen,kreisangehörige Gemeinde,kreisangehörige Gemeinde,08235029,08235029,3769,3629,STATISTIKPORTAL_INTEGRATED_2023_T1,STATISTIKPORTAL_INTEGRATED_2024_T1,matching_original_identifier_and_class,not_certified_requires_population_and_entity_scope_audit,different_fiscal_unit_classes_cannot_be_summed,1822894.07,2422396.31,483.65,667.51,0.00,1000000.00,0.00,0.00,1822894.07,1422396.31
082355002057,08,municipality,Gemeinde Ostelsheim,Gemeinde Ostelsheim,kreisangehörige Gemeinde,kreisangehörige Gemeinde,08235057,08235057,2611,2563,STATISTIKPORTAL_INTEGRATED_2023_T1,STATISTIKPORTAL_INTEGRATED_2024_T1,matching_original_identifier_and_class,not_certified_requires_population_and_entity_scope_audit,different_fiscal_unit_classes_cannot_be_summed,3974928.89,5724862.95,1522.38,2233.66,0.00,0.00,3829145.85,5585304.45,145783.04,139558.50
082355002067,08,municipality,Gemeinde Simmozheim,Gemeinde Simmozheim,kreisangehörige Gemeinde,kreisangehörige Gemeinde,08235067,08235067,2913,2787,STATISTIKPORTAL_INTEGRATED_2023_T1,STATISTIKPORTAL_INTEGRATED_2024_T1,matching_original_identifier_and_class,not_certified_requires_population_and_entity_scope_audit,different_fiscal_unit_classes_cannot_be_summed,1178.51,775.15,0.40,0.28,0.00,0.00,0.00,0.00,1178.51,775.15
082355003018,08,municipality,Gemeinde Dobel,Gemeinde Dobel,kreisangehörige Gemeinde,kreisangehörige Gemeinde,08235018,08235018,2426,2295,STATISTIKPORTAL_INTEGRATED_2023_T1,STATISTIKPORTAL_INTEGRATED_2024_T1,matching_original_identifier_and_class,not_certified_requires_population_and_entity_scope_audit,different_fiscal_unit_classes_cannot_be_summed,6431597.46,5833096.74,2651.11,2541.65,5214372.00,4375231.00,836.09,515.01,1216389.37,1457350.73
082355003033,08,municipality,Stadt Bad Herrenalb,Stadt Bad Herrenalb,kreisangehörige Gemeinde,kreisangehörige Gemeinde,08235033,08235033,8237,7702,STATISTIKPORTAL_INTEGRATED_2023_T1,STATISTIKPORTAL_INTEGRATED_2024_T1,matching_original_identifier_and_class,not_certified_requires_population_and_entity_scope_audit,different_fiscal_unit_classes_cannot_be_summed,29459932.01,31868511.59,3576.54,4137.69,27293678.00,27537501.00,5274.39,3169.44,2160979.62,4327841.15
082355004008,08,municipality,Stadt Bad Liebenzell,Stadt Bad Liebenzell,kreisangehörige Gemeinde,kreisangehörige Gemeinde,08235008,08235008,9732,9307,STATISTIKPORTAL_INTEGRATED_2023_T1,STATISTIKPORTAL_INTEGRATED_2024_T1,matching_original_identifier_and_class,not_certified_requires_population_and_entity_scope_audit,different_fiscal_unit_classes_cannot_be_summed,77437774.33,87804756.73,7957.03,9434.27,44712873.00,52856739.00,214622.01,333362.70,32510279.32,34614655.03
082355004073,08,municipality,Gemeinde Unterreichenbach,Gemeinde Unterreichenbach,kreisangehörige Gemeinde,kreisangehörige Gemeinde,08235073,08235073,2421,2405,STATISTIKPORTAL_INTEGRATED_2023_T1,STATISTIKPORTAL_INTEGRATED_2024_T1,matching_original_identifier_and_class,not_certified_requires_population_and_entity_scope_audit,different_fiscal_unit_classes_cannot_be_summed,3075691.95,4895073.67,1270.42,2035.37,2664046.00,4510823.00,0.00,0.00,411645.95,384250.67
082355005047,08,municipality,Stadt Neubulach,Stadt Neubulach,kreisangehörige Gemeinde,kreisangehörige Gemeinde,08235047,08235047,5807,5699,STATISTIKPORTAL_INTEGRATED_2023_T1,STATISTIKPORTAL_INTEGRATED_2024_T1,matching_original_identifier_and_class,not_certified_requires_population_and_entity_scope_audit,different_fiscal_unit_classes_cannot_be_summed,7373353.62,6378024.08,1269.74,1119.15,2280696.00,2064320.00,405.03,956.80,5092252.59,4312747.28
082355005050,08,municipality,Gemeinde Neuweiler,Gemeinde Neuweiler,kreisangehörige Gemeinde,kreisangehörige Gemeinde,08235050,08235050,3215,3139,STATISTIKPORTAL_INTEGRATED_2023_T1,STATISTIKPORTAL_INTEGRATED_2024_T1,matching_original_identifier_and_class,not_certified_requires_population_and_entity_scope_audit,different_fiscal_unit_classes_cannot_be_summed,3364890.06,4932403.50,1046.62,1571.33,2664124.00,4241826.00,405.00,243.00,700361.06,690334.50
082355005084,08,municipality,Stadt Bad Teinach-Zavelstein,Stadt Bad Teinach-Zavelstein,kreisangehörige Gemeinde,kreisangehörige Gemeinde,08235084,08235084,3252,3156,STATISTIKPORTAL_INTEGRATED_2023_T1,STATISTIKPORTAL_INTEGRATED_2024_T1,matching_original_identifier_and_class,not_certified_requires_population_and_entity_scope_audit,different_fiscal_unit_classes_cannot_be_summed,3019864.66,2505386.18,928.62,793.85,0.00,0.00,1215.01,56806.26,3018649.65,2448579.92
082355006055,08,municipality,Gemeinde Oberreichenbach,Gemeinde Oberreichenbach,kreisangehörige Gemeinde,kreisangehörige Gemeinde,08235055,08235055,3073,2987,STATISTIKPORTAL_INTEGRATED_2023_T1,STATISTIKPORTAL_INTEGRATED_2024_T1,matching_original_identifier_and_class,not_certified_requires_population_and_entity_scope_audit,different_fiscal_unit_classes_cannot_be_summed,654965.31,673878.83,213.14,225.60,232113.00,178030.00,0.00,111866.04,422852.31,383982.79
082355006085,08,municipality,Große Kreisstadt Calw,Große Kreisstadt Calw,kreisangehörige Gemeinde,kreisangehörige Gemeinde,08235085,08235085,24434,25079,STATISTIKPORTAL_INTEGRATED_2023_T1,STATISTIKPORTAL_INTEGRATED_2024_T1,matching_original_identifier_and_class,not_certified_requires_population_and_entity_scope_audit,different_fiscal_unit_classes_cannot_be_summed,134408567.31,152739072.82,5500.88,6090.32,24481115.00,30838078.00,26805640.95,39237939.55,83121811.36,82663055.27
082355007020,08,municipality,Gemeinde Ebhausen,Gemeinde Ebhausen,kreisangehörige Gemeinde,kreisangehörige Gemeinde,08235020,08235020,4827,4888,STATISTIKPORTAL_INTEGRATED_2023_T1,STATISTIKPORTAL_INTEGRATED_2024_T1,matching_original_identifier_and_class,not_certified_requires_population_and_entity_scope_audit,different_fiscal_unit_classes_cannot_be_summed,7717614.16,7754126.99,1598.84,1586.36,3327777.00,3571393.00,1225.00,0.00,4388612.16,4182733.99
082355007032,08,municipality,Stadt Haiterbach,Stadt Haiterbach,kreisangehörige Gemeinde,kreisangehörige Gemeinde,08235032,08235032,6005,5882,STATISTIKPORTAL_INTEGRATED_2023_T1,STATISTIKPORTAL_INTEGRATED_2024_T1,matching_original_identifier_and_class,not_certified_requires_population_and_entity_scope_audit,different_fiscal_unit_classes_cannot_be_summed,18059947.11,17137394.65,3007.48,2913.53,8346442.00,7754822.00,1400.03,713.80,9712105.08,9381858.85
082355007046,08,municipality,Große Kreisstadt Nagold,Große Kreisstadt Nagold,kreisangehörige Gemeinde,kreisangehörige Gemeinde,08235046,08235046,23168,23877,STATISTIKPORTAL_INTEGRATED_2023_T1,STATISTIKPORTAL_INTEGRATED_2024_T1,matching_original_identifier_and_class,not_certified_requires_population_and_entity_scope_audit,different_fiscal_unit_classes_cannot_be_summed,82435078.30,82604741.18,3558.14,3459.59,9040268.00,8249092.00,9560.00,486.00,73385250.30,74355163.18
082355007060,08,municipality,Gemeinde Rohrdorf,Gemeinde Rohrdorf,kreisangehörige Gemeinde,kreisangehörige Gemeinde,08235060,08235060,1966,1960,STATISTIKPORTAL_INTEGRATED_2023_T1,STATISTIKPORTAL_INTEGRATED_2024_T1,matching_original_identifier_and_class,not_certified_requires_population_and_entity_scope_audit,different_fiscal_unit_classes_cannot_be_summed,1698741.74,1611511.42,864.06,822.20,453180.00,422990.00,525.00,0.00,1245036.74,1188521.42
082355008025,08,municipality,Gemeinde Enzklösterle,Gemeinde Enzklösterle,kreisangehörige Gemeinde,kreisangehörige Gemeinde,08235025,08235025,1424,1280,STATISTIKPORTAL_INTEGRATED_2023_T1,STATISTIKPORTAL_INTEGRATED_2024_T1,matching_original_identifier_and_class,not_certified_requires_population_and_entity_scope_audit,different_fiscal_unit_classes_cannot_be_summed,4462486.31,4452031.79,3133.77,3478.15,4249156.00,4249156.00,1620.00,972.00,211710.31,201903.79
082355008035,08,municipality,Gemeinde Höfen an der Enz,Gemeinde Höfen an der Enz,kreisangehörige Gemeinde,kreisangehörige Gemeinde,08235035,08235035,1725,1640,STATISTIKPORTAL_INTEGRATED_2023_T1,STATISTIKPORTAL_INTEGRATED_2024_T1,matching_original_identifier_and_class,not_certified_requires_population_and_entity_scope_audit,different_fiscal_unit_classes_cannot_be_summed,4144792.50,4084630.50,2402.78,2490.63,4144000.00,4084000.00,405.00,243.00,387.50,387.50
082355008079,08,municipality,Stadt Bad Wildbad im Schwarzwald,Stadt Bad Wildbad im Schwarzwald,kreisangehörige Gemeinde,kreisangehörige Gemeinde,08235079,08235079,10534,10421,STATISTIKPORTAL_INTEGRATED_2023_T1,STATISTIKPORTAL_INTEGRATED_2024_T1,matching_original_identifier_and_class,not_certified_requires_population_and_entity_scope_audit,different_fiscal_unit_classes_cannot_be_summed,37916298.62,36522214.23,3599.42,3504.67,23279249.00,22414407.00,586995.01,552347.48,14050054.61,13555459.75
08236,08,county_administration,Landratsamt Enzkreis,Landratsamt Enzkreis,Landkreis,Landkreis,,,202944,199609,STATISTIKPORTAL_INTEGRATED_2023_T1,STATISTIKPORTAL_INTEGRATED_2024_T1,matching_original_identifier_and_class,not_certified_requires_population_and_entity_scope_audit,different_fiscal_unit_classes_cannot_be_summed,171695869.54,202978004.26,846.03,1016.88,17066513.00,14338989.00,5765569.54,5649396.06,148863787.00,182989619.20
082360004004,08,municipality,Gemeinde Birkenfeld,Gemeinde Birkenfeld,kreisangehörige Gemeinde,kreisangehörige Gemeinde,08236004,08236004,10238,10222,STATISTIKPORTAL_INTEGRATED_2023_T1,STATISTIKPORTAL_INTEGRATED_2024_T1,matching_original_identifier_and_class,not_certified_requires_population_and_entity_scope_audit,different_fiscal_unit_classes_cannot_be_summed,17208433.56,24879723.47,1680.84,2433.94,0.00,0.00,69.61,1076.72,17208363.95,24878646.75
082360028028,08,municipality,Gemeinde Illingen,Gemeinde Illingen,kreisangehörige Gemeinde,kreisangehörige Gemeinde,08236028,08236028,7974,7833,STATISTIKPORTAL_INTEGRATED_2023_T1,STATISTIKPORTAL_INTEGRATED_2024_T1,matching_original_identifier_and_class,not_certified_requires_population_and_entity_scope_audit,different_fiscal_unit_classes_cannot_be_summed,449849.04,1591919.68,56.41,203.23,0.00,0.00,50556.72,50578.53,399292.32,1541341.15
082360030030,08,municipality,Gemeinde Ispringen,Gemeinde Ispringen,kreisangehörige Gemeinde,kreisangehörige Gemeinde,08236030,08236030,6081,5920,STATISTIKPORTAL_INTEGRATED_2023_T1,STATISTIKPORTAL_INTEGRATED_2024_T1,matching_original_identifier_and_class,not_certified_requires_population_and_entity_scope_audit,different_fiscal_unit_classes_cannot_be_summed,1369044.29,6331780.63,225.13,1069.56,0.00,5000000.00,467187.56,444765.75,901856.73,887014.88
082360033033,08,municipality,Stadt Knittlingen,Stadt Knittlingen,kreisangehörige Gemeinde,kreisangehörige Gemeinde,08236033,08236033,8230,8114,STATISTIKPORTAL_INTEGRATED_2023_T1,STATISTIKPORTAL_INTEGRATED_2024_T1,matching_original_identifier_and_class,not_certified_requires_population_and_entity_scope_audit,different_fiscal_unit_classes_cannot_be_summed,17072579.75,17480154.29,2074.43,2154.32,4123764.00,8123160.00,9367884.54,0.00,3580931.21,9356994.29
082360046046,08,municipality,Gemeinde Niefern-Öschelbronn,Gemeinde Niefern-Öschelbronn,kreisangehörige Gemeinde,kreisangehörige Gemeinde,08236046,08236046,12516,12368,STATISTIKPORTAL_INTEGRATED_2023_T1,STATISTIKPORTAL_INTEGRATED_2024_T1,matching_original_identifier_and_class,not_certified_requires_population_and_entity_scope_audit,different_fiscal_unit_classes_cannot_be_summed,367740.66,1583993.06,29.38,128.07,0.00,0.00,0.00,0.00,367740.66,1583993.06
082360070070,08,municipality,Gemeinde Keltern,Gemeinde Keltern,kreisangehörige Gemeinde,kreisangehörige Gemeinde,08236070,08236070,9104,8710,STATISTIKPORTAL_INTEGRATED_2023_T1,STATISTIKPORTAL_INTEGRATED_2024_T1,matching_original_identifier_and_class,not_certified_requires_population_and_entity_scope_audit,different_fiscal_unit_classes_cannot_be_summed,2007611.87,2919095.83,220.52,335.14,0.00,0.00,0.00,0.00,2007611.87,2919095.83
082360071071,08,municipality,Gemeinde Remchingen,Gemeinde Remchingen,kreisangehörige Gemeinde,kreisangehörige Gemeinde,08236071,08236071,11964,11754,STATISTIKPORTAL_INTEGRATED_2023_T1,STATISTIKPORTAL_INTEGRATED_2024_T1,matching_original_identifier_and_class,not_certified_requires_population_and_entity_scope_audit,different_fiscal_unit_classes_cannot_be_summed,7331058.63,7553614.93,612.76,642.64,2299408.00,2101760.00,94.53,663.91,5031556.10,5451191.02
082360072072,08,municipality,Gemeinde Straubenhardt,Gemeinde Straubenhardt,kreisangehörige Gemeinde,kreisangehörige Gemeinde,08236072,08236072,11466,11397,STATISTIKPORTAL_INTEGRATED_2023_T1,STATISTIKPORTAL_INTEGRATED_2024_T1,matching_original_identifier_and_class,not_certified_requires_population_and_entity_scope_audit,different_fiscal_unit_classes_cannot_be_summed,13331245.24,16064126.32,1162.68,1409.50,688373.00,603916.00,60.88,67.70,12642811.36,15460142.62
082365001019,08,municipality,Gemeinde Friolzheim,Gemeinde Friolzheim,kreisangehörige Gemeinde,kreisangehörige Gemeinde,08236019,08236019,4308,4044,STATISTIKPORTAL_INTEGRATED_2023_T1,STATISTIKPORTAL_INTEGRATED_2024_T1,matching_original_identifier_and_class,not_certified_requires_population_and_entity_scope_audit,different_fiscal_unit_classes_cannot_be_summed,1271925.45,2305140.87,295.25,570.02,864311.00,780875.00,0.00,0.00,407614.45,1524265.87
082365001025,08,municipality,Stadt Heimsheim,Stadt Heimsheim,kreisangehörige Gemeinde,kreisangehörige Gemeinde,08236025,08236025,5543,5484,STATISTIKPORTAL_INTEGRATED_2023_T1,STATISTIKPORTAL_INTEGRATED_2024_T1,matching_original_identifier_and_class,not_certified_requires_population_and_entity_scope_audit,different_fiscal_unit_classes_cannot_be_summed,2661557.78,3739932.73,480.17,681.97,206761.00,42445.00,0.00,0.00,2454796.78,3697487.73
082365001039,08,municipality,Gemeinde Mönsheim,Gemeinde Mönsheim,kreisangehörige Gemeinde,kreisangehörige Gemeinde,08236039,08236039,3041,2921,STATISTIKPORTAL_INTEGRATED_2023_T1,STATISTIKPORTAL_INTEGRATED_2024_T1,matching_original_identifier_and_class,not_certified_requires_population_and_entity_scope_audit,different_fiscal_unit_classes_cannot_be_summed,6706845.88,7110023.54,2205.47,2434.11,1557381.00,1480536.00,152217.25,81705.25,4997247.63,5547782.29
082365001065,08,municipality,Gemeinde Wiernsheim,Gemeinde Wiernsheim,kreisangehörige Gemeinde,kreisangehörige Gemeinde,08236065,08236065,6942,6829,STATISTIKPORTAL_INTEGRATED_2023_T1,STATISTIKPORTAL_INTEGRATED_2024_T1,matching_original_identifier_and_class,not_certified_requires_population_and_entity_scope_audit,different_fiscal_unit_classes_cannot_be_summed,11344797.71,11388344.35,1634.23,1667.64,6156150.00,6250250.00,152217.25,81705.25,5036430.46,5056389.10
082365001067,08,municipality,Gemeinde Wimsheim,Gemeinde Wimsheim,kreisangehörige Gemeinde,kreisangehörige Gemeinde,08236067,08236067,2853,2837,STATISTIKPORTAL_INTEGRATED_2023_T1,STATISTIKPORTAL_INTEGRATED_2024_T1,matching_original_identifier_and_class,not_certified_requires_population_and_entity_scope_audit,different_fiscal_unit_classes_cannot_be_summed,4836006.83,5322533.90,1695.06,1876.11,4257585.00,3720450.00,152217.25,81705.25,426204.58,1520378.65
082365001068,08,municipality,Gemeinde Wurmberg,Gemeinde Wurmberg,kreisangehörige Gemeinde,kreisangehörige Gemeinde,08236068,08236068,3295,3263,STATISTIKPORTAL_INTEGRATED_2023_T1,STATISTIKPORTAL_INTEGRATED_2024_T1,matching_original_identifier_and_class,not_certified_requires_population_and_entity_scope_audit,different_fiscal_unit_classes_cannot_be_summed,1126864.37,2135103.96,341.99,654.34,477770.00,413242.00,152217.25,81705.25,496877.12,1640156.71
082365002011,08,municipality,Gemeinde Eisingen,Gemeinde Eisingen,kreisangehörige Gemeinde,kreisangehörige Gemeinde,08236011,08236011,4822,4671,STATISTIKPORTAL_INTEGRATED_2023_T1,STATISTIKPORTAL_INTEGRATED_2024_T1,matching_original_identifier_and_class,not_certified_requires_population_and_entity_scope_audit,different_fiscal_unit_classes_cannot_be_summed,2045373.99,2995698.41,424.18,641.34,0.00,0.00,467187.56,444866.45,1578186.43,2550831.96
082365002074,08,municipality,Gemeinde Kämpfelbach,Gemeinde Kämpfelbach,kreisangehörige Gemeinde,kreisangehörige Gemeinde,08236074,08236074,6452,6297,STATISTIKPORTAL_INTEGRATED_2023_T1,STATISTIKPORTAL_INTEGRATED_2024_T1,matching_original_identifier_and_class,not_certified_requires_population_and_entity_scope_audit,different_fiscal_unit_classes_cannot_be_summed,2980709.48,3881155.96,461.98,616.35,0.00,0.00,622916.75,593088.01,2357792.73,3288067.95
082365002076,08,municipality,Gemeinde Königsbach-Stein,Gemeinde Königsbach-Stein,kreisangehörige Gemeinde,kreisangehörige Gemeinde,08236076,08236076,10268,10120,STATISTIKPORTAL_INTEGRATED_2023_T1,STATISTIKPORTAL_INTEGRATED_2024_T1,matching_original_identifier_and_class,not_certified_requires_population_and_entity_scope_audit,different_fiscal_unit_classes_cannot_be_summed,2454150.18,3360057.55,239.01,332.02,776250.00,661250.00,934375.13,889531.50,743525.05,1809276.05
082365003038,08,municipality,Stadt Maulbronn,Stadt Maulbronn,kreisangehörige Gemeinde,kreisangehörige Gemeinde,08236038,08236038,6678,6420,STATISTIKPORTAL_INTEGRATED_2023_T1,STATISTIKPORTAL_INTEGRATED_2024_T1,matching_original_identifier_and_class,not_certified_requires_population_and_entity_scope_audit,different_fiscal_unit_classes_cannot_be_summed,7519477.26,9122746.41,1126.01,1420.99,0.00,3651834.00,6244975.33,142.70,1274501.93,5470769.71
082365003061,08,municipality,Gemeinde Sternenfels,Gemeinde Sternenfels,kreisangehörige Gemeinde,kreisangehörige Gemeinde,08236061,08236061,2805,2781,STATISTIKPORTAL_INTEGRATED_2023_T1,STATISTIKPORTAL_INTEGRATED_2024_T1,matching_original_identifier_and_class,not_certified_requires_population_and_entity_scope_audit,different_fiscal_unit_classes_cannot_be_summed,3083207.36,4001869.23,1099.18,1439.00,468653.00,412369.00,0.00,0.00,2614554.36,3589500.23
082365004040,08,municipality,Große Kreisstadt Mühlacker,Große Kreisstadt Mühlacker,kreisangehörige Gemeinde,kreisangehörige Gemeinde,08236040,08236040,26591,26877,STATISTIKPORTAL_INTEGRATED_2023_T1,STATISTIKPORTAL_INTEGRATED_2024_T1,matching_original_identifier_and_class,not_certified_requires_population_and_entity_scope_audit,different_fiscal_unit_classes_cannot_be_summed,64117673.18,68274171.58,2411.25,2540.25,14301781.00,14850064.00,606067.00,560693.00,49209825.18,52863414.58
082365004050,08,municipality,Gemeinde Ötisheim,Gemeinde Ötisheim,kreisangehörige Gemeinde,kreisangehörige Gemeinde,08236050,08236050,4774,4744,STATISTIKPORTAL_INTEGRATED_2023_T1,STATISTIKPORTAL_INTEGRATED_2024_T1,matching_original_identifier_and_class,not_certified_requires_population_and_entity_scope_audit,different_fiscal_unit_classes_cannot_be_summed,2809136.87,3791634.53,588.42,799.25,0.00,0.00,0.01,142.70,2809136.86,3791491.83
082365005013,08,municipality,Gemeinde Engelsbrand,Gemeinde Engelsbrand,kreisangehörige Gemeinde,kreisangehörige Gemeinde,08236013,08236013,4531,4449,STATISTIKPORTAL_INTEGRATED_2023_T1,STATISTIKPORTAL_INTEGRATED_2024_T1,matching_original_identifier_and_class,not_certified_requires_population_and_entity_scope_audit,different_fiscal_unit_classes_cannot_be_summed,8259306.13,9018216.85,1822.84,2027.02,3366747.00,3225892.00,0.00,0.00,4892559.13,5792324.85
082365005043,08,municipality,Stadt Neuenbürg,Stadt Neuenbürg,kreisangehörige Gemeinde,kreisangehörige Gemeinde,08236043,08236043,8513,8116,STATISTIKPORTAL_INTEGRATED_2023_T1,STATISTIKPORTAL_INTEGRATED_2024_T1,matching_original_identifier_and_class,not_certified_requires_population_and_entity_scope_audit,different_fiscal_unit_classes_cannot_be_summed,8968088.26,9332986.51,1053.46,1149.95,162500.00,137500.00,1538174.09,1423621.01,7267414.17,7771865.50
082365006031,08,municipality,Gemeinde Kieselbronn,Gemeinde Kieselbronn,kreisangehörige Gemeinde,kreisangehörige Gemeinde,08236031,08236031,3021,2992,STATISTIKPORTAL_INTEGRATED_2023_T1,STATISTIKPORTAL_INTEGRATED_2024_T1,matching_original_identifier_and_class,not_certified_requires_population_and_entity_scope_audit,different_fiscal_unit_classes_cannot_be_summed,957725.82,2898892.79,317.02,968.88,366887.00,251331.00,0.00,0.00,590838.82,2647561.79
082365006073,08,municipality,Gemeinde Neulingen,Gemeinde Neulingen,kreisangehörige Gemeinde,kreisangehörige Gemeinde,08236073,08236073,6694,6527,STATISTIKPORTAL_INTEGRATED_2023_T1,STATISTIKPORTAL_INTEGRATED_2024_T1,matching_original_identifier_and_class,not_certified_requires_population_and_entity_scope_audit,different_fiscal_unit_classes_cannot_be_summed,13067194.87,11681197.06,1952.08,1789.67,1299359.00,1152222.00,6708617.82,471323.50,5059218.05,10057651.56
082365006075,08,municipality,Gemeinde Ölbronn-Dürrn,Gemeinde Ölbronn-Dürrn,kreisangehörige Gemeinde,kreisangehörige Gemeinde,08236075,08236075,3487,3465,STATISTIKPORTAL_INTEGRATED_2023_T1,STATISTIKPORTAL_INTEGRATED_2024_T1,matching_original_identifier_and_class,not_certified_requires_population_and_entity_scope_audit,different_fiscal_unit_classes_cannot_be_summed,11083195.54,8962321.05,3178.43,2586.53,1241533.00,1189813.00,6708617.82,471323.50,3133044.72,7301184.55
082365007044,08,municipality,Gemeinde Neuhausen,Gemeinde Neuhausen,kreisangehörige Gemeinde,kreisangehörige Gemeinde,08236044,08236044,5290,5138,STATISTIKPORTAL_INTEGRATED_2023_T1,STATISTIKPORTAL_INTEGRATED_2024_T1,matching_original_identifier_and_class,not_certified_requires_population_and_entity_scope_audit,different_fiscal_unit_classes_cannot_be_summed,2900971.62,7857529.62,548.39,1529.30,382488.00,3325448.00,1395815.00,2404882.00,1122668.62,2127199.62
082365007062,08,municipality,Gemeinde Tiefenbronn,Gemeinde Tiefenbronn,kreisangehörige Gemeinde,kreisangehörige Gemeinde,08236062,08236062,5463,5316,STATISTIKPORTAL_INTEGRATED_2023_T1,STATISTIKPORTAL_INTEGRATED_2024_T1,matching_original_identifier_and_class,not_certified_requires_population_and_entity_scope_audit,different_fiscal_unit_classes_cannot_be_summed,4742025.22,6600609.09,868.03,1241.65,2275948.00,2072193.00,1395815.00,2404882.00,1070262.22,2123534.09
08237,08,county_administration,Landratsamt Freudenstadt,Landratsamt Freudenstadt,Landkreis,Landkreis,,,121421,121923,STATISTIKPORTAL_INTEGRATED_2023_T1,STATISTIKPORTAL_INTEGRATED_2024_T1,matching_original_identifier_and_class,not_certified_requires_population_and_entity_scope_audit,different_fiscal_unit_classes_cannot_be_summed,429893152.04,393773556.19,3540.52,3229.69,75378262.00,78821350.00,18774743.84,22114777.64,335740146.20,292837428.55
082370002002,08,municipality,Stadt Alpirsbach,Stadt Alpirsbach,kreisangehörige Gemeinde,kreisangehörige Gemeinde,08237002,08237002,6208,6179,STATISTIKPORTAL_INTEGRATED_2023_T1,STATISTIKPORTAL_INTEGRATED_2024_T1,matching_original_identifier_and_class,not_certified_requires_population_and_entity_scope_audit,different_fiscal_unit_classes_cannot_be_summed,10427981.24,11218602.86,1679.77,1815.60,2894888.00,3199062.00,0.00,0.00,7533093.24,8019540.86
082370004004,08,municipality,Gemeinde Baiersbronn,Gemeinde Baiersbronn,kreisangehörige Gemeinde,kreisangehörige Gemeinde,08237004,08237004,15115,15517,STATISTIKPORTAL_INTEGRATED_2023_T1,STATISTIKPORTAL_INTEGRATED_2024_T1,matching_original_identifier_and_class,not_certified_requires_population_and_entity_scope_audit,different_fiscal_unit_classes_cannot_be_summed,20461644.03,24946128.82,1353.73,1607.66,3740675.00,8335395.00,0.00,0.00,16720969.03,16610733.82
082370045045,08,municipality,Gemeinde Loßburg,Gemeinde Loßburg,kreisangehörige Gemeinde,kreisangehörige Gemeinde,08237045,08237045,7837,7854,STATISTIKPORTAL_INTEGRATED_2023_T1,STATISTIKPORTAL_INTEGRATED_2024_T1,matching_original_identifier_and_class,not_certified_requires_population_and_entity_scope_audit,different_fiscal_unit_classes_cannot_be_summed,6859123.31,7984253.29,875.22,1016.58,568333.00,493166.00,0.00,0.00,6290790.31,7491087.29
082375001019,08,municipality,Stadt Dornstetten,Stadt Dornstetten,kreisangehörige Gemeinde,kreisangehörige Gemeinde,08237019,08237019,8307,8211,STATISTIKPORTAL_INTEGRATED_2023_T1,STATISTIKPORTAL_INTEGRATED_2024_T1,matching_original_identifier_and_class,not_certified_requires_population_and_entity_scope_audit,different_fiscal_unit_classes_cannot_be_summed,1128885.35,517033.84,135.90,62.97,539470.00,0.00,0.00,0.00,589415.35,517033.84
082375001030,08,municipality,Gemeinde Glatten,Gemeinde Glatten,kreisangehörige Gemeinde,kreisangehörige Gemeinde,08237030,08237030,2508,2538,STATISTIKPORTAL_INTEGRATED_2023_T1,STATISTIKPORTAL_INTEGRATED_2024_T1,matching_original_identifier_and_class,not_certified_requires_population_and_entity_scope_audit,different_fiscal_unit_classes_cannot_be_summed,884.62,714.47,0.35,0.28,0.00,0.00,0.00,0.00,884.62,714.47
082375001061,08,municipality,Gemeinde Schopfloch,Gemeinde Schopfloch,kreisangehörige Gemeinde,kreisangehörige Gemeinde,08237061,08237061,2601,2624,STATISTIKPORTAL_INTEGRATED_2023_T1,STATISTIKPORTAL_INTEGRATED_2024_T1,matching_original_identifier_and_class,not_certified_requires_population_and_entity_scope_audit,different_fiscal_unit_classes_cannot_be_summed,1582.38,1173.42,0.61,0.45,0.00,0.00,0.00,0.00,1582.38,1173.42
082375001074,08,municipality,Gemeinde Waldachtal,Gemeinde Waldachtal,kreisangehörige Gemeinde,kreisangehörige Gemeinde,08237074,08237074,6318,6306,STATISTIKPORTAL_INTEGRATED_2023_T1,STATISTIKPORTAL_INTEGRATED_2024_T1,matching_original_identifier_and_class,not_certified_requires_population_and_entity_scope_audit,different_fiscal_unit_classes_cannot_be_summed,9795607.69,11379914.55,1550.43,1804.62,2283758.00,3565050.00,0.00,0.00,7511849.69,7814864.55
082375002028,08,municipality,Große Kreisstadt Freudenstadt,Große Kreisstadt Freudenstadt,kreisangehörige Gemeinde,kreisangehörige Gemeinde,08237028,08237028,24242,24390,STATISTIKPORTAL_INTEGRATED_2023_T1,STATISTIKPORTAL_INTEGRATED_2024_T1,matching_original_identifier_and_class,not_certified_requires_population_and_entity_scope_audit,different_fiscal_unit_classes_cannot_be_summed,52107934.62,53174512.48,2149.49,2180.18,11597393.00,12643795.00,1295122.00,1735015.00,39215419.62,38795702.48
082375002073,08,municipality,Gemeinde Seewald,Gemeinde Seewald,kreisangehörige Gemeinde,kreisangehörige Gemeinde,08237073,08237073,2170,2119,STATISTIKPORTAL_INTEGRATED_2023_T1,STATISTIKPORTAL_INTEGRATED_2024_T1,matching_original_identifier_and_class,not_certified_requires_population_and_entity_scope_audit,different_fiscal_unit_classes_cannot_be_summed,115529.40,155360.62,53.24,73.32,0.00,0.00,0.00,0.00,115529.40,155360.62
082375002075,08,municipality,Gemeinde Bad Rippoldsau-Schapbach,Gemeinde Bad Rippoldsau-Schapbach,kreisangehörige Gemeinde,kreisangehörige Gemeinde,08237075,08237075,2062,2042,STATISTIKPORTAL_INTEGRATED_2023_T1,STATISTIKPORTAL_INTEGRATED_2024_T1,matching_original_identifier_and_class,not_certified_requires_population_and_entity_scope_audit,different_fiscal_unit_classes_cannot_be_summed,7102653.55,7193916.60,3444.55,3522.98,3269997.00,3107782.00,28022.67,29032.86,3804633.88,4057101.74
082375003024,08,municipality,Gemeinde Empfingen,Gemeinde Empfingen,kreisangehörige Gemeinde,kreisangehörige Gemeinde,08237024,08237024,4300,4271,STATISTIKPORTAL_INTEGRATED_2023_T1,STATISTIKPORTAL_INTEGRATED_2024_T1,matching_original_identifier_and_class,not_certified_requires_population_and_entity_scope_audit,different_fiscal_unit_classes_cannot_be_summed,1095442.40,530817.20,254.75,124.28,0.00,0.00,1095442.40,0.00,0.00,530817.20
082375003027,08,municipality,Gemeinde Eutingen im Gäu,Gemeinde Eutingen im Gäu,kreisangehörige Gemeinde,kreisangehörige Gemeinde,08237027,08237027,6068,6080,STATISTIKPORTAL_INTEGRATED_2023_T1,STATISTIKPORTAL_INTEGRATED_2024_T1,matching_original_identifier_and_class,not_certified_requires_population_and_entity_scope_audit,different_fiscal_unit_classes_cannot_be_summed,4051762.40,8308658.98,667.73,1366.56,3176312.00,7321419.00,1866.50,0.00,873583.90,987239.98
082375003040,08,municipality,Große Kreisstadt Horb am Neckar,Große Kreisstadt Horb am Neckar,kreisangehörige Gemeinde,kreisangehörige Gemeinde,08237040,08237040,25633,25654,STATISTIKPORTAL_INTEGRATED_2023_T1,STATISTIKPORTAL_INTEGRATED_2024_T1,matching_original_identifier_and_class,not_certified_requires_population_and_entity_scope_audit,different_fiscal_unit_classes_cannot_be_summed,82052749.77,91206929.46,3201.06,3555.27,3918888.00,10961108.00,2190884.80,0.00,75942976.97,80245821.46
082375005032,08,municipality,Gemeinde Grömbach,Gemeinde Grömbach,kreisangehörige Gemeinde,kreisangehörige Gemeinde,08237032,08237032,620,653,STATISTIKPORTAL_INTEGRATED_2023_T1,STATISTIKPORTAL_INTEGRATED_2024_T1,matching_original_identifier_and_class,not_certified_requires_population_and_entity_scope_audit,different_fiscal_unit_classes_cannot_be_summed,615.79,7960.64,0.99,12.19,0.00,0.00,0.00,0.00,615.79,7960.64
082375005054,08,municipality,Gemeinde Pfalzgrafenweiler,Gemeinde Pfalzgrafenweiler,kreisangehörige Gemeinde,kreisangehörige Gemeinde,08237054,08237054,7228,7267,STATISTIKPORTAL_INTEGRATED_2023_T1,STATISTIKPORTAL_INTEGRATED_2024_T1,matching_original_identifier_and_class,not_certified_requires_population_and_entity_scope_audit,different_fiscal_unit_classes_cannot_be_summed,2771.30,186755.42,0.38,25.70,0.00,0.00,0.00,0.00,2771.30,186755.42
082375005072,08,municipality,Gemeinde Wörnersberg,Gemeinde Wörnersberg,kreisangehörige Gemeinde,kreisangehörige Gemeinde,08237072,08237072,204,218,STATISTIKPORTAL_INTEGRATED_2023_T1,STATISTIKPORTAL_INTEGRATED_2024_T1,matching_original_identifier_and_class,not_certified_requires_population_and_entity_scope_audit,different_fiscal_unit_classes_cannot_be_summed,463.57,2910.92,2.27,13.35,0.00,0.00,0.00,0.00,463.57,2910.92
083110000000,08,municipality,"Stadt Freiburg im Breisgau, Stadtkreis","Stadt Freiburg im Breisgau, Stadtkreis",Stadtkreis,Stadtkreis,08311000,08311000,235991,236182,STATISTIKPORTAL_INTEGRATED_2023_T1,STATISTIKPORTAL_INTEGRATED_2024_T1,matching_original_identifier_and_class,not_certified_requires_population_and_entity_scope_audit,different_fiscal_unit_classes_cannot_be_summed,1484717901.84,1595728689.59,6291.42,6756.35,292390598.00,358202038.00,319330896.97,259455178.51,872996406.87,978071473.08
08315,08,county_administration,Landratsamt Breisgau-Hochschwarzwald,Landratsamt Breisgau-Hochschwarzwald,Landkreis,Landkreis,,,272074,273101,STATISTIKPORTAL_INTEGRATED_2023_T1,STATISTIKPORTAL_INTEGRATED_2024_T1,matching_original_identifier_and_class,not_certified_requires_population_and_entity_scope_audit,different_fiscal_unit_classes_cannot_be_summed,218373499.85,170916556.07,802.63,625.84,77148489.00,124355918.00,141088723.12,46398458.21,136287.73,162179.86
083150068068,08,municipality,Gemeinde Lenzkirch,Gemeinde Lenzkirch,kreisangehörige Gemeinde,kreisangehörige Gemeinde,08315068,08315068,5149,5167,STATISTIKPORTAL_INTEGRATED_2023_T1,STATISTIKPORTAL_INTEGRATED_2024_T1,matching_original_identifier_and_class,not_certified_requires_population_and_entity_scope_audit,different_fiscal_unit_classes_cannot_be_summed,8218189.91,9076752.57,1596.07,1756.68,3823398.00,3555578.00,630609.63,801340.29,3764182.28,4719834.28
083150076076,08,municipality,Stadt Neuenburg am Rhein,Stadt Neuenburg am Rhein,kreisangehörige Gemeinde,kreisangehörige Gemeinde,08315076,08315076,12500,12667,STATISTIKPORTAL_INTEGRATED_2023_T1,STATISTIKPORTAL_INTEGRATED_2024_T1,matching_original_identifier_and_class,not_certified_requires_population_and_entity_scope_audit,different_fiscal_unit_classes_cannot_be_summed,55564751.26,55349538.47,4445.18,4369.59,21335058.00,23044987.00,3910662.61,2468546.13,30319030.65,29836005.34
083150133133,08,municipality,Stadt Vogtsburg im Kaiserstuhl,Stadt Vogtsburg im Kaiserstuhl,kreisangehörige Gemeinde,kreisangehörige Gemeinde,08315133,08315133,6175,6248,STATISTIKPORTAL_INTEGRATED_2023_T1,STATISTIKPORTAL_INTEGRATED_2024_T1,matching_original_identifier_and_class,not_certified_requires_population_and_entity_scope_audit,different_fiscal_unit_classes_cannot_be_summed,14736531.48,17986929.51,2386.48,2878.83,11446333.00,13966500.00,618986.74,789298.50,2671211.74,3231131.01
083155001006,08,municipality,Stadt Bad Krozingen,Stadt Bad Krozingen,kreisangehörige Gemeinde,kreisangehörige Gemeinde,08315006,08315006,22807,22534,STATISTIKPORTAL_INTEGRATED_2023_T1,STATISTIKPORTAL_INTEGRATED_2024_T1,matching_original_identifier_and_class,not_certified_requires_population_and_entity_scope_audit,different_fiscal_unit_classes_cannot_be_summed,35720790.27,33424091.60,1566.22,1483.27,2913654.00,2585345.00,1016919.89,926856.37,31790216.38,29911890.23
083155001048,08,municipality,Gemeinde Hartheim am Rhein,Gemeinde Hartheim am Rhein,kreisangehörige Gemeinde,kreisangehörige Gemeinde,08315048,08315048,5005,4950,STATISTIKPORTAL_INTEGRATED_2023_T1,STATISTIKPORTAL_INTEGRATED_2024_T1,matching_original_identifier_and_class,not_certified_requires_population_and_entity_scope_audit,different_fiscal_unit_classes_cannot_be_summed,3969452.16,3655532.75,793.10,738.49,0.00,0.00,618986.80,32606.53,3350465.36,3622926.22
083155002015,08,municipality,Stadt Breisach am Rhein,Stadt Breisach am Rhein,kreisangehörige Gemeinde,kreisangehörige Gemeinde,08315015,08315015,15946,16447,STATISTIKPORTAL_INTEGRATED_2023_T1,STATISTIKPORTAL_INTEGRATED_2024_T1,matching_original_identifier_and_class,not_certified_requires_population_and_entity_scope_audit,different_fiscal_unit_classes_cannot_be_summed,44067391.52,50163283.83,2763.54,3050.00,17255931.00,19580066.00,681938.04,854537.63,26129522.48,29728680.20
083155002059,08,municipality,Gemeinde Ihringen,Gemeinde Ihringen,kreisangehörige Gemeinde,kreisangehörige Gemeinde,08315059,08315059,6311,6270,STATISTIKPORTAL_INTEGRATED_2023_T1,STATISTIKPORTAL_INTEGRATED_2024_T1,matching_original_identifier_and_class,not_certified_requires_population_and_entity_scope_audit,different_fiscal_unit_classes_cannot_be_summed,24695820.33,24547178.56,3913.14,3915.02,3486321.00,3248652.00,5697341.21,5626433.75,15512158.12,15672092.81
083155002072,08,municipality,Gemeinde Merdingen,Gemeinde Merdingen,kreisangehörige Gemeinde,kreisangehörige Gemeinde,08315072,08315072,2608,2652,STATISTIKPORTAL_INTEGRATED_2023_T1,STATISTIKPORTAL_INTEGRATED_2024_T1,matching_original_identifier_and_class,not_certified_requires_population_and_entity_scope_audit,different_fiscal_unit_classes_cannot_be_summed,3199511.11,3708867.13,1226.81,1398.52,559277.00,486334.00,618987.11,789299.73,2021247.00,2433233.40
083155003020,08,municipality,Gemeinde Buchenbach,Gemeinde Buchenbach,kreisangehörige Gemeinde,kreisangehörige Gemeinde,08315020,08315020,3112,3151,STATISTIKPORTAL_INTEGRATED_2023_T1,STATISTIKPORTAL_INTEGRATED_2024_T1,matching_original_identifier_and_class,not_certified_requires_population_and_entity_scope_audit,different_fiscal_unit_classes_cannot_be_summed,5533416.36,5730801.54,1778.09,1818.72,2079787.00,2014698.00,1600958.81,1790782.33,1852670.55,1925321.21
083155003064,08,municipality,Gemeinde Kirchzarten,Gemeinde Kirchzarten,kreisangehörige Gemeinde,kreisangehörige Gemeinde,08315064,08315064,10312,10253,STATISTIKPORTAL_INTEGRATED_2023_T1,STATISTIKPORTAL_INTEGRATED_2024_T1,matching_original_identifier_and_class,not_certified_requires_population_and_entity_scope_audit,different_fiscal_unit_classes_cannot_be_summed,12794916.30,12257687.13,1240.78,1195.52,2270478.00,1790990.00,3718381.66,3898723.57,6806056.64,6567973.56
083155003084,08,municipality,Gemeinde Oberried,Gemeinde Oberried,kreisangehörige Gemeinde,kreisangehörige Gemeinde,08315084,08315084,2846,2804,STATISTIKPORTAL_INTEGRATED_2023_T1,STATISTIKPORTAL_INTEGRATED_2024_T1,matching_original_identifier_and_class,not_certified_requires_population_and_entity_scope_audit,different_fiscal_unit_classes_cannot_be_summed,11440718.50,11314961.89,4019.93,4035.29,8231378.00,7833869.00,1556777.61,1747762.96,1652562.89,1733329.93
083155003109,08,municipality,Gemeinde Stegen,Gemeinde Stegen,kreisangehörige Gemeinde,kreisangehörige Gemeinde,08315109,08315109,4615,4411,STATISTIKPORTAL_INTEGRATED_2023_T1,STATISTIKPORTAL_INTEGRATED_2024_T1,matching_original_identifier_and_class,not_certified_requires_population_and_entity_scope_audit,different_fiscal_unit_classes_cannot_be_summed,7728565.25,8239878.89,1674.66,1868.03,0.00,0.00,1821865.88,2005882.67,5906699.37,6233996.22
083155004014,08,municipality,Gemeinde Bollschweil,Gemeinde Bollschweil,kreisangehörige Gemeinde,kreisangehörige Gemeinde,08315014,08315014,2291,2330,STATISTIKPORTAL_INTEGRATED_2023_T1,STATISTIKPORTAL_INTEGRATED_2024_T1,matching_original_identifier_and_class,not_certified_requires_population_and_entity_scope_audit,different_fiscal_unit_classes_cannot_be_summed,6425864.93,7680051.08,2804.83,3296.16,4416553.00,4856754.00,616578.84,786197.14,1392733.09,2037099.94
083155004131,08,municipality,Gemeinde Ehrenkirchen,Gemeinde Ehrenkirchen,kreisangehörige Gemeinde,kreisangehörige Gemeinde,08315131,08315131,7873,7838,STATISTIKPORTAL_INTEGRATED_2023_T1,STATISTIKPORTAL_INTEGRATED_2024_T1,matching_original_identifier_and_class,not_certified_requires_population_and_entity_scope_audit,different_fiscal_unit_classes_cannot_be_summed,2602947.38,4313413.08,330.62,550.32,0.00,0.00,618986.74,789298.51,1983960.64,3524114.57
083155005047,08,municipality,Gemeinde Gundelfingen,Gemeinde Gundelfingen,kreisangehörige Gemeinde,kreisangehörige Gemeinde,08315047,08315047,12043,12115,STATISTIKPORTAL_INTEGRATED_2023_T1,STATISTIKPORTAL_INTEGRATED_2024_T1,matching_original_identifier_and_class,not_certified_requires_population_and_entity_scope_audit,different_fiscal_unit_classes_cannot_be_summed,14479400.10,15075810.73,1202.31,1244.39,7106119.00,6649469.00,4962364.40,5209428.09,2410916.70,3216913.64
083155005051,08,municipality,Gemeinde Heuweiler,Gemeinde Heuweiler,kreisangehörige Gemeinde,kreisangehörige Gemeinde,08315051,08315051,1181,1156,STATISTIKPORTAL_INTEGRATED_2023_T1,STATISTIKPORTAL_INTEGRATED_2024_T1,matching_original_identifier_and_class,not_certified_requires_population_and_entity_scope_audit,different_fiscal_unit_classes_cannot_be_summed,3956143.41,4788418.49,3349.83,4142.23,606879.00,449581.00,945667.36,1118204.88,2403597.05,3220632.61
083155006008,08,municipality,Gemeinde Ballrechten-Dottingen,Gemeinde Ballrechten-Dottingen,kreisangehörige Gemeinde,kreisangehörige Gemeinde,08315008,08315008,2468,2483,STATISTIKPORTAL_INTEGRATED_2023_T1,STATISTIKPORTAL_INTEGRATED_2024_T1,matching_original_identifier_and_class,not_certified_requires_population_and_entity_scope_audit,different_fiscal_unit_classes_cannot_be_summed,3200277.53,3072579.84,1296.71,1237.45,1531398.00,1327295.00,117184.34,104231.21,1551695.19,1641053.63
083155006033,08,municipality,Gemeinde Eschbach,Gemeinde Eschbach,kreisangehörige Gemeinde,kreisangehörige Gemeinde,08315033,08315033,2541,2432,STATISTIKPORTAL_INTEGRATED_2023_T1,STATISTIKPORTAL_INTEGRATED_2024_T1,matching_original_identifier_and_class,not_certified_requires_population_and_entity_scope_audit,different_fiscal_unit_classes_cannot_be_summed,8210508.08,10313709.85,3231.21,4240.83,5923130.00,7600095.00,704699.28,860923.01,1582678.80,1852691.84
083155006050,08,municipality,Stadt Heitersheim,Stadt Heitersheim,kreisangehörige Gemeinde,kreisangehörige Gemeinde,08315050,08315050,6530,6557,STATISTIKPORTAL_INTEGRATED_2023_T1,STATISTIKPORTAL_INTEGRATED_2024_T1,matching_original_identifier_and_class,not_certified_requires_population_and_entity_scope_audit,different_fiscal_unit_classes_cannot_be_summed,8826072.67,8976297.90,1351.62,1368.96,2887500.00,2797500.00,704699.86,860924.94,5233872.81,5317872.96
083155007003,08,municipality,Gemeinde Au,Gemeinde Au,kreisangehörige Gemeinde,kreisangehörige Gemeinde,08315003,08315003,1504,1490,STATISTIKPORTAL_INTEGRATED_2023_T1,STATISTIKPORTAL_INTEGRATED_2024_T1,matching_original_identifier_and_class,not_certified_requires_population_and_entity_scope_audit,different_fiscal_unit_classes_cannot_be_summed,4342068.77,5287350.21,2887.01,3548.56,720700.00,670200.00,1075802.98,1244161.31,2545565.79,3372988.90
083155007056,08,municipality,Gemeinde Horben,Gemeinde Horben,kreisangehörige Gemeinde,kreisangehörige Gemeinde,08315056,08315056,1214,1211,STATISTIKPORTAL_INTEGRATED_2023_T1,STATISTIKPORTAL_INTEGRATED_2024_T1,matching_original_identifier_and_class,not_certified_requires_population_and_entity_scope_audit,different_fiscal_unit_classes_cannot_be_summed,3117948.45,4100985.41,2568.33,3386.45,0.00,0.00,901486.15,1075185.50,2216462.30,3025799.91
083155007073,08,municipality,Gemeinde Merzhausen,Gemeinde Merzhausen,kreisangehörige Gemeinde,kreisangehörige Gemeinde,08315073,08315073,5407,5568,STATISTIKPORTAL_INTEGRATED_2023_T1,STATISTIKPORTAL_INTEGRATED_2024_T1,matching_original_identifier_and_class,not_certified_requires_population_and_entity_scope_audit,different_fiscal_unit_classes_cannot_be_summed,5180471.34,6149210.13,958.10,1104.38,421074.00,389017.00,2092741.20,2236704.65,2666656.14,3523488.48
083155007107,08,municipality,Gemeinde Sölden,Gemeinde Sölden,kreisangehörige Gemeinde,kreisangehörige Gemeinde,08315107,08315107,1291,1280,STATISTIKPORTAL_INTEGRATED_2023_T1,STATISTIKPORTAL_INTEGRATED_2024_T1,matching_original_identifier_and_class,not_certified_requires_population_and_entity_scope_audit,different_fiscal_unit_classes_cannot_be_summed,3297730.40,4180442.96,2554.40,3265.97,667587.00,622815.00,49702.31,60378.04,2580441.09,3497249.92
083155007125,08,municipality,Gemeinde Wittnau,Gemeinde Wittnau,kreisangehörige Gemeinde,kreisangehörige Gemeinde,08315125,08315125,1526,1470,STATISTIKPORTAL_INTEGRATED_2023_T1,STATISTIKPORTAL_INTEGRATED_2024_T1,matching_original_identifier_and_class,not_certified_requires_population_and_entity_scope_audit,different_fiscal_unit_classes_cannot_be_summed,4023518.70,5091494.30,2636.64,3463.60,785352.00,736202.00,637217.37,817070.23,2600949.33,3538222.07
083155008016,08,municipality,Gemeinde Breitnau,Gemeinde Breitnau,kreisangehörige Gemeinde,kreisangehörige Gemeinde,08315016,08315016,1752,1820,STATISTIKPORTAL_INTEGRATED_2023_T1,STATISTIKPORTAL_INTEGRATED_2024_T1,matching_original_identifier_and_class,not_certified_requires_population_and_entity_scope_audit,different_fiscal_unit_classes_cannot_be_summed,5299926.88,5403267.90,3025.07,2968.83,2568139.00,2391933.00,909679.30,1082309.29,1822108.58,1929025.61
083155008052,08,municipality,Gemeinde Hinterzarten,Gemeinde Hinterzarten,kreisangehörige Gemeinde,kreisangehörige Gemeinde,08315052,08315052,2706,2509,STATISTIKPORTAL_INTEGRATED_2023_T1,STATISTIKPORTAL_INTEGRATED_2024_T1,matching_original_identifier_and_class,not_certified_requires_population_and_entity_scope_audit,different_fiscal_unit_classes_cannot_be_summed,9272404.10,11213212.34,3426.61,4469.20,2199069.00,2098070.00,1423443.32,1601475.93,5649891.78,7513666.41
083155009013,08,municipality,Gemeinde Bötzingen,Gemeinde Bötzingen,kreisangehörige Gemeinde,kreisangehörige Gemeinde,08315013,08315013,5508,5589,STATISTIKPORTAL_INTEGRATED_2023_T1,STATISTIKPORTAL_INTEGRATED_2024_T1,matching_original_identifier_and_class,not_certified_requires_population_and_entity_scope_audit,different_fiscal_unit_classes_cannot_be_summed,5121668.18,6115154.36,929.86,1094.14,0.00,0.00,2886365.57,3054069.27,2235302.61,3061085.09
083155009030,08,municipality,Gemeinde Eichstetten am Kaiserstuhl,Gemeinde Eichstetten am Kaiserstuhl,kreisangehörige Gemeinde,kreisangehörige Gemeinde,08315030,08315030,3729,3763,STATISTIKPORTAL_INTEGRATED_2023_T1,STATISTIKPORTAL_INTEGRATED_2024_T1,matching_original_identifier_and_class,not_certified_requires_population_and_entity_scope_audit,different_fiscal_unit_classes_cannot_be_summed,3287816.32,4088660.01,881.69,1086.54,0.00,0.00,1064232.60,1049819.92,2223583.72,3038840.09
083155009043,08,municipality,Gemeinde Gottenheim,Gemeinde Gottenheim,kreisangehörige Gemeinde,kreisangehörige Gemeinde,08315043,08315043,2997,3105,STATISTIKPORTAL_INTEGRATED_2023_T1,STATISTIKPORTAL_INTEGRATED_2024_T1,matching_original_identifier_and_class,not_certified_requires_population_and_entity_scope_audit,different_fiscal_unit_classes_cannot_be_summed,7567090.50,7445155.07,2524.89,2397.80,696868.00,670642.00,1649486.74,1735911.82,5220735.76,5038601.25
083155010039,08,municipality,Gemeinde Friedenweiler,Gemeinde Friedenweiler,kreisangehörige Gemeinde,kreisangehörige Gemeinde,08315039,08315039,2104,2070,STATISTIKPORTAL_INTEGRATED_2023_T1,STATISTIKPORTAL_INTEGRATED_2024_T1,matching_original_identifier_and_class,not_certified_requires_population_and_entity_scope_audit,different_fiscal_unit_classes_cannot_be_summed,3795383.41,3916397.70,1803.89,1891.98,1521002.00,1398603.00,630609.63,801340.29,1643771.78,1716454.41
083155010070,08,municipality,Stadt Löffingen,Stadt Löffingen,kreisangehörige Gemeinde,kreisangehörige Gemeinde,08315070,08315070,7791,7749,STATISTIKPORTAL_INTEGRATED_2023_T1,STATISTIKPORTAL_INTEGRATED_2024_T1,matching_original_identifier_and_class,not_certified_requires_population_and_entity_scope_audit,different_fiscal_unit_classes_cannot_be_summed,22879114.50,26138979.39,2936.61,3373.21,4874500.00,6063140.00,630730.76,801466.74,17373883.74,19274372.65
083155011115,08,municipality,Gemeinde Umkirch,Gemeinde Umkirch,kreisangehörige Gemeinde,kreisangehörige Gemeinde,08315115,08315115,5977,5756,STATISTIKPORTAL_INTEGRATED_2023_T1,STATISTIKPORTAL_INTEGRATED_2024_T1,matching_original_identifier_and_class,not_certified_requires_population_and_entity_scope_audit,different_fiscal_unit_classes_cannot_be_summed,7640880.73,8239050.34,1278.38,1431.38,950629.00,711708.00,3211603.39,3269355.98,3478648.34,4257986.36
083155011132,08,municipality,Gemeinde March,Gemeinde March,kreisangehörige Gemeinde,kreisangehörige Gemeinde,08315132,08315132,9293,9338,STATISTIKPORTAL_INTEGRATED_2023_T1,STATISTIKPORTAL_INTEGRATED_2024_T1,matching_original_identifier_and_class,not_certified_requires_population_and_entity_scope_audit,different_fiscal_unit_classes_cannot_be_summed,15828192.75,19465491.92,1703.24,2084.55,7987841.00,10585436.00,3768352.81,3957474.11,4071998.94,4922581.81
083155012004,08,municipality,Gemeinde Auggen,Gemeinde Auggen,kreisangehörige Gemeinde,kreisangehörige Gemeinde,08315004,08315004,2834,2831,STATISTIKPORTAL_INTEGRATED_2023_T1,STATISTIKPORTAL_INTEGRATED_2024_T1,matching_original_identifier_and_class,not_certified_requires_population_and_entity_scope_audit,different_fiscal_unit_classes_cannot_be_summed,5671753.12,9869286.17,2001.32,3486.15,1584664.00,1506146.00,613722.68,783238.02,3473366.44,7579902.15
083155012007,08,municipality,Gemeinde Badenweiler,Gemeinde Badenweiler,kreisangehörige Gemeinde,kreisangehörige Gemeinde,08315007,08315007,4575,4607,STATISTIKPORTAL_INTEGRATED_2023_T1,STATISTIKPORTAL_INTEGRATED_2024_T1,matching_original_identifier_and_class,not_certified_requires_population_and_entity_scope_audit,different_fiscal_unit_classes_cannot_be_summed,5374950.79,5107462.73,1174.85,1108.63,0.00,0.00,28615.88,29648.41,5346334.91,5077814.32
083155012022,08,municipality,Gemeinde Buggingen,Gemeinde Buggingen,kreisangehörige Gemeinde,kreisangehörige Gemeinde,08315022,08315022,4467,4432,STATISTIKPORTAL_INTEGRATED_2023_T1,STATISTIKPORTAL_INTEGRATED_2024_T1,matching_original_identifier_and_class,not_certified_requires_population_and_entity_scope_audit,different_fiscal_unit_classes_cannot_be_summed,12698117.58,13559454.71,2842.65,3059.44,1226969.00,1144747.00,1949842.37,2353580.68,9521306.21,10061127.03
083155012074,08,municipality,Stadt Müllheim,Stadt Müllheim im Markgräflerland,kreisangehörige Gemeinde,kreisangehörige Gemeinde,08315074,08315074,19678,20001,STATISTIKPORTAL_INTEGRATED_2023_T1,STATISTIKPORTAL_INTEGRATED_2024_T1,legal_name_or_form_changed_review,not_certified_requires_population_and_entity_scope_audit,different_fiscal_unit_classes_cannot_be_summed,50724131.71,60363344.59,2577.71,3018.02,7040856.00,11126694.00,673361.46,845633.30,43009914.25,48391017.29
083155012111,08,municipality,Stadt Sulzburg,Stadt Sulzburg,kreisangehörige Gemeinde,kreisangehörige Gemeinde,08315111,08315111,2757,2753,STATISTIKPORTAL_INTEGRATED_2023_T1,STATISTIKPORTAL_INTEGRATED_2024_T1,matching_original_identifier_and_class,not_certified_requires_population_and_entity_scope_audit,different_fiscal_unit_classes_cannot_be_summed,5292297.16,5215067.79,1919.59,1894.32,1386388.00,1317190.00,1063070.04,996057.32,2842839.12,2901820.47
083155013041,08,municipality,Gemeinde Glottertal,Gemeinde Glottertal,kreisangehörige Gemeinde,kreisangehörige Gemeinde,08315041,08315041,3249,3208,STATISTIKPORTAL_INTEGRATED_2023_T1,STATISTIKPORTAL_INTEGRATED_2024_T1,matching_original_identifier_and_class,not_certified_requires_population_and_entity_scope_audit,different_fiscal_unit_classes_cannot_be_summed,9151483.10,10445471.93,2816.71,3256.07,2637200.00,2645925.00,2269465.75,2451800.46,4244817.35,5347746.47
083155013094,08,municipality,Gemeinde Sankt Märgen,Gemeinde Sankt Märgen,kreisangehörige Gemeinde,kreisangehörige Gemeinde,08315094,08315094,1934,1996,STATISTIKPORTAL_INTEGRATED_2023_T1,STATISTIKPORTAL_INTEGRATED_2024_T1,matching_original_identifier_and_class,not_certified_requires_population_and_entity_scope_audit,different_fiscal_unit_classes_cannot_be_summed,3006280.41,3129313.70,1554.44,1567.79,731899.00,611519.00,630609.63,801340.29,1643771.78,1716454.41
083155013095,08,municipality,Gemeinde Sankt Peter,Gemeinde Sankt Peter,kreisangehörige Gemeinde,kreisangehörige Gemeinde,08315095,08315095,2740,2711,STATISTIKPORTAL_INTEGRATED_2023_T1,STATISTIKPORTAL_INTEGRATED_2024_T1,matching_original_identifier_and_class,not_certified_requires_population_and_entity_scope_audit,different_fiscal_unit_classes_cannot_be_summed,7725428.75,7786940.07,2819.50,2872.35,2825414.00,2742256.00,630609.68,801340.45,4269405.07,4243343.62
083155014028,08,municipality,Gemeinde Ebringen,Gemeinde Ebringen,kreisangehörige Gemeinde,kreisangehörige Gemeinde,08315028,08315028,2937,2873,STATISTIKPORTAL_INTEGRATED_2023_T1,STATISTIKPORTAL_INTEGRATED_2024_T1,matching_original_identifier_and_class,not_certified_requires_population_and_entity_scope_audit,different_fiscal_unit_classes_cannot_be_summed,5675539.28,5747352.32,1932.43,2000.47,2952082.00,2764870.00,1412611.24,1606669.21,1310846.04,1375813.11
083155014089,08,municipality,Gemeinde Pfaffenweiler,Gemeinde Pfaffenweiler,kreisangehörige Gemeinde,kreisangehörige Gemeinde,08315089,08315089,2560,2578,STATISTIKPORTAL_INTEGRATED_2023_T1,STATISTIKPORTAL_INTEGRATED_2024_T1,matching_original_identifier_and_class,not_certified_requires_population_and_entity_scope_audit,different_fiscal_unit_classes_cannot_be_summed,4583247.84,5105309.72,1790.33,1980.34,1356831.00,1227617.00,1280886.42,1477607.51,1945530.42,2400085.21
083155014098,08,municipality,Gemeinde Schallstadt,Gemeinde Schallstadt,kreisangehörige Gemeinde,kreisangehörige Gemeinde,08315098,08315098,6605,6877,STATISTIKPORTAL_INTEGRATED_2023_T1,STATISTIKPORTAL_INTEGRATED_2024_T1,matching_original_identifier_and_class,not_certified_requires_population_and_entity_scope_audit,different_fiscal_unit_classes_cannot_be_summed,8929984.95,9304788.69,1352.00,1353.03,3976548.00,3864326.00,2207053.91,2381009.35,2746383.04,3059453.34
083155015037,08,municipality,Gemeinde Feldberg (Schwarzwald),Gemeinde Feldberg (Schwarzwald),kreisangehörige Gemeinde,kreisangehörige Gemeinde,08315037,08315037,1922,1970,STATISTIKPORTAL_INTEGRATED_2023_T1,STATISTIKPORTAL_INTEGRATED_2024_T1,matching_original_identifier_and_class,not_certified_requires_population_and_entity_scope_audit,different_fiscal_unit_classes_cannot_be_summed,14468170.74,16727649.56,7527.66,8491.19,8446238.00,9093618.00,843860.46,1016555.15,5178072.28,6617476.41
083155015102,08,municipality,Gemeinde Schluchsee,Gemeinde Schluchsee,kreisangehörige Gemeinde,kreisangehörige Gemeinde,08315102,08315102,2564,2593,STATISTIKPORTAL_INTEGRATED_2023_T1,STATISTIKPORTAL_INTEGRATED_2024_T1,matching_original_identifier_and_class,not_certified_requires_population_and_entity_scope_audit,different_fiscal_unit_classes_cannot_be_summed,6244648.43,7670726.86,2435.51,2958.24,3163106.00,3901444.00,21555.91,22332.98,3059986.52,3746949.88
083155016108,08,municipality,Stadt Staufen im Breisgau,Stadt Staufen im Breisgau,kreisangehörige Gemeinde,kreisangehörige Gemeinde,08315108,08315108,8484,8481,STATISTIKPORTAL_INTEGRATED_2023_T1,STATISTIKPORTAL_INTEGRATED_2024_T1,matching_original_identifier_and_class,not_certified_requires_population_and_entity_scope_audit,different_fiscal_unit_classes_cannot_be_summed,9817060.75,10548545.50,1157.13,1243.79,0.00,0.00,117184.21,104230.79,9699876.54,10444314.71
083155016130,08,municipality,Gemeinde Münstertal/Schwarzwald,Gemeinde Münstertal/Schwarzwald,kreisangehörige Gemeinde,kreisangehörige Gemeinde,08315130,08315130,5095,5060,STATISTIKPORTAL_INTEGRATED_2023_T1,STATISTIKPORTAL_INTEGRATED_2024_T1,matching_original_identifier_and_class,not_certified_requires_population_and_entity_scope_audit,different_fiscal_unit_classes_cannot_be_summed,5196157.26,5443476.19,1019.85,1075.79,550199.00,458204.00,31471.63,32606.16,4614486.63,4952666.03
083155017031,08,municipality,Gemeinde Eisenbach (Hochschwarzwald),Gemeinde Eisenbach (Hochschwarzwald),kreisangehörige Gemeinde,kreisangehörige Gemeinde,08315031,08315031,2185,2124,STATISTIKPORTAL_INTEGRATED_2023_T1,STATISTIKPORTAL_INTEGRATED_2024_T1,matching_original_identifier_and_class,not_certified_requires_population_and_entity_scope_audit,different_fiscal_unit_classes_cannot_be_summed,5671755.41,5682545.70,2595.77,2675.40,2393518.00,2208944.00,630609.63,801340.29,2647627.78,2672261.41
083155017113,08,municipality,Stadt Titisee-Neustadt,Stadt Titisee-Neustadt,kreisangehörige Gemeinde,kreisangehörige Gemeinde,08315113,08315113,12376,12823,STATISTIKPORTAL_INTEGRATED_2023_T1,STATISTIKPORTAL_INTEGRATED_2024_T1,matching_original_identifier_and_class,not_certified_requires_population_and_entity_scope_audit,different_fiscal_unit_classes_cannot_be_summed,34253275.07,37826938.61,2767.72,2949.93,7435248.00,10119356.00,2518945.34,2478330.35,24299081.73,25229252.26
08316,08,county_administration,Landratsamt Emmendingen,Landratsamt Emmendingen,Landkreis,Landkreis,,,171784,169731,STATISTIKPORTAL_INTEGRATED_2023_T1,STATISTIKPORTAL_INTEGRATED_2024_T1,matching_original_identifier_and_class,not_certified_requires_population_and_entity_scope_audit,different_fiscal_unit_classes_cannot_be_summed,157336444.02,110952571.53,915.90,653.70,21032167.00,28626770.00,82993258.06,29718886.00,53311018.96,52606915.53
083165001009,08,municipality,Gemeinde Denzlingen,Gemeinde Denzlingen,kreisangehörige Gemeinde,kreisangehörige Gemeinde,08316009,08316009,13923,13720,STATISTIKPORTAL_INTEGRATED_2023_T1,STATISTIKPORTAL_INTEGRATED_2024_T1,matching_original_identifier_and_class,not_certified_requires_population_and_entity_scope_audit,different_fiscal_unit_classes_cannot_be_summed,31079358.47,27200327.24,2232.23,1982.53,11583089.00,7209092.00,7308580.00,7264595.46,12187689.47,12726639.78
083165001036,08,municipality,Gemeinde Reute,Gemeinde Reute,kreisangehörige Gemeinde,kreisangehörige Gemeinde,08316036,08316036,2899,2960,STATISTIKPORTAL_INTEGRATED_2023_T1,STATISTIKPORTAL_INTEGRATED_2024_T1,matching_original_identifier_and_class,not_certified_requires_population_and_entity_scope_audit,different_fiscal_unit_classes_cannot_be_summed,8715346.92,9426372.30,3006.33,3184.59,1791353.00,1682835.00,4220808.09,4211043.47,2703185.83,3532493.83
083165001045,08,municipality,Gemeinde Vörstetten,Gemeinde Vörstetten,kreisangehörige Gemeinde,kreisangehörige Gemeinde,08316045,08316045,3146,3202,STATISTIKPORTAL_INTEGRATED_2023_T1,STATISTIKPORTAL_INTEGRATED_2024_T1,matching_original_identifier_and_class,not_certified_requires_population_and_entity_scope_audit,different_fiscal_unit_classes_cannot_be_summed,11648808.26,16048325.04,3702.74,5011.97,1500000.00,4910000.00,4265089.18,4297181.66,5883719.08,6841143.38
083165002003,08,municipality,Gemeinde Biederbach,Gemeinde Biederbach,kreisangehörige Gemeinde,kreisangehörige Gemeinde,08316003,08316003,1712,1746,STATISTIKPORTAL_INTEGRATED_2023_T1,STATISTIKPORTAL_INTEGRATED_2024_T1,matching_original_identifier_and_class,not_certified_requires_population_and_entity_scope_audit,different_fiscal_unit_classes_cannot_be_summed,2973832.19,6179468.54,1737.05,3539.21,710176.00,3097893.00,49702.31,60378.04,2213953.88,3021197.50
083165002010,08,municipality,Stadt Elzach,Stadt Elzach,kreisangehörige Gemeinde,kreisangehörige Gemeinde,08316010,08316010,7497,7536,STATISTIKPORTAL_INTEGRATED_2023_T1,STATISTIKPORTAL_INTEGRATED_2024_T1,matching_original_identifier_and_class,not_certified_requires_population_and_entity_scope_audit,different_fiscal_unit_classes_cannot_be_summed,22091596.19,25825822.54,2946.72,3426.99,6670180.00,6417363.00,49702.31,60378.04,15371713.88,19348081.50
083165002055,08,municipality,Gemeinde Winden im Elztal,Gemeinde Winden im Elztal,kreisangehörige Gemeinde,kreisangehörige Gemeinde,08316055,08316055,2920,2907,STATISTIKPORTAL_INTEGRATED_2023_T1,STATISTIKPORTAL_INTEGRATED_2024_T1,matching_original_identifier_and_class,not_certified_requires_population_and_entity_scope_audit,different_fiscal_unit_classes_cannot_be_summed,3305898.19,4012401.54,1132.16,1380.26,40403.00,25454.00,49702.31,60378.04,3215792.88,3926569.50
083165003011,08,municipality,Große Kreisstadt Emmendingen,Große Kreisstadt Emmendingen,kreisangehörige Gemeinde,kreisangehörige Gemeinde,08316011,08316011,28926,29573,STATISTIKPORTAL_INTEGRATED_2023_T1,STATISTIKPORTAL_INTEGRATED_2024_T1,matching_original_identifier_and_class,not_certified_requires_population_and_entity_scope_audit,different_fiscal_unit_classes_cannot_be_summed,63841451.67,74414758.53,2207.06,2516.31,4564960.00,5846394.00,99404.63,760352.57,59177087.04,67808011.96
083165003024,08,municipality,Gemeinde Malterdingen,Gemeinde Malterdingen,kreisangehörige Gemeinde,kreisangehörige Gemeinde,08316024,08316024,3479,3455,STATISTIKPORTAL_INTEGRATED_2023_T1,STATISTIKPORTAL_INTEGRATED_2024_T1,matching_original_identifier_and_class,not_certified_requires_population_and_entity_scope_audit,different_fiscal_unit_classes_cannot_be_summed,10891292.73,11320482.19,3130.58,3276.55,7403085.00,6969612.00,887508.21,877743.85,2600699.52,3473126.34
083165003039,08,municipality,Gemeinde Sexau,Gemeinde Sexau,kreisangehörige Gemeinde,kreisangehörige Gemeinde,08316039,08316039,3619,3514,STATISTIKPORTAL_INTEGRATED_2023_T1,STATISTIKPORTAL_INTEGRATED_2024_T1,matching_original_identifier_and_class,not_certified_requires_population_and_entity_scope_audit,different_fiscal_unit_classes_cannot_be_summed,4742954.71,5696755.25,1310.57,1621.16,811494.00,730617.00,49702.36,60411.89,3881758.35,4905726.36
083165003043,08,municipality,Gemeinde Teningen,Gemeinde Teningen,kreisangehörige Gemeinde,kreisangehörige Gemeinde,08316043,08316043,12278,11890,STATISTIKPORTAL_INTEGRATED_2023_T1,STATISTIKPORTAL_INTEGRATED_2024_T1,matching_original_identifier_and_class,not_certified_requires_population_and_entity_scope_audit,different_fiscal_unit_classes_cannot_be_summed,16360730.82,21367571.29,1332.52,1797.10,4240252.00,3889882.00,755782.67,748685.44,11364696.15,16729003.85
083165003054,08,municipality,Gemeinde Freiamt,Gemeinde Freiamt,kreisangehörige Gemeinde,kreisangehörige Gemeinde,08316054,08316054,4252,4230,STATISTIKPORTAL_INTEGRATED_2023_T1,STATISTIKPORTAL_INTEGRATED_2024_T1,matching_original_identifier_and_class,not_certified_requires_population_and_entity_scope_audit,different_fiscal_unit_classes_cannot_be_summed,7022185.98,7894584.91,1651.50,1866.33,2436908.00,2291091.00,172492.31,181351.04,4412785.67,5422142.87
083165004017,08,municipality,Stadt Herbolzheim,Stadt Herbolzheim,kreisangehörige Gemeinde,kreisangehörige Gemeinde,08316017,08316017,11303,10779,STATISTIKPORTAL_INTEGRATED_2023_T1,STATISTIKPORTAL_INTEGRATED_2024_T1,matching_original_identifier_and_class,not_certified_requires_population_and_entity_scope_audit,different_fiscal_unit_classes_cannot_be_summed,34404968.22,42707077.94,3043.88,3962.06,8174849.00,8874916.00,574005.06,850740.27,25656114.16,32981421.67
083165004020,08,municipality,Stadt Kenzingen,Stadt Kenzingen,kreisangehörige Gemeinde,kreisangehörige Gemeinde,08316020,08316020,11049,10738,STATISTIKPORTAL_INTEGRATED_2023_T1,STATISTIKPORTAL_INTEGRATED_2024_T1,matching_original_identifier_and_class,not_certified_requires_population_and_entity_scope_audit,different_fiscal_unit_classes_cannot_be_summed,18622030.81,19865272.36,1685.40,1850.00,10846588.00,10844061.00,390887.06,552705.91,7384555.75,8468505.45
083165004049,08,municipality,Gemeinde Weisweil,Gemeinde Weisweil,kreisangehörige Gemeinde,kreisangehörige Gemeinde,08316049,08316049,2236,2216,STATISTIKPORTAL_INTEGRATED_2023_T1,STATISTIKPORTAL_INTEGRATED_2024_T1,matching_original_identifier_and_class,not_certified_requires_population_and_entity_scope_audit,different_fiscal_unit_classes_cannot_be_summed,3233721.02,3916975.43,1446.21,1767.59,348905.00,302011.00,65837.86,74032.76,2818978.16,3540931.67
083165004053,08,municipality,Gemeinde Rheinhausen,Gemeinde Rheinhausen,kreisangehörige Gemeinde,kreisangehörige Gemeinde,08316053,08316053,4307,4314,STATISTIKPORTAL_INTEGRATED_2023_T1,STATISTIKPORTAL_INTEGRATED_2024_T1,matching_original_identifier_and_class,not_certified_requires_population_and_entity_scope_audit,different_fiscal_unit_classes_cannot_be_summed,7074443.29,13833928.20,1642.55,3206.75,1474491.00,1955564.00,81931.41,87651.70,5518020.88,11790712.50
083165005002,08,municipality,Gemeinde Bahlingen am Kaiserstuhl,Gemeinde Bahlingen am Kaiserstuhl,kreisangehörige Gemeinde,kreisangehörige Gemeinde,08316002,08316002,4621,4515,STATISTIKPORTAL_INTEGRATED_2023_T1,STATISTIKPORTAL_INTEGRATED_2024_T1,matching_original_identifier_and_class,not_certified_requires_population_and_entity_scope_audit,different_fiscal_unit_classes_cannot_be_summed,13593004.35,18316469.91,2941.57,4056.80,9899225.00,13788307.00,1416863.69,1436992.83,2276915.66,3091170.08
083165005012,08,municipality,Stadt Endingen am Kaiserstuhl,Stadt Endingen am Kaiserstuhl,kreisangehörige Gemeinde,kreisangehörige Gemeinde,08316012,08316012,10552,10388,STATISTIKPORTAL_INTEGRATED_2023_T1,STATISTIKPORTAL_INTEGRATED_2024_T1,matching_original_identifier_and_class,not_certified_requires_population_and_entity_scope_audit,different_fiscal_unit_classes_cannot_be_summed,17346284.19,17256870.82,1643.89,1661.23,1498023.00,1355086.00,1946219.42,1953223.38,13902041.77,13948561.44
083165005013,08,municipality,Gemeinde Forchheim,Gemeinde Forchheim,kreisangehörige Gemeinde,kreisangehörige Gemeinde,08316013,08316013,1460,1412,STATISTIKPORTAL_INTEGRATED_2023_T1,STATISTIKPORTAL_INTEGRATED_2024_T1,matching_original_identifier_and_class,not_certified_requires_population_and_entity_scope_audit,different_fiscal_unit_classes_cannot_be_summed,0.00,0.00,0.00,0.00,0.00,0.00,0.00,0.00,0.00,0.00
083165005037,08,municipality,Gemeinde Riegel am Kaiserstuhl,Gemeinde Riegel am Kaiserstuhl,kreisangehörige Gemeinde,kreisangehörige Gemeinde,08316037,08316037,4128,4066,STATISTIKPORTAL_INTEGRATED_2023_T1,STATISTIKPORTAL_INTEGRATED_2024_T1,matching_original_identifier_and_class,not_certified_requires_population_and_entity_scope_audit,different_fiscal_unit_classes_cannot_be_summed,4472995.70,5293880.01,1083.57,1301.99,272545.00,249780.00,1902038.31,1910204.33,2298412.39,3133895.68
083165005038,08,municipality,Gemeinde Sasbach am Kaiserstuhl,Gemeinde Sasbach am Kaiserstuhl,kreisangehörige Gemeinde,kreisangehörige Gemeinde,08316038,08316038,3467,3490,STATISTIKPORTAL_INTEGRATED_2023_T1,STATISTIKPORTAL_INTEGRATED_2024_T1,matching_original_identifier_and_class,not_certified_requires_population_and_entity_scope_audit,different_fiscal_unit_classes_cannot_be_summed,2304812.78,2141730.05,664.79,613.68,983638.00,789889.00,31471.63,32606.15,1289703.15,1319234.90
083165005051,08,municipality,Gemeinde Wyhl am Kaiserstuhl,Gemeinde Wyhl am Kaiserstuhl,kreisangehörige Gemeinde,kreisangehörige Gemeinde,08316051,08316051,4016,4063,STATISTIKPORTAL_INTEGRATED_2023_T1,STATISTIKPORTAL_INTEGRATED_2024_T1,matching_original_identifier_and_class,not_certified_requires_population_and_entity_scope_audit,different_fiscal_unit_classes_cannot_be_summed,2457470.19,3200633.54,611.92,787.75,183034.00,98968.00,49702.31,60378.04,2224733.88,3041287.50
083165006014,08,municipality,Gemeinde Gutach im Breisgau,Gemeinde Gutach im Breisgau,kreisangehörige Gemeinde,kreisangehörige Gemeinde,08316014,08316014,4705,4619,STATISTIKPORTAL_INTEGRATED_2023_T1,STATISTIKPORTAL_INTEGRATED_2024_T1,matching_original_identifier_and_class,not_certified_requires_population_and_entity_scope_audit,different_fiscal_unit_classes_cannot_be_summed,4009845.06,4776677.24,852.25,1034.14,245138.00,208676.00,1416863.74,1393973.78,2347843.32,3174027.46
083165006042,08,municipality,Gemeinde Simonswald,Gemeinde Simonswald,kreisangehörige Gemeinde,kreisangehörige Gemeinde,08316042,08316042,3054,2939,STATISTIKPORTAL_INTEGRATED_2023_T1,STATISTIKPORTAL_INTEGRATED_2024_T1,matching_original_identifier_and_class,not_certified_requires_population_and_entity_scope_audit,different_fiscal_unit_classes_cannot_be_summed,3168062.19,4697433.54,1037.35,1598.31,904406.00,1615858.00,49702.31,60378.04,2213953.88,3021197.50
083165006056,08,municipality,Große Kreisstadt Waldkirch,Große Kreisstadt Waldkirch,kreisangehörige Gemeinde,kreisangehörige Gemeinde,08316056,08316056,22235,21459,STATISTIKPORTAL_INTEGRATED_2023_T1,STATISTIKPORTAL_INTEGRATED_2024_T1,matching_original_identifier_and_class,not_certified_requires_population_and_entity_scope_audit,different_fiscal_unit_classes_cannot_be_summed,81529243.37,84916175.20,3666.71,3957.14,8680091.00,7652545.00,9651398.03,9439837.42,63197754.34,67823792.78
08317,08,county_administration,Landratsamt Ortenaukreis,Landratsamt Ortenaukreis,Landkreis,Landkreis,,,443215,444193,STATISTIKPORTAL_INTEGRATED_2023_T1,STATISTIKPORTAL_INTEGRATED_2024_T1,matching_original_identifier_and_class,not_certified_requires_population_and_entity_scope_audit,different_fiscal_unit_classes_cannot_be_summed,133742250.98,211749498.93,301.75,476.71,2036824.00,1764105.00,2000000.00,4385806.00,129705426.98,205599587.93
083170005005,08,municipality,Gemeinde Appenweier,Gemeinde Appenweier,kreisangehörige Gemeinde,kreisangehörige Gemeinde,08317005,08317005,10350,10349,STATISTIKPORTAL_INTEGRATED_2023_T1,STATISTIKPORTAL_INTEGRATED_2024_T1,matching_original_identifier_and_class,not_certified_requires_population_and_entity_scope_audit,different_fiscal_unit_classes_cannot_be_summed,3810067.52,3725929.44,368.12,360.03,0.00,0.00,30178.27,31266.17,3779889.25,3694663.27
083170031031,08,municipality,Gemeinde Friesenheim,Gemeinde Friesenheim,kreisangehörige Gemeinde,kreisangehörige Gemeinde,08317031,08317031,13893,13900,STATISTIKPORTAL_INTEGRATED_2023_T1,STATISTIKPORTAL_INTEGRATED_2024_T1,matching_original_identifier_and_class,not_certified_requires_population_and_entity_scope_audit,different_fiscal_unit_classes_cannot_be_summed,8781246.42,8416922.45,632.06,605.53,113092.00,110881.00,46023.60,45543.13,8622130.82,8260498.32
083170051051,08,municipality,Stadt Hornberg,Stadt Hornberg,kreisangehörige Gemeinde,kreisangehörige Gemeinde,08317051,08317051,4255,4122,STATISTIKPORTAL_INTEGRATED_2023_T1,STATISTIKPORTAL_INTEGRATED_2024_T1,matching_original_identifier_and_class,not_certified_requires_population_and_entity_scope_audit,different_fiscal_unit_classes_cannot_be_summed,11445828.87,13593991.25,2689.97,3297.91,3726715.00,5561225.00,1037750.08,994629.88,6681363.79,7038136.37
083170057057,08,municipality,Große Kreisstadt Kehl,Große Kreisstadt Kehl,kreisangehörige Gemeinde,kreisangehörige Gemeinde,08317057,08317057,38439,39573,STATISTIKPORTAL_INTEGRATED_2023_T1,STATISTIKPORTAL_INTEGRATED_2024_T1,matching_original_identifier_and_class,not_certified_requires_population_and_entity_scope_audit,different_fiscal_unit_classes_cannot_be_summed,88434942.64,86447691.24,2300.66,2184.51,4921635.00,4418498.00,1414924.08,1352867.18,82098383.56,80676326.06
083170141141,08,municipality,Gemeinde Willstätt,Gemeinde Willstätt,kreisangehörige Gemeinde,kreisangehörige Gemeinde,08317141,08317141,10101,10047,STATISTIKPORTAL_INTEGRATED_2023_T1,STATISTIKPORTAL_INTEGRATED_2024_T1,matching_original_identifier_and_class,not_certified_requires_population_and_entity_scope_audit,different_fiscal_unit_classes_cannot_be_summed,18654291.02,17635220.09,1846.78,1755.27,4457111.00,4009669.00,433622.47,398352.39,13763557.55,13227198.70
083170151151,08,municipality,Gemeinde Neuried,Gemeinde Neuried,kreisangehörige Gemeinde,kreisangehörige Gemeinde,08317151,08317151,10021,9908,STATISTIKPORTAL_INTEGRATED_2023_T1,STATISTIKPORTAL_INTEGRATED_2024_T1,matching_original_identifier_and_class,not_certified_requires_population_and_entity_scope_audit,different_fiscal_unit_classes_cannot_be_summed,23352532.14,23027520.47,2330.36,2324.13,0.00,0.00,761810.97,736674.10,22590721.17,22290846.37
083170153153,08,municipality,Stadt Rheinau,Stadt Rheinau,kreisangehörige Gemeinde,kreisangehörige Gemeinde,08317153,08317153,11312,11307,STATISTIKPORTAL_INTEGRATED_2023_T1,STATISTIKPORTAL_INTEGRATED_2024_T1,matching_original_identifier_and_class,not_certified_requires_population_and_entity_scope_audit,different_fiscal_unit_classes_cannot_be_summed,20563848.63,20387878.99,1817.88,1803.12,31440.00,22420.00,2482457.21,704946.31,18049951.42,19660512.68
083175001001,08,municipality,Große Kreisstadt Achern,Große Kreisstadt Achern,kreisangehörige Gemeinde,kreisangehörige Gemeinde,08317001,08317001,26567,26491,STATISTIKPORTAL_INTEGRATED_2023_T1,STATISTIKPORTAL_INTEGRATED_2024_T1,matching_original_identifier_and_class,not_certified_requires_population_and_entity_scope_audit,different_fiscal_unit_classes_cannot_be_summed,41133021.40,48929438.34,1548.27,1847.02,0.00,1160713.00,4727161.66,93804.16,36405859.74,47674921.18
083175001068,08,municipality,Gemeinde Lauf,Gemeinde Lauf,kreisangehörige Gemeinde,kreisangehörige Gemeinde,08317068,08317068,4019,4016,STATISTIKPORTAL_INTEGRATED_2023_T1,STATISTIKPORTAL_INTEGRATED_2024_T1,matching_original_identifier_and_class,not_certified_requires_population_and_entity_scope_audit,different_fiscal_unit_classes_cannot_be_summed,7609816.66,7249138.01,1893.46,1805.06,3375286.00,3184572.00,2603855.03,2400297.40,1630675.63,1664268.61
083175001116,08,municipality,Gemeinde Sasbach,Gemeinde Sasbach,kreisangehörige Gemeinde,kreisangehörige Gemeinde,08317116,08317116,5450,5340,STATISTIKPORTAL_INTEGRATED_2023_T1,STATISTIKPORTAL_INTEGRATED_2024_T1,matching_original_identifier_and_class,not_certified_requires_population_and_entity_scope_audit,different_fiscal_unit_classes_cannot_be_summed,8297688.15,8124036.72,1522.51,1521.36,2131734.00,1972859.00,1060564.42,31267.27,5105389.73,6119910.45
083175001118,08,municipality,Gemeinde Sasbachwalden,Gemeinde Sasbachwalden,kreisangehörige Gemeinde,kreisangehörige Gemeinde,08317118,08317118,2572,2531,STATISTIKPORTAL_INTEGRATED_2023_T1,STATISTIKPORTAL_INTEGRATED_2024_T1,matching_original_identifier_and_class,not_certified_requires_population_and_entity_scope_audit,different_fiscal_unit_classes_cannot_be_summed,11893204.69,10816171.55,4624.11,4273.48,4916695.00,5176979.00,347194.52,31266.61,6629315.17,5607925.94
083175002026,08,municipality,Stadt Ettenheim,Stadt Ettenheim,kreisangehörige Gemeinde,kreisangehörige Gemeinde,08317026,08317026,13890,13697,STATISTIKPORTAL_INTEGRATED_2023_T1,STATISTIKPORTAL_INTEGRATED_2024_T1,matching_original_identifier_and_class,not_certified_requires_population_and_entity_scope_audit,different_fiscal_unit_classes_cannot_be_summed,22588142.17,25336450.63,1626.22,1849.78,5803034.00,5556674.00,30178.89,31268.24,16754929.28,19748508.39
083175002073,08,municipality,Stadt Mahlberg,Stadt Mahlberg,kreisangehörige Gemeinde,kreisangehörige Gemeinde,08317073,08317073,5400,5253,STATISTIKPORTAL_INTEGRATED_2023_T1,STATISTIKPORTAL_INTEGRATED_2024_T1,matching_original_identifier_and_class,not_certified_requires_population_and_entity_scope_audit,different_fiscal_unit_classes_cannot_be_summed,2412455.50,2794497.21,446.75,531.98,0.00,0.00,30178.27,31266.17,2382277.23,2763231.04
083175002113,08,municipality,Gemeinde Ringsheim,Gemeinde Ringsheim,kreisangehörige Gemeinde,kreisangehörige Gemeinde,08317113,08317113,2574,2627,STATISTIKPORTAL_INTEGRATED_2023_T1,STATISTIKPORTAL_INTEGRATED_2024_T1,matching_original_identifier_and_class,not_certified_requires_population_and_entity_scope_audit,different_fiscal_unit_classes_cannot_be_summed,3951845.32,4094879.77,1535.29,1558.77,79167.00,61309.00,1127224.41,31266.63,2745453.91,4002304.14
083175002114,08,municipality,Gemeinde Rust,Gemeinde Rust,kreisangehörige Gemeinde,kreisangehörige Gemeinde,08317114,08317114,5121,4947,STATISTIKPORTAL_INTEGRATED_2023_T1,STATISTIKPORTAL_INTEGRATED_2024_T1,matching_original_identifier_and_class,not_certified_requires_population_and_entity_scope_audit,different_fiscal_unit_classes_cannot_be_summed,19672526.67,19252909.16,3841.54,3891.84,9389953.00,8630219.00,1127224.41,31266.65,9155349.26,10591423.51
083175002152,08,municipality,Gemeinde Kappel-Grafenhausen,Gemeinde Kappel-Grafenhausen,kreisangehörige Gemeinde,kreisangehörige Gemeinde,08317152,08317152,5315,5224,STATISTIKPORTAL_INTEGRATED_2023_T1,STATISTIKPORTAL_INTEGRATED_2024_T1,matching_original_identifier_and_class,not_certified_requires_population_and_entity_scope_audit,different_fiscal_unit_classes_cannot_be_summed,4045377.95,3936081.41,761.12,753.46,0.00,0.00,30178.27,31266.17,4015199.68,3904815.24
083175003009,08,municipality,Gemeinde Berghaupten,Gemeinde Berghaupten,kreisangehörige Gemeinde,kreisangehörige Gemeinde,08317009,08317009,2529,2533,STATISTIKPORTAL_INTEGRATED_2023_T1,STATISTIKPORTAL_INTEGRATED_2024_T1,matching_original_identifier_and_class,not_certified_requires_population_and_entity_scope_audit,different_fiscal_unit_classes_cannot_be_summed,5603930.15,5799835.69,2215.87,2289.71,79392.00,63508.00,140691.13,145763.04,5383847.02,5590564.65
083175003034,08,municipality,Stadt Gengenbach,Stadt Gengenbach,kreisangehörige Gemeinde,kreisangehörige Gemeinde,08317034,08317034,11025,11103,STATISTIKPORTAL_INTEGRATED_2023_T1,STATISTIKPORTAL_INTEGRATED_2024_T1,matching_original_identifier_and_class,not_certified_requires_population_and_entity_scope_audit,different_fiscal_unit_classes_cannot_be_summed,44701762.73,44052876.06,4054.58,3967.66,6921098.00,7842878.00,142803.69,3932177.30,37637861.04,32277820.76
083175003097,08,municipality,Gemeinde Ohlsbach,Gemeinde Ohlsbach,kreisangehörige Gemeinde,kreisangehörige Gemeinde,08317097,08317097,3382,3371,STATISTIKPORTAL_INTEGRATED_2023_T1,STATISTIKPORTAL_INTEGRATED_2024_T1,matching_original_identifier_and_class,not_certified_requires_population_and_entity_scope_audit,different_fiscal_unit_classes_cannot_be_summed,6754258.54,6862105.24,1997.12,2035.63,0.00,0.00,140691.08,145762.88,6613567.46,6716342.36
083175004029,08,municipality,Gemeinde Fischerbach,Gemeinde Fischerbach,kreisangehörige Gemeinde,kreisangehörige Gemeinde,08317029,08317029,1758,1677,STATISTIKPORTAL_INTEGRATED_2023_T1,STATISTIKPORTAL_INTEGRATED_2024_T1,matching_original_identifier_and_class,not_certified_requires_population_and_entity_scope_audit,different_fiscal_unit_classes_cannot_be_summed,7085492.45,7001646.42,4030.43,4175.10,1069872.00,949497.00,312110.69,307528.23,5703509.76,5744621.19
083175004040,08,municipality,Stadt Haslach im Kinzigtal,Stadt Haslach im Kinzigtal,kreisangehörige Gemeinde,kreisangehörige Gemeinde,08317040,08317040,7245,7233,STATISTIKPORTAL_INTEGRATED_2023_T1,STATISTIKPORTAL_INTEGRATED_2024_T1,matching_original_identifier_and_class,not_certified_requires_population_and_entity_scope_audit,different_fiscal_unit_classes_cannot_be_summed,14877924.94,16033049.17,2053.54,2216.65,4139855.00,4541049.00,915188.30,712280.94,9822881.64,10779719.23
083175004046,08,municipality,Gemeinde Hofstetten,Gemeinde Hofstetten,kreisangehörige Gemeinde,kreisangehörige Gemeinde,08317046,08317046,1808,1778,STATISTIKPORTAL_INTEGRATED_2023_T1,STATISTIKPORTAL_INTEGRATED_2024_T1,matching_original_identifier_and_class,not_certified_requires_population_and_entity_scope_audit,different_fiscal_unit_classes_cannot_be_summed,10359949.47,10344396.99,5730.06,5818.00,4343788.00,4235734.00,260863.62,176497.50,5755297.85,5932165.49
083175004078,08,municipality,Gemeinde Mühlenbach,Gemeinde Mühlenbach,kreisangehörige Gemeinde,kreisangehörige Gemeinde,08317078,08317078,1648,1641,STATISTIKPORTAL_INTEGRATED_2023_T1,STATISTIKPORTAL_INTEGRATED_2024_T1,matching_original_identifier_and_class,not_certified_requires_population_and_entity_scope_audit,different_fiscal_unit_classes_cannot_be_summed,7155189.94,7262931.58,4341.74,4425.92,1495277.00,1414002.00,312110.64,307528.07,5347802.30,5541401.51
083175004129,08,municipality,Gemeinde Steinach,Gemeinde Steinach,kreisangehörige Gemeinde,kreisangehörige Gemeinde,08317129,08317129,3963,4025,STATISTIKPORTAL_INTEGRATED_2023_T1,STATISTIKPORTAL_INTEGRATED_2024_T1,matching_original_identifier_and_class,not_certified_requires_population_and_entity_scope_audit,different_fiscal_unit_classes_cannot_be_summed,10119381.92,10689426.18,2553.47,2655.76,4160945.00,4625952.00,561586.95,452420.02,5396849.97,5611054.16
083175005039,08,municipality,Gemeinde Gutach (Schwarzwaldbahn),Gemeinde Gutach (Schwarzwaldbahn),kreisangehörige Gemeinde,kreisangehörige Gemeinde,08317039,08317039,2331,2298,STATISTIKPORTAL_INTEGRATED_2023_T1,STATISTIKPORTAL_INTEGRATED_2024_T1,matching_original_identifier_and_class,not_certified_requires_population_and_entity_scope_audit,different_fiscal_unit_classes_cannot_be_summed,6338569.33,6463613.82,2719.25,2812.71,683609.00,632123.00,277298.10,276793.45,5377662.23,5554697.37
083175005041,08,municipality,Stadt Hausach,Stadt Hausach,kreisangehörige Gemeinde,kreisangehörige Gemeinde,08317041,08317041,5781,5802,STATISTIKPORTAL_INTEGRATED_2023_T1,STATISTIKPORTAL_INTEGRATED_2024_T1,matching_original_identifier_and_class,not_certified_requires_population_and_entity_scope_audit,different_fiscal_unit_classes_cannot_be_summed,14085738.36,13740733.92,2436.56,2368.28,6673778.00,6225476.00,1233518.63,1193980.24,6178441.73,6321277.68
083175006056,08,municipality,Gemeinde Kappelrodeck,Gemeinde Kappelrodeck,kreisangehörige Gemeinde,kreisangehörige Gemeinde,08317056,08317056,6231,6358,STATISTIKPORTAL_INTEGRATED_2023_T1,STATISTIKPORTAL_INTEGRATED_2024_T1,matching_original_identifier_and_class,not_certified_requires_population_and_entity_scope_audit,different_fiscal_unit_classes_cannot_be_summed,17191037.52,17402331.84,2758.95,2737.08,3179555.00,3469862.00,1100177.65,31267.56,12911304.87,13901202.28
083175006102,08,municipality,Gemeinde Ottenhöfen im Schwarzwald,Gemeinde Ottenhöfen im Schwarzwald,kreisangehörige Gemeinde,kreisangehörige Gemeinde,08317102,08317102,3174,3086,STATISTIKPORTAL_INTEGRATED_2023_T1,STATISTIKPORTAL_INTEGRATED_2024_T1,matching_original_identifier_and_class,not_certified_requires_population_and_entity_scope_audit,different_fiscal_unit_classes_cannot_be_summed,5286512.69,5041093.12,1665.57,1633.54,2615845.00,2469718.00,30178.27,31266.17,2640489.42,2540108.95
083175006126,08,municipality,Gemeinde Seebach,Gemeinde Seebach,kreisangehörige Gemeinde,kreisangehörige Gemeinde,08317126,08317126,1427,1418,STATISTIKPORTAL_INTEGRATED_2023_T1,STATISTIKPORTAL_INTEGRATED_2024_T1,matching_original_identifier_and_class,not_certified_requires_population_and_entity_scope_audit,different_fiscal_unit_classes_cannot_be_summed,5640316.35,6310056.76,3952.57,4449.97,847546.00,1558551.00,2400918.27,2364966.17,2391852.08,2386539.59
083175007059,08,municipality,Gemeinde Kippenheim,Gemeinde Kippenheim,kreisangehörige Gemeinde,kreisangehörige Gemeinde,08317059,08317059,5612,5539,STATISTIKPORTAL_INTEGRATED_2023_T1,STATISTIKPORTAL_INTEGRATED_2024_T1,matching_original_identifier_and_class,not_certified_requires_population_and_entity_scope_audit,different_fiscal_unit_classes_cannot_be_summed,3277990.88,3317560.98,584.10,598.95,0.00,0.00,30178.27,31266.17,3247812.61,3286294.81
083175007065,08,municipality,Große Kreisstadt Lahr/Schwarzwald,Große Kreisstadt Lahr/Schwarzwald,kreisangehörige Gemeinde,kreisangehörige Gemeinde,08317065,08317065,49272,50354,STATISTIKPORTAL_INTEGRATED_2023_T1,STATISTIKPORTAL_INTEGRATED_2024_T1,matching_original_identifier_and_class,not_certified_requires_population_and_entity_scope_audit,different_fiscal_unit_classes_cannot_be_summed,150339963.30,165534632.24,3051.23,3287.42,22963154.00,27743608.00,3685973.32,6607993.32,123690835.98,131183030.92
083175008008,08,municipality,Gemeinde Bad Peterstal-Griesbach,Gemeinde Bad Peterstal-Griesbach,kreisangehörige Gemeinde,kreisangehörige Gemeinde,08317008,08317008,2792,2554,STATISTIKPORTAL_INTEGRATED_2023_T1,STATISTIKPORTAL_INTEGRATED_2024_T1,matching_original_identifier_and_class,not_certified_requires_population_and_entity_scope_audit,different_fiscal_unit_classes_cannot_be_summed,10065880.72,10222419.54,3605.26,4002.51,4293477.00,4006037.00,698036.77,636606.17,5074366.95,5579776.37
083175008098,08,municipality,Stadt Oppenau,Stadt Oppenau,kreisangehörige Gemeinde,kreisangehörige Gemeinde,08317098,08317098,4964,4823,STATISTIKPORTAL_INTEGRATED_2023_T1,STATISTIKPORTAL_INTEGRATED_2024_T1,matching_original_identifier_and_class,not_certified_requires_population_and_entity_scope_audit,different_fiscal_unit_classes_cannot_be_summed,33658257.09,36585028.70,6780.47,7585.53,12423007.00,14543235.00,1292456.10,6564647.77,19942793.99,15477145.93
083175009067,08,municipality,Gemeinde Lautenbach,Gemeinde Lautenbach,kreisangehörige Gemeinde,kreisangehörige Gemeinde,08317067,08317067,1999,1987,STATISTIKPORTAL_INTEGRATED_2023_T1,STATISTIKPORTAL_INTEGRATED_2024_T1,matching_original_identifier_and_class,not_certified_requires_population_and_entity_scope_audit,different_fiscal_unit_classes_cannot_be_summed,4311424.47,4073873.29,2156.79,2050.26,1287885.00,1264013.00,30178.27,31266.17,2993361.20,2778594.12
083175009089,08,municipality,Große Kreisstadt Oberkirch,Große Kreisstadt Oberkirch,kreisangehörige Gemeinde,kreisangehörige Gemeinde,08317089,08317089,20193,19888,STATISTIKPORTAL_INTEGRATED_2023_T1,STATISTIKPORTAL_INTEGRATED_2024_T1,matching_original_identifier_and_class,not_certified_requires_population_and_entity_scope_audit,different_fiscal_unit_classes_cannot_be_summed,62841063.34,48097680.14,3112.02,2418.43,28011266.00,27179701.00,2224988.80,2160259.50,32604808.54,18757719.64
083175009110,08,municipality,Stadt Renchen,Stadt Renchen,kreisangehörige Gemeinde,kreisangehörige Gemeinde,08317110,08317110,7465,7574,STATISTIKPORTAL_INTEGRATED_2023_T1,STATISTIKPORTAL_INTEGRATED_2024_T1,matching_original_identifier_and_class,not_certified_requires_population_and_entity_scope_audit,different_fiscal_unit_classes_cannot_be_summed,10497009.29,10734398.30,1406.16,1417.27,0.00,0.00,1377580.82,31268.06,9119428.47,10703130.24
083175010021,08,municipality,Gemeinde Durbach,Gemeinde Durbach,kreisangehörige Gemeinde,kreisangehörige Gemeinde,08317021,08317021,4082,4092,STATISTIKPORTAL_INTEGRATED_2023_T1,STATISTIKPORTAL_INTEGRATED_2024_T1,matching_original_identifier_and_class,not_certified_requires_population_and_entity_scope_audit,different_fiscal_unit_classes_cannot_be_summed,5071688.02,5849681.29,1242.45,1429.54,1278754.00,1202088.00,30178.27,31266.17,3762755.75,4616327.12
083175010047,08,municipality,Gemeinde Hohberg,Gemeinde Hohberg,kreisangehörige Gemeinde,kreisangehörige Gemeinde,08317047,08317047,8350,8194,STATISTIKPORTAL_INTEGRATED_2023_T1,STATISTIKPORTAL_INTEGRATED_2024_T1,matching_original_identifier_and_class,not_certified_requires_population_and_entity_scope_audit,different_fiscal_unit_classes_cannot_be_summed,21068441.31,22134805.00,2523.17,2701.34,9816147.00,9521084.00,40081.57,40189.17,11212212.74,12573531.83
083175010096,08,municipality,Große Kreisstadt Offenburg,Große Kreisstadt Offenburg,kreisangehörige Gemeinde,kreisangehörige Gemeinde,08317096,08317096,61746,62994,STATISTIKPORTAL_INTEGRATED_2023_T1,STATISTIKPORTAL_INTEGRATED_2024_T1,matching_original_identifier_and_class,not_certified_requires_population_and_entity_scope_audit,different_fiscal_unit_classes_cannot_be_summed,263686816.24,291781396.33,4270.51,4631.89,9033226.00,14980518.00,331988.09,344018.39,254321602.15,276456859.94
083175010100,08,municipality,Gemeinde Ortenberg,Gemeinde Ortenberg,kreisangehörige Gemeinde,kreisangehörige Gemeinde,08317100,08317100,3466,3517,STATISTIKPORTAL_INTEGRATED_2023_T1,STATISTIKPORTAL_INTEGRATED_2024_T1,matching_original_identifier_and_class,not_certified_requires_population_and_entity_scope_audit,different_fiscal_unit_classes_cannot_be_summed,6417369.12,6287724.57,1851.52,1787.81,1536280.00,1466324.00,2189428.27,31266.17,2691660.85,4790134.40
083175010122,08,municipality,Gemeinde Schutterwald,Gemeinde Schutterwald,kreisangehörige Gemeinde,kreisangehörige Gemeinde,08317122,08317122,7425,7296,STATISTIKPORTAL_INTEGRATED_2023_T1,STATISTIKPORTAL_INTEGRATED_2024_T1,matching_original_identifier_and_class,not_certified_requires_population_and_entity_scope_audit,different_fiscal_unit_classes_cannot_be_summed,12449938.80,12112718.32,1676.76,1660.19,0.00,0.00,7257347.91,54484.71,5192590.89,12058233.61
083175011121,08,municipality,Gemeinde Schuttertal,Gemeinde Schuttertal,kreisangehörige Gemeinde,kreisangehörige Gemeinde,08317121,08317121,3172,3167,STATISTIKPORTAL_INTEGRATED_2023_T1,STATISTIKPORTAL_INTEGRATED_2024_T1,matching_original_identifier_and_class,not_certified_requires_population_and_entity_scope_audit,different_fiscal_unit_classes_cannot_be_summed,4830993.42,4738001.14,1523.01,1496.05,634442.00,558742.00,30178.27,31266.17,4166373.15,4147992.97
083175011127,08,municipality,Gemeinde Seelbach,Gemeinde Seelbach,kreisangehörige Gemeinde,kreisangehörige Gemeinde,08317127,08317127,4935,4845,STATISTIKPORTAL_INTEGRATED_2023_T1,STATISTIKPORTAL_INTEGRATED_2024_T1,matching_original_identifier_and_class,not_certified_requires_population_and_entity_scope_audit,different_fiscal_unit_classes_cannot_be_summed,5007238.98,4885054.85,1014.64,1008.27,1325227.00,1117080.00,30178.53,31267.02,3651833.45,3736707.83
083175012075,08,municipality,Gemeinde Meißenheim,Gemeinde Meißenheim,kreisangehörige Gemeinde,kreisangehörige Gemeinde,08317075,08317075,4110,4136,STATISTIKPORTAL_INTEGRATED_2023_T1,STATISTIKPORTAL_INTEGRATED_2024_T1,matching_original_identifier_and_class,not_certified_requires_population_and_entity_scope_audit,different_fiscal_unit_classes_cannot_be_summed,6050401.82,5788574.65,1472.12,1399.56,1885355.00,1762837.00,36120.25,36619.97,4128926.57,3989117.68
083175012150,08,municipality,Gemeinde Schwanau,Gemeinde Schwanau,kreisangehörige Gemeinde,kreisangehörige Gemeinde,08317150,08317150,7285,7109,STATISTIKPORTAL_INTEGRATED_2023_T1,STATISTIKPORTAL_INTEGRATED_2024_T1,matching_original_identifier_and_class,not_certified_requires_population_and_entity_scope_audit,different_fiscal_unit_classes_cannot_be_summed,5964315.30,5891316.61,818.71,828.71,0.00,0.00,30178.27,31266.17,5934137.03,5860050.44
083175013093,08,municipality,Gemeinde Oberwolfach,Gemeinde Oberwolfach,kreisangehörige Gemeinde,kreisangehörige Gemeinde,08317093,08317093,2593,2534,STATISTIKPORTAL_INTEGRATED_2023_T1,STATISTIKPORTAL_INTEGRATED_2024_T1,matching_original_identifier_and_class,not_certified_requires_population_and_entity_scope_audit,different_fiscal_unit_classes_cannot_be_summed,7466835.51,7493920.74,2879.61,2957.35,1785398.00,1662342.00,164629.74,160063.59,5516807.77,5671515.15
083175013145,08,municipality,Stadt Wolfach,Stadt Wolfach,kreisangehörige Gemeinde,kreisangehörige Gemeinde,08317145,08317145,5698,5600,STATISTIKPORTAL_INTEGRATED_2023_T1,STATISTIKPORTAL_INTEGRATED_2024_T1,matching_original_identifier_and_class,not_certified_requires_population_and_entity_scope_audit,different_fiscal_unit_classes_cannot_be_summed,9147927.56,9053800.55,1605.46,1616.75,2563949.00,2451468.00,574422.05,553127.64,6009556.51,6049204.91
083175014011,08,municipality,Gemeinde Biberach / Baden,Gemeinde Biberach / Baden,kreisangehörige Gemeinde,kreisangehörige Gemeinde,08317011,08317011,3772,3791,STATISTIKPORTAL_INTEGRATED_2023_T1,STATISTIKPORTAL_INTEGRATED_2024_T1,matching_original_identifier_and_class,not_certified_requires_population_and_entity_scope_audit,different_fiscal_unit_classes_cannot_be_summed,10508885.85,10405872.48,2786.02,2744.89,4962668.00,4654697.00,140691.08,145762.88,5405526.77,5605412.60
083175014085,08,municipality,Gemeinde Nordrach,Gemeinde Nordrach,kreisangehörige Gemeinde,kreisangehörige Gemeinde,08317085,08317085,1981,1957,STATISTIKPORTAL_INTEGRATED_2023_T1,STATISTIKPORTAL_INTEGRATED_2024_T1,matching_original_identifier_and_class,not_certified_requires_population_and_entity_scope_audit,different_fiscal_unit_classes_cannot_be_summed,7568578.17,7656122.42,3820.58,3912.17,2107429.00,1993418.00,140691.08,145762.88,5320458.09,5516941.54
083175014088,08,municipality,Gemeinde Oberharmersbach,Gemeinde Oberharmersbach,kreisangehörige Gemeinde,kreisangehörige Gemeinde,08317088,08317088,2496,2416,STATISTIKPORTAL_INTEGRATED_2023_T1,STATISTIKPORTAL_INTEGRATED_2024_T1,matching_original_identifier_and_class,not_certified_requires_population_and_entity_scope_audit,different_fiscal_unit_classes_cannot_be_summed,10053137.65,10076456.95,4027.70,4170.72,4463740.00,4302014.00,140691.08,145762.88,5448706.57,5628680.07
083175014146,08,municipality,Stadt Zell am Harmersbach,Stadt Zell am Harmersbach,kreisangehörige Gemeinde,kreisangehörige Gemeinde,08317146,08317146,8226,8171,STATISTIKPORTAL_INTEGRATED_2023_T1,STATISTIKPORTAL_INTEGRATED_2024_T1,matching_original_identifier_and_class,not_certified_requires_population_and_entity_scope_audit,different_fiscal_unit_classes_cannot_be_summed,13389550.67,13372863.89,1627.71,1636.63,4103574.00,3817126.00,140691.77,145765.18,9145284.90,9409972.71
08325,08,county_administration,Landratsamt Rottweil,Landratsamt Rottweil,Landkreis,Landkreis,,,142925,140437,STATISTIKPORTAL_INTEGRATED_2023_T1,STATISTIKPORTAL_INTEGRATED_2024_T1,matching_original_identifier_and_class,not_certified_requires_population_and_entity_scope_audit,different_fiscal_unit_classes_cannot_be_summed,440768391.78,392980542.26,3083.91,2798.27,3450000.00,3150000.00,24788980.42,29128778.24,412529411.36,360701764.02
083250012012,08,municipality,Stadt Dornhan,Stadt Dornhan,kreisangehörige Gemeinde,kreisangehörige Gemeinde,08325012,08325012,6202,6178,STATISTIKPORTAL_INTEGRATED_2023_T1,STATISTIKPORTAL_INTEGRATED_2024_T1,matching_original_identifier_and_class,not_certified_requires_population_and_entity_scope_audit,different_fiscal_unit_classes_cannot_be_summed,1695467.35,1727304.20,273.37,279.59,495000.00,384033.00,326777.37,307526.35,873689.98,1035744.85
083255001014,08,municipality,Gemeinde Dunningen,Gemeinde Dunningen,kreisangehörige Gemeinde,kreisangehörige Gemeinde,08325014,08325014,6654,6488,STATISTIKPORTAL_INTEGRATED_2023_T1,STATISTIKPORTAL_INTEGRATED_2024_T1,matching_original_identifier_and_class,not_certified_requires_population_and_entity_scope_audit,different_fiscal_unit_classes_cannot_be_summed,2820689.29,2886416.05,423.91,444.89,197640.00,181168.00,0.00,0.00,2623049.29,2705248.05
083255001071,08,municipality,Gemeinde Eschbronn,Gemeinde Eschbronn,kreisangehörige Gemeinde,kreisangehörige Gemeinde,08325071,08325071,2126,2096,STATISTIKPORTAL_INTEGRATED_2023_T1,STATISTIKPORTAL_INTEGRATED_2024_T1,matching_original_identifier_and_class,not_certified_requires_population_and_entity_scope_audit,different_fiscal_unit_classes_cannot_be_summed,417437.65,426067.89,196.35,203.28,49315.00,32877.00,0.00,0.00,368122.65,393190.89
083255002015,08,municipality,Gemeinde Epfendorf,Gemeinde Epfendorf,kreisangehörige Gemeinde,kreisangehörige Gemeinde,08325015,08325015,3261,3137,STATISTIKPORTAL_INTEGRATED_2023_T1,STATISTIKPORTAL_INTEGRATED_2024_T1,matching_original_identifier_and_class,not_certified_requires_population_and_entity_scope_audit,different_fiscal_unit_classes_cannot_be_summed,2808328.46,2432665.91,861.19,775.48,650500.00,578500.00,0.01,285.55,2157828.45,1853880.36
083255002045,08,municipality,Stadt Oberndorf am Neckar,Stadt Oberndorf am Neckar,kreisangehörige Gemeinde,kreisangehörige Gemeinde,08325045,08325045,14666,14803,STATISTIKPORTAL_INTEGRATED_2023_T1,STATISTIKPORTAL_INTEGRATED_2024_T1,matching_original_identifier_and_class,not_certified_requires_population_and_entity_scope_audit,different_fiscal_unit_classes_cannot_be_summed,9311274.31,8928861.38,634.89,603.18,246000.00,205000.00,0.63,2.09,9065273.68,8723859.29
083255002070,08,municipality,Gemeinde Fluorn-Winzeln,Gemeinde Fluorn-Winzeln,kreisangehörige Gemeinde,kreisangehörige Gemeinde,08325070,08325070,3211,3085,STATISTIKPORTAL_INTEGRATED_2023_T1,STATISTIKPORTAL_INTEGRATED_2024_T1,matching_original_identifier_and_class,not_certified_requires_population_and_entity_scope_audit,different_fiscal_unit_classes_cannot_be_summed,210909.61,237779.86,65.68,77.08,4500.00,0.00,0.13,0.42,206409.48,237779.44
083255003011,08,municipality,Gemeinde Dietingen,Gemeinde Dietingen,kreisangehörige Gemeinde,kreisangehörige Gemeinde,08325011,08325011,4303,4207,STATISTIKPORTAL_INTEGRATED_2023_T1,STATISTIKPORTAL_INTEGRATED_2024_T1,matching_original_identifier_and_class,not_certified_requires_population_and_entity_scope_audit,different_fiscal_unit_classes_cannot_be_summed,5027892.27,7697201.26,1168.46,1829.62,4450000.00,7126250.00,0.00,0.00,577892.27,570951.26
083255003049,08,municipality,Große Kreisstadt Rottweil,Große Kreisstadt Rottweil,kreisangehörige Gemeinde,kreisangehörige Gemeinde,08325049,08325049,25591,25000,STATISTIKPORTAL_INTEGRATED_2023_T1,STATISTIKPORTAL_INTEGRATED_2024_T1,matching_original_identifier_and_class,not_certified_requires_population_and_entity_scope_audit,different_fiscal_unit_classes_cannot_be_summed,80774948.41,93653869.68,3156.38,3746.15,0.00,0.00,179189.01,125232.03,80595759.40,93528637.65
083255003064,08,municipality,Gemeinde Wellendingen,Gemeinde Wellendingen,kreisangehörige Gemeinde,kreisangehörige Gemeinde,08325064,08325064,3372,3319,STATISTIKPORTAL_INTEGRATED_2023_T1,STATISTIKPORTAL_INTEGRATED_2024_T1,matching_original_identifier_and_class,not_certified_requires_population_and_entity_scope_audit,different_fiscal_unit_classes_cannot_be_summed,2397079.84,3304702.67,710.88,995.69,1711111.00,2700000.00,298815.66,208836.98,387153.18,395865.69
083255003069,08,municipality,Gemeinde Zimmern ob Rottweil,Gemeinde Zimmern ob Rottweil,kreisangehörige Gemeinde,kreisangehörige Gemeinde,08325069,08325069,6421,6321,STATISTIKPORTAL_INTEGRATED_2023_T1,STATISTIKPORTAL_INTEGRATED_2024_T1,matching_original_identifier_and_class,not_certified_requires_population_and_entity_scope_audit,different_fiscal_unit_classes_cannot_be_summed,1753445.15,1689347.15,273.08,267.26,983348.00,791591.00,0.00,0.00,770097.15,897756.15
083255003072,08,municipality,Gemeinde Deißlingen,Gemeinde Deißlingen,kreisangehörige Gemeinde,kreisangehörige Gemeinde,08325072,08325072,6384,6184,STATISTIKPORTAL_INTEGRATED_2023_T1,STATISTIKPORTAL_INTEGRATED_2024_T1,matching_original_identifier_and_class,not_certified_requires_population_and_entity_scope_audit,different_fiscal_unit_classes_cannot_be_summed,4240393.50,3806785.30,664.22,615.59,1000000.00,600000.00,0.00,0.00,3240393.50,3206785.30
083255004050,08,municipality,Gemeinde Schenkenzell,Gemeinde Schenkenzell,kreisangehörige Gemeinde,kreisangehörige Gemeinde,08325050,08325050,1904,1872,STATISTIKPORTAL_INTEGRATED_2023_T1,STATISTIKPORTAL_INTEGRATED_2024_T1,matching_original_identifier_and_class,not_certified_requires_population_and_entity_scope_audit,different_fiscal_unit_classes_cannot_be_summed,2905258.00,2842330.01,1525.87,1518.34,1222547.00,1152296.00,28022.67,29032.86,1654688.33,1661001.15
083255004051,08,municipality,Stadt Schiltach,Stadt Schiltach,kreisangehörige Gemeinde,kreisangehörige Gemeinde,08325051,08325051,3705,3558,STATISTIKPORTAL_INTEGRATED_2023_T1,STATISTIKPORTAL_INTEGRATED_2024_T1,matching_original_identifier_and_class,not_certified_requires_population_and_entity_scope_audit,different_fiscal_unit_classes_cannot_be_summed,2189772.35,2225006.92,591.03,625.35,0.00,0.00,164629.86,160063.99,2025142.49,2064942.93
083255005001,08,municipality,Gemeinde Aichhalden,Gemeinde Aichhalden,kreisangehörige Gemeinde,kreisangehörige Gemeinde,08325001,08325001,4303,4229,STATISTIKPORTAL_INTEGRATED_2023_T1,STATISTIKPORTAL_INTEGRATED_2024_T1,matching_original_identifier_and_class,not_certified_requires_population_and_entity_scope_audit,different_fiscal_unit_classes_cannot_be_summed,5209664.74,4975985.86,1210.71,1176.63,0.00,0.00,0.00,0.00,5209664.74,4975985.86
083255005024,08,municipality,Gemeinde Hardt,Gemeinde Hardt,kreisangehörige Gemeinde,kreisangehörige Gemeinde,08325024,08325024,2551,2482,STATISTIKPORTAL_INTEGRATED_2023_T1,STATISTIKPORTAL_INTEGRATED_2024_T1,matching_original_identifier_and_class,not_certified_requires_population_and_entity_scope_audit,different_fiscal_unit_classes_cannot_be_summed,1781045.54,2318106.84,698.18,933.97,1462500.00,1762500.00,0.00,0.00,318545.54,555606.84
083255005036,08,municipality,Gemeinde Lauterbach,Gemeinde Lauterbach,kreisangehörige Gemeinde,kreisangehörige Gemeinde,08325036,08325036,2878,2725,STATISTIKPORTAL_INTEGRATED_2023_T1,STATISTIKPORTAL_INTEGRATED_2024_T1,matching_original_identifier_and_class,not_certified_requires_population_and_entity_scope_audit,different_fiscal_unit_classes_cannot_be_summed,4415127.50,5293993.50,1534.10,1942.75,2293795.00,3046679.00,0.00,0.00,2121332.50,2247314.50
083255005053,08,municipality,Große Kreisstadt Schramberg,Große Kreisstadt Schramberg,kreisangehörige Gemeinde,kreisangehörige Gemeinde,08325053,08325053,21177,20607,STATISTIKPORTAL_INTEGRATED_2023_T1,STATISTIKPORTAL_INTEGRATED_2024_T1,matching_original_identifier_and_class,not_certified_requires_population_and_entity_scope_audit,different_fiscal_unit_classes_cannot_be_summed,54358999.04,55051660.59,2566.89,2671.50,1100000.00,1000000.00,0.00,0.00,53258999.04,54051660.59
083255006057,08,municipality,Stadt Sulz am Neckar,Stadt Sulz am Neckar,kreisangehörige Gemeinde,kreisangehörige Gemeinde,08325057,08325057,12753,12863,STATISTIKPORTAL_INTEGRATED_2023_T1,STATISTIKPORTAL_INTEGRATED_2024_T1,matching_original_identifier_and_class,not_certified_requires_population_and_entity_scope_audit,different_fiscal_unit_classes_cannot_be_summed,13723048.45,12845020.21,1076.06,998.60,25000.00,0.00,624263.63,263595.65,13073784.82,12581424.56
083255006061,08,municipality,Gemeinde Vöhringen,Gemeinde Vöhringen,kreisangehörige Gemeinde,kreisangehörige Gemeinde,08325061,08325061,4673,4469,STATISTIKPORTAL_INTEGRATED_2023_T1,STATISTIKPORTAL_INTEGRATED_2024_T1,matching_original_identifier_and_class,not_certified_requires_population_and_entity_scope_audit,different_fiscal_unit_classes_cannot_be_summed,736906.24,308496.02,157.69,69.03,52042.00,0.00,344167.00,0.00,340697.24,308496.02
083255007009,08,municipality,Gemeinde Bösingen,Gemeinde Bösingen,kreisangehörige Gemeinde,kreisangehörige Gemeinde,08325009,08325009,3397,3437,STATISTIKPORTAL_INTEGRATED_2023_T1,STATISTIKPORTAL_INTEGRATED_2024_T1,matching_original_identifier_and_class,not_certified_requires_population_and_entity_scope_audit,different_fiscal_unit_classes_cannot_be_summed,201655.94,308450.07,59.36,89.74,103625.00,228353.00,342.50,0.00,97688.44,80097.07
083255007060,08,municipality,Gemeinde Villingendorf,Gemeinde Villingendorf,kreisangehörige Gemeinde,kreisangehörige Gemeinde,08325060,08325060,3393,3377,STATISTIKPORTAL_INTEGRATED_2023_T1,STATISTIKPORTAL_INTEGRATED_2024_T1,matching_original_identifier_and_class,not_certified_requires_population_and_entity_scope_audit,different_fiscal_unit_classes_cannot_be_summed,988008.19,1745560.39,291.19,516.90,827524.00,1613822.00,342.50,0.00,160141.69,131738.39
08326,08,county_administration,Landratsamt Schwarzwald-Baar-Kreis,Landratsamt Schwarzwald-Baar-Kreis,Landkreis,Landkreis,,,217998,214133,STATISTIKPORTAL_INTEGRATED_2023_T1,STATISTIKPORTAL_INTEGRATED_2024_T1,matching_original_identifier_and_class,not_certified_requires_population_and_entity_scope_audit,different_fiscal_unit_classes_cannot_be_summed,104505313.24,89039154.84,479.39,415.81,26224400.00,12881361.00,0.00,0.00,78280913.24,76157793.84
083260003003,08,municipality,Stadt Bad Dürrheim,Stadt Bad Dürrheim,kreisangehörige Gemeinde,kreisangehörige Gemeinde,08326003,08326003,13761,13209,STATISTIKPORTAL_INTEGRATED_2023_T1,STATISTIKPORTAL_INTEGRATED_2024_T1,matching_original_identifier_and_class,not_certified_requires_population_and_entity_scope_audit,different_fiscal_unit_classes_cannot_be_summed,22528509.62,26296189.62,1637.13,1990.78,96000.00,0.00,109935.11,113898.18,22322574.51,26182291.44
083260005005,08,municipality,Stadt Blumberg,Stadt Blumberg,kreisangehörige Gemeinde,kreisangehörige Gemeinde,08326005,08326005,10315,9996,STATISTIKPORTAL_INTEGRATED_2023_T1,STATISTIKPORTAL_INTEGRATED_2024_T1,matching_original_identifier_and_class,not_certified_requires_population_and_entity_scope_audit,different_fiscal_unit_classes_cannot_be_summed,28675438.65,27799545.40,2779.97,2781.07,221764.00,200364.00,6914536.11,6640563.18,21539138.54,20958618.22
083260031031,08,municipality,Gemeinde Königsfeld im Schwarzwald,Gemeinde Königsfeld im Schwarzwald,kreisangehörige Gemeinde,kreisangehörige Gemeinde,08326031,08326031,6068,5940,STATISTIKPORTAL_INTEGRATED_2023_T1,STATISTIKPORTAL_INTEGRATED_2024_T1,matching_original_identifier_and_class,not_certified_requires_population_and_entity_scope_audit,different_fiscal_unit_classes_cannot_be_summed,7849904.76,8585158.38,1293.66,1445.31,1641324.00,1500308.00,109935.11,113898.18,6098645.65,6970952.20
083260052052,08,municipality,Stadt Sankt Georgen im Schwarzwald,Stadt Sankt Georgen im Schwarzwald,kreisangehörige Gemeinde,kreisangehörige Gemeinde,08326052,08326052,13111,12376,STATISTIKPORTAL_INTEGRATED_2023_T1,STATISTIKPORTAL_INTEGRATED_2024_T1,matching_original_identifier_and_class,not_certified_requires_population_and_entity_scope_audit,different_fiscal_unit_classes_cannot_be_summed,7383442.13,7571669.18,563.15,611.80,1226630.00,1051760.00,109935.11,113898.18,6046877.02,6406011.00
083260068068,08,municipality,Stadt Vöhrenbach,Stadt Vöhrenbach,kreisangehörige Gemeinde,kreisangehörige Gemeinde,08326068,08326068,3699,3633,STATISTIKPORTAL_INTEGRATED_2023_T1,STATISTIKPORTAL_INTEGRATED_2024_T1,matching_original_identifier_and_class,not_certified_requires_population_and_entity_scope_audit,different_fiscal_unit_classes_cannot_be_summed,7434189.30,9971176.72,2009.78,2744.61,2881288.00,5014488.00,109935.11,113898.18,4442966.19,4842790.54
083265001006,08,municipality,Stadt Bräunlingen,Stadt Bräunlingen,kreisangehörige Gemeinde,kreisangehörige Gemeinde,08326006,08326006,6058,5794,STATISTIKPORTAL_INTEGRATED_2023_T1,STATISTIKPORTAL_INTEGRATED_2024_T1,matching_original_identifier_and_class,not_certified_requires_population_and_entity_scope_audit,different_fiscal_unit_classes_cannot_be_summed,19942767.26,19271768.89,3291.97,3326.16,6600074.00,5121128.00,1718170.86,1814442.68,11624522.40,12336198.21
083265001012,08,municipality,Große Kreisstadt Donaueschingen,Große Kreisstadt Donaueschingen,kreisangehörige Gemeinde,kreisangehörige Gemeinde,08326012,08326012,22366,21860,STATISTIKPORTAL_INTEGRATED_2023_T1,STATISTIKPORTAL_INTEGRATED_2024_T1,matching_original_identifier_and_class,not_certified_requires_population_and_entity_scope_audit,different_fiscal_unit_classes_cannot_be_summed,36543126.09,44188282.25,1633.87,2021.42,0.00,0.00,7629470.61,10032634.18,28913655.48,34155648.07
083265001027,08,municipality,Stadt Hüfingen,Stadt Hüfingen,kreisangehörige Gemeinde,kreisangehörige Gemeinde,08326027,08326027,8002,7985,STATISTIKPORTAL_INTEGRATED_2023_T1,STATISTIKPORTAL_INTEGRATED_2024_T1,matching_original_identifier_and_class,not_certified_requires_population_and_entity_scope_audit,different_fiscal_unit_classes_cannot_be_summed,6088319.12,6600663.43,760.85,826.63,0.00,0.00,1718170.86,1814442.68,4370148.26,4786220.75
083265002017,08,municipality,Stadt Furtwangen im Schwarzwald,Stadt Furtwangen im Schwarzwald,kreisangehörige Gemeinde,kreisangehörige Gemeinde,08326017,08326017,9035,8500,STATISTIKPORTAL_INTEGRATED_2023_T1,STATISTIKPORTAL_INTEGRATED_2024_T1,matching_original_identifier_and_class,not_certified_requires_population_and_entity_scope_audit,different_fiscal_unit_classes_cannot_be_summed,34477964.30,42491368.72,3816.04,4998.98,12708324.00,16929714.00,3623754.11,3511791.18,18145886.19,22049863.54
083265002020,08,municipality,Gemeinde Gütenbach,Gemeinde Gütenbach,kreisangehörige Gemeinde,kreisangehörige Gemeinde,08326020,08326020,1134,1045,STATISTIKPORTAL_INTEGRATED_2023_T1,STATISTIKPORTAL_INTEGRATED_2024_T1,matching_original_identifier_and_class,not_certified_requires_population_and_entity_scope_audit,different_fiscal_unit_classes_cannot_be_summed,9021031.37,9183831.93,7955.05,8788.36,4604423.00,4401138.00,109935.11,113898.18,4306673.26,4668795.75
083265003054,08,municipality,Gemeinde Schönwald im Schwarzwald,Gemeinde Schönwald im Schwarzwald,kreisangehörige Gemeinde,kreisangehörige Gemeinde,08326054,08326054,2669,2563,STATISTIKPORTAL_INTEGRATED_2023_T1,STATISTIKPORTAL_INTEGRATED_2024_T1,matching_original_identifier_and_class,not_certified_requires_population_and_entity_scope_audit,different_fiscal_unit_classes_cannot_be_summed,16452059.27,16490104.48,6164.13,6433.91,8112973.00,7922986.00,796708.11,2683696.18,7542378.16,5883422.30
083265003055,08,municipality,Gemeinde Schonach im Schwarzwald,Gemeinde Schonach im Schwarzwald,kreisangehörige Gemeinde,kreisangehörige Gemeinde,08326055,08326055,4056,3884,STATISTIKPORTAL_INTEGRATED_2023_T1,STATISTIKPORTAL_INTEGRATED_2024_T1,matching_original_identifier_and_class,not_certified_requires_population_and_entity_scope_audit,different_fiscal_unit_classes_cannot_be_summed,8759543.27,9026307.48,2159.65,2323.97,1204392.00,1095756.00,2623295.11,2667781.18,4931856.16,5262770.30
083265003060,08,municipality,Stadt Triberg im Schwarzwald,Stadt Triberg im Schwarzwald,kreisangehörige Gemeinde,kreisangehörige Gemeinde,08326060,08326060,4885,4614,STATISTIKPORTAL_INTEGRATED_2023_T1,STATISTIKPORTAL_INTEGRATED_2024_T1,matching_original_identifier_and_class,not_certified_requires_population_and_entity_scope_audit,different_fiscal_unit_classes_cannot_be_summed,16105764.64,17472157.73,3296.98,3786.77,4881913.00,5704120.00,909935.11,1188898.18,10313916.53,10579139.55
083265004010,08,municipality,Gemeinde Dauchingen,Gemeinde Dauchingen,kreisangehörige Gemeinde,kreisangehörige Gemeinde,08326010,08326010,3913,3808,STATISTIKPORTAL_INTEGRATED_2023_T1,STATISTIKPORTAL_INTEGRATED_2024_T1,matching_original_identifier_and_class,not_certified_requires_population_and_entity_scope_audit,different_fiscal_unit_classes_cannot_be_summed,10442270.10,10584601.37,2668.61,2779.57,3409369.00,3191552.00,109935.11,113898.18,6922965.99,7279151.19
083265004037,08,municipality,Gemeinde Mönchweiler,Gemeinde Mönchweiler,kreisangehörige Gemeinde,kreisangehörige Gemeinde,08326037,08326037,2971,2773,STATISTIKPORTAL_INTEGRATED_2023_T1,STATISTIKPORTAL_INTEGRATED_2024_T1,matching_original_identifier_and_class,not_certified_requires_population_and_entity_scope_audit,different_fiscal_unit_classes_cannot_be_summed,4416608.37,4782693.93,1486.57,1724.74,0.00,0.00,109935.11,113898.18,4306673.26,4668795.75
083265004041,08,municipality,Gemeinde Niedereschach,Gemeinde Niedereschach,kreisangehörige Gemeinde,kreisangehörige Gemeinde,08326041,08326041,6045,5851,STATISTIKPORTAL_INTEGRATED_2023_T1,STATISTIKPORTAL_INTEGRATED_2024_T1,matching_original_identifier_and_class,not_certified_requires_population_and_entity_scope_audit,different_fiscal_unit_classes_cannot_be_summed,10914045.46,11695270.18,1805.47,1998.85,3525000.00,3275000.00,109935.11,113898.18,7279110.35,8306372.00
083265004061,08,municipality,Gemeinde Tuningen,Gemeinde Tuningen,kreisangehörige Gemeinde,kreisangehörige Gemeinde,08326061,08326061,3302,3197,STATISTIKPORTAL_INTEGRATED_2023_T1,STATISTIKPORTAL_INTEGRATED_2024_T1,matching_original_identifier_and_class,not_certified_requires_population_and_entity_scope_audit,different_fiscal_unit_classes_cannot_be_summed,7506731.03,6926980.22,2273.39,2166.71,2227338.00,2133331.00,705984.02,651642.10,4573409.01,4142007.12
083265004065,08,municipality,Gemeinde Unterkirnach,Gemeinde Unterkirnach,kreisangehörige Gemeinde,kreisangehörige Gemeinde,08326065,08326065,2657,2462,STATISTIKPORTAL_INTEGRATED_2023_T1,STATISTIKPORTAL_INTEGRATED_2024_T1,matching_original_identifier_and_class,not_certified_requires_population_and_entity_scope_audit,different_fiscal_unit_classes_cannot_be_summed,5674404.02,7453130.98,2135.64,3027.27,1011532.00,2171414.00,109935.11,113898.18,4552936.91,5167818.80
083265004074,08,municipality,Große Kreisstadt Villingen-Schwenningen,Große Kreisstadt Villingen-Schwenningen,kreisangehörige Gemeinde,kreisangehörige Gemeinde,08326074,08326074,88705,89599,STATISTIKPORTAL_INTEGRATED_2023_T1,STATISTIKPORTAL_INTEGRATED_2024_T1,matching_original_identifier_and_class,not_certified_requires_population_and_entity_scope_audit,different_fiscal_unit_classes_cannot_be_summed,267890219.03,298994286.62,3020.01,3337.03,20261401.00,50487775.00,18583647.43,16660111.79,229045170.60,231846399.83
083265004075,08,municipality,Gemeinde Brigachtal,Gemeinde Brigachtal,kreisangehörige Gemeinde,kreisangehörige Gemeinde,08326075,08326075,5246,5044,STATISTIKPORTAL_INTEGRATED_2023_T1,STATISTIKPORTAL_INTEGRATED_2024_T1,matching_original_identifier_and_class,not_certified_requires_population_and_entity_scope_audit,different_fiscal_unit_classes_cannot_be_summed,16529855.37,17997261.93,3150.94,3568.05,1953199.00,1871877.00,2357724.11,2253794.18,12218932.26,13871590.75
08327,08,county_administration,Landratsamt Tuttlingen,Landratsamt Tuttlingen,Landkreis,Landkreis,,,145299,145082,STATISTIKPORTAL_INTEGRATED_2023_T1,STATISTIKPORTAL_INTEGRATED_2024_T1,matching_original_identifier_and_class,not_certified_requires_population_and_entity_scope_audit,different_fiscal_unit_classes_cannot_be_summed,123981344.37,129317158.73,853.28,891.34,21378650.00,26233165.00,4270623.93,4256928.78,98332070.44,98827064.95
083275001004,08,municipality,Gemeinde Bärenthal,Gemeinde Bärenthal,kreisangehörige Gemeinde,kreisangehörige Gemeinde,08327004,08327004,482,486,STATISTIKPORTAL_INTEGRATED_2023_T1,STATISTIKPORTAL_INTEGRATED_2024_T1,matching_original_identifier_and_class,not_certified_requires_population_and_entity_scope_audit,different_fiscal_unit_classes_cannot_be_summed,3115793.27,3121965.49,6464.30,6423.80,2785611.00,2785611.00,101355.12,100772.49,228827.15,235582.00
083275001008,08,municipality,Gemeinde Buchheim,Gemeinde Buchheim,kreisangehörige Gemeinde,kreisangehörige Gemeinde,08327008,08327008,754,758,STATISTIKPORTAL_INTEGRATED_2023_T1,STATISTIKPORTAL_INTEGRATED_2024_T1,matching_original_identifier_and_class,not_certified_requires_population_and_entity_scope_audit,different_fiscal_unit_classes_cannot_be_summed,620711.18,557742.36,823.22,735.81,420055.00,369063.00,108154.39,107318.78,92501.79,81360.58
083275001016,08,municipality,Stadt Fridingen an der Donau,Stadt Fridingen an der Donau,kreisangehörige Gemeinde,kreisangehörige Gemeinde,08327016,08327016,3147,3185,STATISTIKPORTAL_INTEGRATED_2023_T1,STATISTIKPORTAL_INTEGRATED_2024_T1,matching_original_identifier_and_class,not_certified_requires_population_and_entity_scope_audit,different_fiscal_unit_classes_cannot_be_summed,4059724.81,4124284.53,1290.03,1294.91,2726751.00,2726751.00,190703.22,186794.10,1142270.59,1210739.43
083275001027,08,municipality,Gemeinde Irndorf,Gemeinde Irndorf,kreisangehörige Gemeinde,kreisangehörige Gemeinde,08327027,08327027,685,689,STATISTIKPORTAL_INTEGRATED_2023_T1,STATISTIKPORTAL_INTEGRATED_2024_T1,matching_original_identifier_and_class,not_certified_requires_population_and_entity_scope_audit,different_fiscal_unit_classes_cannot_be_summed,1762407.01,1658450.37,2572.86,2407.04,1227623.00,1132336.00,109869.86,108970.37,424914.15,417144.00
083275001030,08,municipality,Gemeinde Kolbingen,Gemeinde Kolbingen,kreisangehörige Gemeinde,kreisangehörige Gemeinde,08327030,08327030,1239,1232,STATISTIKPORTAL_INTEGRATED_2023_T1,STATISTIKPORTAL_INTEGRATED_2024_T1,matching_original_identifier_and_class,not_certified_requires_population_and_entity_scope_audit,different_fiscal_unit_classes_cannot_be_summed,992930.93,937443.61,801.40,760.91,375462.00,305410.00,127299.14,125750.75,490169.79,506282.86
083275001036,08,municipality,Stadt Mühlheim an der Donau,Stadt Mühlheim an der Donau,kreisangehörige Gemeinde,kreisangehörige Gemeinde,08327036,08327036,3593,3611,STATISTIKPORTAL_INTEGRATED_2023_T1,STATISTIKPORTAL_INTEGRATED_2024_T1,matching_original_identifier_and_class,not_certified_requires_population_and_entity_scope_audit,different_fiscal_unit_classes_cannot_be_summed,4135417.21,3650815.05,1150.96,1011.03,965505.00,850841.00,205381.69,200925.76,2964530.52,2599048.29
083275001041,08,municipality,Gemeinde Renquishausen,Gemeinde Renquishausen,kreisangehörige Gemeinde,kreisangehörige Gemeinde,08327041,08327041,779,818,STATISTIKPORTAL_INTEGRATED_2023_T1,STATISTIKPORTAL_INTEGRATED_2024_T1,matching_original_identifier_and_class,not_certified_requires_population_and_entity_scope_audit,different_fiscal_unit_classes_cannot_be_summed,1298854.30,1195421.33,1667.34,1461.40,870478.00,777853.00,110899.15,109961.33,317477.15,307607.00
083275002007,08,municipality,Gemeinde Bubsheim,Gemeinde Bubsheim,kreisangehörige Gemeinde,kreisangehörige Gemeinde,08327007,08327007,1427,1457,STATISTIKPORTAL_INTEGRATED_2023_T1,STATISTIKPORTAL_INTEGRATED_2024_T1,matching_original_identifier_and_class,not_certified_requires_population_and_entity_scope_audit,different_fiscal_unit_classes_cannot_be_summed,2925343.57,2643363.72,2050.00,1814.25,1687460.00,1548564.00,44121.98,42621.57,1193761.59,1052178.15
083275002009,08,municipality,Gemeinde Deilingen,Gemeinde Deilingen,kreisangehörige Gemeinde,kreisangehörige Gemeinde,08327009,08327009,1946,1887,STATISTIKPORTAL_INTEGRATED_2023_T1,STATISTIKPORTAL_INTEGRATED_2024_T1,matching_original_identifier_and_class,not_certified_requires_population_and_entity_scope_audit,different_fiscal_unit_classes_cannot_be_summed,2218378.97,1926402.02,1139.97,1020.88,0.00,0.00,58669.20,56769.89,2159709.77,1869632.13
083275002013,08,municipality,Gemeinde Egesheim,Gemeinde Egesheim,kreisangehörige Gemeinde,kreisangehörige Gemeinde,08327013,08327013,633,630,STATISTIKPORTAL_INTEGRATED_2023_T1,STATISTIKPORTAL_INTEGRATED_2024_T1,matching_original_identifier_and_class,not_certified_requires_population_and_entity_scope_audit,different_fiscal_unit_classes_cannot_be_summed,250442.11,256392.02,395.64,406.97,0.00,0.00,21614.96,20810.02,228827.15,235582.00
083275002019,08,municipality,Gemeinde Gosheim,Gemeinde Gosheim,kreisangehörige Gemeinde,kreisangehörige Gemeinde,08327019,08327019,3789,3732,STATISTIKPORTAL_INTEGRATED_2023_T1,STATISTIKPORTAL_INTEGRATED_2024_T1,matching_original_identifier_and_class,not_certified_requires_population_and_entity_scope_audit,different_fiscal_unit_classes_cannot_be_summed,2585771.47,2286613.68,682.44,612.70,0.00,0.00,197234.55,181399.55,2388536.92,2105214.13
083275002029,08,municipality,Gemeinde Königsheim,Gemeinde Königsheim,kreisangehörige Gemeinde,kreisangehörige Gemeinde,08327029,08327029,604,600,STATISTIKPORTAL_INTEGRATED_2023_T1,STATISTIKPORTAL_INTEGRATED_2024_T1,matching_original_identifier_and_class,not_certified_requires_population_and_entity_scope_audit,different_fiscal_unit_classes_cannot_be_summed,1127600.88,1063303.22,1866.89,1772.17,880178.00,809818.00,18595.73,17903.22,228827.15,235582.00
083275002040,08,municipality,Gemeinde Reichenbach am Heuberg,Gemeinde Reichenbach am Heuberg,kreisangehörige Gemeinde,kreisangehörige Gemeinde,08327040,08327040,465,453,STATISTIKPORTAL_INTEGRATED_2023_T1,STATISTIKPORTAL_INTEGRATED_2024_T1,matching_original_identifier_and_class,not_certified_requires_population_and_entity_scope_audit,different_fiscal_unit_classes_cannot_be_summed,245570.17,251701.51,528.11,555.63,0.00,0.00,16743.02,16119.51,228827.15,235582.00
083275002051,08,municipality,Gemeinde Wehingen,Gemeinde Wehingen,kreisangehörige Gemeinde,kreisangehörige Gemeinde,08327051,08327051,3654,3751,STATISTIKPORTAL_INTEGRATED_2023_T1,STATISTIKPORTAL_INTEGRATED_2024_T1,matching_original_identifier_and_class,not_certified_requires_population_and_entity_scope_audit,different_fiscal_unit_classes_cannot_be_summed,888596.68,880460.88,243.18,234.73,12566.00,0.00,189549.22,173714.88,686481.46,706746.00
083275003018,08,municipality,Stadt Geisingen,Stadt Geisingen,kreisangehörige Gemeinde,kreisangehörige Gemeinde,08327018,08327018,6374,6176,STATISTIKPORTAL_INTEGRATED_2023_T1,STATISTIKPORTAL_INTEGRATED_2024_T1,matching_original_identifier_and_class,not_certified_requires_population_and_entity_scope_audit,different_fiscal_unit_classes_cannot_be_summed,16395337.23,15235358.44,2572.22,2466.87,1363895.00,592930.00,1758493.52,1581131.92,13272948.71,13061296.52
083275003025,08,municipality,Gemeinde Immendingen,Gemeinde Immendingen,kreisangehörige Gemeinde,kreisangehörige Gemeinde,08327025,08327025,6560,6487,STATISTIKPORTAL_INTEGRATED_2023_T1,STATISTIKPORTAL_INTEGRATED_2024_T1,matching_original_identifier_and_class,not_certified_requires_population_and_entity_scope_audit,different_fiscal_unit_classes_cannot_be_summed,5090965.48,4800662.18,776.06,740.04,684657.00,585708.00,1704575.36,1525114.16,2701733.12,2689840.02
083275004002,08,municipality,Gemeinde Aldingen,Gemeinde Aldingen,kreisangehörige Gemeinde,kreisangehörige Gemeinde,08327002,08327002,7756,7814,STATISTIKPORTAL_INTEGRATED_2023_T1,STATISTIKPORTAL_INTEGRATED_2024_T1,matching_original_identifier_and_class,not_certified_requires_population_and_entity_scope_audit,different_fiscal_unit_classes_cannot_be_summed,4780755.11,4408306.85,616.39,564.15,0.00,0.00,789222.72,617935.97,3991532.39,3790370.88
083275004005,08,municipality,Gemeinde Balgheim,Gemeinde Balgheim,kreisangehörige Gemeinde,kreisangehörige Gemeinde,08327005,08327005,1293,1306,STATISTIKPORTAL_INTEGRATED_2023_T1,STATISTIKPORTAL_INTEGRATED_2024_T1,matching_original_identifier_and_class,not_certified_requires_population_and_entity_scope_audit,different_fiscal_unit_classes_cannot_be_summed,1172730.68,1035682.65,906.98,793.02,43930.00,26270.00,40210.77,38856.18,1088589.91,970556.47
083275004006,08,municipality,Gemeinde Böttingen,Gemeinde Böttingen,kreisangehörige Gemeinde,kreisangehörige Gemeinde,08327006,08327006,1428,1450,STATISTIKPORTAL_INTEGRATED_2023_T1,STATISTIKPORTAL_INTEGRATED_2024_T1,matching_original_identifier_and_class,not_certified_requires_population_and_entity_scope_audit,different_fiscal_unit_classes_cannot_be_summed,854309.59,801991.79,598.26,553.10,502604.00,450692.00,47278.44,45517.79,304427.15,305782.00
083275004010,08,municipality,Gemeinde Denkingen,Gemeinde Denkingen,kreisangehörige Gemeinde,kreisangehörige Gemeinde,08327010,08327010,2935,3014,STATISTIKPORTAL_INTEGRATED_2023_T1,STATISTIKPORTAL_INTEGRATED_2024_T1,matching_original_identifier_and_class,not_certified_requires_population_and_entity_scope_audit,different_fiscal_unit_classes_cannot_be_summed,1277438.52,1118650.80,435.24,371.15,723340.00,633000.00,325271.37,250068.80,228827.15,235582.00
083275004011,08,municipality,Gemeinde Dürbheim,Gemeinde Dürbheim,kreisangehörige Gemeinde,kreisangehörige Gemeinde,08327011,08327011,1710,1732,STATISTIKPORTAL_INTEGRATED_2023_T1,STATISTIKPORTAL_INTEGRATED_2024_T1,matching_original_identifier_and_class,not_certified_requires_population_and_entity_scope_audit,different_fiscal_unit_classes_cannot_be_summed,2751959.99,2436772.16,1609.33,1406.91,558794.00,495850.00,55032.52,53268.95,2138133.47,1887653.21
083275004017,08,municipality,Gemeinde Frittlingen,Gemeinde Frittlingen,kreisangehörige Gemeinde,kreisangehörige Gemeinde,08327017,08327017,2190,2151,STATISTIKPORTAL_INTEGRATED_2023_T1,STATISTIKPORTAL_INTEGRATED_2024_T1,matching_original_identifier_and_class,not_certified_requires_population_and_entity_scope_audit,different_fiscal_unit_classes_cannot_be_summed,3562859.00,3040121.94,1626.88,1413.35,0.00,0.00,308802.84,234641.80,3254056.16,2805480.14
083275004023,08,municipality,Gemeinde Hausen ob Verena,Gemeinde Hausen ob Verena,kreisangehörige Gemeinde,kreisangehörige Gemeinde,08327023,08327023,843,841,STATISTIKPORTAL_INTEGRATED_2023_T1,STATISTIKPORTAL_INTEGRATED_2024_T1,matching_original_identifier_and_class,not_certified_requires_population_and_entity_scope_audit,different_fiscal_unit_classes_cannot_be_summed,924833.72,840620.09,1097.07,999.55,670000.00,580000.00,26006.57,25038.09,228827.15,235582.00
083275004033,08,municipality,Gemeinde Mahlstetten,Gemeinde Mahlstetten,kreisangehörige Gemeinde,kreisangehörige Gemeinde,08327033,08327033,818,818,STATISTIKPORTAL_INTEGRATED_2023_T1,STATISTIKPORTAL_INTEGRATED_2024_T1,matching_original_identifier_and_class,not_certified_requires_population_and_entity_scope_audit,different_fiscal_unit_classes_cannot_be_summed,1309669.34,1239005.96,1601.06,1514.68,1246000.00,1179000.00,25869.34,24905.96,37800.00,35100.00
083275004046,08,municipality,Stadt Spaichingen,Stadt Spaichingen,kreisangehörige Gemeinde,kreisangehörige Gemeinde,08327046,08327046,13633,13697,STATISTIKPORTAL_INTEGRATED_2023_T1,STATISTIKPORTAL_INTEGRATED_2024_T1,matching_original_identifier_and_class,not_certified_requires_population_and_entity_scope_audit,different_fiscal_unit_classes_cannot_be_summed,3611297.93,3043413.58,264.89,222.20,1605854.00,1173138.00,425986.32,410122.58,1579457.61,1460153.00
083275005012,08,municipality,Gemeinde Durchhausen,Gemeinde Durchhausen,kreisangehörige Gemeinde,kreisangehörige Gemeinde,08327012,08327012,1054,1071,STATISTIKPORTAL_INTEGRATED_2023_T1,STATISTIKPORTAL_INTEGRATED_2024_T1,matching_original_identifier_and_class,not_certified_requires_population_and_entity_scope_audit,different_fiscal_unit_classes_cannot_be_summed,1661576.24,1600343.76,1576.45,1494.25,377500.00,345000.00,956703.95,916981.36,327372.29,338362.40
083275005020,08,municipality,Gemeinde Gunningen,Gemeinde Gunningen,kreisangehörige Gemeinde,kreisangehörige Gemeinde,08327020,08327020,763,782,STATISTIKPORTAL_INTEGRATED_2023_T1,STATISTIKPORTAL_INTEGRATED_2024_T1,matching_original_identifier_and_class,not_certified_requires_population_and_entity_scope_audit,different_fiscal_unit_classes_cannot_be_summed,2858384.30,2490338.20,3746.24,3184.58,576250.00,494650.00,23879.40,23275.67,2258254.90,1972412.53
083275005048,08,municipality,Gemeinde Talheim (LKR Tuttlingen),Gemeinde Talheim (LKR Tuttlingen),kreisangehörige Gemeinde,kreisangehörige Gemeinde,08327048,08327048,1305,1315,STATISTIKPORTAL_INTEGRATED_2023_T1,STATISTIKPORTAL_INTEGRATED_2024_T1,matching_original_identifier_and_class,not_certified_requires_population_and_entity_scope_audit,different_fiscal_unit_classes_cannot_be_summed,3263468.65,2828216.29,2500.74,2150.73,0.00,0.00,40279.33,39207.56,3223189.32,2789008.73
083275005049,08,municipality,Stadt Trossingen,Stadt Trossingen,kreisangehörige Gemeinde,kreisangehörige Gemeinde,08327049,08327049,17605,17502,STATISTIKPORTAL_INTEGRATED_2023_T1,STATISTIKPORTAL_INTEGRATED_2024_T1,matching_original_identifier_and_class,not_certified_requires_population_and_entity_scope_audit,different_fiscal_unit_classes_cannot_be_summed,62609216.70,71388195.18,3556.33,4078.86,8382472.00,7668420.00,536051.08,516088.53,53690693.62,63203686.65
083275006038,08,municipality,Gemeinde Neuhausen ob Eck,Gemeinde Neuhausen ob Eck,kreisangehörige Gemeinde,kreisangehörige Gemeinde,08327038,08327038,4048,4170,STATISTIKPORTAL_INTEGRATED_2023_T1,STATISTIKPORTAL_INTEGRATED_2024_T1,matching_original_identifier_and_class,not_certified_requires_population_and_entity_scope_audit,different_fiscal_unit_classes_cannot_be_summed,5015476.14,6738308.95,1239.00,1615.90,964042.00,2847486.00,129689.92,124860.61,3921744.22,3765962.34
083275006050,08,municipality,Große Kreisstadt Tuttlingen,Große Kreisstadt Tuttlingen,kreisangehörige Gemeinde,kreisangehörige Gemeinde,08327050,08327050,37570,37128,STATISTIKPORTAL_INTEGRATED_2023_T1,STATISTIKPORTAL_INTEGRATED_2024_T1,matching_original_identifier_and_class,not_certified_requires_population_and_entity_scope_audit,different_fiscal_unit_classes_cannot_be_summed,117948983.58,165615662.09,3139.45,4460.67,15826689.00,23514409.00,4866489.55,4529034.55,97255805.03,137572218.54
083275006054,08,municipality,Gemeinde Wurmlingen,Gemeinde Wurmlingen,kreisangehörige Gemeinde,kreisangehörige Gemeinde,08327054,08327054,3886,3940,STATISTIKPORTAL_INTEGRATED_2023_T1,STATISTIKPORTAL_INTEGRATED_2024_T1,matching_original_identifier_and_class,not_certified_requires_population_and_entity_scope_audit,different_fiscal_unit_classes_cannot_be_summed,773965.33,899961.12,199.17,228.42,0.00,0.00,127494.43,122747.64,646470.90,777213.48
083275006055,08,municipality,Gemeinde Seitingen-Oberflacht,Gemeinde Seitingen-Oberflacht,kreisangehörige Gemeinde,kreisangehörige Gemeinde,08327055,08327055,2599,2601,STATISTIKPORTAL_INTEGRATED_2023_T1,STATISTIKPORTAL_INTEGRATED_2024_T1,matching_original_identifier_and_class,not_certified_requires_population_and_entity_scope_audit,different_fiscal_unit_classes_cannot_be_summed,3302238.35,2865542.20,1270.58,1101.71,0.00,0.00,79049.03,76533.47,3223189.32,2789008.73
083275006056,08,municipality,Gemeinde Rietheim-Weilheim,Gemeinde Rietheim-Weilheim,kreisangehörige Gemeinde,kreisangehörige Gemeinde,08327056,08327056,2887,2953,STATISTIKPORTAL_INTEGRATED_2023_T1,STATISTIKPORTAL_INTEGRATED_2024_T1,matching_original_identifier_and_class,not_certified_requires_population_and_entity_scope_audit,different_fiscal_unit_classes_cannot_be_summed,1568502.20,1399379.14,543.30,473.88,0.00,0.00,90165.40,86807.94,1478336.80,1312571.20
083275006057,08,municipality,Gemeinde Emmingen-Liptingen,Gemeinde Emmingen-Liptingen,kreisangehörige Gemeinde,kreisangehörige Gemeinde,08327057,08327057,4845,4845,STATISTIKPORTAL_INTEGRATED_2023_T1,STATISTIKPORTAL_INTEGRATED_2024_T1,matching_original_identifier_and_class,not_certified_requires_population_and_entity_scope_audit,different_fiscal_unit_classes_cannot_be_summed,10074235.36,10621787.42,2079.31,2192.32,4460705.00,5011572.00,210890.21,206986.99,5402640.15,5403228.43
08335,08,county_administration,Landratsamt Konstanz,Landratsamt Konstanz,Landkreis,Landkreis,,,293521,292071,STATISTIKPORTAL_INTEGRATED_2023_T1,STATISTIKPORTAL_INTEGRATED_2024_T1,matching_original_identifier_and_class,not_certified_requires_population_and_entity_scope_audit,different_fiscal_unit_classes_cannot_be_summed,71959820.24,74469250.86,245.16,254.97,32211087.00,35983428.00,241900.00,212077.00,39506833.24,38273745.86
083350035035,08,municipality,Gemeinde Hilzingen,Gemeinde Hilzingen,kreisangehörige Gemeinde,kreisangehörige Gemeinde,08335035,08335035,9099,9177,STATISTIKPORTAL_INTEGRATED_2023_T1,STATISTIKPORTAL_INTEGRATED_2024_T1,matching_original_identifier_and_class,not_certified_requires_population_and_entity_scope_audit,different_fiscal_unit_classes_cannot_be_summed,11329607.39,13136849.58,1245.15,1431.50,3037983.00,4115867.00,53889.76,55832.45,8237734.63,8965150.13
083350063063,08,municipality,Große Kreisstadt Radolfzell am Bodensee,Große Kreisstadt Radolfzell am Bodensee,kreisangehörige Gemeinde,kreisangehörige Gemeinde,08335063,08335063,32269,31714,STATISTIKPORTAL_INTEGRATED_2023_T1,STATISTIKPORTAL_INTEGRATED_2024_T1,matching_original_identifier_and_class,not_certified_requires_population_and_entity_scope_audit,different_fiscal_unit_classes_cannot_be_summed,41791303.67,45739204.62,1295.09,1442.24,5358095.00,2144955.00,176306.07,257860.66,36256902.60,43336388.96
083350080080,08,municipality,Stadt Tengen,Stadt Tengen,kreisangehörige Gemeinde,kreisangehörige Gemeinde,08335080,08335080,4930,4810,STATISTIKPORTAL_INTEGRATED_2023_T1,STATISTIKPORTAL_INTEGRATED_2024_T1,matching_original_identifier_and_class,not_certified_requires_population_and_entity_scope_audit,different_fiscal_unit_classes_cannot_be_summed,7955429.88,7691186.27,1613.68,1599.00,1961627.00,1852577.00,1536830.76,1384198.45,4456972.12,4454410.82
083355001001,08,municipality,Stadt Aach,Stadt Aach,kreisangehörige Gemeinde,kreisangehörige Gemeinde,08335001,08335001,2417,2404,STATISTIKPORTAL_INTEGRATED_2023_T1,STATISTIKPORTAL_INTEGRATED_2024_T1,matching_original_identifier_and_class,not_certified_requires_population_and_entity_scope_audit,different_fiscal_unit_classes_cannot_be_summed,2684744.85,3296458.50,1110.78,1371.24,382429.00,921606.00,53889.76,55832.45,2248426.09,2319020.05
083355001022,08,municipality,Stadt Engen,Stadt Engen,kreisangehörige Gemeinde,kreisangehörige Gemeinde,08335022,08335022,11357,11377,STATISTIKPORTAL_INTEGRATED_2023_T1,STATISTIKPORTAL_INTEGRATED_2024_T1,matching_original_identifier_and_class,not_certified_requires_population_and_entity_scope_audit,different_fiscal_unit_classes_cannot_be_summed,9814685.31,9108795.07,864.20,800.63,0.00,0.00,53889.76,55832.45,9760795.55,9052962.62
083355001097,08,municipality,Gemeinde Mühlhausen-Ehingen,Gemeinde Mühlhausen-Ehingen,kreisangehörige Gemeinde,kreisangehörige Gemeinde,08335097,08335097,4009,4028,STATISTIKPORTAL_INTEGRATED_2023_T1,STATISTIKPORTAL_INTEGRATED_2024_T1,matching_original_identifier_and_class,not_certified_requires_population_and_entity_scope_audit,different_fiscal_unit_classes_cannot_be_summed,3027084.39,2979515.74,755.07,739.70,617153.00,507927.00,53889.76,55832.45,2356041.63,2415756.29
083355002015,08,municipality,Gemeinde Büsingen am Hochrhein,Gemeinde Büsingen am Hochrhein,kreisangehörige Gemeinde,kreisangehörige Gemeinde,08335015,08335015,1609,1416,STATISTIKPORTAL_INTEGRATED_2023_T1,STATISTIKPORTAL_INTEGRATED_2024_T1,matching_original_identifier_and_class,not_certified_requires_population_and_entity_scope_audit,different_fiscal_unit_classes_cannot_be_summed,2108607.88,2200727.27,1310.51,1554.19,0.00,0.00,53889.76,55832.45,2054718.12,2144894.82
083355002026,08,municipality,Gemeinde Gailingen am Hochrhein,Gemeinde Gailingen am Hochrhein,kreisangehörige Gemeinde,kreisangehörige Gemeinde,08335026,08335026,2966,3060,STATISTIKPORTAL_INTEGRATED_2023_T1,STATISTIKPORTAL_INTEGRATED_2024_T1,matching_original_identifier_and_class,not_certified_requires_population_and_entity_scope_audit,different_fiscal_unit_classes_cannot_be_summed,4997926.34,8639174.56,1685.07,2823.26,809223.00,683151.00,53889.76,55832.45,4134813.58,7900191.11
083355002028,08,municipality,Gemeinde Gottmadingen,Gemeinde Gottmadingen,kreisangehörige Gemeinde,kreisangehörige Gemeinde,08335028,08335028,10978,10820,STATISTIKPORTAL_INTEGRATED_2023_T1,STATISTIKPORTAL_INTEGRATED_2024_T1,matching_original_identifier_and_class,not_certified_requires_population_and_entity_scope_audit,different_fiscal_unit_classes_cannot_be_summed,11365778.53,10644812.03,1035.32,983.81,4859078.00,4185652.00,53889.76,55832.45,6452810.77,6403327.58
083355003025,08,municipality,Gemeinde Gaienhofen,Gemeinde Gaienhofen,kreisangehörige Gemeinde,kreisangehörige Gemeinde,08335025,08335025,3378,3329,STATISTIKPORTAL_INTEGRATED_2023_T1,STATISTIKPORTAL_INTEGRATED_2024_T1,matching_original_identifier_and_class,not_certified_requires_population_and_entity_scope_audit,different_fiscal_unit_classes_cannot_be_summed,6210719.05,6168429.76,1838.58,1852.94,1633976.00,1405216.00,108551.55,112464.74,4468191.50,4650749.02
083355003055,08,municipality,Gemeinde Moos,Gemeinde Moos,kreisangehörige Gemeinde,kreisangehörige Gemeinde,08335055,08335055,3481,3419,STATISTIKPORTAL_INTEGRATED_2023_T1,STATISTIKPORTAL_INTEGRATED_2024_T1,matching_original_identifier_and_class,not_certified_requires_population_and_entity_scope_audit,different_fiscal_unit_classes_cannot_be_summed,7675978.48,7636397.19,2205.11,2233.52,2001143.00,1771675.00,108551.55,112464.74,5566283.93,5752257.45
083355003061,08,municipality,Gemeinde Öhningen,Gemeinde Öhningen,kreisangehörige Gemeinde,kreisangehörige Gemeinde,08335061,08335061,3698,3613,STATISTIKPORTAL_INTEGRATED_2023_T1,STATISTIKPORTAL_INTEGRATED_2024_T1,matching_original_identifier_and_class,not_certified_requires_population_and_entity_scope_audit,different_fiscal_unit_classes_cannot_be_summed,6794414.76,6558714.86,1837.32,1815.31,2542615.00,2117055.00,108536.35,112449.00,4143263.41,4329210.86
083355004002,08,municipality,Gemeinde Allensbach,Gemeinde Allensbach,kreisangehörige Gemeinde,kreisangehörige Gemeinde,08335002,08335002,7323,7419,STATISTIKPORTAL_INTEGRATED_2023_T1,STATISTIKPORTAL_INTEGRATED_2024_T1,matching_original_identifier_and_class,not_certified_requires_population_and_entity_scope_audit,different_fiscal_unit_classes_cannot_be_summed,19834249.21,20165592.08,2708.49,2718.10,1235879.00,1797641.00,82451.33,85423.64,18515918.88,18282527.44
083355004043,08,municipality,"Große Kreisstadt Konstanz, Universitätsstadt","Große Kreisstadt Konstanz, Universitätsstadt",kreisangehörige Gemeinde,kreisangehörige Gemeinde,08335043,08335043,85591,86845,STATISTIKPORTAL_INTEGRATED_2023_T1,STATISTIKPORTAL_INTEGRATED_2024_T1,matching_original_identifier_and_class,not_certified_requires_population_and_entity_scope_audit,different_fiscal_unit_classes_cannot_be_summed,506340505.56,575875596.79,5915.81,6631.07,79793697.00,105593040.00,29682321.87,32618904.18,396864486.69,437663652.61
083355004066,08,municipality,Gemeinde Reichenau,Gemeinde Reichenau,kreisangehörige Gemeinde,kreisangehörige Gemeinde,08335066,08335066,5577,5369,STATISTIKPORTAL_INTEGRATED_2023_T1,STATISTIKPORTAL_INTEGRATED_2024_T1,matching_original_identifier_and_class,not_certified_requires_population_and_entity_scope_audit,different_fiscal_unit_classes_cannot_be_summed,13225945.21,12915660.08,2371.52,2405.60,4633120.00,4382926.00,82451.33,85423.64,8510373.88,8447310.44
083355005075,08,municipality,Große Kreisstadt Singen (Hohentwiel),Große Kreisstadt Singen (Hohentwiel),kreisangehörige Gemeinde,kreisangehörige Gemeinde,08335075,08335075,49549,47569,STATISTIKPORTAL_INTEGRATED_2023_T1,STATISTIKPORTAL_INTEGRATED_2024_T1,matching_original_identifier_and_class,not_certified_requires_population_and_entity_scope_audit,different_fiscal_unit_classes_cannot_be_summed,129041048.26,130374986.38,2604.31,2740.76,21038100.00,20471600.00,2856149.55,2735553.74,105146798.71,107167832.64
083355005077,08,municipality,Gemeinde Steißlingen,Gemeinde Steißlingen,kreisangehörige Gemeinde,kreisangehörige Gemeinde,08335077,08335077,5104,5130,STATISTIKPORTAL_INTEGRATED_2023_T1,STATISTIKPORTAL_INTEGRATED_2024_T1,matching_original_identifier_and_class,not_certified_requires_population_and_entity_scope_audit,different_fiscal_unit_classes_cannot_be_summed,6452617.36,6494619.86,1264.23,1266.01,0.00,0.00,108551.55,112464.74,6344065.81,6382155.12
083355005081,08,municipality,Gemeinde Volkertshausen,Gemeinde Volkertshausen,kreisangehörige Gemeinde,kreisangehörige Gemeinde,08335081,08335081,3282,3363,STATISTIKPORTAL_INTEGRATED_2023_T1,STATISTIKPORTAL_INTEGRATED_2024_T1,matching_original_identifier_and_class,not_certified_requires_population_and_entity_scope_audit,different_fiscal_unit_classes_cannot_be_summed,4548553.94,4654479.58,1385.91,1384.03,60000.00,0.00,108536.35,112449.00,4380017.59,4542030.58
083355005100,08,municipality,Gemeinde Rielasingen-Worblingen,Gemeinde Rielasingen-Worblingen,kreisangehörige Gemeinde,kreisangehörige Gemeinde,08335100,08335100,12154,12280,STATISTIKPORTAL_INTEGRATED_2023_T1,STATISTIKPORTAL_INTEGRATED_2024_T1,matching_original_identifier_and_class,not_certified_requires_population_and_entity_scope_audit,different_fiscal_unit_classes_cannot_be_summed,15428487.12,15171036.10,1269.42,1235.43,1557954.00,1474146.00,108551.55,112464.74,13761981.57,13584425.36
083355006021,08,municipality,Gemeinde Eigeltingen,Gemeinde Eigeltingen,kreisangehörige Gemeinde,kreisangehörige Gemeinde,08335021,08335021,3908,3837,STATISTIKPORTAL_INTEGRATED_2023_T1,STATISTIKPORTAL_INTEGRATED_2024_T1,matching_original_identifier_and_class,not_certified_requires_population_and_entity_scope_audit,different_fiscal_unit_classes_cannot_be_summed,5165792.12,5300708.77,1321.85,1381.47,753061.00,557026.00,210183.33,330558.62,4202547.79,4413124.15
083355006057,08,municipality,Gemeinde Mühlingen,Gemeinde Mühlingen,kreisangehörige Gemeinde,kreisangehörige Gemeinde,08335057,08335057,2760,2730,STATISTIKPORTAL_INTEGRATED_2023_T1,STATISTIKPORTAL_INTEGRATED_2024_T1,matching_original_identifier_and_class,not_certified_requires_population_and_entity_scope_audit,different_fiscal_unit_classes_cannot_be_summed,4252395.05,4442281.76,1540.72,1627.21,0.00,0.00,108551.55,112464.74,4143843.50,4329817.02
083355006079,08,municipality,Stadt Stockach,Stadt Stockach,kreisangehörige Gemeinde,kreisangehörige Gemeinde,08335079,08335079,17444,17721,STATISTIKPORTAL_INTEGRATED_2023_T1,STATISTIKPORTAL_INTEGRATED_2024_T1,matching_original_identifier_and_class,not_certified_requires_population_and_entity_scope_audit,different_fiscal_unit_classes_cannot_be_summed,19216224.42,23466704.54,1101.60,1324.23,1534626.00,0.00,955483.05,1929913.74,16726115.37,21536790.80
083355006096,08,municipality,Gemeinde Hohenfels,Gemeinde Hohenfels,kreisangehörige Gemeinde,kreisangehörige Gemeinde,08335096,08335096,2128,2239,STATISTIKPORTAL_INTEGRATED_2023_T1,STATISTIKPORTAL_INTEGRATED_2024_T1,matching_original_identifier_and_class,not_certified_requires_population_and_entity_scope_audit,different_fiscal_unit_classes_cannot_be_summed,4472350.49,4762015.79,2101.67,2126.85,0.00,0.00,269802.70,348891.64,4202547.79,4413124.15
083355006098,08,municipality,Gemeinde Bodman-Ludwigshafen,Gemeinde Bodman-Ludwigshafen,kreisangehörige Gemeinde,kreisangehörige Gemeinde,08335098,08335098,4845,4805,STATISTIKPORTAL_INTEGRATED_2023_T1,STATISTIKPORTAL_INTEGRATED_2024_T1,matching_original_identifier_and_class,not_certified_requires_population_and_entity_scope_audit,different_fiscal_unit_classes_cannot_be_summed,10952517.27,10732859.78,2260.58,2233.69,1636875.00,1500627.00,362631.00,657699.44,8953011.27,8574533.34
083355006099,08,municipality,Gemeinde Orsingen-Nenzingen,Gemeinde Orsingen-Nenzingen,kreisangehörige Gemeinde,kreisangehörige Gemeinde,08335099,08335099,3665,3597,STATISTIKPORTAL_INTEGRATED_2023_T1,STATISTIKPORTAL_INTEGRATED_2024_T1,matching_original_identifier_and_class,not_certified_requires_population_and_entity_scope_audit,different_fiscal_unit_classes_cannot_be_summed,4421781.35,4805771.56,1206.49,1336.05,0.00,0.00,277937.85,475954.54,4143843.50,4329817.02
08336,08,county_administration,Landratsamt Lörrach,Landratsamt Lörrach,Landkreis,Landkreis,,,233887,237638,STATISTIKPORTAL_INTEGRATED_2023_T1,STATISTIKPORTAL_INTEGRATED_2024_T1,matching_original_identifier_and_class,not_certified_requires_population_and_entity_scope_audit,different_fiscal_unit_classes_cannot_be_summed,87591136.96,369354359.80,374.50,1554.27,36735477.00,115254637.00,400.50,1324.25,50855259.46,254098398.55
083360014014,08,municipality,Gemeinde Efringen-Kirchen,Gemeinde Efringen-Kirchen,kreisangehörige Gemeinde,kreisangehörige Gemeinde,08336014,08336014,8765,8717,STATISTIKPORTAL_INTEGRATED_2023_T1,STATISTIKPORTAL_INTEGRATED_2024_T1,matching_original_identifier_and_class,not_certified_requires_population_and_entity_scope_audit,different_fiscal_unit_classes_cannot_be_summed,30010155.94,28062564.86,3423.86,3219.29,237703.00,220317.00,28615.47,29647.03,29743837.47,27812600.83
083360084084,08,municipality,Gemeinde Steinen,Gemeinde Steinen,kreisangehörige Gemeinde,kreisangehörige Gemeinde,08336084,08336084,10311,10405,STATISTIKPORTAL_INTEGRATED_2023_T1,STATISTIKPORTAL_INTEGRATED_2024_T1,matching_original_identifier_and_class,not_certified_requires_population_and_entity_scope_audit,different_fiscal_unit_classes_cannot_be_summed,51801155.92,54541714.85,5023.87,5241.88,17091807.00,15920824.00,124214.21,128693.08,34585134.71,38492197.77
083360087087,08,municipality,Stadt Todtnau,Stadt Todtnau,kreisangehörige Gemeinde,kreisangehörige Gemeinde,08336087,08336087,4867,4953,STATISTIKPORTAL_INTEGRATED_2023_T1,STATISTIKPORTAL_INTEGRATED_2024_T1,matching_original_identifier_and_class,not_certified_requires_population_and_entity_scope_audit,different_fiscal_unit_classes_cannot_be_summed,27836750.99,35251845.20,5719.49,7117.27,3596224.00,4829931.00,68233.06,70692.81,24172293.93,30351221.39
083360091091,08,municipality,Große Kreisstadt Weil am Rhein,Große Kreisstadt Weil am Rhein,kreisangehörige Gemeinde,kreisangehörige Gemeinde,08336091,08336091,30884,32064,STATISTIKPORTAL_INTEGRATED_2023_T1,STATISTIKPORTAL_INTEGRATED_2024_T1,matching_original_identifier_and_class,not_certified_requires_population_and_entity_scope_audit,different_fiscal_unit_classes_cannot_be_summed,155610711.93,162784448.14,5038.55,5076.86,2088950.00,6687187.00,143078.56,148239.27,153378683.37,155949021.87
083360105105,08,municipality,Gemeinde Grenzach-Wyhlen,Gemeinde Grenzach-Wyhlen,kreisangehörige Gemeinde,kreisangehörige Gemeinde,08336105,08336105,15121,15427,STATISTIKPORTAL_INTEGRATED_2023_T1,STATISTIKPORTAL_INTEGRATED_2024_T1,matching_original_identifier_and_class,not_certified_requires_population_and_entity_scope_audit,different_fiscal_unit_classes_cannot_be_summed,56430459.45,67567087.01,3731.93,4379.79,12184900.00,23438500.00,28616.54,29650.58,44216942.91,44098936.43
083360107107,08,municipality,Gemeinde Kleines Wiesental,Gemeinde Kleines Wiesental,kreisangehörige Gemeinde,kreisangehörige Gemeinde,08336107,08336107,2778,2954,STATISTIKPORTAL_INTEGRATED_2023_T1,STATISTIKPORTAL_INTEGRATED_2024_T1,matching_original_identifier_and_class,not_certified_requires_population_and_entity_scope_audit,different_fiscal_unit_classes_cannot_be_summed,12498210.02,11920085.51,4499.00,4035.24,1854238.00,1707370.00,68233.06,70692.81,10575738.96,10142022.70
083365001045,08,municipality,Stadt Kandern,Stadt Kandern,kreisangehörige Gemeinde,kreisangehörige Gemeinde,08336045,08336045,8410,8573,STATISTIKPORTAL_INTEGRATED_2023_T1,STATISTIKPORTAL_INTEGRATED_2024_T1,matching_original_identifier_and_class,not_certified_requires_population_and_entity_scope_audit,different_fiscal_unit_classes_cannot_be_summed,37059275.00,41675726.23,4406.57,4861.28,2293136.00,2125446.00,124213.75,128691.56,34641925.25,39421588.67
083365001104,08,municipality,Gemeinde Malsburg-Marzell,Gemeinde Malsburg-Marzell,kreisangehörige Gemeinde,kreisangehörige Gemeinde,08336104,08336104,1488,1443,STATISTIKPORTAL_INTEGRATED_2023_T1,STATISTIKPORTAL_INTEGRATED_2024_T1,matching_original_identifier_and_class,not_certified_requires_population_and_entity_scope_audit,different_fiscal_unit_classes_cannot_be_summed,7339480.20,8082431.84,4932.45,5601.13,935293.00,1076337.00,28615.47,29647.03,6375571.73,6976447.81
083365003043,08,municipality,Gemeinde Inzlingen,Gemeinde Inzlingen,kreisangehörige Gemeinde,kreisangehörige Gemeinde,08336043,08336043,2502,2519,STATISTIKPORTAL_INTEGRATED_2023_T1,STATISTIKPORTAL_INTEGRATED_2024_T1,matching_original_identifier_and_class,not_certified_requires_population_and_entity_scope_audit,different_fiscal_unit_classes_cannot_be_summed,14033424.18,14123664.89,5608.88,5606.85,3619078.00,3418000.00,124213.80,128691.72,10290132.38,10576973.17
083365003050,08,municipality,Große Kreisstadt Lörrach,Große Kreisstadt Lörrach,kreisangehörige Gemeinde,kreisangehörige Gemeinde,08336050,08336050,50436,50923,STATISTIKPORTAL_INTEGRATED_2023_T1,STATISTIKPORTAL_INTEGRATED_2024_T1,matching_original_identifier_and_class,not_certified_requires_population_and_entity_scope_audit,different_fiscal_unit_classes_cannot_be_summed,330697001.55,339653901.37,6556.77,6669.95,16705192.00,15964980.00,3764800.54,3982361.24,310227009.01,319706560.13
083365004069,08,municipality,Große Kreisstadt Rheinfelden (Baden),Große Kreisstadt Rheinfelden (Baden),kreisangehörige Gemeinde,kreisangehörige Gemeinde,08336069,08336069,33682,34961,STATISTIKPORTAL_INTEGRATED_2023_T1,STATISTIKPORTAL_INTEGRATED_2024_T1,matching_original_identifier_and_class,not_certified_requires_population_and_entity_scope_audit,different_fiscal_unit_classes_cannot_be_summed,176450803.02,193761426.37,5238.73,5542.22,2831964.00,2628577.00,409910.49,420419.76,173208928.53,190712429.61
083365004082,08,municipality,Gemeinde Schwörstadt,Gemeinde Schwörstadt,kreisangehörige Gemeinde,kreisangehörige Gemeinde,08336082,08336082,2563,2519,STATISTIKPORTAL_INTEGRATED_2023_T1,STATISTIKPORTAL_INTEGRATED_2024_T1,matching_original_identifier_and_class,not_certified_requires_population_and_entity_scope_audit,different_fiscal_unit_classes_cannot_be_summed,13061473.24,13520074.51,5096.17,5367.24,770197.00,770197.00,127178.39,131421.66,12164097.85,12618455.85
083365005006,08,municipality,Gemeinde Bad Bellingen,Gemeinde Bad Bellingen,kreisangehörige Gemeinde,kreisangehörige Gemeinde,08336006,08336006,5163,5063,STATISTIKPORTAL_INTEGRATED_2023_T1,STATISTIKPORTAL_INTEGRATED_2024_T1,matching_original_identifier_and_class,not_certified_requires_population_and_entity_scope_audit,different_fiscal_unit_classes_cannot_be_summed,12419676.18,14063240.88,2405.52,2777.65,2337265.00,2174305.00,28615.55,29647.29,10053795.63,11859288.59
083365005078,08,municipality,Gemeinde Schliengen,Gemeinde Schliengen,kreisangehörige Gemeinde,kreisangehörige Gemeinde,08336078,08336078,6133,6187,STATISTIKPORTAL_INTEGRATED_2023_T1,STATISTIKPORTAL_INTEGRATED_2024_T1,matching_original_identifier_and_class,not_certified_requires_population_and_entity_scope_audit,different_fiscal_unit_classes_cannot_be_summed,4908375.30,8056577.49,800.32,1302.18,0.00,0.00,28615.47,29647.03,4879759.83,8026930.46
083365006004,08,municipality,Gemeinde Aitern,Gemeinde Aitern,kreisangehörige Gemeinde,kreisangehörige Gemeinde,08336004,08336004,511,491,STATISTIKPORTAL_INTEGRATED_2023_T1,STATISTIKPORTAL_INTEGRATED_2024_T1,matching_original_identifier_and_class,not_certified_requires_population_and_entity_scope_audit,different_fiscal_unit_classes_cannot_be_summed,6239363.46,6583762.74,12210.10,13408.89,369817.00,331710.00,864652.35,895681.73,5004894.11,5356371.01
083365006010,08,municipality,Gemeinde Böllen,Gemeinde Böllen,kreisangehörige Gemeinde,kreisangehörige Gemeinde,08336010,08336010,98,91,STATISTIKPORTAL_INTEGRATED_2023_T1,STATISTIKPORTAL_INTEGRATED_2024_T1,matching_original_identifier_and_class,not_certified_requires_population_and_entity_scope_audit,different_fiscal_unit_classes_cannot_be_summed,4014030.62,4240535.93,40959.50,46599.30,0.00,0.00,223334.41,231358.05,3790696.21,4009177.88
083365006025,08,municipality,Gemeinde Fröhnd,Gemeinde Fröhnd,kreisangehörige Gemeinde,kreisangehörige Gemeinde,08336025,08336025,492,493,STATISTIKPORTAL_INTEGRATED_2023_T1,STATISTIKPORTAL_INTEGRATED_2024_T1,matching_original_identifier_and_class,not_certified_requires_population_and_entity_scope_audit,different_fiscal_unit_classes_cannot_be_summed,6298384.70,6644155.08,12801.59,13476.99,445394.00,409252.00,848096.59,878532.07,5004894.11,5356371.01
083365006079,08,municipality,Stadt Schönau im Schwarzwald,Stadt Schönau im Schwarzwald,kreisangehörige Gemeinde,kreisangehörige Gemeinde,08336079,08336079,2419,2526,STATISTIKPORTAL_INTEGRATED_2023_T1,STATISTIKPORTAL_INTEGRATED_2024_T1,matching_original_identifier_and_class,not_certified_requires_population_and_entity_scope_audit,different_fiscal_unit_classes_cannot_be_summed,19644536.56,22082448.99,8120.93,8742.06,7411113.00,8473839.00,3891742.75,4031361.73,8341680.81,9577248.26
083365006080,08,municipality,Gemeinde Schönenberg,Gemeinde Schönenberg,kreisangehörige Gemeinde,kreisangehörige Gemeinde,08336080,08336080,342,331,STATISTIKPORTAL_INTEGRATED_2023_T1,STATISTIKPORTAL_INTEGRATED_2024_T1,matching_original_identifier_and_class,not_certified_requires_population_and_entity_scope_audit,different_fiscal_unit_classes_cannot_be_summed,5680982.49,6043820.11,16611.06,18259.28,80685.00,70675.00,595403.38,616774.10,5004894.11,5356371.01
083365006089,08,municipality,Gemeinde Tunau,Gemeinde Tunau,kreisangehörige Gemeinde,kreisangehörige Gemeinde,08336089,08336089,184,184,STATISTIKPORTAL_INTEGRATED_2023_T1,STATISTIKPORTAL_INTEGRATED_2024_T1,matching_original_identifier_and_class,not_certified_requires_population_and_entity_scope_audit,different_fiscal_unit_classes_cannot_be_summed,5892510.33,4911805.44,32024.51,26694.59,530093.00,532267.00,357523.22,370360.56,5004894.11,4009177.88
083365006090,08,municipality,Gemeinde Utzenfeld,Gemeinde Utzenfeld,kreisangehörige Gemeinde,kreisangehörige Gemeinde,08336090,08336090,615,604,STATISTIKPORTAL_INTEGRATED_2023_T1,STATISTIKPORTAL_INTEGRATED_2024_T1,matching_original_identifier_and_class,not_certified_requires_population_and_entity_scope_audit,different_fiscal_unit_classes_cannot_be_summed,6142002.44,6510253.96,9987.00,10778.57,106027.00,85802.00,1031081.33,1068080.95,5004894.11,5356371.01
083365006094,08,municipality,Gemeinde Wembach,Gemeinde Wembach,kreisangehörige Gemeinde,kreisangehörige Gemeinde,08336094,08336094,347,311,STATISTIKPORTAL_INTEGRATED_2023_T1,STATISTIKPORTAL_INTEGRATED_2024_T1,matching_original_identifier_and_class,not_certified_requires_population_and_entity_scope_audit,different_fiscal_unit_classes_cannot_be_summed,5811468.83,6381184.31,16747.75,20518.28,198101.00,394500.00,608473.72,630313.30,5004894.11,5356371.01
083365006096,08,municipality,Gemeinde Wieden,Gemeinde Wieden,kreisangehörige Gemeinde,kreisangehörige Gemeinde,08336096,08336096,530,559,STATISTIKPORTAL_INTEGRATED_2023_T1,STATISTIKPORTAL_INTEGRATED_2024_T1,matching_original_identifier_and_class,not_certified_requires_population_and_entity_scope_audit,different_fiscal_unit_classes_cannot_be_summed,7538976.67,6662860.81,14224.48,11919.25,410710.00,366580.00,907348.79,939909.80,6220917.88,5356371.01
083365007034,08,municipality,Gemeinde Hasel,Gemeinde Hasel,kreisangehörige Gemeinde,kreisangehörige Gemeinde,08336034,08336034,1187,1257,STATISTIKPORTAL_INTEGRATED_2023_T1,STATISTIKPORTAL_INTEGRATED_2024_T1,matching_original_identifier_and_class,not_certified_requires_population_and_entity_scope_audit,different_fiscal_unit_classes_cannot_be_summed,5327424.17,9115212.47,4488.14,7251.56,254297.00,240317.00,68233.06,70692.81,5004894.11,8804202.66
083365007036,08,municipality,Gemeinde Hausen im Wiesental,Gemeinde Hausen im Wiesental,kreisangehörige Gemeinde,kreisangehörige Gemeinde,08336036,08336036,2380,2363,STATISTIKPORTAL_INTEGRATED_2023_T1,STATISTIKPORTAL_INTEGRATED_2024_T1,matching_original_identifier_and_class,not_certified_requires_population_and_entity_scope_audit,different_fiscal_unit_classes_cannot_be_summed,12403546.37,12842032.81,5211.57,5434.63,7640001.00,7901786.00,68233.06,70692.81,4695312.31,4869554.00
083365007057,08,municipality,Gemeinde Maulburg,Gemeinde Maulburg,kreisangehörige Gemeinde,kreisangehörige Gemeinde,08336057,08336057,4275,4376,STATISTIKPORTAL_INTEGRATED_2023_T1,STATISTIKPORTAL_INTEGRATED_2024_T1,matching_original_identifier_and_class,not_certified_requires_population_and_entity_scope_audit,different_fiscal_unit_classes_cannot_be_summed,8608871.62,9415076.72,2013.77,2151.53,0.00,0.00,136254.88,141166.75,8472616.74,9273909.97
083365007081,08,municipality,Stadt Schopfheim,Stadt Schopfheim,kreisangehörige Gemeinde,kreisangehörige Gemeinde,08336081,08336081,20211,20221,STATISTIKPORTAL_INTEGRATED_2023_T1,STATISTIKPORTAL_INTEGRATED_2024_T1,matching_original_identifier_and_class,not_certified_requires_population_and_entity_scope_audit,different_fiscal_unit_classes_cannot_be_summed,103999648.50,112493522.30,5145.70,5563.20,5551400.00,7893800.00,3828906.08,3819899.01,94619342.42,100779823.29
083365008008,08,municipality,Gemeinde Binzen,Gemeinde Binzen,kreisangehörige Gemeinde,kreisangehörige Gemeinde,08336008,08336008,2979,2998,STATISTIKPORTAL_INTEGRATED_2023_T1,STATISTIKPORTAL_INTEGRATED_2024_T1,matching_original_identifier_and_class,not_certified_requires_population_and_entity_scope_audit,different_fiscal_unit_classes_cannot_be_summed,7917433.72,7587950.75,2657.75,2531.00,3984509.00,3388948.00,245417.71,205640.06,3687507.01,3993362.69
083365008019,08,municipality,Gemeinde Eimeldingen,Gemeinde Eimeldingen,kreisangehörige Gemeinde,kreisangehörige Gemeinde,08336019,08336019,2525,2546,STATISTIKPORTAL_INTEGRATED_2023_T1,STATISTIKPORTAL_INTEGRATED_2024_T1,matching_original_identifier_and_class,not_certified_requires_population_and_entity_scope_audit,different_fiscal_unit_classes_cannot_be_summed,6590568.76,6751073.05,2610.13,2651.64,2271700.00,2185614.00,245287.10,205532.65,4073581.66,4359926.40
083365008024,08,municipality,Gemeinde Fischingen,Gemeinde Fischingen,kreisangehörige Gemeinde,kreisangehörige Gemeinde,08336024,08336024,792,774,STATISTIKPORTAL_INTEGRATED_2023_T1,STATISTIKPORTAL_INTEGRATED_2024_T1,matching_original_identifier_and_class,not_certified_requires_population_and_entity_scope_audit,different_fiscal_unit_classes_cannot_be_summed,10737290.19,9969030.86,13557.18,12879.88,441176.00,411764.00,340885.43,304577.34,9955228.76,9252689.52
083365008073,08,municipality,Gemeinde Rümmingen,Gemeinde Rümmingen,kreisangehörige Gemeinde,kreisangehörige Gemeinde,08336073,08336073,1990,1992,STATISTIKPORTAL_INTEGRATED_2023_T1,STATISTIKPORTAL_INTEGRATED_2024_T1,matching_original_identifier_and_class,not_certified_requires_population_and_entity_scope_audit,different_fiscal_unit_classes_cannot_be_summed,4556446.27,4774977.04,2289.67,2397.08,270639.00,241679.00,245417.16,205638.22,4040390.11,4327659.82
083365008075,08,municipality,Gemeinde Schallbach,Gemeinde Schallbach,kreisangehörige Gemeinde,kreisangehörige Gemeinde,08336075,08336075,824,849,STATISTIKPORTAL_INTEGRATED_2023_T1,STATISTIKPORTAL_INTEGRATED_2024_T1,matching_original_identifier_and_class,not_certified_requires_population_and_entity_scope_audit,different_fiscal_unit_classes_cannot_be_summed,9696323.51,10077413.40,11767.38,11869.74,412500.00,362500.00,341015.44,304682.75,8942808.07,9410230.65
083365008100,08,municipality,Gemeinde Wittlingen,Gemeinde Wittlingen,kreisangehörige Gemeinde,kreisangehörige Gemeinde,08336100,08336100,961,941,STATISTIKPORTAL_INTEGRATED_2023_T1,STATISTIKPORTAL_INTEGRATED_2024_T1,matching_original_identifier_and_class,not_certified_requires_population_and_entity_scope_audit,different_fiscal_unit_classes_cannot_be_summed,9285532.58,9716526.73,9662.36,10325.75,0.00,0.00,341015.44,304682.75,8944517.14,9411843.98
083365009103,08,municipality,Stadt Zell im Wiesental,Stadt Zell im Wiesental,kreisangehörige Gemeinde,kreisangehörige Gemeinde,08336103,08336103,6315,6226,STATISTIKPORTAL_INTEGRATED_2023_T1,STATISTIKPORTAL_INTEGRATED_2024_T1,matching_original_identifier_and_class,not_certified_requires_population_and_entity_scope_audit,different_fiscal_unit_classes_cannot_be_summed,29569962.83,30679847.55,4682.50,4927.70,4069184.00,3961907.00,136254.88,141166.75,25364523.95,26576773.80
083365009106,08,municipality,Gemeinde Häg-Ehrsberg,Gemeinde Häg-Ehrsberg,kreisangehörige Gemeinde,kreisangehörige Gemeinde,08336106,08336106,807,797,STATISTIKPORTAL_INTEGRATED_2023_T1,STATISTIKPORTAL_INTEGRATED_2024_T1,matching_original_identifier_and_class,not_certified_requires_population_and_entity_scope_audit,different_fiscal_unit_classes_cannot_be_summed,5969955.97,7849021.86,7397.71,9848.21,2001893.00,2317429.00,68233.06,70692.81,3899829.91,5460900.05
08337,08,county_administration,Landratsamt Waldshut,Landratsamt Waldshut,Landkreis,Landkreis,,,174036,171802,STATISTIKPORTAL_INTEGRATED_2023_T1,STATISTIKPORTAL_INTEGRATED_2024_T1,matching_original_identifier_and_class,not_certified_requires_population_and_entity_scope_audit,different_fiscal_unit_classes_cannot_be_summed,30212143.47,36655729.08,173.60,213.36,27623883.00,25152432.00,400.50,1324.25,2587859.97,11501972.83
083370002002,08,municipality,Gemeinde Albbruck,Gemeinde Albbruck,kreisangehörige Gemeinde,kreisangehörige Gemeinde,08337002,08337002,7522,7376,STATISTIKPORTAL_INTEGRATED_2023_T1,STATISTIKPORTAL_INTEGRATED_2024_T1,matching_original_identifier_and_class,not_certified_requires_population_and_entity_scope_audit,different_fiscal_unit_classes_cannot_be_summed,8071149.64,8172650.07,1073.01,1108.01,341738.00,137476.00,82723.81,84683.81,7646687.83,7950490.26
083370038038,08,municipality,Gemeinde Görwihl,Gemeinde Görwihl,kreisangehörige Gemeinde,kreisangehörige Gemeinde,08337038,08337038,4200,4179,STATISTIKPORTAL_INTEGRATED_2023_T1,STATISTIKPORTAL_INTEGRATED_2024_T1,matching_original_identifier_and_class,not_certified_requires_population_and_entity_scope_audit,different_fiscal_unit_classes_cannot_be_summed,7929664.81,7232311.02,1888.02,1730.63,4778159.00,3958042.00,73828.97,76490.45,3077676.84,3197778.57
083370062062,08,municipality,Gemeinde Klettgau,Gemeinde Klettgau,kreisangehörige Gemeinde,kreisangehörige Gemeinde,08337062,08337062,7645,7496,STATISTIKPORTAL_INTEGRATED_2023_T1,STATISTIKPORTAL_INTEGRATED_2024_T1,matching_original_identifier_and_class,not_certified_requires_population_and_entity_scope_audit,different_fiscal_unit_classes_cannot_be_summed,6364817.87,7277891.41,832.55,970.90,1093332.00,1519582.00,73829.16,76491.07,5197656.71,5681818.34
083370066066,08,municipality,Stadt Laufenburg (Baden),Stadt Laufenburg (Baden),kreisangehörige Gemeinde,kreisangehörige Gemeinde,08337066,08337066,9191,9302,STATISTIKPORTAL_INTEGRATED_2023_T1,STATISTIKPORTAL_INTEGRATED_2024_T1,matching_original_identifier_and_class,not_certified_requires_population_and_entity_scope_audit,different_fiscal_unit_classes_cannot_be_summed,10259700.95,10195030.67,1116.28,1096.00,400611.00,348285.00,84206.72,86050.82,9774883.23,9760694.85
083370106106,08,municipality,Stadt Stühlingen,Stadt Stühlingen,kreisangehörige Gemeinde,kreisangehörige Gemeinde,08337106,08337106,5518,5394,STATISTIKPORTAL_INTEGRATED_2023_T1,STATISTIKPORTAL_INTEGRATED_2024_T1,matching_original_identifier_and_class,not_certified_requires_population_and_entity_scope_audit,different_fiscal_unit_classes_cannot_be_summed,12180413.26,3264091.69,2207.40,605.13,1352016.00,1203722.00,7330998.85,26107.25,3497398.41,2034262.44
083370116116,08,municipality,Stadt Wehr,Stadt Wehr,kreisangehörige Gemeinde,kreisangehörige Gemeinde,08337116,08337116,13118,13078,STATISTIKPORTAL_INTEGRATED_2023_T1,STATISTIKPORTAL_INTEGRATED_2024_T1,matching_original_identifier_and_class,not_certified_requires_population_and_entity_scope_audit,different_fiscal_unit_classes_cannot_be_summed,21530803.88,26976818.60,1641.32,2062.76,2533454.00,4357376.00,91620.48,92883.26,18905729.40,22526559.34
083375001022,08,municipality,Stadt Bonndorf im Schwarzwald,Stadt Bonndorf im Schwarzwald,kreisangehörige Gemeinde,kreisangehörige Gemeinde,08337022,08337022,6999,6835,STATISTIKPORTAL_INTEGRATED_2023_T1,STATISTIKPORTAL_INTEGRATED_2024_T1,matching_original_identifier_and_class,not_certified_requires_population_and_entity_scope_audit,different_fiscal_unit_classes_cannot_be_summed,2366441.62,2273376.99,338.11,332.61,0.00,0.00,25198.85,26107.25,2341242.77,2247269.74
083375001127,08,municipality,Gemeinde Wutach,Gemeinde Wutach,kreisangehörige Gemeinde,kreisangehörige Gemeinde,08337127,08337127,1209,1196,STATISTIKPORTAL_INTEGRATED_2023_T1,STATISTIKPORTAL_INTEGRATED_2024_T1,matching_original_identifier_and_class,not_certified_requires_population_and_entity_scope_audit,different_fiscal_unit_classes_cannot_be_summed,2454331.90,2427124.25,2030.05,2029.37,414473.00,379092.00,25047.96,25950.92,2014810.94,2022081.33
083375002030,08,municipality,Gemeinde Dettighofen,Gemeinde Dettighofen,kreisangehörige Gemeinde,kreisangehörige Gemeinde,08337030,08337030,1229,1130,STATISTIKPORTAL_INTEGRATED_2023_T1,STATISTIKPORTAL_INTEGRATED_2024_T1,matching_original_identifier_and_class,not_certified_requires_population_and_entity_scope_audit,different_fiscal_unit_classes_cannot_be_summed,3884333.37,3973303.45,3160.56,3516.20,592162.00,566636.00,73828.97,76490.45,3218342.40,3330177.00
083375002060,08,municipality,Gemeinde Jestetten,Gemeinde Jestetten,kreisangehörige Gemeinde,kreisangehörige Gemeinde,08337060,08337060,5368,5283,STATISTIKPORTAL_INTEGRATED_2023_T1,STATISTIKPORTAL_INTEGRATED_2024_T1,matching_original_identifier_and_class,not_certified_requires_population_and_entity_scope_audit,different_fiscal_unit_classes_cannot_be_summed,7658731.40,7758267.68,1426.74,1468.53,2703727.00,2409087.00,73828.97,76490.45,4881175.43,5272690.23
083375002070,08,municipality,Gemeinde Lottstetten,Gemeinde Lottstetten,kreisangehörige Gemeinde,kreisangehörige Gemeinde,08337070,08337070,2419,2288,STATISTIKPORTAL_INTEGRATED_2023_T1,STATISTIKPORTAL_INTEGRATED_2024_T1,matching_original_identifier_and_class,not_certified_requires_population_and_entity_scope_audit,different_fiscal_unit_classes_cannot_be_summed,6495777.28,6426125.64,2685.32,2808.62,2768542.00,2604864.00,73829.02,76490.61,3653406.26,3744771.03
083375003053,08,municipality,Gemeinde Hohentengen am Hochrhein,Gemeinde Hohentengen am Hochrhein,kreisangehörige Gemeinde,kreisangehörige Gemeinde,08337053,08337053,4012,3699,STATISTIKPORTAL_INTEGRATED_2023_T1,STATISTIKPORTAL_INTEGRATED_2024_T1,matching_original_identifier_and_class,not_certified_requires_population_and_entity_scope_audit,different_fiscal_unit_classes_cannot_be_summed,10528351.40,10465286.68,2624.22,2829.22,877833.00,753910.00,73828.97,4356490.45,9576689.43,5354886.23
083375003125,08,municipality,Gemeinde Küssaberg,Gemeinde Küssaberg,kreisangehörige Gemeinde,kreisangehörige Gemeinde,08337125,08337125,5496,5512,STATISTIKPORTAL_INTEGRATED_2023_T1,STATISTIKPORTAL_INTEGRATED_2024_T1,matching_original_identifier_and_class,not_certified_requires_population_and_entity_scope_audit,different_fiscal_unit_classes_cannot_be_summed,5715168.29,9057224.52,1039.88,1643.18,473481.00,451632.00,76793.62,79455.28,5164893.67,8526137.24
083375004039,08,municipality,Gemeinde Grafenhausen,Gemeinde Grafenhausen,kreisangehörige Gemeinde,kreisangehörige Gemeinde,08337039,08337039,2309,2261,STATISTIKPORTAL_INTEGRATED_2023_T1,STATISTIKPORTAL_INTEGRATED_2024_T1,matching_original_identifier_and_class,not_certified_requires_population_and_entity_scope_audit,different_fiscal_unit_classes_cannot_be_summed,8826491.33,8736587.95,3822.65,3864.04,209982.00,192081.00,4539874.85,4373605.25,4076634.48,4170901.70
083375004128,08,municipality,Gemeinde Ühlingen-Birkendorf,Gemeinde Ühlingen-Birkendorf,kreisangehörige Gemeinde,kreisangehörige Gemeinde,08337128,08337128,5464,5262,STATISTIKPORTAL_INTEGRATED_2023_T1,STATISTIKPORTAL_INTEGRATED_2024_T1,matching_original_identifier_and_class,not_certified_requires_population_and_entity_scope_audit,different_fiscal_unit_classes_cannot_be_summed,2523844.45,2444072.51,461.90,464.48,264531.00,143939.00,25047.96,25950.92,2234265.49,2274182.59
083375005049,08,municipality,Gemeinde Herrischried,Gemeinde Herrischried,kreisangehörige Gemeinde,kreisangehörige Gemeinde,08337049,08337049,2734,2669,STATISTIKPORTAL_INTEGRATED_2023_T1,STATISTIKPORTAL_INTEGRATED_2024_T1,matching_original_identifier_and_class,not_certified_requires_population_and_entity_scope_audit,different_fiscal_unit_classes_cannot_be_summed,5808920.81,8646164.02,2124.70,3239.48,2924079.00,5638559.00,73828.97,76490.45,2811012.84,2931114.57
083375005076,08,municipality,Gemeinde Murg,Gemeinde Murg,kreisangehörige Gemeinde,kreisangehörige Gemeinde,08337076,08337076,7043,6919,STATISTIKPORTAL_INTEGRATED_2023_T1,STATISTIKPORTAL_INTEGRATED_2024_T1,matching_original_identifier_and_class,not_certified_requires_population_and_entity_scope_audit,different_fiscal_unit_classes_cannot_be_summed,19137910.68,19431093.89,2717.30,2808.37,6474436.00,6855056.00,84206.13,86048.86,12579268.55,12489989.03
083375005090,08,municipality,Gemeinde Rickenbach,Gemeinde Rickenbach,kreisangehörige Gemeinde,kreisangehörige Gemeinde,08337090,08337090,3955,3802,STATISTIKPORTAL_INTEGRATED_2023_T1,STATISTIKPORTAL_INTEGRATED_2024_T1,matching_original_identifier_and_class,not_certified_requires_population_and_entity_scope_audit,different_fiscal_unit_classes_cannot_be_summed,4007012.81,4026995.02,1013.15,1059.18,1122171.00,1019390.00,73828.97,76490.45,2811012.84,2931114.57
083375005096,08,municipality,Stadt Bad Säckingen,Stadt Bad Säckingen,kreisangehörige Gemeinde,kreisangehörige Gemeinde,08337096,08337096,17659,17742,STATISTIKPORTAL_INTEGRATED_2023_T1,STATISTIKPORTAL_INTEGRATED_2024_T1,matching_original_identifier_and_class,not_certified_requires_population_and_entity_scope_audit,different_fiscal_unit_classes_cannot_be_summed,98131223.21,102636090.05,5557.01,5784.92,34792562.00,35967399.00,92395.92,93588.52,63246265.29,66575102.53
083375006013,08,municipality,Gemeinde Bernau im Schwarzwald,Gemeinde Bernau im Schwarzwald,kreisangehörige Gemeinde,kreisangehörige Gemeinde,08337013,08337013,1975,1823,STATISTIKPORTAL_INTEGRATED_2023_T1,STATISTIKPORTAL_INTEGRATED_2024_T1,matching_original_identifier_and_class,not_certified_requires_population_and_entity_scope_audit,different_fiscal_unit_classes_cannot_be_summed,844341.64,2806970.93,427.51,1539.75,0.00,1925000.00,21555.91,22332.98,822785.73,859637.95
083375006027,08,municipality,Gemeinde Dachsberg (Südschwarzwald),Gemeinde Dachsberg (Südschwarzwald),kreisangehörige Gemeinde,kreisangehörige Gemeinde,08337027,08337027,1451,1382,STATISTIKPORTAL_INTEGRATED_2023_T1,STATISTIKPORTAL_INTEGRATED_2024_T1,matching_original_identifier_and_class,not_certified_requires_population_and_entity_scope_audit,different_fiscal_unit_classes_cannot_be_summed,1241170.95,1366019.11,855.39,988.44,289680.00,360450.00,21555.91,22332.98,929935.04,983236.13
083375006045,08,municipality,Gemeinde Häusern,Gemeinde Häusern,kreisangehörige Gemeinde,kreisangehörige Gemeinde,08337045,08337045,1330,1305,STATISTIKPORTAL_INTEGRATED_2023_T1,STATISTIKPORTAL_INTEGRATED_2024_T1,matching_original_identifier_and_class,not_certified_requires_population_and_entity_scope_audit,different_fiscal_unit_classes_cannot_be_summed,3455297.68,3978973.84,2597.97,3049.02,1973461.00,2176231.00,21555.91,22332.98,1460280.77,1780409.86
083375006051,08,municipality,Gemeinde Höchenschwand,Gemeinde Höchenschwand,kreisangehörige Gemeinde,kreisangehörige Gemeinde,08337051,08337051,2783,2565,STATISTIKPORTAL_INTEGRATED_2023_T1,STATISTIKPORTAL_INTEGRATED_2024_T1,matching_original_identifier_and_class,not_certified_requires_population_and_entity_scope_audit,different_fiscal_unit_classes_cannot_be_summed,9837269.04,10078761.68,3534.77,3929.34,195637.00,156163.00,416789.91,1851137.98,9224842.13,8071460.70
083375006059,08,municipality,Gemeinde Ibach,Gemeinde Ibach,kreisangehörige Gemeinde,kreisangehörige Gemeinde,08337059,08337059,350,338,STATISTIKPORTAL_INTEGRATED_2023_T1,STATISTIKPORTAL_INTEGRATED_2024_T1,matching_original_identifier_and_class,not_certified_requires_population_and_entity_scope_audit,different_fiscal_unit_classes_cannot_be_summed,1019353.64,881970.93,2912.44,2609.38,175012.00,0.00,21555.91,22332.98,822785.73,859637.95
083375006097,08,municipality,Stadt Sankt Blasien,Stadt Sankt Blasien,kreisangehörige Gemeinde,kreisangehörige Gemeinde,08337097,08337097,4186,3842,STATISTIKPORTAL_INTEGRATED_2023_T1,STATISTIKPORTAL_INTEGRATED_2024_T1,matching_original_identifier_and_class,not_certified_requires_population_and_entity_scope_audit,different_fiscal_unit_classes_cannot_be_summed,21589780.43,24994178.86,5157.62,6505.51,10959937.00,12897941.00,43111.81,44665.96,10586731.62,12051571.90
083375006108,08,municipality,Gemeinde Todtmoos,Gemeinde Todtmoos,kreisangehörige Gemeinde,kreisangehörige Gemeinde,08337108,08337108,2070,1970,STATISTIKPORTAL_INTEGRATED_2023_T1,STATISTIKPORTAL_INTEGRATED_2024_T1,matching_original_identifier_and_class,not_certified_requires_population_and_entity_scope_audit,different_fiscal_unit_classes_cannot_be_summed,6633892.81,5862416.02,3204.78,2975.85,1932610.00,1221747.00,73828.97,76490.45,4627453.84,4564178.57
083375007032,08,municipality,Gemeinde Dogern,Gemeinde Dogern,kreisangehörige Gemeinde,kreisangehörige Gemeinde,08337032,08337032,2301,2267,STATISTIKPORTAL_INTEGRATED_2023_T1,STATISTIKPORTAL_INTEGRATED_2024_T1,matching_original_identifier_and_class,not_certified_requires_population_and_entity_scope_audit,different_fiscal_unit_classes_cannot_be_summed,6074738.14,9000629.85,2640.04,3970.28,2396667.00,5201334.00,76793.71,79220.87,3601277.43,3720074.98
083375007065,08,municipality,Gemeinde Lauchringen,Gemeinde Lauchringen,kreisangehörige Gemeinde,kreisangehörige Gemeinde,08337065,08337065,8051,8138,STATISTIKPORTAL_INTEGRATED_2023_T1,STATISTIKPORTAL_INTEGRATED_2024_T1,matching_original_identifier_and_class,not_certified_requires_population_and_entity_scope_audit,different_fiscal_unit_classes_cannot_be_summed,19920210.39,20395961.41,2474.25,2506.26,2523694.00,2143202.00,73829.93,76493.64,17322686.46,18176265.77
083375007118,08,municipality,Gemeinde Weilheim,Gemeinde Weilheim,kreisangehörige Gemeinde,kreisangehörige Gemeinde,08337118,08337118,3107,3147,STATISTIKPORTAL_INTEGRATED_2023_T1,STATISTIKPORTAL_INTEGRATED_2024_T1,matching_original_identifier_and_class,not_certified_requires_population_and_entity_scope_audit,different_fiscal_unit_classes_cannot_be_summed,9019294.70,9076984.72,2902.89,2884.33,775257.00,746944.00,73829.10,76490.87,8170208.60,8253549.85
083375007126,08,municipality,Große Kreisstadt Waldshut-Tiengen,Große Kreisstadt Waldshut-Tiengen,kreisangehörige Gemeinde,kreisangehörige Gemeinde,08337126,08337126,24825,25090,STATISTIKPORTAL_INTEGRATED_2023_T1,STATISTIKPORTAL_INTEGRATED_2024_T1,matching_original_identifier_and_class,not_certified_requires_population_and_entity_scope_audit,different_fiscal_unit_classes_cannot_be_summed,78253822.88,84327409.10,3152.22,3361.00,11541139.00,10570440.00,103481.43,103811.61,66609202.45,73653157.49
083375008123,08,municipality,Gemeinde Wutöschingen,Gemeinde Wutöschingen,kreisangehörige Gemeinde,kreisangehörige Gemeinde,08337123,08337123,6736,6754,STATISTIKPORTAL_INTEGRATED_2023_T1,STATISTIKPORTAL_INTEGRATED_2024_T1,matching_original_identifier_and_class,not_certified_requires_population_and_entity_scope_audit,different_fiscal_unit_classes_cannot_be_summed,8324771.41,7647333.21,1235.86,1132.27,2511821.00,1679276.00,73829.21,76491.27,5739121.20,5891565.94
083375008124,08,municipality,Gemeinde Eggingen,Gemeinde Eggingen,kreisangehörige Gemeinde,kreisangehörige Gemeinde,08337124,08337124,1781,1758,STATISTIKPORTAL_INTEGRATED_2023_T1,STATISTIKPORTAL_INTEGRATED_2024_T1,matching_original_identifier_and_class,not_certified_requires_population_and_entity_scope_audit,different_fiscal_unit_classes_cannot_be_summed,3631002.26,3538771.69,2038.74,2012.95,378980.00,350152.00,25198.85,26107.25,3226823.41,3162512.44
08415,08,county_administration,Landratsamt Reutlingen,Landratsamt Reutlingen,Landkreis,Landkreis,,,292485,293364,STATISTIKPORTAL_INTEGRATED_2023_T1,STATISTIKPORTAL_INTEGRATED_2024_T1,matching_original_identifier_and_class,not_certified_requires_population_and_entity_scope_audit,different_fiscal_unit_classes_cannot_be_summed,381154404.32,411340053.38,1303.16,1402.15,59163059.00,84756012.00,15853876.77,18915144.25,306137468.55,307668897.13
084150014014,08,municipality,Gemeinde Dettingen an der Erms,Gemeinde Dettingen an der Erms,kreisangehörige Gemeinde,kreisangehörige Gemeinde,08415014,08415014,10077,10028,STATISTIKPORTAL_INTEGRATED_2023_T1,STATISTIKPORTAL_INTEGRATED_2024_T1,matching_original_identifier_and_class,not_certified_requires_population_and_entity_scope_audit,different_fiscal_unit_classes_cannot_be_summed,13785020.84,14403436.27,1367.97,1436.32,673266.00,555626.00,331552.80,331695.81,12780202.04,13516114.46
084150019019,08,municipality,Gemeinde Eningen unter Achalm,Gemeinde Eningen unter Achalm,kreisangehörige Gemeinde,kreisangehörige Gemeinde,08415019,08415019,11453,11545,STATISTIKPORTAL_INTEGRATED_2023_T1,STATISTIKPORTAL_INTEGRATED_2024_T1,matching_original_identifier_and_class,not_certified_requires_population_and_entity_scope_audit,different_fiscal_unit_classes_cannot_be_summed,7474600.69,7058696.04,652.63,611.41,71969.00,2907.00,110992.49,97694.92,7291639.20,6958094.12
084150059059,08,municipality,Stadt Pfullingen,Stadt Pfullingen,kreisangehörige Gemeinde,kreisangehörige Gemeinde,08415059,08415059,19151,19679,STATISTIKPORTAL_INTEGRATED_2023_T1,STATISTIKPORTAL_INTEGRATED_2024_T1,matching_original_identifier_and_class,not_certified_requires_population_and_entity_scope_audit,different_fiscal_unit_classes_cannot_be_summed,16801142.52,13973958.66,877.30,710.09,8741808.00,6930102.00,195650.00,170950.00,7863684.52,6872906.66
084150061061,08,municipality,Große Kreisstadt Reutlingen,Große Kreisstadt Reutlingen,kreisangehörige Gemeinde,kreisangehörige Gemeinde,08415061,08415061,117951,118715,STATISTIKPORTAL_INTEGRATED_2023_T1,STATISTIKPORTAL_INTEGRATED_2024_T1,matching_original_identifier_and_class,not_certified_requires_population_and_entity_scope_audit,different_fiscal_unit_classes_cannot_be_summed,596724676.76,630143391.48,5059.09,5308.04,125780900.00,141500957.00,14720936.57,13330294.47,456222840.19,475312140.01
084150073073,08,municipality,Stadt Trochtelfingen,Stadt Trochtelfingen,kreisangehörige Gemeinde,kreisangehörige Gemeinde,08415073,08415073,6244,6242,STATISTIKPORTAL_INTEGRATED_2023_T1,STATISTIKPORTAL_INTEGRATED_2024_T1,matching_original_identifier_and_class,not_certified_requires_population_and_entity_scope_audit,different_fiscal_unit_classes_cannot_be_summed,4888195.93,4790933.15,782.86,767.53,2903390.00,2598375.00,0.00,0.00,1984805.93,2192558.15
084150080080,08,municipality,Gemeinde Wannweil,Gemeinde Wannweil,kreisangehörige Gemeinde,kreisangehörige Gemeinde,08415080,08415080,5455,5361,STATISTIKPORTAL_INTEGRATED_2023_T1,STATISTIKPORTAL_INTEGRATED_2024_T1,matching_original_identifier_and_class,not_certified_requires_population_and_entity_scope_audit,different_fiscal_unit_classes_cannot_be_summed,634120.57,253127.86,116.25,47.22,0.00,0.00,632558.78,0.00,1561.79,253127.86
084150091091,08,municipality,Gemeinde Sonnenbühl,Gemeinde Sonnenbühl,kreisangehörige Gemeinde,kreisangehörige Gemeinde,08415091,08415091,7142,7013,STATISTIKPORTAL_INTEGRATED_2023_T1,STATISTIKPORTAL_INTEGRATED_2024_T1,matching_original_identifier_and_class,not_certified_requires_population_and_entity_scope_audit,different_fiscal_unit_classes_cannot_be_summed,3350172.34,3546739.41,469.08,505.74,0.00,0.00,0.00,0.00,3350172.34,3546739.41
084150092092,08,municipality,Gemeinde Lichtenstein,Gemeinde Lichtenstein,kreisangehörige Gemeinde,kreisangehörige Gemeinde,08415092,08415092,9304,9197,STATISTIKPORTAL_INTEGRATED_2023_T1,STATISTIKPORTAL_INTEGRATED_2024_T1,matching_original_identifier_and_class,not_certified_requires_population_and_entity_scope_audit,different_fiscal_unit_classes_cannot_be_summed,4608443.40,4308588.71,495.32,468.48,3639449.00,3424716.00,5642.49,5644.92,963351.91,878227.79
084150093093,08,municipality,Gemeinde Sankt Johann,Gemeinde Sankt Johann,kreisangehörige Gemeinde,kreisangehörige Gemeinde,08415093,08415093,5268,5187,STATISTIKPORTAL_INTEGRATED_2023_T1,STATISTIKPORTAL_INTEGRATED_2024_T1,matching_original_identifier_and_class,not_certified_requires_population_and_entity_scope_audit,different_fiscal_unit_classes_cannot_be_summed,7932351.00,7553611.00,1505.76,1456.26,4664509.00,4475942.00,0.00,0.00,3267842.00,3077669.00
084155001089,08,municipality,Gemeinde Engstingen,Gemeinde Engstingen,kreisangehörige Gemeinde,kreisangehörige Gemeinde,08415089,08415089,5245,5059,STATISTIKPORTAL_INTEGRATED_2023_T1,STATISTIKPORTAL_INTEGRATED_2024_T1,matching_original_identifier_and_class,not_certified_requires_population_and_entity_scope_audit,different_fiscal_unit_classes_cannot_be_summed,4377726.35,4139803.66,834.65,818.30,2558373.00,2406622.00,0.00,0.00,1819353.35,1733181.66
084155001090,08,municipality,Gemeinde Hohenstein,Gemeinde Hohenstein,kreisangehörige Gemeinde,kreisangehörige Gemeinde,08415090,08415090,3801,3801,STATISTIKPORTAL_INTEGRATED_2023_T1,STATISTIKPORTAL_INTEGRATED_2024_T1,matching_original_identifier_and_class,not_certified_requires_population_and_entity_scope_audit,different_fiscal_unit_classes_cannot_be_summed,1421016.22,1337915.53,373.85,351.99,0.00,0.00,0.00,0.00,1421016.22,1337915.53
084155002029,08,municipality,Gemeinde Grafenberg,Gemeinde Grafenberg,kreisangehörige Gemeinde,kreisangehörige Gemeinde,08415029,08415029,2778,2659,STATISTIKPORTAL_INTEGRATED_2023_T1,STATISTIKPORTAL_INTEGRATED_2024_T1,matching_original_identifier_and_class,not_certified_requires_population_and_entity_scope_audit,different_fiscal_unit_classes_cannot_be_summed,3741377.45,3364920.82,1346.79,1265.48,1508854.00,1170883.00,16927.47,16934.77,2215595.98,2177103.05
084155002050,08,municipality,Große Kreisstadt Metzingen,Große Kreisstadt Metzingen,kreisangehörige Gemeinde,kreisangehörige Gemeinde,08415050,08415050,22492,23160,STATISTIKPORTAL_INTEGRATED_2023_T1,STATISTIKPORTAL_INTEGRATED_2024_T1,matching_original_identifier_and_class,not_certified_requires_population_and_entity_scope_audit,different_fiscal_unit_classes_cannot_be_summed,18000252.48,19288440.86,800.30,832.83,2020063.00,7509776.00,466295.49,466496.62,15513893.99,11312168.24
084155002062,08,municipality,Gemeinde Riederich,Gemeinde Riederich,kreisangehörige Gemeinde,kreisangehörige Gemeinde,08415062,08415062,4323,4227,STATISTIKPORTAL_INTEGRATED_2023_T1,STATISTIKPORTAL_INTEGRATED_2024_T1,matching_original_identifier_and_class,not_certified_requires_population_and_entity_scope_audit,different_fiscal_unit_classes_cannot_be_summed,317114.15,627272.33,73.36,148.40,0.00,0.00,50556.72,50578.53,266557.43,576693.80
084155003027,08,municipality,Gemeinde Gomadingen,Gemeinde Gomadingen,kreisangehörige Gemeinde,kreisangehörige Gemeinde,08415027,08415027,2327,2174,STATISTIKPORTAL_INTEGRATED_2023_T1,STATISTIKPORTAL_INTEGRATED_2024_T1,matching_original_identifier_and_class,not_certified_requires_population_and_entity_scope_audit,different_fiscal_unit_classes_cannot_be_summed,380000.00,280000.00,163.30,128.79,0.00,0.00,380000.00,280000.00,0.00,0.00
084155003048,08,municipality,Gemeinde Mehrstetten,Gemeinde Mehrstetten,kreisangehörige Gemeinde,kreisangehörige Gemeinde,08415048,08415048,1486,1485,STATISTIKPORTAL_INTEGRATED_2023_T1,STATISTIKPORTAL_INTEGRATED_2024_T1,matching_original_identifier_and_class,not_certified_requires_population_and_entity_scope_audit,different_fiscal_unit_classes_cannot_be_summed,4188050.00,3770281.00,2818.34,2538.91,4143050.00,3732781.00,0.00,0.00,45000.00,37500.00
084155003053,08,municipality,Stadt Münsingen,Stadt Münsingen,kreisangehörige Gemeinde,kreisangehörige Gemeinde,08415053,08415053,14725,14742,STATISTIKPORTAL_INTEGRATED_2023_T1,STATISTIKPORTAL_INTEGRATED_2024_T1,matching_original_identifier_and_class,not_certified_requires_population_and_entity_scope_audit,different_fiscal_unit_classes_cannot_be_summed,13701688.11,13573657.07,930.51,920.75,8433406.00,7849311.00,0.00,0.00,5268282.11,5724346.07
084155004060,08,municipality,Gemeinde Pliezhausen,Gemeinde Pliezhausen,kreisangehörige Gemeinde,kreisangehörige Gemeinde,08415060,08415060,9892,9814,STATISTIKPORTAL_INTEGRATED_2023_T1,STATISTIKPORTAL_INTEGRATED_2024_T1,matching_original_identifier_and_class,not_certified_requires_population_and_entity_scope_audit,different_fiscal_unit_classes_cannot_be_summed,6292997.98,6361111.85,636.17,648.17,2322727.00,2070749.00,103226.69,99458.23,3867044.29,4190904.62
084155004087,08,municipality,Gemeinde Walddorfhäslach,Gemeinde Walddorfhäslach,kreisangehörige Gemeinde,kreisangehörige Gemeinde,08415087,08415087,5527,5460,STATISTIKPORTAL_INTEGRATED_2023_T1,STATISTIKPORTAL_INTEGRATED_2024_T1,matching_original_identifier_and_class,not_certified_requires_population_and_entity_scope_audit,different_fiscal_unit_classes_cannot_be_summed,1902103.32,6132704.82,344.15,1123.21,0.00,2069250.00,16927.47,16934.77,1885175.85,4046520.05
084155005028,08,municipality,Gemeinde Grabenstetten,Gemeinde Grabenstetten,kreisangehörige Gemeinde,kreisangehörige Gemeinde,08415028,08415028,1732,1729,STATISTIKPORTAL_INTEGRATED_2023_T1,STATISTIKPORTAL_INTEGRATED_2024_T1,matching_original_identifier_and_class,not_certified_requires_population_and_entity_scope_audit,different_fiscal_unit_classes_cannot_be_summed,1986233.00,2443365.60,1146.79,1413.17,1035428.00,962780.00,0.00,0.00,950805.00,1480585.60
084155005039,08,municipality,Gemeinde Hülben,Gemeinde Hülben,kreisangehörige Gemeinde,kreisangehörige Gemeinde,08415039,08415039,3132,3161,STATISTIKPORTAL_INTEGRATED_2023_T1,STATISTIKPORTAL_INTEGRATED_2024_T1,matching_original_identifier_and_class,not_certified_requires_population_and_entity_scope_audit,different_fiscal_unit_classes_cannot_be_summed,616162.46,758695.17,196.73,240.02,205004.00,179714.00,281981.49,281988.79,129176.97,296992.38
084155005078,08,municipality,Stadt Bad Urach,Stadt Bad Urach,kreisangehörige Gemeinde,kreisangehörige Gemeinde,08415078,08415078,12816,12785,STATISTIKPORTAL_INTEGRATED_2023_T1,STATISTIKPORTAL_INTEGRATED_2024_T1,matching_original_identifier_and_class,not_certified_requires_population_and_entity_scope_audit,different_fiscal_unit_classes_cannot_be_summed,18359525.09,18012514.72,1432.55,1408.88,2044622.00,1819491.00,106755.94,106801.99,16208147.15,16086221.73
084155005088,08,municipality,Gemeinde Römerstein,Gemeinde Römerstein,kreisangehörige Gemeinde,kreisangehörige Gemeinde,08415088,08415088,4081,4093,STATISTIKPORTAL_INTEGRATED_2023_T1,STATISTIKPORTAL_INTEGRATED_2024_T1,matching_original_identifier_and_class,not_certified_requires_population_and_entity_scope_audit,different_fiscal_unit_classes_cannot_be_summed,4946427.39,5684501.55,1212.06,1388.83,2842526.00,2637422.00,0.00,0.00,2103901.39,3047079.55
084155006034,08,municipality,Stadt Hayingen,Stadt Hayingen,kreisangehörige Gemeinde,kreisangehörige Gemeinde,08415034,08415034,2245,2211,STATISTIKPORTAL_INTEGRATED_2023_T1,STATISTIKPORTAL_INTEGRATED_2024_T1,matching_original_identifier_and_class,not_certified_requires_population_and_entity_scope_audit,different_fiscal_unit_classes_cannot_be_summed,1267722.00,1864922.00,564.69,843.47,100000.00,45000.00,0.00,0.00,1167722.00,1819922.00
084155006058,08,municipality,Gemeinde Pfronstetten,Gemeinde Pfronstetten,kreisangehörige Gemeinde,kreisangehörige Gemeinde,08415058,08415058,1517,1521,STATISTIKPORTAL_INTEGRATED_2023_T1,STATISTIKPORTAL_INTEGRATED_2024_T1,matching_original_identifier_and_class,not_certified_requires_population_and_entity_scope_audit,different_fiscal_unit_classes_cannot_be_summed,1567238.20,1518937.50,1033.12,998.64,1139431.00,1120830.00,0.00,0.00,427807.20,398107.50
084155006085,08,municipality,Gemeinde Zwiefalten,Gemeinde Zwiefalten,kreisangehörige Gemeinde,kreisangehörige Gemeinde,08415085,08415085,2321,2316,STATISTIKPORTAL_INTEGRATED_2023_T1,STATISTIKPORTAL_INTEGRATED_2024_T1,matching_original_identifier_and_class,not_certified_requires_population_and_entity_scope_audit,different_fiscal_unit_classes_cannot_be_summed,3101946.92,4004106.74,1336.47,1728.89,1835625.00,2645063.00,0.00,0.00,1266321.92,1359043.74
08416,08,county_administration,Landratsamt Tübingen,Landratsamt Tübingen,Landkreis,Landkreis,,,233330,233077,STATISTIKPORTAL_INTEGRATED_2023_T1,STATISTIKPORTAL_INTEGRATED_2024_T1,matching_original_identifier_and_class,not_certified_requires_population_and_entity_scope_audit,different_fiscal_unit_classes_cannot_be_summed,306515536.02,322924416.42,1313.66,1385.48,56536684.00,69815797.00,25571558.88,26925223.57,224407293.14,226183395.85
084160009009,08,municipality,Gemeinde Dettenhausen,Gemeinde Dettenhausen,kreisangehörige Gemeinde,kreisangehörige Gemeinde,08416009,08416009,5623,5546,STATISTIKPORTAL_INTEGRATED_2023_T1,STATISTIKPORTAL_INTEGRATED_2024_T1,matching_original_identifier_and_class,not_certified_requires_population_and_entity_scope_audit,different_fiscal_unit_classes_cannot_be_summed,12524125.43,12763102.47,2227.30,2301.32,2543892.00,2429555.00,1515272.00,1480309.50,8464961.43,8853237.97
084160022022,08,municipality,Gemeinde Kirchentellinsfurt,Gemeinde Kirchentellinsfurt,kreisangehörige Gemeinde,kreisangehörige Gemeinde,08416022,08416022,5727,5534,STATISTIKPORTAL_INTEGRATED_2023_T1,STATISTIKPORTAL_INTEGRATED_2024_T1,matching_original_identifier_and_class,not_certified_requires_population_and_entity_scope_audit,different_fiscal_unit_classes_cannot_be_summed,7633107.84,6857062.89,1332.83,1239.08,580260.00,436005.00,614273.05,0.00,6438574.79,6421057.89
084160023023,08,municipality,Gemeinde Kusterdingen,Gemeinde Kusterdingen,kreisangehörige Gemeinde,kreisangehörige Gemeinde,08416023,08416023,8888,8965,STATISTIKPORTAL_INTEGRATED_2023_T1,STATISTIKPORTAL_INTEGRATED_2024_T1,matching_original_identifier_and_class,not_certified_requires_population_and_entity_scope_audit,different_fiscal_unit_classes_cannot_be_summed,3937298.54,3439119.32,442.99,383.62,0.00,0.00,879416.17,0.00,3057882.37,3439119.32
084160041041,08,municipality,"Große Kreisstadt Tübingen, Universitätsstadt","Große Kreisstadt Tübingen, Universitätsstadt",kreisangehörige Gemeinde,kreisangehörige Gemeinde,08416041,08416041,92876,91861,STATISTIKPORTAL_INTEGRATED_2023_T1,STATISTIKPORTAL_INTEGRATED_2024_T1,matching_original_identifier_and_class,not_certified_requires_population_and_entity_scope_audit,different_fiscal_unit_classes_cannot_be_summed,537175558.35,603590710.74,5783.79,6570.70,57849927.00,81677815.00,10761237.57,469594.47,468564393.78,521443301.27
084160048048,08,municipality,Gemeinde Ammerbuch,Gemeinde Ammerbuch,kreisangehörige Gemeinde,kreisangehörige Gemeinde,08416048,08416048,11466,11605,STATISTIKPORTAL_INTEGRATED_2023_T1,STATISTIKPORTAL_INTEGRATED_2024_T1,matching_original_identifier_and_class,not_certified_requires_population_and_entity_scope_audit,different_fiscal_unit_classes_cannot_be_summed,21721137.61,23101137.68,1894.40,1990.62,13409448.00,14868060.00,0.00,0.00,8311689.61,8233077.68
084165001011,08,municipality,Gemeinde Dußlingen,Gemeinde Dußlingen,kreisangehörige Gemeinde,kreisangehörige Gemeinde,08416011,08416011,6396,6175,STATISTIKPORTAL_INTEGRATED_2023_T1,STATISTIKPORTAL_INTEGRATED_2024_T1,matching_original_identifier_and_class,not_certified_requires_population_and_entity_scope_audit,different_fiscal_unit_classes_cannot_be_summed,15621267.63,16453060.84,2442.35,2664.46,0.00,0.00,2131681.50,3183378.85,13489586.13,13269681.99
084165001015,08,municipality,Gemeinde Gomaringen,Gemeinde Gomaringen,kreisangehörige Gemeinde,kreisangehörige Gemeinde,08416015,08416015,9273,9087,STATISTIKPORTAL_INTEGRATED_2023_T1,STATISTIKPORTAL_INTEGRATED_2024_T1,matching_original_identifier_and_class,not_certified_requires_population_and_entity_scope_audit,different_fiscal_unit_classes_cannot_be_summed,21300630.91,21699252.21,2297.06,2387.94,2848128.00,2677787.00,3164022.45,4725040.83,15288480.46,14296424.38
084165001026,08,municipality,Gemeinde Nehren,Gemeinde Nehren,kreisangehörige Gemeinde,kreisangehörige Gemeinde,08416026,08416026,4549,4408,STATISTIKPORTAL_INTEGRATED_2023_T1,STATISTIKPORTAL_INTEGRATED_2024_T1,matching_original_identifier_and_class,not_certified_requires_population_and_entity_scope_audit,different_fiscal_unit_classes_cannot_be_summed,12985804.21,14657950.48,2854.65,3325.31,2690020.00,2574187.00,1540991.05,2301262.32,8754793.16,9782501.16
084165002006,08,municipality,Gemeinde Bodelshausen,Gemeinde Bodelshausen,kreisangehörige Gemeinde,kreisangehörige Gemeinde,08416006,08416006,5886,5751,STATISTIKPORTAL_INTEGRATED_2023_T1,STATISTIKPORTAL_INTEGRATED_2024_T1,matching_original_identifier_and_class,not_certified_requires_population_and_entity_scope_audit,different_fiscal_unit_classes_cannot_be_summed,19952239.49,19390897.75,3389.78,3371.74,5445979.00,5271415.00,0.00,0.00,14506260.49,14119482.75
084165002025,08,municipality,Große Kreisstadt Mössingen,Große Kreisstadt Mössingen,kreisangehörige Gemeinde,kreisangehörige Gemeinde,08416025,08416025,20881,21756,STATISTIKPORTAL_INTEGRATED_2023_T1,STATISTIKPORTAL_INTEGRATED_2024_T1,matching_original_identifier_and_class,not_certified_requires_population_and_entity_scope_audit,different_fiscal_unit_classes_cannot_be_summed,59394071.26,62801719.59,2844.41,2886.64,651940.00,3380031.00,0.00,0.00,58742131.26,59421688.59
084165002031,08,municipality,Gemeinde Ofterdingen,Gemeinde Ofterdingen,kreisangehörige Gemeinde,kreisangehörige Gemeinde,08416031,08416031,5533,5527,STATISTIKPORTAL_INTEGRATED_2023_T1,STATISTIKPORTAL_INTEGRATED_2024_T1,matching_original_identifier_and_class,not_certified_requires_population_and_entity_scope_audit,different_fiscal_unit_classes_cannot_be_summed,20755062.17,22573930.63,3751.14,4084.30,7581547.00,8856456.00,0.00,0.00,13173515.17,13717474.63
084165003018,08,municipality,Gemeinde Hirrlingen,Gemeinde Hirrlingen,kreisangehörige Gemeinde,kreisangehörige Gemeinde,08416018,08416018,3209,3168,STATISTIKPORTAL_INTEGRATED_2023_T1,STATISTIKPORTAL_INTEGRATED_2024_T1,matching_original_identifier_and_class,not_certified_requires_population_and_entity_scope_audit,different_fiscal_unit_classes_cannot_be_summed,1781974.03,1604577.55,555.31,506.50,157717.00,26742.00,0.00,0.00,1624257.03,1577835.55
084165003036,08,municipality,Große Kreisstadt Rottenburg am Neckar,Große Kreisstadt Rottenburg am Neckar,kreisangehörige Gemeinde,kreisangehörige Gemeinde,08416036,08416036,44697,45521,STATISTIKPORTAL_INTEGRATED_2023_T1,STATISTIKPORTAL_INTEGRATED_2024_T1,matching_original_identifier_and_class,not_certified_requires_population_and_entity_scope_audit,different_fiscal_unit_classes_cannot_be_summed,111693324.81,120423760.21,2498.90,2645.46,5028172.00,3874865.00,1884474.00,1920023.00,104780678.81,114628872.21
084165003049,08,municipality,Gemeinde Neustetten,Gemeinde Neustetten,kreisangehörige Gemeinde,kreisangehörige Gemeinde,08416049,08416049,3952,3779,STATISTIKPORTAL_INTEGRATED_2023_T1,STATISTIKPORTAL_INTEGRATED_2024_T1,matching_original_identifier_and_class,not_certified_requires_population_and_entity_scope_audit,different_fiscal_unit_classes_cannot_be_summed,969522.72,1035746.26,245.32,274.08,0.00,0.00,0.00,0.00,969522.72,1035746.26
084165003050,08,municipality,Gemeinde Starzach,Gemeinde Starzach,kreisangehörige Gemeinde,kreisangehörige Gemeinde,08416050,08416050,4374,4394,STATISTIKPORTAL_INTEGRATED_2023_T1,STATISTIKPORTAL_INTEGRATED_2024_T1,matching_original_identifier_and_class,not_certified_requires_population_and_entity_scope_audit,different_fiscal_unit_classes_cannot_be_summed,7022306.93,10883849.48,1605.47,2476.98,5209536.00,9645658.00,1097308.90,0.00,715462.03,1238191.48
08417,08,county_administration,Landratsamt Zollernalbkreis,Landratsamt Zollernalbkreis,Landkreis,Landkreis,,,193694,193499,STATISTIKPORTAL_INTEGRATED_2023_T1,STATISTIKPORTAL_INTEGRATED_2024_T1,matching_original_identifier_and_class,not_certified_requires_population_and_entity_scope_audit,different_fiscal_unit_classes_cannot_be_summed,651957919.77,603682811.14,3365.92,3119.82,10283210.00,9646494.00,36914786.42,43124716.10,604759923.35,550911601.04
084170013013,08,municipality,Stadt Burladingen,Stadt Burladingen,kreisangehörige Gemeinde,kreisangehörige Gemeinde,08417013,08417013,12254,12162,STATISTIKPORTAL_INTEGRATED_2023_T1,STATISTIKPORTAL_INTEGRATED_2024_T1,matching_original_identifier_and_class,not_certified_requires_population_and_entity_scope_audit,different_fiscal_unit_classes_cannot_be_summed,15106387.77,16717212.96,1232.77,1374.54,6254119.00,7893237.00,0.00,0.00,8852268.77,8823975.96
084170025025,08,municipality,Stadt Haigerloch,Stadt Haigerloch,kreisangehörige Gemeinde,kreisangehörige Gemeinde,08417025,08417025,11049,10961,STATISTIKPORTAL_INTEGRATED_2023_T1,STATISTIKPORTAL_INTEGRATED_2024_T1,matching_original_identifier_and_class,not_certified_requires_population_and_entity_scope_audit,different_fiscal_unit_classes_cannot_be_summed,21813449.90,28119956.70,1974.25,2565.46,13956620.00,19810549.00,1095442.40,0.00,6761387.50,8309407.70
084170054054,08,municipality,Stadt Rosenfeld,Stadt Rosenfeld,kreisangehörige Gemeinde,kreisangehörige Gemeinde,08417054,08417054,6566,6375,STATISTIKPORTAL_INTEGRATED_2023_T1,STATISTIKPORTAL_INTEGRATED_2024_T1,matching_original_identifier_and_class,not_certified_requires_population_and_entity_scope_audit,different_fiscal_unit_classes_cannot_be_summed,5110064.04,4609003.87,778.26,722.98,0.00,0.00,0.02,571.10,5110064.02,4608432.77
084175001010,08,municipality,Gemeinde Bitz,Gemeinde Bitz,kreisangehörige Gemeinde,kreisangehörige Gemeinde,08417010,08417010,3777,3815,STATISTIKPORTAL_INTEGRATED_2023_T1,STATISTIKPORTAL_INTEGRATED_2024_T1,matching_original_identifier_and_class,not_certified_requires_population_and_entity_scope_audit,different_fiscal_unit_classes_cannot_be_summed,1697326.85,3112387.98,449.38,815.83,1461700.00,2874000.00,0.00,0.00,235626.85,238387.98
084175001079,08,municipality,Große Kreisstadt Albstadt,Große Kreisstadt Albstadt,kreisangehörige Gemeinde,kreisangehörige Gemeinde,08417079,08417079,46595,46907,STATISTIKPORTAL_INTEGRATED_2023_T1,STATISTIKPORTAL_INTEGRATED_2024_T1,matching_original_identifier_and_class,not_certified_requires_population_and_entity_scope_audit,different_fiscal_unit_classes_cannot_be_summed,84935859.15,91744871.77,1822.85,1955.89,47725725.00,50471233.00,0.00,0.00,37210134.15,41273638.77
084175002002,08,municipality,Große Kreisstadt Balingen,Große Kreisstadt Balingen,kreisangehörige Gemeinde,kreisangehörige Gemeinde,08417002,08417002,35074,35537,STATISTIKPORTAL_INTEGRATED_2023_T1,STATISTIKPORTAL_INTEGRATED_2024_T1,matching_original_identifier_and_class,not_certified_requires_population_and_entity_scope_audit,different_fiscal_unit_classes_cannot_be_summed,59671044.23,61580486.14,1701.29,1732.86,21481879.00,25563979.00,0.00,0.00,38189165.23,36016507.14
084175002022,08,municipality,Stadt Geislingen,Stadt Geislingen,kreisangehörige Gemeinde,kreisangehörige Gemeinde,08417022,08417022,5958,5912,STATISTIKPORTAL_INTEGRATED_2023_T1,STATISTIKPORTAL_INTEGRATED_2024_T1,matching_original_identifier_and_class,not_certified_requires_population_and_entity_scope_audit,different_fiscal_unit_classes_cannot_be_summed,9758031.53,8924512.44,1637.80,1509.56,3955481.00,3645349.00,0.02,571.10,5802550.51,5278592.34
084175003008,08,municipality,Gemeinde Bisingen,Gemeinde Bisingen,kreisangehörige Gemeinde,kreisangehörige Gemeinde,08417008,08417008,9837,9533,STATISTIKPORTAL_INTEGRATED_2023_T1,STATISTIKPORTAL_INTEGRATED_2024_T1,matching_original_identifier_and_class,not_certified_requires_population_and_entity_scope_audit,different_fiscal_unit_classes_cannot_be_summed,7962690.89,7484235.52,809.46,785.09,7304347.00,6720654.00,0.00,0.00,658343.89,763581.52
084175003023,08,municipality,Gemeinde Grosselfingen,Gemeinde Grosselfingen,kreisangehörige Gemeinde,kreisangehörige Gemeinde,08417023,08417023,2184,2192,STATISTIKPORTAL_INTEGRATED_2023_T1,STATISTIKPORTAL_INTEGRATED_2024_T1,matching_original_identifier_and_class,not_certified_requires_population_and_entity_scope_audit,different_fiscal_unit_classes_cannot_be_summed,541811.50,598210.64,248.08,272.91,0.00,0.00,0.00,0.00,541811.50,598210.64
084175004031,08,municipality,Stadt Hechingen,Stadt Hechingen,kreisangehörige Gemeinde,kreisangehörige Gemeinde,08417031,08417031,19511,19834,STATISTIKPORTAL_INTEGRATED_2023_T1,STATISTIKPORTAL_INTEGRATED_2024_T1,matching_original_identifier_and_class,not_certified_requires_population_and_entity_scope_audit,different_fiscal_unit_classes_cannot_be_summed,64154725.71,65299132.04,3288.13,3292.28,6053917.00,5622752.00,8697886.25,7954603.25,49402922.46,51721776.79
084175004036,08,municipality,Gemeinde Jungingen,Gemeinde Jungingen,kreisangehörige Gemeinde,kreisangehörige Gemeinde,08417036,08417036,1416,1420,STATISTIKPORTAL_INTEGRATED_2023_T1,STATISTIKPORTAL_INTEGRATED_2024_T1,matching_original_identifier_and_class,not_certified_requires_population_and_entity_scope_audit,different_fiscal_unit_classes_cannot_be_summed,541811.50,598210.64,382.64,421.28,0.00,0.00,0.00,0.00,541811.50,598210.64
084175004051,08,municipality,Gemeinde Rangendingen,Gemeinde Rangendingen,kreisangehörige Gemeinde,kreisangehörige Gemeinde,08417051,08417051,5336,5338,STATISTIKPORTAL_INTEGRATED_2023_T1,STATISTIKPORTAL_INTEGRATED_2024_T1,matching_original_identifier_and_class,not_certified_requires_population_and_entity_scope_audit,different_fiscal_unit_classes_cannot_be_summed,2135482.25,2081268.75,400.20,389.90,0.00,0.00,872181.75,849708.75,1263300.50,1231560.00
084175005044,08,municipality,Stadt Meßstetten,Stadt Meßstetten,kreisangehörige Gemeinde,kreisangehörige Gemeinde,08417044,08417044,11407,10834,STATISTIKPORTAL_INTEGRATED_2023_T1,STATISTIKPORTAL_INTEGRATED_2024_T1,matching_original_identifier_and_class,not_certified_requires_population_and_entity_scope_audit,different_fiscal_unit_classes_cannot_be_summed,13749254.41,13481993.23,1205.33,1244.42,0.00,0.00,0.05,1319.79,13749254.36,13480673.44
084175005045,08,municipality,Gemeinde Nusplingen,Gemeinde Nusplingen,kreisangehörige Gemeinde,kreisangehörige Gemeinde,08417045,08417045,1887,1910,STATISTIKPORTAL_INTEGRATED_2023_T1,STATISTIKPORTAL_INTEGRATED_2024_T1,matching_original_identifier_and_class,not_certified_requires_population_and_entity_scope_audit,different_fiscal_unit_classes_cannot_be_summed,1211200.16,1064976.21,641.87,557.58,0.00,0.00,0.01,142.70,1211200.15,1064833.51
084175005047,08,municipality,Gemeinde Obernheim,Gemeinde Obernheim,kreisangehörige Gemeinde,kreisangehörige Gemeinde,08417047,08417047,1501,1472,STATISTIKPORTAL_INTEGRATED_2023_T1,STATISTIKPORTAL_INTEGRATED_2024_T1,matching_original_identifier_and_class,not_certified_requires_population_and_entity_scope_audit,different_fiscal_unit_classes_cannot_be_summed,2915242.78,2511986.68,1942.20,1706.51,755533.00,642069.00,0.01,285.55,2159709.77,1869632.13
084175006014,08,municipality,Gemeinde Dautmergen,Gemeinde Dautmergen,kreisangehörige Gemeinde,kreisangehörige Gemeinde,08417014,08417014,458,458,STATISTIKPORTAL_INTEGRATED_2023_T1,STATISTIKPORTAL_INTEGRATED_2024_T1,matching_original_identifier_and_class,not_certified_requires_population_and_entity_scope_audit,different_fiscal_unit_classes_cannot_be_summed,1727987.30,1534168.86,3772.90,3349.71,500000.00,500000.00,104955.76,68705.20,1123031.54,965463.66
084175006015,08,municipality,Gemeinde Dormettingen,Gemeinde Dormettingen,kreisangehörige Gemeinde,kreisangehörige Gemeinde,08417015,08417015,1100,1093,STATISTIKPORTAL_INTEGRATED_2023_T1,STATISTIKPORTAL_INTEGRATED_2024_T1,matching_original_identifier_and_class,not_certified_requires_population_and_entity_scope_audit,different_fiscal_unit_classes_cannot_be_summed,1062951.63,1092823.70,966.32,999.84,117125.00,78625.00,104955.75,68562.50,840870.88,945636.20
084175006016,08,municipality,Gemeinde Dotternhausen,Gemeinde Dotternhausen,kreisangehörige Gemeinde,kreisangehörige Gemeinde,08417016,08417016,1821,1815,STATISTIKPORTAL_INTEGRATED_2023_T1,STATISTIKPORTAL_INTEGRATED_2024_T1,matching_original_identifier_and_class,not_certified_requires_population_and_entity_scope_audit,different_fiscal_unit_classes_cannot_be_summed,3799321.73,3696555.23,2086.39,2036.67,869738.00,815883.00,104955.75,68562.50,2824627.98,2812109.73
084175006029,08,municipality,Gemeinde Hausen am Tann,Gemeinde Hausen am Tann,kreisangehörige Gemeinde,kreisangehörige Gemeinde,08417029,08417029,505,489,STATISTIKPORTAL_INTEGRATED_2023_T1,STATISTIKPORTAL_INTEGRATED_2024_T1,matching_original_identifier_and_class,not_certified_requires_population_and_entity_scope_audit,different_fiscal_unit_classes_cannot_be_summed,386282.90,352894.50,764.92,721.67,0.00,0.00,104955.75,68562.50,281327.15,284332.00
084175006052,08,municipality,Gemeinde Ratshausen,Gemeinde Ratshausen,kreisangehörige Gemeinde,kreisangehörige Gemeinde,08417052,08417052,776,774,STATISTIKPORTAL_INTEGRATED_2023_T1,STATISTIKPORTAL_INTEGRATED_2024_T1,matching_original_identifier_and_class,not_certified_requires_population_and_entity_scope_audit,different_fiscal_unit_classes_cannot_be_summed,333782.90,304144.50,430.13,392.95,0.00,0.00,104955.75,68562.50,228827.15,235582.00
084175006057,08,municipality,Stadt Schömberg (LKR Zollernalbkreis),Stadt Schömberg (LKR Zollernalbkreis),kreisangehörige Gemeinde,kreisangehörige Gemeinde,08417057,08417057,4793,4807,STATISTIKPORTAL_INTEGRATED_2023_T1,STATISTIKPORTAL_INTEGRATED_2024_T1,matching_original_identifier_and_class,not_certified_requires_population_and_entity_scope_audit,different_fiscal_unit_classes_cannot_be_summed,3466261.54,3314212.62,723.19,689.46,2184300.00,2032700.00,284144.76,193794.53,997816.78,1087718.09
084175006071,08,municipality,Gemeinde Weilen unter den Rinnen,Gemeinde Weilen unter den Rinnen,kreisangehörige Gemeinde,kreisangehörige Gemeinde,08417071,08417071,595,581,STATISTIKPORTAL_INTEGRATED_2023_T1,STATISTIKPORTAL_INTEGRATED_2024_T1,matching_original_identifier_and_class,not_certified_requires_population_and_entity_scope_audit,different_fiscal_unit_classes_cannot_be_summed,1298717.35,1120883.35,2182.72,1929.23,0.00,0.00,104955.76,68705.20,1193761.59,1052178.15
084175006078,08,municipality,Gemeinde Zimmern unter der Burg,Gemeinde Zimmern unter der Burg,kreisangehörige Gemeinde,kreisangehörige Gemeinde,08417078,08417078,462,449,STATISTIKPORTAL_INTEGRATED_2023_T1,STATISTIKPORTAL_INTEGRATED_2024_T1,matching_original_identifier_and_class,not_certified_requires_population_and_entity_scope_audit,different_fiscal_unit_classes_cannot_be_summed,1312784.24,1111467.29,2841.52,2475.43,117311.00,104803.00,104955.76,68705.20,1090517.48,937959.09
084175007063,08,municipality,Gemeinde Straßberg,Gemeinde Straßberg,kreisangehörige Gemeinde,kreisangehörige Gemeinde,08417063,08417063,2498,2466,STATISTIKPORTAL_INTEGRATED_2023_T1,STATISTIKPORTAL_INTEGRATED_2024_T1,matching_original_identifier_and_class,not_certified_requires_population_and_entity_scope_audit,different_fiscal_unit_classes_cannot_be_summed,1191713.99,1768652.99,477.07,717.22,0.00,0.00,0.00,0.00,1191713.99,1768652.99
084175007075,08,municipality,Gemeinde Winterlingen,Gemeinde Winterlingen,kreisangehörige Gemeinde,kreisangehörige Gemeinde,08417075,08417075,6334,6365,STATISTIKPORTAL_INTEGRATED_2023_T1,STATISTIKPORTAL_INTEGRATED_2024_T1,matching_original_identifier_and_class,not_certified_requires_population_and_entity_scope_audit,different_fiscal_unit_classes_cannot_be_summed,2932480.03,3653217.01,462.97,573.95,842500.00,715500.00,0.00,0.00,2089980.03,2937717.01
084210000000,08,municipality,"Stadt Ulm, Stadtkreis","Stadt Ulm, Stadtkreis",Stadtkreis,Stadtkreis,08421000,08421000,129376,129317,STATISTIKPORTAL_INTEGRATED_2023_T1,STATISTIKPORTAL_INTEGRATED_2024_T1,matching_original_identifier_and_class,not_certified_requires_population_and_entity_scope_audit,different_fiscal_unit_classes_cannot_be_summed,1345645271.75,1465714872.72,10401.04,11334.28,74544259.00,118060327.00,4076123.19,3977031.46,1267024889.56,1343677514.26
08425,08,county_administration,Landratsamt Alb-Donau-Kreis,Landratsamt Alb-Donau-Kreis,Landkreis,Landkreis,,,203259,201941,STATISTIKPORTAL_INTEGRATED_2023_T1,STATISTIKPORTAL_INTEGRATED_2024_T1,matching_original_identifier_and_class,not_certified_requires_population_and_entity_scope_audit,different_fiscal_unit_classes_cannot_be_summed,1267052946.53,1106826296.88,6233.69,5480.94,454000.00,227000.00,76285963.72,90199404.89,1190312982.81,1016399891.99
084250039039,08,municipality,Stadt Erbach,Stadt Erbach,kreisangehörige Gemeinde,kreisangehörige Gemeinde,08425039,08425039,13998,14099,STATISTIKPORTAL_INTEGRATED_2023_T1,STATISTIKPORTAL_INTEGRATED_2024_T1,matching_original_identifier_and_class,not_certified_requires_population_and_entity_scope_audit,different_fiscal_unit_classes_cannot_be_summed,8114447.08,7698170.25,579.69,546.01,5400000.00,5100000.00,4728.78,4036.39,2709718.30,2594133.86
084250108108,08,municipality,Stadt Schelklingen,Stadt Schelklingen,kreisangehörige Gemeinde,kreisangehörige Gemeinde,08425108,08425108,6938,6533,STATISTIKPORTAL_INTEGRATED_2023_T1,STATISTIKPORTAL_INTEGRATED_2024_T1,matching_original_identifier_and_class,not_certified_requires_population_and_entity_scope_audit,different_fiscal_unit_classes_cannot_be_summed,1795906.29,1598800.50,258.85,244.73,1085477.00,959974.00,0.00,0.00,710429.29,638826.50
084250141141,08,municipality,Stadt Blaustein,Stadt Blaustein,kreisangehörige Gemeinde,kreisangehörige Gemeinde,08425141,08425141,16625,16576,STATISTIKPORTAL_INTEGRATED_2023_T1,STATISTIKPORTAL_INTEGRATED_2024_T1,matching_original_identifier_and_class,not_certified_requires_population_and_entity_scope_audit,different_fiscal_unit_classes_cannot_be_summed,18554645.30,19180986.67,1116.07,1157.15,8747085.00,10953609.00,0.00,0.00,9807560.30,8227377.67
084255001002,08,municipality,Gemeinde Allmendingen,Gemeinde Allmendingen,kreisangehörige Gemeinde,kreisangehörige Gemeinde,08425002,08425002,4747,4928,STATISTIKPORTAL_INTEGRATED_2023_T1,STATISTIKPORTAL_INTEGRATED_2024_T1,matching_original_identifier_and_class,not_certified_requires_population_and_entity_scope_audit,different_fiscal_unit_classes_cannot_be_summed,10723484.25,9317321.34,2259.00,1890.69,9818691.00,8498521.00,0.00,0.00,904793.25,818800.34
084255001004,08,municipality,Gemeinde Altheim (LKR Alb-Donau-Kreis),Gemeinde Altheim (LKR Alb-Donau-Kreis),kreisangehörige Gemeinde,kreisangehörige Gemeinde,08425004,08425004,588,585,STATISTIKPORTAL_INTEGRATED_2023_T1,STATISTIKPORTAL_INTEGRATED_2024_T1,matching_original_identifier_and_class,not_certified_requires_population_and_entity_scope_audit,different_fiscal_unit_classes_cannot_be_summed,0.00,0.00,0.00,0.00,0.00,0.00,0.00,0.00,0.00,0.00
084255002017,08,municipality,Gemeinde Berghülen,Gemeinde Berghülen,kreisangehörige Gemeinde,kreisangehörige Gemeinde,08425017,08425017,2111,2048,STATISTIKPORTAL_INTEGRATED_2023_T1,STATISTIKPORTAL_INTEGRATED_2024_T1,matching_original_identifier_and_class,not_certified_requires_population_and_entity_scope_audit,different_fiscal_unit_classes_cannot_be_summed,2122134.25,3924207.68,1005.27,1916.12,0.00,1500000.00,0.00,0.00,2122134.25,2424207.68
084255002020,08,municipality,Stadt Blaubeuren,Stadt Blaubeuren,kreisangehörige Gemeinde,kreisangehörige Gemeinde,08425020,08425020,12671,12657,STATISTIKPORTAL_INTEGRATED_2023_T1,STATISTIKPORTAL_INTEGRATED_2024_T1,matching_original_identifier_and_class,not_certified_requires_population_and_entity_scope_audit,different_fiscal_unit_classes_cannot_be_summed,24160599.55,24304863.44,1906.76,1920.27,3182645.00,2901763.00,0.00,0.00,20977954.55,21403100.44
084255003028,08,municipality,Stadt Dietenheim,Stadt Dietenheim,kreisangehörige Gemeinde,kreisangehörige Gemeinde,08425028,08425028,6985,6823,STATISTIKPORTAL_INTEGRATED_2023_T1,STATISTIKPORTAL_INTEGRATED_2024_T1,matching_original_identifier_and_class,not_certified_requires_population_and_entity_scope_audit,different_fiscal_unit_classes_cannot_be_summed,2742916.72,3445195.51,392.69,504.94,964030.00,803350.00,0.00,0.00,1778886.72,2641845.51
084255003066,08,municipality,Gemeinde Illerrieden,Gemeinde Illerrieden,kreisangehörige Gemeinde,kreisangehörige Gemeinde,08425066,08425066,3394,3353,STATISTIKPORTAL_INTEGRATED_2023_T1,STATISTIKPORTAL_INTEGRATED_2024_T1,matching_original_identifier_and_class,not_certified_requires_population_and_entity_scope_audit,different_fiscal_unit_classes_cannot_be_summed,2063754.22,1931229.94,608.06,575.97,1393076.00,1296532.00,0.00,0.00,670678.22,634697.94
084255003140,08,municipality,Gemeinde Balzheim,Gemeinde Balzheim,kreisangehörige Gemeinde,kreisangehörige Gemeinde,08425140,08425140,2161,2152,STATISTIKPORTAL_INTEGRATED_2023_T1,STATISTIKPORTAL_INTEGRATED_2024_T1,matching_original_identifier_and_class,not_certified_requires_population_and_entity_scope_audit,different_fiscal_unit_classes_cannot_be_summed,19023.68,42216.51,8.80,19.62,0.00,0.00,0.00,0.00,19023.68,42216.51
084255004014,08,municipality,Gemeinde Beimerstetten,Gemeinde Beimerstetten,kreisangehörige Gemeinde,kreisangehörige Gemeinde,08425014,08425014,2594,2466,STATISTIKPORTAL_INTEGRATED_2023_T1,STATISTIKPORTAL_INTEGRATED_2024_T1,matching_original_identifier_and_class,not_certified_requires_population_and_entity_scope_audit,different_fiscal_unit_classes_cannot_be_summed,3629463.76,4376114.90,1399.18,1774.58,2667548.00,3373799.00,0.00,0.00,961915.76,1002315.90
084255004031,08,municipality,Gemeinde Dornstadt,Gemeinde Dornstadt,kreisangehörige Gemeinde,kreisangehörige Gemeinde,08425031,08425031,9357,9225,STATISTIKPORTAL_INTEGRATED_2023_T1,STATISTIKPORTAL_INTEGRATED_2024_T1,matching_original_identifier_and_class,not_certified_requires_population_and_entity_scope_audit,different_fiscal_unit_classes_cannot_be_summed,17987851.75,25473960.78,1922.40,2761.40,7723391.00,13826145.00,0.00,0.00,10264460.75,11647815.78
084255004135,08,municipality,Gemeinde Westerstetten,Gemeinde Westerstetten,kreisangehörige Gemeinde,kreisangehörige Gemeinde,08425135,08425135,2222,2131,STATISTIKPORTAL_INTEGRATED_2023_T1,STATISTIKPORTAL_INTEGRATED_2024_T1,matching_original_identifier_and_class,not_certified_requires_population_and_entity_scope_audit,different_fiscal_unit_classes_cannot_be_summed,2222470.93,2098181.17,1000.21,984.60,1453125.00,1276064.00,0.00,0.00,769345.93,822117.17
084255005033,08,municipality,Große Kreisstadt Ehingen (Donau),Große Kreisstadt Ehingen (Donau),kreisangehörige Gemeinde,kreisangehörige Gemeinde,08425033,08425033,27288,27866,STATISTIKPORTAL_INTEGRATED_2023_T1,STATISTIKPORTAL_INTEGRATED_2024_T1,matching_original_identifier_and_class,not_certified_requires_population_and_entity_scope_audit,different_fiscal_unit_classes_cannot_be_summed,1049159.40,1248836.88,38.45,44.82,0.00,0.00,0.00,0.00,1049159.40,1248836.88
084255005050,08,municipality,Gemeinde Griesingen,Gemeinde Griesingen,kreisangehörige Gemeinde,kreisangehörige Gemeinde,08425050,08425050,1043,1001,STATISTIKPORTAL_INTEGRATED_2023_T1,STATISTIKPORTAL_INTEGRATED_2024_T1,matching_original_identifier_and_class,not_certified_requires_population_and_entity_scope_audit,different_fiscal_unit_classes_cannot_be_summed,1648416.00,1558780.00,1580.46,1557.22,1648416.00,1558780.00,0.00,0.00,0.00,0.00
084255005088,08,municipality,Gemeinde Oberdischingen,Gemeinde Oberdischingen,kreisangehörige Gemeinde,kreisangehörige Gemeinde,08425088,08425088,2294,2286,STATISTIKPORTAL_INTEGRATED_2023_T1,STATISTIKPORTAL_INTEGRATED_2024_T1,matching_original_identifier_and_class,not_certified_requires_population_and_entity_scope_audit,different_fiscal_unit_classes_cannot_be_summed,2947502.00,3945799.00,1284.87,1726.07,851580.00,1667450.00,0.00,0.00,2095922.00,2278349.00
084255005093,08,municipality,Gemeinde Öpfingen,Gemeinde Öpfingen,kreisangehörige Gemeinde,kreisangehörige Gemeinde,08425093,08425093,2371,2277,STATISTIKPORTAL_INTEGRATED_2023_T1,STATISTIKPORTAL_INTEGRATED_2024_T1,matching_original_identifier_and_class,not_certified_requires_population_and_entity_scope_audit,different_fiscal_unit_classes_cannot_be_summed,2400000.00,2268750.00,1012.23,996.38,2400000.00,2268750.00,0.00,0.00,0.00,0.00
084255006064,08,municipality,Gemeinde Hüttisheim,Gemeinde Hüttisheim,kreisangehörige Gemeinde,kreisangehörige Gemeinde,08425064,08425064,1563,1491,STATISTIKPORTAL_INTEGRATED_2023_T1,STATISTIKPORTAL_INTEGRATED_2024_T1,matching_original_identifier_and_class,not_certified_requires_population_and_entity_scope_audit,different_fiscal_unit_classes_cannot_be_summed,1795736.50,1629108.25,1148.90,1092.63,1599250.00,1461799.00,0.00,0.00,196486.50,167309.25
084255006110,08,municipality,Gemeinde Schnürpflingen,Gemeinde Schnürpflingen,kreisangehörige Gemeinde,kreisangehörige Gemeinde,08425110,08425110,1441,1433,STATISTIKPORTAL_INTEGRATED_2023_T1,STATISTIKPORTAL_INTEGRATED_2024_T1,matching_original_identifier_and_class,not_certified_requires_population_and_entity_scope_audit,different_fiscal_unit_classes_cannot_be_summed,1406245.35,1277735.43,975.88,891.65,853323.00,769783.00,0.00,0.00,552922.35,507952.43
084255006137,08,municipality,Gemeinde Illerkirchberg,Gemeinde Illerkirchberg,kreisangehörige Gemeinde,kreisangehörige Gemeinde,08425137,08425137,5022,5055,STATISTIKPORTAL_INTEGRATED_2023_T1,STATISTIKPORTAL_INTEGRATED_2024_T1,matching_original_identifier_and_class,not_certified_requires_population_and_entity_scope_audit,different_fiscal_unit_classes_cannot_be_summed,5628502.88,6894942.95,1120.77,1363.98,4006273.00,5365061.00,0.00,0.00,1622229.88,1529881.95
084255006138,08,municipality,Gemeinde Staig,Gemeinde Staig,kreisangehörige Gemeinde,kreisangehörige Gemeinde,08425138,08425138,3312,3282,STATISTIKPORTAL_INTEGRATED_2023_T1,STATISTIKPORTAL_INTEGRATED_2024_T1,matching_original_identifier_and_class,not_certified_requires_population_and_entity_scope_audit,different_fiscal_unit_classes_cannot_be_summed,3937563.04,5062059.78,1188.88,1542.37,2671769.00,3872821.00,0.00,0.00,1265794.04,1189238.78
084255007071,08,municipality,Stadt Laichingen,Stadt Laichingen,kreisangehörige Gemeinde,kreisangehörige Gemeinde,08425071,08425071,12407,12419,STATISTIKPORTAL_INTEGRATED_2023_T1,STATISTIKPORTAL_INTEGRATED_2024_T1,matching_original_identifier_and_class,not_certified_requires_population_and_entity_scope_audit,different_fiscal_unit_classes_cannot_be_summed,14473200.83,14371078.20,1166.54,1157.18,51134.00,7312.00,0.00,0.00,14422066.83,14363766.20
084255007079,08,municipality,Gemeinde Merklingen,Gemeinde Merklingen,kreisangehörige Gemeinde,kreisangehörige Gemeinde,08425079,08425079,2099,2071,STATISTIKPORTAL_INTEGRATED_2023_T1,STATISTIKPORTAL_INTEGRATED_2024_T1,matching_original_identifier_and_class,not_certified_requires_population_and_entity_scope_audit,different_fiscal_unit_classes_cannot_be_summed,2271728.89,2333267.67,1082.29,1126.64,764650.00,739552.00,0.00,0.00,1507078.89,1593715.67
084255007084,08,municipality,Gemeinde Nellingen,Gemeinde Nellingen,kreisangehörige Gemeinde,kreisangehörige Gemeinde,08425084,08425084,2122,2030,STATISTIKPORTAL_INTEGRATED_2023_T1,STATISTIKPORTAL_INTEGRATED_2024_T1,matching_original_identifier_and_class,not_certified_requires_population_and_entity_scope_audit,different_fiscal_unit_classes_cannot_be_summed,4885017.97,6177461.72,2302.08,3043.08,2540000.00,4280000.00,1165241.15,0.00,1179776.82,1897461.72
084255007134,08,municipality,Gemeinde Westerheim,Gemeinde Westerheim,kreisangehörige Gemeinde,kreisangehörige Gemeinde,08425134,08425134,3065,3067,STATISTIKPORTAL_INTEGRATED_2023_T1,STATISTIKPORTAL_INTEGRATED_2024_T1,matching_original_identifier_and_class,not_certified_requires_population_and_entity_scope_audit,different_fiscal_unit_classes_cannot_be_summed,1431652.04,1537157.89,467.10,501.19,244700.00,244706.00,0.00,0.00,1186952.04,1292451.89
084255007139,08,municipality,Gemeinde Heroldstatt,Gemeinde Heroldstatt,kreisangehörige Gemeinde,kreisangehörige Gemeinde,08425139,08425139,2979,2910,STATISTIKPORTAL_INTEGRATED_2023_T1,STATISTIKPORTAL_INTEGRATED_2024_T1,matching_original_identifier_and_class,not_certified_requires_population_and_entity_scope_audit,different_fiscal_unit_classes_cannot_be_summed,1063106.99,5487598.12,356.87,1885.77,0.00,0.00,0.00,0.00,1063106.99,5487598.12
084255008005,08,municipality,Gemeinde Altheim (Alb),Gemeinde Altheim (Alb),kreisangehörige Gemeinde,kreisangehörige Gemeinde,08425005,08425005,1728,1737,STATISTIKPORTAL_INTEGRATED_2023_T1,STATISTIKPORTAL_INTEGRATED_2024_T1,matching_original_identifier_and_class,not_certified_requires_population_and_entity_scope_audit,different_fiscal_unit_classes_cannot_be_summed,2256437.98,2108325.18,1305.81,1213.77,2197500.00,2057500.00,0.00,0.00,58937.98,50825.18
084255008011,08,municipality,Gemeinde Asselfingen,Gemeinde Asselfingen,kreisangehörige Gemeinde,kreisangehörige Gemeinde,08425011,08425011,1036,1031,STATISTIKPORTAL_INTEGRATED_2023_T1,STATISTIKPORTAL_INTEGRATED_2024_T1,matching_original_identifier_and_class,not_certified_requires_population_and_entity_scope_audit,different_fiscal_unit_classes_cannot_be_summed,75422.02,79384.66,72.80,77.00,0.00,0.00,0.00,0.00,75422.02,79384.66
084255008013,08,municipality,Gemeinde Ballendorf,Gemeinde Ballendorf,kreisangehörige Gemeinde,kreisangehörige Gemeinde,08425013,08425013,689,695,STATISTIKPORTAL_INTEGRATED_2023_T1,STATISTIKPORTAL_INTEGRATED_2024_T1,matching_original_identifier_and_class,not_certified_requires_population_and_entity_scope_audit,different_fiscal_unit_classes_cannot_be_summed,29468.99,25412.60,42.77,36.56,0.00,0.00,0.00,0.00,29468.99,25412.60
084255008019,08,municipality,Gemeinde Bernstadt,Gemeinde Bernstadt,kreisangehörige Gemeinde,kreisangehörige Gemeinde,08425019,08425019,2318,2306,STATISTIKPORTAL_INTEGRATED_2023_T1,STATISTIKPORTAL_INTEGRATED_2024_T1,matching_original_identifier_and_class,not_certified_requires_population_and_entity_scope_audit,different_fiscal_unit_classes_cannot_be_summed,3864345.93,3709617.17,1667.10,1608.68,3095000.00,2887500.00,0.00,0.00,769345.93,822117.17
084255008022,08,municipality,Gemeinde Börslingen,Gemeinde Börslingen,kreisangehörige Gemeinde,kreisangehörige Gemeinde,08425022,08425022,187,171,STATISTIKPORTAL_INTEGRATED_2023_T1,STATISTIKPORTAL_INTEGRATED_2024_T1,matching_original_identifier_and_class,not_certified_requires_population_and_entity_scope_audit,different_fiscal_unit_classes_cannot_be_summed,29468.99,279412.60,157.59,1633.99,0.00,254000.00,0.00,0.00,29468.99,25412.60
084255008024,08,municipality,Gemeinde Breitingen,Gemeinde Breitingen,kreisangehörige Gemeinde,kreisangehörige Gemeinde,08425024,08425024,358,350,STATISTIKPORTAL_INTEGRATED_2023_T1,STATISTIKPORTAL_INTEGRATED_2024_T1,matching_original_identifier_and_class,not_certified_requires_population_and_entity_scope_audit,different_fiscal_unit_classes_cannot_be_summed,844970.93,870242.17,2360.25,2486.41,75625.00,48125.00,0.00,0.00,769345.93,822117.17
084255008062,08,municipality,Gemeinde Holzkirch,Gemeinde Holzkirch,kreisangehörige Gemeinde,kreisangehörige Gemeinde,08425062,08425062,275,282,STATISTIKPORTAL_INTEGRATED_2023_T1,STATISTIKPORTAL_INTEGRATED_2024_T1,matching_original_identifier_and_class,not_certified_requires_population_and_entity_scope_audit,different_fiscal_unit_classes_cannot_be_summed,99468.99,90412.60,361.71,320.61,70000.00,65000.00,0.00,0.00,29468.99,25412.60
084255008072,08,municipality,Stadt Langenau,Stadt Langenau,kreisangehörige Gemeinde,kreisangehörige Gemeinde,08425072,08425072,15705,15300,STATISTIKPORTAL_INTEGRATED_2023_T1,STATISTIKPORTAL_INTEGRATED_2024_T1,matching_original_identifier_and_class,not_certified_requires_population_and_entity_scope_audit,different_fiscal_unit_classes_cannot_be_summed,7515997.78,7664745.11,478.57,500.96,3506811.00,3061912.00,634.57,18.64,4008552.21,4602814.47
084255008083,08,municipality,Gemeinde Neenstetten,Gemeinde Neenstetten,kreisangehörige Gemeinde,kreisangehörige Gemeinde,08425083,08425083,838,826,STATISTIKPORTAL_INTEGRATED_2023_T1,STATISTIKPORTAL_INTEGRATED_2024_T1,matching_original_identifier_and_class,not_certified_requires_population_and_entity_scope_audit,different_fiscal_unit_classes_cannot_be_summed,29468.99,25412.60,35.17,30.77,0.00,0.00,0.00,0.00,29468.99,25412.60
084255008085,08,municipality,Gemeinde Nerenstetten,Gemeinde Nerenstetten,kreisangehörige Gemeinde,kreisangehörige Gemeinde,08425085,08425085,366,379,STATISTIKPORTAL_INTEGRATED_2023_T1,STATISTIKPORTAL_INTEGRATED_2024_T1,matching_original_identifier_and_class,not_certified_requires_population_and_entity_scope_audit,different_fiscal_unit_classes_cannot_be_summed,219260.28,124140.86,599.07,327.55,202500.00,106500.00,0.00,0.00,16760.28,17640.86
084255008092,08,municipality,Gemeinde Öllingen,Gemeinde Öllingen,kreisangehörige Gemeinde,kreisangehörige Gemeinde,08425092,08425092,564,547,STATISTIKPORTAL_INTEGRATED_2023_T1,STATISTIKPORTAL_INTEGRATED_2024_T1,matching_original_identifier_and_class,not_certified_requires_population_and_entity_scope_audit,different_fiscal_unit_classes_cannot_be_summed,256760.28,242640.86,455.25,443.58,240000.00,225000.00,0.00,0.00,16760.28,17640.86
084255008097,08,municipality,Gemeinde Rammingen,Gemeinde Rammingen,kreisangehörige Gemeinde,kreisangehörige Gemeinde,08425097,08425097,1355,1274,STATISTIKPORTAL_INTEGRATED_2023_T1,STATISTIKPORTAL_INTEGRATED_2024_T1,matching_original_identifier_and_class,not_certified_requires_population_and_entity_scope_audit,different_fiscal_unit_classes_cannot_be_summed,25141.18,26462.08,18.55,20.77,0.00,0.00,0.00,0.00,25141.18,26462.08
084255008112,08,municipality,Gemeinde Setzingen,Gemeinde Setzingen,kreisangehörige Gemeinde,kreisangehörige Gemeinde,08425112,08425112,745,759,STATISTIKPORTAL_INTEGRATED_2023_T1,STATISTIKPORTAL_INTEGRATED_2024_T1,matching_original_identifier_and_class,not_certified_requires_population_and_entity_scope_audit,different_fiscal_unit_classes_cannot_be_summed,866760.28,817640.86,1163.44,1077.26,850000.00,800000.00,0.00,0.00,16760.28,17640.86
084255008130,08,municipality,Gemeinde Weidenstetten,Gemeinde Weidenstetten,kreisangehörige Gemeinde,kreisangehörige Gemeinde,08425130,08425130,1423,1416,STATISTIKPORTAL_INTEGRATED_2023_T1,STATISTIKPORTAL_INTEGRATED_2024_T1,matching_original_identifier_and_class,not_certified_requires_population_and_entity_scope_audit,different_fiscal_unit_classes_cannot_be_summed,58937.98,50825.18,41.42,35.89,0.00,0.00,0.00,0.00,58937.98,50825.18
084255009008,08,municipality,Gemeinde Amstetten,Gemeinde Amstetten,kreisangehörige Gemeinde,kreisangehörige Gemeinde,08425008,08425008,4170,4205,STATISTIKPORTAL_INTEGRATED_2023_T1,STATISTIKPORTAL_INTEGRATED_2024_T1,matching_original_identifier_and_class,not_certified_requires_population_and_entity_scope_audit,different_fiscal_unit_classes_cannot_be_summed,6594455.37,5037365.76,1581.40,1197.95,2790741.00,2582241.00,2515138.01,0.00,1288576.36,2455124.76
084255009075,08,municipality,Gemeinde Lonsee,Gemeinde Lonsee,kreisangehörige Gemeinde,kreisangehörige Gemeinde,08425075,08425075,5183,5156,STATISTIKPORTAL_INTEGRATED_2023_T1,STATISTIKPORTAL_INTEGRATED_2024_T1,matching_original_identifier_and_class,not_certified_requires_population_and_entity_scope_audit,different_fiscal_unit_classes_cannot_be_summed,7226848.85,7824199.30,1394.34,1517.49,1229961.00,3173362.00,2687058.84,0.00,3309829.01,4650837.30
084255010035,08,municipality,Gemeinde Emeringen,Gemeinde Emeringen,kreisangehörige Gemeinde,kreisangehörige Gemeinde,08425035,08425035,168,176,STATISTIKPORTAL_INTEGRATED_2023_T1,STATISTIKPORTAL_INTEGRATED_2024_T1,matching_original_identifier_and_class,not_certified_requires_population_and_entity_scope_audit,different_fiscal_unit_classes_cannot_be_summed,331923.76,382705.49,1975.74,2174.46,320250.00,313750.00,8623.25,66243.38,3050.51,2712.11
084255010036,08,municipality,Gemeinde Emerkingen,Gemeinde Emerkingen,kreisangehörige Gemeinde,kreisangehörige Gemeinde,08425036,08425036,865,811,STATISTIKPORTAL_INTEGRATED_2023_T1,STATISTIKPORTAL_INTEGRATED_2024_T1,matching_original_identifier_and_class,not_certified_requires_population_and_entity_scope_audit,different_fiscal_unit_classes_cannot_be_summed,206385.36,405672.51,238.60,500.21,169938.00,138938.00,27260.35,258566.63,9187.01,8167.88
084255010052,08,municipality,Gemeinde Grundsheim,Gemeinde Grundsheim,kreisangehörige Gemeinde,kreisangehörige Gemeinde,08425052,08425052,211,202,STATISTIKPORTAL_INTEGRATED_2023_T1,STATISTIKPORTAL_INTEGRATED_2024_T1,matching_original_identifier_and_class,not_certified_requires_population_and_entity_scope_audit,different_fiscal_unit_classes_cannot_be_summed,247744.38,302331.51,1174.14,1496.69,233125.00,230625.00,14619.38,71706.51,0.00,0.00
084255010055,08,municipality,Gemeinde Hausen am Bussen,Gemeinde Hausen am Bussen,kreisangehörige Gemeinde,kreisangehörige Gemeinde,08425055,08425055,271,279,STATISTIKPORTAL_INTEGRATED_2023_T1,STATISTIKPORTAL_INTEGRATED_2024_T1,matching_original_identifier_and_class,not_certified_requires_population_and_entity_scope_audit,different_fiscal_unit_classes_cannot_be_summed,365039.76,396555.49,1347.01,1421.35,353366.00,327600.00,8623.25,66243.38,3050.51,2712.11
084255010073,08,municipality,Gemeinde Lauterach,Gemeinde Lauterach,kreisangehörige Gemeinde,kreisangehörige Gemeinde,08425073,08425073,629,579,STATISTIKPORTAL_INTEGRATED_2023_T1,STATISTIKPORTAL_INTEGRATED_2024_T1,matching_original_identifier_and_class,not_certified_requires_population_and_entity_scope_audit,different_fiscal_unit_classes_cannot_be_summed,973723.76,1169563.49,1548.05,2019.97,944848.00,909556.00,25825.25,257295.38,3050.51,2712.11
084255010081,08,municipality,Stadt Munderkingen,Stadt Munderkingen,kreisangehörige Gemeinde,kreisangehörige Gemeinde,08425081,08425081,5375,5360,STATISTIKPORTAL_INTEGRATED_2023_T1,STATISTIKPORTAL_INTEGRATED_2024_T1,matching_original_identifier_and_class,not_certified_requires_population_and_entity_scope_audit,different_fiscal_unit_classes_cannot_be_summed,10329933.55,14994209.47,1921.85,2797.43,5896531.00,8290838.00,249433.55,2622785.63,4183969.00,4080585.84
084255010090,08,municipality,Gemeinde Obermarchtal,Gemeinde Obermarchtal,kreisangehörige Gemeinde,kreisangehörige Gemeinde,08425090,08425090,1321,1323,STATISTIKPORTAL_INTEGRATED_2023_T1,STATISTIKPORTAL_INTEGRATED_2024_T1,matching_original_identifier_and_class,not_certified_requires_population_and_entity_scope_audit,different_fiscal_unit_classes_cannot_be_summed,399021.93,818829.00,302.06,618.92,332119.00,291158.00,51597.15,514063.13,15305.78,13607.87
084255010091,08,municipality,Gemeinde Oberstadion,Gemeinde Oberstadion,kreisangehörige Gemeinde,kreisangehörige Gemeinde,08425091,08425091,1622,1577,STATISTIKPORTAL_INTEGRATED_2023_T1,STATISTIKPORTAL_INTEGRATED_2024_T1,matching_original_identifier_and_class,not_certified_requires_population_and_entity_scope_audit,different_fiscal_unit_classes_cannot_be_summed,2309362.65,4198015.63,1423.77,2662.03,2228047.00,3598416.00,81315.65,599599.63,0.00,0.00
084255010098,08,municipality,Gemeinde Rechtenstein,Gemeinde Rechtenstein,kreisangehörige Gemeinde,kreisangehörige Gemeinde,08425098,08425098,303,290,STATISTIKPORTAL_INTEGRATED_2023_T1,STATISTIKPORTAL_INTEGRATED_2024_T1,matching_original_identifier_and_class,not_certified_requires_population_and_entity_scope_audit,different_fiscal_unit_classes_cannot_be_summed,353407.76,440639.49,1166.36,1519.45,336000.00,308000.00,14357.25,129927.38,3050.51,2712.11
084255010104,08,municipality,Gemeinde Rottenacker,Gemeinde Rottenacker,kreisangehörige Gemeinde,kreisangehörige Gemeinde,08425104,08425104,2258,2238,STATISTIKPORTAL_INTEGRATED_2023_T1,STATISTIKPORTAL_INTEGRATED_2024_T1,matching_original_identifier_and_class,not_certified_requires_population_and_entity_scope_audit,different_fiscal_unit_classes_cannot_be_summed,1159423.55,1146300.53,513.47,512.20,1000000.00,1000000.00,7213.60,6390.00,152209.95,139910.53
084255010123,08,municipality,Gemeinde Untermarchtal,Gemeinde Untermarchtal,kreisangehörige Gemeinde,kreisangehörige Gemeinde,08425123,08425123,867,860,STATISTIKPORTAL_INTEGRATED_2023_T1,STATISTIKPORTAL_INTEGRATED_2024_T1,matching_original_identifier_and_class,not_certified_requires_population_and_entity_scope_audit,different_fiscal_unit_classes_cannot_be_summed,71665.88,403714.62,82.66,469.44,20700.00,6900.00,38728.35,385934.63,12237.53,10879.99
084255010124,08,municipality,Gemeinde Unterstadion,Gemeinde Unterstadion,kreisangehörige Gemeinde,kreisangehörige Gemeinde,08425124,08425124,834,856,STATISTIKPORTAL_INTEGRATED_2023_T1,STATISTIKPORTAL_INTEGRATED_2024_T1,matching_original_identifier_and_class,not_certified_requires_population_and_entity_scope_audit,different_fiscal_unit_classes_cannot_be_summed,586254.54,771761.32,702.94,901.59,550000.00,505000.00,36254.54,266761.32,0.00,0.00
084255010125,08,municipality,Gemeinde Unterwachingen,Gemeinde Unterwachingen,kreisangehörige Gemeinde,kreisangehörige Gemeinde,08425125,08425125,198,192,STATISTIKPORTAL_INTEGRATED_2023_T1,STATISTIKPORTAL_INTEGRATED_2024_T1,matching_original_identifier_and_class,not_certified_requires_population_and_entity_scope_audit,different_fiscal_unit_classes_cannot_be_summed,277673.76,329455.49,1402.39,1715.91,266000.00,260500.00,8623.25,66243.38,3050.51,2712.11
08426,08,county_administration,Landratsamt Biberach,Landratsamt Biberach,Landkreis,Landkreis,,,207342,207290,STATISTIKPORTAL_INTEGRATED_2023_T1,STATISTIKPORTAL_INTEGRATED_2024_T1,matching_original_identifier_and_class,not_certified_requires_population_and_entity_scope_audit,different_fiscal_unit_classes_cannot_be_summed,696692174.04,612223867.44,3360.11,2953.47,0.00,0.00,43093426.82,50317397.59,653598747.22,561906469.85
084260134134,08,municipality,Gemeinde Schemmerhofen,Gemeinde Schemmerhofen,kreisangehörige Gemeinde,kreisangehörige Gemeinde,08426134,08426134,8723,8760,STATISTIKPORTAL_INTEGRATED_2023_T1,STATISTIKPORTAL_INTEGRATED_2024_T1,matching_original_identifier_and_class,not_certified_requires_population_and_entity_scope_audit,different_fiscal_unit_classes_cannot_be_summed,2230071.39,2250443.66,255.65,256.90,746854.00,710890.00,98722.21,91489.78,1384495.18,1448063.88
084265001005,08,municipality,Gemeinde Alleshausen,Gemeinde Alleshausen,kreisangehörige Gemeinde,kreisangehörige Gemeinde,08426005,08426005,548,537,STATISTIKPORTAL_INTEGRATED_2023_T1,STATISTIKPORTAL_INTEGRATED_2024_T1,matching_original_identifier_and_class,not_certified_requires_population_and_entity_scope_audit,different_fiscal_unit_classes_cannot_be_summed,938659.79,926169.40,1712.88,1724.71,920000.00,906470.00,10954.29,10151.78,7705.50,9547.62
084265001006,08,municipality,Gemeinde Allmannsweiler,Gemeinde Allmannsweiler,kreisangehörige Gemeinde,kreisangehörige Gemeinde,08426006,08426006,337,328,STATISTIKPORTAL_INTEGRATED_2023_T1,STATISTIKPORTAL_INTEGRATED_2024_T1,matching_original_identifier_and_class,not_certified_requires_population_and_entity_scope_audit,different_fiscal_unit_classes_cannot_be_summed,18659.79,253366.40,55.37,772.46,0.00,233667.00,10954.29,10151.78,7705.50,9547.62
084265001013,08,municipality,Stadt Bad Buchau,Stadt Bad Buchau,kreisangehörige Gemeinde,kreisangehörige Gemeinde,08426013,08426013,4648,4697,STATISTIKPORTAL_INTEGRATED_2023_T1,STATISTIKPORTAL_INTEGRATED_2024_T1,matching_original_identifier_and_class,not_certified_requires_population_and_entity_scope_audit,different_fiscal_unit_classes_cannot_be_summed,1392916.67,2038340.37,299.68,433.97,0.00,0.00,62859.72,57507.41,1330056.95,1980832.96
084265001020,08,municipality,Gemeinde Betzenweiler,Gemeinde Betzenweiler,kreisangehörige Gemeinde,kreisangehörige Gemeinde,08426020,08426020,761,743,STATISTIKPORTAL_INTEGRATED_2023_T1,STATISTIKPORTAL_INTEGRATED_2024_T1,matching_original_identifier_and_class,not_certified_requires_population_and_entity_scope_audit,different_fiscal_unit_classes_cannot_be_summed,35239.84,40243.19,46.31,54.16,0.00,0.00,10954.29,10151.78,24285.55,30091.41
084265001036,08,municipality,Gemeinde Dürnau (LKR Biberach),Gemeinde Dürnau (LKR Biberach),kreisangehörige Gemeinde,kreisangehörige Gemeinde,08426036,08426036,470,475,STATISTIKPORTAL_INTEGRATED_2023_T1,STATISTIKPORTAL_INTEGRATED_2024_T1,matching_original_identifier_and_class,not_certified_requires_population_and_entity_scope_audit,different_fiscal_unit_classes_cannot_be_summed,18659.79,19699.40,39.70,41.47,0.00,0.00,10954.29,10151.78,7705.50,9547.62
084265001064,08,municipality,Gemeinde Kanzach,Gemeinde Kanzach,kreisangehörige Gemeinde,kreisangehörige Gemeinde,08426064,08426064,512,509,STATISTIKPORTAL_INTEGRATED_2023_T1,STATISTIKPORTAL_INTEGRATED_2024_T1,matching_original_identifier_and_class,not_certified_requires_population_and_entity_scope_audit,different_fiscal_unit_classes_cannot_be_summed,62086.19,111384.82,121.26,218.83,0.00,0.00,10954.29,10151.78,51131.90,101233.04
084265001078,08,municipality,Gemeinde Moosburg,Gemeinde Moosburg,kreisangehörige Gemeinde,kreisangehörige Gemeinde,08426078,08426078,217,231,STATISTIKPORTAL_INTEGRATED_2023_T1,STATISTIKPORTAL_INTEGRATED_2024_T1,matching_original_identifier_and_class,not_certified_requires_population_and_entity_scope_audit,different_fiscal_unit_classes_cannot_be_summed,298662.79,85324.40,1376.33,369.37,280003.00,65625.00,10954.29,10151.78,7705.50,9547.62
084265001090,08,municipality,Gemeinde Oggelshausen,Gemeinde Oggelshausen,kreisangehörige Gemeinde,kreisangehörige Gemeinde,08426090,08426090,979,900,STATISTIKPORTAL_INTEGRATED_2023_T1,STATISTIKPORTAL_INTEGRATED_2024_T1,matching_original_identifier_and_class,not_certified_requires_population_and_entity_scope_audit,different_fiscal_unit_classes_cannot_be_summed,18659.79,19699.40,19.06,21.89,0.00,0.00,10954.29,10151.78,7705.50,9547.62
084265001109,08,municipality,Gemeinde Seekirch,Gemeinde Seekirch,kreisangehörige Gemeinde,kreisangehörige Gemeinde,08426109,08426109,297,290,STATISTIKPORTAL_INTEGRATED_2023_T1,STATISTIKPORTAL_INTEGRATED_2024_T1,matching_original_identifier_and_class,not_certified_requires_population_and_entity_scope_audit,different_fiscal_unit_classes_cannot_be_summed,418659.79,419699.40,1409.63,1447.24,400000.00,400000.00,10954.29,10151.78,7705.50,9547.62
084265001118,08,municipality,Gemeinde Tiefenbach,Gemeinde Tiefenbach,kreisangehörige Gemeinde,kreisangehörige Gemeinde,08426118,08426118,539,536,STATISTIKPORTAL_INTEGRATED_2023_T1,STATISTIKPORTAL_INTEGRATED_2024_T1,matching_original_identifier_and_class,not_certified_requires_population_and_entity_scope_audit,different_fiscal_unit_classes_cannot_be_summed,58659.79,49699.40,108.83,92.72,40000.00,30000.00,10954.29,10151.78,7705.50,9547.62
084265002014,08,municipality,Stadt Bad Schussenried,Stadt Bad Schussenried,kreisangehörige Gemeinde,kreisangehörige Gemeinde,08426014,08426014,9187,8973,STATISTIKPORTAL_INTEGRATED_2023_T1,STATISTIKPORTAL_INTEGRATED_2024_T1,matching_original_identifier_and_class,not_certified_requires_population_and_entity_scope_audit,different_fiscal_unit_classes_cannot_be_summed,16555327.42,19831278.39,1802.04,2210.11,8391691.00,10630469.00,98722.21,91489.78,8064914.21,9109319.61
084265002062,08,municipality,Gemeinde Ingoldingen,Gemeinde Ingoldingen,kreisangehörige Gemeinde,kreisangehörige Gemeinde,08426062,08426062,3169,3159,STATISTIKPORTAL_INTEGRATED_2023_T1,STATISTIKPORTAL_INTEGRATED_2024_T1,matching_original_identifier_and_class,not_certified_requires_population_and_entity_scope_audit,different_fiscal_unit_classes_cannot_be_summed,3216994.36,3050506.60,1015.14,965.66,3145000.00,2975000.00,43861.70,40648.37,28132.66,34858.23
084265003011,08,municipality,Gemeinde Attenweiler,Gemeinde Attenweiler,kreisangehörige Gemeinde,kreisangehörige Gemeinde,08426011,08426011,1957,1884,STATISTIKPORTAL_INTEGRATED_2023_T1,STATISTIKPORTAL_INTEGRATED_2024_T1,matching_original_identifier_and_class,not_certified_requires_population_and_entity_scope_audit,different_fiscal_unit_classes_cannot_be_summed,746595.04,705594.42,381.50,374.52,662302.00,610956.00,30947.30,28539.51,53345.74,66098.91
084265003021,08,municipality,Große Kreisstadt Biberach an der Riß,Große Kreisstadt Biberach an der Riß,kreisangehörige Gemeinde,kreisangehörige Gemeinde,08426021,08426021,34142,34515,STATISTIKPORTAL_INTEGRATED_2023_T1,STATISTIKPORTAL_INTEGRATED_2024_T1,matching_original_identifier_and_class,not_certified_requires_population_and_entity_scope_audit,different_fiscal_unit_classes_cannot_be_summed,34993279.41,32150808.17,1024.93,931.50,0.00,0.00,377575.46,349626.37,34615703.95,31801181.80
084265003038,08,municipality,Gemeinde Eberhardzell,Gemeinde Eberhardzell,kreisangehörige Gemeinde,kreisangehörige Gemeinde,08426038,08426038,4616,4557,STATISTIKPORTAL_INTEGRATED_2023_T1,STATISTIKPORTAL_INTEGRATED_2024_T1,matching_original_identifier_and_class,not_certified_requires_population_and_entity_scope_audit,different_fiscal_unit_classes_cannot_be_summed,1870522.19,1877295.93,405.23,411.96,0.00,0.00,59583.63,54872.96,1810938.56,1822422.97
084265003058,08,municipality,Gemeinde Hochdorf (LKR Biberach),Gemeinde Hochdorf (LKR Biberach),kreisangehörige Gemeinde,kreisangehörige Gemeinde,08426058,08426058,2426,2386,STATISTIKPORTAL_INTEGRATED_2023_T1,STATISTIKPORTAL_INTEGRATED_2024_T1,matching_original_identifier_and_class,not_certified_requires_population_and_entity_scope_audit,different_fiscal_unit_classes_cannot_be_summed,2574125.97,2151337.20,1061.06,901.65,2513130.00,2086037.00,32907.40,30496.59,28088.57,34803.61
084265003071,08,municipality,Gemeinde Maselheim,Gemeinde Maselheim,kreisangehörige Gemeinde,kreisangehörige Gemeinde,08426071,08426071,4779,4768,STATISTIKPORTAL_INTEGRATED_2023_T1,STATISTIKPORTAL_INTEGRATED_2024_T1,matching_original_identifier_and_class,not_certified_requires_population_and_entity_scope_audit,different_fiscal_unit_classes_cannot_be_summed,1639421.11,1539937.20,343.05,322.97,640463.00,469883.00,66847.01,60310.68,932111.10,1009743.52
084265003074,08,municipality,Gemeinde Mittelbiberach,Gemeinde Mittelbiberach,kreisangehörige Gemeinde,kreisangehörige Gemeinde,08426074,08426074,4441,4463,STATISTIKPORTAL_INTEGRATED_2023_T1,STATISTIKPORTAL_INTEGRATED_2024_T1,matching_original_identifier_and_class,not_certified_requires_population_and_entity_scope_audit,different_fiscal_unit_classes_cannot_be_summed,103298.98,110859.87,23.26,24.84,0.00,0.00,54860.52,50841.41,48438.46,60018.46
084265003120,08,municipality,Gemeinde Ummendorf,Gemeinde Ummendorf,kreisangehörige Gemeinde,kreisangehörige Gemeinde,08426120,08426120,4500,4503,STATISTIKPORTAL_INTEGRATED_2023_T1,STATISTIKPORTAL_INTEGRATED_2024_T1,matching_original_identifier_and_class,not_certified_requires_population_and_entity_scope_audit,different_fiscal_unit_classes_cannot_be_summed,149525.69,146843.87,33.23,32.61,40566.00,28970.00,54860.52,50841.41,54099.17,67032.46
084265003128,08,municipality,Gemeinde Warthausen,Gemeinde Warthausen,kreisangehörige Gemeinde,kreisangehörige Gemeinde,08426128,08426128,5332,5282,STATISTIKPORTAL_INTEGRATED_2023_T1,STATISTIKPORTAL_INTEGRATED_2024_T1,matching_original_identifier_and_class,not_certified_requires_population_and_entity_scope_audit,different_fiscal_unit_classes_cannot_be_summed,3721566.48,3442910.90,697.97,651.82,2699349.00,2343252.00,68214.17,62789.47,954003.31,1036869.43
084265004019,08,municipality,Gemeinde Berkheim,Gemeinde Berkheim,kreisangehörige Gemeinde,kreisangehörige Gemeinde,08426019,08426019,3209,3243,STATISTIKPORTAL_INTEGRATED_2023_T1,STATISTIKPORTAL_INTEGRATED_2024_T1,matching_original_identifier_and_class,not_certified_requires_population_and_entity_scope_audit,different_fiscal_unit_classes_cannot_be_summed,4281295.76,3959025.58,1334.15,1220.79,515780.00,478936.00,1563818.76,1497924.58,2201697.00,1982165.00
084265004031,08,municipality,Gemeinde Dettingen an der Iller,Gemeinde Dettingen an der Iller,kreisangehörige Gemeinde,kreisangehörige Gemeinde,08426031,08426031,2743,2790,STATISTIKPORTAL_INTEGRATED_2023_T1,STATISTIKPORTAL_INTEGRATED_2024_T1,matching_original_identifier_and_class,not_certified_requires_population_and_entity_scope_audit,different_fiscal_unit_classes_cannot_be_summed,64721.63,88795.59,23.60,31.83,0.00,0.00,32907.40,30496.59,31814.23,58299.00
084265004044,08,municipality,Gemeinde Erolzheim,Gemeinde Erolzheim,kreisangehörige Gemeinde,kreisangehörige Gemeinde,08426044,08426044,3389,3364,STATISTIKPORTAL_INTEGRATED_2023_T1,STATISTIKPORTAL_INTEGRATED_2024_T1,matching_original_identifier_and_class,not_certified_requires_population_and_entity_scope_audit,different_fiscal_unit_classes_cannot_be_summed,5348158.36,5441847.74,1578.09,1617.67,1838606.00,1790320.00,1574773.06,1508076.36,1934779.30,2143451.38
084265004065,08,municipality,Gemeinde Kirchberg an der Iller,Gemeinde Kirchberg an der Iller,kreisangehörige Gemeinde,kreisangehörige Gemeinde,08426065,08426065,2192,2204,STATISTIKPORTAL_INTEGRATED_2023_T1,STATISTIKPORTAL_INTEGRATED_2024_T1,matching_original_identifier_and_class,not_certified_requires_population_and_entity_scope_audit,different_fiscal_unit_classes_cannot_be_summed,1936975.80,1777642.81,883.66,806.55,1890233.00,1719806.00,32907.40,30496.59,13835.40,27340.22
084265004066,08,municipality,Gemeinde Kirchdorf an der Iller,Gemeinde Kirchdorf an der Iller,kreisangehörige Gemeinde,kreisangehörige Gemeinde,08426066,08426066,4053,4032,STATISTIKPORTAL_INTEGRATED_2023_T1,STATISTIKPORTAL_INTEGRATED_2024_T1,matching_original_identifier_and_class,not_certified_requires_population_and_entity_scope_audit,different_fiscal_unit_classes_cannot_be_summed,1574818.99,1508120.39,388.56,374.04,0.00,0.00,1574818.99,1508120.39,0.00,0.00
084265005001,08,municipality,Gemeinde Achstetten,Gemeinde Achstetten,kreisangehörige Gemeinde,kreisangehörige Gemeinde,08426001,08426001,5167,5063,STATISTIKPORTAL_INTEGRATED_2023_T1,STATISTIKPORTAL_INTEGRATED_2024_T1,matching_original_identifier_and_class,not_certified_requires_population_and_entity_scope_audit,different_fiscal_unit_classes_cannot_be_summed,379636.42,351891.69,73.47,69.50,270000.00,235000.00,59583.63,54872.96,50052.79,62018.73
084265005028,08,municipality,Gemeinde Burgrieden,Gemeinde Burgrieden,kreisangehörige Gemeinde,kreisangehörige Gemeinde,08426028,08426028,4243,4255,STATISTIKPORTAL_INTEGRATED_2023_T1,STATISTIKPORTAL_INTEGRATED_2024_T1,matching_original_identifier_and_class,not_certified_requires_population_and_entity_scope_audit,different_fiscal_unit_classes_cannot_be_summed,610401.23,897063.23,143.86,210.83,24000.00,0.00,54860.52,50841.41,531540.71,846221.82
084265005070,08,municipality,Große Kreisstadt Laupheim,Große Kreisstadt Laupheim,kreisangehörige Gemeinde,kreisangehörige Gemeinde,08426070,08426070,23011,22967,STATISTIKPORTAL_INTEGRATED_2023_T1,STATISTIKPORTAL_INTEGRATED_2024_T1,matching_original_identifier_and_class,not_certified_requires_population_and_entity_scope_audit,different_fiscal_unit_classes_cannot_be_summed,25206030.31,26095596.81,1095.39,1136.22,2136459.00,1895506.00,256944.66,237774.83,22812626.65,23962315.98
084265005073,08,municipality,Gemeinde Mietingen,Gemeinde Mietingen,kreisangehörige Gemeinde,kreisangehörige Gemeinde,08426073,08426073,4640,4722,STATISTIKPORTAL_INTEGRATED_2023_T1,STATISTIKPORTAL_INTEGRATED_2024_T1,matching_original_identifier_and_class,not_certified_requires_population_and_entity_scope_audit,different_fiscal_unit_classes_cannot_be_summed,1601993.38,1025588.07,345.26,217.19,1354862.00,794180.00,59583.63,54872.96,187547.75,176535.11
084265006043,08,municipality,Gemeinde Erlenmoos,Gemeinde Erlenmoos,kreisangehörige Gemeinde,kreisangehörige Gemeinde,08426043,08426043,1814,1785,STATISTIKPORTAL_INTEGRATED_2023_T1,STATISTIKPORTAL_INTEGRATED_2024_T1,matching_original_identifier_and_class,not_certified_requires_population_and_entity_scope_audit,different_fiscal_unit_classes_cannot_be_summed,2205291.42,2138795.80,1215.71,1198.20,2114692.00,2050936.00,26676.22,24376.37,63923.20,63483.43
084265006087,08,municipality,Stadt Ochsenhausen,Stadt Ochsenhausen,kreisangehörige Gemeinde,kreisangehörige Gemeinde,08426087,08426087,9275,9357,STATISTIKPORTAL_INTEGRATED_2023_T1,STATISTIKPORTAL_INTEGRATED_2024_T1,matching_original_identifier_and_class,not_certified_requires_population_and_entity_scope_audit,different_fiscal_unit_classes_cannot_be_summed,2406736.71,4223220.16,259.49,451.34,478213.00,853962.00,118679.60,106927.06,1809844.11,3262331.10
084265006113,08,municipality,Gemeinde Steinhausen an der Rottum,Gemeinde Steinhausen an der Rottum,kreisangehörige Gemeinde,kreisangehörige Gemeinde,08426113,08426113,2176,2194,STATISTIKPORTAL_INTEGRATED_2023_T1,STATISTIKPORTAL_INTEGRATED_2024_T1,matching_original_identifier_and_class,not_certified_requires_population_and_entity_scope_audit,different_fiscal_unit_classes_cannot_be_summed,81777.03,2357142.88,37.58,1074.36,0.00,2277500.00,37630.51,34528.14,44146.52,45114.74
084265006135,08,municipality,Gemeinde Gutenzell-Hürbel,Gemeinde Gutenzell-Hürbel,kreisangehörige Gemeinde,kreisangehörige Gemeinde,08426135,08426135,1863,1811,STATISTIKPORTAL_INTEGRATED_2023_T1,STATISTIKPORTAL_INTEGRATED_2024_T1,matching_original_identifier_and_class,not_certified_requires_population_and_entity_scope_audit,different_fiscal_unit_classes_cannot_be_summed,1335118.02,1219310.95,716.65,673.28,1276335.00,1160438.00,26676.22,24376.37,32106.80,34496.58
084265007008,08,municipality,Gemeinde Altheim (LKR Biberach),Gemeinde Altheim (LKR Biberach),kreisangehörige Gemeinde,kreisangehörige Gemeinde,08426008,08426008,2134,2135,STATISTIKPORTAL_INTEGRATED_2023_T1,STATISTIKPORTAL_INTEGRATED_2024_T1,matching_original_identifier_and_class,not_certified_requires_population_and_entity_scope_audit,different_fiscal_unit_classes_cannot_be_summed,128143.05,123250.27,60.05,57.73,30263.00,24127.00,32907.40,30496.59,64972.65,68626.68
084265007035,08,municipality,Gemeinde Dürmentingen,Gemeinde Dürmentingen,kreisangehörige Gemeinde,kreisangehörige Gemeinde,08426035,08426035,2686,2661,STATISTIKPORTAL_INTEGRATED_2023_T1,STATISTIKPORTAL_INTEGRATED_2024_T1,matching_original_identifier_and_class,not_certified_requires_population_and_entity_scope_audit,different_fiscal_unit_classes_cannot_be_summed,4202430.08,3508684.16,1564.57,1318.56,4096260.00,3399289.00,32907.40,30496.59,73262.68,78898.57
084265007045,08,municipality,Gemeinde Ertingen,Gemeinde Ertingen,kreisangehörige Gemeinde,kreisangehörige Gemeinde,08426045,08426045,5430,5379,STATISTIKPORTAL_INTEGRATED_2023_T1,STATISTIKPORTAL_INTEGRATED_2024_T1,matching_original_identifier_and_class,not_certified_requires_population_and_entity_scope_audit,different_fiscal_unit_classes_cannot_be_summed,1843320.80,1688624.11,339.47,313.93,197250.00,170950.00,65814.81,60993.19,1580255.99,1456680.92
084265007067,08,municipality,Gemeinde Langenenslingen,Gemeinde Langenenslingen,kreisangehörige Gemeinde,kreisangehörige Gemeinde,08426067,08426067,3633,3679,STATISTIKPORTAL_INTEGRATED_2023_T1,STATISTIKPORTAL_INTEGRATED_2024_T1,matching_original_identifier_and_class,not_certified_requires_population_and_entity_scope_audit,different_fiscal_unit_classes_cannot_be_summed,1282031.78,1095726.44,352.89,297.83,1022305.00,843477.00,43861.70,40648.37,215865.08,211601.07
084265007097,08,municipality,Stadt Riedlingen,Stadt Riedlingen,kreisangehörige Gemeinde,kreisangehörige Gemeinde,08426097,08426097,11096,11169,STATISTIKPORTAL_INTEGRATED_2023_T1,STATISTIKPORTAL_INTEGRATED_2024_T1,matching_original_identifier_and_class,not_certified_requires_population_and_entity_scope_audit,different_fiscal_unit_classes_cannot_be_summed,12349324.57,11498339.18,1112.95,1029.49,2848472.00,2641344.00,120630.79,111793.33,9380221.78,8745201.85
084265007121,08,municipality,Gemeinde Unlingen,Gemeinde Unlingen,kreisangehörige Gemeinde,kreisangehörige Gemeinde,08426121,08426121,2418,2423,STATISTIKPORTAL_INTEGRATED_2023_T1,STATISTIKPORTAL_INTEGRATED_2024_T1,matching_original_identifier_and_class,not_certified_requires_population_and_entity_scope_audit,different_fiscal_unit_classes_cannot_be_summed,106170.08,1309395.16,43.91,540.40,0.00,1200000.00,32907.40,30496.59,73262.68,78898.57
084265007124,08,municipality,Gemeinde Uttenweiler,Gemeinde Uttenweiler,kreisangehörige Gemeinde,kreisangehörige Gemeinde,08426124,08426124,3699,3756,STATISTIKPORTAL_INTEGRATED_2023_T1,STATISTIKPORTAL_INTEGRATED_2024_T1,matching_original_identifier_and_class,not_certified_requires_population_and_entity_scope_audit,different_fiscal_unit_classes_cannot_be_summed,1278912.65,1171018.29,345.75,311.77,1157513.00,1046174.00,43861.70,40648.37,77537.95,84195.92
084265008100,08,municipality,Gemeinde Rot an der Rot,Gemeinde Rot an der Rot,kreisangehörige Gemeinde,kreisangehörige Gemeinde,08426100,08426100,4579,4528,STATISTIKPORTAL_INTEGRATED_2023_T1,STATISTIKPORTAL_INTEGRATED_2024_T1,matching_original_identifier_and_class,not_certified_requires_population_and_entity_scope_audit,different_fiscal_unit_classes_cannot_be_summed,5006359.18,4657031.48,1093.33,1028.50,1556700.00,1367566.00,54860.52,50841.41,3394798.66,3238624.07
084265008117,08,municipality,Gemeinde Tannheim,Gemeinde Tannheim,kreisangehörige Gemeinde,kreisangehörige Gemeinde,08426117,08426117,2535,2490,STATISTIKPORTAL_INTEGRATED_2023_T1,STATISTIKPORTAL_INTEGRATED_2024_T1,matching_original_identifier_and_class,not_certified_requires_population_and_entity_scope_audit,different_fiscal_unit_classes_cannot_be_summed,62909.51,67671.19,24.82,27.18,0.00,0.00,32907.40,30496.59,30002.11,37174.60
084265009108,08,municipality,Gemeinde Schwendi,Gemeinde Schwendi,kreisangehörige Gemeinde,kreisangehörige Gemeinde,08426108,08426108,7065,7128,STATISTIKPORTAL_INTEGRATED_2023_T1,STATISTIKPORTAL_INTEGRATED_2024_T1,matching_original_identifier_and_class,not_certified_requires_population_and_entity_scope_audit,different_fiscal_unit_classes_cannot_be_summed,6220841.27,6273787.53,880.52,880.16,3268603.00,2869919.00,81492.21,75176.51,2870746.06,3328692.02
084265009125,08,municipality,Gemeinde Wain,Gemeinde Wain,kreisangehörige Gemeinde,kreisangehörige Gemeinde,08426125,08426125,1712,1659,STATISTIKPORTAL_INTEGRATED_2023_T1,STATISTIKPORTAL_INTEGRATED_2024_T1,matching_original_identifier_and_class,not_certified_requires_population_and_entity_scope_audit,different_fiscal_unit_classes_cannot_be_summed,30953.83,31497.31,18.08,18.99,0.00,0.00,21953.11,20344.82,9000.72,11152.49
08435,08,county_administration,Landratsamt Bodenseekreis,Landratsamt Bodenseekreis,Landkreis,Landkreis,,,223768,221410,STATISTIKPORTAL_INTEGRATED_2023_T1,STATISTIKPORTAL_INTEGRATED_2024_T1,matching_original_identifier_and_class,not_certified_requires_population_and_entity_scope_audit,different_fiscal_unit_classes_cannot_be_summed,892707445.24,768195682.32,3989.43,3469.56,15277572.00,13714789.00,55553252.07,65966292.63,821876621.17,688514600.69
084350035035,08,municipality,Gemeinde Meckenbeuren,Gemeinde Meckenbeuren,kreisangehörige Gemeinde,kreisangehörige Gemeinde,08435035,08435035,13799,13785,STATISTIKPORTAL_INTEGRATED_2023_T1,STATISTIKPORTAL_INTEGRATED_2024_T1,matching_original_identifier_and_class,not_certified_requires_population_and_entity_scope_audit,different_fiscal_unit_classes_cannot_be_summed,23946089.64,24296083.75,1735.35,1762.50,9705856.00,9018988.00,4658640.65,0.00,9581592.99,15277095.75
084355001013,08,municipality,Gemeinde Eriskirch,Gemeinde Eriskirch,kreisangehörige Gemeinde,kreisangehörige Gemeinde,08435013,08435013,5007,4834,STATISTIKPORTAL_INTEGRATED_2023_T1,STATISTIKPORTAL_INTEGRATED_2024_T1,matching_original_identifier_and_class,not_certified_requires_population_and_entity_scope_audit,different_fiscal_unit_classes_cannot_be_summed,6483740.54,5872157.54,1294.94,1214.76,2314488.00,2287872.00,2329384.38,0.00,1839868.16,3584285.54
084355001029,08,municipality,Gemeinde Kressbronn am Bodensee,Gemeinde Kressbronn am Bodensee,kreisangehörige Gemeinde,kreisangehörige Gemeinde,08435029,08435029,8842,8828,STATISTIKPORTAL_INTEGRATED_2023_T1,STATISTIKPORTAL_INTEGRATED_2024_T1,matching_original_identifier_and_class,not_certified_requires_population_and_entity_scope_audit,different_fiscal_unit_classes_cannot_be_summed,4066670.00,3195667.50,459.93,361.99,1070330.00,894019.00,1474911.00,0.00,1521429.00,2301648.50
084355001030,08,municipality,Gemeinde Langenargen,Gemeinde Langenargen,kreisangehörige Gemeinde,kreisangehörige Gemeinde,08435030,08435030,7834,7567,STATISTIKPORTAL_INTEGRATED_2023_T1,STATISTIKPORTAL_INTEGRATED_2024_T1,matching_original_identifier_and_class,not_certified_requires_population_and_entity_scope_audit,different_fiscal_unit_classes_cannot_be_summed,5925809.09,7732556.07,756.42,1021.88,0.00,1966667.00,1594911.00,105000.00,4330898.09,5660889.07
084355002016,08,municipality,Große Kreisstadt Friedrichshafen,Große Kreisstadt Friedrichshafen,kreisangehörige Gemeinde,kreisangehörige Gemeinde,08435016,08435016,63118,62798,STATISTIKPORTAL_INTEGRATED_2023_T1,STATISTIKPORTAL_INTEGRATED_2024_T1,matching_original_identifier_and_class,not_certified_requires_population_and_entity_scope_audit,different_fiscal_unit_classes_cannot_be_summed,301903119.47,348888371.34,4783.15,5555.72,20372560.00,19269983.00,57750.00,47250.00,281472809.47,329571138.34
084355002024,08,municipality,Gemeinde Immenstaad am Bodensee,Gemeinde Immenstaad am Bodensee,kreisangehörige Gemeinde,kreisangehörige Gemeinde,08435024,08435024,6635,6476,STATISTIKPORTAL_INTEGRATED_2023_T1,STATISTIKPORTAL_INTEGRATED_2024_T1,matching_original_identifier_and_class,not_certified_requires_population_and_entity_scope_audit,different_fiscal_unit_classes_cannot_be_summed,12352812.04,12616084.90,1861.77,1948.13,201875.00,154375.00,302084.45,312974.35,11848852.59,12148735.55
084355003005,08,municipality,Gemeinde Bermatingen,Gemeinde Bermatingen,kreisangehörige Gemeinde,kreisangehörige Gemeinde,08435005,08435005,4257,4222,STATISTIKPORTAL_INTEGRATED_2023_T1,STATISTIKPORTAL_INTEGRATED_2024_T1,matching_original_identifier_and_class,not_certified_requires_population_and_entity_scope_audit,different_fiscal_unit_classes_cannot_be_summed,14476678.13,13972240.67,3400.68,3309.39,1793032.00,293087.00,302084.45,312974.35,12381561.68,13366179.32
084355003034,08,municipality,Stadt Markdorf,Stadt Markdorf,kreisangehörige Gemeinde,kreisangehörige Gemeinde,08435034,08435034,14409,14401,STATISTIKPORTAL_INTEGRATED_2023_T1,STATISTIKPORTAL_INTEGRATED_2024_T1,matching_original_identifier_and_class,not_certified_requires_population_and_entity_scope_audit,different_fiscal_unit_classes_cannot_be_summed,19639704.96,22163407.82,1363.02,1539.02,3639342.00,6412448.00,211247.87,218863.18,15789115.09,15532096.64
084355003045,08,municipality,Gemeinde Oberteuringen,Gemeinde Oberteuringen,kreisangehörige Gemeinde,kreisangehörige Gemeinde,08435045,08435045,5082,4999,STATISTIKPORTAL_INTEGRATED_2023_T1,STATISTIKPORTAL_INTEGRATED_2024_T1,matching_original_identifier_and_class,not_certified_requires_population_and_entity_scope_audit,different_fiscal_unit_classes_cannot_be_summed,9273502.84,7845449.58,1824.77,1569.40,5882138.00,3952598.00,253150.00,225250.00,3138214.84,3667601.58
084355003067,08,municipality,Gemeinde Deggenhausertal,Gemeinde Deggenhausertal,kreisangehörige Gemeinde,kreisangehörige Gemeinde,08435067,08435067,4416,4456,STATISTIKPORTAL_INTEGRATED_2023_T1,STATISTIKPORTAL_INTEGRATED_2024_T1,matching_original_identifier_and_class,not_certified_requires_population_and_entity_scope_audit,different_fiscal_unit_classes_cannot_be_summed,13033817.04,13365029.10,2951.50,2999.33,1350367.00,1284111.00,302084.45,312974.35,11381365.59,11767943.75
084355004010,08,municipality,Gemeinde Daisendorf,Gemeinde Daisendorf,kreisangehörige Gemeinde,kreisangehörige Gemeinde,08435010,08435010,1572,1514,STATISTIKPORTAL_INTEGRATED_2023_T1,STATISTIKPORTAL_INTEGRATED_2024_T1,matching_original_identifier_and_class,not_certified_requires_population_and_entity_scope_audit,different_fiscal_unit_classes_cannot_be_summed,9431071.74,9109389.97,5999.41,6016.77,75141.00,70369.00,349468.71,349528.54,9006462.03,8689492.43
084355004018,08,municipality,Gemeinde Hagnau am Bodensee,Gemeinde Hagnau am Bodensee,kreisangehörige Gemeinde,kreisangehörige Gemeinde,08435018,08435018,1505,1443,STATISTIKPORTAL_INTEGRATED_2023_T1,STATISTIKPORTAL_INTEGRATED_2024_T1,matching_original_identifier_and_class,not_certified_requires_population_and_entity_scope_audit,different_fiscal_unit_classes_cannot_be_summed,11222805.92,13966364.90,7457.01,9678.70,88255.00,3211726.00,349481.15,349540.30,10785069.77,10405098.60
084355004036,08,municipality,Stadt Meersburg,Stadt Meersburg,kreisangehörige Gemeinde,kreisangehörige Gemeinde,08435036,08435036,6239,5940,STATISTIKPORTAL_INTEGRATED_2023_T1,STATISTIKPORTAL_INTEGRATED_2024_T1,matching_original_identifier_and_class,not_certified_requires_population_and_entity_scope_audit,different_fiscal_unit_classes_cannot_be_summed,23280611.58,25942424.63,3731.47,4367.41,0.00,0.00,625910.39,610909.61,22654701.19,25331515.02
084355004054,08,municipality,Gemeinde Stetten,Gemeinde Stetten,kreisangehörige Gemeinde,kreisangehörige Gemeinde,08435054,08435054,1055,974,STATISTIKPORTAL_INTEGRATED_2023_T1,STATISTIKPORTAL_INTEGRATED_2024_T1,matching_original_identifier_and_class,not_certified_requires_population_and_entity_scope_audit,different_fiscal_unit_classes_cannot_be_summed,9948346.74,9587265.97,9429.71,9843.19,592416.00,548245.00,349468.71,349528.54,9006462.03,8689492.43
084355004066,08,municipality,Gemeinde Uhldingen-Mühlhofen,Gemeinde Uhldingen-Mühlhofen,kreisangehörige Gemeinde,kreisangehörige Gemeinde,08435066,08435066,8535,8286,STATISTIKPORTAL_INTEGRATED_2023_T1,STATISTIKPORTAL_INTEGRATED_2024_T1,matching_original_identifier_and_class,not_certified_requires_population_and_entity_scope_audit,different_fiscal_unit_classes_cannot_be_summed,15896487.03,16116240.63,1862.51,1945.00,920440.00,880440.00,714634.49,702781.79,14261412.54,14533018.84
084355005015,08,municipality,Gemeinde Frickingen,Gemeinde Frickingen,kreisangehörige Gemeinde,kreisangehörige Gemeinde,08435015,08435015,3166,3088,STATISTIKPORTAL_INTEGRATED_2023_T1,STATISTIKPORTAL_INTEGRATED_2024_T1,matching_original_identifier_and_class,not_certified_requires_population_and_entity_scope_audit,different_fiscal_unit_classes_cannot_be_summed,15170372.04,15294318.10,4791.65,4952.82,947088.00,805885.00,302084.45,312974.35,13921199.59,14175458.75
084355005020,08,municipality,Gemeinde Heiligenberg,Gemeinde Heiligenberg,kreisangehörige Gemeinde,kreisangehörige Gemeinde,08435020,08435020,3225,2832,STATISTIKPORTAL_INTEGRATED_2023_T1,STATISTIKPORTAL_INTEGRATED_2024_T1,matching_original_identifier_and_class,not_certified_requires_population_and_entity_scope_audit,different_fiscal_unit_classes_cannot_be_summed,16961063.13,17532397.67,5259.24,6190.82,925223.00,602500.00,302084.45,312974.35,15733755.68,16616923.32
084355005052,08,municipality,Gemeinde Salem,Gemeinde Salem,kreisangehörige Gemeinde,kreisangehörige Gemeinde,08435052,08435052,12248,12225,STATISTIKPORTAL_INTEGRATED_2023_T1,STATISTIKPORTAL_INTEGRATED_2024_T1,matching_original_identifier_and_class,not_certified_requires_population_and_entity_scope_audit,different_fiscal_unit_classes_cannot_be_summed,11683450.04,12080918.10,953.91,988.21,0.00,0.00,302084.45,312974.35,11381365.59,11767943.75
084355006042,08,municipality,Gemeinde Neukirch,Gemeinde Neukirch,kreisangehörige Gemeinde,kreisangehörige Gemeinde,08435042,08435042,2755,2734,STATISTIKPORTAL_INTEGRATED_2023_T1,STATISTIKPORTAL_INTEGRATED_2024_T1,matching_original_identifier_and_class,not_certified_requires_population_and_entity_scope_audit,different_fiscal_unit_classes_cannot_be_summed,4065407.82,6409049.61,1475.65,2344.20,2679997.00,4432873.00,0.00,0.00,1385410.82,1976176.61
084355006057,08,municipality,Stadt Tettnang,Stadt Tettnang,kreisangehörige Gemeinde,kreisangehörige Gemeinde,08435057,08435057,20014,20474,STATISTIKPORTAL_INTEGRATED_2023_T1,STATISTIKPORTAL_INTEGRATED_2024_T1,matching_original_identifier_and_class,not_certified_requires_population_and_entity_scope_audit,different_fiscal_unit_classes_cannot_be_summed,34811801.63,34740035.50,1739.37,1696.79,17759179.00,21292101.00,12837920.96,6766107.00,4214701.67,6681827.50
084355007047,08,municipality,Gemeinde Owingen,Gemeinde Owingen,kreisangehörige Gemeinde,kreisangehörige Gemeinde,08435047,08435047,4582,4508,STATISTIKPORTAL_INTEGRATED_2023_T1,STATISTIKPORTAL_INTEGRATED_2024_T1,matching_original_identifier_and_class,not_certified_requires_population_and_entity_scope_audit,different_fiscal_unit_classes_cannot_be_summed,9997072.99,10303615.18,2181.81,2285.63,87617.00,75674.00,211247.87,218863.18,9698208.12,10009078.00
084355007053,08,municipality,Gemeinde Sipplingen,Gemeinde Sipplingen,kreisangehörige Gemeinde,kreisangehörige Gemeinde,08435053,08435053,2180,2152,STATISTIKPORTAL_INTEGRATED_2023_T1,STATISTIKPORTAL_INTEGRATED_2024_T1,matching_original_identifier_and_class,not_certified_requires_population_and_entity_scope_audit,different_fiscal_unit_classes_cannot_be_summed,13228120.31,13813669.85,6067.95,6418.99,13500.00,10500.00,380634.17,582352.98,12833986.14,13220816.87
084355007059,08,municipality,Große Kreisstadt Überlingen,Große Kreisstadt Überlingen,kreisangehörige Gemeinde,kreisangehörige Gemeinde,08435059,08435059,23293,22874,STATISTIKPORTAL_INTEGRATED_2023_T1,STATISTIKPORTAL_INTEGRATED_2024_T1,matching_original_identifier_and_class,not_certified_requires_population_and_entity_scope_audit,different_fiscal_unit_classes_cannot_be_summed,32666328.39,42105799.93,1402.41,1840.77,8018573.00,7127775.00,12242068.87,23194835.18,12405686.52,11783189.75
08436,08,county_administration,Landratsamt Ravensburg,Landratsamt Ravensburg,Landkreis,Landkreis,,,292446,290928,STATISTIKPORTAL_INTEGRATED_2023_T1,STATISTIKPORTAL_INTEGRATED_2024_T1,matching_original_identifier_and_class,not_certified_requires_population_and_entity_scope_audit,different_fiscal_unit_classes_cannot_be_summed,1410192073.36,1285291659.35,4822.06,4417.90,76828402.00,118117423.00,94248743.00,107842135.45,1239114928.36,1059332100.90
084360008008,08,municipality,Stadt Aulendorf,Stadt Aulendorf,kreisangehörige Gemeinde,kreisangehörige Gemeinde,08436008,08436008,10369,10435,STATISTIKPORTAL_INTEGRATED_2023_T1,STATISTIKPORTAL_INTEGRATED_2024_T1,matching_original_identifier_and_class,not_certified_requires_population_and_entity_scope_audit,different_fiscal_unit_classes_cannot_be_summed,21335465.99,19951101.54,2057.62,1911.94,20052826.00,18297477.00,641000.00,641000.00,641639.99,1012624.54
084360010010,08,municipality,Stadt Bad Wurzach,Stadt Bad Wurzach,kreisangehörige Gemeinde,kreisangehörige Gemeinde,08436010,08436010,15085,15002,STATISTIKPORTAL_INTEGRATED_2023_T1,STATISTIKPORTAL_INTEGRATED_2024_T1,matching_original_identifier_and_class,not_certified_requires_population_and_entity_scope_audit,different_fiscal_unit_classes_cannot_be_summed,6741568.28,5946356.46,446.91,396.37,2852553.00,2602874.00,649001.60,647668.00,3240013.68,2695814.46
084360049049,08,municipality,Stadt Isny im Allgäu,Stadt Isny im Allgäu,kreisangehörige Gemeinde,kreisangehörige Gemeinde,08436049,08436049,15121,15162,STATISTIKPORTAL_INTEGRATED_2023_T1,STATISTIKPORTAL_INTEGRATED_2024_T1,matching_original_identifier_and_class,not_certified_requires_population_and_entity_scope_audit,different_fiscal_unit_classes_cannot_be_summed,36202911.00,35259343.00,2394.21,2325.51,29539891.00,28256166.00,641000.00,641000.00,6022020.00,6362177.00
084360052052,08,municipality,Gemeinde Kißlegg,Gemeinde Kißlegg,kreisangehörige Gemeinde,kreisangehörige Gemeinde,08436052,08436052,9355,9488,STATISTIKPORTAL_INTEGRATED_2023_T1,STATISTIKPORTAL_INTEGRATED_2024_T1,matching_original_identifier_and_class,not_certified_requires_population_and_entity_scope_audit,different_fiscal_unit_classes_cannot_be_summed,4955801.50,4766035.00,529.75,502.32,1840947.00,1682570.00,2911426.50,2906541.00,203428.00,176924.00
084360094094,08,municipality,Gemeinde Argenbühl,Gemeinde Argenbühl,kreisangehörige Gemeinde,kreisangehörige Gemeinde,08436094,08436094,6746,6665,STATISTIKPORTAL_INTEGRATED_2023_T1,STATISTIKPORTAL_INTEGRATED_2024_T1,matching_original_identifier_and_class,not_certified_requires_population_and_entity_scope_audit,different_fiscal_unit_classes_cannot_be_summed,1397506.11,1395878.26,207.16,209.43,0.00,0.00,1397506.11,1395878.26,0.00,0.00
084365001005,08,municipality,Gemeinde Altshausen,Gemeinde Altshausen,kreisangehörige Gemeinde,kreisangehörige Gemeinde,08436005,08436005,4115,4031,STATISTIKPORTAL_INTEGRATED_2023_T1,STATISTIKPORTAL_INTEGRATED_2024_T1,matching_original_identifier_and_class,not_certified_requires_population_and_entity_scope_audit,different_fiscal_unit_classes_cannot_be_summed,1122262.96,1447791.84,272.72,359.16,0.00,0.00,641000.00,641000.00,481262.96,806791.84
084365001019,08,municipality,Gemeinde Boms,Gemeinde Boms,kreisangehörige Gemeinde,kreisangehörige Gemeinde,08436019,08436019,756,729,STATISTIKPORTAL_INTEGRATED_2023_T1,STATISTIKPORTAL_INTEGRATED_2024_T1,matching_original_identifier_and_class,not_certified_requires_population_and_entity_scope_audit,different_fiscal_unit_classes_cannot_be_summed,1001647.56,1033415.68,1324.93,1417.58,218951.00,163299.00,641000.00,641000.00,141696.56,229116.68
084365001024,08,municipality,Gemeinde Ebenweiler,Gemeinde Ebenweiler,kreisangehörige Gemeinde,kreisangehörige Gemeinde,08436024,08436024,1371,1351,STATISTIKPORTAL_INTEGRATED_2023_T1,STATISTIKPORTAL_INTEGRATED_2024_T1,matching_original_identifier_and_class,not_certified_requires_population_and_entity_scope_audit,different_fiscal_unit_classes_cannot_be_summed,3499744.00,3930368.00,2552.69,2909.23,2858744.00,3289368.00,641000.00,641000.00,0.00,0.00
084365001027,08,municipality,Gemeinde Eichstegen,Gemeinde Eichstegen,kreisangehörige Gemeinde,kreisangehörige Gemeinde,08436027,08436027,546,533,STATISTIKPORTAL_INTEGRATED_2023_T1,STATISTIKPORTAL_INTEGRATED_2024_T1,matching_original_identifier_and_class,not_certified_requires_population_and_entity_scope_audit,different_fiscal_unit_classes_cannot_be_summed,782696.56,800741.68,1433.51,1502.33,0.00,0.00,641000.00,641000.00,141696.56,159741.68
084365001032,08,municipality,Gemeinde Fleischwangen,Gemeinde Fleischwangen,kreisangehörige Gemeinde,kreisangehörige Gemeinde,08436032,08436032,671,660,STATISTIKPORTAL_INTEGRATED_2023_T1,STATISTIKPORTAL_INTEGRATED_2024_T1,matching_original_identifier_and_class,not_certified_requires_population_and_entity_scope_audit,different_fiscal_unit_classes_cannot_be_summed,2911501.05,2654263.44,4339.05,4021.61,2253644.00,1996932.00,641000.00,641000.00,16857.05,16331.44
084365001040,08,municipality,Gemeinde Guggenhausen,Gemeinde Guggenhausen,kreisangehörige Gemeinde,kreisangehörige Gemeinde,08436040,08436040,192,191,STATISTIKPORTAL_INTEGRATED_2023_T1,STATISTIKPORTAL_INTEGRATED_2024_T1,matching_original_identifier_and_class,not_certified_requires_population_and_entity_scope_audit,different_fiscal_unit_classes_cannot_be_summed,911848.28,920870.84,4749.21,4821.31,200000.00,200000.00,641000.00,641000.00,70848.28,79870.84
084365001047,08,municipality,Gemeinde Hoßkirch,Gemeinde Hoßkirch,kreisangehörige Gemeinde,kreisangehörige Gemeinde,08436047,08436047,736,711,STATISTIKPORTAL_INTEGRATED_2023_T1,STATISTIKPORTAL_INTEGRATED_2024_T1,matching_original_identifier_and_class,not_certified_requires_population_and_entity_scope_audit,different_fiscal_unit_classes_cannot_be_summed,1648764.28,1835870.84,2240.17,2582.10,936916.00,1115000.00,641000.00,641000.00,70848.28,79870.84
084365001053,08,municipality,Gemeinde Königseggwald,Gemeinde Königseggwald,kreisangehörige Gemeinde,kreisangehörige Gemeinde,08436053,08436053,709,677,STATISTIKPORTAL_INTEGRATED_2023_T1,STATISTIKPORTAL_INTEGRATED_2024_T1,matching_original_identifier_and_class,not_certified_requires_population_and_entity_scope_audit,different_fiscal_unit_classes_cannot_be_summed,1146005.19,1361065.96,1616.37,2010.44,498744.00,714000.00,641000.00,641000.00,6261.19,6065.96
084365001067,08,municipality,Gemeinde Riedhausen,Gemeinde Riedhausen,kreisangehörige Gemeinde,kreisangehörige Gemeinde,08436067,08436067,776,811,STATISTIKPORTAL_INTEGRATED_2023_T1,STATISTIKPORTAL_INTEGRATED_2024_T1,matching_original_identifier_and_class,not_certified_requires_population_and_entity_scope_audit,different_fiscal_unit_classes_cannot_be_summed,1031000.00,1581000.00,1328.61,1949.45,390000.00,940000.00,641000.00,641000.00,0.00,0.00
084365001077,08,municipality,Gemeinde Unterwaldhausen,Gemeinde Unterwaldhausen,kreisangehörige Gemeinde,kreisangehörige Gemeinde,08436077,08436077,291,272,STATISTIKPORTAL_INTEGRATED_2023_T1,STATISTIKPORTAL_INTEGRATED_2024_T1,matching_original_identifier_and_class,not_certified_requires_population_and_entity_scope_audit,different_fiscal_unit_classes_cannot_be_summed,711848.28,720870.84,2446.21,2650.26,0.00,0.00,641000.00,641000.00,70848.28,79870.84
084365001093,08,municipality,Gemeinde Ebersbach-Musbach,Gemeinde Ebersbach-Musbach,kreisangehörige Gemeinde,kreisangehörige Gemeinde,08436093,08436093,1727,1688,STATISTIKPORTAL_INTEGRATED_2023_T1,STATISTIKPORTAL_INTEGRATED_2024_T1,matching_original_identifier_and_class,not_certified_requires_population_and_entity_scope_audit,different_fiscal_unit_classes_cannot_be_summed,1848698.00,1358998.00,1070.47,805.09,1207698.00,717998.00,641000.00,641000.00,0.00,0.00
084365002009,08,municipality,Große Kreisstadt Bad Waldsee,Große Kreisstadt Bad Waldsee,kreisangehörige Gemeinde,kreisangehörige Gemeinde,08436009,08436009,20736,20879,STATISTIKPORTAL_INTEGRATED_2023_T1,STATISTIKPORTAL_INTEGRATED_2024_T1,matching_original_identifier_and_class,not_certified_requires_population_and_entity_scope_audit,different_fiscal_unit_classes_cannot_be_summed,27554966.60,28591038.80,1328.85,1369.37,2100000.00,1900000.00,4174925.20,4025444.00,21280041.40,22665594.80
084365002014,08,municipality,Gemeinde Bergatreute,Gemeinde Bergatreute,kreisangehörige Gemeinde,kreisangehörige Gemeinde,08436014,08436014,3270,3207,STATISTIKPORTAL_INTEGRATED_2023_T1,STATISTIKPORTAL_INTEGRATED_2024_T1,matching_original_identifier_and_class,not_certified_requires_population_and_entity_scope_audit,different_fiscal_unit_classes_cannot_be_summed,15071654.92,14757774.24,4609.07,4601.74,8016857.00,7747391.00,641000.00,641000.00,6413797.92,6369383.24
084365003018,08,municipality,Gemeinde Bodnegg,Gemeinde Bodnegg,kreisangehörige Gemeinde,kreisangehörige Gemeinde,08436018,08436018,3280,3199,STATISTIKPORTAL_INTEGRATED_2023_T1,STATISTIKPORTAL_INTEGRATED_2024_T1,matching_original_identifier_and_class,not_certified_requires_population_and_entity_scope_audit,different_fiscal_unit_classes_cannot_be_summed,3483125.41,3206735.22,1061.93,1002.42,1783808.00,1563584.00,641000.00,641000.00,1058317.41,1002151.22
084365003039,08,municipality,Gemeinde Grünkraut,Gemeinde Grünkraut,kreisangehörige Gemeinde,kreisangehörige Gemeinde,08436039,08436039,3217,3124,STATISTIKPORTAL_INTEGRATED_2023_T1,STATISTIKPORTAL_INTEGRATED_2024_T1,matching_original_identifier_and_class,not_certified_requires_population_and_entity_scope_audit,different_fiscal_unit_classes_cannot_be_summed,4115081.50,4114330.63,1279.17,1317.01,3450000.00,3450000.00,641000.00,641000.00,24081.50,23330.63
084365003069,08,municipality,Gemeinde Schlier,Gemeinde Schlier,kreisangehörige Gemeinde,kreisangehörige Gemeinde,08436069,08436069,4045,4053,STATISTIKPORTAL_INTEGRATED_2023_T1,STATISTIKPORTAL_INTEGRATED_2024_T1,matching_original_identifier_and_class,not_certified_requires_population_and_entity_scope_audit,different_fiscal_unit_classes_cannot_be_summed,8554270.00,10604045.00,2114.78,2616.34,7913270.00,9963045.00,641000.00,641000.00,0.00,0.00
084365003079,08,municipality,Gemeinde Waldburg,Gemeinde Waldburg,kreisangehörige Gemeinde,kreisangehörige Gemeinde,08436079,08436079,3318,3284,STATISTIKPORTAL_INTEGRATED_2023_T1,STATISTIKPORTAL_INTEGRATED_2024_T1,matching_original_identifier_and_class,not_certified_requires_population_and_entity_scope_audit,different_fiscal_unit_classes_cannot_be_summed,3119925.00,5826466.40,940.30,1774.20,2448202.00,5155891.00,641000.00,641000.00,30723.00,29575.40
084365004003,08,municipality,Gemeinde Aichstetten,Gemeinde Aichstetten,kreisangehörige Gemeinde,kreisangehörige Gemeinde,08436003,08436003,2884,2845,STATISTIKPORTAL_INTEGRATED_2023_T1,STATISTIKPORTAL_INTEGRATED_2024_T1,matching_original_identifier_and_class,not_certified_requires_population_and_entity_scope_audit,different_fiscal_unit_classes_cannot_be_summed,771002.11,728174.60,267.34,255.95,100000.00,50000.00,641000.00,641000.00,30002.11,37174.60
084365004004,08,municipality,Gemeinde Aitrach,Gemeinde Aitrach,kreisangehörige Gemeinde,kreisangehörige Gemeinde,08436004,08436004,2964,3019,STATISTIKPORTAL_INTEGRATED_2023_T1,STATISTIKPORTAL_INTEGRATED_2024_T1,matching_original_identifier_and_class,not_certified_requires_population_and_entity_scope_audit,different_fiscal_unit_classes_cannot_be_summed,1769898.01,1657070.71,597.13,548.88,1098895.00,978895.00,641000.00,641000.00,30003.01,37175.71
084365004055,08,municipality,Große Kreisstadt Leutkirch im Allgäu,Große Kreisstadt Leutkirch im Allgäu,kreisangehörige Gemeinde,kreisangehörige Gemeinde,08436055,08436055,23406,24130,STATISTIKPORTAL_INTEGRATED_2023_T1,STATISTIKPORTAL_INTEGRATED_2024_T1,matching_original_identifier_and_class,not_certified_requires_population_and_entity_scope_audit,different_fiscal_unit_classes_cannot_be_summed,12709392.00,12239428.00,543.00,507.23,952907.00,850294.00,641000.00,641000.00,11115485.00,10748134.00
084365005011,08,municipality,Gemeinde Baienfurt,Gemeinde Baienfurt,kreisangehörige Gemeinde,kreisangehörige Gemeinde,08436011,08436011,7406,7350,STATISTIKPORTAL_INTEGRATED_2023_T1,STATISTIKPORTAL_INTEGRATED_2024_T1,matching_original_identifier_and_class,not_certified_requires_population_and_entity_scope_audit,different_fiscal_unit_classes_cannot_be_summed,2419405.72,2642354.25,326.68,359.50,0.00,0.00,641000.00,641000.00,1778405.72,2001354.25
084365005012,08,municipality,Gemeinde Baindt,Gemeinde Baindt,kreisangehörige Gemeinde,kreisangehörige Gemeinde,08436012,08436012,5403,5301,STATISTIKPORTAL_INTEGRATED_2023_T1,STATISTIKPORTAL_INTEGRATED_2024_T1,matching_original_identifier_and_class,not_certified_requires_population_and_entity_scope_audit,different_fiscal_unit_classes_cannot_be_summed,3747792.72,3584139.00,693.65,676.13,2939069.00,2816025.00,641000.00,641000.00,167723.72,127114.00
084365005013,08,municipality,Gemeinde Berg,Gemeinde Berg,kreisangehörige Gemeinde,kreisangehörige Gemeinde,08436013,08436013,4606,4409,STATISTIKPORTAL_INTEGRATED_2023_T1,STATISTIKPORTAL_INTEGRATED_2024_T1,matching_original_identifier_and_class,not_certified_requires_population_and_entity_scope_audit,different_fiscal_unit_classes_cannot_be_summed,1555394.36,1457484.81,337.69,330.57,47251.00,32631.00,641000.00,641000.00,867143.36,783853.81
084365005064,08,municipality,Große Kreisstadt Ravensburg,Große Kreisstadt Ravensburg,kreisangehörige Gemeinde,kreisangehörige Gemeinde,08436064,08436064,51412,50392,STATISTIKPORTAL_INTEGRATED_2023_T1,STATISTIKPORTAL_INTEGRATED_2024_T1,matching_original_identifier_and_class,not_certified_requires_population_and_entity_scope_audit,different_fiscal_unit_classes_cannot_be_summed,95752198.60,97543528.09,1862.45,1935.69,15933870.00,18138024.00,641000.00,641000.00,79177328.60,78764504.09
084365005082,08,municipality,Große Kreisstadt Weingarten,Große Kreisstadt Weingarten,kreisangehörige Gemeinde,kreisangehörige Gemeinde,08436082,08436082,25288,24790,STATISTIKPORTAL_INTEGRATED_2023_T1,STATISTIKPORTAL_INTEGRATED_2024_T1,matching_original_identifier_and_class,not_certified_requires_population_and_entity_scope_audit,different_fiscal_unit_classes_cannot_be_summed,49420982.81,47585977.76,1954.33,1919.56,12530850.00,11618617.00,5041364.00,5397800.00,31848768.81,30569560.76
084365006078,08,municipality,Gemeinde Vogt,Gemeinde Vogt,kreisangehörige Gemeinde,kreisangehörige Gemeinde,08436078,08436078,4705,4717,STATISTIKPORTAL_INTEGRATED_2023_T1,STATISTIKPORTAL_INTEGRATED_2024_T1,matching_original_identifier_and_class,not_certified_requires_population_and_entity_scope_audit,different_fiscal_unit_classes_cannot_be_summed,2832224.46,2535155.47,601.96,537.45,773172.00,551398.00,641000.00,641000.00,1418052.46,1342757.47
084365006085,08,municipality,Gemeinde Wolfegg,Gemeinde Wolfegg,kreisangehörige Gemeinde,kreisangehörige Gemeinde,08436085,08436085,3946,3876,STATISTIKPORTAL_INTEGRATED_2023_T1,STATISTIKPORTAL_INTEGRATED_2024_T1,matching_original_identifier_and_class,not_certified_requires_population_and_entity_scope_audit,different_fiscal_unit_classes_cannot_be_summed,4874076.18,3310968.96,1235.19,854.22,3912973.00,2380768.00,641000.00,641000.00,320103.18,289200.96
084365007001,08,municipality,Gemeinde Achberg,Gemeinde Achberg,kreisangehörige Gemeinde,kreisangehörige Gemeinde,08436001,08436001,1763,1692,STATISTIKPORTAL_INTEGRATED_2023_T1,STATISTIKPORTAL_INTEGRATED_2024_T1,matching_original_identifier_and_class,not_certified_requires_population_and_entity_scope_audit,different_fiscal_unit_classes_cannot_be_summed,1756408.50,1691266.00,996.26,999.57,0.00,0.00,642000.00,642000.00,1114408.50,1049266.00
084365007006,08,municipality,Gemeinde Amtzell,Gemeinde Amtzell,kreisangehörige Gemeinde,kreisangehörige Gemeinde,08436006,08436006,4329,4244,STATISTIKPORTAL_INTEGRATED_2023_T1,STATISTIKPORTAL_INTEGRATED_2024_T1,matching_original_identifier_and_class,not_certified_requires_population_and_entity_scope_audit,different_fiscal_unit_classes_cannot_be_summed,3138745.21,2763547.81,725.05,651.17,700742.00,382783.00,1397506.11,1395878.26,1040497.10,984886.55
084365007081,08,municipality,Große Kreisstadt Wangen im Allgäu,Große Kreisstadt Wangen im Allgäu,kreisangehörige Gemeinde,kreisangehörige Gemeinde,08436081,08436081,27418,28167,STATISTIKPORTAL_INTEGRATED_2023_T1,STATISTIKPORTAL_INTEGRATED_2024_T1,matching_original_identifier_and_class,not_certified_requires_population_and_entity_scope_audit,different_fiscal_unit_classes_cannot_be_summed,48334634.51,53721464.52,1762.88,1907.25,21881830.00,24811624.00,1398414.28,1396784.48,25054390.23,27513056.04
084365008083,08,municipality,Gemeinde Wilhelmsdorf,Gemeinde Wilhelmsdorf,kreisangehörige Gemeinde,kreisangehörige Gemeinde,08436083,08436083,5060,4769,STATISTIKPORTAL_INTEGRATED_2023_T1,STATISTIKPORTAL_INTEGRATED_2024_T1,matching_original_identifier_and_class,not_certified_requires_population_and_entity_scope_audit,different_fiscal_unit_classes_cannot_be_summed,11545381.02,13050211.98,2281.70,2736.47,5583522.00,6489382.00,641000.00,641000.00,5320859.02,5919829.98
084365008095,08,municipality,Gemeinde Horgenzell,Gemeinde Horgenzell,kreisangehörige Gemeinde,kreisangehörige Gemeinde,08436095,08436095,6220,6014,STATISTIKPORTAL_INTEGRATED_2023_T1,STATISTIKPORTAL_INTEGRATED_2024_T1,matching_original_identifier_and_class,not_certified_requires_population_and_entity_scope_audit,different_fiscal_unit_classes_cannot_be_summed,6013891.41,6715316.39,966.86,1116.61,1676737.00,1495905.00,641000.00,641000.00,3696154.41,4578411.39
084365009087,08,municipality,Gemeinde Wolpertswende,Gemeinde Wolpertswende,kreisangehörige Gemeinde,kreisangehörige Gemeinde,08436087,08436087,4179,4067,STATISTIKPORTAL_INTEGRATED_2023_T1,STATISTIKPORTAL_INTEGRATED_2024_T1,matching_original_identifier_and_class,not_certified_requires_population_and_entity_scope_audit,different_fiscal_unit_classes_cannot_be_summed,8890340.51,8457385.82,2127.38,2079.51,7169420.00,6605815.00,641000.00,641000.00,1079920.51,1210570.82
084365009096,08,municipality,Gemeinde Fronreute,Gemeinde Fronreute,kreisangehörige Gemeinde,kreisangehörige Gemeinde,08436096,08436096,5025,4994,STATISTIKPORTAL_INTEGRATED_2023_T1,STATISTIKPORTAL_INTEGRATED_2024_T1,matching_original_identifier_and_class,not_certified_requires_population_and_entity_scope_audit,different_fiscal_unit_classes_cannot_be_summed,10562099.93,9708308.44,2101.91,1943.99,6456889.00,5776062.00,641000.00,641000.00,3464210.93,3291246.44
08437,08,county_administration,Landratsamt Sigmaringen,Landratsamt Sigmaringen,Landkreis,Landkreis,,,134742,132757,STATISTIKPORTAL_INTEGRATED_2023_T1,STATISTIKPORTAL_INTEGRATED_2024_T1,matching_original_identifier_and_class,not_certified_requires_population_and_entity_scope_audit,different_fiscal_unit_classes_cannot_be_summed,394905815.97,348344197.74,2930.83,2623.92,110000.00,55000.00,25540575.56,29551929.83,369255240.41,318737267.91
084370086086,08,municipality,Gemeinde Ostrach,Gemeinde Ostrach,kreisangehörige Gemeinde,kreisangehörige Gemeinde,08437086,08437086,7035,7076,STATISTIKPORTAL_INTEGRATED_2023_T1,STATISTIKPORTAL_INTEGRATED_2024_T1,matching_original_identifier_and_class,not_certified_requires_population_and_entity_scope_audit,different_fiscal_unit_classes_cannot_be_summed,6319969.00,5887291.00,898.36,832.01,414720.00,391680.00,0.00,0.00,5905249.00,5495611.00
084375001031,08,municipality,Stadt Gammertingen,Stadt Gammertingen,kreisangehörige Gemeinde,kreisangehörige Gemeinde,08437031,08437031,6322,6220,STATISTIKPORTAL_INTEGRATED_2023_T1,STATISTIKPORTAL_INTEGRATED_2024_T1,matching_original_identifier_and_class,not_certified_requires_population_and_entity_scope_audit,different_fiscal_unit_classes_cannot_be_summed,4997639.48,4944458.29,790.52,794.93,3900784.00,3836356.00,0.00,0.00,1096855.48,1108102.29
084375001047,08,municipality,Stadt Hettingen,Stadt Hettingen,kreisangehörige Gemeinde,kreisangehörige Gemeinde,08437047,08437047,1802,1871,STATISTIKPORTAL_INTEGRATED_2023_T1,STATISTIKPORTAL_INTEGRATED_2024_T1,matching_original_identifier_and_class,not_certified_requires_population_and_entity_scope_audit,different_fiscal_unit_classes_cannot_be_summed,45163.17,44208.31,25.06,23.63,0.00,0.00,0.00,0.00,45163.17,44208.31
084375001082,08,municipality,Gemeinde Neufra,Gemeinde Neufra,kreisangehörige Gemeinde,kreisangehörige Gemeinde,08437082,08437082,1882,1884,STATISTIKPORTAL_INTEGRATED_2023_T1,STATISTIKPORTAL_INTEGRATED_2024_T1,matching_original_identifier_and_class,not_certified_requires_population_and_entity_scope_audit,different_fiscal_unit_classes_cannot_be_summed,486776.92,411301.44,258.65,218.31,479677.00,403233.00,0.00,0.00,7099.92,8068.44
084375001114,08,municipality,Stadt Veringenstadt,Stadt Veringenstadt,kreisangehörige Gemeinde,kreisangehörige Gemeinde,08437114,08437114,2131,2135,STATISTIKPORTAL_INTEGRATED_2023_T1,STATISTIKPORTAL_INTEGRATED_2024_T1,matching_original_identifier_and_class,not_certified_requires_population_and_entity_scope_audit,different_fiscal_unit_classes_cannot_be_summed,1770751.80,2652264.30,830.95,1242.28,1727839.00,2621122.00,0.00,0.00,42912.80,31142.30
084375002053,08,municipality,Gemeinde Hohentengen,Gemeinde Hohentengen,kreisangehörige Gemeinde,kreisangehörige Gemeinde,08437053,08437053,4393,4144,STATISTIKPORTAL_INTEGRATED_2023_T1,STATISTIKPORTAL_INTEGRATED_2024_T1,matching_original_identifier_and_class,not_certified_requires_population_and_entity_scope_audit,different_fiscal_unit_classes_cannot_be_summed,2953646.00,3291878.00,672.35,794.37,91146.00,79378.00,2862500.00,3212500.00,0.00,0.00
084375002076,08,municipality,Stadt Mengen,Stadt Mengen,kreisangehörige Gemeinde,kreisangehörige Gemeinde,08437076,08437076,10030,10162,STATISTIKPORTAL_INTEGRATED_2023_T1,STATISTIKPORTAL_INTEGRATED_2024_T1,matching_original_identifier_and_class,not_certified_requires_population_and_entity_scope_audit,different_fiscal_unit_classes_cannot_be_summed,24032631.39,23096888.69,2396.07,2272.87,3820747.00,3575635.00,4007500.00,4497500.00,16204384.39,15023753.69
084375002101,08,municipality,Stadt Scheer,Stadt Scheer,kreisangehörige Gemeinde,kreisangehörige Gemeinde,08437101,08437101,2560,2468,STATISTIKPORTAL_INTEGRATED_2023_T1,STATISTIKPORTAL_INTEGRATED_2024_T1,matching_original_identifier_and_class,not_certified_requires_population_and_entity_scope_audit,different_fiscal_unit_classes_cannot_be_summed,3532105.00,3531917.00,1379.73,1431.08,1933105.00,1764917.00,1374000.00,1542000.00,225000.00,225000.00
084375003072,08,municipality,Gemeinde Leibertingen,Gemeinde Leibertingen,kreisangehörige Gemeinde,kreisangehörige Gemeinde,08437072,08437072,2161,2205,STATISTIKPORTAL_INTEGRATED_2023_T1,STATISTIKPORTAL_INTEGRATED_2024_T1,matching_original_identifier_and_class,not_certified_requires_population_and_entity_scope_audit,different_fiscal_unit_classes_cannot_be_summed,18053830.32,18425736.97,8354.39,8356.34,3880859.00,3554469.00,2336143.44,2707161.79,11836827.88,12164106.18
084375003078,08,municipality,Stadt Meßkirch,Stadt Meßkirch,kreisangehörige Gemeinde,kreisangehörige Gemeinde,08437078,08437078,8751,8606,STATISTIKPORTAL_INTEGRATED_2023_T1,STATISTIKPORTAL_INTEGRATED_2024_T1,matching_original_identifier_and_class,not_certified_requires_population_and_entity_scope_audit,different_fiscal_unit_classes_cannot_be_summed,33451494.99,32956555.58,3822.59,3829.49,6621795.00,6365174.00,2336143.44,2707161.79,24493556.55,23884219.79
084375003123,08,municipality,Gemeinde Sauldorf,Gemeinde Sauldorf,kreisangehörige Gemeinde,kreisangehörige Gemeinde,08437123,08437123,2569,2603,STATISTIKPORTAL_INTEGRATED_2023_T1,STATISTIKPORTAL_INTEGRATED_2024_T1,matching_original_identifier_and_class,not_certified_requires_population_and_entity_scope_audit,different_fiscal_unit_classes_cannot_be_summed,12742412.86,13384838.49,4960.07,5142.08,465000.00,405000.00,2336143.44,2707161.79,9941269.42,10272676.70
084375004056,08,municipality,Gemeinde Illmensee,Gemeinde Illmensee,kreisangehörige Gemeinde,kreisangehörige Gemeinde,08437056,08437056,2106,2020,STATISTIKPORTAL_INTEGRATED_2023_T1,STATISTIKPORTAL_INTEGRATED_2024_T1,matching_original_identifier_and_class,not_certified_requires_population_and_entity_scope_audit,different_fiscal_unit_classes_cannot_be_summed,12152393.26,12966590.69,5770.37,6419.10,751204.00,700035.00,264059.84,273578.99,11137129.42,11992976.70
084375004088,08,municipality,Stadt Pfullendorf,Stadt Pfullendorf,kreisangehörige Gemeinde,kreisangehörige Gemeinde,08437088,08437088,13652,13422,STATISTIKPORTAL_INTEGRATED_2023_T1,STATISTIKPORTAL_INTEGRATED_2024_T1,matching_original_identifier_and_class,not_certified_requires_population_and_entity_scope_audit,different_fiscal_unit_classes_cannot_be_summed,62584883.85,71362847.06,4584.30,5316.86,4591623.00,4223846.00,264059.84,873578.99,57729201.01,66265422.07
084375004118,08,municipality,Gemeinde Wald,Gemeinde Wald,kreisangehörige Gemeinde,kreisangehörige Gemeinde,08437118,08437118,2811,2763,STATISTIKPORTAL_INTEGRATED_2023_T1,STATISTIKPORTAL_INTEGRATED_2024_T1,matching_original_identifier_and_class,not_certified_requires_population_and_entity_scope_audit,different_fiscal_unit_classes_cannot_be_summed,6212476.78,6237791.82,2210.06,2257.62,1050119.00,985223.00,2072083.60,2433582.80,3090274.18,2818986.02
084375004124,08,municipality,Gemeinde Herdwangen-Schönach,Gemeinde Herdwangen-Schönach,kreisangehörige Gemeinde,kreisangehörige Gemeinde,08437124,08437124,3484,3393,STATISTIKPORTAL_INTEGRATED_2023_T1,STATISTIKPORTAL_INTEGRATED_2024_T1,matching_original_identifier_and_class,not_certified_requires_population_and_entity_scope_audit,different_fiscal_unit_classes_cannot_be_summed,10281887.26,10600937.69,2951.17,3124.36,0.00,0.00,340617.84,328260.99,9941269.42,10272676.70
084375005044,08,municipality,Gemeinde Herbertingen,Gemeinde Herbertingen,kreisangehörige Gemeinde,kreisangehörige Gemeinde,08437044,08437044,4807,4746,STATISTIKPORTAL_INTEGRATED_2023_T1,STATISTIKPORTAL_INTEGRATED_2024_T1,matching_original_identifier_and_class,not_certified_requires_population_and_entity_scope_audit,different_fiscal_unit_classes_cannot_be_summed,6547853.50,6719703.50,1362.15,1415.87,817207.00,734218.00,3206000.00,3598000.00,2524646.50,2387485.50
084375005100,08,municipality,Stadt Bad Saulgau,Stadt Bad Saulgau,kreisangehörige Gemeinde,kreisangehörige Gemeinde,08437100,08437100,17761,17944,STATISTIKPORTAL_INTEGRATED_2023_T1,STATISTIKPORTAL_INTEGRATED_2024_T1,matching_original_identifier_and_class,not_certified_requires_population_and_entity_scope_audit,different_fiscal_unit_classes_cannot_be_summed,27948620.93,31058102.42,1573.60,1730.83,0.00,0.00,1127747.00,933903.00,26820873.93,30124199.42
084375006005,08,municipality,Gemeinde Beuron,Gemeinde Beuron,kreisangehörige Gemeinde,kreisangehörige Gemeinde,08437005,08437005,668,656,STATISTIKPORTAL_INTEGRATED_2023_T1,STATISTIKPORTAL_INTEGRATED_2024_T1,matching_original_identifier_and_class,not_certified_requires_population_and_entity_scope_audit,different_fiscal_unit_classes_cannot_be_summed,742730.15,730394.00,1111.87,1113.41,378903.00,359812.00,0.00,0.00,363827.15,370582.00
084375006008,08,municipality,Gemeinde Bingen,Gemeinde Bingen,kreisangehörige Gemeinde,kreisangehörige Gemeinde,08437008,08437008,2738,2716,STATISTIKPORTAL_INTEGRATED_2023_T1,STATISTIKPORTAL_INTEGRATED_2024_T1,matching_original_identifier_and_class,not_certified_requires_population_and_entity_scope_audit,different_fiscal_unit_classes_cannot_be_summed,1210931.54,1166904.96,442.27,429.64,622765.00,580905.00,0.00,0.00,588166.54,585999.96
084375006059,08,municipality,Gemeinde Inzigkofen,Gemeinde Inzigkofen,kreisangehörige Gemeinde,kreisangehörige Gemeinde,08437059,08437059,3005,2973,STATISTIKPORTAL_INTEGRATED_2023_T1,STATISTIKPORTAL_INTEGRATED_2024_T1,matching_original_identifier_and_class,not_certified_requires_population_and_entity_scope_audit,different_fiscal_unit_classes_cannot_be_summed,7578910.34,10212579.66,2522.10,3435.11,1870071.00,1804340.00,2072083.60,2433582.80,3636755.74,5974656.86
084375006065,08,municipality,Gemeinde Krauchenwies,Gemeinde Krauchenwies,kreisangehörige Gemeinde,kreisangehörige Gemeinde,08437065,08437065,5119,4994,STATISTIKPORTAL_INTEGRATED_2023_T1,STATISTIKPORTAL_INTEGRATED_2024_T1,matching_original_identifier_and_class,not_certified_requires_population_and_entity_scope_audit,different_fiscal_unit_classes_cannot_be_summed,1923158.04,1910219.34,375.69,382.50,0.00,0.00,0.00,0.00,1923158.04,1910219.34
084375006104,08,municipality,Stadt Sigmaringen,Stadt Sigmaringen,kreisangehörige Gemeinde,kreisangehörige Gemeinde,08437104,08437104,18708,17483,STATISTIKPORTAL_INTEGRATED_2023_T1,STATISTIKPORTAL_INTEGRATED_2024_T1,matching_original_identifier_and_class,not_certified_requires_population_and_entity_scope_audit,different_fiscal_unit_classes_cannot_be_summed,66697054.80,63612356.79,3565.16,3638.53,2844740.00,2673495.00,0.00,0.00,63852314.80,60938861.79
084375006105,08,municipality,Gemeinde Sigmaringendorf,Gemeinde Sigmaringendorf,kreisangehörige Gemeinde,kreisangehörige Gemeinde,08437105,08437105,3761,3735,STATISTIKPORTAL_INTEGRATED_2023_T1,STATISTIKPORTAL_INTEGRATED_2024_T1,matching_original_identifier_and_class,not_certified_requires_population_and_entity_scope_audit,different_fiscal_unit_classes_cannot_be_summed,2957785.46,2123053.04,786.44,568.42,1736665.00,1009998.00,0.00,0.00,1221120.46,1113055.04
084375007102,08,municipality,Gemeinde Schwenningen,Gemeinde Schwenningen,kreisangehörige Gemeinde,kreisangehörige Gemeinde,08437102,08437102,1664,1685,STATISTIKPORTAL_INTEGRATED_2023_T1,STATISTIKPORTAL_INTEGRATED_2024_T1,matching_original_identifier_and_class,not_certified_requires_population_and_entity_scope_audit,different_fiscal_unit_classes_cannot_be_summed,10669398.07,11014270.18,6411.90,6536.66,0.00,0.00,264059.84,273578.99,10405338.23,10740691.19
084375007107,08,municipality,Gemeinde Stetten am kalten Markt,Gemeinde Stetten am kalten Markt,kreisangehörige Gemeinde,kreisangehörige Gemeinde,08437107,08437107,4822,4853,STATISTIKPORTAL_INTEGRATED_2023_T1,STATISTIKPORTAL_INTEGRATED_2024_T1,matching_original_identifier_and_class,not_certified_requires_population_and_entity_scope_audit,different_fiscal_unit_classes_cannot_be_summed,13602316.90,14083074.77,2820.89,2901.93,502960.00,396635.00,264059.84,273578.99,12835297.06,13412860.78
