original_region_key,state_code,reporting_unit_class,name_de_2023,name_de_2024,legal_form_2023,legal_form_2024,municipality_ags8_2023_candidate,municipality_ags8_2024_candidate,population_2023_06_30,population_2024_06_30,source_id_2023,source_id_2024,entity_match_status,percap_cross_year_comparable,not_county_sum,total_integrated_debt_eur_2023,total_integrated_debt_eur_2024,integrated_debt_eur_per_person_2023,integrated_debt_eur_per_person_2024,core_budget_debt_eur_2023,core_budget_debt_eur_2024,extra_budget_proportional_debt_eur_2023,extra_budget_proportional_debt_eur_2024,public_enterprise_proportional_debt_eur_2023,public_enterprise_proportional_debt_eur_2024
130030000000,13,municipality,"Rostock, Hanse- und Universitätsstadt","Rostock, Hanse- und Universitätsstadt",kreisfreie Stadt,kreisfreie Stadt,13003000,13003000,209839,204706,STATISTIKPORTAL_INTEGRATED_2023_T1,STATISTIKPORTAL_INTEGRATED_2024_T1,matching_original_identifier_and_class,not_certified_requires_population_and_entity_scope_audit,different_fiscal_unit_classes_cannot_be_summed,1537334713.21,1667641278.58,7326.26,8146.52,111245659.00,187357929.00,192931728.00,227577436.80,1233157326.21,1252705912.78
130040000000,13,municipality,"Schwerin, Landeshauptstadt","Schwerin, Landeshauptstadt",kreisfreie Stadt,kreisfreie Stadt,13004000,13004000,98546,97944,STATISTIKPORTAL_INTEGRATED_2023_T1,STATISTIKPORTAL_INTEGRATED_2024_T1,matching_original_identifier_and_class,not_certified_requires_population_and_entity_scope_audit,different_fiscal_unit_classes_cannot_be_summed,714120314.92,772824820.76,7246.57,7890.48,161305300.00,206042994.00,17311194.50,15601822.02,535503820.42,551180004.74
13071,13,county_administration,Landratsamt Mecklenburgische Seenplatte,Landratsamt Mecklenburgische Seenplatte,Landratsamt,Landratsamt,,,259481,247186,STATISTIKPORTAL_INTEGRATED_2023_T1,STATISTIKPORTAL_INTEGRATED_2024_T1,matching_original_identifier_and_class,not_certified_requires_population_and_entity_scope_audit,different_fiscal_unit_classes_cannot_be_summed,132476761.51,136380262.68,510.55,551.73,108066853.00,103192770.00,4272653.80,5205351.02,20137254.71,27982141.66
130710027027,13,municipality,"Dargun, Stadt","Dargun, Stadt",amtsfreie Gemeinde,amtsfreie Gemeinde,13071027,13071027,4362,4102,STATISTIKPORTAL_INTEGRATED_2023_T1,STATISTIKPORTAL_INTEGRATED_2024_T1,matching_original_identifier_and_class,not_certified_requires_population_and_entity_scope_audit,different_fiscal_unit_classes_cannot_be_summed,199359.01,198761.34,45.70,48.45,0.00,0.00,0.00,0.00,199359.01,198761.34
130710029029,13,municipality,"Demmin, Hansestadt","Demmin, Hansestadt",amtsfreie Gemeinde,amtsfreie Gemeinde,13071029,13071029,10345,9543,STATISTIKPORTAL_INTEGRATED_2023_T1,STATISTIKPORTAL_INTEGRATED_2024_T1,matching_original_identifier_and_class,not_certified_requires_population_and_entity_scope_audit,different_fiscal_unit_classes_cannot_be_summed,19388872.39,17179845.46,1874.23,1800.26,3840000.00,3680000.00,0.00,0.00,15548872.39,13499845.46
130710033033,13,municipality,Feldberger Seenlandschaft,Feldberger Seenlandschaft,amtsfreie Gemeinde,amtsfreie Gemeinde,13071033,13071033,4484,4354,STATISTIKPORTAL_INTEGRATED_2023_T1,STATISTIKPORTAL_INTEGRATED_2024_T1,matching_original_identifier_and_class,not_certified_requires_population_and_entity_scope_audit,different_fiscal_unit_classes_cannot_be_summed,3835894.69,4924148.10,855.46,1130.95,2895050.00,4035940.00,73544.00,105546.00,867300.69,782662.10
130710107107,13,municipality,"Neubrandenburg, Vier-Tore-Stadt","Neubrandenburg, Vier-Tore-Stadt",amtsfreie Gemeinde,amtsfreie Gemeinde,13071107,13071107,64230,60693,STATISTIKPORTAL_INTEGRATED_2023_T1,STATISTIKPORTAL_INTEGRATED_2024_T1,matching_original_identifier_and_class,not_certified_requires_population_and_entity_scope_audit,different_fiscal_unit_classes_cannot_be_summed,438685181.54,445731851.68,6829.91,7344.04,1319138.00,1733784.00,57980443.00,56236828.36,379385600.54,387761239.32
130710110110,13,municipality,"Neustrelitz, Residenzstadt","Neustrelitz, Residenzstadt",amtsfreie Gemeinde,amtsfreie Gemeinde,13071110,13071110,20395,20118,STATISTIKPORTAL_INTEGRATED_2023_T1,STATISTIKPORTAL_INTEGRATED_2024_T1,matching_original_identifier_and_class,not_certified_requires_population_and_entity_scope_audit,different_fiscal_unit_classes_cannot_be_summed,75305671.95,79751102.00,3692.36,3964.17,0.00,0.00,79342.20,15153935.10,75226329.75,64597166.90
130710156156,13,municipality,"Waren (Müritz), Stadt","Waren (Müritz), Stadt",amtsfreie Gemeinde,amtsfreie Gemeinde,13071156,13071156,21265,20342,STATISTIKPORTAL_INTEGRATED_2023_T1,STATISTIKPORTAL_INTEGRATED_2024_T1,matching_original_identifier_and_class,not_certified_requires_population_and_entity_scope_audit,different_fiscal_unit_classes_cannot_be_summed,21601522.44,18919677.50,1015.83,930.08,1262070.00,760003.00,0.00,0.00,20339452.44,18159674.50
130715151,13,joint_administration,Amtsverwaltung Demmin-Land,Amtsverwaltung Demmin-Land,Amtsverwaltung,Amtsverwaltung,,,6911,6564,STATISTIKPORTAL_INTEGRATED_2023_T1,STATISTIKPORTAL_INTEGRATED_2024_T1,matching_original_identifier_and_class,not_certified_requires_population_and_entity_scope_audit,different_fiscal_unit_classes_cannot_be_summed,0.00,0.00,0.00,0.00,0.00,0.00,0.00,0.00,0.00,0.00
130715151008,13,municipality,Beggerow,Beggerow,amtsangehörige Gemeinde,amtsangehörige Gemeinde,13071008,13071008,493,473,STATISTIKPORTAL_INTEGRATED_2023_T1,STATISTIKPORTAL_INTEGRATED_2024_T1,matching_original_identifier_and_class,not_certified_requires_population_and_entity_scope_audit,different_fiscal_unit_classes_cannot_be_summed,2617364.23,2415107.23,5309.06,5105.93,2139236.00,1935344.00,0.00,0.00,478128.23,479763.23
130715151014,13,municipality,Borrentin,Borrentin,amtsangehörige Gemeinde,amtsangehörige Gemeinde,13071014,13071014,784,741,STATISTIKPORTAL_INTEGRATED_2023_T1,STATISTIKPORTAL_INTEGRATED_2024_T1,matching_original_identifier_and_class,not_certified_requires_population_and_entity_scope_audit,different_fiscal_unit_classes_cannot_be_summed,2021801.14,1947386.13,2578.83,2628.05,1311093.00,1235525.00,0.00,0.00,710708.14,711861.13
130715151064,13,municipality,Hohenbollentin,Hohenbollentin,amtsangehörige Gemeinde,amtsangehörige Gemeinde,13071064,13071064,106,100,STATISTIKPORTAL_INTEGRATED_2023_T1,STATISTIKPORTAL_INTEGRATED_2024_T1,matching_original_identifier_and_class,not_certified_requires_population_and_entity_scope_audit,different_fiscal_unit_classes_cannot_be_summed,139329.36,140816.07,1314.43,1408.16,0.00,0.00,0.00,0.00,139329.36,140816.07
130715151065,13,municipality,Hohenmocker,Hohenmocker,amtsangehörige Gemeinde,amtsangehörige Gemeinde,13071065,13071065,465,436,STATISTIKPORTAL_INTEGRATED_2023_T1,STATISTIKPORTAL_INTEGRATED_2024_T1,matching_original_identifier_and_class,not_certified_requires_population_and_entity_scope_audit,different_fiscal_unit_classes_cannot_be_summed,410965.25,412333.71,883.80,945.72,0.00,0.00,0.00,0.00,410965.25,412333.71
130715151072,13,municipality,Kentzlin,Kentzlin,amtsangehörige Gemeinde,amtsangehörige Gemeinde,13071072,13071072,197,186,STATISTIKPORTAL_INTEGRATED_2023_T1,STATISTIKPORTAL_INTEGRATED_2024_T1,matching_original_identifier_and_class,not_certified_requires_population_and_entity_scope_audit,different_fiscal_unit_classes_cannot_be_summed,224401.32,224231.95,1139.09,1205.55,0.00,0.00,0.00,0.00,224401.32,224231.95
130715151076,13,municipality,Kletzin,Kletzin,amtsangehörige Gemeinde,amtsangehörige Gemeinde,13071076,13071076,706,663,STATISTIKPORTAL_INTEGRATED_2023_T1,STATISTIKPORTAL_INTEGRATED_2024_T1,matching_original_identifier_and_class,not_certified_requires_population_and_entity_scope_audit,different_fiscal_unit_classes_cannot_be_summed,734347.68,691103.50,1040.15,1042.39,0.00,0.00,0.00,0.00,734347.68,691103.50
130715151089,13,municipality,Lindenberg,Lindenberg,amtsangehörige Gemeinde,amtsangehörige Gemeinde,13071089,13071089,214,194,STATISTIKPORTAL_INTEGRATED_2023_T1,STATISTIKPORTAL_INTEGRATED_2024_T1,matching_original_identifier_and_class,not_certified_requires_population_and_entity_scope_audit,different_fiscal_unit_classes_cannot_be_summed,392136.83,362901.14,1832.42,1870.62,182456.00,152856.00,0.00,0.00,209680.83,210045.14
130715151096,13,municipality,Meesiger,Meesiger,amtsangehörige Gemeinde,amtsangehörige Gemeinde,13071096,13071096,233,224,STATISTIKPORTAL_INTEGRATED_2023_T1,STATISTIKPORTAL_INTEGRATED_2024_T1,matching_original_identifier_and_class,not_certified_requires_population_and_entity_scope_audit,different_fiscal_unit_classes_cannot_be_summed,230821.82,229926.14,990.65,1026.46,0.00,0.00,0.00,0.00,230821.82,229926.14
130715151112,13,municipality,Nossendorf,Nossendorf,amtsangehörige Gemeinde,amtsangehörige Gemeinde,13071112,13071112,669,642,STATISTIKPORTAL_INTEGRATED_2023_T1,STATISTIKPORTAL_INTEGRATED_2024_T1,matching_original_identifier_and_class,not_certified_requires_population_and_entity_scope_audit,different_fiscal_unit_classes_cannot_be_summed,814748.13,798552.27,1217.86,1243.85,203930.00,183930.00,0.00,0.00,610818.13,614622.27
130715151128,13,municipality,Sarow,Sarow,amtsangehörige Gemeinde,amtsangehörige Gemeinde,13071128,13071128,722,685,STATISTIKPORTAL_INTEGRATED_2023_T1,STATISTIKPORTAL_INTEGRATED_2024_T1,matching_original_identifier_and_class,not_certified_requires_population_and_entity_scope_audit,different_fiscal_unit_classes_cannot_be_summed,612466.15,614633.15,848.29,897.27,0.00,0.00,0.00,0.00,612466.15,614633.15
130715151131,13,municipality,Schönfeld,Schönfeld,amtsangehörige Gemeinde,amtsangehörige Gemeinde,13071131,13071131,364,355,STATISTIKPORTAL_INTEGRATED_2023_T1,STATISTIKPORTAL_INTEGRATED_2024_T1,matching_original_identifier_and_class,not_certified_requires_population_and_entity_scope_audit,different_fiscal_unit_classes_cannot_be_summed,343609.74,344915.07,943.98,971.59,0.00,0.00,0.00,0.00,343609.74,344915.07
130715151136,13,municipality,Siedenbrünzow,Siedenbrünzow,amtsangehörige Gemeinde,amtsangehörige Gemeinde,13071136,13071136,471,442,STATISTIKPORTAL_INTEGRATED_2023_T1,STATISTIKPORTAL_INTEGRATED_2024_T1,matching_original_identifier_and_class,not_certified_requires_population_and_entity_scope_audit,different_fiscal_unit_classes_cannot_be_summed,477935.69,479774.11,1014.73,1085.46,0.00,0.00,0.00,0.00,477935.69,479774.11
130715151139,13,municipality,Sommersdorf,Sommersdorf,amtsangehörige Gemeinde,amtsangehörige Gemeinde,13071139,13071139,257,261,STATISTIKPORTAL_INTEGRATED_2023_T1,STATISTIKPORTAL_INTEGRATED_2024_T1,matching_original_identifier_and_class,not_certified_requires_population_and_entity_scope_audit,different_fiscal_unit_classes_cannot_be_summed,237254.28,237042.59,923.17,908.21,0.00,0.00,0.00,0.00,237254.28,237042.59
130715151148,13,municipality,Utzedel,Utzedel,amtsangehörige Gemeinde,amtsangehörige Gemeinde,13071148,13071148,455,423,STATISTIKPORTAL_INTEGRATED_2023_T1,STATISTIKPORTAL_INTEGRATED_2024_T1,matching_original_identifier_and_class,not_certified_requires_population_and_entity_scope_audit,different_fiscal_unit_classes_cannot_be_summed,411181.73,412344.59,903.70,974.81,0.00,0.00,0.00,0.00,411181.73,412344.59
130715151150,13,municipality,Verchen,Verchen,amtsangehörige Gemeinde,amtsangehörige Gemeinde,13071150,13071150,393,384,STATISTIKPORTAL_INTEGRATED_2023_T1,STATISTIKPORTAL_INTEGRATED_2024_T1,matching_original_identifier_and_class,not_certified_requires_population_and_entity_scope_audit,different_fiscal_unit_classes_cannot_be_summed,350030.23,352020.64,890.66,916.72,0.00,0.00,0.00,0.00,350030.23,352020.64
130715151157,13,municipality,Warrenzin,Warrenzin,amtsangehörige Gemeinde,amtsangehörige Gemeinde,13071157,13071157,382,355,STATISTIKPORTAL_INTEGRATED_2023_T1,STATISTIKPORTAL_INTEGRATED_2024_T1,matching_original_identifier_and_class,not_certified_requires_population_and_entity_scope_audit,different_fiscal_unit_classes_cannot_be_summed,345464.25,346326.45,904.36,975.57,0.00,0.00,0.00,0.00,345464.25,346326.45
130715152,13,joint_administration,Amtsverwaltung Friedland,Amtsverwaltung Friedland,Amtsverwaltung,Amtsverwaltung,,,8391,7985,STATISTIKPORTAL_INTEGRATED_2023_T1,STATISTIKPORTAL_INTEGRATED_2024_T1,matching_original_identifier_and_class,not_certified_requires_population_and_entity_scope_audit,different_fiscal_unit_classes_cannot_be_summed,0.00,0.00,0.00,0.00,0.00,0.00,0.00,0.00,0.00,0.00
130715152028,13,municipality,Datzetal,Datzetal,amtsangehörige Gemeinde,amtsangehörige Gemeinde,13071028,13071028,887,869,STATISTIKPORTAL_INTEGRATED_2023_T1,STATISTIKPORTAL_INTEGRATED_2024_T1,matching_original_identifier_and_class,not_certified_requires_population_and_entity_scope_audit,different_fiscal_unit_classes_cannot_be_summed,1196954.72,1144434.63,1349.44,1316.96,0.00,0.00,0.00,0.00,1196954.72,1144434.63
130715152035,13,municipality,"Friedland, Stadt","Friedland, Stadt",amtsangehörige Gemeinde,amtsangehörige Gemeinde,13071035,13071035,6416,6029,STATISTIKPORTAL_INTEGRATED_2023_T1,STATISTIKPORTAL_INTEGRATED_2024_T1,matching_original_identifier_and_class,not_certified_requires_population_and_entity_scope_audit,different_fiscal_unit_classes_cannot_be_summed,17982542.40,16374721.81,2802.77,2715.99,2287170.00,1883776.00,0.00,0.00,15695372.40,14490945.81
130715152037,13,municipality,Galenbeck,Galenbeck,amtsangehörige Gemeinde,amtsangehörige Gemeinde,13071037,13071037,1088,1087,STATISTIKPORTAL_INTEGRATED_2023_T1,STATISTIKPORTAL_INTEGRATED_2024_T1,matching_original_identifier_and_class,not_certified_requires_population_and_entity_scope_audit,different_fiscal_unit_classes_cannot_be_summed,2829476.72,2658270.22,2600.62,2445.51,469740.00,401740.00,0.00,0.00,2359736.72,2256530.22
130715153,13,joint_administration,Amtsverwaltung Malchin am Kummerower See,Amtsverwaltung Malchin am Kummerower See,Amtsverwaltung,Amtsverwaltung,,,11933,11238,STATISTIKPORTAL_INTEGRATED_2023_T1,STATISTIKPORTAL_INTEGRATED_2024_T1,matching_original_identifier_and_class,not_certified_requires_population_and_entity_scope_audit,different_fiscal_unit_classes_cannot_be_summed,0.00,0.00,0.00,0.00,0.00,0.00,0.00,0.00,0.00,0.00
130715153007,13,municipality,Basedow,Basedow,amtsangehörige Gemeinde,amtsangehörige Gemeinde,13071007,13071007,669,659,STATISTIKPORTAL_INTEGRATED_2023_T1,STATISTIKPORTAL_INTEGRATED_2024_T1,matching_original_identifier_and_class,not_certified_requires_population_and_entity_scope_audit,different_fiscal_unit_classes_cannot_be_summed,932413.82,938796.01,1393.74,1424.58,1410.00,0.00,0.00,0.00,931003.82,938796.01
130715153032,13,municipality,Faulenrost,Faulenrost,amtsangehörige Gemeinde,amtsangehörige Gemeinde,13071032,13071032,634,600,STATISTIKPORTAL_INTEGRATED_2023_T1,STATISTIKPORTAL_INTEGRATED_2024_T1,matching_original_identifier_and_class,not_certified_requires_population_and_entity_scope_audit,different_fiscal_unit_classes_cannot_be_summed,1183767.82,1167935.53,1867.14,1946.56,212964.00,193636.00,0.00,0.00,970803.82,974299.53
130715153039,13,municipality,Gielow,Gielow,amtsangehörige Gemeinde,amtsangehörige Gemeinde,13071039,13071039,1082,1038,STATISTIKPORTAL_INTEGRATED_2023_T1,STATISTIKPORTAL_INTEGRATED_2024_T1,matching_original_identifier_and_class,not_certified_requires_population_and_entity_scope_audit,different_fiscal_unit_classes_cannot_be_summed,1830150.24,2001116.89,1691.45,1927.86,72596.00,221757.00,0.00,0.00,1757554.24,1779359.89
130715153084,13,municipality,"Kummerow, Seegemeinde","Kummerow, Seegemeinde",amtsangehörige Gemeinde,amtsangehörige Gemeinde,13071084,13071084,544,545,STATISTIKPORTAL_INTEGRATED_2023_T1,STATISTIKPORTAL_INTEGRATED_2024_T1,matching_original_identifier_and_class,not_certified_requires_population_and_entity_scope_audit,different_fiscal_unit_classes_cannot_be_summed,1714737.82,1687540.10,3152.09,3096.40,780409.00,745897.00,0.00,0.00,934328.82,941643.10
130715153092,13,municipality,"Malchin, Stadt","Malchin, Stadt",amtsangehörige Gemeinde,amtsangehörige Gemeinde,13071092,13071092,7260,6735,STATISTIKPORTAL_INTEGRATED_2023_T1,STATISTIKPORTAL_INTEGRATED_2024_T1,matching_original_identifier_and_class,not_certified_requires_population_and_entity_scope_audit,different_fiscal_unit_classes_cannot_be_summed,20203512.73,23807798.07,2782.85,3534.94,1317034.00,4160936.00,0.00,0.00,18886478.73,19646862.07
130715153109,13,municipality,"Neukalen, Peenestadt","Neukalen, Peenestadt",amtsangehörige Gemeinde,amtsangehörige Gemeinde,13071109,13071109,1744,1661,STATISTIKPORTAL_INTEGRATED_2023_T1,STATISTIKPORTAL_INTEGRATED_2024_T1,matching_original_identifier_and_class,not_certified_requires_population_and_entity_scope_audit,different_fiscal_unit_classes_cannot_be_summed,2475403.24,2527218.99,1419.38,1521.50,664799.00,695346.00,0.00,0.00,1810604.24,1831872.99
130715154,13,joint_administration,Amtsverwaltung Malchow,Amtsverwaltung Malchow,Amtsverwaltung,Amtsverwaltung,,,10850,9849,STATISTIKPORTAL_INTEGRATED_2023_T1,STATISTIKPORTAL_INTEGRATED_2024_T1,matching_original_identifier_and_class,not_certified_requires_population_and_entity_scope_audit,different_fiscal_unit_classes_cannot_be_summed,0.00,0.00,0.00,0.00,0.00,0.00,0.00,0.00,0.00,0.00
130715154001,13,municipality,Alt Schwerin,Alt Schwerin,amtsangehörige Gemeinde,amtsangehörige Gemeinde,13071001,13071001,563,524,STATISTIKPORTAL_INTEGRATED_2023_T1,STATISTIKPORTAL_INTEGRATED_2024_T1,matching_original_identifier_and_class,not_certified_requires_population_and_entity_scope_audit,different_fiscal_unit_classes_cannot_be_summed,21213.78,19590.43,37.68,37.39,0.00,0.00,0.00,0.00,21213.78,19590.43
130715154036,13,municipality,Fünfseen,Fünfseen,amtsangehörige Gemeinde,amtsangehörige Gemeinde,13071036,13071036,1068,911,STATISTIKPORTAL_INTEGRATED_2023_T1,STATISTIKPORTAL_INTEGRATED_2024_T1,matching_original_identifier_and_class,not_certified_requires_population_and_entity_scope_audit,different_fiscal_unit_classes_cannot_be_summed,767797.01,515411.58,718.91,565.76,731868.00,482164.00,0.00,0.00,35929.01,33247.58
130715154043,13,municipality,Göhren-Lebbin,Göhren-Lebbin,amtsangehörige Gemeinde,amtsangehörige Gemeinde,13071043,13071043,669,859,STATISTIKPORTAL_INTEGRATED_2023_T1,STATISTIKPORTAL_INTEGRATED_2024_T1,matching_original_identifier_and_class,not_certified_requires_population_and_entity_scope_audit,different_fiscal_unit_classes_cannot_be_summed,125009.33,274082.86,186.86,319.07,93357.00,180152.00,1153.00,57835.00,30499.33,36095.86
130715154093,13,municipality,"Malchow, Inselstadt","Malchow, Inselstadt",amtsangehörige Gemeinde,amtsangehörige Gemeinde,13071093,13071093,6568,6022,STATISTIKPORTAL_INTEGRATED_2023_T1,STATISTIKPORTAL_INTEGRATED_2024_T1,matching_original_identifier_and_class,not_certified_requires_population_and_entity_scope_audit,different_fiscal_unit_classes_cannot_be_summed,42450985.92,43641751.80,6463.30,7247.05,624885.00,554989.00,0.00,15079329.80,41826100.92,28007433.00
130715154113,13,municipality,Nossentiner Hütte,Nossentiner Hütte,amtsangehörige Gemeinde,amtsangehörige Gemeinde,13071113,13071113,643,587,STATISTIKPORTAL_INTEGRATED_2023_T1,STATISTIKPORTAL_INTEGRATED_2024_T1,matching_original_identifier_and_class,not_certified_requires_population_and_entity_scope_audit,different_fiscal_unit_classes_cannot_be_summed,315461.25,187251.24,490.61,319.00,287232.00,161150.00,0.00,0.00,28229.25,26101.24
130715154138,13,municipality,Silz,Silz,amtsangehörige Gemeinde,amtsangehörige Gemeinde,13071138,13071138,342,291,STATISTIKPORTAL_INTEGRATED_2023_T1,STATISTIKPORTAL_INTEGRATED_2024_T1,matching_original_identifier_and_class,not_certified_requires_population_and_entity_scope_audit,different_fiscal_unit_classes_cannot_be_summed,14300.93,13174.41,41.82,45.27,0.00,0.00,0.00,0.00,14300.93,13174.41
130715154155,13,municipality,Walow,Walow,amtsangehörige Gemeinde,amtsangehörige Gemeinde,13071155,13071155,498,470,STATISTIKPORTAL_INTEGRATED_2023_T1,STATISTIKPORTAL_INTEGRATED_2024_T1,matching_original_identifier_and_class,not_certified_requires_population_and_entity_scope_audit,different_fiscal_unit_classes_cannot_be_summed,323443.26,275480.00,649.48,586.13,300565.00,254345.00,0.00,0.00,22878.26,21135.00
130715154171,13,municipality,Zislow,Zislow,amtsangehörige Gemeinde,amtsangehörige Gemeinde,13071171,13071171,194,185,STATISTIKPORTAL_INTEGRATED_2023_T1,STATISTIKPORTAL_INTEGRATED_2024_T1,matching_original_identifier_and_class,not_certified_requires_population_and_entity_scope_audit,different_fiscal_unit_classes_cannot_be_summed,234931.69,193375.54,1210.99,1045.27,79500.00,57500.00,0.00,0.00,155431.69,135875.54
130715155,13,joint_administration,Amtsverwaltung Mecklenburgische Kleinseenplatte,Amtsverwaltung Mecklenburgische Kleinseenplatte,Amtsverwaltung,Amtsverwaltung,,,7997,7868,STATISTIKPORTAL_INTEGRATED_2023_T1,STATISTIKPORTAL_INTEGRATED_2024_T1,matching_original_identifier_and_class,not_certified_requires_population_and_entity_scope_audit,different_fiscal_unit_classes_cannot_be_summed,1644799.00,1575979.00,205.68,200.30,1644799.00,1575979.00,0.00,0.00,0.00,0.00
130715155099,13,municipality,"Mirow, Stadt","Mirow, Stadt",amtsangehörige Gemeinde,amtsangehörige Gemeinde,13071099,13071099,3893,3769,STATISTIKPORTAL_INTEGRATED_2023_T1,STATISTIKPORTAL_INTEGRATED_2024_T1,matching_original_identifier_and_class,not_certified_requires_population_and_entity_scope_audit,different_fiscal_unit_classes_cannot_be_summed,5120488.49,4620373.53,1315.31,1225.89,1427933.00,1256063.00,0.00,0.00,3692555.49,3364310.53
130715155119,13,municipality,Priepert,Priepert,amtsangehörige Gemeinde,amtsangehörige Gemeinde,13071119,13071119,315,306,STATISTIKPORTAL_INTEGRATED_2023_T1,STATISTIKPORTAL_INTEGRATED_2024_T1,matching_original_identifier_and_class,not_certified_requires_population_and_entity_scope_audit,different_fiscal_unit_classes_cannot_be_summed,392011.81,358097.03,1244.48,1170.25,110877.00,101692.00,0.00,0.00,281134.81,256405.03
130715155159,13,municipality,"Wesenberg, Stadt","Wesenberg, Stadt",amtsangehörige Gemeinde,amtsangehörige Gemeinde,13071159,13071159,3046,3006,STATISTIKPORTAL_INTEGRATED_2023_T1,STATISTIKPORTAL_INTEGRATED_2024_T1,matching_original_identifier_and_class,not_certified_requires_population_and_entity_scope_audit,different_fiscal_unit_classes_cannot_be_summed,2617213.52,2361232.42,859.23,785.51,308883.00,236442.00,0.00,0.00,2308330.52,2124790.42
130715155167,13,municipality,Wustrow,Wustrow,amtsangehörige Gemeinde,amtsangehörige Gemeinde,13071167,13071167,743,787,STATISTIKPORTAL_INTEGRATED_2023_T1,STATISTIKPORTAL_INTEGRATED_2024_T1,matching_original_identifier_and_class,not_certified_requires_population_and_entity_scope_audit,different_fiscal_unit_classes_cannot_be_summed,534135.85,491258.32,718.89,624.22,0.00,0.00,0.00,0.00,534135.85,491258.32
130715156,13,joint_administration,Amtsverwaltung Neustrelitz-Land,Amtsverwaltung Neustrelitz-Land,Amtsverwaltung,Amtsverwaltung,,,7438,7326,STATISTIKPORTAL_INTEGRATED_2023_T1,STATISTIKPORTAL_INTEGRATED_2024_T1,matching_original_identifier_and_class,not_certified_requires_population_and_entity_scope_audit,different_fiscal_unit_classes_cannot_be_summed,0.00,0.00,0.00,0.00,0.00,0.00,0.00,0.00,0.00,0.00
130715156011,13,municipality,Blankensee,Blankensee,amtsangehörige Gemeinde,amtsangehörige Gemeinde,13071011,13071011,1644,1516,STATISTIKPORTAL_INTEGRATED_2023_T1,STATISTIKPORTAL_INTEGRATED_2024_T1,matching_original_identifier_and_class,not_certified_requires_population_and_entity_scope_audit,different_fiscal_unit_classes_cannot_be_summed,820871.42,760646.77,499.31,501.75,191436.00,165556.00,0.00,0.00,629435.42,595090.77
130715156012,13,municipality,Blumenholz,Blumenholz,amtsangehörige Gemeinde,amtsangehörige Gemeinde,13071012,13071012,770,766,STATISTIKPORTAL_INTEGRATED_2023_T1,STATISTIKPORTAL_INTEGRATED_2024_T1,matching_original_identifier_and_class,not_certified_requires_population_and_entity_scope_audit,different_fiscal_unit_classes_cannot_be_summed,256277.54,247473.21,332.83,323.07,0.00,0.00,0.00,0.00,256277.54,247473.21
130715156025,13,municipality,Carpin,Carpin,amtsangehörige Gemeinde,amtsangehörige Gemeinde,13071025,13071025,820,804,STATISTIKPORTAL_INTEGRATED_2023_T1,STATISTIKPORTAL_INTEGRATED_2024_T1,matching_original_identifier_and_class,not_certified_requires_population_and_entity_scope_audit,different_fiscal_unit_classes_cannot_be_summed,456956.64,439450.05,557.26,546.58,0.00,0.00,0.00,0.00,456956.64,439450.05
130715156042,13,municipality,Godendorf,Godendorf,amtsangehörige Gemeinde,amtsangehörige Gemeinde,13071042,13071042,233,242,STATISTIKPORTAL_INTEGRATED_2023_T1,STATISTIKPORTAL_INTEGRATED_2024_T1,matching_original_identifier_and_class,not_certified_requires_population_and_entity_scope_audit,different_fiscal_unit_classes_cannot_be_summed,177433.89,160142.80,761.52,661.75,0.00,0.00,0.00,0.00,177433.89,160142.80
130715156058,13,municipality,Grünow,Grünow,amtsangehörige Gemeinde,amtsangehörige Gemeinde,13071058,13071058,311,315,STATISTIKPORTAL_INTEGRATED_2023_T1,STATISTIKPORTAL_INTEGRATED_2024_T1,matching_original_identifier_and_class,not_certified_requires_population_and_entity_scope_audit,different_fiscal_unit_classes_cannot_be_summed,456956.64,439450.05,1469.31,1395.08,0.00,0.00,0.00,0.00,456956.64,439450.05
130715156066,13,municipality,Hohenzieritz,Hohenzieritz,amtsangehörige Gemeinde,amtsangehörige Gemeinde,13071066,13071066,449,447,STATISTIKPORTAL_INTEGRATED_2023_T1,STATISTIKPORTAL_INTEGRATED_2024_T1,matching_original_identifier_and_class,not_certified_requires_population_and_entity_scope_audit,different_fiscal_unit_classes_cannot_be_summed,277249.54,305891.21,617.48,684.32,20972.00,58418.00,0.00,0.00,256277.54,247473.21
130715156075,13,municipality,Klein Vielen,Klein Vielen,amtsangehörige Gemeinde,amtsangehörige Gemeinde,13071075,13071075,643,664,STATISTIKPORTAL_INTEGRATED_2023_T1,STATISTIKPORTAL_INTEGRATED_2024_T1,matching_original_identifier_and_class,not_certified_requires_population_and_entity_scope_audit,different_fiscal_unit_classes_cannot_be_summed,177433.89,160142.80,275.95,241.18,0.00,0.00,0.00,0.00,177433.89,160142.80
130715156080,13,municipality,Kratzeburg,Kratzeburg,amtsangehörige Gemeinde,amtsangehörige Gemeinde,13071080,13071080,550,545,STATISTIKPORTAL_INTEGRATED_2023_T1,STATISTIKPORTAL_INTEGRATED_2024_T1,matching_original_identifier_and_class,not_certified_requires_population_and_entity_scope_audit,different_fiscal_unit_classes_cannot_be_summed,177984.73,160654.03,323.61,294.78,0.00,0.00,0.00,0.00,177984.73,160654.03
130715156100,13,municipality,Möllenbeck,Möllenbeck,amtsangehörige Gemeinde,amtsangehörige Gemeinde,13071100,13071100,744,764,STATISTIKPORTAL_INTEGRATED_2023_T1,STATISTIKPORTAL_INTEGRATED_2024_T1,matching_original_identifier_and_class,not_certified_requires_population_and_entity_scope_audit,different_fiscal_unit_classes_cannot_be_summed,857430.64,815324.05,1152.46,1067.18,400474.00,375874.00,0.00,0.00,456956.64,439450.05
130715156147,13,municipality,Userin,Userin,amtsangehörige Gemeinde,amtsangehörige Gemeinde,13071147,13071147,699,686,STATISTIKPORTAL_INTEGRATED_2023_T1,STATISTIKPORTAL_INTEGRATED_2024_T1,matching_original_identifier_and_class,not_certified_requires_population_and_entity_scope_audit,different_fiscal_unit_classes_cannot_be_summed,177445.86,160153.68,253.86,233.46,0.00,0.00,0.00,0.00,177445.86,160153.68
130715156162,13,municipality,Wokuhl-Dabelow,Wokuhl-Dabelow,amtsangehörige Gemeinde,amtsangehörige Gemeinde,13071162,13071162,575,577,STATISTIKPORTAL_INTEGRATED_2023_T1,STATISTIKPORTAL_INTEGRATED_2024_T1,matching_original_identifier_and_class,not_certified_requires_population_and_entity_scope_audit,different_fiscal_unit_classes_cannot_be_summed,177445.86,160153.68,308.60,277.56,0.00,0.00,0.00,0.00,177445.86,160153.68
130715157,13,joint_administration,Amtsverwaltung Neverin,Amtsverwaltung Neverin,Amtsverwaltung,Amtsverwaltung,,,8797,8748,STATISTIKPORTAL_INTEGRATED_2023_T1,STATISTIKPORTAL_INTEGRATED_2024_T1,matching_original_identifier_and_class,not_certified_requires_population_and_entity_scope_audit,different_fiscal_unit_classes_cannot_be_summed,197156.44,218378.43,22.41,24.96,0.00,0.00,0.00,0.00,197156.44,218378.43
130715157009,13,municipality,Beseritz,Beseritz,amtsangehörige Gemeinde,amtsangehörige Gemeinde,13071009,13071009,121,125,STATISTIKPORTAL_INTEGRATED_2023_T1,STATISTIKPORTAL_INTEGRATED_2024_T1,matching_original_identifier_and_class,not_certified_requires_population_and_entity_scope_audit,different_fiscal_unit_classes_cannot_be_summed,1122392.62,1134866.61,9275.97,9078.93,0.00,62685.00,0.00,0.00,1122392.62,1072181.61
130715157010,13,municipality,Blankenhof,Blankenhof,amtsangehörige Gemeinde,amtsangehörige Gemeinde,13071010,13071010,711,713,STATISTIKPORTAL_INTEGRATED_2023_T1,STATISTIKPORTAL_INTEGRATED_2024_T1,matching_original_identifier_and_class,not_certified_requires_population_and_entity_scope_audit,different_fiscal_unit_classes_cannot_be_summed,202376.33,222934.96,284.64,312.67,0.00,0.00,0.00,0.00,202376.33,222934.96
130715157019,13,municipality,Brunn,Brunn,amtsangehörige Gemeinde,amtsangehörige Gemeinde,13071019,13071019,1056,1034,STATISTIKPORTAL_INTEGRATED_2023_T1,STATISTIKPORTAL_INTEGRATED_2024_T1,matching_original_identifier_and_class,not_certified_requires_population_and_entity_scope_audit,different_fiscal_unit_classes_cannot_be_summed,2899879.28,2774972.76,2746.10,2683.73,634346.00,611060.00,0.00,0.00,2265533.28,2163912.76
130715157104,13,municipality,Neddemin,Neddemin,amtsangehörige Gemeinde,amtsangehörige Gemeinde,13071104,13071104,340,337,STATISTIKPORTAL_INTEGRATED_2023_T1,STATISTIKPORTAL_INTEGRATED_2024_T1,matching_original_identifier_and_class,not_certified_requires_population_and_entity_scope_audit,different_fiscal_unit_classes_cannot_be_summed,1121653.06,1071269.28,3298.98,3178.84,0.00,0.00,0.00,0.00,1121653.06,1071269.28
130715157108,13,municipality,Neuenkirchen,Neuenkirchen,amtsangehörige Gemeinde,amtsangehörige Gemeinde,13071108,13071108,1145,1122,STATISTIKPORTAL_INTEGRATED_2023_T1,STATISTIKPORTAL_INTEGRATED_2024_T1,matching_original_identifier_and_class,not_certified_requires_population_and_entity_scope_audit,different_fiscal_unit_classes_cannot_be_summed,202159.85,222924.08,176.56,198.68,0.00,0.00,0.00,0.00,202159.85,222924.08
130715157111,13,municipality,Neverin,Neverin,amtsangehörige Gemeinde,amtsangehörige Gemeinde,13071111,13071111,1001,1002,STATISTIKPORTAL_INTEGRATED_2023_T1,STATISTIKPORTAL_INTEGRATED_2024_T1,matching_original_identifier_and_class,not_certified_requires_population_and_entity_scope_audit,different_fiscal_unit_classes_cannot_be_summed,203717.44,223836.41,203.51,223.39,0.00,0.00,0.00,0.00,203717.44,223836.41
130715157140,13,municipality,Sponholz,Sponholz,amtsangehörige Gemeinde,amtsangehörige Gemeinde,13071140,13071140,761,727,STATISTIKPORTAL_INTEGRATED_2023_T1,STATISTIKPORTAL_INTEGRATED_2024_T1,matching_original_identifier_and_class,not_certified_requires_population_and_entity_scope_audit,different_fiscal_unit_classes_cannot_be_summed,1140219.41,1089803.65,1498.32,1499.04,0.00,0.00,0.00,0.00,1140219.41,1089803.65
130715157141,13,municipality,Staven,Staven,amtsangehörige Gemeinde,amtsangehörige Gemeinde,13071141,13071141,362,359,STATISTIKPORTAL_INTEGRATED_2023_T1,STATISTIKPORTAL_INTEGRATED_2024_T1,matching_original_identifier_and_class,not_certified_requires_population_and_entity_scope_audit,different_fiscal_unit_classes_cannot_be_summed,1342595.81,1615968.62,3708.83,4501.31,208677.00,532649.00,0.00,0.00,1133918.81,1083319.62
130715157145,13,municipality,Trollenhagen,Trollenhagen,amtsangehörige Gemeinde,amtsangehörige Gemeinde,13071145,13071145,928,925,STATISTIKPORTAL_INTEGRATED_2023_T1,STATISTIKPORTAL_INTEGRATED_2024_T1,matching_original_identifier_and_class,not_certified_requires_population_and_entity_scope_audit,different_fiscal_unit_classes_cannot_be_summed,817162.35,808247.62,880.56,873.78,590868.00,563146.00,23100.00,22166.66,203194.35,222934.96
130715157161,13,municipality,Woggersin,Woggersin,amtsangehörige Gemeinde,amtsangehörige Gemeinde,13071161,13071161,517,510,STATISTIKPORTAL_INTEGRATED_2023_T1,STATISTIKPORTAL_INTEGRATED_2024_T1,matching_original_identifier_and_class,not_certified_requires_population_and_entity_scope_audit,different_fiscal_unit_classes_cannot_be_summed,202580.83,222934.96,391.84,437.13,0.00,0.00,0.00,0.00,202580.83,222934.96
130715157166,13,municipality,Wulkenzin,Wulkenzin,amtsangehörige Gemeinde,amtsangehörige Gemeinde,13071166,13071166,1508,1549,STATISTIKPORTAL_INTEGRATED_2023_T1,STATISTIKPORTAL_INTEGRATED_2024_T1,matching_original_identifier_and_class,not_certified_requires_population_and_entity_scope_audit,different_fiscal_unit_classes_cannot_be_summed,202171.82,222934.96,134.07,143.92,0.00,0.00,0.00,0.00,202171.82,222934.96
130715157170,13,municipality,Zirzow,Zirzow,amtsangehörige Gemeinde,amtsangehörige Gemeinde,13071170,13071170,347,345,STATISTIKPORTAL_INTEGRATED_2023_T1,STATISTIKPORTAL_INTEGRATED_2024_T1,matching_original_identifier_and_class,not_certified_requires_population_and_entity_scope_audit,different_fiscal_unit_classes_cannot_be_summed,202171.82,222934.96,582.63,646.19,0.00,0.00,0.00,0.00,202171.82,222934.96
130715158,13,joint_administration,Amtsverwaltung Penzliner Land,Amtsverwaltung Penzliner Land,Amtsverwaltung,Amtsverwaltung,,,6669,6680,STATISTIKPORTAL_INTEGRATED_2023_T1,STATISTIKPORTAL_INTEGRATED_2024_T1,matching_original_identifier_and_class,not_certified_requires_population_and_entity_scope_audit,different_fiscal_unit_classes_cannot_be_summed,13733.00,0.00,2.06,0.00,13733.00,0.00,0.00,0.00,0.00,0.00
130715158005,13,municipality,"Ankershagen, Schliemanngemeinde","Ankershagen, Schliemanngemeinde",amtsangehörige Gemeinde,amtsangehörige Gemeinde,13071005,13071005,523,494,STATISTIKPORTAL_INTEGRATED_2023_T1,STATISTIKPORTAL_INTEGRATED_2024_T1,matching_original_identifier_and_class,not_certified_requires_population_and_entity_scope_audit,different_fiscal_unit_classes_cannot_be_summed,5318.17,6249.16,10.17,12.65,0.00,0.00,0.00,0.00,5318.17,6249.16
130715158101,13,municipality,Möllenhagen,Möllenhagen,amtsangehörige Gemeinde,amtsangehörige Gemeinde,13071101,13071101,1538,1599,STATISTIKPORTAL_INTEGRATED_2023_T1,STATISTIKPORTAL_INTEGRATED_2024_T1,matching_original_identifier_and_class,not_certified_requires_population_and_entity_scope_audit,different_fiscal_unit_classes_cannot_be_summed,95686.41,82506.51,62.21,51.60,21058.00,12648.00,0.00,0.00,74628.41,69858.51
130715158115,13,municipality,"Penzlin, Stadt","Penzlin, Stadt",amtsangehörige Gemeinde,amtsangehörige Gemeinde,13071115,13071115,4056,4014,STATISTIKPORTAL_INTEGRATED_2023_T1,STATISTIKPORTAL_INTEGRATED_2024_T1,matching_original_identifier_and_class,not_certified_requires_population_and_entity_scope_audit,different_fiscal_unit_classes_cannot_be_summed,6039548.52,4394545.50,1489.04,1094.80,5036871.00,3513251.00,0.00,0.00,1002677.52,881294.50
130715158173,13,municipality,Kuckssee,Kuckssee,amtsangehörige Gemeinde,amtsangehörige Gemeinde,13071173,13071173,552,573,STATISTIKPORTAL_INTEGRATED_2023_T1,STATISTIKPORTAL_INTEGRATED_2024_T1,matching_original_identifier_and_class,not_certified_requires_population_and_entity_scope_audit,different_fiscal_unit_classes_cannot_be_summed,180836.27,163527.63,327.60,285.39,99072.00,91620.00,0.00,0.00,81764.27,71907.63
130715159,13,joint_administration,Amtsverwaltung Röbel-Müritz,Amtsverwaltung Röbel-Müritz,Amtsverwaltung,Amtsverwaltung,,,14462,13418,STATISTIKPORTAL_INTEGRATED_2023_T1,STATISTIKPORTAL_INTEGRATED_2024_T1,matching_original_identifier_and_class,not_certified_requires_population_and_entity_scope_audit,different_fiscal_unit_classes_cannot_be_summed,7279070.00,7588908.00,503.32,565.58,172868.00,149201.00,0.00,0.00,7106202.00,7439707.00
130715159003,13,municipality,Altenhof,Altenhof,amtsangehörige Gemeinde,amtsangehörige Gemeinde,13071003,13071003,349,306,STATISTIKPORTAL_INTEGRATED_2023_T1,STATISTIKPORTAL_INTEGRATED_2024_T1,matching_original_identifier_and_class,not_certified_requires_population_and_entity_scope_audit,different_fiscal_unit_classes_cannot_be_summed,20269.48,18714.03,58.08,61.16,0.00,0.00,0.00,0.00,20269.48,18714.03
130715159013,13,municipality,Bollewick,Bollewick,amtsangehörige Gemeinde,amtsangehörige Gemeinde,13071013,13071013,641,608,STATISTIKPORTAL_INTEGRATED_2023_T1,STATISTIKPORTAL_INTEGRATED_2024_T1,matching_original_identifier_and_class,not_certified_requires_population_and_entity_scope_audit,different_fiscal_unit_classes_cannot_be_summed,35177.34,29130.88,54.88,47.91,5701.00,1872.00,0.00,0.00,29476.34,27258.88
130715159020,13,municipality,Buchholz,Buchholz,amtsangehörige Gemeinde,amtsangehörige Gemeinde,13071020,13071020,133,121,STATISTIKPORTAL_INTEGRATED_2023_T1,STATISTIKPORTAL_INTEGRATED_2024_T1,matching_original_identifier_and_class,not_certified_requires_population_and_entity_scope_audit,different_fiscal_unit_classes_cannot_be_summed,18459.59,17034.28,138.79,140.78,0.00,0.00,0.00,0.00,18459.59,17034.28
130715159023,13,municipality,Bütow,Bütow,amtsangehörige Gemeinde,amtsangehörige Gemeinde,13071023,13071023,480,448,STATISTIKPORTAL_INTEGRATED_2023_T1,STATISTIKPORTAL_INTEGRATED_2024_T1,matching_original_identifier_and_class,not_certified_requires_population_and_entity_scope_audit,different_fiscal_unit_classes_cannot_be_summed,28768.12,26601.59,59.93,59.38,0.00,0.00,0.00,0.00,28768.12,26601.59
130715159034,13,municipality,Fincken,Fincken,amtsangehörige Gemeinde,amtsangehörige Gemeinde,13071034,13071034,508,463,STATISTIKPORTAL_INTEGRATED_2023_T1,STATISTIKPORTAL_INTEGRATED_2024_T1,matching_original_identifier_and_class,not_certified_requires_population_and_entity_scope_audit,different_fiscal_unit_classes_cannot_be_summed,36794.61,34050.94,72.43,73.54,0.00,0.00,0.00,0.00,36794.61,34050.94
130715159045,13,municipality,Gotthun,Gotthun,amtsangehörige Gemeinde,amtsangehörige Gemeinde,13071045,13071045,330,312,STATISTIKPORTAL_INTEGRATED_2023_T1,STATISTIKPORTAL_INTEGRATED_2024_T1,matching_original_identifier_and_class,not_certified_requires_population_and_entity_scope_audit,different_fiscal_unit_classes_cannot_be_summed,28492.90,11995.01,86.34,38.45,0.00,0.00,0.00,0.00,28492.90,11995.01
130715159053,13,municipality,Groß Kelle,Groß Kelle,amtsangehörige Gemeinde,amtsangehörige Gemeinde,13071053,13071053,102,111,STATISTIKPORTAL_INTEGRATED_2023_T1,STATISTIKPORTAL_INTEGRATED_2024_T1,matching_original_identifier_and_class,not_certified_requires_population_and_entity_scope_audit,different_fiscal_unit_classes_cannot_be_summed,16059.62,13234.18,157.45,119.23,4997.00,3065.00,0.00,0.00,11062.62,10169.18
130715159073,13,municipality,Kieve,Kieve,amtsangehörige Gemeinde,amtsangehörige Gemeinde,13071073,13071073,142,129,STATISTIKPORTAL_INTEGRATED_2023_T1,STATISTIKPORTAL_INTEGRATED_2024_T1,matching_original_identifier_and_class,not_certified_requires_population_and_entity_scope_audit,different_fiscal_unit_classes_cannot_be_summed,18380.90,16961.24,129.44,131.48,0.00,0.00,0.00,0.00,18380.90,16961.24
130715159087,13,municipality,Lärz,Lärz,amtsangehörige Gemeinde,amtsangehörige Gemeinde,13071087,13071087,501,465,STATISTIKPORTAL_INTEGRATED_2023_T1,STATISTIKPORTAL_INTEGRATED_2024_T1,matching_original_identifier_and_class,not_certified_requires_population_and_entity_scope_audit,different_fiscal_unit_classes_cannot_be_summed,317418.14,292834.92,633.57,629.75,295024.00,272149.00,0.00,0.00,22394.14,20685.92
130715159088,13,municipality,Leizen,Leizen,amtsangehörige Gemeinde,amtsangehörige Gemeinde,13071088,13071088,470,462,STATISTIKPORTAL_INTEGRATED_2023_T1,STATISTIKPORTAL_INTEGRATED_2024_T1,matching_original_identifier_and_class,not_certified_requires_population_and_entity_scope_audit,different_fiscal_unit_classes_cannot_be_summed,30027.18,27770.11,63.89,60.11,0.00,0.00,0.00,0.00,30027.18,27770.11
130715159097,13,municipality,Melz,Melz,amtsangehörige Gemeinde,amtsangehörige Gemeinde,13071097,13071097,322,296,STATISTIKPORTAL_INTEGRATED_2023_T1,STATISTIKPORTAL_INTEGRATED_2024_T1,matching_original_identifier_and_class,not_certified_requires_population_and_entity_scope_audit,different_fiscal_unit_classes_cannot_be_summed,25618.78,21350.43,79.56,72.13,4405.00,1760.00,0.00,0.00,21213.78,19590.43
130715159118,13,municipality,Priborn,Priborn,amtsangehörige Gemeinde,amtsangehörige Gemeinde,13071118,13071118,352,376,STATISTIKPORTAL_INTEGRATED_2023_T1,STATISTIKPORTAL_INTEGRATED_2024_T1,matching_original_identifier_and_class,not_certified_requires_population_and_entity_scope_audit,different_fiscal_unit_classes_cannot_be_summed,27367.59,15146.30,77.75,40.28,10942.00,0.00,0.00,0.00,16425.59,15146.30
130715159122,13,municipality,Rechlin,Rechlin,amtsangehörige Gemeinde,amtsangehörige Gemeinde,13071122,13071122,2057,1840,STATISTIKPORTAL_INTEGRATED_2023_T1,STATISTIKPORTAL_INTEGRATED_2024_T1,matching_original_identifier_and_class,not_certified_requires_population_and_entity_scope_audit,different_fiscal_unit_classes_cannot_be_summed,35367.63,12853.79,17.19,6.99,21518.00,0.00,0.00,0.00,13849.63,12853.79
130715159124,13,municipality,"Röbel/Müritz, Stadt","Röbel/Müritz, Stadt",amtsangehörige Gemeinde,amtsangehörige Gemeinde,13071124,13071124,5071,4709,STATISTIKPORTAL_INTEGRATED_2023_T1,STATISTIKPORTAL_INTEGRATED_2024_T1,matching_original_identifier_and_class,not_certified_requires_population_and_entity_scope_audit,different_fiscal_unit_classes_cannot_be_summed,6584464.09,6632901.70,1298.45,1408.56,0.00,0.00,0.00,0.00,6584464.09,6632901.70
130715159133,13,municipality,Schwarz,Schwarz,amtsangehörige Gemeinde,amtsangehörige Gemeinde,13071133,13071133,359,340,STATISTIKPORTAL_INTEGRATED_2023_T1,STATISTIKPORTAL_INTEGRATED_2024_T1,matching_original_identifier_and_class,not_certified_requires_population_and_entity_scope_audit,different_fiscal_unit_classes_cannot_be_summed,182324.71,164681.72,507.87,484.36,0.00,0.00,0.00,0.00,182324.71,164681.72
130715159137,13,municipality,Sietow,Sietow,amtsangehörige Gemeinde,amtsangehörige Gemeinde,13071137,13071137,632,548,STATISTIKPORTAL_INTEGRATED_2023_T1,STATISTIKPORTAL_INTEGRATED_2024_T1,matching_original_identifier_and_class,not_certified_requires_population_and_entity_scope_audit,different_fiscal_unit_classes_cannot_be_summed,19651.92,18140.65,31.09,33.10,0.00,0.00,0.00,0.00,19651.92,18140.65
130715159143,13,municipality,Stuer,Stuer,amtsangehörige Gemeinde,amtsangehörige Gemeinde,13071143,13071143,268,244,STATISTIKPORTAL_INTEGRATED_2023_T1,STATISTIKPORTAL_INTEGRATED_2024_T1,matching_original_identifier_and_class,not_certified_requires_population_and_entity_scope_audit,different_fiscal_unit_classes_cannot_be_summed,19067.75,16471.07,71.15,67.50,3193.00,1836.00,0.00,0.00,15874.75,14635.07
130715159175,13,municipality,Eldetal,Eldetal,amtsangehörige Gemeinde,amtsangehörige Gemeinde,13071175,13071175,879,869,STATISTIKPORTAL_INTEGRATED_2023_T1,STATISTIKPORTAL_INTEGRATED_2024_T1,matching_original_identifier_and_class,not_certified_requires_population_and_entity_scope_audit,different_fiscal_unit_classes_cannot_be_summed,70350.60,62898.94,80.03,72.38,2473.00,0.00,0.00,0.00,67877.60,62898.94
130715159176,13,municipality,Südmüritz,Südmüritz,amtsangehörige Gemeinde,amtsangehörige Gemeinde,13071176,13071176,866,771,STATISTIKPORTAL_INTEGRATED_2023_T1,STATISTIKPORTAL_INTEGRATED_2024_T1,matching_original_identifier_and_class,not_certified_requires_population_and_entity_scope_audit,different_fiscal_unit_classes_cannot_be_summed,84275.22,77500.09,97.32,100.52,54000.00,49500.00,0.00,0.00,30275.22,28000.09
130715160,13,joint_administration,Amtsverwaltung Seenlandschaft Waren,Amtsverwaltung Seenlandschaft Waren,Amtsverwaltung,Amtsverwaltung,,,9597,9028,STATISTIKPORTAL_INTEGRATED_2023_T1,STATISTIKPORTAL_INTEGRATED_2024_T1,matching_original_identifier_and_class,not_certified_requires_population_and_entity_scope_audit,different_fiscal_unit_classes_cannot_be_summed,0.00,0.00,0.00,0.00,0.00,0.00,0.00,0.00,0.00,0.00
130715160047,13,municipality,Grabowhöfe,Grabowhöfe,amtsangehörige Gemeinde,amtsangehörige Gemeinde,13071047,13071047,1384,1337,STATISTIKPORTAL_INTEGRATED_2023_T1,STATISTIKPORTAL_INTEGRATED_2024_T1,matching_original_identifier_and_class,not_certified_requires_population_and_entity_scope_audit,different_fiscal_unit_classes_cannot_be_summed,64161.61,41864.28,46.36,31.31,18691.00,0.00,0.00,0.00,45470.61,41864.28
130715160056,13,municipality,Groß Plasten,Groß Plasten,amtsangehörige Gemeinde,amtsangehörige Gemeinde,13071056,13071056,1042,1043,STATISTIKPORTAL_INTEGRATED_2023_T1,STATISTIKPORTAL_INTEGRATED_2024_T1,matching_original_identifier_and_class,not_certified_requires_population_and_entity_scope_audit,different_fiscal_unit_classes_cannot_be_summed,106128.41,92562.27,101.85,88.75,0.00,0.00,0.00,0.00,106128.41,92562.27
130715160063,13,municipality,Hohen Wangelin,Hohen Wangelin,amtsangehörige Gemeinde,amtsangehörige Gemeinde,13071063,13071063,664,551,STATISTIKPORTAL_INTEGRATED_2023_T1,STATISTIKPORTAL_INTEGRATED_2024_T1,matching_original_identifier_and_class,not_certified_requires_population_and_entity_scope_audit,different_fiscal_unit_classes_cannot_be_summed,1279585.82,1146665.01,1927.09,2081.06,1254545.00,1121872.00,0.00,0.00,25040.82,24793.01
130715160069,13,municipality,Jabel,Jabel,amtsangehörige Gemeinde,amtsangehörige Gemeinde,13071069,13071069,652,606,STATISTIKPORTAL_INTEGRATED_2023_T1,STATISTIKPORTAL_INTEGRATED_2024_T1,matching_original_identifier_and_class,not_certified_requires_population_and_entity_scope_audit,different_fiscal_unit_classes_cannot_be_summed,558246.17,502140.73,856.21,828.62,522868.00,467993.00,0.00,0.00,35378.17,34147.73
130715160071,13,municipality,Kargow,Kargow,amtsangehörige Gemeinde,amtsangehörige Gemeinde,13071071,13071071,680,635,STATISTIKPORTAL_INTEGRATED_2023_T1,STATISTIKPORTAL_INTEGRATED_2024_T1,matching_original_identifier_and_class,not_certified_requires_population_and_entity_scope_audit,different_fiscal_unit_classes_cannot_be_summed,43914.25,40061.02,64.58,63.09,0.00,0.00,0.00,0.00,43914.25,40061.02
130715160077,13,municipality,Klink,Klink,amtsangehörige Gemeinde,amtsangehörige Gemeinde,13071077,13071077,1165,1053,STATISTIKPORTAL_INTEGRATED_2023_T1,STATISTIKPORTAL_INTEGRATED_2024_T1,matching_original_identifier_and_class,not_certified_requires_population_and_entity_scope_audit,different_fiscal_unit_classes_cannot_be_summed,566348.43,524505.51,486.14,498.11,547338.00,506960.00,0.00,0.00,19010.43,17545.51
130715160078,13,municipality,Klocksin,Klocksin,amtsangehörige Gemeinde,amtsangehörige Gemeinde,13071078,13071078,333,325,STATISTIKPORTAL_INTEGRATED_2023_T1,STATISTIKPORTAL_INTEGRATED_2024_T1,matching_original_identifier_and_class,not_certified_requires_population_and_entity_scope_audit,different_fiscal_unit_classes_cannot_be_summed,157731.91,135470.90,473.67,416.83,98544.00,80084.00,0.00,0.00,59187.91,55386.90
130715160103,13,municipality,Moltzow,Moltzow,amtsangehörige Gemeinde,amtsangehörige Gemeinde,13071103,13071103,908,836,STATISTIKPORTAL_INTEGRATED_2023_T1,STATISTIKPORTAL_INTEGRATED_2024_T1,matching_original_identifier_and_class,not_certified_requires_population_and_entity_scope_audit,different_fiscal_unit_classes_cannot_be_summed,779665.23,734825.88,858.66,878.98,648763.00,612405.00,0.00,0.00,130902.23,122420.88
130715160144,13,municipality,Torgelow am See,Torgelow am See,amtsangehörige Gemeinde,amtsangehörige Gemeinde,13071144,13071144,442,413,STATISTIKPORTAL_INTEGRATED_2023_T1,STATISTIKPORTAL_INTEGRATED_2024_T1,matching_original_identifier_and_class,not_certified_requires_population_and_entity_scope_audit,different_fiscal_unit_classes_cannot_be_summed,35337.53,34804.06,79.95,84.27,0.00,0.00,0.00,0.00,35337.53,34804.06
130715160154,13,municipality,Vollrathsruhe,Vollrathsruhe,amtsangehörige Gemeinde,amtsangehörige Gemeinde,13071154,13071154,423,391,STATISTIKPORTAL_INTEGRATED_2023_T1,STATISTIKPORTAL_INTEGRATED_2024_T1,matching_original_identifier_and_class,not_certified_requires_population_and_entity_scope_audit,different_fiscal_unit_classes_cannot_be_summed,344924.38,323408.72,815.42,827.13,281884.00,263492.00,0.00,0.00,63040.38,59916.72
130715160172,13,municipality,Peenehagen,Peenehagen,amtsangehörige Gemeinde,amtsangehörige Gemeinde,13071172,13071172,1045,996,STATISTIKPORTAL_INTEGRATED_2023_T1,STATISTIKPORTAL_INTEGRATED_2024_T1,matching_original_identifier_and_class,not_certified_requires_population_and_entity_scope_audit,different_fiscal_unit_classes_cannot_be_summed,149240.38,140852.10,142.81,141.42,0.00,0.00,0.00,0.00,149240.38,140852.10
130715160174,13,municipality,Schloen-Dratow,Schloen-Dratow,amtsangehörige Gemeinde,amtsangehörige Gemeinde,13071174,13071174,859,842,STATISTIKPORTAL_INTEGRATED_2023_T1,STATISTIKPORTAL_INTEGRATED_2024_T1,matching_original_identifier_and_class,not_certified_requires_population_and_entity_scope_audit,different_fiscal_unit_classes_cannot_be_summed,71399.10,65904.23,83.12,78.27,0.00,0.00,0.00,0.00,71399.10,65904.23
130715161,13,joint_administration,Amtsverwaltung Stargarder Land,Amtsverwaltung Stargarder Land,Amtsverwaltung,Amtsverwaltung,,,9854,9610,STATISTIKPORTAL_INTEGRATED_2023_T1,STATISTIKPORTAL_INTEGRATED_2024_T1,matching_original_identifier_and_class,not_certified_requires_population_and_entity_scope_audit,different_fiscal_unit_classes_cannot_be_summed,0.00,0.00,0.00,0.00,0.00,0.00,0.00,0.00,0.00,0.00
130715161021,13,municipality,"Burg Stargard, Stadt","Burg Stargard, Stadt",amtsangehörige Gemeinde,amtsangehörige Gemeinde,13071021,13071021,5277,5185,STATISTIKPORTAL_INTEGRATED_2023_T1,STATISTIKPORTAL_INTEGRATED_2024_T1,matching_original_identifier_and_class,not_certified_requires_population_and_entity_scope_audit,different_fiscal_unit_classes_cannot_be_summed,3508560.31,3235227.10,664.88,623.96,1228357.00,1123023.00,0.00,0.00,2280203.31,2112204.10
130715161026,13,municipality,Cölpin,Cölpin,amtsangehörige Gemeinde,amtsangehörige Gemeinde,13071026,13071026,921,877,STATISTIKPORTAL_INTEGRATED_2023_T1,STATISTIKPORTAL_INTEGRATED_2024_T1,matching_original_identifier_and_class,not_certified_requires_population_and_entity_scope_audit,different_fiscal_unit_classes_cannot_be_summed,795404.92,788628.29,863.63,899.23,277563.00,265361.00,0.00,0.00,517841.92,523267.29
130715161055,13,municipality,Groß Nemerow,Groß Nemerow,amtsangehörige Gemeinde,amtsangehörige Gemeinde,13071055,13071055,1144,1117,STATISTIKPORTAL_INTEGRATED_2023_T1,STATISTIKPORTAL_INTEGRATED_2024_T1,matching_original_identifier_and_class,not_certified_requires_population_and_entity_scope_audit,different_fiscal_unit_classes_cannot_be_summed,1864485.06,1772684.06,1629.79,1587.00,1780638.00,1680808.00,0.00,0.00,83847.06,91876.06
130715161067,13,municipality,Holldorf,Holldorf,amtsangehörige Gemeinde,amtsangehörige Gemeinde,13071067,13071067,769,744,STATISTIKPORTAL_INTEGRATED_2023_T1,STATISTIKPORTAL_INTEGRATED_2024_T1,matching_original_identifier_and_class,not_certified_requires_population_and_entity_scope_audit,different_fiscal_unit_classes_cannot_be_summed,208920.06,196662.06,271.68,264.33,125073.00,104786.00,0.00,0.00,83847.06,91876.06
130715161090,13,municipality,Lindetal,Lindetal,amtsangehörige Gemeinde,amtsangehörige Gemeinde,13071090,13071090,1163,1145,STATISTIKPORTAL_INTEGRATED_2023_T1,STATISTIKPORTAL_INTEGRATED_2024_T1,matching_original_identifier_and_class,not_certified_requires_population_and_entity_scope_audit,different_fiscal_unit_classes_cannot_be_summed,979903.20,992918.77,842.57,867.18,0.00,0.00,0.00,0.00,979903.20,992918.77
130715161117,13,municipality,Pragsdorf,Pragsdorf,amtsangehörige Gemeinde,amtsangehörige Gemeinde,13071117,13071117,580,542,STATISTIKPORTAL_INTEGRATED_2023_T1,STATISTIKPORTAL_INTEGRATED_2024_T1,matching_original_identifier_and_class,not_certified_requires_population_and_entity_scope_audit,different_fiscal_unit_classes_cannot_be_summed,998569.68,938306.09,1721.67,1731.19,494135.00,427996.00,0.00,0.00,504434.68,510310.09
130715162,13,joint_administration,Amtsverwaltung Stavenhagen,Amtsverwaltung Stavenhagen,Amtsverwaltung,Amtsverwaltung,,,11641,10646,STATISTIKPORTAL_INTEGRATED_2023_T1,STATISTIKPORTAL_INTEGRATED_2024_T1,matching_original_identifier_and_class,not_certified_requires_population_and_entity_scope_audit,different_fiscal_unit_classes_cannot_be_summed,0.00,0.00,0.00,0.00,0.00,0.00,0.00,0.00,0.00,0.00
130715162015,13,municipality,Bredenfelde,Bredenfelde,amtsangehörige Gemeinde,amtsangehörige Gemeinde,13071015,13071015,188,178,STATISTIKPORTAL_INTEGRATED_2023_T1,STATISTIKPORTAL_INTEGRATED_2024_T1,matching_original_identifier_and_class,not_certified_requires_population_and_entity_scope_audit,different_fiscal_unit_classes_cannot_be_summed,998414.41,954976.88,5310.71,5365.04,117164.00,64747.00,0.00,0.00,881250.41,890229.88
130715162018,13,municipality,Briggow,Briggow,amtsangehörige Gemeinde,amtsangehörige Gemeinde,13071018,13071018,304,309,STATISTIKPORTAL_INTEGRATED_2023_T1,STATISTIKPORTAL_INTEGRATED_2024_T1,matching_original_identifier_and_class,not_certified_requires_population_and_entity_scope_audit,different_fiscal_unit_classes_cannot_be_summed,964907.41,965261.12,3174.04,3123.82,67082.00,57973.00,0.00,0.00,897825.41,907288.12
130715162048,13,municipality,Grammentin,Grammentin,amtsangehörige Gemeinde,amtsangehörige Gemeinde,13071048,13071048,245,236,STATISTIKPORTAL_INTEGRATED_2023_T1,STATISTIKPORTAL_INTEGRATED_2024_T1,matching_original_identifier_and_class,not_certified_requires_population_and_entity_scope_audit,different_fiscal_unit_classes_cannot_be_summed,883104.92,891665.60,3604.51,3778.24,0.00,0.00,0.00,0.00,883104.92,891665.60
130715162060,13,municipality,Gülzow,Gülzow,amtsangehörige Gemeinde,amtsangehörige Gemeinde,13071060,13071060,402,387,STATISTIKPORTAL_INTEGRATED_2023_T1,STATISTIKPORTAL_INTEGRATED_2024_T1,matching_original_identifier_and_class,not_certified_requires_population_and_entity_scope_audit,different_fiscal_unit_classes_cannot_be_summed,976448.92,915105.50,2428.98,2364.61,96669.00,26287.00,0.00,0.00,879779.92,888818.50
130715162068,13,municipality,Ivenack,Ivenack,amtsangehörige Gemeinde,amtsangehörige Gemeinde,13071068,13071068,812,767,STATISTIKPORTAL_INTEGRATED_2023_T1,STATISTIKPORTAL_INTEGRATED_2024_T1,matching_original_identifier_and_class,not_certified_requires_population_and_entity_scope_audit,different_fiscal_unit_classes_cannot_be_summed,1993909.97,1737414.50,2455.55,2265.21,1135694.00,868477.00,0.00,0.00,858215.97,868937.50
130715162070,13,municipality,Jürgenstorf,Jürgenstorf,amtsangehörige Gemeinde,amtsangehörige Gemeinde,13071070,13071070,951,954,STATISTIKPORTAL_INTEGRATED_2023_T1,STATISTIKPORTAL_INTEGRATED_2024_T1,matching_original_identifier_and_class,not_certified_requires_population_and_entity_scope_audit,different_fiscal_unit_classes_cannot_be_summed,982253.92,985487.26,1032.86,1033.01,59349.00,54084.00,0.00,0.00,922904.92,931403.26
130715162074,13,municipality,Kittendorf,Kittendorf,amtsangehörige Gemeinde,amtsangehörige Gemeinde,13071074,13071074,281,282,STATISTIKPORTAL_INTEGRATED_2023_T1,STATISTIKPORTAL_INTEGRATED_2024_T1,matching_original_identifier_and_class,not_certified_requires_population_and_entity_scope_audit,different_fiscal_unit_classes_cannot_be_summed,1195638.41,1156766.93,4254.94,4102.01,281238.00,235292.00,0.00,0.00,914400.41,921474.93
130715162079,13,municipality,Knorrendorf,Knorrendorf,amtsangehörige Gemeinde,amtsangehörige Gemeinde,13071079,13071079,525,549,STATISTIKPORTAL_INTEGRATED_2023_T1,STATISTIKPORTAL_INTEGRATED_2024_T1,matching_original_identifier_and_class,not_certified_requires_population_and_entity_scope_audit,different_fiscal_unit_classes_cannot_be_summed,1627636.92,1396023.12,3100.26,2542.85,771057.00,528497.00,0.00,0.00,856579.92,867526.12
130715162102,13,municipality,Mölln,Mölln,amtsangehörige Gemeinde,amtsangehörige Gemeinde,13071102,13071102,519,503,STATISTIKPORTAL_INTEGRATED_2023_T1,STATISTIKPORTAL_INTEGRATED_2024_T1,matching_original_identifier_and_class,not_certified_requires_population_and_entity_scope_audit,different_fiscal_unit_classes_cannot_be_summed,2294547.41,2069509.69,4421.09,4114.33,1431547.00,1194878.00,0.00,0.00,863000.41,874631.69
130715162123,13,municipality,Ritzerow,Ritzerow,amtsangehörige Gemeinde,amtsangehörige Gemeinde,13071123,13071123,372,362,STATISTIKPORTAL_INTEGRATED_2023_T1,STATISTIKPORTAL_INTEGRATED_2024_T1,matching_original_identifier_and_class,not_certified_requires_population_and_entity_scope_audit,different_fiscal_unit_classes_cannot_be_summed,1350932.42,1150202.60,3631.54,3177.36,470948.00,258537.00,0.00,0.00,879984.42,891665.60
130715162127,13,municipality,Rosenow,Rosenow,amtsangehörige Gemeinde,amtsangehörige Gemeinde,13071127,13071127,1000,997,STATISTIKPORTAL_INTEGRATED_2023_T1,STATISTIKPORTAL_INTEGRATED_2024_T1,matching_original_identifier_and_class,not_certified_requires_population_and_entity_scope_audit,different_fiscal_unit_classes_cannot_be_summed,2587593.15,2329477.00,2587.59,2336.49,1528014.00,1272758.00,0.00,0.00,1059579.15,1056719.00
130715162142,13,municipality,"Stavenhagen, Reuterstadt","Stavenhagen, Reuterstadt",amtsangehörige Gemeinde,amtsangehörige Gemeinde,13071142,13071142,5775,4869,STATISTIKPORTAL_INTEGRATED_2023_T1,STATISTIKPORTAL_INTEGRATED_2024_T1,matching_original_identifier_and_class,not_certified_requires_population_and_entity_scope_audit,different_fiscal_unit_classes_cannot_be_summed,11225717.82,14035675.69,1943.85,2882.66,0.00,3500000.00,0.00,0.00,11225717.82,10535675.69
130715162169,13,municipality,Zettemin,Zettemin,amtsangehörige Gemeinde,amtsangehörige Gemeinde,13071169,13071169,267,253,STATISTIKPORTAL_INTEGRATED_2023_T1,STATISTIKPORTAL_INTEGRATED_2024_T1,matching_original_identifier_and_class,not_certified_requires_population_and_entity_scope_audit,different_fiscal_unit_classes_cannot_be_summed,1475106.74,1263765.72,5524.74,4995.12,569480.00,349356.00,0.00,0.00,905626.74,914409.72
130715163,13,joint_administration,Amtsverwaltung Treptower Tollensewinkel,Amtsverwaltung Treptower Tollensewinkel,Amtsverwaltung,Amtsverwaltung,,,13526,12896,STATISTIKPORTAL_INTEGRATED_2023_T1,STATISTIKPORTAL_INTEGRATED_2024_T1,matching_original_identifier_and_class,not_certified_requires_population_and_entity_scope_audit,different_fiscal_unit_classes_cannot_be_summed,0.00,80781.00,0.00,6.26,0.00,80781.00,0.00,0.00,0.00,0.00
130715163002,13,municipality,Altenhagen,Altenhagen,amtsangehörige Gemeinde,amtsangehörige Gemeinde,13071002,13071002,318,313,STATISTIKPORTAL_INTEGRATED_2023_T1,STATISTIKPORTAL_INTEGRATED_2024_T1,matching_original_identifier_and_class,not_certified_requires_population_and_entity_scope_audit,different_fiscal_unit_classes_cannot_be_summed,314525.79,310694.67,989.07,992.63,38091.00,33220.00,0.00,0.00,276434.79,277474.67
130715163004,13,municipality,"Altentreptow, Stadt","Altentreptow, Stadt",amtsangehörige Gemeinde,amtsangehörige Gemeinde,13071004,13071004,5222,5029,STATISTIKPORTAL_INTEGRATED_2023_T1,STATISTIKPORTAL_INTEGRATED_2024_T1,matching_original_identifier_and_class,not_certified_requires_population_and_entity_scope_audit,different_fiscal_unit_classes_cannot_be_summed,10317287.55,9039929.05,1975.73,1797.56,3348540.00,3273003.00,0.00,0.00,6968747.55,5766926.05
130715163006,13,municipality,Bartow,Bartow,amtsangehörige Gemeinde,amtsangehörige Gemeinde,13071006,13071006,430,523,STATISTIKPORTAL_INTEGRATED_2023_T1,STATISTIKPORTAL_INTEGRATED_2024_T1,matching_original_identifier_and_class,not_certified_requires_population_and_entity_scope_audit,different_fiscal_unit_classes_cannot_be_summed,1369151.31,1166574.40,3184.07,2230.54,958416.00,614836.00,0.00,0.00,410735.31,551738.40
130715163016,13,municipality,Breesen,Breesen,amtsangehörige Gemeinde,amtsangehörige Gemeinde,13071016,13071016,513,479,STATISTIKPORTAL_INTEGRATED_2023_T1,STATISTIKPORTAL_INTEGRATED_2024_T1,matching_original_identifier_and_class,not_certified_requires_population_and_entity_scope_audit,different_fiscal_unit_classes_cannot_be_summed,1313576.22,1279176.59,2560.58,2670.51,902599.00,866832.00,0.00,0.00,410977.22,412344.59
130715163022,13,municipality,Burow,Burow,amtsangehörige Gemeinde,amtsangehörige Gemeinde,13071022,13071022,942,864,STATISTIKPORTAL_INTEGRATED_2023_T1,STATISTIKPORTAL_INTEGRATED_2024_T1,matching_original_identifier_and_class,not_certified_requires_population_and_entity_scope_audit,different_fiscal_unit_classes_cannot_be_summed,4134398.53,2263327.32,4388.96,2619.59,3387963.00,1513846.00,0.00,0.00,746435.53,749481.32
130715163041,13,municipality,Gnevkow,Gnevkow,amtsangehörige Gemeinde,amtsangehörige Gemeinde,13071041,13071041,306,291,STATISTIKPORTAL_INTEGRATED_2023_T1,STATISTIKPORTAL_INTEGRATED_2024_T1,matching_original_identifier_and_class,not_certified_requires_population_and_entity_scope_audit,different_fiscal_unit_classes_cannot_be_summed,508317.17,325043.67,1661.17,1116.99,231378.00,47569.00,0.00,0.00,276939.17,277474.67
130715163044,13,municipality,Golchen,Golchen,amtsangehörige Gemeinde,amtsangehörige Gemeinde,13071044,13071044,288,266,STATISTIKPORTAL_INTEGRATED_2023_T1,STATISTIKPORTAL_INTEGRATED_2024_T1,matching_original_identifier_and_class,not_certified_requires_population_and_entity_scope_audit,different_fiscal_unit_classes_cannot_be_summed,373742.28,416125.62,1297.72,1564.38,100075.00,141851.00,0.00,0.00,273667.28,274274.62
130715163049,13,municipality,Grapzow,Grapzow,amtsangehörige Gemeinde,amtsangehörige Gemeinde,13071049,13071049,383,354,STATISTIKPORTAL_INTEGRATED_2023_T1,STATISTIKPORTAL_INTEGRATED_2024_T1,matching_original_identifier_and_class,not_certified_requires_population_and_entity_scope_audit,different_fiscal_unit_classes_cannot_be_summed,1485656.10,899519.19,3879.00,2541.01,1141856.00,554615.00,0.00,0.00,343800.10,344904.19
130715163050,13,municipality,Grischow,Grischow,amtsangehörige Gemeinde,amtsangehörige Gemeinde,13071050,13071050,248,243,STATISTIKPORTAL_INTEGRATED_2023_T1,STATISTIKPORTAL_INTEGRATED_2024_T1,matching_original_identifier_and_class,not_certified_requires_population_and_entity_scope_audit,different_fiscal_unit_classes_cannot_be_summed,276545.87,210045.14,1115.10,864.38,66829.00,0.00,0.00,0.00,209716.87,210045.14
130715163057,13,municipality,Groß Teetzleben,Groß Teetzleben,amtsangehörige Gemeinde,amtsangehörige Gemeinde,13071057,13071057,675,650,STATISTIKPORTAL_INTEGRATED_2023_T1,STATISTIKPORTAL_INTEGRATED_2024_T1,matching_original_identifier_and_class,not_certified_requires_population_and_entity_scope_audit,different_fiscal_unit_classes_cannot_be_summed,791820.70,787543.75,1173.07,1211.61,246734.00,240351.00,0.00,0.00,545086.70,547192.75
130715163059,13,municipality,Gültz,Gültz,amtsangehörige Gemeinde,amtsangehörige Gemeinde,13071059,13071059,530,503,STATISTIKPORTAL_INTEGRATED_2023_T1,STATISTIKPORTAL_INTEGRATED_2024_T1,matching_original_identifier_and_class,not_certified_requires_population_and_entity_scope_audit,different_fiscal_unit_classes_cannot_be_summed,1056699.85,623497.23,1993.77,1239.56,578561.00,143734.00,0.00,0.00,478138.85,479763.23
130715163081,13,municipality,Kriesow,Kriesow,amtsangehörige Gemeinde,amtsangehörige Gemeinde,13071081,13071081,332,299,STATISTIKPORTAL_INTEGRATED_2023_T1,STATISTIKPORTAL_INTEGRATED_2024_T1,matching_original_identifier_and_class,not_certified_requires_population_and_entity_scope_audit,different_fiscal_unit_classes_cannot_be_summed,273871.78,274274.62,824.92,917.31,0.00,0.00,0.00,0.00,273871.78,274274.62
130715163120,13,municipality,Pripsleben,Pripsleben,amtsangehörige Gemeinde,amtsangehörige Gemeinde,13071120,13071120,241,221,STATISTIKPORTAL_INTEGRATED_2023_T1,STATISTIKPORTAL_INTEGRATED_2024_T1,matching_original_identifier_and_class,not_certified_requires_population_and_entity_scope_audit,different_fiscal_unit_classes_cannot_be_summed,483858.80,473965.02,2007.71,2144.64,274166.00,263909.00,0.00,0.00,209692.80,210056.02
130715163125,13,municipality,Röckwitz,Röckwitz,amtsangehörige Gemeinde,amtsangehörige Gemeinde,13071125,13071125,275,254,STATISTIKPORTAL_INTEGRATED_2023_T1,STATISTIKPORTAL_INTEGRATED_2024_T1,matching_original_identifier_and_class,not_certified_requires_population_and_entity_scope_audit,different_fiscal_unit_classes_cannot_be_summed,355960.77,343097.62,1294.40,1350.78,82498.00,68823.00,0.00,0.00,273462.77,274274.62
130715163135,13,municipality,Siedenbollentin,Siedenbollentin,amtsangehörige Gemeinde,amtsangehörige Gemeinde,13071135,13071135,551,524,STATISTIKPORTAL_INTEGRATED_2023_T1,STATISTIKPORTAL_INTEGRATED_2024_T1,matching_original_identifier_and_class,not_certified_requires_population_and_entity_scope_audit,different_fiscal_unit_classes_cannot_be_summed,2063006.58,1309738.11,3744.11,2499.50,1585037.00,829964.00,0.00,0.00,477969.58,479774.11
130715163146,13,municipality,Tützpatz,Tützpatz,amtsangehörige Gemeinde,amtsangehörige Gemeinde,13071146,13071146,572,550,STATISTIKPORTAL_INTEGRATED_2023_T1,STATISTIKPORTAL_INTEGRATED_2024_T1,matching_original_identifier_and_class,not_certified_requires_population_and_entity_scope_audit,different_fiscal_unit_classes_cannot_be_summed,729067.22,716731.59,1274.59,1303.15,318090.00,304387.00,0.00,0.00,410977.22,412344.59
130715163158,13,municipality,Werder,Werder,amtsangehörige Gemeinde,amtsangehörige Gemeinde,13071158,13071158,518,507,STATISTIKPORTAL_INTEGRATED_2023_T1,STATISTIKPORTAL_INTEGRATED_2024_T1,matching_original_identifier_and_class,not_certified_requires_population_and_entity_scope_audit,different_fiscal_unit_classes_cannot_be_summed,1750650.10,1041556.11,3379.63,2054.35,1272067.00,561782.00,0.00,0.00,478583.10,479774.11
130715163160,13,municipality,Wildberg,Wildberg,amtsangehörige Gemeinde,amtsangehörige Gemeinde,13071160,13071160,502,471,STATISTIKPORTAL_INTEGRATED_2023_T1,STATISTIKPORTAL_INTEGRATED_2024_T1,matching_original_identifier_and_class,not_certified_requires_population_and_entity_scope_audit,different_fiscal_unit_classes_cannot_be_summed,1458216.19,1328607.11,2904.81,2820.82,980485.00,848833.00,0.00,0.00,477731.19,479774.11
130715163163,13,municipality,Wolde,Wolde,amtsangehörige Gemeinde,amtsangehörige Gemeinde,13071163,13071163,561,555,STATISTIKPORTAL_INTEGRATED_2023_T1,STATISTIKPORTAL_INTEGRATED_2024_T1,matching_original_identifier_and_class,not_certified_requires_population_and_entity_scope_audit,different_fiscal_unit_classes_cannot_be_summed,1632263.16,1437688.63,2909.56,2590.43,1087369.00,890485.00,0.00,0.00,544894.16,547203.63
130715164,13,joint_administration,Amtsverwaltung Woldegk,Amtsverwaltung Woldegk,Amtsverwaltung,Amtsverwaltung,,,6334,6178,STATISTIKPORTAL_INTEGRATED_2023_T1,STATISTIKPORTAL_INTEGRATED_2024_T1,matching_original_identifier_and_class,not_certified_requires_population_and_entity_scope_audit,different_fiscal_unit_classes_cannot_be_summed,0.00,0.00,0.00,0.00,0.00,0.00,0.00,0.00,0.00,0.00
130715164054,13,municipality,Groß Miltzow,Groß Miltzow,amtsangehörige Gemeinde,amtsangehörige Gemeinde,13071054,13071054,979,970,STATISTIKPORTAL_INTEGRATED_2023_T1,STATISTIKPORTAL_INTEGRATED_2024_T1,matching_original_identifier_and_class,not_certified_requires_population_and_entity_scope_audit,different_fiscal_unit_classes_cannot_be_summed,1057535.72,1067941.36,1080.22,1100.97,0.00,0.00,0.00,0.00,1057535.72,1067941.36
130715164083,13,municipality,Kublank,Kublank,amtsangehörige Gemeinde,amtsangehörige Gemeinde,13071083,13071083,161,155,STATISTIKPORTAL_INTEGRATED_2023_T1,STATISTIKPORTAL_INTEGRATED_2024_T1,matching_original_identifier_and_class,not_certified_requires_population_and_entity_scope_audit,different_fiscal_unit_classes_cannot_be_summed,513054.16,518640.49,3186.67,3346.07,0.00,0.00,0.00,0.00,513054.16,518640.49
130715164105,13,municipality,Neetzka,Neetzka,amtsangehörige Gemeinde,amtsangehörige Gemeinde,13071105,13071105,220,224,STATISTIKPORTAL_INTEGRATED_2023_T1,STATISTIKPORTAL_INTEGRATED_2024_T1,matching_original_identifier_and_class,not_certified_requires_population_and_entity_scope_audit,different_fiscal_unit_classes_cannot_be_summed,509227.32,514942.30,2314.67,2298.85,0.00,0.00,0.00,0.00,509227.32,514942.30
130715164130,13,municipality,Schönbeck,Schönbeck,amtsangehörige Gemeinde,amtsangehörige Gemeinde,13071130,13071130,461,466,STATISTIKPORTAL_INTEGRATED_2023_T1,STATISTIKPORTAL_INTEGRATED_2024_T1,matching_original_identifier_and_class,not_certified_requires_population_and_entity_scope_audit,different_fiscal_unit_classes_cannot_be_summed,542005.24,535446.96,1175.72,1149.03,10775.00,0.00,0.00,0.00,531230.24,535446.96
130715164132,13,municipality,Schönhausen,Schönhausen,amtsangehörige Gemeinde,amtsangehörige Gemeinde,13071132,13071132,210,226,STATISTIKPORTAL_INTEGRATED_2023_T1,STATISTIKPORTAL_INTEGRATED_2024_T1,matching_original_identifier_and_class,not_certified_requires_population_and_entity_scope_audit,different_fiscal_unit_classes_cannot_be_summed,710488.74,707426.40,3383.28,3130.21,190713.00,182291.00,0.00,0.00,519775.74,525135.40
130715164153,13,municipality,Voigtsdorf,Voigtsdorf,amtsangehörige Gemeinde,amtsangehörige Gemeinde,13071153,13071153,97,98,STATISTIKPORTAL_INTEGRATED_2023_T1,STATISTIKPORTAL_INTEGRATED_2024_T1,matching_original_identifier_and_class,not_certified_requires_population_and_entity_scope_audit,different_fiscal_unit_classes_cannot_be_summed,513713.52,513140.33,5296.02,5236.13,7357.00,973.00,0.00,0.00,506356.52,512167.33
130715164164,13,municipality,"Woldegk, Windmühlenstadt","Woldegk, Windmühlenstadt",amtsangehörige Gemeinde,amtsangehörige Gemeinde,13071164,13071164,4206,4039,STATISTIKPORTAL_INTEGRATED_2023_T1,STATISTIKPORTAL_INTEGRATED_2024_T1,matching_original_identifier_and_class,not_certified_requires_population_and_entity_scope_audit,different_fiscal_unit_classes_cannot_be_summed,6002414.51,5754900.67,1427.11,1424.83,77951.00,0.00,0.00,0.00,5924463.51,5754900.67
13072,13,county_administration,Landratsamt Rostock,Landratsamt Rostock,Landratsamt,Landratsamt,,,221246,218860,STATISTIKPORTAL_INTEGRATED_2023_T1,STATISTIKPORTAL_INTEGRATED_2024_T1,matching_original_identifier_and_class,not_certified_requires_population_and_entity_scope_audit,different_fiscal_unit_classes_cannot_be_summed,43274544.16,55116806.76,195.59,251.84,34863995.00,36859147.00,2183101.48,11797914.62,6227447.68,6459745.14
130720006006,13,municipality,"Bad Doberan, Stadt","Bad Doberan, Stadt",amtsfreie Gemeinde,amtsfreie Gemeinde,13072006,13072006,12983,13015,STATISTIKPORTAL_INTEGRATED_2023_T1,STATISTIKPORTAL_INTEGRATED_2024_T1,matching_original_identifier_and_class,not_certified_requires_population_and_entity_scope_audit,different_fiscal_unit_classes_cannot_be_summed,30030121.40,30539839.91,2313.03,2346.51,4188250.00,2599238.00,671985.92,578275.27,25169885.48,27362326.64
130720029029,13,municipality,Dummerstorf,Dummerstorf,amtsfreie Gemeinde,amtsfreie Gemeinde,13072029,13072029,7674,7553,STATISTIKPORTAL_INTEGRATED_2023_T1,STATISTIKPORTAL_INTEGRATED_2024_T1,matching_original_identifier_and_class,not_certified_requires_population_and_entity_scope_audit,different_fiscal_unit_classes_cannot_be_summed,22482807.61,23368373.54,2929.74,3093.92,0.00,0.00,0.00,0.00,22482807.61,23368373.54
130720036036,13,municipality,"Graal-Müritz, Ostseeheilbad","Graal-Müritz, Ostseeheilbad",amtsfreie Gemeinde,amtsfreie Gemeinde,13072036,13072036,4198,4185,STATISTIKPORTAL_INTEGRATED_2023_T1,STATISTIKPORTAL_INTEGRATED_2024_T1,matching_original_identifier_and_class,not_certified_requires_population_and_entity_scope_audit,different_fiscal_unit_classes_cannot_be_summed,13474002.82,14615379.64,3209.62,3492.32,4298309.00,3789214.00,0.00,0.00,9175693.82,10826165.64
130720043043,13,municipality,"Güstrow, Barlachstadt","Güstrow, Barlachstadt",amtsfreie Gemeinde,amtsfreie Gemeinde,13072043,13072043,29576,28969,STATISTIKPORTAL_INTEGRATED_2023_T1,STATISTIKPORTAL_INTEGRATED_2024_T1,matching_original_identifier_and_class,not_certified_requires_population_and_entity_scope_audit,different_fiscal_unit_classes_cannot_be_summed,46141095.48,46125508.00,1560.09,1592.24,3830828.00,3505071.00,1220757.00,1038088.00,41089510.48,41582349.00
130720058058,13,municipality,"Kröpelin, Stadt","Kröpelin, Stadt",amtsfreie Gemeinde,amtsfreie Gemeinde,13072058,13072058,4800,4843,STATISTIKPORTAL_INTEGRATED_2023_T1,STATISTIKPORTAL_INTEGRATED_2024_T1,matching_original_identifier_and_class,not_certified_requires_population_and_entity_scope_audit,different_fiscal_unit_classes_cannot_be_summed,2207526.74,3636697.51,459.90,750.92,184416.00,1432824.00,0.00,0.00,2023110.74,2203873.51
130720060060,13,municipality,"Kühlungsborn, Ostseebad, Stadt","Kühlungsborn, Ostseebad, Stadt",amtsfreie Gemeinde,amtsfreie Gemeinde,13072060,13072060,8098,8077,STATISTIKPORTAL_INTEGRATED_2023_T1,STATISTIKPORTAL_INTEGRATED_2024_T1,matching_original_identifier_and_class,not_certified_requires_population_and_entity_scope_audit,different_fiscal_unit_classes_cannot_be_summed,16661957.97,21488786.44,2057.54,2660.49,0.00,5000000.00,504842.22,590195.31,16157115.75,15898591.13
130720074074,13,municipality,"Neubukow, Schliemannstadt","Neubukow, Schliemannstadt",amtsfreie Gemeinde,amtsfreie Gemeinde,13072074,13072074,4023,3980,STATISTIKPORTAL_INTEGRATED_2023_T1,STATISTIKPORTAL_INTEGRATED_2024_T1,matching_original_identifier_and_class,not_certified_requires_population_and_entity_scope_audit,different_fiscal_unit_classes_cannot_be_summed,4274330.74,3361953.51,1062.47,844.71,789150.00,0.00,0.00,0.00,3485180.74,3361953.51
130720091091,13,municipality,Sanitz,Sanitz,amtsfreie Gemeinde,amtsfreie Gemeinde,13072091,13072091,6570,6506,STATISTIKPORTAL_INTEGRATED_2023_T1,STATISTIKPORTAL_INTEGRATED_2024_T1,matching_original_identifier_and_class,not_certified_requires_population_and_entity_scope_audit,different_fiscal_unit_classes_cannot_be_summed,18615028.35,23697860.67,2833.34,3642.46,0.00,0.00,0.00,0.00,18615028.35,23697860.67
130720093093,13,municipality,Satow,Satow,amtsfreie Gemeinde,amtsfreie Gemeinde,13072093,13072093,6150,6310,STATISTIKPORTAL_INTEGRATED_2023_T1,STATISTIKPORTAL_INTEGRATED_2024_T1,matching_original_identifier_and_class,not_certified_requires_population_and_entity_scope_audit,different_fiscal_unit_classes_cannot_be_summed,11286375.74,12737379.82,1835.18,2018.60,5420087.00,6747894.00,0.00,0.00,5866288.74,5989485.82
130720106106,13,municipality,"Teterow, Bergringstadt","Teterow, Bergringstadt",amtsfreie Gemeinde,amtsfreie Gemeinde,13072106,13072106,8541,8216,STATISTIKPORTAL_INTEGRATED_2023_T1,STATISTIKPORTAL_INTEGRATED_2024_T1,matching_original_identifier_and_class,not_certified_requires_population_and_entity_scope_audit,different_fiscal_unit_classes_cannot_be_summed,16652147.25,18618962.83,1949.67,2266.18,284774.00,161149.00,0.00,0.00,16367373.25,18457813.83
130725251,13,joint_administration,Amtsverwaltung Bad Doberan-Land,Amtsverwaltung Bad Doberan-Land,Amtsverwaltung,Amtsverwaltung,,,12315,12268,STATISTIKPORTAL_INTEGRATED_2023_T1,STATISTIKPORTAL_INTEGRATED_2024_T1,matching_original_identifier_and_class,not_certified_requires_population_and_entity_scope_audit,different_fiscal_unit_classes_cannot_be_summed,745367.00,646049.00,60.53,52.66,745367.00,646049.00,0.00,0.00,0.00,0.00
130725251001,13,municipality,Admannshagen-Bargeshagen,Admannshagen-Bargeshagen,amtsangehörige Gemeinde,amtsangehörige Gemeinde,13072001,13072001,2863,2911,STATISTIKPORTAL_INTEGRATED_2023_T1,STATISTIKPORTAL_INTEGRATED_2024_T1,matching_original_identifier_and_class,not_certified_requires_population_and_entity_scope_audit,different_fiscal_unit_classes_cannot_be_summed,1413938.92,1461181.38,493.87,501.95,198810.00,137482.00,0.00,0.00,1215128.92,1323699.38
130725251007,13,municipality,Bartenshagen-Parkentin,Bartenshagen-Parkentin,amtsangehörige Gemeinde,amtsangehörige Gemeinde,13072007,13072007,1354,1320,STATISTIKPORTAL_INTEGRATED_2023_T1,STATISTIKPORTAL_INTEGRATED_2024_T1,matching_original_identifier_and_class,not_certified_requires_population_and_entity_scope_audit,different_fiscal_unit_classes_cannot_be_summed,1056454.82,1121039.13,780.25,849.27,248473.00,240865.00,0.00,0.00,807981.82,880174.13
130725251017,13,municipality,"Börgerende-Rethwisch, Seebad","Börgerende-Rethwisch, Ostseebad",amtsangehörige Gemeinde,amtsangehörige Gemeinde,13072017,13072017,1698,1612,STATISTIKPORTAL_INTEGRATED_2023_T1,STATISTIKPORTAL_INTEGRATED_2024_T1,legal_name_or_form_changed_review,not_certified_requires_population_and_entity_scope_audit,different_fiscal_unit_classes_cannot_be_summed,807981.82,880174.13,475.84,546.01,0.00,0.00,0.00,0.00,807981.82,880174.13
130725251047,13,municipality,Hohenfelde,Hohenfelde,amtsangehörige Gemeinde,amtsangehörige Gemeinde,13072047,13072047,788,764,STATISTIKPORTAL_INTEGRATED_2023_T1,STATISTIKPORTAL_INTEGRATED_2024_T1,matching_original_identifier_and_class,not_certified_requires_population_and_entity_scope_audit,different_fiscal_unit_classes_cannot_be_summed,403990.91,440087.07,512.68,576.03,0.00,0.00,0.00,0.00,403990.91,440087.07
130725251075,13,municipality,"Nienhagen, Ostseebad","Nienhagen, Ostseebad",amtsangehörige Gemeinde,amtsangehörige Gemeinde,13072075,13072075,2191,2224,STATISTIKPORTAL_INTEGRATED_2023_T1,STATISTIKPORTAL_INTEGRATED_2024_T1,matching_original_identifier_and_class,not_certified_requires_population_and_entity_scope_audit,different_fiscal_unit_classes_cannot_be_summed,1215128.92,1323699.38,554.60,595.19,0.00,0.00,0.00,0.00,1215128.92,1323699.38
130725251083,13,municipality,Reddelich,Reddelich,amtsangehörige Gemeinde,amtsangehörige Gemeinde,13072083,13072083,1008,1014,STATISTIKPORTAL_INTEGRATED_2023_T1,STATISTIKPORTAL_INTEGRATED_2024_T1,matching_original_identifier_and_class,not_certified_requires_population_and_entity_scope_audit,different_fiscal_unit_classes_cannot_be_summed,1728773.91,1686960.07,1715.05,1663.67,1324783.00,1246873.00,0.00,0.00,403990.91,440087.07
130725251086,13,municipality,Retschow,Retschow,amtsangehörige Gemeinde,amtsangehörige Gemeinde,13072086,13072086,934,962,STATISTIKPORTAL_INTEGRATED_2023_T1,STATISTIKPORTAL_INTEGRATED_2024_T1,matching_original_identifier_and_class,not_certified_requires_population_and_entity_scope_audit,different_fiscal_unit_classes_cannot_be_summed,1093212.91,1069707.07,1170.46,1111.96,689222.00,629620.00,0.00,0.00,403990.91,440087.07
130725251099,13,municipality,Steffenshagen,Steffenshagen,amtsangehörige Gemeinde,amtsangehörige Gemeinde,13072099,13072099,580,559,STATISTIKPORTAL_INTEGRATED_2023_T1,STATISTIKPORTAL_INTEGRATED_2024_T1,matching_original_identifier_and_class,not_certified_requires_population_and_entity_scope_audit,different_fiscal_unit_classes_cannot_be_summed,403990.91,440087.07,696.54,787.28,0.00,0.00,0.00,0.00,403990.91,440087.07
130725251117,13,municipality,Wittenbeck,Wittenbeck,amtsangehörige Gemeinde,amtsangehörige Gemeinde,13072117,13072117,899,902,STATISTIKPORTAL_INTEGRATED_2023_T1,STATISTIKPORTAL_INTEGRATED_2024_T1,matching_original_identifier_and_class,not_certified_requires_population_and_entity_scope_audit,different_fiscal_unit_classes_cannot_be_summed,403990.91,440087.07,449.38,487.90,0.00,0.00,0.00,0.00,403990.91,440087.07
130725252,13,joint_administration,Amtsverwaltung Bützow-Land,Amtsverwaltung Bützow-Land,Amtsverwaltung,Amtsverwaltung,,,16686,16136,STATISTIKPORTAL_INTEGRATED_2023_T1,STATISTIKPORTAL_INTEGRATED_2024_T1,matching_original_identifier_and_class,not_certified_requires_population_and_entity_scope_audit,different_fiscal_unit_classes_cannot_be_summed,0.00,0.00,0.00,0.00,0.00,0.00,0.00,0.00,0.00,0.00
130725252009,13,municipality,Baumgarten,Baumgarten,amtsangehörige Gemeinde,amtsangehörige Gemeinde,13072009,13072009,801,809,STATISTIKPORTAL_INTEGRATED_2023_T1,STATISTIKPORTAL_INTEGRATED_2024_T1,matching_original_identifier_and_class,not_certified_requires_population_and_entity_scope_audit,different_fiscal_unit_classes_cannot_be_summed,1889434.34,3053426.38,2358.84,3774.32,0.00,0.00,316321.31,337340.14,1573113.03,2716086.24
130725252013,13,municipality,Bernitt,Bernitt,amtsangehörige Gemeinde,amtsangehörige Gemeinde,13072013,13072013,1635,1560,STATISTIKPORTAL_INTEGRATED_2023_T1,STATISTIKPORTAL_INTEGRATED_2024_T1,matching_original_identifier_and_class,not_certified_requires_population_and_entity_scope_audit,different_fiscal_unit_classes_cannot_be_summed,2025233.49,4240103.81,1238.67,2718.02,0.00,0.00,316321.31,337340.14,1708912.18,3902763.67
130725252020,13,municipality,"Bützow, Stadt","Bützow, Stadt",amtsangehörige Gemeinde,amtsangehörige Gemeinde,13072020,13072020,8202,7714,STATISTIKPORTAL_INTEGRATED_2023_T1,STATISTIKPORTAL_INTEGRATED_2024_T1,matching_original_identifier_and_class,not_certified_requires_population_and_entity_scope_audit,different_fiscal_unit_classes_cannot_be_summed,20264006.70,29453456.41,2470.62,3818.18,179717.00,135019.00,316960.35,338021.63,19767329.35,28980415.78
130725252028,13,municipality,Dreetz,Dreetz,amtsangehörige Gemeinde,amtsangehörige Gemeinde,13072028,13072028,191,184,STATISTIKPORTAL_INTEGRATED_2023_T1,STATISTIKPORTAL_INTEGRATED_2024_T1,matching_original_identifier_and_class,not_certified_requires_population_and_entity_scope_audit,different_fiscal_unit_classes_cannot_be_summed,1807882.04,2340235.87,9465.35,12718.67,0.00,0.00,316321.31,337340.14,1491560.73,2002895.73
130725252050,13,municipality,Jürgenshagen,Jürgenshagen,amtsangehörige Gemeinde,amtsangehörige Gemeinde,13072050,13072050,1152,1141,STATISTIKPORTAL_INTEGRATED_2023_T1,STATISTIKPORTAL_INTEGRATED_2024_T1,matching_original_identifier_and_class,not_certified_requires_population_and_entity_scope_audit,different_fiscal_unit_classes_cannot_be_summed,1943754.00,3527549.59,1687.29,3091.63,0.00,0.00,316321.31,337340.14,1627432.69,3190209.45
130725252053,13,municipality,Klein Belitz,Klein Belitz,amtsangehörige Gemeinde,amtsangehörige Gemeinde,13072053,13072053,830,827,STATISTIKPORTAL_INTEGRATED_2023_T1,STATISTIKPORTAL_INTEGRATED_2024_T1,matching_original_identifier_and_class,not_certified_requires_population_and_entity_scope_audit,different_fiscal_unit_classes_cannot_be_summed,1916594.17,3290214.11,2309.15,3978.49,0.00,0.00,316321.31,337340.14,1600272.86,2952873.97
130725252078,13,municipality,Penzin,Penzin,amtsangehörige Gemeinde,amtsangehörige Gemeinde,13072078,13072078,134,142,STATISTIKPORTAL_INTEGRATED_2023_T1,STATISTIKPORTAL_INTEGRATED_2024_T1,matching_original_identifier_and_class,not_certified_requires_population_and_entity_scope_audit,different_fiscal_unit_classes_cannot_be_summed,1807882.04,2340235.87,13491.66,16480.53,0.00,0.00,316321.31,337340.14,1491560.73,2002895.73
130725252089,13,municipality,Rühn,Rühn,amtsangehörige Gemeinde,amtsangehörige Gemeinde,13072089,13072089,629,614,STATISTIKPORTAL_INTEGRATED_2023_T1,STATISTIKPORTAL_INTEGRATED_2024_T1,matching_original_identifier_and_class,not_certified_requires_population_and_entity_scope_audit,different_fiscal_unit_classes_cannot_be_summed,1889434.34,3052878.62,3003.87,4972.12,0.00,0.00,316321.31,337340.14,1573113.03,2715538.48
130725252101,13,municipality,Steinhagen,Steinhagen,amtsangehörige Gemeinde,amtsangehörige Gemeinde,13072101,13072101,652,672,STATISTIKPORTAL_INTEGRATED_2023_T1,STATISTIKPORTAL_INTEGRATED_2024_T1,matching_original_identifier_and_class,not_certified_requires_population_and_entity_scope_audit,different_fiscal_unit_classes_cannot_be_summed,1889434.34,3052878.62,2897.91,4542.97,0.00,0.00,316321.31,337340.14,1573113.03,2715538.48
130725252104,13,municipality,Tarnow,Tarnow,amtsangehörige Gemeinde,amtsangehörige Gemeinde,13072104,13072104,1095,1089,STATISTIKPORTAL_INTEGRATED_2023_T1,STATISTIKPORTAL_INTEGRATED_2024_T1,matching_original_identifier_and_class,not_certified_requires_population_and_entity_scope_audit,different_fiscal_unit_classes_cannot_be_summed,1992371.00,3563825.59,1819.52,3272.57,48617.00,36276.00,316321.31,337340.14,1627432.69,3190209.45
130725252114,13,municipality,Warnow,Warnow,amtsangehörige Gemeinde,amtsangehörige Gemeinde,13072114,13072114,900,916,STATISTIKPORTAL_INTEGRATED_2023_T1,STATISTIKPORTAL_INTEGRATED_2024_T1,matching_original_identifier_and_class,not_certified_requires_population_and_entity_scope_audit,different_fiscal_unit_classes_cannot_be_summed,1916594.17,3290214.11,2129.55,3591.94,0.00,0.00,316321.31,337340.14,1600272.86,2952873.97
130725252120,13,municipality,Zepelin,Zepelin,amtsangehörige Gemeinde,amtsangehörige Gemeinde,13072120,13072120,465,468,STATISTIKPORTAL_INTEGRATED_2023_T1,STATISTIKPORTAL_INTEGRATED_2024_T1,matching_original_identifier_and_class,not_certified_requires_population_and_entity_scope_audit,different_fiscal_unit_classes_cannot_be_summed,1862201.70,2814906.84,4004.73,6014.76,0.00,0.00,316321.31,337340.14,1545880.39,2477566.70
130725253,13,joint_administration,Amtsverwaltung Carbäk,Amtsverwaltung Carbäk,Amtsverwaltung,Amtsverwaltung,,,7963,7911,STATISTIKPORTAL_INTEGRATED_2023_T1,STATISTIKPORTAL_INTEGRATED_2024_T1,matching_original_identifier_and_class,not_certified_requires_population_and_entity_scope_audit,different_fiscal_unit_classes_cannot_be_summed,561318.00,527126.00,70.49,66.63,561318.00,527126.00,0.00,0.00,0.00,0.00
130725253019,13,municipality,Broderstorf,Broderstorf,amtsangehörige Gemeinde,amtsangehörige Gemeinde,13072019,13072019,3818,3776,STATISTIKPORTAL_INTEGRATED_2023_T1,STATISTIKPORTAL_INTEGRATED_2024_T1,matching_original_identifier_and_class,not_certified_requires_population_and_entity_scope_audit,different_fiscal_unit_classes_cannot_be_summed,6999559.55,8374326.34,1833.31,2217.78,0.00,0.00,0.00,0.00,6999559.55,8374326.34
130725253081,13,municipality,Poppendorf,Poppendorf,amtsangehörige Gemeinde,amtsangehörige Gemeinde,13072081,13072081,710,752,STATISTIKPORTAL_INTEGRATED_2023_T1,STATISTIKPORTAL_INTEGRATED_2024_T1,matching_original_identifier_and_class,not_certified_requires_population_and_entity_scope_audit,different_fiscal_unit_classes_cannot_be_summed,1749561.76,2093189.02,2464.17,2783.50,0.00,0.00,0.00,0.00,1749561.76,2093189.02
130725253087,13,municipality,Roggentin,Roggentin,amtsangehörige Gemeinde,amtsangehörige Gemeinde,13072087,13072087,2737,2728,STATISTIKPORTAL_INTEGRATED_2023_T1,STATISTIKPORTAL_INTEGRATED_2024_T1,matching_original_identifier_and_class,not_certified_requires_population_and_entity_scope_audit,different_fiscal_unit_classes_cannot_be_summed,7141519.79,8073092.33,2609.25,2959.34,0.00,0.00,0.00,0.00,7141519.79,8073092.33
130725253108,13,municipality,Thulendorf,Thulendorf,amtsangehörige Gemeinde,amtsangehörige Gemeinde,13072108,13072108,698,655,STATISTIKPORTAL_INTEGRATED_2023_T1,STATISTIKPORTAL_INTEGRATED_2024_T1,matching_original_identifier_and_class,not_certified_requires_population_and_entity_scope_audit,different_fiscal_unit_classes_cannot_be_summed,1749561.76,2093189.02,2506.54,3195.71,0.00,0.00,0.00,0.00,1749561.76,2093189.02
130725254,13,joint_administration,Amtsverwaltung Gnoien,Amtsverwaltung Gnoien,Amtsverwaltung,Amtsverwaltung,,,5799,5720,STATISTIKPORTAL_INTEGRATED_2023_T1,STATISTIKPORTAL_INTEGRATED_2024_T1,matching_original_identifier_and_class,not_certified_requires_population_and_entity_scope_audit,different_fiscal_unit_classes_cannot_be_summed,185717.00,160456.00,32.03,28.05,185717.00,160456.00,0.00,0.00,0.00,0.00
130725254004,13,municipality,Altkalen,Altkalen,amtsangehörige Gemeinde,amtsangehörige Gemeinde,13072004,13072004,773,777,STATISTIKPORTAL_INTEGRATED_2023_T1,STATISTIKPORTAL_INTEGRATED_2024_T1,matching_original_identifier_and_class,not_certified_requires_population_and_entity_scope_audit,different_fiscal_unit_classes_cannot_be_summed,50984.41,43504.17,65.96,55.99,29406.00,23336.00,0.00,0.00,21578.41,20168.17
130725254010,13,municipality,Behren-Lübchin,Behren-Lübchin,amtsangehörige Gemeinde,amtsangehörige Gemeinde,13072010,13072010,947,973,STATISTIKPORTAL_INTEGRATED_2023_T1,STATISTIKPORTAL_INTEGRATED_2024_T1,matching_original_identifier_and_class,not_certified_requires_population_and_entity_scope_audit,different_fiscal_unit_classes_cannot_be_summed,169786.41,115324.65,179.29,118.52,164783.00,110779.00,0.00,0.00,5003.41,4545.65
130725254031,13,municipality,Finkenthal,Finkenthal,amtsangehörige Gemeinde,amtsangehörige Gemeinde,13072031,13072031,314,332,STATISTIKPORTAL_INTEGRATED_2023_T1,STATISTIKPORTAL_INTEGRATED_2024_T1,matching_original_identifier_and_class,not_certified_requires_population_and_entity_scope_audit,different_fiscal_unit_classes_cannot_be_summed,24293.38,16366.39,77.37,49.30,14303.00,6140.00,0.00,0.00,9990.38,10226.39
130725254035,13,municipality,"Gnoien, Warbelstadt","Gnoien, Warbelstadt",amtsangehörige Gemeinde,amtsangehörige Gemeinde,13072035,13072035,2848,2726,STATISTIKPORTAL_INTEGRATED_2023_T1,STATISTIKPORTAL_INTEGRATED_2024_T1,matching_original_identifier_and_class,not_certified_requires_population_and_entity_scope_audit,different_fiscal_unit_classes_cannot_be_summed,1369243.41,1121811.65,480.77,411.52,272145.00,234209.00,0.00,0.00,1097098.41,887602.65
130725254111,13,municipality,Walkendorf,Walkendorf,amtsangehörige Gemeinde,amtsangehörige Gemeinde,13072111,13072111,917,912,STATISTIKPORTAL_INTEGRATED_2023_T1,STATISTIKPORTAL_INTEGRATED_2024_T1,matching_original_identifier_and_class,not_certified_requires_population_and_entity_scope_audit,different_fiscal_unit_classes_cannot_be_summed,454095.38,365344.53,495.20,400.60,449080.00,360788.00,0.00,0.00,5015.38,4556.53
130725255,13,joint_administration,Amtsverwaltung Güstrow-Land,Amtsverwaltung Güstrow-Land,Amtsverwaltung,Amtsverwaltung,,,9717,9549,STATISTIKPORTAL_INTEGRATED_2023_T1,STATISTIKPORTAL_INTEGRATED_2024_T1,matching_original_identifier_and_class,not_certified_requires_population_and_entity_scope_audit,different_fiscal_unit_classes_cannot_be_summed,0.00,0.00,0.00,0.00,0.00,0.00,0.00,0.00,0.00,0.00
130725255033,13,municipality,Glasewitz,Glasewitz,amtsangehörige Gemeinde,amtsangehörige Gemeinde,13072033,13072033,422,412,STATISTIKPORTAL_INTEGRATED_2023_T1,STATISTIKPORTAL_INTEGRATED_2024_T1,matching_original_identifier_and_class,not_certified_requires_population_and_entity_scope_audit,different_fiscal_unit_classes_cannot_be_summed,1862201.70,2814906.84,4412.80,6832.30,0.00,0.00,316321.31,337340.14,1545880.39,2477566.70
130725255039,13,municipality,Groß Schwiesow,Groß Schwiesow,amtsangehörige Gemeinde,amtsangehörige Gemeinde,13072039,13072039,308,291,STATISTIKPORTAL_INTEGRATED_2023_T1,STATISTIKPORTAL_INTEGRATED_2024_T1,matching_original_identifier_and_class,not_certified_requires_population_and_entity_scope_audit,different_fiscal_unit_classes_cannot_be_summed,1835041.87,2577571.35,5957.93,8857.63,0.00,0.00,316321.31,337340.14,1518720.56,2240231.21
130725255042,13,municipality,Gülzow-Prüzen,Gülzow-Prüzen,amtsangehörige Gemeinde,amtsangehörige Gemeinde,13072042,13072042,1608,1534,STATISTIKPORTAL_INTEGRATED_2023_T1,STATISTIKPORTAL_INTEGRATED_2024_T1,matching_original_identifier_and_class,not_certified_requires_population_and_entity_scope_audit,different_fiscal_unit_classes_cannot_be_summed,2048959.49,4239556.05,1274.23,2763.73,23726.00,0.00,316321.31,337340.14,1708912.18,3902215.91
130725255044,13,municipality,Gutow,Gutow,amtsangehörige Gemeinde,amtsangehörige Gemeinde,13072044,13072044,1022,1015,STATISTIKPORTAL_INTEGRATED_2023_T1,STATISTIKPORTAL_INTEGRATED_2024_T1,matching_original_identifier_and_class,not_certified_requires_population_and_entity_scope_audit,different_fiscal_unit_classes_cannot_be_summed,1943754.00,3527549.59,1901.91,3475.42,0.00,0.00,316321.31,337340.14,1627432.69,3190209.45
130725255055,13,municipality,Klein Upahl,Klein Upahl,amtsangehörige Gemeinde,amtsangehörige Gemeinde,13072055,13072055,232,230,STATISTIKPORTAL_INTEGRATED_2023_T1,STATISTIKPORTAL_INTEGRATED_2024_T1,matching_original_identifier_and_class,not_certified_requires_population_and_entity_scope_audit,different_fiscal_unit_classes_cannot_be_summed,1835041.87,2577571.35,7909.66,11206.83,0.00,0.00,316321.31,337340.14,1518720.56,2240231.21
130725255061,13,municipality,Kuhs,Kuhs,amtsangehörige Gemeinde,amtsangehörige Gemeinde,13072061,13072061,310,308,STATISTIKPORTAL_INTEGRATED_2023_T1,STATISTIKPORTAL_INTEGRATED_2024_T1,matching_original_identifier_and_class,not_certified_requires_population_and_entity_scope_audit,different_fiscal_unit_classes_cannot_be_summed,1835041.87,2577571.35,5919.49,8368.74,0.00,0.00,316321.31,337340.14,1518720.56,2240231.21
130725255067,13,municipality,Lohmen,Lohmen,amtsangehörige Gemeinde,amtsangehörige Gemeinde,13072067,13072067,805,817,STATISTIKPORTAL_INTEGRATED_2023_T1,STATISTIKPORTAL_INTEGRATED_2024_T1,matching_original_identifier_and_class,not_certified_requires_population_and_entity_scope_audit,different_fiscal_unit_classes_cannot_be_summed,2890912.34,3986532.62,3591.20,4879.48,591329.00,586706.00,316321.31,337340.14,1983262.03,3062486.48
130725255069,13,municipality,Lüssow,Lüssow,amtsangehörige Gemeinde,amtsangehörige Gemeinde,13072069,13072069,979,972,STATISTIKPORTAL_INTEGRATED_2023_T1,STATISTIKPORTAL_INTEGRATED_2024_T1,matching_original_identifier_and_class,not_certified_requires_population_and_entity_scope_audit,different_fiscal_unit_classes_cannot_be_summed,464989.96,1461349.73,474.96,1503.45,329118.00,274036.00,0.00,0.00,135871.96,1187313.73
130725255071,13,municipality,Mistorf,Mistorf,amtsangehörige Gemeinde,amtsangehörige Gemeinde,13072071,13072071,624,620,STATISTIKPORTAL_INTEGRATED_2023_T1,STATISTIKPORTAL_INTEGRATED_2024_T1,matching_original_identifier_and_class,not_certified_requires_population_and_entity_scope_audit,different_fiscal_unit_classes_cannot_be_summed,1889434.34,3052878.62,3027.94,4924.00,0.00,0.00,316321.31,337340.14,1573113.03,2715538.48
130725255073,13,municipality,Mühl Rosin,Mühl Rosin,amtsangehörige Gemeinde,amtsangehörige Gemeinde,13072073,13072073,1111,1113,STATISTIKPORTAL_INTEGRATED_2023_T1,STATISTIKPORTAL_INTEGRATED_2024_T1,matching_original_identifier_and_class,not_certified_requires_population_and_entity_scope_audit,different_fiscal_unit_classes_cannot_be_summed,163031.79,1424649.21,146.74,1280.01,0.00,0.00,0.00,0.00,163031.79,1424649.21
130725255079,13,municipality,Plaaz,Plaaz,amtsangehörige Gemeinde,amtsangehörige Gemeinde,13072079,13072079,745,733,STATISTIKPORTAL_INTEGRATED_2023_T1,STATISTIKPORTAL_INTEGRATED_2024_T1,matching_original_identifier_and_class,not_certified_requires_population_and_entity_scope_audit,different_fiscal_unit_classes_cannot_be_summed,1889434.34,3052878.62,2536.15,4164.91,0.00,0.00,316321.31,337340.14,1573113.03,2715538.48
130725255084,13,municipality,Reimershagen,Reimershagen,amtsangehörige Gemeinde,amtsangehörige Gemeinde,13072084,13072084,387,371,STATISTIKPORTAL_INTEGRATED_2023_T1,STATISTIKPORTAL_INTEGRATED_2024_T1,matching_original_identifier_and_class,not_certified_requires_population_and_entity_scope_audit,different_fiscal_unit_classes_cannot_be_summed,1835041.87,2577571.35,4741.71,6947.63,0.00,0.00,316321.31,337340.14,1518720.56,2240231.21
130725255092,13,municipality,Sarmstorf,Sarmstorf,amtsangehörige Gemeinde,amtsangehörige Gemeinde,13072092,13072092,496,487,STATISTIKPORTAL_INTEGRATED_2023_T1,STATISTIKPORTAL_INTEGRATED_2024_T1,matching_original_identifier_and_class,not_certified_requires_population_and_entity_scope_audit,different_fiscal_unit_classes_cannot_be_summed,1862201.70,2814906.84,3754.44,5780.10,0.00,0.00,316321.31,337340.14,1545880.39,2477566.70
130725255119,13,municipality,Zehna,Zehna,amtsangehörige Gemeinde,amtsangehörige Gemeinde,13072119,13072119,668,646,STATISTIKPORTAL_INTEGRATED_2023_T1,STATISTIKPORTAL_INTEGRATED_2024_T1,matching_original_identifier_and_class,not_certified_requires_population_and_entity_scope_audit,different_fiscal_unit_classes_cannot_be_summed,1889434.34,3052878.62,2828.49,4725.82,0.00,0.00,316321.31,337340.14,1573113.03,2715538.48
130725256,13,joint_administration,Amtsverwaltung Krakow am See,Amtsverwaltung Krakow am See,Amtsverwaltung,Amtsverwaltung,,,8837,8614,STATISTIKPORTAL_INTEGRATED_2023_T1,STATISTIKPORTAL_INTEGRATED_2024_T1,matching_original_identifier_and_class,not_certified_requires_population_and_entity_scope_audit,different_fiscal_unit_classes_cannot_be_summed,0.00,0.00,0.00,0.00,0.00,0.00,0.00,0.00,0.00,0.00
130725256026,13,municipality,Dobbin-Linstow,Dobbin-Linstow,amtsangehörige Gemeinde,amtsangehörige Gemeinde,13072026,13072026,513,493,STATISTIKPORTAL_INTEGRATED_2023_T1,STATISTIKPORTAL_INTEGRATED_2024_T1,matching_original_identifier_and_class,not_certified_requires_population_and_entity_scope_audit,different_fiscal_unit_classes_cannot_be_summed,1893251.04,2843954.52,3690.55,5768.67,19523.00,16125.00,316321.31,337340.14,1557406.73,2490489.38
130725256048,13,municipality,Hoppenrade,Hoppenrade,amtsangehörige Gemeinde,amtsangehörige Gemeinde,13072048,13072048,628,581,STATISTIKPORTAL_INTEGRATED_2023_T1,STATISTIKPORTAL_INTEGRATED_2024_T1,matching_original_identifier_and_class,not_certified_requires_population_and_entity_scope_audit,different_fiscal_unit_classes_cannot_be_summed,1889434.34,3052878.62,3008.65,5254.52,0.00,0.00,316321.31,337340.14,1573113.03,2715538.48
130725256056,13,municipality,"Krakow am See, Stadt","Krakow am See, Stadt",amtsangehörige Gemeinde,amtsangehörige Gemeinde,13072056,13072056,3492,3360,STATISTIKPORTAL_INTEGRATED_2023_T1,STATISTIKPORTAL_INTEGRATED_2024_T1,matching_original_identifier_and_class,not_certified_requires_population_and_entity_scope_audit,different_fiscal_unit_classes_cannot_be_summed,6550850.17,10587246.05,1875.96,3150.97,215847.00,186869.00,316960.35,338021.63,6018042.82,10062355.42
130725256059,13,municipality,Kuchelmiß,Kuchelmiß,amtsangehörige Gemeinde,amtsangehörige Gemeinde,13072059,13072059,639,674,STATISTIKPORTAL_INTEGRATED_2023_T1,STATISTIKPORTAL_INTEGRATED_2024_T1,matching_original_identifier_and_class,not_certified_requires_population_and_entity_scope_audit,different_fiscal_unit_classes_cannot_be_summed,2122501.34,3246383.00,3321.60,4816.59,233067.00,192093.00,316321.31,337340.14,1573113.03,2716949.86
130725256063,13,municipality,Lalendorf,Lalendorf,amtsangehörige Gemeinde,amtsangehörige Gemeinde,13072063,13072063,3565,3506,STATISTIKPORTAL_INTEGRATED_2023_T1,STATISTIKPORTAL_INTEGRATED_2024_T1,matching_original_identifier_and_class,not_certified_requires_population_and_entity_scope_audit,different_fiscal_unit_classes_cannot_be_summed,5964300.62,5986294.27,1673.02,1707.44,53978.00,25869.00,316960.35,338021.63,5593362.27,5622403.64
130725257,13,joint_administration,Amtsverwaltung Laage,Amtsverwaltung Laage,Amtsverwaltung,Amtsverwaltung,,,9071,8670,STATISTIKPORTAL_INTEGRATED_2023_T1,STATISTIKPORTAL_INTEGRATED_2024_T1,matching_original_identifier_and_class,not_certified_requires_population_and_entity_scope_audit,different_fiscal_unit_classes_cannot_be_summed,0.00,0.00,0.00,0.00,0.00,0.00,0.00,0.00,0.00,0.00
130725257027,13,municipality,Dolgen am See,Dolgen am See,amtsangehörige Gemeinde,amtsangehörige Gemeinde,13072027,13072027,659,619,STATISTIKPORTAL_INTEGRATED_2023_T1,STATISTIKPORTAL_INTEGRATED_2024_T1,matching_original_identifier_and_class,not_certified_requires_population_and_entity_scope_audit,different_fiscal_unit_classes_cannot_be_summed,108712.13,949978.24,164.97,1534.70,0.00,0.00,0.00,0.00,108712.13,949978.24
130725257046,13,municipality,Hohen Sprenz,Hohen Sprenz,amtsangehörige Gemeinde,amtsangehörige Gemeinde,13072046,13072046,556,511,STATISTIKPORTAL_INTEGRATED_2023_T1,STATISTIKPORTAL_INTEGRATED_2024_T1,matching_original_identifier_and_class,not_certified_requires_population_and_entity_scope_audit,different_fiscal_unit_classes_cannot_be_summed,254995.49,859689.46,458.62,1682.37,173516.00,147683.00,0.00,0.00,81479.49,712006.46
130725257062,13,municipality,"Laage, Stadt","Laage, Stadt",amtsangehörige Gemeinde,amtsangehörige Gemeinde,13072062,13072062,6554,6213,STATISTIKPORTAL_INTEGRATED_2023_T1,STATISTIKPORTAL_INTEGRATED_2024_T1,matching_original_identifier_and_class,not_certified_requires_population_and_entity_scope_audit,different_fiscal_unit_classes_cannot_be_summed,11669991.74,21299936.69,1780.59,3428.29,2878844.00,5690641.00,316960.35,338021.63,8474187.39,15271274.06
130725257112,13,municipality,Wardow,Wardow,amtsangehörige Gemeinde,amtsangehörige Gemeinde,13072112,13072112,1302,1327,STATISTIKPORTAL_INTEGRATED_2023_T1,STATISTIKPORTAL_INTEGRATED_2024_T1,matching_original_identifier_and_class,not_certified_requires_population_and_entity_scope_audit,different_fiscal_unit_classes_cannot_be_summed,190191.62,1661984.70,146.08,1252.44,0.00,0.00,0.00,0.00,190191.62,1661984.70
130725258,13,joint_administration,Amtsverwaltung Mecklenburgische Schweiz,Amtsverwaltung Mecklenburgische Schweiz,Amtsverwaltung,Amtsverwaltung,,,8171,8182,STATISTIKPORTAL_INTEGRATED_2023_T1,STATISTIKPORTAL_INTEGRATED_2024_T1,matching_original_identifier_and_class,not_certified_requires_population_and_entity_scope_audit,different_fiscal_unit_classes_cannot_be_summed,38637.00,3079417.00,4.73,376.36,38637.00,3079417.00,0.00,0.00,0.00,0.00
130725258003,13,municipality,Alt Sührkow,Alt Sührkow,amtsangehörige Gemeinde,amtsangehörige Gemeinde,13072003,13072003,391,391,STATISTIKPORTAL_INTEGRATED_2023_T1,STATISTIKPORTAL_INTEGRATED_2024_T1,matching_original_identifier_and_class,not_certified_requires_population_and_entity_scope_audit,different_fiscal_unit_classes_cannot_be_summed,246909.41,283260.51,631.48,724.45,235281.00,273045.00,0.00,0.00,11628.41,10215.51
130725258023,13,municipality,Dahmen,Dahmen,amtsangehörige Gemeinde,amtsangehörige Gemeinde,13072023,13072023,455,440,STATISTIKPORTAL_INTEGRATED_2023_T1,STATISTIKPORTAL_INTEGRATED_2024_T1,matching_original_identifier_and_class,not_certified_requires_population_and_entity_scope_audit,different_fiscal_unit_classes_cannot_be_summed,265967.41,201509.32,584.54,457.98,173089.00,117464.00,0.00,0.00,92878.41,84045.32
130725258024,13,municipality,Dalkendorf,Dalkendorf,amtsangehörige Gemeinde,amtsangehörige Gemeinde,13072024,13072024,250,268,STATISTIKPORTAL_INTEGRATED_2023_T1,STATISTIKPORTAL_INTEGRATED_2024_T1,matching_original_identifier_and_class,not_certified_requires_population_and_entity_scope_audit,different_fiscal_unit_classes_cannot_be_summed,106863.41,98605.65,427.45,367.93,101860.00,94060.00,0.00,0.00,5003.41,4545.65
130725258038,13,municipality,Groß Roge,Groß Roge,amtsangehörige Gemeinde,amtsangehörige Gemeinde,13072038,13072038,595,587,STATISTIKPORTAL_INTEGRATED_2023_T1,STATISTIKPORTAL_INTEGRATED_2024_T1,matching_original_identifier_and_class,not_certified_requires_population_and_entity_scope_audit,different_fiscal_unit_classes_cannot_be_summed,371232.41,331574.65,623.92,564.86,366229.00,327029.00,0.00,0.00,5003.41,4545.65
130725258040,13,municipality,Groß Wokern,Groß Wokern,amtsangehörige Gemeinde,amtsangehörige Gemeinde,13072040,13072040,1011,1026,STATISTIKPORTAL_INTEGRATED_2023_T1,STATISTIKPORTAL_INTEGRATED_2024_T1,matching_original_identifier_and_class,not_certified_requires_population_and_entity_scope_audit,different_fiscal_unit_classes_cannot_be_summed,559249.41,523784.98,553.16,510.51,542646.00,509311.00,0.00,0.00,16603.41,14473.98
130725258041,13,municipality,Groß Wüstenfelde,Groß Wüstenfelde,amtsangehörige Gemeinde,amtsangehörige Gemeinde,13072041,13072041,788,777,STATISTIKPORTAL_INTEGRATED_2023_T1,STATISTIKPORTAL_INTEGRATED_2024_T1,matching_original_identifier_and_class,not_certified_requires_population_and_entity_scope_audit,different_fiscal_unit_classes_cannot_be_summed,123268.41,106170.65,156.43,136.64,118265.00,101625.00,0.00,0.00,5003.41,4545.65
130725258045,13,municipality,Hohen Demzin,Hohen Demzin,amtsangehörige Gemeinde,amtsangehörige Gemeinde,13072045,13072045,375,372,STATISTIKPORTAL_INTEGRATED_2023_T1,STATISTIKPORTAL_INTEGRATED_2024_T1,matching_original_identifier_and_class,not_certified_requires_population_and_entity_scope_audit,different_fiscal_unit_classes_cannot_be_summed,251466.41,281420.56,670.58,756.51,208338.00,239960.00,0.00,0.00,43128.41,41460.56
130725258049,13,municipality,Jördenstorf,Jördenstorf,amtsangehörige Gemeinde,amtsangehörige Gemeinde,13072049,13072049,1077,1091,STATISTIKPORTAL_INTEGRATED_2023_T1,STATISTIKPORTAL_INTEGRATED_2024_T1,matching_original_identifier_and_class,not_certified_requires_population_and_entity_scope_audit,different_fiscal_unit_classes_cannot_be_summed,1531570.41,1351712.65,1422.07,1238.97,1526567.00,1347167.00,0.00,0.00,5003.41,4545.65
130725258066,13,municipality,Lelkendorf,Lelkendorf,amtsangehörige Gemeinde,amtsangehörige Gemeinde,13072066,13072066,417,419,STATISTIKPORTAL_INTEGRATED_2023_T1,STATISTIKPORTAL_INTEGRATED_2024_T1,matching_original_identifier_and_class,not_certified_requires_population_and_entity_scope_audit,different_fiscal_unit_classes_cannot_be_summed,251921.41,164953.65,604.13,393.68,246918.00,160408.00,0.00,0.00,5003.41,4545.65
130725258082,13,municipality,Prebberede,Prebberede,amtsangehörige Gemeinde,amtsangehörige Gemeinde,13072082,13072082,762,748,STATISTIKPORTAL_INTEGRATED_2023_T1,STATISTIKPORTAL_INTEGRATED_2024_T1,matching_original_identifier_and_class,not_certified_requires_population_and_entity_scope_audit,different_fiscal_unit_classes_cannot_be_summed,29878.38,23419.53,39.21,31.31,24863.00,18863.00,0.00,0.00,5015.38,4556.53
130725258094,13,municipality,Schorssow,Schorssow,amtsangehörige Gemeinde,amtsangehörige Gemeinde,13072094,13072094,449,422,STATISTIKPORTAL_INTEGRATED_2023_T1,STATISTIKPORTAL_INTEGRATED_2024_T1,matching_original_identifier_and_class,not_certified_requires_population_and_entity_scope_audit,different_fiscal_unit_classes_cannot_be_summed,403539.38,390517.15,898.75,925.40,325574.00,317825.00,0.00,0.00,77965.38,72692.15
130725258096,13,municipality,Schwasdorf,Schwasdorf,amtsangehörige Gemeinde,amtsangehörige Gemeinde,13072096,13072096,439,435,STATISTIKPORTAL_INTEGRATED_2023_T1,STATISTIKPORTAL_INTEGRATED_2024_T1,matching_original_identifier_and_class,not_certified_requires_population_and_entity_scope_audit,different_fiscal_unit_classes_cannot_be_summed,66555.38,34301.53,151.61,78.85,61540.00,29745.00,0.00,0.00,5015.38,4556.53
130725258103,13,municipality,Sukow-Levitzow,Sukow-Levitzow,amtsangehörige Gemeinde,amtsangehörige Gemeinde,13072103,13072103,490,509,STATISTIKPORTAL_INTEGRATED_2023_T1,STATISTIKPORTAL_INTEGRATED_2024_T1,matching_original_identifier_and_class,not_certified_requires_population_and_entity_scope_audit,different_fiscal_unit_classes_cannot_be_summed,11855.38,121336.53,24.19,238.38,6840.00,116780.00,0.00,0.00,5015.38,4556.53
130725258109,13,municipality,Thürkow,Thürkow,amtsangehörige Gemeinde,amtsangehörige Gemeinde,13072109,13072109,365,376,STATISTIKPORTAL_INTEGRATED_2023_T1,STATISTIKPORTAL_INTEGRATED_2024_T1,matching_original_identifier_and_class,not_certified_requires_population_and_entity_scope_audit,different_fiscal_unit_classes_cannot_be_summed,69056.38,53158.53,189.20,141.38,64041.00,48602.00,0.00,0.00,5015.38,4556.53
130725258113,13,municipality,Warnkenhagen,Warnkenhagen,amtsangehörige Gemeinde,amtsangehörige Gemeinde,13072113,13072113,307,321,STATISTIKPORTAL_INTEGRATED_2023_T1,STATISTIKPORTAL_INTEGRATED_2024_T1,matching_original_identifier_and_class,not_certified_requires_population_and_entity_scope_audit,different_fiscal_unit_classes_cannot_be_summed,50041.38,190138.53,163.00,592.33,45026.00,185582.00,0.00,0.00,5015.38,4556.53
130725259,13,joint_administration,Amtsverwaltung Neubukow-Salzhaff,Amtsverwaltung Neubukow-Salzhaff,Amtsverwaltung,Amtsverwaltung,,,6942,6984,STATISTIKPORTAL_INTEGRATED_2023_T1,STATISTIKPORTAL_INTEGRATED_2024_T1,matching_original_identifier_and_class,not_certified_requires_population_and_entity_scope_audit,different_fiscal_unit_classes_cannot_be_summed,30137.00,13084.00,4.34,1.87,30137.00,13084.00,0.00,0.00,0.00,0.00
130725259002,13,municipality,Alt Bukow,Alt Bukow,amtsangehörige Gemeinde,amtsangehörige Gemeinde,13072002,13072002,521,515,STATISTIKPORTAL_INTEGRATED_2023_T1,STATISTIKPORTAL_INTEGRATED_2024_T1,matching_original_identifier_and_class,not_certified_requires_population_and_entity_scope_audit,different_fiscal_unit_classes_cannot_be_summed,403990.91,440087.07,775.41,854.54,0.00,0.00,0.00,0.00,403990.91,440087.07
130725259005,13,municipality,Am Salzhaff,Am Salzhaff,amtsangehörige Gemeinde,amtsangehörige Gemeinde,13072005,13072005,524,520,STATISTIKPORTAL_INTEGRATED_2023_T1,STATISTIKPORTAL_INTEGRATED_2024_T1,matching_original_identifier_and_class,not_certified_requires_population_and_entity_scope_audit,different_fiscal_unit_classes_cannot_be_summed,403990.91,440087.07,770.98,846.32,0.00,0.00,0.00,0.00,403990.91,440087.07
130725259008,13,municipality,Bastorf,Bastorf,amtsangehörige Gemeinde,amtsangehörige Gemeinde,13072008,13072008,1155,1153,STATISTIKPORTAL_INTEGRATED_2023_T1,STATISTIKPORTAL_INTEGRATED_2024_T1,matching_original_identifier_and_class,not_certified_requires_population_and_entity_scope_audit,different_fiscal_unit_classes_cannot_be_summed,830033.82,893402.13,718.64,774.85,22052.00,13228.00,0.00,0.00,807981.82,880174.13
130725259014,13,municipality,Biendorf,Biendorf,amtsangehörige Gemeinde,amtsangehörige Gemeinde,13072014,13072014,1240,1315,STATISTIKPORTAL_INTEGRATED_2023_T1,STATISTIKPORTAL_INTEGRATED_2024_T1,matching_original_identifier_and_class,not_certified_requires_population_and_entity_scope_audit,different_fiscal_unit_classes_cannot_be_summed,960664.82,1023308.13,774.73,778.18,152683.00,143134.00,0.00,0.00,807981.82,880174.13
130725259022,13,municipality,Carinerland,Carinerland,amtsangehörige Gemeinde,amtsangehörige Gemeinde,13072022,13072022,1293,1318,STATISTIKPORTAL_INTEGRATED_2023_T1,STATISTIKPORTAL_INTEGRATED_2024_T1,matching_original_identifier_and_class,not_certified_requires_population_and_entity_scope_audit,different_fiscal_unit_classes_cannot_be_summed,807981.82,880449.46,624.89,668.02,0.00,0.00,0.00,0.00,807981.82,880449.46
130725259085,13,municipality,"Rerik, Ostseebad, Stadt","Rerik, Ostseebad, Stadt",amtsangehörige Gemeinde,amtsangehörige Gemeinde,13072085,13072085,2209,2163,STATISTIKPORTAL_INTEGRATED_2023_T1,STATISTIKPORTAL_INTEGRATED_2024_T1,matching_original_identifier_and_class,not_certified_requires_population_and_entity_scope_audit,different_fiscal_unit_classes_cannot_be_summed,1294839.92,1323699.38,586.17,611.97,79711.00,0.00,0.00,0.00,1215128.92,1323699.38
130725260,13,joint_administration,Amtsverwaltung Rostocker Heide,Amtsverwaltung Rostocker Heide,Amtsverwaltung,Amtsverwaltung,,,10702,10731,STATISTIKPORTAL_INTEGRATED_2023_T1,STATISTIKPORTAL_INTEGRATED_2024_T1,matching_original_identifier_and_class,not_certified_requires_population_and_entity_scope_audit,different_fiscal_unit_classes_cannot_be_summed,535991.00,357323.00,50.08,33.30,535991.00,357323.00,0.00,0.00,0.00,0.00
130725260012,13,municipality,Bentwisch,Bentwisch,amtsangehörige Gemeinde,amtsangehörige Gemeinde,13072012,13072012,3565,3590,STATISTIKPORTAL_INTEGRATED_2023_T1,STATISTIKPORTAL_INTEGRATED_2024_T1,matching_original_identifier_and_class,not_certified_requires_population_and_entity_scope_audit,different_fiscal_unit_classes_cannot_be_summed,11554587.13,12541854.56,3241.12,3493.55,1868420.00,1763156.00,0.00,0.00,9686167.13,10778698.56
130725260015,13,municipality,Blankenhagen,Blankenhagen,amtsangehörige Gemeinde,amtsangehörige Gemeinde,13072015,13072015,1132,1105,STATISTIKPORTAL_INTEGRATED_2023_T1,STATISTIKPORTAL_INTEGRATED_2024_T1,matching_original_identifier_and_class,not_certified_requires_population_and_entity_scope_audit,different_fiscal_unit_classes_cannot_be_summed,3760677.03,4431124.31,3322.15,4010.07,260241.00,243176.00,0.00,0.00,3500436.03,4187948.31
130725260032,13,municipality,Gelbensande,Gelbensande,amtsangehörige Gemeinde,amtsangehörige Gemeinde,13072032,13072032,1884,1843,STATISTIKPORTAL_INTEGRATED_2023_T1,STATISTIKPORTAL_INTEGRATED_2024_T1,matching_original_identifier_and_class,not_certified_requires_population_and_entity_scope_audit,different_fiscal_unit_classes_cannot_be_summed,9294941.11,9180093.37,4933.62,4981.06,0.00,0.00,0.00,0.00,9294941.11,9180093.37
130725260072,13,municipality,Mönchhagen,Mönchhagen,amtsangehörige Gemeinde,amtsangehörige Gemeinde,13072072,13072072,1275,1289,STATISTIKPORTAL_INTEGRATED_2023_T1,STATISTIKPORTAL_INTEGRATED_2024_T1,matching_original_identifier_and_class,not_certified_requires_population_and_entity_scope_audit,different_fiscal_unit_classes_cannot_be_summed,3949981.03,4603292.31,3098.02,3571.21,449545.00,415344.00,0.00,0.00,3500436.03,4187948.31
130725260088,13,municipality,Rövershagen,Rövershagen,amtsangehörige Gemeinde,amtsangehörige Gemeinde,13072088,13072088,2846,2904,STATISTIKPORTAL_INTEGRATED_2023_T1,STATISTIKPORTAL_INTEGRATED_2024_T1,matching_original_identifier_and_class,not_certified_requires_population_and_entity_scope_audit,different_fiscal_unit_classes_cannot_be_summed,5249997.79,6281137.33,1844.69,2162.93,0.00,0.00,0.00,0.00,5249997.79,6281137.33
130725261,13,joint_administration,Amtsverwaltung Schwaan,Amtsverwaltung Schwaan,Amtsverwaltung,Amtsverwaltung,,,8080,7961,STATISTIKPORTAL_INTEGRATED_2023_T1,STATISTIKPORTAL_INTEGRATED_2024_T1,matching_original_identifier_and_class,not_certified_requires_population_and_entity_scope_audit,different_fiscal_unit_classes_cannot_be_summed,0.00,0.00,0.00,0.00,0.00,0.00,0.00,0.00,0.00,0.00
130725261011,13,municipality,Benitz,Benitz,amtsangehörige Gemeinde,amtsangehörige Gemeinde,13072011,13072011,416,401,STATISTIKPORTAL_INTEGRATED_2023_T1,STATISTIKPORTAL_INTEGRATED_2024_T1,matching_original_identifier_and_class,not_certified_requires_population_and_entity_scope_audit,different_fiscal_unit_classes_cannot_be_summed,2184713.12,2542987.45,5251.71,6341.61,0.00,0.00,316321.31,337340.14,1868391.81,2205647.31
130725261018,13,municipality,Bröbberow,Bröbberow,amtsangehörige Gemeinde,amtsangehörige Gemeinde,13072018,13072018,690,675,STATISTIKPORTAL_INTEGRATED_2023_T1,STATISTIKPORTAL_INTEGRATED_2024_T1,matching_original_identifier_and_class,not_certified_requires_population_and_entity_scope_audit,different_fiscal_unit_classes_cannot_be_summed,3445452.12,3755870.45,4993.41,5564.25,1260739.00,1212883.00,316321.31,337340.14,1868391.81,2205647.31
130725261051,13,municipality,Kassow,Kassow,amtsangehörige Gemeinde,amtsangehörige Gemeinde,13072051,13072051,357,359,STATISTIKPORTAL_INTEGRATED_2023_T1,STATISTIKPORTAL_INTEGRATED_2024_T1,matching_original_identifier_and_class,not_certified_requires_population_and_entity_scope_audit,different_fiscal_unit_classes_cannot_be_summed,2184713.12,2542987.45,6119.64,7083.53,0.00,0.00,316321.31,337340.14,1868391.81,2205647.31
130725261090,13,municipality,Rukieten,Rukieten,amtsangehörige Gemeinde,amtsangehörige Gemeinde,13072090,13072090,375,359,STATISTIKPORTAL_INTEGRATED_2023_T1,STATISTIKPORTAL_INTEGRATED_2024_T1,matching_original_identifier_and_class,not_certified_requires_population_and_entity_scope_audit,different_fiscal_unit_classes_cannot_be_summed,2184713.12,2542987.45,5825.90,7083.53,0.00,0.00,316321.31,337340.14,1868391.81,2205647.31
130725261095,13,municipality,"Schwaan, Stadt","Schwaan, Stadt",amtsangehörige Gemeinde,amtsangehörige Gemeinde,13072095,13072095,5049,4978,STATISTIKPORTAL_INTEGRATED_2023_T1,STATISTIKPORTAL_INTEGRATED_2024_T1,matching_original_identifier_and_class,not_certified_requires_population_and_entity_scope_audit,different_fiscal_unit_classes_cannot_be_summed,4860981.04,5294795.13,962.76,1063.64,650001.00,544496.00,316321.31,337340.14,3894658.73,4412958.99
130725261110,13,municipality,Vorbeck,Vorbeck,amtsangehörige Gemeinde,amtsangehörige Gemeinde,13072110,13072110,391,386,STATISTIKPORTAL_INTEGRATED_2023_T1,STATISTIKPORTAL_INTEGRATED_2024_T1,matching_original_identifier_and_class,not_certified_requires_population_and_entity_scope_audit,different_fiscal_unit_classes_cannot_be_summed,2184713.12,2542987.45,5587.50,6588.05,0.00,0.00,316321.31,337340.14,1868391.81,2205647.31
130725261116,13,municipality,Wiendorf,Wiendorf,amtsangehörige Gemeinde,amtsangehörige Gemeinde,13072116,13072116,802,803,STATISTIKPORTAL_INTEGRATED_2023_T1,STATISTIKPORTAL_INTEGRATED_2024_T1,matching_original_identifier_and_class,not_certified_requires_population_and_entity_scope_audit,different_fiscal_unit_classes_cannot_be_summed,403990.91,440087.07,503.73,548.05,0.00,0.00,0.00,0.00,403990.91,440087.07
130725262,13,joint_administration,Amtsverwaltung Tessin,Amtsverwaltung Tessin,Amtsverwaltung,Amtsverwaltung,,,6995,7173,STATISTIKPORTAL_INTEGRATED_2023_T1,STATISTIKPORTAL_INTEGRATED_2024_T1,matching_original_identifier_and_class,not_certified_requires_population_and_entity_scope_audit,different_fiscal_unit_classes_cannot_be_summed,0.00,0.00,0.00,0.00,0.00,0.00,0.00,0.00,0.00,0.00
130725262021,13,municipality,Cammin,Cammin,amtsangehörige Gemeinde,amtsangehörige Gemeinde,13072021,13072021,815,845,STATISTIKPORTAL_INTEGRATED_2023_T1,STATISTIKPORTAL_INTEGRATED_2024_T1,matching_original_identifier_and_class,not_certified_requires_population_and_entity_scope_audit,different_fiscal_unit_classes_cannot_be_summed,2177646.94,2485136.06,2671.96,2940.99,0.00,0.00,0.00,0.00,2177646.94,2485136.06
130725262034,13,municipality,Gnewitz,Gnewitz,amtsangehörige Gemeinde,amtsangehörige Gemeinde,13072034,13072034,256,265,STATISTIKPORTAL_INTEGRATED_2023_T1,STATISTIKPORTAL_INTEGRATED_2024_T1,matching_original_identifier_and_class,not_certified_requires_population_and_entity_scope_audit,different_fiscal_unit_classes_cannot_be_summed,1920021.02,2249258.43,7500.08,8487.77,0.00,0.00,0.00,0.00,1920021.02,2249258.43
130725262037,13,municipality,Grammow,Grammow,amtsangehörige Gemeinde,amtsangehörige Gemeinde,13072037,13072037,153,159,STATISTIKPORTAL_INTEGRATED_2023_T1,STATISTIKPORTAL_INTEGRATED_2024_T1,matching_original_identifier_and_class,not_certified_requires_population_and_entity_scope_audit,different_fiscal_unit_classes_cannot_be_summed,1786365.46,2126885.82,11675.59,13376.64,0.00,0.00,0.00,0.00,1786365.46,2126885.82
130725262076,13,municipality,Nustrow,Nustrow,amtsangehörige Gemeinde,amtsangehörige Gemeinde,13072076,13072076,178,178,STATISTIKPORTAL_INTEGRATED_2023_T1,STATISTIKPORTAL_INTEGRATED_2024_T1,matching_original_identifier_and_class,not_certified_requires_population_and_entity_scope_audit,different_fiscal_unit_classes_cannot_be_summed,1847059.29,2182455.99,10376.74,12260.99,0.00,0.00,0.00,0.00,1847059.29,2182455.99
130725262097,13,municipality,Selpin,Selpin,amtsangehörige Gemeinde,amtsangehörige Gemeinde,13072097,13072097,481,522,STATISTIKPORTAL_INTEGRATED_2023_T1,STATISTIKPORTAL_INTEGRATED_2024_T1,matching_original_identifier_and_class,not_certified_requires_population_and_entity_scope_audit,different_fiscal_unit_classes_cannot_be_summed,2558105.88,2823879.25,5318.31,5409.73,34375.00,21875.00,0.00,0.00,2523730.88,2802004.25
130725262102,13,municipality,Stubbendorf,Stubbendorf,amtsangehörige Gemeinde,amtsangehörige Gemeinde,13072102,13072102,161,167,STATISTIKPORTAL_INTEGRATED_2023_T1,STATISTIKPORTAL_INTEGRATED_2024_T1,matching_original_identifier_and_class,not_certified_requires_population_and_entity_scope_audit,different_fiscal_unit_classes_cannot_be_summed,1857390.15,2191914.74,11536.58,13125.24,0.00,0.00,0.00,0.00,1857390.15,2191914.74
130725262105,13,municipality,"Tessin, Blumenstadt","Tessin, Blumenstadt",amtsangehörige Gemeinde,amtsangehörige Gemeinde,13072105,13072105,4028,4091,STATISTIKPORTAL_INTEGRATED_2023_T1,STATISTIKPORTAL_INTEGRATED_2024_T1,matching_original_identifier_and_class,not_certified_requires_population_and_entity_scope_audit,different_fiscal_unit_classes_cannot_be_summed,14669682.92,15919585.37,3641.93,3891.37,1411764.00,1323528.00,0.00,0.00,13257918.92,14596057.37
130725262107,13,municipality,Thelkow,Thelkow,amtsangehörige Gemeinde,amtsangehörige Gemeinde,13072107,13072107,465,476,STATISTIKPORTAL_INTEGRATED_2023_T1,STATISTIKPORTAL_INTEGRATED_2024_T1,matching_original_identifier_and_class,not_certified_requires_population_and_entity_scope_audit,different_fiscal_unit_classes_cannot_be_summed,2029140.77,2349166.50,4363.74,4935.22,0.00,0.00,0.00,0.00,2029140.77,2349166.50
130725262118,13,municipality,Zarnewanz,Zarnewanz,amtsangehörige Gemeinde,amtsangehörige Gemeinde,13072118,13072118,458,470,STATISTIKPORTAL_INTEGRATED_2023_T1,STATISTIKPORTAL_INTEGRATED_2024_T1,matching_original_identifier_and_class,not_certified_requires_population_and_entity_scope_audit,different_fiscal_unit_classes_cannot_be_summed,1804444.48,2143438.64,3939.84,4560.51,0.00,0.00,0.00,0.00,1804444.48,2143438.64
130725263,13,joint_administration,Amtsverwaltung Warnow-West,Amtsverwaltung Warnow-West,Amtsverwaltung,Amtsverwaltung,,,17355,17307,STATISTIKPORTAL_INTEGRATED_2023_T1,STATISTIKPORTAL_INTEGRATED_2024_T1,matching_original_identifier_and_class,not_certified_requires_population_and_entity_scope_audit,different_fiscal_unit_classes_cannot_be_summed,310112.00,284237.00,17.87,16.42,310112.00,284237.00,0.00,0.00,0.00,0.00
130725263030,13,municipality,Elmenhorst/Lichtenhagen,Elmenhorst/Lichtenhagen,amtsangehörige Gemeinde,amtsangehörige Gemeinde,13072030,13072030,4182,4190,STATISTIKPORTAL_INTEGRATED_2023_T1,STATISTIKPORTAL_INTEGRATED_2024_T1,matching_original_identifier_and_class,not_certified_requires_population_and_entity_scope_audit,different_fiscal_unit_classes_cannot_be_summed,8750433.82,10469085.64,2092.40,2498.59,0.00,0.00,0.00,0.00,8750433.82,10469085.64
130725263057,13,municipality,Kritzmow,Kritzmow,amtsangehörige Gemeinde,amtsangehörige Gemeinde,13072057,13072057,3931,3977,STATISTIKPORTAL_INTEGRATED_2023_T1,STATISTIKPORTAL_INTEGRATED_2024_T1,matching_original_identifier_and_class,not_certified_requires_population_and_entity_scope_audit,different_fiscal_unit_classes_cannot_be_summed,7026211.55,8374326.34,1787.39,2105.69,26652.00,0.00,0.00,0.00,6999559.55,8374326.34
130725263064,13,municipality,Lambrechtshagen,Lambrechtshagen,amtsangehörige Gemeinde,amtsangehörige Gemeinde,13072064,13072064,2960,2909,STATISTIKPORTAL_INTEGRATED_2023_T1,STATISTIKPORTAL_INTEGRATED_2024_T1,matching_original_identifier_and_class,not_certified_requires_population_and_entity_scope_audit,different_fiscal_unit_classes_cannot_be_summed,5249997.79,6281137.33,1773.65,2159.21,0.00,0.00,0.00,0.00,5249997.79,6281137.33
130725263077,13,municipality,Papendorf,Papendorf,amtsangehörige Gemeinde,amtsangehörige Gemeinde,13072077,13072077,2505,2509,STATISTIKPORTAL_INTEGRATED_2023_T1,STATISTIKPORTAL_INTEGRATED_2024_T1,matching_original_identifier_and_class,not_certified_requires_population_and_entity_scope_audit,different_fiscal_unit_classes_cannot_be_summed,5676339.79,6616429.33,2266.00,2637.08,426342.00,335292.00,0.00,0.00,5249997.79,6281137.33
130725263080,13,municipality,Pölchow,Pölchow,amtsangehörige Gemeinde,amtsangehörige Gemeinde,13072080,13072080,935,946,STATISTIKPORTAL_INTEGRATED_2023_T1,STATISTIKPORTAL_INTEGRATED_2024_T1,matching_original_identifier_and_class,not_certified_requires_population_and_entity_scope_audit,different_fiscal_unit_classes_cannot_be_summed,1892690.76,2222624.02,2024.27,2349.50,143129.00,129435.00,0.00,0.00,1749561.76,2093189.02
130725263098,13,municipality,Stäbelow,Stäbelow,amtsangehörige Gemeinde,amtsangehörige Gemeinde,13072098,13072098,1407,1347,STATISTIKPORTAL_INTEGRATED_2023_T1,STATISTIKPORTAL_INTEGRATED_2024_T1,matching_original_identifier_and_class,not_certified_requires_population_and_entity_scope_audit,different_fiscal_unit_classes_cannot_be_summed,3500436.03,4187948.31,2487.87,3109.09,0.00,0.00,0.00,0.00,3500436.03,4187948.31
130725263121,13,municipality,Ziesendorf,Ziesendorf,amtsangehörige Gemeinde,amtsangehörige Gemeinde,13072121,13072121,1435,1429,STATISTIKPORTAL_INTEGRATED_2023_T1,STATISTIKPORTAL_INTEGRATED_2024_T1,matching_original_identifier_and_class,not_certified_requires_population_and_entity_scope_audit,different_fiscal_unit_classes_cannot_be_summed,3530323.03,4187948.31,2460.16,2930.68,29887.00,0.00,0.00,0.00,3500436.03,4187948.31
13073,13,county_administration,Landratsamt Vorpommern-Rügen,Landratsamt Vorpommern-Rügen,Landratsamt,Landratsamt,,,228171,215972,STATISTIKPORTAL_INTEGRATED_2023_T1,STATISTIKPORTAL_INTEGRATED_2024_T1,matching_original_identifier_and_class,not_certified_requires_population_and_entity_scope_audit,different_fiscal_unit_classes_cannot_be_summed,58182856.25,59489423.33,255.00,275.45,32898540.00,29264487.00,10890402.00,12779432.64,14393914.25,17445503.69
130730011011,13,municipality,"Binz, Ostseebad","Binz, Ostseebad",amtsfreie Gemeinde,amtsfreie Gemeinde,13073011,13073011,5605,5049,STATISTIKPORTAL_INTEGRATED_2023_T1,STATISTIKPORTAL_INTEGRATED_2024_T1,matching_original_identifier_and_class,not_certified_requires_population_and_entity_scope_audit,different_fiscal_unit_classes_cannot_be_summed,24760624.74,26934321.05,4417.60,5334.59,1207493.00,4525661.00,0.00,0.00,23553131.74,22408660.05
130730035035,13,municipality,"Grimmen, Stadt","Grimmen, Stadt",amtsfreie Gemeinde,amtsfreie Gemeinde,13073035,13073035,9570,9125,STATISTIKPORTAL_INTEGRATED_2023_T1,STATISTIKPORTAL_INTEGRATED_2024_T1,matching_original_identifier_and_class,not_certified_requires_population_and_entity_scope_audit,different_fiscal_unit_classes_cannot_be_summed,38813212.55,38631687.57,4055.72,4233.61,4610150.00,4272090.00,0.00,0.00,34203062.55,34359597.57
130730055055,13,municipality,"Marlow, Stadt","Marlow, Stadt",amtsfreie Gemeinde,amtsfreie Gemeinde,13073055,13073055,4660,4489,STATISTIKPORTAL_INTEGRATED_2023_T1,STATISTIKPORTAL_INTEGRATED_2024_T1,matching_original_identifier_and_class,not_certified_requires_population_and_entity_scope_audit,different_fiscal_unit_classes_cannot_be_summed,7923933.19,7239403.47,1700.41,1612.70,1878293.00,1666100.00,0.00,0.00,6045640.19,5573303.47
130730070070,13,municipality,"Putbus, Stadt","Putbus, Stadt",amtsfreie Gemeinde,amtsfreie Gemeinde,13073070,13073070,4524,4442,STATISTIKPORTAL_INTEGRATED_2023_T1,STATISTIKPORTAL_INTEGRATED_2024_T1,matching_original_identifier_and_class,not_certified_requires_population_and_entity_scope_audit,different_fiscal_unit_classes_cannot_be_summed,16001441.37,15804242.32,3537.01,3557.91,2128700.00,2037575.00,0.00,0.00,13872741.37,13766667.32
130730080080,13,municipality,"Sassnitz, Stadt","Sassnitz, Stadt",amtsfreie Gemeinde,amtsfreie Gemeinde,13073080,13073080,9225,8967,STATISTIKPORTAL_INTEGRATED_2023_T1,STATISTIKPORTAL_INTEGRATED_2024_T1,matching_original_identifier_and_class,not_certified_requires_population_and_entity_scope_audit,different_fiscal_unit_classes_cannot_be_summed,45149109.51,42367107.06,4894.21,4724.78,6859999.00,6548837.00,2391589.00,2052496.00,35897521.51,33765774.06
130730088088,13,municipality,"Stralsund, Hansestadt","Stralsund, Hansestadt",amtsfreie Gemeinde,amtsfreie Gemeinde,13073088,13073088,59417,54187,STATISTIKPORTAL_INTEGRATED_2023_T1,STATISTIKPORTAL_INTEGRATED_2024_T1,matching_original_identifier_and_class,not_certified_requires_population_and_entity_scope_audit,different_fiscal_unit_classes_cannot_be_summed,278502424.90,278890533.59,4687.25,5146.82,87181713.00,90004643.00,236472.90,239813.57,191084239.00,188646077.02
130730089089,13,municipality,Süderholz,Süderholz,amtsfreie Gemeinde,amtsfreie Gemeinde,13073089,13073089,4074,3938,STATISTIKPORTAL_INTEGRATED_2023_T1,STATISTIKPORTAL_INTEGRATED_2024_T1,matching_original_identifier_and_class,not_certified_requires_population_and_entity_scope_audit,different_fiscal_unit_classes_cannot_be_summed,533568.47,467939.40,130.97,118.83,327487.00,273263.00,0.00,0.00,206081.47,194676.40
130730105105,13,municipality,"Zingst, Ostseeheilbad","Zingst, Ostseeheilbad",amtsfreie Gemeinde,amtsfreie Gemeinde,13073105,13073105,3168,2870,STATISTIKPORTAL_INTEGRATED_2023_T1,STATISTIKPORTAL_INTEGRATED_2024_T1,matching_original_identifier_and_class,not_certified_requires_population_and_entity_scope_audit,different_fiscal_unit_classes_cannot_be_summed,14329621.34,13410412.38,4523.24,4672.62,6541739.00,6212728.00,0.00,0.00,7787882.34,7197684.38
130735351,13,joint_administration,Amtsverwaltung Altenpleen,Amtsverwaltung Altenpleen,Amtsverwaltung,Amtsverwaltung,,,7604,7606,STATISTIKPORTAL_INTEGRATED_2023_T1,STATISTIKPORTAL_INTEGRATED_2024_T1,matching_original_identifier_and_class,not_certified_requires_population_and_entity_scope_audit,different_fiscal_unit_classes_cannot_be_summed,830314.00,794978.00,109.19,104.52,830314.00,794978.00,0.00,0.00,0.00,0.00
130735351005,13,municipality,Altenpleen,Altenpleen,amtsangehörige Gemeinde,amtsangehörige Gemeinde,13073005,13073005,1003,962,STATISTIKPORTAL_INTEGRATED_2023_T1,STATISTIKPORTAL_INTEGRATED_2024_T1,matching_original_identifier_and_class,not_certified_requires_population_and_entity_scope_audit,different_fiscal_unit_classes_cannot_be_summed,251631.25,249793.63,250.88,259.66,0.00,0.00,0.00,0.00,251631.25,249793.63
130735351037,13,municipality,Groß Mohrdorf,Groß Mohrdorf,amtsangehörige Gemeinde,amtsangehörige Gemeinde,13073037,13073037,752,781,STATISTIKPORTAL_INTEGRATED_2023_T1,STATISTIKPORTAL_INTEGRATED_2024_T1,matching_original_identifier_and_class,not_certified_requires_population_and_entity_scope_audit,different_fiscal_unit_classes_cannot_be_summed,268931.19,249876.48,357.62,319.94,90273.00,72523.00,0.00,0.00,178658.19,177353.48
130735351044,13,municipality,Klausdorf,Klausdorf,amtsangehörige Gemeinde,amtsangehörige Gemeinde,13073044,13073044,696,690,STATISTIKPORTAL_INTEGRATED_2023_T1,STATISTIKPORTAL_INTEGRATED_2024_T1,matching_original_identifier_and_class,not_certified_requires_population_and_entity_scope_audit,different_fiscal_unit_classes_cannot_be_summed,811491.19,786835.48,1165.94,1140.34,632833.00,609482.00,0.00,0.00,178658.19,177353.48
130735351046,13,municipality,Kramerhof,Kramerhof,amtsangehörige Gemeinde,amtsangehörige Gemeinde,13073046,13073046,1980,1939,STATISTIKPORTAL_INTEGRATED_2023_T1,STATISTIKPORTAL_INTEGRATED_2024_T1,matching_original_identifier_and_class,not_certified_requires_population_and_entity_scope_audit,different_fiscal_unit_classes_cannot_be_summed,178658.19,177353.48,90.23,91.47,0.00,0.00,0.00,0.00,178658.19,177353.48
130735351066,13,municipality,Preetz,Preetz,amtsangehörige Gemeinde,amtsangehörige Gemeinde,13073066,13073066,1029,1122,STATISTIKPORTAL_INTEGRATED_2023_T1,STATISTIKPORTAL_INTEGRATED_2024_T1,matching_original_identifier_and_class,not_certified_requires_population_and_entity_scope_audit,different_fiscal_unit_classes_cannot_be_summed,178658.19,177353.48,173.62,158.07,0.00,0.00,0.00,0.00,178658.19,177353.48
130735351068,13,municipality,Prohn,Prohn,amtsangehörige Gemeinde,amtsangehörige Gemeinde,13073068,13073068,2144,2112,STATISTIKPORTAL_INTEGRATED_2023_T1,STATISTIKPORTAL_INTEGRATED_2024_T1,matching_original_identifier_and_class,not_certified_requires_population_and_entity_scope_audit,different_fiscal_unit_classes_cannot_be_summed,1522979.94,1483123.10,710.35,702.24,0.00,0.00,0.00,0.00,1522979.94,1483123.10
130735352,13,joint_administration,Amtsverwaltung Barth,Amtsverwaltung Barth,Amtsverwaltung,Amtsverwaltung,,,15275,14368,STATISTIKPORTAL_INTEGRATED_2023_T1,STATISTIKPORTAL_INTEGRATED_2024_T1,matching_original_identifier_and_class,not_certified_requires_population_and_entity_scope_audit,different_fiscal_unit_classes_cannot_be_summed,0.00,0.00,0.00,0.00,0.00,0.00,0.00,0.00,0.00,0.00
130735352009,13,municipality,"Barth, Stadt","Barth, Stadt",amtsangehörige Gemeinde,amtsangehörige Gemeinde,13073009,13073009,8756,7776,STATISTIKPORTAL_INTEGRATED_2023_T1,STATISTIKPORTAL_INTEGRATED_2024_T1,matching_original_identifier_and_class,not_certified_requires_population_and_entity_scope_audit,different_fiscal_unit_classes_cannot_be_summed,36755009.93,43476331.60,4197.69,5591.09,2017673.00,3426315.00,0.00,0.00,34737336.93,40050016.60
130735352018,13,municipality,Divitz-Spoldershagen,Divitz-Spoldershagen,amtsangehörige Gemeinde,amtsangehörige Gemeinde,13073018,13073018,472,529,STATISTIKPORTAL_INTEGRATED_2023_T1,STATISTIKPORTAL_INTEGRATED_2024_T1,matching_original_identifier_and_class,not_certified_requires_population_and_entity_scope_audit,different_fiscal_unit_classes_cannot_be_summed,1136794.14,1068196.16,2408.46,2019.27,391924.00,366741.00,0.00,0.00,744870.14,701455.16
130735352025,13,municipality,Fuhlendorf,Fuhlendorf,amtsangehörige Gemeinde,amtsangehörige Gemeinde,13073025,13073025,819,818,STATISTIKPORTAL_INTEGRATED_2023_T1,STATISTIKPORTAL_INTEGRATED_2024_T1,matching_original_identifier_and_class,not_certified_requires_population_and_entity_scope_audit,different_fiscal_unit_classes_cannot_be_summed,1095032.07,1024996.58,1337.04,1253.05,722597.00,674269.00,0.00,0.00,372435.07,350727.58
130735352042,13,municipality,Karnin,Karnin,amtsangehörige Gemeinde,amtsangehörige Gemeinde,13073042,13073042,225,234,STATISTIKPORTAL_INTEGRATED_2023_T1,STATISTIKPORTAL_INTEGRATED_2024_T1,matching_original_identifier_and_class,not_certified_requires_population_and_entity_scope_audit,different_fiscal_unit_classes_cannot_be_summed,247411.19,340276.48,1099.61,1454.17,68753.00,162923.00,0.00,0.00,178658.19,177353.48
130735352043,13,municipality,Kenz-Küstrow,Kenz-Küstrow,amtsangehörige Gemeinde,amtsangehörige Gemeinde,13073043,13073043,543,523,STATISTIKPORTAL_INTEGRATED_2023_T1,STATISTIKPORTAL_INTEGRATED_2024_T1,matching_original_identifier_and_class,not_certified_requires_population_and_entity_scope_audit,different_fiscal_unit_classes_cannot_be_summed,936620.14,881405.16,1724.90,1685.29,191750.00,179950.00,0.00,0.00,744870.14,701455.16
130735352051,13,municipality,Löbnitz,Löbnitz,amtsangehörige Gemeinde,amtsangehörige Gemeinde,13073051,13073051,596,600,STATISTIKPORTAL_INTEGRATED_2023_T1,STATISTIKPORTAL_INTEGRATED_2024_T1,matching_original_identifier_and_class,not_certified_requires_population_and_entity_scope_audit,different_fiscal_unit_classes_cannot_be_summed,1047430.07,937410.58,1757.43,1562.35,674995.00,586683.00,0.00,0.00,372435.07,350727.58
130735352053,13,municipality,Lüdershagen,Lüdershagen,amtsangehörige Gemeinde,amtsangehörige Gemeinde,13073053,13073053,564,549,STATISTIKPORTAL_INTEGRATED_2023_T1,STATISTIKPORTAL_INTEGRATED_2024_T1,matching_original_identifier_and_class,not_certified_requires_population_and_entity_scope_audit,different_fiscal_unit_classes_cannot_be_summed,635382.07,590169.58,1126.56,1074.99,262947.00,239442.00,0.00,0.00,372435.07,350727.58
130735352069,13,municipality,Pruchten,Pruchten,amtsangehörige Gemeinde,amtsangehörige Gemeinde,13073069,13073069,733,731,STATISTIKPORTAL_INTEGRATED_2023_T1,STATISTIKPORTAL_INTEGRATED_2024_T1,matching_original_identifier_and_class,not_certified_requires_population_and_entity_scope_audit,different_fiscal_unit_classes_cannot_be_summed,372435.07,350727.58,508.10,479.79,0.00,0.00,0.00,0.00,372435.07,350727.58
130735352077,13,municipality,Saal,Saal,amtsangehörige Gemeinde,amtsangehörige Gemeinde,13073077,13073077,1406,1448,STATISTIKPORTAL_INTEGRATED_2023_T1,STATISTIKPORTAL_INTEGRATED_2024_T1,matching_original_identifier_and_class,not_certified_requires_population_and_entity_scope_audit,different_fiscal_unit_classes_cannot_be_summed,1267207.15,1187067.68,901.29,819.80,447850.00,415467.00,0.00,0.00,819357.15,771600.68
130735352094,13,municipality,Trinwillershagen,Trinwillershagen,amtsangehörige Gemeinde,amtsangehörige Gemeinde,13073094,13073094,1161,1160,STATISTIKPORTAL_INTEGRATED_2023_T1,STATISTIKPORTAL_INTEGRATED_2024_T1,matching_original_identifier_and_class,not_certified_requires_population_and_entity_scope_audit,different_fiscal_unit_classes_cannot_be_summed,1929472.14,1840949.16,1661.91,1587.03,580878.00,548631.00,0.00,0.00,1348594.14,1292318.16
130735353,13,joint_administration,Amtsverwaltung Bergen auf Rügen,Amtsverwaltung Bergen auf Rügen,Amtsverwaltung,Amtsverwaltung,,,20680,20380,STATISTIKPORTAL_INTEGRATED_2023_T1,STATISTIKPORTAL_INTEGRATED_2024_T1,matching_original_identifier_and_class,not_certified_requires_population_and_entity_scope_audit,different_fiscal_unit_classes_cannot_be_summed,0.00,0.00,0.00,0.00,0.00,0.00,0.00,0.00,0.00,0.00
130735353010,13,municipality,"Bergen auf Rügen, Stadt","Bergen auf Rügen, Stadt",amtsangehörige Gemeinde,amtsangehörige Gemeinde,13073010,13073010,13706,13617,STATISTIKPORTAL_INTEGRATED_2023_T1,STATISTIKPORTAL_INTEGRATED_2024_T1,matching_original_identifier_and_class,not_certified_requires_population_and_entity_scope_audit,different_fiscal_unit_classes_cannot_be_summed,55629934.51,52837618.65,4058.80,3880.27,5828168.00,5405525.00,0.00,0.00,49801766.51,47432093.65
130735353014,13,municipality,Buschvitz,Buschvitz,amtsangehörige Gemeinde,amtsangehörige Gemeinde,13073014,13073014,239,224,STATISTIKPORTAL_INTEGRATED_2023_T1,STATISTIKPORTAL_INTEGRATED_2024_T1,matching_original_identifier_and_class,not_certified_requires_population_and_entity_scope_audit,different_fiscal_unit_classes_cannot_be_summed,1700169.45,1720115.26,7113.68,7679.09,0.00,0.00,0.00,0.00,1700169.45,1720115.26
130735353027,13,municipality,"Garz/Rügen, Stadt","Garz/Rügen, Stadt",amtsangehörige Gemeinde,amtsangehörige Gemeinde,13073027,13073027,2257,2188,STATISTIKPORTAL_INTEGRATED_2023_T1,STATISTIKPORTAL_INTEGRATED_2024_T1,matching_original_identifier_and_class,not_certified_requires_population_and_entity_scope_audit,different_fiscal_unit_classes_cannot_be_summed,5351694.48,5366567.80,2371.15,2452.73,254008.00,209077.00,0.00,0.00,5097686.48,5157490.80
130735353038,13,municipality,Gustow,Gustow,amtsangehörige Gemeinde,amtsangehörige Gemeinde,13073038,13073038,614,578,STATISTIKPORTAL_INTEGRATED_2023_T1,STATISTIKPORTAL_INTEGRATED_2024_T1,matching_original_identifier_and_class,not_certified_requires_population_and_entity_scope_audit,different_fiscal_unit_classes_cannot_be_summed,1843243.45,1843746.26,3002.03,3189.87,143074.00,123631.00,0.00,0.00,1700169.45,1720115.26
130735353049,13,municipality,Lietzow,Lietzow,amtsangehörige Gemeinde,amtsangehörige Gemeinde,13073049,13073049,245,229,STATISTIKPORTAL_INTEGRATED_2023_T1,STATISTIKPORTAL_INTEGRATED_2024_T1,matching_original_identifier_and_class,not_certified_requires_population_and_entity_scope_audit,different_fiscal_unit_classes_cannot_be_summed,1700169.45,1720115.26,6939.47,7511.42,0.00,0.00,0.00,0.00,1700169.45,1720115.26
130735353063,13,municipality,Parchtitz,Parchtitz,amtsangehörige Gemeinde,amtsangehörige Gemeinde,13073063,13073063,758,751,STATISTIKPORTAL_INTEGRATED_2023_T1,STATISTIKPORTAL_INTEGRATED_2024_T1,matching_original_identifier_and_class,not_certified_requires_population_and_entity_scope_audit,different_fiscal_unit_classes_cannot_be_summed,1740509.45,1745607.26,2296.19,2324.38,40340.00,25492.00,0.00,0.00,1700169.45,1720115.26
130735353064,13,municipality,Patzig,Patzig,amtsangehörige Gemeinde,amtsangehörige Gemeinde,13073064,13073064,439,424,STATISTIKPORTAL_INTEGRATED_2023_T1,STATISTIKPORTAL_INTEGRATED_2024_T1,matching_original_identifier_and_class,not_certified_requires_population_and_entity_scope_audit,different_fiscal_unit_classes_cannot_be_summed,1810695.45,1819938.26,4124.59,4292.31,110526.00,99823.00,0.00,0.00,1700169.45,1720115.26
130735353065,13,municipality,Poseritz,Poseritz,amtsangehörige Gemeinde,amtsangehörige Gemeinde,13073065,13073065,974,932,STATISTIKPORTAL_INTEGRATED_2023_T1,STATISTIKPORTAL_INTEGRATED_2024_T1,matching_original_identifier_and_class,not_certified_requires_population_and_entity_scope_audit,different_fiscal_unit_classes_cannot_be_summed,1877404.45,1856515.26,1927.52,1991.97,177235.00,136400.00,0.00,0.00,1700169.45,1720115.26
130735353072,13,municipality,Ralswiek,Ralswiek,amtsangehörige Gemeinde,amtsangehörige Gemeinde,13073072,13073072,256,245,STATISTIKPORTAL_INTEGRATED_2023_T1,STATISTIKPORTAL_INTEGRATED_2024_T1,matching_original_identifier_and_class,not_certified_requires_population_and_entity_scope_audit,different_fiscal_unit_classes_cannot_be_summed,2231506.45,2224652.26,8716.82,9080.21,531337.00,504537.00,0.00,0.00,1700169.45,1720115.26
130735353074,13,municipality,Rappin,Rappin,amtsangehörige Gemeinde,amtsangehörige Gemeinde,13073074,13073074,307,304,STATISTIKPORTAL_INTEGRATED_2023_T1,STATISTIKPORTAL_INTEGRATED_2024_T1,matching_original_identifier_and_class,not_certified_requires_population_and_entity_scope_audit,different_fiscal_unit_classes_cannot_be_summed,1755120.45,1769680.26,5717.00,5821.32,54951.00,49565.00,0.00,0.00,1700169.45,1720115.26
130735353083,13,municipality,Sehlen,Sehlen,amtsangehörige Gemeinde,amtsangehörige Gemeinde,13073083,13073083,885,888,STATISTIKPORTAL_INTEGRATED_2023_T1,STATISTIKPORTAL_INTEGRATED_2024_T1,matching_original_identifier_and_class,not_certified_requires_population_and_entity_scope_audit,different_fiscal_unit_classes_cannot_be_summed,2174284.45,2163165.26,2456.82,2436.00,474115.00,443050.00,0.00,0.00,1700169.45,1720115.26
130735354,13,joint_administration,Amtsverwaltung Darß/Fischland,Amtsverwaltung Darß/Fischland,Amtsverwaltung,Amtsverwaltung,,,6690,6283,STATISTIKPORTAL_INTEGRATED_2023_T1,STATISTIKPORTAL_INTEGRATED_2024_T1,matching_original_identifier_and_class,not_certified_requires_population_and_entity_scope_audit,different_fiscal_unit_classes_cannot_be_summed,0.00,0.00,0.00,0.00,0.00,0.00,0.00,0.00,0.00,0.00
130735354002,13,municipality,"Ahrenshoop, Ostseebad","Ahrenshoop, Ostseebad",amtsangehörige Gemeinde,amtsangehörige Gemeinde,13073002,13073002,683,629,STATISTIKPORTAL_INTEGRATED_2023_T1,STATISTIKPORTAL_INTEGRATED_2024_T1,matching_original_identifier_and_class,not_certified_requires_population_and_entity_scope_audit,different_fiscal_unit_classes_cannot_be_summed,3305417.16,2814615.16,4839.56,4474.75,1825025.00,1575000.00,0.00,0.00,1480392.16,1239615.16
130735354012,13,municipality,Born a. Darß,"Born a. Darß, Seebad",amtsangehörige Gemeinde,amtsangehörige Gemeinde,13073012,13073012,1119,1017,STATISTIKPORTAL_INTEGRATED_2023_T1,STATISTIKPORTAL_INTEGRATED_2024_T1,legal_name_or_form_changed_review,not_certified_requires_population_and_entity_scope_audit,different_fiscal_unit_classes_cannot_be_summed,2746317.08,2571171.10,2454.26,2528.19,1116655.00,1006231.00,0.00,0.00,1629662.08,1564940.10
130735354017,13,municipality,"Dierhagen, Ostseebad","Dierhagen, Ostseebad",amtsangehörige Gemeinde,amtsangehörige Gemeinde,13073017,13073017,1575,1507,STATISTIKPORTAL_INTEGRATED_2023_T1,STATISTIKPORTAL_INTEGRATED_2024_T1,matching_original_identifier_and_class,not_certified_requires_population_and_entity_scope_audit,different_fiscal_unit_classes_cannot_be_summed,3190216.41,7453352.60,2025.53,4945.82,1971113.00,3879846.00,0.00,0.00,1219103.41,3573506.60
130735354067,13,municipality,"Prerow, Ostseebad","Prerow, Ostseebad",amtsangehörige Gemeinde,amtsangehörige Gemeinde,13073067,13073067,1495,1275,STATISTIKPORTAL_INTEGRATED_2023_T1,STATISTIKPORTAL_INTEGRATED_2024_T1,matching_original_identifier_and_class,not_certified_requires_population_and_entity_scope_audit,different_fiscal_unit_classes_cannot_be_summed,3155924.11,3687429.13,2110.99,2892.10,1611718.00,1544174.00,0.00,0.00,1544206.11,2143255.13
130735354100,13,municipality,Wieck a. Darß,Wieck a. Darß,amtsangehörige Gemeinde,amtsangehörige Gemeinde,13073100,13073100,730,708,STATISTIKPORTAL_INTEGRATED_2023_T1,STATISTIKPORTAL_INTEGRATED_2024_T1,matching_original_identifier_and_class,not_certified_requires_population_and_entity_scope_audit,different_fiscal_unit_classes_cannot_be_summed,372435.07,356706.58,510.19,503.82,0.00,0.00,0.00,0.00,372435.07,356706.58
130735354103,13,municipality,"Wustrow, Ostseebad","Wustrow, Ostseebad",amtsangehörige Gemeinde,amtsangehörige Gemeinde,13073103,13073103,1088,1147,STATISTIKPORTAL_INTEGRATED_2023_T1,STATISTIKPORTAL_INTEGRATED_2024_T1,matching_original_identifier_and_class,not_certified_requires_population_and_entity_scope_audit,different_fiscal_unit_classes_cannot_be_summed,1347091.38,1212389.57,1238.14,1057.01,276962.00,266510.00,0.00,0.00,1070129.38,945879.57
130735355,13,joint_administration,Amtsverwaltung Franzburg-Richtenberg,Amtsverwaltung Franzburg-Richtenberg,Amtsverwaltung,Amtsverwaltung,,,7760,7207,STATISTIKPORTAL_INTEGRATED_2023_T1,STATISTIKPORTAL_INTEGRATED_2024_T1,matching_original_identifier_and_class,not_certified_requires_population_and_entity_scope_audit,different_fiscal_unit_classes_cannot_be_summed,0.00,0.00,0.00,0.00,0.00,0.00,0.00,0.00,0.00,0.00
130735355024,13,municipality,"Franzburg, Stadt","Franzburg, Stadt",amtsangehörige Gemeinde,amtsangehörige Gemeinde,13073024,13073024,1353,1234,STATISTIKPORTAL_INTEGRATED_2023_T1,STATISTIKPORTAL_INTEGRATED_2024_T1,matching_original_identifier_and_class,not_certified_requires_population_and_entity_scope_audit,different_fiscal_unit_classes_cannot_be_summed,4072145.69,3825928.55,3009.72,3100.43,1395775.00,1221404.00,0.00,0.00,2676370.69,2604524.55
130735355029,13,municipality,Glewitz,Glewitz,amtsangehörige Gemeinde,amtsangehörige Gemeinde,13073029,13073029,552,526,STATISTIKPORTAL_INTEGRATED_2023_T1,STATISTIKPORTAL_INTEGRATED_2024_T1,matching_original_identifier_and_class,not_certified_requires_population_and_entity_scope_audit,different_fiscal_unit_classes_cannot_be_summed,123451.52,114401.80,223.64,217.49,71990.00,65740.00,0.00,0.00,51461.52,48661.80
130735355034,13,municipality,Gremersdorf-Buchholz,Gremersdorf-Buchholz,amtsangehörige Gemeinde,amtsangehörige Gemeinde,13073034,13073034,650,605,STATISTIKPORTAL_INTEGRATED_2023_T1,STATISTIKPORTAL_INTEGRATED_2024_T1,matching_original_identifier_and_class,not_certified_requires_population_and_entity_scope_audit,different_fiscal_unit_classes_cannot_be_summed,917157.31,897919.80,1411.01,1484.16,0.00,0.00,0.00,0.00,917157.31,897919.80
130735355057,13,municipality,Millienhagen-Oebelitz,Millienhagen-Oebelitz,amtsangehörige Gemeinde,amtsangehörige Gemeinde,13073057,13073057,331,299,STATISTIKPORTAL_INTEGRATED_2023_T1,STATISTIKPORTAL_INTEGRATED_2024_T1,matching_original_identifier_and_class,not_certified_requires_population_and_entity_scope_audit,different_fiscal_unit_classes_cannot_be_summed,549148.27,535689.34,1659.06,1791.60,29708.00,23593.00,0.00,0.00,519440.27,512096.34
130735355062,13,municipality,Papenhagen,Papenhagen,amtsangehörige Gemeinde,amtsangehörige Gemeinde,13073062,13073062,541,526,STATISTIKPORTAL_INTEGRATED_2023_T1,STATISTIKPORTAL_INTEGRATED_2024_T1,matching_original_identifier_and_class,not_certified_requires_population_and_entity_scope_audit,different_fiscal_unit_classes_cannot_be_summed,64809.52,54323.80,119.80,103.28,13348.00,5662.00,0.00,0.00,51461.52,48661.80
130735355076,13,municipality,"Richtenberg, Stadt","Richtenberg, Stadt",amtsangehörige Gemeinde,amtsangehörige Gemeinde,13073076,13073076,1343,1303,STATISTIKPORTAL_INTEGRATED_2023_T1,STATISTIKPORTAL_INTEGRATED_2024_T1,matching_original_identifier_and_class,not_certified_requires_population_and_entity_scope_audit,different_fiscal_unit_classes_cannot_be_summed,1954062.94,1892379.11,1455.00,1452.32,232538.00,214146.00,0.00,0.00,1721524.94,1678233.11
130735355086,13,municipality,Splietsdorf,Splietsdorf,amtsangehörige Gemeinde,amtsangehörige Gemeinde,13073086,13073086,503,481,STATISTIKPORTAL_INTEGRATED_2023_T1,STATISTIKPORTAL_INTEGRATED_2024_T1,matching_original_identifier_and_class,not_certified_requires_population_and_entity_scope_audit,different_fiscal_unit_classes_cannot_be_summed,51461.52,48661.80,102.31,101.17,0.00,0.00,0.00,0.00,51461.52,48661.80
130735355096,13,municipality,Velgast,Velgast,amtsangehörige Gemeinde,amtsangehörige Gemeinde,13073096,13073096,1701,1482,STATISTIKPORTAL_INTEGRATED_2023_T1,STATISTIKPORTAL_INTEGRATED_2024_T1,matching_original_identifier_and_class,not_certified_requires_population_and_entity_scope_audit,different_fiscal_unit_classes_cannot_be_summed,1054916.38,932212.78,620.17,629.02,335251.00,217803.00,0.00,0.00,719665.38,714409.78
130735355097,13,municipality,Weitenhagen,Weitenhagen,amtsangehörige Gemeinde,amtsangehörige Gemeinde,13073097,13073097,234,225,STATISTIKPORTAL_INTEGRATED_2023_T1,STATISTIKPORTAL_INTEGRATED_2024_T1,matching_original_identifier_and_class,not_certified_requires_population_and_entity_scope_audit,different_fiscal_unit_classes_cannot_be_summed,560966.74,533467.41,2397.29,2370.97,125672.00,107152.00,0.00,0.00,435294.74,426315.41
130735355098,13,municipality,Wendisch Baggendorf,Wendisch Baggendorf,amtsangehörige Gemeinde,amtsangehörige Gemeinde,13073098,13073098,552,526,STATISTIKPORTAL_INTEGRATED_2023_T1,STATISTIKPORTAL_INTEGRATED_2024_T1,matching_original_identifier_and_class,not_certified_requires_population_and_entity_scope_audit,different_fiscal_unit_classes_cannot_be_summed,51461.52,48661.80,93.23,92.51,0.00,0.00,0.00,0.00,51461.52,48661.80
130735356,13,joint_administration,Amtsverwaltung Miltzow,Amtsverwaltung Miltzow,Amtsverwaltung,Amtsverwaltung,,,7198,6872,STATISTIKPORTAL_INTEGRATED_2023_T1,STATISTIKPORTAL_INTEGRATED_2024_T1,matching_original_identifier_and_class,not_certified_requires_population_and_entity_scope_audit,different_fiscal_unit_classes_cannot_be_summed,0.00,0.00,0.00,0.00,0.00,0.00,0.00,0.00,0.00,0.00
130735356023,13,municipality,Elmenhorst,Elmenhorst,amtsangehörige Gemeinde,amtsangehörige Gemeinde,13073023,13073023,722,677,STATISTIKPORTAL_INTEGRATED_2023_T1,STATISTIKPORTAL_INTEGRATED_2024_T1,matching_original_identifier_and_class,not_certified_requires_population_and_entity_scope_audit,different_fiscal_unit_classes_cannot_be_summed,51461.52,48661.80,71.28,71.88,0.00,0.00,0.00,0.00,51461.52,48661.80
130735356090,13,municipality,Sundhagen,Sundhagen,amtsangehörige Gemeinde,amtsangehörige Gemeinde,13073090,13073090,5303,5073,STATISTIKPORTAL_INTEGRATED_2023_T1,STATISTIKPORTAL_INTEGRATED_2024_T1,matching_original_identifier_and_class,not_certified_requires_population_and_entity_scope_audit,different_fiscal_unit_classes_cannot_be_summed,308800.00,292000.00,58.23,57.56,0.00,0.00,0.00,0.00,308800.00,292000.00
130735356102,13,municipality,Wittenhagen,Wittenhagen,amtsangehörige Gemeinde,amtsangehörige Gemeinde,13073102,13073102,1173,1122,STATISTIKPORTAL_INTEGRATED_2023_T1,STATISTIKPORTAL_INTEGRATED_2024_T1,matching_original_identifier_and_class,not_certified_requires_population_and_entity_scope_audit,different_fiscal_unit_classes_cannot_be_summed,302949.92,289014.80,258.27,257.59,199996.00,191662.00,0.00,0.00,102953.92,97352.80
130735357,13,joint_administration,Amtsverwaltung Mönchgut-Granitz,Amtsverwaltung Mönchgut-Granitz,Amtsverwaltung,Amtsverwaltung,,,7838,7177,STATISTIKPORTAL_INTEGRATED_2023_T1,STATISTIKPORTAL_INTEGRATED_2024_T1,matching_original_identifier_and_class,not_certified_requires_population_and_entity_scope_audit,different_fiscal_unit_classes_cannot_be_summed,606851.00,588444.00,77.42,81.99,606851.00,588444.00,0.00,0.00,0.00,0.00
130735357006,13,municipality,"Baabe, Ostseebad","Baabe, Ostseebad",amtsangehörige Gemeinde,amtsangehörige Gemeinde,13073006,13073006,962,964,STATISTIKPORTAL_INTEGRATED_2023_T1,STATISTIKPORTAL_INTEGRATED_2024_T1,matching_original_identifier_and_class,not_certified_requires_population_and_entity_scope_audit,different_fiscal_unit_classes_cannot_be_summed,3532179.45,3173767.26,3671.70,3292.29,346559.00,289835.00,0.00,0.00,3185620.45,2883932.26
130735357031,13,municipality,"Göhren, Ostseebad","Göhren, Ostseebad",amtsangehörige Gemeinde,amtsangehörige Gemeinde,13073031,13073031,1511,1307,STATISTIKPORTAL_INTEGRATED_2023_T1,STATISTIKPORTAL_INTEGRATED_2024_T1,matching_original_identifier_and_class,not_certified_requires_population_and_entity_scope_audit,different_fiscal_unit_classes_cannot_be_summed,5809284.89,5395591.51,3844.66,4128.23,725557.00,668947.00,0.00,0.00,5083727.89,4726644.51
130735357048,13,municipality,Lancken-Granitz,Lancken-Granitz,amtsangehörige Gemeinde,amtsangehörige Gemeinde,13073048,13073048,495,466,STATISTIKPORTAL_INTEGRATED_2023_T1,STATISTIKPORTAL_INTEGRATED_2024_T1,matching_original_identifier_and_class,not_certified_requires_population_and_entity_scope_audit,different_fiscal_unit_classes_cannot_be_summed,1902181.45,1906923.26,3842.79,4092.11,202012.00,186808.00,0.00,0.00,1700169.45,1720115.26
130735357084,13,municipality,"Sellin, Ostseebad","Sellin, Ostseebad",amtsangehörige Gemeinde,amtsangehörige Gemeinde,13073084,13073084,2786,2497,STATISTIKPORTAL_INTEGRATED_2023_T1,STATISTIKPORTAL_INTEGRATED_2024_T1,matching_original_identifier_and_class,not_certified_requires_population_and_entity_scope_audit,different_fiscal_unit_classes_cannot_be_summed,14431245.48,12767599.80,5179.92,5113.18,2443356.00,2368120.00,0.00,0.00,11987889.48,10399479.80
130735357106,13,municipality,Zirkow,Zirkow,amtsangehörige Gemeinde,amtsangehörige Gemeinde,13073106,13073106,713,658,STATISTIKPORTAL_INTEGRATED_2023_T1,STATISTIKPORTAL_INTEGRATED_2024_T1,matching_original_identifier_and_class,not_certified_requires_population_and_entity_scope_audit,different_fiscal_unit_classes_cannot_be_summed,2145421.45,3306099.26,3009.01,5024.47,445252.00,1585984.00,0.00,0.00,1700169.45,1720115.26
130735357107,13,municipality,"Mönchgut, Ostseebad","Mönchgut, Ostseebad",amtsangehörige Gemeinde,amtsangehörige Gemeinde,13073107,13073107,1371,1285,STATISTIKPORTAL_INTEGRATED_2023_T1,STATISTIKPORTAL_INTEGRATED_2024_T1,matching_original_identifier_and_class,not_certified_requires_population_and_entity_scope_audit,different_fiscal_unit_classes_cannot_be_summed,11398819.89,11226709.51,8314.24,8736.74,166197.00,162066.00,0.00,0.00,11232622.89,11064643.51
130735358,13,joint_administration,Amtsverwaltung Niepars,Amtsverwaltung Niepars,Amtsverwaltung,Amtsverwaltung,,,9659,9330,STATISTIKPORTAL_INTEGRATED_2023_T1,STATISTIKPORTAL_INTEGRATED_2024_T1,matching_original_identifier_and_class,not_certified_requires_population_and_entity_scope_audit,different_fiscal_unit_classes_cannot_be_summed,0.00,0.00,0.00,0.00,0.00,0.00,0.00,0.00,0.00,0.00
130735358036,13,municipality,Groß Kordshagen,Groß Kordshagen,amtsangehörige Gemeinde,amtsangehörige Gemeinde,13073036,13073036,307,275,STATISTIKPORTAL_INTEGRATED_2023_T1,STATISTIKPORTAL_INTEGRATED_2024_T1,matching_original_identifier_and_class,not_certified_requires_population_and_entity_scope_audit,different_fiscal_unit_classes_cannot_be_summed,423692.73,415060.35,1380.11,1509.31,0.00,0.00,0.00,0.00,423692.73,415060.35
130735358041,13,municipality,Jakobsdorf,Jakobsdorf,amtsangehörige Gemeinde,amtsangehörige Gemeinde,13073041,13073041,459,441,STATISTIKPORTAL_INTEGRATED_2023_T1,STATISTIKPORTAL_INTEGRATED_2024_T1,matching_original_identifier_and_class,not_certified_requires_population_and_entity_scope_audit,different_fiscal_unit_classes_cannot_be_summed,339127.23,313206.74,738.84,710.22,91089.00,68548.00,0.00,0.00,248038.23,244658.74
130735358054,13,municipality,Lüssow,Lüssow,amtsangehörige Gemeinde,amtsangehörige Gemeinde,13073054,13073054,805,865,STATISTIKPORTAL_INTEGRATED_2023_T1,STATISTIKPORTAL_INTEGRATED_2024_T1,matching_original_identifier_and_class,not_certified_requires_population_and_entity_scope_audit,different_fiscal_unit_classes_cannot_be_summed,178658.19,177353.48,221.94,205.03,0.00,0.00,0.00,0.00,178658.19,177353.48
130735358060,13,municipality,Niepars,Niepars,amtsangehörige Gemeinde,amtsangehörige Gemeinde,13073060,13073060,2521,2351,STATISTIKPORTAL_INTEGRATED_2023_T1,STATISTIKPORTAL_INTEGRATED_2024_T1,matching_original_identifier_and_class,not_certified_requires_population_and_entity_scope_audit,different_fiscal_unit_classes_cannot_be_summed,1829165.98,1790731.17,725.57,761.69,0.00,0.00,0.00,0.00,1829165.98,1790731.17
130735358061,13,municipality,Pantelitz,Pantelitz,amtsangehörige Gemeinde,amtsangehörige Gemeinde,13073061,13073061,914,891,STATISTIKPORTAL_INTEGRATED_2023_T1,STATISTIKPORTAL_INTEGRATED_2024_T1,matching_original_identifier_and_class,not_certified_requires_population_and_entity_scope_audit,different_fiscal_unit_classes_cannot_be_summed,294214.25,289453.88,321.90,324.86,0.00,0.00,0.00,0.00,294214.25,289453.88
130735358087,13,municipality,Steinhagen,Steinhagen,amtsangehörige Gemeinde,amtsangehörige Gemeinde,13073087,13073087,2684,2531,STATISTIKPORTAL_INTEGRATED_2023_T1,STATISTIKPORTAL_INTEGRATED_2024_T1,matching_original_identifier_and_class,not_certified_requires_population_and_entity_scope_audit,different_fiscal_unit_classes_cannot_be_summed,1261626.71,1172776.51,470.05,463.36,200871.00,138055.00,0.00,0.00,1060755.71,1034721.51
130735358099,13,municipality,Wendorf,Wendorf,amtsangehörige Gemeinde,amtsangehörige Gemeinde,13073099,13073099,850,861,STATISTIKPORTAL_INTEGRATED_2023_T1,STATISTIKPORTAL_INTEGRATED_2024_T1,matching_original_identifier_and_class,not_certified_requires_population_and_entity_scope_audit,different_fiscal_unit_classes_cannot_be_summed,224834.21,222148.62,264.51,258.01,0.00,0.00,0.00,0.00,224834.21,222148.62
130735358104,13,municipality,Zarrendorf,Zarrendorf,amtsangehörige Gemeinde,amtsangehörige Gemeinde,13073104,13073104,1119,1115,STATISTIKPORTAL_INTEGRATED_2023_T1,STATISTIKPORTAL_INTEGRATED_2024_T1,matching_original_identifier_and_class,not_certified_requires_population_and_entity_scope_audit,different_fiscal_unit_classes_cannot_be_summed,0.00,0.00,0.00,0.00,0.00,0.00,0.00,0.00,0.00,0.00
130735359,13,joint_administration,Amtsverwaltung Nord-Rügen,Amtsverwaltung Nord-Rügen,Amtsverwaltung,Amtsverwaltung,,,7826,7567,STATISTIKPORTAL_INTEGRATED_2023_T1,STATISTIKPORTAL_INTEGRATED_2024_T1,matching_original_identifier_and_class,not_certified_requires_population_and_entity_scope_audit,different_fiscal_unit_classes_cannot_be_summed,0.00,0.00,0.00,0.00,0.00,0.00,0.00,0.00,0.00,0.00
130735359004,13,municipality,Altenkirchen,Altenkirchen,amtsangehörige Gemeinde,amtsangehörige Gemeinde,13073004,13073004,925,895,STATISTIKPORTAL_INTEGRATED_2023_T1,STATISTIKPORTAL_INTEGRATED_2024_T1,matching_original_identifier_and_class,not_certified_requires_population_and_entity_scope_audit,different_fiscal_unit_classes_cannot_be_summed,4293840.45,3548083.26,4641.99,3964.34,490369.00,420290.00,0.00,0.00,3803471.45,3127793.26
130735359013,13,municipality,Breege,Breege,amtsangehörige Gemeinde,amtsangehörige Gemeinde,13073013,13073013,591,573,STATISTIKPORTAL_INTEGRATED_2023_T1,STATISTIKPORTAL_INTEGRATED_2024_T1,matching_original_identifier_and_class,not_certified_requires_population_and_entity_scope_audit,different_fiscal_unit_classes_cannot_be_summed,2198020.45,2157108.26,3719.15,3764.59,497851.00,436993.00,0.00,0.00,1700169.45,1720115.26
130735359019,13,municipality,Dranske,Dranske,amtsangehörige Gemeinde,amtsangehörige Gemeinde,13073019,13073019,1159,1059,STATISTIKPORTAL_INTEGRATED_2023_T1,STATISTIKPORTAL_INTEGRATED_2024_T1,matching_original_identifier_and_class,not_certified_requires_population_and_entity_scope_audit,different_fiscal_unit_classes_cannot_be_summed,3400338.89,3440230.51,2933.86,3248.57,0.00,0.00,0.00,0.00,3400338.89,3440230.51
130735359030,13,municipality,"Glowe, Seebad","Glowe, Ostseebad",amtsangehörige Gemeinde,amtsangehörige Gemeinde,13073030,13073030,1021,985,STATISTIKPORTAL_INTEGRATED_2023_T1,STATISTIKPORTAL_INTEGRATED_2024_T1,legal_name_or_form_changed_review,not_certified_requires_population_and_entity_scope_audit,different_fiscal_unit_classes_cannot_be_summed,1739723.45,1739885.26,1703.94,1766.38,39554.00,19770.00,0.00,0.00,1700169.45,1720115.26
130735359052,13,municipality,Lohme,Lohme,amtsangehörige Gemeinde,amtsangehörige Gemeinde,13073052,13073052,467,473,STATISTIKPORTAL_INTEGRATED_2023_T1,STATISTIKPORTAL_INTEGRATED_2024_T1,matching_original_identifier_and_class,not_certified_requires_population_and_entity_scope_audit,different_fiscal_unit_classes_cannot_be_summed,4299499.45,4103768.26,9206.64,8676.04,2599330.00,2383653.00,0.00,0.00,1700169.45,1720115.26
130735359071,13,municipality,Putgarten,Putgarten,amtsangehörige Gemeinde,amtsangehörige Gemeinde,13073071,13073071,187,180,STATISTIKPORTAL_INTEGRATED_2023_T1,STATISTIKPORTAL_INTEGRATED_2024_T1,matching_original_identifier_and_class,not_certified_requires_population_and_entity_scope_audit,different_fiscal_unit_classes_cannot_be_summed,2104754.45,2049577.26,11255.37,11386.54,293117.00,231306.00,0.00,0.00,1811637.45,1818271.26
130735359078,13,municipality,Sagard,Sagard,amtsangehörige Gemeinde,amtsangehörige Gemeinde,13073078,13073078,2472,2429,STATISTIKPORTAL_INTEGRATED_2023_T1,STATISTIKPORTAL_INTEGRATED_2024_T1,matching_original_identifier_and_class,not_certified_requires_population_and_entity_scope_audit,different_fiscal_unit_classes_cannot_be_summed,8203377.41,7637883.29,3318.52,3144.46,532902.00,496136.00,0.00,0.00,7670475.41,7141747.29
130735359101,13,municipality,Wiek,Wiek,amtsangehörige Gemeinde,amtsangehörige Gemeinde,13073101,13073101,1004,973,STATISTIKPORTAL_INTEGRATED_2023_T1,STATISTIKPORTAL_INTEGRATED_2024_T1,matching_original_identifier_and_class,not_certified_requires_population_and_entity_scope_audit,different_fiscal_unit_classes_cannot_be_summed,9522957.89,9269752.51,9485.02,9526.98,6122619.00,5829522.00,0.00,0.00,3400338.89,3440230.51
130735360,13,joint_administration,Amtsverwaltung Recknitz-Trebeltal,Amtsverwaltung Recknitz-Trebeltal,Amtsverwaltung,Amtsverwaltung,,,8770,8264,STATISTIKPORTAL_INTEGRATED_2023_T1,STATISTIKPORTAL_INTEGRATED_2024_T1,matching_original_identifier_and_class,not_certified_requires_population_and_entity_scope_audit,different_fiscal_unit_classes_cannot_be_summed,238230.00,204215.00,27.16,24.71,238230.00,204215.00,0.00,0.00,0.00,0.00
130735360007,13,municipality,"Bad Sülze, Stadt","Bad Sülze, Stadt",amtsangehörige Gemeinde,amtsangehörige Gemeinde,13073007,13073007,1794,1632,STATISTIKPORTAL_INTEGRATED_2023_T1,STATISTIKPORTAL_INTEGRATED_2024_T1,matching_original_identifier_and_class,not_certified_requires_population_and_entity_scope_audit,different_fiscal_unit_classes_cannot_be_summed,2088002.00,1936979.83,1163.88,1186.87,0.00,0.00,0.00,0.00,2088002.00,1936979.83
130735360015,13,municipality,Dettmannsdorf,Dettmannsdorf,amtsangehörige Gemeinde,amtsangehörige Gemeinde,13073015,13073015,1034,1026,STATISTIKPORTAL_INTEGRATED_2023_T1,STATISTIKPORTAL_INTEGRATED_2024_T1,matching_original_identifier_and_class,not_certified_requires_population_and_entity_scope_audit,different_fiscal_unit_classes_cannot_be_summed,2749592.21,2564809.81,2659.18,2499.81,1130375.00,1062409.00,0.00,0.00,1619217.21,1502400.81
130735360016,13,municipality,Deyelsdorf,Deyelsdorf,amtsangehörige Gemeinde,amtsangehörige Gemeinde,13073016,13073016,470,445,STATISTIKPORTAL_INTEGRATED_2023_T1,STATISTIKPORTAL_INTEGRATED_2024_T1,matching_original_identifier_and_class,not_certified_requires_population_and_entity_scope_audit,different_fiscal_unit_classes_cannot_be_summed,51461.52,48661.80,109.49,109.35,0.00,0.00,0.00,0.00,51461.52,48661.80
130735360020,13,municipality,Drechow,Drechow,amtsangehörige Gemeinde,amtsangehörige Gemeinde,13073020,13073020,220,206,STATISTIKPORTAL_INTEGRATED_2023_T1,STATISTIKPORTAL_INTEGRATED_2024_T1,matching_original_identifier_and_class,not_certified_requires_population_and_entity_scope_audit,different_fiscal_unit_classes_cannot_be_summed,224950.23,222261.17,1022.50,1078.94,0.00,0.00,0.00,0.00,224950.23,222261.17
130735360022,13,municipality,Eixen,Eixen,amtsangehörige Gemeinde,amtsangehörige Gemeinde,13073022,13073022,734,680,STATISTIKPORTAL_INTEGRATED_2023_T1,STATISTIKPORTAL_INTEGRATED_2024_T1,matching_original_identifier_and_class,not_certified_requires_population_and_entity_scope_audit,different_fiscal_unit_classes_cannot_be_summed,1431211.94,1336429.47,1949.88,1965.34,26902.00,22022.00,0.00,0.00,1404309.94,1314407.47
130735360032,13,municipality,Grammendorf,Grammendorf,amtsangehörige Gemeinde,amtsangehörige Gemeinde,13073032,13073032,529,502,STATISTIKPORTAL_INTEGRATED_2023_T1,STATISTIKPORTAL_INTEGRATED_2024_T1,matching_original_identifier_and_class,not_certified_requires_population_and_entity_scope_audit,different_fiscal_unit_classes_cannot_be_summed,51461.52,48661.80,97.28,96.94,0.00,0.00,0.00,0.00,51461.52,48661.80
130735360033,13,municipality,Gransebieth,Gransebieth,amtsangehörige Gemeinde,amtsangehörige Gemeinde,13073033,13073033,560,508,STATISTIKPORTAL_INTEGRATED_2023_T1,STATISTIKPORTAL_INTEGRATED_2024_T1,matching_original_identifier_and_class,not_certified_requires_population_and_entity_scope_audit,different_fiscal_unit_classes_cannot_be_summed,51461.52,48661.80,91.90,95.79,0.00,0.00,0.00,0.00,51461.52,48661.80
130735360039,13,municipality,Hugoldsdorf,Hugoldsdorf,amtsangehörige Gemeinde,amtsangehörige Gemeinde,13073039,13073039,133,128,STATISTIKPORTAL_INTEGRATED_2023_T1,STATISTIKPORTAL_INTEGRATED_2024_T1,matching_original_identifier_and_class,not_certified_requires_population_and_entity_scope_audit,different_fiscal_unit_classes_cannot_be_summed,309039.23,244658.74,2323.60,1911.40,61001.00,0.00,0.00,0.00,248038.23,244658.74
130735360050,13,municipality,Lindholz,Lindholz,amtsangehörige Gemeinde,amtsangehörige Gemeinde,13073050,13073050,637,609,STATISTIKPORTAL_INTEGRATED_2023_T1,STATISTIKPORTAL_INTEGRATED_2024_T1,matching_original_identifier_and_class,not_certified_requires_population_and_entity_scope_audit,different_fiscal_unit_classes_cannot_be_summed,1629783.34,1520413.50,2558.53,2496.57,0.00,0.00,0.00,0.00,1629783.34,1520413.50
130735360093,13,municipality,"Tribsees, Stadt","Tribsees, Stadt",amtsangehörige Gemeinde,amtsangehörige Gemeinde,13073093,13073093,2659,2528,STATISTIKPORTAL_INTEGRATED_2023_T1,STATISTIKPORTAL_INTEGRATED_2024_T1,matching_original_identifier_and_class,not_certified_requires_population_and_entity_scope_audit,different_fiscal_unit_classes_cannot_be_summed,4192489.07,4045421.87,1576.72,1600.25,367309.00,320016.00,0.00,0.00,3825180.07,3725405.87
130735361,13,joint_administration,Amtsverwaltung Ribnitz-Damgarten,Amtsverwaltung Ribnitz-Damgarten,Amtsverwaltung,Amtsverwaltung,,,18968,18400,STATISTIKPORTAL_INTEGRATED_2023_T1,STATISTIKPORTAL_INTEGRATED_2024_T1,matching_original_identifier_and_class,not_certified_requires_population_and_entity_scope_audit,different_fiscal_unit_classes_cannot_be_summed,0.00,0.00,0.00,0.00,0.00,0.00,0.00,0.00,0.00,0.00
130735361001,13,municipality,Ahrenshagen-Daskow,Ahrenshagen-Daskow,amtsangehörige Gemeinde,amtsangehörige Gemeinde,13073001,13073001,2205,2213,STATISTIKPORTAL_INTEGRATED_2023_T1,STATISTIKPORTAL_INTEGRATED_2024_T1,matching_original_identifier_and_class,not_certified_requires_population_and_entity_scope_audit,different_fiscal_unit_classes_cannot_be_summed,1709630.14,1529225.16,775.34,691.02,363570.00,282770.00,0.00,0.00,1346060.14,1246455.16
130735361075,13,municipality,"Ribnitz-Damgarten, Bernsteinstadt","Ribnitz-Damgarten, Bernsteinstadt",amtsangehörige Gemeinde,amtsangehörige Gemeinde,13073075,13073075,15764,15271,STATISTIKPORTAL_INTEGRATED_2023_T1,STATISTIKPORTAL_INTEGRATED_2024_T1,matching_original_identifier_and_class,not_certified_requires_population_and_entity_scope_audit,different_fiscal_unit_classes_cannot_be_summed,38026173.62,35947906.59,2412.22,2354.00,5176480.00,4379835.00,0.00,0.00,32849693.62,31568071.59
130735361082,13,municipality,Schlemmin,Schlemmin,amtsangehörige Gemeinde,amtsangehörige Gemeinde,13073082,13073082,300,272,STATISTIKPORTAL_INTEGRATED_2023_T1,STATISTIKPORTAL_INTEGRATED_2024_T1,matching_original_identifier_and_class,not_certified_requires_population_and_entity_scope_audit,different_fiscal_unit_classes_cannot_be_summed,554849.07,520367.58,1849.50,1913.12,108043.00,97359.00,0.00,0.00,446806.07,423008.58
130735361085,13,municipality,Semlow,Semlow,amtsangehörige Gemeinde,amtsangehörige Gemeinde,13073085,13073085,699,644,STATISTIKPORTAL_INTEGRATED_2023_T1,STATISTIKPORTAL_INTEGRATED_2024_T1,matching_original_identifier_and_class,not_certified_requires_population_and_entity_scope_audit,different_fiscal_unit_classes_cannot_be_summed,2399155.08,2266153.10,3432.27,3518.87,1443104.00,1360137.00,0.00,0.00,956051.08,906016.10
130735362,13,joint_administration,Amtsverwaltung West-Rügen,Amtsverwaltung West-Rügen,Amtsverwaltung,Amtsverwaltung,,,9660,9451,STATISTIKPORTAL_INTEGRATED_2023_T1,STATISTIKPORTAL_INTEGRATED_2024_T1,matching_original_identifier_and_class,not_certified_requires_population_and_entity_scope_audit,different_fiscal_unit_classes_cannot_be_summed,0.00,0.00,0.00,0.00,0.00,0.00,0.00,0.00,0.00,0.00
130735362003,13,municipality,Altefähr,Altefähr,amtsangehörige Gemeinde,amtsangehörige Gemeinde,13073003,13073003,1297,1281,STATISTIKPORTAL_INTEGRATED_2023_T1,STATISTIKPORTAL_INTEGRATED_2024_T1,matching_original_identifier_and_class,not_certified_requires_population_and_entity_scope_audit,different_fiscal_unit_classes_cannot_be_summed,4562697.89,4573158.51,3517.89,3569.99,52079.00,31771.00,0.00,0.00,4510618.89,4541387.51
130735362021,13,municipality,Dreschvitz,Dreschvitz,amtsangehörige Gemeinde,amtsangehörige Gemeinde,13073021,13073021,768,754,STATISTIKPORTAL_INTEGRATED_2023_T1,STATISTIKPORTAL_INTEGRATED_2024_T1,matching_original_identifier_and_class,not_certified_requires_population_and_entity_scope_audit,different_fiscal_unit_classes_cannot_be_summed,1962670.45,1938453.26,2555.56,2570.89,262501.00,218338.00,0.00,0.00,1700169.45,1720115.26
130735362028,13,municipality,Gingst,Gingst,amtsangehörige Gemeinde,amtsangehörige Gemeinde,13073028,13073028,1309,1257,STATISTIKPORTAL_INTEGRATED_2023_T1,STATISTIKPORTAL_INTEGRATED_2024_T1,matching_original_identifier_and_class,not_certified_requires_population_and_entity_scope_audit,different_fiscal_unit_classes_cannot_be_summed,3865344.89,3858732.51,2952.90,3069.80,465006.00,418502.00,0.00,0.00,3400338.89,3440230.51
130735362040,13,municipality,"Insel Hiddensee, Seebad","Insel Hiddensee, Seebad",amtsangehörige Gemeinde,amtsangehörige Gemeinde,13073040,13073040,1013,938,STATISTIKPORTAL_INTEGRATED_2023_T1,STATISTIKPORTAL_INTEGRATED_2024_T1,matching_original_identifier_and_class,not_certified_requires_population_and_entity_scope_audit,different_fiscal_unit_classes_cannot_be_summed,6001760.45,5789521.26,5924.74,6172.20,1876278.00,1667344.00,0.00,0.00,4125482.45,4122177.26
130735362045,13,municipality,Kluis,Kluis,amtsangehörige Gemeinde,amtsangehörige Gemeinde,13073045,13073045,404,385,STATISTIKPORTAL_INTEGRATED_2023_T1,STATISTIKPORTAL_INTEGRATED_2024_T1,matching_original_identifier_and_class,not_certified_requires_population_and_entity_scope_audit,different_fiscal_unit_classes_cannot_be_summed,1740363.45,1751769.26,4307.83,4550.05,40194.00,31654.00,0.00,0.00,1700169.45,1720115.26
130735362059,13,municipality,Neuenkirchen,Neuenkirchen,amtsangehörige Gemeinde,amtsangehörige Gemeinde,13073059,13073059,292,275,STATISTIKPORTAL_INTEGRATED_2023_T1,STATISTIKPORTAL_INTEGRATED_2024_T1,matching_original_identifier_and_class,not_certified_requires_population_and_entity_scope_audit,different_fiscal_unit_classes_cannot_be_summed,1972835.45,2164894.26,6756.29,7872.34,272666.00,444779.00,0.00,0.00,1700169.45,1720115.26
130735362073,13,municipality,Rambin,Rambin,amtsangehörige Gemeinde,amtsangehörige Gemeinde,13073073,13073073,946,934,STATISTIKPORTAL_INTEGRATED_2023_T1,STATISTIKPORTAL_INTEGRATED_2024_T1,matching_original_identifier_and_class,not_certified_requires_population_and_entity_scope_audit,different_fiscal_unit_classes_cannot_be_summed,1829694.45,1834032.26,1934.14,1963.63,129525.00,113917.00,0.00,0.00,1700169.45,1720115.26
130735362079,13,municipality,Samtens,Samtens,amtsangehörige Gemeinde,amtsangehörige Gemeinde,13073079,13073079,1982,2014,STATISTIKPORTAL_INTEGRATED_2023_T1,STATISTIKPORTAL_INTEGRATED_2024_T1,matching_original_identifier_and_class,not_certified_requires_population_and_entity_scope_audit,different_fiscal_unit_classes_cannot_be_summed,3726303.89,3605822.51,1880.07,1790.38,325965.00,165592.00,0.00,0.00,3400338.89,3440230.51
130735362081,13,municipality,Schaprode,Schaprode,amtsangehörige Gemeinde,amtsangehörige Gemeinde,13073081,13073081,429,410,STATISTIKPORTAL_INTEGRATED_2023_T1,STATISTIKPORTAL_INTEGRATED_2024_T1,matching_original_identifier_and_class,not_certified_requires_population_and_entity_scope_audit,different_fiscal_unit_classes_cannot_be_summed,1700169.45,1720115.26,3963.10,4195.40,0.00,0.00,0.00,0.00,1700169.45,1720115.26
130735362092,13,municipality,Trent,Trent,amtsangehörige Gemeinde,amtsangehörige Gemeinde,13073092,13073092,664,649,STATISTIKPORTAL_INTEGRATED_2023_T1,STATISTIKPORTAL_INTEGRATED_2024_T1,matching_original_identifier_and_class,not_certified_requires_population_and_entity_scope_audit,different_fiscal_unit_classes_cannot_be_summed,1762329.45,1776055.26,2654.11,2736.60,62160.00,55940.00,0.00,0.00,1700169.45,1720115.26
130735362095,13,municipality,Ummanz,Ummanz,amtsangehörige Gemeinde,amtsangehörige Gemeinde,13073095,13073095,556,554,STATISTIKPORTAL_INTEGRATED_2023_T1,STATISTIKPORTAL_INTEGRATED_2024_T1,matching_original_identifier_and_class,not_certified_requires_population_and_entity_scope_audit,different_fiscal_unit_classes_cannot_be_summed,1994815.45,1999559.26,3587.80,3609.31,294646.00,279444.00,0.00,0.00,1700169.45,1720115.26
13074,13,county_administration,Landratsamt Nordwestmecklenburg,Landratsamt Nordwestmecklenburg,Landratsamt,Landratsamt,,,160142,156992,STATISTIKPORTAL_INTEGRATED_2023_T1,STATISTIKPORTAL_INTEGRATED_2024_T1,matching_original_identifier_and_class,not_certified_requires_population_and_entity_scope_audit,different_fiscal_unit_classes_cannot_be_summed,75557396.60,82053380.23,471.81,522.66,50842063.00,57950290.00,9955507.00,8334446.64,14759826.60,15768643.59
130740026026,13,municipality,"Grevesmühlen, Stadt","Grevesmühlen, Stadt",amtsfreie Gemeinde,amtsfreie Gemeinde,13074026,13074026,10411,10229,STATISTIKPORTAL_INTEGRATED_2023_T1,STATISTIKPORTAL_INTEGRATED_2024_T1,matching_original_identifier_and_class,not_certified_requires_population_and_entity_scope_audit,different_fiscal_unit_classes_cannot_be_summed,59538070.24,56123351.44,5718.77,5486.69,15468986.00,14823434.00,0.00,0.00,44069084.24,41299917.44
130740035035,13,municipality,"Insel Poel, Ostseebad","Insel Poel, Ostseebad",amtsfreie Gemeinde,amtsfreie Gemeinde,13074035,13074035,2529,2538,STATISTIKPORTAL_INTEGRATED_2023_T1,STATISTIKPORTAL_INTEGRATED_2024_T1,matching_original_identifier_and_class,not_certified_requires_population_and_entity_scope_audit,different_fiscal_unit_classes_cannot_be_summed,2686679.34,2758916.83,1062.35,1087.04,1511027.00,1317141.00,0.00,0.00,1175652.34,1441775.83
130740087087,13,municipality,"Wismar, Hansestadt","Wismar, Hansestadt",amtsfreie Gemeinde,amtsfreie Gemeinde,13074087,13074087,44073,43374,STATISTIKPORTAL_INTEGRATED_2023_T1,STATISTIKPORTAL_INTEGRATED_2024_T1,matching_original_identifier_and_class,not_certified_requires_population_and_entity_scope_audit,different_fiscal_unit_classes_cannot_be_summed,231685077.25,222709925.73,5256.85,5134.64,69716134.00,66668263.00,4122105.75,3859597.82,157846837.50,152182064.91
130745451,13,joint_administration,Amtsverwaltung Dorf Mecklenburg-Bad Kleinen,Amtsverwaltung Dorf Mecklenburg-Bad Kleinen,Amtsverwaltung,Amtsverwaltung,,,14405,14007,STATISTIKPORTAL_INTEGRATED_2023_T1,STATISTIKPORTAL_INTEGRATED_2024_T1,matching_original_identifier_and_class,not_certified_requires_population_and_entity_scope_audit,different_fiscal_unit_classes_cannot_be_summed,0.00,0.00,0.00,0.00,0.00,0.00,0.00,0.00,0.00,0.00
130745451002,13,municipality,Bad Kleinen,Bad Kleinen,amtsangehörige Gemeinde,amtsangehörige Gemeinde,13074002,13074002,3748,3739,STATISTIKPORTAL_INTEGRATED_2023_T1,STATISTIKPORTAL_INTEGRATED_2024_T1,matching_original_identifier_and_class,not_certified_requires_population_and_entity_scope_audit,different_fiscal_unit_classes_cannot_be_summed,5992877.52,6168383.79,1598.95,1649.74,1541278.00,1440490.00,0.00,0.00,4451599.52,4727893.79
130745451003,13,municipality,Barnekow,Barnekow,amtsangehörige Gemeinde,amtsangehörige Gemeinde,13074003,13074003,592,578,STATISTIKPORTAL_INTEGRATED_2023_T1,STATISTIKPORTAL_INTEGRATED_2024_T1,matching_original_identifier_and_class,not_certified_requires_population_and_entity_scope_audit,different_fiscal_unit_classes_cannot_be_summed,1017007.36,1089065.51,1717.92,1884.20,180000.00,171000.00,0.00,0.00,837007.36,918065.51
130745451008,13,municipality,Bobitz,Bobitz,amtsangehörige Gemeinde,amtsangehörige Gemeinde,13074008,13074008,2512,2507,STATISTIKPORTAL_INTEGRATED_2023_T1,STATISTIKPORTAL_INTEGRATED_2024_T1,matching_original_identifier_and_class,not_certified_requires_population_and_entity_scope_audit,different_fiscal_unit_classes_cannot_be_summed,6338471.53,6361851.15,2523.28,2537.64,2778350.00,2635491.00,0.00,0.00,3560121.53,3726360.15
130745451019,13,municipality,Dorf Mecklenburg,Dorf Mecklenburg,amtsangehörige Gemeinde,amtsangehörige Gemeinde,13074019,13074019,3338,3147,STATISTIKPORTAL_INTEGRATED_2023_T1,STATISTIKPORTAL_INTEGRATED_2024_T1,matching_original_identifier_and_class,not_certified_requires_population_and_entity_scope_audit,different_fiscal_unit_classes_cannot_be_summed,2478004.42,2736086.90,742.36,869.43,1780390.00,1692910.00,0.00,0.00,697614.42,1043176.90
130745451030,13,municipality,Groß Stieten,Groß Stieten,amtsangehörige Gemeinde,amtsangehörige Gemeinde,13074030,13074030,629,558,STATISTIKPORTAL_INTEGRATED_2023_T1,STATISTIKPORTAL_INTEGRATED_2024_T1,matching_original_identifier_and_class,not_certified_requires_population_and_entity_scope_audit,different_fiscal_unit_classes_cannot_be_summed,749419.79,806918.35,1191.45,1446.09,572808.00,540828.00,0.00,0.00,176611.79,266090.35
130745451031,13,municipality,Hohen Viecheln,Hohen Viecheln,amtsangehörige Gemeinde,amtsangehörige Gemeinde,13074031,13074031,738,704,STATISTIKPORTAL_INTEGRATED_2023_T1,STATISTIKPORTAL_INTEGRATED_2024_T1,matching_original_identifier_and_class,not_certified_requires_population_and_entity_scope_audit,different_fiscal_unit_classes_cannot_be_summed,1593858.26,1670558.43,2159.70,2372.95,967575.00,930375.00,0.00,0.00,626283.26,740183.43
130745451047,13,municipality,Lübow,Lübow,amtsangehörige Gemeinde,amtsangehörige Gemeinde,13074047,13074047,1577,1564,STATISTIKPORTAL_INTEGRATED_2023_T1,STATISTIKPORTAL_INTEGRATED_2024_T1,matching_original_identifier_and_class,not_certified_requires_population_and_entity_scope_audit,different_fiscal_unit_classes_cannot_be_summed,2536675.98,2782534.12,1608.55,1779.11,1904900.00,1830400.00,0.00,0.00,631775.98,952134.12
130745451053,13,municipality,Metelsdorf,Metelsdorf,amtsangehörige Gemeinde,amtsangehörige Gemeinde,13074053,13074053,508,485,STATISTIKPORTAL_INTEGRATED_2023_T1,STATISTIKPORTAL_INTEGRATED_2024_T1,matching_original_identifier_and_class,not_certified_requires_population_and_entity_scope_audit,different_fiscal_unit_classes_cannot_be_summed,191844.29,289040.24,377.65,595.96,0.00,0.00,0.00,0.00,191844.29,289040.24
130745451082,13,municipality,Ventschow,Ventschow,amtsangehörige Gemeinde,amtsangehörige Gemeinde,13074082,13074082,763,725,STATISTIKPORTAL_INTEGRATED_2023_T1,STATISTIKPORTAL_INTEGRATED_2024_T1,matching_original_identifier_and_class,not_certified_requires_population_and_entity_scope_audit,different_fiscal_unit_classes_cannot_be_summed,4056724.58,4425617.12,5316.81,6104.30,1972098.00,1864567.00,316321.31,337340.14,1768305.27,2223709.98
130745452,13,joint_administration,Amtsverwaltung Gadebusch,Amtsverwaltung Gadebusch,Amtsverwaltung,Amtsverwaltung,,,10340,9825,STATISTIKPORTAL_INTEGRATED_2023_T1,STATISTIKPORTAL_INTEGRATED_2024_T1,matching_original_identifier_and_class,not_certified_requires_population_and_entity_scope_audit,different_fiscal_unit_classes_cannot_be_summed,0.00,0.00,0.00,0.00,0.00,0.00,0.00,0.00,0.00,0.00
130745452020,13,municipality,Dragun,Dragun,amtsangehörige Gemeinde,amtsangehörige Gemeinde,13074020,13074020,749,715,STATISTIKPORTAL_INTEGRATED_2023_T1,STATISTIKPORTAL_INTEGRATED_2024_T1,matching_original_identifier_and_class,not_certified_requires_population_and_entity_scope_audit,different_fiscal_unit_classes_cannot_be_summed,2417044.72,2373858.22,3227.03,3320.08,1880000.00,1842963.00,8189.92,7669.92,528854.80,523225.30
130745452021,13,municipality,"Gadebusch, Stadt","Gadebusch, Stadt",amtsangehörige Gemeinde,amtsangehörige Gemeinde,13074021,13074021,5460,5106,STATISTIKPORTAL_INTEGRATED_2023_T1,STATISTIKPORTAL_INTEGRATED_2024_T1,matching_original_identifier_and_class,not_certified_requires_population_and_entity_scope_audit,different_fiscal_unit_classes_cannot_be_summed,27874440.59,29277331.42,5105.21,5733.91,10185280.00,11715209.00,316960.35,338021.63,17372200.24,17224100.79
130745452040,13,municipality,Kneese,Kneese,amtsangehörige Gemeinde,amtsangehörige Gemeinde,13074040,13074040,350,330,STATISTIKPORTAL_INTEGRATED_2023_T1,STATISTIKPORTAL_INTEGRATED_2024_T1,matching_original_identifier_and_class,not_certified_requires_population_and_entity_scope_audit,different_fiscal_unit_classes_cannot_be_summed,110777.98,107399.01,316.51,325.45,0.00,0.00,0.00,0.00,110777.98,107399.01
130745452043,13,municipality,Krembz,Krembz,amtsangehörige Gemeinde,amtsangehörige Gemeinde,13074043,13074043,879,869,STATISTIKPORTAL_INTEGRATED_2023_T1,STATISTIKPORTAL_INTEGRATED_2024_T1,matching_original_identifier_and_class,not_certified_requires_population_and_entity_scope_audit,different_fiscal_unit_classes_cannot_be_summed,927841.20,894404.39,1055.56,1029.23,0.00,0.00,0.00,0.00,927841.20,894404.39
130745452054,13,municipality,Mühlen Eichsen,Mühlen Eichsen,amtsangehörige Gemeinde,amtsangehörige Gemeinde,13074054,13074054,995,959,STATISTIKPORTAL_INTEGRATED_2023_T1,STATISTIKPORTAL_INTEGRATED_2024_T1,matching_original_identifier_and_class,not_certified_requires_population_and_entity_scope_audit,different_fiscal_unit_classes_cannot_be_summed,1894482.37,2812910.68,1904.00,2933.17,812292.00,1759130.00,0.00,0.00,1082190.37,1053780.68
130745452068,13,municipality,Roggendorf,Roggendorf,amtsangehörige Gemeinde,amtsangehörige Gemeinde,13074068,13074068,1055,990,STATISTIKPORTAL_INTEGRATED_2023_T1,STATISTIKPORTAL_INTEGRATED_2024_T1,matching_original_identifier_and_class,not_certified_requires_population_and_entity_scope_audit,different_fiscal_unit_classes_cannot_be_summed,5286287.77,5447921.04,5010.70,5502.95,2066233.00,1950817.00,316321.31,337340.14,2903733.46,3159763.90
130745452070,13,municipality,Rögnitz,Rögnitz,amtsangehörige Gemeinde,amtsangehörige Gemeinde,13074070,13074070,188,190,STATISTIKPORTAL_INTEGRATED_2023_T1,STATISTIKPORTAL_INTEGRATED_2024_T1,matching_original_identifier_and_class,not_certified_requires_population_and_entity_scope_audit,different_fiscal_unit_classes_cannot_be_summed,1884382.84,2203399.14,10023.31,11596.84,0.00,0.00,316321.31,337340.14,1568061.53,1866059.00
130745452081,13,municipality,Veelböken,Veelböken,amtsangehörige Gemeinde,amtsangehörige Gemeinde,13074081,13074081,664,666,STATISTIKPORTAL_INTEGRATED_2023_T1,STATISTIKPORTAL_INTEGRATED_2024_T1,matching_original_identifier_and_class,not_certified_requires_population_and_entity_scope_audit,different_fiscal_unit_classes_cannot_be_summed,1475359.43,1411080.86,2221.93,2118.74,587008.00,541164.00,0.00,0.00,888351.43,869916.86
130745453,13,joint_administration,Amtsverwaltung Grevesmühlen-Land,Amtsverwaltung Grevesmühlen-Land,Amtsverwaltung,Amtsverwaltung,,,8540,8726,STATISTIKPORTAL_INTEGRATED_2023_T1,STATISTIKPORTAL_INTEGRATED_2024_T1,matching_original_identifier_and_class,not_certified_requires_population_and_entity_scope_audit,different_fiscal_unit_classes_cannot_be_summed,3321718.11,3382238.94,388.96,387.60,0.00,0.00,0.00,0.00,3321718.11,3382238.94
130745453005,13,municipality,Bernstorf,Bernstorf,amtsangehörige Gemeinde,amtsangehörige Gemeinde,13074005,13074005,377,374,STATISTIKPORTAL_INTEGRATED_2023_T1,STATISTIKPORTAL_INTEGRATED_2024_T1,matching_original_identifier_and_class,not_certified_requires_population_and_entity_scope_audit,different_fiscal_unit_classes_cannot_be_summed,1236161.24,1243043.88,3278.94,3323.65,129195.00,115909.00,0.00,0.00,1106966.24,1127134.88
130745453022,13,municipality,Gägelow,Gägelow,amtsangehörige Gemeinde,amtsangehörige Gemeinde,13074022,13074022,2544,2527,STATISTIKPORTAL_INTEGRATED_2023_T1,STATISTIKPORTAL_INTEGRATED_2024_T1,matching_original_identifier_and_class,not_certified_requires_population_and_entity_scope_audit,different_fiscal_unit_classes_cannot_be_summed,3474370.72,3911234.16,1365.71,1547.78,765896.00,714206.00,0.00,0.00,2708474.72,3197028.16
130745453069,13,municipality,Roggenstorf,Roggenstorf,amtsangehörige Gemeinde,amtsangehörige Gemeinde,13074069,13074069,431,462,STATISTIKPORTAL_INTEGRATED_2023_T1,STATISTIKPORTAL_INTEGRATED_2024_T1,matching_original_identifier_and_class,not_certified_requires_population_and_entity_scope_audit,different_fiscal_unit_classes_cannot_be_summed,1290406.24,1298926.88,2993.98,2811.53,183440.00,171792.00,0.00,0.00,1106966.24,1127134.88
130745453071,13,municipality,Rüting,Rüting,amtsangehörige Gemeinde,amtsangehörige Gemeinde,13074071,13074071,541,529,STATISTIKPORTAL_INTEGRATED_2023_T1,STATISTIKPORTAL_INTEGRATED_2024_T1,matching_original_identifier_and_class,not_certified_requires_population_and_entity_scope_audit,different_fiscal_unit_classes_cannot_be_summed,1189983.24,1200200.88,2199.60,2268.81,83017.00,73066.00,0.00,0.00,1106966.24,1127134.88
130745453077,13,municipality,Testorf-Steinfort,Testorf-Steinfort,amtsangehörige Gemeinde,amtsangehörige Gemeinde,13074077,13074077,649,631,STATISTIKPORTAL_INTEGRATED_2023_T1,STATISTIKPORTAL_INTEGRATED_2024_T1,matching_original_identifier_and_class,not_certified_requires_population_and_entity_scope_audit,different_fiscal_unit_classes_cannot_be_summed,1449317.24,1448359.88,2233.15,2295.34,342351.00,321225.00,0.00,0.00,1106966.24,1127134.88
130745453079,13,municipality,Upahl,Upahl,amtsangehörige Gemeinde,amtsangehörige Gemeinde,13074079,13074079,1671,1852,STATISTIKPORTAL_INTEGRATED_2023_T1,STATISTIKPORTAL_INTEGRATED_2024_T1,matching_original_identifier_and_class,not_certified_requires_population_and_entity_scope_audit,different_fiscal_unit_classes_cannot_be_summed,3402737.86,3369458.05,2036.35,1819.36,1187986.00,1114354.00,0.00,0.00,2214751.86,2255104.05
130745453085,13,municipality,Warnow,Warnow,amtsangehörige Gemeinde,amtsangehörige Gemeinde,13074085,13074085,627,626,STATISTIKPORTAL_INTEGRATED_2023_T1,STATISTIKPORTAL_INTEGRATED_2024_T1,matching_original_identifier_and_class,not_certified_requires_population_and_entity_scope_audit,different_fiscal_unit_classes_cannot_be_summed,1222333.24,1222427.21,1949.49,1952.76,115367.00,95017.00,0.00,0.00,1106966.24,1127410.21
130745453093,13,municipality,Stepenitztal,Stepenitztal,amtsangehörige Gemeinde,amtsangehörige Gemeinde,13074093,13074093,1700,1725,STATISTIKPORTAL_INTEGRATED_2023_T1,STATISTIKPORTAL_INTEGRATED_2024_T1,matching_original_identifier_and_class,not_certified_requires_population_and_entity_scope_audit,different_fiscal_unit_classes_cannot_be_summed,2910948.86,2905395.05,1712.32,1684.29,696197.00,650291.00,0.00,0.00,2214751.86,2255104.05
130745454,13,joint_administration,Amtsverwaltung Klützer Winkel,Amtsverwaltung Klützer Winkel,Amtsverwaltung,Amtsverwaltung,,,10876,10285,STATISTIKPORTAL_INTEGRATED_2023_T1,STATISTIKPORTAL_INTEGRATED_2024_T1,matching_original_identifier_and_class,not_certified_requires_population_and_entity_scope_audit,different_fiscal_unit_classes_cannot_be_summed,4245151.10,4280254.76,390.32,416.16,553898.00,521748.00,0.00,0.00,3691253.10,3758506.76
130745454010,13,municipality,"Boltenhagen, Ostseebad","Boltenhagen, Ostseebad",amtsangehörige Gemeinde,amtsangehörige Gemeinde,13074010,13074010,2564,2435,STATISTIKPORTAL_INTEGRATED_2023_T1,STATISTIKPORTAL_INTEGRATED_2024_T1,matching_original_identifier_and_class,not_certified_requires_population_and_entity_scope_audit,different_fiscal_unit_classes_cannot_be_summed,4985958.11,7023794.94,1944.60,2884.52,1664240.00,1628743.00,0.00,0.00,3321718.11,5395051.94
130745454016,13,municipality,Damshagen,Damshagen,amtsangehörige Gemeinde,amtsangehörige Gemeinde,13074016,13074016,1344,1283,STATISTIKPORTAL_INTEGRATED_2023_T1,STATISTIKPORTAL_INTEGRATED_2024_T1,matching_original_identifier_and_class,not_certified_requires_population_and_entity_scope_audit,different_fiscal_unit_classes_cannot_be_summed,3336428.86,3234761.05,2482.46,2521.25,367273.00,289771.00,0.00,0.00,2969155.86,2944990.05
130745454032,13,municipality,Hohenkirchen,Hohenkirchen,amtsangehörige Gemeinde,amtsangehörige Gemeinde,13074032,13074032,1220,1021,STATISTIKPORTAL_INTEGRATED_2023_T1,STATISTIKPORTAL_INTEGRATED_2024_T1,matching_original_identifier_and_class,not_certified_requires_population_and_entity_scope_audit,different_fiscal_unit_classes_cannot_be_summed,3082527.90,3245497.93,2526.66,3178.74,812174.00,708560.00,0.00,0.00,2270353.90,2536937.93
130745454037,13,municipality,Kalkhorst,Kalkhorst,amtsangehörige Gemeinde,amtsangehörige Gemeinde,13074037,13074037,1823,1756,STATISTIKPORTAL_INTEGRATED_2023_T1,STATISTIKPORTAL_INTEGRATED_2024_T1,matching_original_identifier_and_class,not_certified_requires_population_and_entity_scope_audit,different_fiscal_unit_classes_cannot_be_summed,6445745.86,6318475.05,3535.79,3598.22,3728058.00,3603447.00,0.00,0.00,2717687.86,2715028.05
130745454039,13,municipality,"Klütz, Stadt","Klütz, Stadt",amtsangehörige Gemeinde,amtsangehörige Gemeinde,13074039,13074039,3149,3027,STATISTIKPORTAL_INTEGRATED_2023_T1,STATISTIKPORTAL_INTEGRATED_2024_T1,matching_original_identifier_and_class,not_certified_requires_population_and_entity_scope_audit,different_fiscal_unit_classes_cannot_be_summed,6091189.35,5888346.81,1934.32,1945.27,1662505.00,1378973.00,0.00,0.00,4428684.35,4509373.81
130745454089,13,municipality,Zierow,Zierow,amtsangehörige Gemeinde,amtsangehörige Gemeinde,13074089,13074089,776,763,STATISTIKPORTAL_INTEGRATED_2023_T1,STATISTIKPORTAL_INTEGRATED_2024_T1,matching_original_identifier_and_class,not_certified_requires_population_and_entity_scope_audit,different_fiscal_unit_classes_cannot_be_summed,878124.46,980014.16,1131.60,1284.42,0.00,0.00,0.00,0.00,878124.46,980014.16
130745455,13,joint_administration,Amtsverwaltung Lützow-Lübstorf,Amtsverwaltung Lützow-Lübstorf,Amtsverwaltung,Amtsverwaltung,,,13641,13373,STATISTIKPORTAL_INTEGRATED_2023_T1,STATISTIKPORTAL_INTEGRATED_2024_T1,matching_original_identifier_and_class,not_certified_requires_population_and_entity_scope_audit,different_fiscal_unit_classes_cannot_be_summed,810000.00,810000.00,59.38,60.57,810000.00,810000.00,0.00,0.00,0.00,0.00
130745455001,13,municipality,Alt Meteln,Alt Meteln,amtsangehörige Gemeinde,amtsangehörige Gemeinde,13074001,13074001,1198,1201,STATISTIKPORTAL_INTEGRATED_2023_T1,STATISTIKPORTAL_INTEGRATED_2024_T1,matching_original_identifier_and_class,not_certified_requires_population_and_entity_scope_audit,different_fiscal_unit_classes_cannot_be_summed,2810286.59,3064086.37,2345.82,2551.28,693425.00,654601.00,316321.31,337340.14,1800540.28,2072145.23
130745455012,13,municipality,Brüsewitz,Brüsewitz,amtsangehörige Gemeinde,amtsangehörige Gemeinde,13074012,13074012,1967,1850,STATISTIKPORTAL_INTEGRATED_2023_T1,STATISTIKPORTAL_INTEGRATED_2024_T1,matching_original_identifier_and_class,not_certified_requires_population_and_entity_scope_audit,different_fiscal_unit_classes_cannot_be_summed,3517258.68,3790424.02,1788.13,2048.88,911000.00,887438.00,324511.47,345010.29,2281747.21,2557975.73
130745455014,13,municipality,Cramonshagen,Cramonshagen,amtsangehörige Gemeinde,amtsangehörige Gemeinde,13074014,13074014,520,510,STATISTIKPORTAL_INTEGRATED_2023_T1,STATISTIKPORTAL_INTEGRATED_2024_T1,matching_original_identifier_and_class,not_certified_requires_population_and_entity_scope_audit,different_fiscal_unit_classes_cannot_be_summed,2044032.89,2356076.77,3930.83,4619.76,44700.00,41504.00,324511.23,345010.06,1674821.66,1969562.71
130745455015,13,municipality,Dalberg-Wendelstorf,Dalberg-Wendelstorf,amtsangehörige Gemeinde,amtsangehörige Gemeinde,13074015,13074015,552,560,STATISTIKPORTAL_INTEGRATED_2023_T1,STATISTIKPORTAL_INTEGRATED_2024_T1,matching_original_identifier_and_class,not_certified_requires_population_and_entity_scope_audit,different_fiscal_unit_classes_cannot_be_summed,1005912.69,951559.49,1822.31,1699.21,837843.00,798267.00,0.00,0.00,168069.69,153292.49
130745455024,13,municipality,Gottesgabe,Gottesgabe,amtsangehörige Gemeinde,amtsangehörige Gemeinde,13074024,13074024,761,753,STATISTIKPORTAL_INTEGRATED_2023_T1,STATISTIKPORTAL_INTEGRATED_2024_T1,matching_original_identifier_and_class,not_certified_requires_population_and_entity_scope_audit,different_fiscal_unit_classes_cannot_be_summed,462909.61,441842.89,608.29,586.78,101446.00,92618.00,42446.00,39938.00,319017.61,309286.89
130745455025,13,municipality,Grambow,Grambow,amtsangehörige Gemeinde,amtsangehörige Gemeinde,13074025,13074025,652,647,STATISTIKPORTAL_INTEGRATED_2023_T1,STATISTIKPORTAL_INTEGRATED_2024_T1,matching_original_identifier_and_class,not_certified_requires_population_and_entity_scope_audit,different_fiscal_unit_classes_cannot_be_summed,2462644.90,2727060.87,3777.06,4214.93,513853.00,470868.00,316321.31,337340.14,1632470.59,1918852.73
130745455038,13,municipality,Klein Trebbow,Klein Trebbow,amtsangehörige Gemeinde,amtsangehörige Gemeinde,13074038,13074038,1085,1072,STATISTIKPORTAL_INTEGRATED_2023_T1,STATISTIKPORTAL_INTEGRATED_2024_T1,matching_original_identifier_and_class,not_certified_requires_population_and_entity_scope_audit,different_fiscal_unit_classes_cannot_be_summed,4216372.59,4451216.37,3886.06,4152.25,2099511.00,2041731.00,316321.31,337340.14,1800540.28,2072145.23
130745455048,13,municipality,Lübstorf,Lübstorf,amtsangehörige Gemeinde,amtsangehörige Gemeinde,13074048,13074048,1475,1462,STATISTIKPORTAL_INTEGRATED_2023_T1,STATISTIKPORTAL_INTEGRATED_2024_T1,matching_original_identifier_and_class,not_certified_requires_population_and_entity_scope_audit,different_fiscal_unit_classes_cannot_be_summed,420825.65,383825.39,285.31,262.53,0.00,0.00,0.00,0.00,420825.65,383825.39
130745455050,13,municipality,Lützow,Lützow,amtsangehörige Gemeinde,amtsangehörige Gemeinde,13074050,13074050,1560,1544,STATISTIKPORTAL_INTEGRATED_2023_T1,STATISTIKPORTAL_INTEGRATED_2024_T1,matching_original_identifier_and_class,not_certified_requires_population_and_entity_scope_audit,different_fiscal_unit_classes_cannot_be_summed,2330382.31,2222178.89,1493.83,1439.24,1652197.00,1565893.00,42446.00,39938.00,635739.31,616347.89
130745455061,13,municipality,Perlin,Perlin,amtsangehörige Gemeinde,amtsangehörige Gemeinde,13074061,13074061,379,382,STATISTIKPORTAL_INTEGRATED_2023_T1,STATISTIKPORTAL_INTEGRATED_2024_T1,matching_original_identifier_and_class,not_certified_requires_population_and_entity_scope_audit,different_fiscal_unit_classes_cannot_be_summed,561367.35,531952.67,1481.18,1392.55,41925.00,35470.00,42446.00,39938.00,476996.35,456544.67
130745455062,13,municipality,Pingelshagen,Pingelshagen,amtsangehörige Gemeinde,amtsangehörige Gemeinde,13074062,13074062,550,543,STATISTIKPORTAL_INTEGRATED_2023_T1,STATISTIKPORTAL_INTEGRATED_2024_T1,matching_original_identifier_and_class,not_certified_requires_population_and_entity_scope_audit,different_fiscal_unit_classes_cannot_be_summed,1948791.90,2256192.87,3543.26,4155.05,0.00,0.00,316321.31,337340.14,1632470.59,1918852.73
130745455064,13,municipality,Pokrent,Pokrent,amtsangehörige Gemeinde,amtsangehörige Gemeinde,13074064,13074064,680,653,STATISTIKPORTAL_INTEGRATED_2023_T1,STATISTIKPORTAL_INTEGRATED_2024_T1,matching_original_identifier_and_class,not_certified_requires_population_and_entity_scope_audit,different_fiscal_unit_classes_cannot_be_summed,330353.94,319064.13,485.81,488.61,0.00,0.00,42446.00,39938.00,287907.94,279126.13
130745455072,13,municipality,Schildetal,Schildetal,amtsangehörige Gemeinde,amtsangehörige Gemeinde,13074072,13074072,781,730,STATISTIKPORTAL_INTEGRATED_2023_T1,STATISTIKPORTAL_INTEGRATED_2024_T1,matching_original_identifier_and_class,not_certified_requires_population_and_entity_scope_audit,different_fiscal_unit_classes_cannot_be_summed,1092425.99,1051864.03,1398.75,1440.91,713743.00,685945.00,42446.00,39938.00,336236.99,325981.03
130745455075,13,municipality,Seehof,Seehof,amtsangehörige Gemeinde,amtsangehörige Gemeinde,13074075,13074075,961,945,STATISTIKPORTAL_INTEGRATED_2023_T1,STATISTIKPORTAL_INTEGRATED_2024_T1,matching_original_identifier_and_class,not_certified_requires_population_and_entity_scope_audit,different_fiscal_unit_classes_cannot_be_summed,1787585.97,1712939.90,1860.13,1812.63,1534830.00,1482407.00,0.00,0.00,252755.97,230532.90
130745455088,13,municipality,Zickhusen,Zickhusen,amtsangehörige Gemeinde,amtsangehörige Gemeinde,13074088,13074088,520,521,STATISTIKPORTAL_INTEGRATED_2023_T1,STATISTIKPORTAL_INTEGRATED_2024_T1,matching_original_identifier_and_class,not_certified_requires_population_and_entity_scope_audit,different_fiscal_unit_classes_cannot_be_summed,168069.69,153292.49,323.21,294.23,0.00,0.00,0.00,0.00,168069.69,153292.49
130745456,13,joint_administration,Amtsverwaltung Neuburg,Amtsverwaltung Neuburg,Amtsverwaltung,Amtsverwaltung,,,6204,6365,STATISTIKPORTAL_INTEGRATED_2023_T1,STATISTIKPORTAL_INTEGRATED_2024_T1,matching_original_identifier_and_class,not_certified_requires_population_and_entity_scope_audit,different_fiscal_unit_classes_cannot_be_summed,134558.00,125185.00,21.69,19.67,134558.00,125185.00,0.00,0.00,0.00,0.00
130745456004,13,municipality,Benz,Benz,amtsangehörige Gemeinde,amtsangehörige Gemeinde,13074004,13074004,656,644,STATISTIKPORTAL_INTEGRATED_2023_T1,STATISTIKPORTAL_INTEGRATED_2024_T1,matching_original_identifier_and_class,not_certified_requires_population_and_entity_scope_audit,different_fiscal_unit_classes_cannot_be_summed,747995.27,820421.00,1140.24,1273.95,508110.00,458725.00,0.00,0.00,239885.27,361696.00
130745456007,13,municipality,Blowatz,Blowatz,amtsangehörige Gemeinde,amtsangehörige Gemeinde,13074007,13074007,1031,1138,STATISTIKPORTAL_INTEGRATED_2023_T1,STATISTIKPORTAL_INTEGRATED_2024_T1,matching_original_identifier_and_class,not_certified_requires_population_and_entity_scope_audit,different_fiscal_unit_classes_cannot_be_summed,1549507.68,1714815.18,1502.92,1506.87,1091787.00,1025195.00,0.00,0.00,457720.68,689620.18
130745456009,13,municipality,Boiensdorf,Boiensdorf,amtsangehörige Gemeinde,amtsangehörige Gemeinde,13074009,13074009,519,492,STATISTIKPORTAL_INTEGRATED_2023_T1,STATISTIKPORTAL_INTEGRATED_2024_T1,matching_original_identifier_and_class,not_certified_requires_population_and_entity_scope_audit,different_fiscal_unit_classes_cannot_be_summed,1156189.57,1158616.72,2227.73,2354.91,292225.00,256725.00,0.00,0.00,863964.57,901891.72
130745456034,13,municipality,Hornstorf,Hornstorf,amtsangehörige Gemeinde,amtsangehörige Gemeinde,13074034,13074034,1249,1326,STATISTIKPORTAL_INTEGRATED_2023_T1,STATISTIKPORTAL_INTEGRATED_2024_T1,matching_original_identifier_and_class,not_certified_requires_population_and_entity_scope_audit,different_fiscal_unit_classes_cannot_be_summed,3734857.99,3975612.17,2990.28,2998.20,2342310.00,2278690.00,0.00,0.00,1392547.99,1696922.17
130745456044,13,municipality,Krusenhagen,Krusenhagen,amtsangehörige Gemeinde,amtsangehörige Gemeinde,13074044,13074044,604,596,STATISTIKPORTAL_INTEGRATED_2023_T1,STATISTIKPORTAL_INTEGRATED_2024_T1,matching_original_identifier_and_class,not_certified_requires_population_and_entity_scope_audit,different_fiscal_unit_classes_cannot_be_summed,891060.50,929561.45,1475.27,1559.67,672799.00,600720.00,0.00,0.00,218261.50,328841.45
130745456056,13,municipality,Neuburg,Neuburg,amtsangehörige Gemeinde,amtsangehörige Gemeinde,13074056,13074056,2145,2169,STATISTIKPORTAL_INTEGRATED_2023_T1,STATISTIKPORTAL_INTEGRATED_2024_T1,matching_original_identifier_and_class,not_certified_requires_population_and_entity_scope_audit,different_fiscal_unit_classes_cannot_be_summed,3993282.72,4214730.39,1861.67,1943.17,2181202.00,2114067.00,0.00,0.00,1812080.72,2100663.39
130745457,13,joint_administration,Amtsverwaltung Neukloster-Warin,Amtsverwaltung Neukloster-Warin,Amtsverwaltung,Amtsverwaltung,,,10827,10903,STATISTIKPORTAL_INTEGRATED_2023_T1,STATISTIKPORTAL_INTEGRATED_2024_T1,matching_original_identifier_and_class,not_certified_requires_population_and_entity_scope_audit,different_fiscal_unit_classes_cannot_be_summed,0.00,0.00,0.00,0.00,0.00,0.00,0.00,0.00,0.00,0.00
130745457006,13,municipality,Bibow,Bibow,amtsangehörige Gemeinde,amtsangehörige Gemeinde,13074006,13074006,358,357,STATISTIKPORTAL_INTEGRATED_2023_T1,STATISTIKPORTAL_INTEGRATED_2024_T1,matching_original_identifier_and_class,not_certified_requires_population_and_entity_scope_audit,different_fiscal_unit_classes_cannot_be_summed,1950442.24,2676548.99,5448.16,7497.34,0.00,0.00,316321.31,337340.14,1634120.93,2339208.85
130745457023,13,municipality,Glasin,Glasin,amtsangehörige Gemeinde,amtsangehörige Gemeinde,13074023,13074023,801,818,STATISTIKPORTAL_INTEGRATED_2023_T1,STATISTIKPORTAL_INTEGRATED_2024_T1,matching_original_identifier_and_class,not_certified_requires_population_and_entity_scope_audit,different_fiscal_unit_classes_cannot_be_summed,622212.93,786610.32,776.80,961.63,184112.00,184112.00,0.00,0.00,438100.93,602498.32
130745457036,13,municipality,Jesendorf,Jesendorf,amtsangehörige Gemeinde,amtsangehörige Gemeinde,13074036,13074036,503,532,STATISTIKPORTAL_INTEGRATED_2023_T1,STATISTIKPORTAL_INTEGRATED_2024_T1,matching_original_identifier_and_class,not_certified_requires_population_and_entity_scope_audit,different_fiscal_unit_classes_cannot_be_summed,2059680.29,2476641.04,4094.79,4655.34,93292.00,93461.00,316321.31,337340.14,1650066.98,2045839.90
130745457046,13,municipality,Lübberstorf,Lübberstorf,amtsangehörige Gemeinde,amtsangehörige Gemeinde,13074046,13074046,233,238,STATISTIKPORTAL_INTEGRATED_2023_T1,STATISTIKPORTAL_INTEGRATED_2024_T1,matching_original_identifier_and_class,not_certified_requires_population_and_entity_scope_audit,different_fiscal_unit_classes_cannot_be_summed,188634.25,228754.37,809.59,961.15,67906.00,62992.00,0.00,0.00,120728.25,165762.37
130745457057,13,municipality,"Neukloster, Stadt","Neukloster, Stadt",amtsangehörige Gemeinde,amtsangehörige Gemeinde,13074057,13074057,3999,3969,STATISTIKPORTAL_INTEGRATED_2023_T1,STATISTIKPORTAL_INTEGRATED_2024_T1,matching_original_identifier_and_class,not_certified_requires_population_and_entity_scope_audit,different_fiscal_unit_classes_cannot_be_summed,4193560.13,15560400.46,1048.65,3920.48,838545.00,11944441.00,0.00,0.00,3355015.13,3615959.46
130745457060,13,municipality,Passee,Passee,amtsangehörige Gemeinde,amtsangehörige Gemeinde,13074060,13074060,192,187,STATISTIKPORTAL_INTEGRATED_2023_T1,STATISTIKPORTAL_INTEGRATED_2024_T1,matching_original_identifier_and_class,not_certified_requires_population_and_entity_scope_audit,different_fiscal_unit_classes_cannot_be_summed,195051.31,219472.80,1015.89,1173.65,79966.00,72497.00,0.00,0.00,115085.31,146975.80
130745457084,13,municipality,"Warin, Stadt","Warin, Stadt",amtsangehörige Gemeinde,amtsangehörige Gemeinde,13074084,13074084,3154,3224,STATISTIKPORTAL_INTEGRATED_2023_T1,STATISTIKPORTAL_INTEGRATED_2024_T1,matching_original_identifier_and_class,not_certified_requires_population_and_entity_scope_audit,different_fiscal_unit_classes_cannot_be_summed,5517680.95,9732653.66,1749.42,3018.81,879058.00,1768565.00,316321.31,337340.14,4322301.64,7626748.52
130745457090,13,municipality,Zurow,Zurow,amtsangehörige Gemeinde,amtsangehörige Gemeinde,13074090,13074090,1284,1271,STATISTIKPORTAL_INTEGRATED_2023_T1,STATISTIKPORTAL_INTEGRATED_2024_T1,matching_original_identifier_and_class,not_certified_requires_population_and_entity_scope_audit,different_fiscal_unit_classes_cannot_be_summed,971103.03,1086822.18,756.31,855.09,504268.00,474382.00,0.00,0.00,466835.03,612440.18
130745457091,13,municipality,Züsow,Züsow,amtsangehörige Gemeinde,amtsangehörige Gemeinde,13074091,13074091,303,307,STATISTIKPORTAL_INTEGRATED_2023_T1,STATISTIKPORTAL_INTEGRATED_2024_T1,matching_original_identifier_and_class,not_certified_requires_population_and_entity_scope_audit,different_fiscal_unit_classes_cannot_be_summed,572830.78,614795.10,1890.53,2002.59,377888.00,355844.00,0.00,0.00,194942.78,258951.10
130745458,13,joint_administration,Amtsverwaltung Rehna,Amtsverwaltung Rehna,Amtsverwaltung,Amtsverwaltung,,,9702,9599,STATISTIKPORTAL_INTEGRATED_2023_T1,STATISTIKPORTAL_INTEGRATED_2024_T1,matching_original_identifier_and_class,not_certified_requires_population_and_entity_scope_audit,different_fiscal_unit_classes_cannot_be_summed,1024150.00,2079116.00,105.56,216.60,1024150.00,2079116.00,0.00,0.00,0.00,0.00
130745458013,13,municipality,Carlow,Carlow,amtsangehörige Gemeinde,amtsangehörige Gemeinde,13074013,13074013,1220,1213,STATISTIKPORTAL_INTEGRATED_2023_T1,STATISTIKPORTAL_INTEGRATED_2024_T1,matching_original_identifier_and_class,not_certified_requires_population_and_entity_scope_audit,different_fiscal_unit_classes_cannot_be_summed,3747179.29,3950696.36,3071.46,3256.96,825629.00,758949.00,958361.51,942613.34,1963188.78,2249134.02
130745458018,13,municipality,Dechow,Dechow,amtsangehörige Gemeinde,amtsangehörige Gemeinde,13074018,13074018,180,183,STATISTIKPORTAL_INTEGRATED_2023_T1,STATISTIKPORTAL_INTEGRATED_2024_T1,matching_original_identifier_and_class,not_certified_requires_population_and_entity_scope_audit,different_fiscal_unit_classes_cannot_be_summed,2552953.67,3220172.69,14183.08,17596.57,192400.00,556200.00,316321.31,337340.14,2044232.36,2326632.55
130745458028,13,municipality,Groß Molzahn,Groß Molzahn,amtsangehörige Gemeinde,amtsangehörige Gemeinde,13074028,13074028,390,397,STATISTIKPORTAL_INTEGRATED_2023_T1,STATISTIKPORTAL_INTEGRATED_2024_T1,matching_original_identifier_and_class,not_certified_requires_population_and_entity_scope_audit,different_fiscal_unit_classes_cannot_be_summed,2905052.75,3181991.63,7448.85,8015.09,0.00,0.00,533776.66,541586.89,2371276.09,2640404.74
130745458033,13,municipality,Holdorf,Holdorf,amtsangehörige Gemeinde,amtsangehörige Gemeinde,13074033,13074033,399,410,STATISTIKPORTAL_INTEGRATED_2023_T1,STATISTIKPORTAL_INTEGRATED_2024_T1,matching_original_identifier_and_class,not_certified_requires_population_and_entity_scope_audit,different_fiscal_unit_classes_cannot_be_summed,2131774.64,2449278.28,5342.79,5973.85,197800.00,197800.00,316321.31,337340.14,1617653.33,1914138.14
130745458042,13,municipality,Königsfeld,Königsfeld,amtsangehörige Gemeinde,amtsangehörige Gemeinde,13074042,13074042,979,926,STATISTIKPORTAL_INTEGRATED_2023_T1,STATISTIKPORTAL_INTEGRATED_2024_T1,matching_original_identifier_and_class,not_certified_requires_population_and_entity_scope_audit,different_fiscal_unit_classes_cannot_be_summed,2856867.30,3127419.25,2918.15,3377.34,1669.00,0.00,958361.51,942613.34,1896836.79,2184805.91
130745458065,13,municipality,"Rehna, Stadt","Rehna, Stadt",amtsangehörige Gemeinde,amtsangehörige Gemeinde,13074065,13074065,3584,3556,STATISTIKPORTAL_INTEGRATED_2023_T1,STATISTIKPORTAL_INTEGRATED_2024_T1,matching_original_identifier_and_class,not_certified_requires_population_and_entity_scope_audit,different_fiscal_unit_classes_cannot_be_summed,10621383.69,12321063.13,2963.56,3464.87,2509532.00,4103014.00,1600401.71,1547886.54,6511449.98,6670162.59
130745458066,13,municipality,Rieps,Rieps,amtsangehörige Gemeinde,amtsangehörige Gemeinde,13074066,13074066,370,362,STATISTIKPORTAL_INTEGRATED_2023_T1,STATISTIKPORTAL_INTEGRATED_2024_T1,matching_original_identifier_and_class,not_certified_requires_population_and_entity_scope_audit,different_fiscal_unit_classes_cannot_be_summed,3356118.91,4679665.22,9070.59,12927.25,1030143.00,2054105.00,533776.66,541586.89,1792199.25,2083973.33
130745458073,13,municipality,Schlagsdorf,Schlagsdorf,amtsangehörige Gemeinde,amtsangehörige Gemeinde,13074073,13074073,1252,1292,STATISTIKPORTAL_INTEGRATED_2023_T1,STATISTIKPORTAL_INTEGRATED_2024_T1,matching_original_identifier_and_class,not_certified_requires_population_and_entity_scope_audit,different_fiscal_unit_classes_cannot_be_summed,5043834.20,5603147.57,4028.62,4336.80,629047.00,569739.00,751232.01,745833.64,3663555.19,4287574.93
130745458078,13,municipality,Thandorf,Thandorf,amtsangehörige Gemeinde,amtsangehörige Gemeinde,13074078,13074078,191,188,STATISTIKPORTAL_INTEGRATED_2023_T1,STATISTIKPORTAL_INTEGRATED_2024_T1,matching_original_identifier_and_class,not_certified_requires_population_and_entity_scope_audit,different_fiscal_unit_classes_cannot_be_summed,2477079.46,2434819.46,12969.00,12951.17,33739.00,62800.00,533763.61,541574.64,1909576.85,1830444.82
130745458080,13,municipality,Utecht,Utecht,amtsangehörige Gemeinde,amtsangehörige Gemeinde,13074080,13074080,418,387,STATISTIKPORTAL_INTEGRATED_2023_T1,STATISTIKPORTAL_INTEGRATED_2024_T1,matching_original_identifier_and_class,not_certified_requires_population_and_entity_scope_audit,different_fiscal_unit_classes_cannot_be_summed,2423317.69,2694589.23,5797.41,6962.76,286939.00,253456.00,533763.61,541574.64,1602615.08,1899558.59
130745458092,13,municipality,Wedendorfersee,Wedendorfersee,amtsangehörige Gemeinde,amtsangehörige Gemeinde,13074092,13074092,719,685,STATISTIKPORTAL_INTEGRATED_2023_T1,STATISTIKPORTAL_INTEGRATED_2024_T1,matching_original_identifier_and_class,not_certified_requires_population_and_entity_scope_audit,different_fiscal_unit_classes_cannot_be_summed,2744879.51,3020465.41,3817.63,4409.44,0.00,0.00,958361.51,942613.34,1786518.00,2077852.07
130745459,13,joint_administration,Amtsverwaltung Schönberger Land,Amtsverwaltung Schönberger Land,Amtsverwaltung,Amtsverwaltung,,,18594,17768,STATISTIKPORTAL_INTEGRATED_2023_T1,STATISTIKPORTAL_INTEGRATED_2024_T1,matching_original_identifier_and_class,not_certified_requires_population_and_entity_scope_audit,different_fiscal_unit_classes_cannot_be_summed,7208693.19,7262509.70,387.69,408.74,195722.00,121764.00,0.00,0.00,7012971.19,7140745.70
130745459017,13,municipality,"Dassow, Stadt","Dassow, Stadt",amtsangehörige Gemeinde,amtsangehörige Gemeinde,13074017,13074017,4041,3942,STATISTIKPORTAL_INTEGRATED_2023_T1,STATISTIKPORTAL_INTEGRATED_2024_T1,matching_original_identifier_and_class,not_certified_requires_population_and_entity_scope_audit,different_fiscal_unit_classes_cannot_be_summed,9203537.95,8964818.99,2277.54,2274.18,949553.00,766373.00,0.00,0.00,8253984.95,8198445.99
130745459027,13,municipality,Grieben,Grieben,amtsangehörige Gemeinde,amtsangehörige Gemeinde,13074027,13074027,163,159,STATISTIKPORTAL_INTEGRATED_2023_T1,STATISTIKPORTAL_INTEGRATED_2024_T1,matching_original_identifier_and_class,not_certified_requires_population_and_entity_scope_audit,different_fiscal_unit_classes_cannot_be_summed,1117476.24,1135706.88,6855.68,7142.81,10510.00,8572.00,0.00,0.00,1106966.24,1127134.88
130745459049,13,municipality,Lüdersdorf,Lüdersdorf,amtsangehörige Gemeinde,amtsangehörige Gemeinde,13074049,13074049,5351,5142,STATISTIKPORTAL_INTEGRATED_2023_T1,STATISTIKPORTAL_INTEGRATED_2024_T1,matching_original_identifier_and_class,not_certified_requires_population_and_entity_scope_audit,different_fiscal_unit_classes_cannot_be_summed,16854638.57,17268655.16,3149.81,3358.35,10210383.00,10503343.00,0.00,0.00,6644255.57,6765312.16
130745459052,13,municipality,Menzendorf,Menzendorf,amtsangehörige Gemeinde,amtsangehörige Gemeinde,13074052,13074052,249,238,STATISTIKPORTAL_INTEGRATED_2023_T1,STATISTIKPORTAL_INTEGRATED_2024_T1,matching_original_identifier_and_class,not_certified_requires_population_and_entity_scope_audit,different_fiscal_unit_classes_cannot_be_summed,1162501.24,1164956.88,4668.68,4894.78,55535.00,37822.00,0.00,0.00,1106966.24,1127134.88
130745459067,13,municipality,Roduchelstorf,Roduchelstorf,amtsangehörige Gemeinde,amtsangehörige Gemeinde,13074067,13074067,244,237,STATISTIKPORTAL_INTEGRATED_2023_T1,STATISTIKPORTAL_INTEGRATED_2024_T1,matching_original_identifier_and_class,not_certified_requires_population_and_entity_scope_audit,different_fiscal_unit_classes_cannot_be_summed,1176086.24,1184734.88,4820.03,4998.88,69120.00,57600.00,0.00,0.00,1106966.24,1127134.88
130745459074,13,municipality,"Schönberg, Stadt","Schönberg, Stadt",amtsangehörige Gemeinde,amtsangehörige Gemeinde,13074074,13074074,4689,4376,STATISTIKPORTAL_INTEGRATED_2023_T1,STATISTIKPORTAL_INTEGRATED_2024_T1,matching_original_identifier_and_class,not_certified_requires_population_and_entity_scope_audit,different_fiscal_unit_classes_cannot_be_summed,13060098.95,12521221.99,2785.26,2861.34,4780639.00,4388463.00,0.00,0.00,8279459.95,8132758.99
130745459076,13,municipality,Selmsdorf,Selmsdorf,amtsangehörige Gemeinde,amtsangehörige Gemeinde,13074076,13074076,3212,3082,STATISTIKPORTAL_INTEGRATED_2023_T1,STATISTIKPORTAL_INTEGRATED_2024_T1,matching_original_identifier_and_class,not_certified_requires_population_and_entity_scope_audit,different_fiscal_unit_classes_cannot_be_summed,7652071.35,7581998.81,2382.34,2460.09,3223387.00,3072625.00,0.00,0.00,4428684.35,4509373.81
130745459094,13,municipality,Siemz-Niendorf,Siemz-Niendorf,amtsangehörige Gemeinde,amtsangehörige Gemeinde,13074094,13074094,645,592,STATISTIKPORTAL_INTEGRATED_2023_T1,STATISTIKPORTAL_INTEGRATED_2024_T1,matching_original_identifier_and_class,not_certified_requires_population_and_entity_scope_audit,different_fiscal_unit_classes_cannot_be_summed,1106966.24,1127134.88,1716.23,1903.94,0.00,0.00,0.00,0.00,1106966.24,1127134.88
13075,13,county_administration,Landratsamt Vorpommern-Greifswald,Landratsamt Vorpommern-Greifswald,Landratsamt,Landratsamt,,,237182,225473,STATISTIKPORTAL_INTEGRATED_2023_T1,STATISTIKPORTAL_INTEGRATED_2024_T1,matching_original_identifier_and_class,not_certified_requires_population_and_entity_scope_audit,different_fiscal_unit_classes_cannot_be_summed,130496578.08,143032346.29,550.20,634.37,110288262.00,122571831.00,4817.18,5705.37,20203498.90,20454809.92
130750005005,13,municipality,"Anklam, Hansestadt","Anklam, Hansestadt",amtsfreie Gemeinde,amtsfreie Gemeinde,13075005,13075005,12389,11989,STATISTIKPORTAL_INTEGRATED_2023_T1,STATISTIKPORTAL_INTEGRATED_2024_T1,matching_original_identifier_and_class,not_certified_requires_population_and_entity_scope_audit,different_fiscal_unit_classes_cannot_be_summed,46394249.51,51110901.25,3744.79,4263.15,18956973.00,23798257.00,577.98,0.00,27436698.53,27312644.25
130750039039,13,municipality,"Greifswald, Universitäts- und Hansestadt","Greifswald, Universitäts- und Hansestadt",amtsfreie Gemeinde,amtsfreie Gemeinde,13075039,13075039,59693,56074,STATISTIKPORTAL_INTEGRATED_2023_T1,STATISTIKPORTAL_INTEGRATED_2024_T1,matching_original_identifier_and_class,not_certified_requires_population_and_entity_scope_audit,different_fiscal_unit_classes_cannot_be_summed,269047085.97,311162069.55,4507.18,5549.13,29512360.00,68756646.00,6872719.00,7675828.34,232662006.97,234729595.21
130750049049,13,municipality,"Heringsdorf, Ostseebad","Heringsdorf, Ostseebad",amtsfreie Gemeinde,amtsfreie Gemeinde,13075049,13075049,8369,5858,STATISTIKPORTAL_INTEGRATED_2023_T1,STATISTIKPORTAL_INTEGRATED_2024_T1,matching_original_identifier_and_class,not_certified_requires_population_and_entity_scope_audit,different_fiscal_unit_classes_cannot_be_summed,41718871.04,45856094.06,4984.93,7827.94,17180589.00,20094947.00,0.00,0.00,24538282.04,25761147.06
130750105105,13,municipality,"Pasewalk, Stadt","Pasewalk, Stadt",amtsfreie Gemeinde,amtsfreie Gemeinde,13075105,13075105,9722,9681,STATISTIKPORTAL_INTEGRATED_2023_T1,STATISTIKPORTAL_INTEGRATED_2024_T1,matching_original_identifier_and_class,not_certified_requires_population_and_entity_scope_audit,different_fiscal_unit_classes_cannot_be_summed,33550088.76,35540287.30,3450.95,3671.14,2572873.00,2419028.00,1271.16,15079329.80,30975944.60,18041929.50
130750130130,13,municipality,"Strasburg (Uckermark), Stadt","Strasburg (Uckermark), Stadt",amtsfreie Gemeinde,amtsfreie Gemeinde,13075130,13075130,4393,4294,STATISTIKPORTAL_INTEGRATED_2023_T1,STATISTIKPORTAL_INTEGRATED_2024_T1,matching_original_identifier_and_class,not_certified_requires_population_and_entity_scope_audit,different_fiscal_unit_classes_cannot_be_summed,13861741.48,13285429.45,3155.42,3093.95,2357046.00,2709614.00,115.20,0.00,11504580.28,10575815.45
130750136136,13,municipality,"Ueckermünde, Seebad, Stadt","Ueckermünde, Seebad, Stadt",amtsfreie Gemeinde,amtsfreie Gemeinde,13075136,13075136,8618,8769,STATISTIKPORTAL_INTEGRATED_2023_T1,STATISTIKPORTAL_INTEGRATED_2024_T1,matching_original_identifier_and_class,not_certified_requires_population_and_entity_scope_audit,different_fiscal_unit_classes_cannot_be_summed,15881626.37,18317830.24,1842.84,2088.93,476728.00,2780888.00,1271.16,0.00,15403627.21,15536942.24
130755551,13,joint_administration,Amtsverwaltung Am Peenestrom,Amtsverwaltung Am Peenestrom,Amtsverwaltung,Amtsverwaltung,,,15605,14065,STATISTIKPORTAL_INTEGRATED_2023_T1,STATISTIKPORTAL_INTEGRATED_2024_T1,matching_original_identifier_and_class,not_certified_requires_population_and_entity_scope_audit,different_fiscal_unit_classes_cannot_be_summed,0.00,0.00,0.00,0.00,0.00,0.00,0.00,0.00,0.00,0.00
130755551021,13,municipality,Buggenhagen,Buggenhagen,amtsangehörige Gemeinde,amtsangehörige Gemeinde,13075021,13075021,218,188,STATISTIKPORTAL_INTEGRATED_2023_T1,STATISTIKPORTAL_INTEGRATED_2024_T1,matching_original_identifier_and_class,not_certified_requires_population_and_entity_scope_audit,different_fiscal_unit_classes_cannot_be_summed,517548.36,485597.89,2374.08,2582.97,52818.00,46090.00,0.00,0.00,464730.36,439507.89
130755551072,13,municipality,Krummin,Krummin,amtsangehörige Gemeinde,amtsangehörige Gemeinde,13075072,13075072,228,223,STATISTIKPORTAL_INTEGRATED_2023_T1,STATISTIKPORTAL_INTEGRATED_2024_T1,matching_original_identifier_and_class,not_certified_requires_population_and_entity_scope_audit,different_fiscal_unit_classes_cannot_be_summed,916425.30,840318.97,4019.41,3768.25,0.00,0.00,0.00,0.00,916425.30,840318.97
130755551074,13,municipality,"Lassan, Stadt","Lassan, Stadt",amtsangehörige Gemeinde,amtsangehörige Gemeinde,13075074,13075074,1474,1229,STATISTIKPORTAL_INTEGRATED_2023_T1,STATISTIKPORTAL_INTEGRATED_2024_T1,matching_original_identifier_and_class,not_certified_requires_population_and_entity_scope_audit,different_fiscal_unit_classes_cannot_be_summed,3871724.76,3466366.29,2626.68,2820.48,329997.00,115040.00,0.00,0.00,3541727.76,3351326.29
130755551087,13,municipality,Lütow,Lütow,amtsangehörige Gemeinde,amtsangehörige Gemeinde,13075087,13075087,438,432,STATISTIKPORTAL_INTEGRATED_2023_T1,STATISTIKPORTAL_INTEGRATED_2024_T1,matching_original_identifier_and_class,not_certified_requires_population_and_entity_scope_audit,different_fiscal_unit_classes_cannot_be_summed,939847.90,856119.48,2145.77,1981.76,22751.00,15223.00,0.00,0.00,917096.90,840896.48
130755551124,13,municipality,Sauzin,Sauzin,amtsangehörige Gemeinde,amtsangehörige Gemeinde,13075124,13075124,417,397,STATISTIKPORTAL_INTEGRATED_2023_T1,STATISTIKPORTAL_INTEGRATED_2024_T1,matching_original_identifier_and_class,not_certified_requires_population_and_entity_scope_audit,different_fiscal_unit_classes_cannot_be_summed,962961.47,875501.65,2309.26,2205.29,48467.00,36843.00,0.00,0.00,914494.47,838658.65
130755551144,13,municipality,"Wolgast, Stadt","Wolgast, Stadt",amtsangehörige Gemeinde,amtsangehörige Gemeinde,13075144,13075144,12120,10989,STATISTIKPORTAL_INTEGRATED_2023_T1,STATISTIKPORTAL_INTEGRATED_2024_T1,matching_original_identifier_and_class,not_certified_requires_population_and_entity_scope_audit,different_fiscal_unit_classes_cannot_be_summed,47331603.15,49427325.27,3905.25,4497.89,6354055.00,12218431.00,577.98,0.00,40976970.17,37208894.27
130755551147,13,municipality,Zemitz,Zemitz,amtsangehörige Gemeinde,amtsangehörige Gemeinde,13075147,13075147,710,607,STATISTIKPORTAL_INTEGRATED_2023_T1,STATISTIKPORTAL_INTEGRATED_2024_T1,matching_original_identifier_and_class,not_certified_requires_population_and_entity_scope_audit,different_fiscal_unit_classes_cannot_be_summed,1775717.23,1674914.05,2501.01,2759.33,78938.00,69604.00,0.00,0.00,1696779.23,1605310.05
130755552,13,joint_administration,Amtsverwaltung Am Stettiner Haff,Amtsverwaltung Am Stettiner Haff,Amtsverwaltung,Amtsverwaltung,,,10407,10323,STATISTIKPORTAL_INTEGRATED_2023_T1,STATISTIKPORTAL_INTEGRATED_2024_T1,matching_original_identifier_and_class,not_certified_requires_population_and_entity_scope_audit,different_fiscal_unit_classes_cannot_be_summed,0.00,0.00,0.00,0.00,0.00,0.00,0.00,0.00,0.00,0.00
130755552001,13,municipality,Ahlbeck,Ahlbeck,amtsangehörige Gemeinde,amtsangehörige Gemeinde,13075001,13075001,596,607,STATISTIKPORTAL_INTEGRATED_2023_T1,STATISTIKPORTAL_INTEGRATED_2024_T1,matching_original_identifier_and_class,not_certified_requires_population_and_entity_scope_audit,different_fiscal_unit_classes_cannot_be_summed,1447713.89,1467592.19,2429.05,2417.78,1048286.00,971541.00,0.00,0.00,399427.89,496051.19
130755552003,13,municipality,"Altwarp, Fischerdorf","Altwarp, Fischerdorf",amtsangehörige Gemeinde,amtsangehörige Gemeinde,13075003,13075003,440,416,STATISTIKPORTAL_INTEGRATED_2023_T1,STATISTIKPORTAL_INTEGRATED_2024_T1,matching_original_identifier_and_class,not_certified_requires_population_and_entity_scope_audit,different_fiscal_unit_classes_cannot_be_summed,398596.40,907667.69,905.90,2181.89,0.00,412368.00,0.00,0.00,398596.40,495299.69
130755552031,13,municipality,"Eggesin, Stadt","Eggesin, Stadt",amtsangehörige Gemeinde,amtsangehörige Gemeinde,13075031,13075031,4750,4843,STATISTIKPORTAL_INTEGRATED_2023_T1,STATISTIKPORTAL_INTEGRATED_2024_T1,matching_original_identifier_and_class,not_certified_requires_population_and_entity_scope_audit,different_fiscal_unit_classes_cannot_be_summed,24777491.25,25301979.98,5216.31,5224.44,13045000.00,13453154.00,0.00,0.00,11732491.25,11848825.98
130755552037,13,municipality,Grambin,Grambin,amtsangehörige Gemeinde,amtsangehörige Gemeinde,13075037,13075037,428,415,STATISTIKPORTAL_INTEGRATED_2023_T1,STATISTIKPORTAL_INTEGRATED_2024_T1,matching_original_identifier_and_class,not_certified_requires_population_and_entity_scope_audit,different_fiscal_unit_classes_cannot_be_summed,615608.37,832410.57,1438.34,2005.81,217000.00,337100.00,0.00,0.00,398608.37,495310.57
130755552051,13,municipality,Hintersee,Hintersee,amtsangehörige Gemeinde,amtsangehörige Gemeinde,13075051,13075051,332,308,STATISTIKPORTAL_INTEGRATED_2023_T1,STATISTIKPORTAL_INTEGRATED_2024_T1,matching_original_identifier_and_class,not_certified_requires_population_and_entity_scope_audit,different_fiscal_unit_classes_cannot_be_summed,430783.35,520649.56,1297.54,1690.42,30512.00,23836.00,0.00,0.00,400271.35,496813.56
130755552075,13,municipality,Leopoldshagen,Leopoldshagen,amtsangehörige Gemeinde,amtsangehörige Gemeinde,13075075,13075075,619,596,STATISTIKPORTAL_INTEGRATED_2023_T1,STATISTIKPORTAL_INTEGRATED_2024_T1,matching_original_identifier_and_class,not_certified_requires_population_and_entity_scope_audit,different_fiscal_unit_classes_cannot_be_summed,892677.42,1812292.89,1442.13,3040.76,491462.00,1314567.00,0.00,0.00,401215.42,497725.89
130755552078,13,municipality,Liepgarten,Liepgarten,amtsangehörige Gemeinde,amtsangehörige Gemeinde,13075078,13075078,800,787,STATISTIKPORTAL_INTEGRATED_2023_T1,STATISTIKPORTAL_INTEGRATED_2024_T1,matching_original_identifier_and_class,not_certified_requires_population_and_entity_scope_audit,different_fiscal_unit_classes_cannot_be_summed,679153.22,744741.55,848.94,946.30,276158.00,245347.00,0.00,0.00,402995.22,499394.55
130755552084,13,municipality,Lübs,Lübs,amtsangehörige Gemeinde,amtsangehörige Gemeinde,13075084,13075084,345,318,STATISTIKPORTAL_INTEGRATED_2023_T1,STATISTIKPORTAL_INTEGRATED_2024_T1,matching_original_identifier_and_class,not_certified_requires_population_and_entity_scope_audit,different_fiscal_unit_classes_cannot_be_summed,658959.87,728594.04,1910.03,2291.18,214374.00,188851.00,0.00,0.00,444585.87,539743.04
130755552085,13,municipality,Luckow,Luckow,amtsangehörige Gemeinde,amtsangehörige Gemeinde,13075085,13075085,562,524,STATISTIKPORTAL_INTEGRATED_2023_T1,STATISTIKPORTAL_INTEGRATED_2024_T1,matching_original_identifier_and_class,not_certified_requires_population_and_entity_scope_audit,different_fiscal_unit_classes_cannot_be_summed,417884.72,503465.10,743.57,960.81,15963.00,5160.00,0.00,0.00,401921.72,498305.10
130755552089,13,municipality,Meiersberg,Meiersberg,amtsangehörige Gemeinde,amtsangehörige Gemeinde,13075089,13075089,407,390,STATISTIKPORTAL_INTEGRATED_2023_T1,STATISTIKPORTAL_INTEGRATED_2024_T1,matching_original_identifier_and_class,not_certified_requires_population_and_entity_scope_audit,different_fiscal_unit_classes_cannot_be_summed,488886.89,577386.17,1201.20,1480.48,80703.00,72822.00,0.00,0.00,408183.89,504564.17
130755552093,13,municipality,Mönkebude,Mönkebude,amtsangehörige Gemeinde,amtsangehörige Gemeinde,13075093,13075093,752,738,STATISTIKPORTAL_INTEGRATED_2023_T1,STATISTIKPORTAL_INTEGRATED_2024_T1,matching_original_identifier_and_class,not_certified_requires_population_and_entity_scope_audit,different_fiscal_unit_classes_cannot_be_summed,455648.30,1344269.93,605.92,1821.50,53614.00,845804.00,0.00,0.00,402034.30,498465.93
130755552139,13,municipality,Vogelsang-Warsin,Vogelsang-Warsin,amtsangehörige Gemeinde,amtsangehörige Gemeinde,13075139,13075139,376,381,STATISTIKPORTAL_INTEGRATED_2023_T1,STATISTIKPORTAL_INTEGRATED_2024_T1,matching_original_identifier_and_class,not_certified_requires_population_and_entity_scope_audit,different_fiscal_unit_classes_cannot_be_summed,422921.35,512563.56,1124.79,1345.31,22650.00,15750.00,0.00,0.00,400271.35,496813.56
130755553,13,joint_administration,Amtsverwaltung Anklam-Land,Amtsverwaltung Anklam-Land,Amtsverwaltung,Amtsverwaltung,,,9400,9178,STATISTIKPORTAL_INTEGRATED_2023_T1,STATISTIKPORTAL_INTEGRATED_2024_T1,matching_original_identifier_and_class,not_certified_requires_population_and_entity_scope_audit,different_fiscal_unit_classes_cannot_be_summed,9224914.00,11677186.00,981.37,1272.30,9224914.00,11677186.00,0.00,0.00,0.00,0.00
130755553007,13,municipality,Bargischow,Bargischow,amtsangehörige Gemeinde,amtsangehörige Gemeinde,13075007,13075007,284,294,STATISTIKPORTAL_INTEGRATED_2023_T1,STATISTIKPORTAL_INTEGRATED_2024_T1,matching_original_identifier_and_class,not_certified_requires_population_and_entity_scope_audit,different_fiscal_unit_classes_cannot_be_summed,288797.01,329928.78,1016.89,1122.21,31772.00,24341.00,0.00,0.00,257025.01,305587.78
130755553013,13,municipality,Blesewitz,Blesewitz,amtsangehörige Gemeinde,amtsangehörige Gemeinde,13075013,13075013,237,239,STATISTIKPORTAL_INTEGRATED_2023_T1,STATISTIKPORTAL_INTEGRATED_2024_T1,matching_original_identifier_and_class,not_certified_requires_population_and_entity_scope_audit,different_fiscal_unit_classes_cannot_be_summed,1052054.42,1614687.43,4439.05,6756.01,790026.00,1090354.00,0.00,214200.00,262028.42,310133.43
130755553015,13,municipality,Boldekow,Boldekow,amtsangehörige Gemeinde,amtsangehörige Gemeinde,13075015,13075015,633,614,STATISTIKPORTAL_INTEGRATED_2023_T1,STATISTIKPORTAL_INTEGRATED_2024_T1,matching_original_identifier_and_class,not_certified_requires_population_and_entity_scope_audit,different_fiscal_unit_classes_cannot_be_summed,1055809.66,1909481.68,1667.95,3109.91,478639.00,1023990.00,0.00,214200.00,577170.66,671291.68
130755553020,13,municipality,Bugewitz,Bugewitz,amtsangehörige Gemeinde,amtsangehörige Gemeinde,13075020,13075020,232,246,STATISTIKPORTAL_INTEGRATED_2023_T1,STATISTIKPORTAL_INTEGRATED_2024_T1,matching_original_identifier_and_class,not_certified_requires_population_and_entity_scope_audit,different_fiscal_unit_classes_cannot_be_summed,548474.76,565217.85,2364.12,2297.63,284784.00,253582.00,0.00,0.00,263690.76,311635.85
130755553022,13,municipality,Butzow,Butzow,amtsangehörige Gemeinde,amtsangehörige Gemeinde,13075022,13075022,419,423,STATISTIKPORTAL_INTEGRATED_2023_T1,STATISTIKPORTAL_INTEGRATED_2024_T1,matching_original_identifier_and_class,not_certified_requires_population_and_entity_scope_audit,different_fiscal_unit_classes_cannot_be_summed,615170.42,964263.43,1468.19,2279.58,353142.00,439930.00,0.00,214200.00,262028.42,310133.43
130755553029,13,municipality,Ducherow,Ducherow,amtsangehörige Gemeinde,amtsangehörige Gemeinde,13075029,13075029,2347,2236,STATISTIKPORTAL_INTEGRATED_2023_T1,STATISTIKPORTAL_INTEGRATED_2024_T1,matching_original_identifier_and_class,not_certified_requires_population_and_entity_scope_audit,different_fiscal_unit_classes_cannot_be_summed,3858120.75,3792170.63,1643.85,1695.96,1616838.00,1557521.00,0.00,0.00,2241282.75,2234649.63
130755553053,13,municipality,Iven,Iven,amtsangehörige Gemeinde,amtsangehörige Gemeinde,13075053,13075053,172,183,STATISTIKPORTAL_INTEGRATED_2023_T1,STATISTIKPORTAL_INTEGRATED_2024_T1,matching_original_identifier_and_class,not_certified_requires_population_and_entity_scope_audit,different_fiscal_unit_classes_cannot_be_summed,636501.93,852073.43,3700.59,4656.14,374269.00,327740.00,0.00,214200.00,262232.93,310133.43
130755553068,13,municipality,Krien,Krien,amtsangehörige Gemeinde,amtsangehörige Gemeinde,13075068,13075068,678,698,STATISTIKPORTAL_INTEGRATED_2023_T1,STATISTIKPORTAL_INTEGRATED_2024_T1,matching_original_identifier_and_class,not_certified_requires_population_and_entity_scope_audit,different_fiscal_unit_classes_cannot_be_summed,1405554.42,1489759.43,2073.09,2134.33,1143526.00,965426.00,0.00,214200.00,262028.42,310133.43
130755553073,13,municipality,Krusenfelde,Krusenfelde,amtsangehörige Gemeinde,amtsangehörige Gemeinde,13075073,13075073,150,163,STATISTIKPORTAL_INTEGRATED_2023_T1,STATISTIKPORTAL_INTEGRATED_2024_T1,matching_original_identifier_and_class,not_certified_requires_population_and_entity_scope_audit,different_fiscal_unit_classes_cannot_be_summed,275796.42,898308.43,1838.64,5511.09,13768.00,373975.00,0.00,214200.00,262028.42,310133.43
130755553088,13,municipality,Medow,Medow,amtsangehörige Gemeinde,amtsangehörige Gemeinde,13075088,13075088,508,499,STATISTIKPORTAL_INTEGRATED_2023_T1,STATISTIKPORTAL_INTEGRATED_2024_T1,matching_original_identifier_and_class,not_certified_requires_population_and_entity_scope_audit,different_fiscal_unit_classes_cannot_be_summed,672195.42,889761.43,1323.22,1783.09,410167.00,365428.00,0.00,214200.00,262028.42,310133.43
130755553098,13,municipality,Neu Kosenow,Neu Kosenow,amtsangehörige Gemeinde,amtsangehörige Gemeinde,13075098,13075098,476,455,STATISTIKPORTAL_INTEGRATED_2023_T1,STATISTIKPORTAL_INTEGRATED_2024_T1,matching_original_identifier_and_class,not_certified_requires_population_and_entity_scope_audit,different_fiscal_unit_classes_cannot_be_summed,262028.42,310133.43,550.48,681.61,0.00,0.00,0.00,0.00,262028.42,310133.43
130755553101,13,municipality,Neuenkirchen,Neuenkirchen,amtsangehörige Gemeinde,amtsangehörige Gemeinde,13075101,13075101,221,212,STATISTIKPORTAL_INTEGRATED_2023_T1,STATISTIKPORTAL_INTEGRATED_2024_T1,matching_original_identifier_and_class,not_certified_requires_population_and_entity_scope_audit,different_fiscal_unit_classes_cannot_be_summed,502507.39,753406.31,2273.79,3553.80,240467.00,229062.00,0.00,214200.00,262040.39,310144.31
130755553110,13,municipality,Postlow,Postlow,amtsangehörige Gemeinde,amtsangehörige Gemeinde,13075110,13075110,295,298,STATISTIKPORTAL_INTEGRATED_2023_T1,STATISTIKPORTAL_INTEGRATED_2024_T1,matching_original_identifier_and_class,not_certified_requires_population_and_entity_scope_audit,different_fiscal_unit_classes_cannot_be_summed,334312.39,579650.31,1133.26,1945.14,72272.00,55306.00,0.00,214200.00,262040.39,310144.31
130755553116,13,municipality,Rossin,Rossin,amtsangehörige Gemeinde,amtsangehörige Gemeinde,13075116,13075116,168,171,STATISTIKPORTAL_INTEGRATED_2023_T1,STATISTIKPORTAL_INTEGRATED_2024_T1,matching_original_identifier_and_class,not_certified_requires_population_and_entity_scope_audit,different_fiscal_unit_classes_cannot_be_summed,269747.39,310144.31,1605.64,1813.71,7707.00,0.00,0.00,0.00,262040.39,310144.31
130755553122,13,municipality,Sarnow,Sarnow,amtsangehörige Gemeinde,amtsangehörige Gemeinde,13075122,13075122,365,340,STATISTIKPORTAL_INTEGRATED_2023_T1,STATISTIKPORTAL_INTEGRATED_2024_T1,matching_original_identifier_and_class,not_certified_requires_population_and_entity_scope_audit,different_fiscal_unit_classes_cannot_be_summed,316954.19,569068.77,868.37,1673.73,42251.00,32685.00,0.00,214200.00,274703.19,322183.77
130755553127,13,municipality,Spantekow,Spantekow,amtsangehörige Gemeinde,amtsangehörige Gemeinde,13075127,13075127,1099,1031,STATISTIKPORTAL_INTEGRATED_2023_T1,STATISTIKPORTAL_INTEGRATED_2024_T1,matching_original_identifier_and_class,not_certified_requires_population_and_entity_scope_audit,different_fiscal_unit_classes_cannot_be_summed,3282831.33,3766863.51,2987.11,3653.60,2505981.00,2416466.00,0.00,429600.00,776850.33,920797.51
130755553128,13,municipality,Stolpe an der Peene,Stolpe an der Peene,amtsangehörige Gemeinde,amtsangehörige Gemeinde,13075128,13075128,275,267,STATISTIKPORTAL_INTEGRATED_2023_T1,STATISTIKPORTAL_INTEGRATED_2024_T1,matching_original_identifier_and_class,not_certified_requires_population_and_entity_scope_audit,different_fiscal_unit_classes_cannot_be_summed,1057836.39,1230134.31,3846.68,4607.24,795796.00,705790.00,0.00,214200.00,262040.39,310144.31
130755553155,13,municipality,Neetzow-Liepen,Neetzow-Liepen,amtsangehörige Gemeinde,amtsangehörige Gemeinde,13075155,13075155,841,809,STATISTIKPORTAL_INTEGRATED_2023_T1,STATISTIKPORTAL_INTEGRATED_2024_T1,matching_original_identifier_and_class,not_certified_requires_population_and_entity_scope_audit,different_fiscal_unit_classes_cannot_be_summed,1252336.95,1822635.20,1489.10,2252.95,733079.00,992714.00,0.00,214200.00,519257.95,615721.20
130755554,13,joint_administration,Amtsverwaltung Jarmen-Tutow,Amtsverwaltung Jarmen-Tutow,Amtsverwaltung,Amtsverwaltung,,,6667,6520,STATISTIKPORTAL_INTEGRATED_2023_T1,STATISTIKPORTAL_INTEGRATED_2024_T1,matching_original_identifier_and_class,not_certified_requires_population_and_entity_scope_audit,different_fiscal_unit_classes_cannot_be_summed,0.00,0.00,0.00,0.00,0.00,0.00,0.00,0.00,0.00,0.00
130755554002,13,municipality,Alt Tellin,Alt Tellin,amtsangehörige Gemeinde,amtsangehörige Gemeinde,13075002,13075002,402,361,STATISTIKPORTAL_INTEGRATED_2023_T1,STATISTIKPORTAL_INTEGRATED_2024_T1,matching_original_identifier_and_class,not_certified_requires_population_and_entity_scope_audit,different_fiscal_unit_classes_cannot_be_summed,938344.29,896874.19,2334.19,2484.42,594133.00,551970.00,0.00,0.00,344211.29,344904.19
130755554009,13,municipality,Bentzin,Bentzin,amtsangehörige Gemeinde,amtsangehörige Gemeinde,13075009,13075009,868,866,STATISTIKPORTAL_INTEGRATED_2023_T1,STATISTIKPORTAL_INTEGRATED_2024_T1,matching_original_identifier_and_class,not_certified_requires_population_and_entity_scope_audit,different_fiscal_unit_classes_cannot_be_summed,724099.64,716592.80,834.22,827.47,44687.00,34541.00,0.00,0.00,679412.64,682051.80
130755554023,13,municipality,Daberkow,Daberkow,amtsangehörige Gemeinde,amtsangehörige Gemeinde,13075023,13075023,327,328,STATISTIKPORTAL_INTEGRATED_2023_T1,STATISTIKPORTAL_INTEGRATED_2024_T1,matching_original_identifier_and_class,not_certified_requires_population_and_entity_scope_audit,different_fiscal_unit_classes_cannot_be_summed,516080.81,493694.67,1578.23,1505.17,239237.00,216220.00,0.00,0.00,276843.81,277474.67
130755554054,13,municipality,"Jarmen, Stadt","Jarmen, Stadt",amtsangehörige Gemeinde,amtsangehörige Gemeinde,13075054,13075054,2917,2789,STATISTIKPORTAL_INTEGRATED_2023_T1,STATISTIKPORTAL_INTEGRATED_2024_T1,matching_original_identifier_and_class,not_certified_requires_population_and_entity_scope_audit,different_fiscal_unit_classes_cannot_be_summed,6260878.10,6605387.80,2146.34,2368.37,2007880.00,2787524.00,0.00,0.00,4252998.10,3817863.80
130755554070,13,municipality,Kruckow,Kruckow,amtsangehörige Gemeinde,amtsangehörige Gemeinde,13075070,13075070,634,652,STATISTIKPORTAL_INTEGRATED_2023_T1,STATISTIKPORTAL_INTEGRATED_2024_T1,matching_original_identifier_and_class,not_certified_requires_population_and_entity_scope_audit,different_fiscal_unit_classes_cannot_be_summed,735235.21,730076.75,1159.68,1119.75,189944.00,182884.00,0.00,0.00,545291.21,547192.75
130755554134,13,municipality,Tutow,Tutow,amtsangehörige Gemeinde,amtsangehörige Gemeinde,13075134,13075134,1003,1004,STATISTIKPORTAL_INTEGRATED_2023_T1,STATISTIKPORTAL_INTEGRATED_2024_T1,matching_original_identifier_and_class,not_certified_requires_population_and_entity_scope_audit,different_fiscal_unit_classes_cannot_be_summed,1339320.00,1275336.24,1335.31,1270.26,459838.00,390985.00,0.00,0.00,879482.00,884351.24
130755554140,13,municipality,Völschow,Völschow,amtsangehörige Gemeinde,amtsangehörige Gemeinde,13075140,13075140,516,520,STATISTIKPORTAL_INTEGRATED_2023_T1,STATISTIKPORTAL_INTEGRATED_2024_T1,matching_original_identifier_and_class,not_certified_requires_population_and_entity_scope_audit,different_fiscal_unit_classes_cannot_be_summed,602623.72,565400.59,1167.88,1087.31,191851.00,153056.00,0.00,0.00,410772.72,412344.59
130755555,13,joint_administration,Amtsverwaltung Landhagen,Amtsverwaltung Landhagen,Amtsverwaltung,Amtsverwaltung,,,10812,10811,STATISTIKPORTAL_INTEGRATED_2023_T1,STATISTIKPORTAL_INTEGRATED_2024_T1,matching_original_identifier_and_class,not_certified_requires_population_and_entity_scope_audit,different_fiscal_unit_classes_cannot_be_summed,2678499.00,4819398.00,247.73,445.79,2678499.00,4819398.00,0.00,0.00,0.00,0.00
130755555008,13,municipality,Behrenhoff,Behrenhoff,amtsangehörige Gemeinde,amtsangehörige Gemeinde,13075008,13075008,842,867,STATISTIKPORTAL_INTEGRATED_2023_T1,STATISTIKPORTAL_INTEGRATED_2024_T1,matching_original_identifier_and_class,not_certified_requires_population_and_entity_scope_audit,different_fiscal_unit_classes_cannot_be_summed,516152.88,466204.66,613.01,537.72,131345.00,113229.00,0.00,0.00,384807.88,352975.66
130755555025,13,municipality,Dargelin,Dargelin,amtsangehörige Gemeinde,amtsangehörige Gemeinde,13075025,13075025,357,370,STATISTIKPORTAL_INTEGRATED_2023_T1,STATISTIKPORTAL_INTEGRATED_2024_T1,matching_original_identifier_and_class,not_certified_requires_population_and_entity_scope_audit,different_fiscal_unit_classes_cannot_be_summed,1216895.54,1160955.30,3408.67,3137.72,98230.00,87890.00,0.00,0.00,1118665.54,1073065.30
130755555027,13,municipality,Dersekow,Dersekow,amtsangehörige Gemeinde,amtsangehörige Gemeinde,13075027,13075027,1161,1180,STATISTIKPORTAL_INTEGRATED_2023_T1,STATISTIKPORTAL_INTEGRATED_2024_T1,matching_original_identifier_and_class,not_certified_requires_population_and_entity_scope_audit,different_fiscal_unit_classes_cannot_be_summed,1133049.28,997838.96,975.93,845.63,365246.00,292050.00,0.00,0.00,767803.28,705788.96
130755555050,13,municipality,Hinrichshagen,Hinrichshagen,amtsangehörige Gemeinde,amtsangehörige Gemeinde,13075050,13075050,961,924,STATISTIKPORTAL_INTEGRATED_2023_T1,STATISTIKPORTAL_INTEGRATED_2024_T1,matching_original_identifier_and_class,not_certified_requires_population_and_entity_scope_audit,different_fiscal_unit_classes_cannot_be_summed,383580.84,352975.66,399.15,382.01,0.00,0.00,0.00,0.00,383580.84,352975.66
130755555076,13,municipality,Levenhagen,Levenhagen,amtsangehörige Gemeinde,amtsangehörige Gemeinde,13075076,13075076,420,400,STATISTIKPORTAL_INTEGRATED_2023_T1,STATISTIKPORTAL_INTEGRATED_2024_T1,matching_original_identifier_and_class,not_certified_requires_population_and_entity_scope_audit,different_fiscal_unit_classes_cannot_be_summed,945134.73,896976.50,2250.32,2242.44,28035.00,20783.00,0.00,0.00,917099.73,876193.50
130755555091,13,municipality,Mesekenhagen,Mesekenhagen,amtsangehörige Gemeinde,amtsangehörige Gemeinde,13075091,13075091,1053,1070,STATISTIKPORTAL_INTEGRATED_2023_T1,STATISTIKPORTAL_INTEGRATED_2024_T1,matching_original_identifier_and_class,not_certified_requires_population_and_entity_scope_audit,different_fiscal_unit_classes_cannot_be_summed,826236.69,745933.32,784.65,697.13,59075.00,39982.00,0.00,0.00,767161.69,705951.32
130755555102,13,municipality,Neuenkirchen,Neuenkirchen,amtsangehörige Gemeinde,amtsangehörige Gemeinde,13075102,13075102,2418,2376,STATISTIKPORTAL_INTEGRATED_2023_T1,STATISTIKPORTAL_INTEGRATED_2024_T1,matching_original_identifier_and_class,not_certified_requires_population_and_entity_scope_audit,different_fiscal_unit_classes_cannot_be_summed,1317942.67,1195436.95,545.05,503.13,166228.00,135760.00,0.00,0.00,1151714.67,1059676.95
130755555141,13,municipality,Wackerow,Wackerow,amtsangehörige Gemeinde,amtsangehörige Gemeinde,13075141,13075141,1554,1500,STATISTIKPORTAL_INTEGRATED_2023_T1,STATISTIKPORTAL_INTEGRATED_2024_T1,matching_original_identifier_and_class,not_certified_requires_population_and_entity_scope_audit,different_fiscal_unit_classes_cannot_be_summed,876804.69,800950.32,564.22,533.97,109643.00,94999.00,0.00,0.00,767161.69,705951.32
130755555142,13,municipality,Weitenhagen,Weitenhagen,amtsangehörige Gemeinde,amtsangehörige Gemeinde,13075142,13075142,2046,2124,STATISTIKPORTAL_INTEGRATED_2023_T1,STATISTIKPORTAL_INTEGRATED_2024_T1,matching_original_identifier_and_class,not_certified_requires_population_and_entity_scope_audit,different_fiscal_unit_classes_cannot_be_summed,1401291.54,1210794.99,684.89,570.05,250140.00,151868.00,0.00,0.00,1151151.54,1058926.99
130755556,13,joint_administration,Amtsverwaltung Löcknitz-Penkun,Amtsverwaltung Löcknitz-Penkun,Amtsverwaltung,Amtsverwaltung,,,10580,10448,STATISTIKPORTAL_INTEGRATED_2023_T1,STATISTIKPORTAL_INTEGRATED_2024_T1,matching_original_identifier_and_class,not_certified_requires_population_and_entity_scope_audit,different_fiscal_unit_classes_cannot_be_summed,0.00,0.00,0.00,0.00,0.00,0.00,0.00,0.00,0.00,0.00
130755556011,13,municipality,Bergholz,Bergholz,amtsangehörige Gemeinde,amtsangehörige Gemeinde,13075011,13075011,315,310,STATISTIKPORTAL_INTEGRATED_2023_T1,STATISTIKPORTAL_INTEGRATED_2024_T1,matching_original_identifier_and_class,not_certified_requires_population_and_entity_scope_audit,different_fiscal_unit_classes_cannot_be_summed,831046.48,811399.82,2638.24,2617.42,111643.00,102035.00,0.00,0.00,719403.48,709364.82
130755556012,13,municipality,Blankensee,Blankensee,amtsangehörige Gemeinde,amtsangehörige Gemeinde,13075012,13075012,558,573,STATISTIKPORTAL_INTEGRATED_2023_T1,STATISTIKPORTAL_INTEGRATED_2024_T1,matching_original_identifier_and_class,not_certified_requires_population_and_entity_scope_audit,different_fiscal_unit_classes_cannot_be_summed,706626.11,720241.79,1266.36,1256.97,126941.00,115154.00,0.00,0.00,579685.11,605087.79
130755556016,13,municipality,Boock,Boock,amtsangehörige Gemeinde,amtsangehörige Gemeinde,13075016,13075016,583,596,STATISTIKPORTAL_INTEGRATED_2023_T1,STATISTIKPORTAL_INTEGRATED_2024_T1,matching_original_identifier_and_class,not_certified_requires_population_and_entity_scope_audit,different_fiscal_unit_classes_cannot_be_summed,573850.85,1208949.22,984.31,2028.44,0.00,609158.00,0.00,0.00,573850.85,599791.22
130755556035,13,municipality,Glasow,Glasow,amtsangehörige Gemeinde,amtsangehörige Gemeinde,13075035,13075035,153,149,STATISTIKPORTAL_INTEGRATED_2023_T1,STATISTIKPORTAL_INTEGRATED_2024_T1,matching_original_identifier_and_class,not_certified_requires_population_and_entity_scope_audit,different_fiscal_unit_classes_cannot_be_summed,733374.26,738155.87,4793.30,4954.07,154520.00,133819.00,0.00,0.00,578854.26,604336.87
130755556038,13,municipality,Grambow,Grambow,amtsangehörige Gemeinde,amtsangehörige Gemeinde,13075038,13075038,859,868,STATISTIKPORTAL_INTEGRATED_2023_T1,STATISTIKPORTAL_INTEGRATED_2024_T1,matching_original_identifier_and_class,not_certified_requires_population_and_entity_scope_audit,different_fiscal_unit_classes_cannot_be_summed,1150093.95,1047715.92,1338.88,1207.05,78948.00,75406.00,0.00,0.00,1071145.95,972309.92
130755556067,13,municipality,Krackow,Krackow,amtsangehörige Gemeinde,amtsangehörige Gemeinde,13075067,13075067,604,607,STATISTIKPORTAL_INTEGRATED_2023_T1,STATISTIKPORTAL_INTEGRATED_2024_T1,matching_original_identifier_and_class,not_certified_requires_population_and_entity_scope_audit,different_fiscal_unit_classes_cannot_be_summed,1120137.22,1079969.50,1854.53,1779.19,330422.00,302760.00,0.00,0.00,789715.22,777209.50
130755556079,13,municipality,Löcknitz,Löcknitz,amtsangehörige Gemeinde,amtsangehörige Gemeinde,13075079,13075079,3342,3266,STATISTIKPORTAL_INTEGRATED_2023_T1,STATISTIKPORTAL_INTEGRATED_2024_T1,matching_original_identifier_and_class,not_certified_requires_population_and_entity_scope_audit,different_fiscal_unit_classes_cannot_be_summed,4763955.33,4265471.30,1425.48,1306.02,214355.00,180911.00,0.00,0.00,4549600.33,4084560.30
130755556095,13,municipality,Nadrensee,Nadrensee,amtsangehörige Gemeinde,amtsangehörige Gemeinde,13075095,13075095,384,365,STATISTIKPORTAL_INTEGRATED_2023_T1,STATISTIKPORTAL_INTEGRATED_2024_T1,matching_original_identifier_and_class,not_certified_requires_population_and_entity_scope_audit,different_fiscal_unit_classes_cannot_be_summed,788983.69,778424.80,2054.65,2132.67,91925.00,77179.00,0.00,0.00,697058.69,701245.80
130755556107,13,municipality,"Penkun, Stadt","Penkun, Stadt",amtsangehörige Gemeinde,amtsangehörige Gemeinde,13075107,13075107,1790,1712,STATISTIKPORTAL_INTEGRATED_2023_T1,STATISTIKPORTAL_INTEGRATED_2024_T1,matching_original_identifier_and_class,not_certified_requires_population_and_entity_scope_audit,different_fiscal_unit_classes_cannot_be_summed,1981549.11,1883516.36,1107.01,1100.18,351040.00,287626.00,0.00,0.00,1630509.11,1595890.36
130755556108,13,municipality,Plöwen,Plöwen,amtsangehörige Gemeinde,amtsangehörige Gemeinde,13075108,13075108,273,293,STATISTIKPORTAL_INTEGRATED_2023_T1,STATISTIKPORTAL_INTEGRATED_2024_T1,matching_original_identifier_and_class,not_certified_requires_population_and_entity_scope_audit,different_fiscal_unit_classes_cannot_be_summed,722953.84,720298.73,2648.18,2458.36,73813.00,63437.00,0.00,0.00,649140.84,656861.73
130755556113,13,municipality,Ramin,Ramin,amtsangehörige Gemeinde,amtsangehörige Gemeinde,13075113,13075113,700,683,STATISTIKPORTAL_INTEGRATED_2023_T1,STATISTIKPORTAL_INTEGRATED_2024_T1,matching_original_identifier_and_class,not_certified_requires_population_and_entity_scope_audit,different_fiscal_unit_classes_cannot_be_summed,977115.83,909591.94,1395.88,1331.76,46840.00,42647.00,0.00,0.00,930275.83,866944.94
130755556117,13,municipality,Rossow,Rossow,amtsangehörige Gemeinde,amtsangehörige Gemeinde,13075117,13075117,446,430,STATISTIKPORTAL_INTEGRATED_2023_T1,STATISTIKPORTAL_INTEGRATED_2024_T1,matching_original_identifier_and_class,not_certified_requires_population_and_entity_scope_audit,different_fiscal_unit_classes_cannot_be_summed,719403.48,709364.82,1613.01,1649.69,0.00,0.00,0.00,0.00,719403.48,709364.82
130755556119,13,municipality,Rothenklempenow,Rothenklempenow,amtsangehörige Gemeinde,amtsangehörige Gemeinde,13075119,13075119,573,596,STATISTIKPORTAL_INTEGRATED_2023_T1,STATISTIKPORTAL_INTEGRATED_2024_T1,matching_original_identifier_and_class,not_certified_requires_population_and_entity_scope_audit,different_fiscal_unit_classes_cannot_be_summed,906499.07,1173504.68,1582.02,1968.97,116809.00,411615.00,0.00,0.00,789690.07,761889.68
130755557,13,joint_administration,Amtsverwaltung Lubmin,Amtsverwaltung Lubmin,Amtsverwaltung,Amtsverwaltung,,,10559,10520,STATISTIKPORTAL_INTEGRATED_2023_T1,STATISTIKPORTAL_INTEGRATED_2024_T1,matching_original_identifier_and_class,not_certified_requires_population_and_entity_scope_audit,different_fiscal_unit_classes_cannot_be_summed,1904059.00,3343359.00,180.33,317.81,1904059.00,3343359.00,0.00,0.00,0.00,0.00
130755557018,13,municipality,Brünzow,Brünzow,amtsangehörige Gemeinde,amtsangehörige Gemeinde,13075018,13075018,674,694,STATISTIKPORTAL_INTEGRATED_2023_T1,STATISTIKPORTAL_INTEGRATED_2024_T1,matching_original_identifier_and_class,not_certified_requires_population_and_entity_scope_audit,different_fiscal_unit_classes_cannot_be_summed,383580.84,352975.66,569.11,508.61,0.00,0.00,0.00,0.00,383580.84,352975.66
130755557046,13,municipality,Hanshagen,Hanshagen,amtsangehörige Gemeinde,amtsangehörige Gemeinde,13075046,13075046,927,902,STATISTIKPORTAL_INTEGRATED_2023_T1,STATISTIKPORTAL_INTEGRATED_2024_T1,matching_original_identifier_and_class,not_certified_requires_population_and_entity_scope_audit,different_fiscal_unit_classes_cannot_be_summed,1031037.66,987931.55,1112.23,1095.27,0.00,0.00,0.00,0.00,1031037.66,987931.55
130755557059,13,municipality,Katzow,Katzow,amtsangehörige Gemeinde,amtsangehörige Gemeinde,13075059,13075059,639,616,STATISTIKPORTAL_INTEGRATED_2023_T1,STATISTIKPORTAL_INTEGRATED_2024_T1,matching_original_identifier_and_class,not_certified_requires_population_and_entity_scope_audit,different_fiscal_unit_classes_cannot_be_summed,1005091.23,957426.09,1572.91,1554.26,52725.00,46647.00,0.00,0.00,952366.23,910779.09
130755557060,13,municipality,Kemnitz,Kemnitz,amtsangehörige Gemeinde,amtsangehörige Gemeinde,13075060,13075060,1159,1153,STATISTIKPORTAL_INTEGRATED_2023_T1,STATISTIKPORTAL_INTEGRATED_2024_T1,matching_original_identifier_and_class,not_certified_requires_population_and_entity_scope_audit,different_fiscal_unit_classes_cannot_be_summed,1396533.12,1323171.01,1204.95,1147.59,0.00,0.00,0.00,0.00,1396533.12,1323171.01
130755557069,13,municipality,Kröslin,Kröslin,amtsangehörige Gemeinde,amtsangehörige Gemeinde,13075069,13075069,1728,1766,STATISTIKPORTAL_INTEGRATED_2023_T1,STATISTIKPORTAL_INTEGRATED_2024_T1,matching_original_identifier_and_class,not_certified_requires_population_and_entity_scope_audit,different_fiscal_unit_classes_cannot_be_summed,1113192.51,989754.66,644.21,560.45,318286.00,262138.00,0.00,0.00,794906.51,727616.66
130755557081,13,municipality,Loissin,Loissin,amtsangehörige Gemeinde,amtsangehörige Gemeinde,13075081,13075081,801,782,STATISTIKPORTAL_INTEGRATED_2023_T1,STATISTIKPORTAL_INTEGRATED_2024_T1,matching_original_identifier_and_class,not_certified_requires_population_and_entity_scope_audit,different_fiscal_unit_classes_cannot_be_summed,416065.84,371469.66,519.43,475.03,32485.00,18494.00,0.00,0.00,383580.84,352975.66
130755557083,13,municipality,"Lubmin, Seebad","Lubmin, Seebad",amtsangehörige Gemeinde,amtsangehörige Gemeinde,13075083,13075083,2212,2234,STATISTIKPORTAL_INTEGRATED_2023_T1,STATISTIKPORTAL_INTEGRATED_2024_T1,matching_original_identifier_and_class,not_certified_requires_population_and_entity_scope_audit,different_fiscal_unit_classes_cannot_be_summed,2574424.69,2449924.39,1163.84,1096.65,0.00,0.00,0.00,0.00,2574424.69,2449924.39
130755557097,13,municipality,Neu Boltenhagen,Neu Boltenhagen,amtsangehörige Gemeinde,amtsangehörige Gemeinde,13075097,13075097,567,572,STATISTIKPORTAL_INTEGRATED_2023_T1,STATISTIKPORTAL_INTEGRATED_2024_T1,matching_original_identifier_and_class,not_certified_requires_population_and_entity_scope_audit,different_fiscal_unit_classes_cannot_be_summed,1100666.39,1056215.91,1941.21,1846.53,0.00,0.00,0.00,0.00,1100666.39,1056215.91
130755557120,13,municipality,Rubenow,Rubenow,amtsangehörige Gemeinde,amtsangehörige Gemeinde,13075120,13075120,757,743,STATISTIKPORTAL_INTEGRATED_2023_T1,STATISTIKPORTAL_INTEGRATED_2024_T1,matching_original_identifier_and_class,not_certified_requires_population_and_entity_scope_audit,different_fiscal_unit_classes_cannot_be_summed,511682.78,459128.56,675.93,617.94,100553.00,84656.00,0.00,0.00,411129.78,374472.56
130755557146,13,municipality,Wusterhusen,Wusterhusen,amtsangehörige Gemeinde,amtsangehörige Gemeinde,13075146,13075146,1095,1058,STATISTIKPORTAL_INTEGRATED_2023_T1,STATISTIKPORTAL_INTEGRATED_2024_T1,matching_original_identifier_and_class,not_certified_requires_population_and_entity_scope_audit,different_fiscal_unit_classes_cannot_be_summed,767161.69,705951.32,700.60,667.25,0.00,0.00,0.00,0.00,767161.69,705951.32
130755558,13,joint_administration,Amtsverwaltung Peenetal/Loitz,Amtsverwaltung Peenetal/Loitz,Amtsverwaltung,Amtsverwaltung,,,6061,5924,STATISTIKPORTAL_INTEGRATED_2023_T1,STATISTIKPORTAL_INTEGRATED_2024_T1,matching_original_identifier_and_class,not_certified_requires_population_and_entity_scope_audit,different_fiscal_unit_classes_cannot_be_summed,0.00,0.00,0.00,0.00,0.00,0.00,0.00,0.00,0.00,0.00
130755558036,13,municipality,Görmin,Görmin,amtsangehörige Gemeinde,amtsangehörige Gemeinde,13075036,13075036,885,875,STATISTIKPORTAL_INTEGRATED_2023_T1,STATISTIKPORTAL_INTEGRATED_2024_T1,matching_original_identifier_and_class,not_certified_requires_population_and_entity_scope_audit,different_fiscal_unit_classes_cannot_be_summed,423883.80,378983.31,478.96,433.12,33868.00,21462.00,0.00,0.00,390015.80,357521.31
130755558082,13,municipality,"Loitz, Stadt","Loitz, Stadt",amtsangehörige Gemeinde,amtsangehörige Gemeinde,13075082,13075082,4321,4221,STATISTIKPORTAL_INTEGRATED_2023_T1,STATISTIKPORTAL_INTEGRATED_2024_T1,matching_original_identifier_and_class,not_certified_requires_population_and_entity_scope_audit,different_fiscal_unit_classes_cannot_be_summed,4919926.30,4426934.34,1138.61,1048.79,2918812.00,2653748.00,115.20,0.00,2000999.10,1773186.34
130755558123,13,municipality,Sassen-Trantow,Sassen-Trantow,amtsangehörige Gemeinde,amtsangehörige Gemeinde,13075123,13075123,855,828,STATISTIKPORTAL_INTEGRATED_2023_T1,STATISTIKPORTAL_INTEGRATED_2024_T1,matching_original_identifier_and_class,not_certified_requires_population_and_entity_scope_audit,different_fiscal_unit_classes_cannot_be_summed,871293.12,775648.85,1019.06,936.77,97480.00,65141.00,0.00,0.00,773813.12,710507.85
130755559,13,joint_administration,Amtsverwaltung Torgelow-Ferdinandshof,Amtsverwaltung Torgelow-Ferdinandshof,Amtsverwaltung,Amtsverwaltung,,,14224,13769,STATISTIKPORTAL_INTEGRATED_2023_T1,STATISTIKPORTAL_INTEGRATED_2024_T1,matching_original_identifier_and_class,not_certified_requires_population_and_entity_scope_audit,different_fiscal_unit_classes_cannot_be_summed,0.00,0.00,0.00,0.00,0.00,0.00,0.00,0.00,0.00,0.00
130755559004,13,municipality,Altwigshagen,Altwigshagen,amtsangehörige Gemeinde,amtsangehörige Gemeinde,13075004,13075004,388,370,STATISTIKPORTAL_INTEGRATED_2023_T1,STATISTIKPORTAL_INTEGRATED_2024_T1,matching_original_identifier_and_class,not_certified_requires_population_and_entity_scope_audit,different_fiscal_unit_classes_cannot_be_summed,1416007.62,1462408.86,3649.50,3952.46,692216.00,595591.00,0.00,0.00,723791.62,866817.86
130755559033,13,municipality,Ferdinandshof,Ferdinandshof,amtsangehörige Gemeinde,amtsangehörige Gemeinde,13075033,13075033,2715,2603,STATISTIKPORTAL_INTEGRATED_2023_T1,STATISTIKPORTAL_INTEGRATED_2024_T1,matching_original_identifier_and_class,not_certified_requires_population_and_entity_scope_audit,different_fiscal_unit_classes_cannot_be_summed,7478981.21,7385030.20,2754.69,2837.12,2818518.00,2612535.00,0.00,0.00,4660463.21,4772495.20
130755559045,13,municipality,Hammer a. d. Uecker,Hammer a. d. Uecker,amtsangehörige Gemeinde,amtsangehörige Gemeinde,13075045,13075045,463,453,STATISTIKPORTAL_INTEGRATED_2023_T1,STATISTIKPORTAL_INTEGRATED_2024_T1,matching_original_identifier_and_class,not_certified_requires_population_and_entity_scope_audit,different_fiscal_unit_classes_cannot_be_summed,413313.38,505434.68,892.69,1115.75,13054.00,8632.00,0.00,0.00,400259.38,496802.68
130755559048,13,municipality,Heinrichswalde,Heinrichswalde,amtsangehörige Gemeinde,amtsangehörige Gemeinde,13075048,13075048,372,360,STATISTIKPORTAL_INTEGRATED_2023_T1,STATISTIKPORTAL_INTEGRATED_2024_T1,matching_original_identifier_and_class,not_certified_requires_population_and_entity_scope_audit,different_fiscal_unit_classes_cannot_be_summed,433218.58,528809.90,1164.57,1468.92,0.00,0.00,0.00,0.00,433218.58,528809.90
130755559118,13,municipality,Rothemühl,Rothemühl,amtsangehörige Gemeinde,amtsangehörige Gemeinde,13075118,13075118,294,287,STATISTIKPORTAL_INTEGRATED_2023_T1,STATISTIKPORTAL_INTEGRATED_2024_T1,matching_original_identifier_and_class,not_certified_requires_population_and_entity_scope_audit,different_fiscal_unit_classes_cannot_be_summed,417776.27,513834.06,1421.01,1790.36,0.00,0.00,0.00,0.00,417776.27,513834.06
130755559131,13,municipality,"Torgelow, Stadt","Torgelow, Stadt",amtsangehörige Gemeinde,amtsangehörige Gemeinde,13075131,13075131,9264,8951,STATISTIKPORTAL_INTEGRATED_2023_T1,STATISTIKPORTAL_INTEGRATED_2024_T1,matching_original_identifier_and_class,not_certified_requires_population_and_entity_scope_audit,different_fiscal_unit_classes_cannot_be_summed,42861141.89,39570106.25,4626.63,4420.75,4868820.00,4259499.00,1271.16,0.00,37991050.73,35310607.25
130755559143,13,municipality,Wilhelmsburg,Wilhelmsburg,amtsangehörige Gemeinde,amtsangehörige Gemeinde,13075143,13075143,728,745,STATISTIKPORTAL_INTEGRATED_2023_T1,STATISTIKPORTAL_INTEGRATED_2024_T1,matching_original_identifier_and_class,not_certified_requires_population_and_entity_scope_audit,different_fiscal_unit_classes_cannot_be_summed,1071848.89,1107159.16,1472.32,1486.12,541948.00,484970.00,0.00,0.00,529900.89,622189.16
130755560,13,joint_administration,Amtsverwaltung Uecker-Randow-Tal,Amtsverwaltung Uecker-Randow-Tal,Amtsverwaltung,Amtsverwaltung,,,6938,6630,STATISTIKPORTAL_INTEGRATED_2023_T1,STATISTIKPORTAL_INTEGRATED_2024_T1,matching_original_identifier_and_class,not_certified_requires_population_and_entity_scope_audit,different_fiscal_unit_classes_cannot_be_summed,0.00,0.00,0.00,0.00,0.00,0.00,0.00,0.00,0.00,0.00
130755560017,13,municipality,Brietzig,Brietzig,amtsangehörige Gemeinde,amtsangehörige Gemeinde,13075017,13075017,183,169,STATISTIKPORTAL_INTEGRATED_2023_T1,STATISTIKPORTAL_INTEGRATED_2024_T1,matching_original_identifier_and_class,not_certified_requires_population_and_entity_scope_audit,different_fiscal_unit_classes_cannot_be_summed,578854.26,604336.87,3163.14,3575.96,0.00,0.00,0.00,0.00,578854.26,604336.87
130755560032,13,municipality,Fahrenwalde,Fahrenwalde,amtsangehörige Gemeinde,amtsangehörige Gemeinde,13075032,13075032,286,269,STATISTIKPORTAL_INTEGRATED_2023_T1,STATISTIKPORTAL_INTEGRATED_2024_T1,matching_original_identifier_and_class,not_certified_requires_population_and_entity_scope_audit,different_fiscal_unit_classes_cannot_be_summed,578854.26,604336.87,2023.97,2246.61,0.00,0.00,0.00,0.00,578854.26,604336.87
130755560042,13,municipality,Groß Luckow,Groß Luckow,amtsangehörige Gemeinde,amtsangehörige Gemeinde,13075042,13075042,194,188,STATISTIKPORTAL_INTEGRATED_2023_T1,STATISTIKPORTAL_INTEGRATED_2024_T1,matching_original_identifier_and_class,not_certified_requires_population_and_entity_scope_audit,different_fiscal_unit_classes_cannot_be_summed,491964.42,498259.76,2535.90,2650.32,0.00,0.00,0.00,0.00,491964.42,498259.76
130755560055,13,municipality,Jatznick,Jatznick,amtsangehörige Gemeinde,amtsangehörige Gemeinde,13075055,13075055,2206,2153,STATISTIKPORTAL_INTEGRATED_2023_T1,STATISTIKPORTAL_INTEGRATED_2024_T1,matching_original_identifier_and_class,not_certified_requires_population_and_entity_scope_audit,different_fiscal_unit_classes_cannot_be_summed,2129174.16,2193822.76,965.17,1018.96,0.00,0.00,0.00,0.00,2129174.16,2193822.76
130755560063,13,municipality,Koblentz,Koblentz,amtsangehörige Gemeinde,amtsangehörige Gemeinde,13075063,13075063,218,196,STATISTIKPORTAL_INTEGRATED_2023_T1,STATISTIKPORTAL_INTEGRATED_2024_T1,matching_original_identifier_and_class,not_certified_requires_population_and_entity_scope_audit,different_fiscal_unit_classes_cannot_be_summed,584886.23,604347.75,2682.96,3083.41,6020.00,0.00,0.00,0.00,578866.23,604347.75
130755560071,13,municipality,Krugsdorf,Krugsdorf,amtsangehörige Gemeinde,amtsangehörige Gemeinde,13075071,13075071,477,462,STATISTIKPORTAL_INTEGRATED_2023_T1,STATISTIKPORTAL_INTEGRATED_2024_T1,matching_original_identifier_and_class,not_certified_requires_population_and_entity_scope_audit,different_fiscal_unit_classes_cannot_be_summed,578866.23,604347.75,1213.56,1308.11,0.00,0.00,0.00,0.00,578866.23,604347.75
130755560103,13,municipality,Nieden,Nieden,amtsangehörige Gemeinde,amtsangehörige Gemeinde,13075103,13075103,158,155,STATISTIKPORTAL_INTEGRATED_2023_T1,STATISTIKPORTAL_INTEGRATED_2024_T1,matching_original_identifier_and_class,not_certified_requires_population_and_entity_scope_audit,different_fiscal_unit_classes_cannot_be_summed,579187.12,604684.78,3665.74,3901.19,0.00,0.00,0.00,0.00,579187.12,604684.78
130755560104,13,municipality,Papendorf,Papendorf,amtsangehörige Gemeinde,amtsangehörige Gemeinde,13075104,13075104,209,198,STATISTIKPORTAL_INTEGRATED_2023_T1,STATISTIKPORTAL_INTEGRATED_2024_T1,matching_original_identifier_and_class,not_certified_requires_population_and_entity_scope_audit,different_fiscal_unit_classes_cannot_be_summed,578866.23,604347.75,2769.69,3052.26,0.00,0.00,0.00,0.00,578866.23,604347.75
130755560109,13,municipality,Polzow,Polzow,amtsangehörige Gemeinde,amtsangehörige Gemeinde,13075109,13075109,257,241,STATISTIKPORTAL_INTEGRATED_2023_T1,STATISTIKPORTAL_INTEGRATED_2024_T1,matching_original_identifier_and_class,not_certified_requires_population_and_entity_scope_audit,different_fiscal_unit_classes_cannot_be_summed,578866.23,604347.75,2252.40,2507.67,0.00,0.00,0.00,0.00,578866.23,604347.75
130755560115,13,municipality,Rollwitz,Rollwitz,amtsangehörige Gemeinde,amtsangehörige Gemeinde,13075115,13075115,895,838,STATISTIKPORTAL_INTEGRATED_2023_T1,STATISTIKPORTAL_INTEGRATED_2024_T1,matching_original_identifier_and_class,not_certified_requires_population_and_entity_scope_audit,different_fiscal_unit_classes_cannot_be_summed,601687.23,604347.75,672.28,721.18,22821.00,0.00,0.00,0.00,578866.23,604347.75
130755560126,13,municipality,Schönwalde,Schönwalde,amtsangehörige Gemeinde,amtsangehörige Gemeinde,13075126,13075126,406,383,STATISTIKPORTAL_INTEGRATED_2023_T1,STATISTIKPORTAL_INTEGRATED_2024_T1,matching_original_identifier_and_class,not_certified_requires_population_and_entity_scope_audit,different_fiscal_unit_classes_cannot_be_summed,579697.08,605098.67,1427.83,1579.89,0.00,0.00,0.00,0.00,579697.08,605098.67
130755560138,13,municipality,Viereck,Viereck,amtsangehörige Gemeinde,amtsangehörige Gemeinde,13075138,13075138,984,925,STATISTIKPORTAL_INTEGRATED_2023_T1,STATISTIKPORTAL_INTEGRATED_2024_T1,matching_original_identifier_and_class,not_certified_requires_population_and_entity_scope_audit,different_fiscal_unit_classes_cannot_be_summed,817032.51,997124.69,830.32,1077.97,25662.00,11811.00,0.00,0.00,791370.51,985313.69
130755560149,13,municipality,Zerrenthin,Zerrenthin,amtsangehörige Gemeinde,amtsangehörige Gemeinde,13075149,13075149,465,453,STATISTIKPORTAL_INTEGRATED_2023_T1,STATISTIKPORTAL_INTEGRATED_2024_T1,matching_original_identifier_and_class,not_certified_requires_population_and_entity_scope_audit,different_fiscal_unit_classes_cannot_be_summed,610135.23,624082.75,1312.12,1377.67,31269.00,19735.00,0.00,0.00,578866.23,604347.75
130755561,13,joint_administration,Amtsverwaltung Usedom-Nord,Amtsverwaltung Usedom-Nord,Amtsverwaltung,Amtsverwaltung,,,9547,8431,STATISTIKPORTAL_INTEGRATED_2023_T1,STATISTIKPORTAL_INTEGRATED_2024_T1,matching_original_identifier_and_class,not_certified_requires_population_and_entity_scope_audit,different_fiscal_unit_classes_cannot_be_summed,0.00,0.00,0.00,0.00,0.00,0.00,0.00,0.00,0.00,0.00
130755561058,13,municipality,"Karlshagen, Ostseebad","Karlshagen, Ostseebad",amtsangehörige Gemeinde,amtsangehörige Gemeinde,13075058,13075058,3213,2826,STATISTIKPORTAL_INTEGRATED_2023_T1,STATISTIKPORTAL_INTEGRATED_2024_T1,matching_original_identifier_and_class,not_certified_requires_population_and_entity_scope_audit,different_fiscal_unit_classes_cannot_be_summed,3878370.59,3513090.85,1207.09,1243.13,103957.00,33676.00,0.00,0.00,3774413.59,3479414.85
130755561092,13,municipality,Mölschow,Mölschow,amtsangehörige Gemeinde,amtsangehörige Gemeinde,13075092,13075092,830,700,STATISTIKPORTAL_INTEGRATED_2023_T1,STATISTIKPORTAL_INTEGRATED_2024_T1,matching_original_identifier_and_class,not_certified_requires_population_and_entity_scope_audit,different_fiscal_unit_classes_cannot_be_summed,936355.44,844263.87,1128.14,1206.09,16852.00,1298.00,0.00,0.00,919503.44,842965.87
130755561106,13,municipality,Peenemünde,Peenemünde,amtsangehörige Gemeinde,amtsangehörige Gemeinde,13075106,13075106,361,338,STATISTIKPORTAL_INTEGRATED_2023_T1,STATISTIKPORTAL_INTEGRATED_2024_T1,matching_original_identifier_and_class,not_certified_requires_population_and_entity_scope_audit,different_fiscal_unit_classes_cannot_be_summed,914876.90,838987.50,2534.29,2482.21,0.00,0.00,0.00,0.00,914876.90,838987.50
130755561133,13,municipality,"Trassenheide, Ostseebad","Trassenheide, Ostseebad",amtsangehörige Gemeinde,amtsangehörige Gemeinde,13075133,13075133,944,761,STATISTIKPORTAL_INTEGRATED_2023_T1,STATISTIKPORTAL_INTEGRATED_2024_T1,matching_original_identifier_and_class,not_certified_requires_population_and_entity_scope_audit,different_fiscal_unit_classes_cannot_be_summed,1421032.66,1268160.66,1505.33,1666.44,0.00,0.00,0.00,0.00,1421032.66,1268160.66
130755561151,13,municipality,"Zinnowitz, Ostseebad","Zinnowitz, Ostseebad",amtsangehörige Gemeinde,amtsangehörige Gemeinde,13075151,13075151,4199,3806,STATISTIKPORTAL_INTEGRATED_2023_T1,STATISTIKPORTAL_INTEGRATED_2024_T1,matching_original_identifier_and_class,not_certified_requires_population_and_entity_scope_audit,different_fiscal_unit_classes_cannot_be_summed,10242621.80,9780256.93,2439.30,2569.69,3539.00,0.00,5059300.00,0.00,5179782.80,9780256.93
130755562,13,joint_administration,Amtsverwaltung Usedom-Süd,Amtsverwaltung Usedom-Süd,Amtsverwaltung,Amtsverwaltung,,,11674,10890,STATISTIKPORTAL_INTEGRATED_2023_T1,STATISTIKPORTAL_INTEGRATED_2024_T1,matching_original_identifier_and_class,not_certified_requires_population_and_entity_scope_audit,different_fiscal_unit_classes_cannot_be_summed,0.00,0.00,0.00,0.00,0.00,0.00,0.00,0.00,0.00,0.00
130755562010,13,municipality,Benz,Benz,amtsangehörige Gemeinde,amtsangehörige Gemeinde,13075010,13075010,1132,1058,STATISTIKPORTAL_INTEGRATED_2023_T1,STATISTIKPORTAL_INTEGRATED_2024_T1,matching_original_identifier_and_class,not_certified_requires_population_and_entity_scope_audit,different_fiscal_unit_classes_cannot_be_summed,1852239.24,1694475.81,1636.25,1601.58,17663.00,12354.00,0.00,0.00,1834576.24,1682121.81
130755562026,13,municipality,Dargen,Dargen,amtsangehörige Gemeinde,amtsangehörige Gemeinde,13075026,13075026,589,542,STATISTIKPORTAL_INTEGRATED_2023_T1,STATISTIKPORTAL_INTEGRATED_2024_T1,matching_original_identifier_and_class,not_certified_requires_population_and_entity_scope_audit,different_fiscal_unit_classes_cannot_be_summed,920128.40,843503.27,1562.19,1556.28,0.00,0.00,0.00,0.00,920128.40,843503.27
130755562034,13,municipality,Garz,Garz,amtsangehörige Gemeinde,amtsangehörige Gemeinde,13075034,13075034,278,272,STATISTIKPORTAL_INTEGRATED_2023_T1,STATISTIKPORTAL_INTEGRATED_2024_T1,matching_original_identifier_and_class,not_certified_requires_population_and_entity_scope_audit,different_fiscal_unit_classes_cannot_be_summed,914587.75,838738.86,3289.88,3083.60,0.00,0.00,0.00,0.00,914587.75,838738.86
130755562056,13,municipality,Kamminke,Kamminke,amtsangehörige Gemeinde,amtsangehörige Gemeinde,13075056,13075056,240,225,STATISTIKPORTAL_INTEGRATED_2023_T1,STATISTIKPORTAL_INTEGRATED_2024_T1,matching_original_identifier_and_class,not_certified_requires_population_and_entity_scope_audit,different_fiscal_unit_classes_cannot_be_summed,944010.90,858175.50,3933.38,3814.11,29134.00,19188.00,0.00,0.00,914876.90,838987.50
130755562065,13,municipality,Korswandt,Korswandt,amtsangehörige Gemeinde,amtsangehörige Gemeinde,13075065,13075065,602,575,STATISTIKPORTAL_INTEGRATED_2023_T1,STATISTIKPORTAL_INTEGRATED_2024_T1,matching_original_identifier_and_class,not_certified_requires_population_and_entity_scope_audit,different_fiscal_unit_classes_cannot_be_summed,915940.26,839901.89,1521.50,1460.70,0.00,0.00,0.00,0.00,915940.26,839901.89
130755562066,13,municipality,"Koserow, Ostseebad","Koserow, Ostseebad",amtsangehörige Gemeinde,amtsangehörige Gemeinde,13075066,13075066,1703,1545,STATISTIKPORTAL_INTEGRATED_2023_T1,STATISTIKPORTAL_INTEGRATED_2024_T1,matching_original_identifier_and_class,not_certified_requires_population_and_entity_scope_audit,different_fiscal_unit_classes_cannot_be_summed,4089872.84,3856312.99,2401.57,2496.00,23617.00,15268.00,0.00,0.00,4066255.84,3841044.99
130755562080,13,municipality,"Loddin, Seebad","Loddin, Seebad",amtsangehörige Gemeinde,amtsangehörige Gemeinde,13075080,13075080,938,879,STATISTIKPORTAL_INTEGRATED_2023_T1,STATISTIKPORTAL_INTEGRATED_2024_T1,matching_original_identifier_and_class,not_certified_requires_population_and_entity_scope_audit,different_fiscal_unit_classes_cannot_be_summed,1191550.70,1104904.49,1270.31,1257.00,184331.00,166758.00,0.00,0.00,1007219.70,938146.49
130755562090,13,municipality,Mellenthin,Mellenthin,amtsangehörige Gemeinde,amtsangehörige Gemeinde,13075090,13075090,459,434,STATISTIKPORTAL_INTEGRATED_2023_T1,STATISTIKPORTAL_INTEGRATED_2024_T1,matching_original_identifier_and_class,not_certified_requires_population_and_entity_scope_audit,different_fiscal_unit_classes_cannot_be_summed,936508.10,841562.21,2040.32,1939.08,18637.00,0.00,0.00,0.00,917871.10,841562.21
130755562111,13,municipality,Pudagla,Pudagla,amtsangehörige Gemeinde,amtsangehörige Gemeinde,13075111,13075111,490,476,STATISTIKPORTAL_INTEGRATED_2023_T1,STATISTIKPORTAL_INTEGRATED_2024_T1,matching_original_identifier_and_class,not_certified_requires_population_and_entity_scope_audit,different_fiscal_unit_classes_cannot_be_summed,2919385.62,2770784.27,5957.93,5820.98,2002382.00,1929968.00,0.00,0.00,917003.62,840816.27
130755562114,13,municipality,Rankwitz,Rankwitz,amtsangehörige Gemeinde,amtsangehörige Gemeinde,13075114,13075114,535,504,STATISTIKPORTAL_INTEGRATED_2023_T1,STATISTIKPORTAL_INTEGRATED_2024_T1,matching_original_identifier_and_class,not_certified_requires_population_and_entity_scope_audit,different_fiscal_unit_classes_cannot_be_summed,932424.20,851834.02,1742.85,1690.15,11960.00,8042.00,0.00,0.00,920464.20,843792.02
130755562129,13,municipality,Stolpe auf Usedom,Stolpe auf Usedom,amtsangehörige Gemeinde,amtsangehörige Gemeinde,13075129,13075129,375,350,STATISTIKPORTAL_INTEGRATED_2023_T1,STATISTIKPORTAL_INTEGRATED_2024_T1,matching_original_identifier_and_class,not_certified_requires_population_and_entity_scope_audit,different_fiscal_unit_classes_cannot_be_summed,916901.02,840728.04,2445.07,2402.08,0.00,0.00,0.00,0.00,916901.02,840728.04
130755562135,13,municipality,"Ückeritz, Seebad","Ückeritz, Seebad",amtsangehörige Gemeinde,amtsangehörige Gemeinde,13075135,13075135,1022,1015,STATISTIKPORTAL_INTEGRATED_2023_T1,STATISTIKPORTAL_INTEGRATED_2024_T1,matching_original_identifier_and_class,not_certified_requires_population_and_entity_scope_audit,different_fiscal_unit_classes_cannot_be_summed,1572466.07,1475797.11,1538.62,1453.99,547447.00,518528.00,0.00,0.00,1025019.07,957269.11
130755562137,13,municipality,"Usedom, Stadt","Usedom, Stadt",amtsangehörige Gemeinde,amtsangehörige Gemeinde,13075137,13075137,1709,1489,STATISTIKPORTAL_INTEGRATED_2023_T1,STATISTIKPORTAL_INTEGRATED_2024_T1,matching_original_identifier_and_class,not_certified_requires_population_and_entity_scope_audit,different_fiscal_unit_classes_cannot_be_summed,3493640.44,2803546.55,2044.26,1882.84,1658290.00,1120759.00,0.00,0.00,1835350.44,1682787.55
130755562148,13,municipality,"Zempin, Seebad","Zempin, Seebad",amtsangehörige Gemeinde,amtsangehörige Gemeinde,13075148,13075148,967,919,STATISTIKPORTAL_INTEGRATED_2023_T1,STATISTIKPORTAL_INTEGRATED_2024_T1,matching_original_identifier_and_class,not_certified_requires_population_and_entity_scope_audit,different_fiscal_unit_classes_cannot_be_summed,1126351.94,1029526.19,1164.79,1120.27,76578.00,64848.00,0.00,0.00,1049773.94,964678.19
130755562152,13,municipality,Zirchow,Zirchow,amtsangehörige Gemeinde,amtsangehörige Gemeinde,13075152,13075152,635,607,STATISTIKPORTAL_INTEGRATED_2023_T1,STATISTIKPORTAL_INTEGRATED_2024_T1,matching_original_identifier_and_class,not_certified_requires_population_and_entity_scope_audit,different_fiscal_unit_classes_cannot_be_summed,1002550.33,885423.34,1578.82,1458.69,85071.00,44198.00,0.00,0.00,917479.33,841225.34
130755563,13,joint_administration,Amtsverwaltung Züssow,Amtsverwaltung Züssow,Amtsverwaltung,Amtsverwaltung,,,11524,11299,STATISTIKPORTAL_INTEGRATED_2023_T1,STATISTIKPORTAL_INTEGRATED_2024_T1,matching_original_identifier_and_class,not_certified_requires_population_and_entity_scope_audit,different_fiscal_unit_classes_cannot_be_summed,153927.00,141557.00,13.36,12.53,153927.00,141557.00,0.00,0.00,0.00,0.00
130755563006,13,municipality,Bandelin,Bandelin,amtsangehörige Gemeinde,amtsangehörige Gemeinde,13075006,13075006,526,580,STATISTIKPORTAL_INTEGRATED_2023_T1,STATISTIKPORTAL_INTEGRATED_2024_T1,matching_original_identifier_and_class,not_certified_requires_population_and_entity_scope_audit,different_fiscal_unit_classes_cannot_be_summed,1845320.37,1749527.66,3508.21,3016.43,1460717.00,1396552.00,0.00,0.00,384603.37,352975.66
130755563040,13,municipality,Gribow,Gribow,amtsangehörige Gemeinde,amtsangehörige Gemeinde,13075040,13075040,140,137,STATISTIKPORTAL_INTEGRATED_2023_T1,STATISTIKPORTAL_INTEGRATED_2024_T1,matching_original_identifier_and_class,not_certified_requires_population_and_entity_scope_audit,different_fiscal_unit_classes_cannot_be_summed,1165393.16,1109654.96,8324.24,8099.67,169622.00,156309.00,0.00,0.00,995771.16,953345.96
130755563041,13,municipality,Groß Kiesow,Groß Kiesow,amtsangehörige Gemeinde,amtsangehörige Gemeinde,13075041,13075041,1286,1206,STATISTIKPORTAL_INTEGRATED_2023_T1,STATISTIKPORTAL_INTEGRATED_2024_T1,matching_original_identifier_and_class,not_certified_requires_population_and_entity_scope_audit,different_fiscal_unit_classes_cannot_be_summed,1831039.23,1743575.47,1423.83,1445.75,136797.00,128644.00,0.00,0.00,1694242.23,1614931.47
130755563043,13,municipality,Groß Polzin,Groß Polzin,amtsangehörige Gemeinde,amtsangehörige Gemeinde,13075043,13075043,395,360,STATISTIKPORTAL_INTEGRATED_2023_T1,STATISTIKPORTAL_INTEGRATED_2024_T1,matching_original_identifier_and_class,not_certified_requires_population_and_entity_scope_audit,different_fiscal_unit_classes_cannot_be_summed,731727.73,731832.74,1852.48,2032.87,470906.00,423134.00,0.00,0.00,260821.73,308698.74
130755563044,13,municipality,"Gützkow, Stadt","Gützkow, Stadt",amtsangehörige Gemeinde,amtsangehörige Gemeinde,13075044,13075044,2968,3036,STATISTIKPORTAL_INTEGRATED_2023_T1,STATISTIKPORTAL_INTEGRATED_2024_T1,matching_original_identifier_and_class,not_certified_requires_population_and_entity_scope_audit,different_fiscal_unit_classes_cannot_be_summed,4825140.13,4505586.38,1625.72,1484.05,2928021.00,2701607.00,0.00,0.00,1897119.13,1803979.38
130755563061,13,municipality,Klein Bünzow,Klein Bünzow,amtsangehörige Gemeinde,amtsangehörige Gemeinde,13075061,13075061,670,655,STATISTIKPORTAL_INTEGRATED_2023_T1,STATISTIKPORTAL_INTEGRATED_2024_T1,matching_original_identifier_and_class,not_certified_requires_population_and_entity_scope_audit,different_fiscal_unit_classes_cannot_be_summed,818430.73,833785.74,1221.54,1272.96,557609.00,525087.00,0.00,0.00,260821.73,308698.74
130755563094,13,municipality,Murchin,Murchin,amtsangehörige Gemeinde,amtsangehörige Gemeinde,13075094,13075094,779,810,STATISTIKPORTAL_INTEGRATED_2023_T1,STATISTIKPORTAL_INTEGRATED_2024_T1,matching_original_identifier_and_class,not_certified_requires_population_and_entity_scope_audit,different_fiscal_unit_classes_cannot_be_summed,529112.77,561712.83,679.22,693.47,267806.00,252597.00,0.00,0.00,261306.77,309115.83
130755563121,13,municipality,Rubkow,Rubkow,amtsangehörige Gemeinde,amtsangehörige Gemeinde,13075121,13075121,625,610,STATISTIKPORTAL_INTEGRATED_2023_T1,STATISTIKPORTAL_INTEGRATED_2024_T1,matching_original_identifier_and_class,not_certified_requires_population_and_entity_scope_audit,different_fiscal_unit_classes_cannot_be_summed,631443.02,654436.92,1010.31,1072.85,370031.00,345230.00,0.00,0.00,261412.02,309206.92
130755563125,13,municipality,Schmatzin,Schmatzin,amtsangehörige Gemeinde,amtsangehörige Gemeinde,13075125,13075125,289,276,STATISTIKPORTAL_INTEGRATED_2023_T1,STATISTIKPORTAL_INTEGRATED_2024_T1,matching_original_identifier_and_class,not_certified_requires_population_and_entity_scope_audit,different_fiscal_unit_classes_cannot_be_summed,397692.70,432221.62,1376.10,1566.02,136859.00,123512.00,0.00,0.00,260833.70,308709.62
130755563145,13,municipality,Wrangelsburg,Wrangelsburg,amtsangehörige Gemeinde,amtsangehörige Gemeinde,13075145,13075145,245,237,STATISTIKPORTAL_INTEGRATED_2023_T1,STATISTIKPORTAL_INTEGRATED_2024_T1,matching_original_identifier_and_class,not_certified_requires_population_and_entity_scope_audit,different_fiscal_unit_classes_cannot_be_summed,542213.61,513498.76,2213.12,2166.66,80664.00,76726.00,0.00,0.00,461549.61,436772.76
130755563150,13,municipality,Ziethen,Ziethen,amtsangehörige Gemeinde,amtsangehörige Gemeinde,13075150,13075150,442,413,STATISTIKPORTAL_INTEGRATED_2023_T1,STATISTIKPORTAL_INTEGRATED_2024_T1,matching_original_identifier_and_class,not_certified_requires_population_and_entity_scope_audit,different_fiscal_unit_classes_cannot_be_summed,1014900.70,995038.62,2296.16,2409.29,754067.00,686329.00,0.00,0.00,260833.70,308709.62
130755563154,13,municipality,Züssow,Züssow,amtsangehörige Gemeinde,amtsangehörige Gemeinde,13075154,13075154,1307,1252,STATISTIKPORTAL_INTEGRATED_2023_T1,STATISTIKPORTAL_INTEGRATED_2024_T1,matching_original_identifier_and_class,not_certified_requires_population_and_entity_scope_audit,different_fiscal_unit_classes_cannot_be_summed,2754285.69,2554731.32,2107.33,2040.52,126265.00,100232.00,0.00,0.00,2628020.69,2454499.32
130755563156,13,municipality,Karlsburg,Karlsburg,amtsangehörige Gemeinde,amtsangehörige Gemeinde,13075156,13075156,1852,1727,STATISTIKPORTAL_INTEGRATED_2023_T1,STATISTIKPORTAL_INTEGRATED_2024_T1,matching_original_identifier_and_class,not_certified_requires_population_and_entity_scope_audit,different_fiscal_unit_classes_cannot_be_summed,5223876.50,5028989.84,2820.67,2911.98,550723.00,535921.00,0.00,0.00,4673153.50,4493068.84
13076,13,county_administration,Landratsamt Ludwigslust-Parchim,Landratsamt Ludwigslust-Parchim,Landratsamt,Landratsamt,,,214073,208430,STATISTIKPORTAL_INTEGRATED_2023_T1,STATISTIKPORTAL_INTEGRATED_2024_T1,matching_original_identifier_and_class,not_certified_requires_population_and_entity_scope_audit,different_fiscal_unit_classes_cannot_be_summed,161542334.17,162595385.13,754.61,780.10,125099955.00,119823618.00,15596238.50,16974322.56,20846140.67,25797444.57
130760014014,13,municipality,"Boizenburg/Elbe, Stadt","Boizenburg/Elbe, Stadt",amtsfreie Gemeinde,amtsfreie Gemeinde,13076014,13076014,10833,11028,STATISTIKPORTAL_INTEGRATED_2023_T1,STATISTIKPORTAL_INTEGRATED_2024_T1,matching_original_identifier_and_class,not_certified_requires_population_and_entity_scope_audit,different_fiscal_unit_classes_cannot_be_summed,22289924.41,36037897.89,2057.59,3267.85,12189836.00,24705236.00,70000.00,91013.19,10030088.41,11241648.70
130760060060,13,municipality,"Hagenow, Stadt","Hagenow, Stadt",amtsfreie Gemeinde,amtsfreie Gemeinde,13076060,13076060,12426,12020,STATISTIKPORTAL_INTEGRATED_2023_T1,STATISTIKPORTAL_INTEGRATED_2024_T1,matching_original_identifier_and_class,not_certified_requires_population_and_entity_scope_audit,different_fiscal_unit_classes_cannot_be_summed,25679898.31,26685522.68,2066.63,2220.09,3768281.00,7586736.00,0.00,0.00,21911617.31,19098786.68
130760088088,13,municipality,"Lübtheen, Stadt","Lübtheen, Stadt",amtsfreie Gemeinde,amtsfreie Gemeinde,13076088,13076088,4711,4488,STATISTIKPORTAL_INTEGRATED_2023_T1,STATISTIKPORTAL_INTEGRATED_2024_T1,matching_original_identifier_and_class,not_certified_requires_population_and_entity_scope_audit,different_fiscal_unit_classes_cannot_be_summed,14749213.62,17561457.22,3130.80,3912.98,7410471.00,10054238.00,316960.35,359034.82,7021782.27,7148184.40
130760090090,13,municipality,"Ludwigslust, Stadt","Ludwigslust, Stadt",amtsfreie Gemeinde,amtsfreie Gemeinde,13076090,13076090,12329,12027,STATISTIKPORTAL_INTEGRATED_2023_T1,STATISTIKPORTAL_INTEGRATED_2024_T1,matching_original_identifier_and_class,not_certified_requires_population_and_entity_scope_audit,different_fiscal_unit_classes_cannot_be_summed,32218673.07,30983009.46,2613.24,2576.12,2588873.00,2180888.00,210362.50,210210.05,29419437.57,28591911.41
130760108108,13,municipality,"Parchim, Stadt","Parchim, Stadt",amtsfreie Gemeinde,amtsfreie Gemeinde,13076108,13076108,18265,18019,STATISTIKPORTAL_INTEGRATED_2023_T1,STATISTIKPORTAL_INTEGRATED_2024_T1,matching_original_identifier_and_class,not_certified_requires_population_and_entity_scope_audit,different_fiscal_unit_classes_cannot_be_summed,63813457.60,65860163.22,3493.76,3655.04,12947334.00,12811367.00,316321.31,358353.33,50549802.29,52690442.89
130765652,13,joint_administration,Amtsverwaltung Boizenburg-Land,Amtsverwaltung Boizenburg-Land,Amtsverwaltung,Amtsverwaltung,,,7501,6662,STATISTIKPORTAL_INTEGRATED_2023_T1,STATISTIKPORTAL_INTEGRATED_2024_T1,matching_original_identifier_and_class,not_certified_requires_population_and_entity_scope_audit,different_fiscal_unit_classes_cannot_be_summed,0.00,0.00,0.00,0.00,0.00,0.00,0.00,0.00,0.00,0.00
130765652009,13,municipality,Bengerstorf,Bengerstorf,amtsangehörige Gemeinde,amtsangehörige Gemeinde,13076009,13076009,544,491,STATISTIKPORTAL_INTEGRATED_2023_T1,STATISTIKPORTAL_INTEGRATED_2024_T1,matching_original_identifier_and_class,not_certified_requires_population_and_entity_scope_audit,different_fiscal_unit_classes_cannot_be_summed,1829707.21,2139670.38,3363.43,4357.78,48985.00,36770.00,316321.31,337340.14,1464400.90,1765560.24
130765652010,13,municipality,Besitz,Besitz,amtsangehörige Gemeinde,amtsangehörige Gemeinde,13076010,13076010,457,437,STATISTIKPORTAL_INTEGRATED_2023_T1,STATISTIKPORTAL_INTEGRATED_2024_T1,matching_original_identifier_and_class,not_certified_requires_population_and_entity_scope_audit,different_fiscal_unit_classes_cannot_be_summed,0.00,0.00,0.00,0.00,0.00,0.00,0.00,0.00,0.00,0.00
130765652016,13,municipality,Brahlstorf,Brahlstorf,amtsangehörige Gemeinde,amtsangehörige Gemeinde,13076016,13076016,704,677,STATISTIKPORTAL_INTEGRATED_2023_T1,STATISTIKPORTAL_INTEGRATED_2024_T1,matching_original_identifier_and_class,not_certified_requires_population_and_entity_scope_audit,different_fiscal_unit_classes_cannot_be_summed,1780722.21,2102900.38,2529.43,3106.20,0.00,0.00,316321.31,337340.14,1464400.90,1765560.24
130765652030,13,municipality,Dersenow,Dersenow,amtsangehörige Gemeinde,amtsangehörige Gemeinde,13076030,13076030,491,452,STATISTIKPORTAL_INTEGRATED_2023_T1,STATISTIKPORTAL_INTEGRATED_2024_T1,matching_original_identifier_and_class,not_certified_requires_population_and_entity_scope_audit,different_fiscal_unit_classes_cannot_be_summed,84694.00,77444.00,172.49,171.34,84694.00,77444.00,0.00,0.00,0.00,0.00
130765652054,13,municipality,Gresse,Gresse,amtsangehörige Gemeinde,amtsangehörige Gemeinde,13076054,13076054,721,606,STATISTIKPORTAL_INTEGRATED_2023_T1,STATISTIKPORTAL_INTEGRATED_2024_T1,matching_original_identifier_and_class,not_certified_requires_population_and_entity_scope_audit,different_fiscal_unit_classes_cannot_be_summed,2250514.21,2556990.38,3121.38,4219.46,443319.00,434150.00,342794.31,357280.14,1464400.90,1765560.24
130765652055,13,municipality,Greven,Greven,amtsangehörige Gemeinde,amtsangehörige Gemeinde,13076055,13076055,727,810,STATISTIKPORTAL_INTEGRATED_2023_T1,STATISTIKPORTAL_INTEGRATED_2024_T1,matching_original_identifier_and_class,not_certified_requires_population_and_entity_scope_audit,different_fiscal_unit_classes_cannot_be_summed,26473.00,19940.00,36.41,24.62,0.00,0.00,26473.00,19940.00,0.00,0.00
130765652102,13,municipality,Neu Gülze,Neu Gülze,amtsangehörige Gemeinde,amtsangehörige Gemeinde,13076102,13076102,822,811,STATISTIKPORTAL_INTEGRATED_2023_T1,STATISTIKPORTAL_INTEGRATED_2024_T1,matching_original_identifier_and_class,not_certified_requires_population_and_entity_scope_audit,different_fiscal_unit_classes_cannot_be_summed,2322318.21,2607581.38,2825.20,3215.27,537092.00,504681.00,316321.31,337340.14,1468904.90,1765560.24
130765652106,13,municipality,Nostorf,Nostorf,amtsangehörige Gemeinde,amtsangehörige Gemeinde,13076106,13076106,1008,654,STATISTIKPORTAL_INTEGRATED_2023_T1,STATISTIKPORTAL_INTEGRATED_2024_T1,matching_original_identifier_and_class,not_certified_requires_population_and_entity_scope_audit,different_fiscal_unit_classes_cannot_be_summed,1780722.21,2102900.38,1766.59,3215.44,0.00,0.00,316321.31,337340.14,1464400.90,1765560.24
130765652122,13,municipality,Schwanheide,Schwanheide,amtsangehörige Gemeinde,amtsangehörige Gemeinde,13076122,13076122,730,694,STATISTIKPORTAL_INTEGRATED_2023_T1,STATISTIKPORTAL_INTEGRATED_2024_T1,matching_original_identifier_and_class,not_certified_requires_population_and_entity_scope_audit,different_fiscal_unit_classes_cannot_be_summed,1807195.21,2122840.38,2475.61,3058.85,0.00,0.00,342794.31,357280.14,1464400.90,1765560.24
130765652136,13,municipality,Teldau,Teldau,amtsangehörige Gemeinde,amtsangehörige Gemeinde,13076136,13076136,896,662,STATISTIKPORTAL_INTEGRATED_2023_T1,STATISTIKPORTAL_INTEGRATED_2024_T1,matching_original_identifier_and_class,not_certified_requires_population_and_entity_scope_audit,different_fiscal_unit_classes_cannot_be_summed,0.00,0.00,0.00,0.00,0.00,0.00,0.00,0.00,0.00,0.00
130765652138,13,municipality,Tessin b. Boizenburg,Tessin b. Boizenburg,amtsangehörige Gemeinde,amtsangehörige Gemeinde,13076138,13076138,401,368,STATISTIKPORTAL_INTEGRATED_2023_T1,STATISTIKPORTAL_INTEGRATED_2024_T1,matching_original_identifier_and_class,not_certified_requires_population_and_entity_scope_audit,different_fiscal_unit_classes_cannot_be_summed,1782284.21,2102900.38,4444.60,5714.40,1562.00,0.00,316321.31,337340.14,1464400.90,1765560.24
130765654,13,joint_administration,Amtsverwaltung Dömitz-Malliß,Amtsverwaltung Dömitz-Malliß,Amtsverwaltung,Amtsverwaltung,,,8379,8305,STATISTIKPORTAL_INTEGRATED_2023_T1,STATISTIKPORTAL_INTEGRATED_2024_T1,matching_original_identifier_and_class,not_certified_requires_population_and_entity_scope_audit,different_fiscal_unit_classes_cannot_be_summed,514868.00,471707.00,61.45,56.80,514868.00,471707.00,0.00,0.00,0.00,0.00
130765654034,13,municipality,"Dömitz, Stadt","Dömitz, Stadt",amtsangehörige Gemeinde,amtsangehörige Gemeinde,13076034,13076034,2969,2879,STATISTIKPORTAL_INTEGRATED_2023_T1,STATISTIKPORTAL_INTEGRATED_2024_T1,matching_original_identifier_and_class,not_certified_requires_population_and_entity_scope_audit,different_fiscal_unit_classes_cannot_be_summed,6140072.16,5976423.33,2068.06,2075.87,2286443.00,2144776.00,316321.31,337340.14,3537307.85,3494307.19
130765654053,13,municipality,Grebs-Niendorf,Grebs-Niendorf,amtsangehörige Gemeinde,amtsangehörige Gemeinde,13076053,13076053,547,540,STATISTIKPORTAL_INTEGRATED_2023_T1,STATISTIKPORTAL_INTEGRATED_2024_T1,matching_original_identifier_and_class,not_certified_requires_population_and_entity_scope_audit,different_fiscal_unit_classes_cannot_be_summed,3117072.59,3282448.99,5698.49,6078.61,645690.00,603557.00,316321.31,337340.14,2155061.28,2341551.85
130765654067,13,municipality,Karenz,Karenz,amtsangehörige Gemeinde,amtsangehörige Gemeinde,13076067,13076067,233,225,STATISTIKPORTAL_INTEGRATED_2023_T1,STATISTIKPORTAL_INTEGRATED_2024_T1,matching_original_identifier_and_class,not_certified_requires_population_and_entity_scope_audit,different_fiscal_unit_classes_cannot_be_summed,2326521.85,2578597.21,9985.07,11460.43,200238.00,187508.00,316321.31,337340.14,1809962.54,2053749.07
130765654093,13,municipality,Malk Göhren,Malk Göhren,amtsangehörige Gemeinde,amtsangehörige Gemeinde,13076093,13076093,405,415,STATISTIKPORTAL_INTEGRATED_2023_T1,STATISTIKPORTAL_INTEGRATED_2024_T1,matching_original_identifier_and_class,not_certified_requires_population_and_entity_scope_audit,different_fiscal_unit_classes_cannot_be_summed,2687897.85,2914956.21,6636.78,7023.99,561614.00,523867.00,316321.31,337340.14,1809962.54,2053749.07
130765654094,13,municipality,Malliß,Malliß,amtsangehörige Gemeinde,amtsangehörige Gemeinde,13076094,13076094,1066,1110,STATISTIKPORTAL_INTEGRATED_2023_T1,STATISTIKPORTAL_INTEGRATED_2024_T1,matching_original_identifier_and_class,not_certified_requires_population_and_entity_scope_audit,different_fiscal_unit_classes_cannot_be_summed,4504716.68,4589289.85,4225.81,4134.50,1687541.00,1622016.00,316321.31,337340.14,2500854.37,2629933.71
130765654103,13,municipality,Neu Kaliß,Neu Kaliß,amtsangehörige Gemeinde,amtsangehörige Gemeinde,13076103,13076103,1904,1860,STATISTIKPORTAL_INTEGRATED_2023_T1,STATISTIKPORTAL_INTEGRATED_2024_T1,matching_original_identifier_and_class,not_certified_requires_population_and_entity_scope_audit,different_fiscal_unit_classes_cannot_be_summed,4994908.87,4986063.66,2623.38,2680.68,1832403.00,1730794.00,316321.31,337340.14,2846184.56,2917929.52
130765654143,13,municipality,Vielank,Vielank,amtsangehörige Gemeinde,amtsangehörige Gemeinde,13076143,13076143,1255,1276,STATISTIKPORTAL_INTEGRATED_2023_T1,STATISTIKPORTAL_INTEGRATED_2024_T1,matching_original_identifier_and_class,not_certified_requires_population_and_entity_scope_audit,different_fiscal_unit_classes_cannot_be_summed,3889452.68,4345257.85,3099.17,3405.37,1072277.00,1377984.00,316321.31,337340.14,2500854.37,2629933.71
130765655,13,joint_administration,Amtsverwaltung Eldenburg Lübz,Amtsverwaltung Eldenburg Lübz,Amtsverwaltung,Amtsverwaltung,,,12118,11580,STATISTIKPORTAL_INTEGRATED_2023_T1,STATISTIKPORTAL_INTEGRATED_2024_T1,matching_original_identifier_and_class,not_certified_requires_population_and_entity_scope_audit,different_fiscal_unit_classes_cannot_be_summed,1200000.00,1200000.00,99.03,103.63,1200000.00,1200000.00,0.00,0.00,0.00,0.00
130765655040,13,municipality,Gallin-Kuppentin,Gallin-Kuppentin,amtsangehörige Gemeinde,amtsangehörige Gemeinde,13076040,13076040,443,437,STATISTIKPORTAL_INTEGRATED_2023_T1,STATISTIKPORTAL_INTEGRATED_2024_T1,matching_original_identifier_and_class,not_certified_requires_population_and_entity_scope_audit,different_fiscal_unit_classes_cannot_be_summed,2200353.46,2542060.02,4966.94,5817.07,0.00,0.00,316321.31,337340.14,1884032.15,2204719.88
130765655051,13,municipality,Granzin,Granzin,amtsangehörige Gemeinde,amtsangehörige Gemeinde,13076051,13076051,367,356,STATISTIKPORTAL_INTEGRATED_2023_T1,STATISTIKPORTAL_INTEGRATED_2024_T1,matching_original_identifier_and_class,not_certified_requires_population_and_entity_scope_audit,different_fiscal_unit_classes_cannot_be_summed,2262786.74,2577956.80,6165.63,7241.45,55124.00,28891.00,316321.31,337340.14,1891341.43,2211725.66
130765655075,13,municipality,Kreien,Kreien,amtsangehörige Gemeinde,amtsangehörige Gemeinde,13076075,13076075,346,343,STATISTIKPORTAL_INTEGRATED_2023_T1,STATISTIKPORTAL_INTEGRATED_2024_T1,matching_original_identifier_and_class,not_certified_requires_population_and_entity_scope_audit,different_fiscal_unit_classes_cannot_be_summed,2200353.46,2542060.02,6359.40,7411.25,0.00,0.00,316321.31,337340.14,1884032.15,2204719.88
130765655077,13,municipality,Kritzow,Kritzow,amtsangehörige Gemeinde,amtsangehörige Gemeinde,13076077,13076077,471,459,STATISTIKPORTAL_INTEGRATED_2023_T1,STATISTIKPORTAL_INTEGRATED_2024_T1,matching_original_identifier_and_class,not_certified_requires_population_and_entity_scope_audit,different_fiscal_unit_classes_cannot_be_summed,2209913.46,2695253.02,4691.96,5872.01,9560.00,153193.00,316321.31,337340.14,1884032.15,2204719.88
130765655089,13,municipality,"Lübz, Stadt","Lübz, Stadt",amtsangehörige Gemeinde,amtsangehörige Gemeinde,13076089,13076089,6206,5919,STATISTIKPORTAL_INTEGRATED_2023_T1,STATISTIKPORTAL_INTEGRATED_2024_T1,matching_original_identifier_and_class,not_certified_requires_population_and_entity_scope_audit,different_fiscal_unit_classes_cannot_be_summed,10617755.34,10640282.60,1710.89,1797.65,1690100.00,1455785.00,316321.31,358353.33,8611334.03,8826144.27
130765655109,13,municipality,Passow,Passow,amtsangehörige Gemeinde,amtsangehörige Gemeinde,13076109,13076109,686,688,STATISTIKPORTAL_INTEGRATED_2023_T1,STATISTIKPORTAL_INTEGRATED_2024_T1,matching_original_identifier_and_class,not_certified_requires_population_and_entity_scope_audit,different_fiscal_unit_classes_cannot_be_summed,441047.25,456368.64,642.93,663.33,21416.00,17209.00,0.00,0.00,419631.25,439159.64
130765655125,13,municipality,Siggelkow,Siggelkow,amtsangehörige Gemeinde,amtsangehörige Gemeinde,13076125,13076125,841,833,STATISTIKPORTAL_INTEGRATED_2023_T1,STATISTIKPORTAL_INTEGRATED_2024_T1,matching_original_identifier_and_class,not_certified_requires_population_and_entity_scope_audit,different_fiscal_unit_classes_cannot_be_summed,2213230.80,2554402.66,2631.67,3066.51,0.00,0.00,316321.31,337340.14,1896909.49,2217062.52
130765655151,13,municipality,Werder,Werder,amtsangehörige Gemeinde,amtsangehörige Gemeinde,13076151,13076151,337,311,STATISTIKPORTAL_INTEGRATED_2023_T1,STATISTIKPORTAL_INTEGRATED_2024_T1,matching_original_identifier_and_class,not_certified_requires_population_and_entity_scope_audit,different_fiscal_unit_classes_cannot_be_summed,2202094.68,2543728.94,6534.41,8179.19,0.00,0.00,316321.31,337340.14,1885773.37,2206388.80
130765655165,13,municipality,Gehlsbach,Gehlsbach,amtsangehörige Gemeinde,amtsangehörige Gemeinde,13076165,13076165,562,511,STATISTIKPORTAL_INTEGRATED_2023_T1,STATISTIKPORTAL_INTEGRATED_2024_T1,matching_original_identifier_and_class,not_certified_requires_population_and_entity_scope_audit,different_fiscal_unit_classes_cannot_be_summed,2289047.46,2607729.02,4073.04,5103.19,88694.00,65669.00,316321.31,337340.14,1884032.15,2204719.88
130765655168,13,municipality,Ruhner Berge,Ruhner Berge,amtsangehörige Gemeinde,amtsangehörige Gemeinde,13076168,13076168,1859,1723,STATISTIKPORTAL_INTEGRATED_2023_T1,STATISTIKPORTAL_INTEGRATED_2024_T1,matching_original_identifier_and_class,not_certified_requires_population_and_entity_scope_audit,different_fiscal_unit_classes_cannot_be_summed,2722387.10,3070350.72,1464.44,1781.98,69506.00,57584.00,316321.31,337340.14,2336559.79,2675426.58
130765656,13,joint_administration,Amtsverwaltung Goldberg-Mildenitz,Amtsverwaltung Goldberg-Mildenitz,Amtsverwaltung,Amtsverwaltung,,,6373,6221,STATISTIKPORTAL_INTEGRATED_2023_T1,STATISTIKPORTAL_INTEGRATED_2024_T1,matching_original_identifier_and_class,not_certified_requires_population_and_entity_scope_audit,different_fiscal_unit_classes_cannot_be_summed,0.00,0.00,0.00,0.00,0.00,0.00,0.00,0.00,0.00,0.00
130765656032,13,municipality,Dobbertin,Dobbertin,amtsangehörige Gemeinde,amtsangehörige Gemeinde,13076032,13076032,1067,1048,STATISTIKPORTAL_INTEGRATED_2023_T1,STATISTIKPORTAL_INTEGRATED_2024_T1,matching_original_identifier_and_class,not_certified_requires_population_and_entity_scope_audit,different_fiscal_unit_classes_cannot_be_summed,6036266.65,6104184.42,5657.23,5824.60,3159227.00,2958271.00,316321.31,337340.14,2560718.34,2808573.28
130765656048,13,municipality,"Goldberg, Stadt","Goldberg, Stadt",amtsangehörige Gemeinde,amtsangehörige Gemeinde,13076048,13076048,3366,3250,STATISTIKPORTAL_INTEGRATED_2023_T1,STATISTIKPORTAL_INTEGRATED_2024_T1,matching_original_identifier_and_class,not_certified_requires_population_and_entity_scope_audit,different_fiscal_unit_classes_cannot_be_summed,13669557.41,15437493.55,4061.07,4750.00,4631021.00,4358393.00,316321.31,337340.14,8722215.10,10741760.41
130765656096,13,municipality,Mestlin,Mestlin,amtsangehörige Gemeinde,amtsangehörige Gemeinde,13076096,13076096,780,760,STATISTIKPORTAL_INTEGRATED_2023_T1,STATISTIKPORTAL_INTEGRATED_2024_T1,matching_original_identifier_and_class,not_certified_requires_population_and_entity_scope_audit,different_fiscal_unit_classes_cannot_be_summed,1131380.23,983627.74,1450.49,1294.25,280738.00,264908.00,0.00,0.00,850642.23,718719.74
130765656104,13,municipality,Neu Poserin,Neu Poserin,amtsangehörige Gemeinde,amtsangehörige Gemeinde,13076104,13076104,483,499,STATISTIKPORTAL_INTEGRATED_2023_T1,STATISTIKPORTAL_INTEGRATED_2024_T1,matching_original_identifier_and_class,not_certified_requires_population_and_entity_scope_audit,different_fiscal_unit_classes_cannot_be_summed,2804366.93,3000233.99,5806.14,6012.49,431130.00,347460.00,316321.31,337340.14,2056915.62,2315433.85
130765656135,13,municipality,Techentin,Techentin,amtsangehörige Gemeinde,amtsangehörige Gemeinde,13076135,13076135,677,664,STATISTIKPORTAL_INTEGRATED_2023_T1,STATISTIKPORTAL_INTEGRATED_2024_T1,matching_original_identifier_and_class,not_certified_requires_population_and_entity_scope_audit,different_fiscal_unit_classes_cannot_be_summed,2316020.64,2590264.15,3421.01,3901.00,87751.00,28777.00,316321.31,337340.14,1911948.33,2224147.01
130765657,13,joint_administration,Amtsverwaltung Grabow,Amtsverwaltung Grabow,Amtsverwaltung,Amtsverwaltung,,,10811,10705,STATISTIKPORTAL_INTEGRATED_2023_T1,STATISTIKPORTAL_INTEGRATED_2024_T1,matching_original_identifier_and_class,not_certified_requires_population_and_entity_scope_audit,different_fiscal_unit_classes_cannot_be_summed,0.00,0.00,0.00,0.00,0.00,0.00,0.00,0.00,0.00,0.00
130765657003,13,municipality,Balow,Balow,amtsangehörige Gemeinde,amtsangehörige Gemeinde,13076003,13076003,305,314,STATISTIKPORTAL_INTEGRATED_2023_T1,STATISTIKPORTAL_INTEGRATED_2024_T1,matching_original_identifier_and_class,not_certified_requires_population_and_entity_scope_audit,different_fiscal_unit_classes_cannot_be_summed,2809911.10,3049267.56,9212.82,9711.04,679102.00,653841.00,316321.31,337340.14,1814487.79,2058086.42
130765657021,13,municipality,Brunow,Brunow,amtsangehörige Gemeinde,amtsangehörige Gemeinde,13076021,13076021,305,299,STATISTIKPORTAL_INTEGRATED_2023_T1,STATISTIKPORTAL_INTEGRATED_2024_T1,matching_original_identifier_and_class,not_certified_requires_population_and_entity_scope_audit,different_fiscal_unit_classes_cannot_be_summed,376136.19,391780.81,1233.23,1310.30,0.00,0.00,0.00,0.00,376136.19,391780.81
130765657027,13,municipality,Dambeck,Dambeck,amtsangehörige Gemeinde,amtsangehörige Gemeinde,13076027,13076027,284,279,STATISTIKPORTAL_INTEGRATED_2023_T1,STATISTIKPORTAL_INTEGRATED_2024_T1,matching_original_identifier_and_class,not_certified_requires_population_and_entity_scope_audit,different_fiscal_unit_classes_cannot_be_summed,2384383.92,2635987.18,8395.72,9447.98,251836.00,238894.00,316321.31,337340.14,1816226.61,2059753.04
130765657037,13,municipality,Eldena,Eldena,amtsangehörige Gemeinde,amtsangehörige Gemeinde,13076037,13076037,1138,1152,STATISTIKPORTAL_INTEGRATED_2023_T1,STATISTIKPORTAL_INTEGRATED_2024_T1,matching_original_identifier_and_class,not_certified_requires_population_and_entity_scope_audit,different_fiscal_unit_classes_cannot_be_summed,3184993.68,3295000.85,2798.76,2860.24,367818.00,327727.00,316321.31,337340.14,2500854.37,2629933.71
130765657049,13,municipality,Gorlosen,Gorlosen,amtsangehörige Gemeinde,amtsangehörige Gemeinde,13076049,13076049,457,446,STATISTIKPORTAL_INTEGRATED_2023_T1,STATISTIKPORTAL_INTEGRATED_2024_T1,matching_original_identifier_and_class,not_certified_requires_population_and_entity_scope_audit,different_fiscal_unit_classes_cannot_be_summed,2186205.85,2448197.21,4783.82,5489.23,59922.00,57108.00,316321.31,337340.14,1809962.54,2053749.07
130765657050,13,municipality,"Grabow, Stadt","Grabow, Stadt",amtsangehörige Gemeinde,amtsangehörige Gemeinde,13076050,13076050,5590,5416,STATISTIKPORTAL_INTEGRATED_2023_T1,STATISTIKPORTAL_INTEGRATED_2024_T1,matching_original_identifier_and_class,not_certified_requires_population_and_entity_scope_audit,different_fiscal_unit_classes_cannot_be_summed,20740937.84,20051774.60,3710.36,3702.32,7473365.00,7249084.00,317688.46,464899.10,12949884.38,12337791.50
130765657069,13,municipality,Karstädt,Karstädt,amtsangehörige Gemeinde,amtsangehörige Gemeinde,13076069,13076069,584,609,STATISTIKPORTAL_INTEGRATED_2023_T1,STATISTIKPORTAL_INTEGRATED_2024_T1,matching_original_identifier_and_class,not_certified_requires_population_and_entity_scope_audit,different_fiscal_unit_classes_cannot_be_summed,2791732.59,2987563.99,4780.36,4905.69,320350.00,308672.00,316321.31,337340.14,2155061.28,2341551.85
130765657076,13,municipality,Kremmin,Kremmin,amtsangehörige Gemeinde,amtsangehörige Gemeinde,13076076,13076076,243,252,STATISTIKPORTAL_INTEGRATED_2023_T1,STATISTIKPORTAL_INTEGRATED_2024_T1,matching_original_identifier_and_class,not_certified_requires_population_and_entity_scope_audit,different_fiscal_unit_classes_cannot_be_summed,2234943.85,2494359.21,9197.30,9898.25,108660.00,103270.00,316321.31,337340.14,1809962.54,2053749.07
130765657097,13,municipality,Milow,Milow,amtsangehörige Gemeinde,amtsangehörige Gemeinde,13076097,13076097,370,367,STATISTIKPORTAL_INTEGRATED_2023_T1,STATISTIKPORTAL_INTEGRATED_2024_T1,matching_original_identifier_and_class,not_certified_requires_population_and_entity_scope_audit,different_fiscal_unit_classes_cannot_be_summed,2254248.85,2515644.21,6092.56,6854.62,127965.00,124555.00,316321.31,337340.14,1809962.54,2053749.07
130765657098,13,municipality,Möllenbeck,Möllenbeck,amtsangehörige Gemeinde,amtsangehörige Gemeinde,13076098,13076098,184,192,STATISTIKPORTAL_INTEGRATED_2023_T1,STATISTIKPORTAL_INTEGRATED_2024_T1,matching_original_identifier_and_class,not_certified_requires_population_and_entity_scope_audit,different_fiscal_unit_classes_cannot_be_summed,2293543.92,2553196.28,12464.91,13297.90,160300.00,155436.00,316321.31,337340.14,1816922.61,2060420.14
130765657100,13,municipality,Muchow,Muchow,amtsangehörige Gemeinde,amtsangehörige Gemeinde,13076100,13076100,275,282,STATISTIKPORTAL_INTEGRATED_2023_T1,STATISTIKPORTAL_INTEGRATED_2024_T1,matching_original_identifier_and_class,not_certified_requires_population_and_entity_scope_audit,different_fiscal_unit_classes_cannot_be_summed,2191149.89,2450614.75,7967.82,8690.12,61386.00,56190.00,316321.31,337340.14,1813442.58,2057084.61
130765657115,13,municipality,Prislich,Prislich,amtsangehörige Gemeinde,amtsangehörige Gemeinde,13076115,13076115,698,704,STATISTIKPORTAL_INTEGRATED_2023_T1,STATISTIKPORTAL_INTEGRATED_2024_T1,matching_original_identifier_and_class,not_certified_requires_population_and_entity_scope_audit,different_fiscal_unit_classes_cannot_be_summed,3303718.13,3432874.13,4733.12,4876.24,453688.00,437306.00,316321.31,337340.14,2533708.82,2658227.99
130765657161,13,municipality,Zierzow,Zierzow,amtsangehörige Gemeinde,amtsangehörige Gemeinde,13076161,13076161,378,393,STATISTIKPORTAL_INTEGRATED_2023_T1,STATISTIKPORTAL_INTEGRATED_2024_T1,matching_original_identifier_and_class,not_certified_requires_population_and_entity_scope_audit,different_fiscal_unit_classes_cannot_be_summed,2528008.59,2774066.24,6687.85,7058.69,399083.00,380641.00,316321.31,337340.14,1812604.28,2056085.10
130765658,13,joint_administration,Amtsverwaltung Hagenow-Land,Amtsverwaltung Hagenow-Land,Amtsverwaltung,Amtsverwaltung,,,8607,8506,STATISTIKPORTAL_INTEGRATED_2023_T1,STATISTIKPORTAL_INTEGRATED_2024_T1,matching_original_identifier_and_class,not_certified_requires_population_and_entity_scope_audit,different_fiscal_unit_classes_cannot_be_summed,0.00,0.00,0.00,0.00,0.00,0.00,0.00,0.00,0.00,0.00
130765658002,13,municipality,Alt Zachun,Alt Zachun,amtsangehörige Gemeinde,amtsangehörige Gemeinde,13076002,13076002,357,357,STATISTIKPORTAL_INTEGRATED_2023_T1,STATISTIKPORTAL_INTEGRATED_2024_T1,matching_original_identifier_and_class,not_certified_requires_population_and_entity_scope_audit,different_fiscal_unit_classes_cannot_be_summed,2858155.30,3078502.11,8006.04,8623.26,944919.00,861484.00,316321.31,337340.14,1596914.99,1879677.97
130765658004,13,municipality,Bandenitz,Bandenitz,amtsangehörige Gemeinde,amtsangehörige Gemeinde,13076004,13076004,525,528,STATISTIKPORTAL_INTEGRATED_2023_T1,STATISTIKPORTAL_INTEGRATED_2024_T1,matching_original_identifier_and_class,not_certified_requires_population_and_entity_scope_audit,different_fiscal_unit_classes_cannot_be_summed,3136878.34,3353721.52,5975.01,6351.75,1228248.00,1135184.00,316321.31,337340.14,1592309.03,1881197.38
130765658008,13,municipality,Belsch,Belsch,amtsangehörige Gemeinde,amtsangehörige Gemeinde,13076008,13076008,223,214,STATISTIKPORTAL_INTEGRATED_2023_T1,STATISTIKPORTAL_INTEGRATED_2024_T1,matching_original_identifier_and_class,not_certified_requires_population_and_entity_scope_audit,different_fiscal_unit_classes_cannot_be_summed,1889425.40,2201998.72,8472.76,10289.71,0.00,0.00,316321.31,337340.14,1573104.09,1864658.58
130765658013,13,municipality,Bobzin,Bobzin,amtsangehörige Gemeinde,amtsangehörige Gemeinde,13076013,13076013,257,252,STATISTIKPORTAL_INTEGRATED_2023_T1,STATISTIKPORTAL_INTEGRATED_2024_T1,matching_original_identifier_and_class,not_certified_requires_population_and_entity_scope_audit,different_fiscal_unit_classes_cannot_be_summed,1896784.16,2207200.63,7380.48,8758.73,0.00,0.00,316321.31,337340.14,1580462.85,1869860.49
130765658019,13,municipality,Bresegard bei Picher,Bresegard bei Picher,amtsangehörige Gemeinde,amtsangehörige Gemeinde,13076019,13076019,281,280,STATISTIKPORTAL_INTEGRATED_2023_T1,STATISTIKPORTAL_INTEGRATED_2024_T1,matching_original_identifier_and_class,not_certified_requires_population_and_entity_scope_audit,different_fiscal_unit_classes_cannot_be_summed,1941278.74,2246653.49,6908.47,8023.76,0.00,0.00,316321.31,337340.14,1624957.43,1909313.35
130765658041,13,municipality,Gammelin,Gammelin,amtsangehörige Gemeinde,amtsangehörige Gemeinde,13076041,13076041,478,482,STATISTIKPORTAL_INTEGRATED_2023_T1,STATISTIKPORTAL_INTEGRATED_2024_T1,matching_original_identifier_and_class,not_certified_requires_population_and_entity_scope_audit,different_fiscal_unit_classes_cannot_be_summed,1889425.40,2201998.72,3952.77,4568.46,0.00,0.00,316321.31,337340.14,1573104.09,1864658.58
130765658057,13,municipality,Groß Krams,Groß Krams,amtsangehörige Gemeinde,amtsangehörige Gemeinde,13076057,13076057,179,171,STATISTIKPORTAL_INTEGRATED_2023_T1,STATISTIKPORTAL_INTEGRATED_2024_T1,matching_original_identifier_and_class,not_certified_requires_population_and_entity_scope_audit,different_fiscal_unit_classes_cannot_be_summed,1897107.38,2208614.24,10598.37,12915.87,0.00,0.00,316321.31,337340.14,1580786.07,1871274.10
130765658064,13,municipality,Hoort,Hoort,amtsangehörige Gemeinde,amtsangehörige Gemeinde,13076064,13076064,601,562,STATISTIKPORTAL_INTEGRATED_2023_T1,STATISTIKPORTAL_INTEGRATED_2024_T1,matching_original_identifier_and_class,not_certified_requires_population_and_entity_scope_audit,different_fiscal_unit_classes_cannot_be_summed,4065431.68,4205473.32,6764.45,7483.05,2043661.00,1886433.00,316321.31,337340.14,1705449.37,1981700.18
130765658065,13,municipality,Hülseburg,Hülseburg,amtsangehörige Gemeinde,amtsangehörige Gemeinde,13076065,13076065,160,154,STATISTIKPORTAL_INTEGRATED_2023_T1,STATISTIKPORTAL_INTEGRATED_2024_T1,matching_original_identifier_and_class,not_certified_requires_population_and_entity_scope_audit,different_fiscal_unit_classes_cannot_be_summed,1889425.40,2201998.72,11808.91,14298.69,0.00,0.00,316321.31,337340.14,1573104.09,1864658.58
130765658070,13,municipality,Kirch Jesar,Kirch Jesar,amtsangehörige Gemeinde,amtsangehörige Gemeinde,13076070,13076070,647,659,STATISTIKPORTAL_INTEGRATED_2023_T1,STATISTIKPORTAL_INTEGRATED_2024_T1,matching_original_identifier_and_class,not_certified_requires_population_and_entity_scope_audit,different_fiscal_unit_classes_cannot_be_summed,2101723.94,2381001.38,3248.41,3613.05,62500.00,50000.00,316321.31,337340.14,1722902.63,1993661.24
130765658079,13,municipality,Kuhstorf,Kuhstorf,amtsangehörige Gemeinde,amtsangehörige Gemeinde,13076079,13076079,724,699,STATISTIKPORTAL_INTEGRATED_2023_T1,STATISTIKPORTAL_INTEGRATED_2024_T1,matching_original_identifier_and_class,not_certified_requires_population_and_entity_scope_audit,different_fiscal_unit_classes_cannot_be_summed,859183.94,798989.82,1186.72,1143.05,499661.00,478406.00,0.00,0.00,359522.94,320583.82
130765658099,13,municipality,Moraas,Moraas,amtsangehörige Gemeinde,amtsangehörige Gemeinde,13076099,13076099,474,481,STATISTIKPORTAL_INTEGRATED_2023_T1,STATISTIKPORTAL_INTEGRATED_2024_T1,matching_original_identifier_and_class,not_certified_requires_population_and_entity_scope_audit,different_fiscal_unit_classes_cannot_be_summed,2031541.96,2324385.85,4285.95,4832.40,0.00,0.00,316321.31,337340.14,1715220.65,1987045.71
130765658110,13,municipality,Pätow-Steegen,Pätow-Steegen,amtsangehörige Gemeinde,amtsangehörige Gemeinde,13076110,13076110,407,411,STATISTIKPORTAL_INTEGRATED_2023_T1,STATISTIKPORTAL_INTEGRATED_2024_T1,matching_original_identifier_and_class,not_certified_requires_population_and_entity_scope_audit,different_fiscal_unit_classes_cannot_be_summed,1889425.40,2201998.72,4642.32,5357.66,0.00,0.00,316321.31,337340.14,1573104.09,1864658.58
130765658111,13,municipality,Picher,Picher,amtsangehörige Gemeinde,amtsangehörige Gemeinde,13076111,13076111,615,630,STATISTIKPORTAL_INTEGRATED_2023_T1,STATISTIKPORTAL_INTEGRATED_2024_T1,matching_original_identifier_and_class,not_certified_requires_population_and_entity_scope_audit,different_fiscal_unit_classes_cannot_be_summed,2204746.03,2462281.42,3584.95,3908.38,39925.00,28605.00,316321.31,337340.14,1848499.72,2096336.28
130765658116,13,municipality,Pritzier,Pritzier,amtsangehörige Gemeinde,amtsangehörige Gemeinde,13076116,13076116,457,433,STATISTIKPORTAL_INTEGRATED_2023_T1,STATISTIKPORTAL_INTEGRATED_2024_T1,matching_original_identifier_and_class,not_certified_requires_population_and_entity_scope_audit,different_fiscal_unit_classes_cannot_be_summed,1971571.40,2267271.72,4314.16,5236.19,82146.00,65273.00,316321.31,337340.14,1573104.09,1864658.58
130765658119,13,municipality,Redefin,Redefin,amtsangehörige Gemeinde,amtsangehörige Gemeinde,13076119,13076119,552,526,STATISTIKPORTAL_INTEGRATED_2023_T1,STATISTIKPORTAL_INTEGRATED_2024_T1,matching_original_identifier_and_class,not_certified_requires_population_and_entity_scope_audit,different_fiscal_unit_classes_cannot_be_summed,2273524.22,2532774.76,4118.70,4815.16,0.00,0.00,316321.31,337340.14,1957202.91,2195434.62
130765658131,13,municipality,Strohkirchen,Strohkirchen,amtsangehörige Gemeinde,amtsangehörige Gemeinde,13076131,13076131,302,311,STATISTIKPORTAL_INTEGRATED_2023_T1,STATISTIKPORTAL_INTEGRATED_2024_T1,matching_original_identifier_and_class,not_certified_requires_population_and_entity_scope_audit,different_fiscal_unit_classes_cannot_be_summed,1973927.14,2274769.45,6536.18,7314.37,0.00,0.00,316321.31,337340.14,1657605.83,1937429.31
130765658145,13,municipality,Warlitz,Warlitz,amtsangehörige Gemeinde,amtsangehörige Gemeinde,13076145,13076145,455,474,STATISTIKPORTAL_INTEGRATED_2023_T1,STATISTIKPORTAL_INTEGRATED_2024_T1,matching_original_identifier_and_class,not_certified_requires_population_and_entity_scope_audit,different_fiscal_unit_classes_cannot_be_summed,1889425.40,2201998.72,4152.58,4645.57,0.00,0.00,316321.31,337340.14,1573104.09,1864658.58
130765658169,13,municipality,Toddin,Toddin,amtsangehörige Gemeinde,amtsangehörige Gemeinde,13076169,13076169,913,882,STATISTIKPORTAL_INTEGRATED_2023_T1,STATISTIKPORTAL_INTEGRATED_2024_T1,matching_original_identifier_and_class,not_certified_requires_population_and_entity_scope_audit,different_fiscal_unit_classes_cannot_be_summed,2301566.66,2562410.14,2520.88,2905.23,0.00,0.00,316321.31,337340.14,1985245.35,2225070.00
130765659,13,joint_administration,Amtsverwaltung Ludwigslust-Land,Amtsverwaltung Ludwigslust-Land,Amtsverwaltung,Amtsverwaltung,,,8544,8252,STATISTIKPORTAL_INTEGRATED_2023_T1,STATISTIKPORTAL_INTEGRATED_2024_T1,matching_original_identifier_and_class,not_certified_requires_population_and_entity_scope_audit,different_fiscal_unit_classes_cannot_be_summed,0.00,0.00,0.00,0.00,0.00,0.00,0.00,0.00,0.00,0.00
130765659001,13,municipality,Alt Krenzlin,Alt Krenzlin,amtsangehörige Gemeinde,amtsangehörige Gemeinde,13076001,13076001,752,738,STATISTIKPORTAL_INTEGRATED_2023_T1,STATISTIKPORTAL_INTEGRATED_2024_T1,matching_original_identifier_and_class,not_certified_requires_population_and_entity_scope_audit,different_fiscal_unit_classes_cannot_be_summed,3482856.59,3637818.99,4631.46,4929.29,1011474.00,958927.00,316321.31,337340.14,2155061.28,2341551.85
130765659018,13,municipality,Bresegard bei Eldena,Bresegard bei Eldena,amtsangehörige Gemeinde,amtsangehörige Gemeinde,13076018,13076018,194,190,STATISTIKPORTAL_INTEGRATED_2023_T1,STATISTIKPORTAL_INTEGRATED_2024_T1,matching_original_identifier_and_class,not_certified_requires_population_and_entity_scope_audit,different_fiscal_unit_classes_cannot_be_summed,2149412.85,2547791.21,11079.45,13409.43,23129.00,156702.00,316321.31,337340.14,1809962.54,2053749.07
130765659046,13,municipality,Göhlen,Göhlen,amtsangehörige Gemeinde,amtsangehörige Gemeinde,13076046,13076046,573,546,STATISTIKPORTAL_INTEGRATED_2023_T1,STATISTIKPORTAL_INTEGRATED_2024_T1,matching_original_identifier_and_class,not_certified_requires_population_and_entity_scope_audit,different_fiscal_unit_classes_cannot_be_summed,3000826.59,3188728.99,5237.04,5840.16,529444.00,509837.00,316321.31,337340.14,2155061.28,2341551.85
130765659058,13,municipality,Groß Laasch,Groß Laasch,amtsangehörige Gemeinde,amtsangehörige Gemeinde,13076058,13076058,949,930,STATISTIKPORTAL_INTEGRATED_2023_T1,STATISTIKPORTAL_INTEGRATED_2024_T1,matching_original_identifier_and_class,not_certified_requires_population_and_entity_scope_audit,different_fiscal_unit_classes_cannot_be_summed,2178778.21,2454041.38,2295.87,2638.75,398056.00,351141.00,316321.31,337340.14,1464400.90,1765560.24
130765659086,13,municipality,Lübesse,Lübesse,amtsangehörige Gemeinde,amtsangehörige Gemeinde,13076086,13076086,693,676,STATISTIKPORTAL_INTEGRATED_2023_T1,STATISTIKPORTAL_INTEGRATED_2024_T1,matching_original_identifier_and_class,not_certified_requires_population_and_entity_scope_audit,different_fiscal_unit_classes_cannot_be_summed,5798659.18,5568563.28,8367.47,8237.52,1073700.00,944740.00,316321.31,337340.14,4408637.87,4286483.14
130765659087,13,municipality,Lüblow,Lüblow,amtsangehörige Gemeinde,amtsangehörige Gemeinde,13076087,13076087,570,552,STATISTIKPORTAL_INTEGRATED_2023_T1,STATISTIKPORTAL_INTEGRATED_2024_T1,matching_original_identifier_and_class,not_certified_requires_population_and_entity_scope_audit,different_fiscal_unit_classes_cannot_be_summed,3553576.59,3686994.99,6234.34,6679.34,804212.00,786198.00,316321.31,337340.14,2433043.28,2563456.85
130765659118,13,municipality,Rastow,Rastow,amtsangehörige Gemeinde,amtsangehörige Gemeinde,13076118,13076118,2014,1893,STATISTIKPORTAL_INTEGRATED_2023_T1,STATISTIKPORTAL_INTEGRATED_2024_T1,matching_original_identifier_and_class,not_certified_requires_population_and_entity_scope_audit,different_fiscal_unit_classes_cannot_be_summed,9547386.50,9546655.60,4740.51,5043.14,7000277.00,6771741.00,316321.31,337340.14,2230788.19,2437574.46
130765659134,13,municipality,Sülstorf,Sülstorf,amtsangehörige Gemeinde,amtsangehörige Gemeinde,13076134,13076134,841,819,STATISTIKPORTAL_INTEGRATED_2023_T1,STATISTIKPORTAL_INTEGRATED_2024_T1,matching_original_identifier_and_class,not_certified_requires_population_and_entity_scope_audit,different_fiscal_unit_classes_cannot_be_summed,2970381.18,4280403.28,3531.96,5226.38,936903.00,1946970.00,316321.31,337340.14,1717156.87,1996093.14
130765659141,13,municipality,Uelitz,Uelitz,amtsangehörige Gemeinde,amtsangehörige Gemeinde,13076141,13076141,493,490,STATISTIKPORTAL_INTEGRATED_2023_T1,STATISTIKPORTAL_INTEGRATED_2024_T1,matching_original_identifier_and_class,not_certified_requires_population_and_entity_scope_audit,different_fiscal_unit_classes_cannot_be_summed,2461912.90,2723416.87,4993.74,5557.99,513121.00,467224.00,316321.31,337340.14,1632470.59,1918852.73
130765659146,13,municipality,Warlow,Warlow,amtsangehörige Gemeinde,amtsangehörige Gemeinde,13076146,13076146,493,476,STATISTIKPORTAL_INTEGRATED_2023_T1,STATISTIKPORTAL_INTEGRATED_2024_T1,matching_original_identifier_and_class,not_certified_requires_population_and_entity_scope_audit,different_fiscal_unit_classes_cannot_be_summed,3042818.59,3226803.99,6172.05,6779.00,571436.00,547912.00,316321.31,337340.14,2155061.28,2341551.85
130765659156,13,municipality,Wöbbelin,Wöbbelin,amtsangehörige Gemeinde,amtsangehörige Gemeinde,13076156,13076156,972,942,STATISTIKPORTAL_INTEGRATED_2023_T1,STATISTIKPORTAL_INTEGRATED_2024_T1,matching_original_identifier_and_class,not_certified_requires_population_and_entity_scope_audit,different_fiscal_unit_classes_cannot_be_summed,1493705.38,1297932.61,1536.73,1377.85,525063.00,500036.00,0.00,0.00,968642.38,797896.61
130765660,13,joint_administration,Amtsverwaltung Neustadt-Glewe,Amtsverwaltung Neustadt-Glewe,Amtsverwaltung,Amtsverwaltung,,,7920,7473,STATISTIKPORTAL_INTEGRATED_2023_T1,STATISTIKPORTAL_INTEGRATED_2024_T1,matching_original_identifier_and_class,not_certified_requires_population_and_entity_scope_audit,different_fiscal_unit_classes_cannot_be_summed,0.00,0.00,0.00,0.00,0.00,0.00,0.00,0.00,0.00,0.00
130765660012,13,municipality,Blievenstorf,Blievenstorf,amtsangehörige Gemeinde,amtsangehörige Gemeinde,13076012,13076012,437,435,STATISTIKPORTAL_INTEGRATED_2023_T1,STATISTIKPORTAL_INTEGRATED_2024_T1,matching_original_identifier_and_class,not_certified_requires_population_and_entity_scope_audit,different_fiscal_unit_classes_cannot_be_summed,687435.85,594098.54,1573.08,1365.74,341525.00,305575.00,0.00,0.00,345910.85,288523.54
130765660017,13,municipality,Brenz,Brenz,amtsangehörige Gemeinde,amtsangehörige Gemeinde,13076017,13076017,477,487,STATISTIKPORTAL_INTEGRATED_2023_T1,STATISTIKPORTAL_INTEGRATED_2024_T1,matching_original_identifier_and_class,not_certified_requires_population_and_entity_scope_audit,different_fiscal_unit_classes_cannot_be_summed,1140234.64,1032492.83,2390.43,2120.11,794673.00,744304.00,0.00,0.00,345561.64,288188.83
130765660105,13,municipality,"Neustadt-Glewe, Stadt","Neustadt-Glewe, Stadt",amtsangehörige Gemeinde,amtsangehörige Gemeinde,13076105,13076105,7006,6551,STATISTIKPORTAL_INTEGRATED_2023_T1,STATISTIKPORTAL_INTEGRATED_2024_T1,matching_original_identifier_and_class,not_certified_requires_population_and_entity_scope_audit,different_fiscal_unit_classes_cannot_be_summed,21005878.63,20563846.90,2998.27,3139.04,10078902.00,9628787.00,526683.81,547550.19,10400292.82,10387509.71
130765662,13,joint_administration,Amtsverwaltung Parchimer Umland,Amtsverwaltung Parchimer Umland,Amtsverwaltung,Amtsverwaltung,,,8203,7948,STATISTIKPORTAL_INTEGRATED_2023_T1,STATISTIKPORTAL_INTEGRATED_2024_T1,matching_original_identifier_and_class,not_certified_requires_population_and_entity_scope_audit,different_fiscal_unit_classes_cannot_be_summed,3499640.00,3449135.52,426.63,433.96,3499640.00,3377124.00,0.00,21013.19,0.00,50998.33
130765662035,13,municipality,Domsühl,Domsühl,amtsangehörige Gemeinde,amtsangehörige Gemeinde,13076035,13076035,1360,1278,STATISTIKPORTAL_INTEGRATED_2023_T1,STATISTIKPORTAL_INTEGRATED_2024_T1,matching_original_identifier_and_class,not_certified_requires_population_and_entity_scope_audit,different_fiscal_unit_classes_cannot_be_summed,2629506.59,2988593.61,1933.46,2338.49,7245.00,5175.00,316321.31,337340.14,2305940.28,2646078.47
130765662056,13,municipality,Groß Godems,Groß Godems,amtsangehörige Gemeinde,amtsangehörige Gemeinde,13076056,13076056,397,376,STATISTIKPORTAL_INTEGRATED_2023_T1,STATISTIKPORTAL_INTEGRATED_2024_T1,matching_original_identifier_and_class,not_certified_requires_population_and_entity_scope_audit,different_fiscal_unit_classes_cannot_be_summed,2345583.52,2663850.88,5908.27,7084.71,139662.00,116454.00,316321.31,337340.14,1889600.21,2210056.74
130765662068,13,municipality,Karrenzin,Karrenzin,amtsangehörige Gemeinde,amtsangehörige Gemeinde,13076068,13076068,537,515,STATISTIKPORTAL_INTEGRATED_2023_T1,STATISTIKPORTAL_INTEGRATED_2024_T1,matching_original_identifier_and_class,not_certified_requires_population_and_entity_scope_audit,different_fiscal_unit_classes_cannot_be_summed,2506958.56,2838202.42,4668.45,5511.07,297557.00,287470.00,316321.31,337340.14,1893080.25,2213392.28
130765662085,13,municipality,Lewitzrand,Lewitzrand,amtsangehörige Gemeinde,amtsangehörige Gemeinde,13076085,13076085,1368,1378,STATISTIKPORTAL_INTEGRATED_2023_T1,STATISTIKPORTAL_INTEGRATED_2024_T1,matching_original_identifier_and_class,not_certified_requires_population_and_entity_scope_audit,different_fiscal_unit_classes_cannot_be_summed,2822011.57,3151339.29,2062.87,2286.89,201838.00,169922.00,316321.31,337340.14,2303852.26,2644077.15
130765662120,13,municipality,Rom,Rom,amtsangehörige Gemeinde,amtsangehörige Gemeinde,13076120,13076120,797,786,STATISTIKPORTAL_INTEGRATED_2023_T1,STATISTIKPORTAL_INTEGRATED_2024_T1,matching_original_identifier_and_class,not_certified_requires_population_and_entity_scope_audit,different_fiscal_unit_classes_cannot_be_summed,2420339.59,2746557.85,3036.81,3494.35,208154.00,193157.00,316321.31,337340.14,1895864.28,2216060.71
130765662126,13,municipality,Spornitz,Spornitz,amtsangehörige Gemeinde,amtsangehörige Gemeinde,13076126,13076126,1226,1168,STATISTIKPORTAL_INTEGRATED_2023_T1,STATISTIKPORTAL_INTEGRATED_2024_T1,matching_original_identifier_and_class,not_certified_requires_population_and_entity_scope_audit,different_fiscal_unit_classes_cannot_be_summed,3432343.78,3726922.00,2799.63,3190.86,811821.00,745170.00,316321.31,337340.14,2304201.47,2644411.86
130765662129,13,municipality,Stolpe,Stolpe,amtsangehörige Gemeinde,amtsangehörige Gemeinde,13076129,13076129,327,340,STATISTIKPORTAL_INTEGRATED_2023_T1,STATISTIKPORTAL_INTEGRATED_2024_T1,matching_original_identifier_and_class,not_certified_requires_population_and_entity_scope_audit,different_fiscal_unit_classes_cannot_be_summed,590569.27,601010.96,1806.02,1767.68,168850.00,159850.00,0.00,0.00,421719.27,441160.96
130765662160,13,municipality,Ziegendorf,Ziegendorf,amtsangehörige Gemeinde,amtsangehörige Gemeinde,13076160,13076160,640,599,STATISTIKPORTAL_INTEGRATED_2023_T1,STATISTIKPORTAL_INTEGRATED_2024_T1,matching_original_identifier_and_class,not_certified_requires_population_and_entity_scope_audit,different_fiscal_unit_classes_cannot_be_summed,2645860.71,2991998.69,4134.16,4994.99,63803.00,52821.00,316321.31,337340.14,2265736.40,2601837.55
130765662162,13,municipality,Zölkow,Zölkow,amtsangehörige Gemeinde,amtsangehörige Gemeinde,13076162,13076162,754,757,STATISTIKPORTAL_INTEGRATED_2023_T1,STATISTIKPORTAL_INTEGRATED_2024_T1,matching_original_identifier_and_class,not_certified_requires_population_and_entity_scope_audit,different_fiscal_unit_classes_cannot_be_summed,2390818.60,2714252.06,3170.85,3585.54,177241.00,159517.00,316321.31,337340.14,1897256.29,2217394.92
130765662164,13,municipality,Obere Warnow,Obere Warnow,amtsangehörige Gemeinde,amtsangehörige Gemeinde,13076164,13076164,797,751,STATISTIKPORTAL_INTEGRATED_2023_T1,STATISTIKPORTAL_INTEGRATED_2024_T1,matching_original_identifier_and_class,not_certified_requires_population_and_entity_scope_audit,different_fiscal_unit_classes_cannot_be_summed,2308468.82,2641453.98,2896.45,3517.25,93150.00,85050.00,316321.31,337340.14,1898997.51,2219063.84
130765663,13,joint_administration,Amtsverwaltung Plau am See,Amtsverwaltung Plau am See,Amtsverwaltung,Amtsverwaltung,,,8201,7930,STATISTIKPORTAL_INTEGRATED_2023_T1,STATISTIKPORTAL_INTEGRATED_2024_T1,matching_original_identifier_and_class,not_certified_requires_population_and_entity_scope_audit,different_fiscal_unit_classes_cannot_be_summed,0.00,0.00,0.00,0.00,0.00,0.00,0.00,0.00,0.00,0.00
130765663006,13,municipality,Barkhagen,Barkhagen,amtsangehörige Gemeinde,amtsangehörige Gemeinde,13076006,13076006,604,569,STATISTIKPORTAL_INTEGRATED_2023_T1,STATISTIKPORTAL_INTEGRATED_2024_T1,matching_original_identifier_and_class,not_certified_requires_population_and_entity_scope_audit,different_fiscal_unit_classes_cannot_be_summed,2200353.46,2542060.02,3642.97,4467.59,0.00,0.00,316321.31,337340.14,1884032.15,2204719.88
130765663114,13,municipality,"Plau am See, Stadt","Plau am See, Stadt",amtsangehörige Gemeinde,amtsangehörige Gemeinde,13076114,13076114,6197,5972,STATISTIKPORTAL_INTEGRATED_2023_T1,STATISTIKPORTAL_INTEGRATED_2024_T1,matching_original_identifier_and_class,not_certified_requires_population_and_entity_scope_audit,different_fiscal_unit_classes_cannot_be_summed,8977843.30,9042671.58,1448.74,1514.18,1409666.00,1373362.00,316960.35,338021.63,7251216.95,7331287.95
130765663166,13,municipality,Ganzlin,Ganzlin,amtsangehörige Gemeinde,amtsangehörige Gemeinde,13076166,13076166,1400,1389,STATISTIKPORTAL_INTEGRATED_2023_T1,STATISTIKPORTAL_INTEGRATED_2024_T1,matching_original_identifier_and_class,not_certified_requires_population_and_entity_scope_audit,different_fiscal_unit_classes_cannot_be_summed,2626547.55,2987332.95,1876.11,2150.71,0.00,0.00,316321.31,337340.14,2310226.24,2649992.81
130765664,13,joint_administration,Amtsverwaltung Sternberger Seenlandschaft,Amtsverwaltung Sternberger Seenlandschaft,Amtsverwaltung,Amtsverwaltung,,,12097,11676,STATISTIKPORTAL_INTEGRATED_2023_T1,STATISTIKPORTAL_INTEGRATED_2024_T1,matching_original_identifier_and_class,not_certified_requires_population_and_entity_scope_audit,different_fiscal_unit_classes_cannot_be_summed,21792.00,0.00,1.80,0.00,21792.00,0.00,0.00,0.00,0.00,0.00
130765664011,13,municipality,Blankenberg,Blankenberg,amtsangehörige Gemeinde,amtsangehörige Gemeinde,13076011,13076011,372,377,STATISTIKPORTAL_INTEGRATED_2023_T1,STATISTIKPORTAL_INTEGRATED_2024_T1,matching_original_identifier_and_class,not_certified_requires_population_and_entity_scope_audit,different_fiscal_unit_classes_cannot_be_summed,1950442.24,2676548.99,5243.12,7099.60,0.00,0.00,316321.31,337340.14,1634120.93,2339208.85
130765664015,13,municipality,Borkow,Borkow,amtsangehörige Gemeinde,amtsangehörige Gemeinde,13076015,13076015,431,422,STATISTIKPORTAL_INTEGRATED_2023_T1,STATISTIKPORTAL_INTEGRATED_2024_T1,matching_original_identifier_and_class,not_certified_requires_population_and_entity_scope_audit,different_fiscal_unit_classes_cannot_be_summed,2318886.18,3199429.63,5380.25,7581.59,33096.00,16787.00,393708.67,410603.58,1892081.51,2772039.05
130765664020,13,municipality,"Brüel, Stadt","Brüel, Stadt",amtsangehörige Gemeinde,amtsangehörige Gemeinde,13076020,13076020,2645,2573,STATISTIKPORTAL_INTEGRATED_2023_T1,STATISTIKPORTAL_INTEGRATED_2024_T1,matching_original_identifier_and_class,not_certified_requires_population_and_entity_scope_audit,different_fiscal_unit_classes_cannot_be_summed,7371313.35,7219362.97,2786.89,2805.82,2612601.00,2434264.00,1332715.10,1350220.54,3425997.25,3434878.43
130765664026,13,municipality,Dabel,Dabel,amtsangehörige Gemeinde,amtsangehörige Gemeinde,13076026,13076026,1361,1296,STATISTIKPORTAL_INTEGRATED_2023_T1,STATISTIKPORTAL_INTEGRATED_2024_T1,matching_original_identifier_and_class,not_certified_requires_population_and_entity_scope_audit,different_fiscal_unit_classes_cannot_be_summed,2454943.87,4234424.24,1803.78,3267.30,367949.00,359644.00,432402.35,447235.30,1654592.52,3427544.94
130765664062,13,municipality,Hohen Pritz,Hohen Pritz,amtsangehörige Gemeinde,amtsangehörige Gemeinde,13076062,13076062,373,369,STATISTIKPORTAL_INTEGRATED_2023_T1,STATISTIKPORTAL_INTEGRATED_2024_T1,matching_original_identifier_and_class,not_certified_requires_population_and_entity_scope_audit,different_fiscal_unit_classes_cannot_be_summed,1914170.45,2652503.71,5131.82,7188.36,0.00,0.00,393708.67,410603.58,1520461.78,2241900.13
130765664072,13,municipality,Kobrow,Kobrow,amtsangehörige Gemeinde,amtsangehörige Gemeinde,13076072,13076072,401,391,STATISTIKPORTAL_INTEGRATED_2023_T1,STATISTIKPORTAL_INTEGRATED_2024_T1,matching_original_identifier_and_class,not_certified_requires_population_and_entity_scope_audit,different_fiscal_unit_classes_cannot_be_summed,1860197.59,2178440.47,4638.90,5571.46,0.00,0.00,393708.67,410603.58,1466488.92,1767836.89
130765664078,13,municipality,Kuhlen-Wendorf,Kuhlen-Wendorf,amtsangehörige Gemeinde,amtsangehörige Gemeinde,13076078,13076078,806,771,STATISTIKPORTAL_INTEGRATED_2023_T1,STATISTIKPORTAL_INTEGRATED_2024_T1,matching_original_identifier_and_class,not_certified_requires_population_and_entity_scope_audit,different_fiscal_unit_classes_cannot_be_summed,2839692.16,4076775.52,3523.19,5287.65,0.00,0.00,316321.31,337340.14,2523370.85,3739435.38
130765664101,13,municipality,Mustin,Mustin,amtsangehörige Gemeinde,amtsangehörige Gemeinde,13076101,13076101,350,335,STATISTIKPORTAL_INTEGRATED_2023_T1,STATISTIKPORTAL_INTEGRATED_2024_T1,matching_original_identifier_and_class,not_certified_requires_population_and_entity_scope_audit,different_fiscal_unit_classes_cannot_be_summed,2331377.35,3012262.14,6661.08,8991.83,72747.00,66955.00,393708.67,410603.58,1864921.68,2534703.56
130765664128,13,municipality,"Sternberg, Stadt","Sternberg, Stadt",amtsangehörige Gemeinde,amtsangehörige Gemeinde,13076128,13076128,3980,3809,STATISTIKPORTAL_INTEGRATED_2023_T1,STATISTIKPORTAL_INTEGRATED_2024_T1,matching_original_identifier_and_class,not_certified_requires_population_and_entity_scope_audit,different_fiscal_unit_classes_cannot_be_summed,7956958.66,7421024.38,1999.24,1948.29,987342.00,830650.00,664564.43,667025.62,6305052.23,5923348.76
130765664148,13,municipality,Weitendorf,Weitendorf,amtsangehörige Gemeinde,amtsangehörige Gemeinde,13076148,13076148,367,333,STATISTIKPORTAL_INTEGRATED_2023_T1,STATISTIKPORTAL_INTEGRATED_2024_T1,matching_original_identifier_and_class,not_certified_requires_population_and_entity_scope_audit,different_fiscal_unit_classes_cannot_be_summed,1951122.91,2688596.81,5316.41,8073.86,0.00,0.00,432402.35,447235.30,1518720.56,2241361.51
130765664155,13,municipality,Witzin,Witzin,amtsangehörige Gemeinde,amtsangehörige Gemeinde,13076155,13076155,444,433,STATISTIKPORTAL_INTEGRATED_2023_T1,STATISTIKPORTAL_INTEGRATED_2024_T1,matching_original_identifier_and_class,not_certified_requires_population_and_entity_scope_audit,different_fiscal_unit_classes_cannot_be_summed,2170284.80,3084395.86,4888.03,7123.32,0.00,0.00,393708.67,410603.58,1776576.13,2673792.28
130765664167,13,municipality,Kloster Tempzin,Kloster Tempzin,amtsangehörige Gemeinde,amtsangehörige Gemeinde,13076167,13076167,567,567,STATISTIKPORTAL_INTEGRATED_2023_T1,STATISTIKPORTAL_INTEGRATED_2024_T1,matching_original_identifier_and_class,not_certified_requires_population_and_entity_scope_audit,different_fiscal_unit_classes_cannot_be_summed,2096142.45,3012047.73,3696.90,5312.25,3140.00,0.00,316321.31,337340.14,1776681.14,2674707.59
130765665,13,joint_administration,Amtsverwaltung Stralendorf,Amtsverwaltung Stralendorf,Amtsverwaltung,Amtsverwaltung,,,11839,11716,STATISTIKPORTAL_INTEGRATED_2023_T1,STATISTIKPORTAL_INTEGRATED_2024_T1,matching_original_identifier_and_class,not_certified_requires_population_and_entity_scope_audit,different_fiscal_unit_classes_cannot_be_summed,1841888.00,1766981.52,155.58,150.82,1841888.00,1694970.00,0.00,21013.19,0.00,50998.33
130765665036,13,municipality,Dümmer,Dümmer,amtsangehörige Gemeinde,amtsangehörige Gemeinde,13076036,13076036,1576,1568,STATISTIKPORTAL_INTEGRATED_2023_T1,STATISTIKPORTAL_INTEGRATED_2024_T1,matching_original_identifier_and_class,not_certified_requires_population_and_entity_scope_audit,different_fiscal_unit_classes_cannot_be_summed,420825.65,383825.39,267.02,244.79,0.00,0.00,0.00,0.00,420825.65,383825.39
130765665063,13,municipality,Holthusen,Holthusen,amtsangehörige Gemeinde,amtsangehörige Gemeinde,13076063,13076063,986,976,STATISTIKPORTAL_INTEGRATED_2023_T1,STATISTIKPORTAL_INTEGRATED_2024_T1,matching_original_identifier_and_class,not_certified_requires_population_and_entity_scope_audit,different_fiscal_unit_classes_cannot_be_summed,3914642.18,4134170.28,3970.23,4235.83,1881164.00,1800737.00,316321.31,337340.14,1717156.87,1996093.14
130765665071,13,municipality,Klein Rogahn,Klein Rogahn,amtsangehörige Gemeinde,amtsangehörige Gemeinde,13076071,13076071,1330,1360,STATISTIKPORTAL_INTEGRATED_2023_T1,STATISTIKPORTAL_INTEGRATED_2024_T1,matching_original_identifier_and_class,not_certified_requires_population_and_entity_scope_audit,different_fiscal_unit_classes_cannot_be_summed,2116861.59,2409485.37,1591.63,1771.68,0.00,0.00,316321.31,337340.14,1800540.28,2072145.23
130765665107,13,municipality,Pampow,Pampow,amtsangehörige Gemeinde,amtsangehörige Gemeinde,13076107,13076107,3055,3033,STATISTIKPORTAL_INTEGRATED_2023_T1,STATISTIKPORTAL_INTEGRATED_2024_T1,matching_original_identifier_and_class,not_certified_requires_population_and_entity_scope_audit,different_fiscal_unit_classes_cannot_be_summed,2892886.37,3085599.44,946.93,1017.34,356502.00,293477.00,316321.31,337340.14,2220063.06,2454782.30
130765665121,13,municipality,Schossin,Schossin,amtsangehörige Gemeinde,amtsangehörige Gemeinde,13076121,13076121,247,240,STATISTIKPORTAL_INTEGRATED_2023_T1,STATISTIKPORTAL_INTEGRATED_2024_T1,matching_original_identifier_and_class,not_certified_requires_population_and_entity_scope_audit,different_fiscal_unit_classes_cannot_be_summed,1864105.62,2178952.47,7546.99,9078.97,0.00,0.00,316321.31,337340.14,1547784.31,1841612.33
130765665130,13,municipality,Stralendorf,Stralendorf,amtsangehörige Gemeinde,amtsangehörige Gemeinde,13076130,13076130,1374,1331,STATISTIKPORTAL_INTEGRATED_2023_T1,STATISTIKPORTAL_INTEGRATED_2024_T1,matching_original_identifier_and_class,not_certified_requires_population_and_entity_scope_audit,different_fiscal_unit_classes_cannot_be_summed,2116861.59,2409485.37,1540.66,1810.28,0.00,0.00,316321.31,337340.14,1800540.28,2072145.23
130765665147,13,municipality,Warsow,Warsow,amtsangehörige Gemeinde,amtsangehörige Gemeinde,13076147,13076147,668,657,STATISTIKPORTAL_INTEGRATED_2023_T1,STATISTIKPORTAL_INTEGRATED_2024_T1,matching_original_identifier_and_class,not_certified_requires_population_and_entity_scope_audit,different_fiscal_unit_classes_cannot_be_summed,2262100.90,2549032.87,3386.38,3879.81,313309.00,292840.00,316321.31,337340.14,1632470.59,1918852.73
130765665154,13,municipality,Wittenförden,Wittenförden,amtsangehörige Gemeinde,amtsangehörige Gemeinde,13076154,13076154,2472,2418,STATISTIKPORTAL_INTEGRATED_2023_T1,STATISTIKPORTAL_INTEGRATED_2024_T1,matching_original_identifier_and_class,not_certified_requires_population_and_entity_scope_audit,different_fiscal_unit_classes_cannot_be_summed,2453000.96,2716070.35,992.31,1123.27,0.00,0.00,316321.31,337340.14,2136679.65,2378730.21
130765665163,13,municipality,Zülow,Zülow,amtsangehörige Gemeinde,amtsangehörige Gemeinde,13076163,13076163,131,133,STATISTIKPORTAL_INTEGRATED_2023_T1,STATISTIKPORTAL_INTEGRATED_2024_T1,matching_original_identifier_and_class,not_certified_requires_population_and_entity_scope_audit,different_fiscal_unit_classes_cannot_be_summed,2602356.24,2930653.82,19865.31,22034.99,0.00,0.00,316321.31,337340.14,2286034.93,2593313.68
130765666,13,joint_administration,Amtsverwaltung Wittenburg,Amtsverwaltung Wittenburg,Amtsverwaltung,Amtsverwaltung,,,9309,9134,STATISTIKPORTAL_INTEGRATED_2023_T1,STATISTIKPORTAL_INTEGRATED_2024_T1,matching_original_identifier_and_class,not_certified_requires_population_and_entity_scope_audit,different_fiscal_unit_classes_cannot_be_summed,0.00,0.00,0.00,0.00,0.00,0.00,0.00,0.00,0.00,0.00
130765666152,13,municipality,"Wittenburg, Stadt","Wittenburg, Stadt",amtsangehörige Gemeinde,amtsangehörige Gemeinde,13076152,13076152,6425,6261,STATISTIKPORTAL_INTEGRATED_2023_T1,STATISTIKPORTAL_INTEGRATED_2024_T1,matching_original_identifier_and_class,not_certified_requires_population_and_entity_scope_audit,different_fiscal_unit_classes_cannot_be_summed,20634029.62,18640178.76,3211.52,2977.19,12653637.00,12081009.00,316960.35,359034.82,7663432.27,6200134.94
130765666153,13,municipality,Wittendörp,Wittendörp,amtsangehörige Gemeinde,amtsangehörige Gemeinde,13076153,13076153,2884,2873,STATISTIKPORTAL_INTEGRATED_2023_T1,STATISTIKPORTAL_INTEGRATED_2024_T1,matching_original_identifier_and_class,not_certified_requires_population_and_entity_scope_audit,different_fiscal_unit_classes_cannot_be_summed,2860297.28,3107578.45,991.78,1081.65,776137.00,743365.00,316321.31,337340.14,1767838.97,2026873.31
130765667,13,joint_administration,Amtsverwaltung Zarrentin,Amtsverwaltung Zarrentin,Amtsverwaltung,Amtsverwaltung,,,10409,10039,STATISTIKPORTAL_INTEGRATED_2023_T1,STATISTIKPORTAL_INTEGRATED_2024_T1,matching_original_identifier_and_class,not_certified_requires_population_and_entity_scope_audit,different_fiscal_unit_classes_cannot_be_summed,0.00,72011.52,0.00,7.17,0.00,0.00,0.00,21013.19,0.00,50998.33
130765667039,13,municipality,Gallin,Gallin,amtsangehörige Gemeinde,amtsangehörige Gemeinde,13076039,13076039,586,561,STATISTIKPORTAL_INTEGRATED_2023_T1,STATISTIKPORTAL_INTEGRATED_2024_T1,matching_original_identifier_and_class,not_certified_requires_population_and_entity_scope_audit,different_fiscal_unit_classes_cannot_be_summed,1807195.21,2122840.38,3083.95,3784.03,0.00,0.00,342794.31,357280.14,1464400.90,1765560.24
130765667073,13,municipality,Kogel,Kogel,amtsangehörige Gemeinde,amtsangehörige Gemeinde,13076073,13076073,672,658,STATISTIKPORTAL_INTEGRATED_2023_T1,STATISTIKPORTAL_INTEGRATED_2024_T1,matching_original_identifier_and_class,not_certified_requires_population_and_entity_scope_audit,different_fiscal_unit_classes_cannot_be_summed,1791631.21,2108345.38,2666.12,3204.17,10909.00,5445.00,316321.31,337340.14,1464400.90,1765560.24
130765667092,13,municipality,Lüttow-Valluhn,Lüttow-Valluhn,amtsangehörige Gemeinde,amtsangehörige Gemeinde,13076092,13076092,877,790,STATISTIKPORTAL_INTEGRATED_2023_T1,STATISTIKPORTAL_INTEGRATED_2024_T1,matching_original_identifier_and_class,not_certified_requires_population_and_entity_scope_audit,different_fiscal_unit_classes_cannot_be_summed,1780722.21,2102900.38,2030.47,2661.90,0.00,0.00,316321.31,337340.14,1464400.90,1765560.24
130765667142,13,municipality,Vellahn,Vellahn,amtsangehörige Gemeinde,amtsangehörige Gemeinde,13076142,13076142,2793,2742,STATISTIKPORTAL_INTEGRATED_2023_T1,STATISTIKPORTAL_INTEGRATED_2024_T1,matching_original_identifier_and_class,not_certified_requires_population_and_entity_scope_audit,different_fiscal_unit_classes_cannot_be_summed,3484450.21,3656513.38,1247.57,1333.52,1703728.00,1553613.00,316321.31,337340.14,1464400.90,1765560.24
130765667159,13,municipality,"Zarrentin am Schaalsee, Stadt","Zarrentin am Schaalsee, Stadt",amtsangehörige Gemeinde,amtsangehörige Gemeinde,13076159,13076159,5481,5288,STATISTIKPORTAL_INTEGRATED_2023_T1,STATISTIKPORTAL_INTEGRATED_2024_T1,matching_original_identifier_and_class,not_certified_requires_population_and_entity_scope_audit,different_fiscal_unit_classes_cannot_be_summed,21506820.45,20963871.93,3923.89,3964.42,19249786.00,18524266.00,316321.31,337340.14,1940713.14,2102265.79
130765668,13,joint_administration,Amtsverwaltung Crivitz,Amtsverwaltung Crivitz,Amtsverwaltung,Amtsverwaltung,,,25198,24701,STATISTIKPORTAL_INTEGRATED_2023_T1,STATISTIKPORTAL_INTEGRATED_2024_T1,matching_original_identifier_and_class,not_certified_requires_population_and_entity_scope_audit,different_fiscal_unit_classes_cannot_be_summed,0.00,0.00,0.00,0.00,0.00,0.00,0.00,0.00,0.00,0.00
130765668005,13,municipality,Banzkow,Banzkow,amtsangehörige Gemeinde,amtsangehörige Gemeinde,13076005,13076005,2771,2620,STATISTIKPORTAL_INTEGRATED_2023_T1,STATISTIKPORTAL_INTEGRATED_2024_T1,matching_original_identifier_and_class,not_certified_requires_population_and_entity_scope_audit,different_fiscal_unit_classes_cannot_be_summed,4612320.37,4500970.44,1664.50,1717.93,2075936.00,1708848.00,316321.31,337340.14,2220063.06,2454782.30
130765668007,13,municipality,Barnin,Barnin,amtsangehörige Gemeinde,amtsangehörige Gemeinde,13076007,13076007,463,463,STATISTIKPORTAL_INTEGRATED_2023_T1,STATISTIKPORTAL_INTEGRATED_2024_T1,matching_original_identifier_and_class,not_certified_requires_population_and_entity_scope_audit,different_fiscal_unit_classes_cannot_be_summed,1949141.11,2257075.34,4209.81,4874.89,0.00,0.00,316321.31,337340.14,1632819.80,1919735.20
130765668023,13,municipality,Bülow,Bülow,amtsangehörige Gemeinde,amtsangehörige Gemeinde,13076023,13076023,331,329,STATISTIKPORTAL_INTEGRATED_2023_T1,STATISTIKPORTAL_INTEGRATED_2024_T1,matching_original_identifier_and_class,not_certified_requires_population_and_entity_scope_audit,different_fiscal_unit_classes_cannot_be_summed,1871414.90,2186233.58,5653.82,6645.09,0.00,0.00,316321.31,337340.14,1555093.59,1848893.44
130765668024,13,municipality,Cambs,Cambs,amtsangehörige Gemeinde,amtsangehörige Gemeinde,13076024,13076024,624,622,STATISTIKPORTAL_INTEGRATED_2023_T1,STATISTIKPORTAL_INTEGRATED_2024_T1,matching_original_identifier_and_class,not_certified_requires_population_and_entity_scope_audit,different_fiscal_unit_classes_cannot_be_summed,1948791.90,2257018.86,3123.06,3628.65,0.00,0.00,316321.31,337340.14,1632470.59,1919678.72
130765668025,13,municipality,"Crivitz, Stadt","Crivitz, Stadt",amtsangehörige Gemeinde,amtsangehörige Gemeinde,13076025,13076025,4769,4615,STATISTIKPORTAL_INTEGRATED_2023_T1,STATISTIKPORTAL_INTEGRATED_2024_T1,matching_original_identifier_and_class,not_certified_requires_population_and_entity_scope_audit,different_fiscal_unit_classes_cannot_be_summed,4851531.07,4965243.34,1017.31,1075.89,1890841.00,1784308.00,316321.31,337340.14,2644368.76,2843595.20
130765668029,13,municipality,Demen,Demen,amtsangehörige Gemeinde,amtsangehörige Gemeinde,13076029,13076029,893,1147,STATISTIKPORTAL_INTEGRATED_2023_T1,STATISTIKPORTAL_INTEGRATED_2024_T1,matching_original_identifier_and_class,not_certified_requires_population_and_entity_scope_audit,different_fiscal_unit_classes_cannot_be_summed,2033827.39,2334860.61,2277.52,2035.62,0.00,0.00,316321.31,337340.14,1717506.08,1997520.47
130765668033,13,municipality,Dobin am See,Dobin am See,amtsangehörige Gemeinde,amtsangehörige Gemeinde,13076033,13076033,2063,2026,STATISTIKPORTAL_INTEGRATED_2023_T1,STATISTIKPORTAL_INTEGRATED_2024_T1,matching_original_identifier_and_class,not_certified_requires_population_and_entity_scope_audit,different_fiscal_unit_classes_cannot_be_summed,2284931.27,2563603.85,1107.58,1265.35,0.00,0.00,316321.31,337340.14,1968609.96,2226263.71
130765668038,13,municipality,Friedrichsruhe,Friedrichsruhe,amtsangehörige Gemeinde,amtsangehörige Gemeinde,13076038,13076038,940,860,STATISTIKPORTAL_INTEGRATED_2023_T1,STATISTIKPORTAL_INTEGRATED_2024_T1,matching_original_identifier_and_class,not_certified_requires_population_and_entity_scope_audit,different_fiscal_unit_classes_cannot_be_summed,2284086.08,2618446.82,2429.88,3044.71,0.00,0.00,316321.31,337340.14,1967764.77,2281106.68
130765668044,13,municipality,Gneven,Gneven,amtsangehörige Gemeinde,amtsangehörige Gemeinde,13076044,13076044,358,341,STATISTIKPORTAL_INTEGRATED_2023_T1,STATISTIKPORTAL_INTEGRATED_2024_T1,matching_original_identifier_and_class,not_certified_requires_population_and_entity_scope_audit,different_fiscal_unit_classes_cannot_be_summed,1948791.90,2256740.63,5443.55,6618.01,0.00,0.00,316321.31,337340.14,1632470.59,1919400.49
130765668080,13,municipality,Langen Brütz,Langen Brütz,amtsangehörige Gemeinde,amtsangehörige Gemeinde,13076080,13076080,481,478,STATISTIKPORTAL_INTEGRATED_2023_T1,STATISTIKPORTAL_INTEGRATED_2024_T1,matching_original_identifier_and_class,not_certified_requires_population_and_entity_scope_audit,different_fiscal_unit_classes_cannot_be_summed,1948791.90,2256743.53,4051.54,4721.22,0.00,0.00,316321.31,337340.14,1632470.59,1919403.39
130765668082,13,municipality,Leezen,Leezen,amtsangehörige Gemeinde,amtsangehörige Gemeinde,13076082,13076082,2183,2104,STATISTIKPORTAL_INTEGRATED_2023_T1,STATISTIKPORTAL_INTEGRATED_2024_T1,matching_original_identifier_and_class,not_certified_requires_population_and_entity_scope_audit,different_fiscal_unit_classes_cannot_be_summed,2369617.55,2640568.92,1085.49,1255.02,0.00,0.00,316321.31,337340.14,2053296.24,2303228.78
130765668112,13,municipality,Pinnow,Pinnow,amtsangehörige Gemeinde,amtsangehörige Gemeinde,13076112,13076112,2062,2009,STATISTIKPORTAL_INTEGRATED_2023_T1,STATISTIKPORTAL_INTEGRATED_2024_T1,matching_original_identifier_and_class,not_certified_requires_population_and_entity_scope_audit,different_fiscal_unit_classes_cannot_be_summed,2354154.91,2613775.02,1141.69,1301.03,0.00,0.00,385544.95,387786.64,1968609.96,2225988.38
130765668113,13,municipality,Plate,Plate,amtsangehörige Gemeinde,amtsangehörige Gemeinde,13076113,13076113,3337,3287,STATISTIKPORTAL_INTEGRATED_2023_T1,STATISTIKPORTAL_INTEGRATED_2024_T1,matching_original_identifier_and_class,not_certified_requires_population_and_entity_scope_audit,different_fiscal_unit_classes_cannot_be_summed,2621070.65,2869638.18,785.46,873.03,0.00,0.00,316321.31,337340.14,2304749.34,2532298.04
130765668117,13,municipality,Raben Steinfeld,Raben Steinfeld,amtsangehörige Gemeinde,amtsangehörige Gemeinde,13076117,13076117,1060,1040,STATISTIKPORTAL_INTEGRATED_2023_T1,STATISTIKPORTAL_INTEGRATED_2024_T1,matching_original_identifier_and_class,not_certified_requires_population_and_entity_scope_audit,different_fiscal_unit_classes_cannot_be_summed,2116861.59,2409760.70,1997.04,2317.08,0.00,0.00,316321.31,337340.14,1800540.28,2072420.56
130765668133,13,municipality,Sukow,Sukow,amtsangehörige Gemeinde,amtsangehörige Gemeinde,13076133,13076133,1559,1510,STATISTIKPORTAL_INTEGRATED_2023_T1,STATISTIKPORTAL_INTEGRATED_2024_T1,matching_original_identifier_and_class,not_certified_requires_population_and_entity_scope_audit,different_fiscal_unit_classes_cannot_be_summed,2270773.58,2537449.11,1456.56,1680.43,0.00,0.00,385547.03,387788.15,1885226.55,2149660.96
130765668140,13,municipality,Tramm,Tramm,amtsangehörige Gemeinde,amtsangehörige Gemeinde,13076140,13076140,875,822,STATISTIKPORTAL_INTEGRATED_2023_T1,STATISTIKPORTAL_INTEGRATED_2024_T1,matching_original_identifier_and_class,not_certified_requires_population_and_entity_scope_audit,different_fiscal_unit_classes_cannot_be_summed,2102701.82,2384155.11,2403.09,2900.43,0.00,0.00,385544.95,387786.64,1717156.87,1996368.47
130765668158,13,municipality,Zapel,Zapel,amtsangehörige Gemeinde,amtsangehörige Gemeinde,13076158,13076158,429,428,STATISTIKPORTAL_INTEGRATED_2023_T1,STATISTIKPORTAL_INTEGRATED_2024_T1,matching_original_identifier_and_class,not_certified_requires_population_and_entity_scope_audit,different_fiscal_unit_classes_cannot_be_summed,1948791.90,2256468.20,4542.64,5272.12,0.00,0.00,316321.31,337340.14,1632470.59,1919128.06
