original_region_key,state_code,reporting_unit_class,name_de_2023,name_de_2024,legal_form_2023,legal_form_2024,municipality_ags8_2023_candidate,municipality_ags8_2024_candidate,population_2023_06_30,population_2024_06_30,source_id_2023,source_id_2024,entity_match_status,percap_cross_year_comparable,not_county_sum,total_integrated_debt_eur_2023,total_integrated_debt_eur_2024,integrated_debt_eur_per_person_2023,integrated_debt_eur_per_person_2024,core_budget_debt_eur_2023,core_budget_debt_eur_2024,extra_budget_proportional_debt_eur_2023,extra_budget_proportional_debt_eur_2024,public_enterprise_proportional_debt_eur_2023,public_enterprise_proportional_debt_eur_2024
145110000000,14,municipality,"Chemnitz, Stadt","Chemnitz, Stadt",kreisfreie Stadt,kreisfreie Stadt,14511000,14511000,249461,244661,STATISTIKPORTAL_INTEGRATED_2023_T1,STATISTIKPORTAL_INTEGRATED_2024_T1,matching_original_identifier_and_class,not_certified_requires_population_and_entity_scope_audit,different_fiscal_unit_classes_cannot_be_summed,994516815.65,1008307637.40,3986.66,4121.24,197221124.00,190913625.00,75885404.29,77690621.73,721410287.36,739703390.67
14521,14,county_administration,LK Erzgebirgskreis,LKH Erzgebirgskreis,Landratsamt,Landratsamt,,,327739,320446,STATISTIKPORTAL_INTEGRATED_2023_T1,STATISTIKPORTAL_INTEGRATED_2024_T1,legal_name_or_form_changed_review,not_certified_requires_population_and_entity_scope_audit,different_fiscal_unit_classes_cannot_be_summed,131835085.75,173921534.47,402.26,542.75,46794112.00,92189896.00,49469393.47,49843522.57,35571580.28,31888115.90
145210010010,14,municipality,Amtsberg,Amtsberg,kreisangehörige Gemeinde,kreisangehörige Gemeinde,14521010,14521010,3628,3595,STATISTIKPORTAL_INTEGRATED_2023_T1,STATISTIKPORTAL_INTEGRATED_2024_T1,matching_original_identifier_and_class,not_certified_requires_population_and_entity_scope_audit,different_fiscal_unit_classes_cannot_be_summed,8093937.08,8307416.51,2230.96,2310.83,3723612.00,3542032.00,6596.41,1493.66,4363728.67,4763890.85
145210020020,14,municipality,"Annaberg-Buchholz, Stadt","Annaberg-Buchholz, Stadt",große Kreisstadt,große Kreisstadt,14521020,14521020,19401,18967,STATISTIKPORTAL_INTEGRATED_2023_T1,STATISTIKPORTAL_INTEGRATED_2024_T1,matching_original_identifier_and_class,not_certified_requires_population_and_entity_scope_audit,different_fiscal_unit_classes_cannot_be_summed,52543966.10,47524679.61,2708.31,2505.65,1873071.00,1591773.00,26342.25,19051.52,50644552.85,45913855.09
145210035035,14,municipality,"Aue-Bad Schlema, Stadt","Aue-Bad Schlema, Stadt",große Kreisstadt,große Kreisstadt,14521035,14521035,19764,18931,STATISTIKPORTAL_INTEGRATED_2023_T1,STATISTIKPORTAL_INTEGRATED_2024_T1,matching_original_identifier_and_class,not_certified_requires_population_and_entity_scope_audit,different_fiscal_unit_classes_cannot_be_summed,37824122.67,38238369.26,1913.79,2019.88,6420563.00,8943985.00,207583.79,77920.97,31195975.88,29216463.29
145210110110,14,municipality,Breitenbrunn/Erzgeb.,Breitenbrunn/Erzgeb.,kreisangehörige Gemeinde,kreisangehörige Gemeinde,14521110,14521110,5089,4838,STATISTIKPORTAL_INTEGRATED_2023_T1,STATISTIKPORTAL_INTEGRATED_2024_T1,matching_original_identifier_and_class,not_certified_requires_population_and_entity_scope_audit,different_fiscal_unit_classes_cannot_be_summed,9320906.79,9025981.25,1831.58,1865.64,728288.00,676264.00,26342.25,17301.93,8566276.54,8332415.32
145210130130,14,municipality,Crottendorf,Crottendorf,kreisangehörige Gemeinde,kreisangehörige Gemeinde,14521130,14521130,3955,3851,STATISTIKPORTAL_INTEGRATED_2023_T1,STATISTIKPORTAL_INTEGRATED_2024_T1,matching_original_identifier_and_class,not_certified_requires_population_and_entity_scope_audit,different_fiscal_unit_classes_cannot_be_summed,5565524.68,5909099.11,1407.21,1534.43,1462688.00,1877536.00,3949.17,4398.45,4098887.51,4027164.66
145210150150,14,municipality,Drebach,Drebach,kreisangehörige Gemeinde,kreisangehörige Gemeinde,14521150,14521150,5065,4890,STATISTIKPORTAL_INTEGRATED_2023_T1,STATISTIKPORTAL_INTEGRATED_2024_T1,matching_original_identifier_and_class,not_certified_requires_population_and_entity_scope_audit,different_fiscal_unit_classes_cannot_be_summed,5187096.30,5164947.08,1024.11,1056.23,0.00,0.00,0.00,70.43,5187096.30,5164876.65
145210160160,14,municipality,"Ehrenfriedersdorf, Stadt","Ehrenfriedersdorf, Stadt",kreisangehörige Gemeinde,kreisangehörige Gemeinde,14521160,14521160,4519,4357,STATISTIKPORTAL_INTEGRATED_2023_T1,STATISTIKPORTAL_INTEGRATED_2024_T1,matching_original_identifier_and_class,not_certified_requires_population_and_entity_scope_audit,different_fiscal_unit_classes_cannot_be_summed,7685839.11,7260795.77,1700.78,1666.47,0.00,0.00,0.00,116.51,7685839.11,7260679.26
145210170170,14,municipality,"Eibenstock, Stadt","Eibenstock, Stadt",kreisangehörige Gemeinde,kreisangehörige Gemeinde,14521170,14521170,7021,6826,STATISTIKPORTAL_INTEGRATED_2023_T1,STATISTIKPORTAL_INTEGRATED_2024_T1,matching_original_identifier_and_class,not_certified_requires_population_and_entity_scope_audit,different_fiscal_unit_classes_cannot_be_summed,14664744.32,13840991.31,2088.70,2027.69,33469.00,0.00,109032.72,31873.99,14522242.60,13809117.32
145210200200,14,municipality,Gelenau/Erzgeb.,Gelenau/Erzgeb.,kreisangehörige Gemeinde,kreisangehörige Gemeinde,14521200,14521200,4115,4075,STATISTIKPORTAL_INTEGRATED_2023_T1,STATISTIKPORTAL_INTEGRATED_2024_T1,matching_original_identifier_and_class,not_certified_requires_population_and_entity_scope_audit,different_fiscal_unit_classes_cannot_be_summed,4854593.99,4925454.29,1179.73,1208.70,0.00,0.00,0.00,144.69,4854593.99,4925309.60
145210240240,14,municipality,Großolbersdorf,Großolbersdorf,kreisangehörige Gemeinde,kreisangehörige Gemeinde,14521240,14521240,2730,2739,STATISTIKPORTAL_INTEGRATED_2023_T1,STATISTIKPORTAL_INTEGRATED_2024_T1,matching_original_identifier_and_class,not_certified_requires_population_and_entity_scope_audit,different_fiscal_unit_classes_cannot_be_summed,5537477.72,7137560.85,2028.38,2605.90,3547010.00,4555191.00,0.00,24.63,1990467.72,2582345.22
145210250250,14,municipality,Großrückerswalde,Großrückerswalde,kreisangehörige Gemeinde,kreisangehörige Gemeinde,14521250,14521250,3353,3212,STATISTIKPORTAL_INTEGRATED_2023_T1,STATISTIKPORTAL_INTEGRATED_2024_T1,matching_original_identifier_and_class,not_certified_requires_population_and_entity_scope_audit,different_fiscal_unit_classes_cannot_be_summed,3305321.52,3105568.37,985.78,966.86,0.00,0.00,1974.58,3625.64,3303346.94,3101942.73
145210260260,14,municipality,"Grünhain-Beierfeld, Stadt","Grünhain-Beierfeld, Stadt",kreisangehörige Gemeinde,kreisangehörige Gemeinde,14521260,14521260,5682,5504,STATISTIKPORTAL_INTEGRATED_2023_T1,STATISTIKPORTAL_INTEGRATED_2024_T1,matching_original_identifier_and_class,not_certified_requires_population_and_entity_scope_audit,different_fiscal_unit_classes_cannot_be_summed,9532864.65,10450538.97,1677.73,1898.72,2071926.00,2519322.00,8445.86,208.12,7452492.79,7931008.85
145210290290,14,municipality,Hohndorf,Hohndorf,kreisangehörige Gemeinde,kreisangehörige Gemeinde,14521290,14521290,3459,3367,STATISTIKPORTAL_INTEGRATED_2023_T1,STATISTIKPORTAL_INTEGRATED_2024_T1,matching_original_identifier_and_class,not_certified_requires_population_and_entity_scope_audit,different_fiscal_unit_classes_cannot_be_summed,4058458.69,4365689.01,1173.30,1296.61,121864.00,44992.00,0.00,72.57,3936594.69,4320624.44
145210310310,14,municipality,Jahnsdorf/Erzgeb.,Jahnsdorf/Erzgeb.,kreisangehörige Gemeinde,kreisangehörige Gemeinde,14521310,14521310,5408,5304,STATISTIKPORTAL_INTEGRATED_2023_T1,STATISTIKPORTAL_INTEGRATED_2024_T1,matching_original_identifier_and_class,not_certified_requires_population_and_entity_scope_audit,different_fiscal_unit_classes_cannot_be_summed,10064972.05,10147143.52,1861.13,1913.11,353336.00,264992.00,0.00,70.09,9711636.05,9882081.43
145210320320,14,municipality,"Johanngeorgenstadt, Stadt","Johanngeorgenstadt, Stadt",kreisangehörige Gemeinde,kreisangehörige Gemeinde,14521320,14521320,3731,3629,STATISTIKPORTAL_INTEGRATED_2023_T1,STATISTIKPORTAL_INTEGRATED_2024_T1,matching_original_identifier_and_class,not_certified_requires_population_and_entity_scope_audit,different_fiscal_unit_classes_cannot_be_summed,14012922.32,13610420.02,3755.81,3750.46,5958467.00,5728065.00,0.00,41.00,8054455.32,7882314.02
145210330330,14,municipality,"Jöhstadt, Stadt","Jöhstadt, Stadt",kreisangehörige Gemeinde,kreisangehörige Gemeinde,14521330,14521330,2497,2446,STATISTIKPORTAL_INTEGRATED_2023_T1,STATISTIKPORTAL_INTEGRATED_2024_T1,matching_original_identifier_and_class,not_certified_requires_population_and_entity_scope_audit,different_fiscal_unit_classes_cannot_be_summed,2884067.40,4778447.29,1155.01,1953.58,1385343.00,1788133.00,0.00,85.42,1498724.40,2990228.87
145210355355,14,municipality,"Lauter-Bernsbach, Stadt","Lauter-Bernsbach, Stadt",kreisangehörige Gemeinde,kreisangehörige Gemeinde,14521355,14521355,8378,8261,STATISTIKPORTAL_INTEGRATED_2023_T1,STATISTIKPORTAL_INTEGRATED_2024_T1,matching_original_identifier_and_class,not_certified_requires_population_and_entity_scope_audit,different_fiscal_unit_classes_cannot_be_summed,11443397.92,11742021.58,1365.89,1421.38,1524993.00,1400105.00,53224.96,18005.27,9865179.96,10323911.31
145210370370,14,municipality,"Lößnitz, Stadt","Lößnitz, Stadt",kreisangehörige Gemeinde,kreisangehörige Gemeinde,14521370,14521370,7840,7648,STATISTIKPORTAL_INTEGRATED_2023_T1,STATISTIKPORTAL_INTEGRATED_2024_T1,matching_original_identifier_and_class,not_certified_requires_population_and_entity_scope_audit,different_fiscal_unit_classes_cannot_be_summed,14398541.15,14972265.80,1836.55,1957.67,102809.00,51402.00,26342.25,17388.46,14269389.90,14903475.34
145210390390,14,municipality,"Marienberg, Stadt","Marienberg, Stadt",große Kreisstadt,große Kreisstadt,14521390,14521390,16548,16165,STATISTIKPORTAL_INTEGRATED_2023_T1,STATISTIKPORTAL_INTEGRATED_2024_T1,matching_original_identifier_and_class,not_certified_requires_population_and_entity_scope_audit,different_fiscal_unit_classes_cannot_be_summed,32119986.06,31459619.43,1941.02,1946.16,5996259.00,5280542.00,0.00,160.91,26123727.06,26178916.52
145210400400,14,municipality,Mildenau,Mildenau,kreisangehörige Gemeinde,kreisangehörige Gemeinde,14521400,14521400,3426,3369,STATISTIKPORTAL_INTEGRATED_2023_T1,STATISTIKPORTAL_INTEGRATED_2024_T1,matching_original_identifier_and_class,not_certified_requires_population_and_entity_scope_audit,different_fiscal_unit_classes_cannot_be_summed,410939.09,1233821.61,119.95,366.23,200000.00,1060000.00,12520.16,20886.00,198418.93,152935.61
145210410410,14,municipality,Neukirchen/Erzgeb.,Neukirchen/Erzgeb.,kreisangehörige Gemeinde,kreisangehörige Gemeinde,14521410,14521410,6895,6857,STATISTIKPORTAL_INTEGRATED_2023_T1,STATISTIKPORTAL_INTEGRATED_2024_T1,matching_original_identifier_and_class,not_certified_requires_population_and_entity_scope_audit,different_fiscal_unit_classes_cannot_be_summed,8859084.11,8918892.67,1284.86,1300.70,953555.00,762323.00,15796.67,28854.82,7889732.44,8127714.85
145210440440,14,municipality,"Oberwiesenthal, Kurort, Stadt","Oberwiesenthal, Kurort, Stadt",kreisangehörige Gemeinde,kreisangehörige Gemeinde,14521440,14521440,2072,1955,STATISTIKPORTAL_INTEGRATED_2023_T1,STATISTIKPORTAL_INTEGRATED_2024_T1,matching_original_identifier_and_class,not_certified_requires_population_and_entity_scope_audit,different_fiscal_unit_classes_cannot_be_summed,1983883.00,2068126.84,957.47,1057.87,0.00,0.00,0.00,76.41,1983883.00,2068050.43
145210450450,14,municipality,"Oelsnitz/Erzgeb., Stadt","Oelsnitz/Erzgeb., Stadt",kreisangehörige Gemeinde,kreisangehörige Gemeinde,14521450,14521450,10865,11009,STATISTIKPORTAL_INTEGRATED_2023_T1,STATISTIKPORTAL_INTEGRATED_2024_T1,matching_original_identifier_and_class,not_certified_requires_population_and_entity_scope_audit,different_fiscal_unit_classes_cannot_be_summed,37036210.91,38121277.04,3408.76,3462.74,5763915.00,5196635.00,116637.18,86724.05,31155658.73,32837917.99
145210460460,14,municipality,"Olbernhau, Stadt","Olbernhau, Stadt",kreisangehörige Gemeinde,kreisangehörige Gemeinde,14521460,14521460,10426,10090,STATISTIKPORTAL_INTEGRATED_2023_T1,STATISTIKPORTAL_INTEGRATED_2024_T1,matching_original_identifier_and_class,not_certified_requires_population_and_entity_scope_audit,different_fiscal_unit_classes_cannot_be_summed,26319230.70,24827983.41,2524.38,2460.65,275415.00,233693.00,0.00,38.76,26043815.70,24594251.65
145210495495,14,municipality,"Pockau-Lengefeld, Stadt","Pockau-Lengefeld, Stadt",kreisangehörige Gemeinde,kreisangehörige Gemeinde,14521495,14521495,7428,7299,STATISTIKPORTAL_INTEGRATED_2023_T1,STATISTIKPORTAL_INTEGRATED_2024_T1,matching_original_identifier_and_class,not_certified_requires_population_and_entity_scope_audit,different_fiscal_unit_classes_cannot_be_summed,9029387.99,9122510.15,1215.59,1249.83,1151650.00,1000350.00,0.00,35.86,7877737.99,8122124.29
145210500500,14,municipality,Raschau-Markersbach,Raschau-Markersbach,kreisangehörige Gemeinde,kreisangehörige Gemeinde,14521500,14521500,4885,4766,STATISTIKPORTAL_INTEGRATED_2023_T1,STATISTIKPORTAL_INTEGRATED_2024_T1,matching_original_identifier_and_class,not_certified_requires_population_and_entity_scope_audit,different_fiscal_unit_classes_cannot_be_summed,20833758.19,19929927.12,4264.84,4181.69,0.00,0.00,0.00,132.38,20833758.19,19929794.74
145210530530,14,municipality,"Schneeberg, Stadt","Schneeberg, Stadt",kreisangehörige Gemeinde,kreisangehörige Gemeinde,14521530,14521530,13704,13500,STATISTIKPORTAL_INTEGRATED_2023_T1,STATISTIKPORTAL_INTEGRATED_2024_T1,matching_original_identifier_and_class,not_certified_requires_population_and_entity_scope_audit,different_fiscal_unit_classes_cannot_be_summed,64008579.73,62025077.91,4670.80,4594.45,4720301.00,4253175.00,0.00,71.29,59288278.73,57771831.62
145210540540,14,municipality,Schönheide,Schönheide,kreisangehörige Gemeinde,kreisangehörige Gemeinde,14521540,14521540,4207,4054,STATISTIKPORTAL_INTEGRATED_2023_T1,STATISTIKPORTAL_INTEGRATED_2024_T1,matching_original_identifier_and_class,not_certified_requires_population_and_entity_scope_audit,different_fiscal_unit_classes_cannot_be_summed,4057646.85,4036143.88,964.50,995.60,0.00,0.00,59059.39,17242.21,3998587.46,4018901.67
145210550550,14,municipality,"Schwarzenberg/Erzgeb., Stadt","Schwarzenberg/Erzgeb., Stadt",große Kreisstadt,große Kreisstadt,14521550,14521550,15852,15621,STATISTIKPORTAL_INTEGRATED_2023_T1,STATISTIKPORTAL_INTEGRATED_2024_T1,matching_original_identifier_and_class,not_certified_requires_population_and_entity_scope_audit,different_fiscal_unit_classes_cannot_be_summed,39577567.47,38709623.27,2496.69,2478.05,0.00,0.00,15796.67,28914.62,39561770.80,38680708.65
145210560560,14,municipality,Sehmatal,Sehmatal,kreisangehörige Gemeinde,kreisangehörige Gemeinde,14521560,14521560,6147,6071,STATISTIKPORTAL_INTEGRATED_2023_T1,STATISTIKPORTAL_INTEGRATED_2024_T1,matching_original_identifier_and_class,not_certified_requires_population_and_entity_scope_audit,different_fiscal_unit_classes_cannot_be_summed,7436161.40,7401980.75,1209.72,1219.24,104604.00,69460.00,6596.41,7394.57,7324960.99,7325126.18
145210600600,14,municipality,Stützengrün,Stützengrün,kreisangehörige Gemeinde,kreisangehörige Gemeinde,14521600,14521600,3008,3038,STATISTIKPORTAL_INTEGRATED_2023_T1,STATISTIKPORTAL_INTEGRATED_2024_T1,matching_original_identifier_and_class,not_certified_requires_population_and_entity_scope_audit,different_fiscal_unit_classes_cannot_be_summed,4264064.51,4114362.43,1417.57,1354.30,1655788.00,1500288.00,0.00,21.61,2608276.51,2614052.82
145210620620,14,municipality,"Thalheim/Erzgeb., Stadt","Thalheim/Erzgeb., Stadt",kreisangehörige Gemeinde,kreisangehörige Gemeinde,14521620,14521620,5943,5966,STATISTIKPORTAL_INTEGRATED_2023_T1,STATISTIKPORTAL_INTEGRATED_2024_T1,matching_original_identifier_and_class,not_certified_requires_population_and_entity_scope_audit,different_fiscal_unit_classes_cannot_be_summed,15829475.61,15858869.65,2663.55,2658.21,3367720.00,3121540.00,15796.67,7325.29,12445958.94,12730004.36
145210630630,14,municipality,Thermalbad Wiesenbad,Thermalbad Wiesenbad,kreisangehörige Gemeinde,kreisangehörige Gemeinde,14521630,14521630,3226,3123,STATISTIKPORTAL_INTEGRATED_2023_T1,STATISTIKPORTAL_INTEGRATED_2024_T1,matching_original_identifier_and_class,not_certified_requires_population_and_entity_scope_audit,different_fiscal_unit_classes_cannot_be_summed,12623857.79,11418803.36,3913.16,3656.36,205313.00,183320.00,0.00,42.53,12418544.79,11235440.83
145210640640,14,municipality,"Thum, Stadt","Thum, Stadt",kreisangehörige Gemeinde,kreisangehörige Gemeinde,14521640,14521640,4929,4712,STATISTIKPORTAL_INTEGRATED_2023_T1,STATISTIKPORTAL_INTEGRATED_2024_T1,matching_original_identifier_and_class,not_certified_requires_population_and_entity_scope_audit,different_fiscal_unit_classes_cannot_be_summed,4720497.08,4777366.34,957.70,1013.87,181182.00,152404.00,0.00,122.81,4539315.08,4624839.53
145210670670,14,municipality,"Wolkenstein, Stadt","Wolkenstein, Stadt",kreisangehörige Gemeinde,kreisangehörige Gemeinde,14521670,14521670,3832,3768,STATISTIKPORTAL_INTEGRATED_2023_T1,STATISTIKPORTAL_INTEGRATED_2024_T1,matching_original_identifier_and_class,not_certified_requires_population_and_entity_scope_audit,different_fiscal_unit_classes_cannot_be_summed,5342574.61,5101412.81,1394.20,1353.88,3713123.00,3430263.00,10545.58,11601.87,1618906.03,1659547.94
145215101060,14,municipality,Bärenstein,Bärenstein,erfüllende Gemeinde,erfüllende Gemeinde,14521060,14521060,2272,2163,STATISTIKPORTAL_INTEGRATED_2023_T1,STATISTIKPORTAL_INTEGRATED_2024_T1,matching_original_identifier_and_class,not_certified_requires_population_and_entity_scope_audit,different_fiscal_unit_classes_cannot_be_summed,2375584.06,2427952.84,1045.59,1122.49,272093.00,248827.00,0.00,107.59,2103491.06,2179018.25
145215101340,14,municipality,Königswalde,Königswalde,beauftragende Gemeinde,beauftragende Gemeinde,14521340,14521340,2182,2112,STATISTIKPORTAL_INTEGRATED_2023_T1,STATISTIKPORTAL_INTEGRATED_2024_T1,matching_original_identifier_and_class,not_certified_requires_population_and_entity_scope_audit,different_fiscal_unit_classes_cannot_be_summed,1999530.93,1816756.04,916.38,860.21,303011.00,279976.00,0.00,4.33,1696519.93,1536775.71
145215103040,14,municipality,Auerbach,Auerbach,beauftragende Gemeinde,beauftragende Gemeinde,14521040,14521040,2353,2322,STATISTIKPORTAL_INTEGRATED_2023_T1,STATISTIKPORTAL_INTEGRATED_2024_T1,matching_original_identifier_and_class,not_certified_requires_population_and_entity_scope_audit,different_fiscal_unit_classes_cannot_be_summed,4672352.23,4752451.33,1985.70,2046.71,656661.00,601861.00,3949.17,1478.98,4011742.06,4149111.35
145215103120,14,municipality,Burkhardtsdorf,Burkhardtsdorf,erfüllende Gemeinde,erfüllende Gemeinde,14521120,14521120,6037,5978,STATISTIKPORTAL_INTEGRATED_2023_T1,STATISTIKPORTAL_INTEGRATED_2024_T1,matching_original_identifier_and_class,not_certified_requires_population_and_entity_scope_audit,different_fiscal_unit_classes_cannot_be_summed,12907217.98,12813981.67,2138.02,2143.52,4507232.00,4108431.00,10545.58,11629.64,8389440.40,8693921.03
145215103230,14,municipality,Gornsdorf,Gornsdorf,beauftragende Gemeinde,beauftragende Gemeinde,14521230,14521230,1895,1921,STATISTIKPORTAL_INTEGRATED_2023_T1,STATISTIKPORTAL_INTEGRATED_2024_T1,matching_original_identifier_and_class,not_certified_requires_population_and_entity_scope_audit,different_fiscal_unit_classes_cannot_be_summed,5601004.00,6231400.76,2955.67,3243.83,2843235.00,3392797.00,0.00,369687.31,2757769.00,2468916.45
145215110210,14,municipality,"Geyer, Stadt","Geyer, Stadt",erfüllende Gemeinde,erfüllende Gemeinde,14521210,14521210,3361,3281,STATISTIKPORTAL_INTEGRATED_2023_T1,STATISTIKPORTAL_INTEGRATED_2024_T1,matching_original_identifier_and_class,not_certified_requires_population_and_entity_scope_audit,different_fiscal_unit_classes_cannot_be_summed,6755349.11,5872383.81,2009.92,1789.82,2351958.00,1585690.00,10545.58,11607.15,4392845.53,4275086.66
145215110610,14,municipality,Tannenberg,Tannenberg,beauftragende Gemeinde,beauftragende Gemeinde,14521610,14521610,1054,1035,STATISTIKPORTAL_INTEGRATED_2023_T1,STATISTIKPORTAL_INTEGRATED_2024_T1,matching_original_identifier_and_class,not_certified_requires_population_and_entity_scope_audit,different_fiscal_unit_classes_cannot_be_summed,1225210.56,1575045.43,1162.44,1521.78,331155.00,780655.00,3949.17,4304.19,890106.39,790086.24
145215115380,14,municipality,"Lugau/Erzgeb., Stadt","Lugau/Erzgeb., Stadt",erfüllende Gemeinde,erfüllende Gemeinde,14521380,14521380,7791,7549,STATISTIKPORTAL_INTEGRATED_2023_T1,STATISTIKPORTAL_INTEGRATED_2024_T1,matching_original_identifier_and_class,not_certified_requires_population_and_entity_scope_audit,different_fiscal_unit_classes_cannot_be_summed,18464404.10,18118612.52,2369.97,2400.13,2471001.00,2166234.00,77145.50,69338.91,15916257.60,15883039.61
145215115430,14,municipality,Niederwürschnitz,Niederwürschnitz,beauftragende Gemeinde,beauftragende Gemeinde,14521430,14521430,2533,2533,STATISTIKPORTAL_INTEGRATED_2023_T1,STATISTIKPORTAL_INTEGRATED_2024_T1,matching_original_identifier_and_class,not_certified_requires_population_and_entity_scope_audit,different_fiscal_unit_classes_cannot_be_summed,5908976.40,6120320.22,2332.80,2416.23,2919113.00,2809189.00,0.00,57.01,2989863.40,3311074.21
145215130510,14,municipality,"Scheibenberg, Stadt","Scheibenberg, Stadt",erfüllende Gemeinde,erfüllende Gemeinde,14521510,14521510,2040,1954,STATISTIKPORTAL_INTEGRATED_2023_T1,STATISTIKPORTAL_INTEGRATED_2024_T1,matching_original_identifier_and_class,not_certified_requires_population_and_entity_scope_audit,different_fiscal_unit_classes_cannot_be_summed,3500383.56,3399238.07,1715.87,1739.63,1042272.00,1006290.00,0.00,58.19,2458111.56,2392889.88
145215130520,14,municipality,"Schlettau, Stadt","Schlettau, Stadt",beauftragende Gemeinde,beauftragende Gemeinde,14521520,14521520,2295,2231,STATISTIKPORTAL_INTEGRATED_2023_T1,STATISTIKPORTAL_INTEGRATED_2024_T1,matching_original_identifier_and_class,not_certified_requires_population_and_entity_scope_audit,different_fiscal_unit_classes_cannot_be_summed,2840285.05,2725880.38,1237.60,1221.82,189000.00,120600.00,0.00,51.20,2651285.05,2605229.18
145215132140,14,municipality,Deutschneudorf,Deutschneudorf,beauftragende Gemeinde,beauftragende Gemeinde,14521140,14521140,931,851,STATISTIKPORTAL_INTEGRATED_2023_T1,STATISTIKPORTAL_INTEGRATED_2024_T1,matching_original_identifier_and_class,not_certified_requires_population_and_entity_scope_audit,different_fiscal_unit_classes_cannot_be_summed,777951.98,751831.31,835.61,883.47,59577.00,41053.00,0.00,0.00,718374.98,710778.31
145215132280,14,municipality,Heidersdorf,Heidersdorf,beauftragende Gemeinde,beauftragende Gemeinde,14521280,14521280,759,743,STATISTIKPORTAL_INTEGRATED_2023_T1,STATISTIKPORTAL_INTEGRATED_2024_T1,matching_original_identifier_and_class,not_certified_requires_population_and_entity_scope_audit,different_fiscal_unit_classes_cannot_be_summed,575992.84,771169.74,758.88,1037.91,0.00,218197.00,0.00,0.87,575992.84,552971.87
145215132570,14,municipality,"Seiffen/Erzgeb., Kurort","Seiffen/Erzgeb., Kurort",erfüllende Gemeinde,erfüllende Gemeinde,14521570,14521570,2004,1834,STATISTIKPORTAL_INTEGRATED_2023_T1,STATISTIKPORTAL_INTEGRATED_2024_T1,matching_original_identifier_and_class,not_certified_requires_population_and_entity_scope_audit,different_fiscal_unit_classes_cannot_be_summed,3139713.66,4323403.24,1566.72,2357.36,1592072.00,2844670.00,0.00,14.25,1547641.66,1478718.99
145215133420,14,municipality,Niederdorf,Niederdorf,beauftragende Gemeinde,beauftragende Gemeinde,14521420,14521420,1343,1299,STATISTIKPORTAL_INTEGRATED_2023_T1,STATISTIKPORTAL_INTEGRATED_2024_T1,matching_original_identifier_and_class,not_certified_requires_population_and_entity_scope_audit,different_fiscal_unit_classes_cannot_be_summed,4365936.97,4671143.15,3250.88,3595.95,1953864.00,1869529.00,0.00,26.87,2412072.97,2801587.28
145215133590,14,municipality,"Stollberg/Erzgeb., Stadt","Stollberg/Erzgeb., Stadt",große Kreisstadt als erfüllende Gem.,große Kreisstadt als erfüllende Gem.,14521590,14521590,11081,11153,STATISTIKPORTAL_INTEGRATED_2023_T1,STATISTIKPORTAL_INTEGRATED_2024_T1,matching_original_identifier_and_class,not_certified_requires_population_and_entity_scope_audit,different_fiscal_unit_classes_cannot_be_summed,40092867.42,43800984.01,3618.16,3927.28,15018275.00,14009274.00,121466.41,39578.43,24953126.01,29752131.58
145215138220,14,municipality,Gornau/Erzgeb.,Gornau/Erzgeb.,beauftragende Gemeinde,beauftragende Gemeinde,14521220,14521220,3723,3689,STATISTIKPORTAL_INTEGRATED_2023_T1,STATISTIKPORTAL_INTEGRATED_2024_T1,matching_original_identifier_and_class,not_certified_requires_population_and_entity_scope_audit,different_fiscal_unit_classes_cannot_be_summed,8314505.58,13185571.18,2233.28,3574.29,5006561.00,9000000.00,0.00,57.99,3307944.58,4185513.19
145215138690,14,municipality,"Zschopau, Stadt, Motorradstadt","Zschopau, Stadt, Motorradstadt",große Kreisstadt als erfüllende Gem.,große Kreisstadt als erfüllende Gem.,14521690,14521690,9021,8754,STATISTIKPORTAL_INTEGRATED_2023_T1,STATISTIKPORTAL_INTEGRATED_2024_T1,matching_original_identifier_and_class,not_certified_requires_population_and_entity_scope_audit,different_fiscal_unit_classes_cannot_be_summed,20450381.50,21564139.07,2266.98,2463.35,2584460.00,2427783.00,15796.67,11744.29,17850124.83,19124611.78
145215139080,14,municipality,Bockau,Bockau,beauftragende Gemeinde,beauftragende Gemeinde,14521080,14521080,2193,2101,STATISTIKPORTAL_INTEGRATED_2023_T1,STATISTIKPORTAL_INTEGRATED_2024_T1,matching_original_identifier_and_class,not_certified_requires_population_and_entity_scope_audit,different_fiscal_unit_classes_cannot_be_summed,2816328.32,2719536.74,1284.24,1294.40,161213.00,86680.00,40887.27,11939.58,2614228.05,2620917.16
145215139700,14,municipality,Zschorlau,Zschorlau,erfüllende Gemeinde,erfüllende Gemeinde,14521700,14521700,5163,5033,STATISTIKPORTAL_INTEGRATED_2023_T1,STATISTIKPORTAL_INTEGRATED_2024_T1,matching_original_identifier_and_class,not_certified_requires_population_and_entity_scope_audit,different_fiscal_unit_classes_cannot_be_summed,5368277.10,5536277.11,1039.76,1100.00,0.00,0.00,40887.27,12007.56,5327389.83,5524269.55
145215140180,14,municipality,"Elterlein, Stadt","Elterlein, Stadt",beauftragende Gemeinde,beauftragende Gemeinde,14521180,14521180,2747,2674,STATISTIKPORTAL_INTEGRATED_2023_T1,STATISTIKPORTAL_INTEGRATED_2024_T1,matching_original_identifier_and_class,not_certified_requires_population_and_entity_scope_audit,different_fiscal_unit_classes_cannot_be_summed,3546185.49,3538769.66,1290.93,1323.40,183559.00,70127.00,0.00,40.94,3362626.49,3468601.72
145215140710,14,municipality,"Zwönitz, Stadt","Zwönitz, Stadt",erfüllende Gemeinde,erfüllende Gemeinde,14521710,14521710,11715,11411,STATISTIKPORTAL_INTEGRATED_2023_T1,STATISTIKPORTAL_INTEGRATED_2024_T1,matching_original_identifier_and_class,not_certified_requires_population_and_entity_scope_audit,different_fiscal_unit_classes_cannot_be_summed,18566866.61,18303413.27,1584.88,1604.01,0.00,0.00,0.00,187.25,18566866.61,18303226.02
145215405,14,joint_administration,VVH Wildenstein,VVH Wildenstein,Verwaltungsverbandshaushalt,Verwaltungsverbandshaushalt,,,4218,4022,STATISTIKPORTAL_INTEGRATED_2023_T1,STATISTIKPORTAL_INTEGRATED_2024_T1,matching_original_identifier_and_class,not_certified_requires_population_and_entity_scope_audit,different_fiscal_unit_classes_cannot_be_summed,0.00,19.20,0.00,0.00,0.00,0.00,0.00,18.58,0.00,0.62
145215405090,14,municipality,Börnichen/Erzgeb.,Börnichen/Erzgeb.,Mitgliedsgemeinde,Mitgliedsgemeinde,14521090,14521090,952,954,STATISTIKPORTAL_INTEGRATED_2023_T1,STATISTIKPORTAL_INTEGRATED_2024_T1,matching_original_identifier_and_class,not_certified_requires_population_and_entity_scope_audit,different_fiscal_unit_classes_cannot_be_summed,705442.30,897399.64,741.01,940.67,0.00,0.00,0.00,0.00,705442.30,897399.64
145215405270,14,municipality,Grünhainichen,Grünhainichen,Mitgliedsgemeinde,Mitgliedsgemeinde,14521270,14521270,3266,3068,STATISTIKPORTAL_INTEGRATED_2023_T1,STATISTIKPORTAL_INTEGRATED_2024_T1,matching_original_identifier_and_class,not_certified_requires_population_and_entity_scope_audit,different_fiscal_unit_classes_cannot_be_summed,4230928.72,4508826.86,1295.45,1469.63,1058704.00,1021984.00,1301.92,1439.01,3170922.80,3485403.85
14522,14,county_administration,LK Mittelsachsen,LKH Mittelsachsen,Landratsamt,Landratsamt,,,300483,297146,STATISTIKPORTAL_INTEGRATED_2023_T1,STATISTIKPORTAL_INTEGRATED_2024_T1,legal_name_or_form_changed_review,not_certified_requires_population_and_entity_scope_audit,different_fiscal_unit_classes_cannot_be_summed,126264784.18,147958961.25,420.21,497.93,8308398.00,18306250.00,57513876.54,57251813.26,60442509.64,72400897.99
145220020020,14,municipality,"Augustusburg, Stadt","Augustusburg, Stadt",kreisangehörige Gemeinde,kreisangehörige Gemeinde,14522020,14522020,4523,4402,STATISTIKPORTAL_INTEGRATED_2023_T1,STATISTIKPORTAL_INTEGRATED_2024_T1,matching_original_identifier_and_class,not_certified_requires_population_and_entity_scope_audit,different_fiscal_unit_classes_cannot_be_summed,11141218.94,11136410.05,2463.24,2529.85,2192738.00,2334500.00,15796.67,17326.75,8932684.27,8784583.30
145220035035,14,municipality,Bobritzsch-Hilbersdorf,Bobritzsch-Hilbersdorf,kreisangehörige Gemeinde,kreisangehörige Gemeinde,14522035,14522035,5651,5642,STATISTIKPORTAL_INTEGRATED_2023_T1,STATISTIKPORTAL_INTEGRATED_2024_T1,matching_original_identifier_and_class,not_certified_requires_population_and_entity_scope_audit,different_fiscal_unit_classes_cannot_be_summed,14498108.85,14374823.25,2565.58,2547.82,2109399.00,1728728.00,743500.00,666565.04,11645209.85,11979530.21
145220050050,14,municipality,"Brand-Erbisdorf, Stadt","Brand-Erbisdorf, Stadt",große Kreisstadt,große Kreisstadt,14522050,14522050,8985,8856,STATISTIKPORTAL_INTEGRATED_2023_T1,STATISTIKPORTAL_INTEGRATED_2024_T1,matching_original_identifier_and_class,not_certified_requires_population_and_entity_scope_audit,different_fiscal_unit_classes_cannot_be_summed,29273241.12,28001186.38,3258.01,3161.83,2477960.00,2063155.00,0.00,199.81,26795281.12,25937831.57
145220070070,14,municipality,Claußnitz,Claußnitz,kreisangehörige Gemeinde,kreisangehörige Gemeinde,14522070,14522070,2927,2924,STATISTIKPORTAL_INTEGRATED_2023_T1,STATISTIKPORTAL_INTEGRATED_2024_T1,matching_original_identifier_and_class,not_certified_requires_population_and_entity_scope_audit,different_fiscal_unit_classes_cannot_be_summed,4760880.95,4676099.07,1626.54,1599.21,0.00,0.00,3949.17,7265.02,4756931.78,4668834.05
145220080080,14,municipality,"Döbeln, Stadt","Döbeln, Stadt",große Kreisstadt,große Kreisstadt,14522080,14522080,23827,23763,STATISTIKPORTAL_INTEGRATED_2023_T1,STATISTIKPORTAL_INTEGRATED_2024_T1,matching_original_identifier_and_class,not_certified_requires_population_and_entity_scope_audit,different_fiscal_unit_classes_cannot_be_summed,61325570.83,64032117.66,2573.78,2694.61,9406014.00,8892275.00,5265.43,8730.59,51914291.40,55131112.07
145220110110,14,municipality,Eppendorf,Eppendorf,kreisangehörige Gemeinde,kreisangehörige Gemeinde,14522110,14522110,3932,3822,STATISTIKPORTAL_INTEGRATED_2023_T1,STATISTIKPORTAL_INTEGRATED_2024_T1,matching_original_identifier_and_class,not_certified_requires_population_and_entity_scope_audit,different_fiscal_unit_classes_cannot_be_summed,6046309.80,6175324.87,1537.72,1615.73,754364.00,703964.00,15796.67,11599.89,5276149.13,5459760.98
145220120120,14,municipality,Erlau,Erlau,kreisangehörige Gemeinde,kreisangehörige Gemeinde,14522120,14522120,3113,3101,STATISTIKPORTAL_INTEGRATED_2023_T1,STATISTIKPORTAL_INTEGRATED_2024_T1,matching_original_identifier_and_class,not_certified_requires_population_and_entity_scope_audit,different_fiscal_unit_classes_cannot_be_summed,2290543.25,3201659.62,735.80,1032.46,522779.00,486574.00,6596.41,4329.99,1761167.84,2710755.63
145220140140,14,municipality,"Flöha, Stadt","Flöha, Stadt",große Kreisstadt,große Kreisstadt,14522140,14522140,10455,10225,STATISTIKPORTAL_INTEGRATED_2023_T1,STATISTIKPORTAL_INTEGRATED_2024_T1,matching_original_identifier_and_class,not_certified_requires_population_and_entity_scope_audit,different_fiscal_unit_classes_cannot_be_summed,27994611.36,25329320.34,2677.63,2477.20,4321622.00,3561079.00,0.00,174.96,23672989.36,21768066.38
145220150150,14,municipality,"Frankenberg/Sa., Stadt, Garnisonsstadt","Frankenberg/Sa., Stadt, Garnisonsstadt",kreisangehörige Gemeinde,kreisangehörige Gemeinde,14522150,14522150,13780,13678,STATISTIKPORTAL_INTEGRATED_2023_T1,STATISTIKPORTAL_INTEGRATED_2024_T1,matching_original_identifier_and_class,not_certified_requires_population_and_entity_scope_audit,different_fiscal_unit_classes_cannot_be_summed,49055756.53,38300442.04,3559.92,2800.15,4693030.00,12001981.00,8128472.68,28947.56,36234253.85,26269513.48
145220170170,14,municipality,"Frauenstein, Stadt","Frauenstein, Stadt",kreisangehörige Gemeinde,kreisangehörige Gemeinde,14522170,14522170,2688,2699,STATISTIKPORTAL_INTEGRATED_2023_T1,STATISTIKPORTAL_INTEGRATED_2024_T1,matching_original_identifier_and_class,not_certified_requires_population_and_entity_scope_audit,different_fiscal_unit_classes_cannot_be_summed,10001077.66,10421089.40,3720.64,3861.09,3605305.00,3837728.00,3949.17,4331.29,6391823.49,6579030.11
145220180180,14,municipality,"Freiberg, Stadt, Universitätsstadt","Freiberg, Stadt, Universitätsstadt",große Kreisstadt,große Kreisstadt,14522180,14522180,40609,41385,STATISTIKPORTAL_INTEGRATED_2023_T1,STATISTIKPORTAL_INTEGRATED_2024_T1,matching_original_identifier_and_class,not_certified_requires_population_and_entity_scope_audit,different_fiscal_unit_classes_cannot_be_summed,165352004.69,162233825.99,4071.81,3920.11,11703354.00,10322510.00,769842.25,709831.07,152878808.44,151201484.92
145220190190,14,municipality,"Geringswalde, Stadt","Geringswalde, Stadt",kreisangehörige Gemeinde,kreisangehörige Gemeinde,14522190,14522190,4191,4075,STATISTIKPORTAL_INTEGRATED_2023_T1,STATISTIKPORTAL_INTEGRATED_2024_T1,matching_original_identifier_and_class,not_certified_requires_population_and_entity_scope_audit,different_fiscal_unit_classes_cannot_be_summed,4442267.43,4991095.54,1059.95,1224.81,481116.00,406264.00,3949.17,1497.44,3957202.26,4583334.10
145220200200,14,municipality,Großhartmannsdorf,Großhartmannsdorf,kreisangehörige Gemeinde,kreisangehörige Gemeinde,14522200,14522200,2437,2348,STATISTIKPORTAL_INTEGRATED_2023_T1,STATISTIKPORTAL_INTEGRATED_2024_T1,matching_original_identifier_and_class,not_certified_requires_population_and_entity_scope_audit,different_fiscal_unit_classes_cannot_be_summed,3233157.33,3248522.58,1326.70,1383.53,778332.00,700487.00,0.00,20.74,2454825.33,2548014.84
145220210210,14,municipality,"Großschirma, Stadt","Großschirma, Stadt",kreisangehörige Gemeinde,kreisangehörige Gemeinde,14522210,14522210,5498,5228,STATISTIKPORTAL_INTEGRATED_2023_T1,STATISTIKPORTAL_INTEGRATED_2024_T1,matching_original_identifier_and_class,not_certified_requires_population_and_entity_scope_audit,different_fiscal_unit_classes_cannot_be_summed,10578290.50,11148611.66,1924.03,2132.48,1130489.00,1050489.00,10545.58,11590.96,9437255.92,10086531.70
145220220220,14,municipality,Großweitzschen,Großweitzschen,kreisangehörige Gemeinde,kreisangehörige Gemeinde,14522220,14522220,2668,2629,STATISTIKPORTAL_INTEGRATED_2023_T1,STATISTIKPORTAL_INTEGRATED_2024_T1,matching_original_identifier_and_class,not_certified_requires_population_and_entity_scope_audit,different_fiscal_unit_classes_cannot_be_summed,7098899.99,7800073.61,2660.76,2966.94,891799.00,841597.00,0.00,17.72,6207100.99,6958458.89
145220230230,14,municipality,"Hainichen, Stadt","Hainichen, Stadt",große Kreisstadt,große Kreisstadt,14522230,14522230,8458,8285,STATISTIKPORTAL_INTEGRATED_2023_T1,STATISTIKPORTAL_INTEGRATED_2024_T1,matching_original_identifier_and_class,not_certified_requires_population_and_entity_scope_audit,different_fiscal_unit_classes_cannot_be_summed,15632458.42,15830933.84,1848.25,1910.79,6603750.00,6332500.00,15796.67,11632.93,9012911.75,9486800.91
145220240240,14,municipality,Halsbrücke,Halsbrücke,kreisangehörige Gemeinde,kreisangehörige Gemeinde,14522240,14522240,5005,5014,STATISTIKPORTAL_INTEGRATED_2023_T1,STATISTIKPORTAL_INTEGRATED_2024_T1,matching_original_identifier_and_class,not_certified_requires_population_and_entity_scope_audit,different_fiscal_unit_classes_cannot_be_summed,9826592.13,10434997.69,1963.36,2081.17,0.00,0.00,0.00,30.97,9826592.13,10434966.72
145220250250,14,municipality,"Hartha, Stadt","Hartha, Stadt",kreisangehörige Gemeinde,kreisangehörige Gemeinde,14522250,14522250,6725,6561,STATISTIKPORTAL_INTEGRATED_2023_T1,STATISTIKPORTAL_INTEGRATED_2024_T1,matching_original_identifier_and_class,not_certified_requires_population_and_entity_scope_audit,different_fiscal_unit_classes_cannot_be_summed,18408441.07,17757067.75,2737.31,2706.46,4969785.00,4718118.00,17112.93,18753.97,13421543.14,13020195.78
145220260260,14,municipality,Hartmannsdorf,Hartmannsdorf,kreisangehörige Gemeinde,kreisangehörige Gemeinde,14522260,14522260,4438,4373,STATISTIKPORTAL_INTEGRATED_2023_T1,STATISTIKPORTAL_INTEGRATED_2024_T1,matching_original_identifier_and_class,not_certified_requires_population_and_entity_scope_audit,different_fiscal_unit_classes_cannot_be_summed,9909712.54,9477806.45,2232.92,2167.35,3860183.00,3386543.00,10545.58,7302.84,6038983.96,6083960.61
145220275275,14,municipality,Jahnatal,Jahnatal,kreisangehörige Gemeinde,kreisangehörige Gemeinde,14522275,14522275,4766,4731,STATISTIKPORTAL_INTEGRATED_2023_T1,STATISTIKPORTAL_INTEGRATED_2024_T1,matching_original_identifier_and_class,not_certified_requires_population_and_entity_scope_audit,different_fiscal_unit_classes_cannot_be_summed,11053462.63,12308604.87,2319.23,2601.69,436814.00,384022.00,0.00,26.36,10616648.63,11924556.51
145220290290,14,municipality,Königshain-Wiederau,Königshain-Wiederau,kreisangehörige Gemeinde,kreisangehörige Gemeinde,14522290,14522290,2550,2494,STATISTIKPORTAL_INTEGRATED_2023_T1,STATISTIKPORTAL_INTEGRATED_2024_T1,matching_original_identifier_and_class,not_certified_requires_population_and_entity_scope_audit,different_fiscal_unit_classes_cannot_be_summed,1223345.67,2500367.06,479.74,1002.55,336666.00,283333.00,0.00,8.51,886679.67,2217025.55
145220300300,14,municipality,Kriebstein,Kriebstein,kreisangehörige Gemeinde,kreisangehörige Gemeinde,14522300,14522300,1988,1968,STATISTIKPORTAL_INTEGRATED_2023_T1,STATISTIKPORTAL_INTEGRATED_2024_T1,matching_original_identifier_and_class,not_certified_requires_population_and_entity_scope_audit,different_fiscal_unit_classes_cannot_be_summed,1489709.23,1824628.21,749.35,927.15,0.00,0.00,0.00,25.49,1489709.23,1824602.72
145220310310,14,municipality,"Leisnig, Stadt","Leisnig, Stadt",kreisangehörige Gemeinde,kreisangehörige Gemeinde,14522310,14522310,8231,8024,STATISTIKPORTAL_INTEGRATED_2023_T1,STATISTIKPORTAL_INTEGRATED_2024_T1,matching_original_identifier_and_class,not_certified_requires_population_and_entity_scope_audit,different_fiscal_unit_classes_cannot_be_summed,14160168.90,13551619.51,1720.35,1688.89,1800773.00,1532841.00,26342.25,28810.66,12333053.65,11989967.85
145220320320,14,municipality,Leubsdorf,Leubsdorf,kreisangehörige Gemeinde,kreisangehörige Gemeinde,14522320,14522320,3241,3214,STATISTIKPORTAL_INTEGRATED_2023_T1,STATISTIKPORTAL_INTEGRATED_2024_T1,matching_original_identifier_and_class,not_certified_requires_population_and_entity_scope_audit,different_fiscal_unit_classes_cannot_be_summed,3466915.47,4422535.52,1069.71,1376.02,143283.00,0.00,26342.25,11570.12,3297290.22,4410965.40
145220330330,14,municipality,Lichtenau,Lichtenau,kreisangehörige Gemeinde,kreisangehörige Gemeinde,14522330,14522330,6978,6935,STATISTIKPORTAL_INTEGRATED_2023_T1,STATISTIKPORTAL_INTEGRATED_2024_T1,matching_original_identifier_and_class,not_certified_requires_population_and_entity_scope_audit,different_fiscal_unit_classes_cannot_be_summed,7029966.29,7963251.73,1007.45,1148.27,139745.00,0.00,15796.67,11571.78,6874424.62,7951679.95
145220350350,14,municipality,"Lunzenau, Stadt","Lunzenau, Stadt",kreisangehörige Gemeinde,kreisangehörige Gemeinde,14522350,14522350,4042,3907,STATISTIKPORTAL_INTEGRATED_2023_T1,STATISTIKPORTAL_INTEGRATED_2024_T1,matching_original_identifier_and_class,not_certified_requires_population_and_entity_scope_audit,different_fiscal_unit_classes_cannot_be_summed,6284624.47,6519304.71,1554.83,1668.62,0.00,0.00,0.00,41.32,6284624.47,6519263.39
145220390390,14,municipality,Mulda/Sa.,Mulda/Sa.,kreisangehörige Gemeinde,kreisangehörige Gemeinde,14522390,14522390,2421,2364,STATISTIKPORTAL_INTEGRATED_2023_T1,STATISTIKPORTAL_INTEGRATED_2024_T1,matching_original_identifier_and_class,not_certified_requires_population_and_entity_scope_audit,different_fiscal_unit_classes_cannot_be_summed,4635829.40,4748580.00,1914.84,2008.71,1595451.00,1510875.00,0.00,37.03,3040378.40,3237667.97
145220400400,14,municipality,Neuhausen/Erzgeb.,Neuhausen/Erzgeb.,kreisangehörige Gemeinde,kreisangehörige Gemeinde,14522400,14522400,2522,2473,STATISTIKPORTAL_INTEGRATED_2023_T1,STATISTIKPORTAL_INTEGRATED_2024_T1,matching_original_identifier_and_class,not_certified_requires_population_and_entity_scope_audit,different_fiscal_unit_classes_cannot_be_summed,3296841.66,3193304.31,1307.23,1291.27,950393.00,875880.00,10545.58,11543.51,2335903.08,2305880.80
145220420420,14,municipality,Niederwiesa,Niederwiesa,kreisangehörige Gemeinde,kreisangehörige Gemeinde,14522420,14522420,4720,4719,STATISTIKPORTAL_INTEGRATED_2023_T1,STATISTIKPORTAL_INTEGRATED_2024_T1,matching_original_identifier_and_class,not_certified_requires_population_and_entity_scope_audit,different_fiscal_unit_classes_cannot_be_summed,7405523.34,6837103.50,1568.97,1448.85,2047783.00,1770715.00,0.00,61.42,5357740.34,5066327.08
145220430430,14,municipality,Oberschöna,Oberschöna,kreisangehörige Gemeinde,kreisangehörige Gemeinde,14522430,14522430,3194,3168,STATISTIKPORTAL_INTEGRATED_2023_T1,STATISTIKPORTAL_INTEGRATED_2024_T1,matching_original_identifier_and_class,not_certified_requires_population_and_entity_scope_audit,different_fiscal_unit_classes_cannot_be_summed,2151505.83,2261819.65,673.61,713.96,27404.00,0.00,0.00,31.54,2124101.83,2261788.11
145220440440,14,municipality,"Oederan, Stadt","Oederan, Stadt",kreisangehörige Gemeinde,kreisangehörige Gemeinde,14522440,14522440,7775,7556,STATISTIKPORTAL_INTEGRATED_2023_T1,STATISTIKPORTAL_INTEGRATED_2024_T1,matching_original_identifier_and_class,not_certified_requires_population_and_entity_scope_audit,different_fiscal_unit_classes_cannot_be_summed,16768033.00,16670994.03,2156.66,2206.33,3000000.00,3000000.00,0.00,131.07,13768033.00,13670862.96
145220460460,14,municipality,"Penig, Stadt","Penig, Stadt",kreisangehörige Gemeinde,kreisangehörige Gemeinde,14522460,14522460,8394,8128,STATISTIKPORTAL_INTEGRATED_2023_T1,STATISTIKPORTAL_INTEGRATED_2024_T1,matching_original_identifier_and_class,not_certified_requires_population_and_entity_scope_audit,different_fiscal_unit_classes_cannot_be_summed,13025031.54,12577786.15,1551.71,1547.46,22816.00,0.00,0.00,99.81,13002215.54,12577686.34
145220470470,14,municipality,Rechenberg-Bienenmühle,Rechenberg-Bienenmühle,kreisangehörige Gemeinde,kreisangehörige Gemeinde,14522470,14522470,1795,1776,STATISTIKPORTAL_INTEGRATED_2023_T1,STATISTIKPORTAL_INTEGRATED_2024_T1,matching_original_identifier_and_class,not_certified_requires_population_and_entity_scope_audit,different_fiscal_unit_classes_cannot_be_summed,3193904.55,3513558.28,1779.33,1978.35,754407.00,916696.00,10545.58,11539.62,2428951.97,2585322.66
145220480480,14,municipality,Reinsberg,Reinsberg,kreisangehörige Gemeinde,kreisangehörige Gemeinde,14522480,14522480,2832,2816,STATISTIKPORTAL_INTEGRATED_2023_T1,STATISTIKPORTAL_INTEGRATED_2024_T1,matching_original_identifier_and_class,not_certified_requires_population_and_entity_scope_audit,different_fiscal_unit_classes_cannot_be_summed,5700779.96,5922262.89,2012.99,2103.08,1620700.00,1520700.00,0.00,55.32,4080079.96,4401507.57
145220500500,14,municipality,Rossau,Rossau,kreisangehörige Gemeinde,kreisangehörige Gemeinde,14522500,14522500,3486,3303,STATISTIKPORTAL_INTEGRATED_2023_T1,STATISTIKPORTAL_INTEGRATED_2024_T1,matching_original_identifier_and_class,not_certified_requires_population_and_entity_scope_audit,different_fiscal_unit_classes_cannot_be_summed,3264795.71,5145653.18,936.54,1557.87,1400000.00,2000000.00,0.00,29.22,1864795.71,3145623.96
145220510510,14,municipality,"Roßwein, Stadt","Roßwein, Stadt",kreisangehörige Gemeinde,kreisangehörige Gemeinde,14522510,14522510,7320,7158,STATISTIKPORTAL_INTEGRATED_2023_T1,STATISTIKPORTAL_INTEGRATED_2024_T1,matching_original_identifier_and_class,not_certified_requires_population_and_entity_scope_audit,different_fiscal_unit_classes_cannot_be_summed,13870555.45,16532902.64,1894.88,2309.71,2104623.00,3392713.00,26342.25,28815.84,11739590.20,13111373.80
145220540540,14,municipality,Striegistal,Striegistal,kreisangehörige Gemeinde,kreisangehörige Gemeinde,14522540,14522540,4579,4578,STATISTIKPORTAL_INTEGRATED_2023_T1,STATISTIKPORTAL_INTEGRATED_2024_T1,matching_original_identifier_and_class,not_certified_requires_population_and_entity_scope_audit,different_fiscal_unit_classes_cannot_be_summed,12363567.92,13259203.06,2700.06,2896.29,3323800.00,3182161.00,10545.58,11543.94,9029222.34,10065498.12
145220570570,14,municipality,"Waldheim, Stadt","Waldheim, Stadt",kreisangehörige Gemeinde,kreisangehörige Gemeinde,14522570,14522570,9227,9062,STATISTIKPORTAL_INTEGRATED_2023_T1,STATISTIKPORTAL_INTEGRATED_2024_T1,matching_original_identifier_and_class,not_certified_requires_population_and_entity_scope_audit,different_fiscal_unit_classes_cannot_be_summed,13600165.08,13231157.47,1473.95,1460.07,0.00,0.00,17113.32,30262.48,13583051.76,13200894.99
145220580580,14,municipality,Wechselburg,Wechselburg,kreisangehörige Gemeinde,kreisangehörige Gemeinde,14522580,14522580,1746,1718,STATISTIKPORTAL_INTEGRATED_2023_T1,STATISTIKPORTAL_INTEGRATED_2024_T1,matching_original_identifier_and_class,not_certified_requires_population_and_entity_scope_audit,different_fiscal_unit_classes_cannot_be_summed,3151510.87,3628291.10,1804.99,2111.93,476493.00,405770.00,0.00,20.51,2675017.87,3222500.59
145225102060,14,municipality,"Burgstädt, Stadt","Burgstädt, Stadt",erfüllende Gemeinde,erfüllende Gemeinde,14522060,14522060,10443,10420,STATISTIKPORTAL_INTEGRATED_2023_T1,STATISTIKPORTAL_INTEGRATED_2024_T1,matching_original_identifier_and_class,not_certified_requires_population_and_entity_scope_audit,different_fiscal_unit_classes_cannot_be_summed,23963725.05,25078004.91,2294.72,2406.72,5550234.00,7144835.00,26342.25,28939.76,18387148.80,17904230.15
145225102380,14,municipality,Mühlau,Mühlau,beauftragende Gemeinde,beauftragende Gemeinde,14522380,14522380,2130,2101,STATISTIKPORTAL_INTEGRATED_2023_T1,STATISTIKPORTAL_INTEGRATED_2024_T1,matching_original_identifier_and_class,not_certified_requires_population_and_entity_scope_audit,different_fiscal_unit_classes_cannot_be_summed,3152651.36,3166182.06,1480.12,1506.99,2047661.00,1969406.00,0.00,22.88,1104990.36,1196753.18
145225102550,14,municipality,Taura,Taura,beauftragende Gemeinde,beauftragende Gemeinde,14522550,14522550,2343,2294,STATISTIKPORTAL_INTEGRATED_2023_T1,STATISTIKPORTAL_INTEGRATED_2024_T1,matching_original_identifier_and_class,not_certified_requires_population_and_entity_scope_audit,different_fiscal_unit_classes_cannot_be_summed,5081182.94,4933018.46,2168.67,2150.40,335942.00,283414.00,6596.41,1486.61,4738644.53,4648117.85
145225113340,14,municipality,Lichtenberg/Erzgeb.,Lichtenberg/Erzgeb.,erfüllende Gemeinde,erfüllende Gemeinde,14522340,14522340,2682,2633,STATISTIKPORTAL_INTEGRATED_2023_T1,STATISTIKPORTAL_INTEGRATED_2024_T1,matching_original_identifier_and_class,not_certified_requires_population_and_entity_scope_audit,different_fiscal_unit_classes_cannot_be_summed,4356721.65,4461722.92,1624.43,1694.54,715407.00,584529.00,0.00,15.55,3641314.65,3877178.37
145225113590,14,municipality,Weißenborn/Erzgeb.,Weißenborn/Erzgeb.,beauftragende Gemeinde,beauftragende Gemeinde,14522590,14522590,2509,2444,STATISTIKPORTAL_INTEGRATED_2023_T1,STATISTIKPORTAL_INTEGRATED_2024_T1,matching_original_identifier_and_class,not_certified_requires_population_and_entity_scope_audit,different_fiscal_unit_classes_cannot_be_summed,3040234.20,3237647.97,1211.73,1324.73,0.00,0.00,0.00,21.48,3040234.20,3237626.49
145225119010,14,municipality,Altmittweida,Altmittweida,beauftragende Gemeinde,beauftragende Gemeinde,14522010,14522010,1887,1877,STATISTIKPORTAL_INTEGRATED_2023_T1,STATISTIKPORTAL_INTEGRATED_2024_T1,matching_original_identifier_and_class,not_certified_requires_population_and_entity_scope_audit,different_fiscal_unit_classes_cannot_be_summed,2043096.62,1967829.82,1082.72,1048.39,0.00,0.00,0.00,20.59,2043096.62,1967809.23
145225119360,14,municipality,"Mittweida, Stadt, Hochschulstadt","Mittweida, Stadt, Hochschulstadt",große Kreisstadt als erfüllende Gem.,große Kreisstadt als erfüllende Gem.,14522360,14522360,14138,13878,STATISTIKPORTAL_INTEGRATED_2023_T1,STATISTIKPORTAL_INTEGRATED_2024_T1,matching_original_identifier_and_class,not_certified_requires_population_and_entity_scope_audit,different_fiscal_unit_classes_cannot_be_summed,40124133.84,37295923.68,2838.03,2687.41,0.00,0.00,10132.32,7751.37,40114001.52,37288172.31
145225126280,14,municipality,Königsfeld,Königsfeld,beauftragende Gemeinde,beauftragende Gemeinde,14522280,14522280,1358,1371,STATISTIKPORTAL_INTEGRATED_2023_T1,STATISTIKPORTAL_INTEGRATED_2024_T1,matching_original_identifier_and_class,not_certified_requires_population_and_entity_scope_audit,different_fiscal_unit_classes_cannot_be_summed,628988.51,1184428.87,463.17,863.92,0.00,0.00,0.00,0.00,628988.51,1184428.87
145225126490,14,municipality,"Rochlitz, Stadt","Rochlitz, Stadt, Stadt des Roten Porphyr",große Kreisstadt als erfüllende Gem.,große Kreisstadt als erfüllende Gem.,14522490,14522490,5712,5598,STATISTIKPORTAL_INTEGRATED_2023_T1,STATISTIKPORTAL_INTEGRATED_2024_T1,legal_name_or_form_changed_review,not_certified_requires_population_and_entity_scope_audit,different_fiscal_unit_classes_cannot_be_summed,12003301.84,11333331.30,2101.42,2024.53,0.00,0.00,0.00,97.42,12003301.84,11333233.88
145225126530,14,municipality,Seelitz,Seelitz,beauftragende Gemeinde,beauftragende Gemeinde,14522530,14522530,1697,1648,STATISTIKPORTAL_INTEGRATED_2023_T1,STATISTIKPORTAL_INTEGRATED_2024_T1,matching_original_identifier_and_class,not_certified_requires_population_and_entity_scope_audit,different_fiscal_unit_classes_cannot_be_summed,880583.92,1477491.02,518.91,896.54,0.00,0.00,0.00,7.34,880583.92,1477483.68
145225126600,14,municipality,Zettlitz,Zettlitz,beauftragende Gemeinde,beauftragende Gemeinde,14522600,14522600,661,666,STATISTIKPORTAL_INTEGRATED_2023_T1,STATISTIKPORTAL_INTEGRATED_2024_T1,matching_original_identifier_and_class,not_certified_requires_population_and_entity_scope_audit,different_fiscal_unit_classes_cannot_be_summed,657943.40,606700.81,995.38,910.96,0.00,0.00,0.00,1.41,657943.40,606699.40
145225129090,14,municipality,Dorfchemnitz,Dorfchemnitz,beauftragende Gemeinde,beauftragende Gemeinde,14522090,14522090,1509,1438,STATISTIKPORTAL_INTEGRATED_2023_T1,STATISTIKPORTAL_INTEGRATED_2024_T1,matching_original_identifier_and_class,not_certified_requires_population_and_entity_scope_audit,different_fiscal_unit_classes_cannot_be_summed,2596469.87,2732332.92,1720.66,1900.09,168600.00,147234.00,0.00,21.18,2427869.87,2585077.74
145225129520,14,municipality,"Sayda, Stadt","Sayda, Stadt",erfüllende Gemeinde,erfüllende Gemeinde,14522520,14522520,1697,1676,STATISTIKPORTAL_INTEGRATED_2023_T1,STATISTIKPORTAL_INTEGRATED_2024_T1,matching_original_identifier_and_class,not_certified_requires_population_and_entity_scope_audit,different_fiscal_unit_classes_cannot_be_summed,4687352.01,4526307.35,2762.14,2700.66,2271654.00,2038149.00,10545.58,11556.20,2405152.43,2476602.15
14523,14,county_administration,LK Vogtlandkreis,LKH Vogtlandkreis,Landratsamt,Landratsamt,,,222348,220297,STATISTIKPORTAL_INTEGRATED_2023_T1,STATISTIKPORTAL_INTEGRATED_2024_T1,legal_name_or_form_changed_review,not_certified_requires_population_and_entity_scope_audit,different_fiscal_unit_classes_cannot_be_summed,74565203.71,81040485.80,335.35,367.87,36421325.00,41290927.00,17326814.13,17698695.77,20817064.58,22050863.03
145230010010,14,municipality,"Adorf/Vogtl., Stadt","Adorf/Vogtl., Stadt",kreisangehörige Gemeinde,kreisangehörige Gemeinde,14523010,14523010,4725,4510,STATISTIKPORTAL_INTEGRATED_2023_T1,STATISTIKPORTAL_INTEGRATED_2024_T1,matching_original_identifier_and_class,not_certified_requires_population_and_entity_scope_audit,different_fiscal_unit_classes_cannot_be_summed,12327248.69,12105107.11,2608.94,2684.06,2470527.00,2332516.00,0.00,132.52,9856721.69,9772458.59
145230020020,14,municipality,"Auerbach/Vogtl., Stadt","Auerbach/Vogtl., Stadt",große Kreisstadt,große Kreisstadt,14523020,14523020,17730,17367,STATISTIKPORTAL_INTEGRATED_2023_T1,STATISTIKPORTAL_INTEGRATED_2024_T1,matching_original_identifier_and_class,not_certified_requires_population_and_entity_scope_audit,different_fiscal_unit_classes_cannot_be_summed,56823023.51,53671825.11,3204.91,3090.45,7861894.00,6931894.00,35000.00,33192.22,48926129.51,46706738.89
145230030030,14,municipality,Bad Brambach,Bad Brambach,kreisangehörige Gemeinde,kreisangehörige Gemeinde,14523030,14523030,1698,1581,STATISTIKPORTAL_INTEGRATED_2023_T1,STATISTIKPORTAL_INTEGRATED_2024_T1,matching_original_identifier_and_class,not_certified_requires_population_and_entity_scope_audit,different_fiscal_unit_classes_cannot_be_summed,3812097.48,3504671.91,2245.05,2216.74,789797.00,356347.00,0.00,5.61,3022300.48,3148319.30
145230040040,14,municipality,"Bad Elster, Stadt","Bad Elster, Stadt",kreisangehörige Gemeinde,kreisangehörige Gemeinde,14523040,14523040,3640,3581,STATISTIKPORTAL_INTEGRATED_2023_T1,STATISTIKPORTAL_INTEGRATED_2024_T1,matching_original_identifier_and_class,not_certified_requires_population_and_entity_scope_audit,different_fiscal_unit_classes_cannot_be_summed,22378497.04,22637817.86,6147.94,6321.65,3220015.00,3781974.00,0.00,103.55,19158482.04,18855740.31
145230090090,14,municipality,Ellefeld,Ellefeld,kreisangehörige Gemeinde,kreisangehörige Gemeinde,14523090,14523090,2514,2432,STATISTIKPORTAL_INTEGRATED_2023_T1,STATISTIKPORTAL_INTEGRATED_2024_T1,matching_original_identifier_and_class,not_certified_requires_population_and_entity_scope_audit,different_fiscal_unit_classes_cannot_be_summed,5551699.68,5783269.36,2208.31,2377.99,884200.00,1582800.00,0.00,22.33,4667499.68,4200447.03
145230100100,14,municipality,"Elsterberg, Stadt","Elsterberg, Stadt",kreisangehörige Gemeinde,kreisangehörige Gemeinde,14523100,14523100,3737,3629,STATISTIKPORTAL_INTEGRATED_2023_T1,STATISTIKPORTAL_INTEGRATED_2024_T1,matching_original_identifier_and_class,not_certified_requires_population_and_entity_scope_audit,different_fiscal_unit_classes_cannot_be_summed,6863453.87,6903699.50,1836.62,1902.37,70000.00,30000.00,1960455.52,1830517.32,4832998.35,5043182.18
145230160160,14,municipality,"Klingenthal, Stadt","Klingenthal, Stadt",große Kreisstadt,große Kreisstadt,14523160,14523160,7694,7369,STATISTIKPORTAL_INTEGRATED_2023_T1,STATISTIKPORTAL_INTEGRATED_2024_T1,matching_original_identifier_and_class,not_certified_requires_population_and_entity_scope_audit,different_fiscal_unit_classes_cannot_be_summed,9986307.86,10615811.50,1297.93,1440.60,1796696.00,2131750.00,0.00,159.26,8189611.86,8483902.24
145230170170,14,municipality,"Lengenfeld, Stadt","Lengenfeld, Stadt",kreisangehörige Gemeinde,kreisangehörige Gemeinde,14523170,14523170,6999,6935,STATISTIKPORTAL_INTEGRATED_2023_T1,STATISTIKPORTAL_INTEGRATED_2024_T1,matching_original_identifier_and_class,not_certified_requires_population_and_entity_scope_audit,different_fiscal_unit_classes_cannot_be_summed,10700382.31,10787582.63,1528.84,1555.53,1739613.00,1485483.00,0.00,228.43,8960769.31,9301871.20
145230200200,14,municipality,"Markneukirchen, Stadt","Markneukirchen, Stadt",kreisangehörige Gemeinde,kreisangehörige Gemeinde,14523200,14523200,7185,7096,STATISTIKPORTAL_INTEGRATED_2023_T1,STATISTIKPORTAL_INTEGRATED_2024_T1,matching_original_identifier_and_class,not_certified_requires_population_and_entity_scope_audit,different_fiscal_unit_classes_cannot_be_summed,11802369.73,11565091.48,1642.64,1629.80,3708104.00,3270947.00,10545.58,11694.71,8083720.15,8282449.77
145230245245,14,municipality,Muldenhammer,Muldenhammer,kreisangehörige Gemeinde,kreisangehörige Gemeinde,14523245,14523245,2873,2816,STATISTIKPORTAL_INTEGRATED_2023_T1,STATISTIKPORTAL_INTEGRATED_2024_T1,matching_original_identifier_and_class,not_certified_requires_population_and_entity_scope_audit,different_fiscal_unit_classes_cannot_be_summed,4459849.86,4159269.72,1552.33,1477.01,2620406.00,2309619.00,3949.17,4334.31,1835494.69,1845316.41
145230280280,14,municipality,Neumark,Neumark,kreisangehörige Gemeinde,kreisangehörige Gemeinde,14523280,14523280,2887,2881,STATISTIKPORTAL_INTEGRATED_2023_T1,STATISTIKPORTAL_INTEGRATED_2024_T1,matching_original_identifier_and_class,not_certified_requires_population_and_entity_scope_audit,different_fiscal_unit_classes_cannot_be_summed,6794400.86,6857564.60,2353.45,2380.27,3557116.00,3401109.00,16562.32,4702.94,3220722.54,3451752.66
145230310310,14,municipality,"Pausa-Mühltroff, Stadt","Pausa-Mühltroff, Stadt",kreisangehörige Gemeinde,kreisangehörige Gemeinde,14523310,14523310,4706,4643,STATISTIKPORTAL_INTEGRATED_2023_T1,STATISTIKPORTAL_INTEGRATED_2024_T1,matching_original_identifier_and_class,not_certified_requires_population_and_entity_scope_audit,different_fiscal_unit_classes_cannot_be_summed,21552051.18,21787865.57,4579.70,4692.63,3844878.00,3637064.00,6849186.39,6395143.19,10857986.79,11755658.38
145230320320,14,municipality,"Plauen, Stadt","Plauen, Stadt",große Kreisstadt,große Kreisstadt,14523320,14523320,64985,65904,STATISTIKPORTAL_INTEGRATED_2023_T1,STATISTIKPORTAL_INTEGRATED_2024_T1,matching_original_identifier_and_class,not_certified_requires_population_and_entity_scope_audit,different_fiscal_unit_classes_cannot_be_summed,210850794.13,207662631.85,3244.61,3150.99,52298063.00,52430304.00,11122324.38,10644442.81,147430406.75,144587885.04
145230330330,14,municipality,Pöhl,Pöhl,kreisangehörige Gemeinde,kreisangehörige Gemeinde,14523330,14523330,2422,2388,STATISTIKPORTAL_INTEGRATED_2023_T1,STATISTIKPORTAL_INTEGRATED_2024_T1,matching_original_identifier_and_class,not_certified_requires_population_and_entity_scope_audit,different_fiscal_unit_classes_cannot_be_summed,4238967.78,3934870.04,1750.19,1647.77,1868524.00,1800706.00,6596.41,4308.82,2363847.37,2129855.22
145230360360,14,municipality,"Rodewisch, Stadt","Rodewisch, Stadt",kreisangehörige Gemeinde,kreisangehörige Gemeinde,14523360,14523360,6398,6176,STATISTIKPORTAL_INTEGRATED_2023_T1,STATISTIKPORTAL_INTEGRATED_2024_T1,matching_original_identifier_and_class,not_certified_requires_population_and_entity_scope_audit,different_fiscal_unit_classes_cannot_be_summed,23397559.56,22999974.49,3657.01,3724.09,6701975.00,6414089.00,0.00,166.53,16695584.56,16585718.96
145230365365,14,municipality,Rosenbach/Vogtl.,Rosenbach/Vogtl.,kreisangehörige Gemeinde,kreisangehörige Gemeinde,14523365,14523365,4006,3952,STATISTIKPORTAL_INTEGRATED_2023_T1,STATISTIKPORTAL_INTEGRATED_2024_T1,matching_original_identifier_and_class,not_certified_requires_population_and_entity_scope_audit,different_fiscal_unit_classes_cannot_be_summed,9086833.77,9386795.74,2268.31,2375.20,1712002.00,1581735.00,6596.41,7242.46,7368235.36,7797818.28
145230380380,14,municipality,Steinberg,Steinberg,kreisangehörige Gemeinde,kreisangehörige Gemeinde,14523380,14523380,2666,2677,STATISTIKPORTAL_INTEGRATED_2023_T1,STATISTIKPORTAL_INTEGRATED_2024_T1,matching_original_identifier_and_class,not_certified_requires_population_and_entity_scope_audit,different_fiscal_unit_classes_cannot_be_summed,6313759.76,6221886.26,2368.25,2324.20,0.00,0.00,3949.17,4362.07,6309810.59,6217524.19
145230450450,14,municipality,Weischlitz,Weischlitz,kreisangehörige Gemeinde,kreisangehörige Gemeinde,14523450,14523450,5676,5634,STATISTIKPORTAL_INTEGRATED_2023_T1,STATISTIKPORTAL_INTEGRATED_2024_T1,matching_original_identifier_and_class,not_certified_requires_population_and_entity_scope_audit,different_fiscal_unit_classes_cannot_be_summed,10354581.11,9207960.63,1824.27,1634.36,2363778.00,1609442.00,26342.25,28805.34,7964460.86,7569713.29
145235107120,14,municipality,"Falkenstein/Vogtl., Stadt","Falkenstein/Vogtl., Stadt",erfüllende Gemeinde,erfüllende Gemeinde,14523120,14523120,7699,7428,STATISTIKPORTAL_INTEGRATED_2023_T1,STATISTIKPORTAL_INTEGRATED_2024_T1,matching_original_identifier_and_class,not_certified_requires_population_and_entity_scope_audit,different_fiscal_unit_classes_cannot_be_summed,15001831.67,14599306.20,1948.54,1965.44,7212276.00,6705339.00,0.00,144.51,7789555.67,7893822.69
145235107130,14,municipality,Grünbach,Grünbach,beauftragende Gemeinde,beauftragende Gemeinde,14523130,14523130,1679,1627,STATISTIKPORTAL_INTEGRATED_2023_T1,STATISTIKPORTAL_INTEGRATED_2024_T1,matching_original_identifier_and_class,not_certified_requires_population_and_entity_scope_audit,different_fiscal_unit_classes_cannot_be_summed,1442806.55,1411480.46,859.32,867.54,249905.00,210755.00,0.00,6.35,1192901.55,1200719.11
145235107290,14,municipality,Neustadt/Vogtl.,Neustadt/Vogtl.,beauftragende Gemeinde,beauftragende Gemeinde,14523290,14523290,980,947,STATISTIKPORTAL_INTEGRATED_2023_T1,STATISTIKPORTAL_INTEGRATED_2024_T1,matching_original_identifier_and_class,not_certified_requires_population_and_entity_scope_audit,different_fiscal_unit_classes_cannot_be_summed,1095018.12,963405.87,1117.37,1017.32,339443.00,311904.00,0.00,0.00,755575.12,651501.87
145235120190,14,municipality,Limbach,Limbach,beauftragende Gemeinde,beauftragende Gemeinde,14523190,14523190,1388,1393,STATISTIKPORTAL_INTEGRATED_2023_T1,STATISTIKPORTAL_INTEGRATED_2024_T1,matching_original_identifier_and_class,not_certified_requires_population_and_entity_scope_audit,different_fiscal_unit_classes_cannot_be_summed,1500224.07,1548743.27,1080.85,1111.80,0.00,0.00,0.00,14.79,1500224.07,1548728.48
145235120260,14,municipality,"Netzschkau, Stadt","Netzschkau, Stadt",erfüllende Gemeinde,erfüllende Gemeinde,14523260,14523260,3742,3638,STATISTIKPORTAL_INTEGRATED_2023_T1,STATISTIKPORTAL_INTEGRATED_2024_T1,matching_original_identifier_and_class,not_certified_requires_population_and_entity_scope_audit,different_fiscal_unit_classes_cannot_be_summed,9757501.02,9829061.17,2607.56,2701.78,900000.00,660000.00,0.00,315883.14,8857501.02,8853178.03
145235122060,14,municipality,Bösenbrunn,Bösenbrunn,beauftragende Gemeinde,beauftragende Gemeinde,14523060,14523060,1063,1065,STATISTIKPORTAL_INTEGRATED_2023_T1,STATISTIKPORTAL_INTEGRATED_2024_T1,matching_original_identifier_and_class,not_certified_requires_population_and_entity_scope_audit,different_fiscal_unit_classes_cannot_be_summed,755575.12,760697.04,710.80,714.27,0.00,0.00,0.00,4.75,755575.12,760692.29
145235122080,14,municipality,Eichigt,Eichigt,beauftragende Gemeinde,beauftragende Gemeinde,14523080,14523080,1149,1084,STATISTIKPORTAL_INTEGRATED_2023_T1,STATISTIKPORTAL_INTEGRATED_2024_T1,matching_original_identifier_and_class,not_certified_requires_population_and_entity_scope_audit,different_fiscal_unit_classes_cannot_be_summed,979524.23,905027.68,852.50,834.90,115220.00,36962.00,0.00,3.03,864304.23,868062.65
145235122300,14,municipality,"Oelsnitz/Vogtl., Stadt","Oelsnitz/Vogtl., Stadt",große Kreisstadt als erfüllende Gem.,große Kreisstadt als erfüllende Gem.,14523300,14523300,9891,10140,STATISTIKPORTAL_INTEGRATED_2023_T1,STATISTIKPORTAL_INTEGRATED_2024_T1,matching_original_identifier_and_class,not_certified_requires_population_and_entity_scope_audit,different_fiscal_unit_classes_cannot_be_summed,25277456.01,23053999.12,2555.60,2273.57,6109189.00,5500980.00,70987.00,49015.46,19097280.01,17504003.66
145235122440,14,municipality,Triebel/Vogtl.,Triebel/Vogtl.,beauftragende Gemeinde,beauftragende Gemeinde,14523440,14523440,1183,1125,STATISTIKPORTAL_INTEGRATED_2023_T1,STATISTIKPORTAL_INTEGRATED_2024_T1,matching_original_identifier_and_class,not_certified_requires_population_and_entity_scope_audit,different_fiscal_unit_classes_cannot_be_summed,1020195.46,1020760.04,862.38,907.34,49005.00,43505.00,0.00,2.16,971190.46,977252.88
145235125150,14,municipality,Heinsdorfergrund,Heinsdorfergrund,beauftragende Gemeinde,beauftragende Gemeinde,14523150,14523150,1943,1936,STATISTIKPORTAL_INTEGRATED_2023_T1,STATISTIKPORTAL_INTEGRATED_2024_T1,matching_original_identifier_and_class,not_certified_requires_population_and_entity_scope_audit,different_fiscal_unit_classes_cannot_be_summed,3198337.56,3266268.60,1646.08,1687.12,0.00,0.00,0.00,25.06,3198337.56,3266243.54
145235125340,14,municipality,"Reichenbach im Vogtland, Stadt","Reichenbach im Vogtland, Stadt",große Kreisstadt als erfüllende Gem.,große Kreisstadt als erfüllende Gem.,14523340,14523340,20325,19934,STATISTIKPORTAL_INTEGRATED_2023_T1,STATISTIKPORTAL_INTEGRATED_2024_T1,matching_original_identifier_and_class,not_certified_requires_population_and_entity_scope_audit,different_fiscal_unit_classes_cannot_be_summed,47775315.09,46540115.60,2350.57,2334.71,13366359.00,12361500.00,26342.25,17393.03,34382613.84,34161222.57
145235131230,14,municipality,Mühlental,Mühlental,beauftragende Gemeinde,beauftragende Gemeinde,14523230,14523230,1227,1182,STATISTIKPORTAL_INTEGRATED_2023_T1,STATISTIKPORTAL_INTEGRATED_2024_T1,matching_original_identifier_and_class,not_certified_requires_population_and_entity_scope_audit,different_fiscal_unit_classes_cannot_be_summed,755575.12,760692.13,615.79,643.56,0.00,0.00,0.00,0.00,755575.12,760692.13
145235131370,14,municipality,"Schöneck/Vogtl., Stadt","Schöneck/Vogtl., Stadt",erfüllende Gemeinde,erfüllende Gemeinde,14523370,14523370,2988,2859,STATISTIKPORTAL_INTEGRATED_2023_T1,STATISTIKPORTAL_INTEGRATED_2024_T1,matching_original_identifier_and_class,not_certified_requires_population_and_entity_scope_audit,different_fiscal_unit_classes_cannot_be_summed,5902953.70,5773926.08,1975.55,2019.56,1951370.00,1720425.00,15796.67,17305.89,3935787.03,4036195.19
145235134270,14,municipality,Neuensalz,Neuensalz,beauftragende Gemeinde,beauftragende Gemeinde,14523270,14523270,2057,2041,STATISTIKPORTAL_INTEGRATED_2023_T1,STATISTIKPORTAL_INTEGRATED_2024_T1,matching_original_identifier_and_class,not_certified_requires_population_and_entity_scope_audit,different_fiscal_unit_classes_cannot_be_summed,5390670.92,5204923.26,2620.65,2550.18,0.00,0.00,758255.31,687441.07,4632415.61,4517482.19
145235134430,14,municipality,"Treuen, Stadt","Treuen, Stadt",erfüllende Gemeinde,erfüllende Gemeinde,14523430,14523430,7712,7627,STATISTIKPORTAL_INTEGRATED_2023_T1,STATISTIKPORTAL_INTEGRATED_2024_T1,matching_original_identifier_and_class,not_certified_requires_population_and_entity_scope_audit,different_fiscal_unit_classes_cannot_be_summed,16322667.04,16038070.73,2116.53,2102.80,6105243.00,6147273.00,965704.51,886211.92,9251719.53,9004585.81
145235402,14,joint_administration,VVH Jägerswald,VVH Jägerswald,Verwaltungsverbandshaushalt,Verwaltungsverbandshaushalt,,,4781,4700,STATISTIKPORTAL_INTEGRATED_2023_T1,STATISTIKPORTAL_INTEGRATED_2024_T1,matching_original_identifier_and_class,not_certified_requires_population_and_entity_scope_audit,different_fiscal_unit_classes_cannot_be_summed,6596.41,4317.06,1.38,0.92,0.00,0.00,6596.41,4316.60,0.00,0.46
145235402050,14,municipality,Bergen,Bergen,Mitgliedsgemeinde,Mitgliedsgemeinde,14523050,14523050,939,910,STATISTIKPORTAL_INTEGRATED_2023_T1,STATISTIKPORTAL_INTEGRATED_2024_T1,matching_original_identifier_and_class,not_certified_requires_population_and_entity_scope_audit,different_fiscal_unit_classes_cannot_be_summed,1047575.12,911001.87,1115.63,1001.10,292000.00,259500.00,0.00,0.00,755575.12,651501.87
145235402410,14,municipality,Theuma,Theuma,Mitgliedsgemeinde,Mitgliedsgemeinde,14523410,14523410,993,956,STATISTIKPORTAL_INTEGRATED_2023_T1,STATISTIKPORTAL_INTEGRATED_2024_T1,matching_original_identifier_and_class,not_certified_requires_population_and_entity_scope_audit,different_fiscal_unit_classes_cannot_be_summed,1416547.46,1506800.06,1426.53,1576.15,445357.00,420357.00,0.00,0.00,971190.46,1086443.06
145235402420,14,municipality,Tirpersdorf,Tirpersdorf,Mitgliedsgemeinde,Mitgliedsgemeinde,14523420,14523420,1375,1347,STATISTIKPORTAL_INTEGRATED_2023_T1,STATISTIKPORTAL_INTEGRATED_2024_T1,matching_original_identifier_and_class,not_certified_requires_population_and_entity_scope_audit,different_fiscal_unit_classes_cannot_be_summed,1295534.90,977257.72,942.21,725.51,0.00,0.00,0.00,4.75,1295534.90,977252.97
145235402460,14,municipality,Werda,Werda,Mitgliedsgemeinde,Mitgliedsgemeinde,14523460,14523460,1474,1487,STATISTIKPORTAL_INTEGRATED_2023_T1,STATISTIKPORTAL_INTEGRATED_2024_T1,matching_original_identifier_and_class,not_certified_requires_population_and_entity_scope_audit,different_fiscal_unit_classes_cannot_be_summed,2446531.80,2227337.19,1659.79,1497.87,1259726.00,1140891.00,0.00,3.03,1186805.80,1086443.16
14524,14,county_administration,LK Zwickau,LKH Zwickau,Landratsamt,Landratsamt,,,310819,308357,STATISTIKPORTAL_INTEGRATED_2023_T1,STATISTIKPORTAL_INTEGRATED_2024_T1,legal_name_or_form_changed_review,not_certified_requires_population_and_entity_scope_audit,different_fiscal_unit_classes_cannot_be_summed,104149567.13,105441577.08,335.08,341.95,26050961.00,23299472.00,41646258.05,42554995.31,36452348.08,39587109.77
145240020020,14,municipality,Callenberg,Callenberg,kreisangehörige Gemeinde,kreisangehörige Gemeinde,14524020,14524020,4864,4705,STATISTIKPORTAL_INTEGRATED_2023_T1,STATISTIKPORTAL_INTEGRATED_2024_T1,matching_original_identifier_and_class,not_certified_requires_population_and_entity_scope_audit,different_fiscal_unit_classes_cannot_be_summed,4043801.43,3998150.54,831.37,849.77,73507.00,58032.00,3949.17,4331.57,3966345.26,3935786.97
145240060060,14,municipality,Fraureuth,Fraureuth,kreisangehörige Gemeinde,kreisangehörige Gemeinde,14524060,14524060,5010,5018,STATISTIKPORTAL_INTEGRATED_2023_T1,STATISTIKPORTAL_INTEGRATED_2024_T1,matching_original_identifier_and_class,not_certified_requires_population_and_entity_scope_audit,different_fiscal_unit_classes_cannot_be_summed,7127524.14,7052684.73,1422.66,1405.48,4213563.00,4013563.00,74530.44,20982.44,2839430.70,3018139.29
145240070070,14,municipality,Gersdorf,Gersdorf,kreisangehörige Gemeinde,kreisangehörige Gemeinde,14524070,14524070,3780,3717,STATISTIKPORTAL_INTEGRATED_2023_T1,STATISTIKPORTAL_INTEGRATED_2024_T1,matching_original_identifier_and_class,not_certified_requires_population_and_entity_scope_audit,different_fiscal_unit_classes_cannot_be_summed,8408606.95,8642872.15,2224.50,2325.23,2665966.00,2528396.00,0.00,160.65,5742640.95,6114315.50
145240080080,14,municipality,"Glauchau, Stadt","Glauchau, Stadt",große Kreisstadt,große Kreisstadt,14524080,14524080,21935,21572,STATISTIKPORTAL_INTEGRATED_2023_T1,STATISTIKPORTAL_INTEGRATED_2024_T1,matching_original_identifier_and_class,not_certified_requires_population_and_entity_scope_audit,different_fiscal_unit_classes_cannot_be_summed,46623477.16,47018489.77,2125.53,2179.61,12163153.00,12820557.00,26342.25,28880.72,34433981.91,34169052.05
145240090090,14,municipality,"Hartenstein, Stadt","Hartenstein, Stadt",kreisangehörige Gemeinde,kreisangehörige Gemeinde,14524090,14524090,4463,4441,STATISTIKPORTAL_INTEGRATED_2023_T1,STATISTIKPORTAL_INTEGRATED_2024_T1,matching_original_identifier_and_class,not_certified_requires_population_and_entity_scope_audit,different_fiscal_unit_classes_cannot_be_summed,1807846.53,1708295.83,405.07,384.66,0.00,0.00,72668.80,27812.34,1735177.73,1680483.49
145240120120,14,municipality,"Hohenstein-Ernstthal, Stadt","Hohenstein-Ernstthal, Stadt",große Kreisstadt,große Kreisstadt,14524120,14524120,14035,13857,STATISTIKPORTAL_INTEGRATED_2023_T1,STATISTIKPORTAL_INTEGRATED_2024_T1,matching_original_identifier_and_class,not_certified_requires_population_and_entity_scope_audit,different_fiscal_unit_classes_cannot_be_summed,37386929.92,37664262.79,2663.84,2718.07,1999259.00,1786345.00,39491.68,29024.34,35348179.24,35848893.45
145240140140,14,municipality,Langenbernsdorf,Langenbernsdorf,kreisangehörige Gemeinde,kreisangehörige Gemeinde,14524140,14524140,3521,3405,STATISTIKPORTAL_INTEGRATED_2023_T1,STATISTIKPORTAL_INTEGRATED_2024_T1,matching_original_identifier_and_class,not_certified_requires_population_and_entity_scope_audit,different_fiscal_unit_classes_cannot_be_summed,1958344.05,1923652.48,556.19,564.95,525715.00,475913.00,49686.96,13957.71,1382942.09,1433781.77
145240150150,14,municipality,Langenweißbach,Langenweißbach,kreisangehörige Gemeinde,kreisangehörige Gemeinde,14524150,14524150,2406,2369,STATISTIKPORTAL_INTEGRATED_2023_T1,STATISTIKPORTAL_INTEGRATED_2024_T1,matching_original_identifier_and_class,not_certified_requires_population_and_entity_scope_audit,different_fiscal_unit_classes_cannot_be_summed,2264435.29,1784983.21,941.16,753.48,1064482.00,691860.00,41405.80,10465.39,1158547.49,1082657.82
145240170170,14,municipality,Lichtentanne,Lichtentanne,kreisangehörige Gemeinde,kreisangehörige Gemeinde,14524170,14524170,6090,5958,STATISTIKPORTAL_INTEGRATED_2023_T1,STATISTIKPORTAL_INTEGRATED_2024_T1,matching_original_identifier_and_class,not_certified_requires_population_and_entity_scope_audit,different_fiscal_unit_classes_cannot_be_summed,6661417.52,6493381.43,1093.83,1089.86,2341420.00,2070268.00,103323.08,31118.60,4216674.44,4391994.83
145240200200,14,municipality,Mülsen,Mülsen,kreisangehörige Gemeinde,kreisangehörige Gemeinde,14524200,14524200,10790,10678,STATISTIKPORTAL_INTEGRATED_2023_T1,STATISTIKPORTAL_INTEGRATED_2024_T1,matching_original_identifier_and_class,not_certified_requires_population_and_entity_scope_audit,different_fiscal_unit_classes_cannot_be_summed,6180790.05,6355985.78,572.83,595.24,0.00,0.00,149089.93,40815.52,6031700.12,6315170.26
145240210210,14,municipality,Neukirchen/Pleiße,Neukirchen/Pleiße,kreisangehörige Gemeinde,kreisangehörige Gemeinde,14524210,14524210,3809,3762,STATISTIKPORTAL_INTEGRATED_2023_T1,STATISTIKPORTAL_INTEGRATED_2024_T1,matching_original_identifier_and_class,not_certified_requires_population_and_entity_scope_audit,different_fiscal_unit_classes_cannot_be_summed,4535246.59,4482186.49,1190.67,1191.44,651450.00,597208.00,91092.75,26738.06,3792703.84,3858240.43
145240230230,14,municipality,"Oberlungwitz, Stadt","Oberlungwitz, Stadt",kreisangehörige Gemeinde,kreisangehörige Gemeinde,14524230,14524230,5826,5719,STATISTIKPORTAL_INTEGRATED_2023_T1,STATISTIKPORTAL_INTEGRATED_2024_T1,matching_original_identifier_and_class,not_certified_requires_population_and_entity_scope_audit,different_fiscal_unit_classes_cannot_be_summed,6930490.17,6991429.46,1189.58,1222.49,0.00,0.00,10545.58,11609.64,6919944.59,6979819.82
145240250250,14,municipality,Reinsdorf,Reinsdorf,kreisangehörige Gemeinde,kreisangehörige Gemeinde,14524250,14524250,7261,7091,STATISTIKPORTAL_INTEGRATED_2023_T1,STATISTIKPORTAL_INTEGRATED_2024_T1,matching_original_identifier_and_class,not_certified_requires_population_and_entity_scope_audit,different_fiscal_unit_classes_cannot_be_summed,13082884.37,12960774.71,1801.80,1827.78,4776722.00,4590578.00,135888.01,53372.94,8170274.36,8316823.77
145240300300,14,municipality,"Werdau, Stadt","Werdau, Stadt",große Kreisstadt,große Kreisstadt,14524300,14524300,20890,20761,STATISTIKPORTAL_INTEGRATED_2023_T1,STATISTIKPORTAL_INTEGRATED_2024_T1,matching_original_identifier_and_class,not_certified_requires_population_and_entity_scope_audit,different_fiscal_unit_classes_cannot_be_summed,38399506.65,35979463.25,1838.18,1733.03,3059031.00,2589374.00,370796.17,121875.82,34969679.48,33268213.43
145240310310,14,municipality,"Wildenfels, Stadt","Wildenfels, Stadt",kreisangehörige Gemeinde,kreisangehörige Gemeinde,14524310,14524310,3514,3428,STATISTIKPORTAL_INTEGRATED_2023_T1,STATISTIKPORTAL_INTEGRATED_2024_T1,matching_original_identifier_and_class,not_certified_requires_population_and_entity_scope_audit,different_fiscal_unit_classes_cannot_be_summed,3394779.66,3165532.92,966.07,923.43,1474062.00,1343919.00,76794.86,28970.39,1843922.80,1792643.53
145240320320,14,municipality,"Wilkau-Haßlau, Stadt","Wilkau-Haßlau, Stadt",kreisangehörige Gemeinde,kreisangehörige Gemeinde,14524320,14524320,9486,9494,STATISTIKPORTAL_INTEGRATED_2023_T1,STATISTIKPORTAL_INTEGRATED_2024_T1,matching_original_identifier_and_class,not_certified_requires_population_and_entity_scope_audit,different_fiscal_unit_classes_cannot_be_summed,17882743.45,21162453.53,1885.17,2229.03,7704523.00,8524167.00,189730.08,65154.37,9988490.37,12573132.16
145240330330,14,municipality,"Zwickau, Stadt, Hochschulstadt","Zwickau, Stadt, Hochschulstadt",große Kreisstadt,große Kreisstadt,14524330,14524330,87330,87593,STATISTIKPORTAL_INTEGRATED_2023_T1,STATISTIKPORTAL_INTEGRATED_2024_T1,matching_original_identifier_and_class,not_certified_requires_population_and_entity_scope_audit,different_fiscal_unit_classes_cannot_be_summed,191192145.67,183749666.71,2189.31,2097.77,1296786.00,1120546.00,29586713.98,29274279.28,160308645.69,153354841.43
145245104030,14,municipality,"Crimmitschau, Stadt","Crimmitschau, Stadt",große Kreisstadt als erfüllende Gem.,große Kreisstadt als erfüllende Gem.,14524030,14524030,18612,18435,STATISTIKPORTAL_INTEGRATED_2023_T1,STATISTIKPORTAL_INTEGRATED_2024_T1,matching_original_identifier_and_class,not_certified_requires_population_and_entity_scope_audit,different_fiscal_unit_classes_cannot_be_summed,8278365.43,8491793.64,444.79,460.63,0.00,0.00,325235.27,124729.56,7953130.16,8367064.08
145245104050,14,municipality,Dennheritz,Dennheritz,beauftragende Gemeinde,beauftragende Gemeinde,14524050,14524050,1267,1277,STATISTIKPORTAL_INTEGRATED_2023_T1,STATISTIKPORTAL_INTEGRATED_2024_T1,matching_original_identifier_and_class,not_certified_requires_population_and_entity_scope_audit,different_fiscal_unit_classes_cannot_be_summed,1778977.17,1962453.23,1404.09,1536.77,0.00,0.00,0.00,9.61,1778977.17,1962443.62
145245111040,14,municipality,Crinitzberg,Crinitzberg,beauftragende Gemeinde,beauftragende Gemeinde,14524040,14524040,1815,1765,STATISTIKPORTAL_INTEGRATED_2023_T1,STATISTIKPORTAL_INTEGRATED_2024_T1,matching_original_identifier_and_class,not_certified_requires_population_and_entity_scope_audit,different_fiscal_unit_classes_cannot_be_summed,3810195.67,3707900.68,2099.28,2100.79,3212848.00,3104259.00,20717.43,5816.41,576630.24,597825.27
145245111100,14,municipality,Hartmannsdorf b. Kirchberg,Hartmannsdorf b. Kirchberg,beauftragende Gemeinde,beauftragende Gemeinde,14524100,14524100,1372,1334,STATISTIKPORTAL_INTEGRATED_2023_T1,STATISTIKPORTAL_INTEGRATED_2024_T1,matching_original_identifier_and_class,not_certified_requires_population_and_entity_scope_audit,different_fiscal_unit_classes_cannot_be_summed,1006648.71,986829.64,733.71,739.75,528890.00,504175.00,16562.32,4646.09,461196.39,478008.55
145245111110,14,municipality,Hirschfeld,Hirschfeld,beauftragende Gemeinde,beauftragende Gemeinde,14524110,14524110,1079,1042,STATISTIKPORTAL_INTEGRATED_2023_T1,STATISTIKPORTAL_INTEGRATED_2024_T1,matching_original_identifier_and_class,not_certified_requires_population_and_entity_scope_audit,different_fiscal_unit_classes_cannot_be_summed,864505.53,863742.03,801.21,828.93,148191.00,139881.00,24843.48,6970.43,691471.05,716890.60
145245111130,14,municipality,"Kirchberg, Stadt","Kirchberg, Stadt",erfüllende Gemeinde,erfüllende Gemeinde,14524130,14524130,8007,7765,STATISTIKPORTAL_INTEGRATED_2023_T1,STATISTIKPORTAL_INTEGRATED_2024_T1,matching_original_identifier_and_class,not_certified_requires_population_and_entity_scope_audit,different_fiscal_unit_classes_cannot_be_summed,13138413.63,12747834.87,1640.87,1641.70,4637943.00,4384094.00,135888.01,49923.59,8364582.62,8313817.28
145245114180,14,municipality,"Limbach-Oberfrohna, Stadt","Limbach-Oberfrohna, Stadt",große Kreisstadt als erfüllende Gem.,große Kreisstadt als erfüllende Gem.,14524180,14524180,23911,23730,STATISTIKPORTAL_INTEGRATED_2023_T1,STATISTIKPORTAL_INTEGRATED_2024_T1,matching_original_identifier_and_class,not_certified_requires_population_and_entity_scope_audit,different_fiscal_unit_classes_cannot_be_summed,32550931.44,32036987.72,1361.34,1350.06,0.00,0.00,1486635.61,1308310.82,31064295.83,30728676.90
145245114220,14,municipality,Niederfrohna,Niederfrohna,beauftragende Gemeinde,beauftragende Gemeinde,14524220,14524220,2216,2197,STATISTIKPORTAL_INTEGRATED_2023_T1,STATISTIKPORTAL_INTEGRATED_2024_T1,matching_original_identifier_and_class,not_certified_requires_population_and_entity_scope_audit,different_fiscal_unit_classes_cannot_be_summed,1596952.71,1700966.76,720.65,774.22,0.00,0.00,0.00,58.44,1596952.71,1700908.32
145245118190,14,municipality,"Meerane, Stadt","Meerane, Stadt",erfüllende Gemeinde,erfüllende Gemeinde,14524190,14524190,13888,13609,STATISTIKPORTAL_INTEGRATED_2023_T1,STATISTIKPORTAL_INTEGRATED_2024_T1,matching_original_identifier_and_class,not_certified_requires_population_and_entity_scope_audit,different_fiscal_unit_classes_cannot_be_summed,43375408.76,42354067.66,3123.23,3112.21,14968857.00,15140885.00,15796.67,7261.40,28390755.09,27205921.26
145245118270,14,municipality,Schönberg,Schönberg,beauftragende Gemeinde,beauftragende Gemeinde,14524270,14524270,856,863,STATISTIKPORTAL_INTEGRATED_2023_T1,STATISTIKPORTAL_INTEGRATED_2024_T1,matching_original_identifier_and_class,not_certified_requires_population_and_entity_scope_audit,different_fiscal_unit_classes_cannot_be_summed,1023278.14,998237.30,1195.42,1156.71,36282.00,33259.00,0.00,0.18,986996.14,964978.12
145245128010,14,municipality,Bernsdorf,Bernsdorf,beauftragende Gemeinde,beauftragende Gemeinde,14524010,14524010,2128,2089,STATISTIKPORTAL_INTEGRATED_2023_T1,STATISTIKPORTAL_INTEGRATED_2024_T1,matching_original_identifier_and_class,not_certified_requires_population_and_entity_scope_audit,different_fiscal_unit_classes_cannot_be_summed,2215456.62,2643024.81,1041.10,1265.21,313247.00,296981.00,0.00,6.59,1902209.62,2346037.22
145245128160,14,municipality,"Lichtenstein/Sa., Stadt","Lichtenstein/Sa., Stadt",erfüllende Gemeinde,erfüllende Gemeinde,14524160,14524160,10882,10941,STATISTIKPORTAL_INTEGRATED_2023_T1,STATISTIKPORTAL_INTEGRATED_2024_T1,matching_original_identifier_and_class,not_certified_requires_population_and_entity_scope_audit,different_fiscal_unit_classes_cannot_be_summed,31691414.56,30234914.68,2912.28,2763.45,3954951.00,3943460.00,5757776.50,5433761.73,21978687.06,20857692.95
145245128280,14,municipality,St. Egidien,St. Egidien,beauftragende Gemeinde,beauftragende Gemeinde,14524280,14524280,3183,3126,STATISTIKPORTAL_INTEGRATED_2023_T1,STATISTIKPORTAL_INTEGRATED_2024_T1,matching_original_identifier_and_class,not_certified_requires_population_and_entity_scope_audit,different_fiscal_unit_classes_cannot_be_summed,6741086.42,7227842.60,2117.84,2312.17,986532.00,1411540.00,2467618.50,2328803.23,3286935.92,3487499.37
145245135240,14,municipality,Oberwiera,Oberwiera,beauftragende Gemeinde,beauftragende Gemeinde,14524240,14524240,1021,1023,STATISTIKPORTAL_INTEGRATED_2023_T1,STATISTIKPORTAL_INTEGRATED_2024_T1,matching_original_identifier_and_class,not_certified_requires_population_and_entity_scope_audit,different_fiscal_unit_classes_cannot_be_summed,1654301.70,2124511.96,1620.28,2076.75,621604.00,560658.00,0.00,0.36,1032697.70,1563853.60
145245135260,14,municipality,Remse,Remse,beauftragende Gemeinde,beauftragende Gemeinde,14524260,14524260,1622,1629,STATISTIKPORTAL_INTEGRATED_2023_T1,STATISTIKPORTAL_INTEGRATED_2024_T1,matching_original_identifier_and_class,not_certified_requires_population_and_entity_scope_audit,different_fiscal_unit_classes_cannot_be_summed,1747325.80,1874283.43,1077.27,1150.57,374069.00,310425.00,0.00,4.68,1373256.80,1563853.75
145245135290,14,municipality,"Waldenburg, Stadt","Waldenburg, Stadt",erfüllende Gemeinde,erfüllende Gemeinde,14524290,14524290,3950,3964,STATISTIKPORTAL_INTEGRATED_2023_T1,STATISTIKPORTAL_INTEGRATED_2024_T1,matching_original_identifier_and_class,not_certified_requires_population_and_entity_scope_audit,different_fiscal_unit_classes_cannot_be_summed,8095270.78,7632572.52,2049.44,1925.47,2175542.00,2045452.00,0.00,32.26,5919728.78,5587088.26
146120000000,14,municipality,"Dresden, Stadt","Dresden, Stadt",kreisfreie Stadt,kreisfreie Stadt,14612000,14612000,563961,562920,STATISTIKPORTAL_INTEGRATED_2023_T1,STATISTIKPORTAL_INTEGRATED_2024_T1,matching_original_identifier_and_class,not_certified_requires_population_and_entity_scope_audit,different_fiscal_unit_classes_cannot_be_summed,1507331833.28,1800233644.99,2672.76,3198.03,0.00,0.00,199303623.23,279694001.59,1308028210.05,1520539643.40
14625,14,county_administration,LK Bautzen,LKH Bautzen,Landratsamt,Landratsamt,,,297401,294024,STATISTIKPORTAL_INTEGRATED_2023_T1,STATISTIKPORTAL_INTEGRATED_2024_T1,legal_name_or_form_changed_review,not_certified_requires_population_and_entity_scope_audit,different_fiscal_unit_classes_cannot_be_summed,91887894.79,101747520.93,308.97,346.05,46282829.00,53818524.00,3512963.57,3663928.75,42092102.22,44265068.18
146250010010,14,municipality,Arnsdorf,Arnsdorf,kreisangehörige Gemeinde,kreisangehörige Gemeinde,14625010,14625010,5106,4949,STATISTIKPORTAL_INTEGRATED_2023_T1,STATISTIKPORTAL_INTEGRATED_2024_T1,matching_original_identifier_and_class,not_certified_requires_population_and_entity_scope_audit,different_fiscal_unit_classes_cannot_be_summed,4898563.73,4662464.94,959.37,942.10,3091443.00,2757362.00,15796.67,11599.32,1791324.06,1893503.62
146250020020,14,municipality,"Bautzen, Stadt","Bautzen, Stadt",große Kreisstadt,große Kreisstadt,14625020,14625020,38134,37704,STATISTIKPORTAL_INTEGRATED_2023_T1,STATISTIKPORTAL_INTEGRATED_2024_T1,matching_original_identifier_and_class,not_certified_requires_population_and_entity_scope_audit,different_fiscal_unit_classes_cannot_be_summed,22272910.06,24243597.82,584.07,643.00,0.00,0.00,39491.68,43726.97,22233418.38,24199870.85
146250030030,14,municipality,"Bernsdorf, Stadt","Bernsdorf, Stadt",kreisangehörige Gemeinde,kreisangehörige Gemeinde,14625030,14625030,6255,6266,STATISTIKPORTAL_INTEGRATED_2023_T1,STATISTIKPORTAL_INTEGRATED_2024_T1,matching_original_identifier_and_class,not_certified_requires_population_and_entity_scope_audit,different_fiscal_unit_classes_cannot_be_summed,9629656.10,8986741.83,1539.51,1434.21,2814952.00,2678555.00,0.00,31.53,6814704.10,6308155.30
146250060060,14,municipality,Burkau,Burkau,kreisangehörige Gemeinde,kreisangehörige Gemeinde,14625060,14625060,2686,2575,STATISTIKPORTAL_INTEGRATED_2023_T1,STATISTIKPORTAL_INTEGRATED_2024_T1,matching_original_identifier_and_class,not_certified_requires_population_and_entity_scope_audit,different_fiscal_unit_classes_cannot_be_summed,1062206.20,1937929.85,395.46,752.59,0.00,0.00,6596.41,11583.86,1055609.79,1926345.99
146250090090,14,municipality,Cunewalde,Cunewalde,kreisangehörige Gemeinde,kreisangehörige Gemeinde,14625090,14625090,4561,4488,STATISTIKPORTAL_INTEGRATED_2023_T1,STATISTIKPORTAL_INTEGRATED_2024_T1,matching_original_identifier_and_class,not_certified_requires_population_and_entity_scope_audit,different_fiscal_unit_classes_cannot_be_summed,12398745.19,11820112.17,2718.43,2633.71,2643725.00,2471084.00,22330.97,107383.89,9732689.22,9241644.28
146250100100,14,municipality,Demitz-Thumitz,Demitz-Thumitz,kreisangehörige Gemeinde,kreisangehörige Gemeinde,14625100,14625100,2677,2666,STATISTIKPORTAL_INTEGRATED_2023_T1,STATISTIKPORTAL_INTEGRATED_2024_T1,matching_original_identifier_and_class,not_certified_requires_population_and_entity_scope_audit,different_fiscal_unit_classes_cannot_be_summed,2020090.77,2129543.56,754.61,798.78,121500.00,101100.00,0.00,101.61,1898590.77,2028341.95
146250110110,14,municipality,Doberschau-Gaußig,Doberschau-Gaußig,kreisangehörige Gemeinde,kreisangehörige Gemeinde,14625110,14625110,4199,4243,STATISTIKPORTAL_INTEGRATED_2023_T1,STATISTIKPORTAL_INTEGRATED_2024_T1,matching_original_identifier_and_class,not_certified_requires_population_and_entity_scope_audit,different_fiscal_unit_classes_cannot_be_summed,1659033.94,1731587.47,395.10,408.10,0.00,0.00,15796.67,11589.42,1643237.27,1719998.05
146250120120,14,municipality,Elsterheide,Elsterheide,kreisangehörige Gemeinde,kreisangehörige Gemeinde,14625120,14625120,3424,3296,STATISTIKPORTAL_INTEGRATED_2023_T1,STATISTIKPORTAL_INTEGRATED_2024_T1,matching_original_identifier_and_class,not_certified_requires_population_and_entity_scope_audit,different_fiscal_unit_classes_cannot_be_summed,4405084.60,4008293.59,1286.53,1216.11,1055809.00,929041.00,99.14,4418.34,3349176.46,3074834.25
146250130130,14,municipality,"Elstra, Stadt","Elstra, Stadt",kreisangehörige Gemeinde,kreisangehörige Gemeinde,14625130,14625130,2702,2681,STATISTIKPORTAL_INTEGRATED_2023_T1,STATISTIKPORTAL_INTEGRATED_2024_T1,matching_original_identifier_and_class,not_certified_requires_population_and_entity_scope_audit,different_fiscal_unit_classes_cannot_be_summed,2456624.28,2411606.78,909.19,899.52,0.00,0.00,0.00,75.67,2456624.28,2411531.11
146250150150,14,municipality,Göda,Göda,kreisangehörige Gemeinde,kreisangehörige Gemeinde,14625150,14625150,2989,2915,STATISTIKPORTAL_INTEGRATED_2023_T1,STATISTIKPORTAL_INTEGRATED_2024_T1,matching_original_identifier_and_class,not_certified_requires_population_and_entity_scope_audit,different_fiscal_unit_classes_cannot_be_summed,1784111.59,1822251.44,596.89,625.13,159190.00,85122.00,15796.67,11602.91,1609124.92,1725526.53
146250160160,14,municipality,Großdubrau,Großdubrau,kreisangehörige Gemeinde,kreisangehörige Gemeinde,14625160,14625160,4147,4051,STATISTIKPORTAL_INTEGRATED_2023_T1,STATISTIKPORTAL_INTEGRATED_2024_T1,matching_original_identifier_and_class,not_certified_requires_population_and_entity_scope_audit,different_fiscal_unit_classes_cannot_be_summed,4427814.06,4359630.38,1067.71,1076.19,0.00,0.00,0.00,82.55,4427814.06,4359547.83
146250200200,14,municipality,"Großröhrsdorf, Stadt","Großröhrsdorf, Stadt",kreisangehörige Gemeinde,kreisangehörige Gemeinde,14625200,14625200,9681,9479,STATISTIKPORTAL_INTEGRATED_2023_T1,STATISTIKPORTAL_INTEGRATED_2024_T1,matching_original_identifier_and_class,not_certified_requires_population_and_entity_scope_audit,different_fiscal_unit_classes_cannot_be_summed,15707789.38,14964108.61,1622.54,1578.66,4455074.00,3864773.00,15796.67,29117.08,11236918.71,11070218.53
146250220220,14,municipality,Haselbachtal,Haselbachtal,kreisangehörige Gemeinde,kreisangehörige Gemeinde,14625220,14625220,3957,3920,STATISTIKPORTAL_INTEGRATED_2023_T1,STATISTIKPORTAL_INTEGRATED_2024_T1,matching_original_identifier_and_class,not_certified_requires_population_and_entity_scope_audit,different_fiscal_unit_classes_cannot_be_summed,4914144.15,4728500.05,1241.89,1206.25,1620000.00,1560000.00,0.00,72.05,3294144.15,3168428.00
146250230230,14,municipality,Hochkirch,Hochkirch,kreisangehörige Gemeinde,kreisangehörige Gemeinde,14625230,14625230,2231,2162,STATISTIKPORTAL_INTEGRATED_2023_T1,STATISTIKPORTAL_INTEGRATED_2024_T1,matching_original_identifier_and_class,not_certified_requires_population_and_entity_scope_audit,different_fiscal_unit_classes_cannot_be_summed,1261980.56,1391300.87,565.66,643.52,0.00,0.00,10545.58,11594.80,1251434.98,1379706.07
146250240240,14,municipality,"Hoyerswerda, Stadt","Hoyerswerda, Stadt",große Kreisstadt,große Kreisstadt,14625240,14625240,31452,31048,STATISTIKPORTAL_INTEGRATED_2023_T1,STATISTIKPORTAL_INTEGRATED_2024_T1,matching_original_identifier_and_class,not_certified_requires_population_and_entity_scope_audit,different_fiscal_unit_classes_cannot_be_summed,103794875.40,99231854.12,3300.10,3196.08,18925751.00,17885803.00,3545452.17,3524127.94,81323672.23,77821923.18
146250250250,14,municipality,"Kamenz, Stadt","Kamenz, Stadt",große Kreisstadt,große Kreisstadt,14625250,14625250,16942,17011,STATISTIKPORTAL_INTEGRATED_2023_T1,STATISTIKPORTAL_INTEGRATED_2024_T1,matching_original_identifier_and_class,not_certified_requires_population_and_entity_scope_audit,different_fiscal_unit_classes_cannot_be_summed,45857386.61,44309708.50,2706.73,2604.77,2011150.00,1304550.00,428325.58,684648.86,43417911.03,42320509.64
146250280280,14,municipality,Königswartha,Königswartha,kreisangehörige Gemeinde,kreisangehörige Gemeinde,14625280,14625280,3446,3372,STATISTIKPORTAL_INTEGRATED_2023_T1,STATISTIKPORTAL_INTEGRATED_2024_T1,matching_original_identifier_and_class,not_certified_requires_population_and_entity_scope_audit,different_fiscal_unit_classes_cannot_be_summed,1855244.30,1840528.20,538.38,545.83,888525.00,779753.00,15796.67,17311.23,950922.63,1043463.97
146250290290,14,municipality,Kubschütz,Kubschütz,kreisangehörige Gemeinde,kreisangehörige Gemeinde,14625290,14625290,2501,2447,STATISTIKPORTAL_INTEGRATED_2023_T1,STATISTIKPORTAL_INTEGRATED_2024_T1,matching_original_identifier_and_class,not_certified_requires_population_and_entity_scope_audit,different_fiscal_unit_classes_cannot_be_summed,1580052.56,1709685.97,631.77,698.69,0.00,0.00,10545.58,11603.35,1569506.98,1698082.62
146250310310,14,municipality,"Lauta, Stadt","Lauta, Stadt",kreisangehörige Gemeinde,kreisangehörige Gemeinde,14625310,14625310,8061,7788,STATISTIKPORTAL_INTEGRATED_2023_T1,STATISTIKPORTAL_INTEGRATED_2024_T1,matching_original_identifier_and_class,not_certified_requires_population_and_entity_scope_audit,different_fiscal_unit_classes_cannot_be_summed,18047027.53,16504315.94,2238.81,2119.20,2101418.00,1934396.00,66.09,2972.93,15945543.44,14566947.01
146250330330,14,municipality,Lohsa,Lohsa,kreisangehörige Gemeinde,kreisangehörige Gemeinde,14625330,14625330,5119,5014,STATISTIKPORTAL_INTEGRATED_2023_T1,STATISTIKPORTAL_INTEGRATED_2024_T1,matching_original_identifier_and_class,not_certified_requires_population_and_entity_scope_audit,different_fiscal_unit_classes_cannot_be_summed,4031070.23,3689470.25,787.47,735.83,3401040.00,3142965.00,4015.26,10172.18,626014.97,536333.07
146250340340,14,municipality,Malschwitz,Malschwitz,kreisangehörige Gemeinde,kreisangehörige Gemeinde,14625340,14625340,4793,4840,STATISTIKPORTAL_INTEGRATED_2023_T1,STATISTIKPORTAL_INTEGRATED_2024_T1,matching_original_identifier_and_class,not_certified_requires_population_and_entity_scope_audit,different_fiscal_unit_classes_cannot_be_summed,5088314.57,5024597.18,1061.61,1038.14,355326.00,283111.00,15796.67,11615.40,4717191.90,4729870.78
146250380380,14,municipality,Neukirch/Lausitz,Neukirch/Lausitz,kreisangehörige Gemeinde,kreisangehörige Gemeinde,14625380,14625380,4796,4718,STATISTIKPORTAL_INTEGRATED_2023_T1,STATISTIKPORTAL_INTEGRATED_2024_T1,matching_original_identifier_and_class,not_certified_requires_population_and_entity_scope_audit,different_fiscal_unit_classes_cannot_be_summed,3462471.60,3800012.45,721.95,805.43,996771.00,922401.00,26342.25,17457.63,2439358.35,2860153.82
146250420420,14,municipality,Oßling,Oßling,kreisangehörige Gemeinde,kreisangehörige Gemeinde,14625420,14625420,2189,2203,STATISTIKPORTAL_INTEGRATED_2023_T1,STATISTIKPORTAL_INTEGRATED_2024_T1,matching_original_identifier_and_class,not_certified_requires_population_and_entity_scope_audit,different_fiscal_unit_classes_cannot_be_summed,4483040.40,4307365.76,2047.99,1955.23,3272400.00,3177906.00,0.00,50.61,1210640.40,1129409.15
146250430430,14,municipality,Ottendorf-Okrilla,Ottendorf-Okrilla,kreisangehörige Gemeinde,kreisangehörige Gemeinde,14625430,14625430,9909,9929,STATISTIKPORTAL_INTEGRATED_2023_T1,STATISTIKPORTAL_INTEGRATED_2024_T1,matching_original_identifier_and_class,not_certified_requires_population_and_entity_scope_audit,different_fiscal_unit_classes_cannot_be_summed,8730057.47,8569809.04,881.02,863.11,4136000.00,3731000.00,26342.25,43443.32,4567715.22,4795365.72
146250480480,14,municipality,"Radeberg, Stadt","Radeberg, Stadt",große Kreisstadt,große Kreisstadt,14625480,14625480,18868,18713,STATISTIKPORTAL_INTEGRATED_2023_T1,STATISTIKPORTAL_INTEGRATED_2024_T1,matching_original_identifier_and_class,not_certified_requires_population_and_entity_scope_audit,different_fiscal_unit_classes_cannot_be_summed,29281565.86,32231645.83,1551.92,1722.42,0.00,0.00,22294.78,51491.42,29259271.08,32180154.41
146250490490,14,municipality,Radibor,Radibor,kreisangehörige Gemeinde,kreisangehörige Gemeinde,14625490,14625490,3139,3096,STATISTIKPORTAL_INTEGRATED_2023_T1,STATISTIKPORTAL_INTEGRATED_2024_T1,matching_original_identifier_and_class,not_certified_requires_population_and_entity_scope_audit,different_fiscal_unit_classes_cannot_be_summed,3373234.13,3350128.59,1074.62,1082.08,0.00,0.00,0.00,69.58,3373234.13,3350059.01
146250525525,14,municipality,"Schirgiswalde-Kirschau, Stadt","Schirgiswalde-Kirschau, Stadt",kreisangehörige Gemeinde,kreisangehörige Gemeinde,14625525,14625525,6033,5940,STATISTIKPORTAL_INTEGRATED_2023_T1,STATISTIKPORTAL_INTEGRATED_2024_T1,matching_original_identifier_and_class,not_certified_requires_population_and_entity_scope_audit,different_fiscal_unit_classes_cannot_be_summed,14984014.03,13564840.88,2483.68,2283.64,682952.00,585388.00,0.00,218.62,14301062.03,12979234.26
146250530530,14,municipality,Schmölln-Putzkau,Schmölln-Putzkau,kreisangehörige Gemeinde,kreisangehörige Gemeinde,14625530,14625530,2941,2984,STATISTIKPORTAL_INTEGRATED_2023_T1,STATISTIKPORTAL_INTEGRATED_2024_T1,matching_original_identifier_and_class,not_certified_requires_population_and_entity_scope_audit,different_fiscal_unit_classes_cannot_be_summed,2236812.58,2449401.05,760.56,820.84,0.00,0.00,10545.58,11648.50,2226267.00,2437752.55
146250550550,14,municipality,Schwepnitz,Schwepnitz,kreisangehörige Gemeinde,kreisangehörige Gemeinde,14625550,14625550,2462,2426,STATISTIKPORTAL_INTEGRATED_2023_T1,STATISTIKPORTAL_INTEGRATED_2024_T1,matching_original_identifier_and_class,not_certified_requires_population_and_entity_scope_audit,different_fiscal_unit_classes_cannot_be_summed,5530460.06,4042277.83,2246.33,1666.23,4339152.00,2936888.00,10545.58,11555.16,1180762.48,1093834.67
146250560560,14,municipality,Sohland a. d. Spree,Sohland a. d. Spree,kreisangehörige Gemeinde,kreisangehörige Gemeinde,14625560,14625560,6544,6333,STATISTIKPORTAL_INTEGRATED_2023_T1,STATISTIKPORTAL_INTEGRATED_2024_T1,matching_original_identifier_and_class,not_certified_requires_population_and_entity_scope_audit,different_fiscal_unit_classes_cannot_be_summed,16470163.22,15200041.53,2516.83,2400.13,154831.00,142000.00,0.00,197.88,16315332.22,15057843.65
146250570570,14,municipality,Spreetal,Spreetal,kreisangehörige Gemeinde,kreisangehörige Gemeinde,14625570,14625570,1765,1701,STATISTIKPORTAL_INTEGRATED_2023_T1,STATISTIKPORTAL_INTEGRATED_2024_T1,matching_original_identifier_and_class,not_certified_requires_population_and_entity_scope_audit,different_fiscal_unit_classes_cannot_be_summed,8156615.88,7837067.33,4621.31,4607.33,0.00,0.00,66.09,2943.11,8156549.79,7834124.22
146250590590,14,municipality,Steinigtwolmsdorf,Steinigtwolmsdorf,kreisangehörige Gemeinde,kreisangehörige Gemeinde,14625590,14625590,2726,2593,STATISTIKPORTAL_INTEGRATED_2023_T1,STATISTIKPORTAL_INTEGRATED_2024_T1,matching_original_identifier_and_class,not_certified_requires_population_and_entity_scope_audit,different_fiscal_unit_classes_cannot_be_summed,2066566.58,4611637.66,758.09,1778.50,755148.00,719148.00,10545.58,11548.26,1300873.00,3880941.40
146250600600,14,municipality,Wachau,Wachau,kreisangehörige Gemeinde,kreisangehörige Gemeinde,14625600,14625600,4321,4224,STATISTIKPORTAL_INTEGRATED_2023_T1,STATISTIKPORTAL_INTEGRATED_2024_T1,matching_original_identifier_and_class,not_certified_requires_population_and_entity_scope_audit,different_fiscal_unit_classes_cannot_be_summed,3597805.50,3705892.74,832.63,877.34,0.00,0.00,15796.67,17319.47,3582008.83,3688573.27
146250610610,14,municipality,"Weißenberg, Stadt","Weißenberg, Stadt",kreisangehörige Gemeinde,kreisangehörige Gemeinde,14625610,14625610,3052,3044,STATISTIKPORTAL_INTEGRATED_2023_T1,STATISTIKPORTAL_INTEGRATED_2024_T1,matching_original_identifier_and_class,not_certified_requires_population_and_entity_scope_audit,different_fiscal_unit_classes_cannot_be_summed,3981692.19,4027767.93,1304.62,1323.18,371721.00,315867.00,10545.58,7308.86,3599425.61,3704592.07
146250630630,14,municipality,"Wilthen, Stadt","Wilthen, Stadt",kreisangehörige Gemeinde,kreisangehörige Gemeinde,14625630,14625630,4812,4652,STATISTIKPORTAL_INTEGRATED_2023_T1,STATISTIKPORTAL_INTEGRATED_2024_T1,matching_original_identifier_and_class,not_certified_requires_population_and_entity_scope_audit,different_fiscal_unit_classes_cannot_be_summed,11026634.99,10116759.24,2291.49,2174.71,1760518.00,1626428.00,0.00,51.27,9266116.99,8490279.97
146250640640,14,municipality,"Wittichenau, Stadt","Wittichenau, Stadt",kreisangehörige Gemeinde,kreisangehörige Gemeinde,14625640,14625640,5680,5581,STATISTIKPORTAL_INTEGRATED_2023_T1,STATISTIKPORTAL_INTEGRATED_2024_T1,matching_original_identifier_and_class,not_certified_requires_population_and_entity_scope_audit,different_fiscal_unit_classes_cannot_be_summed,4785217.93,3928922.00,842.47,703.98,1535333.00,1228228.00,0.00,28.95,3249884.93,2700665.05
146255207040,14,municipality,"Bischofswerda, Stadt","Bischofswerda, Stadt",große Kreisstadt als erfüllende Gem.,große Kreisstadt als erfüllende Gem.,14625040,14625040,10697,10682,STATISTIKPORTAL_INTEGRATED_2023_T1,STATISTIKPORTAL_INTEGRATED_2024_T1,matching_original_identifier_and_class,not_certified_requires_population_and_entity_scope_audit,different_fiscal_unit_classes_cannot_be_summed,30003491.11,28962976.21,2804.85,2711.38,2035160.00,1839930.00,0.00,486.59,27968331.11,27122559.62
146255207510,14,municipality,Rammenau,Rammenau,beauftragende Gemeinde,beauftragende Gemeinde,14625510,14625510,1345,1326,STATISTIKPORTAL_INTEGRATED_2023_T1,STATISTIKPORTAL_INTEGRATED_2024_T1,matching_original_identifier_and_class,not_certified_requires_population_and_entity_scope_audit,different_fiscal_unit_classes_cannot_be_summed,993898.77,1053696.81,738.96,794.64,71080.00,45020.00,1301.92,1483.60,921516.85,1007193.21
146255211140,14,municipality,Frankenthal,Frankenthal,beauftragende Gemeinde,beauftragende Gemeinde,14625140,14625140,911,894,STATISTIKPORTAL_INTEGRATED_2023_T1,STATISTIKPORTAL_INTEGRATED_2024_T1,matching_original_identifier_and_class,not_certified_requires_population_and_entity_scope_audit,different_fiscal_unit_classes_cannot_be_summed,419668.80,405445.21,460.67,453.52,132237.00,111478.00,3949.17,1443.33,283482.63,292523.88
146255211170,14,municipality,Großharthau,Großharthau,erfüllende Gemeinde,erfüllende Gemeinde,14625170,14625170,2935,2952,STATISTIKPORTAL_INTEGRATED_2023_T1,STATISTIKPORTAL_INTEGRATED_2024_T1,matching_original_identifier_and_class,not_certified_requires_population_and_entity_scope_audit,different_fiscal_unit_classes_cannot_be_summed,2040441.13,1835048.23,695.21,621.63,1064866.00,823373.00,10545.58,11574.52,965029.55,1000100.71
146255212190,14,municipality,Großpostwitz/Oberlausitz,Großpostwitz/Oberlausitz,erfüllende Gemeinde,erfüllende Gemeinde,14625190,14625190,2698,2737,STATISTIKPORTAL_INTEGRATED_2023_T1,STATISTIKPORTAL_INTEGRATED_2024_T1,matching_original_identifier_and_class,not_certified_requires_population_and_entity_scope_audit,different_fiscal_unit_classes_cannot_be_summed,5296067.66,5318868.69,1962.96,1943.32,1869369.00,1864369.00,15796.67,17355.97,3410901.99,3437143.72
146255212390,14,municipality,Obergurig,Obergurig,beauftragende Gemeinde,beauftragende Gemeinde,14625390,14625390,2044,2056,STATISTIKPORTAL_INTEGRATED_2023_T1,STATISTIKPORTAL_INTEGRATED_2024_T1,matching_original_identifier_and_class,not_certified_requires_population_and_entity_scope_audit,different_fiscal_unit_classes_cannot_be_summed,1654611.08,1417450.88,809.50,689.42,642789.00,548104.00,3949.17,1454.05,1007872.91,867892.83
146255218270,14,municipality,"Königsbrück, Stadt","Königsbrück, Stadt",erfüllende Gemeinde,erfüllende Gemeinde,14625270,14625270,4658,4661,STATISTIKPORTAL_INTEGRATED_2023_T1,STATISTIKPORTAL_INTEGRATED_2024_T1,matching_original_identifier_and_class,not_certified_requires_population_and_entity_scope_audit,different_fiscal_unit_classes_cannot_be_summed,6488350.58,5427519.82,1392.95,1164.45,779830.00,727092.00,0.00,98.47,5708520.58,4700329.35
146255218300,14,municipality,Laußnitz,Laußnitz,beauftragende Gemeinde,beauftragende Gemeinde,14625300,14625300,1850,1824,STATISTIKPORTAL_INTEGRATED_2023_T1,STATISTIKPORTAL_INTEGRATED_2024_T1,matching_original_identifier_and_class,not_certified_requires_population_and_entity_scope_audit,different_fiscal_unit_classes_cannot_be_summed,2375969.04,1770554.07,1284.31,970.70,0.00,0.00,0.00,32.31,2375969.04,1770521.76
146255218370,14,municipality,Neukirch,Neukirch,beauftragende Gemeinde,beauftragende Gemeinde,14625370,14625370,1606,1616,STATISTIKPORTAL_INTEGRATED_2023_T1,STATISTIKPORTAL_INTEGRATED_2024_T1,matching_original_identifier_and_class,not_certified_requires_population_and_entity_scope_audit,different_fiscal_unit_classes_cannot_be_summed,2027516.33,1428350.19,1262.46,883.88,67131.00,62612.00,0.00,22.46,1960385.33,1365715.73
146255223360,14,municipality,Neschwitz,Neschwitz,erfüllende Gemeinde,erfüllende Gemeinde,14625360,14625360,2379,2363,STATISTIKPORTAL_INTEGRATED_2023_T1,STATISTIKPORTAL_INTEGRATED_2024_T1,matching_original_identifier_and_class,not_certified_requires_population_and_entity_scope_audit,different_fiscal_unit_classes_cannot_be_summed,1280539.01,1490825.74,538.27,630.90,269577.00,380399.00,10545.58,11573.13,1000416.43,1098853.61
146255223460,14,municipality,Puschwitz,Puschwitz,beauftragende Gemeinde,beauftragende Gemeinde,14625460,14625460,767,790,STATISTIKPORTAL_INTEGRATED_2023_T1,STATISTIKPORTAL_INTEGRATED_2024_T1,matching_original_identifier_and_class,not_certified_requires_population_and_entity_scope_audit,different_fiscal_unit_classes_cannot_be_summed,420674.62,467384.93,548.47,591.63,0.00,0.00,3949.17,1452.39,416725.45,465932.54
146255231180,14,municipality,Großnaundorf,Großnaundorf,beauftragende Gemeinde,beauftragende Gemeinde,14625180,14625180,934,901,STATISTIKPORTAL_INTEGRATED_2023_T1,STATISTIKPORTAL_INTEGRATED_2024_T1,matching_original_identifier_and_class,not_certified_requires_population_and_entity_scope_audit,different_fiscal_unit_classes_cannot_be_summed,755860.59,750609.21,809.27,833.08,442500.00,422500.00,0.00,11.30,313360.59,328097.91
146255231320,14,municipality,Lichtenberg,Lichtenberg,beauftragende Gemeinde,beauftragende Gemeinde,14625320,14625320,1628,1607,STATISTIKPORTAL_INTEGRATED_2023_T1,STATISTIKPORTAL_INTEGRATED_2024_T1,matching_original_identifier_and_class,not_certified_requires_population_and_entity_scope_audit,different_fiscal_unit_classes_cannot_be_summed,1807293.05,1795036.89,1110.13,1117.01,1164637.00,1119840.00,0.00,28.11,642656.05,675168.78
146255231410,14,municipality,Ohorn,Ohorn,beauftragende Gemeinde,beauftragende Gemeinde,14625410,14625410,2513,2464,STATISTIKPORTAL_INTEGRATED_2023_T1,STATISTIKPORTAL_INTEGRATED_2024_T1,matching_original_identifier_and_class,not_certified_requires_population_and_entity_scope_audit,different_fiscal_unit_classes_cannot_be_summed,5282129.46,5269255.32,2101.92,2138.50,2948666.00,2827263.00,0.00,77.74,2333463.46,2441914.58
146255231450,14,municipality,"Pulsnitz, Stadt","Pulsnitz, Stadt",erfüllende Gemeinde,erfüllende Gemeinde,14625450,14625450,7339,7275,STATISTIKPORTAL_INTEGRATED_2023_T1,STATISTIKPORTAL_INTEGRATED_2024_T1,matching_original_identifier_and_class,not_certified_requires_population_and_entity_scope_audit,different_fiscal_unit_classes_cannot_be_summed,14029833.91,14043994.87,1911.68,1930.45,4962443.00,4891097.00,26342.25,29013.44,9041048.66,9123884.43
146255231580,14,municipality,Steina,Steina,beauftragende Gemeinde,beauftragende Gemeinde,14625580,14625580,1671,1659,STATISTIKPORTAL_INTEGRATED_2023_T1,STATISTIKPORTAL_INTEGRATED_2024_T1,matching_original_identifier_and_class,not_certified_requires_population_and_entity_scope_audit,different_fiscal_unit_classes_cannot_be_summed,2373882.97,2300056.91,1420.64,1386.41,771579.00,735271.00,0.00,32.85,1602303.97,1564753.06
146255501,14,joint_administration,VVH Am Klosterwasser,VVH Am Klosterwasser,Verwaltungsverbandshaushalt,Verwaltungsverbandshaushalt,,,7126,7165,STATISTIKPORTAL_INTEGRATED_2023_T1,STATISTIKPORTAL_INTEGRATED_2024_T1,matching_original_identifier_and_class,not_certified_requires_population_and_entity_scope_audit,different_fiscal_unit_classes_cannot_be_summed,735.00,740.43,0.10,0.10,0.00,0.00,0.00,20.74,735.00,719.69
146255501080,14,municipality,Crostwitz,Crostwitz,Mitgliedsgemeinde,Mitgliedsgemeinde,14625080,14625080,1026,1042,STATISTIKPORTAL_INTEGRATED_2023_T1,STATISTIKPORTAL_INTEGRATED_2024_T1,matching_original_identifier_and_class,not_certified_requires_population_and_entity_scope_audit,different_fiscal_unit_classes_cannot_be_summed,1100147.51,1043623.34,1072.27,1001.56,177345.00,153900.00,0.00,22.15,922802.51,889701.19
146255501350,14,municipality,Nebelschütz,Nebelschütz,Mitgliedsgemeinde,Mitgliedsgemeinde,14625350,14625350,1207,1190,STATISTIKPORTAL_INTEGRATED_2023_T1,STATISTIKPORTAL_INTEGRATED_2024_T1,matching_original_identifier_and_class,not_certified_requires_population_and_entity_scope_audit,different_fiscal_unit_classes_cannot_be_summed,2276340.47,2191025.01,1885.95,1841.20,740659.00,705840.00,0.00,30.82,1535681.47,1485154.19
146255501440,14,municipality,Panschwitz-Kuckau,Panschwitz-Kuckau,Mitgliedsgemeinde,Mitgliedsgemeinde,14625440,14625440,2036,2063,STATISTIKPORTAL_INTEGRATED_2023_T1,STATISTIKPORTAL_INTEGRATED_2024_T1,matching_original_identifier_and_class,not_certified_requires_population_and_entity_scope_audit,different_fiscal_unit_classes_cannot_be_summed,2013688.67,1954479.76,989.04,947.40,560041.00,535694.00,0.00,41.96,1453647.67,1418743.80
146255501470,14,municipality,Räckelwitz,Räckelwitz,Mitgliedsgemeinde,Mitgliedsgemeinde,14625470,14625470,1145,1130,STATISTIKPORTAL_INTEGRATED_2023_T1,STATISTIKPORTAL_INTEGRATED_2024_T1,matching_original_identifier_and_class,not_certified_requires_population_and_entity_scope_audit,different_fiscal_unit_classes_cannot_be_summed,1193703.27,1115314.25,1042.54,987.00,354559.00,325200.00,0.00,20.23,839144.27,790094.02
146255501500,14,municipality,Ralbitz-Rosenthal,Ralbitz-Rosenthal,Mitgliedsgemeinde,Mitgliedsgemeinde,14625500,14625500,1712,1740,STATISTIKPORTAL_INTEGRATED_2023_T1,STATISTIKPORTAL_INTEGRATED_2024_T1,matching_original_identifier_and_class,not_certified_requires_population_and_entity_scope_audit,different_fiscal_unit_classes_cannot_be_summed,1421875.68,1380831.15,830.53,793.58,385537.00,355918.00,0.00,30.62,1036338.68,1024882.53
14626,14,county_administration,LK Görlitz,LKH Görlitz,Landratsamt,Landratsamt,,,249257,244979,STATISTIKPORTAL_INTEGRATED_2023_T1,STATISTIKPORTAL_INTEGRATED_2024_T1,legal_name_or_form_changed_review,not_certified_requires_population_and_entity_scope_audit,different_fiscal_unit_classes_cannot_be_summed,126204615.57,162543773.52,506.32,663.50,107177198.00,143728260.00,2123641.35,2213425.20,16903776.22,16602088.32
146260060060,14,municipality,Boxberg/Oberlausitz,Boxberg/Oberlausitz,kreisangehörige Gemeinde,kreisangehörige Gemeinde,14626060,14626060,4297,4320,STATISTIKPORTAL_INTEGRATED_2023_T1,STATISTIKPORTAL_INTEGRATED_2024_T1,matching_original_identifier_and_class,not_certified_requires_population_and_entity_scope_audit,different_fiscal_unit_classes_cannot_be_summed,2277601.40,2220406.00,530.04,513.98,0.00,0.00,10611.67,10203.81,2266989.73,2210202.19
146260085085,14,municipality,"Ebersbach-Neugersdorf, Stadt","Ebersbach-Neugersdorf, Stadt",kreisangehörige Gemeinde,kreisangehörige Gemeinde,14626085,14626085,11448,11030,STATISTIKPORTAL_INTEGRATED_2023_T1,STATISTIKPORTAL_INTEGRATED_2024_T1,matching_original_identifier_and_class,not_certified_requires_population_and_entity_scope_audit,different_fiscal_unit_classes_cannot_be_summed,15914845.00,17147998.26,1390.19,1554.67,847187.00,692808.00,15681.40,14864.06,15051976.60,16440326.20
146260110110,14,municipality,"Görlitz, Stadt","Görlitz, Stadt, Hochschulstadt",große Kreisstadt,große Kreisstadt,14626110,14626110,56614,55213,STATISTIKPORTAL_INTEGRATED_2023_T1,STATISTIKPORTAL_INTEGRATED_2024_T1,legal_name_or_form_changed_review,not_certified_requires_population_and_entity_scope_audit,different_fiscal_unit_classes_cannot_be_summed,66370389.04,57990275.02,1172.33,1050.30,15605709.00,11019034.00,5137944.58,4942013.64,45626735.46,42029227.38
146260180180,14,municipality,"Herrnhut, Stadt","Herrnhut, Stadt",kreisangehörige Gemeinde,kreisangehörige Gemeinde,14626180,14626180,5826,5734,STATISTIKPORTAL_INTEGRATED_2023_T1,STATISTIKPORTAL_INTEGRATED_2024_T1,matching_original_identifier_and_class,not_certified_requires_population_and_entity_scope_audit,different_fiscal_unit_classes_cannot_be_summed,3703235.41,3787667.18,635.64,660.56,1022552.00,837312.00,7840.70,7323.66,2672842.71,2943031.52
146260245245,14,municipality,Kottmar,Kottmar,kreisangehörige Gemeinde,kreisangehörige Gemeinde,14626245,14626245,7093,6936,STATISTIKPORTAL_INTEGRATED_2023_T1,STATISTIKPORTAL_INTEGRATED_2024_T1,matching_original_identifier_and_class,not_certified_requires_population_and_entity_scope_audit,different_fiscal_unit_classes_cannot_be_summed,9303682.81,9188239.34,1311.67,1324.72,601325.00,488965.00,17051.06,16922.75,8685306.75,8682351.59
146260250250,14,municipality,Krauschwitz i.d. Oberlausitz,Krauschwitz i.d. Oberlausitz,kreisangehörige Gemeinde,kreisangehörige Gemeinde,14626250,14626250,3332,3182,STATISTIKPORTAL_INTEGRATED_2023_T1,STATISTIKPORTAL_INTEGRATED_2024_T1,matching_original_identifier_and_class,not_certified_requires_population_and_entity_scope_audit,different_fiscal_unit_classes_cannot_be_summed,2935209.67,2228543.68,880.92,700.36,2919413.00,2216994.00,15796.67,11548.69,0.00,0.99
146260280280,14,municipality,Leutersdorf,Leutersdorf,kreisangehörige Gemeinde,kreisangehörige Gemeinde,14626280,14626280,3388,3340,STATISTIKPORTAL_INTEGRATED_2023_T1,STATISTIKPORTAL_INTEGRATED_2024_T1,matching_original_identifier_and_class,not_certified_requires_population_and_entity_scope_audit,different_fiscal_unit_classes_cannot_be_summed,2347375.91,2632970.68,692.85,788.31,0.00,0.00,15772.33,16430.32,2331603.58,2616540.36
146260300300,14,municipality,Markersdorf,Markersdorf,kreisangehörige Gemeinde,kreisangehörige Gemeinde,14626300,14626300,3837,3727,STATISTIKPORTAL_INTEGRATED_2023_T1,STATISTIKPORTAL_INTEGRATED_2024_T1,matching_original_identifier_and_class,not_certified_requires_population_and_entity_scope_audit,different_fiscal_unit_classes_cannot_be_summed,2847135.14,2886695.80,742.02,774.54,685254.00,593607.00,328427.48,221582.14,1833453.66,2071506.66
146260310310,14,municipality,Mittelherwigsdorf,Mittelherwigsdorf,kreisangehörige Gemeinde,kreisangehörige Gemeinde,14626310,14626310,3605,3502,STATISTIKPORTAL_INTEGRATED_2023_T1,STATISTIKPORTAL_INTEGRATED_2024_T1,matching_original_identifier_and_class,not_certified_requires_population_and_entity_scope_audit,different_fiscal_unit_classes_cannot_be_summed,2278347.77,2371480.38,632.00,677.18,0.00,0.00,3920.35,850254.50,2274427.42,1521225.88
146260370370,14,municipality,"Niesky, Stadt","Niesky, Stadt",große Kreisstadt,große Kreisstadt,14626370,14626370,9193,9014,STATISTIKPORTAL_INTEGRATED_2023_T1,STATISTIKPORTAL_INTEGRATED_2024_T1,matching_original_identifier_and_class,not_certified_requires_population_and_entity_scope_audit,different_fiscal_unit_classes_cannot_be_summed,20896019.95,19776980.32,2273.04,2194.03,2965296.00,2330168.00,26342.25,28822.25,17904381.70,17417990.07
146260390390,14,municipality,Oderwitz,Oderwitz,kreisangehörige Gemeinde,kreisangehörige Gemeinde,14626390,14626390,4850,4719,STATISTIKPORTAL_INTEGRATED_2023_T1,STATISTIKPORTAL_INTEGRATED_2024_T1,matching_original_identifier_and_class,not_certified_requires_population_and_entity_scope_audit,different_fiscal_unit_classes_cannot_be_summed,8564374.52,8345796.48,1765.85,1768.55,422842.00,0.00,10483.47,10475.57,8131049.05,8335320.91
146260420420,14,municipality,"Ostritz, Stadt","Ostritz, Stadt",kreisangehörige Gemeinde,kreisangehörige Gemeinde,14626420,14626420,2257,2200,STATISTIKPORTAL_INTEGRATED_2023_T1,STATISTIKPORTAL_INTEGRATED_2024_T1,matching_original_identifier_and_class,not_certified_requires_population_and_entity_scope_audit,different_fiscal_unit_classes_cannot_be_summed,5896324.03,5685597.40,2612.46,2584.36,459250.00,362330.00,10545.58,11546.08,5426528.45,5311721.32
146260530530,14,municipality,"Seifhennersdorf, Stadt","Seifhennersdorf, Stadt",kreisangehörige Gemeinde,kreisangehörige Gemeinde,14626530,14626530,3632,3546,STATISTIKPORTAL_INTEGRATED_2023_T1,STATISTIKPORTAL_INTEGRATED_2024_T1,matching_original_identifier_and_class,not_certified_requires_population_and_entity_scope_audit,different_fiscal_unit_classes_cannot_be_summed,2909229.90,3302868.83,801.00,931.44,0.00,0.00,5226.75,4959.29,2904003.15,3297909.54
146260610610,14,municipality,"Zittau, Stadt","Zittau, Stadt, Hochschulstadt",große Kreisstadt,große Kreisstadt,14626610,14626610,24810,25353,STATISTIKPORTAL_INTEGRATED_2023_T1,STATISTIKPORTAL_INTEGRATED_2024_T1,legal_name_or_form_changed_review,not_certified_requires_population_and_entity_scope_audit,different_fiscal_unit_classes_cannot_be_summed,57872822.02,53783897.63,2332.64,2121.40,11062502.00,9976313.00,937150.67,3870542.59,45873169.35,39937042.04
146265203010,14,municipality,"Bad Muskau, Stadt","Bad Muskau, Stadt",erfüllende Gemeinde,erfüllende Gemeinde,14626010,14626010,3703,3566,STATISTIKPORTAL_INTEGRATED_2023_T1,STATISTIKPORTAL_INTEGRATED_2024_T1,matching_original_identifier_and_class,not_certified_requires_population_and_entity_scope_audit,different_fiscal_unit_classes_cannot_be_summed,7349280.38,7244506.79,1984.68,2031.55,2296378.00,2648892.00,143193.58,138853.08,4909708.80,4456761.71
146265203100,14,municipality,Gablenz,Gablenz,beauftragende Gemeinde,beauftragende Gemeinde,14626100,14626100,1570,1562,STATISTIKPORTAL_INTEGRATED_2023_T1,STATISTIKPORTAL_INTEGRATED_2024_T1,matching_original_identifier_and_class,not_certified_requires_population_and_entity_scope_audit,different_fiscal_unit_classes_cannot_be_summed,1301.92,1434.26,0.83,0.92,0.00,0.00,1301.92,1434.26,0.00,0.00
146265206030,14,municipality,"Bernstadt a. d. Eigen, Stadt","Bernstadt a. d. Eigen, Stadt",erfüllende Gemeinde,erfüllende Gemeinde,14626030,14626030,3204,3122,STATISTIKPORTAL_INTEGRATED_2023_T1,STATISTIKPORTAL_INTEGRATED_2024_T1,matching_original_identifier_and_class,not_certified_requires_population_and_entity_scope_audit,different_fiscal_unit_classes_cannot_be_summed,2166052.52,2400061.76,676.05,768.76,0.00,37287.00,17190.86,35379.01,2148861.66,2327395.75
146265206500,14,municipality,Schönau-Berzdorf a. d. Eigen,Schönau-Berzdorf a. d. Eigen,beauftragende Gemeinde,beauftragende Gemeinde,14626500,14626500,1470,1441,STATISTIKPORTAL_INTEGRATED_2023_T1,STATISTIKPORTAL_INTEGRATED_2024_T1,matching_original_identifier_and_class,not_certified_requires_population_and_entity_scope_audit,different_fiscal_unit_classes_cannot_be_summed,1915099.88,2032890.90,1302.79,1410.75,352189.00,283676.00,2526.17,2798.05,1560384.71,1746416.85
146265214140,14,municipality,Großschönau,Großschönau,erfüllende Gemeinde,erfüllende Gemeinde,14626140,14626140,5262,5153,STATISTIKPORTAL_INTEGRATED_2023_T1,STATISTIKPORTAL_INTEGRATED_2024_T1,matching_original_identifier_and_class,not_certified_requires_population_and_entity_scope_audit,different_fiscal_unit_classes_cannot_be_summed,11257872.30,11194766.60,2139.47,2172.48,3394425.00,3145357.00,11789.87,1309941.44,7851657.43,6739468.16
146265214170,14,municipality,Hainewalde,Hainewalde,beauftragende Gemeinde,beauftragende Gemeinde,14626170,14626170,1531,1509,STATISTIKPORTAL_INTEGRATED_2023_T1,STATISTIKPORTAL_INTEGRATED_2024_T1,matching_original_identifier_and_class,not_certified_requires_population_and_entity_scope_audit,different_fiscal_unit_classes_cannot_be_summed,1484899.06,1420465.87,969.89,941.33,0.00,0.00,2613.95,433392.21,1482285.11,987073.66
146265220150,14,municipality,Großschweidnitz,Großschweidnitz,beauftragende Gemeinde,beauftragende Gemeinde,14626150,14626150,1269,1243,STATISTIKPORTAL_INTEGRATED_2023_T1,STATISTIKPORTAL_INTEGRATED_2024_T1,matching_original_identifier_and_class,not_certified_requires_population_and_entity_scope_audit,different_fiscal_unit_classes_cannot_be_summed,657027.57,602154.41,517.75,484.44,0.00,0.00,2613.95,2386.65,654413.62,599767.76
146265220270,14,municipality,Lawalde,Lawalde,beauftragende Gemeinde,beauftragende Gemeinde,14626270,14626270,1774,1755,STATISTIKPORTAL_INTEGRATED_2023_T1,STATISTIKPORTAL_INTEGRATED_2024_T1,matching_original_identifier_and_class,not_certified_requires_population_and_entity_scope_audit,different_fiscal_unit_classes_cannot_be_summed,1029155.50,1024468.65,580.13,583.74,37495.00,23860.00,2613.95,2411.62,989046.55,998197.03
146265220290,14,municipality,"Löbau, Stadt","Löbau, Stadt",große Kreisstadt als erfüllende Gem.,große Kreisstadt als erfüllende Gem.,14626290,14626290,14352,14591,STATISTIKPORTAL_INTEGRATED_2023_T1,STATISTIKPORTAL_INTEGRATED_2024_T1,matching_original_identifier_and_class,not_certified_requires_population_and_entity_scope_audit,different_fiscal_unit_classes_cannot_be_summed,39664426.82,38451933.13,2763.69,2635.32,13394562.00,11979284.00,0.00,121.32,26269864.82,26472527.81
146265220470,14,municipality,Rosenbach,Rosenbach,beauftragende Gemeinde,beauftragende Gemeinde,14626470,14626470,1542,1516,STATISTIKPORTAL_INTEGRATED_2023_T1,STATISTIKPORTAL_INTEGRATED_2024_T1,matching_original_identifier_and_class,not_certified_requires_population_and_entity_scope_audit,different_fiscal_unit_classes_cannot_be_summed,3352678.22,3659156.38,2174.24,2413.69,195642.00,104507.00,2613.95,2407.86,3154422.27,3552241.52
146265224070,14,municipality,Dürrhennersdorf,Dürrhennersdorf,beauftragende Gemeinde,beauftragende Gemeinde,14626070,14626070,919,842,STATISTIKPORTAL_INTEGRATED_2023_T1,STATISTIKPORTAL_INTEGRATED_2024_T1,matching_original_identifier_and_class,not_certified_requires_population_and_entity_scope_audit,different_fiscal_unit_classes_cannot_be_summed,612777.01,603839.07,666.79,717.15,0.00,0.00,1306.40,1203.46,611470.61,602635.61
146265224350,14,municipality,"Neusalza-Spremberg, Stadt","Neusalza-Spremberg, Stadt",erfüllende Gemeinde,erfüllende Gemeinde,14626350,14626350,3202,3115,STATISTIKPORTAL_INTEGRATED_2023_T1,STATISTIKPORTAL_INTEGRATED_2024_T1,matching_original_identifier_and_class,not_certified_requires_population_and_entity_scope_audit,different_fiscal_unit_classes_cannot_be_summed,8208446.83,8527255.63,2563.54,2737.48,1015200.00,1484800.00,5226.75,4924.00,7188020.08,7037531.63
146265224510,14,municipality,Schönbach,Schönbach,beauftragende Gemeinde,beauftragende Gemeinde,14626510,14626510,1052,1024,STATISTIKPORTAL_INTEGRATED_2023_T1,STATISTIKPORTAL_INTEGRATED_2024_T1,matching_original_identifier_and_class,not_certified_requires_population_and_entity_scope_audit,different_fiscal_unit_classes_cannot_be_summed,1394342.39,1257958.79,1325.42,1228.48,642400.00,542400.00,2613.95,2408.88,749328.44,713149.91
146265227050,14,municipality,Bertsdorf-Hörnitz,Bertsdorf-Hörnitz,beauftragende Gemeinde,beauftragende Gemeinde,14626050,14626050,2008,1974,STATISTIKPORTAL_INTEGRATED_2023_T1,STATISTIKPORTAL_INTEGRATED_2024_T1,matching_original_identifier_and_class,not_certified_requires_population_and_entity_scope_audit,different_fiscal_unit_classes_cannot_be_summed,3371174.81,3424035.17,1678.87,1734.57,1283180.00,1325710.00,3920.35,434618.31,2084074.46,1663706.86
146265227210,14,municipality,"Jonsdorf, Kurort","Jonsdorf, Kurort",beauftragende Gemeinde,beauftragende Gemeinde,14626210,14626210,1463,1417,STATISTIKPORTAL_INTEGRATED_2023_T1,STATISTIKPORTAL_INTEGRATED_2024_T1,matching_original_identifier_and_class,not_certified_requires_population_and_entity_scope_audit,different_fiscal_unit_classes_cannot_be_summed,1918117.69,2515144.05,1311.09,1774.98,342953.00,832340.00,2613.95,433440.66,1572550.74,1249363.39
146265227400,14,municipality,Olbersdorf,Olbersdorf,erfüllende Gemeinde,erfüllende Gemeinde,14626400,14626400,4467,4339,STATISTIKPORTAL_INTEGRATED_2023_T1,STATISTIKPORTAL_INTEGRATED_2024_T1,matching_original_identifier_and_class,not_certified_requires_population_and_entity_scope_audit,different_fiscal_unit_classes_cannot_be_summed,16738521.41,16390632.24,3747.15,3777.51,5010224.00,4591102.00,6534.30,852744.08,11721763.11,10946786.16
146265227430,14,municipality,Oybin,Oybin,beauftragende Gemeinde,beauftragende Gemeinde,14626430,14626430,1284,1270,STATISTIKPORTAL_INTEGRATED_2023_T1,STATISTIKPORTAL_INTEGRATED_2024_T1,matching_original_identifier_and_class,not_certified_requires_population_and_entity_scope_audit,different_fiscal_unit_classes_cannot_be_summed,2266570.40,2223615.24,1765.24,1750.88,870592.00,767989.00,2613.95,433423.21,1393364.45,1022203.03
146265228020,14,municipality,Beiersdorf,Beiersdorf,beauftragende Gemeinde,beauftragende Gemeinde,14626020,14626020,1089,1034,STATISTIKPORTAL_INTEGRATED_2023_T1,STATISTIKPORTAL_INTEGRATED_2024_T1,matching_original_identifier_and_class,not_certified_requires_population_and_entity_scope_audit,different_fiscal_unit_classes_cannot_be_summed,2958675.88,2634970.64,2716.87,2548.33,704190.00,596413.00,2613.95,2397.95,2251871.93,2036159.69
146265228410,14,municipality,Oppach,Oppach,erfüllende Gemeinde,erfüllende Gemeinde,14626410,14626410,2294,2204,STATISTIKPORTAL_INTEGRATED_2023_T1,STATISTIKPORTAL_INTEGRATED_2024_T1,matching_original_identifier_and_class,not_certified_requires_population_and_entity_scope_audit,different_fiscal_unit_classes_cannot_be_summed,5452756.51,5282227.00,2376.96,2396.65,295678.00,267308.00,3920.35,3687.42,5153158.16,5011231.58
146265232240,14,municipality,Königshain,Königshain,beauftragende Gemeinde,beauftragende Gemeinde,14626240,14626240,1196,1157,STATISTIKPORTAL_INTEGRATED_2023_T1,STATISTIKPORTAL_INTEGRATED_2024_T1,matching_original_identifier_and_class,not_certified_requires_population_and_entity_scope_audit,different_fiscal_unit_classes_cannot_be_summed,623222.51,575694.41,521.09,497.58,152973.00,136161.00,227058.50,150018.13,243191.01,289515.28
146265232450,14,municipality,"Reichenbach/Oberlausitz, Stadt","Reichenbach/Oberlausitz, Stadt",erfüllende Gemeinde,erfüllende Gemeinde,14626450,14626450,4831,4597,STATISTIKPORTAL_INTEGRATED_2023_T1,STATISTIKPORTAL_INTEGRATED_2024_T1,matching_original_identifier_and_class,not_certified_requires_population_and_entity_scope_audit,different_fiscal_unit_classes_cannot_be_summed,12719498.39,9792366.34,2632.89,2130.16,10616144.00,7413644.00,26342.25,17340.76,2077012.14,2361381.58
146265232570,14,municipality,Vierkirchen,Vierkirchen,beauftragende Gemeinde,beauftragende Gemeinde,14626570,14626570,1647,1624,STATISTIKPORTAL_INTEGRATED_2023_T1,STATISTIKPORTAL_INTEGRATED_2024_T1,matching_original_identifier_and_class,not_certified_requires_population_and_entity_scope_audit,different_fiscal_unit_classes_cannot_be_summed,1335115.34,1283456.30,810.63,790.31,372748.00,327061.00,0.00,24.97,962367.34,956370.33
146265233260,14,municipality,Kreba-Neudorf,Kreba-Neudorf,beauftragende Gemeinde,beauftragende Gemeinde,14626260,14626260,856,827,STATISTIKPORTAL_INTEGRATED_2023_T1,STATISTIKPORTAL_INTEGRATED_2024_T1,matching_original_identifier_and_class,not_certified_requires_population_and_entity_scope_audit,different_fiscal_unit_classes_cannot_be_summed,937464.01,788536.09,1095.17,953.49,295849.00,185290.00,3949.17,1443.33,637665.84,601802.76
146265233460,14,municipality,Rietschen,Rietschen,erfüllende Gemeinde,erfüllende Gemeinde,14626460,14626460,2498,2400,STATISTIKPORTAL_INTEGRATED_2023_T1,STATISTIKPORTAL_INTEGRATED_2024_T1,matching_original_identifier_and_class,not_certified_requires_population_and_entity_scope_audit,different_fiscal_unit_classes_cannot_be_summed,2396486.47,2562364.54,959.36,1067.65,0.00,0.00,13187.57,14520.85,2383298.90,2547843.69
146265235160,14,municipality,Hähnichen,Hähnichen,beauftragende Gemeinde,beauftragende Gemeinde,14626160,14626160,1225,1151,STATISTIKPORTAL_INTEGRATED_2023_T1,STATISTIKPORTAL_INTEGRATED_2024_T1,matching_original_identifier_and_class,not_certified_requires_population_and_entity_scope_audit,different_fiscal_unit_classes_cannot_be_summed,590264.31,638501.15,481.85,554.74,0.00,0.00,2609.10,2885.67,587655.21,635615.48
146265235480,14,municipality,"Rothenburg/Oberlausitz, Stadt","Rothenburg/Oberlausitz, Stadt",erfüllende Gemeinde,erfüllende Gemeinde,14626480,14626480,4341,4073,STATISTIKPORTAL_INTEGRATED_2023_T1,STATISTIKPORTAL_INTEGRATED_2024_T1,matching_original_identifier_and_class,not_certified_requires_population_and_entity_scope_audit,different_fiscal_unit_classes_cannot_be_summed,3239095.82,3213668.77,746.16,789.02,505015.00,446698.00,10545.58,7312.18,2723535.24,2759658.59
146265237120,14,municipality,Groß Düben,Groß Düben,beauftragende Gemeinde,beauftragende Gemeinde,14626120,14626120,1071,1046,STATISTIKPORTAL_INTEGRATED_2023_T1,STATISTIKPORTAL_INTEGRATED_2024_T1,matching_original_identifier_and_class,not_certified_requires_population_and_entity_scope_audit,different_fiscal_unit_classes_cannot_be_summed,209519.00,497202.00,195.63,475.34,209519.00,497202.00,0.00,0.00,0.00,0.00
146265237490,14,municipality,Schleife,Schleife,erfüllende Gemeinde,erfüllende Gemeinde,14626490,14626490,2474,2527,STATISTIKPORTAL_INTEGRATED_2023_T1,STATISTIKPORTAL_INTEGRATED_2024_T1,matching_original_identifier_and_class,not_certified_requires_population_and_entity_scope_audit,different_fiscal_unit_classes_cannot_be_summed,2932854.87,2580177.57,1185.47,1021.04,2812470.00,2469138.00,10545.58,7242.03,109839.29,103797.54
146265237560,14,municipality,Trebendorf,Trebendorf,beauftragende Gemeinde,beauftragende Gemeinde,14626560,14626560,742,700,STATISTIKPORTAL_INTEGRATED_2023_T1,STATISTIKPORTAL_INTEGRATED_2024_T1,matching_original_identifier_and_class,not_certified_requires_population_and_entity_scope_audit,different_fiscal_unit_classes_cannot_be_summed,0.00,1.34,0.00,0.00,0.00,0.00,0.00,1.30,0.00,0.04
146265242590,14,municipality,Weißkeißel,Weißkeißel,beauftragende Gemeinde,beauftragende Gemeinde,14626590,14626590,1229,1188,STATISTIKPORTAL_INTEGRATED_2023_T1,STATISTIKPORTAL_INTEGRATED_2024_T1,matching_original_identifier_and_class,not_certified_requires_population_and_entity_scope_audit,different_fiscal_unit_classes_cannot_be_summed,3949.17,4302.78,3.21,3.62,0.00,0.00,3949.17,4302.78,0.00,0.00
146265242600,14,municipality,"Weißwasser/Oberlausitz, Stadt","Weißwasser/Oberlausitz, Stadt",große Kreisstadt als erfüllende Gem.,große Kreisstadt als erfüllende Gem.,14626600,14626600,15049,15062,STATISTIKPORTAL_INTEGRATED_2023_T1,STATISTIKPORTAL_INTEGRATED_2024_T1,matching_original_identifier_and_class,not_certified_requires_population_and_entity_scope_audit,different_fiscal_unit_classes_cannot_be_summed,15791725.43,14762493.78,1049.35,980.12,5207670.00,4756704.00,10545.58,17379.92,10573509.85,9988409.86
146265502,14,joint_administration,VVH Diehsa,VVH Diehsa,Verwaltungsverbandshaushalt,Verwaltungsverbandshaushalt,,,6390,6374,STATISTIKPORTAL_INTEGRATED_2023_T1,STATISTIKPORTAL_INTEGRATED_2024_T1,matching_original_identifier_and_class,not_certified_requires_population_and_entity_scope_audit,different_fiscal_unit_classes_cannot_be_summed,10545.58,28791.31,1.65,4.52,0.00,0.00,10545.58,28790.78,0.00,0.53
146265502190,14,municipality,Hohendubrau,Hohendubrau,Mitgliedsgemeinde,Mitgliedsgemeinde,14626190,14626190,1834,1849,STATISTIKPORTAL_INTEGRATED_2023_T1,STATISTIKPORTAL_INTEGRATED_2024_T1,matching_original_identifier_and_class,not_certified_requires_population_and_entity_scope_audit,different_fiscal_unit_classes_cannot_be_summed,1029525.58,1001590.57,561.36,541.69,227295.00,200480.00,6596.41,1462.03,795634.17,799648.54
146265502320,14,municipality,Mücka,Mücka,Mitgliedsgemeinde,Mitgliedsgemeinde,14626320,14626320,954,967,STATISTIKPORTAL_INTEGRATED_2023_T1,STATISTIKPORTAL_INTEGRATED_2024_T1,matching_original_identifier_and_class,not_certified_requires_population_and_entity_scope_audit,different_fiscal_unit_classes_cannot_be_summed,1441790.66,1506408.90,1511.31,1557.82,678672.00,758486.00,3949.17,1452.39,759169.49,746470.51
146265502440,14,municipality,Quitzdorf am See,Quitzdorf am See,Mitgliedsgemeinde,Mitgliedsgemeinde,14626440,14626440,1237,1222,STATISTIKPORTAL_INTEGRATED_2023_T1,STATISTIKPORTAL_INTEGRATED_2024_T1,matching_original_identifier_and_class,not_certified_requires_population_and_entity_scope_audit,different_fiscal_unit_classes_cannot_be_summed,1099948.69,1060878.52,889.21,868.15,165502.00,140997.00,3949.17,1456.85,930497.52,918424.67
146265502580,14,municipality,Waldhufen,Waldhufen,Mitgliedsgemeinde,Mitgliedsgemeinde,14626580,14626580,2365,2336,STATISTIKPORTAL_INTEGRATED_2023_T1,STATISTIKPORTAL_INTEGRATED_2024_T1,matching_original_identifier_and_class,not_certified_requires_population_and_entity_scope_audit,different_fiscal_unit_classes_cannot_be_summed,2190198.06,2115068.34,926.09,905.42,733741.00,650629.00,6596.41,1484.13,1449860.65,1462955.21
146265503,14,joint_administration,VVH Weißer Schöps/Neiße,VVH Weißer Schöps/Neiße,Verwaltungsverbandshaushalt,Verwaltungsverbandshaushalt,,,8071,7760,STATISTIKPORTAL_INTEGRATED_2023_T1,STATISTIKPORTAL_INTEGRATED_2024_T1,matching_original_identifier_and_class,not_certified_requires_population_and_entity_scope_audit,different_fiscal_unit_classes_cannot_be_summed,735.00,739.99,0.09,0.10,0.00,0.00,0.00,20.31,735.00,719.68
146265503200,14,municipality,Horka,Horka,Mitgliedsgemeinde,Mitgliedsgemeinde,14626200,14626200,1650,1557,STATISTIKPORTAL_INTEGRATED_2023_T1,STATISTIKPORTAL_INTEGRATED_2024_T1,matching_original_identifier_and_class,not_certified_requires_population_and_entity_scope_audit,different_fiscal_unit_classes_cannot_be_summed,1578632.21,1505724.04,956.75,967.07,279951.00,211557.00,0.00,32.31,1298681.21,1294134.73
146265503230,14,municipality,Kodersdorf,Kodersdorf,Mitgliedsgemeinde,Mitgliedsgemeinde,14626230,14626230,2344,2272,STATISTIKPORTAL_INTEGRATED_2023_T1,STATISTIKPORTAL_INTEGRATED_2024_T1,matching_original_identifier_and_class,not_certified_requires_population_and_entity_scope_audit,different_fiscal_unit_classes_cannot_be_summed,1177354.96,1218162.83,502.28,536.16,251034.00,211309.00,0.00,50.19,926320.96,1006803.64
146265503330,14,municipality,Neißeaue,Neißeaue,Mitgliedsgemeinde,Mitgliedsgemeinde,14626330,14626330,1685,1624,STATISTIKPORTAL_INTEGRATED_2023_T1,STATISTIKPORTAL_INTEGRATED_2024_T1,matching_original_identifier_and_class,not_certified_requires_population_and_entity_scope_audit,different_fiscal_unit_classes_cannot_be_summed,1523464.91,1507916.75,904.13,928.52,276600.00,243405.00,0.00,35.04,1246864.91,1264476.71
146265503520,14,municipality,Schöpstal,Schöpstal,Mitgliedsgemeinde,Mitgliedsgemeinde,14626520,14626520,2392,2307,STATISTIKPORTAL_INTEGRATED_2023_T1,STATISTIKPORTAL_INTEGRATED_2024_T1,matching_original_identifier_and_class,not_certified_requires_population_and_entity_scope_audit,different_fiscal_unit_classes_cannot_be_summed,804616.20,846009.19,336.38,366.71,288540.00,231540.00,0.00,44.11,516076.20,614425.08
14627,14,county_administration,LK Meißen,LKH Meißen,Landratsamt,Landratsamt,,,241217,239809,STATISTIKPORTAL_INTEGRATED_2023_T1,STATISTIKPORTAL_INTEGRATED_2024_T1,legal_name_or_form_changed_review,not_certified_requires_population_and_entity_scope_audit,different_fiscal_unit_classes_cannot_be_summed,31921043.23,58625725.29,132.33,244.47,5284271.00,22684808.00,383432.77,318605.39,26253339.46,35622311.90
146270010010,14,municipality,"Coswig, Stadt","Coswig, Stadt",große Kreisstadt,große Kreisstadt,14627010,14627010,20552,20441,STATISTIKPORTAL_INTEGRATED_2023_T1,STATISTIKPORTAL_INTEGRATED_2024_T1,matching_original_identifier_and_class,not_certified_requires_population_and_entity_scope_audit,different_fiscal_unit_classes_cannot_be_summed,63669442.40,69859315.49,3097.97,3417.61,0.00,0.00,7719826.76,7459227.92,55949615.64,62400087.57
146270020020,14,municipality,Diera-Zehren,Diera-Zehren,kreisangehörige Gemeinde,kreisangehörige Gemeinde,14627020,14627020,3224,3166,STATISTIKPORTAL_INTEGRATED_2023_T1,STATISTIKPORTAL_INTEGRATED_2024_T1,matching_original_identifier_and_class,not_certified_requires_population_and_entity_scope_audit,different_fiscal_unit_classes_cannot_be_summed,2465807.27,2605849.24,764.83,823.07,0.00,0.00,1483550.53,1440213.65,982256.74,1165635.59
146270030030,14,municipality,Ebersbach,Ebersbach,kreisangehörige Gemeinde,kreisangehörige Gemeinde,14627030,14627030,4351,4348,STATISTIKPORTAL_INTEGRATED_2023_T1,STATISTIKPORTAL_INTEGRATED_2024_T1,matching_original_identifier_and_class,not_certified_requires_population_and_entity_scope_audit,different_fiscal_unit_classes_cannot_be_summed,3990046.82,4025917.75,917.04,925.92,995479.00,822471.00,46852.83,47869.44,2947714.99,3155577.31
146270050050,14,municipality,"Gröditz, Stadt","Gröditz, Stadt",kreisangehörige Gemeinde,kreisangehörige Gemeinde,14627050,14627050,6871,6806,STATISTIKPORTAL_INTEGRATED_2023_T1,STATISTIKPORTAL_INTEGRATED_2024_T1,matching_original_identifier_and_class,not_certified_requires_population_and_entity_scope_audit,different_fiscal_unit_classes_cannot_be_summed,19094094.58,21413018.28,2778.94,3146.20,4380025.00,4160078.00,6596.41,7893.52,14707473.17,17245046.76
146270060060,14,municipality,"Großenhain, Stadt","Großenhain, Stadt",große Kreisstadt,große Kreisstadt,14627060,14627060,18074,18262,STATISTIKPORTAL_INTEGRATED_2023_T1,STATISTIKPORTAL_INTEGRATED_2024_T1,matching_original_identifier_and_class,not_certified_requires_population_and_entity_scope_audit,different_fiscal_unit_classes_cannot_be_summed,26536799.12,28085517.28,1468.23,1537.92,4077397.00,2397686.00,26342.25,43834.97,22433059.87,25643996.31
146270070070,14,municipality,Hirschstein,Hirschstein,kreisangehörige Gemeinde,kreisangehörige Gemeinde,14627070,14627070,1958,1943,STATISTIKPORTAL_INTEGRATED_2023_T1,STATISTIKPORTAL_INTEGRATED_2024_T1,matching_original_identifier_and_class,not_certified_requires_population_and_entity_scope_audit,different_fiscal_unit_classes_cannot_be_summed,3103710.47,3116171.71,1585.14,1603.79,2101477.00,1978309.00,0.00,70.53,1002233.47,1137792.18
146270080080,14,municipality,Käbschütztal,Käbschütztal,kreisangehörige Gemeinde,kreisangehörige Gemeinde,14627080,14627080,2747,2783,STATISTIKPORTAL_INTEGRATED_2023_T1,STATISTIKPORTAL_INTEGRATED_2024_T1,matching_original_identifier_and_class,not_certified_requires_population_and_entity_scope_audit,different_fiscal_unit_classes_cannot_be_summed,3770390.39,3979383.77,1372.55,1429.89,2136796.00,2243338.00,10545.58,17340.33,1623048.81,1718705.44
146270100100,14,municipality,Klipphausen,Klipphausen,kreisangehörige Gemeinde,kreisangehörige Gemeinde,14627100,14627100,10431,10413,STATISTIKPORTAL_INTEGRATED_2023_T1,STATISTIKPORTAL_INTEGRATED_2024_T1,matching_original_identifier_and_class,not_certified_requires_population_and_entity_scope_audit,different_fiscal_unit_classes_cannot_be_summed,27568606.22,23110954.35,2642.95,2219.43,17600584.00,12600127.00,2963833.47,2877014.88,7004188.75,7633812.47
146270130130,14,municipality,"Lommatzsch, Stadt","Lommatzsch, Stadt",kreisangehörige Gemeinde,kreisangehörige Gemeinde,14627130,14627130,4781,4726,STATISTIKPORTAL_INTEGRATED_2023_T1,STATISTIKPORTAL_INTEGRATED_2024_T1,matching_original_identifier_and_class,not_certified_requires_population_and_entity_scope_audit,different_fiscal_unit_classes_cannot_be_summed,4934177.07,5025783.47,1032.04,1063.43,1376226.00,1005200.00,15796.67,17480.56,3542154.40,4003102.91
146270140140,14,municipality,"Meißen, Stadt","Meißen, Stadt",große Kreisstadt,große Kreisstadt,14627140,14627140,29010,28885,STATISTIKPORTAL_INTEGRATED_2023_T1,STATISTIKPORTAL_INTEGRATED_2024_T1,matching_original_identifier_and_class,not_certified_requires_population_and_entity_scope_audit,different_fiscal_unit_classes_cannot_be_summed,92643927.44,86552858.99,3193.52,2996.46,8450995.00,6865285.00,8823401.77,8571261.15,75369530.67,71116312.84
146270150150,14,municipality,Moritzburg,Moritzburg,kreisangehörige Gemeinde,kreisangehörige Gemeinde,14627150,14627150,8331,8211,STATISTIKPORTAL_INTEGRATED_2023_T1,STATISTIKPORTAL_INTEGRATED_2024_T1,matching_original_identifier_and_class,not_certified_requires_population_and_entity_scope_audit,different_fiscal_unit_classes_cannot_be_summed,9392196.83,9739514.86,1127.38,1186.15,4747057.00,4334554.00,75552.33,68413.60,4569587.50,5336547.26
146270170170,14,municipality,Niederau,Niederau,kreisangehörige Gemeinde,kreisangehörige Gemeinde,14627170,14627170,4138,4082,STATISTIKPORTAL_INTEGRATED_2023_T1,STATISTIKPORTAL_INTEGRATED_2024_T1,matching_original_identifier_and_class,not_certified_requires_population_and_entity_scope_audit,different_fiscal_unit_classes_cannot_be_summed,2670833.13,2823489.32,645.44,691.69,93750.00,81250.00,1483550.53,1440228.39,1093532.60,1302010.93
146270180180,14,municipality,"Nossen, Stadt","Nossen, Stadt",kreisangehörige Gemeinde,kreisangehörige Gemeinde,14627180,14627180,10338,10494,STATISTIKPORTAL_INTEGRATED_2023_T1,STATISTIKPORTAL_INTEGRATED_2024_T1,matching_original_identifier_and_class,not_certified_requires_population_and_entity_scope_audit,different_fiscal_unit_classes_cannot_be_summed,13576119.66,14644997.15,1313.22,1395.56,2118364.00,1904760.00,15796.67,17658.36,11441958.99,12722578.79
146270200200,14,municipality,Priestewitz,Priestewitz,kreisangehörige Gemeinde,kreisangehörige Gemeinde,14627200,14627200,3158,3097,STATISTIKPORTAL_INTEGRATED_2023_T1,STATISTIKPORTAL_INTEGRATED_2024_T1,matching_original_identifier_and_class,not_certified_requires_population_and_entity_scope_audit,different_fiscal_unit_classes_cannot_be_summed,1452435.12,1694708.99,459.92,547.21,0.00,0.00,15796.67,28871.65,1436638.45,1665837.34
146270210210,14,municipality,"Radebeul, Stadt","Radebeul, Stadt",große Kreisstadt,große Kreisstadt,14627210,14627210,33925,33067,STATISTIKPORTAL_INTEGRATED_2023_T1,STATISTIKPORTAL_INTEGRATED_2024_T1,matching_original_identifier_and_class,not_certified_requires_population_and_entity_scope_audit,different_fiscal_unit_classes_cannot_be_summed,52767472.74,52306306.77,1555.42,1581.83,11198496.00,10123500.00,5980242.23,5786855.43,35588734.51,36395951.34
146270220220,14,municipality,"Radeburg, Stadt","Radeburg, Stadt",kreisangehörige Gemeinde,kreisangehörige Gemeinde,14627220,14627220,7544,7576,STATISTIKPORTAL_INTEGRATED_2023_T1,STATISTIKPORTAL_INTEGRATED_2024_T1,matching_original_identifier_and_class,not_certified_requires_population_and_entity_scope_audit,different_fiscal_unit_classes_cannot_be_summed,7808585.23,7641565.40,1035.07,1008.65,281145.00,238121.00,75264.04,85100.17,7452176.19,7318344.23
146270230230,14,municipality,"Riesa, Stadt","Riesa, Stadt",große Kreisstadt,große Kreisstadt,14627230,14627230,29081,29389,STATISTIKPORTAL_INTEGRATED_2023_T1,STATISTIKPORTAL_INTEGRATED_2024_T1,matching_original_identifier_and_class,not_certified_requires_population_and_entity_scope_audit,different_fiscal_unit_classes_cannot_be_summed,95128905.48,91972716.23,3271.17,3129.49,25990010.00,24517980.00,10545.58,11595.80,69128349.90,67443140.43
146270260260,14,municipality,Stauchitz,Stauchitz,kreisangehörige Gemeinde,kreisangehörige Gemeinde,14627260,14627260,3073,3003,STATISTIKPORTAL_INTEGRATED_2023_T1,STATISTIKPORTAL_INTEGRATED_2024_T1,matching_original_identifier_and_class,not_certified_requires_population_and_entity_scope_audit,different_fiscal_unit_classes_cannot_be_summed,1708198.24,3062842.92,555.87,1019.93,903911.00,2198241.00,0.00,51.54,804287.24,864550.38
146270270270,14,municipality,"Strehla, Stadt","Strehla, Stadt",kreisangehörige Gemeinde,kreisangehörige Gemeinde,14627270,14627270,3683,3668,STATISTIKPORTAL_INTEGRATED_2023_T1,STATISTIKPORTAL_INTEGRATED_2024_T1,matching_original_identifier_and_class,not_certified_requires_population_and_entity_scope_audit,different_fiscal_unit_classes_cannot_be_summed,3776184.95,3580464.61,1025.30,976.14,2051989.00,1852136.00,10545.58,11587.30,1713650.37,1716741.31
146270290290,14,municipality,Thiendorf,Thiendorf,kreisangehörige Gemeinde,kreisangehörige Gemeinde,14627290,14627290,3916,3689,STATISTIKPORTAL_INTEGRATED_2023_T1,STATISTIKPORTAL_INTEGRATED_2024_T1,matching_original_identifier_and_class,not_certified_requires_population_and_entity_scope_audit,different_fiscal_unit_classes_cannot_be_summed,3143221.54,3137447.71,802.66,850.49,844374.00,766661.00,1180.80,2247.02,2297666.74,2368539.69
146270310310,14,municipality,Weinböhla,Weinböhla,kreisangehörige Gemeinde,kreisangehörige Gemeinde,14627310,14627310,10540,10640,STATISTIKPORTAL_INTEGRATED_2023_T1,STATISTIKPORTAL_INTEGRATED_2024_T1,matching_original_identifier_and_class,not_certified_requires_population_and_entity_scope_audit,different_fiscal_unit_classes_cannot_be_summed,17484899.53,16066879.51,1658.91,1510.05,1287819.00,0.00,4415906.68,4283039.26,11781173.85,11783840.25
146270360360,14,municipality,Zeithain,Zeithain,kreisangehörige Gemeinde,kreisangehörige Gemeinde,14627360,14627360,5520,5599,STATISTIKPORTAL_INTEGRATED_2023_T1,STATISTIKPORTAL_INTEGRATED_2024_T1,matching_original_identifier_and_class,not_certified_requires_population_and_entity_scope_audit,different_fiscal_unit_classes_cannot_be_summed,3367123.00,3808258.98,609.99,680.17,0.00,0.00,2198.59,4032.84,3364924.41,3804226.14
146275225040,14,municipality,Glaubitz,Glaubitz,beauftragende Gemeinde,beauftragende Gemeinde,14627040,14627040,2053,1910,STATISTIKPORTAL_INTEGRATED_2023_T1,STATISTIKPORTAL_INTEGRATED_2024_T1,matching_original_identifier_and_class,not_certified_requires_population_and_entity_scope_audit,different_fiscal_unit_classes_cannot_be_summed,936897.44,993466.22,456.36,520.14,0.00,0.00,8794.99,5304.63,928102.45,988161.59
146275225190,14,municipality,Nünchritz,Nünchritz,erfüllende Gemeinde,erfüllende Gemeinde,14627190,14627190,5411,5385,STATISTIKPORTAL_INTEGRATED_2023_T1,STATISTIKPORTAL_INTEGRATED_2024_T1,matching_original_identifier_and_class,not_certified_requires_population_and_entity_scope_audit,different_fiscal_unit_classes_cannot_be_summed,4157183.09,4601893.15,768.28,854.58,87500.00,37500.00,17995.92,32824.32,4051687.17,4531568.83
146275234240,14,municipality,Röderaue,Röderaue,erfüllende Gemeinde,erfüllende Gemeinde,14627240,14627240,2550,2467,STATISTIKPORTAL_INTEGRATED_2023_T1,STATISTIKPORTAL_INTEGRATED_2024_T1,matching_original_identifier_and_class,not_certified_requires_population_and_entity_scope_audit,different_fiscal_unit_classes_cannot_be_summed,2015020.48,2346430.03,790.20,951.13,941904.00,1324219.00,42200.00,63.13,1030916.48,1022147.90
146275234340,14,municipality,Wülknitz,Wülknitz,beauftragende Gemeinde,beauftragende Gemeinde,14627340,14627340,1622,1566,STATISTIKPORTAL_INTEGRATED_2023_T1,STATISTIKPORTAL_INTEGRATED_2024_T1,matching_original_identifier_and_class,not_certified_requires_population_and_entity_scope_audit,different_fiscal_unit_classes_cannot_be_summed,1477120.22,1921184.20,910.68,1226.81,213899.00,644129.00,0.00,48.08,1263221.22,1277007.12
146275238110,14,municipality,Lampertswalde,Lampertswalde,beauftragende Gemeinde,beauftragende Gemeinde,14627110,14627110,2533,2523,STATISTIKPORTAL_INTEGRATED_2023_T1,STATISTIKPORTAL_INTEGRATED_2024_T1,matching_original_identifier_and_class,not_certified_requires_population_and_entity_scope_audit,different_fiscal_unit_classes_cannot_be_summed,1420560.96,1408249.68,560.82,558.16,471367.00,435137.00,588.43,1111.15,948605.53,972001.53
146275238250,14,municipality,Schönfeld,Schönfeld,erfüllende Gemeinde,erfüllende Gemeinde,14627250,14627250,1802,1670,STATISTIKPORTAL_INTEGRATED_2023_T1,STATISTIKPORTAL_INTEGRATED_2024_T1,matching_original_identifier_and_class,not_certified_requires_population_and_entity_scope_audit,different_fiscal_unit_classes_cannot_be_summed,1564546.25,1571182.29,868.23,940.83,283127.00,262427.00,564.73,1063.25,1280854.52,1307692.04
14628,14,county_administration,LK Sächs. Schweiz-Osterzgebirge,LKH Sächs. Schweiz-Osterzgebirge,Landratsamt,Landratsamt,,,246112,244662,STATISTIKPORTAL_INTEGRATED_2023_T1,STATISTIKPORTAL_INTEGRATED_2024_T1,legal_name_or_form_changed_review,not_certified_requires_population_and_entity_scope_audit,different_fiscal_unit_classes_cannot_be_summed,86400993.25,96628193.53,351.06,394.95,36023390.00,41487330.00,20478256.23,19124298.54,29899347.02,36016564.99
146280050050,14,municipality,Bannewitz,Bannewitz,kreisangehörige Gemeinde,kreisangehörige Gemeinde,14628050,14628050,11113,11142,STATISTIKPORTAL_INTEGRATED_2023_T1,STATISTIKPORTAL_INTEGRATED_2024_T1,matching_original_identifier_and_class,not_certified_requires_population_and_entity_scope_audit,different_fiscal_unit_classes_cannot_be_summed,23191225.50,24407495.79,2086.86,2190.58,6660037.00,6181261.00,15796.67,17492.00,16515391.83,18208742.79
146280060060,14,municipality,"Dippoldiswalde, Stadt","Dippoldiswalde, Stadt",große Kreisstadt,große Kreisstadt,14628060,14628060,14138,13912,STATISTIKPORTAL_INTEGRATED_2023_T1,STATISTIKPORTAL_INTEGRATED_2024_T1,matching_original_identifier_and_class,not_certified_requires_population_and_entity_scope_audit,different_fiscal_unit_classes_cannot_be_summed,28617778.72,33723025.93,2024.17,2424.02,1824003.00,1498503.00,1643044.67,11983.35,25150731.05,32212539.58
146280100100,14,municipality,Dürrröhrsdorf-Dittersbach,Dürrröhrsdorf-Dittersbach,kreisangehörige Gemeinde,kreisangehörige Gemeinde,14628100,14628100,4275,4299,STATISTIKPORTAL_INTEGRATED_2023_T1,STATISTIKPORTAL_INTEGRATED_2024_T1,matching_original_identifier_and_class,not_certified_requires_population_and_entity_scope_audit,different_fiscal_unit_classes_cannot_be_summed,7700248.55,8573808.22,1801.23,1994.37,1518968.00,2252794.00,17771.25,19566.79,6163509.30,6301447.43
146280110110,14,municipality,"Freital, Stadt","Freital, Stadt",große Kreisstadt,große Kreisstadt,14628110,14628110,39511,39347,STATISTIKPORTAL_INTEGRATED_2023_T1,STATISTIKPORTAL_INTEGRATED_2024_T1,matching_original_identifier_and_class,not_certified_requires_population_and_entity_scope_audit,different_fiscal_unit_classes_cannot_be_summed,61347901.45,61098276.15,1552.68,1552.81,0.00,0.00,26342.25,11664.25,61321559.20,61086611.90
146280130130,14,municipality,"Glashütte, Stadt","Glashütte, Stadt",kreisangehörige Gemeinde,kreisangehörige Gemeinde,14628130,14628130,6611,6414,STATISTIKPORTAL_INTEGRATED_2023_T1,STATISTIKPORTAL_INTEGRATED_2024_T1,matching_original_identifier_and_class,not_certified_requires_population_and_entity_scope_audit,different_fiscal_unit_classes_cannot_be_summed,9759931.73,10205762.24,1476.32,1591.17,0.00,0.00,15796.67,17533.38,9744135.06,10188228.86
146280160160,14,municipality,"Heidenau, Stadt","Heidenau, Stadt",kreisangehörige Gemeinde,kreisangehörige Gemeinde,14628160,14628160,16685,16724,STATISTIKPORTAL_INTEGRATED_2023_T1,STATISTIKPORTAL_INTEGRATED_2024_T1,matching_original_identifier_and_class,not_certified_requires_population_and_entity_scope_audit,different_fiscal_unit_classes_cannot_be_summed,98640213.17,96527039.99,5911.91,5771.77,0.00,0.00,300019.75,291321.34,98340193.42,96235718.65
146280190190,14,municipality,"Hohnstein, Stadt","Hohnstein, Stadt",kreisangehörige Gemeinde,kreisangehörige Gemeinde,14628190,14628190,3185,3170,STATISTIKPORTAL_INTEGRATED_2023_T1,STATISTIKPORTAL_INTEGRATED_2024_T1,matching_original_identifier_and_class,not_certified_requires_population_and_entity_scope_audit,different_fiscal_unit_classes_cannot_be_summed,7054147.37,6733373.51,2214.80,2124.09,1425256.00,1328206.00,15796.67,17381.69,5613094.70,5387785.82
146280220220,14,municipality,Kreischa,Kreischa,kreisangehörige Gemeinde,kreisangehörige Gemeinde,14628220,14628220,4633,4597,STATISTIKPORTAL_INTEGRATED_2023_T1,STATISTIKPORTAL_INTEGRATED_2024_T1,matching_original_identifier_and_class,not_certified_requires_population_and_entity_scope_audit,different_fiscal_unit_classes_cannot_be_summed,6908167.75,7421075.97,1491.08,1614.33,914569.00,781556.00,15796.67,11661.73,5977802.08,6627858.24
146280260260,14,municipality,"Neustadt in Sachsen, Stadt","Neustadt in Sachsen, Stadt",kreisangehörige Gemeinde,kreisangehörige Gemeinde,14628260,14628260,11975,11845,STATISTIKPORTAL_INTEGRATED_2023_T1,STATISTIKPORTAL_INTEGRATED_2024_T1,matching_original_identifier_and_class,not_certified_requires_population_and_entity_scope_audit,different_fiscal_unit_classes_cannot_be_summed,24318212.56,22370691.24,2030.75,1888.62,2469070.00,2224520.00,0.00,458.69,21849142.56,20145712.55
146280300300,14,municipality,"Rabenau, Stadt","Rabenau, Stadt",kreisangehörige Gemeinde,kreisangehörige Gemeinde,14628300,14628300,4428,4354,STATISTIKPORTAL_INTEGRATED_2023_T1,STATISTIKPORTAL_INTEGRATED_2024_T1,matching_original_identifier_and_class,not_certified_requires_population_and_entity_scope_audit,different_fiscal_unit_classes_cannot_be_summed,6504102.06,7777249.51,1468.86,1786.23,69160.00,404600.00,1643044.67,11666.85,4791897.39,7360982.66
146280360360,14,municipality,"Sebnitz, Stadt","Sebnitz, Stadt",große Kreisstadt,große Kreisstadt,14628360,14628360,9522,9489,STATISTIKPORTAL_INTEGRATED_2023_T1,STATISTIKPORTAL_INTEGRATED_2024_T1,matching_original_identifier_and_class,not_certified_requires_population_and_entity_scope_audit,different_fiscal_unit_classes_cannot_be_summed,24933309.52,23170455.94,2618.50,2441.82,4071026.00,3613286.00,181255.00,137082.78,20681028.52,19420087.16
146280380380,14,municipality,"Stolpen, Stadt","Stolpen, Stadt",kreisangehörige Gemeinde,kreisangehörige Gemeinde,14628380,14628380,5563,5440,STATISTIKPORTAL_INTEGRATED_2023_T1,STATISTIKPORTAL_INTEGRATED_2024_T1,matching_original_identifier_and_class,not_certified_requires_population_and_entity_scope_audit,different_fiscal_unit_classes_cannot_be_summed,11310666.10,11182101.25,2033.20,2055.53,5361690.00,5073030.00,28316.83,31079.06,5920659.27,6077992.19
146280410410,14,municipality,"Wilsdruff, Stadt","Wilsdruff, Stadt",kreisangehörige Gemeinde,kreisangehörige Gemeinde,14628410,14628410,14572,14564,STATISTIKPORTAL_INTEGRATED_2023_T1,STATISTIKPORTAL_INTEGRATED_2024_T1,matching_original_identifier_and_class,not_certified_requires_population_and_entity_scope_audit,different_fiscal_unit_classes_cannot_be_summed,41880087.62,41290042.14,2874.01,2835.08,31042991.00,30063061.00,41071.35,45252.63,10796025.27,11181728.51
146285201010,14,municipality,"Altenberg, Stadt","Altenberg, Stadt",erfüllende Gemeinde,erfüllende Gemeinde,14628010,14628010,7924,7547,STATISTIKPORTAL_INTEGRATED_2023_T1,STATISTIKPORTAL_INTEGRATED_2024_T1,matching_original_identifier_and_class,not_certified_requires_population_and_entity_scope_audit,different_fiscal_unit_classes_cannot_be_summed,39715683.19,43572206.66,5012.08,5773.45,18607688.00,21522364.00,29736.61,17623.90,21078258.58,22032218.76
146285201170,14,municipality,Hermsdorf/Erzgeb.,Hermsdorf/Erzgeb.,beauftragende Gemeinde,beauftragende Gemeinde,14628170,14628170,775,745,STATISTIKPORTAL_INTEGRATED_2023_T1,STATISTIKPORTAL_INTEGRATED_2024_T1,matching_original_identifier_and_class,not_certified_requires_population_and_entity_scope_audit,different_fiscal_unit_classes_cannot_be_summed,1219341.29,1281868.95,1573.34,1720.63,308681.00,274681.00,0.00,22.59,910660.29,1007165.36
146285202020,14,municipality,"Bad Gottleuba-Berggießhübel, Stadt","Bad Gottleuba-Berggießhübel, Stadt",erfüllende Gemeinde,erfüllende Gemeinde,14628020,14628020,5530,5403,STATISTIKPORTAL_INTEGRATED_2023_T1,STATISTIKPORTAL_INTEGRATED_2024_T1,matching_original_identifier_and_class,not_certified_requires_population_and_entity_scope_audit,different_fiscal_unit_classes_cannot_be_summed,14100391.99,14307754.58,2549.80,2648.11,2740033.00,3613708.00,0.00,201.99,11360358.99,10693844.59
146285202040,14,municipality,Bahretal,Bahretal,beauftragende Gemeinde,beauftragende Gemeinde,14628040,14628040,2138,2107,STATISTIKPORTAL_INTEGRATED_2023_T1,STATISTIKPORTAL_INTEGRATED_2024_T1,matching_original_identifier_and_class,not_certified_requires_population_and_entity_scope_audit,different_fiscal_unit_classes_cannot_be_summed,3598388.69,3162097.64,1683.06,1500.76,1558123.00,1437338.00,0.00,53.86,2040265.69,1724705.78
146285202230,14,municipality,"Liebstadt, Stadt","Liebstadt, Stadt",beauftragende Gemeinde,beauftragende Gemeinde,14628230,14628230,1254,1205,STATISTIKPORTAL_INTEGRATED_2023_T1,STATISTIKPORTAL_INTEGRATED_2024_T1,matching_original_identifier_and_class,not_certified_requires_population_and_entity_scope_audit,different_fiscal_unit_classes_cannot_be_summed,1414018.01,1321612.76,1127.61,1096.77,309186.00,327862.00,0.00,36.27,1104832.01,993714.49
146285204030,14,municipality,"Bad Schandau, Stadt","Bad Schandau, Stadt",erfüllende Gemeinde,erfüllende Gemeinde,14628030,14628030,3423,3379,STATISTIKPORTAL_INTEGRATED_2023_T1,STATISTIKPORTAL_INTEGRATED_2024_T1,matching_original_identifier_and_class,not_certified_requires_population_and_entity_scope_audit,different_fiscal_unit_classes_cannot_be_summed,10682130.55,10600106.36,3120.69,3137.05,1421911.00,1320911.00,26342.25,28979.83,9233877.30,9250215.53
146285204320,14,municipality,Rathmannsdorf,Rathmannsdorf,beauftragende Gemeinde,beauftragende Gemeinde,14628320,14628320,901,897,STATISTIKPORTAL_INTEGRATED_2023_T1,STATISTIKPORTAL_INTEGRATED_2024_T1,matching_original_identifier_and_class,not_certified_requires_population_and_entity_scope_audit,different_fiscal_unit_classes_cannot_be_summed,2606607.27,2571070.58,2893.02,2866.30,0.00,0.00,0.00,33.89,2606607.27,2571036.69
146285204330,14,municipality,Reinhardtsdorf-Schöna,Reinhardtsdorf-Schöna,beauftragende Gemeinde,beauftragende Gemeinde,14628330,14628330,1290,1277,STATISTIKPORTAL_INTEGRATED_2023_T1,STATISTIKPORTAL_INTEGRATED_2024_T1,matching_original_identifier_and_class,not_certified_requires_population_and_entity_scope_audit,different_fiscal_unit_classes_cannot_be_summed,3650812.24,3861192.45,2830.09,3023.64,240093.00,211093.00,3949.17,1471.86,3406770.07,3648627.59
146285209080,14,municipality,"Dohna, Stadt","Dohna, Stadt",erfüllende Gemeinde,erfüllende Gemeinde,14628080,14628080,6307,6093,STATISTIKPORTAL_INTEGRATED_2023_T1,STATISTIKPORTAL_INTEGRATED_2024_T1,matching_original_identifier_and_class,not_certified_requires_population_and_entity_scope_audit,different_fiscal_unit_classes_cannot_be_summed,5245683.30,4414458.77,831.72,724.51,0.00,0.00,289474.17,302593.01,4956209.13,4111865.76
146285209250,14,municipality,Müglitztal,Müglitztal,beauftragende Gemeinde,beauftragende Gemeinde,14628250,14628250,1913,1886,STATISTIKPORTAL_INTEGRATED_2023_T1,STATISTIKPORTAL_INTEGRATED_2024_T1,matching_original_identifier_and_class,not_certified_requires_population_and_entity_scope_audit,different_fiscal_unit_classes_cannot_be_summed,1266456.39,908476.22,662.03,481.69,0.00,0.00,6596.41,1461.53,1259859.98,907014.69
146285219140,14,municipality,Gohrisch,Gohrisch,beauftragende Gemeinde,beauftragende Gemeinde,14628140,14628140,1737,1755,STATISTIKPORTAL_INTEGRATED_2023_T1,STATISTIKPORTAL_INTEGRATED_2024_T1,matching_original_identifier_and_class,not_certified_requires_population_and_entity_scope_audit,different_fiscal_unit_classes_cannot_be_summed,2434641.08,2590254.88,1401.64,1475.93,207944.00,144790.00,6596.41,1484.92,2220100.67,2443979.96
146285219210,14,municipality,"Königstein/Sächs. Schw., Stadt","Königstein/Sächs. Schw., Stadt",erfüllende Gemeinde,erfüllende Gemeinde,14628210,14628210,2137,2138,STATISTIKPORTAL_INTEGRATED_2023_T1,STATISTIKPORTAL_INTEGRATED_2024_T1,matching_original_identifier_and_class,not_certified_requires_population_and_entity_scope_audit,different_fiscal_unit_classes_cannot_be_summed,6234588.41,6225861.05,2917.45,2912.00,853798.00,636916.00,15796.67,28922.52,5364993.74,5560022.53
146285219310,14,municipality,"Rathen, Kurort","Rathen, Kurort",beauftragende Gemeinde,beauftragende Gemeinde,14628310,14628310,342,328,STATISTIKPORTAL_INTEGRATED_2023_T1,STATISTIKPORTAL_INTEGRATED_2024_T1,matching_original_identifier_and_class,not_certified_requires_population_and_entity_scope_audit,different_fiscal_unit_classes_cannot_be_summed,1259122.22,1322484.44,3681.64,4031.96,0.00,0.00,3949.17,1457.00,1255173.05,1321027.44
146285219340,14,municipality,Rosenthal-Bielatal,Rosenthal-Bielatal,beauftragende Gemeinde,beauftragende Gemeinde,14628340,14628340,1566,1522,STATISTIKPORTAL_INTEGRATED_2023_T1,STATISTIKPORTAL_INTEGRATED_2024_T1,matching_original_identifier_and_class,not_certified_requires_population_and_entity_scope_audit,different_fiscal_unit_classes_cannot_be_summed,1391022.46,1089477.93,888.26,715.82,0.00,0.00,0.00,4.33,1391022.46,1089473.60
146285219390,14,municipality,Struppen,Struppen,beauftragende Gemeinde,beauftragende Gemeinde,14628390,14628390,2430,2384,STATISTIKPORTAL_INTEGRATED_2023_T1,STATISTIKPORTAL_INTEGRATED_2024_T1,matching_original_identifier_and_class,not_certified_requires_population_and_entity_scope_audit,different_fiscal_unit_classes_cannot_be_summed,4704624.25,4274261.06,1936.06,1792.89,892647.00,811943.00,0.00,81.06,3811977.25,3462237.00
146285221240,14,municipality,Lohmen,Lohmen,erfüllende Gemeinde,erfüllende Gemeinde,14628240,14628240,3086,3008,STATISTIKPORTAL_INTEGRATED_2023_T1,STATISTIKPORTAL_INTEGRATED_2024_T1,matching_original_identifier_and_class,not_certified_requires_population_and_entity_scope_audit,different_fiscal_unit_classes_cannot_be_summed,6125490.49,5915258.26,1984.93,1966.51,3633910.00,3242521.00,0.00,124.76,2491580.49,2672612.50
146285221370,14,municipality,"Stadt Wehlen, Stadt","Stadt Wehlen, Stadt",beauftragende Gemeinde,beauftragende Gemeinde,14628370,14628370,1562,1541,STATISTIKPORTAL_INTEGRATED_2023_T1,STATISTIKPORTAL_INTEGRATED_2024_T1,matching_original_identifier_and_class,not_certified_requires_population_and_entity_scope_audit,different_fiscal_unit_classes_cannot_be_summed,3663301.45,3468543.83,2345.26,2250.84,1284043.00,1170313.00,0.00,28.83,2379258.45,2298202.00
146285229070,14,municipality,Dohma,Dohma,beauftragende Gemeinde,beauftragende Gemeinde,14628070,14628070,1983,2017,STATISTIKPORTAL_INTEGRATED_2023_T1,STATISTIKPORTAL_INTEGRATED_2024_T1,matching_original_identifier_and_class,not_certified_requires_population_and_entity_scope_audit,different_fiscal_unit_classes_cannot_be_summed,1910951.85,1720012.99,963.67,852.76,0.00,0.00,0.00,50.54,1910951.85,1719962.45
146285229270,14,municipality,"Pirna, Stadt","Pirna, Stadt",große Kreisstadt als erfüllende Gem.,große Kreisstadt als erfüllende Gem.,14628270,14628270,39217,40232,STATISTIKPORTAL_INTEGRATED_2023_T1,STATISTIKPORTAL_INTEGRATED_2024_T1,matching_original_identifier_and_class,not_certified_requires_population_and_entity_scope_audit,different_fiscal_unit_classes_cannot_be_summed,145208316.15,144463569.86,3702.69,3590.76,6353333.00,5835333.00,586846.68,576290.80,138268136.47,138051946.06
146285230150,14,municipality,Hartmannsdorf-Reichenau,Hartmannsdorf-Reichenau,beauftragende Gemeinde,beauftragende Gemeinde,14628150,14628150,976,1033,STATISTIKPORTAL_INTEGRATED_2023_T1,STATISTIKPORTAL_INTEGRATED_2024_T1,matching_original_identifier_and_class,not_certified_requires_population_and_entity_scope_audit,different_fiscal_unit_classes_cannot_be_summed,1534867.15,1586235.69,1572.61,1535.56,237070.00,193481.00,1301.92,1444.80,1296495.23,1391309.89
146285230205,14,municipality,Klingenberg,Klingenberg,erfüllende Gemeinde,erfüllende Gemeinde,14628205,14628205,6863,6624,STATISTIKPORTAL_INTEGRATED_2023_T1,STATISTIKPORTAL_INTEGRATED_2024_T1,matching_original_identifier_and_class,not_certified_requires_population_and_entity_scope_audit,different_fiscal_unit_classes_cannot_be_summed,13264288.00,13529183.90,1932.72,2042.45,4216867.00,4049073.00,15796.67,11610.94,9031624.33,9468499.96
146285240090,14,municipality,Dorfhain,Dorfhain,beauftragende Gemeinde,beauftragende Gemeinde,14628090,14628090,1072,1061,STATISTIKPORTAL_INTEGRATED_2023_T1,STATISTIKPORTAL_INTEGRATED_2024_T1,matching_original_identifier_and_class,not_certified_requires_population_and_entity_scope_audit,different_fiscal_unit_classes_cannot_be_summed,2420443.49,2935690.54,2257.88,2766.91,1181849.00,1683055.00,3949.17,1434.26,1234645.32,1251201.28
146285240400,14,municipality,"Tharandt, Stadt","Tharandt, Stadt",erfüllende Gemeinde,erfüllende Gemeinde,14628400,14628400,5475,5183,STATISTIKPORTAL_INTEGRATED_2023_T1,STATISTIKPORTAL_INTEGRATED_2024_T1,matching_original_identifier_and_class,not_certified_requires_population_and_entity_scope_audit,different_fiscal_unit_classes_cannot_be_summed,13427025.43,13484119.27,2452.42,2601.61,5989095.00,5639695.00,27132.09,29835.64,7410798.34,7814588.63
147130000000,14,municipality,"Leipzig, Stadt","Leipzig, Stadt",kreisfreie Stadt,kreisfreie Stadt,14713000,14713000,616965,609011,STATISTIKPORTAL_INTEGRATED_2023_T1,STATISTIKPORTAL_INTEGRATED_2024_T1,matching_original_identifier_and_class,not_certified_requires_population_and_entity_scope_audit,different_fiscal_unit_classes_cannot_be_summed,3065321680.99,3437407145.22,4968.39,5644.24,767516718.00,1107553689.00,42037404.02,43906498.42,2255767558.97,2285946957.80
14729,14,county_administration,LK Leipzig,LKH Leipzig,Landratsamt,Landratsamt,,,261119,260425,STATISTIKPORTAL_INTEGRATED_2023_T1,STATISTIKPORTAL_INTEGRATED_2024_T1,legal_name_or_form_changed_review,not_certified_requires_population_and_entity_scope_audit,different_fiscal_unit_classes_cannot_be_summed,44770857.90,41072601.49,171.46,157.71,17847213.00,15859680.00,8059012.65,7131061.94,18864632.25,18081859.55
147290030030,14,municipality,Bennewitz,Bennewitz,kreisangehörige Gemeinde,kreisangehörige Gemeinde,14729030,14729030,5072,5157,STATISTIKPORTAL_INTEGRATED_2023_T1,STATISTIKPORTAL_INTEGRATED_2024_T1,matching_original_identifier_and_class,not_certified_requires_population_and_entity_scope_audit,different_fiscal_unit_classes_cannot_be_summed,6517819.21,6001183.23,1285.06,1163.70,0.00,0.00,786568.60,347559.78,5731250.61,5653623.45
147290040040,14,municipality,"Böhlen, Stadt","Böhlen, Stadt",kreisangehörige Gemeinde,kreisangehörige Gemeinde,14729040,14729040,6874,6817,STATISTIKPORTAL_INTEGRATED_2023_T1,STATISTIKPORTAL_INTEGRATED_2024_T1,matching_original_identifier_and_class,not_certified_requires_population_and_entity_scope_audit,different_fiscal_unit_classes_cannot_be_summed,10153450.20,10221632.31,1477.08,1499.43,3759937.00,3615117.00,26382.76,43320.36,6367130.44,6563194.95
147290050050,14,municipality,"Borna, Stadt","Borna, Stadt",große Kreisstadt,große Kreisstadt,14729050,14729050,19668,20009,STATISTIKPORTAL_INTEGRATED_2023_T1,STATISTIKPORTAL_INTEGRATED_2024_T1,matching_original_identifier_and_class,not_certified_requires_population_and_entity_scope_audit,different_fiscal_unit_classes_cannot_be_summed,52837878.72,51896723.56,2686.49,2593.67,180000.00,100000.00,6596.41,7274.01,52651282.31,51789449.55
147290060060,14,municipality,Borsdorf,Borsdorf,kreisangehörige Gemeinde,kreisangehörige Gemeinde,14729060,14729060,8248,8188,STATISTIKPORTAL_INTEGRATED_2023_T1,STATISTIKPORTAL_INTEGRATED_2024_T1,matching_original_identifier_and_class,not_certified_requires_population_and_entity_scope_audit,different_fiscal_unit_classes_cannot_be_summed,13823962.81,13493677.25,1676.04,1647.98,1789908.00,1625740.00,117841.75,136871.15,11916213.06,11731066.10
147290070070,14,municipality,"Brandis, Stadt","Brandis, Stadt",kreisangehörige Gemeinde,kreisangehörige Gemeinde,14729070,14729070,9718,9699,STATISTIKPORTAL_INTEGRATED_2023_T1,STATISTIKPORTAL_INTEGRATED_2024_T1,matching_original_identifier_and_class,not_certified_requires_population_and_entity_scope_audit,different_fiscal_unit_classes_cannot_be_summed,21423398.02,20452510.68,2204.51,2108.72,4357637.00,3232576.00,15796.67,17291.78,17049964.35,17202642.90
147290080080,14,municipality,"Colditz, Stadt","Colditz, Stadt",kreisangehörige Gemeinde,kreisangehörige Gemeinde,14729080,14729080,8467,8335,STATISTIKPORTAL_INTEGRATED_2023_T1,STATISTIKPORTAL_INTEGRATED_2024_T1,matching_original_identifier_and_class,not_certified_requires_population_and_entity_scope_audit,different_fiscal_unit_classes_cannot_be_summed,18746039.02,18735996.75,2214.01,2247.87,4196322.00,3800305.00,0.00,79.93,14549717.02,14935611.82
147290140140,14,municipality,"Frohburg, Stadt","Frohburg, Stadt",kreisangehörige Gemeinde,kreisangehörige Gemeinde,14729140,14729140,12279,12127,STATISTIKPORTAL_INTEGRATED_2023_T1,STATISTIKPORTAL_INTEGRATED_2024_T1,matching_original_identifier_and_class,not_certified_requires_population_and_entity_scope_audit,different_fiscal_unit_classes_cannot_be_summed,20463029.27,20294899.11,1666.51,1673.53,2927864.00,2695738.00,0.00,32.84,17535165.27,17599128.27
147290150150,14,municipality,"Geithain, Stadt","Geithain, Stadt",große Kreisstadt,große Kreisstadt,14729150,14729150,6769,6892,STATISTIKPORTAL_INTEGRATED_2023_T1,STATISTIKPORTAL_INTEGRATED_2024_T1,matching_original_identifier_and_class,not_certified_requires_population_and_entity_scope_audit,different_fiscal_unit_classes_cannot_be_summed,13175919.74,13682813.62,1946.51,1985.32,11390.00,530928.00,0.00,34.57,13164529.74,13151851.05
147290160160,14,municipality,"Grimma, Stadt","Grimma, Stadt",große Kreisstadt,große Kreisstadt,14729160,14729160,28207,27613,STATISTIKPORTAL_INTEGRATED_2023_T1,STATISTIKPORTAL_INTEGRATED_2024_T1,matching_original_identifier_and_class,not_certified_requires_population_and_entity_scope_audit,different_fiscal_unit_classes_cannot_be_summed,63447183.56,75387492.19,2249.34,2730.14,6817902.00,5999622.00,26342.25,28855.15,56602939.31,69359015.04
147290170170,14,municipality,"Groitzsch, Stadt","Groitzsch, Stadt",kreisangehörige Gemeinde,kreisangehörige Gemeinde,14729170,14729170,7532,7481,STATISTIKPORTAL_INTEGRATED_2023_T1,STATISTIKPORTAL_INTEGRATED_2024_T1,matching_original_identifier_and_class,not_certified_requires_population_and_entity_scope_audit,different_fiscal_unit_classes_cannot_be_summed,9069340.01,7826887.96,1204.11,1046.24,2903561.00,1584429.00,40661.82,30073.03,6125117.19,6212385.93
147290190190,14,municipality,Großpösna,Großpösna,kreisangehörige Gemeinde,kreisangehörige Gemeinde,14729190,14729190,5519,5505,STATISTIKPORTAL_INTEGRATED_2023_T1,STATISTIKPORTAL_INTEGRATED_2024_T1,matching_original_identifier_and_class,not_certified_requires_population_and_entity_scope_audit,different_fiscal_unit_classes_cannot_be_summed,8986910.73,8299458.07,1628.36,1507.62,1125712.00,673050.00,117781.01,136749.43,7743417.72,7489658.64
147290220220,14,municipality,"Kitzscher, Stadt","Kitzscher, Stadt",kreisangehörige Gemeinde,kreisangehörige Gemeinde,14729220,14729220,5235,5141,STATISTIKPORTAL_INTEGRATED_2023_T1,STATISTIKPORTAL_INTEGRATED_2024_T1,matching_original_identifier_and_class,not_certified_requires_population_and_entity_scope_audit,different_fiscal_unit_classes_cannot_be_summed,7209835.14,7295126.93,1377.24,1419.01,1410268.00,1332068.00,15796.67,11559.06,5783770.47,5951499.87
147290245245,14,municipality,Lossatal,Lossatal,kreisangehörige Gemeinde,kreisangehörige Gemeinde,14729245,14729245,6119,6108,STATISTIKPORTAL_INTEGRATED_2023_T1,STATISTIKPORTAL_INTEGRATED_2024_T1,matching_original_identifier_and_class,not_certified_requires_population_and_entity_scope_audit,different_fiscal_unit_classes_cannot_be_summed,8117995.54,7612036.82,1326.69,1246.24,1402360.00,1257027.00,812910.85,376346.67,5902724.69,5978663.15
147290250250,14,municipality,Machern,Machern,kreisangehörige Gemeinde,kreisangehörige Gemeinde,14729250,14729250,6756,6575,STATISTIKPORTAL_INTEGRATED_2023_T1,STATISTIKPORTAL_INTEGRATED_2024_T1,matching_original_identifier_and_class,not_certified_requires_population_and_entity_scope_audit,different_fiscal_unit_classes_cannot_be_summed,25042643.44,24737155.97,3706.73,3762.31,12687690.00,12262315.00,6738.19,11803.00,12348215.25,12463037.97
147290260260,14,municipality,"Markkleeberg, Stadt","Markkleeberg, Stadt",große Kreisstadt,große Kreisstadt,14729260,14729260,24441,25359,STATISTIKPORTAL_INTEGRATED_2023_T1,STATISTIKPORTAL_INTEGRATED_2024_T1,matching_original_identifier_and_class,not_certified_requires_population_and_entity_scope_audit,different_fiscal_unit_classes_cannot_be_summed,30737454.22,30337752.92,1257.62,1196.33,1037041.00,0.00,506.32,984.81,29699906.90,30336768.11
147290270270,14,municipality,"Markranstädt, Stadt","Markranstädt, Stadt",kreisangehörige Gemeinde,kreisangehörige Gemeinde,14729270,14729270,16129,16230,STATISTIKPORTAL_INTEGRATED_2023_T1,STATISTIKPORTAL_INTEGRATED_2024_T1,matching_original_identifier_and_class,not_certified_requires_population_and_entity_scope_audit,different_fiscal_unit_classes_cannot_be_summed,19183346.55,17534759.25,1189.37,1080.39,4473985.00,3901239.00,39835.97,43870.25,14669525.58,13589650.00
147290320320,14,municipality,Neukieritzsch,Neukieritzsch,kreisangehörige Gemeinde,kreisangehörige Gemeinde,14729320,14729320,6985,7125,STATISTIKPORTAL_INTEGRATED_2023_T1,STATISTIKPORTAL_INTEGRATED_2024_T1,matching_original_identifier_and_class,not_certified_requires_population_and_entity_scope_audit,different_fiscal_unit_classes_cannot_be_summed,9887907.09,10333627.59,1415.59,1450.33,3061610.00,2792787.00,15796.67,17290.05,6810500.42,7523550.54
147290360360,14,municipality,"Regis-Breitingen, Stadt","Regis-Breitingen, Stadt",kreisangehörige Gemeinde,kreisangehörige Gemeinde,14729360,14729360,3885,3830,STATISTIKPORTAL_INTEGRATED_2023_T1,STATISTIKPORTAL_INTEGRATED_2024_T1,matching_original_identifier_and_class,not_certified_requires_population_and_entity_scope_audit,different_fiscal_unit_classes_cannot_be_summed,2264531.97,2405720.63,582.89,628.13,346023.00,274202.00,3949.17,4324.81,1914559.80,2127193.82
147290370370,14,municipality,"Rötha, Stadt","Rötha, Stadt",kreisangehörige Gemeinde,kreisangehörige Gemeinde,14729370,14729370,6596,6434,STATISTIKPORTAL_INTEGRATED_2023_T1,STATISTIKPORTAL_INTEGRATED_2024_T1,matching_original_identifier_and_class,not_certified_requires_population_and_entity_scope_audit,different_fiscal_unit_classes_cannot_be_summed,12713567.99,12905277.76,1927.47,2005.79,5296726.00,4981700.00,26342.25,28811.09,7390499.74,7894766.67
147290380380,14,municipality,Thallwitz,Thallwitz,kreisangehörige Gemeinde,kreisangehörige Gemeinde,14729380,14729380,3548,3546,STATISTIKPORTAL_INTEGRATED_2023_T1,STATISTIKPORTAL_INTEGRATED_2024_T1,matching_original_identifier_and_class,not_certified_requires_population_and_entity_scope_audit,different_fiscal_unit_classes_cannot_be_summed,11220718.49,11161291.73,3162.55,3147.57,4826247.00,5365575.00,786568.60,347562.81,5607902.89,5448153.92
147290400400,14,municipality,"Trebsen/Mulde, Stadt","Trebsen/Mulde, Stadt",kreisangehörige Gemeinde,kreisangehörige Gemeinde,14729400,14729400,3779,3761,STATISTIKPORTAL_INTEGRATED_2023_T1,STATISTIKPORTAL_INTEGRATED_2024_T1,matching_original_identifier_and_class,not_certified_requires_population_and_entity_scope_audit,different_fiscal_unit_classes_cannot_be_summed,6632564.48,6697671.39,1755.11,1780.82,0.00,0.00,26342.25,28793.38,6606222.23,6668878.01
147290410410,14,municipality,"Wurzen, Stadt","Wurzen, Stadt",große Kreisstadt,große Kreisstadt,14729410,14729410,16666,16150,STATISTIKPORTAL_INTEGRATED_2023_T1,STATISTIKPORTAL_INTEGRATED_2024_T1,matching_original_identifier_and_class,not_certified_requires_population_and_entity_scope_audit,different_fiscal_unit_classes_cannot_be_summed,42000277.69,39471047.96,2520.12,2444.03,4390062.00,3934526.00,1599479.45,738347.31,36010736.24,34798174.65
147290430430,14,municipality,"Zwenkau, Stadt","Zwenkau, Stadt",kreisangehörige Gemeinde,kreisangehörige Gemeinde,14729430,14729430,9441,9283,STATISTIKPORTAL_INTEGRATED_2023_T1,STATISTIKPORTAL_INTEGRATED_2024_T1,matching_original_identifier_and_class,not_certified_requires_population_and_entity_scope_audit,different_fiscal_unit_classes_cannot_be_summed,8135600.46,7669527.89,861.73,826.19,7276315.00,6888696.00,28007.42,45190.98,831278.04,735640.91
147295301010,14,municipality,"Bad Lausick, Stadt","Bad Lausick, Stadt",erfüllende Gemeinde,erfüllende Gemeinde,14729010,14729010,8191,8089,STATISTIKPORTAL_INTEGRATED_2023_T1,STATISTIKPORTAL_INTEGRATED_2024_T1,matching_original_identifier_and_class,not_certified_requires_population_and_entity_scope_audit,different_fiscal_unit_classes_cannot_be_summed,16707374.19,15948335.20,2039.72,1971.61,1841938.00,926189.00,10545.58,11543.51,14854890.61,15010602.69
147295301330,14,municipality,Otterwisch,Otterwisch,beauftragende Gemeinde,beauftragende Gemeinde,14729330,14729330,1365,1344,STATISTIKPORTAL_INTEGRATED_2023_T1,STATISTIKPORTAL_INTEGRATED_2024_T1,matching_original_identifier_and_class,not_certified_requires_population_and_entity_scope_audit,different_fiscal_unit_classes_cannot_be_summed,3071053.99,3131159.43,2249.86,2329.73,251260.00,235191.00,3949.17,1438.58,2815844.82,2894529.85
147295307020,14,municipality,Belgershain,Belgershain,beauftragende Gemeinde,beauftragende Gemeinde,14729020,14729020,3384,3457,STATISTIKPORTAL_INTEGRATED_2023_T1,STATISTIKPORTAL_INTEGRATED_2024_T1,matching_original_identifier_and_class,not_certified_requires_population_and_entity_scope_audit,different_fiscal_unit_classes_cannot_be_summed,4467338.78,4490346.48,1320.14,1298.91,2127046.00,2032539.00,4030.16,1587.44,2336262.62,2456220.04
147295307300,14,municipality,"Naunhof, Stadt","Naunhof, Stadt",erfüllende Gemeinde,erfüllende Gemeinde,14729300,14729300,8832,8778,STATISTIKPORTAL_INTEGRATED_2023_T1,STATISTIKPORTAL_INTEGRATED_2024_T1,matching_original_identifier_and_class,not_certified_requires_population_and_entity_scope_audit,different_fiscal_unit_classes_cannot_be_summed,23782282.42,24928400.98,2692.74,2839.87,6390863.00,6151390.00,15796.67,17301.28,17375622.75,18759709.70
147295307340,14,municipality,Parthenstein,Parthenstein,beauftragende Gemeinde,beauftragende Gemeinde,14729340,14729340,3547,3563,STATISTIKPORTAL_INTEGRATED_2023_T1,STATISTIKPORTAL_INTEGRATED_2024_T1,matching_original_identifier_and_class,not_certified_requires_population_and_entity_scope_audit,different_fiscal_unit_classes_cannot_be_summed,9437740.87,11731634.49,2660.77,3292.63,845465.00,3184214.00,0.00,7.34,8592275.87,8547413.15
147295308100,14,municipality,Elstertrebnitz,Elstertrebnitz,beauftragende Gemeinde,beauftragende Gemeinde,14729100,14729100,1289,1260,STATISTIKPORTAL_INTEGRATED_2023_T1,STATISTIKPORTAL_INTEGRATED_2024_T1,matching_original_identifier_and_class,not_certified_requires_population_and_entity_scope_audit,different_fiscal_unit_classes_cannot_be_summed,1305809.32,979858.63,1013.04,777.67,178753.00,110781.00,6888.93,1768.09,1120167.39,867309.54
147295308350,14,municipality,"Pegau, Stadt","Pegau, Stadt",erfüllende Gemeinde,erfüllende Gemeinde,14729350,14729350,6578,6569,STATISTIKPORTAL_INTEGRATED_2023_T1,STATISTIKPORTAL_INTEGRATED_2024_T1,matching_original_identifier_and_class,not_certified_requires_population_and_entity_scope_audit,different_fiscal_unit_classes_cannot_be_summed,9410293.36,10668086.05,1430.57,1624.00,5984645.00,7206041.00,16861.05,12741.29,3408787.31,3449303.76
14730,14,county_administration,LK Nordsachsen,LKH Nordsachsen,Landratsamt,Landratsamt,,,199913,200261,STATISTIKPORTAL_INTEGRATED_2023_T1,STATISTIKPORTAL_INTEGRATED_2024_T1,legal_name_or_form_changed_review,not_certified_requires_population_and_entity_scope_audit,different_fiscal_unit_classes_cannot_be_summed,178674954.40,208962429.13,893.76,1043.45,163149440.00,191903354.00,730916.68,507007.48,14794597.72,16552067.65
147300020020,14,municipality,"Bad Düben, Stadt","Bad Düben, Stadt",kreisangehörige Gemeinde,kreisangehörige Gemeinde,14730020,14730020,7867,7736,STATISTIKPORTAL_INTEGRATED_2023_T1,STATISTIKPORTAL_INTEGRATED_2024_T1,matching_original_identifier_and_class,not_certified_requires_population_and_entity_scope_audit,different_fiscal_unit_classes_cannot_be_summed,22302921.13,24076519.28,2835.00,3112.27,9321445.00,11182984.00,3949.17,4327.40,12977526.96,12889207.88
147300045045,14,municipality,"Belgern-Schildau, Stadt","Belgern-Schildau, Stadt",kreisangehörige Gemeinde,kreisangehörige Gemeinde,14730045,14730045,7542,7465,STATISTIKPORTAL_INTEGRATED_2023_T1,STATISTIKPORTAL_INTEGRATED_2024_T1,matching_original_identifier_and_class,not_certified_requires_population_and_entity_scope_audit,different_fiscal_unit_classes_cannot_be_summed,5010615.94,5200820.37,664.36,696.69,4687111.00,4893741.00,26342.25,28808.93,297162.69,278270.44
147300050050,14,municipality,Cavertitz,Cavertitz,kreisangehörige Gemeinde,kreisangehörige Gemeinde,14730050,14730050,2130,2136,STATISTIKPORTAL_INTEGRATED_2023_T1,STATISTIKPORTAL_INTEGRATED_2024_T1,matching_original_identifier_and_class,not_certified_requires_population_and_entity_scope_audit,different_fiscal_unit_classes_cannot_be_summed,2154603.91,2146954.22,1011.55,1005.13,801376.00,748456.00,0.00,23.76,1353227.91,1398474.46
147300060060,14,municipality,"Dahlen, Stadt","Dahlen, Stadt",kreisangehörige Gemeinde,kreisangehörige Gemeinde,14730060,14730060,4228,4182,STATISTIKPORTAL_INTEGRATED_2023_T1,STATISTIKPORTAL_INTEGRATED_2024_T1,matching_original_identifier_and_class,not_certified_requires_population_and_entity_scope_audit,different_fiscal_unit_classes_cannot_be_summed,5704327.41,5696240.30,1349.18,1362.09,1003186.00,895940.00,26342.25,17279.67,4674799.16,4783020.63
147300070070,14,municipality,"Delitzsch, Stadt","Delitzsch, Stadt",große Kreisstadt,große Kreisstadt,14730070,14730070,25281,26042,STATISTIKPORTAL_INTEGRATED_2023_T1,STATISTIKPORTAL_INTEGRATED_2024_T1,matching_original_identifier_and_class,not_certified_requires_population_and_entity_scope_audit,different_fiscal_unit_classes_cannot_be_summed,21897659.20,24714988.15,866.17,949.04,0.00,0.00,26342.25,43327.12,21871316.95,24671661.03
147300080080,14,municipality,Doberschütz,Doberschütz,kreisangehörige Gemeinde,kreisangehörige Gemeinde,14730080,14730080,4086,4040,STATISTIKPORTAL_INTEGRATED_2023_T1,STATISTIKPORTAL_INTEGRATED_2024_T1,matching_original_identifier_and_class,not_certified_requires_population_and_entity_scope_audit,different_fiscal_unit_classes_cannot_be_summed,3351923.43,3351527.51,820.34,829.59,1190900.00,1074900.00,0.00,16.42,2161023.43,2276611.09
147300110110,14,municipality,"Eilenburg, Stadt","Eilenburg, Stadt",große Kreisstadt,große Kreisstadt,14730110,14730110,16126,16613,STATISTIKPORTAL_INTEGRATED_2023_T1,STATISTIKPORTAL_INTEGRATED_2024_T1,matching_original_identifier_and_class,not_certified_requires_population_and_entity_scope_audit,different_fiscal_unit_classes_cannot_be_summed,45242590.26,43505296.94,2805.57,2618.75,8137231.00,7397231.00,0.00,75.18,37105359.26,36107990.76
147300160160,14,municipality,Laußig,Laußig,kreisangehörige Gemeinde,kreisangehörige Gemeinde,14730160,14730160,3559,3588,STATISTIKPORTAL_INTEGRATED_2023_T1,STATISTIKPORTAL_INTEGRATED_2024_T1,matching_original_identifier_and_class,not_certified_requires_population_and_entity_scope_audit,different_fiscal_unit_classes_cannot_be_summed,11698779.23,12512885.05,3287.10,3487.43,2261374.00,2903118.00,3949.17,4326.11,9433456.06,9605440.94
147300170170,14,municipality,Liebschützberg,Liebschützberg,kreisangehörige Gemeinde,kreisangehörige Gemeinde,14730170,14730170,2902,2841,STATISTIKPORTAL_INTEGRATED_2023_T1,STATISTIKPORTAL_INTEGRATED_2024_T1,matching_original_identifier_and_class,not_certified_requires_population_and_entity_scope_audit,different_fiscal_unit_classes_cannot_be_summed,4883053.09,4933541.47,1682.65,1736.55,935471.00,899471.00,15796.67,11538.40,3931785.42,4022532.07
147300180180,14,municipality,Löbnitz,Löbnitz,kreisangehörige Gemeinde,kreisangehörige Gemeinde,14730180,14730180,2117,2086,STATISTIKPORTAL_INTEGRATED_2023_T1,STATISTIKPORTAL_INTEGRATED_2024_T1,matching_original_identifier_and_class,not_certified_requires_population_and_entity_scope_audit,different_fiscal_unit_classes_cannot_be_summed,5387612.58,6115297.27,2544.93,2931.59,1542355.00,2221243.00,10545.58,7239.88,3834712.00,3886814.39
147300190190,14,municipality,Mockrehna,Mockrehna,kreisangehörige Gemeinde,kreisangehörige Gemeinde,14730190,14730190,5034,4878,STATISTIKPORTAL_INTEGRATED_2023_T1,STATISTIKPORTAL_INTEGRATED_2024_T1,matching_original_identifier_and_class,not_certified_requires_population_and_entity_scope_audit,different_fiscal_unit_classes_cannot_be_summed,1184869.94,1325988.91,235.37,271.83,0.00,0.00,15796.67,17284.86,1169073.27,1308704.05
147300200200,14,municipality,"Mügeln, Stadt","Mügeln, Stadt",kreisangehörige Gemeinde,kreisangehörige Gemeinde,14730200,14730200,5799,5576,STATISTIKPORTAL_INTEGRATED_2023_T1,STATISTIKPORTAL_INTEGRATED_2024_T1,matching_original_identifier_and_class,not_certified_requires_population_and_entity_scope_audit,different_fiscal_unit_classes_cannot_be_summed,10963324.35,11134598.41,1890.55,1996.88,2589600.00,2451533.00,15796.67,11553.02,8357927.68,8671512.39
147300210210,14,municipality,Naundorf,Naundorf,kreisangehörige Gemeinde,kreisangehörige Gemeinde,14730210,14730210,2188,2178,STATISTIKPORTAL_INTEGRATED_2023_T1,STATISTIKPORTAL_INTEGRATED_2024_T1,matching_original_identifier_and_class,not_certified_requires_population_and_entity_scope_audit,different_fiscal_unit_classes_cannot_be_summed,3364359.75,3730425.34,1537.64,1712.78,0.00,296296.00,0.00,20.74,3364359.75,3434108.60
147300230230,14,municipality,"Oschatz, Stadt","Oschatz, Stadt",große Kreisstadt,große Kreisstadt,14730230,14730230,14151,14200,STATISTIKPORTAL_INTEGRATED_2023_T1,STATISTIKPORTAL_INTEGRATED_2024_T1,matching_original_identifier_and_class,not_certified_requires_population_and_entity_scope_audit,different_fiscal_unit_classes_cannot_be_summed,32231703.68,32643264.63,2277.70,2298.82,10374986.00,12120234.00,0.00,44.07,21856717.68,20522986.56
147300250250,14,municipality,Rackwitz,Rackwitz,kreisangehörige Gemeinde,kreisangehörige Gemeinde,14730250,14730250,5542,5494,STATISTIKPORTAL_INTEGRATED_2023_T1,STATISTIKPORTAL_INTEGRATED_2024_T1,matching_original_identifier_and_class,not_certified_requires_population_and_entity_scope_audit,different_fiscal_unit_classes_cannot_be_summed,11979830.63,12194600.28,2161.64,2219.62,11877922.00,12128612.00,16447.63,18011.50,85461.00,47976.78
147300270270,14,municipality,"Schkeuditz, Stadt","Schkeuditz, Stadt",große Kreisstadt,große Kreisstadt,14730270,14730270,19375,19104,STATISTIKPORTAL_INTEGRATED_2023_T1,STATISTIKPORTAL_INTEGRATED_2024_T1,matching_original_identifier_and_class,not_certified_requires_population_and_entity_scope_audit,different_fiscal_unit_classes_cannot_be_summed,38854191.47,37667430.34,2005.38,1971.70,829802.00,772033.00,44171.36,48681.45,37980218.11,36846715.89
147300300300,14,municipality,"Taucha, Stadt","Taucha, Stadt",kreisangehörige Gemeinde,kreisangehörige Gemeinde,14730300,14730300,15724,15861,STATISTIKPORTAL_INTEGRATED_2023_T1,STATISTIKPORTAL_INTEGRATED_2024_T1,matching_original_identifier_and_class,not_certified_requires_population_and_entity_scope_audit,different_fiscal_unit_classes_cannot_be_summed,43896703.22,48949375.77,2791.70,3086.15,14258820.00,21289467.00,131139.35,151565.95,29506743.87,27508342.82
147300330330,14,municipality,Wermsdorf,Wermsdorf,kreisangehörige Gemeinde,kreisangehörige Gemeinde,14730330,14730330,5165,5170,STATISTIKPORTAL_INTEGRATED_2023_T1,STATISTIKPORTAL_INTEGRATED_2024_T1,matching_original_identifier_and_class,not_certified_requires_population_and_entity_scope_audit,different_fiscal_unit_classes_cannot_be_summed,6175169.18,7251862.24,1195.58,1402.68,1857484.00,2771425.00,26342.25,28798.99,4291342.93,4451638.25
147300340340,14,municipality,Wiedemar,Wiedemar,kreisangehörige Gemeinde,kreisangehörige Gemeinde,14730340,14730340,5444,5522,STATISTIKPORTAL_INTEGRATED_2023_T1,STATISTIKPORTAL_INTEGRATED_2024_T1,matching_original_identifier_and_class,not_certified_requires_population_and_entity_scope_audit,different_fiscal_unit_classes_cannot_be_summed,6331137.47,5745699.43,1162.96,1040.51,5236413.00,4774222.00,136119.67,111029.50,958604.80,860447.93
147305302010,14,municipality,Arzberg,Arzberg,beauftragende Gemeinde,beauftragende Gemeinde,14730010,14730010,1849,1855,STATISTIKPORTAL_INTEGRATED_2023_T1,STATISTIKPORTAL_INTEGRATED_2024_T1,matching_original_identifier_and_class,not_certified_requires_population_and_entity_scope_audit,different_fiscal_unit_classes_cannot_be_summed,671477.00,608248.20,363.16,327.90,671477.00,608229.00,0.00,18.58,0.00,0.62
147305302030,14,municipality,Beilrode,Beilrode,erfüllende Gemeinde,erfüllende Gemeinde,14730030,14730030,4028,4186,STATISTIKPORTAL_INTEGRATED_2023_T1,STATISTIKPORTAL_INTEGRATED_2024_T1,matching_original_identifier_and_class,not_certified_requires_population_and_entity_scope_audit,different_fiscal_unit_classes_cannot_be_summed,367062.00,303826.78,91.13,72.58,367062.00,303800.00,0.00,25.92,0.00,0.86
147305303090,14,municipality,"Dommitzsch, Stadt","Dommitzsch, Stadt",erfüllende Gemeinde,erfüllende Gemeinde,14730090,14730090,2381,2209,STATISTIKPORTAL_INTEGRATED_2023_T1,STATISTIKPORTAL_INTEGRATED_2024_T1,matching_original_identifier_and_class,not_certified_requires_population_and_entity_scope_audit,different_fiscal_unit_classes_cannot_be_summed,4793560.12,4848185.47,2013.25,2194.74,2925536.00,3073175.00,15796.67,17284.86,1852227.45,1757725.61
147305303120,14,municipality,Elsnig,Elsnig,beauftragende Gemeinde,beauftragende Gemeinde,14730120,14730120,1373,1357,STATISTIKPORTAL_INTEGRATED_2023_T1,STATISTIKPORTAL_INTEGRATED_2024_T1,matching_original_identifier_and_class,not_certified_requires_population_and_entity_scope_audit,different_fiscal_unit_classes_cannot_be_summed,175438.00,172927.30,127.78,127.43,125739.00,121557.00,0.00,4.75,49699.00,51365.55
147305303320,14,municipality,Trossin,Trossin,beauftragende Gemeinde,beauftragende Gemeinde,14730320,14730320,1261,1218,STATISTIKPORTAL_INTEGRATED_2023_T1,STATISTIKPORTAL_INTEGRATED_2024_T1,matching_original_identifier_and_class,not_certified_requires_population_and_entity_scope_audit,different_fiscal_unit_classes_cannot_be_summed,1730025.74,1627850.67,1371.95,1336.49,324286.00,297812.00,6596.41,1437.28,1399143.33,1328601.39
147305306150,14,municipality,Krostitz,Krostitz,erfüllende Gemeinde,erfüllende Gemeinde,14730150,14730150,4179,4174,STATISTIKPORTAL_INTEGRATED_2023_T1,STATISTIKPORTAL_INTEGRATED_2024_T1,matching_original_identifier_and_class,not_certified_requires_population_and_entity_scope_audit,different_fiscal_unit_classes_cannot_be_summed,1361318.27,1261029.98,325.75,302.12,0.00,0.00,15796.67,11538.33,1345521.60,1249491.65
147305306280,14,municipality,Schönwölkau,Schönwölkau,beauftragende Gemeinde,beauftragende Gemeinde,14730280,14730280,2700,2683,STATISTIKPORTAL_INTEGRATED_2023_T1,STATISTIKPORTAL_INTEGRATED_2024_T1,matching_original_identifier_and_class,not_certified_requires_population_and_entity_scope_audit,different_fiscal_unit_classes_cannot_be_summed,4028804.64,4023460.38,1492.15,1499.61,178985.00,116723.00,0.00,6.91,3849819.64,3906730.47
147305311100,14,municipality,Dreiheide,Dreiheide,beauftragende Gemeinde,beauftragende Gemeinde,14730100,14730100,2122,2061,STATISTIKPORTAL_INTEGRATED_2023_T1,STATISTIKPORTAL_INTEGRATED_2024_T1,matching_original_identifier_and_class,not_certified_requires_population_and_entity_scope_audit,different_fiscal_unit_classes_cannot_be_summed,36663.20,37892.50,17.28,18.39,0.00,0.00,0.00,0.00,36663.20,37892.50
147305311310,14,municipality,"Torgau, Stadt","Torgau, Stadt",große Kreisstadt als erfüllende Gem.,große Kreisstadt als erfüllende Gem.,14730310,14730310,19775,19987,STATISTIKPORTAL_INTEGRATED_2023_T1,STATISTIKPORTAL_INTEGRATED_2024_T1,matching_original_identifier_and_class,not_certified_requires_population_and_entity_scope_audit,different_fiscal_unit_classes_cannot_be_summed,55837004.66,55678307.99,2823.62,2785.73,16047645.00,18918827.00,1301.92,1493.45,39788057.74,36757987.54
147305601,14,joint_administration,VVH Eilenburg-West,VVH Eilenburg-West,Verwaltungsverbandshaushalt,Verwaltungsverbandshaushalt,,,5985,5819,STATISTIKPORTAL_INTEGRATED_2023_T1,STATISTIKPORTAL_INTEGRATED_2024_T1,matching_original_identifier_and_class,not_certified_requires_population_and_entity_scope_audit,different_fiscal_unit_classes_cannot_be_summed,15796.67,17269.30,2.64,2.97,0.00,0.00,15796.67,17268.87,0.00,0.43
147305601140,14,municipality,Jesewitz,Jesewitz,Mitgliedsgemeinde,Mitgliedsgemeinde,14730140,14730140,3102,3027,STATISTIKPORTAL_INTEGRATED_2023_T1,STATISTIKPORTAL_INTEGRATED_2024_T1,matching_original_identifier_and_class,not_certified_requires_population_and_entity_scope_audit,different_fiscal_unit_classes_cannot_be_summed,1455461.62,1223128.35,469.20,404.07,877061.00,487097.00,80.99,154.92,578319.63,735876.43
147305601360,14,municipality,Zschepplin,Zschepplin,Mitgliedsgemeinde,Mitgliedsgemeinde,14730360,14730360,2883,2792,STATISTIKPORTAL_INTEGRATED_2023_T1,STATISTIKPORTAL_INTEGRATED_2024_T1,matching_original_identifier_and_class,not_certified_requires_population_and_entity_scope_audit,different_fiscal_unit_classes_cannot_be_summed,6112571.40,6481480.89,2120.21,2321.45,620380.00,708328.00,0.00,6.48,5492191.40,5773146.41
