{"type":"FeatureCollection","name":"BKG VG250 2026 municipalities DE-15","source_url":"https://daten.gdz.bkg.bund.de/produkte/vg/vg250_ebenen_0101/aktuell/vg250_01-01.utm32s.gpkg.ebenen.zip","source_sha256":"6b096eb4862b4eafda9294e425fb5a6d0e7773eb5815a4d4edc78b639ec2728f","attribution":"© BKG (2026) dl-de/by-2-0 (see licence)","status":"research_only_not_published","features":[{"type":"Feature","id":"15001000","properties":{"ags8":"15001000","county_ags5":"15001","state_code":"15","name_de":"Dessau-Roßlau","valid_at":"2026-01-01","source":"BKG_VG250_2026","part_count":1,"simplified_tolerance_m":80},"geometry":{"type":"MultiPolygon","coordinates":[[[[12.265071281492322,51.97039876939711],[12.281266520186724,51.970292467146976],[12.282248776067874,51.96414128627905],[12.278793641334378,51.96332019614088],[12.27956850682236,51.96042032479257],[12.269582370595257,51.9583108067878],[12.27227343869884,51.95383941836443],[12.281170424714723,51.94667469246621],[12.279374909371015,51.945441865626776],[12.283373957305336,51.9435302836849],[12.286142671118029,51.94537643227076],[12.290656843042823,51.94354498314678],[12.300687000891088,51.94865734172038],[12.301285604458283,51.951635577759106],[12.304217041493093,51.951015294242715],[12.306109603880543,51.952102317458056],[12.312639687641774,51.94933962407842],[12.320593879140004,51.93998625350198],[12.310493164903606,51.93493961039469],[12.307995930381605,51.931810316022606],[12.310358552648736,51.914635324343216],[12.319832526818297,51.91261690720616],[12.317033477896688,51.91102207737138],[12.315071107414619,51.90705691388212],[12.319253512376527,51.90435341675936],[12.316676320380903,51.902083437133285],[12.317187902358937,51.899961060141294],[12.320490190261564,51.898155882590984],[12.320962324028066,51.88815170645035],[12.318948434197207,51.884700267178715],[12.310279346141373,51.88572350421367],[12.308627189108337,51.88439894790744],[12.302420582236751,51.88371944122204],[12.295378647279113,51.88028982085579],[12.296125508108739,51.877111190731775],[12.293668606185385,51.876005556867476],[12.284413274366669,51.86464537378307],[12.284620693043385,51.86126573697428],[12.289852318199165,51.85733798755757],[12.291565288341927,51.85876985593079],[12.293522770608728,51.85792146709027],[12.295013977583864,51.85593732452502],[12.290926725520693,51.85620601057418],[12.291532812003721,51.855360034663086],[12.295961307412364,51.85306156821935],[12.296517148723854,51.8546278442742],[12.299253974658122,51.85401950912511],[12.307411578427505,51.84428545205775],[12.31176999591097,51.84319319628609],[12.313525571048176,51.84058387185653],[12.318946421307588,51.838827223825476],[12.317897927480328,51.83221151743496],[12.321484856488572,51.82529975281763],[12.323782050886388,51.82464357231607],[12.321388576365766,51.81562795698436],[12.317356354084255,51.81645467012959],[12.30673262110919,51.807402626780096],[12.306490971886756,51.80386993775325],[12.308140832227807,51.80191913195475],[12.319866983790128,51.79607071286784],[12.31960890105645,51.79334944798236],[12.341099442090616,51.789623888211416],[12.34292525708689,51.786336253197526],[12.33833438994487,51.77987441822032],[12.340753112431146,51.775894136845466],[12.347754214556954,51.77015534600134],[12.343086166253604,51.761598356249365],[12.342920200618364,51.752908417248776],[12.348833868449043,51.75192103618729],[12.348941702846714,51.7507955630494],[12.343099209409834,51.749000017751655],[12.347761905877995,51.73883980232897],[12.351498418279458,51.73662173576481],[12.35115011320269,51.735538332793546],[12.345366901929903,51.73516967460421],[12.346228103242906,51.733887426249886],[12.340794580772478,51.73391803769134],[12.34064509653044,51.734883225302404],[12.335914261747098,51.735451605945194],[12.33590636522799,51.73381396322974],[12.320884652150369,51.733991951328036],[12.321532776559717,51.73606967193555],[12.319213511079639,51.74042468034432],[12.305782556633169,51.74276292749762],[12.310918452177187,51.74689584527044],[12.304694861076566,51.75191306352942],[12.307172137630934,51.75735541605482],[12.300277615722907,51.76048390107123],[12.30041166230842,51.76755469417979],[12.297441107261106,51.76872460619376],[12.29708872310895,51.77281340864775],[12.294711277911984,51.7747077033252],[12.291036339391686,51.77518820859821],[12.289616074561321,51.77703164169419],[12.289739958926164,51.78018822121286],[12.295533474246096,51.78879307880524],[12.29294729573629,51.78981304954528],[12.28299530519138,51.78986416944621],[12.282402854217278,51.79141180075062],[12.286598629592218,51.79591081954117],[12.285791421487517,51.79790262068731],[12.28221943116941,51.799711044167005],[12.278811740063988,51.80015814209815],[12.271845782547295,51.79195698558923],[12.27678341575032,51.79056932565918],[12.275855849775018,51.78910749379476],[12.278014337549955,51.78939008139503],[12.279451118260504,51.78771889262345],[12.275461680871102,51.78329642672928],[12.270354898778582,51.78196409513489],[12.268082523974234,51.77985640457749],[12.266577680505838,51.78445000837045],[12.264636996352689,51.78416397424285],[12.26412392569269,51.78515243048017],[12.250157026819094,51.78414470515508],[12.240363679954672,51.78565663971497],[12.22923558820515,51.764489570442045],[12.228009981342293,51.75676394504482],[12.157952562463082,51.775995300032605],[12.152298069308083,51.77446361900596],[12.147367049960366,51.77568401600376],[12.148426884175642,51.777315919660076],[12.141204658184142,51.77856789857829],[12.142855405216578,51.780902507006026],[12.139100511180922,51.78217822069776],[12.138039282388462,51.78050126880217],[12.119688393459121,51.78213014704451],[12.119424269469254,51.78739845994909],[12.122183852448465,51.790293138485744],[12.12100839534414,51.79069612746095],[12.119367995372066,51.78863102965571],[12.115595235616976,51.78943833060432],[12.117860715373023,51.79153993900682],[12.112072376781487,51.79239260736807],[12.120266798120014,51.79521727532269],[12.117955710599848,51.799239046047546],[12.121972175599993,51.799888858916965],[12.118118839243824,51.80672532021861],[12.127630439036906,51.81038161642744],[12.132348516191904,51.81037193280033],[12.13469481783815,51.813056978753494],[12.138841187313558,51.814632512462005],[12.137869050892359,51.82180411364157],[12.13271065652673,51.82210016512555],[12.135413228965495,51.83954571459402],[12.142371121937535,51.84881634066246],[12.143943898692962,51.865831358618365],[12.141607353006826,51.86953971984407],[12.138491174702427,51.86817011379881],[12.132735107535591,51.86977899849082],[12.131535993364631,51.87154937973727],[12.113766260960434,51.871396910905084],[12.114159224035522,51.878787613406416],[12.121668173576406,51.89776023616799],[12.13586275140099,51.896539956765025],[12.137670063603403,51.903515192977935],[12.165747200225598,51.90202727563949],[12.166439228506471,51.90384410011768],[12.177107159490173,51.90360406541386],[12.177110202920515,51.90171450636042],[12.184259867982222,51.90162979287151],[12.184555588774332,51.90708673951089],[12.173285883953694,51.9103811943066],[12.17431008550995,51.91227128037868],[12.169239914211987,51.91340910663741],[12.168971929784329,51.91934748849286],[12.164705861092628,51.920864909143646],[12.15753489008798,51.92134299458323],[12.155028857421863,51.92691461253289],[12.164160471145873,51.92981613819782],[12.168774563283906,51.92961733137196],[12.170658387263753,51.93141919263163],[12.174936277433945,51.93046390739641],[12.177581493712124,51.92710823654156],[12.188267973894968,51.928396615737284],[12.188284313845521,51.933929923790586],[12.197942387502383,51.93686062348904],[12.19885108656314,51.93585790739075],[12.209858629217576,51.94135069782964],[12.21025662928133,51.9454246491909],[12.207130539660481,51.94580919530993],[12.205021421170787,51.94861823161849],[12.211837217684824,51.94965081446109],[12.210517712464155,51.95225991202812],[12.212036515510057,51.952485651609486],[12.21179652313792,51.95569204055665],[12.208068389557013,51.95685232016994],[12.206292360890236,51.95609501127896],[12.20776659031525,51.961607374002064],[12.229672243559117,51.96161491152191],[12.229973752299136,51.96894098140081],[12.241682615779194,51.968304948891664],[12.249854623640564,51.96603463937725],[12.265071281492322,51.97039876939711]]],[[[12.119666204399126,51.899128174261065],[12.116481115631531,51.89954044060327],[12.119549820470489,51.907704411419516],[12.122381363424248,51.90715293733708],[12.119666204399126,51.899128174261065]]]]}},{"type":"Feature","id":"15002000","properties":{"ags8":"15002000","county_ags5":"15002","state_code":"15","name_de":"Halle (Saale)","valid_at":"2026-01-01","source":"BKG_VG250_2026","part_count":1,"simplified_tolerance_m":80},"geometry":{"type":"Polygon","coordinates":[[[12.000879601418447,51.54368062006802],[12.004309477385267,51.53882767084116],[12.009125592341677,51.538636575506466],[12.010814323290331,51.541278455993705],[12.017415513911777,51.54016786790332],[12.009841605751905,51.52828134296199],[12.01230116828366,51.52763079615048],[12.012192222491922,51.52617953516543],[12.02504530617581,51.526175895501446],[12.0228320000841,51.51615454312386],[12.02643408816635,51.51545878327944],[12.026995604345178,51.511696099399565],[12.029900588099062,51.510706074826864],[12.028728893472948,51.50645956408787],[12.025045942635758,51.50469785333431],[12.03321065896832,51.50202606066598],[12.034593884707848,51.49725683949169],[12.046158368942772,51.496043772286804],[12.043673064118751,51.494159683232205],[12.070080175504007,51.49271364575311],[12.068469074121387,51.49672062540542],[12.072151825761624,51.49751921074264],[12.072299436109706,51.495328762765816],[12.082196456427168,51.497884696811084],[12.081994627880636,51.492030408359476],[12.088502845782942,51.49163328702939],[12.087034963297642,51.48497163792071],[12.072300732000807,51.48627942513152],[12.071827014523574,51.485178364232766],[12.077061250350068,51.48077728736067],[12.082781351242108,51.478721550919175],[12.078516956630455,51.47449470687233],[12.071879756686894,51.47621385722506],[12.070647071318668,51.47473034350042],[12.052928000858865,51.476132044264354],[12.05428333501801,51.46632162085703],[12.053127684270923,51.464836913695066],[12.056270640324291,51.46422398382621],[12.056411085541459,51.45999528237583],[12.050823429228558,51.458332308762145],[12.041568106614502,51.45810296450174],[12.040043507297876,51.448533378758334],[12.033215643211586,51.44608195365585],[12.030808276248722,51.442117913266706],[12.033348456626618,51.437117583528284],[12.025011316827724,51.43709098718778],[12.024329362359667,51.4343282502969],[12.02905134141612,51.4279028408146],[12.020644786727207,51.41965375710515],[12.01235323154498,51.41689055204003],[12.01242084890331,51.415008967112534],[12.010042457841617,51.41532749438339],[12.008372857527977,51.41312626417201],[12.012724405948207,51.41286338496527],[12.019097196198365,51.40891159780636],[12.017004013765332,51.40780498598786],[12.01328203453113,51.40821430222024],[12.014331938459867,51.40541512848853],[12.008971846386602,51.402878118994664],[12.005376685132576,51.40336515184299],[12.006463153458924,51.40534893194354],[12.005175019590357,51.40827076622253],[11.99697173072206,51.407708866908976],[11.990439642286399,51.405481204527774],[11.981747894871145,51.40676990350803],[11.984639900696788,51.40409682685594],[11.983201229357416,51.40320613145583],[11.980955304312857,51.40494418110373],[11.978058746913852,51.40435073841219],[11.976407548215006,51.407143049012454],[11.967803349447255,51.4093924520587],[11.962629746359049,51.40959191224889],[11.956106626115387,51.4071623040617],[11.952917147958637,51.40730975033394],[11.950402168984306,51.410139341052556],[11.954155226219203,51.41370137722269],[11.95198948298794,51.41666165174237],[11.944787364888162,51.4150766558361],[11.941740027759732,51.41656281572708],[11.944527095603549,51.42053292425598],[11.943475858159843,51.42326336694947],[11.945484560806904,51.42443548752533],[11.950700334487825,51.42323745380731],[11.948182808337323,51.41973428323476],[11.949124352830857,51.41759182107628],[11.951916910543137,51.41755339798432],[11.954674066012139,51.4191840398782],[11.951683748080043,51.427031669549564],[11.952340945535603,51.43234164463811],[11.948984694375334,51.43456066254633],[11.928146509277024,51.43944968461772],[11.920715194027629,51.43938669580012],[11.915067282257635,51.442532204501916],[11.915972631403827,51.447146457207026],[11.921486668468724,51.44989644944677],[11.92912641952347,51.45058676355344],[11.93041360830271,51.45168691924252],[11.925924114041868,51.456915454885234],[11.924115115654738,51.456736387780424],[11.923492623167535,51.46124365263102],[11.917577787737457,51.46100553843085],[11.917328083803348,51.46279415011188],[11.91209468741477,51.4652796532941],[11.888318047895657,51.46315097229247],[11.886242056723294,51.4726415651065],[11.87191674311234,51.47464605194018],[11.87182119082824,51.47655178101881],[11.873909849426637,51.47755115715472],[11.86841472926298,51.478662690105594],[11.86417125844349,51.48679251215267],[11.871406147169958,51.4872663637679],[11.863519012331807,51.48909458615578],[11.862876612874947,51.49270126591674],[11.878820951078241,51.49180482933874],[11.874974949410246,51.498007090123394],[11.86778350551474,51.502128490503836],[11.857053039309841,51.514633809999154],[11.869889261861982,51.51612292778815],[11.877541363652417,51.51976792376335],[11.875279819203636,51.52226880575293],[11.876266889661153,51.53112936363761],[11.879554267344005,51.53058704504547],[11.880837987360763,51.53489107740386],[11.896130112724387,51.53484593414907],[11.909090381475734,51.530282654992256],[11.913558747482313,51.52547813777195],[11.918136631567757,51.5247122898625],[11.922092445678189,51.52575340280555],[11.924282228059171,51.53030702537271],[11.938244698717016,51.52930965312167],[11.943909397550959,51.532821680725604],[11.947830584635117,51.53181077637039],[11.946844655852935,51.53028418839267],[11.950282415380405,51.52676862683444],[11.953919943759487,51.532856392378164],[11.9534490196918,51.53610576866464],[11.960256380208,51.53692146597218],[11.961462890847384,51.53901210018031],[11.965965766332074,51.53830206019378],[11.991133700108985,51.5400172944657],[12.000879601418447,51.54368062006802]]]}},{"type":"Feature","id":"15003000","properties":{"ags8":"15003000","county_ags5":"15003","state_code":"15","name_de":"Magdeburg","valid_at":"2026-01-01","source":"BKG_VG250_2026","part_count":1,"simplified_tolerance_m":80},"geometry":{"type":"Polygon","coordinates":[[[11.688668283898801,52.205593739218855],[11.688786075773816,52.19892931469463],[11.704551915034864,52.199470971921635],[11.693666472456096,52.19305840082503],[11.687329781026117,52.18699119415396],[11.69298486705142,52.18265084087531],[11.699382450394658,52.17403880487185],[11.704833629455964,52.17160919125751],[11.710184188050516,52.17090748227757],[11.711233514423187,52.16966446888924],[11.711812281409404,52.16778753090366],[11.704559974932248,52.16720788434063],[11.707463330472061,52.16577435383326],[11.706104557779783,52.15985691918999],[11.712100084780568,52.15974867859981],[11.711536126293904,52.158921364490126],[11.705966914198036,52.15904907939282],[11.704439088067767,52.151858911740995],[11.706723147044377,52.14886095012503],[11.709019002057333,52.14645764846529],[11.71902800950887,52.145674930809356],[11.72407716179504,52.14206103254416],[11.722078000341986,52.140059517229815],[11.723359304905076,52.13497977416656],[11.721897124942682,52.13481333551957],[11.715655154154033,52.123004143308776],[11.714063994958112,52.115445898121905],[11.716354696517598,52.11477489313814],[11.718909900390043,52.104394666118466],[11.721745977387597,52.10013763280674],[11.731399094630149,52.099630655405136],[11.73960261674201,52.1009071215561],[11.745703037589918,52.09988165314758],[11.748724385185833,52.093201512496904],[11.737307844812849,52.09031391362553],[11.739375577633055,52.08538928997496],[11.742577630285387,52.08369397581978],[11.748864318948078,52.08621864656609],[11.750175731986765,52.083875505200474],[11.74552881076057,52.081540732599336],[11.761772243149583,52.07609785057938],[11.763332391238198,52.07647239978165],[11.76394279455543,52.074482872213416],[11.762358385752902,52.07307152158256],[11.753587502574355,52.07366523610103],[11.749489548493353,52.07276363996789],[11.756631191672549,52.06760587001105],[11.75695284494954,52.064993624073566],[11.749063891198258,52.06208979890931],[11.74817132916664,52.0556489593629],[11.745799048392689,52.05322682836635],[11.742511794024221,52.05308120081252],[11.736316551772292,52.05545757461623],[11.73243305777582,52.0543192853019],[11.733511927594007,52.050529783892934],[11.741662814065853,52.04712563432145],[11.732796472633105,52.04462412514587],[11.733519186704036,52.042217322198226],[11.722965182763494,52.03927637011821],[11.71335384348312,52.04481519368796],[11.708517852882547,52.04184632623494],[11.694636912580147,52.0499740419611],[11.680163618374,52.04389157496915],[11.680290247878252,52.04273105631794],[11.674533612983462,52.04188615082381],[11.674494689539333,52.04038361352979],[11.66358628912156,52.037643869194255],[11.664637450652208,52.03583041654544],[11.662043249408159,52.035607876364224],[11.663460173083067,52.03481246457999],[11.659605354029088,52.0344469607587],[11.661627118079023,52.03276980704379],[11.65201235859787,52.02824999319361],[11.650880588549086,52.0290063885473],[11.647188553718255,52.025192342279354],[11.64338290300074,52.03034632556904],[11.637069020258895,52.030118236455785],[11.632704113947172,52.03628009836712],[11.628096134711893,52.03614630185363],[11.623937873801369,52.0454686570766],[11.624338849281592,52.051636041426896],[11.615901205963825,52.050887675045885],[11.615330111203553,52.056544556755426],[11.608420403052882,52.05660897160356],[11.60762001139283,52.058615727452036],[11.603155920105726,52.06007195656833],[11.60262715169358,52.06754094809723],[11.600524392098905,52.06746515879187],[11.599929052264498,52.06973827808999],[11.564099368877965,52.06548056172442],[11.557891368708056,52.06820149839174],[11.554387097951764,52.067983174268036],[11.550057519545458,52.06313737907734],[11.545433732553166,52.06422095219175],[11.543608955974191,52.06211863386519],[11.525154915779394,52.06516613467751],[11.52090444887199,52.067310191724836],[11.52141179550081,52.072334389034545],[11.51853972801344,52.0776933167253],[11.525189866032424,52.07930954438695],[11.531481080967204,52.090148949915346],[11.52927258070265,52.09385617949355],[11.532706932252163,52.09971857700928],[11.531460703629943,52.10400220727573],[11.534108746804737,52.10417720256671],[11.536453702375665,52.1096171239682],[11.535753310706893,52.11459446200159],[11.54030072151433,52.115649760572836],[11.538226231580369,52.11959489040374],[11.540017103853012,52.1268622375895],[11.547562619763655,52.1439456360887],[11.560598439518941,52.142482564530695],[11.560086889388968,52.15024083206247],[11.558141788949342,52.149977423439424],[11.55779702213436,52.15352360449258],[11.552407763993248,52.152308280138655],[11.551820580612711,52.15460612479926],[11.55423970897656,52.15880116580671],[11.560334084322324,52.15798266491263],[11.561097827769796,52.16826698920416],[11.568117146377478,52.16720488918184],[11.56879512737158,52.17500735479697],[11.598042235301133,52.182820155949585],[11.604840221134923,52.180751607126105],[11.627486370800634,52.18697192230656],[11.64751373136703,52.1986895000826],[11.637121427474499,52.22842054114021],[11.658624899199918,52.22811145619104],[11.672256636464905,52.22697500392516],[11.674642060182913,52.22575139437676],[11.675576251256265,52.2211995898975],[11.688668283898801,52.205593739218855]]]}},{"type":"Feature","id":"15081026","properties":{"ags8":"15081026","county_ags5":"15081","state_code":"15","name_de":"Apenburg-Winterfeld","valid_at":"2026-01-01","source":"BKG_VG250_2026","part_count":1,"simplified_tolerance_m":80},"geometry":{"type":"Polygon","coordinates":[[[11.182277689534878,52.78992281065949],[11.183854308372736,52.78247790707038],[11.189644386099665,52.77811116213419],[11.190900511684307,52.77496593213644],[11.195378405890278,52.77385999671435],[11.19709748180489,52.775420294165606],[11.205864675801372,52.77314278086232],[11.206360539518117,52.77093849699413],[11.225253768084437,52.77855978994759],[11.23274390320842,52.77600946752652],[11.23327080482121,52.773745980572194],[11.244409024656159,52.7712863068688],[11.245864822407553,52.76525288972964],[11.241164985578846,52.764319599183835],[11.239700410947695,52.76271002768356],[11.240969702643115,52.757918644695145],[11.238054275998675,52.754600473826045],[11.238321773649275,52.74837649468973],[11.258076938116556,52.74864651591644],[11.269302223085276,52.75327316298551],[11.273707144390816,52.751945086801285],[11.27445837432276,52.74914245730626],[11.276376512806438,52.74846234693069],[11.271950094637392,52.73072254136974],[11.272226010124223,52.72355414296694],[11.264228759984215,52.72183344474605],[11.243495468710563,52.72182763698576],[11.239862822846932,52.720671932408656],[11.240052665376727,52.71065959817875],[11.23544653890116,52.69718266703689],[11.229514295082758,52.69602898282159],[11.213204514866284,52.69729199064454],[11.206572012861244,52.68603546059108],[11.183251693962415,52.687032641223915],[11.171499905398752,52.69180137737388],[11.172165675179295,52.69545207460064],[11.167586392377615,52.69596763715518],[11.170371389543687,52.6974635843045],[11.170634838923315,52.71402542752187],[11.164794819131915,52.72895671559224],[11.162900068339559,52.73014713703362],[11.163587381155509,52.736309999688885],[11.168223585250997,52.739899451979305],[11.168159874744335,52.741581272916505],[11.161895387159705,52.745751884338354],[11.145729205522667,52.74378000102798],[11.142572726301209,52.74236933607096],[11.139261374173739,52.75552153851057],[11.147933736108804,52.76781362688901],[11.16132571698287,52.76729914554958],[11.160374063190709,52.77109103853743],[11.1530347584583,52.77308974175644],[11.155528170280762,52.778309394647955],[11.15680287873351,52.778275521811274],[11.157295681634361,52.782534855564776],[11.159161776546641,52.78237186990012],[11.15929747762279,52.786534218926235],[11.162201133295504,52.78532252386288],[11.170251357918861,52.78613249669825],[11.169522740788462,52.78797978781766],[11.182277689534878,52.78992281065949]]]}},{"type":"Feature","id":"15081030","properties":{"ags8":"15081030","county_ags5":"15081","state_code":"15","name_de":"Arendsee (Altmark)","valid_at":"2026-01-01","source":"BKG_VG250_2026","part_count":1,"simplified_tolerance_m":80},"geometry":{"type":"Polygon","coordinates":[[[11.510088351415623,52.93404819855847],[11.517708305709142,52.928236542683756],[11.519079472005293,52.93105106143181],[11.533870447060012,52.925121711301095],[11.540471214115339,52.92458965279567],[11.550319292315804,52.92174758057548],[11.55183564730747,52.9243509051466],[11.55748122663448,52.92762337100112],[11.54459429621257,52.933924888155104],[11.544349022133721,52.935518429766184],[11.54743537215404,52.93640001114763],[11.552655792349043,52.93501528118858],[11.560446008085465,52.93594566572923],[11.55977752576622,52.933024567699825],[11.568392117119336,52.93030596226825],[11.571923391802533,52.9212972600433],[11.57664007347269,52.91678924349033],[11.59355270508265,52.90913591924429],[11.601649645287479,52.90279710826589],[11.60817345515507,52.90083163322779],[11.622875552762615,52.90183867413055],[11.633415019019104,52.90012344266551],[11.636916271922438,52.89847124389624],[11.637221163424595,52.8970207500044],[11.625614522924153,52.884918182271655],[11.616922698036708,52.884485842211824],[11.61320229175983,52.88193937987111],[11.625394719380106,52.876477084301264],[11.632150373403972,52.861340552137214],[11.631199442959204,52.858570642015174],[11.626070380390885,52.85596774610293],[11.606429102018287,52.854815961775195],[11.592738532156094,52.85666969126394],[11.584128137432097,52.85324006878037],[11.575590183509888,52.85213806035211],[11.572050049763726,52.84781958831483],[11.55383227676048,52.85113843587675],[11.535414078763234,52.85225342280391],[11.527547390040384,52.84220458618914],[11.512773901237225,52.84035052989082],[11.491060999336847,52.84021498365958],[11.478332146510308,52.84210754585308],[11.468816532156348,52.841572408486975],[11.469530178584229,52.83752047653166],[11.474705273367038,52.83245269752992],[11.475907986372842,52.8270390201735],[11.478683643114463,52.82541876681805],[11.478810137371184,52.815892845093586],[11.481952301987267,52.814356837641505],[11.50288265488606,52.81291714009513],[11.516093403873976,52.81467822393699],[11.530623182409832,52.81469956385192],[11.540319458440123,52.798395341112375],[11.528785001871793,52.79533697034877],[11.522413550613054,52.790661601314014],[11.51356050112037,52.78690024424363],[11.50452686712549,52.786135224479544],[11.506175016253978,52.78146130010887],[11.508370282706839,52.78137168998629],[11.506185999497848,52.77322789902816],[11.493568899632068,52.777449322393],[11.486820141132476,52.77562348116071],[11.459064205754977,52.772919872388485],[11.455486837136526,52.77332231120919],[11.455035945497192,52.774422888906464],[11.441467957379198,52.773674769711135],[11.430809395510153,52.77519578462655],[11.42459926629217,52.77299080783024],[11.42124444057586,52.771626936366175],[11.429553133020745,52.76605774113165],[11.428548583934198,52.764890316971645],[11.39714901664588,52.74488572446017],[11.375707169935428,52.7355702395091],[11.361835065345344,52.74467245538086],[11.344878848766117,52.74830079429258],[11.334122691049412,52.766637916437226],[11.333862600103787,52.77175607158959],[11.329905354027817,52.771828184709904],[11.329169033341849,52.77767790332892],[11.32609049725531,52.78278826378677],[11.311619174300246,52.788631696444675],[11.316251596965596,52.807601549214645],[11.32914725584752,52.80989001587638],[11.335833526595762,52.81504003657],[11.341074788281079,52.81605846271901],[11.338871530469666,52.82046532585293],[11.339778980878503,52.824541417390016],[11.344774672814358,52.828103362998505],[11.34067467417462,52.8358195480931],[11.314968388563715,52.841209837700674],[11.314246915291552,52.85291243590707],[11.316221898116318,52.857745496678724],[11.316383587102786,52.87384773261505],[11.314250103087943,52.878236317923424],[11.33686341091337,52.886361346341246],[11.337184151569348,52.888357422415716],[11.347676782581193,52.88854087314234],[11.354534898167774,52.890363016013694],[11.363051235765983,52.89433530860885],[11.3634422767434,52.89586559339606],[11.374693843017706,52.90023577506341],[11.386110623399434,52.90233795470616],[11.38477818929943,52.903578428641055],[11.392461714407442,52.9016801109286],[11.39770053250408,52.90338582779077],[11.40657780086088,52.904102198500226],[11.423742571972072,52.91647068335357],[11.426075469617242,52.919923500458786],[11.432890608215821,52.91974981637687],[11.454444417880987,52.93339689993707],[11.470061657088067,52.938925627455255],[11.482080332955867,52.939685632848075],[11.491763317129166,52.941633920820365],[11.505026759491376,52.94103266705767],[11.510088351415623,52.93404819855847]]]}},{"type":"Feature","id":"15081045","properties":{"ags8":"15081045","county_ags5":"15081","state_code":"15","name_de":"Beetzendorf","valid_at":"2026-01-01","source":"BKG_VG250_2026","part_count":1,"simplified_tolerance_m":80},"geometry":{"type":"Polygon","coordinates":[[[11.104798546925888,52.75839592030495],[11.122753814939099,52.75462739574113],[11.122701180665944,52.75616524366133],[11.140172752129866,52.757033243461386],[11.142572726301209,52.74236933607096],[11.145729205522667,52.74378000102798],[11.161895387159705,52.745751884338354],[11.168605790306135,52.74068862324983],[11.163587381155509,52.736309999688885],[11.162900068339559,52.73014713703362],[11.165860264955128,52.72656915332175],[11.171693498957897,52.70762625186409],[11.170371389543687,52.6974635843045],[11.165668535126887,52.69474696039957],[11.166472284443604,52.691082756161364],[11.163448727356291,52.67981424901561],[11.147687634329207,52.67340731542479],[11.145801473237697,52.67084563521235],[11.14986740225398,52.660536751429724],[11.142359404841228,52.659839502830714],[11.141299135980766,52.66427830335125],[11.136461588100717,52.66419595253213],[11.136555189545492,52.662459960471374],[11.124266869681286,52.662586964807566],[11.123056598620336,52.659580811526176],[11.12982328053396,52.65807102887839],[11.134567298074733,52.65473707352768],[11.150226686622409,52.65473480491346],[11.141155871939516,52.64810196948049],[11.125283565023055,52.65068496453323],[11.12135016439351,52.65278245932142],[11.116195678604461,52.64677501978378],[11.113997826994275,52.646533815209324],[11.093626777596592,52.65284981862356],[11.09441608501744,52.66242957048924],[11.091152257532832,52.66475862873197],[11.088635766434484,52.67021115573859],[11.082190443995895,52.67184103165286],[11.078947683659003,52.669263299425424],[11.077552882652407,52.66429748826026],[11.080398437773747,52.66042958774097],[11.076103210363643,52.655049365899714],[11.071964099746145,52.65261844612493],[11.070040270379668,52.65208031669606],[11.070579744188915,52.662492501569936],[11.062890812938733,52.65909352781894],[11.047334591897304,52.659123207600494],[11.046087539907829,52.65761857946123],[11.047592870534423,52.656019870121334],[11.037879413357404,52.65254227575967],[11.037083970347505,52.64885330852698],[11.025634507589247,52.64922720163554],[11.023721734745031,52.64563737463252],[11.024114435329667,52.64130141900573],[11.032680700202963,52.63818861995404],[11.034365490254435,52.62950362308816],[11.031347437338805,52.62549736341266],[11.010332650686601,52.620165573856504],[11.00307603900378,52.62262393812651],[11.003214240977691,52.62702959592162],[11.000919589440565,52.62666145367556],[10.992506673532597,52.62893511671247],[10.976967998150005,52.624141616816416],[10.971981010040636,52.62485360666292],[10.96238516995319,52.63145506017982],[10.950302291071859,52.63649137023922],[10.944816969597476,52.64226668225614],[10.943267116416868,52.64697527328543],[10.96473640131167,52.64723634693424],[10.965790294801435,52.6518992143775],[10.973110956914455,52.65205962403601],[10.973735516616593,52.65518643934264],[10.977256566450945,52.65535243497296],[10.982319076945481,52.659963284966615],[10.984383725602711,52.673083447429626],[10.997047904248625,52.67189008213121],[11.00846030100432,52.66864147246769],[11.012534293067834,52.67306635677875],[11.011495884906992,52.67927525509492],[11.013969408909135,52.6795165482589],[11.01798284174017,52.68496656962288],[11.025536133778765,52.68681332379612],[11.036225273561001,52.68479717751925],[11.046194319853115,52.68689268369184],[11.048694511524413,52.689255259533404],[11.049493235463311,52.6952402907287],[11.053074365486196,52.69639293251771],[11.051536337921254,52.69889072050464],[11.045257787256434,52.69809518251361],[11.044355650750616,52.70119209809126],[11.053657408114152,52.70279149910535],[11.05543445998425,52.70646207586124],[11.062407492311243,52.70549569401522],[11.061218610694663,52.709069878410176],[11.064524590305925,52.710303540117074],[11.064014608317944,52.711835522366265],[11.073347402459213,52.719156021601606],[11.080572037306935,52.72090045115332],[11.082353220804025,52.726153649121926],[11.085685427290295,52.72952749072945],[11.087016200386199,52.736112020929916],[11.094796343012494,52.73612157449728],[11.095208222300409,52.73784285837468],[11.099618996442278,52.73693148656613],[11.098554174830852,52.73927460961776],[11.09616494625715,52.73958506603938],[11.099944985254401,52.752870327098094],[11.104798546925888,52.75839592030495]]]}},{"type":"Feature","id":"15081095","properties":{"ags8":"15081095","county_ags5":"15081","state_code":"15","name_de":"Dähre","valid_at":"2026-01-01","source":"BKG_VG250_2026","part_count":1,"simplified_tolerance_m":80},"geometry":{"type":"Polygon","coordinates":[[[10.900146520839792,52.854916723621706],[10.906394877783583,52.85489597970333],[10.905698415488914,52.84227785511583],[10.912074239444983,52.831655985145964],[10.939931442034858,52.832385413614595],[10.941583577538879,52.83131847025628],[10.944742817805016,52.81765843285836],[10.940318008800002,52.81851413212843],[10.932885258613085,52.81558716345595],[10.933463197102316,52.809966839483785],[10.927547269827619,52.80734441713109],[10.923776409149122,52.807114883283795],[10.923449812107377,52.80398615928482],[10.921462465554399,52.804047949815775],[10.921552716959086,52.79847363510133],[10.921708134128968,52.79394992531374],[10.926333587735561,52.790597987354204],[10.925274461323049,52.78685232867293],[10.928252127638281,52.783425143438954],[10.935225536750936,52.78075685775501],[10.948017980728682,52.76849993179989],[10.94673273386197,52.765987067513464],[10.944374796172719,52.76588783669673],[10.943597785631562,52.76228510271625],[10.93230879470147,52.76133682920221],[10.928826379189822,52.75679051440551],[10.925803929682383,52.75533555567916],[10.923003751965648,52.758546335089925],[10.919349739947807,52.768728369936966],[10.912923367929185,52.77113315428139],[10.911326998290408,52.770041628960755],[10.908430864062286,52.772208290374095],[10.910354745960046,52.775547658075716],[10.90719872372839,52.77577409135648],[10.907547960824822,52.77991793679355],[10.893125345694333,52.77714226855113],[10.883674144757377,52.779860954835044],[10.878976662437186,52.778473078295704],[10.876648233903252,52.78017070423743],[10.872703150217475,52.77830370523102],[10.859786969698334,52.77813591698949],[10.854929658390816,52.791942867636735],[10.857471442075909,52.79262772921838],[10.855692831373752,52.800221547748826],[10.851564102129348,52.80087603299493],[10.837994106826484,52.79816820867385],[10.833467560262873,52.79788402637517],[10.833073364938544,52.79873028174413],[10.825231077852866,52.79739388957713],[10.798525062940893,52.796644350766734],[10.792655750240344,52.79059858170947],[10.767664751576598,52.783229549374255],[10.762923996451109,52.784004176551605],[10.757986131687634,52.78149723096027],[10.755377066812716,52.78680758666522],[10.761743760440359,52.802726387714884],[10.756855031432444,52.81938831950333],[10.766654543560627,52.82619310125515],[10.76614343757547,52.8289617112637],[10.763985773412392,52.83020803611647],[10.771728831324229,52.83394567357797],[10.764697233466848,52.84047926728033],[10.766691502800612,52.842192359360205],[10.79614705351553,52.843641876237726],[10.80055300489774,52.85029181121095],[10.824273763350432,52.84726978386009],[10.834774625148597,52.847475055692996],[10.841555870855704,52.85220486157788],[10.848265683139976,52.85142515913327],[10.852521778629136,52.8529591280562],[10.860370625546226,52.85165152004872],[10.859205403432982,52.8533439500934],[10.866102062362032,52.855725987645116],[10.874172385622352,52.852704055790426],[10.876841916092113,52.84774779782969],[10.88468358070794,52.845796340393456],[10.890617388431696,52.84589634187949],[10.892875387524656,52.84798245226973],[10.895667013487559,52.856372759387],[10.900146520839792,52.854916723621706]]]}},{"type":"Feature","id":"15081105","properties":{"ags8":"15081105","county_ags5":"15081","state_code":"15","name_de":"Diesdorf","valid_at":"2026-01-01","source":"BKG_VG250_2026","part_count":1,"simplified_tolerance_m":80},"geometry":{"type":"Polygon","coordinates":[[[10.848862486883656,52.80073158034896],[10.855692831373752,52.800221547748826],[10.857471442075909,52.79262772921838],[10.854929658390816,52.791942867636735],[10.859786969698334,52.77813591698949],[10.872703150217475,52.77830370523102],[10.876648233903252,52.78017070423743],[10.878976662437186,52.778473078295704],[10.883674144757377,52.779860954835044],[10.893125345694333,52.77714226855113],[10.907547960824822,52.77991793679355],[10.90719872372839,52.77577409135648],[10.910354745960046,52.775547658075716],[10.908430864062286,52.772208290374095],[10.911326998290408,52.770041628960755],[10.912923367929185,52.77113315428139],[10.919349739947807,52.768728369936966],[10.923003751965648,52.758546335089925],[10.925803929682383,52.75533555567916],[10.928826379189822,52.75679051440551],[10.93230879470147,52.76133682920221],[10.943597785631562,52.76228510271625],[10.944374796172719,52.76588783669673],[10.94673273386197,52.765987067513464],[10.948017980728682,52.76849993179989],[10.964795499921422,52.76671939662847],[10.963124701231653,52.76285046274988],[10.969870017158833,52.76013604230067],[10.972125407871381,52.75617100569659],[10.969376371978514,52.75125431344764],[10.979300769003647,52.74948908273708],[10.992185327840405,52.74191486226301],[11.005879240515664,52.73097428505406],[11.007526723670523,52.72593566664269],[10.99281138517599,52.72636228178653],[10.99279361819437,52.72475283356581],[10.97759032813432,52.7239775124945],[10.979157805270512,52.71961931594504],[10.976023475848589,52.717311803258326],[10.976104976318904,52.71523438280922],[10.973686232244825,52.714740329885544],[10.970257634355168,52.705519110406854],[10.96621690119809,52.70557969937013],[10.96699674761419,52.70229467222314],[10.95573240545651,52.70346684049869],[10.94770221886814,52.7016032686286],[10.947623273272987,52.70554198045012],[10.941278159309014,52.7076064164563],[10.929414036682111,52.705446091933304],[10.928101060472963,52.726636407938756],[10.924542944329762,52.72716932419584],[10.916190562455009,52.725669730031285],[10.912023072576087,52.72824660468232],[10.895290486767882,52.723662674572005],[10.884691556060796,52.72248293104985],[10.874150721779808,52.72286663175095],[10.877183146621771,52.7084345246555],[10.870137377999216,52.70678380623652],[10.868381579684126,52.70928886756408],[10.859489400930821,52.709963003592605],[10.855233559989253,52.70724207842924],[10.83355937779815,52.70355873557936],[10.836158917249383,52.70770144624881],[10.828522368324391,52.71711441954654],[10.82446006706012,52.71797463594916],[10.803425526908404,52.71387232527682],[10.7966967740602,52.714326355950966],[10.793282401340882,52.72996828089723],[10.788176140819411,52.73317231450023],[10.790635631939468,52.738130785902285],[10.79166584805266,52.74819657830072],[10.787645075982551,52.75296712953344],[10.776207966249288,52.7547888400728],[10.775482893085101,52.762361121375115],[10.769609376275088,52.76888200554686],[10.768232949445752,52.76848015541322],[10.757986131687634,52.78149723096027],[10.762923996451109,52.784004176551605],[10.767664751576598,52.783229549374255],[10.792655750240344,52.79059858170947],[10.798525062940893,52.796644350766734],[10.825231077852866,52.79739388957713],[10.833073364938544,52.79873028174413],[10.833467560262873,52.79788402637517],[10.837994106826484,52.79816820867385],[10.848862486883656,52.80073158034896]]]}},{"type":"Feature","id":"15081135","properties":{"ags8":"15081135","county_ags5":"15081","state_code":"15","name_de":"Gardelegen","valid_at":"2026-01-01","source":"BKG_VG250_2026","part_count":1,"simplified_tolerance_m":80},"geometry":{"type":"Polygon","coordinates":[[[11.41543764320952,52.63455566470947],[11.404413744952466,52.62897585045486],[11.397186408374063,52.622938977434025],[11.398322198230531,52.61984238951038],[11.415339678965895,52.61847738499771],[11.413710701197944,52.61681464723378],[11.418417644138744,52.61434051728233],[11.42069834026358,52.610810591419096],[11.43785203558323,52.61091243157671],[11.437795132837286,52.615666843462094],[11.441387963530344,52.615496135383694],[11.441207217194817,52.61239714212946],[11.447741423273222,52.61259785110693],[11.4522524792911,52.611447248912214],[11.450978720391001,52.6069266113138],[11.457191423157123,52.605021604649515],[11.45958757337055,52.60667552667661],[11.463352418352938,52.60618610801682],[11.464073893600785,52.60447454580296],[11.468859575282055,52.605388809787385],[11.471303947347963,52.60911924925042],[11.486691846179678,52.60687216988332],[11.486926239324175,52.60221986506917],[11.490726856163676,52.60266462702877],[11.493206427221185,52.60345325958581],[11.493245205576844,52.607295082097075],[11.506676216750078,52.60809217477833],[11.509388482093552,52.6104526915798],[11.516764494907143,52.611937626431065],[11.5231440309723,52.61569680176749],[11.52470446882352,52.61480225799697],[11.53206496019493,52.61491945475393],[11.537233679273752,52.616089244042946],[11.536464093715528,52.61730991015885],[11.550869004463884,52.61599837256966],[11.553847155125673,52.61447058328296],[11.559888812856531,52.61379719835675],[11.58869781054227,52.61617596450343],[11.588912041366775,52.605661007628804],[11.591028486106119,52.60590364571127],[11.591316730134675,52.604901670265356],[11.591054450178591,52.6037619013228],[11.587653884227054,52.6037449873637],[11.587580713627345,52.60097604909461],[11.589194963759251,52.60050464294152],[11.585948288530252,52.599410778771144],[11.581241380542286,52.60232152499883],[11.579316209391456,52.601502379903046],[11.581141274220984,52.59817655190506],[11.584485526696897,52.59710156925001],[11.587154567265529,52.59372727716167],[11.586638213613597,52.591771241171024],[11.58329614537338,52.590766148568406],[11.579628283421325,52.59183723958249],[11.577297708770358,52.58939933681019],[11.578493391450422,52.58696766727123],[11.589067562233549,52.585226958660165],[11.580851000089002,52.56657667584939],[11.578979679115369,52.55689852548887],[11.571282296875482,52.54723621470132],[11.574190806777665,52.534403579056615],[11.568959160488824,52.524674070209464],[11.575840358199374,52.521402133179315],[11.590536945369278,52.52005591860771],[11.586077737393852,52.49786374797071],[11.59006979563664,52.48809640773287],[11.605163858937091,52.49377786123247],[11.562372269201775,52.41022096864328],[11.446673409597464,52.38677920063859],[11.443244443479905,52.399910486105604],[11.455097404982737,52.40068031676732],[11.451427166044965,52.40790462512054],[11.405566251471356,52.425312396723754],[11.388908260150876,52.42181375994935],[11.382031382240761,52.43058555640983],[11.37233419179381,52.4297838776408],[11.35557291072474,52.425225704654345],[11.351903081513035,52.427778589810224],[11.349050508265456,52.426128581265395],[11.347684502755943,52.42251329939064],[11.343887494827436,52.42399698963657],[11.344876927941671,52.42588515044491],[11.339233648335028,52.42765167762465],[11.336833599239707,52.42440602649341],[11.321507205144107,52.42457464499224],[11.321430644637276,52.43079710740281],[11.30988566592298,52.44039367996656],[11.30645182940685,52.43998842358451],[11.307467727790286,52.43905957065196],[11.294947280202294,52.438405473871846],[11.287412390207196,52.43419205463429],[11.285701250993423,52.4353547237094],[11.278888310861314,52.432573295258194],[11.280912871242924,52.429916917261934],[11.270549864363561,52.42993035310841],[11.26505516969643,52.43213288487884],[11.262387870311299,52.43102561926236],[11.26038108613708,52.43329571321777],[11.24408201893018,52.437396188527416],[11.232422935633963,52.43632555195008],[11.232165704848565,52.43487559434576],[11.210033932086922,52.43828004103884],[11.148310758952618,52.43385295773159],[11.130687305489598,52.440448883404635],[11.11764735411589,52.447536658097846],[11.105250196624986,52.44975275103642],[11.090441320662622,52.45526726571515],[11.09502812573979,52.45813152106121],[11.077281620972936,52.47024188869813],[11.072476210360366,52.47911411349738],[11.072267160962003,52.485823982844835],[11.063631707737088,52.49262750569619],[11.061508350523937,52.50190925128376],[11.05648245767077,52.50644331047538],[11.051107427971468,52.50827560273309],[11.054536398356325,52.5137043639319],[11.06224622416253,52.517652437921484],[11.069471447592248,52.524542524919866],[11.077993984159567,52.530159129750984],[11.088743992939202,52.53467550155082],[11.092807304311963,52.54084268350188],[11.113982167381222,52.54692381754019],[11.12703482610817,52.542540091463565],[11.152556876456334,52.52765627052158],[11.157758400273144,52.52767707621402],[11.157776424957003,52.52465037998667],[11.169872310609696,52.52500728778822],[11.169597269169051,52.52626040065822],[11.173511903104185,52.5268215825941],[11.173054419025856,52.53563726065391],[11.170447013134353,52.53803117467499],[11.171128883155935,52.54265416630442],[11.178700652440147,52.551082436363686],[11.19134968029842,52.55432897742142],[11.191567739942966,52.557942862085554],[11.199630866229388,52.5612147375195],[11.202205785575304,52.56074114261662],[11.206886983896256,52.57031815891254],[11.20454728413839,52.57827247534012],[11.206451485618485,52.582011326146365],[11.21858826498169,52.586705842898944],[11.230033669119459,52.582347621925],[11.233753107218467,52.584995923692574],[11.237595988737265,52.5852512798673],[11.249308596939477,52.5828769904818],[11.251731457936247,52.58121624266163],[11.25941557369069,52.58078145097513],[11.259276905531419,52.579568291951325],[11.28157721380877,52.574165118349065],[11.284013104621671,52.58262059866033],[11.287321392427366,52.58605231563742],[11.278948048275431,52.596133598504295],[11.273567758904752,52.6061141468777],[11.27438353802358,52.609723981864505],[11.272027637280239,52.61281438833495],[11.271711533239452,52.62010961128105],[11.267655846113547,52.62744643203358],[11.273627732156962,52.631805713103795],[11.300853152949923,52.62031562452659],[11.306200622559222,52.61941676185389],[11.307481225122682,52.620784087790376],[11.310188993606042,52.62099077623033],[11.311464715882313,52.61800563752973],[11.316616856914038,52.616954745281774],[11.3170654460213,52.60915502185521],[11.321852862368802,52.60600205345301],[11.329893009101308,52.60545246972718],[11.331630969793231,52.60279663398139],[11.33839687615759,52.60285776488999],[11.338004234596099,52.603975597822505],[11.3508077889067,52.60228535172731],[11.370438237690076,52.60799943811965],[11.371016620913316,52.606814046770786],[11.375398612774097,52.60640726860497],[11.37298047749525,52.608936108696014],[11.380510910254475,52.60789393322408],[11.381864833640657,52.610158075173615],[11.384174248276903,52.61009430375392],[11.384799560964758,52.61250440316743],[11.380695538096393,52.61326520145314],[11.39051471931794,52.6173768373505],[11.389212586245499,52.62248533932201],[11.392658476327238,52.624852005614976],[11.396627662541059,52.63192688910225],[11.399907914103167,52.63114711578311],[11.402314846073784,52.633970872065156],[11.40832252869808,52.63211832500898],[11.413887568114875,52.63611410986838],[11.409143510630782,52.637606711911936],[11.410683752230538,52.63847640227975],[11.416383282668914,52.63680886544183],[11.41543764320952,52.63455566470947]]]}},{"type":"Feature","id":"15081225","properties":{"ags8":"15081225","county_ags5":"15081","state_code":"15","name_de":"Jübar","valid_at":"2026-01-01","source":"BKG_VG250_2026","part_count":1,"simplified_tolerance_m":80},"geometry":{"type":"MultiPolygon","coordinates":[[[[10.962626770377424,52.533489433224496],[10.957870943878294,52.53688914491088],[10.961521419482429,52.538368853080655],[10.96171975096055,52.54000575300168],[10.965607844679282,52.53693678915842],[10.962626770377424,52.533489433224496]]],[[[10.916190562455009,52.725669730031285],[10.924542944329762,52.72716932419584],[10.928101060472963,52.726636407938756],[10.929414036682111,52.705446091933304],[10.941278159309014,52.7076064164563],[10.947623273272987,52.70554198045012],[10.94770221886814,52.7016032686286],[10.95753533280072,52.70348176073245],[10.973359483421564,52.700678398039344],[10.973833047398145,52.699273813865474],[10.966378071022682,52.69833164771651],[10.969063700141106,52.69473350802496],[10.97750711507934,52.695428831732784],[10.977409765423072,52.69462893687656],[10.971352952082123,52.694284010650755],[10.971925886256589,52.68967791939146],[10.969894158606262,52.689263205577205],[10.972534722995052,52.684280379445326],[10.978152467366217,52.6852024645537],[10.978257847550648,52.68951818037349],[10.982076408986543,52.689574963471514],[10.983254301995741,52.68765498213762],[10.980463469905224,52.68820561232845],[10.98275925304539,52.68018463494382],[10.980065455969227,52.67457535395328],[10.984383725602711,52.673083447429626],[10.982319076945481,52.659963284966615],[10.977256566450945,52.65535243497296],[10.973735516616593,52.65518643934264],[10.973110956914455,52.65205962403601],[10.965790294801435,52.6518992143775],[10.96473640131167,52.64723634693424],[10.943267116416868,52.64697527328543],[10.944816969597476,52.64226668225614],[10.950302291071859,52.63649137023922],[10.96238516995319,52.63145506017982],[10.9685826688552,52.62629660621863],[10.945605446614577,52.620214274101926],[10.943846474358269,52.61506018792907],[10.930323354698645,52.61142019558413],[10.927103764640401,52.60923056283836],[10.92138840266528,52.60987063560089],[10.925026271561254,52.61459685372735],[10.915052851654574,52.61763495889022],[10.91310319359664,52.624098088479876],[10.904377967959231,52.627466780695165],[10.902100918780878,52.635759881756286],[10.89867257040816,52.63842536728738],[10.896868342048323,52.642708689102534],[10.883550955629019,52.65102081671602],[10.87902680740154,52.65599645512714],[10.87775884989912,52.66383247758043],[10.866021571626261,52.67198130904399],[10.859371529359235,52.674840723541465],[10.858058117969115,52.67749696560306],[10.84984477235352,52.68413588104752],[10.846091733268794,52.690137635932324],[10.837864588809962,52.69549658020034],[10.837636306563004,52.6973641036885],[10.833128894786624,52.70093894638359],[10.83355937779815,52.70355873557936],[10.855233559989253,52.70724207842924],[10.859489400930821,52.709963003592605],[10.868381579684126,52.70928886756408],[10.870137377999216,52.70678380623652],[10.877183146621771,52.7084345246555],[10.874150721779808,52.72286663175095],[10.884691556060796,52.72248293104985],[10.895290486767882,52.723662674572005],[10.912023072576087,52.72824660468232],[10.916190562455009,52.725669730031285]]]]}},{"type":"Feature","id":"15081240","properties":{"ags8":"15081240","county_ags5":"15081","state_code":"15","name_de":"Kalbe (Milde)","valid_at":"2026-01-01","source":"BKG_VG250_2026","part_count":1,"simplified_tolerance_m":80},"geometry":{"type":"Polygon","coordinates":[[[11.506185999497848,52.77322789902816],[11.510756988359303,52.768931164263144],[11.520581886404948,52.77091244857407],[11.527404242386147,52.76972181073179],[11.533731380140514,52.77020755163286],[11.542624665297089,52.77264020469762],[11.553520156738461,52.767519374724834],[11.562651611699227,52.76623470960129],[11.553989507740374,52.75601421342933],[11.542935217039771,52.751685653355665],[11.539234664360425,52.748696038588385],[11.529896112216644,52.7473010402507],[11.522526407630817,52.74256157703179],[11.521703352124485,52.7383241486708],[11.523337300948986,52.73463248935938],[11.52100552240938,52.735020853022064],[11.522039195266158,52.73228745224677],[11.520302155222216,52.72563874465968],[11.523304349518005,52.72091937190463],[11.521773423758248,52.716795777584366],[11.523399985009366,52.71281636259346],[11.51624774305125,52.70303882321741],[11.48527245329241,52.68781361062717],[11.483532502003387,52.690989352784015],[11.473987035408667,52.68741009066505],[11.476737665823771,52.68141114858728],[11.478488285915708,52.680967576601155],[11.473822165075246,52.67529493025872],[11.47400982404013,52.673439330128836],[11.476780585692142,52.67169180838085],[11.480618683070919,52.67183312109577],[11.48302612127721,52.66932130980607],[11.490796222019979,52.65207961978487],[11.479730181863337,52.65122775659023],[11.474780171025298,52.64962109833387],[11.47122742841603,52.64644027650721],[11.466848834880674,52.64606363440872],[11.465175550095486,52.64398775047804],[11.460602778016257,52.64257735129428],[11.454739644193845,52.64424250142316],[11.456917719646514,52.63962997326782],[11.454922009311318,52.63824288342363],[11.436679248497386,52.63675795388878],[11.421076357325001,52.637075715120766],[11.42477278338398,52.642128380831046],[11.423466363051544,52.64257901208387],[11.416383282668914,52.63680886544183],[11.410683752230538,52.63847640227975],[11.409143510630782,52.637606711911936],[11.413887568114875,52.63611410986838],[11.40832252869808,52.63211832500898],[11.402314846073784,52.633970872065156],[11.399907914103167,52.63114711578311],[11.396627662541059,52.63192688910225],[11.392658476327238,52.624852005614976],[11.389212586245499,52.62248533932201],[11.39051471931794,52.6173768373505],[11.380695538096393,52.61326520145314],[11.384799560964758,52.61250440316743],[11.384174248276903,52.61009430375392],[11.381864833640657,52.610158075173615],[11.380510910254475,52.60789393322408],[11.37298047749525,52.608936108696014],[11.375398612774097,52.60640726860497],[11.371016620913316,52.606814046770786],[11.370438237690076,52.60799943811965],[11.351339782879919,52.60229958812172],[11.345254634475532,52.60230636236868],[11.343461532916045,52.603559907962676],[11.338004234596099,52.603975597822505],[11.33839687615759,52.60285776488999],[11.331630969793231,52.60279663398139],[11.329893009101308,52.60545246972718],[11.321852862368802,52.60600205345301],[11.3170654460213,52.60915502185521],[11.316616856914038,52.616954745281774],[11.311464715882313,52.61800563752973],[11.310188993606042,52.62099077623033],[11.307481225122682,52.620784087790376],[11.306200622559222,52.61941676185389],[11.300853152949923,52.62031562452659],[11.273627732156962,52.631805713103795],[11.267655846113547,52.62744643203358],[11.259440616315755,52.63101443467732],[11.256372161496692,52.62697803730883],[11.235276971386725,52.63149088657494],[11.231305376772683,52.63762660240184],[11.23597644616424,52.65560109733189],[11.248456012779661,52.6573049845298],[11.246110787049954,52.67344421235274],[11.222023372499699,52.67705093885051],[11.222828317182925,52.68748609401291],[11.227402542594056,52.69620823636101],[11.23544653890116,52.69718266703689],[11.240052665376727,52.71065959817875],[11.239862822846932,52.720671932408656],[11.243495468710563,52.72182763698576],[11.264228759984215,52.72183344474605],[11.272226010124223,52.72355414296694],[11.271950094637392,52.73072254136974],[11.276376512806438,52.74846234693069],[11.27445837432276,52.74914245730626],[11.273707144390816,52.751945086801285],[11.269302223085276,52.75327316298551],[11.258076938116556,52.74864651591644],[11.238321773649275,52.74837649468973],[11.238054275998675,52.754600473826045],[11.240969702643115,52.757918644695145],[11.239700410947695,52.76271002768356],[11.241164985578846,52.764319599183835],[11.245864822407553,52.76525288972964],[11.245026051865274,52.76739808578785],[11.262858980883422,52.765605711260136],[11.278288549713459,52.7603822895902],[11.282171704011976,52.7637472113018],[11.284413440085778,52.77068338665568],[11.297947609510166,52.76975882208503],[11.298180386857823,52.771996247136144],[11.314724366347122,52.768098692453854],[11.322444866688919,52.76816075560516],[11.329110311730823,52.768938251508054],[11.329905354027817,52.771828184709904],[11.333862600103787,52.77175607158959],[11.334122691049412,52.766637916437226],[11.344878848766117,52.74830079429258],[11.361835065345344,52.74467245538086],[11.375707169935428,52.7355702395091],[11.39714901664588,52.74488572446017],[11.428548583934198,52.764890316971645],[11.429553133020745,52.76605774113165],[11.42124444057586,52.771626936366175],[11.430809395510153,52.77519578462655],[11.441467957379198,52.773674769711135],[11.455035945497192,52.774422888906464],[11.455486837136526,52.77332231120919],[11.459064205754977,52.772919872388485],[11.486820141132476,52.77562348116071],[11.493568899632068,52.777449322393],[11.506185999497848,52.77322789902816]]]}},{"type":"Feature","id":"15081280","properties":{"ags8":"15081280","county_ags5":"15081","state_code":"15","name_de":"Klötze","valid_at":"2026-01-01","source":"BKG_VG250_2026","part_count":1,"simplified_tolerance_m":80},"geometry":{"type":"Polygon","coordinates":[[[11.213204514866284,52.69729199064454],[11.227402542594056,52.69620823636101],[11.222828317182925,52.68748609401291],[11.222023372499699,52.67705093885051],[11.246110787049954,52.67344421235274],[11.248456012779661,52.6573049845298],[11.23597644616424,52.65560109733189],[11.231430148888997,52.640737241224635],[11.231634654588886,52.63606891034243],[11.235276971386725,52.63149088657494],[11.256372161496692,52.62697803730883],[11.259440616315755,52.63101443467732],[11.267655846113547,52.62744643203358],[11.271711533239452,52.62010961128105],[11.272027637280239,52.61281438833495],[11.27438353802358,52.609723981864505],[11.273567758904752,52.6061141468777],[11.278948048275431,52.596133598504295],[11.287321392427366,52.58605231563742],[11.284013104621671,52.58262059866033],[11.28157721380877,52.574165118349065],[11.259276905531419,52.579568291951325],[11.25941557369069,52.58078145097513],[11.251731457936247,52.58121624266163],[11.249308596939477,52.5828769904818],[11.237595988737265,52.5852512798673],[11.233753107218467,52.584995923692574],[11.230033669119459,52.582347621925],[11.21858826498169,52.586705842898944],[11.206451485618485,52.582011326146365],[11.20454728413839,52.57827247534012],[11.206886983896256,52.57031815891254],[11.202205785575304,52.56074114261662],[11.199630866229388,52.5612147375195],[11.191567739942966,52.557942862085554],[11.19134968029842,52.55432897742142],[11.178700652440147,52.551082436363686],[11.171128883155935,52.54265416630442],[11.170447013134353,52.53803117467499],[11.173054419025856,52.53563726065391],[11.173511903104185,52.5268215825941],[11.169597269169051,52.52626040065822],[11.169872310609696,52.52500728778822],[11.157776424957003,52.52465037998667],[11.157758400273144,52.52767707621402],[11.152556876456334,52.52765627052158],[11.12703482610817,52.542540091463565],[11.116305055868605,52.54635441413723],[11.11148420617455,52.54655880872927],[11.092807304311963,52.54084268350188],[11.087239299999693,52.53351376504129],[11.077993984159567,52.530159129750984],[11.069471447592248,52.524542524919866],[11.06224622416253,52.517652437921484],[11.054536398356325,52.5137043639319],[11.051107427971468,52.50827560273309],[11.03505661802425,52.49822568905849],[11.028952200900632,52.499712664995904],[11.026676612166852,52.50361333637807],[11.00878174379536,52.49674764407064],[10.973200945030934,52.52362855037022],[10.962626770377424,52.533489433224496],[10.965607844679282,52.53693678915842],[10.96171975096055,52.54000575300168],[10.961521419482429,52.538368853080655],[10.957870943878294,52.53688914491088],[10.947748488405022,52.54821302698094],[10.942337249109222,52.555948694196324],[10.943039128416805,52.560493238382705],[10.937575735383684,52.56739965158934],[10.94143788238689,52.57187484814061],[10.9401450989251,52.57521063709596],[10.941689468189818,52.57974465419529],[10.947435540956999,52.582550066796976],[10.939817469905096,52.58957309887377],[10.953259829662747,52.59286752030118],[10.955205706187105,52.59534048177319],[10.9578828601714,52.59587153769222],[10.959519012641682,52.59989230566882],[10.971652944879098,52.60332874213396],[10.975629190206678,52.60682491139929],[10.974255286941947,52.60994235815982],[10.97672965439619,52.61286618053399],[10.976967998150005,52.624141616816416],[10.992506673532597,52.62893511671247],[11.000919589440565,52.62666145367556],[11.003214240977691,52.62702959592162],[11.00307603900378,52.62262393812651],[11.010332650686601,52.620165573856504],[11.031347437338805,52.62549736341266],[11.034365490254435,52.62950362308816],[11.032680700202963,52.63818861995404],[11.024114435329667,52.64130141900573],[11.023721734745031,52.64563737463252],[11.025634507589247,52.64922720163554],[11.037083970347505,52.64885330852698],[11.037879413357404,52.65254227575967],[11.047592870534423,52.656019870121334],[11.046087539907829,52.65761857946123],[11.047334591897304,52.659123207600494],[11.062890812938733,52.65909352781894],[11.070579744188915,52.662492501569936],[11.070040270379668,52.65208031669606],[11.071964099746145,52.65261844612493],[11.076103210363643,52.655049365899714],[11.080398437773747,52.66042958774097],[11.077552882652407,52.66429748826026],[11.078626604743544,52.66864625076025],[11.081442523186594,52.67151154573396],[11.083988845913462,52.67168961226654],[11.088635766434484,52.67021115573859],[11.091152257532832,52.66475862873197],[11.09441608501744,52.66242957048924],[11.092751577718138,52.6537533362231],[11.098793256615114,52.65047346650048],[11.108632151689692,52.648916370617876],[11.113997826994275,52.646533815209324],[11.116195678604461,52.64677501978378],[11.12135016439351,52.65278245932142],[11.125283565023055,52.65068496453323],[11.141155871939516,52.64810196948049],[11.150226686622409,52.65473480491346],[11.134567298074733,52.65473707352768],[11.12982328053396,52.65807102887839],[11.123056598620336,52.659580811526176],[11.124266869681286,52.662586964807566],[11.136555189545492,52.662459960471374],[11.136461588100717,52.66419595253213],[11.141299135980766,52.66427830335125],[11.142359404841228,52.659839502830714],[11.14986740225398,52.660536751429724],[11.145801473237697,52.67084563521235],[11.147687634329207,52.67340731542479],[11.163448727356291,52.67981424901561],[11.166472284443604,52.691082756161364],[11.165668535126887,52.69474696039957],[11.167586392377615,52.69596763715518],[11.172165675179295,52.69545207460064],[11.171499905398752,52.69180137737388],[11.178585526683113,52.68807889663437],[11.206572012861244,52.68603546059108],[11.213204514866284,52.69729199064454]]]}},{"type":"Feature","id":"15081290","properties":{"ags8":"15081290","county_ags5":"15081","state_code":"15","name_de":"Kuhfelde","valid_at":"2026-01-01","source":"BKG_VG250_2026","part_count":1,"simplified_tolerance_m":80},"geometry":{"type":"Polygon","coordinates":[[[11.118860485396887,52.80942367433483],[11.121368143224133,52.805166931964386],[11.118104486149054,52.79985170444408],[11.127386791928865,52.79953431271845],[11.129785090731403,52.79603320849531],[11.143054946417013,52.78633370183475],[11.146393220378197,52.7872433871923],[11.147041554362744,52.785116624632785],[11.149358982300395,52.784366932136045],[11.155405550894624,52.78509868539871],[11.155040207702319,52.786476364221656],[11.15732171977336,52.7873182153202],[11.15929747762279,52.786534218926235],[11.159161776546641,52.78237186990012],[11.157295681634361,52.782534855564776],[11.15680287873351,52.778275521811274],[11.155528170280762,52.778309394647955],[11.1530347584583,52.77308974175644],[11.160374063190709,52.77109103853743],[11.16132571698287,52.76729914554958],[11.147933736108804,52.76781362688901],[11.140172752129866,52.757033243461386],[11.122701180665944,52.75616524366133],[11.122753814939099,52.75462739574113],[11.118518071928984,52.75482892173085],[11.109385789008343,52.756772427960826],[11.105472781956541,52.758932052551934],[11.099944985254401,52.752870327098094],[11.097439354563576,52.74453128552104],[11.09616494625715,52.73958506603938],[11.098554174830852,52.73927460961776],[11.099618996442278,52.73693148656613],[11.095208222300409,52.73784285837468],[11.094796343012494,52.73612157449728],[11.07681206835074,52.73631389909651],[11.074165413665181,52.73440223812449],[11.071982509897245,52.724737408510435],[11.069167392750874,52.72464277000133],[11.063652930743032,52.72189009196435],[11.061478161056442,52.723239975051115],[11.043629971158428,52.72666635482161],[11.04493315817294,52.7315070564197],[11.037016201164548,52.737063333001295],[11.036938145294732,52.739194711768135],[11.031832477191225,52.7433803795639],[11.028688512049314,52.74438322197075],[11.024717884301449,52.755296944512594],[11.020442339096794,52.75491530747591],[11.020889677363634,52.75788643206682],[11.026995082653782,52.75781508030783],[11.024239416719842,52.765469849008255],[11.026730787653559,52.768066590367226],[11.027679467310179,52.77433578613041],[11.036509682957035,52.7750280870505],[11.048952037007671,52.77404626729148],[11.0537387088515,52.77505852270401],[11.053964405608014,52.782484450540416],[11.06746204623629,52.78155885888196],[11.072704976398342,52.79591953833986],[11.081928533920273,52.794689742323015],[11.082450313738509,52.79715987303316],[11.0892720394122,52.79701003886398],[11.100518771265968,52.80035993783659],[11.098365802121709,52.80367309966099],[11.1005816358317,52.8084635357842],[11.114691297852257,52.808374895089464],[11.118860485396887,52.80942367433483]]]}},{"type":"Feature","id":"15081440","properties":{"ags8":"15081440","county_ags5":"15081","state_code":"15","name_de":"Rohrberg","valid_at":"2026-01-01","source":"BKG_VG250_2026","part_count":1,"simplified_tolerance_m":80},"geometry":{"type":"Polygon","coordinates":[[[11.043629971158428,52.72666635482161],[11.061478161056442,52.723239975051115],[11.063652930743032,52.72189009196435],[11.069167392750874,52.72464277000133],[11.071982509897245,52.724737408510435],[11.074165413665181,52.73440223812449],[11.07681206835074,52.73631389909651],[11.087016200386199,52.736112020929916],[11.085685427290295,52.72952749072945],[11.082353220804025,52.726153649121926],[11.080572037306935,52.72090045115332],[11.073347402459213,52.719156021601606],[11.064014608317944,52.711835522366265],[11.064524590305925,52.710303540117074],[11.061218610694663,52.709069878410176],[11.062407492311243,52.70549569401522],[11.05543445998425,52.70646207586124],[11.053657408114152,52.70279149910535],[11.044355650750616,52.70119209809126],[11.045257787256434,52.69809518251361],[11.051536337921254,52.69889072050464],[11.053074365486196,52.69639293251771],[11.049493235463311,52.6952402907287],[11.048694511524413,52.689255259533404],[11.046194319853115,52.68689268369184],[11.036225273561001,52.68479717751925],[11.025536133778765,52.68681332379612],[11.01798284174017,52.68496656962288],[11.013969408909135,52.6795165482589],[11.011495884906992,52.67927525509492],[11.012534293067834,52.67306635677875],[11.00846030100432,52.66864147246769],[10.997047904248625,52.67189008213121],[10.987453632282577,52.67244167293404],[10.980065455969227,52.67457535395328],[10.98275925304539,52.68018463494382],[10.980463469905224,52.68820561232845],[10.983254301995741,52.68765498213762],[10.982076408986543,52.689574963471514],[10.978257847550648,52.68951818037349],[10.978152467366217,52.6852024645537],[10.972534722995052,52.684280379445326],[10.969894158606262,52.689263205577205],[10.971925886256589,52.68967791939146],[10.971352952082123,52.694284010650755],[10.977409765423072,52.69462893687656],[10.97750711507934,52.695428831732784],[10.969063700141106,52.69473350802496],[10.966378071022682,52.69833164771651],[10.973833047398145,52.699273813865474],[10.973359483421564,52.700678398039344],[10.967489470897124,52.70128568287723],[10.96621690119809,52.70557969937013],[10.970257634355168,52.705519110406854],[10.973686232244825,52.714740329885544],[10.976104976318904,52.71523438280922],[10.976023475848589,52.717311803258326],[10.979157805270512,52.71961931594504],[10.97759032813432,52.7239775124945],[10.99279361819437,52.72475283356581],[10.99281138517599,52.72636228178653],[11.007526723670523,52.72593566664269],[11.005879240515664,52.73097428505406],[10.987808070801034,52.744222018762436],[11.003026120262987,52.75340946066885],[11.024717884301449,52.755296944512594],[11.028688512049314,52.74438322197075],[11.031832477191225,52.7433803795639],[11.036938145294732,52.739194711768135],[11.037016201164548,52.737063333001295],[11.04493315817294,52.7315070564197],[11.043629971158428,52.72666635482161]]]}},{"type":"Feature","id":"15081455","properties":{"ags8":"15081455","county_ags5":"15081","state_code":"15","name_de":"Salzwedel","valid_at":"2026-01-01","source":"BKG_VG250_2026","part_count":1,"simplified_tolerance_m":80},"geometry":{"type":"Polygon","coordinates":[[[11.03904948789563,52.91339928740108],[11.06587282700412,52.90945107317533],[11.078747416572847,52.91296415096832],[11.098675785467094,52.912876686902685],[11.093187302355908,52.899471422960886],[11.107771254267655,52.89607280591332],[11.113148338788697,52.89572213897472],[11.13890603237155,52.89834071048113],[11.154666716378513,52.901865343534304],[11.155257872741352,52.90621056679357],[11.182689404109393,52.901290971857264],[11.220645292912106,52.897666354353106],[11.219169101575627,52.89268118622902],[11.230627146472909,52.89134909627353],[11.235763576695849,52.88861393450084],[11.237943342151086,52.88060768158688],[11.241125625862923,52.879018250562844],[11.26723893268215,52.88014081120386],[11.270801345534668,52.88148851576444],[11.27092836440609,52.883371795238354],[11.276569532590425,52.88753225153267],[11.286219001743014,52.88875482524873],[11.288612597215922,52.8879971063051],[11.290662086288767,52.88912566090302],[11.294213478716925,52.887132786404386],[11.293549242166646,52.87900127888653],[11.295410670263689,52.87490689604032],[11.314250103087943,52.878236317923424],[11.316383587102786,52.87384773261505],[11.316221898116318,52.857745496678724],[11.314246915291552,52.85291243590707],[11.314968388563715,52.841209837700674],[11.34067467417462,52.8358195480931],[11.344774672814358,52.828103362998505],[11.339778980878503,52.824541417390016],[11.338871530469666,52.82046532585293],[11.341074788281079,52.81605846271901],[11.335833526595762,52.81504003657],[11.32914725584752,52.80989001587638],[11.316251596965596,52.807601549214645],[11.31553567266259,52.80536958945941],[11.311619174300246,52.788631696444675],[11.32609049725531,52.78278826378677],[11.330234627437793,52.77362715731602],[11.329110311730823,52.768938251508054],[11.314724366347122,52.768098692453854],[11.298180386857823,52.771996247136144],[11.297947609510166,52.76975882208503],[11.284413440085778,52.77068338665568],[11.282171704011976,52.7637472113018],[11.278288549713459,52.7603822895902],[11.262858980883422,52.765605711260136],[11.245026051865274,52.76739808578785],[11.244409024656159,52.7712863068688],[11.23327080482121,52.773745980572194],[11.23274390320842,52.77600946752652],[11.225253768084437,52.77855978994759],[11.206360539518117,52.77093849699413],[11.205864675801372,52.77314278086232],[11.19709748180489,52.775420294165606],[11.195378405890278,52.77385999671435],[11.190900511684307,52.77496593213644],[11.189644386099665,52.77811116213419],[11.183854308372736,52.78247790707038],[11.182277689534878,52.78992281065949],[11.174939141062232,52.78844392318086],[11.174436091602308,52.78923835467017],[11.169522740788462,52.78797978781766],[11.170251357918861,52.78613249669825],[11.163774092183315,52.78538585705788],[11.15732171977336,52.7873182153202],[11.155040207702319,52.786476364221656],[11.155405550894624,52.78509868539871],[11.149358982300395,52.784366932136045],[11.147041554362744,52.785116624632785],[11.146393220378197,52.7872433871923],[11.143054946417013,52.78633370183475],[11.129785090731403,52.79603320849531],[11.127386791928865,52.79953431271845],[11.118104486149054,52.79985170444408],[11.121368143224133,52.805166931964386],[11.118860485396887,52.80942367433483],[11.114691297852257,52.808374895089464],[11.1005816358317,52.8084635357842],[11.098365802121709,52.80367309966099],[11.100518771265968,52.80035993783659],[11.0892720394122,52.79701003886398],[11.082450313738509,52.79715987303316],[11.081928533920273,52.794689742323015],[11.072704976398342,52.79591953833986],[11.06852798534425,52.78723646605306],[11.051874614097647,52.78736733787527],[11.051835078627825,52.79016384754275],[11.055512923419244,52.79012907552465],[11.054370059746653,52.79364094970582],[11.051873456476683,52.79446155872382],[11.05386721971788,52.79853455322954],[11.03865514421857,52.79798264980106],[11.026773696161142,52.801820173042934],[11.02399873752944,52.80554559691812],[11.02608398115946,52.8099798116075],[11.022945076393286,52.81563833336746],[11.020118099194022,52.81246758527306],[11.012080658694178,52.810352861106765],[10.99216941221743,52.81052516603037],[10.99197448127175,52.80899744637126],[10.98853704914045,52.80865944453414],[10.984573119525464,52.80504186822136],[10.979239489467309,52.805515051902944],[10.979967794364006,52.810115489131604],[10.961528293575617,52.809117069609144],[10.96374101512257,52.81214766169372],[10.960541566724888,52.81557649705049],[10.954983872034818,52.8148422017419],[10.944742817805016,52.81765843285836],[10.941583577538879,52.83131847025628],[10.939931442034858,52.832385413614595],[10.912074239444983,52.831655985145964],[10.905698415488914,52.84227785511583],[10.906394877783583,52.85489597970333],[10.915024643574569,52.85317781864374],[10.92569449053666,52.854131406492726],[10.940066808699374,52.853594677316906],[10.957813138826765,52.867770670091005],[10.957715184932582,52.869802970773335],[10.964311702403007,52.87260106698983],[10.964315515719786,52.87439022636606],[10.967895794135389,52.87571612605888],[10.968082322865287,52.879320719270744],[10.974092536662035,52.87742904516776],[10.976236458396848,52.87863172443286],[10.978814437710037,52.87815263503552],[10.985965093061685,52.88246105484887],[10.990097024589744,52.888187678967434],[10.989053822069431,52.89905300816788],[10.993561463768401,52.903527812870536],[10.9925725008625,52.90645740874609],[10.99805006870223,52.91036550581066],[11.006283084979176,52.91164288584289],[11.013076373880121,52.909890239244945],[11.028254879524802,52.91194323366567],[11.035474751751488,52.911589527915964],[11.03904948789563,52.91339928740108]]]}},{"type":"Feature","id":"15081545","properties":{"ags8":"15081545","county_ags5":"15081","state_code":"15","name_de":"Wallstawe","valid_at":"2026-01-01","source":"BKG_VG250_2026","part_count":1,"simplified_tolerance_m":80},"geometry":{"type":"Polygon","coordinates":[[[10.940318008800002,52.81851413212843],[10.954983872034818,52.8148422017419],[10.960541566724888,52.81557649705049],[10.96374101512257,52.81214766169372],[10.961528293575617,52.809117069609144],[10.979967794364006,52.810115489131604],[10.979239489467309,52.805515051902944],[10.984573119525464,52.80504186822136],[10.98853704914045,52.80865944453414],[10.99197448127175,52.80899744637126],[10.99216941221743,52.81052516603037],[11.012080658694178,52.810352861106765],[11.020118099194022,52.81246758527306],[11.022945076393286,52.81563833336746],[11.02608398115946,52.8099798116075],[11.02399873752944,52.80554559691812],[11.026773696161142,52.801820173042934],[11.03865514421857,52.79798264980106],[11.05386721971788,52.79853455322954],[11.051873456476683,52.79446155872382],[11.054370059746653,52.79364094970582],[11.055512923419244,52.79012907552465],[11.051835078627825,52.79016384754275],[11.051874614097647,52.78736733787527],[11.06852798534425,52.78723646605306],[11.06746204623629,52.78155885888196],[11.053964405608014,52.782484450540416],[11.0537387088515,52.77505852270401],[11.048952037007671,52.77404626729148],[11.036509682957035,52.7750280870505],[11.027679467310179,52.77433578613041],[11.026730787653559,52.768066590367226],[11.024239416719842,52.765469849008255],[11.026995082653782,52.75781508030783],[11.020889677363634,52.75788643206682],[11.020442339096794,52.75491530747591],[11.003026120262987,52.75340946066885],[10.987808070801034,52.744222018762436],[10.979300769003647,52.74948908273708],[10.969376371978514,52.75125431344764],[10.972125407871381,52.75617100569659],[10.969870017158833,52.76013604230067],[10.963124701231653,52.76285046274988],[10.964795499921422,52.76671939662847],[10.9495220397504,52.7677031162243],[10.935225536750936,52.78075685775501],[10.928252127638281,52.783425143438954],[10.925274461323049,52.78685232867293],[10.926333587735561,52.790597987354204],[10.921708134128968,52.79394992531374],[10.921462465554399,52.804047949815775],[10.923449812107377,52.80398615928482],[10.923776409149122,52.807114883283795],[10.927547269827619,52.80734441713109],[10.933463197102316,52.809966839483785],[10.932885258613085,52.81558716345595],[10.937485509941098,52.8179772255465],[10.940318008800002,52.81851413212843]]]}},{"type":"Feature","id":"15082005","properties":{"ags8":"15082005","county_ags5":"15082","state_code":"15","name_de":"Aken (Elbe)","valid_at":"2026-01-01","source":"BKG_VG250_2026","part_count":1,"simplified_tolerance_m":80},"geometry":{"type":"Polygon","coordinates":[[[12.018861112687265,51.872558546248214],[12.018296467744861,51.86783314083889],[12.02265982614003,51.86358448199087],[12.04994573545738,51.85870572284288],[12.065047295384026,51.860505079881904],[12.093854598093012,51.8689575253299],[12.104721901489267,51.87088962721234],[12.131535993364631,51.87154937973727],[12.132735107535591,51.86977899849082],[12.138491174702427,51.86817011379881],[12.141607353006826,51.86953971984407],[12.143943898692962,51.865831358618365],[12.142371121937535,51.84881634066246],[12.135413228965495,51.83954571459402],[12.133483356657901,51.82502282541245],[12.072399298396709,51.828502416475075],[12.062031737487846,51.83056447840903],[12.059638220346361,51.82652132068719],[12.060947424526473,51.82016729333811],[12.064287811957728,51.81989475160212],[12.064648552534337,51.81697609095344],[12.061207753083778,51.817002380390335],[12.06165225631618,51.80796018883334],[12.064008574821669,51.803882032088204],[12.062557467644936,51.80075869976961],[12.055974939679217,51.799152594213005],[12.049311080833842,51.79909701404668],[12.052829900419656,51.80821851029026],[12.045928202896942,51.809721306325244],[12.038576849302201,51.80869030266789],[12.039151623795645,51.81206333934551],[12.034886335494933,51.81314228059993],[12.031181520248962,51.810614417591],[12.027231692523705,51.810134484399306],[12.026915254850806,51.81845233545491],[12.015221458922184,51.819996896060914],[12.010874197769716,51.822436687468695],[12.005092326782377,51.82278010494125],[12.006180569463696,51.82539356695721],[11.987710562131523,51.83034258023485],[11.990681854712344,51.830546905680116],[11.98957917596465,51.834573611470425],[11.983337989398873,51.83379703318182],[11.973882555499138,51.8422914113222],[11.95852404432909,51.84753427401967],[11.95902296722255,51.850905490820395],[11.95661916721624,51.85296839823862],[11.95799307105326,51.85503890491843],[11.954835654623981,51.85685251109276],[11.961968742157358,51.86482404362499],[11.959011891102048,51.86733465361465],[11.959436511630148,51.86924584960969],[11.966878954262167,51.867021806963685],[11.979336444795516,51.86888267345059],[11.975074716531298,51.873066201979675],[11.978652207123083,51.87309313497479],[11.98168371899955,51.87584058154022],[11.988423094235523,51.87375666871622],[11.987276135425637,51.872199880340325],[11.996102212627799,51.87189427704577],[11.996300690208072,51.87372003605818],[12.003634056783671,51.879338340610225],[12.009535318704271,51.877994871377574],[12.018861112687265,51.872558546248214]]]}},{"type":"Feature","id":"15082015","properties":{"ags8":"15082015","county_ags5":"15082","state_code":"15","name_de":"Bitterfeld-Wolfen","valid_at":"2026-01-01","source":"BKG_VG250_2026","part_count":1,"simplified_tolerance_m":80},"geometry":{"type":"Polygon","coordinates":[[[12.26767497814175,51.70537010652848],[12.268197291347615,51.70241295671409],[12.273518119365278,51.70285671923885],[12.275514232665556,51.70432883479697],[12.276400756011839,51.70031113901998],[12.27866418546174,51.700421110489415],[12.28165846688992,51.698391578551195],[12.285431362167067,51.70044700968109],[12.2882958001501,51.69490370661162],[12.292292060939541,51.69379037880832],[12.293813255706018,51.69159863220746],[12.29778708710124,51.69176570789419],[12.295129591710927,51.68898703165744],[12.288326960218015,51.69052087297614],[12.288535570500871,51.68796595422257],[12.278592255856974,51.68739924300422],[12.275915419902221,51.68820611673835],[12.277315560196895,51.67141633879401],[12.279511740874714,51.6711737838895],[12.280045842824498,51.66522296609429],[12.281402394521539,51.66545014803282],[12.281470720514687,51.66848292475477],[12.286772110789784,51.66843863575822],[12.289667934800438,51.665108776543896],[12.29608814146578,51.665582832476254],[12.295828588655327,51.6636719050038],[12.299361352907662,51.66298826755999],[12.300161005040794,51.66089233440723],[12.300663746301858,51.662770383635504],[12.305622945974863,51.66362169498091],[12.307183774116435,51.65917941459172],[12.311643586928522,51.65696452583402],[12.31938861546646,51.659969377271],[12.320847161473598,51.662569275266875],[12.325416861736826,51.662498797008546],[12.331622030993424,51.65485271832065],[12.337379776974835,51.655946984420645],[12.337801267963348,51.65201211348931],[12.349109035691193,51.6522406825775],[12.342546549355042,51.647650231456204],[12.34286373361395,51.64507381898953],[12.34606781943361,51.644809515900505],[12.348624500594376,51.648412461826766],[12.351165557332449,51.64943679508839],[12.358139453722647,51.64270405382813],[12.357956962878879,51.641060097865264],[12.35167389099098,51.6380023126105],[12.351039510423478,51.63595823173927],[12.351574442497782,51.6341680377575],[12.359315955030267,51.633218532235446],[12.360630702069235,51.63176697755579],[12.350396236859718,51.6279499227084],[12.35178909917126,51.62482364599472],[12.355979246075544,51.62368698430252],[12.362154499936095,51.62479566251234],[12.36771174151897,51.62426423729887],[12.37835342935146,51.61511896917843],[12.389099332544912,51.62435267035982],[12.389262161001524,51.618452682934155],[12.387361906557807,51.61561820936488],[12.390550780646324,51.61411475750853],[12.394322957597133,51.614697186742916],[12.392246933776406,51.61258752636457],[12.382653974538407,51.61181226202025],[12.381872758513088,51.60785262100431],[12.383566138987005,51.60264206236176],[12.39126133804497,51.59931529219703],[12.389877093552796,51.59448685611682],[12.385983503480036,51.59231158876987],[12.3856226098194,51.59023154463055],[12.391477054702442,51.58870921978207],[12.390404569736374,51.58731497643393],[12.392256311913274,51.585629426826756],[12.384637169708563,51.586534293034504],[12.381600716489414,51.58541284172769],[12.366856399057534,51.58801381376244],[12.36648855896175,51.58678673872715],[12.374078175931107,51.583872290062345],[12.368896162429117,51.5850116628362],[12.367681179838533,51.583087183909846],[12.34836885125684,51.58664930688449],[12.348032499487662,51.58399733931094],[12.339114467753715,51.58570878625962],[12.340983948948445,51.590021851564295],[12.33955799214675,51.59016795958889],[12.329641912671972,51.58631254777036],[12.319759132327281,51.58692251231494],[12.321064664096157,51.58493092032316],[12.314693906696938,51.584034936849974],[12.310976677940406,51.59054932501311],[12.306639731361724,51.589911018347635],[12.30603496201221,51.59163459300737],[12.302984723159707,51.59122066216276],[12.300090258570407,51.59329861946827],[12.298496657013978,51.59279734108507],[12.282599403058088,51.59606711377038],[12.281071799180628,51.59975551014205],[12.286571194362457,51.60681440504525],[12.284693269550436,51.616767664952405],[12.282528549657798,51.619495537072495],[12.284381831140204,51.6276880110844],[12.28009109303521,51.63669759731528],[12.272998134284837,51.63305948950386],[12.270680435969794,51.641653368907576],[12.265382533717236,51.64416231099873],[12.252846827965698,51.645410782059194],[12.244417480573379,51.644986639143575],[12.200878396923171,51.6369611247363],[12.190289575128887,51.63405713441243],[12.18245702651339,51.635904654877734],[12.179679794034632,51.63914423579732],[12.182562191662564,51.64019646741897],[12.180640818110458,51.64274082402997],[12.182507802901146,51.641882398967724],[12.186211533125535,51.642977564492746],[12.184230838574623,51.65164047098722],[12.187810059867676,51.65223825664063],[12.188145849718468,51.6533647829353],[12.18598468089683,51.65495951765052],[12.178942178107562,51.65421201608158],[12.17858357377741,51.65986078163358],[12.20024868384974,51.665885755863364],[12.211853580717417,51.67075160220459],[12.20773139303682,51.67761078950804],[12.198788496246488,51.68302220589359],[12.200531487565879,51.68260021528817],[12.202385849624767,51.68399630365209],[12.201928633321392,51.687656258889014],[12.223748278687115,51.68617946783734],[12.218539038178506,51.70164268096916],[12.22447350869706,51.70309507212867],[12.225583894475951,51.70181909609628],[12.233910028741786,51.70408197166605],[12.236952182776216,51.6997265859442],[12.256084270313943,51.70440820134971],[12.26767497814175,51.70537010652848]]]}},{"type":"Feature","id":"15082180","properties":{"ags8":"15082180","county_ags5":"15082","state_code":"15","name_de":"Köthen (Anhalt)","valid_at":"2026-01-01","source":"BKG_VG250_2026","part_count":1,"simplified_tolerance_m":80},"geometry":{"type":"Polygon","coordinates":[[[11.969808741695038,51.790231427392825],[11.9695079166443,51.78923530426695],[11.974973964870369,51.78853602326061],[11.97568994589428,51.79165814759737],[11.988198677476243,51.790989039418044],[11.989177588937359,51.789420166490814],[11.998043096613104,51.78590737528598],[12.00896106693605,51.784401257063266],[12.005858927492918,51.78025157967771],[12.012261279462926,51.778204531226336],[12.01423672223422,51.77875066258674],[12.014123558707315,51.777785124335736],[12.01891876832127,51.776734020938704],[12.028039666827272,51.775788985694],[12.032782356025777,51.77319038010436],[12.034215045945368,51.77319828528351],[12.034240791333465,51.77624519209864],[12.036540816140521,51.77616778142915],[12.036792887947382,51.769318607502974],[12.054190873544169,51.77193978329648],[12.056790197771347,51.764812357244914],[12.059836061765564,51.766367354764604],[12.061161501149053,51.76249319185305],[12.062620085178636,51.762705127235215],[12.061274947209153,51.76704182380665],[12.062456158971159,51.76723320404289],[12.063904190362875,51.76294012408197],[12.067374710372144,51.761316041263086],[12.070727492359147,51.762866701746646],[12.071338334214877,51.750526591986464],[12.065495332616976,51.74903270080114],[12.066406388957455,51.74763984973696],[12.06450262854001,51.74692699545714],[12.062885950682151,51.74899574026768],[12.057470324965111,51.74737032762826],[12.058235531662984,51.74422419977165],[12.054050150137277,51.742946004597634],[12.053081843250466,51.747172534967476],[12.04682502096933,51.74701634647103],[12.03745247670946,51.7434999995183],[12.037776940730701,51.745925590139876],[12.027014939683266,51.74778316427977],[12.019466245637854,51.75098382489752],[12.018793518429609,51.749918826438766],[12.015836519009627,51.75042759440563],[12.013070453814239,51.74691838332693],[12.011924805704869,51.737480555608414],[12.003478051383372,51.73481138493418],[12.015143070960352,51.72699690418926],[12.00320036019763,51.72172120503463],[12.00676015924474,51.71343877648761],[12.01176117739429,51.71285124936321],[12.012100130799682,51.71151373103079],[12.013792709370296,51.71170635573577],[12.013524110619226,51.71285252348067],[12.015786619093916,51.712894988027465],[12.015945771044215,51.71191686448638],[12.020504773778882,51.713024920486355],[12.021695727393162,51.711962106137875],[12.018679319486766,51.71114380241377],[12.020718336321888,51.70890349564633],[12.019529983306205,51.70368657981853],[12.016256692015936,51.70188265922166],[12.017663534268404,51.69860601952698],[12.013683968191161,51.69801872579946],[12.0143070212405,51.69601095926449],[12.018882134037893,51.6951434146782],[12.019614562019536,51.69318127787949],[11.999852507814479,51.6887535963774],[11.998375264754184,51.69556888817211],[11.99172056941004,51.69708140063611],[11.982470678828214,51.69559514328848],[11.983454692870673,51.69201065896278],[11.976735292429817,51.69150987151999],[11.971057832610752,51.6995346854232],[11.958985103182656,51.701604434455604],[11.960495949437442,51.70429811282417],[11.954648537495649,51.707160721849775],[11.94560887942503,51.70890908316796],[11.947422228494577,51.715401264023086],[11.937535774971304,51.715971453124],[11.936537846565678,51.71226976732127],[11.916410794764598,51.71449878314322],[11.918662604936516,51.72776722239724],[11.908450555294277,51.7283241094558],[11.906860610392382,51.727038365559814],[11.893210889849826,51.72841445182598],[11.893449271663027,51.73100293655815],[11.887555938493492,51.731135131610685],[11.88781686971294,51.72637238254851],[11.886845968460454,51.72398141864968],[11.884685905900984,51.723934724101284],[11.883726539574813,51.72000502095543],[11.887881640583652,51.71900038648854],[11.884148996227982,51.70287770858725],[11.846232671678084,51.701704614884584],[11.846690574522244,51.71005548504077],[11.851410802867047,51.71072035719883],[11.850709199881257,51.712421664232856],[11.855405820184512,51.714431068824176],[11.855291794941706,51.71692366266777],[11.858781949583252,51.71838231328632],[11.856060183441864,51.718725992744616],[11.856941239833791,51.7316968944937],[11.855025451285364,51.73940263987539],[11.861129197711792,51.74045732005568],[11.86039137191341,51.74147350970071],[11.866735459547485,51.740860617860285],[11.868325036408633,51.74940781605406],[11.885562961116191,51.749495345148205],[11.89446213230171,51.74661068927776],[11.897099124437595,51.74231479860373],[11.908224587599417,51.740257556623334],[11.917883334539736,51.74093409105162],[11.91765591711885,51.74341114104563],[11.934745048501165,51.7413070743984],[11.940842495175726,51.75660970302836],[11.946659180660317,51.7621892885176],[11.953076173882232,51.77564308644161],[11.955082701461812,51.78348555415699],[11.951506689797903,51.783751087719814],[11.950869299858757,51.7856033786315],[11.953406357355478,51.7914656587016],[11.961362095991886,51.79019301097403],[11.963738581526705,51.79247287107729],[11.969808741695038,51.790231427392825]]]}},{"type":"Feature","id":"15082241","properties":{"ags8":"15082241","county_ags5":"15082","state_code":"15","name_de":"Muldestausee","valid_at":"2026-01-01","source":"BKG_VG250_2026","part_count":1,"simplified_tolerance_m":80},"geometry":{"type":"Polygon","coordinates":[[[12.459930612776166,51.70531425399259],[12.46420184636379,51.703929539811575],[12.46381558673989,51.70505185308701],[12.474624911180635,51.702802120486304],[12.47144815621013,51.69246094697867],[12.471834417933996,51.68949376644451],[12.473663319069384,51.68959825094967],[12.474375450465853,51.68228793840424],[12.495131783571662,51.68253353215247],[12.4974695570872,51.67068643618697],[12.501378836580574,51.67041078531738],[12.508468750406898,51.667223679496296],[12.517055148478988,51.660486540037695],[12.529630454092649,51.66432872567364],[12.548883781509328,51.66401562550148],[12.549662471848563,51.668402489623126],[12.574072064795313,51.66743284829576],[12.570961106776402,51.65168150993786],[12.571971100308549,51.64778247870758],[12.569524566278389,51.64277724426602],[12.566486263936143,51.64244943513903],[12.569398560904313,51.64168410582042],[12.570453025578692,51.637059258479205],[12.55947568980005,51.63804760741997],[12.56150334622156,51.63548818909772],[12.57611505573884,51.630201050635655],[12.57495357889507,51.62703032891376],[12.580262793424728,51.62606533362885],[12.574703163096798,51.615433494337644],[12.57027061888522,51.616882867316114],[12.562831478050084,51.61375557881865],[12.559979633176617,51.6085191048979],[12.551784803761324,51.60908981277186],[12.541712291344325,51.6074362898735],[12.544638133714475,51.603713303633654],[12.538620841086274,51.6023610586061],[12.534479693536946,51.606086389911226],[12.527566170494103,51.605323359761684],[12.522339603676043,51.60675396185399],[12.515764083266816,51.60578645961983],[12.50700696964279,51.608455554336935],[12.503540351639238,51.60454560535556],[12.500742752683045,51.60402607667309],[12.496757994753583,51.60513815351258],[12.495024223031589,51.60413185599015],[12.49765791404094,51.60298735548248],[12.49745860666715,51.596563776246164],[12.490097469146164,51.59820252866838],[12.482988089656425,51.59318418704854],[12.477139906944299,51.59627915354231],[12.487185422477708,51.60100622449816],[12.486373584490693,51.60427773122874],[12.471122294073163,51.605190331235356],[12.460575958597598,51.60326007079764],[12.450323785185443,51.60651670155776],[12.4480602437727,51.609703872262706],[12.443962411461008,51.6098704070546],[12.438386677868724,51.605174400073295],[12.433312816782658,51.60583356054892],[12.433402979691172,51.60394505839029],[12.43815835210345,51.60246699525516],[12.436823184816141,51.599305450925094],[12.43407378102718,51.5992155404003],[12.433385236127949,51.59762492619532],[12.427328904303437,51.59929886322696],[12.42386692271778,51.588097106720895],[12.42542768754605,51.58778873339233],[12.425419164630645,51.582131380017884],[12.416737361229941,51.58309247009295],[12.41627583313657,51.58207403554758],[12.411419588261039,51.5820088117489],[12.397139666178614,51.58494423682801],[12.39621559149515,51.587050759644114],[12.3856226098194,51.59023154463055],[12.385983503480036,51.59231158876987],[12.389877093552796,51.59448685611682],[12.39126133804497,51.59931529219703],[12.383566138987005,51.60264206236176],[12.381872758513088,51.60785262100431],[12.382653974538407,51.61181226202025],[12.392246933776406,51.61258752636457],[12.394322957597133,51.614697186742916],[12.390550780646324,51.61411475750853],[12.387361906557807,51.61561820936488],[12.389262161001524,51.618452682934155],[12.389099332544912,51.62435267035982],[12.37835342935146,51.61511896917843],[12.36771174151897,51.62426423729887],[12.362154499936095,51.62479566251234],[12.355979246075544,51.62368698430252],[12.35178909917126,51.62482364599472],[12.350396236859718,51.6279499227084],[12.360630702069235,51.63176697755579],[12.359315955030267,51.633218532235446],[12.351574442497782,51.6341680377575],[12.35167389099098,51.6380023126105],[12.358328707564075,51.641666186942395],[12.356233182951092,51.64527174494526],[12.351165557332449,51.64943679508839],[12.348624500594376,51.648412461826766],[12.34606781943361,51.644809515900505],[12.34286373361395,51.64507381898953],[12.342546549355042,51.647650231456204],[12.349109035691193,51.6522406825775],[12.338300779067714,51.65184236341096],[12.337379776974835,51.655946984420645],[12.331622030993424,51.65485271832065],[12.325416861736826,51.662498797008546],[12.321462768463807,51.66276676527583],[12.31706397713191,51.66058474652207],[12.315759926624708,51.661910890550104],[12.321181629012163,51.66577034895462],[12.334873545502413,51.663774214295465],[12.33284254118842,51.66617243395612],[12.334528809532856,51.67141063450562],[12.328956836567016,51.67032710578025],[12.327317923537683,51.67277314363809],[12.33138001909563,51.6740961216777],[12.349335951055368,51.674542606614914],[12.350855604413795,51.67537667522006],[12.349652848304316,51.67963398774497],[12.355849586723483,51.68251554496122],[12.364304466859434,51.679691873085716],[12.373824593035232,51.68169215876776],[12.381073834171692,51.678796376073564],[12.387153277872324,51.67984238749965],[12.389586791351743,51.681981293440195],[12.382172625364873,51.688956764911126],[12.38080586935597,51.69690660170177],[12.388986259316933,51.69781809875534],[12.395301160752034,51.694803459013535],[12.404063125875563,51.6940840283063],[12.414075401842405,51.695671041113286],[12.419480791666635,51.69886811951602],[12.425301007083132,51.69986243201034],[12.429850113173313,51.70296005110653],[12.450588537590763,51.703623808131724],[12.459930612776166,51.70531425399259]]]}},{"type":"Feature","id":"15082256","properties":{"ags8":"15082256","county_ags5":"15082","state_code":"15","name_de":"Osternienburger Land","valid_at":"2026-01-01","source":"BKG_VG250_2026","part_count":1,"simplified_tolerance_m":80},"geometry":{"type":"MultiPolygon","coordinates":[[[[11.938183640820885,51.8778544954497],[11.948631890524094,51.87636895975344],[11.955800534097396,51.87234953292714],[11.961836386474276,51.86568041294125],[11.954835654623981,51.85685251109276],[11.95799307105326,51.85503890491843],[11.95661916721624,51.85296839823862],[11.95902296722255,51.850905490820395],[11.95852404432909,51.84753427401967],[11.973882555499138,51.8422914113222],[11.983337989398873,51.83379703318182],[11.98957917596465,51.834573611470425],[11.990681854712344,51.830546905680116],[11.987710562131523,51.83034258023485],[12.006180569463696,51.82539356695721],[12.005092326782377,51.82278010494125],[12.010874197769716,51.822436687468695],[12.015221458922184,51.819996896060914],[12.026915254850806,51.81845233545491],[12.027231692523705,51.810134484399306],[12.031181520248962,51.810614417591],[12.034886335494933,51.81314228059993],[12.039151623795645,51.81206333934551],[12.038576849302201,51.80869030266789],[12.045928202896942,51.809721306325244],[12.052829900419656,51.80821851029026],[12.049311080833842,51.79909701404668],[12.055974939679217,51.799152594213005],[12.062557467644936,51.80075869976961],[12.064008574821669,51.803882032088204],[12.06165225631618,51.80796018883334],[12.061207753083778,51.817002380390335],[12.064648552534337,51.81697609095344],[12.064287811957728,51.81989475160212],[12.060947424526473,51.82016729333811],[12.059638220346361,51.82652132068719],[12.062031737487846,51.83056447840903],[12.072399298396709,51.828502416475075],[12.133483356657901,51.82502282541245],[12.13271065652673,51.82210016512555],[12.137869050892359,51.82180411364157],[12.138841187313558,51.814632512462005],[12.13469481783815,51.813056978753494],[12.132348516191904,51.81037193280033],[12.127630439036906,51.81038161642744],[12.118118839243824,51.80672532021861],[12.121972175599993,51.799888858916965],[12.117955710599848,51.799239046047546],[12.120266798120014,51.79521727532269],[12.112072376781487,51.79239260736807],[12.117860715373023,51.79153993900682],[12.115595235616976,51.78943833060432],[12.119367995372066,51.78863102965571],[12.12100839534414,51.79069612746095],[12.122183852448465,51.790293138485744],[12.119424269469254,51.78739845994909],[12.119688393459121,51.78213014704451],[12.138039282388462,51.78050126880217],[12.139100511180922,51.78217822069776],[12.142855405216578,51.780902507006026],[12.141204658184142,51.77856789857829],[12.148426884175642,51.777315919660076],[12.147367049960366,51.77568401600376],[12.128174506297576,51.77532264354858],[12.117101669971698,51.76826068038637],[12.119054220006335,51.76222630375584],[12.12482732315415,51.75595182981745],[12.118268663088223,51.754346539828376],[12.114123144542654,51.755355391763956],[12.11298503221254,51.759951614542594],[12.109472520173536,51.76437240166575],[12.099546234244597,51.769950574650174],[12.094886879740903,51.77564606522091],[12.096333495305052,51.77636441603872],[12.0891948162879,51.783793615858066],[12.083250457078364,51.78306335770075],[12.079452201813554,51.781044528937606],[12.07559052136804,51.78683653288934],[12.07311423788564,51.78739129265691],[12.07289565391807,51.79156916890312],[12.069985464650873,51.78922333108901],[12.078139312084474,51.78041417275162],[12.056823965466535,51.77259805163663],[12.036792887947382,51.769318607502974],[12.036540816140521,51.77616778142915],[12.034240791333465,51.77624519209864],[12.034215045945368,51.77319828528351],[12.032782356025777,51.77319038010436],[12.028039666827272,51.775788985694],[12.01891876832127,51.776734020938704],[12.014123558707315,51.777785124335736],[12.01423672223422,51.77875066258674],[12.012261279462926,51.778204531226336],[12.005858927492918,51.78025157967771],[12.00896106693605,51.784401257063266],[11.998043096613104,51.78590737528598],[11.989177588937359,51.789420166490814],[11.988198677476243,51.790989039418044],[11.97568994589428,51.79165814759737],[11.974973964870369,51.78853602326061],[11.9695079166443,51.78923530426695],[11.969808741695038,51.790231427392825],[11.963738581526705,51.79247287107729],[11.961362095991886,51.79019301097403],[11.953406357355478,51.7914656587016],[11.950869299858757,51.7856033786315],[11.951506689797903,51.783751087719814],[11.955082701461812,51.78348555415699],[11.953076173882232,51.77564308644161],[11.946659180660317,51.7621892885176],[11.940842495175726,51.75660970302836],[11.934745048501165,51.7413070743984],[11.91765591711885,51.74341114104563],[11.917883334539736,51.74093409105162],[11.908224587599417,51.740257556623334],[11.897099124437595,51.74231479860373],[11.89245258297301,51.747732024306636],[11.883232168303028,51.749594566625525],[11.890679768178293,51.7604302659644],[11.90288226601565,51.76024141684318],[11.904297271663376,51.76334677257044],[11.891042633648034,51.763296186613694],[11.891087378606114,51.76523910480646],[11.877906313553655,51.765240163834434],[11.87769846089958,51.7665202098252],[11.87432510095458,51.76621748290422],[11.872372365800729,51.7695173613979],[11.86722046008169,51.76917221946817],[11.86677905782136,51.772303581120376],[11.863598153594074,51.772648551314084],[11.863881733864044,51.773886920005204],[11.871933442808906,51.7785264185273],[11.866139294168551,51.78292122113008],[11.848957292375768,51.77975301826694],[11.851110307502745,51.786818346375796],[11.855088401467302,51.785945191265164],[11.855842889149425,51.793755185328145],[11.855386435415614,51.79645957755097],[11.846703919587807,51.79775513824041],[11.847276375763538,51.79944910895838],[11.855372940533213,51.79893397176999],[11.855443471068805,51.79984188590189],[11.863330579988077,51.795234847997804],[11.868331170749451,51.80472333580779],[11.872759036665983,51.80332257633758],[11.877763223127582,51.81045008681546],[11.880954713439353,51.8105796078027],[11.882640869870054,51.8193202975246],[11.87330801657462,51.82195544767609],[11.8748652304637,51.82538368809716],[11.861269073342859,51.83386570712511],[11.861646783750903,51.83493259650533],[11.857695461960969,51.837508469079495],[11.868582205262529,51.850300096867976],[11.86479132063757,51.85129742965785],[11.865575196073994,51.85321379064394],[11.8687783775518,51.85102659966667],[11.878297621899657,51.85689953665899],[11.880724677969896,51.854523093549425],[11.89039776268522,51.859405902293844],[11.907055517346542,51.864056841275264],[11.905763290150773,51.8650348386617],[11.911757591710467,51.86649762052388],[11.90943632422239,51.87192963256664],[11.915408261274832,51.87074895697462],[11.917819052266028,51.87323186632966],[11.927498823906053,51.87460045347988],[11.921978773484614,51.87918052485009],[11.923195916385424,51.87996443247635],[11.93744064186762,51.880602278858085],[11.938183640820885,51.8778544954497]]],[[[11.883540390838373,51.86494494008315],[11.88693044310692,51.86603003123132],[11.88754168390156,51.86415149701787],[11.884637155765017,51.863258699566245],[11.883540390838373,51.86494494008315]]],[[[11.887916566753571,51.86742552177493],[11.887329831391972,51.87102773970029],[11.889603799180094,51.87124407690437],[11.887954409857786,51.87497119671295],[11.89195343749434,51.87494820562641],[11.8944552105216,51.869991264594155],[11.887916566753571,51.86742552177493]]]]}},{"type":"Feature","id":"15082301","properties":{"ags8":"15082301","county_ags5":"15082","state_code":"15","name_de":"Raguhn-Jeßnitz","valid_at":"2026-01-01","source":"BKG_VG250_2026","part_count":1,"simplified_tolerance_m":80},"geometry":{"type":"Polygon","coordinates":[[[12.283876460929967,51.7893919955665],[12.29294729573629,51.78981304954528],[12.295533474246096,51.78879307880524],[12.289739958926164,51.78018822121286],[12.289616074561321,51.77703164169419],[12.291036339391686,51.77518820859821],[12.294711277911984,51.7747077033252],[12.29708872310895,51.77281340864775],[12.297441107261106,51.76872460619376],[12.30041166230842,51.76755469417979],[12.300277615722907,51.76048390107123],[12.307172137630934,51.75735541605482],[12.304694861076566,51.75191306352942],[12.310918452177187,51.74689584527044],[12.305782556633169,51.74276292749762],[12.319213511079639,51.74042468034432],[12.321532776559717,51.73606967193555],[12.320884652150369,51.733991951328036],[12.33590636522799,51.73381396322974],[12.335960861190957,51.72940374586283],[12.328050210661898,51.72953029378404],[12.328055587528834,51.72679216208744],[12.323906040024342,51.726548525078904],[12.326477953402135,51.71767212827346],[12.337265491287774,51.71789210585942],[12.348601530634037,51.719793223588866],[12.353666360711506,51.71387693421868],[12.354791680864517,51.71421644436449],[12.354727545245737,51.7116936468118],[12.360400201877503,51.70981888757304],[12.363967335688972,51.7070722700413],[12.354226883209648,51.70408245401088],[12.344781993462862,51.70363485798702],[12.34938953088876,51.694396260290965],[12.350559352964503,51.68449697808958],[12.355833107037993,51.6856744248397],[12.360822994564183,51.68520006688958],[12.369856542518383,51.690852913402885],[12.369404686204808,51.69290281515803],[12.37160957629361,51.694766725385506],[12.38080586935597,51.69690660170177],[12.382172625364873,51.688956764911126],[12.389586791351743,51.681981293440195],[12.387153277872324,51.67984238749965],[12.381073834171692,51.678796376073564],[12.37536812043192,51.68155970326529],[12.364304466859434,51.679691873085716],[12.355849586723483,51.68251554496122],[12.349652848304316,51.67963398774497],[12.350855604413795,51.67537667522006],[12.349335951055368,51.674542606614914],[12.33138001909563,51.6740961216777],[12.327317923537683,51.67277314363809],[12.328956836567016,51.67032710578025],[12.334528809532856,51.67141063450562],[12.33284254118842,51.66617243395612],[12.335082503079086,51.66393295117042],[12.32876067271106,51.66397692618417],[12.321181629012163,51.66577034895462],[12.315759926624708,51.661910890550104],[12.316528224276201,51.66057498330269],[12.319407928559242,51.66167355086198],[12.31938861546646,51.659969377271],[12.311643586928522,51.65696452583402],[12.307183774116435,51.65917941459172],[12.305622945974863,51.66362169498091],[12.300663746301858,51.662770383635504],[12.300161005040794,51.66089233440723],[12.299361352907662,51.66298826755999],[12.295828588655327,51.6636719050038],[12.29608814146578,51.665582832476254],[12.289667934800438,51.665108776543896],[12.286772110789784,51.66843863575822],[12.281470720514687,51.66848292475477],[12.281402394521539,51.66545014803282],[12.280045842824498,51.66522296609429],[12.279511740874714,51.6711737838895],[12.277315560196895,51.67141633879401],[12.275915419902221,51.68820611673835],[12.278592255856974,51.68739924300422],[12.288535570500871,51.68796595422257],[12.288326960218015,51.69052087297614],[12.295129591710927,51.68898703165744],[12.29778708710124,51.69176570789419],[12.293813255706018,51.69159863220746],[12.292292060939541,51.69379037880832],[12.2882958001501,51.69490370661162],[12.285431362167067,51.70044700968109],[12.28165846688992,51.698391578551195],[12.27866418546174,51.700421110489415],[12.276400756011839,51.70031113901998],[12.275514232665556,51.70432883479697],[12.273518119365278,51.70285671923885],[12.268197291347615,51.70241295671409],[12.26767497814175,51.70537010652848],[12.256084270313943,51.70440820134971],[12.236952182776216,51.6997265859442],[12.233910028741786,51.70408197166605],[12.225583894475951,51.70181909609628],[12.221425629632762,51.70637890104375],[12.198078782735259,51.71590135933626],[12.184239839340496,51.71147080588474],[12.168227108874433,51.71207854510138],[12.165234579385004,51.720788409064525],[12.1705469407871,51.72185471569759],[12.169132618996622,51.727626662336334],[12.170614483288968,51.72789145506409],[12.169390225073904,51.73299408842072],[12.16742152355518,51.73267129464134],[12.167062711258632,51.73645521000731],[12.16958656892545,51.73836236888241],[12.165561561734247,51.74407577698758],[12.17233859167905,51.74540393834994],[12.174450773867067,51.7392078674715],[12.183367098977213,51.73987821530705],[12.196421362454618,51.74365116172821],[12.194312006199926,51.76648287592813],[12.228009981342293,51.75676394504482],[12.22923558820515,51.764489570442045],[12.240363679954672,51.78565663971497],[12.250157026819094,51.78414470515508],[12.26412392569269,51.78515243048017],[12.264636996352689,51.78416397424285],[12.266577680505838,51.78445000837045],[12.268082523974234,51.77985640457749],[12.270354898778582,51.78196409513489],[12.275461680871102,51.78329642672928],[12.279451118260504,51.78771889262345],[12.278014337549955,51.78939008139503],[12.275855849775018,51.78910749379476],[12.27678341575032,51.79056932565918],[12.271845782547295,51.79195698558923],[12.278811740063988,51.80015814209815],[12.2834662160932,51.79930536845265],[12.286248562237777,51.79734683442068],[12.286281775184463,51.79523171770172],[12.282402854217278,51.79141180075062],[12.283876460929967,51.7893919955665]]]}},{"type":"Feature","id":"15082340","properties":{"ags8":"15082340","county_ags5":"15082","state_code":"15","name_de":"Sandersdorf-Brehna","valid_at":"2026-01-01","source":"BKG_VG250_2026","part_count":1,"simplified_tolerance_m":80},"geometry":{"type":"Polygon","coordinates":[[[12.270680435969794,51.641653368907576],[12.272998134284837,51.63305948950386],[12.28009109303521,51.63669759731528],[12.284624814827481,51.626874442259066],[12.282528549657798,51.619495537072495],[12.284693269550436,51.616767664952405],[12.286571194362457,51.60681440504525],[12.281071799180628,51.59975551014205],[12.282599403058088,51.59606711377038],[12.298496657013978,51.59279734108507],[12.300090258570407,51.59329861946827],[12.302984723159707,51.59122066216276],[12.30603496201221,51.59163459300737],[12.306639731361724,51.589911018347635],[12.310976677940406,51.59054932501311],[12.314693906696938,51.584034936849974],[12.321064664096157,51.58493092032316],[12.319759132327281,51.58692251231494],[12.329641912671972,51.58631254777036],[12.337905250106076,51.58992711276665],[12.340983948948445,51.590021851564295],[12.339114467753715,51.58570878625962],[12.337498069889731,51.58640953769233],[12.33641443282363,51.584778735499334],[12.342858766512618,51.58307821782816],[12.343483062326456,51.5814969837066],[12.338998706062112,51.57926307751041],[12.337205899352178,51.58029891142191],[12.319375023490508,51.57757849662609],[12.32055936328073,51.57467151361386],[12.316587810095097,51.57285191966652],[12.313259551839348,51.56849602548794],[12.301203700917283,51.565358794369956],[12.297223659337298,51.56666744685304],[12.296884206061684,51.56510085771211],[12.293213495446004,51.564903402614654],[12.293179328001516,51.56055742888381],[12.285099449826745,51.56142286910658],[12.26871215757642,51.560080921823534],[12.253428342833955,51.56059709895505],[12.250477898892044,51.55894912354852],[12.246400108178474,51.56635269851387],[12.243210899212935,51.56687604623452],[12.237158561272164,51.56215169124239],[12.232903894188967,51.56112541201327],[12.23442274366523,51.55624368063945],[12.235983347779445,51.55628371120073],[12.236045529653415,51.55297119503547],[12.230049516809306,51.55282534203167],[12.231345874099397,51.54734569922233],[12.219018222747225,51.546514160649444],[12.222170761141811,51.54444571373219],[12.21012672782371,51.541921360353605],[12.210220959037185,51.539805257607895],[12.206926171369886,51.53968202973327],[12.207165229841031,51.53525112130791],[12.201469206009234,51.53456857147264],[12.201940622938903,51.53133117088474],[12.198939203556725,51.53132047755306],[12.198035836708016,51.53497803354817],[12.187200484097351,51.534951956299935],[12.169271198725301,51.54983187691343],[12.169784027646184,51.56232384340436],[12.166650387582594,51.56230517254555],[12.166069418429016,51.56379816500014],[12.164845560592076,51.5754147376441],[12.169375269521709,51.576466568821104],[12.16891229532252,51.57842582897593],[12.173726909040319,51.58054430981899],[12.172304121322291,51.58469486843998],[12.17662413297765,51.58472355726056],[12.177537473735093,51.58599738711617],[12.17603346490503,51.58713459099146],[12.170835791150306,51.58602047132546],[12.168421365828364,51.58715246447407],[12.163851823270983,51.586623067431354],[12.163503037793493,51.58855369001994],[12.162019466050673,51.588673576656625],[12.162363686829856,51.59935007222489],[12.157701999939437,51.599100676374405],[12.158359605334272,51.606884201203094],[12.16724971465357,51.6065520295559],[12.166687923563904,51.60779276707651],[12.176324505414755,51.60889814967932],[12.175453277437937,51.61273491893066],[12.201841958296868,51.61419327001794],[12.201575030659345,51.61517797048032],[12.216453032986138,51.617221322877],[12.216046809190733,51.61949489643808],[12.217659379027264,51.62009236352695],[12.218444126884995,51.617507320527515],[12.223062870871267,51.6196267068479],[12.222225735677062,51.622734470470675],[12.21706874114352,51.62189935856641],[12.21506988122136,51.62710958897341],[12.212466972045577,51.62696402448557],[12.213480011519328,51.62412286214024],[12.202483073663268,51.62210284238842],[12.198760663594324,51.62656154823667],[12.195841292102397,51.62661671628339],[12.191948809877124,51.63004700995703],[12.193205302157452,51.633133519636104],[12.19189500419154,51.634457086540756],[12.246138234346445,51.645105163555264],[12.265382533717236,51.64416231099873],[12.270680435969794,51.641653368907576]]]}},{"type":"Feature","id":"15082377","properties":{"ags8":"15082377","county_ags5":"15082","state_code":"15","name_de":"Südliches Anhalt","valid_at":"2026-01-01","source":"BKG_VG250_2026","part_count":1,"simplified_tolerance_m":80},"geometry":{"type":"Polygon","coordinates":[[[12.073938887886799,51.786903462872644],[12.07559052136804,51.78683653288934],[12.079452201813554,51.781044528937606],[12.083250457078364,51.78306335770075],[12.0891948162879,51.783793615858066],[12.096333495305052,51.77636441603872],[12.094886879740903,51.77564606522091],[12.099546234244597,51.769950574650174],[12.109472520173536,51.76437240166575],[12.11298503221254,51.759951614542594],[12.114123144542654,51.755355391763956],[12.118268663088223,51.754346539828376],[12.12482732315415,51.75595182981745],[12.119054220006335,51.76222630375584],[12.117101669971698,51.76826068038637],[12.128174506297576,51.77532264354858],[12.147367049960366,51.77568401600376],[12.152298069308083,51.77446361900596],[12.157952562463082,51.775995300032605],[12.194312006199926,51.76648287592813],[12.196421362454618,51.74365116172821],[12.183367098977213,51.73987821530705],[12.174450773867067,51.7392078674715],[12.17233859167905,51.74540393834994],[12.165561561734247,51.74407577698758],[12.16958656892545,51.73836236888241],[12.167062711258632,51.73645521000731],[12.16742152355518,51.73267129464134],[12.169390225073904,51.73299408842072],[12.170614483288968,51.72789145506409],[12.169132618996622,51.727626662336334],[12.1705469407871,51.72185471569759],[12.165234579385004,51.720788409064525],[12.168765906440509,51.71077758101085],[12.152316460473347,51.70798958571726],[12.167491440535866,51.69491352228862],[12.165346016979482,51.694448835788215],[12.16658870124382,51.69166732221361],[12.177757558274509,51.69224749135532],[12.176473571585992,51.6885754169204],[12.1590078282987,51.68439336335971],[12.142614747455312,51.67693216717496],[12.119804685210394,51.65757642950913],[12.110004510083286,51.65390330684326],[12.11156515291482,51.65161520235688],[12.085029432672814,51.64726797721508],[12.084095752191333,51.6495870499155],[12.08739604847655,51.65094743374887],[12.087651210373323,51.65279370157384],[12.086700101606153,51.6655171130988],[12.069425842254176,51.665904509001024],[12.067833430915707,51.663857875801476],[12.063065622505661,51.665492314405775],[12.06115964625793,51.664612809579964],[12.06096448953429,51.66113947127199],[12.03258142874673,51.6629154936683],[12.02736955305221,51.67022473125856],[12.01378395269079,51.66801717858989],[12.006951404302047,51.64606213261765],[11.976532453938946,51.646702802312205],[11.967867308188334,51.64349950115439],[11.956431350192416,51.64225532149741],[11.947756013997127,51.64291710163353],[11.94519874512014,51.645543368894764],[11.934719255877194,51.64671394866598],[11.926123596496758,51.646179823609344],[11.924983132581701,51.64519369273103],[11.912440772653003,51.648421969152615],[11.90698157110165,51.65244611938806],[11.89415761201102,51.657402883144485],[11.892547756420324,51.659644301551374],[11.886223968152795,51.66245393418859],[11.885881138593232,51.6654631890973],[11.883034936859916,51.664704529249846],[11.873357773578928,51.66761580836925],[11.862346354348627,51.67829742200816],[11.8506252759646,51.67983548910843],[11.84732489350812,51.682275486646084],[11.838237895464195,51.683359387102186],[11.839717490840517,51.68741852444048],[11.842736770848516,51.68819406809857],[11.846232671678084,51.701704614884584],[11.884148996227982,51.70287770858725],[11.887881640583652,51.71900038648854],[11.883726539574813,51.72000502095543],[11.884685905900984,51.723934724101284],[11.886845968460454,51.72398141864968],[11.88781686971294,51.72637238254851],[11.887555938493492,51.731135131610685],[11.893449271663027,51.73100293655815],[11.893210889849826,51.72841445182598],[11.906860610392382,51.727038365559814],[11.908450555294277,51.7283241094558],[11.918662604936516,51.72776722239724],[11.916410794764598,51.71449878314322],[11.936537846565678,51.71226976732127],[11.937535774971304,51.715971453124],[11.947422228494577,51.715401264023086],[11.94560887942503,51.70890908316796],[11.954648537495649,51.707160721849775],[11.960495949437442,51.70429811282417],[11.958985103182656,51.701604434455604],[11.971057832610752,51.6995346854232],[11.976735292429817,51.69150987151999],[11.983454692870673,51.69201065896278],[11.982470678828214,51.69559514328848],[11.99172056941004,51.69708140063611],[11.998375264754184,51.69556888817211],[11.999852507814479,51.6887535963774],[12.019614562019536,51.69318127787949],[12.018882134037893,51.6951434146782],[12.0143070212405,51.69601095926449],[12.013683968191161,51.69801872579946],[12.017663534268404,51.69860601952698],[12.016256692015936,51.70188265922166],[12.019529983306205,51.70368657981853],[12.020718336321888,51.70890349564633],[12.018679319486766,51.71114380241377],[12.021695727393162,51.711962106137875],[12.020504773778882,51.713024920486355],[12.015945771044215,51.71191686448638],[12.015786619093916,51.712894988027465],[12.013524110619226,51.71285252348067],[12.013792709370296,51.71170635573577],[12.012100130799682,51.71151373103079],[12.01176117739429,51.71285124936321],[12.00676015924474,51.71343877648761],[12.00320036019763,51.72172120503463],[12.015143070960352,51.72699690418926],[12.003478051383372,51.73481138493418],[12.011924805704869,51.737480555608414],[12.013070453814239,51.74691838332693],[12.015836519009627,51.75042759440563],[12.018793518429609,51.749918826438766],[12.019466245637854,51.75098382489752],[12.027014939683266,51.74778316427977],[12.037776940730701,51.745925590139876],[12.03745247670946,51.7434999995183],[12.04682502096933,51.74701634647103],[12.053081843250466,51.747172534967476],[12.054050150137277,51.742946004597634],[12.058235531662984,51.74422419977165],[12.057470324965111,51.74737032762826],[12.062885950682151,51.74899574026768],[12.06450262854001,51.74692699545714],[12.066406388957455,51.74763984973696],[12.065495332616976,51.74903270080114],[12.071338334214877,51.750526591986464],[12.070727492359147,51.762866701746646],[12.067374710372144,51.761316041263086],[12.063904190362875,51.76294012408197],[12.062456158971159,51.76723320404289],[12.061274947209153,51.76704182380665],[12.062620085178636,51.762705127235215],[12.061161501149053,51.76249319185305],[12.059836061765564,51.766367354764604],[12.056790197771347,51.764812357244914],[12.054190873544169,51.77193978329648],[12.078139312084474,51.78041417275162],[12.069985464650873,51.78922333108901],[12.07289565391807,51.79156916890312],[12.073938887886799,51.786903462872644]]]}},{"type":"Feature","id":"15082430","properties":{"ags8":"15082430","county_ags5":"15082","state_code":"15","name_de":"Zerbst/Anhalt","valid_at":"2026-01-01","source":"BKG_VG250_2026","part_count":1,"simplified_tolerance_m":80},"geometry":{"type":"Polygon","coordinates":[[[12.282880775616809,52.1037822395519],[12.292239006489782,52.10138379891689],[12.300142163206974,52.09621739139345],[12.315823508064623,52.092371914510544],[12.319607586207558,52.08912020476323],[12.320463342645247,52.08342458206811],[12.329030217787741,52.06963158949054],[12.333114912088469,52.06606204204735],[12.348085072720094,52.05929658676345],[12.35977739547096,52.046500084764325],[12.376122474587248,52.045119281353266],[12.373824179615548,52.02764573860757],[12.375935132698897,52.022609733115225],[12.368990832899701,52.02256589002014],[12.365031867548275,52.02772967096671],[12.354539089065929,52.02689466321772],[12.339458005423019,52.0190124426005],[12.331555280201552,52.011108200757455],[12.32964790210278,52.00647667344158],[12.325799533100973,52.006130822288206],[12.326711852756082,52.003804411080345],[12.321729656667578,51.99990370565682],[12.309844454962445,51.99613489667039],[12.294542563003537,51.996951304572875],[12.277987538958376,51.99481522950212],[12.27861862455108,51.993438162187964],[12.273383513535133,51.992625469431275],[12.267974870929738,51.98922380588594],[12.255463271872104,51.98752841403378],[12.25911672194692,51.98252579733611],[12.254677930035246,51.981538576372415],[12.254141943459546,51.9782263466869],[12.252013774855445,51.9770699977594],[12.256269925720382,51.977115253755656],[12.26246572000314,51.979084150563175],[12.262862457509714,51.98067086262508],[12.269344591748688,51.98061969068705],[12.27541601464417,51.97900869151515],[12.280126510912675,51.979487209085555],[12.281266520186724,51.970292467146976],[12.265071281492322,51.97039876939711],[12.249854623640564,51.96603463937725],[12.241682615779194,51.968304948891664],[12.229973752299136,51.96894098140081],[12.229672243559117,51.96161491152191],[12.20776659031525,51.961607374002064],[12.206292360890236,51.95609501127896],[12.208068389557013,51.95685232016994],[12.21179652313792,51.95569204055665],[12.212036515510057,51.952485651609486],[12.210517712464155,51.95225991202812],[12.211837217684824,51.94965081446109],[12.205021421170787,51.94861823161849],[12.207130539660481,51.94580919530993],[12.21025662928133,51.9454246491909],[12.209858629217576,51.94135069782964],[12.19885108656314,51.93585790739075],[12.197942387502383,51.93686062348904],[12.188284313845521,51.933929923790586],[12.188267973894968,51.928396615737284],[12.177581493712124,51.92710823654156],[12.174936277433945,51.93046390739641],[12.170658387263753,51.93141919263163],[12.168774563283906,51.92961733137196],[12.164160471145873,51.92981613819782],[12.155028857421863,51.92691461253289],[12.15753489008798,51.92134299458323],[12.164705861092628,51.920864909143646],[12.168971929784329,51.91934748849286],[12.169239914211987,51.91340910663741],[12.17431008550995,51.91227128037868],[12.173285883953694,51.9103811943066],[12.184555588774332,51.90708673951089],[12.184259867982222,51.90162979287151],[12.177110202920515,51.90171450636042],[12.177107159490173,51.90360406541386],[12.166439228506471,51.90384410011768],[12.165747200225598,51.90202727563949],[12.137670063603403,51.903515192977935],[12.13586275140099,51.896539956765025],[12.122585495950592,51.89819759263031],[12.119786624795184,51.89515861001488],[12.114159224035522,51.878787613406416],[12.113766260960434,51.871396910905084],[12.096652420254728,51.86957676733477],[12.067083316253653,51.860973091054625],[12.054644860500929,51.85886922521544],[12.042905349294033,51.85934626600149],[12.023863775083246,51.863083177091966],[12.018296467744861,51.86783314083889],[12.019558851819834,51.880395325727996],[12.014597964064334,51.88727865656629],[11.985815855403255,51.9044128941654],[11.972508669421456,51.91030968142477],[11.967472921991423,51.91564426115712],[11.967465782477962,51.922635087447745],[11.965061945840214,51.92570573815489],[11.945723606289146,51.93398573754984],[11.932571558770103,51.94662362011558],[11.92463168341935,51.95155928351371],[11.91260364054405,51.95666894297648],[11.899357485692082,51.96817937349128],[11.885070958514314,51.97732518165838],[11.883856164997248,51.988612121616214],[11.890805287857974,52.00139634359616],[11.921361363455537,52.001085042117516],[11.927759865026104,52.00381744881952],[11.937104482257583,52.003776409254506],[11.952307689405606,52.00839055333182],[11.952566507556858,52.01283177596981],[11.96066819082439,52.01630442717958],[11.959852231503092,52.01768192678343],[11.96410156211283,52.0205807126952],[11.96649704170607,52.02476171501325],[11.98691004795165,52.02595725663598],[11.994258032707434,52.03340462875869],[12.004150350653578,52.033478139436404],[12.003903465475641,52.03087219404126],[12.005978486578936,52.030108259352296],[12.017345947094265,52.038978867944344],[12.020783216970642,52.050118035685536],[12.025371283753485,52.04899781728143],[12.032430307886381,52.05882172330317],[12.033470905115005,52.06455725251523],[12.054911709586738,52.05768504819973],[12.059504561511709,52.05755310562924],[12.071089042342672,52.06670376978937],[12.075557718542067,52.073050550108526],[12.074610991116382,52.075636126991036],[12.098134823490236,52.07529006113216],[12.106901594237376,52.07339723064039],[12.108196603252237,52.07203924741687],[12.118544440764229,52.07194429250183],[12.127999483863459,52.06935048180867],[12.135330394910543,52.06941215660311],[12.157514387729398,52.074819084224316],[12.178396120060858,52.07646151587584],[12.18485991897407,52.078691654181775],[12.195016751789918,52.086717138677706],[12.204571467305968,52.08874034469757],[12.206255231526486,52.09854107160798],[12.212852014254288,52.102234353928424],[12.23440335384096,52.103038830658775],[12.244938064853379,52.10132576362222],[12.266906977919279,52.10030388294537],[12.272849324335677,52.10170032060495],[12.276724287666761,52.10401797860795],[12.282880775616809,52.1037822395519]],[[12.116481115631531,51.89954044060327],[12.119666204399126,51.899128174261065],[12.122381363424248,51.90715293733708],[12.119549820470489,51.907704411419516],[12.116481115631531,51.89954044060327]]]}},{"type":"Feature","id":"15082440","properties":{"ags8":"15082440","county_ags5":"15082","state_code":"15","name_de":"Zörbig","valid_at":"2026-01-01","source":"BKG_VG250_2026","part_count":1,"simplified_tolerance_m":80},"geometry":{"type":"Polygon","coordinates":[[[12.198078782735259,51.71590135933626],[12.221425629632762,51.70637890104375],[12.22447350869706,51.70309507212867],[12.218539038178506,51.70164268096916],[12.223748278687115,51.68617946783734],[12.201928633321392,51.687656258889014],[12.202385849624767,51.68399630365209],[12.200531487565879,51.68260021528817],[12.198788496246488,51.68302220589359],[12.20773139303682,51.67761078950804],[12.211853580717417,51.67075160220459],[12.20024868384974,51.665885755863364],[12.17858357377741,51.65986078163358],[12.178942178107562,51.65421201608158],[12.18598468089683,51.65495951765052],[12.188145849718468,51.6533647829353],[12.187810059867676,51.65223825664063],[12.184230838574623,51.65164047098722],[12.186211533125535,51.642977564492746],[12.182507802901146,51.641882398967724],[12.180640818110458,51.64274082402997],[12.182562191662564,51.64019646741897],[12.179679794034632,51.63914423579732],[12.18245702651339,51.635904654877734],[12.19189500419154,51.634457086540756],[12.193205302157452,51.633133519636104],[12.191948809877124,51.63004700995703],[12.195841292102397,51.62661671628339],[12.198760663594324,51.62656154823667],[12.202483073663268,51.62210284238842],[12.213480011519328,51.62412286214024],[12.212466972045577,51.62696402448557],[12.21506988122136,51.62710958897341],[12.21706874114352,51.62189935856641],[12.222225735677062,51.622734470470675],[12.223062870871267,51.6196267068479],[12.218444126884995,51.617507320527515],[12.217659379027264,51.62009236352695],[12.216046809190733,51.61949489643808],[12.216453032986138,51.617221322877],[12.201575030659345,51.61517797048032],[12.201841958296868,51.61419327001794],[12.175453277437937,51.61273491893066],[12.176324505414755,51.60889814967932],[12.166687923563904,51.60779276707651],[12.16724971465357,51.6065520295559],[12.158359605334272,51.606884201203094],[12.157701999939437,51.599100676374405],[12.162363686829856,51.59935007222489],[12.162019466050673,51.588673576656625],[12.163503037793493,51.58855369001994],[12.163851823270983,51.586623067431354],[12.168421365828364,51.58715246447407],[12.170835791150306,51.58602047132546],[12.17603346490503,51.58713459099146],[12.177537473735093,51.58599738711617],[12.17662413297765,51.58472355726056],[12.172304121322291,51.58469486843998],[12.173726909040319,51.58054430981899],[12.16891229532252,51.57842582897593],[12.169375269521709,51.576466568821104],[12.164845560592076,51.5754147376441],[12.164302148138953,51.58112754921146],[12.120198418373118,51.58008562161596],[12.059131457577784,51.584678609940454],[12.046280816779463,51.584388773685696],[12.040035091151227,51.58979743648501],[12.031617461987233,51.59024511153033],[12.03138614208782,51.59522255265771],[12.040164366213892,51.59620374258226],[12.039986162026935,51.597286401804],[12.0459791336043,51.598160386735714],[12.044125317235517,51.603997272692936],[12.042584371219057,51.60415239032854],[12.044103703079307,51.611925015082925],[12.050064449368465,51.611374026887944],[12.050574041689762,51.61512898896905],[12.035002735756962,51.615498985542416],[12.034569531551488,51.61895992527984],[12.027294243299409,51.6200034491373],[12.026868833890397,51.621008873472825],[12.028562101967955,51.621320278855976],[12.027730913853391,51.62844267171474],[12.042429582844482,51.63429843882017],[12.041778026169172,51.64047043485878],[12.039507775183983,51.64071624380905],[12.039936402033089,51.64373229019631],[12.006951404302047,51.64606213261765],[12.01378395269079,51.66801717858989],[12.02736955305221,51.67022473125856],[12.03258142874673,51.6629154936683],[12.057648314506046,51.66118395651765],[12.06096448953429,51.66113947127199],[12.06115964625793,51.664612809579964],[12.063065622505661,51.665492314405775],[12.067833430915707,51.663857875801476],[12.069425842254176,51.665904509001024],[12.086700101606153,51.6655171130988],[12.087651210373323,51.65279370157384],[12.08739604847655,51.65094743374887],[12.084095752191333,51.6495870499155],[12.085029432672814,51.64726797721508],[12.11156515291482,51.65161520235688],[12.110004510083286,51.65390330684326],[12.119804685210394,51.65757642950913],[12.142614747455312,51.67693216717496],[12.1590078282987,51.68439336335971],[12.176473571585992,51.6885754169204],[12.177757558274509,51.69224749135532],[12.16658870124382,51.69166732221361],[12.165346016979482,51.694448835788215],[12.167491440535866,51.69491352228862],[12.152316460473347,51.70798958571726],[12.168765906440509,51.71077758101085],[12.168227108874433,51.71207854510138],[12.184239839340496,51.71147080588474],[12.198078782735259,51.71590135933626]]]}},{"type":"Feature","id":"15083020","properties":{"ags8":"15083020","county_ags5":"15083","state_code":"15","name_de":"Altenhausen","valid_at":"2026-01-01","source":"BKG_VG250_2026","part_count":1,"simplified_tolerance_m":80},"geometry":{"type":"Polygon","coordinates":[[[11.26119031670842,52.30862214868591],[11.269214679923724,52.303772168205946],[11.266103008360737,52.30370214143114],[11.262794145745218,52.30238309229168],[11.263233232110231,52.30145389420153],[11.271430373547409,52.30121257131293],[11.276698319547881,52.29615977868403],[11.27157654621372,52.29785977723725],[11.26941386740834,52.294812626664545],[11.270147200787578,52.286218379785964],[11.272142840466262,52.28627749855953],[11.271964475401765,52.28442581966359],[11.280297032025715,52.28256011558488],[11.279786599025444,52.281763838792315],[11.287245130516256,52.27870707514585],[11.294370445192056,52.280070098043964],[11.296564499252366,52.27892224882226],[11.290976079750395,52.277169374654186],[11.292310143581135,52.272978176927055],[11.290620003423228,52.2716945372627],[11.298950090274335,52.26210481357569],[11.30092947211772,52.251397168614254],[11.303325582138244,52.25098536713677],[11.3045671414558,52.23728783991699],[11.29906948797724,52.23739611456335],[11.299859055048255,52.23482739256203],[11.302019450115969,52.23439019844659],[11.301434415756596,52.236094089212735],[11.302783029456993,52.23613902397517],[11.303420208087307,52.232428984603786],[11.301040403178538,52.233704168965346],[11.297742616047838,52.23360925356047],[11.297794634394899,52.22992112825232],[11.301088801141221,52.22982717832723],[11.30327762915743,52.22441574859633],[11.300535432403905,52.21954254462713],[11.292220424745683,52.21945243752992],[11.28935867343947,52.2216210557071],[11.287029062709744,52.2215644362365],[11.283586925016058,52.22913347783921],[11.26020189133959,52.226972628446546],[11.254105880652927,52.23908182358635],[11.258002188784333,52.2390302438017],[11.253830463539297,52.24013591285466],[11.256827508594782,52.24499202097832],[11.244211891814643,52.2494693496491],[11.243629536821706,52.252369171801206],[11.24804665788436,52.254491339741406],[11.241913600646516,52.25853198380783],[11.24166008274699,52.26183449219077],[11.226603711760236,52.26442716487364],[11.226467394242832,52.26142387742606],[11.222962198322795,52.263136014839034],[11.222995317324324,52.26154381481455],[11.20978645290151,52.26280326783477],[11.207539048325483,52.264173018336855],[11.207798499724609,52.26739090963182],[11.198358661113346,52.26799453950374],[11.198153449012496,52.27077527664357],[11.196384867290591,52.271096255136804],[11.196282574328759,52.26878952466031],[11.18499916887605,52.27202952416087],[11.180697570658381,52.277477561474925],[11.180627362394642,52.28254170715115],[11.17125729209597,52.29442187481321],[11.178810935025231,52.29534172864791],[11.187201512856907,52.294663830803955],[11.19414665043955,52.29766437549899],[11.198832942787856,52.29789013352484],[11.203868220442065,52.296429475666095],[11.229214216770846,52.3007751300846],[11.241972396820744,52.31097948416806],[11.26119031670842,52.30862214868591]]]}},{"type":"Feature","id":"15083025","properties":{"ags8":"15083025","county_ags5":"15083","state_code":"15","name_de":"Am Großen Bruch","valid_at":"2026-01-01","source":"BKG_VG250_2026","part_count":1,"simplified_tolerance_m":80},"geometry":{"type":"Polygon","coordinates":[[[11.064028315763803,52.0856812983944],[11.078566218459343,52.08302116561056],[11.078971779968432,52.07934025817727],[11.089265892011582,52.078354393310896],[11.101732116911062,52.074973027741095],[11.099959139685806,52.07226546056702],[11.105209370410373,52.07082672608514],[11.10980005827515,52.07137903424766],[11.10974488669271,52.06510976853304],[11.135070047016848,52.06328656467956],[11.13607811596212,52.06128428218492],[11.130256225818439,52.059246311124504],[11.131348956349347,52.05702773561493],[11.128827230148747,52.057220958995856],[11.13092518762034,52.03182553343425],[11.16525171232832,52.02559409968101],[11.168285163179638,52.02463262626592],[11.167466814543848,52.02210725879163],[11.170641351915261,52.021553935619046],[11.168435438794486,52.006491605712284],[11.16729703828573,52.00505174092048],[11.15940513092247,52.00575153757327],[11.15815972476854,52.00059521833361],[11.153916385490826,52.00115716570018],[11.154013805267441,51.998661455437826],[11.152868775261295,52.00030525331624],[11.111656834975657,52.000235684214424],[11.109535599362548,52.002891176520684],[11.098086500281381,52.00338097902213],[11.091786708300267,52.00646183722112],[11.092192356593944,52.01185697673548],[11.08449322351595,52.01167910595854],[11.083637988866204,52.026786258500444],[11.078639273770087,52.025875130916035],[11.074540655731179,52.02348424881697],[11.069817806135804,52.02359687343479],[11.068666498757294,52.02480772598221],[11.06700632910597,52.02847666829103],[11.07015749965176,52.037852533956716],[11.062036443366113,52.03960466668138],[11.061917730673013,52.03677629307787],[11.057541171375489,52.03669789382707],[11.025374030421672,52.0399023107476],[11.01976741812611,52.0419687641972],[11.015867108861972,52.04532286780896],[11.021615689304687,52.06315297357009],[11.03803270168512,52.066759011838265],[11.044385808122188,52.06590265239992],[11.05036682232819,52.06687365511462],[11.058144193020885,52.07621029652658],[11.053752226178663,52.077571007251926],[11.055632487467282,52.083283052915654],[11.062703942937592,52.08250334156609],[11.064028315763803,52.0856812983944]]]}},{"type":"Feature","id":"15083030","properties":{"ags8":"15083030","county_ags5":"15083","state_code":"15","name_de":"Angern","valid_at":"2026-01-01","source":"BKG_VG250_2026","part_count":1,"simplified_tolerance_m":80},"geometry":{"type":"Polygon","coordinates":[[[11.817188626537211,52.41486030376657],[11.840619072218912,52.400968743264976],[11.835040109142046,52.389936106042924],[11.836140606362182,52.38622709982507],[11.834223008705665,52.381661715718835],[11.826311658130145,52.37806142959135],[11.818099335325732,52.37217024680178],[11.828088543248265,52.37203323369872],[11.83064025856597,52.3631666469552],[11.84341760059279,52.35466610199821],[11.854530502843488,52.35610248910474],[11.85714812521714,52.34736795868703],[11.84503090906275,52.345948327636265],[11.84783721891698,52.336615816191944],[11.851885748433324,52.33157799917813],[11.844205211778974,52.33005414964653],[11.834916002305267,52.330211811039355],[11.818309880583746,52.334209281385505],[11.821976870896576,52.34111385336055],[11.820267929360647,52.346467541716905],[11.817144996452125,52.34864377671537],[11.799317894433496,52.35440701787118],[11.795050549650671,52.354314009929325],[11.788673629491463,52.35052349596911],[11.787208474919618,52.34442332215871],[11.790518155648167,52.34130342790277],[11.792297438421308,52.34205937420527],[11.796847276002707,52.33845070831881],[11.793097779631111,52.335064073049544],[11.787190472553752,52.34179134094163],[11.783968220109813,52.3432537963941],[11.783024598386332,52.341502752855284],[11.778998962481412,52.342045494090705],[11.776336330173784,52.341175315327156],[11.772126251020149,52.337702997870544],[11.764333546319229,52.33525776851396],[11.758744070102368,52.33491174892536],[11.758431069838135,52.335796531204885],[11.74411034681701,52.33352620838789],[11.73539907307581,52.33765488172509],[11.731347688273347,52.34415479026315],[11.724156977699726,52.344363254009565],[11.720092897472764,52.348308356997315],[11.716674387829267,52.34899067116269],[11.707995159077594,52.349042333290456],[11.70325208976036,52.346337576234276],[11.69679813995021,52.34554759035046],[11.696244800242653,52.342962623429116],[11.693108127607164,52.34208537194483],[11.685203364227071,52.34249648301849],[11.678961487669064,52.3447603125277],[11.673986558895184,52.344306701125454],[11.66943968335329,52.350188616271126],[11.690522214735214,52.364813603165835],[11.69984183005154,52.37544243946767],[11.708126044289129,52.378552495165366],[11.709034531267081,52.38009042500089],[11.72332676245189,52.38029653899674],[11.729218775979827,52.381831605188104],[11.729674656632982,52.39336616326373],[11.739544718576065,52.39860494878205],[11.754643586983251,52.399608860958224],[11.75918013209061,52.40250265095865],[11.767074480112505,52.402410701360544],[11.774111162712462,52.39955698505391],[11.779543172462981,52.40235057874618],[11.78237981992959,52.40023359504431],[11.785679272830604,52.4019702924221],[11.782540601986387,52.40432443530549],[11.78580897198526,52.40804926930434],[11.797547849802761,52.404559146819295],[11.80201167522414,52.40787488052623],[11.802630999694326,52.4114840146651],[11.806068937909291,52.411959191280395],[11.807750700402961,52.413582996237196],[11.81535092265423,52.41338731120755],[11.817188626537211,52.41486030376657]]]}},{"type":"Feature","id":"15083035","properties":{"ags8":"15083035","county_ags5":"15083","state_code":"15","name_de":"Ausleben","valid_at":"2026-01-01","source":"BKG_VG250_2026","part_count":1,"simplified_tolerance_m":80},"geometry":{"type":"Polygon","coordinates":[[[11.147059968079871,52.12514434928031],[11.165911836113624,52.123196037213226],[11.165510511477462,52.12035682037616],[11.168616374033892,52.114365922151066],[11.17465244335369,52.11376078133802],[11.174671176730174,52.11183127950133],[11.182994301764989,52.10777317435117],[11.181652298904922,52.10682641893288],[11.183998669388375,52.10570130648667],[11.180758445162738,52.10372825192142],[11.178381182414718,52.10462456514303],[11.166260972743508,52.10305066264488],[11.15143640460971,52.10333414088918],[11.137548494066609,52.09630309378633],[11.140262819507013,52.09511922142827],[11.141378542209747,52.09037287680584],[11.145624622409136,52.09036721709794],[11.153649695208834,52.082615568288226],[11.16281815979951,52.08458016907279],[11.161752107353397,52.08776568490744],[11.169517115352575,52.088255488247675],[11.168936687730978,52.090810036565735],[11.17834961647577,52.08984301717969],[11.178797508585069,52.090822589121366],[11.180338260431407,52.09034607575074],[11.17960763375163,52.089226596803755],[11.187880636941783,52.08698367550997],[11.18369955710631,52.085685425788675],[11.170163422337499,52.08464681254846],[11.166584052547472,52.078035101815445],[11.171688414743516,52.07523839546796],[11.171339230652677,52.07433185678725],[11.165123018280966,52.0744925998363],[11.163470342309857,52.06929364389048],[11.153840132525293,52.0715326134849],[11.151216548332119,52.07078237996091],[11.150280662052177,52.06862866431797],[11.148168564935146,52.0689280001956],[11.146973380421509,52.06700054360244],[11.137696765042058,52.06327255220758],[11.10974488669271,52.06510976853304],[11.10980005827515,52.07137903424766],[11.105209370410373,52.07082672608514],[11.099959139685806,52.07226546056702],[11.101732116911062,52.074973027741095],[11.09238053157668,52.077628368516756],[11.078971779968432,52.07934025817727],[11.078566218459343,52.08302116561056],[11.064028315763803,52.0856812983944],[11.062703942937592,52.08250334156609],[11.054372792062612,52.08414342936213],[11.055291463366713,52.088702722287984],[11.058767667647503,52.087702915529896],[11.059254282866885,52.09281874026],[11.065051031012413,52.092755462687514],[11.065027915048812,52.09090262084806],[11.073769085900793,52.090438163327036],[11.07440185912938,52.09888133725442],[11.069965953216427,52.09804808235749],[11.069595614488478,52.10111710457665],[11.068093650367619,52.10131315281623],[11.068627658504317,52.106617580163125],[11.075164924708636,52.104913226707986],[11.07619382142779,52.11230203428461],[11.112648544225687,52.11256133573502],[11.114648021600063,52.11303527381374],[11.114331109865065,52.11440018918674],[11.119279594869104,52.11516852610279],[11.1194395216042,52.11838055508276],[11.123737714131979,52.11888176404127],[11.12203085145407,52.121445677503516],[11.127237294019261,52.12312344566527],[11.147059968079871,52.12514434928031]]]}},{"type":"Feature","id":"15083040","properties":{"ags8":"15083040","county_ags5":"15083","state_code":"15","name_de":"Barleben","valid_at":"2026-01-01","source":"BKG_VG250_2026","part_count":1,"simplified_tolerance_m":80},"geometry":{"type":"MultiPolygon","coordinates":[[[[11.589804554010083,52.22655799766193],[11.583184202586741,52.218639448715756],[11.582134009478652,52.21576152269608],[11.591703886980449,52.22029810799881],[11.600541084012491,52.22173736440201],[11.614440564928731,52.22115002755114],[11.613972217585282,52.222944417061065],[11.616728722656351,52.22306265822206],[11.616614090840141,52.22435003040814],[11.623735437822623,52.224463302372236],[11.623956585761244,52.222167465473454],[11.636644231989713,52.22231752960117],[11.637142542187036,52.2205857239515],[11.639783639463625,52.22077649131286],[11.64751373136703,52.1986895000826],[11.624239440610328,52.18587806953678],[11.604840221134923,52.180751607126105],[11.598042235301133,52.182820155949585],[11.553908461639832,52.17128550816804],[11.554096883046126,52.17463408016046],[11.548531295541949,52.17509603651634],[11.550106065249683,52.180896031358415],[11.556300928043026,52.18129807701752],[11.556898659744801,52.184012119859055],[11.563482460318621,52.187998827309684],[11.563410933288809,52.18931275965367],[11.571158247897172,52.19014315941733],[11.571118583238736,52.195261770638076],[11.576335160698335,52.202869835997774],[11.536873255389773,52.203838931480995],[11.536259350659,52.20643482722146],[11.544953094944473,52.20883287594444],[11.543064893691781,52.21393154895445],[11.543910450150454,52.22010375913869],[11.549092262486038,52.21998650028869],[11.551030580538942,52.22398127474629],[11.563335117630524,52.221542907949875],[11.573363977194598,52.22939602896968],[11.576361233305697,52.23652915195049],[11.580371853651949,52.23744114645559],[11.584573840721687,52.236662810530035],[11.5909632282305,52.23268207123639],[11.589804554010083,52.22655799766193]]],[[[11.68901302378093,52.20854486713367],[11.700010090947384,52.20594830355133],[11.70447248745998,52.206024702010765],[11.704800118263869,52.20378417432569],[11.70319210202287,52.20283093894135],[11.705041595245556,52.200815351160074],[11.711125235125923,52.20384834745532],[11.714176978697388,52.2079013301809],[11.71416285022138,52.20683102256887],[11.711850242469561,52.20304041700243],[11.704551915034864,52.199470971921635],[11.688786075773816,52.19892931469463],[11.688668283898801,52.205593739218855],[11.682766608434237,52.213328836244735],[11.688675992478517,52.21340344869332],[11.68901302378093,52.20854486713367]]]]}},{"type":"Feature","id":"15083060","properties":{"ags8":"15083060","county_ags5":"15083","state_code":"15","name_de":"Beendorf","valid_at":"2026-01-01","source":"BKG_VG250_2026","part_count":1,"simplified_tolerance_m":80},"geometry":{"type":"Polygon","coordinates":[[[11.06281734114628,52.258490721347734],[11.066395898430006,52.25750248500765],[11.076294163408658,52.2601895254053],[11.079731196956555,52.25960631088421],[11.079237825211628,52.25142613019203],[11.087367475246447,52.25170816159685],[11.09710094500483,52.25412447106835],[11.104551346416887,52.24139617075317],[11.098898289188993,52.23930699177874],[11.100851515621287,52.23517038582727],[11.103375208986337,52.2354908629482],[11.102455805651172,52.237490056217034],[11.103842141923437,52.2376671047282],[11.104511781727991,52.23406599108034],[11.098316275587518,52.234851791360526],[11.091970276684707,52.22888954707469],[11.087731470674864,52.22836784237967],[11.07996352252689,52.23434929003795],[11.078563588223078,52.23941985738205],[11.07326749974325,52.24323968925413],[11.069573155105761,52.241715242235244],[11.058907194323892,52.240651769113775],[11.059675155130124,52.24256149271468],[11.052367339885404,52.25373644878564],[11.0595076142638,52.261992848825074],[11.06281734114628,52.258490721347734]]]}},{"type":"Feature","id":"15083115","properties":{"ags8":"15083115","county_ags5":"15083","state_code":"15","name_de":"Bülstringen","valid_at":"2026-01-01","source":"BKG_VG250_2026","part_count":1,"simplified_tolerance_m":80},"geometry":{"type":"Polygon","coordinates":[[[11.340784198056419,52.34617625471822],[11.346542329729674,52.34389625260967],[11.35615025594464,52.33471937330586],[11.364059882033695,52.3319022137474],[11.3663252038248,52.326483897884536],[11.374631291721094,52.32018872956543],[11.370787576073706,52.31654225699778],[11.36237380751098,52.312251805853315],[11.363420384051755,52.305073784049874],[11.368883856078966,52.30230004660678],[11.369111115277656,52.29810702237953],[11.36236047793771,52.29792231022595],[11.349654539284673,52.30014752944313],[11.34898947901863,52.30179151889366],[11.33831594262999,52.30708601128125],[11.32692825001954,52.31008225754345],[11.325057875689275,52.30783521525782],[11.321904774798682,52.30792881557396],[11.317052177232629,52.30574038238793],[11.30452824214121,52.30611285466076],[11.292667921243233,52.323370739702746],[11.301886916280761,52.32424488025372],[11.301564354267063,52.32756588018051],[11.309230244146173,52.32854876075961],[11.31040050422924,52.33484575900422],[11.304320064333051,52.336379682595],[11.3037784334715,52.34552130799235],[11.292529286561491,52.34386024092139],[11.285065744254055,52.352084856639074],[11.291214521379684,52.352611120694675],[11.289584695743171,52.35766748624022],[11.285993413636865,52.36063207720681],[11.293154872571701,52.36080634185183],[11.301822181589152,52.363248526102566],[11.301671979534646,52.36413503205249],[11.31801976250212,52.36687537435521],[11.330277245121332,52.36573949731935],[11.334950022486455,52.364187115976165],[11.332964700763782,52.35535076355769],[11.340784198056419,52.34617625471822]]]}},{"type":"Feature","id":"15083120","properties":{"ags8":"15083120","county_ags5":"15083","state_code":"15","name_de":"Burgstall","valid_at":"2026-01-01","source":"BKG_VG250_2026","part_count":1,"simplified_tolerance_m":80},"geometry":{"type":"MultiPolygon","coordinates":[[[[11.638667337224001,52.46457723427963],[11.662596761983481,52.462882467607194],[11.673156375866627,52.46407516612704],[11.690979095573134,52.45925917021371],[11.696873818491403,52.458346251271415],[11.700075881990228,52.459159819353204],[11.716775109280869,52.42771901965058],[11.72591806288114,52.429732502309804],[11.732956926700089,52.424379199021395],[11.73049480821951,52.42311821429247],[11.729878162716057,52.41940083033388],[11.727081118349648,52.41879080019408],[11.72556041934651,52.4142731111378],[11.721945154493518,52.4138511898852],[11.721791544410456,52.41187751672587],[11.717929719396281,52.41046327379819],[11.719034548706574,52.407811711678036],[11.722673880378318,52.409387349187085],[11.724824420189776,52.40789080475735],[11.731289699833969,52.40755866285668],[11.748135932034192,52.40302258951403],[11.759136936768389,52.40306076714929],[11.754643586983251,52.399608860958224],[11.739544718576065,52.39860494878205],[11.729674656632982,52.39336616326373],[11.729218775979827,52.381831605188104],[11.72332676245189,52.38029653899674],[11.709034531267081,52.38009042500089],[11.708126044289129,52.378552495165366],[11.69984183005154,52.37544243946767],[11.690522214735214,52.364813603165835],[11.66943968335329,52.350188616271126],[11.663438394005267,52.35270245405777],[11.653158767277404,52.35452858303242],[11.637866624348966,52.35393691421826],[11.628306213890061,52.35227319314137],[11.612693883454556,52.38219068083455],[11.602004193487007,52.38036592949141],[11.599266817090378,52.38550876280424],[11.60715683571804,52.38697156054469],[11.606288477505723,52.388686559498694],[11.608730487705579,52.389292309420256],[11.607952774005183,52.390678130334024],[11.575513404858834,52.384184064565396],[11.58272592155159,52.37136612437662],[11.562053284092359,52.36711705863704],[11.558399185852474,52.373625992723134],[11.569023162329739,52.37566111353937],[11.558625731703524,52.395086110106654],[11.54144516065676,52.391639320169936],[11.53919116558287,52.387447586808904],[11.537327958276965,52.39081287677903],[11.503841068713413,52.38408469545731],[11.500718612953076,52.389366703446015],[11.496539257549225,52.39119952124945],[11.495837629895746,52.396777217464354],[11.562372269201775,52.41022096864328],[11.587162383552231,52.45869468526068],[11.643101444809497,52.46985067738238],[11.638667337224001,52.46457723427963]]],[[[11.795242458103624,52.42152983997515],[11.789483125617501,52.41513363718437],[11.801960062658749,52.41066377649829],[11.80201167522414,52.40787488052623],[11.797547849802761,52.404559146819295],[11.78580897198526,52.40804926930434],[11.789191414912228,52.4100907993957],[11.788773180987858,52.41345926189159],[11.782062917342591,52.41514316836719],[11.779064523476698,52.412924321214554],[11.776879352168041,52.41488895125851],[11.774277915246552,52.4151069341468],[11.773491241181457,52.41818125756742],[11.781982120779196,52.4211133935616],[11.78585542062421,52.419444903828534],[11.781889845269355,52.417263049519434],[11.783158253600632,52.41670216325889],[11.791371541444763,52.42095984046715],[11.795242458103624,52.42152983997515]]]]}},{"type":"Feature","id":"15083125","properties":{"ags8":"15083125","county_ags5":"15083","state_code":"15","name_de":"Calvörde","valid_at":"2026-01-01","source":"BKG_VG250_2026","part_count":1,"simplified_tolerance_m":80},"geometry":{"type":"MultiPolygon","coordinates":[[[[11.428411868824284,52.37410030759762],[11.415433066657137,52.37503216793863],[11.41753843337382,52.37561485484412],[11.414878665081252,52.38075189070691],[11.433199841145996,52.38009239350757],[11.428411868824284,52.37410030759762]]],[[[11.321430644637276,52.43079710740281],[11.321507205144107,52.42457464499224],[11.336833599239707,52.42440602649341],[11.339233648335028,52.42765167762465],[11.344876927941671,52.42588515044491],[11.343887494827436,52.42399698963657],[11.347684502755943,52.42251329939064],[11.349050508265456,52.426128581265395],[11.351903081513035,52.427778589810224],[11.35557291072474,52.425225704654345],[11.37233419179381,52.4297838776408],[11.382031382240761,52.43058555640983],[11.388908260150876,52.42181375994935],[11.405566251471356,52.425312396723754],[11.451427166044965,52.40790462512054],[11.455097404982737,52.40068031676732],[11.443244443479905,52.399910486105604],[11.445295064055893,52.396035940843824],[11.446087415404644,52.38687375646365],[11.431260029419558,52.38874076390994],[11.406853891628925,52.38685245491126],[11.402433491703528,52.370922738885355],[11.393227389359163,52.37326445180239],[11.388686795072307,52.37329812743275],[11.38471044630318,52.375136034416975],[11.374795044608023,52.375513242683105],[11.358088929334212,52.37107535834242],[11.354354924753254,52.367891106245764],[11.349219211046545,52.36747782400845],[11.344847066185574,52.367670557906116],[11.347418723097972,52.36939727244858],[11.348232236504098,52.372800260098984],[11.342427551003212,52.38142135586213],[11.340523413692857,52.38098499368545],[11.338463438780503,52.37691612971804],[11.340453030322093,52.37721701685746],[11.34077376712187,52.37550591775066],[11.329483934591956,52.37212171993732],[11.33427302692841,52.36795768502138],[11.334950022486455,52.364187115976165],[11.324391571749096,52.36686831224097],[11.3190798296858,52.36696656066635],[11.301671979534646,52.36413503205249],[11.301822181589152,52.363248526102566],[11.293154872571701,52.36080634185183],[11.285993413636865,52.36063207720681],[11.289584695743171,52.35766748624022],[11.291214521379684,52.352611120694675],[11.285065744254055,52.352084856639074],[11.292529286561491,52.34386024092139],[11.3037784334715,52.34552130799235],[11.304320064333051,52.336379682595],[11.31040050422924,52.33484575900422],[11.309230244146173,52.32854876075961],[11.306030856064652,52.32777880611269],[11.301564354267063,52.32756588018051],[11.295472523688643,52.3332647344951],[11.286240842856424,52.33694917294744],[11.276578222299722,52.34454010179214],[11.2636320378954,52.35963411068122],[11.26160729887978,52.36759760140008],[11.2543706809127,52.371519634814845],[11.248523497695407,52.37865236498385],[11.226209169208413,52.372214238114424],[11.221750378946295,52.36422816782622],[11.220688958349257,52.35757906158773],[11.205913958666843,52.357747766045094],[11.198821494268573,52.36320964017387],[11.188440016599506,52.365237000692815],[11.17542455790746,52.36431811770531],[11.176379913985294,52.370895827716105],[11.18224422299891,52.37777888395105],[11.17579491076928,52.385756804902016],[11.187567507215265,52.385690021578604],[11.184963417077338,52.392288292496865],[11.190378838241237,52.39169070317751],[11.196782152361118,52.393191674178944],[11.195705677699154,52.39487973255032],[11.190475390427855,52.39510775434867],[11.191865931429438,52.399488674930254],[11.19693847399326,52.40013537413596],[11.19594419365846,52.40269385931986],[11.199241612803153,52.40314406515476],[11.19895665277657,52.404835221389924],[11.20269502574299,52.40467816187115],[11.202968697749434,52.407240959889236],[11.196908030674589,52.40795855376595],[11.195810838523785,52.41593325159647],[11.189288578074368,52.41503638819097],[11.186906179478799,52.419571177498675],[11.183253878571968,52.41910803795985],[11.17996351924756,52.422328392344234],[11.17474007085046,52.420289295753314],[11.172756832344922,52.42359383170218],[11.167680991831775,52.42383627551643],[11.16693749463159,52.43275285728679],[11.156762277018064,52.4322152706791],[11.156389991126456,52.433926061216646],[11.210033932086922,52.43828004103884],[11.232165704848565,52.43487559434576],[11.232422935633963,52.43632555195008],[11.24408201893018,52.437396188527416],[11.26038108613708,52.43329571321777],[11.262387870311299,52.43102561926236],[11.26505516969643,52.43213288487884],[11.270549864363561,52.42993035310841],[11.280912871242924,52.429916917261934],[11.278888310861314,52.432573295258194],[11.285701250993423,52.4353547237094],[11.287412390207196,52.43419205463429],[11.294947280202294,52.438405473871846],[11.307467727790286,52.43905957065196],[11.30645182940685,52.43998842358451],[11.30988566592298,52.44039367996656],[11.321430644637276,52.43079710740281]]]]}},{"type":"Feature","id":"15083130","properties":{"ags8":"15083130","county_ags5":"15083","state_code":"15","name_de":"Colbitz","valid_at":"2026-01-01","source":"BKG_VG250_2026","part_count":1,"simplified_tolerance_m":80},"geometry":{"type":"Polygon","coordinates":[[[11.599266817090378,52.38550876280424],[11.602004193487007,52.38036592949141],[11.612693883454556,52.38219068083455],[11.628306213890061,52.35227319314137],[11.637866624348966,52.35393691421826],[11.653158767277404,52.35452858303242],[11.663438394005267,52.35270245405777],[11.66943968335329,52.350188616271126],[11.673986558895184,52.344306701125454],[11.667437150030707,52.342067934134825],[11.664933785684815,52.33669543968683],[11.656685467485346,52.33742282865603],[11.656062933095534,52.336052639300796],[11.649690412206693,52.33490856220755],[11.649030223555092,52.32226832113949],[11.637911800067762,52.32085417055215],[11.637722177144802,52.30404475411206],[11.639743626833086,52.30390862927163],[11.638156128467397,52.29217645417432],[11.63983814203735,52.291980579298915],[11.639903183678555,52.28817612960462],[11.63726359890745,52.288153598275144],[11.631502448829448,52.285194792117196],[11.631365150189252,52.282859076008315],[11.62725328416157,52.28264595427895],[11.624939221353616,52.28806461048353],[11.616605753425384,52.287386944924286],[11.610786989536422,52.283393318535914],[11.604814764550367,52.28207229578863],[11.60443904452014,52.28649222034171],[11.601380801837571,52.2861875457478],[11.602359346381828,52.284217680649206],[11.600455028807673,52.28392751701877],[11.585264964594254,52.28369108043377],[11.584323663781587,52.28488953656673],[11.588334147509165,52.28544816633943],[11.588260225768497,52.28767456897069],[11.578872385483452,52.28765147588244],[11.577662861330307,52.28123108417636],[11.568707504549648,52.28392873538927],[11.568924246257906,52.29007314512014],[11.557063343520959,52.292367766139975],[11.556322942516648,52.29389739763864],[11.550079161739783,52.292026690192564],[11.544824287344825,52.292513334128905],[11.542305228234772,52.29395641701051],[11.542760929390065,52.295265677557055],[11.538616740766766,52.294950850960625],[11.534930756812404,52.29733931894617],[11.530349691672807,52.29717188960136],[11.52000830465201,52.31580416058912],[11.53057499805514,52.31788838000945],[11.52349616587783,52.33063943979895],[11.534275633356119,52.33293497463546],[11.530877265299038,52.339246856120525],[11.540993285180939,52.341215689437654],[11.537344091836188,52.34796779529965],[11.548190281589022,52.34994874858955],[11.545894778875109,52.354261991016685],[11.541391889592543,52.35512300649848],[11.544592114047868,52.35645009787113],[11.541047066689757,52.36285350251595],[11.58272592155159,52.37136612437662],[11.575513404858834,52.384184064565396],[11.607952774005183,52.390678130334024],[11.608730487705579,52.389292309420256],[11.606288477505723,52.388686559498694],[11.60715683571804,52.38697156054469],[11.599266817090378,52.38550876280424]]]}},{"type":"Feature","id":"15083190","properties":{"ags8":"15083190","county_ags5":"15083","state_code":"15","name_de":"Eilsleben","valid_at":"2026-01-01","source":"BKG_VG250_2026","part_count":1,"simplified_tolerance_m":80},"geometry":{"type":"Polygon","coordinates":[[[11.236804879949801,52.172773257455894],[11.258296701758495,52.15893871817676],[11.26848413873572,52.15727913590775],[11.27693136778779,52.1602232064399],[11.282511723982017,52.16068658991748],[11.284162143855804,52.15887303677866],[11.292875725144972,52.16585740217556],[11.303835563240575,52.17019170787559],[11.330580078872165,52.171906957962015],[11.330636541440871,52.165466116798925],[11.364119367929312,52.167746803918575],[11.365712843237835,52.163166440932926],[11.36465074286635,52.15910383902206],[11.368225829413914,52.149390458566664],[11.366747528823417,52.14977245875445],[11.367103811576422,52.138833811379506],[11.361050472432382,52.138005061948455],[11.361402932123227,52.13655431458286],[11.358619394494895,52.136232536109205],[11.341082005201702,52.14431787439004],[11.32981575838883,52.14662590658152],[11.327977910610086,52.14766678256759],[11.329257247777477,52.149923603148345],[11.325283187080407,52.150941157286866],[11.324593378127997,52.14875638749959],[11.320934503365034,52.14838174709303],[11.321278890617311,52.14689430799473],[11.318860278494347,52.14681988954697],[11.309157422351056,52.14747201201719],[11.303862289701948,52.15030380650812],[11.297114228380178,52.15075154509986],[11.297710499873109,52.144807331840475],[11.295638210208612,52.14602058746114],[11.289962345259697,52.14645670148432],[11.290114809195389,52.14872273452919],[11.280049902944745,52.1464948236634],[11.278472571888516,52.14410122247096],[11.284712666531341,52.138110612684045],[11.292490290612086,52.133383493852016],[11.292134846564876,52.128578294729195],[11.29557828615968,52.128249582536064],[11.294940580775197,52.12605904143446],[11.29654107310352,52.12482505571868],[11.29182784810737,52.12291511446238],[11.279388488929456,52.120836467001936],[11.27775233608331,52.122565181445275],[11.274851959784089,52.12130673774339],[11.276137478605044,52.11872581318816],[11.27149946405974,52.117838929359515],[11.270483850445709,52.11450776470617],[11.266390091903768,52.11434520891264],[11.265005015161345,52.11192542719316],[11.256915265726361,52.11391990216768],[11.256511961215281,52.11776333196551],[11.24955153373156,52.117447415377924],[11.246680920941172,52.12146816854909],[11.248817526958724,52.12430620320921],[11.239659723507017,52.1219346158672],[11.23384929455987,52.12588326175072],[11.23023130299679,52.12446624007969],[11.226856209271702,52.120870851142314],[11.224324641175569,52.12156085129139],[11.223491731695606,52.12064841312756],[11.22905528165277,52.118535534742506],[11.226346698591001,52.115981717134055],[11.224617894190494,52.1166585971857],[11.223166314101531,52.11582907918637],[11.213857963307486,52.106494309499475],[11.202963235013556,52.10634677801353],[11.204130937657961,52.10438835335185],[11.194961696658275,52.105967136750266],[11.191235767447347,52.107849163961994],[11.190340263196013,52.11026841890343],[11.182994301764989,52.10777317435117],[11.180739504791884,52.108297805450235],[11.174671176730174,52.11183127950133],[11.17465244335369,52.11376078133802],[11.168616374033892,52.114365922151066],[11.165510511477462,52.12035682037616],[11.165911836113624,52.123196037213226],[11.160118944011664,52.12374408379047],[11.16359892051806,52.14385206486861],[11.176038244088494,52.14174052316036],[11.183778313792033,52.14418242290057],[11.223835980274378,52.12755444751503],[11.225880622917346,52.12928705856655],[11.189955726024175,52.145564736269236],[11.188838290922249,52.14707331602515],[11.190192499830294,52.14958404965217],[11.196405130054032,52.151373959345136],[11.194248924169038,52.151890211071226],[11.197665473438946,52.15923819535145],[11.200721406162463,52.15917272515555],[11.200334491100932,52.16167385693471],[11.218788228688087,52.16754497156972],[11.226381088174472,52.1728061932252],[11.228036144473037,52.17462862477486],[11.225906275289693,52.1755293369137],[11.232886959603634,52.182871434205616],[11.23531341510221,52.18271262711862],[11.236804879949801,52.172773257455894]]]}},{"type":"Feature","id":"15083205","properties":{"ags8":"15083205","county_ags5":"15083","state_code":"15","name_de":"Erxleben","valid_at":"2026-01-01","source":"BKG_VG250_2026","part_count":1,"simplified_tolerance_m":80},"geometry":{"type":"Polygon","coordinates":[[[11.117397125771639,52.274989109702005],[11.121986236996975,52.273263510190695],[11.13549066924902,52.27124092862308],[11.146467731607274,52.27401540258158],[11.145807026954602,52.27087998213827],[11.15528844373344,52.268561970015156],[11.163195059942097,52.26887824859273],[11.167772203217396,52.27106541938196],[11.173055450242945,52.27141362585626],[11.173508460404099,52.27033177043687],[11.183328246341713,52.27109466439803],[11.181875975356679,52.27201135589341],[11.182897658274305,52.27364249392432],[11.189280989785564,52.2701521563665],[11.196282574328759,52.26878952466031],[11.196384867290591,52.271096255136804],[11.198153449012496,52.27077527664357],[11.198358661113346,52.26799453950374],[11.207798499724609,52.26739090963182],[11.207539048325483,52.264173018336855],[11.20978645290151,52.26280326783477],[11.222995317324324,52.26154381481455],[11.222962198322795,52.263136014839034],[11.226467394242832,52.26142387742606],[11.226603711760236,52.26442716487364],[11.24166008274699,52.26183449219077],[11.241913600646516,52.25853198380783],[11.24804665788436,52.254491339741406],[11.243629536821706,52.252369171801206],[11.244211891814643,52.2494693496491],[11.256827508594782,52.24499202097832],[11.253830463539297,52.24013591285466],[11.258002188784333,52.2390302438017],[11.254105880652927,52.23908182358635],[11.26020189133959,52.226972628446546],[11.283586925016058,52.22913347783921],[11.287029062709744,52.2215644362365],[11.28935867343947,52.2216210557071],[11.292220424745683,52.21945243752992],[11.288982740336381,52.219383873354545],[11.289757798213966,52.21513329477882],[11.29217821424483,52.21454164351329],[11.28859902123302,52.21250550230565],[11.298015711779176,52.20762194320087],[11.307757579809318,52.19483804210637],[11.320606620115203,52.19472362118683],[11.323284074627987,52.188237971867764],[11.319631567524361,52.188577870714454],[11.320397888693712,52.184839772181704],[11.322563388935267,52.184824900684646],[11.323407560730756,52.171722592511216],[11.303835563240575,52.17019170787559],[11.292875725144972,52.16585740217556],[11.284162143855804,52.15887303677866],[11.282511723982017,52.16068658991748],[11.27114021459514,52.158737567859696],[11.270509348387954,52.15720666182809],[11.258296701758495,52.15893871817676],[11.237225049024277,52.171874253530554],[11.23531341510221,52.18271262711862],[11.217345478633233,52.184620670754256],[11.230021037255721,52.19749631549944],[11.23422742775345,52.19783036406006],[11.234694061431817,52.20672318974717],[11.203153152749886,52.20355767931631],[11.217324060333498,52.20539842053197],[11.214740084242866,52.21048682504541],[11.22083072679077,52.21138573511658],[11.22077890846566,52.212726238334156],[11.220168820252189,52.21578806138845],[11.212608097890149,52.2173443927613],[11.21404421749084,52.22111353863311],[11.212596758001572,52.221266075392194],[11.212428210322694,52.22357866918392],[11.208056541755207,52.22405432831777],[11.207632347907907,52.22969638208093],[11.198232055894225,52.23277370421889],[11.1977673893341,52.235914294427175],[11.196442199844096,52.23354865527407],[11.180391236394502,52.23723272040636],[11.174590898611433,52.23713226515818],[11.174024392707416,52.235196988254806],[11.180652370908208,52.23561821637959],[11.180242101565332,52.2336687572149],[11.178457493515106,52.233840780848034],[11.177499667157377,52.23092601637858],[11.17406784362156,52.23123919693138],[11.171947108164096,52.22618109841678],[11.16360260782944,52.22584687199451],[11.163777538680158,52.22931086651262],[11.152268380941889,52.22800500713261],[11.150021842084099,52.23576140570794],[11.153557231942786,52.238116682043696],[11.14961880183341,52.23864106835794],[11.148911716300194,52.23691243168789],[11.141562352184998,52.236328696721934],[11.139254595509948,52.23474903265507],[11.142676690805523,52.23124988739246],[11.140260271630389,52.23025545922619],[11.142803945466232,52.224755238010005],[11.140137143213781,52.22467058720307],[11.139839888106435,52.22229764662319],[11.13106658652692,52.22224527408356],[11.13345159023129,52.221045413858505],[11.12977359619235,52.22089392397243],[11.129948283193741,52.21976870075038],[11.11919000440945,52.21972778055109],[11.11849734786225,52.22347237158936],[11.11305158951512,52.22754663203497],[11.110731468047815,52.23469102078269],[11.104511781727991,52.23406599108034],[11.103842141923437,52.2376671047282],[11.102455805651172,52.237490056217034],[11.103375208986337,52.2354908629482],[11.100851515621287,52.23517038582727],[11.098898289188993,52.23930699177874],[11.104551346416887,52.24139617075317],[11.098766658677942,52.25264110013151],[11.102679441049379,52.25372777476129],[11.10049607638548,52.26035849891203],[11.101527051470914,52.26182838046812],[11.104559152735844,52.26166921389361],[11.10432463829642,52.26495328568998],[11.107576443576326,52.26694255156848],[11.107997702000558,52.27100579095769],[11.116328288027725,52.27342399902822],[11.117397125771639,52.274989109702005]]]}},{"type":"Feature","id":"15083230","properties":{"ags8":"15083230","county_ags5":"15083","state_code":"15","name_de":"Flechtingen","valid_at":"2026-01-01","source":"BKG_VG250_2026","part_count":1,"simplified_tolerance_m":80},"geometry":{"type":"Polygon","coordinates":[[[11.2636320378954,52.35963411068122],[11.276578222299722,52.34454010179214],[11.286240842856424,52.33694917294744],[11.295472523688643,52.3332647344951],[11.301564354267063,52.32756588018051],[11.301886916280761,52.32424488025372],[11.292667921243233,52.323370739702746],[11.298894134733429,52.3144072137512],[11.293805661677998,52.31296594044677],[11.286245652934166,52.30358078769944],[11.278674485070342,52.30355822555541],[11.275763657625086,52.30578067255735],[11.269401231743648,52.305246023232],[11.26119031670842,52.30862214868591],[11.241972396820744,52.31097948416806],[11.229214216770846,52.3007751300846],[11.203868220442065,52.296429475666095],[11.198832942787856,52.29789013352484],[11.19414665043955,52.29766437549899],[11.187201512856907,52.294663830803955],[11.178810935025231,52.29534172864791],[11.17125729209597,52.29442187481321],[11.169453015799201,52.29754371896939],[11.15944297319105,52.30075538794825],[11.154919948481355,52.303767147242105],[11.14743109474554,52.30435644285413],[11.14235789795212,52.30253094029168],[11.138061402111902,52.302688784891124],[11.135877144637936,52.308015872406145],[11.129690881532731,52.30738294698806],[11.129138260918882,52.308788916461694],[11.135590083901056,52.30951040452868],[11.134690806695469,52.312339291229044],[11.131114375629396,52.31516207055627],[11.13427035093729,52.31593071851919],[11.134433132970374,52.32729570668814],[11.137852106034023,52.32737276901082],[11.138108381949932,52.32901336875631],[11.133627741327873,52.335882123090244],[11.127641726309992,52.33465007640554],[11.12690373261034,52.338201880255845],[11.135528611531761,52.33858733980324],[11.137487361943181,52.34197754000087],[11.135925392218038,52.34467711054445],[11.138919636987772,52.34563942889906],[11.133922020407358,52.351574881961106],[11.134227789816475,52.35347096629144],[11.125546977633428,52.35662836150811],[11.124374368634594,52.35892788267587],[11.128823654190246,52.36289500720625],[11.13418048996586,52.35906897904207],[11.13852203284748,52.3579900892961],[11.163964530132395,52.369957788172634],[11.168525405986953,52.37035520015823],[11.167862805812346,52.36828132028273],[11.171482866772566,52.36865686537778],[11.17141517356205,52.37101361723525],[11.174442519600415,52.3710416275509],[11.176379913985294,52.370895827716105],[11.17691388558041,52.368231344292525],[11.17542455790746,52.36431811770531],[11.188440016599506,52.365237000692815],[11.198821494268573,52.36320964017387],[11.205913958666843,52.357747766045094],[11.220688958349257,52.35757906158773],[11.221750378946295,52.36422816782622],[11.226209169208413,52.372214238114424],[11.248523497695407,52.37865236498385],[11.2543706809127,52.371519634814845],[11.26160729887978,52.36759760140008],[11.2636320378954,52.35963411068122]]]}},{"type":"Feature","id":"15083245","properties":{"ags8":"15083245","county_ags5":"15083","state_code":"15","name_de":"Gröningen","valid_at":"2026-01-01","source":"BKG_VG250_2026","part_count":1,"simplified_tolerance_m":80},"geometry":{"type":"Polygon","coordinates":[[[11.20504208065829,51.99345876394776],[11.206383553543404,51.99164273125657],[11.212390316605962,51.990725277700356],[11.212919336725744,51.992007340754384],[11.215025670490068,51.990623803349514],[11.218573122430495,51.991236979426844],[11.226589655643899,51.987752069502186],[11.234217313724844,51.990925673076916],[11.23843746602768,51.989843875675476],[11.242236819652941,51.991262770834915],[11.244528293977044,51.98971923346358],[11.246675313013373,51.99100079875741],[11.249475412594524,51.98687045558065],[11.25106534046858,51.97859756098968],[11.25585353568746,51.97913847951388],[11.257206501376105,51.971486278274604],[11.262878061297373,51.97183687914907],[11.264920737257878,51.9564862370817],[11.269467131532815,51.95584522339446],[11.269518743648346,51.95459449290948],[11.263942341046473,51.955449026317815],[11.262332747979631,51.93067620840678],[11.263606246463118,51.929390643500476],[11.269609684474995,51.929882696890054],[11.269295789216457,51.9276717718247],[11.287315465235585,51.92801263122776],[11.284671437987445,51.91477029383824],[11.276925071981664,51.914326395195076],[11.27547726659991,51.90790383165633],[11.273981811745,51.908057510994254],[11.274892745189396,51.905181903349856],[11.269122255081617,51.90187395694889],[11.25931049043693,51.9030694859053],[11.25923631496777,51.898626014129974],[11.27082617765066,51.89693215624251],[11.276171597229576,51.89745511087345],[11.277608640823274,51.89475594872958],[11.273956209113111,51.89290268837992],[11.271870414100222,51.89334501975913],[11.271968710360957,51.89571029759105],[11.26162103176931,51.893411148747624],[11.256953003638824,51.896859399962636],[11.251783265713797,51.897270039532735],[11.24993124075092,51.9013568533673],[11.226263885361291,51.90872793155501],[11.222389198795092,51.91917650991973],[11.21031318446339,51.9173689647996],[11.20839570430803,51.92275947528322],[11.198208308530393,51.92622125990906],[11.194978804937355,51.926192881443946],[11.193834518391771,51.924366878317514],[11.190786607356788,51.92645531675519],[11.183193010083194,51.92069171566614],[11.182249711909261,51.921958590768085],[11.179748918060714,51.92204431533515],[11.180805261786047,51.92061020621878],[11.17865094070989,51.920693923991585],[11.18024789792973,51.91937573715329],[11.174976430476963,51.91690666031879],[11.170764527641932,51.921000483138606],[11.169868400605282,51.920267701173785],[11.161832580470858,51.9341744853743],[11.160590374584372,51.93982162958527],[11.165524551794867,51.944169419317596],[11.171942388588421,51.94584700755532],[11.18027642836266,51.9559477066428],[11.173608683686707,51.958019950612254],[11.175498020332645,51.96554616615132],[11.168239545595943,51.96752288632899],[11.155306608260766,51.965809740746934],[11.153171736561962,51.96845937090008],[11.15001311467083,51.9685756105434],[11.151714666609537,51.97210489382789],[11.158381292742165,51.974757672220406],[11.162464970226733,51.979947332037675],[11.162177479865521,51.98137695975845],[11.151660437287894,51.984929312256256],[11.151695815530317,51.98739386007021],[11.152704963963728,51.988674675755114],[11.182787069594518,51.99318362828648],[11.178202686334028,51.98868512531329],[11.180391658324197,51.987944009772],[11.182804488365798,51.99046691159309],[11.18418220818713,51.990036219896915],[11.182067991009108,51.987997388808964],[11.18464546445814,51.98693912820934],[11.18792650298074,51.990014651007954],[11.195051285475152,51.988314433927464],[11.197959112936566,51.99089639183043],[11.20504208065829,51.99345876394776]]]}},{"type":"Feature","id":"15083270","properties":{"ags8":"15083270","county_ags5":"15083","state_code":"15","name_de":"Haldensleben","valid_at":"2026-01-01","source":"BKG_VG250_2026","part_count":1,"simplified_tolerance_m":80},"geometry":{"type":"Polygon","coordinates":[[[11.550548474278413,52.38644662437225],[11.526111783512402,52.33850215127533],[11.467469150057575,52.326432987198665],[11.450992835212498,52.32478380303248],[11.449793322138465,52.32150135719523],[11.446913133446932,52.31995010221277],[11.446248691478335,52.30229026671006],[11.45057540117555,52.29526180152287],[11.450732973547765,52.29169084221831],[11.445449953757407,52.28729371862538],[11.456611850688395,52.28177245559252],[11.463571317877548,52.28091496333262],[11.468437061198708,52.278549523542836],[11.476831317239329,52.276995205602546],[11.487711769203708,52.27149588267688],[11.487287078230953,52.26413703323282],[11.48543647783506,52.26330676240497],[11.483055429246457,52.25360300791897],[11.478708421844871,52.251545140954065],[11.47871525763434,52.248284662085645],[11.473555707436581,52.247375256476865],[11.476092324298163,52.24533122132835],[11.463747748656203,52.24511593031569],[11.463174630603532,52.24915918585378],[11.458046424661266,52.24782411344451],[11.455178486131983,52.250797289169576],[11.451483455131928,52.251402356089585],[11.446090408249216,52.24931332103699],[11.446744603439344,52.246267934701144],[11.443560914386987,52.245384587677314],[11.44620289020217,52.2393012846999],[11.440383695705677,52.23777303505093],[11.441111041125614,52.23687400830421],[11.435470045896707,52.23589486085055],[11.436115087929764,52.2352234567058],[11.429314696787575,52.234395871246086],[11.430653467338884,52.23164862385221],[11.422023605044854,52.22976654952757],[11.419291206191003,52.232261117252094],[11.400433923835191,52.22838127890743],[11.369112275925248,52.22740091509326],[11.371737493009638,52.23591778723215],[11.368910942467341,52.24433932636406],[11.371608622666903,52.24579516972524],[11.36893979133243,52.248315087434314],[11.369613422271595,52.25268907834191],[11.366065112117097,52.254865626890044],[11.366565140270286,52.25648103409069],[11.35520302625979,52.264828648839234],[11.3545636523318,52.27209176869165],[11.345107101912692,52.276026437181784],[11.345213462949335,52.278659565088766],[11.34054511015872,52.28131966698687],[11.336739547637551,52.280318225878155],[11.329334159068452,52.28103602326055],[11.323608810271276,52.280275890929154],[11.321257544957595,52.27558958672884],[11.32366082973832,52.270734092906125],[11.31558727367109,52.271005171302576],[11.305575280800864,52.26864438961711],[11.299083866545404,52.280416535257665],[11.29597913041068,52.28004369434538],[11.296564499252366,52.27892224882226],[11.294370445192056,52.280070098043964],[11.287245130516256,52.27870707514585],[11.279786599025444,52.281763838792315],[11.280297032025715,52.28256011558488],[11.271964475401765,52.28442581966359],[11.272142840466262,52.28627749855953],[11.270147200787578,52.286218379785964],[11.26941386740834,52.294812626664545],[11.27157654621372,52.29785977723725],[11.276698319547881,52.29615977868403],[11.271430373547409,52.30121257131293],[11.264590500210376,52.30103151494454],[11.262794145745218,52.30238309229168],[11.269214679923724,52.303772168205946],[11.267880507882404,52.3055525772838],[11.275763657625086,52.30578067255735],[11.278674485070342,52.30355822555541],[11.286245652934166,52.30358078769944],[11.293805661677998,52.31296594044677],[11.297565974302353,52.314820789993156],[11.302437302480904,52.310534151251225],[11.30452824214121,52.30611285466076],[11.317052177232629,52.30574038238793],[11.321904774798682,52.30792881557396],[11.325057875689275,52.30783521525782],[11.32692825001954,52.31008225754345],[11.33831594262999,52.30708601128125],[11.34898947901863,52.30179151889366],[11.349654539284673,52.30014752944313],[11.36236047793771,52.29792231022595],[11.369111115277656,52.29810702237953],[11.368883856078966,52.30230004660678],[11.363420384051755,52.305073784049874],[11.36237380751098,52.312251805853315],[11.370787576073706,52.31654225699778],[11.374631291721094,52.32018872956543],[11.3663252038248,52.326483897884536],[11.36314095904405,52.332598945759514],[11.35615025594464,52.33471937330586],[11.346542329729674,52.34389625260967],[11.339517911271555,52.34678772175785],[11.332964700763782,52.35535076355769],[11.33502218715968,52.36642949136679],[11.329483934591956,52.37212171993732],[11.34077376712187,52.37550591775066],[11.340453030322093,52.37721701685746],[11.338463438780503,52.37691612971804],[11.340523413692857,52.38098499368545],[11.342427551003212,52.38142135586213],[11.34741480804533,52.37543227528431],[11.347418723097972,52.36939727244858],[11.344847066185574,52.367670557906116],[11.349219211046545,52.36747782400845],[11.354354924753254,52.367891106245764],[11.358088929334212,52.37107535834242],[11.374795044608023,52.375513242683105],[11.38471044630318,52.375136034416975],[11.388686795072307,52.37329812743275],[11.393227389359163,52.37326445180239],[11.402433491703528,52.370922738885355],[11.40376442634055,52.37533292496899],[11.422175659367282,52.37489965301337],[11.423270495130712,52.37096081731811],[11.42083802965782,52.3705747532882],[11.422962575778943,52.36956010033543],[11.430208089392668,52.371761736957865],[11.472591322440989,52.37329685070514],[11.476163532670911,52.376065068227454],[11.47797440947,52.37148129012128],[11.550548474278413,52.38644662437225]]]}},{"type":"Feature","id":"15083275","properties":{"ags8":"15083275","county_ags5":"15083","state_code":"15","name_de":"Harbke","valid_at":"2026-01-01","source":"BKG_VG250_2026","part_count":1,"simplified_tolerance_m":80},"geometry":{"type":"Polygon","coordinates":[[[11.088045350051475,52.2103848219429],[11.079581465716025,52.20573101038518],[11.079959210064976,52.20414948516058],[11.074410243172002,52.20201425106832],[11.074461014509993,52.19564592166826],[11.072628255392608,52.1953890827639],[11.074079168937086,52.188632044509156],[11.078473833271625,52.18668604707842],[11.078054819016245,52.1848172100955],[11.083275150549527,52.18453102797765],[11.087332312910931,52.18595030307652],[11.084817098108541,52.180430978467356],[11.075415573962342,52.181233102690925],[11.068353033206982,52.179910377468325],[11.06524680438267,52.18098378536223],[11.06511587514216,52.17402261922148],[11.060336961593213,52.172387406884035],[11.035923512893868,52.171728442571215],[11.019244598576147,52.17808701882464],[11.014309302540367,52.1819062291029],[11.012626473708362,52.18834450214062],[11.014575031454873,52.19496504481803],[11.013646588988554,52.199556189900946],[11.017686322599161,52.1982525792614],[11.024579873532751,52.201095823006376],[11.022052872917339,52.202451989849536],[11.02139455779642,52.2049792565873],[11.02344241868423,52.20521305436737],[11.023203323224312,52.20664196258728],[11.026658280360905,52.20823319797825],[11.024314413407948,52.209376781026464],[11.029448371028467,52.211448372827775],[11.034455569277014,52.2103123874508],[11.044883262866486,52.21505615608162],[11.057999917572815,52.21739138447631],[11.077184889365615,52.21867656254424],[11.088045350051475,52.2103848219429]]]}},{"type":"Feature","id":"15083298","properties":{"ags8":"15083298","county_ags5":"15083","state_code":"15","name_de":"Hohe Börde","valid_at":"2026-01-01","source":"BKG_VG250_2026","part_count":1,"simplified_tolerance_m":80},"geometry":{"type":"Polygon","coordinates":[[[11.341836573196456,52.28066330515596],[11.345213462949335,52.278659565088766],[11.345107101912692,52.276026437181784],[11.3545636523318,52.27209176869165],[11.35520302625979,52.264828648839234],[11.366565140270286,52.25648103409069],[11.366065112117097,52.254865626890044],[11.369613422271595,52.25268907834191],[11.36893979133243,52.248315087434314],[11.371608622666903,52.24579516972524],[11.368910942467341,52.24433932636406],[11.371737493009638,52.23591778723215],[11.369112275925248,52.22740091509326],[11.400433923835191,52.22838127890743],[11.419291206191003,52.232261117252094],[11.422023605044854,52.22976654952757],[11.430653467338884,52.23164862385221],[11.429314696787575,52.234395871246086],[11.436115087929764,52.2352234567058],[11.435470045896707,52.23589486085055],[11.441111041125614,52.23687400830421],[11.440383695705677,52.23777303505093],[11.44620289020217,52.2393012846999],[11.443560914386987,52.245384587677314],[11.446744603439344,52.246267934701144],[11.446090408249216,52.24931332103699],[11.451483455131928,52.251402356089585],[11.455178486131983,52.250797289169576],[11.458046424661266,52.24782411344451],[11.463174630603532,52.24915918585378],[11.463747748656203,52.24511593031569],[11.469390486121602,52.24516933875413],[11.469403279346873,52.24235386861332],[11.467540795115468,52.24227898061204],[11.467512649396278,52.24096596893368],[11.463118978527177,52.24243155109024],[11.462109968039528,52.234964988135545],[11.458651721724493,52.234237158530036],[11.461087410976598,52.228910690089464],[11.457730567199752,52.21498656092589],[11.460529365612265,52.21231963398511],[11.463142438508612,52.21263144711738],[11.470329271465511,52.21000937772973],[11.471784253984119,52.21139353755253],[11.488916186518377,52.21085656848168],[11.492780174353356,52.21335945293995],[11.492997355428836,52.20879975295758],[11.494550842064182,52.209157064330135],[11.494858272681862,52.207417851297464],[11.500685243927995,52.206981957360384],[11.502425333530708,52.20312680800523],[11.498047109471813,52.20183933727965],[11.486697124791363,52.20190531798777],[11.48586599010047,52.19472186513924],[11.50231555525351,52.192941578841925],[11.502365386911501,52.188205060950594],[11.498598634434984,52.1879248747197],[11.49794346634489,52.18631197506168],[11.502728579378955,52.186976425583225],[11.505995911547306,52.183464734604584],[11.515107922138318,52.18645816891092],[11.518441611669303,52.18044633429442],[11.516076596337996,52.179952376264254],[11.516659097126526,52.17831000743522],[11.533780215325036,52.17807668350418],[11.533509017429195,52.17453492566187],[11.536872399299384,52.1744608353076],[11.53696755362683,52.173506519274426],[11.53200459793868,52.17353285649828],[11.531692055258222,52.172050444076746],[11.534338760312453,52.17179321213084],[11.534128414401447,52.17025868984594],[11.541451334956864,52.16956681712018],[11.543412529784996,52.17135851360902],[11.543785670366155,52.17544883604559],[11.554096883046126,52.17463408016046],[11.553908461639832,52.17128550816804],[11.56879512737158,52.17500735479697],[11.568117146377478,52.16720488918184],[11.561097827769796,52.16826698920416],[11.560334084322324,52.15798266491263],[11.55423970897656,52.15880116580671],[11.553849846789658,52.15726010215605],[11.552354635483182,52.15737786432941],[11.552407763993248,52.152308280138655],[11.55779702213436,52.15352360449258],[11.558141788949342,52.149977423439424],[11.560086889388968,52.15024083206247],[11.560598439518941,52.142482564530695],[11.547562619763655,52.1439456360887],[11.540017103853012,52.1268622375895],[11.538226231580369,52.11959489040374],[11.54030072151433,52.115649760572836],[11.536296478608081,52.11518086489396],[11.513678332104767,52.117503706489416],[11.511337693000321,52.120653942685585],[11.499512226203336,52.11785697749723],[11.491815112841303,52.117354435935795],[11.473237216586705,52.11232595133361],[11.46330165858721,52.13153050103795],[11.447253092420672,52.12771311915194],[11.437537350012516,52.12964856697226],[11.437082923183603,52.128878543217034],[11.429119352311126,52.12897672390495],[11.426578584127109,52.126504389443554],[11.42320724405774,52.1264679187151],[11.419251014609923,52.124419012140976],[11.417688946921832,52.12677129830174],[11.406461101445755,52.12659616131142],[11.406067638751367,52.12790083722382],[11.408449719447457,52.12810124157093],[11.408328087543051,52.13272777731689],[11.411995195994287,52.13507029678421],[11.413459866223501,52.14145818434778],[11.410182026465911,52.14156280104401],[11.409157947405314,52.1440025187236],[11.401814749809235,52.143524206120745],[11.401054996712215,52.142081724203045],[11.382275753961077,52.14170912458609],[11.383059745524614,52.14111379031476],[11.377647305147976,52.13966857218472],[11.367103811576422,52.138833811379506],[11.366747528823417,52.14977245875445],[11.368225829413914,52.149390458566664],[11.36465074286635,52.15910383902206],[11.365712843237835,52.163166440932926],[11.364119367929312,52.167746803918575],[11.330636541440871,52.165466116798925],[11.330580078872165,52.171906957962015],[11.323407560730756,52.171722592511216],[11.322563388935267,52.184824900684646],[11.320397888693712,52.184839772181704],[11.319631567524361,52.188577870714454],[11.323284074627987,52.188237971867764],[11.320606620115203,52.19472362118683],[11.307757579809318,52.19483804210637],[11.298015711779176,52.20762194320087],[11.28859902123302,52.21250550230565],[11.29217821424483,52.21454164351329],[11.289757798213966,52.21513329477882],[11.288982740336381,52.219383873354545],[11.300535432403905,52.21954254462713],[11.302303801523568,52.2210071295104],[11.30327762915743,52.22441574859633],[11.301088801141221,52.22982717832723],[11.297794634394899,52.22992112825232],[11.297742616047838,52.23360925356047],[11.301040403178538,52.233704168965346],[11.303420208087307,52.232428984603786],[11.302783029456993,52.23613902397517],[11.301434415756596,52.236094089212735],[11.302019450115969,52.23439019844659],[11.299859055048255,52.23482739256203],[11.29906948797724,52.23739611456335],[11.3045671414558,52.23728783991699],[11.304972376889875,52.23896661095237],[11.303325582138244,52.25098536713677],[11.30092947211772,52.251397168614254],[11.300253536120193,52.25955967921896],[11.292507786345796,52.268371736704445],[11.290771834577072,52.27592952488345],[11.29132040148033,52.277571848742014],[11.299083866545404,52.280416535257665],[11.305575280800864,52.26864438961711],[11.31558727367109,52.271005171302576],[11.32366082973832,52.270734092906125],[11.321257544957595,52.27558958672884],[11.323608810271276,52.280275890929154],[11.341836573196456,52.28066330515596]]]}},{"type":"Feature","id":"15083320","properties":{"ags8":"15083320","county_ags5":"15083","state_code":"15","name_de":"Hötensleben","valid_at":"2026-01-01","source":"BKG_VG250_2026","part_count":1,"simplified_tolerance_m":80},"geometry":{"type":"Polygon","coordinates":[[[11.051516487292538,52.14859358532291],[11.064467239391625,52.147851327909386],[11.067706058062283,52.144957687953635],[11.067792811658686,52.13206784115303],[11.069593657706768,52.13115079970299],[11.096726570967558,52.129186232931374],[11.103725623445953,52.13145992682038],[11.108095955466641,52.13038537274733],[11.115972114212322,52.131159051202694],[11.119867190054588,52.13037734498592],[11.125633156720266,52.128163053883966],[11.125528018304555,52.12271255630314],[11.12203085145407,52.121445677503516],[11.123737714131979,52.11888176404127],[11.1194395216042,52.11838055508276],[11.119279594869104,52.11516852610279],[11.114331109865065,52.11440018918674],[11.114648021600063,52.11303527381374],[11.112648544225687,52.11256133573502],[11.07619382142779,52.11230203428461],[11.075164924708636,52.104913226707986],[11.068627658504317,52.106617580163125],[11.068093650367619,52.10131315281623],[11.069595614488478,52.10111710457665],[11.069965953216427,52.09804808235749],[11.07440185912938,52.09888133725442],[11.073769085900793,52.090438163327036],[11.065027915048812,52.09090262084806],[11.065051031012413,52.092755462687514],[11.059254282866885,52.09281874026],[11.058767667647503,52.087702915529896],[11.055291463366713,52.088702722287984],[11.054372792062612,52.08414342936213],[11.058452398526953,52.08344979007026],[11.055632487467282,52.083283052915654],[11.053752226178663,52.077571007251926],[11.058144193020885,52.07621029652658],[11.05036682232819,52.06687365511462],[11.044385808122188,52.06590265239992],[11.03803270168512,52.066759011838265],[11.021615689304687,52.06315297357009],[11.015867108861972,52.04532286780896],[10.986611771818394,52.05168913472526],[10.969060607426611,52.05298201452851],[10.964414596960854,52.056643158900485],[10.967625132545397,52.0651668213833],[10.973049718066465,52.07312392933651],[10.970652819685112,52.08626494132963],[10.96709810645307,52.08837534434542],[10.958471000339504,52.08798041386337],[10.942004993616077,52.09436284715436],[10.940641758040693,52.096841453984275],[10.943648637142273,52.099654679299555],[10.942159787335152,52.10309028231865],[10.965668144576968,52.107115338625576],[10.976877507165161,52.10572885213033],[10.986007738742265,52.11079994353178],[11.00916320533428,52.11992783801647],[11.01747008252324,52.12825973291503],[11.027567258480202,52.12936492615046],[11.028304573107917,52.131178601234325],[11.037782093431591,52.134065523837904],[11.044135171707907,52.13366550288328],[11.046336784876116,52.1369350784302],[11.045039176629265,52.143553841799765],[11.051516487292538,52.14859358532291]]]}},{"type":"Feature","id":"15083323","properties":{"ags8":"15083323","county_ags5":"15083","state_code":"15","name_de":"Ingersleben","valid_at":"2026-01-01","source":"BKG_VG250_2026","part_count":1,"simplified_tolerance_m":80},"geometry":{"type":"Polygon","coordinates":[[[11.150021842084099,52.23576140570794],[11.152268380941889,52.22800500713261],[11.163777538680158,52.22931086651262],[11.16360260782944,52.22584687199451],[11.171947108164096,52.22618109841678],[11.17406784362156,52.23123919693138],[11.177499667157377,52.23092601637858],[11.178457493515106,52.233840780848034],[11.180242101565332,52.2336687572149],[11.180652370908208,52.23561821637959],[11.174024392707416,52.235196988254806],[11.174590898611433,52.23713226515818],[11.180391236394502,52.23723272040636],[11.196442199844096,52.23354865527407],[11.1977673893341,52.235914294427175],[11.198232055894225,52.23277370421889],[11.207632347907907,52.22969638208093],[11.208056541755207,52.22405432831777],[11.212428210322694,52.22357866918392],[11.212596758001572,52.221266075392194],[11.21404421749084,52.22111353863311],[11.212608097890149,52.2173443927613],[11.220168820252189,52.21578806138845],[11.22083072679077,52.21138573511658],[11.214740084242866,52.21048682504541],[11.217324060333498,52.20539842053197],[11.203153152749886,52.20355767931631],[11.234694061431817,52.20672318974717],[11.23422742775345,52.19783036406006],[11.230021037255721,52.19749631549944],[11.217345478633233,52.184620670754256],[11.195014453193036,52.19303234064251],[11.189163225648054,52.19278060778672],[11.18230180824979,52.19838956912771],[11.174942615428263,52.19666836791857],[11.171117586365064,52.19437827463094],[11.16213976954936,52.193987561295195],[11.158414863322902,52.19649961425211],[11.155450533999394,52.20404432599994],[11.1451252481859,52.20475703211351],[11.141760896477832,52.20186089636703],[11.136739486300039,52.20079938291872],[11.134433318311054,52.20199298932772],[11.127558004335642,52.20001116803054],[11.126282364660442,52.20186457872256],[11.127932935113595,52.20246515870131],[11.124797252188905,52.20628601619619],[11.113638606119073,52.20715325350814],[11.09818655668598,52.211090101332935],[11.096538782700206,52.20827406909785],[11.093692800527597,52.20778092164094],[11.090752129450594,52.21040371629062],[11.088045350051475,52.2103848219429],[11.077184889365615,52.21867656254424],[11.078857657858999,52.224649745898965],[11.08624411878699,52.228633836468234],[11.091970276684707,52.22888954707469],[11.098316275587518,52.234851791360526],[11.102099126640635,52.23377467465141],[11.110731468047815,52.23469102078269],[11.11305158951512,52.22754663203497],[11.11849734786225,52.22347237158936],[11.11919000440945,52.21972778055109],[11.129948283193741,52.21976870075038],[11.12977359619235,52.22089392397243],[11.13345159023129,52.221045413858505],[11.13106658652692,52.22224527408356],[11.139839888106435,52.22229764662319],[11.140137143213781,52.22467058720307],[11.142803945466232,52.224755238010005],[11.140260271630389,52.23025545922619],[11.142676690805523,52.23124988739246],[11.139254595509948,52.23474903265507],[11.141562352184998,52.236328696721934],[11.148911716300194,52.23691243168789],[11.14961880183341,52.23864106835794],[11.153557231942786,52.238116682043696],[11.150021842084099,52.23576140570794]]]}},{"type":"Feature","id":"15083355","properties":{"ags8":"15083355","county_ags5":"15083","state_code":"15","name_de":"Kroppenstedt","valid_at":"2026-01-01","source":"BKG_VG250_2026","part_count":1,"simplified_tolerance_m":80},"geometry":{"type":"Polygon","coordinates":[[[11.29722436470069,51.971971651793446],[11.334733527977406,51.96428410576441],[11.339198399348248,51.964756470140834],[11.33934005150558,51.96296532267546],[11.353044858699015,51.96073589588076],[11.349386061439116,51.95352047644849],[11.353080241069252,51.95254049785822],[11.351835254921564,51.9505883356895],[11.365251799480879,51.94873734844849],[11.360203699781607,51.93911892819821],[11.371171435219653,51.93922888775178],[11.371281061184295,51.93350777208751],[11.362645493618153,51.9337333775489],[11.36038930093327,51.930388019416824],[11.365617506752876,51.92858789762278],[11.353096759158865,51.91697979682983],[11.354829815818801,51.914595536570424],[11.346350889967978,51.91362599278941],[11.340847580337927,51.90123423175578],[11.339456283769216,51.904644531699155],[11.333654784476057,51.906304627178685],[11.326702786823306,51.903105652560434],[11.325443798808855,51.90024470193319],[11.315288603084515,51.90410828100287],[11.311378604412202,51.89976503980399],[11.298442784277439,51.90458525319807],[11.299693094159789,51.90869695825941],[11.297899867195781,51.909284742911304],[11.296085607117893,51.907011956699975],[11.297787753286102,51.90538128842512],[11.28185102800846,51.905559144908956],[11.27547726659991,51.90790383165633],[11.276925071981664,51.914326395195076],[11.284671437987445,51.91477029383824],[11.287315465235585,51.92801263122776],[11.269295789216457,51.9276717718247],[11.269609684474995,51.929882696890054],[11.263606246463118,51.929390643500476],[11.262332747979631,51.93067620840678],[11.263942341046473,51.955449026317815],[11.269518743648346,51.95459449290948],[11.269467131532815,51.95584522339446],[11.280644162347928,51.956411122093584],[11.279947401528794,51.959078407236035],[11.282850867666108,51.959419170611106],[11.291562728553846,51.95800319977966],[11.29617133378243,51.95843123760763],[11.295490237991668,51.96610010137517],[11.298197857160035,51.96603699726305],[11.29722436470069,51.971971651793446]]]}},{"type":"Feature","id":"15083361","properties":{"ags8":"15083361","county_ags5":"15083","state_code":"15","name_de":"Loitsche-Heinrichsberg","valid_at":"2026-01-01","source":"BKG_VG250_2026","part_count":1,"simplified_tolerance_m":80},"geometry":{"type":"Polygon","coordinates":[[[11.688586831407802,52.34215720895815],[11.696244800242653,52.342962623429116],[11.696665668049427,52.34222086019077],[11.698342948582143,52.337922625534816],[11.696140847249909,52.335731878646456],[11.696295925841193,52.3316197190205],[11.700908619261751,52.32345133055675],[11.700804385468048,52.31913402011601],[11.716927721107345,52.3148887087916],[11.722517139714542,52.310469338850574],[11.726472523308292,52.30913368914438],[11.735967498871851,52.29522889419654],[11.744851678528171,52.30137955275834],[11.750682256199292,52.30166287117009],[11.753015528258212,52.29761640773344],[11.749186773141227,52.29118972670266],[11.751304643516082,52.28862584979302],[11.753374220185743,52.29180098989884],[11.75729997902756,52.29054554999533],[11.755283597443166,52.287670253313564],[11.760011903939134,52.28785452702671],[11.754525204306681,52.277810530006576],[11.742569194375145,52.269146805251715],[11.736006027259728,52.259260330582364],[11.729519523607268,52.262139243099796],[11.72517482055363,52.26625855210602],[11.71811653545698,52.268147792711574],[11.716382892068841,52.26697777666168],[11.718006190240926,52.26142480265845],[11.713956124276988,52.258514738231206],[11.70406148692856,52.26211789337922],[11.707882891692591,52.26382551164916],[11.70539636558577,52.265136852015175],[11.702547474304788,52.26440988638087],[11.699894681126537,52.26108186081297],[11.692735785736573,52.26093689583141],[11.69307956122099,52.262695994451455],[11.698182532687596,52.2650149631091],[11.696972197779134,52.265904922715364],[11.702716899711184,52.26801522210033],[11.703422777096167,52.27029288878592],[11.699984766087159,52.27274852370407],[11.692238048076405,52.274830243835986],[11.693479751522943,52.277293103240645],[11.696974366130705,52.2788528177472],[11.69456689009176,52.28358620272955],[11.691018859932695,52.284745879518496],[11.687503628973124,52.2888284912127],[11.681908657315873,52.2913843726177],[11.677975155483537,52.29635875114886],[11.674029097838078,52.29852252063758],[11.678226673655349,52.301981798244775],[11.678446472912894,52.30735645350283],[11.67486746301889,52.30708693593751],[11.670966312259363,52.30876244989359],[11.667019521743459,52.3110856057548],[11.666982054306963,52.31323738593126],[11.652180670304244,52.32262488435487],[11.655829862715358,52.32334091680428],[11.660741383099547,52.32956727106174],[11.660978860937968,52.33251524274954],[11.664377468029995,52.33448813980449],[11.667437150030707,52.342067934134825],[11.678961487669064,52.3447603125277],[11.688586831407802,52.34215720895815]]]}},{"type":"Feature","id":"15083390","properties":{"ags8":"15083390","county_ags5":"15083","state_code":"15","name_de":"Niedere Börde","valid_at":"2026-01-01","source":"BKG_VG250_2026","part_count":1,"simplified_tolerance_m":80},"geometry":{"type":"Polygon","coordinates":[[[11.517604138300758,52.29568808589499],[11.549846398021723,52.291480051690925],[11.55345901527657,52.292589874626294],[11.552977901086766,52.29359363916478],[11.556322942516648,52.29389739763864],[11.557063343520959,52.292367766139975],[11.568924246257906,52.29007314512014],[11.568707504549648,52.28392873538927],[11.577662861330307,52.28123108417636],[11.578872385483452,52.28765147588244],[11.588260225768497,52.28767456897069],[11.588334147509165,52.28544816633943],[11.584323663781587,52.28488953656673],[11.585264964594254,52.28369108043377],[11.600455028807673,52.28392751701877],[11.602359346381828,52.284217680649206],[11.601380801837571,52.2861875457478],[11.60443904452014,52.28649222034171],[11.605217785967751,52.28104375397207],[11.60319746436201,52.269917134617955],[11.600309236325167,52.26932303887831],[11.60111244638929,52.26739075358711],[11.599439264041449,52.26731616655287],[11.588284182171286,52.25441302407337],[11.588081558211043,52.24922664198184],[11.590442299289801,52.249038581556185],[11.591107879432126,52.247699763270035],[11.599344941672207,52.24660167095668],[11.596448658576119,52.234152132039604],[11.592511304436314,52.23551038836139],[11.5909632282305,52.23268207123639],[11.584573840721687,52.236662810530035],[11.578491485951066,52.2372524415438],[11.576361233305697,52.23652915195049],[11.573363977194598,52.22939602896968],[11.563335117630524,52.221542907949875],[11.551030580538942,52.22398127474629],[11.549092262486038,52.21998650028869],[11.543910450150454,52.22010375913869],[11.543064893691781,52.21393154895445],[11.544953094944473,52.20883287594444],[11.536259350659,52.20643482722146],[11.536873255389773,52.203838931480995],[11.576335160698335,52.202869835997774],[11.571118583238736,52.195261770638076],[11.571158247897172,52.19014315941733],[11.563410933288809,52.18931275965367],[11.563482460318621,52.187998827309684],[11.556898659744801,52.184012119859055],[11.556300928043026,52.18129807701752],[11.550106065249683,52.180896031358415],[11.548531295541949,52.17509603651634],[11.543785670366155,52.17544883604559],[11.543412529784996,52.17135851360902],[11.541451334956864,52.16956681712018],[11.537912901597963,52.17054957923807],[11.538162249131577,52.16927173996298],[11.534128414401447,52.17025868984594],[11.534338760312453,52.17179321213084],[11.531692055258222,52.172050444076746],[11.53200459793868,52.17353285649828],[11.53696755362683,52.173506519274426],[11.536872399299384,52.1744608353076],[11.533509017429195,52.17453492566187],[11.533780215325036,52.17807668350418],[11.516659097126526,52.17831000743522],[11.516076596337996,52.179952376264254],[11.518441611669303,52.18044633429442],[11.515107922138318,52.18645816891092],[11.505995911547306,52.183464734604584],[11.502728579378955,52.186976425583225],[11.49794346634489,52.18631197506168],[11.498598634434984,52.1879248747197],[11.502365386911501,52.188205060950594],[11.50231555525351,52.192941578841925],[11.48586599010047,52.19472186513924],[11.486697124791363,52.20190531798777],[11.498047109471813,52.20183933727965],[11.502425333530708,52.20312680800523],[11.500685243927995,52.206981957360384],[11.494858272681862,52.207417851297464],[11.494550842064182,52.209157064330135],[11.492997355428836,52.20879975295758],[11.492780174353356,52.21335945293995],[11.488916186518377,52.21085656848168],[11.471784253984119,52.21139353755253],[11.470329271465511,52.21000937772973],[11.463142438508612,52.21263144711738],[11.460529365612265,52.21231963398511],[11.457730567199752,52.21498656092589],[11.461087410976598,52.228910690089464],[11.458651721724493,52.234237158530036],[11.462109968039528,52.234964988135545],[11.463118978527177,52.24243155109024],[11.467512649396278,52.24096596893368],[11.467540795115468,52.24227898061204],[11.469403279346873,52.24235386861332],[11.469390486121602,52.24516933875413],[11.476092324298163,52.24533122132835],[11.473555707436581,52.247375256476865],[11.47871525763434,52.248284662085645],[11.478708421844871,52.251545140954065],[11.483055429246457,52.25360300791897],[11.48543647783506,52.26330676240497],[11.487287078230953,52.26413703323282],[11.486710840864877,52.27273566387226],[11.496725149956143,52.268655206238726],[11.510216947272486,52.268155463507995],[11.517593515569677,52.27084544756637],[11.513218298996803,52.2712333103398],[11.510949036823774,52.27269162892177],[11.510871748914846,52.27586858731464],[11.512752399923706,52.28290658934992],[11.512003695289303,52.28896723039494],[11.516437136960326,52.29144283860116],[11.517604138300758,52.29568808589499]]]}},{"type":"Feature","id":"15083411","properties":{"ags8":"15083411","county_ags5":"15083","state_code":"15","name_de":"Oebisfelde-Weferlingen","valid_at":"2026-01-01","source":"BKG_VG250_2026","part_count":1,"simplified_tolerance_m":80},"geometry":{"type":"Polygon","coordinates":[[[11.061903268384032,52.50049550527332],[11.063631707737088,52.49262750569619],[11.072267160962003,52.485823982844835],[11.072476210360366,52.47911411349738],[11.077281620972936,52.47024188869813],[11.09502812573979,52.45813152106121],[11.090441320662622,52.45526726571515],[11.105250196624986,52.44975275103642],[11.11764735411589,52.447536658097846],[11.130687305489598,52.440448883404635],[11.148310758952618,52.43385295773159],[11.156389991126456,52.433926061216646],[11.156762277018064,52.4322152706791],[11.16693749463159,52.43275285728679],[11.167680991831775,52.42383627551643],[11.172756832344922,52.42359383170218],[11.17474007085046,52.420289295753314],[11.17996351924756,52.422328392344234],[11.183253878571968,52.41910803795985],[11.186906179478799,52.419571177498675],[11.189288578074368,52.41503638819097],[11.195810838523785,52.41593325159647],[11.196908030674589,52.40795855376595],[11.202968697749434,52.407240959889236],[11.20269502574299,52.40467816187115],[11.19895665277657,52.404835221389924],[11.199241612803153,52.40314406515476],[11.19594419365846,52.40269385931986],[11.19693847399326,52.40013537413596],[11.191865931429438,52.399488674930254],[11.190475390427855,52.39510775434867],[11.195705677699154,52.39487973255032],[11.196782152361118,52.393191674178944],[11.190378838241237,52.39169070317751],[11.184963417077338,52.392288292496865],[11.187567507215265,52.385690021578604],[11.17579491076928,52.385756804902016],[11.18224422299891,52.37777888395105],[11.176379913985294,52.370895827716105],[11.17141517356205,52.37101361723525],[11.171482866772566,52.36865686537778],[11.167862805812346,52.36828132028273],[11.168525405986953,52.37035520015823],[11.163964530132395,52.369957788172634],[11.13852203284748,52.3579900892961],[11.13418048996586,52.35906897904207],[11.128823654190246,52.36289500720625],[11.124374368634594,52.35892788267587],[11.126330619343639,52.35594074750264],[11.134227789816475,52.35347096629144],[11.133922020407358,52.351574881961106],[11.138919636987772,52.34563942889906],[11.135925392218038,52.34467711054445],[11.137487361943181,52.34197754000087],[11.135528611531761,52.33858733980324],[11.12690373261034,52.338201880255845],[11.127641726309992,52.33465007640554],[11.133627741327873,52.335882123090244],[11.138108381949932,52.32901336875631],[11.137852106034023,52.32737276901082],[11.134433132970374,52.32729570668814],[11.13427035093729,52.31593071851919],[11.131114375629396,52.31516207055627],[11.134690806695469,52.312339291229044],[11.135590083901056,52.30951040452868],[11.129138260918882,52.308788916461694],[11.129690881532731,52.30738294698806],[11.135877144637936,52.308015872406145],[11.138061402111902,52.302688784891124],[11.14235789795212,52.30253094029168],[11.14743109474554,52.30435644285413],[11.154919948481355,52.303767147242105],[11.15944297319105,52.30075538794825],[11.169453015799201,52.29754371896939],[11.180627362394642,52.28254170715115],[11.180697570658381,52.277477561474925],[11.183405393255402,52.27425120927065],[11.181875975356679,52.27201135589341],[11.183328246341713,52.27109466439803],[11.173508460404099,52.27033177043687],[11.173055450242945,52.27141362585626],[11.167772203217396,52.27106541938196],[11.163195059942097,52.26887824859273],[11.15528844373344,52.268561970015156],[11.145807026954602,52.27087998213827],[11.146467731607274,52.27401540258158],[11.13549066924902,52.27124092862308],[11.121986236996975,52.273263510190695],[11.117397125771639,52.274989109702005],[11.116328288027725,52.27342399902822],[11.10844332870858,52.271435250422236],[11.107576443576326,52.26694255156848],[11.104506802866036,52.26542006573422],[11.104559152735844,52.26166921389361],[11.101527051470914,52.26182838046812],[11.10049607638548,52.26035849891203],[11.102679441049379,52.25372777476129],[11.098766658677942,52.25264110013151],[11.09710094500483,52.25412447106835],[11.087367475246447,52.25170816159685],[11.079237825211628,52.25142613019203],[11.079731196956555,52.25960631088421],[11.076294163408658,52.2601895254053],[11.066395898430006,52.25750248500765],[11.06281734114628,52.258490721347734],[11.0595076142638,52.261992848825074],[11.056312565860154,52.25872796496173],[11.05112972910995,52.262799295198974],[11.05027467025545,52.26600514537232],[11.05216770156727,52.267363549151916],[11.042943949684746,52.2720106848608],[11.03616727405174,52.27227298615105],[11.029066817933169,52.270121021344906],[11.020081597745824,52.28213865448489],[11.013800796622558,52.28664904813101],[11.012506507524089,52.29132000671213],[11.021837482214826,52.29659521629395],[11.029577219244652,52.29736175351981],[11.039222681547267,52.301671863886355],[11.03559031658714,52.30341498193195],[11.037288894056712,52.30629634591436],[11.036015159540245,52.310396037288754],[11.033355304900978,52.310036666952044],[11.032588639918329,52.31218175716799],[11.0202288330868,52.31911791022978],[11.01971799679999,52.32142766206307],[11.011326699949032,52.326647951699954],[11.011616662055422,52.32824106390035],[11.00905402519782,52.32849756919176],[11.008874778044358,52.32692440877226],[11.006588172363768,52.3272218856259],[11.005755897607022,52.328925229407666],[11.001076691324215,52.3274805205966],[10.999982894460848,52.32971240665428],[11.00479526794962,52.33074881234203],[11.002083240234365,52.336585382548535],[10.995187763590023,52.33572364275501],[10.993571831416348,52.336980433571284],[10.990249933034786,52.33664328967246],[10.991351415239894,52.33532569423312],[10.987912498765759,52.33501594622732],[10.98367392398247,52.341686460475934],[10.99255154268956,52.34437749313433],[10.99382552242447,52.34201668407533],[10.99625101582116,52.342120902924904],[11.002341235267352,52.34475120887431],[11.004802316830446,52.34385567429912],[11.007045517791209,52.34568420373573],[11.008451709871647,52.34498248324893],[11.022980602295066,52.34743293335074],[11.02359617017184,52.34423206333782],[11.030368404439983,52.345907214309925],[11.032460774257515,52.34473562515209],[11.037356480767233,52.34474236767963],[11.040371502880191,52.34732736631098],[11.04404971823495,52.346882426093664],[11.043939507161664,52.3493386788181],[11.053075639773144,52.34906849978371],[11.05747447818748,52.350333144412154],[11.061613904863803,52.35745296785943],[11.063807554464319,52.35415408808808],[11.068684251697857,52.35547763473057],[11.067000152542128,52.36987737543257],[11.073741183394517,52.37170144357456],[11.074479824717482,52.374403264334426],[11.069852509305495,52.3745242327303],[11.068810227143512,52.37652212279263],[11.066544203491098,52.37319982357075],[11.063517791725504,52.37491943396239],[11.065035088548122,52.3768540407658],[11.060831056610846,52.38021465616376],[11.054499476989271,52.38138623523973],[11.046752836021225,52.38787017599617],[11.03900414214929,52.38890951807872],[11.04186731144949,52.38638383210387],[11.036299796382577,52.38520951150051],[11.034208160409136,52.38857413201836],[11.025769679299097,52.39062431196272],[11.022946034003937,52.392635450180634],[11.018505093642966,52.38849209293393],[11.01516005277564,52.388106805404504],[11.018904699971817,52.39216540098784],[11.016483830545411,52.39486209012047],[11.018695123583168,52.39704204590825],[11.008332456658081,52.404633883312144],[11.005578878170166,52.40887152617521],[10.991645018147187,52.41333494062021],[10.994628376115392,52.41511332474514],[10.98943606451652,52.41858961227812],[10.989408015272007,52.420302967890166],[10.973309185121543,52.430492195242316],[10.962261126513086,52.434737853150985],[10.9563947840971,52.44475151847337],[10.948796392762365,52.448591701676634],[10.947821682653418,52.453949098192325],[10.93374572823324,52.460952125622235],[10.934584996753681,52.47617439412603],[10.940981083074133,52.476600793391725],[10.942786111195007,52.48070280427731],[10.941552404101978,52.48364828246826],[10.94424949809353,52.48680773149095],[10.943555905365963,52.49234952903832],[10.949993652830882,52.49560565042359],[10.959188617589684,52.49744528557745],[10.959498800353243,52.49671441691148],[10.974840401082645,52.50136334777958],[10.981702681824942,52.49705680604007],[11.00610444071264,52.49583264200388],[11.01685351481613,52.50012963177811],[11.020390686448211,52.500385188479406],[11.021928702566,52.50212317547488],[11.026676612166852,52.50361333637807],[11.028952200900632,52.499712664995904],[11.03505661802425,52.49822568905849],[11.051107427971468,52.50827560273309],[11.05648245767077,52.50644331047538],[11.061903268384032,52.50049550527332]]]}},{"type":"Feature","id":"15083415","properties":{"ags8":"15083415","county_ags5":"15083","state_code":"15","name_de":"Oschersleben (Bode)","valid_at":"2026-01-01","source":"BKG_VG250_2026","part_count":1,"simplified_tolerance_m":80},"geometry":{"type":"Polygon","coordinates":[[[11.204130937657961,52.10438835335185],[11.208084900401396,52.1002000815261],[11.210783173413427,52.10045900562052],[11.209259680444104,52.09271433892626],[11.215113499684897,52.0902436204097],[11.219903989487591,52.090214824619444],[11.218871581751124,52.08845988135495],[11.213612552365682,52.088053214814664],[11.217845311374106,52.08249856709053],[11.220785521581035,52.08431642021523],[11.22708722827345,52.085222110618155],[11.232832067102224,52.08292020435715],[11.23992594100263,52.08637553880443],[11.246102085411657,52.08635508093239],[11.247665536814807,52.08442744474809],[11.254027043215727,52.08598200326098],[11.252809499062135,52.08710827375209],[11.267380648823632,52.08873103987552],[11.27331636693203,52.090445561014896],[11.273111814042297,52.085876166948474],[11.283840922017465,52.08429617619971],[11.281299474208597,52.08001313966847],[11.294233585013787,52.07994574950887],[11.302178883961263,52.07599766938316],[11.322182673237768,52.07541175179387],[11.32646842772339,52.07347514495876],[11.328221126443966,52.07113321127231],[11.33932004233698,52.06700110623027],[11.338324734243487,52.064122430363135],[11.3445867025294,52.061904007655066],[11.3443311116767,52.06062060252174],[11.342853526742172,52.057989220852775],[11.337806410445257,52.05857218506262],[11.334895666523925,52.05775958564021],[11.339822552290432,52.05277453186696],[11.345681812192414,52.052304721893194],[11.345594381326622,52.049687300730305],[11.355131144871136,52.04978590078114],[11.362939750664676,52.048325425132674],[11.365891338832405,52.0533021256169],[11.370207759242783,52.05291370220624],[11.368658958062872,52.03857328009244],[11.373008416395294,52.03797029661188],[11.373347950258067,52.03442489448582],[11.38207404968778,52.03688838751518],[11.389554628782426,52.036041200424684],[11.388598973125712,52.03294346464622],[11.398126648157225,52.0239458075535],[11.393579279733594,52.02248719863601],[11.391460567047556,52.0095106599047],[11.380914761244405,52.00866085976229],[11.378756484434074,52.00674892151458],[11.390726251297151,52.007469266537036],[11.391464286803265,52.005773875548336],[11.405214449109975,52.00728133128254],[11.404949644727632,52.00642875554408],[11.410374781824762,52.00589216550054],[11.404981742070467,51.98934437278769],[11.402232220640533,51.98558835219744],[11.400330095665561,51.98611886134512],[11.399741907226115,51.98367177752141],[11.401445549949369,51.982111809582975],[11.397537324288196,51.97951572527384],[11.395442286034982,51.98065762617652],[11.39399526523028,51.97959744138509],[11.384664407490188,51.98140462615421],[11.384354016427215,51.97953341106893],[11.37941109007686,51.983060358789416],[11.37460196303225,51.979289250790714],[11.374639418393546,51.97585395302729],[11.371930224913067,51.97434455142824],[11.36499629535624,51.979666618670706],[11.354329656837225,51.972529081809746],[11.355863192713512,51.971978323914946],[11.344921476667293,51.962404079461855],[11.33934005150558,51.96296532267546],[11.339198399348248,51.964756470140834],[11.334733527977406,51.96428410576441],[11.29722436470069,51.971971651793446],[11.298197857160035,51.96603699726305],[11.295490237991668,51.96610010137517],[11.29617133378243,51.95843123760763],[11.291562728553846,51.95800319977966],[11.282850867666108,51.959419170611106],[11.279947401528794,51.959078407236035],[11.280644162347928,51.956411122093584],[11.269467131532815,51.95584522339446],[11.264920737257878,51.9564862370817],[11.262878061297373,51.97183687914907],[11.257206501376105,51.971486278274604],[11.25585353568746,51.97913847951388],[11.25106534046858,51.97859756098968],[11.249475412594524,51.98687045558065],[11.246675313013373,51.99100079875741],[11.244528293977044,51.98971923346358],[11.242236819652941,51.991262770834915],[11.23843746602768,51.989843875675476],[11.234217313724844,51.990925673076916],[11.226589655643899,51.987752069502186],[11.218573122430495,51.991236979426844],[11.215025670490068,51.990623803349514],[11.212919336725744,51.992007340754384],[11.212390316605962,51.990725277700356],[11.206383553543404,51.99164273125657],[11.20504208065829,51.99345876394776],[11.197959112936566,51.99089639183043],[11.195051285475152,51.988314433927464],[11.18792650298074,51.990014651007954],[11.18464546445814,51.98693912820934],[11.182067991009108,51.987997388808964],[11.18418220818713,51.990036219896915],[11.182804488365798,51.99046691159309],[11.180391658324197,51.987944009772],[11.178202686334028,51.98868512531329],[11.182787069594518,51.99318362828648],[11.152704963963728,51.988674675755114],[11.153916385490826,52.00115716570018],[11.15815972476854,52.00059521833361],[11.15940513092247,52.00575153757327],[11.16729703828573,52.00505174092048],[11.168435438794486,52.006491605712284],[11.170641351915261,52.021553935619046],[11.167466814543848,52.02210725879163],[11.168285163179638,52.02463262626592],[11.16525171232832,52.02559409968101],[11.13092518762034,52.03182553343425],[11.128827230148747,52.057220958995856],[11.131348956349347,52.05702773561493],[11.130256225818439,52.059246311124504],[11.13607811596212,52.06128428218492],[11.135070047016848,52.06328656467956],[11.137696765042058,52.06327255220758],[11.146973380421509,52.06700054360244],[11.148168564935146,52.0689280001956],[11.150280662052177,52.06862866431797],[11.151216548332119,52.07078237996091],[11.154847222277914,52.07152709046612],[11.163470342309857,52.06929364389048],[11.165123018280966,52.0744925998363],[11.171339230652677,52.07433185678725],[11.171688414743516,52.07523839546796],[11.166584052547472,52.078035101815445],[11.170443212898507,52.084807152001645],[11.18369955710631,52.085685425788675],[11.187880636941783,52.08698367550997],[11.17960763375163,52.089226596803755],[11.180338260431407,52.09034607575074],[11.178797508585069,52.090822589121366],[11.17834961647577,52.08984301717969],[11.168936687730978,52.090810036565735],[11.169517115352575,52.088255488247675],[11.161752107353397,52.08776568490744],[11.16281815979951,52.08458016907279],[11.153649695208834,52.082615568288226],[11.145624622409136,52.09036721709794],[11.141848059856649,52.08996871675163],[11.140262819507013,52.09511922142827],[11.137548494066609,52.09630309378633],[11.15143640460971,52.10333414088918],[11.166260972743508,52.10305066264488],[11.178381182414718,52.10462456514303],[11.180758445162738,52.10372825192142],[11.183998669388375,52.10570130648667],[11.181652298904922,52.10682641893288],[11.182994301764989,52.10777317435117],[11.190340263196013,52.11026841890343],[11.191235767447347,52.107849163961994],[11.194961696658275,52.105967136750266],[11.204130937657961,52.10438835335185]]]}},{"type":"Feature","id":"15083440","properties":{"ags8":"15083440","county_ags5":"15083","state_code":"15","name_de":"Rogätz","valid_at":"2026-01-01","source":"BKG_VG250_2026","part_count":1,"simplified_tolerance_m":80},"geometry":{"type":"Polygon","coordinates":[[[11.73539907307581,52.33765488172509],[11.74411034681701,52.33352620838789],[11.758431069838135,52.335796531204885],[11.758744070102368,52.33491174892536],[11.764333546319229,52.33525776851396],[11.772126251020149,52.337702997870544],[11.776336330173784,52.341175315327156],[11.778998962481412,52.342045494090705],[11.783024598386332,52.341502752855284],[11.783968220109813,52.3432537963941],[11.787190472553752,52.34179134094163],[11.793097779631111,52.335064073049544],[11.796847276002707,52.33845070831881],[11.79473286916038,52.33923510996561],[11.795774170231516,52.340138884407374],[11.805581236184379,52.337316770900905],[11.805296363925315,52.33461132331599],[11.800327989300206,52.333380023868635],[11.7934479807916,52.329001848518786],[11.796747789232699,52.32734713394049],[11.796602419029991,52.32364404958477],[11.791331374445008,52.32024521986397],[11.786510539767132,52.3220513250286],[11.767389759489223,52.31132589019703],[11.764353992761762,52.30460265245991],[11.764968388020252,52.29512435802622],[11.760011903939134,52.28785452702671],[11.755283597443166,52.287670253313564],[11.75729997902756,52.29054554999533],[11.753374220185743,52.29180098989884],[11.751304643516082,52.28862584979302],[11.749186773141227,52.29118972670266],[11.753015528258212,52.29761640773344],[11.750682256199292,52.30166287117009],[11.744851678528171,52.30137955275834],[11.735967498871851,52.29522889419654],[11.726472523308292,52.30913368914438],[11.722517139714542,52.310469338850574],[11.716927721107345,52.3148887087916],[11.700804385468048,52.31913402011601],[11.700908619261751,52.32345133055675],[11.696295925841193,52.3316197190205],[11.696140847249909,52.335731878646456],[11.698342948582143,52.337922625534816],[11.696488242173674,52.33996494791247],[11.69679813995021,52.34554759035046],[11.70325208976036,52.346337576234276],[11.707995159077594,52.349042333290456],[11.720092897472764,52.348308356997315],[11.724156977699726,52.344363254009565],[11.731347688273347,52.34415479026315],[11.73539907307581,52.33765488172509]]]}},{"type":"Feature","id":"15083485","properties":{"ags8":"15083485","county_ags5":"15083","state_code":"15","name_de":"Sommersdorf","valid_at":"2026-01-01","source":"BKG_VG250_2026","part_count":1,"simplified_tolerance_m":80},"geometry":{"type":"Polygon","coordinates":[[[11.09818655668598,52.211090101332935],[11.113638606119073,52.20715325350814],[11.124797252188905,52.20628601619619],[11.127932935113595,52.20246515870131],[11.126282364660442,52.20186457872256],[11.127558004335642,52.20001116803054],[11.134433318311054,52.20199298932772],[11.136739486300039,52.20079938291872],[11.135299438392593,52.19968474208089],[11.136058592930073,52.1963870528572],[11.134273175049838,52.19508296189183],[11.13368408725221,52.197955341782276],[11.13126745062476,52.197851186603664],[11.13265244584024,52.194318011501984],[11.12715741719741,52.197938077858],[11.124475650426348,52.19678949272364],[11.123141031227458,52.188932112975735],[11.126397284962245,52.18920068583306],[11.132063556989898,52.18681010197329],[11.138722727255127,52.177483862298764],[11.134049366649245,52.17461506938143],[11.135831826316885,52.17474839588742],[11.141494885787571,52.17121404577052],[11.137897678486636,52.1674710823569],[11.144116796009538,52.16391556810187],[11.146923417084565,52.158577948617875],[11.131897562672517,52.16022339112558],[11.125715082964758,52.159455380972275],[11.125967108809473,52.15864453932784],[11.128648865587657,52.15903522888545],[11.134083836207072,52.15238641580121],[11.123004969608235,52.14957535513666],[11.120691578883761,52.153608029918004],[11.108927869225598,52.154439344927084],[11.107940937643425,52.151569369078594],[11.092163115692784,52.147645800460786],[11.082945611631102,52.14763670565179],[11.078160718585679,52.146291066327066],[11.075279579195133,52.14787567066362],[11.074298004191252,52.146738062770595],[11.072615882284962,52.14831683459535],[11.051516487292538,52.14859358532291],[11.060428363957724,52.15347400914908],[11.054618484358082,52.16025607482903],[11.06095759821503,52.16481804118589],[11.0613448891304,52.16840977363943],[11.05953733470286,52.171102448019774],[11.06511587514216,52.17402261922148],[11.06524680438267,52.18098378536223],[11.068353033206982,52.179910377468325],[11.075415573962342,52.181233102690925],[11.084817098108541,52.180430978467356],[11.086504337384124,52.18304013294468],[11.087332312910931,52.18595030307652],[11.083275150549527,52.18453102797765],[11.078054819016245,52.1848172100955],[11.078473833271625,52.18668604707842],[11.074079168937086,52.188632044509156],[11.072628255392608,52.1953890827639],[11.074461014509993,52.19564592166826],[11.074410243172002,52.20201425106832],[11.079959210064976,52.20414948516058],[11.079581465716025,52.20573101038518],[11.088045350051475,52.2103848219429],[11.090752129450594,52.21040371629062],[11.093692800527597,52.20778092164094],[11.096538782700206,52.20827406909785],[11.09818655668598,52.211090101332935]]]}},{"type":"Feature","id":"15083490","properties":{"ags8":"15083490","county_ags5":"15083","state_code":"15","name_de":"Sülzetal","valid_at":"2026-01-01","source":"BKG_VG250_2026","part_count":1,"simplified_tolerance_m":80},"geometry":{"type":"Polygon","coordinates":[[[11.599929052264498,52.06973827808999],[11.600524392098905,52.06746515879187],[11.60262715169358,52.06754094809723],[11.603155920105726,52.06007195656833],[11.60762001139283,52.058615727452036],[11.608420403052882,52.05660897160356],[11.615330111203553,52.056544556755426],[11.615901205963825,52.050887675045885],[11.624338849281592,52.051636041426896],[11.625767379159884,52.0397180991581],[11.628096134711893,52.03614630185363],[11.632704113947172,52.03628009836712],[11.637069020258895,52.030118236455785],[11.619880385686027,52.02976314871636],[11.62496772476794,52.021408706343664],[11.604261829202217,52.02174435447289],[11.603694870210976,52.01972622341906],[11.601475570513362,52.01926634395631],[11.603928863300707,52.011030333615544],[11.604797346162574,51.986229247240026],[11.603222807418634,51.969403151508445],[11.597357728810254,51.96597586437385],[11.571074696125889,51.967402757050394],[11.527087049982022,51.96400311934793],[11.520763722785025,51.96257317644125],[11.520537428041512,51.96351969758975],[11.516788465766615,51.96323692355864],[11.516769941728217,51.96240944982786],[11.508839329672316,51.96267484778331],[11.509577284988392,51.96639292670907],[11.505290940539806,51.96749972492856],[11.505692438928332,51.968530869035604],[11.491402747515847,51.97243802604075],[11.493257917921927,51.9760119334139],[11.481978221187408,51.9784714218153],[11.481532809060077,51.981452730140106],[11.458909067810525,51.984947539434515],[11.459249329918098,51.98818126282402],[11.4504964028993,51.98813653009787],[11.44986352898918,51.991467882856135],[11.447278857021042,51.99139326381373],[11.446834819899268,52.006786914735954],[11.448842905837743,52.007449469212524],[11.449923158809062,52.012267708879826],[11.452345000685334,52.01189518619411],[11.452758378792206,52.01872281642956],[11.475687843378632,52.02298811660754],[11.489321803119982,52.02720754385804],[11.48524568708386,52.029621424205494],[11.48579688455812,52.03290936261666],[11.498577264797456,52.05759502170723],[11.49662187124316,52.06489780558448],[11.50547395555034,52.065228325228574],[11.50817749131345,52.066351576947724],[11.509084544059855,52.065463275370504],[11.51641973382489,52.06709086827883],[11.517165010659282,52.06848457437012],[11.525154915779394,52.06516613467751],[11.543608955974191,52.06211863386519],[11.545433732553166,52.06422095219175],[11.550057519545458,52.06313737907734],[11.554387097951764,52.067983174268036],[11.557891368708056,52.06820149839174],[11.564099368877965,52.06548056172442],[11.599929052264498,52.06973827808999]]]}},{"type":"Feature","id":"15083505","properties":{"ags8":"15083505","county_ags5":"15083","state_code":"15","name_de":"Ummendorf","valid_at":"2026-01-01","source":"BKG_VG250_2026","part_count":1,"simplified_tolerance_m":80},"geometry":{"type":"Polygon","coordinates":[[[11.214229775293775,52.18523082557255],[11.232886959603634,52.182871434205616],[11.225906275289693,52.1755293369137],[11.228036144473037,52.17462862477486],[11.226381088174472,52.1728061932252],[11.216352050944103,52.16625939775323],[11.200334491100932,52.16167385693471],[11.200721406162463,52.15917272515555],[11.197665473438946,52.15923819535145],[11.194248924169038,52.151890211071226],[11.196405130054032,52.151373959345136],[11.190192499830294,52.14958404965217],[11.188838290922249,52.14707331602515],[11.189955726024175,52.145564736269236],[11.225880622917346,52.12928705856655],[11.223835980274378,52.12755444751503],[11.183778313792033,52.14418242290057],[11.176038244088494,52.14174052316036],[11.158496127154217,52.14527532399442],[11.145663359084507,52.165583453387],[11.149525520822793,52.16981418553706],[11.159210394124147,52.167762115161686],[11.170711432363197,52.17496244250106],[11.176323743992837,52.17493083567135],[11.177159582755932,52.17387897283419],[11.179450326091215,52.17424620615608],[11.179506542465779,52.17550775541964],[11.189130431297816,52.175845841520456],[11.19651564256281,52.1822882270059],[11.194902918847903,52.183035169865185],[11.197984360989713,52.18453732734532],[11.20050424578909,52.182840593891214],[11.202590056463956,52.18429449225167],[11.199160318891515,52.19150131357403],[11.214229775293775,52.18523082557255]]]}},{"type":"Feature","id":"15083515","properties":{"ags8":"15083515","county_ags5":"15083","state_code":"15","name_de":"Völpke","valid_at":"2026-01-01","source":"BKG_VG250_2026","part_count":1,"simplified_tolerance_m":80},"geometry":{"type":"Polygon","coordinates":[[[11.146720209846412,52.1648213721533],[11.151667385674548,52.15442736363177],[11.152892314008454,52.15485381504208],[11.158496127154217,52.14527532399442],[11.163517144061917,52.144257284720496],[11.160118944011664,52.12374408379047],[11.147059968079871,52.12514434928031],[11.132121679622454,52.1242009768496],[11.125528018304555,52.12271255630314],[11.125633156720266,52.128163053883966],[11.115972114212322,52.131159051202694],[11.108095955466641,52.13038537274733],[11.102246391622382,52.13134802072574],[11.096726570967558,52.129186232931374],[11.076872633082347,52.13035031134109],[11.067792811658686,52.13206784115303],[11.067706058062283,52.144957687953635],[11.064622760537825,52.14859715153409],[11.072615882284962,52.14831683459535],[11.074298004191252,52.146738062770595],[11.075279579195133,52.14787567066362],[11.078160718585679,52.146291066327066],[11.082945611631102,52.14763670565179],[11.092163115692784,52.147645800460786],[11.107940937643425,52.151569369078594],[11.108927869225598,52.154439344927084],[11.120691578883761,52.153608029918004],[11.123004969608235,52.14957535513666],[11.126390455590883,52.150142318593346],[11.134083836207072,52.15238641580121],[11.128648865587657,52.15903522888545],[11.125967108809473,52.15864453932784],[11.125715082964758,52.159455380972275],[11.131897562672517,52.16022339112558],[11.146923417084565,52.158577948617875],[11.144116796009538,52.16391556810187],[11.137897678486636,52.1674710823569],[11.13976570641097,52.16936703277866],[11.146720209846412,52.1648213721533]]]}},{"type":"Feature","id":"15083531","properties":{"ags8":"15083531","county_ags5":"15083","state_code":"15","name_de":"Wanzleben-Börde","valid_at":"2026-01-01","source":"BKG_VG250_2026","part_count":1,"simplified_tolerance_m":80},"geometry":{"type":"Polygon","coordinates":[[[11.329257247777477,52.149923603148345],[11.327977910610086,52.14766678256759],[11.32981575838883,52.14662590658152],[11.341082005201702,52.14431787439004],[11.358619394494895,52.136232536109205],[11.361402932123227,52.13655431458286],[11.361050472432382,52.138005061948455],[11.377647305147976,52.13966857218472],[11.383059745524614,52.14111379031476],[11.382275753961077,52.14170912458609],[11.401054996712215,52.142081724203045],[11.401814749809235,52.143524206120745],[11.409157947405314,52.1440025187236],[11.410182026465911,52.14156280104401],[11.413459866223501,52.14145818434778],[11.411995195994287,52.13507029678421],[11.408328087543051,52.13272777731689],[11.408449719447457,52.12810124157093],[11.406067638751367,52.12790083722382],[11.406461101445755,52.12659616131142],[11.417688946921832,52.12677129830174],[11.419251014609923,52.124419012140976],[11.42320724405774,52.1264679187151],[11.426578584127109,52.126504389443554],[11.429119352311126,52.12897672390495],[11.437082923183603,52.128878543217034],[11.437537350012516,52.12964856697226],[11.447253092420672,52.12771311915194],[11.46330165858721,52.13153050103795],[11.473237216586705,52.11232595133361],[11.491815112841303,52.117354435935795],[11.499512226203336,52.11785697749723],[11.511337693000321,52.120653942685585],[11.513678332104767,52.117503706489416],[11.536296478608081,52.11518086489396],[11.536453702375665,52.1096171239682],[11.534108746804737,52.10417720256671],[11.531460703629943,52.10400220727573],[11.532706932252163,52.09971857700928],[11.52927258070265,52.09385617949355],[11.531481080967204,52.090148949915346],[11.525189866032424,52.07930954438695],[11.51853972801344,52.0776933167253],[11.52141179550081,52.072334389034545],[11.52090444887199,52.067310191724836],[11.517165010659282,52.06848457437012],[11.51641973382489,52.06709086827883],[11.509084544059855,52.065463275370504],[11.50817749131345,52.066351576947724],[11.50547395555034,52.065228325228574],[11.49662187124316,52.06489780558448],[11.498577264797456,52.05759502170723],[11.48579688455812,52.03290936261666],[11.48524568708386,52.029621424205494],[11.489321803119982,52.02720754385804],[11.475687843378632,52.02298811660754],[11.452758378792206,52.01872281642956],[11.452345000685334,52.01189518619411],[11.449923158809062,52.012267708879826],[11.448842905837743,52.007449469212524],[11.446834819899268,52.006786914735954],[11.436170308255466,52.007051105803],[11.436043240960535,52.00583768389656],[11.426427874257167,52.00581940727727],[11.425951018062527,52.00441784380747],[11.415291476499213,52.00468347832994],[11.414707801038153,52.000752205945226],[11.409585295235283,52.001137974295276],[11.410374781824762,52.00589216550054],[11.404949644727632,52.00642875554408],[11.405214449109975,52.00728133128254],[11.391464286803265,52.005773875548336],[11.390726251297151,52.007469266537036],[11.378756484434074,52.00674892151458],[11.380914761244405,52.00866085976229],[11.391460567047556,52.0095106599047],[11.393579279733594,52.02248719863601],[11.398126648157225,52.0239458075535],[11.388598973125712,52.03294346464622],[11.389554628782426,52.036041200424684],[11.38207404968778,52.03688838751518],[11.373347950258067,52.03442489448582],[11.373008416395294,52.03797029661188],[11.368658958062872,52.03857328009244],[11.370207759242783,52.05291370220624],[11.365891338832405,52.0533021256169],[11.362939750664676,52.048325425132674],[11.355131144871136,52.04978590078114],[11.345594381326622,52.049687300730305],[11.345681812192414,52.052304721893194],[11.339822552290432,52.05277453186696],[11.334895666523925,52.05775958564021],[11.337806410445257,52.05857218506262],[11.342853526742172,52.057989220852775],[11.3443311116767,52.06062060252174],[11.3445867025294,52.061904007655066],[11.338324734243487,52.064122430363135],[11.33932004233698,52.06700110623027],[11.328221126443966,52.07113321127231],[11.32646842772339,52.07347514495876],[11.322182673237768,52.07541175179387],[11.302178883961263,52.07599766938316],[11.294233585013787,52.07994574950887],[11.281299474208597,52.08001313966847],[11.283840922017465,52.08429617619971],[11.273111814042297,52.085876166948474],[11.27331636693203,52.090445561014896],[11.267380648823632,52.08873103987552],[11.252809499062135,52.08710827375209],[11.254027043215727,52.08598200326098],[11.247665536814807,52.08442744474809],[11.246102085411657,52.08635508093239],[11.23992594100263,52.08637553880443],[11.232832067102224,52.08292020435715],[11.22708722827345,52.085222110618155],[11.220785521581035,52.08431642021523],[11.217845311374106,52.08249856709053],[11.213612552365682,52.088053214814664],[11.218871581751124,52.08845988135495],[11.219903989487591,52.090214824619444],[11.215113499684897,52.0902436204097],[11.208770242579678,52.093166998802985],[11.210783173413427,52.10045900562052],[11.208084900401396,52.1002000815261],[11.202963235013556,52.10634677801353],[11.213857963307486,52.106494309499475],[11.21612824070045,52.1078564688057],[11.223166314101531,52.11582907918637],[11.224617894190494,52.1166585971857],[11.226346698591001,52.115981717134055],[11.22905528165277,52.118535534742506],[11.223491731695606,52.12064841312756],[11.224324641175569,52.12156085129139],[11.226856209271702,52.120870851142314],[11.23023130299679,52.12446624007969],[11.23384929455987,52.12588326175072],[11.239659723507017,52.1219346158672],[11.248817526958724,52.12430620320921],[11.246680920941172,52.12146816854909],[11.24955153373156,52.117447415377924],[11.256511961215281,52.11776333196551],[11.256915265726361,52.11391990216768],[11.265005015161345,52.11192542719316],[11.266390091903768,52.11434520891264],[11.270483850445709,52.11450776470617],[11.27149946405974,52.117838929359515],[11.276137478605044,52.11872581318816],[11.274851959784089,52.12130673774339],[11.27775233608331,52.122565181445275],[11.279388488929456,52.120836467001936],[11.29182784810737,52.12291511446238],[11.29654107310352,52.12482505571868],[11.294940580775197,52.12605904143446],[11.29557828615968,52.128249582536064],[11.292134846564876,52.128578294729195],[11.292490290612086,52.133383493852016],[11.284712666531341,52.138110612684045],[11.278472571888516,52.14410122247096],[11.280049902944745,52.1464948236634],[11.290114809195389,52.14872273452919],[11.289962345259697,52.14645670148432],[11.295638210208612,52.14602058746114],[11.297710499873109,52.144807331840475],[11.297114228380178,52.15075154509986],[11.303862289701948,52.15030380650812],[11.309157422351056,52.14747201201719],[11.318860278494347,52.14681988954697],[11.321278890617311,52.14689430799473],[11.320934503365034,52.14838174709303],[11.324593378127997,52.14875638749959],[11.324222915713275,52.15085902912757],[11.329257247777477,52.149923603148345]]]}},{"type":"Feature","id":"15083535","properties":{"ags8":"15083535","county_ags5":"15083","state_code":"15","name_de":"Wefensleben","valid_at":"2026-01-01","source":"BKG_VG250_2026","part_count":1,"simplified_tolerance_m":80},"geometry":{"type":"Polygon","coordinates":[[[11.1451252481859,52.20475703211351],[11.156207937566512,52.20377933383604],[11.158414863322902,52.19649961425211],[11.16213976954936,52.193987561295195],[11.171117586365064,52.19437827463094],[11.174942615428263,52.19666836791857],[11.18230180824979,52.19838956912771],[11.189163225648054,52.19278060778672],[11.194165151134966,52.193203859790366],[11.199160318891515,52.19150131357403],[11.202590056463956,52.18429449225167],[11.20050424578909,52.182840593891214],[11.197984360989713,52.18453732734532],[11.194902918847903,52.183035169865185],[11.19651564256281,52.1822882270059],[11.189130431297816,52.175845841520456],[11.179506542465779,52.17550775541964],[11.179450326091215,52.17424620615608],[11.177159582755932,52.17387897283419],[11.176323743992837,52.17493083567135],[11.170711432363197,52.17496244250106],[11.159210394124147,52.167762115161686],[11.149525520822793,52.16981418553706],[11.145663359084507,52.165583453387],[11.13976570641097,52.16936703277866],[11.141494885787571,52.17121404577052],[11.135831826316885,52.17474839588742],[11.134049366649245,52.17461506938143],[11.138722727255127,52.177483862298764],[11.132063556989898,52.18681010197329],[11.126397284962245,52.18920068583306],[11.123141031227458,52.188932112975735],[11.124475650426348,52.19678949272364],[11.12715741719741,52.197938077858],[11.13265244584024,52.194318011501984],[11.13126745062476,52.197851186603664],[11.13368408725221,52.197955341782276],[11.134273175049838,52.19508296189183],[11.13645206602032,52.19792707820241],[11.135299438392593,52.19968474208089],[11.142423042818669,52.20210019573809],[11.1451252481859,52.20475703211351]]]}},{"type":"Feature","id":"15083557","properties":{"ags8":"15083557","county_ags5":"15083","state_code":"15","name_de":"Westheide","valid_at":"2026-01-01","source":"BKG_VG250_2026","part_count":1,"simplified_tolerance_m":80},"geometry":{"type":"Polygon","coordinates":[[[11.500718612953076,52.389366703446015],[11.503841068713413,52.38408469545731],[11.537327958276965,52.39081287677903],[11.53919116558287,52.387447586808904],[11.54144516065676,52.391639320169936],[11.558625731703524,52.395086110106654],[11.569023162329739,52.37566111353937],[11.558399185852474,52.373625992723134],[11.562053284092359,52.36711705863704],[11.541047066689757,52.36285350251595],[11.544592114047868,52.35645009787113],[11.541391889592543,52.35512300649848],[11.545894778875109,52.354261991016685],[11.548190281589022,52.34994874858955],[11.537344091836188,52.34796779529965],[11.540993285180939,52.341215689437654],[11.530877265299038,52.339246856120525],[11.534275633356119,52.33293497463546],[11.52349616587783,52.33063943979895],[11.53057499805514,52.31788838000945],[11.52000830465201,52.31580416058912],[11.530349691672807,52.29717188960136],[11.534930756812404,52.29733931894617],[11.538616740766766,52.294950850960625],[11.542760929390065,52.295265677557055],[11.542305228234772,52.29395641701051],[11.544824287344825,52.292513334128905],[11.549846398021723,52.291480051690925],[11.517604138300758,52.29568808589499],[11.516437136960326,52.29144283860116],[11.512003695289303,52.28896723039494],[11.512752399923706,52.28290658934992],[11.510871748914846,52.27586858731464],[11.510949036823774,52.27269162892177],[11.513218298996803,52.2712333103398],[11.517593515569677,52.27084544756637],[11.510216947272486,52.268155463507995],[11.495119656764677,52.26898336302268],[11.476831317239329,52.276995205602546],[11.468437061198708,52.278549523542836],[11.463571317877548,52.28091496333262],[11.456611850688395,52.28177245559252],[11.445449953757407,52.28729371862538],[11.450732973547765,52.29169084221831],[11.45057540117555,52.29526180152287],[11.446248691478335,52.30229026671006],[11.446913133446932,52.31995010221277],[11.449793322138465,52.32150135719523],[11.450992835212498,52.32478380303248],[11.467469150057575,52.326432987198665],[11.526111783512402,52.33850215127533],[11.550548474278413,52.38644662437225],[11.47797440947,52.37148129012128],[11.476163532670911,52.376065068227454],[11.472591322440989,52.37329685070514],[11.430208089392668,52.371761736957865],[11.422962575778943,52.36956010033543],[11.42083802965782,52.3705747532882],[11.423270495130712,52.37096081731811],[11.42234454897225,52.37429209645442],[11.428411868824284,52.37410030759762],[11.433199841145996,52.38009239350757],[11.429296508171355,52.38031396961739],[11.414878665081252,52.38075189070691],[11.41753843337382,52.37561485484412],[11.402833723116585,52.375441124149646],[11.406853891628925,52.38685245491126],[11.431260029419558,52.38874076390994],[11.446673409597464,52.38677920063859],[11.495837629895746,52.396777217464354],[11.496539257549225,52.39119952124945],[11.500718612953076,52.389366703446015]]]}},{"type":"Feature","id":"15083565","properties":{"ags8":"15083565","county_ags5":"15083","state_code":"15","name_de":"Wolmirstedt","valid_at":"2026-01-01","source":"BKG_VG250_2026","part_count":1,"simplified_tolerance_m":80},"geometry":{"type":"Polygon","coordinates":[[[11.657298450186683,52.296077356843576],[11.656116812753325,52.29353375536609],[11.659983185443464,52.28986247424808],[11.65768471344684,52.286934792949964],[11.66786137648771,52.2831117495603],[11.665520047441865,52.28161438805876],[11.667513853118493,52.27931925931042],[11.669105996389055,52.281336605293426],[11.675108525328312,52.282060477458394],[11.677552761226256,52.27625271151785],[11.680387371886493,52.274740652350545],[11.694140131723225,52.270331753172826],[11.694708473828431,52.27387754270897],[11.702954398384096,52.270873276415074],[11.702716899711184,52.26801522210033],[11.696972197779134,52.265904922715364],[11.698182532687596,52.2650149631091],[11.69307956122099,52.262695994451455],[11.692735785736573,52.26093689583141],[11.699894681126537,52.26108186081297],[11.702547474304788,52.26440988638087],[11.70539636558577,52.265136852015175],[11.707882891692591,52.26382551164916],[11.70406148692856,52.26211789337922],[11.713956124276988,52.258514738231206],[11.718006190240926,52.26142480265845],[11.716382892068841,52.26697777666168],[11.71811653545698,52.268147792711574],[11.72517482055363,52.26625855210602],[11.729519523607268,52.262139243099796],[11.736006027259728,52.259260330582364],[11.727527069387836,52.25211234614755],[11.720964187373834,52.249190150824205],[11.706760501119637,52.24598142492191],[11.701092158334587,52.24113601432597],[11.700296398964676,52.23600772073065],[11.703787966573321,52.22189507431453],[11.706802757126919,52.21687231894119],[11.712971265793914,52.21152969688343],[11.714176978697388,52.2079013301809],[11.711125235125923,52.20384834745532],[11.705041595245556,52.200815351160074],[11.70319210202287,52.20283093894135],[11.704800118263869,52.20378417432569],[11.70447248745998,52.206024702010765],[11.700010090947384,52.20594830355133],[11.68901302378093,52.20854486713367],[11.688675992478517,52.21340344869332],[11.682766608434237,52.213328836244735],[11.675576251256265,52.2211995898975],[11.674642060182913,52.22575139437676],[11.672256636464905,52.22697500392516],[11.637121427474499,52.22842054114021],[11.639783639463625,52.22077649131286],[11.637142542187036,52.2205857239515],[11.636644231989713,52.22231752960117],[11.623956585761244,52.222167465473454],[11.623735437822623,52.224463302372236],[11.616614090840141,52.22435003040814],[11.616728722656351,52.22306265822206],[11.613972217585282,52.222944417061065],[11.614440564928731,52.22115002755114],[11.600541084012491,52.22173736440201],[11.591703886980449,52.22029810799881],[11.582134009478652,52.21576152269608],[11.589804554010083,52.22655799766193],[11.592511304436314,52.23551038836139],[11.596448658576119,52.234152132039604],[11.598559723333809,52.23962874992169],[11.597203286989053,52.239884049974414],[11.599344941672207,52.24660167095668],[11.591107879432126,52.247699763270035],[11.590442299289801,52.249038581556185],[11.588081558211043,52.24922664198184],[11.588284182171286,52.25441302407337],[11.599439264041449,52.26731616655287],[11.60111244638929,52.26739075358711],[11.600309236325167,52.26932303887831],[11.60319746436201,52.269917134617955],[11.604814764550367,52.28207229578863],[11.610786989536422,52.283393318535914],[11.616605753425384,52.287386944924286],[11.624939221353616,52.28806461048353],[11.62725328416157,52.28264595427895],[11.631365150189252,52.282859076008315],[11.631502448829448,52.285194792117196],[11.63726359890745,52.288153598275144],[11.639903183678555,52.28817612960462],[11.638722194672567,52.296002886231264],[11.657298450186683,52.296077356843576]]]}},{"type":"Feature","id":"15083580","properties":{"ags8":"15083580","county_ags5":"15083","state_code":"15","name_de":"Zielitz","valid_at":"2026-01-01","source":"BKG_VG250_2026","part_count":1,"simplified_tolerance_m":80},"geometry":{"type":"Polygon","coordinates":[[[11.673146524546038,52.30755329001595],[11.678446472912894,52.30735645350283],[11.678803559348196,52.30390887263648],[11.674029097838078,52.29852252063758],[11.696262246996131,52.28114963780829],[11.696974366130705,52.2788528177472],[11.692109948596352,52.27537898137935],[11.695274938889883,52.2729262438246],[11.694140131723225,52.270331753172826],[11.677924537802843,52.27588925815964],[11.675108525328312,52.282060477458394],[11.669105996389055,52.281336605293426],[11.667513853118493,52.27931925931042],[11.665520047441865,52.28161438805876],[11.66786137648771,52.2831117495603],[11.65768471344684,52.286934792949964],[11.659983185443464,52.28986247424808],[11.656116812753325,52.29353375536609],[11.657298450186683,52.296077356843576],[11.638722194672567,52.296002886231264],[11.639743626833086,52.30390862927163],[11.637722177144802,52.30404475411206],[11.637911800067762,52.32085417055215],[11.649030223555092,52.32226832113949],[11.649690412206693,52.33490856220755],[11.656062933095534,52.336052639300796],[11.656685467485346,52.33742282865603],[11.664933785684815,52.33669543968683],[11.664377468029995,52.33448813980449],[11.660978860937968,52.33251524274954],[11.660741383099547,52.32956727106174],[11.655829862715358,52.32334091680428],[11.652180670304244,52.32262488435487],[11.666982054306963,52.31323738593126],[11.667019521743459,52.3110856057548],[11.673146524546038,52.30755329001595]]]}},{"type":"Feature","id":"15084012","properties":{"ags8":"15084012","county_ags5":"15084","state_code":"15","name_de":"An der Poststraße","valid_at":"2026-01-01","source":"BKG_VG250_2026","part_count":1,"simplified_tolerance_m":80},"geometry":{"type":"Polygon","coordinates":[[[11.613227417903657,51.1914931916752],[11.60910532369878,51.18382089757119],[11.610038533283797,51.181469373126994],[11.605943368122446,51.17553650792037],[11.607012940019947,51.17477054144072],[11.61025575456247,51.17449685290245],[11.611410330706315,51.17191240041466],[11.61651343525483,51.17103595892093],[11.624808172429741,51.17199560981921],[11.64481667833537,51.171842123798776],[11.64414695343402,51.16791643226456],[11.646965248243067,51.16555826980115],[11.656713577835735,51.169070567829955],[11.656724538019663,51.16779270094866],[11.662493348419487,51.167258587371386],[11.665987848529229,51.1577035686132],[11.663454497313502,51.155974131220496],[11.654513685370206,51.157781440055594],[11.638332995622182,51.15326098892842],[11.63669859392726,51.15370880930131],[11.623043240553136,51.14818087589805],[11.621766231169572,51.15056005351777],[11.627252449218032,51.15124476431883],[11.63068888005513,51.153695100796156],[11.629940141500649,51.15584392769728],[11.623175223686522,51.15402248364027],[11.618528387519296,51.14724335417081],[11.619543082375785,51.1460188751247],[11.617010843390574,51.14482833619133],[11.613515070215108,51.14757916228772],[11.605492450390425,51.140277276913004],[11.596000431219288,51.13473325925717],[11.582675670587447,51.13310281661959],[11.576553364467049,51.13366327828174],[11.577797389237244,51.138988450278056],[11.571923950489147,51.13866154384087],[11.571835815226123,51.139757507650096],[11.577627063233239,51.13979948495028],[11.57366042507806,51.14519857459618],[11.575296180547605,51.14971862009059],[11.5714306996357,51.15639475730616],[11.563192506606672,51.15219584240111],[11.555722308644222,51.1502389596312],[11.55305416374612,51.15244057321846],[11.548027512481415,51.153493533066865],[11.536626094912842,51.151660591949394],[11.531127764784397,51.15210513381659],[11.530080882089567,51.15584857005856],[11.506681906425262,51.156286332486324],[11.508119781007977,51.14873357335925],[11.503996220325602,51.14660053067145],[11.50769670374249,51.144418151143306],[11.504560581825027,51.1416287524004],[11.504314798230881,51.14348446550696],[11.50047375381147,51.13890743355492],[11.507821072610556,51.136387377984576],[11.507575363904548,51.13136135856475],[11.505567983090808,51.13092154661001],[11.508902298215236,51.12766451016175],[11.506760369010928,51.12703293810784],[11.511772364528811,51.1221306712746],[11.508328930059312,51.112397498081656],[11.503320153776562,51.11280055319696],[11.50737823116315,51.11928925124358],[11.500216206940767,51.12156254537494],[11.500010853269393,51.12606391546806],[11.485639007029954,51.13035348878085],[11.485539908992527,51.1323967301845],[11.476726655921139,51.132623188173916],[11.474253225687987,51.13049658744456],[11.471875491725289,51.13049996437869],[11.471105986031983,51.12844940860131],[11.459875403282819,51.13016306600054],[11.458649732830184,51.13755976800754],[11.451004306874541,51.146670130785715],[11.467335256337833,51.14787885550196],[11.467806123702099,51.14867488157357],[11.471929176463451,51.148183574606854],[11.479284674949803,51.15877832139389],[11.472560400382854,51.16091995898281],[11.474947699230666,51.165826338735705],[11.48526014382029,51.165592791644485],[11.485548328439217,51.168017346930434],[11.49110471039335,51.168521743311835],[11.530281361418359,51.16998278275614],[11.53161567258599,51.17169814750116],[11.526977969179889,51.17760019590301],[11.527749584500409,51.17906610078795],[11.530379254839614,51.17951086553429],[11.542119094612719,51.17828210715751],[11.544196763495146,51.17900142097531],[11.550936562120045,51.17446901073918],[11.556496175393269,51.17659646543611],[11.564021102059044,51.177635023827996],[11.583538779817482,51.17849963827687],[11.58714088512416,51.180094881544754],[11.59189504050699,51.18620533990175],[11.591791849159142,51.18971558066998],[11.59849481884619,51.1909796264273],[11.599865103309313,51.19260935892167],[11.598397786019117,51.194737707841476],[11.601438067746393,51.1979214700181],[11.613227417903657,51.1914931916752]]]}},{"type":"Feature","id":"15084013","properties":{"ags8":"15084013","county_ags5":"15084","state_code":"15","name_de":"Meineweh","valid_at":"2026-01-01","source":"BKG_VG250_2026","part_count":1,"simplified_tolerance_m":80},"geometry":{"type":"Polygon","coordinates":[[[11.951234801449292,51.10874188415977],[11.960537468104217,51.09866396658694],[11.962359371151136,51.099784043777866],[11.966510079171773,51.096840197712694],[11.96806868306832,51.097128989463904],[11.984095450326356,51.105935163853914],[11.9873379241841,51.100810535462074],[11.986642540076721,51.09814203447029],[11.988471393291618,51.09574723451838],[11.987276436009452,51.095050753919594],[11.992540444427998,51.08687504777867],[11.99654606913445,51.08799046912029],[11.99745081037343,51.08674072946105],[12.00068440879889,51.08852577257511],[12.002808868691114,51.0861908015775],[12.011912242354706,51.08754396891547],[12.023088708789222,51.07371983801783],[12.027507004318567,51.06372062961198],[12.012800498297151,51.0552522521491],[12.003112260925713,51.05371263659689],[12.004222412725884,51.04788482658192],[11.995538132808434,51.04721713283418],[11.987366562338963,51.0491788390953],[11.973099792614917,51.04879501299123],[11.9669350546035,51.04753183867164],[11.968082710586383,51.055816559810815],[11.95600001074416,51.05936769376862],[11.958395763719661,51.06289241370651],[11.959739463755668,51.062479649308244],[11.960595865485999,51.06528479879647],[11.964812700111064,51.06599386133195],[11.961600255742194,51.06645605950087],[11.963302914531818,51.06844144341591],[11.954588297081875,51.06911099059471],[11.951245009861665,51.067471988727526],[11.947181779986979,51.07497597267177],[11.941194647287555,51.07569293362542],[11.940514557261952,51.07691563963542],[11.942379908760827,51.077319816875594],[11.938906431802401,51.08269295069852],[11.942887384717599,51.08394143846601],[11.941469909160775,51.08637926773147],[11.943589435292798,51.087283988412665],[11.942589380410917,51.089123154013194],[11.940110827559696,51.08809041015315],[11.94110639643893,51.08968141181305],[11.934346676149078,51.09831108769021],[11.951234801449292,51.10874188415977]]]}},{"type":"Feature","id":"15084015","properties":{"ags8":"15084015","county_ags5":"15084","state_code":"15","name_de":"Bad Bibra","valid_at":"2026-01-01","source":"BKG_VG250_2026","part_count":1,"simplified_tolerance_m":80},"geometry":{"type":"Polygon","coordinates":[[[11.581900962446415,51.25971069172328],[11.58147364832168,51.25812364176569],[11.587638675590267,51.255685846432485],[11.595452718414712,51.25584400778404],[11.598380721943558,51.25485418046818],[11.600830759846405,51.24996323695983],[11.597744095574846,51.24738276220948],[11.60234566513286,51.2438643840683],[11.600381645522393,51.24039743809253],[11.608142738690175,51.24139084574094],[11.608308902513064,51.23946562698395],[11.616790143281001,51.239950270056575],[11.620148300533224,51.235383150354345],[11.617644843085078,51.23203277163798],[11.623385570752422,51.22999825327214],[11.6229310811264,51.226426886941674],[11.63988982679182,51.22407271443662],[11.64709414062662,51.22592602422596],[11.64838583350769,51.224199203459555],[11.642506954345647,51.220851068440005],[11.64041481563739,51.21446475333992],[11.634286123504403,51.211095988075535],[11.635986679112149,51.20626546140445],[11.640146960884229,51.207097835061845],[11.639523951382879,51.20507030714481],[11.642996227218596,51.20642532873056],[11.6448796908445,51.204430870024474],[11.64165816070185,51.20289102197921],[11.63870443818298,51.19739380816046],[11.636586288094955,51.19698843289111],[11.63731379157323,51.19558969178339],[11.622501040945439,51.193033265643734],[11.621190477775505,51.19182782528269],[11.613227417903657,51.1914931916752],[11.601438067746393,51.1979214700181],[11.598397786019117,51.194737707841476],[11.599865103309313,51.19260935892167],[11.59849481884619,51.1909796264273],[11.591791849159142,51.18971558066998],[11.59189504050699,51.18620533990175],[11.58714088512416,51.180094881544754],[11.580662611685852,51.17794136606169],[11.556496175393269,51.17659646543611],[11.550936562120045,51.17446901073918],[11.544196763495146,51.17900142097531],[11.538397473655701,51.17893607077547],[11.537298265912048,51.1823906408074],[11.529999773970964,51.18124095234909],[11.52762943112198,51.187070796294236],[11.528955782144669,51.18895958178394],[11.533320537638675,51.188978252195554],[11.533005762261027,51.19069926894431],[11.523497506392687,51.191331707959684],[11.520989267666922,51.19739049412088],[11.518681621990238,51.19859144549051],[11.519020830408431,51.20022643191088],[11.538895134677992,51.200436995008005],[11.547237850654192,51.20264814156772],[11.557477030454988,51.207576989940044],[11.55166345639854,51.21333412685437],[11.548790131854021,51.22117918870235],[11.553143612416342,51.229238328227524],[11.544997267528704,51.22833052553643],[11.534214676535642,51.22935304398065],[11.537162676371775,51.24064642459398],[11.528652733293487,51.239578727779424],[11.52736452875948,51.24288328302277],[11.520531863823363,51.242475117247466],[11.522674705327265,51.246667462063165],[11.53367352919112,51.24913763976408],[11.532062570148414,51.25103911390391],[11.53749617695751,51.251018116637965],[11.53742819418895,51.2524583902817],[11.550458150803266,51.257966018164545],[11.550006629377606,51.26007700510231],[11.560073856276066,51.2609386530312],[11.565688421197567,51.25957356971879],[11.576537207742064,51.26139803075361],[11.581900962446415,51.25971069172328]]]}},{"type":"Feature","id":"15084025","properties":{"ags8":"15084025","county_ags5":"15084","state_code":"15","name_de":"Balgstädt","valid_at":"2026-01-01","source":"BKG_VG250_2026","part_count":1,"simplified_tolerance_m":80},"geometry":{"type":"Polygon","coordinates":[[[11.704150874013918,51.215383198671795],[11.727453456415205,51.20968817082532],[11.736097834727108,51.20884133644492],[11.74001381254758,51.21116649516128],[11.750664907817487,51.21194402096361],[11.75101488697906,51.20899779678849],[11.754800521230932,51.20860633551223],[11.752950830391011,51.203263083666094],[11.75433255927617,51.2019255117329],[11.747004109165248,51.19380313800648],[11.748505715863613,51.19188245034742],[11.746715150356158,51.19011591057762],[11.738702042231814,51.186830671303916],[11.73649939822542,51.1807247692063],[11.730868315118816,51.18121270825863],[11.729566114061916,51.1830397284776],[11.725508729893889,51.18229044374796],[11.719391608068067,51.177810173254514],[11.718539227035071,51.17534449366515],[11.710534701118444,51.170855575861886],[11.699702739234695,51.17024342194381],[11.699341941108624,51.17268508823824],[11.689946455239104,51.17139065863611],[11.68955278689261,51.1725755502858],[11.684872930837281,51.1732134979472],[11.685217798968534,51.1772097758795],[11.683551000587295,51.17860123760231],[11.676278110169436,51.17836662228348],[11.674844121832887,51.17798105769648],[11.67430407178716,51.17461525238383],[11.670996490013327,51.17441985678177],[11.669618364729692,51.17264327732817],[11.664708017523992,51.17135902836946],[11.664513085577381,51.168462263169424],[11.661539274424596,51.16859081908529],[11.662493348419487,51.167258587371386],[11.656724538019663,51.16779270094866],[11.656713577835735,51.169070567829955],[11.646965248243067,51.16555826980115],[11.64414695343402,51.16791643226456],[11.64481667833537,51.171842123798776],[11.624808172429741,51.17199560981921],[11.61651343525483,51.17103595892093],[11.611410330706315,51.17191240041466],[11.61025575456247,51.17449685290245],[11.605943368122446,51.17553650792037],[11.610038533283797,51.181469373126994],[11.60910532369878,51.18382089757119],[11.613227417903657,51.1914931916752],[11.621190477775505,51.19182782528269],[11.622501040945439,51.193033265643734],[11.631633424906132,51.19404308171108],[11.63731379157323,51.19558969178339],[11.636586288094955,51.19698843289111],[11.63870443818298,51.19739380816046],[11.640167217539533,51.196893660861335],[11.638158350353748,51.191505284071454],[11.64791053144437,51.190317537460245],[11.651479004352089,51.19516309660345],[11.654316553859612,51.19499229197928],[11.662237694258039,51.20445024755774],[11.665982705457868,51.20417491834722],[11.66485014893439,51.20682759584321],[11.689753171278934,51.210428377198575],[11.691639630488815,51.21413058812767],[11.693515397142992,51.21409737737259],[11.694335479740172,51.21166516985881],[11.697550929553858,51.21170850308538],[11.700355721402982,51.21213778999209],[11.704150874013918,51.215383198671795]]]}},{"type":"Feature","id":"15084115","properties":{"ags8":"15084115","county_ags5":"15084","state_code":"15","name_de":"Droyßig","valid_at":"2026-01-01","source":"BKG_VG250_2026","part_count":1,"simplified_tolerance_m":80},"geometry":{"type":"Polygon","coordinates":[[[12.017501417577993,51.058835889995414],[12.023127223141973,51.05838460557051],[12.024645026268626,51.057055027202296],[12.027626207804392,51.05762956179777],[12.029815814253682,51.05391497942861],[12.040922177126589,51.056729021682266],[12.044071595539615,51.053592285212],[12.035692003106412,51.0508274416412],[12.036068855412877,51.049458597561916],[12.040497066524003,51.04309701663977],[12.043060070702554,51.04180116126192],[12.046527995692292,51.04225805984289],[12.051218075130057,51.03370721578065],[12.044125213429322,51.03343678502066],[12.029898288614167,51.0306634644276],[12.026495782301637,51.02805649944112],[12.027557178901366,51.02543294158499],[12.021877602895165,51.02447860414602],[12.021701913097331,51.02237908411844],[12.018688461096117,51.021860427075836],[12.017018246400452,51.01812258531774],[12.010662452843683,51.01306203496779],[12.005216564804225,51.01299990419317],[12.00220461003483,51.01558555653404],[12.004220281548944,51.01925992226399],[12.000495074009857,51.020071207231545],[11.997120035678456,51.01826124210839],[11.996372572153406,51.01498498520273],[11.99037189648654,51.01585445464106],[11.989463844599289,51.01467816437756],[11.985834333242279,51.01583139578436],[11.981602537423106,51.01466137435641],[11.972282822901825,51.01858613068529],[11.969537623638923,51.01733900092056],[11.965226962207517,51.01834207156486],[11.96458591142662,51.02119193135884],[11.962743179777938,51.02218315465368],[11.962699032715628,51.020783661371226],[11.960896686320488,51.02109198781231],[11.960688687256368,51.02019317910084],[11.958312808368197,51.021038625432894],[11.95390448352531,51.025809147217366],[11.947115427074218,51.029115300907904],[11.951852495650122,51.030001314116646],[11.954126979171074,51.03342204354182],[11.969274765243538,51.03526078445025],[11.967070033688401,51.04291736188606],[11.96620326275659,51.04425635545495],[11.964259168759495,51.04417279074971],[11.965847277437806,51.04724715767142],[11.973099792614917,51.04879501299123],[11.987366562338963,51.0491788390953],[11.995538132808434,51.04721713283418],[12.004222412725884,51.04788482658192],[12.003112260925713,51.05371263659689],[12.01134330954202,51.05465657999397],[12.017501417577993,51.058835889995414]]]}},{"type":"Feature","id":"15084125","properties":{"ags8":"15084125","county_ags5":"15084","state_code":"15","name_de":"Eckartsberga","valid_at":"2026-01-01","source":"BKG_VG250_2026","part_count":1,"simplified_tolerance_m":80},"geometry":{"type":"Polygon","coordinates":[[[11.57513876049699,51.15033194387515],[11.57366042507806,51.14519857459618],[11.577627063233239,51.13979948495028],[11.571835815226123,51.139757507650096],[11.571923950489147,51.13866154384087],[11.577797389237244,51.138988450278056],[11.576553364467049,51.13366327828174],[11.58718389782162,51.133240925525506],[11.595265223689116,51.134488201688804],[11.602777078652974,51.13908872677466],[11.605492450390425,51.140277276913004],[11.606383847052953,51.1395214648182],[11.607792324573639,51.133830225385374],[11.610011357622318,51.13452003096556],[11.610673074761188,51.133487941839185],[11.610506745088735,51.124176314451944],[11.601995242247835,51.1165133153853],[11.601667680295929,51.113866998206774],[11.589549589221368,51.11527640846277],[11.571659895021993,51.11936512363272],[11.56835270354604,51.118401390428126],[11.562328679429841,51.111394050990974],[11.560369725318745,51.11208062836879],[11.558240956091025,51.108951272762866],[11.555208703620826,51.10932153862141],[11.556505666993568,51.111260814611455],[11.547819652409101,51.11170217411385],[11.545642779371152,51.1024503668704],[11.523296150239089,51.10486301250238],[11.512077530975931,51.107973995319],[11.51059412226343,51.102973780342964],[11.504852137134998,51.10393753906868],[11.504624660953668,51.10243251490685],[11.485218936969071,51.10253352597878],[11.483914266818521,51.107862722803745],[11.478932596647192,51.10732196508556],[11.463361782367949,51.11276038041815],[11.465696429285188,51.125951621533765],[11.465453882107175,51.12738206450665],[11.462586290293888,51.12687432224181],[11.462839324541152,51.12929337738473],[11.471105986031983,51.12844940860131],[11.471875491725289,51.13049996437869],[11.474253225687987,51.13049658744456],[11.477936725904458,51.13291797515602],[11.485539908992527,51.1323967301845],[11.485639007029954,51.13035348878085],[11.500010853269393,51.12606391546806],[11.500216206940767,51.12156254537494],[11.50737823116315,51.11928925124358],[11.503320153776562,51.11280055319696],[11.508328930059312,51.112397498081656],[11.511772364528811,51.1221306712746],[11.506760369010928,51.12703293810784],[11.508902298215236,51.12766451016175],[11.505567983090808,51.13092154661001],[11.507575363904548,51.13136135856475],[11.507821072610556,51.136387377984576],[11.50047375381147,51.13890743355492],[11.504314798230881,51.14348446550696],[11.504560581825027,51.1416287524004],[11.50769670374249,51.144418151143306],[11.503996220325602,51.14660053067145],[11.508119781007977,51.14873357335925],[11.506681906425262,51.156286332486324],[11.530080882089567,51.15584857005856],[11.531127764784397,51.15210513381659],[11.536626094912842,51.151660591949394],[11.548027512481415,51.153493533066865],[11.55305416374612,51.15244057321846],[11.555722308644222,51.1502389596312],[11.563192506606672,51.15219584240111],[11.5714306996357,51.15639475730616],[11.57513876049699,51.15033194387515]]]}},{"type":"Feature","id":"15084130","properties":{"ags8":"15084130","county_ags5":"15084","state_code":"15","name_de":"Elsteraue","valid_at":"2026-01-01","source":"BKG_VG250_2026","part_count":1,"simplified_tolerance_m":80},"geometry":{"type":"MultiPolygon","coordinates":[[[[12.25218544225125,51.03750808360245],[12.254287532915171,51.03916238930772],[12.255778174189953,51.03899604479361],[12.25563568008696,51.03770843313986],[12.264557977733022,51.03751351955484],[12.273056530376879,51.040633587953536],[12.280580446359606,51.040478355753685],[12.282467626066248,51.03775410999965],[12.287045389023424,51.0376390400677],[12.289483102606527,51.030450150663384],[12.293914549751433,51.03132995271532],[12.291747856694402,51.018699535383455],[12.287545068457343,51.01662092984413],[12.288194977377733,51.014637134544905],[12.281925765664422,51.01067762606258],[12.284285502303513,51.00838900557993],[12.283517937539942,51.00643597328144],[12.28033771426286,51.00702063109401],[12.27789476128593,51.00579740493037],[12.277081427049438,51.00784831740494],[12.270580090182131,51.01018828455193],[12.268905227538939,51.013030717260996],[12.263893540279296,51.01180168399941],[12.259406303159782,51.00897152849925],[12.256270107818853,51.01016183235711],[12.251516382409323,51.008946387937506],[12.249541286368261,51.0129360293414],[12.246380284133448,51.01357869316391],[12.242893012574626,51.01863359047154],[12.23860285962547,51.02028164581621],[12.23993606832033,51.0212067407657],[12.237689968321028,51.027144172249706],[12.240356121771589,51.02897637642989],[12.238912505218035,51.03189344598034],[12.240702351480119,51.03289542507647],[12.240126731165669,51.03427173252034],[12.237531502327332,51.03281645768601],[12.236240820156816,51.036960876407726],[12.24395380070701,51.038388803926175],[12.244184124109589,51.042716000469746],[12.250982833154335,51.04166912487808],[12.250268436072835,51.03787289017331],[12.25218544225125,51.03750808360245]]],[[[12.184265395899557,51.1428179276482],[12.230142987942914,51.136198937263146],[12.230488621698534,51.13511385216027],[12.232228871192056,51.13546329167251],[12.235015150615876,51.13305981689604],[12.239035496645814,51.132638028085324],[12.239555343883653,51.13093080354853],[12.24163764055347,51.13070468745244],[12.237394880503695,51.12780256827219],[12.238923733986892,51.12624086329334],[12.23483252740805,51.12354776359273],[12.231636269942049,51.12373918185303],[12.229073593135425,51.120228189303546],[12.225491975942258,51.12036687288893],[12.226110947690456,51.12230569946733],[12.223892280895623,51.1235477242343],[12.22055554073264,51.1230389340203],[12.220374971107193,51.12125964983302],[12.223244372559522,51.12097153530406],[12.222366334137007,51.11905237208257],[12.22459041681158,51.11932294084479],[12.22327447931637,51.11568486487882],[12.224595218910393,51.11457955110114],[12.22249361321728,51.1117817174364],[12.223819580477828,51.11081920329011],[12.221440261137468,51.10977730305169],[12.226569193765258,51.10773948896645],[12.227992505259989,51.10533724673352],[12.2312506680298,51.10439435827864],[12.230358899161637,51.10360749599599],[12.238384869459365,51.10220243785387],[12.241153850885006,51.1028938905917],[12.243938422325318,51.10023371118877],[12.252536861339228,51.09959062482363],[12.253084246355064,51.09726786868256],[12.261371156857438,51.097948158550125],[12.262774724335744,51.1002937448584],[12.278574707409852,51.099282616885276],[12.278635786905577,51.09496689179837],[12.280306691135484,51.095889318037386],[12.284798956142646,51.08881988478584],[12.288279374447532,51.088242432866004],[12.274129971536302,51.077717628522514],[12.273207792824222,51.07505963735342],[12.267505878234346,51.078033488215574],[12.265596845873553,51.07698431842792],[12.269307430385094,51.07181232926044],[12.266973427987418,51.07166769759174],[12.266551169172528,51.06958090685017],[12.262881987091259,51.068885611758844],[12.258492624053327,51.066143879098945],[12.260477009653158,51.06255267220022],[12.259565133255025,51.05759934562114],[12.260716854082588,51.056050297099304],[12.262062718068853,51.05646812202547],[12.26304789522067,51.05410524233718],[12.260548590231165,51.053719996243295],[12.262206674656753,51.0496107476002],[12.256280861527765,51.04924837981326],[12.25678928457488,51.045334759597516],[12.241855615308735,51.0449550196267],[12.242187526141018,51.052823358003366],[12.240686354960657,51.05601606553284],[12.229603056680627,51.054953712303835],[12.224318443762217,51.05325322977651],[12.228504219330164,51.04488443230742],[12.22429187074048,51.04371381422799],[12.225524465955264,51.04039264500091],[12.216394387498191,51.04132837255619],[12.201054692952841,51.04033817845376],[12.19990083132704,51.03806906571044],[12.193661228112527,51.0352889435168],[12.187797204161098,51.02908316138378],[12.17527512120354,51.02852580027921],[12.173726562169055,51.02951101074449],[12.174082699096399,51.043218985779376],[12.173008208408119,51.04440680457513],[12.164796334645203,51.04442344905477],[12.164666413005524,51.047116017558366],[12.167552960885207,51.047551014270184],[12.162934743318633,51.0525459566209],[12.166065368907189,51.054207824936036],[12.165090525745619,51.055292702446216],[12.168303668634007,51.056488744268734],[12.166752558189781,51.05941780294364],[12.169112914055875,51.0603977824511],[12.167077893335666,51.06434924725874],[12.169964134083195,51.071213102505496],[12.167858018642537,51.073600570183125],[12.164063049652196,51.07422622570181],[12.161186986964388,51.07745142488946],[12.169390530088743,51.08150119311223],[12.160797949625616,51.086123576701674],[12.1504170520943,51.09715128212026],[12.147267997626411,51.102723340446744],[12.15203497306356,51.10484101580921],[12.146771901754983,51.11119702545217],[12.152405518812458,51.11218659746583],[12.15858268873834,51.107222467560035],[12.161990333099606,51.10858365619713],[12.164608747047128,51.1066693599848],[12.167594800049713,51.10900264785254],[12.171491439452195,51.10962191117517],[12.173678813892408,51.10725068758897],[12.175242535347673,51.1085872065389],[12.18027362077798,51.10619302530645],[12.182026841246975,51.10762572501187],[12.178604326302013,51.10945088784499],[12.180011658021703,51.110706948938734],[12.171781429137932,51.11492062357921],[12.171020397222652,51.11396000685981],[12.157712651706778,51.120878750353306],[12.156240123018108,51.12008967933669],[12.149795397966269,51.12342070479399],[12.154389597768887,51.128323470876],[12.150987225352798,51.12956853453253],[12.153914874872424,51.13384689536019],[12.167147780135577,51.13151694803187],[12.168262418189116,51.13347194080732],[12.17489130728074,51.13245915309521],[12.174259200542108,51.13475410276514],[12.179535532768567,51.13391341800099],[12.180813933507045,51.13917779080413],[12.1833079167709,51.13891690340255],[12.184265395899557,51.1428179276482]]]]}},{"type":"Feature","id":"15084132","properties":{"ags8":"15084132","county_ags5":"15084","state_code":"15","name_de":"Finne","valid_at":"2026-01-01","source":"BKG_VG250_2026","part_count":1,"simplified_tolerance_m":80},"geometry":{"type":"MultiPolygon","coordinates":[[[[11.445382895155923,51.193986453876754],[11.443948290495257,51.19736324474689],[11.43967249119274,51.19766759299016],[11.43938578453793,51.199766399382774],[11.446614450386052,51.198880346679815],[11.44734813008795,51.19624702645443],[11.445382895155923,51.193986453876754]]],[[[11.40777401724975,51.23027835283285],[11.414797269444367,51.23151609092663],[11.414935655788273,51.22952246665932],[11.423142692785447,51.229884319819554],[11.426899587961223,51.231168775965024],[11.431919406435199,51.23573643849166],[11.434866350221574,51.23428696685408],[11.442901402987719,51.233776994321516],[11.447140037419203,51.23070303509184],[11.453466029136976,51.23038925388017],[11.452586574337564,51.21902312519369],[11.45601951110501,51.21130827065785],[11.47652595443495,51.21349014064246],[11.477533422135416,51.20964862077831],[11.485418040663564,51.20656820217861],[11.484955015341594,51.205006458740854],[11.493376701163537,51.20165103082115],[11.501126087428895,51.20169297309191],[11.50712336499527,51.200201840653015],[11.506899165317348,51.19911501407826],[11.494727691215775,51.197212558721844],[11.495977404739522,51.19352149204473],[11.495005787696027,51.18618767616091],[11.497664019426555,51.18264682426381],[11.4775631669219,51.17856948190114],[11.473866013975684,51.17906821466892],[11.472052002156467,51.1806219531661],[11.467238356680745,51.18045490065997],[11.470316134729496,51.18385763009007],[11.468567728640902,51.19265410433392],[11.455836637692876,51.19537718541751],[11.452402961024257,51.192477488313344],[11.450693992262144,51.19343929135444],[11.44772111298967,51.20366230795092],[11.445053589264965,51.20448964189011],[11.446045122219688,51.208143765450586],[11.428268323769204,51.21240710359876],[11.415113700928528,51.208178457270165],[11.405330236757901,51.20739772632963],[11.408067061915244,51.20369100491847],[11.405928364966307,51.20362187455163],[11.405887545758674,51.20270284413129],[11.401139134450487,51.20360577247998],[11.40194457708601,51.206152463708904],[11.399357036036758,51.20637313335879],[11.395976871678993,51.20401272863135],[11.391420063778153,51.20353329874114],[11.38797566493874,51.208873133903154],[11.391064921743778,51.21056767185351],[11.389332851001218,51.21312815765876],[11.390987635300595,51.216477902484165],[11.388757409785295,51.21640914986637],[11.389824940316899,51.21751519227147],[11.38388490283172,51.2190040813052],[11.371712813746655,51.21942659391769],[11.364832642689002,51.22135916101669],[11.36910113232494,51.230612100017275],[11.371710345085,51.23059445813231],[11.376447063410998,51.234071195704836],[11.378198984463342,51.23765761756764],[11.376377418273195,51.239395386028846],[11.385374652617454,51.24588706090404],[11.387525822665665,51.244074484765065],[11.400613031070566,51.242909620364316],[11.397795323973329,51.23673771467788],[11.404989617363185,51.23524790250375],[11.402668911620657,51.23087169437281],[11.40777401724975,51.23027835283285]]]]}},{"type":"Feature","id":"15084133","properties":{"ags8":"15084133","county_ags5":"15084","state_code":"15","name_de":"Finneland","valid_at":"2026-01-01","source":"BKG_VG250_2026","part_count":1,"simplified_tolerance_m":80},"geometry":{"type":"Polygon","coordinates":[[[11.536284140056942,51.23727096462883],[11.534214676535642,51.22935304398065],[11.544997267528704,51.22833052553643],[11.553143612416342,51.229238328227524],[11.548790131854021,51.22117918870235],[11.55166345639854,51.21333412685437],[11.557477030454988,51.207576989940044],[11.547237850654192,51.20264814156772],[11.537284090327978,51.200127356337404],[11.519020830408431,51.20022643191088],[11.523497506392687,51.191331707959684],[11.533005762261027,51.19069926894431],[11.533320537638675,51.188978252195554],[11.528955782144669,51.18895958178394],[11.52762943112198,51.187070796294236],[11.529999773970964,51.18124095234909],[11.537298265912048,51.1823906408074],[11.538397473655701,51.17893607077547],[11.527749584500409,51.17906610078795],[11.526977969179889,51.17760019590301],[11.53161567258599,51.17169814750116],[11.530281361418359,51.16998278275614],[11.485548328439217,51.168017346930434],[11.470817624048735,51.16983847533144],[11.471979550817856,51.17435204005044],[11.470104935906262,51.18030986559887],[11.4775631669219,51.17856948190114],[11.497664019426555,51.18264682426381],[11.495005787696027,51.18618767616091],[11.495977404739522,51.19352149204473],[11.494727691215775,51.197212558721844],[11.506899165317348,51.19911501407826],[11.50712336499527,51.200201840653015],[11.501126087428895,51.20169297309191],[11.493376701163537,51.20165103082115],[11.484955015341594,51.205006458740854],[11.485418040663564,51.20656820217861],[11.477533422135416,51.20964862077831],[11.47652595443495,51.21349014064246],[11.45601951110501,51.21130827065785],[11.452586574337564,51.21902312519369],[11.453466029136976,51.23038925388017],[11.458378223364539,51.230223186687645],[11.458462967895317,51.22878283646799],[11.464577339852735,51.229920350065804],[11.474318367503807,51.22884645468166],[11.476462465349881,51.23269484305911],[11.480994705026623,51.23183800677225],[11.481011338260373,51.23547556961117],[11.483144463254485,51.23636139605369],[11.48553929654932,51.235445589498575],[11.48478923350782,51.232995020683994],[11.487539986864219,51.23278824484706],[11.487776801189415,51.2297899474595],[11.499720664822975,51.230841640638815],[11.499659077337016,51.22379527778214],[11.505140583224765,51.22755467690665],[11.508187102796747,51.22662869301605],[11.511435760150158,51.228703885684375],[11.511897816480609,51.22724453759699],[11.515071698505194,51.22679166253911],[11.514903086436826,51.2277454086452],[11.519436351172214,51.22857383446593],[11.526103484913056,51.231943827939325],[11.531668922109642,51.23070590128496],[11.523489060146744,51.23529151045687],[11.536284140056942,51.23727096462883]]]}},{"type":"Feature","id":"15084135","properties":{"ags8":"15084135","county_ags5":"15084","state_code":"15","name_de":"Freyburg (Unstrut)","valid_at":"2026-01-01","source":"BKG_VG250_2026","part_count":1,"simplified_tolerance_m":80},"geometry":{"type":"Polygon","coordinates":[[[11.800145828027564,51.25051233801171],[11.802577177629448,51.2462290537797],[11.80884773551614,51.2464111171867],[11.809494354632204,51.24494613533792],[11.819390395920705,51.24908238539762],[11.822857657806608,51.24699162267573],[11.822396006435557,51.242389593055854],[11.824201820411538,51.23837384419415],[11.836555207989079,51.248158926576316],[11.848112091921982,51.23590541164027],[11.849791855744767,51.228565363249636],[11.841640885425283,51.22582032026538],[11.841780849149446,51.224225965070744],[11.840196391984055,51.22394715846054],[11.843380440062804,51.21911441293903],[11.839726914637048,51.21813943755193],[11.84201296895043,51.21544966559697],[11.84642704841451,51.2140131911786],[11.853846968361891,51.21588566884971],[11.856364450065929,51.209912066088116],[11.854606561263255,51.2094722712394],[11.855649510130272,51.20609356579659],[11.8513550388295,51.205438484282865],[11.852952588368412,51.202010580211045],[11.84645637886183,51.20069505856009],[11.84873180012162,51.19334376662312],[11.833525228480543,51.18747098383276],[11.832849359614203,51.18091867704894],[11.827352119953009,51.18592143270216],[11.825485134477278,51.18464639876793],[11.823985279893941,51.18518717843172],[11.825243195729646,51.186278290717084],[11.82134748020931,51.18924690445537],[11.820186848537194,51.1954441027682],[11.81881228298571,51.19507866222665],[11.813940730177698,51.20120844881107],[11.808870916301624,51.200486535645624],[11.808401531338077,51.202110778457325],[11.805076588671326,51.20193079465034],[11.806005841864687,51.19994713497043],[11.793902612118881,51.198618550483495],[11.793133784303267,51.20148050670598],[11.786193568447121,51.20110276280336],[11.776336229013545,51.198403155342966],[11.77751212438323,51.19534883085633],[11.773696063159793,51.19303282531678],[11.776872385547021,51.19085656116901],[11.773347371088162,51.1897341710167],[11.774038011388669,51.18829589007899],[11.766410318741912,51.19054734046985],[11.765409777952112,51.18904642041711],[11.758176304706778,51.18844054848911],[11.756096486693028,51.18725710166113],[11.755692902912466,51.18866281772193],[11.753545021806161,51.18862452805917],[11.75061166133408,51.18709826778082],[11.750281622965254,51.185087770860335],[11.746705300805933,51.184676014959265],[11.746775507125445,51.19094856307982],[11.748505715863613,51.19188245034742],[11.747004109165248,51.19380313800648],[11.75433255927617,51.2019255117329],[11.752950830391011,51.203263083666094],[11.754582866788057,51.20903159503329],[11.75101488697906,51.20899779678849],[11.750664907817487,51.21194402096361],[11.74001381254758,51.21116649516128],[11.735467693165086,51.208847989443285],[11.706255233883343,51.21421874671143],[11.702347807621017,51.21821820355317],[11.702254274995388,51.22288028723284],[11.694056239936135,51.2272563610851],[11.695095327487003,51.229975957428614],[11.70598902036549,51.23486565546414],[11.705048903465089,51.23198691874648],[11.712093512546431,51.22918830831622],[11.717657013536074,51.23030545572036],[11.722874786851493,51.22587657068339],[11.725966581973404,51.22491098260459],[11.737706537655733,51.22824284572872],[11.740769583856036,51.22791652468165],[11.740528885142483,51.22911901050671],[11.742713450892941,51.229133940073275],[11.74286926630286,51.22816090983655],[11.747354238949423,51.22940024681941],[11.747601304120224,51.23151993301525],[11.750927231933279,51.23222727119293],[11.74771045620048,51.236680399612865],[11.745261358343233,51.23622911883242],[11.74290863680336,51.2375873702134],[11.748202267129038,51.24260222748763],[11.746154600702894,51.24402871334208],[11.750471395021005,51.246553998053514],[11.749528038138033,51.249540089332974],[11.759769173173188,51.24947802714987],[11.76228377803897,51.24129812863046],[11.7691044384355,51.24268713204807],[11.787629396465618,51.24952577000544],[11.787720264560713,51.247644097781624],[11.79419409710636,51.247401784976915],[11.800145828027564,51.25051233801171]]]}},{"type":"Feature","id":"15084150","properties":{"ags8":"15084150","county_ags5":"15084","state_code":"15","name_de":"Gleina","valid_at":"2026-01-01","source":"BKG_VG250_2026","part_count":1,"simplified_tolerance_m":80},"geometry":{"type":"Polygon","coordinates":[[[11.759664157878406,51.28397852603548],[11.764268335678342,51.28106360921883],[11.762958436833138,51.28036348412963],[11.767373827716382,51.27388762766261],[11.770382031773057,51.27509848974528],[11.777614418481427,51.26998979142101],[11.77858771075384,51.270690384462775],[11.780833253477564,51.26924156141351],[11.782648266947172,51.27036451022873],[11.784445053848309,51.26853837831073],[11.788036042824649,51.268202020611994],[11.785369262239778,51.25898093681121],[11.789662505031876,51.25762899113481],[11.790498270303662,51.256234031116406],[11.785653002286566,51.25320983660864],[11.787629396465618,51.24952577000544],[11.766886805451323,51.24204450512433],[11.76228377803897,51.24129812863046],[11.759769173173188,51.24947802714987],[11.749528038138033,51.249540089332974],[11.750471395021005,51.246553998053514],[11.746154600702894,51.24402871334208],[11.748202267129038,51.24260222748763],[11.74290863680336,51.2375873702134],[11.745261358343233,51.23622911883242],[11.74771045620048,51.236680399612865],[11.750927231933279,51.23222727119293],[11.747601304120224,51.23151993301525],[11.747354238949423,51.22940024681941],[11.74286926630286,51.22816090983655],[11.742713450892941,51.229133940073275],[11.740528885142483,51.22911901050671],[11.740769583856036,51.22791652468165],[11.737706537655733,51.22824284572872],[11.725966581973404,51.22491098260459],[11.723335740527023,51.225676363007054],[11.717657013536074,51.23030545572036],[11.712093512546431,51.22918830831622],[11.705048903465089,51.23198691874648],[11.70598902036549,51.23486565546414],[11.711353288028118,51.237066820213506],[11.70706316449912,51.24746124108236],[11.70122947383198,51.242940126838],[11.699462684970891,51.248356045101374],[11.695208159821087,51.25303222726224],[11.683562841474155,51.251730124842844],[11.687007734116559,51.247390569104766],[11.681765412285358,51.24408489833109],[11.679181062409656,51.245372758327505],[11.679899365207199,51.24808680746794],[11.676122111083314,51.25176906378581],[11.671927870668286,51.253736706861005],[11.668341234058373,51.25309766333876],[11.667762619008855,51.25516401573528],[11.669879694510824,51.25722147688706],[11.668657702671517,51.25823246897336],[11.671557468130196,51.261172911608554],[11.673982309374242,51.26065374359722],[11.674409185650992,51.2616482645404],[11.671201739105841,51.26354298763792],[11.67566870742637,51.2643620843375],[11.676904909871356,51.26579646585837],[11.6751555296321,51.26730063713412],[11.681267946309749,51.26962370691905],[11.677410515764489,51.27641114782772],[11.688170920918004,51.27699543304211],[11.688636443911829,51.27446222333019],[11.690122019375874,51.274771084271855],[11.699240861320755,51.26630080524693],[11.705483651446675,51.268081395573205],[11.710517792144957,51.27134086013731],[11.756935110699029,51.282298136891455],[11.759664157878406,51.28397852603548]]]}},{"type":"Feature","id":"15084170","properties":{"ags8":"15084170","county_ags5":"15084","state_code":"15","name_de":"Goseck","valid_at":"2026-01-01","source":"BKG_VG250_2026","part_count":1,"simplified_tolerance_m":80},"geometry":{"type":"Polygon","coordinates":[[[11.883396085109485,51.187368829157656],[11.869538344976593,51.18796381279281],[11.862967401616299,51.18607883205493],[11.860172954462117,51.187947089778504],[11.85571683674728,51.18638804766767],[11.849089827390463,51.1879494378254],[11.846122640238981,51.19226697863326],[11.84873180012162,51.19334376662312],[11.84645637886183,51.20069505856009],[11.852952588368412,51.202010580211045],[11.8513550388295,51.205438484282865],[11.855649510130272,51.20609356579659],[11.854606561263255,51.2094722712394],[11.856364450065929,51.209912066088116],[11.853846968361891,51.21588566884971],[11.84642704841451,51.2140131911786],[11.84201296895043,51.21544966559697],[11.839726914637048,51.21813943755193],[11.843380440062804,51.21911441293903],[11.840196391984055,51.22394715846054],[11.841780849149446,51.224225965070744],[11.841640885425283,51.22582032026538],[11.849791855744767,51.228565363249636],[11.848112091921982,51.23590541164027],[11.86324950840516,51.2368910081286],[11.869814999772112,51.23883259133171],[11.872497568641856,51.23069990720691],[11.880858211774417,51.23229336711694],[11.880994632496005,51.21983038298875],[11.88996898046676,51.219462276946395],[11.889152131741854,51.21426048011573],[11.894082656933096,51.20377071677042],[11.887221775283827,51.20223445181962],[11.89155956097623,51.18755159999542],[11.887603937319703,51.188731801052995],[11.883396085109485,51.187368829157656]]]}},{"type":"Feature","id":"15084207","properties":{"ags8":"15084207","county_ags5":"15084","state_code":"15","name_de":"Gutenborn","valid_at":"2026-01-01","source":"BKG_VG250_2026","part_count":1,"simplified_tolerance_m":80},"geometry":{"type":"Polygon","coordinates":[[[12.12803979801314,51.03371219039894],[12.13080998719581,51.03009223433266],[12.128965894672668,51.0252561963198],[12.130503063780235,51.02512357834404],[12.131073364373151,51.02756040282327],[12.13257512299169,51.026899682131095],[12.136539573740835,51.028437024209175],[12.13952073856856,51.03188081367575],[12.145771125395957,51.026372148707466],[12.147145318286979,51.02247389971953],[12.150328274579747,51.02490377987689],[12.149936482310334,51.02752821986581],[12.158353190990272,51.02943371642499],[12.157630229274282,51.01934973059017],[12.163387127565287,51.019777348176234],[12.163357323212331,51.01166521981251],[12.155468012401393,51.0105964988482],[12.155711909975249,51.00727844813179],[12.153186727968968,51.00674282100481],[12.153074530813635,51.00284811209038],[12.1471585564441,51.00035258778777],[12.14927607101782,51.00023846906646],[12.148481123040277,50.99910675992289],[12.146354921392074,50.999803550594024],[12.143794369739103,50.997988194917696],[12.150324191193373,50.98429737311135],[12.156748280918146,50.98732006384916],[12.163577814514559,50.979752955123764],[12.165213674747285,50.973294769151984],[12.1703794465035,50.97086871572162],[12.163207827293181,50.96648522917558],[12.166078961515147,50.95903955452349],[12.16352954660916,50.95859977918056],[12.158352669130839,50.963131218661196],[12.150049823259216,50.96415095555569],[12.134768014296302,50.96079368329876],[12.132133920272903,50.961262627856485],[12.134986527372929,50.964975455982184],[12.118469274071197,50.96814933492069],[12.105416859058447,50.97370257317994],[12.09374122301694,50.97490690690156],[12.092157638842876,50.97653048644481],[12.076319478169564,50.974681022402216],[12.076254958537818,50.97838473380551],[12.075025267508115,50.97827537866161],[12.078819423523873,50.98588256849004],[12.084365693634783,50.98880408989584],[12.084465399518917,50.992141547072],[12.089575981347158,50.99271988696805],[12.0898334013505,50.99482225892992],[12.09191257951719,50.99515384632579],[12.094486642508205,50.99951040805622],[12.094874572456717,51.00042304889432],[12.091284162602117,51.00136309220299],[12.092199837053832,51.00227753187624],[12.095878022170057,51.00098527780975],[12.09865172680645,51.00159521886016],[12.09598489167876,51.00201875833349],[12.097628488180014,51.00362418512445],[12.095989026134601,51.006284471112],[12.09802039881085,51.00935246400527],[12.096535124106875,51.01329583333428],[12.099942247574253,51.01467778553634],[12.101114476759909,51.01692375686561],[12.100172189457195,51.0213417788384],[12.09122163527894,51.02642365476257],[12.092662394155289,51.02945867603154],[12.10349845037598,51.03401004943422],[12.102070583087388,51.037402320436215],[12.10644457218592,51.04375878711288],[12.115117579656294,51.03846021200971],[12.123148759766629,51.03646284513083],[12.12803979801314,51.03371219039894]]]}},{"type":"Feature","id":"15084235","properties":{"ags8":"15084235","county_ags5":"15084","state_code":"15","name_de":"Hohenmölsen","valid_at":"2026-01-01","source":"BKG_VG250_2026","part_count":1,"simplified_tolerance_m":80},"geometry":{"type":"Polygon","coordinates":[[[12.095485450590978,51.205204834058456],[12.09648287719994,51.20297741588354],[12.092861247521112,51.19806818115607],[12.093090544499974,51.19599523113202],[12.09697528351567,51.191946599245],[12.10279025065178,51.19321707053578],[12.105062138633912,51.188804760120114],[12.096848071883553,51.186845641703144],[12.101884054825772,51.17691916231937],[12.111560064195723,51.178553605913784],[12.11244649707975,51.17687651183507],[12.114526316536871,51.17739677975536],[12.113835110927745,51.17854067777121],[12.117347702013095,51.179325536900514],[12.119876521308838,51.17365689550233],[12.140075256228885,51.17976449934962],[12.136430316889024,51.18180804567646],[12.138836781871909,51.182802836178524],[12.147128521537645,51.18371976957229],[12.14682249423609,51.18470032991414],[12.154865323994906,51.18639938253071],[12.168164774332984,51.18708343594924],[12.167584889248356,51.19006152852727],[12.157995174629454,51.19141275125778],[12.158627322533386,51.19864833589889],[12.165867988910914,51.198050507324844],[12.165730926136677,51.19583859356453],[12.169417610515962,51.19361717942418],[12.178858762712276,51.19408505252343],[12.180710698249603,51.189873696305774],[12.173737446762747,51.190082160446536],[12.174844207823236,51.1813273138858],[12.187157304035848,51.18483116537385],[12.193403872767918,51.1853078756494],[12.213084091211684,51.1835003894363],[12.212316661742904,51.17902082237286],[12.208490888556065,51.17623289515761],[12.212131422113302,51.17518069967174],[12.211568925008319,51.172363053736916],[12.206261308966997,51.17129766443458],[12.202321851829646,51.16578432667032],[12.201673509197711,51.16139295814583],[12.198279566672706,51.16066004596538],[12.197192467992828,51.15913428842781],[12.198164951454432,51.148871522538634],[12.196192448789247,51.141907463577624],[12.184265395899557,51.1428179276482],[12.1833079167709,51.13891690340255],[12.180813933507045,51.13917779080413],[12.179535532768567,51.13391341800099],[12.174259200542108,51.13475410276514],[12.17489130728074,51.13245915309521],[12.168262418189116,51.13347194080732],[12.167147780135577,51.13151694803187],[12.153914874872424,51.13384689536019],[12.150987225352798,51.12956853453253],[12.149437195526133,51.13022039260733],[12.143154226478307,51.12543985416468],[12.139872427420094,51.125085938154164],[12.135973662482465,51.12868369917594],[12.130906532281164,51.127497314428815],[12.127513836113195,51.12141088597341],[12.128023127228666,51.11627173091575],[12.1149986096158,51.11395150297517],[12.109904274823345,51.11417688531484],[12.109623351593994,51.11637661490513],[12.101284609169547,51.116293242427304],[12.099826199432426,51.12332374767206],[12.108028709859521,51.12510950857731],[12.106334089766149,51.13471433978575],[12.091930130946684,51.13317803271053],[12.073451487300604,51.13581931546032],[12.074606092837051,51.13107913069677],[12.065239496769127,51.12940782597468],[12.068093816843216,51.12279477674556],[12.067070077943821,51.12212417868761],[12.06374746948969,51.12351819820612],[12.053516314177015,51.1214099286131],[12.051311245073872,51.12515368085659],[12.056088548537517,51.127352238477684],[12.05418413508969,51.12941141880806],[12.055384302177583,51.12980333929714],[12.044344775468131,51.13799215495908],[12.041144843871953,51.14198504935299],[12.044294086338065,51.14761297781168],[12.047549209319957,51.14783090268907],[12.047726544892619,51.14970938913045],[12.056909375622812,51.150892328307215],[12.05806373658863,51.15669944778151],[12.054319941227645,51.15856712312316],[12.055046116954445,51.160159326252604],[12.04806296110753,51.15695775760129],[12.043736208368326,51.16066747176415],[12.040331384699615,51.15939804592752],[12.035367859196063,51.164900977873636],[12.013023144470749,51.166069466928896],[12.02517475019348,51.1718767662441],[12.023998011152848,51.176392233241295],[12.027693148032178,51.17607042370589],[12.026297678202923,51.18063319310921],[12.0354085612667,51.18236222851192],[12.034769269472491,51.185645837063625],[12.040666915137335,51.18640167179178],[12.04110825854343,51.18940049075447],[12.050427915030175,51.19219552844871],[12.048106095051104,51.19782168729417],[12.083495051193701,51.2047917347599],[12.095485450590978,51.205204834058456]]]}},{"type":"Feature","id":"15084246","properties":{"ags8":"15084246","county_ags5":"15084","state_code":"15","name_de":"Kaiserpfalz","valid_at":"2026-01-01","source":"BKG_VG250_2026","part_count":1,"simplified_tolerance_m":80},"geometry":{"type":"Polygon","coordinates":[[[11.473016415983572,51.296467568735174],[11.4970028330049,51.28139554223357],[11.504537278129346,51.278199976781316],[11.514059449459676,51.278028015659444],[11.515191257089748,51.276002697848504],[11.523454925888718,51.275381969603465],[11.531284807839778,51.26884385436668],[11.527764004891635,51.26396895282364],[11.523229191266982,51.26310396867845],[11.53367352919112,51.24913763976408],[11.522674705327265,51.246667462063165],[11.520531863823363,51.242475117247466],[11.52736452875948,51.24288328302277],[11.528652733293487,51.239578727779424],[11.537162676371775,51.24064642459398],[11.536284140056942,51.23727096462883],[11.523489060146744,51.23529151045687],[11.531668922109642,51.23070590128496],[11.526103484913056,51.231943827939325],[11.519436351172214,51.22857383446593],[11.514903086436826,51.2277454086452],[11.515071698505194,51.22679166253911],[11.511897816480609,51.22724453759699],[11.511435760150158,51.228703885684375],[11.508187102796747,51.22662869301605],[11.505140583224765,51.22755467690665],[11.499659077337016,51.22379527778214],[11.499720664822975,51.230841640638815],[11.487776801189415,51.2297899474595],[11.487539986864219,51.23278824484706],[11.48478923350782,51.232995020683994],[11.48553929654932,51.235445589498575],[11.483144463254485,51.23636139605369],[11.481011338260373,51.23547556961117],[11.480994705026623,51.23183800677225],[11.476462465349881,51.23269484305911],[11.474318367503807,51.22884645468166],[11.464577339852735,51.229920350065804],[11.458462967895317,51.22878283646799],[11.458378223364539,51.230223186687645],[11.447140037419203,51.23070303509184],[11.442901402987719,51.233776994321516],[11.434866350221574,51.23428696685408],[11.431919406435199,51.23573643849166],[11.426899587961223,51.231168775965024],[11.423142692785447,51.229884319819554],[11.414935655788273,51.22952246665932],[11.414797269444367,51.23151609092663],[11.40777401724975,51.23027835283285],[11.402668911620657,51.23087169437281],[11.404989617363185,51.23524790250375],[11.401571742861655,51.236271352451084],[11.403105003750989,51.23766274174223],[11.412632299866239,51.24106203167362],[11.413573345318575,51.24298021727797],[11.419967523344956,51.24636447799181],[11.418353591459798,51.24760556324455],[11.421805873371024,51.25323615958017],[11.425781970982952,51.25559821448014],[11.429290882415488,51.254679659140116],[11.43952233776001,51.263378658203315],[11.441280275243308,51.26696411526163],[11.437030881082606,51.26865453078496],[11.44174450729608,51.27331358059955],[11.446777525840202,51.27112257115345],[11.45611236356947,51.277201274410636],[11.452325168331145,51.27998541632978],[11.454724370880358,51.28707412867068],[11.459877389823205,51.29405030230162],[11.462483680245706,51.290506432355],[11.46778506022043,51.288386860337575],[11.473859409454588,51.29456710108277],[11.473016415983572,51.296467568735174]]]}},{"type":"Feature","id":"15084250","properties":{"ags8":"15084250","county_ags5":"15084","state_code":"15","name_de":"Karsdorf","valid_at":"2026-01-01","source":"BKG_VG250_2026","part_count":1,"simplified_tolerance_m":80},"geometry":{"type":"Polygon","coordinates":[[[11.632776242247235,51.30495348966161],[11.632152167151908,51.30415964099294],[11.637807913753663,51.30320642643008],[11.637280499920426,51.301273086037234],[11.639648065910528,51.30023234118058],[11.64020976558966,51.30131662980359],[11.641766830858549,51.30101354473473],[11.642839124796854,51.29894286548445],[11.639864166576604,51.29228193674533],[11.64589881638127,51.29400874613662],[11.646532734343138,51.295838156144484],[11.648494247756616,51.29564799925903],[11.647672833724352,51.29378444189762],[11.650944280940775,51.29088199070696],[11.653735411719238,51.292116089110856],[11.66292434986207,51.28609723956551],[11.662041976391954,51.2836640277432],[11.665712635957334,51.2846983651115],[11.668080832182186,51.28925484078044],[11.666786531438348,51.29068649380413],[11.671905485573948,51.29229006667066],[11.674430769135693,51.29122498912675],[11.675127291139473,51.28927441417167],[11.669662511602336,51.28768239780747],[11.67106096818805,51.28567985170751],[11.669504324476522,51.284840566818346],[11.669602269514598,51.281348313242766],[11.675590681482404,51.27930882273573],[11.681267946309749,51.26962370691905],[11.6751555296321,51.26730063713412],[11.676904909871356,51.26579646585837],[11.67566870742637,51.2643620843375],[11.671201739105841,51.26354298763792],[11.670862038766309,51.262025690775715],[11.643840385895757,51.25831495839435],[11.642443488725396,51.25829049354368],[11.642989577416309,51.2595041172687],[11.640267931140725,51.258692605760885],[11.635222510469834,51.264922827532445],[11.630508044097228,51.263339745635164],[11.628639523323013,51.260829291642494],[11.628681431019134,51.252577626898294],[11.626449132188537,51.25067411921575],[11.617071387146396,51.256900001418444],[11.605111369909082,51.24658094470105],[11.603827638762624,51.2475775442372],[11.600688140363264,51.24518660315685],[11.597744095574846,51.24738276220948],[11.600830759846405,51.24996323695983],[11.598380721943558,51.25485418046818],[11.595452718414712,51.25584400778404],[11.597782355912956,51.26263822836274],[11.601287073974774,51.266390715449106],[11.598611592052592,51.27057158750146],[11.603683112457622,51.27330433294002],[11.601996331938212,51.27535375659913],[11.606711526946574,51.2835335266916],[11.605757725532111,51.285743490384526],[11.622412691113658,51.286823216284546],[11.623520291922134,51.29488329790249],[11.627678176216664,51.30439883455129],[11.629301683890803,51.30603815089127],[11.632776242247235,51.30495348966161]]]}},{"type":"Feature","id":"15084275","properties":{"ags8":"15084275","county_ags5":"15084","state_code":"15","name_de":"Kretzschau","valid_at":"2026-01-01","source":"BKG_VG250_2026","part_count":1,"simplified_tolerance_m":80},"geometry":{"type":"Polygon","coordinates":[[[12.015578801893167,51.089989203017325],[12.03110028769888,51.088346782232335],[12.032785325322706,51.08572388488674],[12.0374162944928,51.08533900905969],[12.03850935497169,51.08254383226564],[12.04622377163651,51.082090919535915],[12.051588799148803,51.07676412568299],[12.064148546039558,51.078108358330724],[12.066479003420328,51.07765758620124],[12.06901001807731,51.074266255515724],[12.079143764126112,51.07418067903831],[12.079896228556233,51.06776292494768],[12.082522877366186,51.07022916442175],[12.089243038932924,51.072090705909545],[12.09435654890062,51.06959110543995],[12.095703145877957,51.07136358632308],[12.098733700386852,51.07060214951241],[12.098361567265012,51.073064095409954],[12.102171076261936,51.07375880898445],[12.106482867675386,51.074104506763106],[12.106790678770784,51.07185940239035],[12.113779368480863,51.071141997287356],[12.112802786661474,51.06652232551248],[12.114146066533404,51.06386070591664],[12.11122408519549,51.06256480241866],[12.110755528251005,51.059812039878956],[12.112085808751404,51.057864956024666],[12.115778275323546,51.058741434554065],[12.10795454262484,51.056207370565815],[12.107189571827428,51.05289200893796],[12.113809346962771,51.05232363543103],[12.11106455617013,51.05017470004357],[12.1047155623145,51.0527820794868],[12.101275674742762,51.04703368970293],[12.104485893446826,51.045324664547906],[12.101706261642706,51.04296900985828],[12.103784995032393,51.04157251789145],[12.101966949511366,51.03688177362494],[12.10349845037598,51.03401004943422],[12.092662394155289,51.02945867603154],[12.09122163527894,51.02642365476257],[12.089715810386641,51.02961504195927],[12.080700580770529,51.031061383647724],[12.076127037858207,51.030448344152994],[12.066823844902107,51.02628102233809],[12.058011274945482,51.026048155916584],[12.058518108168565,51.02839022202275],[12.054880361982667,51.028429796580774],[12.054266712663283,51.030463776823574],[12.04978179631581,51.032752176931666],[12.051218075130057,51.03370721578065],[12.046527995692292,51.04225805984289],[12.043060070702554,51.04180116126192],[12.040497066524003,51.04309701663977],[12.036068855412877,51.049458597561916],[12.035692003106412,51.0508274416412],[12.044071595539615,51.053592285212],[12.040922177126589,51.056729021682266],[12.029815814253682,51.05391497942861],[12.027626207804392,51.05762956179777],[12.024645026268626,51.057055027202296],[12.023127223141973,51.05838460557051],[12.018450296628831,51.059003714572626],[12.027507004318567,51.06372062961198],[12.023088708789222,51.07371983801783],[12.011912242354706,51.08754396891547],[12.015578801893167,51.089989203017325]]]}},{"type":"Feature","id":"15084282","properties":{"ags8":"15084282","county_ags5":"15084","state_code":"15","name_de":"Lanitz-Hassel-Tal","valid_at":"2026-01-01","source":"BKG_VG250_2026","part_count":1,"simplified_tolerance_m":80},"geometry":{"type":"Polygon","coordinates":[[[11.683551000587295,51.17860123760231],[11.685217798968534,51.1772097758795],[11.684872930837281,51.1732134979472],[11.68955278689261,51.1725755502858],[11.689946455239104,51.17139065863611],[11.699341941108624,51.17268508823824],[11.699702739234695,51.17024342194381],[11.710534701118444,51.170855575861886],[11.718539227035071,51.17534449366515],[11.720713009501528,51.173639122625055],[11.724136547213662,51.174269223816744],[11.73252058145191,51.16873711381604],[11.731127989897436,51.168040905122034],[11.737307809177617,51.16269831727731],[11.74059097861973,51.156359032220834],[11.737702724933255,51.155951567743855],[11.737240310653794,51.15338514120868],[11.727954659162425,51.15310984362884],[11.700389893429476,51.14235507252741],[11.692190409584024,51.151122452698466],[11.690132405115358,51.15232221160587],[11.686208478935555,51.1521821252492],[11.685829191183961,51.15357172353152],[11.680167610485134,51.15374599229317],[11.679086645560842,51.1556825490821],[11.675984621194058,51.15411208488086],[11.671574756781615,51.14778552608479],[11.67313206914669,51.14280910801677],[11.670254635519996,51.1442664460692],[11.667709711119764,51.14091113340988],[11.66461674070412,51.13982300942806],[11.667562482804463,51.13357967181224],[11.65929238445541,51.13425721385204],[11.64767434353621,51.1312857447957],[11.649304438139112,51.12551978245959],[11.651308770885757,51.12561702751615],[11.652764989221696,51.120932522139555],[11.654044823853468,51.12122583071648],[11.65559233981886,51.11906892254092],[11.661141975677019,51.1208675589682],[11.663338563977904,51.11781325138406],[11.658191662238249,51.11610071262342],[11.659403368356967,51.1148199208441],[11.653291532236487,51.112801801098584],[11.654250975839505,51.111721517424286],[11.649046258543503,51.10791656704126],[11.647079649473403,51.10730198185374],[11.643340813743608,51.110443076934104],[11.640245144217731,51.10953751099575],[11.63824003056618,51.11112278122093],[11.63498785099423,51.10733013404086],[11.624355611353367,51.10448152462295],[11.62021201381299,51.09744866148219],[11.616151624918892,51.09796445583087],[11.62004367366176,51.10466693202348],[11.601667680295929,51.113866998206774],[11.601995242247835,51.1165133153853],[11.610506745088735,51.124176314451944],[11.610673074761188,51.133487941839185],[11.610011357622318,51.13452003096556],[11.607792324573639,51.133830225385374],[11.605492450390425,51.140277276913004],[11.613515070215108,51.14757916228772],[11.617010843390574,51.14482833619133],[11.619543082375785,51.1460188751247],[11.618528387519296,51.14724335417081],[11.623175223686522,51.15402248364027],[11.629940141500649,51.15584392769728],[11.63068888005513,51.153695100796156],[11.627252449218032,51.15124476431883],[11.621766231169572,51.15056005351777],[11.623043240553136,51.14818087589805],[11.63669859392726,51.15370880930131],[11.638332995622182,51.15326098892842],[11.654513685370206,51.157781440055594],[11.663454497313502,51.155974131220496],[11.665987848529229,51.1577035686132],[11.661539274424596,51.16859081908529],[11.664513085577381,51.168462263169424],[11.664708017523992,51.17135902836946],[11.669618364729692,51.17264327732817],[11.670996490013327,51.17441985678177],[11.67430407178716,51.17461525238383],[11.674844121832887,51.17798105769648],[11.683551000587295,51.17860123760231]]]}},{"type":"Feature","id":"15084285","properties":{"ags8":"15084285","county_ags5":"15084","state_code":"15","name_de":"Laucha an der Unstrut","valid_at":"2026-01-01","source":"BKG_VG250_2026","part_count":1,"simplified_tolerance_m":80},"geometry":{"type":"Polygon","coordinates":[[[11.635222510469834,51.264922827532445],[11.640267931140725,51.258692605760885],[11.642989577416309,51.2595041172687],[11.642443488725396,51.25829049354368],[11.643840385895757,51.25831495839435],[11.669486384866188,51.26177580548449],[11.671837834050246,51.263176701694626],[11.674409185650992,51.2616482645404],[11.673982309374242,51.26065374359722],[11.671557468130196,51.261172911608554],[11.668657702671517,51.25823246897336],[11.669879694510824,51.25722147688706],[11.667762619008855,51.25516401573528],[11.668341234058373,51.25309766333876],[11.671927870668286,51.253736706861005],[11.676122111083314,51.25176906378581],[11.679899365207199,51.24808680746794],[11.67962518050211,51.24493974569098],[11.681765412285358,51.24408489833109],[11.687007734116559,51.247390569104766],[11.683562841474155,51.251730124842844],[11.695208159821087,51.25303222726224],[11.699462684970891,51.248356045101374],[11.70122947383198,51.242940126838],[11.70706316449912,51.24746124108236],[11.711353288028118,51.237066820213506],[11.695095327487003,51.229975957428614],[11.694359275260517,51.22832099830993],[11.694056239936135,51.2272563610851],[11.702254274995388,51.22288028723284],[11.704150874013918,51.215383198671795],[11.700355721402982,51.21213778999209],[11.694335479740172,51.21166516985881],[11.693515397142992,51.21409737737259],[11.691639630488815,51.21413058812767],[11.689753171278934,51.210428377198575],[11.66485014893439,51.20682759584321],[11.665982705457868,51.20417491834722],[11.662237694258039,51.20445024755774],[11.654316553859612,51.19499229197928],[11.651479004352089,51.19516309660345],[11.64791053144437,51.190317537460245],[11.638158350353748,51.191505284071454],[11.640167217539533,51.196893660861335],[11.63870443818298,51.19739380816046],[11.63922034018875,51.198991965551556],[11.64165816070185,51.20289102197921],[11.6448796908445,51.204430870024474],[11.642996227218596,51.20642532873056],[11.639523951382879,51.20507030714481],[11.640146960884229,51.207097835061845],[11.635986679112149,51.20626546140445],[11.634286123504403,51.211095988075535],[11.64041481563739,51.21446475333992],[11.642506954345647,51.220851068440005],[11.64838583350769,51.224199203459555],[11.64709414062662,51.22592602422596],[11.63988982679182,51.22407271443662],[11.6229310811264,51.226426886941674],[11.623385570752422,51.22999825327214],[11.617644843085078,51.23203277163798],[11.620148300533224,51.235383150354345],[11.616790143281001,51.239950270056575],[11.608308902513064,51.23946562698395],[11.608142738690175,51.24139084574094],[11.599820248618075,51.241031227391396],[11.60234566513286,51.2438643840683],[11.600688140363264,51.24518660315685],[11.603827638762624,51.2475775442372],[11.605111369909082,51.24658094470105],[11.617071387146396,51.256900001418444],[11.626449132188537,51.25067411921575],[11.628681431019134,51.252577626898294],[11.628415027386843,51.25985965918672],[11.629965173532133,51.26284108806476],[11.635222510469834,51.264922827532445]]]}},{"type":"Feature","id":"15084315","properties":{"ags8":"15084315","county_ags5":"15084","state_code":"15","name_de":"Lützen","valid_at":"2026-01-01","source":"BKG_VG250_2026","part_count":1,"simplified_tolerance_m":80},"geometry":{"type":"Polygon","coordinates":[[[12.170904544814492,51.27550852924074],[12.168790887515302,51.269833064620734],[12.165567629824373,51.268040821506816],[12.166242094368775,51.265933733217665],[12.173376471382277,51.266046103469314],[12.173739436623634,51.25818596841617],[12.189389323842517,51.25762272719349],[12.193153823694859,51.2413963887576],[12.19496247893286,51.238770816022786],[12.19888440927749,51.23972049792843],[12.199492025197369,51.23841890740176],[12.192076362493792,51.236932346541366],[12.19558921006638,51.22361783902568],[12.198109073819575,51.21670204336791],[12.203432084190398,51.21672172662535],[12.204741889569291,51.21420247215577],[12.201226038295706,51.213444040640155],[12.189590359177119,51.20398302877679],[12.19179520113353,51.19573461359492],[12.185597683420573,51.19428514444954],[12.187184697271693,51.19146342009787],[12.180710698249603,51.189873696305774],[12.178858762712276,51.19408505252343],[12.169417610515962,51.19361717942418],[12.165730926136677,51.19583859356453],[12.165867988910914,51.198050507324844],[12.158627322533386,51.19864833589889],[12.157995174629454,51.19141275125778],[12.167584889248356,51.19006152852727],[12.168164774332984,51.18708343594924],[12.154865323994906,51.18639938253071],[12.14682249423609,51.18470032991414],[12.147128521537645,51.18371976957229],[12.138836781871909,51.182802836178524],[12.136430316889024,51.18180804567646],[12.140075256228885,51.17976449934962],[12.119876521308838,51.17365689550233],[12.117347702013095,51.179325536900514],[12.113835110927745,51.17854067777121],[12.114526316536871,51.17739677975536],[12.11244649707975,51.17687651183507],[12.111560064195723,51.178553605913784],[12.101884054825772,51.17691916231937],[12.096848071883553,51.186845641703144],[12.105062138633912,51.188804760120114],[12.10279025065178,51.19321707053578],[12.09697528351567,51.191946599245],[12.093090544499974,51.19599523113202],[12.092861247521112,51.19806818115607],[12.09648287719994,51.20297741588354],[12.095485450590978,51.205204834058456],[12.083495051193701,51.2047917347599],[12.048106095051104,51.19782168729417],[12.050427915030175,51.19219552844871],[12.04110825854343,51.18940049075447],[12.040666915137335,51.18640167179178],[12.034769269472491,51.185645837063625],[12.0354085612667,51.18236222851192],[12.026297678202923,51.18063319310921],[12.027693148032178,51.17607042370589],[12.023998011152848,51.176392233241295],[12.02517475019348,51.1718767662441],[12.01638435769477,51.167157613658915],[12.013023144470749,51.166069466928896],[12.007841328378406,51.1709555948757],[12.00130459942388,51.171552639811296],[12.001567820568159,51.18121647563897],[12.003516394060354,51.18170879540004],[12.005549255348532,51.18478674810438],[12.006282227826974,51.18900079684882],[12.018321694076489,51.19410388314517],[12.011778080731945,51.19797657950922],[12.024245578661835,51.19911010987369],[12.023774988498202,51.20046865138729],[12.029583578544752,51.202908031540474],[12.029091020275882,51.20403935313466],[12.037543467452851,51.205684489671505],[12.03559334292217,51.208591120070864],[12.028084307102604,51.20733222389654],[12.022929850203429,51.21616042248718],[12.011209395990502,51.21705755330572],[12.008329269100162,51.22187484721163],[12.00299804575719,51.22333393964632],[12.005266169640196,51.22544768740594],[11.999944373634502,51.22460253239899],[11.99901064028705,51.225729103637164],[12.009377123219057,51.22850259925798],[12.01851872089013,51.2332168691941],[12.023862084047698,51.23876284175376],[12.023842053564799,51.24423449563545],[12.036542143775835,51.24586838972668],[12.038815997725187,51.24698141730108],[12.038935564557436,51.24970655229992],[12.048111341706628,51.24795682315682],[12.047113106371413,51.24234188150965],[12.054423775313543,51.242030796253374],[12.054151747309943,51.23912973666047],[12.066703226411114,51.2389265104595],[12.066885946933445,51.24037080171174],[12.071306996007191,51.240540149968645],[12.071362634277344,51.243510920430104],[12.073263748218041,51.24381508428901],[12.076549502217071,51.25060124325617],[12.075392207745503,51.25450443038552],[12.077196533574611,51.255686035739096],[12.076669681684416,51.25747495124789],[12.093988726556429,51.26062429312888],[12.112455391191311,51.2609748825432],[12.11362299449906,51.26831622918447],[12.144775589822984,51.27019277501922],[12.140658590960072,51.2750808732221],[12.14625776856598,51.27518234888087],[12.147636834870086,51.278843671382624],[12.154416506717492,51.27864018775594],[12.154429011561902,51.27738911077448],[12.159100212416691,51.27761106324489],[12.170904544814492,51.27550852924074]]]}},{"type":"Feature","id":"15084335","properties":{"ags8":"15084335","county_ags5":"15084","state_code":"15","name_de":"Mertendorf","valid_at":"2026-01-01","source":"BKG_VG250_2026","part_count":1,"simplified_tolerance_m":80},"geometry":{"type":"Polygon","coordinates":[[[11.840061526989851,51.12699288428642],[11.844088445324738,51.124946651504835],[11.846980270893038,51.12550857857685],[11.84631346301186,51.12339723977755],[11.848218066191675,51.122541951598315],[11.849513678936942,51.122860322091526],[11.849370766480464,51.128338105706106],[11.858495229002411,51.12699113992188],[11.860441000382771,51.1279943610987],[11.8637209947485,51.124814376779604],[11.867858734736682,51.1278374147172],[11.870107072026812,51.126018659106656],[11.876851229579927,51.125831390049946],[11.880598316435131,51.12680403953672],[11.880411857564585,51.1291819336669],[11.889963798751296,51.12770986645165],[11.89039229599499,51.13007146591878],[11.898005110133251,51.126903015207226],[11.908930803895618,51.12549392844722],[11.911366814897507,51.12378173061719],[11.911825732881407,51.12101352021859],[11.908329932903248,51.12031780597641],[11.90630845852055,51.11731852763764],[11.912656614779559,51.11310242452082],[11.911051152626888,51.11155601853293],[11.914052462411732,51.110124885971196],[11.921103450949087,51.10045541704503],[11.912988811768665,51.09775128490627],[11.915553083088557,51.090101093839465],[11.915487112259747,51.0827146937877],[11.919372960124251,51.08130865976915],[11.91640200541269,51.073389652421724],[11.913991343336006,51.07349987694138],[11.912256766936421,51.07236001319486],[11.913147267896715,51.07158431984834],[11.908963309807822,51.06997065004568],[11.900247114897542,51.068666028205804],[11.897179964592864,51.071217102857425],[11.897250919993786,51.06973297727351],[11.893279117721804,51.06874559033637],[11.891419388492421,51.07067640381687],[11.88576553225895,51.07167702067166],[11.879084926457518,51.06967996138598],[11.876020989230778,51.07034470530373],[11.877159728161887,51.065094414133924],[11.870173113264126,51.06595957067708],[11.869499557928746,51.06346578778792],[11.867597204018908,51.063396475800154],[11.869082550070537,51.061236191220964],[11.868034641719897,51.06029609961289],[11.872073183570041,51.05971328360452],[11.871551932807396,51.05834702321482],[11.87454268566661,51.059060400381995],[11.876559671183596,51.05650571462754],[11.874737927276994,51.057061894991456],[11.868097865886307,51.054204376251754],[11.868848048785706,51.0525211344427],[11.8646961899038,51.052384066686464],[11.86309583362008,51.051145631575835],[11.860261347319708,51.05476396153358],[11.85225582152691,51.051860116468994],[11.849979369431823,51.0525751978101],[11.851331355602563,51.05308597567645],[11.850004261322395,51.05409121602676],[11.846099676766505,51.05435231042357],[11.855117657444204,51.0605021091452],[11.853316098410607,51.060424033215504],[11.853563942145811,51.0625020890527],[11.848077869770865,51.06250846311064],[11.846661743232707,51.064901308635086],[11.849735282128748,51.06538677180671],[11.852320165795273,51.070334312751676],[11.851046078380888,51.071981112427],[11.846671551650333,51.070222158461036],[11.84386420113332,51.07622723856621],[11.858868773223547,51.08314003436249],[11.860146762219646,51.08640871298397],[11.863480760152033,51.08665553280908],[11.864211895514215,51.08489614328414],[11.873547968559826,51.0874057112612],[11.871479177341143,51.09053703915776],[11.864804258585483,51.089829550208954],[11.864268711018804,51.094366151014015],[11.868552526172952,51.09957134075512],[11.868500105927804,51.1044354909401],[11.85950261978412,51.106768124520784],[11.853670318680546,51.1043162091765],[11.852838522027987,51.102265122962685],[11.846309859984805,51.10581410627525],[11.83385095047067,51.10207451629932],[11.830363547085652,51.10283810011739],[11.83006409061988,51.10505100812987],[11.828177422999557,51.10467248575148],[11.828424263127522,51.11116483141721],[11.83089087812962,51.115917639410775],[11.827894850967642,51.11612152665887],[11.827797452067653,51.117211479733854],[11.83053906788337,51.11709029651297],[11.826997297067683,51.126595316415305],[11.83642287063215,51.13071920488811],[11.840061526989851,51.12699288428642]]]}},{"type":"Feature","id":"15084341","properties":{"ags8":"15084341","county_ags5":"15084","state_code":"15","name_de":"Molauer Land","valid_at":"2026-01-01","source":"BKG_VG250_2026","part_count":1,"simplified_tolerance_m":80},"geometry":{"type":"Polygon","coordinates":[[[11.751048844643085,51.09678141735135],[11.756008623173967,51.087078928038665],[11.762208428318813,51.08327141184254],[11.765329966267599,51.08269001123358],[11.767220409428043,51.08453768354445],[11.77059807697561,51.08044235928653],[11.777542380237438,51.08201754097397],[11.779384082135621,51.07890219609547],[11.792731099752954,51.08177888489527],[11.79371479453454,51.08045848478711],[11.797437879156586,51.08113143308632],[11.799743645736354,51.07843915646648],[11.80810187559708,51.08129811869814],[11.810685608133237,51.080435811666554],[11.80853436033424,51.07913035035199],[11.812634344343829,51.07317590798345],[11.818071484288232,51.07432889717804],[11.817279555654226,51.07571877620133],[11.820526352209006,51.076920166457306],[11.81800290143187,51.08254386425074],[11.840302638481862,51.08833346914767],[11.84975304191361,51.07937816134805],[11.84386420113332,51.07622723856621],[11.846671551650333,51.070222158461036],[11.851046078380888,51.071981112427],[11.852320165795273,51.070334312751676],[11.849735282128748,51.06538677180671],[11.846661743232707,51.064901308635086],[11.848077869770865,51.06250846311064],[11.853563942145811,51.0625020890527],[11.853316098410607,51.060424033215504],[11.855117657444204,51.0605021091452],[11.846099676766505,51.05435231042357],[11.851331355602563,51.05308597567645],[11.843556102527337,51.05198921725926],[11.833888857511234,51.052260869015015],[11.81714972519527,51.04787404609161],[11.80389355621554,51.04721079609664],[11.802623683928285,51.04879639608007],[11.798712832440101,51.04830241427532],[11.797101470997053,51.0504080534781],[11.791961685735744,51.050057822981366],[11.789598765013116,51.051166148189786],[11.78739935459291,51.05011059687699],[11.786865663131113,51.05262840391232],[11.774634277833075,51.05315736516752],[11.7704068169537,51.04918031276027],[11.772094096847527,51.04500754085704],[11.75968995060572,51.04285785483353],[11.759753676755965,51.047775838111434],[11.752107573746061,51.04862035533381],[11.75131632296155,51.05184242674236],[11.746197108157338,51.051954370922786],[11.745531157139048,51.054161428278626],[11.748495091339436,51.05419701357343],[11.753250386775031,51.05698852156206],[11.744684365550091,51.061813503479975],[11.737146865456932,51.06313744757061],[11.732299862716609,51.06841715493893],[11.72352338729636,51.067995114843534],[11.72116815407573,51.07101981201227],[11.713653542587322,51.07051806446778],[11.709846615364935,51.06813784211483],[11.700810413626865,51.0694025648283],[11.701875070692521,51.073734297818206],[11.699680867577744,51.07481397692425],[11.700969624496343,51.07554355029351],[11.699706098950152,51.07660200401054],[11.701832501837,51.07841512318663],[11.700395173872561,51.079176790670004],[11.705542567298767,51.07935769990595],[11.705890503952704,51.08174771098103],[11.711633887004735,51.08394686407502],[11.712287627692792,51.08708955953566],[11.734304935954237,51.08973048209893],[11.73400729137927,51.091502130129825],[11.737152427616756,51.0920568655931],[11.73684520225274,51.09553356577103],[11.73906343715966,51.09565402365417],[11.739468819435784,51.093715029176195],[11.747021631152528,51.09400354578688],[11.748357005780303,51.09424123585389],[11.747146868817575,51.096530809556214],[11.751048844643085,51.09678141735135]]]}},{"type":"Feature","id":"15084355","properties":{"ags8":"15084355","county_ags5":"15084","state_code":"15","name_de":"Naumburg (Saale)","valid_at":"2026-01-01","source":"BKG_VG250_2026","part_count":1,"simplified_tolerance_m":80},"geometry":{"type":"Polygon","coordinates":[[[11.808401531338077,51.202110778457325],[11.808870916301624,51.200486535645624],[11.813940730177698,51.20120844881107],[11.81881228298571,51.19507866222665],[11.820186848537194,51.1954441027682],[11.82134748020931,51.18924690445537],[11.825243195729646,51.186278290717084],[11.823985279893941,51.18518717843172],[11.825485134477278,51.18464639876793],[11.827352119953009,51.18592143270216],[11.832849359614203,51.18091867704894],[11.833525228480543,51.18747098383276],[11.846122640238981,51.19226697863326],[11.849089827390463,51.1879494378254],[11.85571683674728,51.18638804766767],[11.860172954462117,51.187947089778504],[11.862967401616299,51.18607883205493],[11.861347815588692,51.18408198052101],[11.86151082673181,51.1789238233709],[11.86810807821266,51.162874082761135],[11.85679492447781,51.15483505567806],[11.847224829630955,51.15492773395891],[11.841539639940718,51.153787284278955],[11.83799097305006,51.15477281601534],[11.836650010947508,51.153924280863905],[11.83505446309266,51.146734557737325],[11.836805524099972,51.14495079816598],[11.83436758610224,51.14324434296419],[11.834666533030559,51.141012395476025],[11.839625675113629,51.13717387384953],[11.832605336275321,51.13414942760662],[11.83642287063215,51.13071920488811],[11.826997297067683,51.126595316415305],[11.83053906788337,51.11709029651297],[11.827797452067653,51.117211479733854],[11.827894850967642,51.11612152665887],[11.83089087812962,51.115917639410775],[11.828424263127522,51.11116483141721],[11.828177422999557,51.10467248575148],[11.83006409061988,51.10505100812987],[11.830363547085652,51.10283810011739],[11.83385095047067,51.10207451629932],[11.846309859984805,51.10581410627525],[11.852838522027987,51.102265122962685],[11.853670318680546,51.1043162091765],[11.85950261978412,51.106768124520784],[11.864803573611564,51.10475355076222],[11.867700387473368,51.1050162865714],[11.869316541013138,51.10220804280059],[11.864268711018804,51.094366151014015],[11.864804258585483,51.089829550208954],[11.871479177341143,51.09053703915776],[11.873547968559826,51.0874057112612],[11.864211895514215,51.08489614328414],[11.863480760152033,51.08665553280908],[11.860146762219646,51.08640871298397],[11.858868773223547,51.08314003436249],[11.84975304191361,51.07937816134805],[11.84311232807577,51.084525992074596],[11.841760407552284,51.08769762401388],[11.836780094006574,51.08784052989926],[11.81800290143187,51.08254386425074],[11.820526352209006,51.076920166457306],[11.817279555654226,51.07571877620133],[11.818071484288232,51.07432889717804],[11.812634344343829,51.07317590798345],[11.80853436033424,51.07913035035199],[11.810685608133237,51.080435811666554],[11.80810187559708,51.08129811869814],[11.799743645736354,51.07843915646648],[11.797437879156586,51.08113143308632],[11.79371479453454,51.08045848478711],[11.792731099752954,51.08177888489527],[11.779384082135621,51.07890219609547],[11.777542380237438,51.08201754097397],[11.77059807697561,51.08044235928653],[11.767220409428043,51.08453768354445],[11.765329966267599,51.08269001123358],[11.762208428318813,51.08327141184254],[11.756008623173967,51.087078928038665],[11.751048844643085,51.09678141735135],[11.747146868817575,51.096530809556214],[11.748357005780303,51.09424123585389],[11.747021631152528,51.09400354578688],[11.739468819435784,51.093715029176195],[11.73906343715966,51.09565402365417],[11.73684520225274,51.09553356577103],[11.737152427616756,51.0920568655931],[11.73400729137927,51.091502130129825],[11.734304935954237,51.08973048209893],[11.712287627692792,51.08708955953566],[11.711633887004735,51.08394686407502],[11.705890503952704,51.08174771098103],[11.705542567298767,51.07935769990595],[11.700395173872561,51.079176790670004],[11.69759775233706,51.08424468631042],[11.70160468942354,51.084500459112675],[11.701581871082256,51.085823473752264],[11.699428795083282,51.08598959195508],[11.699032127947763,51.08777536884254],[11.696938745560724,51.08749090246663],[11.695734487423003,51.08954589989241],[11.697003333267302,51.09164754122334],[11.693398985143407,51.0926202814625],[11.692382465372553,51.09985159714187],[11.689215950791969,51.100554615480064],[11.68916557185415,51.09859346456499],[11.675308124054354,51.10413828054671],[11.67243970586347,51.10290187789544],[11.666539644483706,51.107464719157925],[11.666542887293101,51.10880989581832],[11.668483709655193,51.10924941336609],[11.666950054274299,51.11078547664901],[11.6624016395229,51.11011096033795],[11.662299000810481,51.111146796795914],[11.651579185795486,51.10933610242065],[11.654250975839505,51.111721517424286],[11.653291532236487,51.112801801098584],[11.659403368356967,51.1148199208441],[11.658191662238249,51.11610071262342],[11.663338563977904,51.11781325138406],[11.661141975677019,51.1208675589682],[11.65559233981886,51.11906892254092],[11.654044823853468,51.12122583071648],[11.652764989221696,51.120932522139555],[11.651308770885757,51.12561702751615],[11.649304438139112,51.12551978245959],[11.64767434353621,51.1312857447957],[11.65929238445541,51.13425721385204],[11.667562482804463,51.13357967181224],[11.66461674070412,51.13982300942806],[11.667709711119764,51.14091113340988],[11.670254635519996,51.1442664460692],[11.67313206914669,51.14280910801677],[11.671574756781615,51.14778552608479],[11.675984621194058,51.15411208488086],[11.679086645560842,51.1556825490821],[11.680167610485134,51.15374599229317],[11.685829191183961,51.15357172353152],[11.686208478935555,51.1521821252492],[11.690132405115358,51.15232221160587],[11.692190409584024,51.151122452698466],[11.700389893429476,51.14235507252741],[11.727954659162425,51.15310984362884],[11.737240310653794,51.15338514120868],[11.737702724933255,51.155951567743855],[11.74059097861973,51.156359032220834],[11.737307809177617,51.16269831727731],[11.731127989897436,51.168040905122034],[11.73252058145191,51.16873711381604],[11.724136547213662,51.174269223816744],[11.720713009501528,51.173639122625055],[11.718539227035071,51.17534449366515],[11.719391608068067,51.177810173254514],[11.725508729893889,51.18229044374796],[11.729566114061916,51.1830397284776],[11.730868315118816,51.18121270825863],[11.73649939822542,51.1807247692063],[11.738702042231814,51.186830671303916],[11.746715150356158,51.19011591057762],[11.745929678440309,51.18564711249802],[11.74760124520473,51.18445050058254],[11.750281622965254,51.185087770860335],[11.75061166133408,51.18709826778082],[11.753545021806161,51.18862452805917],[11.755692902912466,51.18866281772193],[11.756096486693028,51.18725710166113],[11.758176304706778,51.18844054848911],[11.765409777952112,51.18904642041711],[11.766410318741912,51.19054734046985],[11.774038011388669,51.18829589007899],[11.773347371088162,51.1897341710167],[11.776872385547021,51.19085656116901],[11.773696063159793,51.19303282531678],[11.77751212438323,51.19534883085633],[11.776336229013545,51.198403155342966],[11.783919439579723,51.200704804811906],[11.793133784303267,51.20148050670598],[11.793902612118881,51.198618550483495],[11.798391509064192,51.19965259580011],[11.801438751122689,51.19874756908074],[11.806005841864687,51.19994713497043],[11.805076588671326,51.20193079465034],[11.808401531338077,51.202110778457325]]]}},{"type":"Feature","id":"15084360","properties":{"ags8":"15084360","county_ags5":"15084","state_code":"15","name_de":"Nebra (Unstrut)","valid_at":"2026-01-01","source":"BKG_VG250_2026","part_count":1,"simplified_tolerance_m":80},"geometry":{"type":"Polygon","coordinates":[[[11.616628398610342,51.320358289987595],[11.617917637164595,51.31689987269717],[11.620938767410783,51.31573722017347],[11.623168343836705,51.32002593066662],[11.631102733551321,51.31742127466837],[11.630439317912378,51.315547086737006],[11.63476792807164,51.31348974510043],[11.627678176216664,51.30439883455129],[11.623520291922134,51.29488329790249],[11.622412691113658,51.286823216284546],[11.605757725532111,51.285743490384526],[11.606711526946574,51.2835335266916],[11.601996331938212,51.27535375659913],[11.603683112457622,51.27330433294002],[11.598611592052592,51.27057158750146],[11.601287073974774,51.266390715449106],[11.596909245674594,51.261027504533686],[11.596347097886644,51.25653317373296],[11.592405676344049,51.255117737964774],[11.587638675590267,51.255685846432485],[11.58147364832168,51.25812364176569],[11.581900962446415,51.25971069172328],[11.576537207742064,51.26139803075361],[11.565688421197567,51.25957356971879],[11.560073856276066,51.2609386530312],[11.550006629377606,51.26007700510231],[11.550458150803266,51.257966018164545],[11.53742819418895,51.2524583902817],[11.53749617695751,51.251018116637965],[11.532062570148414,51.25103911390391],[11.523229191266982,51.26310396867845],[11.527764004891635,51.26396895282364],[11.531284807839778,51.26884385436668],[11.524319239931522,51.27489753226072],[11.518426158561963,51.27632555492372],[11.522278953434204,51.281367530972446],[11.520591285669024,51.28195360031718],[11.521349970045804,51.28462314634114],[11.527101387911433,51.28654385803866],[11.530263328463413,51.28347441355644],[11.539158451223063,51.28217219639127],[11.542379886410886,51.278543191688236],[11.549232105001327,51.27530703994037],[11.55894701475424,51.2766863447907],[11.563944744032764,51.27878260295316],[11.567152603718034,51.287211513553125],[11.572128471640953,51.2901534376872],[11.567190468751283,51.293806652577835],[11.568368431537804,51.29633334156367],[11.577472203645204,51.30087519754698],[11.58143833039958,51.301018447547946],[11.581376088772599,51.30570694454514],[11.587428238250771,51.30607389665022],[11.597293236774316,51.302580798817225],[11.605850988194216,51.31585340818112],[11.61308220666417,51.31614944791795],[11.614800849469411,51.32038212103172],[11.616628398610342,51.320358289987595]]]}},{"type":"Feature","id":"15084375","properties":{"ags8":"15084375","county_ags5":"15084","state_code":"15","name_de":"Osterfeld","valid_at":"2026-01-01","source":"BKG_VG250_2026","part_count":1,"simplified_tolerance_m":80},"geometry":{"type":"Polygon","coordinates":[[[11.921103450949087,51.10045541704503],[11.926607297468227,51.09632076610246],[11.934346676149078,51.09831108769021],[11.94110639643893,51.08968141181305],[11.940110827559696,51.08809041015315],[11.942589380410917,51.089123154013194],[11.943589435292798,51.087283988412665],[11.941469909160775,51.08637926773147],[11.942887384717599,51.08394143846601],[11.938906431802401,51.08269295069852],[11.942379908760827,51.077319816875594],[11.940514557261952,51.07691563963542],[11.941194647287555,51.07569293362542],[11.947181779986979,51.07497597267177],[11.951245009861665,51.067471988727526],[11.954588297081875,51.06911099059471],[11.957422430665085,51.06904288999506],[11.963302914531818,51.06844144341591],[11.961600255742194,51.06645605950087],[11.964608635164431,51.06671072906366],[11.960595865485999,51.06528479879647],[11.959739463755668,51.062479649308244],[11.958395763719661,51.06289241370651],[11.95600001074416,51.05936769376862],[11.968082710586383,51.055816559810815],[11.9669350546035,51.04753183867164],[11.964259168759495,51.04417279074971],[11.96620326275659,51.04425635545495],[11.967070033688401,51.04291736188606],[11.969274765243538,51.03526078445025],[11.954126979171074,51.03342204354182],[11.951852495650122,51.030001314116646],[11.947115427074218,51.029115300907904],[11.943066187340893,51.03244116276271],[11.937018668216135,51.02973187091306],[11.933379102495087,51.030719553668405],[11.9276262921297,51.027571286616926],[11.921462604589424,51.026293920733394],[11.911895626692248,51.02817928623688],[11.910909884776794,51.029550072400546],[11.914629797996668,51.03145739156808],[11.913078092361818,51.03604772096197],[11.915390046564735,51.03793685811259],[11.911007108539028,51.04118462430042],[11.910548284425191,51.045338716921115],[11.903565772011289,51.04422532735313],[11.899173948539291,51.04587812017204],[11.897452762527669,51.04529540001169],[11.89466750651215,51.04713665643487],[11.896663051734357,51.05047293328177],[11.890559868761631,51.05333584753476],[11.891187497832158,51.05463089343102],[11.885073305230085,51.056550749814555],[11.882330723178896,51.055617601869514],[11.876559671183596,51.05650571462754],[11.87454268566661,51.059060400381995],[11.871551932807396,51.05834702321482],[11.872073183570041,51.05971328360452],[11.868034641719897,51.06029609961289],[11.869082550070537,51.061236191220964],[11.867597204018908,51.063396475800154],[11.869499557928746,51.06346578778792],[11.870173113264126,51.06595957067708],[11.877159728161887,51.065094414133924],[11.876020989230778,51.07034470530373],[11.879084926457518,51.06967996138598],[11.88576553225895,51.07167702067166],[11.891419388492421,51.07067640381687],[11.893279117721804,51.06874559033637],[11.897250919993786,51.06973297727351],[11.897179964592864,51.071217102857425],[11.900247114897542,51.068666028205804],[11.908963309807822,51.06997065004568],[11.913147267896715,51.07158431984834],[11.912256766936421,51.07236001319486],[11.913991343336006,51.07349987694138],[11.915383790314214,51.07279007542338],[11.919099536884175,51.07751441342961],[11.919372960124251,51.08130865976915],[11.915487112259747,51.0827146937877],[11.915553083088557,51.090101093839465],[11.912988811768665,51.09775128490627],[11.921103450949087,51.10045541704503]]]}},{"type":"Feature","id":"15084442","properties":{"ags8":"15084442","county_ags5":"15084","state_code":"15","name_de":"Schnaudertal","valid_at":"2026-01-01","source":"BKG_VG250_2026","part_count":1,"simplified_tolerance_m":80},"geometry":{"type":"Polygon","coordinates":[[[12.170207130980307,51.00985280220344],[12.174839302095561,51.00433817486926],[12.178583589253972,51.00441294390436],[12.183014879188303,50.998334071589085],[12.188186802693414,50.99510343735596],[12.202107944210185,50.996246971297566],[12.206751485774573,50.995520359709715],[12.203987787936313,50.989266496202845],[12.208310052044151,50.98833935145107],[12.20455470684873,50.9817973416761],[12.207431659630437,50.97745327260671],[12.202860695326748,50.974874252177415],[12.204779713850774,50.97239821559291],[12.207455138991907,50.971504027622224],[12.22891816021413,50.97408527733608],[12.228663090248848,50.97259507900785],[12.231528541404552,50.973749491852615],[12.236775996459503,50.97188935397188],[12.238645348658677,50.973085447349874],[12.236371524957066,50.96450643677537],[12.2323488152696,50.96135339058205],[12.234678764560801,50.96077869757253],[12.239817405292552,50.962822404031634],[12.241670525967791,50.96151374855124],[12.241725053494529,50.95638949958082],[12.238717455767903,50.95152809759338],[12.22977602235075,50.94708935688998],[12.226699451352792,50.94342031735352],[12.219529174466588,50.942283662855864],[12.21781014770319,50.93941745117844],[12.214580121221697,50.938032076429444],[12.214344196543866,50.943062160188894],[12.212549003030706,50.94421358087056],[12.211073995898978,50.94957104295871],[12.215346989005578,50.953270126221526],[12.212810285232472,50.95941054304579],[12.200694622208447,50.95611011155877],[12.197979396814949,50.95678387402607],[12.18250806300056,50.97586604439122],[12.1703794465035,50.97086871572162],[12.165213674747285,50.973294769151984],[12.163577814514559,50.979752955123764],[12.156748280918146,50.98732006384916],[12.150324191193373,50.98429737311135],[12.143978177449561,50.99834558732767],[12.146354921392074,50.999803550594024],[12.148481123040277,50.99910675992289],[12.14927607101782,51.00023846906646],[12.1471585564441,51.00035258778777],[12.153074530813635,51.00284811209038],[12.153186727968968,51.00674282100481],[12.155711909975249,51.00727844813179],[12.155468012401393,51.0105964988482],[12.163357323212331,51.01166521981251],[12.163077493185728,51.016573005980376],[12.170596559403817,51.02027722011473],[12.170207130980307,51.00985280220344]]]}},{"type":"Feature","id":"15084445","properties":{"ags8":"15084445","county_ags5":"15084","state_code":"15","name_de":"Schönburg","valid_at":"2026-01-01","source":"BKG_VG250_2026","part_count":1,"simplified_tolerance_m":80},"geometry":{"type":"Polygon","coordinates":[[[11.866358085587779,51.18743407978405],[11.883396085109485,51.187368829157656],[11.884131325219302,51.185087162858586],[11.88701418302401,51.18520777778283],[11.890112601744866,51.177399562749024],[11.893427238303543,51.17432752923371],[11.902697965569411,51.17319984351729],[11.903934439077437,51.16395221194374],[11.917040123962176,51.16351228291524],[11.918136258401436,51.16074973871602],[11.908116583640146,51.15841262727368],[11.899864765809484,51.1491349305031],[11.890708741152123,51.14820935658118],[11.886393315244407,51.1464788544114],[11.882257547094648,51.13966672460509],[11.87700325845259,51.137846777786045],[11.869900265502483,51.13738656883785],[11.869070310676383,51.14044920395917],[11.866334898572825,51.140649872553],[11.867601456005714,51.14236282445455],[11.862855349623954,51.14344412341989],[11.859633298580775,51.147225132733375],[11.850850538006767,51.14503162720727],[11.83738425717423,51.13923899401723],[11.834666533030559,51.141012395476025],[11.83436758610224,51.14324434296419],[11.836805524099972,51.14495079816598],[11.83505446309266,51.146734557737325],[11.836650010947508,51.153924280863905],[11.83799097305006,51.15477281601534],[11.841539639940718,51.153787284278955],[11.847224829630955,51.15492773395891],[11.85679492447781,51.15483505567806],[11.867541271404113,51.162097821955186],[11.86151082673181,51.1789238233709],[11.861347815588692,51.18408198052101],[11.866358085587779,51.18743407978405]]]}},{"type":"Feature","id":"15084470","properties":{"ags8":"15084470","county_ags5":"15084","state_code":"15","name_de":"Stößen","valid_at":"2026-01-01","source":"BKG_VG250_2026","part_count":1,"simplified_tolerance_m":80},"geometry":{"type":"Polygon","coordinates":[[[11.947108682310633,51.129481780631316],[11.947678814671633,51.12477154489473],[11.949650486818399,51.12570669094193],[11.951693574939775,51.12369790092526],[11.951234801449292,51.10874188415977],[11.934346676149078,51.09831108769021],[11.926607297468227,51.09632076610246],[11.921103450949087,51.10045541704503],[11.914052462411732,51.110124885971196],[11.911051152626888,51.11155601853293],[11.912656614779559,51.11310242452082],[11.90630845852055,51.11731852763764],[11.908329932903248,51.12031780597641],[11.92025059949442,51.122752744920255],[11.927632033202787,51.12306216237238],[11.926428457031822,51.12669443851207],[11.947108682310633,51.129481780631316]]]}},{"type":"Feature","id":"15084490","properties":{"ags8":"15084490","county_ags5":"15084","state_code":"15","name_de":"Teuchern","valid_at":"2026-01-01","source":"BKG_VG250_2026","part_count":1,"simplified_tolerance_m":80},"geometry":{"type":"Polygon","coordinates":[[[12.035367859196063,51.164900977873636],[12.040331384699615,51.15939804592752],[12.043736208368326,51.16066747176415],[12.04806296110753,51.15695775760129],[12.055046116954445,51.160159326252604],[12.054319941227645,51.15856712312316],[12.05806373658863,51.15669944778151],[12.056909375622812,51.150892328307215],[12.047726544892619,51.14970938913045],[12.047549209319957,51.14783090268907],[12.044294086338065,51.14761297781168],[12.041144843871953,51.14198504935299],[12.044344775468131,51.13799215495908],[12.055384302177583,51.12980333929714],[12.05418413508969,51.12941141880806],[12.056088548537517,51.127352238477684],[12.051311245073872,51.12515368085659],[12.053516314177015,51.1214099286131],[12.06374746948969,51.12351819820612],[12.067070077943821,51.12212417868761],[12.068093816843216,51.12279477674556],[12.065239496769127,51.12940782597468],[12.074606092837051,51.13107913069677],[12.073451487300604,51.13581931546032],[12.091930130946684,51.13317803271053],[12.106334089766149,51.13471433978575],[12.108028709859521,51.12510950857731],[12.099826199432426,51.12332374767206],[12.103222129941862,51.10577335748729],[12.096798778798172,51.10231560314658],[12.083933245828087,51.09942577841578],[12.084278984140497,51.09737335175162],[12.075437057789639,51.09535001827235],[12.076186723871563,51.09293500463602],[12.056833655647557,51.09339701088733],[12.057537971720672,51.091399382897805],[12.055050478938938,51.08938482273981],[12.05509910262397,51.087455506162165],[12.050188021221189,51.08741091858234],[12.04930136965266,51.08525385939603],[12.045430850682338,51.08401826989407],[12.04622377163651,51.082090919535915],[12.03850935497169,51.08254383226564],[12.0374162944928,51.08533900905969],[12.032785325322706,51.08572388488674],[12.03110028769888,51.088346782232335],[12.02563622239942,51.08991219368576],[12.015578801893167,51.089989203017325],[12.011416347201118,51.0872354186682],[12.002808868691114,51.0861908015775],[12.00068440879889,51.08852577257511],[11.99745081037343,51.08674072946105],[11.99654606913445,51.08799046912029],[11.992540444427998,51.08687504777867],[11.987276436009452,51.095050753919594],[11.988471393291618,51.09574723451838],[11.986642540076721,51.09814203447029],[11.9873379241841,51.100810535462074],[11.984095450326356,51.105935163853914],[11.972931874481343,51.09921020056551],[11.966510079171773,51.096840197712694],[11.962359371151136,51.099784043777866],[11.960537468104217,51.09866396658694],[11.955694315946353,51.10318473751545],[11.951234801449292,51.10874188415977],[11.951693574939775,51.12369790092526],[11.949650486818399,51.12570669094193],[11.947678814671633,51.12477154489473],[11.947108682310633,51.129481780631316],[11.926428457031822,51.12669443851207],[11.927632033202787,51.12306216237238],[11.911825732881407,51.12101352021859],[11.911366814897507,51.12378173061719],[11.908930803895618,51.12549392844722],[11.911309654431772,51.128470850034006],[11.913286061021562,51.12856394596065],[11.913234042352414,51.13294704041358],[11.910422482099928,51.13220710577092],[11.900028613464222,51.133753923250964],[11.899753978063496,51.13271334479598],[11.890962612503232,51.134294136563156],[11.893876787445137,51.14210530160135],[11.889023791451303,51.14187275418178],[11.882257547094648,51.13966672460509],[11.886393315244407,51.1464788544114],[11.890708741152123,51.14820935658118],[11.899864765809484,51.1491349305031],[11.908116583640146,51.15841262727368],[11.918136258401436,51.16074973871602],[11.91674578114281,51.16541748374546],[11.926725567138162,51.16683886411684],[11.927644819977331,51.16419452846789],[11.94483294402514,51.163310018829364],[11.944920056057716,51.1615181549026],[11.953976898803443,51.16053298171251],[11.953852347335365,51.15839277853146],[11.960803518890307,51.15782018814201],[11.961213792458755,51.156312231599216],[11.970161126728721,51.15597508390283],[11.991001668811062,51.15835686957846],[12.013023144470749,51.166069466928896],[12.035367859196063,51.164900977873636]]]}},{"type":"Feature","id":"15084550","properties":{"ags8":"15084550","county_ags5":"15084","state_code":"15","name_de":"Weißenfels","valid_at":"2026-01-01","source":"BKG_VG250_2026","part_count":1,"simplified_tolerance_m":80},"geometry":{"type":"Polygon","coordinates":[[[12.062052453794923,51.28618872150819],[12.056662640255254,51.28466758481321],[12.05519764514435,51.282077315295346],[12.049617551007856,51.28042340212608],[12.047638295793941,51.277884835349866],[12.052865345476249,51.275457963642005],[12.053204679757078,51.27147589983763],[12.059596857846923,51.27086906910131],[12.05982127837698,51.269021278202274],[12.056541736764611,51.26663514075404],[12.04576450558558,51.26276616314364],[12.046181364501651,51.26154056050267],[12.053953230496743,51.25913397249997],[12.05159233561185,51.253912733602334],[12.06574332033454,51.252295858047944],[12.067590539199223,51.25173311732364],[12.066309996566122,51.250212037990806],[12.075097590160757,51.24805940079882],[12.073263748218041,51.24381508428901],[12.071362634277344,51.243510920430104],[12.071306996007191,51.240540149968645],[12.066885946933445,51.24037080171174],[12.066703226411114,51.2389265104595],[12.054151747309943,51.23912973666047],[12.054423775313543,51.242030796253374],[12.047113106371413,51.24234188150965],[12.048111341706628,51.24795682315682],[12.038935564557436,51.24970655229992],[12.038815997725187,51.24698141730108],[12.036542143775835,51.24586838972668],[12.023842053564799,51.24423449563545],[12.023862084047698,51.23876284175376],[12.017754737779724,51.23265083737512],[12.009377123219057,51.22850259925798],[11.99901064028705,51.225729103637164],[11.999944373634502,51.22460253239899],[12.005266169640196,51.22544768740594],[12.00299804575719,51.22333393964632],[12.008329269100162,51.22187484721163],[12.011209395990502,51.21705755330572],[12.022929850203429,51.21616042248718],[12.028084307102604,51.20733222389654],[12.03559334292217,51.208591120070864],[12.037543467452851,51.205684489671505],[12.029091020275882,51.20403935313466],[12.029583578544752,51.202908031540474],[12.023774988498202,51.20046865138729],[12.024245578661835,51.19911010987369],[12.011778080731945,51.19797657950922],[12.018321694076489,51.19410388314517],[12.006282227826974,51.18900079684882],[12.005549255348532,51.18478674810438],[12.003516394060354,51.18170879540004],[12.001567820568159,51.18121647563897],[12.00130459942388,51.171552639811296],[12.007841328378406,51.1709555948757],[12.013023144470749,51.166069466928896],[11.991001668811062,51.15835686957846],[11.974167441513698,51.15596063048066],[11.961213792458755,51.156312231599216],[11.960803518890307,51.15782018814201],[11.953852347335365,51.15839277853146],[11.953976898803443,51.16053298171251],[11.944920056057716,51.1615181549026],[11.94483294402514,51.163310018829364],[11.927644819977331,51.16419452846789],[11.926725567138162,51.16683886411684],[11.91674578114281,51.16541748374546],[11.917040123962176,51.16351228291524],[11.903934439077437,51.16395221194374],[11.902697965569411,51.17319984351729],[11.893427238303543,51.17432752923371],[11.890112601744866,51.177399562749024],[11.88701418302401,51.18520777778283],[11.884131325219302,51.185087162858586],[11.883396085109485,51.187368829157656],[11.887603937319703,51.188731801052995],[11.89155956097623,51.18755159999542],[11.887221775283827,51.20223445181962],[11.894082656933096,51.20377071677042],[11.889152131741854,51.21426048011573],[11.88996898046676,51.219462276946395],[11.880994632496005,51.21983038298875],[11.880858211774417,51.23229336711694],[11.872497568641856,51.23069990720691],[11.869814999772112,51.23883259133171],[11.85902545828263,51.23656215831102],[11.858917572162582,51.23922699945809],[11.877512195792143,51.243837434308944],[11.885688844306804,51.244240536138285],[11.88926125847532,51.238460685510354],[11.89305203657065,51.23839184900412],[11.893453629876525,51.23550068326786],[11.89891956042471,51.23565148889628],[11.899251234364085,51.23335285534333],[11.9115327769053,51.233742063948945],[11.912782322450944,51.236155536981265],[11.923525240498488,51.23637184742098],[11.923305989057189,51.240882891122304],[11.927683494076774,51.2460761645036],[11.927217703390628,51.254319838017075],[11.92925072508024,51.255033140848205],[11.925616017374816,51.27018168062583],[11.942928339700979,51.27139173371363],[11.968878042687415,51.269629460343786],[11.970086246753924,51.2751305848232],[11.979092750030924,51.27502627756991],[11.978762083380035,51.27366262722046],[11.984581910661314,51.273958009708096],[11.984285694494334,51.2769448033661],[11.989922769789988,51.277933113728125],[11.988653127475311,51.28093733729024],[11.998919794353675,51.28202079921843],[12.001358212096832,51.27995387714973],[12.001984536543274,51.2766069397091],[12.037794308420937,51.28559152296068],[12.054605669089423,51.28622471010754],[12.056433798738887,51.28871486760349],[12.062008332140856,51.28737880533718],[12.062052453794923,51.28618872150819]]]}},{"type":"Feature","id":"15084560","properties":{"ags8":"15084560","county_ags5":"15084","state_code":"15","name_de":"Wethau","valid_at":"2026-01-01","source":"BKG_VG250_2026","part_count":1,"simplified_tolerance_m":80},"geometry":{"type":"Polygon","coordinates":[[[11.869070310676383,51.14044920395917],[11.869900265502483,51.13738656883785],[11.875713221873559,51.13769607183486],[11.889023791451303,51.14187275418178],[11.893876787445137,51.14210530160135],[11.890962612503232,51.134294136563156],[11.899753978063496,51.13271334479598],[11.900028613464222,51.133753923250964],[11.910422482099928,51.13220710577092],[11.913234042352414,51.13294704041358],[11.913286061021562,51.12856394596065],[11.911309654431772,51.128470850034006],[11.908930803895618,51.12549392844722],[11.898005110133251,51.126903015207226],[11.89039229599499,51.13007146591878],[11.889963798751296,51.12770986645165],[11.880411857564585,51.1291819336669],[11.880598316435131,51.12680403953672],[11.876851229579927,51.125831390049946],[11.870107072026812,51.126018659106656],[11.867858734736682,51.1278374147172],[11.8637209947485,51.124814376779604],[11.860441000382771,51.1279943610987],[11.858495229002411,51.12699113992188],[11.849370766480464,51.128338105706106],[11.849513678936942,51.122860322091526],[11.847047018571176,51.12260307886338],[11.846980270893038,51.12550857857685],[11.844088445324738,51.124946651504835],[11.840061526989851,51.12699288428642],[11.832605336275321,51.13414942760662],[11.839625675113629,51.13717387384953],[11.83738425717423,51.13923899401723],[11.842338135475474,51.14192034402146],[11.856367810761283,51.14666307223464],[11.859633298580775,51.147225132733375],[11.862855349623954,51.14344412341989],[11.867601456005714,51.14236282445455],[11.866334898572825,51.140649872553],[11.869070310676383,51.14044920395917]]]}},{"type":"Feature","id":"15084565","properties":{"ags8":"15084565","county_ags5":"15084","state_code":"15","name_de":"Wetterzeube","valid_at":"2026-01-01","source":"BKG_VG250_2026","part_count":1,"simplified_tolerance_m":80},"geometry":{"type":"Polygon","coordinates":[[[12.054954918711049,51.0289507661933],[12.058518108168565,51.02839022202275],[12.058011274945482,51.026048155916584],[12.063416303934773,51.02584249025315],[12.070224216902119,51.027243206054884],[12.077968882550133,51.03089140070303],[12.089715810386641,51.02961504195927],[12.09122163527894,51.02642365476257],[12.100172189457195,51.0213417788384],[12.101114476759909,51.01692375686561],[12.099942247574253,51.01467778553634],[12.096535124106875,51.01329583333428],[12.09802039881085,51.00935246400527],[12.095989026134601,51.006284471112],[12.097628488180014,51.00362418512445],[12.09598489167876,51.00201875833349],[12.09865172680645,51.00159521886016],[12.095878022170057,51.00098527780975],[12.092199837053832,51.00227753187624],[12.091284162602117,51.00136309220299],[12.094874572456717,51.00042304889432],[12.094486642508205,50.99951040805622],[12.09191257951719,50.99515384632579],[12.0898334013505,50.99482225892992],[12.089575981347158,50.99271988696805],[12.084465399518917,50.992141547072],[12.084365693634783,50.98880408989584],[12.078819423523873,50.98588256849004],[12.075025267508115,50.97827537866161],[12.076254958537818,50.97838473380551],[12.076319478169564,50.974681022402216],[12.0553567537541,50.96861334728454],[12.047780350634714,50.96921827789467],[12.037484824646533,50.97293644234236],[12.023791421731348,50.96959769168198],[12.014126398346939,50.96867085475066],[12.013858742452863,50.970078231467895],[12.01096284590685,50.96999885547502],[12.01065946823226,50.97469144008995],[12.017064456451674,50.9765722820772],[12.017188182362219,50.97906123279332],[12.013675894776052,50.98239169003837],[12.014309771759876,50.98390433573662],[12.008665204937495,50.98394158995915],[12.006571244226471,50.99102414528781],[11.999335897671772,50.98863369509353],[11.996501891097607,50.99316077522139],[11.97423776914002,50.99032192521243],[11.972911021728292,50.99434335755554],[11.96987313291802,50.99432773131475],[11.96852875346074,50.99915925561673],[11.975773856578428,50.999166702447695],[11.978643928612351,51.00369612241812],[11.975218675492103,51.00682305838027],[11.974704292238332,51.00982584797533],[11.97630384365548,51.01223583424128],[11.980310204510733,51.01234535222506],[11.980080295105616,51.01434774487038],[11.975022668948563,51.01725560771668],[11.977247729876977,51.017236427435485],[11.981602537423106,51.01466137435641],[11.985834333242279,51.01583139578436],[11.989463844599289,51.01467816437756],[11.99037189648654,51.01585445464106],[11.996372572153406,51.01498498520273],[11.997120035678456,51.01826124210839],[12.000495074009857,51.020071207231545],[12.004220281548944,51.01925992226399],[12.00220461003483,51.01558555653404],[12.005216564804225,51.01299990419317],[12.010662452843683,51.01306203496779],[12.017018246400452,51.01812258531774],[12.018688461096117,51.021860427075836],[12.021701913097331,51.02237908411844],[12.021877602895165,51.02447860414602],[12.027557178901366,51.02543294158499],[12.026495782301637,51.02805649944112],[12.029898288614167,51.0306634644276],[12.047326571473105,51.03342594802201],[12.054266712663283,51.030463776823574],[12.054954918711049,51.0289507661933]]]}},{"type":"Feature","id":"15084590","properties":{"ags8":"15084590","county_ags5":"15084","state_code":"15","name_de":"Zeitz","valid_at":"2026-01-01","source":"BKG_VG250_2026","part_count":1,"simplified_tolerance_m":80},"geometry":{"type":"Polygon","coordinates":[[[12.154389597768887,51.128323470876],[12.149795397966269,51.12342070479399],[12.156240123018108,51.12008967933669],[12.157712651706778,51.120878750353306],[12.171020397222652,51.11396000685981],[12.171781429137932,51.11492062357921],[12.180011658021703,51.110706948938734],[12.178604326302013,51.10945088784499],[12.182026841246975,51.10762572501187],[12.18027362077798,51.10619302530645],[12.175242535347673,51.1085872065389],[12.173678813892408,51.10725068758897],[12.171491439452195,51.10962191117517],[12.167594800049713,51.10900264785254],[12.164608747047128,51.1066693599848],[12.161990333099606,51.10858365619713],[12.15858268873834,51.107222467560035],[12.152405518812458,51.11218659746583],[12.146771901754983,51.11119702545217],[12.15203497306356,51.10484101580921],[12.147267997626411,51.102723340446744],[12.1504170520943,51.09715128212026],[12.160797949625616,51.086123576701674],[12.169390530088743,51.08150119311223],[12.161186986964388,51.07745142488946],[12.164063049652196,51.07422622570181],[12.167858018642537,51.073600570183125],[12.169964134083195,51.071213102505496],[12.167077893335666,51.06434924725874],[12.169112914055875,51.0603977824511],[12.166752558189781,51.05941780294364],[12.168303668634007,51.056488744268734],[12.165090525745619,51.055292702446216],[12.166065368907189,51.054207824936036],[12.162934743318633,51.0525459566209],[12.167552960885207,51.047551014270184],[12.164666413005524,51.047116017558366],[12.164796334645203,51.04442344905477],[12.173008208408119,51.04440680457513],[12.174082699096399,51.043218985779376],[12.173726562169055,51.02951101074449],[12.17527512120354,51.02852580027921],[12.187797204161098,51.02908316138378],[12.193661228112527,51.0352889435168],[12.19990083132704,51.03806906571044],[12.201054692952841,51.04033817845376],[12.216394387498191,51.04132837255619],[12.225524465955264,51.04039264500091],[12.22429187074048,51.04371381422799],[12.228504219330164,51.04488443230742],[12.224318443762217,51.05325322977651],[12.231702414931807,51.05532260792235],[12.240686354960657,51.05601606553284],[12.242187526141018,51.052823358003366],[12.241855615308735,51.0449550196267],[12.250460368369163,51.04446693815478],[12.250982833154335,51.04166912487808],[12.244184124109589,51.042716000469746],[12.24395380070701,51.038388803926175],[12.236240820156816,51.036960876407726],[12.237531502327332,51.03281645768601],[12.240126731165669,51.03427173252034],[12.240702351480119,51.03289542507647],[12.238912505218035,51.03189344598034],[12.240356121771589,51.02897637642989],[12.237689968321028,51.027144172249706],[12.23993606832033,51.0212067407657],[12.23860285962547,51.02028164581621],[12.242893012574626,51.01863359047154],[12.246380284133448,51.01357869316391],[12.249541286368261,51.0129360293414],[12.251516382409323,51.008946387937506],[12.256270107818853,51.01016183235711],[12.259406303159782,51.00897152849925],[12.263893540279296,51.01180168399941],[12.268905227538939,51.013030717260996],[12.271925995220826,51.00919582696924],[12.277081427049438,51.00784831740494],[12.27789476128593,51.00579740493037],[12.26568683762418,50.991976567577325],[12.25526340777368,50.98479332517359],[12.2444299306517,50.98021689205909],[12.236775996459503,50.97188935397188],[12.231528541404552,50.973749491852615],[12.228663090248848,50.97259507900785],[12.22891816021413,50.97408527733608],[12.207455138991907,50.971504027622224],[12.204779713850774,50.97239821559291],[12.202860695326748,50.974874252177415],[12.207431659630437,50.97745327260671],[12.20455470684873,50.9817973416761],[12.208310052044151,50.98833935145107],[12.203987787936313,50.989266496202845],[12.206751485774573,50.995520359709715],[12.202107944210185,50.996246971297566],[12.188186802693414,50.99510343735596],[12.183014879188303,50.998334071589085],[12.180288652272209,51.003078649823365],[12.178583589253972,51.00441294390436],[12.174839302095561,51.00433817486926],[12.170207130980307,51.00985280220344],[12.170596559403817,51.02027722011473],[12.163077493185728,51.016573005980376],[12.163387127565287,51.019777348176234],[12.157630229274282,51.01934973059017],[12.158353190990272,51.02943371642499],[12.149936482310334,51.02752821986581],[12.150328274579747,51.02490377987689],[12.147145318286979,51.02247389971953],[12.145771125395957,51.026372148707466],[12.13952073856856,51.03188081367575],[12.136539573740835,51.028437024209175],[12.13257512299169,51.026899682131095],[12.131073364373151,51.02756040282327],[12.130503063780235,51.02512357834404],[12.128965894672668,51.0252561963198],[12.13080998719581,51.03009223433266],[12.126736946300479,51.034783826285995],[12.115117579656294,51.03846021200971],[12.10644457218592,51.04375878711288],[12.103784995032393,51.04157251789145],[12.101706261642706,51.04296900985828],[12.104485893446826,51.045324664547906],[12.101275674742762,51.04703368970293],[12.1047155623145,51.0527820794868],[12.11106455617013,51.05017470004357],[12.113809346962771,51.05232363543103],[12.107189571827428,51.05289200893796],[12.10795454262484,51.056207370565815],[12.115778275323546,51.058741434554065],[12.112085808751404,51.057864956024666],[12.110755528251005,51.059812039878956],[12.11122408519549,51.06256480241866],[12.114146066533404,51.06386070591664],[12.112802786661474,51.06652232551248],[12.113779368480863,51.071141997287356],[12.106790678770784,51.07185940239035],[12.106482867675386,51.074104506763106],[12.102171076261936,51.07375880898445],[12.098361567265012,51.073064095409954],[12.098733700386852,51.07060214951241],[12.095703145877957,51.07136358632308],[12.09435654890062,51.06959110543995],[12.089243038932924,51.072090705909545],[12.082522877366186,51.07022916442175],[12.079896228556233,51.06776292494768],[12.079143764126112,51.07418067903831],[12.06901001807731,51.074266255515724],[12.066479003420328,51.07765758620124],[12.064148546039558,51.078108358330724],[12.051588799148803,51.07676412568299],[12.04622377163651,51.082090919535915],[12.045430850682338,51.08401826989407],[12.04930136965266,51.08525385939603],[12.050188021221189,51.08741091858234],[12.05509910262397,51.087455506162165],[12.055050478938938,51.08938482273981],[12.057537971720672,51.091399382897805],[12.056833655647557,51.09339701088733],[12.076186723871563,51.09293500463602],[12.075437057789639,51.09535001827235],[12.084278984140497,51.09737335175162],[12.083933245828087,51.09942577841578],[12.096798778798172,51.10231560314658],[12.103222129941862,51.10577335748729],[12.101284609169547,51.116293242427304],[12.109623351593994,51.11637661490513],[12.109904274823345,51.11417688531484],[12.1149986096158,51.11395150297517],[12.128023127228666,51.11627173091575],[12.127513836113195,51.12141088597341],[12.130906532281164,51.127497314428815],[12.135973662482465,51.12868369917594],[12.139872427420094,51.125085938154164],[12.143154226478307,51.12543985416468],[12.149437195526133,51.13022039260733],[12.154389597768887,51.128323470876]]]}},{"type":"Feature","id":"15085040","properties":{"ags8":"15085040","county_ags5":"15085","state_code":"15","name_de":"Ballenstedt","valid_at":"2026-01-01","source":"BKG_VG250_2026","part_count":1,"simplified_tolerance_m":80},"geometry":{"type":"Polygon","coordinates":[[[11.273567183115516,51.79475524231714],[11.271126306407355,51.78509394774439],[11.278026347058596,51.77210048190824],[11.277157428669089,51.770831649196836],[11.284027870297159,51.76701831654617],[11.288700247832592,51.766558860868415],[11.297949094099941,51.761521821346136],[11.297321648593728,51.759332388465666],[11.300526383605845,51.75938275005177],[11.297169149729347,51.75675810081857],[11.298204872087513,51.75429747254355],[11.300715763442607,51.75447844881928],[11.301489656361682,51.75232308047167],[11.306022540338551,51.75127573347461],[11.30622868046911,51.74981691440323],[11.309376861717718,51.74998437041778],[11.312633236791056,51.74740498034396],[11.31326229900862,51.743534316606514],[11.31118091244662,51.743026797181855],[11.31074398223213,51.74045680986953],[11.307897066335316,51.7400804214695],[11.307803120360642,51.741322569528705],[11.304077513430052,51.74170256257191],[11.30651955461876,51.73264975380105],[11.29859712858255,51.73198373364527],[11.299221628941806,51.72958646504516],[11.28762703914135,51.72848562630905],[11.288029652481022,51.72102462111382],[11.274572756213752,51.72073258378506],[11.274961563210889,51.71880198312917],[11.268115081206428,51.710539964397306],[11.270041364287357,51.710498697269806],[11.269452352338968,51.7080005691317],[11.255224385829457,51.70190600638229],[11.24821293854825,51.696043538640545],[11.247199921929079,51.69143591622702],[11.240155435699808,51.69190639819807],[11.231581565529522,51.69020037622757],[11.215615551016882,51.68993433635498],[11.205587008974746,51.68728664151009],[11.20855204415794,51.68154716294811],[11.204981910835413,51.675270956562045],[11.205588914490916,51.67053517685788],[11.17734037110488,51.6750366563424],[11.168531317229448,51.67237024101997],[11.168540119687105,51.66893315190765],[11.164230364215046,51.66805779304164],[11.161358329059711,51.6655458839692],[11.158270099680431,51.665077308149],[11.156239202456852,51.66670796128372],[11.150101697171134,51.66590332157441],[11.149036326222504,51.66905119195095],[11.146847953648798,51.6675963798187],[11.142319284517791,51.66757608482332],[11.139716442423689,51.66870575397901],[11.14276815478872,51.66966082044069],[11.14357391946131,51.67242734040437],[11.151600434238665,51.67519927111817],[11.149704591387888,51.68230787807526],[11.157859568184133,51.68883018275303],[11.155793990392654,51.691144728617225],[11.155574972248784,51.696057968555195],[11.149379921778355,51.70122005879254],[11.152611036118262,51.704431974241054],[11.152192295744223,51.70755601430435],[11.160846286468898,51.71519987671322],[11.16246901416785,51.718240559782224],[11.161473589865126,51.7199711086411],[11.163436831880263,51.72081972021899],[11.160836831970926,51.72455609468068],[11.16437631304839,51.73173323329706],[11.156012805451168,51.73156460222063],[11.151860354239217,51.741382136194005],[11.155976316477703,51.74719324532984],[11.15789834931014,51.757276283245325],[11.172820351962105,51.756821247789986],[11.19504758436376,51.75814489545623],[11.216004623179831,51.756076253581504],[11.216524616572624,51.75956741858638],[11.231658584468162,51.76798764144862],[11.225942223914059,51.76867952171868],[11.228284692375606,51.77372103247308],[11.231512869167917,51.77336829174862],[11.239014314865882,51.78539292720677],[11.246448568875135,51.7854172822522],[11.24691560894134,51.789492866313225],[11.254401851674158,51.78916174542708],[11.258561909814437,51.798018842477134],[11.273567183115516,51.79475524231714]]]}},{"type":"Feature","id":"15085055","properties":{"ags8":"15085055","county_ags5":"15085","state_code":"15","name_de":"Blankenburg (Harz)","valid_at":"2026-01-01","source":"BKG_VG250_2026","part_count":1,"simplified_tolerance_m":80},"geometry":{"type":"Polygon","coordinates":[[[10.922531154467313,51.901064533981426],[10.923783243101644,51.899665771967555],[10.945175407687001,51.89690690440424],[10.94555732096616,51.89581701262425],[10.951836143434974,51.897034693112325],[10.953135945404659,51.89614818090006],[10.954607334331216,51.89206757441361],[10.952570371818451,51.8919134291066],[10.95334678977002,51.886666050708584],[10.946858471506733,51.8861778804676],[10.946928195056415,51.8843964930064],[10.95429325232515,51.88390978613143],[10.96471324015759,51.88509288975186],[10.966739525147437,51.87856313098075],[10.982307678189605,51.88164282006337],[10.982941491429578,51.8797599689485],[10.97432452541557,51.87581991993411],[10.974715720397448,51.87277182784811],[10.972332615143824,51.872702858729646],[10.97395595629877,51.8653109570439],[10.971183455240691,51.865413984766576],[10.970471635602971,51.860411109360804],[10.969609001470792,51.865586827603785],[10.959016350326781,51.866503088920645],[10.952632187131467,51.86305526715871],[10.955829014523935,51.84857797178942],[10.958111869687405,51.845933439032954],[10.956454478219685,51.845768904448235],[10.958866318908376,51.842970930210576],[10.955748441520052,51.84052710546716],[10.9622553903556,51.83775824013989],[10.972872154549394,51.84210634681173],[10.972595314013073,51.839219812602025],[10.982199379337693,51.83558287671893],[10.993740189576123,51.83930466021888],[10.997711163205459,51.8332519022761],[11.005698025084914,51.833326088878636],[11.009416033187755,51.832104749866104],[11.011165885200755,51.8327719117718],[11.012207056414754,51.83626679126118],[11.022671744857819,51.833763421296],[11.024493372032794,51.83765287471417],[11.026270966669356,51.83770451003831],[11.038368076750745,51.83271675618507],[11.04307751749879,51.83167538052167],[11.04451592183143,51.833096882030105],[11.056383643129658,51.830978335561575],[11.055277389885399,51.82583404394076],[11.049073549939308,51.82521698688662],[11.041503048946149,51.81688910126389],[11.043297987348257,51.81595453393316],[11.029110239349894,51.81157984758987],[11.024011796747267,51.812258651052076],[11.021484821239927,51.80910472061599],[11.009191483587585,51.806726432374035],[11.009190795056414,51.80109106587837],[11.011686582309327,51.80158210347991],[11.015245353442927,51.79677077811347],[11.017800965594876,51.799512400947755],[11.023792792423174,51.796940238411146],[11.019387512959282,51.79358613730044],[11.022147303725339,51.7922365870864],[11.01873968796947,51.78960953947991],[11.019815618280798,51.787871830016066],[11.016939612738781,51.78496971157798],[11.01416961615727,51.78596396051152],[11.012127067908505,51.78394706614272],[11.016371694165912,51.782210422361565],[11.018383775020622,51.78441465133017],[11.022775507715501,51.78287504596436],[11.022176520309928,51.78756458855882],[11.032823548941009,51.78605937791417],[11.033442121802642,51.787118613089255],[11.03788839801132,51.78776422685416],[11.038163141124986,51.78583532342701],[11.03547484354544,51.78044921488221],[11.031253996024061,51.778591243698656],[11.03137832356321,51.77634315190933],[11.03375629938582,51.77626106163134],[11.03449224235883,51.77016673679757],[11.032622065850882,51.76485379847771],[11.030202848476323,51.765355130661696],[11.027769958660592,51.76245372965217],[11.028897038407727,51.761109457238355],[11.020151749273522,51.761386113832906],[11.01001709954285,51.76358391290035],[11.009277950329752,51.76265881197938],[11.012759831622281,51.761882129362625],[11.013536011779621,51.75836531101573],[11.009395273043097,51.756233129417254],[11.012307987465215,51.75486216547922],[11.012793963633325,51.752961893404944],[11.01631139702771,51.75348328549736],[11.012990641433518,51.75111684747751],[11.015135606569755,51.74784728999851],[11.00200394190791,51.7402086291537],[10.998621405431493,51.7464352897825],[10.992637114819429,51.74882367261128],[10.989869052948281,51.74806609473859],[10.98963036901829,51.74650849970031],[10.984131312314233,51.74547182958579],[10.983052243937424,51.74073530454735],[10.980313169624694,51.739325063646206],[10.966720643924374,51.73707776298924],[10.964884046849118,51.73742773815581],[10.96376264870022,51.73987596263456],[10.961058144346357,51.74050108809644],[10.946816750580327,51.73798395180699],[10.943805136711669,51.743038927871346],[10.941088433897429,51.74383173160453],[10.934174806502016,51.74980364811638],[10.936329306185582,51.75079428972583],[10.934668481150963,51.752941445469226],[10.925248031134029,51.751232456149445],[10.919610614947088,51.75427596317655],[10.916661732578953,51.751643797906475],[10.912207355245442,51.75191521965581],[10.910956969961797,51.748512618447975],[10.90411041013754,51.74732404724502],[10.90208463337305,51.75123268542206],[10.90548350833436,51.752073364351894],[10.899705804983098,51.75269572991319],[10.900416902846743,51.75444754472561],[10.89405032882819,51.7574195690614],[10.888015576297738,51.75689073233068],[10.882353145460165,51.76272052420997],[10.874358011043022,51.76186445081768],[10.867913064958078,51.75905091665657],[10.867070251591796,51.76060083228465],[10.869755678460145,51.761182771835436],[10.868947813333522,51.765110958396484],[10.873261037833613,51.7677692400305],[10.871291599895399,51.76892782505128],[10.86876934372284,51.76823116825246],[10.8611557075264,51.76977685301623],[10.858883971076933,51.768533323175575],[10.858795486765448,51.76650051531959],[10.845909596541315,51.7676042434549],[10.837782628602154,51.765693377659986],[10.835683184428193,51.767103643880084],[10.829172647367454,51.76620867301416],[10.83496655846268,51.77533225836411],[10.831268966986132,51.77936380129017],[10.843516534839857,51.776477251331],[10.850012045559088,51.78079460108545],[10.851596899584486,51.78060965101071],[10.852103682567021,51.782786900493186],[10.85690928847765,51.7830046671816],[10.859524150105399,51.78169236562558],[10.863998152985983,51.78256030754584],[10.85939179870074,51.78726352900656],[10.852795952692224,51.78562577723863],[10.84341299959748,51.79161756588939],[10.849139327631438,51.79491130582668],[10.847395589205588,51.79644571559921],[10.84934794833685,51.799417592696116],[10.858443309810834,51.802871826984386],[10.861732445643254,51.805938402709124],[10.86345228552545,51.810520994795894],[10.876438318007786,51.81193781206953],[10.883149338576017,51.81437217389065],[10.889751986758771,51.814233720261655],[10.894184854075823,51.816620946892016],[10.900626635970486,51.8163115036674],[10.89360574333819,51.823513624893984],[10.890865843335646,51.82395447804239],[10.89213819492664,51.825627717967606],[10.888889974058086,51.8266856640754],[10.889610409350311,51.82828274652393],[10.88498759858093,51.83035426098163],[10.887275126064436,51.835318861101904],[10.891884109387517,51.83432319973136],[10.892966805060611,51.835273165660396],[10.893720511216813,51.838941652490426],[10.889379487377584,51.857270417318105],[10.88773706613629,51.856622721824905],[10.887153456829568,51.860313779770316],[10.885496139590764,51.859795549401056],[10.884608953594032,51.865220102323505],[10.880149859214649,51.86367821864685],[10.880013315608531,51.86646729323989],[10.875420541770461,51.86809211078189],[10.866934226911406,51.86626553947374],[10.863429867144475,51.87300624370362],[10.862824950045603,51.88335186149316],[10.866707137271439,51.88316890556745],[10.867413029378318,51.88778143040128],[10.873630292400039,51.890748556004496],[10.875075325342086,51.893208773516065],[10.884628548933337,51.889894874791224],[10.88894652520174,51.88991680231912],[10.895412184691052,51.89952066300469],[10.910045439233729,51.90006478417878],[10.911859574602284,51.904493292293274],[10.913169193799751,51.90457870247459],[10.913275471572899,51.9018706888896],[10.922531154467313,51.901064533981426]]]}},{"type":"Feature","id":"15085090","properties":{"ags8":"15085090","county_ags5":"15085","state_code":"15","name_de":"Ditfurt","valid_at":"2026-01-01","source":"BKG_VG250_2026","part_count":1,"simplified_tolerance_m":80},"geometry":{"type":"Polygon","coordinates":[[[11.236507266064919,51.852403697374015],[11.236575204888892,51.849475639922204],[11.231920382619982,51.84715904102942],[11.23375489236275,51.84652886590649],[11.231677773548302,51.844018678598665],[11.234583868055902,51.84289348696105],[11.23294205803455,51.841392661459636],[11.236554241668733,51.83991521883535],[11.231041737549553,51.83626313614582],[11.229411813924496,51.8333224666832],[11.230487038370827,51.832461229908965],[11.224930998341492,51.83033776330952],[11.23155281554091,51.827256831100335],[11.223538834115802,51.82333101402105],[11.241304830963028,51.8128456602329],[11.237651494051374,51.81056914498376],[11.240158312833326,51.808233858647284],[11.230440140638887,51.80508643735039],[11.224628472456299,51.80555390046496],[11.224579944175783,51.807065544554966],[11.203517242805876,51.81296124243501],[11.206189938731818,51.81444489702379],[11.20463985696154,51.816025055637645],[11.193368640023056,51.81687789038616],[11.19196414325973,51.815194833853276],[11.180609915320163,51.81418977906482],[11.179712786126117,51.818045435148576],[11.167243036205612,51.8179812815236],[11.165196313173375,51.82096145660918],[11.16703894945055,51.82543714804487],[11.164844443682806,51.82509243499499],[11.164872228390061,51.82699643301729],[11.149307898986264,51.83367980150344],[11.149990002886554,51.836707698452365],[11.147237183656602,51.84021316017797],[11.14878815410204,51.84306539363733],[11.152502638067844,51.84282013617191],[11.153742516990905,51.844207680856364],[11.150403198986538,51.84530553246985],[11.151476263822921,51.847215775519665],[11.156531514130503,51.845244810551364],[11.157424318374076,51.84672419455685],[11.166382117887565,51.84348069778606],[11.174626048852701,51.85389638666413],[11.179498817986431,51.85139472499407],[11.1871511194231,51.860823374450916],[11.201595614202054,51.8581570870853],[11.23238896343165,51.85592907202822],[11.236507266064919,51.852403697374015]]]}},{"type":"Feature","id":"15085110","properties":{"ags8":"15085110","county_ags5":"15085","state_code":"15","name_de":"Falkenstein/Harz","valid_at":"2026-01-01","source":"BKG_VG250_2026","part_count":1,"simplified_tolerance_m":80},"geometry":{"type":"Polygon","coordinates":[[[11.376559297659162,51.77464705682314],[11.399499010061305,51.76944654598655],[11.397200326930147,51.766629731669994],[11.397897743432067,51.76502963260434],[11.400195848664914,51.76484557366833],[11.399761591298931,51.762278120523234],[11.403935126949419,51.76188930540936],[11.395342919933409,51.75815539358379],[11.402942132294486,51.756100496558695],[11.403616978972655,51.751381171888674],[11.40887095844385,51.75027038955857],[11.406179684171446,51.74539688591841],[11.402592738186312,51.744299705057315],[11.407392267543493,51.74296752784879],[11.398665220474763,51.733992518857896],[11.400554092575163,51.732790619937184],[11.397771548276511,51.73128233005694],[11.401613432420582,51.72993963585817],[11.390598697469347,51.7137514221507],[11.395148210507363,51.71321722606542],[11.39161600242183,51.70690303716821],[11.396027634294258,51.69926753331863],[11.384925424343203,51.6949157282136],[11.381605954777912,51.69169271023656],[11.379852729842574,51.69160679888002],[11.377559334994201,51.695051563903384],[11.37308923779371,51.69446386594695],[11.373501554665546,51.69104208999766],[11.368126745312962,51.690811753590516],[11.362682262278227,51.69225505889186],[11.356108165325574,51.689828737077676],[11.357279024706765,51.68742714828442],[11.350928207193029,51.68683424052758],[11.341076068489292,51.683339237243125],[11.338934385133845,51.68140254538275],[11.339384907379669,51.678828550128436],[11.334369188869454,51.67884023766685],[11.333975990874825,51.67617699777283],[11.331650467660394,51.674622329518876],[11.332094963013237,51.667625418688644],[11.325960466521245,51.669224852958486],[11.326375444774941,51.6681693434788],[11.321649610302499,51.66524237357929],[11.313856716787058,51.66308309247482],[11.306448800275687,51.6589234162104],[11.305350969066403,51.66229565165212],[11.289377599061282,51.65963241564904],[11.291298764296213,51.657802249162124],[11.294270211723735,51.657323492531006],[11.292392913321358,51.65583364937849],[11.294545683241745,51.65070009511001],[11.287105787699646,51.65034502325331],[11.28716747249997,51.648887152124516],[11.279583383018794,51.65023293782544],[11.278473336888261,51.64959249481535],[11.281480288631924,51.64529023801537],[11.278084580593996,51.644592909491784],[11.274839251085606,51.646791424109544],[11.273324003102552,51.64411518069469],[11.271446988636203,51.64368429678119],[11.26975752000686,51.646446771231076],[11.264996789673576,51.64663440207176],[11.263891132072953,51.64574140469404],[11.258556201373372,51.64681608431077],[11.254869491147184,51.643366985919414],[11.251823848688264,51.64281961233283],[11.252290804183312,51.63955985428899],[11.250091644259125,51.63859319925764],[11.237244108548795,51.642569594771665],[11.235451482176588,51.64510245926061],[11.236645112925212,51.64557109748553],[11.23496671316886,51.65303206170726],[11.228468629058192,51.65357287544099],[11.225090881943785,51.659468404221265],[11.215583122868622,51.6610557494204],[11.214475728826736,51.66424722249916],[11.208245184795462,51.664545608158186],[11.204034844045294,51.66706809859947],[11.206251514536623,51.67198556694629],[11.204981910835413,51.675270956562045],[11.208537959966774,51.68063860271306],[11.205587008974746,51.68728664151009],[11.215615551016882,51.68993433635498],[11.231581565529522,51.69020037622757],[11.240155435699808,51.69190639819807],[11.247199921929079,51.69143591622702],[11.24821293854825,51.696043538640545],[11.255224385829457,51.70190600638229],[11.269452352338968,51.7080005691317],[11.270041364287357,51.710498697269806],[11.268115081206428,51.710539964397306],[11.274961563210889,51.71880198312917],[11.274572756213752,51.72073258378506],[11.288029652481022,51.72102462111382],[11.28762703914135,51.72848562630905],[11.299221628941806,51.72958646504516],[11.29859712858255,51.73198373364527],[11.30651955461876,51.73264975380105],[11.304077513430052,51.74170256257191],[11.307803120360642,51.741322569528705],[11.307897066335316,51.7400804214695],[11.31074398223213,51.74045680986953],[11.31118091244662,51.743026797181855],[11.31326229900862,51.743534316606514],[11.312633236791056,51.74740498034396],[11.309376861717718,51.74998437041778],[11.30622868046911,51.74981691440323],[11.306022540338551,51.75127573347461],[11.301489656361682,51.75232308047167],[11.300715763442607,51.75447844881928],[11.298204872087513,51.75429747254355],[11.297169149729347,51.75675810081857],[11.298831108559526,51.75873368815387],[11.312326263613139,51.75978204564538],[11.316293293876758,51.75824058817048],[11.326029013689718,51.75790321981252],[11.330109143644373,51.76065459148765],[11.33080493747764,51.763834438276895],[11.333972791204037,51.766377480385266],[11.334037622827756,51.76992366706128],[11.33668777063121,51.774060277604754],[11.34264031705624,51.77226858963153],[11.346655435137038,51.77867291521351],[11.376559297659162,51.77464705682314]]]}},{"type":"Feature","id":"15085125","properties":{"ags8":"15085125","county_ags5":"15085","state_code":"15","name_de":"Groß Quenstedt","valid_at":"2026-01-01","source":"BKG_VG250_2026","part_count":1,"simplified_tolerance_m":80},"geometry":{"type":"Polygon","coordinates":[[[11.09165420433352,51.95493704701698],[11.091780364756398,51.95232773497659],[11.094077361713062,51.952082407424726],[11.09581462631263,51.952451531527124],[11.095810165500742,51.95433160698346],[11.103106558195671,51.954510743767045],[11.110949603130027,51.953112418787526],[11.130376130306631,51.9524533743688],[11.130710842793636,51.95034665090279],[11.139583024733957,51.94977755285326],[11.13947478308963,51.94208694668526],[11.141644488215336,51.940096240999274],[11.148988511034464,51.9403800588911],[11.149819646135349,51.93925688261174],[11.155052346707995,51.94032002287769],[11.148013814791007,51.935626896063866],[11.132780682413395,51.932767352316084],[11.13050127799521,51.93033866258311],[11.125523732177557,51.929138183577734],[11.118416780026427,51.924135176729244],[11.118995866482019,51.922854788675416],[11.116311748075159,51.92232899373127],[11.11512692851629,51.92400830957641],[11.110916778488415,51.921439280869635],[11.113088274341727,51.91308916848781],[11.100263467577575,51.91537983251351],[11.102673824370259,51.917200310363995],[11.094385841026469,51.91621859153762],[11.094906165704042,51.918650863725546],[11.089883937826183,51.916312413860425],[11.085767226992267,51.917784320607915],[11.087224663024987,51.91901507662213],[11.08501146469065,51.9207239616931],[11.080146187293584,51.919311631751185],[11.079961164154227,51.9259291598883],[11.077391739192866,51.92670328658444],[11.076492966056982,51.93157821422631],[11.072725608550881,51.93400721408179],[11.071560479969685,51.93740412558839],[11.074672339444787,51.9372002275518],[11.074071581092985,51.95300818376381],[11.09165420433352,51.95493704701698]]]}},{"type":"Feature","id":"15085135","properties":{"ags8":"15085135","county_ags5":"15085","state_code":"15","name_de":"Halberstadt","valid_at":"2026-01-01","source":"BKG_VG250_2026","part_count":1,"simplified_tolerance_m":80},"geometry":{"type":"Polygon","coordinates":[[[11.041932884555138,51.957197825738355],[11.050661923252735,51.95663602259453],[11.052031909890475,51.95435383443398],[11.070769520065458,51.95438237968043],[11.071223727079785,51.95345366961483],[11.075209689948336,51.953209583257205],[11.074672339444787,51.9372002275518],[11.071560479969685,51.93740412558839],[11.072725608550881,51.93400721408179],[11.076492966056982,51.93157821422631],[11.077391739192866,51.92670328658444],[11.079961164154227,51.9259291598883],[11.080146187293584,51.919311631751185],[11.08501146469065,51.9207239616931],[11.087224663024987,51.91901507662213],[11.085767226992267,51.917784320607915],[11.089883937826183,51.916312413860425],[11.094906165704042,51.918650863725546],[11.094385841026469,51.91621859153762],[11.102673824370259,51.917200310363995],[11.100263467577575,51.91537983251351],[11.113088274341727,51.91308916848781],[11.110916778488415,51.921439280869635],[11.11512692851629,51.92400830957641],[11.116311748075159,51.92232899373127],[11.118995866482019,51.922854788675416],[11.118416780026427,51.924135176729244],[11.125523732177557,51.929138183577734],[11.13050127799521,51.93033866258311],[11.132780682413395,51.932767352316084],[11.148013814791007,51.935626896063866],[11.158634735689494,51.94146067317086],[11.161661400946201,51.940409386174686],[11.161832580470858,51.9341744853743],[11.169868400605282,51.920267701173785],[11.170764527641932,51.921000483138606],[11.174976430476963,51.91690666031879],[11.173001507239169,51.91401551984408],[11.168993184644673,51.91049036562221],[11.165896713447722,51.911599701244995],[11.155141200315992,51.91063891003826],[11.14792835810763,51.90717415726344],[11.147250634304488,51.90554063347414],[11.143983362677089,51.90486571040401],[11.142298633276003,51.900907722817124],[11.140026966200441,51.89965158248759],[11.136425224034287,51.900148623388425],[11.133796858103334,51.90204295889353],[11.132825747442395,51.901381701613246],[11.126535843931807,51.902843090589656],[11.122813021715071,51.895103481378726],[11.10981632167498,51.89565542098837],[11.108129826595876,51.89042028581341],[11.085801428910795,51.892381249351494],[11.086762296726365,51.887703007299244],[11.085030286867122,51.88380113056855],[11.078228641646596,51.87946532596568],[11.077318403737495,51.875994544496315],[11.084038567860349,51.87227249848553],[11.078231820931032,51.87240982486416],[11.075216274447842,51.87111539634607],[11.072437304052716,51.85911982704335],[11.058348855108937,51.84138585566548],[11.056383643129658,51.830978335561575],[11.04451592183143,51.833096882030105],[11.04307751749879,51.83167538052167],[11.038368076750745,51.83271675618507],[11.026270966669356,51.83770451003831],[11.024493372032794,51.83765287471417],[11.022671744857819,51.833763421296],[11.012207056414754,51.83626679126118],[11.01020036231603,51.83212836804816],[11.005698025084914,51.833326088878636],[10.999911991012578,51.83268491267683],[10.997091540652539,51.833686297390855],[10.993740189576123,51.83930466021888],[10.982199379337693,51.83558287671893],[10.972595314013073,51.839219812602025],[10.972872154549394,51.84210634681173],[10.9622553903556,51.83775824013989],[10.955748441520052,51.84052710546716],[10.958866318908376,51.842970930210576],[10.956454478219685,51.845768904448235],[10.958111869687405,51.845933439032954],[10.955829014523935,51.84857797178942],[10.952632187131467,51.86305526715871],[10.959016350326781,51.866503088920645],[10.969609001470792,51.865586827603785],[10.970471635602971,51.860411109360804],[10.971183455240691,51.865413984766576],[10.97395595629877,51.8653109570439],[10.972332615143824,51.872702858729646],[10.974715720397448,51.87277182784811],[10.97432452541557,51.87581991993411],[10.982941491429578,51.8797599689485],[10.982307678189605,51.88164282006337],[10.966739525147437,51.87856313098075],[10.96471324015759,51.88509288975186],[10.95429325232515,51.88390978613143],[10.946928195056415,51.8843964930064],[10.946858471506733,51.8861778804676],[10.95334678977002,51.886666050708584],[10.952570371818451,51.8919134291066],[10.954607334331216,51.89206757441361],[10.951836143434974,51.897034693112325],[10.94555732096616,51.89581701262425],[10.945175407687001,51.89690690440424],[10.913275471572899,51.9018706888896],[10.913169193799751,51.90457870247459],[10.911859574602284,51.904493292293274],[10.91400021492685,51.90800309100618],[10.913142739002724,51.9160750056261],[10.907817523972263,51.91755964698204],[10.907915030816929,51.92032091149941],[10.916910402018454,51.923225466885626],[10.916928602151982,51.92759393505532],[10.913259968055563,51.92737285853828],[10.90915507025736,51.92879033435464],[10.909138218386966,51.93176786868579],[10.904561764885186,51.93094695129408],[10.888907155751523,51.93803354578274],[10.883370562754678,51.93728691219129],[10.88177829633809,51.93830850772808],[10.88195837463207,51.94934519986173],[10.889180145661301,51.946119464739056],[10.888515009817318,51.95004359757768],[10.89629212941248,51.95044972602751],[10.896660323302562,51.94927011259292],[10.89986681275046,51.949059080657314],[10.899382097929923,51.94756988720955],[10.902571783997553,51.947775026030946],[10.902253110191268,51.950612328554406],[10.90720093859296,51.94914844887417],[10.908919726917318,51.95182721432075],[10.91307535683397,51.951355898137685],[10.916430919595463,51.94765041132355],[10.924252728201497,51.95379179163254],[10.926393839589748,51.95208956614491],[10.923843315882033,51.94753837143784],[10.925382993557745,51.94744362600807],[10.928319404169933,51.95252038794925],[10.929813348076898,51.95266375262464],[10.926948910167956,51.947231289933335],[10.929618011300668,51.94625018455474],[10.929347804524275,51.94489322997103],[10.930869165120743,51.944644486713784],[10.93146243557059,51.947340943523855],[10.932915458071157,51.94706580514112],[10.93477124228579,51.95165940964512],[10.93923879668961,51.95068574733146],[10.936037446146862,51.9439837693546],[10.937864942428495,51.94379855541315],[10.940736073318075,51.95046432275603],[10.954790005771825,51.94815360317475],[10.954907346829463,51.94556985255624],[10.956643700644921,51.94559181182831],[10.956153351586686,51.94816265106419],[10.96294798209097,51.94879091656077],[10.965176249950558,51.94542043162227],[10.971888093453122,51.94697669855802],[10.970340872814372,51.950053065287086],[10.975321980990161,51.95124708698742],[10.97649177004472,51.94931903380574],[10.986425837900574,51.95124882719971],[10.98728181636155,51.94953975375341],[10.989002061230867,51.951912730157],[10.992670660802585,51.95277820969198],[10.997490775006368,51.948684371782505],[11.003683893436234,51.95249410037172],[11.004418110567448,51.95114693226562],[11.018241968587382,51.95061976882041],[11.019826449836737,51.949146605391384],[11.024566728689242,51.94994438514884],[11.024500759914956,51.95305708777548],[11.027755264693072,51.953744340434675],[11.026726681675552,51.95167095849191],[11.034672417782932,51.952660999475896],[11.038669918418945,51.95338059534727],[11.03851580332191,51.95511740743965],[11.041985289251826,51.95548845961769],[11.041932884555138,51.957197825738355]]]}},{"type":"Feature","id":"15085140","properties":{"ags8":"15085140","county_ags5":"15085","state_code":"15","name_de":"Harsleben","valid_at":"2026-01-01","source":"BKG_VG250_2026","part_count":1,"simplified_tolerance_m":80},"geometry":{"type":"Polygon","coordinates":[[[11.10981632167498,51.89565542098837],[11.128464812387085,51.89485951711483],[11.129215069617777,51.89347507753309],[11.128446595885901,51.887686105873705],[11.130145754872526,51.88756016252998],[11.131085354628654,51.88488459417623],[11.130327152386483,51.88012835450003],[11.134870154897651,51.88048498674879],[11.135307363418734,51.87874514969298],[11.14252001978917,51.87334353969445],[11.13907923286325,51.872561475156765],[11.14118147874092,51.86807922896167],[11.13774773627789,51.848063964618575],[11.135362551608022,51.847842860749154],[11.13517467770637,51.843830205999666],[11.119034122274735,51.84552722838179],[11.107849350277123,51.8389100899138],[11.108492342057392,51.83812415359515],[11.095459191254484,51.82730642141512],[11.090101125815885,51.82883269368436],[11.085724653112882,51.827020828837334],[11.079473762711475,51.82752830067984],[11.057670073915094,51.83843678749273],[11.057674687833355,51.839675316359575],[11.072437304052716,51.85911982704335],[11.075216274447842,51.87111539634607],[11.078231820931032,51.87240982486416],[11.084038567860349,51.87227249848553],[11.077318403737495,51.875994544496315],[11.078228641646596,51.87946532596568],[11.085030286867122,51.88380113056855],[11.086762296726365,51.887703007299244],[11.085801428910795,51.892381249351494],[11.108129826595876,51.89042028581341],[11.10981632167498,51.89565542098837]]]}},{"type":"Feature","id":"15085145","properties":{"ags8":"15085145","county_ags5":"15085","state_code":"15","name_de":"Harzgerode","valid_at":"2026-01-01","source":"BKG_VG250_2026","part_count":1,"simplified_tolerance_m":80},"geometry":{"type":"Polygon","coordinates":[[[11.095223816648913,51.6795448183376],[11.107089146821803,51.67591843904354],[11.11370704603216,51.67550343454877],[11.122318534781703,51.66967429236339],[11.12138036430203,51.66636859837221],[11.123810328690304,51.665107957872635],[11.12750874774902,51.665784352642575],[11.12588745563759,51.669940298992415],[11.129882671084921,51.67008102077906],[11.13481591991913,51.67004564351597],[11.142319284517791,51.66757608482332],[11.146847953648798,51.6675963798187],[11.149036326222504,51.66905119195095],[11.150101697171134,51.66590332157441],[11.156239202456852,51.66670796128372],[11.158270099680431,51.665077308149],[11.160516968190302,51.66538865060136],[11.164230364215046,51.66805779304164],[11.168540119687105,51.66893315190765],[11.168531317229448,51.67237024101997],[11.17734037110488,51.6750366563424],[11.205588914490916,51.67053517685788],[11.204034844045294,51.66706809859947],[11.20755543496722,51.66484662324866],[11.213485477938892,51.66475700827458],[11.215583122868622,51.6610557494204],[11.225090881943785,51.659468404221265],[11.228468629058192,51.65357287544099],[11.23496671316886,51.65303206170726],[11.236645112925212,51.64557109748553],[11.235451482176588,51.64510245926061],[11.237244108548795,51.642569594771665],[11.233743711021654,51.64250141385691],[11.233175258328032,51.64131738783413],[11.234511239766164,51.638070304844604],[11.232825622229097,51.63664130909644],[11.236156959259874,51.63431746077847],[11.235005587982409,51.62744218781894],[11.236888014311702,51.62674671435455],[11.244431363814217,51.62928146623561],[11.24588351304611,51.63145849779985],[11.249865351838544,51.62125804142563],[11.241859119221457,51.61952725087007],[11.243015189789109,51.615957290824],[11.246165223759037,51.61681910927577],[11.246418509323874,51.6155129860445],[11.243677389064404,51.614909504973255],[11.242292287962073,51.61148147455414],[11.249423289460763,51.611031584468854],[11.252407728684261,51.60974406834405],[11.233734787734802,51.60678468870173],[11.231334121525649,51.604838296707115],[11.233887795662518,51.59680069470113],[11.229526705792242,51.59661999585232],[11.229708051525645,51.5954417439962],[11.2267017592963,51.59516842388839],[11.220575252296836,51.591240369251686],[11.213711183910442,51.58973481583861],[11.209344586983944,51.59154642994719],[11.20649961521381,51.59044470883023],[11.203430305914843,51.5941506766032],[11.200015385533352,51.59326642908569],[11.198035294339162,51.590870039389564],[11.203501026653102,51.58844446182742],[11.208580389111622,51.588588847096794],[11.208982275487607,51.587396238153744],[11.20321528899611,51.58759736510043],[11.191184948863953,51.59251176381459],[11.176519861023314,51.59077502630884],[11.172673852411075,51.589106935789616],[11.170402823444933,51.590595691075855],[11.170394921680497,51.59266666491195],[11.173770617097693,51.59612279564528],[11.170249356094779,51.597022867139025],[11.165968247101123,51.59573860026998],[11.165096259003306,51.592319761130746],[11.162199252176801,51.59175126402265],[11.162228145203043,51.58975383933016],[11.157608348419707,51.58788136785117],[11.157580709430569,51.58595623158181],[11.16282827286718,51.58331783746822],[11.159715008159656,51.58273250219372],[11.16130605632168,51.5789806615179],[11.154295989585147,51.582474774869844],[11.15697651110337,51.57303133514473],[11.14691124546859,51.570837769330396],[11.141093404285652,51.567361674121535],[11.12986018070355,51.565974905822905],[11.124703210611885,51.56738575235578],[11.125460608382731,51.57316661287985],[11.115914404525968,51.575106129164155],[11.112347132658169,51.57827352657358],[11.115226054754208,51.57868139595265],[11.114991521715474,51.580571916472],[11.122143730622025,51.58301750689457],[11.127356235059397,51.57980509492795],[11.133972964203352,51.57795240601414],[11.13885368058927,51.58210954149909],[11.1394082881653,51.58459861651766],[11.133766959978756,51.582892687043454],[11.132541004319597,51.5850944500149],[11.125231509604069,51.5849444673952],[11.124617278656729,51.59179416599388],[11.11411459048146,51.5927129478167],[11.101143208749653,51.59045858964257],[11.098316972574805,51.59965847730069],[11.091541677451904,51.600772207217595],[11.086558991750975,51.60426074485688],[11.084869702129508,51.60208295908163],[11.077271654386658,51.59987121046782],[11.072156840215907,51.600957701967445],[11.067152591865149,51.599326479786114],[11.061496828011514,51.599902302667985],[11.061242108954682,51.595621152634614],[11.055488863810584,51.594082962265766],[11.038268387429703,51.59383886086291],[11.034552584533355,51.594764395728845],[11.042329060884775,51.59521474090077],[11.043586204725377,51.60012107045744],[11.040890344461783,51.60303933006743],[11.040861681520674,51.606728034277296],[11.038824746616552,51.60797886492184],[11.036097690989676,51.60706463638972],[11.034583020237315,51.60232134363454],[11.027134407213461,51.60033061635691],[11.030211160266916,51.59905732630959],[11.030984464392445,51.597227555704094],[11.02624444363566,51.59956988222296],[11.024243684534332,51.59894003014129],[11.02322955443052,51.59615560661631],[11.02405900994598,51.59416369435414],[11.02834990446336,51.59299301127323],[11.02712093823963,51.59163103116148],[11.02498794115073,51.593295899620486],[11.021554126249548,51.59363499559348],[11.01694294731422,51.592044898989045],[11.01750694031253,51.590827895675616],[11.021613322891707,51.58995515035181],[11.018574850124828,51.58947372826386],[11.012016144728848,51.593199933664515],[11.003164345952266,51.590974359321876],[11.001007191823192,51.592202266098994],[11.002146045424297,51.592902005718045],[11.02100238530564,51.59592255021142],[11.022469404433801,51.59916381160117],[11.0163933738099,51.59966735838457],[11.012227040099173,51.597850219181346],[11.01093283504563,51.59837762480942],[11.012867407832928,51.59956577277995],[11.010950200486834,51.599933945616996],[11.00599287309172,51.598416892714894],[11.001366163936263,51.60199924407333],[11.009373515240249,51.60104732830488],[11.006971528956623,51.6033067906492],[11.008208165590936,51.60408416953647],[11.01143644395726,51.60078650837842],[11.021973156155157,51.59998468961168],[11.028672165200248,51.6021410374667],[11.02270028550209,51.60546934324741],[11.01307695027751,51.60463498612874],[11.015544127797819,51.6063554707371],[11.005120115111856,51.60965724649032],[11.001131054484,51.60955728742495],[10.997680170812208,51.607124840394675],[10.987376362869625,51.60556644509482],[10.989329402270267,51.60715973978201],[10.997226747700877,51.60927690747016],[10.98936279267857,51.60893190534566],[10.987522898247798,51.609830165120954],[10.998765258002786,51.61069597216053],[10.994043632732383,51.61330904411206],[10.983084303936344,51.61231343368789],[10.983513026585657,51.613229317050504],[10.994973658276738,51.61471123835566],[11.000140729853753,51.61061874551409],[11.006613882639222,51.610154650388154],[11.007289883628289,51.61117734655773],[11.00269261896838,51.612285577395376],[11.001334548443221,51.61494530636249],[10.99332701833666,51.617462044503306],[11.00297273423073,51.61673763267047],[11.004229497002607,51.61275583840887],[11.007041559812187,51.612239996611706],[11.01068247985035,51.61349281126062],[11.009461463240353,51.61025035791245],[11.011094750045313,51.60900178628009],[11.017471124655309,51.606832852615575],[11.02598350323069,51.605778638278764],[11.029894380074724,51.60289126600833],[11.033911185670165,51.60293614678332],[11.033539394697156,51.60574473979152],[11.0362607940108,51.611121319047754],[11.02843322607427,51.611480477247014],[11.024896183300237,51.614916283648896],[11.021740603055822,51.614473243833174],[11.018519232287556,51.61645449007992],[11.018372130908084,51.61953435464121],[11.022903986266774,51.62259927074722],[11.025382256043908,51.622631722735406],[11.026286619163342,51.624606917252976],[11.01863910079263,51.62703379379131],[11.011949940424294,51.627332863499014],[11.003219944485432,51.620820967554],[11.001146341947498,51.6215135127454],[11.005132305771165,51.62516708166538],[10.996793680731203,51.625292407104865],[10.996803934676445,51.62623698857265],[11.006242205694202,51.62619692034928],[11.010191862052695,51.62781727979893],[10.997482613943575,51.628834098031525],[10.979073802254598,51.62398914499472],[10.976290732403964,51.624612154853196],[10.976440665831978,51.626518788898586],[10.969252726937057,51.63316890273369],[10.95711241626332,51.63348638553693],[10.953190567668601,51.63161225500684],[10.931723388646112,51.629959899579156],[10.935481646204483,51.626194763051295],[10.934456519501982,51.62409868748302],[10.927845564065015,51.62504044613897],[10.921695361092024,51.62750157220774],[10.92303446784048,51.62369932037153],[10.92581837383339,51.62309555729957],[10.922253585501823,51.619703370479726],[10.917428428187538,51.61892074070649],[10.91605910971455,51.616374052181904],[10.901525107494335,51.6118721846496],[10.895933693240849,51.6119450408043],[10.901459688349934,51.61759410692551],[10.89975698756669,51.622853760531825],[10.904522797487955,51.62733571508886],[10.906089665700023,51.63124375046233],[10.919059832535662,51.636335371269645],[10.92000522500617,51.640101477711376],[10.931697367066041,51.641111914650885],[10.937560707452475,51.644913791004605],[10.944699094715514,51.65184130316454],[10.942925248677911,51.653854139845514],[10.94636671179005,51.65377822055437],[10.952383132116623,51.66106934205075],[10.960559300259208,51.66713725812485],[10.968398488994023,51.664110699881775],[10.975259447669083,51.664488154175466],[10.976482580851343,51.668027771640496],[10.975361483380182,51.67012841854453],[10.982089683174609,51.67017315061908],[10.983340068930822,51.67212024060099],[10.988557815050479,51.67160400357569],[11.01584897595287,51.679575778566054],[11.025872821109163,51.679162787541514],[11.031488143227358,51.67671768065647],[11.035305373833063,51.672143870342325],[11.044466949191056,51.67905166380098],[11.054650078113054,51.678814731711356],[11.062060785851779,51.679976952358025],[11.070947464310454,51.67589059731563],[11.073312590905907,51.67886879763745],[11.095223816648913,51.6795448183376]]]}},{"type":"Feature","id":"15085160","properties":{"ags8":"15085160","county_ags5":"15085","state_code":"15","name_de":"Hedersleben","valid_at":"2026-01-01","source":"BKG_VG250_2026","part_count":1,"simplified_tolerance_m":80},"geometry":{"type":"Polygon","coordinates":[[[11.288389213796222,51.88398212096303],[11.287243444407927,51.880164098335705],[11.296984902112358,51.88031505065355],[11.303900865296752,51.877677613184154],[11.31040605313225,51.877318554492774],[11.29573200007982,51.871840245345425],[11.29304925925869,51.87300967298783],[11.289316454711024,51.86978698657369],[11.29452642098201,51.866882526006364],[11.30062107376349,51.86557315988509],[11.299100883803709,51.86340636173416],[11.297092133036715,51.86403159043632],[11.292867081288923,51.857546752568126],[11.28376780954214,51.859802014100815],[11.27023632605922,51.85140421012667],[11.271414352754615,51.85061109532098],[11.265888963861638,51.84654893845105],[11.262094095766889,51.84486359058304],[11.258039028382195,51.84525941866614],[11.256156550169944,51.843687656276636],[11.248852677974979,51.849978986420474],[11.247566025713585,51.848583718539984],[11.246172981136421,51.84955505446238],[11.247834650138689,51.851737841769136],[11.245270277338957,51.8520885992147],[11.23948034878994,51.841630314891916],[11.236554241668733,51.83991521883535],[11.23294205803455,51.841392661459636],[11.234583868055902,51.84289348696105],[11.231677773548302,51.844018678598665],[11.23375489236275,51.84652886590649],[11.231920382619982,51.84715904102942],[11.236300046854758,51.84909651501888],[11.235498831126938,51.85183870306551],[11.237093364391708,51.85299510825661],[11.234626412567957,51.8549383503723],[11.236520816459365,51.85629933725145],[11.233068927236776,51.85847065141748],[11.235063372411764,51.860576686543155],[11.230425864579363,51.863842346322805],[11.233990428735773,51.865557899852],[11.231764987218058,51.865833452854396],[11.233173832024349,51.8673718790575],[11.228031884542728,51.870402527197605],[11.228578845145467,51.872748679683205],[11.232099708905993,51.8705134715222],[11.238219631756015,51.876830653319075],[11.246158832030714,51.881490753771374],[11.271728626582863,51.891843627648576],[11.275144945859232,51.89096678245145],[11.27390238592356,51.89057006593376],[11.27509354997584,51.88921077367343],[11.281583328667915,51.88744319285187],[11.280585032020973,51.88643286662739],[11.288389213796222,51.88398212096303]]]}},{"type":"Feature","id":"15085185","properties":{"ags8":"15085185","county_ags5":"15085","state_code":"15","name_de":"Huy","valid_at":"2026-01-01","source":"BKG_VG250_2026","part_count":1,"simplified_tolerance_m":80},"geometry":{"type":"Polygon","coordinates":[[[10.935961365614416,52.059709883337305],[10.962964500445075,52.05753030220965],[10.969060607426611,52.05298201452851],[10.986611771818394,52.05168913472526],[11.012717128107404,52.046703699819304],[11.025374030421672,52.0399023107476],[11.057541171375489,52.03669789382707],[11.061917730673013,52.03677629307787],[11.062036443366113,52.03960466668138],[11.07015749965176,52.037852533956716],[11.06700632910597,52.02847666829103],[11.068666498757294,52.02480772598221],[11.069817806135804,52.02359687343479],[11.074540655731179,52.02348424881697],[11.078639273770087,52.025875130916035],[11.083637988866204,52.026786258500444],[11.08449322351595,52.01167910595854],[11.092192356593944,52.01185697673548],[11.091786708300267,52.00646183722112],[11.098008896133297,52.00412797722526],[11.096360043906893,51.98189143073636],[11.09790201091819,51.981907498172625],[11.097916420413705,51.98007480358766],[11.10207871742652,51.980053829847165],[11.10217637894786,51.97579307546883],[11.091113698333732,51.975634310454915],[11.090928274421275,51.973231396235875],[11.058631010035818,51.97361816185546],[11.059103489640252,51.97177189443586],[11.053186711928918,51.97027931842148],[11.052362353014548,51.96596536671297],[11.045450574713932,51.96520564610898],[11.045649546474268,51.96358556548834],[11.052070612045432,51.96352897049115],[11.053008633306149,51.960439194849634],[11.05847337548316,51.96080048061171],[11.057777766003044,51.95869881667582],[11.052106937543964,51.95813156165786],[11.052614559070753,51.9543781164835],[11.050661923252735,51.95663602259453],[11.041932884555138,51.957197825738355],[11.041985289251826,51.95548845961769],[11.03851580332191,51.95511740743965],[11.038669918418945,51.95338059534727],[11.026726681675552,51.95167095849191],[11.027755264693072,51.953744340434675],[11.024500759914956,51.95305708777548],[11.024566728689242,51.94994438514884],[11.019826449836737,51.949146605391384],[11.018241968587382,51.95061976882041],[11.004418110567448,51.95114693226562],[11.003683893436234,51.95249410037172],[10.997490775006368,51.948684371782505],[10.992670660802585,51.95277820969198],[10.989002061230867,51.951912730157],[10.98728181636155,51.94953975375341],[10.986425837900574,51.95124882719971],[10.97649177004472,51.94931903380574],[10.975321980990161,51.95124708698742],[10.970340872814372,51.950053065287086],[10.971888093453122,51.94697669855802],[10.965176249950558,51.94542043162227],[10.96294798209097,51.94879091656077],[10.956153351586686,51.94816265106419],[10.956643700644921,51.94559181182831],[10.954907346829463,51.94556985255624],[10.954790005771825,51.94815360317475],[10.940736073318075,51.95046432275603],[10.937864942428495,51.94379855541315],[10.936037446146862,51.9439837693546],[10.93923879668961,51.95068574733146],[10.93477124228579,51.95165940964512],[10.932915458071157,51.94706580514112],[10.93146243557059,51.947340943523855],[10.930869165120743,51.944644486713784],[10.929347804524275,51.94489322997103],[10.929618011300668,51.94625018455474],[10.926948910167956,51.947231289933335],[10.929813348076898,51.95266375262464],[10.928319404169933,51.95252038794925],[10.925382993557745,51.94744362600807],[10.923843315882033,51.94753837143784],[10.926393839589748,51.95208956614491],[10.924252728201497,51.95379179163254],[10.916430919595463,51.94765041132355],[10.91307535683397,51.951355898137685],[10.908919726917318,51.95182721432075],[10.90720093859296,51.94914844887417],[10.902253110191268,51.950612328554406],[10.902571783997553,51.947775026030946],[10.899382097929923,51.94756988720955],[10.89986681275046,51.949059080657314],[10.896660323302562,51.94927011259292],[10.8952964633291,51.95146051285034],[10.896354357286905,51.95424553902052],[10.891236457345746,51.95502707490195],[10.892549544720515,51.958719814882365],[10.890675204427621,51.96086685836403],[10.886373842094583,51.96187937427712],[10.888366113513346,51.96668535433365],[10.884374605132246,51.96824549220031],[10.88337705299769,51.96738516565161],[10.878720229304768,51.967777872485144],[10.874509007194938,51.97100249369801],[10.868490011863532,51.97049955343008],[10.863548443570776,51.97835334438453],[10.856986251020423,51.98182357701663],[10.85505346636591,51.98428503703039],[10.849243894351781,51.986586986744356],[10.85254333500504,51.99309874376597],[10.855549829282099,51.99371946618735],[10.85345581946038,51.99800737609164],[10.84991052170943,52.04345192353736],[10.84091511839616,52.04206907178758],[10.841476742149165,52.05024933427197],[10.855035402954773,52.05090234955119],[10.872177756833622,52.057956062869884],[10.878944232306006,52.05920303864048],[10.917592728536977,52.05848932868436],[10.935961365614416,52.059709883337305]]]}},{"type":"Feature","id":"15085190","properties":{"ags8":"15085190","county_ags5":"15085","state_code":"15","name_de":"Ilsenburg (Harz)","valid_at":"2026-01-01","source":"BKG_VG250_2026","part_count":1,"simplified_tolerance_m":80},"geometry":{"type":"Polygon","coordinates":[[[10.701164271329372,51.88759446724869],[10.703295827151958,51.8863854500511],[10.707633979065767,51.88641558926779],[10.70656893559946,51.883699160269565],[10.711394872843345,51.88238081700206],[10.711935256193733,51.87791505669129],[10.722128690480464,51.878515250186005],[10.724385400401635,51.880667153277194],[10.735700550400791,51.87796548646705],[10.753161359929706,51.87151007982715],[10.751540386042224,51.86744754724936],[10.756213519149037,51.86169440366147],[10.75279224178531,51.85999658001603],[10.753145358145167,51.858880719614795],[10.75568748399987,51.85890924229508],[10.757895871370302,51.849764950964094],[10.751305767451099,51.848638325080664],[10.748084490561945,51.84389542333709],[10.742184155788678,51.83921656788357],[10.749771418597096,51.83551169201396],[10.748712447335414,51.83389097490117],[10.743952487937666,51.83437762313945],[10.740023141163507,51.83819978162311],[10.735325021203176,51.83670691983897],[10.72931099592429,51.839120521748114],[10.721654687936422,51.83842441234995],[10.71979120472978,51.84045189017263],[10.711988673924779,51.83643604692969],[10.71050907255888,51.83362305042741],[10.710744889043736,51.83751773583923],[10.719566181886222,51.84197256393722],[10.719876538212251,51.843087444021734],[10.71579814480859,51.843625668310146],[10.7062525331291,51.839549639293814],[10.696340017567397,51.83754243797814],[10.693666104858236,51.83365172956883],[10.696954905906304,51.831982126687926],[10.690468062294698,51.829303021114576],[10.682903961170943,51.82931492034252],[10.683159181057142,51.82779426436064],[10.680239009298624,51.827276988589375],[10.676897811094307,51.823000089552934],[10.671422817398012,51.82239642135104],[10.663140584286392,51.82423421411272],[10.656405117062336,51.824342235377394],[10.66276104289284,51.815517942878145],[10.660784254448362,51.81059100602693],[10.656679613038191,51.80707018718328],[10.648004792070973,51.80352802666316],[10.64887739433109,51.79080697535855],[10.644477743944721,51.78946305553413],[10.635701551092279,51.79915283445465],[10.634486709948922,51.82015014508749],[10.624771579719459,51.818613507472044],[10.607318340153824,51.82218385755867],[10.602430333599209,51.82920546111001],[10.59187749169542,51.83078496234918],[10.586084897624822,51.83955368609594],[10.57765252522982,51.84234812907902],[10.579100529220423,51.84825725391209],[10.584468982117267,51.85305717393554],[10.590002779583118,51.852738264565154],[10.602615382830596,51.854545131698785],[10.605723961620418,51.86075830852499],[10.611834058053638,51.86406305741252],[10.612842728378158,51.866535864412164],[10.615983663350601,51.8674683696583],[10.616032827235951,51.86965422434308],[10.632329785897273,51.87216491607394],[10.635336669539933,51.87662328067595],[10.636916847607266,51.875299136871625],[10.645828639969972,51.88075777007011],[10.670099058955877,51.87609283734358],[10.67789146727759,51.88151333543216],[10.685772534731141,51.882719861372415],[10.701164271329372,51.88759446724869]]]}},{"type":"Feature","id":"15085227","properties":{"ags8":"15085227","county_ags5":"15085","state_code":"15","name_de":"Nordharz","valid_at":"2026-01-01","source":"BKG_VG250_2026","part_count":1,"simplified_tolerance_m":80},"geometry":{"type":"Polygon","coordinates":[[[10.656334560313178,51.94339696866095],[10.657542888355335,51.93927555553657],[10.66075626814013,51.938434698624164],[10.662551064528383,51.93568870689091],[10.664356540400219,51.9359560838316],[10.668736668965215,51.931983038124564],[10.663929668692994,51.930577501844155],[10.66290308679045,51.92833908691597],[10.665758907401962,51.92145373682842],[10.668472809431117,51.92360879707716],[10.680686010289682,51.9253449526261],[10.682729008946469,51.92324592469085],[10.685444886462392,51.92566145819911],[10.688321528783652,51.92466745427467],[10.692644082295146,51.92845654820991],[10.738325286495122,51.9359216974671],[10.737074841613062,51.938549959570466],[10.74515204856525,51.93960105809256],[10.746935065236833,51.944354812086786],[10.750600409817478,51.944809929182924],[10.755025113387779,51.94122879871572],[10.760143621022365,51.94175882538698],[10.760048067907292,51.93995019765037],[10.77485831480473,51.94140112560055],[10.775419164229206,51.9397014371001],[10.78069485830131,51.93973670664255],[10.783271149750778,51.93212522699219],[10.789051866955218,51.932723001325186],[10.789724544483015,51.93095828167357],[10.797793419910168,51.93211674128571],[10.799376501554482,51.93386685519798],[10.81636986359452,51.933382100819706],[10.815939972630295,51.93015391805718],[10.826822676042184,51.92794763754514],[10.834141966604562,51.928026248347656],[10.83431385652724,51.92963593398496],[10.842758320572758,51.932238541472366],[10.848219506165691,51.93090935723398],[10.84869396303684,51.932059372613985],[10.853130883826061,51.93002232706501],[10.860179806342787,51.92898471332052],[10.867447721335504,51.93347815558307],[10.87277171130276,51.929683535124106],[10.878029920156685,51.930332596765815],[10.877597051349913,51.936028038335834],[10.88177829633809,51.93830850772808],[10.883370562754678,51.93728691219129],[10.888907155751523,51.93803354578274],[10.904561764885186,51.93094695129408],[10.909138218386966,51.93176786868579],[10.90915507025736,51.92879033435464],[10.913259968055563,51.92737285853828],[10.916928602151982,51.92759393505532],[10.916910402018454,51.923225466885626],[10.907915030816929,51.92032091149941],[10.907817523972263,51.91755964698204],[10.913142739002724,51.9160750056261],[10.913174341937,51.90514540043021],[10.910045439233729,51.90006478417878],[10.895412184691052,51.89952066300469],[10.88894652520174,51.88991680231912],[10.884628548933337,51.889894874791224],[10.875075325342086,51.893208773516065],[10.873630292400039,51.890748556004496],[10.867413029378318,51.88778143040128],[10.866707137271439,51.88316890556745],[10.85631560106575,51.88337143838009],[10.82732192404954,51.880081531032424],[10.819968005604546,51.87811355364133],[10.817128269378939,51.88148549182644],[10.818446867718205,51.88297521969117],[10.813897174649284,51.887188224460154],[10.774246872035834,51.8786686757293],[10.75894543953547,51.86646011614251],[10.753161359929706,51.87151007982715],[10.733086298018426,51.878783547416134],[10.724385400401635,51.880667153277194],[10.722128690480464,51.878515250186005],[10.711935256193733,51.87791505669129],[10.711394872843345,51.88238081700206],[10.70656893559946,51.883699160269565],[10.707633979065767,51.88641558926779],[10.703295827151958,51.8863854500511],[10.701164271329372,51.88759446724869],[10.685772534731141,51.882719861372415],[10.67789146727759,51.88151333543216],[10.670099058955877,51.87609283734358],[10.645828639969972,51.88075777007011],[10.636916847607266,51.875299136871625],[10.636081054166102,51.877683894515464],[10.650437159380337,51.89130268629707],[10.64889473001583,51.90717346893005],[10.638159354261367,51.91596588186431],[10.613313787501484,51.92151527532574],[10.61624694236866,51.930732609993726],[10.618111391205424,51.93147738027879],[10.617592811259428,51.93351082312299],[10.613553180189008,51.93581753275118],[10.613260483781637,51.93946787224755],[10.616681337102486,51.94003576547192],[10.618185636459044,51.94324308542179],[10.62114067973839,51.943393032087315],[10.622477642076442,51.947541188541926],[10.633166489011568,51.94868367787444],[10.63491935940622,51.95075499222554],[10.643294272822693,51.9529303213984],[10.646941364966146,51.95077602163918],[10.647284324150935,51.94879665247115],[10.653287651518529,51.94625241955627],[10.656334560313178,51.94339696866095]]]}},{"type":"Feature","id":"15085228","properties":{"ags8":"15085228","county_ags5":"15085","state_code":"15","name_de":"Oberharz am Brocken","valid_at":"2026-01-01","source":"BKG_VG250_2026","part_count":1,"simplified_tolerance_m":80},"geometry":{"type":"Polygon","coordinates":[[[10.808744213995823,51.79620181003896],[10.818645054102237,51.79503315262173],[10.819726233214721,51.791980664103875],[10.823911886860502,51.79102474328417],[10.824768159655967,51.7890433206207],[10.832101800118235,51.792162547866646],[10.84341299959748,51.79161756588939],[10.852795952692224,51.78562577723863],[10.85939179870074,51.78726352900656],[10.863998152985983,51.78256030754584],[10.859524150105399,51.78169236562558],[10.85690928847765,51.7830046671816],[10.852103682567021,51.782786900493186],[10.851596899584486,51.78060965101071],[10.850012045559088,51.78079460108545],[10.843516534839857,51.776477251331],[10.831268966986132,51.77936380129017],[10.83496655846268,51.77533225836411],[10.829172647367454,51.76620867301416],[10.835683184428193,51.767103643880084],[10.837782628602154,51.765693377659986],[10.845909596541315,51.7676042434549],[10.858795486765448,51.76650051531959],[10.858883971076933,51.768533323175575],[10.8611557075264,51.76977685301623],[10.86876934372284,51.76823116825246],[10.871291599895399,51.76892782505128],[10.873261037833613,51.7677692400305],[10.868947813333522,51.765110958396484],[10.869755678460145,51.761182771835436],[10.867070251591796,51.76060083228465],[10.867913064958078,51.75905091665657],[10.874358011043022,51.76186445081768],[10.882353145460165,51.76272052420997],[10.888015576297738,51.75689073233068],[10.89405032882819,51.7574195690614],[10.900416902846743,51.75444754472561],[10.899705804983098,51.75269572991319],[10.90548350833436,51.752073364351894],[10.90208463337305,51.75123268542206],[10.90411041013754,51.74732404724502],[10.899274264235515,51.746444970842276],[10.901435719612065,51.74338801885264],[10.893309677821037,51.73990906917631],[10.889921581775774,51.736882399919104],[10.889558865590063,51.733909888826894],[10.886679130206627,51.73260590624179],[10.887230580785433,51.73017133588566],[10.89059910559041,51.729636625686204],[10.891810026978971,51.72779414801955],[10.894437275119376,51.72839715670867],[10.896172150824569,51.72632227148405],[10.901180323017371,51.727519876318006],[10.912584892530882,51.724736883301524],[10.916858212259474,51.724748902737765],[10.91384632434026,51.72028252733033],[10.915546306186538,51.71758692138121],[10.913193776558415,51.71592900014319],[10.911691152218244,51.71076914621637],[10.912543795814612,51.704153933352366],[10.919711658981305,51.701088030952874],[10.920198845643915,51.69896320933139],[10.931002617356093,51.69935616624768],[10.941376433672481,51.69608980220843],[10.94008972475537,51.694356827515016],[10.93059938562066,51.69343815230495],[10.90570293783506,51.695235413875025],[10.903890463223696,51.69326245940782],[10.895903181031773,51.69195802464584],[10.896310270104685,51.688825995492245],[10.910367368941674,51.692251037291754],[10.911334676221909,51.68725435429743],[10.908432492218363,51.688038081755714],[10.90888517706402,51.686867014027165],[10.906391820836408,51.68642579669446],[10.91319860971933,51.68370335845333],[10.91179447511916,51.67885030478549],[10.932124254139772,51.68063419409979],[10.941686902915547,51.68010855243446],[10.94924607218806,51.68161499630733],[10.950874178744966,51.67967937909063],[10.939966590177432,51.67705757132661],[10.940539386212246,51.67342995364468],[10.936248748638928,51.67261820457858],[10.936274898695247,51.67080986207863],[10.941441061318683,51.67090764093307],[10.942151319798095,51.669546552530186],[10.937384641593331,51.66733320736702],[10.932071248567015,51.666920921717946],[10.93605843673282,51.66600320762746],[10.933510353040214,51.663703717787136],[10.943042275510534,51.66294895225596],[10.94790263094633,51.664406029620956],[10.952383132116623,51.66106934205075],[10.949668577322756,51.65715731329151],[10.94636671179005,51.65377822055437],[10.942925248677911,51.653854139845514],[10.944699094715514,51.65184130316454],[10.942781684371107,51.64948247075992],[10.931697367066041,51.641111914650885],[10.92000522500617,51.640101477711376],[10.919059832535662,51.636335371269645],[10.906089665700023,51.63124375046233],[10.904522797487955,51.62733571508886],[10.89975698756669,51.622853760531825],[10.901459688349934,51.61759410692551],[10.894001828410522,51.61066064865729],[10.886600560524796,51.61211090741263],[10.885912209526118,51.61428636953412],[10.88149863375109,51.61717446230427],[10.883233799557528,51.61769414998943],[10.879497105446035,51.61804456084432],[10.87650816467721,51.62186857999162],[10.859091451684815,51.632790366394644],[10.853175772719919,51.632394367064485],[10.849404616877093,51.630750259249176],[10.840940635931,51.63169260946608],[10.833734255235797,51.6306876067044],[10.831281079867166,51.62728491232195],[10.822567511620479,51.62353957245855],[10.821153889296998,51.62393926171599],[10.821756983320588,51.63341844872731],[10.81788041569545,51.63699934638644],[10.818215835349843,51.6390264313093],[10.78542122336846,51.641879595008554],[10.771296376270389,51.64460273821615],[10.764511213957936,51.6490082738407],[10.755681214172556,51.64506227555453],[10.756121767269237,51.641748005638966],[10.74936565489274,51.64033430066018],[10.738731801248125,51.64346963506633],[10.737087376276826,51.64507247510841],[10.726251537908963,51.64489377469348],[10.70911528923299,51.64069881591108],[10.696011081133259,51.642988321752334],[10.69170245448321,51.646503906293454],[10.682880157309905,51.660623880934075],[10.670507134381038,51.66691268037104],[10.669008394907651,51.67631577178574],[10.666300008740732,51.67960318599371],[10.667356553008734,51.684808360890656],[10.66433789696497,51.68872566656922],[10.665170958788623,51.690352572268],[10.663060041347887,51.69121237593532],[10.667549207009172,51.696675957121435],[10.67261703060279,51.696965541774894],[10.66866750697361,51.70942173297676],[10.656561947703484,51.71810684268159],[10.64933705324869,51.71855163921657],[10.646575722300467,51.72288000392733],[10.64202264926694,51.725289539297485],[10.643344778818994,51.72899435431558],[10.642033918233546,51.731379856789204],[10.634468712211474,51.73534689578369],[10.631713463638782,51.739533090743784],[10.63149908683741,51.75062525800991],[10.627214876617865,51.75792557701851],[10.636340068640402,51.75553152710309],[10.643934896134809,51.75535162250155],[10.651483300550005,51.7586706781188],[10.664381703922908,51.753795720581195],[10.67848701638621,51.758057341963514],[10.686476432849867,51.75504941363724],[10.697400178537611,51.75379928145492],[10.701928565835516,51.75190251427331],[10.70617473356944,51.75498978418403],[10.702469698831113,51.756264592141626],[10.693471997228468,51.76743448340562],[10.686434419067536,51.773149115827465],[10.7017350328821,51.77240638507007],[10.70751598481416,51.76970683438652],[10.709298229414475,51.76622985475816],[10.714661835249762,51.76476836478048],[10.730906880714802,51.770075205485895],[10.731322812369612,51.77203548682083],[10.74627040837429,51.77967881137329],[10.76488845445622,51.781572771517],[10.77222506334268,51.78440876574739],[10.775080207649237,51.7869489311603],[10.77764049279116,51.785134052628074],[10.782657898637394,51.78436541799599],[10.786097730037723,51.78704691519225],[10.797283628151623,51.78964617172245],[10.802751823813653,51.79393232902267],[10.808744213995823,51.79620181003896]]]}},{"type":"Feature","id":"15085230","properties":{"ags8":"15085230","county_ags5":"15085","state_code":"15","name_de":"Osterwieck","valid_at":"2026-01-01","source":"BKG_VG250_2026","part_count":1,"simplified_tolerance_m":80},"geometry":{"type":"Polygon","coordinates":[[[10.787393563670317,52.05018504378689],[10.801489166358456,52.04799698036219],[10.821112599962285,52.048560893657],[10.828707490575743,52.04774864985683],[10.841476742149165,52.05024933427197],[10.84091511839616,52.04206907178758],[10.84991052170943,52.04345192353736],[10.85345581946038,51.99800737609164],[10.855549829282099,51.99371946618735],[10.85254333500504,51.99309874376597],[10.849243894351781,51.986586986744356],[10.85505346636591,51.98428503703039],[10.856986251020423,51.98182357701663],[10.863548443570776,51.97835334438453],[10.868490011863532,51.97049955343008],[10.874509007194938,51.97100249369801],[10.878720229304768,51.967777872485144],[10.88337705299769,51.96738516565161],[10.884374605132246,51.96824549220031],[10.888366113513346,51.96668535433365],[10.886373842094583,51.96187937427712],[10.890675204427621,51.96086685836403],[10.892549544720515,51.958719814882365],[10.891236457345746,51.95502707490195],[10.896354357286905,51.95424553902052],[10.89629212941248,51.95044972602751],[10.888515009817318,51.95004359757768],[10.889180145661301,51.946119464739056],[10.88195837463207,51.94934519986173],[10.88177829633809,51.93830850772808],[10.877597051349913,51.936028038335834],[10.878029920156685,51.930332596765815],[10.87277171130276,51.929683535124106],[10.867447721335504,51.93347815558307],[10.860179806342787,51.92898471332052],[10.853130883826061,51.93002232706501],[10.84869396303684,51.932059372613985],[10.848219506165691,51.93090935723398],[10.842758320572758,51.932238541472366],[10.83431385652724,51.92963593398496],[10.834141966604562,51.928026248347656],[10.831201519535883,51.927845570592105],[10.819756389021334,51.92866848257793],[10.815939972630295,51.93015391805718],[10.81636986359452,51.933382100819706],[10.799376501554482,51.93386685519798],[10.797793419910168,51.93211674128571],[10.789724544483015,51.93095828167357],[10.789051866955218,51.932723001325186],[10.783271149750778,51.93212522699219],[10.78069485830131,51.93973670664255],[10.775419164229206,51.9397014371001],[10.77485831480473,51.94140112560055],[10.760048067907292,51.93995019765037],[10.760143621022365,51.94175882538698],[10.755025113387779,51.94122879871572],[10.750600409817478,51.944809929182924],[10.746935065236833,51.944354812086786],[10.74515204856525,51.93960105809256],[10.737074841613062,51.938549959570466],[10.738325286495122,51.9359216974671],[10.692644082295146,51.92845654820991],[10.688321528783652,51.92466745427467],[10.685444886462392,51.92566145819911],[10.682729008946469,51.92324592469085],[10.680686010289682,51.9253449526261],[10.668472809431117,51.92360879707716],[10.665758907401962,51.92145373682842],[10.66290308679045,51.92833908691597],[10.663929668692994,51.930577501844155],[10.668736668965215,51.931983038124564],[10.667796749673418,51.93358552621186],[10.657542888355335,51.93927555553657],[10.655899950319512,51.94399122409778],[10.647284324150935,51.94879665247115],[10.646941364966146,51.95077602163918],[10.643294272822693,51.9529303213984],[10.647546613762637,51.95362454621247],[10.651303745526517,51.957561077090084],[10.641704442298176,51.962627962214746],[10.635378441094876,51.95906530740231],[10.619941215238567,51.95767861936669],[10.619617075895835,51.966936153972156],[10.61457793785368,51.967092832781965],[10.614396882550574,51.968711980439444],[10.606237284759938,51.96866572136081],[10.606232853092285,51.97728740673729],[10.596055895734777,51.97499539625913],[10.589080055675815,51.975084316922995],[10.585689560219192,51.97622972260204],[10.586778820613596,51.982731840046824],[10.561226987731187,52.004065938634405],[10.574741225890339,52.00636094346851],[10.572969628915484,52.01044575986911],[10.591595156482,52.011342224442124],[10.592280206287805,52.01420352609055],[10.59659996460238,52.01436553243349],[10.595804087120568,52.01008231494512],[10.600477593851924,52.00973575628111],[10.600194240352286,52.00716567548475],[10.611902325114567,52.010046763437494],[10.613589346291759,52.008516021049665],[10.61894189240152,52.00974311014311],[10.620905339362714,52.00811304265624],[10.626019658463834,52.008197846824594],[10.621436009041183,52.01033426273874],[10.626455521104186,52.01220899055208],[10.627954945667218,52.01149678724654],[10.633512814657154,52.012893904760816],[10.63897215091612,52.01532529810952],[10.638497611553031,52.01775128790839],[10.642216826226555,52.022916086125235],[10.647028894551644,52.022808420936705],[10.655491985075848,52.02468661605525],[10.656864832173886,52.02852381873265],[10.65438045416813,52.03315360071392],[10.651739922620271,52.03278572569408],[10.64788665592987,52.041720814256195],[10.703938528318153,52.04994295230854],[10.722114261665252,52.04965904784316],[10.735505085555241,52.04794512730322],[10.744073488336602,52.04878997368727],[10.757353440613524,52.0482591773604],[10.760241043351702,52.0461131404344],[10.773897334440557,52.05000092625019],[10.787393563670317,52.05018504378689]]]}},{"type":"Feature","id":"15085235","properties":{"ags8":"15085235","county_ags5":"15085","state_code":"15","name_de":"Quedlinburg","valid_at":"2026-01-01","source":"BKG_VG250_2026","part_count":1,"simplified_tolerance_m":80},"geometry":{"type":"Polygon","coordinates":[[[11.119034122274735,51.84552722838179],[11.135993116955209,51.843825823941444],[11.140118904002051,51.844827120838254],[11.140929432405791,51.841800900516],[11.144479521235846,51.841499849675124],[11.145302582834507,51.84345187914682],[11.14878815410204,51.84306539363733],[11.147237183656602,51.84021316017797],[11.149990002886554,51.836707698452365],[11.149307898986264,51.83367980150344],[11.164872228390061,51.82699643301729],[11.164844443682806,51.82509243499499],[11.16703894945055,51.82543714804487],[11.165196313173375,51.82096145660918],[11.167243036205612,51.8179812815236],[11.179712786126117,51.818045435148576],[11.180609915320163,51.81418977906482],[11.19196414325973,51.815194833853276],[11.193368640023056,51.81687789038616],[11.20463985696154,51.816025055637645],[11.206189938731818,51.81444489702379],[11.203517242805876,51.81296124243501],[11.224579944175783,51.807065544554966],[11.224628472456299,51.80555390046496],[11.230440140638887,51.80508643735039],[11.23395132930478,51.80629542205662],[11.23745760490971,51.802284109599256],[11.248003716449999,51.80353027764908],[11.253692790923113,51.79956426846587],[11.258561909814437,51.798018842477134],[11.254401851674158,51.78916174542708],[11.24691560894134,51.789492866313225],[11.246448568875135,51.7854172822522],[11.239014314865882,51.78539292720677],[11.231512869167917,51.77336829174862],[11.228284692375606,51.77372103247308],[11.225942223914059,51.76867952171868],[11.231658584468162,51.76798764144862],[11.216524616572624,51.75956741858638],[11.216004623179831,51.756076253581504],[11.19504758436376,51.75814489545623],[11.172820351962105,51.756821247789986],[11.15789834931014,51.757276283245325],[11.155976316477703,51.74719324532984],[11.151860354239217,51.741382136194005],[11.156012805451168,51.73156460222063],[11.16437631304839,51.73173323329706],[11.160836831970926,51.72455609468068],[11.163436831880263,51.72081972021899],[11.161473589865126,51.7199711086411],[11.16246901416785,51.718240559782224],[11.160846286468898,51.71519987671322],[11.152192295744223,51.70755601430435],[11.152611036118262,51.704431974241054],[11.149379921778355,51.70122005879254],[11.155574972248784,51.696057968555195],[11.155793990392654,51.691144728617225],[11.157859568184133,51.68883018275303],[11.149704591387888,51.68230787807526],[11.15107160811462,51.67464440472016],[11.14357391946131,51.67242734040437],[11.14276815478872,51.66966082044069],[11.139716442423689,51.66870575397901],[11.13481591991913,51.67004564351597],[11.12588745563759,51.669940298992415],[11.12750874774902,51.665784352642575],[11.123810328690304,51.665107957872635],[11.12138036430203,51.66636859837221],[11.122318534781703,51.66967429236339],[11.112792402923748,51.67581761633173],[11.107089146821803,51.67591843904354],[11.093972136380435,51.6801088851949],[11.08549078878773,51.67863448262852],[11.073312590905907,51.67886879763745],[11.072393837676527,51.6764358333478],[11.070274151162744,51.67593193016882],[11.061250431048128,51.67998080045453],[11.054265374859982,51.68752565989449],[11.057985476655738,51.690214109897916],[11.054810752486908,51.692182769909266],[11.057133093839274,51.69267456998841],[11.059525265056537,51.69586236634679],[11.067428521661128,51.69736817770997],[11.073394719255763,51.7030446441281],[11.071018583523253,51.7066170687288],[11.062951370483002,51.70575267292243],[11.064993068790836,51.71223629781634],[11.067250939669375,51.713863116832314],[11.064433457095772,51.71656151542746],[11.073642301287846,51.71996385845512],[11.075973359710439,51.72348958544429],[11.078372657077932,51.72228776076862],[11.086594419187685,51.723865883504665],[11.08792747129145,51.723216601457516],[11.086572406689898,51.72215220787581],[11.09056376012575,51.722584613364475],[11.092237604283637,51.72162414881896],[11.10128199151657,51.724243795910056],[11.10973779440006,51.72924012770708],[11.104410832246163,51.73190164713641],[11.105158909804777,51.735874151991176],[11.108773261494246,51.73746595706507],[11.114973359590362,51.74521733759472],[11.110071839958382,51.75104972599068],[11.112311868251576,51.75508457525801],[11.110416288907052,51.760631626420995],[11.112522805283332,51.763121680600364],[11.109218266164465,51.76428122403941],[11.111954032045755,51.766198713613],[11.111363011080677,51.768534338017425],[11.104329724615193,51.76847550710653],[11.106347906744539,51.77022656345606],[11.105494317292935,51.772396929423564],[11.108991757318792,51.77446598049305],[11.108773421095139,51.77983776275704],[11.10589285406283,51.780257344391224],[11.102501661820197,51.78514235187136],[11.093660874494795,51.78701971131109],[11.091441667990637,51.78595782600346],[11.079152513106134,51.79197788365393],[11.071009657940106,51.79394251981656],[11.055596825020467,51.791092045045545],[11.056126413762982,51.7964844662383],[11.064827256332627,51.7972826506911],[11.068270368000412,51.79648355088716],[11.067885951488169,51.79940008842294],[11.070710400310709,51.800169179205135],[11.086128713168554,51.796360642188944],[11.086896884286455,51.79742736643878],[11.08841335941231,51.796889087659856],[11.089814399043116,51.79864534285833],[11.08945271958984,51.80658159635998],[11.094102628039005,51.81707466896119],[11.09729251864954,51.82019702581236],[11.08341306369876,51.826771335303434],[11.090101125815885,51.82883269368436],[11.095459191254484,51.82730642141512],[11.108492342057392,51.83812415359515],[11.107849350277123,51.8389100899138],[11.119034122274735,51.84552722838179]]]}},{"type":"Feature","id":"15085285","properties":{"ags8":"15085285","county_ags5":"15085","state_code":"15","name_de":"Schwanebeck","valid_at":"2026-01-01","source":"BKG_VG250_2026","part_count":1,"simplified_tolerance_m":80},"geometry":{"type":"Polygon","coordinates":[[[11.098086500281381,52.00338097902213],[11.109535599362548,52.002891176520684],[11.111656834975657,52.000235684214424],[11.152868775261295,52.00030525331624],[11.154013805267441,51.998661455437826],[11.151660437287894,51.984929312256256],[11.162177479865521,51.98137695975845],[11.162464970226733,51.979947332037675],[11.158381292742165,51.974757672220406],[11.151714666609537,51.97210489382789],[11.15001311467083,51.9685756105434],[11.153171736561962,51.96845937090008],[11.155306608260766,51.965809740746934],[11.168239545595943,51.96752288632899],[11.175498020332645,51.96554616615132],[11.173608683686707,51.958019950612254],[11.18027642836266,51.9559477066428],[11.171942388588421,51.94584700755532],[11.165524551794867,51.944169419317596],[11.161661400946201,51.940409386174686],[11.157542946217559,51.941448721427726],[11.149819646135349,51.93925688261174],[11.148988511034464,51.9403800588911],[11.141644488215336,51.940096240999274],[11.13947478308963,51.94208694668526],[11.139583024733957,51.94977755285326],[11.130710842793636,51.95034665090279],[11.130376130306631,51.9524533743688],[11.110949603130027,51.953112418787526],[11.103106558195671,51.954510743767045],[11.095810165500742,51.95433160698346],[11.09581462631263,51.952451531527124],[11.094077361713062,51.952082407424726],[11.091780364756398,51.95232773497659],[11.091028905957451,51.954994126930096],[11.083845819953446,51.95343738907267],[11.075209689948336,51.953209583257205],[11.071223727079785,51.95345366961483],[11.070769520065458,51.95438237968043],[11.052614559070753,51.9543781164835],[11.052106937543964,51.95813156165786],[11.057777766003044,51.95869881667582],[11.05847337548316,51.96080048061171],[11.053008633306149,51.960439194849634],[11.052070612045432,51.96352897049115],[11.045649546474268,51.96358556548834],[11.045450574713932,51.96520564610898],[11.052362353014548,51.96596536671297],[11.053186711928918,51.97027931842148],[11.059103489640252,51.97177189443586],[11.058631010035818,51.97361816185546],[11.090928274421275,51.973231396235875],[11.091113698333732,51.975634310454915],[11.10217637894786,51.97579307546883],[11.10207871742652,51.980053829847165],[11.097916420413705,51.98007480358766],[11.09790201091819,51.981907498172625],[11.096360043906893,51.98189143073636],[11.098086500281381,52.00338097902213]]]}},{"type":"Feature","id":"15085287","properties":{"ags8":"15085287","county_ags5":"15085","state_code":"15","name_de":"Selke-Aue","valid_at":"2026-01-01","source":"BKG_VG250_2026","part_count":1,"simplified_tolerance_m":80},"geometry":{"type":"Polygon","coordinates":[[[11.340847580337927,51.90123423175578],[11.328042518316895,51.88722746787168],[11.333186869258652,51.88552724846743],[11.338435922705752,51.87927408087467],[11.34451933784674,51.87535621558326],[11.341478055010763,51.87557319488943],[11.339152431155,51.873988351483376],[11.337313513935838,51.874361169577334],[11.337112511871142,51.87617030763906],[11.332225500552518,51.87515132498327],[11.336483216441389,51.871223911504764],[11.332478831083751,51.86882423134963],[11.334425585239693,51.86595431723421],[11.33754420136331,51.8661941885969],[11.33780924898589,51.86388351130535],[11.336351106161814,51.86194201159977],[11.329810763411261,51.859831219847635],[11.331129940749632,51.858122716436434],[11.327184399664668,51.85465134644955],[11.331175494443874,51.85219564713529],[11.334390458582968,51.85564822351285],[11.338494009365808,51.853239056292004],[11.33441775540284,51.84665077784956],[11.326609381102402,51.84685419325082],[11.323279313916943,51.84913257228404],[11.320267364020552,51.8483441442061],[11.318476354962131,51.837157910742135],[11.309449734057338,51.83816743224762],[11.308635453953578,51.83542915314273],[11.30326555045122,51.83594166449286],[11.29652828663795,51.830774371480054],[11.294434010623743,51.830991637656766],[11.293417043841888,51.82917962335561],[11.288985368541844,51.83056639495935],[11.28654180055666,51.82923693336324],[11.279115434223256,51.83246680936591],[11.277578379017337,51.82979953426878],[11.274715357669605,51.83244163781985],[11.266914566851318,51.83457248345394],[11.263647159662144,51.82759570974999],[11.261169593571768,51.8287541332401],[11.254010312277444,51.81931901114056],[11.256080421740329,51.813741979865945],[11.242148901842825,51.809091497410805],[11.248003716449999,51.80353027764908],[11.23745760490971,51.802284109599256],[11.23395132930478,51.80629542205662],[11.240158312833326,51.808233858647284],[11.237651494051374,51.81056914498376],[11.241304830963028,51.8128456602329],[11.223538834115802,51.82333101402105],[11.23155281554091,51.827256831100335],[11.224930998341492,51.83033776330952],[11.230487038370827,51.832461229908965],[11.229411813924496,51.8333224666832],[11.231041737549553,51.83626313614582],[11.23948034878994,51.841630314891916],[11.245270277338957,51.8520885992147],[11.247834650138689,51.851737841769136],[11.246172981136421,51.84955505446238],[11.247566025713585,51.848583718539984],[11.248852677974979,51.849978986420474],[11.256156550169944,51.843687656276636],[11.258039028382195,51.84525941866614],[11.262094095766889,51.84486359058304],[11.281754776992255,51.85898221308677],[11.28313152789892,51.85856850781947],[11.28376780954214,51.859802014100815],[11.292867081288923,51.857546752568126],[11.297092133036715,51.86403159043632],[11.299100883803709,51.86340636173416],[11.30062107376349,51.86557315988509],[11.29452642098201,51.866882526006364],[11.289316454711024,51.86978698657369],[11.29304925925869,51.87300967298783],[11.29573200007982,51.871840245345425],[11.31040605313225,51.877318554492774],[11.303900865296752,51.877677613184154],[11.296984902112358,51.88031505065355],[11.287243444407927,51.880164098335705],[11.288389213796222,51.88398212096303],[11.280585032020973,51.88643286662739],[11.281583328667915,51.88744319285187],[11.27509354997584,51.88921077367343],[11.27390238592356,51.89057006593376],[11.275144945859232,51.89096678245145],[11.271728626582863,51.891843627648576],[11.271870414100222,51.89334501975913],[11.273956209113111,51.89290268837992],[11.277608640823274,51.89475594872958],[11.276171597229576,51.89745511087345],[11.27082617765066,51.89693215624251],[11.25923631496777,51.898626014129974],[11.25931049043693,51.9030694859053],[11.269122255081617,51.90187395694889],[11.274892745189396,51.905181903349856],[11.273981811745,51.908057510994254],[11.28185102800846,51.905559144908956],[11.297787753286102,51.90538128842512],[11.296085607117893,51.907011956699975],[11.297899867195781,51.909284742911304],[11.299693094159789,51.90869695825941],[11.298442784277439,51.90458525319807],[11.311378604412202,51.89976503980399],[11.315288603084515,51.90410828100287],[11.325443798808855,51.90024470193319],[11.326702786823306,51.903105652560434],[11.333654784476057,51.906304627178685],[11.339456283769216,51.904644531699155],[11.340847580337927,51.90123423175578]]]}},{"type":"Feature","id":"15085330","properties":{"ags8":"15085330","county_ags5":"15085","state_code":"15","name_de":"Thale","valid_at":"2026-01-01","source":"BKG_VG250_2026","part_count":1,"simplified_tolerance_m":80},"geometry":{"type":"Polygon","coordinates":[[[11.08341306369876,51.826771335303434],[11.09729251864954,51.82019702581236],[11.094102628039005,51.81707466896119],[11.08945271958984,51.80658159635998],[11.089814399043116,51.79864534285833],[11.086128713168554,51.796360642188944],[11.070710400310709,51.800169179205135],[11.067885951488169,51.79940008842294],[11.068270368000412,51.79648355088716],[11.064827256332627,51.7972826506911],[11.056126413762982,51.7964844662383],[11.055596825020467,51.791092045045545],[11.071009657940106,51.79394251981656],[11.079152513106134,51.79197788365393],[11.091441667990637,51.78595782600346],[11.093660874494795,51.78701971131109],[11.102501661820197,51.78514235187136],[11.10589285406283,51.780257344391224],[11.108773421095139,51.77983776275704],[11.108991757318792,51.77446598049305],[11.105494317292935,51.772396929423564],[11.106347906744539,51.77022656345606],[11.104329724615193,51.76847550710653],[11.111363011080677,51.768534338017425],[11.111954032045755,51.766198713613],[11.109218266164465,51.76428122403941],[11.112522805283332,51.763121680600364],[11.110416288907052,51.760631626420995],[11.112311868251576,51.75508457525801],[11.110071839958382,51.75104972599068],[11.114973359590362,51.74521733759472],[11.108773261494246,51.73746595706507],[11.105158909804777,51.735874151991176],[11.104410832246163,51.73190164713641],[11.10973779440006,51.72924012770708],[11.099733775754194,51.72337160624758],[11.092237604283637,51.72162414881896],[11.09056376012575,51.722584613364475],[11.086572406689898,51.72215220787581],[11.08792747129145,51.723216601457516],[11.086594419187685,51.723865883504665],[11.078372657077932,51.72228776076862],[11.075050902083557,51.723279846371184],[11.073642301287846,51.71996385845512],[11.064433457095772,51.71656151542746],[11.067250939669375,51.713863116832314],[11.064993068790836,51.71223629781634],[11.062951370483002,51.70575267292243],[11.071018583523253,51.7066170687288],[11.073394719255763,51.7030446441281],[11.067428521661128,51.69736817770997],[11.059525265056537,51.69586236634679],[11.057133093839274,51.69267456998841],[11.054810752486908,51.692182769909266],[11.057985476655738,51.690214109897916],[11.054374829987895,51.68700336152548],[11.061250431048128,51.67998080045453],[11.054650078113054,51.678814731711356],[11.044466949191056,51.67905166380098],[11.035305373833063,51.672143870342325],[11.031488143227358,51.67671768065647],[11.025872821109163,51.679162787541514],[11.01584897595287,51.679575778566054],[10.988557815050479,51.67160400357569],[10.983340068930822,51.67212024060099],[10.982089683174609,51.67017315061908],[10.975361483380182,51.67012841854453],[10.976482580851343,51.668027771640496],[10.975259447669083,51.664488154175466],[10.968398488994023,51.664110699881775],[10.960559300259208,51.66713725812485],[10.952383132116623,51.66106934205075],[10.94790263094633,51.664406029620956],[10.943042275510534,51.66294895225596],[10.933510353040214,51.663703717787136],[10.93605843673282,51.66600320762746],[10.93233368993265,51.66713587267114],[10.937384641593331,51.66733320736702],[10.94238741282343,51.67002247123722],[10.940560252388343,51.67109085079076],[10.936274898695247,51.67080986207863],[10.936248748638928,51.67261820457858],[10.940539386212246,51.67342995364468],[10.939966590177432,51.67705757132661],[10.950874178744966,51.67967937909063],[10.94924607218806,51.68161499630733],[10.941686902915547,51.68010855243446],[10.932124254139772,51.68063419409979],[10.91179447511916,51.67885030478549],[10.91319860971933,51.68370335845333],[10.906391820836408,51.68642579669446],[10.90888517706402,51.686867014027165],[10.908432492218363,51.688038081755714],[10.911334676221909,51.68725435429743],[10.910367368941674,51.692251037291754],[10.896310270104685,51.688825995492245],[10.895903181031773,51.69195802464584],[10.903890463223696,51.69326245940782],[10.90570293783506,51.695235413875025],[10.931511569034637,51.69346181745161],[10.94008972475537,51.694356827515016],[10.941303739500134,51.69649471530044],[10.931002617356093,51.69935616624768],[10.920198845643915,51.69896320933139],[10.919711658981305,51.701088030952874],[10.912888108401154,51.703801883158604],[10.911691152218244,51.71076914621637],[10.913193776558415,51.71592900014319],[10.915546306186538,51.71758692138121],[10.91384632434026,51.72028252733033],[10.916858212259474,51.724748902737765],[10.912584892530882,51.724736883301524],[10.901180323017371,51.727519876318006],[10.896172150824569,51.72632227148405],[10.894437275119376,51.72839715670867],[10.891810026978971,51.72779414801955],[10.89059910559041,51.729636625686204],[10.887230580785433,51.73017133588566],[10.886679130206627,51.73260590624179],[10.889558865590063,51.733909888826894],[10.889921581775774,51.736882399919104],[10.893309677821037,51.73990906917631],[10.901435719612065,51.74338801885264],[10.899567016090856,51.746776835727005],[10.910956969961797,51.748512618447975],[10.912207355245442,51.75191521965581],[10.916661732578953,51.751643797906475],[10.919610614947088,51.75427596317655],[10.925248031134029,51.751232456149445],[10.934668481150963,51.752941445469226],[10.936329306185582,51.75079428972583],[10.934174806502016,51.74980364811638],[10.941088433897429,51.74383173160453],[10.943805136711669,51.743038927871346],[10.946816750580327,51.73798395180699],[10.961058144346357,51.74050108809644],[10.96376264870022,51.73987596263456],[10.964884046849118,51.73742773815581],[10.966720643924374,51.73707776298924],[10.980313169624694,51.739325063646206],[10.983052243937424,51.74073530454735],[10.984131312314233,51.74547182958579],[10.98963036901829,51.74650849970031],[10.989869052948281,51.74806609473859],[10.992637114819429,51.74882367261128],[10.998621405431493,51.7464352897825],[11.00200394190791,51.7402086291537],[11.015135606569755,51.74784728999851],[11.012990641433518,51.75111684747751],[11.01631139702771,51.75348328549736],[11.012793963633325,51.752961893404944],[11.012307987465215,51.75486216547922],[11.009395273043097,51.756233129417254],[11.013536011779621,51.75836531101573],[11.012759831622281,51.761882129362625],[11.009277950329752,51.76265881197938],[11.01001709954285,51.76358391290035],[11.020151749273522,51.761386113832906],[11.028897038407727,51.761109457238355],[11.027769958660592,51.76245372965217],[11.030202848476323,51.765355130661696],[11.032622065850882,51.76485379847771],[11.03449224235883,51.77016673679757],[11.03375629938582,51.77626106163134],[11.03137832356321,51.77634315190933],[11.031253996024061,51.778591243698656],[11.03547484354544,51.78044921488221],[11.038163141124986,51.78583532342701],[11.03788839801132,51.78776422685416],[11.033442121802642,51.787118613089255],[11.032823548941009,51.78605937791417],[11.022176520309928,51.78756458855882],[11.022775507715501,51.78287504596436],[11.018383775020622,51.78441465133017],[11.016371694165912,51.782210422361565],[11.012127067908505,51.78394706614272],[11.01416961615727,51.78596396051152],[11.016939612738781,51.78496971157798],[11.019815618280798,51.787871830016066],[11.01873968796947,51.78960953947991],[11.022147303725339,51.7922365870864],[11.019387512959282,51.79358613730044],[11.023792792423174,51.796940238411146],[11.017800965594876,51.799512400947755],[11.015245353442927,51.79677077811347],[11.011686582309327,51.80158210347991],[11.009190795056414,51.80109106587837],[11.009191483587585,51.806726432374035],[11.021484821239927,51.80910472061599],[11.024011796747267,51.812258651052076],[11.029110239349894,51.81157984758987],[11.043297987348257,51.81595453393316],[11.041503048946149,51.81688910126389],[11.049073549939308,51.82521698688662],[11.055277389885399,51.82583404394076],[11.057670073915094,51.83843678749273],[11.079473762711475,51.82752830067984],[11.08341306369876,51.826771335303434]]]}},{"type":"Feature","id":"15085365","properties":{"ags8":"15085365","county_ags5":"15085","state_code":"15","name_de":"Wegeleben","valid_at":"2026-01-01","source":"BKG_VG250_2026","part_count":1,"simplified_tolerance_m":80},"geometry":{"type":"Polygon","coordinates":[[[11.190786607356788,51.92645531675519],[11.193834518391771,51.924366878317514],[11.194978804937355,51.926192881443946],[11.198208308530393,51.92622125990906],[11.20839570430803,51.92275947528322],[11.21031318446339,51.9173689647996],[11.222389198795092,51.91917650991973],[11.226263885361291,51.90872793155501],[11.24993124075092,51.9013568533673],[11.251783265713797,51.897270039532735],[11.256953003638824,51.896859399962636],[11.26162103176931,51.893411148747624],[11.271968710360957,51.89571029759105],[11.271728626582863,51.891843627648576],[11.246158832030714,51.881490753771374],[11.238219631756015,51.876830653319075],[11.232099708905993,51.8705134715222],[11.229255884245813,51.873006343538904],[11.22825762646719,51.87249569397213],[11.229051255506889,51.869229989946504],[11.233173832024349,51.8673718790575],[11.231764987218058,51.865833452854396],[11.233990428735773,51.865557899852],[11.230425864579363,51.863842346322805],[11.235063372411764,51.860576686543155],[11.233068927236776,51.85847065141748],[11.236520816459365,51.85629933725145],[11.234626412567957,51.8549383503723],[11.236507266064919,51.852403697374015],[11.23238896343165,51.85592907202822],[11.201595614202054,51.8581570870853],[11.1871511194231,51.860823374450916],[11.179498817986431,51.85139472499407],[11.174626048852701,51.85389638666413],[11.166382117887565,51.84348069778606],[11.157424318374076,51.84672419455685],[11.156531514130503,51.845244810551364],[11.151476263822921,51.847215775519665],[11.150403198986538,51.84530553246985],[11.153742516990905,51.844207680856364],[11.152502638067844,51.84282013617191],[11.145302582834507,51.84345187914682],[11.144479521235846,51.841499849675124],[11.140929432405791,51.841800900516],[11.140118904002051,51.844827120838254],[11.13517467770637,51.843830205999666],[11.135362551608022,51.847842860749154],[11.13774773627789,51.848063964618575],[11.14118147874092,51.86807922896167],[11.13907923286325,51.872561475156765],[11.14252001978917,51.87334353969445],[11.135307363418734,51.87874514969298],[11.134870154897651,51.88048498674879],[11.130327152386483,51.88012835450003],[11.131085354628654,51.88488459417623],[11.130145754872526,51.88756016252998],[11.128446595885901,51.887686105873705],[11.129215069617777,51.89347507753309],[11.128464812387085,51.89485951711483],[11.122813021715071,51.895103481378726],[11.126535843931807,51.902843090589656],[11.140669783369674,51.899864016229024],[11.143983362677089,51.90486571040401],[11.147250634304488,51.90554063347414],[11.14792835810763,51.90717415726344],[11.155141200315992,51.91063891003826],[11.165896713447722,51.911599701244995],[11.168993184644673,51.91049036562221],[11.174976430476963,51.91690666031879],[11.18024789792973,51.91937573715329],[11.17865094070989,51.920693923991585],[11.180805261786047,51.92061020621878],[11.179748918060714,51.92204431533515],[11.182249711909261,51.921958590768085],[11.183193010083194,51.92069171566614],[11.190786607356788,51.92645531675519]]]}},{"type":"Feature","id":"15085370","properties":{"ags8":"15085370","county_ags5":"15085","state_code":"15","name_de":"Wernigerode","valid_at":"2026-01-01","source":"BKG_VG250_2026","part_count":1,"simplified_tolerance_m":80},"geometry":{"type":"Polygon","coordinates":[[[10.817128269378939,51.88148549182644],[10.819968005604546,51.87811355364133],[10.82732192404954,51.880081531032424],[10.862824950045603,51.88335186149316],[10.863429867144475,51.87300624370362],[10.866934226911406,51.86626553947374],[10.875420541770461,51.86809211078189],[10.880013315608531,51.86646729323989],[10.880149859214649,51.86367821864685],[10.884608953594032,51.865220102323505],[10.885496139590764,51.859795549401056],[10.887153456829568,51.860313779770316],[10.88773706613629,51.856622721824905],[10.889379487377584,51.857270417318105],[10.893720511216813,51.838941652490426],[10.892966805060611,51.835273165660396],[10.891884109387517,51.83432319973136],[10.887275126064436,51.835318861101904],[10.88498759858093,51.83035426098163],[10.889610409350311,51.82828274652393],[10.888889974058086,51.8266856640754],[10.89213819492664,51.825627717967606],[10.890865843335646,51.82395447804239],[10.89360574333819,51.823513624893984],[10.900626635970486,51.8163115036674],[10.894184854075823,51.816620946892016],[10.889751986758771,51.814233720261655],[10.883149338576017,51.81437217389065],[10.876438318007786,51.81193781206953],[10.864224313539243,51.81087845787197],[10.858823186675759,51.80320352281058],[10.84934794833685,51.799417592696116],[10.847395589205588,51.79644571559921],[10.849139327631438,51.79491130582668],[10.84341299959748,51.79161756588939],[10.832101800118235,51.792162547866646],[10.824768159655967,51.7890433206207],[10.823911886860502,51.79102474328417],[10.819726233214721,51.791980664103875],[10.818645054102237,51.79503315262173],[10.808744213995823,51.79620181003896],[10.802024264643963,51.79360133991649],[10.797283628151623,51.78964617172245],[10.786097730037723,51.78704691519225],[10.782657898637394,51.78436541799599],[10.77764049279116,51.785134052628074],[10.775080207649237,51.7869489311603],[10.76644260747434,51.78196510458472],[10.749246782870012,51.780284306038936],[10.741897444935436,51.778239489196885],[10.737308020680809,51.77416466229225],[10.731322812369612,51.77203548682083],[10.730906880714802,51.770075205485895],[10.714661835249762,51.76476836478048],[10.709298229414475,51.76622985475816],[10.70751598481416,51.76970683438652],[10.7017350328821,51.77240638507007],[10.686434419067536,51.773149115827465],[10.693471997228468,51.76743448340562],[10.702469698831113,51.756264592141626],[10.70617473356944,51.75498978418403],[10.701928565835516,51.75190251427331],[10.697400178537611,51.75379928145492],[10.686476432849867,51.75504941363724],[10.67848701638621,51.758057341963514],[10.664381703922908,51.753795720581195],[10.651483300550005,51.7586706781188],[10.643934896134809,51.75535162250155],[10.636340068640402,51.75553152710309],[10.62291584449485,51.76023305046959],[10.605945562005216,51.76244442236196],[10.591200479770764,51.76898765069781],[10.589945375439655,51.77220011068349],[10.58152014474256,51.78000554804075],[10.580437275783542,51.78274999614614],[10.585087555095447,51.787631443938366],[10.583918723091408,51.79882296251473],[10.574174335703024,51.811126564181826],[10.577838117451385,51.81577181908023],[10.578735940134784,51.828652324912696],[10.585244391360016,51.83344609386776],[10.588155894303938,51.834775960077415],[10.59187749169542,51.83078496234918],[10.602430333599209,51.82920546111001],[10.607318340153824,51.82218385755867],[10.624771579719459,51.818613507472044],[10.634486709948922,51.82015014508749],[10.635701551092279,51.79915283445465],[10.644477743944721,51.78946305553413],[10.64887739433109,51.79080697535855],[10.648004792070973,51.80352802666316],[10.656679613038191,51.80707018718328],[10.660784254448362,51.81059100602693],[10.66276104289284,51.815517942878145],[10.655881556063376,51.824064059431414],[10.658468012744116,51.82477128912691],[10.671422817398012,51.82239642135104],[10.676897811094307,51.823000089552934],[10.680239009298624,51.827276988589375],[10.683159181057142,51.82779426436064],[10.682903961170943,51.82931492034252],[10.690468062294698,51.829303021114576],[10.696954905906304,51.831982126687926],[10.693666104858236,51.83365172956883],[10.696340017567397,51.83754243797814],[10.7062525331291,51.839549639293814],[10.71579814480859,51.843625668310146],[10.719876538212251,51.843087444021734],[10.719566181886222,51.84197256393722],[10.710744889043736,51.83751773583923],[10.71050907255888,51.83362305042741],[10.711988673924779,51.83643604692969],[10.71979120472978,51.84045189017263],[10.721654687936422,51.83842441234995],[10.72931099592429,51.839120521748114],[10.735325021203176,51.83670691983897],[10.740023141163507,51.83819978162311],[10.743952487937666,51.83437762313945],[10.748712447335414,51.83389097490117],[10.749771418597096,51.83551169201396],[10.742184155788678,51.83921656788357],[10.748084490561945,51.84389542333709],[10.751305767451099,51.848638325080664],[10.757895871370302,51.849764950964094],[10.75568748399987,51.85890924229508],[10.753145358145167,51.858880719614795],[10.75279224178531,51.85999658001603],[10.756213519149037,51.86169440366147],[10.751540386042224,51.86744754724936],[10.753161359929706,51.87151007982715],[10.75894543953547,51.86646011614251],[10.774246872035834,51.8786686757293],[10.813897174649284,51.887188224460154],[10.818446867718205,51.88297521969117],[10.817128269378939,51.88148549182644]]]}},{"type":"Feature","id":"15086005","properties":{"ags8":"15086005","county_ags5":"15086","state_code":"15","name_de":"Biederitz","valid_at":"2026-01-01","source":"BKG_VG250_2026","part_count":1,"simplified_tolerance_m":80},"geometry":{"type":"Polygon","coordinates":[[[11.732859814364632,52.19446901887336],[11.748338885173336,52.19119957718033],[11.753846575671835,52.193628161899575],[11.756249258042207,52.192806072728324],[11.753815978862399,52.19068126067222],[11.757221150005902,52.19046847608355],[11.75577163218896,52.1842954937976],[11.759464854037429,52.1742756865916],[11.75468527651377,52.171816152712026],[11.763417128707484,52.172245960461915],[11.763446515695046,52.168062673842336],[11.765847566792393,52.167605486393136],[11.775737871456736,52.16869415902052],[11.77581342973428,52.1703152094245],[11.778339507461066,52.170477930069154],[11.779144018686473,52.16097182608124],[11.791073024942857,52.16417826175827],[11.793113657876924,52.16034201224428],[11.795972049577534,52.159024665266124],[11.799052753601478,52.15934206224006],[11.809122637424931,52.15639354662487],[11.807261179710977,52.14768637138993],[11.80104219015897,52.149074368151176],[11.798073275862862,52.14083827019909],[11.810915791390798,52.14081707737985],[11.812141206050013,52.13657456339943],[11.801544314623465,52.13410865213584],[11.801590330338376,52.130626742430906],[11.79500564389281,52.13140897626904],[11.770589043575036,52.12497824783136],[11.765532383733895,52.128855598692525],[11.758034265719242,52.128655484005385],[11.757894927138388,52.12522054929843],[11.745548269233383,52.114725865677165],[11.740713386710317,52.10572636945102],[11.734072512015338,52.1022058432704],[11.729732910746018,52.10431966723204],[11.725186421784912,52.10197118720466],[11.729566900727555,52.09984312553125],[11.726112347005511,52.099553117161136],[11.725871891954105,52.10038320567794],[11.721745977387597,52.10013763280674],[11.717410948156003,52.10732460498498],[11.716354696517598,52.11477489313814],[11.714063994958112,52.115445898121905],[11.715655154154033,52.123004143308776],[11.721897124942682,52.13481333551957],[11.723359304905076,52.13497977416656],[11.722078000341986,52.140059517229815],[11.72407716179504,52.14206103254416],[11.718333370347313,52.14594288846035],[11.709019002057333,52.14645764846529],[11.704439088067767,52.151858911740995],[11.705966914198036,52.15904907939282],[11.711536126293904,52.158921364490126],[11.712100084780568,52.15974867859981],[11.706104557779783,52.15985691918999],[11.707463330472061,52.16577435383326],[11.704559974932248,52.16720788434063],[11.711812281409404,52.16778753090366],[11.710870346431852,52.17030683046829],[11.715986663014343,52.17069569231235],[11.718780251830852,52.17229544550594],[11.72183520362554,52.177935177172195],[11.719231795087428,52.1818888589604],[11.713370811533885,52.18423331974497],[11.703004695272659,52.18609926668428],[11.707649596234031,52.18893232579378],[11.70934523979606,52.187177756780464],[11.718329002563186,52.186494966649484],[11.722229466985793,52.189477659464245],[11.729361329189015,52.19123965983862],[11.732859814364632,52.19446901887336]]]}},{"type":"Feature","id":"15086015","properties":{"ags8":"15086015","county_ags5":"15086","state_code":"15","name_de":"Burg","valid_at":"2026-01-01","source":"BKG_VG250_2026","part_count":1,"simplified_tolerance_m":80},"geometry":{"type":"Polygon","coordinates":[[[11.935725047726109,52.34782797961088],[11.93857094328479,52.346889512972844],[11.940705859403728,52.341302949159925],[11.949360654161492,52.336881008565825],[11.946746227421658,52.333665240152506],[11.955009370113917,52.332600364768766],[11.964445122907653,52.334123054930316],[11.96811881586729,52.331192825330966],[11.947819380323981,52.32685181516653],[11.944257157931279,52.317404619584444],[11.955765297239617,52.31431517073623],[11.963664434789262,52.31430885723923],[11.968345675025263,52.31292931366115],[11.973918198046903,52.313679562158185],[11.973417743715514,52.311391859399336],[11.976583847498498,52.30813253293227],[11.975998327423914,52.2940343490024],[11.983842729885664,52.29236366200834],[11.980710963565581,52.28857924348049],[11.98551296676802,52.28517346080991],[11.984364563832857,52.284260848111394],[11.986832333091618,52.28142173988845],[11.9772736679993,52.277493742864735],[11.97792193890505,52.27596248215659],[11.968163371608373,52.273099159827005],[11.929876327646582,52.27022549005997],[11.929810696946275,52.26551180096711],[11.92455422391727,52.26434201074173],[11.923775753655681,52.25984477586716],[11.918703054896831,52.257772680018526],[11.91921332105744,52.256852387051985],[11.91373464693719,52.25265893429463],[11.917954277950596,52.251205742883634],[11.916871544665629,52.243797140554825],[11.911158518120809,52.24448372891187],[11.901382398185241,52.24298595871615],[11.905944660468116,52.22656424107733],[11.878043143118935,52.21951219560945],[11.864331983984057,52.223321486486405],[11.858312408898424,52.21701202956442],[11.849645041674298,52.21857635927335],[11.849828045057999,52.22910814752078],[11.846495950890326,52.22888479512566],[11.840013719029876,52.23950028733291],[11.836010546999079,52.24039059004717],[11.83577353479778,52.23931377364991],[11.833884484451765,52.239352820001656],[11.833696385829937,52.24042537902118],[11.829494258054531,52.24004031793657],[11.819329023133653,52.24268045698922],[11.816549428953966,52.24032724922526],[11.811768585076015,52.24019080556446],[11.798869934772165,52.23699408889568],[11.79720213478878,52.23504216661296],[11.798742853673922,52.23322711759919],[11.793216777833566,52.22582895481969],[11.78609495381678,52.226250558609806],[11.782181083950624,52.225227109171854],[11.781866041612979,52.21970309145351],[11.775146069005409,52.212007856586226],[11.765172219698115,52.21561293853535],[11.761878029500812,52.21826538627904],[11.737320810178469,52.22266861030124],[11.73001071623548,52.2215475586385],[11.7455834922079,52.2301660204795],[11.743626569181338,52.24208717053553],[11.739143270667432,52.2479805659251],[11.735927776913671,52.2456210481397],[11.726651514294682,52.24885574341343],[11.724738260031671,52.250719340691134],[11.7332613390263,52.25637084948998],[11.742569194375145,52.269146805251715],[11.755224376039472,52.27869373069019],[11.764968388020252,52.29512435802622],[11.764353992761762,52.30460265245991],[11.767389759489223,52.31132589019703],[11.786510539767132,52.3220513250286],[11.791331374445008,52.32024521986397],[11.796602419029991,52.32364404958477],[11.796747789232699,52.32734713394049],[11.7934479807916,52.329001848518786],[11.796512792031505,52.33142441134908],[11.80190029875177,52.333929662966106],[11.809048516578923,52.33485035463254],[11.818309880583746,52.334209281385505],[11.834916002305267,52.330211811039355],[11.844205211778974,52.33005414964653],[11.851885748433324,52.33157799917813],[11.863834037587287,52.33679491286637],[11.876594197445407,52.344457014347995],[11.90083997977266,52.35420230317765],[11.906170722597517,52.35939695812348],[11.909968622898948,52.36948090373955],[11.915951530554098,52.372249542159615],[11.919105802065626,52.36471383142784],[11.924056397550936,52.36203706938328],[11.926644283167109,52.35905518762799],[11.925056553050627,52.357744090371],[11.935725047726109,52.34782797961088]]]}},{"type":"Feature","id":"15086035","properties":{"ags8":"15086035","county_ags5":"15086","state_code":"15","name_de":"Elbe-Parey","valid_at":"2026-01-01","source":"BKG_VG250_2026","part_count":1,"simplified_tolerance_m":80},"geometry":{"type":"Polygon","coordinates":[[[12.037756126546535,52.4415566216099],[12.0400513601859,52.4413025343667],[12.045802178968579,52.443963125611575],[12.050168973248987,52.43869353912625],[12.048395558738205,52.43605083107273],[12.040282041821305,52.435732213765384],[12.037387749629971,52.433084656387685],[12.041092661496174,52.42666847727342],[12.0227740841637,52.41842412421345],[12.0259889176122,52.405877943845425],[12.036736615761077,52.40357424402204],[12.054963847454449,52.40997819192026],[12.074641288092701,52.4070595922805],[12.083296481177197,52.40850209593232],[12.085794952040883,52.4046911246986],[12.08016801776652,52.40486417507849],[12.069274261230916,52.40162465281435],[12.063213465144148,52.401794486513914],[12.06167642634566,52.398768052366606],[12.079104997914344,52.4005603851802],[12.078549915827352,52.39683123669201],[12.085954095757568,52.40002943290926],[12.08758302762819,52.39784903819577],[12.091325949056047,52.39911935685552],[12.092787788472286,52.39732924670466],[12.102254179138674,52.39394751436086],[12.094519068045791,52.39085161718854],[12.096143043596541,52.38960379904667],[12.089890627110993,52.387833630294594],[12.08611863575712,52.384681107731616],[12.089244084663076,52.38118555248353],[12.083911989275368,52.382551312985136],[12.08236196252397,52.379441322584206],[12.08390272702044,52.37853046790636],[12.081354601785373,52.37668818502303],[12.078878682440772,52.37694143981154],[12.07053535193608,52.372885918100366],[12.063696457579196,52.37317304158555],[12.06281540047853,52.37107957554069],[12.055168331192009,52.36583554153883],[12.045132978118403,52.366297901648444],[12.04781183041805,52.36300705982401],[12.047899790330169,52.36001044127702],[12.038824754443198,52.355863237899314],[12.033030330997445,52.347922406252444],[12.039744355537078,52.345380709158015],[12.035583054852387,52.3422316136291],[12.029580872785006,52.34107586550391],[12.032580180716247,52.33745535607366],[12.031497645145249,52.33666097869795],[12.038602970021028,52.33188255141587],[12.044559090471141,52.324885052279754],[12.036619550066222,52.31612313581111],[12.031933820005984,52.31440098380319],[12.03053713610273,52.307420201396795],[12.025784553096312,52.30432158758198],[12.02364955257482,52.30424247460697],[12.019959432864221,52.29533860884561],[11.993087517447856,52.2950915132147],[11.983842729885664,52.29236366200834],[11.975998327423914,52.2940343490024],[11.976583847498498,52.30813253293227],[11.973417743715514,52.311391859399336],[11.973918198046903,52.313679562158185],[11.968345675025263,52.31292931366115],[11.963664434789262,52.31430885723923],[11.955765297239617,52.31431517073623],[11.944257157931279,52.317404619584444],[11.947819380323981,52.32685181516653],[11.96811881586729,52.331192825330966],[11.964445122907653,52.334123054930316],[11.955009370113917,52.332600364768766],[11.946746227421658,52.333665240152506],[11.949360654161492,52.336881008565825],[11.940705859403728,52.341302949159925],[11.93857094328479,52.346889512972844],[11.936627045669377,52.34686519118726],[11.92639402018031,52.35629294987442],[11.925056553050627,52.357744090371],[11.926644283167109,52.35905518762799],[11.922214453905864,52.36357965320246],[11.919105802065626,52.36471383142784],[11.915951530554098,52.372249542159615],[11.93497460202171,52.372989695242076],[11.940560883087743,52.37533352366308],[11.940220792539199,52.38077963873499],[11.928178826359998,52.38808344436373],[11.928991222091783,52.39190566369166],[11.938385324564534,52.39601225441489],[11.960063782801074,52.39984909327218],[11.96649758126651,52.40385475173409],[11.977431522497854,52.419714053726274],[11.988398490042556,52.42646156958073],[11.992091116250824,52.43031228430675],[11.99398311161165,52.43543391846747],[11.992701201290458,52.44557811735317],[11.994463550899665,52.4509414474613],[12.002139182992853,52.46016729513112],[12.016682219108517,52.46697392299174],[12.024691651575782,52.46256419258266],[12.024417646530027,52.45969829003572],[12.028274664055408,52.456965451232875],[12.02514866696164,52.452102482163355],[12.032162182647236,52.44930972236422],[12.031120787314853,52.447805247072736],[12.037756126546535,52.4415566216099]]]}},{"type":"Feature","id":"15086040","properties":{"ags8":"15086040","county_ags5":"15086","state_code":"15","name_de":"Genthin","valid_at":"2026-01-01","source":"BKG_VG250_2026","part_count":1,"simplified_tolerance_m":80},"geometry":{"type":"MultiPolygon","coordinates":[[[[12.231524058239055,52.2048428013849],[12.226813945875799,52.20799285646856],[12.22379137310293,52.216426259735606],[12.226832009091858,52.215754619573055],[12.229493069209358,52.20970492379982],[12.234854648382797,52.20690629755513],[12.231524058239055,52.2048428013849]]],[[[12.158550428323291,52.45681815722626],[12.169386487333387,52.457172067585354],[12.174210230405697,52.453452954538776],[12.16245707068302,52.44341519631229],[12.174169903070988,52.43736078470341],[12.172127628606315,52.42631843216456],[12.16980614014542,52.42356602234569],[12.164843110033766,52.422000099221535],[12.166582282746962,52.42009595300375],[12.169075835556534,52.42068205518443],[12.174603224066926,52.417224256462795],[12.181544263645062,52.41809753790042],[12.186628027950857,52.415957355942005],[12.191404220379797,52.4080011257809],[12.200214249813934,52.408758414454596],[12.203870797265921,52.41170218940013],[12.204425674619637,52.40926550210484],[12.210858795945427,52.40739071207725],[12.227084961330176,52.41057931200656],[12.240292616288956,52.401024249863546],[12.243738832217279,52.40076739755828],[12.234159377687567,52.39415016259395],[12.228507789958185,52.397847887915916],[12.223215734383235,52.39867053132512],[12.214927443523134,52.394201259413116],[12.21386871625462,52.39188646462573],[12.216660984404445,52.387609598473254],[12.216251152738975,52.37763910465473],[12.204508815710307,52.37304751133136],[12.200162726881537,52.37433253594394],[12.190675408160542,52.37297314663274],[12.196411513263692,52.362942893736275],[12.20328347174506,52.35814977322693],[12.193684806993575,52.35675975396851],[12.197846732822564,52.35502423927875],[12.193242692778211,52.35074462771197],[12.24780603959597,52.32452501068549],[12.238486504849172,52.31322252731824],[12.247545276840194,52.30850403927917],[12.272981507286875,52.30477498678099],[12.262765171247391,52.29507163093315],[12.263366742571083,52.29377742784118],[12.252132849518986,52.27535635223472],[12.25110343593562,52.26422725109489],[12.254671782987325,52.26188513915119],[12.247759880581961,52.2553022230238],[12.244648068612698,52.248438172204686],[12.26154151480952,52.246087575374304],[12.25800799174577,52.24315304079758],[12.253256025729652,52.24426606609714],[12.246278752668447,52.2370448140442],[12.246526494555754,52.235115934496214],[12.243657840511826,52.23520272586463],[12.243182740336634,52.23227055775024],[12.23621547610874,52.2329537758176],[12.238160750469065,52.230199592010585],[12.230698025218837,52.2315942093464],[12.226231909673457,52.22859986106276],[12.22537989123207,52.22662390604682],[12.227180578721729,52.22582423624424],[12.226328973440575,52.22309256770801],[12.227898439110882,52.22123959641215],[12.21717013308334,52.223972641132],[12.21943956677355,52.22683618685092],[12.21852753777273,52.228306257714536],[12.202663336201306,52.23066469321757],[12.202048651831769,52.23687954627275],[12.199780383140247,52.237130265235216],[12.199711322726932,52.238438749760505],[12.203413319174052,52.23887101714275],[12.217633501339169,52.237403566351716],[12.221756919485449,52.24494796089615],[12.211328477486525,52.24386736893518],[12.212573306611937,52.24162499955656],[12.202143852808193,52.24175569839179],[12.195892038440107,52.2446422728934],[12.189831046834176,52.25147875391069],[12.190349674520496,52.252899607884075],[12.187201653450321,52.254849913027726],[12.18752457247115,52.25642871609777],[12.176763587190417,52.25566892278943],[12.177319006852663,52.26059306518116],[12.181717422344532,52.262276995026546],[12.1752952624631,52.268583365366396],[12.17263308699057,52.26599365768063],[12.17250307008805,52.26294544236025],[12.164145242683905,52.25438631288967],[12.161627597300793,52.255018453009754],[12.156402886377956,52.25394139837795],[12.150091842935337,52.249033482710765],[12.11780852076359,52.242258945146325],[12.107029753340523,52.2445181621309],[12.09073766568459,52.244654695369114],[12.090541178059203,52.25030684809451],[12.088435217563784,52.25085656560935],[12.088125007319732,52.253703433803416],[12.09131461003483,52.25353516078175],[12.106100054723344,52.263692325276175],[12.110297144073256,52.269960218045036],[12.11423522145522,52.27223721090073],[12.114935347219198,52.274998557274536],[12.120554787803409,52.27466181976362],[12.121938496502976,52.277251954324505],[12.119350423742564,52.279104146742725],[12.104401626044861,52.27901360874587],[12.101248172064276,52.28091232490705],[12.097561157418024,52.281330675315495],[12.096995732493493,52.2802788030246],[12.088953384968166,52.2788902426183],[12.08131974053439,52.28078138376801],[12.080101046078912,52.28785923195923],[12.077931277111553,52.287896806011695],[12.079303114032088,52.29188190267778],[12.075350417993942,52.29464165147548],[12.078149055988838,52.297051716460544],[12.07679135550843,52.30479697776172],[12.068963682916143,52.30673477242185],[12.063416764000852,52.299979422485926],[12.056532630056871,52.30076164889552],[12.055408296828345,52.30219756576019],[12.04882447703593,52.3040459385634],[12.0359371605046,52.303096212133475],[12.027152136422556,52.304971552371434],[12.03053713610273,52.307420201396795],[12.031933820005984,52.31440098380319],[12.036619550066222,52.31612313581111],[12.044559090471141,52.324885052279754],[12.038602970021028,52.33188255141587],[12.031497645145249,52.33666097869795],[12.032580180716247,52.33745535607366],[12.029580872785006,52.34107586550391],[12.035583054852387,52.3422316136291],[12.039744355537078,52.345380709158015],[12.033030330997445,52.347922406252444],[12.038824754443198,52.355863237899314],[12.047899790330169,52.36001044127702],[12.04781183041805,52.36300705982401],[12.045132978118403,52.366297901648444],[12.055168331192009,52.36583554153883],[12.06281540047853,52.37107957554069],[12.063696457579196,52.37317304158555],[12.07053535193608,52.372885918100366],[12.078878682440772,52.37694143981154],[12.081354601785373,52.37668818502303],[12.08390272702044,52.37853046790636],[12.08236196252397,52.379441322584206],[12.083911989275368,52.382551312985136],[12.089244084663076,52.38118555248353],[12.08611863575712,52.384681107731616],[12.089890627110993,52.387833630294594],[12.096143043596541,52.38960379904667],[12.094519068045791,52.39085161718854],[12.102254179138674,52.39394751436086],[12.092787788472286,52.39732924670466],[12.091325949056047,52.39911935685552],[12.08758302762819,52.39784903819577],[12.085954095757568,52.40002943290926],[12.078549915827352,52.39683123669201],[12.079104997914344,52.4005603851802],[12.06167642634566,52.398768052366606],[12.063213465144148,52.401794486513914],[12.069274261230916,52.40162465281435],[12.08016801776652,52.40486417507849],[12.085794952040883,52.4046911246986],[12.082107632357383,52.41335589223902],[12.088018544736036,52.421842799248346],[12.097588398334114,52.428346661654864],[12.100121235070864,52.433872663712506],[12.103929653106723,52.43584017600146],[12.113409697234157,52.43708146857474],[12.107569921999701,52.44104379974812],[12.108001219682594,52.444389058376814],[12.110520951326837,52.4460118248348],[12.10862156900725,52.44704351135742],[12.111395926033342,52.44928217101957],[12.12856282558274,52.45335975870049],[12.132649371676216,52.45601194460397],[12.146740293427722,52.45438970801492],[12.150549335590668,52.45787266059352],[12.15646358888842,52.45922427401096],[12.158550428323291,52.45681815722626]]]]}},{"type":"Feature","id":"15086055","properties":{"ags8":"15086055","county_ags5":"15086","state_code":"15","name_de":"Gommern","valid_at":"2026-01-01","source":"BKG_VG250_2026","part_count":1,"simplified_tolerance_m":80},"geometry":{"type":"Polygon","coordinates":[[[11.851428730340263,52.13870049872006],[11.860365861510937,52.13154621337054],[11.86061090878095,52.124139684493606],[11.888681304238373,52.12396225070516],[11.896607276100045,52.11639589779133],[11.89184807805022,52.10572447949535],[11.914264822892493,52.102699774756275],[11.920343896614355,52.10426999253067],[11.93341146846346,52.10068621847441],[11.9538336398093,52.09872545096473],[11.960361853762873,52.09621786050516],[11.964415325239774,52.09308018441865],[11.981589667016586,52.09167170930496],[11.994983982426309,52.08799549670947],[11.999181013358552,52.08788942597534],[11.995058351577873,52.07758612509796],[11.99183322974767,52.07719465760012],[11.987485043442831,52.07861641791476],[11.9887125087292,52.07353479148996],[11.993042071566231,52.06909662042181],[12.002234568745115,52.06899420886703],[12.009541215048474,52.06658984028109],[12.032582162986948,52.06805939402954],[12.038450458657678,52.06375540128156],[12.033470905115005,52.06455725251523],[12.032430307886381,52.05882172330317],[12.025371283753485,52.04899781728143],[12.020783216970642,52.050118035685536],[12.017345947094265,52.038978867944344],[12.005978486578936,52.030108259352296],[12.003903465475641,52.03087219404126],[12.004150350653578,52.033478139436404],[11.994258032707434,52.03340462875869],[11.98691004795165,52.02595725663598],[11.96649704170607,52.02476171501325],[11.96410156211283,52.0205807126952],[11.959852231503092,52.01768192678343],[11.96066819082439,52.01630442717958],[11.952566507556858,52.01283177596981],[11.952307689405606,52.00839055333182],[11.938812923236664,52.00413664740863],[11.927759865026104,52.00381744881952],[11.921361363455537,52.001085042117516],[11.890805287857974,52.00139634359616],[11.88932361151149,52.01060814386978],[11.87767962633891,52.0237253279279],[11.870355977817336,52.02652669730197],[11.861785081791654,52.02570729792683],[11.85764048471011,52.02756286537519],[11.853535518251268,52.02782546761713],[11.849183460400724,52.030078930684994],[11.848189648167477,52.03442643592286],[11.841141722408757,52.03532460692079],[11.836888286877647,52.03750451853496],[11.838628041848558,52.04158732743734],[11.83719196894139,52.044140638302565],[11.84235069815051,52.0427699046944],[11.847907836754617,52.04310211836534],[11.849364999416526,52.049904860090116],[11.853683386144004,52.05183510912533],[11.847403959145767,52.05756489751523],[11.834083450169944,52.063148373249454],[11.814798476159982,52.06250786108852],[11.811261279312316,52.06514153605832],[11.801048662613013,52.06857809789581],[11.780943017953367,52.067582559636236],[11.776163872993845,52.0701282508554],[11.77361321946329,52.06729083637348],[11.765943011842365,52.0688801095221],[11.762358385752902,52.07307152158256],[11.763332391238198,52.07647239978165],[11.766539366104462,52.07741474203262],[11.766402002069754,52.079048565107016],[11.760055146745083,52.07863971405832],[11.762405379487122,52.08048121312276],[11.7599723607701,52.08277392049849],[11.760176633820492,52.08486783083328],[11.748724385185833,52.093201512496904],[11.745703037589918,52.09988165314758],[11.73960261674201,52.1009071215561],[11.731399094630149,52.099630655405136],[11.725815590351116,52.10094126068866],[11.725186421784912,52.10197118720466],[11.729732910746018,52.10431966723204],[11.734072512015338,52.1022058432704],[11.740713386710317,52.10572636945102],[11.745548269233383,52.114725865677165],[11.757894927138388,52.12522054929843],[11.758034265719242,52.128655484005385],[11.765532383733895,52.128855598692525],[11.770589043575036,52.12497824783136],[11.79500564389281,52.13140897626904],[11.801590330338376,52.130626742430906],[11.801544314623465,52.13410865213584],[11.812141206050013,52.13657456339943],[11.810915791390798,52.14081707737985],[11.81666224458293,52.14122068407398],[11.834266894423454,52.138281648240216],[11.836244152604664,52.142361696547184],[11.851298196979432,52.14265120260169],[11.851428730340263,52.13870049872006]]]}},{"type":"Feature","id":"15086080","properties":{"ags8":"15086080","county_ags5":"15086","state_code":"15","name_de":"Jerichow","valid_at":"2026-01-01","source":"BKG_VG250_2026","part_count":1,"simplified_tolerance_m":80},"geometry":{"type":"Polygon","coordinates":[[[11.993299825623842,52.51894057129063],[12.00981575381888,52.520308846975055],[12.012344708672744,52.52315539840836],[12.020613972067759,52.52479630333397],[12.037422690824501,52.52300002854779],[12.03829499646903,52.524356079994305],[12.047538312793513,52.526837206249404],[12.051017991041338,52.52511048601436],[12.060081519477198,52.53087601764345],[12.062745027423281,52.53493407516419],[12.074618538379788,52.539960494427454],[12.077374620651012,52.539888492317544],[12.081083888719867,52.53505475527182],[12.088682663755803,52.5338814930034],[12.091573574980078,52.53054530750513],[12.103210403376746,52.524355621695506],[12.102434220056157,52.51996749128016],[12.104321791736407,52.51378017966196],[12.103034876725603,52.51160780823211],[12.112495718270315,52.50657486538041],[12.137266957887451,52.50795844396989],[12.141447380852654,52.51374961730961],[12.144976806130039,52.50754798223909],[12.150780472448856,52.50582251987406],[12.152332456135117,52.50353450115191],[12.154504011401034,52.50406238964845],[12.162397743026213,52.5009886931367],[12.171291055417907,52.5061824587737],[12.181379013385925,52.49965427782086],[12.184704165230968,52.49577606998762],[12.190584762912932,52.49886601617462],[12.19681252378922,52.49907529258769],[12.201061612679908,52.49724331309938],[12.20719318069922,52.499189482933915],[12.21149998584511,52.50313123251613],[12.217461337142602,52.500212901225815],[12.221679469675284,52.500665416859036],[12.227764066080043,52.50594845685812],[12.22390434443818,52.50946689895462],[12.223998206252775,52.51152545370935],[12.231639872212842,52.516228303344164],[12.232736640635908,52.51904601816267],[12.231046923099502,52.521876789128335],[12.235559416672986,52.523781831266994],[12.244983569270545,52.521522893924065],[12.246767471599128,52.51886145798912],[12.254409586110267,52.5193351377761],[12.258216197444634,52.51788539952],[12.257489184448886,52.511374439228256],[12.25992174430276,52.50423264285814],[12.270083395981281,52.50099835880365],[12.26245199698001,52.495470160422705],[12.270005176120833,52.4936710856923],[12.271445310463548,52.4874808364409],[12.278444491863027,52.4871837378654],[12.28530365397751,52.49260397736322],[12.294374019442158,52.492464094377894],[12.29714312215227,52.49614079098333],[12.310688321176416,52.4908731365823],[12.320756162968209,52.49551360536303],[12.32988928783675,52.49686036956091],[12.32766600177252,52.49141276634794],[12.324272843150869,52.49204892384993],[12.313051598650297,52.48970861082871],[12.309361243258806,52.48626484081745],[12.310161733336033,52.483095364483425],[12.308295309806763,52.4802897992021],[12.309339355539473,52.47841202604653],[12.312110917099783,52.478091480017845],[12.316860971071822,52.47503935231021],[12.323625209711766,52.47651747146137],[12.327456916612572,52.479486867030346],[12.330781528840706,52.47855566348638],[12.325258973788413,52.472090666377696],[12.325116194392644,52.46423058708477],[12.315363520776577,52.46088774590873],[12.31729284140082,52.456522688690086],[12.31668368553136,52.452384847146334],[12.306360757945594,52.45162269184548],[12.304342700367048,52.45050151724937],[12.304809548742151,52.44746295188454],[12.303247387756215,52.44595709852992],[12.307568268896219,52.44430900402953],[12.302287678298352,52.438811762474614],[12.30267522261982,52.43449313818423],[12.289252413640494,52.43069493118484],[12.296989636271915,52.42377807823705],[12.293404016582144,52.42349265499211],[12.27446966399347,52.41606189036981],[12.274842409276184,52.4122676082382],[12.292336439617806,52.407537104371826],[12.29940127571475,52.40911379419073],[12.302325983578063,52.405012810987365],[12.301181178423494,52.40103576728778],[12.30329161039339,52.397549664953374],[12.300827686758968,52.394779862966054],[12.295366167342786,52.392423670874166],[12.291807441315289,52.38614360883958],[12.294265473629789,52.381419995565864],[12.30561458159413,52.37848815841946],[12.30598950767291,52.377433241655424],[12.300648289578833,52.37108682847979],[12.289645388914318,52.37016590203088],[12.28609440707872,52.368876320250656],[12.28381138096719,52.36425454481435],[12.297977371624219,52.3532786182489],[12.297746123212766,52.35079913258678],[12.306803732061699,52.34657306877227],[12.308127561593507,52.34469653037066],[12.302811892897076,52.34006356371237],[12.290055733138121,52.32300232216618],[12.284384029299746,52.32152734603811],[12.281530267572276,52.318416279323465],[12.272981507286875,52.30477498678099],[12.247545276840194,52.30850403927917],[12.238486504849172,52.31322252731824],[12.24780603959597,52.32452501068549],[12.193242692778211,52.35074462771197],[12.197846732822564,52.35502423927875],[12.193684806993575,52.35675975396851],[12.20328347174506,52.35814977322693],[12.196411513263692,52.362942893736275],[12.190675408160542,52.37297314663274],[12.200162726881537,52.37433253594394],[12.204508815710307,52.37304751133136],[12.216251152738975,52.37763910465473],[12.216660984404445,52.387609598473254],[12.21386871625462,52.39188646462573],[12.214927443523134,52.394201259413116],[12.223215734383235,52.39867053132512],[12.228507789958185,52.397847887915916],[12.234159377687567,52.39415016259395],[12.243738832217279,52.40076739755828],[12.240292616288956,52.401024249863546],[12.227084961330176,52.41057931200656],[12.210858795945427,52.40739071207725],[12.204425674619637,52.40926550210484],[12.203870797265921,52.41170218940013],[12.200214249813934,52.408758414454596],[12.191404220379797,52.4080011257809],[12.186628027950857,52.415957355942005],[12.181544263645062,52.41809753790042],[12.174603224066926,52.417224256462795],[12.169075835556534,52.42068205518443],[12.166582282746962,52.42009595300375],[12.164843110033766,52.422000099221535],[12.16980614014542,52.42356602234569],[12.172127628606315,52.42631843216456],[12.174169903070988,52.43736078470341],[12.16245707068302,52.44341519631229],[12.174210230405697,52.453452954538776],[12.169386487333387,52.457172067585354],[12.158550428323291,52.45681815722626],[12.15646358888842,52.45922427401096],[12.150549335590668,52.45787266059352],[12.146740293427722,52.45438970801492],[12.132649371676216,52.45601194460397],[12.12856282558274,52.45335975870049],[12.111395926033342,52.44928217101957],[12.10862156900725,52.44704351135742],[12.110520951326837,52.4460118248348],[12.108001219682594,52.444389058376814],[12.107569921999701,52.44104379974812],[12.113409697234157,52.43708146857474],[12.103929653106723,52.43584017600146],[12.100121235070864,52.433872663712506],[12.097588398334114,52.428346661654864],[12.088018544736036,52.421842799248346],[12.082107632357383,52.41335589223902],[12.083296481177197,52.40850209593232],[12.074641288092701,52.4070595922805],[12.054963847454449,52.40997819192026],[12.036736615761077,52.40357424402204],[12.0259889176122,52.405877943845425],[12.0227740841637,52.41842412421345],[12.041092661496174,52.42666847727342],[12.037387749629971,52.433084656387685],[12.040282041821305,52.435732213765384],[12.048395558738205,52.43605083107273],[12.05006907817051,52.44031319405231],[12.045802178968579,52.443963125611575],[12.0400513601859,52.4413025343667],[12.037756126546535,52.4415566216099],[12.031120787314853,52.447805247072736],[12.032162182647236,52.44930972236422],[12.02514866696164,52.452102482163355],[12.028135894174651,52.45746699501869],[12.024417646530027,52.45969829003572],[12.024450873809787,52.462846084016945],[12.018704862564343,52.46651666671512],[12.016682219108517,52.46697392299174],[12.012074844098743,52.46529588063299],[12.009224806472538,52.462876055035466],[12.002139182992853,52.46016729513112],[11.999845258379947,52.464658832527896],[11.98949725712771,52.47192768523285],[11.987043222055442,52.475214119150735],[11.98569872369813,52.4920058119992],[11.983272270016593,52.49661398342755],[11.973906844433476,52.50616528243189],[11.963141399651482,52.512364308690046],[11.960035898269458,52.516910299627796],[11.962003879741452,52.522712154385005],[11.977359843045392,52.53368104092496],[11.980155165326929,52.53748736559559],[11.985456188453742,52.55056295322748],[11.985723046214009,52.567513912071895],[11.988505563720977,52.575736323669545],[11.998665077417794,52.570951559746504],[11.9945264376447,52.567252283935666],[11.99512858916334,52.56273868608238],[11.99850142464794,52.559881618071365],[11.996271905721894,52.55498939430287],[11.999111461839636,52.54635551605701],[11.992255481452709,52.54299568343503],[11.991181928054345,52.54005804472873],[11.992778150614795,52.53642103018764],[11.988172304472323,52.53549085623514],[11.987283660032192,52.53196734875114],[11.993243339805158,52.52610089817505],[11.990703246044662,52.51978222267001],[11.993299825623842,52.51894057129063]]]}},{"type":"Feature","id":"15086140","properties":{"ags8":"15086140","county_ags5":"15086","state_code":"15","name_de":"Möckern","valid_at":"2026-01-01","source":"BKG_VG250_2026","part_count":1,"simplified_tolerance_m":80},"geometry":{"type":"Polygon","coordinates":[[[12.07679135550843,52.30479697776172],[12.078149055988838,52.297051716460544],[12.075350417993942,52.29464165147548],[12.079303114032088,52.29188190267778],[12.077931277111553,52.287896806011695],[12.080101046078912,52.28785923195923],[12.08131974053439,52.28078138376801],[12.088953384968166,52.2788902426183],[12.096995732493493,52.2802788030246],[12.097561157418024,52.281330675315495],[12.101248172064276,52.28091232490705],[12.104401626044861,52.27901360874587],[12.119350423742564,52.279104146742725],[12.121938496502976,52.277251954324505],[12.120554787803409,52.27466181976362],[12.114935347219198,52.274998557274536],[12.11423522145522,52.27223721090073],[12.110297144073256,52.269960218045036],[12.106100054723344,52.263692325276175],[12.09131461003483,52.25353516078175],[12.088125007319732,52.253703433803416],[12.088435217563784,52.25085656560935],[12.090541178059203,52.25030684809451],[12.09073766568459,52.244654695369114],[12.107029753340523,52.2445181621309],[12.11780852076359,52.242258945146325],[12.150091842935337,52.249033482710765],[12.156402886377956,52.25394139837795],[12.161627597300793,52.255018453009754],[12.164145242683905,52.25438631288967],[12.17250307008805,52.26294544236025],[12.17263308699057,52.26599365768063],[12.1752952624631,52.268583365366396],[12.181717422344532,52.262276995026546],[12.177319006852663,52.26059306518116],[12.176763587190417,52.25566892278943],[12.18752457247115,52.25642871609777],[12.187201653450321,52.254849913027726],[12.190349674520496,52.252899607884075],[12.189831046834176,52.25147875391069],[12.195892038440107,52.2446422728934],[12.202143852808193,52.24175569839179],[12.212573306611937,52.24162499955656],[12.211328477486525,52.24386736893518],[12.221756919485449,52.24494796089615],[12.217633501339169,52.237403566351716],[12.199711322726932,52.238438749760505],[12.199780383140247,52.237130265235216],[12.202048651831769,52.23687954627275],[12.202663336201306,52.23066469321757],[12.21852753777273,52.228306257714536],[12.21943956677355,52.22683618685092],[12.21717013308334,52.223972641132],[12.227898439110882,52.22123959641215],[12.226328973440575,52.22309256770801],[12.227180578721729,52.22582423624424],[12.22537989123207,52.22662390604682],[12.226231909673457,52.22859986106276],[12.230698025218837,52.2315942093464],[12.238160750469065,52.230199592010585],[12.23621547610874,52.2329537758176],[12.243182740336634,52.23227055775024],[12.243657840511826,52.23520272586463],[12.246526494555754,52.235115934496214],[12.246278752668447,52.2370448140442],[12.253256025729652,52.24426606609714],[12.270680743881497,52.24172249669508],[12.269780174891448,52.24032541281809],[12.275263787849664,52.23627385684409],[12.26450703846873,52.23603295157012],[12.264238204981597,52.23688951278778],[12.261745498905796,52.23609852495609],[12.264532505109797,52.233547427293345],[12.273967338937878,52.23500042088582],[12.283780377267535,52.234512758605],[12.286482288066786,52.233176951131945],[12.285894329066172,52.23127842113704],[12.288616191111052,52.22921964147726],[12.289686335315867,52.23009720736842],[12.294196721393156,52.22966982900449],[12.27882784925434,52.21704284962858],[12.267668205751463,52.21450869944444],[12.260264718396531,52.2164507117356],[12.248921058924045,52.21173723910085],[12.245249262521506,52.207388941064124],[12.253675191507277,52.20564634414306],[12.25094844283747,52.20103496728111],[12.242294149349005,52.196078156463685],[12.241800132664586,52.19427700610755],[12.245352630823104,52.18656897893768],[12.248291792004956,52.184222872959694],[12.241560411207493,52.18198191670947],[12.231820695240767,52.18409364239396],[12.228585190875307,52.18598478112898],[12.216783136638245,52.170068599205],[12.220466266807634,52.16666734039253],[12.234003842282167,52.16279355789302],[12.231304278792527,52.154951435182],[12.23713061126615,52.15012552798198],[12.245320007478025,52.13873301483846],[12.263159808826275,52.13275795103196],[12.265110133874998,52.13065982281874],[12.268776466866493,52.12384876767481],[12.271963649566487,52.11005387383642],[12.276724287666761,52.10401797860795],[12.272849324335677,52.10170032060495],[12.266906977919279,52.10030388294537],[12.244938064853379,52.10132576362222],[12.23440335384096,52.103038830658775],[12.212852014254288,52.102234353928424],[12.206255231526486,52.09854107160798],[12.204571467305968,52.08874034469757],[12.195016751789918,52.086717138677706],[12.18485991897407,52.078691654181775],[12.178396120060858,52.07646151587584],[12.157514387729398,52.074819084224316],[12.135330394910543,52.06941215660311],[12.127999483863459,52.06935048180867],[12.118544440764229,52.07194429250183],[12.108196603252237,52.07203924741687],[12.106901594237376,52.07339723064039],[12.098134823490236,52.07529006113216],[12.074610991116382,52.075636126991036],[12.075557718542067,52.073050550108526],[12.069059704797764,52.064589242590024],[12.060407452101481,52.05791916169641],[12.056984558877922,52.05727114297478],[12.038883825418056,52.063192013979496],[12.032582162986948,52.06805939402954],[12.009541215048474,52.06658984028109],[12.002234568745115,52.06899420886703],[11.993042071566231,52.06909662042181],[11.9887125087292,52.07353479148996],[11.987485043442831,52.07861641791476],[11.99183322974767,52.07719465760012],[11.995058351577873,52.07758612509796],[11.999181013358552,52.08788942597534],[11.994983982426309,52.08799549670947],[11.981589667016586,52.09167170930496],[11.964415325239774,52.09308018441865],[11.960361853762873,52.09621786050516],[11.9538336398093,52.09872545096473],[11.93341146846346,52.10068621847441],[11.920343896614355,52.10426999253067],[11.914264822892493,52.102699774756275],[11.89184807805022,52.10572447949535],[11.896607276100045,52.11639589779133],[11.888681304238373,52.12396225070516],[11.86061090878095,52.124139684493606],[11.860365861510937,52.13154621337054],[11.851428730340263,52.13870049872006],[11.851298196979432,52.14265120260169],[11.836244152604664,52.142361696547184],[11.834266894423454,52.138281648240216],[11.81666224458293,52.14122068407398],[11.798073275862862,52.14083827019909],[11.80104219015897,52.149074368151176],[11.807261179710977,52.14768637138993],[11.809122637424931,52.15639354662487],[11.799052753601478,52.15934206224006],[11.795972049577534,52.159024665266124],[11.793113657876924,52.16034201224428],[11.791073024942857,52.16417826175827],[11.779144018686473,52.16097182608124],[11.778339507461066,52.170477930069154],[11.796194465984064,52.17188615803489],[11.810987402913794,52.174450597612584],[11.825590093799681,52.17446053645927],[11.830583416611617,52.18055818146262],[11.828902964465648,52.185119711225504],[11.83416741836303,52.18646444107066],[11.832974724544925,52.19465483910477],[11.849251923488044,52.19822992257236],[11.875837449715819,52.19903630753801],[11.876363180476531,52.19562985646265],[11.880458254336837,52.19454815871222],[11.885389752077065,52.198118781826615],[11.883510940820056,52.19958652488595],[11.88533440889662,52.20176039789224],[11.883098617532601,52.20333353502393],[11.885836975637607,52.21146100419833],[11.913455224952477,52.21004952227329],[11.95701305784752,52.221635617950334],[11.950899142423195,52.228744617907516],[11.95282982802376,52.23320112019406],[11.946199442919063,52.23340732561837],[11.947061616821731,52.23653643683802],[11.942275622474915,52.23670212495661],[11.941476068724139,52.24561753469504],[11.936362820808288,52.247780285949915],[11.935190063844686,52.25053147544647],[11.938606521780107,52.25278135204008],[11.923634369626221,52.261873460844164],[11.92455422391727,52.26434201074173],[11.929810696946275,52.26551180096711],[11.929876327646582,52.27022549005997],[11.968163371608373,52.273099159827005],[11.97792193890505,52.27596248215659],[11.9772736679993,52.277493742864735],[11.986832333091618,52.28142173988845],[11.984364563832857,52.284260848111394],[11.98551296676802,52.28517346080991],[11.980710963565581,52.28857924348049],[11.983842729885664,52.29236366200834],[11.993087517447856,52.2950915132147],[12.019959432864221,52.29533860884561],[12.02364955257482,52.30424247460697],[12.027152136422556,52.304971552371434],[12.0359371605046,52.303096212133475],[12.04882447703593,52.3040459385634],[12.055408296828345,52.30219756576019],[12.056532630056871,52.30076164889552],[12.063416764000852,52.299979422485926],[12.068963682916143,52.30673477242185],[12.07679135550843,52.30479697776172]],[[12.226813945875799,52.20799285646856],[12.231524058239055,52.2048428013849],[12.234854648382797,52.20690629755513],[12.229493069209358,52.20970492379982],[12.226832009091858,52.215754619573055],[12.22379137310293,52.216426259735606],[12.226813945875799,52.20799285646856]]]}},{"type":"Feature","id":"15086145","properties":{"ags8":"15086145","county_ags5":"15086","state_code":"15","name_de":"Möser","valid_at":"2026-01-01","source":"BKG_VG250_2026","part_count":1,"simplified_tolerance_m":80},"geometry":{"type":"Polygon","coordinates":[[[11.941476068724139,52.24561753469504],[11.942275622474915,52.23670212495661],[11.947061616821731,52.23653643683802],[11.946199442919063,52.23340732561837],[11.95282982802376,52.23320112019406],[11.950899142423195,52.228744617907516],[11.95701305784752,52.221635617950334],[11.913455224952477,52.21004952227329],[11.885836975637607,52.21146100419833],[11.883098617532601,52.20333353502393],[11.88533440889662,52.20176039789224],[11.883510940820056,52.19958652488595],[11.885389752077065,52.198118781826615],[11.880458254336837,52.19454815871222],[11.876363180476531,52.19562985646265],[11.875837449715819,52.19903630753801],[11.849251923488044,52.19822992257236],[11.832974724544925,52.19465483910477],[11.83416741836303,52.18646444107066],[11.828902964465648,52.185119711225504],[11.830583416611617,52.18055818146262],[11.825590093799681,52.17446053645927],[11.810987402913794,52.174450597612584],[11.796194465984064,52.17188615803489],[11.77581342973428,52.1703152094245],[11.775737871456736,52.16869415902052],[11.763446515695046,52.168062673842336],[11.763417128707484,52.172245960461915],[11.75468527651377,52.171816152712026],[11.759464854037429,52.1742756865916],[11.75577163218896,52.1842954937976],[11.757221150005902,52.19046847608355],[11.753815978862399,52.19068126067222],[11.756249258042207,52.192806072728324],[11.753846575671835,52.193628161899575],[11.748338885173336,52.19119957718033],[11.738900426500116,52.19215774442489],[11.732859814364632,52.19446901887336],[11.729361329189015,52.19123965983862],[11.722229466985793,52.189477659464245],[11.718329002563186,52.186494966649484],[11.70934523979606,52.187177756780464],[11.707649596234031,52.18893232579378],[11.703004695272659,52.18609926668428],[11.715901337788416,52.18330319976579],[11.719231795087428,52.1818888589604],[11.721474522858195,52.17891469073704],[11.719303341071269,52.17270390805147],[11.715986663014343,52.17069569231235],[11.710870346431852,52.17030683046829],[11.699382450394658,52.17403880487185],[11.69298486705142,52.18265084087531],[11.687329781026117,52.18699119415396],[11.69700891704625,52.19546276061075],[11.711850242469561,52.20304041700243],[11.71416285022138,52.20683102256887],[11.712971265793914,52.21152969688343],[11.706802757126919,52.21687231894119],[11.702966184133484,52.224035219993944],[11.700296398964676,52.23600772073065],[11.702044941228827,52.24279956441295],[11.706760501119637,52.24598142492191],[11.724738260031671,52.250719340691134],[11.726651514294682,52.24885574341343],[11.735927776913671,52.2456210481397],[11.739143270667432,52.2479805659251],[11.743626569181338,52.24208717053553],[11.7455834922079,52.2301660204795],[11.73001071623548,52.2215475586385],[11.737320810178469,52.22266861030124],[11.761878029500812,52.21826538627904],[11.765172219698115,52.21561293853535],[11.775146069005409,52.212007856586226],[11.781866041612979,52.21970309145351],[11.782181083950624,52.225227109171854],[11.78609495381678,52.226250558609806],[11.793216777833566,52.22582895481969],[11.798742853673922,52.23322711759919],[11.79720213478878,52.23504216661296],[11.798869934772165,52.23699408889568],[11.811768585076015,52.24019080556446],[11.816549428953966,52.24032724922526],[11.819329023133653,52.24268045698922],[11.829494258054531,52.24004031793657],[11.833696385829937,52.24042537902118],[11.833884484451765,52.239352820001656],[11.83577353479778,52.23931377364991],[11.836010546999079,52.24039059004717],[11.840013719029876,52.23950028733291],[11.846495950890326,52.22888479512566],[11.849828045057999,52.22910814752078],[11.849645041674298,52.21857635927335],[11.858312408898424,52.21701202956442],[11.864331983984057,52.223321486486405],[11.878043143118935,52.21951219560945],[11.905944660468116,52.22656424107733],[11.901382398185241,52.24298595871615],[11.911158518120809,52.24448372891187],[11.916871544665629,52.243797140554825],[11.917954277950596,52.251205742883634],[11.91373464693719,52.25265893429463],[11.91921332105744,52.256852387051985],[11.918703054896831,52.257772680018526],[11.923775753655681,52.25984477586716],[11.923634369626221,52.261873460844164],[11.938606521780107,52.25278135204008],[11.935190063844686,52.25053147544647],[11.936362820808288,52.247780285949915],[11.941476068724139,52.24561753469504]]]}},{"type":"Feature","id":"15087010","properties":{"ags8":"15087010","county_ags5":"15087","state_code":"15","name_de":"Ahlsdorf","valid_at":"2026-01-01","source":"BKG_VG250_2026","part_count":1,"simplified_tolerance_m":80},"geometry":{"type":"MultiPolygon","coordinates":[[[[11.432453963331723,51.54143333020427],[11.422544057391876,51.54185124716873],[11.421003221677482,51.54304684711028],[11.42172819865662,51.54720192860549],[11.433304272379084,51.54876635494649],[11.434268429815337,51.546509432778066],[11.437747688852218,51.545177228088335],[11.431783497689755,51.54352404444682],[11.432453963331723,51.54143333020427]]],[[[11.466801553557506,51.56040786869407],[11.468996042908651,51.55399577994993],[11.471793655294817,51.55356807542662],[11.471777797348746,51.55153263857008],[11.474715238417941,51.55122048727798],[11.475337854725632,51.547247569137404],[11.47712053608471,51.54761069463247],[11.474513407956204,51.54376346356913],[11.472059778469857,51.544413521405616],[11.47212800923918,51.541506855882375],[11.441215816503217,51.538392717362875],[11.444016963610895,51.543692369501144],[11.449498058388679,51.54191618955863],[11.449797052703817,51.5438121880628],[11.443899752357034,51.54555099658794],[11.444138616115783,51.54676790403495],[11.4413063091919,51.546844641820826],[11.451671306571095,51.55346904053504],[11.445379123014183,51.553483655725685],[11.44475079346619,51.5559089237886],[11.446554070706858,51.555867474490235],[11.447174605865456,51.55898331427714],[11.446325045626832,51.56295006153111],[11.460358225742208,51.56235980333491],[11.466801553557506,51.56040786869407]]]]}},{"type":"Feature","id":"15087015","properties":{"ags8":"15087015","county_ags5":"15087","state_code":"15","name_de":"Allstedt","valid_at":"2026-01-01","source":"BKG_VG250_2026","part_count":1,"simplified_tolerance_m":80},"geometry":{"type":"Polygon","coordinates":[[[11.372366903063464,51.56032622090269],[11.368869286894991,51.55932637486051],[11.359237384698899,51.55138958202516],[11.360016152670967,51.55059216690166],[11.376975703275608,51.5537601950575],[11.378837940573979,51.552279813756456],[11.373239074132147,51.54776889240413],[11.369743736768005,51.549882039007024],[11.364260932172163,51.54763709750305],[11.361688855824015,51.543246917859584],[11.364595709497411,51.54032331542918],[11.370190137860313,51.54155742476255],[11.37595046715995,51.53915479673327],[11.384579005413634,51.53916212449038],[11.399713324694645,51.54013827046125],[11.404912920765636,51.541879909723754],[11.41024483608098,51.53496052183273],[11.41036211127811,51.528558177050556],[11.412902281227815,51.5257988399312],[11.405834925702344,51.52194933559661],[11.401781389753989,51.52158266705261],[11.39797250231821,51.51804099154967],[11.401272923884711,51.51318336503981],[11.399363642506604,51.5111507131725],[11.40430064438057,51.5079113236137],[11.409833731596603,51.50701399176059],[11.409529095417133,51.50607088860534],[11.403374921289174,51.507027701825784],[11.40248020723549,51.506482170687875],[11.405677977918943,51.504219946259475],[11.405140536091583,51.50078807866104],[11.396196997919082,51.49901202750077],[11.396180133200554,51.49814842328223],[11.410666436382126,51.49303485715041],[11.414938723818617,51.493334646417374],[11.419824954166653,51.491902013731924],[11.421996031990691,51.490922330654115],[11.420326219937401,51.49030558155061],[11.421332822948333,51.489447669937796],[11.426397172146181,51.490979096286324],[11.438406465025878,51.48897959219477],[11.448947542839798,51.484253065007266],[11.44853412008926,51.480852211055414],[11.465320404706892,51.48040089141932],[11.469593173281426,51.45234618516831],[11.482696389501095,51.453323563838936],[11.493711957901745,51.43626441467507],[11.499296030565638,51.423620564027445],[11.503051600180966,51.42095230817898],[11.50173208310305,51.420495682681995],[11.499532255636685,51.42190902202172],[11.497274664754718,51.42000271292146],[11.504352639743468,51.414633907769414],[11.500411600579904,51.41205820954272],[11.502884000357215,51.40271564418825],[11.495553633221471,51.40245406095693],[11.490641864797613,51.395351454647276],[11.491972718890269,51.39237102175757],[11.484172939818066,51.393259332320966],[11.478583786497605,51.39168718507663],[11.465383305978436,51.374678268347516],[11.439187857365702,51.36753960240558],[11.432875670242952,51.368858559611226],[11.430263785923248,51.36764660890179],[11.430530131434352,51.363757553511],[11.420587752217894,51.35387560717285],[11.421697521807626,51.35188743579074],[11.424900230331287,51.35180826662658],[11.41955483934346,51.34676661992728],[11.415780470688997,51.34553646037169],[11.416647308969619,51.34361321096744],[11.430255460116808,51.34447791055102],[11.433327730628656,51.34295092583959],[11.438359085535646,51.34381057921628],[11.44063457455453,51.34267666443701],[11.434618115706584,51.34070025415595],[11.431169662690115,51.341375486618354],[11.428868293815196,51.339810139961855],[11.42881455554031,51.34282857706043],[11.412042133041483,51.342488390539636],[11.411400860029717,51.34420291002042],[11.407570167530883,51.34446652273963],[11.405772926116612,51.34220401836168],[11.39943721803378,51.344836154569656],[11.40174979994401,51.355291407213144],[11.40060007475634,51.36124662438592],[11.39231449872578,51.359384401010566],[11.39283077622488,51.36525585057902],[11.389836466521855,51.36798681994321],[11.391146565870885,51.37254761305588],[11.3959411078535,51.3729340261651],[11.397613461853133,51.37714839762632],[11.396852278677695,51.38133072427456],[11.393823786717784,51.38131481404164],[11.393250187504677,51.38390444750033],[11.378316571346488,51.38723810664389],[11.37661547462311,51.38550530630327],[11.37012141854204,51.385084461730244],[11.368404610728563,51.38777963955206],[11.36559662345738,51.3860458600003],[11.365361509960232,51.383075195699476],[11.361739452092445,51.383056882229056],[11.358773241052265,51.385646054056075],[11.357425839965108,51.38977460154252],[11.35039381000602,51.38810937205979],[11.347668132412814,51.38455702645257],[11.342663742883035,51.387760360650006],[11.340542091496362,51.39241764930969],[11.334111174289758,51.38969817475354],[11.330795693409309,51.390266388586504],[11.329053787054155,51.40001991561198],[11.321259842232609,51.4103723458356],[11.334854414300152,51.41966221384873],[11.316991232301717,51.4247673771506],[11.331167569255895,51.44071917718528],[11.341908948955693,51.441800144564],[11.342787090778165,51.4439824773036],[11.33815303234505,51.444296171790796],[11.340607212764295,51.44912752667123],[11.3380482508125,51.44935271581059],[11.337403053155809,51.45108477939838],[11.338814777369198,51.454268744345065],[11.342683210594972,51.459555159418386],[11.345556514192443,51.45751348851648],[11.3522322973468,51.456653578194064],[11.352121909549844,51.46508143158285],[11.356695305318494,51.47430354458576],[11.371658139779548,51.47448983029395],[11.370346947729617,51.48056366027297],[11.37565101001585,51.479885533784895],[11.377150798856603,51.48221365018344],[11.379086533122601,51.48171336504796],[11.386639963140492,51.48633529563216],[11.381469580721756,51.48920541767081],[11.374750298315849,51.488574542049214],[11.3739947851516,51.489767781963224],[11.373923374372636,51.49131583028057],[11.380566196119517,51.49180693837442],[11.376952785684809,51.4962854565777],[11.384516232274192,51.496919255065364],[11.380972265052044,51.505028922371565],[11.378623432243646,51.50388001387295],[11.376397359671255,51.505158262130706],[11.379711577406075,51.5069189420354],[11.381351704365262,51.51088212875644],[11.37531392909194,51.51068105487654],[11.381498672792874,51.52044737410807],[11.374933072115525,51.52084602460813],[11.374802126101727,51.517760980316005],[11.37345545909867,51.518985581861656],[11.371882739507091,51.51849875139081],[11.374129138642171,51.51624444391822],[11.372899322639514,51.51577746003649],[11.370691035584302,51.51803146250514],[11.369499355956673,51.51756416241005],[11.373987484824916,51.51481719586401],[11.373163735945711,51.51363305248256],[11.367966796558557,51.513195347428926],[11.363373120596984,51.508322729581316],[11.359468368039076,51.51980399097741],[11.3498292071566,51.516469794614146],[11.349054950060369,51.51792747239149],[11.351226923416174,51.51947212547256],[11.34615074634668,51.519757529479854],[11.347139267394166,51.5216310105201],[11.345485683085467,51.52251847959704],[11.343683403719735,51.52034765142579],[11.34021192781533,51.520792137809735],[11.339838932521985,51.523226085949275],[11.33605749104997,51.52449755645389],[11.337062336333007,51.524895638925415],[11.3296193018666,51.53118742288339],[11.332441564184737,51.532499089421854],[11.33280882774727,51.53604132749911],[11.336481034347159,51.53489070074912],[11.336637789993453,51.537156841629304],[11.342463543272636,51.543786941117695],[11.34302514936558,51.550291986332525],[11.346294959130947,51.551528149374334],[11.342164880872737,51.55530946269647],[11.338844105918616,51.55445142156222],[11.336838665925361,51.556858866072204],[11.338278805904121,51.55905290078824],[11.347365160564252,51.56023855940277],[11.357430753828933,51.55896022518032],[11.368000793989124,51.56148305654378],[11.372366903063464,51.56032622090269]]]}},{"type":"Feature","id":"15087031","properties":{"ags8":"15087031","county_ags5":"15087","state_code":"15","name_de":"Arnstein","valid_at":"2026-01-01","source":"BKG_VG250_2026","part_count":1,"simplified_tolerance_m":80},"geometry":{"type":"Polygon","coordinates":[[[11.430683888821903,51.717515234429364],[11.446374685322523,51.712795630886156],[11.448785960622413,51.718064270337365],[11.452336127014272,51.71744197872637],[11.452412475892844,51.721103023739396],[11.456348675687028,51.722996584807355],[11.462313084074252,51.72212955168691],[11.463264413753635,51.71778539510439],[11.466612927151203,51.71859479483268],[11.468318727821423,51.71706940177198],[11.470454394416064,51.71737579443338],[11.472818781642278,51.71957858152224],[11.487620197916128,51.71546145242045],[11.497756003771475,51.71666298762072],[11.498323124420512,51.71477787653052],[11.501981691670542,51.71385627880776],[11.501589500164169,51.71248308722929],[11.50981345424266,51.71107268026472],[11.516402708714486,51.70455654131631],[11.517366095453843,51.694498757882336],[11.519425703069643,51.6933744114285],[11.518559170000403,51.68827163666827],[11.533298450809859,51.687792925799776],[11.536955318100034,51.685007861388016],[11.538978108627076,51.6861237265816],[11.546610060355954,51.68503079126656],[11.558601069927597,51.68843290584188],[11.562247439639894,51.68837322742825],[11.566904883219363,51.69246091473921],[11.577663922514413,51.692291982671044],[11.57735967641983,51.694008684767965],[11.581806480607677,51.69415854339487],[11.581895445939384,51.693062717460734],[11.585068831074047,51.69281941307528],[11.583872002339918,51.70049546457785],[11.59744826976648,51.70110826806276],[11.596403495078965,51.69960476482708],[11.604621570327028,51.701493807878734],[11.612625848614847,51.686405408497045],[11.612618020412725,51.67664549219189],[11.608251112087526,51.6765674715868],[11.608276515457815,51.67287747623047],[11.603914572204362,51.67298969125516],[11.604471764567176,51.66441413976176],[11.60879431008483,51.66368090103004],[11.604885739876588,51.661189298615675],[11.598332269202357,51.66118738542726],[11.600135369918096,51.65976706773386],[11.595964679965464,51.65777245614962],[11.592462003787332,51.65345026758503],[11.579420652875365,51.6481628130361],[11.574624696878377,51.65332587394708],[11.5632172753674,51.64931583145581],[11.56288648739477,51.65484152954006],[11.552943376911205,51.65183589716301],[11.5495667837276,51.657473746787446],[11.535158063918953,51.65394498179797],[11.534812597287985,51.65592448397975],[11.526527848568334,51.65638048708354],[11.526896272750832,51.663125038639535],[11.523036760138616,51.659388759265376],[11.518621061895239,51.66027376885763],[11.513397782799448,51.66361320734713],[11.510028193931158,51.66289831229608],[11.508181202596923,51.664023862759336],[11.5097666250665,51.66506297699651],[11.506683584772366,51.66696963009859],[11.502075620140758,51.66862822154956],[11.50077435298093,51.66800945700425],[11.498872550741677,51.67036473962761],[11.487728943702916,51.67160095541956],[11.48553932700338,51.67608168348152],[11.48222346763175,51.67464277795411],[11.481355815187753,51.67669227315895],[11.475593839290331,51.67996981987753],[11.469985978213785,51.67554450718875],[11.461621886261513,51.67279679960291],[11.445669625696768,51.66370570391315],[11.443682398261673,51.66089363929516],[11.446221980128152,51.657102744268414],[11.44299470152672,51.656500099318066],[11.44480354724759,51.65018830033926],[11.437850432486254,51.64542134342176],[11.43746973285965,51.646602957086955],[11.435522944966678,51.64464728659306],[11.430033107075229,51.64359377404719],[11.430620904834287,51.64009710610411],[11.428830649729505,51.639923501823695],[11.431415438721615,51.63194088825201],[11.441197874048155,51.63310494031146],[11.445512402496982,51.6313070900239],[11.448266145568935,51.62815407884242],[11.445440057705047,51.627106091652415],[11.446180406296639,51.6258585834438],[11.427981157839701,51.624419489079216],[11.428453920832682,51.62360618534187],[11.438033619132645,51.6247359572894],[11.438930008384169,51.62051825786625],[11.428696293872383,51.61977144432936],[11.426293103358216,51.62314617578294],[11.420678797597468,51.62068892015938],[11.411636420900951,51.622414489380624],[11.398503622982735,51.62197530070733],[11.391400169196098,51.62460223012461],[11.38828184651666,51.62331217537892],[11.379836809725504,51.62311446969757],[11.346567857441418,51.61162570696],[11.345936986590582,51.614239314097745],[11.339986904981862,51.616809893796145],[11.342473514865064,51.61921233038596],[11.341311756776976,51.61969744286647],[11.348083306694972,51.62478620502522],[11.346228140737225,51.628425224789325],[11.347903667448312,51.631358686264896],[11.345327058307399,51.636771704830245],[11.349140988013376,51.639722293989294],[11.350683544468215,51.648806934064105],[11.348781764742453,51.65075490847328],[11.343850511070256,51.65009765155326],[11.336028625054606,51.65329291145989],[11.331901961690447,51.64906657560585],[11.327084876122619,51.64900141856276],[11.323405029096744,51.650332938661144],[11.319744226903834,51.64890635036499],[11.307180577732414,51.64875216975194],[11.306930494847759,51.65425085477771],[11.309258926955236,51.655872333228686],[11.306448800275687,51.6589234162104],[11.313856716787058,51.66308309247482],[11.321649610302499,51.66524237357929],[11.326375444774941,51.6681693434788],[11.325960466521245,51.669224852958486],[11.332094963013237,51.667625418688644],[11.331650467660394,51.674622329518876],[11.333975990874825,51.67617699777283],[11.334369188869454,51.67884023766685],[11.339384907379669,51.678828550128436],[11.338934385133845,51.68140254538275],[11.343737059356291,51.6846185973273],[11.357279024706765,51.68742714828442],[11.356108165325574,51.689828737077676],[11.362682262278227,51.69225505889186],[11.368126745312962,51.690811753590516],[11.373501554665546,51.69104208999766],[11.37308923779371,51.69446386594695],[11.377559334994201,51.695051563903384],[11.379852729842574,51.69160679888002],[11.381605954777912,51.69169271023656],[11.384925424343203,51.6949157282136],[11.396027634294258,51.69926753331863],[11.39161600242183,51.70690303716821],[11.395148210507363,51.71321722606542],[11.390598697469347,51.7137514221507],[11.401613432420582,51.72993963585817],[11.421715855157078,51.723856072547285],[11.421310600766741,51.7224377569484],[11.432041629107669,51.721589041127686],[11.430683888821903,51.717515234429364]]]}},{"type":"Feature","id":"15087045","properties":{"ags8":"15087045","county_ags5":"15087","state_code":"15","name_de":"Benndorf","valid_at":"2026-01-01","source":"BKG_VG250_2026","part_count":1,"simplified_tolerance_m":80},"geometry":{"type":"Polygon","coordinates":[[[11.450188490633018,51.5801034954879],[11.466272750572982,51.577921549852476],[11.473674041802184,51.578976357657716],[11.480567431630789,51.576526038048115],[11.494985371138077,51.576855205385286],[11.497839285527215,51.57459500672433],[11.497426867392337,51.56841162967361],[11.49428588441572,51.56749144307854],[11.49603209624183,51.564518192732905],[11.489364147816556,51.56562172804839],[11.487526198859385,51.562405413440224],[11.484795232392754,51.56487914885852],[11.484876921717353,51.56299310113752],[11.477925961199954,51.56304321538792],[11.477562180109393,51.56426084973457],[11.473619283015466,51.56271867633179],[11.469793483967075,51.56349894718703],[11.469222643688925,51.562513348275985],[11.467025506042008,51.562645643924306],[11.466801553557506,51.56040786869407],[11.460358225742208,51.56235980333491],[11.444867322929747,51.56296174636583],[11.44472028909612,51.567071905646024],[11.451237379650491,51.568209785950216],[11.451424740263784,51.56987462070519],[11.447597370527063,51.571989599103475],[11.44621606758807,51.5744704409332],[11.447015055587757,51.57616012846592],[11.444646076340051,51.5770717995008],[11.447966169208918,51.58227167165246],[11.44981230597784,51.582157860207644],[11.450188490633018,51.5801034954879]]]}},{"type":"Feature","id":"15087055","properties":{"ags8":"15087055","county_ags5":"15087","state_code":"15","name_de":"Berga","valid_at":"2026-01-01","source":"BKG_VG250_2026","part_count":1,"simplified_tolerance_m":80},"geometry":{"type":"Polygon","coordinates":[[[11.016644097334659,51.492570145396506],[11.017088343124527,51.49106573305541],[11.023964808906438,51.49124226980961],[11.022486461126158,51.488145741154476],[11.023720658092314,51.487482480973114],[11.040610723266441,51.48476566503941],[11.040560544975381,51.47842777522287],[11.045460441283964,51.47731656135187],[11.045484294306394,51.474473447331],[11.043299888070347,51.468842519552915],[11.040492041366301,51.46771284296955],[11.03896392712811,51.46024345145122],[11.028168638066912,51.46079621241132],[11.029485409797896,51.45734919925307],[11.020680989453874,51.457126632130745],[11.020649110179559,51.44677481155392],[11.018229689407047,51.44130914473909],[11.013259109619698,51.44118600425155],[11.013241597415647,51.434641985030936],[11.006960307221357,51.43488346173673],[11.006172694922498,51.432530221225505],[11.003806192982323,51.43204048884884],[11.003864366461775,51.43387317518637],[10.99888187253561,51.43232292551449],[10.987809538324166,51.43184606543988],[10.966733925718199,51.4323532059705],[10.970928628158202,51.44202882012608],[10.968702966570241,51.442595512632664],[10.96923330210173,51.445083826447835],[10.9667236135024,51.44552228390539],[10.97270295836964,51.45366602803901],[10.968290790136566,51.45441900712026],[10.969701830956943,51.45893546451777],[10.962994034933281,51.46038686194639],[10.964074234287674,51.46312826822632],[10.961192676098879,51.46314695728314],[10.963256812641053,51.46644967552544],[10.96331106475512,51.46907277402023],[10.96081720616494,51.47122492608459],[10.962303759228519,51.47350428608592],[10.970434727577686,51.48138453774626],[10.972943656864103,51.481960930973145],[10.981881249707582,51.479003792981274],[10.987593591939001,51.480800253150896],[10.986439210655435,51.48336011332272],[10.989116809950284,51.484473620130096],[10.999879861995993,51.485659449439964],[11.004321154990336,51.49122005542141],[11.012614875734654,51.49312755623859],[11.016644097334659,51.492570145396506]]]}},{"type":"Feature","id":"15087070","properties":{"ags8":"15087070","county_ags5":"15087","state_code":"15","name_de":"Blankenheim","valid_at":"2026-01-01","source":"BKG_VG250_2026","part_count":1,"simplified_tolerance_m":80},"geometry":{"type":"Polygon","coordinates":[[[11.416573280012354,51.5268275731902],[11.442009614618351,51.52155260268667],[11.454215660434834,51.52328261440175],[11.456691130004415,51.5212152939452],[11.452347111079387,51.514156501892465],[11.446632278007248,51.50864049778977],[11.449466047885009,51.50427490632532],[11.45531889366561,51.5058106502484],[11.459508999184497,51.50189221090186],[11.458643903491364,51.49834944201848],[11.464800367453046,51.496550728053364],[11.466077649820383,51.49471677249232],[11.465860883406926,51.49213230249942],[11.456888979233145,51.49025920405926],[11.456369358149994,51.48742718918672],[11.464894572576876,51.48426059463275],[11.466776113206242,51.481269467623925],[11.465320404706892,51.48040089141932],[11.44853412008926,51.480852211055414],[11.448947542839798,51.484253065007266],[11.438406465025878,51.48897959219477],[11.426397172146181,51.490979096286324],[11.421332822948333,51.489447669937796],[11.420326219937401,51.49030558155061],[11.421996031990691,51.490922330654115],[11.419824954166653,51.491902013731924],[11.414938723818617,51.493334646417374],[11.410666436382126,51.49303485715041],[11.396180133200554,51.49814842328223],[11.396196997919082,51.49901202750077],[11.405140536091583,51.50078807866104],[11.405677977918943,51.504219946259475],[11.40248020723549,51.506482170687875],[11.409529095417133,51.50607088860534],[11.409833731596603,51.50701399176059],[11.40430064438057,51.5079113236137],[11.399363642506604,51.5111507131725],[11.401272923884711,51.51318336503981],[11.39797250231821,51.51804099154967],[11.401241169250568,51.521277333608005],[11.405834925702344,51.52194933559661],[11.413310861790185,51.52638604045328],[11.416573280012354,51.5268275731902]]]}},{"type":"Feature","id":"15087075","properties":{"ags8":"15087075","county_ags5":"15087","state_code":"15","name_de":"Bornstedt","valid_at":"2026-01-01","source":"BKG_VG250_2026","part_count":1,"simplified_tolerance_m":80},"geometry":{"type":"MultiPolygon","coordinates":[[[[11.459508999184497,51.50189221090186],[11.476513040890016,51.50168570356567],[11.478398672881298,51.49709940045991],[11.481510741689911,51.49638314916802],[11.48061195403127,51.4909077506142],[11.486243032410938,51.49070777675876],[11.488337487311574,51.489583542122205],[11.491187661410427,51.49009043529859],[11.492069147115165,51.49153159218196],[11.495085341944645,51.49098440921755],[11.490910065942378,51.481905144137066],[11.49979342008872,51.47824908170456],[11.498636747037617,51.47740414220881],[11.50328315280178,51.472443042984644],[11.502658668897398,51.46712921392194],[11.495400264163127,51.46635761119339],[11.49226174848137,51.462218096509204],[11.481575128194219,51.46248594211226],[11.482060225043123,51.460994337348914],[11.477091757291925,51.46032151610265],[11.478536899718945,51.45339083817028],[11.469593173281426,51.45234618516831],[11.465156875282686,51.48085996915971],[11.466776113206242,51.481269467623925],[11.464894572576876,51.48426059463275],[11.456369358149994,51.48742718918672],[11.456888979233145,51.49025920405926],[11.466662427929629,51.49315790217896],[11.464800367453046,51.496550728053364],[11.458643903491364,51.49834944201848],[11.459508999184497,51.50189221090186]]],[[[11.513138144236228,51.48747442547302],[11.50798621214681,51.48899069082983],[11.504517831693292,51.492345149704],[11.505300623892907,51.49343405465342],[11.510057561357362,51.49404478610754],[11.5093449600073,51.49615323119175],[11.51382715311942,51.49504876418962],[11.513138144236228,51.48747442547302]]]]}},{"type":"Feature","id":"15087101","properties":{"ags8":"15087101","county_ags5":"15087","state_code":"15","name_de":"Brücken-Hackpfüffel","valid_at":"2026-01-01","source":"BKG_VG250_2026","part_count":1,"simplified_tolerance_m":80},"geometry":{"type":"Polygon","coordinates":[[[11.2238829963711,51.41318615171424],[11.209537548200869,51.41174291109464],[11.21011789237747,51.40791155491027],[11.207723621747242,51.4066690859211],[11.20330068715691,51.40703104906056],[11.20213611997758,51.405674210841354],[11.196856632332471,51.40803211808707],[11.195597165420184,51.40517032854768],[11.192951373460323,51.40538591653425],[11.192411164638816,51.40287528818771],[11.183596615599292,51.40286974489879],[11.183413273143477,51.40589880708373],[11.171926735331521,51.40624353310873],[11.171876313427006,51.407165076924095],[11.17644552939716,51.40728170575835],[11.175706922905151,51.42354963794409],[11.174114018287492,51.423855683231714],[11.173341003023152,51.43101279475912],[11.168869019010986,51.433287576716054],[11.168673530698829,51.43172319802652],[11.166434899374183,51.431196078321115],[11.160122647184199,51.432644210551594],[11.157768324740607,51.43810961193196],[11.154564074761153,51.43751568475404],[11.152555750665037,51.44003701538177],[11.151102292581772,51.445155379865334],[11.17473827683588,51.445795959763956],[11.174698050474897,51.449348330819355],[11.176870473429258,51.44940726985123],[11.177297256832496,51.45139541270507],[11.18775278049013,51.45052503754423],[11.19228921929171,51.45247778914341],[11.196769760216785,51.44977022231674],[11.205906368453492,51.44744850530511],[11.210886045522061,51.44823726103207],[11.216665029916642,51.44671768641723],[11.224646574575585,51.44702868720377],[11.22802900404888,51.444227701416665],[11.218450576559336,51.44304497832755],[11.22151680868575,51.440463344172436],[11.216733610216956,51.43173237064798],[11.219562970223429,51.42398226759779],[11.222286394213823,51.42237307739279],[11.219653045389718,51.41594725627315],[11.2238829963711,51.41318615171424]]]}},{"type":"Feature","id":"15087125","properties":{"ags8":"15087125","county_ags5":"15087","state_code":"15","name_de":"Edersleben","valid_at":"2026-01-01","source":"BKG_VG250_2026","part_count":1,"simplified_tolerance_m":80},"geometry":{"type":"Polygon","coordinates":[[[11.283439765600251,51.42786577505862],[11.293102727137036,51.42318543169189],[11.296704921687564,51.425932235011565],[11.314817584673401,51.41418366270677],[11.320361017561618,51.41843682583561],[11.328140674955426,51.415252325375754],[11.318620589448862,51.40886778705978],[11.306865840813533,51.405630514915195],[11.304548225121831,51.40630342719343],[11.28525855988238,51.402126640524116],[11.275246030222451,51.40484346011014],[11.274318772952455,51.40075452298018],[11.252768861225771,51.400653151796554],[11.256543316011596,51.404442174417184],[11.25552755698258,51.407408795703766],[11.258848165950342,51.4081251818879],[11.264885049155783,51.42360751101352],[11.268080746480761,51.42344385286991],[11.26727024114516,51.42735318724576],[11.277394041347732,51.42526070898006],[11.277587875438611,51.42651004050017],[11.281376718566458,51.42503637760835],[11.283439765600251,51.42786577505862]]]}},{"type":"Feature","id":"15087130","properties":{"ags8":"15087130","county_ags5":"15087","state_code":"15","name_de":"Eisleben","valid_at":"2026-01-01","source":"BKG_VG250_2026","part_count":1,"simplified_tolerance_m":80},"geometry":{"type":"Polygon","coordinates":[[[11.608189392352914,51.60026042254189],[11.61346742742031,51.60011651229172],[11.609293927488466,51.596017033783546],[11.610409360866942,51.59256956690527],[11.612727423713405,51.592635001582394],[11.614602146126217,51.59064556429714],[11.633162971779177,51.589449474244496],[11.631271955105223,51.58251636527005],[11.644798421247796,51.5825049556055],[11.64451183544566,51.58326951929661],[11.653442387573657,51.5843490555131],[11.662306924982301,51.58280993170092],[11.662431950307635,51.5817136319965],[11.66751026944265,51.581568277681804],[11.665305595411482,51.56777420796829],[11.67191906269883,51.563866756213265],[11.67074175339522,51.560729311421404],[11.672696638665506,51.558712439124974],[11.667861362798918,51.54626281970524],[11.669052611114864,51.546008081407166],[11.663943798096136,51.54030917671601],[11.665086585288533,51.540423855638046],[11.667035816072916,51.526872197663245],[11.658563676565016,51.526676851421115],[11.6511058966081,51.528387479155285],[11.649123794205037,51.52066889907691],[11.644182269106903,51.52146377682783],[11.642995398369298,51.51955880900376],[11.637542470834768,51.521249126755464],[11.636876363574439,51.519977899584354],[11.63457312990306,51.520153054238335],[11.634732981244547,51.51903581703277],[11.623917167965807,51.515531444641375],[11.614329918762666,51.51029594816368],[11.623071703668078,51.50632599853283],[11.606604747907566,51.500876341937044],[11.610915066748953,51.491343327889396],[11.61831703907552,51.48753027252351],[11.595109570359636,51.4764833894473],[11.591778799868033,51.47759403288496],[11.58656152962624,51.4769314863843],[11.581587545048407,51.48391882045775],[11.57782647566324,51.48450084433905],[11.571322026396425,51.48353653948389],[11.569069694582074,51.48560327929188],[11.565164223985184,51.48435419165427],[11.559822774581075,51.48020737289677],[11.55513164003212,51.47296150854193],[11.561168914565398,51.46862441332443],[11.560967209601076,51.46301175460777],[11.55747708800808,51.46001216666559],[11.568324053388759,51.4577716543859],[11.569897382502358,51.45597452287745],[11.569143524392448,51.44422276000554],[11.561497392735458,51.44357218334831],[11.55177155043187,51.440744308154166],[11.549960369953395,51.43771929750715],[11.544621477021632,51.43781181520458],[11.543065562757366,51.436493977493996],[11.54649717552086,51.43483493385956],[11.536439460626648,51.43248563432337],[11.533404955350434,51.43004699380642],[11.533337402216759,51.427042390687284],[11.524101051568463,51.42463084735548],[11.524106332980539,51.41970012049123],[11.527468420256062,51.41632545304124],[11.520454297102278,51.4166007057785],[11.513414951425686,51.4126912364556],[11.50875277955953,51.41708785464126],[11.504352639743468,51.414633907769414],[11.497274664754718,51.42000271292146],[11.499532255636685,51.42190902202172],[11.50173208310305,51.420495682681995],[11.503051600180966,51.42095230817898],[11.499296030565638,51.423620564027445],[11.493711957901745,51.43626441467507],[11.482696389501095,51.453323563838936],[11.478536899718945,51.45339083817028],[11.477091757291925,51.46032151610265],[11.482060225043123,51.460994337348914],[11.481575128194219,51.46248594211226],[11.49226174848137,51.462218096509204],[11.495400264163127,51.46635761119339],[11.502658668897398,51.46712921392194],[11.50328315280178,51.472443042984644],[11.498636747037617,51.47740414220881],[11.49979342008872,51.47824908170456],[11.490910065942378,51.481905144137066],[11.495085341944645,51.49098440921755],[11.492069147115165,51.49153159218196],[11.491187661410427,51.49009043529859],[11.488337487311574,51.489583542122205],[11.486243032410938,51.49070777675876],[11.48061195403127,51.4909077506142],[11.481510741689911,51.49638314916802],[11.478398672881298,51.49709940045991],[11.476513040890016,51.50168570356567],[11.463669189287469,51.50147455623517],[11.464005008160331,51.503092262008465],[11.471701260516582,51.504351640348865],[11.488470689532164,51.51049227714444],[11.497850134083395,51.50949549002758],[11.504269781099314,51.51228411249107],[11.50524108454638,51.511205145079515],[11.513443046157784,51.51108989985611],[11.520291872592852,51.51410358121582],[11.52150484142264,51.515689924776616],[11.517846336391884,51.52081409523042],[11.519567933086666,51.521846560421295],[11.517159765585433,51.52682367762071],[11.509878127074897,51.52600211717509],[11.509149916873088,51.529616280121736],[11.507116182666813,51.5296246759106],[11.507440201835715,51.5318982269979],[11.499742240004798,51.53420960539435],[11.500341577369404,51.54148655532111],[11.505516877049386,51.540728373505544],[11.505431947805192,51.54491645531038],[11.511294102706184,51.54293811856174],[11.513665085919712,51.54935178118837],[11.512448405692354,51.5513142690931],[11.516086294189934,51.55178289437145],[11.523321618725042,51.55602910480727],[11.51961658613076,51.56049490535583],[11.52037754880203,51.5674431992478],[11.522723727233632,51.57347203940801],[11.52610712028783,51.57272850818504],[11.526183884415964,51.576155792450486],[11.530875752604645,51.57582923403712],[11.53117020694439,51.58192488977435],[11.5365655599705,51.581031883885174],[11.539574969036247,51.5784410084782],[11.543406023446234,51.57829042194512],[11.54336761280147,51.58559672130922],[11.552930813460781,51.58180472439343],[11.565490951367583,51.5811544108777],[11.564730211889273,51.582946678170316],[11.56840657335811,51.583294338879696],[11.56901288862497,51.5912636357897],[11.575314150737315,51.591063568522046],[11.578138345669098,51.59621571111793],[11.584810847536378,51.596757401425734],[11.586391460914868,51.59986788453944],[11.598397849977761,51.6016136107686],[11.603107865886406,51.60195058409665],[11.608189392352914,51.60026042254189]],[[11.504517831693292,51.492345149704],[11.50798621214681,51.48899069082983],[11.513138144236228,51.48747442547302],[11.51382715311942,51.49504876418962],[11.5093449600073,51.49615323119175],[11.510057561357362,51.49404478610754],[11.505300623892907,51.49343405465342],[11.504517831693292,51.492345149704]]]}},{"type":"Feature","id":"15087165","properties":{"ags8":"15087165","county_ags5":"15087","state_code":"15","name_de":"Gerbstedt","valid_at":"2026-01-01","source":"BKG_VG250_2026","part_count":1,"simplified_tolerance_m":80},"geometry":{"type":"Polygon","coordinates":[[[11.62013877757102,51.66139664957619],[11.627236373985017,51.65823415655885],[11.627566759279924,51.652859680603264],[11.633052284848974,51.65300516225166],[11.632634819343272,51.656590051328756],[11.662271969089062,51.65114388819886],[11.674873604666292,51.6500908856778],[11.677195431937362,51.651091414957506],[11.68179879397795,51.65083632911057],[11.692803088301634,51.64901554285618],[11.70864521758806,51.642692138095256],[11.711099274030216,51.639796842928945],[11.710662642092348,51.63695813763996],[11.715972064952874,51.63488819364896],[11.718478733934429,51.635087304738725],[11.71976330661796,51.629036767800336],[11.725226509765381,51.63005992775062],[11.725275893563934,51.629204657071114],[11.745360793123126,51.6288236792205],[11.74801510583416,51.63232268854849],[11.751612526060656,51.63328335485736],[11.748477551799382,51.62118787828836],[11.757922830498526,51.618793286773304],[11.757942308480624,51.61739845799302],[11.75360491066508,51.61470932051568],[11.76229266095134,51.611629583190066],[11.763658134514662,51.609266608307856],[11.756480023878952,51.61098976299403],[11.735069818040374,51.60695080132487],[11.732537286508682,51.60333106180021],[11.731638698885202,51.594893935232676],[11.728749509551326,51.59112707264478],[11.72598435487684,51.59154646011082],[11.720367174456277,51.59015249927862],[11.705939209532332,51.58393036179983],[11.698821734246449,51.572998882662205],[11.697541221146201,51.57317384230657],[11.692536786271228,51.568410840403104],[11.675635980273702,51.569759141808824],[11.675729881115778,51.56835459289223],[11.670299022174632,51.56487256669835],[11.665305595411482,51.56777420796829],[11.66751026944265,51.581568277681804],[11.662431950307635,51.5817136319965],[11.662306924982301,51.58280993170092],[11.653442387573657,51.5843490555131],[11.64451183544566,51.58326951929661],[11.644798421247796,51.5825049556055],[11.631271955105223,51.58251636527005],[11.633162971779177,51.589449474244496],[11.614602146126217,51.59064556429714],[11.612727423713405,51.592635001582394],[11.610409360866942,51.59256956690527],[11.609293927488466,51.596017033783546],[11.61346742742031,51.60011651229172],[11.608949697207626,51.60008664603329],[11.603107865886406,51.60195058409665],[11.586391460914868,51.59986788453944],[11.584810847536378,51.596757401425734],[11.578138345669098,51.59621571111793],[11.575314150737315,51.591063568522046],[11.56901288862497,51.5912636357897],[11.56840657335811,51.583294338879696],[11.564730211889273,51.582946678170316],[11.565490951367583,51.5811544108777],[11.552930813460781,51.58180472439343],[11.54336761280147,51.58559672130922],[11.543406023446234,51.57829042194512],[11.539574969036247,51.5784410084782],[11.5365655599705,51.581031883885174],[11.53117020694439,51.58192488977435],[11.530854267132387,51.58311191522309],[11.528626713988984,51.5826076378298],[11.528193923489338,51.58375405708444],[11.531261483749985,51.58422720111893],[11.530474535523139,51.586614592037066],[11.52134322631718,51.58669396277477],[11.517154073613364,51.59092806554311],[11.515020836575173,51.59022533690712],[11.515299159926426,51.59235527246426],[11.511458583808514,51.59243322919436],[11.510808650264408,51.59440017657157],[11.513849639749115,51.599304537867425],[11.51183023726346,51.59944782233002],[11.512685070366624,51.601518832516],[11.514857713817007,51.603722470477074],[11.510886054634183,51.60968564399824],[11.512960997491048,51.61007273346862],[11.515835934230719,51.61324838263466],[11.518145833042713,51.6173943491147],[11.517212247073232,51.618402198130006],[11.527561582237709,51.61778890398992],[11.553738076956147,51.62003566267908],[11.555414010284403,51.63003452502788],[11.552824747835567,51.63436725037974],[11.553154328048098,51.64114813336264],[11.569564337405968,51.64104572886751],[11.571047606425132,51.65190081093892],[11.574624696878377,51.65332587394708],[11.579420652875365,51.6481628130361],[11.592462003787332,51.65345026758503],[11.595964679965464,51.65777245614962],[11.600135369918096,51.65976706773386],[11.598332269202357,51.66118738542726],[11.604885739876588,51.661189298615675],[11.60879431008483,51.66368090103004],[11.62013877757102,51.66139664957619]]]}},{"type":"Feature","id":"15087205","properties":{"ags8":"15087205","county_ags5":"15087","state_code":"15","name_de":"Helbra","valid_at":"2026-01-01","source":"BKG_VG250_2026","part_count":1,"simplified_tolerance_m":80},"geometry":{"type":"Polygon","coordinates":[[[11.503880712390963,51.57480031104809],[11.50639335120693,51.57266025018732],[11.510411150006636,51.572959184204365],[11.517121369833214,51.568389034707586],[11.513611979374963,51.56246306837694],[11.514235958282386,51.56000145692269],[11.51961658613076,51.56049490535583],[11.523321618725042,51.55602910480727],[11.516086294189934,51.55178289437145],[11.512448405692354,51.5513142690931],[11.513665085919712,51.54935178118837],[11.511294102706184,51.54293811856174],[11.505431947805192,51.54491645531038],[11.505516877049386,51.540728373505544],[11.500341577369404,51.54148655532111],[11.500596076286772,51.53557342978123],[11.489587603719706,51.53687198113251],[11.486774419049139,51.53821815761833],[11.484589597911842,51.54175569695599],[11.47683349841769,51.54324852086435],[11.475379281918656,51.544879312811],[11.47712053608471,51.54761069463247],[11.475337854725632,51.547247569137404],[11.474715238417941,51.55122048727798],[11.471777797348746,51.55153263857008],[11.471793655294817,51.55356807542662],[11.468996042908651,51.55399577994993],[11.466519505633983,51.558936202201636],[11.467025506042008,51.562645643924306],[11.469222643688925,51.562513348275985],[11.469793483967075,51.56349894718703],[11.473619283015466,51.56271867633179],[11.477562180109393,51.56426084973457],[11.477925961199954,51.56304321538792],[11.484876921717353,51.56299310113752],[11.484795232392754,51.56487914885852],[11.487526198859385,51.562405413440224],[11.489364147816556,51.56562172804839],[11.49603209624183,51.564518192732905],[11.49428588441572,51.56749144307854],[11.497426867392337,51.56841162967361],[11.497839285527215,51.57459500672433],[11.503880712390963,51.57480031104809]]]}},{"type":"Feature","id":"15087210","properties":{"ags8":"15087210","county_ags5":"15087","state_code":"15","name_de":"Hergisdorf","valid_at":"2026-01-01","source":"BKG_VG250_2026","part_count":1,"simplified_tolerance_m":80},"geometry":{"type":"Polygon","coordinates":[[[11.476971340614865,51.54434241898452],[11.47683349841769,51.54324852086435],[11.484589597911842,51.54175569695599],[11.486774419049139,51.53821815761833],[11.489587603719706,51.53687198113251],[11.500596076286772,51.53557342978123],[11.499742240004798,51.53420960539435],[11.507440201835715,51.5318982269979],[11.50585547428533,51.52750739364177],[11.50363885162724,51.52665204691838],[11.504701201123542,51.52570914774239],[11.456691130004415,51.5212152939452],[11.454215660434834,51.52328261440175],[11.442009614618351,51.52155260268667],[11.416573280012354,51.5268275731902],[11.413310861790185,51.52638604045328],[11.41036211127811,51.528558177050556],[11.41065350561041,51.53015742085467],[11.418909741247491,51.531856795989],[11.421076835466504,51.528295528605355],[11.438671351801073,51.52830265774968],[11.431554690074648,51.53439372597412],[11.431159061119914,51.53693405521895],[11.435620632619518,51.536403888527225],[11.447533257806917,51.53970069210729],[11.4675500011134,51.540626794615136],[11.47212800923918,51.541506855882375],[11.472059778469857,51.544413521405616],[11.476971340614865,51.54434241898452]]]}},{"type":"Feature","id":"15087220","properties":{"ags8":"15087220","county_ags5":"15087","state_code":"15","name_de":"Hettstedt","valid_at":"2026-01-01","source":"BKG_VG250_2026","part_count":1,"simplified_tolerance_m":80},"geometry":{"type":"Polygon","coordinates":[[[11.481355815187753,51.67669227315895],[11.48222346763175,51.67464277795411],[11.48553932700338,51.67608168348152],[11.487728943702916,51.67160095541956],[11.498872550741677,51.67036473962761],[11.50077435298093,51.66800945700425],[11.50460505066514,51.66785101511233],[11.5097666250665,51.66506297699651],[11.508181202596923,51.664023862759336],[11.510028193931158,51.66289831229608],[11.513397782799448,51.66361320734713],[11.518621061895239,51.66027376885763],[11.523036760138616,51.659388759265376],[11.526896272750832,51.663125038639535],[11.526527848568334,51.65638048708354],[11.534812597287985,51.65592448397975],[11.535158063918953,51.65394498179797],[11.5495667837276,51.657473746787446],[11.552943376911205,51.65183589716301],[11.56288648739477,51.65484152954006],[11.5632172753674,51.64931583145581],[11.571047606425132,51.65190081093892],[11.569564337405968,51.64104572886751],[11.553154328048098,51.64114813336264],[11.552824747835567,51.63436725037974],[11.555414010284403,51.63003452502788],[11.553738076956147,51.62003566267908],[11.527561582237709,51.61778890398992],[11.517212247073232,51.618402198130006],[11.518145833042713,51.6173943491147],[11.515835934230719,51.61324838263466],[11.512960997491048,51.61007273346862],[11.510886054634183,51.60968564399824],[11.514517370419322,51.61471631746114],[11.514878506331607,51.62030397226544],[11.512094550570673,51.62254747285033],[11.507691649008526,51.62296470615637],[11.507480520557687,51.626971155159154],[11.501782113276214,51.626601222381204],[11.501147493777552,51.63351186229762],[11.492801710124096,51.63285116099652],[11.4925691022416,51.634471831738274],[11.48945193372491,51.63537874829533],[11.476318416029923,51.63461934162241],[11.477692221147771,51.63192687744691],[11.476550124455965,51.62718590584946],[11.463128422141763,51.628231779948464],[11.455102985928272,51.62603869538112],[11.45397809404375,51.6268575126245],[11.446180406296639,51.6258585834438],[11.445440057705047,51.627106091652415],[11.448266145568935,51.62815407884242],[11.445512402496982,51.6313070900239],[11.441197874048155,51.63310494031146],[11.431415438721615,51.63194088825201],[11.428830649729505,51.639923501823695],[11.430620904834287,51.64009710610411],[11.430033107075229,51.64359377404719],[11.435522944966678,51.64464728659306],[11.43746973285965,51.646602957086955],[11.437850432486254,51.64542134342176],[11.44480354724759,51.65018830033926],[11.44299470152672,51.656500099318066],[11.446221980128152,51.657102744268414],[11.443682398261673,51.66089363929516],[11.444313012266122,51.662516814413635],[11.461621886261513,51.67279679960291],[11.469985978213785,51.67554450718875],[11.475593839290331,51.67996981987753],[11.481355815187753,51.67669227315895]]]}},{"type":"Feature","id":"15087250","properties":{"ags8":"15087250","county_ags5":"15087","state_code":"15","name_de":"Kelbra (Kyffhäuser)","valid_at":"2026-01-01","source":"BKG_VG250_2026","part_count":1,"simplified_tolerance_m":80},"geometry":{"type":"Polygon","coordinates":[[[11.048388896380356,51.46073973031352],[11.044810689868655,51.460198540187044],[11.043059617465335,51.45620142865783],[11.047852326513462,51.45551269508886],[11.056363597029753,51.45682464368361],[11.061938375739407,51.455772511285986],[11.062849382580003,51.451377664038496],[11.066185366069222,51.45159266526872],[11.065612511067306,51.453337901870526],[11.067489403884691,51.45352882281891],[11.068677111151652,51.449752471682736],[11.078717998997321,51.44841807971453],[11.080112369987715,51.44661159656996],[11.08430857124035,51.447161467463026],[11.089621122605786,51.44601034767083],[11.092791786509578,51.45071781797971],[11.094512375217107,51.44681345651094],[11.09826079751164,51.44594040688779],[11.099135729964559,51.446933957880375],[11.103928091183596,51.44676550742067],[11.105955887185667,51.44776679253341],[11.107319339259938,51.44370346919733],[11.115726276222492,51.44507590813845],[11.11572668804768,51.44403225559853],[11.12075831581542,51.44348399160958],[11.122880022380773,51.44387764338921],[11.12213846171157,51.44538809787963],[11.127278494852451,51.44519417574199],[11.12718744325193,51.44131450926548],[11.12874637093291,51.44015766925993],[11.151102292581772,51.445155379865334],[11.152555750665037,51.44003701538177],[11.154564074761153,51.43751568475404],[11.157768324740607,51.43810961193196],[11.160122647184199,51.432644210551594],[11.166434899374183,51.431196078321115],[11.168673530698829,51.43172319802652],[11.168869019010986,51.433287576716054],[11.173341003023152,51.43101279475912],[11.174114018287492,51.423855683231714],[11.175706922905151,51.42354963794409],[11.17644552939716,51.40728170575835],[11.171876313427006,51.407165076924095],[11.171792333102776,51.40482208053291],[11.152934180685314,51.40164432361008],[11.151837001605324,51.40357585760564],[11.148628558733504,51.40398199696462],[11.141754601859631,51.4026326526101],[11.140236241684898,51.40309078704712],[11.140907063605558,51.40477858668452],[11.135050986590606,51.40634139382069],[11.132284831764206,51.40447095984228],[11.131107439660903,51.408533630550664],[11.125661259254677,51.40811765760929],[11.12846804985699,51.41033396225675],[11.127572764229459,51.413253795212114],[11.125938450879424,51.41368536881659],[11.123944236438813,51.41248537159678],[11.120752187506213,51.41319103353729],[11.116392160820814,51.41100069451527],[11.11476275416532,51.41180096651889],[11.118202506565806,51.4140321957654],[11.116555710708202,51.415687302944605],[11.114226606542383,51.41474580502509],[11.101996258940812,51.41690536545963],[11.103465972673293,51.41925505460335],[11.095204219195548,51.4189759391834],[11.096042073604764,51.42017145006952],[11.071476060469553,51.42863451816425],[11.061390454952544,51.42979197281902],[11.056930773644133,51.427475975093145],[11.054991195783757,51.42957041858949],[11.051844974166768,51.429531246925904],[11.049519453247367,51.426739568340444],[11.046041148549559,51.426270156203344],[11.04569350758473,51.42392940621836],[11.050855321777869,51.421411626070906],[11.04985242765312,51.420196528442474],[11.045025082237037,51.42150444500226],[11.043319393474109,51.42408322461114],[11.042028996626415,51.4231465203072],[11.040229670466408,51.42459185927426],[11.035406486792626,51.421932821966045],[11.025240691727548,51.42139451207053],[11.023560210163046,51.418259813209325],[11.020868799136753,51.418614550033446],[11.018749640108767,51.41705282074558],[10.99203308001342,51.41785321196609],[10.999994887766517,51.42321847355251],[11.006953630043146,51.424474122630635],[11.010237859692696,51.42397431005148],[11.007920436327433,51.429268919848745],[10.998208998408781,51.42867303247395],[10.989467720792684,51.42577650047277],[10.978113225721318,51.42688507998393],[10.979680169922828,51.431923710140275],[10.99888187253561,51.43232292551449],[11.003864366461775,51.43387317518637],[11.003806192982323,51.43204048884884],[11.006172694922498,51.432530221225505],[11.006960307221357,51.43488346173673],[11.013241597415647,51.434641985030936],[11.013259109619698,51.44118600425155],[11.018229689407047,51.44130914473909],[11.020649110179559,51.44677481155392],[11.020680989453874,51.457126632130745],[11.029485409797896,51.45734919925307],[11.028168638066912,51.46079621241132],[11.048388896380356,51.46073973031352]]]}},{"type":"Feature","id":"15087260","properties":{"ags8":"15087260","county_ags5":"15087","state_code":"15","name_de":"Klostermansfeld","valid_at":"2026-01-01","source":"BKG_VG250_2026","part_count":1,"simplified_tolerance_m":80},"geometry":{"type":"Polygon","coordinates":[[[11.492339261247952,51.601520892985974],[11.497453826162545,51.59870643530093],[11.501782350549597,51.59977643168017],[11.501861810695122,51.59878607355004],[11.507232418825692,51.599936994736794],[11.513849639749115,51.599304537867425],[11.510808650264408,51.59440017657157],[11.511458583808514,51.59243322919436],[11.515299159926426,51.59235527246426],[11.515020836575173,51.59022533690712],[11.517154073613364,51.59092806554311],[11.52134322631718,51.58669396277477],[11.530474535523139,51.586614592037066],[11.531261483749985,51.58422720111893],[11.528193923489338,51.58375405708444],[11.528626713988984,51.5826076378298],[11.530854267132387,51.58311191522309],[11.530875752604645,51.57582923403712],[11.526183884415964,51.576155792450486],[11.52610712028783,51.57272850818504],[11.522723727233632,51.57347203940801],[11.51961658613076,51.56049490535583],[11.514235958282386,51.56000145692269],[11.513611979374963,51.56246306837694],[11.517121369833214,51.568389034707586],[11.510411150006636,51.572959184204365],[11.50639335120693,51.57266025018732],[11.503880712390963,51.57480031104809],[11.497839285527215,51.57459500672433],[11.494985371138077,51.576855205385286],[11.480567431630789,51.576526038048115],[11.473674041802184,51.578976357657716],[11.4637851324554,51.57825813029421],[11.459742997483012,51.58080958553704],[11.461040962360055,51.58148460312169],[11.46509979223249,51.57982054381214],[11.46987560991627,51.583722128467855],[11.472468169163522,51.58135254579045],[11.480418291082733,51.583108307909356],[11.478631840335458,51.595765821806424],[11.494836078014114,51.596578211678704],[11.490435993540798,51.60401258067056],[11.491725170122601,51.60423028671938],[11.492339261247952,51.601520892985974]]]}},{"type":"Feature","id":"15087275","properties":{"ags8":"15087275","county_ags5":"15087","state_code":"15","name_de":"Mansfeld","valid_at":"2026-01-01","source":"BKG_VG250_2026","part_count":1,"simplified_tolerance_m":80},"geometry":{"type":"Polygon","coordinates":[[[11.306930494847759,51.65425085477771],[11.307901526769657,51.64863028683323],[11.319744226903834,51.64890635036499],[11.323405029096744,51.650332938661144],[11.331221344855726,51.64901738379605],[11.337556790161633,51.653284532240036],[11.343850511070256,51.65009765155326],[11.348781764742453,51.65075490847328],[11.350683544468215,51.648806934064105],[11.349140988013376,51.639722293989294],[11.345327058307399,51.636771704830245],[11.347903667448312,51.631358686264896],[11.346228140737225,51.628425224789325],[11.348083306694972,51.62478620502522],[11.341311756776976,51.61969744286647],[11.342473514865064,51.61921233038596],[11.339986904981862,51.616809893796145],[11.345936986590582,51.614239314097745],[11.346567857441418,51.61162570696],[11.379836809725504,51.62311446969757],[11.38828184651666,51.62331217537892],[11.391400169196098,51.62460223012461],[11.398503622982735,51.62197530070733],[11.411636420900951,51.622414489380624],[11.420678797597468,51.62068892015938],[11.426293103358216,51.62314617578294],[11.428696293872383,51.61977144432936],[11.438930008384169,51.62051825786625],[11.438033619132645,51.6247359572894],[11.428453920832682,51.62360618534187],[11.427981157839701,51.624419489079216],[11.453008429552355,51.626802360314066],[11.457489573781867,51.62610934523598],[11.457989301273614,51.62719392837081],[11.463128422141763,51.628231779948464],[11.476550124455965,51.62718590584946],[11.477692221147771,51.63192687744691],[11.476318416029923,51.63461934162241],[11.480072387960647,51.635056105967045],[11.48945193372491,51.63537874829533],[11.4925691022416,51.634471831738274],[11.492801710124096,51.63285116099652],[11.501147493777552,51.63351186229762],[11.501782113276214,51.626601222381204],[11.507480520557687,51.626971155159154],[11.507691649008526,51.62296470615637],[11.512094550570673,51.62254747285033],[11.514376021336362,51.62110902963351],[11.515008848591958,51.61618799663714],[11.510886054634183,51.60968564399824],[11.514857713817007,51.603722470477074],[11.51183023726346,51.59944782233002],[11.507232418825692,51.599936994736794],[11.501861810695122,51.59878607355004],[11.501782350549597,51.59977643168017],[11.497453826162545,51.59870643530093],[11.492339261247952,51.601520892985974],[11.491725170122601,51.60423028671938],[11.490435993540798,51.60401258067056],[11.494836078014114,51.596578211678704],[11.478631840335458,51.595765821806424],[11.480418291082733,51.583108307909356],[11.472468169163522,51.58135254579045],[11.46987560991627,51.583722128467855],[11.46509979223249,51.57982054381214],[11.461040962360055,51.58148460312169],[11.459742997483012,51.58080958553704],[11.461110775367441,51.57825608988801],[11.450188490633018,51.5801034954879],[11.44981230597784,51.582157860207644],[11.447966169208918,51.58227167165246],[11.445455284012898,51.57956569737415],[11.444646076340051,51.5770717995008],[11.447015055587757,51.57616012846592],[11.447597370527063,51.571989599103475],[11.451424740263784,51.56987462070519],[11.451237379650491,51.568209785950216],[11.44472028909612,51.567071905646024],[11.447174605865456,51.55898331427714],[11.446554070706858,51.555867474490235],[11.44475079346619,51.5559089237886],[11.445379123014183,51.553483655725685],[11.451671306571095,51.55346904053504],[11.441355223928024,51.54773932153712],[11.4413063091919,51.546844641820826],[11.444138616115783,51.54676790403495],[11.443899752357034,51.54555099658794],[11.449797052703817,51.5438121880628],[11.449498058388679,51.54191618955863],[11.444016963610895,51.543692369501144],[11.441215816503217,51.538392717362875],[11.435620632619518,51.536403888527225],[11.431159061119914,51.53693405521895],[11.431554690074648,51.53439372597412],[11.438671351801073,51.52830265774968],[11.421076835466504,51.528295528605355],[11.418909741247491,51.531856795989],[11.41065350561041,51.53015742085467],[11.41024483608098,51.53496052183273],[11.404912920765636,51.541879909723754],[11.399713324694645,51.54013827046125],[11.384579005413634,51.53916212449038],[11.37595046715995,51.53915479673327],[11.370190137860313,51.54155742476255],[11.364595709497411,51.54032331542918],[11.361688855824015,51.543246917859584],[11.364260932172163,51.54763709750305],[11.369743736768005,51.549882039007024],[11.373239074132147,51.54776889240413],[11.378837940573979,51.552279813756456],[11.376975703275608,51.5537601950575],[11.360016152670967,51.55059216690166],[11.359237384698899,51.55138958202516],[11.368869286894991,51.55932637486051],[11.372795073523273,51.560071136873965],[11.370362276027507,51.56117775195644],[11.35646247473481,51.55889528358045],[11.348274393907737,51.560232024452844],[11.337068167045185,51.5591514679062],[11.331570755492622,51.560845793514254],[11.330300073673088,51.562998271432164],[11.326863665392317,51.562203533013786],[11.32295506893175,51.564954842045076],[11.319676933703244,51.56407796996435],[11.3170736111062,51.56784775079271],[11.307644546619148,51.5669140169497],[11.300090551247017,51.5642124324277],[11.295001637341807,51.56376999983052],[11.293482491832437,51.56663382688917],[11.29480576112514,51.568053180183334],[11.29262522646438,51.57075858611753],[11.29552055622229,51.57402324789374],[11.29422555751722,51.57646084542804],[11.291000985060679,51.57776709820835],[11.289783225443928,51.58093511191329],[11.281358724757268,51.580604325292754],[11.281519356064408,51.58324833407405],[11.286222015228336,51.58645267266284],[11.282046479844709,51.58718501611927],[11.281752170318168,51.58964355420373],[11.284554542297727,51.59098346850676],[11.274546313924521,51.59191325696861],[11.275387834725151,51.593842046079985],[11.270589102777299,51.597949015932755],[11.267960798734498,51.597138437558215],[11.269375884786497,51.59538384645935],[11.26556144600561,51.59446398131778],[11.26459384966642,51.596206632272725],[11.259384955184968,51.59481876175955],[11.260145037105657,51.59361729755621],[11.262727273799701,51.59428439760905],[11.263232985632584,51.59342643405543],[11.261052461051191,51.59287665080292],[11.260364266978177,51.58595409899014],[11.257632643130968,51.58482906898252],[11.256351308529485,51.58590847092743],[11.249290382063243,51.58407298650234],[11.245244426888204,51.584336644179025],[11.24044142653333,51.57834903527879],[11.236215778302366,51.57951700553137],[11.230172622786359,51.5791022742785],[11.217892924262841,51.585414258222784],[11.208811760479515,51.58625467423237],[11.208580389111622,51.588588847096794],[11.203501026653102,51.58844446182742],[11.198035294339162,51.590870039389564],[11.200015385533352,51.59326642908569],[11.203430305914843,51.5941506766032],[11.20649961521381,51.59044470883023],[11.209344586983944,51.59154642994719],[11.213711183910442,51.58973481583861],[11.220575252296836,51.591240369251686],[11.2267017592963,51.59516842388839],[11.229708051525645,51.5954417439962],[11.229526705792242,51.59661999585232],[11.233887795662518,51.59680069470113],[11.231334121525649,51.604838296707115],[11.233734787734802,51.60678468870173],[11.252790923046959,51.61020045964682],[11.242292287962073,51.61148147455414],[11.243677389064404,51.614909504973255],[11.246418509323874,51.6155129860445],[11.246165223759037,51.61681910927577],[11.243015189789109,51.615957290824],[11.241859119221457,51.61952725087007],[11.249865351838544,51.62125804142563],[11.24588351304611,51.63145849779985],[11.244431363814217,51.62928146623561],[11.236888014311702,51.62674671435455],[11.235005587982409,51.62744218781894],[11.236156959259874,51.63431746077847],[11.232825622229097,51.63664130909644],[11.234511239766164,51.638070304844604],[11.233743711021654,51.64250141385691],[11.238578064915112,51.642795177675474],[11.250091644259125,51.63859319925764],[11.252290804183312,51.63955985428899],[11.251823848688264,51.64281961233283],[11.254869491147184,51.643366985919414],[11.258556201373372,51.64681608431077],[11.263891132072953,51.64574140469404],[11.264996789673576,51.64663440207176],[11.26975752000686,51.646446771231076],[11.271446988636203,51.64368429678119],[11.273324003102552,51.64411518069469],[11.274839251085606,51.646791424109544],[11.278084580593996,51.644592909491784],[11.281480288631924,51.64529023801537],[11.278473336888261,51.64959249481535],[11.279583383018794,51.65023293782544],[11.28716747249997,51.648887152124516],[11.287105787699646,51.65034502325331],[11.294545683241745,51.65070009511001],[11.292392913321358,51.65583364937849],[11.294270211723735,51.657323492531006],[11.291298764296213,51.657802249162124],[11.289377599061282,51.65963241564904],[11.305350969066403,51.66229565165212],[11.309258926955236,51.655872333228686],[11.306930494847759,51.65425085477771]],[[11.433304272379084,51.54876635494649],[11.42172819865662,51.54720192860549],[11.421003221677482,51.54304684711028],[11.422544057391876,51.54185124716873],[11.432453963331723,51.54143333020427],[11.431783497689755,51.54352404444682],[11.437747688852218,51.545177228088335],[11.434268429815337,51.546509432778066],[11.433304272379084,51.54876635494649]]]}},{"type":"Feature","id":"15087370","properties":{"ags8":"15087370","county_ags5":"15087","state_code":"15","name_de":"Sangerhausen","valid_at":"2026-01-01","source":"BKG_VG250_2026","part_count":1,"simplified_tolerance_m":80},"geometry":{"type":"Polygon","coordinates":[[[11.274262501048492,51.59477610300023],[11.274546313924521,51.59191325696861],[11.284554542297727,51.59098346850676],[11.281752170318168,51.58964355420373],[11.282046479844709,51.58718501611927],[11.286222015228336,51.58645267266284],[11.281519356064408,51.58324833407405],[11.281358724757268,51.580604325292754],[11.289783225443928,51.58093511191329],[11.291000985060679,51.57776709820835],[11.295243352479229,51.57520342458049],[11.29262522646438,51.57075858611753],[11.29480576112514,51.568053180183334],[11.293482491832437,51.56663382688917],[11.295001637341807,51.56376999983052],[11.300090551247017,51.5642124324277],[11.307644546619148,51.5669140169497],[11.3170736111062,51.56784775079271],[11.319676933703244,51.56407796996435],[11.32295506893175,51.564954842045076],[11.326863665392317,51.562203533013786],[11.330300073673088,51.562998271432164],[11.331570755492622,51.560845793514254],[11.338278805904121,51.55905290078824],[11.336838665925361,51.556858866072204],[11.338844105918616,51.55445142156222],[11.342164880872737,51.55530946269647],[11.346294959130947,51.551528149374334],[11.34302514936558,51.550291986332525],[11.342463543272636,51.543786941117695],[11.336637789993453,51.537156841629304],[11.336481034347159,51.53489070074912],[11.33280882774727,51.53604132749911],[11.332441564184737,51.532499089421854],[11.3296193018666,51.53118742288339],[11.337062336333007,51.524895638925415],[11.33605749104997,51.52449755645389],[11.339838932521985,51.523226085949275],[11.34021192781533,51.520792137809735],[11.343683403719735,51.52034765142579],[11.345485683085467,51.52251847959704],[11.347139267394166,51.5216310105201],[11.34615074634668,51.519757529479854],[11.351226923416174,51.51947212547256],[11.349054950060369,51.51792747239149],[11.3498292071566,51.516469794614146],[11.359468368039076,51.51980399097741],[11.363373120596984,51.508322729581316],[11.367966796558557,51.513195347428926],[11.373163735945711,51.51363305248256],[11.373987484824916,51.51481719586401],[11.369499355956673,51.51756416241005],[11.370691035584302,51.51803146250514],[11.372899322639514,51.51577746003649],[11.374129138642171,51.51624444391822],[11.371882739507091,51.51849875139081],[11.37345545909867,51.518985581861656],[11.374802126101727,51.517760980316005],[11.374933072115525,51.52084602460813],[11.381498672792874,51.52044737410807],[11.37531392909194,51.51068105487654],[11.381351704365262,51.51088212875644],[11.379711577406075,51.5069189420354],[11.376397359671255,51.505158262130706],[11.378623432243646,51.50388001387295],[11.380972265052044,51.505028922371565],[11.384516232274192,51.496919255065364],[11.376952785684809,51.4962854565777],[11.380566196119517,51.49180693837442],[11.373923374372636,51.49131583028057],[11.3739947851516,51.489767781963224],[11.374750298315849,51.488574542049214],[11.381469580721756,51.48920541767081],[11.386639963140492,51.48633529563216],[11.379086533122601,51.48171336504796],[11.377150798856603,51.48221365018344],[11.37565101001585,51.479885533784895],[11.370346947729617,51.48056366027297],[11.371658139779548,51.47448983029395],[11.356695305318494,51.47430354458576],[11.352121909549844,51.46508143158285],[11.3522322973468,51.456653578194064],[11.345556514192443,51.45751348851648],[11.342683210594972,51.459555159418386],[11.339803620085943,51.456290621281596],[11.337403053155809,51.45108477939838],[11.3380482508125,51.44935271581059],[11.340607212764295,51.44912752667123],[11.33815303234505,51.444296171790796],[11.342787090778165,51.4439824773036],[11.341908948955693,51.441800144564],[11.331167569255895,51.44071917718528],[11.316991232301717,51.4247673771506],[11.334854414300152,51.41966221384873],[11.328140674955426,51.415252325375754],[11.320361017561618,51.41843682583561],[11.314817584673401,51.41418366270677],[11.296704921687564,51.425932235011565],[11.293102727137036,51.42318543169189],[11.283439765600251,51.42786577505862],[11.281376718566458,51.42503637760835],[11.277587875438611,51.42651004050017],[11.277394041347732,51.42526070898006],[11.270182808888896,51.42717686373856],[11.270913762608782,51.4289005013132],[11.269246717215994,51.429461989326946],[11.259710868538253,51.42986586019159],[11.263025442695614,51.441387780580314],[11.249697696153877,51.4442535783109],[11.248174471994659,51.453410483620274],[11.237242663967145,51.45835947226538],[11.23909875149163,51.469512294905705],[11.23374211115033,51.473810619067734],[11.235409687491105,51.47808281012498],[11.230106682450039,51.486186145269414],[11.209757073436338,51.482342867356714],[11.208224177367754,51.4838545953314],[11.203589239799898,51.48324359193308],[11.200606301371453,51.484179069139515],[11.202203146364202,51.483062928400464],[11.197121041217295,51.48430771596155],[11.197114066909254,51.48195054679868],[11.193612515237264,51.486712631643364],[11.191637644945981,51.48571658513238],[11.18941526091763,51.488383721572745],[11.200070501241827,51.491663830712774],[11.199207073735163,51.493544239509596],[11.189753477980968,51.49650599250741],[11.183854102509734,51.496245106119694],[11.181052475933951,51.504943708942584],[11.185351986255602,51.50677018820581],[11.181295855553834,51.51129216529033],[11.182026246197998,51.515250872614104],[11.167487084856758,51.51454709455505],[11.165055671167842,51.51591936930415],[11.154955873664406,51.51518468375143],[11.150254072438656,51.51723408075828],[11.14689846796247,51.51675818003076],[11.140503589759712,51.52247011267676],[11.13934377866109,51.52617410397637],[11.131447335200974,51.53030234263674],[11.102257741513467,51.52803382616646],[11.098833077799002,51.530867262009615],[11.097629950847933,51.52930793015799],[11.094348111654535,51.52872173914951],[11.094582065526222,51.53007907080313],[11.092922109474824,51.529988467164664],[11.090079129321365,51.53324156389314],[11.094514648085047,51.53489267578855],[11.096563233973574,51.53844920830496],[11.095798523679319,51.54070016567481],[11.08449053489146,51.539558122931375],[11.075935447447598,51.5372790663066],[11.07527747222445,51.53951084793174],[11.077192874835507,51.53975601342697],[11.07589913569679,51.541788655874164],[11.070508139849442,51.542838432287446],[11.074656452987336,51.54458164412852],[11.073614115962076,51.546610977369475],[11.083824963269999,51.55124068028485],[11.07790589507831,51.55419769794484],[11.08036369946312,51.55774285036923],[11.090381857525214,51.56123782801926],[11.101734184972498,51.560685648803435],[11.11362878574448,51.56615734419241],[11.115274390376097,51.56507816700962],[11.117883472179267,51.56587423383711],[11.11324669698785,51.5721241316561],[11.116173833842574,51.57399818413678],[11.118783083932964,51.57066227200929],[11.125237442870896,51.57058063866358],[11.124703210611885,51.56738575235578],[11.12986018070355,51.565974905822905],[11.141093404285652,51.567361674121535],[11.14691124546859,51.570837769330396],[11.15697651110337,51.57303133514473],[11.154295989585147,51.582474774869844],[11.16130605632168,51.5789806615179],[11.159715008159656,51.58273250219372],[11.16282827286718,51.58331783746822],[11.157580709430569,51.58595623158181],[11.157608348419707,51.58788136785117],[11.162228145203043,51.58975383933016],[11.162199252176801,51.59175126402265],[11.165096259003306,51.592319761130746],[11.165968247101123,51.59573860026998],[11.170249356094779,51.597022867139025],[11.174138414669565,51.595144741665735],[11.170394921680497,51.59266666491195],[11.170402823444933,51.590595691075855],[11.172673852411075,51.589106935789616],[11.176519861023314,51.59077502630884],[11.191184948863953,51.59251176381459],[11.20321528899611,51.58759736510043],[11.208411350754726,51.58754248935937],[11.208811760479515,51.58625467423237],[11.212008274658091,51.58540229626088],[11.217284964119802,51.58563218975794],[11.230172622786359,51.5791022742785],[11.236215778302366,51.57951700553137],[11.24044142653333,51.57834903527879],[11.245244426888204,51.584336644179025],[11.249290382063243,51.58407298650234],[11.256351308529485,51.58590847092743],[11.257632643130968,51.58482906898252],[11.260364266978177,51.58595409899014],[11.261052461051191,51.59287665080292],[11.263232985632584,51.59342643405543],[11.262727273799701,51.59428439760905],[11.260145037105657,51.59361729755621],[11.259384955184968,51.59481876175955],[11.26459384966642,51.596206632272725],[11.26556144600561,51.59446398131778],[11.269375884786497,51.59538384645935],[11.267960798734498,51.597138437558215],[11.270589102777299,51.597949015932755],[11.274262501048492,51.59477610300023]]]}},{"type":"Feature","id":"15087386","properties":{"ags8":"15087386","county_ags5":"15087","state_code":"15","name_de":"Seegebiet Mansfelder Land","valid_at":"2026-01-01","source":"BKG_VG250_2026","part_count":1,"simplified_tolerance_m":80},"geometry":{"type":"Polygon","coordinates":[[[11.685969510283057,51.56950594770322],[11.68791757828604,51.560647563368214],[11.689229779278183,51.559704773408804],[11.699369011801629,51.56081060733684],[11.696847997877297,51.558244908783266],[11.691672446952465,51.55793740865405],[11.713423870574074,51.5502566034651],[11.708627040920607,51.542936792960525],[11.718681754183168,51.5427363644219],[11.719931508554149,51.54408163052727],[11.722392845366997,51.533967789389635],[11.725359486960036,51.53232399762499],[11.725402778780808,51.528673235790244],[11.723000077704892,51.52904225343356],[11.724092391193572,51.527679106605405],[11.717937987722365,51.526240242269616],[11.71437245126587,51.523415161081196],[11.71361952120112,51.514038891420455],[11.704845633172438,51.51270729045416],[11.70346816948376,51.503624664607386],[11.704800623269337,51.50056080983539],[11.707414868885776,51.49855453718372],[11.716644596025862,51.49651604870306],[11.723597177019338,51.49289889673157],[11.727629077740923,51.492209098194124],[11.728254274888949,51.489179312558306],[11.730933164308205,51.48749574236469],[11.729350467975362,51.485442773409325],[11.731279754414388,51.484297886980485],[11.735899177690506,51.48405154249807],[11.739907331241323,51.485719000016815],[11.743769607790384,51.48169740321307],[11.74269646611185,51.47844599829901],[11.744185684906554,51.47650471947375],[11.74824399201077,51.478828716161516],[11.762052988065888,51.46882066981169],[11.763865716282828,51.468206044165555],[11.76600090770034,51.469611527023766],[11.769093651215089,51.467546230561254],[11.768694699772778,51.46635065053783],[11.775183950671318,51.46268543755773],[11.780369766341648,51.4632842813669],[11.775694749582685,51.460403404631535],[11.77152721178853,51.45971066851715],[11.773867738132124,51.453215800932625],[11.767363466995588,51.44974835400897],[11.772292634334304,51.440624579034136],[11.76669983818956,51.43996325892358],[11.765870390601288,51.444424148299106],[11.751989668146992,51.445334507078705],[11.752168059013758,51.44209482963254],[11.739869362498752,51.44232031539326],[11.739783183063617,51.43383992169132],[11.742655652946286,51.429812787217834],[11.696878053009144,51.42255608264961],[11.6903088183987,51.423265547155154],[11.684239530493757,51.431720280366385],[11.67558231950611,51.433174797027185],[11.672874709609646,51.435379303276704],[11.674388363286411,51.43940422883553],[11.677631328766553,51.44179222761302],[11.672470736463788,51.44377975046186],[11.6686778482937,51.45160663891627],[11.652496301019298,51.44752865350368],[11.650316997631478,51.451787557259586],[11.64207059983802,51.45280692389772],[11.643944578678028,51.45346720896173],[11.64191367030082,51.45872716912684],[11.63862889828239,51.4576155808829],[11.635990447005984,51.460331211990535],[11.633074763769622,51.45949642248357],[11.633215290958603,51.46110565844272],[11.60514412243862,51.452797813197414],[11.606036199060684,51.447381828733384],[11.600459897523006,51.443619099047645],[11.575894971351268,51.441704860583854],[11.575924249239561,51.444799779890694],[11.569143524392448,51.44422276000554],[11.568277246701049,51.44596788808635],[11.569897382502358,51.45597452287745],[11.568324053388759,51.4577716543859],[11.55747708800808,51.46001216666559],[11.560967209601076,51.46301175460777],[11.561168914565398,51.46862441332443],[11.55513164003212,51.47296150854193],[11.559822774581075,51.48020737289677],[11.565164223985184,51.48435419165427],[11.569069694582074,51.48560327929188],[11.571322026396425,51.48353653948389],[11.57782647566324,51.48450084433905],[11.581587545048407,51.48391882045775],[11.58656152962624,51.4769314863843],[11.591778799868033,51.47759403288496],[11.595109570359636,51.4764833894473],[11.61831703907552,51.48753027252351],[11.610915066748953,51.491343327889396],[11.606604747907566,51.500876341937044],[11.623071703668078,51.50632599853283],[11.614329918762666,51.51029594816368],[11.623917167965807,51.515531444641375],[11.634732981244547,51.51903581703277],[11.63457312990306,51.520153054238335],[11.636876363574439,51.519977899584354],[11.637542470834768,51.521249126755464],[11.642995398369298,51.51955880900376],[11.644182269106903,51.52146377682783],[11.649123794205037,51.52066889907691],[11.6511058966081,51.528387479155285],[11.658563676565016,51.526676851421115],[11.667035816072916,51.526872197663245],[11.665086585288533,51.540423855638046],[11.663943798096136,51.54030917671601],[11.669052611114864,51.546008081407166],[11.667861362798918,51.54626281970524],[11.672696638665506,51.558712439124974],[11.67074175339522,51.560729311421404],[11.67191906269883,51.563866756213265],[11.670299022174632,51.56487256669835],[11.675729881115778,51.56835459289223],[11.675635980273702,51.569759141808824],[11.685969510283057,51.56950594770322]]]}},{"type":"Feature","id":"15087412","properties":{"ags8":"15087412","county_ags5":"15087","state_code":"15","name_de":"Südharz","valid_at":"2026-01-01","source":"BKG_VG250_2026","part_count":1,"simplified_tolerance_m":80},"geometry":{"type":"Polygon","coordinates":[[[10.965208719295095,51.63354474948388],[10.96549031643965,51.63277798917866],[10.969252726937057,51.63316890273369],[10.976440665831978,51.626518788898586],[10.976290732403964,51.624612154853196],[10.979073802254598,51.62398914499472],[10.997482613943575,51.628834098031525],[11.010191862052695,51.62781727979893],[11.006242205694202,51.62619692034928],[10.996803934676445,51.62623698857265],[10.996793680731203,51.625292407104865],[11.005132305771165,51.62516708166538],[11.001146341947498,51.6215135127454],[11.003219944485432,51.620820967554],[11.011949940424294,51.627332863499014],[11.01863910079263,51.62703379379131],[11.026286619163342,51.624606917252976],[11.025382256043908,51.622631722735406],[11.022903986266774,51.62259927074722],[11.018372130908084,51.61953435464121],[11.018519232287556,51.61645449007992],[11.021740603055822,51.614473243833174],[11.024896183300237,51.614916283648896],[11.02843322607427,51.611480477247014],[11.0362607940108,51.611121319047754],[11.033098421402386,51.60261594448844],[11.028959838982017,51.60328230640179],[11.02598350323069,51.605778638278764],[11.017471124655309,51.606832852615575],[11.011094750045313,51.60900178628009],[11.009461463240353,51.61025035791245],[11.01068247985035,51.61349281126062],[11.007041559812187,51.612239996611706],[11.004229497002607,51.61275583840887],[11.00297273423073,51.61673763267047],[10.99332701833666,51.617462044503306],[11.001334548443221,51.61494530636249],[11.00269261896838,51.612285577395376],[11.007289883628289,51.61117734655773],[11.006613882639222,51.610154650388154],[11.000140729853753,51.61061874551409],[10.994973658276738,51.61471123835566],[10.983513026585657,51.613229317050504],[10.983084303936344,51.61231343368789],[10.995029564754933,51.613199599543265],[10.998765258002786,51.61069597216053],[10.987522898247798,51.609830165120954],[10.98936279267857,51.60893190534566],[10.997226747700877,51.60927690747016],[10.989329402270267,51.60715973978201],[10.987376362869625,51.60556644509482],[10.997680170812208,51.607124840394675],[11.001131054484,51.60955728742495],[11.005120115111856,51.60965724649032],[11.015544127797819,51.6063554707371],[11.01307695027751,51.60463498612874],[11.02270028550209,51.60546934324741],[11.028672165200248,51.6021410374667],[11.021973156155157,51.59998468961168],[11.01143644395726,51.60078650837842],[11.008208165590936,51.60408416953647],[11.006971528956623,51.6033067906492],[11.009373515240249,51.60104732830488],[11.001366163936263,51.60199924407333],[11.00599287309172,51.598416892714894],[11.010950200486834,51.599933945616996],[11.012867407832928,51.59956577277995],[11.01093283504563,51.59837762480942],[11.012227040099173,51.597850219181346],[11.0163933738099,51.59966735838457],[11.022469404433801,51.59916381160117],[11.02100238530564,51.59592255021142],[11.002146045424297,51.592902005718045],[11.001007191823192,51.592202266098994],[11.003164345952266,51.590974359321876],[11.012016144728848,51.593199933664515],[11.018574850124828,51.58947372826386],[11.021613322891707,51.58995515035181],[11.01750694031253,51.590827895675616],[11.01694294731422,51.592044898989045],[11.021554126249548,51.59363499559348],[11.02498794115073,51.593295899620486],[11.02712093823963,51.59163103116148],[11.02834990446336,51.59299301127323],[11.02405900994598,51.59416369435414],[11.02322955443052,51.59615560661631],[11.024243684534332,51.59894003014129],[11.02624444363566,51.59956988222296],[11.030984464392445,51.597227555704094],[11.030211160266916,51.59905732630959],[11.027134407213461,51.60033061635691],[11.034583020237315,51.60232134363454],[11.036097690989676,51.60706463638972],[11.038824746616552,51.60797886492184],[11.040861681520674,51.606728034277296],[11.040890344461783,51.60303933006743],[11.043552188124792,51.59968939338363],[11.042329060884775,51.59521474090077],[11.034552584533355,51.594764395728845],[11.03733104158237,51.593969082711254],[11.055488863810584,51.594082962265766],[11.061242108954682,51.595621152634614],[11.061496828011514,51.599902302667985],[11.067152591865149,51.599326479786114],[11.072156840215907,51.600957701967445],[11.077271654386658,51.59987121046782],[11.084869702129508,51.60208295908163],[11.086558991750975,51.60426074485688],[11.091541677451904,51.600772207217595],[11.098316972574805,51.59965847730069],[11.101143208749653,51.59045858964257],[11.11411459048146,51.5927129478167],[11.124617278656729,51.59179416599388],[11.125231509604069,51.5849444673952],[11.132541004319597,51.5850944500149],[11.133766959978756,51.582892687043454],[11.1394082881653,51.58459861651766],[11.13885368058927,51.58210954149909],[11.133972964203352,51.57795240601414],[11.127356235059397,51.57980509492795],[11.122143730622025,51.58301750689457],[11.114991521715474,51.580571916472],[11.115226054754208,51.57868139595265],[11.112347132658169,51.57827352657358],[11.112682104824081,51.57740810861137],[11.117508833304585,51.57449501914812],[11.125460608382731,51.57316661287985],[11.124299792251083,51.57068873718098],[11.118783083932964,51.57066227200929],[11.116173833842574,51.57399818413678],[11.11324669698785,51.5721241316561],[11.117883472179267,51.56587423383711],[11.116880467555514,51.56535767424979],[11.11362878574448,51.56615734419241],[11.101734184972498,51.560685648803435],[11.090381857525214,51.56123782801926],[11.08036369946312,51.55774285036923],[11.07790589507831,51.55419769794484],[11.083824963269999,51.55124068028485],[11.073614115962076,51.546610977369475],[11.074656452987336,51.54458164412852],[11.070508139849442,51.542838432287446],[11.07589913569679,51.541788655874164],[11.077192874835507,51.53975601342697],[11.07527747222445,51.53951084793174],[11.075935447447598,51.5372790663066],[11.08449053489146,51.539558122931375],[11.095798523679319,51.54070016567481],[11.096563233973574,51.53844920830496],[11.094514648085047,51.53489267578855],[11.090079129321365,51.53324156389314],[11.092922109474824,51.529988467164664],[11.094582065526222,51.53007907080313],[11.094348111654535,51.52872173914951],[11.097629950847933,51.52930793015799],[11.098833077799002,51.530867262009615],[11.102257741513467,51.52803382616646],[11.131447335200974,51.53030234263674],[11.13934377866109,51.52617410397637],[11.140503589759712,51.52247011267676],[11.14689846796247,51.51675818003076],[11.150254072438656,51.51723408075828],[11.154955873664406,51.51518468375143],[11.165055671167842,51.51591936930415],[11.167487084856758,51.51454709455505],[11.182026246197998,51.515250872614104],[11.181295855553834,51.51129216529033],[11.185351986255602,51.50677018820581],[11.181052475933951,51.504943708942584],[11.183854102509734,51.496245106119694],[11.189753477980968,51.49650599250741],[11.199207073735163,51.493544239509596],[11.200070501241827,51.491663830712774],[11.18941526091763,51.488383721572745],[11.191637644945981,51.48571658513238],[11.193612515237264,51.486712631643364],[11.195124631522436,51.48474237510623],[11.197114066909254,51.48195054679868],[11.194385364445163,51.480644111543725],[11.19736217012137,51.47741459241855],[11.191496891594458,51.47541586276262],[11.184202655223261,51.47513458421378],[11.159316241137613,51.469743435135754],[11.148401566270557,51.46904831037883],[11.149033508847364,51.4668765588464],[11.144664125930264,51.46550603785495],[11.142282300578184,51.46616683914301],[11.144763221202483,51.45614863627268],[11.142864863114612,51.45530430692406],[11.143146471308745,51.45073229451689],[11.144903441872152,51.44972401158794],[11.14603937072192,51.44449051673991],[11.12874637093291,51.44015766925993],[11.12718744325193,51.44131450926548],[11.127278494852451,51.44519417574199],[11.12213846171157,51.44538809787963],[11.122880022380773,51.44387764338921],[11.12075831581542,51.44348399160958],[11.11572668804768,51.44403225559853],[11.115726276222492,51.44507590813845],[11.107319339259938,51.44370346919733],[11.105955887185667,51.44776679253341],[11.103928091183596,51.44676550742067],[11.099135729964559,51.446933957880375],[11.09826079751164,51.44594040688779],[11.094512375217107,51.44681345651094],[11.092791786509578,51.45071781797971],[11.089621122605786,51.44601034767083],[11.08430857124035,51.447161467463026],[11.080112369987715,51.44661159656996],[11.078717998997321,51.44841807971453],[11.068677111151652,51.449752471682736],[11.067489403884691,51.45352882281891],[11.065612511067306,51.453337901870526],[11.066185366069222,51.45159266526872],[11.062849382580003,51.451377664038496],[11.061938375739407,51.455772511285986],[11.056363597029753,51.45682464368361],[11.045299350150788,51.45550074750446],[11.043059617465335,51.45620142865783],[11.044810689868655,51.460198540187044],[11.048307319707039,51.46114497011703],[11.03896392712811,51.46024345145122],[11.040492041366301,51.46771284296955],[11.043299888070347,51.468842519552915],[11.045484294306394,51.474473447331],[11.045460441283964,51.47731656135187],[11.040560544975381,51.47842777522287],[11.040610723266441,51.48476566503941],[11.026682930719192,51.48657657219657],[11.022486461126158,51.488145741154476],[11.023964808906438,51.49124226980961],[11.017088343124527,51.49106573305541],[11.016644097334659,51.492570145396506],[11.012614875734654,51.49312755623859],[11.003495769526367,51.49086371563703],[10.999879861995993,51.485659449439964],[10.992640351735876,51.48517867562428],[10.986439210655435,51.48336011332272],[10.987593591939001,51.480800253150896],[10.981881249707582,51.479003792981274],[10.965868878724669,51.48539558185458],[10.957401804663986,51.49322894619336],[10.952076347565209,51.495417716513],[10.953760832706397,51.498146242959365],[10.950265163528828,51.49885240297112],[10.948649094060812,51.50162955509559],[10.946634320991773,51.49901017196986],[10.939721084340208,51.50072556313757],[10.942628144239494,51.503595617079576],[10.945238684040612,51.50372972774801],[10.945086715865765,51.50618958181681],[10.9362406086649,51.511515199582085],[10.93466077727172,51.51776805114341],[10.931345343255229,51.51812542217768],[10.933751616530094,51.51921986202044],[10.927335259507673,51.520853701038746],[10.928214520525028,51.52235294906025],[10.932850378029974,51.521517320810474],[10.935151294415286,51.53322198865763],[10.939754083234746,51.53560431251407],[10.94783895063925,51.533345861021935],[10.94797184173999,51.537572878023774],[10.945319480505827,51.53801139030341],[10.939997853157115,51.54191611076167],[10.932639985470251,51.54374288363951],[10.929521539692265,51.54338294852363],[10.9256041837755,51.545741087941785],[10.916057384720045,51.54738666284158],[10.9121437946406,51.550262890052096],[10.911190585279982,51.5556328954238],[10.909466272948574,51.55575580488026],[10.909173736357857,51.55271009244113],[10.906879824798677,51.55237525869285],[10.904473142709415,51.549641382032604],[10.90049602820724,51.550654698412025],[10.895190542069045,51.55704238339802],[10.8967771641165,51.5603504845453],[10.899716195079552,51.5610546633888],[10.900249713939555,51.564423406851915],[10.894914533507267,51.56755485937786],[10.89267991879696,51.57260134790925],[10.893858385040001,51.57638213629637],[10.891108769564072,51.578269490952096],[10.884676346574045,51.578598298519495],[10.885160462747605,51.57946968184239],[10.88205162928373,51.58050808552127],[10.883697960868256,51.58613320948183],[10.887849467381425,51.588968039215956],[10.88883423014519,51.596395953942704],[10.893852499512905,51.5986358520398],[10.894476281754018,51.601832901991244],[10.895990175259662,51.60176992182768],[10.89642421602787,51.596838426328844],[10.903331296233413,51.59382821455588],[10.907169008021919,51.59495758855506],[10.910389539317597,51.59328209482016],[10.921524581998725,51.5931528954287],[10.930538151195977,51.5916809322386],[10.930971080643895,51.59471116002721],[10.935155185321504,51.59725080517691],[10.937063687555762,51.60348728946309],[10.934062595223144,51.60542359671702],[10.914091359399652,51.61016346098154],[10.916274092509198,51.61299964706316],[10.92095901537037,51.613652508379744],[10.922012575110163,51.61844743400788],[10.91605910971455,51.616374052181904],[10.916134078129682,51.617868455900414],[10.922253585501823,51.619703370479726],[10.92581837383339,51.62309555729957],[10.92303446784048,51.62369932037153],[10.921695361092024,51.62750157220774],[10.927845564065015,51.62504044613897],[10.934456519501982,51.62409868748302],[10.935481646204483,51.626194763051295],[10.931723388646112,51.629959899579156],[10.953190567668601,51.63161225500684],[10.957734746784055,51.6335559472464],[10.965208719295095,51.63354474948388]]]}},{"type":"Feature","id":"15087440","properties":{"ags8":"15087440","county_ags5":"15087","state_code":"15","name_de":"Wallhausen","valid_at":"2026-01-01","source":"BKG_VG250_2026","part_count":1,"simplified_tolerance_m":80},"geometry":{"type":"Polygon","coordinates":[[[11.230106682450039,51.486186145269414],[11.235572911285598,51.47747898857614],[11.23374211115033,51.473810619067734],[11.23909875149163,51.469512294905705],[11.237242663967145,51.45835947226538],[11.248174471994659,51.453410483620274],[11.249697696153877,51.4442535783109],[11.263025442695614,51.441387780580314],[11.259710868538253,51.42986586019159],[11.270913762608782,51.4289005013132],[11.270182808888896,51.42717686373856],[11.26727024114516,51.42735318724576],[11.268080746480761,51.42344385286991],[11.264885049155783,51.42360751101352],[11.258848165950342,51.4081251818879],[11.25552755698258,51.407408795703766],[11.256543316011596,51.404442174417184],[11.248506161736168,51.39513282568225],[11.24412291232652,51.39695478221632],[11.247227345308243,51.400739954955256],[11.247897157695531,51.405420560120625],[11.230167350942006,51.405742605648726],[11.230907078416038,51.408326904744705],[11.228268056245916,51.40897173636365],[11.227431001364288,51.41091941466464],[11.219653045389718,51.41594725627315],[11.222286394213823,51.42237307739279],[11.219562970223429,51.42398226759779],[11.216733610216956,51.43173237064798],[11.22151680868575,51.440463344172436],[11.218450576559336,51.44304497832755],[11.227635323310315,51.4439152377463],[11.228018172058214,51.44536140443683],[11.223584315414499,51.44723316045149],[11.216665029916642,51.44671768641723],[11.210886045522061,51.44823726103207],[11.204929985366292,51.44762530313007],[11.196769760216785,51.44977022231674],[11.19228921929171,51.45247778914341],[11.18775278049013,51.45052503754423],[11.177297256832496,51.45139541270507],[11.176870473429258,51.44940726985123],[11.174698050474897,51.449348330819355],[11.17473827683588,51.445795959763956],[11.14603937072192,51.44449051673991],[11.144903441872152,51.44972401158794],[11.143146471308745,51.45073229451689],[11.142864863114612,51.45530430692406],[11.144763221202483,51.45614863627268],[11.142282300578184,51.46616683914301],[11.144664125930264,51.46550603785495],[11.149033508847364,51.4668765588464],[11.148401566270557,51.46904831037883],[11.159316241137613,51.469743435135754],[11.184202655223261,51.47513458421378],[11.191496891594458,51.47541586276262],[11.19736217012137,51.47741459241855],[11.194385364445163,51.480644111543725],[11.19773164371568,51.48276561520749],[11.197121041217295,51.48430771596155],[11.202203146364202,51.483062928400464],[11.200606301371453,51.484179069139515],[11.203589239799898,51.48324359193308],[11.208224177367754,51.4838545953314],[11.209757073436338,51.482342867356714],[11.227761398043585,51.48641658980237],[11.230106682450039,51.486186145269414]]]}},{"type":"Feature","id":"15087470","properties":{"ags8":"15087470","county_ags5":"15087","state_code":"15","name_de":"Wimmelburg","valid_at":"2026-01-01","source":"BKG_VG250_2026","part_count":1,"simplified_tolerance_m":80},"geometry":{"type":"Polygon","coordinates":[[[11.509149916873088,51.529616280121736],[11.509878127074897,51.52600211717509],[11.517159765585433,51.52682367762071],[11.519567933086666,51.521846560421295],[11.517846336391884,51.52081409523042],[11.52150484142264,51.515689924776616],[11.514891651131158,51.5113923397094],[11.50524108454638,51.511205145079515],[11.504269781099314,51.51228411249107],[11.496131510990763,51.50936607467351],[11.488470689532164,51.51049227714444],[11.471701260516582,51.504351640348865],[11.464005008160331,51.503092262008465],[11.463669189287469,51.50147455623517],[11.457831811576613,51.50226087830002],[11.45531889366561,51.5058106502484],[11.449466047885009,51.50427490632532],[11.447478709515485,51.50552113844738],[11.447897877866195,51.511086335354854],[11.451642700361239,51.513305201609235],[11.456691130004415,51.5212152939452],[11.472540936133182,51.5233000803885],[11.503527179035933,51.525138633190224],[11.507116182666813,51.5296246759106],[11.509149916873088,51.529616280121736]]]}},{"type":"Feature","id":"15088020","properties":{"ags8":"15088020","county_ags5":"15088","state_code":"15","name_de":"Bad Dürrenberg","valid_at":"2026-01-01","source":"BKG_VG250_2026","part_count":1,"simplified_tolerance_m":80},"geometry":{"type":"Polygon","coordinates":[[[12.07658229885129,51.320516181949856],[12.087242636813444,51.31966884661907],[12.086805680365389,51.308650939105256],[12.10081880765948,51.308618160726695],[12.101913456384745,51.29967441041578],[12.115159603243631,51.30049275409846],[12.116412097253374,51.29555833086858],[12.113433614273973,51.29517609458249],[12.116971345550194,51.29038973558357],[12.119153351212852,51.291698954563074],[12.121663077935278,51.28855701800256],[12.12473669942099,51.28849660767964],[12.134074537381286,51.29131744878763],[12.13608639030037,51.297048884076915],[12.134157806444088,51.29811968221327],[12.134319808443356,51.30066419538862],[12.13650300095663,51.300696744799666],[12.136898213598117,51.302837609539736],[12.146308752715743,51.30044389128872],[12.15567430342873,51.30048164706328],[12.157403368491616,51.29227689686727],[12.168947866932177,51.29375687701523],[12.169749303517971,51.285687923793084],[12.172255093205017,51.28568078058797],[12.171778610921596,51.279267186613886],[12.170904544814492,51.27550852924074],[12.159100212416691,51.27761106324489],[12.154429011561902,51.27738911077448],[12.154416506717492,51.27864018775594],[12.147636834870086,51.278843671382624],[12.14625776856598,51.27518234888087],[12.140658590960072,51.2750808732221],[12.144775589822984,51.27019277501922],[12.11362299449906,51.26831622918447],[12.112455391191311,51.2609748825432],[12.093988726556429,51.26062429312888],[12.076669681684416,51.25747495124789],[12.075097590160757,51.24805940079882],[12.066309996566122,51.250212037990806],[12.067590539199223,51.25173311732364],[12.06574332033454,51.252295858047944],[12.05159233561185,51.253912733602334],[12.053953230496743,51.25913397249997],[12.046181364501651,51.26154056050267],[12.04573773852193,51.26309985528027],[12.056541736764611,51.26663514075404],[12.05982127837698,51.269021278202274],[12.059596857846923,51.27086906910131],[12.053204679757078,51.27147589983763],[12.052865345476249,51.275457963642005],[12.047638295793941,51.277884835349866],[12.049617551007856,51.28042340212608],[12.05519764514435,51.282077315295346],[12.056662640255254,51.28466758481321],[12.061827865924673,51.285489789898],[12.062008332140856,51.28737880533718],[12.058222490865592,51.28883396835892],[12.056433798738887,51.28871486760349],[12.054605669089423,51.28622471010754],[12.040750501684794,51.28608878814876],[12.043317877136051,51.29245986070258],[12.040274140867142,51.29863259975198],[12.050008781497622,51.300170998171225],[12.049384382120934,51.30422878104764],[12.051265989333764,51.30766850803562],[12.049843282656456,51.31104392275625],[12.05425194626732,51.31446818609263],[12.05746303587441,51.31442059715112],[12.058050678265994,51.312698488288454],[12.073939418961816,51.311003897850675],[12.076738706612112,51.3162044883432],[12.07658229885129,51.320516181949856]]]}},{"type":"Feature","id":"15088025","properties":{"ags8":"15088025","county_ags5":"15088","state_code":"15","name_de":"Bad Lauchstädt","valid_at":"2026-01-01","source":"BKG_VG250_2026","part_count":1,"simplified_tolerance_m":80},"geometry":{"type":"Polygon","coordinates":[[[11.841906448521682,51.42525808266887],[11.844410529246133,51.42032545156547],[11.847301090290022,51.42074227964657],[11.847987083919215,51.4191057369002],[11.852410571075906,51.41983570801583],[11.853204798981304,51.42094554330412],[11.854405727158351,51.41813215391311],[11.87312140945397,51.42271117388022],[11.88519544903305,51.42194653686635],[11.898379788569654,51.42263281727408],[11.89954111527717,51.42075244026603],[11.903640766517047,51.421055081573314],[11.903665560195185,51.41903915200673],[11.90701280857429,51.42119474941541],[11.909372081841536,51.420221666616754],[11.90658516871911,51.417096607376145],[11.908232755674307,51.41356751578268],[11.904765095670706,51.39756485573852],[11.914904884501077,51.38582622179269],[11.903532622785205,51.38186243527275],[11.906846326542725,51.37531380647264],[11.9096564958852,51.375598911541466],[11.909803896856808,51.37376660546507],[11.914224976094037,51.37400141364748],[11.9203362837322,51.35544996858764],[11.912701464584382,51.354349018658645],[11.913398480476186,51.35220444783127],[11.901389780667243,51.34958038628713],[11.901977072837136,51.3478723731333],[11.899158802078723,51.346930938050235],[11.899617142840002,51.34421142614913],[11.89660045862363,51.343284514006314],[11.88010434964272,51.34082506209959],[11.879936169335245,51.341924852904484],[11.873731524206631,51.34151171094248],[11.873549009943389,51.33924623495868],[11.870321959156628,51.33942792806817],[11.870310612543367,51.337115457314184],[11.864288061305441,51.33651972941831],[11.86453816231497,51.33429420529883],[11.854930877974295,51.33162636645448],[11.844361564743544,51.33394756000722],[11.839857996139195,51.330922968303135],[11.822853817313941,51.33641246703937],[11.823299391526316,51.34430159846589],[11.821217696024126,51.343971672876556],[11.817612364154648,51.35753315840076],[11.818290105835914,51.361124870952224],[11.815514672742806,51.36560114596523],[11.804156237916938,51.364495058711],[11.779536108668648,51.36510779818668],[11.760936389593404,51.36407621075409],[11.761028865811516,51.36535295717768],[11.756808008877433,51.36554217037407],[11.751324059462537,51.370558698673115],[11.748706890495273,51.36947078228117],[11.746217728102202,51.37151279723556],[11.727357579749748,51.367248324633664],[11.715284616722188,51.38527997404816],[11.713871192598361,51.39002754269663],[11.74473909685446,51.3966199112846],[11.753065038694395,51.397698003645736],[11.755209435654725,51.395389603333584],[11.782385553281493,51.40097669639348],[11.779288004252283,51.40479239132396],[11.785333544472495,51.406297955578616],[11.786872679429464,51.40859881087984],[11.796208323431653,51.40842224740336],[11.8005719056765,51.41110949258574],[11.808038302757994,51.411062651364134],[11.808583175158622,51.4130181882706],[11.81154668698169,51.412994164757585],[11.811363268988934,51.41863955381539],[11.832636693073058,51.421765939978755],[11.838981500651157,51.42578431984174],[11.841906448521682,51.42525808266887]]]}},{"type":"Feature","id":"15088030","properties":{"ags8":"15088030","county_ags5":"15088","state_code":"15","name_de":"Barnstädt","valid_at":"2026-01-01","source":"BKG_VG250_2026","part_count":1,"simplified_tolerance_m":80},"geometry":{"type":"Polygon","coordinates":[[[11.647462523042284,51.35625071546943],[11.650093823284388,51.351302509112145],[11.651792961681267,51.35242017637379],[11.651948582949148,51.3500251891127],[11.657574940253937,51.3464199328815],[11.665092688895438,51.34761000070085],[11.673352383190117,51.33061143257144],[11.67116151040027,51.330309386234525],[11.675471350833911,51.32021545580466],[11.64861129488607,51.31715480509232],[11.638156816860077,51.31757800765784],[11.634900709188948,51.314217299667746],[11.630439317912378,51.315547086737006],[11.631102733551321,51.31742127466837],[11.623168343836705,51.32002593066662],[11.620938767410783,51.31573722017347],[11.616753138668976,51.31839554587438],[11.617210155813865,51.321846414460275],[11.61023803856447,51.33107249503621],[11.611682702088572,51.33141873726691],[11.609631113781711,51.33688189742947],[11.605000313521149,51.33606178353253],[11.603913720459227,51.338672403674735],[11.599972859485648,51.337872594143924],[11.599473225747852,51.33860610499041],[11.605391947856228,51.339924788870746],[11.604039662981544,51.34297290686867],[11.597037353421715,51.3434313669469],[11.594215570099886,51.34945704608826],[11.602920944619973,51.35101827256168],[11.602831378410334,51.35286325337506],[11.608408734164216,51.353930561716034],[11.607336564865932,51.3561590672855],[11.63780717278384,51.36156346657867],[11.647462523042284,51.35625071546943]]]}},{"type":"Feature","id":"15088065","properties":{"ags8":"15088065","county_ags5":"15088","state_code":"15","name_de":"Braunsbedra","valid_at":"2026-01-01","source":"BKG_VG250_2026","part_count":1,"simplified_tolerance_m":80},"geometry":{"type":"Polygon","coordinates":[[[11.899617142840002,51.34421142614913],[11.911271147987739,51.32597580253497],[11.924969148975844,51.32770896623357],[11.932261070192556,51.33079670577521],[11.937886157923801,51.324681762995446],[11.94671319428375,51.318743784163985],[11.950262602572582,51.313241096457965],[11.956051425878009,51.29637185776226],[11.959519067384717,51.294825959778315],[11.96206966697344,51.29514513744269],[11.964181322323864,51.29294108974981],[11.967559954415055,51.293123822126255],[11.967271466022543,51.29488219228201],[11.970534325990787,51.29503029427964],[11.971515279600634,51.29023963553467],[11.977242496759061,51.290716545356105],[11.97229908122891,51.28197790065957],[11.968878042687415,51.269629460343786],[11.942928339700979,51.27139173371363],[11.925616017374816,51.27018168062583],[11.92925072508024,51.255033140848205],[11.927217703390628,51.254319838017075],[11.927683494076774,51.2460761645036],[11.923305989057189,51.240882891122304],[11.923525240498488,51.23637184742098],[11.912782322450944,51.236155536981265],[11.9115327769053,51.233742063948945],[11.899251234364085,51.23335285534333],[11.89891956042471,51.23565148889628],[11.893453629876525,51.23550068326786],[11.89305203657065,51.23839184900412],[11.88926125847532,51.238460685510354],[11.885688844306804,51.244240536138285],[11.872819055598862,51.242916366380825],[11.86613811713349,51.26183748840419],[11.867399070115617,51.26228170906093],[11.86306778462099,51.261801254595895],[11.85997782422753,51.26936895759953],[11.846973498744052,51.2686012860975],[11.846436938210934,51.27233284228341],[11.8378262399677,51.273205313249164],[11.837168391504777,51.27476056222007],[11.828953861032051,51.27147955283975],[11.82323353003259,51.27159826450115],[11.816720439753446,51.27912233413287],[11.821427922031058,51.278673431508196],[11.821738242136965,51.279488792668005],[11.818709724828881,51.2869736117116],[11.83082321283593,51.288436554213426],[11.828675935269608,51.29818114327852],[11.834861858407939,51.29766997185613],[11.836434244563028,51.29849260133659],[11.838167644254296,51.303161017616354],[11.836773156744945,51.30353404621861],[11.84271294417544,51.30925165284745],[11.84837032997978,51.329230407595055],[11.839857996139195,51.330922968303135],[11.844361564743544,51.33394756000722],[11.854930877974295,51.33162636645448],[11.86453816231497,51.33429420529883],[11.864288061305441,51.33651972941831],[11.870310612543367,51.337115457314184],[11.870321959156628,51.33942792806817],[11.873549009943389,51.33924623495868],[11.873731524206631,51.34151171094248],[11.879936169335245,51.341924852904484],[11.88010434964272,51.34082506209959],[11.899617142840002,51.34421142614913]]]}},{"type":"Feature","id":"15088100","properties":{"ags8":"15088100","county_ags5":"15088","state_code":"15","name_de":"Farnstädt","valid_at":"2026-01-01","source":"BKG_VG250_2026","part_count":1,"simplified_tolerance_m":80},"geometry":{"type":"Polygon","coordinates":[[[11.644588638653994,51.45279567853961],[11.645493026343926,51.449334923146765],[11.642701053350047,51.44927190423894],[11.643166281559191,51.44616746672611],[11.639627294623104,51.44479720864607],[11.642533636268174,51.43757941924835],[11.646957902204882,51.433556297458274],[11.641214008849902,51.43385023062173],[11.64142178995771,51.43301498149522],[11.632491636089336,51.431429099590744],[11.633195065153803,51.42906546656808],[11.621673069740083,51.425522266576834],[11.615127391860822,51.42526245641208],[11.617782365089802,51.4202489453453],[11.615130165010935,51.41982592503612],[11.61618768027522,51.415964847913564],[11.608982591465145,51.41553814716105],[11.60197960168463,51.41213085724803],[11.59723078883206,51.4115004400374],[11.596731203200736,51.40985851386565],[11.59147404598588,51.40961951054258],[11.589269079132853,51.40764246304856],[11.585727332343145,51.4081431080186],[11.58553895252451,51.406867169621094],[11.581932953995214,51.40952774755407],[11.562223525445228,51.41003135152795],[11.55662096349867,51.41058574832544],[11.556131006348785,51.411804836387795],[11.54765628890622,51.411799678839316],[11.547987083385488,51.413056402470474],[11.533694432391062,51.41411868145283],[11.530974489460894,51.41602306498391],[11.527468420256062,51.41632545304124],[11.524106332980539,51.41970012049123],[11.524514978606385,51.425122109509005],[11.533337402216759,51.427042390687284],[11.533404955350434,51.43004699380642],[11.536439460626648,51.43248563432337],[11.54649717552086,51.43483493385956],[11.543065562757366,51.436493977493996],[11.544621477021632,51.43781181520458],[11.549960369953395,51.43771929750715],[11.55177155043187,51.440744308154166],[11.561497392735458,51.44357218334831],[11.575924249239561,51.444799779890694],[11.575894971351268,51.441704860583854],[11.600459897523006,51.443619099047645],[11.606036199060684,51.447381828733384],[11.60514412243862,51.452797813197414],[11.633215290958603,51.46110565844272],[11.633074763769622,51.45949642248357],[11.635990447005984,51.460331211990535],[11.63862889828239,51.4576155808829],[11.64191367030082,51.45872716912684],[11.643944578678028,51.45346720896173],[11.64207059983802,51.45280692389772],[11.644588638653994,51.45279567853961]]]}},{"type":"Feature","id":"15088150","properties":{"ags8":"15088150","county_ags5":"15088","state_code":"15","name_de":"Kabelsketal","valid_at":"2026-01-01","source":"BKG_VG250_2026","part_count":1,"simplified_tolerance_m":80},"geometry":{"type":"Polygon","coordinates":[[[12.087034963297642,51.48497163792071],[12.084091595482832,51.48028696878585],[12.09163454837534,51.47879044425067],[12.08748010388513,51.4724214642376],[12.092441914964922,51.47049171295955],[12.099022940995766,51.464370412857235],[12.10324281625086,51.46405110390947],[12.10320519125254,51.460789744419245],[12.107735688472772,51.45846605314706],[12.121637527475984,51.45820388111529],[12.140011734679339,51.46044925548088],[12.14867256704502,51.45949484387771],[12.153039147365837,51.457543818285984],[12.153139176267553,51.45246123070832],[12.15775244043263,51.45231061147064],[12.158256603665277,51.4512431484555],[12.158391001351209,51.445982337934055],[12.154323694210325,51.446039600770604],[12.154219212583602,51.444385258357684],[12.157631748629784,51.44430476366377],[12.157213532731875,51.43271098382085],[12.169550936150458,51.43031374174387],[12.171032337314331,51.43423427412669],[12.182482341413921,51.43237922133683],[12.185858093467393,51.42079406683611],[12.189822026036559,51.420853705017265],[12.186558664859009,51.41424835912507],[12.182959133927818,51.41410946036291],[12.183202535277692,51.41077112659615],[12.173532762036066,51.410256973915025],[12.167023260086554,51.40865291523756],[12.164535287322556,51.40551150356024],[12.158351561909432,51.40759669563222],[12.158112462921835,51.412327792313256],[12.151145143029254,51.41410498525681],[12.148424417995528,51.412342860441015],[12.142276232966287,51.414364645862406],[12.14325960300973,51.41047234121367],[12.136760346549233,51.40737737213733],[12.136672146321835,51.41483952656928],[12.121885951972606,51.41664444544547],[12.121735168415405,51.414960798565794],[12.118409320306752,51.415235201074054],[12.118488749024436,51.41749126444689],[12.116552959729956,51.41831789990315],[12.11597274442054,51.41481157094564],[12.097592591115873,51.415777051095155],[12.0963205324034,51.42125146769265],[12.094891684668369,51.42089942866916],[12.09537000610803,51.42546435758742],[12.092562551169415,51.42621669443153],[12.084064699053375,51.413102637353326],[12.066122988101132,51.4224857626864],[12.065127522404651,51.42114920264994],[12.051032647085258,51.42102101041108],[12.050204223544727,51.42248972762261],[12.031486819181342,51.425183754879455],[12.02468421390735,51.422057077351305],[12.023182935386309,51.41996229538807],[12.02140933247939,51.42043777857012],[12.02905134141612,51.4279028408146],[12.024329362359667,51.4343282502969],[12.025011316827724,51.43709098718778],[12.033348456626618,51.437117583528284],[12.030808276248722,51.442117913266706],[12.033215643211586,51.44608195365585],[12.040043507297876,51.448533378758334],[12.041568106614502,51.45810296450174],[12.050823429228558,51.458332308762145],[12.056411085541459,51.45999528237583],[12.056270640324291,51.46422398382621],[12.053127684270923,51.464836913695066],[12.05428333501801,51.46632162085703],[12.052928000858865,51.476132044264354],[12.070647071318668,51.47473034350042],[12.071879756686894,51.47621385722506],[12.078516956630455,51.47449470687233],[12.082781351242108,51.478721550919175],[12.077061250350068,51.48077728736067],[12.071827014523574,51.485178364232766],[12.072300732000807,51.48627942513152],[12.087034963297642,51.48497163792071]]]}},{"type":"Feature","id":"15088195","properties":{"ags8":"15088195","county_ags5":"15088","state_code":"15","name_de":"Landsberg","valid_at":"2026-01-01","source":"BKG_VG250_2026","part_count":1,"simplified_tolerance_m":80},"geometry":{"type":"Polygon","coordinates":[[[12.120198418373118,51.58008562161596],[12.164302148138953,51.58112754921146],[12.165784641864892,51.56470205619571],[12.166650387582594,51.56230517254555],[12.169784027646184,51.56232384340436],[12.169271198725301,51.54983187691343],[12.187200484097351,51.534951956299935],[12.198035836708016,51.53497803354817],[12.198939203556725,51.53132047755306],[12.192765744698464,51.53129860531203],[12.193277898526159,51.525319819254214],[12.191163179460213,51.52507911190563],[12.191161428364989,51.52009305989339],[12.193810381019366,51.51865501032816],[12.193843726716665,51.50839734244986],[12.19039522305064,51.507767284848605],[12.192420580597156,51.50637937098618],[12.19634619113003,51.506732753097126],[12.197347562646094,51.50286115678058],[12.207896626217158,51.50259243189384],[12.20833479137793,51.49809559213958],[12.204864782042565,51.49783078239168],[12.20701759017029,51.49206414075124],[12.200995314011355,51.490291726790936],[12.203081768672593,51.485141148480004],[12.17570499978805,51.48222232896065],[12.176485555109421,51.47478709873561],[12.175521037800937,51.46968043140023],[12.173414551807559,51.46960240962767],[12.173277996128075,51.46822751226953],[12.163320772035748,51.46739675653873],[12.162987228078768,51.4657456678418],[12.155500153500181,51.465014316602634],[12.153151750765609,51.46297540811036],[12.148913400898962,51.46310677231961],[12.14867256704502,51.45949484387771],[12.136732120220495,51.46039967479222],[12.120112090267558,51.45817727251192],[12.107735688472772,51.45846605314706],[12.10320519125254,51.460789744419245],[12.10324281625086,51.46405110390947],[12.099022940995766,51.464370412857235],[12.092441914964922,51.47049171295955],[12.08748010388513,51.4724214642376],[12.09163454837534,51.47879044425067],[12.084091595482832,51.48028696878585],[12.087657567163234,51.4863040473307],[12.088502845782942,51.49163328702939],[12.081994627880636,51.492030408359476],[12.082196456427168,51.497884696811084],[12.072299436109706,51.495328762765816],[12.072151825761624,51.49751921074264],[12.068469074121387,51.49672062540542],[12.070080175504007,51.49271364575311],[12.043673064118751,51.494159683232205],[12.046158368942772,51.496043772286804],[12.034593884707848,51.49725683949169],[12.03321065896832,51.50202606066598],[12.025045942635758,51.50469785333431],[12.028728893472948,51.50645956408787],[12.029900588099062,51.510706074826864],[12.026995604345178,51.511696099399565],[12.02643408816635,51.51545878327944],[12.0228320000841,51.51615454312386],[12.02504530617581,51.526175895501446],[12.012192222491922,51.52617953516543],[12.01230116828366,51.52763079615048],[12.009841605751905,51.52828134296199],[12.017415513911777,51.54016786790332],[12.010814323290331,51.541278455993705],[12.009125592341677,51.538636575506466],[12.004309477385267,51.53882767084116],[12.000879601418447,51.54368062006802],[11.990481574346907,51.54037553637914],[11.993189558016752,51.54554322098912],[11.991569227365787,51.55826563384697],[11.995332460610472,51.55888460495207],[11.99813753313363,51.55706341145127],[11.997354897460951,51.56525960019783],[12.000780252316083,51.56625086986087],[12.002504417220008,51.56555405273073],[12.005744773215154,51.574958540966136],[12.0148477069774,51.574428317423305],[12.012931196870836,51.57142361994641],[12.015910347388262,51.570242595141686],[12.017589577671696,51.56326906103279],[12.02864178859876,51.56223079663191],[12.061491308741406,51.55600707159209],[12.06424706710749,51.55525936302379],[12.0646786815134,51.552295764349495],[12.068063025589225,51.551869876294525],[12.068963216487552,51.554738728186294],[12.077208941024466,51.554628740267496],[12.078686737556115,51.55318045541589],[12.077841748708392,51.5685720421534],[12.087639644110338,51.569083417877984],[12.086839114185027,51.57354637278104],[12.081231319049737,51.57712149907378],[12.081743724497299,51.582634628863985],[12.120198418373118,51.58008562161596]]]}},{"type":"Feature","id":"15088205","properties":{"ags8":"15088205","county_ags5":"15088","state_code":"15","name_de":"Leuna","valid_at":"2026-01-01","source":"BKG_VG250_2026","part_count":1,"simplified_tolerance_m":80},"geometry":{"type":"Polygon","coordinates":[[[12.189963637194367,51.37945034616458],[12.189499480460531,51.37551401996976],[12.188101725931947,51.37599127513928],[12.185814097071729,51.37407117253953],[12.182767859211141,51.374519815481584],[12.181756293568295,51.368510592993594],[12.183050108859396,51.36769202961063],[12.188946730707348,51.37088545082278],[12.192879207222866,51.37147678066333],[12.19364044943,51.36927451251121],[12.190391308172485,51.368845112055446],[12.185632465423877,51.365964290686065],[12.186085325323125,51.36212906960876],[12.1920102636205,51.36229509273829],[12.191920949435868,51.360778027755416],[12.196076868052886,51.36039951436264],[12.195523739011447,51.354397769289235],[12.190532466919871,51.3539268613863],[12.19025566013217,51.35135930763728],[12.192275006323355,51.34298698737387],[12.193509285694494,51.34305490546439],[12.194347236983921,51.33056766335431],[12.166825671618192,51.326807615853724],[12.167391354607933,51.326056690731974],[12.165143433551922,51.325688595739514],[12.164778818800766,51.32083505509079],[12.1557240581452,51.32122495483128],[12.147653576041247,51.319967089319086],[12.154559210725623,51.310207558736124],[12.157626829266894,51.30208292931083],[12.15567430342873,51.30048164706328],[12.146308752715743,51.30044389128872],[12.136898213598117,51.302837609539736],[12.13650300095663,51.300696744799666],[12.134319808443356,51.30066419538862],[12.134157806444088,51.29811968221327],[12.13608639030037,51.297048884076915],[12.134074537381286,51.29131744878763],[12.13030913277462,51.28955202766502],[12.121663077935278,51.28855701800256],[12.119153351212852,51.291698954563074],[12.116971345550194,51.29038973558357],[12.114124295691859,51.292857614584506],[12.113433614273973,51.29517609458249],[12.116412097253374,51.29555833086858],[12.115159603243631,51.30049275409846],[12.101913456384745,51.29967441041578],[12.10081880765948,51.308618160726695],[12.086805680365389,51.308650939105256],[12.087242636813444,51.31966884661907],[12.07658229885129,51.320516181949856],[12.076738706612112,51.3162044883432],[12.073939418961816,51.311003897850675],[12.058050678265994,51.312698488288454],[12.05746303587441,51.31442059715112],[12.05425194626732,51.31446818609263],[12.05056184251459,51.311916323412404],[12.050008781497622,51.300170998171225],[12.040274140867142,51.29863259975198],[12.043317877136051,51.29245986070258],[12.040750501684794,51.28608878814876],[12.005713954476352,51.27701803586006],[12.001984536543274,51.2766069397091],[12.001358212096832,51.27995387714973],[11.998919794353675,51.28202079921843],[11.99622111390648,51.281924321559046],[11.988653127475311,51.28093733729024],[11.989922769789988,51.277933113728125],[11.984285694494334,51.2769448033661],[11.984581910661314,51.273958009708096],[11.978762083380035,51.27366262722046],[11.979092750030924,51.27502627756991],[11.970086246753924,51.2751305848232],[11.977242496759061,51.290716545356105],[11.977047109287904,51.29671220318991],[11.992578085378524,51.29849529536841],[11.99162447941583,51.30096410585723],[11.98838770540638,51.301186451006956],[11.99303647310222,51.323816389818695],[11.995079072560358,51.32388170189692],[11.99521281911326,51.32528716845666],[11.988819845663768,51.32479253546246],[11.989720217207932,51.33117454811668],[11.995661285419143,51.3320215345782],[11.996677584716728,51.335005167436364],[12.004306527874034,51.3367883786715],[12.013022190392412,51.33561621662575],[12.018973815010636,51.33589756702137],[12.020641447964499,51.33706059821028],[12.021779727068102,51.33560025342149],[12.026561058276636,51.33675518377443],[12.02775004575021,51.33959684913367],[12.031435429391182,51.33911019445284],[12.030523751772815,51.34207499523759],[12.034619058617775,51.34176438349303],[12.032279347204769,51.345480655434464],[12.035802127065141,51.34577747681596],[12.034842671710274,51.347104308014885],[12.040563940457496,51.34743166663102],[12.034680827854748,51.355013743791716],[12.039415054183438,51.35617740650662],[12.041501750420297,51.35441145970305],[12.052486293216255,51.354968644819536],[12.054638282051766,51.35400428854491],[12.055831754633697,51.3510458463671],[12.057736567289766,51.35212745191969],[12.058193605823467,51.35522153592546],[12.062127802378656,51.35551211934465],[12.060930217580847,51.3560804282193],[12.063413284782785,51.358428354256496],[12.06730923894822,51.35311924817234],[12.070497447087398,51.35383855521304],[12.070382420225409,51.347468527128534],[12.07756773652996,51.347480178315976],[12.077553127005698,51.34109865029204],[12.094420568008827,51.3418707597863],[12.097953590029489,51.335227360722335],[12.107329615960868,51.33595648948031],[12.10551179775438,51.34160053062648],[12.096137739405995,51.35423037900733],[12.097614218023399,51.35577612151562],[12.101277887888237,51.355611728344],[12.101321335682902,51.35784818237912],[12.103003973369956,51.3578252237474],[12.1033203362677,51.36238459441405],[12.10154886638635,51.36435254608409],[12.104060671290334,51.365479133743264],[12.10074600499969,51.368134060690316],[12.102018527489113,51.37041144693865],[12.104586730483083,51.370259403357686],[12.103715046060328,51.372062103172645],[12.12113219037527,51.36896132048613],[12.122581446109551,51.36915627211759],[12.121249057326459,51.36964397746117],[12.122703980167703,51.37314775812689],[12.135972594716169,51.37613043959992],[12.136163455065118,51.3740086883135],[12.142932565648277,51.369676009081516],[12.144793269400724,51.37064999130058],[12.145320110011719,51.37580940516764],[12.148975416152178,51.37525103101176],[12.148413439572535,51.37361208652725],[12.150733810270204,51.37336352229513],[12.152192876233288,51.37555678518939],[12.154993036171252,51.374653453538514],[12.15649003406372,51.377494066571145],[12.167506949368454,51.37795013894615],[12.174260874955161,51.37663918875112],[12.177020060329863,51.377382756916276],[12.177719895161873,51.37674003135735],[12.175177956344154,51.37589056487657],[12.177744542313393,51.375167617783326],[12.180824612935679,51.37549560627042],[12.183713571996362,51.37834004939561],[12.18735055191724,51.377916423041505],[12.189963637194367,51.37945034616458]]]}},{"type":"Feature","id":"15088216","properties":{"ags8":"15088216","county_ags5":"15088","state_code":"15","name_de":"Wettin-Löbejün","valid_at":"2026-01-01","source":"BKG_VG250_2026","part_count":1,"simplified_tolerance_m":80},"geometry":{"type":"Polygon","coordinates":[[[11.865443601785095,51.67539145861229],[11.874116208956465,51.6672843935742],[11.883034936859916,51.664704529249846],[11.885881138593232,51.6654631890973],[11.886676688681009,51.66211570922258],[11.892547756420324,51.659644301551374],[11.89415761201102,51.657402883144485],[11.907721846246023,51.6520593973317],[11.912440772653003,51.648421969152615],[11.924983132581701,51.64519369273103],[11.926123596496758,51.646179823609344],[11.934719255877194,51.64671394866598],[11.94519874512014,51.645543368894764],[11.947756013997127,51.64291710163353],[11.956431350192416,51.64225532149741],[11.967867308188334,51.64349950115439],[11.976532453938946,51.646702802312205],[11.998665728249227,51.64638819487688],[11.998151541866575,51.6386384034987],[11.994755480716455,51.636494890270235],[11.997396027604752,51.633170909222706],[11.995185961163285,51.632270411442164],[11.994429402385173,51.63487499127101],[11.993005890549169,51.63463110789693],[11.993835211658784,51.63178255153251],[11.990814955395162,51.63138879751474],[11.990285089109442,51.63332106553896],[11.982434351797034,51.63244805067681],[11.982245300963204,51.626053111152096],[11.976057433536516,51.626157297938605],[11.975556303789636,51.6250179134389],[11.956235142943038,51.62882378992267],[11.95604868495096,51.62614469066474],[11.949785528536294,51.62558287222165],[11.94940571490282,51.62819694298183],[11.947630411658242,51.62829069588282],[11.939755261206598,51.627964038009964],[11.94089358992638,51.62554770730911],[11.928791123124768,51.62501087615382],[11.928802943369819,51.626315431330134],[11.923652200950341,51.62664755863161],[11.92281085719252,51.623301476698],[11.91916387843596,51.62410117518379],[11.91922174050928,51.62223791416533],[11.914874214009686,51.62282094882214],[11.916209221016887,51.61784710486773],[11.9150813484723,51.61642995676158],[11.903277453411338,51.61611191191658],[11.903029905181546,51.61369442154711],[11.921269833931273,51.60373498285695],[11.90275019669654,51.59277758596356],[11.894984771018294,51.58303486648564],[11.892858869609913,51.57866897568602],[11.897547534878338,51.57661598779868],[11.89498032654891,51.572930202856945],[11.894777945828965,51.56229078107033],[11.896297398154454,51.56304260943211],[11.898159835512148,51.56071826975583],[11.895608674482533,51.5592415940307],[11.89228393440961,51.55975300296249],[11.8916132106793,51.55858217933463],[11.888211053302287,51.55963838709435],[11.882510171129661,51.55677705734465],[11.903038983277643,51.54232230113721],[11.901568112957106,51.53952339705413],[11.896130112724387,51.53484593414907],[11.883127356786462,51.535215162865036],[11.868935753082699,51.53346423611744],[11.863556404730536,51.53159201010033],[11.856281072763402,51.53242277686463],[11.84078347300658,51.52787613573882],[11.83024544037591,51.53109982747302],[11.823235555219759,51.5316466176823],[11.819956706299227,51.53551648810697],[11.823799610101094,51.54918619209458],[11.820458887092858,51.55545916688842],[11.828343979160577,51.56058038689597],[11.831691298523376,51.568964637449824],[11.829439361397135,51.5724632003981],[11.822877824878375,51.57397275463149],[11.807971592804206,51.56905004035458],[11.796068869914732,51.57344634117192],[11.802515471392779,51.578046448381734],[11.804674206454495,51.577641693967635],[11.809428705864047,51.581639767413485],[11.794629673742678,51.58332366532639],[11.783199337441896,51.58001137985192],[11.777082085057739,51.583334906072075],[11.767670258056096,51.58037717088758],[11.762710301746436,51.582238878943855],[11.75695953523058,51.58845465867853],[11.755745572693211,51.59852942391523],[11.758925109467146,51.60072382257951],[11.764807728303536,51.601118026849754],[11.7656632042995,51.60219442322189],[11.762901486953638,51.611173194365385],[11.75360491066508,51.61470932051568],[11.757942308480624,51.61739845799302],[11.757922830498526,51.618793286773304],[11.748477551799382,51.62118787828836],[11.752405233581113,51.63636109670816],[11.745377000699776,51.641105074693606],[11.744800369279183,51.643828384210885],[11.746670808489814,51.64613001124591],[11.751365981627746,51.647528980209636],[11.755948694354691,51.651142336524245],[11.758778753416445,51.65149012303197],[11.763580771946469,51.650760614338175],[11.763783879409136,51.648368570179606],[11.765612964792014,51.647566215347574],[11.776181010825953,51.646372867651664],[11.77648840023217,51.64840795921335],[11.780315315156715,51.64841417556745],[11.780549512069822,51.64588473384626],[11.785645776725168,51.64659419253699],[11.78575875344221,51.64546827108569],[11.789941463645508,51.645411263198234],[11.799114495941167,51.64265892398736],[11.805831913436856,51.647117429839575],[11.809019975980787,51.64753447710854],[11.808635261462978,51.64880046327218],[11.81892288697634,51.64904374197083],[11.817072540472626,51.650584970692364],[11.823618293503053,51.65835775001097],[11.836445941383971,51.655244205237345],[11.838469799539576,51.65173922108824],[11.837572541098385,51.65033339525994],[11.85444376276949,51.65014125361421],[11.854059232424499,51.65455787294067],[11.849402134300925,51.65458413877917],[11.850819134035332,51.6614108409257],[11.853151248978152,51.66131275095686],[11.857860269794198,51.667781687074516],[11.855849533462147,51.66839991874981],[11.856963120635434,51.67344661786517],[11.86088081439205,51.671508353744514],[11.86298845339707,51.67459200044426],[11.865443601785095,51.67539145861229]],[[11.890787136751642,51.58606272909098],[11.88225038181878,51.58748571425861],[11.88124194051929,51.582305722720065],[11.886857078589351,51.58315765603232],[11.89288356777819,51.582330851784626],[11.890787136751642,51.58606272909098]]]}},{"type":"Feature","id":"15088220","properties":{"ags8":"15088220","county_ags5":"15088","state_code":"15","name_de":"Merseburg","valid_at":"2026-01-01","source":"BKG_VG250_2026","part_count":1,"simplified_tolerance_m":80},"geometry":{"type":"Polygon","coordinates":[[[11.997816594024556,51.38789154636555],[11.998963873137855,51.38923402962174],[12.00109865049081,51.38818298968654],[12.005588693702164,51.38874860852597],[12.003507284402671,51.38619985369664],[12.007017134818877,51.38415492592498],[12.01206388230246,51.38701455693787],[12.013135431653346,51.382572265906035],[12.017457866184794,51.38442125025163],[12.018796764142479,51.382332553338756],[12.025136140427795,51.38303613452632],[12.024683864230127,51.38201820915418],[12.020870441550029,51.381758116533454],[12.019614418721673,51.379441068654046],[12.023790601494227,51.379172691613256],[12.022138243282997,51.377527467111925],[12.030625904248511,51.37509200671542],[12.033156088369093,51.37050819798497],[12.037264501272732,51.37073267985294],[12.038029125015274,51.36919705870372],[12.036205733963948,51.36745893898074],[12.03857216798083,51.36634052707974],[12.036817533240118,51.365212841953394],[12.036338250654882,51.359326725137436],[12.039415054183438,51.35617740650662],[12.034680827854748,51.355013743791716],[12.040563940457496,51.34743166663102],[12.034842671710274,51.347104308014885],[12.035802127065141,51.34577747681596],[12.032279347204769,51.345480655434464],[12.034619058617775,51.34176438349303],[12.030523751772815,51.34207499523759],[12.031435429391182,51.33911019445284],[12.02775004575021,51.33959684913367],[12.026561058276636,51.33675518377443],[12.021779727068102,51.33560025342149],[12.020641447964499,51.33706059821028],[12.018973815010636,51.33589756702137],[12.013022190392412,51.33561621662575],[12.004306527874034,51.3367883786715],[11.996677584716728,51.335005167436364],[11.995661285419143,51.3320215345782],[11.989720217207932,51.33117454811668],[11.988819845663768,51.32479253546246],[11.99521281911326,51.32528716845666],[11.995079072560358,51.32388170189692],[11.99303647310222,51.323816389818695],[11.98838770540638,51.301186451006956],[11.99162447941583,51.30096410585723],[11.992578085378524,51.29849529536841],[11.977047109287904,51.29671220318991],[11.977242496759061,51.290716545356105],[11.971515279600634,51.29023963553467],[11.970534325990787,51.29503029427964],[11.967271466022543,51.29488219228201],[11.967559954415055,51.293123822126255],[11.964181322323864,51.29294108974981],[11.96206966697344,51.29514513744269],[11.959519067384717,51.294825959778315],[11.956051425878009,51.29637185776226],[11.950262602572582,51.313241096457965],[11.94671319428375,51.318743784163985],[11.937886157923801,51.324681762995446],[11.932261070192556,51.33079670577521],[11.924969148975844,51.32770896623357],[11.911271147987739,51.32597580253497],[11.907154894815168,51.33086646078222],[11.899158802078723,51.346930938050235],[11.901977072837136,51.3478723731333],[11.901389780667243,51.34958038628713],[11.913398480476186,51.35220444783127],[11.912701464584382,51.354349018658645],[11.938984713235323,51.35796223032751],[11.938729423304821,51.358991196132884],[11.942469927114175,51.359688074690546],[11.940652275036447,51.365767338446766],[11.954795258221822,51.369807549399354],[11.948722183697555,51.37129647024265],[11.953072592833015,51.373185530638786],[11.951030411460676,51.37670203575311],[11.95774191106554,51.3788685899411],[11.962969288774135,51.37865963248606],[11.979457349943821,51.38368092028858],[11.994999209889018,51.3855273163715],[11.994754763577632,51.39083963107887],[11.997816594024556,51.38789154636555]]]}},{"type":"Feature","id":"15088235","properties":{"ags8":"15088235","county_ags5":"15088","state_code":"15","name_de":"Mücheln (Geiseltal)","valid_at":"2026-01-01","source":"BKG_VG250_2026","part_count":1,"simplified_tolerance_m":80},"geometry":{"type":"Polygon","coordinates":[[[11.746217728102202,51.37151279723556],[11.748706890495273,51.36947078228117],[11.751324059462537,51.370558698673115],[11.756808008877433,51.36554217037407],[11.761028865811516,51.36535295717768],[11.760936389593404,51.36407621075409],[11.779536108668648,51.36510779818668],[11.804156237916938,51.364495058711],[11.815514672742806,51.36560114596523],[11.818290105835914,51.361124870952224],[11.817612364154648,51.35753315840076],[11.821217696024126,51.343971672876556],[11.823299391526316,51.34430159846589],[11.822853817313941,51.33641246703937],[11.841671588415892,51.33000870983657],[11.84837032997978,51.329230407595055],[11.84271294417544,51.30925165284745],[11.836773156744945,51.30353404621861],[11.838167644254296,51.303161017616354],[11.836434244563028,51.29849260133659],[11.834861858407939,51.29766997185613],[11.828675935269608,51.29818114327852],[11.83082321283593,51.288436554213426],[11.818709724828881,51.2869736117116],[11.821738242136965,51.279488792668005],[11.821427922031058,51.278673431508196],[11.816720439753446,51.27912233413287],[11.82323353003259,51.27159826450115],[11.828953861032051,51.27147955283975],[11.837168391504777,51.27476056222007],[11.8378262399677,51.273205313249164],[11.846436938210934,51.27233284228341],[11.846973498744052,51.2686012860975],[11.85997782422753,51.26936895759953],[11.86306778462099,51.261801254595895],[11.866887773703246,51.26293557262489],[11.872819055598862,51.242916366380825],[11.868472753873318,51.24094246770625],[11.858917572162582,51.23922699945809],[11.85902545828263,51.23656215831102],[11.848112091921982,51.23590541164027],[11.836555207989079,51.248158926576316],[11.824201820411538,51.23837384419415],[11.822396006435557,51.242389593055854],[11.822857657806608,51.24699162267573],[11.819390395920705,51.24908238539762],[11.809494354632204,51.24494613533792],[11.80884773551614,51.2464111171867],[11.805532098199498,51.245773230276235],[11.80106589021178,51.24703771431173],[11.800145828027564,51.25051233801171],[11.79419409710636,51.247401784976915],[11.787720264560713,51.247644097781624],[11.785653002286566,51.25320983660864],[11.790498270303662,51.256234031116406],[11.789662505031876,51.25762899113481],[11.785369262239778,51.25898093681121],[11.788036042824649,51.268202020611994],[11.784445053848309,51.26853837831073],[11.782648266947172,51.27036451022873],[11.780833253477564,51.26924156141351],[11.77858771075384,51.270690384462775],[11.777614418481427,51.26998979142101],[11.770382031773057,51.27509848974528],[11.767373827716382,51.27388762766261],[11.762958436833138,51.28036348412963],[11.764268335678342,51.28106360921883],[11.759664157878406,51.28397852603548],[11.75225928791624,51.283382845076716],[11.750192113142274,51.28695230351363],[11.745017690328496,51.28570967718032],[11.744435615434174,51.28748970290254],[11.74214346523227,51.2869664248639],[11.741329777349042,51.291998523327074],[11.730478466320708,51.289885384286016],[11.731171249087097,51.29433224198953],[11.735014271869106,51.29437457666046],[11.73516836923812,51.29303971034391],[11.738344731664977,51.29395852741306],[11.740623358202383,51.30051340394585],[11.729631966036855,51.302711582487376],[11.72042828955689,51.30249936797181],[11.715217302495597,51.31141525145608],[11.711088432260196,51.311098022879904],[11.711055696222331,51.312941525008966],[11.71714432048503,51.3156402081032],[11.715717296380195,51.31799768061787],[11.711337755394855,51.317890609962525],[11.708980448522075,51.32187651494995],[11.692831553452187,51.31929514804423],[11.691380539129486,51.32195252799183],[11.697470712142552,51.32529501501262],[11.69373334125775,51.32838132553243],[11.688848716329195,51.32665828640151],[11.687506508479142,51.32807557802889],[11.697055355387421,51.33241462873608],[11.699239885373393,51.33466884666072],[11.697916482803835,51.336805910924376],[11.69969065635835,51.33708472781373],[11.699541076401482,51.33961472003643],[11.70157294981325,51.339854883451146],[11.70221351939359,51.34458131922473],[11.6992056535146,51.35321423732349],[11.699388033889457,51.35800833852415],[11.706152034423086,51.358910850122605],[11.704754534359925,51.360427871296885],[11.716177805486577,51.365214078676246],[11.746217728102202,51.37151279723556]]]}},{"type":"Feature","id":"15088250","properties":{"ags8":"15088250","county_ags5":"15088","state_code":"15","name_de":"Nemsdorf-Göhrendorf","valid_at":"2026-01-01","source":"BKG_VG250_2026","part_count":1,"simplified_tolerance_m":80},"geometry":{"type":"Polygon","coordinates":[[[11.720505470309625,51.37772148951255],[11.727357579749748,51.367248324633664],[11.716177805486577,51.365214078676246],[11.704754534359925,51.360427871296885],[11.706152034423086,51.358910850122605],[11.699388033889457,51.35800833852415],[11.6992056535146,51.35321423732349],[11.70221351939359,51.34458131922473],[11.70157294981325,51.339854883451146],[11.699541076401482,51.33961472003643],[11.69969065635835,51.33708472781373],[11.697916482803835,51.336805910924376],[11.699239885373393,51.33466884666072],[11.689290925265402,51.32821047548789],[11.683008627958145,51.3268612747613],[11.684449627067943,51.324255290669775],[11.675471350833911,51.32021545580466],[11.67116151040027,51.330309386234525],[11.673352383190117,51.33061143257144],[11.665092688895438,51.34761000070085],[11.657574940253937,51.3464199328815],[11.651948582949148,51.3500251891127],[11.651792961681267,51.35242017637379],[11.650093823284388,51.351302509112145],[11.647462523042284,51.35625071546943],[11.636769843797172,51.36262626877497],[11.65838238114375,51.36758377368395],[11.662351440516332,51.3692352116018],[11.661375409623343,51.369744815716935],[11.663154438424108,51.370987969147734],[11.678332323325776,51.37031481178073],[11.676637846731566,51.37376002735162],[11.68304303321583,51.37405561574199],[11.682721202611978,51.37495865488697],[11.706978936385923,51.37564772138909],[11.720505470309625,51.37772148951255]]]}},{"type":"Feature","id":"15088265","properties":{"ags8":"15088265","county_ags5":"15088","state_code":"15","name_de":"Obhausen","valid_at":"2026-01-01","source":"BKG_VG250_2026","part_count":1,"simplified_tolerance_m":80},"geometry":{"type":"Polygon","coordinates":[[[11.684239530493757,51.431720280366385],[11.6903088183987,51.423265547155154],[11.696878053009144,51.42255608264961],[11.716126589734271,51.425399739927606],[11.719489339022648,51.41796706662388],[11.711744441656286,51.41592830000674],[11.716026648402035,51.409000034381414],[11.703462175751874,51.40499926273157],[11.720505470309625,51.37772148951255],[11.706978936385923,51.37564772138909],[11.682721202611978,51.37495865488697],[11.68304303321583,51.37405561574199],[11.676637846731566,51.37376002735162],[11.678332323325776,51.37031481178073],[11.663154438424108,51.370987969147734],[11.661375409623343,51.369744815716935],[11.662351440516332,51.3692352116018],[11.65838238114375,51.36758377368395],[11.648637033931841,51.36588503095861],[11.643004470237793,51.37291336694782],[11.640311391911215,51.38258528493277],[11.63701581114899,51.38386297282193],[11.631186313875899,51.399193546365034],[11.622859281753415,51.401612822508326],[11.589332998058879,51.40305302142208],[11.58553895252451,51.406867169621094],[11.585727332343145,51.4081431080186],[11.589269079132853,51.40764246304856],[11.59147404598588,51.40961951054258],[11.596731203200736,51.40985851386565],[11.59723078883206,51.4115004400374],[11.60197960168463,51.41213085724803],[11.608982591465145,51.41553814716105],[11.61618768027522,51.415964847913564],[11.615130165010935,51.41982592503612],[11.642639525906489,51.42292718507275],[11.651581321228793,51.42194102954511],[11.650853525100981,51.42785223341885],[11.658685303921533,51.42815071497412],[11.656956369069555,51.4267210526989],[11.661888756997394,51.42750566588581],[11.662306201950928,51.428953756911945],[11.675956496607903,51.43107972005595],[11.67558231950611,51.433174797027185],[11.684239530493757,51.431720280366385]]]}},{"type":"Feature","id":"15088295","properties":{"ags8":"15088295","county_ags5":"15088","state_code":"15","name_de":"Petersberg","valid_at":"2026-01-01","source":"BKG_VG250_2026","part_count":1,"simplified_tolerance_m":80},"geometry":{"type":"MultiPolygon","coordinates":[[[[11.89288356777819,51.582330851784626],[11.886857078589351,51.58315765603232],[11.88124194051929,51.582305722720065],[11.88225038181878,51.58748571425861],[11.890787136751642,51.58606272909098],[11.89288356777819,51.582330851784626]]],[[[12.042429582844482,51.63429843882017],[12.027730913853391,51.62844267171474],[12.028562101967955,51.621320278855976],[12.026868833890397,51.621008873472825],[12.027294243299409,51.6200034491373],[12.034569531551488,51.61895992527984],[12.035002735756962,51.615498985542416],[12.050574041689762,51.61512898896905],[12.050064449368465,51.611374026887944],[12.044103703079307,51.611925015082925],[12.042584371219057,51.60415239032854],[12.044125317235517,51.603997272692936],[12.0459791336043,51.598160386735714],[12.039986162026935,51.597286401804],[12.040164366213892,51.59620374258226],[12.03138614208782,51.59522255265771],[12.031617461987233,51.59024511153033],[12.040035091151227,51.58979743648501],[12.046280816779463,51.584388773685696],[12.059131457577784,51.584678609940454],[12.081743724497299,51.582634628863985],[12.081231319049737,51.57712149907378],[12.086839114185027,51.57354637278104],[12.087639644110338,51.569083417877984],[12.077841748708392,51.5685720421534],[12.078686737556115,51.55318045541589],[12.077208941024466,51.554628740267496],[12.068963216487552,51.554738728186294],[12.068063025589225,51.551869876294525],[12.0646786815134,51.552295764349495],[12.06424706710749,51.55525936302379],[12.061491308741406,51.55600707159209],[12.02864178859876,51.56223079663191],[12.017589577671696,51.56326906103279],[12.015910347388262,51.570242595141686],[12.012931196870836,51.57142361994641],[12.0148477069774,51.574428317423305],[12.005744773215154,51.574958540966136],[12.002504417220008,51.56555405273073],[12.000780252316083,51.56625086986087],[11.997354897460951,51.56525960019783],[11.99813753313363,51.55706341145127],[11.995332460610472,51.55888460495207],[11.991569227365787,51.55826563384697],[11.993189558016752,51.54554322098912],[11.990481574346907,51.54037553637914],[11.965965766332074,51.53830206019378],[11.961462890847384,51.53901210018031],[11.960256380208,51.53692146597218],[11.9534490196918,51.53610576866464],[11.953919943759487,51.532856392378164],[11.950282415380405,51.52676862683444],[11.946844655852935,51.53028418839267],[11.947830584635117,51.53181077637039],[11.943909397550959,51.532821680725604],[11.938244698717016,51.52930965312167],[11.924282228059171,51.53030702537271],[11.922092445678189,51.52575340280555],[11.918136631567757,51.5247122898625],[11.914254768911913,51.525127858491906],[11.90968722167969,51.529987578769514],[11.896130112724387,51.53484593414907],[11.903038983277643,51.54232230113721],[11.882510171129661,51.55677705734465],[11.888211053302287,51.55963838709435],[11.8916132106793,51.55858217933463],[11.89228393440961,51.55975300296249],[11.895608674482533,51.5592415940307],[11.898159835512148,51.56071826975583],[11.896297398154454,51.56304260943211],[11.894777945828965,51.56229078107033],[11.89498032654891,51.572930202856945],[11.897547534878338,51.57661598779868],[11.892858869609913,51.57866897568602],[11.894984771018294,51.58303486648564],[11.90275019669654,51.59277758596356],[11.921269833931273,51.60373498285695],[11.903029905181546,51.61369442154711],[11.903277453411338,51.61611191191658],[11.9150813484723,51.61642995676158],[11.916209221016887,51.61784710486773],[11.914874214009686,51.62282094882214],[11.91922174050928,51.62223791416533],[11.91916387843596,51.62410117518379],[11.92281085719252,51.623301476698],[11.923652200950341,51.62664755863161],[11.928802943369819,51.626315431330134],[11.928791123124768,51.62501087615382],[11.94089358992638,51.62554770730911],[11.939755261206598,51.627964038009964],[11.947630411658242,51.62829069588282],[11.94940571490282,51.62819694298183],[11.949785528536294,51.62558287222165],[11.95604868495096,51.62614469066474],[11.956235142943038,51.62882378992267],[11.975556303789636,51.6250179134389],[11.976057433536516,51.626157297938605],[11.982245300963204,51.626053111152096],[11.982434351797034,51.63244805067681],[11.990285089109442,51.63332106553896],[11.990814955395162,51.63138879751474],[11.993835211658784,51.63178255153251],[11.993005890549169,51.63463110789693],[11.994429402385173,51.63487499127101],[11.995185961163285,51.632270411442164],[11.997396027604752,51.633170909222706],[11.994755480716455,51.636494890270235],[11.998151541866575,51.6386384034987],[11.998665728249227,51.64638819487688],[12.039936402033089,51.64373229019631],[12.039507775183983,51.64071624380905],[12.041778026169172,51.64047043485878],[12.042429582844482,51.63429843882017]]]]}},{"type":"Feature","id":"15088305","properties":{"ags8":"15088305","county_ags5":"15088","state_code":"15","name_de":"Querfurt","valid_at":"2026-01-01","source":"BKG_VG250_2026","part_count":1,"simplified_tolerance_m":80},"geometry":{"type":"MultiPolygon","coordinates":[[[[11.408992133319927,51.34008270098315],[11.405664818073868,51.340840924343546],[11.407570167530883,51.34446652273963],[11.411400860029717,51.34420291002042],[11.412042133041483,51.342488390539636],[11.4118430459175,51.34114030030861],[11.408992133319927,51.34008270098315]]],[[[11.513414951425686,51.4126912364556],[11.521882784817524,51.416777249697354],[11.530974489460894,51.41602306498391],[11.533694432391062,51.41411868145283],[11.547987083385488,51.413056402470474],[11.54765628890622,51.411799678839316],[11.556131006348785,51.411804836387795],[11.55662096349867,51.41058574832544],[11.581932953995214,51.40952774755407],[11.589332998058879,51.40305302142208],[11.622859281753415,51.401612822508326],[11.631186313875899,51.399193546365034],[11.63701581114899,51.38386297282193],[11.640311391911215,51.38258528493277],[11.643004470237793,51.37291336694782],[11.648637033931841,51.36588503095861],[11.636769843797172,51.36262626877497],[11.63780717278384,51.36156346657867],[11.607336564865932,51.3561590672855],[11.608408734164216,51.353930561716034],[11.602831378410334,51.35286325337506],[11.602920944619973,51.35101827256168],[11.594215570099886,51.34945704608826],[11.597037353421715,51.3434313669469],[11.604039662981544,51.34297290686867],[11.605391947856228,51.339924788870746],[11.599473225747852,51.33860610499041],[11.599972859485648,51.337872594143924],[11.603913720459227,51.338672403674735],[11.605000313521149,51.33606178353253],[11.609631113781711,51.33688189742947],[11.611682702088572,51.33141873726691],[11.61023803856447,51.33107249503621],[11.617210155813865,51.321846414460275],[11.616628398610342,51.320358289987595],[11.614800849469411,51.32038212103172],[11.61308220666417,51.31614944791795],[11.605850988194216,51.31585340818112],[11.597293236774316,51.302580798817225],[11.587428238250771,51.30607389665022],[11.581376088772599,51.30570694454514],[11.58143833039958,51.301018447547946],[11.577472203645204,51.30087519754698],[11.56737290369626,51.29548760400317],[11.567566414523036,51.293308344752376],[11.572128471640953,51.2901534376872],[11.567152603718034,51.287211513553125],[11.563944744032764,51.27878260295316],[11.55894701475424,51.2766863447907],[11.550247971099859,51.27518996747801],[11.542379886410886,51.278543191688236],[11.539158451223063,51.28217219639127],[11.530263328463413,51.28347441355644],[11.527101387911433,51.28654385803866],[11.521349970045804,51.28462314634114],[11.520591285669024,51.28195360031718],[11.522278953434204,51.281367530972446],[11.518426158561963,51.27632555492372],[11.515191257089748,51.276002697848504],[11.514059449459676,51.278028015659444],[11.505993850996262,51.27789055733888],[11.498762081800718,51.280480785025134],[11.473016415983572,51.296467568735174],[11.47257922378208,51.2978762788821],[11.475225978315873,51.29805427524728],[11.467131130568621,51.30461704257528],[11.449778952910176,51.3137835222645],[11.445994289780574,51.31196057663849],[11.447413765897366,51.31606106489062],[11.437019249360773,51.318915820371785],[11.434235478156607,51.3204226313722],[11.434785366425059,51.32204682721413],[11.427828744470435,51.324576390067215],[11.425763929535202,51.327293605311176],[11.42805392279498,51.32791273147896],[11.422000597586258,51.331145601126394],[11.413594722811245,51.33312782334915],[11.418803243790723,51.33574145871879],[11.426296568670608,51.336222420489825],[11.431169662690115,51.341375486618354],[11.434618115706584,51.34070025415595],[11.44063457455453,51.34267666443701],[11.438359085535646,51.34381057921628],[11.433327730628656,51.34295092583959],[11.430255460116808,51.34447791055102],[11.416647308969619,51.34361321096744],[11.415780470688997,51.34553646037169],[11.41955483934346,51.34676661992728],[11.424900230331287,51.35180826662658],[11.421697521807626,51.35188743579074],[11.420587752217894,51.35387560717285],[11.430530131434352,51.363757553511],[11.430263785923248,51.36764660890179],[11.432875670242952,51.368858559611226],[11.439187857365702,51.36753960240558],[11.466066806552858,51.37505054870164],[11.478583786497605,51.39168718507663],[11.484172939818066,51.393259332320966],[11.491972718890269,51.39237102175757],[11.490641864797613,51.395351454647276],[11.495553633221471,51.40245406095693],[11.502884000357215,51.40271564418825],[11.500411600579904,51.41205820954272],[11.50875277955953,51.41708785464126],[11.513414951425686,51.4126912364556]]],[[[11.40060007475634,51.36124662438592],[11.400975060195117,51.34943718343661],[11.39693982489839,51.349614799632064],[11.39639635294583,51.35216143361321],[11.39296671911249,51.35410156912821],[11.393107073792455,51.359495343975745],[11.40060007475634,51.36124662438592]]]]}},{"type":"Feature","id":"15088319","properties":{"ags8":"15088319","county_ags5":"15088","state_code":"15","name_de":"Salzatal","valid_at":"2026-01-01","source":"BKG_VG250_2026","part_count":1,"simplified_tolerance_m":80},"geometry":{"type":"Polygon","coordinates":[[[11.756480023878952,51.61098976299403],[11.763658134514662,51.609266608307856],[11.7656632042995,51.60219442322189],[11.7562198161971,51.59909572725547],[11.75543482495513,51.5923758561313],[11.75695953523058,51.58845465867853],[11.764043646943868,51.581360828768084],[11.768720951746822,51.580248909424505],[11.777082085057739,51.583334906072075],[11.783199337441896,51.58001137985192],[11.794629673742678,51.58332366532639],[11.808250980776476,51.581868775839965],[11.809428705864047,51.581639767413485],[11.808385554945993,51.5802288541319],[11.804674206454495,51.577641693967635],[11.802515471392779,51.578046448381734],[11.796068869914732,51.57344634117192],[11.807971592804206,51.56905004035458],[11.822877824878375,51.57397275463149],[11.827431168359563,51.573421585336774],[11.830889294625765,51.571178158783916],[11.831691298523376,51.568964637449824],[11.828343979160577,51.56058038689597],[11.820458887092858,51.55545916688842],[11.823799610101094,51.54918619209458],[11.82252404332793,51.540490549537644],[11.819873869302668,51.53614726886316],[11.822636580894931,51.531887285824126],[11.83024544037591,51.53109982747302],[11.841389140369825,51.527869244557714],[11.855542092441969,51.53231430307383],[11.863556404730536,51.53159201010033],[11.868935753082699,51.53346423611744],[11.879821359355406,51.53466903205916],[11.879554267344005,51.53058704504547],[11.876266889661153,51.53112936363761],[11.875279819203636,51.52226880575293],[11.877541363652417,51.51976792376335],[11.869889261861982,51.51612292778815],[11.857053039309841,51.514633809999154],[11.86778350551474,51.502128490503836],[11.874974949410246,51.498007090123394],[11.878820951078241,51.49180482933874],[11.862876612874947,51.49270126591674],[11.863519012331807,51.48909458615578],[11.871406147169958,51.4872663637679],[11.86417125844349,51.48679251215267],[11.865168670610373,51.48446843502885],[11.854518092375057,51.48320397152106],[11.855977564820686,51.479687461983225],[11.853550330479806,51.479500628423786],[11.85344099720576,51.47774725245074],[11.851487071785678,51.47745476331389],[11.849514453182843,51.47383363588755],[11.847594995420629,51.473379471513006],[11.846341585857433,51.469550385216316],[11.8362744423432,51.469508849828735],[11.836603710781299,51.467564239794015],[11.831827060982066,51.46649347612984],[11.82193344605957,51.466408590276515],[11.823156503136095,51.470162377722225],[11.816151881339977,51.47484072216982],[11.810238762522928,51.48282361180011],[11.798785809224462,51.48502171984922],[11.79518645583185,51.48448999089726],[11.792474947561367,51.48975735776564],[11.78391911541015,51.49063657739641],[11.785655670557757,51.49464026987695],[11.783300560327557,51.49442864304097],[11.778018696276378,51.49786666994883],[11.77279021054034,51.49775663293521],[11.775258499864888,51.49187341114827],[11.77387739735645,51.49157886610115],[11.774421976253459,51.48921607834823],[11.770511093790127,51.48982970263206],[11.773333225442856,51.48708522101338],[11.767201149607423,51.487201046133706],[11.76421871209184,51.4895133180373],[11.760625469228977,51.489266527549695],[11.75786515284712,51.48731913174882],[11.75282645065464,51.487525807161056],[11.748810257661146,51.489042295214794],[11.73333178592712,51.48397048611461],[11.729350467975362,51.485442773409325],[11.730933164308205,51.48749574236469],[11.728254274888949,51.489179312558306],[11.727629077740923,51.492209098194124],[11.723597177019338,51.49289889673157],[11.716644596025862,51.49651604870306],[11.707414868885776,51.49855453718372],[11.704062486251733,51.501549111137656],[11.704845633172438,51.51270729045416],[11.71361952120112,51.514038891420455],[11.71437245126587,51.523415161081196],[11.717937987722365,51.526240242269616],[11.724092391193572,51.527679106605405],[11.723000077704892,51.52904225343356],[11.725402778780808,51.528673235790244],[11.725359486960036,51.53232399762499],[11.722392845366997,51.533967789389635],[11.719931508554149,51.54408163052727],[11.718681754183168,51.5427363644219],[11.708627040920607,51.542936792960525],[11.713423870574074,51.5502566034651],[11.691672446952465,51.55793740865405],[11.696847997877297,51.558244908783266],[11.699369011801629,51.56081060733684],[11.689229779278183,51.559704773408804],[11.68791757828604,51.560647563368214],[11.685969510283057,51.56950594770322],[11.692536786271228,51.568410840403104],[11.697541221146201,51.57317384230657],[11.698821734246449,51.572998882662205],[11.705939209532332,51.58393036179983],[11.720367174456277,51.59015249927862],[11.730009059408433,51.591980711534504],[11.732537286508682,51.60333106180021],[11.735069818040374,51.60695080132487],[11.756480023878952,51.61098976299403]]]}},{"type":"Feature","id":"15088330","properties":{"ags8":"15088330","county_ags5":"15088","state_code":"15","name_de":"Schkopau","valid_at":"2026-01-01","source":"BKG_VG250_2026","part_count":1,"simplified_tolerance_m":80},"geometry":{"type":"Polygon","coordinates":[[[11.952043613116851,51.425209536762104],[11.954674066012139,51.4191840398782],[11.951916910543137,51.41755339798432],[11.949124352830857,51.41759182107628],[11.948182808337323,51.41973428323476],[11.950700334487825,51.42323745380731],[11.945484560806904,51.42443548752533],[11.943475858159843,51.42326336694947],[11.94440013173985,51.4201565485666],[11.941462190965163,51.417340089848445],[11.944787364888162,51.4150766558361],[11.95198948298794,51.41666165174237],[11.954155226219203,51.41370137722269],[11.950402168984306,51.410139341052556],[11.952917147958637,51.40730975033394],[11.956106626115387,51.4071623040617],[11.962629746359049,51.40959191224889],[11.967803349447255,51.4093924520587],[11.976407548215006,51.407143049012454],[11.978058746913852,51.40435073841219],[11.980955304312857,51.40494418110373],[11.983201229357416,51.40320613145583],[11.984639900696788,51.40409682685594],[11.981747894871145,51.40676990350803],[11.990439642286399,51.405481204527774],[11.99697173072206,51.407708866908976],[12.005175019590357,51.40827076622253],[12.006463153458924,51.40534893194354],[12.005376685132576,51.40336515184299],[12.008971846386602,51.402878118994664],[12.014331938459867,51.40541512848853],[12.01328203453113,51.40821430222024],[12.017004013765332,51.40780498598786],[12.019097196198365,51.40891159780636],[12.012724405948207,51.41286338496527],[12.008372857527977,51.41312626417201],[12.010042457841617,51.41532749438339],[12.01242084890331,51.415008967112534],[12.01235323154498,51.41689055204003],[12.017157454300179,51.417868783392144],[12.02140933247939,51.42043777857012],[12.023182935386309,51.41996229538807],[12.02468421390735,51.422057077351305],[12.031486819181342,51.425183754879455],[12.050204223544727,51.42248972762261],[12.051032647085258,51.42102101041108],[12.065127522404651,51.42114920264994],[12.066122988101132,51.4224857626864],[12.084064699053375,51.413102637353326],[12.092562551169415,51.42621669443153],[12.09537000610803,51.42546435758742],[12.094891684668369,51.42089942866916],[12.0963205324034,51.42125146769265],[12.097592591115873,51.415777051095155],[12.11597274442054,51.41481157094564],[12.116552959729956,51.41831789990315],[12.118488749024436,51.41749126444689],[12.118409320306752,51.415235201074054],[12.121735168415405,51.414960798565794],[12.121885951972606,51.41664444544547],[12.136672146321835,51.41483952656928],[12.136760346549233,51.40737737213733],[12.14325960300973,51.41047234121367],[12.142276232966287,51.414364645862406],[12.148424417995528,51.412342860441015],[12.151145143029254,51.41410498525681],[12.158112462921835,51.412327792313256],[12.158351561909432,51.40759669563222],[12.164535287322556,51.40551150356024],[12.167023260086554,51.40865291523756],[12.173532762036066,51.410256973915025],[12.177752066884574,51.40396404505723],[12.177460046337714,51.40096813117781],[12.174863301835751,51.400298303695756],[12.178139364243727,51.38914665520606],[12.18424051000561,51.388825382983185],[12.184827904344369,51.38758407762252],[12.172143856822979,51.384157695735524],[12.173777408455061,51.382620103040225],[12.175034559665939,51.38328792121917],[12.177443613032402,51.38048203213018],[12.174710619580786,51.37940670301102],[12.177020060329863,51.377382756916276],[12.174260874955161,51.37663918875112],[12.167506949368454,51.37795013894615],[12.15649003406372,51.377494066571145],[12.154993036171252,51.374653453538514],[12.152192876233288,51.37555678518939],[12.150733810270204,51.37336352229513],[12.148413439572535,51.37361208652725],[12.148975416152178,51.37525103101176],[12.145320110011719,51.37580940516764],[12.144793269400724,51.37064999130058],[12.142932565648277,51.369676009081516],[12.136163455065118,51.3740086883135],[12.135972594716169,51.37613043959992],[12.122703980167703,51.37314775812689],[12.121249057326459,51.36964397746117],[12.122581446109551,51.36915627211759],[12.12113219037527,51.36896132048613],[12.103715046060328,51.372062103172645],[12.104586730483083,51.370259403357686],[12.102018527489113,51.37041144693865],[12.10074600499969,51.368134060690316],[12.104060671290334,51.365479133743264],[12.10154886638635,51.36435254608409],[12.1033203362677,51.36238459441405],[12.103003973369956,51.3578252237474],[12.101321335682902,51.35784818237912],[12.101277887888237,51.355611728344],[12.097614218023399,51.35577612151562],[12.096137739405995,51.35423037900733],[12.10551179775438,51.34160053062648],[12.107329615960868,51.33595648948031],[12.097953590029489,51.335227360722335],[12.094420568008827,51.3418707597863],[12.077553127005698,51.34109865029204],[12.07756773652996,51.347480178315976],[12.070382420225409,51.347468527128534],[12.070497447087398,51.35383855521304],[12.06730923894822,51.35311924817234],[12.063413284782785,51.358428354256496],[12.060930217580847,51.3560804282193],[12.062127802378656,51.35551211934465],[12.058193605823467,51.35522153592546],[12.057736567289766,51.35212745191969],[12.055831754633697,51.3510458463671],[12.054638282051766,51.35400428854491],[12.052486293216255,51.354968644819536],[12.04073112850368,51.35457455463248],[12.036338250654882,51.359326725137436],[12.036817533240118,51.365212841953394],[12.03857216798083,51.36634052707974],[12.036205733963948,51.36745893898074],[12.038029125015274,51.36919705870372],[12.037264501272732,51.37073267985294],[12.033156088369093,51.37050819798497],[12.030625904248511,51.37509200671542],[12.022138243282997,51.377527467111925],[12.023790601494227,51.379172691613256],[12.019792775629778,51.379081623326954],[12.020519502779479,51.38150075810789],[12.024683864230127,51.38201820915418],[12.025136140427795,51.38303613452632],[12.018796764142479,51.382332553338756],[12.017457866184794,51.38442125025163],[12.013135431653346,51.382572265906035],[12.01206388230246,51.38701455693787],[12.006677168993885,51.384230713106476],[12.003507284402671,51.38619985369664],[12.005588693702164,51.38874860852597],[12.00109865049081,51.38818298968654],[11.998963873137855,51.38923402962174],[11.997816594024556,51.38789154636555],[11.994754763577632,51.39083963107887],[11.994999209889018,51.3855273163715],[11.979457349943821,51.38368092028858],[11.962969288774135,51.37865963248606],[11.95774191106554,51.3788685899411],[11.951030411460676,51.37670203575311],[11.953072592833015,51.373185530638786],[11.948722183697555,51.37129647024265],[11.954795258221822,51.369807549399354],[11.940652275036447,51.365767338446766],[11.942469927114175,51.359688074690546],[11.938729423304821,51.358991196132884],[11.938984713235323,51.35796223032751],[11.9203362837322,51.35544996858764],[11.914224976094037,51.37400141364748],[11.909803896856808,51.37376660546507],[11.9096564958852,51.375598911541466],[11.906846326542725,51.37531380647264],[11.903868604967537,51.38091947277744],[11.903532622785205,51.38186243527275],[11.914904884501077,51.38582622179269],[11.904765095670706,51.39756485573852],[11.906850202606577,51.39707199718254],[11.914236261474581,51.41441638809188],[11.930982827470633,51.438701636542945],[11.95134262837266,51.43355076130497],[11.952043613116851,51.425209536762104]]]}},{"type":"Feature","id":"15088340","properties":{"ags8":"15088340","county_ags5":"15088","state_code":"15","name_de":"Schraplau","valid_at":"2026-01-01","source":"BKG_VG250_2026","part_count":1,"simplified_tolerance_m":80},"geometry":{"type":"Polygon","coordinates":[[[11.650316997631478,51.451787557259586],[11.652496301019298,51.44752865350368],[11.6686778482937,51.45160663891627],[11.672470736463788,51.44377975046186],[11.677631328766553,51.44179222761302],[11.674388363286411,51.43940422883553],[11.672874709609646,51.435379303276704],[11.675956496607903,51.43107972005595],[11.662306201950928,51.428953756911945],[11.661888756997394,51.42750566588581],[11.656956369069555,51.4267210526989],[11.658685303921533,51.42815071497412],[11.650853525100981,51.42785223341885],[11.651581321228793,51.42194102954511],[11.642639525906489,51.42292718507275],[11.617782365089802,51.4202489453453],[11.615127391860822,51.42526245641208],[11.621673069740083,51.425522266576834],[11.633195065153803,51.42906546656808],[11.632491636089336,51.431429099590744],[11.64142178995771,51.43301498149522],[11.641214008849902,51.43385023062173],[11.646957902204882,51.433556297458274],[11.642533636268174,51.43757941924835],[11.639627294623104,51.44479720864607],[11.643166281559191,51.44616746672611],[11.642701053350047,51.44927190423894],[11.645493026343926,51.449334923146765],[11.644588638653994,51.45279567853961],[11.650316997631478,51.451787557259586]]]}},{"type":"Feature","id":"15088355","properties":{"ags8":"15088355","county_ags5":"15088","state_code":"15","name_de":"Steigra","valid_at":"2026-01-01","source":"BKG_VG250_2026","part_count":1,"simplified_tolerance_m":80},"geometry":{"type":"Polygon","coordinates":[[[11.759664157878406,51.28397852603548],[11.756935110699029,51.282298136891455],[11.710517792144957,51.27134086013731],[11.705483651446675,51.268081395573205],[11.699240861320755,51.26630080524693],[11.690122019375874,51.274771084271855],[11.688636443911829,51.27446222333019],[11.688170920918004,51.27699543304211],[11.677410515764489,51.27641114782772],[11.674799593814372,51.279793655256576],[11.669819907680973,51.280878238502375],[11.669504324476522,51.284840566818346],[11.67106096818805,51.28567985170751],[11.669662511602336,51.28768239780747],[11.675127291139473,51.28927441417167],[11.674430769135693,51.29122498912675],[11.671905485573948,51.29229006667066],[11.666786531438348,51.29068649380413],[11.668080832182186,51.28925484078044],[11.665712635957334,51.2846983651115],[11.662041976391954,51.2836640277432],[11.66292434986207,51.28609723956551],[11.653735411719238,51.292116089110856],[11.650944280940775,51.29088199070696],[11.647672833724352,51.29378444189762],[11.648494247756616,51.29564799925903],[11.646532734343138,51.295838156144484],[11.64589881638127,51.29400874613662],[11.639864166576604,51.29228193674533],[11.642839124796854,51.29894286548445],[11.641766830858549,51.30101354473473],[11.64020976558966,51.30131662980359],[11.639648065910528,51.30023234118058],[11.637280499920426,51.301273086037234],[11.637807913753663,51.30320642643008],[11.632152167151908,51.30415964099294],[11.632776242247235,51.30495348966161],[11.629301683890803,51.30603815089127],[11.635638057919003,51.3161717309374],[11.637581240514816,51.315783987331145],[11.638156816860077,51.31757800765784],[11.64861129488607,51.31715480509232],[11.675471350833911,51.32021545580466],[11.684449627067943,51.324255290669775],[11.683008627958145,51.3268612747613],[11.687506508479142,51.32807557802889],[11.688848716329195,51.32665828640151],[11.69373334125775,51.32838132553243],[11.697470712142552,51.32529501501262],[11.691380539129486,51.32195252799183],[11.692831553452187,51.31929514804423],[11.708980448522075,51.32187651494995],[11.711337755394855,51.317890609962525],[11.715717296380195,51.31799768061787],[11.71714432048503,51.3156402081032],[11.711055696222331,51.312941525008966],[11.711088432260196,51.311098022879904],[11.715217302495597,51.31141525145608],[11.72042828955689,51.30249936797181],[11.729631966036855,51.302711582487376],[11.740623358202383,51.30051340394585],[11.738344731664977,51.29395852741306],[11.73516836923812,51.29303971034391],[11.735014271869106,51.29437457666046],[11.731171249087097,51.29433224198953],[11.730478466320708,51.289885384286016],[11.741329777349042,51.291998523327074],[11.74214346523227,51.2869664248639],[11.744435615434174,51.28748970290254],[11.745017690328496,51.28570967718032],[11.750192113142274,51.28695230351363],[11.75225928791624,51.283382845076716],[11.759664157878406,51.28397852603548]]]}},{"type":"Feature","id":"15088365","properties":{"ags8":"15088365","county_ags5":"15088","state_code":"15","name_de":"Teutschenthal","valid_at":"2026-01-01","source":"BKG_VG250_2026","part_count":1,"simplified_tolerance_m":80},"geometry":{"type":"Polygon","coordinates":[[[11.781833531622516,51.49515882976405],[11.785655670557757,51.49464026987695],[11.78344546178356,51.49142737308459],[11.784858231698584,51.49012638684088],[11.788308749874204,51.490779097993446],[11.792474947561367,51.48975735776564],[11.79518645583185,51.48448999089726],[11.798785809224462,51.48502171984922],[11.810238762522928,51.48282361180011],[11.816151881339977,51.47484072216982],[11.823156503136095,51.470162377722225],[11.82193344605957,51.466408590276515],[11.831827060982066,51.46649347612984],[11.836603710781299,51.467564239794015],[11.8362744423432,51.469508849828735],[11.846341585857433,51.469550385216316],[11.847594995420629,51.473379471513006],[11.849514453182843,51.47383363588755],[11.851487071785678,51.47745476331389],[11.85344099720576,51.47774725245074],[11.853550330479806,51.479500628423786],[11.855977564820686,51.479687461983225],[11.854518092375057,51.48320397152106],[11.865168670610373,51.48446843502885],[11.86841472926298,51.478662690105594],[11.873909849426637,51.47755115715472],[11.87182119082824,51.47655178101881],[11.87191674311234,51.47464605194018],[11.886242056723294,51.4726415651065],[11.888318047895657,51.46315097229247],[11.91209468741477,51.4652796532941],[11.917328083803348,51.46279415011188],[11.917577787737457,51.46100553843085],[11.923492623167535,51.46124365263102],[11.924115115654738,51.456736387780424],[11.925924114041868,51.456915454885234],[11.93041360830271,51.45168691924252],[11.92912641952347,51.45058676355344],[11.921486668468724,51.44989644944677],[11.915972631403827,51.447146457207026],[11.91477748084724,51.44294061526196],[11.920715194027629,51.43938669580012],[11.930982827470633,51.438701636542945],[11.914236261474581,51.41441638809188],[11.906850202606577,51.39707199718254],[11.904765095670706,51.39756485573852],[11.908232755674307,51.41356751578268],[11.90658516871911,51.417096607376145],[11.909372081841536,51.420221666616754],[11.90701280857429,51.42119474941541],[11.903665560195185,51.41903915200673],[11.903640766517047,51.421055081573314],[11.89954111527717,51.42075244026603],[11.898379788569654,51.42263281727408],[11.88519544903305,51.42194653686635],[11.87312140945397,51.42271117388022],[11.854405727158351,51.41813215391311],[11.853204798981304,51.42094554330412],[11.852410571075906,51.41983570801583],[11.847987083919215,51.4191057369002],[11.847301090290022,51.42074227964657],[11.844410529246133,51.42032545156547],[11.841557230997873,51.42606563318153],[11.834989605408762,51.424079611160245],[11.832636693073058,51.421765939978755],[11.811363268988934,51.41863955381539],[11.81154668698169,51.412994164757585],[11.808583175158622,51.4130181882706],[11.808038302757994,51.411062651364134],[11.8005719056765,51.41110949258574],[11.796208323431653,51.40842224740336],[11.786872679429464,51.40859881087984],[11.785333544472495,51.406297955578616],[11.779288004252283,51.40479239132396],[11.782385553281493,51.40097669639348],[11.755209435654725,51.395389603333584],[11.753065038694395,51.397698003645736],[11.74473909685446,51.3966199112846],[11.713871192598361,51.39002754269663],[11.703462175751874,51.40499926273157],[11.716026648402035,51.409000034381414],[11.711744441656286,51.41592830000674],[11.719489339022648,51.41796706662388],[11.716126589734271,51.425399739927606],[11.742655652946286,51.429812787217834],[11.739783183063617,51.43383992169132],[11.739869362498752,51.44232031539326],[11.752168059013758,51.44209482963254],[11.751989668146992,51.445334507078705],[11.759279067334012,51.44534662434852],[11.765870390601288,51.444424148299106],[11.76669983818956,51.43996325892358],[11.772292634334304,51.440624579034136],[11.767363466995588,51.44974835400897],[11.773867738132124,51.453215800932625],[11.77152721178853,51.45971066851715],[11.775694749582685,51.460403404631535],[11.780369766341648,51.4632842813669],[11.775183950671318,51.46268543755773],[11.768694699772778,51.46635065053783],[11.769093651215089,51.467546230561254],[11.76600090770034,51.469611527023766],[11.763865716282828,51.468206044165555],[11.762052988065888,51.46882066981169],[11.74824399201077,51.478828716161516],[11.744185684906554,51.47650471947375],[11.74269646611185,51.47844599829901],[11.743769607790384,51.48169740321307],[11.739907331241323,51.485719000016815],[11.745352302484843,51.48862515193595],[11.748810257661146,51.489042295214794],[11.75282645065464,51.487525807161056],[11.75786515284712,51.48731913174882],[11.760625469228977,51.489266527549695],[11.76421871209184,51.4895133180373],[11.767201149607423,51.487201046133706],[11.773333225442856,51.48708522101338],[11.770511093790127,51.48982970263206],[11.774421976253459,51.48921607834823],[11.77387739735645,51.49157886610115],[11.775258499864888,51.49187341114827],[11.77279021054034,51.49775663293521],[11.778018696276378,51.49786666994883],[11.781833531622516,51.49515882976405]]]}},{"type":"Feature","id":"15089005","properties":{"ags8":"15089005","county_ags5":"15089","state_code":"15","name_de":"Alsleben (Saale)","valid_at":"2026-01-01","source":"BKG_VG250_2026","part_count":1,"simplified_tolerance_m":80},"geometry":{"type":"Polygon","coordinates":[[[11.623531459409893,51.73235131686115],[11.661478767271563,51.73062661114546],[11.670036716190758,51.72930075773561],[11.677735931362662,51.72396860700495],[11.672594295987649,51.72256279091547],[11.668933991010098,51.71735453609477],[11.670337403008938,51.71277013987033],[11.676217406854015,51.70657580688743],[11.686873422018754,51.69812903246009],[11.690637004544643,51.70259234313645],[11.693151881158803,51.70206710424428],[11.693470236076177,51.69958816178495],[11.689711765906539,51.696481031054965],[11.692725368873866,51.69268085858063],[11.702010218254205,51.69287479529065],[11.708679611122497,51.69106137686878],[11.714622924435051,51.68319086940167],[11.725142183637429,51.68036518782768],[11.723160065183395,51.677146670401164],[11.72410585386722,51.67517546764908],[11.726045940061933,51.67466951325378],[11.732729136585018,51.67618356628384],[11.73369852575018,51.67510277319525],[11.731918717941106,51.67296196447567],[11.733729872879227,51.66982999621201],[11.725922854439593,51.66522357593138],[11.728714356531185,51.66357507163311],[11.722691456828231,51.658005163438084],[11.723957670256883,51.65612960237768],[11.719165302006301,51.6548835059367],[11.717343535000206,51.65838578427806],[11.710051495668075,51.657294876210116],[11.705007864344177,51.66890698301217],[11.710123269239057,51.67033624231059],[11.710587052104682,51.67180568379757],[11.708663761289861,51.6724011859138],[11.710862584366728,51.6772912170811],[11.696558088655955,51.67927225512027],[11.69373027583729,51.68293572021389],[11.690788161983098,51.682785432760646],[11.690477004432198,51.68104913126147],[11.6860601528721,51.68155723983553],[11.685045262610005,51.67844346494437],[11.67872960515868,51.678106230305936],[11.673322285764687,51.67623496748588],[11.672681375069311,51.67724826562616],[11.670742246700113,51.67694655188949],[11.670038368590562,51.680073143975015],[11.661285939983626,51.67872304050377],[11.6614535002232,51.67514837562462],[11.654046545805995,51.67598265475597],[11.654048349393756,51.67911516169498],[11.643093045178684,51.69028077027865],[11.660214677784538,51.6963509967019],[11.657068332287315,51.697759682825236],[11.664471230759696,51.70113877621107],[11.660462708751304,51.70320157696477],[11.652630855060877,51.6998261388588],[11.643654128704515,51.70515058661429],[11.640789566904136,51.70398958665124],[11.640213609686889,51.70063922571362],[11.635280693673389,51.70082161448447],[11.626628053395647,51.705762726531795],[11.615639313373604,51.70407642518427],[11.62334379957978,51.71412519730835],[11.622121240993764,51.71438643796473],[11.623531459409893,51.73235131686115]]]}},{"type":"Feature","id":"15089015","properties":{"ags8":"15089015","county_ags5":"15089","state_code":"15","name_de":"Aschersleben","valid_at":"2026-01-01","source":"BKG_VG250_2026","part_count":1,"simplified_tolerance_m":80},"geometry":{"type":"Polygon","coordinates":[[[11.474163094161728,51.846170015963054],[11.47586554266144,51.839885195495434],[11.483748822115949,51.84033015380102],[11.484165191840827,51.834730951687014],[11.487728647610453,51.83432349912982],[11.486854708604202,51.82414682734215],[11.490320397123615,51.82395601594037],[11.488108517714764,51.806314398753926],[11.48235947374345,51.79691951378049],[11.490985249550343,51.79637167436969],[11.489629493596247,51.792815939295146],[11.517007448786229,51.791558658295855],[11.51692166317764,51.789013358606944],[11.51940048244484,51.78892909473041],[11.526565899965924,51.7747065638417],[11.525645086595276,51.77180861449709],[11.528648357417348,51.771872551999515],[11.530305038894015,51.76881728398246],[11.537675026289227,51.768977896108886],[11.54115286184104,51.76116150603414],[11.54572660301342,51.761549697502225],[11.54743673191569,51.75917800426227],[11.54970434497782,51.75937217036641],[11.550107986173149,51.75663281572219],[11.561565919759895,51.758932934083425],[11.564922930657595,51.75566575592798],[11.567086966791997,51.756148220736186],[11.568301771853521,51.752540806892114],[11.57792321815786,51.74847480089754],[11.587209571192897,51.74889375260523],[11.616133131773305,51.745905351040825],[11.614379352601775,51.73847109186139],[11.604232685783778,51.73718427039588],[11.605813666932674,51.7342545159703],[11.599801002755457,51.73307793607679],[11.600065766698796,51.73143803738936],[11.623531459409893,51.73235131686115],[11.622121240993764,51.71438643796473],[11.62334379957978,51.71412519730835],[11.615639313373604,51.70407642518427],[11.626628053395647,51.705762726531795],[11.634709653821554,51.700566176779205],[11.634725353803136,51.694286322897476],[11.62672980217701,51.69469600876079],[11.629325250472382,51.690684911079515],[11.626572973261554,51.68988892452461],[11.62208710922731,51.69068181148507],[11.618330913950814,51.694541135334134],[11.610432538650805,51.69122364272316],[11.604621570327028,51.701493807878734],[11.596403495078965,51.69960476482708],[11.59744826976648,51.70110826806276],[11.583872002339918,51.70049546457785],[11.585068831074047,51.69281941307528],[11.581895445939384,51.693062717460734],[11.581806480607677,51.69415854339487],[11.57735967641983,51.694008684767965],[11.577663922514413,51.692291982671044],[11.566904883219363,51.69246091473921],[11.562247439639894,51.68837322742825],[11.558601069927597,51.68843290584188],[11.546610060355954,51.68503079126656],[11.538978108627076,51.6861237265816],[11.536955318100034,51.685007861388016],[11.533298450809859,51.687792925799776],[11.518559170000403,51.68827163666827],[11.519425703069643,51.6933744114285],[11.517366095453843,51.694498757882336],[11.516402708714486,51.70455654131631],[11.50981345424266,51.71107268026472],[11.501589500164169,51.71248308722929],[11.501981691670542,51.71385627880776],[11.498323124420512,51.71477787653052],[11.497756003771475,51.71666298762072],[11.487620197916128,51.71546145242045],[11.472818781642278,51.71957858152224],[11.470454394416064,51.71737579443338],[11.468318727821423,51.71706940177198],[11.466612927151203,51.71859479483268],[11.463264413753635,51.71778539510439],[11.462313084074252,51.72212955168691],[11.456348675687028,51.722996584807355],[11.452412475892844,51.721103023739396],[11.452336127014272,51.71744197872637],[11.448785960622413,51.718064270337365],[11.446374685322523,51.712795630886156],[11.43535851804697,51.71521122292904],[11.435954902897912,51.71604320086687],[11.430683888821903,51.717515234429364],[11.432041629107669,51.721589041127686],[11.421310600766741,51.7224377569484],[11.421715855157078,51.723856072547285],[11.397771548276511,51.73128233005694],[11.400554092575163,51.732790619937184],[11.398665220474763,51.733992518857896],[11.407392267543493,51.74296752784879],[11.402592738186312,51.744299705057315],[11.406179684171446,51.74539688591841],[11.40887095844385,51.75027038955857],[11.403616978972655,51.751381171888674],[11.402942132294486,51.756100496558695],[11.395342919933409,51.75815539358379],[11.403935126949419,51.76188930540936],[11.399761591298931,51.762278120523234],[11.400195848664914,51.76484557366833],[11.397897743432067,51.76502963260434],[11.397200326930147,51.766629731669994],[11.402157954401135,51.77279408976096],[11.413710223115283,51.78169213939677],[11.397345039603026,51.789136516079786],[11.38930534280719,51.794249576218924],[11.386738828697862,51.7965628714101],[11.389561675132496,51.797430998112645],[11.390286976477464,51.79918697219856],[11.37941690940754,51.80209617287485],[11.39011016443582,51.810949761325716],[11.37609841223001,51.814409696493136],[11.37813579696804,51.818451958529195],[11.37680461540717,51.822447153344086],[11.378643180565163,51.82669778080789],[11.382874461641391,51.830021977663534],[11.387648809271,51.82914071298148],[11.388713455050327,51.831615711767],[11.39505603930385,51.82851830905344],[11.397197560864127,51.834043837926615],[11.39075616640574,51.83509094244513],[11.393320633275955,51.83923692782936],[11.400259206476388,51.83760116339661],[11.402724634884114,51.84182866663527],[11.406042332507985,51.84141655024082],[11.409640725817697,51.84560826816132],[11.418968378797917,51.84142513545127],[11.43076748054806,51.84456286456805],[11.432732852401251,51.842658218986706],[11.452195008469467,51.84683091791275],[11.452016698532653,51.84802885571974],[11.465145370311017,51.84996501028751],[11.464874298198254,51.8481409619944],[11.474163094161728,51.846170015963054]]]}},{"type":"Feature","id":"15089026","properties":{"ags8":"15089026","county_ags5":"15089","state_code":"15","name_de":"Barby","valid_at":"2026-01-01","source":"BKG_VG250_2026","part_count":1,"simplified_tolerance_m":80},"geometry":{"type":"Polygon","coordinates":[[[11.890382960202034,52.00854456717536],[11.890805287857974,52.00139634359616],[11.883648739525837,51.98754393188212],[11.885070958514314,51.97732518165838],[11.899357485692082,51.96817937349128],[11.91260364054405,51.95666894297648],[11.92463168341935,51.95155928351371],[11.932571558770103,51.94662362011558],[11.945723606289146,51.93398573754984],[11.965061945840214,51.92570573815489],[11.96720216085573,51.92348406564222],[11.967105182864055,51.91687240515202],[11.969729479572688,51.912539373432686],[12.014597964064334,51.88727865656629],[12.019018899369142,51.88207573850966],[12.019763347301346,51.87520123102777],[12.018861112687265,51.872558546248214],[12.009535318704271,51.877994871377574],[12.003634056783671,51.879338340610225],[11.996300690208072,51.87372003605818],[11.996102212627799,51.87189427704577],[11.987276135425637,51.872199880340325],[11.988423094235523,51.87375666871622],[11.98168371899955,51.87584058154022],[11.978652207123083,51.87309313497479],[11.975074716531298,51.873066201979675],[11.979336444795516,51.86888267345059],[11.966878954262167,51.867021806963685],[11.959436511630148,51.86924584960969],[11.948631890524094,51.87636895975344],[11.938183640820885,51.8778544954497],[11.93744064186762,51.880602278858085],[11.923195916385424,51.87996443247635],[11.921978773484614,51.87918052485009],[11.927498823906053,51.87460045347988],[11.917819052266028,51.87323186632966],[11.915408261274832,51.87074895697462],[11.90943632422239,51.87192963256664],[11.911757591710467,51.86649762052388],[11.905763290150773,51.8650348386617],[11.907055517346542,51.864056841275264],[11.89039776268522,51.859405902293844],[11.880724677969896,51.854523093549425],[11.878297621899657,51.85689953665899],[11.8687783775518,51.85102659966667],[11.865575196073994,51.85321379064394],[11.86479132063757,51.85129742965785],[11.868582205262529,51.850300096867976],[11.857695461960969,51.837508469079495],[11.828892854096464,51.85929625990561],[11.830781785763412,51.864435774332996],[11.829012583481507,51.864856933474925],[11.830351895056515,51.867670275388],[11.828280317734878,51.86814901228355],[11.83012495663569,51.8703474278232],[11.83865491300904,51.86950966749797],[11.839200316969675,51.87080643875668],[11.841188974948432,51.870721020041834],[11.842729477334698,51.86973194161743],[11.842470513995035,51.87327067538208],[11.837578216428483,51.87887007242583],[11.847710715284034,51.886135892787884],[11.845488977337874,51.88735720514574],[11.84235693431554,51.89701481893893],[11.84358226461728,51.90555198457965],[11.841689182399245,51.91578976776525],[11.844206032736562,51.91578832837853],[11.840530201304723,51.92237050004861],[11.838500450246618,51.92360793021961],[11.83387663884601,51.923228043180146],[11.82905892336333,51.91901042528222],[11.827094704191822,51.91924184058598],[11.825895441001531,51.92035972421704],[11.828356744994222,51.92355074075146],[11.825540953123603,51.92429290550303],[11.824151623947069,51.92287381022709],[11.818885167481938,51.92394162481207],[11.819897129336661,51.93147408010245],[11.813021881667204,51.93473988768128],[11.811929836868769,51.93794845329586],[11.794065879484133,51.94116038022098],[11.794538891229756,51.94289289555197],[11.792053107705568,51.94317998620465],[11.795824357068447,51.947660826541565],[11.79753428311345,51.94738128918215],[11.798885882732773,51.95442886164108],[11.796432058304347,51.96181480356012],[11.78868534429019,51.96235776067761],[11.790230637748694,51.9649769990633],[11.781685082355558,51.96407071728813],[11.78322091408199,51.95915106819469],[11.779390025207961,51.956529344519005],[11.777537146767084,51.96054370275254],[11.771895552304622,51.96033423512688],[11.770985336838208,51.96267404996749],[11.766828531306192,51.96140488276857],[11.765623631386962,51.965257527194744],[11.76206372299692,51.9652336844282],[11.762426895233117,51.96965642215289],[11.765857836306289,51.97571201530271],[11.76845207908965,51.97625873194018],[11.76560759462021,51.977812305636675],[11.767633790782106,51.980071531677694],[11.770452947934439,51.97904428212008],[11.771671439877318,51.98041672274303],[11.774558779412793,51.97895541677928],[11.775548059103938,51.9799434261045],[11.773832805404421,51.98060053604608],[11.777402438099235,51.98423283315761],[11.780556281029273,51.981886874958676],[11.7870945235191,51.98895954582455],[11.778001575012711,51.99167594520439],[11.780799781938976,51.995192531587996],[11.782101796489812,51.9947429429663],[11.789707409201363,52.005115097531544],[11.794478421199642,52.00858632669092],[11.79532409507436,52.010794536499624],[11.793497006698146,52.011651047127],[11.795826270885097,52.0166367009934],[11.799793188716086,52.01616167117997],[11.803877839461062,52.018770968276826],[11.808680465995218,52.01491286075633],[11.818254599862982,52.011226756258054],[11.830826934873746,52.00891884658984],[11.839018582681337,52.008872042568235],[11.847123718478692,52.01180348571804],[11.8574761053098,52.02402014176418],[11.863505405122927,52.02617343724261],[11.869163751978945,52.02664835681129],[11.874147350672569,52.02554741133568],[11.879262245689945,52.022537477865136],[11.890382960202034,52.00854456717536]],[[11.881726233865963,51.86406635459349],[11.883197263156772,51.86130511838688],[11.88708806281304,51.861664601643334],[11.88693044310692,51.86603003123132],[11.881726233865963,51.86406635459349]],[[11.887329831391972,51.87102773970029],[11.888717975403214,51.867225714665636],[11.8944552105216,51.869991264594155],[11.89195343749434,51.87494820562641],[11.887954409857786,51.87497119671295],[11.889603799180094,51.87124407690437],[11.887329831391972,51.87102773970029]]]}},{"type":"Feature","id":"15089030","properties":{"ags8":"15089030","county_ags5":"15089","state_code":"15","name_de":"Bernburg (Saale)","valid_at":"2026-01-01","source":"BKG_VG250_2026","part_count":1,"simplified_tolerance_m":80},"geometry":{"type":"Polygon","coordinates":[[[11.723502111120338,51.833197563928124],[11.732058453741656,51.83384678202885],[11.730815460898933,51.82761585894611],[11.734383612493097,51.82586938591848],[11.732057464551946,51.8155561293351],[11.742671964741945,51.814608695583175],[11.745071274736004,51.81635593368978],[11.756603918480629,51.81119353214803],[11.760110580034164,51.81301308612577],[11.761233106738022,51.818110554222194],[11.765524708282967,51.81634642770474],[11.76967193421839,51.81618515121679],[11.76996563145059,51.82096380432352],[11.77692816610695,51.821317552215326],[11.788450294380045,51.824187955955075],[11.788120644200761,51.82125851105253],[11.783513460336682,51.81747571836619],[11.780977481496436,51.80369268624853],[11.788132894228397,51.80156114252718],[11.809533871259342,51.8005107141804],[11.809745705736452,51.797782244181306],[11.812502132462754,51.79725692310628],[11.812798219446965,51.79191833443071],[11.820209818223738,51.78982966483251],[11.819655073902807,51.78820735065475],[11.826583706394203,51.78750021771924],[11.828231176882182,51.79775110988024],[11.833535661765367,51.7970222380566],[11.838557716337231,51.79410454024558],[11.842000587104815,51.79818634468502],[11.855386435415614,51.79645957755097],[11.855088401467302,51.785945191265164],[11.851110307502745,51.786818346375796],[11.848957292375768,51.77975301826694],[11.866139294168551,51.78292122113008],[11.871933442808906,51.7785264185273],[11.863881733864044,51.773886920005204],[11.863598153594074,51.772648551314084],[11.86677905782136,51.772303581120376],[11.86722046008169,51.76917221946817],[11.872372365800729,51.7695173613979],[11.87432510095458,51.76621748290422],[11.87769846089958,51.7665202098252],[11.877906313553655,51.765240163834434],[11.891087378606114,51.76523910480646],[11.891042633648034,51.763296186613694],[11.904297271663376,51.76334677257044],[11.90288226601565,51.76024141684318],[11.890679768178293,51.7604302659644],[11.883232168303028,51.749594566625525],[11.868325036408633,51.74940781605406],[11.866735459547485,51.740860617860285],[11.86039137191341,51.74147350970071],[11.861129197711792,51.74045732005568],[11.855025451285364,51.73940263987539],[11.854319645909925,51.74247883124808],[11.838421943043608,51.74499887902189],[11.834245750226016,51.742454760116225],[11.821988134716754,51.739892655537865],[11.827937929906662,51.73143613243199],[11.824827726691073,51.7273049906038],[11.82301006487373,51.717493578259756],[11.793450295725277,51.719819949679604],[11.793491524237885,51.72262854889394],[11.798345472098916,51.72459822893594],[11.786634433567077,51.72548851202333],[11.78682862734233,51.72693853269417],[11.78357530827863,51.727116681598936],[11.783987128260604,51.72949275469471],[11.781191597699621,51.72973362715563],[11.77976144085009,51.726443807671316],[11.775228856719389,51.72789957504314],[11.770203517400518,51.7258932219788],[11.772770859719046,51.723922235754294],[11.75880449954553,51.72545442363037],[11.758705822799348,51.72326538640472],[11.745139004711056,51.723337444260316],[11.745215021767757,51.72190833152702],[11.742952981569701,51.72188449362026],[11.742776082724559,51.72524288384627],[11.744885007879265,51.72526833701885],[11.74482908885131,51.72743519718687],[11.738602972239773,51.72754746823037],[11.734243588329726,51.736448487583495],[11.737020814698845,51.7369062588207],[11.738202994741073,51.73187347643536],[11.743769152864656,51.73144496427099],[11.739840214432773,51.737818326584616],[11.743043079933727,51.73857031774425],[11.74063694652847,51.740470086032445],[11.730159345315014,51.7447062842002],[11.719737390851014,51.7435814685621],[11.71908262504472,51.74077211197536],[11.713559877042437,51.739092390564934],[11.70425179011331,51.73947531729512],[11.702562286946492,51.74135488335391],[11.708701938266357,51.74225507037732],[11.712302205317522,51.746302954429375],[11.712355487869225,51.748308759905406],[11.702812589501397,51.75085325111624],[11.703246077186408,51.75245032481775],[11.709932991355217,51.75370478258835],[11.710878439894874,51.756556188024874],[11.70861147940444,51.75908951355721],[11.698513579691458,51.760469671648465],[11.692113425084038,51.765221678009866],[11.690317847102317,51.76364726146568],[11.675815151753742,51.76464677654637],[11.668502094507954,51.76048155383276],[11.660227395484998,51.766905712201364],[11.658020449842198,51.76564973702711],[11.657107964533283,51.76626144480356],[11.651540107272268,51.76224907723695],[11.646957940094767,51.763382148168525],[11.653989958998459,51.77140209416628],[11.652026681638826,51.7729056826514],[11.662187591304795,51.78374330460174],[11.667181027361686,51.783667065147306],[11.66813602095651,51.7880877062413],[11.679088794065786,51.787520438351756],[11.682274693829074,51.79233803612627],[11.686256487283636,51.7909127422833],[11.687114367586123,51.7915429356638],[11.683044080996098,51.79347296637018],[11.696755306353186,51.82222430463548],[11.68219852800936,51.831924819913176],[11.691230949229618,51.84192885920295],[11.699655561051182,51.847345323628744],[11.701315572623686,51.842106121062145],[11.70606285631666,51.842021992065646],[11.707969422180769,51.83942952484246],[11.715330911198425,51.83499991919856],[11.723502111120338,51.833197563928124]]]}},{"type":"Feature","id":"15089041","properties":{"ags8":"15089041","county_ags5":"15089","state_code":"15","name_de":"Bördeaue","valid_at":"2026-01-01","source":"BKG_VG250_2026","part_count":1,"simplified_tolerance_m":80},"geometry":{"type":"MultiPolygon","coordinates":[[[[11.448093131594923,51.928933347499566],[11.439367603961486,51.929841711217826],[11.440649902452623,51.932035408037756],[11.447406917657107,51.93253866981217],[11.450143838147422,51.93091640817099],[11.448093131594923,51.928933347499566]]],[[[11.5278387061931,51.95152812327245],[11.530968267317421,51.95150104885033],[11.531472708037525,51.94806917353937],[11.536524324259519,51.947929715198654],[11.53690014116154,51.94583184622989],[11.533967017212287,51.94557174633955],[11.534654205407694,51.942661885605155],[11.536875062593989,51.94135724336119],[11.54146833180397,51.94210764120349],[11.551751769905483,51.937375160503144],[11.554060606115392,51.9390280083067],[11.563604327826226,51.93573142530449],[11.564965818235379,51.933587147352206],[11.570277798573171,51.93235196830757],[11.566948898778726,51.92786513711633],[11.568595694707676,51.92749331319097],[11.569269249882446,51.92362748964008],[11.569796056049714,51.91064837282288],[11.564158392627164,51.910867528834174],[11.563599170821671,51.908349448785806],[11.570224404546904,51.90721693230148],[11.569598573730978,51.90596308407585],[11.543283043358938,51.90766335095991],[11.541362180794234,51.91033152200234],[11.532220481962597,51.90985604551809],[11.531379069980172,51.911878499868735],[11.527964930798518,51.91142227521022],[11.526567788699598,51.91332354945909],[11.524505299130247,51.912171835513774],[11.51436968418618,51.911902413054406],[11.491946628052695,51.91398629302281],[11.466887278799648,51.91284331643086],[11.451975302965343,51.91761462226842],[11.452405958190186,51.9197168365458],[11.448498426918968,51.92246150615755],[11.44824500336296,51.92472493749213],[11.452027734782783,51.93071662470904],[11.453965022512001,51.93129615199065],[11.452929733063703,51.93375029862548],[11.462444857260282,51.9362721951498],[11.469827024581486,51.93405008394475],[11.473319166494337,51.93537995953619],[11.496677304138386,51.93259250093762],[11.500428927554392,51.93897968453395],[11.5125430556472,51.938722934424554],[11.511061203664951,51.93950020507467],[11.518624492612233,51.954845932753656],[11.51795106755864,51.95988047148603],[11.519335163407847,51.959913604888385],[11.520309544456932,51.96245112671236],[11.527087049982022,51.96400311934793],[11.5278387061931,51.95152812327245]]]]}},{"type":"Feature","id":"15089042","properties":{"ags8":"15089042","county_ags5":"15089","state_code":"15","name_de":"Bördeland","valid_at":"2026-01-01","source":"BKG_VG250_2026","part_count":1,"simplified_tolerance_m":80},"geometry":{"type":"Polygon","coordinates":[[[11.661627118079023,52.03276980704379],[11.667610952179068,52.02873926069989],[11.669631239674512,52.03016781346334],[11.67548510420527,52.024999927406505],[11.682289683761192,52.0255276739963],[11.685831714504422,52.01932771751136],[11.676252293676304,52.01589993198599],[11.680731347723286,52.00348738306657],[11.678301392014943,52.003475740028414],[11.67831751716736,52.00186892185605],[11.675018319831066,52.00179440001966],[11.675408975618828,51.99874159244285],[11.686948306152482,51.99154720092354],[11.68404159890625,51.9897536060026],[11.692993116219562,51.98636092548146],[11.711245162341324,51.98589189718713],[11.711016672968148,51.98424254054962],[11.726104695888603,51.98277817535977],[11.726540007686577,51.97783144655393],[11.733386703082433,51.97889425383803],[11.734345090832628,51.98249113660105],[11.737650296318407,51.978024729282616],[11.744646568040888,51.97884005015181],[11.75430190630845,51.97577867791074],[11.761215812350336,51.9749201316949],[11.762009031104885,51.97663308381559],[11.765857836306289,51.97571201530271],[11.762426895233117,51.96965642215289],[11.76206372299692,51.9652336844282],[11.765623631386962,51.965257527194744],[11.766828531306192,51.96140488276857],[11.770985336838208,51.96267404996749],[11.771895552304622,51.96033423512688],[11.777537146767084,51.96054370275254],[11.779390025207961,51.956529344519005],[11.78322091408199,51.95915106819469],[11.781685082355558,51.96407071728813],[11.790230637748694,51.9649769990633],[11.78868534429019,51.96235776067761],[11.796432058304347,51.96181480356012],[11.799069307226977,51.957278771748335],[11.79753428311345,51.94738128918215],[11.795824357068447,51.947660826541565],[11.792053107705568,51.94317998620465],[11.774136778311032,51.94471028165549],[11.773596707766012,51.94206207936637],[11.767038362470482,51.9428248467439],[11.756108724486678,51.94063845123906],[11.756236418666855,51.93968496800742],[11.74401480305362,51.938236710517835],[11.73875291284993,51.92560595693744],[11.726875003699298,51.92715110777903],[11.717581784829969,51.925177423269844],[11.715505600845578,51.91882013303928],[11.713444040967635,51.91898513475796],[11.712454299821546,51.916242294637954],[11.708512803339048,51.91628242415758],[11.70741041491434,51.913666639223585],[11.701189545957908,51.91351138580714],[11.700937515996591,51.930200012491056],[11.691179839054994,51.93159838747515],[11.672950187324822,51.93188370771744],[11.670525132255147,51.925933038814804],[11.66411674419742,51.926757641138074],[11.66093541896049,51.92042769616997],[11.651635357832426,51.92647451475796],[11.641762296066867,51.927331408235126],[11.642433786567226,51.92953862837277],[11.622832060322878,51.931309667091156],[11.627832493594815,51.94344029149949],[11.630138913120486,51.94365534666529],[11.6307001968312,51.94632190507613],[11.618541718231544,51.948568942480854],[11.619498484146702,51.953130026892794],[11.607235429823389,51.952327854981284],[11.60678014001569,51.96052013144421],[11.603222807418634,51.969403151508445],[11.604797346162574,51.986229247240026],[11.603928863300707,52.011030333615544],[11.601475570513362,52.01926634395631],[11.603694870210976,52.01972622341906],[11.604261829202217,52.02174435447289],[11.62496772476794,52.021408706343664],[11.619880385686027,52.02976314871636],[11.64338290300074,52.03034632556904],[11.647188553718255,52.025192342279354],[11.650880588549086,52.0290063885473],[11.65201235859787,52.02824999319361],[11.661627118079023,52.03276980704379]]]}},{"type":"Feature","id":"15089043","properties":{"ags8":"15089043","county_ags5":"15089","state_code":"15","name_de":"Börde-Hakel","valid_at":"2026-01-01","source":"BKG_VG250_2026","part_count":1,"simplified_tolerance_m":80},"geometry":{"type":"MultiPolygon","coordinates":[[[[11.446834819899268,52.006786914735954],[11.447278857021042,51.99139326381373],[11.44986352898918,51.991467882856135],[11.4504964028993,51.98813653009787],[11.459249329918098,51.98818126282402],[11.458375426318186,51.983759420974074],[11.455285639337978,51.98347482923308],[11.45481119977092,51.98199385473464],[11.441809852929177,51.98099091487742],[11.438128865538056,51.97487583121358],[11.429942260698507,51.96657538482413],[11.432194811372872,51.965558099568696],[11.431033179069207,51.96434141020477],[11.428888209737742,51.96496510926397],[11.427318290453295,51.96356115731946],[11.419879118106737,51.967224814407096],[11.411534398265404,51.96560984078421],[11.413327319404969,51.961822638457036],[11.418077108630396,51.95937170689955],[11.416030700716766,51.95803370225994],[11.41883858350693,51.956658282589615],[11.4172867966633,51.95374725176349],[11.411998189509685,51.9531928606983],[11.409603076700321,51.95425387538246],[11.407908904201527,51.95289090915389],[11.408488025489236,51.95102996282255],[11.405880968760748,51.951644879515236],[11.40306085893011,51.94960786509235],[11.398838672552422,51.9510611803499],[11.392121267562729,51.947792264227544],[11.384742642556146,51.93967012299086],[11.38117963477323,51.93961605212155],[11.374991145419653,51.93257082490857],[11.36688044923792,51.93272661069632],[11.366468227896148,51.931807856517835],[11.371911076114886,51.93172394639358],[11.371691660971416,51.93032125620838],[11.380347319423642,51.92597319172317],[11.381643418173748,51.92729648821958],[11.38528073505325,51.926199257398515],[11.383042696123786,51.92409285822849],[11.396752434780206,51.91764811278248],[11.394477409827552,51.91514637687326],[11.398820756410807,51.914097075017864],[11.393005856440059,51.90465911441363],[11.387738571201798,51.90602098117758],[11.385618445669492,51.90320305526716],[11.390215898062227,51.901810313615414],[11.38920187303937,51.901269146942724],[11.382594500488741,51.90335631238913],[11.377958513883394,51.89641666516112],[11.371926712982374,51.89284316715112],[11.373990076491081,51.892113948449364],[11.371945709571534,51.88982016825114],[11.36465569819447,51.88375509047242],[11.363219514639562,51.886075554921845],[11.355970937851895,51.88719908561574],[11.35276583629962,51.886531873549735],[11.35405680096728,51.89178284047198],[11.346744851108166,51.89576248342397],[11.34557358561037,51.894842548680394],[11.343321718643983,51.89581062495661],[11.344122417693557,51.897494874658854],[11.340503342411424,51.90070590552785],[11.346350889967978,51.91362599278941],[11.354829815818801,51.914595536570424],[11.353096759158865,51.91697979682983],[11.365617506752876,51.92858789762278],[11.36038930093327,51.930388019416824],[11.362645493618153,51.9337333775489],[11.371281061184295,51.93350777208751],[11.371171435219653,51.93922888775178],[11.360203699781607,51.93911892819821],[11.365251799480879,51.94873734844849],[11.351835254921564,51.9505883356895],[11.353080241069252,51.95254049785822],[11.349386061439116,51.95352047644849],[11.353044858699015,51.96073589588076],[11.344921476667293,51.962404079461855],[11.355863192713512,51.971978323914946],[11.354329656837225,51.972529081809746],[11.36499629535624,51.979666618670706],[11.371930224913067,51.97434455142824],[11.374639418393546,51.97585395302729],[11.37460196303225,51.979289250790714],[11.37941109007686,51.983060358789416],[11.384354016427215,51.97953341106893],[11.384664407490188,51.98140462615421],[11.39399526523028,51.97959744138509],[11.395442286034982,51.98065762617652],[11.397537324288196,51.97951572527384],[11.401445549949369,51.982111809582975],[11.399966692722778,51.985288565111766],[11.400605563289583,51.98640239361951],[11.402232220640533,51.98558835219744],[11.404981742070467,51.98934437278769],[11.409585295235283,52.001137974295276],[11.414707801038153,52.000752205945226],[11.415291476499213,52.00468347832994],[11.425951018062527,52.00441784380747],[11.426427874257167,52.00581940727727],[11.436043240960535,52.00583768389656],[11.436170308255466,52.007051105803],[11.446834819899268,52.006786914735954]]],[[[11.431153308853496,51.953646399137014],[11.426688262711222,51.956730858404484],[11.429174487255608,51.95869056518459],[11.42854186073271,51.96193401455636],[11.433556233031856,51.95509390293827],[11.431153308853496,51.953646399137014]]]]}},{"type":"Feature","id":"15089045","properties":{"ags8":"15089045","county_ags5":"15089","state_code":"15","name_de":"Borne","valid_at":"2026-01-01","source":"BKG_VG250_2026","part_count":1,"simplified_tolerance_m":80},"geometry":{"type":"Polygon","coordinates":[[[11.603222807418634,51.969403151508445],[11.60678014001569,51.96052013144421],[11.606102629960082,51.95326668712443],[11.597518497919069,51.95093280624748],[11.59267193188229,51.94422682991582],[11.590285673884576,51.94429632767901],[11.580082498660019,51.93034713955431],[11.564965818235379,51.933587147352206],[11.563604327826226,51.93573142530449],[11.554060606115392,51.9390280083067],[11.551751769905483,51.937375160503144],[11.54146833180397,51.94210764120349],[11.537546958278371,51.94121530642558],[11.534654205407694,51.942661885605155],[11.533967017212287,51.94557174633955],[11.53690014116154,51.94583184622989],[11.536524324259519,51.947929715198654],[11.531472708037525,51.94806917353937],[11.530968267317421,51.95150104885033],[11.5278387061931,51.95152812327245],[11.527087049982022,51.96400311934793],[11.571074696125889,51.967402757050394],[11.597357728810254,51.96597586437385],[11.603222807418634,51.969403151508445]]]}},{"type":"Feature","id":"15089055","properties":{"ags8":"15089055","county_ags5":"15089","state_code":"15","name_de":"Calbe (Saale)","valid_at":"2026-01-01","source":"BKG_VG250_2026","part_count":1,"simplified_tolerance_m":80},"geometry":{"type":"Polygon","coordinates":[[[11.774136778311032,51.94471028165549],[11.794538891229756,51.94289289555197],[11.794065879484133,51.94116038022098],[11.811929836868769,51.93794845329586],[11.813021881667204,51.93473988768128],[11.819897129336661,51.93147408010245],[11.818885167481938,51.92394162481207],[11.824151623947069,51.92287381022709],[11.825540953123603,51.92429290550303],[11.828356744994222,51.92355074075146],[11.825895441001531,51.92035972421704],[11.827094704191822,51.91924184058598],[11.82905892336333,51.91901042528222],[11.834506608421256,51.92337391975051],[11.838500450246618,51.92360793021961],[11.84087952021581,51.92188073512621],[11.844206032736562,51.91578832837853],[11.841689182399245,51.91578976776525],[11.84358226461728,51.90555198457965],[11.84235693431554,51.89701481893893],[11.845488977337874,51.88735720514574],[11.847710715284034,51.886135892787884],[11.837578216428483,51.87887007242583],[11.842470513995035,51.87327067538208],[11.842729477334698,51.86973194161743],[11.839200316969675,51.87080643875668],[11.83865491300904,51.86950966749797],[11.829547280439835,51.869843597716326],[11.82721446416158,51.871842929809844],[11.815740868876043,51.87631192131539],[11.814096472281577,51.87264045492828],[11.786070541417798,51.88081329352894],[11.782554896572362,51.880896284989326],[11.775059271094205,51.879537486458275],[11.770138440795142,51.87718806075978],[11.765363737665567,51.86857510893738],[11.764578029275283,51.86331134536092],[11.724832248648658,51.867542556292456],[11.724969290557699,51.86885466440795],[11.71818186635521,51.86992311066349],[11.718232663645548,51.87182089335324],[11.71334744725458,51.87175394196502],[11.716303766183739,51.876869808236314],[11.71964780065309,51.876358696451305],[11.729078225757444,51.88216332559835],[11.735640540953744,51.901653999005816],[11.743925342004873,51.90146861554666],[11.743194053591177,51.90344653160673],[11.7244663419379,51.905260324766246],[11.725981505728198,51.90697205271786],[11.712885448638747,51.90949948604781],[11.70739077995548,51.911831545951806],[11.708512803339048,51.91628242415758],[11.712454299821546,51.916242294637954],[11.713444040967635,51.91898513475796],[11.715505600845578,51.91882013303928],[11.717581784829969,51.925177423269844],[11.726875003699298,51.92715110777903],[11.73875291284993,51.92560595693744],[11.74401480305362,51.938236710517835],[11.756236418666855,51.93968496800742],[11.756108724486678,51.94063845123906],[11.767038362470482,51.9428248467439],[11.773596707766012,51.94206207936637],[11.774136778311032,51.94471028165549]]]}},{"type":"Feature","id":"15089075","properties":{"ags8":"15089075","county_ags5":"15089","state_code":"15","name_de":"Egeln","valid_at":"2026-01-01","source":"BKG_VG250_2026","part_count":1,"simplified_tolerance_m":80},"geometry":{"type":"Polygon","coordinates":[[[11.473586769888776,51.98069132512473],[11.474570452650651,51.97666844649544],[11.462985787048927,51.97016966095729],[11.456861677963785,51.95762555938832],[11.455597380441882,51.957743669106286],[11.453125513787898,51.95235694159654],[11.447175058872974,51.94697091128537],[11.45071760105253,51.94234572235929],[11.44609609949636,51.93919799372886],[11.45886880570227,51.94234327477274],[11.464539980625842,51.94276522126583],[11.46669737087682,51.94085855178879],[11.462539737625054,51.93835539382923],[11.463517734867331,51.936236964964145],[11.452929733063703,51.93375029862548],[11.453965022512001,51.93129615199065],[11.452027734782783,51.93071662470904],[11.44824500336296,51.92472493749213],[11.448498426918968,51.92246150615755],[11.452405958190186,51.9197168365458],[11.451975302965343,51.91761462226842],[11.44511747364865,51.92083593758736],[11.437491836006098,51.91015502998256],[11.424243460848269,51.90870473216453],[11.421784527344691,51.905105906493695],[11.426242238820945,51.90480943148508],[11.425929326699475,51.903066797547694],[11.420858172054556,51.90306610505792],[11.412166833197647,51.90522770402529],[11.395915999276053,51.91063755168526],[11.398820756410807,51.914097075017864],[11.394477409827552,51.91514637687326],[11.396752434780206,51.91764811278248],[11.383042696123786,51.92409285822849],[11.38528073505325,51.926199257398515],[11.381643418173748,51.92729648821958],[11.380347319423642,51.92597319172317],[11.371691660971416,51.93032125620838],[11.371911076114886,51.93172394639358],[11.366468227896148,51.931807856517835],[11.36688044923792,51.93272661069632],[11.374991145419653,51.93257082490857],[11.38117963477323,51.93961605212155],[11.384742642556146,51.93967012299086],[11.392121267562729,51.947792264227544],[11.398838672552422,51.9510611803499],[11.40306085893011,51.94960786509235],[11.405880968760748,51.951644879515236],[11.408488025489236,51.95102996282255],[11.407908904201527,51.95289090915389],[11.409603076700321,51.95425387538246],[11.411998189509685,51.9531928606983],[11.4172867966633,51.95374725176349],[11.41883858350693,51.956658282589615],[11.416030700716766,51.95803370225994],[11.418077108630396,51.95937170689955],[11.413327319404969,51.961822638457036],[11.411534398265404,51.96560984078421],[11.419879118106737,51.967224814407096],[11.427318290453295,51.96356115731946],[11.428888209737742,51.96496510926397],[11.431033179069207,51.96434141020477],[11.432194811372872,51.965558099568696],[11.429942260698507,51.96657538482413],[11.438128865538056,51.97487583121358],[11.441809852929177,51.98099091487742],[11.45481119977092,51.98199385473464],[11.455285639337978,51.98347482923308],[11.458375426318186,51.983759420974074],[11.458909067810525,51.984947539434515],[11.47526347611926,51.98207668041278],[11.473586769888776,51.98069132512473]],[[11.42854186073271,51.96193401455636],[11.429174487255608,51.95869056518459],[11.426688262711222,51.956730858404484],[11.431153308853496,51.953646399137014],[11.433556233031856,51.95509390293827],[11.42854186073271,51.96193401455636]],[[11.441793941994021,51.93246715814722],[11.439367603961486,51.929841711217826],[11.448093131594923,51.928933347499566],[11.449508135796243,51.92974300792465],[11.450143838147422,51.93091640817099],[11.447406917657107,51.93253866981217],[11.441793941994021,51.93246715814722]]]}},{"type":"Feature","id":"15089130","properties":{"ags8":"15089130","county_ags5":"15089","state_code":"15","name_de":"Giersleben","valid_at":"2026-01-01","source":"BKG_VG250_2026","part_count":1,"simplified_tolerance_m":80},"geometry":{"type":"Polygon","coordinates":[[[11.503797232858304,51.81359577806081],[11.515052836271018,51.80998235962272],[11.514670637926688,51.80911296668289],[11.511397674794974,51.81008555486587],[11.508497354674661,51.80625973915395],[11.51381543196594,51.805899521325415],[11.512812181484742,51.801895635444545],[11.529064580835378,51.79964165260623],[11.528287490491019,51.79752988131346],[11.53419463782654,51.79900193565222],[11.549127909693174,51.798494088519],[11.549185062192146,51.800346886183334],[11.554120976592994,51.79981729616854],[11.557958783005597,51.78555071541872],[11.559971531654535,51.78610959872787],[11.568434035073995,51.77281607782543],[11.574739044632535,51.77014031359618],[11.581182545826744,51.77392842577055],[11.582984177195014,51.77223617680353],[11.58438328792991,51.77298511073106],[11.595775453397298,51.748275009100325],[11.57792321815786,51.74847480089754],[11.568301771853521,51.752540806892114],[11.567086966791997,51.756148220736186],[11.564922930657595,51.75566575592798],[11.561565919759895,51.758932934083425],[11.550107986173149,51.75663281572219],[11.54970434497782,51.75937217036641],[11.54743673191569,51.75917800426227],[11.54572660301342,51.761549697502225],[11.54115286184104,51.76116150603414],[11.537675026289227,51.768977896108886],[11.530305038894015,51.76881728398246],[11.528648357417348,51.771872551999515],[11.525645086595276,51.77180861449709],[11.526565899965924,51.7747065638417],[11.51940048244484,51.78892909473041],[11.51692166317764,51.789013358606944],[11.517007448786229,51.791558658295855],[11.489629493596247,51.792815939295146],[11.490985249550343,51.79637167436969],[11.48235947374345,51.79691951378049],[11.488108517714764,51.806314398753926],[11.489530766491017,51.81634261116785],[11.503797232858304,51.81359577806081]]]}},{"type":"Feature","id":"15089165","properties":{"ags8":"15089165","county_ags5":"15089","state_code":"15","name_de":"Güsten","valid_at":"2026-01-01","source":"BKG_VG250_2026","part_count":1,"simplified_tolerance_m":80},"geometry":{"type":"Polygon","coordinates":[[[11.6018564724301,51.82484394197319],[11.604935149122355,51.82199674300769],[11.605496260849746,51.81688403728163],[11.611120199942128,51.81356570145158],[11.627822994299242,51.81046614439237],[11.62877125718315,51.81183362298791],[11.639957225087674,51.80990030921572],[11.64051731554983,51.81198217032059],[11.642400164479154,51.8118201036467],[11.641981421851566,51.80838824537522],[11.646804617667648,51.80790397257953],[11.647389355121977,51.80186650000091],[11.642904584396572,51.801837832040896],[11.643718641702426,51.79958078725147],[11.639694073241229,51.79589486455504],[11.647755570505566,51.79681575226916],[11.649418263702968,51.78169385004173],[11.652440389209167,51.781686361182544],[11.653172088727462,51.77837240227348],[11.649049691439266,51.775048850549766],[11.653989958998459,51.77140209416628],[11.646957940094767,51.763382148168525],[11.630129611411443,51.76772772079978],[11.627416081263098,51.755732402048274],[11.618323136582928,51.755628152068866],[11.616133131773305,51.745905351040825],[11.595737027122254,51.747822828674636],[11.58438328792991,51.77298511073106],[11.582984177195014,51.77223617680353],[11.581182545826744,51.77392842577055],[11.574739044632535,51.77014031359618],[11.568434035073995,51.77281607782543],[11.559971531654535,51.78610959872787],[11.557958783005597,51.78555071541872],[11.554120976592994,51.79981729616854],[11.549185062192146,51.800346886183334],[11.551758508229334,51.8062258664316],[11.57152462602018,51.80498733267083],[11.57213883712074,51.810739625854694],[11.578363591558325,51.81127697592576],[11.58735898817225,51.82268280557742],[11.59365148470301,51.822386933668476],[11.594159414055751,51.82114446244608],[11.59569857519316,51.82174315229968],[11.595262374373094,51.828962465832696],[11.601892883315863,51.82935091160178],[11.6018564724301,51.82484394197319]]]}},{"type":"Feature","id":"15089175","properties":{"ags8":"15089175","county_ags5":"15089","state_code":"15","name_de":"Hecklingen","valid_at":"2026-01-01","source":"BKG_VG250_2026","part_count":1,"simplified_tolerance_m":80},"geometry":{"type":"Polygon","coordinates":[[[11.46902235421054,51.912690991647594],[11.491946628052695,51.91398629302281],[11.505383848128293,51.912811828234894],[11.505207798386586,51.91176081269695],[11.502243710557712,51.911911784343566],[11.502225885312972,51.90912312395084],[11.508662579876102,51.906189904426334],[11.507324345472686,51.904869816391496],[11.50479950123747,51.90579080484781],[11.498832648687321,51.9049594678577],[11.495324971247365,51.9028478013873],[11.495869901289183,51.89602098393764],[11.4997387467622,51.89419855054849],[11.499037117546727,51.89109460239259],[11.50648558618441,51.88832134910655],[11.503622372997652,51.8858224907466],[11.519194719386654,51.87902134084921],[11.522870159131378,51.87957451125153],[11.525650695686906,51.88233939277026],[11.529184435856784,51.87982585141014],[11.533008902307753,51.879891617110744],[11.530361986703749,51.876621949363475],[11.532459946349432,51.87043224223388],[11.539505609922168,51.86776184034599],[11.542762446402532,51.864026778825774],[11.553077726949587,51.8595544997906],[11.554735247296456,51.85772250930432],[11.553966525559634,51.855983169909635],[11.562777224194862,51.85441806807467],[11.564215818201582,51.85276268219462],[11.552464998847256,51.85348838081475],[11.555138425763472,51.85284401134958],[11.556370806136188,51.84931427956474],[11.568773749339524,51.843634435401604],[11.570203410456172,51.84395729963634],[11.57292504432225,51.841689225929215],[11.554681646543951,51.83417025723156],[11.5494461056918,51.82618273580337],[11.5300639466386,51.8242833807839],[11.527403435813198,51.82025802015974],[11.522636162009974,51.82129781960187],[11.515052836271018,51.80998235962272],[11.499338824346818,51.81481196094201],[11.489530766491017,51.81634261116785],[11.490320397123615,51.82395601594037],[11.486854708604202,51.82414682734215],[11.487728647610453,51.83432349912982],[11.484165191840827,51.834730951687014],[11.483748822115949,51.84033015380102],[11.47586554266144,51.839885195495434],[11.474163094161728,51.846170015963054],[11.464874298198254,51.8481409619944],[11.465145370311017,51.84996501028751],[11.452016698532653,51.84802885571974],[11.452195008469467,51.84683091791275],[11.432732852401251,51.842658218986706],[11.43076748054806,51.84456286456805],[11.418968378797917,51.84142513545127],[11.409640725817697,51.84560826816132],[11.406042332507985,51.84141655024082],[11.402724634884114,51.84182866663527],[11.400259206476388,51.83760116339661],[11.38588609452068,51.84078602234737],[11.388026658260921,51.84480033201591],[11.381544316562879,51.846072130705444],[11.384076342336172,51.850803290133726],[11.377055651629913,51.8573595871356],[11.378421934016462,51.862637962702834],[11.37322811024467,51.86243824410738],[11.366605899403602,51.86596188465471],[11.368655446807788,51.870612148943266],[11.351532807867807,51.869974469707195],[11.350047002949124,51.876887726434816],[11.34451933784674,51.87535621558326],[11.338435922705752,51.87927408087467],[11.333186869258652,51.88552724846743],[11.328042518316895,51.88722746787168],[11.340503342411424,51.90070590552785],[11.344122417693557,51.897494874658854],[11.343321718643983,51.89581062495661],[11.34557358561037,51.894842548680394],[11.346744851108166,51.89576248342397],[11.35405680096728,51.89178284047198],[11.35276583629962,51.886531873549735],[11.355970937851895,51.88719908561574],[11.363219514639562,51.886075554921845],[11.36465569819447,51.88375509047242],[11.371945709571534,51.88982016825114],[11.373990076491081,51.892113948449364],[11.371926712982374,51.89284316715112],[11.377958513883394,51.89641666516112],[11.382594500488741,51.90335631238913],[11.390215898062227,51.901810313615414],[11.385618445669492,51.90320305526716],[11.387738571201798,51.90602098117758],[11.393005856440059,51.90465911441363],[11.395915999276053,51.91063755168526],[11.412166833197647,51.90522770402529],[11.420858172054556,51.90306610505792],[11.425929326699475,51.903066797547694],[11.426242238820945,51.90480943148508],[11.421784527344691,51.905105906493695],[11.424243460848269,51.90870473216453],[11.437491836006098,51.91015502998256],[11.44511747364865,51.92083593758736],[11.45278343955051,51.91730228320487],[11.46902235421054,51.912690991647594]]]}},{"type":"Feature","id":"15089185","properties":{"ags8":"15089185","county_ags5":"15089","state_code":"15","name_de":"Ilberstedt","valid_at":"2026-01-01","source":"BKG_VG250_2026","part_count":1,"simplified_tolerance_m":80},"geometry":{"type":"Polygon","coordinates":[[[11.696755306353186,51.82222430463548],[11.683044080996098,51.79347296637018],[11.687114367586123,51.7915429356638],[11.686256487283636,51.7909127422833],[11.682274693829074,51.79233803612627],[11.679088794065786,51.787520438351756],[11.66813602095651,51.7880877062413],[11.667181027361686,51.783667065147306],[11.662187591304795,51.78374330460174],[11.652026681638826,51.7729056826514],[11.649049691439266,51.775048850549766],[11.653172088727462,51.77837240227348],[11.652440389209167,51.781686361182544],[11.649418263702968,51.78169385004173],[11.647755570505566,51.79681575226916],[11.639694073241229,51.79589486455504],[11.643718641702426,51.79958078725147],[11.642904584396572,51.801837832040896],[11.647389355121977,51.80186650000091],[11.646804617667648,51.80790397257953],[11.641981421851566,51.80838824537522],[11.642400164479154,51.8118201036467],[11.643702556148213,51.81166360514839],[11.641065375839327,51.82111757705945],[11.651140167392722,51.820525431839634],[11.651715069643522,51.82431647279704],[11.665648520766045,51.82697839309683],[11.671824914115271,51.83566238921456],[11.68219852800936,51.831924819913176],[11.696755306353186,51.82222430463548]]]}},{"type":"Feature","id":"15089195","properties":{"ags8":"15089195","county_ags5":"15089","state_code":"15","name_de":"Könnern","valid_at":"2026-01-01","source":"BKG_VG250_2026","part_count":1,"simplified_tolerance_m":80},"geometry":{"type":"Polygon","coordinates":[[[11.858781949583252,51.71838231328632],[11.855291794941706,51.71692366266777],[11.855405820184512,51.714431068824176],[11.850709199881257,51.712421664232856],[11.851410802867047,51.71072035719883],[11.846690574522244,51.71005548504077],[11.846887955680565,51.70379357727625],[11.842736770848516,51.68819406809857],[11.839717490840517,51.68741852444048],[11.838237895464195,51.683359387102186],[11.84732489350812,51.682275486646084],[11.8506252759646,51.67983548910843],[11.862346354348627,51.67829742200816],[11.865443601785095,51.67539145861229],[11.86298845339707,51.67459200044426],[11.86088081439205,51.671508353744514],[11.856963120635434,51.67344661786517],[11.855849533462147,51.66839991874981],[11.857860269794198,51.667781687074516],[11.853151248978152,51.66131275095686],[11.850819134035332,51.6614108409257],[11.849402134300925,51.65458413877917],[11.854059232424499,51.65455787294067],[11.85444376276949,51.65014125361421],[11.837572541098385,51.65033339525994],[11.838469799539576,51.65173922108824],[11.836445941383971,51.655244205237345],[11.823618293503053,51.65835775001097],[11.817072540472626,51.650584970692364],[11.81892288697634,51.64904374197083],[11.808635261462978,51.64880046327218],[11.809019975980787,51.64753447710854],[11.805831913436856,51.647117429839575],[11.799114495941167,51.64265892398736],[11.789941463645508,51.645411263198234],[11.78575875344221,51.64546827108569],[11.785645776725168,51.64659419253699],[11.780549512069822,51.64588473384626],[11.780315315156715,51.64841417556745],[11.77648840023217,51.64840795921335],[11.776181010825953,51.646372867651664],[11.765612964792014,51.647566215347574],[11.76206293234855,51.65122914390082],[11.755948694354691,51.651142336524245],[11.744959388464844,51.64435755907998],[11.745377000699776,51.641105074693606],[11.752405233581113,51.63636109670816],[11.751612526060656,51.63328335485736],[11.74801510583416,51.63232268854849],[11.745360793123126,51.6288236792205],[11.725275893563934,51.629204657071114],[11.725226509765381,51.63005992775062],[11.71976330661796,51.629036767800336],[11.718478733934429,51.635087304738725],[11.715972064952874,51.63488819364896],[11.710662642092348,51.63695813763996],[11.711099274030216,51.639796842928945],[11.70864521758806,51.642692138095256],[11.692803088301634,51.64901554285618],[11.68179879397795,51.65083632911057],[11.677195431937362,51.651091414957506],[11.674873604666292,51.6500908856778],[11.662271969089062,51.65114388819886],[11.632634819343272,51.656590051328756],[11.633052284848974,51.65300516225166],[11.627566759279924,51.652859680603264],[11.627236373985017,51.65823415655885],[11.62013877757102,51.66139664957619],[11.604471764567176,51.66441413976176],[11.603914572204362,51.67298969125516],[11.608276515457815,51.67287747623047],[11.608251112087526,51.6765674715868],[11.612618020412725,51.67664549219189],[11.612625848614847,51.686405408497045],[11.610432538650805,51.69122364272316],[11.618330913950814,51.694541135334134],[11.62208710922731,51.69068181148507],[11.626572973261554,51.68988892452461],[11.629325250472382,51.690684911079515],[11.62672980217701,51.69469600876079],[11.634725353803136,51.694286322897476],[11.634709653821554,51.700566176779205],[11.629422521358887,51.703405851323645],[11.630682215691355,51.70398762740296],[11.635280693673389,51.70082161448447],[11.640213609686889,51.70063922571362],[11.640789566904136,51.70398958665124],[11.643654128704515,51.70515058661429],[11.652630855060877,51.6998261388588],[11.660462708751304,51.70320157696477],[11.664471230759696,51.70113877621107],[11.657068332287315,51.697759682825236],[11.660214677784538,51.6963509967019],[11.643093045178684,51.69028077027865],[11.654048349393756,51.67911516169498],[11.654046545805995,51.67598265475597],[11.6614535002232,51.67514837562462],[11.661285939983626,51.67872304050377],[11.670038368590562,51.680073143975015],[11.670742246700113,51.67694655188949],[11.672681375069311,51.67724826562616],[11.673322285764687,51.67623496748588],[11.67872960515868,51.678106230305936],[11.685045262610005,51.67844346494437],[11.6860601528721,51.68155723983553],[11.690477004432198,51.68104913126147],[11.690788161983098,51.682785432760646],[11.69373027583729,51.68293572021389],[11.696558088655955,51.67927225512027],[11.710862584366728,51.6772912170811],[11.708663761289861,51.6724011859138],[11.710587052104682,51.67180568379757],[11.710123269239057,51.67033624231059],[11.705007864344177,51.66890698301217],[11.710051495668075,51.657294876210116],[11.717343535000206,51.65838578427806],[11.719165302006301,51.6548835059367],[11.723957670256883,51.65612960237768],[11.722691456828231,51.658005163438084],[11.728714356531185,51.66357507163311],[11.725922854439593,51.66522357593138],[11.733729872879227,51.66982999621201],[11.731918717941106,51.67296196447567],[11.73369852575018,51.67510277319525],[11.732729136585018,51.67618356628384],[11.726045940061933,51.67466951325378],[11.72410585386722,51.67517546764908],[11.723160065183395,51.677146670401164],[11.725142183637429,51.68036518782768],[11.714622924435051,51.68319086940167],[11.708121838515748,51.69131899743881],[11.702010218254205,51.69287479529065],[11.692725368873866,51.69268085858063],[11.689711765906539,51.696481031054965],[11.693470236076177,51.69958816178495],[11.693151881158803,51.70206710424428],[11.690637004544643,51.70259234313645],[11.688707478390873,51.699112394105825],[11.686016135403284,51.698569493907335],[11.676217406854015,51.70657580688743],[11.669167424221373,51.71515693879578],[11.669582508265082,51.718922621127554],[11.67497174441528,51.723796113697574],[11.685932596991409,51.723798327122516],[11.691717695007892,51.7278699074114],[11.696823076542797,51.72642385483511],[11.703470501724194,51.73072907304064],[11.713186027619392,51.72938831710536],[11.715008803078048,51.734183096565665],[11.711127748991144,51.7348166665747],[11.708079062887782,51.732958413895915],[11.703876018918452,51.73292024764892],[11.70623658299254,51.73671100047914],[11.70328325468735,51.73901731331268],[11.69434529815941,51.739701599996785],[11.6938529573757,51.742486659264074],[11.697465612325491,51.744294586722965],[11.701703500098052,51.7434149353986],[11.70425179011331,51.73947531729512],[11.710017934187153,51.73886771781967],[11.71908262504472,51.74077211197536],[11.719737390851014,51.7435814685621],[11.730159345315014,51.7447062842002],[11.74063694652847,51.740470086032445],[11.743043079933727,51.73857031774425],[11.739840214432773,51.737818326584616],[11.743769152864656,51.73144496427099],[11.738202994741073,51.73187347643536],[11.737020814698845,51.7369062588207],[11.734243588329726,51.736448487583495],[11.738602972239773,51.72754746823037],[11.74482908885131,51.72743519718687],[11.744885007879265,51.72526833701885],[11.742776082724559,51.72524288384627],[11.742952981569701,51.72188449362026],[11.745215021767757,51.72190833152702],[11.745139004711056,51.723337444260316],[11.758705822799348,51.72326538640472],[11.75880449954553,51.72545442363037],[11.772770859719046,51.723922235754294],[11.770203517400518,51.7258932219788],[11.775228856719389,51.72789957504314],[11.77976144085009,51.726443807671316],[11.781191597699621,51.72973362715563],[11.783987128260604,51.72949275469471],[11.78357530827863,51.727116681598936],[11.78682862734233,51.72693853269417],[11.786634433567077,51.72548851202333],[11.798345472098916,51.72459822893594],[11.793491524237885,51.72262854889394],[11.793450295725277,51.719819949679604],[11.82301006487373,51.717493578259756],[11.824827726691073,51.7273049906038],[11.827937929906662,51.73143613243199],[11.821988134716754,51.739892655537865],[11.834245750226016,51.742454760116225],[11.838421943043608,51.74499887902189],[11.854319645909925,51.74247883124808],[11.856941239833791,51.7316968944937],[11.856060183441864,51.718725992744616],[11.858781949583252,51.71838231328632]]]}},{"type":"Feature","id":"15089235","properties":{"ags8":"15089235","county_ags5":"15089","state_code":"15","name_de":"Nienburg (Saale)","valid_at":"2026-01-01","source":"BKG_VG250_2026","part_count":1,"simplified_tolerance_m":80},"geometry":{"type":"MultiPolygon","coordinates":[[[[11.814096472281577,51.87264045492828],[11.815740868876043,51.87631192131539],[11.82721446416158,51.871842929809844],[11.829547280439835,51.869843597716326],[11.828280317734878,51.86814901228355],[11.830351895056515,51.867670275388],[11.828892854096464,51.85929625990561],[11.861646783750903,51.83493259650533],[11.861269073342859,51.83386570712511],[11.8748652304637,51.82538368809716],[11.87330801657462,51.82195544767609],[11.882640869870054,51.8193202975246],[11.880954713439353,51.8105796078027],[11.877763223127582,51.81045008681546],[11.872759036665983,51.80332257633758],[11.868331170749451,51.80472333580779],[11.863330579988077,51.795234847997804],[11.855443471068805,51.79984188590189],[11.855372940533213,51.79893397176999],[11.847276375763538,51.79944910895838],[11.846703919587807,51.79775513824041],[11.842000587104815,51.79818634468502],[11.838557716337231,51.79410454024558],[11.833535661765367,51.7970222380566],[11.828231176882182,51.79775110988024],[11.826583706394203,51.78750021771924],[11.819655073902807,51.78820735065475],[11.820209818223738,51.78982966483251],[11.812798219446965,51.79191833443071],[11.812502132462754,51.79725692310628],[11.809745705736452,51.797782244181306],[11.809533871259342,51.8005107141804],[11.788132894228397,51.80156114252718],[11.780977481496436,51.80369268624853],[11.783513460336682,51.81747571836619],[11.788120644200761,51.82125851105253],[11.788450294380045,51.824187955955075],[11.77692816610695,51.821317552215326],[11.76996563145059,51.82096380432352],[11.76967193421839,51.81618515121679],[11.765524708282967,51.81634642770474],[11.761233106738022,51.818110554222194],[11.760110580034164,51.81301308612577],[11.756603918480629,51.81119353214803],[11.745071274736004,51.81635593368978],[11.742671964741945,51.814608695583175],[11.732057464551946,51.8155561293351],[11.734383612493097,51.82586938591848],[11.730815460898933,51.82761585894611],[11.732058453741656,51.83384678202885],[11.724197268714606,51.83312741698966],[11.715330911198425,51.83499991919856],[11.707969422180769,51.83942952484246],[11.70606285631666,51.842021992065646],[11.701315572623686,51.842106121062145],[11.699655561051182,51.847345323628744],[11.691230949229618,51.84192885920295],[11.68219852800936,51.831924819913176],[11.671824914115271,51.83566238921456],[11.665648520766045,51.82697839309683],[11.664000408942846,51.8266886830437],[11.659015515691397,51.830498110415114],[11.658628045701732,51.832391204288044],[11.660586553289056,51.83231808623237],[11.667389156587507,51.8410771393209],[11.66936806173539,51.85422880148339],[11.664708397750504,51.85494935201758],[11.665342319996562,51.857579148678916],[11.676207039339713,51.854080276844215],[11.691024177518985,51.854571328628126],[11.69445404176257,51.85626146000458],[11.691181555642638,51.856144172029616],[11.689376546793877,51.85738206149725],[11.690784099915353,51.861501186946334],[11.68614391481714,51.863270639723176],[11.68453030548024,51.85950143260234],[11.677017927748437,51.8618797112088],[11.678992220210839,51.86713786832578],[11.6756488300274,51.869027749793766],[11.685651337371382,51.87299889608721],[11.686054760619148,51.87613628945615],[11.689980717191355,51.86908412250534],[11.694007874022429,51.87138156871586],[11.718232663645548,51.87182089335324],[11.71818186635521,51.86992311066349],[11.724969290557699,51.86885466440795],[11.724832248648658,51.867542556292456],[11.733342123712873,51.8673105390785],[11.760823289670478,51.86310835609108],[11.764578029275283,51.86331134536092],[11.765363737665567,51.86857510893738],[11.770138440795142,51.87718806075978],[11.777554272725078,51.88002308474647],[11.786070541417798,51.88081329352894],[11.814096472281577,51.87264045492828]]],[[[11.884637155765017,51.863258699566245],[11.88754168390156,51.86415149701787],[11.88708806281304,51.861664601643334],[11.883197263156772,51.86130511838688],[11.881726233865963,51.86406635459349],[11.883540390838373,51.86494494008315],[11.884637155765017,51.863258699566245]]]]}},{"type":"Feature","id":"15089245","properties":{"ags8":"15089245","county_ags5":"15089","state_code":"15","name_de":"Plötzkau","valid_at":"2026-01-01","source":"BKG_VG250_2026","part_count":1,"simplified_tolerance_m":80},"geometry":{"type":"Polygon","coordinates":[[[11.630129611411443,51.76772772079978],[11.651540107272268,51.76224907723695],[11.657107964533283,51.76626144480356],[11.658020449842198,51.76564973702711],[11.660227395484998,51.766905712201364],[11.668502094507954,51.76048155383276],[11.675815151753742,51.76464677654637],[11.690317847102317,51.76364726146568],[11.692113425084038,51.765221678009866],[11.698513579691458,51.760469671648465],[11.709227100473106,51.75879532634275],[11.710878439894874,51.756556188024874],[11.709932991355217,51.75370478258835],[11.703246077186408,51.75245032481775],[11.702812589501397,51.75085325111624],[11.712355487869225,51.748308759905406],[11.711219697781317,51.74428968341327],[11.70529183547985,51.74154306570189],[11.700719361142827,51.74401872392623],[11.697465612325491,51.744294586722965],[11.69348052697904,51.74154572084426],[11.69434529815941,51.739701599996785],[11.702250081574817,51.73940568462452],[11.70623658299254,51.73671100047914],[11.703876018918452,51.73292024764892],[11.708079062887782,51.732958413895915],[11.711127748991144,51.7348166665747],[11.715008803078048,51.734183096565665],[11.713186027619392,51.72938831710536],[11.703470501724194,51.73072907304064],[11.700482409375386,51.72949981067294],[11.699848412412218,51.72742790224257],[11.696823076542797,51.72642385483511],[11.691717695007892,51.7278699074114],[11.686736645039103,51.724078177182925],[11.682911033826931,51.72347767060552],[11.677735931362662,51.72396860700495],[11.670036716190758,51.72930075773561],[11.661478767271563,51.73062661114546],[11.65083588486145,51.73030767503113],[11.623531459409893,51.73235131686115],[11.600065766698796,51.73143803738936],[11.599801002755457,51.73307793607679],[11.605813666932674,51.7342545159703],[11.604232685783778,51.73718427039588],[11.614379352601775,51.73847109186139],[11.618323136582928,51.755628152068866],[11.627416081263098,51.755732402048274],[11.630129611411443,51.76772772079978]]]}},{"type":"Feature","id":"15089305","properties":{"ags8":"15089305","county_ags5":"15089","state_code":"15","name_de":"Schönebeck (Elbe)","valid_at":"2026-01-01","source":"BKG_VG250_2026","part_count":1,"simplified_tolerance_m":80},"geometry":{"type":"MultiPolygon","coordinates":[[[[11.765943011842365,52.0688801095221],[11.77361321946329,52.06729083637348],[11.776163872993845,52.0701282508554],[11.780943017953367,52.067582559636236],[11.801048662613013,52.06857809789581],[11.811261279312316,52.06514153605832],[11.814798476159982,52.06250786108852],[11.834083450169944,52.063148373249454],[11.84465922882025,52.05882853179274],[11.853683386144004,52.05183510912533],[11.849364999416526,52.049904860090116],[11.847907836754617,52.04310211836534],[11.84235069815051,52.0427699046944],[11.83719196894139,52.044140638302565],[11.838628041848558,52.04158732743734],[11.836888286877647,52.03750451853496],[11.841141722408757,52.03532460692079],[11.848189648167477,52.03442643592286],[11.850349050684372,52.029058133990276],[11.861785081791654,52.02570729792683],[11.854719481675769,52.02205429891918],[11.847123718478692,52.01180348571804],[11.840350616698705,52.00905498621833],[11.830826934873746,52.00891884658984],[11.818254599862982,52.011226756258054],[11.808680465995218,52.01491286075633],[11.803877839461062,52.018770968276826],[11.799793188716086,52.01616167117997],[11.795826270885097,52.0166367009934],[11.793497006698146,52.011651047127],[11.79532409507436,52.010794536499624],[11.794478421199642,52.00858632669092],[11.789707409201363,52.005115097531544],[11.782101796489812,51.9947429429663],[11.780799781938976,51.995192531587996],[11.778001575012711,51.99167594520439],[11.7870945235191,51.98895954582455],[11.780556281029273,51.981886874958676],[11.777402438099235,51.98423283315761],[11.773832805404421,51.98060053604608],[11.775548059103938,51.9799434261045],[11.774558779412793,51.97895541677928],[11.771671439877318,51.98041672274303],[11.770452947934439,51.97904428212008],[11.767633790782106,51.980071531677694],[11.76560759462021,51.977812305636675],[11.76845207908965,51.97625873194018],[11.767671184357484,51.975421385219306],[11.762009031104885,51.97663308381559],[11.761215812350336,51.9749201316949],[11.75430190630845,51.97577867791074],[11.744646568040888,51.97884005015181],[11.737650296318407,51.978024729282616],[11.734345090832628,51.98249113660105],[11.733386703082433,51.97889425383803],[11.726540007686577,51.97783144655393],[11.726104695888603,51.98277817535977],[11.711016672968148,51.98424254054962],[11.711245162341324,51.98589189718713],[11.696024398730472,51.98587488373008],[11.687504546057667,51.988124410259445],[11.68404159890625,51.9897536060026],[11.686948306152482,51.99154720092354],[11.675408975618828,51.99874159244285],[11.675018319831066,52.00179440001966],[11.67831751716736,52.00186892185605],[11.678301392014943,52.003475740028414],[11.680731347723286,52.00348738306657],[11.676252293676304,52.01589993198599],[11.685831714504422,52.01932771751136],[11.682289683761192,52.0255276739963],[11.67548510420527,52.024999927406505],[11.669631239674512,52.03016781346334],[11.667610952179068,52.02873926069989],[11.659605354029088,52.0344469607587],[11.663460173083067,52.03481246457999],[11.662043249408159,52.035607876364224],[11.664637450652208,52.03583041654544],[11.66358628912156,52.037643869194255],[11.674494689539333,52.04038361352979],[11.674533612983462,52.04188615082381],[11.680290247878252,52.04273105631794],[11.680163618374,52.04389157496915],[11.694636912580147,52.0499740419611],[11.708517852882547,52.04184632623494],[11.71335384348312,52.04481519368796],[11.72189326114976,52.03955724378807],[11.726225854500925,52.039557741282486],[11.733519186704036,52.042217322198226],[11.732796472633105,52.04462412514587],[11.741662814065853,52.04712563432145],[11.733511927594007,52.050529783892934],[11.73243305777582,52.0543192853019],[11.736316551772292,52.05545757461623],[11.742511794024221,52.05308120081252],[11.745799048392689,52.05322682836635],[11.74817132916664,52.0556489593629],[11.749063891198258,52.06208979890931],[11.75695284494954,52.064993624073566],[11.756631191672549,52.06760587001105],[11.749489548493353,52.07276363996789],[11.753587502574355,52.07366523610103],[11.762358385752902,52.07307152158256],[11.765943011842365,52.0688801095221]]],[[[11.748724385185833,52.093201512496904],[11.760176633820492,52.08486783083328],[11.7599723607701,52.08277392049849],[11.762405379487122,52.08048121312276],[11.760055146745083,52.07863971405832],[11.766402002069754,52.079048565107016],[11.765694338652118,52.07695591468026],[11.761772243149583,52.07609785057938],[11.74761827826376,52.08025740379317],[11.74552881076057,52.081540732599336],[11.750175731986765,52.083875505200474],[11.748864318948078,52.08621864656609],[11.742577630285387,52.08369397581978],[11.739375577633055,52.08538928997496],[11.737307844812849,52.09031391362553],[11.748724385185833,52.093201512496904]]]]}},{"type":"Feature","id":"15089307","properties":{"ags8":"15089307","county_ags5":"15089","state_code":"15","name_de":"Seeland","valid_at":"2026-01-01","source":"BKG_VG250_2026","part_count":1,"simplified_tolerance_m":80},"geometry":{"type":"Polygon","coordinates":[[[11.350047002949124,51.876887726434816],[11.351532807867807,51.869974469707195],[11.368655446807788,51.870612148943266],[11.366605899403602,51.86596188465471],[11.37322811024467,51.86243824410738],[11.378421934016462,51.862637962702834],[11.377055651629913,51.8573595871356],[11.384076342336172,51.850803290133726],[11.381544316562879,51.846072130705444],[11.388026658260921,51.84480033201591],[11.38588609452068,51.84078602234737],[11.393320633275955,51.83923692782936],[11.39075616640574,51.83509094244513],[11.396050911396285,51.83480818636313],[11.397391610825965,51.83357456526536],[11.39505603930385,51.82851830905344],[11.388713455050327,51.831615711767],[11.387648809271,51.82914071298148],[11.382874461641391,51.830021977663534],[11.377820676603736,51.825453388689596],[11.37813579696804,51.818451958529195],[11.37609841223001,51.814409696493136],[11.39011016443582,51.810949761325716],[11.37941690940754,51.80209617287485],[11.390286976477464,51.79918697219856],[11.389561675132496,51.797430998112645],[11.386738828697862,51.7965628714101],[11.38930534280719,51.794249576218924],[11.397345039603026,51.789136516079786],[11.413710223115283,51.78169213939677],[11.399499010061305,51.76944654598655],[11.376559297659162,51.77464705682314],[11.346655435137038,51.77867291521351],[11.34264031705624,51.77226858963153],[11.33668777063121,51.774060277604754],[11.334037622827756,51.76992366706128],[11.333972791204037,51.766377480385266],[11.33080493747764,51.763834438276895],[11.330109143644373,51.76065459148765],[11.326029013689718,51.75790321981252],[11.316293293876758,51.75824058817048],[11.312326263613139,51.75978204564538],[11.304440986771658,51.75858254887112],[11.297321648593728,51.759332388465666],[11.297949094099941,51.761521821346136],[11.288700247832592,51.766558860868415],[11.284027870297159,51.76701831654617],[11.277157428669089,51.770831649196836],[11.278026347058596,51.77210048190824],[11.271126306407355,51.78509394774439],[11.273567183115516,51.79475524231714],[11.265606632380731,51.79588645207275],[11.253692790923113,51.79956426846587],[11.242148901842825,51.809091497410805],[11.256080421740329,51.813741979865945],[11.254010312277444,51.81931901114056],[11.261169593571768,51.8287541332401],[11.263647159662144,51.82759570974999],[11.266914566851318,51.83457248345394],[11.274715357669605,51.83244163781985],[11.277578379017337,51.82979953426878],[11.279115434223256,51.83246680936591],[11.28654180055666,51.82923693336324],[11.288985368541844,51.83056639495935],[11.293417043841888,51.82917962335561],[11.294434010623743,51.830991637656766],[11.29652828663795,51.830774371480054],[11.30326555045122,51.83594166449286],[11.308635453953578,51.83542915314273],[11.309449734057338,51.83816743224762],[11.318476354962131,51.837157910742135],[11.320267364020552,51.8483441442061],[11.323279313916943,51.84913257228404],[11.326609381102402,51.84685419325082],[11.33441775540284,51.84665077784956],[11.338494009365808,51.853239056292004],[11.334390458582968,51.85564822351285],[11.331175494443874,51.85219564713529],[11.327184399664668,51.85465134644955],[11.331129940749632,51.858122716436434],[11.329810763411261,51.859831219847635],[11.336351106161814,51.86194201159977],[11.33780924898589,51.86388351130535],[11.33754420136331,51.8661941885969],[11.334425585239693,51.86595431723421],[11.332478831083751,51.86882423134963],[11.336483216441389,51.871223911504764],[11.332225500552518,51.87515132498327],[11.337112511871142,51.87617030763906],[11.337313513935838,51.874361169577334],[11.339152431155,51.873988351483376],[11.341478055010763,51.87557319488943],[11.350047002949124,51.876887726434816]]]}},{"type":"Feature","id":"15089310","properties":{"ags8":"15089310","county_ags5":"15089","state_code":"15","name_de":"Staßfurt","valid_at":"2026-01-01","source":"BKG_VG250_2026","part_count":1,"simplified_tolerance_m":80},"geometry":{"type":"Polygon","coordinates":[[[11.607063880824679,51.9560674188392],[11.607235429823389,51.952327854981284],[11.619498484146702,51.953130026892794],[11.618541718231544,51.948568942480854],[11.6307001968312,51.94632190507613],[11.630138913120486,51.94365534666529],[11.627832493594815,51.94344029149949],[11.622832060322878,51.931309667091156],[11.642433786567226,51.92953862837277],[11.641762296066867,51.927331408235126],[11.651635357832426,51.92647451475796],[11.66093541896049,51.92042769616997],[11.66411674419742,51.926757641138074],[11.670525132255147,51.925933038814804],[11.672950187324822,51.93188370771744],[11.691179839054994,51.93159838747515],[11.700937515996591,51.930200012491056],[11.701189545957908,51.91351138580714],[11.70741041491434,51.913666639223585],[11.709294601226613,51.91066963413638],[11.725981505728198,51.90697205271786],[11.7244663419379,51.905260324766246],[11.743194053591177,51.90344653160673],[11.743925342004873,51.90146861554666],[11.735640540953744,51.901653999005816],[11.729078225757444,51.88216332559835],[11.71964780065309,51.876358696451305],[11.716303766183739,51.876869808236314],[11.71334744725458,51.87175394196502],[11.694007874022429,51.87138156871586],[11.689980717191355,51.86908412250534],[11.686054760619148,51.87613628945615],[11.685651337371382,51.87299889608721],[11.6756488300274,51.869027749793766],[11.678992220210839,51.86713786832578],[11.677017927748437,51.8618797112088],[11.68453030548024,51.85950143260234],[11.68614391481714,51.863270639723176],[11.690784099915353,51.861501186946334],[11.689376546793877,51.85738206149725],[11.691181555642638,51.856144172029616],[11.69445404176257,51.85626146000458],[11.691024177518985,51.854571328628126],[11.676207039339713,51.854080276844215],[11.665342319996562,51.857579148678916],[11.664708397750504,51.85494935201758],[11.66936806173539,51.85422880148339],[11.667389156587507,51.8410771393209],[11.660586553289056,51.83231808623237],[11.658628045701732,51.832391204288044],[11.659015515691397,51.830498110415114],[11.664000408942846,51.8266886830437],[11.651715069643522,51.82431647279704],[11.651140167392722,51.820525431839634],[11.641065375839327,51.82111757705945],[11.643702556148213,51.81166360514839],[11.64051731554983,51.81198217032059],[11.639957225087674,51.80990030921572],[11.62877125718315,51.81183362298791],[11.627822994299242,51.81046614439237],[11.611120199942128,51.81356570145158],[11.605496260849746,51.81688403728163],[11.604935149122355,51.82199674300769],[11.603146541948824,51.824274733039715],[11.601911250121887,51.824024371880185],[11.601892883315863,51.82935091160178],[11.595262374373094,51.828962465832696],[11.59569857519316,51.82174315229968],[11.594159414055751,51.82114446244608],[11.59365148470301,51.822386933668476],[11.58735898817225,51.82268280557742],[11.578363591558325,51.81127697592576],[11.57213883712074,51.810739625854694],[11.57152462602018,51.80498733267083],[11.551758508229334,51.8062258664316],[11.549127909693174,51.798494088519],[11.53419463782654,51.79900193565222],[11.528287490491019,51.79752988131346],[11.529064580835378,51.79964165260623],[11.512812181484742,51.801895635444545],[11.51381543196594,51.805899521325415],[11.508497354674661,51.80625973915395],[11.511397674794974,51.81008555486587],[11.514670637926688,51.80911296668289],[11.522636162009974,51.82129781960187],[11.527403435813198,51.82025802015974],[11.5300639466386,51.8242833807839],[11.5494461056918,51.82618273580337],[11.554681646543951,51.83417025723156],[11.57292504432225,51.841689225929215],[11.570203410456172,51.84395729963634],[11.568773749339524,51.843634435401604],[11.556370806136188,51.84931427956474],[11.555138425763472,51.85284401134958],[11.552464998847256,51.85348838081475],[11.564215818201582,51.85276268219462],[11.562777224194862,51.85441806807467],[11.553966525559634,51.855983169909635],[11.554735247296456,51.85772250930432],[11.553077726949587,51.8595544997906],[11.542762446402532,51.864026778825774],[11.539505609922168,51.86776184034599],[11.532459946349432,51.87043224223388],[11.530361986703749,51.876621949363475],[11.533008902307753,51.879891617110744],[11.529184435856784,51.87982585141014],[11.525650695686906,51.88233939277026],[11.522870159131378,51.87957451125153],[11.519194719386654,51.87902134084921],[11.503622372997652,51.8858224907466],[11.50648558618441,51.88832134910655],[11.499037117546727,51.89109460239259],[11.4997387467622,51.89419855054849],[11.495869901289183,51.89602098393764],[11.495324971247365,51.9028478013873],[11.498832648687321,51.9049594678577],[11.50479950123747,51.90579080484781],[11.507324345472686,51.904869816391496],[11.508662579876102,51.906189904426334],[11.502225885312972,51.90912312395084],[11.502243710557712,51.911911784343566],[11.505207798386586,51.91176081269695],[11.505383848128293,51.912811828234894],[11.522568178726772,51.912062566383945],[11.526567788699598,51.91332354945909],[11.527964930798518,51.91142227521022],[11.531379069980172,51.911878499868735],[11.532220481962597,51.90985604551809],[11.541362180794234,51.91033152200234],[11.543283043358938,51.90766335095991],[11.569598573730978,51.90596308407585],[11.570224404546904,51.90721693230148],[11.563599170821671,51.908349448785806],[11.564158392627164,51.910867528834174],[11.569796056049714,51.91064837282288],[11.569269249882446,51.92362748964008],[11.568595694707676,51.92749331319097],[11.566948898778726,51.92786513711633],[11.570277798573171,51.93235196830757],[11.580082498660019,51.93034713955431],[11.590285673884576,51.94429632767901],[11.59267193188229,51.94422682991582],[11.597518497919069,51.95093280624748],[11.606102629960082,51.95326668712443],[11.607063880824679,51.9560674188392]]]}},{"type":"Feature","id":"15089365","properties":{"ags8":"15089365","county_ags5":"15089","state_code":"15","name_de":"Wolmirsleben","valid_at":"2026-01-01","source":"BKG_VG250_2026","part_count":1,"simplified_tolerance_m":80},"geometry":{"type":"Polygon","coordinates":[[[11.508839329672316,51.96267484778331],[11.516769941728217,51.96240944982786],[11.516788465766615,51.96323692355864],[11.520537428041512,51.96351969758975],[11.520763722785025,51.96257317644125],[11.51795106755864,51.95988047148603],[11.518624492612233,51.954845932753656],[11.511061203664951,51.93950020507467],[11.512739648613309,51.939054115838935],[11.500428927554392,51.93897968453395],[11.496677304138386,51.93259250093762],[11.473319166494337,51.93537995953619],[11.470385342398998,51.93405753191561],[11.467265172471025,51.934746572927956],[11.463517734867331,51.936236964964145],[11.462539737625054,51.93835539382923],[11.466512023708285,51.940356281921595],[11.464539980625842,51.94276522126583],[11.44609609949636,51.93919799372886],[11.45071760105253,51.94234572235929],[11.447175058872974,51.94697091128537],[11.453125513787898,51.95235694159654],[11.455597380441882,51.957743669106286],[11.456861677963785,51.95762555938832],[11.462985787048927,51.97016966095729],[11.474570452650651,51.97666844649544],[11.473586769888776,51.98069132512473],[11.47526347611926,51.98207668041278],[11.481532809060077,51.981452730140106],[11.481978221187408,51.9784714218153],[11.493257917921927,51.9760119334139],[11.491402747515847,51.97243802604075],[11.505692438928332,51.968530869035604],[11.505290940539806,51.96749972492856],[11.509577284988392,51.96639292670907],[11.508839329672316,51.96267484778331]]]}},{"type":"Feature","id":"15090003","properties":{"ags8":"15090003","county_ags5":"15090","state_code":"15","name_de":"Aland","valid_at":"2026-01-01","source":"BKG_VG250_2026","part_count":1,"simplified_tolerance_m":80},"geometry":{"type":"Polygon","coordinates":[[[11.626327035644367,53.01264736895127],[11.633267078589306,53.007892335836],[11.643315486291536,53.005649680303236],[11.652376729723718,53.00582872952794],[11.669791893061445,53.009706886372],[11.675604917187913,53.00879457624826],[11.680524647142272,53.00586140497412],[11.684057759485881,52.999740238543886],[11.682693153640027,52.98768751287255],[11.684097534896214,52.984482034072315],[11.687600680039344,52.98066267214636],[11.692852016269157,52.97817476033557],[11.700701227511564,52.97758514441376],[11.704946407680241,52.97867611357442],[11.70543807717412,52.972098678000464],[11.707271714119498,52.97106450631038],[11.704421795581242,52.964286345105904],[11.70185604096518,52.964669540296],[11.700778014263182,52.959503003344516],[11.696384988439945,52.95451111739028],[11.697615658823363,52.949355969907984],[11.693079289414236,52.948950948874604],[11.704847132731725,52.94539133841339],[11.708192037454808,52.94249891222495],[11.715679578851159,52.94089580778868],[11.712334868744268,52.938184004642096],[11.713707230719505,52.9365288180058],[11.72118570444532,52.93570461343824],[11.728811907608748,52.9402130318685],[11.73570081045556,52.93907037657924],[11.739164534894364,52.93603731497237],[11.743893194590392,52.93589915558833],[11.753421553627247,52.92495752297078],[11.751476894379884,52.921416855642974],[11.753025138442597,52.919108324194035],[11.752158305126374,52.91558435901375],[11.747662353843774,52.9143166603322],[11.745350669907925,52.910384007835155],[11.741175206500067,52.90999509135888],[11.741620612169369,52.904661541280824],[11.736351487051497,52.90446299429665],[11.734695047568426,52.901491717009826],[11.723297801497711,52.901364375373845],[11.71937625739717,52.89706822792446],[11.7148577840526,52.89753040793221],[11.70547059227372,52.902659365355255],[11.698604039913791,52.903473237398806],[11.694313592922322,52.90705890766976],[11.689086550502253,52.90379880132041],[11.668179915464732,52.911806121452535],[11.666620473100187,52.90906068562694],[11.660463215568498,52.91077403760403],[11.659651125883586,52.91292053417505],[11.662566923135365,52.917848249741226],[11.657545995603757,52.91926283793143],[11.656447466451144,52.91763683811403],[11.646589863464726,52.921866222718144],[11.642049598060648,52.92581120421336],[11.639075268233958,52.930667433461274],[11.640520356881455,52.93297577032059],[11.636260035596994,52.937374344331346],[11.629052448286924,52.93953639950189],[11.633254493630538,52.94615088693278],[11.630483722561829,52.94840648007564],[11.62249502588417,52.94978413583538],[11.617536532006513,52.95268895683685],[11.613339103455678,52.94856449624187],[11.60888544495559,52.95203078897264],[11.592335909946803,52.955255377661224],[11.60248874424781,52.957618439064554],[11.604429301910775,52.959614862385855],[11.59893563862421,52.960842403635525],[11.60728396545456,52.97079182402463],[11.60328096265379,52.97392106641445],[11.595528817010699,52.976652374955904],[11.59298551757165,52.973177726463774],[11.58930604195171,52.973759140661265],[11.588912134380918,52.975309112944466],[11.584836113034601,52.976739084700256],[11.577212235130837,52.976842709523666],[11.576126628648153,52.97507209600972],[11.569839105173491,52.97684475449389],[11.56491735775417,52.9765821912108],[11.563114348984433,52.98028421687247],[11.558386729726946,52.98005565666192],[11.564800412295536,52.99964476089209],[11.55879908576098,52.998333227187366],[11.557620198241132,52.996516532993354],[11.555311140329492,52.99690764628862],[11.560443866782798,53.00379970678737],[11.55209003030431,53.004728471007134],[11.559249505087413,53.01308032529199],[11.563745870204729,53.01284337933813],[11.569130866966775,53.018550309809534],[11.596424028668125,53.032782902050755],[11.597784506991074,53.035926368688415],[11.62300504904972,53.04176544691564],[11.630681975839048,53.04155068423465],[11.637580757624354,53.03949961455896],[11.641860024732377,53.03537786731431],[11.641082114228599,53.03239124608373],[11.625949054926528,53.02012985798919],[11.626327035644367,53.01264736895127]]]}},{"type":"Feature","id":"15090007","properties":{"ags8":"15090007","county_ags5":"15090","state_code":"15","name_de":"Altmärkische Höhe","valid_at":"2026-01-01","source":"BKG_VG250_2026","part_count":1,"simplified_tolerance_m":80},"geometry":{"type":"Polygon","coordinates":[[[11.651997977347966,52.890451038035195],[11.659872128986725,52.8892627835513],[11.679177276156183,52.89239498140825],[11.710919063168898,52.875466100220436],[11.709178408503854,52.87430550056495],[11.715231693672342,52.87205279216833],[11.71193541699345,52.87084857898402],[11.71171039669578,52.86547403200081],[11.714841663499024,52.86480071371467],[11.723003229247652,52.86665566666937],[11.720526127171992,52.8453638014083],[11.717331413159288,52.845305948749925],[11.715264516223591,52.84358219298291],[11.720779802492594,52.84269960001776],[11.712656510559329,52.84052398890835],[11.700611070941632,52.83934883673968],[11.699311267676485,52.84622260156442],[11.678922555692772,52.84858031902009],[11.66957340514208,52.85285546278061],[11.665813906685509,52.851868589011566],[11.662984847117551,52.84172926483174],[11.660691896738028,52.84149942971909],[11.658929010444716,52.83196677717621],[11.66063355732408,52.82274263501268],[11.656706655801942,52.8201454445979],[11.655115787846029,52.80687923283175],[11.648873317455523,52.80417224810454],[11.63916577152776,52.80221769381782],[11.631855334776452,52.802467510376886],[11.631630950770274,52.799880841486726],[11.62285946390576,52.79917722137642],[11.622544007705967,52.79756230009116],[11.609926954154949,52.797358562732235],[11.608297947001107,52.79861652913075],[11.6037907934302,52.79857175017377],[11.600731643087304,52.7882406018842],[11.58714965460127,52.78781459382771],[11.585046899172283,52.79034667852109],[11.547664072191601,52.78518574554283],[11.543426786408233,52.77541266425828],[11.543873763086856,52.772161863259036],[11.541735643561202,52.77266583149273],[11.533731380140514,52.77020755163286],[11.527404242386147,52.76972181073179],[11.520581886404948,52.77091244857407],[11.510014520805472,52.76905631131575],[11.506400397413438,52.772298245508466],[11.508370282706839,52.78137168998629],[11.506175016253978,52.78146130010887],[11.50452686712549,52.786135224479544],[11.51356050112037,52.78690024424363],[11.522413550613054,52.790661601314014],[11.528785001871793,52.79533697034877],[11.540319458440123,52.798395341112375],[11.538411703416681,52.80183763510015],[11.530623182409832,52.81469956385192],[11.516093403873976,52.81467822393699],[11.50288265488606,52.81291714009513],[11.481008406239994,52.81462523421599],[11.478810137371184,52.815892845093586],[11.478683643114463,52.82541876681805],[11.475907986372842,52.8270390201735],[11.474705273367038,52.83245269752992],[11.469530178584229,52.83752047653166],[11.468816532156348,52.841572408486975],[11.478332146510308,52.84210754585308],[11.491060999336847,52.84021498365958],[11.512773901237225,52.84035052989082],[11.527547390040384,52.84220458618914],[11.535414078763234,52.85225342280391],[11.55383227676048,52.85113843587675],[11.572050049763726,52.84781958831483],[11.575590183509888,52.85213806035211],[11.584128137432097,52.85324006878037],[11.592738532156094,52.85666969126394],[11.606429102018287,52.854815961775195],[11.626070380390885,52.85596774610293],[11.630813487515734,52.858231647033016],[11.632135365838806,52.86075067967641],[11.62764438020354,52.87339200480669],[11.624351380337046,52.877514492050516],[11.614792427179035,52.88048295939985],[11.613327924307434,52.88220797776464],[11.616922698036708,52.884485842211824],[11.625614522924153,52.884918182271655],[11.635812917125667,52.895442405215945],[11.651997977347966,52.890451038035195]]]}},{"type":"Feature","id":"15090008","properties":{"ags8":"15090008","county_ags5":"15090","state_code":"15","name_de":"Altmärkische Wische","valid_at":"2026-01-01","source":"BKG_VG250_2026","part_count":1,"simplified_tolerance_m":80},"geometry":{"type":"Polygon","coordinates":[[[11.88066314725857,52.90374524731441],[11.886619519087981,52.897910391628066],[11.897335379672324,52.8933624422081],[11.932252961043387,52.89157894875064],[11.946650969298458,52.888502993685606],[11.955006907612628,52.884206306048235],[11.967320353737819,52.87404326339593],[11.964442306056467,52.87226296437663],[11.96473059138089,52.86941642538674],[11.962497822764057,52.86659271353454],[11.963392144731232,52.86235318581585],[11.960621230519097,52.863290365538134],[11.960620143275689,52.86020613656585],[11.95170012418366,52.863562099131556],[11.945626900715567,52.8408242835728],[11.928944417870664,52.836975113925675],[11.924743950306556,52.83573542107679],[11.924751259299887,52.83473603344966],[11.893109515507371,52.831195764184734],[11.860121259818735,52.83275686194223],[11.857390007784817,52.83132166580152],[11.83065655754815,52.83751663681045],[11.825214542057603,52.83528311447885],[11.818582345717724,52.83445609594989],[11.81428542349461,52.836777745676045],[11.809333514997535,52.836030936226045],[11.806100923469144,52.83770235239312],[11.802035116346453,52.83628028149817],[11.78893483423094,52.84641942205777],[11.785412424188182,52.84736496874793],[11.778082472931159,52.84710063190545],[11.774649434881225,52.853251369632936],[11.77539556045441,52.86245181802599],[11.773486857312983,52.86557372311787],[11.763334893454688,52.86388130901245],[11.757208728755003,52.869501917531366],[11.751345049189435,52.869715312696535],[11.767984952956711,52.87376903544813],[11.769328912337267,52.878161068686154],[11.775870722176416,52.87668082356634],[11.780328769631323,52.877173455123774],[11.7787534187983,52.87562543679543],[11.780769600597017,52.874417259558825],[11.779848140592993,52.87234981459442],[11.783775179636278,52.872479236139874],[11.78229201251878,52.885470321036394],[11.78044725015943,52.88560886270162],[11.779548011923488,52.891537569759095],[11.788528392273271,52.89193756841559],[11.788892723968228,52.88930716109963],[11.791347016321348,52.88930014605394],[11.793908208773312,52.87046414769975],[11.80403520931214,52.86988004921452],[11.810201860380523,52.86755723528018],[11.811231325308682,52.86820255311344],[11.815252958551149,52.866513525485495],[11.814720793399603,52.865098528988895],[11.824301723294107,52.86250363840165],[11.82896173788472,52.86431412880812],[11.832022542535096,52.860342028265755],[11.838208387401329,52.86051682960882],[11.842065211770896,52.86683344850688],[11.8396477161995,52.868845718750144],[11.85611881123837,52.89927212710549],[11.86127786092036,52.89875588102419],[11.86360132862288,52.90130156346392],[11.868875854048452,52.900666805881],[11.872540830499808,52.908592415353226],[11.88066314725857,52.90374524731441]]]}},{"type":"Feature","id":"15090010","properties":{"ags8":"15090010","county_ags5":"15090","state_code":"15","name_de":"Arneburg","valid_at":"2026-01-01","source":"BKG_VG250_2026","part_count":1,"simplified_tolerance_m":80},"geometry":{"type":"Polygon","coordinates":[[[12.0416838829251,52.73363480487073],[12.038790044219667,52.72614235569549],[12.028032072293003,52.715646506243054],[12.024627507505127,52.69661405068172],[12.014621788473661,52.680721091497986],[12.014378629976244,52.67201912594456],[12.01109923723746,52.66385783391583],[12.015039907775776,52.64365873806307],[11.981644440108676,52.64450565382109],[11.982683323364858,52.65584542208805],[11.97686094358743,52.65643832343215],[11.964690010314712,52.65512040874378],[11.967036988117476,52.65993956198755],[11.966426227428208,52.664767584470376],[11.955648074010613,52.66675949128252],[11.955767395371092,52.669060422890574],[11.95190196026665,52.66939637287902],[11.956723346725498,52.67569518371789],[11.955100756999226,52.677666320019114],[11.947945630859508,52.67786909751425],[11.948184824809736,52.67931419497343],[11.940765462175271,52.680050324946244],[11.934681933518153,52.68552771633248],[11.940156427572685,52.68778299084442],[11.939206609063627,52.689080359034676],[11.947459819117084,52.69530431287515],[11.96324684296731,52.695370386598995],[11.966693165476117,52.68963680924967],[11.97750128193661,52.68923933464227],[11.97657976404506,52.68643559917472],[11.982712945006007,52.68618632287572],[11.99218680911709,52.68888823131475],[11.985922464672086,52.69500900135557],[11.9939815388729,52.6969692961509],[12.00059089429398,52.716124648520335],[11.998523545778284,52.71542178516035],[11.994952735932426,52.72140044419427],[11.99459842615567,52.72779128246269],[11.997833444901632,52.73383890669922],[12.015436544137476,52.73861382080453],[12.015436305703439,52.73638385750458],[12.018634354286949,52.736450718690186],[12.018549292469903,52.7329135469079],[12.029147159331211,52.73332273349929],[12.0315203578933,52.741782405535105],[12.041309472310827,52.73982827444186],[12.0416838829251,52.73363480487073]]]}},{"type":"Feature","id":"15090070","properties":{"ags8":"15090070","county_ags5":"15090","state_code":"15","name_de":"Bismark (Altmark)","valid_at":"2026-01-01","source":"BKG_VG250_2026","part_count":1,"simplified_tolerance_m":80},"geometry":{"type":"Polygon","coordinates":[[[11.592006510670375,52.748735495458874],[11.604223308717788,52.747770495690936],[11.606220464934463,52.74577404479069],[11.609311099423342,52.73461313056185],[11.617241959168132,52.73513505626247],[11.63399560942794,52.74040412162739],[11.629827991360932,52.729531416241755],[11.636686828943295,52.72780360781216],[11.63571662133666,52.72227326337154],[11.640796183722445,52.71901701649625],[11.645731503015954,52.71834804789677],[11.64636228217478,52.71984385215843],[11.659075790940264,52.72124258198371],[11.657398379043842,52.72794916024058],[11.660784202765813,52.736252909469904],[11.672260820280863,52.73830960346262],[11.672847062376121,52.74088480358907],[11.676392838554788,52.74218132639509],[11.676903977728493,52.73347151213893],[11.6896606781175,52.72241176786265],[11.69633965384919,52.72183337909209],[11.689417139234147,52.717162398553036],[11.68984767707736,52.71442436723359],[11.69440754230631,52.71272479417426],[11.691149103095551,52.71014941577041],[11.695353679369793,52.70437011960147],[11.682522226425675,52.701177805792184],[11.675659619944199,52.69804321352013],[11.677455910950991,52.69093937308436],[11.683251340011658,52.691260541549944],[11.683940442192783,52.68878075284858],[11.686030704941912,52.6894707218027],[11.68572213165659,52.69122736239802],[11.695395468973214,52.68878503211357],[11.7018985280507,52.68900838391981],[11.70361441632589,52.68732763112693],[11.719530592021233,52.683247303218],[11.735698820220941,52.68597693829376],[11.759899500759408,52.67695213362832],[11.76453031934048,52.67275796845998],[11.766340836078838,52.66407858112625],[11.783668762512425,52.66122488189613],[11.782373324342315,52.65628332934757],[11.778211842467456,52.65296768385574],[11.779435721958937,52.646263988065265],[11.784629908524964,52.64892590805282],[11.785184527295431,52.643464954217414],[11.78782372872233,52.643724651118724],[11.787305700059898,52.64130683774431],[11.79454031037439,52.64131461785468],[11.786680516316661,52.63173962026969],[11.785367772400145,52.61846123559064],[11.781526697128216,52.611783884999866],[11.761356144604365,52.61742827904899],[11.745013491987187,52.61105059125884],[11.728742457725648,52.61274418987288],[11.723941186869395,52.611967455464175],[11.706332535879648,52.6132175553672],[11.706472359533906,52.60627951494099],[11.699544379661676,52.603533590489],[11.70199780396928,52.599183353791176],[11.69986287476122,52.5895711821202],[11.690330229779784,52.58959416630442],[11.67803855670736,52.58721623860063],[11.682553862821747,52.57006722527023],[11.684062188824026,52.57039508978423],[11.68431764340126,52.569421724552974],[11.673020647812141,52.56429482947958],[11.666690354229857,52.56436548492474],[11.653279293426838,52.56737206959533],[11.650163318316936,52.56845405292585],[11.647482433373549,52.57212194235127],[11.644287893287764,52.572458055106715],[11.644344397197353,52.574669913005295],[11.63998259944421,52.574972004765584],[11.640076408238958,52.57401781212373],[11.632576373519836,52.573971518459416],[11.630188370016569,52.57059438209851],[11.615894405652211,52.569171547660304],[11.608222362909244,52.56750652114924],[11.607812332084928,52.56584650022588],[11.589990608970227,52.561880833822194],[11.589071070822946,52.55440658749799],[11.594914595348504,52.55261794474517],[11.584896338684526,52.54652094814891],[11.580339182776688,52.54106682125241],[11.578178253907582,52.52849518562957],[11.571951110054572,52.528937441044974],[11.574190806777665,52.534403579056615],[11.571282296875482,52.54723621470132],[11.578979679115369,52.55689852548887],[11.580851000089002,52.56657667584939],[11.587539095917727,52.56545535741417],[11.590442651650944,52.570753243624424],[11.582641795472828,52.57099379592887],[11.589067562233549,52.585226958660165],[11.578493391450422,52.58696766727123],[11.577297708770358,52.58939933681019],[11.579628283421325,52.59183723958249],[11.58329614537338,52.590766148568406],[11.586638213613597,52.591771241171024],[11.587154567265529,52.59372727716167],[11.584485526696897,52.59710156925001],[11.581141274220984,52.59817655190506],[11.579316209391456,52.601502379903046],[11.581241380542286,52.60232152499883],[11.585948288530252,52.599410778771144],[11.589194963759251,52.60050464294152],[11.587580713627345,52.60097604909461],[11.587653884227054,52.6037449873637],[11.591054450178591,52.6037619013228],[11.591316730134675,52.604901670265356],[11.591028486106119,52.60590364571127],[11.588912041366775,52.605661007628804],[11.58801598351595,52.61669471623591],[11.563759548562588,52.613790151402384],[11.554670550781237,52.614301521267734],[11.550869004463884,52.61599837256966],[11.53819373785992,52.61734901571535],[11.535722758782494,52.617199359046275],[11.537233679273752,52.616089244042946],[11.53206496019493,52.61491945475393],[11.52470446882352,52.61480225799697],[11.5231440309723,52.61569680176749],[11.516764494907143,52.611937626431065],[11.509388482093552,52.6104526915798],[11.506676216750078,52.60809217477833],[11.492441278089853,52.60701391436764],[11.493206427221185,52.60345325958581],[11.486926239324175,52.60221986506917],[11.486691846179678,52.60687216988332],[11.47201173887934,52.60905959725909],[11.468859575282055,52.605388809787385],[11.464073893600785,52.60447454580296],[11.463352418352938,52.60618610801682],[11.45958757337055,52.60667552667661],[11.457191423157123,52.605021604649515],[11.450978720391001,52.6069266113138],[11.4522524792911,52.611447248912214],[11.447741423273222,52.61259785110693],[11.441207217194817,52.61239714212946],[11.441387963530344,52.615496135383694],[11.437795132837286,52.615666843462094],[11.43785203558323,52.61091243157671],[11.42069834026358,52.610810591419096],[11.418417644138744,52.61434051728233],[11.413710701197944,52.61681464723378],[11.415339678965895,52.61847738499771],[11.398322198230531,52.61984238951038],[11.398545840660974,52.62220045904856],[11.396533349085864,52.62235320534867],[11.404413744952466,52.62897585045486],[11.41543764320952,52.63455566470947],[11.417999415346095,52.639122490145795],[11.423466363051544,52.64257901208387],[11.42477278338398,52.642128380831046],[11.421076357325001,52.637075715120766],[11.436679248497386,52.63675795388878],[11.454922009311318,52.63824288342363],[11.456917719646514,52.63962997326782],[11.454739644193845,52.64424250142316],[11.460602778016257,52.64257735129428],[11.465175550095486,52.64398775047804],[11.466848834880674,52.64606363440872],[11.47122742841603,52.64644027650721],[11.474780171025298,52.64962109833387],[11.479730181863337,52.65122775659023],[11.490796222019979,52.65207961978487],[11.48302612127721,52.66932130980607],[11.480618683070919,52.67183312109577],[11.476780585692142,52.67169180838085],[11.47400982404013,52.673439330128836],[11.473822165075246,52.67529493025872],[11.478488285915708,52.680967576601155],[11.476737665823771,52.68141114858728],[11.473987035408667,52.68741009066505],[11.483532502003387,52.690989352784015],[11.48527245329241,52.68781361062717],[11.516610948426317,52.70338648151011],[11.523399985009366,52.71281636259346],[11.521773423758248,52.716795777584366],[11.523304349518005,52.72091937190463],[11.520302155222216,52.72563874465968],[11.522039195266158,52.73228745224677],[11.52100552240938,52.735020853022064],[11.523337300948986,52.73463248935938],[11.521703352124485,52.7383241486708],[11.52334430688291,52.743337001333565],[11.530464505440781,52.747530007000464],[11.539234664360425,52.748696038588385],[11.542935217039771,52.751685653355665],[11.550357921090132,52.75411240410526],[11.554833585904381,52.75660935198105],[11.557491632560186,52.76056976243185],[11.57102789720684,52.757600342692065],[11.571750917358365,52.7537632258272],[11.590896284092993,52.75120940845765],[11.592006510670375,52.748735495458874]]]}},{"type":"Feature","id":"15090135","properties":{"ags8":"15090135","county_ags5":"15090","state_code":"15","name_de":"Eichstedt (Altmark)","valid_at":"2026-01-01","source":"BKG_VG250_2026","part_count":1,"simplified_tolerance_m":80},"geometry":{"type":"Polygon","coordinates":[[[11.914527036336763,52.70802361528391],[11.9238718879511,52.707149618982974],[11.922174787473084,52.70075096944812],[11.918737634130782,52.6993407377028],[11.918811418585788,52.697469253134386],[11.935041482283276,52.69475099067135],[11.941524768672805,52.69487152710142],[11.94353033805689,52.691888773584324],[11.939206609063627,52.689080359034676],[11.940156427572685,52.68778299084442],[11.934681933518153,52.68552771633248],[11.935010707932937,52.68470541063224],[11.940765462175271,52.680050324946244],[11.948184824809736,52.67931419497343],[11.947945630859508,52.67786909751425],[11.955100756999226,52.677666320019114],[11.956723346725498,52.67569518371789],[11.954950749457382,52.67260473776532],[11.95190196026665,52.66939637287902],[11.938576347174964,52.669967635680116],[11.93178213022818,52.66800672382462],[11.913295056260871,52.65598123485765],[11.908525955691148,52.65437852903162],[11.90951654120235,52.678287024954614],[11.899307587772025,52.677371308348654],[11.89873025389111,52.671217470206365],[11.889772005407766,52.668595724222584],[11.884110918371139,52.66349839806888],[11.868739648157948,52.654239213557375],[11.866303987783754,52.650030824395834],[11.86809435516286,52.64862920186442],[11.862022816781645,52.64638280155279],[11.856330086175651,52.654181215298834],[11.841225458915869,52.66337011765013],[11.84250775246303,52.66863499753327],[11.837739570740187,52.67737538299892],[11.83838752388026,52.67974244448247],[11.844314627328774,52.68479145286946],[11.843908092868967,52.6881986130992],[11.850202347383021,52.69710304449701],[11.85214520577082,52.70651520863688],[11.86670950484624,52.70490373162883],[11.876222783932992,52.715255026508935],[11.89588710174047,52.71281756262677],[11.914527036336763,52.70802361528391]]]}},{"type":"Feature","id":"15090180","properties":{"ags8":"15090180","county_ags5":"15090","state_code":"15","name_de":"Goldbeck","valid_at":"2026-01-01","source":"BKG_VG250_2026","part_count":1,"simplified_tolerance_m":80},"geometry":{"type":"Polygon","coordinates":[[[11.903006779155891,52.74429223151303],[11.9045797660172,52.739183921566195],[11.911042950202571,52.736464829501635],[11.912602025502895,52.73797548825192],[11.924487928555886,52.736208531318255],[11.926243691201922,52.72948794904817],[11.919350854078164,52.728885446702435],[11.923529262648781,52.721947597337724],[11.928023203212476,52.72121119369674],[11.931146887484301,52.71377284130114],[11.9238718879511,52.707149618982974],[11.907351642756698,52.70915047355492],[11.891911309825648,52.71353783168239],[11.876222783932992,52.715255026508935],[11.86670950484624,52.70490373162883],[11.85214520577082,52.70651520863688],[11.852790047002626,52.712650322928894],[11.855826466780602,52.71365056453964],[11.853639882972345,52.71831622806167],[11.85166098319502,52.71683876583825],[11.849942541307964,52.71739435702879],[11.85075150342765,52.72317402682883],[11.83040749326251,52.725317758756326],[11.830096953604247,52.72434093216879],[11.821727621425826,52.723684660079925],[11.821506388015795,52.722830489766],[11.815032777566588,52.72331838760023],[11.815298376010047,52.72579756467732],[11.812907975099735,52.72627897102724],[11.812626043422577,52.72335537133402],[11.79303359614333,52.722152399164074],[11.790311866648313,52.72842251824005],[11.789869431137387,52.73669168419423],[11.79159246469375,52.736331595157466],[11.796256779274817,52.738790777302874],[11.819081915095662,52.74054978986712],[11.818652728048772,52.7495922920967],[11.823827591169136,52.749679747894504],[11.824504602754386,52.741533797152194],[11.838383878842427,52.741866869742715],[11.84339937166243,52.74456319118456],[11.853487313010943,52.745422145627685],[11.853565573944099,52.744020066148],[11.871869022375765,52.742247704839784],[11.875442351388028,52.75145197179215],[11.892957838003664,52.74565822297078],[11.903006779155891,52.74429223151303]]]}},{"type":"Feature","id":"15090220","properties":{"ags8":"15090220","county_ags5":"15090","state_code":"15","name_de":"Hassel","valid_at":"2026-01-01","source":"BKG_VG250_2026","part_count":1,"simplified_tolerance_m":80},"geometry":{"type":"Polygon","coordinates":[[[11.955767395371092,52.669060422890574],[11.955648074010613,52.66675949128252],[11.966426227428208,52.664767584470376],[11.967036988117476,52.65993956198755],[11.964690010314712,52.65512040874378],[11.97686094358743,52.65643832343215],[11.982683323364858,52.65584542208805],[11.981090830588851,52.64212520182466],[11.976099234234333,52.630680358113864],[11.968851257657173,52.63117615264284],[11.968623425993396,52.63033974867867],[11.953742653042468,52.63342825835326],[11.942026513550555,52.633788603671825],[11.93206581414942,52.630688620443166],[11.924071841045732,52.6256656441681],[11.922580312585717,52.62756291479687],[11.904432411681734,52.637047733722994],[11.895553485376855,52.639129195846394],[11.879866696475386,52.632219057307495],[11.869186686863733,52.63492951020425],[11.864824628856862,52.64225913587948],[11.892478197345534,52.646719304560726],[11.903646659946011,52.64629936732152],[11.909510005802732,52.6476303241807],[11.908525955691148,52.65437852903162],[11.913295056260871,52.65598123485765],[11.930702716652807,52.66756082675515],[11.938576347174964,52.669967635680116],[11.955767395371092,52.669060422890574]]]}},{"type":"Feature","id":"15090225","properties":{"ags8":"15090225","county_ags5":"15090","state_code":"15","name_de":"Havelberg","valid_at":"2026-01-01","source":"BKG_VG250_2026","part_count":1,"simplified_tolerance_m":80},"geometry":{"type":"Polygon","coordinates":[[[12.12848543364953,52.89264882576119],[12.12681137600481,52.89019957482325],[12.125291836013096,52.8905216186077],[12.122621711725332,52.888501548268316],[12.12021307846148,52.875513913974615],[12.133116362670124,52.86577610469095],[12.123714704189531,52.85379583370196],[12.126332945678621,52.85316119380526],[12.132845138545594,52.8558148781469],[12.172189499436406,52.86470204202455],[12.184976206045496,52.87094977215964],[12.192650768589694,52.87746221106271],[12.19693652928847,52.8779779889924],[12.199950172457987,52.870876328524275],[12.202297187815516,52.86851425935105],[12.208387159122704,52.866495255417036],[12.209955490288223,52.862416943903575],[12.214056297763557,52.86166701765146],[12.215396218776261,52.86597380857446],[12.217391246652742,52.86598448038584],[12.224135388292163,52.864689708701185],[12.234056795543268,52.85937765172232],[12.231875311990125,52.85066733398874],[12.239683487012929,52.843675833615755],[12.23725664179325,52.83928724349587],[12.243669638077899,52.82068541390333],[12.257536445158504,52.804908483631706],[12.252488902635353,52.80373139471657],[12.255581054309522,52.79859627725223],[12.247724129247482,52.79651529462945],[12.249203292666195,52.7918622290918],[12.243885402321373,52.786530393374626],[12.23553994249826,52.78761457086811],[12.230527482108279,52.78981236204068],[12.220799397727173,52.78974138693358],[12.223558486798554,52.78704908155737],[12.223507287918924,52.77569648748595],[12.220614076558949,52.77370685658107],[12.216123889818396,52.77465334411452],[12.21313248606284,52.773607418773004],[12.213481907712039,52.76842210417142],[12.211847442815337,52.76601689316572],[12.214868623457109,52.76399555956245],[12.208377035578401,52.763673527487086],[12.205958399180178,52.76091054424183],[12.209160253168676,52.75318039536828],[12.217749987891855,52.752577603251666],[12.2194470510806,52.750914937944216],[12.219426603900022,52.746851720458004],[12.221290544379595,52.74522434113256],[12.21842418408827,52.74352921612526],[12.223168685722865,52.73974733456618],[12.219880304107786,52.737860378924736],[12.220553305152174,52.73648374374042],[12.209435508073533,52.735202143490795],[12.209361768101905,52.73204411976186],[12.201294289444668,52.72900380556267],[12.188952406941542,52.727215150295315],[12.163189856191204,52.73804143293117],[12.155235699520642,52.7392212110381],[12.155791521722193,52.74460835386957],[12.153641676818237,52.748181231330776],[12.145243433636772,52.75515771071605],[12.147740765273692,52.75935976516758],[12.157060563057989,52.762416422819065],[12.158061742023534,52.763823718283895],[12.154943796400874,52.76650145282752],[12.158353451129114,52.7708706902283],[12.158717685800749,52.776675532355796],[12.155627392346908,52.77972160505545],[12.150403668289748,52.77883951704097],[12.150434226444919,52.78126734017271],[12.153108189823719,52.78257993279569],[12.150484311699614,52.78742717353924],[12.146540875374919,52.78723697574631],[12.141427974478445,52.78279257891949],[12.137207094422799,52.78490456049447],[12.109312394192107,52.782838083356225],[12.10408267956559,52.79647655819008],[12.08395785540192,52.79630937103043],[12.081940393967008,52.79882681452414],[12.076374324801296,52.80086878165392],[12.075085023087592,52.803853266950846],[12.077698522453518,52.80718620198257],[12.072052693413692,52.81001690655899],[12.073077461617517,52.81198126930991],[12.077836504113698,52.81329954175411],[12.078746633906144,52.81505604957206],[12.065909598234567,52.818495853281156],[12.063182075104256,52.816912274993314],[12.05715151324421,52.81800226789879],[12.054627620651802,52.81635668884805],[12.04604055353253,52.81656532140589],[12.03742824779322,52.813464252815415],[12.03574732231362,52.81537319862895],[12.03118198803688,52.81280404405587],[12.022789138668294,52.81246178740544],[12.02295245351947,52.8188180049674],[12.037298005104597,52.831890825520375],[12.041115681992725,52.84153828088969],[12.038591251813855,52.84670518231457],[12.024697808263555,52.85521667179364],[12.02972286840134,52.863654931924145],[12.027041637809589,52.87144519118021],[12.03002713326555,52.87799993641556],[12.02861845874784,52.87809859762394],[12.027526245508966,52.883516848072006],[12.03354859594644,52.88399854344652],[12.040752673033579,52.88726164717317],[12.046343234946411,52.885140348122526],[12.0554650686527,52.88895123506702],[12.066295097662342,52.88684210444459],[12.067544846559606,52.886140754408544],[12.06627989533174,52.88373017610872],[12.07726602792553,52.88607209254708],[12.081150526453744,52.882481204272025],[12.081383321549426,52.877081878972774],[12.083747780280213,52.876394410601876],[12.097684816525199,52.87763954463063],[12.112623069409391,52.875729090071836],[12.118881842541743,52.888208793109605],[12.124601269738157,52.893585908740896],[12.12848543364953,52.89264882576119]],[[12.222307576467541,52.862548546088284],[12.221316313470805,52.863812647879925],[12.216829172309508,52.86074652689707],[12.217589799502017,52.860128236752495],[12.222307576467541,52.862548546088284]]]}},{"type":"Feature","id":"15090245","properties":{"ags8":"15090245","county_ags5":"15090","state_code":"15","name_de":"Hohenberg-Krusemark","valid_at":"2026-01-01","source":"BKG_VG250_2026","part_count":1,"simplified_tolerance_m":80},"geometry":{"type":"Polygon","coordinates":[[[12.03269795238877,52.79160192404352],[12.032358058287382,52.77350916088439],[12.041205657593524,52.753620763228476],[12.041309472310827,52.73982827444186],[12.0315203578933,52.741782405535105],[12.029147159331211,52.73332273349929],[12.02718315340671,52.73297630987114],[12.018549292469903,52.7329135469079],[12.018634354286949,52.736450718690186],[12.015436305703439,52.73638385750458],[12.015436544137476,52.73861382080453],[11.997833444901632,52.73383890669922],[11.99459842615567,52.72779128246269],[11.994952735932426,52.72140044419427],[11.998523545778284,52.71542178516035],[12.00059089429398,52.716124648520335],[11.9939815388729,52.6969692961509],[11.985922464672086,52.69500900135557],[11.99218680911709,52.68888823131475],[11.982712945006007,52.68618632287572],[11.97657976404506,52.68643559917472],[11.97750128193661,52.68923933464227],[11.966693165476117,52.68963680924967],[11.96324684296731,52.695370386598995],[11.947459819117084,52.69530431287515],[11.943884324133986,52.69276590887505],[11.941524768672805,52.69487152710142],[11.935041482283276,52.69475099067135],[11.918811418585788,52.697469253134386],[11.918737634130782,52.6993407377028],[11.922174787473084,52.70075096944812],[11.924260263721585,52.70772062252472],[11.931080290718667,52.71308114399414],[11.928023203212476,52.72121119369674],[11.923529262648781,52.721947597337724],[11.919350854078164,52.728885446702435],[11.926243691201922,52.72948794904817],[11.924487928555886,52.736208531318255],[11.912602025502895,52.73797548825192],[11.911042950202571,52.736464829501635],[11.9045797660172,52.739183921566195],[11.903006779155891,52.74429223151303],[11.892957838003664,52.74565822297078],[11.875442351388028,52.75145197179215],[11.877387112958269,52.75539577020067],[11.876943832949598,52.75976237538486],[11.878783190239709,52.75884217139824],[11.883382640226271,52.75993185694578],[11.885599490278969,52.76210080463807],[11.889693196774678,52.76074096609792],[11.892733835984355,52.762693500276455],[11.893078869000554,52.764721935633915],[11.895199933269705,52.76522812069428],[11.898027293100686,52.76414336924061],[11.90272782631472,52.76511425444376],[11.908471172751431,52.7634199245975],[11.909347808765107,52.760666877777474],[11.919489297574316,52.76304857117143],[11.919233585543287,52.764796204604],[11.932996729969048,52.76956242644356],[11.93138616810142,52.77196085091289],[11.938127798204958,52.77176208966572],[11.94010853362891,52.77599769356679],[11.94360000228582,52.77597996293245],[11.939692344103996,52.769366178681274],[11.952528088178413,52.769222041128764],[11.958229669157864,52.772836754383945],[11.96652896619789,52.77294745250621],[11.98376125204909,52.776110163506104],[11.995346125535944,52.77531132870145],[11.996751046263187,52.77428654849469],[12.007691681149462,52.77623842334849],[12.010616318811428,52.775702334745404],[12.023338387747785,52.78602826080894],[12.027621040369375,52.78456575849024],[12.03066053148651,52.785285547515976],[12.027803409849028,52.7926344875398],[12.030853896830692,52.79459473781688],[12.03269795238877,52.79160192404352]]]}},{"type":"Feature","id":"15090270","properties":{"ags8":"15090270","county_ags5":"15090","state_code":"15","name_de":"Iden","valid_at":"2026-01-01","source":"BKG_VG250_2026","part_count":1,"simplified_tolerance_m":80},"geometry":{"type":"Polygon","coordinates":[[[12.022490099013469,52.81326591205469],[12.030853896830692,52.79459473781688],[12.027803409849028,52.7926344875398],[12.03066053148651,52.785285547515976],[12.027621040369375,52.78456575849024],[12.023338387747785,52.78602826080894],[12.010616318811428,52.775702334745404],[12.007691681149462,52.77623842334849],[11.996751046263187,52.77428654849469],[11.995346125535944,52.77531132870145],[11.98376125204909,52.776110163506104],[11.96652896619789,52.77294745250621],[11.958229669157864,52.772836754383945],[11.952528088178413,52.769222041128764],[11.939692344103996,52.769366178681274],[11.94360000228582,52.77597996293245],[11.94010853362891,52.77599769356679],[11.938127798204958,52.77176208966572],[11.93138616810142,52.77196085091289],[11.932996729969048,52.76956242644356],[11.919233585543287,52.764796204604],[11.919489297574316,52.76304857117143],[11.909347808765107,52.760666877777474],[11.908471172751431,52.7634199245975],[11.90272782631472,52.76511425444376],[11.898027293100686,52.76414336924061],[11.894605149858535,52.76517201535353],[11.889693196774678,52.76074096609792],[11.885078299110521,52.762025825849264],[11.883382640226271,52.75993185694578],[11.878783190239709,52.75884217139824],[11.872679988947532,52.76234674073633],[11.865902121475017,52.769509680690646],[11.852555512674712,52.77774383840306],[11.865156281307026,52.78195510879087],[11.86837059598763,52.78030975515287],[11.87188658209896,52.78107900131109],[11.87570767095985,52.78937178188874],[11.877739349541827,52.78983432554531],[11.87644158061222,52.79152170867255],[11.88066128407391,52.79078130417795],[11.877475308642335,52.79431612249828],[11.892470428164879,52.80268755025809],[11.902141633559378,52.800696675051356],[11.922348156261497,52.80248480034378],[11.919844999339004,52.79480888676179],[11.917547711085838,52.794780227399116],[11.918322663762758,52.792856596228745],[11.923687534908389,52.79285579288984],[11.926511106487006,52.78976505030189],[11.93242869258662,52.78880500534668],[11.95506218282008,52.79099061576674],[11.95466175293181,52.796704956840294],[11.964657718477438,52.79681253964685],[11.965688554851063,52.80918115252181],[11.978236503661245,52.81011281814512],[11.97699761856493,52.810986461754375],[11.9925188738585,52.81090444010666],[11.991571222034674,52.809720268764764],[11.995600850120072,52.80808714893135],[12.007306592720026,52.81286760294791],[12.022490099013469,52.81326591205469]]]}},{"type":"Feature","id":"15090285","properties":{"ags8":"15090285","county_ags5":"15090","state_code":"15","name_de":"Kamern","valid_at":"2026-01-01","source":"BKG_VG250_2026","part_count":1,"simplified_tolerance_m":80},"geometry":{"type":"Polygon","coordinates":[[[12.106622865671051,52.78833099287758],[12.109312394192107,52.782838083356225],[12.137207094422799,52.78490456049447],[12.141427974478445,52.78279257891949],[12.146540875374919,52.78723697574631],[12.150484311699614,52.78742717353924],[12.153108189823719,52.78257993279569],[12.150434226444919,52.78126734017271],[12.150403668289748,52.77883951704097],[12.155627392346908,52.77972160505545],[12.158717685800749,52.776675532355796],[12.158353451129114,52.7708706902283],[12.154943796400874,52.76650145282752],[12.158061742023534,52.763823718283895],[12.157060563057989,52.762416422819065],[12.147740765273692,52.75935976516758],[12.145243433636772,52.75515771071605],[12.153641676818237,52.748181231330776],[12.155791521722193,52.74460835386957],[12.155235699520642,52.7392212110381],[12.163189856191204,52.73804143293117],[12.188952406941542,52.727215150295315],[12.200358992235536,52.729248699839516],[12.205956888194063,52.72651395461055],[12.19792444397743,52.72317731857018],[12.191745080565394,52.72350664995059],[12.185586202246318,52.716326849451],[12.175722119157365,52.7157428741418],[12.163105784679333,52.70586165041588],[12.157221062417435,52.70329815042103],[12.153714119353218,52.70415557407138],[12.149286452695092,52.70293885454913],[12.148037580889774,52.70440388790265],[12.143137155915369,52.70482127846004],[12.140983855471617,52.70384317650214],[12.123463482376238,52.706570753330695],[12.106464689879852,52.70697743851482],[12.083465481055633,52.71254952051675],[12.042900942853876,52.71606948570886],[12.042312229674584,52.71503880812282],[12.036496098176524,52.7145770696915],[12.03355337103558,52.71058037004788],[12.02665051587583,52.71205752680824],[12.029173477672353,52.71772164647314],[12.039956737693734,52.72815012833186],[12.041894957244613,52.73565947159337],[12.041334408664119,52.7500172075343],[12.05217473820806,52.75363363419277],[12.056004217298383,52.756759179272265],[12.054783544730183,52.75831271121281],[12.051427294895431,52.75813988529028],[12.052651787110646,52.76052542456266],[12.049445778933777,52.76126793601688],[12.057156121595453,52.76376093773108],[12.056895588500504,52.765287156156994],[12.04917434178259,52.767061246802385],[12.047692667392683,52.768422019987334],[12.049940693879416,52.77038980194288],[12.059338418275614,52.77326403695683],[12.05633656763677,52.777754273962714],[12.058147111308909,52.77943745333522],[12.060568330417277,52.77747504515726],[12.063377968680983,52.77910361524319],[12.06318142266793,52.78089268016692],[12.059742176869129,52.78183840404399],[12.058875836534256,52.78417431530377],[12.061758052251998,52.78394052807733],[12.066956856538827,52.786252918508275],[12.076977653380418,52.78461918930105],[12.079508541999964,52.787149346478124],[12.08213820157148,52.78648810697485],[12.083861389345271,52.787488784516405],[12.09541813022075,52.78469606422286],[12.102762407102079,52.78616972439756],[12.106622865671051,52.78833099287758]]]}},{"type":"Feature","id":"15090310","properties":{"ags8":"15090310","county_ags5":"15090","state_code":"15","name_de":"Klietz","valid_at":"2026-01-01","source":"BKG_VG250_2026","part_count":1,"simplified_tolerance_m":80},"geometry":{"type":"Polygon","coordinates":[[[12.042900942853876,52.71606948570886],[12.083465481055633,52.71254952051675],[12.106464689879852,52.70697743851482],[12.120189748675145,52.70653367504625],[12.118906982249872,52.69908296844383],[12.123126386449451,52.698778967464676],[12.121572333764496,52.68791055861653],[12.117176456109183,52.6889013066546],[12.119505514623917,52.67909344215676],[12.130885452227465,52.65517818646925],[12.133539518601443,52.64523975996833],[12.13799364612217,52.64048448874843],[12.150145113024502,52.63321368289331],[12.135155012468243,52.63240111071109],[12.123512901588317,52.6342130395026],[12.10572128407901,52.63894786221031],[12.106244417243921,52.63251906000448],[12.086156685881406,52.63083929215526],[12.084885390374398,52.6329310800547],[12.0796635061359,52.6317390361097],[12.074927059000885,52.63003430592163],[12.077961388369319,52.62821476753213],[12.068973526908342,52.62776518788542],[12.065665756371025,52.62025301546244],[12.060609278511981,52.621486639043056],[12.061602111268867,52.623228713848476],[12.056896989576147,52.62435074932789],[12.056305230629302,52.62730844248692],[12.045760586821295,52.63055575871303],[12.01422088717395,52.63379242815889],[12.015100045740388,52.647474957074024],[12.01109923723746,52.66385783391583],[12.014378629976244,52.67201912594456],[12.014621788473661,52.680721091497986],[12.025115622751576,52.697902982668495],[12.02665051587583,52.71205752680824],[12.03355337103558,52.71058037004788],[12.036496098176524,52.7145770696915],[12.042312229674584,52.71503880812282],[12.042900942853876,52.71606948570886]]]}},{"type":"Feature","id":"15090415","properties":{"ags8":"15090415","county_ags5":"15090","state_code":"15","name_de":"Osterburg (Altmark)","valid_at":"2026-01-01","source":"BKG_VG250_2026","part_count":1,"simplified_tolerance_m":80},"geometry":{"type":"Polygon","coordinates":[[[11.678922555692772,52.84858031902009],[11.699311267676485,52.84622260156442],[11.700611070941632,52.83934883673968],[11.712656510559329,52.84052398890835],[11.720779802492594,52.84269960001776],[11.72998827697455,52.84273256117878],[11.730039354242653,52.84135625297824],[11.7660382021191,52.83810517818141],[11.766144490977634,52.83907953748489],[11.760406486551775,52.83970499419437],[11.761384187655663,52.8438132518284],[11.765914513226884,52.84540267928691],[11.77389432027707,52.845553025603714],[11.77605284314377,52.85090767105472],[11.778082472931159,52.84710063190545],[11.785412424188182,52.84736496874793],[11.790076549270612,52.84584078992028],[11.802035116346453,52.83628028149817],[11.806100923469144,52.83770235239312],[11.809333514997535,52.836030936226045],[11.81428542349461,52.836777745676045],[11.818582345717724,52.83445609594989],[11.825214542057603,52.83528311447885],[11.83065655754815,52.83751663681045],[11.857390007784817,52.83132166580152],[11.860121259818735,52.83275686194223],[11.893109515507371,52.831195764184734],[11.916175960808413,52.83377949863575],[11.92625842257558,52.82961479445567],[11.926775945761518,52.817036993968905],[11.922348156261497,52.80248480034378],[11.902141633559378,52.800696675051356],[11.892470428164879,52.80268755025809],[11.877475308642335,52.79431612249828],[11.88066128407391,52.79078130417795],[11.87644158061222,52.79152170867255],[11.877739349541827,52.78983432554531],[11.87570767095985,52.78937178188874],[11.87188658209896,52.78107900131109],[11.86837059598763,52.78030975515287],[11.865156281307026,52.78195510879087],[11.852431907619613,52.778068956139094],[11.865902121475017,52.769509680690646],[11.8681117370682,52.76613942514557],[11.876943832949598,52.75976237538486],[11.877387112958269,52.75539577020067],[11.871869022375765,52.742247704839784],[11.853565573944099,52.744020066148],[11.853487313010943,52.745422145627685],[11.84339937166243,52.74456319118456],[11.838383878842427,52.741866869742715],[11.824504602754386,52.741533797152194],[11.823827591169136,52.749679747894504],[11.818652728048772,52.7495922920967],[11.819081915095662,52.74054978986712],[11.796256779274817,52.738790777302874],[11.79159246469375,52.736331595157466],[11.789869431137387,52.73669168419423],[11.789273103303417,52.73502536181324],[11.768980701849438,52.7336209513707],[11.765991353764491,52.72537881871135],[11.762867871783167,52.7238736525625],[11.762265221945066,52.720894301142195],[11.759811204747937,52.721054751719386],[11.759800782477656,52.722259905441256],[11.735348447775667,52.72334816855184],[11.737167401055384,52.72110837062994],[11.728740991286156,52.7162930811593],[11.718072603658559,52.71227317264628],[11.704482817232565,52.70910877793458],[11.704990217009382,52.710353731821975],[11.68984767707736,52.71442436723359],[11.689417139234147,52.717162398553036],[11.69633965384919,52.72183337909209],[11.6896606781175,52.72241176786265],[11.676903977728493,52.73347151213893],[11.676392838554788,52.74218132639509],[11.672847062376121,52.74088480358907],[11.672260820280863,52.73830960346262],[11.660784202765813,52.736252909469904],[11.657398379043842,52.72794916024058],[11.659075790940264,52.72124258198371],[11.64636228217478,52.71984385215843],[11.645731503015954,52.71834804789677],[11.640796183722445,52.71901701649625],[11.635484968492337,52.72248226617259],[11.636686828943295,52.72780360781216],[11.629490768026859,52.73030015208539],[11.63399560942794,52.74040412162739],[11.617241959168132,52.73513505626247],[11.609311099423342,52.73461313056185],[11.606220464934463,52.74577404479069],[11.604223308717788,52.747770495690936],[11.592006510670375,52.748735495458874],[11.590896284092993,52.75120940845765],[11.571750917358365,52.7537632258272],[11.57102789720684,52.757600342692065],[11.557491632560186,52.76056976243185],[11.562651611699227,52.76623470960129],[11.553520156738461,52.767519374724834],[11.543873763086856,52.772161863259036],[11.543426786408233,52.77541266425828],[11.547664072191601,52.78518574554283],[11.585046899172283,52.79034667852109],[11.58714965460127,52.78781459382771],[11.600731643087304,52.7882406018842],[11.6037907934302,52.79857175017377],[11.608297947001107,52.79861652913075],[11.609926954154949,52.797358562732235],[11.622544007705967,52.79756230009116],[11.62285946390576,52.79917722137642],[11.631630950770274,52.799880841486726],[11.631855334776452,52.802467510376886],[11.63916577152776,52.80221769381782],[11.648873317455523,52.80417224810454],[11.655115787846029,52.80687923283175],[11.656706655801942,52.8201454445979],[11.66063355732408,52.82274263501268],[11.658929010444716,52.83196677717621],[11.660691896738028,52.84149942971909],[11.662984847117551,52.84172926483174],[11.665813906685509,52.851868589011566],[11.66957340514208,52.85285546278061],[11.678922555692772,52.84858031902009]]]}},{"type":"Feature","id":"15090435","properties":{"ags8":"15090435","county_ags5":"15090","state_code":"15","name_de":"Rochau","valid_at":"2026-01-01","source":"BKG_VG250_2026","part_count":1,"simplified_tolerance_m":80},"geometry":{"type":"Polygon","coordinates":[[[11.789273103303417,52.73502536181324],[11.79303359614333,52.722152399164074],[11.812626043422577,52.72335537133402],[11.812907975099735,52.72627897102724],[11.815298376010047,52.72579756467732],[11.815032777566588,52.72331838760023],[11.821506388015795,52.722830489766],[11.821727621425826,52.723684660079925],[11.830096953604247,52.72434093216879],[11.83040749326251,52.725317758756326],[11.85075150342765,52.72317402682883],[11.849942541307964,52.71739435702879],[11.85166098319502,52.71683876583825],[11.853639882972345,52.71831622806167],[11.855826466780602,52.71365056453964],[11.8526637240249,52.71239093370157],[11.850202347383021,52.69710304449701],[11.846143683652235,52.69210306440443],[11.837206438121722,52.6906285334569],[11.836262601635305,52.69311359819127],[11.831523210325443,52.69440315771429],[11.815894269285677,52.69431238096294],[11.812142003834136,52.69856473120845],[11.801110001724787,52.69791060585478],[11.771116335643345,52.70108901072968],[11.765300579119051,52.689513086677884],[11.765787205367968,52.68579385365323],[11.769506556961602,52.681276312950274],[11.761501847311678,52.67501090154228],[11.759899500759408,52.67695213362832],[11.735698820220941,52.68597693829376],[11.719530592021233,52.683247303218],[11.70361441632589,52.68732763112693],[11.7018985280507,52.68900838391981],[11.695395468973214,52.68878503211357],[11.68572213165659,52.69122736239802],[11.686030704941912,52.6894707218027],[11.683940442192783,52.68878075284858],[11.683251340011658,52.691260541549944],[11.677455910950991,52.69093937308436],[11.675659619944199,52.69804321352013],[11.682522226425675,52.701177805792184],[11.695353679369793,52.70437011960147],[11.691149103095551,52.71014941577041],[11.69440754230631,52.71272479417426],[11.704990217009382,52.710353731821975],[11.704482817232565,52.70910877793458],[11.711463932050286,52.710468976341154],[11.728740991286156,52.7162930811593],[11.737167401055384,52.72110837062994],[11.735348447775667,52.72334816855184],[11.739317154004,52.723856177915884],[11.759800782477656,52.722259905441256],[11.759811204747937,52.721054751719386],[11.762265221945066,52.720894301142195],[11.762867871783167,52.7238736525625],[11.765991353764491,52.72537881871135],[11.768980701849438,52.7336209513707],[11.789273103303417,52.73502536181324]]]}},{"type":"Feature","id":"15090445","properties":{"ags8":"15090445","county_ags5":"15090","state_code":"15","name_de":"Sandau (Elbe)","valid_at":"2026-01-01","source":"BKG_VG250_2026","part_count":1,"simplified_tolerance_m":80},"geometry":{"type":"Polygon","coordinates":[[[12.065909598234567,52.818495853281156],[12.078746633906144,52.81505604957206],[12.077836504113698,52.81329954175411],[12.073077461617517,52.81198126930991],[12.072033492101971,52.81031392724227],[12.077698522453518,52.80718620198257],[12.075085023087592,52.803853266950846],[12.076719465815476,52.800558528554134],[12.081940393967008,52.79882681452414],[12.08395785540192,52.79630937103043],[12.10408267956559,52.79647655819008],[12.10689631742198,52.788920928073196],[12.102762407102079,52.78616972439756],[12.09541813022075,52.78469606422286],[12.083861389345271,52.787488784516405],[12.08213820157148,52.78648810697485],[12.079508541999964,52.787149346478124],[12.076977653380418,52.78461918930105],[12.066956856538827,52.786252918508275],[12.061758052251998,52.78394052807733],[12.058875836534256,52.78417431530377],[12.059742176869129,52.78183840404399],[12.06318142266793,52.78089268016692],[12.063377968680983,52.77910361524319],[12.060568330417277,52.77747504515726],[12.058147111308909,52.77943745333522],[12.05633656763677,52.777754273962714],[12.059338418275614,52.77326403695683],[12.049940693879416,52.77038980194288],[12.047692667392683,52.768422019987334],[12.04917434178259,52.767061246802385],[12.056895588500504,52.765287156156994],[12.057156121595453,52.76376093773108],[12.049445778933777,52.76126793601688],[12.052651787110646,52.76052542456266],[12.051427294895431,52.75813988529028],[12.054783544730183,52.75831271121281],[12.056004217298383,52.756759179272265],[12.05217473820806,52.75363363419277],[12.041334408664119,52.7500172075343],[12.04054518350654,52.75552675637528],[12.032684732738963,52.77179632113594],[12.03269795238877,52.79160192404352],[12.02663551028525,52.80167004251468],[12.022789138668294,52.81246178740544],[12.03118198803688,52.81280404405587],[12.03574732231362,52.81537319862895],[12.03742824779322,52.813464252815415],[12.04604055353253,52.81656532140589],[12.054627620651802,52.81635668884805],[12.05715151324421,52.81800226789879],[12.063182075104256,52.816912274993314],[12.065909598234567,52.818495853281156]]]}},{"type":"Feature","id":"15090485","properties":{"ags8":"15090485","county_ags5":"15090","state_code":"15","name_de":"Schollene","valid_at":"2026-01-01","source":"BKG_VG250_2026","part_count":1,"simplified_tolerance_m":80},"geometry":{"type":"Polygon","coordinates":[[[12.204706222585083,52.72497034609592],[12.198404605698679,52.72079027717324],[12.197936731467117,52.71776277509421],[12.199855133315706,52.71720043019109],[12.204802978909404,52.71982484679021],[12.208674078571688,52.718412182444574],[12.210181761056283,52.715465744912215],[12.203919017631685,52.71335261697523],[12.210494732478079,52.70871788489961],[12.216547293956541,52.70846494105937],[12.21773993911852,52.70651066454895],[12.22382698668926,52.703300301929275],[12.217775262032202,52.70011534728413],[12.217223981059051,52.6977300107524],[12.222773722454816,52.68845079324055],[12.232570037406175,52.689534116455356],[12.23282361699497,52.68691315964287],[12.226812305828291,52.68379716124353],[12.228585130612705,52.68180209818569],[12.235381459599967,52.68036463842285],[12.239441687572926,52.67099718288706],[12.239299318851788,52.66581847017806],[12.238251119081337,52.66511399161352],[12.235454966429058,52.665873705466346],[12.234579054724506,52.66436447456314],[12.237942402444736,52.66250105943975],[12.233794201375131,52.65967341051953],[12.235514385331543,52.6544499506357],[12.232523801603687,52.65361139239757],[12.237890104580618,52.645556263066474],[12.236677148482539,52.64097750389042],[12.231001579721433,52.6398896442208],[12.230845915079513,52.629755028451434],[12.236807534404067,52.62986735742134],[12.236872557394262,52.628877018179494],[12.212648480763585,52.62509989560032],[12.207886241492588,52.62328250624183],[12.202665732401657,52.61874140075414],[12.195160651729276,52.619584510738484],[12.176285873115985,52.62439760522582],[12.150145113024502,52.63321368289331],[12.13799364612217,52.64048448874843],[12.133539518601443,52.64523975996833],[12.130885452227465,52.65517818646925],[12.119505514623917,52.67909344215676],[12.117176456109183,52.6889013066546],[12.121572333764496,52.68791055861653],[12.123126386449451,52.698778967464676],[12.118906982249872,52.69908296844383],[12.120189748675145,52.70653367504625],[12.140983855471617,52.70384317650214],[12.143137155915369,52.70482127846004],[12.148037580889774,52.70440388790265],[12.149286452695092,52.70293885454913],[12.153714119353218,52.70415557407138],[12.157221062417435,52.70329815042103],[12.163105784679333,52.70586165041588],[12.175722119157365,52.7157428741418],[12.185586202246318,52.716326849451],[12.191745080565394,52.72350664995059],[12.19792444397743,52.72317731857018],[12.204706222585083,52.72497034609592]]]}},{"type":"Feature","id":"15090500","properties":{"ags8":"15090500","county_ags5":"15090","state_code":"15","name_de":"Schönhausen (Elbe)","valid_at":"2026-01-01","source":"BKG_VG250_2026","part_count":1,"simplified_tolerance_m":80},"geometry":{"type":"Polygon","coordinates":[[[12.135155012468243,52.63240111071109],[12.150145113024502,52.63321368289331],[12.171970158317363,52.62594660254281],[12.169265365173514,52.621087429180136],[12.169133257835645,52.61675392871883],[12.175568365922059,52.61733042249959],[12.170771062377543,52.612332983813864],[12.170287782813892,52.60769850432339],[12.176565309596281,52.60646920801969],[12.173214810796656,52.597467155475584],[12.133105144707766,52.586377479264],[12.095935966616938,52.58017378684545],[12.09198240382236,52.57279656811812],[12.076081526642744,52.56394786816089],[12.071593998062303,52.5597250289854],[12.067525008198027,52.55942718623413],[12.058731932108044,52.56134784768668],[12.055008896069879,52.55798427638331],[11.997792398408302,52.5603041622052],[11.99512858916334,52.56273868608238],[11.994554989430522,52.56766566676743],[11.998665077417794,52.570951559746504],[11.988505563720977,52.575736323669545],[11.999278160864884,52.588735210104815],[12.003494463298374,52.59960125457357],[12.004097579158197,52.609785910168426],[12.007372541362171,52.61607777594454],[12.012775944652375,52.61909359088408],[12.016012038494297,52.62459290457644],[12.01422088717395,52.63379242815889],[12.045760586821295,52.63055575871303],[12.056305230629302,52.62730844248692],[12.056896989576147,52.62435074932789],[12.061602111268867,52.623228713848476],[12.060609278511981,52.621486639043056],[12.065665756371025,52.62025301546244],[12.068973526908342,52.62776518788542],[12.077961388369319,52.62821476753213],[12.074927059000885,52.63003430592163],[12.0796635061359,52.6317390361097],[12.084885390374398,52.6329310800547],[12.086156685881406,52.63083929215526],[12.106244417243921,52.63251906000448],[12.10572128407901,52.63894786221031],[12.123512901588317,52.6342130395026],[12.135155012468243,52.63240111071109]]]}},{"type":"Feature","id":"15090520","properties":{"ags8":"15090520","county_ags5":"15090","state_code":"15","name_de":"Seehausen (Altmark)","valid_at":"2026-01-01","source":"BKG_VG250_2026","part_count":1,"simplified_tolerance_m":80},"geometry":{"type":"Polygon","coordinates":[[[11.780952402390113,52.963855987433426],[11.786303885334565,52.96095827336413],[11.796899560576913,52.95869690779878],[11.811120817561983,52.957095067176596],[11.828901276086853,52.957273415384854],[11.840044345845138,52.954534129335315],[11.846029989681004,52.95159975954187],[11.849381713222625,52.947255637794726],[11.848736933669061,52.942200452816664],[11.845466006269772,52.93888274332698],[11.832610726399901,52.93256813115373],[11.826230431974636,52.927710361372085],[11.823092136649263,52.9232576357834],[11.823375147962604,52.91827309792941],[11.828505807727806,52.9127411337666],[11.836521449705272,52.90971296319663],[11.86638629446624,52.9096598317876],[11.872540830499808,52.908592415353226],[11.870244704735002,52.902620641631806],[11.868875854048452,52.900666805881],[11.86360132862288,52.90130156346392],[11.86127786092036,52.89875588102419],[11.85611881123837,52.89927212710549],[11.8396477161995,52.868845718750144],[11.842065211770896,52.86683344850688],[11.838208387401329,52.86051682960882],[11.832022542535096,52.860342028265755],[11.82896173788472,52.86431412880812],[11.824301723294107,52.86250363840165],[11.814720793399603,52.865098528988895],[11.815252958551149,52.866513525485495],[11.811231325308682,52.86820255311344],[11.810201860380523,52.86755723528018],[11.80403520931214,52.86988004921452],[11.793908208773312,52.87046414769975],[11.791347016321348,52.88930014605394],[11.788892723968228,52.88930716109963],[11.788528392273271,52.89193756841559],[11.779548011923488,52.891537569759095],[11.78044725015943,52.88560886270162],[11.78229201251878,52.885470321036394],[11.783775179636278,52.872479236139874],[11.779848140592993,52.87234981459442],[11.780769600597017,52.874417259558825],[11.7787534187983,52.87562543679543],[11.780328769631323,52.877173455123774],[11.775870722176416,52.87668082356634],[11.769328912337267,52.878161068686154],[11.767984952956711,52.87376903544813],[11.751345049189435,52.869715312696535],[11.757208728755003,52.869501917531366],[11.763334893454688,52.86388130901245],[11.772897830633406,52.8657597368244],[11.77539556045441,52.86245181802599],[11.774587108245806,52.85418720397964],[11.77605284314377,52.85090767105472],[11.774393812376077,52.84588049483614],[11.765914513226884,52.84540267928691],[11.761384187655663,52.8438132518284],[11.760406486551775,52.83970499419437],[11.766144490977634,52.83907953748489],[11.7660382021191,52.83810517818141],[11.752839032137572,52.839574437273],[11.752263032158663,52.838652498980295],[11.748580865383815,52.83904729781647],[11.730039354242653,52.84135625297824],[11.72998827697455,52.84273256117878],[11.715264516223591,52.84358219298291],[11.717331413159288,52.845305948749925],[11.720526127171992,52.8453638014083],[11.723003229247652,52.86665566666937],[11.714841663499024,52.86480071371467],[11.71171039669578,52.86547403200081],[11.71193541699345,52.87084857898402],[11.715231693672342,52.87205279216833],[11.709178408503854,52.87430550056495],[11.710919063168898,52.875466100220436],[11.680680466446612,52.89189484033277],[11.683886774660403,52.89952456153016],[11.694313592922322,52.90705890766976],[11.698604039913791,52.903473237398806],[11.70547059227372,52.902659365355255],[11.7148577840526,52.89753040793221],[11.71937625739717,52.89706822792446],[11.723297801497711,52.901364375373845],[11.734695047568426,52.901491717009826],[11.736351487051497,52.90446299429665],[11.741620612169369,52.904661541280824],[11.741175206500067,52.90999509135888],[11.745350669907925,52.910384007835155],[11.747662353843774,52.9143166603322],[11.752158305126374,52.91558435901375],[11.753025138442597,52.919108324194035],[11.751476894379884,52.921416855642974],[11.753752915592393,52.924045953796586],[11.743893194590392,52.93589915558833],[11.739164534894364,52.93603731497237],[11.73570081045556,52.93907037657924],[11.728811907608748,52.9402130318685],[11.72118570444532,52.93570461343824],[11.713707230719505,52.9365288180058],[11.712334868744268,52.938184004642096],[11.715679578851159,52.94089580778868],[11.708192037454808,52.94249891222495],[11.704847132731725,52.94539133841339],[11.693079289414236,52.948950948874604],[11.697615658823363,52.949355969907984],[11.696384988439945,52.95451111739028],[11.700778014263182,52.959503003344516],[11.70185604096518,52.964669540296],[11.704421795581242,52.964286345105904],[11.707271714119498,52.97106450631038],[11.70543807717412,52.972098678000464],[11.704946407680241,52.97867611357442],[11.732019555351942,52.988565359661614],[11.743789794132953,52.98854467394004],[11.755312753060556,52.985576275315054],[11.764192987039028,52.9814114037536],[11.770482143634432,52.97629285370329],[11.780952402390113,52.963855987433426]]]}},{"type":"Feature","id":"15090535","properties":{"ags8":"15090535","county_ags5":"15090","state_code":"15","name_de":"Stendal","valid_at":"2026-01-01","source":"BKG_VG250_2026","part_count":1,"simplified_tolerance_m":80},"geometry":{"type":"MultiPolygon","coordinates":[[[[11.587539095917727,52.56545535741417],[11.580851000089002,52.56657667584939],[11.582641795472828,52.57099379592887],[11.590442651650944,52.570753243624424],[11.587539095917727,52.56545535741417]]],[[[11.801110001724787,52.69791060585478],[11.812142003834136,52.69856473120845],[11.815894269285677,52.69431238096294],[11.831523210325443,52.69440315771429],[11.836262601635305,52.69311359819127],[11.837206438121722,52.6906285334569],[11.846143683652235,52.69210306440443],[11.843908092868967,52.6881986130992],[11.844314627328774,52.68479145286946],[11.837688219875416,52.67813138765248],[11.84250775246303,52.66863499753327],[11.84103246849561,52.66383991393331],[11.856330086175651,52.654181215298834],[11.862022816781645,52.64638280155279],[11.86809435516286,52.64862920186442],[11.866303987783754,52.650030824395834],[11.868739648157948,52.654239213557375],[11.884110918371139,52.66349839806888],[11.889772005407766,52.668595724222584],[11.89873025389111,52.671217470206365],[11.899307587772025,52.677371308348654],[11.90951654120235,52.678287024954614],[11.907802222262411,52.656749539003485],[11.909510005802732,52.6476303241807],[11.903646659946011,52.64629936732152],[11.892478197345534,52.646719304560726],[11.864824628856862,52.64225913587948],[11.869186686863733,52.63492951020425],[11.879866696475386,52.632219057307495],[11.895553485376855,52.639129195846394],[11.904432411681734,52.637047733722994],[11.922580312585717,52.62756291479687],[11.924071841045732,52.6256656441681],[11.93206581414942,52.630688620443166],[11.942026513550555,52.633788603671825],[11.953742653042468,52.63342825835326],[11.968623425993396,52.63033974867867],[11.968851257657173,52.63117615264284],[11.974193786782275,52.6307216085491],[11.972232021030088,52.62338753111175],[11.975230657528513,52.621822976018606],[11.973949967102396,52.619284331723186],[11.970909344785117,52.618943649312044],[11.974686646765536,52.61787228515641],[11.976642575888047,52.61937736225702],[11.978903162840027,52.61891799777532],[11.978863643898652,52.61772228529414],[11.97725414814889,52.61373067005284],[11.973571175601533,52.614513164580835],[11.97558588379897,52.60481102794181],[11.96919919016102,52.59495839416591],[11.961437556795929,52.59045772893571],[11.9489425471075,52.595896833373445],[11.93745584089144,52.604308579988924],[11.923512797625389,52.57743786629566],[11.914115825966144,52.5800127025186],[11.893271445713316,52.56157064029948],[11.907629047051486,52.55871550163204],[11.917432061591954,52.55510515722042],[11.921562729351491,52.53785962368927],[11.908704522082846,52.53424195321653],[11.902228727592735,52.53563060070473],[11.889540291252699,52.534086593575246],[11.889554554744103,52.53026389119054],[11.863427773059735,52.5304812606775],[11.842177794591507,52.52844963203932],[11.843145202126205,52.52571179520828],[11.841467666723599,52.52553801376563],[11.840203937096751,52.52914072481461],[11.84268265412796,52.52941465151656],[11.841657521887164,52.53297180933319],[11.836183387356797,52.53260425918521],[11.835710282158766,52.53375175253044],[11.826340938117415,52.53211818500027],[11.823612349949546,52.53062307747838],[11.819013876704602,52.529961506180705],[11.818607882850356,52.530751242968506],[11.815169634415915,52.528259556601895],[11.80737721738228,52.52765741894419],[11.808428935439878,52.52478589827054],[11.795248504435383,52.519253002430695],[11.789489498971264,52.51945866010835],[11.764047227182038,52.52751695976848],[11.764905451118233,52.52971147540082],[11.759791800947049,52.53036761490626],[11.761576477728878,52.53614103605898],[11.743024193653358,52.537296068630766],[11.743657666699319,52.53886346130712],[11.71696064204238,52.54324601678912],[11.713960284491277,52.53922006328723],[11.697836285738434,52.52797035479777],[11.695729544492432,52.528562377625796],[11.69479826994553,52.52656196708914],[11.699080697958976,52.525563470081266],[11.698584685108926,52.524660025897475],[11.691843135623703,52.52547280019655],[11.678486540690571,52.52941149435831],[11.671520193257066,52.52426930055113],[11.662177736245686,52.52040834082207],[11.659132299360765,52.51349783387695],[11.646866119498306,52.50192322185899],[11.63351883583359,52.492577697956655],[11.615916050196908,52.484711854889454],[11.61001246545498,52.490234677500936],[11.60202691951911,52.4878436941896],[11.605163858937091,52.49377786123247],[11.59006979563664,52.48809640773287],[11.586077737393852,52.49786374797071],[11.590536945369278,52.52005591860771],[11.575840358199374,52.521402133179315],[11.568959160488824,52.524674070209464],[11.571951110054572,52.528937441044974],[11.578178253907582,52.52849518562957],[11.580339182776688,52.54106682125241],[11.584896338684526,52.54652094814891],[11.594914595348504,52.55261794474517],[11.589071070822946,52.55440658749799],[11.589990608970227,52.561880833822194],[11.607812332084928,52.56584650022588],[11.608222362909244,52.56750652114924],[11.615894405652211,52.569171547660304],[11.630188370016569,52.57059438209851],[11.632576373519836,52.573971518459416],[11.640076408238958,52.57401781212373],[11.63998259944421,52.574972004765584],[11.644344397197353,52.574669913005295],[11.644287893287764,52.572458055106715],[11.647482433373549,52.57212194235127],[11.650163318316936,52.56845405292585],[11.653279293426838,52.56737206959533],[11.666690354229857,52.56436548492474],[11.673661930269239,52.564549406672384],[11.68431764340126,52.569421724552974],[11.684062188824026,52.57039508978423],[11.682553862821747,52.57006722527023],[11.67803855670736,52.58721623860063],[11.690330229779784,52.58959416630442],[11.69986287476122,52.5895711821202],[11.70199780396928,52.599183353791176],[11.699544379661676,52.603533590489],[11.706472359533906,52.60627951494099],[11.706332535879648,52.6132175553672],[11.723941186869395,52.611967455464175],[11.728742457725648,52.61274418987288],[11.745013491987187,52.61105059125884],[11.761356144604365,52.61742827904899],[11.781526697128216,52.611783884999866],[11.785367772400145,52.61846123559064],[11.786680516316661,52.63173962026969],[11.79454031037439,52.64131461785468],[11.787305700059898,52.64130683774431],[11.78782372872233,52.643724651118724],[11.785184527295431,52.643464954217414],[11.784629908524964,52.64892590805282],[11.779435721958937,52.646263988065265],[11.778211842467456,52.65296768385574],[11.782373324342315,52.65628332934757],[11.783668762512425,52.66122488189613],[11.766340836078838,52.66407858112625],[11.76453031934048,52.67275796845998],[11.761501847311678,52.67501090154228],[11.769506556961602,52.681276312950274],[11.765787205367968,52.68579385365323],[11.765300579119051,52.689513086677884],[11.771116335643345,52.70108901072968],[11.801110001724787,52.69791060585478]]]]}},{"type":"Feature","id":"15090546","properties":{"ags8":"15090546","county_ags5":"15090","state_code":"15","name_de":"Tangerhütte","valid_at":"2026-01-01","source":"BKG_VG250_2026","part_count":1,"simplified_tolerance_m":80},"geometry":{"type":"MultiPolygon","coordinates":[[[[11.821976870896576,52.34111385336055],[11.818309880583746,52.334209281385505],[11.805296363925315,52.33461132331599],[11.805581236184379,52.337316770900905],[11.792297438421308,52.34205937420527],[11.790518155648167,52.34130342790277],[11.787393688471075,52.344223447854176],[11.788673629491463,52.35052349596911],[11.795050549650671,52.354314009929325],[11.803719850518394,52.353407340573305],[11.819058236443066,52.34762320360809],[11.821976870896576,52.34111385336055]]],[[[11.71696064204238,52.54324601678912],[11.743657666699319,52.53886346130712],[11.743024193653358,52.537296068630766],[11.761576477728878,52.53614103605898],[11.759791800947049,52.53036761490626],[11.764905451118233,52.52971147540082],[11.764047227182038,52.52751695976848],[11.789489498971264,52.51945866010835],[11.795248504435383,52.519253002430695],[11.808428935439878,52.52478589827054],[11.80737721738228,52.52765741894419],[11.815169634415915,52.528259556601895],[11.818607882850356,52.530751242968506],[11.819013876704602,52.529961506180705],[11.823612349949546,52.53062307747838],[11.826340938117415,52.53211818500027],[11.835710282158766,52.53375175253044],[11.836183387356797,52.53260425918521],[11.841657521887164,52.53297180933319],[11.84268265412796,52.52941465151656],[11.840203937096751,52.52914072481461],[11.841467666723599,52.52553801376563],[11.843145202126205,52.52571179520828],[11.842177794591507,52.52844963203932],[11.863427773059735,52.5304812606775],[11.881078629741038,52.52992057488052],[11.888706034743322,52.51048628166715],[11.884559646734449,52.50769133880093],[11.891068325519964,52.50775174029549],[11.894223547783314,52.5054037236436],[11.892261484036716,52.50312893372105],[11.893435205699959,52.50174461950084],[11.886710952940392,52.49601935802207],[11.881996826497575,52.49905873769287],[11.874688355577915,52.49367842465003],[11.87761117644657,52.49033239241269],[11.87779361774215,52.48713188862772],[11.882084246859893,52.48569293467172],[11.880983658844166,52.48274175681532],[11.882610522563924,52.481517510877225],[11.879364556746637,52.47876227237742],[11.888755948521796,52.475427319021605],[11.899191632574627,52.46900464125279],[11.896212015523425,52.467420962611655],[11.902746025351,52.463066693664324],[11.900482116708334,52.45658096141669],[11.903297004263646,52.45666510257883],[11.904199459144674,52.459674539792054],[11.909078358655417,52.4602077182332],[11.907146551448275,52.44465724775122],[11.912858903734557,52.44515697112528],[11.916654996148942,52.44930386830551],[11.9179854535471,52.465730717998326],[11.922089330445543,52.466301411738414],[11.921569492904231,52.468064280647724],[11.945600707815709,52.471356432669914],[11.953731295299326,52.476367495884766],[11.95536006826317,52.475718193598084],[11.961718743837588,52.48009352123138],[11.966779962186012,52.48124625465786],[11.973716449681888,52.48116345291965],[11.971906028894749,52.47911602274192],[11.97859044180325,52.47797876242721],[11.98583830636416,52.47853212725377],[11.988471168164693,52.4729657776544],[12.00164097466821,52.46242790907142],[12.001241865169241,52.45799274177644],[11.993201417037822,52.44859625510821],[11.99398311161165,52.43543391846747],[11.992091116250824,52.43031228430675],[11.988398490042556,52.42646156958073],[11.977431522497854,52.419714053726274],[11.96649758126651,52.40385475173409],[11.960063782801074,52.39984909327218],[11.938385324564534,52.39601225441489],[11.92821111255723,52.390952471581514],[11.929138445979852,52.38682172571247],[11.940220792539199,52.38077963873499],[11.940560883087743,52.37533352366308],[11.93497460202171,52.372989695242076],[11.920659221081438,52.37296196331018],[11.912210479926793,52.37114563984717],[11.908195423938379,52.36682117374554],[11.906170722597517,52.35939695812348],[11.90083997977266,52.35420230317765],[11.876594197445407,52.344457014347995],[11.863834037587287,52.33679491286637],[11.851885748433324,52.33157799917813],[11.84783721891698,52.336615816191944],[11.84503090906275,52.345948327636265],[11.85714812521714,52.34736795868703],[11.854530502843488,52.35610248910474],[11.84341760059279,52.35466610199821],[11.83064025856597,52.3631666469552],[11.828088543248265,52.37203323369872],[11.818099335325732,52.37217024680178],[11.826311658130145,52.37806142959135],[11.834223008705665,52.381661715718835],[11.836140606362182,52.38622709982507],[11.835040109142046,52.389936106042924],[11.840619072218912,52.400968743264976],[11.817188626537211,52.41486030376657],[11.81535092265423,52.41338731120755],[11.807750700402961,52.413582996237196],[11.801960062658749,52.41066377649829],[11.789483125617501,52.41513363718437],[11.795242458103624,52.42152983997515],[11.791371541444763,52.42095984046715],[11.783158253600632,52.41670216325889],[11.781889845269355,52.417263049519434],[11.78585542062421,52.419444903828534],[11.781982120779196,52.4211133935616],[11.773491241181457,52.41818125756742],[11.774277915246552,52.4151069341468],[11.776879352168041,52.41488895125851],[11.779064523476698,52.412924321214554],[11.782062917342591,52.41514316836719],[11.788773180987858,52.41345926189159],[11.789459425081143,52.41123023959749],[11.782540601986387,52.40432443530549],[11.785679272830604,52.4019702924221],[11.78237981992959,52.40023359504431],[11.779543172462981,52.40235057874618],[11.774111162712462,52.39955698505391],[11.767074480112505,52.402410701360544],[11.748135932034192,52.40302258951403],[11.731289699833969,52.40755866285668],[11.724824420189776,52.40789080475735],[11.722673880378318,52.409387349187085],[11.719034548706574,52.407811711678036],[11.717929719396281,52.41046327379819],[11.721791544410456,52.41187751672587],[11.721945154493518,52.4138511898852],[11.72556041934651,52.4142731111378],[11.727081118349648,52.41879080019408],[11.729878162716057,52.41940083033388],[11.73049480821951,52.42311821429247],[11.732956926700089,52.424379199021395],[11.72591806288114,52.429732502309804],[11.716775109280869,52.42771901965058],[11.700075881990228,52.459159819353204],[11.696873818491403,52.458346251271415],[11.690979095573134,52.45925917021371],[11.673156375866627,52.46407516612704],[11.662596761983481,52.462882467607194],[11.638667337224001,52.46457723427963],[11.643101444809497,52.46985067738238],[11.587162383552231,52.45869468526068],[11.60202691951911,52.4878436941896],[11.61001246545498,52.490234677500936],[11.615916050196908,52.484711854889454],[11.63351883583359,52.492577697956655],[11.646866119498306,52.50192322185899],[11.659132299360765,52.51349783387695],[11.662177736245686,52.52040834082207],[11.671520193257066,52.52426930055113],[11.678486540690571,52.52941149435831],[11.691843135623703,52.52547280019655],[11.698584685108926,52.524660025897475],[11.699080697958976,52.525563470081266],[11.69479826994553,52.52656196708914],[11.695729544492432,52.528562377625796],[11.697836285738434,52.52797035479777],[11.713960284491277,52.53922006328723],[11.71696064204238,52.54324601678912]]]]}},{"type":"Feature","id":"15090550","properties":{"ags8":"15090550","county_ags5":"15090","state_code":"15","name_de":"Tangermünde","valid_at":"2026-01-01","source":"BKG_VG250_2026","part_count":1,"simplified_tolerance_m":80},"geometry":{"type":"Polygon","coordinates":[[[11.981644440108676,52.64450565382109],[12.015039907775776,52.64365873806307],[12.013369693073315,52.63785516390513],[12.016012038494297,52.62459290457644],[12.012775944652375,52.61909359088408],[12.007372541362171,52.61607777594454],[12.004097579158197,52.609785910168426],[12.003494463298374,52.59960125457357],[11.999278160864884,52.588735210104815],[11.989292645883477,52.577651373501446],[11.985723046214009,52.567513912071895],[11.985456188453742,52.55056295322748],[11.97961764010859,52.53639664673065],[11.96306885919527,52.5237844122714],[11.96000271315415,52.518766935585205],[11.963141399651482,52.512364308690046],[11.976491279691945,52.504110796780154],[11.985012661914292,52.493984098553824],[11.98583830636416,52.47853212725377],[11.97859044180325,52.47797876242721],[11.971906028894749,52.47911602274192],[11.973716449681888,52.48116345291965],[11.966779962186012,52.48124625465786],[11.961718743837588,52.48009352123138],[11.95536006826317,52.475718193598084],[11.953731295299326,52.476367495884766],[11.945600707815709,52.471356432669914],[11.921569492904231,52.468064280647724],[11.922089330445543,52.466301411738414],[11.9179854535471,52.465730717998326],[11.916654996148942,52.44930386830551],[11.912858903734557,52.44515697112528],[11.907146551448275,52.44465724775122],[11.909078358655417,52.4602077182332],[11.904199459144674,52.459674539792054],[11.903297004263646,52.45666510257883],[11.900482116708334,52.45658096141669],[11.902746025351,52.463066693664324],[11.896212015523425,52.467420962611655],[11.899191632574627,52.46900464125279],[11.888755948521796,52.475427319021605],[11.879364556746637,52.47876227237742],[11.882610522563924,52.481517510877225],[11.880983658844166,52.48274175681532],[11.882084246859893,52.48569293467172],[11.87779361774215,52.48713188862772],[11.87761117644657,52.49033239241269],[11.874461648290499,52.4944234988644],[11.881996826497575,52.49905873769287],[11.886710952940392,52.49601935802207],[11.893435205699959,52.50174461950084],[11.892261484036716,52.50312893372105],[11.894223547783314,52.5054037236436],[11.891068325519964,52.50775174029549],[11.884559646734449,52.50769133880093],[11.888706034743322,52.51048628166715],[11.881078629741038,52.52992057488052],[11.889554554744103,52.53026389119054],[11.889540291252699,52.534086593575246],[11.902228727592735,52.53563060070473],[11.908704522082846,52.53424195321653],[11.921562729351491,52.53785962368927],[11.917432061591954,52.55510515722042],[11.907629047051486,52.55871550163204],[11.893271445713316,52.56157064029948],[11.914115825966144,52.5800127025186],[11.923512797625389,52.57743786629566],[11.93745584089144,52.604308579988924],[11.9489425471075,52.595896833373445],[11.961437556795929,52.59045772893571],[11.96919919016102,52.59495839416591],[11.97558588379897,52.60481102794181],[11.973571175601533,52.614513164580835],[11.97725414814889,52.61373067005284],[11.978863643898652,52.61772228529414],[11.978903162840027,52.61891799777532],[11.976642575888047,52.61937736225702],[11.974686646765536,52.61787228515641],[11.970909344785117,52.618943649312044],[11.973949967102396,52.619284331723186],[11.975230657528513,52.621822976018606],[11.972232021030088,52.62338753111175],[11.974193786782275,52.6307216085491],[11.976099234234333,52.630680358113864],[11.978433600325847,52.63489999814499],[11.981644440108676,52.64450565382109]]]}},{"type":"Feature","id":"15090610","properties":{"ags8":"15090610","county_ags5":"15090","state_code":"15","name_de":"Werben (Elbe)","valid_at":"2026-01-01","source":"BKG_VG250_2026","part_count":1,"simplified_tolerance_m":80},"geometry":{"type":"Polygon","coordinates":[[[12.028558812991301,52.88821378759148],[12.042999626590642,52.888853152640614],[12.048152622752582,52.88591360433828],[12.046343234946411,52.885140348122526],[12.040111182621915,52.8871978369971],[12.034149173481397,52.88417081457118],[12.027526245508966,52.883516848072006],[12.02861845874784,52.87809859762394],[12.03002713326555,52.87799993641556],[12.027041637809589,52.87144519118021],[12.02972286840134,52.863654931924145],[12.024697808263555,52.85521667179364],[12.038591251813855,52.84670518231457],[12.041115681992725,52.84153828088969],[12.037298005104597,52.831890825520375],[12.02295245351947,52.8188180049674],[12.022490099013469,52.81326591205469],[12.007306592720026,52.81286760294791],[11.995600850120072,52.80808714893135],[11.991571222034674,52.809720268764764],[11.9925188738585,52.81090444010666],[11.97699761856493,52.810986461754375],[11.978236503661245,52.81011281814512],[11.965688554851063,52.80918115252181],[11.964657718477438,52.79681253964685],[11.95466175293181,52.796704956840294],[11.95506218282008,52.79099061576674],[11.93242869258662,52.78880500534668],[11.926511106487006,52.78976505030189],[11.923687534908389,52.79285579288984],[11.918322663762758,52.792856596228745],[11.917547711085838,52.794780227399116],[11.919844999339004,52.79480888676179],[11.924205298482683,52.80580831629532],[11.926775945761518,52.817036993968905],[11.926791011523003,52.82862834092969],[11.916175960808413,52.83377949863575],[11.924751259299887,52.83473603344966],[11.924743950306556,52.83573542107679],[11.928944417870664,52.836975113925675],[11.945626900715567,52.8408242835728],[11.95170012418366,52.863562099131556],[11.95967385511168,52.86023302352813],[11.960621230519097,52.863290365538134],[11.963392144731232,52.86235318581585],[11.962497822764057,52.86659271353454],[11.96473059138089,52.86941642538674],[11.964442306056467,52.87226296437663],[11.967320353737819,52.87404326339593],[11.95944472326896,52.879927505224394],[11.961923612158316,52.88099023030984],[11.97878245831727,52.87637723347301],[11.98388669054064,52.876117176425716],[11.987251446832044,52.876732490980004],[11.990478383073992,52.88121615984095],[12.005318257413997,52.88179761256066],[12.006119543033861,52.887461929146205],[12.018785454504144,52.88831147788178],[12.022043627308399,52.89036550536082],[12.028558812991301,52.88821378759148]]]}},{"type":"Feature","id":"15090631","properties":{"ags8":"15090631","county_ags5":"15090","state_code":"15","name_de":"Wust-Fischbeck","valid_at":"2026-01-01","source":"BKG_VG250_2026","part_count":1,"simplified_tolerance_m":80},"geometry":{"type":"Polygon","coordinates":[[[12.161170282739981,52.56272574420528],[12.149438532529837,52.54054656173215],[12.143487783254699,52.53686760493072],[12.144917252931233,52.533278277751755],[12.141811422906104,52.52839423815693],[12.145402972406524,52.52961570691586],[12.154636380028967,52.52969639192176],[12.158198181670269,52.534216664164234],[12.17388841175665,52.53869239773547],[12.179603896487075,52.53366350800341],[12.188689499363832,52.53242277871244],[12.185466796243675,52.52702032584381],[12.177786438495088,52.52389305892124],[12.17380082669296,52.518722149533026],[12.16729483052779,52.51498540673304],[12.171291055417907,52.5061824587737],[12.162397743026213,52.5009886931367],[12.154504011401034,52.50406238964845],[12.152332456135117,52.50353450115191],[12.150780472448856,52.50582251987406],[12.145480301879717,52.50720829261426],[12.141447380852654,52.51374961730961],[12.137266957887451,52.50795844396989],[12.114157430112398,52.506462665212226],[12.109574067155846,52.50731553335137],[12.103034876725603,52.51160780823211],[12.104321791736407,52.51378017966196],[12.102434220056157,52.51996749128016],[12.103210403376746,52.524355621695506],[12.091573574980078,52.53054530750513],[12.088682663755803,52.5338814930034],[12.081083888719867,52.53505475527182],[12.077374620651012,52.539888492317544],[12.074618538379788,52.539960494427454],[12.062745027423281,52.53493407516419],[12.060081519477198,52.53087601764345],[12.051017991041338,52.52511048601436],[12.047538312793513,52.526837206249404],[12.03829499646903,52.524356079994305],[12.037422690824501,52.52300002854779],[12.020613972067759,52.52479630333397],[12.01276318912199,52.52332104333812],[12.01027811274419,52.52046495611682],[12.004935238956255,52.51943445404216],[11.994084927916564,52.51860703792212],[11.990703246044662,52.51978222267001],[11.993499761345987,52.525387156637414],[11.987283660032192,52.53196734875114],[11.988172304472323,52.53549085623514],[11.992778150614795,52.53642103018764],[11.991181928054345,52.54005804472873],[11.992255481452709,52.54299568343503],[11.999111461839636,52.54635551605701],[11.996271905721894,52.55498939430287],[11.99850142464794,52.559881618071365],[12.03329162889328,52.55830214259839],[12.033702881190253,52.55953814390798],[12.055008896069879,52.55798427638331],[12.058731932108044,52.56134784768668],[12.067525008198027,52.55942718623413],[12.071593998062303,52.5597250289854],[12.076081526642744,52.56394786816089],[12.09198240382236,52.57279656811812],[12.095935966616938,52.58017378684545],[12.133105144707766,52.586377479264],[12.173214810796656,52.597467155475584],[12.174215378782367,52.57958994531933],[12.176727823679428,52.57649686787256],[12.18107809105318,52.57517708322109],[12.161170282739981,52.56272574420528]]]}},{"type":"Feature","id":"15090635","properties":{"ags8":"15090635","county_ags5":"15090","state_code":"15","name_de":"Zehrental","valid_at":"2026-01-01","source":"BKG_VG250_2026","part_count":1,"simplified_tolerance_m":80},"geometry":{"type":"Polygon","coordinates":[[[11.527132289899255,53.00799570438697],[11.533130367690108,53.00340628321727],[11.54338040432304,52.999452413683066],[11.556416553019776,52.998665802355006],[11.555311140329492,52.99690764628862],[11.557620198241132,52.996516532993354],[11.55879908576098,52.998333227187366],[11.564800412295536,52.99964476089209],[11.558386729726946,52.98005565666192],[11.563114348984433,52.98028421687247],[11.56491735775417,52.9765821912108],[11.569839105173491,52.97684475449389],[11.576126628648153,52.97507209600972],[11.577212235130837,52.976842709523666],[11.584836113034601,52.976739084700256],[11.588912134380918,52.975309112944466],[11.58930604195171,52.973759140661265],[11.59298551757165,52.973177726463774],[11.595528817010699,52.976652374955904],[11.60328096265379,52.97392106641445],[11.60728396545456,52.97079182402463],[11.59893563862421,52.960842403635525],[11.604429301910775,52.959614862385855],[11.60248874424781,52.957618439064554],[11.592335909946803,52.955255377661224],[11.60888544495559,52.95203078897264],[11.613339103455678,52.94856449624187],[11.617536532006513,52.95268895683685],[11.62249502588417,52.94978413583538],[11.630483722561829,52.94840648007564],[11.633254493630538,52.94615088693278],[11.629052448286924,52.93953639950189],[11.636260035596994,52.937374344331346],[11.640520356881455,52.93297577032059],[11.639075268233958,52.930667433461274],[11.642049598060648,52.92581120421336],[11.646589863464726,52.921866222718144],[11.656447466451144,52.91763683811403],[11.657545995603757,52.91926283793143],[11.662566923135365,52.917848249741226],[11.659651125883586,52.91292053417505],[11.660463215568498,52.91077403760403],[11.666620473100187,52.90906068562694],[11.668179915464732,52.911806121452535],[11.689086550502253,52.90379880132041],[11.683886774660403,52.89952456153016],[11.680680466446612,52.89189484033277],[11.674222255887267,52.89223613462817],[11.659872128986725,52.8892627835513],[11.651997977347966,52.890451038035195],[11.635812917125667,52.895442405215945],[11.637523841333739,52.89780917675596],[11.633415019019104,52.90012344266551],[11.622875552762615,52.90183867413055],[11.607594330624831,52.90086388438967],[11.602031959753596,52.902622806013426],[11.588387517455752,52.91200685936152],[11.578049709471486,52.91565950844338],[11.571923391802533,52.9212972600433],[11.568392117119336,52.93030596226825],[11.55977752576622,52.933024567699825],[11.560446008085465,52.93594566572923],[11.552655792349043,52.93501528118858],[11.54743537215404,52.93640001114763],[11.544349022133721,52.935518429766184],[11.54459429621257,52.933924888155104],[11.55748122663448,52.92762337100112],[11.55183564730747,52.9243509051466],[11.550319292315804,52.92174758057548],[11.540471214115339,52.92458965279567],[11.533870447060012,52.925121711301095],[11.519079472005293,52.93105106143181],[11.517708305709142,52.928236542683756],[11.506478804476055,52.938315888801796],[11.492342519850515,52.9596628824396],[11.506428194704608,52.99974518653327],[11.512490563922931,53.00744492601534],[11.513945573730785,53.006542757822196],[11.519057033054251,53.006693303144125],[11.527132289899255,53.00799570438697]]]}},{"type":"Feature","id":"15091010","properties":{"ags8":"15091010","county_ags5":"15091","state_code":"15","name_de":"Annaburg","valid_at":"2026-01-01","source":"BKG_VG250_2026","part_count":1,"simplified_tolerance_m":80},"geometry":{"type":"Polygon","coordinates":[[[13.089372903410169,51.78008382178527],[13.093092390909877,51.77812119839337],[13.101068195144292,51.7767766391119],[13.093818325893713,51.763334022626246],[13.08926272591895,51.7582008047612],[13.091285956501913,51.757781448016516],[13.091262970561232,51.75946533712778],[13.093964584659597,51.75901913768532],[13.09441267290615,51.76052156332202],[13.101574368530285,51.76299289770846],[13.102619434436292,51.762240821419496],[13.10064597175936,51.76062133869364],[13.10872504079683,51.7606000583998],[13.110976827221231,51.75669216284088],[13.116736280957996,51.756743672102836],[13.118260875449197,51.75473898063268],[13.120884855682048,51.754376996873475],[13.124858748482927,51.76528111577422],[13.12839321272461,51.768590409141964],[13.13599392893957,51.76893808736635],[13.147936353135648,51.76216454802814],[13.149853528989846,51.7592671490862],[13.16051892739351,51.75482246172352],[13.163294686423953,51.75493602788573],[13.16270984661466,51.75054328919961],[13.15833369681948,51.75095755700503],[13.15401037998121,51.74424794655381],[13.156877252141085,51.74363643878736],[13.155413147431808,51.7414756147337],[13.160751932528468,51.73986955127801],[13.162152494890496,51.741781553753476],[13.16412739425869,51.74188858504898],[13.168417418549755,51.738696688559074],[13.16715472216579,51.73538412525647],[13.176202932298391,51.7336765942118],[13.179897628777953,51.73067638978727],[13.183252670204766,51.72324194500903],[13.186499525611675,51.722110775251565],[13.184397871375252,51.721586844287295],[13.184265783663452,51.719910117334464],[13.187071618917617,51.71562451348371],[13.179436208938554,51.71624028720509],[13.175227140843942,51.71822188348349],[13.171984491842112,51.71706616408815],[13.168685410766017,51.7186691866965],[13.166378011392242,51.717890074810114],[13.171218608240244,51.71253459740337],[13.170109944022789,51.70808681955406],[13.165189976205433,51.70993512877191],[13.161730163985014,51.71297463637442],[13.155100575026982,51.71078688123648],[13.161264644594459,51.694985955813905],[13.156144751422719,51.69472949951629],[13.162459539611136,51.69181513215197],[13.161745033770343,51.69060222578695],[13.155079675830384,51.68906577890124],[13.154528682400183,51.68670591629144],[13.14100726177564,51.68109242775875],[13.02346707611807,51.63730338400514],[13.017858566403335,51.64434680922193],[13.020466254163189,51.65338694971145],[13.017192195371926,51.65963170348362],[13.011572473988128,51.66454880855584],[13.005252373945048,51.66185776483061],[13.001428514354595,51.66755934394047],[12.998639077300503,51.6671413411405],[12.996291834902276,51.66924715538663],[12.977796675215778,51.66824761336398],[12.97719947334993,51.66636223505618],[12.981760009813952,51.66486619762738],[12.979417787080648,51.66320061684236],[12.97368545618599,51.66512120123574],[12.966821293696718,51.66566476309488],[12.971502577110714,51.65024867314333],[12.96504314206299,51.6514410280999],[12.9631503469185,51.64956571625887],[12.958264132224432,51.65128158833643],[12.949527972529983,51.64943393023245],[12.9523552794841,51.64358867264219],[12.950784514270973,51.64256385391054],[12.950084762843849,51.64353516641572],[12.94216359709827,51.6380059352457],[12.935981049454107,51.64577553864443],[12.928109045254798,51.649565013366306],[12.922333807547837,51.649800566444746],[12.915230947537264,51.64846080138966],[12.91512480011271,51.64519809835253],[12.913414146026152,51.644118501723355],[12.908603570630683,51.64652586092569],[12.902804327555536,51.646022875798174],[12.897524743458087,51.64742626603947],[12.890810731762203,51.6539678757199],[12.890847446070232,51.656134290253725],[12.892638311443099,51.65469004729342],[12.895168609059455,51.663765702307046],[12.889194796172138,51.66688389434979],[12.880393947268168,51.659060202251865],[12.872772171737418,51.65828469770723],[12.86840814316213,51.655347772602326],[12.865793810732011,51.65502669108825],[12.864955735386857,51.65570074995171],[12.867478547013489,51.6565075635012],[12.863864349557833,51.6615114765917],[12.866515123595871,51.66395721939302],[12.86087169284372,51.66470775207014],[12.86222743869185,51.67378172922515],[12.860471136386359,51.67473724641087],[12.858961009602211,51.672195427606184],[12.856780680774504,51.67269615149357],[12.859029566150802,51.676194885636896],[12.855930761998065,51.67910687938685],[12.854323332634396,51.67849108406761],[12.850153138412441,51.681458402087955],[12.848660101724073,51.68103083362908],[12.84638741954646,51.68421943486923],[12.843862267873618,51.68497371608684],[12.84189677139925,51.682222465102974],[12.830096792343639,51.68166352847538],[12.829712646187392,51.68492030520026],[12.839776849884048,51.69002295399521],[12.839126374061259,51.69748838938921],[12.840641024790424,51.70103082180065],[12.844448841080718,51.70092015877963],[12.843728068149662,51.70804488943568],[12.846617511552513,51.70873466240877],[12.847175455789843,51.707751533472106],[12.849946730054263,51.71064871136271],[12.8506372629883,51.714775256685094],[12.853493296165075,51.71508751040204],[12.859380106975921,51.719371569249866],[12.857991133472671,51.72297009179556],[12.855209032992818,51.72434002230151],[12.86330555431673,51.72689873960898],[12.865498989553126,51.72531582278296],[12.867332462310118,51.726296231995974],[12.869626597215785,51.72498123902838],[12.87518890951456,51.72548178715592],[12.87649583603178,51.72302538066195],[12.875848431621204,51.7217242853822],[12.872801287368047,51.72109236947648],[12.873190507789703,51.715756185428084],[12.881753924238984,51.719364417390004],[12.889568431214009,51.71888285749845],[12.895087802747161,51.72287292004021],[12.90062476783573,51.72294649044987],[12.900917567148078,51.72471964524826],[12.904459346061278,51.726474895419074],[12.90519220944702,51.73158142426272],[12.911568670549343,51.73073162940973],[12.929692068256784,51.74280013178673],[12.955234575802864,51.73813280128577],[12.960813287794831,51.731896331333154],[12.968487117723297,51.7311964922594],[12.967637977717265,51.74203335965511],[12.971168881638595,51.74232397971147],[12.971147530602515,51.74499348540494],[12.973510554324843,51.74306098030631],[12.978266009286695,51.74303298337793],[12.978255231539004,51.7421282329737],[12.987193890311307,51.74072621462903],[12.984691096690108,51.748733502105445],[12.985447927662909,51.75091386316515],[12.986777902839938,51.75057090664523],[12.98859106983308,51.7527149976073],[12.983632998154615,51.75433631147152],[12.984397300001588,51.75612047634307],[12.977362979930419,51.757185922444414],[12.978681531557546,51.7590305317253],[12.97710836261803,51.76024256602747],[12.974311347659997,51.75975197203205],[12.973815279868194,51.76237259987946],[12.984326913272055,51.76601495090255],[12.987553843954007,51.76586528131736],[12.985901442184566,51.76828522005935],[12.990868310826729,51.76917999779702],[12.991631178571442,51.770397087622555],[12.990701673697306,51.77516013362215],[12.997715244109543,51.7768486886079],[13.012347924994332,51.775648227179495],[13.01445313824671,51.77277724146255],[13.026090008114949,51.775348972529166],[13.023123997883124,51.765860080491734],[13.035330760544548,51.76388922991543],[13.042626065735693,51.76568611723892],[13.04523060974971,51.765012961920924],[13.046648091393925,51.76235323728321],[13.054488875956809,51.76069623616248],[13.059757700206767,51.76101454684404],[13.069419088702197,51.772140988076984],[13.071476141568892,51.77572906360515],[13.06673168417298,51.77901749439705],[13.080551486190572,51.78062731299642],[13.089372903410169,51.78008382178527]]]}},{"type":"Feature","id":"15091020","properties":{"ags8":"15091020","county_ags5":"15091","state_code":"15","name_de":"Bad Schmiedeberg","valid_at":"2026-01-01","source":"BKG_VG250_2026","part_count":1,"simplified_tolerance_m":80},"geometry":{"type":"Polygon","coordinates":[[[12.763507717571382,51.77254493163834],[12.770020827500696,51.77163721214789],[12.768313999121556,51.77494592567075],[12.769482490463956,51.77510355248642],[12.782636235949147,51.774130877179196],[12.790341235279364,51.77300117637561],[12.806001866287582,51.7682603093981],[12.798723591228145,51.76459466651022],[12.789146668385056,51.76479271575102],[12.78234544722948,51.76238846834736],[12.776916815078929,51.75517865227869],[12.782360974604824,51.75123978820087],[12.78919489392251,51.749298843041466],[12.797556155140864,51.75474092514903],[12.802757042109608,51.75622111705785],[12.80984099826167,51.75608317687875],[12.820709790138963,51.75310835667388],[12.821782670745835,51.753974610092094],[12.82303416616825,51.7526360196981],[12.822588928774401,51.749017613234884],[12.808202282928503,51.74008258651455],[12.803731970811922,51.73366242410324],[12.802662010389794,51.72854405338745],[12.80452332807381,51.72464667988111],[12.808645205506524,51.721614228370605],[12.838063487684963,51.71228820904698],[12.843728068149662,51.70804488943568],[12.844448841080718,51.70092015877963],[12.840641024790424,51.70103082180065],[12.839126374061259,51.69748838938921],[12.839776849884048,51.69002295399521],[12.829712646187392,51.68492030520026],[12.830096792343639,51.68166352847538],[12.827882306897374,51.682247180314995],[12.831806999448693,51.6760224439142],[12.826386192880618,51.675328180979],[12.819517431865878,51.672627962281965],[12.81773990067987,51.67040368342364],[12.80735082009765,51.66733072363937],[12.792533530584437,51.66550081443013],[12.789545465808484,51.663644099616995],[12.78220929176268,51.65384134585435],[12.772706245853794,51.64750905333851],[12.764607835789034,51.6465653491595],[12.764844056101921,51.64828869937403],[12.760090289230249,51.649694235069845],[12.749936275422565,51.65005877233305],[12.740164506004836,51.65555461962257],[12.731013925892405,51.656330739883785],[12.717402314454013,51.661204027107395],[12.706221331733486,51.66237115049406],[12.699378165013824,51.66052697323594],[12.693301781975864,51.6624332072569],[12.686675620168842,51.66199282251252],[12.678685650778553,51.6562359798711],[12.677020963710984,51.649840593760864],[12.66652374684492,51.64222535180864],[12.667717479850014,51.637194384195794],[12.665845260096292,51.631599376216414],[12.663784836885581,51.63172286466765],[12.663483887030422,51.630213882688736],[12.657887023652291,51.63031626674231],[12.653016856964992,51.626347451435066],[12.648732249698542,51.625053868700924],[12.649112655495932,51.62044632642261],[12.640042710022154,51.61889652925942],[12.637112409376265,51.61709221093994],[12.622769423022422,51.61563642543263],[12.608332217857376,51.6106020413655],[12.611980179383485,51.61425630447068],[12.622360137403662,51.61644618178051],[12.623928348664396,51.62181636760754],[12.629228985315585,51.62523564677428],[12.624168775726437,51.627984239132985],[12.620978956833879,51.62742194198687],[12.614486916778905,51.631590340101106],[12.616771718610513,51.634087397185446],[12.618360351232049,51.64215884682872],[12.624109593759679,51.64884156329686],[12.625136656272542,51.65475403436295],[12.626552257679517,51.65625855328359],[12.632001189606655,51.65395540100739],[12.633117435122996,51.66454615535114],[12.639561744009546,51.67174661379096],[12.641892386731683,51.67731135005854],[12.63857402247249,51.68095336603173],[12.63822147785311,51.68393869664596],[12.626658524644887,51.69151804626489],[12.624684716864005,51.691597773431454],[12.625496914640946,51.69456285577471],[12.622132427646973,51.697890181147095],[12.621162143567169,51.70350542869055],[12.622044193751753,51.705343558050984],[12.627177694295863,51.70546736690017],[12.626725613499648,51.71100133953244],[12.629147433292594,51.713540713638515],[12.620927370478997,51.71560526655415],[12.6186115657519,51.72283749823092],[12.629182745092608,51.724240751530246],[12.629866647463357,51.722437503901475],[12.633945817379422,51.72290401191765],[12.633036769213467,51.72608830024351],[12.640409625971863,51.72817814343447],[12.642479328143436,51.72441480432289],[12.647160182956078,51.72072107229189],[12.65135682283963,51.72152684217769],[12.670393455587305,51.7351844668762],[12.666407948172482,51.73977222410617],[12.665128819925517,51.74732114482612],[12.669354679568583,51.748377779633],[12.669691988501253,51.747543620239995],[12.675323839686076,51.7479802895897],[12.676722837668729,51.74600162421071],[12.679641715658324,51.7482248889492],[12.683773758825948,51.74912974631422],[12.685242959479117,51.75346756178419],[12.690026743377862,51.7559349394221],[12.682902014213964,51.75939660197549],[12.68392468301921,51.76001971595099],[12.682183103053555,51.761313847984205],[12.686735320162104,51.77250158788852],[12.689771458642545,51.77047456363528],[12.693199214926357,51.77116714557374],[12.700387236292828,51.767109948190516],[12.703436376928675,51.77107620564887],[12.715891738874877,51.76926997675245],[12.722936552499192,51.77206692060244],[12.733138375482616,51.767370126441776],[12.739689280153344,51.774050440491536],[12.745530330696557,51.77040289497234],[12.751227963114982,51.769745770935835],[12.752532542858317,51.774773394373796],[12.75591883578474,51.77680447947677],[12.753835317361347,51.76966919931461],[12.758646393709908,51.770153581916496],[12.7606889961463,51.77762797441654],[12.764997117938272,51.77718375476783],[12.763507717571382,51.77254493163834]]]}},{"type":"Feature","id":"15091060","properties":{"ags8":"15091060","county_ags5":"15091","state_code":"15","name_de":"Coswig (Anhalt)","valid_at":"2026-01-01","source":"BKG_VG250_2026","part_count":1,"simplified_tolerance_m":80},"geometry":{"type":"Polygon","coordinates":[[[12.376122474587248,52.045119281353266],[12.389599427229614,52.04356576788229],[12.39821670011755,52.03564719109626],[12.405807481705741,52.03109796591572],[12.409288533771498,52.029071028293494],[12.420203660093867,52.02652446872365],[12.426813214743554,52.01967556828002],[12.434533610003214,52.017207825784105],[12.45000244392721,52.01621286230803],[12.453018880435339,52.026048331264676],[12.457816949409281,52.029912119354236],[12.460757552474828,52.03472049827338],[12.480615350544726,52.03333511475817],[12.484955699965292,52.01714982884036],[12.498826521947874,52.008922887814556],[12.536306597768226,52.002880022355896],[12.53533725107071,52.00109690295204],[12.54083889886973,51.988166251492714],[12.539394591285914,51.984888942477674],[12.603019491225773,51.981086683800164],[12.603950529163104,51.97036168938166],[12.59259934959938,51.960793480137475],[12.585599362135435,51.95178727724387],[12.584368062260781,51.94780208052925],[12.585925671920721,51.94145091141662],[12.581487826137948,51.92692773115378],[12.566998653897665,51.91875337927648],[12.560300363208546,51.91288542687631],[12.555122760599113,51.903192640260876],[12.548759645136256,51.897021975645515],[12.529150861439815,51.899060546131636],[12.523180781009088,51.89652438398105],[12.503884369871153,51.90192664868575],[12.50201005749734,51.898673714555635],[12.485176949587203,51.89992797933481],[12.485175698324243,51.87990593909747],[12.488434930293364,51.87862759492645],[12.482237946668965,51.872882011445235],[12.47939999288184,51.85867452127962],[12.47444577951702,51.85704275200679],[12.466791553802627,51.85723811499529],[12.45826248026184,51.85896287922799],[12.451689303058625,51.86191469704917],[12.448031419933626,51.86779689076966],[12.452636672661587,51.87891554811849],[12.449796190370682,51.88116686684205],[12.444324625889312,51.881742478571645],[12.415307496529255,51.87357534436119],[12.402534065834532,51.863612367242],[12.385069856519886,51.86200123719188],[12.38176754490845,51.858409248837816],[12.380394310497078,51.84979248068482],[12.37627361431463,51.84746409371688],[12.370543522738961,51.84661869411401],[12.362649444011115,51.847561695417795],[12.358631624901541,51.849505346317656],[12.347212113202138,51.86205634305848],[12.32658779387089,51.868179290547914],[12.32254908626842,51.870409918142435],[12.321530399476238,51.874088591065835],[12.332173666061976,51.87875616543991],[12.331533495832067,51.882356329496055],[12.327607820562543,51.883082659216775],[12.315411650820128,51.882063917022435],[12.308627189108337,51.88439894790744],[12.310776300027706,51.885787915611836],[12.318948434197207,51.884700267178715],[12.321090106537083,51.88843768909133],[12.320490190261564,51.898155882590984],[12.317187902358937,51.899961060141294],[12.316676320380903,51.902083437133285],[12.319253512376527,51.90435341675936],[12.315071107414619,51.90705691388212],[12.317033477896688,51.91102207737138],[12.319832526818297,51.91261690720616],[12.310358552648736,51.914635324343216],[12.309814874012101,51.916081128164485],[12.308203052083373,51.93262598229017],[12.320593879140004,51.93998625350198],[12.312639687641774,51.94933962407842],[12.306109603880543,51.952102317458056],[12.304217041493093,51.951015294242715],[12.301581304752304,51.951748072899576],[12.300687000891088,51.94865734172038],[12.290656843042823,51.94354498314678],[12.286142671118029,51.94537643227076],[12.283373957305336,51.9435302836849],[12.279374909371015,51.945441865626776],[12.281170424714723,51.94667469246621],[12.27227343869884,51.95383941836443],[12.269582370595257,51.9583108067878],[12.27956850682236,51.96042032479257],[12.278793641334378,51.96332019614088],[12.282248776067874,51.96414128627905],[12.280126510912675,51.979487209085555],[12.27541601464417,51.97900869151515],[12.269344591748688,51.98061969068705],[12.263447060794292,51.98071619068859],[12.26246572000314,51.979084150563175],[12.256799014118494,51.97723341399814],[12.252013774855445,51.9770699977594],[12.251976710328353,51.97799730010587],[12.254141943459546,51.9782263466869],[12.254677930035246,51.981538576372415],[12.25911672194692,51.98252579733611],[12.255463271872104,51.98752841403378],[12.267974870929738,51.98922380588594],[12.273383513535133,51.992625469431275],[12.27861862455108,51.993438162187964],[12.277987538958376,51.99481522950212],[12.294542563003537,51.996951304572875],[12.309844454962445,51.99613489667039],[12.321729656667578,51.99990370565682],[12.326711852756082,52.003804411080345],[12.325799533100973,52.006130822288206],[12.32964790210278,52.00647667344158],[12.331555280201552,52.011108200757455],[12.339458005423019,52.0190124426005],[12.354539089065929,52.02689466321772],[12.365031867548275,52.02772967096671],[12.368990832899701,52.02256589002014],[12.375935132698897,52.022609733115225],[12.373824179615548,52.02764573860757],[12.374389005153498,52.04025176515627],[12.376122474587248,52.045119281353266]]]}},{"type":"Feature","id":"15091110","properties":{"ags8":"15091110","county_ags5":"15091","state_code":"15","name_de":"Gräfenhainichen","valid_at":"2026-01-01","source":"BKG_VG250_2026","part_count":1,"simplified_tolerance_m":80},"geometry":{"type":"Polygon","coordinates":[[[12.382288949187917,51.80002737001363],[12.394760913748609,51.77953660538628],[12.40132628263263,51.77868456096409],[12.402375784603798,51.78089041667443],[12.412929364373312,51.77896577943865],[12.41615128729149,51.7769249896333],[12.422337270173621,51.776725819279534],[12.427516272407868,51.770207498867386],[12.428799969092562,51.765921131998546],[12.448296340198869,51.76669100380496],[12.460779621263212,51.76895079496283],[12.46064735905319,51.758451133921106],[12.463194552356322,51.75698709812614],[12.475363233965329,51.75671280149879],[12.478318993753314,51.75303851958674],[12.483873850776392,51.75301591701406],[12.490696932501782,51.74284329984192],[12.498997274910812,51.74201288396507],[12.51308997606082,51.735899913413675],[12.517775074293361,51.73730646618507],[12.527068033010503,51.7197250020861],[12.537599023773879,51.713357108184084],[12.568319280751346,51.719560050107],[12.57030526151905,51.71675787809821],[12.577989160359609,51.71284819194718],[12.575397683550504,51.70969882720429],[12.575508820014612,51.70608805023969],[12.572829708342876,51.70450609508166],[12.603040314838324,51.7022090053589],[12.60186006397244,51.69796412948907],[12.611847026131418,51.68498862016205],[12.620015480399797,51.68675248068812],[12.624684716864005,51.691597773431454],[12.626658524644887,51.69151804626489],[12.63822147785311,51.68393869664596],[12.63857402247249,51.68095336603173],[12.641892386731683,51.67731135005854],[12.639561744009546,51.67174661379096],[12.633117435122996,51.66454615535114],[12.632001189606655,51.65395540100739],[12.626552257679517,51.65625855328359],[12.625136656272542,51.65475403436295],[12.624109593759679,51.64884156329686],[12.618360351232049,51.64215884682872],[12.616771718610513,51.634087397185446],[12.614486916778905,51.631590340101106],[12.620978956833879,51.62742194198687],[12.604530296254625,51.62624984035587],[12.599353256384926,51.62348450518085],[12.595492826628208,51.61838104599282],[12.591856763727753,51.61835848497419],[12.591284500117466,51.62248544502768],[12.58640246382821,51.62237100521784],[12.58593634680285,51.625492098545614],[12.585121319759804,51.62474150420494],[12.57495357889507,51.62703032891376],[12.57611505573884,51.630201050635655],[12.56150334622156,51.63548818909772],[12.55947568980005,51.63804760741997],[12.570453025578692,51.637059258479205],[12.569398560904313,51.64168410582042],[12.566486263936143,51.64244943513903],[12.569524566278389,51.64277724426602],[12.571971100308549,51.64778247870758],[12.570961106776402,51.65168150993786],[12.574072064795313,51.66743284829576],[12.549662471848563,51.668402489623126],[12.548883781509328,51.66401562550148],[12.529630454092649,51.66432872567364],[12.517055148478988,51.660486540037695],[12.508468750406898,51.667223679496296],[12.501378836580574,51.67041078531738],[12.4974695570872,51.67068643618697],[12.495131783571662,51.68253353215247],[12.474375450465853,51.68228793840424],[12.473663319069384,51.68959825094967],[12.471834417933996,51.68949376644451],[12.47144815621013,51.69246094697867],[12.474624911180635,51.702802120486304],[12.459930612776166,51.70531425399259],[12.443486518639615,51.70316473797545],[12.434471889281621,51.70370843601884],[12.429850113173313,51.70296005110653],[12.425301007083132,51.69986243201034],[12.419480791666635,51.69886811951602],[12.414075401842405,51.695671041113286],[12.404063125875563,51.6940840283063],[12.397997658063925,51.69416245880416],[12.391928417812316,51.69706630992251],[12.385578561867916,51.69816247288352],[12.37160957629361,51.694766725385506],[12.369404686204808,51.69290281515803],[12.369856542518383,51.690852913402885],[12.360822994564183,51.68520006688958],[12.355833107037993,51.6856744248397],[12.350559352964503,51.68449697808958],[12.34938953088876,51.694396260290965],[12.344781993462862,51.70363485798702],[12.354226883209648,51.70408245401088],[12.363967335688972,51.7070722700413],[12.360400201877503,51.70981888757304],[12.354727545245737,51.7116936468118],[12.354791680864517,51.71421644436449],[12.353666360711506,51.71387693421868],[12.348601530634037,51.719793223588866],[12.337265491287774,51.71789210585942],[12.326477953402135,51.71767212827346],[12.323906040024342,51.726548525078904],[12.328055587528834,51.72679216208744],[12.328050210661898,51.72953029378404],[12.335960861190957,51.72940374586283],[12.335914261747098,51.735451605945194],[12.34064509653044,51.734883225302404],[12.340794580772478,51.73391803769134],[12.346228103242906,51.733887426249886],[12.345366901929903,51.73516967460421],[12.351417134463075,51.73604708665941],[12.350812225227422,51.73792828357338],[12.347761905877995,51.73883980232897],[12.343099209409834,51.749000017751655],[12.348941702846714,51.7507955630494],[12.348833868449043,51.75192103618729],[12.342920200618364,51.752908417248776],[12.343086166253604,51.761598356249365],[12.347754214556954,51.77015534600134],[12.340753112431146,51.775894136845466],[12.33833438994487,51.77987441822032],[12.34292525708689,51.786336253197526],[12.34068478113692,51.79085413054678],[12.362534516887292,51.7989355443365],[12.382288949187917,51.80002737001363]]]}},{"type":"Feature","id":"15091145","properties":{"ags8":"15091145","county_ags5":"15091","state_code":"15","name_de":"Jessen (Elster)","valid_at":"2026-01-01","source":"BKG_VG250_2026","part_count":1,"simplified_tolerance_m":80},"geometry":{"type":"Polygon","coordinates":[[[12.931194821017792,51.93714806378684],[12.960567963355526,51.934910541826596],[12.955974305409006,51.92265712083482],[12.97653592785035,51.91986343459029],[12.97266485232514,51.900881139881214],[12.986081351953635,51.90410877230307],[13.009859055498426,51.90278411342009],[13.017464313909484,51.900384686527296],[13.021779435303369,51.89685164763151],[13.022773443567207,51.90323001495762],[13.0342518595917,51.90110460887354],[13.045407861534548,51.900515106469605],[13.048537912205806,51.89186043009262],[13.037566139364193,51.89088103905327],[13.039438526429104,51.882470302469834],[13.03729343257268,51.88025695126441],[13.029163736039656,51.88104241268545],[13.029547704595071,51.87853202373454],[13.039239290030409,51.870912146360034],[13.061558947043496,51.86883235672339],[13.075455220264706,51.86884609309136],[13.08054807351783,51.86747806620824],[13.085005234460684,51.87401641403201],[13.096239342699688,51.87288021095608],[13.107013980510157,51.87540747381405],[13.113559794544864,51.874897190545475],[13.113611091562511,51.87659344228262],[13.11899345210072,51.8765408344021],[13.119075141884025,51.88282904063199],[13.132335236054669,51.88248822597303],[13.13202675796843,51.87955144113839],[13.138950995855037,51.87951208954375],[13.142228109697855,51.872556808000645],[13.149604230203474,51.87233145630868],[13.150913369353395,51.859610358304806],[13.134216157318875,51.85755420667373],[13.123477552873082,51.85782061850615],[13.123535766323958,51.85459253977174],[13.135552091425232,51.83280346356307],[13.139186164970367,51.83103648223953],[13.139461808298314,51.82862967103711],[13.142163335450018,51.82858870857216],[13.142509506876465,51.82630402975204],[13.139141407685978,51.82469282363969],[13.14208951477025,51.82065462315673],[13.148523436921643,51.820543590054015],[13.149806822800576,51.81933925825613],[13.147529489869106,51.81793735269012],[13.153679179505927,51.814906297986056],[13.163011283569315,51.80201799332721],[13.159957131380992,51.79969213853111],[13.160696205630867,51.79718210961926],[13.158470923681566,51.79761010488045],[13.162691589721254,51.79306857264827],[13.157994610883431,51.78844815249142],[13.17010376070095,51.78702373586733],[13.168708083375032,51.782770375244],[13.160038723018515,51.783928477489034],[13.159570490923274,51.78089716054144],[13.161305813857055,51.780629556490084],[13.161293103716725,51.77881437809027],[13.159798631522722,51.77459014857791],[13.14748182891413,51.766638531850894],[13.155834023616807,51.764570214473046],[13.155235664724916,51.76351242882724],[13.15357596869439,51.76390968964788],[13.149853528989846,51.7592671490862],[13.147936353135648,51.76216454802814],[13.13599392893957,51.76893808736635],[13.12839321272461,51.768590409141964],[13.123530076489171,51.76387686190021],[13.120884855682048,51.754376996873475],[13.118260875449197,51.75473898063268],[13.116736280957996,51.756743672102836],[13.110976827221231,51.75669216284088],[13.10872504079683,51.7606000583998],[13.10064597175936,51.76062133869364],[13.102619434436292,51.762240821419496],[13.101574368530285,51.76299289770846],[13.09441267290615,51.76052156332202],[13.093964584659597,51.75901913768532],[13.091262970561232,51.75946533712778],[13.091285956501913,51.757781448016516],[13.08926272591895,51.7582008047612],[13.093818325893713,51.763334022626246],[13.101068195144292,51.7767766391119],[13.093092390909877,51.77812119839337],[13.089372903410169,51.78008382178527],[13.080551486190572,51.78062731299642],[13.06673168417298,51.77901749439705],[13.071476141568892,51.77572906360515],[13.069419088702197,51.772140988076984],[13.059757700206767,51.76101454684404],[13.054488875956809,51.76069623616248],[13.046648091393925,51.76235323728321],[13.04523060974971,51.765012961920924],[13.042626065735693,51.76568611723892],[13.035330760544548,51.76388922991543],[13.023123997883124,51.765860080491734],[13.026090008114949,51.775348972529166],[13.01445313824671,51.77277724146255],[13.012347924994332,51.775648227179495],[12.99673630799698,51.77672530494076],[12.990701673697306,51.77516013362215],[12.991631178571442,51.770397087622555],[12.990868310826729,51.76917999779702],[12.985901442184566,51.76828522005935],[12.987553843954007,51.76586528131736],[12.984326913272055,51.76601495090255],[12.973815279868194,51.76237259987946],[12.974311347659997,51.75975197203205],[12.97710836261803,51.76024256602747],[12.978681531557546,51.7590305317253],[12.977362979930419,51.757185922444414],[12.984397300001588,51.75612047634307],[12.983632998154615,51.75433631147152],[12.98859106983308,51.7527149976073],[12.986777902839938,51.75057090664523],[12.985447927662909,51.75091386316515],[12.984691096690108,51.748733502105445],[12.987193890311307,51.74072621462903],[12.978255231539004,51.7421282329737],[12.978266009286695,51.74303298337793],[12.973510554324843,51.74306098030631],[12.971147530602515,51.74499348540494],[12.971168881638595,51.74232397971147],[12.967637977717265,51.74203335965511],[12.968487117723297,51.7311964922594],[12.960813287794831,51.731896331333154],[12.955234575802864,51.73813280128577],[12.929692068256784,51.74280013178673],[12.911568670549343,51.73073162940973],[12.90519220944702,51.73158142426272],[12.904459346061278,51.726474895419074],[12.900917567148078,51.72471964524826],[12.90062476783573,51.72294649044987],[12.895087802747161,51.72287292004021],[12.889568431214009,51.71888285749845],[12.881753924238984,51.719364417390004],[12.873190507789703,51.715756185428084],[12.872801287368047,51.72109236947648],[12.875848431621204,51.7217242853822],[12.87649583603178,51.72302538066195],[12.87518890951456,51.72548178715592],[12.869626597215785,51.72498123902838],[12.867332462310118,51.726296231995974],[12.865498989553126,51.72531582278296],[12.86330555431673,51.72689873960898],[12.855209032992818,51.72434002230151],[12.857991133472671,51.72297009179556],[12.859207395985806,51.719113995528865],[12.853493296165075,51.71508751040204],[12.8506372629883,51.714775256685094],[12.849946730054263,51.71064871136271],[12.847175455789843,51.707751533472106],[12.846617511552513,51.70873466240877],[12.843728068149662,51.70804488943568],[12.838063487684963,51.71228820904698],[12.808645205506524,51.721614228370605],[12.803238641522762,51.72647175630641],[12.802723353664325,51.730621937040404],[12.805521836561761,51.7366696899234],[12.811463675378874,51.742935067036605],[12.82303327767638,51.749485916044335],[12.821782670745835,51.753974610092094],[12.820709790138963,51.75310835667388],[12.80984099826167,51.75608317687875],[12.800689902839379,51.75601363088857],[12.78919489392251,51.749298843041466],[12.779084622150961,51.752706912116466],[12.777134654857356,51.75605647953874],[12.781037491902373,51.761403993207686],[12.785430199315629,51.76415008330039],[12.798723591228145,51.76459466651022],[12.806001866287582,51.7682603093981],[12.816968965168593,51.76998138986644],[12.824344717447044,51.772951016875],[12.82248999192312,51.77698350661979],[12.819496469564779,51.777177145229146],[12.816441971751475,51.77522843546013],[12.81112759888486,51.77716582047475],[12.810912889804923,51.78050384322212],[12.807964174782782,51.78152441355517],[12.806164277279274,51.785528532382685],[12.806368003148192,51.79184585910293],[12.797877340216248,51.79501362242085],[12.804552747919976,51.799006095998394],[12.80490497785799,51.7963273324271],[12.807434782173875,51.7962304923165],[12.808217509883645,51.802291849846945],[12.812611452026074,51.8105404752084],[12.810881481408247,51.81278879357053],[12.805382749278797,51.81512713955094],[12.807420861539574,51.81666251736227],[12.812724368236935,51.81844023649067],[12.815687340422688,51.814449375153416],[12.819342315197284,51.81579097138614],[12.830366086551203,51.81668189367247],[12.832663146754596,51.81134462843445],[12.837049393925756,51.809386222245074],[12.847035655843552,51.813124535346866],[12.847805989044522,51.81159480446539],[12.851090366597296,51.81136772871836],[12.85144029936055,51.814771888862744],[12.854059350450061,51.814872934713975],[12.854844988976298,51.81630638007372],[12.86137960508665,51.814061381575556],[12.879287045042993,51.811057347597185],[12.883766008128113,51.82116884474517],[12.890052720404752,51.82761486704249],[12.879242381345797,51.83389543738017],[12.875716403483956,51.837776220346264],[12.87217498903119,51.83621168439233],[12.87088782651019,51.83732509654114],[12.88510923803841,51.84782028077584],[12.887116531455973,51.85163767621884],[12.884545471085422,51.85614243030619],[12.864952996108679,51.86107938978836],[12.86246854761741,51.87314402096492],[12.856073823848467,51.87319906947191],[12.854353412182967,51.874232199068906],[12.858721981103669,51.87688153196724],[12.855441668155297,51.88271461271999],[12.869912923307705,51.88626184464319],[12.867902876065092,51.877823843444986],[12.872805210041747,51.87752690333547],[12.882098306210798,51.873997741917115],[12.886483290800049,51.87891253881465],[12.891608945472244,51.87717729592917],[12.893287500624854,51.879662646336165],[12.891709809653062,51.88180585946088],[12.89289071439526,51.8853947403725],[12.896402268731604,51.88527135145976],[12.897484821879,51.88741434625964],[12.904181614817963,51.886872091188444],[12.906725060019431,51.88819473570643],[12.909025567275357,51.89565428888464],[12.902481016185321,51.90863004088671],[12.892790245169671,51.90808754467596],[12.884838848267195,51.90907538229603],[12.878580839713097,51.921296824090405],[12.858420348870911,51.92351648526384],[12.851726989079214,51.92637604475529],[12.852730179140135,51.93500528904974],[12.874030205921471,51.93396650263961],[12.88817151693675,51.934769179354305],[12.890424130505965,51.92838024856747],[12.896064663150847,51.928409584484356],[12.91746189910274,51.932691386334575],[12.918371523047243,51.9393595303192],[12.931194821017792,51.93714806378684]]]}},{"type":"Feature","id":"15091160","properties":{"ags8":"15091160","county_ags5":"15091","state_code":"15","name_de":"Kemberg","valid_at":"2026-01-01","source":"BKG_VG250_2026","part_count":1,"simplified_tolerance_m":80},"geometry":{"type":"Polygon","coordinates":[[[12.706751759483762,51.85337987502739],[12.729792135973215,51.84271232101155],[12.746508205207592,51.84180175618022],[12.751470697646566,51.84048038840153],[12.755559640244634,51.83620882614609],[12.748230962332753,51.82750978604213],[12.747109972726063,51.8234829728],[12.752572254237746,51.8196106464242],[12.756692152085519,51.81900846277511],[12.763679216115992,51.82120892162107],[12.772172215951892,51.830548255075435],[12.776370282285281,51.83228343528216],[12.786881388562591,51.83187429604335],[12.802896926792302,51.82800049768835],[12.804584579272957,51.82432271002094],[12.803142404133897,51.817773329407544],[12.812611452026074,51.8105404752084],[12.808217509883645,51.802291849846945],[12.807434782173875,51.7962304923165],[12.80490497785799,51.7963273324271],[12.804552747919976,51.799006095998394],[12.797877340216248,51.79501362242085],[12.806368003148192,51.79184585910293],[12.806164277279274,51.785528532382685],[12.807964174782782,51.78152441355517],[12.810912889804923,51.78050384322212],[12.81112759888486,51.77716582047475],[12.816441971751475,51.77522843546013],[12.819496469564779,51.777177145229146],[12.82248999192312,51.77698350661979],[12.824344717447044,51.772951016875],[12.816968965168593,51.76998138986644],[12.806001866287582,51.7682603093981],[12.790341235279364,51.77300117637561],[12.782636235949147,51.774130877179196],[12.769482490463956,51.77510355248642],[12.768313999121556,51.77494592567075],[12.770020827500696,51.77163721214789],[12.763507717571382,51.77254493163834],[12.764997117938272,51.77718375476783],[12.7606889961463,51.77762797441654],[12.758646393709908,51.770153581916496],[12.753835317361347,51.76966919931461],[12.75591883578474,51.77680447947677],[12.752532542858317,51.774773394373796],[12.751227963114982,51.769745770935835],[12.745530330696557,51.77040289497234],[12.739689280153344,51.774050440491536],[12.733138375482616,51.767370126441776],[12.722936552499192,51.77206692060244],[12.715891738874877,51.76926997675245],[12.703436376928675,51.77107620564887],[12.700387236292828,51.767109948190516],[12.693199214926357,51.77116714557374],[12.689771458642545,51.77047456363528],[12.686735320162104,51.77250158788852],[12.682183103053555,51.761313847984205],[12.68392468301921,51.76001971595099],[12.682902014213964,51.75939660197549],[12.690026743377862,51.7559349394221],[12.685242959479117,51.75346756178419],[12.683773758825948,51.74912974631422],[12.679641715658324,51.7482248889492],[12.676722837668729,51.74600162421071],[12.675323839686076,51.7479802895897],[12.669691988501253,51.747543620239995],[12.669354679568583,51.748377779633],[12.665128819925517,51.74732114482612],[12.666407948172482,51.73977222410617],[12.670393455587305,51.7351844668762],[12.65135682283963,51.72152684217769],[12.647160182956078,51.72072107229189],[12.642479328143436,51.72441480432289],[12.640409625971863,51.72817814343447],[12.633036769213467,51.72608830024351],[12.633945817379422,51.72290401191765],[12.629866647463357,51.722437503901475],[12.629182745092608,51.724240751530246],[12.6186115657519,51.72283749823092],[12.620927370478997,51.71560526655415],[12.629147433292594,51.713540713638515],[12.626725613499648,51.71100133953244],[12.627177694295863,51.70546736690017],[12.622044193751753,51.705343558050984],[12.621162143567169,51.70350542869055],[12.622132427646973,51.697890181147095],[12.625496914640946,51.69456285577471],[12.624201668106695,51.69027297786132],[12.619231163590626,51.68636173379184],[12.611847026131418,51.68498862016205],[12.60186006397244,51.69796412948907],[12.603040314838324,51.7022090053589],[12.572829708342876,51.70450609508166],[12.575508820014612,51.70608805023969],[12.575397683550504,51.70969882720429],[12.577989160359609,51.71284819194718],[12.57030526151905,51.71675787809821],[12.568319280751346,51.719560050107],[12.537599023773879,51.713357108184084],[12.527068033010503,51.7197250020861],[12.517775074293361,51.73730646618507],[12.51308997606082,51.735899913413675],[12.498997274910812,51.74201288396507],[12.490696932501782,51.74284329984192],[12.483873850776392,51.75301591701406],[12.478318993753314,51.75303851958674],[12.475363233965329,51.75671280149879],[12.463194552356322,51.75698709812614],[12.46064735905319,51.758451133921106],[12.460779621263212,51.76895079496283],[12.448296340198869,51.76669100380496],[12.428799969092562,51.765921131998546],[12.424703342790451,51.77469866661767],[12.429770115371445,51.77822481211949],[12.436101209624347,51.77870647796932],[12.44268086520601,51.78808363900067],[12.446084503244181,51.78759586133257],[12.446271245892442,51.79706861291828],[12.447851816523404,51.79873444233205],[12.457394884175569,51.797218444688426],[12.474904319038261,51.79702706222213],[12.475435595756396,51.804262362526494],[12.477924452793113,51.80909829603502],[12.495453011301649,51.807580785291954],[12.508744768089386,51.80942615586311],[12.515360008174337,51.80898995324428],[12.516363199500605,51.81000779141868],[12.51389225856856,51.81059871944323],[12.511258836908139,51.81540389344433],[12.512290153608697,51.82034485616986],[12.520477673467022,51.81898180949585],[12.521888079318533,51.81771590858229],[12.52669973012147,51.81976986174823],[12.531837736126327,51.8195391020462],[12.53297901637809,51.82294274679631],[12.526780637451731,51.824552677677985],[12.523141848387215,51.827638461246416],[12.538119555769393,51.82893765294347],[12.540267718854027,51.82510440534179],[12.544290623144995,51.824783174793204],[12.548777897079301,51.822195009372486],[12.550591153566758,51.82344155402401],[12.55668432844952,51.82394801179873],[12.557579179723673,51.82511138194022],[12.560316830461044,51.824631908092606],[12.561239701025418,51.82031427643772],[12.564064019355268,51.818870290957214],[12.567137974983739,51.81877176359888],[12.56804362595917,51.82155210569287],[12.572243569434045,51.82130737439578],[12.57587160579633,51.818916210847796],[12.577158951968018,51.82103548969005],[12.587637374444794,51.82185045484687],[12.587146780380777,51.8259034389791],[12.591413696788445,51.825771146112665],[12.59049045370846,51.821730094405865],[12.596732370946514,51.8216270460659],[12.590706888322083,51.831280690870244],[12.59220556267606,51.83378771268458],[12.610582342779825,51.83752618896879],[12.610662132169738,51.83223340012688],[12.6187652872709,51.827974468142806],[12.62330814686544,51.827493226146146],[12.629387257654301,51.83021571616612],[12.640827563722185,51.82979384719363],[12.6422019098956,51.83091196602129],[12.65294151541458,51.83111025938368],[12.652446543506114,51.82916064236673],[12.656589569871725,51.82942484653865],[12.664000013800708,51.825241997279356],[12.664287898988835,51.82648834831111],[12.667050534226748,51.825942941206065],[12.670409142177364,51.823458115599955],[12.673953891647074,51.82446471757003],[12.680645606143536,51.821410014132546],[12.684395918859869,51.82572381206037],[12.680513325990344,51.827748148296635],[12.681094164603085,51.83168827888327],[12.687788113731559,51.834057914465546],[12.687478300658155,51.837285471307496],[12.676413168701123,51.837992913477294],[12.66819564848539,51.84176114114138],[12.666165639144449,51.84306713794698],[12.665516326356038,51.848053717596095],[12.671485792067758,51.8504304717278],[12.681184542911451,51.8483306210479],[12.6843747291847,51.84991492739658],[12.689561969848235,51.84919844083945],[12.692866380245166,51.852996683857086],[12.692863723789802,51.85559914759476],[12.706751759483762,51.85337987502739]]]}},{"type":"Feature","id":"15091241","properties":{"ags8":"15091241","county_ags5":"15091","state_code":"15","name_de":"Oranienbaum-Wörlitz","valid_at":"2026-01-01","source":"BKG_VG250_2026","part_count":1,"simplified_tolerance_m":80},"geometry":{"type":"Polygon","coordinates":[[[12.308627189108337,51.88439894790744],[12.315411650820128,51.882063917022435],[12.327607820562543,51.883082659216775],[12.331533495832067,51.882356329496055],[12.332173666061976,51.87875616543991],[12.321530399476238,51.874088591065835],[12.32254908626842,51.870409918142435],[12.32658779387089,51.868179290547914],[12.347212113202138,51.86205634305848],[12.358631624901541,51.849505346317656],[12.362649444011115,51.847561695417795],[12.368844764351058,51.846645453527906],[12.374819886751542,51.847091131924536],[12.379743949407214,51.849172888078286],[12.38176754490845,51.858409248837816],[12.385069856519886,51.86200123719188],[12.402534065834532,51.863612367242],[12.415307496529255,51.87357534436119],[12.441511430721759,51.88123958063657],[12.448892361894172,51.881451657304346],[12.452636672661587,51.87891554811849],[12.44810617675458,51.86852455361325],[12.45063162260783,51.86266996851605],[12.45826248026184,51.85896287922799],[12.469670181356118,51.85692942679439],[12.476618132340114,51.85748278761919],[12.4802057412548,51.85951821913786],[12.481642094888286,51.8715511448769],[12.486515945160745,51.87730089814356],[12.492225590189916,51.88019284576787],[12.50095711324157,51.87937116673481],[12.504065697799254,51.877653982866434],[12.505079774646598,51.87526118670876],[12.502271334964133,51.862980201445374],[12.508451039960418,51.85911517901717],[12.502876929921518,51.854943018478714],[12.500685301974855,51.85467401404825],[12.499029938210066,51.8563576881508],[12.495780298569798,51.85380832824672],[12.497621799611803,51.85175598593338],[12.496392152206665,51.846280817008534],[12.49942929364151,51.84461115480308],[12.49553928372785,51.84038045559289],[12.502487947695101,51.84114529962703],[12.50864293925443,51.839979355832654],[12.510576943069244,51.84173744524704],[12.515868926901305,51.84280853559248],[12.517885129885746,51.83912969473453],[12.514105750696052,51.83579229578076],[12.521165788679799,51.832855567208505],[12.525590065835939,51.82521194385343],[12.53297901637809,51.82294274679631],[12.531837736126327,51.8195391020462],[12.52669973012147,51.81976986174823],[12.521888079318533,51.81771590858229],[12.520477673467022,51.81898180949585],[12.512290153608697,51.82034485616986],[12.511258836908139,51.81540389344433],[12.51389225856856,51.81059871944323],[12.516363199500605,51.81000779141868],[12.515360008174337,51.80898995324428],[12.508744768089386,51.80942615586311],[12.495453011301649,51.807580785291954],[12.477584942795051,51.80896897420812],[12.474904319038261,51.79702706222213],[12.457394884175569,51.797218444688426],[12.447851816523404,51.79873444233205],[12.446271245892442,51.79706861291828],[12.446084503244181,51.78759586133257],[12.44268086520601,51.78808363900067],[12.436101209624347,51.77870647796932],[12.429770115371445,51.77822481211949],[12.424703342790451,51.77469866661767],[12.422337270173621,51.776725819279534],[12.41615128729149,51.7769249896333],[12.412929364373312,51.77896577943865],[12.402375784603798,51.78089041667443],[12.40132628263263,51.77868456096409],[12.394760913748609,51.77953660538628],[12.382288949187917,51.80002737001363],[12.362534516887292,51.7989355443365],[12.34068478113692,51.79085413054678],[12.341099442090616,51.789623888211416],[12.31960890105645,51.79334944798236],[12.319866983790128,51.79607071286784],[12.308140832227807,51.80191913195475],[12.306490971886756,51.80386993775325],[12.30673262110919,51.807402626780096],[12.317356354084255,51.81645467012959],[12.321388576365766,51.81562795698436],[12.323782050886388,51.82464357231607],[12.321484856488572,51.82529975281763],[12.317897927480328,51.83221151743496],[12.318946421307588,51.838827223825476],[12.313525571048176,51.84058387185653],[12.31176999591097,51.84319319628609],[12.307411578427505,51.84428545205775],[12.299253974658122,51.85401950912511],[12.296517148723854,51.8546278442742],[12.295961307412364,51.85306156821935],[12.291532812003721,51.855360034663086],[12.290926725520693,51.85620601057418],[12.295013977583864,51.85593732452502],[12.293522770608728,51.85792146709027],[12.291565288341927,51.85876985593079],[12.289852318199165,51.85733798755757],[12.284620693043385,51.86126573697428],[12.284413274366669,51.86464537378307],[12.293668606185385,51.876005556867476],[12.296125508108739,51.877111190731775],[12.295378647279113,51.88028982085579],[12.30362927509167,51.88413300600068],[12.308627189108337,51.88439894790744]]]}},{"type":"Feature","id":"15091375","properties":{"ags8":"15091375","county_ags5":"15091","state_code":"15","name_de":"Wittenberg","valid_at":"2026-01-01","source":"BKG_VG250_2026","part_count":1,"simplified_tolerance_m":80},"geometry":{"type":"Polygon","coordinates":[[[12.68445669157764,52.00305876346989],[12.697924339302435,52.00298241839165],[12.711938185722556,51.999865763664545],[12.711672812112122,51.9972706293671],[12.729640934332531,51.98896385920877],[12.73339163113916,51.98806495851748],[12.737015124200008,51.98928269566177],[12.743436444757403,51.98904758371876],[12.755476101587247,51.98639142708424],[12.759246169162054,51.982176878472636],[12.765698978620845,51.9795503819032],[12.773924212156437,51.97850259983367],[12.776552540933853,51.97657148614379],[12.776021911125397,51.96511637143348],[12.774333846870991,51.9654456282329],[12.771795124258079,51.96100340544183],[12.768148814336572,51.96062299747956],[12.769935221126033,51.95760111593583],[12.767733978139752,51.95085750703398],[12.768907137106407,51.943437563547285],[12.770513876292469,51.94324491096486],[12.772394451094886,51.93710125163928],[12.758891870138175,51.93530368509954],[12.757817443249456,51.93360518792255],[12.75456321282452,51.93345094468714],[12.754176007444393,51.935330175516214],[12.75037695678831,51.93623007855518],[12.75023124148258,51.93508415482628],[12.74544413110182,51.93565086405535],[12.740530338806908,51.938144312421045],[12.729335616321128,51.933193984302655],[12.720056004434822,51.92553858286146],[12.724309874764556,51.91991588230215],[12.734949734505948,51.91105702373021],[12.732261618580516,51.90884548154787],[12.730752994817196,51.90320674582808],[12.73704248676596,51.904102026888786],[12.738219478872232,51.900164659135875],[12.736731360468921,51.88558640610761],[12.72802669940271,51.884535056621736],[12.736539461373056,51.87488050011244],[12.736351671476642,51.86898928298606],[12.734464015058748,51.86666691643971],[12.724402098477197,51.86751281381501],[12.713834734686646,51.860366661969096],[12.70974488813764,51.85246923138313],[12.692863723789802,51.85559914759476],[12.692866380245166,51.852996683857086],[12.689561969848235,51.84919844083945],[12.6843747291847,51.84991492739658],[12.681184542911451,51.8483306210479],[12.671485792067758,51.8504304717278],[12.665516326356038,51.848053717596095],[12.666165639144449,51.84306713794698],[12.66819564848539,51.84176114114138],[12.676413168701123,51.837992913477294],[12.687478300658155,51.837285471307496],[12.687788113731559,51.834057914465546],[12.681094164603085,51.83168827888327],[12.680513325990344,51.827748148296635],[12.684395918859869,51.82572381206037],[12.680645606143536,51.821410014132546],[12.673953891647074,51.82446471757003],[12.670409142177364,51.823458115599955],[12.667050534226748,51.825942941206065],[12.664287898988835,51.82648834831111],[12.664000013800708,51.825241997279356],[12.656589569871725,51.82942484653865],[12.652446543506114,51.82916064236673],[12.65294151541458,51.83111025938368],[12.6422019098956,51.83091196602129],[12.640827563722185,51.82979384719363],[12.629387257654301,51.83021571616612],[12.62330814686544,51.827493226146146],[12.6187652872709,51.827974468142806],[12.610662132169738,51.83223340012688],[12.610582342779825,51.83752618896879],[12.59220556267606,51.83378771268458],[12.590706888322083,51.831280690870244],[12.596732370946514,51.8216270460659],[12.59049045370846,51.821730094405865],[12.591413696788445,51.825771146112665],[12.587146780380777,51.8259034389791],[12.587637374444794,51.82185045484687],[12.577158951968018,51.82103548969005],[12.57587160579633,51.818916210847796],[12.572243569434045,51.82130737439578],[12.56804362595917,51.82155210569287],[12.567137974983739,51.81877176359888],[12.564064019355268,51.818870290957214],[12.561239701025418,51.82031427643772],[12.560316830461044,51.824631908092606],[12.557579179723673,51.82511138194022],[12.55668432844952,51.82394801179873],[12.550591153566758,51.82344155402401],[12.548777897079301,51.822195009372486],[12.544290623144995,51.824783174793204],[12.540267718854027,51.82510440534179],[12.538119555769393,51.82893765294347],[12.523141848387215,51.827638461246416],[12.521165788679799,51.832855567208505],[12.514105750696052,51.83579229578076],[12.517885129885746,51.83912969473453],[12.515868926901305,51.84280853559248],[12.510576943069244,51.84173744524704],[12.50864293925443,51.839979355832654],[12.502487947695101,51.84114529962703],[12.49553928372785,51.84038045559289],[12.49942929364151,51.84461115480308],[12.496392152206665,51.846280817008534],[12.497621799611803,51.85175598593338],[12.495780298569798,51.85380832824672],[12.499029938210066,51.8563576881508],[12.500685301974855,51.85467401404825],[12.502876929921518,51.854943018478714],[12.508451039960418,51.85911517901717],[12.504000102070796,51.86098029003015],[12.502018830728547,51.863848346628906],[12.505047277808849,51.87353396598883],[12.504065697799254,51.877653982866434],[12.496399065430424,51.880203761149154],[12.492225590189916,51.88019284576787],[12.488434930293364,51.87862759492645],[12.485175698324243,51.87990593909747],[12.485176949587203,51.89992797933481],[12.50201005749734,51.898673714555635],[12.503884369871153,51.90192664868575],[12.523180781009088,51.89652438398105],[12.529150861439815,51.899060546131636],[12.548759645136256,51.897021975645515],[12.555122760599113,51.903192640260876],[12.560300363208546,51.91288542687631],[12.566998653897665,51.91875337927648],[12.581487826137948,51.92692773115378],[12.585925671920721,51.94145091141662],[12.584368062260781,51.94780208052925],[12.585599362135435,51.95178727724387],[12.59259934959938,51.960793480137475],[12.603950529163104,51.97036168938166],[12.603019491225773,51.981086683800164],[12.615160259821433,51.982281255475854],[12.61439705619928,51.99172329382617],[12.644748194807129,51.9943798480433],[12.648597032151224,52.008311051839556],[12.65650252075644,52.012939605673694],[12.667258656115363,52.01323012124484],[12.672702408285751,52.01184524217458],[12.675661677377716,52.006934063341305],[12.68445669157764,52.00305876346989]]]}},{"type":"Feature","id":"15091391","properties":{"ags8":"15091391","county_ags5":"15091","state_code":"15","name_de":"Zahna-Elster","valid_at":"2026-01-01","source":"BKG_VG250_2026","part_count":1,"simplified_tolerance_m":80},"geometry":{"type":"Polygon","coordinates":[[[12.847030166586924,51.96133150069717],[12.850254883575804,51.9586984697412],[12.852278215124157,51.94954326613603],[12.851726989079214,51.92637604475529],[12.858420348870911,51.92351648526384],[12.878580839713097,51.921296824090405],[12.884838848267195,51.90907538229603],[12.892790245169671,51.90808754467596],[12.902481016185321,51.90863004088671],[12.909359813557614,51.89454948493336],[12.906725060019431,51.88819473570643],[12.904181614817963,51.886872091188444],[12.897484821879,51.88741434625964],[12.896402268731604,51.88527135145976],[12.89289071439526,51.8853947403725],[12.891709809653062,51.88180585946088],[12.893287500624854,51.879662646336165],[12.891608945472244,51.87717729592917],[12.886483290800049,51.87891253881465],[12.882098306210798,51.873997741917115],[12.872805210041747,51.87752690333547],[12.867902876065092,51.877823843444986],[12.869912923307705,51.88626184464319],[12.855441668155297,51.88271461271999],[12.858721981103669,51.87688153196724],[12.854353412182967,51.874232199068906],[12.856073823848467,51.87319906947191],[12.86246854761741,51.87314402096492],[12.864952996108679,51.86107938978836],[12.884545471085422,51.85614243030619],[12.887116531455973,51.85163767621884],[12.88510923803841,51.84782028077584],[12.870611585705744,51.83792594681447],[12.87217498903119,51.83621168439233],[12.875716403483956,51.837776220346264],[12.879242381345797,51.83389543738017],[12.890052720404752,51.82761486704249],[12.883766008128113,51.82116884474517],[12.879287045042993,51.811057347597185],[12.86137960508665,51.814061381575556],[12.854844988976298,51.81630638007372],[12.854059350450061,51.814872934713975],[12.85144029936055,51.814771888862744],[12.851090366597296,51.81136772871836],[12.847805989044522,51.81159480446539],[12.847035655843552,51.813124535346866],[12.837049393925756,51.809386222245074],[12.832663146754596,51.81134462843445],[12.830366086551203,51.81668189367247],[12.819342315197284,51.81579097138614],[12.815687340422688,51.814449375153416],[12.812724368236935,51.81844023649067],[12.805382749278797,51.81512713955094],[12.803142404133897,51.817773329407544],[12.804584579272957,51.82432271002094],[12.802896926792302,51.82800049768835],[12.781972436020807,51.83247281328307],[12.773681155034158,51.83151946198356],[12.765272723830419,51.82234530167297],[12.760668210761628,51.81978063364284],[12.752572254237746,51.8196106464242],[12.747109972726063,51.8234829728],[12.748230962332753,51.82750978604213],[12.755559640244634,51.83620882614609],[12.751470697646566,51.84048038840153],[12.746508205207592,51.84180175618022],[12.729792135973215,51.84271232101155],[12.70974488813764,51.85246923138313],[12.713834734686646,51.860366661969096],[12.724402098477197,51.86751281381501],[12.734464015058748,51.86666691643971],[12.736351671476642,51.86898928298606],[12.736539461373056,51.87488050011244],[12.72802669940271,51.884535056621736],[12.736731360468921,51.88558640610761],[12.738219478872232,51.900164659135875],[12.73704248676596,51.904102026888786],[12.730752994817196,51.90320674582808],[12.732261618580516,51.90884548154787],[12.734949734505948,51.91105702373021],[12.724309874764556,51.91991588230215],[12.720492432422164,51.926273333036676],[12.729335616321128,51.933193984302655],[12.740530338806908,51.938144312421045],[12.74544413110182,51.93565086405535],[12.75023124148258,51.93508415482628],[12.75037695678831,51.93623007855518],[12.754176007444393,51.935330175516214],[12.75456321282452,51.93345094468714],[12.757817443249456,51.93360518792255],[12.758891870138175,51.93530368509954],[12.772394451094886,51.93710125163928],[12.770513876292469,51.94324491096486],[12.768907137106407,51.943437563547285],[12.767733978139752,51.95085750703398],[12.769935221126033,51.95760111593583],[12.768148814336572,51.96062299747956],[12.771795124258079,51.96100340544183],[12.774333846870991,51.9654456282329],[12.7940568366625,51.96231270355302],[12.811265510534607,51.962565129860515],[12.822800333813715,51.96358086540271],[12.835469151298591,51.96707607860241],[12.844153642728823,51.96773396780518],[12.847030166586924,51.96133150069717]]]}}]}
