{"type":"FeatureCollection","name":"BKG VG250 2026 municipalities DE-10","source_url":"https://daten.gdz.bkg.bund.de/produkte/vg/vg250_ebenen_0101/aktuell/vg250_01-01.utm32s.gpkg.ebenen.zip","source_sha256":"6b096eb4862b4eafda9294e425fb5a6d0e7773eb5815a4d4edc78b639ec2728f","attribution":"© BKG (2026) dl-de/by-2-0 (see licence)","status":"research_only_not_published","features":[{"type":"Feature","id":"10041100","properties":{"ags8":"10041100","county_ags5":"10041","state_code":"10","name_de":"Saarbrücken","valid_at":"2026-01-01","source":"BKG_VG250_2026","part_count":1,"simplified_tolerance_m":80},"geometry":{"type":"Polygon","coordinates":[[[6.981734129312175,49.32170413201115],[6.986408206891058,49.3176987449547],[6.993554851018049,49.32056957897898],[7.005843671143973,49.31280229449062],[7.007097463913467,49.30230213731806],[7.015872245154063,49.29588631959092],[7.0108952051319,49.289955568560515],[7.004569012067167,49.286107960994485],[7.011307278473932,49.28669424084268],[7.014118127188069,49.28533164951488],[7.0310849640695725,49.29687038716252],[7.038967282386275,49.294841846904816],[7.054169762701626,49.28697274891913],[7.062578386366986,49.27141753131809],[7.062106244359141,49.267242761365296],[7.064347320183548,49.26361031002952],[7.062693909720884,49.26152457447552],[7.068398152732142,49.25620606655978],[7.076269828031196,49.258490536412005],[7.083199352200148,49.255649017524675],[7.07942085446112,49.24977984158413],[7.085617789228922,49.248518751944495],[7.086368612223956,49.245497970322326],[7.092324059105552,49.24685857763383],[7.094711458228865,49.250244787624766],[7.104297866766289,49.25493701689263],[7.107658165038276,49.25432754666596],[7.108247759486958,49.25628948220452],[7.11289727087059,49.25521588302657],[7.113828566034452,49.2523278136611],[7.122141958902041,49.24884049546405],[7.125516176733047,49.24525011749605],[7.130325283971813,49.2447282745822],[7.128542368880844,49.24269372979573],[7.129464655573977,49.240326228310735],[7.126270256968351,49.228614406828825],[7.122460564676684,49.22275490461068],[7.126796954151014,49.216393163226385],[7.130643567613333,49.21799450925754],[7.136197138501875,49.216984890709114],[7.13724838833235,49.213672497816624],[7.134473493537846,49.21158129535103],[7.130859004721842,49.21334569211353],[7.1287441596816645,49.21155329452891],[7.1273466788106195,49.2065858606391],[7.119009315123912,49.20123828993572],[7.116833416679403,49.195634929811746],[7.119144148423447,49.1935528884116],[7.114648908391961,49.19309277047678],[7.112721701483821,49.190216170542314],[7.108726473642994,49.18920394185873],[7.10833673665598,49.187715421165585],[7.106959556093727,49.18834907915307],[7.106202579308475,49.18544473843685],[7.112044572012213,49.176211860673476],[7.103695040116521,49.180290278340195],[7.097341602997843,49.181565307319545],[7.094117687044179,49.18131431298123],[7.077126212122845,49.17435842406371],[7.075519266639513,49.172427374508274],[7.06948532770231,49.17654703056562],[7.06272993202123,49.17459314018976],[7.058320111495876,49.17691607694312],[7.054385560177349,49.176813189249046],[7.053598042864903,49.17515011640533],[7.044076310623693,49.1727137580281],[7.0294352655705294,49.176727682855876],[7.033730416867484,49.18231754603881],[7.033223174245542,49.18802895370969],[7.035012738055482,49.19141608825119],[7.027986363221608,49.19125087003308],[7.023326272739168,49.18918992445078],[7.0214645926672965,49.19314048044395],[7.010752729193117,49.187953101908086],[7.008901224247928,49.19397384931941],[6.99948106707285,49.19446354957173],[6.992573709014455,49.200821419962125],[6.975231047061869,49.209453945030575],[6.9725931103084715,49.209512579358766],[6.95960375511667,49.203090163272115],[6.951084588846181,49.2077288034061],[6.939880057839242,49.21668534444216],[6.93810824417497,49.22243399795777],[6.918713710128995,49.222720696337824],[6.918768754103377,49.21994870564485],[6.911530296569462,49.215061408316096],[6.900527132476244,49.21366413669294],[6.893345431926548,49.20914674947652],[6.8731657011988005,49.21482694852054],[6.8704321129353,49.21880920205097],[6.862899205897824,49.222248633146116],[6.857297798974095,49.22231903091717],[6.837553529572046,49.21289374993936],[6.8329775496525995,49.21415950399863],[6.829544775931388,49.2198742149732],[6.827222160395852,49.22040159927709],[6.829338623192346,49.22437958411719],[6.835405492932014,49.22542453537714],[6.835708967132394,49.227217676035465],[6.8486905823311455,49.23282850418051],[6.852769258362881,49.2305475358248],[6.852260432866677,49.22932155659915],[6.854649195119667,49.22887164512513],[6.861217153269618,49.231742961178284],[6.862970042793877,49.23027800062432],[6.8709793096744605,49.23069678422854],[6.879073176525238,49.22840062539777],[6.888494324091846,49.236989747128064],[6.889168657306068,49.24088431570654],[6.886187889240278,49.24297648164497],[6.889388803230715,49.24431333239492],[6.900040355620449,49.24516887329529],[6.900613354771197,49.248357322237446],[6.908252519953372,49.246965971999785],[6.910971271416528,49.25109206617268],[6.903789587830488,49.2638988952356],[6.906033762390244,49.266948069815626],[6.909253545263718,49.26842899701761],[6.916009837438576,49.27564243896058],[6.925391148866922,49.27909740080838],[6.926027145143477,49.28096216398672],[6.923259952746852,49.28327642311875],[6.93048012212693,49.28392940767776],[6.930845507533447,49.28586826845521],[6.933039323079004,49.286730474814924],[6.945487060112305,49.28614346957445],[6.952008559601675,49.288591533622785],[6.952192984781516,49.29102778349265],[6.955113115781234,49.292430497327096],[6.958555199992264,49.29955150087979],[6.963813521264234,49.304445123051856],[6.9655568521763085,49.31294733380905],[6.967773806794101,49.31614202222864],[6.978172465317279,49.320863130260996],[6.981734129312175,49.32170413201115]]]}},{"type":"Feature","id":"10041511","properties":{"ags8":"10041511","county_ags5":"10041","state_code":"10","name_de":"Friedrichsthal","valid_at":"2026-01-01","source":"BKG_VG250_2026","part_count":1,"simplified_tolerance_m":80},"geometry":{"type":"Polygon","coordinates":[[[7.087652689409393,49.34412327385436],[7.093693732558942,49.33901142944632],[7.097198636006082,49.340891545605324],[7.099841163985479,49.34074635312432],[7.099195560053927,49.33915995176294],[7.100936066003517,49.33793386352595],[7.1030762503856595,49.339043121663515],[7.109758826109287,49.33866848091736],[7.11073002765099,49.33701382841201],[7.114241075877274,49.33627314020904],[7.114205458690027,49.33397001365869],[7.106079431676903,49.33195238086362],[7.114045091489264,49.324125909736665],[7.109119350916133,49.32040515927766],[7.110553054270592,49.3170715595787],[7.106855867148482,49.31559125618804],[7.089742385213601,49.316063838872516],[7.087451149960341,49.31746739199734],[7.0864553754019575,49.32209457122511],[7.083554039100832,49.32273752165243],[7.077835407438088,49.32061433464365],[7.07663715052866,49.3147919324214],[7.072707819985942,49.313492506456654],[7.067562738608022,49.31263308383287],[7.0649668224434725,49.31426474720604],[7.063515406984945,49.313373891049984],[7.0630157475903745,49.31515964442484],[7.0564148811662495,49.31462439467962],[7.0548718832978805,49.315396580505514],[7.059530219286878,49.319591617057945],[7.060901977565281,49.32371295440298],[7.0598296119537105,49.327336260744225],[7.062237658645309,49.33044758749027],[7.066451790367781,49.32875441806634],[7.070250687093489,49.32919456634477],[7.073658285269003,49.33492670212221],[7.07371543452162,49.344167769309],[7.078278190216228,49.34357727413761],[7.086528386900597,49.34675467338359],[7.087652689409393,49.34412327385436]]]}},{"type":"Feature","id":"10041512","properties":{"ags8":"10041512","county_ags5":"10041","state_code":"10","name_de":"Großrosseln","valid_at":"2026-01-01","source":"BKG_VG250_2026","part_count":1,"simplified_tolerance_m":80},"geometry":{"type":"Polygon","coordinates":[[[6.82824238784959,49.21531947549557],[6.830375356410017,49.21294861307867],[6.8329775496525995,49.21415950399863],[6.837553529572046,49.21289374993936],[6.836291469749989,49.21125976394406],[6.842288523651386,49.20886177661236],[6.850526633745395,49.202096483020526],[6.852465017584347,49.19918758092738],[6.850623645743778,49.193178931614874],[6.858358631668937,49.18686092304605],[6.861555435328965,49.181787005272994],[6.861767510491045,49.17883932081912],[6.858995929466215,49.17461561468592],[6.855668148648822,49.174999821690776],[6.844397281575812,49.173057141550586],[6.844500011230949,49.163993988693626],[6.847517680968733,49.157157887252666],[6.834056611060645,49.15108044426653],[6.816897732763411,49.1576863050408],[6.809498302444314,49.158199279133086],[6.802618527662982,49.16202593617626],[6.792420977220211,49.16375011278623],[6.786324210416706,49.17398690968791],[6.781219690310318,49.17605118892213],[6.776036135605109,49.184462133591914],[6.7947441871980505,49.192386297200436],[6.803167609517076,49.192525841801725],[6.802018192360611,49.19916010082462],[6.810681983780894,49.20317909632779],[6.8247949259845395,49.214034859169494],[6.82824238784959,49.21531947549557]]]}},{"type":"Feature","id":"10041513","properties":{"ags8":"10041513","county_ags5":"10041","state_code":"10","name_de":"Heusweiler","valid_at":"2026-01-01","source":"BKG_VG250_2026","part_count":1,"simplified_tolerance_m":80},"geometry":{"type":"Polygon","coordinates":[[[6.944277865411838,49.37766835220435],[6.949431714231357,49.37369978131773],[6.956151223837153,49.373783073123924],[6.958560605331803,49.37085093874254],[6.956195311196286,49.36590423343821],[6.963669700814683,49.35953810050879],[6.964557552098556,49.356657107868344],[6.970155249587216,49.35590531227802],[6.9781967897777415,49.35885912942402],[6.980725909294462,49.357461335458716],[6.991990936967859,49.35914607105367],[6.997388726961491,49.358107513777256],[7.004496727947295,49.359328249961465],[7.0223928242102,49.35875724168753],[7.020251926924565,49.35500776124583],[7.013917958234795,49.349777509384175],[7.020373615679397,49.34971626775265],[7.016609161744275,49.34593447693599],[7.01744606830338,49.34389813018183],[7.016004013661404,49.34154804510703],[7.018261832248504,49.33968179190808],[7.0170146849461545,49.33693117815693],[7.003142142057981,49.32999453177676],[7.001506811064795,49.32755309388516],[7.002311298862536,49.323670150059066],[6.9995535141747816,49.32502519344856],[6.993554851018049,49.32056957897898],[6.986408206891058,49.3176987449547],[6.97822656494308,49.324070849322226],[6.97363351298746,49.321513318660855],[6.967679188895608,49.32042577722183],[6.9662483152465855,49.32320860596536],[6.962294805304045,49.32469627953536],[6.957709294687417,49.32335409459339],[6.95048906437046,49.326719657782924],[6.941384556501447,49.32518898268192],[6.936198509617834,49.32185425009234],[6.93413174438593,49.32414859781203],[6.922924187432913,49.328406978906415],[6.9236549057624375,49.33080761692083],[6.921910097685966,49.33102379743862],[6.911808486162778,49.33045393802516],[6.911762389796534,49.3284891361904],[6.901379604189126,49.32508613265891],[6.89648478517734,49.32586595996154],[6.889919114848081,49.324863517728915],[6.875303901436591,49.32694987242999],[6.882220048829801,49.33121679669806],[6.879642579913578,49.335609955068335],[6.875631976670044,49.33767410315528],[6.871972738856319,49.34419919892522],[6.868072626505952,49.344168612988945],[6.863057647325412,49.34681841498221],[6.86432427019413,49.3474312837219],[6.872021252238455,49.345487554602414],[6.876503149768487,49.347442237019045],[6.877019648113102,49.346261031139676],[6.881424075982546,49.347447583726826],[6.884023950306237,49.34989987921249],[6.8892109540335245,49.35021964680789],[6.890338357761378,49.3522290285172],[6.903709268531046,49.35543049157529],[6.9090288434783895,49.35804113998302],[6.90731009227972,49.36000365026393],[6.909026704140136,49.36120225546246],[6.912796940478593,49.36038590590357],[6.918262775471177,49.36342526145011],[6.918408180315606,49.36527603119386],[6.9201464957884,49.36545050542563],[6.922044741455023,49.3679919407942],[6.927621110276695,49.36649828912716],[6.931374243494714,49.36754672509443],[6.93201956347509,49.37538904311975],[6.935224389980208,49.37550863308955],[6.9362551760459015,49.372587281429944],[6.9377552193657275,49.372445655274184],[6.937121142686404,49.37671248376721],[6.93988699965813,49.37735840363594],[6.9407664644011335,49.37628748195718],[6.944277865411838,49.37766835220435]]]}},{"type":"Feature","id":"10041514","properties":{"ags8":"10041514","county_ags5":"10041","state_code":"10","name_de":"Kleinblittersdorf","valid_at":"2026-01-01","source":"BKG_VG250_2026","part_count":1,"simplified_tolerance_m":80},"geometry":{"type":"Polygon","coordinates":[[[7.103695040116521,49.180290278340195],[7.112044572012213,49.176211860673476],[7.115712206481155,49.177376182984624],[7.124566978681474,49.17625654890149],[7.126939457375133,49.17689524867398],[7.1292989382344985,49.17261716793809],[7.125540463417397,49.169613681751464],[7.119408473505945,49.16991509235633],[7.108240816719361,49.163913882047254],[7.104702650755518,49.15898037992659],[7.100970232090658,49.15817386575044],[7.101068796251305,49.15599779823951],[7.095669042096215,49.153017902010646],[7.090253619341646,49.15193834326617],[7.086455755285023,49.15202279796761],[7.084443085344656,49.15336231669821],[7.08252436964161,49.15276060243854],[7.081521138095963,49.14724086381811],[7.084287980998062,49.1438659948005],[7.082077409572608,49.14185449564207],[7.089689520300629,49.13342411184529],[7.090127911816301,49.13092164660718],[7.071819570395651,49.12433028945876],[7.0666052041630785,49.114246593535036],[7.057195982677213,49.11193157376926],[7.052445915546248,49.11275784351312],[7.047140083810054,49.1159799832367],[7.0442317665725795,49.12019440257115],[7.046766448533366,49.13652586898547],[7.040930421048859,49.14728640184255],[7.032273307496575,49.15652667330304],[7.0330339344417885,49.163626292087486],[7.028325958386026,49.168459999772686],[7.02847347551216,49.175779398521044],[7.0294352655705294,49.176727682855876],[7.044076310623693,49.1727137580281],[7.053598042864903,49.17515011640533],[7.054385560177349,49.176813189249046],[7.058320111495876,49.17691607694312],[7.06272993202123,49.17459314018976],[7.06948532770231,49.17654703056562],[7.075519266639513,49.172427374508274],[7.077126212122845,49.17435842406371],[7.094117687044179,49.18131431298123],[7.103695040116521,49.180290278340195]]]}},{"type":"Feature","id":"10041515","properties":{"ags8":"10041515","county_ags5":"10041","state_code":"10","name_de":"Püttlingen","valid_at":"2026-01-01","source":"BKG_VG250_2026","part_count":1,"simplified_tolerance_m":80},"geometry":{"type":"Polygon","coordinates":[[[6.883998401562594,49.32536169872895],[6.901379604189126,49.32508613265891],[6.905610175999787,49.32250164677615],[6.910226389723359,49.3171085153755],[6.92509198605235,49.31529365027303],[6.929237524874072,49.31343111137433],[6.928658350108654,49.308817800248725],[6.924303114932365,49.305155582276704],[6.927954322842201,49.30309858548561],[6.921206060181612,49.297179159858985],[6.922338939211919,49.294491894965915],[6.928199000425766,49.29296480837409],[6.927012744660117,49.292199573846695],[6.928517961275707,49.290882590303816],[6.927527185222814,49.28902289171083],[6.919331873803292,49.285186588568635],[6.926360525184063,49.2800412327347],[6.922771473832532,49.277543951334806],[6.919948303924017,49.27765030046741],[6.916009837438576,49.27564243896058],[6.913928791888882,49.27254101178592],[6.904435952292369,49.26526700590037],[6.904344059939399,49.2628593143245],[6.900221391966591,49.26260110861297],[6.892407902046202,49.266601113296765],[6.882858133614065,49.26567242082888],[6.878713017949643,49.2687104970835],[6.878517397597872,49.27324116865291],[6.8763327149404425,49.27400945627252],[6.863486467636838,49.27179223093262],[6.85966141773063,49.27286610646988],[6.855672384306525,49.27210626812792],[6.858181559674643,49.27532185010024],[6.8552231124477245,49.27966594685926],[6.856312478084639,49.281457520637574],[6.858674756652472,49.281894391613044],[6.856534315893185,49.2870666233549],[6.860611562451503,49.28649632624878],[6.862018410562908,49.288099987175876],[6.86497978157672,49.2875384123499],[6.866901493085162,49.29034749161063],[6.859717614828099,49.2946630713875],[6.862736667178352,49.296255910294136],[6.866910248857147,49.294238472222055],[6.867713792999541,49.291805754123395],[6.873033940241087,49.29721027686215],[6.878950267437828,49.29892583720513],[6.880447940261254,49.30096961087969],[6.8752337371785375,49.308575091761796],[6.8755884528163405,49.310811078327546],[6.882912178913733,49.316540856771226],[6.873048375274802,49.32566156155255],[6.875303901436591,49.32694987242999],[6.883998401562594,49.32536169872895]]]}},{"type":"Feature","id":"10041516","properties":{"ags8":"10041516","county_ags5":"10041","state_code":"10","name_de":"Quierschied","valid_at":"2026-01-01","source":"BKG_VG250_2026","part_count":1,"simplified_tolerance_m":80},"geometry":{"type":"Polygon","coordinates":[[[7.027166345611309,49.34901094420748],[7.027691074870424,49.3478072010794],[7.045102277922071,49.350109407109414],[7.044661339322542,49.34340486247295],[7.048205253966999,49.34395496267014],[7.051279562950852,49.346246589372896],[7.061307235056266,49.34210504528876],[7.059667658299336,49.339736015568285],[7.060533126609999,49.331941450761214],[7.062237658645309,49.33044758749027],[7.0598296119537105,49.327336260744225],[7.060901977565281,49.32371295440298],[7.059530219286878,49.319591617057945],[7.0548718832978805,49.315396580505514],[7.048006709900879,49.314897759311414],[7.043139685982193,49.31285705391106],[7.036161480261446,49.307437122096594],[7.042431963130141,49.3025963009138],[7.03545461823226,49.299859895043554],[7.014118127188069,49.28533164951488],[7.011307278473932,49.28669424084268],[7.004569012067167,49.286107960994485],[7.0108952051319,49.289955568560515],[7.015872245154063,49.29588631959092],[7.007097463913467,49.30230213731806],[7.005843671143973,49.31280229449062],[6.993554851018049,49.32056957897898],[6.9995535141747816,49.32502519344856],[7.002311298862536,49.323670150059066],[7.001506811064795,49.32755309388516],[7.003142142057981,49.32999453177676],[7.0170146849461545,49.33693117815693],[7.018261832248504,49.33968179190808],[7.016004013661404,49.34154804510703],[7.01744606830338,49.34389813018183],[7.016609161744275,49.34593447693599],[7.02144949159026,49.35084822389647],[7.027166345611309,49.34901094420748]]]}},{"type":"Feature","id":"10041517","properties":{"ags8":"10041517","county_ags5":"10041","state_code":"10","name_de":"Riegelsberg","valid_at":"2026-01-01","source":"BKG_VG250_2026","part_count":1,"simplified_tolerance_m":80},"geometry":{"type":"Polygon","coordinates":[[[6.911808486162778,49.33045393802516],[6.9236549057624375,49.33080761692083],[6.922924187432913,49.328406978906415],[6.93413174438593,49.32414859781203],[6.936198509617834,49.32185425009234],[6.941384556501447,49.32518898268192],[6.95048906437046,49.326719657782924],[6.957709294687417,49.32335409459339],[6.962294805304045,49.32469627953536],[6.9662483152465855,49.32320860596536],[6.967679188895608,49.32042577722183],[6.97363351298746,49.321513318660855],[6.97822656494308,49.324070849322226],[6.981734129312175,49.32170413201115],[6.967773806794101,49.31614202222864],[6.9655568521763085,49.31294733380905],[6.963813521264234,49.304445123051856],[6.958555199992264,49.29955150087979],[6.955113115781234,49.292430497327096],[6.952192984781516,49.29102778349265],[6.952008559601675,49.288591533622785],[6.945487060112305,49.28614346957445],[6.933039323079004,49.286730474814924],[6.930845507533447,49.28586826845521],[6.93048012212693,49.28392940767776],[6.923259952746852,49.28327642311875],[6.919331873803292,49.285186588568635],[6.927527185222814,49.28902289171083],[6.928517961275707,49.290882590303816],[6.927012744660117,49.292199573846695],[6.928199000425766,49.29296480837409],[6.922338939211919,49.294491894965915],[6.921206060181612,49.297179159858985],[6.927954322842201,49.30309858548561],[6.924303114932365,49.305155582276704],[6.928658350108654,49.308817800248725],[6.929237524874072,49.31343111137433],[6.92509198605235,49.31529365027303],[6.910226389723359,49.3171085153755],[6.905610175999787,49.32250164677615],[6.901379604189126,49.32508613265891],[6.911762389796534,49.3284891361904],[6.911808486162778,49.33045393802516]]]}},{"type":"Feature","id":"10041518","properties":{"ags8":"10041518","county_ags5":"10041","state_code":"10","name_de":"Sulzbach/Saar","valid_at":"2026-01-01","source":"BKG_VG250_2026","part_count":1,"simplified_tolerance_m":80},"geometry":{"type":"Polygon","coordinates":[[[7.108538868123025,49.313994155739266],[7.115848534244449,49.31268366948826],[7.117597954477893,49.311115461929255],[7.116409939479354,49.30881948299151],[7.111593228678715,49.30603592590082],[7.102636618011699,49.30416261656334],[7.098068882991453,49.3015750783002],[7.095756266486386,49.30370223950727],[7.092128593146854,49.299826242918506],[7.093597402209903,49.29884151698874],[7.092536870320036,49.29787062877449],[7.089306426714555,49.296014515114884],[7.085674919756794,49.29674167041839],[7.082824660315889,49.294587898053685],[7.08688600958196,49.28763844372004],[7.0854290338849,49.283343833229345],[7.086571522909009,49.282180906095476],[7.078406356011334,49.280671759640676],[7.080601897933819,49.27438114183206],[7.0689724235494635,49.27457572612574],[7.066022495945541,49.27155893088524],[7.062578386366986,49.27141753131809],[7.054169762701626,49.28697274891913],[7.043317063157026,49.2931368884873],[7.0310849640695725,49.29687038716252],[7.042431963130141,49.3025963009138],[7.036161480261446,49.307437122096594],[7.044505490482918,49.31359246306969],[7.052564143277975,49.31530780561213],[7.0630157475903745,49.31515964442484],[7.063515406984945,49.313373891049984],[7.0649668224434725,49.31426474720604],[7.067562738608022,49.31263308383287],[7.069843532255922,49.3127117263884],[7.07663715052866,49.3147919324214],[7.076430498196531,49.3186578292632],[7.081993452041745,49.32259674763688],[7.0864553754019575,49.32209457122511],[7.087451149960341,49.31746739199734],[7.089742385213601,49.316063838872516],[7.106855867148482,49.31559125618804],[7.108538868123025,49.313994155739266]]]}},{"type":"Feature","id":"10041519","properties":{"ags8":"10041519","county_ags5":"10041","state_code":"10","name_de":"Völklingen","valid_at":"2026-01-01","source":"BKG_VG250_2026","part_count":1,"simplified_tolerance_m":80},"geometry":{"type":"Polygon","coordinates":[[[6.825113172408114,49.27466775520966],[6.845996908233884,49.27191789551894],[6.85966141773063,49.27286610646988],[6.863486467636838,49.27179223093262],[6.877670541523744,49.27363393017913],[6.878713017949643,49.2687104970835],[6.882858133614065,49.26567242082888],[6.892407902046202,49.266601113296765],[6.900221391966591,49.26260110861297],[6.904344059939399,49.2628593143245],[6.910747788567321,49.25265346760645],[6.910339299723652,49.24945315596769],[6.908252519953372,49.246965971999785],[6.900613354771197,49.248357322237446],[6.900040355620449,49.24516887329529],[6.889388803230715,49.24431333239492],[6.886187889240278,49.24297648164497],[6.889168657306068,49.24088431570654],[6.888494324091846,49.236989747128064],[6.879073176525238,49.22840062539777],[6.8709793096744605,49.23069678422854],[6.862970042793877,49.23027800062432],[6.861217153269618,49.231742961178284],[6.854649195119667,49.22887164512513],[6.852260432866677,49.22932155659915],[6.852769258362881,49.2305475358248],[6.8486905823311455,49.23282850418051],[6.835708967132394,49.227217676035465],[6.835405492932014,49.22542453537714],[6.829338623192346,49.22437958411719],[6.827222160395852,49.22040159927709],[6.829544775931388,49.2198742149732],[6.8329775496525995,49.21415950399863],[6.830375356410017,49.21294861307867],[6.82824238784959,49.21531947549557],[6.8247949259845395,49.214034859169494],[6.814726253230492,49.205678791183985],[6.802018192360611,49.19916010082462],[6.803167609517076,49.192525841801725],[6.7947441871980505,49.192386297200436],[6.776036135605109,49.184462133591914],[6.781219690310318,49.17605118892213],[6.786324210416706,49.17398690968791],[6.790045233029067,49.16602245109897],[6.780033284291652,49.16841508639541],[6.7610931201775815,49.164744831195115],[6.749814809518541,49.166718552584285],[6.7386005358360705,49.163675130640165],[6.729485282657102,49.169282681131605],[6.726816437617866,49.17258424713231],[6.720324125207006,49.175319629900606],[6.711208355750831,49.18834183556574],[6.731444702876285,49.20595673071231],[6.723465468917053,49.21882923373836],[6.7407218633867325,49.22885709242029],[6.741667081545203,49.226087655970495],[6.766999634542455,49.222871594024745],[6.782103388876742,49.22813770683953],[6.7846256092343395,49.23251738608497],[6.792101784101511,49.23598005061309],[6.7936069904377465,49.23572356538644],[6.793698395117821,49.23346595740928],[6.7976461883412655,49.234279160256534],[6.797839465962848,49.2397659892461],[6.805679049664196,49.23971528508942],[6.810606391109756,49.24093115946135],[6.8204040713605405,49.25027659914487],[6.823487309632066,49.25597125758784],[6.833216770235505,49.25847806379765],[6.833545196739216,49.25633628091789],[6.838749185952923,49.256479131530135],[6.828639470302761,49.26544347493693],[6.829137258018447,49.26829676388903],[6.819780244300538,49.26971065945083],[6.825113172408114,49.27466775520966]]]}},{"type":"Feature","id":"10042111","properties":{"ags8":"10042111","county_ags5":"10042","state_code":"10","name_de":"Beckingen","valid_at":"2026-01-01","source":"BKG_VG250_2026","part_count":1,"simplified_tolerance_m":80},"geometry":{"type":"Polygon","coordinates":[[[6.743335608995154,49.454664357584114],[6.753636960134662,49.45562879714385],[6.754598654929761,49.45446276852637],[6.758595517835504,49.454415384514505],[6.76864142774209,49.46167514223431],[6.783455419271581,49.46452450491573],[6.792440486360402,49.46253255369224],[6.793306571096471,49.45794932723747],[6.794854270003613,49.45919818049697],[6.797548560583421,49.45866522237447],[6.796875254337666,49.45754422104085],[6.798786498788722,49.45712962103662],[6.7965561166632655,49.45434518028904],[6.800933747683389,49.45348014915915],[6.802269755472262,49.45102900837895],[6.795638784118843,49.447091252528764],[6.795127695125416,49.444768607692914],[6.797067806952825,49.44254456219122],[6.793488475540162,49.442030551669006],[6.793021214916743,49.439322029072514],[6.790706057972493,49.439074690974586],[6.789601507598497,49.436750489338046],[6.7860959894785395,49.436716042069015],[6.795072988905617,49.432616135190486],[6.79651191310841,49.42718456636947],[6.795353753845546,49.418243985196916],[6.798689248312297,49.415837690344226],[6.79306816076211,49.40961803128357],[6.7872335472700565,49.40617421335097],[6.778406524820948,49.40344730409709],[6.763385140106855,49.40188139005804],[6.751720365058143,49.39484620162145],[6.7435406437389975,49.39638398546534],[6.731480008200148,49.38777656026363],[6.71789876520313,49.38287233483191],[6.719811594942277,49.38169321112283],[6.715736965896112,49.378662660438465],[6.708083062218076,49.37688270665028],[6.708697394575342,49.37521900505566],[6.700895581482923,49.37374881743477],[6.700707093428035,49.372503406212104],[6.69565001667961,49.37222943133804],[6.692934972667732,49.37463269165817],[6.693730526170042,49.38199180488916],[6.670892129198307,49.389477071071006],[6.66201280499579,49.39886706751943],[6.671726408108986,49.4002877973489],[6.675417079082405,49.397657214982885],[6.684512389669853,49.39831684675087],[6.689812921947665,49.401955353907155],[6.690677090122996,49.40671365117515],[6.692385966685544,49.40761818552962],[6.699436313384128,49.40627106092118],[6.700315031144369,49.40720148814897],[6.700548375924079,49.40878570471583],[6.697454257918249,49.411056813741716],[6.695775188594692,49.414659685202984],[6.698797722822611,49.417806365901704],[6.701655313412189,49.41662774271431],[6.704175635902778,49.41847635983942],[6.7061682401810225,49.42219845372085],[6.7095157091048865,49.4243999405123],[6.711291565366879,49.431514209126775],[6.715658231589582,49.438938680788304],[6.724876687103642,49.445681751725864],[6.7229399702308195,49.44837084174607],[6.718270119145133,49.45065576674392],[6.711592123684247,49.459750167266165],[6.709363389147795,49.460012337710644],[6.71070314361387,49.465435030587095],[6.71558524239679,49.46749067769578],[6.728724182958735,49.462391830316626],[6.737011098509258,49.462353011156296],[6.736349042264554,49.46110587105891],[6.742886213084923,49.456694089569034],[6.743335608995154,49.454664357584114]]]}},{"type":"Feature","id":"10042112","properties":{"ags8":"10042112","county_ags5":"10042","state_code":"10","name_de":"Losheim am See","valid_at":"2026-01-01","source":"BKG_VG250_2026","part_count":1,"simplified_tolerance_m":80},"geometry":{"type":"Polygon","coordinates":[[[6.759659496630505,49.56153022146133],[6.7620015290319815,49.56063060417248],[6.763900589538202,49.56164676169086],[6.767177692497323,49.558156345887504],[6.77234152261097,49.546605083900374],[6.775723932533165,49.545745000038536],[6.779456770627885,49.542530830173426],[6.783409168478023,49.54186085520737],[6.786742508126597,49.539043092012946],[6.789170331480319,49.53290774682282],[6.793250118409815,49.5291956089306],[6.792284722383298,49.52672042543974],[6.7935429223404755,49.52595353544682],[6.790471948070318,49.522749778400154],[6.79210585099403,49.521465660728325],[6.791723349685478,49.51890398729104],[6.795289781847484,49.51519298100748],[6.795480468306225,49.50737182017983],[6.802568199961884,49.50998226671766],[6.807140068745643,49.510249094950424],[6.807079508165542,49.511571188312985],[6.809456285937979,49.51160391905662],[6.810951235752503,49.50961341789301],[6.80914753404752,49.50879254875594],[6.811849499534149,49.50532303349523],[6.80598847839226,49.49614199339635],[6.81547750997811,49.49269635159503],[6.8132018286588405,49.49208155244308],[6.813714811656917,49.489508074471196],[6.805743830765627,49.488031832515226],[6.799544953532813,49.48450952298741],[6.80046242239904,49.47589696290734],[6.807337440222253,49.47579377094477],[6.801277787332805,49.46226444678282],[6.797548560583421,49.45866522237447],[6.794854270003613,49.45919818049697],[6.793306571096471,49.45794932723747],[6.792440486360402,49.46253255369224],[6.783455419271581,49.46452450491573],[6.76864142774209,49.46167514223431],[6.758595517835504,49.454415384514505],[6.754598654929761,49.45446276852637],[6.753636960134662,49.45562879714385],[6.7445256469687775,49.4542896746785],[6.736349042264554,49.46110587105891],[6.737011098509258,49.462353011156296],[6.728724182958735,49.462391830316626],[6.71558524239679,49.46749067769578],[6.71070314361387,49.465435030587095],[6.709363389147795,49.460012337710644],[6.705553073883148,49.460487641723134],[6.699033417259116,49.458588487763485],[6.693781088474715,49.45872150167874],[6.693803707376728,49.47095497522687],[6.691405443195231,49.4712162753861],[6.693080200062515,49.47257899224835],[6.689870975873197,49.475560296033294],[6.695777736269743,49.483164273488235],[6.694947967358369,49.48577560167791],[6.687808835821529,49.48774143208301],[6.6827746765339935,49.49129551540211],[6.683753609642798,49.49576554576762],[6.676501265149804,49.4966999800644],[6.677560056251779,49.495564817019655],[6.675885239461444,49.494544176976895],[6.673180090324607,49.49655131093515],[6.670939392982759,49.495862710165504],[6.669683743635604,49.49703617227351],[6.668378811515601,49.49640631947556],[6.6638573742811555,49.49794616182463],[6.661448051055359,49.496774200527994],[6.655272792167611,49.498581708377706],[6.651800754391766,49.49703999865238],[6.650484374101333,49.498274250475966],[6.652181332995231,49.5050343025983],[6.647325630000841,49.503784626234804],[6.6425488213685355,49.50423689024955],[6.641940788412198,49.51057598849303],[6.638594316642048,49.51278566091094],[6.636630766226107,49.51243017197281],[6.6369917472399855,49.513613623751965],[6.632761737231836,49.51570499176097],[6.633953753287726,49.51758733232252],[6.638510011664495,49.51816494557655],[6.6422071241993965,49.52185456736755],[6.649265319010944,49.52328118077238],[6.650453901884933,49.52482452206468],[6.650674411608728,49.52634160429171],[6.644902943131322,49.53029746661395],[6.648437546988422,49.531871017453035],[6.647395853390684,49.53474264738915],[6.651034909862037,49.53492985434786],[6.657521895892392,49.54095177830404],[6.6553582956486315,49.54326158115339],[6.650950066264225,49.543376822340456],[6.650428329883363,49.54951177356498],[6.6528197917084375,49.55093553538811],[6.6582085909583,49.54394727603475],[6.664114863271381,49.54273708002567],[6.684182542202833,49.54815369217604],[6.68846086902511,49.53615478038219],[6.690446748738661,49.535203901215276],[6.693643709482478,49.53955456764158],[6.699963458854314,49.54119976227423],[6.709092125197244,49.553514378628954],[6.722806364654473,49.55623494585537],[6.733988303631426,49.56020687329073],[6.735146355766654,49.55852947414476],[6.7415799140941965,49.55755209624801],[6.747981783768358,49.55790796876018],[6.759659496630505,49.56153022146133]]]}},{"type":"Feature","id":"10042113","properties":{"ags8":"10042113","county_ags5":"10042","state_code":"10","name_de":"Merzig","valid_at":"2026-01-01","source":"BKG_VG250_2026","part_count":1,"simplified_tolerance_m":80},"geometry":{"type":"Polygon","coordinates":[[[6.652181332995231,49.5050343025983],[6.650484374101333,49.498274250475966],[6.651800754391766,49.49703999865238],[6.655272792167611,49.498581708377706],[6.661448051055359,49.496774200527994],[6.6638573742811555,49.49794616182463],[6.668378811515601,49.49640631947556],[6.669683743635604,49.49703617227351],[6.670939392982759,49.495862710165504],[6.673180090324607,49.49655131093515],[6.675885239461444,49.494544176976895],[6.677560056251779,49.495564817019655],[6.676501265149804,49.4966999800644],[6.683753609642798,49.49576554576762],[6.6827746765339935,49.49129551540211],[6.687808835821529,49.48774143208301],[6.694947967358369,49.48577560167791],[6.695777736269743,49.483164273488235],[6.689870975873197,49.475560296033294],[6.693080200062515,49.47257899224835],[6.691405443195231,49.4712162753861],[6.693803707376728,49.47095497522687],[6.693781088474715,49.45872150167874],[6.699033417259116,49.458588487763485],[6.705553073883148,49.460487641723134],[6.711592123684247,49.459750167266165],[6.718270119145133,49.45065576674392],[6.7229399702308195,49.44837084174607],[6.724876687103642,49.445681751725864],[6.715658231589582,49.438938680788304],[6.711291565366879,49.431514209126775],[6.7095157091048865,49.4243999405123],[6.7061682401810225,49.42219845372085],[6.704175635902778,49.41847635983942],[6.701655313412189,49.41662774271431],[6.698797722822611,49.417806365901704],[6.695775188594692,49.414659685202984],[6.697454257918249,49.411056813741716],[6.700548375924079,49.40878570471583],[6.700315031144369,49.40720148814897],[6.699436313384128,49.40627106092118],[6.692385966685544,49.40761818552962],[6.690677090122996,49.40671365117515],[6.689812921947665,49.401955353907155],[6.684512389669853,49.39831684675087],[6.675417079082405,49.397657214982885],[6.671726408108986,49.4002877973489],[6.66201280499579,49.39886706751943],[6.652687988009388,49.40636763397006],[6.6426097611163675,49.41135551818399],[6.638333561889949,49.40925417910595],[6.635675119883294,49.41106366807094],[6.631481853032327,49.408964904469336],[6.628710938559188,49.409941624489576],[6.624922924041464,49.40799650987468],[6.623902354336792,49.404813542426616],[6.6075693443376355,49.40206566929294],[6.606062217022837,49.40155592372724],[6.60674992598283,49.40028312262867],[6.601742688299883,49.399146987371005],[6.599880503518792,49.39704801538448],[6.592352489721335,49.39835294796839],[6.592016941916808,49.400020451563684],[6.586574431753926,49.399134112122255],[6.58326563828383,49.40010002941435],[6.584452256946709,49.40269428634941],[6.579471806910542,49.406429850324436],[6.579464342941092,49.40964730042999],[6.57146932078611,49.41805726221153],[6.5648835914867245,49.415502584108964],[6.55698606394701,49.41920860464441],[6.555940246119994,49.42100974015604],[6.5541914202224545,49.42011066902846],[6.550815843134471,49.425379523378716],[6.5426776446534385,49.430607194830685],[6.541706999108561,49.43249195317994],[6.539413464741775,49.43372387457638],[6.53796716840063,49.43278387309846],[6.53442003241538,49.43531171836993],[6.524845865659063,49.43539766013838],[6.51425628443224,49.440676982307274],[6.5072061133756485,49.44768859516195],[6.513600840767157,49.44589006441741],[6.5182951398850975,49.45010823781566],[6.52588240886005,49.451639426465334],[6.531820121673936,49.45680134311455],[6.533492365321572,49.45730165317356],[6.53576514703539,49.45605732306842],[6.544503738354318,49.45985081931727],[6.545936345123382,49.45859719450692],[6.54787304511798,49.45949938681428],[6.5468895498648845,49.46211067654667],[6.550199489834757,49.46587361492276],[6.55241363732954,49.478923277556284],[6.554644581865541,49.481196807176524],[6.560446806433332,49.478066443930196],[6.573587632125058,49.477479589509116],[6.579209527266674,49.47990966775667],[6.574608266107604,49.48392059049185],[6.582596360902286,49.481099427049934],[6.59116121743093,49.48390107884585],[6.596338686943841,49.48365704437708],[6.598261439205741,49.48517397418409],[6.609048969932814,49.48769976837541],[6.612301036539198,49.48801012184147],[6.6131190785141545,49.48611050904462],[6.618694994320783,49.48623951565614],[6.629790073867294,49.48942247063334],[6.637377456505513,49.487421524779705],[6.640096301227173,49.4881722289314],[6.642726397057042,49.491225951283305],[6.640769001633356,49.49234808044323],[6.640772488935847,49.496248800001915],[6.636632065725596,49.49853930291471],[6.6366757523318025,49.50056767954444],[6.645348123924869,49.50025629582303],[6.6495644685923585,49.50437748841232],[6.652181332995231,49.5050343025983]]]}},{"type":"Feature","id":"10042114","properties":{"ags8":"10042114","county_ags5":"10042","state_code":"10","name_de":"Mettlach","valid_at":"2026-01-01","source":"BKG_VG250_2026","part_count":1,"simplified_tolerance_m":80},"geometry":{"type":"Polygon","coordinates":[[[6.485675546950457,49.53377334390897],[6.499292044926475,49.530355779644644],[6.500584078506286,49.53228452682989],[6.507560341259933,49.53527035417558],[6.5111407454221775,49.53433385002557],[6.514926785881557,49.53508022002948],[6.514861407518369,49.52922189940896],[6.517436953841996,49.5275470105812],[6.5195775325082055,49.52910004234768],[6.522920744593991,49.52834401794374],[6.525210028292144,49.52944270826519],[6.538553917684446,49.53945252615222],[6.554750563714422,49.535963558514744],[6.563963086155519,49.540557588279015],[6.565189669403254,49.53793370466883],[6.571786508142845,49.53612765319908],[6.578288738880918,49.53012845909202],[6.579728725191381,49.52218767738716],[6.586884875866461,49.51929201245285],[6.588431339135012,49.51747181809121],[6.591304694627098,49.51702186225664],[6.5953374237350415,49.518810080796506],[6.604679365644744,49.51725917880871],[6.610318092316327,49.52108416455495],[6.607020555195098,49.52739825800365],[6.612776509082026,49.52929282045831],[6.618405155452904,49.52945157406118],[6.6196583211394975,49.530561317819824],[6.616971897298875,49.53552241430701],[6.627822144234443,49.53832185837327],[6.632775018250561,49.541903423311155],[6.641104266596104,49.54023886976572],[6.641348977320008,49.53775292674697],[6.645950747284279,49.53914295071259],[6.650950066264225,49.543376822340456],[6.6553582956486315,49.54326158115339],[6.657521895892392,49.54095177830404],[6.651034909862037,49.53492985434786],[6.647395853390684,49.53474264738915],[6.648437546988422,49.531871017453035],[6.644902943131322,49.53029746661395],[6.650674411608728,49.52634160429171],[6.649265319010944,49.52328118077238],[6.6422071241993965,49.52185456736755],[6.638510011664495,49.51816494557655],[6.633953753287726,49.51758733232252],[6.632761737231836,49.51570499176097],[6.6369917472399855,49.513613623751965],[6.636630766226107,49.51243017197281],[6.638594316642048,49.51278566091094],[6.641940788412198,49.51057598849303],[6.6425488213685355,49.50423689024955],[6.6495644685923585,49.50437748841232],[6.645348123924869,49.50025629582303],[6.6366757523318025,49.50056767954444],[6.636632065725596,49.49853930291471],[6.640772488935847,49.496248800001915],[6.640769001633356,49.49234808044323],[6.642726397057042,49.491225951283305],[6.640096301227173,49.4881722289314],[6.637377456505513,49.487421524779705],[6.629790073867294,49.48942247063334],[6.618694994320783,49.48623951565614],[6.6131190785141545,49.48611050904462],[6.612301036539198,49.48801012184147],[6.609048969932814,49.48769976837541],[6.598261439205741,49.48517397418409],[6.596338686943841,49.48365704437708],[6.59116121743093,49.48390107884585],[6.582596360902286,49.481099427049934],[6.574608266107604,49.48392059049185],[6.579209527266674,49.47990966775667],[6.573587632125058,49.477479589509116],[6.560446806433332,49.478066443930196],[6.554644581865541,49.481196807176524],[6.55241363732954,49.478923277556284],[6.550199489834757,49.46587361492276],[6.5468895498648845,49.46211067654667],[6.54787304511798,49.45949938681428],[6.545936345123382,49.45859719450692],[6.544503738354318,49.45985081931727],[6.53576514703539,49.45605732306842],[6.533492365321572,49.45730165317356],[6.531820121673936,49.45680134311455],[6.52588240886005,49.451639426465334],[6.5182951398850975,49.45010823781566],[6.513600840767157,49.44589006441741],[6.5072061133756485,49.44768859516195],[6.5077989717475475,49.44588076903038],[6.4993674360974545,49.45038352660411],[6.48628804513444,49.45162108911988],[6.484657558497366,49.45260806354896],[6.489149470960569,49.45606541206072],[6.4837648141497315,49.45913374900601],[6.490779686208706,49.46479927815977],[6.4863243208732735,49.46908391715825],[6.487929155767847,49.469310571897275],[6.4871498631886295,49.47180212766581],[6.485214238755906,49.47150436693825],[6.486936168679916,49.473553845328304],[6.486098061547663,49.474911322483514],[6.49289494966018,49.47892891189881],[6.4958403033663625,49.47940541914003],[6.498142742889727,49.48442141517592],[6.490818697134091,49.48663907320022],[6.495418747211264,49.48804033576082],[6.488755643257093,49.49681394929889],[6.485283891173612,49.49887501324696],[6.491837817209256,49.50349606802515],[6.496274732929955,49.502418964572286],[6.500474964414159,49.503945682168926],[6.496447718099248,49.50964291215083],[6.496553894913487,49.51587975779998],[6.492622063290619,49.52055521732657],[6.483748241323072,49.51914552092666],[6.481333433391247,49.52120378429689],[6.479498400121524,49.51998520337411],[6.471523218417223,49.52085395766939],[6.467068210198196,49.5200190965011],[6.46234748257688,49.52184137748322],[6.460898249930301,49.519501076334116],[6.44721168321329,49.52309166490802],[6.448837438727255,49.52791616298362],[6.452772310211239,49.5298322557008],[6.458070503245797,49.52872475430793],[6.460875926203152,49.531726293456344],[6.467084159551243,49.5298400740902],[6.468171916775241,49.531221364856826],[6.477870207022803,49.5311169452514],[6.473282817917629,49.53348503784094],[6.473492433229814,49.53510522262242],[6.467910970093828,49.53923957122483],[6.46964014872281,49.54073384944077],[6.468103594705062,49.54089520600946],[6.4692078783052205,49.54241221570612],[6.467011441874874,49.54300948424009],[6.46792155442674,49.544366406767374],[6.479994345931452,49.53993183533365],[6.485675546950457,49.53377334390897]]]}},{"type":"Feature","id":"10042115","properties":{"ags8":"10042115","county_ags5":"10042","state_code":"10","name_de":"Perl","valid_at":"2026-01-01","source":"BKG_VG250_2026","part_count":1,"simplified_tolerance_m":80},"geometry":{"type":"Polygon","coordinates":[[[6.385260614752128,49.54949280329622],[6.393914489011708,49.54744749379981],[6.40410167805648,49.548592033760066],[6.414055416989345,49.54635785377407],[6.414320321046827,49.54325900434193],[6.430297760755026,49.54896277183149],[6.4383512688942295,49.54626154272011],[6.438864495264737,49.54478438037313],[6.442432801067596,49.545158935703235],[6.44406151960087,49.5429350199047],[6.445016271566467,49.54372611000521],[6.4476030136456055,49.54259847963046],[6.449320519234263,49.54394374080028],[6.452071910529538,49.53827724029513],[6.463613682354742,49.54405929272872],[6.4692078783052205,49.54241221570612],[6.467910970093828,49.53923957122483],[6.473492433229814,49.53510522262242],[6.473282817917629,49.53348503784094],[6.477870207022803,49.5311169452514],[6.468171916775241,49.531221364856826],[6.467084159551243,49.5298400740902],[6.460875926203152,49.531726293456344],[6.458070503245797,49.52872475430793],[6.452772310211239,49.5298322557008],[6.448837438727255,49.52791616298362],[6.44721168321329,49.52309166490802],[6.460898249930301,49.519501076334116],[6.46234748257688,49.52184137748322],[6.467068210198196,49.5200190965011],[6.471523218417223,49.52085395766939],[6.479498400121524,49.51998520337411],[6.481333433391247,49.52120378429689],[6.483748241323072,49.51914552092666],[6.492063164367098,49.52110746191203],[6.496553894913487,49.51587975779998],[6.496447718099248,49.50964291215083],[6.500474964414159,49.503945682168926],[6.496274732929955,49.502418964572286],[6.491837817209256,49.50349606802515],[6.485283891173612,49.49887501324696],[6.488755643257093,49.49681394929889],[6.495418747211264,49.48804033576082],[6.490818697134091,49.48663907320022],[6.498142742889727,49.48442141517592],[6.4958403033663625,49.47940541914003],[6.49289494966018,49.47892891189881],[6.486098061547663,49.474911322483514],[6.486936168679916,49.473553845328304],[6.485214238755906,49.47150436693825],[6.4871498631886295,49.47180212766581],[6.487929155767847,49.469310571897275],[6.4863243208732735,49.46908391715825],[6.490779686208706,49.46479927815977],[6.4837648141497315,49.45913374900601],[6.489149470960569,49.45606541206072],[6.484657558497366,49.45260806354896],[6.464606733095434,49.466369785097456],[6.4556567083368845,49.46267944391614],[6.450824856379546,49.465713313098995],[6.44314629376936,49.468171644085054],[6.440549722747475,49.4667097473874],[6.4360315106584265,49.46914551943683],[6.433348947801262,49.471769212440456],[6.434695381797696,49.472682704223644],[6.429131061483344,49.47624050650151],[6.426060817151301,49.475560933900844],[6.420440524515588,49.47642026924091],[6.414612572377082,49.4709925598539],[6.408417944328366,49.46776760389098],[6.3934053939399345,49.464050121893706],[6.379906877985651,49.466215370412094],[6.379583660653532,49.46450968040299],[6.375013346166373,49.46412624787823],[6.373980153484632,49.46616973598459],[6.371358039236446,49.46675847026904],[6.371405186221822,49.4686162632842],[6.367083525777228,49.4695120480755],[6.369031405158118,49.48881745273308],[6.367064229725654,49.49567668165636],[6.367520106875054,49.502730316083614],[6.356994234837061,49.531294163915575],[6.360601035848148,49.53600375238655],[6.367756265061048,49.54035661488044],[6.380052619938468,49.55110477036876],[6.382498688190074,49.55134200810621],[6.385260614752128,49.54949280329622]]]}},{"type":"Feature","id":"10042116","properties":{"ags8":"10042116","county_ags5":"10042","state_code":"10","name_de":"Wadern","valid_at":"2026-01-01","source":"BKG_VG250_2026","part_count":1,"simplified_tolerance_m":80},"geometry":{"type":"Polygon","coordinates":[[[6.892562813496886,49.607918668306446],[6.895712002899926,49.6037066881591],[6.89408971506532,49.60091485693974],[6.8950498431096126,49.5975588360948],[6.905507482762537,49.59062326021846],[6.905546638874848,49.59247140629934],[6.909867715323098,49.594364621139604],[6.914380439075884,49.59516335264325],[6.918189634258356,49.59443950257896],[6.923533738228735,49.59597777023103],[6.923770609455574,49.59705750095863],[6.930492546863189,49.597422668020386],[6.933235514614866,49.59947273684398],[6.937903463784358,49.5978275804338],[6.943586660616554,49.59798851721222],[6.95345253934352,49.59463277193034],[6.956657473875801,49.597750517870374],[6.955077379828473,49.59103604716882],[6.955668636635681,49.58810941782706],[6.958444852645051,49.58598082178302],[6.952138854251973,49.58284685667164],[6.955901900964871,49.58136524851185],[6.95576548634748,49.57978013722062],[6.949787172069293,49.573856416465254],[6.949883662556797,49.5716258037854],[6.952050258783896,49.571729891771355],[6.9529615173662,49.57046155390516],[6.948044899822383,49.56622716277875],[6.956680964523542,49.565498562173495],[6.956940787425571,49.56199415154371],[6.961214056143198,49.56206506563143],[6.963020678298897,49.55935664969195],[6.954475514199373,49.553603738315644],[6.956830467780854,49.55115581711758],[6.959050852565156,49.54089168434138],[6.957143107728089,49.53591761064829],[6.952966061676276,49.53307515809064],[6.95637032385026,49.52506998723318],[6.954677843469878,49.52007888484897],[6.956448014560627,49.51709931019167],[6.955454727933529,49.51183537895749],[6.946884892774817,49.511196583476554],[6.938469383031426,49.507372882664455],[6.935830619736266,49.50770466767057],[6.9358637822195135,49.50651685377554],[6.931418459943264,49.505295551146624],[6.930396315316442,49.50601976613308],[6.928656820941898,49.50356897104422],[6.925230880764352,49.50485377583347],[6.92307335403689,49.50381175788164],[6.918135735237365,49.50773618085936],[6.903358361743714,49.49515461343655],[6.886646444788787,49.48738805138599],[6.874977963121602,49.479718065442476],[6.861514862549407,49.48079759828094],[6.853444307302148,49.482941747497165],[6.8413110680368465,49.47655006138129],[6.841305076899098,49.475000662667114],[6.836679318890923,49.47548095014729],[6.821076772765751,49.46896517097972],[6.812381207689285,49.47330173424532],[6.805739234339621,49.4698146705628],[6.807337440222253,49.47579377094477],[6.80046242239904,49.47589696290734],[6.799544953532813,49.48450952298741],[6.805743830765627,49.488031832515226],[6.813714811656917,49.489508074471196],[6.8132018286588405,49.49208155244308],[6.81547750997811,49.49269635159503],[6.80598847839226,49.49614199339635],[6.811849499534149,49.50532303349523],[6.80914753404752,49.50879254875594],[6.810608327871095,49.508839586839],[6.810265160976877,49.510585769459816],[6.81559009462905,49.512966320502045],[6.817798447623325,49.51154054284963],[6.8230278388656735,49.511047210883696],[6.822296311140521,49.51771206914294],[6.826111627561757,49.52492871382382],[6.83000229875462,49.52201085874056],[6.834012691456175,49.52438399374687],[6.837398863781391,49.523530167083194],[6.84093300299005,49.52634695026294],[6.844995660212586,49.52587510973873],[6.846522343311855,49.52780702804286],[6.8511598768188104,49.52850647871107],[6.844829269830328,49.53475076339997],[6.842391576902733,49.539841925040825],[6.838288307894133,49.5401052302542],[6.8377325766721695,49.543023557272726],[6.839869877869617,49.54511948748882],[6.84845742648935,49.544062708966685],[6.8509084980686,49.54721516167548],[6.848703679417519,49.54817070327251],[6.851061185324845,49.55011139341092],[6.844990813218416,49.556355223635904],[6.8382985556650215,49.556597807761186],[6.8364866246477805,49.56145181904678],[6.833487560082291,49.56299902909965],[6.831898218884498,49.565996570527425],[6.824841567137742,49.56936547216973],[6.824831061682276,49.57117673029054],[6.83090071489841,49.5703461538817],[6.830189930093665,49.57618677366653],[6.841652761599493,49.58882283276929],[6.8391242552976905,49.592635772329295],[6.842147746711467,49.59289028519352],[6.843461645235538,49.59057344016397],[6.846006329830964,49.589615853000986],[6.857887590367659,49.60563273098294],[6.866435191010448,49.60865974971065],[6.8706139713169305,49.60838712282435],[6.872586527645868,49.60688871622684],[6.872470649782215,49.604564613005806],[6.879560671658635,49.60117102737187],[6.879956806129356,49.60618267360778],[6.882599488266494,49.6084379813267],[6.889807970545995,49.60628296304095],[6.890722758252833,49.60757046321062],[6.885480988688046,49.61094790496616],[6.886594157352223,49.613199804296585],[6.891453809661421,49.61342263351096],[6.892562813496886,49.607918668306446]]]}},{"type":"Feature","id":"10042117","properties":{"ags8":"10042117","county_ags5":"10042","state_code":"10","name_de":"Weiskirchen","valid_at":"2026-01-01","source":"BKG_VG250_2026","part_count":1,"simplified_tolerance_m":80},"geometry":{"type":"Polygon","coordinates":[[[6.81344197753231,49.59199911723849],[6.822300814810501,49.586360841139125],[6.824263165812488,49.588406322964886],[6.835420960934039,49.58293192305261],[6.830189930093665,49.57618677366653],[6.83090071489841,49.5703461538817],[6.824831061682276,49.57117673029054],[6.824841567137742,49.56936547216973],[6.831898218884498,49.565996570527425],[6.833487560082291,49.56299902909965],[6.8364866246477805,49.56145181904678],[6.8382985556650215,49.556597807761186],[6.844990813218416,49.556355223635904],[6.851061185324845,49.55011139341092],[6.848703679417519,49.54817070327251],[6.8509084980686,49.54721516167548],[6.84845742648935,49.544062708966685],[6.839869877869617,49.54511948748882],[6.8377325766721695,49.543023557272726],[6.838288307894133,49.5401052302542],[6.842391576902733,49.539841925040825],[6.844829269830328,49.53475076339997],[6.8511598768188104,49.52850647871107],[6.846522343311855,49.52780702804286],[6.844995660212586,49.52587510973873],[6.84093300299005,49.52634695026294],[6.837398863781391,49.523530167083194],[6.834012691456175,49.52438399374687],[6.83000229875462,49.52201085874056],[6.826111627561757,49.52492871382382],[6.822296311140521,49.51771206914294],[6.8230278388656735,49.511047210883696],[6.817798447623325,49.51154054284963],[6.81559009462905,49.512966320502045],[6.810265160976877,49.510585769459816],[6.807079508165542,49.511571188312985],[6.807140068745643,49.510249094950424],[6.802568199961884,49.50998226671766],[6.795480468306225,49.50737182017983],[6.795289781847484,49.51519298100748],[6.791723349685478,49.51890398729104],[6.79210585099403,49.521465660728325],[6.790471948070318,49.522749778400154],[6.7935429223404755,49.52595353544682],[6.792284722383298,49.52672042543974],[6.793250118409815,49.5291956089306],[6.789170331480319,49.53290774682282],[6.786742508126597,49.539043092012946],[6.783409168478023,49.54186085520737],[6.779456770627885,49.542530830173426],[6.775723932533165,49.545745000038536],[6.77234152261097,49.546605083900374],[6.772207122470807,49.549364198675846],[6.763900589538202,49.56164676169086],[6.7620015290319815,49.56063060417248],[6.75687697875374,49.56144087726569],[6.767500049801729,49.56904365747492],[6.7781558026311695,49.57022395041678],[6.8016630935625235,49.588074300946246],[6.81344197753231,49.59199911723849]]]}},{"type":"Feature","id":"10043111","properties":{"ags8":"10043111","county_ags5":"10043","state_code":"10","name_de":"Eppelborn","valid_at":"2026-01-01","source":"BKG_VG250_2026","part_count":1,"simplified_tolerance_m":80},"geometry":{"type":"Polygon","coordinates":[[[6.995120919681137,49.43541500048282],[6.99780709517584,49.43418366682234],[7.010152498822412,49.43323389523083],[7.0099959498565845,49.43102260962241],[7.017716847571138,49.43080224226376],[7.016858793265747,49.4289295231753],[7.019323059195597,49.42617787346301],[7.022378657648222,49.42630827389729],[7.0242989139995275,49.42400803350587],[7.032409837656726,49.42219571675729],[7.0384955995734,49.42318441521329],[7.0409676766522935,49.42221570355587],[7.041080899133553,49.424281475181566],[7.04746155282937,49.426548524734585],[7.054659388942609,49.41630443507873],[7.043823424924692,49.41171276215336],[7.043094453157865,49.4089977119885],[7.030703887542914,49.40322227474557],[7.031229871137889,49.40099869847698],[7.023870807130949,49.401571698325405],[7.0205201130760395,49.399801023003704],[7.020024743098227,49.39883110782366],[7.022477358568126,49.39735791778557],[7.0204595089032376,49.39417059490438],[7.0155820648355744,49.39559572388079],[7.005136765705417,49.3900045114171],[7.003253566585722,49.38692280762358],[6.993595176177545,49.38462621576219],[6.994856177307923,49.373905735810276],[6.996748597890711,49.37367648696526],[6.995444014334103,49.36793522356029],[7.000148420381037,49.35902193558446],[6.997388726961491,49.358107513777256],[6.991990936967859,49.35914607105367],[6.980725909294462,49.357461335458716],[6.9781967897777415,49.35885912942402],[6.970155249587216,49.35590531227802],[6.964557552098556,49.356657107868344],[6.963669700814683,49.35953810050879],[6.956195311196286,49.36590423343821],[6.958560605331803,49.37085093874254],[6.956151223837153,49.373783073123924],[6.949431714231357,49.37369978131773],[6.94077774720759,49.37929587381068],[6.938220837743194,49.38512298827018],[6.9393157430613535,49.38839984165115],[6.93536137134241,49.38981472443904],[6.938744836977426,49.39292988314786],[6.931273508427563,49.39765567359524],[6.9247736100640065,49.39609119738547],[6.924910010768238,49.3995342040642],[6.929750791182438,49.40235367411723],[6.9246177378936045,49.4043793002462],[6.916913596236752,49.41365407578565],[6.920488420816098,49.414141709227714],[6.923659529506464,49.41630022740036],[6.923649987583273,49.42179378470304],[6.931350939684953,49.42461385592897],[6.930412934528694,49.42682670371208],[6.931980289106164,49.42895681982364],[6.933388354445502,49.426920956604135],[6.940890488766196,49.424627497153],[6.942747846090714,49.42434393501684],[6.943514516799001,49.42554796168166],[6.952089373324638,49.42423329567106],[6.959808655622332,49.42720504169909],[6.959441205162359,49.428067088473156],[6.96661431421645,49.43209289902241],[6.973303637310406,49.43182518931009],[6.978262906092397,49.434240852416224],[6.994353593939059,49.43778671377215],[6.997281303159888,49.437409461460334],[6.995120919681137,49.43541500048282]]]}},{"type":"Feature","id":"10043112","properties":{"ags8":"10043112","county_ags5":"10043","state_code":"10","name_de":"Illingen","valid_at":"2026-01-01","source":"BKG_VG250_2026","part_count":1,"simplified_tolerance_m":80},"geometry":{"type":"Polygon","coordinates":[[[7.056868599272769,49.41206735319867],[7.060345316429322,49.40920178540896],[7.069777659473215,49.41174066444407],[7.081470551440697,49.4106195554522],[7.083870064486911,49.41142180781497],[7.083925513105031,49.41277429568201],[7.086622011767135,49.412702968555685],[7.089917756953271,49.4146849321091],[7.0962671053300985,49.41254463506485],[7.104487667178688,49.41602072437556],[7.110396742629297,49.40940820872188],[7.116490869872669,49.405643750460726],[7.12163635648012,49.40469061789836],[7.120737382773148,49.40178199835415],[7.124323357584509,49.3965135236283],[7.112486659089852,49.39551860911665],[7.107955175029692,49.396579850395064],[7.1065281428980525,49.39276367044832],[7.101414740255494,49.39279166261136],[7.099341431994674,49.39069042766435],[7.09709715583471,49.39115901904375],[7.095744559133004,49.39063082531392],[7.096634570412978,49.389902941603026],[7.090124468295173,49.38939228069224],[7.089097902490998,49.38527579889804],[7.095086513004494,49.38563723043137],[7.100304692525319,49.37818559043492],[7.094100413275542,49.37698940478304],[7.0916732471872415,49.37912219617055],[7.08854236393104,49.37640680664876],[7.083212023638652,49.37746980198618],[7.0802207289559735,49.379354468240855],[7.073505831586634,49.37896673575565],[7.072846841228999,49.38046856963637],[7.0644559407258996,49.38014969038492],[7.062927995850604,49.37683408125259],[7.070732793016918,49.37511803867881],[7.067954179789763,49.37212460165487],[7.072491261601028,49.36961533943653],[7.069643295377075,49.36470170166774],[7.068768579861768,49.36555754693868],[7.067768287383264,49.36469854642996],[7.062181637630455,49.365500546781185],[7.0513484355395315,49.364291587200384],[7.047429388158811,49.36115966426174],[7.043876497184998,49.36227050381352],[7.0415106565702965,49.361120724322014],[7.038735617930029,49.358495834644025],[7.040564382490125,49.355121019042244],[7.035639933863014,49.354969453679566],[7.034916708050325,49.35295696876709],[7.023929519507137,49.35029451537951],[7.013917958234795,49.349777509384175],[7.020251926924565,49.35500776124583],[7.0223928242102,49.35875724168753],[7.000148420381037,49.35902193558446],[6.995444014334103,49.36793522356029],[6.996748597890711,49.37367648696526],[6.994856177307923,49.373905735810276],[6.993595176177545,49.38462621576219],[7.003253566585722,49.38692280762358],[7.005136765705417,49.3900045114171],[7.0155820648355744,49.39559572388079],[7.0204595089032376,49.39417059490438],[7.022477358568126,49.39735791778557],[7.020024743098227,49.39883110782366],[7.0205201130760395,49.399801023003704],[7.023870807130949,49.401571698325405],[7.031229871137889,49.40099869847698],[7.030703887542914,49.40322227474557],[7.043094453157865,49.4089977119885],[7.043823424924692,49.41171276215336],[7.047067241224727,49.413433278372636],[7.054659388942609,49.41630443507873],[7.056625715664277,49.41583324546193],[7.056868599272769,49.41206735319867]]]}},{"type":"Feature","id":"10043113","properties":{"ags8":"10043113","county_ags5":"10043","state_code":"10","name_de":"Merchweiler","valid_at":"2026-01-01","source":"BKG_VG250_2026","part_count":1,"simplified_tolerance_m":80},"geometry":{"type":"Polygon","coordinates":[[[7.072846841228999,49.38046856963637],[7.073505831586634,49.37896673575565],[7.0802207289559735,49.379354468240855],[7.083212023638652,49.37746980198618],[7.08854236393104,49.37640680664876],[7.0916732471872415,49.37912219617055],[7.094100413275542,49.37698940478304],[7.098554801242774,49.37777250540525],[7.1009715022045325,49.375198009322595],[7.099309453112803,49.372185095787245],[7.102153197037906,49.36688593741371],[7.095352052595491,49.36595992017008],[7.089233672593099,49.362802889617505],[7.087703547790834,49.35892028088815],[7.084395764203846,49.35793738445596],[7.0849043736958786,49.35660204879977],[7.079228911959634,49.35479965177354],[7.087942828457867,49.3474099449559],[7.078278190216228,49.34357727413761],[7.07371543452162,49.344167769309],[7.073658285269003,49.33492670212221],[7.070250687093489,49.32919456634477],[7.066451790367781,49.32875441806634],[7.060533126609999,49.331941450761214],[7.059667658299336,49.339736015568285],[7.061816058751168,49.34120272312682],[7.060608518511299,49.34262399313666],[7.051279562950852,49.346246589372896],[7.048205253966999,49.34395496267014],[7.044661339322542,49.34340486247295],[7.045102277922071,49.350109407109414],[7.027691074870424,49.3478072010794],[7.023929519507137,49.35029451537951],[7.034916708050325,49.35295696876709],[7.035639933863014,49.354969453679566],[7.040564382490125,49.355121019042244],[7.038735617930029,49.358495834644025],[7.043876497184998,49.36227050381352],[7.047429388158811,49.36115966426174],[7.048849683496608,49.36317421305148],[7.05068560601914,49.36295602469111],[7.0542155321612485,49.36500846684728],[7.067768287383264,49.36469854642996],[7.068768579861768,49.36555754693868],[7.069643295377075,49.36470170166774],[7.072491261601028,49.36961533943653],[7.067954179789763,49.37212460165487],[7.070732793016918,49.37511803867881],[7.062927995850604,49.37683408125259],[7.062796421626438,49.378478047112154],[7.0644559407258996,49.38014969038492],[7.072846841228999,49.38046856963637]]]}},{"type":"Feature","id":"10043114","properties":{"ags8":"10043114","county_ags5":"10043","state_code":"10","name_de":"Neunkirchen","valid_at":"2026-01-01","source":"BKG_VG250_2026","part_count":1,"simplified_tolerance_m":80},"geometry":{"type":"Polygon","coordinates":[[[7.247384696383219,49.4065471953419],[7.259513150367515,49.4030880141444],[7.262686770607442,49.40083817144228],[7.2616711276404535,49.39708116683521],[7.255231899848037,49.397436032473124],[7.251219100386326,49.39190867505888],[7.252817817068214,49.389892801421794],[7.249227669894891,49.3887530195857],[7.25067421294989,49.38569794194155],[7.242714551287523,49.38449540789614],[7.239049681938736,49.38281351703858],[7.23687859808253,49.379653073200856],[7.221017439802302,49.369377187181335],[7.219778676832418,49.3641004823008],[7.222449725673996,49.36354801489496],[7.22215366277369,49.36142334655814],[7.225157962753318,49.36002511024677],[7.233005362141411,49.361988847785085],[7.235882167607962,49.36119341548286],[7.240670074795958,49.35541712762703],[7.242557872690508,49.3485874663619],[7.240467179846365,49.34822909773702],[7.232983744840892,49.34070035418491],[7.238061388644579,49.337916230050354],[7.237377834875579,49.334591833290105],[7.240033998677947,49.33483995429998],[7.239736114978163,49.33273332823273],[7.243717780622419,49.33151608668103],[7.243639304039374,49.33023521534343],[7.250547313703605,49.329336570017944],[7.254948711987478,49.326384275855204],[7.262612681990561,49.326929378506705],[7.262896646787318,49.32438729448442],[7.266678371992589,49.32321965033194],[7.259491143923764,49.31786235979997],[7.251461412994101,49.31969252780335],[7.245580186424051,49.31602879469319],[7.239387186341246,49.31428024156531],[7.247555044162809,49.30842344342507],[7.247562366343977,49.307298141068806],[7.240482481663275,49.303671439222605],[7.229248926813711,49.299590277916],[7.182892186661375,49.287300581511545],[7.179653303699768,49.29176702687269],[7.187875383731374,49.296629726975254],[7.184467271196597,49.30147433113384],[7.188519467639705,49.306411194006806],[7.183398766864695,49.309573822124506],[7.186919327344178,49.312442033832816],[7.186207549000907,49.31437501892521],[7.174461044888706,49.32389705872393],[7.160169804331027,49.32298711891366],[7.158369580686192,49.32153789694534],[7.1443513963931515,49.319623681122884],[7.134863369337223,49.32200726585196],[7.129836202655583,49.32120830903961],[7.127972188207554,49.322250994702884],[7.120019351922844,49.32015714021095],[7.109094373355308,49.327750659320444],[7.106079431676903,49.33195238086362],[7.114205458690027,49.33397001365869],[7.114241075877274,49.33627314020904],[7.121735448438546,49.33806953737487],[7.118801368827185,49.33970077012244],[7.119202278323251,49.34112520801293],[7.124518354388672,49.34150788197929],[7.1257560904088075,49.344579617393094],[7.139177063098591,49.35308586603184],[7.140363116628936,49.35754028202124],[7.142101051616043,49.35828747124661],[7.139572946707687,49.36105984359797],[7.141685227350086,49.362354750575584],[7.142146322798261,49.368572883893684],[7.148380101530838,49.369559884920335],[7.1490629587565255,49.38148497947],[7.153775407915903,49.39005376971788],[7.1634990050518175,49.39067558125819],[7.170357244152505,49.393699380556754],[7.172174370600478,49.390131669198944],[7.17101715683009,49.38744434340997],[7.17773036049024,49.38477515119444],[7.18113441711062,49.38840543700695],[7.188827012121611,49.39047062503706],[7.192363862576379,49.39319329536205],[7.198738774588002,49.39237189812211],[7.20554295252324,49.39374475344355],[7.210420049111357,49.39170126618916],[7.211821857659531,49.38911380559581],[7.21342142944137,49.39124998597356],[7.218340436148196,49.3915853285767],[7.220894761788393,49.39498244042709],[7.235964978857568,49.39652792871874],[7.240593141055465,49.40292911786374],[7.239602476566469,49.40491744007763],[7.247384696383219,49.4065471953419]]]}},{"type":"Feature","id":"10043115","properties":{"ags8":"10043115","county_ags5":"10043","state_code":"10","name_de":"Ottweiler","valid_at":"2026-01-01","source":"BKG_VG250_2026","part_count":1,"simplified_tolerance_m":80},"geometry":{"type":"Polygon","coordinates":[[[7.213489527518197,49.4394296381603],[7.22686360449055,49.429013338462084],[7.227670891100573,49.4299282481658],[7.231499520641212,49.42966119546518],[7.235043008923544,49.42729668763593],[7.239181151411122,49.42917243200295],[7.25258915548159,49.43146537793512],[7.255794451891066,49.429706086313146],[7.2569707965252945,49.42610317624894],[7.260408341011336,49.426192053691906],[7.260958404798354,49.42362218247684],[7.272788930036806,49.42421313882099],[7.282398617523933,49.417512380380195],[7.288532841790291,49.41643530043726],[7.292158343862149,49.40680505220569],[7.2850547281813105,49.402442514769895],[7.274195421217249,49.402041891862],[7.269021875307445,49.398552958379604],[7.2616711276404535,49.39708116683521],[7.262686770607442,49.40083817144228],[7.259513150367515,49.4030880141444],[7.247384696383219,49.4065471953419],[7.242959206992286,49.40587901177802],[7.239602476566469,49.40491744007763],[7.240593141055465,49.40292911786374],[7.235964978857568,49.39652792871874],[7.220894761788393,49.39498244042709],[7.218340436148196,49.3915853285767],[7.21342142944137,49.39124998597356],[7.211173313703669,49.38902362639589],[7.211139236177474,49.391112100823676],[7.20554295252324,49.39374475344355],[7.198738774588002,49.39237189812211],[7.192363862576379,49.39319329536205],[7.188827012121611,49.39047062503706],[7.18113441711062,49.38840543700695],[7.17773036049024,49.38477515119444],[7.17101715683009,49.38744434340997],[7.172174370600478,49.390131669198944],[7.170357244152505,49.393699380556754],[7.1634990050518175,49.39067558125819],[7.153775407915903,49.39005376971788],[7.152036510505089,49.385913834932985],[7.13850618555065,49.38923862282168],[7.134280598834554,49.393821978989116],[7.124323357584509,49.3965135236283],[7.120737382773148,49.40178199835415],[7.12163635648012,49.40469061789836],[7.116490869872669,49.405643750460726],[7.110396742629297,49.40940820872188],[7.104487667178688,49.41602072437556],[7.0962671053300985,49.41254463506485],[7.089917756953271,49.4146849321091],[7.0918998693545845,49.41515017272114],[7.091599585339879,49.41937359727692],[7.094087563271448,49.4218532869951],[7.101176158998211,49.4200051959041],[7.1039968498860935,49.42080908964269],[7.103225184476602,49.42190566831866],[7.106940245146427,49.422430305079864],[7.107813999235019,49.42393348696141],[7.103259884165762,49.42430054434308],[7.107393395425176,49.42831539810808],[7.114868652694795,49.42707976898863],[7.1205046490648085,49.429754096523475],[7.122865360405798,49.42936562409529],[7.124271955237881,49.42684130142707],[7.128048671338059,49.42790896242832],[7.128827178449512,49.42981627676549],[7.130597277472472,49.42947647380134],[7.129743788009049,49.42706832289107],[7.1325641198248935,49.42534248783539],[7.133810496206878,49.42037289094918],[7.139394284190621,49.41791014554998],[7.1489867721734175,49.416142810499004],[7.156616779934256,49.418557782149726],[7.162806664284744,49.41906553257696],[7.170104469337979,49.42329771528608],[7.192578326281936,49.427093501425446],[7.192546717214048,49.430352316933835],[7.194268482973521,49.43141139021679],[7.197914904508811,49.43319321645571],[7.2068199698845765,49.43460646540745],[7.205878376141129,49.437658570256644],[7.208115643230798,49.44127183171611],[7.213489527518197,49.4394296381603]]]}},{"type":"Feature","id":"10043116","properties":{"ags8":"10043116","county_ags5":"10043","state_code":"10","name_de":"Schiffweiler","valid_at":"2026-01-01","source":"BKG_VG250_2026","part_count":1,"simplified_tolerance_m":80},"geometry":{"type":"Polygon","coordinates":[[[7.107955175029692,49.396579850395064],[7.124323357584509,49.3965135236283],[7.134280598834554,49.393821978989116],[7.13850618555065,49.38923862282168],[7.152036510505089,49.385913834932985],[7.1490629587565255,49.38148497947],[7.148380101530838,49.369559884920335],[7.142146322798261,49.368572883893684],[7.141685227350086,49.362354750575584],[7.139572946707687,49.36105984359797],[7.142101051616043,49.35828747124661],[7.140363116628936,49.35754028202124],[7.139177063098591,49.35308586603184],[7.1257560904088075,49.344579617393094],[7.124518354388672,49.34150788197929],[7.119202278323251,49.34112520801293],[7.118801368827185,49.33970077012244],[7.121735448438546,49.33806953737487],[7.114241075877274,49.33627314020904],[7.11073002765099,49.33701382841201],[7.109758826109287,49.33866848091736],[7.1030762503856595,49.339043121663515],[7.100936066003517,49.33793386352595],[7.099195560053927,49.33915995176294],[7.099841163985479,49.34074635312432],[7.097198636006082,49.340891545605324],[7.093693732558942,49.33901142944632],[7.086949454836766,49.34490338963041],[7.086528386900597,49.34675467338359],[7.087942828457867,49.3474099449559],[7.08583645458577,49.34989447772699],[7.079228911959634,49.35479965177354],[7.0849043736958786,49.35660204879977],[7.084395764203846,49.35793738445596],[7.087703547790834,49.35892028088815],[7.089233672593099,49.362802889617505],[7.095352052595491,49.36595992017008],[7.102153197037906,49.36688593741371],[7.099309453112803,49.372185095787245],[7.1009715022045325,49.375198009322595],[7.098554801242774,49.37777250540525],[7.100304692525319,49.37818559043492],[7.095086513004494,49.38563723043137],[7.089097902490998,49.38527579889804],[7.090124468295173,49.38939228069224],[7.096634570412978,49.389902941603026],[7.095744559133004,49.39063082531392],[7.09709715583471,49.39115901904375],[7.099341431994674,49.39069042766435],[7.101414740255494,49.39279166261136],[7.1065281428980525,49.39276367044832],[7.107955175029692,49.396579850395064]]]}},{"type":"Feature","id":"10043117","properties":{"ags8":"10043117","county_ags5":"10043","state_code":"10","name_de":"Spiesen-Elversberg","valid_at":"2026-01-01","source":"BKG_VG250_2026","part_count":1,"simplified_tolerance_m":80},"geometry":{"type":"Polygon","coordinates":[[[7.114045091489264,49.324125909736665],[7.120019351922844,49.32015714021095],[7.127972188207554,49.322250994702884],[7.129836202655583,49.32120830903961],[7.134863369337223,49.32200726585196],[7.1443513963931515,49.319623681122884],[7.158369580686192,49.32153789694534],[7.160169804331027,49.32298711891366],[7.174461044888706,49.32389705872393],[7.186207549000907,49.31437501892521],[7.186919327344178,49.312442033832816],[7.183398766864695,49.309573822124506],[7.188519467639705,49.306411194006806],[7.182848345261946,49.304181911164505],[7.1717104411600605,49.303951614524685],[7.161821335315234,49.29618268915495],[7.161668888426746,49.29772761074154],[7.15869148476864,49.29771288850323],[7.155796987389848,49.300912824165074],[7.1403376650485,49.301054951812255],[7.127896759222973,49.30703962771166],[7.122206523710308,49.30863558467261],[7.121440514495413,49.307701298415004],[7.117021510827532,49.309522263227954],[7.117597954477893,49.311115461929255],[7.115848534244449,49.31268366948826],[7.108538868123025,49.313994155739266],[7.106855867148482,49.31559125618804],[7.110553054270592,49.3170715595787],[7.109119350916133,49.32040515927766],[7.114045091489264,49.324125909736665]]]}},{"type":"Feature","id":"10044111","properties":{"ags8":"10044111","county_ags5":"10044","state_code":"10","name_de":"Dillingen/Saar","valid_at":"2026-01-01","source":"BKG_VG250_2026","part_count":1,"simplified_tolerance_m":80},"geometry":{"type":"Polygon","coordinates":[[[6.752733006455383,49.38866463855298],[6.755638926469029,49.38539213379894],[6.765315836608421,49.38785359317984],[6.768246798108438,49.38469544973955],[6.770170612074347,49.376996450230386],[6.771748323154127,49.377397995455404],[6.775283586686889,49.37174524755722],[6.778847859276087,49.36915380294888],[6.772561618007694,49.366931674207606],[6.763640842697934,49.36123145657593],[6.75778217586408,49.36191038336698],[6.75755171015461,49.3595608562339],[6.753859525828688,49.358456162262186],[6.749454364853366,49.352126250732454],[6.741958880140043,49.35046505539791],[6.740229812705016,49.34749894123686],[6.719661239989634,49.339198120134476],[6.71649543223158,49.335641817888074],[6.7169474138650855,49.33970131909357],[6.705362556057953,49.34513993539093],[6.700071466343675,49.34600349608144],[6.692799075928842,49.34193068440711],[6.689696491631042,49.34697788402326],[6.6939695943241295,49.347509925907524],[6.69398528056445,49.34905074098833],[6.69098564490748,49.35210181010611],[6.694149989629201,49.35621127244425],[6.695605460889833,49.35678897762138],[6.697471685846941,49.35481639315852],[6.704262952236886,49.35786515118663],[6.695206084067911,49.35747805460774],[6.698587599543397,49.3595290165659],[6.697407351528177,49.36528684210461],[6.69886696901607,49.36527295313775],[6.699988890523418,49.36854451215817],[6.699476926840521,49.37041314563675],[6.6964167380364445,49.37216086132944],[6.700707093428035,49.372503406212104],[6.700895581482923,49.37374881743477],[6.708697394575342,49.37521900505566],[6.708083062218076,49.37688270665028],[6.715736965896112,49.378662660438465],[6.719811594942277,49.38169321112283],[6.71789876520313,49.38287233483191],[6.731480008200148,49.38777656026363],[6.7435406437389975,49.39638398546534],[6.746549058222264,49.395151259487335],[6.749980937905434,49.389383881571376],[6.752733006455383,49.38866463855298]]]}},{"type":"Feature","id":"10044112","properties":{"ags8":"10044112","county_ags5":"10044","state_code":"10","name_de":"Lebach","valid_at":"2026-01-01","source":"BKG_VG250_2026","part_count":1,"simplified_tolerance_m":80},"geometry":{"type":"Polygon","coordinates":[[[6.972734158974645,49.47547727363465],[6.97025169885548,49.473436076632304],[6.970186988994095,49.470345812460614],[6.971184094068058,49.46923338762788],[6.976560644429552,49.469992352642784],[6.977520127889304,49.46887854970436],[6.973716359717029,49.465998345004984],[6.974146695403224,49.464282619835615],[6.971610347033539,49.46157345542896],[6.9786953605737585,49.45344266426133],[6.975227018197654,49.450903712499205],[6.9813787633019455,49.451422711622726],[6.986374728099984,49.44823315687949],[6.989319320047222,49.43675637808845],[6.978262906092397,49.434240852416224],[6.973303637310406,49.43182518931009],[6.96661431421645,49.43209289902241],[6.959441205162359,49.428067088473156],[6.959808655622332,49.42720504169909],[6.952089373324638,49.42423329567106],[6.943514516799001,49.42554796168166],[6.942747846090714,49.42434393501684],[6.940890488766196,49.424627497153],[6.933388354445502,49.426920956604135],[6.931980289106164,49.42895681982364],[6.930412934528694,49.42682670371208],[6.931350939684953,49.42461385592897],[6.923649987583273,49.42179378470304],[6.923659529506464,49.41630022740036],[6.920488420816098,49.414141709227714],[6.916913596236752,49.41365407578565],[6.9246177378936045,49.4043793002462],[6.929750791182438,49.40235367411723],[6.924910010768238,49.3995342040642],[6.9247736100640065,49.39609119738547],[6.931273508427563,49.39765567359524],[6.938744836977426,49.39292988314786],[6.93536137134241,49.38981472443904],[6.9393157430613535,49.38839984165115],[6.938922440357772,49.38236229830226],[6.94077774720759,49.37929587381068],[6.944277865411838,49.37766835220435],[6.9407664644011335,49.37628748195718],[6.93988699965813,49.37735840363594],[6.937121142686404,49.37671248376721],[6.9377552193657275,49.372445655274184],[6.9362551760459015,49.372587281429944],[6.935224389980208,49.37550863308955],[6.93201956347509,49.37538904311975],[6.931374243494714,49.36754672509443],[6.927621110276695,49.36649828912716],[6.920602326486401,49.36850594275348],[6.9178716735852115,49.37330940195511],[6.9157298734641754,49.373916660476624],[6.903790248323602,49.3720136177181],[6.901733750789063,49.37313669967434],[6.894980292368152,49.37362301198764],[6.888836779107642,49.37241728766606],[6.871252208177588,49.371860522322756],[6.871513755266157,49.37715577130457],[6.865400123412522,49.384659062713936],[6.857066416145988,49.380129477423765],[6.8543288163389064,49.381481877499525],[6.853016497788532,49.37987220103657],[6.849346026695331,49.38024854734688],[6.848627256207261,49.38824116083856],[6.845889324967999,49.39393460551511],[6.8527506949564945,49.394616482939725],[6.857759533694241,49.39643589295525],[6.861951416934366,49.40247980345854],[6.865224409966329,49.40318747699035],[6.8672844954236885,49.40131003157139],[6.868326609519761,49.40285676421883],[6.87110696155839,49.40286588869574],[6.871048578902153,49.40413022229187],[6.865753942338632,49.40675467540371],[6.868416485896208,49.4078440077947],[6.864258039549977,49.415559926591484],[6.864766748206403,49.41886378662633],[6.874783349602141,49.42332971893749],[6.872682663568343,49.425180500278394],[6.873410766749667,49.42887866181713],[6.869948719760654,49.43064954163514],[6.872979916240742,49.43274666411355],[6.882369783689446,49.432391115718396],[6.887253458752852,49.43518367818575],[6.8861195749836535,49.437420072833966],[6.8895574745032135,49.437800496544654],[6.888265619790911,49.440830341796065],[6.886135339326712,49.441239384294846],[6.885775952069428,49.44463159919062],[6.881968859709769,49.44666277571125],[6.879314016974403,49.45090071245938],[6.883565410913614,49.45259537898711],[6.880146618461027,49.455421801631914],[6.882471572188839,49.46050242920191],[6.879913438754706,49.46259312588792],[6.871594807594552,49.462892623104295],[6.871364358117631,49.46483967663952],[6.875190255779322,49.467421615937056],[6.878742746411652,49.46795910624621],[6.879455467211978,49.46419916746643],[6.88222443683758,49.46245003946442],[6.888249533181353,49.46046430124817],[6.89344124213136,49.46198153663655],[6.895548542528288,49.464642853248975],[6.897118903557033,49.46033080742728],[6.902337456343484,49.46495880043853],[6.906246704492706,49.466083226620725],[6.9057209502634125,49.46075258558757],[6.911926213701742,49.46061753736499],[6.916132090550697,49.46343478996871],[6.9188967932882175,49.461388116821986],[6.922735198227392,49.46494146441522],[6.927552922820728,49.46519331711245],[6.9277638068101055,49.46681215471021],[6.9353007687600075,49.46636624591226],[6.936244789841284,49.46835048291185],[6.934256251342602,49.4687018996551],[6.937096023486145,49.47251133024077],[6.9408124217845435,49.4725296417274],[6.9560240973410865,49.485104310770524],[6.963272820826268,49.487844627321756],[6.96955741272515,49.48567288170195],[6.9715102099538875,49.48224857874953],[6.9681241508140355,49.48017921569796],[6.972734158974645,49.47547727363465]]]}},{"type":"Feature","id":"10044113","properties":{"ags8":"10044113","county_ags5":"10044","state_code":"10","name_de":"Nalbach","valid_at":"2026-01-01","source":"BKG_VG250_2026","part_count":1,"simplified_tolerance_m":80},"geometry":{"type":"Polygon","coordinates":[[[6.805742916292294,49.41065609502867],[6.820162073907333,49.40277957485799],[6.817201913333395,49.39985387977934],[6.819046706579234,49.394245724594015],[6.821879406379992,49.39385688872688],[6.8332332177750175,49.39757608368727],[6.841062565399378,49.397669374788215],[6.842795735274816,49.39386444676309],[6.844970954632312,49.394194087374444],[6.84315865112936,49.39241649816826],[6.847049615193065,49.391849694554075],[6.849346026695331,49.38024854734688],[6.853016497788532,49.37987220103657],[6.85040294403487,49.37590360438161],[6.842032998861388,49.37255998298962],[6.84122729413544,49.37123785963193],[6.824339826648605,49.36939193639351],[6.802724854741926,49.37568818864525],[6.797855258293227,49.37166234366487],[6.779609214539697,49.366792959156534],[6.771748323154127,49.377397995455404],[6.770170612074347,49.376996450230386],[6.768246798108438,49.38469544973955],[6.765315836608421,49.38785359317984],[6.755638926469029,49.38539213379894],[6.747180464335874,49.39290246715013],[6.746549058222264,49.395151259487335],[6.750098583739412,49.39458501426227],[6.754263989278412,49.395849622049184],[6.758170794823532,49.399546443429806],[6.763385140106855,49.40188139005804],[6.778406524820948,49.40344730409709],[6.7872335472700565,49.40617421335097],[6.79306816076211,49.40961803128357],[6.798689248312297,49.415837690344226],[6.804996399309881,49.41289868270102],[6.805742916292294,49.41065609502867]]]}},{"type":"Feature","id":"10044114","properties":{"ags8":"10044114","county_ags5":"10044","state_code":"10","name_de":"Rehlingen-Siersburg","valid_at":"2026-01-01","source":"BKG_VG250_2026","part_count":1,"simplified_tolerance_m":80},"geometry":{"type":"Polygon","coordinates":[[[6.55698606394701,49.41920860464441],[6.5648835914867245,49.415502584108964],[6.57146932078611,49.41805726221153],[6.579464342941092,49.40964730042999],[6.579471806910542,49.406429850324436],[6.584452256946709,49.40269428634941],[6.58326563828383,49.40010002941435],[6.586574431753926,49.399134112122255],[6.592016941916808,49.400020451563684],[6.592352489721335,49.39835294796839],[6.599880503518792,49.39704801538448],[6.601742688299883,49.399146987371005],[6.60674992598283,49.40028312262867],[6.606062217022837,49.40155592372724],[6.6075693443376355,49.40206566929294],[6.623902354336792,49.404813542426616],[6.624922924041464,49.40799650987468],[6.628710938559188,49.409941624489576],[6.631481853032327,49.408964904469336],[6.635675119883294,49.41106366807094],[6.638333561889949,49.40925417910595],[6.6426097611163675,49.41135551818399],[6.65101755916166,49.40740050031637],[6.66201280499579,49.39886706751943],[6.670892129198307,49.389477071071006],[6.693730526170042,49.38199180488916],[6.692934972667732,49.37463269165817],[6.700042352927406,49.369804674296745],[6.69886696901607,49.36527295313775],[6.697407351528177,49.36528684210461],[6.698587599543397,49.3595290165659],[6.695206084067911,49.35747805460774],[6.704262952236886,49.35786515118663],[6.697471685846941,49.35481639315852],[6.695605460889833,49.35678897762138],[6.694149989629201,49.35621127244425],[6.69098564490748,49.35210181010611],[6.6939695943241295,49.347509925907524],[6.687880272432421,49.347105482331294],[6.6856540858274505,49.3482279921272],[6.680079154561348,49.34621020064049],[6.677150582623966,49.3493984500892],[6.674499055295076,49.349424013913634],[6.673630687772781,49.34850890473582],[6.67559536917483,49.3460757995278],[6.6722795204965655,49.342261857679574],[6.66872603121971,49.34231994976946],[6.664214017495541,49.34495848646867],[6.652978897993005,49.33909792506442],[6.652161004050496,49.340186895055226],[6.640454145219867,49.34125388270429],[6.639062162725162,49.342620319019076],[6.628828581131505,49.341818027192694],[6.622558577313991,49.33973731586922],[6.615343809568744,49.34252393957766],[6.608161418817344,49.33724906043138],[6.598262272290869,49.333536893141094],[6.599213491380008,49.33268711604492],[6.5955955005754126,49.330057255421714],[6.58967034568147,49.33460756714126],[6.591518493922273,49.33577984189817],[6.590664762388539,49.33661493581525],[6.587673848636332,49.33508759508825],[6.585926134146583,49.33708061526952],[6.5827379457753015,49.33476255790678],[6.578393298238765,49.334962390364836],[6.57717769440401,49.33634327387092],[6.5784308006677685,49.3382156641184],[6.575694631236872,49.34166942964951],[6.570788089604451,49.34333574389076],[6.565663992081653,49.34765170208443],[6.563621364665115,49.355912945070926],[6.5740563865173485,49.358664923965506],[6.576848092983617,49.356906634502934],[6.581600501548638,49.35629761061341],[6.585608725901301,49.35280688144964],[6.584889805685118,49.35128144378178],[6.588109747589549,49.34975176296266],[6.590163622733841,49.35479132149041],[6.592757454859953,49.355467795290245],[6.591955595946864,49.35818031980339],[6.596640053727592,49.35925282934165],[6.59581044112323,49.36029600627546],[6.597527094237193,49.360724919329456],[6.602158867890003,49.3671087619782],[6.599591758976731,49.36654375105714],[6.598922378840211,49.36917795284553],[6.594520046203487,49.37157452229984],[6.583148258364965,49.36842261110182],[6.58745646099965,49.383022973527446],[6.586653315484825,49.38514689351139],[6.5802819494282,49.385498103809105],[6.576793270478272,49.389794202454496],[6.563587425339122,49.388101238113194],[6.560106396315992,49.3925083389249],[6.552250961436765,49.39421494230605],[6.552100050971397,49.39990307657885],[6.546880473699134,49.400260398586646],[6.544176308267084,49.40208423688745],[6.540819182969461,49.401250726315645],[6.5374478354879715,49.408333844648816],[6.538675782925929,49.41220460499427],[6.548571181598486,49.41783028328053],[6.552575521009902,49.41692803090572],[6.55698606394701,49.41920860464441]]]}},{"type":"Feature","id":"10044115","properties":{"ags8":"10044115","county_ags5":"10044","state_code":"10","name_de":"Saarlouis","valid_at":"2026-01-01","source":"BKG_VG250_2026","part_count":1,"simplified_tolerance_m":80},"geometry":{"type":"Polygon","coordinates":[[[6.764273165167222,49.360475814085746],[6.77116587259478,49.35152837809406],[6.776339079314898,49.35025777626229],[6.777726842080592,49.34882619640143],[6.779590971140035,49.34137735030371],[6.797773129341149,49.33540601014481],[6.815618805435977,49.33352996066861],[6.814792627411009,49.32777462258731],[6.810153937995633,49.332368989337716],[6.805189208412174,49.33080086667077],[6.804255459745648,49.328608550235835],[6.795823012928143,49.32859218530665],[6.798913122560722,49.32139848581068],[6.796560531286427,49.32081660906491],[6.780827390116032,49.32261455546155],[6.7795252277978575,49.32012880615126],[6.776704593030048,49.32077414964765],[6.771749357879362,49.319879187770155],[6.772716797100092,49.31629049871108],[6.770885131014431,49.31213969739882],[6.773766768983072,49.30965482148043],[6.77328927486863,49.30782308301991],[6.771323605880908,49.30657109568262],[6.766230117752013,49.307569696260614],[6.762981979984346,49.30633581954668],[6.765081052985218,49.3037515240972],[6.765088018924007,49.28840144260768],[6.7763730867452105,49.276061187858595],[6.7821427363609565,49.27319009565697],[6.76360040290026,49.260451434254705],[6.762593943346197,49.261714903239465],[6.752786802014175,49.2639458869981],[6.748421975897832,49.267853195195244],[6.727523424837116,49.27284277238077],[6.711611427169983,49.28452323072584],[6.714354943730407,49.28587675040493],[6.7134279298172865,49.28820537774267],[6.720319392248796,49.2921484576732],[6.720057492050582,49.297608043486164],[6.7145309201730035,49.297822309183296],[6.710434763520424,49.29577856520766],[6.709238882289247,49.29976444915616],[6.700799442799951,49.298848831416606],[6.696376643670988,49.30443683277687],[6.690857827903711,49.30194396143478],[6.690175111678124,49.30482118643288],[6.691930146465723,49.306835289273195],[6.6824094457059475,49.30720575841444],[6.682094010426911,49.31204104929834],[6.686655528657958,49.31601510413174],[6.685606958094409,49.31672713453261],[6.681072824270678,49.31483469256645],[6.6750319805708305,49.31456617467565],[6.6860089327488685,49.3186053217382],[6.690196229374728,49.317234108033254],[6.693048095933938,49.31862782493922],[6.691801333500748,49.31749568446626],[6.693770988225477,49.31489622436695],[6.697205899067344,49.315886235973935],[6.695739939639439,49.31247686328669],[6.700986794258906,49.313374968200435],[6.711280351854601,49.318937732490944],[6.714279635836927,49.31724636045895],[6.716851602447764,49.3211520559241],[6.719445850785714,49.320862749326785],[6.723998725606861,49.32260839283716],[6.722054574402703,49.324200390491015],[6.727035670924334,49.32552063801481],[6.7302535857725125,49.324195898439996],[6.734104863646644,49.32868505260398],[6.731705033273235,49.333099223181236],[6.719661239989634,49.339198120134476],[6.740229812705016,49.34749894123686],[6.741958880140043,49.35046505539791],[6.749454364853366,49.352126250732454],[6.753859525828688,49.358456162262186],[6.75755171015461,49.3595608562339],[6.75778217586408,49.36191038336698],[6.764273165167222,49.360475814085746]]]}},{"type":"Feature","id":"10044116","properties":{"ags8":"10044116","county_ags5":"10044","state_code":"10","name_de":"Saarwellingen","valid_at":"2026-01-01","source":"BKG_VG250_2026","part_count":1,"simplified_tolerance_m":80},"geometry":{"type":"Polygon","coordinates":[[[6.865400123412522,49.384659062713936],[6.871513755266157,49.37715577130457],[6.871252208177588,49.371860522322756],[6.888836779107642,49.37241728766606],[6.894980292368152,49.37362301198764],[6.901733750789063,49.37313669967434],[6.903790248323602,49.3720136177181],[6.9157298734641754,49.373916660476624],[6.9178716735852115,49.37330940195511],[6.922044741455023,49.3679919407942],[6.9201464957884,49.36545050542563],[6.918408180315606,49.36527603119386],[6.918262775471177,49.36342526145011],[6.912796940478593,49.36038590590357],[6.909026704140136,49.36120225546246],[6.90731009227972,49.36000365026393],[6.9090288434783895,49.35804113998302],[6.903709268531046,49.35543049157529],[6.890338357761378,49.3522290285172],[6.8892109540335245,49.35021964680789],[6.884023950306237,49.34989987921249],[6.881424075982546,49.347447583726826],[6.877019648113102,49.346261031139676],[6.876503149768487,49.347442237019045],[6.872021252238455,49.345487554602414],[6.86432427019413,49.3474312837219],[6.863057647325412,49.34681841498221],[6.868072626505952,49.344168612988945],[6.871972738856319,49.34419919892522],[6.875631976670044,49.33767410315528],[6.879642579913578,49.335609955068335],[6.882220048829801,49.33121679669806],[6.8801156745205345,49.328969530747045],[6.856771464989175,49.316993376284245],[6.849352117682565,49.31805088596891],[6.845740507173582,49.32989045249379],[6.843066383993693,49.32913152882137],[6.841462194568699,49.33271151206575],[6.832576236644775,49.333994369242525],[6.825864034922796,49.333099702443064],[6.811419634081669,49.33365345433071],[6.797773129341149,49.33540601014481],[6.779590971140035,49.34137735030371],[6.777726842080592,49.34882619640143],[6.776339079314898,49.35025777626229],[6.77116587259478,49.35152837809406],[6.763640842697934,49.36123145657593],[6.772561618007694,49.366931674207606],[6.778847859276087,49.36915380294888],[6.778190704473791,49.368026963142356],[6.780983327611901,49.366719239821904],[6.797855258293227,49.37166234366487],[6.802724854741926,49.37568818864525],[6.824339826648605,49.36939193639351],[6.837907011684182,49.37044187166345],[6.85040294403487,49.37590360438161],[6.8543288163389064,49.381481877499525],[6.857066416145988,49.380129477423765],[6.865400123412522,49.384659062713936]]]}},{"type":"Feature","id":"10044117","properties":{"ags8":"10044117","county_ags5":"10044","state_code":"10","name_de":"Schmelz","valid_at":"2026-01-01","source":"BKG_VG250_2026","part_count":1,"simplified_tolerance_m":80},"geometry":{"type":"Polygon","coordinates":[[[6.910799595444923,49.480746877556506],[6.916573447523335,49.47546754316908],[6.9224073293462345,49.472438616216934],[6.925062368417645,49.46875297531427],[6.934045882158628,49.472640060991324],[6.935874172719896,49.471472998721474],[6.934256251342602,49.4687018996551],[6.936244789841284,49.46835048291185],[6.9353007687600075,49.46636624591226],[6.9277638068101055,49.46681215471021],[6.927552922820728,49.46519331711245],[6.922735198227392,49.46494146441522],[6.9188967932882175,49.461388116821986],[6.916132090550697,49.46343478996871],[6.911926213701742,49.46061753736499],[6.9057209502634125,49.46075258558757],[6.906246704492706,49.466083226620725],[6.902337456343484,49.46495880043853],[6.897118903557033,49.46033080742728],[6.895548542528288,49.464642853248975],[6.89344124213136,49.46198153663655],[6.888249533181353,49.46046430124817],[6.88222443683758,49.46245003946442],[6.879455467211978,49.46419916746643],[6.878742746411652,49.46795910624621],[6.875190255779322,49.467421615937056],[6.871364358117631,49.46483967663952],[6.871594807594552,49.462892623104295],[6.879913438754706,49.46259312588792],[6.882471572188839,49.46050242920191],[6.880146618461027,49.455421801631914],[6.883565410913614,49.45259537898711],[6.879314016974403,49.45090071245938],[6.881968859709769,49.44666277571125],[6.885775952069428,49.44463159919062],[6.886135339326712,49.441239384294846],[6.888265619790911,49.440830341796065],[6.8895574745032135,49.437800496544654],[6.8861195749836535,49.437420072833966],[6.887253458752852,49.43518367818575],[6.882369783689446,49.432391115718396],[6.872979916240742,49.43274666411355],[6.869948719760654,49.43064954163514],[6.873410766749667,49.42887866181713],[6.872682663568343,49.425180500278394],[6.874783349602141,49.42332971893749],[6.864766748206403,49.41886378662633],[6.864258039549977,49.415559926591484],[6.868416485896208,49.4078440077947],[6.865753942338632,49.40675467540371],[6.871048578902153,49.40413022229187],[6.87110696155839,49.40286588869574],[6.868326609519761,49.40285676421883],[6.8672844954236885,49.40131003157139],[6.865224409966329,49.40318747699035],[6.861387503036392,49.4022724393429],[6.857759533694241,49.39643589295525],[6.8527506949564945,49.394616482939725],[6.845889324967999,49.39393460551511],[6.846172114481022,49.392632084054874],[6.84315865112936,49.39241649816826],[6.844970954632312,49.394194087374444],[6.842795735274816,49.39386444676309],[6.841062565399378,49.397669374788215],[6.8332332177750175,49.39757608368727],[6.821879406379992,49.39385688872688],[6.819046706579234,49.394245724594015],[6.817201913333395,49.39985387977934],[6.820162073907333,49.40277957485799],[6.814855874079506,49.404628056998305],[6.805742916292294,49.41065609502867],[6.804996399309881,49.41289868270102],[6.795547794463441,49.417364673975726],[6.79651191310841,49.42718456636947],[6.795072988905617,49.432616135190486],[6.7860959894785395,49.436716042069015],[6.789601507598497,49.436750489338046],[6.790706057972493,49.439074690974586],[6.793021214916743,49.439322029072514],[6.793488475540162,49.442030551669006],[6.797067806952825,49.44254456219122],[6.795127695125416,49.444768607692914],[6.795638784118843,49.447091252528764],[6.797616995978411,49.44920090032483],[6.8019028999829745,49.45023334645119],[6.800933747683389,49.45348014915915],[6.7965561166632655,49.45434518028904],[6.798786498788722,49.45712962103662],[6.796875254337666,49.45754422104085],[6.805739234339621,49.4698146705628],[6.812381207689285,49.47330173424532],[6.821076772765751,49.46896517097972],[6.836679318890923,49.47548095014729],[6.841305076899098,49.475000662667114],[6.8413110680368465,49.47655006138129],[6.853444307302148,49.482941747497165],[6.861514862549407,49.48079759828094],[6.874977963121602,49.479718065442476],[6.886646444788787,49.48738805138599],[6.903358361743714,49.49515461343655],[6.910181842956268,49.50170365933862],[6.916494200294823,49.49811256265755],[6.918914126354271,49.49256929834385],[6.924405448274584,49.49128695897692],[6.926301524127071,49.48958504542871],[6.926210848159511,49.48836050941145],[6.921286028768862,49.486736276574206],[6.920108065008588,49.483816793011734],[6.914974340548381,49.48332946914201],[6.910799595444923,49.480746877556506]]]}},{"type":"Feature","id":"10044118","properties":{"ags8":"10044118","county_ags5":"10044","state_code":"10","name_de":"Schwalbach","valid_at":"2026-01-01","source":"BKG_VG250_2026","part_count":1,"simplified_tolerance_m":80},"geometry":{"type":"Polygon","coordinates":[[[6.832576236644775,49.333994369242525],[6.841462194568699,49.33271151206575],[6.843066383993693,49.32913152882137],[6.845740507173582,49.32989045249379],[6.849352117682565,49.31805088596891],[6.85466245457696,49.31664578791805],[6.873048375274802,49.32566156155255],[6.882912178913733,49.316540856771226],[6.8755884528163405,49.310811078327546],[6.8752337371785375,49.308575091761796],[6.880447940261254,49.30096961087969],[6.878950267437828,49.29892583720513],[6.873033940241087,49.29721027686215],[6.867713792999541,49.291805754123395],[6.866910248857147,49.294238472222055],[6.862736667178352,49.296255910294136],[6.859717614828099,49.2946630713875],[6.866901493085162,49.29034749161063],[6.86497978157672,49.2875384123499],[6.862018410562908,49.288099987175876],[6.860611562451503,49.28649632624878],[6.856534315893185,49.2870666233549],[6.856947594224454,49.285792130748625],[6.851067539737817,49.281818594061285],[6.8471511210859966,49.28208755086944],[6.8460103367630225,49.28477935971342],[6.843443281072253,49.28594769456015],[6.838594088811975,49.28399744049019],[6.830097302794084,49.283305809462476],[6.8251053502825725,49.28341276384164],[6.821931460890869,49.28530830135892],[6.822559630838741,49.286995073128836],[6.818357935064269,49.2855874989352],[6.813626834387425,49.286052830667536],[6.809258185182162,49.28449862021203],[6.799533646165325,49.283625758642614],[6.792126369345945,49.28453095053351],[6.7869752901649765,49.28707620728324],[6.783336621502169,49.28603057167524],[6.783243248778361,49.28761926120618],[6.786445449947467,49.29001289465584],[6.791623431515243,49.29107563793945],[6.789883106194865,49.293984717555446],[6.79608863531777,49.30317485619577],[6.8043024069871025,49.30740828394109],[6.802570493035573,49.31290843782666],[6.799775188193024,49.313428883990866],[6.797646607751021,49.31561996758769],[6.798517941238761,49.3179448900865],[6.796690640602134,49.318235953837345],[6.796560531286427,49.32081660906491],[6.798913122560722,49.32139848581068],[6.795823012928143,49.32859218530665],[6.804255459745648,49.328608550235835],[6.805189208412174,49.33080086667077],[6.810153937995633,49.332368989337716],[6.814792627411009,49.32777462258731],[6.815618805435977,49.33352996066861],[6.832576236644775,49.333994369242525]]]}},{"type":"Feature","id":"10044119","properties":{"ags8":"10044119","county_ags5":"10044","state_code":"10","name_de":"Überherrn","valid_at":"2026-01-01","source":"BKG_VG250_2026","part_count":1,"simplified_tolerance_m":80},"geometry":{"type":"Polygon","coordinates":[[[6.696376643670988,49.30443683277687],[6.700799442799951,49.298848831416606],[6.709238882289247,49.29976444915616],[6.710434763520424,49.29577856520766],[6.7145309201730035,49.297822309183296],[6.720057492050582,49.297608043486164],[6.720319392248796,49.2921484576732],[6.7134279298172865,49.28820537774267],[6.714354943730407,49.28587675040493],[6.711611427169983,49.28452323072584],[6.727523424837116,49.27284277238077],[6.748421975897832,49.267853195195244],[6.752786802014175,49.2639458869981],[6.762593943346197,49.261714903239465],[6.755966982683445,49.25491909475609],[6.755635314837096,49.25087298944003],[6.7450579712851715,49.25383927615945],[6.743957370538745,49.2503026138582],[6.736493912724123,49.24950314879954],[6.735901420012273,49.244310033500206],[6.7253123455812425,49.24156176328849],[6.723170927159431,49.225385329258934],[6.719738944607412,49.22110852620575],[6.706307763474795,49.21635869112626],[6.7019723361483425,49.21690354491232],[6.695824978958325,49.215274310670765],[6.688635171714867,49.22214547774687],[6.690619138858474,49.23108896279161],[6.688920546208738,49.23792332136073],[6.685316731886576,49.24096090876182],[6.685623160688634,49.243430744295225],[6.690674988432125,49.2477950297145],[6.6899989429568425,49.249555501056356],[6.688029183692532,49.249098192560474],[6.683818159585321,49.253407747468664],[6.677258413711287,49.25543632052114],[6.675631286192014,49.25758781572195],[6.669951623933724,49.255088124859604],[6.664305242273658,49.25445393036536],[6.66141540779239,49.25807518065512],[6.660423959290455,49.261184855637914],[6.667764306404946,49.27096552642524],[6.665925918664445,49.27692872882625],[6.670166015189591,49.28025366449433],[6.663010307637958,49.281677896842574],[6.660114894014627,49.283665914943974],[6.665510110608896,49.28517503495319],[6.669178898859807,49.28141534569662],[6.672325685782392,49.280140530287376],[6.6741190188778905,49.28071207625818],[6.672082064580975,49.28277741399162],[6.676984146422776,49.28450268852458],[6.684310929547052,49.29610116341905],[6.692168787937013,49.30330348013927],[6.696376643670988,49.30443683277687]]]}},{"type":"Feature","id":"10044120","properties":{"ags8":"10044120","county_ags5":"10044","state_code":"10","name_de":"Wadgassen","valid_at":"2026-01-01","source":"BKG_VG250_2026","part_count":1,"simplified_tolerance_m":80},"geometry":{"type":"Polygon","coordinates":[[[6.807231405298322,49.270739657202235],[6.829137258018447,49.26829676388903],[6.828639470302761,49.26544347493693],[6.838749185952923,49.256479131530135],[6.833545196739216,49.25633628091789],[6.833216770235505,49.25847806379765],[6.823487309632066,49.25597125758784],[6.8204040713605405,49.25027659914487],[6.810606391109756,49.24093115946135],[6.805679049664196,49.23971528508942],[6.797839465962848,49.2397659892461],[6.7976461883412655,49.234279160256534],[6.793698395117821,49.23346595740928],[6.7936069904377465,49.23572356538644],[6.792101784101511,49.23598005061309],[6.7846256092343395,49.23251738608497],[6.782103388876742,49.22813770683953],[6.766999634542455,49.222871594024745],[6.741667081545203,49.226087655970495],[6.7407218633867325,49.22885709242029],[6.723465468917053,49.21882923373836],[6.719738944607412,49.22110852620575],[6.723170927159431,49.225385329258934],[6.7253123455812425,49.24156176328849],[6.735901420012273,49.244310033500206],[6.736493912724123,49.24950314879954],[6.743957370538745,49.2503026138582],[6.7450579712851715,49.25383927615945],[6.755635314837096,49.25087298944003],[6.755966982683445,49.25491909475609],[6.762593943346197,49.261714903239465],[6.76360040290026,49.260451434254705],[6.765018134366995,49.26115611041985],[6.781169288433297,49.271716785992005],[6.7821427363609565,49.27319009565697],[6.780468590808967,49.27436856647949],[6.794611373307544,49.27375538444157],[6.807231405298322,49.270739657202235]]]}},{"type":"Feature","id":"10044121","properties":{"ags8":"10044121","county_ags5":"10044","state_code":"10","name_de":"Wallerfangen","valid_at":"2026-01-01","source":"BKG_VG250_2026","part_count":1,"simplified_tolerance_m":80},"geometry":{"type":"Polygon","coordinates":[[[6.678355372842236,49.346908264405286],[6.682763538780363,49.34660762192795],[6.6856540858274505,49.3482279921272],[6.689696491631042,49.34697788402326],[6.692799075928842,49.34193068440711],[6.700071466343675,49.34600349608144],[6.705362556057953,49.34513993539093],[6.7169474138650855,49.33970131909357],[6.71649543223158,49.335641817888074],[6.719661239989634,49.339198120134476],[6.731705033273235,49.333099223181236],[6.734104863646644,49.32868505260398],[6.7302535857725125,49.324195898439996],[6.727035670924334,49.32552063801481],[6.722054574402703,49.324200390491015],[6.723998725606861,49.32260839283716],[6.719445850785714,49.320862749326785],[6.716851602447764,49.3211520559241],[6.714279635836927,49.31724636045895],[6.711280351854601,49.318937732490944],[6.700986794258906,49.313374968200435],[6.695739939639439,49.31247686328669],[6.697205899067344,49.315886235973935],[6.693770988225477,49.31489622436695],[6.691801333500748,49.31749568446626],[6.693048095933938,49.31862782493922],[6.690196229374728,49.317234108033254],[6.6860089327488685,49.3186053217382],[6.676449446043428,49.315452114016914],[6.6750319805708305,49.31456617467565],[6.681072824270678,49.31483469256645],[6.685606958094409,49.31672713453261],[6.686655528657958,49.31601510413174],[6.682094010426911,49.31204104929834],[6.6824094457059475,49.30720575841444],[6.691930146465723,49.306835289273195],[6.690175111678124,49.30482118643288],[6.690857827903711,49.30194396143478],[6.684310929547052,49.29610116341905],[6.676984146422776,49.28450268852458],[6.672082064580975,49.28277741399162],[6.6741190188778905,49.28071207625818],[6.672325685782392,49.280140530287376],[6.669178898859807,49.28141534569662],[6.665510110608896,49.28517503495319],[6.653369677175517,49.28123722382145],[6.650389797812693,49.2885303185181],[6.6481027985106005,49.288028545238376],[6.644143893965785,49.28982932999809],[6.638798766174157,49.29568083019379],[6.632014546858774,49.295780695765124],[6.632269678612678,49.29740186433618],[6.627116535476746,49.299476248661506],[6.624891550794229,49.30230002256715],[6.617383489634443,49.30267378688579],[6.615105684043119,49.301349492849276],[6.612475044429679,49.30577143279618],[6.609406094555252,49.3065840003001],[6.602111429110392,49.314141054067676],[6.592486420876779,49.318977369300924],[6.589121277735647,49.32205817574098],[6.589423070221559,49.32342890021051],[6.599213491380008,49.33268711604492],[6.598262272290869,49.333536893141094],[6.608161418817344,49.33724906043138],[6.615343809568744,49.34252393957766],[6.622558577313991,49.33973731586922],[6.628828581131505,49.341818027192694],[6.639062162725162,49.342620319019076],[6.640454145219867,49.34125388270429],[6.652161004050496,49.340186895055226],[6.652978897993005,49.33909792506442],[6.664214017495541,49.34495848646867],[6.66872603121971,49.34231994976946],[6.6722795204965655,49.342261857679574],[6.67559536917483,49.3460757995278],[6.673630687772781,49.34850890473582],[6.674499055295076,49.349424013913634],[6.677150582623966,49.3493984500892],[6.678355372842236,49.346908264405286]]]}},{"type":"Feature","id":"10044122","properties":{"ags8":"10044122","county_ags5":"10044","state_code":"10","name_de":"Bous","valid_at":"2026-01-01","source":"BKG_VG250_2026","part_count":1,"simplified_tolerance_m":80},"geometry":{"type":"Polygon","coordinates":[[[6.797759040728871,49.28358633453577],[6.809258185182162,49.28449862021203],[6.813626834387425,49.286052830667536],[6.818357935064269,49.2855874989352],[6.822559630838741,49.286995073128836],[6.821931460890869,49.28530830135892],[6.8251053502825725,49.28341276384164],[6.838594088811975,49.28399744049019],[6.843443281072253,49.28594769456015],[6.8460103367630225,49.28477935971342],[6.8471511210859966,49.28208755086944],[6.851067539737817,49.281818594061285],[6.856947594224454,49.285792130748625],[6.858674756652472,49.281894391613044],[6.856312478084639,49.281457520637574],[6.8552231124477245,49.27966594685926],[6.858181559674643,49.27532185010024],[6.855672384306525,49.27210626812792],[6.845996908233884,49.27191789551894],[6.825113172408114,49.27466775520966],[6.819780244300538,49.26971065945083],[6.807231405298322,49.270739657202235],[6.794611373307544,49.27375538444157],[6.780468590808967,49.27436856647949],[6.7746515485130265,49.277670334085656],[6.780482525565049,49.27916960917482],[6.780710736910084,49.28445686589045],[6.7869752901649765,49.28707620728324],[6.792126369345945,49.28453095053351],[6.797759040728871,49.28358633453577]]]}},{"type":"Feature","id":"10044123","properties":{"ags8":"10044123","county_ags5":"10044","state_code":"10","name_de":"Ensdorf","valid_at":"2026-01-01","source":"BKG_VG250_2026","part_count":1,"simplified_tolerance_m":80},"geometry":{"type":"Polygon","coordinates":[[[6.796560531286427,49.32081660906491],[6.796690640602134,49.318235953837345],[6.798517941238761,49.3179448900865],[6.797646607751021,49.31561996758769],[6.799775188193024,49.313428883990866],[6.802570493035573,49.31290843782666],[6.8043024069871025,49.30740828394109],[6.79608863531777,49.30317485619577],[6.789883106194865,49.293984717555446],[6.791623431515243,49.29107563793945],[6.786445449947467,49.29001289465584],[6.783243248778361,49.28761926120618],[6.783336621502169,49.28603057167524],[6.780710736910084,49.28445686589045],[6.780482525565049,49.27916960917482],[6.7746515485130265,49.277670334085656],[6.765505568821222,49.287247624186904],[6.765081052985218,49.3037515240972],[6.762981979984346,49.30633581954668],[6.766230117752013,49.307569696260614],[6.771323605880908,49.30657109568262],[6.77328927486863,49.30782308301991],[6.773766768983072,49.30965482148043],[6.770885131014431,49.31213969739882],[6.772716797100092,49.31629049871108],[6.772252064675104,49.32014805719153],[6.7795252277978575,49.32012880615126],[6.780827390116032,49.32261455546155],[6.796560531286427,49.32081660906491]]]}},{"type":"Feature","id":"10045111","properties":{"ags8":"10045111","county_ags5":"10045","state_code":"10","name_de":"Bexbach","valid_at":"2026-01-01","source":"BKG_VG250_2026","part_count":1,"simplified_tolerance_m":80},"geometry":{"type":"Polygon","coordinates":[[[7.2972192213386124,49.404581005551854],[7.294242900408612,49.4010116936757],[7.29894126609611,49.39851936392661],[7.28965604924013,49.393293756384466],[7.292144387158888,49.39284886856635],[7.290191506364444,49.390572480386446],[7.291847988098241,49.388714803985486],[7.29675668558778,49.38928377851154],[7.299505415406208,49.387972220797195],[7.29938569870508,49.389297245248706],[7.303992941788103,49.38875371354511],[7.301406796896929,49.3848279460583],[7.279551215362563,49.38515919671959],[7.274075801961952,49.383309610785254],[7.273860457183016,49.38220492310511],[7.275390686564298,49.375648692155806],[7.278901782014346,49.37203052095958],[7.278253011820635,49.370164847777154],[7.280356845006965,49.36777297202947],[7.283453765758225,49.36768567347694],[7.285462961503524,49.36465468223349],[7.284516390982972,49.36067483363068],[7.297815943508571,49.35886618483788],[7.3058163918415735,49.35920167097767],[7.300652665970483,49.33909945787486],[7.285142965610869,49.33801283975362],[7.284383213313074,49.3332663158048],[7.287527102900479,49.33199326318919],[7.287257344714618,49.330436571924515],[7.2722773465055255,49.32189488267303],[7.262896646787318,49.32438729448442],[7.262612681990561,49.326929378506705],[7.254948711987478,49.326384275855204],[7.250547313703605,49.329336570017944],[7.243938414040245,49.3300908064892],[7.243717780622419,49.33151608668103],[7.239736114978163,49.33273332823273],[7.240033998677947,49.33483995429998],[7.237377834875579,49.334591833290105],[7.238061388644579,49.337916230050354],[7.232983744840892,49.34070035418491],[7.240467179846365,49.34822909773702],[7.242557872690508,49.3485874663619],[7.240670074795958,49.35541712762703],[7.235882167607962,49.36119341548286],[7.233005362141411,49.361988847785085],[7.225157962753318,49.36002511024677],[7.22215366277369,49.36142334655814],[7.222449725673996,49.36354801489496],[7.219778676832418,49.3641004823008],[7.219849085351876,49.36690292252051],[7.222096998545052,49.3703270968593],[7.23687859808253,49.379653073200856],[7.240449557057564,49.38372749406462],[7.25067421294989,49.38569794194155],[7.249227669894891,49.3887530195857],[7.252817817068214,49.389892801421794],[7.251219100386326,49.39190867505888],[7.255231899848037,49.397436032473124],[7.26611424581621,49.397479006082456],[7.274195421217249,49.402041891862],[7.2850547281813105,49.402442514769895],[7.29260144631911,49.40822248280825],[7.2972192213386124,49.404581005551854]]]}},{"type":"Feature","id":"10045112","properties":{"ags8":"10045112","county_ags5":"10045","state_code":"10","name_de":"Blieskastel","valid_at":"2026-01-01","source":"BKG_VG250_2026","part_count":1,"simplified_tolerance_m":80},"geometry":{"type":"Polygon","coordinates":[[[7.299403557153476,49.28833887812734],[7.301754579616976,49.28941425658354],[7.302946931734043,49.288250696791124],[7.302024121473786,49.2872250141817],[7.299158707550679,49.28788171353697],[7.295615161835402,49.28590790386066],[7.293396524327865,49.28697907098144],[7.283945717657405,49.28175678875509],[7.281331097182724,49.27784626246947],[7.284435175806491,49.27546813327818],[7.291280101130864,49.27497061595338],[7.297079500423556,49.273020283855814],[7.296000136897311,49.27476323034278],[7.303166107169872,49.27440020590949],[7.299109010087263,49.26961172022438],[7.298687420507424,49.265403979711806],[7.296267821736948,49.26413747761312],[7.292593581523356,49.264563800345734],[7.292431851716963,49.262038140193845],[7.290688671060107,49.26050712200251],[7.288722508381096,49.26072560990989],[7.289931859091995,49.25930159122106],[7.298952815393891,49.25831665009278],[7.302772712606724,49.25920881565852],[7.304476406950549,49.26379515659441],[7.309368217282306,49.26094422358032],[7.312188995038829,49.25702759616765],[7.306515068994811,49.25614038104282],[7.307212236274195,49.2548707434935],[7.302929985358599,49.25100353928366],[7.3034638686394295,49.2454979808128],[7.301485361783905,49.24356098723852],[7.289132351063997,49.23782113536633],[7.291312635217824,49.23728174382193],[7.289320854503104,49.23630781866335],[7.2945036013738385,49.23470803861175],[7.288958157924394,49.23059512118989],[7.304004309193861,49.22211313176243],[7.302521623686538,49.222042228368295],[7.3026514824931255,49.2164920334982],[7.2982773792895115,49.21402320208364],[7.298414093130415,49.21131141903245],[7.301284782125657,49.209478056515664],[7.296017798481551,49.20666920755535],[7.295756776177043,49.205346788317534],[7.298030790563249,49.203953847719916],[7.303538079273502,49.205768943637395],[7.305737542985658,49.20104122736782],[7.321208562751619,49.1885172254021],[7.326818466094018,49.188318830151886],[7.338485202002871,49.184432123626976],[7.335322405178917,49.180579166409395],[7.3358780832822665,49.17586662396015],[7.338169003335122,49.17402053999311],[7.343122136748725,49.17300969224542],[7.35014837307042,49.16283818621751],[7.354054635416277,49.16108992376138],[7.361174199122534,49.16129978462565],[7.362667862929974,49.15838864591954],[7.366543352154973,49.16190920947378],[7.368755429897122,49.16145787946584],[7.3630939619351645,49.15720684755553],[7.361379421762698,49.15341903688627],[7.362726494620633,49.14314834087736],[7.345351942771502,49.14322844881556],[7.341415513689363,49.14524108469453],[7.32984969028704,49.144770522392015],[7.315472853094803,49.13845664823153],[7.310210270515024,49.12943880174296],[7.300479630402299,49.13569749476973],[7.303818565578858,49.14721789382875],[7.305422472017254,49.1470385666839],[7.307519026946839,49.14916007207414],[7.303654577783281,49.154037665264326],[7.301545245738465,49.15500383609893],[7.299420629906481,49.15351164028915],[7.29086815095312,49.15744451833666],[7.28275730808744,49.15926467398352],[7.283207006360066,49.16075414003772],[7.280360258192901,49.161239588881685],[7.280325642970747,49.16483995657139],[7.275969126379472,49.16387737671492],[7.270645741395084,49.172223365338674],[7.261221482646021,49.16983557509195],[7.259748304117361,49.17050263169656],[7.262402701217543,49.172282653820254],[7.262459551906568,49.174706249007954],[7.265420122648865,49.17540397138423],[7.264963942146682,49.17647122967822],[7.270174062176791,49.17925952057636],[7.2632656501472255,49.18110404848774],[7.257740263377483,49.179125635961256],[7.254328748913658,49.17981921875937],[7.250029953193629,49.18185553123262],[7.252064991556518,49.184876712161426],[7.24807356454691,49.18662475355597],[7.243771494332032,49.18117869846653],[7.238774118246413,49.181960794464814],[7.235918870227235,49.179707792019876],[7.232232591570988,49.17938429376105],[7.23002784559649,49.176456806981825],[7.213560249662381,49.18452878494283],[7.210871731801069,49.191112800273174],[7.212347399469474,49.192839810057976],[7.209542034691696,49.19428817523593],[7.202088711716318,49.194591416475845],[7.203123396629788,49.198943744032846],[7.1998977458948215,49.211556131400336],[7.194296181677187,49.21144256932153],[7.187960946635183,49.207279552993704],[7.180860680286168,49.2101633624415],[7.180000489556796,49.213469433165685],[7.180226536364803,49.22474033264825],[7.184856152279588,49.23197252145324],[7.186230894020163,49.24135948544151],[7.190752654126164,49.24479745082367],[7.180523423424048,49.24834019040545],[7.1781810176474705,49.25099018507066],[7.18507092524567,49.251608067283215],[7.184653476767417,49.25766461600917],[7.186321217180742,49.25941566324809],[7.187788796786543,49.259080791595494],[7.198915617268377,49.26453191521948],[7.197310474020904,49.267068928156014],[7.1997128473611065,49.269354606549456],[7.2095393048932115,49.27113767730027],[7.221976536779604,49.26672924073291],[7.2292654052926695,49.26981409247349],[7.239448493475363,49.271519288650005],[7.241867478647013,49.26940078539647],[7.2501349092979295,49.26702551769894],[7.250061615894689,49.27055294971758],[7.254391100538496,49.276944919974085],[7.264148977491933,49.27999969229846],[7.2630016983615056,49.280686948142964],[7.267649868980855,49.28237848759185],[7.274202963855936,49.28891462043296],[7.288622644249495,49.29786339693744],[7.295798943467217,49.29615946574901],[7.2945242304403966,49.29524973537024],[7.2974229506207,49.29478336250985],[7.302895460156778,49.29047315866796],[7.299403557153476,49.28833887812734]]]}},{"type":"Feature","id":"10045113","properties":{"ags8":"10045113","county_ags5":"10045","state_code":"10","name_de":"Gersheim","valid_at":"2026-01-01","source":"BKG_VG250_2026","part_count":1,"simplified_tolerance_m":80},"geometry":{"type":"Polygon","coordinates":[[[7.202088711716318,49.194591416475845],[7.209542034691696,49.19428817523593],[7.212347399469474,49.192839810057976],[7.210871731801069,49.191112800273174],[7.213560249662381,49.18452878494283],[7.23002784559649,49.176456806981825],[7.232232591570988,49.17938429376105],[7.235918870227235,49.179707792019876],[7.238774118246413,49.181960794464814],[7.243771494332032,49.18117869846653],[7.24807356454691,49.18662475355597],[7.252064991556518,49.184876712161426],[7.250029953193629,49.18185553123262],[7.254328748913658,49.17981921875937],[7.257740263377483,49.179125635961256],[7.2632656501472255,49.18110404848774],[7.270174062176791,49.17925952057636],[7.264963942146682,49.17647122967822],[7.265420122648865,49.17540397138423],[7.262459551906568,49.174706249007954],[7.262402701217543,49.172282653820254],[7.259748304117361,49.17050263169656],[7.261221482646021,49.16983557509195],[7.270645741395084,49.172223365338674],[7.275969126379472,49.16387737671492],[7.280325642970747,49.16483995657139],[7.280360258192901,49.161239588881685],[7.283207006360066,49.16075414003772],[7.28275730808744,49.15926467398352],[7.29086815095312,49.15744451833666],[7.299420629906481,49.15351164028915],[7.301545245738465,49.15500383609893],[7.303654577783281,49.154037665264326],[7.307519026946839,49.14916007207414],[7.305422472017254,49.1470385666839],[7.303818565578858,49.14721789382875],[7.300479630402299,49.13569749476973],[7.310210270515024,49.12943880174296],[7.305591407710511,49.127092360391174],[7.304095409780776,49.1231693217354],[7.2983552825728495,49.117270322971024],[7.29317690463425,49.1149073286056],[7.282359063317391,49.11691072911116],[7.2838025431252005,49.1234435305397],[7.281587015541981,49.12437022236558],[7.2782323338901325,49.122468127534475],[7.271634829476512,49.124263766388054],[7.265679566527305,49.122651358747504],[7.2487894971131865,49.127384138492246],[7.245054159548677,49.13011074268414],[7.2355954085207745,49.12874692538224],[7.226563205040578,49.12586864188493],[7.205482222105116,49.123612616084124],[7.199890777303861,49.115599334523274],[7.198041277344544,49.11516663983352],[7.196307754963437,49.1216521681668],[7.190490921810502,49.125856182164924],[7.190273223448622,49.12802865563527],[7.187115924593152,49.127854248075614],[7.1854703409689185,49.131235990835215],[7.184022082062455,49.13134617658066],[7.183613862843851,49.130023843180304],[7.1774161891879205,49.13024096859403],[7.178189186347177,49.128580186901985],[7.176704112354384,49.128229988223005],[7.174426584159821,49.1292248199631],[7.167821814829091,49.12736875586716],[7.166147156001592,49.12887732379956],[7.163394925445596,49.12685273936428],[7.162050698389882,49.127442946016494],[7.161303967040666,49.13069810978698],[7.159166038562401,49.13204796154918],[7.159058842233525,49.13894179771242],[7.163048978645952,49.14810975213134],[7.160877342671721,49.15033205290739],[7.16750954117411,49.1541296462817],[7.169222227731669,49.15709652688955],[7.184220485925407,49.16337881133803],[7.185675400874554,49.165780885539775],[7.180042060230469,49.172412120879514],[7.18010694500619,49.17864481102081],[7.185003201426096,49.18233730470805],[7.190599437266074,49.1832499984552],[7.199199941234746,49.19284067476574],[7.201541641954185,49.192549434643475],[7.202088711716318,49.194591416475845]]]}},{"type":"Feature","id":"10045114","properties":{"ags8":"10045114","county_ags5":"10045","state_code":"10","name_de":"Homburg","valid_at":"2026-01-01","source":"BKG_VG250_2026","part_count":1,"simplified_tolerance_m":80},"geometry":{"type":"Polygon","coordinates":[[[7.302971844596043,49.38742056370054],[7.3161976101704775,49.384328870539456],[7.31775300752322,49.38139681520647],[7.329407975666959,49.380190787147576],[7.331358268681348,49.37885010493514],[7.340687899787388,49.38083211942871],[7.35581701428742,49.379770145095996],[7.354843745816702,49.37442171974814],[7.369106571253962,49.37398256726031],[7.368501084399897,49.36988656162327],[7.366660704023716,49.36910043768444],[7.3663795870204085,49.36341035963649],[7.379023643955929,49.36602822620197],[7.395898693146223,49.37204605639616],[7.399838149114401,49.371738642573874],[7.402075304782126,49.36771865327228],[7.393351927185402,49.36347916622397],[7.402625116212262,49.35620933663556],[7.399455943764406,49.35406024126559],[7.390887298991005,49.353439300203725],[7.389888861148139,49.34983460058956],[7.398667936022258,49.35049383406301],[7.398338002034554,49.34789806431099],[7.403773227692253,49.346115368166004],[7.400936009359424,49.34454720810899],[7.400889602353571,49.34322783406527],[7.402590830283089,49.34310106556444],[7.399493935710832,49.339554095729135],[7.400526107375447,49.337697881900596],[7.396446969685979,49.33597041454885],[7.395939532272125,49.33228866880055],[7.3928010754592774,49.32826178238781],[7.38404599643872,49.321838265121954],[7.377726254321127,49.320393647029555],[7.377716038139166,49.318741365496486],[7.380812873065263,49.3168062465254],[7.385538140790554,49.32045292403927],[7.392082972540822,49.320849148041816],[7.3944940870728715,49.31635206095049],[7.3944491897544795,49.314653883876375],[7.390222249410122,49.31224469232376],[7.391883630294485,49.309597168328445],[7.384016031930062,49.30995239976571],[7.380726677421507,49.30668335435746],[7.379984279263446,49.29760130849186],[7.382777943784056,49.29464471542319],[7.38542718545763,49.2941239647988],[7.371695484985801,49.280912649870785],[7.367012342647381,49.28308699050391],[7.36510686681686,49.28149424716646],[7.3653266138212565,49.278124109095145],[7.359981734537919,49.279262299147675],[7.354958595546762,49.282209941497506],[7.35582322232564,49.28371971614874],[7.347696766046948,49.281088025547334],[7.341547852079207,49.2814645052408],[7.334463167143574,49.2782848910441],[7.335779319099393,49.27626917186055],[7.3435058599785625,49.27428073444723],[7.344019294027557,49.27044167688029],[7.339081373838024,49.26392833119475],[7.33082701082573,49.25975212193052],[7.329829647584345,49.26062480416327],[7.324858097286402,49.25746299148821],[7.327785353659079,49.25456123617779],[7.324554151927517,49.24814168323117],[7.322620288001199,49.24759983268334],[7.312669560647616,49.254456408424666],[7.310839011286432,49.25954627736261],[7.306245389667105,49.26346733449621],[7.30527343381821,49.26277341398721],[7.303816100709377,49.26358728570731],[7.303122532201889,49.25932682086797],[7.299744372414331,49.258411245609125],[7.291358780532809,49.25873913255346],[7.289291734755983,49.25982350998241],[7.288722508381096,49.26072560990989],[7.290688671060107,49.26050712200251],[7.292431851716963,49.262038140193845],[7.292593581523356,49.264563800345734],[7.296267821736948,49.26413747761312],[7.298687420507424,49.265403979711806],[7.299109010087263,49.26961172022438],[7.303166107169872,49.27440020590949],[7.296000136897311,49.27476323034278],[7.297079500423556,49.273020283855814],[7.291280101130864,49.27497061595338],[7.284435175806491,49.27546813327818],[7.281331097182724,49.27784626246947],[7.283945717657405,49.28175678875509],[7.293396524327865,49.28697907098144],[7.295615161835402,49.28590790386066],[7.299158707550679,49.28788171353697],[7.302024121473786,49.2872250141817],[7.302764115855714,49.288929778836504],[7.299403557153476,49.28833887812734],[7.299352094526156,49.28911173600449],[7.302895460156778,49.29047315866796],[7.2974229506207,49.29478336250985],[7.2945242304403966,49.29524973537024],[7.295798943467217,49.29615946574901],[7.288622644249495,49.29786339693744],[7.286090875948943,49.29578314457866],[7.279700814942519,49.3003362288294],[7.282821981580422,49.30307278337112],[7.290526933179627,49.301096168126854],[7.294809567369818,49.30191170426595],[7.304678483897121,49.30113032187689],[7.3046981668422335,49.305389674795165],[7.299802943685952,49.30673601008023],[7.298591729814241,49.31086128782645],[7.300324676677076,49.31213515991909],[7.301785335286617,49.31129435753539],[7.306000408828562,49.31562801092729],[7.311928696458095,49.318180366383096],[7.313390322988546,49.32090689795326],[7.316621258672573,49.321619701046544],[7.316137425651512,49.32310062901861],[7.313943681663729,49.32336261460606],[7.314107547878294,49.32530420952176],[7.311922502097254,49.32570131265806],[7.309186458546235,49.331210784163694],[7.305609895296269,49.33182391300084],[7.3010410156703,49.33693505805765],[7.3058163918415735,49.35920167097767],[7.297815943508571,49.35886618483788],[7.284516390982972,49.36067483363068],[7.285462961503524,49.36465468223349],[7.283453765758225,49.36768567347694],[7.280356845006965,49.36777297202947],[7.278253011820635,49.370164847777154],[7.278901782014346,49.37203052095958],[7.275390686564298,49.375648692155806],[7.274075801961952,49.383309610785254],[7.279551215362563,49.38515919671959],[7.301406796896929,49.3848279460583],[7.302971844596043,49.38742056370054]]]}},{"type":"Feature","id":"10045115","properties":{"ags8":"10045115","county_ags5":"10045","state_code":"10","name_de":"Kirkel","valid_at":"2026-01-01","source":"BKG_VG250_2026","part_count":1,"simplified_tolerance_m":80},"geometry":{"type":"Polygon","coordinates":[[[7.300652665970483,49.33909945787486],[7.304032740487914,49.333065528865426],[7.309186458546235,49.331210784163694],[7.311922502097254,49.32570131265806],[7.314107547878294,49.32530420952176],[7.313943681663729,49.32336261460606],[7.316137425651512,49.32310062901861],[7.316621258672573,49.321619701046544],[7.313390322988546,49.32090689795326],[7.311928696458095,49.318180366383096],[7.306000408828562,49.31562801092729],[7.301785335286617,49.31129435753539],[7.300324676677076,49.31213515991909],[7.298591729814241,49.31086128782645],[7.299802943685952,49.30673601008023],[7.3046981668422335,49.305389674795165],[7.304678483897121,49.30113032187689],[7.294809567369818,49.30191170426595],[7.290526933179627,49.301096168126854],[7.282821981580422,49.30307278337112],[7.279700814942519,49.3003362288294],[7.286090875948943,49.29578314457866],[7.28177282975376,49.29427294509826],[7.274202963855936,49.28891462043296],[7.267649868980855,49.28237848759185],[7.2630016983615056,49.280686948142964],[7.264148977491933,49.27999969229846],[7.254391100538496,49.276944919974085],[7.250061615894689,49.27055294971758],[7.2501349092979295,49.26702551769894],[7.241867478647013,49.26940078539647],[7.239448493475363,49.271519288650005],[7.2292654052926695,49.26981409247349],[7.221976536779604,49.26672924073291],[7.2114981780916745,49.270663812488216],[7.20568774990457,49.270916702083255],[7.1997128473611065,49.269354606549456],[7.197310474020904,49.267068928156014],[7.198915617268377,49.26453191521948],[7.188132994950731,49.259676223405855],[7.187190767059113,49.263169097329424],[7.189010052425713,49.27151571483165],[7.187476591053426,49.2730012243338],[7.189617716626345,49.27608080711369],[7.193960417330001,49.2773702857866],[7.192818571761603,49.27916454196766],[7.190371376383448,49.278327086765444],[7.182892186661375,49.287300581511545],[7.229248926813711,49.299590277916],[7.240482481663275,49.303671439222605],[7.247562366343977,49.307298141068806],[7.247555044162809,49.30842344342507],[7.239387186341246,49.31428024156531],[7.245580186424051,49.31602879469319],[7.251461412994101,49.31969252780335],[7.259491143923764,49.31786235979997],[7.266678371992589,49.32321965033194],[7.2722773465055255,49.32189488267303],[7.287257344714618,49.330436571924515],[7.287527102900479,49.33199326318919],[7.284383213313074,49.3332663158048],[7.285142965610869,49.33801283975362],[7.300652665970483,49.33909945787486]]]}},{"type":"Feature","id":"10045116","properties":{"ags8":"10045116","county_ags5":"10045","state_code":"10","name_de":"Mandelbachtal","valid_at":"2026-01-01","source":"BKG_VG250_2026","part_count":1,"simplified_tolerance_m":80},"geometry":{"type":"Polygon","coordinates":[[[7.185719157536305,49.23980465350601],[7.184856152279588,49.23197252145324],[7.180226536364803,49.22474033264825],[7.180860680286168,49.2101633624415],[7.187960946635183,49.207279552993704],[7.194296181677187,49.21144256932153],[7.1998977458948215,49.211556131400336],[7.203123396629788,49.198943744032846],[7.201541641954185,49.192549434643475],[7.199199941234746,49.19284067476574],[7.190599437266074,49.1832499984552],[7.185003201426096,49.18233730470805],[7.18010694500619,49.17864481102081],[7.180042060230469,49.172412120879514],[7.185675400874554,49.165780885539775],[7.184220485925407,49.16337881133803],[7.169222227731669,49.15709652688955],[7.16750954117411,49.1541296462817],[7.160877342671721,49.15033205290739],[7.163048978645952,49.14810975213134],[7.159058842233525,49.13894179771242],[7.159166038562401,49.13204796154918],[7.163394925445596,49.12685273936428],[7.159405820937182,49.12046706629776],[7.149947419534619,49.12504731146494],[7.143785512074875,49.125648927619366],[7.139693413807692,49.12811338640273],[7.135600021656701,49.12840498574202],[7.131443493900328,49.13178204813969],[7.131373937142633,49.134888984864055],[7.12578482256786,49.1418954996648],[7.103454073376027,49.13886082889094],[7.103603519129153,49.14545513688625],[7.113235131721656,49.151962456092186],[7.107220811537223,49.15264374758284],[7.106059537240546,49.155428658595845],[7.101068796251305,49.15599779823951],[7.100970232090658,49.15817386575044],[7.104702650755518,49.15898037992659],[7.108240816719361,49.163913882047254],[7.119408473505945,49.16991509235633],[7.125540463417397,49.169613681751464],[7.1292989382344985,49.17261716793809],[7.126939457375133,49.17689524867398],[7.124566978681474,49.17625654890149],[7.115712206481155,49.177376182984624],[7.112044572012213,49.176211860673476],[7.106202579308475,49.18544473843685],[7.106959556093727,49.18834907915307],[7.10833673665598,49.187715421165585],[7.108726473642994,49.18920394185873],[7.112721701483821,49.190216170542314],[7.114648908391961,49.19309277047678],[7.119144148423447,49.1935528884116],[7.116833416679403,49.195634929811746],[7.117184622017841,49.19806771924359],[7.1211887562101905,49.203077856382485],[7.1273466788106195,49.2065858606391],[7.1287441596816645,49.21155329452891],[7.130859004721842,49.21334569211353],[7.134473493537846,49.21158129535103],[7.13724838833235,49.213672497816624],[7.136197138501875,49.216984890709114],[7.130643567613333,49.21799450925754],[7.126796954151014,49.216393163226385],[7.122460564676684,49.22275490461068],[7.126270256968351,49.228614406828825],[7.129464655573977,49.240326228310735],[7.138577075571942,49.23922186389182],[7.14040072696674,49.236935316842604],[7.151482875985446,49.240128855704576],[7.154333839015989,49.24355213201304],[7.156595940272032,49.238769674320416],[7.167158310093234,49.24173113707381],[7.164026971857789,49.24484364541804],[7.167258351131223,49.247433848451365],[7.166676799106828,49.249510356700895],[7.1781810176474705,49.25099018507066],[7.180523423424048,49.24834019040545],[7.190752654126164,49.24479745082367],[7.185719157536305,49.23980465350601]]]}},{"type":"Feature","id":"10045117","properties":{"ags8":"10045117","county_ags5":"10045","state_code":"10","name_de":"St. Ingbert","valid_at":"2026-01-01","source":"BKG_VG250_2026","part_count":1,"simplified_tolerance_m":80},"geometry":{"type":"Polygon","coordinates":[[[7.117021510827532,49.309522263227954],[7.121440514495413,49.307701298415004],[7.122206523710308,49.30863558467261],[7.127896759222973,49.30703962771166],[7.1403376650485,49.301054951812255],[7.155796987389848,49.300912824165074],[7.15869148476864,49.29771288850323],[7.161668888426746,49.29772761074154],[7.161821335315234,49.29618268915495],[7.1717104411600605,49.303951614524685],[7.17814777667161,49.303655858424314],[7.187410185619962,49.3055230784301],[7.184467271196597,49.30147433113384],[7.187875383731374,49.296629726975254],[7.179653303699768,49.29176702687269],[7.190371376383448,49.278327086765444],[7.192818571761603,49.27916454196766],[7.193960417330001,49.2773702857866],[7.189617716626345,49.27608080711369],[7.187476591053426,49.2730012243338],[7.189010052425713,49.27151571483165],[7.187190767059113,49.263169097329424],[7.188132994950731,49.259676223405855],[7.184653476767417,49.25766461600917],[7.18507092524567,49.251608067283215],[7.166676799106828,49.249510356700895],[7.167258351131223,49.247433848451365],[7.164026971857789,49.24484364541804],[7.167158310093234,49.24173113707381],[7.156595940272032,49.238769674320416],[7.154333839015989,49.24355213201304],[7.151482875985446,49.240128855704576],[7.14040072696674,49.236935316842604],[7.138577075571942,49.23922186389182],[7.129464655573977,49.240326228310735],[7.128542368880844,49.24269372979573],[7.130325283971813,49.2447282745822],[7.125516176733047,49.24525011749605],[7.122141958902041,49.24884049546405],[7.113828566034452,49.2523278136611],[7.11289727087059,49.25521588302657],[7.108247759486958,49.25628948220452],[7.107658165038276,49.25432754666596],[7.104297866766289,49.25493701689263],[7.094711458228865,49.250244787624766],[7.092324059105552,49.24685857763383],[7.086368612223956,49.245497970322326],[7.085617789228922,49.248518751944495],[7.07942085446112,49.24977984158413],[7.083199352200148,49.255649017524675],[7.076269828031196,49.258490536412005],[7.068398152732142,49.25620606655978],[7.062693909720884,49.26152457447552],[7.064347320183548,49.26361031002952],[7.062106244359141,49.267242761365296],[7.062578386366986,49.27141753131809],[7.066022495945541,49.27155893088524],[7.0689724235494635,49.27457572612574],[7.080601897933819,49.27438114183206],[7.078406356011334,49.280671759640676],[7.086571522909009,49.282180906095476],[7.0854290338849,49.283343833229345],[7.08688600958196,49.28763844372004],[7.082824660315889,49.294587898053685],[7.085674919756794,49.29674167041839],[7.089306426714555,49.296014515114884],[7.092536870320036,49.29787062877449],[7.093597402209903,49.29884151698874],[7.092128593146854,49.299826242918506],[7.095756266486386,49.30370223950727],[7.098068882991453,49.3015750783002],[7.102636618011699,49.30416261656334],[7.111593228678715,49.30603592590082],[7.117021510827532,49.309522263227954]]]}},{"type":"Feature","id":"10046111","properties":{"ags8":"10046111","county_ags5":"10046","state_code":"10","name_de":"Freisen","valid_at":"2026-01-01","source":"BKG_VG250_2026","part_count":1,"simplified_tolerance_m":80},"geometry":{"type":"Polygon","coordinates":[[[7.262209952702464,49.57465855876479],[7.262408801758572,49.5719123352964],[7.267723020666384,49.56808077905206],[7.269163106528412,49.56500630441546],[7.267481188713235,49.56387761538618],[7.2692120472160475,49.562234225124335],[7.2730718562940515,49.56227250686184],[7.274861975867806,49.56056769753624],[7.273305218888456,49.554770973239656],[7.274743376980432,49.54960553357218],[7.2766226188122065,49.54862364098226],[7.276111492504948,49.537423429331064],[7.289954457983678,49.53462530944049],[7.302762206937424,49.5345474334994],[7.2989658569992635,49.531376038262025],[7.299706059597805,49.529558006050856],[7.300846650811463,49.53027811959981],[7.302786770945763,49.527405258865535],[7.306924695215616,49.526135683133795],[7.309871873387395,49.52322051784129],[7.306983384791207,49.52145335305311],[7.307831433652712,49.51995100657675],[7.29867282766681,49.517924802309835],[7.298816768605781,49.519134650493605],[7.302359736790685,49.52054973577198],[7.30164534007902,49.52163039140587],[7.298821749803468,49.52062119357827],[7.297114424366246,49.52289321498145],[7.292315900866424,49.52158198533586],[7.2927517778259645,49.520333426692495],[7.285688643884122,49.51690660612518],[7.288692642739468,49.51320906654897],[7.282771731322689,49.51051128234252],[7.280944440686354,49.50552484544504],[7.274185508229089,49.505772867429165],[7.269596548798372,49.504723112479816],[7.26671348821092,49.500120207222075],[7.2556026930852875,49.49943205743751],[7.243471007708006,49.50440435122153],[7.231753521094928,49.50588486759387],[7.2294119248568105,49.50778098142757],[7.218531582881078,49.51098478665973],[7.217270505337521,49.50719305479712],[7.210777543895426,49.50284164217467],[7.204912677089954,49.5015046575165],[7.206950098948237,49.510674430699915],[7.2035541857253405,49.51181700766613],[7.203738721435458,49.5181448850301],[7.1984365519466715,49.5262295437874],[7.200927814142785,49.52987600964026],[7.199335425881772,49.53264944021779],[7.2025188485719625,49.53423730882872],[7.201884028056177,49.538226030948074],[7.194112215148629,49.538557066035736],[7.19206276875531,49.53757851685088],[7.188749504783756,49.53844441283591],[7.185830355512356,49.537260672083455],[7.184117354497437,49.539614764127165],[7.18201898706116,49.53974223164643],[7.179691460479011,49.53816045191243],[7.17911617369302,49.53929273902347],[7.175856799003215,49.538945439830044],[7.175927801602701,49.545465705047896],[7.170233873467846,49.54623031548796],[7.169624065183916,49.551408393587295],[7.179252003837254,49.55701764358488],[7.185571879000097,49.556726738307056],[7.1919937969910634,49.558378457263345],[7.197922293155253,49.561532635300374],[7.204852846749353,49.56823673233373],[7.2097982840864185,49.56929877093858],[7.21335254485384,49.565845812601154],[7.224401128449344,49.56483394646136],[7.228280980490808,49.565594735942916],[7.231477641530074,49.56804657865924],[7.234364149638374,49.567544722778834],[7.240829448944575,49.56897409947608],[7.240775067405824,49.5732228795358],[7.252576323096016,49.573985892309075],[7.258943904132448,49.57850907054779],[7.261341656560055,49.58317931297751],[7.268704011975654,49.58408342406665],[7.262209952702464,49.57465855876479]]]}},{"type":"Feature","id":"10046112","properties":{"ags8":"10046112","county_ags5":"10046","state_code":"10","name_de":"Marpingen","valid_at":"2026-01-01","source":"BKG_VG250_2026","part_count":1,"simplified_tolerance_m":80},"geometry":{"type":"Polygon","coordinates":[[[7.075076324350971,49.50360582115847],[7.078052135890531,49.5020210589789],[7.0809324869760255,49.50366235007869],[7.082211449676156,49.50148071909058],[7.076084934254576,49.498852767314744],[7.068216012574369,49.49784081910137],[7.067721885009969,49.49682615038572],[7.071712374171825,49.493160150623574],[7.077769083388834,49.491362759080914],[7.08899976411543,49.480739162335574],[7.0864686270931445,49.4788254386187],[7.086397085044047,49.47109580392884],[7.087713219400317,49.47109751957052],[7.087295927822898,49.46741343792382],[7.091510964761736,49.460766553601694],[7.093031109179058,49.46002229224245],[7.0969853700069025,49.46192481573698],[7.097975461469005,49.46101813343633],[7.104545451811578,49.46110815528246],[7.105560486055586,49.45906748255012],[7.109835836570064,49.4599525975615],[7.111964116585162,49.458575727093454],[7.1101244534262324,49.45841235336269],[7.110144118234317,49.45637773203743],[7.103035873572007,49.45628980768359],[7.096806153916529,49.453364235357924],[7.096838366181307,49.45174423125491],[7.0942662615013115,49.45169671528402],[7.094350577177399,49.44146322967334],[7.096203520877636,49.43801191065201],[7.100010122423045,49.4366388731587],[7.102535638697722,49.432713089953765],[7.10030349985077,49.432455140911955],[7.101176158998211,49.4200051959041],[7.094087563271448,49.4218532869951],[7.091599585339879,49.41937359727692],[7.0918998693545845,49.41515017272114],[7.086622011767135,49.412702968555685],[7.083925513105031,49.41277429568201],[7.083870064486911,49.41142180781497],[7.081470551440697,49.4106195554522],[7.069777659473215,49.41174066444407],[7.060345316429322,49.40920178540896],[7.056868599272769,49.41206735319867],[7.056625715664277,49.41583324546193],[7.054659388942609,49.41630443507873],[7.04746155282937,49.426548524734585],[7.041080899133553,49.424281475181566],[7.0409676766522935,49.42221570355587],[7.0384955995734,49.42318441521329],[7.032409837656726,49.42219571675729],[7.0242989139995275,49.42400803350587],[7.022378657648222,49.42630827389729],[7.019323059195597,49.42617787346301],[7.016858793265747,49.4289295231753],[7.017716847571138,49.43080224226376],[7.0099959498565845,49.43102260962241],[7.010152498822412,49.43323389523083],[6.995757428395671,49.43464227630337],[6.997281303159888,49.437409461460334],[6.994353593939059,49.43778671377215],[6.9972899067436245,49.43843207578697],[7.00194387047019,49.4444798846869],[7.004561831666656,49.443922739484634],[7.00835724823898,49.44840573660255],[7.026384012928995,49.45003756165518],[7.024441150710495,49.454147560344],[7.03211716008903,49.46173101454856],[7.03651142821814,49.4624875146652],[7.037093674057922,49.4641804815071],[7.043107355230712,49.4666255000885],[7.046022300964283,49.465868303059295],[7.04246746478362,49.471469002545845],[7.047535401501086,49.472479849711604],[7.046046165542648,49.47454159160086],[7.050670388686913,49.47979842202732],[7.050568289327258,49.48332556450076],[7.0573017121160255,49.48752986969161],[7.053699117881698,49.48937410033259],[7.056862713719342,49.49119152043808],[7.0620039093230496,49.490478984384225],[7.062783744545925,49.49258516665186],[7.060343843596474,49.49425092027531],[7.066556152178208,49.49611524597472],[7.065638999651706,49.49752824537465],[7.075076324350971,49.50360582115847]]]}},{"type":"Feature","id":"10046113","properties":{"ags8":"10046113","county_ags5":"10046","state_code":"10","name_de":"Namborn","valid_at":"2026-01-01","source":"BKG_VG250_2026","part_count":1,"simplified_tolerance_m":80},"geometry":{"type":"Polygon","coordinates":[[[7.175927801602701,49.545465705047896],[7.175856799003215,49.538945439830044],[7.17911617369302,49.53929273902347],[7.179691460479011,49.53816045191243],[7.18201898706116,49.53974223164643],[7.184117354497437,49.539614764127165],[7.185830355512356,49.537260672083455],[7.188749504783756,49.53844441283591],[7.19206276875531,49.53757851685088],[7.194112215148629,49.538557066035736],[7.201884028056177,49.538226030948074],[7.2025188485719625,49.53423730882872],[7.199335425881772,49.53264944021779],[7.200927814142785,49.52987600964026],[7.1984365519466715,49.5262295437874],[7.203738721435458,49.5181448850301],[7.2035541857253405,49.51181700766613],[7.206950098948237,49.510674430699915],[7.205480555200444,49.50767014335426],[7.194919286377735,49.500453186290606],[7.183152549563713,49.49926139096393],[7.182749229836992,49.500492235020886],[7.1795567784461225,49.49887646053518],[7.17585985562796,49.493976870322044],[7.165149760405774,49.49094119923316],[7.165081702243945,49.48775136209139],[7.1553666149098225,49.486923382949335],[7.1535854773735785,49.48531264994349],[7.150756959755124,49.486030155277675],[7.1496525175549035,49.4931204994766],[7.147546817626004,49.49515616603318],[7.148706243258574,49.49834246028759],[7.142350959485608,49.50398893592142],[7.142630130184975,49.50730219924823],[7.139255225128808,49.50613009322986],[7.1313718625339115,49.50693063003544],[7.128857846007012,49.50963821985945],[7.129502680348105,49.51167469617909],[7.126999252664185,49.51579643050902],[7.123468151327534,49.51643940891921],[7.121706960557022,49.521569512431746],[7.124510795503438,49.52283635009977],[7.122364675348395,49.52776119562522],[7.125571814622858,49.52740880997193],[7.123678771754575,49.5298540501002],[7.125588807951208,49.530694351762094],[7.125757030857836,49.53308519384201],[7.1307043223289925,49.537817386565],[7.134088533707652,49.538296555759075],[7.140661282123523,49.54243668937145],[7.139449347510683,49.543337194603055],[7.143248511665277,49.544087037153155],[7.145094379414128,49.54115423328653],[7.156909452675522,49.53846125778079],[7.164722260008328,49.54409550040946],[7.170233873467846,49.54623031548796],[7.175927801602701,49.545465705047896]]]}},{"type":"Feature","id":"10046114","properties":{"ags8":"10046114","county_ags5":"10046","state_code":"10","name_de":"Nohfelden","valid_at":"2026-01-01","source":"BKG_VG250_2026","part_count":1,"simplified_tolerance_m":80},"geometry":{"type":"Polygon","coordinates":[[[7.0590799208815245,49.63047962019145],[7.068270055240797,49.623772068960186],[7.072879105712878,49.61731038832866],[7.079629761701341,49.61208414984512],[7.084724278935799,49.604997353647214],[7.0836717160591585,49.60324541864086],[7.086972482773655,49.602237384862654],[7.087674799053868,49.59958383005348],[7.088975405660612,49.599415945457864],[7.092991730301654,49.60358910038875],[7.100635229579403,49.60243288613434],[7.100158923578655,49.60568291913733],[7.103278989589771,49.604421583826515],[7.104798796561402,49.599027722036695],[7.110236479845808,49.59860440032776],[7.112016133555025,49.597138681446175],[7.114359794139165,49.59766748446262],[7.118403594428167,49.59598284375788],[7.129918921725067,49.59588891972425],[7.138657458310676,49.59731983105733],[7.143701943723507,49.59933846399131],[7.146104387213523,49.60294436318214],[7.149309143781596,49.603678782662136],[7.154343246437492,49.60322449136157],[7.162417704825526,49.598543690589196],[7.169599732853659,49.597542293456996],[7.173713123793377,49.59906817102052],[7.175088746616577,49.594632949964954],[7.172843991089359,49.58796831987802],[7.171098541159693,49.587878523039535],[7.173454037405722,49.585084161216265],[7.18214110967832,49.58265593023888],[7.183462703307862,49.58077658907589],[7.186749106414538,49.57972031141349],[7.1883738285299215,49.57566152688585],[7.190305002934817,49.577102891871036],[7.195440965030913,49.57676598302453],[7.196777311904856,49.5778368145985],[7.209999246584469,49.57714872295301],[7.214006638767341,49.57445572359639],[7.211022820592247,49.56907233709887],[7.204852846749353,49.56823673233373],[7.197922293155253,49.561532635300374],[7.1919937969910634,49.558378457263345],[7.185571879000097,49.556726738307056],[7.178309413716877,49.55668911481977],[7.169624065183916,49.551408393587295],[7.169533762004337,49.545523480727894],[7.164722260008328,49.54409550040946],[7.156909452675522,49.53846125778079],[7.145094379414128,49.54115423328653],[7.143248511665277,49.544087037153155],[7.141816469353047,49.543722807346434],[7.139960961931408,49.55082695507166],[7.136937898837835,49.550709957245935],[7.134709012078664,49.54835616523917],[7.122898130191037,49.548626937385656],[7.119718862736706,49.550907326038356],[7.106244056233199,49.548467925938525],[7.102196851726257,49.549715090537354],[7.100437213268481,49.55207566148877],[7.0919255185186145,49.55050428815772],[7.092159089834981,49.54916948097791],[7.089399729536754,49.54749216117327],[7.086515275983628,49.54931423135843],[7.083262125094432,49.54835129754295],[7.082499606415794,49.54740062780664],[7.0880670335555545,49.544056734129526],[7.090452869496083,49.5395178657915],[7.085611954455751,49.535414161382135],[7.080981138507705,49.53360283944333],[7.074338496911709,49.53497220755139],[7.072967910481371,49.53652091030523],[7.069483481575925,49.53532538262176],[7.064398725314223,49.531946665814665],[7.059611035088126,49.52451352983068],[7.0497556772399435,49.52528598841184],[7.048528827846412,49.523690456130275],[7.045498284473048,49.523023314212125],[7.036011714507634,49.52383834747315],[7.03494032016779,49.52201326845247],[7.025898248557616,49.524709399589085],[7.025979236810916,49.52661817728221],[7.023379865271667,49.52460802852254],[7.021818292858486,49.52534716260194],[7.01706730987292,49.524092908800036],[7.01359925875405,49.526498545527254],[7.0158440810333005,49.52854019958982],[7.015947005841179,49.5371987062571],[7.008157194233597,49.53855844570628],[7.0028659271634055,49.543296323961535],[6.996832035912566,49.542343747204235],[6.996552240060183,49.54422293222693],[6.998438221495047,49.54527272553938],[6.997257643458725,49.54779059567172],[6.993932788977283,49.54944243300804],[6.993359524638288,49.557609729002905],[6.98956244092274,49.559166958637974],[6.992178563429573,49.56238244662063],[6.990442769155747,49.56414781481377],[6.994289363353149,49.568482436910315],[6.99799276716447,49.56957878562705],[6.996482671597912,49.57072080308676],[7.0084719344798545,49.57223645868278],[7.013349316459481,49.56967056611892],[7.01692930968846,49.57233070402742],[7.01489704914895,49.57552328615309],[7.019526529406332,49.577944563992006],[7.02245579733351,49.58146612612299],[7.010286291750818,49.586125488900244],[7.01125675268253,49.5876324865156],[7.020520116773152,49.58427052686073],[7.027748416542432,49.58681811450332],[7.029074752943246,49.585715066834396],[7.033092667919978,49.58720567627844],[7.035178769180356,49.586711267885406],[7.038758452184589,49.587632422968376],[7.0398256021358785,49.59364613760415],[7.041315807234546,49.593978081087066],[7.036314544538095,49.598940452979456],[7.04002427712176,49.606134933821764],[7.030832724172751,49.605169536055946],[7.027220130934087,49.60843326385703],[7.018121588275092,49.611250226487726],[7.020315359280128,49.61319989958945],[7.014133733836953,49.624332056874415],[7.0070786445728075,49.62620388780055],[7.008308308813164,49.629484173177694],[7.012397686316763,49.62835844143303],[7.027980123347528,49.63943828623582],[7.050575571686457,49.632141034600956],[7.0590799208815245,49.63047962019145]]]}},{"type":"Feature","id":"10046115","properties":{"ags8":"10046115","county_ags5":"10046","state_code":"10","name_de":"Nonnweiler","valid_at":"2026-01-01","source":"BKG_VG250_2026","part_count":1,"simplified_tolerance_m":80},"geometry":{"type":"Polygon","coordinates":[[[6.949397611777703,49.626065073976854],[6.9513951866991,49.62511900771228],[6.955101678813625,49.62655022504707],[6.958836207562625,49.630783286168764],[6.9602230855406,49.62909740401265],[6.964321354617107,49.63067566326048],[6.966810451395551,49.630393171361156],[6.9747046633991925,49.63389988222722],[6.975078712264793,49.6354066422854],[6.978399091432027,49.635888332622486],[6.977676573688646,49.63271351663992],[6.987537437024232,49.63363257995481],[6.988892164709071,49.63293609786412],[6.991534823699832,49.6354678736414],[6.991804871178087,49.63254911945763],[6.987691574352736,49.62908904906441],[6.988818583087891,49.62579801062147],[6.98597880599523,49.623015380828676],[6.985963675717515,49.62073133255556],[7.0030210983435675,49.631437360707764],[7.008308308813164,49.629484173177694],[7.0070786445728075,49.62620388780055],[7.014133733836953,49.624332056874415],[7.020315359280128,49.61319989958945],[7.018121588275092,49.611250226487726],[7.027220130934087,49.60843326385703],[7.030832724172751,49.605169536055946],[7.04002427712176,49.606134933821764],[7.036314544538095,49.598940452979456],[7.041315807234546,49.593978081087066],[7.0398256021358785,49.59364613760415],[7.038758452184589,49.587632422968376],[7.029074752943246,49.585715066834396],[7.027748416542432,49.58681811450332],[7.020520116773152,49.58427052686073],[7.01125675268253,49.5876324865156],[7.010286291750818,49.586125488900244],[7.02245579733351,49.58146612612299],[7.019526529406332,49.577944563992006],[7.01489704914895,49.57552328615309],[7.01692930968846,49.57233070402742],[7.013349316459481,49.56967056611892],[7.0084719344798545,49.57223645868278],[6.996482671597912,49.57072080308676],[6.99799276716447,49.56957878562705],[6.994289363353149,49.568482436910315],[6.990442769155747,49.56414781481377],[6.992178563429573,49.56238244662063],[6.98956244092274,49.559166958637974],[6.993359524638288,49.557609729002905],[6.993932788977283,49.54944243300804],[6.997257643458725,49.54779059567172],[6.998438221495047,49.54527272553938],[6.996552240060183,49.54422293222693],[6.996832035912566,49.542343747204235],[7.0028659271634055,49.543296323961535],[7.008157194233597,49.53855844570628],[7.015947005841179,49.5371987062571],[7.0158440810333005,49.52854019958982],[7.01359925875405,49.526498545527254],[7.0156191061626085,49.52553121768471],[7.0100138330260835,49.5221700876098],[6.996763177966995,49.51929465038925],[6.993402265768401,49.51758716518377],[6.992654777457816,49.51514126355983],[6.990374929464252,49.51529553710678],[6.987518765443967,49.51293709896825],[6.977629638548594,49.511800260112146],[6.977019898493106,49.510313198684436],[6.971705930593942,49.51046224143693],[6.969115150650765,49.51247080834371],[6.961325175781073,49.50932672399066],[6.955454727933529,49.51183537895749],[6.956448014560627,49.51709931019167],[6.954677843469878,49.52007888484897],[6.95637032385026,49.52506998723318],[6.952966061676276,49.53307515809064],[6.957143107728089,49.53591761064829],[6.959050852565156,49.54089168434138],[6.956830467780854,49.55115581711758],[6.954475514199373,49.553603738315644],[6.963020678298897,49.55935664969195],[6.961214056143198,49.56206506563143],[6.956940787425571,49.56199415154371],[6.956680964523542,49.565498562173495],[6.948044899822383,49.56622716277875],[6.9529615173662,49.57046155390516],[6.952050258783896,49.571729891771355],[6.949883662556797,49.5716258037854],[6.949787172069293,49.573856416465254],[6.95576548634748,49.57978013722062],[6.955901900964871,49.58136524851185],[6.952138854251973,49.58284685667164],[6.958444852645051,49.58598082178302],[6.955668636635681,49.58810941782706],[6.955077379828473,49.59103604716882],[6.956657473875801,49.597750517870374],[6.95345253934352,49.59463277193034],[6.943586660616554,49.59798851721222],[6.937903463784358,49.5978275804338],[6.933235514614866,49.59947273684398],[6.930492546863189,49.597422668020386],[6.923770609455574,49.59705750095863],[6.923533738228735,49.59597777023103],[6.918189634258356,49.59443950257896],[6.914380439075884,49.59516335264325],[6.909867715323098,49.594364621139604],[6.905546638874848,49.59247140629934],[6.905507482762537,49.59062326021846],[6.8950498431096126,49.5975588360948],[6.89408971506532,49.60091485693974],[6.895712002899926,49.6037066881591],[6.891860229089246,49.60877894147364],[6.890421117201403,49.6151640699703],[6.893094841120312,49.6166544950585],[6.899665977565257,49.61463015814604],[6.906315168444028,49.614139129814696],[6.911006909366508,49.61604584631357],[6.921429473949414,49.61666304952185],[6.924760450078302,49.61501960398129],[6.926206901802572,49.61219880412861],[6.929578000793813,49.61243520761968],[6.931020504880723,49.61446225654672],[6.928158441943467,49.6152905862122],[6.927691850413154,49.61829409295754],[6.935012569057084,49.6159739214514],[6.937776297943522,49.617737606510815],[6.934522778128594,49.6200939399427],[6.934056328938677,49.62299745472937],[6.937045874813652,49.62510921090768],[6.9330865650176765,49.628516633388706],[6.932763025872682,49.63102683366167],[6.940917230483652,49.634922462593536],[6.945159739901789,49.63586647537944],[6.948612308488945,49.63512827551639],[6.949397611777703,49.626065073976854]]]}},{"type":"Feature","id":"10046116","properties":{"ags8":"10046116","county_ags5":"10046","state_code":"10","name_de":"Oberthal","valid_at":"2026-01-01","source":"BKG_VG250_2026","part_count":1,"simplified_tolerance_m":80},"geometry":{"type":"Polygon","coordinates":[[[7.102196851726257,49.549715090537354],[7.106244056233199,49.548467925938525],[7.119718862736706,49.550907326038356],[7.122898130191037,49.548626937385656],[7.134709012078664,49.54835616523917],[7.136937898837835,49.550709957245935],[7.140879859548608,49.549962748503454],[7.140057074084497,49.54709476364266],[7.141816469353047,49.543722807346434],[7.139449347510683,49.543337194603055],[7.140661282123523,49.54243668937145],[7.134088533707652,49.538296555759075],[7.12891987615368,49.53651547246078],[7.125757030857836,49.53308519384201],[7.125588807951208,49.530694351762094],[7.123678771754575,49.5298540501002],[7.125571814622858,49.52740880997193],[7.122364675348395,49.52776119562522],[7.124510795503438,49.52283635009977],[7.121706960557022,49.521569512431746],[7.123468151327534,49.51643940891921],[7.126999252664185,49.51579643050902],[7.129502680348105,49.51167469617909],[7.124636368299576,49.510862839316665],[7.120149506334557,49.50786998318523],[7.1153673287236945,49.50667824690839],[7.115436283580437,49.505703406752126],[7.108430707446033,49.50439699431642],[7.104239703367457,49.50517175355519],[7.091826976019288,49.50172837158043],[7.084126452948753,49.50099837774826],[7.0809324869760255,49.50366235007869],[7.078052135890531,49.5020210589789],[7.075076324350971,49.50360582115847],[7.065638999651706,49.49752824537465],[7.066556152178208,49.49611524597472],[7.060343843596474,49.49425092027531],[7.058118956991826,49.495966198615555],[7.060098232789419,49.49805287069237],[7.0570129613161,49.498463074226265],[7.056465580590293,49.50014224164321],[7.0599040303960425,49.50302118296996],[7.054192237745388,49.504781766320846],[7.053215756395158,49.50760511129352],[7.056202695344754,49.5088790695271],[7.053484078556349,49.512584718508805],[7.055090731508116,49.51263377801862],[7.055053630214819,49.51365725059935],[7.049900578105889,49.515221823248616],[7.051380029582537,49.51657289625168],[7.048200862879702,49.52037525651731],[7.048649648780232,49.52489193769431],[7.059611035088126,49.52451352983068],[7.064398725314223,49.531946665814665],[7.072967910481371,49.53652091030523],[7.074338496911709,49.53497220755139],[7.080981138507705,49.53360283944333],[7.085611954455751,49.535414161382135],[7.090452869496083,49.5395178657915],[7.0880670335555545,49.544056734129526],[7.082499606415794,49.54740062780664],[7.083262125094432,49.54835129754295],[7.086515275983628,49.54931423135843],[7.089399729536754,49.54749216117327],[7.092159089834981,49.54916948097791],[7.0919255185186145,49.55050428815772],[7.100437213268481,49.55207566148877],[7.102196851726257,49.549715090537354]]]}},{"type":"Feature","id":"10046117","properties":{"ags8":"10046117","county_ags5":"10046","state_code":"10","name_de":"St. Wendel","valid_at":"2026-01-01","source":"BKG_VG250_2026","part_count":1,"simplified_tolerance_m":80},"geometry":{"type":"Polygon","coordinates":[[[7.1313718625339115,49.50693063003544],[7.139255225128808,49.50613009322986],[7.142630130184975,49.50730219924823],[7.142350959485608,49.50398893592142],[7.148706243258574,49.49834246028759],[7.147546817626004,49.49515616603318],[7.1496525175549035,49.4931204994766],[7.150756959755124,49.486030155277675],[7.1535854773735785,49.48531264994349],[7.1553666149098225,49.486923382949335],[7.165081702243945,49.48775136209139],[7.165149760405774,49.49094119923316],[7.17585985562796,49.493976870322044],[7.1795567784461225,49.49887646053518],[7.182749229836992,49.500492235020886],[7.183152549563713,49.49926139096393],[7.194919286377735,49.500453186290606],[7.205480555200444,49.50767014335426],[7.204912677089954,49.5015046575165],[7.210777543895426,49.50284164217467],[7.217270505337521,49.50719305479712],[7.218531582881078,49.51098478665973],[7.2294119248568105,49.50778098142757],[7.231753521094928,49.50588486759387],[7.243471007708006,49.50440435122153],[7.2556026930852875,49.49943205743751],[7.26671348821092,49.500120207222075],[7.269596548798372,49.504723112479816],[7.280493190249506,49.50573690455608],[7.285433194204804,49.504653126062706],[7.282739122051943,49.50194701296765],[7.286473304613694,49.50090084884906],[7.287066779400144,49.49906281904569],[7.283067976180367,49.49546416807399],[7.281489376236877,49.4884585918771],[7.279769183244747,49.487112844459254],[7.281915228345782,49.48603051952849],[7.278135696887995,49.48427479435302],[7.292751567234564,49.482107079649424],[7.296841236697948,49.48354965414145],[7.301195850896099,49.47672815690356],[7.303996384547283,49.47555595374966],[7.304825738927429,49.47244594213041],[7.300596299625416,49.468949384101855],[7.301092942910491,49.46668537484013],[7.286269749989099,49.46007780141874],[7.2869273870536935,49.45768940859441],[7.274811233470952,49.455662539417744],[7.273468080436955,49.4518152172408],[7.266515065695399,49.45148990211039],[7.246437659812773,49.44551838261939],[7.253617662168956,49.44054813514328],[7.255328278177457,49.440597403304274],[7.252406719345356,49.43701700040413],[7.253828339962626,49.43614091921736],[7.25024633237356,49.43517793328361],[7.25258915548159,49.43146537793512],[7.25045729639566,49.43077073192834],[7.243638206706682,49.430219811930776],[7.235043008923544,49.42729668763593],[7.231499520641212,49.42966119546518],[7.227670891100573,49.4299282481658],[7.22686360449055,49.429013338462084],[7.213489527518197,49.4394296381603],[7.208115643230798,49.44127183171611],[7.205878376141129,49.437658570256644],[7.2068199698845765,49.43460646540745],[7.197914904508811,49.43319321645571],[7.194268482973521,49.43141139021679],[7.192546717214048,49.430352316933835],[7.192578326281936,49.427093501425446],[7.170104469337979,49.42329771528608],[7.162806664284744,49.41906553257696],[7.156616779934256,49.418557782149726],[7.1489867721734175,49.416142810499004],[7.139394284190621,49.41791014554998],[7.133810496206878,49.42037289094918],[7.1325641198248935,49.42534248783539],[7.129743788009049,49.42706832289107],[7.130597277472472,49.42947647380134],[7.128827178449512,49.42981627676549],[7.128048671338059,49.42790896242832],[7.124271955237881,49.42684130142707],[7.122865360405798,49.42936562409529],[7.1205046490648085,49.429754096523475],[7.114868652694795,49.42707976898863],[7.107393395425176,49.42831539810808],[7.103259884165762,49.42430054434308],[7.107813999235019,49.42393348696141],[7.106940245146427,49.422430305079864],[7.103225184476602,49.42190566831866],[7.1039968498860935,49.42080908964269],[7.101176158998211,49.4200051959041],[7.10030349985077,49.432455140911955],[7.102535638697722,49.432713089953765],[7.100010122423045,49.4366388731587],[7.096203520877636,49.43801191065201],[7.094350577177399,49.44146322967334],[7.0942662615013115,49.45169671528402],[7.096838366181307,49.45174423125491],[7.096806153916529,49.453364235357924],[7.103035873572007,49.45628980768359],[7.110144118234317,49.45637773203743],[7.1101244534262324,49.45841235336269],[7.111964116585162,49.458575727093454],[7.109835836570064,49.4599525975615],[7.105560486055586,49.45906748255012],[7.104545451811578,49.46110815528246],[7.097975461469005,49.46101813343633],[7.0969853700069025,49.46192481573698],[7.093031109179058,49.46002229224245],[7.091510964761736,49.460766553601694],[7.087295927822898,49.46741343792382],[7.087713219400317,49.47109751957052],[7.086397085044047,49.47109580392884],[7.0864686270931445,49.4788254386187],[7.08899976411543,49.480739162335574],[7.077769083388834,49.491362759080914],[7.071712374171825,49.493160150623574],[7.067721885009969,49.49682615038572],[7.068216012574369,49.49784081910137],[7.076084934254576,49.498852767314744],[7.082211449676156,49.50148071909058],[7.091826976019288,49.50172837158043],[7.104239703367457,49.50517175355519],[7.108430707446033,49.50439699431642],[7.115436283580437,49.505703406752126],[7.1153673287236945,49.50667824690839],[7.120149506334557,49.50786998318523],[7.124636368299576,49.510862839316665],[7.129502680348105,49.51167469617909],[7.128857846007012,49.50963821985945],[7.1313718625339115,49.50693063003544]]]}},{"type":"Feature","id":"10046118","properties":{"ags8":"10046118","county_ags5":"10046","state_code":"10","name_de":"Tholey","valid_at":"2026-01-01","source":"BKG_VG250_2026","part_count":1,"simplified_tolerance_m":80},"geometry":{"type":"Polygon","coordinates":[[[7.025898248557616,49.524709399589085],[7.03494032016779,49.52201326845247],[7.036011714507634,49.52383834747315],[7.048528827846412,49.523690456130275],[7.048200862879702,49.52037525651731],[7.051380029582537,49.51657289625168],[7.049900578105889,49.515221823248616],[7.055053630214819,49.51365725059935],[7.055090731508116,49.51263377801862],[7.053484078556349,49.512584718508805],[7.056202695344754,49.5088790695271],[7.053215756395158,49.50760511129352],[7.054192237745388,49.504781766320846],[7.0599040303960425,49.50302118296996],[7.056465580590293,49.50014224164321],[7.0570129613161,49.498463074226265],[7.060098232789419,49.49805287069237],[7.058118956991826,49.495966198615555],[7.062783744545925,49.49258516665186],[7.0620039093230496,49.490478984384225],[7.056862713719342,49.49119152043808],[7.053699117881698,49.48937410033259],[7.0573017121160255,49.48752986969161],[7.050568289327258,49.48332556450076],[7.050670388686913,49.47979842202732],[7.046046165542648,49.47454159160086],[7.047535401501086,49.472479849711604],[7.04246746478362,49.471469002545845],[7.046022300964283,49.465868303059295],[7.043107355230712,49.4666255000885],[7.037093674057922,49.4641804815071],[7.03651142821814,49.4624875146652],[7.03211716008903,49.46173101454856],[7.024441150710495,49.454147560344],[7.026384012928995,49.45003756165518],[7.00835724823898,49.44840573660255],[7.004561831666656,49.443922739484634],[7.00194387047019,49.4444798846869],[6.9972899067436245,49.43843207578697],[6.989319320047222,49.43675637808845],[6.986374728099984,49.44823315687949],[6.9813787633019455,49.451422711622726],[6.975227018197654,49.450903712499205],[6.9786953605737585,49.45344266426133],[6.971610347033539,49.46157345542896],[6.974146695403224,49.464282619835615],[6.973716359717029,49.465998345004984],[6.977520127889304,49.46887854970436],[6.976560644429552,49.469992352642784],[6.971184094068058,49.46923338762788],[6.970186988994095,49.470345812460614],[6.97025169885548,49.473436076632304],[6.972734158974645,49.47547727363465],[6.9681241508140355,49.48017921569796],[6.9715102099538875,49.48224857874953],[6.968819406142273,49.48630723390624],[6.963272820826268,49.487844627321756],[6.9560240973410865,49.485104310770524],[6.9408124217845435,49.4725296417274],[6.937096023486145,49.47251133024077],[6.935874172719896,49.471472998721474],[6.93243265641925,49.47258902567418],[6.925062368417645,49.46875297531427],[6.9224073293462345,49.472438616216934],[6.916573447523335,49.47546754316908],[6.910799595444923,49.480746877556506],[6.914974340548381,49.48332946914201],[6.920108065008588,49.483816793011734],[6.921286028768862,49.486736276574206],[6.926210848159511,49.48836050941145],[6.926301524127071,49.48958504542871],[6.924405448274584,49.49128695897692],[6.918914126354271,49.49256929834385],[6.916494200294823,49.49811256265755],[6.910181842956268,49.50170365933862],[6.918135735237365,49.50773618085936],[6.92307335403689,49.50381175788164],[6.925230880764352,49.50485377583347],[6.928656820941898,49.50356897104422],[6.930396315316442,49.50601976613308],[6.931418459943264,49.505295551146624],[6.9358637822195135,49.50651685377554],[6.935830619736266,49.50770466767057],[6.938469383031426,49.507372882664455],[6.946884892774817,49.511196583476554],[6.955454727933529,49.51183537895749],[6.961325175781073,49.50932672399066],[6.969115150650765,49.51247080834371],[6.971705930593942,49.51046224143693],[6.977019898493106,49.510313198684436],[6.977629638548594,49.511800260112146],[6.987518765443967,49.51293709896825],[6.990374929464252,49.51529553710678],[6.992654777457816,49.51514126355983],[6.993402265768401,49.51758716518377],[6.996763177966995,49.51929465038925],[7.0100138330260835,49.5221700876098],[7.0156191061626085,49.52553121768471],[7.01706730987292,49.524092908800036],[7.021818292858486,49.52534716260194],[7.023379865271667,49.52460802852254],[7.025979236810916,49.52661817728221],[7.025898248557616,49.524709399589085]]]}}]}
