report_year,state_code,county_ags5,reporting_unit_class,original_region_key,municipality_ags8_candidate,ags_match_2024_atlas,name_de,legal_form_de,population_2024_06_30,total_integrated_debt_eur,integrated_debt_eur_per_person,core_budget_debt_eur,extra_budget_proportional_debt_eur,public_enterprise_proportional_debt_eur,source_id
2024,07,07111,municipality,071110000000,07111000,matched,"Koblenz,St",kreisfreie Stadt,113231,728012708.01,6429.45,469752841.00,33899749.74,224360117.27,STATISTIKPORTAL_INTEGRATED_2024_T1
2024,07,07131,county_administration,07131,,not_applicable,Landkreis Ahrweiler,Landkreis,129062,106352789.83,824.04,20690849.00,39739757.74,45922183.09,STATISTIKPORTAL_INTEGRATED_2024_T1
2024,07,07131,municipality,071310007007,07131007,matched,"Bad Neuenahr-Ahrweiler,S",verbandsfreie Gemeinde,27637,69283972.89,2506.93,42185793.00,0.00,27098179.89,STATISTIKPORTAL_INTEGRATED_2024_T1
2024,07,07131,municipality,071310070070,07131070,matched,"Remagen,St",verbandsfreie Gemeinde,17652,25489581.01,1444.01,8119751.00,761064.88,16608765.13,STATISTIKPORTAL_INTEGRATED_2024_T1
2024,07,07131,municipality,071310077077,07131077,matched,"Sinzig,St",verbandsfreie Gemeinde,17237,26154981.91,1517.37,19592963.00,553452.45,6008566.46,STATISTIKPORTAL_INTEGRATED_2024_T1
2024,07,07131,municipality,071310090090,07131090,matched,Grafschaft,verbandsfreie Gemeinde,10855,34861766.70,3211.59,27267370.00,639641.42,6954755.28,STATISTIKPORTAL_INTEGRATED_2024_T1
2024,07,07131,joint_administration,071315001,,not_applicable,Verbandsgemeinde Adenau,Verbandsgemeinde,12997,23010094.66,1770.42,857301.00,0.00,22152793.66,STATISTIKPORTAL_INTEGRATED_2024_T1
2024,07,07131,municipality,071315001001,07131001,matched,"Adenau,St",Ortsgemeinde,2941,3868791.00,1315.47,3868791.00,0.00,0.00,STATISTIKPORTAL_INTEGRATED_2024_T1
2024,07,07131,municipality,071315001004,07131004,matched,Antweiler,Ortsgemeinde,490,306362.00,625.23,306362.00,0.00,0.00,STATISTIKPORTAL_INTEGRATED_2024_T1
2024,07,07131,municipality,071315001005,07131005,matched,Aremberg,Ortsgemeinde,199,0.00,0.00,0.00,0.00,0.00,STATISTIKPORTAL_INTEGRATED_2024_T1
2024,07,07131,municipality,071315001008,07131008,matched,Barweiler,Ortsgemeinde,396,0.00,0.00,0.00,0.00,0.00,STATISTIKPORTAL_INTEGRATED_2024_T1
2024,07,07131,municipality,071315001009,07131009,matched,Bauler,Ortsgemeinde,49,0.00,0.00,0.00,0.00,0.00,STATISTIKPORTAL_INTEGRATED_2024_T1
2024,07,07131,municipality,071315001015,07131015,matched,Dankerath,Ortsgemeinde,70,0.00,0.00,0.00,0.00,0.00,STATISTIKPORTAL_INTEGRATED_2024_T1
2024,07,07131,municipality,071315001018,07131018,matched,Dorsel,Ortsgemeinde,178,0.00,0.00,0.00,0.00,0.00,STATISTIKPORTAL_INTEGRATED_2024_T1
2024,07,07131,municipality,071315001021,07131021,matched,Eichenbach,Ortsgemeinde,72,0.00,0.00,0.00,0.00,0.00,STATISTIKPORTAL_INTEGRATED_2024_T1
2024,07,07131,municipality,071315001022,07131022,matched,Fuchshofen,Ortsgemeinde,96,2745.00,28.59,2745.00,0.00,0.00,STATISTIKPORTAL_INTEGRATED_2024_T1
2024,07,07131,municipality,071315001026,07131026,matched,Harscheid,Ortsgemeinde,146,0.00,0.00,0.00,0.00,0.00,STATISTIKPORTAL_INTEGRATED_2024_T1
2024,07,07131,municipality,071315001028,07131028,matched,Herschbroich,Ortsgemeinde,274,0.00,0.00,0.00,0.00,0.00,STATISTIKPORTAL_INTEGRATED_2024_T1
2024,07,07131,municipality,071315001030,07131030,matched,Hoffeld,Ortsgemeinde,310,41504.00,133.88,41504.00,0.00,0.00,STATISTIKPORTAL_INTEGRATED_2024_T1
2024,07,07131,municipality,071315001032,07131032,matched,Honerath,Ortsgemeinde,171,136963.00,800.95,136963.00,0.00,0.00,STATISTIKPORTAL_INTEGRATED_2024_T1
2024,07,07131,municipality,071315001033,07131033,matched,Hümmel,Ortsgemeinde,492,0.00,0.00,0.00,0.00,0.00,STATISTIKPORTAL_INTEGRATED_2024_T1
2024,07,07131,municipality,071315001034,07131034,matched,Insul,Ortsgemeinde,479,27326.00,57.05,27326.00,0.00,0.00,STATISTIKPORTAL_INTEGRATED_2024_T1
2024,07,07131,municipality,071315001037,07131037,matched,Kaltenborn,Ortsgemeinde,348,0.00,0.00,0.00,0.00,0.00,STATISTIKPORTAL_INTEGRATED_2024_T1
2024,07,07131,municipality,071315001042,07131042,matched,Kottenborn,Ortsgemeinde,186,166017.00,892.56,166017.00,0.00,0.00,STATISTIKPORTAL_INTEGRATED_2024_T1
2024,07,07131,municipality,071315001044,07131044,matched,Leimbach,Ortsgemeinde,438,329544.00,752.38,329544.00,0.00,0.00,STATISTIKPORTAL_INTEGRATED_2024_T1
2024,07,07131,municipality,071315001050,07131050,matched,Meuspath,Ortsgemeinde,165,0.00,0.00,0.00,0.00,0.00,STATISTIKPORTAL_INTEGRATED_2024_T1
2024,07,07131,municipality,071315001051,07131051,matched,Müllenbach,Ortsgemeinde,510,0.00,0.00,0.00,0.00,0.00,STATISTIKPORTAL_INTEGRATED_2024_T1
2024,07,07131,municipality,071315001052,07131052,matched,Müsch,Ortsgemeinde,166,0.00,0.00,0.00,0.00,0.00,STATISTIKPORTAL_INTEGRATED_2024_T1
2024,07,07131,municipality,071315001058,07131058,matched,Nürburg,Ortsgemeinde,185,0.00,0.00,0.00,0.00,0.00,STATISTIKPORTAL_INTEGRATED_2024_T1
2024,07,07131,municipality,071315001062,07131062,matched,Ohlenhard,Ortsgemeinde,129,0.00,0.00,0.00,0.00,0.00,STATISTIKPORTAL_INTEGRATED_2024_T1
2024,07,07131,municipality,071315001065,07131065,matched,Pomster,Ortsgemeinde,152,0.00,0.00,0.00,0.00,0.00,STATISTIKPORTAL_INTEGRATED_2024_T1
2024,07,07131,municipality,071315001066,07131066,matched,Quiddelbach,Ortsgemeinde,261,0.00,0.00,0.00,0.00,0.00,STATISTIKPORTAL_INTEGRATED_2024_T1
2024,07,07131,municipality,071315001069,07131069,matched,Reifferscheid,Ortsgemeinde,492,0.00,0.00,0.00,0.00,0.00,STATISTIKPORTAL_INTEGRATED_2024_T1
2024,07,07131,municipality,071315001072,07131072,matched,Rodder,Ortsgemeinde,236,0.00,0.00,0.00,0.00,0.00,STATISTIKPORTAL_INTEGRATED_2024_T1
2024,07,07131,municipality,071315001074,07131074,matched,Schuld,Ortsgemeinde,602,16992.00,28.23,16992.00,0.00,0.00,STATISTIKPORTAL_INTEGRATED_2024_T1
2024,07,07131,municipality,071315001075,07131075,matched,Senscheid,Ortsgemeinde,77,0.00,0.00,0.00,0.00,0.00,STATISTIKPORTAL_INTEGRATED_2024_T1
2024,07,07131,municipality,071315001076,07131076,matched,Sierscheid,Ortsgemeinde,87,0.00,0.00,0.00,0.00,0.00,STATISTIKPORTAL_INTEGRATED_2024_T1
2024,07,07131,municipality,071315001079,07131079,matched,Trierscheid,Ortsgemeinde,77,0.00,0.00,0.00,0.00,0.00,STATISTIKPORTAL_INTEGRATED_2024_T1
2024,07,07131,municipality,071315001082,07131082,matched,Wershofen,Ortsgemeinde,921,831499.00,902.82,831499.00,0.00,0.00,STATISTIKPORTAL_INTEGRATED_2024_T1
2024,07,07131,municipality,071315001083,07131083,matched,Wiesemscheid,Ortsgemeinde,269,0.00,0.00,0.00,0.00,0.00,STATISTIKPORTAL_INTEGRATED_2024_T1
2024,07,07131,municipality,071315001084,07131084,matched,Wimbach,Ortsgemeinde,420,398441.00,948.67,398441.00,0.00,0.00,STATISTIKPORTAL_INTEGRATED_2024_T1
2024,07,07131,municipality,071315001085,07131085,matched,Winnerath,Ortsgemeinde,192,0.00,0.00,0.00,0.00,0.00,STATISTIKPORTAL_INTEGRATED_2024_T1
2024,07,07131,municipality,071315001086,07131086,matched,Wirft,Ortsgemeinde,154,0.00,0.00,0.00,0.00,0.00,STATISTIKPORTAL_INTEGRATED_2024_T1
2024,07,07131,municipality,071315001501,07131501,matched,Dümpelfeld,Ortsgemeinde,567,0.00,0.00,0.00,0.00,0.00,STATISTIKPORTAL_INTEGRATED_2024_T1
2024,07,07131,joint_administration,071315002,,not_applicable,Verbandsgemeinde Altenahr,Verbandsgemeinde,10285,21322537.01,2073.17,1955032.00,0.00,19367505.01,STATISTIKPORTAL_INTEGRATED_2024_T1
2024,07,07131,municipality,071315002002,07131002,matched,Ahrbrück,Ortsgemeinde,1151,445285.75,386.87,427587.00,17698.75,0.00,STATISTIKPORTAL_INTEGRATED_2024_T1
2024,07,07131,municipality,071315002003,07131003,matched,Altenahr,Ortsgemeinde,1564,1958652.00,1252.34,1958652.00,0.00,0.00,STATISTIKPORTAL_INTEGRATED_2024_T1
2024,07,07131,municipality,071315002011,07131011,matched,Berg,Ortsgemeinde,1286,0.00,0.00,0.00,0.00,0.00,STATISTIKPORTAL_INTEGRATED_2024_T1
2024,07,07131,municipality,071315002017,07131017,matched,Dernau,Ortsgemeinde,1473,1106983.00,751.52,1106983.00,0.00,0.00,STATISTIKPORTAL_INTEGRATED_2024_T1
2024,07,07131,municipality,071315002027,07131027,matched,Heckenbach,Ortsgemeinde,245,17698.75,72.24,0.00,17698.75,0.00,STATISTIKPORTAL_INTEGRATED_2024_T1
2024,07,07131,municipality,071315002029,07131029,matched,Hönningen,Ortsgemeinde,1062,104640.00,98.53,104640.00,0.00,0.00,STATISTIKPORTAL_INTEGRATED_2024_T1
2024,07,07131,municipality,071315002036,07131036,matched,Kalenborn,Ortsgemeinde,724,0.00,0.00,0.00,0.00,0.00,STATISTIKPORTAL_INTEGRATED_2024_T1
2024,07,07131,municipality,071315002039,07131039,matched,Kesseling,Ortsgemeinde,550,204976.75,372.69,187278.00,17698.75,0.00,STATISTIKPORTAL_INTEGRATED_2024_T1
2024,07,07131,municipality,071315002040,07131040,matched,Kirchsahr,Ortsgemeinde,359,0.00,0.00,0.00,0.00,0.00,STATISTIKPORTAL_INTEGRATED_2024_T1
2024,07,07131,municipality,071315002047,07131047,matched,Lind,Ortsgemeinde,571,17698.75,31.00,0.00,17698.75,0.00,STATISTIKPORTAL_INTEGRATED_2024_T1
2024,07,07131,municipality,071315002049,07131049,matched,Mayschoß,Ortsgemeinde,772,718137.00,930.23,718137.00,0.00,0.00,STATISTIKPORTAL_INTEGRATED_2024_T1
2024,07,07131,municipality,071315002068,07131068,matched,Rech,Ortsgemeinde,528,872440.00,1652.35,872440.00,0.00,0.00,STATISTIKPORTAL_INTEGRATED_2024_T1
2024,07,07131,joint_administration,071315003,,not_applicable,Verbandsgemeinde Bad Breisig,Verbandsgemeinde,13635,33260028.86,2439.31,14344510.00,0.00,18915518.86,STATISTIKPORTAL_INTEGRATED_2024_T1
2024,07,07131,municipality,071315003006,07131006,matched,"Bad Breisig,St",Ortsgemeinde,9597,23255693.68,2423.23,10493592.00,442328.30,12319773.38,STATISTIKPORTAL_INTEGRATED_2024_T1
2024,07,07131,municipality,071315003014,07131014,matched,Brohl-Lützing,Ortsgemeinde,2510,2643029.21,1053.00,2218395.00,201649.67,222984.54,STATISTIKPORTAL_INTEGRATED_2024_T1
2024,07,07131,municipality,071315003025,07131025,matched,Gönnersdorf,Ortsgemeinde,643,689020.43,1071.57,625097.00,30355.86,33567.57,STATISTIKPORTAL_INTEGRATED_2024_T1
2024,07,07131,municipality,071315003081,07131081,matched,Waldorf,Ortsgemeinde,885,752611.00,850.41,752611.00,0.00,0.00,STATISTIKPORTAL_INTEGRATED_2024_T1
2024,07,07131,joint_administration,071315004,,not_applicable,Verbandsgemeinde Brohltal,Verbandsgemeinde,18764,33686803.32,1795.29,11745484.00,121667.43,21819651.89,STATISTIKPORTAL_INTEGRATED_2024_T1
2024,07,07131,municipality,071315004016,07131016,matched,Dedenbach,Ortsgemeinde,481,500347.35,1040.22,25603.00,474744.35,0.00,STATISTIKPORTAL_INTEGRATED_2024_T1
2024,07,07131,municipality,071315004041,07131041,matched,Königsfeld,Ortsgemeinde,696,550929.22,791.56,39378.00,511551.22,0.00,STATISTIKPORTAL_INTEGRATED_2024_T1
2024,07,07131,municipality,071315004054,07131054,matched,Niederdürenbach,Ortsgemeinde,969,553924.39,571.65,306523.00,247401.39,0.00,STATISTIKPORTAL_INTEGRATED_2024_T1
2024,07,07131,municipality,071315004055,07131055,matched,Niederzissen,Ortsgemeinde,2697,220788.15,81.86,0.00,220788.15,0.00,STATISTIKPORTAL_INTEGRATED_2024_T1
2024,07,07131,municipality,071315004059,07131059,matched,Oberdürenbach,Ortsgemeinde,674,550569.39,816.87,303168.00,247401.39,0.00,STATISTIKPORTAL_INTEGRATED_2024_T1
2024,07,07131,municipality,071315004060,07131060,matched,Oberzissen,Ortsgemeinde,1108,1727214.33,1558.86,1443014.00,284200.33,0.00,STATISTIKPORTAL_INTEGRATED_2024_T1
2024,07,07131,municipality,071315004073,07131073,matched,Schalkenbach,Ortsgemeinde,819,511538.08,624.59,0.00,511538.08,0.00,STATISTIKPORTAL_INTEGRATED_2024_T1
2024,07,07131,municipality,071315004201,07131201,matched,Brenk,Ortsgemeinde,184,294465.73,1600.36,257672.00,36793.73,0.00,STATISTIKPORTAL_INTEGRATED_2024_T1
2024,07,07131,municipality,071315004202,07131202,matched,Burgbrohl,Ortsgemeinde,3265,5948875.09,1822.01,5441573.00,356847.47,150454.62,STATISTIKPORTAL_INTEGRATED_2024_T1
2024,07,07131,municipality,071315004204,07131204,matched,Galenberg,Ortsgemeinde,222,201598.61,908.10,164792.00,36806.61,0.00,STATISTIKPORTAL_INTEGRATED_2024_T1
2024,07,07131,municipality,071315004205,07131205,matched,Glees,Ortsgemeinde,571,1295516.46,2268.86,1221929.00,73587.46,0.00,STATISTIKPORTAL_INTEGRATED_2024_T1
2024,07,07131,municipality,071315004206,07131206,matched,Hohenleimbach,Ortsgemeinde,367,38748.77,105.58,0.00,38748.77,0.00,STATISTIKPORTAL_INTEGRATED_2024_T1
2024,07,07131,municipality,071315004208,07131208,matched,Spessart,Ortsgemeinde,856,1954.98,2.28,0.00,1954.98,0.00,STATISTIKPORTAL_INTEGRATED_2024_T1
2024,07,07131,municipality,071315004209,07131209,matched,Wassenach,Ortsgemeinde,1263,393198.19,311.32,282817.00,110381.19,0.00,STATISTIKPORTAL_INTEGRATED_2024_T1
2024,07,07131,municipality,071315004210,07131210,matched,Wehr,Ortsgemeinde,1146,2410061.19,2103.02,2299680.00,110381.19,0.00,STATISTIKPORTAL_INTEGRATED_2024_T1
2024,07,07131,municipality,071315004211,07131211,matched,Weibern,Ortsgemeinde,1540,851118.78,552.67,729455.00,121663.78,0.00,STATISTIKPORTAL_INTEGRATED_2024_T1
2024,07,07131,municipality,071315004502,07131502,matched,Kempenich,Ortsgemeinde,1906,779468.76,408.96,655850.00,123618.76,0.00,STATISTIKPORTAL_INTEGRATED_2024_T1
2024,07,07132,county_administration,07132,,not_applicable,Landkreis Altenkirchen (Ww.),Landkreis,132131,117125900.39,886.44,98292500.00,1284239.87,17549160.52,STATISTIKPORTAL_INTEGRATED_2024_T1
2024,07,07132,joint_administration,071325003,,not_applicable,Verbandsgemeinde Daaden-Herdorf,Verbandsgemeinde,17676,15496562.00,876.70,902403.00,46600.00,14547559.00,STATISTIKPORTAL_INTEGRATED_2024_T1
2024,07,07132,municipality,071325003018,07132018,matched,"Daaden, St.",Ortsgemeinde,4297,2691134.00,626.28,2691134.00,0.00,0.00,STATISTIKPORTAL_INTEGRATED_2024_T1
2024,07,07132,municipality,071325003019,07132019,matched,Derschen,Ortsgemeinde,1003,153439.00,152.98,153439.00,0.00,0.00,STATISTIKPORTAL_INTEGRATED_2024_T1
2024,07,07132,municipality,071325003026,07132026,matched,Emmerzhausen,Ortsgemeinde,665,0.00,0.00,0.00,0.00,0.00,STATISTIKPORTAL_INTEGRATED_2024_T1
2024,07,07132,municipality,071325003036,07132036,matched,Friedewald,Ortsgemeinde,1102,0.00,0.00,0.00,0.00,0.00,STATISTIKPORTAL_INTEGRATED_2024_T1
2024,07,07132,municipality,071325003050,07132050,matched,"Herdorf,St",Ortsgemeinde,6550,13045623.00,1991.70,7852336.00,0.00,5193287.00,STATISTIKPORTAL_INTEGRATED_2024_T1
2024,07,07132,municipality,071325003068,07132068,matched,Mauden,Ortsgemeinde,124,25925.00,209.07,25925.00,0.00,0.00,STATISTIKPORTAL_INTEGRATED_2024_T1
2024,07,07132,municipality,071325003075,07132075,matched,Niederdreisbach,Ortsgemeinde,864,87395.00,101.15,87395.00,0.00,0.00,STATISTIKPORTAL_INTEGRATED_2024_T1
2024,07,07132,municipality,071325003079,07132079,matched,Nisterberg,Ortsgemeinde,364,0.00,0.00,0.00,0.00,0.00,STATISTIKPORTAL_INTEGRATED_2024_T1
2024,07,07132,municipality,071325003101,07132101,matched,Schutzbach,Ortsgemeinde,375,160934.00,429.16,160934.00,0.00,0.00,STATISTIKPORTAL_INTEGRATED_2024_T1
2024,07,07132,municipality,071325003113,07132113,matched,Weitefeld,Ortsgemeinde,2332,0.00,0.00,0.00,0.00,0.00,STATISTIKPORTAL_INTEGRATED_2024_T1
2024,07,07132,joint_administration,071325006,,not_applicable,Verbandsgemeinde Hamm (Sieg),Verbandsgemeinde,13202,33493850.00,2537.03,9848833.00,0.00,23645017.00,STATISTIKPORTAL_INTEGRATED_2024_T1
2024,07,07132,municipality,071325006007,07132007,matched,Birkenbeul,Ortsgemeinde,432,129250.00,299.19,129250.00,0.00,0.00,STATISTIKPORTAL_INTEGRATED_2024_T1
2024,07,07132,municipality,071325006010,07132010,matched,Bitzen,Ortsgemeinde,782,60472.00,77.33,60472.00,0.00,0.00,STATISTIKPORTAL_INTEGRATED_2024_T1
2024,07,07132,municipality,071325006013,07132013,matched,Breitscheidt,Ortsgemeinde,1017,267953.00,263.47,267953.00,0.00,0.00,STATISTIKPORTAL_INTEGRATED_2024_T1
2024,07,07132,municipality,071325006014,07132014,matched,Bruchertseifen,Ortsgemeinde,780,228867.00,293.42,228867.00,0.00,0.00,STATISTIKPORTAL_INTEGRATED_2024_T1
2024,07,07132,municipality,071325006028,07132028,matched,Etzbach,Ortsgemeinde,1320,1029427.00,779.87,0.00,0.00,1029427.00,STATISTIKPORTAL_INTEGRATED_2024_T1
2024,07,07132,municipality,071325006034,07132034,matched,Forst,Ortsgemeinde,613,269754.68,440.06,251039.00,18715.68,0.00,STATISTIKPORTAL_INTEGRATED_2024_T1
2024,07,07132,municipality,071325006038,07132038,matched,Fürthen,Ortsgemeinde,1221,352504.59,288.70,321124.00,31380.59,0.00,STATISTIKPORTAL_INTEGRATED_2024_T1
2024,07,07132,municipality,071325006044,07132044,matched,Hamm (Sieg),Ortsgemeinde,3783,2435878.00,643.90,2435878.00,0.00,0.00,STATISTIKPORTAL_INTEGRATED_2024_T1
2024,07,07132,municipality,071325006077,07132077,matched,Niederirsen,Ortsgemeinde,94,17505.00,186.22,17505.00,0.00,0.00,STATISTIKPORTAL_INTEGRATED_2024_T1
2024,07,07132,municipality,071325006091,07132091,matched,Pracht,Ortsgemeinde,1478,434863.00,294.22,434863.00,0.00,0.00,STATISTIKPORTAL_INTEGRATED_2024_T1
2024,07,07132,municipality,071325006096,07132096,matched,Roth,Ortsgemeinde,1543,696836.00,451.61,696836.00,0.00,0.00,STATISTIKPORTAL_INTEGRATED_2024_T1
2024,07,07132,municipality,071325006102,07132102,matched,Seelbach b.Hamm (Sieg),Ortsgemeinde,139,0.00,0.00,0.00,0.00,0.00,STATISTIKPORTAL_INTEGRATED_2024_T1
2024,07,07132,joint_administration,071325007,,not_applicable,Verbandsgemeinde Kirchen (Sieg),Verbandsgemeinde,22844,35740656.96,1564.55,9767886.00,1240970.00,24731800.96,STATISTIKPORTAL_INTEGRATED_2024_T1
2024,07,07132,municipality,071325007012,07132012,matched,Brachbach,Ortsgemeinde,2331,181762.96,77.98,179451.00,0.00,2311.96,STATISTIKPORTAL_INTEGRATED_2024_T1
2024,07,07132,municipality,071325007037,07132037,matched,Friesenhagen,Ortsgemeinde,1623,440086.85,271.16,409255.00,30831.85,0.00,STATISTIKPORTAL_INTEGRATED_2024_T1
2024,07,07132,municipality,071325007045,07132045,matched,Harbach,Ortsgemeinde,532,10087.96,18.96,7776.00,0.00,2311.96,STATISTIKPORTAL_INTEGRATED_2024_T1
2024,07,07132,municipality,071325007063,07132063,matched,"Kirchen, Stadt(Sieg)",Ortsgemeinde,8289,12689595.96,1530.90,12687284.00,0.00,2311.96,STATISTIKPORTAL_INTEGRATED_2024_T1
2024,07,07132,municipality,071325007072,07132072,matched,Mudersbach,Ortsgemeinde,5934,10180179.58,1715.57,10177869.00,0.00,2310.58,STATISTIKPORTAL_INTEGRATED_2024_T1
2024,07,07132,municipality,071325007076,07132076,matched,Niederfischbach,Ortsgemeinde,4135,5221264.58,1262.70,5218954.00,0.00,2310.58,STATISTIKPORTAL_INTEGRATED_2024_T1
2024,07,07132,joint_administration,071325008,,not_applicable,Verbandsgemeinde Wissen,Verbandsgemeinde,15292,49752443.80,3253.49,19187965.00,3465.60,30561013.20,STATISTIKPORTAL_INTEGRATED_2024_T1
2024,07,07132,municipality,071325008008,07132008,matched,Birken-Honigsessen,Ortsgemeinde,2549,2421830.69,950.11,2381641.00,40189.69,0.00,STATISTIKPORTAL_INTEGRATED_2024_T1
2024,07,07132,municipality,071325008011,07132011,matched,Mittelhof,Ortsgemeinde,1027,437160.28,425.67,413484.00,23676.28,0.00,STATISTIKPORTAL_INTEGRATED_2024_T1
2024,07,07132,municipality,071325008054,07132054,matched,Hövels,Ortsgemeinde,521,593243.63,1138.66,582781.00,10462.63,0.00,STATISTIKPORTAL_INTEGRATED_2024_T1
2024,07,07132,municipality,071325008080,07132080,matched,Katzwinkel (Sieg),Ortsgemeinde,1787,2135330.12,1194.92,2102296.00,33034.12,0.00,STATISTIKPORTAL_INTEGRATED_2024_T1
2024,07,07132,municipality,071325008105,07132105,matched,Selbach (Sieg),Ortsgemeinde,768,456479.95,594.37,435562.00,20917.95,0.00,STATISTIKPORTAL_INTEGRATED_2024_T1
2024,07,07132,municipality,071325008117,07132117,matched,"Wissen,St",Ortsgemeinde,8640,22289188.46,2579.77,19024972.00,253867.66,3010348.80,STATISTIKPORTAL_INTEGRATED_2024_T1
2024,07,07132,joint_administration,071325009,,not_applicable,Verbandsgemeinde Betzdorf-Gebhardshain,Verbandsgemeinde,26680,52440779.13,1965.55,17402155.00,1240970.00,33797654.13,STATISTIKPORTAL_INTEGRATED_2024_T1
2024,07,07132,municipality,071325009002,07132002,matched,Alsdorf,Ortsgemeinde,1512,875663.39,579.14,554612.00,257738.14,63313.25,STATISTIKPORTAL_INTEGRATED_2024_T1
2024,07,07132,municipality,071325009006,07132006,matched,"Betzdorf,St",Ortsgemeinde,10395,13336102.33,1282.93,10741253.00,843506.64,1751342.69,STATISTIKPORTAL_INTEGRATED_2024_T1
2024,07,07132,municipality,071325009020,07132020,matched,Dickendorf,Ortsgemeinde,361,8809.10,24.40,0.00,8809.10,0.00,STATISTIKPORTAL_INTEGRATED_2024_T1
2024,07,07132,municipality,071325009024,07132024,matched,Elben,Ortsgemeinde,337,6606.82,19.60,0.00,6606.82,0.00,STATISTIKPORTAL_INTEGRATED_2024_T1
2024,07,07132,municipality,071325009025,07132025,matched,Elkenroth,Ortsgemeinde,1811,0.00,0.00,0.00,0.00,0.00,STATISTIKPORTAL_INTEGRATED_2024_T1
2024,07,07132,municipality,071325009030,07132030,matched,Fensdorf,Ortsgemeinde,387,172412.82,445.51,165806.00,6606.82,0.00,STATISTIKPORTAL_INTEGRATED_2024_T1
2024,07,07132,municipality,071325009039,07132039,matched,Gebhardshain,Ortsgemeinde,1863,0.00,0.00,0.00,0.00,0.00,STATISTIKPORTAL_INTEGRATED_2024_T1
2024,07,07132,municipality,071325009042,07132042,matched,Grünebach,Ortsgemeinde,520,372504.52,716.35,276887.00,70292.22,25325.30,STATISTIKPORTAL_INTEGRATED_2024_T1
2024,07,07132,municipality,071325009059,07132059,matched,Kausen,Ortsgemeinde,777,116260.73,149.63,96989.00,19271.73,0.00,STATISTIKPORTAL_INTEGRATED_2024_T1
2024,07,07132,municipality,071325009066,07132066,matched,Malberg,Ortsgemeinde,1048,61966.00,59.13,61966.00,0.00,0.00,STATISTIKPORTAL_INTEGRATED_2024_T1
2024,07,07132,municipality,071325009071,07132071,matched,Molzhain,Ortsgemeinde,547,304070.84,555.89,294713.00,9357.84,0.00,STATISTIKPORTAL_INTEGRATED_2024_T1
2024,07,07132,municipality,071325009073,07132073,matched,Nauroth,Ortsgemeinde,1251,509698.00,407.43,509698.00,0.00,0.00,STATISTIKPORTAL_INTEGRATED_2024_T1
2024,07,07132,municipality,071325009095,07132095,matched,Rosenheim (Lk. Altenk.),Ortsgemeinde,737,364810.21,494.99,344441.00,20369.21,0.00,STATISTIKPORTAL_INTEGRATED_2024_T1
2024,07,07132,municipality,071325009098,07132098,matched,Scheuerfeld,Ortsgemeinde,2101,701182.23,333.74,618875.00,0.00,82307.23,STATISTIKPORTAL_INTEGRATED_2024_T1
2024,07,07132,municipality,071325009107,07132107,matched,Steinebach/Sieg,Ortsgemeinde,1316,0.00,0.00,0.00,0.00,0.00,STATISTIKPORTAL_INTEGRATED_2024_T1
2024,07,07132,municipality,071325009108,07132108,matched,Steineroth,Ortsgemeinde,536,161752.63,301.78,151290.00,10462.63,0.00,STATISTIKPORTAL_INTEGRATED_2024_T1
2024,07,07132,municipality,071325009111,07132111,matched,Wallmenroth,Ortsgemeinde,1181,850289.60,719.97,799639.00,0.00,50650.60,STATISTIKPORTAL_INTEGRATED_2024_T1
2024,07,07132,joint_administration,071325010,,not_applicable,Verbandsgemeinde Altenkirchen-Flammersfeld,Verbandsgemeinde,36437,72409266.00,1987.25,29275457.00,118250.00,43015559.00,STATISTIKPORTAL_INTEGRATED_2024_T1
2024,07,07132,municipality,071325010001,07132001,matched,Almersbach,Ortsgemeinde,409,0.00,0.00,0.00,0.00,0.00,STATISTIKPORTAL_INTEGRATED_2024_T1
2024,07,07132,municipality,071325010004,07132004,matched,Bachenberg,Ortsgemeinde,95,0.00,0.00,0.00,0.00,0.00,STATISTIKPORTAL_INTEGRATED_2024_T1
2024,07,07132,municipality,071325010005,07132005,matched,Berzhausen,Ortsgemeinde,203,43803.29,215.78,0.00,43803.29,0.00,STATISTIKPORTAL_INTEGRATED_2024_T1
2024,07,07132,municipality,071325010009,07132009,matched,Birnbach,Ortsgemeinde,657,0.00,0.00,0.00,0.00,0.00,STATISTIKPORTAL_INTEGRATED_2024_T1
2024,07,07132,municipality,071325010015,07132015,matched,Bürdenbach,Ortsgemeinde,612,424099.26,692.97,405129.00,18970.26,0.00,STATISTIKPORTAL_INTEGRATED_2024_T1
2024,07,07132,municipality,071325010016,07132016,matched,Burglahr,Ortsgemeinde,488,34494.13,70.68,20183.00,14311.13,0.00,STATISTIKPORTAL_INTEGRATED_2024_T1
2024,07,07132,municipality,071325010017,07132017,matched,Busenhausen,Ortsgemeinde,359,0.00,0.00,0.00,0.00,0.00,STATISTIKPORTAL_INTEGRATED_2024_T1
2024,07,07132,municipality,071325010022,07132022,matched,Eichelhardt,Ortsgemeinde,506,0.00,0.00,0.00,0.00,0.00,STATISTIKPORTAL_INTEGRATED_2024_T1
2024,07,07132,municipality,071325010023,07132023,matched,Eichen,Ortsgemeinde,566,38850.00,68.64,0.00,38850.00,0.00,STATISTIKPORTAL_INTEGRATED_2024_T1
2024,07,07132,municipality,071325010027,07132027,matched,Ersfeld,Ortsgemeinde,80,0.00,0.00,0.00,0.00,0.00,STATISTIKPORTAL_INTEGRATED_2024_T1
2024,07,07132,municipality,071325010029,07132029,matched,Eulenberg,Ortsgemeinde,51,20558.54,403.11,18905.00,1653.54,0.00,STATISTIKPORTAL_INTEGRATED_2024_T1
2024,07,07132,municipality,071325010031,07132031,matched,Fiersbach,Ortsgemeinde,279,0.00,0.00,0.00,0.00,0.00,STATISTIKPORTAL_INTEGRATED_2024_T1
2024,07,07132,municipality,071325010032,07132032,matched,Flammersfeld,Ortsgemeinde,1432,1720484.00,1201.46,1681634.00,38850.00,0.00,STATISTIKPORTAL_INTEGRATED_2024_T1
2024,07,07132,municipality,071325010033,07132033,matched,Fluterschen,Ortsgemeinde,639,0.00,0.00,0.00,0.00,0.00,STATISTIKPORTAL_INTEGRATED_2024_T1
2024,07,07132,municipality,071325010035,07132035,matched,Forstmehren,Ortsgemeinde,162,0.00,0.00,0.00,0.00,0.00,STATISTIKPORTAL_INTEGRATED_2024_T1
2024,07,07132,municipality,071325010040,07132040,matched,Gieleroth,Ortsgemeinde,694,0.00,0.00,0.00,0.00,0.00,STATISTIKPORTAL_INTEGRATED_2024_T1
2024,07,07132,municipality,071325010041,07132041,matched,Giershausen,Ortsgemeinde,96,0.00,0.00,0.00,0.00,0.00,STATISTIKPORTAL_INTEGRATED_2024_T1
2024,07,07132,municipality,071325010043,07132043,matched,Güllesheim,Ortsgemeinde,754,234914.08,311.56,230811.00,4103.08,0.00,STATISTIKPORTAL_INTEGRATED_2024_T1
2024,07,07132,municipality,071325010046,07132046,matched,Hasselbach,Ortsgemeinde,315,0.00,0.00,0.00,0.00,0.00,STATISTIKPORTAL_INTEGRATED_2024_T1
2024,07,07132,municipality,071325010047,07132047,matched,Helmenzen,Ortsgemeinde,940,0.00,0.00,0.00,0.00,0.00,STATISTIKPORTAL_INTEGRATED_2024_T1
2024,07,07132,municipality,071325010048,07132048,matched,Helmeroth,Ortsgemeinde,207,0.00,0.00,0.00,0.00,0.00,STATISTIKPORTAL_INTEGRATED_2024_T1
2024,07,07132,municipality,071325010049,07132049,matched,Hemmelzen,Ortsgemeinde,283,6783.00,23.97,6783.00,0.00,0.00,STATISTIKPORTAL_INTEGRATED_2024_T1
2024,07,07132,municipality,071325010051,07132051,matched,Heupelzen,Ortsgemeinde,246,4404.55,17.90,0.00,4404.55,0.00,STATISTIKPORTAL_INTEGRATED_2024_T1
2024,07,07132,municipality,071325010052,07132052,matched,Hilgenroth,Ortsgemeinde,284,0.00,0.00,0.00,0.00,0.00,STATISTIKPORTAL_INTEGRATED_2024_T1
2024,07,07132,municipality,071325010053,07132053,matched,Hirz-Maulsbach,Ortsgemeinde,315,0.00,0.00,0.00,0.00,0.00,STATISTIKPORTAL_INTEGRATED_2024_T1
2024,07,07132,municipality,071325010055,07132055,matched,Horhausen (Westerwald),Ortsgemeinde,2144,2305207.77,1075.19,2208187.00,97020.77,0.00,STATISTIKPORTAL_INTEGRATED_2024_T1
2024,07,07132,municipality,071325010056,07132056,matched,Idelberg,Ortsgemeinde,59,0.00,0.00,0.00,0.00,0.00,STATISTIKPORTAL_INTEGRATED_2024_T1
2024,07,07132,municipality,071325010057,07132057,matched,Ingelbach,Ortsgemeinde,511,0.00,0.00,0.00,0.00,0.00,STATISTIKPORTAL_INTEGRATED_2024_T1
2024,07,07132,municipality,071325010058,07132058,matched,Isert,Ortsgemeinde,114,0.00,0.00,0.00,0.00,0.00,STATISTIKPORTAL_INTEGRATED_2024_T1
2024,07,07132,municipality,071325010060,07132060,matched,Kescheid,Ortsgemeinde,133,38850.00,292.11,0.00,38850.00,0.00,STATISTIKPORTAL_INTEGRATED_2024_T1
2024,07,07132,municipality,071325010061,07132061,matched,Kettenhausen,Ortsgemeinde,326,0.00,0.00,0.00,0.00,0.00,STATISTIKPORTAL_INTEGRATED_2024_T1
2024,07,07132,municipality,071325010062,07132062,matched,Kircheib,Ortsgemeinde,572,0.00,0.00,0.00,0.00,0.00,STATISTIKPORTAL_INTEGRATED_2024_T1
2024,07,07132,municipality,071325010064,07132064,matched,Kraam,Ortsgemeinde,155,0.00,0.00,0.00,0.00,0.00,STATISTIKPORTAL_INTEGRATED_2024_T1
2024,07,07132,municipality,071325010065,07132065,matched,Krunkel,Ortsgemeinde,588,733355.07,1247.20,580422.00,152933.07,0.00,STATISTIKPORTAL_INTEGRATED_2024_T1
2024,07,07132,municipality,071325010067,07132067,matched,Mammelzen,Ortsgemeinde,1034,195855.00,189.41,195855.00,0.00,0.00,STATISTIKPORTAL_INTEGRATED_2024_T1
2024,07,07132,municipality,071325010069,07132069,matched,Mehren,Ortsgemeinde,475,0.00,0.00,0.00,0.00,0.00,STATISTIKPORTAL_INTEGRATED_2024_T1
2024,07,07132,municipality,071325010070,07132070,matched,Michelbach (Westerwald),Ortsgemeinde,548,0.00,0.00,0.00,0.00,0.00,STATISTIKPORTAL_INTEGRATED_2024_T1
2024,07,07132,municipality,071325010078,07132078,matched,Niedersteinebach,Ortsgemeinde,208,60815.08,292.38,56712.00,4103.08,0.00,STATISTIKPORTAL_INTEGRATED_2024_T1
2024,07,07132,municipality,071325010081,07132081,matched,Obererbach (Westerwald),Ortsgemeinde,549,0.00,0.00,0.00,0.00,0.00,STATISTIKPORTAL_INTEGRATED_2024_T1
2024,07,07132,municipality,071325010082,07132082,matched,Oberirsen,Ortsgemeinde,630,0.00,0.00,0.00,0.00,0.00,STATISTIKPORTAL_INTEGRATED_2024_T1
2024,07,07132,municipality,071325010083,07132083,matched,Oberlahr,Ortsgemeinde,772,625780.00,810.60,625780.00,0.00,0.00,STATISTIKPORTAL_INTEGRATED_2024_T1
2024,07,07132,municipality,071325010085,07132085,matched,Obersteinebach,Ortsgemeinde,234,25772.56,110.14,18617.00,7155.56,0.00,STATISTIKPORTAL_INTEGRATED_2024_T1
2024,07,07132,municipality,071325010086,07132086,matched,Oberwambach,Ortsgemeinde,424,0.00,0.00,0.00,0.00,0.00,STATISTIKPORTAL_INTEGRATED_2024_T1
2024,07,07132,municipality,071325010087,07132087,matched,Ölsen,Ortsgemeinde,75,0.00,0.00,0.00,0.00,0.00,STATISTIKPORTAL_INTEGRATED_2024_T1
2024,07,07132,municipality,071325010088,07132088,matched,Orfgen,Ortsgemeinde,236,138409.00,586.48,99559.00,38850.00,0.00,STATISTIKPORTAL_INTEGRATED_2024_T1
2024,07,07132,municipality,071325010089,07132089,matched,Peterslahr,Ortsgemeinde,331,23600.84,71.30,14243.00,9357.84,0.00,STATISTIKPORTAL_INTEGRATED_2024_T1
2024,07,07132,municipality,071325010090,07132090,matched,Pleckhausen,Ortsgemeinde,845,980798.52,1160.71,957424.00,23374.52,0.00,STATISTIKPORTAL_INTEGRATED_2024_T1
2024,07,07132,municipality,071325010092,07132092,matched,Racksen,Ortsgemeinde,138,0.00,0.00,0.00,0.00,0.00,STATISTIKPORTAL_INTEGRATED_2024_T1
2024,07,07132,municipality,071325010093,07132093,matched,Reiferscheid,Ortsgemeinde,443,66992.58,151.22,18236.00,48756.58,0.00,STATISTIKPORTAL_INTEGRATED_2024_T1
2024,07,07132,municipality,071325010094,07132094,matched,Rettersen,Ortsgemeinde,357,0.00,0.00,0.00,0.00,0.00,STATISTIKPORTAL_INTEGRATED_2024_T1
2024,07,07132,municipality,071325010097,07132097,matched,Rott,Ortsgemeinde,395,127793.00,323.53,88943.00,38850.00,0.00,STATISTIKPORTAL_INTEGRATED_2024_T1
2024,07,07132,municipality,071325010099,07132099,matched,Schöneberg,Ortsgemeinde,427,111576.00,261.30,111576.00,0.00,0.00,STATISTIKPORTAL_INTEGRATED_2024_T1
2024,07,07132,municipality,071325010100,07132100,matched,Schürdt,Ortsgemeinde,291,38850.00,133.51,0.00,38850.00,0.00,STATISTIKPORTAL_INTEGRATED_2024_T1
2024,07,07132,municipality,071325010103,07132103,matched,Seelbach (Westerwald),Ortsgemeinde,279,192606.00,690.34,153756.00,38850.00,0.00,STATISTIKPORTAL_INTEGRATED_2024_T1
2024,07,07132,municipality,071325010104,07132104,matched,Seifen,Ortsgemeinde,123,60176.00,489.24,60176.00,0.00,0.00,STATISTIKPORTAL_INTEGRATED_2024_T1
2024,07,07132,municipality,071325010106,07132106,matched,Sörth,Ortsgemeinde,262,0.00,0.00,0.00,0.00,0.00,STATISTIKPORTAL_INTEGRATED_2024_T1
2024,07,07132,municipality,071325010109,07132109,matched,Stürzelbach,Ortsgemeinde,226,0.00,0.00,0.00,0.00,0.00,STATISTIKPORTAL_INTEGRATED_2024_T1
2024,07,07132,municipality,071325010110,07132110,matched,Volkerzen,Ortsgemeinde,80,0.00,0.00,0.00,0.00,0.00,STATISTIKPORTAL_INTEGRATED_2024_T1
2024,07,07132,municipality,071325010112,07132112,matched,Walterschen,Ortsgemeinde,162,100084.29,617.80,56281.00,43803.29,0.00,STATISTIKPORTAL_INTEGRATED_2024_T1
2024,07,07132,municipality,071325010114,07132114,matched,Werkhausen,Ortsgemeinde,229,0.00,0.00,0.00,0.00,0.00,STATISTIKPORTAL_INTEGRATED_2024_T1
2024,07,07132,municipality,071325010115,07132115,matched,Weyerbusch,Ortsgemeinde,1480,57195.00,38.65,57195.00,0.00,0.00,STATISTIKPORTAL_INTEGRATED_2024_T1
2024,07,07132,municipality,071325010116,07132116,matched,Willroth,Ortsgemeinde,990,854112.54,862.74,562455.00,291657.54,0.00,STATISTIKPORTAL_INTEGRATED_2024_T1
2024,07,07132,municipality,071325010118,07132118,matched,Wölmersen,Ortsgemeinde,381,0.00,0.00,0.00,0.00,0.00,STATISTIKPORTAL_INTEGRATED_2024_T1
2024,07,07132,municipality,071325010119,07132119,matched,Ziegenhain,Ortsgemeinde,167,0.00,0.00,0.00,0.00,0.00,STATISTIKPORTAL_INTEGRATED_2024_T1
2024,07,07132,municipality,071325010201,07132201,matched,Berod bei Hachenburg,Ortsgemeinde,626,0.00,0.00,0.00,0.00,0.00,STATISTIKPORTAL_INTEGRATED_2024_T1
2024,07,07132,municipality,071325010501,07132501,matched,"Altenkirchen (Ww.),St",Ortsgemeinde,6680,3323835.00,497.58,3323835.00,0.00,0.00,STATISTIKPORTAL_INTEGRATED_2024_T1
2024,07,07132,municipality,071325010502,07132502,matched,Neitersen,Ortsgemeinde,1066,19465.81,18.26,15610.00,3855.81,0.00,STATISTIKPORTAL_INTEGRATED_2024_T1
2024,07,07133,county_administration,07133,,not_applicable,Landkreis Bad Kreuznach,Landkreis,164690,126641843.50,768.97,84437625.00,8702687.28,33501531.22,STATISTIKPORTAL_INTEGRATED_2024_T1
2024,07,07133,municipality,071330006006,07133006,matched,"Bad Kreuznach,St",verbandsfreie Gemeinde,53895,172006581.94,3191.51,74863070.00,13842915.56,83300596.38,STATISTIKPORTAL_INTEGRATED_2024_T1
2024,07,07133,joint_administration,071335001,,not_applicable,Verbandsgemeinde Bad Kreuznach,Verbandsgemeinde,13629,4484061.42,329.01,1653006.00,243250.00,2587805.42,STATISTIKPORTAL_INTEGRATED_2024_T1
2024,07,07133,municipality,071335001003,07133003,matched,Altenbamberg,Ortsgemeinde,817,116022.00,142.01,116022.00,0.00,0.00,STATISTIKPORTAL_INTEGRATED_2024_T1
2024,07,07133,municipality,071335001012,07133012,matched,Biebelsheim,Ortsgemeinde,744,768263.28,1032.61,0.00,243250.00,525013.28,STATISTIKPORTAL_INTEGRATED_2024_T1
2024,07,07133,municipality,071335001030,07133030,matched,Feilbingert,Ortsgemeinde,1546,0.00,0.00,0.00,0.00,0.00,STATISTIKPORTAL_INTEGRATED_2024_T1
2024,07,07133,municipality,071335001031,07133031,matched,Frei-Laubersheim,Ortsgemeinde,1050,768263.28,731.68,0.00,243250.00,525013.28,STATISTIKPORTAL_INTEGRATED_2024_T1
2024,07,07133,municipality,071335001032,07133032,matched,Fürfeld,Ortsgemeinde,1695,942332.28,555.95,174069.00,243250.00,525013.28,STATISTIKPORTAL_INTEGRATED_2024_T1
2024,07,07133,municipality,071335001037,07133037,matched,Hackenheim,Ortsgemeinde,2161,768263.28,355.51,0.00,243250.00,525013.28,STATISTIKPORTAL_INTEGRATED_2024_T1
2024,07,07133,municipality,071335001039,07133039,matched,Hallgarten,Ortsgemeinde,817,287687.00,352.13,287687.00,0.00,0.00,STATISTIKPORTAL_INTEGRATED_2024_T1
2024,07,07133,municipality,071335001045,07133045,matched,Hochstätten,Ortsgemeinde,653,557143.00,853.21,557143.00,0.00,0.00,STATISTIKPORTAL_INTEGRATED_2024_T1
2024,07,07133,municipality,071335001069,07133069,matched,Neu-Bamberg,Ortsgemeinde,960,768263.28,800.27,0.00,243250.00,525013.28,STATISTIKPORTAL_INTEGRATED_2024_T1
2024,07,07133,municipality,071335001078,07133078,matched,Pfaffen-Schwabenheim,Ortsgemeinde,1543,1173222.00,760.35,1173222.00,0.00,0.00,STATISTIKPORTAL_INTEGRATED_2024_T1
2024,07,07133,municipality,071335001080,07133080,matched,Pleitersheim,Ortsgemeinde,352,0.00,0.00,0.00,0.00,0.00,STATISTIKPORTAL_INTEGRATED_2024_T1
2024,07,07133,municipality,071335001104,07133104,matched,Tiefenthal,Ortsgemeinde,135,768263.28,5690.84,0.00,243250.00,525013.28,STATISTIKPORTAL_INTEGRATED_2024_T1
2024,07,07133,municipality,071335001106,07133106,matched,Volxheim,Ortsgemeinde,1156,768263.28,664.59,0.00,243250.00,525013.28,STATISTIKPORTAL_INTEGRATED_2024_T1
2024,07,07133,joint_administration,071335006,,not_applicable,Verbandsgemeinde Rüdesheim,Verbandsgemeinde,29179,10405752.54,356.62,45121.00,0.00,10360631.54,STATISTIKPORTAL_INTEGRATED_2024_T1
2024,07,07133,municipality,071335006002,07133002,matched,Allenfeld,Ortsgemeinde,211,0.00,0.00,0.00,0.00,0.00,STATISTIKPORTAL_INTEGRATED_2024_T1
2024,07,07133,municipality,071335006004,07133004,matched,Argenschwang,Ortsgemeinde,352,0.00,0.00,0.00,0.00,0.00,STATISTIKPORTAL_INTEGRATED_2024_T1
2024,07,07133,municipality,071335006013,07133013,matched,Bockenau,Ortsgemeinde,1171,0.00,0.00,0.00,0.00,0.00,STATISTIKPORTAL_INTEGRATED_2024_T1
2024,07,07133,municipality,071335006014,07133014,matched,Boos,Ortsgemeinde,351,0.00,0.00,0.00,0.00,0.00,STATISTIKPORTAL_INTEGRATED_2024_T1
2024,07,07133,municipality,071335006015,07133015,matched,Braunweiler,Ortsgemeinde,626,0.00,0.00,0.00,0.00,0.00,STATISTIKPORTAL_INTEGRATED_2024_T1
2024,07,07133,municipality,071335006019,07133019,matched,Burgsponheim,Ortsgemeinde,225,0.00,0.00,0.00,0.00,0.00,STATISTIKPORTAL_INTEGRATED_2024_T1
2024,07,07133,municipality,071335006021,07133021,matched,Dalberg,Ortsgemeinde,218,0.00,0.00,0.00,0.00,0.00,STATISTIKPORTAL_INTEGRATED_2024_T1
2024,07,07133,municipality,071335006027,07133027,matched,Duchroth,Ortsgemeinde,544,0.00,0.00,0.00,0.00,0.00,STATISTIKPORTAL_INTEGRATED_2024_T1
2024,07,07133,municipality,071335006033,07133033,matched,Gebroth,Ortsgemeinde,141,0.00,0.00,0.00,0.00,0.00,STATISTIKPORTAL_INTEGRATED_2024_T1
2024,07,07133,municipality,071335006036,07133036,matched,Gutenberg,Ortsgemeinde,1042,0.00,0.00,0.00,0.00,0.00,STATISTIKPORTAL_INTEGRATED_2024_T1
2024,07,07133,municipality,071335006040,07133040,matched,Hargesheim,Ortsgemeinde,2935,0.00,0.00,0.00,0.00,0.00,STATISTIKPORTAL_INTEGRATED_2024_T1
2024,07,07133,municipality,071335006044,07133044,matched,Hergenfeld,Ortsgemeinde,507,0.00,0.00,0.00,0.00,0.00,STATISTIKPORTAL_INTEGRATED_2024_T1
2024,07,07133,municipality,071335006048,07133048,matched,Hüffelsheim,Ortsgemeinde,1285,0.00,0.00,0.00,0.00,0.00,STATISTIKPORTAL_INTEGRATED_2024_T1
2024,07,07133,municipality,071335006061,07133061,matched,Mandel,Ortsgemeinde,929,0.00,0.00,0.00,0.00,0.00,STATISTIKPORTAL_INTEGRATED_2024_T1
2024,07,07133,municipality,071335006068,07133068,matched,Münchwald,Ortsgemeinde,282,0.00,0.00,0.00,0.00,0.00,STATISTIKPORTAL_INTEGRATED_2024_T1
2024,07,07133,municipality,071335006070,07133070,matched,Niederhausen,Ortsgemeinde,585,212657.00,363.52,212657.00,0.00,0.00,STATISTIKPORTAL_INTEGRATED_2024_T1
2024,07,07133,municipality,071335006071,07133071,matched,Norheim,Ortsgemeinde,1590,60987.00,38.36,60987.00,0.00,0.00,STATISTIKPORTAL_INTEGRATED_2024_T1
2024,07,07133,municipality,071335006074,07133074,matched,Oberhausen an der Nahe,Ortsgemeinde,366,0.00,0.00,0.00,0.00,0.00,STATISTIKPORTAL_INTEGRATED_2024_T1
2024,07,07133,municipality,071335006075,07133075,matched,Oberstreit,Ortsgemeinde,289,0.00,0.00,0.00,0.00,0.00,STATISTIKPORTAL_INTEGRATED_2024_T1
2024,07,07133,municipality,071335006086,07133086,matched,Roxheim,Ortsgemeinde,2816,0.00,0.00,0.00,0.00,0.00,STATISTIKPORTAL_INTEGRATED_2024_T1
2024,07,07133,municipality,071335006088,07133088,matched,Sankt Katharinen,Ortsgemeinde,372,0.00,0.00,0.00,0.00,0.00,STATISTIKPORTAL_INTEGRATED_2024_T1
2024,07,07133,municipality,071335006089,07133089,matched,Schloßböckelheim,Ortsgemeinde,371,0.00,0.00,0.00,0.00,0.00,STATISTIKPORTAL_INTEGRATED_2024_T1
2024,07,07133,municipality,071335006098,07133098,matched,Sommerloch,Ortsgemeinde,396,0.00,0.00,0.00,0.00,0.00,STATISTIKPORTAL_INTEGRATED_2024_T1
2024,07,07133,municipality,071335006099,07133099,matched,Spabrücken,Ortsgemeinde,1218,0.00,0.00,0.00,0.00,0.00,STATISTIKPORTAL_INTEGRATED_2024_T1
2024,07,07133,municipality,071335006100,07133100,matched,Spall,Ortsgemeinde,192,0.00,0.00,0.00,0.00,0.00,STATISTIKPORTAL_INTEGRATED_2024_T1
2024,07,07133,municipality,071335006101,07133101,matched,Sponheim,Ortsgemeinde,771,0.00,0.00,0.00,0.00,0.00,STATISTIKPORTAL_INTEGRATED_2024_T1
2024,07,07133,municipality,071335006105,07133105,matched,Traisen,Ortsgemeinde,610,0.00,0.00,0.00,0.00,0.00,STATISTIKPORTAL_INTEGRATED_2024_T1
2024,07,07133,municipality,071335006107,07133107,matched,Waldböckelheim,Ortsgemeinde,2178,0.00,0.00,0.00,0.00,0.00,STATISTIKPORTAL_INTEGRATED_2024_T1
2024,07,07133,municipality,071335006109,07133109,matched,Wallhausen,Ortsgemeinde,1624,0.00,0.00,0.00,0.00,0.00,STATISTIKPORTAL_INTEGRATED_2024_T1
2024,07,07133,municipality,071335006112,07133112,matched,Weinsheim,Ortsgemeinde,1784,1967.00,1.10,1967.00,0.00,0.00,STATISTIKPORTAL_INTEGRATED_2024_T1
2024,07,07133,municipality,071335006115,07133115,matched,Winterbach,Ortsgemeinde,479,0.00,0.00,0.00,0.00,0.00,STATISTIKPORTAL_INTEGRATED_2024_T1
2024,07,07133,municipality,071335006117,07133117,matched,Rüdesheim,Ortsgemeinde,2719,0.00,0.00,0.00,0.00,0.00,STATISTIKPORTAL_INTEGRATED_2024_T1
2024,07,07133,joint_administration,071335009,,not_applicable,Verbandsgemeinde Kirner Land,Verbandsgemeinde,18473,50187690.19,2716.81,15737925.00,761015.00,33688750.19,STATISTIKPORTAL_INTEGRATED_2024_T1
2024,07,07133,municipality,071335009008,07133008,matched,Bärenbach,Ortsgemeinde,486,69460.00,142.92,69460.00,0.00,0.00,STATISTIKPORTAL_INTEGRATED_2024_T1
2024,07,07133,municipality,071335009010,07133010,matched,Becherbach bei Kirn,Ortsgemeinde,464,29443.00,63.45,29443.00,0.00,0.00,STATISTIKPORTAL_INTEGRATED_2024_T1
2024,07,07133,municipality,071335009016,07133016,matched,Brauweiler,Ortsgemeinde,60,2850.00,47.50,2850.00,0.00,0.00,STATISTIKPORTAL_INTEGRATED_2024_T1
2024,07,07133,municipality,071335009038,07133038,matched,Hahnenbach,Ortsgemeinde,541,103369.00,191.07,103369.00,0.00,0.00,STATISTIKPORTAL_INTEGRATED_2024_T1
2024,07,07133,municipality,071335009041,07133041,matched,Heimweiler,Ortsgemeinde,411,496.00,1.21,496.00,0.00,0.00,STATISTIKPORTAL_INTEGRATED_2024_T1
2024,07,07133,municipality,071335009042,07133042,matched,Heinzenberg,Ortsgemeinde,26,0.00,0.00,0.00,0.00,0.00,STATISTIKPORTAL_INTEGRATED_2024_T1
2024,07,07133,municipality,071335009043,07133043,matched,Hennweiler,Ortsgemeinde,1210,948707.00,784.06,948707.00,0.00,0.00,STATISTIKPORTAL_INTEGRATED_2024_T1
2024,07,07133,municipality,071335009046,07133046,matched,Hochstetten-Dhaun,Ortsgemeinde,1693,22617.00,13.36,22617.00,0.00,0.00,STATISTIKPORTAL_INTEGRATED_2024_T1
2024,07,07133,municipality,071335009047,07133047,matched,Horbach,Ortsgemeinde,41,36381.00,887.34,36381.00,0.00,0.00,STATISTIKPORTAL_INTEGRATED_2024_T1
2024,07,07133,municipality,071335009052,07133052,matched,"Kirn,St",Ortsgemeinde,8609,6395681.92,742.91,2651710.00,9978.00,3733993.92,STATISTIKPORTAL_INTEGRATED_2024_T1
2024,07,07133,municipality,071335009059,07133059,matched,Limbach,Ortsgemeinde,286,0.00,0.00,0.00,0.00,0.00,STATISTIKPORTAL_INTEGRATED_2024_T1
2024,07,07133,municipality,071335009063,07133063,matched,Meckenbach,Ortsgemeinde,342,0.00,0.00,0.00,0.00,0.00,STATISTIKPORTAL_INTEGRATED_2024_T1
2024,07,07133,municipality,071335009073,07133073,matched,Oberhausen bei Kirn,Ortsgemeinde,895,17399.00,19.44,17399.00,0.00,0.00,STATISTIKPORTAL_INTEGRATED_2024_T1
2024,07,07133,municipality,071335009077,07133077,matched,Otzweiler,Ortsgemeinde,193,204672.00,1060.48,204672.00,0.00,0.00,STATISTIKPORTAL_INTEGRATED_2024_T1
2024,07,07133,municipality,071335009096,07133096,matched,Simmertal,Ortsgemeinde,1899,38859.00,20.46,38859.00,0.00,0.00,STATISTIKPORTAL_INTEGRATED_2024_T1
2024,07,07133,municipality,071335009113,07133113,matched,Weitersborn,Ortsgemeinde,194,0.00,0.00,0.00,0.00,0.00,STATISTIKPORTAL_INTEGRATED_2024_T1
2024,07,07133,municipality,071335009201,07133201,matched,Bruschied,Ortsgemeinde,328,0.00,0.00,0.00,0.00,0.00,STATISTIKPORTAL_INTEGRATED_2024_T1
2024,07,07133,municipality,071335009202,07133202,matched,Kellenbach,Ortsgemeinde,249,19560.00,78.55,19560.00,0.00,0.00,STATISTIKPORTAL_INTEGRATED_2024_T1
2024,07,07133,municipality,071335009203,07133203,matched,Königsau,Ortsgemeinde,68,0.00,0.00,0.00,0.00,0.00,STATISTIKPORTAL_INTEGRATED_2024_T1
2024,07,07133,municipality,071335009204,07133204,matched,Schneppenbach,Ortsgemeinde,236,0.00,0.00,0.00,0.00,0.00,STATISTIKPORTAL_INTEGRATED_2024_T1
2024,07,07133,municipality,071335009205,07133205,matched,Schwarzerden,Ortsgemeinde,242,0.00,0.00,0.00,0.00,0.00,STATISTIKPORTAL_INTEGRATED_2024_T1
2024,07,07133,joint_administration,071335010,,not_applicable,Verbandsgemeinde Nahe-Glan,Verbandsgemeinde,25283,69243509.47,2738.74,15637273.00,2127611.00,51478625.47,STATISTIKPORTAL_INTEGRATED_2024_T1
2024,07,07133,municipality,071335010001,07133001,matched,Abtweiler,Ortsgemeinde,195,30853.00,158.22,30853.00,0.00,0.00,STATISTIKPORTAL_INTEGRATED_2024_T1
2024,07,07133,municipality,071335010005,07133005,matched,Auen,Ortsgemeinde,190,31347.00,164.98,31347.00,0.00,0.00,STATISTIKPORTAL_INTEGRATED_2024_T1
2024,07,07133,municipality,071335010009,07133009,matched,Bärweiler,Ortsgemeinde,211,3404.00,16.13,3404.00,0.00,0.00,STATISTIKPORTAL_INTEGRATED_2024_T1
2024,07,07133,municipality,071335010011,07133011,matched,Becherbach,Ortsgemeinde,851,104634.00,122.95,104634.00,0.00,0.00,STATISTIKPORTAL_INTEGRATED_2024_T1
2024,07,07133,municipality,071335010017,07133017,matched,Breitenheim,Ortsgemeinde,400,54520.00,136.30,54520.00,0.00,0.00,STATISTIKPORTAL_INTEGRATED_2024_T1
2024,07,07133,municipality,071335010020,07133020,matched,Callbach,Ortsgemeinde,338,50450.00,149.26,50450.00,0.00,0.00,STATISTIKPORTAL_INTEGRATED_2024_T1
2024,07,07133,municipality,071335010022,07133022,matched,Daubach,Ortsgemeinde,227,0.00,0.00,0.00,0.00,0.00,STATISTIKPORTAL_INTEGRATED_2024_T1
2024,07,07133,municipality,071335010024,07133024,matched,Desloch,Ortsgemeinde,318,64461.00,202.71,64461.00,0.00,0.00,STATISTIKPORTAL_INTEGRATED_2024_T1
2024,07,07133,municipality,071335010049,07133049,matched,Hundsbach,Ortsgemeinde,371,4093.00,11.03,4093.00,0.00,0.00,STATISTIKPORTAL_INTEGRATED_2024_T1
2024,07,07133,municipality,071335010050,07133050,matched,Ippenschied,Ortsgemeinde,147,0.00,0.00,0.00,0.00,0.00,STATISTIKPORTAL_INTEGRATED_2024_T1
2024,07,07133,municipality,071335010051,07133051,matched,Jeckenbach,Ortsgemeinde,210,10030.00,47.76,10030.00,0.00,0.00,STATISTIKPORTAL_INTEGRATED_2024_T1
2024,07,07133,municipality,071335010053,07133053,matched,Kirschroth,Ortsgemeinde,291,34725.00,119.33,34725.00,0.00,0.00,STATISTIKPORTAL_INTEGRATED_2024_T1
2024,07,07133,municipality,071335010055,07133055,matched,Langenthal,Ortsgemeinde,82,3524.00,42.98,3524.00,0.00,0.00,STATISTIKPORTAL_INTEGRATED_2024_T1
2024,07,07133,municipality,071335010057,07133057,matched,Lauschied,Ortsgemeinde,542,0.00,0.00,0.00,0.00,0.00,STATISTIKPORTAL_INTEGRATED_2024_T1
2024,07,07133,municipality,071335010058,07133058,matched,Lettweiler,Ortsgemeinde,209,0.00,0.00,0.00,0.00,0.00,STATISTIKPORTAL_INTEGRATED_2024_T1
2024,07,07133,municipality,071335010060,07133060,matched,Löllbach,Ortsgemeinde,185,174852.00,945.15,174852.00,0.00,0.00,STATISTIKPORTAL_INTEGRATED_2024_T1
2024,07,07133,municipality,071335010062,07133062,matched,Martinstein,Ortsgemeinde,256,17693.00,69.11,17693.00,0.00,0.00,STATISTIKPORTAL_INTEGRATED_2024_T1
2024,07,07133,municipality,071335010064,07133064,matched,Meddersheim,Ortsgemeinde,1312,310821.00,236.91,310821.00,0.00,0.00,STATISTIKPORTAL_INTEGRATED_2024_T1
2024,07,07133,municipality,071335010065,07133065,matched,"Meisenheim,St",Ortsgemeinde,2888,469773.00,162.66,469773.00,0.00,0.00,STATISTIKPORTAL_INTEGRATED_2024_T1
2024,07,07133,municipality,071335010066,07133066,matched,Merxheim,Ortsgemeinde,1445,199255.00,137.89,199255.00,0.00,0.00,STATISTIKPORTAL_INTEGRATED_2024_T1
2024,07,07133,municipality,071335010067,07133067,matched,Monzingen,Ortsgemeinde,1552,521027.00,335.71,521027.00,0.00,0.00,STATISTIKPORTAL_INTEGRATED_2024_T1
2024,07,07133,municipality,071335010072,07133072,matched,Nußbaum,Ortsgemeinde,485,0.00,0.00,0.00,0.00,0.00,STATISTIKPORTAL_INTEGRATED_2024_T1
2024,07,07133,municipality,071335010076,07133076,matched,Odernheim am Glan,Ortsgemeinde,1741,823674.00,473.10,823674.00,0.00,0.00,STATISTIKPORTAL_INTEGRATED_2024_T1
2024,07,07133,municipality,071335010081,07133081,matched,Raumbach,Ortsgemeinde,440,0.00,0.00,0.00,0.00,0.00,STATISTIKPORTAL_INTEGRATED_2024_T1
2024,07,07133,municipality,071335010082,07133082,matched,Rehbach,Ortsgemeinde,44,0.00,0.00,0.00,0.00,0.00,STATISTIKPORTAL_INTEGRATED_2024_T1
2024,07,07133,municipality,071335010083,07133083,matched,Rehborn,Ortsgemeinde,680,0.00,0.00,0.00,0.00,0.00,STATISTIKPORTAL_INTEGRATED_2024_T1
2024,07,07133,municipality,071335010084,07133084,matched,Reiffelbach,Ortsgemeinde,221,0.00,0.00,0.00,0.00,0.00,STATISTIKPORTAL_INTEGRATED_2024_T1
2024,07,07133,municipality,071335010090,07133090,matched,Schmittweiler,Ortsgemeinde,165,0.00,0.00,0.00,0.00,0.00,STATISTIKPORTAL_INTEGRATED_2024_T1
2024,07,07133,municipality,071335010092,07133092,matched,Schweinschied,Ortsgemeinde,133,0.00,0.00,0.00,0.00,0.00,STATISTIKPORTAL_INTEGRATED_2024_T1
2024,07,07133,municipality,071335010094,07133094,matched,Seesbach,Ortsgemeinde,519,179855.00,346.54,179855.00,0.00,0.00,STATISTIKPORTAL_INTEGRATED_2024_T1
2024,07,07133,municipality,071335010102,07133102,matched,Staudernheim,Ortsgemeinde,1439,924361.00,642.36,924361.00,0.00,0.00,STATISTIKPORTAL_INTEGRATED_2024_T1
2024,07,07133,municipality,071335010111,07133111,matched,Weiler bei Monzingen,Ortsgemeinde,455,0.00,0.00,0.00,0.00,0.00,STATISTIKPORTAL_INTEGRATED_2024_T1
2024,07,07133,municipality,071335010116,07133116,matched,Winterburg,Ortsgemeinde,219,14921.00,68.13,14921.00,0.00,0.00,STATISTIKPORTAL_INTEGRATED_2024_T1
2024,07,07133,municipality,071335010501,07133501,matched,"Bad Sobernheim,St",Ortsgemeinde,6522,5230610.75,801.99,4416408.00,0.00,814202.75,STATISTIKPORTAL_INTEGRATED_2024_T1
2024,07,07133,joint_administration,071335011,,not_applicable,Verbandsgemeinde Langenlonsheim-Stromberg,Verbandsgemeinde,24231,36029481.22,1486.92,3108348.00,0.00,32921133.22,STATISTIKPORTAL_INTEGRATED_2024_T1
2024,07,07133,municipality,071335011018,07133018,matched,Bretzenheim,Ortsgemeinde,2758,1608015.00,583.04,1608015.00,0.00,0.00,STATISTIKPORTAL_INTEGRATED_2024_T1
2024,07,07133,municipality,071335011023,07133023,matched,Daxweiler,Ortsgemeinde,750,0.00,0.00,0.00,0.00,0.00,STATISTIKPORTAL_INTEGRATED_2024_T1
2024,07,07133,municipality,071335011025,07133025,matched,Dörrebach,Ortsgemeinde,725,0.00,0.00,0.00,0.00,0.00,STATISTIKPORTAL_INTEGRATED_2024_T1
2024,07,07133,municipality,071335011026,07133026,matched,Dorsheim,Ortsgemeinde,753,0.00,0.00,0.00,0.00,0.00,STATISTIKPORTAL_INTEGRATED_2024_T1
2024,07,07133,municipality,071335011028,07133028,matched,Eckenroth,Ortsgemeinde,231,0.00,0.00,0.00,0.00,0.00,STATISTIKPORTAL_INTEGRATED_2024_T1
2024,07,07133,municipality,071335011035,07133035,matched,Guldental,Ortsgemeinde,2485,0.00,0.00,0.00,0.00,0.00,STATISTIKPORTAL_INTEGRATED_2024_T1
2024,07,07133,municipality,071335011054,07133054,matched,Langenlonsheim,Ortsgemeinde,4373,0.00,0.00,0.00,0.00,0.00,STATISTIKPORTAL_INTEGRATED_2024_T1
2024,07,07133,municipality,071335011056,07133056,matched,Laubenheim,Ortsgemeinde,837,48120.00,57.49,48120.00,0.00,0.00,STATISTIKPORTAL_INTEGRATED_2024_T1
2024,07,07133,municipality,071335011085,07133085,matched,Roth,Ortsgemeinde,280,500423.00,1787.23,500423.00,0.00,0.00,STATISTIKPORTAL_INTEGRATED_2024_T1
2024,07,07133,municipality,071335011087,07133087,matched,Rümmelsheim,Ortsgemeinde,1473,86797.00,58.93,86797.00,0.00,0.00,STATISTIKPORTAL_INTEGRATED_2024_T1
2024,07,07133,municipality,071335011091,07133091,matched,Schöneberg,Ortsgemeinde,621,0.00,0.00,0.00,0.00,0.00,STATISTIKPORTAL_INTEGRATED_2024_T1
2024,07,07133,municipality,071335011093,07133093,matched,Schweppenhausen,Ortsgemeinde,900,61490.00,68.32,61490.00,0.00,0.00,STATISTIKPORTAL_INTEGRATED_2024_T1
2024,07,07133,municipality,071335011095,07133095,matched,Seibersbach,Ortsgemeinde,1301,2031985.00,1561.86,2031985.00,0.00,0.00,STATISTIKPORTAL_INTEGRATED_2024_T1
2024,07,07133,municipality,071335011103,07133103,matched,"Stromberg,St",Ortsgemeinde,3562,1578293.00,443.09,1578293.00,0.00,0.00,STATISTIKPORTAL_INTEGRATED_2024_T1
2024,07,07133,municipality,071335011108,07133108,matched,Waldlaubersheim,Ortsgemeinde,867,0.00,0.00,0.00,0.00,0.00,STATISTIKPORTAL_INTEGRATED_2024_T1
2024,07,07133,municipality,071335011110,07133110,matched,Warmsroth,Ortsgemeinde,537,0.00,0.00,0.00,0.00,0.00,STATISTIKPORTAL_INTEGRATED_2024_T1
2024,07,07133,municipality,071335011114,07133114,matched,Windesheim,Ortsgemeinde,1778,0.00,0.00,0.00,0.00,0.00,STATISTIKPORTAL_INTEGRATED_2024_T1
2024,07,07134,county_administration,07134,,not_applicable,Landkreis Birkenfeld,Landkreis,82702,115057637.57,1391.23,79085081.00,175529.63,35797026.94,STATISTIKPORTAL_INTEGRATED_2024_T1
2024,07,07134,municipality,071340045045,07134045,matched,"Idar-Oberstein,St",verbandsfreie Gemeinde,30248,64705108.73,2139.15,16479150.00,0.00,48225958.73,STATISTIKPORTAL_INTEGRATED_2024_T1
2024,07,07134,joint_administration,071345001,,not_applicable,Verbandsgemeinde Baumholder,Verbandsgemeinde,9448,12994178.49,1375.34,4361430.00,503581.50,8129166.99,STATISTIKPORTAL_INTEGRATED_2024_T1
2024,07,07134,municipality,071345001005,07134005,matched,"Baumholder,St",Ortsgemeinde,4232,5803317.23,1371.29,5656863.00,6125.07,140329.16,STATISTIKPORTAL_INTEGRATED_2024_T1
2024,07,07134,municipality,071345001007,07134007,matched,Berglangenbach,Ortsgemeinde,460,368850.74,801.85,361904.00,2449.90,4496.84,STATISTIKPORTAL_INTEGRATED_2024_T1
2024,07,07134,municipality,071345001008,07134008,matched,Berschweiler bei Baumh.,Ortsgemeinde,525,58633.74,111.68,51687.00,2449.90,4496.84,STATISTIKPORTAL_INTEGRATED_2024_T1
2024,07,07134,municipality,071345001021,07134021,matched,Eckersweiler,Ortsgemeinde,179,5721.79,31.97,0.00,1224.95,4496.84,STATISTIKPORTAL_INTEGRATED_2024_T1
2024,07,07134,municipality,071345001026,07134026,matched,Fohren-Linden,Ortsgemeinde,315,2450.22,7.78,0.00,2450.22,0.00,STATISTIKPORTAL_INTEGRATED_2024_T1
2024,07,07134,municipality,071345001027,07134027,matched,Frauenberg,Ortsgemeinde,357,341965.37,957.89,338492.00,1224.95,2248.42,STATISTIKPORTAL_INTEGRATED_2024_T1
2024,07,07134,municipality,071345001033,07134033,matched,Hahnweiler,Ortsgemeinde,183,404814.37,2212.10,65620.00,336945.95,2248.42,STATISTIKPORTAL_INTEGRATED_2024_T1
2024,07,07134,municipality,071345001036,07134036,matched,Heimbach,Ortsgemeinde,1023,759457.92,742.38,740888.00,1224.95,17344.97,STATISTIKPORTAL_INTEGRATED_2024_T1
2024,07,07134,municipality,071345001051,07134051,matched,Leitzweiler,Ortsgemeinde,105,336945.95,3209.01,0.00,336945.95,0.00,STATISTIKPORTAL_INTEGRATED_2024_T1
2024,07,07134,municipality,071345001054,07134054,matched,Mettweiler,Ortsgemeinde,239,20347.06,85.13,13400.00,2450.22,4496.84,STATISTIKPORTAL_INTEGRATED_2024_T1
2024,07,07134,municipality,071345001068,07134068,matched,Reichenbach,Ortsgemeinde,503,76880.64,152.84,72182.00,2450.22,2248.42,STATISTIKPORTAL_INTEGRATED_2024_T1
2024,07,07134,municipality,071345001073,07134073,matched,Rohrbach,Ortsgemeinde,173,178858.95,1033.87,177634.00,1224.95,0.00,STATISTIKPORTAL_INTEGRATED_2024_T1
2024,07,07134,municipality,071345001074,07134074,matched,Rückweiler,Ortsgemeinde,376,741297.95,1971.54,404352.00,336945.95,0.00,STATISTIKPORTAL_INTEGRATED_2024_T1
2024,07,07134,municipality,071345001075,07134075,matched,Ruschberg,Ortsgemeinde,778,132949.41,170.89,104101.00,1224.95,27623.46,STATISTIKPORTAL_INTEGRATED_2024_T1
2024,07,07134,joint_administration,071345002,,not_applicable,Verbandsgemeinde Birkenfeld,Verbandsgemeinde,20319,27819038.68,1369.11,20567807.00,2098.00,7249133.68,STATISTIKPORTAL_INTEGRATED_2024_T1
2024,07,07134,municipality,071345002001,07134001,matched,Abentheuer,Ortsgemeinde,425,75403.62,177.42,68489.00,0.00,6914.62,STATISTIKPORTAL_INTEGRATED_2024_T1
2024,07,07134,municipality,071345002002,07134002,matched,Achtelsbach,Ortsgemeinde,373,6914.62,18.54,0.00,0.00,6914.62,STATISTIKPORTAL_INTEGRATED_2024_T1
2024,07,07134,municipality,071345002010,07134010,matched,"Birkenfeld,St",Ortsgemeinde,7041,6090158.50,864.96,4742808.00,0.00,1347350.50,STATISTIKPORTAL_INTEGRATED_2024_T1
2024,07,07134,municipality,071345002011,07134011,matched,Börfink,Ortsgemeinde,168,17994.20,107.11,13328.00,0.00,4666.20,STATISTIKPORTAL_INTEGRATED_2024_T1
2024,07,07134,municipality,071345002015,07134015,matched,Brücken,Ortsgemeinde,1273,6914.62,5.43,0.00,0.00,6914.62,STATISTIKPORTAL_INTEGRATED_2024_T1
2024,07,07134,municipality,071345002016,07134016,matched,Buhlenberg,Ortsgemeinde,478,18666.20,39.05,14000.00,0.00,4666.20,STATISTIKPORTAL_INTEGRATED_2024_T1
2024,07,07134,municipality,071345002018,07134018,matched,Dambach,Ortsgemeinde,155,44146.20,284.81,39480.00,0.00,4666.20,STATISTIKPORTAL_INTEGRATED_2024_T1
2024,07,07134,municipality,071345002020,07134020,matched,Dienstweiler,Ortsgemeinde,345,4666.20,13.53,0.00,0.00,4666.20,STATISTIKPORTAL_INTEGRATED_2024_T1
2024,07,07134,municipality,071345002022,07134022,matched,Elchweiler,Ortsgemeinde,102,4666.20,45.75,0.00,0.00,4666.20,STATISTIKPORTAL_INTEGRATED_2024_T1
2024,07,07134,municipality,071345002023,07134023,matched,Ellenberg,Ortsgemeinde,90,4666.20,51.85,0.00,0.00,4666.20,STATISTIKPORTAL_INTEGRATED_2024_T1
2024,07,07134,municipality,071345002024,07134024,matched,Ellweiler,Ortsgemeinde,331,90441.04,273.24,81278.00,0.00,9163.04,STATISTIKPORTAL_INTEGRATED_2024_T1
2024,07,07134,municipality,071345002029,07134029,matched,Gimbweiler,Ortsgemeinde,400,1029177.48,2572.94,1011330.00,0.00,17847.48,STATISTIKPORTAL_INTEGRATED_2024_T1
2024,07,07134,municipality,071345002031,07134031,matched,Gollenberg,Ortsgemeinde,117,19098.62,163.24,12184.00,0.00,6914.62,STATISTIKPORTAL_INTEGRATED_2024_T1
2024,07,07134,municipality,071345002034,07134034,matched,Hattgenstein,Ortsgemeinde,246,28550.62,116.06,21636.00,0.00,6914.62,STATISTIKPORTAL_INTEGRATED_2024_T1
2024,07,07134,municipality,071345002042,07134042,matched,Hoppstädten-Weiersbach,Ortsgemeinde,3332,649169.42,194.83,640549.00,0.00,8620.42,STATISTIKPORTAL_INTEGRATED_2024_T1
2024,07,07134,municipality,071345002048,07134048,matched,Kronweiler,Ortsgemeinde,318,56522.20,177.74,51856.00,0.00,4666.20,STATISTIKPORTAL_INTEGRATED_2024_T1
2024,07,07134,municipality,071345002050,07134050,matched,Leisel,Ortsgemeinde,535,143462.62,268.15,136548.00,0.00,6914.62,STATISTIKPORTAL_INTEGRATED_2024_T1
2024,07,07134,municipality,071345002053,07134053,matched,Meckenbach,Ortsgemeinde,110,32555.20,295.96,27889.00,0.00,4666.20,STATISTIKPORTAL_INTEGRATED_2024_T1
2024,07,07134,municipality,071345002057,07134057,matched,Niederbrombach,Ortsgemeinde,494,254666.20,515.52,250000.00,0.00,4666.20,STATISTIKPORTAL_INTEGRATED_2024_T1
2024,07,07134,municipality,071345002058,07134058,matched,Niederhambach,Ortsgemeinde,303,252546.20,833.49,247880.00,0.00,4666.20,STATISTIKPORTAL_INTEGRATED_2024_T1
2024,07,07134,municipality,071345002061,07134061,matched,Nohen,Ortsgemeinde,345,61426.62,178.05,54512.00,0.00,6914.62,STATISTIKPORTAL_INTEGRATED_2024_T1
2024,07,07134,municipality,071345002062,07134062,matched,Oberbrombach,Ortsgemeinde,394,230175.20,584.20,225509.00,0.00,4666.20,STATISTIKPORTAL_INTEGRATED_2024_T1
2024,07,07134,municipality,071345002063,07134063,matched,Oberhambach,Ortsgemeinde,284,9163.04,32.26,0.00,0.00,9163.04,STATISTIKPORTAL_INTEGRATED_2024_T1
2024,07,07134,municipality,071345002070,07134070,matched,Rimsberg,Ortsgemeinde,127,4666.20,36.74,0.00,0.00,4666.20,STATISTIKPORTAL_INTEGRATED_2024_T1
2024,07,07134,municipality,071345002071,07134071,matched,Rinzenberg,Ortsgemeinde,330,69794.62,211.50,62880.00,0.00,6914.62,STATISTIKPORTAL_INTEGRATED_2024_T1
2024,07,07134,municipality,071345002072,07134072,matched,Rötsweiler-Nockenthal,Ortsgemeinde,458,4666.20,10.19,0.00,0.00,4666.20,STATISTIKPORTAL_INTEGRATED_2024_T1
2024,07,07134,municipality,071345002078,07134078,matched,Schmißberg,Ortsgemeinde,201,4666.20,23.21,0.00,0.00,4666.20,STATISTIKPORTAL_INTEGRATED_2024_T1
2024,07,07134,municipality,071345002080,07134080,matched,Schwollen,Ortsgemeinde,455,9163.04,20.14,0.00,0.00,9163.04,STATISTIKPORTAL_INTEGRATED_2024_T1
2024,07,07134,municipality,071345002084,07134084,matched,Siesbach,Ortsgemeinde,347,45826.20,132.06,41160.00,0.00,4666.20,STATISTIKPORTAL_INTEGRATED_2024_T1
2024,07,07134,municipality,071345002085,07134085,matched,Sonnenberg-Winnenberg,Ortsgemeinde,443,75476.20,170.38,70810.00,0.00,4666.20,STATISTIKPORTAL_INTEGRATED_2024_T1
2024,07,07134,municipality,071345002094,07134094,matched,Wilzenberg-Hußweiler,Ortsgemeinde,299,4666.20,15.61,0.00,0.00,4666.20,STATISTIKPORTAL_INTEGRATED_2024_T1
2024,07,07134,joint_administration,071345005,,not_applicable,Verbandsgemeinde Herrstein-Rhaunen,Verbandsgemeinde,22687,52126427.39,2297.63,6538734.00,329238.00,45258455.39,STATISTIKPORTAL_INTEGRATED_2024_T1
2024,07,07134,municipality,071345005003,07134003,matched,Allenbach,Ortsgemeinde,645,267237.00,414.32,267237.00,0.00,0.00,STATISTIKPORTAL_INTEGRATED_2024_T1
2024,07,07134,municipality,071345005004,07134004,matched,Asbach,Ortsgemeinde,143,0.00,0.00,0.00,0.00,0.00,STATISTIKPORTAL_INTEGRATED_2024_T1
2024,07,07134,municipality,071345005006,07134006,matched,Bergen,Ortsgemeinde,477,0.00,0.00,0.00,0.00,0.00,STATISTIKPORTAL_INTEGRATED_2024_T1
2024,07,07134,municipality,071345005009,07134009,matched,Berschweiler bei Kirn,Ortsgemeinde,263,0.00,0.00,0.00,0.00,0.00,STATISTIKPORTAL_INTEGRATED_2024_T1
2024,07,07134,municipality,071345005012,07134012,matched,Bollenbach,Ortsgemeinde,130,0.00,0.00,0.00,0.00,0.00,STATISTIKPORTAL_INTEGRATED_2024_T1
2024,07,07134,municipality,071345005013,07134013,matched,Breitenthal,Ortsgemeinde,345,396180.00,1148.35,396180.00,0.00,0.00,STATISTIKPORTAL_INTEGRATED_2024_T1
2024,07,07134,municipality,071345005014,07134014,matched,Bruchweiler,Ortsgemeinde,538,69589.00,129.35,69589.00,0.00,0.00,STATISTIKPORTAL_INTEGRATED_2024_T1
2024,07,07134,municipality,071345005017,07134017,matched,Bundenbach,Ortsgemeinde,884,222652.00,251.87,222652.00,0.00,0.00,STATISTIKPORTAL_INTEGRATED_2024_T1
2024,07,07134,municipality,071345005019,07134019,matched,Dickesbach,Ortsgemeinde,428,231574.00,541.06,231574.00,0.00,0.00,STATISTIKPORTAL_INTEGRATED_2024_T1
2024,07,07134,municipality,071345005025,07134025,matched,Fischbach,Ortsgemeinde,882,350011.84,396.84,345515.00,0.00,4496.84,STATISTIKPORTAL_INTEGRATED_2024_T1
2024,07,07134,municipality,071345005028,07134028,matched,Gerach,Ortsgemeinde,231,0.00,0.00,0.00,0.00,0.00,STATISTIKPORTAL_INTEGRATED_2024_T1
2024,07,07134,municipality,071345005030,07134030,matched,Gösenroth,Ortsgemeinde,240,0.00,0.00,0.00,0.00,0.00,STATISTIKPORTAL_INTEGRATED_2024_T1
2024,07,07134,municipality,071345005032,07134032,matched,Griebelschied,Ortsgemeinde,174,0.00,0.00,0.00,0.00,0.00,STATISTIKPORTAL_INTEGRATED_2024_T1
2024,07,07134,municipality,071345005035,07134035,matched,Hausen,Ortsgemeinde,174,0.00,0.00,0.00,0.00,0.00,STATISTIKPORTAL_INTEGRATED_2024_T1
2024,07,07134,municipality,071345005037,07134037,matched,Hellertshausen,Ortsgemeinde,198,0.00,0.00,0.00,0.00,0.00,STATISTIKPORTAL_INTEGRATED_2024_T1
2024,07,07134,municipality,071345005038,07134038,matched,Herborn,Ortsgemeinde,511,0.00,0.00,0.00,0.00,0.00,STATISTIKPORTAL_INTEGRATED_2024_T1
2024,07,07134,municipality,071345005039,07134039,matched,Herrstein,Ortsgemeinde,797,44968.43,56.42,0.00,0.00,44968.43,STATISTIKPORTAL_INTEGRATED_2024_T1
2024,07,07134,municipality,071345005040,07134040,matched,Hettenrodt,Ortsgemeinde,652,98963.00,151.78,98963.00,0.00,0.00,STATISTIKPORTAL_INTEGRATED_2024_T1
2024,07,07134,municipality,071345005041,07134041,matched,Hintertiefenbach,Ortsgemeinde,328,65350.00,199.24,65350.00,0.00,0.00,STATISTIKPORTAL_INTEGRATED_2024_T1
2024,07,07134,municipality,071345005043,07134043,matched,Horbruch,Ortsgemeinde,370,397082.00,1073.19,397082.00,0.00,0.00,STATISTIKPORTAL_INTEGRATED_2024_T1
2024,07,07134,municipality,071345005044,07134044,matched,Hottenbach,Ortsgemeinde,551,341999.00,620.69,341999.00,0.00,0.00,STATISTIKPORTAL_INTEGRATED_2024_T1
2024,07,07134,municipality,071345005046,07134046,matched,Kempfeld,Ortsgemeinde,776,447931.00,577.23,447931.00,0.00,0.00,STATISTIKPORTAL_INTEGRATED_2024_T1
2024,07,07134,municipality,071345005047,07134047,matched,Kirschweiler,Ortsgemeinde,1067,2248.42,2.11,0.00,0.00,2248.42,STATISTIKPORTAL_INTEGRATED_2024_T1
2024,07,07134,municipality,071345005049,07134049,matched,Krummenau,Ortsgemeinde,147,144633.00,983.90,144633.00,0.00,0.00,STATISTIKPORTAL_INTEGRATED_2024_T1
2024,07,07134,municipality,071345005052,07134052,matched,Mackenrodt,Ortsgemeinde,352,0.00,0.00,0.00,0.00,0.00,STATISTIKPORTAL_INTEGRATED_2024_T1
2024,07,07134,municipality,071345005055,07134055,matched,Mittelreidenbach,Ortsgemeinde,751,131992.00,175.75,131992.00,0.00,0.00,STATISTIKPORTAL_INTEGRATED_2024_T1
2024,07,07134,municipality,071345005056,07134056,matched,Mörschied,Ortsgemeinde,739,352683.00,477.24,352683.00,0.00,0.00,STATISTIKPORTAL_INTEGRATED_2024_T1
2024,07,07134,municipality,071345005059,07134059,matched,Niederhosenbach,Ortsgemeinde,296,0.00,0.00,0.00,0.00,0.00,STATISTIKPORTAL_INTEGRATED_2024_T1
2024,07,07134,municipality,071345005060,07134060,matched,Niederwörresbach,Ortsgemeinde,842,255648.84,303.62,251152.00,0.00,4496.84,STATISTIKPORTAL_INTEGRATED_2024_T1
2024,07,07134,municipality,071345005064,07134064,matched,Oberhosenbach,Ortsgemeinde,126,24662.00,195.73,24662.00,0.00,0.00,STATISTIKPORTAL_INTEGRATED_2024_T1
2024,07,07134,municipality,071345005065,07134065,matched,Oberkirn,Ortsgemeinde,331,15684.00,47.38,15684.00,0.00,0.00,STATISTIKPORTAL_INTEGRATED_2024_T1
2024,07,07134,municipality,071345005066,07134066,matched,Oberreidenbach,Ortsgemeinde,585,6424.06,10.98,0.00,0.00,6424.06,STATISTIKPORTAL_INTEGRATED_2024_T1
2024,07,07134,municipality,071345005067,07134067,matched,Oberwörresbach,Ortsgemeinde,112,0.00,0.00,0.00,0.00,0.00,STATISTIKPORTAL_INTEGRATED_2024_T1
2024,07,07134,municipality,071345005069,07134069,matched,Rhaunen,Ortsgemeinde,2310,2856823.00,1236.72,2856823.00,0.00,0.00,STATISTIKPORTAL_INTEGRATED_2024_T1
2024,07,07134,municipality,071345005076,07134076,matched,Schauren,Ortsgemeinde,492,0.00,0.00,0.00,0.00,0.00,STATISTIKPORTAL_INTEGRATED_2024_T1
2024,07,07134,municipality,071345005077,07134077,matched,Schmidthachenbach,Ortsgemeinde,375,245720.00,655.25,245720.00,0.00,0.00,STATISTIKPORTAL_INTEGRATED_2024_T1
2024,07,07134,municipality,071345005079,07134079,matched,Schwerbach,Ortsgemeinde,56,0.00,0.00,0.00,0.00,0.00,STATISTIKPORTAL_INTEGRATED_2024_T1
2024,07,07134,municipality,071345005081,07134081,matched,Sensweiler,Ortsgemeinde,400,177287.00,443.22,177287.00,0.00,0.00,STATISTIKPORTAL_INTEGRATED_2024_T1
2024,07,07134,municipality,071345005082,07134082,matched,Sien,Ortsgemeinde,541,141127.00,260.86,141127.00,0.00,0.00,STATISTIKPORTAL_INTEGRATED_2024_T1
2024,07,07134,municipality,071345005083,07134083,matched,Sienhachenbach,Ortsgemeinde,185,0.00,0.00,0.00,0.00,0.00,STATISTIKPORTAL_INTEGRATED_2024_T1
2024,07,07134,municipality,071345005086,07134086,matched,Sonnschied,Ortsgemeinde,109,0.00,0.00,0.00,0.00,0.00,STATISTIKPORTAL_INTEGRATED_2024_T1
2024,07,07134,municipality,071345005087,07134087,matched,Stipshausen,Ortsgemeinde,816,83569.00,102.41,83569.00,0.00,0.00,STATISTIKPORTAL_INTEGRATED_2024_T1
2024,07,07134,municipality,071345005088,07134088,matched,Sulzbach,Ortsgemeinde,300,0.00,0.00,0.00,0.00,0.00,STATISTIKPORTAL_INTEGRATED_2024_T1
2024,07,07134,municipality,071345005089,07134089,matched,Veitsrodt,Ortsgemeinde,688,124384.00,180.79,124384.00,0.00,0.00,STATISTIKPORTAL_INTEGRATED_2024_T1
2024,07,07134,municipality,071345005090,07134090,matched,Vollmersbach,Ortsgemeinde,471,59929.00,127.24,59929.00,0.00,0.00,STATISTIKPORTAL_INTEGRATED_2024_T1
2024,07,07134,municipality,071345005091,07134091,matched,Weiden,Ortsgemeinde,76,0.00,0.00,0.00,0.00,0.00,STATISTIKPORTAL_INTEGRATED_2024_T1
2024,07,07134,municipality,071345005092,07134092,matched,Weitersbach,Ortsgemeinde,84,0.00,0.00,0.00,0.00,0.00,STATISTIKPORTAL_INTEGRATED_2024_T1
2024,07,07134,municipality,071345005093,07134093,matched,Wickenrodt,Ortsgemeinde,161,0.00,0.00,0.00,0.00,0.00,STATISTIKPORTAL_INTEGRATED_2024_T1
2024,07,07134,municipality,071345005095,07134095,matched,Wirschweiler,Ortsgemeinde,297,0.00,0.00,0.00,0.00,0.00,STATISTIKPORTAL_INTEGRATED_2024_T1
2024,07,07134,municipality,071345005502,07134502,matched,Langweiler,Ortsgemeinde,241,66141.00,274.44,66141.00,0.00,0.00,STATISTIKPORTAL_INTEGRATED_2024_T1
2024,07,07135,county_administration,07135,,not_applicable,Landkreis Cochem-Zell,Landkreis,61683,123354038.36,1999.81,73853130.00,1205362.53,48295545.83,STATISTIKPORTAL_INTEGRATED_2024_T1
2024,07,07135,joint_administration,071355001,,not_applicable,Verbandsgemeinde Cochem,Verbandsgemeinde,19277,23888406.75,1239.22,7438226.00,0.00,16450180.75,STATISTIKPORTAL_INTEGRATED_2024_T1
2024,07,07135,municipality,071355001007,07135007,matched,Beilstein,Ortsgemeinde,166,5479.00,33.01,5479.00,0.00,0.00,STATISTIKPORTAL_INTEGRATED_2024_T1
2024,07,07135,municipality,071355001012,07135012,matched,Bremm,Ortsgemeinde,701,282456.00,402.93,282456.00,0.00,0.00,STATISTIKPORTAL_INTEGRATED_2024_T1
2024,07,07135,municipality,071355001015,07135015,matched,Briedern,Ortsgemeinde,353,246838.50,699.26,196976.00,49862.50,0.00,STATISTIKPORTAL_INTEGRATED_2024_T1
2024,07,07135,municipality,071355001017,07135017,matched,Bruttig-Fankel,Ortsgemeinde,1117,264182.00,236.51,264182.00,0.00,0.00,STATISTIKPORTAL_INTEGRATED_2024_T1
2024,07,07135,municipality,071355001020,07135020,matched,"Cochem,St",Ortsgemeinde,5021,2094701.00,417.19,2094701.00,0.00,0.00,STATISTIKPORTAL_INTEGRATED_2024_T1
2024,07,07135,municipality,071355001021,07135021,matched,Dohr,Ortsgemeinde,622,83721.00,134.60,83721.00,0.00,0.00,STATISTIKPORTAL_INTEGRATED_2024_T1
2024,07,07135,municipality,071355001024,07135024,matched,Ediger-Eller,Ortsgemeinde,906,0.00,0.00,0.00,0.00,0.00,STATISTIKPORTAL_INTEGRATED_2024_T1
2024,07,07135,municipality,071355001025,07135025,matched,Ellenz-Poltersdorf,Ortsgemeinde,820,176688.00,215.47,176688.00,0.00,0.00,STATISTIKPORTAL_INTEGRATED_2024_T1
2024,07,07135,municipality,071355001027,07135027,matched,Ernst,Ortsgemeinde,550,201917.00,367.12,201917.00,0.00,0.00,STATISTIKPORTAL_INTEGRATED_2024_T1
2024,07,07135,municipality,071355001029,07135029,matched,Faid,Ortsgemeinde,1028,733649.00,713.67,733649.00,0.00,0.00,STATISTIKPORTAL_INTEGRATED_2024_T1
2024,07,07135,municipality,071355001036,07135036,matched,Greimersburg,Ortsgemeinde,711,302441.00,425.37,302441.00,0.00,0.00,STATISTIKPORTAL_INTEGRATED_2024_T1
2024,07,07135,municipality,071355001049,07135049,matched,Klotten,Ortsgemeinde,1212,877900.00,724.34,877900.00,0.00,0.00,STATISTIKPORTAL_INTEGRATED_2024_T1
2024,07,07135,municipality,071355001053,07135053,matched,Lieg,Ortsgemeinde,376,0.00,0.00,0.00,0.00,0.00,STATISTIKPORTAL_INTEGRATED_2024_T1
2024,07,07135,municipality,071355001056,07135056,matched,Lütz,Ortsgemeinde,273,258916.87,948.41,40354.00,218562.87,0.00,STATISTIKPORTAL_INTEGRATED_2024_T1
2024,07,07135,municipality,071355001060,07135060,matched,Mesenich,Ortsgemeinde,298,415616.50,1394.69,365754.00,49862.50,0.00,STATISTIKPORTAL_INTEGRATED_2024_T1
2024,07,07135,municipality,071355001065,07135065,matched,Moselkern,Ortsgemeinde,586,341969.50,583.57,182125.00,159844.50,0.00,STATISTIKPORTAL_INTEGRATED_2024_T1
2024,07,07135,municipality,071355001066,07135066,matched,Müden (Mosel),Ortsgemeinde,644,212742.50,330.35,52898.00,159844.50,0.00,STATISTIKPORTAL_INTEGRATED_2024_T1
2024,07,07135,municipality,071355001069,07135069,matched,Nehren,Ortsgemeinde,113,24931.25,220.63,0.00,24931.25,0.00,STATISTIKPORTAL_INTEGRATED_2024_T1
2024,07,07135,municipality,071355001072,07135072,matched,Pommern,Ortsgemeinde,418,572987.87,1370.78,354425.00,218562.87,0.00,STATISTIKPORTAL_INTEGRATED_2024_T1
2024,07,07135,municipality,071355001079,07135079,matched,Senheim,Ortsgemeinde,560,133574.75,238.53,58781.00,74793.75,0.00,STATISTIKPORTAL_INTEGRATED_2024_T1
2024,07,07135,municipality,071355001082,07135082,matched,Treis-Karden,Ortsgemeinde,2131,931056.50,436.91,275381.00,655675.50,0.00,STATISTIKPORTAL_INTEGRATED_2024_T1
2024,07,07135,municipality,071355001086,07135086,matched,Valwig,Ortsgemeinde,438,119277.00,272.32,119277.00,0.00,0.00,STATISTIKPORTAL_INTEGRATED_2024_T1
2024,07,07135,municipality,071355001090,07135090,matched,Wirfus,Ortsgemeinde,233,6607.00,28.36,6607.00,0.00,0.00,STATISTIKPORTAL_INTEGRATED_2024_T1
2024,07,07135,joint_administration,071355002,,not_applicable,Verbandsgemeinde Kaisersesch,Verbandsgemeinde,15859,27550921.75,1737.24,6119303.00,0.00,21431618.75,STATISTIKPORTAL_INTEGRATED_2024_T1
2024,07,07135,municipality,071355002009,07135009,matched,Binningen,Ortsgemeinde,696,1349020.31,1938.25,1315065.00,33955.31,0.00,STATISTIKPORTAL_INTEGRATED_2024_T1
2024,07,07135,municipality,071355002011,07135011,matched,Brachtendorf,Ortsgemeinde,246,179189.00,728.41,179189.00,0.00,0.00,STATISTIKPORTAL_INTEGRATED_2024_T1
2024,07,07135,municipality,071355002014,07135014,matched,Brieden,Ortsgemeinde,156,363049.76,2327.24,144500.00,218549.76,0.00,STATISTIKPORTAL_INTEGRATED_2024_T1
2024,07,07135,municipality,071355002016,07135016,matched,Brohl,Ortsgemeinde,351,33955.31,96.74,0.00,33955.31,0.00,STATISTIKPORTAL_INTEGRATED_2024_T1
2024,07,07135,municipality,071355002022,07135022,matched,Dünfus,Ortsgemeinde,291,167569.35,575.84,133612.00,33957.35,0.00,STATISTIKPORTAL_INTEGRATED_2024_T1
2024,07,07135,municipality,071355002023,07135023,matched,Düngenheim,Ortsgemeinde,1310,1478125.00,1128.34,1478125.00,0.00,0.00,STATISTIKPORTAL_INTEGRATED_2024_T1
2024,07,07135,municipality,071355002026,07135026,matched,Eppenberg,Ortsgemeinde,236,62026.00,262.82,62026.00,0.00,0.00,STATISTIKPORTAL_INTEGRATED_2024_T1
2024,07,07135,municipality,071355002028,07135028,matched,Eulgem,Ortsgemeinde,185,0.00,0.00,0.00,0.00,0.00,STATISTIKPORTAL_INTEGRATED_2024_T1
2024,07,07135,municipality,071355002031,07135031,matched,Forst (Eifel),Ortsgemeinde,385,113205.35,294.04,79248.00,33957.35,0.00,STATISTIKPORTAL_INTEGRATED_2024_T1
2024,07,07135,municipality,071355002033,07135033,matched,Gamlen,Ortsgemeinde,554,0.00,0.00,0.00,0.00,0.00,STATISTIKPORTAL_INTEGRATED_2024_T1
2024,07,07135,municipality,071355002038,07135038,matched,Hambuch,Ortsgemeinde,724,887927.00,1226.42,887927.00,0.00,0.00,STATISTIKPORTAL_INTEGRATED_2024_T1
2024,07,07135,municipality,071355002040,07135040,matched,Hauroth,Ortsgemeinde,335,6561.00,19.59,6561.00,0.00,0.00,STATISTIKPORTAL_INTEGRATED_2024_T1
2024,07,07135,municipality,071355002042,07135042,matched,Illerich,Ortsgemeinde,821,24000.00,29.23,24000.00,0.00,0.00,STATISTIKPORTAL_INTEGRATED_2024_T1
2024,07,07135,municipality,071355002043,07135043,matched,Kaifenheim,Ortsgemeinde,794,422495.00,532.11,422495.00,0.00,0.00,STATISTIKPORTAL_INTEGRATED_2024_T1
2024,07,07135,municipality,071355002044,07135044,matched,Kail,Ortsgemeinde,289,58243.00,201.53,58243.00,0.00,0.00,STATISTIKPORTAL_INTEGRATED_2024_T1
2024,07,07135,municipality,071355002045,07135045,matched,"Kaisersesch,St",Ortsgemeinde,3227,3312000.00,1026.34,3312000.00,0.00,0.00,STATISTIKPORTAL_INTEGRATED_2024_T1
2024,07,07135,municipality,071355002046,07135046,matched,Kalenborn,Ortsgemeinde,240,72859.00,303.58,72859.00,0.00,0.00,STATISTIKPORTAL_INTEGRATED_2024_T1
2024,07,07135,municipality,071355002051,07135051,matched,Landkern,Ortsgemeinde,918,0.00,0.00,0.00,0.00,0.00,STATISTIKPORTAL_INTEGRATED_2024_T1
2024,07,07135,municipality,071355002052,07135052,matched,Laubach,Ortsgemeinde,655,117027.00,178.67,117027.00,0.00,0.00,STATISTIKPORTAL_INTEGRATED_2024_T1
2024,07,07135,municipality,071355002058,07135058,matched,Masburg,Ortsgemeinde,1065,254085.00,238.58,254085.00,0.00,0.00,STATISTIKPORTAL_INTEGRATED_2024_T1
2024,07,07135,municipality,071355002062,07135062,matched,Möntenich,Ortsgemeinde,112,79910.35,713.49,45953.00,33957.35,0.00,STATISTIKPORTAL_INTEGRATED_2024_T1
2024,07,07135,municipality,071355002067,07135067,matched,Müllenbach,Ortsgemeinde,670,356459.00,532.03,356459.00,0.00,0.00,STATISTIKPORTAL_INTEGRATED_2024_T1
2024,07,07135,municipality,071355002075,07135075,matched,Roes,Ortsgemeinde,493,171219.35,347.30,137262.00,33957.35,0.00,STATISTIKPORTAL_INTEGRATED_2024_T1
2024,07,07135,municipality,071355002084,07135084,matched,Urmersbach,Ortsgemeinde,464,0.00,0.00,0.00,0.00,0.00,STATISTIKPORTAL_INTEGRATED_2024_T1
2024,07,07135,municipality,071355002093,07135093,matched,Zettingen,Ortsgemeinde,271,328099.00,1210.70,328099.00,0.00,0.00,STATISTIKPORTAL_INTEGRATED_2024_T1
2024,07,07135,municipality,071355002502,07135502,matched,Leienkaul,Ortsgemeinde,371,678950.00,1830.05,678950.00,0.00,0.00,STATISTIKPORTAL_INTEGRATED_2024_T1
2024,07,07135,joint_administration,071355003,,not_applicable,Verbandsgemeinde Ulmen,Verbandsgemeinde,11183,13038223.82,1165.90,4108915.00,87265.10,8842043.72,STATISTIKPORTAL_INTEGRATED_2024_T1
2024,07,07135,municipality,071355003002,07135002,matched,Alflen,Ortsgemeinde,806,753284.02,934.60,726312.00,16564.95,10407.07,STATISTIKPORTAL_INTEGRATED_2024_T1
2024,07,07135,municipality,071355003005,07135005,matched,Auderath,Ortsgemeinde,653,318992.02,488.50,292020.00,16564.95,10407.07,STATISTIKPORTAL_INTEGRATED_2024_T1
2024,07,07135,municipality,071355003008,07135008,matched,Beuren,Ortsgemeinde,434,26972.02,62.15,0.00,16564.95,10407.07,STATISTIKPORTAL_INTEGRATED_2024_T1
2024,07,07135,municipality,071355003018,07135018,matched,Büchel,Ortsgemeinde,1241,10192694.02,8213.29,10165722.00,16564.95,10407.07,STATISTIKPORTAL_INTEGRATED_2024_T1
2024,07,07135,municipality,071355003030,07135030,matched,Filz,Ortsgemeinde,80,88299.90,1103.75,0.00,77892.83,10407.07,STATISTIKPORTAL_INTEGRATED_2024_T1
2024,07,07135,municipality,071355003034,07135034,matched,Gevenich,Ortsgemeinde,707,29222.02,41.33,2250.00,16564.95,10407.07,STATISTIKPORTAL_INTEGRATED_2024_T1
2024,07,07135,municipality,071355003035,07135035,matched,Gillenbeuren,Ortsgemeinde,256,88299.90,344.92,0.00,77892.83,10407.07,STATISTIKPORTAL_INTEGRATED_2024_T1
2024,07,07135,municipality,071355003048,07135048,matched,Kliding,Ortsgemeinde,216,36132.02,167.28,9160.00,16564.95,10407.07,STATISTIKPORTAL_INTEGRATED_2024_T1
2024,07,07135,municipality,071355003057,07135057,matched,Lutzerath,Ortsgemeinde,1488,1948005.58,1309.14,1859702.00,77896.51,10407.07,STATISTIKPORTAL_INTEGRATED_2024_T1
2024,07,07135,municipality,071355003078,07135078,matched,Schmitt,Ortsgemeinde,123,140131.58,1139.28,51828.00,77896.51,10407.07,STATISTIKPORTAL_INTEGRATED_2024_T1
2024,07,07135,municipality,071355003083,07135083,matched,"Ulmen,St",Ortsgemeinde,3430,3329105.02,970.58,3302133.00,16564.95,10407.07,STATISTIKPORTAL_INTEGRATED_2024_T1
2024,07,07135,municipality,071355003085,07135085,matched,Urschmitt,Ortsgemeinde,207,97475.02,470.89,70503.00,16564.95,10407.07,STATISTIKPORTAL_INTEGRATED_2024_T1
2024,07,07135,municipality,071355003087,07135087,matched,Wagenhausen,Ortsgemeinde,63,95661.58,1518.44,7358.00,77896.51,10407.07,STATISTIKPORTAL_INTEGRATED_2024_T1
2024,07,07135,municipality,071355003089,07135089,matched,Weiler,Ortsgemeinde,265,26972.02,101.78,0.00,16564.95,10407.07,STATISTIKPORTAL_INTEGRATED_2024_T1
2024,07,07135,municipality,071355003091,07135091,matched,Wollmerath,Ortsgemeinde,198,173788.25,877.72,85496.00,77889.55,10402.70,STATISTIKPORTAL_INTEGRATED_2024_T1
2024,07,07135,municipality,071355003501,07135501,matched,Bad Bertrich,Ortsgemeinde,1016,3252737.02,3201.51,3225765.00,16564.95,10407.07,STATISTIKPORTAL_INTEGRATED_2024_T1
2024,07,07135,joint_administration,071355005,,not_applicable,Verbandsgemeinde Zell (Mosel),Verbandsgemeinde,15364,44986117.75,2928.02,14901607.00,0.00,30084510.75,STATISTIKPORTAL_INTEGRATED_2024_T1
2024,07,07135,municipality,071355005001,07135001,matched,Alf,Ortsgemeinde,829,222069.00,267.88,222069.00,0.00,0.00,STATISTIKPORTAL_INTEGRATED_2024_T1
2024,07,07135,municipality,071355005003,07135003,matched,Altlay,Ortsgemeinde,442,151250.00,342.19,151250.00,0.00,0.00,STATISTIKPORTAL_INTEGRATED_2024_T1
2024,07,07135,municipality,071355005004,07135004,matched,Altstrimmig,Ortsgemeinde,332,0.00,0.00,0.00,0.00,0.00,STATISTIKPORTAL_INTEGRATED_2024_T1
2024,07,07135,municipality,071355005010,07135010,matched,Blankenrath,Ortsgemeinde,1667,1311313.00,786.63,1311313.00,0.00,0.00,STATISTIKPORTAL_INTEGRATED_2024_T1
2024,07,07135,municipality,071355005013,07135013,matched,Briedel,Ortsgemeinde,869,415753.00,478.43,415753.00,0.00,0.00,STATISTIKPORTAL_INTEGRATED_2024_T1
2024,07,07135,municipality,071355005019,07135019,matched,Bullay,Ortsgemeinde,1649,653886.00,396.53,653886.00,0.00,0.00,STATISTIKPORTAL_INTEGRATED_2024_T1
2024,07,07135,municipality,071355005032,07135032,matched,Forst (Hunsrück),Ortsgemeinde,64,0.00,0.00,0.00,0.00,0.00,STATISTIKPORTAL_INTEGRATED_2024_T1
2024,07,07135,municipality,071355005037,07135037,matched,Grenderich,Ortsgemeinde,392,0.00,0.00,0.00,0.00,0.00,STATISTIKPORTAL_INTEGRATED_2024_T1
2024,07,07135,municipality,071355005039,07135039,matched,Haserich,Ortsgemeinde,221,0.00,0.00,0.00,0.00,0.00,STATISTIKPORTAL_INTEGRATED_2024_T1
2024,07,07135,municipality,071355005041,07135041,matched,Hesweiler,Ortsgemeinde,119,0.00,0.00,0.00,0.00,0.00,STATISTIKPORTAL_INTEGRATED_2024_T1
2024,07,07135,municipality,071355005054,07135054,matched,Liesenich,Ortsgemeinde,295,0.00,0.00,0.00,0.00,0.00,STATISTIKPORTAL_INTEGRATED_2024_T1
2024,07,07135,municipality,071355005061,07135061,matched,Mittelstrimmig,Ortsgemeinde,398,0.00,0.00,0.00,0.00,0.00,STATISTIKPORTAL_INTEGRATED_2024_T1
2024,07,07135,municipality,071355005064,07135064,matched,Moritzheim,Ortsgemeinde,129,119017.00,922.61,119017.00,0.00,0.00,STATISTIKPORTAL_INTEGRATED_2024_T1
2024,07,07135,municipality,071355005068,07135068,matched,Neef,Ortsgemeinde,412,367844.00,892.83,367844.00,0.00,0.00,STATISTIKPORTAL_INTEGRATED_2024_T1
2024,07,07135,municipality,071355005070,07135070,matched,Panzweiler,Ortsgemeinde,256,0.00,0.00,0.00,0.00,0.00,STATISTIKPORTAL_INTEGRATED_2024_T1
2024,07,07135,municipality,071355005071,07135071,matched,Peterswald-Löffelsch.,Ortsgemeinde,731,0.00,0.00,0.00,0.00,0.00,STATISTIKPORTAL_INTEGRATED_2024_T1
2024,07,07135,municipality,071355005073,07135073,matched,Pünderich,Ortsgemeinde,836,213300.00,255.14,213300.00,0.00,0.00,STATISTIKPORTAL_INTEGRATED_2024_T1
2024,07,07135,municipality,071355005074,07135074,matched,Reidenhausen,Ortsgemeinde,181,0.00,0.00,0.00,0.00,0.00,STATISTIKPORTAL_INTEGRATED_2024_T1
2024,07,07135,municipality,071355005076,07135076,matched,Sankt Aldegund,Ortsgemeinde,506,0.00,0.00,0.00,0.00,0.00,STATISTIKPORTAL_INTEGRATED_2024_T1
2024,07,07135,municipality,071355005077,07135077,matched,Schauren,Ortsgemeinde,420,0.00,0.00,0.00,0.00,0.00,STATISTIKPORTAL_INTEGRATED_2024_T1
2024,07,07135,municipality,071355005080,07135080,matched,Sosberg,Ortsgemeinde,146,0.00,0.00,0.00,0.00,0.00,STATISTIKPORTAL_INTEGRATED_2024_T1
2024,07,07135,municipality,071355005081,07135081,matched,Tellig,Ortsgemeinde,305,109443.00,358.83,109443.00,0.00,0.00,STATISTIKPORTAL_INTEGRATED_2024_T1
2024,07,07135,municipality,071355005088,07135088,matched,Walhausen,Ortsgemeinde,215,0.00,0.00,0.00,0.00,0.00,STATISTIKPORTAL_INTEGRATED_2024_T1
2024,07,07135,municipality,071355005092,07135092,matched,"Zell (Mosel),St",Ortsgemeinde,3950,3940353.00,997.56,3940353.00,0.00,0.00,STATISTIKPORTAL_INTEGRATED_2024_T1
2024,07,07137,county_administration,07137,,not_applicable,Landkreis Mayen-Koblenz,Landkreis,216824,240575639.31,1109.54,143343782.00,1079536.25,96152321.06,STATISTIKPORTAL_INTEGRATED_2024_T1
2024,07,07137,municipality,071370003003,07137003,matched,"Andernach,St",verbandsfreie Gemeinde,30066,57679796.41,1918.44,32396469.00,43970.09,25239357.32,STATISTIKPORTAL_INTEGRATED_2024_T1
2024,07,07137,municipality,071370068068,07137068,matched,"Mayen,St",verbandsfreie Gemeinde,19616,92756106.20,4728.59,71026683.00,45535.15,21683888.05,STATISTIKPORTAL_INTEGRATED_2024_T1
2024,07,07137,municipality,071370203203,07137203,matched,"Bendorf,St",verbandsfreie Gemeinde,17623,39053494.71,2216.05,25892997.00,2435274.00,10725223.71,STATISTIKPORTAL_INTEGRATED_2024_T1
2024,07,07137,joint_administration,071375001,,not_applicable,Verbandsgemeinde Pellenz,Verbandsgemeinde,17309,16295807.28,941.46,8809053.00,2135.38,7484618.90,STATISTIKPORTAL_INTEGRATED_2024_T1
2024,07,07137,municipality,071375001056,07137056,matched,Kretz,Ortsgemeinde,734,530387.00,722.60,530387.00,0.00,0.00,STATISTIKPORTAL_INTEGRATED_2024_T1
2024,07,07137,municipality,071375001057,07137057,matched,Kruft,Ortsgemeinde,4772,8897037.00,1864.43,8897037.00,0.00,0.00,STATISTIKPORTAL_INTEGRATED_2024_T1
2024,07,07137,municipality,071375001081,07137081,matched,Nickenich,Ortsgemeinde,3675,3347365.00,910.85,3347365.00,0.00,0.00,STATISTIKPORTAL_INTEGRATED_2024_T1
2024,07,07137,municipality,071375001088,07137088,matched,Plaidt,Ortsgemeinde,5982,11776879.00,1968.72,11776879.00,0.00,0.00,STATISTIKPORTAL_INTEGRATED_2024_T1
2024,07,07137,municipality,071375001096,07137096,matched,Saffig,Ortsgemeinde,2146,1223088.00,569.94,1223088.00,0.00,0.00,STATISTIKPORTAL_INTEGRATED_2024_T1
2024,07,07137,joint_administration,071375002,,not_applicable,Verbandsgemeinde Maifeld,Verbandsgemeinde,24561,45328909.73,1845.56,24277606.00,0.00,21051303.73,STATISTIKPORTAL_INTEGRATED_2024_T1
2024,07,07137,municipality,071375002023,07137023,matched,Einig,Ortsgemeinde,146,15827.00,108.40,15827.00,0.00,0.00,STATISTIKPORTAL_INTEGRATED_2024_T1
2024,07,07137,municipality,071375002027,07137027,matched,Gappenach,Ortsgemeinde,345,107767.00,312.37,107767.00,0.00,0.00,STATISTIKPORTAL_INTEGRATED_2024_T1
2024,07,07137,municipality,071375002029,07137029,matched,Gering,Ortsgemeinde,417,0.00,0.00,0.00,0.00,0.00,STATISTIKPORTAL_INTEGRATED_2024_T1
2024,07,07137,municipality,071375002030,07137030,matched,Gierschnach,Ortsgemeinde,276,0.00,0.00,0.00,0.00,0.00,STATISTIKPORTAL_INTEGRATED_2024_T1
2024,07,07137,municipality,071375002041,07137041,matched,Kalt,Ortsgemeinde,447,0.00,0.00,0.00,0.00,0.00,STATISTIKPORTAL_INTEGRATED_2024_T1
2024,07,07137,municipality,071375002048,07137048,matched,Kerben,Ortsgemeinde,519,0.00,0.00,0.00,0.00,0.00,STATISTIKPORTAL_INTEGRATED_2024_T1
2024,07,07137,municipality,071375002053,07137053,matched,Kollig,Ortsgemeinde,618,0.00,0.00,0.00,0.00,0.00,STATISTIKPORTAL_INTEGRATED_2024_T1
2024,07,07137,municipality,071375002065,07137065,matched,Lonnig,Ortsgemeinde,1233,93624.00,75.93,93624.00,0.00,0.00,STATISTIKPORTAL_INTEGRATED_2024_T1
2024,07,07137,municipality,071375002070,07137070,matched,Mertloch,Ortsgemeinde,1335,89085.00,66.73,89085.00,0.00,0.00,STATISTIKPORTAL_INTEGRATED_2024_T1
2024,07,07137,municipality,071375002080,07137080,matched,Naunheim,Ortsgemeinde,466,688626.00,1477.74,688626.00,0.00,0.00,STATISTIKPORTAL_INTEGRATED_2024_T1
2024,07,07137,municipality,071375002086,07137086,matched,Ochtendung,Ortsgemeinde,5402,11776037.48,2179.94,10475824.00,1300213.48,0.00,STATISTIKPORTAL_INTEGRATED_2024_T1
2024,07,07137,municipality,071375002087,07137087,matched,Pillig,Ortsgemeinde,499,0.00,0.00,0.00,0.00,0.00,STATISTIKPORTAL_INTEGRATED_2024_T1
2024,07,07137,municipality,071375002089,07137089,matched,"Polch,St",Ortsgemeinde,6642,22337978.00,3363.14,22337978.00,0.00,0.00,STATISTIKPORTAL_INTEGRATED_2024_T1
2024,07,07137,municipality,071375002095,07137095,matched,Rüber,Ortsgemeinde,877,1123960.00,1281.60,1123960.00,0.00,0.00,STATISTIKPORTAL_INTEGRATED_2024_T1
2024,07,07137,municipality,071375002102,07137102,matched,Trimbs,Ortsgemeinde,617,541768.00,878.07,541768.00,0.00,0.00,STATISTIKPORTAL_INTEGRATED_2024_T1
2024,07,07137,municipality,071375002112,07137112,matched,Welling,Ortsgemeinde,948,2482342.00,2618.50,2482342.00,0.00,0.00,STATISTIKPORTAL_INTEGRATED_2024_T1
2024,07,07137,municipality,071375002114,07137114,matched,Wierschem,Ortsgemeinde,349,119889.00,343.52,119889.00,0.00,0.00,STATISTIKPORTAL_INTEGRATED_2024_T1
2024,07,07137,municipality,071375002501,07137501,matched,"Münstermaifeld,St",Ortsgemeinde,3425,7508759.00,2192.34,7508759.00,0.00,0.00,STATISTIKPORTAL_INTEGRATED_2024_T1
2024,07,07137,joint_administration,071375003,,not_applicable,Verbandsgemeinde Vordereifel,Verbandsgemeinde,16463,41536651.39,2523.03,1698859.00,0.00,39837792.39,STATISTIKPORTAL_INTEGRATED_2024_T1
2024,07,07137,municipality,071375003001,07137001,matched,Acht,Ortsgemeinde,81,55721.00,687.91,55721.00,0.00,0.00,STATISTIKPORTAL_INTEGRATED_2024_T1
2024,07,07137,municipality,071375003004,07137004,matched,Anschau,Ortsgemeinde,287,551389.00,1921.22,551389.00,0.00,0.00,STATISTIKPORTAL_INTEGRATED_2024_T1
2024,07,07137,municipality,071375003006,07137006,matched,Arft,Ortsgemeinde,242,0.00,0.00,0.00,0.00,0.00,STATISTIKPORTAL_INTEGRATED_2024_T1
2024,07,07137,municipality,071375003007,07137007,matched,Baar,Ortsgemeinde,729,138151.00,189.51,138151.00,0.00,0.00,STATISTIKPORTAL_INTEGRATED_2024_T1
2024,07,07137,municipality,071375003011,07137011,matched,Bermel,Ortsgemeinde,359,0.00,0.00,0.00,0.00,0.00,STATISTIKPORTAL_INTEGRATED_2024_T1
2024,07,07137,municipality,071375003014,07137014,matched,Boos,Ortsgemeinde,602,183477.48,304.78,183264.00,213.48,0.00,STATISTIKPORTAL_INTEGRATED_2024_T1
2024,07,07137,municipality,071375003019,07137019,matched,Ditscheid,Ortsgemeinde,255,305518.00,1198.11,305518.00,0.00,0.00,STATISTIKPORTAL_INTEGRATED_2024_T1
2024,07,07137,municipality,071375003025,07137025,matched,Ettringen,Ortsgemeinde,2861,4024001.32,1406.50,4023681.00,320.32,0.00,STATISTIKPORTAL_INTEGRATED_2024_T1
2024,07,07137,municipality,071375003034,07137034,matched,Hausten,Ortsgemeinde,378,0.00,0.00,0.00,0.00,0.00,STATISTIKPORTAL_INTEGRATED_2024_T1
2024,07,07137,municipality,071375003035,07137035,matched,Herresbach,Ortsgemeinde,483,360367.00,746.10,360367.00,0.00,0.00,STATISTIKPORTAL_INTEGRATED_2024_T1
2024,07,07137,municipality,071375003036,07137036,matched,Hirten,Ortsgemeinde,254,149005.00,586.63,149005.00,0.00,0.00,STATISTIKPORTAL_INTEGRATED_2024_T1
2024,07,07137,municipality,071375003043,07137043,matched,Kehrig,Ortsgemeinde,1259,762809.00,605.88,762809.00,0.00,0.00,STATISTIKPORTAL_INTEGRATED_2024_T1
2024,07,07137,municipality,071375003049,07137049,matched,Kirchwald,Ortsgemeinde,987,935067.00,947.38,935067.00,0.00,0.00,STATISTIKPORTAL_INTEGRATED_2024_T1
2024,07,07137,municipality,071375003055,07137055,matched,Kottenheim,Ortsgemeinde,2526,1455899.32,576.37,1455579.00,320.32,0.00,STATISTIKPORTAL_INTEGRATED_2024_T1
2024,07,07137,municipality,071375003060,07137060,matched,Langenfeld,Ortsgemeinde,672,271926.43,404.65,270752.00,1174.43,0.00,STATISTIKPORTAL_INTEGRATED_2024_T1
2024,07,07137,municipality,071375003061,07137061,matched,Langscheid,Ortsgemeinde,85,0.00,0.00,0.00,0.00,0.00,STATISTIKPORTAL_INTEGRATED_2024_T1
2024,07,07137,municipality,071375003063,07137063,matched,Lind,Ortsgemeinde,56,19211.00,343.05,19211.00,0.00,0.00,STATISTIKPORTAL_INTEGRATED_2024_T1
2024,07,07137,municipality,071375003066,07137066,matched,Luxem,Ortsgemeinde,329,176687.00,537.04,176687.00,0.00,0.00,STATISTIKPORTAL_INTEGRATED_2024_T1
2024,07,07137,municipality,071375003074,07137074,matched,Monreal,Ortsgemeinde,758,409437.00,540.15,409437.00,0.00,0.00,STATISTIKPORTAL_INTEGRATED_2024_T1
2024,07,07137,municipality,071375003077,07137077,matched,Münk,Ortsgemeinde,262,0.00,0.00,0.00,0.00,0.00,STATISTIKPORTAL_INTEGRATED_2024_T1
2024,07,07137,municipality,071375003079,07137079,matched,Nachtsheim,Ortsgemeinde,557,0.00,0.00,0.00,0.00,0.00,STATISTIKPORTAL_INTEGRATED_2024_T1
2024,07,07137,municipality,071375003092,07137092,matched,Reudelsterz,Ortsgemeinde,373,0.00,0.00,0.00,0.00,0.00,STATISTIKPORTAL_INTEGRATED_2024_T1
2024,07,07137,municipality,071375003097,07137097,matched,Sankt Johann,Ortsgemeinde,941,1820378.84,1934.52,1006086.00,106.84,814186.00,STATISTIKPORTAL_INTEGRATED_2024_T1
2024,07,07137,municipality,071375003099,07137099,matched,Siebenbach,Ortsgemeinde,191,0.00,0.00,0.00,0.00,0.00,STATISTIKPORTAL_INTEGRATED_2024_T1
2024,07,07137,municipality,071375003105,07137105,matched,Virneburg,Ortsgemeinde,376,230845.00,613.95,230845.00,0.00,0.00,STATISTIKPORTAL_INTEGRATED_2024_T1
2024,07,07137,municipality,071375003110,07137110,matched,Weiler,Ortsgemeinde,512,0.00,0.00,0.00,0.00,0.00,STATISTIKPORTAL_INTEGRATED_2024_T1
2024,07,07137,municipality,071375003113,07137113,matched,Welschenbach,Ortsgemeinde,48,0.00,0.00,0.00,0.00,0.00,STATISTIKPORTAL_INTEGRATED_2024_T1
2024,07,07137,joint_administration,071375004,,not_applicable,Verbandsgemeinde Mendig,Verbandsgemeinde,13688,13918634.59,1016.85,3019101.00,0.00,10899533.59,STATISTIKPORTAL_INTEGRATED_2024_T1
2024,07,07137,municipality,071375004008,07137008,matched,Bell,Ortsgemeinde,1310,965039.00,736.67,965039.00,0.00,0.00,STATISTIKPORTAL_INTEGRATED_2024_T1
2024,07,07137,municipality,071375004069,07137069,matched,"Mendig,St",Ortsgemeinde,9058,15470351.27,1707.92,15469070.00,1281.27,0.00,STATISTIKPORTAL_INTEGRATED_2024_T1
2024,07,07137,municipality,071375004093,07137093,matched,Rieden,Ortsgemeinde,1203,1268140.00,1054.15,1268140.00,0.00,0.00,STATISTIKPORTAL_INTEGRATED_2024_T1
2024,07,07137,municipality,071375004101,07137101,matched,Thür,Ortsgemeinde,1559,1807631.00,1159.48,1807631.00,0.00,0.00,STATISTIKPORTAL_INTEGRATED_2024_T1
2024,07,07137,municipality,071375004106,07137106,matched,Volkesfeld,Ortsgemeinde,558,378651.00,678.59,378651.00,0.00,0.00,STATISTIKPORTAL_INTEGRATED_2024_T1
2024,07,07137,joint_administration,071375007,,not_applicable,Verbandsgemeinde Vallendar,Verbandsgemeinde,15737,25290831.07,1607.09,17652536.00,0.00,7638295.07,STATISTIKPORTAL_INTEGRATED_2024_T1
2024,07,07137,municipality,071375007218,07137218,matched,Niederwerth,Ortsgemeinde,1252,637927.00,509.53,637927.00,0.00,0.00,STATISTIKPORTAL_INTEGRATED_2024_T1
2024,07,07137,municipality,071375007224,07137224,matched,Urbar,Ortsgemeinde,3171,4965441.00,1565.89,4965441.00,0.00,0.00,STATISTIKPORTAL_INTEGRATED_2024_T1
2024,07,07137,municipality,071375007226,07137226,matched,"Vallendar,St",Ortsgemeinde,8856,11980557.00,1352.82,11980557.00,0.00,0.00,STATISTIKPORTAL_INTEGRATED_2024_T1
2024,07,07137,municipality,071375007229,07137229,matched,Weitersburg,Ortsgemeinde,2458,2378988.00,967.86,2378988.00,0.00,0.00,STATISTIKPORTAL_INTEGRATED_2024_T1
2024,07,07137,joint_administration,071375008,,not_applicable,Verbandsgemeinde Weißenthurm,Verbandsgemeinde,34874,25734385.98,737.92,16242942.00,6659.36,9484784.62,STATISTIKPORTAL_INTEGRATED_2024_T1
2024,07,07137,municipality,071375008202,07137202,matched,Bassenheim,Ortsgemeinde,3004,66865.48,22.26,2852.00,213.48,63800.00,STATISTIKPORTAL_INTEGRATED_2024_T1
2024,07,07137,municipality,071375008209,07137209,matched,Kaltenengers,Ortsgemeinde,2225,954693.00,429.08,954693.00,0.00,0.00,STATISTIKPORTAL_INTEGRATED_2024_T1
2024,07,07137,municipality,071375008211,07137211,matched,Kettig,Ortsgemeinde,3490,1903386.00,545.38,1903386.00,0.00,0.00,STATISTIKPORTAL_INTEGRATED_2024_T1
2024,07,07137,municipality,071375008216,07137216,matched,"Mülheim-Kärlich,St",Ortsgemeinde,11127,8583314.40,771.40,7891592.00,11099.72,680622.68,STATISTIKPORTAL_INTEGRATED_2024_T1
2024,07,07137,municipality,071375008222,07137222,matched,Sankt Sebastian,Ortsgemeinde,2671,74400.00,27.85,74400.00,0.00,0.00,STATISTIKPORTAL_INTEGRATED_2024_T1
2024,07,07137,municipality,071375008225,07137225,matched,Urmitz,Ortsgemeinde,3369,0.00,0.00,0.00,0.00,0.00,STATISTIKPORTAL_INTEGRATED_2024_T1
2024,07,07137,municipality,071375008228,07137228,matched,"Weißenthurm,St",Ortsgemeinde,8988,3941911.00,438.57,3941911.00,0.00,0.00,STATISTIKPORTAL_INTEGRATED_2024_T1
2024,07,07137,joint_administration,071375009,,not_applicable,Verbandsgemeinde Rhein-Mosel,Verbandsgemeinde,26887,37042395.91,1377.71,8082345.00,15460.44,28944590.47,STATISTIKPORTAL_INTEGRATED_2024_T1
2024,07,07137,municipality,071375009201,07137201,matched,Alken,Ortsgemeinde,685,627224.00,915.66,627224.00,0.00,0.00,STATISTIKPORTAL_INTEGRATED_2024_T1
2024,07,07137,municipality,071375009204,07137204,matched,Brey,Ortsgemeinde,1482,1533331.48,1034.64,1528178.00,5153.48,0.00,STATISTIKPORTAL_INTEGRATED_2024_T1
2024,07,07137,municipality,071375009205,07137205,matched,Brodenbach,Ortsgemeinde,719,463491.00,644.63,463491.00,0.00,0.00,STATISTIKPORTAL_INTEGRATED_2024_T1
2024,07,07137,municipality,071375009206,07137206,matched,Burgen,Ortsgemeinde,756,692581.00,916.11,692581.00,0.00,0.00,STATISTIKPORTAL_INTEGRATED_2024_T1
2024,07,07137,municipality,071375009207,07137207,matched,Dieblich,Ortsgemeinde,2592,0.00,0.00,0.00,0.00,0.00,STATISTIKPORTAL_INTEGRATED_2024_T1
2024,07,07137,municipality,071375009208,07137208,matched,Hatzenport,Ortsgemeinde,598,412596.00,689.96,412596.00,0.00,0.00,STATISTIKPORTAL_INTEGRATED_2024_T1
2024,07,07137,municipality,071375009212,07137212,matched,Kobern-Gondorf,Ortsgemeinde,3001,1101581.00,367.07,1037781.00,0.00,63800.00,STATISTIKPORTAL_INTEGRATED_2024_T1
2024,07,07137,municipality,071375009214,07137214,matched,Löf,Ortsgemeinde,1451,122874.00,84.68,122874.00,0.00,0.00,STATISTIKPORTAL_INTEGRATED_2024_T1
2024,07,07137,municipality,071375009215,07137215,matched,Macken,Ortsgemeinde,377,0.00,0.00,0.00,0.00,0.00,STATISTIKPORTAL_INTEGRATED_2024_T1
2024,07,07137,municipality,071375009217,07137217,matched,Niederfell,Ortsgemeinde,939,0.00,0.00,0.00,0.00,0.00,STATISTIKPORTAL_INTEGRATED_2024_T1
2024,07,07137,municipality,071375009219,07137219,matched,Nörtershausen,Ortsgemeinde,1143,1422651.00,1244.66,1422651.00,0.00,0.00,STATISTIKPORTAL_INTEGRATED_2024_T1
2024,07,07137,municipality,071375009220,07137220,matched,Oberfell,Ortsgemeinde,1156,202827.00,175.46,202827.00,0.00,0.00,STATISTIKPORTAL_INTEGRATED_2024_T1
2024,07,07137,municipality,071375009221,07137221,matched,"Rhens,St",Ortsgemeinde,2991,5270000.48,1761.95,5264847.00,5153.48,0.00,STATISTIKPORTAL_INTEGRATED_2024_T1
2024,07,07137,municipality,071375009223,07137223,matched,Spay,Ortsgemeinde,1901,1814977.48,954.75,1809824.00,5153.48,0.00,STATISTIKPORTAL_INTEGRATED_2024_T1
2024,07,07137,municipality,071375009227,07137227,matched,Waldesch,Ortsgemeinde,2274,1630167.00,716.87,1630167.00,0.00,0.00,STATISTIKPORTAL_INTEGRATED_2024_T1
2024,07,07137,municipality,071375009230,07137230,matched,Winningen,Ortsgemeinde,2423,298150.30,123.05,289607.00,0.00,8543.30,STATISTIKPORTAL_INTEGRATED_2024_T1
2024,07,07137,municipality,071375009231,07137231,matched,Wolken,Ortsgemeinde,1121,277085.00,247.18,277085.00,0.00,0.00,STATISTIKPORTAL_INTEGRATED_2024_T1
2024,07,07137,municipality,071375009504,07137504,matched,Lehmen,Ortsgemeinde,1278,305412.00,238.98,305412.00,0.00,0.00,STATISTIKPORTAL_INTEGRATED_2024_T1
2024,07,07138,county_administration,07138,,not_applicable,Landkreis Neuwied,Landkreis,188953,134402622.07,711.30,88032281.00,1049497.81,45320843.26,STATISTIKPORTAL_INTEGRATED_2024_T1
2024,07,07138,municipality,071380045045,07138045,matched,"Neuwied,St",verbandsfreie Gemeinde,66923,270645388.52,4044.13,98881087.00,4.03,171764297.49,STATISTIKPORTAL_INTEGRATED_2024_T1
2024,07,07138,joint_administration,071385001,,not_applicable,Verbandsgemeinde Asbach,Verbandsgemeinde,23655,32738967.00,1384.02,1453290.00,0.00,31285677.00,STATISTIKPORTAL_INTEGRATED_2024_T1
2024,07,07138,municipality,071385001003,07138003,matched,Asbach,Ortsgemeinde,7782,0.00,0.00,0.00,0.00,0.00,STATISTIKPORTAL_INTEGRATED_2024_T1
2024,07,07138,municipality,071385001044,07138044,matched,Neustadt (Wied),Ortsgemeinde,6558,0.00,0.00,0.00,0.00,0.00,STATISTIKPORTAL_INTEGRATED_2024_T1
2024,07,07138,municipality,071385001077,07138077,matched,Windhagen,Ortsgemeinde,4631,0.00,0.00,0.00,0.00,0.00,STATISTIKPORTAL_INTEGRATED_2024_T1
2024,07,07138,municipality,071385001080,07138080,matched,Buchholz (Westerwald),Ortsgemeinde,4684,0.00,0.00,0.00,0.00,0.00,STATISTIKPORTAL_INTEGRATED_2024_T1
2024,07,07138,joint_administration,071385002,,not_applicable,Verbandsgemeinde Bad Hönningen,Verbandsgemeinde,12714,7117555.75,559.82,5286627.00,0.00,1830928.75,STATISTIKPORTAL_INTEGRATED_2024_T1
2024,07,07138,municipality,071385002004,07138004,matched,"Bad Hönningen,St",Ortsgemeinde,6298,4209737.00,668.42,1687083.00,2522654.00,0.00,STATISTIKPORTAL_INTEGRATED_2024_T1
2024,07,07138,municipality,071385002024,07138024,matched,Hammerstein,Ortsgemeinde,351,360234.99,1026.31,0.00,360234.99,0.00,STATISTIKPORTAL_INTEGRATED_2024_T1
2024,07,07138,municipality,071385002038,07138038,matched,Leutesdorf,Ortsgemeinde,1880,493958.00,262.74,493958.00,0.00,0.00,STATISTIKPORTAL_INTEGRATED_2024_T1
2024,07,07138,municipality,071385002063,07138063,matched,Rheinbrohl,Ortsgemeinde,4185,3549221.01,848.08,1386802.00,2162419.01,0.00,STATISTIKPORTAL_INTEGRATED_2024_T1
2024,07,07138,joint_administration,071385003,,not_applicable,Verbandsgemeinde Dierdorf,Verbandsgemeinde,11234,18943110.00,1686.23,4308169.00,0.00,14634941.00,STATISTIKPORTAL_INTEGRATED_2024_T1
2024,07,07138,municipality,071385003012,07138012,matched,"Dierdorf,St",Ortsgemeinde,6139,1041453.00,169.65,1041453.00,0.00,0.00,STATISTIKPORTAL_INTEGRATED_2024_T1
2024,07,07138,municipality,071385003023,07138023,matched,Großmaischeid,Ortsgemeinde,2347,0.00,0.00,0.00,0.00,0.00,STATISTIKPORTAL_INTEGRATED_2024_T1
2024,07,07138,municipality,071385003031,07138031,matched,Isenburg,Ortsgemeinde,594,240596.00,405.04,240596.00,0.00,0.00,STATISTIKPORTAL_INTEGRATED_2024_T1
2024,07,07138,municipality,071385003034,07138034,matched,Kleinmaischeid,Ortsgemeinde,1331,0.00,0.00,0.00,0.00,0.00,STATISTIKPORTAL_INTEGRATED_2024_T1
2024,07,07138,municipality,071385003069,07138069,matched,Stebach,Ortsgemeinde,360,0.00,0.00,0.00,0.00,0.00,STATISTIKPORTAL_INTEGRATED_2024_T1
2024,07,07138,municipality,071385003201,07138201,matched,Marienhausen,Ortsgemeinde,463,0.00,0.00,0.00,0.00,0.00,STATISTIKPORTAL_INTEGRATED_2024_T1
2024,07,07138,joint_administration,071385004,,not_applicable,Verbandsgemeinde Linz am Rhein,Verbandsgemeinde,19184,44361980.00,2312.45,3999240.00,0.00,40362740.00,STATISTIKPORTAL_INTEGRATED_2024_T1
2024,07,07138,municipality,071385004009,07138009,matched,Dattenberg,Ortsgemeinde,1525,0.00,0.00,0.00,0.00,0.00,STATISTIKPORTAL_INTEGRATED_2024_T1
2024,07,07138,municipality,071385004037,07138037,matched,Leubsdorf,Ortsgemeinde,1616,307543.00,190.31,307543.00,0.00,0.00,STATISTIKPORTAL_INTEGRATED_2024_T1
2024,07,07138,municipality,071385004041,07138041,matched,"Linz am Rhein,St",Ortsgemeinde,6308,368674.50,58.45,0.00,0.00,368674.50,STATISTIKPORTAL_INTEGRATED_2024_T1
2024,07,07138,municipality,071385004055,07138055,matched,Ockenfels,Ortsgemeinde,1061,161505.00,152.22,161505.00,0.00,0.00,STATISTIKPORTAL_INTEGRATED_2024_T1
2024,07,07138,municipality,071385004068,07138068,matched,St. Katharinen (LK.Neuw.,Ortsgemeinde,3478,2460723.00,707.51,2460723.00,0.00,0.00,STATISTIKPORTAL_INTEGRATED_2024_T1
2024,07,07138,municipality,071385004075,07138075,matched,Vettelschoß,Ortsgemeinde,3738,0.00,0.00,0.00,0.00,0.00,STATISTIKPORTAL_INTEGRATED_2024_T1
2024,07,07138,municipality,071385004501,07138501,matched,Kasbach-Ohlenberg,Ortsgemeinde,1458,24831.00,17.03,24831.00,0.00,0.00,STATISTIKPORTAL_INTEGRATED_2024_T1
2024,07,07138,joint_administration,071385005,,not_applicable,Verbandsgemeinde Puderbach,Verbandsgemeinde,15500,54624451.14,3524.16,8974336.00,0.00,45650115.14,STATISTIKPORTAL_INTEGRATED_2024_T1
2024,07,07138,municipality,071385005011,07138011,matched,Dernbach,Ortsgemeinde,1072,107046.00,99.86,107046.00,0.00,0.00,STATISTIKPORTAL_INTEGRATED_2024_T1
2024,07,07138,municipality,071385005013,07138013,matched,Döttesfeld,Ortsgemeinde,658,182715.00,277.68,182715.00,0.00,0.00,STATISTIKPORTAL_INTEGRATED_2024_T1
2024,07,07138,municipality,071385005014,07138014,matched,Dürrholz,Ortsgemeinde,1347,156880.00,116.47,156880.00,0.00,0.00,STATISTIKPORTAL_INTEGRATED_2024_T1
2024,07,07138,municipality,071385005025,07138025,matched,Hanroth,Ortsgemeinde,651,0.00,0.00,0.00,0.00,0.00,STATISTIKPORTAL_INTEGRATED_2024_T1
2024,07,07138,municipality,071385005027,07138027,matched,Harschbach,Ortsgemeinde,418,17401.00,41.63,17401.00,0.00,0.00,STATISTIKPORTAL_INTEGRATED_2024_T1
2024,07,07138,municipality,071385005040,07138040,matched,Linkenbach,Ortsgemeinde,596,29418.00,49.36,29418.00,0.00,0.00,STATISTIKPORTAL_INTEGRATED_2024_T1
2024,07,07138,municipality,071385005048,07138048,matched,Niederhofen,Ortsgemeinde,469,74539.00,158.93,74539.00,0.00,0.00,STATISTIKPORTAL_INTEGRATED_2024_T1
2024,07,07138,municipality,071385005050,07138050,matched,Niederwambach,Ortsgemeinde,446,0.00,0.00,0.00,0.00,0.00,STATISTIKPORTAL_INTEGRATED_2024_T1
2024,07,07138,municipality,071385005052,07138052,matched,Oberdreis,Ortsgemeinde,891,613129.00,688.14,613129.00,0.00,0.00,STATISTIKPORTAL_INTEGRATED_2024_T1
2024,07,07138,municipality,071385005057,07138057,matched,Puderbach,Ortsgemeinde,2560,3298742.00,1288.57,3298742.00,0.00,0.00,STATISTIKPORTAL_INTEGRATED_2024_T1
2024,07,07138,municipality,071385005058,07138058,matched,Ratzert,Ortsgemeinde,257,0.00,0.00,0.00,0.00,0.00,STATISTIKPORTAL_INTEGRATED_2024_T1
2024,07,07138,municipality,071385005059,07138059,matched,Raubach,Ortsgemeinde,2104,418400.00,198.86,418400.00,0.00,0.00,STATISTIKPORTAL_INTEGRATED_2024_T1
2024,07,07138,municipality,071385005064,07138064,matched,Rodenbach bei Puderbach,Ortsgemeinde,693,0.00,0.00,0.00,0.00,0.00,STATISTIKPORTAL_INTEGRATED_2024_T1
2024,07,07138,municipality,071385005070,07138070,matched,Steimel,Ortsgemeinde,1296,301716.00,232.81,301716.00,0.00,0.00,STATISTIKPORTAL_INTEGRATED_2024_T1
2024,07,07138,municipality,071385005074,07138074,matched,Urbach,Ortsgemeinde,1484,0.00,0.00,0.00,0.00,0.00,STATISTIKPORTAL_INTEGRATED_2024_T1
2024,07,07138,municipality,071385005078,07138078,matched,Woldert,Ortsgemeinde,558,0.00,0.00,0.00,0.00,0.00,STATISTIKPORTAL_INTEGRATED_2024_T1
2024,07,07138,joint_administration,071385007,,not_applicable,Verbandsgemeinde Unkel,Verbandsgemeinde,13022,13951839.13,1071.41,1892489.00,6851.06,12052499.07,STATISTIKPORTAL_INTEGRATED_2024_T1
2024,07,07138,municipality,071385007008,07138008,matched,Bruchhausen,Ortsgemeinde,970,736468.00,759.25,736468.00,0.00,0.00,STATISTIKPORTAL_INTEGRATED_2024_T1
2024,07,07138,municipality,071385007019,07138019,matched,Erpel,Ortsgemeinde,2534,1509927.00,595.87,1509927.00,0.00,0.00,STATISTIKPORTAL_INTEGRATED_2024_T1
2024,07,07138,municipality,071385007062,07138062,matched,Rheinbreitbach,Ortsgemeinde,4482,1832282.00,408.81,1832282.00,0.00,0.00,STATISTIKPORTAL_INTEGRATED_2024_T1
2024,07,07138,municipality,071385007073,07138073,matched,"Unkel,St",Ortsgemeinde,5036,1789792.00,355.40,1789792.00,0.00,0.00,STATISTIKPORTAL_INTEGRATED_2024_T1
2024,07,07138,joint_administration,071385009,,not_applicable,Verbandsgemeinde Rengsdorf-Waldbreitbach,Verbandsgemeinde,26721,47742404.14,1786.70,1579534.00,0.00,46162870.14,STATISTIKPORTAL_INTEGRATED_2024_T1
2024,07,07138,municipality,071385009002,07138002,matched,Anhausen,Ortsgemeinde,1392,0.00,0.00,0.00,0.00,0.00,STATISTIKPORTAL_INTEGRATED_2024_T1
2024,07,07138,municipality,071385009005,07138005,matched,Bonefeld,Ortsgemeinde,944,0.00,0.00,0.00,0.00,0.00,STATISTIKPORTAL_INTEGRATED_2024_T1
2024,07,07138,municipality,071385009006,07138006,matched,Breitscheid,Ortsgemeinde,2266,248087.00,109.48,248087.00,0.00,0.00,STATISTIKPORTAL_INTEGRATED_2024_T1
2024,07,07138,municipality,071385009007,07138007,matched,Hausen (Wied),Ortsgemeinde,1828,346235.00,189.41,346235.00,0.00,0.00,STATISTIKPORTAL_INTEGRATED_2024_T1
2024,07,07138,municipality,071385009010,07138010,matched,Datzeroth,Ortsgemeinde,301,0.00,0.00,0.00,0.00,0.00,STATISTIKPORTAL_INTEGRATED_2024_T1
2024,07,07138,municipality,071385009015,07138015,matched,Ehlscheid,Ortsgemeinde,1570,0.00,0.00,0.00,0.00,0.00,STATISTIKPORTAL_INTEGRATED_2024_T1
2024,07,07138,municipality,071385009026,07138026,matched,Hardert,Ortsgemeinde,841,0.00,0.00,0.00,0.00,0.00,STATISTIKPORTAL_INTEGRATED_2024_T1
2024,07,07138,municipality,071385009030,07138030,matched,Hümmerich,Ortsgemeinde,823,0.00,0.00,0.00,0.00,0.00,STATISTIKPORTAL_INTEGRATED_2024_T1
2024,07,07138,municipality,071385009036,07138036,matched,Kurtscheid,Ortsgemeinde,1028,0.00,0.00,0.00,0.00,0.00,STATISTIKPORTAL_INTEGRATED_2024_T1
2024,07,07138,municipality,071385009042,07138042,matched,Meinborn,Ortsgemeinde,561,0.00,0.00,0.00,0.00,0.00,STATISTIKPORTAL_INTEGRATED_2024_T1
2024,07,07138,municipality,071385009043,07138043,matched,Melsbach,Ortsgemeinde,1950,0.00,0.00,0.00,0.00,0.00,STATISTIKPORTAL_INTEGRATED_2024_T1
2024,07,07138,municipality,071385009047,07138047,matched,Niederbreitbach,Ortsgemeinde,1534,1105179.00,720.46,1105179.00,0.00,0.00,STATISTIKPORTAL_INTEGRATED_2024_T1
2024,07,07138,municipality,071385009053,07138053,matched,Oberhonnefeld-Gierend,Ortsgemeinde,1042,0.00,0.00,0.00,0.00,0.00,STATISTIKPORTAL_INTEGRATED_2024_T1
2024,07,07138,municipality,071385009054,07138054,matched,Oberraden,Ortsgemeinde,675,0.00,0.00,0.00,0.00,0.00,STATISTIKPORTAL_INTEGRATED_2024_T1
2024,07,07138,municipality,071385009061,07138061,matched,Rengsdorf,Ortsgemeinde,2973,0.00,0.00,0.00,0.00,0.00,STATISTIKPORTAL_INTEGRATED_2024_T1
2024,07,07138,municipality,071385009065,07138065,matched,Roßbach,Ortsgemeinde,1462,1732026.00,1184.70,1732026.00,0.00,0.00,STATISTIKPORTAL_INTEGRATED_2024_T1
2024,07,07138,municipality,071385009066,07138066,matched,Rüscheid,Ortsgemeinde,838,0.00,0.00,0.00,0.00,0.00,STATISTIKPORTAL_INTEGRATED_2024_T1
2024,07,07138,municipality,071385009071,07138071,matched,Straßenhaus,Ortsgemeinde,1998,5618.00,2.81,5618.00,0.00,0.00,STATISTIKPORTAL_INTEGRATED_2024_T1
2024,07,07138,municipality,071385009072,07138072,matched,Thalhausen,Ortsgemeinde,761,0.00,0.00,0.00,0.00,0.00,STATISTIKPORTAL_INTEGRATED_2024_T1
2024,07,07138,municipality,071385009076,07138076,matched,Waldbreitbach,Ortsgemeinde,1934,714375.00,369.38,714375.00,0.00,0.00,STATISTIKPORTAL_INTEGRATED_2024_T1
2024,07,07140,county_administration,07140,,not_applicable,Landkreis Rhein-Hunsrück-Kreis,Landkreis,106826,56577865.69,529.63,8051419.00,1095883.32,47430563.37,STATISTIKPORTAL_INTEGRATED_2024_T1
2024,07,07140,municipality,071400501501,07140501,matched,"Boppard,St",verbandsfreie Gemeinde,15768,40937794.26,2596.26,33017516.00,41227.84,7879050.42,STATISTIKPORTAL_INTEGRATED_2024_T1
2024,07,07140,joint_administration,071405003,,not_applicable,Verbandsgemeinde Kastellaun,Verbandsgemeinde,16283,11298370.94,693.88,209899.00,0.00,11088471.94,STATISTIKPORTAL_INTEGRATED_2024_T1
2024,07,07140,municipality,071405003001,07140001,matched,Alterkülz,Ortsgemeinde,377,23342.00,61.92,23342.00,0.00,0.00,STATISTIKPORTAL_INTEGRATED_2024_T1
2024,07,07140,municipality,071405003009,07140009,matched,Bell (Hunsrück),Ortsgemeinde,1475,33829.00,22.93,33829.00,0.00,0.00,STATISTIKPORTAL_INTEGRATED_2024_T1
2024,07,07140,municipality,071405003010,07140010,matched,Beltheim,Ortsgemeinde,1946,0.00,0.00,0.00,0.00,0.00,STATISTIKPORTAL_INTEGRATED_2024_T1
2024,07,07140,municipality,071405003018,07140018,matched,Braunshorn,Ortsgemeinde,675,17500.00,25.93,17500.00,0.00,0.00,STATISTIKPORTAL_INTEGRATED_2024_T1
2024,07,07140,municipality,071405003021,07140021,matched,Buch,Ortsgemeinde,856,0.00,0.00,0.00,0.00,0.00,STATISTIKPORTAL_INTEGRATED_2024_T1
2024,07,07140,municipality,071405003042,07140042,matched,Gödenroth,Ortsgemeinde,450,0.00,0.00,0.00,0.00,0.00,STATISTIKPORTAL_INTEGRATED_2024_T1
2024,07,07140,municipality,071405003046,07140046,matched,Hasselbach,Ortsgemeinde,234,0.00,0.00,0.00,0.00,0.00,STATISTIKPORTAL_INTEGRATED_2024_T1
2024,07,07140,municipality,071405003055,07140055,matched,Hollnich,Ortsgemeinde,308,0.00,0.00,0.00,0.00,0.00,STATISTIKPORTAL_INTEGRATED_2024_T1
2024,07,07140,municipality,071405003064,07140064,matched,"Kastellaun,St",Ortsgemeinde,5753,65258.00,11.34,65258.00,0.00,0.00,STATISTIKPORTAL_INTEGRATED_2024_T1
2024,07,07140,municipality,071405003073,07140073,matched,Korweiler,Ortsgemeinde,80,0.00,0.00,0.00,0.00,0.00,STATISTIKPORTAL_INTEGRATED_2024_T1
2024,07,07140,municipality,071405003095,07140095,matched,Michelbach,Ortsgemeinde,206,0.00,0.00,0.00,0.00,0.00,STATISTIKPORTAL_INTEGRATED_2024_T1
2024,07,07140,municipality,071405003131,07140131,matched,Roth,Ortsgemeinde,259,107286.00,414.23,107286.00,0.00,0.00,STATISTIKPORTAL_INTEGRATED_2024_T1
2024,07,07140,municipality,071405003147,07140147,matched,Spesenroth,Ortsgemeinde,165,0.00,0.00,0.00,0.00,0.00,STATISTIKPORTAL_INTEGRATED_2024_T1
2024,07,07140,municipality,071405003153,07140153,matched,Uhler,Ortsgemeinde,360,0.00,0.00,0.00,0.00,0.00,STATISTIKPORTAL_INTEGRATED_2024_T1
2024,07,07140,municipality,071405003202,07140202,matched,Dommershausen,Ortsgemeinde,1112,0.00,0.00,0.00,0.00,0.00,STATISTIKPORTAL_INTEGRATED_2024_T1
2024,07,07140,municipality,071405003204,07140204,matched,Mastershausen,Ortsgemeinde,978,82500.00,84.36,82500.00,0.00,0.00,STATISTIKPORTAL_INTEGRATED_2024_T1
2024,07,07140,municipality,071405003502,07140502,matched,Lahr,Ortsgemeinde,168,354366.00,2109.32,354366.00,0.00,0.00,STATISTIKPORTAL_INTEGRATED_2024_T1
2024,07,07140,municipality,071405003503,07140503,matched,Mörsdorf,Ortsgemeinde,613,273561.00,446.27,273561.00,0.00,0.00,STATISTIKPORTAL_INTEGRATED_2024_T1
2024,07,07140,municipality,071405003504,07140504,matched,Zilshausen,Ortsgemeinde,268,54603.00,203.74,54603.00,0.00,0.00,STATISTIKPORTAL_INTEGRATED_2024_T1
2024,07,07140,joint_administration,071405004,,not_applicable,Verbandsgemeinde Kirchberg (Hunsr.),Verbandsgemeinde,20875,7792166.23,373.28,0.00,2742.31,7789423.92,STATISTIKPORTAL_INTEGRATED_2024_T1
2024,07,07140,municipality,071405004006,07140006,matched,Bärenbach,Ortsgemeinde,462,2742.64,5.94,0.00,2742.64,0.00,STATISTIKPORTAL_INTEGRATED_2024_T1
2024,07,07140,municipality,071405004007,07140007,matched,Belg,Ortsgemeinde,121,0.00,0.00,0.00,0.00,0.00,STATISTIKPORTAL_INTEGRATED_2024_T1
2024,07,07140,municipality,071405004024,07140024,matched,Büchenbeuren,Ortsgemeinde,1825,2742.64,1.50,0.00,2742.64,0.00,STATISTIKPORTAL_INTEGRATED_2024_T1
2024,07,07140,municipality,071405004028,07140028,matched,Dickenschied,Ortsgemeinde,719,0.00,0.00,0.00,0.00,0.00,STATISTIKPORTAL_INTEGRATED_2024_T1
2024,07,07140,municipality,071405004029,07140029,matched,Dill,Ortsgemeinde,210,0.00,0.00,0.00,0.00,0.00,STATISTIKPORTAL_INTEGRATED_2024_T1
2024,07,07140,municipality,071405004030,07140030,matched,Dillendorf,Ortsgemeinde,561,0.00,0.00,0.00,0.00,0.00,STATISTIKPORTAL_INTEGRATED_2024_T1
2024,07,07140,municipality,071405004040,07140040,matched,Gehlweiler,Ortsgemeinde,217,0.00,0.00,0.00,0.00,0.00,STATISTIKPORTAL_INTEGRATED_2024_T1
2024,07,07140,municipality,071405004041,07140041,matched,Gemünden,Ortsgemeinde,1306,0.00,0.00,0.00,0.00,0.00,STATISTIKPORTAL_INTEGRATED_2024_T1
2024,07,07140,municipality,071405004044,07140044,matched,Hahn,Ortsgemeinde,116,2742.64,23.64,0.00,2742.64,0.00,STATISTIKPORTAL_INTEGRATED_2024_T1
2024,07,07140,municipality,071405004048,07140048,matched,Hecken,Ortsgemeinde,109,0.00,0.00,0.00,0.00,0.00,STATISTIKPORTAL_INTEGRATED_2024_T1
2024,07,07140,municipality,071405004049,07140049,matched,Heinzenbach,Ortsgemeinde,442,0.00,0.00,0.00,0.00,0.00,STATISTIKPORTAL_INTEGRATED_2024_T1
2024,07,07140,municipality,071405004050,07140050,matched,Henau,Ortsgemeinde,157,0.00,0.00,0.00,0.00,0.00,STATISTIKPORTAL_INTEGRATED_2024_T1
2024,07,07140,municipality,071405004053,07140053,matched,Hirschfeld (Hunsrück),Ortsgemeinde,286,0.00,0.00,0.00,0.00,0.00,STATISTIKPORTAL_INTEGRATED_2024_T1
2024,07,07140,municipality,071405004062,07140062,matched,Kappel,Ortsgemeinde,441,0.00,0.00,0.00,0.00,0.00,STATISTIKPORTAL_INTEGRATED_2024_T1
2024,07,07140,municipality,071405004067,07140067,matched,"Kirchberg (Hunsr.),St",Ortsgemeinde,4216,0.00,0.00,0.00,0.00,0.00,STATISTIKPORTAL_INTEGRATED_2024_T1
2024,07,07140,municipality,071405004071,07140071,matched,Kludenbach,Ortsgemeinde,120,0.00,0.00,0.00,0.00,0.00,STATISTIKPORTAL_INTEGRATED_2024_T1
2024,07,07140,municipality,071405004081,07140081,matched,Laufersweiler,Ortsgemeinde,795,0.00,0.00,0.00,0.00,0.00,STATISTIKPORTAL_INTEGRATED_2024_T1
2024,07,07140,municipality,071405004082,07140082,matched,Lautzenhausen,Ortsgemeinde,1108,2742.64,2.48,0.00,2742.64,0.00,STATISTIKPORTAL_INTEGRATED_2024_T1
2024,07,07140,municipality,071405004086,07140086,matched,Lindenschied,Ortsgemeinde,182,0.00,0.00,0.00,0.00,0.00,STATISTIKPORTAL_INTEGRATED_2024_T1
2024,07,07140,municipality,071405004090,07140090,matched,Maitzborn,Ortsgemeinde,115,0.00,0.00,0.00,0.00,0.00,STATISTIKPORTAL_INTEGRATED_2024_T1
2024,07,07140,municipality,071405004094,07140094,matched,Metzenhausen,Ortsgemeinde,95,0.00,0.00,0.00,0.00,0.00,STATISTIKPORTAL_INTEGRATED_2024_T1
2024,07,07140,municipality,071405004105,07140105,matched,Nieder Kostenz,Ortsgemeinde,192,0.00,0.00,0.00,0.00,0.00,STATISTIKPORTAL_INTEGRATED_2024_T1
2024,07,07140,municipality,071405004107,07140107,matched,Niedersohren,Ortsgemeinde,433,0.00,0.00,0.00,0.00,0.00,STATISTIKPORTAL_INTEGRATED_2024_T1
2024,07,07140,municipality,071405004109,07140109,matched,Niederweiler,Ortsgemeinde,428,0.00,0.00,0.00,0.00,0.00,STATISTIKPORTAL_INTEGRATED_2024_T1
2024,07,07140,municipality,071405004111,07140111,matched,Ober Kostenz,Ortsgemeinde,252,0.00,0.00,0.00,0.00,0.00,STATISTIKPORTAL_INTEGRATED_2024_T1
2024,07,07140,municipality,071405004120,07140120,matched,Raversbeuren,Ortsgemeinde,136,0.00,0.00,0.00,0.00,0.00,STATISTIKPORTAL_INTEGRATED_2024_T1
2024,07,07140,municipality,071405004122,07140122,matched,Reckershausen,Ortsgemeinde,378,371662.95,983.24,0.00,371662.95,0.00,STATISTIKPORTAL_INTEGRATED_2024_T1
2024,07,07140,municipality,071405004128,07140128,matched,Rödelhausen,Ortsgemeinde,124,0.00,0.00,0.00,0.00,0.00,STATISTIKPORTAL_INTEGRATED_2024_T1
2024,07,07140,municipality,071405004129,07140129,matched,Rödern,Ortsgemeinde,200,0.00,0.00,0.00,0.00,0.00,STATISTIKPORTAL_INTEGRATED_2024_T1
2024,07,07140,municipality,071405004130,07140130,matched,Rohrbach,Ortsgemeinde,165,0.00,0.00,0.00,0.00,0.00,STATISTIKPORTAL_INTEGRATED_2024_T1
2024,07,07140,municipality,071405004135,07140135,matched,Schlierschied,Ortsgemeinde,174,0.00,0.00,0.00,0.00,0.00,STATISTIKPORTAL_INTEGRATED_2024_T1
2024,07,07140,municipality,071405004141,07140141,matched,Schwarzen,Ortsgemeinde,147,0.00,0.00,0.00,0.00,0.00,STATISTIKPORTAL_INTEGRATED_2024_T1
2024,07,07140,municipality,071405004145,07140145,matched,Sohren,Ortsgemeinde,3197,2742.64,0.86,0.00,2742.64,0.00,STATISTIKPORTAL_INTEGRATED_2024_T1
2024,07,07140,municipality,071405004146,07140146,matched,Sohrschied,Ortsgemeinde,114,0.00,0.00,0.00,0.00,0.00,STATISTIKPORTAL_INTEGRATED_2024_T1
2024,07,07140,municipality,071405004151,07140151,matched,Todenroth,Ortsgemeinde,92,0.00,0.00,0.00,0.00,0.00,STATISTIKPORTAL_INTEGRATED_2024_T1
2024,07,07140,municipality,071405004154,07140154,matched,Unzenberg,Ortsgemeinde,450,0.00,0.00,0.00,0.00,0.00,STATISTIKPORTAL_INTEGRATED_2024_T1
2024,07,07140,municipality,071405004159,07140159,matched,Wahlenau,Ortsgemeinde,219,61912.00,282.70,61912.00,0.00,0.00,STATISTIKPORTAL_INTEGRATED_2024_T1
2024,07,07140,municipality,071405004163,07140163,matched,Womrath,Ortsgemeinde,183,0.00,0.00,0.00,0.00,0.00,STATISTIKPORTAL_INTEGRATED_2024_T1
2024,07,07140,municipality,071405004164,07140164,matched,Woppenroth,Ortsgemeinde,220,0.00,0.00,0.00,0.00,0.00,STATISTIKPORTAL_INTEGRATED_2024_T1
2024,07,07140,municipality,071405004165,07140165,matched,Würrich,Ortsgemeinde,168,0.00,0.00,0.00,0.00,0.00,STATISTIKPORTAL_INTEGRATED_2024_T1
2024,07,07140,joint_administration,071405008,,not_applicable,Verbandsgemeinde Simmern-Rheinböllen,Verbandsgemeinde,29717,31613594.46,1063.82,1086500.00,0.00,30527094.46,STATISTIKPORTAL_INTEGRATED_2024_T1
2024,07,07140,municipality,071405008002,07140002,matched,Altweidelbach,Ortsgemeinde,289,800000.00,2768.17,800000.00,0.00,0.00,STATISTIKPORTAL_INTEGRATED_2024_T1
2024,07,07140,municipality,071405008003,07140003,matched,Argenthal,Ortsgemeinde,1702,0.00,0.00,0.00,0.00,0.00,STATISTIKPORTAL_INTEGRATED_2024_T1
2024,07,07140,municipality,071405008008,07140008,matched,Belgweiler,Ortsgemeinde,192,0.00,0.00,0.00,0.00,0.00,STATISTIKPORTAL_INTEGRATED_2024_T1
2024,07,07140,municipality,071405008011,07140011,matched,Benzweiler,Ortsgemeinde,205,0.00,0.00,0.00,0.00,0.00,STATISTIKPORTAL_INTEGRATED_2024_T1
2024,07,07140,municipality,071405008012,07140012,matched,Bergenhausen,Ortsgemeinde,111,0.00,0.00,0.00,0.00,0.00,STATISTIKPORTAL_INTEGRATED_2024_T1
2024,07,07140,municipality,071405008015,07140015,matched,Biebern,Ortsgemeinde,319,80000.00,250.78,80000.00,0.00,0.00,STATISTIKPORTAL_INTEGRATED_2024_T1
2024,07,07140,municipality,071405008020,07140020,matched,Bubach,Ortsgemeinde,234,0.00,0.00,0.00,0.00,0.00,STATISTIKPORTAL_INTEGRATED_2024_T1
2024,07,07140,municipality,071405008023,07140023,matched,Budenbach,Ortsgemeinde,204,0.00,0.00,0.00,0.00,0.00,STATISTIKPORTAL_INTEGRATED_2024_T1
2024,07,07140,municipality,071405008027,07140027,matched,Dichtelbach,Ortsgemeinde,623,0.00,0.00,0.00,0.00,0.00,STATISTIKPORTAL_INTEGRATED_2024_T1
2024,07,07140,municipality,071405008035,07140035,matched,Ellern (Hunsrück),Ortsgemeinde,900,0.00,0.00,0.00,0.00,0.00,STATISTIKPORTAL_INTEGRATED_2024_T1
2024,07,07140,municipality,071405008037,07140037,matched,Erbach,Ortsgemeinde,311,0.00,0.00,0.00,0.00,0.00,STATISTIKPORTAL_INTEGRATED_2024_T1
2024,07,07140,municipality,071405008039,07140039,matched,Fronhofen,Ortsgemeinde,243,0.00,0.00,0.00,0.00,0.00,STATISTIKPORTAL_INTEGRATED_2024_T1
2024,07,07140,municipality,071405008056,07140056,matched,Holzbach,Ortsgemeinde,571,97.00,0.17,97.00,0.00,0.00,STATISTIKPORTAL_INTEGRATED_2024_T1
2024,07,07140,municipality,071405008058,07140058,matched,Horn,Ortsgemeinde,372,0.00,0.00,0.00,0.00,0.00,STATISTIKPORTAL_INTEGRATED_2024_T1
2024,07,07140,municipality,071405008065,07140065,matched,Keidelheim,Ortsgemeinde,340,0.00,0.00,0.00,0.00,0.00,STATISTIKPORTAL_INTEGRATED_2024_T1
2024,07,07140,municipality,071405008068,07140068,matched,Kisselbach,Ortsgemeinde,600,0.00,0.00,0.00,0.00,0.00,STATISTIKPORTAL_INTEGRATED_2024_T1
2024,07,07140,municipality,071405008070,07140070,matched,Klosterkumbd,Ortsgemeinde,271,0.00,0.00,0.00,0.00,0.00,STATISTIKPORTAL_INTEGRATED_2024_T1
2024,07,07140,municipality,071405008076,07140076,matched,Külz (Hunsrück),Ortsgemeinde,479,2026126.00,4229.91,2026126.00,0.00,0.00,STATISTIKPORTAL_INTEGRATED_2024_T1
2024,07,07140,municipality,071405008077,07140077,matched,Kümbdchen,Ortsgemeinde,497,0.00,0.00,0.00,0.00,0.00,STATISTIKPORTAL_INTEGRATED_2024_T1
2024,07,07140,municipality,071405008079,07140079,matched,Laubach,Ortsgemeinde,448,0.00,0.00,0.00,0.00,0.00,STATISTIKPORTAL_INTEGRATED_2024_T1
2024,07,07140,municipality,071405008085,07140085,matched,Liebshausen,Ortsgemeinde,503,0.00,0.00,0.00,0.00,0.00,STATISTIKPORTAL_INTEGRATED_2024_T1
2024,07,07140,municipality,071405008092,07140092,matched,Mengerschied,Ortsgemeinde,723,0.00,0.00,0.00,0.00,0.00,STATISTIKPORTAL_INTEGRATED_2024_T1
2024,07,07140,municipality,071405008096,07140096,matched,Mörschbach,Ortsgemeinde,331,51250.00,154.83,51250.00,0.00,0.00,STATISTIKPORTAL_INTEGRATED_2024_T1
2024,07,07140,municipality,071405008099,07140099,matched,Mutterschied,Ortsgemeinde,463,0.00,0.00,0.00,0.00,0.00,STATISTIKPORTAL_INTEGRATED_2024_T1
2024,07,07140,municipality,071405008100,07140100,matched,Nannhausen,Ortsgemeinde,627,0.00,0.00,0.00,0.00,0.00,STATISTIKPORTAL_INTEGRATED_2024_T1
2024,07,07140,municipality,071405008101,07140101,matched,Neuerkirch,Ortsgemeinde,330,730586.00,2213.90,730586.00,0.00,0.00,STATISTIKPORTAL_INTEGRATED_2024_T1
2024,07,07140,municipality,071405008106,07140106,matched,Niederkumbd,Ortsgemeinde,335,0.00,0.00,0.00,0.00,0.00,STATISTIKPORTAL_INTEGRATED_2024_T1
2024,07,07140,municipality,071405008113,07140113,matched,Ohlweiler,Ortsgemeinde,324,0.00,0.00,0.00,0.00,0.00,STATISTIKPORTAL_INTEGRATED_2024_T1
2024,07,07140,municipality,071405008115,07140115,matched,Oppertshausen,Ortsgemeinde,128,0.00,0.00,0.00,0.00,0.00,STATISTIKPORTAL_INTEGRATED_2024_T1
2024,07,07140,municipality,071405008118,07140118,matched,Pleizenhausen,Ortsgemeinde,324,0.00,0.00,0.00,0.00,0.00,STATISTIKPORTAL_INTEGRATED_2024_T1
2024,07,07140,municipality,071405008119,07140119,matched,Ravengiersburg,Ortsgemeinde,331,0.00,0.00,0.00,0.00,0.00,STATISTIKPORTAL_INTEGRATED_2024_T1
2024,07,07140,municipality,071405008121,07140121,matched,Rayerschied,Ortsgemeinde,112,0.00,0.00,0.00,0.00,0.00,STATISTIKPORTAL_INTEGRATED_2024_T1
2024,07,07140,municipality,071405008123,07140123,matched,Reich,Ortsgemeinde,342,371674.10,1086.77,0.00,371674.10,0.00,STATISTIKPORTAL_INTEGRATED_2024_T1
2024,07,07140,municipality,071405008125,07140125,matched,Rheinböllen,Ortsgemeinde,4267,0.00,0.00,0.00,0.00,0.00,STATISTIKPORTAL_INTEGRATED_2024_T1
2024,07,07140,municipality,071405008126,07140126,matched,Riegenroth,Ortsgemeinde,237,0.00,0.00,0.00,0.00,0.00,STATISTIKPORTAL_INTEGRATED_2024_T1
2024,07,07140,municipality,071405008127,07140127,matched,Riesweiler,Ortsgemeinde,815,0.00,0.00,0.00,0.00,0.00,STATISTIKPORTAL_INTEGRATED_2024_T1
2024,07,07140,municipality,071405008134,07140134,matched,Sargenroth,Ortsgemeinde,441,9040.00,20.50,9040.00,0.00,0.00,STATISTIKPORTAL_INTEGRATED_2024_T1
2024,07,07140,municipality,071405008138,07140138,matched,Schnorbach,Ortsgemeinde,255,0.00,0.00,0.00,0.00,0.00,STATISTIKPORTAL_INTEGRATED_2024_T1
2024,07,07140,municipality,071405008139,07140139,matched,Schönborn,Ortsgemeinde,289,0.00,0.00,0.00,0.00,0.00,STATISTIKPORTAL_INTEGRATED_2024_T1
2024,07,07140,municipality,071405008144,07140144,matched,"Simmern/Hunsrück,St",Ortsgemeinde,8203,4194687.70,511.36,4185656.00,0.00,9031.70,STATISTIKPORTAL_INTEGRATED_2024_T1
2024,07,07140,municipality,071405008148,07140148,matched,Steinbach,Ortsgemeinde,135,0.00,0.00,0.00,0.00,0.00,STATISTIKPORTAL_INTEGRATED_2024_T1
2024,07,07140,municipality,071405008150,07140150,matched,Tiefenbach,Ortsgemeinde,779,49823.00,63.96,49823.00,0.00,0.00,STATISTIKPORTAL_INTEGRATED_2024_T1
2024,07,07140,municipality,071405008158,07140158,matched,Wahlbach,Ortsgemeinde,187,0.00,0.00,0.00,0.00,0.00,STATISTIKPORTAL_INTEGRATED_2024_T1
2024,07,07140,municipality,071405008166,07140166,matched,Wüschheim,Ortsgemeinde,325,371662.95,1143.58,0.00,371662.95,0.00,STATISTIKPORTAL_INTEGRATED_2024_T1
2024,07,07140,joint_administration,071405009,,not_applicable,Verbandsgemeinde Hunsrück-Mittelrhein,Verbandsgemeinde,24183,31647131.39,1308.65,0.00,25767.40,31621363.99,STATISTIKPORTAL_INTEGRATED_2024_T1
2024,07,07140,municipality,071405009005,07140005,matched,Badenhard,Ortsgemeinde,153,0.00,0.00,0.00,0.00,0.00,STATISTIKPORTAL_INTEGRATED_2024_T1
2024,07,07140,municipality,071405009014,07140014,matched,Bickenbach,Ortsgemeinde,359,0.00,0.00,0.00,0.00,0.00,STATISTIKPORTAL_INTEGRATED_2024_T1
2024,07,07140,municipality,071405009016,07140016,matched,Birkheim,Ortsgemeinde,140,0.00,0.00,0.00,0.00,0.00,STATISTIKPORTAL_INTEGRATED_2024_T1
2024,07,07140,municipality,071405009025,07140025,matched,Damscheid,Ortsgemeinde,666,48187.48,72.35,43034.00,5153.48,0.00,STATISTIKPORTAL_INTEGRATED_2024_T1
2024,07,07140,municipality,071405009031,07140031,matched,Dörth,Ortsgemeinde,534,43750.00,81.93,43750.00,0.00,0.00,STATISTIKPORTAL_INTEGRATED_2024_T1
2024,07,07140,municipality,071405009036,07140036,matched,Emmelshausen,Ortsgemeinde,4929,2435405.00,494.10,2435405.00,0.00,0.00,STATISTIKPORTAL_INTEGRATED_2024_T1
2024,07,07140,municipality,071405009043,07140043,matched,Gondershausen,Ortsgemeinde,1315,475161.00,361.34,475161.00,0.00,0.00,STATISTIKPORTAL_INTEGRATED_2024_T1
2024,07,07140,municipality,071405009045,07140045,matched,Halsenbach,Ortsgemeinde,1275,900756.00,706.48,900756.00,0.00,0.00,STATISTIKPORTAL_INTEGRATED_2024_T1
2024,07,07140,municipality,071405009047,07140047,matched,Hausbay,Ortsgemeinde,236,0.00,0.00,0.00,0.00,0.00,STATISTIKPORTAL_INTEGRATED_2024_T1
2024,07,07140,municipality,071405009060,07140060,matched,Hungenroth,Ortsgemeinde,278,0.00,0.00,0.00,0.00,0.00,STATISTIKPORTAL_INTEGRATED_2024_T1
2024,07,07140,municipality,071405009063,07140063,matched,Karbach,Ortsgemeinde,641,191926.00,299.42,191926.00,0.00,0.00,STATISTIKPORTAL_INTEGRATED_2024_T1
2024,07,07140,municipality,071405009075,07140075,matched,Kratzenburg,Ortsgemeinde,412,143664.00,348.70,143664.00,0.00,0.00,STATISTIKPORTAL_INTEGRATED_2024_T1
2024,07,07140,municipality,071405009080,07140080,matched,Laudert,Ortsgemeinde,459,894851.93,1949.57,53619.00,841232.93,0.00,STATISTIKPORTAL_INTEGRATED_2024_T1
2024,07,07140,municipality,071405009084,07140084,matched,Leiningen,Ortsgemeinde,706,0.00,0.00,0.00,0.00,0.00,STATISTIKPORTAL_INTEGRATED_2024_T1
2024,07,07140,municipality,071405009087,07140087,matched,Lingerhahn,Ortsgemeinde,532,0.00,0.00,0.00,0.00,0.00,STATISTIKPORTAL_INTEGRATED_2024_T1
2024,07,07140,municipality,071405009089,07140089,matched,Maisborn,Ortsgemeinde,139,0.00,0.00,0.00,0.00,0.00,STATISTIKPORTAL_INTEGRATED_2024_T1
2024,07,07140,municipality,071405009093,07140093,matched,Mermuth,Ortsgemeinde,241,38652.00,160.38,38652.00,0.00,0.00,STATISTIKPORTAL_INTEGRATED_2024_T1
2024,07,07140,municipality,071405009098,07140098,matched,Mühlpfad,Ortsgemeinde,62,0.00,0.00,0.00,0.00,0.00,STATISTIKPORTAL_INTEGRATED_2024_T1
2024,07,07140,municipality,071405009102,07140102,matched,Ney,Ortsgemeinde,368,80000.00,217.39,80000.00,0.00,0.00,STATISTIKPORTAL_INTEGRATED_2024_T1
2024,07,07140,municipality,071405009104,07140104,matched,Niederburg,Ortsgemeinde,656,317945.48,484.67,312792.00,5153.48,0.00,STATISTIKPORTAL_INTEGRATED_2024_T1
2024,07,07140,municipality,071405009108,07140108,matched,Niedert,Ortsgemeinde,127,0.00,0.00,0.00,0.00,0.00,STATISTIKPORTAL_INTEGRATED_2024_T1
2024,07,07140,municipality,071405009110,07140110,matched,Norath,Ortsgemeinde,498,0.00,0.00,0.00,0.00,0.00,STATISTIKPORTAL_INTEGRATED_2024_T1
2024,07,07140,municipality,071405009112,07140112,matched,"Oberwesel,St",Ortsgemeinde,2933,5153.48,1.76,0.00,5153.48,0.00,STATISTIKPORTAL_INTEGRATED_2024_T1
2024,07,07140,municipality,071405009116,07140116,matched,Perscheid,Ortsgemeinde,327,846386.41,2588.34,0.00,846386.41,0.00,STATISTIKPORTAL_INTEGRATED_2024_T1
2024,07,07140,municipality,071405009117,07140117,matched,Pfalzfeld,Ortsgemeinde,622,0.00,0.00,0.00,0.00,0.00,STATISTIKPORTAL_INTEGRATED_2024_T1
2024,07,07140,municipality,071405009133,07140133,matched,"Sankt Goar,St",Ortsgemeinde,2888,1870163.48,647.56,1865010.00,5153.48,0.00,STATISTIKPORTAL_INTEGRATED_2024_T1
2024,07,07140,municipality,071405009140,07140140,matched,Schwall,Ortsgemeinde,324,0.00,0.00,0.00,0.00,0.00,STATISTIKPORTAL_INTEGRATED_2024_T1
2024,07,07140,municipality,071405009149,07140149,matched,Thörlingen,Ortsgemeinde,138,0.00,0.00,0.00,0.00,0.00,STATISTIKPORTAL_INTEGRATED_2024_T1
2024,07,07140,municipality,071405009155,07140155,matched,Urbar,Ortsgemeinde,684,247976.48,362.54,242823.00,5153.48,0.00,STATISTIKPORTAL_INTEGRATED_2024_T1
2024,07,07140,municipality,071405009156,07140156,matched,Utzenhain,Ortsgemeinde,108,0.00,0.00,0.00,0.00,0.00,STATISTIKPORTAL_INTEGRATED_2024_T1
2024,07,07140,municipality,071405009161,07140161,matched,Wiebelsheim,Ortsgemeinde,603,848912.63,1407.82,0.00,848912.63,0.00,STATISTIKPORTAL_INTEGRATED_2024_T1
2024,07,07140,municipality,071405009201,07140201,matched,Beulich,Ortsgemeinde,484,0.00,0.00,0.00,0.00,0.00,STATISTIKPORTAL_INTEGRATED_2024_T1
2024,07,07140,municipality,071405009205,07140205,matched,Morshausen,Ortsgemeinde,346,58453.00,168.94,58453.00,0.00,0.00,STATISTIKPORTAL_INTEGRATED_2024_T1
2024,07,07141,county_administration,07141,,not_applicable,Landkreis Rhein-Lahn-Kreis,Landkreis,125484,97049576.95,773.40,57845990.00,11784141.40,27419445.55,STATISTIKPORTAL_INTEGRATED_2024_T1
2024,07,07141,municipality,071410075075,07141075,matched,"Lahnstein,St",verbandsfreie Gemeinde,18677,44011155.84,2356.44,33308692.00,1175369.32,9527094.52,STATISTIKPORTAL_INTEGRATED_2024_T1
2024,07,07141,joint_administration,071415003,,not_applicable,Verbandsgemeinde Diez,Verbandsgemeinde,25833,44214950.00,1711.57,160947.00,0.00,44054003.00,STATISTIKPORTAL_INTEGRATED_2024_T1
2024,07,07141,municipality,071415003002,07141002,matched,Altendiez,Ortsgemeinde,2199,2098451.58,954.28,1463023.00,165499.67,469928.91,STATISTIKPORTAL_INTEGRATED_2024_T1
2024,07,07141,municipality,071415003005,07141005,matched,Aull,Ortsgemeinde,391,229594.52,587.20,123967.00,27511.07,78116.45,STATISTIKPORTAL_INTEGRATED_2024_T1
2024,07,07141,municipality,071415003014,07141014,matched,Birlenbach,Ortsgemeinde,1653,2332058.18,1410.80,1875032.00,119034.12,337992.06,STATISTIKPORTAL_INTEGRATED_2024_T1
2024,07,07141,municipality,071415003021,07141021,matched,Charlottenberg,Ortsgemeinde,143,46991.78,328.61,0.00,12239.18,34752.60,STATISTIKPORTAL_INTEGRATED_2024_T1
2024,07,07141,municipality,071415003022,07141022,matched,Cramberg,Ortsgemeinde,471,160520.57,340.81,0.00,41808.16,118712.41,STATISTIKPORTAL_INTEGRATED_2024_T1
2024,07,07141,municipality,071415003029,07141029,matched,"Diez,St",Ortsgemeinde,11372,8500630.00,747.51,6030605.00,589980.00,1880045.00,STATISTIKPORTAL_INTEGRATED_2024_T1
2024,07,07141,municipality,071415003030,07141030,matched,Dörnberg,Ortsgemeinde,462,216592.47,468.81,78944.00,35851.04,101797.43,STATISTIKPORTAL_INTEGRATED_2024_T1
2024,07,07141,municipality,071415003038,07141038,matched,Eppenrod,Ortsgemeinde,733,699883.95,954.82,511501.00,49065.02,139317.93,STATISTIKPORTAL_INTEGRATED_2024_T1
2024,07,07141,municipality,071415003045,07141045,matched,Geilnau,Ortsgemeinde,356,288500.66,810.40,177467.00,28919.12,82114.54,STATISTIKPORTAL_INTEGRATED_2024_T1
2024,07,07141,municipality,071415003049,07141049,matched,Gückingen,Ortsgemeinde,1133,267811.52,236.37,0.00,69752.48,198059.04,STATISTIKPORTAL_INTEGRATED_2024_T1
2024,07,07141,municipality,071415003052,07141052,matched,Hambach,Ortsgemeinde,512,171034.93,334.05,52100.00,30977.03,87957.90,STATISTIKPORTAL_INTEGRATED_2024_T1
2024,07,07141,municipality,071415003053,07141053,matched,Heistenbach,Ortsgemeinde,1046,318048.78,304.06,39425.00,72568.57,206055.21,STATISTIKPORTAL_INTEGRATED_2024_T1
2024,07,07141,municipality,071415003057,07141057,matched,Hirschberg,Ortsgemeinde,403,178434.79,442.77,61995.00,30327.16,86112.63,STATISTIKPORTAL_INTEGRATED_2024_T1
2024,07,07141,municipality,071415003059,07141059,matched,Holzappel,Ortsgemeinde,1099,956209.93,870.07,599821.00,92822.78,263566.15,STATISTIKPORTAL_INTEGRATED_2024_T1
2024,07,07141,municipality,071415003061,07141061,matched,Holzheim,Ortsgemeinde,888,264484.67,297.84,0.00,68885.99,195598.68,STATISTIKPORTAL_INTEGRATED_2024_T1
2024,07,07141,municipality,071415003062,07141062,matched,Horhausen,Ortsgemeinde,304,248304.98,816.79,158480.00,23395.24,66429.74,STATISTIKPORTAL_INTEGRATED_2024_T1
2024,07,07141,municipality,071415003064,07141064,matched,Isselbach,Ortsgemeinde,385,106459.23,276.52,0.00,27727.69,78731.54,STATISTIKPORTAL_INTEGRATED_2024_T1
2024,07,07141,municipality,071415003076,07141076,matched,Langenscheid,Ortsgemeinde,526,180833.88,343.79,35700.00,37800.64,107333.24,STATISTIKPORTAL_INTEGRATED_2024_T1
2024,07,07141,municipality,071415003077,07141077,matched,Laurenburg,Ortsgemeinde,271,109287.39,403.27,9066.00,26103.02,74118.37,STATISTIKPORTAL_INTEGRATED_2024_T1
2024,07,07141,municipality,071415003124,07141124,matched,Scheidt,Ortsgemeinde,353,121014.21,342.82,0.00,31518.59,89495.62,STATISTIKPORTAL_INTEGRATED_2024_T1
2024,07,07141,municipality,071415003130,07141130,matched,Steinsberg,Ortsgemeinde,242,84418.84,348.84,0.00,21987.19,62431.65,STATISTIKPORTAL_INTEGRATED_2024_T1
2024,07,07141,municipality,071415003133,07141133,matched,Wasenbach,Ortsgemeinde,332,159251.41,479.67,64852.00,24586.67,69812.74,STATISTIKPORTAL_INTEGRATED_2024_T1
2024,07,07141,municipality,071415003503,07141503,matched,Balduinstein,Ortsgemeinde,559,185871.69,332.51,14123.00,44732.57,127016.12,STATISTIKPORTAL_INTEGRATED_2024_T1
2024,07,07141,joint_administration,071415007,,not_applicable,Verbandsgemeinde Nastätten,Verbandsgemeinde,16722,46039786.14,2753.25,0.00,0.00,46039786.14,STATISTIKPORTAL_INTEGRATED_2024_T1
2024,07,07141,municipality,071415007009,07141009,matched,Berg,Ortsgemeinde,248,0.00,0.00,0.00,0.00,0.00,STATISTIKPORTAL_INTEGRATED_2024_T1
2024,07,07141,municipality,071415007012,07141012,matched,Bettendorf,Ortsgemeinde,331,0.00,0.00,0.00,0.00,0.00,STATISTIKPORTAL_INTEGRATED_2024_T1
2024,07,07141,municipality,071415007015,07141015,matched,Bogel,Ortsgemeinde,807,0.00,0.00,0.00,0.00,0.00,STATISTIKPORTAL_INTEGRATED_2024_T1
2024,07,07141,municipality,071415007019,07141019,matched,Buch,Ortsgemeinde,619,0.00,0.00,0.00,0.00,0.00,STATISTIKPORTAL_INTEGRATED_2024_T1
2024,07,07141,municipality,071415007035,07141035,matched,Ehr,Ortsgemeinde,85,0.00,0.00,0.00,0.00,0.00,STATISTIKPORTAL_INTEGRATED_2024_T1
2024,07,07141,municipality,071415007037,07141037,matched,Endlichhofen,Ortsgemeinde,147,0.00,0.00,0.00,0.00,0.00,STATISTIKPORTAL_INTEGRATED_2024_T1
2024,07,07141,municipality,071415007040,07141040,matched,Eschbach,Ortsgemeinde,156,61704.00,395.54,61704.00,0.00,0.00,STATISTIKPORTAL_INTEGRATED_2024_T1
2024,07,07141,municipality,071415007047,07141047,matched,Gemmerich,Ortsgemeinde,548,0.00,0.00,0.00,0.00,0.00,STATISTIKPORTAL_INTEGRATED_2024_T1
2024,07,07141,municipality,071415007055,07141055,matched,Himmighofen,Ortsgemeinde,319,0.00,0.00,0.00,0.00,0.00,STATISTIKPORTAL_INTEGRATED_2024_T1
2024,07,07141,municipality,071415007060,07141060,matched,Holzhausen an der Haide,Ortsgemeinde,1207,263411.00,218.24,263411.00,0.00,0.00,STATISTIKPORTAL_INTEGRATED_2024_T1
2024,07,07141,municipality,071415007063,07141063,matched,Hunzel,Ortsgemeinde,262,0.00,0.00,0.00,0.00,0.00,STATISTIKPORTAL_INTEGRATED_2024_T1
2024,07,07141,municipality,071415007067,07141067,matched,Kasdorf,Ortsgemeinde,228,0.00,0.00,0.00,0.00,0.00,STATISTIKPORTAL_INTEGRATED_2024_T1
2024,07,07141,municipality,071415007070,07141070,matched,Kehlbach,Ortsgemeinde,180,0.00,0.00,0.00,0.00,0.00,STATISTIKPORTAL_INTEGRATED_2024_T1
2024,07,07141,municipality,071415007078,07141078,matched,Lautert,Ortsgemeinde,254,0.00,0.00,0.00,0.00,0.00,STATISTIKPORTAL_INTEGRATED_2024_T1
2024,07,07141,municipality,071415007080,07141080,matched,Lipporn,Ortsgemeinde,282,0.00,0.00,0.00,0.00,0.00,STATISTIKPORTAL_INTEGRATED_2024_T1
2024,07,07141,municipality,071415007084,07141084,matched,Marienfels,Ortsgemeinde,325,0.00,0.00,0.00,0.00,0.00,STATISTIKPORTAL_INTEGRATED_2024_T1
2024,07,07141,municipality,071415007085,07141085,matched,Miehlen,Ortsgemeinde,2045,0.00,0.00,0.00,0.00,0.00,STATISTIKPORTAL_INTEGRATED_2024_T1
2024,07,07141,municipality,071415007092,07141092,matched,"Nastätten,St",Ortsgemeinde,4568,2276058.00,498.26,2276058.00,0.00,0.00,STATISTIKPORTAL_INTEGRATED_2024_T1
2024,07,07141,municipality,071415007094,07141094,matched,Niederbachheim,Ortsgemeinde,264,0.00,0.00,0.00,0.00,0.00,STATISTIKPORTAL_INTEGRATED_2024_T1
2024,07,07141,municipality,071415007097,07141097,matched,Niederwallmenach,Ortsgemeinde,413,0.00,0.00,0.00,0.00,0.00,STATISTIKPORTAL_INTEGRATED_2024_T1
2024,07,07141,municipality,071415007100,07141100,matched,Oberbachheim,Ortsgemeinde,200,0.00,0.00,0.00,0.00,0.00,STATISTIKPORTAL_INTEGRATED_2024_T1
2024,07,07141,municipality,071415007104,07141104,matched,Obertiefenbach,Ortsgemeinde,387,0.00,0.00,0.00,0.00,0.00,STATISTIKPORTAL_INTEGRATED_2024_T1
2024,07,07141,municipality,071415007105,07141105,matched,Oberwallmenach,Ortsgemeinde,205,0.00,0.00,0.00,0.00,0.00,STATISTIKPORTAL_INTEGRATED_2024_T1
2024,07,07141,municipality,071415007107,07141107,matched,Oelsberg,Ortsgemeinde,571,221457.00,387.84,221457.00,0.00,0.00,STATISTIKPORTAL_INTEGRATED_2024_T1
2024,07,07141,municipality,071415007110,07141110,matched,Hainau,Ortsgemeinde,163,0.00,0.00,0.00,0.00,0.00,STATISTIKPORTAL_INTEGRATED_2024_T1
2024,07,07141,municipality,071415007116,07141116,matched,Rettershain,Ortsgemeinde,307,52544.00,171.15,52544.00,0.00,0.00,STATISTIKPORTAL_INTEGRATED_2024_T1
2024,07,07141,municipality,071415007120,07141120,matched,Ruppertshofen,Ortsgemeinde,341,0.00,0.00,0.00,0.00,0.00,STATISTIKPORTAL_INTEGRATED_2024_T1
2024,07,07141,municipality,071415007131,07141131,matched,Strüth,Ortsgemeinde,311,0.00,0.00,0.00,0.00,0.00,STATISTIKPORTAL_INTEGRATED_2024_T1
2024,07,07141,municipality,071415007134,07141134,matched,Weidenbach,Ortsgemeinde,113,0.00,0.00,0.00,0.00,0.00,STATISTIKPORTAL_INTEGRATED_2024_T1
2024,07,07141,municipality,071415007137,07141137,matched,Welterod,Ortsgemeinde,467,0.00,0.00,0.00,0.00,0.00,STATISTIKPORTAL_INTEGRATED_2024_T1
2024,07,07141,municipality,071415007140,07141140,matched,Winterwerb,Ortsgemeinde,151,41215.00,272.95,41215.00,0.00,0.00,STATISTIKPORTAL_INTEGRATED_2024_T1
2024,07,07141,municipality,071415007502,07141502,matched,Diethardt,Ortsgemeinde,218,0.00,0.00,0.00,0.00,0.00,STATISTIKPORTAL_INTEGRATED_2024_T1
2024,07,07141,joint_administration,071415009,,not_applicable,Verbandsgemeinde Loreley,Verbandsgemeinde,16276,55121773.95,3386.69,18631148.00,46381.32,36444244.63,STATISTIKPORTAL_INTEGRATED_2024_T1
2024,07,07141,municipality,071415009004,07141004,matched,Auel,Ortsgemeinde,175,9035.48,51.63,3882.00,5153.48,0.00,STATISTIKPORTAL_INTEGRATED_2024_T1
2024,07,07141,municipality,071415009016,07141016,matched,Bornich,Ortsgemeinde,931,216585.48,232.64,211432.00,5153.48,0.00,STATISTIKPORTAL_INTEGRATED_2024_T1
2024,07,07141,municipality,071415009023,07141023,matched,Dachsenhausen,Ortsgemeinde,978,332198.48,339.67,327045.00,5153.48,0.00,STATISTIKPORTAL_INTEGRATED_2024_T1
2024,07,07141,municipality,071415009024,07141024,matched,Dahlheim,Ortsgemeinde,821,301110.48,366.76,295957.00,5153.48,0.00,STATISTIKPORTAL_INTEGRATED_2024_T1
2024,07,07141,municipality,071415009031,07141031,matched,Dörscheid,Ortsgemeinde,363,5153.48,14.20,0.00,5153.48,0.00,STATISTIKPORTAL_INTEGRATED_2024_T1
2024,07,07141,municipality,071415009042,07141042,matched,Filsen,Ortsgemeinde,650,402807.48,619.70,127654.00,5153.48,270000.00,STATISTIKPORTAL_INTEGRATED_2024_T1
2024,07,07141,municipality,071415009066,07141066,matched,Kamp-Bornhofen,Ortsgemeinde,1496,1151173.48,769.50,1146020.00,5153.48,0.00,STATISTIKPORTAL_INTEGRATED_2024_T1
2024,07,07141,municipality,071415009069,07141069,matched,"Kaub,St",Ortsgemeinde,787,1031354.48,1310.49,1026201.00,5153.48,0.00,STATISTIKPORTAL_INTEGRATED_2024_T1
2024,07,07141,municipality,071415009072,07141072,matched,Kestert,Ortsgemeinde,624,235632.48,377.62,230479.00,5153.48,0.00,STATISTIKPORTAL_INTEGRATED_2024_T1
2024,07,07141,municipality,071415009079,07141079,matched,Lierschied,Ortsgemeinde,482,215840.48,447.80,210687.00,5153.48,0.00,STATISTIKPORTAL_INTEGRATED_2024_T1
2024,07,07141,municipality,071415009083,07141083,matched,Lykershausen,Ortsgemeinde,225,53412.48,237.39,48259.00,5153.48,0.00,STATISTIKPORTAL_INTEGRATED_2024_T1
2024,07,07141,municipality,071415009099,07141099,matched,Nochern,Ortsgemeinde,471,5153.48,10.94,0.00,5153.48,0.00,STATISTIKPORTAL_INTEGRATED_2024_T1
2024,07,07141,municipality,071415009108,07141108,matched,Osterspai,Ortsgemeinde,1253,1176510.48,938.95,1171357.00,5153.48,0.00,STATISTIKPORTAL_INTEGRATED_2024_T1
2024,07,07141,municipality,071415009109,07141109,matched,Patersberg,Ortsgemeinde,334,114511.48,342.85,109358.00,5153.48,0.00,STATISTIKPORTAL_INTEGRATED_2024_T1
2024,07,07141,municipality,071415009112,07141112,matched,Prath,Ortsgemeinde,303,352145.48,1162.20,346992.00,5153.48,0.00,STATISTIKPORTAL_INTEGRATED_2024_T1
2024,07,07141,municipality,071415009114,07141114,matched,Reichenberg,Ortsgemeinde,169,346476.48,2050.16,341323.00,5153.48,0.00,STATISTIKPORTAL_INTEGRATED_2024_T1
2024,07,07141,municipality,071415009115,07141115,matched,Reitzenhain,Ortsgemeinde,347,5153.48,14.85,0.00,5153.48,0.00,STATISTIKPORTAL_INTEGRATED_2024_T1
2024,07,07141,municipality,071415009121,07141121,matched,"Sankt Goarshausen,St",Ortsgemeinde,1247,1976783.48,1585.23,1971630.00,5153.48,0.00,STATISTIKPORTAL_INTEGRATED_2024_T1
2024,07,07141,municipality,071415009122,07141122,matched,Sauerthal,Ortsgemeinde,142,5153.48,36.29,0.00,5153.48,0.00,STATISTIKPORTAL_INTEGRATED_2024_T1
2024,07,07141,municipality,071415009136,07141136,matched,Weisel,Ortsgemeinde,1001,5153.48,5.15,0.00,5153.48,0.00,STATISTIKPORTAL_INTEGRATED_2024_T1
2024,07,07141,municipality,071415009138,07141138,matched,Weyer,Ortsgemeinde,485,148564.48,306.32,143411.00,5153.48,0.00,STATISTIKPORTAL_INTEGRATED_2024_T1
2024,07,07141,municipality,071415009501,07141501,matched,"Braubach,St",Ortsgemeinde,2992,5155995.48,1723.26,5150842.00,5153.48,0.00,STATISTIKPORTAL_INTEGRATED_2024_T1
2024,07,07141,joint_administration,071415010,,not_applicable,Verbandsgemeinde Bad Ems-Nassau,Verbandsgemeinde,29119,72360547.50,2484.99,11367325.00,7996.75,60985225.75,STATISTIKPORTAL_INTEGRATED_2024_T1
2024,07,07141,municipality,071415010003,07141003,matched,Attenhausen,Ortsgemeinde,411,146582.00,356.65,146582.00,0.00,0.00,STATISTIKPORTAL_INTEGRATED_2024_T1
2024,07,07141,municipality,071415010006,07141006,matched,"Bad Ems,St",Ortsgemeinde,9953,6181129.53,621.03,6172106.00,9023.53,0.00,STATISTIKPORTAL_INTEGRATED_2024_T1
2024,07,07141,municipality,071415010008,07141008,matched,Becheln,Ortsgemeinde,665,0.00,0.00,0.00,0.00,0.00,STATISTIKPORTAL_INTEGRATED_2024_T1
2024,07,07141,municipality,071415010025,07141025,matched,Dausenau,Ortsgemeinde,1295,1050967.00,811.56,1050967.00,0.00,0.00,STATISTIKPORTAL_INTEGRATED_2024_T1
2024,07,07141,municipality,071415010026,07141026,matched,Dessighofen,Ortsgemeinde,190,0.00,0.00,0.00,0.00,0.00,STATISTIKPORTAL_INTEGRATED_2024_T1
2024,07,07141,municipality,071415010027,07141027,matched,Dienethal,Ortsgemeinde,234,77741.00,332.23,77741.00,0.00,0.00,STATISTIKPORTAL_INTEGRATED_2024_T1
2024,07,07141,municipality,071415010033,07141033,matched,Dornholzhausen,Ortsgemeinde,207,4270.00,20.63,4270.00,0.00,0.00,STATISTIKPORTAL_INTEGRATED_2024_T1
2024,07,07141,municipality,071415010041,07141041,matched,Fachbach,Ortsgemeinde,1295,1008067.00,778.43,1008067.00,0.00,0.00,STATISTIKPORTAL_INTEGRATED_2024_T1
2024,07,07141,municipality,071415010044,07141044,matched,Frücht,Ortsgemeinde,573,15499.00,27.05,15499.00,0.00,0.00,STATISTIKPORTAL_INTEGRATED_2024_T1
2024,07,07141,municipality,071415010046,07141046,matched,Geisig,Ortsgemeinde,367,61010.00,166.24,61010.00,0.00,0.00,STATISTIKPORTAL_INTEGRATED_2024_T1
2024,07,07141,municipality,071415010058,07141058,matched,Hömberg,Ortsgemeinde,316,0.00,0.00,0.00,0.00,0.00,STATISTIKPORTAL_INTEGRATED_2024_T1
2024,07,07141,municipality,071415010071,07141071,matched,Kemmenau,Ortsgemeinde,506,16291.00,32.20,16291.00,0.00,0.00,STATISTIKPORTAL_INTEGRATED_2024_T1
2024,07,07141,municipality,071415010082,07141082,matched,Lollschied,Ortsgemeinde,191,0.00,0.00,0.00,0.00,0.00,STATISTIKPORTAL_INTEGRATED_2024_T1
2024,07,07141,municipality,071415010086,07141086,matched,Miellen,Ortsgemeinde,353,622148.00,1762.46,622148.00,0.00,0.00,STATISTIKPORTAL_INTEGRATED_2024_T1
2024,07,07141,municipality,071415010087,07141087,matched,Misselberg,Ortsgemeinde,90,0.00,0.00,0.00,0.00,0.00,STATISTIKPORTAL_INTEGRATED_2024_T1
2024,07,07141,municipality,071415010091,07141091,matched,"Nassau,St",Ortsgemeinde,4867,2012543.00,413.51,2012543.00,0.00,0.00,STATISTIKPORTAL_INTEGRATED_2024_T1
2024,07,07141,municipality,071415010098,07141098,matched,Nievern,Ortsgemeinde,1064,2195.00,2.06,2195.00,0.00,0.00,STATISTIKPORTAL_INTEGRATED_2024_T1
2024,07,07141,municipality,071415010103,07141103,matched,Obernhof,Ortsgemeinde,387,322910.00,834.39,322910.00,0.00,0.00,STATISTIKPORTAL_INTEGRATED_2024_T1
2024,07,07141,municipality,071415010106,07141106,matched,Oberwies,Ortsgemeinde,151,126678.00,838.93,126678.00,0.00,0.00,STATISTIKPORTAL_INTEGRATED_2024_T1
2024,07,07141,municipality,071415010111,07141111,matched,Pohl,Ortsgemeinde,352,0.00,0.00,0.00,0.00,0.00,STATISTIKPORTAL_INTEGRATED_2024_T1
2024,07,07141,municipality,071415010127,07141127,matched,Schweighausen,Ortsgemeinde,239,64532.00,270.01,64532.00,0.00,0.00,STATISTIKPORTAL_INTEGRATED_2024_T1
2024,07,07141,municipality,071415010128,07141128,matched,Seelbach,Ortsgemeinde,430,0.00,0.00,0.00,0.00,0.00,STATISTIKPORTAL_INTEGRATED_2024_T1
2024,07,07141,municipality,071415010129,07141129,matched,Singhofen,Ortsgemeinde,1792,0.00,0.00,0.00,0.00,0.00,STATISTIKPORTAL_INTEGRATED_2024_T1
2024,07,07141,municipality,071415010132,07141132,matched,Sulzbach,Ortsgemeinde,188,111610.00,593.67,111610.00,0.00,0.00,STATISTIKPORTAL_INTEGRATED_2024_T1
2024,07,07141,municipality,071415010135,07141135,matched,Weinähr,Ortsgemeinde,448,65128.00,145.38,65128.00,0.00,0.00,STATISTIKPORTAL_INTEGRATED_2024_T1
2024,07,07141,municipality,071415010139,07141139,matched,Winden,Ortsgemeinde,742,9106.00,12.27,9106.00,0.00,0.00,STATISTIKPORTAL_INTEGRATED_2024_T1
2024,07,07141,municipality,071415010141,07141141,matched,Zimmerschied,Ortsgemeinde,95,0.00,0.00,0.00,0.00,0.00,STATISTIKPORTAL_INTEGRATED_2024_T1
2024,07,07141,municipality,071415010201,07141201,matched,Arzbach,Ortsgemeinde,1718,409707.00,238.48,409707.00,0.00,0.00,STATISTIKPORTAL_INTEGRATED_2024_T1
2024,07,07141,joint_administration,071415011,,not_applicable,Verbandsgemeinde Aar-Einrich,Verbandsgemeinde,18857,30927093.00,1640.09,8007951.00,0.00,22919142.00,STATISTIKPORTAL_INTEGRATED_2024_T1
2024,07,07141,municipality,071415011001,07141001,matched,Allendorf,Ortsgemeinde,590,141869.14,240.46,0.00,74439.00,67430.14,STATISTIKPORTAL_INTEGRATED_2024_T1
2024,07,07141,municipality,071415011010,07141010,matched,Berghausen,Ortsgemeinde,296,82744.13,279.54,0.00,43416.00,39328.13,STATISTIKPORTAL_INTEGRATED_2024_T1
2024,07,07141,municipality,071415011011,07141011,matched,Berndroth,Ortsgemeinde,405,353963.25,873.98,272274.00,42862.50,38826.75,STATISTIKPORTAL_INTEGRATED_2024_T1
2024,07,07141,municipality,071415011013,07141013,matched,Biebrich,Ortsgemeinde,330,93498.81,283.33,0.00,49059.00,44439.81,STATISTIKPORTAL_INTEGRATED_2024_T1
2024,07,07141,municipality,071415011018,07141018,matched,Bremberg,Ortsgemeinde,260,137201.41,527.70,58754.00,41161.50,37285.91,STATISTIKPORTAL_INTEGRATED_2024_T1
2024,07,07141,municipality,071415011020,07141020,matched,Burgschwalbach,Ortsgemeinde,1076,971242.00,902.64,971242.00,0.00,0.00,STATISTIKPORTAL_INTEGRATED_2024_T1
2024,07,07141,municipality,071415011032,07141032,matched,Dörsdorf,Ortsgemeinde,426,120359.78,282.53,0.00,63153.00,57206.78,STATISTIKPORTAL_INTEGRATED_2024_T1
2024,07,07141,municipality,071415011034,07141034,matched,Ebertshausen,Ortsgemeinde,134,30102.81,224.65,0.00,15795.00,14307.81,STATISTIKPORTAL_INTEGRATED_2024_T1
2024,07,07141,municipality,071415011036,07141036,matched,Eisighofen,Ortsgemeinde,290,140549.97,484.66,54564.00,45117.00,40868.97,STATISTIKPORTAL_INTEGRATED_2024_T1
2024,07,07141,municipality,071415011039,07141039,matched,Ergeshausen,Ortsgemeinde,141,31157.69,220.98,0.00,16348.50,14809.19,STATISTIKPORTAL_INTEGRATED_2024_T1
2024,07,07141,municipality,071415011043,07141043,matched,Flacht,Ortsgemeinde,965,1295831.00,1342.83,1295831.00,0.00,0.00,STATISTIKPORTAL_INTEGRATED_2024_T1
2024,07,07141,municipality,071415011050,07141050,matched,Gutenacker,Ortsgemeinde,371,157975.43,425.81,0.00,82890.00,75085.43,STATISTIKPORTAL_INTEGRATED_2024_T1
2024,07,07141,municipality,071415011051,07141051,matched,Hahnstätten,Ortsgemeinde,3006,2261295.00,752.26,2261295.00,0.00,0.00,STATISTIKPORTAL_INTEGRATED_2024_T1
2024,07,07141,municipality,071415011054,07141054,matched,Herold,Ortsgemeinde,383,103172.88,269.38,0.00,54135.00,49037.88,STATISTIKPORTAL_INTEGRATED_2024_T1
2024,07,07141,municipality,071415011065,07141065,matched,Kaltenholzhausen,Ortsgemeinde,564,0.00,0.00,0.00,0.00,0.00,STATISTIKPORTAL_INTEGRATED_2024_T1
2024,07,07141,municipality,071415011068,07141068,matched,"Katzenelnbogen,St",Ortsgemeinde,2283,732521.29,320.86,33956.00,366538.50,332026.79,STATISTIKPORTAL_INTEGRATED_2024_T1
2024,07,07141,municipality,071415011073,07141073,matched,Klingelbach,Ortsgemeinde,777,170891.34,219.94,0.00,89667.00,81224.34,STATISTIKPORTAL_INTEGRATED_2024_T1
2024,07,07141,municipality,071415011074,07141074,matched,Kördorf,Ortsgemeinde,558,160014.56,286.76,46087.00,59778.00,54149.56,STATISTIKPORTAL_INTEGRATED_2024_T1
2024,07,07141,municipality,071415011081,07141081,matched,Lohrheim,Ortsgemeinde,596,611668.00,1026.29,611668.00,0.00,0.00,STATISTIKPORTAL_INTEGRATED_2024_T1
2024,07,07141,municipality,071415011088,07141088,matched,Mittelfischbach,Ortsgemeinde,158,0.00,0.00,0.00,0.00,0.00,STATISTIKPORTAL_INTEGRATED_2024_T1
2024,07,07141,municipality,071415011089,07141089,matched,Mudershausen,Ortsgemeinde,450,0.00,0.00,0.00,0.00,0.00,STATISTIKPORTAL_INTEGRATED_2024_T1
2024,07,07141,municipality,071415011093,07141093,matched,Netzbach,Ortsgemeinde,364,289318.00,794.83,289318.00,0.00,0.00,STATISTIKPORTAL_INTEGRATED_2024_T1
2024,07,07141,municipality,071415011095,07141095,matched,Niederneisen,Ortsgemeinde,1487,1260222.00,847.49,1260222.00,0.00,0.00,STATISTIKPORTAL_INTEGRATED_2024_T1
2024,07,07141,municipality,071415011096,07141096,matched,Niedertiefenbach,Ortsgemeinde,187,47289.71,252.89,0.00,24813.00,22476.71,STATISTIKPORTAL_INTEGRATED_2024_T1
2024,07,07141,municipality,071415011101,07141101,matched,Oberfischbach,Ortsgemeinde,151,42992.99,284.72,0.00,22558.50,20434.49,STATISTIKPORTAL_INTEGRATED_2024_T1
2024,07,07141,municipality,071415011102,07141102,matched,Oberneisen,Ortsgemeinde,715,439598.00,614.82,439598.00,0.00,0.00,STATISTIKPORTAL_INTEGRATED_2024_T1
2024,07,07141,municipality,071415011113,07141113,matched,Reckenroth,Ortsgemeinde,246,152623.82,620.42,0.00,80082.00,72541.82,STATISTIKPORTAL_INTEGRATED_2024_T1
2024,07,07141,municipality,071415011117,07141117,matched,Rettert,Ortsgemeinde,461,160544.21,348.25,47723.00,59197.50,53623.71,STATISTIKPORTAL_INTEGRATED_2024_T1
2024,07,07141,municipality,071415011118,07141118,matched,Roth,Ortsgemeinde,201,70934.57,352.91,0.00,37219.50,33715.07,STATISTIKPORTAL_INTEGRATED_2024_T1
2024,07,07141,municipality,071415011125,07141125,matched,Schiesheim,Ortsgemeinde,272,132157.00,485.87,132157.00,0.00,0.00,STATISTIKPORTAL_INTEGRATED_2024_T1
2024,07,07141,municipality,071415011126,07141126,matched,Schönborn,Ortsgemeinde,714,491097.93,687.81,335258.00,81769.50,74070.43,STATISTIKPORTAL_INTEGRATED_2024_T1
2024,07,07143,county_administration,07143,,not_applicable,Landkreis Westerwaldkreis,Landkreis,207614,67743420.84,326.30,3585760.00,14686897.59,49470763.25,STATISTIKPORTAL_INTEGRATED_2024_T1
2024,07,07143,joint_administration,071435001,,not_applicable,Verbandsgemeinde Bad Marienberg (Ww.),Verbandsgemeinde,19683,56746999.00,2883.05,1639701.00,0.00,55107298.00,STATISTIKPORTAL_INTEGRATED_2024_T1
2024,07,07143,municipality,071435001206,07143206,matched,"Bad Marienberg (Ww.),St",Ortsgemeinde,6148,1949926.00,317.16,1872693.00,0.00,77233.00,STATISTIKPORTAL_INTEGRATED_2024_T1
2024,07,07143,municipality,071435001211,07143211,matched,Bölsberg,Ortsgemeinde,228,0.00,0.00,0.00,0.00,0.00,STATISTIKPORTAL_INTEGRATED_2024_T1
2024,07,07143,municipality,071435001216,07143216,matched,Dreisbach,Ortsgemeinde,576,0.00,0.00,0.00,0.00,0.00,STATISTIKPORTAL_INTEGRATED_2024_T1
2024,07,07143,municipality,071435001222,07143222,matched,Fehl-Ritzhausen,Ortsgemeinde,796,0.00,0.00,0.00,0.00,0.00,STATISTIKPORTAL_INTEGRATED_2024_T1
2024,07,07143,municipality,071435001227,07143227,matched,Großseifen,Ortsgemeinde,628,0.00,0.00,0.00,0.00,0.00,STATISTIKPORTAL_INTEGRATED_2024_T1
2024,07,07143,municipality,071435001231,07143231,matched,Hahn bei Marienberg,Ortsgemeinde,451,64093.00,142.11,64093.00,0.00,0.00,STATISTIKPORTAL_INTEGRATED_2024_T1
2024,07,07143,municipality,071435001234,07143234,matched,Hardt,Ortsgemeinde,446,0.00,0.00,0.00,0.00,0.00,STATISTIKPORTAL_INTEGRATED_2024_T1
2024,07,07143,municipality,071435001243,07143243,matched,Hof,Ortsgemeinde,1310,0.00,0.00,0.00,0.00,0.00,STATISTIKPORTAL_INTEGRATED_2024_T1
2024,07,07143,municipality,071435001248,07143248,matched,Kirburg,Ortsgemeinde,611,0.00,0.00,0.00,0.00,0.00,STATISTIKPORTAL_INTEGRATED_2024_T1
2024,07,07143,municipality,071435001253,07143253,matched,Langenbach bei Kirburg,Ortsgemeinde,1089,0.00,0.00,0.00,0.00,0.00,STATISTIKPORTAL_INTEGRATED_2024_T1
2024,07,07143,municipality,071435001255,07143255,matched,Lautzenbrücken,Ortsgemeinde,445,96684.58,217.27,0.00,1551.45,95133.13,STATISTIKPORTAL_INTEGRATED_2024_T1
2024,07,07143,municipality,071435001264,07143264,matched,Mörlen,Ortsgemeinde,528,0.00,0.00,0.00,0.00,0.00,STATISTIKPORTAL_INTEGRATED_2024_T1
2024,07,07143,municipality,071435001270,07143270,matched,Neunkhausen,Ortsgemeinde,1029,0.00,0.00,0.00,0.00,0.00,STATISTIKPORTAL_INTEGRATED_2024_T1
2024,07,07143,municipality,071435001277,07143277,matched,Nisterau,Ortsgemeinde,846,0.00,0.00,0.00,0.00,0.00,STATISTIKPORTAL_INTEGRATED_2024_T1
2024,07,07143,municipality,071435001279,07143279,matched,Nistertal,Ortsgemeinde,1169,26632.00,22.78,26632.00,0.00,0.00,STATISTIKPORTAL_INTEGRATED_2024_T1
2024,07,07143,municipality,071435001280,07143280,matched,Norken,Ortsgemeinde,971,0.00,0.00,0.00,0.00,0.00,STATISTIKPORTAL_INTEGRATED_2024_T1
2024,07,07143,municipality,071435001297,07143297,matched,Stockhausen-Illfurth,Ortsgemeinde,425,0.00,0.00,0.00,0.00,0.00,STATISTIKPORTAL_INTEGRATED_2024_T1
2024,07,07143,municipality,071435001300,07143300,matched,Unnau,Ortsgemeinde,1987,373032.00,187.74,373032.00,0.00,0.00,STATISTIKPORTAL_INTEGRATED_2024_T1
2024,07,07143,joint_administration,071435002,,not_applicable,Verbandsgemeinde Hachenburg,Verbandsgemeinde,25081,39622771.45,1579.79,751725.00,2451381.00,36419665.45,STATISTIKPORTAL_INTEGRATED_2024_T1
2024,07,07143,municipality,071435002202,07143202,matched,Alpenrod,Ortsgemeinde,1645,286562.00,174.20,286562.00,0.00,0.00,STATISTIKPORTAL_INTEGRATED_2024_T1
2024,07,07143,municipality,071435002204,07143204,matched,Astert,Ortsgemeinde,268,0.00,0.00,0.00,0.00,0.00,STATISTIKPORTAL_INTEGRATED_2024_T1
2024,07,07143,municipality,071435002205,07143205,matched,Atzelgift,Ortsgemeinde,637,0.00,0.00,0.00,0.00,0.00,STATISTIKPORTAL_INTEGRATED_2024_T1
2024,07,07143,municipality,071435002212,07143212,matched,Borod,Ortsgemeinde,545,56480.00,103.63,56480.00,0.00,0.00,STATISTIKPORTAL_INTEGRATED_2024_T1
2024,07,07143,municipality,071435002215,07143215,matched,Dreifelden,Ortsgemeinde,281,0.00,0.00,0.00,0.00,0.00,STATISTIKPORTAL_INTEGRATED_2024_T1
2024,07,07143,municipality,071435002223,07143223,matched,Gehlert,Ortsgemeinde,628,70623.00,112.46,70623.00,0.00,0.00,STATISTIKPORTAL_INTEGRATED_2024_T1
2024,07,07143,municipality,071435002225,07143225,matched,Giesenhausen,Ortsgemeinde,330,1911.54,5.79,0.00,1911.54,0.00,STATISTIKPORTAL_INTEGRATED_2024_T1
2024,07,07143,municipality,071435002229,07143229,matched,"Hachenburg,St",Ortsgemeinde,6294,2303895.00,366.05,2303895.00,0.00,0.00,STATISTIKPORTAL_INTEGRATED_2024_T1
2024,07,07143,municipality,071435002235,07143235,matched,Hattert,Ortsgemeinde,1755,0.00,0.00,0.00,0.00,0.00,STATISTIKPORTAL_INTEGRATED_2024_T1
2024,07,07143,municipality,071435002236,07143236,matched,Heimborn,Ortsgemeinde,284,1911.54,6.73,0.00,1911.54,0.00,STATISTIKPORTAL_INTEGRATED_2024_T1
2024,07,07143,municipality,071435002240,07143240,matched,Heuzert,Ortsgemeinde,119,0.00,0.00,0.00,0.00,0.00,STATISTIKPORTAL_INTEGRATED_2024_T1
2024,07,07143,municipality,071435002241,07143241,matched,Höchstenbach,Ortsgemeinde,730,0.00,0.00,0.00,0.00,0.00,STATISTIKPORTAL_INTEGRATED_2024_T1
2024,07,07143,municipality,071435002250,07143250,matched,Kroppach,Ortsgemeinde,784,132933.54,169.56,131022.00,1911.54,0.00,STATISTIKPORTAL_INTEGRATED_2024_T1
2024,07,07143,municipality,071435002252,07143252,matched,Kundert,Ortsgemeinde,278,1911.42,6.88,0.00,1911.42,0.00,STATISTIKPORTAL_INTEGRATED_2024_T1
2024,07,07143,municipality,071435002257,07143257,matched,Limbach,Ortsgemeinde,412,164665.00,399.67,164665.00,0.00,0.00,STATISTIKPORTAL_INTEGRATED_2024_T1
2024,07,07143,municipality,071435002258,07143258,matched,Linden,Ortsgemeinde,151,0.00,0.00,0.00,0.00,0.00,STATISTIKPORTAL_INTEGRATED_2024_T1
2024,07,07143,municipality,071435002259,07143259,matched,Lochum,Ortsgemeinde,304,0.00,0.00,0.00,0.00,0.00,STATISTIKPORTAL_INTEGRATED_2024_T1
2024,07,07143,municipality,071435002260,07143260,matched,Luckenbach,Ortsgemeinde,692,0.00,0.00,0.00,0.00,0.00,STATISTIKPORTAL_INTEGRATED_2024_T1
2024,07,07143,municipality,071435002261,07143261,matched,Marzhausen,Ortsgemeinde,255,0.00,0.00,0.00,0.00,0.00,STATISTIKPORTAL_INTEGRATED_2024_T1
2024,07,07143,municipality,071435002262,07143262,matched,Merkelbach,Ortsgemeinde,442,67425.00,152.55,67425.00,0.00,0.00,STATISTIKPORTAL_INTEGRATED_2024_T1
2024,07,07143,municipality,071435002265,07143265,matched,Mörsbach,Ortsgemeinde,407,91232.54,224.16,89321.00,1911.54,0.00,STATISTIKPORTAL_INTEGRATED_2024_T1
2024,07,07143,municipality,071435002267,07143267,matched,Mudenbach,Ortsgemeinde,760,0.00,0.00,0.00,0.00,0.00,STATISTIKPORTAL_INTEGRATED_2024_T1
2024,07,07143,municipality,071435002268,07143268,matched,Mündersbach,Ortsgemeinde,773,677456.00,876.40,677456.00,0.00,0.00,STATISTIKPORTAL_INTEGRATED_2024_T1
2024,07,07143,municipality,071435002269,07143269,matched,Müschenbach,Ortsgemeinde,967,0.00,0.00,0.00,0.00,0.00,STATISTIKPORTAL_INTEGRATED_2024_T1
2024,07,07143,municipality,071435002276,07143276,matched,Nister,Ortsgemeinde,1094,543515.00,496.81,543515.00,0.00,0.00,STATISTIKPORTAL_INTEGRATED_2024_T1
2024,07,07143,municipality,071435002287,07143287,matched,Roßbach,Ortsgemeinde,861,0.00,0.00,0.00,0.00,0.00,STATISTIKPORTAL_INTEGRATED_2024_T1
2024,07,07143,municipality,071435002294,07143294,matched,Steinebach an der Wied,Ortsgemeinde,825,0.00,0.00,0.00,0.00,0.00,STATISTIKPORTAL_INTEGRATED_2024_T1
2024,07,07143,municipality,071435002296,07143296,matched,Stein-Wingert,Ortsgemeinde,220,1911.42,8.69,0.00,1911.42,0.00,STATISTIKPORTAL_INTEGRATED_2024_T1
2024,07,07143,municipality,071435002299,07143299,matched,Streithausen,Ortsgemeinde,490,267655.00,546.23,267655.00,0.00,0.00,STATISTIKPORTAL_INTEGRATED_2024_T1
2024,07,07143,municipality,071435002301,07143301,matched,Wahlrod,Ortsgemeinde,919,0.00,0.00,0.00,0.00,0.00,STATISTIKPORTAL_INTEGRATED_2024_T1
2024,07,07143,municipality,071435002306,07143306,matched,Welkenbach,Ortsgemeinde,153,0.00,0.00,0.00,0.00,0.00,STATISTIKPORTAL_INTEGRATED_2024_T1
2024,07,07143,municipality,071435002310,07143310,matched,Wied,Ortsgemeinde,548,0.00,0.00,0.00,0.00,0.00,STATISTIKPORTAL_INTEGRATED_2024_T1
2024,07,07143,municipality,071435002313,07143313,matched,Winkelbach,Ortsgemeinde,230,0.00,0.00,0.00,0.00,0.00,STATISTIKPORTAL_INTEGRATED_2024_T1
2024,07,07143,joint_administration,071435003,,not_applicable,Verbandsgemeinde Höhr-Grenzhausen,Verbandsgemeinde,13602,20081772.00,1476.38,1592168.00,0.00,18489604.00,STATISTIKPORTAL_INTEGRATED_2024_T1
2024,07,07143,municipality,071435003030,07143030,matched,Hilgert,Ortsgemeinde,1517,408491.00,269.28,408491.00,0.00,0.00,STATISTIKPORTAL_INTEGRATED_2024_T1
2024,07,07143,municipality,071435003031,07143031,matched,Hillscheid,Ortsgemeinde,2463,0.00,0.00,0.00,0.00,0.00,STATISTIKPORTAL_INTEGRATED_2024_T1
2024,07,07143,municipality,071435003032,07143032,matched,"Höhr-Grenzhausen,St",Ortsgemeinde,9361,5323604.00,568.70,4699134.00,624470.00,0.00,STATISTIKPORTAL_INTEGRATED_2024_T1
2024,07,07143,municipality,071435003040,07143040,matched,Kammerforst,Ortsgemeinde,261,0.00,0.00,0.00,0.00,0.00,STATISTIKPORTAL_INTEGRATED_2024_T1
2024,07,07143,joint_administration,071435004,,not_applicable,Verbandsgemeinde Montabaur,Verbandsgemeinde,41552,56326015.00,1355.55,4601294.00,2664367.00,49060354.00,STATISTIKPORTAL_INTEGRATED_2024_T1
2024,07,07143,municipality,071435004005,07143005,matched,Boden,Ortsgemeinde,680,0.00,0.00,0.00,0.00,0.00,STATISTIKPORTAL_INTEGRATED_2024_T1
2024,07,07143,municipality,071435004008,07143008,matched,Daubach,Ortsgemeinde,476,0.00,0.00,0.00,0.00,0.00,STATISTIKPORTAL_INTEGRATED_2024_T1
2024,07,07143,municipality,071435004013,07143013,matched,Eitelborn,Ortsgemeinde,2499,0.00,0.00,0.00,0.00,0.00,STATISTIKPORTAL_INTEGRATED_2024_T1
2024,07,07143,municipality,071435004020,07143020,matched,Gackenbach,Ortsgemeinde,549,0.00,0.00,0.00,0.00,0.00,STATISTIKPORTAL_INTEGRATED_2024_T1
2024,07,07143,municipality,071435004021,07143021,matched,Girod,Ortsgemeinde,1203,0.00,0.00,0.00,0.00,0.00,STATISTIKPORTAL_INTEGRATED_2024_T1
2024,07,07143,municipality,071435004023,07143023,matched,Görgeshausen,Ortsgemeinde,963,0.00,0.00,0.00,0.00,0.00,STATISTIKPORTAL_INTEGRATED_2024_T1
2024,07,07143,municipality,071435004024,07143024,matched,Großholbach,Ortsgemeinde,962,0.00,0.00,0.00,0.00,0.00,STATISTIKPORTAL_INTEGRATED_2024_T1
2024,07,07143,municipality,071435004026,07143026,matched,Heilberscheid,Ortsgemeinde,636,0.00,0.00,0.00,0.00,0.00,STATISTIKPORTAL_INTEGRATED_2024_T1
2024,07,07143,municipality,071435004027,07143027,matched,Heiligenroth,Ortsgemeinde,1473,364715.00,247.60,364715.00,0.00,0.00,STATISTIKPORTAL_INTEGRATED_2024_T1
2024,07,07143,municipality,071435004033,07143033,matched,Holler,Ortsgemeinde,1019,0.00,0.00,0.00,0.00,0.00,STATISTIKPORTAL_INTEGRATED_2024_T1
2024,07,07143,municipality,071435004034,07143034,matched,Horbach,Ortsgemeinde,715,0.00,0.00,0.00,0.00,0.00,STATISTIKPORTAL_INTEGRATED_2024_T1
2024,07,07143,municipality,071435004036,07143036,matched,Hübingen,Ortsgemeinde,526,0.00,0.00,0.00,0.00,0.00,STATISTIKPORTAL_INTEGRATED_2024_T1
2024,07,07143,municipality,071435004039,07143039,matched,Kadenbach,Ortsgemeinde,1300,0.00,0.00,0.00,0.00,0.00,STATISTIKPORTAL_INTEGRATED_2024_T1
2024,07,07143,municipality,071435004048,07143048,matched,"Montabaur,St",Ortsgemeinde,14808,5252576.00,354.71,5252576.00,0.00,0.00,STATISTIKPORTAL_INTEGRATED_2024_T1
2024,07,07143,municipality,071435004051,07143051,matched,Nentershausen,Ortsgemeinde,2104,0.00,0.00,0.00,0.00,0.00,STATISTIKPORTAL_INTEGRATED_2024_T1
2024,07,07143,municipality,071435004052,07143052,matched,Neuhäusel,Ortsgemeinde,2048,0.00,0.00,0.00,0.00,0.00,STATISTIKPORTAL_INTEGRATED_2024_T1
2024,07,07143,municipality,071435004053,07143053,matched,Niederelbert,Ortsgemeinde,1750,0.00,0.00,0.00,0.00,0.00,STATISTIKPORTAL_INTEGRATED_2024_T1
2024,07,07143,municipality,071435004054,07143054,matched,Niedererbach,Ortsgemeinde,1027,62450.00,60.81,62450.00,0.00,0.00,STATISTIKPORTAL_INTEGRATED_2024_T1
2024,07,07143,municipality,071435004055,07143055,matched,Nomborn,Ortsgemeinde,681,0.00,0.00,0.00,0.00,0.00,STATISTIKPORTAL_INTEGRATED_2024_T1
2024,07,07143,municipality,071435004057,07143057,matched,Oberelbert,Ortsgemeinde,1170,193500.00,165.38,193500.00,0.00,0.00,STATISTIKPORTAL_INTEGRATED_2024_T1
2024,07,07143,municipality,071435004065,07143065,matched,Ruppach-Goldhausen,Ortsgemeinde,1223,0.00,0.00,0.00,0.00,0.00,STATISTIKPORTAL_INTEGRATED_2024_T1
2024,07,07143,municipality,071435004071,07143071,matched,Simmern,Ortsgemeinde,1524,0.00,0.00,0.00,0.00,0.00,STATISTIKPORTAL_INTEGRATED_2024_T1
2024,07,07143,municipality,071435004072,07143072,matched,Stahlhofen,Ortsgemeinde,737,0.00,0.00,0.00,0.00,0.00,STATISTIKPORTAL_INTEGRATED_2024_T1
2024,07,07143,municipality,071435004077,07143077,matched,Untershausen,Ortsgemeinde,507,61610.00,121.52,61610.00,0.00,0.00,STATISTIKPORTAL_INTEGRATED_2024_T1
2024,07,07143,municipality,071435004079,07143079,matched,Welschneudorf,Ortsgemeinde,972,0.00,0.00,0.00,0.00,0.00,STATISTIKPORTAL_INTEGRATED_2024_T1
2024,07,07143,joint_administration,071435005,,not_applicable,Verbandsgemeinde Ransbach-Baumbach,Verbandsgemeinde,15617,19218411.00,1230.61,2718607.00,0.00,16499804.00,STATISTIKPORTAL_INTEGRATED_2024_T1
2024,07,07143,municipality,071435005001,07143001,matched,Alsbach,Ortsgemeinde,643,211079.00,328.27,0.00,211079.00,0.00,STATISTIKPORTAL_INTEGRATED_2024_T1
2024,07,07143,municipality,071435005006,07143006,matched,Breitenau,Ortsgemeinde,712,0.00,0.00,0.00,0.00,0.00,STATISTIKPORTAL_INTEGRATED_2024_T1
2024,07,07143,municipality,071435005007,07143007,matched,Caan,Ortsgemeinde,675,211079.00,312.71,0.00,211079.00,0.00,STATISTIKPORTAL_INTEGRATED_2024_T1
2024,07,07143,municipality,071435005009,07143009,matched,Deesen,Ortsgemeinde,780,0.00,0.00,0.00,0.00,0.00,STATISTIKPORTAL_INTEGRATED_2024_T1
2024,07,07143,municipality,071435005038,07143038,matched,Hundsdorf,Ortsgemeinde,470,0.00,0.00,0.00,0.00,0.00,STATISTIKPORTAL_INTEGRATED_2024_T1
2024,07,07143,municipality,071435005050,07143050,matched,Nauort,Ortsgemeinde,2313,0.00,0.00,0.00,0.00,0.00,STATISTIKPORTAL_INTEGRATED_2024_T1
2024,07,07143,municipality,071435005059,07143059,matched,Oberhaid,Ortsgemeinde,383,0.00,0.00,0.00,0.00,0.00,STATISTIKPORTAL_INTEGRATED_2024_T1
2024,07,07143,municipality,071435005062,07143062,matched,"Ransbach-Baumbach,St",Ortsgemeinde,8128,1885954.00,232.03,1885954.00,0.00,0.00,STATISTIKPORTAL_INTEGRATED_2024_T1
2024,07,07143,municipality,071435005068,07143068,matched,Sessenbach,Ortsgemeinde,518,362661.00,700.12,151582.00,211079.00,0.00,STATISTIKPORTAL_INTEGRATED_2024_T1
2024,07,07143,municipality,071435005082,07143082,matched,Wirscheid,Ortsgemeinde,345,211079.00,611.82,0.00,211079.00,0.00,STATISTIKPORTAL_INTEGRATED_2024_T1
2024,07,07143,municipality,071435005084,07143084,matched,Wittgert,Ortsgemeinde,650,110073.00,169.34,110073.00,0.00,0.00,STATISTIKPORTAL_INTEGRATED_2024_T1
2024,07,07143,joint_administration,071435006,,not_applicable,Verbandsgemeinde Rennerod,Verbandsgemeinde,17139,37836610.32,2207.63,0.00,0.00,37836610.32,STATISTIKPORTAL_INTEGRATED_2024_T1
2024,07,07143,municipality,071435006214,07143214,matched,Bretthausen,Ortsgemeinde,212,0.00,0.00,0.00,0.00,0.00,STATISTIKPORTAL_INTEGRATED_2024_T1
2024,07,07143,municipality,071435006218,07143218,matched,Elsoff (Westerwald),Ortsgemeinde,990,0.00,0.00,0.00,0.00,0.00,STATISTIKPORTAL_INTEGRATED_2024_T1
2024,07,07143,municipality,071435006237,07143237,matched,Hellenhahn-Schellenberg,Ortsgemeinde,1228,0.00,0.00,0.00,0.00,0.00,STATISTIKPORTAL_INTEGRATED_2024_T1
2024,07,07143,municipality,071435006244,07143244,matched,Homberg,Ortsgemeinde,188,0.00,0.00,0.00,0.00,0.00,STATISTIKPORTAL_INTEGRATED_2024_T1
2024,07,07143,municipality,071435006245,07143245,matched,Hüblingen,Ortsgemeinde,296,0.00,0.00,0.00,0.00,0.00,STATISTIKPORTAL_INTEGRATED_2024_T1
2024,07,07143,municipality,071435006246,07143246,matched,Irmtraut,Ortsgemeinde,807,0.00,0.00,0.00,0.00,0.00,STATISTIKPORTAL_INTEGRATED_2024_T1
2024,07,07143,municipality,071435006256,07143256,matched,Liebenscheid,Ortsgemeinde,841,0.00,0.00,0.00,0.00,0.00,STATISTIKPORTAL_INTEGRATED_2024_T1
2024,07,07143,municipality,071435006271,07143271,matched,Neunkirchen,Ortsgemeinde,572,0.00,0.00,0.00,0.00,0.00,STATISTIKPORTAL_INTEGRATED_2024_T1
2024,07,07143,municipality,071435006272,07143272,matched,Neustadt/Westerwald,Ortsgemeinde,571,0.00,0.00,0.00,0.00,0.00,STATISTIKPORTAL_INTEGRATED_2024_T1
2024,07,07143,municipality,071435006274,07143274,matched,Niederroßbach,Ortsgemeinde,731,0.00,0.00,0.00,0.00,0.00,STATISTIKPORTAL_INTEGRATED_2024_T1
2024,07,07143,municipality,071435006278,07143278,matched,Nister-Möhrendorf,Ortsgemeinde,305,0.00,0.00,0.00,0.00,0.00,STATISTIKPORTAL_INTEGRATED_2024_T1
2024,07,07143,municipality,071435006282,07143282,matched,Oberrod,Ortsgemeinde,658,0.00,0.00,0.00,0.00,0.00,STATISTIKPORTAL_INTEGRATED_2024_T1
2024,07,07143,municipality,071435006283,07143283,matched,Oberroßbach,Ortsgemeinde,353,0.00,0.00,0.00,0.00,0.00,STATISTIKPORTAL_INTEGRATED_2024_T1
2024,07,07143,municipality,071435006285,07143285,matched,Rehe,Ortsgemeinde,947,0.00,0.00,0.00,0.00,0.00,STATISTIKPORTAL_INTEGRATED_2024_T1
2024,07,07143,municipality,071435006286,07143286,matched,"Rennerod,St",Ortsgemeinde,4440,28070.00,6.32,28070.00,0.00,0.00,STATISTIKPORTAL_INTEGRATED_2024_T1
2024,07,07143,municipality,071435006291,07143291,matched,Salzburg,Ortsgemeinde,230,0.00,0.00,0.00,0.00,0.00,STATISTIKPORTAL_INTEGRATED_2024_T1
2024,07,07143,municipality,071435006292,07143292,matched,Seck,Ortsgemeinde,1176,0.00,0.00,0.00,0.00,0.00,STATISTIKPORTAL_INTEGRATED_2024_T1
2024,07,07143,municipality,071435006295,07143295,matched,Stein-Neukirch,Ortsgemeinde,439,0.00,0.00,0.00,0.00,0.00,STATISTIKPORTAL_INTEGRATED_2024_T1
2024,07,07143,municipality,071435006302,07143302,matched,Waigandshain,Ortsgemeinde,217,0.00,0.00,0.00,0.00,0.00,STATISTIKPORTAL_INTEGRATED_2024_T1
2024,07,07143,municipality,071435006303,07143303,matched,Waldmühlen,Ortsgemeinde,307,0.00,0.00,0.00,0.00,0.00,STATISTIKPORTAL_INTEGRATED_2024_T1
2024,07,07143,municipality,071435006309,07143309,matched,Westernohe,Ortsgemeinde,957,0.00,0.00,0.00,0.00,0.00,STATISTIKPORTAL_INTEGRATED_2024_T1
2024,07,07143,municipality,071435006311,07143311,matched,Willingen,Ortsgemeinde,287,0.00,0.00,0.00,0.00,0.00,STATISTIKPORTAL_INTEGRATED_2024_T1
2024,07,07143,municipality,071435006315,07143315,matched,Zehnhausen bei Rennerod,Ortsgemeinde,387,0.00,0.00,0.00,0.00,0.00,STATISTIKPORTAL_INTEGRATED_2024_T1
2024,07,07143,joint_administration,071435007,,not_applicable,Verbandsgemeinde Selters (Westerwald),Verbandsgemeinde,16500,30371562.00,1840.70,283074.00,0.00,30088488.00,STATISTIKPORTAL_INTEGRATED_2024_T1
2024,07,07143,municipality,071435007015,07143015,matched,Ellenhausen,Ortsgemeinde,295,0.00,0.00,0.00,0.00,0.00,STATISTIKPORTAL_INTEGRATED_2024_T1
2024,07,07143,municipality,071435007018,07143018,matched,Freilingen,Ortsgemeinde,726,0.00,0.00,0.00,0.00,0.00,STATISTIKPORTAL_INTEGRATED_2024_T1
2024,07,07143,municipality,071435007019,07143019,matched,Freirachdorf,Ortsgemeinde,688,0.00,0.00,0.00,0.00,0.00,STATISTIKPORTAL_INTEGRATED_2024_T1
2024,07,07143,municipality,071435007022,07143022,matched,Goddert,Ortsgemeinde,437,0.00,0.00,0.00,0.00,0.00,STATISTIKPORTAL_INTEGRATED_2024_T1
2024,07,07143,municipality,071435007025,07143025,matched,Hartenfels,Ortsgemeinde,771,71910.00,93.27,71910.00,0.00,0.00,STATISTIKPORTAL_INTEGRATED_2024_T1
2024,07,07143,municipality,071435007029,07143029,matched,Herschbach,Ortsgemeinde,3025,265651.00,87.82,265651.00,0.00,0.00,STATISTIKPORTAL_INTEGRATED_2024_T1
2024,07,07143,municipality,071435007041,07143041,matched,Krümmel,Ortsgemeinde,303,0.00,0.00,0.00,0.00,0.00,STATISTIKPORTAL_INTEGRATED_2024_T1
2024,07,07143,municipality,071435007044,07143044,matched,Marienrachdorf,Ortsgemeinde,1035,87939.00,84.97,87939.00,0.00,0.00,STATISTIKPORTAL_INTEGRATED_2024_T1
2024,07,07143,municipality,071435007045,07143045,matched,Maroth,Ortsgemeinde,250,27434.00,109.74,27434.00,0.00,0.00,STATISTIKPORTAL_INTEGRATED_2024_T1
2024,07,07143,municipality,071435007046,07143046,matched,Maxsain,Ortsgemeinde,1015,0.00,0.00,0.00,0.00,0.00,STATISTIKPORTAL_INTEGRATED_2024_T1
2024,07,07143,municipality,071435007056,07143056,matched,Nordhofen,Ortsgemeinde,531,0.00,0.00,0.00,0.00,0.00,STATISTIKPORTAL_INTEGRATED_2024_T1
2024,07,07143,municipality,071435007061,07143061,matched,Quirnbach,Ortsgemeinde,491,0.00,0.00,0.00,0.00,0.00,STATISTIKPORTAL_INTEGRATED_2024_T1
2024,07,07143,municipality,071435007064,07143064,matched,Rückeroth,Ortsgemeinde,470,0.00,0.00,0.00,0.00,0.00,STATISTIKPORTAL_INTEGRATED_2024_T1
2024,07,07143,municipality,071435007066,07143066,matched,Schenkelberg,Ortsgemeinde,635,76281.00,120.13,76281.00,0.00,0.00,STATISTIKPORTAL_INTEGRATED_2024_T1
2024,07,07143,municipality,071435007067,07143067,matched,Selters (Westerwald),Ortsgemeinde,2926,0.00,0.00,0.00,0.00,0.00,STATISTIKPORTAL_INTEGRATED_2024_T1
2024,07,07143,municipality,071435007069,07143069,matched,Sessenhausen,Ortsgemeinde,842,926355.00,1100.18,926355.00,0.00,0.00,STATISTIKPORTAL_INTEGRATED_2024_T1
2024,07,07143,municipality,071435007075,07143075,matched,Steinen,Ortsgemeinde,230,0.00,0.00,0.00,0.00,0.00,STATISTIKPORTAL_INTEGRATED_2024_T1
2024,07,07143,municipality,071435007078,07143078,matched,Vielbach,Ortsgemeinde,553,0.00,0.00,0.00,0.00,0.00,STATISTIKPORTAL_INTEGRATED_2024_T1
2024,07,07143,municipality,071435007085,07143085,matched,Wölferlingen,Ortsgemeinde,479,0.00,0.00,0.00,0.00,0.00,STATISTIKPORTAL_INTEGRATED_2024_T1
2024,07,07143,municipality,071435007221,07143221,matched,Ewighausen,Ortsgemeinde,239,0.00,0.00,0.00,0.00,0.00,STATISTIKPORTAL_INTEGRATED_2024_T1
2024,07,07143,municipality,071435007305,07143305,matched,Weidenhahn,Ortsgemeinde,559,205366.00,367.38,205366.00,0.00,0.00,STATISTIKPORTAL_INTEGRATED_2024_T1
2024,07,07143,joint_administration,071435008,,not_applicable,Verbandsgemeinde Wallmerod,Verbandsgemeinde,14710,15860657.14,1078.22,2356041.00,0.00,13504616.14,STATISTIKPORTAL_INTEGRATED_2024_T1
2024,07,07143,municipality,071435008011,07143011,matched,Dreikirchen,Ortsgemeinde,1030,70240.00,68.19,70240.00,0.00,0.00,STATISTIKPORTAL_INTEGRATED_2024_T1
2024,07,07143,municipality,071435008037,07143037,matched,Hundsangen,Ortsgemeinde,1936,1024325.00,529.09,1024325.00,0.00,0.00,STATISTIKPORTAL_INTEGRATED_2024_T1
2024,07,07143,municipality,071435008058,07143058,matched,Obererbach,Ortsgemeinde,501,0.00,0.00,0.00,0.00,0.00,STATISTIKPORTAL_INTEGRATED_2024_T1
2024,07,07143,municipality,071435008074,07143074,matched,Steinefrenz,Ortsgemeinde,755,47145.00,62.44,47145.00,0.00,0.00,STATISTIKPORTAL_INTEGRATED_2024_T1
2024,07,07143,municipality,071435008080,07143080,matched,Weroth,Ortsgemeinde,568,0.00,0.00,0.00,0.00,0.00,STATISTIKPORTAL_INTEGRATED_2024_T1
2024,07,07143,municipality,071435008203,07143203,matched,Arnshöfen,Ortsgemeinde,175,64720.00,369.83,64720.00,0.00,0.00,STATISTIKPORTAL_INTEGRATED_2024_T1
2024,07,07143,municipality,071435008208,07143208,matched,Berod bei Wallmerod,Ortsgemeinde,545,0.00,0.00,0.00,0.00,0.00,STATISTIKPORTAL_INTEGRATED_2024_T1
2024,07,07143,municipality,071435008210,07143210,matched,Bilkheim,Ortsgemeinde,470,0.00,0.00,0.00,0.00,0.00,STATISTIKPORTAL_INTEGRATED_2024_T1
2024,07,07143,municipality,071435008220,07143220,matched,Ettinghausen,Ortsgemeinde,351,0.00,0.00,0.00,0.00,0.00,STATISTIKPORTAL_INTEGRATED_2024_T1
2024,07,07143,municipality,071435008232,07143232,matched,Hahn am See,Ortsgemeinde,410,0.00,0.00,0.00,0.00,0.00,STATISTIKPORTAL_INTEGRATED_2024_T1
2024,07,07143,municipality,071435008239,07143239,matched,Herschbach (Oberww.),Ortsgemeinde,947,5000.00,5.28,5000.00,0.00,0.00,STATISTIKPORTAL_INTEGRATED_2024_T1
2024,07,07143,municipality,071435008251,07143251,matched,Kuhnhöfen,Ortsgemeinde,147,0.00,0.00,0.00,0.00,0.00,STATISTIKPORTAL_INTEGRATED_2024_T1
2024,07,07143,municipality,071435008263,07143263,matched,Meudt,Ortsgemeinde,1854,722000.00,389.43,722000.00,0.00,0.00,STATISTIKPORTAL_INTEGRATED_2024_T1
2024,07,07143,municipality,071435008266,07143266,matched,Molsberg,Ortsgemeinde,450,0.00,0.00,0.00,0.00,0.00,STATISTIKPORTAL_INTEGRATED_2024_T1
2024,07,07143,municipality,071435008273,07143273,matched,Niederahr,Ortsgemeinde,821,90515.00,110.25,90515.00,0.00,0.00,STATISTIKPORTAL_INTEGRATED_2024_T1
2024,07,07143,municipality,071435008281,07143281,matched,Oberahr,Ortsgemeinde,561,165491.00,294.99,165491.00,0.00,0.00,STATISTIKPORTAL_INTEGRATED_2024_T1
2024,07,07143,municipality,071435008290,07143290,matched,Salz,Ortsgemeinde,872,0.00,0.00,0.00,0.00,0.00,STATISTIKPORTAL_INTEGRATED_2024_T1
2024,07,07143,municipality,071435008304,07143304,matched,Wallmerod,Ortsgemeinde,1564,20000.00,12.79,20000.00,0.00,0.00,STATISTIKPORTAL_INTEGRATED_2024_T1
2024,07,07143,municipality,071435008316,07143316,matched,Zehnhausen b.Wallmerod,Ortsgemeinde,195,0.00,0.00,0.00,0.00,0.00,STATISTIKPORTAL_INTEGRATED_2024_T1
2024,07,07143,municipality,071435008501,07143501,matched,Elbingen,Ortsgemeinde,344,0.00,0.00,0.00,0.00,0.00,STATISTIKPORTAL_INTEGRATED_2024_T1
2024,07,07143,municipality,071435008502,07143502,matched,Mähren,Ortsgemeinde,214,0.00,0.00,0.00,0.00,0.00,STATISTIKPORTAL_INTEGRATED_2024_T1
2024,07,07143,joint_administration,071435009,,not_applicable,Verbandsgemeinde Westerburg,Verbandsgemeinde,23587,63975593.69,2712.32,10316476.00,351685.69,53307432.00,STATISTIKPORTAL_INTEGRATED_2024_T1
2024,07,07143,municipality,071435009200,07143200,matched,Ailertchen,Ortsgemeinde,670,9627.00,14.37,9627.00,0.00,0.00,STATISTIKPORTAL_INTEGRATED_2024_T1
2024,07,07143,municipality,071435009207,07143207,matched,Bellingen,Ortsgemeinde,621,52805.00,85.03,52805.00,0.00,0.00,STATISTIKPORTAL_INTEGRATED_2024_T1
2024,07,07143,municipality,071435009209,07143209,matched,Berzhahn,Ortsgemeinde,493,293655.00,595.65,293655.00,0.00,0.00,STATISTIKPORTAL_INTEGRATED_2024_T1
2024,07,07143,municipality,071435009213,07143213,matched,Brandscheid,Ortsgemeinde,487,0.00,0.00,0.00,0.00,0.00,STATISTIKPORTAL_INTEGRATED_2024_T1
2024,07,07143,municipality,071435009219,07143219,matched,Enspel,Ortsgemeinde,285,315142.60,1105.76,260217.00,54925.60,0.00,STATISTIKPORTAL_INTEGRATED_2024_T1
2024,07,07143,municipality,071435009224,07143224,matched,Gemünden,Ortsgemeinde,1046,189925.00,181.57,189925.00,0.00,0.00,STATISTIKPORTAL_INTEGRATED_2024_T1
2024,07,07143,municipality,071435009226,07143226,matched,Girkenroth,Ortsgemeinde,607,361848.00,596.13,361848.00,0.00,0.00,STATISTIKPORTAL_INTEGRATED_2024_T1
2024,07,07143,municipality,071435009228,07143228,matched,Guckheim,Ortsgemeinde,995,705041.00,708.58,705041.00,0.00,0.00,STATISTIKPORTAL_INTEGRATED_2024_T1
2024,07,07143,municipality,071435009230,07143230,matched,Härtlingen,Ortsgemeinde,388,14903.00,38.41,14903.00,0.00,0.00,STATISTIKPORTAL_INTEGRATED_2024_T1
2024,07,07143,municipality,071435009233,07143233,matched,Halbs,Ortsgemeinde,358,0.00,0.00,0.00,0.00,0.00,STATISTIKPORTAL_INTEGRATED_2024_T1
2024,07,07143,municipality,071435009238,07143238,matched,Hergenroth,Ortsgemeinde,443,0.00,0.00,0.00,0.00,0.00,STATISTIKPORTAL_INTEGRATED_2024_T1
2024,07,07143,municipality,071435009242,07143242,matched,Höhn,Ortsgemeinde,3207,828261.00,258.27,828261.00,0.00,0.00,STATISTIKPORTAL_INTEGRATED_2024_T1
2024,07,07143,municipality,071435009247,07143247,matched,Kaden,Ortsgemeinde,579,469547.00,810.96,469547.00,0.00,0.00,STATISTIKPORTAL_INTEGRATED_2024_T1
2024,07,07143,municipality,071435009249,07143249,matched,Kölbingen,Ortsgemeinde,1004,0.00,0.00,0.00,0.00,0.00,STATISTIKPORTAL_INTEGRATED_2024_T1
2024,07,07143,municipality,071435009254,07143254,matched,Langenhahn,Ortsgemeinde,1356,0.00,0.00,0.00,0.00,0.00,STATISTIKPORTAL_INTEGRATED_2024_T1
2024,07,07143,municipality,071435009284,07143284,matched,Pottum,Ortsgemeinde,1068,14576.00,13.65,14576.00,0.00,0.00,STATISTIKPORTAL_INTEGRATED_2024_T1
2024,07,07143,municipality,071435009288,07143288,matched,Rotenhain,Ortsgemeinde,506,619604.79,1224.52,614920.00,4684.79,0.00,STATISTIKPORTAL_INTEGRATED_2024_T1
2024,07,07143,municipality,071435009289,07143289,matched,Rothenbach,Ortsgemeinde,944,0.00,0.00,0.00,0.00,0.00,STATISTIKPORTAL_INTEGRATED_2024_T1
2024,07,07143,municipality,071435009293,07143293,matched,Stahlhofen am Wiesensee,Ortsgemeinde,378,0.00,0.00,0.00,0.00,0.00,STATISTIKPORTAL_INTEGRATED_2024_T1
2024,07,07143,municipality,071435009298,07143298,matched,Stockum-Püschen,Ortsgemeinde,667,57268.24,85.86,0.00,57268.24,0.00,STATISTIKPORTAL_INTEGRATED_2024_T1
2024,07,07143,municipality,071435009307,07143307,matched,Weltersburg,Ortsgemeinde,315,7390.00,23.46,7390.00,0.00,0.00,STATISTIKPORTAL_INTEGRATED_2024_T1
2024,07,07143,municipality,071435009308,07143308,matched,"Westerburg,St",Ortsgemeinde,5978,7109693.00,1189.31,7109693.00,0.00,0.00,STATISTIKPORTAL_INTEGRATED_2024_T1
2024,07,07143,municipality,071435009312,07143312,matched,Willmenrod,Ortsgemeinde,678,118319.00,174.51,118319.00,0.00,0.00,STATISTIKPORTAL_INTEGRATED_2024_T1
2024,07,07143,municipality,071435009314,07143314,matched,Winnen,Ortsgemeinde,514,0.00,0.00,0.00,0.00,0.00,STATISTIKPORTAL_INTEGRATED_2024_T1
2024,07,07143,joint_administration,071435010,,not_applicable,Verbandsgemeinde Wirges,Verbandsgemeinde,20143,29183597.00,1448.82,1678046.00,0.00,27505551.00,STATISTIKPORTAL_INTEGRATED_2024_T1
2024,07,07143,municipality,071435010003,07143003,matched,Bannberscheid,Ortsgemeinde,696,128408.00,184.49,128408.00,0.00,0.00,STATISTIKPORTAL_INTEGRATED_2024_T1
2024,07,07143,municipality,071435010010,07143010,matched,Dernbach (Westerwald),Ortsgemeinde,2536,351923.00,138.77,351923.00,0.00,0.00,STATISTIKPORTAL_INTEGRATED_2024_T1
2024,07,07143,municipality,071435010012,07143012,matched,Ebernhahn,Ortsgemeinde,1280,0.00,0.00,0.00,0.00,0.00,STATISTIKPORTAL_INTEGRATED_2024_T1
2024,07,07143,municipality,071435010028,07143028,matched,Helferskirchen,Ortsgemeinde,1242,0.00,0.00,0.00,0.00,0.00,STATISTIKPORTAL_INTEGRATED_2024_T1
2024,07,07143,municipality,071435010042,07143042,matched,Leuterod,Ortsgemeinde,831,0.00,0.00,0.00,0.00,0.00,STATISTIKPORTAL_INTEGRATED_2024_T1
2024,07,07143,municipality,071435010047,07143047,matched,Mogendorf,Ortsgemeinde,1349,0.00,0.00,0.00,0.00,0.00,STATISTIKPORTAL_INTEGRATED_2024_T1
2024,07,07143,municipality,071435010049,07143049,matched,Moschheim,Ortsgemeinde,754,521624.00,691.81,521624.00,0.00,0.00,STATISTIKPORTAL_INTEGRATED_2024_T1
2024,07,07143,municipality,071435010060,07143060,matched,Ötzingen,Ortsgemeinde,1345,19954.00,14.84,19954.00,0.00,0.00,STATISTIKPORTAL_INTEGRATED_2024_T1
2024,07,07143,municipality,071435010070,07143070,matched,Siershahn,Ortsgemeinde,2961,0.00,0.00,0.00,0.00,0.00,STATISTIKPORTAL_INTEGRATED_2024_T1
2024,07,07143,municipality,071435010073,07143073,matched,Staudt,Ortsgemeinde,1274,68998.29,54.16,0.00,1107.18,67891.11,STATISTIKPORTAL_INTEGRATED_2024_T1
2024,07,07143,municipality,071435010081,07143081,matched,"Wirges,St",Ortsgemeinde,5700,1082441.00,189.90,1082441.00,0.00,0.00,STATISTIKPORTAL_INTEGRATED_2024_T1
2024,07,07143,municipality,071435010275,07143275,matched,Niedersayn,Ortsgemeinde,175,0.00,0.00,0.00,0.00,0.00,STATISTIKPORTAL_INTEGRATED_2024_T1
2024,07,07211,municipality,072110000000,07211000,matched,"Trier,St",kreisfreie Stadt,104033,786219860.10,7557.41,496298770.00,9288251.01,280632839.09,STATISTIKPORTAL_INTEGRATED_2024_T1
2024,07,07231,county_administration,07231,,not_applicable,Landkreis Bernkastel-Wittlich,Landkreis,113372,116013717.48,1023.30,76672299.00,1122546.82,38218871.66,STATISTIKPORTAL_INTEGRATED_2024_T1
2024,07,07231,municipality,072310134134,07231134,matched,"Wittlich,St",verbandsfreie Gemeinde,18971,58185374.00,3067.07,45460267.00,0.00,12725107.00,STATISTIKPORTAL_INTEGRATED_2024_T1
2024,07,07231,municipality,072310502502,07231502,matched,Morbach,verbandsfreie Gemeinde,10552,14188177.30,1344.60,1866127.00,73205.00,12248845.30,STATISTIKPORTAL_INTEGRATED_2024_T1
2024,07,07231,joint_administration,072315001,,not_applicable,Verbandsgemeinde Bernkastel-Kues,Verbandsgemeinde,27545,53038822.59,1925.53,8211940.00,0.00,44826882.59,STATISTIKPORTAL_INTEGRATED_2024_T1
2024,07,07231,municipality,072315001008,07231008,matched,"Bernkastel-Kues,St",Ortsgemeinde,6767,15800660.73,2334.96,15490211.00,2957.14,307492.59,STATISTIKPORTAL_INTEGRATED_2024_T1
2024,07,07231,municipality,072315001012,07231012,matched,Brauneberg,Ortsgemeinde,1132,1148199.88,1014.31,841285.00,1172.29,305742.59,STATISTIKPORTAL_INTEGRATED_2024_T1
2024,07,07231,municipality,072315001016,07231016,matched,Burgen,Ortsgemeinde,567,802269.88,1414.94,495355.00,1172.29,305742.59,STATISTIKPORTAL_INTEGRATED_2024_T1
2024,07,07231,municipality,072315001030,07231030,matched,Erden,Ortsgemeinde,449,552850.88,1231.29,244039.00,3069.29,305742.59,STATISTIKPORTAL_INTEGRATED_2024_T1
2024,07,07231,municipality,072315001040,07231040,matched,Gornhausen,Ortsgemeinde,202,306914.88,1519.38,0.00,1172.29,305742.59,STATISTIKPORTAL_INTEGRATED_2024_T1
2024,07,07231,municipality,072315001041,07231041,matched,Graach an der Mosel,Ortsgemeinde,646,494006.88,764.72,187092.00,1172.29,305742.59,STATISTIKPORTAL_INTEGRATED_2024_T1
2024,07,07231,municipality,072315001056,07231056,matched,Hochscheid,Ortsgemeinde,257,306328.74,1191.94,0.00,586.15,305742.59,STATISTIKPORTAL_INTEGRATED_2024_T1
2024,07,07231,municipality,072315001066,07231066,matched,Kesten,Ortsgemeinde,340,876894.74,2579.10,570566.00,586.15,305742.59,STATISTIKPORTAL_INTEGRATED_2024_T1
2024,07,07231,municipality,072315001070,07231070,matched,Kleinich,Ortsgemeinde,673,305742.59,454.30,0.00,0.00,305742.59,STATISTIKPORTAL_INTEGRATED_2024_T1
2024,07,07231,municipality,072315001071,07231071,matched,Kommen,Ortsgemeinde,283,306328.74,1082.43,0.00,586.15,305742.59,STATISTIKPORTAL_INTEGRATED_2024_T1
2024,07,07231,municipality,072315001075,07231075,matched,Lieser,Ortsgemeinde,1247,635312.74,509.47,328984.00,586.15,305742.59,STATISTIKPORTAL_INTEGRATED_2024_T1
2024,07,07231,municipality,072315001076,07231076,matched,Lösnich,Ortsgemeinde,501,428591.88,855.47,119780.00,3069.29,305742.59,STATISTIKPORTAL_INTEGRATED_2024_T1
2024,07,07231,municipality,072315001077,07231077,matched,Longkamp,Ortsgemeinde,1108,307501.03,277.53,0.00,1758.44,305742.59,STATISTIKPORTAL_INTEGRATED_2024_T1
2024,07,07231,municipality,072315001081,07231081,matched,Maring-Noviand,Ortsgemeinde,1408,477735.03,339.30,170234.00,1758.44,305742.59,STATISTIKPORTAL_INTEGRATED_2024_T1
2024,07,07231,municipality,072315001086,07231086,matched,Minheim,Ortsgemeinde,468,398000.74,850.43,91672.00,586.15,305742.59,STATISTIKPORTAL_INTEGRATED_2024_T1
2024,07,07231,municipality,072315001087,07231087,matched,Monzelfeld,Ortsgemeinde,1302,1609998.51,1236.56,1303157.00,1172.29,305669.22,STATISTIKPORTAL_INTEGRATED_2024_T1
2024,07,07231,municipality,072315001090,07231090,matched,Mülheim an der Mosel,Ortsgemeinde,954,617458.37,647.23,311203.00,586.15,305669.22,STATISTIKPORTAL_INTEGRATED_2024_T1
2024,07,07231,municipality,072315001092,07231092,matched,Neumagen-Dhron,Ortsgemeinde,2316,2784616.37,1202.34,2478361.00,586.15,305669.22,STATISTIKPORTAL_INTEGRATED_2024_T1
2024,07,07231,municipality,072315001105,07231105,matched,Piesport,Ortsgemeinde,2003,924084.81,461.35,616071.00,2344.59,305669.22,STATISTIKPORTAL_INTEGRATED_2024_T1
2024,07,07231,municipality,072315001125,07231125,matched,Ürzig,Ortsgemeinde,885,309980.17,350.26,0.00,4310.95,305669.22,STATISTIKPORTAL_INTEGRATED_2024_T1
2024,07,07231,municipality,072315001126,07231126,matched,Veldenz,Ortsgemeinde,966,1152147.81,1192.70,844134.00,2344.59,305669.22,STATISTIKPORTAL_INTEGRATED_2024_T1
2024,07,07231,municipality,072315001133,07231133,matched,Wintrich,Ortsgemeinde,929,464170.66,499.65,156743.00,1758.44,305669.22,STATISTIKPORTAL_INTEGRATED_2024_T1
2024,07,07231,municipality,072315001136,07231136,matched,Zeltingen-Rachtig,Ortsgemeinde,2142,2783553.58,1299.51,2466193.00,11691.36,305669.22,STATISTIKPORTAL_INTEGRATED_2024_T1
2024,07,07231,joint_administration,072315006,,not_applicable,Verbandsgemeinde Thalfang am Erbeskopf,Verbandsgemeinde,7529,29261170.40,3886.46,14091745.00,122984.40,15046441.00,STATISTIKPORTAL_INTEGRATED_2024_T1
2024,07,07231,municipality,072315006006,07231006,matched,Berglicht,Ortsgemeinde,467,785022.00,1680.99,785022.00,0.00,0.00,STATISTIKPORTAL_INTEGRATED_2024_T1
2024,07,07231,municipality,072315006017,07231017,matched,Burtscheid,Ortsgemeinde,115,83015.30,721.87,58071.00,24944.30,0.00,STATISTIKPORTAL_INTEGRATED_2024_T1
2024,07,07231,municipality,072315006018,07231018,matched,Deuselbach,Ortsgemeinde,279,346503.43,1241.95,280122.00,66381.43,0.00,STATISTIKPORTAL_INTEGRATED_2024_T1
2024,07,07231,municipality,072315006019,07231019,matched,Dhronecken,Ortsgemeinde,125,192809.00,1542.47,138817.00,53992.00,0.00,STATISTIKPORTAL_INTEGRATED_2024_T1
2024,07,07231,municipality,072315006032,07231032,matched,Etgert,Ortsgemeinde,66,31531.33,477.75,0.00,31531.33,0.00,STATISTIKPORTAL_INTEGRATED_2024_T1
2024,07,07231,municipality,072315006035,07231035,matched,Gielert,Ortsgemeinde,130,98692.86,759.18,64030.00,34662.86,0.00,STATISTIKPORTAL_INTEGRATED_2024_T1
2024,07,07231,municipality,072315006042,07231042,matched,Gräfendhron,Ortsgemeinde,98,162303.20,1656.16,159375.00,2928.20,0.00,STATISTIKPORTAL_INTEGRATED_2024_T1
2024,07,07231,municipality,072315006054,07231054,matched,Hilscheid,Ortsgemeinde,255,109430.02,429.14,51268.00,58162.02,0.00,STATISTIKPORTAL_INTEGRATED_2024_T1
2024,07,07231,municipality,072315006058,07231058,matched,Horath,Ortsgemeinde,492,381350.00,775.10,381350.00,0.00,0.00,STATISTIKPORTAL_INTEGRATED_2024_T1
2024,07,07231,municipality,072315006064,07231064,matched,Immert,Ortsgemeinde,154,175556.96,1139.98,134793.00,40763.96,0.00,STATISTIKPORTAL_INTEGRATED_2024_T1
2024,07,07231,municipality,072315006078,07231078,matched,Lückenburg,Ortsgemeinde,101,153768.90,1522.46,126125.00,27643.90,0.00,STATISTIKPORTAL_INTEGRATED_2024_T1
2024,07,07231,municipality,072315006079,07231079,matched,Malborn,Ortsgemeinde,1395,2275053.40,1630.86,2269197.00,5856.40,0.00,STATISTIKPORTAL_INTEGRATED_2024_T1
2024,07,07231,municipality,072315006083,07231083,matched,Merschbach,Ortsgemeinde,62,34502.00,556.48,34502.00,0.00,0.00,STATISTIKPORTAL_INTEGRATED_2024_T1
2024,07,07231,municipality,072315006093,07231093,matched,Neunkirchen,Ortsgemeinde,158,179572.00,1136.53,179572.00,0.00,0.00,STATISTIKPORTAL_INTEGRATED_2024_T1
2024,07,07231,municipality,072315006112,07231112,matched,Rorodt,Ortsgemeinde,60,81178.94,1352.98,47002.00,34176.94,0.00,STATISTIKPORTAL_INTEGRATED_2024_T1
2024,07,07231,municipality,072315006115,07231115,matched,Schönberg,Ortsgemeinde,231,453736.00,1964.23,453736.00,0.00,0.00,STATISTIKPORTAL_INTEGRATED_2024_T1
2024,07,07231,municipality,072315006122,07231122,matched,Talling,Ortsgemeinde,245,44705.38,182.47,0.00,44705.38,0.00,STATISTIKPORTAL_INTEGRATED_2024_T1
2024,07,07231,municipality,072315006123,07231123,matched,Thalfang,Ortsgemeinde,1886,3311154.88,1755.65,3173558.00,137596.88,0.00,STATISTIKPORTAL_INTEGRATED_2024_T1
2024,07,07231,municipality,072315006202,07231202,matched,Breit,Ortsgemeinde,321,355409.00,1107.19,355409.00,0.00,0.00,STATISTIKPORTAL_INTEGRATED_2024_T1
2024,07,07231,municipality,072315006203,07231203,matched,Büdlich,Ortsgemeinde,207,142117.00,686.56,142117.00,0.00,0.00,STATISTIKPORTAL_INTEGRATED_2024_T1
2024,07,07231,municipality,072315006204,07231204,matched,Heidenburg,Ortsgemeinde,682,467891.00,686.06,467891.00,0.00,0.00,STATISTIKPORTAL_INTEGRATED_2024_T1
2024,07,07231,joint_administration,072315008,,not_applicable,Verbandsgemeinde Wittlich-Land,Verbandsgemeinde,31579,38381979.24,1215.43,6261039.00,460904.00,31660036.24,STATISTIKPORTAL_INTEGRATED_2024_T1
2024,07,07231,municipality,072315008001,07231001,matched,Altrich,Ortsgemeinde,1706,325155.51,190.60,241329.00,0.00,83826.51,STATISTIKPORTAL_INTEGRATED_2024_T1
2024,07,07231,municipality,072315008003,07231003,matched,Arenrath,Ortsgemeinde,358,451704.51,1261.74,367878.00,0.00,83826.51,STATISTIKPORTAL_INTEGRATED_2024_T1
2024,07,07231,municipality,072315008007,07231007,matched,Bergweiler,Ortsgemeinde,863,274794.51,318.42,190968.00,0.00,83826.51,STATISTIKPORTAL_INTEGRATED_2024_T1
2024,07,07231,municipality,072315008009,07231009,matched,Bettenfeld,Ortsgemeinde,670,706093.51,1053.87,622267.00,0.00,83826.51,STATISTIKPORTAL_INTEGRATED_2024_T1
2024,07,07231,municipality,072315008010,07231010,matched,Binsfeld,Ortsgemeinde,1266,1160808.51,916.91,1076982.00,0.00,83826.51,STATISTIKPORTAL_INTEGRATED_2024_T1
2024,07,07231,municipality,072315008013,07231013,matched,Bruch,Ortsgemeinde,486,133635.51,274.97,49809.00,0.00,83826.51,STATISTIKPORTAL_INTEGRATED_2024_T1
2024,07,07231,municipality,072315008021,07231021,matched,Dierfeld,Ortsgemeinde,18,83826.51,4657.03,0.00,0.00,83826.51,STATISTIKPORTAL_INTEGRATED_2024_T1
2024,07,07231,municipality,072315008022,07231022,matched,Dierscheid,Ortsgemeinde,170,104460.51,614.47,20634.00,0.00,83826.51,STATISTIKPORTAL_INTEGRATED_2024_T1
2024,07,07231,municipality,072315008023,07231023,matched,Dodenburg,Ortsgemeinde,95,83826.51,882.38,0.00,0.00,83826.51,STATISTIKPORTAL_INTEGRATED_2024_T1
2024,07,07231,municipality,072315008024,07231024,matched,Dreis,Ortsgemeinde,1398,543960.51,389.10,460134.00,0.00,83826.51,STATISTIKPORTAL_INTEGRATED_2024_T1
2024,07,07231,municipality,072315008025,07231025,matched,Eckfeld,Ortsgemeinde,377,107905.51,286.22,24079.00,0.00,83826.51,STATISTIKPORTAL_INTEGRATED_2024_T1
2024,07,07231,municipality,072315008026,07231026,matched,Eisenschmitt,Ortsgemeinde,341,181931.51,533.52,98105.00,0.00,83826.51,STATISTIKPORTAL_INTEGRATED_2024_T1
2024,07,07231,municipality,072315008031,07231031,matched,Esch,Ortsgemeinde,429,161655.51,376.82,77829.00,0.00,83826.51,STATISTIKPORTAL_INTEGRATED_2024_T1
2024,07,07231,municipality,072315008036,07231036,matched,Gipperath,Ortsgemeinde,229,83826.51,366.05,0.00,0.00,83826.51,STATISTIKPORTAL_INTEGRATED_2024_T1
2024,07,07231,municipality,072315008037,07231037,matched,Gladbach,Ortsgemeinde,369,238619.51,646.67,154793.00,0.00,83826.51,STATISTIKPORTAL_INTEGRATED_2024_T1
2024,07,07231,municipality,072315008044,07231044,matched,Greimerath,Ortsgemeinde,285,11161.00,39.16,11161.00,0.00,0.00,STATISTIKPORTAL_INTEGRATED_2024_T1
2024,07,07231,municipality,072315008046,07231046,matched,Großlittgen,Ortsgemeinde,1057,1765623.51,1670.41,1681797.00,0.00,83826.51,STATISTIKPORTAL_INTEGRATED_2024_T1
2024,07,07231,municipality,072315008049,07231049,matched,Hasborn,Ortsgemeinde,609,294060.51,482.86,210234.00,0.00,83826.51,STATISTIKPORTAL_INTEGRATED_2024_T1
2024,07,07231,municipality,072315008050,07231050,matched,Heckenmünster,Ortsgemeinde,137,100647.51,734.65,16821.00,0.00,83826.51,STATISTIKPORTAL_INTEGRATED_2024_T1
2024,07,07231,municipality,072315008051,07231051,matched,Heidweiler,Ortsgemeinde,174,83826.51,481.76,0.00,0.00,83826.51,STATISTIKPORTAL_INTEGRATED_2024_T1
2024,07,07231,municipality,072315008053,07231053,matched,Hetzerath,Ortsgemeinde,2540,1197641.84,471.51,642378.00,0.00,555263.84,STATISTIKPORTAL_INTEGRATED_2024_T1
2024,07,07231,municipality,072315008062,07231062,matched,Hupperath,Ortsgemeinde,637,34390.00,53.99,34390.00,0.00,0.00,STATISTIKPORTAL_INTEGRATED_2024_T1
2024,07,07231,municipality,072315008065,07231065,matched,Karl,Ortsgemeinde,203,83826.51,412.94,0.00,0.00,83826.51,STATISTIKPORTAL_INTEGRATED_2024_T1
2024,07,07231,municipality,072315008069,07231069,matched,Klausen,Ortsgemeinde,1509,1790200.51,1186.35,1706374.00,0.00,83826.51,STATISTIKPORTAL_INTEGRATED_2024_T1
2024,07,07231,municipality,072315008074,07231074,matched,Laufeld,Ortsgemeinde,524,106250.51,202.77,22424.00,0.00,83826.51,STATISTIKPORTAL_INTEGRATED_2024_T1
2024,07,07231,municipality,072315008080,07231080,matched,"Manderscheid,St",Ortsgemeinde,1456,895527.51,615.06,811701.00,0.00,83826.51,STATISTIKPORTAL_INTEGRATED_2024_T1
2024,07,07231,municipality,072315008082,07231082,matched,Meerfeld,Ortsgemeinde,354,83826.51,236.80,0.00,0.00,83826.51,STATISTIKPORTAL_INTEGRATED_2024_T1
2024,07,07231,municipality,072315008085,07231085,matched,Minderlittgen,Ortsgemeinde,702,377617.51,537.92,293791.00,0.00,83826.51,STATISTIKPORTAL_INTEGRATED_2024_T1
2024,07,07231,municipality,072315008091,07231091,matched,Musweiler,Ortsgemeinde,48,83826.51,1746.39,0.00,0.00,83826.51,STATISTIKPORTAL_INTEGRATED_2024_T1
2024,07,07231,municipality,072315008095,07231095,matched,Niederöfflingen,Ortsgemeinde,443,1632135.51,3684.28,1548309.00,0.00,83826.51,STATISTIKPORTAL_INTEGRATED_2024_T1
2024,07,07231,municipality,072315008096,07231096,matched,Niederscheidweiler,Ortsgemeinde,260,83826.51,322.41,0.00,0.00,83826.51,STATISTIKPORTAL_INTEGRATED_2024_T1
2024,07,07231,municipality,072315008100,07231100,matched,Oberöfflingen,Ortsgemeinde,278,98788.51,355.35,14962.00,0.00,83826.51,STATISTIKPORTAL_INTEGRATED_2024_T1
2024,07,07231,municipality,072315008101,07231101,matched,Oberscheidweiler,Ortsgemeinde,192,146490.51,762.97,62664.00,0.00,83826.51,STATISTIKPORTAL_INTEGRATED_2024_T1
2024,07,07231,municipality,072315008103,07231103,matched,Osann-Monzel,Ortsgemeinde,1825,115199.51,63.12,31373.00,0.00,83826.51,STATISTIKPORTAL_INTEGRATED_2024_T1
2024,07,07231,municipality,072315008104,07231104,matched,Pantenburg,Ortsgemeinde,237,230620.51,973.08,146794.00,0.00,83826.51,STATISTIKPORTAL_INTEGRATED_2024_T1
2024,07,07231,municipality,072315008107,07231107,matched,Platten,Ortsgemeinde,874,183445.51,209.89,99619.00,0.00,83826.51,STATISTIKPORTAL_INTEGRATED_2024_T1
2024,07,07231,municipality,072315008108,07231108,matched,Plein,Ortsgemeinde,633,83826.51,132.43,0.00,0.00,83826.51,STATISTIKPORTAL_INTEGRATED_2024_T1
2024,07,07231,municipality,072315008111,07231111,matched,Rivenich,Ortsgemeinde,744,261629.51,351.65,177803.00,0.00,83826.51,STATISTIKPORTAL_INTEGRATED_2024_T1
2024,07,07231,municipality,072315008113,07231113,matched,Salmtal,Ortsgemeinde,2510,1436136.51,572.17,1352310.00,0.00,83826.51,STATISTIKPORTAL_INTEGRATED_2024_T1
2024,07,07231,municipality,072315008114,07231114,matched,Schladt,Ortsgemeinde,155,540704.51,3488.42,456878.00,0.00,83826.51,STATISTIKPORTAL_INTEGRATED_2024_T1
2024,07,07231,municipality,072315008116,07231116,matched,Schwarzenborn,Ortsgemeinde,62,98575.51,1589.93,14749.00,0.00,83826.51,STATISTIKPORTAL_INTEGRATED_2024_T1
2024,07,07231,municipality,072315008117,07231117,matched,Sehlem,Ortsgemeinde,1042,216656.51,207.92,132830.00,0.00,83826.51,STATISTIKPORTAL_INTEGRATED_2024_T1
2024,07,07231,municipality,072315008127,07231127,matched,Wallscheid,Ortsgemeinde,362,83826.51,231.56,0.00,0.00,83826.51,STATISTIKPORTAL_INTEGRATED_2024_T1
2024,07,07231,municipality,072315008503,07231503,matched,Landscheid,Ortsgemeinde,2214,1707919.51,771.42,1624093.00,0.00,83826.51,STATISTIKPORTAL_INTEGRATED_2024_T1
2024,07,07231,municipality,072315008504,07231504,matched,Niersbach,Ortsgemeinde,738,3658157.01,4956.85,322978.00,0.00,3335179.01,STATISTIKPORTAL_INTEGRATED_2024_T1
2024,07,07231,joint_administration,072315009,,not_applicable,Verbandsgemeinde Traben-Trarbach,Verbandsgemeinde,17196,66511711.80,3867.86,11687825.00,6079.88,54817806.92,STATISTIKPORTAL_INTEGRATED_2024_T1
2024,07,07231,municipality,072315009004,07231004,matched,Bausendorf,Ortsgemeinde,1429,1273832.15,891.42,955100.00,0.00,318732.15,STATISTIKPORTAL_INTEGRATED_2024_T1
2024,07,07231,municipality,072315009005,07231005,matched,Bengel,Ortsgemeinde,838,1431590.15,1708.34,1112858.00,0.00,318732.15,STATISTIKPORTAL_INTEGRATED_2024_T1
2024,07,07231,municipality,072315009014,07231014,matched,Burg (Mosel),Ortsgemeinde,362,321931.19,889.31,0.00,3199.04,318732.15,STATISTIKPORTAL_INTEGRATED_2024_T1
2024,07,07231,municipality,072315009020,07231020,matched,Diefenbach,Ortsgemeinde,94,0.00,0.00,0.00,0.00,0.00,STATISTIKPORTAL_INTEGRATED_2024_T1
2024,07,07231,municipality,072315009029,07231029,matched,Enkirch,Ortsgemeinde,1414,1845788.41,1305.37,1516054.00,11002.26,318732.15,STATISTIKPORTAL_INTEGRATED_2024_T1
2024,07,07231,municipality,072315009033,07231033,matched,Flußbach,Ortsgemeinde,433,672484.15,1553.08,353752.00,0.00,318732.15,STATISTIKPORTAL_INTEGRATED_2024_T1
2024,07,07231,municipality,072315009057,07231057,matched,Hontheim,Ortsgemeinde,839,533264.15,635.59,214532.00,0.00,318732.15,STATISTIKPORTAL_INTEGRATED_2024_T1
2024,07,07231,municipality,072315009067,07231067,matched,Kinderbeuern,Ortsgemeinde,1046,1181820.15,1129.85,863088.00,0.00,318732.15,STATISTIKPORTAL_INTEGRATED_2024_T1
2024,07,07231,municipality,072315009068,07231068,matched,Kinheim,Ortsgemeinde,768,1068149.28,1390.82,1067434.00,715.28,0.00,STATISTIKPORTAL_INTEGRATED_2024_T1
2024,07,07231,municipality,072315009072,07231072,matched,Kröv,Ortsgemeinde,2165,2341756.99,1081.64,2020879.00,2145.84,318732.15,STATISTIKPORTAL_INTEGRATED_2024_T1
2024,07,07231,municipality,072315009110,07231110,matched,Reil,Ortsgemeinde,965,1410653.07,1461.82,1090848.00,1072.92,318732.15,STATISTIKPORTAL_INTEGRATED_2024_T1
2024,07,07231,municipality,072315009120,07231120,matched,Starkenburg,Ortsgemeinde,226,429486.67,1900.38,109155.00,1599.52,318732.15,STATISTIKPORTAL_INTEGRATED_2024_T1
2024,07,07231,municipality,072315009124,07231124,matched,"Traben-Trarbach,St",Ortsgemeinde,5468,7159001.39,1309.25,6834547.00,5722.24,318732.15,STATISTIKPORTAL_INTEGRATED_2024_T1
2024,07,07231,municipality,072315009132,07231132,matched,Willwerscheid,Ortsgemeinde,57,318732.15,5591.79,0.00,0.00,318732.15,STATISTIKPORTAL_INTEGRATED_2024_T1
2024,07,07231,municipality,072315009206,07231206,matched,Lötzbeuren,Ortsgemeinde,464,6206.55,13.38,0.00,6206.55,0.00,STATISTIKPORTAL_INTEGRATED_2024_T1
2024,07,07231,municipality,072315009501,07231501,matched,Irmenach,Ortsgemeinde,628,586354.61,933.69,258935.00,8687.46,318732.15,STATISTIKPORTAL_INTEGRATED_2024_T1
2024,07,07232,county_administration,07232,,not_applicable,Landkreis Eifelkreis Bitburg-Prüm,Landkreis,100259,225641466.85,2250.59,135884390.00,3127738.21,86629338.64,STATISTIKPORTAL_INTEGRATED_2024_T1
2024,07,07232,municipality,072320018018,07232018,matched,"Bitburg,St",verbandsfreie Gemeinde,16030,38681497.79,2413.07,22978087.00,5285614.31,10417796.48,STATISTIKPORTAL_INTEGRATED_2024_T1
2024,07,07232,joint_administration,072325001,,not_applicable,Verbandsgemeinde Arzfeld,Verbandsgemeinde,9546,42813952.06,4485.01,26537043.00,0.00,16276909.06,STATISTIKPORTAL_INTEGRATED_2024_T1
2024,07,07232,municipality,072325001201,07232201,matched,Arzfeld,Ortsgemeinde,1482,1536492.39,1036.77,1463384.00,0.00,73108.39,STATISTIKPORTAL_INTEGRATED_2024_T1
2024,07,07232,municipality,072325001211,07232211,matched,Dackscheid,Ortsgemeinde,114,0.00,0.00,0.00,0.00,0.00,STATISTIKPORTAL_INTEGRATED_2024_T1
2024,07,07232,municipality,072325001212,07232212,matched,Dahnen,Ortsgemeinde,347,96433.39,277.91,23325.00,0.00,73108.39,STATISTIKPORTAL_INTEGRATED_2024_T1
2024,07,07232,municipality,072325001213,07232213,matched,Daleiden,Ortsgemeinde,903,1632757.39,1808.15,1559649.00,0.00,73108.39,STATISTIKPORTAL_INTEGRATED_2024_T1
2024,07,07232,municipality,072325001214,07232214,matched,Dasburg,Ortsgemeinde,212,227066.00,1071.07,227066.00,0.00,0.00,STATISTIKPORTAL_INTEGRATED_2024_T1
2024,07,07232,municipality,072325001217,07232217,matched,Eilscheid,Ortsgemeinde,45,0.00,0.00,0.00,0.00,0.00,STATISTIKPORTAL_INTEGRATED_2024_T1
2024,07,07232,municipality,072325001220,07232220,matched,Eschfeld,Ortsgemeinde,194,20438.00,105.35,20438.00,0.00,0.00,STATISTIKPORTAL_INTEGRATED_2024_T1
2024,07,07232,municipality,072325001221,07232221,matched,Euscheid,Ortsgemeinde,143,4312.00,30.15,4312.00,0.00,0.00,STATISTIKPORTAL_INTEGRATED_2024_T1
2024,07,07232,municipality,072325001229,07232229,matched,Großkampenberg,Ortsgemeinde,141,36394.00,258.11,36394.00,0.00,0.00,STATISTIKPORTAL_INTEGRATED_2024_T1
2024,07,07232,municipality,072325001233,07232233,matched,Hargarten,Ortsgemeinde,98,73108.39,746.00,0.00,0.00,73108.39,STATISTIKPORTAL_INTEGRATED_2024_T1
2024,07,07232,municipality,072325001234,07232234,matched,Harspelt,Ortsgemeinde,66,73108.39,1107.70,0.00,0.00,73108.39,STATISTIKPORTAL_INTEGRATED_2024_T1
2024,07,07232,municipality,072325001240,07232240,matched,Herzfeld,Ortsgemeinde,34,28500.00,838.24,28500.00,0.00,0.00,STATISTIKPORTAL_INTEGRATED_2024_T1
2024,07,07232,municipality,072325001245,07232245,matched,Irrhausen,Ortsgemeinde,212,35835.00,169.03,35835.00,0.00,0.00,STATISTIKPORTAL_INTEGRATED_2024_T1
2024,07,07232,municipality,072325001246,07232246,matched,Jucken,Ortsgemeinde,163,56125.00,344.33,56125.00,0.00,0.00,STATISTIKPORTAL_INTEGRATED_2024_T1
2024,07,07232,municipality,072325001247,07232247,matched,Kesfeld,Ortsgemeinde,74,73108.39,987.95,0.00,0.00,73108.39,STATISTIKPORTAL_INTEGRATED_2024_T1
2024,07,07232,municipality,072325001248,07232248,matched,Kickeshausen,Ortsgemeinde,42,0.00,0.00,0.00,0.00,0.00,STATISTIKPORTAL_INTEGRATED_2024_T1
2024,07,07232,municipality,072325001249,07232249,matched,Kinzenburg,Ortsgemeinde,47,382.00,8.13,382.00,0.00,0.00,STATISTIKPORTAL_INTEGRATED_2024_T1
2024,07,07232,municipality,072325001253,07232253,matched,Krautscheid,Ortsgemeinde,200,207120.00,1035.60,207120.00,0.00,0.00,STATISTIKPORTAL_INTEGRATED_2024_T1
2024,07,07232,municipality,072325001254,07232254,matched,Lambertsberg,Ortsgemeinde,380,241607.39,635.81,168499.00,0.00,73108.39,STATISTIKPORTAL_INTEGRATED_2024_T1
2024,07,07232,municipality,072325001255,07232255,matched,Lascheid,Ortsgemeinde,82,1250.00,15.24,1250.00,0.00,0.00,STATISTIKPORTAL_INTEGRATED_2024_T1
2024,07,07232,municipality,072325001258,07232258,matched,Lauperath,Ortsgemeinde,94,3932.00,41.83,3932.00,0.00,0.00,STATISTIKPORTAL_INTEGRATED_2024_T1
2024,07,07232,municipality,072325001259,07232259,matched,Leidenborn,Ortsgemeinde,195,85868.00,440.35,85868.00,0.00,0.00,STATISTIKPORTAL_INTEGRATED_2024_T1
2024,07,07232,municipality,072325001260,07232260,matched,Lichtenborn,Ortsgemeinde,317,0.00,0.00,0.00,0.00,0.00,STATISTIKPORTAL_INTEGRATED_2024_T1
2024,07,07232,municipality,072325001261,07232261,matched,Lierfeld,Ortsgemeinde,88,703.00,7.99,703.00,0.00,0.00,STATISTIKPORTAL_INTEGRATED_2024_T1
2024,07,07232,municipality,072325001262,07232262,matched,Lünebach,Ortsgemeinde,615,377249.39,613.41,304141.00,0.00,73108.39,STATISTIKPORTAL_INTEGRATED_2024_T1
2024,07,07232,municipality,072325001263,07232263,matched,Lützkampen,Ortsgemeinde,328,362211.39,1104.30,289103.00,0.00,73108.39,STATISTIKPORTAL_INTEGRATED_2024_T1
2024,07,07232,municipality,072325001264,07232264,matched,Manderscheid,Ortsgemeinde,54,0.00,0.00,0.00,0.00,0.00,STATISTIKPORTAL_INTEGRATED_2024_T1
2024,07,07232,municipality,072325001267,07232267,matched,Mauel,Ortsgemeinde,48,73108.39,1523.09,0.00,0.00,73108.39,STATISTIKPORTAL_INTEGRATED_2024_T1
2024,07,07232,municipality,072325001270,07232270,matched,Merlscheid,Ortsgemeinde,31,321.00,10.35,321.00,0.00,0.00,STATISTIKPORTAL_INTEGRATED_2024_T1
2024,07,07232,municipality,072325001277,07232277,matched,Niederpierscheid,Ortsgemeinde,33,76013.39,2303.44,2905.00,0.00,73108.39,STATISTIKPORTAL_INTEGRATED_2024_T1
2024,07,07232,municipality,072325001285,07232285,matched,Oberpierscheid,Ortsgemeinde,334,98412.39,294.65,25304.00,0.00,73108.39,STATISTIKPORTAL_INTEGRATED_2024_T1
2024,07,07232,municipality,072325001287,07232287,matched,Olmscheid,Ortsgemeinde,196,0.00,0.00,0.00,0.00,0.00,STATISTIKPORTAL_INTEGRATED_2024_T1
2024,07,07232,municipality,072325001291,07232291,matched,Pintesfeld,Ortsgemeinde,36,10488.00,291.33,10488.00,0.00,0.00,STATISTIKPORTAL_INTEGRATED_2024_T1
2024,07,07232,municipality,072325001293,07232293,matched,Plütscheid,Ortsgemeinde,306,329477.39,1076.72,256369.00,0.00,73108.39,STATISTIKPORTAL_INTEGRATED_2024_T1
2024,07,07232,municipality,072325001294,07232294,matched,Preischeid,Ortsgemeinde,151,94008.39,622.57,20900.00,0.00,73108.39,STATISTIKPORTAL_INTEGRATED_2024_T1
2024,07,07232,municipality,072325001297,07232297,matched,Reiff,Ortsgemeinde,59,73108.39,1239.13,0.00,0.00,73108.39,STATISTIKPORTAL_INTEGRATED_2024_T1
2024,07,07232,municipality,072325001298,07232298,matched,Reipeldingen,Ortsgemeinde,85,1695.00,19.94,1695.00,0.00,0.00,STATISTIKPORTAL_INTEGRATED_2024_T1
2024,07,07232,municipality,072325001301,07232301,matched,Roscheid,Ortsgemeinde,46,77784.39,1690.97,4676.00,0.00,73108.39,STATISTIKPORTAL_INTEGRATED_2024_T1
2024,07,07232,municipality,072325001309,07232309,matched,Sengerich,Ortsgemeinde,26,73108.39,2811.86,0.00,0.00,73108.39,STATISTIKPORTAL_INTEGRATED_2024_T1
2024,07,07232,municipality,072325001310,07232310,matched,Sevenig (Our),Ortsgemeinde,64,0.00,0.00,0.00,0.00,0.00,STATISTIKPORTAL_INTEGRATED_2024_T1
2024,07,07232,municipality,072325001315,07232315,matched,Strickscheid,Ortsgemeinde,28,0.00,0.00,0.00,0.00,0.00,STATISTIKPORTAL_INTEGRATED_2024_T1
2024,07,07232,municipality,072325001322,07232322,matched,Waxweiler,Ortsgemeinde,1055,1823989.00,1728.90,1823989.00,0.00,0.00,STATISTIKPORTAL_INTEGRATED_2024_T1
2024,07,07232,municipality,072325001333,07232333,matched,Üttfeld,Ortsgemeinde,378,170572.39,451.25,97464.00,0.00,73108.39,STATISTIKPORTAL_INTEGRATED_2024_T1
2024,07,07232,joint_administration,072325005,,not_applicable,Verbandsgemeinde Südeifel,Verbandsgemeinde,19293,77748524.60,4029.88,28158610.00,220583.79,49369330.81,STATISTIKPORTAL_INTEGRATED_2024_T1
2024,07,07232,municipality,072325005001,07232001,matched,Affler,Ortsgemeinde,30,5719.00,190.63,5719.00,0.00,0.00,STATISTIKPORTAL_INTEGRATED_2024_T1
2024,07,07232,municipality,072325005002,07232002,matched,Alsdorf,Ortsgemeinde,466,720668.00,1546.50,720668.00,0.00,0.00,STATISTIKPORTAL_INTEGRATED_2024_T1
2024,07,07232,municipality,072325005003,07232003,matched,Altscheid,Ortsgemeinde,86,3654.00,42.49,3654.00,0.00,0.00,STATISTIKPORTAL_INTEGRATED_2024_T1
2024,07,07232,municipality,072325005004,07232004,matched,Ammeldingen an der Our,Ortsgemeinde,20,5375.00,268.75,5375.00,0.00,0.00,STATISTIKPORTAL_INTEGRATED_2024_T1
2024,07,07232,municipality,072325005005,07232005,matched,Ammeldingen b.Neuerburg,Ortsgemeinde,244,78531.00,321.85,78531.00,0.00,0.00,STATISTIKPORTAL_INTEGRATED_2024_T1
2024,07,07232,municipality,072325005008,07232008,matched,Bauler,Ortsgemeinde,83,0.00,0.00,0.00,0.00,0.00,STATISTIKPORTAL_INTEGRATED_2024_T1
2024,07,07232,municipality,072325005011,07232011,matched,Berkoth,Ortsgemeinde,87,396.00,4.55,396.00,0.00,0.00,STATISTIKPORTAL_INTEGRATED_2024_T1
2024,07,07232,municipality,072325005012,07232012,matched,Berscheid,Ortsgemeinde,59,0.00,0.00,0.00,0.00,0.00,STATISTIKPORTAL_INTEGRATED_2024_T1
2024,07,07232,municipality,072325005016,07232016,matched,Biesdorf,Ortsgemeinde,227,111162.00,489.70,111162.00,0.00,0.00,STATISTIKPORTAL_INTEGRATED_2024_T1
2024,07,07232,municipality,072325005019,07232019,matched,Bollendorf,Ortsgemeinde,1617,1439934.53,890.50,1436421.00,0.00,3513.53,STATISTIKPORTAL_INTEGRATED_2024_T1
2024,07,07232,municipality,072325005022,07232022,matched,Burg,Ortsgemeinde,17,0.00,0.00,0.00,0.00,0.00,STATISTIKPORTAL_INTEGRATED_2024_T1
2024,07,07232,municipality,072325005025,07232025,matched,Dauwelshausen,Ortsgemeinde,92,11892.00,129.26,11892.00,0.00,0.00,STATISTIKPORTAL_INTEGRATED_2024_T1
2024,07,07232,municipality,072325005028,07232028,matched,Echternacherbrück,Ortsgemeinde,1067,1835203.65,1719.97,1767678.00,67525.65,0.00,STATISTIKPORTAL_INTEGRATED_2024_T1
2024,07,07232,municipality,072325005031,07232031,matched,Emmelbaum,Ortsgemeinde,83,3908.00,47.08,3908.00,0.00,0.00,STATISTIKPORTAL_INTEGRATED_2024_T1
2024,07,07232,municipality,072325005033,07232033,matched,Ernzen,Ortsgemeinde,409,123825.00,302.75,123825.00,0.00,0.00,STATISTIKPORTAL_INTEGRATED_2024_T1
2024,07,07232,municipality,072325005037,07232037,matched,Ferschweiler,Ortsgemeinde,1022,628597.00,615.07,628597.00,0.00,0.00,STATISTIKPORTAL_INTEGRATED_2024_T1
2024,07,07232,municipality,072325005038,07232038,matched,Fischbach-Oberraden,Ortsgemeinde,50,35289.00,705.78,35289.00,0.00,0.00,STATISTIKPORTAL_INTEGRATED_2024_T1
2024,07,07232,municipality,072325005040,07232040,matched,Geichlingen,Ortsgemeinde,445,0.00,0.00,0.00,0.00,0.00,STATISTIKPORTAL_INTEGRATED_2024_T1
2024,07,07232,municipality,072325005041,07232041,matched,Gemünd,Ortsgemeinde,40,4311.00,107.78,4311.00,0.00,0.00,STATISTIKPORTAL_INTEGRATED_2024_T1
2024,07,07232,municipality,072325005042,07232042,matched,Gentingen,Ortsgemeinde,95,15943.00,167.82,15943.00,0.00,0.00,STATISTIKPORTAL_INTEGRATED_2024_T1
2024,07,07232,municipality,072325005047,07232047,matched,Heilbach,Ortsgemeinde,112,0.00,0.00,0.00,0.00,0.00,STATISTIKPORTAL_INTEGRATED_2024_T1
2024,07,07232,municipality,072325005049,07232049,matched,Herbstmühle,Ortsgemeinde,23,1682.00,73.13,1682.00,0.00,0.00,STATISTIKPORTAL_INTEGRATED_2024_T1
2024,07,07232,municipality,072325005053,07232053,matched,Holsthum,Ortsgemeinde,633,155763.00,246.07,155763.00,0.00,0.00,STATISTIKPORTAL_INTEGRATED_2024_T1
2024,07,07232,municipality,072325005054,07232054,matched,Hommerdingen,Ortsgemeinde,91,37.00,0.41,37.00,0.00,0.00,STATISTIKPORTAL_INTEGRATED_2024_T1
2024,07,07232,municipality,072325005056,07232056,matched,Hütten,Ortsgemeinde,49,0.00,0.00,0.00,0.00,0.00,STATISTIKPORTAL_INTEGRATED_2024_T1
2024,07,07232,municipality,072325005059,07232059,matched,Hüttingen bei Lahr,Ortsgemeinde,147,167.00,1.14,167.00,0.00,0.00,STATISTIKPORTAL_INTEGRATED_2024_T1
2024,07,07232,municipality,072325005063,07232063,matched,Irrel,Ortsgemeinde,1690,4982991.30,2948.52,4847940.00,135051.30,0.00,STATISTIKPORTAL_INTEGRATED_2024_T1
2024,07,07232,municipality,072325005064,07232064,matched,Karlshausen,Ortsgemeinde,428,182728.00,426.93,182728.00,0.00,0.00,STATISTIKPORTAL_INTEGRATED_2024_T1
2024,07,07232,municipality,072325005065,07232065,matched,Kaschenbach,Ortsgemeinde,67,109591.00,1635.69,109591.00,0.00,0.00,STATISTIKPORTAL_INTEGRATED_2024_T1
2024,07,07232,municipality,072325005066,07232066,matched,Keppeshausen,Ortsgemeinde,17,2435.00,143.24,2435.00,0.00,0.00,STATISTIKPORTAL_INTEGRATED_2024_T1
2024,07,07232,municipality,072325005067,07232067,matched,Körperich,Ortsgemeinde,1099,422782.00,384.70,422782.00,0.00,0.00,STATISTIKPORTAL_INTEGRATED_2024_T1
2024,07,07232,municipality,072325005068,07232068,matched,Koxhausen,Ortsgemeinde,93,5737.00,61.69,5737.00,0.00,0.00,STATISTIKPORTAL_INTEGRATED_2024_T1
2024,07,07232,municipality,072325005069,07232069,matched,Kruchten,Ortsgemeinde,399,72819.00,182.50,72819.00,0.00,0.00,STATISTIKPORTAL_INTEGRATED_2024_T1
2024,07,07232,municipality,072325005072,07232072,matched,Lahr,Ortsgemeinde,200,37519.00,187.60,37519.00,0.00,0.00,STATISTIKPORTAL_INTEGRATED_2024_T1
2024,07,07232,municipality,072325005073,07232073,matched,Leimbach,Ortsgemeinde,37,692.00,18.70,692.00,0.00,0.00,STATISTIKPORTAL_INTEGRATED_2024_T1
2024,07,07232,municipality,072325005078,07232078,matched,Menningen,Ortsgemeinde,170,453496.13,2667.62,439991.00,13505.13,0.00,STATISTIKPORTAL_INTEGRATED_2024_T1
2024,07,07232,municipality,072325005080,07232080,matched,Mettendorf,Ortsgemeinde,1066,414767.00,389.09,414767.00,0.00,0.00,STATISTIKPORTAL_INTEGRATED_2024_T1
2024,07,07232,municipality,072325005082,07232082,matched,Minden,Ortsgemeinde,268,636001.13,2373.14,622496.00,13505.13,0.00,STATISTIKPORTAL_INTEGRATED_2024_T1
2024,07,07232,municipality,072325005084,07232084,matched,Muxerath,Ortsgemeinde,35,0.00,0.00,0.00,0.00,0.00,STATISTIKPORTAL_INTEGRATED_2024_T1
2024,07,07232,municipality,072325005085,07232085,matched,Nasingen,Ortsgemeinde,48,4330.00,90.21,4330.00,0.00,0.00,STATISTIKPORTAL_INTEGRATED_2024_T1
2024,07,07232,municipality,072325005088,07232088,matched,"Neuerburg,St",Ortsgemeinde,1373,2845928.00,2072.78,2845928.00,0.00,0.00,STATISTIKPORTAL_INTEGRATED_2024_T1
2024,07,07232,municipality,072325005089,07232089,matched,Niedergeckler,Ortsgemeinde,47,17234.00,366.68,17234.00,0.00,0.00,STATISTIKPORTAL_INTEGRATED_2024_T1
2024,07,07232,municipality,072325005090,07232090,matched,Niederraden,Ortsgemeinde,44,14970.00,340.23,14970.00,0.00,0.00,STATISTIKPORTAL_INTEGRATED_2024_T1
2024,07,07232,municipality,072325005093,07232093,matched,Niederweis,Ortsgemeinde,276,402357.00,1457.82,402357.00,0.00,0.00,STATISTIKPORTAL_INTEGRATED_2024_T1
2024,07,07232,municipality,072325005094,07232094,matched,Niehl,Ortsgemeinde,74,0.00,0.00,0.00,0.00,0.00,STATISTIKPORTAL_INTEGRATED_2024_T1
2024,07,07232,municipality,072325005095,07232095,matched,Nusbaum,Ortsgemeinde,422,169959.00,402.75,169959.00,0.00,0.00,STATISTIKPORTAL_INTEGRATED_2024_T1
2024,07,07232,municipality,072325005096,07232096,matched,Obergeckler,Ortsgemeinde,133,0.00,0.00,0.00,0.00,0.00,STATISTIKPORTAL_INTEGRATED_2024_T1
2024,07,07232,municipality,072325005102,07232102,matched,Utscheid,Ortsgemeinde,443,2050352.00,4628.33,2050352.00,0.00,0.00,STATISTIKPORTAL_INTEGRATED_2024_T1
2024,07,07232,municipality,072325005103,07232103,matched,Peffingen,Ortsgemeinde,216,309406.00,1432.44,309406.00,0.00,0.00,STATISTIKPORTAL_INTEGRATED_2024_T1
2024,07,07232,municipality,072325005106,07232106,matched,Plascheid,Ortsgemeinde,97,43718.00,450.70,43718.00,0.00,0.00,STATISTIKPORTAL_INTEGRATED_2024_T1
2024,07,07232,municipality,072325005108,07232108,matched,Prümzurlay,Ortsgemeinde,549,46185.90,84.13,45433.00,0.00,752.90,STATISTIKPORTAL_INTEGRATED_2024_T1
2024,07,07232,municipality,072325005110,07232110,matched,Rodershausen,Ortsgemeinde,157,15438.00,98.33,15438.00,0.00,0.00,STATISTIKPORTAL_INTEGRATED_2024_T1
2024,07,07232,municipality,072325005112,07232112,matched,Roth an der Our,Ortsgemeinde,249,31733.00,127.44,31733.00,0.00,0.00,STATISTIKPORTAL_INTEGRATED_2024_T1
2024,07,07232,municipality,072325005114,07232114,matched,Schankweiler,Ortsgemeinde,209,79603.90,380.88,78851.00,0.00,752.90,STATISTIKPORTAL_INTEGRATED_2024_T1
2024,07,07232,municipality,072325005116,07232116,matched,Scheitenkorb,Ortsgemeinde,29,0.00,0.00,0.00,0.00,0.00,STATISTIKPORTAL_INTEGRATED_2024_T1
2024,07,07232,municipality,072325005117,07232117,matched,Scheuern,Ortsgemeinde,36,0.00,0.00,0.00,0.00,0.00,STATISTIKPORTAL_INTEGRATED_2024_T1
2024,07,07232,municipality,072325005121,07232121,matched,Sevenig bei Neuerburg,Ortsgemeinde,41,28352.00,691.51,28352.00,0.00,0.00,STATISTIKPORTAL_INTEGRATED_2024_T1
2024,07,07232,municipality,072325005122,07232122,matched,Sinspelt,Ortsgemeinde,406,282789.00,696.52,282789.00,0.00,0.00,STATISTIKPORTAL_INTEGRATED_2024_T1
2024,07,07232,municipality,072325005127,07232127,matched,Übereisenbach,Ortsgemeinde,57,41602.00,729.86,41602.00,0.00,0.00,STATISTIKPORTAL_INTEGRATED_2024_T1
2024,07,07232,municipality,072325005128,07232128,matched,Uppershausen,Ortsgemeinde,55,0.00,0.00,0.00,0.00,0.00,STATISTIKPORTAL_INTEGRATED_2024_T1
2024,07,07232,municipality,072325005130,07232130,matched,Waldhof-Falkenstein,Ortsgemeinde,20,5014.00,250.70,5014.00,0.00,0.00,STATISTIKPORTAL_INTEGRATED_2024_T1
2024,07,07232,municipality,072325005131,07232131,matched,Wallendorf,Ortsgemeinde,389,180728.00,464.60,180728.00,0.00,0.00,STATISTIKPORTAL_INTEGRATED_2024_T1
2024,07,07232,municipality,072325005132,07232132,matched,Weidingen,Ortsgemeinde,169,108935.00,644.59,108935.00,0.00,0.00,STATISTIKPORTAL_INTEGRATED_2024_T1
2024,07,07232,municipality,072325005138,07232138,matched,Zweifelscheid,Ortsgemeinde,64,8969.00,140.14,8969.00,0.00,0.00,STATISTIKPORTAL_INTEGRATED_2024_T1
2024,07,07232,municipality,072325005218,07232218,matched,Eisenach,Ortsgemeinde,393,58522.00,148.91,58522.00,0.00,0.00,STATISTIKPORTAL_INTEGRATED_2024_T1
2024,07,07232,municipality,072325005225,07232225,matched,Gilzem,Ortsgemeinde,434,397414.00,915.70,397414.00,0.00,0.00,STATISTIKPORTAL_INTEGRATED_2024_T1
2024,07,07232,joint_administration,072325006,,not_applicable,Verbandsgemeinde Prüm,Verbandsgemeinde,21405,7404652.98,345.93,2468091.00,21888.98,4914673.00,STATISTIKPORTAL_INTEGRATED_2024_T1
2024,07,07232,municipality,072325006202,07232202,matched,Auw bei Prüm,Ortsgemeinde,599,137845.00,230.13,137845.00,0.00,0.00,STATISTIKPORTAL_INTEGRATED_2024_T1
2024,07,07232,municipality,072325006206,07232206,matched,Bleialf,Ortsgemeinde,1359,1844348.00,1357.14,1844348.00,0.00,0.00,STATISTIKPORTAL_INTEGRATED_2024_T1
2024,07,07232,municipality,072325006207,07232207,matched,Brandscheid,Ortsgemeinde,306,0.00,0.00,0.00,0.00,0.00,STATISTIKPORTAL_INTEGRATED_2024_T1
2024,07,07232,municipality,072325006208,07232208,matched,Buchet,Ortsgemeinde,255,0.00,0.00,0.00,0.00,0.00,STATISTIKPORTAL_INTEGRATED_2024_T1
2024,07,07232,municipality,072325006209,07232209,matched,Büdesheim,Ortsgemeinde,572,0.00,0.00,0.00,0.00,0.00,STATISTIKPORTAL_INTEGRATED_2024_T1
2024,07,07232,municipality,072325006216,07232216,matched,Dingdorf,Ortsgemeinde,112,0.00,0.00,0.00,0.00,0.00,STATISTIKPORTAL_INTEGRATED_2024_T1
2024,07,07232,municipality,072325006222,07232222,matched,Feuerscheid,Ortsgemeinde,311,8785.00,28.25,8785.00,0.00,0.00,STATISTIKPORTAL_INTEGRATED_2024_T1
2024,07,07232,municipality,072325006223,07232223,matched,Fleringen,Ortsgemeinde,408,0.00,0.00,0.00,0.00,0.00,STATISTIKPORTAL_INTEGRATED_2024_T1
2024,07,07232,municipality,072325006224,07232224,matched,Giesdorf,Ortsgemeinde,118,0.00,0.00,0.00,0.00,0.00,STATISTIKPORTAL_INTEGRATED_2024_T1
2024,07,07232,municipality,072325006226,07232226,matched,Weinsheim,Ortsgemeinde,1047,0.00,0.00,0.00,0.00,0.00,STATISTIKPORTAL_INTEGRATED_2024_T1
2024,07,07232,municipality,072325006227,07232227,matched,Gondenbrett,Ortsgemeinde,481,172470.00,358.57,172470.00,0.00,0.00,STATISTIKPORTAL_INTEGRATED_2024_T1
2024,07,07232,municipality,072325006230,07232230,matched,Großlangenfeld,Ortsgemeinde,127,0.00,0.00,0.00,0.00,0.00,STATISTIKPORTAL_INTEGRATED_2024_T1
2024,07,07232,municipality,072325006231,07232231,matched,Habscheid,Ortsgemeinde,641,0.00,0.00,0.00,0.00,0.00,STATISTIKPORTAL_INTEGRATED_2024_T1
2024,07,07232,municipality,072325006236,07232236,matched,Heckhuscheid,Ortsgemeinde,154,0.00,0.00,0.00,0.00,0.00,STATISTIKPORTAL_INTEGRATED_2024_T1
2024,07,07232,municipality,072325006238,07232238,matched,Heisdorf,Ortsgemeinde,114,0.00,0.00,0.00,0.00,0.00,STATISTIKPORTAL_INTEGRATED_2024_T1
2024,07,07232,municipality,072325006250,07232250,matched,Kleinlangenfeld,Ortsgemeinde,146,0.00,0.00,0.00,0.00,0.00,STATISTIKPORTAL_INTEGRATED_2024_T1
2024,07,07232,municipality,072325006256,07232256,matched,Lasel,Ortsgemeinde,292,261250.00,894.69,261250.00,0.00,0.00,STATISTIKPORTAL_INTEGRATED_2024_T1
2024,07,07232,municipality,072325006265,07232265,matched,Masthorn,Ortsgemeinde,57,0.00,0.00,0.00,0.00,0.00,STATISTIKPORTAL_INTEGRATED_2024_T1
2024,07,07232,municipality,072325006266,07232266,matched,Matzerath,Ortsgemeinde,47,0.00,0.00,0.00,0.00,0.00,STATISTIKPORTAL_INTEGRATED_2024_T1
2024,07,07232,municipality,072325006271,07232271,matched,Mützenich,Ortsgemeinde,114,0.00,0.00,0.00,0.00,0.00,STATISTIKPORTAL_INTEGRATED_2024_T1
2024,07,07232,municipality,072325006272,07232272,matched,Neuendorf,Ortsgemeinde,100,0.00,0.00,0.00,0.00,0.00,STATISTIKPORTAL_INTEGRATED_2024_T1
2024,07,07232,municipality,072325006276,07232276,matched,Niederlauch,Ortsgemeinde,31,0.00,0.00,0.00,0.00,0.00,STATISTIKPORTAL_INTEGRATED_2024_T1
2024,07,07232,municipality,072325006279,07232279,matched,Nimshuscheid,Ortsgemeinde,259,2000.00,7.72,2000.00,0.00,0.00,STATISTIKPORTAL_INTEGRATED_2024_T1
2024,07,07232,municipality,072325006280,07232280,matched,Nimsreuland,Ortsgemeinde,91,0.00,0.00,0.00,0.00,0.00,STATISTIKPORTAL_INTEGRATED_2024_T1
2024,07,07232,municipality,072325006283,07232283,matched,Oberlascheid,Ortsgemeinde,126,0.00,0.00,0.00,0.00,0.00,STATISTIKPORTAL_INTEGRATED_2024_T1
2024,07,07232,municipality,072325006284,07232284,matched,Oberlauch,Ortsgemeinde,70,0.00,0.00,0.00,0.00,0.00,STATISTIKPORTAL_INTEGRATED_2024_T1
2024,07,07232,municipality,072325006288,07232288,matched,Olzheim,Ortsgemeinde,585,225390.00,385.28,225390.00,0.00,0.00,STATISTIKPORTAL_INTEGRATED_2024_T1
2024,07,07232,municipality,072325006290,07232290,matched,Orlenbach,Ortsgemeinde,249,10471.00,42.05,10471.00,0.00,0.00,STATISTIKPORTAL_INTEGRATED_2024_T1
2024,07,07232,municipality,072325006292,07232292,matched,Pittenbach,Ortsgemeinde,100,0.00,0.00,0.00,0.00,0.00,STATISTIKPORTAL_INTEGRATED_2024_T1
2024,07,07232,municipality,072325006295,07232295,matched,Pronsfeld,Ortsgemeinde,976,7345.00,7.53,7345.00,0.00,0.00,STATISTIKPORTAL_INTEGRATED_2024_T1
2024,07,07232,municipality,072325006296,07232296,matched,"Prüm,St",Ortsgemeinde,5271,3811200.00,723.05,3811200.00,0.00,0.00,STATISTIKPORTAL_INTEGRATED_2024_T1
2024,07,07232,municipality,072325006300,07232300,matched,Rommersheim,Ortsgemeinde,674,0.00,0.00,0.00,0.00,0.00,STATISTIKPORTAL_INTEGRATED_2024_T1
2024,07,07232,municipality,072325006302,07232302,matched,Roth bei Prüm,Ortsgemeinde,442,0.00,0.00,0.00,0.00,0.00,STATISTIKPORTAL_INTEGRATED_2024_T1
2024,07,07232,municipality,072325006304,07232304,matched,Schönecken,Ortsgemeinde,1456,3024373.00,2077.18,3024373.00,0.00,0.00,STATISTIKPORTAL_INTEGRATED_2024_T1
2024,07,07232,municipality,072325006305,07232305,matched,Schwirzheim,Ortsgemeinde,457,44000.00,96.28,44000.00,0.00,0.00,STATISTIKPORTAL_INTEGRATED_2024_T1
2024,07,07232,municipality,072325006307,07232307,matched,Seiwerath,Ortsgemeinde,131,0.00,0.00,0.00,0.00,0.00,STATISTIKPORTAL_INTEGRATED_2024_T1
2024,07,07232,municipality,072325006308,07232308,matched,Sellerich,Ortsgemeinde,287,0.00,0.00,0.00,0.00,0.00,STATISTIKPORTAL_INTEGRATED_2024_T1
2024,07,07232,municipality,072325006318,07232318,matched,Wallersheim,Ortsgemeinde,711,0.00,0.00,0.00,0.00,0.00,STATISTIKPORTAL_INTEGRATED_2024_T1
2024,07,07232,municipality,072325006320,07232320,matched,Watzerath,Ortsgemeinde,417,78050.00,187.17,78050.00,0.00,0.00,STATISTIKPORTAL_INTEGRATED_2024_T1
2024,07,07232,municipality,072325006321,07232321,matched,Wawern,Ortsgemeinde,259,0.00,0.00,0.00,0.00,0.00,STATISTIKPORTAL_INTEGRATED_2024_T1
2024,07,07232,municipality,072325006327,07232327,matched,Winringen,Ortsgemeinde,54,0.00,0.00,0.00,0.00,0.00,STATISTIKPORTAL_INTEGRATED_2024_T1
2024,07,07232,municipality,072325006328,07232328,matched,Winterscheid,Ortsgemeinde,142,0.00,0.00,0.00,0.00,0.00,STATISTIKPORTAL_INTEGRATED_2024_T1
2024,07,07232,municipality,072325006329,07232329,matched,Winterspelt,Ortsgemeinde,859,564394.00,657.04,564394.00,0.00,0.00,STATISTIKPORTAL_INTEGRATED_2024_T1
2024,07,07232,municipality,072325006332,07232332,matched,Hersdorf,Ortsgemeinde,398,1800.00,4.52,1800.00,0.00,0.00,STATISTIKPORTAL_INTEGRATED_2024_T1
2024,07,07232,joint_administration,072325007,,not_applicable,Verbandsgemeinde Speicher,Verbandsgemeinde,8647,17747520.90,2052.45,3989580.00,0.00,13757940.90,STATISTIKPORTAL_INTEGRATED_2024_T1
2024,07,07232,municipality,072325007006,07232006,matched,Auw an der Kyll,Ortsgemeinde,111,207259.00,1867.20,207259.00,0.00,0.00,STATISTIKPORTAL_INTEGRATED_2024_T1
2024,07,07232,municipality,072325007010,07232010,matched,Beilingen,Ortsgemeinde,384,576400.86,1501.04,573480.00,2920.86,0.00,STATISTIKPORTAL_INTEGRATED_2024_T1
2024,07,07232,municipality,072325007050,07232050,matched,Herforst,Ortsgemeinde,1219,732707.55,601.07,727450.00,5257.55,0.00,STATISTIKPORTAL_INTEGRATED_2024_T1
2024,07,07232,municipality,072325007055,07232055,matched,Hosten,Ortsgemeinde,176,16008.00,90.95,16008.00,0.00,0.00,STATISTIKPORTAL_INTEGRATED_2024_T1
2024,07,07232,municipality,072325007104,07232104,matched,Philippsheim,Ortsgemeinde,91,242366.00,2663.36,242366.00,0.00,0.00,STATISTIKPORTAL_INTEGRATED_2024_T1
2024,07,07232,municipality,072325007107,07232107,matched,Preist,Ortsgemeinde,738,2948322.95,3995.02,1210194.00,8502.95,1729626.00,STATISTIKPORTAL_INTEGRATED_2024_T1
2024,07,07232,municipality,072325007123,07232123,matched,"Speicher, St",Ortsgemeinde,3653,6525714.62,1786.40,6497934.00,27780.62,0.00,STATISTIKPORTAL_INTEGRATED_2024_T1
2024,07,07232,municipality,072325007289,07232289,matched,Orenhofen,Ortsgemeinde,1382,2668112.39,1930.62,2653573.00,14539.39,0.00,STATISTIKPORTAL_INTEGRATED_2024_T1
2024,07,07232,municipality,072325007311,07232311,matched,Spangdahlem,Ortsgemeinde,893,703534.63,787.83,697628.00,5906.63,0.00,STATISTIKPORTAL_INTEGRATED_2024_T1
2024,07,07232,joint_administration,072325008,,not_applicable,Verbandsgemeinde Bitburger Land,Verbandsgemeinde,25338,39757194.29,1569.07,14072536.00,1666771.29,24017887.00,STATISTIKPORTAL_INTEGRATED_2024_T1
2024,07,07232,municipality,072325008007,07232007,matched,Badem,Ortsgemeinde,1290,1048696.50,812.94,708371.00,340325.50,0.00,STATISTIKPORTAL_INTEGRATED_2024_T1
2024,07,07232,municipality,072325008009,07232009,matched,Baustert,Ortsgemeinde,426,72009.00,169.04,72009.00,0.00,0.00,STATISTIKPORTAL_INTEGRATED_2024_T1
2024,07,07232,municipality,072325008013,07232013,matched,Bettingen,Ortsgemeinde,1046,2112153.00,2019.27,2112153.00,0.00,0.00,STATISTIKPORTAL_INTEGRATED_2024_T1
2024,07,07232,municipality,072325008014,07232014,matched,Bickendorf,Ortsgemeinde,545,1073.45,1.97,0.00,1073.45,0.00,STATISTIKPORTAL_INTEGRATED_2024_T1
2024,07,07232,municipality,072325008015,07232015,matched,Biersdorf am See,Ortsgemeinde,549,537675.11,979.37,528013.00,9662.11,0.00,STATISTIKPORTAL_INTEGRATED_2024_T1
2024,07,07232,municipality,072325008017,07232017,matched,Birtlingen,Ortsgemeinde,44,0.00,0.00,0.00,0.00,0.00,STATISTIKPORTAL_INTEGRATED_2024_T1
2024,07,07232,municipality,072325008020,07232020,matched,Brecht,Ortsgemeinde,187,42000.00,224.60,42000.00,0.00,0.00,STATISTIKPORTAL_INTEGRATED_2024_T1
2024,07,07232,municipality,072325008024,07232024,matched,Dahlem,Ortsgemeinde,248,0.00,0.00,0.00,0.00,0.00,STATISTIKPORTAL_INTEGRATED_2024_T1
2024,07,07232,municipality,072325008026,07232026,matched,Dockendorf,Ortsgemeinde,233,0.00,0.00,0.00,0.00,0.00,STATISTIKPORTAL_INTEGRATED_2024_T1
2024,07,07232,municipality,072325008027,07232027,matched,Dudeldorf,Ortsgemeinde,1264,580653.00,459.38,580653.00,0.00,0.00,STATISTIKPORTAL_INTEGRATED_2024_T1
2024,07,07232,municipality,072325008029,07232029,matched,Echtershausen,Ortsgemeinde,90,7350.00,81.67,7350.00,0.00,0.00,STATISTIKPORTAL_INTEGRATED_2024_T1
2024,07,07232,municipality,072325008030,07232030,matched,Ehlenz,Ortsgemeinde,447,0.00,0.00,0.00,0.00,0.00,STATISTIKPORTAL_INTEGRATED_2024_T1
2024,07,07232,municipality,072325008032,07232032,matched,Enzen,Ortsgemeinde,32,0.00,0.00,0.00,0.00,0.00,STATISTIKPORTAL_INTEGRATED_2024_T1
2024,07,07232,municipality,072325008034,07232034,matched,Eßlingen,Ortsgemeinde,118,0.00,0.00,0.00,0.00,0.00,STATISTIKPORTAL_INTEGRATED_2024_T1
2024,07,07232,municipality,072325008035,07232035,matched,Etteldorf,Ortsgemeinde,22,0.00,0.00,0.00,0.00,0.00,STATISTIKPORTAL_INTEGRATED_2024_T1
2024,07,07232,municipality,072325008036,07232036,matched,Feilsdorf,Ortsgemeinde,31,1472.00,47.48,1472.00,0.00,0.00,STATISTIKPORTAL_INTEGRATED_2024_T1
2024,07,07232,municipality,072325008039,07232039,matched,Fließem,Ortsgemeinde,656,490524.00,747.75,490524.00,0.00,0.00,STATISTIKPORTAL_INTEGRATED_2024_T1
2024,07,07232,municipality,072325008043,07232043,matched,Gindorf,Ortsgemeinde,311,27672.00,88.98,27672.00,0.00,0.00,STATISTIKPORTAL_INTEGRATED_2024_T1
2024,07,07232,municipality,072325008044,07232044,matched,Gondorf,Ortsgemeinde,304,279740.00,920.20,279740.00,0.00,0.00,STATISTIKPORTAL_INTEGRATED_2024_T1
2024,07,07232,municipality,072325008045,07232045,matched,Halsdorf,Ortsgemeinde,102,31764.00,311.41,31764.00,0.00,0.00,STATISTIKPORTAL_INTEGRATED_2024_T1
2024,07,07232,municipality,072325008046,07232046,matched,Hamm,Ortsgemeinde,17,1073.45,63.14,0.00,1073.45,0.00,STATISTIKPORTAL_INTEGRATED_2024_T1
2024,07,07232,municipality,072325008048,07232048,matched,Heilenbach,Ortsgemeinde,101,0.00,0.00,0.00,0.00,0.00,STATISTIKPORTAL_INTEGRATED_2024_T1
2024,07,07232,municipality,072325008057,07232057,matched,Hütterscheid,Ortsgemeinde,174,90790.00,521.78,90790.00,0.00,0.00,STATISTIKPORTAL_INTEGRATED_2024_T1
2024,07,07232,municipality,072325008058,07232058,matched,Hüttingen an der Kyll,Ortsgemeinde,323,7897.00,24.45,7897.00,0.00,0.00,STATISTIKPORTAL_INTEGRATED_2024_T1
2024,07,07232,municipality,072325008060,07232060,matched,Idenheim,Ortsgemeinde,427,62128.00,145.50,62128.00,0.00,0.00,STATISTIKPORTAL_INTEGRATED_2024_T1
2024,07,07232,municipality,072325008061,07232061,matched,Idesheim,Ortsgemeinde,413,4746.00,11.49,4746.00,0.00,0.00,STATISTIKPORTAL_INTEGRATED_2024_T1
2024,07,07232,municipality,072325008062,07232062,matched,Ingendorf,Ortsgemeinde,222,32876.00,148.09,32876.00,0.00,0.00,STATISTIKPORTAL_INTEGRATED_2024_T1
2024,07,07232,municipality,072325008070,07232070,matched,"Kyllburg,St",Ortsgemeinde,920,717575.00,779.97,717575.00,0.00,0.00,STATISTIKPORTAL_INTEGRATED_2024_T1
2024,07,07232,municipality,072325008071,07232071,matched,Kyllburgweiler,Ortsgemeinde,92,0.00,0.00,0.00,0.00,0.00,STATISTIKPORTAL_INTEGRATED_2024_T1
2024,07,07232,municipality,072325008074,07232074,matched,Ließem,Ortsgemeinde,81,0.00,0.00,0.00,0.00,0.00,STATISTIKPORTAL_INTEGRATED_2024_T1
2024,07,07232,municipality,072325008075,07232075,matched,Malberg,Ortsgemeinde,546,188820.00,345.82,188820.00,0.00,0.00,STATISTIKPORTAL_INTEGRATED_2024_T1
2024,07,07232,municipality,072325008076,07232076,matched,Malbergweich,Ortsgemeinde,365,10100.00,27.67,10100.00,0.00,0.00,STATISTIKPORTAL_INTEGRATED_2024_T1
2024,07,07232,municipality,072325008077,07232077,matched,Meckel,Ortsgemeinde,410,0.00,0.00,0.00,0.00,0.00,STATISTIKPORTAL_INTEGRATED_2024_T1
2024,07,07232,municipality,072325008079,07232079,matched,Messerich,Ortsgemeinde,547,46649.00,85.28,46649.00,0.00,0.00,STATISTIKPORTAL_INTEGRATED_2024_T1
2024,07,07232,municipality,072325008081,07232081,matched,Metterich,Ortsgemeinde,544,0.00,0.00,0.00,0.00,0.00,STATISTIKPORTAL_INTEGRATED_2024_T1
2024,07,07232,municipality,072325008083,07232083,matched,Mülbach,Ortsgemeinde,118,2543.00,21.55,2543.00,0.00,0.00,STATISTIKPORTAL_INTEGRATED_2024_T1
2024,07,07232,municipality,072325008086,07232086,matched,Nattenheim,Ortsgemeinde,575,0.00,0.00,0.00,0.00,0.00,STATISTIKPORTAL_INTEGRATED_2024_T1
2024,07,07232,municipality,072325008087,07232087,matched,Neidenbach,Ortsgemeinde,857,611369.00,713.38,611369.00,0.00,0.00,STATISTIKPORTAL_INTEGRATED_2024_T1
2024,07,07232,municipality,072325008091,07232091,matched,Niederstedem,Ortsgemeinde,227,0.00,0.00,0.00,0.00,0.00,STATISTIKPORTAL_INTEGRATED_2024_T1
2024,07,07232,municipality,072325008092,07232092,matched,Niederweiler,Ortsgemeinde,95,0.00,0.00,0.00,0.00,0.00,STATISTIKPORTAL_INTEGRATED_2024_T1
2024,07,07232,municipality,072325008097,07232097,matched,Oberstedem,Ortsgemeinde,70,0.00,0.00,0.00,0.00,0.00,STATISTIKPORTAL_INTEGRATED_2024_T1
2024,07,07232,municipality,072325008098,07232098,matched,Oberweiler,Ortsgemeinde,168,166302.00,989.89,166302.00,0.00,0.00,STATISTIKPORTAL_INTEGRATED_2024_T1
2024,07,07232,municipality,072325008099,07232099,matched,Oberweis,Ortsgemeinde,583,540567.00,927.22,540567.00,0.00,0.00,STATISTIKPORTAL_INTEGRATED_2024_T1
2024,07,07232,municipality,072325008100,07232100,matched,Olsdorf,Ortsgemeinde,88,0.00,0.00,0.00,0.00,0.00,STATISTIKPORTAL_INTEGRATED_2024_T1
2024,07,07232,municipality,072325008101,07232101,matched,Orsfeld,Ortsgemeinde,196,58200.00,296.94,58200.00,0.00,0.00,STATISTIKPORTAL_INTEGRATED_2024_T1
2024,07,07232,municipality,072325008105,07232105,matched,Pickließem,Ortsgemeinde,297,51745.00,174.23,51745.00,0.00,0.00,STATISTIKPORTAL_INTEGRATED_2024_T1
2024,07,07232,municipality,072325008109,07232109,matched,Rittersdorf,Ortsgemeinde,1324,0.00,0.00,0.00,0.00,0.00,STATISTIKPORTAL_INTEGRATED_2024_T1
2024,07,07232,municipality,072325008111,07232111,matched,Röhl,Ortsgemeinde,430,100303.63,233.26,46377.00,53926.63,0.00,STATISTIKPORTAL_INTEGRATED_2024_T1
2024,07,07232,municipality,072325008113,07232113,matched,Sankt Thomas,Ortsgemeinde,240,65611.00,273.38,65611.00,0.00,0.00,STATISTIKPORTAL_INTEGRATED_2024_T1
2024,07,07232,municipality,072325008115,07232115,matched,Scharfbillig,Ortsgemeinde,124,82537.63,665.63,28611.00,53926.63,0.00,STATISTIKPORTAL_INTEGRATED_2024_T1
2024,07,07232,municipality,072325008118,07232118,matched,Schleid,Ortsgemeinde,369,605350.00,1640.51,605350.00,0.00,0.00,STATISTIKPORTAL_INTEGRATED_2024_T1
2024,07,07232,municipality,072325008119,07232119,matched,Seffern,Ortsgemeinde,299,355385.00,1188.58,355385.00,0.00,0.00,STATISTIKPORTAL_INTEGRATED_2024_T1
2024,07,07232,municipality,072325008120,07232120,matched,Sefferweich,Ortsgemeinde,263,85767.00,326.11,85767.00,0.00,0.00,STATISTIKPORTAL_INTEGRATED_2024_T1
2024,07,07232,municipality,072325008124,07232124,matched,Stockem,Ortsgemeinde,95,158436.00,1667.75,158436.00,0.00,0.00,STATISTIKPORTAL_INTEGRATED_2024_T1
2024,07,07232,municipality,072325008125,07232125,matched,Sülm,Ortsgemeinde,410,61994.00,151.20,61994.00,0.00,0.00,STATISTIKPORTAL_INTEGRATED_2024_T1
2024,07,07232,municipality,072325008126,07232126,matched,Trimport,Ortsgemeinde,285,0.00,0.00,0.00,0.00,0.00,STATISTIKPORTAL_INTEGRATED_2024_T1
2024,07,07232,municipality,072325008129,07232129,matched,Usch,Ortsgemeinde,49,1227.00,25.04,1227.00,0.00,0.00,STATISTIKPORTAL_INTEGRATED_2024_T1
2024,07,07232,municipality,072325008133,07232133,matched,Wettlingen,Ortsgemeinde,27,19949.00,738.85,19949.00,0.00,0.00,STATISTIKPORTAL_INTEGRATED_2024_T1
2024,07,07232,municipality,072325008134,07232134,matched,Wiersdorf,Ortsgemeinde,261,1073.45,4.11,0.00,1073.45,0.00,STATISTIKPORTAL_INTEGRATED_2024_T1
2024,07,07232,municipality,072325008135,07232135,matched,Wilsecker,Ortsgemeinde,170,4219.00,24.82,4219.00,0.00,0.00,STATISTIKPORTAL_INTEGRATED_2024_T1
2024,07,07232,municipality,072325008137,07232137,matched,Wolsfeld,Ortsgemeinde,1090,0.00,0.00,0.00,0.00,0.00,STATISTIKPORTAL_INTEGRATED_2024_T1
2024,07,07232,municipality,072325008203,07232203,matched,Balesfeld,Ortsgemeinde,199,12374.00,62.18,12374.00,0.00,0.00,STATISTIKPORTAL_INTEGRATED_2024_T1
2024,07,07232,municipality,072325008210,07232210,matched,Burbach,Ortsgemeinde,718,521175.00,725.87,521175.00,0.00,0.00,STATISTIKPORTAL_INTEGRATED_2024_T1
2024,07,07232,municipality,072325008228,07232228,matched,Gransdorf,Ortsgemeinde,356,34753.00,97.62,34753.00,0.00,0.00,STATISTIKPORTAL_INTEGRATED_2024_T1
2024,07,07232,municipality,072325008273,07232273,matched,Neuheilenbach,Ortsgemeinde,252,19033.00,75.53,19033.00,0.00,0.00,STATISTIKPORTAL_INTEGRATED_2024_T1
2024,07,07232,municipality,072325008282,07232282,matched,Oberkail,Ortsgemeinde,581,229282.00,394.63,229282.00,0.00,0.00,STATISTIKPORTAL_INTEGRATED_2024_T1
2024,07,07232,municipality,072325008306,07232306,matched,Seinsfeld,Ortsgemeinde,175,0.00,0.00,0.00,0.00,0.00,STATISTIKPORTAL_INTEGRATED_2024_T1
2024,07,07232,municipality,072325008313,07232313,matched,Steinborn,Ortsgemeinde,175,0.00,0.00,0.00,0.00,0.00,STATISTIKPORTAL_INTEGRATED_2024_T1
2024,07,07232,municipality,072325008331,07232331,matched,Zendscheid,Ortsgemeinde,138,5420.00,39.28,5420.00,0.00,0.00,STATISTIKPORTAL_INTEGRATED_2024_T1
2024,07,07232,municipality,072325008501,07232501,matched,Wißmannsdorf,Ortsgemeinde,804,96153.00,119.59,96153.00,0.00,0.00,STATISTIKPORTAL_INTEGRATED_2024_T1
2024,07,07232,municipality,072325008502,07232502,matched,Brimingen,Ortsgemeinde,103,0.00,0.00,0.00,0.00,0.00,STATISTIKPORTAL_INTEGRATED_2024_T1
2024,07,07233,county_administration,07233,,not_applicable,Landkreis Vulkaneifel,Landkreis,59493,72921771.07,1225.72,34747429.00,1363843.35,36810498.72,STATISTIKPORTAL_INTEGRATED_2024_T1
2024,07,07233,joint_administration,072335001,,not_applicable,Verbandsgemeinde Daun,Verbandsgemeinde,22063,40847475.76,1851.40,10777322.00,0.00,30070153.76,STATISTIKPORTAL_INTEGRATED_2024_T1
2024,07,07233,municipality,072335001006,07233006,matched,Betteldorf,Ortsgemeinde,246,0.00,0.00,0.00,0.00,0.00,STATISTIKPORTAL_INTEGRATED_2024_T1
2024,07,07233,municipality,072335001008,07233008,matched,Bleckhausen,Ortsgemeinde,282,0.00,0.00,0.00,0.00,0.00,STATISTIKPORTAL_INTEGRATED_2024_T1
2024,07,07233,municipality,072335001011,07233011,matched,Brockscheid,Ortsgemeinde,184,96442.00,524.14,96442.00,0.00,0.00,STATISTIKPORTAL_INTEGRATED_2024_T1
2024,07,07233,municipality,072335001014,07233014,matched,Darscheid,Ortsgemeinde,925,0.00,0.00,0.00,0.00,0.00,STATISTIKPORTAL_INTEGRATED_2024_T1
2024,07,07233,municipality,072335001016,07233016,matched,Demerath,Ortsgemeinde,275,0.00,0.00,0.00,0.00,0.00,STATISTIKPORTAL_INTEGRATED_2024_T1
2024,07,07233,municipality,072335001017,07233017,matched,Deudesfeld,Ortsgemeinde,363,88908.00,244.93,88908.00,0.00,0.00,STATISTIKPORTAL_INTEGRATED_2024_T1
2024,07,07233,municipality,072335001018,07233018,matched,Dockweiler,Ortsgemeinde,675,142008.00,210.38,142008.00,0.00,0.00,STATISTIKPORTAL_INTEGRATED_2024_T1
2024,07,07233,municipality,072335001020,07233020,matched,Dreis-Brück,Ortsgemeinde,794,0.00,0.00,0.00,0.00,0.00,STATISTIKPORTAL_INTEGRATED_2024_T1
2024,07,07233,municipality,072335001021,07233021,matched,Ellscheid,Ortsgemeinde,296,1135992.50,3837.81,0.00,0.00,1135992.50,STATISTIKPORTAL_INTEGRATED_2024_T1
2024,07,07233,municipality,072335001025,07233025,matched,Gefell,Ortsgemeinde,86,0.00,0.00,0.00,0.00,0.00,STATISTIKPORTAL_INTEGRATED_2024_T1
2024,07,07233,municipality,072335001027,07233027,matched,Gillenfeld,Ortsgemeinde,1385,1593934.50,1150.86,457942.00,0.00,1135992.50,STATISTIKPORTAL_INTEGRATED_2024_T1
2024,07,07233,municipality,072335001030,07233030,matched,Hinterweiler,Ortsgemeinde,224,23797.00,106.24,23797.00,0.00,0.00,STATISTIKPORTAL_INTEGRATED_2024_T1
2024,07,07233,municipality,072335001031,07233031,matched,Hörscheid,Ortsgemeinde,115,0.00,0.00,0.00,0.00,0.00,STATISTIKPORTAL_INTEGRATED_2024_T1
2024,07,07233,municipality,072335001034,07233034,matched,Immerath,Ortsgemeinde,237,126695.00,534.58,126695.00,0.00,0.00,STATISTIKPORTAL_INTEGRATED_2024_T1
2024,07,07233,municipality,072335001039,07233039,matched,Kirchweiler,Ortsgemeinde,400,0.00,0.00,0.00,0.00,0.00,STATISTIKPORTAL_INTEGRATED_2024_T1
2024,07,07233,municipality,072335001040,07233040,matched,Kradenbach,Ortsgemeinde,146,66946.85,458.54,0.00,0.00,66946.85,STATISTIKPORTAL_INTEGRATED_2024_T1
2024,07,07233,municipality,072335001042,07233042,matched,Mehren,Ortsgemeinde,1296,738111.00,569.53,738111.00,0.00,0.00,STATISTIKPORTAL_INTEGRATED_2024_T1
2024,07,07233,municipality,072335001043,07233043,matched,Meisburg,Ortsgemeinde,230,0.00,0.00,0.00,0.00,0.00,STATISTIKPORTAL_INTEGRATED_2024_T1
2024,07,07233,municipality,072335001046,07233046,matched,Mückeln,Ortsgemeinde,218,90360.00,414.50,90360.00,0.00,0.00,STATISTIKPORTAL_INTEGRATED_2024_T1
2024,07,07233,municipality,072335001049,07233049,matched,Nerdlen,Ortsgemeinde,256,226737.86,885.69,25902.00,0.00,200835.86,STATISTIKPORTAL_INTEGRATED_2024_T1
2024,07,07233,municipality,072335001052,07233052,matched,Niederstadtfeld,Ortsgemeinde,441,0.00,0.00,0.00,0.00,0.00,STATISTIKPORTAL_INTEGRATED_2024_T1
2024,07,07233,municipality,072335001055,07233055,matched,Oberstadtfeld,Ortsgemeinde,527,0.00,0.00,0.00,0.00,0.00,STATISTIKPORTAL_INTEGRATED_2024_T1
2024,07,07233,municipality,072335001061,07233061,matched,Sarmersbach,Ortsgemeinde,173,0.00,0.00,0.00,0.00,0.00,STATISTIKPORTAL_INTEGRATED_2024_T1
2024,07,07233,municipality,072335001062,07233062,matched,Saxler,Ortsgemeinde,59,0.00,0.00,0.00,0.00,0.00,STATISTIKPORTAL_INTEGRATED_2024_T1
2024,07,07233,municipality,072335001063,07233063,matched,Schalkenmehren,Ortsgemeinde,605,198629.00,328.31,198629.00,0.00,0.00,STATISTIKPORTAL_INTEGRATED_2024_T1
2024,07,07233,municipality,072335001064,07233064,matched,Schönbach,Ortsgemeinde,262,32917.00,125.64,32917.00,0.00,0.00,STATISTIKPORTAL_INTEGRATED_2024_T1
2024,07,07233,municipality,072335001065,07233065,matched,Schutz,Ortsgemeinde,142,180652.00,1272.20,180652.00,0.00,0.00,STATISTIKPORTAL_INTEGRATED_2024_T1
2024,07,07233,municipality,072335001067,07233067,matched,Steineberg,Ortsgemeinde,196,45160.00,230.41,45160.00,0.00,0.00,STATISTIKPORTAL_INTEGRATED_2024_T1
2024,07,07233,municipality,072335001068,07233068,matched,Steiningen,Ortsgemeinde,185,64395.00,348.08,64395.00,0.00,0.00,STATISTIKPORTAL_INTEGRATED_2024_T1
2024,07,07233,municipality,072335001070,07233070,matched,Strohn,Ortsgemeinde,489,0.00,0.00,0.00,0.00,0.00,STATISTIKPORTAL_INTEGRATED_2024_T1
2024,07,07233,municipality,072335001071,07233071,matched,Strotzbüsch,Ortsgemeinde,415,0.00,0.00,0.00,0.00,0.00,STATISTIKPORTAL_INTEGRATED_2024_T1
2024,07,07233,municipality,072335001074,07233074,matched,Udler,Ortsgemeinde,279,0.00,0.00,0.00,0.00,0.00,STATISTIKPORTAL_INTEGRATED_2024_T1
2024,07,07233,municipality,072335001075,07233075,matched,Üdersdorf,Ortsgemeinde,1056,148816.00,140.92,148816.00,0.00,0.00,STATISTIKPORTAL_INTEGRATED_2024_T1
2024,07,07233,municipality,072335001077,07233077,matched,Utzerath,Ortsgemeinde,173,45300.00,261.85,45300.00,0.00,0.00,STATISTIKPORTAL_INTEGRATED_2024_T1
2024,07,07233,municipality,072335001079,07233079,matched,Wallenborn,Ortsgemeinde,406,101569.00,250.17,101569.00,0.00,0.00,STATISTIKPORTAL_INTEGRATED_2024_T1
2024,07,07233,municipality,072335001081,07233081,matched,Weidenbach,Ortsgemeinde,252,0.00,0.00,0.00,0.00,0.00,STATISTIKPORTAL_INTEGRATED_2024_T1
2024,07,07233,municipality,072335001084,07233084,matched,Winkel (Eifel),Ortsgemeinde,137,21943.00,160.17,21943.00,0.00,0.00,STATISTIKPORTAL_INTEGRATED_2024_T1
2024,07,07233,municipality,072335001501,07233501,matched,"Daun,St",Ortsgemeinde,7633,3343708.00,438.06,3343708.00,0.00,0.00,STATISTIKPORTAL_INTEGRATED_2024_T1
2024,07,07233,joint_administration,072335004,,not_applicable,Verbandsgemeinde Kelberg,Verbandsgemeinde,6913,10773739.55,1558.48,76460.00,0.00,10697279.55,STATISTIKPORTAL_INTEGRATED_2024_T1
2024,07,07233,municipality,072335004003,07233003,matched,Beinhausen,Ortsgemeinde,87,0.00,0.00,0.00,0.00,0.00,STATISTIKPORTAL_INTEGRATED_2024_T1
2024,07,07233,municipality,072335004010,07233010,matched,Boxberg,Ortsgemeinde,200,0.00,0.00,0.00,0.00,0.00,STATISTIKPORTAL_INTEGRATED_2024_T1
2024,07,07233,municipality,072335004032,07233032,matched,Hörschhausen,Ortsgemeinde,121,0.00,0.00,0.00,0.00,0.00,STATISTIKPORTAL_INTEGRATED_2024_T1
2024,07,07233,municipality,072335004037,07233037,matched,Katzwinkel,Ortsgemeinde,132,0.00,0.00,0.00,0.00,0.00,STATISTIKPORTAL_INTEGRATED_2024_T1
2024,07,07233,municipality,072335004048,07233048,matched,Neichen,Ortsgemeinde,135,0.00,0.00,0.00,0.00,0.00,STATISTIKPORTAL_INTEGRATED_2024_T1
2024,07,07233,municipality,072335004201,07233201,matched,Arbach,Ortsgemeinde,124,0.00,0.00,0.00,0.00,0.00,STATISTIKPORTAL_INTEGRATED_2024_T1
2024,07,07233,municipality,072335004202,07233202,matched,Bereborn,Ortsgemeinde,123,0.00,0.00,0.00,0.00,0.00,STATISTIKPORTAL_INTEGRATED_2024_T1
2024,07,07233,municipality,072335004203,07233203,matched,Berenbach,Ortsgemeinde,163,106456.00,653.10,106456.00,0.00,0.00,STATISTIKPORTAL_INTEGRATED_2024_T1
2024,07,07233,municipality,072335004205,07233205,matched,Bodenbach,Ortsgemeinde,202,0.00,0.00,0.00,0.00,0.00,STATISTIKPORTAL_INTEGRATED_2024_T1
2024,07,07233,municipality,072335004206,07233206,matched,Bongard,Ortsgemeinde,232,0.00,0.00,0.00,0.00,0.00,STATISTIKPORTAL_INTEGRATED_2024_T1
2024,07,07233,municipality,072335004207,07233207,matched,Borler,Ortsgemeinde,76,0.00,0.00,0.00,0.00,0.00,STATISTIKPORTAL_INTEGRATED_2024_T1
2024,07,07233,municipality,072335004208,07233208,matched,Brücktal,Ortsgemeinde,75,0.00,0.00,0.00,0.00,0.00,STATISTIKPORTAL_INTEGRATED_2024_T1
2024,07,07233,municipality,072335004210,07233210,matched,Drees,Ortsgemeinde,161,0.00,0.00,0.00,0.00,0.00,STATISTIKPORTAL_INTEGRATED_2024_T1
2024,07,07233,municipality,072335004212,07233212,matched,Gelenberg,Ortsgemeinde,85,0.00,0.00,0.00,0.00,0.00,STATISTIKPORTAL_INTEGRATED_2024_T1
2024,07,07233,municipality,072335004213,07233213,matched,Gunderath,Ortsgemeinde,112,0.00,0.00,0.00,0.00,0.00,STATISTIKPORTAL_INTEGRATED_2024_T1
2024,07,07233,municipality,072335004215,07233215,matched,Höchstberg,Ortsgemeinde,336,0.00,0.00,0.00,0.00,0.00,STATISTIKPORTAL_INTEGRATED_2024_T1
2024,07,07233,municipality,072335004216,07233216,matched,Horperath,Ortsgemeinde,123,0.00,0.00,0.00,0.00,0.00,STATISTIKPORTAL_INTEGRATED_2024_T1
2024,07,07233,municipality,072335004217,07233217,matched,Kaperich,Ortsgemeinde,168,0.00,0.00,0.00,0.00,0.00,STATISTIKPORTAL_INTEGRATED_2024_T1
2024,07,07233,municipality,072335004218,07233218,matched,Kelberg,Ortsgemeinde,1909,0.00,0.00,0.00,0.00,0.00,STATISTIKPORTAL_INTEGRATED_2024_T1
2024,07,07233,municipality,072335004220,07233220,matched,Kirsbach,Ortsgemeinde,78,0.00,0.00,0.00,0.00,0.00,STATISTIKPORTAL_INTEGRATED_2024_T1
2024,07,07233,municipality,072335004221,07233221,matched,Kötterichen,Ortsgemeinde,117,0.00,0.00,0.00,0.00,0.00,STATISTIKPORTAL_INTEGRATED_2024_T1
2024,07,07233,municipality,072335004222,07233222,matched,Kolverath,Ortsgemeinde,96,0.00,0.00,0.00,0.00,0.00,STATISTIKPORTAL_INTEGRATED_2024_T1
2024,07,07233,municipality,072335004224,07233224,matched,Lirstal,Ortsgemeinde,194,0.00,0.00,0.00,0.00,0.00,STATISTIKPORTAL_INTEGRATED_2024_T1
2024,07,07233,municipality,072335004225,07233225,matched,Mannebach,Ortsgemeinde,236,0.00,0.00,0.00,0.00,0.00,STATISTIKPORTAL_INTEGRATED_2024_T1
2024,07,07233,municipality,072335004226,07233226,matched,Mosbruch,Ortsgemeinde,164,0.00,0.00,0.00,0.00,0.00,STATISTIKPORTAL_INTEGRATED_2024_T1
2024,07,07233,municipality,072335004228,07233228,matched,Nitz,Ortsgemeinde,27,0.00,0.00,0.00,0.00,0.00,STATISTIKPORTAL_INTEGRATED_2024_T1
2024,07,07233,municipality,072335004230,07233230,matched,Oberelz,Ortsgemeinde,124,0.00,0.00,0.00,0.00,0.00,STATISTIKPORTAL_INTEGRATED_2024_T1
2024,07,07233,municipality,072335004233,07233233,matched,Reimerath,Ortsgemeinde,70,0.00,0.00,0.00,0.00,0.00,STATISTIKPORTAL_INTEGRATED_2024_T1
2024,07,07233,municipality,072335004234,07233234,matched,Retterath,Ortsgemeinde,312,0.00,0.00,0.00,0.00,0.00,STATISTIKPORTAL_INTEGRATED_2024_T1
2024,07,07233,municipality,072335004236,07233236,matched,Sassen,Ortsgemeinde,92,0.00,0.00,0.00,0.00,0.00,STATISTIKPORTAL_INTEGRATED_2024_T1
2024,07,07233,municipality,072335004242,07233242,matched,Uersfeld,Ortsgemeinde,665,55802.00,83.91,55802.00,0.00,0.00,STATISTIKPORTAL_INTEGRATED_2024_T1
2024,07,07233,municipality,072335004243,07233243,matched,Ueß,Ortsgemeinde,60,0.00,0.00,0.00,0.00,0.00,STATISTIKPORTAL_INTEGRATED_2024_T1
2024,07,07233,municipality,072335004244,07233244,matched,Welcherath,Ortsgemeinde,114,0.00,0.00,0.00,0.00,0.00,STATISTIKPORTAL_INTEGRATED_2024_T1
2024,07,07233,joint_administration,072335006,,not_applicable,Verbandsgemeinde Gerolstein,Verbandsgemeinde,30517,34810756.17,1140.70,23969125.00,1312926.17,9528705.00,STATISTIKPORTAL_INTEGRATED_2024_T1
2024,07,07233,municipality,072335006002,07233002,matched,Basberg,Ortsgemeinde,81,90698.00,1119.73,90698.00,0.00,0.00,STATISTIKPORTAL_INTEGRATED_2024_T1
2024,07,07233,municipality,072335006004,07233004,matched,Berlingen,Ortsgemeinde,218,0.00,0.00,0.00,0.00,0.00,STATISTIKPORTAL_INTEGRATED_2024_T1
2024,07,07233,municipality,072335006005,07233005,matched,Berndorf,Ortsgemeinde,510,0.00,0.00,0.00,0.00,0.00,STATISTIKPORTAL_INTEGRATED_2024_T1
2024,07,07233,municipality,072335006007,07233007,matched,Birgel,Ortsgemeinde,436,0.00,0.00,0.00,0.00,0.00,STATISTIKPORTAL_INTEGRATED_2024_T1
2024,07,07233,municipality,072335006019,07233019,matched,Dohm-Lammersdorf,Ortsgemeinde,211,0.00,0.00,0.00,0.00,0.00,STATISTIKPORTAL_INTEGRATED_2024_T1
2024,07,07233,municipality,072335006022,07233022,matched,Esch,Ortsgemeinde,408,268365.00,657.76,268365.00,0.00,0.00,STATISTIKPORTAL_INTEGRATED_2024_T1
2024,07,07233,municipality,072335006023,07233023,matched,Feusdorf,Ortsgemeinde,507,391921.00,773.02,391921.00,0.00,0.00,STATISTIKPORTAL_INTEGRATED_2024_T1
2024,07,07233,municipality,072335006026,07233026,matched,"Gerolstein,St",Ortsgemeinde,7236,6328787.00,874.63,6328787.00,0.00,0.00,STATISTIKPORTAL_INTEGRATED_2024_T1
2024,07,07233,municipality,072335006028,07233028,matched,Gönnersdorf,Ortsgemeinde,485,154598.00,318.76,154598.00,0.00,0.00,STATISTIKPORTAL_INTEGRATED_2024_T1
2024,07,07233,municipality,072335006029,07233029,matched,"Hillesheim,St",Ortsgemeinde,3193,2632973.00,824.61,2632973.00,0.00,0.00,STATISTIKPORTAL_INTEGRATED_2024_T1
2024,07,07233,municipality,072335006033,07233033,matched,Hohenfels-Essingen,Ortsgemeinde,344,0.00,0.00,0.00,0.00,0.00,STATISTIKPORTAL_INTEGRATED_2024_T1
2024,07,07233,municipality,072335006035,07233035,matched,Jünkerath,Ortsgemeinde,1781,2239061.00,1257.19,2239061.00,0.00,0.00,STATISTIKPORTAL_INTEGRATED_2024_T1
2024,07,07233,municipality,072335006036,07233036,matched,Kalenborn-Scheuern,Ortsgemeinde,402,83449.00,207.58,83449.00,0.00,0.00,STATISTIKPORTAL_INTEGRATED_2024_T1
2024,07,07233,municipality,072335006038,07233038,matched,Kerpen (Eifel),Ortsgemeinde,483,241490.00,499.98,241490.00,0.00,0.00,STATISTIKPORTAL_INTEGRATED_2024_T1
2024,07,07233,municipality,072335006041,07233041,matched,Lissendorf,Ortsgemeinde,1108,1730739.00,1562.04,1730739.00,0.00,0.00,STATISTIKPORTAL_INTEGRATED_2024_T1
2024,07,07233,municipality,072335006050,07233050,matched,Neroth,Ortsgemeinde,825,474699.00,575.39,474699.00,0.00,0.00,STATISTIKPORTAL_INTEGRATED_2024_T1
2024,07,07233,municipality,072335006053,07233053,matched,Oberbettingen,Ortsgemeinde,763,397364.00,520.79,397364.00,0.00,0.00,STATISTIKPORTAL_INTEGRATED_2024_T1
2024,07,07233,municipality,072335006054,07233054,matched,Oberehe-Stroheich,Ortsgemeinde,318,0.00,0.00,0.00,0.00,0.00,STATISTIKPORTAL_INTEGRATED_2024_T1
2024,07,07233,municipality,072335006056,07233056,matched,Pelm,Ortsgemeinde,933,5365.00,5.75,5365.00,0.00,0.00,STATISTIKPORTAL_INTEGRATED_2024_T1
2024,07,07233,municipality,072335006058,07233058,matched,Rockeskyll,Ortsgemeinde,257,0.00,0.00,0.00,0.00,0.00,STATISTIKPORTAL_INTEGRATED_2024_T1
2024,07,07233,municipality,072335006060,07233060,matched,Salm,Ortsgemeinde,318,214291.00,673.87,214291.00,0.00,0.00,STATISTIKPORTAL_INTEGRATED_2024_T1
2024,07,07233,municipality,072335006076,07233076,matched,Üxheim,Ortsgemeinde,1391,566315.00,407.13,566315.00,0.00,0.00,STATISTIKPORTAL_INTEGRATED_2024_T1
2024,07,07233,municipality,072335006080,07233080,matched,Walsdorf,Ortsgemeinde,925,0.00,0.00,0.00,0.00,0.00,STATISTIKPORTAL_INTEGRATED_2024_T1
2024,07,07233,municipality,072335006083,07233083,matched,Wiesbaum,Ortsgemeinde,639,1374201.63,2150.55,0.00,1374201.63,0.00,STATISTIKPORTAL_INTEGRATED_2024_T1
2024,07,07233,municipality,072335006204,07233204,matched,Birresborn,Ortsgemeinde,1052,597995.00,568.44,597995.00,0.00,0.00,STATISTIKPORTAL_INTEGRATED_2024_T1
2024,07,07233,municipality,072335006209,07233209,matched,Densborn,Ortsgemeinde,519,181120.00,348.98,181120.00,0.00,0.00,STATISTIKPORTAL_INTEGRATED_2024_T1
2024,07,07233,municipality,072335006211,07233211,matched,Duppach,Ortsgemeinde,273,143825.00,526.83,143825.00,0.00,0.00,STATISTIKPORTAL_INTEGRATED_2024_T1
2024,07,07233,municipality,072335006214,07233214,matched,Hallschlag,Ortsgemeinde,450,465480.00,1034.40,465480.00,0.00,0.00,STATISTIKPORTAL_INTEGRATED_2024_T1
2024,07,07233,municipality,072335006219,07233219,matched,Kerschenbach,Ortsgemeinde,195,1214.00,6.23,1214.00,0.00,0.00,STATISTIKPORTAL_INTEGRATED_2024_T1
2024,07,07233,municipality,072335006223,07233223,matched,Kopp,Ortsgemeinde,154,0.00,0.00,0.00,0.00,0.00,STATISTIKPORTAL_INTEGRATED_2024_T1
2024,07,07233,municipality,072335006227,07233227,matched,Mürlenbach,Ortsgemeinde,511,42230.00,82.64,42230.00,0.00,0.00,STATISTIKPORTAL_INTEGRATED_2024_T1
2024,07,07233,municipality,072335006229,07233229,matched,Nohn,Ortsgemeinde,461,0.00,0.00,0.00,0.00,0.00,STATISTIKPORTAL_INTEGRATED_2024_T1
2024,07,07233,municipality,072335006232,07233232,matched,Ormont,Ortsgemeinde,350,0.00,0.00,0.00,0.00,0.00,STATISTIKPORTAL_INTEGRATED_2024_T1
2024,07,07233,municipality,072335006235,07233235,matched,Reuth,Ortsgemeinde,176,0.00,0.00,0.00,0.00,0.00,STATISTIKPORTAL_INTEGRATED_2024_T1
2024,07,07233,municipality,072335006237,07233237,matched,Scheid,Ortsgemeinde,123,0.00,0.00,0.00,0.00,0.00,STATISTIKPORTAL_INTEGRATED_2024_T1
2024,07,07233,municipality,072335006239,07233239,matched,Schüller,Ortsgemeinde,314,5806.00,18.49,5806.00,0.00,0.00,STATISTIKPORTAL_INTEGRATED_2024_T1
2024,07,07233,municipality,072335006240,07233240,matched,Stadtkyll,Ortsgemeinde,1531,607531.00,396.82,607531.00,0.00,0.00,STATISTIKPORTAL_INTEGRATED_2024_T1
2024,07,07233,municipality,072335006241,07233241,matched,Steffeln,Ortsgemeinde,636,0.00,0.00,0.00,0.00,0.00,STATISTIKPORTAL_INTEGRATED_2024_T1
2024,07,07235,county_administration,07235,,not_applicable,Landkreis Trier-Saarburg,Landkreis,149411,197089223.79,1319.11,147049305.00,1101732.62,48938186.17,STATISTIKPORTAL_INTEGRATED_2024_T1
2024,07,07235,joint_administration,072355001,,not_applicable,Verbandsgemeinde Hermeskeil,Verbandsgemeinde,15623,32489761.20,2079.61,12129383.00,0.00,20360378.20,STATISTIKPORTAL_INTEGRATED_2024_T1
2024,07,07235,municipality,072355001005,07235005,matched,Bescheid,Ortsgemeinde,400,42861.40,107.15,0.00,42861.40,0.00,STATISTIKPORTAL_INTEGRATED_2024_T1
2024,07,07235,municipality,072355001008,07235008,matched,Beuren (Hochwald),Ortsgemeinde,923,623200.10,675.19,537503.00,85697.10,0.00,STATISTIKPORTAL_INTEGRATED_2024_T1
2024,07,07235,municipality,072355001014,07235014,matched,Damflos,Ortsgemeinde,638,411381.00,644.80,411381.00,0.00,0.00,STATISTIKPORTAL_INTEGRATED_2024_T1
2024,07,07235,municipality,072355001030,07235030,matched,Geisfeld,Ortsgemeinde,472,649890.40,1376.89,607029.00,42861.40,0.00,STATISTIKPORTAL_INTEGRATED_2024_T1
2024,07,07235,municipality,072355001035,07235035,matched,Grimburg,Ortsgemeinde,459,204904.00,446.41,92419.00,112485.00,0.00,STATISTIKPORTAL_INTEGRATED_2024_T1
2024,07,07235,municipality,072355001036,07235036,matched,Gusenburg,Ortsgemeinde,1113,2022197.00,1816.89,1909712.00,112485.00,0.00,STATISTIKPORTAL_INTEGRATED_2024_T1
2024,07,07235,municipality,072355001045,07235045,matched,"Hermeskeil,St",Ortsgemeinde,6844,2974084.00,434.55,2974084.00,0.00,0.00,STATISTIKPORTAL_INTEGRATED_2024_T1
2024,07,07235,municipality,072355001047,07235047,matched,Hinzert-Pölert,Ortsgemeinde,298,21417.85,71.87,0.00,21417.85,0.00,STATISTIKPORTAL_INTEGRATED_2024_T1
2024,07,07235,municipality,072355001092,07235092,matched,Naurath (Wald),Ortsgemeinde,231,202095.85,874.87,180678.00,21417.85,0.00,STATISTIKPORTAL_INTEGRATED_2024_T1
2024,07,07235,municipality,072355001093,07235093,matched,Neuhütten,Ortsgemeinde,728,442970.00,608.48,441990.00,980.00,0.00,STATISTIKPORTAL_INTEGRATED_2024_T1
2024,07,07235,municipality,072355001112,07235112,matched,Rascheid,Ortsgemeinde,467,369111.40,790.39,326250.00,42861.40,0.00,STATISTIKPORTAL_INTEGRATED_2024_T1
2024,07,07235,municipality,072355001114,07235114,matched,Reinsfeld,Ortsgemeinde,2483,1000556.00,402.96,1000556.00,0.00,0.00,STATISTIKPORTAL_INTEGRATED_2024_T1
2024,07,07235,municipality,072355001153,07235153,matched,Züsch,Ortsgemeinde,567,1246352.00,2198.15,1245372.00,980.00,0.00,STATISTIKPORTAL_INTEGRATED_2024_T1
2024,07,07235,joint_administration,072355003,,not_applicable,Verbandsgemeinde Konz,Verbandsgemeinde,32260,77438887.33,2400.46,20266477.00,314171.18,56858239.15,STATISTIKPORTAL_INTEGRATED_2024_T1
2024,07,07235,municipality,072355003055,07235055,matched,Kanzem,Ortsgemeinde,622,1639844.00,2636.41,1639844.00,0.00,0.00,STATISTIKPORTAL_INTEGRATED_2024_T1
2024,07,07235,municipality,072355003068,07235068,matched,"Konz,St",Ortsgemeinde,18270,36432642.68,1994.12,36380406.00,52236.68,0.00,STATISTIKPORTAL_INTEGRATED_2024_T1
2024,07,07235,municipality,072355003095,07235095,matched,Nittel,Ortsgemeinde,2540,5429479.00,2137.59,5429479.00,0.00,0.00,STATISTIKPORTAL_INTEGRATED_2024_T1
2024,07,07235,municipality,072355003096,07235096,matched,Oberbillig,Ortsgemeinde,976,4207113.00,4310.57,4207113.00,0.00,0.00,STATISTIKPORTAL_INTEGRATED_2024_T1
2024,07,07235,municipality,072355003101,07235101,matched,Onsdorf,Ortsgemeinde,143,776481.00,5429.94,776481.00,0.00,0.00,STATISTIKPORTAL_INTEGRATED_2024_T1
2024,07,07235,municipality,072355003106,07235106,matched,Pellingen,Ortsgemeinde,1233,8861073.50,7186.60,8599139.00,261934.50,0.00,STATISTIKPORTAL_INTEGRATED_2024_T1
2024,07,07235,municipality,072355003132,07235132,matched,Tawern,Ortsgemeinde,2654,4043307.00,1523.48,4043307.00,0.00,0.00,STATISTIKPORTAL_INTEGRATED_2024_T1
2024,07,07235,municipality,072355003133,07235133,matched,Temmels,Ortsgemeinde,780,1426064.00,1828.29,1426064.00,0.00,0.00,STATISTIKPORTAL_INTEGRATED_2024_T1
2024,07,07235,municipality,072355003143,07235143,matched,Wasserliesch,Ortsgemeinde,2217,2751654.00,1241.16,2751654.00,0.00,0.00,STATISTIKPORTAL_INTEGRATED_2024_T1
2024,07,07235,municipality,072355003144,07235144,matched,Wawern,Ortsgemeinde,630,1009114.00,1601.77,1009114.00,0.00,0.00,STATISTIKPORTAL_INTEGRATED_2024_T1
2024,07,07235,municipality,072355003146,07235146,matched,Wellen,Ortsgemeinde,848,817722.00,964.29,817722.00,0.00,0.00,STATISTIKPORTAL_INTEGRATED_2024_T1
2024,07,07235,municipality,072355003148,07235148,matched,Wiltingen,Ortsgemeinde,1347,981020.00,728.30,981020.00,0.00,0.00,STATISTIKPORTAL_INTEGRATED_2024_T1
2024,07,07235,joint_administration,072355004,,not_applicable,Verbandsgemeinde Ruwer,Verbandsgemeinde,18278,36745458.72,2010.37,17228252.00,448905.31,19068301.41,STATISTIKPORTAL_INTEGRATED_2024_T1
2024,07,07235,municipality,072355004010,07235010,matched,Bonerath,Ortsgemeinde,230,108495.08,471.72,97550.00,10945.08,0.00,STATISTIKPORTAL_INTEGRATED_2024_T1
2024,07,07235,municipality,072355004021,07235021,matched,Farschweiler,Ortsgemeinde,816,324676.00,397.89,324676.00,0.00,0.00,STATISTIKPORTAL_INTEGRATED_2024_T1
2024,07,07235,municipality,072355004037,07235037,matched,Gusterath,Ortsgemeinde,1947,1059557.00,544.20,1059557.00,0.00,0.00,STATISTIKPORTAL_INTEGRATED_2024_T1
2024,07,07235,municipality,072355004038,07235038,matched,Gutweiler,Ortsgemeinde,758,668835.39,882.37,657507.00,11328.39,0.00,STATISTIKPORTAL_INTEGRATED_2024_T1
2024,07,07235,municipality,072355004044,07235044,matched,Herl,Ortsgemeinde,255,24769.00,97.13,24769.00,0.00,0.00,STATISTIKPORTAL_INTEGRATED_2024_T1
2024,07,07235,municipality,072355004046,07235046,matched,Hinzenburg,Ortsgemeinde,132,35008.08,265.21,24063.00,10945.08,0.00,STATISTIKPORTAL_INTEGRATED_2024_T1
2024,07,07235,municipality,072355004050,07235050,matched,Holzerath,Ortsgemeinde,452,352275.39,779.37,330386.00,21889.39,0.00,STATISTIKPORTAL_INTEGRATED_2024_T1
2024,07,07235,municipality,072355004056,07235056,matched,Kasel,Ortsgemeinde,1292,1114624.00,862.71,1114624.00,0.00,0.00,STATISTIKPORTAL_INTEGRATED_2024_T1
2024,07,07235,municipality,072355004070,07235070,matched,Korlingen,Ortsgemeinde,774,424995.39,549.09,413667.00,11328.39,0.00,STATISTIKPORTAL_INTEGRATED_2024_T1
2024,07,07235,municipality,072355004080,07235080,matched,Lorscheid,Ortsgemeinde,539,491337.00,911.57,491337.00,0.00,0.00,STATISTIKPORTAL_INTEGRATED_2024_T1
2024,07,07235,municipality,072355004085,07235085,matched,Mertesdorf,Ortsgemeinde,1726,1166456.00,675.81,1166456.00,0.00,0.00,STATISTIKPORTAL_INTEGRATED_2024_T1
2024,07,07235,municipality,072355004090,07235090,matched,Morscheid,Ortsgemeinde,877,466201.00,531.59,466201.00,0.00,0.00,STATISTIKPORTAL_INTEGRATED_2024_T1
2024,07,07235,municipality,072355004100,07235100,matched,Ollmuth,Ortsgemeinde,154,68425.00,444.32,68425.00,0.00,0.00,STATISTIKPORTAL_INTEGRATED_2024_T1
2024,07,07235,municipality,072355004103,07235103,matched,Osburg,Ortsgemeinde,2266,0.00,0.00,0.00,0.00,0.00,STATISTIKPORTAL_INTEGRATED_2024_T1
2024,07,07235,municipality,072355004107,07235107,matched,Pluwig,Ortsgemeinde,1653,986560.00,596.83,986560.00,0.00,0.00,STATISTIKPORTAL_INTEGRATED_2024_T1
2024,07,07235,municipality,072355004116,07235116,matched,Riveris,Ortsgemeinde,418,223777.00,535.35,223777.00,0.00,0.00,STATISTIKPORTAL_INTEGRATED_2024_T1
2024,07,07235,municipality,072355004124,07235124,matched,Schöndorf,Ortsgemeinde,791,319874.46,404.39,287040.00,32834.46,0.00,STATISTIKPORTAL_INTEGRATED_2024_T1
2024,07,07235,municipality,072355004129,07235129,matched,Sommerau,Ortsgemeinde,79,3776.22,47.80,0.00,3776.22,0.00,STATISTIKPORTAL_INTEGRATED_2024_T1
2024,07,07235,municipality,072355004135,07235135,matched,Thomm,Ortsgemeinde,1054,1891387.00,1794.48,1891387.00,0.00,0.00,STATISTIKPORTAL_INTEGRATED_2024_T1
2024,07,07235,municipality,072355004141,07235141,matched,Waldrach,Ortsgemeinde,2065,3177363.00,1538.67,3177363.00,0.00,0.00,STATISTIKPORTAL_INTEGRATED_2024_T1
2024,07,07235,joint_administration,072355006,,not_applicable,Verbandsgemeinde Schweich a.d.R.Weinst,Verbandsgemeinde,28420,60603796.54,2132.43,25299097.00,1290358.00,34014341.54,STATISTIKPORTAL_INTEGRATED_2024_T1
2024,07,07235,municipality,072355006004,07235004,matched,Bekond,Ortsgemeinde,960,432436.15,450.45,251092.00,0.00,181344.15,STATISTIKPORTAL_INTEGRATED_2024_T1
2024,07,07235,municipality,072355006015,07235015,matched,Detzem,Ortsgemeinde,589,0.00,0.00,0.00,0.00,0.00,STATISTIKPORTAL_INTEGRATED_2024_T1
2024,07,07235,municipality,072355006019,07235019,matched,Ensch,Ortsgemeinde,463,132357.00,285.87,132357.00,0.00,0.00,STATISTIKPORTAL_INTEGRATED_2024_T1
2024,07,07235,municipality,072355006022,07235022,matched,Fell,Ortsgemeinde,2361,1638972.00,694.19,1638972.00,0.00,0.00,STATISTIKPORTAL_INTEGRATED_2024_T1
2024,07,07235,municipality,072355006026,07235026,matched,Föhren,Ortsgemeinde,3044,511255.85,167.96,33890.00,0.00,477365.85,STATISTIKPORTAL_INTEGRATED_2024_T1
2024,07,07235,municipality,072355006060,07235060,matched,Kenn,Ortsgemeinde,2905,15942.00,5.49,15942.00,0.00,0.00,STATISTIKPORTAL_INTEGRATED_2024_T1
2024,07,07235,municipality,072355006063,07235063,matched,Klüsserath,Ortsgemeinde,1108,5199802.50,4692.96,3078341.00,0.00,2121461.50,STATISTIKPORTAL_INTEGRATED_2024_T1
2024,07,07235,municipality,072355006067,07235067,matched,Köwerich,Ortsgemeinde,411,92698.00,225.54,92698.00,0.00,0.00,STATISTIKPORTAL_INTEGRATED_2024_T1
2024,07,07235,municipality,072355006074,07235074,matched,Leiwen,Ortsgemeinde,1609,3610887.00,2244.18,3610887.00,0.00,0.00,STATISTIKPORTAL_INTEGRATED_2024_T1
2024,07,07235,municipality,072355006077,07235077,matched,Longen,Ortsgemeinde,124,0.00,0.00,0.00,0.00,0.00,STATISTIKPORTAL_INTEGRATED_2024_T1
2024,07,07235,municipality,072355006078,07235078,matched,Longuich,Ortsgemeinde,1275,435748.00,341.76,435748.00,0.00,0.00,STATISTIKPORTAL_INTEGRATED_2024_T1
2024,07,07235,municipality,072355006083,07235083,matched,Mehring,Ortsgemeinde,2334,4272244.00,1830.44,4272244.00,0.00,0.00,STATISTIKPORTAL_INTEGRATED_2024_T1
2024,07,07235,municipality,072355006091,07235091,matched,Naurath (Eifel),Ortsgemeinde,334,124854.00,373.81,124854.00,0.00,0.00,STATISTIKPORTAL_INTEGRATED_2024_T1
2024,07,07235,municipality,072355006108,07235108,matched,Pölich,Ortsgemeinde,440,274826.00,624.60,274826.00,0.00,0.00,STATISTIKPORTAL_INTEGRATED_2024_T1
2024,07,07235,municipality,072355006115,07235115,matched,Riol,Ortsgemeinde,1318,1038354.00,787.83,1038354.00,0.00,0.00,STATISTIKPORTAL_INTEGRATED_2024_T1
2024,07,07235,municipality,072355006120,07235120,matched,Schleich,Ortsgemeinde,237,211407.00,892.01,211407.00,0.00,0.00,STATISTIKPORTAL_INTEGRATED_2024_T1
2024,07,07235,municipality,072355006125,07235125,matched,"Schweich,St",Ortsgemeinde,7618,2972131.00,390.15,2972131.00,0.00,0.00,STATISTIKPORTAL_INTEGRATED_2024_T1
2024,07,07235,municipality,072355006134,07235134,matched,Thörnich,Ortsgemeinde,226,38002.00,168.15,38002.00,0.00,0.00,STATISTIKPORTAL_INTEGRATED_2024_T1
2024,07,07235,municipality,072355006207,07235207,matched,Trittenheim,Ortsgemeinde,1064,1340344.00,1259.72,1340344.00,0.00,0.00,STATISTIKPORTAL_INTEGRATED_2024_T1
2024,07,07235,joint_administration,072355007,,not_applicable,Verbandsgemeinde Trier-Land,Verbandsgemeinde,21187,32230050.47,1521.22,4799855.00,0.00,27430195.47,STATISTIKPORTAL_INTEGRATED_2024_T1
2024,07,07235,municipality,072355007001,07235001,matched,Aach,Ortsgemeinde,1052,656856.00,624.39,656856.00,0.00,0.00,STATISTIKPORTAL_INTEGRATED_2024_T1
2024,07,07235,municipality,072355007027,07235027,matched,Franzenheim,Ortsgemeinde,361,106115.00,293.95,106115.00,0.00,0.00,STATISTIKPORTAL_INTEGRATED_2024_T1
2024,07,07235,municipality,072355007048,07235048,matched,Hockweiler,Ortsgemeinde,293,0.00,0.00,0.00,0.00,0.00,STATISTIKPORTAL_INTEGRATED_2024_T1
2024,07,07235,municipality,072355007051,07235051,matched,Igel,Ortsgemeinde,2076,770423.00,371.11,770423.00,0.00,0.00,STATISTIKPORTAL_INTEGRATED_2024_T1
2024,07,07235,municipality,072355007069,07235069,matched,Kordel,Ortsgemeinde,1984,819055.00,412.83,819055.00,0.00,0.00,STATISTIKPORTAL_INTEGRATED_2024_T1
2024,07,07235,municipality,072355007073,07235073,matched,Langsur,Ortsgemeinde,1740,1362077.00,782.80,1362077.00,0.00,0.00,STATISTIKPORTAL_INTEGRATED_2024_T1
2024,07,07235,municipality,072355007094,07235094,matched,Newel,Ortsgemeinde,2659,590386.00,222.03,590386.00,0.00,0.00,STATISTIKPORTAL_INTEGRATED_2024_T1
2024,07,07235,municipality,072355007111,07235111,matched,Ralingen,Ortsgemeinde,1978,967150.00,488.95,944270.00,0.00,22880.00,STATISTIKPORTAL_INTEGRATED_2024_T1
2024,07,07235,municipality,072355007137,07235137,matched,Trierweiler,Ortsgemeinde,3694,0.00,0.00,0.00,0.00,0.00,STATISTIKPORTAL_INTEGRATED_2024_T1
2024,07,07235,municipality,072355007151,07235151,matched,Zemmer,Ortsgemeinde,2856,1498374.00,524.64,1498374.00,0.00,0.00,STATISTIKPORTAL_INTEGRATED_2024_T1
2024,07,07235,municipality,072355007501,07235501,matched,Welschbillig,Ortsgemeinde,2494,1006282.00,403.48,1006282.00,0.00,0.00,STATISTIKPORTAL_INTEGRATED_2024_T1
2024,07,07235,joint_administration,072355008,,not_applicable,Verbandsgemeinde Saarburg-Kell,Verbandsgemeinde,33643,61548588.40,1829.46,25074404.00,0.00,36474184.40,STATISTIKPORTAL_INTEGRATED_2024_T1
2024,07,07235,municipality,072355008002,07235002,matched,Ayl,Ortsgemeinde,1589,878542.00,552.89,878542.00,0.00,0.00,STATISTIKPORTAL_INTEGRATED_2024_T1
2024,07,07235,municipality,072355008003,07235003,matched,Baldringen,Ortsgemeinde,260,44530.00,171.27,44530.00,0.00,0.00,STATISTIKPORTAL_INTEGRATED_2024_T1
2024,07,07235,municipality,072355008025,07235025,matched,Fisch,Ortsgemeinde,426,403477.00,947.13,403477.00,0.00,0.00,STATISTIKPORTAL_INTEGRATED_2024_T1
2024,07,07235,municipality,072355008028,07235028,matched,Freudenburg,Ortsgemeinde,1791,5377196.00,3002.34,5377196.00,0.00,0.00,STATISTIKPORTAL_INTEGRATED_2024_T1
2024,07,07235,municipality,072355008033,07235033,matched,Greimerath,Ortsgemeinde,965,2034664.00,2108.46,2034664.00,0.00,0.00,STATISTIKPORTAL_INTEGRATED_2024_T1
2024,07,07235,municipality,072355008040,07235040,matched,Heddert,Ortsgemeinde,288,0.00,0.00,0.00,0.00,0.00,STATISTIKPORTAL_INTEGRATED_2024_T1
2024,07,07235,municipality,072355008043,07235043,matched,Hentern,Ortsgemeinde,442,378874.00,857.18,378874.00,0.00,0.00,STATISTIKPORTAL_INTEGRATED_2024_T1
2024,07,07235,municipality,072355008052,07235052,matched,Irsch,Ortsgemeinde,1617,3839070.00,2374.19,3839070.00,0.00,0.00,STATISTIKPORTAL_INTEGRATED_2024_T1
2024,07,07235,municipality,072355008057,07235057,matched,Kastel-Staadt,Ortsgemeinde,419,736447.00,1757.63,736447.00,0.00,0.00,STATISTIKPORTAL_INTEGRATED_2024_T1
2024,07,07235,municipality,072355008058,07235058,matched,Kell am See,Ortsgemeinde,1926,3475716.00,1804.63,2127356.00,0.00,1348360.00,STATISTIKPORTAL_INTEGRATED_2024_T1
2024,07,07235,municipality,072355008062,07235062,matched,Kirf,Ortsgemeinde,840,139732.00,166.35,139732.00,0.00,0.00,STATISTIKPORTAL_INTEGRATED_2024_T1
2024,07,07235,municipality,072355008072,07235072,matched,Lampaden,Ortsgemeinde,551,382180.00,693.61,382180.00,0.00,0.00,STATISTIKPORTAL_INTEGRATED_2024_T1
2024,07,07235,municipality,072355008081,07235081,matched,Mandern,Ortsgemeinde,854,3891104.00,4556.33,3891104.00,0.00,0.00,STATISTIKPORTAL_INTEGRATED_2024_T1
2024,07,07235,municipality,072355008082,07235082,matched,Mannebach,Ortsgemeinde,350,601895.00,1719.70,601895.00,0.00,0.00,STATISTIKPORTAL_INTEGRATED_2024_T1
2024,07,07235,municipality,072355008098,07235098,matched,Ockfen,Ortsgemeinde,579,740717.00,1279.30,740717.00,0.00,0.00,STATISTIKPORTAL_INTEGRATED_2024_T1
2024,07,07235,municipality,072355008104,07235104,matched,Palzem,Ortsgemeinde,1484,414897.00,279.58,414897.00,0.00,0.00,STATISTIKPORTAL_INTEGRATED_2024_T1
2024,07,07235,municipality,072355008105,07235105,matched,Paschel,Ortsgemeinde,233,0.00,0.00,0.00,0.00,0.00,STATISTIKPORTAL_INTEGRATED_2024_T1
2024,07,07235,municipality,072355008118,07235118,matched,"Saarburg,St",Ortsgemeinde,7522,20893757.82,2777.69,15341199.00,0.00,5552558.82,STATISTIKPORTAL_INTEGRATED_2024_T1
2024,07,07235,municipality,072355008119,07235119,matched,Schillingen,Ortsgemeinde,1171,2506804.00,2140.74,2506804.00,0.00,0.00,STATISTIKPORTAL_INTEGRATED_2024_T1
2024,07,07235,municipality,072355008122,07235122,matched,Schoden,Ortsgemeinde,770,658229.00,854.84,658229.00,0.00,0.00,STATISTIKPORTAL_INTEGRATED_2024_T1
2024,07,07235,municipality,072355008123,07235123,matched,Schömerich,Ortsgemeinde,130,20604.00,158.49,20604.00,0.00,0.00,STATISTIKPORTAL_INTEGRATED_2024_T1
2024,07,07235,municipality,072355008126,07235126,matched,Serrig,Ortsgemeinde,1610,5040394.00,3130.68,5040394.00,0.00,0.00,STATISTIKPORTAL_INTEGRATED_2024_T1
2024,07,07235,municipality,072355008131,07235131,matched,Taben-Rodt,Ortsgemeinde,787,770449.00,978.97,770449.00,0.00,0.00,STATISTIKPORTAL_INTEGRATED_2024_T1
2024,07,07235,municipality,072355008136,07235136,matched,Trassem,Ortsgemeinde,1117,1459399.00,1306.53,1459399.00,0.00,0.00,STATISTIKPORTAL_INTEGRATED_2024_T1
2024,07,07235,municipality,072355008140,07235140,matched,Vierherrenborn,Ortsgemeinde,186,300824.00,1617.33,300824.00,0.00,0.00,STATISTIKPORTAL_INTEGRATED_2024_T1
2024,07,07235,municipality,072355008142,07235142,matched,Waldweiler,Ortsgemeinde,842,1251730.00,1486.62,1251730.00,0.00,0.00,STATISTIKPORTAL_INTEGRATED_2024_T1
2024,07,07235,municipality,072355008149,07235149,matched,Wincheringen,Ortsgemeinde,2545,807897.00,317.44,807897.00,0.00,0.00,STATISTIKPORTAL_INTEGRATED_2024_T1
2024,07,07235,municipality,072355008152,07235152,matched,Zerf,Ortsgemeinde,1537,673385.00,438.12,673385.00,0.00,0.00,STATISTIKPORTAL_INTEGRATED_2024_T1
2024,07,07235,municipality,072355008154,07235154,matched,Merzkirchen,Ortsgemeinde,812,1062573.00,1308.59,1062573.00,0.00,0.00,STATISTIKPORTAL_INTEGRATED_2024_T1
2024,07,07311,municipality,073110000000,07311000,matched,"Frankenthal (Pfalz),St",kreisfreie Stadt,48168,274927345.22,5707.68,219474206.00,390175.50,55062963.72,STATISTIKPORTAL_INTEGRATED_2024_T1
2024,07,07312,municipality,073120000000,07312000,matched,"Kaiserslautern,St",kreisfreie Stadt,100471,784451141.52,7807.74,376185001.00,108786809.00,299479331.52,STATISTIKPORTAL_INTEGRATED_2024_T1
2024,07,07313,municipality,073130000000,07313000,matched,"Landau in der Pfalz,St",kreisfreie Stadt,48260,111245789.24,2305.13,48581602.00,45690736.06,16973451.18,STATISTIKPORTAL_INTEGRATED_2024_T1
2024,07,07314,municipality,073140000000,07314000,matched,"Ludwigshafen am Rhein,St",kreisfreie Stadt,176433,1625309659.09,9212.05,947065902.00,113674199.76,564569557.33,STATISTIKPORTAL_INTEGRATED_2024_T1
2024,07,07315,municipality,073150000000,07315000,matched,"Mainz,St",kreisfreie Stadt,224598,1592994401.58,7092.65,456933082.00,44822131.94,1091239187.64,STATISTIKPORTAL_INTEGRATED_2024_T1
2024,07,07316,municipality,073160000000,07316000,matched,"Neustadt a.d.Weinstr.,St",kreisfreie Stadt,52823,194952149.59,3690.67,114839147.00,186509.16,79926493.43,STATISTIKPORTAL_INTEGRATED_2024_T1
2024,07,07317,municipality,073170000000,07317000,matched,"Pirmasens,St",kreisfreie Stadt,39671,244016828.27,6151.01,155472077.00,635317.65,87909433.62,STATISTIKPORTAL_INTEGRATED_2024_T1
2024,07,07318,municipality,073180000000,07318000,matched,"Speyer,St",kreisfreie Stadt,49585,218806698.25,4412.76,104630317.00,2381777.59,111794603.66,STATISTIKPORTAL_INTEGRATED_2024_T1
2024,07,07319,municipality,073190000000,07319000,matched,"Worms,St",kreisfreie Stadt,86583,509436363.36,5883.79,393054931.00,30617690.28,85763742.08,STATISTIKPORTAL_INTEGRATED_2024_T1
2024,07,07320,municipality,073200000000,07320000,matched,"Zweibrücken,St",kreisfreie Stadt,33480,155569200.79,4646.63,112662570.00,2465429.54,40441201.25,STATISTIKPORTAL_INTEGRATED_2024_T1
2024,07,07331,county_administration,07331,,not_applicable,Landkreis Alzey-Worms,Landkreis,130993,158375710.98,1209.04,139580409.00,322655.92,18472646.06,STATISTIKPORTAL_INTEGRATED_2024_T1
2024,07,07331,municipality,073310003003,07331003,matched,"Alzey,St",verbandsfreie Gemeinde,19471,90618335.76,4654.02,47848640.00,18853386.89,23916308.87,STATISTIKPORTAL_INTEGRATED_2024_T1
2024,07,07331,joint_administration,073315001,,not_applicable,Verbandsgemeinde Alzey-Land,Verbandsgemeinde,24975,25356130.28,1015.26,16816047.00,4361938.71,4178144.57,STATISTIKPORTAL_INTEGRATED_2024_T1
2024,07,07331,municipality,073315001001,07331001,matched,Albig,Ortsgemeinde,1647,1858762.00,1128.57,1858762.00,0.00,0.00,STATISTIKPORTAL_INTEGRATED_2024_T1
2024,07,07331,municipality,073315001005,07331005,matched,Bechenheim,Ortsgemeinde,421,1050889.10,2496.17,1026337.00,24552.10,0.00,STATISTIKPORTAL_INTEGRATED_2024_T1
2024,07,07331,municipality,073315001007,07331007,matched,Bechtolsheim,Ortsgemeinde,1799,1873290.00,1041.30,1873290.00,0.00,0.00,STATISTIKPORTAL_INTEGRATED_2024_T1
2024,07,07331,municipality,073315001008,07331008,matched,Bermersheim v.d.Höhe,Ortsgemeinde,386,270618.10,701.08,246066.00,24552.10,0.00,STATISTIKPORTAL_INTEGRATED_2024_T1
2024,07,07331,municipality,073315001010,07331010,matched,Biebelnheim,Ortsgemeinde,672,844802.00,1257.15,844802.00,0.00,0.00,STATISTIKPORTAL_INTEGRATED_2024_T1
2024,07,07331,municipality,073315001012,07331012,matched,Bornheim,Ortsgemeinde,876,0.00,0.00,0.00,0.00,0.00,STATISTIKPORTAL_INTEGRATED_2024_T1
2024,07,07331,municipality,073315001014,07331014,matched,Dintesheim,Ortsgemeinde,154,24552.10,159.43,0.00,24552.10,0.00,STATISTIKPORTAL_INTEGRATED_2024_T1
2024,07,07331,municipality,073315001020,07331020,matched,Eppelsheim,Ortsgemeinde,1163,24552.10,21.11,0.00,24552.10,0.00,STATISTIKPORTAL_INTEGRATED_2024_T1
2024,07,07331,municipality,073315001021,07331021,matched,Erbes-Büdesheim,Ortsgemeinde,1455,0.00,0.00,0.00,0.00,0.00,STATISTIKPORTAL_INTEGRATED_2024_T1
2024,07,07331,municipality,073315001022,07331022,matched,Esselborn,Ortsgemeinde,398,178412.10,448.27,153860.00,24552.10,0.00,STATISTIKPORTAL_INTEGRATED_2024_T1
2024,07,07331,municipality,073315001024,07331024,matched,Flomborn,Ortsgemeinde,1041,2608117.00,2505.40,2608117.00,0.00,0.00,STATISTIKPORTAL_INTEGRATED_2024_T1
2024,07,07331,municipality,073315001025,07331025,matched,Flonheim,Ortsgemeinde,2613,4681441.09,1791.60,4292809.00,0.00,388632.09,STATISTIKPORTAL_INTEGRATED_2024_T1
2024,07,07331,municipality,073315001026,07331026,matched,Framersheim,Ortsgemeinde,1566,156621.10,100.01,132069.00,24552.10,0.00,STATISTIKPORTAL_INTEGRATED_2024_T1
2024,07,07331,municipality,073315001027,07331027,matched,Freimersheim,Ortsgemeinde,679,277262.10,408.34,252710.00,24552.10,0.00,STATISTIKPORTAL_INTEGRATED_2024_T1
2024,07,07331,municipality,073315001031,07331031,matched,Gau-Heppenheim,Ortsgemeinde,550,194140.10,352.98,169588.00,24552.10,0.00,STATISTIKPORTAL_INTEGRATED_2024_T1
2024,07,07331,municipality,073315001032,07331032,matched,Gau-Odernheim,Ortsgemeinde,3969,4902170.19,1235.11,4488986.00,24552.10,388632.09,STATISTIKPORTAL_INTEGRATED_2024_T1
2024,07,07331,municipality,073315001042,07331042,matched,Kettenheim,Ortsgemeinde,318,0.00,0.00,0.00,0.00,0.00,STATISTIKPORTAL_INTEGRATED_2024_T1
2024,07,07331,municipality,073315001043,07331043,matched,Lonsheim,Ortsgemeinde,602,24552.10,40.78,0.00,24552.10,0.00,STATISTIKPORTAL_INTEGRATED_2024_T1
2024,07,07331,municipality,073315001044,07331044,matched,Mauchenheim,Ortsgemeinde,949,381674.00,402.19,381674.00,0.00,0.00,STATISTIKPORTAL_INTEGRATED_2024_T1
2024,07,07331,municipality,073315001050,07331050,matched,Nack,Ortsgemeinde,578,413079.27,714.67,0.00,24552.10,388527.17,STATISTIKPORTAL_INTEGRATED_2024_T1
2024,07,07331,municipality,073315001051,07331051,matched,Nieder-Wiesen,Ortsgemeinde,572,296330.10,518.06,271778.00,24552.10,0.00,STATISTIKPORTAL_INTEGRATED_2024_T1
2024,07,07331,municipality,073315001052,07331052,matched,Ober-Flörsheim,Ortsgemeinde,1336,1733080.10,1297.22,1708528.00,24552.10,0.00,STATISTIKPORTAL_INTEGRATED_2024_T1
2024,07,07331,municipality,073315001053,07331053,matched,Offenheim,Ortsgemeinde,635,1408648.00,2218.34,1408648.00,0.00,0.00,STATISTIKPORTAL_INTEGRATED_2024_T1
2024,07,07331,municipality,073315001067,07331067,matched,Wahlheim,Ortsgemeinde,596,333566.00,559.67,333566.00,0.00,0.00,STATISTIKPORTAL_INTEGRATED_2024_T1
2024,07,07331,joint_administration,073315002,,not_applicable,Verbandsgemeinde Eich,Verbandsgemeinde,13063,12782487.99,978.53,5611513.00,2506604.82,4664370.17,STATISTIKPORTAL_INTEGRATED_2024_T1
2024,07,07331,municipality,073315002002,07331002,matched,Alsheim,Ortsgemeinde,2644,5429397.09,2053.48,5040765.00,0.00,388632.09,STATISTIKPORTAL_INTEGRATED_2024_T1
2024,07,07331,municipality,073315002018,07331018,matched,Eich,Ortsgemeinde,3852,4860182.09,1261.73,4471550.00,0.00,388632.09,STATISTIKPORTAL_INTEGRATED_2024_T1
2024,07,07331,municipality,073315002034,07331034,matched,Gimbsheim,Ortsgemeinde,3096,2637882.09,852.03,2249250.00,0.00,388632.09,STATISTIKPORTAL_INTEGRATED_2024_T1
2024,07,07331,municipality,073315002038,07331038,matched,Hamm,Ortsgemeinde,1889,1003518.09,531.24,614886.00,0.00,388632.09,STATISTIKPORTAL_INTEGRATED_2024_T1
2024,07,07331,municipality,073315002045,07331045,matched,Mettenheim,Ortsgemeinde,1582,2786071.09,1761.11,2397439.00,0.00,388632.09,STATISTIKPORTAL_INTEGRATED_2024_T1
2024,07,07331,joint_administration,073315003,,not_applicable,Verbandsgemeinde Monsheim,Verbandsgemeinde,10443,32983707.52,3158.45,13857699.00,246867.53,18879140.99,STATISTIKPORTAL_INTEGRATED_2024_T1
2024,07,07331,municipality,073315003023,07331023,matched,Flörsheim-Dalsheim,Ortsgemeinde,3189,3126368.09,980.36,1243371.00,0.00,1882997.09,STATISTIKPORTAL_INTEGRATED_2024_T1
2024,07,07331,municipality,073315003041,07331041,matched,Hohen-Sülzen,Ortsgemeinde,740,1958164.09,2646.17,75167.00,0.00,1882997.09,STATISTIKPORTAL_INTEGRATED_2024_T1
2024,07,07331,municipality,073315003046,07331046,matched,Mölsheim,Ortsgemeinde,571,2119120.17,3711.24,236228.00,0.00,1882892.17,STATISTIKPORTAL_INTEGRATED_2024_T1
2024,07,07331,municipality,073315003047,07331047,matched,Mörstadt,Ortsgemeinde,1024,3205407.17,3130.28,1322515.00,0.00,1882892.17,STATISTIKPORTAL_INTEGRATED_2024_T1
2024,07,07331,municipality,073315003048,07331048,matched,Monsheim,Ortsgemeinde,2310,7476561.17,3236.61,5593669.00,0.00,1882892.17,STATISTIKPORTAL_INTEGRATED_2024_T1
2024,07,07331,municipality,073315003054,07331054,matched,Offstein,Ortsgemeinde,1863,2701903.17,1450.30,819011.00,0.00,1882892.17,STATISTIKPORTAL_INTEGRATED_2024_T1
2024,07,07331,municipality,073315003066,07331066,matched,Wachenheim,Ortsgemeinde,746,1882892.17,2523.98,0.00,0.00,1882892.17,STATISTIKPORTAL_INTEGRATED_2024_T1
2024,07,07331,joint_administration,073315005,,not_applicable,Verbandsgemeinde Wöllstein,Verbandsgemeinde,11974,8646173.20,722.08,6414500.00,383776.72,1847896.48,STATISTIKPORTAL_INTEGRATED_2024_T1
2024,07,07331,municipality,073315005017,07331017,matched,Eckelsheim,Ortsgemeinde,411,0.00,0.00,0.00,0.00,0.00,STATISTIKPORTAL_INTEGRATED_2024_T1
2024,07,07331,municipality,073315005030,07331030,matched,Gau-Bickelheim,Ortsgemeinde,2139,23556.00,11.01,23556.00,0.00,0.00,STATISTIKPORTAL_INTEGRATED_2024_T1
2024,07,07331,municipality,073315005035,07331035,matched,Gumbsheim,Ortsgemeinde,604,494660.00,818.97,494660.00,0.00,0.00,STATISTIKPORTAL_INTEGRATED_2024_T1
2024,07,07331,municipality,073315005060,07331060,matched,Siefersheim,Ortsgemeinde,1234,0.00,0.00,0.00,0.00,0.00,STATISTIKPORTAL_INTEGRATED_2024_T1
2024,07,07331,municipality,073315005062,07331062,matched,Stein-Bockenheim,Ortsgemeinde,651,465459.00,714.99,465459.00,0.00,0.00,STATISTIKPORTAL_INTEGRATED_2024_T1
2024,07,07331,municipality,073315005070,07331070,matched,Wendelsheim,Ortsgemeinde,1473,0.00,0.00,0.00,0.00,0.00,STATISTIKPORTAL_INTEGRATED_2024_T1
2024,07,07331,municipality,073315005072,07331072,matched,Wöllstein,Ortsgemeinde,4497,217629.00,48.39,217629.00,0.00,0.00,STATISTIKPORTAL_INTEGRATED_2024_T1
2024,07,07331,municipality,073315005075,07331075,matched,Wonsheim,Ortsgemeinde,965,1731895.00,1794.71,1731895.00,0.00,0.00,STATISTIKPORTAL_INTEGRATED_2024_T1
2024,07,07331,joint_administration,073315006,,not_applicable,Verbandsgemeinde Wörrstadt,Verbandsgemeinde,29576,28579985.76,966.32,23074308.00,691496.72,4814181.04,STATISTIKPORTAL_INTEGRATED_2024_T1
2024,07,07331,municipality,073315006004,07331004,matched,Armsheim,Ortsgemeinde,2453,4473495.98,1823.68,3438682.00,0.00,1034813.98,STATISTIKPORTAL_INTEGRATED_2024_T1
2024,07,07331,municipality,073315006019,07331019,matched,Ensheim,Ortsgemeinde,486,877867.44,1806.31,188034.00,0.00,689833.44,STATISTIKPORTAL_INTEGRATED_2024_T1
2024,07,07331,municipality,073315006029,07331029,matched,Gabsheim,Ortsgemeinde,713,1267161.44,1777.23,577328.00,0.00,689833.44,STATISTIKPORTAL_INTEGRATED_2024_T1
2024,07,07331,municipality,073315006033,07331033,matched,Gau-Weinheim,Ortsgemeinde,619,831208.44,1342.82,141375.00,0.00,689833.44,STATISTIKPORTAL_INTEGRATED_2024_T1
2024,07,07331,municipality,073315006056,07331056,matched,Partenheim,Ortsgemeinde,1578,2023899.44,1282.57,1334066.00,0.00,689833.44,STATISTIKPORTAL_INTEGRATED_2024_T1
2024,07,07331,municipality,073315006058,07331058,matched,Saulheim,Ortsgemeinde,7849,8965505.53,1142.25,7585711.00,0.00,1379794.53,STATISTIKPORTAL_INTEGRATED_2024_T1
2024,07,07331,municipality,073315006059,07331059,matched,Schornsheim,Ortsgemeinde,1606,689833.44,429.54,0.00,0.00,689833.44,STATISTIKPORTAL_INTEGRATED_2024_T1
2024,07,07331,municipality,073315006061,07331061,matched,Spiesheim,Ortsgemeinde,957,956331.44,999.30,266498.00,0.00,689833.44,STATISTIKPORTAL_INTEGRATED_2024_T1
2024,07,07331,municipality,073315006063,07331063,matched,Sulzheim,Ortsgemeinde,1271,689833.44,542.75,0.00,0.00,689833.44,STATISTIKPORTAL_INTEGRATED_2024_T1
2024,07,07331,municipality,073315006064,07331064,matched,Udenheim,Ortsgemeinde,1326,1075530.44,811.11,385697.00,0.00,689833.44,STATISTIKPORTAL_INTEGRATED_2024_T1
2024,07,07331,municipality,073315006065,07331065,matched,Vendersheim,Ortsgemeinde,552,703833.44,1275.06,14000.00,0.00,689833.44,STATISTIKPORTAL_INTEGRATED_2024_T1
2024,07,07331,municipality,073315006068,07331068,matched,Wallertheim,Ortsgemeinde,1758,2750188.44,1564.38,2060355.00,0.00,689833.44,STATISTIKPORTAL_INTEGRATED_2024_T1
2024,07,07331,municipality,073315006073,07331073,matched,Wörrstadt,Ortsgemeinde,8408,9781914.53,1163.41,8402120.00,0.00,1379794.53,STATISTIKPORTAL_INTEGRATED_2024_T1
2024,07,07331,joint_administration,073315007,,not_applicable,Verbandsgemeinde Wonnegau,Verbandsgemeinde,21491,32941218.10,1532.79,11764830.00,38140.63,21138247.47,STATISTIKPORTAL_INTEGRATED_2024_T1
2024,07,07331,municipality,073315007006,07331006,matched,Bechtheim,Ortsgemeinde,1838,2990007.89,1626.77,2400000.00,38140.63,551867.26,STATISTIKPORTAL_INTEGRATED_2024_T1
2024,07,07331,municipality,073315007009,07331009,matched,Bermersheim,Ortsgemeinde,330,599193.73,1815.74,9210.00,38136.06,551847.67,STATISTIKPORTAL_INTEGRATED_2024_T1
2024,07,07331,municipality,073315007011,07331011,matched,Hochborn,Ortsgemeinde,425,885943.64,2084.57,684592.00,38136.06,163215.58,STATISTIKPORTAL_INTEGRATED_2024_T1
2024,07,07331,municipality,073315007015,07331015,matched,Dittelsheim-Heßloch,Ortsgemeinde,2115,2056647.89,972.41,1466640.00,38140.63,551867.26,STATISTIKPORTAL_INTEGRATED_2024_T1
2024,07,07331,municipality,073315007028,07331028,matched,Frettenheim,Ortsgemeinde,311,664522.73,2136.73,74539.00,38136.06,551847.67,STATISTIKPORTAL_INTEGRATED_2024_T1
2024,07,07331,municipality,073315007036,07331036,matched,Gundersheim,Ortsgemeinde,1535,589983.73,384.35,0.00,38136.06,551847.67,STATISTIKPORTAL_INTEGRATED_2024_T1
2024,07,07331,municipality,073315007037,07331037,matched,Gundheim,Ortsgemeinde,1004,863531.73,860.09,273548.00,38136.06,551847.67,STATISTIKPORTAL_INTEGRATED_2024_T1
2024,07,07331,municipality,073315007039,07331039,matched,Hangen-Weisheim,Ortsgemeinde,427,201351.64,471.55,0.00,38136.06,163215.58,STATISTIKPORTAL_INTEGRATED_2024_T1
2024,07,07331,municipality,073315007049,07331049,matched,Monzernheim,Ortsgemeinde,548,830017.81,1514.63,240139.00,38136.06,551742.75,STATISTIKPORTAL_INTEGRATED_2024_T1
2024,07,07331,municipality,073315007055,07331055,matched,"Osthofen,St",Ortsgemeinde,9607,10699604.89,1113.73,10109597.00,38140.63,551867.26,STATISTIKPORTAL_INTEGRATED_2024_T1
2024,07,07331,municipality,073315007071,07331071,matched,Westhofen,Ortsgemeinde,3351,1299608.81,387.83,709730.00,38136.06,551742.75,STATISTIKPORTAL_INTEGRATED_2024_T1
2024,07,07332,county_administration,07332,,not_applicable,Landkreis Bad Dürkheim,Landkreis,134534,168856245.42,1255.12,130550739.00,554371.73,37751134.69,STATISTIKPORTAL_INTEGRATED_2024_T1
2024,07,07332,municipality,073320002002,07332002,matched,"Bad Dürkheim, Stadt",verbandsfreie Gemeinde,19098,45633936.55,2389.46,15709414.00,507050.55,29417472.00,STATISTIKPORTAL_INTEGRATED_2024_T1
2024,07,07332,municipality,073320024024,07332024,matched,"Grünstadt,St",verbandsfreie Gemeinde,14439,19937816.38,1380.83,12494768.00,2556.98,7440491.40,STATISTIKPORTAL_INTEGRATED_2024_T1
2024,07,07332,municipality,073320025025,07332025,matched,Haßloch,verbandsfreie Gemeinde,20449,22544688.46,1102.48,6801173.00,0.00,15743515.46,STATISTIKPORTAL_INTEGRATED_2024_T1
2024,07,07332,joint_administration,073325001,,not_applicable,Verbandsgemeinde Deidesheim,Verbandsgemeinde,11564,10546761.49,912.03,7633206.00,5753.54,2907801.95,STATISTIKPORTAL_INTEGRATED_2024_T1
2024,07,07332,municipality,073325001009,07332009,matched,"Deidesheim,St",Ortsgemeinde,3638,3115516.00,856.38,2757000.00,0.00,358516.00,STATISTIKPORTAL_INTEGRATED_2024_T1
2024,07,07332,municipality,073325001017,07332017,matched,Forst a.d.Weinstrasse,Ortsgemeinde,790,481842.00,609.93,481842.00,0.00,0.00,STATISTIKPORTAL_INTEGRATED_2024_T1
2024,07,07332,municipality,073325001035,07332035,matched,Meckenheim,Ortsgemeinde,3450,472107.00,136.84,0.00,0.00,472107.00,STATISTIKPORTAL_INTEGRATED_2024_T1
2024,07,07332,municipality,073325001039,07332039,matched,Niederkirchen b.Deid.,Ortsgemeinde,2290,764511.00,333.85,674882.00,0.00,89629.00,STATISTIKPORTAL_INTEGRATED_2024_T1
2024,07,07332,municipality,073325001043,07332043,matched,Ruppertsberg,Ortsgemeinde,1396,301316.00,215.84,301316.00,0.00,0.00,STATISTIKPORTAL_INTEGRATED_2024_T1
2024,07,07332,joint_administration,073325002,,not_applicable,Verbandsgemeinde Freinsheim,Verbandsgemeinde,15217,6381692.03,419.38,6374660.00,7032.03,0.00,STATISTIKPORTAL_INTEGRATED_2024_T1
2024,07,07332,municipality,073325002005,07332005,matched,Bobenheim am Berg,Ortsgemeinde,810,198318.00,244.84,198318.00,0.00,0.00,STATISTIKPORTAL_INTEGRATED_2024_T1
2024,07,07332,municipality,073325002008,07332008,matched,Dackenheim,Ortsgemeinde,455,0.00,0.00,0.00,0.00,0.00,STATISTIKPORTAL_INTEGRATED_2024_T1
2024,07,07332,municipality,073325002015,07332015,matched,Erpolzheim,Ortsgemeinde,1303,271626.00,208.46,271626.00,0.00,0.00,STATISTIKPORTAL_INTEGRATED_2024_T1
2024,07,07332,municipality,073325002019,07332019,matched,"Freinsheim,St",Ortsgemeinde,4760,16171172.00,3397.31,4422427.00,0.00,11748745.00,STATISTIKPORTAL_INTEGRATED_2024_T1
2024,07,07332,municipality,073325002026,07332026,matched,Herxheim am Berg,Ortsgemeinde,737,53051.00,71.98,53051.00,0.00,0.00,STATISTIKPORTAL_INTEGRATED_2024_T1
2024,07,07332,municipality,073325002028,07332028,matched,Kallstadt,Ortsgemeinde,1251,236975.00,189.43,236975.00,0.00,0.00,STATISTIKPORTAL_INTEGRATED_2024_T1
2024,07,07332,municipality,073325002049,07332049,matched,Weisenheim am Berg,Ortsgemeinde,1690,419645.00,248.31,419645.00,0.00,0.00,STATISTIKPORTAL_INTEGRATED_2024_T1
2024,07,07332,municipality,073325002050,07332050,matched,Weisenheim am Sand,Ortsgemeinde,4211,1376285.00,326.83,1376285.00,0.00,0.00,STATISTIKPORTAL_INTEGRATED_2024_T1
2024,07,07332,joint_administration,073325005,,not_applicable,Verbandsgemeinde Lambrecht (Pfalz),Verbandsgemeinde,12168,30218160.75,2483.41,22020000.00,0.00,8198160.75,STATISTIKPORTAL_INTEGRATED_2024_T1
2024,07,07332,municipality,073325005014,07332014,matched,Elmstein,Ortsgemeinde,2419,1665000.00,688.30,1665000.00,0.00,0.00,STATISTIKPORTAL_INTEGRATED_2024_T1
2024,07,07332,municipality,073325005016,07332016,matched,Esthal,Ortsgemeinde,1341,1861000.00,1387.77,1861000.00,0.00,0.00,STATISTIKPORTAL_INTEGRATED_2024_T1
2024,07,07332,municipality,073325005018,07332018,matched,Frankeneck,Ortsgemeinde,815,770000.00,944.79,770000.00,0.00,0.00,STATISTIKPORTAL_INTEGRATED_2024_T1
2024,07,07332,municipality,073325005032,07332032,matched,"Lambrecht (Pfalz),St",Ortsgemeinde,4013,3323732.81,828.24,2696000.00,325000.00,302732.81,STATISTIKPORTAL_INTEGRATED_2024_T1
2024,07,07332,municipality,073325005034,07332034,matched,Lindenberg,Ortsgemeinde,1160,2327491.28,2006.46,2298000.00,0.00,29491.28,STATISTIKPORTAL_INTEGRATED_2024_T1
2024,07,07332,municipality,073325005037,07332037,matched,Neidenfels,Ortsgemeinde,783,1460000.00,1864.62,1460000.00,0.00,0.00,STATISTIKPORTAL_INTEGRATED_2024_T1
2024,07,07332,municipality,073325005048,07332048,matched,Weidenthal,Ortsgemeinde,1637,2788364.02,1703.34,2446000.00,0.00,342364.02,STATISTIKPORTAL_INTEGRATED_2024_T1
2024,07,07332,joint_administration,073325006,,not_applicable,Verbandsgemeinde Wachenheim a.d.W.,Verbandsgemeinde,9943,17158956.10,1725.73,9326874.00,49597.15,7782484.95,STATISTIKPORTAL_INTEGRATED_2024_T1
2024,07,07332,municipality,073325006013,07332013,matched,Ellerstadt,Ortsgemeinde,2491,45122.09,18.11,0.00,45122.09,0.00,STATISTIKPORTAL_INTEGRATED_2024_T1
2024,07,07332,municipality,073325006020,07332020,matched,Friedelsheim,Ortsgemeinde,1426,1160271.00,813.65,1160271.00,0.00,0.00,STATISTIKPORTAL_INTEGRATED_2024_T1
2024,07,07332,municipality,073325006022,07332022,matched,Gönnheim,Ortsgemeinde,1589,989384.26,622.65,974203.00,15181.26,0.00,STATISTIKPORTAL_INTEGRATED_2024_T1
2024,07,07332,municipality,073325006046,07332046,matched,"Wachenheim a.d.W.,St",Ortsgemeinde,4437,8993428.00,2026.92,6975007.00,0.00,2018421.00,STATISTIKPORTAL_INTEGRATED_2024_T1
2024,07,07332,joint_administration,073325007,,not_applicable,Verbandsgemeinde Leiningerland,Verbandsgemeinde,31656,13441892.83,424.62,9252815.00,6393.13,4182684.70,STATISTIKPORTAL_INTEGRATED_2024_T1
2024,07,07332,municipality,073325007001,07332001,matched,Altleiningen,Ortsgemeinde,1725,755664.93,438.07,708621.00,0.00,47043.93,STATISTIKPORTAL_INTEGRATED_2024_T1
2024,07,07332,municipality,073325007003,07332003,matched,Battenberg (Pfalz),Ortsgemeinde,384,0.00,0.00,0.00,0.00,0.00,STATISTIKPORTAL_INTEGRATED_2024_T1
2024,07,07332,municipality,073325007004,07332004,matched,Bissersheim,Ortsgemeinde,463,118233.00,255.36,118233.00,0.00,0.00,STATISTIKPORTAL_INTEGRATED_2024_T1
2024,07,07332,municipality,073325007006,07332006,matched,Bockenheim a.d.Weinstr.,Ortsgemeinde,2371,508745.00,214.57,508745.00,0.00,0.00,STATISTIKPORTAL_INTEGRATED_2024_T1
2024,07,07332,municipality,073325007007,07332007,matched,Carlsberg,Ortsgemeinde,3524,2053602.20,582.75,2030072.00,0.00,23530.20,STATISTIKPORTAL_INTEGRATED_2024_T1
2024,07,07332,municipality,073325007010,07332010,matched,Dirmstein,Ortsgemeinde,3028,2502221.00,826.36,2502221.00,0.00,0.00,STATISTIKPORTAL_INTEGRATED_2024_T1
2024,07,07332,municipality,073325007012,07332012,matched,Ebertsheim,Ortsgemeinde,1320,865655.00,655.80,865655.00,0.00,0.00,STATISTIKPORTAL_INTEGRATED_2024_T1
2024,07,07332,municipality,073325007021,07332021,matched,Gerolsheim,Ortsgemeinde,1815,0.00,0.00,0.00,0.00,0.00,STATISTIKPORTAL_INTEGRATED_2024_T1
2024,07,07332,municipality,073325007023,07332023,matched,Großkarlbach,Ortsgemeinde,1140,664410.00,582.82,664410.00,0.00,0.00,STATISTIKPORTAL_INTEGRATED_2024_T1
2024,07,07332,municipality,073325007027,07332027,matched,Hettenleidelheim,Ortsgemeinde,3066,2784722.43,908.26,2679239.00,0.00,105483.43,STATISTIKPORTAL_INTEGRATED_2024_T1
2024,07,07332,municipality,073325007029,07332029,matched,Kindenheim,Ortsgemeinde,1048,0.00,0.00,0.00,0.00,0.00,STATISTIKPORTAL_INTEGRATED_2024_T1
2024,07,07332,municipality,073325007030,07332030,matched,Kirchheim a.d.Weinstr.,Ortsgemeinde,1879,993654.00,528.82,993654.00,0.00,0.00,STATISTIKPORTAL_INTEGRATED_2024_T1
2024,07,07332,municipality,073325007031,07332031,matched,Kleinkarlbach,Ortsgemeinde,844,0.00,0.00,0.00,0.00,0.00,STATISTIKPORTAL_INTEGRATED_2024_T1
2024,07,07332,municipality,073325007033,07332033,matched,Laumersheim,Ortsgemeinde,888,53050.00,59.74,53050.00,0.00,0.00,STATISTIKPORTAL_INTEGRATED_2024_T1
2024,07,07332,municipality,073325007036,07332036,matched,Mertesheim,Ortsgemeinde,414,64933.00,156.84,64933.00,0.00,0.00,STATISTIKPORTAL_INTEGRATED_2024_T1
2024,07,07332,municipality,073325007038,07332038,matched,Neuleiningen,Ortsgemeinde,799,362952.00,454.26,362952.00,0.00,0.00,STATISTIKPORTAL_INTEGRATED_2024_T1
2024,07,07332,municipality,073325007040,07332040,matched,Obersülzen,Ortsgemeinde,751,0.00,0.00,0.00,0.00,0.00,STATISTIKPORTAL_INTEGRATED_2024_T1
2024,07,07332,municipality,073325007041,07332041,matched,Obrigheim (Pfalz),Ortsgemeinde,2837,4328769.56,1525.83,4304058.00,0.00,24711.56,STATISTIKPORTAL_INTEGRATED_2024_T1
2024,07,07332,municipality,073325007042,07332042,matched,Quirnheim,Ortsgemeinde,797,75648.00,94.92,75648.00,0.00,0.00,STATISTIKPORTAL_INTEGRATED_2024_T1
2024,07,07332,municipality,073325007044,07332044,matched,Tiefenthal,Ortsgemeinde,860,485351.20,564.36,461821.00,0.00,23530.20,STATISTIKPORTAL_INTEGRATED_2024_T1
2024,07,07332,municipality,073325007047,07332047,matched,Wattenheim,Ortsgemeinde,1703,865362.93,508.14,815134.00,0.00,50228.93,STATISTIKPORTAL_INTEGRATED_2024_T1
2024,07,07333,county_administration,07333,,not_applicable,Landkreis Donnersbergkreis,Landkreis,74756,119793543.37,1602.46,74977092.00,7704.38,44808746.99,STATISTIKPORTAL_INTEGRATED_2024_T1
2024,07,07333,joint_administration,073335002,,not_applicable,Verbandsgemeinde Eisenberg (Pfalz),Verbandsgemeinde,12975,30427084.86,2345.05,19619574.00,0.00,10807510.86,STATISTIKPORTAL_INTEGRATED_2024_T1
2024,07,07333,municipality,073335002019,07333019,matched,"Eisenberg (Pfalz),St",Ortsgemeinde,9116,5907363.00,648.02,5907363.00,0.00,0.00,STATISTIKPORTAL_INTEGRATED_2024_T1
2024,07,07333,municipality,073335002038,07333038,matched,Kerzenheim,Ortsgemeinde,2031,1238586.00,609.84,1238586.00,0.00,0.00,STATISTIKPORTAL_INTEGRATED_2024_T1
2024,07,07333,municipality,073335002060,07333060,matched,Ramsen,Ortsgemeinde,1828,1817222.96,994.10,1789172.00,0.00,28050.96,STATISTIKPORTAL_INTEGRATED_2024_T1
2024,07,07333,joint_administration,073335003,,not_applicable,Verbandsgemeinde Göllheim,Verbandsgemeinde,11874,39508515.40,3327.31,21815833.00,246874.94,17445807.46,STATISTIKPORTAL_INTEGRATED_2024_T1
2024,07,07333,municipality,073335003001,07333001,matched,Albisheim (Pfrimm),Ortsgemeinde,1880,1764030.10,938.31,1614384.00,0.00,149646.10,STATISTIKPORTAL_INTEGRATED_2024_T1
2024,07,07333,municipality,073335003006,07333006,matched,Biedesheim,Ortsgemeinde,616,245035.01,397.78,95347.00,0.00,149688.01,STATISTIKPORTAL_INTEGRATED_2024_T1
2024,07,07333,municipality,073335003012,07333012,matched,Bubenheim,Ortsgemeinde,427,233456.01,546.74,83768.00,0.00,149688.01,STATISTIKPORTAL_INTEGRATED_2024_T1
2024,07,07333,municipality,073335003017,07333017,matched,Dreisen,Ortsgemeinde,943,397265.01,421.28,247577.00,0.00,149688.01,STATISTIKPORTAL_INTEGRATED_2024_T1
2024,07,07333,municipality,073335003018,07333018,matched,Einselthum,Ortsgemeinde,776,433570.01,558.72,283882.00,0.00,149688.01,STATISTIKPORTAL_INTEGRATED_2024_T1
2024,07,07333,municipality,073335003026,07333026,matched,Göllheim,Ortsgemeinde,3773,1870992.01,495.89,1721304.00,0.00,149688.01,STATISTIKPORTAL_INTEGRATED_2024_T1
2024,07,07333,municipality,073335003032,07333032,matched,Immesheim,Ortsgemeinde,132,226688.01,1717.33,77000.00,0.00,149688.01,STATISTIKPORTAL_INTEGRATED_2024_T1
2024,07,07333,municipality,073335003041,07333041,matched,Lautersheim,Ortsgemeinde,619,176531.01,285.19,26843.00,0.00,149688.01,STATISTIKPORTAL_INTEGRATED_2024_T1
2024,07,07333,municipality,073335003058,07333058,matched,Ottersheim,Ortsgemeinde,349,302431.01,866.56,152743.00,0.00,149688.01,STATISTIKPORTAL_INTEGRATED_2024_T1
2024,07,07333,municipality,073335003064,07333064,matched,Rüssingen,Ortsgemeinde,543,298518.01,549.76,148830.00,0.00,149688.01,STATISTIKPORTAL_INTEGRATED_2024_T1
2024,07,07333,municipality,073335003074,07333074,matched,Standenbühl,Ortsgemeinde,180,165443.01,919.13,15755.00,0.00,149688.01,STATISTIKPORTAL_INTEGRATED_2024_T1
2024,07,07333,municipality,073335003081,07333081,matched,Weitersweiler,Ortsgemeinde,506,250844.01,495.74,101156.00,0.00,149688.01,STATISTIKPORTAL_INTEGRATED_2024_T1
2024,07,07333,municipality,073335003501,07333501,matched,Zellertal,Ortsgemeinde,1130,432162.01,382.44,282474.00,0.00,149688.01,STATISTIKPORTAL_INTEGRATED_2024_T1
2024,07,07333,joint_administration,073335004,,not_applicable,Verbandsgemeinde Kirchheimbolanden,Verbandsgemeinde,19597,23088490.28,1178.16,15914500.00,2361867.53,4812122.75,STATISTIKPORTAL_INTEGRATED_2024_T1
2024,07,07333,municipality,073335004005,07333005,matched,Bennhausen,Ortsgemeinde,156,200000.00,1282.05,200000.00,0.00,0.00,STATISTIKPORTAL_INTEGRATED_2024_T1
2024,07,07333,municipality,073335004007,07333007,matched,Bischheim,Ortsgemeinde,780,0.00,0.00,0.00,0.00,0.00,STATISTIKPORTAL_INTEGRATED_2024_T1
2024,07,07333,municipality,073335004010,07333010,matched,Bolanden,Ortsgemeinde,2320,730000.00,314.66,730000.00,0.00,0.00,STATISTIKPORTAL_INTEGRATED_2024_T1
2024,07,07333,municipality,073335004013,07333013,matched,Dannenfels,Ortsgemeinde,871,1170000.00,1343.28,1170000.00,0.00,0.00,STATISTIKPORTAL_INTEGRATED_2024_T1
2024,07,07333,municipality,073335004022,07333022,matched,Gauersheim,Ortsgemeinde,667,550000.00,824.59,550000.00,0.00,0.00,STATISTIKPORTAL_INTEGRATED_2024_T1
2024,07,07333,municipality,073335004031,07333031,matched,Ilbesheim,Ortsgemeinde,595,1028500.00,1728.57,1028500.00,0.00,0.00,STATISTIKPORTAL_INTEGRATED_2024_T1
2024,07,07333,municipality,073335004035,07333035,matched,Jakobsweiler,Ortsgemeinde,245,0.00,0.00,0.00,0.00,0.00,STATISTIKPORTAL_INTEGRATED_2024_T1
2024,07,07333,municipality,073335004039,07333039,matched,"Kirchheimbolanden,St",Ortsgemeinde,7891,12480795.36,1581.65,5475000.00,0.00,7005795.36,STATISTIKPORTAL_INTEGRATED_2024_T1
2024,07,07333,municipality,073335004040,07333040,matched,Kriegsfeld,Ortsgemeinde,978,893000.00,913.09,893000.00,0.00,0.00,STATISTIKPORTAL_INTEGRATED_2024_T1
2024,07,07333,municipality,073335004045,07333045,matched,Marnheim,Ortsgemeinde,1784,0.00,0.00,0.00,0.00,0.00,STATISTIKPORTAL_INTEGRATED_2024_T1
2024,07,07333,municipality,073335004046,07333046,matched,Mörsfeld,Ortsgemeinde,461,288750.00,626.36,288750.00,0.00,0.00,STATISTIKPORTAL_INTEGRATED_2024_T1
2024,07,07333,municipality,073335004047,07333047,matched,Morschheim,Ortsgemeinde,751,0.00,0.00,0.00,0.00,0.00,STATISTIKPORTAL_INTEGRATED_2024_T1
2024,07,07333,municipality,073335004056,07333056,matched,Oberwiesen,Ortsgemeinde,562,0.00,0.00,0.00,0.00,0.00,STATISTIKPORTAL_INTEGRATED_2024_T1
2024,07,07333,municipality,073335004057,07333057,matched,Orbis,Ortsgemeinde,680,0.00,0.00,0.00,0.00,0.00,STATISTIKPORTAL_INTEGRATED_2024_T1
2024,07,07333,municipality,073335004062,07333062,matched,Rittersheim,Ortsgemeinde,194,27000.00,139.18,27000.00,0.00,0.00,STATISTIKPORTAL_INTEGRATED_2024_T1
2024,07,07333,municipality,073335004076,07333076,matched,Stetten,Ortsgemeinde,662,1412500.00,2133.69,1412500.00,0.00,0.00,STATISTIKPORTAL_INTEGRATED_2024_T1
2024,07,07333,joint_administration,073335006,,not_applicable,Verbandsgemeinde Winnweiler,Verbandsgemeinde,13017,25770116.77,1979.73,18639635.00,5422080.00,1708401.77,STATISTIKPORTAL_INTEGRATED_2024_T1
2024,07,07333,municipality,073335006009,07333009,matched,Börrstadt,Ortsgemeinde,922,2024412.90,2195.68,497065.00,0.00,1527347.90,STATISTIKPORTAL_INTEGRATED_2024_T1
2024,07,07333,municipality,073335006011,07333011,matched,Breunigweiler,Ortsgemeinde,452,238368.40,527.36,0.00,0.00,238368.40,STATISTIKPORTAL_INTEGRATED_2024_T1
2024,07,07333,municipality,073335006020,07333020,matched,Falkenstein,Ortsgemeinde,189,384598.40,2034.91,146230.00,0.00,238368.40,STATISTIKPORTAL_INTEGRATED_2024_T1
2024,07,07333,municipality,073335006027,07333027,matched,Gonbach,Ortsgemeinde,504,309808.40,614.70,71440.00,0.00,238368.40,STATISTIKPORTAL_INTEGRATED_2024_T1
2024,07,07333,municipality,073335006030,07333030,matched,Höringen,Ortsgemeinde,646,398118.40,616.28,159750.00,0.00,238368.40,STATISTIKPORTAL_INTEGRATED_2024_T1
2024,07,07333,municipality,073335006033,07333033,matched,Imsbach,Ortsgemeinde,868,385830.40,444.51,147462.00,0.00,238368.40,STATISTIKPORTAL_INTEGRATED_2024_T1
2024,07,07333,municipality,073335006042,07333042,matched,Lohnsfeld,Ortsgemeinde,932,238368.40,255.76,0.00,0.00,238368.40,STATISTIKPORTAL_INTEGRATED_2024_T1
2024,07,07333,municipality,073335006048,07333048,matched,Münchweiler a.d.Alsenz,Ortsgemeinde,1192,723228.40,606.74,484860.00,0.00,238368.40,STATISTIKPORTAL_INTEGRATED_2024_T1
2024,07,07333,municipality,073335006069,07333069,matched,Schweisweiler,Ortsgemeinde,346,276998.40,800.57,38630.00,0.00,238368.40,STATISTIKPORTAL_INTEGRATED_2024_T1
2024,07,07333,municipality,073335006071,07333071,matched,Sippersfeld,Ortsgemeinde,1090,709406.40,650.83,471038.00,0.00,238368.40,STATISTIKPORTAL_INTEGRATED_2024_T1
2024,07,07333,municipality,073335006075,07333075,matched,Steinbach a.Donnersberg,Ortsgemeinde,706,619115.40,876.93,380747.00,0.00,238368.40,STATISTIKPORTAL_INTEGRATED_2024_T1
2024,07,07333,municipality,073335006080,07333080,matched,Wartenberg-Rohrbach,Ortsgemeinde,431,238335.02,552.98,0.00,0.00,238335.02,STATISTIKPORTAL_INTEGRATED_2024_T1
2024,07,07333,municipality,073335006503,07333503,matched,Winnweiler,Ortsgemeinde,4739,3445592.02,727.07,3207257.00,0.00,238335.02,STATISTIKPORTAL_INTEGRATED_2024_T1
2024,07,07333,joint_administration,073335007,,not_applicable,Verbandsgemeinde Nordpfälzer Land,Verbandsgemeinde,17293,32952032.74,1905.51,19088371.00,643984.00,13219677.74,STATISTIKPORTAL_INTEGRATED_2024_T1
2024,07,07333,municipality,073335007003,07333003,matched,Alsenz,Ortsgemeinde,1583,1388405.00,877.07,1388405.00,0.00,0.00,STATISTIKPORTAL_INTEGRATED_2024_T1
2024,07,07333,municipality,073335007004,07333004,matched,Bayerfeld-Steckweiler,Ortsgemeinde,398,348482.71,875.58,162675.00,96202.47,89605.24,STATISTIKPORTAL_INTEGRATED_2024_T1
2024,07,07333,municipality,073335007008,07333008,matched,Bisterschied,Ortsgemeinde,229,244114.71,1066.00,58307.00,96202.47,89605.24,STATISTIKPORTAL_INTEGRATED_2024_T1
2024,07,07333,municipality,073335007014,07333014,matched,Dielkirchen,Ortsgemeinde,442,356507.14,806.58,192980.00,84666.64,78860.50,STATISTIKPORTAL_INTEGRATED_2024_T1
2024,07,07333,municipality,073335007016,07333016,matched,Dörrmoschel,Ortsgemeinde,131,251592.71,1920.56,65785.00,96202.47,89605.24,STATISTIKPORTAL_INTEGRATED_2024_T1
2024,07,07333,municipality,073335007021,07333021,matched,Finkenbach-Gersweiler,Ortsgemeinde,273,298931.00,1094.99,298931.00,0.00,0.00,STATISTIKPORTAL_INTEGRATED_2024_T1
2024,07,07333,municipality,073335007023,07333023,matched,Gaugrehweiler,Ortsgemeinde,508,281084.00,553.31,281084.00,0.00,0.00,STATISTIKPORTAL_INTEGRATED_2024_T1
2024,07,07333,municipality,073335007024,07333024,matched,Gehrweiler,Ortsgemeinde,308,463578.71,1505.13,277771.00,96202.47,89605.24,STATISTIKPORTAL_INTEGRATED_2024_T1
2024,07,07333,municipality,073335007025,07333025,matched,Gerbach,Ortsgemeinde,504,619030.14,1228.23,455503.00,84666.64,78860.50,STATISTIKPORTAL_INTEGRATED_2024_T1
2024,07,07333,municipality,073335007028,07333028,matched,Gundersweiler,Ortsgemeinde,508,378324.93,744.73,173916.00,105833.30,98575.63,STATISTIKPORTAL_INTEGRATED_2024_T1
2024,07,07333,municipality,073335007034,07333034,matched,Imsweiler,Ortsgemeinde,558,245035.71,439.13,59228.00,96202.47,89605.24,STATISTIKPORTAL_INTEGRATED_2024_T1
2024,07,07333,municipality,073335007036,07333036,matched,Kalkofen,Ortsgemeinde,169,53002.00,313.62,53002.00,0.00,0.00,STATISTIKPORTAL_INTEGRATED_2024_T1
2024,07,07333,municipality,073335007037,07333037,matched,Katzenbach,Ortsgemeinde,466,314528.71,674.95,128721.00,96202.47,89605.24,STATISTIKPORTAL_INTEGRATED_2024_T1
2024,07,07333,municipality,073335007043,07333043,matched,Mannweiler-Cölln,Ortsgemeinde,377,52125.00,138.26,52125.00,0.00,0.00,STATISTIKPORTAL_INTEGRATED_2024_T1
2024,07,07333,municipality,073335007049,07333049,matched,Münsterappel,Ortsgemeinde,484,235190.00,485.93,235190.00,0.00,0.00,STATISTIKPORTAL_INTEGRATED_2024_T1
2024,07,07333,municipality,073335007050,07333050,matched,Niederhausen a.d.Appel,Ortsgemeinde,234,82872.00,354.15,82872.00,0.00,0.00,STATISTIKPORTAL_INTEGRATED_2024_T1
2024,07,07333,municipality,073335007051,07333051,matched,Niedermoschel,Ortsgemeinde,484,167551.00,346.18,167551.00,0.00,0.00,STATISTIKPORTAL_INTEGRATED_2024_T1
2024,07,07333,municipality,073335007053,07333053,matched,Oberhausen an der Appel,Ortsgemeinde,144,55178.00,383.18,55178.00,0.00,0.00,STATISTIKPORTAL_INTEGRATED_2024_T1
2024,07,07333,municipality,073335007054,07333054,matched,"Obermoschel,St",Ortsgemeinde,1086,1319649.00,1215.15,1319649.00,0.00,0.00,STATISTIKPORTAL_INTEGRATED_2024_T1
2024,07,07333,municipality,073335007055,07333055,matched,Oberndorf,Ortsgemeinde,267,203474.00,762.07,203474.00,0.00,0.00,STATISTIKPORTAL_INTEGRATED_2024_T1
2024,07,07333,municipality,073335007061,07333061,matched,Ransweiler,Ortsgemeinde,244,286186.71,1172.90,100379.00,96202.47,89605.24,STATISTIKPORTAL_INTEGRATED_2024_T1
2024,07,07333,municipality,073335007065,07333065,matched,Ruppertsecken,Ortsgemeinde,351,290769.71,828.40,104962.00,96202.47,89605.24,STATISTIKPORTAL_INTEGRATED_2024_T1
2024,07,07333,municipality,073335007066,07333066,matched,Sankt Alban,Ortsgemeinde,276,372915.14,1351.14,209388.00,84666.64,78860.50,STATISTIKPORTAL_INTEGRATED_2024_T1
2024,07,07333,municipality,073335007067,07333067,matched,Schiersfeld,Ortsgemeinde,228,90037.00,394.90,90037.00,0.00,0.00,STATISTIKPORTAL_INTEGRATED_2024_T1
2024,07,07333,municipality,073335007068,07333068,matched,Schönborn,Ortsgemeinde,97,224019.14,2309.48,60492.00,84666.64,78860.50,STATISTIKPORTAL_INTEGRATED_2024_T1
2024,07,07333,municipality,073335007072,07333072,matched,Sitters,Ortsgemeinde,94,131403.00,1397.90,131403.00,0.00,0.00,STATISTIKPORTAL_INTEGRATED_2024_T1
2024,07,07333,municipality,073335007073,07333073,matched,Stahlberg,Ortsgemeinde,170,365840.93,2152.01,161432.00,105833.30,98575.63,STATISTIKPORTAL_INTEGRATED_2024_T1
2024,07,07333,municipality,073335007077,07333077,matched,Teschenmoschel,Ortsgemeinde,120,185807.71,1548.40,0.00,96202.47,89605.24,STATISTIKPORTAL_INTEGRATED_2024_T1
2024,07,07333,municipality,073335007078,07333078,matched,Unkenbach,Ortsgemeinde,197,38839.00,197.15,38839.00,0.00,0.00,STATISTIKPORTAL_INTEGRATED_2024_T1
2024,07,07333,municipality,073335007079,07333079,matched,Waldgrehweiler,Ortsgemeinde,224,0.00,0.00,0.00,0.00,0.00,STATISTIKPORTAL_INTEGRATED_2024_T1
2024,07,07333,municipality,073335007083,07333083,matched,Winterborn,Ortsgemeinde,163,0.00,0.00,0.00,0.00,0.00,STATISTIKPORTAL_INTEGRATED_2024_T1
2024,07,07333,municipality,073335007084,07333084,matched,Würzweiler,Ortsgemeinde,215,370311.93,1722.38,165903.00,105833.30,98575.63,STATISTIKPORTAL_INTEGRATED_2024_T1
2024,07,07333,municipality,073335007201,07333201,matched,Rathskirchen,Ortsgemeinde,172,254657.14,1480.56,91130.00,84666.64,78860.50,STATISTIKPORTAL_INTEGRATED_2024_T1
2024,07,07333,municipality,073335007202,07333202,matched,Reichsthal,Ortsgemeinde,98,271382.93,2769.21,66974.00,105833.30,98575.63,STATISTIKPORTAL_INTEGRATED_2024_T1
2024,07,07333,municipality,073335007203,07333203,matched,Seelen,Ortsgemeinde,157,325443.71,2072.89,139636.00,96202.47,89605.24,STATISTIKPORTAL_INTEGRATED_2024_T1
2024,07,07333,municipality,073335007502,07333502,matched,"Rockenhausen,St",Ortsgemeinde,5334,7188764.97,1347.72,6593935.00,307974.90,286855.07,STATISTIKPORTAL_INTEGRATED_2024_T1
2024,07,07334,county_administration,07334,,not_applicable,Landkreis Germersheim,Landkreis,131692,121071536.24,919.35,106487200.00,7694.12,14576642.12,STATISTIKPORTAL_INTEGRATED_2024_T1
2024,07,07334,municipality,073340007007,07334007,matched,"Germersheim,St",verbandsfreie Gemeinde,21677,44507254.06,2053.20,33259288.00,48450.03,11199516.03,STATISTIKPORTAL_INTEGRATED_2024_T1
2024,07,07334,municipality,073340501501,07334501,matched,"Wörth am Rhein,St",verbandsfreie Gemeinde,18571,17768388.38,956.78,0.00,88316.88,17680071.50,STATISTIKPORTAL_INTEGRATED_2024_T1
2024,07,07334,joint_administration,073345001,,not_applicable,Verbandsgemeinde Bellheim,Verbandsgemeinde,13821,1443166.42,104.42,0.00,2501.35,1440665.07,STATISTIKPORTAL_INTEGRATED_2024_T1
2024,07,07334,municipality,073345001001,07334001,matched,Bellheim,Ortsgemeinde,8740,7870476.00,900.51,7870476.00,0.00,0.00,STATISTIKPORTAL_INTEGRATED_2024_T1
2024,07,07334,municipality,073345001014,07334014,matched,Knittelsheim,Ortsgemeinde,1039,717048.00,690.13,717048.00,0.00,0.00,STATISTIKPORTAL_INTEGRATED_2024_T1
2024,07,07334,municipality,073345001023,07334023,matched,Ottersheim bei Landau,Ortsgemeinde,1838,4124417.00,2243.97,4124417.00,0.00,0.00,STATISTIKPORTAL_INTEGRATED_2024_T1
2024,07,07334,municipality,073345001036,07334036,matched,Zeiskam,Ortsgemeinde,2204,211947.00,96.16,211947.00,0.00,0.00,STATISTIKPORTAL_INTEGRATED_2024_T1
2024,07,07334,joint_administration,073345002,,not_applicable,Verbandsgemeinde Hagenbach,Verbandsgemeinde,10536,18286111.62,1735.58,14898087.00,78003.62,3310021.00,STATISTIKPORTAL_INTEGRATED_2024_T1
2024,07,07334,municipality,073345002002,07334002,matched,Berg (Pfalz),Ortsgemeinde,1955,2174522.00,1112.29,2174522.00,0.00,0.00,STATISTIKPORTAL_INTEGRATED_2024_T1
2024,07,07334,municipality,073345002008,07334008,matched,"Hagenbach, St",Ortsgemeinde,5426,2797840.00,515.64,2797840.00,0.00,0.00,STATISTIKPORTAL_INTEGRATED_2024_T1
2024,07,07334,municipality,073345002021,07334021,matched,Neuburg am Rhein,Ortsgemeinde,2554,488224.00,191.16,488224.00,0.00,0.00,STATISTIKPORTAL_INTEGRATED_2024_T1
2024,07,07334,municipality,073345002027,07334027,matched,Scheibenhardt,Ortsgemeinde,601,428570.00,713.09,428570.00,0.00,0.00,STATISTIKPORTAL_INTEGRATED_2024_T1
2024,07,07334,joint_administration,073345003,,not_applicable,Verbandsgemeinde Jockgrim,Verbandsgemeinde,17355,11421290.48,658.10,10812925.00,75348.34,533017.14,STATISTIKPORTAL_INTEGRATED_2024_T1
2024,07,07334,municipality,073345003009,07334009,matched,Hatzenbühl,Ortsgemeinde,2871,0.00,0.00,0.00,0.00,0.00,STATISTIKPORTAL_INTEGRATED_2024_T1
2024,07,07334,municipality,073345003012,07334012,matched,Jockgrim,Ortsgemeinde,7547,7988599.00,1058.51,7988599.00,0.00,0.00,STATISTIKPORTAL_INTEGRATED_2024_T1
2024,07,07334,municipality,073345003022,07334022,matched,Neupotz,Ortsgemeinde,1914,0.00,0.00,0.00,0.00,0.00,STATISTIKPORTAL_INTEGRATED_2024_T1
2024,07,07334,municipality,073345003024,07334024,matched,Rheinzabern,Ortsgemeinde,5023,2284386.00,454.79,2284386.00,0.00,0.00,STATISTIKPORTAL_INTEGRATED_2024_T1
2024,07,07334,joint_administration,073345004,,not_applicable,Verbandsgemeinde Kandel,Verbandsgemeinde,16605,22034237.27,1326.96,18072760.00,0.00,3961477.27,STATISTIKPORTAL_INTEGRATED_2024_T1
2024,07,07334,municipality,073345004004,07334004,matched,Erlenbach bei Kandel,Ortsgemeinde,725,68717.00,94.78,68717.00,0.00,0.00,STATISTIKPORTAL_INTEGRATED_2024_T1
2024,07,07334,municipality,073345004005,07334005,matched,Freckenfeld,Ortsgemeinde,1556,53223.00,34.21,53223.00,0.00,0.00,STATISTIKPORTAL_INTEGRATED_2024_T1
2024,07,07334,municipality,073345004013,07334013,matched,"Kandel,St",Ortsgemeinde,9341,21418495.51,2292.96,16279152.00,1.23,5139342.28,STATISTIKPORTAL_INTEGRATED_2024_T1
2024,07,07334,municipality,073345004020,07334020,matched,Minfeld,Ortsgemeinde,1707,338868.00,198.52,338868.00,0.00,0.00,STATISTIKPORTAL_INTEGRATED_2024_T1
2024,07,07334,municipality,073345004030,07334030,matched,Steinweiler,Ortsgemeinde,1982,0.00,0.00,0.00,0.00,0.00,STATISTIKPORTAL_INTEGRATED_2024_T1
2024,07,07334,municipality,073345004031,07334031,matched,Vollmersweiler,Ortsgemeinde,214,0.00,0.00,0.00,0.00,0.00,STATISTIKPORTAL_INTEGRATED_2024_T1
2024,07,07334,municipality,073345004034,07334034,matched,Winden,Ortsgemeinde,1080,2927502.00,2710.65,2927502.00,0.00,0.00,STATISTIKPORTAL_INTEGRATED_2024_T1
2024,07,07334,joint_administration,073345005,,not_applicable,Verbandsgemeinde Lingenfeld,Verbandsgemeinde,17418,36479753.64,2094.37,27677813.00,24425.76,8777514.88,STATISTIKPORTAL_INTEGRATED_2024_T1
2024,07,07334,municipality,073345005006,07334006,matched,Freisbach,Ortsgemeinde,1199,734039.60,612.21,651697.00,19769.40,62573.20,STATISTIKPORTAL_INTEGRATED_2024_T1
2024,07,07334,municipality,073345005017,07334017,matched,Lingenfeld,Ortsgemeinde,5867,6086149.60,1037.35,6003807.00,19769.40,62573.20,STATISTIKPORTAL_INTEGRATED_2024_T1
2024,07,07334,municipality,073345005018,07334018,matched,Lustadt,Ortsgemeinde,3413,6306496.60,1847.79,6224154.00,19769.40,62573.20,STATISTIKPORTAL_INTEGRATED_2024_T1
2024,07,07334,municipality,073345005028,07334028,matched,Schwegenheim,Ortsgemeinde,3260,3218361.60,987.23,3136019.00,19769.40,62573.20,STATISTIKPORTAL_INTEGRATED_2024_T1
2024,07,07334,municipality,073345005032,07334032,matched,Weingarten (Pfalz),Ortsgemeinde,1942,3329924.83,1714.69,3247588.00,19768.01,62568.82,STATISTIKPORTAL_INTEGRATED_2024_T1
2024,07,07334,municipality,073345005033,07334033,matched,Westheim (Pfalz),Ortsgemeinde,1737,2560824.83,1474.28,2478488.00,19768.01,62568.82,STATISTIKPORTAL_INTEGRATED_2024_T1
2024,07,07334,joint_administration,073345006,,not_applicable,Verbandsgemeinde Rülzheim,Verbandsgemeinde,15709,37413835.10,2381.68,37125386.00,87547.23,200901.87,STATISTIKPORTAL_INTEGRATED_2024_T1
2024,07,07334,municipality,073345006011,07334011,matched,Hördt,Ortsgemeinde,2757,4074386.00,1477.83,4074386.00,0.00,0.00,STATISTIKPORTAL_INTEGRATED_2024_T1
2024,07,07334,municipality,073345006015,07334015,matched,Kuhardt,Ortsgemeinde,1907,4443078.00,2329.88,4443078.00,0.00,0.00,STATISTIKPORTAL_INTEGRATED_2024_T1
2024,07,07334,municipality,073345006016,07334016,matched,Leimersheim,Ortsgemeinde,2591,7664740.00,2958.22,7664740.00,0.00,0.00,STATISTIKPORTAL_INTEGRATED_2024_T1
2024,07,07334,municipality,073345006025,07334025,matched,Rülzheim,Ortsgemeinde,8454,22450469.00,2655.60,22395497.00,0.00,54972.00,STATISTIKPORTAL_INTEGRATED_2024_T1
2024,07,07335,county_administration,07335,,not_applicable,Landkreis Kaiserslautern,Landkreis,106343,209862403.27,1973.45,109130700.00,7701.02,100724002.25,STATISTIKPORTAL_INTEGRATED_2024_T1
2024,07,07335,joint_administration,073355001,,not_applicable,Verbandsgemeinde Bruchmühlbach-M.,Verbandsgemeinde,10491,21614115.00,2060.25,16839953.00,0.00,4774162.00,STATISTIKPORTAL_INTEGRATED_2024_T1
2024,07,07335,municipality,073355001003,07335003,matched,Bruchmühlbach-Miesau,Ortsgemeinde,7943,3728703.00,469.43,3728703.00,0.00,0.00,STATISTIKPORTAL_INTEGRATED_2024_T1
2024,07,07335,municipality,073355001011,07335011,matched,Gerhardsbrunn,Ortsgemeinde,166,0.00,0.00,0.00,0.00,0.00,STATISTIKPORTAL_INTEGRATED_2024_T1
2024,07,07335,municipality,073355001201,07335201,matched,Lambsborn,Ortsgemeinde,712,262453.00,368.61,262453.00,0.00,0.00,STATISTIKPORTAL_INTEGRATED_2024_T1
2024,07,07335,municipality,073355001202,07335202,matched,Langwieden,Ortsgemeinde,280,204327.00,729.74,204327.00,0.00,0.00,STATISTIKPORTAL_INTEGRATED_2024_T1
2024,07,07335,municipality,073355001203,07335203,matched,Martinshöhe,Ortsgemeinde,1390,645461.00,464.36,645461.00,0.00,0.00,STATISTIKPORTAL_INTEGRATED_2024_T1
2024,07,07335,joint_administration,073355002,,not_applicable,Verbandsgemeinde Enkenbach-Alsenborn,Verbandsgemeinde,20006,24100430.50,1204.66,22062406.00,1798227.50,239797.00,STATISTIKPORTAL_INTEGRATED_2024_T1
2024,07,07335,municipality,073355002004,07335004,matched,Enkenbach-Alsenborn,Ortsgemeinde,7230,46198757.25,6389.87,10815535.00,899113.75,34484108.50,STATISTIKPORTAL_INTEGRATED_2024_T1
2024,07,07335,municipality,073355002007,07335007,matched,Fischbach,Ortsgemeinde,778,368518.00,473.67,368518.00,0.00,0.00,STATISTIKPORTAL_INTEGRATED_2024_T1
2024,07,07335,municipality,073355002010,07335010,matched,Frankenstein,Ortsgemeinde,911,603202.00,662.13,603202.00,0.00,0.00,STATISTIKPORTAL_INTEGRATED_2024_T1
2024,07,07335,municipality,073355002015,07335015,matched,Hochspeyer,Ortsgemeinde,4709,5003826.00,1062.61,5003826.00,0.00,0.00,STATISTIKPORTAL_INTEGRATED_2024_T1
2024,07,07335,municipality,073355002026,07335026,matched,Mehlingen,Ortsgemeinde,3877,339534.88,87.58,0.00,299584.70,39950.18,STATISTIKPORTAL_INTEGRATED_2024_T1
2024,07,07335,municipality,073355002028,07335028,matched,Neuhemsbach,Ortsgemeinde,963,339534.88,352.58,0.00,299584.70,39950.18,STATISTIKPORTAL_INTEGRATED_2024_T1
2024,07,07335,municipality,073355002048,07335048,matched,Waldleiningen,Ortsgemeinde,395,382324.00,967.91,382324.00,0.00,0.00,STATISTIKPORTAL_INTEGRATED_2024_T1
2024,07,07335,municipality,073355002205,07335205,matched,Sembach,Ortsgemeinde,1143,339942.49,297.41,0.00,299944.35,39998.14,STATISTIKPORTAL_INTEGRATED_2024_T1
2024,07,07335,joint_administration,073355008,,not_applicable,Verbandsgemeinde Ramstein-Miesenbach,Verbandsgemeinde,16733,6209079.14,371.07,1061573.00,0.00,5147506.14,STATISTIKPORTAL_INTEGRATED_2024_T1
2024,07,07335,municipality,073355008016,07335016,matched,Hütschenhausen,Ortsgemeinde,3952,661449.00,167.37,492633.00,0.00,168816.00,STATISTIKPORTAL_INTEGRATED_2024_T1
2024,07,07335,municipality,073355008020,07335020,matched,Kottweiler-Schwanden,Ortsgemeinde,1283,22496.00,17.53,22496.00,0.00,0.00,STATISTIKPORTAL_INTEGRATED_2024_T1
2024,07,07335,municipality,073355008030,07335030,matched,Niedermohr,Ortsgemeinde,1455,0.00,0.00,0.00,0.00,0.00,STATISTIKPORTAL_INTEGRATED_2024_T1
2024,07,07335,municipality,073355008038,07335038,matched,"Ramstein-Miesenbach,St",Ortsgemeinde,7601,11550276.97,1519.57,1886845.00,0.00,9663431.97,STATISTIKPORTAL_INTEGRATED_2024_T1
2024,07,07335,municipality,073355008044,07335044,matched,Steinwenden,Ortsgemeinde,2442,31100.00,12.74,31100.00,0.00,0.00,STATISTIKPORTAL_INTEGRATED_2024_T1
2024,07,07335,joint_administration,073355009,,not_applicable,Verbandsgemeinde Weilerbach,Verbandsgemeinde,14242,187539.16,13.17,26975.00,158497.10,2067.06,STATISTIKPORTAL_INTEGRATED_2024_T1
2024,07,07335,municipality,073355009005,07335005,matched,Erzenhausen,Ortsgemeinde,745,0.00,0.00,0.00,0.00,0.00,STATISTIKPORTAL_INTEGRATED_2024_T1
2024,07,07335,municipality,073355009006,07335006,matched,Eulenbis,Ortsgemeinde,487,133297.00,273.71,133297.00,0.00,0.00,STATISTIKPORTAL_INTEGRATED_2024_T1
2024,07,07335,municipality,073355009019,07335019,matched,Kollweiler,Ortsgemeinde,506,0.00,0.00,0.00,0.00,0.00,STATISTIKPORTAL_INTEGRATED_2024_T1
2024,07,07335,municipality,073355009024,07335024,matched,Mackenbach,Ortsgemeinde,2058,0.00,0.00,0.00,0.00,0.00,STATISTIKPORTAL_INTEGRATED_2024_T1
2024,07,07335,municipality,073355009040,07335040,matched,Rodenbach,Ortsgemeinde,3310,1500000.00,453.17,1500000.00,0.00,0.00,STATISTIKPORTAL_INTEGRATED_2024_T1
2024,07,07335,municipality,073355009043,07335043,matched,Schwedelbach,Ortsgemeinde,1104,0.00,0.00,0.00,0.00,0.00,STATISTIKPORTAL_INTEGRATED_2024_T1
2024,07,07335,municipality,073355009049,07335049,matched,Weilerbach,Ortsgemeinde,4573,0.00,0.00,0.00,0.00,0.00,STATISTIKPORTAL_INTEGRATED_2024_T1
2024,07,07335,municipality,073355009501,07335501,matched,Reichenbach-Steegen,Ortsgemeinde,1459,798592.00,547.36,798592.00,0.00,0.00,STATISTIKPORTAL_INTEGRATED_2024_T1
2024,07,07335,joint_administration,073355010,,not_applicable,Verbandsgemeinde Otterbach-Otterberg,Verbandsgemeinde,18839,29152235.70,1547.44,14828811.00,156788.00,14166636.70,STATISTIKPORTAL_INTEGRATED_2024_T1
2024,07,07335,municipality,073355010009,07335009,matched,Frankelbach,Ortsgemeinde,322,121606.00,377.66,121606.00,0.00,0.00,STATISTIKPORTAL_INTEGRATED_2024_T1
2024,07,07335,municipality,073355010013,07335013,matched,Heiligenmoschel,Ortsgemeinde,606,845763.85,1395.65,261814.00,0.00,583949.85,STATISTIKPORTAL_INTEGRATED_2024_T1
2024,07,07335,municipality,073355010014,07335014,matched,Hirschhorn/Pfalz,Ortsgemeinde,723,862133.00,1192.44,862133.00,0.00,0.00,STATISTIKPORTAL_INTEGRATED_2024_T1
2024,07,07335,municipality,073355010017,07335017,matched,Katzweiler,Ortsgemeinde,1896,2220300.00,1171.04,2220300.00,0.00,0.00,STATISTIKPORTAL_INTEGRATED_2024_T1
2024,07,07335,municipality,073355010025,07335025,matched,Mehlbach,Ortsgemeinde,1121,1079568.00,963.04,1079568.00,0.00,0.00,STATISTIKPORTAL_INTEGRATED_2024_T1
2024,07,07335,municipality,073355010029,07335029,matched,Niederkirchen,Ortsgemeinde,1860,2224824.85,1196.14,1640875.00,0.00,583949.85,STATISTIKPORTAL_INTEGRATED_2024_T1
2024,07,07335,municipality,073355010033,07335033,matched,Olsbrücken,Ortsgemeinde,1037,659094.00,635.58,659094.00,0.00,0.00,STATISTIKPORTAL_INTEGRATED_2024_T1
2024,07,07335,municipality,073355010034,07335034,matched,Otterbach,Ortsgemeinde,4013,959578.00,239.12,959578.00,0.00,0.00,STATISTIKPORTAL_INTEGRATED_2024_T1
2024,07,07335,municipality,073355010035,07335035,matched,"Otterberg,St",Ortsgemeinde,5383,4189790.62,778.34,3021961.00,0.00,1167829.62,STATISTIKPORTAL_INTEGRATED_2024_T1
2024,07,07335,municipality,073355010041,07335041,matched,Schallodenbach,Ortsgemeinde,876,879952.85,1004.51,296003.00,0.00,583949.85,STATISTIKPORTAL_INTEGRATED_2024_T1
2024,07,07335,municipality,073355010042,07335042,matched,Schneckenhausen,Ortsgemeinde,572,708261.85,1238.22,124312.00,0.00,583949.85,STATISTIKPORTAL_INTEGRATED_2024_T1
2024,07,07335,municipality,073355010046,07335046,matched,Sulzbachtal,Ortsgemeinde,430,409817.00,953.06,409817.00,0.00,0.00,STATISTIKPORTAL_INTEGRATED_2024_T1
2024,07,07335,joint_administration,073355011,,not_applicable,Verbandsgemeinde Landstuhl,Verbandsgemeinde,26032,75828846.75,2912.91,41279390.00,0.00,34549456.75,STATISTIKPORTAL_INTEGRATED_2024_T1
2024,07,07335,municipality,073355011002,07335002,matched,Bann,Ortsgemeinde,2210,167510.00,75.80,167510.00,0.00,0.00,STATISTIKPORTAL_INTEGRATED_2024_T1
2024,07,07335,municipality,073355011012,07335012,matched,Hauptstuhl,Ortsgemeinde,1206,619921.00,514.03,619921.00,0.00,0.00,STATISTIKPORTAL_INTEGRATED_2024_T1
2024,07,07335,municipality,073355011018,07335018,matched,Kindsbach,Ortsgemeinde,2480,958624.00,386.54,958624.00,0.00,0.00,STATISTIKPORTAL_INTEGRATED_2024_T1
2024,07,07335,municipality,073355011021,07335021,matched,Krickenbach,Ortsgemeinde,1194,1076084.00,901.24,1076084.00,0.00,0.00,STATISTIKPORTAL_INTEGRATED_2024_T1
2024,07,07335,municipality,073355011022,07335022,matched,"Landstuhl,Sickingenstadt",Ortsgemeinde,8300,11169378.70,1345.71,4084967.00,0.60,7084411.10,STATISTIKPORTAL_INTEGRATED_2024_T1
2024,07,07335,municipality,073355011023,07335023,matched,Linden,Ortsgemeinde,1195,1257276.00,1052.11,1257276.00,0.00,0.00,STATISTIKPORTAL_INTEGRATED_2024_T1
2024,07,07335,municipality,073355011027,07335027,matched,Mittelbrunn,Ortsgemeinde,720,694188.00,964.15,694188.00,0.00,0.00,STATISTIKPORTAL_INTEGRATED_2024_T1
2024,07,07335,municipality,073355011031,07335031,matched,Oberarnbach,Ortsgemeinde,425,130105.00,306.13,130105.00,0.00,0.00,STATISTIKPORTAL_INTEGRATED_2024_T1
2024,07,07335,municipality,073355011037,07335037,matched,Queidersbach,Ortsgemeinde,2733,903202.00,330.48,903202.00,0.00,0.00,STATISTIKPORTAL_INTEGRATED_2024_T1
2024,07,07335,municipality,073355011045,07335045,matched,Stelzenberg,Ortsgemeinde,1254,1214898.00,968.82,1214898.00,0.00,0.00,STATISTIKPORTAL_INTEGRATED_2024_T1
2024,07,07335,municipality,073355011047,07335047,matched,Trippstadt,Ortsgemeinde,2825,2633256.00,932.13,2633256.00,0.00,0.00,STATISTIKPORTAL_INTEGRATED_2024_T1
2024,07,07335,municipality,073355011204,07335204,matched,Schopp,Ortsgemeinde,1490,849886.00,570.39,849886.00,0.00,0.00,STATISTIKPORTAL_INTEGRATED_2024_T1
2024,07,07336,county_administration,07336,,not_applicable,Landkreis Kusel,Landkreis,69623,141847686.30,2037.37,86994173.00,37021.10,54816492.20,STATISTIKPORTAL_INTEGRATED_2024_T1
2024,07,07336,joint_administration,073365008,,not_applicable,Verbandsgemeinde Lauterecken-Wolfstein,Verbandsgemeinde,17706,47328814.87,2673.04,30602458.00,1308325.00,15418031.87,STATISTIKPORTAL_INTEGRATED_2024_T1
2024,07,07336,municipality,073365008001,07336001,matched,Adenbach,Ortsgemeinde,149,94616.00,635.01,94616.00,0.00,0.00,STATISTIKPORTAL_INTEGRATED_2024_T1
2024,07,07336,municipality,073365008005,07336005,matched,Aschbach,Ortsgemeinde,302,212603.00,703.98,212603.00,0.00,0.00,STATISTIKPORTAL_INTEGRATED_2024_T1
2024,07,07336,municipality,073365008012,07336012,matched,Buborn,Ortsgemeinde,126,92015.00,730.28,92015.00,0.00,0.00,STATISTIKPORTAL_INTEGRATED_2024_T1
2024,07,07336,municipality,073365008013,07336013,matched,Cronenberg,Ortsgemeinde,146,7467.00,51.14,7467.00,0.00,0.00,STATISTIKPORTAL_INTEGRATED_2024_T1
2024,07,07336,municipality,073365008014,07336014,matched,Deimberg,Ortsgemeinde,99,207525.00,2096.21,207525.00,0.00,0.00,STATISTIKPORTAL_INTEGRATED_2024_T1
2024,07,07336,municipality,073365008019,07336019,matched,Einöllen,Ortsgemeinde,393,476570.00,1212.65,476570.00,0.00,0.00,STATISTIKPORTAL_INTEGRATED_2024_T1
2024,07,07336,municipality,073365008023,07336023,matched,Eßweiler,Ortsgemeinde,383,261603.00,683.04,261603.00,0.00,0.00,STATISTIKPORTAL_INTEGRATED_2024_T1
2024,07,07336,municipality,073365008029,07336029,matched,Ginsweiler,Ortsgemeinde,269,165349.00,614.68,165349.00,0.00,0.00,STATISTIKPORTAL_INTEGRATED_2024_T1
2024,07,07336,municipality,073365008030,07336030,matched,Glanbrücken,Ortsgemeinde,472,668589.00,1416.50,668589.00,0.00,0.00,STATISTIKPORTAL_INTEGRATED_2024_T1
2024,07,07336,municipality,073365008033,07336033,matched,Grumbach,Ortsgemeinde,473,594207.00,1256.25,594207.00,0.00,0.00,STATISTIKPORTAL_INTEGRATED_2024_T1
2024,07,07336,municipality,073365008035,07336035,matched,Hausweiler,Ortsgemeinde,47,7810.00,166.17,7810.00,0.00,0.00,STATISTIKPORTAL_INTEGRATED_2024_T1
2024,07,07336,municipality,073365008036,07336036,matched,Hefersweiler,Ortsgemeinde,554,363985.00,657.01,363985.00,0.00,0.00,STATISTIKPORTAL_INTEGRATED_2024_T1
2024,07,07336,municipality,073365008038,07336038,matched,Heinzenhausen,Ortsgemeinde,239,202595.00,847.68,202595.00,0.00,0.00,STATISTIKPORTAL_INTEGRATED_2024_T1
2024,07,07336,municipality,073365008040,07336040,matched,Herren-Sulzbach,Ortsgemeinde,159,115422.00,725.92,115422.00,0.00,0.00,STATISTIKPORTAL_INTEGRATED_2024_T1
2024,07,07336,municipality,073365008042,07336042,matched,Hinzweiler,Ortsgemeinde,313,416050.00,1329.23,416050.00,0.00,0.00,STATISTIKPORTAL_INTEGRATED_2024_T1
2024,07,07336,municipality,073365008043,07336043,matched,Hohenöllen,Ortsgemeinde,359,26230.00,73.06,26230.00,0.00,0.00,STATISTIKPORTAL_INTEGRATED_2024_T1
2024,07,07336,municipality,073365008044,07336044,matched,Homberg,Ortsgemeinde,206,60522.00,293.80,60522.00,0.00,0.00,STATISTIKPORTAL_INTEGRATED_2024_T1
2024,07,07336,municipality,073365008045,07336045,matched,Hoppstädten,Ortsgemeinde,280,131117.00,468.28,131117.00,0.00,0.00,STATISTIKPORTAL_INTEGRATED_2024_T1
2024,07,07336,municipality,073365008048,07336048,matched,Jettenbach,Ortsgemeinde,747,928823.00,1243.40,928823.00,0.00,0.00,STATISTIKPORTAL_INTEGRATED_2024_T1
2024,07,07336,municipality,073365008049,07336049,matched,Kappeln,Ortsgemeinde,199,196715.00,988.52,196715.00,0.00,0.00,STATISTIKPORTAL_INTEGRATED_2024_T1
2024,07,07336,municipality,073365008050,07336050,matched,Kirrweiler,Ortsgemeinde,151,0.00,0.00,0.00,0.00,0.00,STATISTIKPORTAL_INTEGRATED_2024_T1
2024,07,07336,municipality,073365008053,07336053,matched,Kreimbach-Kaulbach,Ortsgemeinde,713,409691.00,574.60,409691.00,0.00,0.00,STATISTIKPORTAL_INTEGRATED_2024_T1
2024,07,07336,municipality,073365008057,07336057,matched,Langweiler,Ortsgemeinde,213,75430.00,354.13,75430.00,0.00,0.00,STATISTIKPORTAL_INTEGRATED_2024_T1
2024,07,07336,municipality,073365008058,07336058,matched,"Lauterecken,St",Ortsgemeinde,2025,3345320.00,1652.01,3345320.00,0.00,0.00,STATISTIKPORTAL_INTEGRATED_2024_T1
2024,07,07336,municipality,073365008060,07336060,matched,Lohnweiler,Ortsgemeinde,376,94740.00,251.97,94740.00,0.00,0.00,STATISTIKPORTAL_INTEGRATED_2024_T1
2024,07,07336,municipality,073365008061,07336061,matched,Medard,Ortsgemeinde,461,166209.00,360.54,166209.00,0.00,0.00,STATISTIKPORTAL_INTEGRATED_2024_T1
2024,07,07336,municipality,073365008062,07336062,matched,Merzweiler,Ortsgemeinde,158,0.00,0.00,0.00,0.00,0.00,STATISTIKPORTAL_INTEGRATED_2024_T1
2024,07,07336,municipality,073365008065,07336065,matched,Nerzweiler,Ortsgemeinde,107,14600.00,136.45,14600.00,0.00,0.00,STATISTIKPORTAL_INTEGRATED_2024_T1
2024,07,07336,municipality,073365008069,07336069,matched,Nußbach,Ortsgemeinde,549,473841.00,863.10,473841.00,0.00,0.00,STATISTIKPORTAL_INTEGRATED_2024_T1
2024,07,07336,municipality,073365008072,07336072,matched,Oberweiler im Tal,Ortsgemeinde,164,127489.00,777.37,127489.00,0.00,0.00,STATISTIKPORTAL_INTEGRATED_2024_T1
2024,07,07336,municipality,073365008073,07336073,matched,Oberweiler-Tiefenbach,Ortsgemeinde,267,214231.00,802.36,214231.00,0.00,0.00,STATISTIKPORTAL_INTEGRATED_2024_T1
2024,07,07336,municipality,073365008074,07336074,matched,Odenbach,Ortsgemeinde,744,598228.00,804.07,598228.00,0.00,0.00,STATISTIKPORTAL_INTEGRATED_2024_T1
2024,07,07336,municipality,073365008075,07336075,matched,Offenbach-Hundheim,Ortsgemeinde,1004,334685.00,333.35,334685.00,0.00,0.00,STATISTIKPORTAL_INTEGRATED_2024_T1
2024,07,07336,municipality,073365008085,07336085,matched,Reipoltskirchen,Ortsgemeinde,339,272095.00,802.64,272095.00,0.00,0.00,STATISTIKPORTAL_INTEGRATED_2024_T1
2024,07,07336,municipality,073365008086,07336086,matched,Relsberg,Ortsgemeinde,179,115717.00,646.46,115717.00,0.00,0.00,STATISTIKPORTAL_INTEGRATED_2024_T1
2024,07,07336,municipality,073365008087,07336087,matched,Rothselberg,Ortsgemeinde,612,0.00,0.00,0.00,0.00,0.00,STATISTIKPORTAL_INTEGRATED_2024_T1
2024,07,07336,municipality,073365008090,07336090,matched,Rutsweiler a.d.Lauter,Ortsgemeinde,375,522388.00,1393.03,522388.00,0.00,0.00,STATISTIKPORTAL_INTEGRATED_2024_T1
2024,07,07336,municipality,073365008095,07336095,matched,Sankt Julian,Ortsgemeinde,1064,740254.00,695.73,740254.00,0.00,0.00,STATISTIKPORTAL_INTEGRATED_2024_T1
2024,07,07336,municipality,073365008100,07336100,matched,Unterjeckenbach,Ortsgemeinde,68,14630.00,215.15,14630.00,0.00,0.00,STATISTIKPORTAL_INTEGRATED_2024_T1
2024,07,07336,municipality,073365008104,07336104,matched,Wiesweiler,Ortsgemeinde,379,283766.00,748.72,283766.00,0.00,0.00,STATISTIKPORTAL_INTEGRATED_2024_T1
2024,07,07336,municipality,073365008105,07336105,matched,"Wolfstein,St",Ortsgemeinde,1843,4976181.00,2700.04,4976181.00,0.00,0.00,STATISTIKPORTAL_INTEGRATED_2024_T1
2024,07,07336,joint_administration,073365009,,not_applicable,Verbandsgemeinde Oberes Glantal,Verbandsgemeinde,28773,64247473.46,2232.91,22545555.00,14103.18,41687815.28,STATISTIKPORTAL_INTEGRATED_2024_T1
2024,07,07336,municipality,073365009004,07336004,matched,Altenkirchen,Ortsgemeinde,1311,750782.00,572.68,750782.00,0.00,0.00,STATISTIKPORTAL_INTEGRATED_2024_T1
2024,07,07336,municipality,073365009008,07336008,matched,Börsborn,Ortsgemeinde,438,172205.00,393.16,172205.00,0.00,0.00,STATISTIKPORTAL_INTEGRATED_2024_T1
2024,07,07336,municipality,073365009010,07336010,matched,Breitenbach,Ortsgemeinde,1787,1739005.00,973.14,1739005.00,0.00,0.00,STATISTIKPORTAL_INTEGRATED_2024_T1
2024,07,07336,municipality,073365009011,07336011,matched,Brücken (Pfalz),Ortsgemeinde,2110,2978896.00,1411.80,2978896.00,0.00,0.00,STATISTIKPORTAL_INTEGRATED_2024_T1
2024,07,07336,municipality,073365009016,07336016,matched,Dittweiler,Ortsgemeinde,885,1304055.00,1473.51,1304055.00,0.00,0.00,STATISTIKPORTAL_INTEGRATED_2024_T1
2024,07,07336,municipality,073365009017,07336017,matched,Dunzweiler,Ortsgemeinde,869,528234.00,607.86,528234.00,0.00,0.00,STATISTIKPORTAL_INTEGRATED_2024_T1
2024,07,07336,municipality,073365009027,07336027,matched,Frohnhofen,Ortsgemeinde,438,758924.00,1732.70,758924.00,0.00,0.00,STATISTIKPORTAL_INTEGRATED_2024_T1
2024,07,07336,municipality,073365009031,07336031,matched,Glan-Münchweiler,Ortsgemeinde,1160,2015841.00,1737.79,2015841.00,0.00,0.00,STATISTIKPORTAL_INTEGRATED_2024_T1
2024,07,07336,municipality,073365009032,07336032,matched,Gries,Ortsgemeinde,1042,902722.00,866.34,902722.00,0.00,0.00,STATISTIKPORTAL_INTEGRATED_2024_T1
2024,07,07336,municipality,073365009037,07336037,matched,Henschtal,Ortsgemeinde,327,782975.00,2394.42,782975.00,0.00,0.00,STATISTIKPORTAL_INTEGRATED_2024_T1
2024,07,07336,municipality,073365009041,07336041,matched,Herschweiler-Pettersheim,Ortsgemeinde,1298,579948.00,446.80,579948.00,0.00,0.00,STATISTIKPORTAL_INTEGRATED_2024_T1
2024,07,07336,municipality,073365009047,07336047,matched,Hüffler,Ortsgemeinde,480,1022146.00,2129.47,1022146.00,0.00,0.00,STATISTIKPORTAL_INTEGRATED_2024_T1
2024,07,07336,municipality,073365009054,07336054,matched,Krottelbach,Ortsgemeinde,613,689887.00,1125.43,689887.00,0.00,0.00,STATISTIKPORTAL_INTEGRATED_2024_T1
2024,07,07336,municipality,073365009056,07336056,matched,Langenbach,Ortsgemeinde,455,261569.00,574.88,261569.00,0.00,0.00,STATISTIKPORTAL_INTEGRATED_2024_T1
2024,07,07336,municipality,073365009064,07336064,matched,Nanzdietschweiler,Ortsgemeinde,1128,1698473.00,1505.74,1698473.00,0.00,0.00,STATISTIKPORTAL_INTEGRATED_2024_T1
2024,07,07336,municipality,073365009076,07336076,matched,Ohmbach,Ortsgemeinde,755,480255.00,636.10,480255.00,0.00,0.00,STATISTIKPORTAL_INTEGRATED_2024_T1
2024,07,07336,municipality,073365009082,07336082,matched,Rehweiler,Ortsgemeinde,436,590723.00,1354.87,590723.00,0.00,0.00,STATISTIKPORTAL_INTEGRATED_2024_T1
2024,07,07336,municipality,073365009092,07336092,matched,Schönenberg-Kübelberg,Ortsgemeinde,5513,8280390.00,1501.98,8280390.00,0.00,0.00,STATISTIKPORTAL_INTEGRATED_2024_T1
2024,07,07336,municipality,073365009096,07336096,matched,Steinbach am Glan,Ortsgemeinde,862,944500.00,1095.71,944500.00,0.00,0.00,STATISTIKPORTAL_INTEGRATED_2024_T1
2024,07,07336,municipality,073365009101,07336101,matched,Wahnwegen,Ortsgemeinde,643,658200.00,1023.64,658200.00,0.00,0.00,STATISTIKPORTAL_INTEGRATED_2024_T1
2024,07,07336,municipality,073365009102,07336102,matched,"Waldmohr,St",Ortsgemeinde,5100,11996267.00,2352.21,11996267.00,0.00,0.00,STATISTIKPORTAL_INTEGRATED_2024_T1
2024,07,07336,municipality,073365009107,07336107,matched,Matzenbach,Ortsgemeinde,609,523320.00,859.31,523320.00,0.00,0.00,STATISTIKPORTAL_INTEGRATED_2024_T1
2024,07,07336,municipality,073365009501,07336501,matched,Quirnbach/Pfalz,Ortsgemeinde,514,429278.00,835.17,429278.00,0.00,0.00,STATISTIKPORTAL_INTEGRATED_2024_T1
2024,07,07336,joint_administration,073365010,,not_applicable,Verbandsgemeinde Kusel-Altenglan,Verbandsgemeinde,23144,72488495.95,3132.06,35674484.00,372263.05,36441748.90,STATISTIKPORTAL_INTEGRATED_2024_T1
2024,07,07336,municipality,073365010002,07336002,matched,Albessen,Ortsgemeinde,150,149876.00,999.17,149876.00,0.00,0.00,STATISTIKPORTAL_INTEGRATED_2024_T1
2024,07,07336,municipality,073365010003,07336003,matched,Altenglan,Ortsgemeinde,2765,3074643.00,1111.99,3074643.00,0.00,0.00,STATISTIKPORTAL_INTEGRATED_2024_T1
2024,07,07336,municipality,073365010006,07336006,matched,Blaubach,Ortsgemeinde,419,697859.00,1665.53,697859.00,0.00,0.00,STATISTIKPORTAL_INTEGRATED_2024_T1
2024,07,07336,municipality,073365010009,07336009,matched,Bosenbach,Ortsgemeinde,734,573411.00,781.21,573411.00,0.00,0.00,STATISTIKPORTAL_INTEGRATED_2024_T1
2024,07,07336,municipality,073365010015,07336015,matched,Dennweiler-Frohnbach,Ortsgemeinde,280,261762.00,934.86,261762.00,0.00,0.00,STATISTIKPORTAL_INTEGRATED_2024_T1
2024,07,07336,municipality,073365010018,07336018,matched,Ehweiler,Ortsgemeinde,171,43463.00,254.17,43463.00,0.00,0.00,STATISTIKPORTAL_INTEGRATED_2024_T1
2024,07,07336,municipality,073365010021,07336021,matched,Elzweiler,Ortsgemeinde,121,15830.00,130.83,15830.00,0.00,0.00,STATISTIKPORTAL_INTEGRATED_2024_T1
2024,07,07336,municipality,073365010022,07336022,matched,Erdesbach,Ortsgemeinde,583,287102.00,492.46,287102.00,0.00,0.00,STATISTIKPORTAL_INTEGRATED_2024_T1
2024,07,07336,municipality,073365010024,07336024,matched,Etschberg,Ortsgemeinde,670,764053.00,1140.38,764053.00,0.00,0.00,STATISTIKPORTAL_INTEGRATED_2024_T1
2024,07,07336,municipality,073365010025,07336025,matched,Föckelberg,Ortsgemeinde,341,230426.00,675.74,230426.00,0.00,0.00,STATISTIKPORTAL_INTEGRATED_2024_T1
2024,07,07336,municipality,073365010034,07336034,matched,Haschbach am Remigiusb.,Ortsgemeinde,677,392182.00,579.29,392182.00,0.00,0.00,STATISTIKPORTAL_INTEGRATED_2024_T1
2024,07,07336,municipality,073365010039,07336039,matched,Herchweiler,Ortsgemeinde,480,1051985.00,2191.64,1051985.00,0.00,0.00,STATISTIKPORTAL_INTEGRATED_2024_T1
2024,07,07336,municipality,073365010046,07336046,matched,Horschbach,Ortsgemeinde,223,75369.00,337.98,75369.00,0.00,0.00,STATISTIKPORTAL_INTEGRATED_2024_T1
2024,07,07336,municipality,073365010051,07336051,matched,Körborn,Ortsgemeinde,334,543113.00,1626.09,543113.00,0.00,0.00,STATISTIKPORTAL_INTEGRATED_2024_T1
2024,07,07336,municipality,073365010052,07336052,matched,Konken,Ortsgemeinde,835,2594769.00,3107.51,2594769.00,0.00,0.00,STATISTIKPORTAL_INTEGRATED_2024_T1
2024,07,07336,municipality,073365010055,07336055,matched,"Kusel,St",Ortsgemeinde,5487,26461338.12,4822.55,21962092.00,0.00,4499246.12,STATISTIKPORTAL_INTEGRATED_2024_T1
2024,07,07336,municipality,073365010066,07336066,matched,Neunkirchen am Potzberg,Ortsgemeinde,428,124593.00,291.11,124593.00,0.00,0.00,STATISTIKPORTAL_INTEGRATED_2024_T1
2024,07,07336,municipality,073365010067,07336067,matched,Niederalben,Ortsgemeinde,321,385739.62,1201.68,383170.00,0.00,2569.62,STATISTIKPORTAL_INTEGRATED_2024_T1
2024,07,07336,municipality,073365010068,07336068,matched,Niederstaufenbach,Ortsgemeinde,271,205315.00,757.62,205315.00,0.00,0.00,STATISTIKPORTAL_INTEGRATED_2024_T1
2024,07,07336,municipality,073365010070,07336070,matched,Oberalben,Ortsgemeinde,213,277406.00,1302.38,277406.00,0.00,0.00,STATISTIKPORTAL_INTEGRATED_2024_T1
2024,07,07336,municipality,073365010071,07336071,matched,Oberstaufenbach,Ortsgemeinde,251,226928.00,904.10,226928.00,0.00,0.00,STATISTIKPORTAL_INTEGRATED_2024_T1
2024,07,07336,municipality,073365010077,07336077,matched,Pfeffelbach,Ortsgemeinde,875,108992.00,124.56,108992.00,0.00,0.00,STATISTIKPORTAL_INTEGRATED_2024_T1
2024,07,07336,municipality,073365010079,07336079,matched,Rammelsbach,Ortsgemeinde,1468,1403304.00,955.93,1403304.00,0.00,0.00,STATISTIKPORTAL_INTEGRATED_2024_T1
2024,07,07336,municipality,073365010081,07336081,matched,Rathsweiler,Ortsgemeinde,144,0.00,0.00,0.00,0.00,0.00,STATISTIKPORTAL_INTEGRATED_2024_T1
2024,07,07336,municipality,073365010084,07336084,matched,Reichweiler,Ortsgemeinde,539,328075.00,608.67,328075.00,0.00,0.00,STATISTIKPORTAL_INTEGRATED_2024_T1
2024,07,07336,municipality,073365010088,07336088,matched,Ruthweiler,Ortsgemeinde,466,699231.00,1500.50,699231.00,0.00,0.00,STATISTIKPORTAL_INTEGRATED_2024_T1
2024,07,07336,municipality,073365010089,07336089,matched,Rutsweiler am Glan,Ortsgemeinde,298,292117.00,980.26,292117.00,0.00,0.00,STATISTIKPORTAL_INTEGRATED_2024_T1
2024,07,07336,municipality,073365010091,07336091,matched,Schellweiler,Ortsgemeinde,491,894669.00,1822.14,894669.00,0.00,0.00,STATISTIKPORTAL_INTEGRATED_2024_T1
2024,07,07336,municipality,073365010094,07336094,matched,Selchenbach,Ortsgemeinde,311,154480.00,496.72,154480.00,0.00,0.00,STATISTIKPORTAL_INTEGRATED_2024_T1
2024,07,07336,municipality,073365010097,07336097,matched,Thallichtenberg,Ortsgemeinde,524,934329.00,1783.07,934329.00,0.00,0.00,STATISTIKPORTAL_INTEGRATED_2024_T1
2024,07,07336,municipality,073365010098,07336098,matched,Theisbergstegen,Ortsgemeinde,666,1348644.00,2024.99,1348644.00,0.00,0.00,STATISTIKPORTAL_INTEGRATED_2024_T1
2024,07,07336,municipality,073365010099,07336099,matched,Ulmet,Ortsgemeinde,656,940771.00,1434.10,940771.00,0.00,0.00,STATISTIKPORTAL_INTEGRATED_2024_T1
2024,07,07336,municipality,073365010103,07336103,matched,Welchweiler,Ortsgemeinde,173,40342.00,233.19,40342.00,0.00,0.00,STATISTIKPORTAL_INTEGRATED_2024_T1
2024,07,07336,municipality,073365010106,07336106,matched,Bedesbach,Ortsgemeinde,779,497960.00,639.23,497960.00,0.00,0.00,STATISTIKPORTAL_INTEGRATED_2024_T1
2024,07,07337,county_administration,07337,,not_applicable,Landkreis Südl. Weinstraße,Landkreis,113118,54223369.11,479.35,26134558.00,7695.96,28081115.15,STATISTIKPORTAL_INTEGRATED_2024_T1
2024,07,07337,joint_administration,073375001,,not_applicable,Verbandsgemeinde Annweiler am Trifels,Verbandsgemeinde,17008,10697293.94,628.96,10402964.00,0.00,294329.94,STATISTIKPORTAL_INTEGRATED_2024_T1
2024,07,07337,municipality,073375001001,07337001,matched,Albersweiler,Ortsgemeinde,1994,697200.00,349.65,697200.00,0.00,0.00,STATISTIKPORTAL_INTEGRATED_2024_T1
2024,07,07337,municipality,073375001017,07337017,matched,Dernbach,Ortsgemeinde,431,97300.00,225.75,97300.00,0.00,0.00,STATISTIKPORTAL_INTEGRATED_2024_T1
2024,07,07337,municipality,073375001024,07337024,matched,Eußerthal,Ortsgemeinde,924,205600.00,222.51,205600.00,0.00,0.00,STATISTIKPORTAL_INTEGRATED_2024_T1
2024,07,07337,municipality,073375001033,07337033,matched,Gossersweiler-Stein,Ortsgemeinde,1422,347650.00,244.48,347650.00,0.00,0.00,STATISTIKPORTAL_INTEGRATED_2024_T1
2024,07,07337,municipality,073375001054,07337054,matched,Münchweiler am Klingbach,Ortsgemeinde,203,0.00,0.00,0.00,0.00,0.00,STATISTIKPORTAL_INTEGRATED_2024_T1
2024,07,07337,municipality,073375001064,07337064,matched,Ramberg,Ortsgemeinde,977,0.00,0.00,0.00,0.00,0.00,STATISTIKPORTAL_INTEGRATED_2024_T1
2024,07,07337,municipality,073375001067,07337067,matched,Rinnthal,Ortsgemeinde,689,1031554.00,1497.18,0.00,0.00,1031554.00,STATISTIKPORTAL_INTEGRATED_2024_T1
2024,07,07337,municipality,073375001074,07337074,matched,Silz,Ortsgemeinde,730,0.00,0.00,0.00,0.00,0.00,STATISTIKPORTAL_INTEGRATED_2024_T1
2024,07,07337,municipality,073375001078,07337078,matched,Völkersweiler,Ortsgemeinde,567,0.00,0.00,0.00,0.00,0.00,STATISTIKPORTAL_INTEGRATED_2024_T1
2024,07,07337,municipality,073375001080,07337080,matched,Waldhambach,Ortsgemeinde,384,0.00,0.00,0.00,0.00,0.00,STATISTIKPORTAL_INTEGRATED_2024_T1
2024,07,07337,municipality,073375001081,07337081,matched,Waldrohrbach,Ortsgemeinde,422,0.00,0.00,0.00,0.00,0.00,STATISTIKPORTAL_INTEGRATED_2024_T1
2024,07,07337,municipality,073375001083,07337083,matched,Wernersberg,Ortsgemeinde,1108,0.00,0.00,0.00,0.00,0.00,STATISTIKPORTAL_INTEGRATED_2024_T1
2024,07,07337,municipality,073375001501,07337501,matched,"Annweiler am Trifels,St",Ortsgemeinde,7157,7586785.20,1060.05,2821000.00,0.00,4765785.20,STATISTIKPORTAL_INTEGRATED_2024_T1
2024,07,07337,joint_administration,073375002,,not_applicable,Verbandsgemeinde Bad Bergzabern,Verbandsgemeinde,24644,24055909.01,976.14,4571197.00,0.00,19484712.01,STATISTIKPORTAL_INTEGRATED_2024_T1
2024,07,07337,municipality,073375002005,07337005,matched,"Bad Bergzabern,St",Ortsgemeinde,8706,10810012.00,1241.67,7297291.00,0.00,3512721.00,STATISTIKPORTAL_INTEGRATED_2024_T1
2024,07,07337,municipality,073375002006,07337006,matched,Barbelroth,Ortsgemeinde,668,8940.00,13.38,8940.00,0.00,0.00,STATISTIKPORTAL_INTEGRATED_2024_T1
2024,07,07337,municipality,073375002008,07337008,matched,Birkenhördt,Ortsgemeinde,658,418946.00,636.70,418946.00,0.00,0.00,STATISTIKPORTAL_INTEGRATED_2024_T1
2024,07,07337,municipality,073375002013,07337013,matched,Böllenborn,Ortsgemeinde,224,26070.00,116.38,26070.00,0.00,0.00,STATISTIKPORTAL_INTEGRATED_2024_T1
2024,07,07337,municipality,073375002018,07337018,matched,Dierbach,Ortsgemeinde,560,8156.00,14.56,8156.00,0.00,0.00,STATISTIKPORTAL_INTEGRATED_2024_T1
2024,07,07337,municipality,073375002019,07337019,matched,Dörrenbach,Ortsgemeinde,889,171964.00,193.44,171964.00,0.00,0.00,STATISTIKPORTAL_INTEGRATED_2024_T1
2024,07,07337,municipality,073375002029,07337029,matched,Gleiszellen-Gleishorbach,Ortsgemeinde,769,3252.00,4.23,3252.00,0.00,0.00,STATISTIKPORTAL_INTEGRATED_2024_T1
2024,07,07337,municipality,073375002037,07337037,matched,Hergersweiler,Ortsgemeinde,231,5500.00,23.81,5500.00,0.00,0.00,STATISTIKPORTAL_INTEGRATED_2024_T1
2024,07,07337,municipality,073375002045,07337045,matched,Kapellen-Drusweiler,Ortsgemeinde,995,182303.00,183.22,182303.00,0.00,0.00,STATISTIKPORTAL_INTEGRATED_2024_T1
2024,07,07337,municipality,073375002046,07337046,matched,Kapsweyer,Ortsgemeinde,902,23950.00,26.55,23950.00,0.00,0.00,STATISTIKPORTAL_INTEGRATED_2024_T1
2024,07,07337,municipality,073375002049,07337049,matched,Klingenmünster,Ortsgemeinde,2258,1862850.00,825.00,1862850.00,0.00,0.00,STATISTIKPORTAL_INTEGRATED_2024_T1
2024,07,07337,municipality,073375002055,07337055,matched,Niederhorbach,Ortsgemeinde,465,394514.00,848.42,394514.00,0.00,0.00,STATISTIKPORTAL_INTEGRATED_2024_T1
2024,07,07337,municipality,073375002056,07337056,matched,Niederotterbach,Ortsgemeinde,341,0.00,0.00,0.00,0.00,0.00,STATISTIKPORTAL_INTEGRATED_2024_T1
2024,07,07337,municipality,073375002058,07337058,matched,Oberhausen,Ortsgemeinde,465,0.00,0.00,0.00,0.00,0.00,STATISTIKPORTAL_INTEGRATED_2024_T1
2024,07,07337,municipality,073375002059,07337059,matched,Oberotterbach,Ortsgemeinde,1132,8345.00,7.37,8345.00,0.00,0.00,STATISTIKPORTAL_INTEGRATED_2024_T1
2024,07,07337,municipality,073375002060,07337060,matched,Oberschlettenbach,Ortsgemeinde,137,5366.00,39.17,5366.00,0.00,0.00,STATISTIKPORTAL_INTEGRATED_2024_T1
2024,07,07337,municipality,073375002062,07337062,matched,Pleisweiler-Oberhofen,Ortsgemeinde,831,1202660.00,1447.24,1202660.00,0.00,0.00,STATISTIKPORTAL_INTEGRATED_2024_T1
2024,07,07337,municipality,073375002071,07337071,matched,Schweigen-Rechtenbach,Ortsgemeinde,1342,420000.00,312.97,420000.00,0.00,0.00,STATISTIKPORTAL_INTEGRATED_2024_T1
2024,07,07337,municipality,073375002072,07337072,matched,Schweighofen,Ortsgemeinde,582,615447.00,1057.47,615447.00,0.00,0.00,STATISTIKPORTAL_INTEGRATED_2024_T1
2024,07,07337,municipality,073375002076,07337076,matched,Steinfeld,Ortsgemeinde,1864,571334.00,306.51,571334.00,0.00,0.00,STATISTIKPORTAL_INTEGRATED_2024_T1
2024,07,07337,municipality,073375002079,07337079,matched,Vorderweidenthal,Ortsgemeinde,625,522453.00,835.92,522453.00,0.00,0.00,STATISTIKPORTAL_INTEGRATED_2024_T1
2024,07,07337,joint_administration,073375003,,not_applicable,Verbandsgemeinde Edenkoben,Verbandsgemeinde,20856,22757274.89,1091.16,1369495.00,0.00,21387779.89,STATISTIKPORTAL_INTEGRATED_2024_T1
2024,07,07337,municipality,073375003002,07337002,matched,Altdorf,Ortsgemeinde,953,0.00,0.00,0.00,0.00,0.00,STATISTIKPORTAL_INTEGRATED_2024_T1
2024,07,07337,municipality,073375003011,07337011,matched,Böbingen,Ortsgemeinde,756,0.00,0.00,0.00,0.00,0.00,STATISTIKPORTAL_INTEGRATED_2024_T1
2024,07,07337,municipality,073375003015,07337015,matched,Burrweiler,Ortsgemeinde,791,51551.00,65.17,51551.00,0.00,0.00,STATISTIKPORTAL_INTEGRATED_2024_T1
2024,07,07337,municipality,073375003020,07337020,matched,"Edenkoben,St",Ortsgemeinde,6958,8031298.67,1154.25,5349902.00,0.64,2681396.03,STATISTIKPORTAL_INTEGRATED_2024_T1
2024,07,07337,municipality,073375003021,07337021,matched,Edesheim,Ortsgemeinde,2482,0.00,0.00,0.00,0.00,0.00,STATISTIKPORTAL_INTEGRATED_2024_T1
2024,07,07337,municipality,073375003025,07337025,matched,Flemlingen,Ortsgemeinde,405,0.00,0.00,0.00,0.00,0.00,STATISTIKPORTAL_INTEGRATED_2024_T1
2024,07,07337,municipality,073375003027,07337027,matched,Freimersheim (Pfalz),Ortsgemeinde,1033,0.00,0.00,0.00,0.00,0.00,STATISTIKPORTAL_INTEGRATED_2024_T1
2024,07,07337,municipality,073375003028,07337028,matched,Gleisweiler,Ortsgemeinde,595,61250.00,102.94,61250.00,0.00,0.00,STATISTIKPORTAL_INTEGRATED_2024_T1
2024,07,07337,municipality,073375003032,07337032,matched,Gommersheim,Ortsgemeinde,1574,181925.00,115.58,181925.00,0.00,0.00,STATISTIKPORTAL_INTEGRATED_2024_T1
2024,07,07337,municipality,073375003035,07337035,matched,Großfischlingen,Ortsgemeinde,610,0.00,0.00,0.00,0.00,0.00,STATISTIKPORTAL_INTEGRATED_2024_T1
2024,07,07337,municipality,073375003036,07337036,matched,Hainfeld,Ortsgemeinde,910,0.00,0.00,0.00,0.00,0.00,STATISTIKPORTAL_INTEGRATED_2024_T1
2024,07,07337,municipality,073375003048,07337048,matched,Kleinfischlingen,Ortsgemeinde,324,0.00,0.00,0.00,0.00,0.00,STATISTIKPORTAL_INTEGRATED_2024_T1
2024,07,07337,municipality,073375003066,07337066,matched,Rhodt unter Rietburg,Ortsgemeinde,1147,181624.00,158.35,181624.00,0.00,0.00,STATISTIKPORTAL_INTEGRATED_2024_T1
2024,07,07337,municipality,073375003069,07337069,matched,Roschbach,Ortsgemeinde,868,245700.00,283.06,245700.00,0.00,0.00,STATISTIKPORTAL_INTEGRATED_2024_T1
2024,07,07337,municipality,073375003077,07337077,matched,Venningen,Ortsgemeinde,915,0.00,0.00,0.00,0.00,0.00,STATISTIKPORTAL_INTEGRATED_2024_T1
2024,07,07337,municipality,073375003084,07337084,matched,Weyher in der Pfalz,Ortsgemeinde,535,0.00,0.00,0.00,0.00,0.00,STATISTIKPORTAL_INTEGRATED_2024_T1
2024,07,07337,joint_administration,073375004,,not_applicable,Verbandsgemeinde Herxheim,Verbandsgemeinde,15582,5653288.25,362.81,3641712.00,0.00,2011576.25,STATISTIKPORTAL_INTEGRATED_2024_T1
2024,07,07337,municipality,073375004038,07337038,matched,Herxheim bei Landau/Pf.,Ortsgemeinde,10997,23673046.00,2152.68,15367846.00,0.00,8305200.00,STATISTIKPORTAL_INTEGRATED_2024_T1
2024,07,07337,municipality,073375004039,07337039,matched,Herxheimweyher,Ortsgemeinde,603,0.00,0.00,0.00,0.00,0.00,STATISTIKPORTAL_INTEGRATED_2024_T1
2024,07,07337,municipality,073375004044,07337044,matched,Insheim,Ortsgemeinde,2185,1460040.00,668.21,1460040.00,0.00,0.00,STATISTIKPORTAL_INTEGRATED_2024_T1
2024,07,07337,municipality,073375004068,07337068,matched,Rohrbach,Ortsgemeinde,1797,2392460.00,1331.36,2392460.00,0.00,0.00,STATISTIKPORTAL_INTEGRATED_2024_T1
2024,07,07337,joint_administration,073375005,,not_applicable,Verbandsgemeinde Landau-Land,Verbandsgemeinde,13988,5539563.12,396.02,1120039.00,0.00,4419524.12,STATISTIKPORTAL_INTEGRATED_2024_T1
2024,07,07337,municipality,073375005007,07337007,matched,Billigheim-Ingenheim,Ortsgemeinde,3830,0.00,0.00,0.00,0.00,0.00,STATISTIKPORTAL_INTEGRATED_2024_T1
2024,07,07337,municipality,073375005009,07337009,matched,Birkweiler,Ortsgemeinde,730,0.00,0.00,0.00,0.00,0.00,STATISTIKPORTAL_INTEGRATED_2024_T1
2024,07,07337,municipality,073375005012,07337012,matched,Böchingen,Ortsgemeinde,731,0.00,0.00,0.00,0.00,0.00,STATISTIKPORTAL_INTEGRATED_2024_T1
2024,07,07337,municipality,073375005022,07337022,matched,Eschbach,Ortsgemeinde,657,7350.00,11.19,7350.00,0.00,0.00,STATISTIKPORTAL_INTEGRATED_2024_T1
2024,07,07337,municipality,073375005026,07337026,matched,Frankweiler,Ortsgemeinde,896,0.00,0.00,0.00,0.00,0.00,STATISTIKPORTAL_INTEGRATED_2024_T1
2024,07,07337,municipality,073375005031,07337031,matched,Göcklingen,Ortsgemeinde,887,0.00,0.00,0.00,0.00,0.00,STATISTIKPORTAL_INTEGRATED_2024_T1
2024,07,07337,municipality,073375005040,07337040,matched,Heuchelheim-Klingen,Ortsgemeinde,810,255168.00,315.02,255168.00,0.00,0.00,STATISTIKPORTAL_INTEGRATED_2024_T1
2024,07,07337,municipality,073375005042,07337042,matched,Ilbesheim b.Landau/Pf.,Ortsgemeinde,1182,42597.00,36.04,42597.00,0.00,0.00,STATISTIKPORTAL_INTEGRATED_2024_T1
2024,07,07337,municipality,073375005043,07337043,matched,Impflingen,Ortsgemeinde,989,434998.00,439.84,434998.00,0.00,0.00,STATISTIKPORTAL_INTEGRATED_2024_T1
2024,07,07337,municipality,073375005050,07337050,matched,Knöringen,Ortsgemeinde,430,0.00,0.00,0.00,0.00,0.00,STATISTIKPORTAL_INTEGRATED_2024_T1
2024,07,07337,municipality,073375005051,07337051,matched,Leinsweiler,Ortsgemeinde,511,0.00,0.00,0.00,0.00,0.00,STATISTIKPORTAL_INTEGRATED_2024_T1
2024,07,07337,municipality,073375005065,07337065,matched,Ranschbach,Ortsgemeinde,638,10624.00,16.65,10624.00,0.00,0.00,STATISTIKPORTAL_INTEGRATED_2024_T1
2024,07,07337,municipality,073375005073,07337073,matched,Siebeldingen,Ortsgemeinde,1063,134850.00,126.86,134850.00,0.00,0.00,STATISTIKPORTAL_INTEGRATED_2024_T1
2024,07,07337,municipality,073375005082,07337082,matched,Walsheim,Ortsgemeinde,634,0.00,0.00,0.00,0.00,0.00,STATISTIKPORTAL_INTEGRATED_2024_T1
2024,07,07337,joint_administration,073375006,,not_applicable,Verbandsgemeinde Maikammer,Verbandsgemeinde,8149,4642458.64,569.70,4395380.00,0.00,247078.64,STATISTIKPORTAL_INTEGRATED_2024_T1
2024,07,07337,municipality,073375006047,07337047,matched,Kirrweiler (Pfalz),Ortsgemeinde,2060,344815.00,167.39,344815.00,0.00,0.00,STATISTIKPORTAL_INTEGRATED_2024_T1
2024,07,07337,municipality,073375006052,07337052,matched,Maikammer,Ortsgemeinde,4432,1014698.89,228.95,863821.00,0.00,150877.89,STATISTIKPORTAL_INTEGRATED_2024_T1
2024,07,07337,municipality,073375006070,07337070,matched,Sankt Martin,Ortsgemeinde,1657,732983.00,442.36,732983.00,0.00,0.00,STATISTIKPORTAL_INTEGRATED_2024_T1
2024,07,07337,joint_administration,073375007,,not_applicable,Verbandsgemeinde Offenbach a.d.Queich,Verbandsgemeinde,12891,12427504.75,964.05,5167540.00,0.00,7259964.75,STATISTIKPORTAL_INTEGRATED_2024_T1
2024,07,07337,municipality,073375007014,07337014,matched,Bornheim,Ortsgemeinde,1546,0.00,0.00,0.00,0.00,0.00,STATISTIKPORTAL_INTEGRATED_2024_T1
2024,07,07337,municipality,073375007023,07337023,matched,Essingen,Ortsgemeinde,2287,141913.00,62.05,141913.00,0.00,0.00,STATISTIKPORTAL_INTEGRATED_2024_T1
2024,07,07337,municipality,073375007041,07337041,matched,Hochstadt (Pfalz),Ortsgemeinde,2742,501300.00,182.82,501300.00,0.00,0.00,STATISTIKPORTAL_INTEGRATED_2024_T1
2024,07,07337,municipality,073375007061,07337061,matched,Offenbach an der Queich,Ortsgemeinde,6316,2576215.17,407.89,1381557.00,0.00,1194658.17,STATISTIKPORTAL_INTEGRATED_2024_T1
2024,07,07338,county_administration,07338,,not_applicable,Landkreis Rhein-Pfalz-Kreis,Landkreis,155807,107248647.96,688.34,67086514.00,2005727.12,38156406.84,STATISTIKPORTAL_INTEGRATED_2024_T1
2024,07,07338,municipality,073380004004,07338004,matched,Bobenheim-Roxheim,verbandsfreie Gemeinde,10015,3720723.88,371.52,2165633.00,1918.08,1553172.80,STATISTIKPORTAL_INTEGRATED_2024_T1
2024,07,07338,municipality,073380005005,07338005,matched,Böhl-Iggelheim,verbandsfreie Gemeinde,10571,9094701.72,860.34,0.00,640.27,9094061.45,STATISTIKPORTAL_INTEGRATED_2024_T1
2024,07,07338,municipality,073380017017,07338017,matched,Limburgerhof,verbandsfreie Gemeinde,11719,12616558.45,1076.59,11190281.00,0.00,1426277.45,STATISTIKPORTAL_INTEGRATED_2024_T1
2024,07,07338,municipality,073380019019,07338019,matched,Mutterstadt,verbandsfreie Gemeinde,13352,7409737.29,554.95,4174801.00,2570463.98,664472.31,STATISTIKPORTAL_INTEGRATED_2024_T1
2024,07,07338,municipality,073380025025,07338025,matched,"Schifferstadt,St",verbandsfreie Gemeinde,21405,26658051.90,1245.41,10698366.00,0.79,15959685.11,STATISTIKPORTAL_INTEGRATED_2024_T1
2024,07,07338,joint_administration,073385001,,not_applicable,Verbandsgemeinde Dannstadt-Schauernheim,Verbandsgemeinde,13556,15413828.55,1137.05,605543.00,3835.47,14804450.08,STATISTIKPORTAL_INTEGRATED_2024_T1
2024,07,07338,municipality,073385001006,07338006,matched,Dannstadt-Schauernheim,Ortsgemeinde,7540,4869741.31,645.85,4205269.00,0.00,664472.31,STATISTIKPORTAL_INTEGRATED_2024_T1
2024,07,07338,municipality,073385001014,07338014,matched,Hochdorf-Assenheim,Ortsgemeinde,3131,1965999.31,627.91,1301527.00,0.00,664472.31,STATISTIKPORTAL_INTEGRATED_2024_T1
2024,07,07338,municipality,073385001022,07338022,matched,Rödersheim-Gronau,Ortsgemeinde,2885,3446946.31,1194.78,2782474.00,0.00,664472.31,STATISTIKPORTAL_INTEGRATED_2024_T1
2024,07,07338,joint_administration,073385004,,not_applicable,Verbandsgemeinde Maxdorf,Verbandsgemeinde,12733,8264725.71,649.08,1304000.00,88175.83,6872549.88,STATISTIKPORTAL_INTEGRATED_2024_T1
2024,07,07338,municipality,073385004003,07338003,matched,Birkenheide,Ortsgemeinde,3107,1229702.31,395.78,565230.00,0.00,664472.31,STATISTIKPORTAL_INTEGRATED_2024_T1
2024,07,07338,municipality,073385004008,07338008,matched,Fußgönheim,Ortsgemeinde,2545,700472.31,275.23,36000.00,0.00,664472.31,STATISTIKPORTAL_INTEGRATED_2024_T1
2024,07,07338,municipality,073385004018,07338018,matched,Maxdorf,Ortsgemeinde,7081,1262298.31,178.27,597826.00,0.00,664472.31,STATISTIKPORTAL_INTEGRATED_2024_T1
2024,07,07338,joint_administration,073385006,,not_applicable,Verbandsgemeinde Lambsheim-Heßheim,Verbandsgemeinde,17033,3727299.84,218.83,2141981.00,5114.64,1580204.20,STATISTIKPORTAL_INTEGRATED_2024_T1
2024,07,07338,municipality,073385006002,07338002,matched,Beindersheim,Ortsgemeinde,3427,1343572.00,392.05,0.00,0.00,1343572.00,STATISTIKPORTAL_INTEGRATED_2024_T1
2024,07,07338,municipality,073385006009,07338009,matched,Großniedesheim,Ortsgemeinde,1387,363239.37,261.89,0.00,0.00,363239.37,STATISTIKPORTAL_INTEGRATED_2024_T1
2024,07,07338,municipality,073385006012,07338012,matched,Heßheim,Ortsgemeinde,3108,784386.47,252.38,0.00,0.00,784386.47,STATISTIKPORTAL_INTEGRATED_2024_T1
2024,07,07338,municipality,073385006013,07338013,matched,Heuchelheim b.Frankent.,Ortsgemeinde,1281,1145245.81,894.02,681984.00,0.00,463261.81,STATISTIKPORTAL_INTEGRATED_2024_T1
2024,07,07338,municipality,073385006015,07338015,matched,Kleinniedesheim,Ortsgemeinde,933,273745.61,293.40,0.00,0.00,273745.61,STATISTIKPORTAL_INTEGRATED_2024_T1
2024,07,07338,municipality,073385006016,07338016,matched,Lambsheim,Ortsgemeinde,6897,5925950.34,859.21,3430431.00,0.00,2495519.34,STATISTIKPORTAL_INTEGRATED_2024_T1
2024,07,07338,joint_administration,073385007,,not_applicable,Verbandsgemeinde Römerberg-Dudenhofen,Verbandsgemeinde,21527,5245107.00,243.65,3472386.00,0.00,1772721.00,STATISTIKPORTAL_INTEGRATED_2024_T1
2024,07,07338,municipality,073385007007,07338007,matched,Dudenhofen,Ortsgemeinde,6097,829907.31,136.12,0.00,0.00,829907.31,STATISTIKPORTAL_INTEGRATED_2024_T1
2024,07,07338,municipality,073385007010,07338010,matched,Hanhofen,Ortsgemeinde,2584,664472.31,257.15,0.00,0.00,664472.31,STATISTIKPORTAL_INTEGRATED_2024_T1
2024,07,07338,municipality,073385007011,07338011,matched,Harthausen,Ortsgemeinde,3209,1300743.31,405.34,636271.00,0.00,664472.31,STATISTIKPORTAL_INTEGRATED_2024_T1
2024,07,07338,municipality,073385007023,07338023,matched,Römerberg,Ortsgemeinde,9637,4341335.31,450.49,3676863.00,0.00,664472.31,STATISTIKPORTAL_INTEGRATED_2024_T1
2024,07,07338,joint_administration,073385008,,not_applicable,Verbandsgemeinde Rheinauen,Verbandsgemeinde,23896,8106834.96,339.25,0.00,0.00,8106834.96,STATISTIKPORTAL_INTEGRATED_2024_T1
2024,07,07338,municipality,073385008001,07338001,matched,Altrip,Ortsgemeinde,7671,2010806.27,262.13,1334990.00,0.00,675816.27,STATISTIKPORTAL_INTEGRATED_2024_T1
2024,07,07338,municipality,073385008020,07338020,matched,Neuhofen,Ortsgemeinde,6918,8515832.71,1230.97,7838756.00,0.00,677076.71,STATISTIKPORTAL_INTEGRATED_2024_T1
2024,07,07338,municipality,073385008021,07338021,matched,Otterstadt,Ortsgemeinde,3312,664472.31,200.63,0.00,0.00,664472.31,STATISTIKPORTAL_INTEGRATED_2024_T1
2024,07,07338,municipality,073385008026,07338026,matched,Waldsee,Ortsgemeinde,5995,1240242.27,206.88,564426.00,0.00,675816.27,STATISTIKPORTAL_INTEGRATED_2024_T1
2024,07,07339,county_administration,07339,,not_applicable,Landkreis Mainz-Bingen,Landkreis,206508,48437182.69,234.55,0.00,7755254.91,40681927.78,STATISTIKPORTAL_INTEGRATED_2024_T1
2024,07,07339,municipality,073390005005,07339005,matched,"Bingen am Rhein,St",verbandsfreie Gemeinde,25178,68547980.17,2722.53,29186503.00,443667.24,38917809.93,STATISTIKPORTAL_INTEGRATED_2024_T1
2024,07,07339,municipality,073390009009,07339009,matched,Budenheim,verbandsfreie Gemeinde,8141,24523097.29,3012.30,2543205.00,0.00,21979892.29,STATISTIKPORTAL_INTEGRATED_2024_T1
2024,07,07339,municipality,073390030030,07339030,matched,"Ingelheim am Rhein,St",verbandsfreie Gemeinde,35249,118473654.40,3361.05,1727732.00,7153702.89,109592219.51,STATISTIKPORTAL_INTEGRATED_2024_T1
2024,07,07339,joint_administration,073395001,,not_applicable,Verbandsgemeinde Rhein-Nahe,Verbandsgemeinde,14521,11823030.58,814.20,4721123.00,41269.48,7060638.10,STATISTIKPORTAL_INTEGRATED_2024_T1
2024,07,07339,municipality,073395001003,07339003,matched,"Bacharach,St",Ortsgemeinde,1598,1508520.86,944.01,1487185.00,5153.48,16182.38,STATISTIKPORTAL_INTEGRATED_2024_T1
2024,07,07339,municipality,073395001007,07339007,matched,Breitscheid,Ortsgemeinde,153,9202.72,60.15,0.00,5153.48,4049.24,STATISTIKPORTAL_INTEGRATED_2024_T1
2024,07,07339,municipality,073395001036,07339036,matched,Manubach,Ortsgemeinde,297,28451.67,95.80,15207.00,5153.48,8091.19,STATISTIKPORTAL_INTEGRATED_2024_T1
2024,07,07339,municipality,073395001038,07339038,matched,Münster-Sarmsheim,Ortsgemeinde,2973,1061252.48,356.96,1056099.00,5153.48,0.00,STATISTIKPORTAL_INTEGRATED_2024_T1
2024,07,07339,municipality,073395001040,07339040,matched,Niederheimbach,Ortsgemeinde,825,913837.48,1107.68,908684.00,5153.48,0.00,STATISTIKPORTAL_INTEGRATED_2024_T1
2024,07,07339,municipality,073395001044,07339044,matched,Oberdiebach,Ortsgemeinde,819,365316.67,446.05,352072.00,5153.48,8091.19,STATISTIKPORTAL_INTEGRATED_2024_T1
2024,07,07339,municipality,073395001045,07339045,matched,Oberheimbach,Ortsgemeinde,512,272114.48,531.47,266961.00,5153.48,0.00,STATISTIKPORTAL_INTEGRATED_2024_T1
2024,07,07339,municipality,073395001058,07339058,matched,Trechtingshausen,Ortsgemeinde,983,895518.48,911.01,890365.00,5153.48,0.00,STATISTIKPORTAL_INTEGRATED_2024_T1
2024,07,07339,municipality,073395001062,07339062,matched,Waldalgesheim,Ortsgemeinde,3971,920908.48,231.91,915755.00,5153.48,0.00,STATISTIKPORTAL_INTEGRATED_2024_T1
2024,07,07339,municipality,073395001063,07339063,matched,Weiler bei Bingen,Ortsgemeinde,2390,10346254.48,4328.98,10341101.00,5153.48,0.00,STATISTIKPORTAL_INTEGRATED_2024_T1
2024,07,07339,joint_administration,073395002,,not_applicable,Verbandsgemeinde Bodenheim,Verbandsgemeinde,19691,1638347.15,83.20,292682.00,0.00,1345665.15,STATISTIKPORTAL_INTEGRATED_2024_T1
2024,07,07339,municipality,073395002006,07339006,matched,Bodenheim,Ortsgemeinde,7694,10197184.00,1325.34,10197184.00,0.00,0.00,STATISTIKPORTAL_INTEGRATED_2024_T1
2024,07,07339,municipality,073395002020,07339020,matched,Gau-Bischofsheim,Ortsgemeinde,2115,2481515.00,1173.29,2481515.00,0.00,0.00,STATISTIKPORTAL_INTEGRATED_2024_T1
2024,07,07339,municipality,073395002026,07339026,matched,Harxheim,Ortsgemeinde,2251,2482904.00,1103.02,2482904.00,0.00,0.00,STATISTIKPORTAL_INTEGRATED_2024_T1
2024,07,07339,municipality,073395002034,07339034,matched,Lörzweiler,Ortsgemeinde,2286,7429916.00,3250.18,7429916.00,0.00,0.00,STATISTIKPORTAL_INTEGRATED_2024_T1
2024,07,07339,municipality,073395002039,07339039,matched,Nackenheim,Ortsgemeinde,5345,5546271.00,1037.66,5546271.00,0.00,0.00,STATISTIKPORTAL_INTEGRATED_2024_T1
2024,07,07339,joint_administration,073395003,,not_applicable,Verbandsgemeinde Gau-Algesheim,Verbandsgemeinde,16366,5180243.87,316.52,0.00,3837590.67,1342653.20,STATISTIKPORTAL_INTEGRATED_2024_T1
2024,07,07339,municipality,073395003001,07339001,matched,Appenheim,Ortsgemeinde,1389,0.00,0.00,0.00,0.00,0.00,STATISTIKPORTAL_INTEGRATED_2024_T1
2024,07,07339,municipality,073395003008,07339008,matched,Bubenheim,Ortsgemeinde,809,0.00,0.00,0.00,0.00,0.00,STATISTIKPORTAL_INTEGRATED_2024_T1
2024,07,07339,municipality,073395003016,07339016,matched,Engelstadt,Ortsgemeinde,739,0.00,0.00,0.00,0.00,0.00,STATISTIKPORTAL_INTEGRATED_2024_T1
2024,07,07339,municipality,073395003019,07339019,matched,"Gau-Algesheim,St",Ortsgemeinde,6565,3951777.34,601.95,2920283.00,0.00,1031494.34,STATISTIKPORTAL_INTEGRATED_2024_T1
2024,07,07339,municipality,073395003041,07339041,matched,Nieder-Hilbersheim,Ortsgemeinde,654,19223.00,29.39,19223.00,0.00,0.00,STATISTIKPORTAL_INTEGRATED_2024_T1
2024,07,07339,municipality,073395003046,07339046,matched,Ober-Hilbersheim,Ortsgemeinde,975,0.00,0.00,0.00,0.00,0.00,STATISTIKPORTAL_INTEGRATED_2024_T1
2024,07,07339,municipality,073395003048,07339048,matched,Ockenheim,Ortsgemeinde,2770,0.00,0.00,0.00,0.00,0.00,STATISTIKPORTAL_INTEGRATED_2024_T1
2024,07,07339,municipality,073395003051,07339051,matched,Schwabenheim a.d.Selz,Ortsgemeinde,2465,0.00,0.00,0.00,0.00,0.00,STATISTIKPORTAL_INTEGRATED_2024_T1
2024,07,07339,joint_administration,073395006,,not_applicable,Verbandsgemeinde Nieder-Olm,Verbandsgemeinde,32467,8878684.47,273.47,0.00,6140250.99,2738433.48,STATISTIKPORTAL_INTEGRATED_2024_T1
2024,07,07339,municipality,073395006017,07339017,matched,Essenheim,Ortsgemeinde,3447,1187163.08,344.40,811505.00,356730.41,18927.67,STATISTIKPORTAL_INTEGRATED_2024_T1
2024,07,07339,municipality,073395006031,07339031,matched,Jugenheim i.Rheinhessen,Ortsgemeinde,1650,187473.97,113.62,0.00,178028.03,9445.94,STATISTIKPORTAL_INTEGRATED_2024_T1
2024,07,07339,municipality,073395006032,07339032,matched,Klein-Winternheim,Ortsgemeinde,3616,404063.23,111.74,0.00,383704.35,20358.88,STATISTIKPORTAL_INTEGRATED_2024_T1
2024,07,07339,municipality,073395006042,07339042,matched,"Nieder-Olm, St",Ortsgemeinde,9619,1252544.14,130.22,242386.00,959260.88,50897.26,STATISTIKPORTAL_INTEGRATED_2024_T1
2024,07,07339,municipality,073395006047,07339047,matched,Ober-Olm,Ortsgemeinde,4494,1163694.95,258.94,672996.00,465974.88,24724.07,STATISTIKPORTAL_INTEGRATED_2024_T1
2024,07,07339,municipality,073395006054,07339054,matched,Sörgenloch,Ortsgemeinde,1244,144156.13,115.88,0.00,136892.77,7263.36,STATISTIKPORTAL_INTEGRATED_2024_T1
2024,07,07339,municipality,073395006057,07339057,matched,Stadecken-Elsheim,Ortsgemeinde,4818,3212385.23,666.75,2692571.00,493623.18,26191.05,STATISTIKPORTAL_INTEGRATED_2024_T1
2024,07,07339,municipality,073395006067,07339067,matched,Zornheim,Ortsgemeinde,3579,3703303.88,1034.73,3284683.00,397528.50,21092.38,STATISTIKPORTAL_INTEGRATED_2024_T1
2024,07,07339,joint_administration,073395007,,not_applicable,Verbandsgemeinde Rhein-Selz,Verbandsgemeinde,40422,23842232.34,589.83,12206450.00,6020427.25,5615355.09,STATISTIKPORTAL_INTEGRATED_2024_T1
2024,07,07339,municipality,073395007010,07339010,matched,Dalheim,Ortsgemeinde,1007,492643.00,489.22,492643.00,0.00,0.00,STATISTIKPORTAL_INTEGRATED_2024_T1
2024,07,07339,municipality,073395007011,07339011,matched,Dexheim,Ortsgemeinde,1433,0.00,0.00,0.00,0.00,0.00,STATISTIKPORTAL_INTEGRATED_2024_T1
2024,07,07339,municipality,073395007012,07339012,matched,Dienheim,Ortsgemeinde,2197,0.00,0.00,0.00,0.00,0.00,STATISTIKPORTAL_INTEGRATED_2024_T1
2024,07,07339,municipality,073395007013,07339013,matched,Dolgesheim,Ortsgemeinde,920,112593.00,122.38,112593.00,0.00,0.00,STATISTIKPORTAL_INTEGRATED_2024_T1
2024,07,07339,municipality,073395007015,07339015,matched,Eimsheim,Ortsgemeinde,493,330428.00,670.24,330428.00,0.00,0.00,STATISTIKPORTAL_INTEGRATED_2024_T1
2024,07,07339,municipality,073395007018,07339018,matched,Friesenheim,Ortsgemeinde,718,0.00,0.00,0.00,0.00,0.00,STATISTIKPORTAL_INTEGRATED_2024_T1
2024,07,07339,municipality,073395007024,07339024,matched,Guntersblum,Ortsgemeinde,3908,2718806.00,695.70,2718806.00,0.00,0.00,STATISTIKPORTAL_INTEGRATED_2024_T1
2024,07,07339,municipality,073395007025,07339025,matched,Hahnheim,Ortsgemeinde,1606,0.00,0.00,0.00,0.00,0.00,STATISTIKPORTAL_INTEGRATED_2024_T1
2024,07,07339,municipality,073395007028,07339028,matched,Hillesheim,Ortsgemeinde,678,289089.00,426.38,289089.00,0.00,0.00,STATISTIKPORTAL_INTEGRATED_2024_T1
2024,07,07339,municipality,073395007033,07339033,matched,Köngernheim,Ortsgemeinde,1273,1643509.00,1291.05,1643509.00,0.00,0.00,STATISTIKPORTAL_INTEGRATED_2024_T1
2024,07,07339,municipality,073395007035,07339035,matched,Ludwigshöhe,Ortsgemeinde,537,0.00,0.00,0.00,0.00,0.00,STATISTIKPORTAL_INTEGRATED_2024_T1
2024,07,07339,municipality,073395007037,07339037,matched,Mommenheim,Ortsgemeinde,3044,990861.00,325.51,990861.00,0.00,0.00,STATISTIKPORTAL_INTEGRATED_2024_T1
2024,07,07339,municipality,073395007043,07339043,matched,"Nierstein, St",Ortsgemeinde,8108,1401084.00,172.80,1401084.00,0.00,0.00,STATISTIKPORTAL_INTEGRATED_2024_T1
2024,07,07339,municipality,073395007049,07339049,matched,"Oppenheim,St",Ortsgemeinde,7108,3993319.00,561.81,3993319.00,0.00,0.00,STATISTIKPORTAL_INTEGRATED_2024_T1
2024,07,07339,municipality,073395007053,07339053,matched,Selzen,Ortsgemeinde,1515,133850.00,88.35,133850.00,0.00,0.00,STATISTIKPORTAL_INTEGRATED_2024_T1
2024,07,07339,municipality,073395007059,07339059,matched,Uelversheim,Ortsgemeinde,1062,18335.00,17.26,18335.00,0.00,0.00,STATISTIKPORTAL_INTEGRATED_2024_T1
2024,07,07339,municipality,073395007060,07339060,matched,Undenheim,Ortsgemeinde,2914,0.00,0.00,0.00,0.00,0.00,STATISTIKPORTAL_INTEGRATED_2024_T1
2024,07,07339,municipality,073395007064,07339064,matched,Weinolsheim,Ortsgemeinde,704,56467.00,80.21,56467.00,0.00,0.00,STATISTIKPORTAL_INTEGRATED_2024_T1
2024,07,07339,municipality,073395007066,07339066,matched,Wintersheim,Ortsgemeinde,286,505.00,1.77,505.00,0.00,0.00,STATISTIKPORTAL_INTEGRATED_2024_T1
2024,07,07339,municipality,073395007201,07339201,matched,Dorn-Dürkheim,Ortsgemeinde,911,824686.09,905.25,436054.00,0.00,388632.09,STATISTIKPORTAL_INTEGRATED_2024_T1
2024,07,07339,joint_administration,073395008,,not_applicable,Verbandsgemeinde Sprendlingen-Gensingen,Verbandsgemeinde,14473,22280931.44,1539.48,0.00,0.00,22280931.44,STATISTIKPORTAL_INTEGRATED_2024_T1
2024,07,07339,municipality,073395008002,07339002,matched,Aspisheim,Ortsgemeinde,868,212981.00,245.37,212981.00,0.00,0.00,STATISTIKPORTAL_INTEGRATED_2024_T1
2024,07,07339,municipality,073395008004,07339004,matched,Badenheim,Ortsgemeinde,646,0.00,0.00,0.00,0.00,0.00,STATISTIKPORTAL_INTEGRATED_2024_T1
2024,07,07339,municipality,073395008021,07339021,matched,Gensingen,Ortsgemeinde,3867,0.00,0.00,0.00,0.00,0.00,STATISTIKPORTAL_INTEGRATED_2024_T1
2024,07,07339,municipality,073395008022,07339022,matched,Grolsheim,Ortsgemeinde,1352,0.00,0.00,0.00,0.00,0.00,STATISTIKPORTAL_INTEGRATED_2024_T1
2024,07,07339,municipality,073395008029,07339029,matched,Horrweiler,Ortsgemeinde,856,230274.00,269.01,230274.00,0.00,0.00,STATISTIKPORTAL_INTEGRATED_2024_T1
2024,07,07339,municipality,073395008050,07339050,matched,Sankt Johann,Ortsgemeinde,873,758612.00,868.97,758612.00,0.00,0.00,STATISTIKPORTAL_INTEGRATED_2024_T1
2024,07,07339,municipality,073395008056,07339056,matched,Sprendlingen,Ortsgemeinde,3980,604287.00,151.83,604287.00,0.00,0.00,STATISTIKPORTAL_INTEGRATED_2024_T1
2024,07,07339,municipality,073395008065,07339065,matched,Welgesheim,Ortsgemeinde,576,0.00,0.00,0.00,0.00,0.00,STATISTIKPORTAL_INTEGRATED_2024_T1
2024,07,07339,municipality,073395008068,07339068,matched,Zotzenheim,Ortsgemeinde,643,0.00,0.00,0.00,0.00,0.00,STATISTIKPORTAL_INTEGRATED_2024_T1
2024,07,07339,municipality,073395008202,07339202,matched,Wolfsheim,Ortsgemeinde,812,0.00,0.00,0.00,0.00,0.00,STATISTIKPORTAL_INTEGRATED_2024_T1
2024,07,07340,county_administration,07340,,not_applicable,Landkreis Südwestpfalz,Landkreis,90294,81725384.58,905.10,52086253.00,328055.19,29311076.39,STATISTIKPORTAL_INTEGRATED_2024_T1
2024,07,07340,joint_administration,073405001,,not_applicable,Verbandsgemeinde Dahner Felsenland,Verbandsgemeinde,13639,60028019.68,4401.20,25286707.00,0.00,34741312.68,STATISTIKPORTAL_INTEGRATED_2024_T1
2024,07,07340,municipality,073405001001,07340001,matched,Bobenthal,Ortsgemeinde,256,122751.00,479.50,122751.00,0.00,0.00,STATISTIKPORTAL_INTEGRATED_2024_T1
2024,07,07340,municipality,073405001002,07340002,matched,Busenberg,Ortsgemeinde,1126,891087.00,791.37,891087.00,0.00,0.00,STATISTIKPORTAL_INTEGRATED_2024_T1
2024,07,07340,municipality,073405001004,07340004,matched,"Dahn,St",Ortsgemeinde,4289,4526292.00,1055.33,4526292.00,0.00,0.00,STATISTIKPORTAL_INTEGRATED_2024_T1
2024,07,07340,municipality,073405001009,07340009,matched,Erfweiler,Ortsgemeinde,1108,971521.00,876.82,971521.00,0.00,0.00,STATISTIKPORTAL_INTEGRATED_2024_T1
2024,07,07340,municipality,073405001010,07340010,matched,Erlenbach bei Dahn,Ortsgemeinde,342,355595.00,1039.75,355595.00,0.00,0.00,STATISTIKPORTAL_INTEGRATED_2024_T1
2024,07,07340,municipality,073405001011,07340011,matched,Fischbach bei Dahn,Ortsgemeinde,1394,1916846.00,1375.07,1916846.00,0.00,0.00,STATISTIKPORTAL_INTEGRATED_2024_T1
2024,07,07340,municipality,073405001021,07340021,matched,Hirschthal,Ortsgemeinde,79,63464.00,803.34,63464.00,0.00,0.00,STATISTIKPORTAL_INTEGRATED_2024_T1
2024,07,07340,municipality,073405001029,07340029,matched,Ludwigswinkel,Ortsgemeinde,741,677702.00,914.58,677702.00,0.00,0.00,STATISTIKPORTAL_INTEGRATED_2024_T1
2024,07,07340,municipality,073405001033,07340033,matched,Niederschlettenbach,Ortsgemeinde,281,192231.00,684.10,192231.00,0.00,0.00,STATISTIKPORTAL_INTEGRATED_2024_T1
2024,07,07340,municipality,073405001034,07340034,matched,Nothweiler,Ortsgemeinde,127,100497.00,791.31,100497.00,0.00,0.00,STATISTIKPORTAL_INTEGRATED_2024_T1
2024,07,07340,municipality,073405001039,07340039,matched,Rumbach,Ortsgemeinde,401,147684.00,368.29,147684.00,0.00,0.00,STATISTIKPORTAL_INTEGRATED_2024_T1
2024,07,07340,municipality,073405001043,07340043,matched,Schindhard,Ortsgemeinde,521,308123.00,591.41,308123.00,0.00,0.00,STATISTIKPORTAL_INTEGRATED_2024_T1
2024,07,07340,municipality,073405001045,07340045,matched,Schönau (Pfalz),Ortsgemeinde,394,335911.00,852.57,335911.00,0.00,0.00,STATISTIKPORTAL_INTEGRATED_2024_T1
2024,07,07340,municipality,073405001501,07340501,matched,Bruchweiler-Bärenbach,Ortsgemeinde,1545,685018.00,443.38,685018.00,0.00,0.00,STATISTIKPORTAL_INTEGRATED_2024_T1
2024,07,07340,municipality,073405001502,07340502,matched,Bundenthal,Ortsgemeinde,1035,655003.00,632.85,655003.00,0.00,0.00,STATISTIKPORTAL_INTEGRATED_2024_T1
2024,07,07340,joint_administration,073405002,,not_applicable,Verbandsgemeinde Hauenstein,Verbandsgemeinde,8138,11535554.03,1417.49,4019181.00,0.00,7516373.03,STATISTIKPORTAL_INTEGRATED_2024_T1
2024,07,07340,municipality,073405002005,07340005,matched,Darstein,Ortsgemeinde,184,103880.00,564.57,103880.00,0.00,0.00,STATISTIKPORTAL_INTEGRATED_2024_T1
2024,07,07340,municipality,073405002006,07340006,matched,Dimbach,Ortsgemeinde,184,0.00,0.00,0.00,0.00,0.00,STATISTIKPORTAL_INTEGRATED_2024_T1
2024,07,07340,municipality,073405002014,07340014,matched,Hauenstein,Ortsgemeinde,3530,8150531.50,2308.93,5893917.00,573096.50,1683518.00,STATISTIKPORTAL_INTEGRATED_2024_T1
2024,07,07340,municipality,073405002020,07340020,matched,Hinterweidenthal,Ortsgemeinde,1513,1839744.00,1215.96,1839744.00,0.00,0.00,STATISTIKPORTAL_INTEGRATED_2024_T1
2024,07,07340,municipality,073405002030,07340030,matched,Lug,Ortsgemeinde,564,0.00,0.00,0.00,0.00,0.00,STATISTIKPORTAL_INTEGRATED_2024_T1
2024,07,07340,municipality,073405002047,07340047,matched,Schwanheim,Ortsgemeinde,554,0.00,0.00,0.00,0.00,0.00,STATISTIKPORTAL_INTEGRATED_2024_T1
2024,07,07340,municipality,073405002049,07340049,matched,Spirkelbach,Ortsgemeinde,648,0.00,0.00,0.00,0.00,0.00,STATISTIKPORTAL_INTEGRATED_2024_T1
2024,07,07340,municipality,073405002057,07340057,matched,Wilgartswiesen,Ortsgemeinde,961,726757.50,756.25,153661.00,573096.50,0.00,STATISTIKPORTAL_INTEGRATED_2024_T1
2024,07,07340,joint_administration,073405003,,not_applicable,Verbandsgemeinde Pirmasens-Land,Verbandsgemeinde,11659,6635499.20,569.13,2509842.00,0.00,4125657.20,STATISTIKPORTAL_INTEGRATED_2024_T1
2024,07,07340,municipality,073405003008,07340008,matched,Eppenbrunn,Ortsgemeinde,1253,1098416.00,876.63,1098416.00,0.00,0.00,STATISTIKPORTAL_INTEGRATED_2024_T1
2024,07,07340,municipality,073405003019,07340019,matched,Hilst,Ortsgemeinde,320,0.00,0.00,0.00,0.00,0.00,STATISTIKPORTAL_INTEGRATED_2024_T1
2024,07,07340,municipality,073405003026,07340026,matched,Kröppen,Ortsgemeinde,685,279159.00,407.53,279159.00,0.00,0.00,STATISTIKPORTAL_INTEGRATED_2024_T1
2024,07,07340,municipality,073405003028,07340028,matched,Lemberg,Ortsgemeinde,3503,3129026.00,893.24,3129026.00,0.00,0.00,STATISTIKPORTAL_INTEGRATED_2024_T1
2024,07,07340,municipality,073405003036,07340036,matched,Obersimten,Ortsgemeinde,620,228866.00,369.14,228866.00,0.00,0.00,STATISTIKPORTAL_INTEGRATED_2024_T1
2024,07,07340,municipality,073405003040,07340040,matched,Ruppertsweiler,Ortsgemeinde,1456,846705.00,581.53,846705.00,0.00,0.00,STATISTIKPORTAL_INTEGRATED_2024_T1
2024,07,07340,municipality,073405003048,07340048,matched,Schweix,Ortsgemeinde,280,11481.00,41.00,11481.00,0.00,0.00,STATISTIKPORTAL_INTEGRATED_2024_T1
2024,07,07340,municipality,073405003052,07340052,matched,Trulben,Ortsgemeinde,1122,690254.00,615.20,690254.00,0.00,0.00,STATISTIKPORTAL_INTEGRATED_2024_T1
2024,07,07340,municipality,073405003053,07340053,matched,Vinningen,Ortsgemeinde,1696,62107.00,36.62,62107.00,0.00,0.00,STATISTIKPORTAL_INTEGRATED_2024_T1
2024,07,07340,municipality,073405003205,07340205,matched,Bottenbach,Ortsgemeinde,724,0.00,0.00,0.00,0.00,0.00,STATISTIKPORTAL_INTEGRATED_2024_T1
2024,07,07340,joint_administration,073405004,,not_applicable,Verbandsgemeinde Rodalben,Verbandsgemeinde,13564,6240283.51,460.06,785596.00,47250.95,5407436.56,STATISTIKPORTAL_INTEGRATED_2024_T1
2024,07,07340,municipality,073405004003,07340003,matched,Clausen,Ortsgemeinde,1396,383505.00,274.72,383505.00,0.00,0.00,STATISTIKPORTAL_INTEGRATED_2024_T1
2024,07,07340,municipality,073405004007,07340007,matched,Donsieders,Ortsgemeinde,908,237337.00,261.38,237337.00,0.00,0.00,STATISTIKPORTAL_INTEGRATED_2024_T1
2024,07,07340,municipality,073405004027,07340027,matched,Leimen,Ortsgemeinde,931,396066.00,425.42,396066.00,0.00,0.00,STATISTIKPORTAL_INTEGRATED_2024_T1
2024,07,07340,municipality,073405004031,07340031,matched,Merzalben,Ortsgemeinde,1185,86816.00,73.26,86816.00,0.00,0.00,STATISTIKPORTAL_INTEGRATED_2024_T1
2024,07,07340,municipality,073405004032,07340032,matched,Münchweiler a.d.Rodalb,Ortsgemeinde,2739,1089029.28,397.60,689496.00,47249.53,352283.75,STATISTIKPORTAL_INTEGRATED_2024_T1
2024,07,07340,municipality,073405004038,07340038,matched,"Rodalben,St",Ortsgemeinde,6405,1051595.00,164.18,1051595.00,0.00,0.00,STATISTIKPORTAL_INTEGRATED_2024_T1
2024,07,07340,joint_administration,073405006,,not_applicable,Verbandsgemeinde Waldfischbach-Burgalben,Verbandsgemeinde,11403,10076153.75,883.64,5879822.00,0.00,4196331.75,STATISTIKPORTAL_INTEGRATED_2024_T1
2024,07,07340,municipality,073405006012,07340012,matched,Geiselberg,Ortsgemeinde,773,0.00,0.00,0.00,0.00,0.00,STATISTIKPORTAL_INTEGRATED_2024_T1
2024,07,07340,municipality,073405006015,07340015,matched,Heltersberg,Ortsgemeinde,1933,0.00,0.00,0.00,0.00,0.00,STATISTIKPORTAL_INTEGRATED_2024_T1
2024,07,07340,municipality,073405006016,07340016,matched,Hermersberg,Ortsgemeinde,1658,381980.00,230.39,381980.00,0.00,0.00,STATISTIKPORTAL_INTEGRATED_2024_T1
2024,07,07340,municipality,073405006022,07340022,matched,Höheinöd,Ortsgemeinde,1172,461412.00,393.70,461412.00,0.00,0.00,STATISTIKPORTAL_INTEGRATED_2024_T1
2024,07,07340,municipality,073405006025,07340025,matched,Horbach,Ortsgemeinde,497,43142.00,86.80,43142.00,0.00,0.00,STATISTIKPORTAL_INTEGRATED_2024_T1
2024,07,07340,municipality,073405006044,07340044,matched,Schmalenberg,Ortsgemeinde,744,0.00,0.00,0.00,0.00,0.00,STATISTIKPORTAL_INTEGRATED_2024_T1
2024,07,07340,municipality,073405006050,07340050,matched,Steinalben,Ortsgemeinde,358,241886.00,675.66,241886.00,0.00,0.00,STATISTIKPORTAL_INTEGRATED_2024_T1
2024,07,07340,municipality,073405006054,07340054,matched,Waldfischbach-Burgalben,Ortsgemeinde,4268,1407095.00,329.68,930221.00,0.00,476874.00,STATISTIKPORTAL_INTEGRATED_2024_T1
2024,07,07340,joint_administration,073405008,,not_applicable,Verbandsgemeinde Zweibrücken-Land,Verbandsgemeinde,15360,12953074.71,843.30,3856847.00,273103.68,8823124.03,STATISTIKPORTAL_INTEGRATED_2024_T1
2024,07,07340,municipality,073405008201,07340201,matched,Althornbach,Ortsgemeinde,657,1208320.73,1839.15,389108.00,819212.73,0.00,STATISTIKPORTAL_INTEGRATED_2024_T1
2024,07,07340,municipality,073405008202,07340202,matched,Battweiler,Ortsgemeinde,627,416358.00,664.05,416358.00,0.00,0.00,STATISTIKPORTAL_INTEGRATED_2024_T1
2024,07,07340,municipality,073405008203,07340203,matched,Bechhofen,Ortsgemeinde,2053,697409.00,339.70,697409.00,0.00,0.00,STATISTIKPORTAL_INTEGRATED_2024_T1
2024,07,07340,municipality,073405008206,07340206,matched,Contwig,Ortsgemeinde,4375,2202672.73,503.47,1383460.00,819212.73,0.00,STATISTIKPORTAL_INTEGRATED_2024_T1
2024,07,07340,municipality,073405008207,07340207,matched,Dellfeld,Ortsgemeinde,1373,272220.00,198.27,272220.00,0.00,0.00,STATISTIKPORTAL_INTEGRATED_2024_T1
2024,07,07340,municipality,073405008208,07340208,matched,Dietrichingen,Ortsgemeinde,354,77542.00,219.05,77542.00,0.00,0.00,STATISTIKPORTAL_INTEGRATED_2024_T1
2024,07,07340,municipality,073405008209,07340209,matched,Großbundenbach,Ortsgemeinde,325,54733.00,168.41,54733.00,0.00,0.00,STATISTIKPORTAL_INTEGRATED_2024_T1
2024,07,07340,municipality,073405008210,07340210,matched,Großsteinhausen,Ortsgemeinde,593,322885.00,544.49,322885.00,0.00,0.00,STATISTIKPORTAL_INTEGRATED_2024_T1
2024,07,07340,municipality,073405008211,07340211,matched,"Hornbach,St",Ortsgemeinde,1381,1339941.00,970.27,1339941.00,0.00,0.00,STATISTIKPORTAL_INTEGRATED_2024_T1
2024,07,07340,municipality,073405008212,07340212,matched,Käshofen,Ortsgemeinde,615,0.00,0.00,0.00,0.00,0.00,STATISTIKPORTAL_INTEGRATED_2024_T1
2024,07,07340,municipality,073405008213,07340213,matched,Kleinbundenbach,Ortsgemeinde,412,25089.00,60.90,25089.00,0.00,0.00,STATISTIKPORTAL_INTEGRATED_2024_T1
2024,07,07340,municipality,073405008214,07340214,matched,Kleinsteinhausen,Ortsgemeinde,737,1364025.00,1850.78,1364025.00,0.00,0.00,STATISTIKPORTAL_INTEGRATED_2024_T1
2024,07,07340,municipality,073405008218,07340218,matched,Mauschbach,Ortsgemeinde,285,273103.68,958.26,0.00,273103.68,0.00,STATISTIKPORTAL_INTEGRATED_2024_T1
2024,07,07340,municipality,073405008221,07340221,matched,Riedelberg,Ortsgemeinde,433,0.00,0.00,0.00,0.00,0.00,STATISTIKPORTAL_INTEGRATED_2024_T1
2024,07,07340,municipality,073405008223,07340223,matched,Rosenkopf,Ortsgemeinde,358,68075.00,190.15,68075.00,0.00,0.00,STATISTIKPORTAL_INTEGRATED_2024_T1
2024,07,07340,municipality,073405008226,07340226,matched,Walshausen,Ortsgemeinde,317,8717.00,27.50,8717.00,0.00,0.00,STATISTIKPORTAL_INTEGRATED_2024_T1
2024,07,07340,municipality,073405008227,07340227,matched,Wiesbach,Ortsgemeinde,465,28843.00,62.03,28843.00,0.00,0.00,STATISTIKPORTAL_INTEGRATED_2024_T1
2024,07,07340,joint_administration,073405009,,not_applicable,Verbandsgemeinde Thaleischweiler-Wallhalben,Verbandsgemeinde,16531,36251756.22,2192.96,15049711.00,0.00,21202045.22,STATISTIKPORTAL_INTEGRATED_2024_T1
2024,07,07340,municipality,073405009017,07340017,matched,Herschberg,Ortsgemeinde,821,48908.00,59.57,48908.00,0.00,0.00,STATISTIKPORTAL_INTEGRATED_2024_T1
2024,07,07340,municipality,073405009018,07340018,matched,Hettenhausen,Ortsgemeinde,201,7962.48,39.61,0.00,0.00,7962.48,STATISTIKPORTAL_INTEGRATED_2024_T1
2024,07,07340,municipality,073405009023,07340023,matched,Höheischweiler,Ortsgemeinde,795,132467.00,166.63,132467.00,0.00,0.00,STATISTIKPORTAL_INTEGRATED_2024_T1
2024,07,07340,municipality,073405009024,07340024,matched,Höhfröschen,Ortsgemeinde,877,470694.00,536.71,470694.00,0.00,0.00,STATISTIKPORTAL_INTEGRATED_2024_T1
2024,07,07340,municipality,073405009035,07340035,matched,Nünschweiler,Ortsgemeinde,743,102472.00,137.92,102472.00,0.00,0.00,STATISTIKPORTAL_INTEGRATED_2024_T1
2024,07,07340,municipality,073405009037,07340037,matched,Petersberg,Ortsgemeinde,847,77148.00,91.08,77148.00,0.00,0.00,STATISTIKPORTAL_INTEGRATED_2024_T1
2024,07,07340,municipality,073405009041,07340041,matched,Saalstadt,Ortsgemeinde,307,33800.00,110.10,33800.00,0.00,0.00,STATISTIKPORTAL_INTEGRATED_2024_T1
2024,07,07340,municipality,073405009042,07340042,matched,Schauerberg,Ortsgemeinde,185,0.00,0.00,0.00,0.00,0.00,STATISTIKPORTAL_INTEGRATED_2024_T1
2024,07,07340,municipality,073405009051,07340051,matched,Thaleischw.-Fröschen,Ortsgemeinde,2751,1863062.00,677.23,1863062.00,0.00,0.00,STATISTIKPORTAL_INTEGRATED_2024_T1
2024,07,07340,municipality,073405009055,07340055,matched,Weselberg,Ortsgemeinde,1305,7962.48,6.10,0.00,0.00,7962.48,STATISTIKPORTAL_INTEGRATED_2024_T1
2024,07,07340,municipality,073405009204,07340204,matched,Biedershausen,Ortsgemeinde,176,7962.48,45.24,0.00,0.00,7962.48,STATISTIKPORTAL_INTEGRATED_2024_T1
2024,07,07340,municipality,073405009215,07340215,matched,Knopp-Labach,Ortsgemeinde,423,23732.00,56.10,23732.00,0.00,0.00,STATISTIKPORTAL_INTEGRATED_2024_T1
2024,07,07340,municipality,073405009216,07340216,matched,Krähenberg,Ortsgemeinde,160,151868.48,949.18,143906.00,0.00,7962.48,STATISTIKPORTAL_INTEGRATED_2024_T1
2024,07,07340,municipality,073405009217,07340217,matched,Maßweiler,Ortsgemeinde,919,717893.00,781.17,717893.00,0.00,0.00,STATISTIKPORTAL_INTEGRATED_2024_T1
2024,07,07340,municipality,073405009219,07340219,matched,Obernheim-Kirchenarnb.,Ortsgemeinde,1491,551761.48,370.06,543799.00,0.00,7962.48,STATISTIKPORTAL_INTEGRATED_2024_T1
2024,07,07340,municipality,073405009220,07340220,matched,Reifenberg,Ortsgemeinde,766,76266.00,99.56,76266.00,0.00,0.00,STATISTIKPORTAL_INTEGRATED_2024_T1
2024,07,07340,municipality,073405009222,07340222,matched,Rieschweiler-Mühlbach,Ortsgemeinde,2021,42123.00,20.84,42123.00,0.00,0.00,STATISTIKPORTAL_INTEGRATED_2024_T1
2024,07,07340,municipality,073405009224,07340224,matched,Schmitshausen,Ortsgemeinde,399,112937.48,283.05,104975.00,0.00,7962.48,STATISTIKPORTAL_INTEGRATED_2024_T1
2024,07,07340,municipality,073405009225,07340225,matched,Wallhalben,Ortsgemeinde,830,199537.48,240.41,191575.00,0.00,7962.48,STATISTIKPORTAL_INTEGRATED_2024_T1
2024,07,07340,municipality,073405009228,07340228,matched,Winterbach (Pfalz),Ortsgemeinde,514,348587.48,678.19,340625.00,0.00,7962.48,STATISTIKPORTAL_INTEGRATED_2024_T1
