Regionalschlüssel;Kreisname;fl_suv;fl_landw;Ifl_wald;bev_binw;bev_ausw;bev_u18;bev_18_65;bev_ue65;bev_ausl;preis_miet;preis_baul;fl_wohn;heiz_wohn;bquali_unifh;bquali_mabschl;bquali_oabschl;erw_wachs;erw_mini;erw_minineben;teilz_insg;teilz_w;teilz_m;erw_bip;alq;hh_veink;schulden;elterng_v;grusi_insg;grusi_w;grusi_m;sozsich;energie_wind;energie_solar;energie_bio;auto;pfl_ambu;pfl_stat;pfl_geld;schule_oabschl;kbetr_u3; kbetr_ue3;kbetr_ue6;kbtr_pks;kinder_bg;straft;einbr
1001000;Flensburg, Stadt;55,51;19,11;7,7;8,31;14,43;15,54;64,26;20,2;17,32;9,59;100 bis unter 200;49,5;5,16;17,7;59,93;14,83;0,96;9,06;5,23;37,9;56,6;19,2;79,08;8,6;22,77;12,56;33,5;7,7;7,8;7,5;13,72;Eher geringe Leistung;Eher geringe Leistung;Sehr geringe Leistung (untere Eher geringe Leistung0 % der Kreise);480,8;21,2;18,1;46,6;9,8;43,26;94,4;26,11;4,01;18,81;9023,52;103,81
1002000;Kiel, Landeshauptstadt;58,89;23,35;6,94;22,88;40,84;14,75;65,79;19,46;13,97;10,4;300 bis unter 500;47,1;8,01;24,59;55,51;12,78;1,06;9,65;5,48;36,3;53;20,2;80,5;8,1;24,71;8,77;43,2;7,4;7,2;7,7;14,21;Eher geringe Leistung;Sehr geringe Leistung (untere Eher geringe Leistung0 % der Kreise);Sehr geringe Leistung (untere Eher geringe Leistung0 % der Kreise);444,3;28,6;14,5;43,4;9,2;41,23;91,59;21,57;3,66;22,54;11132,4;78,36
1003000;Lübeck, Hansestadt;37,88;29,98;15,7;48,46;8,21;14,93;61,5;23,57;13,09;11,73;500 und mehr;49,6;22,63;16,73;60,98;14,07;1,16;8,9;6,53;34,7;52,4;18,3;91;8,4;25,8;10,96;43,2;6,9;6,7;7,1;13,27;Eher geringe Leistung;Sehr geringe Leistung (untere Eher geringe Leistung0 % der Kreise);Mittlere Leistung;474,9;17,9;22,9;44,4;14,1;42,02;98,85;14,86;4,66;19,45;9679,61;143,85
1004000;Neumünster, Stadt;52,04;37,47;4,61;-233,68;331,54;15,99;60,92;23,09;13,63;9,16;100 bis unter 200;53;18,95;10,72;64,79;15,33;1,54;9,06;5,97;30,5;52,5;13,1;79,86;8,5;24,72;15,78;27,9;5,4;5,5;5,3;16,74;Sehr geringe Leistung (untere Eher geringe Leistung0 % der Kreise);Sehr geringe Leistung (untere Eher geringe Leistung0 % der Kreise);Sehr geringe Leistung (untere Eher geringe Leistung0 % der Kreise);554,6;21,4;17,8;46,6;12,7;32,55;86,52;20,33;3,94;20,83;15812,75;146,6
1051000;Dithmarschen;11,33;75,14;3,82;49,08;23,23;15,73;57,98;26,29;8,26;9,43;100 bis unter 200;64,3;61,81;9,42;68,74;12,58;1,06;12,12;7,95;34,5;57,1;14;96,39;6,5;29,56;9,78;32,3;3;3;2,9;9,4;Sehr hohe Leistung (obere 20 % der Kreise);Sehr hohe Leistung (obere 20 % der Kreise);Sehr hohe Leistung (obere 20 % der Kreise);637,3;21,1;17;47,1;12,5;30,93;90,29;12,2;4,42;14,84;5337,18;104,15
1053000;Herzogtum Lauenburg;12,1;56,42;26,21;72,01;16,2;17,67;59,01;23,32;10,21;10,26;200 bis unter 300;58;72,37;12,28;65,51;12,82;0,99;11,04;8,6;36,7;58,4;14,6;78,57;5,3;29,65;7,41;44,4;3,3;3,3;3,2;8,07;Eher hohe Leistung;Mittlere Leistung;Eher hohe Leistung;603,5;20,5;17,4;49,3;12,9;41,96;87,74;14,87;4,82;11,5;4640,82;92,13
1054000;Nordfriesland;11,08;75,75;4,26;-172,38;243,96;15,69;58,67;25,64;9,63;10,71;100 bis unter 200;63,1;43,13;9,85;67,78;12,05;0,91;10,26;8,96;34,9;55,7;14,4;81,98;5,1;33,18;8,06;37,6;2,2;2,1;2,2;6,63;Sehr hohe Leistung (obere 20 % der Kreise);Sehr hohe Leistung (obere 20 % der Kreise);Sehr hohe Leistung (obere 20 % der Kreise);638,4;23,5;16,5;47,5;12,2;45,7;93,52;20,11;5,28;10;16231,35;98,81
1055000;Ostholstein;12,5;71,18;10,15;83,83;12,31;14,17;56,88;28,95;7,74;11,44;300 bis unter 500;60,2;46,59;10,48;67,12;12,22;1;11,48;8,2;37,7;55,8;18;74,45;5;30,84;7,69;40,7;3;3;3;7;Sehr hohe Leistung (obere 20 % der Kreise);Mittlere Leistung;Eher hohe Leistung;659,4;16,2;22,6;46,9;12,4;44,35;97,6;15,04;4,79;10,09;6171,58;94,31
1056000;Pinneberg;22,17;60,73;8,76;55,68;33,79;17,1;60,13;22,77;13,67;12,43;300 bis unter 500;54;49,94;14,5;61,34;13,56;0,59;10,65;8,64;34,3;55,7;14,7;84,48;5,6;31,29;7,17;42;3,5;3,6;3,5;8,42;Mittlere Leistung;Sehr geringe Leistung (untere Eher geringe Leistung0 % der Kreise);Eher hohe Leistung;560,9;19,1;18,4;48,7;9,3;37,96;86,4;16,25;4,32;13,53;6692,95;119,92
1057000;Plön;10,11;67,41;11,42;78,4;1,61;16,17;56,26;27,57;5,71;10,83;200 bis unter 300;61,2;60,62;12,18;66;14,01;0,86;14,24;9,2;41,7;63,5;20,4;73,9;4,4;30,28;6,53;43,9;2,5;2,4;2,6;7,2;Mittlere Leistung;Mittlere Leistung;Eher hohe Leistung;643,7;16,5;17,9;50,1;9,2;44,81;93,11;14,58;4,36;10,78;3786,88;81,92
1058000;Rendsburg-Eckernförde;11,66;69,22;11,71;6,11;60,85;16,75;58,43;24,81;6,79;9,98;200 bis unter 300;60,1;47,45;13,47;66,3;13,03;1,09;11,35;7,7;35,1;57,9;14,6;82,83;4,7;31,19;6,77;42,7;2,6;2,7;2,5;7,09;Sehr hohe Leistung (obere 20 % der Kreise);Sehr hohe Leistung (obere 20 % der Kreise);Sehr hohe Leistung (obere 20 % der Kreise);653,9;20,7;18,7;47,2;11,4;47,68;94,59;14,72;4,47;9,98;4120,36;70,85
1059000;Schleswig-Flensburg;11,29;73,59;7,16;108,19;-9,98;17,2;57,53;25,28;6,56;9,17;100 bis unter 200;62,9;46,74;9,53;66,36;13,61;1,42;12,02;9,22;36,8;59;15,1;82,02;5,7;28,29;8,47;39,7;2,9;3;2,8;7,72;Sehr hohe Leistung (obere 20 % der Kreise);Sehr hohe Leistung (obere 20 % der Kreise);Sehr hohe Leistung (obere 20 % der Kreise);660;24,5;18,8;44,2;12,1;49,79;92,22;16,12;4,85;10,24;4613,28;71,54
1060000;Segeberg;14,09;64,25;17,38;1,62;91,09;17,1;60,28;22,62;10,77;12,12;200 bis unter 300;57,1;51,61;14,36;62,31;13,89;1,11;9,96;9,15;30,9;51,6;12,9;84,21;5,1;30,3;7,13;44,6;3,4;3,4;3,3;7,55;Sehr hohe Leistung (obere 20 % der Kreise);Eher hohe Leistung;Sehr hohe Leistung (obere 20 % der Kreise);625,6;20,6;19,7;45,7;7,8;41,27;89,65;39,42;4,1;10,4;6318,55;78,29
1061000;Steinburg;11,56;71,22;9,22;89,66;2,41;16,3;59,74;23,96;8,55;9,14;100 bis unter 200;60,3;56,24;11,93;66,98;13;0,68;10,69;8,09;34,3;55,9;12,5;81,21;5,9;29,08;9,31;38,4;3,3;3,5;3,1;8,39;Sehr hohe Leistung (obere 20 % der Kreise);Sehr hohe Leistung (obere 20 % der Kreise);Eher hohe Leistung;638,6;17,4;18;50,6;9,6;41,99;92,39;13,55;5,04;11,15;5798,95;89,66
1062000;Stormarn;18,42;64,47;14;70,94;14,7;17,67;58,33;24;9,58;12,37;300 bis unter 500;55,5;49,38;13,91;61,99;13,21;1,41;9,85;8,17;30,4;52,5;13;84,88;4,5;33,17;5,28;48;3,2;3,2;3,1;6,65;Mittlere Leistung;Sehr geringe Leistung (untere Eher geringe Leistung0 % der Kreise);Mittlere Leistung;634,5;27,2;20,5;40,2;8,1;45,86;91,84;18,02;4,63;9,21;5261,28;146,17
2000000;Hamburg, Freie und Hansestadt;58,63;22,73;8,3;-12,99;79,91;16,98;64,98;18,04;19,28;14,68;500 und mehr;47,4;16,14;29,28;47,89;12,33;1,32;7;6,76;30,1;45,6;16,7;113,84;8,3;30,41;8,23;46,3;10;9,6;10,4;13,64;Eher hohe Leistung;Sehr geringe Leistung (untere Eher geringe Leistung0 % der Kreise);Sehr hohe Leistung (obere 20 % der Kreise);431,7;26,9;14,6;47,7;6,4;53,29;94,41;8,49;6;19,02;11787,62;161,5
3101000;Braunschweig, Stadt;47,22;36,02;13,38;-131,13;149,27;14,75;63,64;21,61;12,68;10,19;300 bis unter 500;52,9;21,67;25,06;56,36;12,12;0,94;9,08;5,89;32,1;50,9;15,4;124,35;6,3;27,61;7,09;54;4,5;4,5;4,4;9,44;Eher geringe Leistung;Sehr geringe Leistung (untere Eher geringe Leistung0 % der Kreise);Eher geringe Leistung;556,4;20,4;16,7;51,2;6,9;44,38;95,18;41,87;3,79;12,96;8417,47;80,25
3102000;Salzgitter, Stadt;28,89;49,24;18,02;-39,25;73,45;18,54;58,6;22,86;21,27;6,44;50 bis unter 100;49,9;74,52;15,62;63,73;11,49;0,43;6,68;4,38;22,9;51,4;8,4;99,69;10,1;23,63;11,63;27,5;4,4;4,7;4;14,32;Eher hohe Leistung;Eher geringe Leistung;Sehr geringe Leistung (untere Eher geringe Leistung0 % der Kreise);550,6;11,5;13,6;61,7;8,2;19,63;86,7;18,12;4,3;22,14;6626,66;59,06
3103000;Wolfsburg, Stadt;31,81;39,92;24,08;28,02;33,03;17,83;60,01;22,16;18,26;8,99;200 bis unter 300;56,2;45,87;30,15;55,12;6,64;0,24;4,51;3,17;17,4;40,7;5,3;175,15;6,6;27,65;6,42;45,5;3,5;3,7;3,2;9,65;Eher geringe Leistung;Sehr geringe Leistung (untere Eher geringe Leistung0 % der Kreise);Eher geringe Leistung;975,6;12,9;11,9;63,4;7,6;39,97;89,71;10,39;3,49;14,71;7980,09;98,02
3151000;Gifhorn;11,31;50,32;35,02;24,72;8,01;18,72;59,02;22,27;8,36;9;100 bis unter 200;63,2;87,33;15,66;63,76;12,97;0,94;11,4;6,54;37,8;61,9;13,4;79,56;4,7;29,4;6,34;52,6;2,2;2,2;2,2;6,43;Sehr hohe Leistung (obere 20 % der Kreise);Mittlere Leistung;Sehr hohe Leistung (obere 20 % der Kreise);643,3;14,4;12,7;62,2;9,2;36,84;94,83;16,61;4,42;8,11;4376,42;72,75
3153000;Goslar;11,23;27,77;58,27;-67,05;103,81;13,99;57,55;28,46;10,87;7,14;50 bis unter 100;60;53,49;12,23;69,84;11,96;-0,15;11,23;6,5;35,6;57,1;14,5;76,23;7,2;28,46;10,83;40,3;4,6;4,5;4,8;10,81;Mittlere Leistung;Eher hohe Leistung;Mittlere Leistung;641,5;19,3;19;50,8;9,2;41,11;96,46;21,92;5,5;17,33;6670,08;79,67
3154000;Helmstedt;12,55;58,47;25,69;29,48;-8,42;16,56;58,72;24,73;9,22;7,31;50 bis unter 100;64,7;73,54;11,1;65,79;16,79;0,99;9,09;4,92;33,5;52,2;11,7;77,88;7,2;28,64;9,33;46,6;3;3,2;2,8;8,97;Eher hohe Leistung;Mittlere Leistung;Mittlere Leistung;643;17;19,2;50;9,6;41,94;96,06;16,89;5,48;12,32;6802,84;113,05
3155000;Northeim;11,68;48,05;38,89;27,78;4,46;15,49;57,44;27,07;8,59;7;50 bis unter 100;65,2;81,36;11,92;69,8;12,33;0,32;10,66;6,78;33,7;59,2;11,8;71,13;6,5;28,71;8,77;38,3;3,4;3,5;3,2;9,22;Eher hohe Leistung;Eher hohe Leistung;Eher hohe Leistung;721,3;23,1;15,4;50,2;7,2;40,86;99,11;15,73;4,56;13,63;5451,23;87,56
3157000;Peine;18,23;67,85;10,61;44,66;6,79;18,3;59,27;22,43;10,23;9,08;100 bis unter 200;58,7;78,86;11,7;63,98;15,45;0,48;12,31;8,04;35,3;59,3;12,9;79,47;6;27,54;7,64;48,3;2,7;2,8;2,5;8,88;Sehr hohe Leistung (obere 20 % der Kreise);Eher geringe Leistung;Eher hohe Leistung;644,3;13,1;15,2;59,3;8,2;38,47;90,72;17,28;3,86;13,28;5674,05;61,29
3158000;Wolfenbüttel;11,9;67,16;19,48;31,53;11,5;16,26;58,6;25,13;8,07;8,22;100 bis unter 200;63,4;78,5;15,54;67;11,11;0,52;12,59;7,05;40,1;59,7;16,7;81,35;5,5;28,23;6,84;48,5;2,9;3;2,8;8,37;Eher hohe Leistung;Mittlere Leistung;Mittlere Leistung;653,8;14,2;15,7;56,8;9;44,58;96,54;20,97;4,74;11,91;4554,06;59,18
3159000;Göttingen;13,85;42,06;42,45;-271,26;306,74;15,12;60,53;24,35;11,78;9,93;50 bis unter 100;60,8;77,26;20,12;61,75;12,73;0,54;10,66;5,88;36,3;55,7;17,7;78,77;6,7;26,18;7,33;49,7;4,3;4,2;4,5;8,71;Eher hohe Leistung;Eher hohe Leistung;Eher hohe Leistung;564,3;17,9;17,4;54;8,2;41,13;93,51;18,51;3,93;12,53;7946,58;76,52
3241000;Region Hannover;22,58;51,32;20,43;20,12;33,2;16,6;61,51;21,89;16,5;10,53;200 bis unter 300;55,6;54,89;21,53;57,46;13;0,94;8,97;7,04;31;49,2;15,5;92,23;8,1;27,68;8,49;47,5;6,7;6,6;6,8;12,41;Sehr hohe Leistung (obere 20 % der Kreise);Mittlere Leistung;Sehr hohe Leistung (obere 20 % der Kreise);528,1;18,9;15,3;54,8;8,3;39,81;97,41;24,53;4,34;17,99;9692,01;139,1
3251000;Diepholz;12,84;69,73;10,33;60,53;7,05;17,15;59,06;23,79;9,91;8,95;100 bis unter 200;65,8;79,13;9,45;66,87;13,03;1;12,6;10,19;34,8;59,8;12,8;81,77;4,4;30,09;7,72;45,9;3,3;3,5;3;6,86;Sehr hohe Leistung (obere 20 % der Kreise);Mittlere Leistung;Sehr hohe Leistung (obere 20 % der Kreise);669,8;20,4;12,9;54,4;6,8;37,97;96,67;18,65;3,36;10,08;5074,55;85,89
3252000;Hameln-Pyrmont;14,56;51,65;31,97;31,96;17,91;16,37;57,47;26,16;12,85;7,6;100 bis unter 200;63;75,63;13,48;66,83;12,06;0,29;9,85;6,76;36,4;57,1;14,7;82,26;7;27,27;9,44;39,2;4,3;4,3;4,3;11,12;Eher hohe Leistung;Eher geringe Leistung;Sehr hohe Leistung (obere 20 % der Kreise);632,9;19,3;17,4;51,9;8,4;33,37;91,59;21,25;4,64;17,7;5338,77;81,89
3254000;Hildesheim;15,53;57,86;24,57;26,92;9,46;16,01;59,65;24,33;10,34;8,61;200 bis unter 300;61,5;61,34;16,18;65,31;12,81;0,43;11,47;6,52;35,1;56,7;14,6;75,86;7,5;27,63;8,53;45,6;3,6;3,6;3,6;10,32;Eher hohe Leistung;Mittlere Leistung;Sehr hohe Leistung (obere 20 % der Kreise);619,2;19,8;14,8;53,6;8,9;38,82;99,18;22,67;4,36;14,47;6195,75;81,87
3255000;Holzminden;10,65;41,22;46,39;-21,65;43,61;15,75;56,98;27,27;9,98;6,77;50 bis unter 100;67,3;45,95;12;69,71;12,88;0,69;10,43;6,03;30,4;56,4;10,2;86,34;7,2;28,94;10,56;38;3,8;3,9;3,7;9,95;Mittlere Leistung;Eher geringe Leistung;Eher geringe Leistung;703,8;23,8;15,8;48,3;12,7;36,08;101,31;20,83;4,18;15,56;4996,87;83,87
3256000;Nienburg (Weser);11,52;62,93;19,71;26,67;16,05;17,25;59,03;23,71;10,15;8,17;50 bis unter 100;69,3;72,77;8,95;68,55;14,55;0,71;10,73;6,99;33,1;58,4;11,7;79,58;6;26,77;8,95;40,3;3,8;4;3,5;10,06;Sehr hohe Leistung (obere 20 % der Kreise);Eher hohe Leistung;Sehr hohe Leistung (obere 20 % der Kreise);665,6;19,1;15,2;53,5;9,2;36,64;92,81;12,38;3,57;15,23;5475,52;111,14
3257000;Schaumburg;18,08;53,14;26,33;45,46;18,11;16,03;58,14;25,83;10,22;8,24;50 bis unter 100;64,4;71,43;10,07;68,39;13,89;0,84;11,08;6,88;35,6;59,3;12,2;73,3;6,3;28,06;8,73;45,8;3,4;3,6;3,3;8,55;Mittlere Leistung;Mittlere Leistung;Mittlere Leistung;674,4;20,2;17;52,7;9,8;37,17;96,41;19,43;4,38;11,68;5879,2;70,77
3351000;Celle;12,04;36,72;46,53;39,43;-1,68;17,33;58,06;24,61;9,1;8,44;100 bis unter 200;61,9;54,59;12,43;67,36;12,74;0,52;10,07;6,99;33,2;56,3;11,5;82,02;6,1;27,28;8,71;42,2;4,7;4,6;4,8;9,73;Eher hohe Leistung;Eher hohe Leistung;Sehr hohe Leistung (obere 20 % der Kreise);665,7;15,3;16,3;57;8,9;39,04;102,1;14,32;3,7;12,28;7119,21;85,24
3352000;Cuxhaven;11,75;71,81;9,59;50,19;-2,82;16,43;56,91;26,65;7,25;9,35;50 bis unter 100;60,8;59,74;8,63;67,65;14,04;1,11;13,41;9,19;36,1;58,7;13;80,67;5,9;28,46;8,13;40,2;2,6;2,7;2,5;7,46;Sehr hohe Leistung (obere 20 % der Kreise);Mittlere Leistung;Sehr hohe Leistung (obere 20 % der Kreise);655,3;18,1;15,5;54,2;9,5;39,49;98,04;24,12;4,29;11,07;4681,61;75,44
3353000;Harburg;17,21;50,08;28,28;68,72;8,16;17,22;59,67;23,11;9,71;12,06;200 bis unter 300;60,1;56,16;11,34;62,56;14,21;1,66;11,97;9,37;34,8;58,4;13,9;77,23;4,8;31,94;5,82;49,1;2,8;2,8;2,7;6,37;Eher hohe Leistung;Mittlere Leistung;Eher hohe Leistung;655,1;20,6;14,2;54,2;4,8;42,44;95,73;30,28;4,13;8,88;5130,82;134,28
3354000;Lüchow-Dannenberg;8,39;50,54;37,83;65,37;-13,33;15,02;55,05;29,93;6,92;6,57;bis unter 50;67,1;90,7;10,7;71,2;9,51;0,37;10,74;6,39;43,4;65,5;19,3;75,25;7,7;26,61;9,19;50,6;3,3;3;3,7;8,9;Eher hohe Leistung;Mittlere Leistung;Eher hohe Leistung;694;27,6;18,1;43,1;8,8;37,09;101,17;22,39;3,84;11,59;6436,28;86,02
3355000;Lüneburg;11,87;50,71;33,59;44,53;0;17;61,53;21,47;8,17;11,12;100 bis unter 200;61;50,58;17,24;63,11;13,29;1,11;10,95;7,05;36,8;57,1;16,8;76,34;6,1;28,54;6,89;49,4;3,7;3,5;3,9;8,74;Sehr hohe Leistung (obere 20 % der Kreise);Eher geringe Leistung;Sehr hohe Leistung (obere 20 % der Kreise);609;22,3;17,1;49,5;7,6;43,13;102,19;26,95;4,11;10,97;7945,48;127,06
3356000;Osterholz;15,7;64,57;14,02;45,69;-5,63;17,34;57,78;24,88;6,98;9,46;50 bis unter 100;61,6;65,84;10,58;67,19;13,47;0,9;13,25;9,46;41,1;65,1;16,2;73,88;3,6;29,7;6,12;51,4;2,7;2,7;2,6;5,77;Eher hohe Leistung;Mittlere Leistung;Mittlere Leistung;667,9;17,9;15,2;56,3;7,1;40,97;96,64;17,83;2,86;7,38;4050,25;99,47
3357000;Rotenburg (Wümme);11,21;65,68;17,73;49,06;14,77;16,93;60,16;22,91;8,69;9,03;50 bis unter 100;67,2;70,19;9,66;69,2;13,68;0,63;11,64;9,08;34,2;58,6;11,3;82,47;4;29,69;7,06;48,1;3;3,1;2,9;5,95;Sehr hohe Leistung (obere 20 % der Kreise);Eher geringe Leistung;Sehr hohe Leistung (obere 20 % der Kreise);735,7;15,7;14,6;58,7;9,7;36,32;97,43;14,97;3,62;6,6;5603,84;117,54
3358000;Heidekreis;10,75;39,14;41,75;18,89;20,38;16,81;59,36;23,82;9,41;8,35;50 bis unter 100;64,8;70,97;8,57;69,37;14,09;0,65;11,18;7,67;34,6;58,5;12,7;80,43;6,5;26,7;8,59;38,3;3,3;3,4;3,1;7,71;Sehr hohe Leistung (obere 20 % der Kreise);Mittlere Leistung;Sehr hohe Leistung (obere 20 % der Kreise);655,3;17,3;15;56,3;8;33,4;95,09;14,77;4,07;12,04;7507,73;154,26
3359000;Stade;12,75;69,67;7,55;28,79;6,5;17,73;59,55;22,72;10,86;10,59;100 bis unter 200;60,4;65,65;11,69;65,85;13,16;0,57;12,79;8,36;34,9;58,4;11,9;85,78;6;29,5;7,43;46;3;3,2;2,8;8,93;Sehr hohe Leistung (obere 20 % der Kreise);Eher geringe Leistung;Eher hohe Leistung;631,4;15,6;15,3;58,1;8,4;37,07;94,95;20,17;4,21;14,55;4820,9;72,7
3360000;Uelzen;9,09;52,45;36,28;77,48;-12,22;15,62;57,96;26,42;8,57;8,64;50 bis unter 100;65,6;85,09;11,5;68,66;12,12;0,57;9,97;6,56;36,4;57,2;14;80,07;5,1;27,53;9,36;40;3,6;3,5;3,8;8;Sehr hohe Leistung (obere 20 % der Kreise);Mittlere Leistung;Sehr hohe Leistung (obere 20 % der Kreise);647,1;22;20,2;46,1;7,5;37,02;95,81;21,95;3,9;11,6;6686,09;80,75
3361000;Verden;15,33;66,57;13,74;49,41;15,8;18,11;58,3;23,59;9,65;9,85;100 bis unter 200;63,7;63,9;12,61;62,1;16;1,55;10,17;7,48;32,1;56,7;12;76,19;4,1;30,05;6,57;48,5;3,1;3,2;2,9;6,5;Eher hohe Leistung;Mittlere Leistung;Eher hohe Leistung;650,9;9;19;60,4;5,3;35,63;92,09;20,06;3,35;8,64;5375,61;121,19
3401000;Delmenhorst, Stadt;49,7;44,37;3,71;36,24;-43,73;17,83;59,79;22,39;17,93;8,95;200 bis unter 300;53,9;44,44;10,62;61,65;15,1;1,15;13;7,99;39,1;59,2;17,8;71,3;10,8;22,78;12,58;28;7;6,9;7,2;14,1;Eher geringe Leistung;Sehr geringe Leistung (untere Eher geringe Leistung0 % der Kreise);Sehr geringe Leistung (untere Eher geringe Leistung0 % der Kreise);537,1;13,8;10;63,6;11,5;25,24;76,09;15,31;3,97;18,14;6026,58;85,99
3402000;Emden, Stadt;28,94;59,59;2,34;-13,41;-30,28;16,82;60,93;22,25;13;8,01;100 bis unter 200;56,7;27,03;10,3;70,01;10,14;0,36;8,17;4,68;21,6;48,3;6,6;96,97;9;23,61;12,32;31,9;4,7;5;4,3;12,99;Eher hohe Leistung;Eher geringe Leistung;Eher hohe Leistung;524,3;15,8;12,6;57,2;16,1;32,08;92,07;16,18;4,06;19,85;8778,1;71,14
3403000;Oldenburg (Oldenburg), Stadt;59,43;27,91;7,14;-98,29;142,74;15,35;64,44;20,21;12,33;11,08;300 bis unter 500;57,7;61,6;23,2;57,2;12,38;0,94;10,04;6,92;38,2;55,6;19,6;80,72;6,9;25,95;8,13;50;5,6;5,5;5,7;10,99;Eher geringe Leistung;Eher geringe Leistung;Eher geringe Leistung;522,3;18,1;13,3;56;9,3;43,67;96,42;23,65;3,61;16,45;7869,14;92,86
3404000;Osnabrück, Stadt;50,18;29,87;17,39;-61,18;105,33;15,1;65,53;19,38;16,56;10,39;300 bis unter 500;53,3;50,43;20,8;57,54;14,04;0,9;11,08;8,28;36,9;56,5;17,1;76,55;8,1;28,49;10,65;49,6;7;7,3;6,7;11,38;Eher geringe Leistung;Sehr geringe Leistung (untere Eher geringe Leistung0 % der Kreise);Sehr geringe Leistung (untere Eher geringe Leistung0 % der Kreise);540,4;28,7;12,4;48;7;39,47;95,29;36,2;3,95;17,48;10208,54;78,89
3405000;Wilhelmshaven, Stadt;44,54;38,47;10,34;-5,54;57,17;15,05;59,01;25,94;13,74;6,94;100 bis unter 200;55,9;80;12,39;64,76;13,85;-0,02;7,88;5,01;33;54,4;15,2;81,9;11,1;22,81;14,38;23,4;5,9;5,8;5,9;16,44;Eher hohe Leistung;Eher geringe Leistung;Sehr geringe Leistung (untere Eher geringe Leistung0 % der Kreise);535,9;13,8;16,4;56,3;15,8;26,48;83,82;16,91;3,89;27,82;9697,01;180,87
3451000;Ammerland;17,67;67,43;11,02;73,11;11,12;17,15;58,25;24,6;8,2;10,49;200 bis unter 300;66,7;54,41;10,06;67,53;12,86;1,83;10,56;7,91;30,6;54,2;10,7;78,55;4,1;28,7;6,36;51,9;2,9;3;2,7;6,69;Mittlere Leistung;Eher hohe Leistung;Eher hohe Leistung;658,1;17,1;11,2;60,4;9;44,91;97,43;14,36;4,5;9,03;3495,08;50,1
3452000;Aurich;14,93;72,07;4,59;55,93;3,39;16,13;58,74;25,14;6,85;8,53;100 bis unter 200;61;62,37;10,95;67,44;12,97;0,92;13,89;7,57;34,2;56,5;12;75,28;6,5;26,8;8,69;35,3;2,6;2,8;2,5;8,63;Sehr hohe Leistung (obere 20 % der Kreise);Mittlere Leistung;Sehr hohe Leistung (obere 20 % der Kreise);650,3;17,7;8,3;61,8;11,5;31,73;97,69;14,5;3,82;12,24;5242,67;54,02
3453000;Cloppenburg;14,43;66,5;14,13;37,17;-14,63;19,98;61,75;18,27;13,88;8,43;100 bis unter 200;65,8;62,66;7,9;62,3;16,07;2,31;10,38;8,35;26,9;53,3;7,6;80,88;4,4;27,39;8,09;39,9;3,8;4,3;3,3;6,3;Sehr hohe Leistung (obere 20 % der Kreise);Eher geringe Leistung;Sehr hohe Leistung (obere 20 % der Kreise);619,6;15,9;12,7;60,9;11,2;35,87;86,5;11,65;3,8;7,78;3561,08;29,94
3454000;Emsland;14,03;59,82;19,2;13,09;19,37;18,22;60,97;20,81;13,42;9,09;50 bis unter 100;64,5;69,16;10,86;67,09;11,99;1,69;11,65;7,58;28,1;56,9;7,9;87,95;3,5;28,68;7,3;46,6;2,7;3;2,3;5,64;Sehr hohe Leistung (obere 20 % der Kreise);Mittlere Leistung;Sehr hohe Leistung (obere 20 % der Kreise);647,9;20,4;9,4;57,5;8,8;43,62;97,28;12,6;3,73;6,57;5382,03;56,79
3455000;Friesland;16,59;71,85;7,52;71,21;2,79;15,83;57,04;27,14;5,94;8,42;100 bis unter 200;67,7;71,43;10,04;69,75;12,09;0,84;12,83;8,24;38,8;61,1;14,8;74,08;4,6;27,07;7,46;40,9;2,5;2,7;2,3;6,69;Sehr hohe Leistung (obere 20 % der Kreise);Eher hohe Leistung;Eher hohe Leistung;682,7;23;11,3;54,3;12,8;38,99;97,95;10,95;3,4;9,62;4876,96;113,53
3456000;Grafschaft Bentheim;14,97;62,64;17,22;24,7;21,1;18,1;60,1;21,8;15,81;9,62;100 bis unter 200;65,8;65,1;9,47;69,33;12,31;1,24;14,05;9,98;32,9;60,4;9,3;78,71;3,6;26,37;6,64;50;3,1;3,3;2,8;6,32;Eher hohe Leistung;Mittlere Leistung;Sehr hohe Leistung (obere 20 % der Kreise);624;25,8;11,3;51,4;11,1;41,38;90,72;11,67;3,56;8,25;5334,74;55,35
3457000;Leer;15,27;70,44;3,51;43,05;4,49;17,6;59,35;23,05;9,63;8,77;100 bis unter 200;63,6;56,76;9,89;69,07;12,54;0,52;13,62;7,21;36,4;59,1;13,9;80,46;6,2;26;8,71;39,6;3,1;3,4;2,8;7,87;Sehr hohe Leistung (obere 20 % der Kreise);Eher geringe Leistung;Eher geringe Leistung;643,2;17;10;60,5;10,8;31,42;94,8;11,54;3,88;10,09;5173,77;39,62
3458000;Oldenburg;14,61;63,16;19,78;43,71;9,62;17,09;59,89;23,02;9,46;9,09;100 bis unter 200;65,2;0;8,72;61,36;16,91;1,35;11,65;9,45;31,5;55,9;11,8;78,96;3,8;30,22;6,83;49;3,1;3,3;2,8;6,22;Sehr hohe Leistung (obere 20 % der Kreise);Eher hohe Leistung;Sehr hohe Leistung (obere 20 % der Kreise);664,9;16,2;16,6;56,6;7;39,19;94,21;18,2;3,48;8,2;4507,3;88,63
3459000;Osnabrück;15,16;61,29;20,59;-148,81;145,85;17,93;59,24;22,83;9,48;8,35;100 bis unter 200;64;71,25;10,23;65,84;13,61;1,07;11,88;9,36;29,9;56;9,6;79,17;3,8;30,04;6,99;53;3,1;3,4;2,7;5,06;Sehr hohe Leistung (obere 20 % der Kreise);Mittlere Leistung;Sehr hohe Leistung (obere 20 % der Kreise);681;20;13,8;55,4;9,6;41,27;95,91;14,44;3,61;6,34;4222,69;58,34
3460000;Vechta;17,27;64,43;13,99;-21,77;25,11;19,4;62,29;18,3;14,39;9,01;100 bis unter 200;66,4;79,46;10,21;61,76;16,33;1,29;10,85;9,06;26,3;52,4;7,4;82,93;3,8;30,51;7,17;47,5;3,9;4,4;3,2;5,75;Eher hohe Leistung;Eher geringe Leistung;Eher hohe Leistung;641,8;16,7;14,6;58,7;7,3;43,46;98,65;12,6;3,58;7,62;4495,05;68,92
3461000;Wesermarsch;12,16;79,5;2,13;32,61;3,94;16,3;58,92;24,78;9,91;7,77;50 bis unter 100;63,9;71,94;10,39;68,61;12,51;0,79;10,63;6,97;26,6;56,2;8,3;92,25;6,7;27,41;9,07;36,6;3,1;3,2;3;8,91;Sehr hohe Leistung (obere 20 % der Kreise);Mittlere Leistung;Eher hohe Leistung;625,1;18,8;17,3;51,9;6,9;34,87;99,72;17,66;4,15;13,09;5351,04;55,1
3462000;Wittmund;11,43;75,13;6,3;62,89;5,72;15,94;57,11;26,95;6,58;8,86;50 bis unter 100;64,7;65,98;7,96;69,28;11,2;0,49;13,75;9,08;36,5;57,5;14,8;78,98;5,6;27,69;8,78;32,2;2,7;2,9;2,5;8,37;Sehr hohe Leistung (obere 20 % der Kreise);Mittlere Leistung;Mittlere Leistung;682,3;29,3;7,9;52,3;8,1;33,63;98,21;12,02;4;12,75;4416,73;41,09
4011000;Bremen, Stadt;58,88;29,01;3,6;-54,26;116,33;17,14;62,24;20,62;22,9;11,06;200 bis unter 300;51,5;19,76;22,12;55,16;13,98;0,84;8,63;7;31,7;52,4;15,9;92,14;11;26,36;10,54;37,8;8,3;8,3;8,4;16,38;Eher hohe Leistung;Sehr geringe Leistung (untere Eher geringe Leistung0 % der Kreise);Eher geringe Leistung;422,5;18,5;12,7;57,2;10,2;33,09;87,29;18,49;3,53;25,89;15181,2;205,02
4012000;Bremerhaven, Stadt;47,23;19,07;3,92;17,62;42,49;18,22;60,02;21,76;22,25;7,61;100 bis unter 200;49,8;47,27;14,24;58,78;16,13;-0,28;10,44;6,97;33,5;51,4;16,2;82,37;14,5;21,35;18,12;22,4;7,6;7,7;7,5;19,9;Mittlere Leistung;Sehr geringe Leistung (untere Eher geringe Leistung0 % der Kreise);Eher geringe Leistung;447,1;23,8;8,4;55,9;11,4;23,18;79;19,69;3,61;30,63;13261,95;302,67
5111000;Düsseldorf, Stadt;61,75;17,49;13,39;0,68;49,49;15,75;65,26;18,99;23,67;13,77;500 und mehr;50,7;20,75;31,64;45,61;12,85;1,34;7,02;6,05;26;38,9;14,3;109,74;8;33,17;9,4;44,8;9,7;9,7;9,8;11,01;Sehr geringe Leistung (untere Eher geringe Leistung0 % der Kreise);Sehr geringe Leistung (untere Eher geringe Leistung0 % der Kreise);Sehr hohe Leistung (obere 20 % der Kreise);532,2;21;10,9;56,9;5,9;42,06;101,98;9,37;5,39;14,9;12418,27;230,81
5112000;Duisburg, Stadt;61,05;16,08;11,52;-14,63;35,2;18,06;61,51;20,42;23,68;7,94;200 bis unter 300;48,3;45,84;15,1;58,31;16,52;0,32;9,31;5,26;27,5;47,7;12,9;87,15;13,2;21,09;15,77;26,4;6,3;6,5;6,1;16,77;Sehr geringe Leistung (untere Eher geringe Leistung0 % der Kreise);Sehr geringe Leistung (untere Eher geringe Leistung0 % der Kreise);Eher geringe Leistung;483,7;14,4;11,1;62,1;9,2;20,1;78,5;8,49;6,91;27,19;10352,6;224,58
5113000;Essen, Stadt;66,18;14,75;15,8;-109,59;157,91;17,03;61,01;21,96;19,01;9,27;300 bis unter 500;49,7;58,36;22,84;51,68;14,96;0,86;10,01;6,32;31,1;46;17,4;90,52;11,4;26,39;12,61;36,9;7,7;7,4;7,9;17,75;Sehr geringe Leistung (untere Eher geringe Leistung0 % der Kreise);Sehr geringe Leistung (untere Eher geringe Leistung0 % der Kreise);Eher geringe Leistung;523,5;16,2;15,8;52,3;8,5;34,49;94,57;9,12;5,91;29,43;9818,47;273,72
5114000;Krefeld, Stadt;56,26;30,11;10,1;31,29;52,12;16,76;60,97;22,27;20,09;9,65;300 bis unter 500;52,1;47,16;17,14;59,13;14,53;0,66;9,47;6,63;29,2;48,4;14,8;87,32;11;26,47;13,13;32,6;6,4;6,5;6,3;14,04;Eher geringe Leistung;Sehr geringe Leistung (untere Eher geringe Leistung0 % der Kreise);Sehr geringe Leistung (untere Eher geringe Leistung0 % der Kreise);536,2;14,6;9,5;68,8;11,8;26,72;91,18;8,81;6,26;20,66;8762,09;189,28
5116000;Mönchengladbach, Stadt;50,57;35,77;11,77;-255,79;280,19;17,11;61,19;21,7;20,72;9,43;300 bis unter 500;52,7;85,12;15,42;56,48;17,38;0,91;10,73;7,96;29,7;47,9;13,8;77,4;10,8;25,58;13,72;30,4;7;7,3;6,7;15,8;Mittlere Leistung;Sehr geringe Leistung (untere Eher geringe Leistung0 % der Kreise);Eher geringe Leistung;544,6;14,1;9,2;68,9;9,1;26,96;87,89;9,54;5,72;24,63;9499,54;190,48
5117000;Mülheim an der Ruhr, Stadt;56,11;22,35;18,93;23;42,7;16,97;59,08;23,95;18,08;9,24;300 bis unter 500;54,7;74,79;22,34;54,82;13,69;0,02;10,02;6,43;27,4;46;12,6;96,01;8,1;28,59;10,17;35,2;5,7;5,9;5,5;13,94;Eher geringe Leistung;Sehr geringe Leistung (untere Eher geringe Leistung0 % der Kreise);Eher geringe Leistung;562,8;19,4;13,4;53,9;6,7;37,4;92,11;9,24;7,25;22,94;7474,14;324,76
5119000;Oberhausen, Stadt;72,45;8,15;16,41;11,37;43,44;17,04;60,11;22,85;18,17;8,14;300 bis unter 500;51,6;31,25;12,7;57,94;18,08;0,36;12,15;7,63;34,1;55,7;15;77,58;11,4;22,87;12,44;28,8;5,5;5,7;5,3;14,55;Sehr geringe Leistung (untere Eher geringe Leistung0 % der Kreise);Sehr geringe Leistung (untere Eher geringe Leistung0 % der Kreise);Mittlere Leistung;539,1;17;10,9;56,4;9,1;28,56;86,93;8,23;6,63;23,16;8251,5;184,42
5120000;Remscheid, Stadt;43,55;21,43;33,44;15,55;3,69;17,01;60,7;22,29;19,66;7,69;200 bis unter 300;51,8;86,36;15,53;59,4;16,32;0,42;10,45;8,59;27,3;50;9,8;78,47;8,4;26,56;11,7;31;3,8;3,9;3,8;12,35;Eher geringe Leistung;Sehr geringe Leistung (untere Eher geringe Leistung0 % der Kreise);Sehr geringe Leistung (untere Eher geringe Leistung0 % der Kreise);574,1;18,3;11,1;59,6;8,1;27,19;89,81;7,97;6,74;18,87;7007,06;100,15
5122000;Solingen, Klingenstadt;48,74;19,95;29,6;13,95;8,88;16,93;60,75;22,32;18,01;9,03;300 bis unter 500;51,6;72,99;14,15;56,66;20,53;0,13;10,38;8,01;30;48,3;13,2;76,31;8,5;27,76;13,13;35,6;4,6;4,8;4,3;11,39;Sehr geringe Leistung (untere Eher geringe Leistung0 % der Kreise);Sehr geringe Leistung (untere Eher geringe Leistung0 % der Kreise);Sehr geringe Leistung (untere Eher geringe Leistung0 % der Kreise);567;14,8;13,4;60,4;7,7;34,15;85,84;7,1;5,63;17,44;6945,17;99,62
5124000;Wuppertal, Stadt;49,87;19,37;28,37;-21,39;42,24;17,51;61,38;21,11;22,9;8,62;300 bis unter 500;48,7;54,24;18,02;55,44;17,36;0,76;10,57;7,18;31,9;48,4;17,1;80,53;10,7;25,33;14,2;35,2;7,4;7,4;7,3;15,73;Eher geringe Leistung;Sehr geringe Leistung (untere Eher geringe Leistung0 % der Kreise);Eher geringe Leistung;502;15,7;14,2;59;9,2;26,22;86,01;10,47;6,5;24,44;9628,89;127,86
5154000;Kleve;17,43;62,7;14,96;70,59;33,63;16,62;61,36;22,02;18,66;8,93;100 bis unter 200;59,1;71,23;11,04;61,29;14,5;0,97;12,46;8,25;33,2;55;12,9;77,72;6,3;25,96;8,46;37,1;3,4;3,6;3,2;8,2;Sehr hohe Leistung (obere 20 % der Kreise);Mittlere Leistung;Sehr hohe Leistung (obere 20 % der Kreise);644;17,3;12,1;60,6;7;35,72;94,38;8,42;6,3;9,81;7459,52;140,36
5158000;Mettmann;39,82;35,35;21,16;70,38;9,15;16,9;58,54;24,56;14,92;10,47;500 und mehr;53,4;62,42;19,32;55,82;13,65;0,74;9,88;8,2;26,7;47,5;11,7;102,41;7,2;31,01;7,86;38,3;3,9;4,1;3,5;10,26;Eher geringe Leistung;Sehr geringe Leistung (untere Eher geringe Leistung0 % der Kreise);Eher geringe Leistung;622;16,3;11,9;60,1;6,4;37,21;95,87;9,26;6,03;15,74;6401,17;158,68
5162000;Rhein-Kreis Neuss;31,4;51,3;9,67;24,42;8,73;17,41;59,58;23,02;14,67;10,91;300 bis unter 500;55,9;89,6;16,04;57,52;15,04;1,25;10,47;8,08;31,2;52,3;13,7;99,29;6,4;31,38;8,23;40,7;3,8;4;3,4;8,29;Eher hohe Leistung;Eher geringe Leistung;Mittlere Leistung;619,3;11,2;11,3;65,6;5,8;39,31;97,54;8,82;6,09;12,37;6766,47;204,78
5166000;Viersen;26,53;50,62;19,48;41,83;26,69;16,35;59,78;23,88;12,4;9,54;200 bis unter 300;59;72,79;11,99;59,87;15,72;1,13;13,7;9,19;32,4;53,7;13,5;74,45;5,9;29,73;8,09;36,8;3,1;3,3;2,9;7,87;Eher hohe Leistung;Eher geringe Leistung;Eher hohe Leistung;661,2;10,2;8,1;74,2;4,5;38,48;97,76;8,46;6,12;10,4;6571,27;151,75
5170000;Wesel;22,62;51,5;19,2;58,53;7,38;16,44;58,54;25,02;11,13;8,84;200 bis unter 300;56,2;59,42;11,82;63,32;14,44;0,55;13,3;7,42;33;54,6;12,5;77,91;7,3;28,22;8,55;40,3;3,3;3,6;2,9;9,43;Eher hohe Leistung;Mittlere Leistung;Eher hohe Leistung;656,7;17;10,6;59,6;6,5;32,49;94,27;8,94;6,67;13,05;6085,59;150,03
5314000;Bonn, Stadt;52,23;12,07;31,31;-179,26;240,52;16,49;64,39;19,12;19,38;12,76;500 und mehr;51,4;32,6;35,72;42,81;11,84;1,38;8,82;5,72;33,5;46;19,6;105,17;7,4;30,39;7,04;49,6;7,2;7;7,4;11,17;Sehr geringe Leistung (untere Eher geringe Leistung0 % der Kreise);Sehr geringe Leistung (untere Eher geringe Leistung0 % der Kreise);Sehr geringe Leistung (untere Eher geringe Leistung0 % der Kreise);541;18,4;14,1;58,6;5,3;41,05;102,62;9,37;5,63;17,08;10506,1;211,24
5315000;Köln, Stadt;60,44;15,89;17,98;-50,63;66,4;15,91;66,05;18,04;19,53;13,79;500 und mehr;49,7;21,39;29,63;46,15;14,4;1,32;8,18;6,39;30,5;44,6;18,2;97,81;9,1;30,5;9,71;46,7;9,6;9,8;9,5;13,89;Sehr geringe Leistung (untere Eher geringe Leistung0 % der Kreise);Sehr geringe Leistung (untere Eher geringe Leistung0 % der Kreise);Mittlere Leistung;489,4;12,7;10;67,5;6,3;40,27;103,39;9,13;5,66;20,31;13098,4;296,6
5316000;Leverkusen, Stadt;57,69;22,47;14,83;48,94;26,87;17,23;61,15;21,62;18,95;10,7;300 bis unter 500;51,8;50,52;22,21;56,04;13,54;0,49;8,41;6,34;29,8;48,6;15;107,44;7,6;26,43;9,1;39;5;5,4;4,5;12,13;Sehr geringe Leistung (untere Eher geringe Leistung0 % der Kreise);Sehr geringe Leistung (untere Eher geringe Leistung0 % der Kreise);Sehr geringe Leistung (untere Eher geringe Leistung0 % der Kreise);554;14,3;7,9;70;4,9;27,25;90,05;8,19;5,98;18,59;6904,69;148,89
5334000;Städteregion Aachen;27,66;37,29;32,66;-20,64;51,58;15,49;63,26;21,25;18,08;10,37;300 bis unter 500;54,1;53,88;24,73;50,86;16,39;0,77;12,01;6,93;32,9;50,3;18,1;84,37;7,8;24,74;8,72;39,8;5,1;5,2;5;10,4;Sehr hohe Leistung (obere 20 % der Kreise);Mittlere Leistung;Mittlere Leistung;522;12,7;10,8;69;6,7;37,41;91,97;8,59;5,88;15,73;8347,04;167,41
5358000;Düren;16,78;54,53;21,71;57,15;10,81;17,23;60,2;22,57;13,48;9,11;200 bis unter 300;61,6;75,46;15,77;58,54;16;0,79;12,72;8,69;33,2;55,4;14,2;78,04;7,6;26,17;9,29;35,7;3,6;3,7;3,4;9,9;Sehr hohe Leistung (obere 20 % der Kreise);Eher hohe Leistung;Mittlere Leistung;616,7;12,7;11;68,7;7,9;35,06;89,73;9,71;5,89;14,1;5983,85;125,68
5362000;Rhein-Erft-Kreis;28,51;50,02;14,07;59,73;11,72;17,59;60,25;22,15;15,5;11,58;300 bis unter 500;55,4;66,81;14,86;57,5;15,75;0,71;11,65;9,02;28,8;50,3;12,5;99,74;6,5;28,4;8,92;39,3;3,7;3,9;3,4;8,65;Sehr hohe Leistung (obere 20 % der Kreise);Eher hohe Leistung;Eher hohe Leistung;616,8;15;9,3;65,1;5,1;34,64;93,85;8,95;5,53;12,59;6540,54;164,65
5366000;Euskirchen;13,72;45,1;38,93;94,47;-12,59;16,96;59,73;23,3;10,17;9,59;100 bis unter 200;65,7;71,61;10,7;64,9;14,69;0,69;11,79;8,29;32,8;54,8;12,6;79,33;5,9;26,79;8,42;38,7;3;3;3;7,7;Sehr hohe Leistung (obere 20 % der Kreise);Mittlere Leistung;Eher hohe Leistung;833,6;15,2;11;65,2;8,4;31,73;93,29;8,77;5,28;9,82;5992,82;123,39
5370000;Heinsberg;24,32;59,76;11,73;81,23;21,16;17,1;60,12;22,78;13,65;8,95;100 bis unter 200;60,1;87,59;10,94;62,35;16,91;1,16;13,24;7,85;32,6;55,4;12,6;74,91;6,1;25,93;9,21;34,1;2,5;2,8;2,2;8,37;Sehr hohe Leistung (obere 20 % der Kreise);Eher geringe Leistung;Eher hohe Leistung;653,6;15;9,2;68,9;7;31,25;91,29;7,86;6,26;11,37;5393,64;96,33
5374000;Oberbergischer Kreis;20,16;37,6;40,18;28,57;16,86;17,89;59,32;22,79;11,31;8,54;100 bis unter 200;60,2;86,7;15,38;63,05;14,9;0,59;11;8,41;27,7;51,7;9,2;79,9;5,7;29,44;7,68;44,6;3,5;3,8;3,2;7,48;Mittlere Leistung;Sehr geringe Leistung (untere Eher geringe Leistung0 % der Kreise);Eher geringe Leistung;682,7;18,3;12,4;60,1;5,7;27,05;89,27;8;6,17;9,88;4059,74;71,52
5378000;Rheinisch-Bergischer Kreis;25,91;34,31;37,71;63,85;5,84;16,88;58,85;24,27;11,33;10,69;300 bis unter 500;60,3;60,98;18,44;58,47;14,4;0,49;12,42;9,23;34,3;53,7;14,7;79,22;6,2;32,92;6,49;44,9;3,5;3,7;3,3;8,24;Eher geringe Leistung;Sehr geringe Leistung (untere Eher geringe Leistung0 % der Kreise);Eher geringe Leistung;659,2;16,5;10,1;65,3;5,7;36,17;91,84;9,26;6,36;11,53;4766,19;118,2
5382000;Rhein-Sieg-Kreis;24,44;41,32;31,16;30,69;4,61;17,31;59,57;23,13;11,98;11,07;300 bis unter 500;59,2;83,92;15,52;58,48;15,6;0,99;12,18;8,83;33,8;54,5;15,6;81,45;5,9;30,3;6,86;44,8;3,4;3,7;3,1;7,86;Eher geringe Leistung;Eher geringe Leistung;Eher geringe Leistung;630,6;13,9;11,2;66,2;4,7;34,51;94,59;8,62;6,05;11,04;5029,39;104,88
5512000;Bottrop, Stadt;41,96;27,98;25,79;7,26;8,1;16,52;59,15;24,33;12,46;8,48;200 bis unter 300;50,5;30,6;10,66;60,69;17,49;-0,16;13,84;8,61;33;52,3;15,6;73,99;8,2;26;9,29;35,9;3,3;3,5;3;11,1;Mittlere Leistung;Sehr geringe Leistung (untere Eher geringe Leistung0 % der Kreise);Eher geringe Leistung;597,5;14,9;13,5;54,7;5,3;27,59;90,56;8,33;6,08;17,63;6966,72;154,38
5513000;Gelsenkirchen, Stadt;70,98;10,9;14,76;5,79;40,27;19,24;60,35;20,42;24,93;7,13;200 bis unter 300;48,7;76,92;13,15;58,82;16,67;0,24;11,62;6,72;30,5;48,9;15,5;87,62;15,2;19,92;16,48;21,4;7,2;7,1;7,2;21,66;Eher geringe Leistung;Sehr geringe Leistung (untere Eher geringe Leistung0 % der Kreise);Eher geringe Leistung;478,4;18,6;12,3;53,8;14,5;20,6;80,63;7,57;6,73;34,37;9602,13;248,57
5515000;Münster, Stadt;33,08;43,11;19,43;7,01;33,71;15,01;66,3;18,69;11,97;11,84;500 und mehr;54,2;23,54;27,36;52,13;13,37;1,66;10,85;8,16;34,6;49,6;19,6;86,72;5,3;30,57;6,25;55,9;5,6;5,3;6;8,65;Mittlere Leistung;Sehr geringe Leistung (untere Eher geringe Leistung0 % der Kreise);Mittlere Leistung;500,1;20,9;18,3;47;6,7;37,5;106,59;8,82;5,33;12,55;10793,23;132,68
5554000;Borken;17,66;63,96;15,87;31,41;15,18;18,5;60,9;20,6;11,32;9,32;100 bis unter 200;60,8;77,76;9,91;69,08;13,31;0,96;13,01;9,57;28;54,2;8,3;81,05;4,6;29,34;6,92;47,4;3,1;3,5;2,8;6,28;Sehr hohe Leistung (obere 20 % der Kreise);Eher geringe Leistung;Sehr hohe Leistung (obere 20 % der Kreise);632,3;26,1;11,6;48,7;7;39,76;94,29;8,77;5,66;8,04;6444,13;96,11
5558000;Coesfeld;14,16;66,35;16,5;68,11;35,02;17,58;59,17;23,25;9,14;9,89;200 bis unter 300;60,9;81,86;10,76;66,49;12,75;1,33;13,23;8,91;32,3;55,5;11,3;76,46;4,2;30,75;5,35;52,9;3;3,3;2,5;6,66;Sehr hohe Leistung (obere 20 % der Kreise);Eher geringe Leistung;Eher hohe Leistung;648,9;22,1;16,5;48,5;6,4;44,75;96,99;7,88;5,51;8,04;4950,43;172,04
5562000;Recklinghausen;33,14;34,34;27,83;-24,59;56,06;16,98;58,99;24,04;14,26;7,77;300 bis unter 500;53,8;50,29;11,54;60,79;14,99;0,77;12,77;6,94;33,1;53,5;14,1;74,75;8,7;25,58;11,64;36,2;4,6;4,8;4,3;12,9;Eher hohe Leistung;Eher geringe Leistung;Eher hohe Leistung;593,2;20,5;12,2;53,2;9,3;30,09;89,26;7,96;6,08;20,02;7523,04;181,39
5566000;Steinfurt;17,85;62,4;16,6;32,03;28,58;17,86;60,69;21,45;11,93;9,41;200 bis unter 300;60,6;64,86;12,54;64,33;14,13;1,05;12,31;8,78;31,3;55,8;11,1;78,34;5,2;28,77;7,08;48,5;3,7;4;3,3;7,32;Sehr hohe Leistung (obere 20 % der Kreise);Eher hohe Leistung;Sehr hohe Leistung (obere 20 % der Kreise);638,4;23,6;12;51,3;7;44,48;99,38;8,83;5,84;9,38;5646,52;73,28
5570000;Warendorf;15,14;68,57;13,68;22,22;17,83;17,66;59,57;22,76;12,67;8,91;bis unter 50;60,5;64,43;12,46;63,9;15,53;1,11;11,91;8,55;30;53,9;10,9;78,02;5,7;30,1;6,96;49,9;3,2;3,5;2,8;7,56;Sehr hohe Leistung (obere 20 % der Kreise);Mittlere Leistung;Sehr hohe Leistung (obere 20 % der Kreise);644,7;21,7;13,7;51,6;6,6;38,6;92,13;8,28;5,37;10,32;5106,51;98
5711000;Bielefeld, Stadt;43,91;31,4;23,2;-189,77;213,24;17,2;62,46;20,34;17,67;9,52;300 bis unter 500;52,3;50,34;20,76;54,52;15,9;1,46;9,55;7,6;34,7;54,3;16,8;80,31;9,1;27,62;9,15;44,9;6,8;6,8;6,8;13,05;Eher geringe Leistung;Eher geringe Leistung;Sehr hohe Leistung (obere 20 % der Kreise);553,8;22,1;11,5;51,9;8,2;33,58;95,6;8,5;5,1;18,38;8433,53;84,44
5754000;Gütersloh;23,11;58,54;15,19;-3,65;40,08;17,92;60,91;21,18;15,16;9,56;200 bis unter 300;58,9;83,94;13,76;60;15,14;1,36;9,28;7,9;23,2;47,4;7,2;90,15;5,1;31,54;7,24;47,4;3,5;3,8;3,1;7,26;Eher hohe Leistung;Eher geringe Leistung;Sehr hohe Leistung (obere 20 % der Kreise);669,7;19,7;10,1;56,7;5,2;33,41;93,97;8,57;5,34;9,5;5149,16;70,33
5758000;Herford;32,01;55,79;10,79;21,89;16,63;17,3;59,4;23,31;11,88;8,14;100 bis unter 200;59,4;67,98;12,06;64,51;15,76;0,26;9,15;7,69;30,1;54;10,6;79,17;6,4;28,71;8,57;43,3;3,7;3,9;3,4;8,49;Mittlere Leistung;Eher geringe Leistung;Mittlere Leistung;667,8;21,9;14,1;50,4;7,4;34,99;90,9;8,03;6,43;12,35;5041,98;82,55
5762000;Höxter;11,96;57,2;29,46;39,86;23,63;16,7;58,43;24,87;8,96;6,94;50 bis unter 100;62,8;85,71;9,96;69,29;13,95;0,22;11,83;7,49;34,3;59,1;10,8;72,63;4,6;28,53;6,88;46,2;2,6;2,8;2,4;7,36;Sehr hohe Leistung (obere 20 % der Kreise);Eher hohe Leistung;Sehr hohe Leistung (obere 20 % der Kreise);674,7;26,8;12;49,1;8,3;32,01;91,43;8,67;6,67;9,51;4883,23;58,17
5766000;Lippe;17,92;48,82;31,12;7,06;22,56;18,05;58,07;23,88;10,51;8,15;100 bis unter 200;58,9;77,71;14,58;63,17;14,33;0,49;9,89;6,56;31,4;55,2;11,5;77,59;6,1;28,37;7,97;46,5;3,9;4;3,8;8,93;Sehr hohe Leistung (obere 20 % der Kreise);Mittlere Leistung;Sehr hohe Leistung (obere 20 % der Kreise);645,9;18,9;15,2;51;6,9;31,12;88,23;9,04;5,18;12,72;4418,56;52,14
5770000;Minden-Lübbecke;21,1;62,06;12,56;6,18;28,14;17,81;59,04;23,15;11,11;9,22;50 bis unter 100;65,1;73,75;13,3;64,74;14,72;0,65;9,32;6,79;29,9;52,9;10;84,51;6,4;27,95;8,18;47,5;4,1;4,3;3,8;9,61;Eher hohe Leistung;Mittlere Leistung;Sehr hohe Leistung (obere 20 % der Kreise);661,1;19,1;14,6;52,6;7,7;31,57;84,59;7,72;6,3;14,38;5013,77;78,3
5774000;Paderborn;16,19;51,57;29,43;-69,67;91,45;17,71;61,75;20,54;11,33;9,47;200 bis unter 300;58,1;79,52;16,96;59,38;14,5;1,07;11,76;8,21;32,4;55,6;13,8;80,56;6;27,3;7,09;49,3;4,5;4,7;4,2;8,18;Sehr hohe Leistung (obere 20 % der Kreise);Mittlere Leistung;Eher hohe Leistung;614,2;23,5;12,8;51,3;7,3;37,66;95,19;8,69;6,03;10,53;5972,23;82,3
5911000;Bochum, Stadt;69,98;15,57;12,5;37,25;53,7;15,37;62,23;22,4;15,69;9,05;300 bis unter 500;51,9;66,99;20,57;54,53;15,71;0,82;10,78;5,96;33,2;50,1;18,4;79,47;9,1;25,46;11,34;39,6;5,7;5,6;5,7;13,28;Sehr geringe Leistung (untere Eher geringe Leistung0 % der Kreise);Sehr geringe Leistung (untere Eher geringe Leistung0 % der Kreise);Sehr geringe Leistung (untere Eher geringe Leistung0 % der Kreise);579,6;15,8;13,2;55,2;8,4;34,96;94,03;9,1;5,65;21,47;8560,93;242,56
5913000;Dortmund, Stadt;60,07;22,9;14,6;-11,04;76,19;17,19;62,31;20,5;20,73;9,2;300 bis unter 500;50,8;52,36;20,37;53,51;16,37;1,09;9,56;6,41;30,6;47,4;16,2;85,12;12;23,92;11,85;36,4;8,3;8,5;8,2;17,64;Eher geringe Leistung;Eher geringe Leistung;Eher geringe Leistung;506;20,8;12,4;52;9,2;33,83;92,49;8,13;5,52;28,79;12120,73;217,41
5914000;Hagen, Stadt der FernUniversität;35,69;16;44,69;-13,39;41,92;18,23;60,22;21,55;22,66;7,19;200 bis unter 300;51,3;90,18;13,79;60,07;17,75;-0,38;10,12;6,65;29,8;49,8;13,3;79,22;12,3;23,89;15,45;27,7;6,2;6,4;6,1;16,61;Mittlere Leistung;Sehr geringe Leistung (untere Eher geringe Leistung0 % der Kreise);Eher hohe Leistung;528,5;15;12,8;57,6;8,6;23,71;82,52;7,44;6,37;25,79;9258,66;174,38
5915000;Hamm, Stadt;33,63;51,69;11,19;57,51;20,17;17,44;60,79;21,76;17,99;7,65;200 bis unter 300;54,2;55,52;11,69;60,53;16,3;0,66;11,1;6,55;32,3;53,5;12,8;78,13;8,7;23,43;12,44;37;4,6;4,7;4,5;11,47;Mittlere Leistung;Sehr geringe Leistung (untere Eher geringe Leistung0 % der Kreise);Sehr geringe Leistung (untere Eher geringe Leistung0 % der Kreise);570,5;21,8;13,1;50,4;8,8;33,27;94,4;9,71;5,52;12,22;10731,91;172,81
5916000;Herne, Stadt;74,08;7,97;14,74;35,03;4,94;17,36;60,54;22,1;20,42;7,68;300 bis unter 500;52,5;49,63;12,54;58,1;17,71;0,69;9,75;5,05;32,3;48,5;17,9;80,44;12,2;22,14;15,84;30;5,8;5,9;5,8;16,77;Sehr geringe Leistung (untere Eher geringe Leistung0 % der Kreise);Sehr geringe Leistung (untere Eher geringe Leistung0 % der Kreise);Sehr geringe Leistung (untere Eher geringe Leistung0 % der Kreise);516,4;16,6;13,6;55,5;10,5;26,48;83,24;7,6;5,62;26,96;8639,66;252,16
5954000;Ennepe-Ruhr-Kreis;29,39;37,32;31,11;18,46;16,07;16,02;58,97;25,01;12,69;8,15;200 bis unter 300;54,2;70,7;14,07;61,69;16,04;0,39;10,8;7,1;30,2;52,6;12;75,56;7,3;31,18;9,74;42,4;3,9;4,1;3,6;10,91;Eher geringe Leistung;Sehr geringe Leistung (untere Eher geringe Leistung0 % der Kreise);Eher geringe Leistung;654,8;18,3;13,4;54,5;7,7;35,32;94,29;9,51;6,09;16,79;5870,13;176,02
5958000;Hochsauerlandkreis;12,7;30,73;55,05;7,09;27,56;16,31;59,81;23,89;11,4;7,35;50 bis unter 100;62,1;82,61;10,75;66,24;14,59;0,57;12,06;9,01;28,7;52,9;8,5;76,15;5;30,69;7,87;41,5;3,2;3,5;2,9;7,11;Sehr hohe Leistung (obere 20 % der Kreise);Mittlere Leistung;Sehr hohe Leistung (obere 20 % der Kreise);674,1;21,7;12,8;51,3;6,2;35,81;93,06;8,89;6,43;9;4948,57;73,22
5962000;Märkischer Kreis;17,21;29,44;51,76;11,27;23,94;16,89;59,71;23,4;15;7,13;100 bis unter 200;56,3;73,57;11,48;63,43;17,61;0,01;10,42;7,55;25,6;48,5;8,1;79,93;8,3;29,59;10,58;36,3;3,7;4;3,4;10,05;Mittlere Leistung;Eher geringe Leistung;Eher geringe Leistung;640,3;15;12,7;57,2;9,7;31,41;90,84;8,53;5,91;14,41;5841,01;88,96
5966000;Olpe;15,33;23,36;59,31;6,42;31,51;17,1;60,95;21,94;11,39;8,69;100 bis unter 200;63,9;91,58;10,81;66,75;15,61;0,5;10,98;8;24,9;49,9;6,3;90,07;4,6;33,72;6,77;44,8;2,3;2,7;1,8;6,1;Mittlere Leistung;Sehr geringe Leistung (untere Eher geringe Leistung0 % der Kreise);Sehr geringe Leistung (untere Eher geringe Leistung0 % der Kreise);710,3;15,6;11,6;58,9;10,2;33,48;97,74;8,56;6,69;7,98;4375,65;59,69
5970000;Siegen-Wittgenstein;16,92;18,51;63,7;-4,96;38,09;17;60,21;22,78;13,23;8,21;100 bis unter 200;59,7;88,97;14,37;66,25;13,43;0,26;11;7,66;28,1;52;9,9;79,7;6;28,92;7,77;39,4;3,5;3,8;3,1;8,53;Eher hohe Leistung;Sehr geringe Leistung (untere Eher geringe Leistung0 % der Kreise);Eher geringe Leistung;663,3;21;9,8;56,1;5,1;28,81;96,34;9,02;6,19;12,69;5491,58;49,62
5974000;Soest;15,89;60,2;20,69;56,08;-6,99;16,83;60,04;23,13;11,48;8,42;100 bis unter 200;58,8;71,74;13,98;63,96;13,98;0,29;11,57;8,03;28,6;51,5;9,5;84,85;6;29,68;7,65;44;3,4;3,6;3,2;8,26;Sehr hohe Leistung (obere 20 % der Kreise);Eher hohe Leistung;Sehr hohe Leistung (obere 20 % der Kreise);667,4;23,6;14,2;49;6,9;37,54;98,11;8,84;6,02;10,41;6217,18;90,91
5978000;Unna;31,99;49,92;15,66;-153,92;146,48;16,54;59,13;24,33;12,53;8,08;200 bis unter 300;54,5;90,69;11,9;61,84;16,3;0,86;11,27;7,02;29,2;50,9;11,4;80;7,5;26,89;9,53;37;3,8;4,1;3,3;10,25;Mittlere Leistung;Eher geringe Leistung;Sehr hohe Leistung (obere 20 % der Kreise);632;19,1;12,4;53,7;7,7;34,56;95,37;8,98;6,05;15,48;5876,57;139,16
6411000;Darmstadt, Wissenschaftsstadt;35,32;18,54;45,12;45,56;85,61;15,88;66,75;17,37;23,62;14,16;500 und mehr;49,6;46,43;36,1;44,99;12,1;1,02;7,86;5,59;31,3;47,5;16,9;106,82;6,3;27,11;6,82;50,7;7,7;7,8;7,6;11,55;Sehr geringe Leistung (untere Eher geringe Leistung0 % der Kreise);Sehr geringe Leistung (untere Eher geringe Leistung0 % der Kreise);Eher geringe Leistung;441,1;19,4;14,4;54,5;4,4;42,38;94,22;24,66;5,18;18;7889,05;58,07
6412000;Frankfurt am Main, Stadt;58,81;23,65;15,13;-3,74;61,33;16,76;67,3;15,94;29,49;16,64;500 und mehr;48,3;12,37;35,74;39,54;13;1,67;5,73;5,53;26,3;40,4;15,1;117,12;6,9;30,42;9,18;42,4;10,4;10;10,8;10,99;Sehr geringe Leistung (untere Eher geringe Leistung0 % der Kreise);Sehr geringe Leistung (untere Eher geringe Leistung0 % der Kreise);Eher hohe Leistung;457,4;22;10,9;56,8;6,3;45,95;94,33;37,65;5,11;15,45;14981,99;139,28
6413000;Offenbach am Main, Stadt;49,22;13,99;33,73;-41,73;79,93;17,97;65,98;16,05;39,77;13,6;500 und mehr;45,4;28,3;21,9;48,75;16,8;0,99;9,99;8,32;33,7;47,4;21,2;94,02;9,6;23,34;14,06;31;11,4;11,4;11,5;13,36;Sehr geringe Leistung (untere Eher geringe Leistung0 % der Kreise);Sehr geringe Leistung (untere Eher geringe Leistung0 % der Kreise);Sehr geringe Leistung (untere Eher geringe Leistung0 % der Kreise);456,2;17,4;12,8;56,1;9,3;30,44;91,44;30,12;4,23;19,62;6171,18;106,22
6414000;Wiesbaden, Landeshauptstadt;39,75;28,92;27,89;19,98;43,9;17,28;62,83;19,9;23,06;13,24;500 und mehr;50,2;30,39;28,7;49,7;12,31;1,13;7,37;6,8;29,7;44,9;15,6;103,96;8,2;33,45;12,57;37;8,5;8,7;8,3;13,43;Sehr geringe Leistung (untere Eher geringe Leistung0 % der Kreise);Sehr geringe Leistung (untere Eher geringe Leistung0 % der Kreise);Mittlere Leistung;772,8;21,6;13,5;54,4;8,8;40,92;98,42;16,34;7,69;19,92;7133,11;147,83
6431000;Bergstraße;16,91;39,59;40,52;24,22;8,06;16,91;59,39;23,7;15,48;10,88;200 bis unter 300;61,7;69,89;15,49;59,09;13,74;0,74;12,28;9,23;31,3;52,7;12,3;86,27;4,6;29,93;6,95;42,4;3,2;3,3;3;7,38;Mittlere Leistung;Mittlere Leistung;Eher geringe Leistung;657,3;18,5;14,1;57,7;5;33,45;93,48;14,47;6,89;10,86;3128,36;75,87
6432000;Darmstadt-Dieburg;19,36;43,18;35,38;0,56;21,32;17,44;60,2;22,36;15,82;11,79;300 bis unter 500;58,4;79,33;16,58;56,74;15,36;0,82;11,43;9,65;34,4;57,2;15,4;88,13;5,2;30,05;6,55;47,1;3,1;3,3;2,9;7,32;Mittlere Leistung;Eher geringe Leistung;Eher geringe Leistung;635,6;16,1;10,9;62,1;4,8;33,58;95,26;12,52;6,29;10,22;3131,24;58,94
6433000;Groß-Gerau;24,23;45,16;24,61;-6,11;35,85;18,49;61,69;19,82;23,92;12,77;300 bis unter 500;53,9;55,45;18,56;52,09;15,96;0,81;9,21;8,74;26,6;50,1;11,7;116,02;6,8;27,37;8,84;38,1;4,6;4,7;4,4;9,68;Sehr geringe Leistung (untere Eher geringe Leistung0 % der Kreise);Eher geringe Leistung;Sehr geringe Leistung (untere Eher geringe Leistung0 % der Kreise);629,7;12,9;11;63,9;6,1;25,61;93,31;14,56;6,28;14,39;4810,85;102,12
6434000;Hochtaunuskreis;20,06;29,06;49,78;53,71;34,59;17,81;58,74;23,45;18,81;13,68;500 und mehr;60,7;60,97;34,53;44,88;10,99;1,02;8,14;6,64;27,4;43;13;131,26;4,6;38,69;5,43;46;3,3;3,4;3,2;6,15;Mittlere Leistung;Eher geringe Leistung;Eher geringe Leistung;686,8;15,2;15,5;61,7;5,1;42,73;95,3;21,6;6,45;9,38;3722,11;117,93
6435000;Main-Kinzig-Kreis;16,13;37,82;44,31;40,91;31,46;17,39;60,04;22,57;18,62;11,19;200 bis unter 300;60,2;50;13,8;61,12;15,08;1,08;10,94;8,86;31,5;53,6;13;87,9;6,2;30,09;8,21;40,2;4,1;4,3;3,7;8,86;Sehr hohe Leistung (obere 20 % der Kreise);Eher hohe Leistung;Eher hohe Leistung;640;16,3;13,3;56,8;7;32,18;91,17;18,78;6,05;12,91;4034,55;79,11
6436000;Main-Taunus-Kreis;32,8;40,72;24,57;-9,26;35,68;18,06;60,21;21,73;18,94;13,49;500 und mehr;55,6;51,77;33,28;43,38;11,92;1,59;7,8;7,15;25,9;42,8;12,3;124,11;5,4;34,31;5,96;44,4;3,5;3,7;3,2;6,81;Sehr geringe Leistung (untere Eher geringe Leistung0 % der Kreise);Sehr geringe Leistung (untere Eher geringe Leistung0 % der Kreise);Eher hohe Leistung;770,3;20,6;10,5;59,8;4,8;37,5;96,12;20,74;5,64;9,75;4486,23;134,02
6437000;Odenwaldkreis;10,93;31,72;56,52;14,6;5,01;16,21;58,05;25,74;14,47;9,11;100 bis unter 200;61,8;91,85;11,94;61,09;18,45;0,18;12,4;9,82;32,1;54,8;11,8;76;4,7;28,01;8,34;42,1;3,3;3,4;3,3;7,3;Mittlere Leistung;Mittlere Leistung;Eher geringe Leistung;686,7;17,5;15,4;57,7;5,9;31,62;92,45;12,39;4,56;11,57;2557,38;38,36
6438000;Offenbach;29,72;23,13;44,47;26,9;29,36;17,77;60,33;21,89;21,23;12,73;500 und mehr;59,2;37,92;21,2;50,76;15,24;1,5;9,86;9,71;29;47,3;14,8;94,91;5,4;30,09;7,71;39,6;4,5;4,7;4,2;8,25;Sehr geringe Leistung (untere Eher geringe Leistung0 % der Kreise);Eher geringe Leistung;Sehr geringe Leistung (untere Eher geringe Leistung0 % der Kreise);618,9;15,5;12,9;59,5;4,6;31,49;91,26;15,67;5,02;12,62;4191,36;126,53
6439000;Rheingau-Taunus-Kreis;13,64;28,66;55,71;17,72;12,12;16,43;58,95;24,63;14,16;10,94;300 bis unter 500;62,9;66,79;19,02;57,98;12,94;0,83;13,68;10,5;36,3;55,4;16,7;80,37;5,1;31,83;6,25;42,5;3,2;3,5;2,9;7,48;Mittlere Leistung;Eher geringe Leistung;Eher geringe Leistung;670,6;17,9;14,7;55,8;5,2;40,87;100,06;12,88;6,08;11,72;2921,07;110,96
6440000;Wetteraukreis;15,91;52,42;29,89;59,02;12,36;17,18;60,27;22,56;15,23;11,3;200 bis unter 300;62;58,97;16,11;60,21;14,54;0,96;11,17;8,28;32,3;52,9;13,7;87,49;4,6;30,4;7,61;43,2;3,4;3,7;3,1;6,99;Mittlere Leistung;Eher geringe Leistung;Mittlere Leistung;644,4;14;16,1;60,3;5,5;36,51;96,32;12,8;5,94;9,4;4075,19;122,27
6531000;Gießen;18,03;44,32;35,94;-522,25;558,53;16,36;62,79;20,85;15,39;10,86;100 bis unter 200;60,5;64,43;19,98;58,65;14,53;1,07;12,19;7,36;35,3;54,3;17,6;82,44;6,2;26,52;7,8;43;5,2;5,4;5;11,14;Mittlere Leistung;Mittlere Leistung;Sehr geringe Leistung (untere Eher geringe Leistung0 % der Kreise);601,3;14,5;11,6;66,2;6,1;38,16;94,46;13,07;6,64;16,37;10689,67;80,1
6532000;Lahn-Dill-Kreis;16,31;31,97;50;19,13;18,85;17,15;59,54;23,31;13,17;9,11;100 bis unter 200;67;61,98;13,84;65,71;14,37;0,31;11,15;7,97;30,1;54,1;10,8;83,5;6;27,18;7,69;39,8;3,8;4;3,6;9,56;Eher hohe Leistung;Mittlere Leistung;Sehr geringe Leistung (untere Eher geringe Leistung0 % der Kreise);666,1;13,5;11,6;68,4;6,7;32,4;90,92;12,98;6,29;14,64;3925,23;53,13
6533000;Limburg-Weilburg;17,51;45,21;34,94;6,73;13,63;16,84;59,94;23,21;13,66;9,53;200 bis unter 300;65,2;87,58;12,93;64,3;14,57;0,9;12,05;8,34;33,8;56,3;12,8;79,25;5,5;27,83;8,92;39,2;3,9;4,3;3,5;8,2;Eher hohe Leistung;Mittlere Leistung;Eher geringe Leistung;674,5;16,8;13,4;58,9;5,3;35,45;95,82;13,86;6,87;11,81;4462,41;85,14
6534000;Marburg-Biedenkopf;14,04;42,7;41,62;-11,98;34,31;16,21;62,54;21,25;13,21;10,01;100 bis unter 200;61,2;53,26;17,43;61,15;15,16;0,69;11,64;7,05;36,4;57,8;16;88,71;4,7;26,74;6,44;48,1;3,8;3,9;3,6;7,87;Eher hohe Leistung;Eher hohe Leistung;Mittlere Leistung;612,8;15,7;9,7;68,6;5,5;40,36;96,61;16,6;7,17;10,96;4393,65;39,13
6535000;Vogelsbergkreis;10,53;48,36;39,69;10,87;19,08;15,81;57,39;26,8;9,02;7,61;50 bis unter 100;67,8;87,45;10,62;68,13;14,32;0,31;13,25;8,61;33,6;58,9;11,1;77,14;4,3;28,36;8,01;41,2;2,7;2,8;2,6;7,1;Sehr hohe Leistung (obere 20 % der Kreise);Eher hohe Leistung;Mittlere Leistung;737,4;21;13,9;51,9;6;35,56;96,89;13,39;6,95;9,54;3934,24;46,46
6611000;Kassel, documenta-Stadt;61,59;13,65;22,02;-39,9;70,58;16,49;63,11;20,4;22,04;9,05;200 bis unter 300;49,9;14;21,95;57,96;12,95;0,79;9,03;6,14;36,3;54,6;19,5;84,15;9;25,23;12,51;35,5;10,2;10,2;10,1;15,71;Sehr geringe Leistung (untere Eher geringe Leistung0 % der Kreise);Sehr geringe Leistung (untere Eher geringe Leistung0 % der Kreise);Eher geringe Leistung;466,3;27,4;11,3;48,5;8,4;34,44;94,27;45,84;5,42;24,32;10952,69;125,74
6631000;Fulda;14,29;47,69;36,68;5,22;14,4;17,1;60,25;22,65;11,86;9,69;100 bis unter 200;63,3;74,64;13,92;67,19;13,11;0,84;10,95;8,2;30,1;53,9;10,1;79,04;3,8;28,71;6,26;50,7;3,8;4,1;3,4;6,4;Mittlere Leistung;Mittlere Leistung;Mittlere Leistung;671,3;16,2;16,4;53,8;5,2;35,91;96,1;15,43;7,36;8,98;4293,63;44,54
6632000;Hersfeld-Rotenburg;12,38;39,73;46,29;-8,6;28,36;16,6;57,7;25,7;11,38;7,88;50 bis unter 100;65,1;71,43;10,17;65,86;13,43;0,28;9,41;5,69;29,8;55,9;9,8;81,42;4,3;27,55;7,78;46,8;3,1;3,2;2,9;6,42;Sehr hohe Leistung (obere 20 % der Kreise);Mittlere Leistung;Eher geringe Leistung;694;14,2;14,9;55,9;6,6;36,79;90,5;12,02;6,25;10,27;4630,62;56,21
6633000;Kassel;14,37;43,73;40,43;56,52;24,49;16,35;57,59;26,05;9,53;8,86;100 bis unter 200;64,2;68,97;11,12;67,65;11,89;0,33;10,09;6,99;31;59,8;12,2;88,17;4,7;28,52;7,53;42,9;2,9;3;2,8;6,81;Eher hohe Leistung;Eher hohe Leistung;Eher hohe Leistung;671,5;19,5;14;53,3;4,2;39,4;98,1;14,75;6,59;10,33;3585,45;86,99
6634000;Schwalm-Eder-Kreis;12,62;48,3;36,81;16,83;36,21;16,22;59,05;24,73;10,31;7,59;50 bis unter 100;67,8;77,95;11,23;67,33;13,87;0,54;11,47;7,44;35,7;58,4;14,3;86;4,6;27,2;8,01;43,5;3,1;3,2;2,9;6,98;Eher hohe Leistung;Mittlere Leistung;Eher hohe Leistung;686,1;19,4;14,2;53;9,3;40,87;94,75;13,26;6,71;9,82;3917,34;60,53
6635000;Waldeck-Frankenberg;9,99;41,35;46,64;23,27;37,39;16,5;58,9;24,6;11,24;7,35;50 bis unter 100;67,8;68,75;11,56;69,35;12,98;0,62;10,21;7,98;32,6;56,8;10,8;83,16;4,7;27,76;7,42;40,8;3;3,3;2,7;7,24;Sehr hohe Leistung (obere 20 % der Kreise);Eher hohe Leistung;Eher hohe Leistung;700,2;17,7;14,9;56,6;7;35,45;99,3;13,92;6,66;9,54;3415,93;48,35
6636000;Werra-Meißner-Kreis;11,64;42,66;43,57;30,61;18,63;15,35;57,76;26,89;8,67;6,97;50 bis unter 100;64,2;43,8;11,14;71,94;11,86;-0,04;11,24;6,27;42;65;15,6;81,84;5,4;26,16;8,92;47,4;3,5;3,5;3,5;8,36;Eher hohe Leistung;Mittlere Leistung;Mittlere Leistung;655,7;18,9;15,6;53,7;5,5;39,56;95,51;14,75;4,82;11,88;4134,3;35,83
7111000;Koblenz, kreisfreie Stadt;37,19;22,52;34,38;-44,63;93,49;15,12;62,82;22,06;16,97;10,65;500 und mehr;55,7;93,94;20,37;60,81;13,36;1;7,85;5,95;30;46,9;13,9;89,57;6,7;26,93;10,31;45;6,9;7;6,8;10,68;Eher geringe Leistung;Sehr geringe Leistung (untere Eher geringe Leistung0 % der Kreise);Sehr geringe Leistung (untere Eher geringe Leistung0 % der Kreise);574,3;27,9;17,3;43,5;5;33,65;97,25;15,63;6,54;16,98;10590,24;66,15
7131000;Ahrweiler;14,24;30,74;53;89,14;22,19;15,92;58,14;25,95;10,47;9,72;100 bis unter 200;61;67,31;13,09;65,23;12,94;0,8;12,43;9,97;31,4;54,7;11,4;78,23;4,1;28,63;7,1;44,5;2,4;2,5;2,3;4,97;Eher geringe Leistung;Eher geringe Leistung;Sehr geringe Leistung (untere Eher geringe Leistung0 % der Kreise);682,4;21,5;10,9;55,4;6,8;39,55;97,07;10,15;6,1;7,63;5089,17;68,8
7132000;Altenkirchen (Westerwald);16,69;30,49;51,57;30,8;19,45;17,51;58,93;23,56;10,37;8;50 bis unter 100;65,2;90,64;9,37;70,1;13,88;0,12;13,22;8,57;28,6;55,5;8,3;78,19;5,9;26,14;9,24;42;2,8;3;2,5;7,06;Mittlere Leistung;Eher geringe Leistung;Sehr geringe Leistung (untere Eher geringe Leistung0 % der Kreise);664,8;22,5;11,5;54,3;8;29,34;88,25;9,74;6,18;10,23;4804,54;54,49
7133000;Bad Kreuznach;14,3;43,25;41,06;53,41;14,87;16,78;58,53;24,69;13,19;9,8;100 bis unter 200;58,3;78,69;12,03;64,68;15,77;0,33;11,23;8,17;33,1;55,3;12,6;77,74;6,8;25,72;8,23;40,8;3,3;3,4;3,1;8,05;Eher hohe Leistung;Eher hohe Leistung;Sehr geringe Leistung (untere Eher geringe Leistung0 % der Kreise);631;16,6;12,1;56;10,4;36,66;93,23;11,91;5,71;11,57;4891,71;58,88
7134000;Birkenfeld;11,68;31,46;55,1;22,88;46,73;16,2;58,14;25,66;12,76;7,45;bis unter 50;63,3;91,2;10,86;68,43;14,83;0,4;11,15;7,32;32,1;53,3;10,4;74,92;6,9;25,13;9,74;36,5;3,9;4,2;3,5;8,95;Eher hohe Leistung;Eher geringe Leistung;Mittlere Leistung;645;15;15,4;55,7;11,3;23,89;88,67;10,82;6;15,37;5013,86;52,05
7135000;Cochem-Zell;12,05;35,45;50,35;33,92;45,12;15,53;58,53;25,94;10,98;7,98;50 bis unter 100;73;86,98;6,87;69,37;13,22;0,5;13,01;9,41;37,2;60,7;12,4;78,81;3,9;26,91;7,03;42,3;2,6;2,6;2,7;5,75;Eher hohe Leistung;Sehr hohe Leistung (obere 20 % der Kreise);Mittlere Leistung;702;24,8;13,9;48,7;8,1;34,46;94,8;10,85;5,49;8,27;3674,85;25,97
7137000;Mayen-Koblenz;17,63;46,6;32,69;31,72;31,07;16,9;59,55;23,54;10,76;9,12;100 bis unter 200;67,4;60,8;11,04;66,13;14,77;0,16;12,29;9,13;30,8;55,1;11,6;83,94;4,1;27,2;8,28;42,1;3;3,4;2,6;6,47;Mittlere Leistung;Mittlere Leistung;Mittlere Leistung;666,8;16,8;12,4;56,7;7,3;37,57;97,05;14,34;6,14;8,54;4578,6;58,46
7138000;Neuwied;19,29;32,38;45,85;47,66;22,11;17,55;58,81;23,64;12,03;9,41;100 bis unter 200;59;68,44;11,62;65,8;13,92;1;10,45;7,86;30,7;53,2;11,2;83,4;5,4;35,63;8,26;41,6;3,9;4,1;3,7;7,55;Sehr geringe Leistung (untere Eher geringe Leistung0 % der Kreise);Eher geringe Leistung;Mittlere Leistung;664,5;16,7;12,9;58;12,1;32,58;88,17;10,85;5,9;9,97;5101;75,64
7140000;Rhein-Hunsrück-Kreis;12,82;40,58;45,54;-38,14;123,33;16,72;58,99;24,29;11,44;8,32;50 bis unter 100;69,2;67,03;9,95;66,89;13,71;1,21;10,83;7,75;30,2;57,7;9;81,46;4,2;28,36;6,67;46,5;2,5;2,8;2,1;4,96;Sehr hohe Leistung (obere 20 % der Kreise);Mittlere Leistung;Eher geringe Leistung;695,4;17,9;13,6;55,2;9,9;32,27;88,45;9,87;5,87;7,25;4969,78;43,11
7141000;Rhein-Lahn-Kreis;13,2;37,66;46,84;61,31;21,74;16,66;58,69;24,65;11,35;8,99;50 bis unter 100;61,5;73,29;10,95;67,67;15,15;0,7;11,61;8,96;34;56,9;12;78,87;4,4;26,56;7,88;41,1;3,1;3,3;2,9;6,58;Eher geringe Leistung;Mittlere Leistung;Sehr geringe Leistung (untere Eher geringe Leistung0 % der Kreise);661,4;17;12,7;56;8,1;38,38;92,63;11,16;5,28;8,67;4611,11;43,79
7143000;Westerwaldkreis;17,12;37,59;42,82;40,47;12,9;17,22;60;22,79;10,89;8,72;50 bis unter 100;64,8;78,41;9,85;68,81;14,26;1,02;13,26;10,35;29,2;55,3;8,5;87,25;3,9;28,58;8,27;42,2;2,5;2,7;2,3;5,4;Eher hohe Leistung;Eher hohe Leistung;Eher hohe Leistung;693,3;21;13,3;52,6;10,1;35,6;94,57;10,84;6,37;7,31;4257,4;46,2
7211000;Trier, kreisfreie Stadt;32,7;20,16;43,16;-628,61;693,2;15,09;65,33;19,58;18,68;11,32;300 bis unter 500;58,3;61,72;19,37;60,01;14,29;-0,01;10,85;5,7;35,2;51,8;16,8;75,97;7,4;28,26;9,49;30,3;6,7;7;6,4;17,82;Sehr geringe Leistung (untere Eher geringe Leistung0 % der Kreise);Eher geringe Leistung;Eher geringe Leistung;519;17,4;19,2;46,6;7,9;34,47;109,77;19,84;5,3;17,26;12090,05;87,21
7231000;Bernkastel-Wittlich;12,36;35,14;50,72;4,42;33,4;16,36;59,08;24,56;13,39;8,43;50 bis unter 100;66,7;93,91;8,67;68,07;13,67;0,27;11,88;8,93;29,1;52,7;9,4;77,3;4;27,35;6,97;39,5;2,7;3;2,3;5,24;Eher hohe Leistung;Sehr hohe Leistung (obere 20 % der Kreise);Eher geringe Leistung;693,7;20,6;15,4;48,2;8,7;34,54;96,53;9,91;6,1;7,88;4323,82;48,59
7232000;Eifelkreis Bitburg-Prüm;10,94;51,65;36,56;-26,86;-25,65;17,54;60,38;22,09;17,18;9,31;50 bis unter 100;71,2;78,57;9,3;69,32;13,08;-0,07;13,59;8,49;29,7;53,4;9,1;88,88;3,4;27,88;7,15;33,7;2,2;2,5;1,8;4,62;Sehr hohe Leistung (obere 20 % der Kreise);Sehr hohe Leistung (obere 20 % der Kreise);Eher hohe Leistung;715;24,8;13,1;46,6;9,6;29,82;95,2;10,42;6,08;6,15;5352,35;54,11
7233000;Vulkaneifel;11,25;40,98;46,3;30,01;11,97;15,58;58,04;26,38;10,06;8,02;bis unter 50;65,5;83,21;9,35;69,92;14,64;0,22;12,4;8,93;31,8;55,2;9,5;78,57;4,5;27,85;7,38;45,1;2,2;2,4;2;4,75;Eher hohe Leistung;Mittlere Leistung;Eher geringe Leistung;735,3;20,8;13,4;49,7;8,7;30,54;97,94;10,1;6,2;7,12;4405,44;75,87
7235000;Trier-Saarburg;13,23;36,95;48,23;9;28,33;17,28;60,1;22,62;13,83;9,58;100 bis unter 200;70,9;77,26;9,55;67,25;14;0,57;18,2;9,91;33,2;55,7;12,5;72,82;3,4;29,55;5,49;33,3;2;2,3;1,8;3,7;Eher hohe Leistung;Sehr hohe Leistung (obere 20 % der Kreise);Mittlere Leistung;707,6;16,6;19;49,7;10,7;41,95;97,75;9,85;6,17;5,07;4424,21;69,15
7311000;Frankenthal (Pfalz), kreisfreie Stadt;37,35;57,89;2,12;20,98;32,61;17,44;58,79;23,77;21,6;10,82;bis unter 50;57,4;38,71;16,78;55,61;19,84;1,39;8,17;6,48;25,1;48,1;9,3;84,71;8,2;26;10,46;36,6;4;4,2;3,7;9,39;Sehr geringe Leistung (untere Eher geringe Leistung0 % der Kreise);Sehr geringe Leistung (untere Eher geringe Leistung0 % der Kreise);Sehr geringe Leistung (untere Eher geringe Leistung0 % der Kreise);569,1;13,7;14,5;58,7;8,3;20,9;93,58;12,62;6,16;14,31;7112,59;58,16
7312000;Kaiserslautern, kreisfreie Stadt;29,78;8,22;61,28;-78,66;92,71;15,2;63,27;21,53;22;10,42;200 bis unter 300;55;17,5;19,51;55,31;16,61;0,78;11,15;8,01;30,5;49,5;14,9;81,17;9,5;22,81;12,74;34,3;7,6;7,9;7,3;12;Sehr geringe Leistung (untere Eher geringe Leistung0 % der Kreise);Eher geringe Leistung;Sehr geringe Leistung (untere Eher geringe Leistung0 % der Kreise);500,5;15,6;15,4;55,3;10,2;29,51;96,93;14,45;6,78;17,56;10669,55;70,7
7313000;Landau in der Pfalz, kreisfreie Stadt;25,14;42,43;31,75;15,76;14,73;15,86;63,34;20,8;12,99;10,86;300 bis unter 500;55,8;78,1;18,68;62,21;13,9;1,91;11,14;7,5;36,8;56;15,2;74,31;6,3;26,09;7,54;53,7;3,5;3,5;3,5;9,09;Sehr geringe Leistung (untere Eher geringe Leistung0 % der Kreise);Sehr geringe Leistung (untere Eher geringe Leistung0 % der Kreise);Sehr geringe Leistung (untere Eher geringe Leistung0 % der Kreise);593,7;25,9;11,5;50,6;9,7;38,68;96,56;16,81;6,08;14,67;8473,52;91,27
7314000;Ludwigshafen am Rhein, kreisfreie Stadt;60,98;28,67;4,87;-12,13;96,71;18,64;62,39;18,97;30,98;11,27;300 bis unter 500;52,9;35,21;20,36;60,11;12,43;0,37;6,14;4,85;25,2;47,7;10;109,73;9,5;23,2;14,35;29,3;6,1;6,3;5,8;14,2;Sehr geringe Leistung (untere Eher geringe Leistung0 % der Kreise);Sehr geringe Leistung (untere Eher geringe Leistung0 % der Kreise);Sehr geringe Leistung (untere Eher geringe Leistung0 % der Kreise);479,2;14,6;10,8;62,6;12,7;21,43;79,47;18,27;6,82;21,87;9339,13;63,76
7315000;Mainz, kreisfreie Stadt;49,53;41,35;4,83;31,73;4,54;14,89;67,1;18,01;19,5;14,22;500 und mehr;49,2;37,32;29,76;48,15;14,32;0,99;9,31;7,17;33,3;46,9;18,9;116,63;5,8;26,89;6,27;54,9;5,8;5,9;5,8;8,53;Eher geringe Leistung;Sehr geringe Leistung (untere Eher geringe Leistung0 % der Kreise);Eher geringe Leistung;460,3;16,5;15,2;52,2;4,5;35,21;92,89;17,34;5,69;13,19;7203,01;85,9
7316000;Neustadt an der Weinstraße, kreisfreie Stadt;20,08;34,9;43,94;70,45;38,53;16,6;57,53;25,87;13,4;10,41;300 bis unter 500;58,9;29,03;14,08;64,5;12,59;0,05;11,5;7,77;38,9;57,6;15,6;72,83;6,8;32,27;9,09;40,5;3,5;3,6;3,4;9,55;Sehr geringe Leistung (untere Eher geringe Leistung0 % der Kreise);Eher geringe Leistung;Sehr geringe Leistung (untere Eher geringe Leistung0 % der Kreise);642,9;16,4;10,3;61,3;2,5;33,53;95,98;14,52;7,12;14,77;6706,96;51
7317000;Pirmasens, kreisfreie Stadt;32,27;25,69;41,35;83,5;54,07;16,19;58,3;25,51;16,63;6,97;100 bis unter 200;60,5;84,62;11,05;66,19;17,42;-0,54;9,17;5,68;30,4;49,6;10,7;71,54;12,3;23,73;16,98;29,3;6,2;6,1;6,4;15,95;Sehr geringe Leistung (untere Eher geringe Leistung0 % der Kreise);Eher geringe Leistung;Sehr geringe Leistung (untere Eher geringe Leistung0 % der Kreise);591,3;22,6;13,8;51;16,7;28,9;93,77;13,99;6,93;25,33;8701,99;125,75
7318000;Speyer, kreisfreie Stadt;44,88;17,96;24,77;-607,9;593,98;15,74;59,48;24,78;16,96;10,82;500 und mehr;57,2;6,38;16,04;61,56;14,71;1,28;8,15;6,56;34,7;52,7;14,5;77,53;6,1;29,88;8,52;43,8;4,6;4,9;4,3;8,24;Sehr geringe Leistung (untere Eher geringe Leistung0 % der Kreise);Sehr geringe Leistung (untere Eher geringe Leistung0 % der Kreise);Sehr geringe Leistung (untere Eher geringe Leistung0 % der Kreise);617,9;16,3;19,8;53;4,4;37,25;92,38;27,32;7,35;11,27;14113,07;106,93
7319000;Worms, kreisfreie Stadt;30,46;60;4,29;13,72;51,64;17,72;61,37;20,91;22,01;10,22;300 bis unter 500;54;64,63;12,46;57,96;19,76;0,62;9,4;6,5;28,5;49,3;11,5;83,44;8,8;24,29;11,95;34,9;5,9;6,3;5,5;11,45;Mittlere Leistung;Sehr geringe Leistung (untere Eher geringe Leistung0 % der Kreise);Sehr geringe Leistung (untere Eher geringe Leistung0 % der Kreise);539,9;23,1;12,9;48,9;11,8;26,08;91,79;14,18;6,65;17,53;7233,18;51,87
7320000;Zweibrücken, kreisfreie Stadt;28,3;45,29;25,13;-5,1;61,82;16,39;58,71;24,9;12,61;7,48;100 bis unter 200;58,4;60,87;11,88;65,19;12,99;0,03;9;5,92;28,8;52,5;10,2;93,99;7,6;25,47;10,55;30,2;4,5;5;4;10,09;Sehr geringe Leistung (untere Eher geringe Leistung0 % der Kreise);Sehr geringe Leistung (untere Eher geringe Leistung0 % der Kreise);Sehr geringe Leistung (untere Eher geringe Leistung0 % der Kreise);658,8;20;12,3;57,6;14,8;38,69;92,61;21,12;6,06;15,28;7214,24;63,02
7331000;Alzey-Worms;15,62;76,26;5,77;65,07;0,15;17,79;59,47;22,74;11,23;9,93;100 bis unter 200;62;58,39;11,57;57,76;15,76;0,57;12,65;9,73;36,6;58,3;16;86,16;4,6;28,12;7,43;42,7;2,5;2,8;2,3;5,78;Sehr hohe Leistung (obere 20 % der Kreise);Mittlere Leistung;Sehr geringe Leistung (untere Eher geringe Leistung0 % der Kreise);678,4;16,7;12,6;56,4;8,5;38,77;96,08;13,05;6,67;8,56;3737,48;41,91
7332000;Bad Dürkheim;13,77;33,48;52,02;47,42;16,15;16,05;57,88;26,08;10,17;10,14;300 bis unter 500;64,9;64,61;11,54;63,02;15,58;0,47;13,84;9,93;36,8;57,7;14,5;73,43;4,7;31,82;7,01;47,2;2,2;2,3;2,1;5,76;Mittlere Leistung;Eher geringe Leistung;Sehr geringe Leistung (untere Eher geringe Leistung0 % der Kreise);701,6;9,5;15,3;61,8;9,4;37,44;97,51;14,91;6,9;8,44;4652,01;70,72
7333000;Donnersbergkreis;11,69;52,87;34,04;49,48;16,05;16,8;58,76;24,45;9,86;9,21;100 bis unter 200;65,1;67,2;11,5;65,34;14,11;0,05;12,14;8,17;33,1;57,1;11,6;81,95;5,8;26,67;9,17;40,7;2,6;2,8;2,4;7,02;Sehr hohe Leistung (obere 20 % der Kreise);Eher hohe Leistung;Eher geringe Leistung;703,1;23,8;13,8;50,1;9,6;35,69;98,36;11,65;6,24;9,9;4226,9;69,53
7334000;Germersheim;16,41;37,08;41;23,6;-18,57;17,59;60,43;21,98;14,11;10,68;300 bis unter 500;57,7;50,85;12,09;66,51;12,92;0,46;8,88;7,46;25,2;54;8,3;93,4;4,9;27,37;7,14;48,8;2,5;3;2;6,02;Mittlere Leistung;Eher geringe Leistung;Eher geringe Leistung;657,6;7,6;10,4;69,5;8;37,17;94,37;19,09;6,72;8,64;5379,69;91,34
7335000;Kaiserslautern;16,31;32,16;50,5;9,12;30,84;18,31;57,82;23,87;11,57;9,89;100 bis unter 200;63,6;69,03;9,66;60,33;13,98;0,75;13,28;8,52;33,9;54,9;13,5;80,27;5,4;25,98;8,67;46,7;2,2;2,2;2,2;6,07;Eher hohe Leistung;Mittlere Leistung;Mittlere Leistung;667,3;16,4;12,4;58,9;10,5;30,44;91,21;10,04;6,28;8,25;4477,96;65,82
7336000;Kusel;13,14;48,38;36,59;43,12;-50,91;16,01;57,7;26,28;8,11;8,45;50 bis unter 100;64,4;81,33;8,06;72,38;13,02;-0,61;15,01;8,71;40,5;61;14,5;80,47;5,1;25,67;8,75;45,4;2,4;2,6;2,1;6,56;Eher hohe Leistung;Mittlere Leistung;Sehr geringe Leistung (untere Eher geringe Leistung0 % der Kreise);703;17,3;10,8;58,7;9,1;28,16;92,81;10,64;5,56;9,89;6017,25;75
7337000;Südliche Weinstraße;13,23;40,57;45,31;48,75;-5,84;16,35;58,51;25,14;9,28;9,8;200 bis unter 300;65,8;87,43;12,6;65,42;14,71;0,67;12,2;9,12;34,6;56,7;13,1;77,4;4,7;28,66;6,21;50,1;2,1;2,2;1,9;5,7;Mittlere Leistung;Sehr geringe Leistung (untere Eher geringe Leistung0 % der Kreise);Sehr geringe Leistung (untere Eher geringe Leistung0 % der Kreise);707,1;16,6;6,9;65,1;8,3;41,79;95,15;10,78;6,55;8,75;4803,99;92,01
7338000;Rhein-Pfalz-Kreis;22,76;53,24;17,9;58,83;4,3;17,76;57,98;24,27;12,03;10,82;300 bis unter 500;63,8;63,35;10,73;57,95;15,29;0,15;11,96;8,94;31,4;54,5;12,1;83,05;4,3;32,08;6,18;23,5;1,5;1,6;1,4;5,03;Mittlere Leistung;Eher geringe Leistung;Sehr geringe Leistung (untere Eher geringe Leistung0 % der Kreise);665,3;19;11,4;59,4;5,3;38,09;93,78;15,38;6,57;7,31;4112,08;66,08
7339000;Mainz-Bingen;19,06;60,62;16,72;21,12;22,96;17,64;59,35;23,01;12,16;11,05;300 bis unter 500;61,7;87,72;21,92;56,98;12,42;1,16;12,25;9,75;31;50,7;13,4;119,56;5;37,77;6,43;51,6;2,5;2,7;2,3;5,91;Eher hohe Leistung;Mittlere Leistung;Mittlere Leistung;712,1;15,7;14,6;54,5;7,7;43,86;98,81;17,66;6,06;8,42;3968,44;40,69
7340000;Südwestpfalz;10,99;24,71;63,68;33,45;20,01;15,17;57,18;27,64;6,09;7,47;50 bis unter 100;73,3;77,3;6,61;70,8;14,3;-0,23;15,75;10,18;35,5;58,7;13,4;78,18;4,6;29,2;7,14;47,2;1,2;1,2;1,3;4,32;Eher hohe Leistung;Mittlere Leistung;Eher geringe Leistung;765,2;23,7;7,8;57,8;3,2;42,79;102,25;20,42;6,83;6,17;2920,84;41,12
8111000;Stuttgart, Stadtkreis;51,83;22,62;23,99;-36,81;34,13;15,74;65,83;18,43;27,39;16,02;500 und mehr;48,9;23,56;37,41;45,05;11,88;0,89;6,4;6,84;26,6;42,4;12,7;130,14;6,6;32,42;7,91;53,8;6;6,1;5,8;9,13;Eher geringe Leistung;Sehr geringe Leistung (untere Eher geringe Leistung0 % der Kreise);Sehr geringe Leistung (untere Eher geringe Leistung0 % der Kreise);490,9;18,3;16,4;49,5;6,6;44,97;90,15;19,48;4,04;12,71;8842,54;63
8115000;Böblingen;23,45;40,62;34,64;13,97;12,55;18,43;60,62;20,95;20,68;13,67;500 und mehr;54,8;62,46;27,91;53,63;12,53;0,43;8,52;8,78;23,5;47,8;8,3;143,78;4,3;31,55;5,67;39,1;2,3;2,6;2;5,41;Sehr geringe Leistung (untere Eher geringe Leistung0 % der Kreise);Eher geringe Leistung;Eher geringe Leistung;673,6;19,1;12,7;53,9;7,1;31,96;91,15;15,97;4,83;7,51;4479,63;39,48
8116000;Esslingen;25,59;43,5;29,2;9,24;17,05;17,25;61,32;21,43;19,67;13,06;500 und mehr;53,7;70,84;22,57;56,18;13,58;0,71;9,85;9,76;26,9;49,1;10,1;97,9;4,5;31,39;6,2;51,9;2,7;3;2,5;6,08;Eher geringe Leistung;Sehr geringe Leistung (untere Eher geringe Leistung0 % der Kreise);Eher geringe Leistung;644,2;19,1;14,1;52,9;5,7;31,07;90,76;15,96;4,53;8,64;4390,04;40,44
8117000;Göppingen;17,09;49,35;32,32;3,09;16,07;17,62;59,67;22,71;19,4;11,14;200 bis unter 300;56,7;90,91;13,9;64,54;14,5;0,16;10,53;10,18;29,8;53,5;9,6;80,98;5,3;30,44;7,23;51,8;2,6;2,8;2,4;6,79;Eher hohe Leistung;Eher geringe Leistung;Mittlere Leistung;667,5;17,5;15,2;52,9;9,5;27,58;93,41;15,27;5,52;9,95;3783,87;71,48
8118000;Ludwigsburg;25,47;53,82;18,31;9,08;11,38;18,09;60,92;20,99;20,24;13,59;500 und mehr;53,4;63,57;24,2;54,9;13,55;0,89;8,95;9,45;27;49,4;9,4;113,17;4,2;32,81;6,41;44;2,3;2,5;2,1;5,54;Eher geringe Leistung;Sehr geringe Leistung (untere Eher geringe Leistung0 % der Kreise);Eher hohe Leistung;641,5;16,2;13,8;55,4;8,1;32,89;96,26;16,02;4,54;7,87;4635,26;54,35
8119000;Rems-Murr-Kreis;18,25;41,33;39,28;17,97;15,27;17,45;60,42;22,13;18,31;12,79;300 bis unter 500;55,1;52,27;16,98;60,15;14,54;0,58;10,77;11,19;30,1;52,3;11,2;85,27;4,6;30,23;6,27;50,4;2,8;3;2,5;6,54;Eher geringe Leistung;Sehr geringe Leistung (untere Eher geringe Leistung0 % der Kreise);Mittlere Leistung;628,2;15,9;14,6;54,6;6,7;29,43;92,42;16,85;4,69;9;4169,54;52,87
8121000;Heilbronn, Stadtkreis;36,37;46,24;14,68;-8,56;46,22;17,83;63,16;19,01;30,6;12,76;500 und mehr;52;60;20,28;57,28;15,08;-0,63;9,61;9,46;28,8;46,6;11,6;87,49;6,7;39,89;9,95;50,1;5,4;5,6;5,2;9,01;Sehr geringe Leistung (untere Eher geringe Leistung0 % der Kreise);Sehr geringe Leistung (untere Eher geringe Leistung0 % der Kreise);Eher geringe Leistung;530,9;19,7;16,6;50,2;9,2;26,79;94,32;13,47;4,29;12,03;6998,47;55,31
8125000;Heilbronn;18,23;54,47;25,59;36,34;-11,64;18,23;60,89;20,88;16,79;11,95;200 bis unter 300;59,9;65,16;19,32;61,15;12,46;1,55;8,57;8,83;22,7;46,2;6,8;143,59;4,1;30,32;6,37;48,9;2,1;2,3;1,8;5,11;Mittlere Leistung;Eher hohe Leistung;Mittlere Leistung;731,7;18,2;13,7;55,5;5,1;29,15;91,41;14,79;4,66;7,06;3119,16;39
8126000;Hohenlohekreis;13,86;56,02;28,25;31,82;5,36;17,8;60,98;21,22;14,16;10,37;100 bis unter 200;57,4;66,51;13,34;66,82;13,87;1,36;7,67;7,99;22,1;46,6;6,1;96,19;3,7;30,25;5,49;57,8;2,6;2,9;2,1;4,24;Mittlere Leistung;Eher hohe Leistung;Mittlere Leistung;766,6;21,9;13,7;52,7;7,3;27,02;91,68;12,28;4,96;5,06;3182,18;41,51
8127000;Schwäbisch Hall;12,28;54,29;31,79;17,17;15,83;18,14;60,85;21,01;15,19;10,33;100 bis unter 200;59,5;71,36;13,43;65;13,86;1,06;9,94;10,18;26,4;49,8;8,3;97,83;3,9;29,88;5,86;57;2,7;3,1;2,3;5,35;Sehr hohe Leistung (obere 20 % der Kreise);Eher hohe Leistung;Sehr hohe Leistung (obere 20 % der Kreise);692,3;19,4;15,5;51,5;8,4;25,23;94,3;13,53;5,88;6,64;3658,5;31,36
8128000;Main-Tauber-Kreis;11,3;57,19;29,7;14,04;6,76;16,61;58,8;24,59;12,52;9,07;100 bis unter 200;65,2;94,65;12,94;69,52;12,61;0,31;9,49;8,12;29,3;53,6;9,1;85,17;3,6;29,16;5,11;57,1;2,4;2,7;2;4,99;Sehr hohe Leistung (obere 20 % der Kreise);Sehr hohe Leistung (obere 20 % der Kreise);Mittlere Leistung;701,9;21,6;15,5;49,5;7,6;35,32;95,57;15,32;5,7;7,07;4413,19;40,55
8135000;Heidenheim;13,34;41,77;43,01;-5,32;41,34;17,36;59,8;22,84;18,85;10;100 bis unter 200;58,9;78,72;16,31;62,65;14,7;0,5;9,57;9,57;28,1;51,4;8,5;85,46;5,1;28,23;7,49;45,7;2,5;2,8;2,2;5,67;Eher hohe Leistung;Eher hohe Leistung;Eher hohe Leistung;652,7;15,4;14,6;53,8;7,4;28,69;92,47;18,57;5,82;8,4;3536,07;26,62
8136000;Ostalbkreis;13,54;45,93;39,36;-71,61;105,91;17,51;60,3;22,19;13,14;10,83;200 bis unter 300;58,8;74,17;18,82;63,99;12,38;0,75;9,68;8,58;26,7;50,7;7,9;100,12;3,9;30,73;5,7;51,5;2,5;2,7;2,2;4,92;Eher hohe Leistung;Eher hohe Leistung;Eher hohe Leistung;678,7;13,1;15,9;57,4;6,5;29,68;92,59;15,02;5,24;6,8;3851,59;44,73
8211000;Baden-Baden, Stadtkreis;15,61;21,26;61,67;77,53;45,53;15,05;57,73;27,22;24,78;11,61;300 bis unter 500;58,8;25,81;18,59;63,02;11,48;0,45;10,21;9,19;31,8;49;11,5;93,34;7;35,58;8,74;38,4;6,8;7,6;5,8;9,49;Sehr geringe Leistung (untere Eher geringe Leistung0 % der Kreise);Sehr geringe Leistung (untere Eher geringe Leistung0 % der Kreise);Sehr geringe Leistung (untere Eher geringe Leistung0 % der Kreise);642,2;17,7;16;54,1;7;39,34;88,07;12,81;4,5;13,69;7946,41;174,05
8212000;Karlsruhe, Stadtkreis;46,87;22,4;26,06;-69,21;120,37;14,45;65,93;19,63;20,55;13,15;500 und mehr;54,4;25,68;29,1;51,83;12,66;0,53;7,19;6,76;29,8;46,8;14,9;105,74;5,1;28,57;7,6;58,8;5,8;6;5,7;7,01;Eher geringe Leistung;Sehr geringe Leistung (untere Eher geringe Leistung0 % der Kreise);Sehr geringe Leistung (untere Eher geringe Leistung0 % der Kreise);454,6;15;16,1;55,2;7,7;45,06;89,88;26,32;4,92;9,83;8199,32;103,22
8215000;Karlsruhe;18,88;43,74;34,02;31,25;14,86;17,04;60,24;22,71;15,86;11,27;300 bis unter 500;61,2;60,82;19,16;57,85;14,8;1,1;11,15;9,6;28;51,7;9,7;88,45;4,1;30,1;6,27;60,1;1,9;2,1;1,7;4,73;Eher geringe Leistung;Eher hohe Leistung;Eher geringe Leistung;640,4;15,4;13,8;58,4;7,4;37,97;91,55;18,6;5,65;7;3738,63;48,22
8216000;Rastatt;14,77;30,09;50,79;13,39;-5,5;16,88;59,64;23,49;16,95;10,66;200 bis unter 300;59,3;91,01;13,65;64,96;14,29;0,27;9,4;8,94;23,8;50;7;98,94;3,8;28,99;6,5;42,1;2,5;2,9;2,1;5,61;Sehr geringe Leistung (untere Eher geringe Leistung0 % der Kreise);Mittlere Leistung;Mittlere Leistung;675,7;14,2;11,9;61,2;7,4;37,32;94,2;16,65;5,54;8,23;4818,04;62,41
8221000;Heidelberg, Stadtkreis;30,6;26,19;40,55;-610,83;647,1;14,61;68,7;16,69;21,92;14,49;500 und mehr;50,8;13,75;36,4;46,06;11,87;0,99;9,64;6,28;33,5;46,1;18,8;83,67;5,1;32,24;5,24;37;5,5;5,2;6;6,15;Sehr geringe Leistung (untere Eher geringe Leistung0 % der Kreise);Eher geringe Leistung;Eher geringe Leistung;394,5;11,6;17,3;60,1;2,6;53,47;96,88;15,69;3,75;8,07;8280,26;54,57
8222000;Mannheim, Stadtkreis;58,3;23,43;12,66;8,46;52,1;15,52;65,78;18,7;27,67;12,53;500 und mehr;48,6;17,05;25,01;52,28;14,33;0,71;7,74;6,88;26,9;44,8;13;100,6;7,9;26,85;11,11;52,6;6,2;6,3;6,1;11,05;Sehr geringe Leistung (untere Eher geringe Leistung0 % der Kreise);Sehr geringe Leistung (untere Eher geringe Leistung0 % der Kreise);Sehr hohe Leistung (obere 20 % der Kreise);500,9;13,4;12,7;61,7;11,3;32,91;81,72;28,33;4,48;18,21;9917,78;69,17
8225000;Neckar-Odenwald-Kreis;11,29;45,15;42,24;18,11;-1,58;16,8;59,37;23,82;12,46;9,41;50 bis unter 100;63,9;95,17;10,31;68,72;15,31;0,15;10,64;8,77;30,9;56;8,5;79,61;4,1;28,13;6,42;48,4;2,5;2,7;2,3;4,84;Eher hohe Leistung;Eher hohe Leistung;Eher hohe Leistung;679,4;20,9;15,1;50,7;6,7;31,23;92,35;13,39;6,45;6,22;3404,86;51,63
8226000;Rhein-Neckar-Kreis;20,51;40,99;35,77;21,77;21,56;17,17;59,85;22,98;14,83;11,69;300 bis unter 500;60,1;67,61;24,94;53,72;13,03;1,02;10,8;9,2;29,6;50,4;12,2;102,21;4,6;31,25;6,26;52,7;2,7;2,8;2,5;5,86;Sehr geringe Leistung (untere Eher geringe Leistung0 % der Kreise);Mittlere Leistung;Mittlere Leistung;652,3;16,2;11,1;62;7,2;39,51;91,9;18,01;5,56;8,41;3782,94;51,38
8231000;Pforzheim, Stadtkreis;32,52;15,16;51,44;-20,24;27,28;18,35;61,57;20,08;31,31;10,62;300 bis unter 500;50,3;23,51;17,29;59,91;16,51;0,16;8,58;8,36;30,3;47;12,4;82,91;7,4;25,5;11,74;48,2;4,8;4,8;4,8;10,97;Sehr geringe Leistung (untere Eher geringe Leistung0 % der Kreise);Sehr geringe Leistung (untere Eher geringe Leistung0 % der Kreise);Mittlere Leistung;475,9;12,6;15,2;58,1;7,9;24,92;76,71;31,2;4,82;16,92;7047,56;61,52
8235000;Calw;11,83;25,32;61,72;31,19;-8,74;17,85;59,72;22,43;17,43;10,11;200 bis unter 300;57,2;91,09;12,34;67,12;14,18;0,92;11,46;11,8;31,7;53,6;9,6;82,05;4,2;29,58;7,45;48;2,3;2,5;2,1;5,05;Mittlere Leistung;Mittlere Leistung;Eher geringe Leistung;693,9;18,1;16,8;51,7;8,3;29,68;93,91;14,73;5,31;6,7;3057,35;24,19
8236000;Enzkreis;16,94;43,25;38,31;28,09;-4,86;17,97;59,28;22,75;14,89;10,86;200 bis unter 300;56,5;94,43;12,52;67,12;14,59;0,84;10,29;9,9;26,4;51,1;8,3;86,21;3,7;31,45;6,21;51,5;1,5;1,6;1,3;4,44;Mittlere Leistung;Mittlere Leistung;Sehr geringe Leistung (untere Eher geringe Leistung0 % der Kreise);691,4;22,7;13,2;51,8;6,4;29,64;91,85;17,85;5,71;6,23;2877,67;44,56
8237000;Freudenstadt;10,15;25,72;62,75;5,9;27,55;17,26;60,54;22,2;15,2;9,72;100 bis unter 200;58,4;54,63;12,64;66,79;14,03;0,65;10,6;10,59;25,9;48,7;7,4;84,75;4,4;30,38;6,51;49;2,5;2,7;2,1;5,05;Mittlere Leistung;Mittlere Leistung;Mittlere Leistung;677;13,4;16,7;55,5;7,8;26,91;90,83;14,58;6,15;6,73;3427,41;26,24
8311000;Freiburg im Breisgau, Stadtkreis;32,25;22,35;43,19;-138,76;187,23;15,89;66,3;17,81;18,25;12,88;500 und mehr;48;43,57;32,91;47,66;14,03;1,29;10;7,27;38,8;52,8;23,2;78,82;5,6;27,21;6,08;60;6,4;6;6,8;8,23;Eher geringe Leistung;Eher geringe Leistung;Eher geringe Leistung;400,4;14,8;19,2;52,2;8,3;49,94;97,84;19,18;4,57;11,72;10356,27;90,96
8315000;Breisgau-Hochschwarzwald;10,88;39,1;47,64;34,97;9,32;17,75;58,79;23,46;14,24;12,42;300 bis unter 500;59,6;67,11;16;62,75;14,59;0,85;12,16;11,5;33,4;56,1;13,6;76,83;3,7;30,39;5,26;55,5;2,5;2,5;2,5;5,21;Eher geringe Leistung;Mittlere Leistung;Eher geringe Leistung;609;14,8;15,2;57,1;7,3;38,88;88,34;17,57;5,14;7,17;4375,22;56,87
8316000;Emmendingen;11,6;39,81;45,97;34,69;6,71;17,69;59,59;22,71;13,34;12,19;200 bis unter 300;56;72,04;15,49;62,86;13,64;1,15;11,72;11,51;33,2;56,5;13;84,77;3,3;29,33;5,49;57,7;2,7;2,8;2,6;5;Mittlere Leistung;Eher geringe Leistung;Eher geringe Leistung;628,3;19,1;14,8;52;10,3;38,35;94,28;16,31;4,87;6,2;4251,8;38,28
8317000;Ortenaukreis;12,37;37,25;47,33;35,63;21,58;17,63;59,87;22,5;15,24;10,66;200 bis unter 300;58,8;48,27;12,44;65,44;14,24;0,83;10,62;9,84;28;51,1;8,8;82,68;4,1;28,35;6,97;52,6;2,7;2,9;2,4;5,66;Eher hohe Leistung;Mittlere Leistung;Sehr hohe Leistung (obere 20 % der Kreise);642,9;18,3;17;50,1;6,7;37,96;92,68;15,11;5,48;8,09;6796,33;50,8
8325000;Rottweil;13,53;41,95;43,01;14,19;0;18,31;59,31;22,38;14,39;9,09;100 bis unter 200;63,6;79,04;12,57;67,34;14,69;0,38;9,58;10,15;26,1;48,7;7,2;92,09;3,5;30,61;6,63;47,1;2,3;2,6;1,9;4,77;Mittlere Leistung;Eher hohe Leistung;Eher hohe Leistung;704,1;14,1;13,6;58,3;7;29,85;91,75;15,13;5,04;6,22;3597,48;29,24
8326000;Schwarzwald-Baar-Kreis;11,91;40,87;45,87;19,06;18,22;17,75;58,89;23,36;19,14;9,88;200 bis unter 300;57,3;72,87;14,21;64,53;15,27;0,58;10,88;11,01;27,4;48,1;8,8;82,47;4,9;29,54;7,64;45,1;3;3,2;2,8;6,11;Mittlere Leistung;Mittlere Leistung;Eher hohe Leistung;640,5;16,8;15,4;55,2;6,3;30,44;92,52;14,22;5,07;8,37;3545,65;36,44
8327000;Tuttlingen;12,34;36,44;50,02;15,29;11,23;19,15;60,05;20,8;20;10,04;200 bis unter 300;57,2;77,07;14,34;63,42;16,72;1,03;9,54;9,04;22,7;44,4;6,4;94,11;5,3;31,75;7,77;43;2,5;2,6;2,3;5,2;Mittlere Leistung;Mittlere Leistung;Mittlere Leistung;650;11,9;13,2;60,8;9,1;26,29;91,3;13,24;5,79;7,34;3185,09;29,61
8335000;Konstanz;16,11;48,55;33,48;58,08;-10,25;16,69;61,04;22,27;17,62;12,8;300 bis unter 500;56,8;62,87;19,81;58,16;14,53;0,92;12,85;9,37;33,5;52,3;14,7;81,39;4,4;29,93;7,81;45,9;3,4;3,5;3,2;6,14;Eher geringe Leistung;Eher hohe Leistung;Eher hohe Leistung;574,4;13,1;16,3;58,1;8,5;35,73;90,23;16,39;4,84;9,2;6119,43;30,5
8336000;Lörrach;13,24;33,6;51,63;73,41;1,13;18,12;60,06;21,83;18,89;12,87;300 bis unter 500;55,7;37,82;15,24;61,55;15,7;0,17;10,95;7,92;32,6;53,5;11,9;84,25;5,4;31,4;7,5;31,8;3,4;3,6;3;6,71;Mittlere Leistung;Eher geringe Leistung;Sehr geringe Leistung (untere Eher geringe Leistung0 % der Kreise);592,1;19,8;13,8;50,3;7,2;33,49;90,38;14,01;5,4;9,27;10971,91;48,69
8337000;Waldshut;10,65;38,35;49,41;32,17;-1,69;18,27;58,79;22,93;18,54;10,6;200 bis unter 300;57,5;87,59;11,66;65,7;16,36;0,1;12,63;8,74;32,3;55;9,8;82,66;4,7;29,74;8,05;27,8;2,4;2,8;2;5,45;Eher geringe Leistung;Eher geringe Leistung;Eher hohe Leistung;658,3;11,7;14,6;63,1;7,4;32,95;91,36;15,3;5,87;7,35;4557,67;26,81
8415000;Reutlingen;13,61;46,87;38,08;4,12;19,32;17,68;60,34;21,98;18,01;11,88;200 bis unter 300;56,8;82,18;20,5;59,01;13,71;0,7;9,67;9,63;29,9;51,2;10,7;91,42;4,7;29,94;7;50,2;2,6;2,8;2,3;5,97;Eher geringe Leistung;Eher hohe Leistung;Eher hohe Leistung;635,1;13,6;12,5;60,6;8,1;33,87;92,64;15,06;4;8,56;4515,08;38,16
8416000;Tübingen;18,61;45,04;34,72;-56,56;79,9;16,98;63,52;19,5;15,22;12,59;300 bis unter 500;56,5;73,5;28,09;53,94;13,08;1,57;11,67;8,69;37;54,6;17,7;80,2;3,6;29,52;4,78;57,7;2,4;2,4;2,3;4,96;Sehr geringe Leistung (untere Eher geringe Leistung0 % der Kreise);Eher geringe Leistung;Mittlere Leistung;561,6;15,5;11,4;60,9;6,5;38,96;93,73;16,56;4,4;7,28;3743,16;13,7
8417000;Zollernalbkreis;14,03;43,65;40,99;33,26;8,95;17,21;59,49;23,3;15,27;9,77;100 bis unter 200;57,6;80,15;12,68;67,03;14,6;0,58;10,42;10,94;28;49,8;8,2;83,44;4,6;30,65;7,11;47,7;1,6;1,8;1,4;4,72;Eher geringe Leistung;Mittlere Leistung;Mittlere Leistung;687,8;13;10,8;62,7;7,9;31,59;88,18;13,82;5,95;7,08;3469,27;20,17
8421000;Ulm, Stadtkreis;34,16;41,84;21,49;12,93;56,44;16,32;64,32;19,36;23,96;13,75;500 und mehr;52,5;25,68;27,31;52,98;13,44;0,99;8,55;8,46;26,5;43,7;10,7;94,59;4,2;33,09;6,93;55,4;5;5,3;4,5;6,73;Sehr geringe Leistung (untere Eher geringe Leistung0 % der Kreise);Eher geringe Leistung;Eher hohe Leistung;528,3;16,7;15,8;54,7;9,7;39,96;96,18;13,26;3,83;9,57;9465,51;49,28
8425000;Alb-Donau-Kreis;12,35;55,86;29,94;21,79;20,31;18,69;60,57;20,74;15,7;11,1;100 bis unter 200;58,7;88,06;10,13;67,53;13,81;0,95;12,16;12,75;26,9;54,5;7,3;94,49;3,1;29,73;5,48;50,9;1,8;2;1,6;4,05;Mittlere Leistung;Sehr hohe Leistung (obere 20 % der Kreise);Sehr hohe Leistung (obere 20 % der Kreise);671,5;16;14,2;58;8,3;26,95;91,19;13,1;5,45;5,65;2979,43;34,1
8426000;Biberach;12,39;57,2;28,62;16,49;14,95;18,91;60,58;20,51;13,1;11,13;100 bis unter 200;59,8;87,13;17,96;65,18;11,94;1,21;10,02;10,29;26,3;50,6;8;107,49;2,8;30,53;5,33;59,1;2,1;2,3;1,8;4,06;Eher geringe Leistung;Eher hohe Leistung;Sehr hohe Leistung (obere 20 % der Kreise);676,7;14,1;13,4;59,8;5,5;29,83;93,98;14,58;5,17;4,85;3296,29;19,77
8435000;Bodenseekreis;15,44;54,75;28,1;11,91;-6,39;16,99;58,57;24,43;16,32;13,2;300 bis unter 500;56,9;67,59;24,58;57,58;11,71;0,67;9,28;8,93;30,5;53,6;12,4;102,66;3,8;32,78;5,9;53;2,8;3,2;2,4;5,31;Sehr geringe Leistung (untere Eher geringe Leistung0 % der Kreise);Eher geringe Leistung;Eher geringe Leistung;657,4;15,9;13,3;57,7;7,8;33,01;93,37;15,69;5,47;6,74;4244,04;22,64
8436000;Ravensburg;11,14;57,22;28,8;48,57;14,19;17,86;60,59;21,55;13,69;11,65;200 bis unter 300;57,9;57,53;17,21;64,89;12,5;1,11;10,87;11,02;32,5;53,5;12,2;87,32;3,2;30,37;5,68;56;2,4;2,5;2,3;5,04;Eher geringe Leistung;Eher hohe Leistung;Sehr hohe Leistung (obere 20 % der Kreise);655;16,2;14,7;55,9;7,4;29,72;91,76;18,14;5,31;6,29;4052,19;20,27
8437000;Sigmaringen;10,44;48,83;38,94;-194,9;185,75;17,5;60,1;22,4;12,71;9,44;100 bis unter 200;60,7;71,52;11,31;68,8;14,31;0,52;11,53;10,77;29,7;54,2;9,3;84,8;3,7;28,86;7,18;49,1;2,3;2,5;2;4,33;Mittlere Leistung;Eher hohe Leistung;Sehr hohe Leistung (obere 20 % der Kreise);689,2;18,5;11;58,5;8,3;30,46;91,71;12,65;5,88;4,9;4561,65;23,46
9161000;Ingolstadt;37,17;39,04;15,84;86,27;26,84;17,73;63,79;18,48;23,47;13,06;500 und mehr;51,8;56,56;26,96;58,13;9,65;0,52;5,98;5,98;24,6;48,9;8,7;176,36;4,6;29,08;6,7;48,7;5,1;5,7;4,3;7,22;Sehr geringe Leistung (untere Eher geringe Leistung0 % der Kreise);Eher geringe Leistung;Sehr geringe Leistung (untere Eher geringe Leistung0 % der Kreise);738;20,1;16,6;47,1;4,7;30,51;86,02;21,69;4,86;9,41;6935,58;18,42
9162000;München, Landeshauptstadt;75,46;13,46;7,03;-41,63;122,41;15,83;67,14;17,03;28,47;21,01;500 und mehr;47;19,37;42,36;38,25;10,69;1,77;5,84;7,37;26,9;40,5;14,4;122,23;5,4;38,77;7,58;50,8;7,5;7,4;7,6;6,96;Eher geringe Leistung;Sehr geringe Leistung (untere Eher geringe Leistung0 % der Kreise);Eher geringe Leistung;525,1;25,8;14,5;44,5;5,6;43,17;94,03;46,55;4,27;9,56;6236,13;50,3
9163000;Rosenheim;42,13;35,49;17,03;82,88;42,13;16,58;63,4;20,03;24,2;14,33;500 und mehr;54,6;22,47;20,51;61,5;11,17;0,84;9,33;9,36;38,3;55,4;18,1;77,02;5,2;28,37;7,9;50,6;4,8;4,5;5,1;7,31;Sehr geringe Leistung (untere Eher geringe Leistung0 % der Kreise);Sehr geringe Leistung (untere Eher geringe Leistung0 % der Kreise);Eher geringe Leistung;551,9;19,3;15;51,2;5,5;24,43;85,54;26,08;3,55;9,53;7471,58;27,58
9171000;Altötting;13,94;53,31;29,39;87,42;30,37;17,64;59,49;22,87;14,63;10,45;300 bis unter 500;58,1;69,5;11,6;72,06;9,47;1,03;8,83;8,59;33,3;58,8;16;104,47;3,7;29,56;5,94;49,9;4,1;4,5;3,6;5,36;Sehr geringe Leistung (untere Eher geringe Leistung0 % der Kreise);Eher hohe Leistung;Eher hohe Leistung;663,1;18,6;21,7;43,8;4;28,2;93,66;16,66;3,68;5,92;4086,43;13,17
9172000;Berchtesgadener Land;7,29;22,36;53;13,39;19,75;16,41;59,23;24,36;18,05;12,18;500 und mehr;56,7;77,7;11,68;68,64;10,95;0,84;10,25;8,56;33,3;54,6;13,1;80,24;3,8;30,04;5,2;49,7;3;3,1;2,9;4,94;Sehr geringe Leistung (untere Eher geringe Leistung0 % der Kreise);Eher geringe Leistung;Eher geringe Leistung;649,8;20,9;21,2;43;4,2;19,58;87,52;17,57;4,23;5,74;11543,14;23,74
9173000;Bad Tölz-Wolfratshausen;6,88;27,98;55,83;20,58;39,46;17,57;59,88;22,55;14,01;14,53;500 und mehr;56;76;15,08;64,06;11,99;0,5;10,91;12,02;33,5;54;14;81,14;2,4;33,09;4,86;55,2;2,8;3,1;2,5;4,81;Sehr geringe Leistung (untere Eher geringe Leistung0 % der Kreise);Mittlere Leistung;Eher geringe Leistung;637;22,3;17;47,8;5,6;25,81;91,12;18,9;3,68;4,51;3311,38;9,98
9174000;Dachau;13,85;65,37;17,82;24,87;35,55;17,98;62,15;19,87;17,2;15,78;500 und mehr;57,7;75,12;14,81;59,8;12,99;1,85;10,75;13,85;31,7;53,4;13,8;87,74;3,2;33,38;5,19;55,6;2,4;2,7;2,1;3,94;Mittlere Leistung;Eher hohe Leistung;Eher hohe Leistung;629,9;18,6;20,4;47,2;5,8;31,49;97,74;34,97;4,61;4,23;3008,56;28
9175000;Ebersberg;12,71;47,55;37,51;11,93;36,61;18,78;61,42;19,8;15,96;15,67;500 und mehr;56,2;71,43;16,56;60,12;14;1,9;9,88;11,48;29,7;51,9;11,9;98,39;3;36,07;4,61;59,5;2,1;2,4;1,9;3,33;Eher geringe Leistung;Eher geringe Leistung;Mittlere Leistung;619,5;17,2;22,1;45,1;5,1;37,08;91,33;32,21;4,8;3,7;3108,34;49,23
9176000;Eichstätt;10,14;45,58;40,82;0,88;29,04;19,52;60,71;19,77;10,63;11,12;500 und mehr;66,2;87,06;17,48;63,97;11,45;1,03;10,63;8,7;30,5;55,7;9,7;101,41;2,7;30,11;3,54;58,6;1,2;1,5;1;3,21;Eher hohe Leistung;Sehr hohe Leistung (obere 20 % der Kreise);Eher hohe Leistung;661,5;21,6;13,7;51,1;2;34,31;94,17;19,58;4,93;4,61;2394,08;10,32
9177000;Erding;12,9;68,83;14,82;-0,5;40,89;18,02;63,32;18,66;14,12;13,21;500 und mehr;56,4;55,45;12,4;63,64;14,22;0,95;10,72;13,02;32,1;52,6;13;89,04;2,8;32,38;4,77;60,2;2,1;2,4;1,8;3,41;Sehr geringe Leistung (untere Eher geringe Leistung0 % der Kreise);Mittlere Leistung;Sehr hohe Leistung (obere 20 % der Kreise);671;12,2;19,9;51,9;4,9;29,27;93,17;18,59;3,91;3,6;3755,88;21,41
9178000;Freising;14,22;61,7;19,9;-6,72;54,45;17,45;65,42;17,13;20,01;14,41;500 und mehr;56;66,62;19,61;55,91;12,97;0,65;7,34;8,76;30,9;52,4;14,5;100,39;3,3;30,7;5,51;54,9;2;2,1;1,8;3,74;Eher geringe Leistung;Sehr hohe Leistung (obere 20 % der Kreise);Sehr hohe Leistung (obere 20 % der Kreise);625,1;14,4;17,5;53,1;5,5;31,41;89,29;28,24;3,91;4,64;6620,47;20,05
9179000;Fürstenfeldbruck;19,42;55,13;23,03;19,75;30,43;17,91;59,92;22,17;17,95;16,64;500 und mehr;54;76,94;17,29;56,84;13,2;1,19;11,11;12,46;32,9;55,8;13,5;92,56;3,7;33,69;5,32;53;2,3;2,5;2,1;4,72;Eher geringe Leistung;Eher hohe Leistung;Mittlere Leistung;581,1;16,2;19,3;48,2;5,1;33,03;92,23;25,51;3,78;5,77;3287,4;27,49
9180000;Garmisch-Partenkirchen;5,47;19,5;54,73;19,93;30,8;15,52;58,85;25,63;14,4;13,73;500 und mehr;60,7;92,93;14,57;67,29;10,72;1,11;10,91;11,57;37,2;52,9;17,5;75,69;3,6;32,22;4,82;52,1;2,6;2,8;2,3;4,52;Sehr geringe Leistung (untere Eher geringe Leistung0 % der Kreise);Eher geringe Leistung;Mittlere Leistung;603,1;28,2;11,3;45,2;3,9;29,67;87,38;19,34;4,17;5,27;4938,63;14,56
9181000;Landsberg am Lech;11,47;50;30,09;44,8;40,05;17,88;60,23;21,89;10,63;13,06;500 und mehr;60,8;64,49;18,52;63,73;11,38;1,32;9,92;9,58;33,4;56,8;12,1;91,26;3,2;33,49;4,3;61,8;2,3;2,6;2;4,04;Mittlere Leistung;Sehr hohe Leistung (obere 20 % der Kreise);Mittlere Leistung;713;17,5;12,8;57;5,7;31,67;93,23;16,16;3,4;4,2;2794,27;19,65
9182000;Miesbach;7,84;30,22;55,25;-6,59;38,5;16,75;59,66;23,6;13,68;15,85;500 und mehr;59,3;42,05;19,34;62,5;9,68;1,26;10,31;11,3;31,1;50;13,1;87,32;3;42,72;5,26;54,1;2,7;3,1;2,1;3,75;Sehr geringe Leistung (untere Eher geringe Leistung0 % der Kreise);Sehr geringe Leistung (untere Eher geringe Leistung0 % der Kreise);Sehr geringe Leistung (untere Eher geringe Leistung0 % der Kreise);703,6;19,4;17,4;49,6;3,6;28,29;93,47;26,44;3,79;3,68;3841,4;30,88
9183000;Mühldorf a.Inn;11,33;63,29;22,81;82,76;7,05;17,57;61,17;21,27;14,74;10,7;300 bis unter 500;60,3;63,7;10,35;69,03;11,49;1,58;9,7;10,15;30,1;54,9;9,7;82,42;3,8;29,89;6,32;49,1;3,4;3,5;3,2;5,27;Sehr geringe Leistung (untere Eher geringe Leistung0 % der Kreise);Eher hohe Leistung;Eher hohe Leistung;652,6;18;23,8;43,9;5,9;27,79;90,29;27,8;3,45;5,47;4241,34;22,12
9184000;München;21,09;30,11;44,89;39,62;24,86;17,95;61,04;21,01;20,45;18,72;500 und mehr;56,4;29,36;37,84;43,24;9,39;2,47;6,49;8,28;22,9;39,6;11,7;159,04;3,5;39,58;5,06;46,5;2,9;3,2;2,5;4,38;Sehr geringe Leistung (untere Eher geringe Leistung0 % der Kreise);Mittlere Leistung;Mittlere Leistung;707;20,3;22;44;3;47,41;97,01;35,66;4,13;5,64;3268,38;33,3
9185000;Neuburg-Schrobenhausen;12,38;59,57;23,74;11,47;28,98;18,54;60,7;20,76;12,85;11,1;300 bis unter 500;60,9;84,72;12,84;67,17;12,85;0,67;10,33;10,14;29,8;56,3;8,7;92,19;3,1;29,65;4,75;55,3;1,9;2,1;1,6;4,11;Eher geringe Leistung;Sehr hohe Leistung (obere 20 % der Kreise);Mittlere Leistung;691,9;15,9;18,2;49,7;6,4;28,27;91,77;15,83;3,55;5,27;3262,75;16,1
9186000;Pfaffenhofen a.d.Ilm;14,21;57,38;25,12;-87,17;158,05;18,38;61,95;19,67;13,54;11,86;300 bis unter 500;63;66,57;17,2;62,08;12,11;2,02;9,04;8,9;27,1;51,8;8,4;110,71;2,7;31,88;5,29;54,7;2;2,4;1,6;3,53;Mittlere Leistung;Eher hohe Leistung;Mittlere Leistung;676,5;11,7;18,9;53,8;7,6;33,85;92,83;16,79;4,05;2,45;3172,48;20,65
9187000;Rosenheim;11,55;46,59;36,09;49,84;11,56;17,59;59,37;23,04;11,63;13,1;500 und mehr;61,7;65,3;13,92;68,33;10,34;1,18;10,71;10,52;34,1;55,7;13,9;84,24;3,1;34,48;5,07;57,6;2,4;2,5;2,4;3,74;Sehr geringe Leistung (untere Eher geringe Leistung0 % der Kreise);Mittlere Leistung;Sehr hohe Leistung (obere 20 % der Kreise);697,2;19,7;26,1;42;5,5;26,06;92,43;20,89;3,24;3,96;4284,77;16,63
9188000;Starnberg;15,03;31,4;36,8;57,78;9,98;17,67;58,36;23,97;16,17;17,23;500 und mehr;63,4;84,01;30,67;51,15;9,3;1,96;8,76;9,15;29,5;48,3;13,6;94,95;3,7;44,52;4,63;57,4;2,6;2,8;2,4;3,93;Eher geringe Leistung;Mittlere Leistung;Sehr geringe Leistung (untere Eher geringe Leistung0 % der Kreise);647,8;24,1;18,8;43,6;7,1;39,51;91,86;31,99;4,19;4,12;2891,72;13,64
9189000;Traunstein;8,86;42,67;37,71;36,48;29,23;16,92;58,89;24,19;11,43;11,72;500 und mehr;58,4;77,19;14,1;69,92;10,97;1,1;9,74;9,66;30,3;53,5;11,2;93,03;3,3;33,06;4,64;61,3;2,5;2,6;2,2;4,29;Eher geringe Leistung;Mittlere Leistung;Sehr hohe Leistung (obere 20 % der Kreise);705,6;19;20,3;44,7;4,3;24,42;91,14;17,33;3,31;4,43;3460,01;16,56
9190000;Weilheim-Schongau;9,72;51,38;33,44;54,12;32,82;17,99;59;23,01;11,18;13,22;500 und mehr;62,4;64,02;17,21;66,91;10,82;1,05;11,31;10,3;33,2;55,4;12,9;89,4;3,2;32,08;4,79;58,7;2,2;2,4;2;4,79;Eher geringe Leistung;Eher hohe Leistung;Eher hohe Leistung;666,8;16,7;18,1;49,1;6;28,84;92,69;23,02;3,5;5,55;3120,39;19,43
9261000;Landshut;34,19;39,42;19,81;5,84;91,56;16,55;62,94;20,5;22,91;12,77;500 und mehr;55,1;80,21;16,73;62,41;13;0,16;8,66;8,69;37,5;53,5;15,7;89,65;6,3;34,44;7,42;39,1;4,9;5,1;4,6;7,5;Sehr geringe Leistung (untere Eher geringe Leistung0 % der Kreise);Mittlere Leistung;Eher geringe Leistung;556,2;14,1;31,1;41,6;3,9;27,42;95,32;30,41;3,45;10,26;6683,55;33,4
9262000;Passau;32,82;25,24;33,02;-25,64;97,66;14,07;63,57;22,36;22,47;10,47;200 bis unter 300;58,5;84,71;16,76;66,39;11,33;1,16;10,64;6,99;33,4;53,8;13,9;74,69;6,3;27,04;7,89;37,6;5,2;5,1;5,3;8,75;Sehr geringe Leistung (untere Eher geringe Leistung0 % der Kreise);Eher geringe Leistung;Eher geringe Leistung;569,8;43,8;15,4;31,9;6,2;32,04;93,02;32,95;5,37;13,63;9334,64;16,97
9263000;Straubing;31,05;55,69;3;95,71;40,61;14,82;63,17;22,02;22,31;10,06;300 bis unter 500;54,2;98,37;13,33;65,73;14,12;0,83;8,7;7,88;33,8;54,4;12,9;76,69;6,4;28,59;10,2;44,1;7,1;7,7;6,2;8,5;Sehr geringe Leistung (untere Eher geringe Leistung0 % der Kreise);Mittlere Leistung;Sehr geringe Leistung (untere Eher geringe Leistung0 % der Kreise);581,5;20,2;17,5;47,3;5,8;22,39;89,48;38,63;3,76;10,29;6820,13;18,37
9271000;Deggendorf;12,57;53,04;29,35;-158,65;255,57;16,05;61,74;22,21;12,71;9,96;100 bis unter 200;63,2;73,56;12,41;70,72;11,56;0,72;8,89;8,25;29,8;54;9,7;89,91;3,8;31,91;5,84;50,5;2,9;3,1;2,6;4,44;Sehr geringe Leistung (untere Eher geringe Leistung0 % der Kreise);Sehr hohe Leistung (obere 20 % der Kreise);Mittlere Leistung;682,5;16,2;15;54,2;5,1;25,37;89,18;15,15;4,92;4,46;5392,14;13,95
9272000;Freyung-Grafenau;9,63;29,64;57,65;22,49;31;15,5;59,6;24,9;7,11;8,08;100 bis unter 200;65,5;77,86;7,33;76,59;9,75;1,35;11,91;8,8;32,1;58;8,4;78,51;3,6;27,9;4,98;51;1,7;1,8;1,6;3,63;Eher geringe Leistung;Eher hohe Leistung;Eher geringe Leistung;706,7;18,2;12,4;55,4;8,5;28,94;92,97;14,19;4,54;4,27;2887,82;11,43
9273000;Kelheim;10,99;45,43;39,94;37,69;16,34;18,04;61,51;20,46;14,5;10,12;100 bis unter 200;68,5;75,64;10,86;68,23;13,6;0,88;10,57;10,05;30;54;9,4;89,16;3,4;29,54;5,29;50,9;2;2,3;1,6;3,26;Eher geringe Leistung;Sehr hohe Leistung (obere 20 % der Kreise);Eher hohe Leistung;679,9;23,2;14,4;49,6;6,7;25,59;87,15;15,97;3,79;3,61;2675,4;27,77
9274000;Landshut;11,66;62,63;22,98;45,51;9,74;18,28;61,1;20,62;11,61;10,53;200 bis unter 300;63,7;78,41;11,54;67,71;12,11;1,59;11,05;12,14;28,3;54,4;9,5;104,42;3,5;31,4;4,75;56,1;1,5;1,7;1,4;3,09;Eher geringe Leistung;Sehr hohe Leistung (obere 20 % der Kreise);Sehr hohe Leistung (obere 20 % der Kreise);712,8;14,9;15,6;55,4;5,1;29,62;94,18;23,67;3,25;3,91;2445,58;19,73
9275000;Passau;13,45;54,36;28,95;42,01;12,58;16,11;59,17;24,72;10,53;9,07;100 bis unter 200;67,1;72,46;7,78;72,47;10,9;0,66;11,7;10;31,1;56,6;9,6;83,55;3,7;28,37;5,62;49,7;2,2;2,3;2,1;4,51;Eher geringe Leistung;Sehr hohe Leistung (obere 20 % der Kreise);Eher hohe Leistung;698,9;19,2;12,1;55,9;3,9;30,81;94,19;16;4,07;6,58;3777,11;20,03
9276000;Regen;8,85;24,32;64,43;12,3;26,92;15,92;59,12;24,96;8,44;7,55;100 bis unter 200;65,2;86,67;7,55;75,52;11,62;1,17;10,81;8,03;32,6;57,4;10,4;76,56;4,1;27,97;5,47;47,4;2,1;2,1;2,1;4,38;Eher geringe Leistung;Eher hohe Leistung;Eher geringe Leistung;674,9;16,8;15,8;54,6;9,8;28,95;89,15;14,81;4,4;5,89;2660,9;10,35
9277000;Rottal-Inn;10,79;60,83;26,08;27,8;18,42;16,94;59,68;23,38;11,64;8,83;50 bis unter 100;67,7;78,07;8,64;72,58;11,25;0,56;11,49;10,59;33,1;56,3;10,5;90,09;3,9;30,4;5,68;53,5;2;2,2;1,7;4,18;Eher geringe Leistung;Sehr hohe Leistung (obere 20 % der Kreise);Sehr hohe Leistung (obere 20 % der Kreise);730,6;24,2;15,3;48;5,8;27,99;92,12;18,88;3,44;6,15;4588,5;23,24
9278000;Straubing-Bogen;10,97;57,55;27,82;-4,66;-2,62;17,68;60,69;21,64;8,89;9,23;50 bis unter 100;69;85,55;8,04;67,68;16,93;1,89;10,65;9,82;29,9;54,6;8,8;89,17;3,4;29,55;4,69;54,4;1,7;1,8;1,6;3;Eher geringe Leistung;Sehr hohe Leistung (obere 20 % der Kreise);Mittlere Leistung;706,2;14,2;9,3;64,4;2,6;32,91;91,63;16,44;4,32;3,57;2307,82;8,73
9279000;Dingolfing-Landau;12,37;61,38;21,98;42,16;7,42;17,03;62,44;20,53;15,53;9,67;50 bis unter 100;60,9;36,09;7,2;71,2;13,91;0,56;7,36;7,65;21,7;49,2;6,8;108,59;3,9;29,63;5,46;50,4;2,1;2,3;1,8;3,68;Eher geringe Leistung;Sehr hohe Leistung (obere 20 % der Kreise);Sehr hohe Leistung (obere 20 % der Kreise);733,4;24,2;13,4;50,3;3,6;27,29;87,84;14,13;3,76;3,65;2909,88;16,83
9361000;Amberg;36;38,49;21,4;78,49;62,75;15,51;60,15;24,34;14,18;10,29;200 bis unter 300;56,1;85,71;13,56;69,88;12,25;0,8;8,06;7,23;32,4;54,1;10,4;88,77;5,9;27,38;7,74;42,9;6,1;6,2;5,9;7,93;Sehr geringe Leistung (untere Eher geringe Leistung0 % der Kreise);Mittlere Leistung;Sehr geringe Leistung (untere Eher geringe Leistung0 % der Kreise);596,1;20,6;23,9;42;7,1;32,06;90,04;13,12;4,08;10,15;5668,23;37,6
9362000;Regensburg;57,27;27,13;7,8;-211,77;327,96;14,37;68,27;17,36;20,77;13,76;300 bis unter 500;49,6;66,57;25,15;56,29;11,83;1,38;8,72;7,61;32,4;50,9;16,1;97,12;5;31,09;7,38;55;7,8;8,3;7,2;8,29;Eher geringe Leistung;Sehr geringe Leistung (untere Eher geringe Leistung0 % der Kreise);Mittlere Leistung;555,2;20,5;21,4;43,8;6,8;32,15;98,67;31,75;4,44;9,81;9896,36;36,33
9363000;Weiden i.d.OPf.;30,25;33,82;31,29;20,5;33,22;15,2;61,23;23,57;16,17;9,4;200 bis unter 300;56,1;50,26;11,29;69,94;12,13;-0,08;10,26;9,55;37;56,1;13,5;74,65;6,5;27,57;9,09;36,5;5,6;5,7;5,6;9,32;Sehr geringe Leistung (untere Eher geringe Leistung0 % der Kreise);Mittlere Leistung;Sehr geringe Leistung (untere Eher geringe Leistung0 % der Kreise);626,4;28,3;21,5;35,6;3,8;26,65;92,56;20,27;5,72;12,92;6481,48;25,92
9371000;Amberg-Sulzbach;9,86;39,12;48,3;-1,06;16,25;16,74;59,94;23,32;8,06;8,28;100 bis unter 200;66,2;88,51;10;72,05;10,95;0,76;10,19;9,71;31,9;58,3;9,6;85,73;3,6;28,87;4,82;57,2;2;2,1;1,9;4,01;Mittlere Leistung;Sehr hohe Leistung (obere 20 % der Kreise);Eher hohe Leistung;698,6;17,2;21;47,7;8;32,07;90,37;16,68;4,18;4,66;2131,14;22,12
9372000;Cham;10,5;42,81;43,82;13,77;28,47;16,18;60,13;23,69;8,43;8,38;50 bis unter 100;64,1;82,91;7,72;71,79;11,45;1,12;9,88;8,07;32,7;57,1;11,5;81,3;3,4;29,4;4,85;56,4;2;1,9;2;4,06;Eher geringe Leistung;Mittlere Leistung;Sehr hohe Leistung (obere 20 % der Kreise);728,1;23,1;15,1;50,1;4,9;30,18;93,96;12,82;5,36;4,8;3577,26;22,56
9373000;Neumarkt i.d.OPf.;11,09;43,44;37,78;45,5;14,28;17,49;61,32;21,19;11,06;10,89;300 bis unter 500;64,3;78,67;10,75;70,54;11,75;1,26;10;9,23;30,4;56,6;8,9;92,56;2,8;30,76;4,22;63,1;2,1;2,2;1,9;3,34;Eher hohe Leistung;Sehr hohe Leistung (obere 20 % der Kreise);Sehr hohe Leistung (obere 20 % der Kreise);682,4;16,5;20;51,2;1,7;32,26;92,49;14,52;4,67;3,54;2851,62;12,98
9374000;Neustadt a.d.Waldnaab;9,46;35,25;47,08;-0,1;9,06;16,9;59,86;23,24;6,87;8,14;50 bis unter 100;63,6;88;8,69;71,25;10,84;1,48;9,5;9,15;26,5;53,5;7,6;90,21;3,7;28,01;5,21;53;2,1;2,2;1,9;4,25;Eher geringe Leistung;Sehr hohe Leistung (obere 20 % der Kreise);Eher hohe Leistung;705,8;19,9;17,5;47,1;8,3;32,82;92,71;15,4;5,36;4,57;4856,9;12,49
9375000;Regensburg;11,49;49,62;35,08;64,01;15,8;17,95;60,39;21,65;10,55;10,19;300 bis unter 500;59,4;76,27;11,46;65,56;13,26;1,81;11,27;11,29;29,4;55,5;11,2;87,94;3,1;30,95;4,54;55,7;1,8;2,1;1,5;4;Mittlere Leistung;Sehr hohe Leistung (obere 20 % der Kreise);Eher geringe Leistung;681,9;15,2;18,5;53,1;5,8;30,88;95,07;23,17;5,15;4,79;2324,01;16,31
9376000;Schwandorf;11,21;38,99;44,29;38,51;18,08;16,71;61,15;22,14;10,84;9,13;100 bis unter 200;64,3;55,73;8,94;71,22;12,54;0,93;9,48;9,01;27,2;51,2;8,5;85,02;3,7;28,78;5,74;54;2,5;2,8;2,2;4,68;Mittlere Leistung;Sehr hohe Leistung (obere 20 % der Kreise);Eher hohe Leistung;709,9;19,9;18,1;48,2;5,2;32,22;92,51;17,57;3,61;5,84;3251,58;19,42
9377000;Tirschenreuth;8,71;40,21;47,03;6,23;19,25;15,69;59,68;24,63;6,26;7,24;50 bis unter 100;68,2;73,26;8,89;74,34;10,16;1,39;8,81;7,24;27,5;56,3;7,4;98,07;3,9;30,96;4,57;55,3;2;2,1;1,9;4,16;Mittlere Leistung;Eher hohe Leistung;Sehr hohe Leistung (obere 20 % der Kreise);695,6;22,5;20,6;41,3;6,6;39,38;94,14;27,76;4,26;4,86;4359,51;22,16
9461000;Bamberg;50,46;15,91;27,87;-357,74;389,37;14,94;64,84;20,21;17,56;11,92;300 bis unter 500;52,5;8,21;20,09;61,71;12,72;1,25;8,6;5,82;36,4;56,2;16,3;74,76;5;29,66;6,54;57,9;5,4;5,5;5,3;8,15;Sehr geringe Leistung (untere Eher geringe Leistung0 % der Kreise);Sehr geringe Leistung (untere Eher geringe Leistung0 % der Kreise);Sehr geringe Leistung (untere Eher geringe Leistung0 % der Kreise);535,5;20,3;21,4;42,9;5,9;34,89;91,75;24,14;5,88;7,42;16709,01;35
9462000;Bayreuth;42,71;32,59;20,24;-38,94;77,32;13,53;63,91;22,56;15,93;11,48;300 bis unter 500;52,9;89,53;20,3;63,71;10,68;0,47;8,77;6,4;34,5;51,3;16,6;86,9;5,4;27,86;7,81;42,7;6;6;5,9;7,51;Sehr geringe Leistung (untere Eher geringe Leistung0 % der Kreise);Sehr geringe Leistung (untere Eher geringe Leistung0 % der Kreise);Sehr geringe Leistung (untere Eher geringe Leistung0 % der Kreise);567,9;15,7;26,5;41,8;7,2;36,61;92,12;42,54;5,55;10,09;6823,42;63,07
9463000;Coburg;41,6;27,69;23,86;28,01;53,33;14,62;61,15;24,23;14,61;8,9;100 bis unter 200;57,7;28,24;16,88;70,01;8,97;-0,03;5,89;4,9;30,4;51,7;10,2;115,57;7,4;31,51;7,37;55,1;5,2;5;5,4;10,21;Sehr geringe Leistung (untere Eher geringe Leistung0 % der Kreise);Eher geringe Leistung;Sehr geringe Leistung (untere Eher geringe Leistung0 % der Kreise);618,6;23,7;19,8;41,3;7,6;46,64;106,18;20,61;4,92;16,68;6679,82;38,96
9464000;Hof;37,44;42,74;14,99;13,25;112,23;16,42;59,78;23,8;23,46;7,46;100 bis unter 200;59,5;76,92;13,19;68,41;10,75;-0,16;8,63;7,6;37;56,6;14,8;71,31;7,6;25,68;12,24;36,8;6,7;7;6,4;12,3;Sehr geringe Leistung (untere Eher geringe Leistung0 % der Kreise);Eher geringe Leistung;Eher geringe Leistung;557,2;20,3;20,3;44,8;12,7;35,43;95,42;23,59;6,06;19,07;7828,47;36,34
9471000;Bamberg;10,49;43,84;40,93;-7,11;17,32;17,55;60,69;21,75;6,68;10,76;100 bis unter 200;65,4;85,25;8,76;72,05;11,17;0,56;12,06;10,41;29,8;58,4;9,3;84,18;2,7;29,32;4,66;61,9;1,5;1,6;1,4;3,17;Eher hohe Leistung;Sehr hohe Leistung (obere 20 % der Kreise);Eher hohe Leistung;713,1;17,9;15,8;52,4;10;46,04;97,51;26,36;6,28;3,36;2495,65;16,24
9472000;Bayreuth;9,62;40,08;47,21;44,95;4,55;16,3;59,17;24,53;5,88;9,49;100 bis unter 200;68,2;78,27;8,43;75,41;10,18;0,3;11,24;9,97;33,6;60,3;11,9;83,19;3,4;29,23;4,79;66,9;1,5;1,6;1,4;3,33;Eher hohe Leistung;Eher hohe Leistung;Eher hohe Leistung;714,6;18,8;18,9;47,5;3,4;45,23;93,91;30,35;5,48;3,68;3002,47;18,41
9473000;Coburg;13,84;49,93;32,04;52,45;-7,1;16,08;58,87;25,05;6,97;7,73;50 bis unter 100;58,4;79,51;7,78;74,73;10,2;-0,21;7,53;6,86;28,5;52,4;9,4;79,49;4,6;30,32;6,09;56,5;1,5;1,4;1,6;4,71;Mittlere Leistung;Sehr hohe Leistung (obere 20 % der Kreise);Mittlere Leistung;719,7;16,7;17,9;48,9;11,4;51,72;93,18;16,11;5,53;5,76;3044,94;18,94
9474000;Forchheim;13,05;44,07;39,57;2,84;26,51;17,34;59,99;22,67;9,08;10,35;300 bis unter 500;62,8;71,01;17,65;63,18;11,17;1,36;11,22;10,08;33,5;57,5;13,2;97,76;3,3;31,33;4,9;64,7;1,9;2,1;1,7;4,34;Eher geringe Leistung;Eher hohe Leistung;Mittlere Leistung;686,9;24,8;12,8;48,1;5,8;45,34;94,12;19,21;5,7;5,49;2961,68;13,77
9475000;Hof;12,24;48,75;35,83;43,17;-4,23;15,16;57,89;26,95;7,83;7,03;bis unter 50;60,7;100;11,07;71,69;12,26;0,4;6,85;5,96;26,6;50,3;8,9;85,67;4,4;28,2;7,31;53,1;2,3;2,2;2,4;5,51;Eher hohe Leistung;Sehr hohe Leistung (obere 20 % der Kreise);Eher hohe Leistung;707,9;15,9;19,7;49,1;9,5;45,41;89,7;30,73;6,44;6,86;4894,19;15,19
9476000;Kronach;10,1;28,1;59,43;10,07;-6,35;14,18;59,37;26,45;7,58;8,3;50 bis unter 100;61,9;79,46;8,73;75,57;11,75;-0,28;8,88;7,25;28,7;53,6;7,5;79,84;4,2;30,59;5,7;56,1;1,5;1,7;1,4;4,13;Mittlere Leistung;Eher hohe Leistung;Sehr geringe Leistung (untere Eher geringe Leistung0 % der Kreise);723,1;22,6;12,4;50,1;8,7;42,92;98,55;22,98;7,42;4,16;3343,4;37,18
9477000;Kulmbach;11,89;47,62;37,31;27,13;9,79;14,83;59,31;25,86;7,83;8,18;50 bis unter 100;61,5;52,2;11,15;73,81;9,2;0,25;8,26;7,59;30,3;54,4;9,5;85,05;4,4;29,67;5,27;53,9;2,3;2,3;2,2;5,15;Mittlere Leistung;Sehr hohe Leistung (obere 20 % der Kreise);Eher geringe Leistung;719,4;23,7;17,3;42,7;6;45,83;92,51;45,77;5,24;5,38;3950,05;25,17
9478000;Lichtenfels;12,21;43,81;38,91;30,72;-12,32;16,05;59,39;24,57;8,81;8,47;100 bis unter 200;65,8;89,3;10,25;71,44;13,08;-0,3;9,49;8,8;34,1;56,8;10,6;75,11;4,5;27,87;5,6;58,2;2,4;2,6;2;5;Eher geringe Leistung;Eher hohe Leistung;Mittlere Leistung;685,2;26,8;16,8;43;8,8;43,41;94,6;48,72;5,65;5,08;3550,07;20,78
9479000;Wunsiedel i.Fichtelgebirge;11,81;37,67;46,31;29,77;7,65;15,24;57,34;27,42;10,3;7,14;50 bis unter 100;59,7;76,92;10,37;71,47;12,37;0,37;7,44;6,54;28,6;51,2;8,1;81,43;5,6;33,66;7,52;44,2;2,2;2,2;2,1;6,3;Mittlere Leistung;Eher hohe Leistung;Mittlere Leistung;682,3;28,2;16,6;41,6;7,3;44,08;93,81;45,57;6,06;9,79;5912,2;41,11
9561000;Ansbach;24,03;42,15;29,09;-15,22;21,84;16,83;60,4;22,76;17,26;9,84;200 bis unter 300;55,1;75;16,49;66,41;12,48;1,14;7,73;6,87;36,3;54,9;14,3;78,4;5,2;28,76;9,06;45,1;5,1;5,4;4,6;9,23;Eher geringe Leistung;Mittlere Leistung;Eher geringe Leistung;640,7;18,5;21,7;43;5,3;30,6;96,77;18,55;3,94;12,16;6710,52;34,36
9562000;Erlangen;42,19;29,77;22,27;-64,01;124,65;15,82;65,58;18,6;23,37;12,83;500 und mehr;53,7;12,54;39,92;43,52;10,81;0,54;6,4;4,88;30,5;48,8;15,9;117,42;4,6;30,6;5,51;53,1;3,7;3,7;3,6;5,79;Sehr geringe Leistung (untere Eher geringe Leistung0 % der Kreise);Eher geringe Leistung;Sehr geringe Leistung (untere Eher geringe Leistung0 % der Kreise);483,9;24,5;20,3;41,8;4,8;40,46;97,8;38,03;4,6;8,48;4676,18;33,64
9563000;Fürth;47,25;34,06;13,4;5,45;37,72;16,22;64,09;19,69;21,61;12,37;500 und mehr;52;31,13;18,19;59,23;15,11;1,7;8,06;8,08;31,4;49,2;14,8;93,2;5,8;32,44;9,42;44,5;5,8;5,8;5,7;8,37;Sehr geringe Leistung (untere Eher geringe Leistung0 % der Kreise);Eher geringe Leistung;Eher geringe Leistung;495,4;12,6;19,9;52,9;9,3;32,84;89,61;30,47;4,45;11,74;4641,16;25,75
9564000;Nürnberg;61,73;16,89;16,99;26,78;45,48;16,01;63,76;20,23;26,08;12,46;500 und mehr;50;9,23;23,34;53,57;13,28;0,86;6,84;7,61;30,5;48,3;15,6;93,82;7,3;27,1;9,56;43,7;8,9;9,1;8,6;11,22;Sehr geringe Leistung (untere Eher geringe Leistung0 % der Kreise);Sehr geringe Leistung (untere Eher geringe Leistung0 % der Kreise);Mittlere Leistung;467,7;19,6;18,9;47,2;9,4;33,72;90,47;48,1;4,58;15,31;7033,13;57,98
9565000;Schwabach;34,71;31,32;29,09;21,55;-21,06;17,31;59,49;23,21;13,91;10,45;500 und mehr;55,3;78,95;13,5;65,59;13,46;1,23;8,44;9,37;30,9;51,4;10,8;78,77;4,6;32,74;6,57;55;2,8;2,8;2,7;6,26;Sehr geringe Leistung (untere Eher geringe Leistung0 % der Kreise);Sehr geringe Leistung (untere Eher geringe Leistung0 % der Kreise);Sehr geringe Leistung (untere Eher geringe Leistung0 % der Kreise);646,1;22,5;19,7;44,8;6,7;30,67;88,71;20,23;3,93;9,03;3413,74;24,49
9571000;Ansbach;10,99;55,79;28,67;48,02;-1,6;17,77;60,37;21,87;10,45;9,04;100 bis unter 200;61,5;75,99;8,11;70,84;12,86;0,61;10;9,81;30,6;55,2;9,9;81,95;2,9;30,11;4,87;58,1;2;2,2;1,8;3,11;Eher hohe Leistung;Sehr hohe Leistung (obere 20 % der Kreise);Sehr hohe Leistung (obere 20 % der Kreise);701,5;21,4;16,2;48,2;8;44,31;94,42;18,19;4,64;2,31;2633,87;15,46
9572000;Erlangen-Höchstadt;14,27;37,46;42,03;4,84;-0,51;18,44;59,04;22,52;10,11;11,27;300 bis unter 500;64,5;79,92;22,87;55,2;12,1;1,62;7,46;6,87;27,5;47,6;10,4;88,72;3;37,85;3,86;59,4;1,3;1,4;1,3;3,29;Mittlere Leistung;Eher hohe Leistung;Mittlere Leistung;692,1;13,7;16,1;54,9;5,4;52,09;97,58;33,77;4,8;3,8;2324,24;13,01
9573000;Fürth;18,19;52,61;25,72;-253,23;292,56;17,23;58,55;24,21;9,45;11,44;300 bis unter 500;59,9;47,05;10,84;67;13,53;0,66;11;10,99;34,5;56,2;12,8;86,86;3,1;33,12;5,21;58,7;1,8;1,8;1,7;3,18;Mittlere Leistung;Eher hohe Leistung;Mittlere Leistung;670,9;18;18,4;50,6;3,5;40,32;97;35,48;4,36;4,02;4282,23;19,54
9574000;Nürnberger Land;13,77;30,64;52,62;29,62;-4,27;17,07;59,15;23,79;10,13;10,99;300 bis unter 500;62,8;81,45;13,04;67,05;12,58;0,77;10,41;9,69;33,1;57,1;12,3;84,95;3;33,11;5,05;57,9;1,7;1,6;1,7;4;Mittlere Leistung;Mittlere Leistung;Eher geringe Leistung;677,4;22,5;17,8;45,3;7,5;45,7;97,72;42,67;4,84;4,53;2848,12;18,96
9575000;Neustadt a.d.Aisch-Bad Windsheim;10,17;56,71;29,36;64,63;-16,53;17,35;59,7;22,95;10,13;9,41;100 bis unter 200;64,8;77,21;8,68;70,07;13,32;0,72;10,74;10,73;34,9;58,4;11,5;80,9;2,9;29,8;5,54;55,9;1,9;2;1,8;4,19;Eher hohe Leistung;Sehr hohe Leistung (obere 20 % der Kreise);Sehr hohe Leistung (obere 20 % der Kreise);703,4;15,3;17,7;52,7;7,2;45,01;98,32;23,12;4,11;5,44;2589;10,89
9576000;Roth;12,45;37,74;45,29;65,54;-16,48;17,33;59,7;22,98;8,24;10,45;200 bis unter 300;62,9;82,3;10;70,34;12,17;1,06;9,76;8,89;31,6;57,7;10,1;85,96;2,5;31,75;4,21;55,7;1,6;1,7;1,4;3,54;Mittlere Leistung;Sehr hohe Leistung (obere 20 % der Kreise);Eher geringe Leistung;703,1;25,3;15;48,1;7,4;39,28;98,48;39,14;4,65;2,95;2408,42;14,77
9577000;Weißenburg-Gunzenhausen;10,92;48,66;34,52;20,06;9,08;17,27;59,19;23,54;10,96;9,58;100 bis unter 200;62,3;74,04;9,25;71,88;12,84;0,31;10,72;10,08;33,9;58,6;10,8;82,29;3,7;28,9;5,72;53,9;2,6;2,8;2,4;5,14;Eher hohe Leistung;Sehr hohe Leistung (obere 20 % der Kreise);Sehr hohe Leistung (obere 20 % der Kreise);690,7;25,7;15;45,9;5,1;39,53;97,23;23,81;6,38;5,91;3265,22;15,84
9661000;Aschaffenburg;39,18;20,38;33,02;78,12;15,19;16,04;61,91;22,05;19,67;11,57;500 und mehr;56,9;75,17;16,75;62,68;13,52;0,02;9;7,97;31,2;52,9;11,2;99,74;7,4;29,89;8,84;45,1;5,9;6,3;5,3;10,05;Sehr geringe Leistung (untere Eher geringe Leistung0 % der Kreise);Sehr geringe Leistung (untere Eher geringe Leistung0 % der Kreise);Eher geringe Leistung;606,1;24,5;14,5;45,2;7,5;33,88;90,84;20,54;4,33;13,96;7076,11;27,36
9662000;Schweinfurt;55,6;19,44;17,14;67,91;83,33;16,63;59,06;24,31;22,5;8,9;200 bis unter 300;50,6;19,58;16,68;64,73;10,76;0,22;5,93;4,76;27,3;53,7;10;91,56;7,2;26,52;8,77;46,5;8,6;9;8;11,88;Sehr geringe Leistung (untere Eher geringe Leistung0 % der Kreise);Eher geringe Leistung;Sehr geringe Leistung (untere Eher geringe Leistung0 % der Kreise);552,2;10,6;24,6;46,2;8,7;30,67;88,27;19,24;5,31;16,68;9017,82;45,89
9663000;Würzburg;48,89;26,95;20,18;68,66;76,02;13,11;66,31;20,57;15,66;12,54;300 bis unter 500;50,7;8,93;23,51;59,46;11,38;1,07;10,01;7,02;38,5;54,9;19,9;76,22;4,8;28,46;6,09;58,4;5,7;5,7;5,8;7,04;Sehr geringe Leistung (untere Eher geringe Leistung0 % der Kreise);Sehr geringe Leistung (untere Eher geringe Leistung0 % der Kreise);Sehr geringe Leistung (untere Eher geringe Leistung0 % der Kreise);483,3;18,8;24,3;43,9;5,3;45,03;89,94;26,48;6,06;9,42;8052,8;37,52
9671000;Aschaffenburg;14,44;23,16;58,46;25,27;-2,87;16,74;59,63;23,63;10,91;10,35;300 bis unter 500;62,2;85,07;13,58;64,76;12,99;0,71;11,81;10,62;29,2;54,9;10,3;98,2;4,2;31,78;5,78;53,1;1,6;1,8;1,4;4,59;Sehr geringe Leistung (untere Eher geringe Leistung0 % der Kreise);Eher geringe Leistung;Eher geringe Leistung;707,3;18,7;11,2;55,2;3,3;41,65;96,38;36,02;6,62;6,93;2482,67;47,38
9672000;Bad Kissingen;10,59;34,94;48,85;51,21;9,86;16,1;57,3;26,59;8,67;7,99;50 bis unter 100;64,1;55,24;10,56;72,61;11,59;0,3;10,84;8,56;35,1;57,6;11,1;79,54;3,7;29,59;5,36;60,1;2,2;2,3;2;4,89;Eher hohe Leistung;Sehr hohe Leistung (obere 20 % der Kreise);Eher geringe Leistung;706,1;23,8;15,9;44,8;6,6;40,42;91,18;25,21;6,38;5,82;3298,9;19,33
9673000;Rhön-Grabfeld;10,16;48,23;38,1;2,39;31,37;16,82;58,55;24,62;7,65;8,08;50 bis unter 100;66,9;72,57;11,85;73,55;10,26;0,48;8,96;7,41;32,1;56,6;9,3;91,95;3,7;36,2;4,7;61,6;2,1;2,3;1,8;4,25;Mittlere Leistung;Sehr hohe Leistung (obere 20 % der Kreise);Mittlere Leistung;711,7;23,6;14,5;48,4;5,3;50,27;94,52;38,34;6,75;4,83;3102,99;25,2
9674000;Haßberge;10,54;44,89;41,37;60,09;-6,56;16,93;59,58;23,49;6,78;8,38;50 bis unter 100;62,3;93,75;9;75,89;11,04;0,13;12,71;10,05;32;59,3;9;82,68;3,3;29,5;5,14;62,2;1,5;1,7;1,3;4,53;Mittlere Leistung;Sehr hohe Leistung (obere 20 % der Kreise);Mittlere Leistung;721,4;16,2;11,5;57,1;5,9;46,27;92,45;16,83;5,13;3,93;3114,38;11,92
9675000;Kitzingen;14,38;58,17;23,17;10,19;32,64;17,31;60,38;22,3;11,48;9,52;100 bis unter 200;63,1;71,82;13,4;65,91;11,78;1,12;9,84;8,51;30,7;54,8;11,7;86,9;3;30,45;5,64;57,2;1,9;2;1,7;3,83;Mittlere Leistung;Sehr hohe Leistung (obere 20 % der Kreise);Mittlere Leistung;702;16,3;17,2;54;4,1;44,95;91,02;21,08;5,75;3,97;3755,19;17,53
9676000;Miltenberg;11,67;26,53;59,55;95,57;-30,89;16,91;59,83;23,26;12,68;9,85;200 bis unter 300;60,4;79,47;11,02;68,88;12,97;0,51;12,06;9,72;31,3;56,9;9,1;91,42;4,6;30,13;6,67;50,1;2,1;2,4;1,7;5,72;Mittlere Leistung;Eher hohe Leistung;Eher geringe Leistung;694,9;16,1;14,7;52;8,9;40,51;96,88;20,29;6,24;7,26;2581,79;27,44
9677000;Main-Spessart;9,55;31,75;56,05;9,74;-0,32;16,04;58,62;25,34;8,86;8,86;50 bis unter 100;62,5;95,83;13,68;69,25;11,15;0,44;10,18;7,99;29,3;58,3;8,5;90,84;2,6;29,88;4,6;63,8;1,1;1,2;0,9;3,69;Eher hohe Leistung;Sehr hohe Leistung (obere 20 % der Kreise);Eher geringe Leistung;704,8;17,2;14,4;53,7;4,6;47,6;96,22;17,34;5,86;4,43;2856,76;19,95
9678000;Schweinfurt;12,91;57,82;26,37;-425,44;430,7;17,22;58,68;24,1;7,57;8,79;50 bis unter 100;63,4;94,51;9,79;70,56;12,6;0,46;11,61;9,77;32,1;57,8;9,8;85,67;2,8;29,45;4,04;63,2;1,3;1,5;1,1;3,9;Eher hohe Leistung;Eher hohe Leistung;Mittlere Leistung;701,9;13,7;19,7;49,9;10,7;47,19;94,91;25,21;6,27;3,6;5509,01;13,16
9679000;Würzburg;12,78;61,05;23,23;39,58;9,37;17,47;58,75;23,78;8,67;10,99;200 bis unter 300;62;89,56;14,85;66,6;11,49;0,55;11,72;10,4;32,6;55,6;13,5;94,73;2,9;31,3;4,43;60,6;1,8;1,8;1,8;3,49;Eher hohe Leistung;Sehr hohe Leistung (obere 20 % der Kreise);Eher hohe Leistung;677,8;17,6;11,3;57,9;5,2;51,05;96,75;25,5;6,68;3,21;2251,32;14,18
9761000;Augsburg;43,72;25,82;25,98;-66,42;149,98;15,81;64,59;19,59;25,08;13,58;500 und mehr;48,7;26,75;23,08;57,25;12,67;0,54;9,52;9,43;33,8;51,7;15,5;83,41;6,7;25,79;8,01;48,9;6,5;6,7;6,3;8,36;Sehr geringe Leistung (untere Eher geringe Leistung0 % der Kreise);Sehr geringe Leistung (untere Eher geringe Leistung0 % der Kreise);Mittlere Leistung;471,6;22,1;17,9;45,4;6,3;28,77;86,15;30,55;3,71;10,9;7347,27;33,88
9762000;Kaufbeuren;38,83;32,78;24,86;20,35;42,43;17,44;59,43;23,13;19,31;10,53;300 bis unter 500;51,1;75,64;13,57;67,5;13,75;0,73;8,43;7,94;38,5;57,6;14,3;77,47;4,7;28,06;7,64;51,6;5,4;5,4;5,4;6,27;Sehr geringe Leistung (untere Eher geringe Leistung0 % der Kreise);Sehr geringe Leistung (untere Eher geringe Leistung0 % der Kreise);Eher geringe Leistung;583,8;22,6;17,5;44,2;3,8;20,07;82,14;15,61;3,42;6,24;4134,83;6,49
9763000;Kempten (Allgäu);32,76;49,56;14,1;-4,58;21,58;16,31;61,28;22,4;18,77;12,1;300 bis unter 500;56,7;50;18,48;64,38;12,53;-0,07;9,75;9,99;34,6;55,2;14,2;85,67;4;30,09;7,56;52,1;4,8;4,8;4,8;5,63;Sehr geringe Leistung (untere Eher geringe Leistung0 % der Kreise);Eher geringe Leistung;Sehr geringe Leistung (untere Eher geringe Leistung0 % der Kreise);607,5;21,8;13,8;48,2;8,9;28,62;94,63;21,24;3,81;5,93;5459,38;13,3
9764000;Memmingen;26,74;45,89;24,72;14,93;37,79;17,49;60,09;22,43;21,41;11,88;300 bis unter 500;54,4;75,34;11,34;70,02;14,1;0,34;7,83;8,74;28;49,3;9,3;81,83;3,8;31,91;7,62;52,1;3,9;4,1;3,5;5,64;Sehr geringe Leistung (untere Eher geringe Leistung0 % der Kreise);Sehr geringe Leistung (untere Eher geringe Leistung0 % der Kreise);Sehr geringe Leistung (untere Eher geringe Leistung0 % der Kreise);629,2;22,3;13,7;50,9;7;17,21;92,42;21,43;3,33;6,78;5896,99;24,89
9771000;Aichach-Friedberg;12,5;58,97;25,65;31,58;3,95;18,55;59,98;21,47;10,39;11,99;500 und mehr;60,3;69,61;10,66;68,2;12,65;1,05;12,42;12,83;32,8;56,6;11,1;85,02;3;32,4;4,19;57,4;1,6;1,8;1,4;3,37;Mittlere Leistung;Sehr hohe Leistung (obere 20 % der Kreise);Sehr hohe Leistung (obere 20 % der Kreise);669,8;18,5;14,7;53;6;30,07;92,35;20,47;3,53;4,08;2445,85;43,86
9772000;Augsburg;16,08;47,88;33,39;53;6,96;18,39;59,77;21,84;11,8;12,11;300 bis unter 500;56,7;67,11;10,79;64,5;15;1,75;10,11;11,4;29,9;56,3;10,4;83,35;3,4;31,26;5;53,3;1,7;1,9;1,6;4,05;Eher geringe Leistung;Sehr hohe Leistung (obere 20 % der Kreise);Eher hohe Leistung;665;18,9;14,5;53,8;5,9;31,18;91,79;19,82;3,81;5,48;2711,83;40,33
9773000;Dillingen a.d.Donau;12,19;59,27;23,62;37,31;0,2;17,87;60,08;22,05;11,88;10,15;100 bis unter 200;62;80,8;9,69;70,64;14,08;0,58;9,6;11;33,1;59,2;8,8;88,81;3,1;30,93;5,47;53,1;2,5;2,9;2;4,72;Mittlere Leistung;Eher hohe Leistung;Sehr hohe Leistung (obere 20 % der Kreise);699,6;14,1;17,3;52,9;9,2;33,5;91,77;14,62;4,01;6,39;2884,76;11,12
9774000;Günzburg;14,9;50,86;29,47;21,26;-3,54;17,79;61,29;20,92;15,73;10,47;100 bis unter 200;61,6;82,88;10,62;67,17;14,08;1,21;8,76;10,43;30,1;53,5;9,6;89,89;2,7;30,99;5,56;52,7;2,1;2,2;2,1;4,08;Eher geringe Leistung;Sehr hohe Leistung (obere 20 % der Kreise);Eher hohe Leistung;690,9;18,2;14,7;52,5;9;29,26;91,4;16,6;4,36;3,98;3575;12,32
9775000;Neu-Ulm;18,96;46,28;29,83;44,94;28,21;17,56;61,3;21,14;16,98;12,16;300 bis unter 500;55,2;47,91;13,11;66,44;13,6;0,93;9,9;10,99;28,9;53,6;9,9;86,09;3,2;30,07;5,81;52,5;2,4;2,7;2;4,42;Eher geringe Leistung;Eher hohe Leistung;Eher hohe Leistung;629,3;18,3;15,5;49,9;7,5;28,44;88,6;16,04;5,11;5,19;3983,22;24,51
9776000;Lindau (Bodensee);14,06;56,21;27,99;45,14;13,83;16,91;59,51;23,58;15,12;12,85;500 und mehr;69,5;94,07;17,77;64,22;12,2;0,78;10,08;9,34;29,9;51,5;11,3;84,91;3,1;31,8;5,29;53,4;3,4;3,6;3,1;4,45;Sehr geringe Leistung (untere Eher geringe Leistung0 % der Kreise);Sehr geringe Leistung (untere Eher geringe Leistung0 % der Kreise);Sehr geringe Leistung (untere Eher geringe Leistung0 % der Kreise);664,3;24;20,6;42;6,9;30,9;91,93;20,09;3,85;4,81;5631,53;20,63
9777000;Ostallgäu;8,87;54,72;31,31;57,02;5;17,95;59,44;22,61;10,27;11,69;200 bis unter 300;61,1;69,83;11,67;70,92;10,86;1,32;10,77;10,26;29,8;55,6;10,9;89,23;2,8;31,52;4,42;59;1,7;1,9;1,5;3,35;Mittlere Leistung;Eher hohe Leistung;Eher hohe Leistung;688,4;19,2;15;52,5;5,5;22,79;94,83;17,98;3,77;3,42;2866,66;8,45
9778000;Unterallgäu;11,6;59,65;25,78;35,24;11,21;18,09;59,93;21,98;11,53;11,37;100 bis unter 200;61,2;75;11,48;71,5;10,85;1,56;10,54;10,87;27,2;55,7;9,1;94,79;2,4;32,95;4,65;54,6;1,4;1,5;1,3;3,21;Eher geringe Leistung;Sehr hohe Leistung (obere 20 % der Kreise);Sehr hohe Leistung (obere 20 % der Kreise);721,2;18,7;16,6;52,1;4,5;26;94,21;15,32;3,69;2,71;3420,6;36,67
9779000;Donau-Ries;11,48;57,84;26,57;44,78;4;17,61;60,69;21,7;11,91;10,2;100 bis unter 200;60,3;73;11,92;71,28;11,22;0,76;9,07;9,06;27;53,2;7,6;92,76;2,4;33,28;4,84;61,3;1,7;1,9;1,5;3,65;Eher geringe Leistung;Eher hohe Leistung;Sehr hohe Leistung (obere 20 % der Kreise);714;19,6;15;49,6;6,5;37,57;95,25;18,06;4,23;4;3255,41;13,32
9780000;Oberallgäu;6,93;45,16;37,99;39,25;15,76;17,15;58,79;24,05;10;12,1;300 bis unter 500;58,1;79,94;13,76;69,66;10,32;1,6;10,94;11,87;32,8;54,3;12,7;80,36;2,8;32,42;4,41;63,2;1,9;2;1,7;3,34;Mittlere Leistung;Eher hohe Leistung;Mittlere Leistung;682,1;15,8;15;53,9;4,8;26,55;91,76;19,01;3,63;3,35;2667,73;7,08
10041000;Regionalverband Saarbrücken;32,29;24,12;42,3;8,34;74,92;15,7;60,27;24,03;20,04;9,07;100 bis unter 200;62;61,11;19,16;59,47;13,65;-0,01;10,2;6,31;29,7;47,8;13,8;80,86;10,1;24,97;12,22;30,3;7,2;7,5;6,9;14,96;Eher geringe Leistung;Eher hohe Leistung;Sehr geringe Leistung (untere Eher geringe Leistung0 % der Kreise);585,8;18;14,9;53,5;9,4;31,02;84,22;23,58;7,13;23,92;8773,55;108,06
10042000;Merzig-Wadern;14,59;41,97;41,69;-3,13;21,88;15,37;59,79;24,83;15,14;9,25;50 bis unter 100;73,2;86,27;11,81;69,21;13,15;-0,15;12,57;7,03;31,5;50,8;10,8;78,53;4,6;22,65;6,97;29,8;2,6;2,8;2,4;6,19;Eher hohe Leistung;Eher hohe Leistung;Eher geringe Leistung;682,4;11,1;19,1;56,8;7,7;39,92;89,63;13,44;7,55;9,54;4579,01;67,11
10043000;Neunkirchen;27,45;38,76;32,33;35,89;6,46;15,61;58,68;25,71;13,42;8,15;50 bis unter 100;64,9;64,71;11,27;66,25;13,91;-0,09;11,86;6,68;30,4;52;10,5;72,92;8,2;25,6;10,59;35,6;4,3;4,4;4,1;11,74;Mittlere Leistung;Mittlere Leistung;Sehr geringe Leistung (untere Eher geringe Leistung0 % der Kreise);660,3;13,7;13,1;59,9;11,1;29,12;73,08;14,18;7,9;19,9;5819,99;68,33
10044000;Saarlouis;24,23;43,77;29,86;-84,78;103,54;15,46;58,64;25,9;13,07;8,75;100 bis unter 200;71,1;81,5;9,93;67,48;15,45;-0,03;11,66;6,78;27,7;51;9,2;82,91;6,6;25,5;7,66;36,2;3,5;3,7;3,2;8,35;Mittlere Leistung;Eher hohe Leistung;Sehr geringe Leistung (untere Eher geringe Leistung0 % der Kreise);664;15,4;11;59,9;8,3;37,47;88,48;17,3;7,64;12,12;6097,63;84,82
10045000;Saarpfalz-Kreis;20,25;43,09;35,77;31,3;18,04;15,04;58,08;26,89;12,29;9,76;100 bis unter 200;65,1;38,34;14,76;64,42;14,77;0,52;8,94;5,99;26,1;47,4;9,7;78,35;5,4;28,19;7,05;39,7;3,1;3,4;2,8;7,2;Mittlere Leistung;Eher geringe Leistung;Sehr geringe Leistung (untere Eher geringe Leistung0 % der Kreise);695,3;10,1;13,1;63,5;9,1;38,56;93,17;18,12;6,97;11,25;4469,37;68,01
10046000;St. Wendel;16,3;43,53;38,83;23;30,06;14,78;57,87;27,34;8,28;8,41;50 bis unter 100;71,3;73,43;11,75;70,72;12,18;0,68;12,48;8,13;31,9;55,8;9,9;81,91;4,2;28,05;5,98;47,2;2,3;2,6;2;6,48;Eher hohe Leistung;Sehr hohe Leistung (obere 20 % der Kreise);Sehr geringe Leistung (untere Eher geringe Leistung0 % der Kreise);722;15,6;14;58,9;10,1;44,87;89,98;13,56;6,58;10,97;4050,65;52,38
11000000;Berlin, Stadt;70,61;3,97;18,59;-40,04;113,59;16,54;64,26;19,2;22,5;14,09;500 und mehr;47,5;12,09;33,16;42,51;12,08;2,32;6;4,22;35,1;45,9;24,8;90,35;10,3;26,97;10,16;45,5;8,5;7,7;9,6;15,85;Eher geringe Leistung;Sehr geringe Leistung (untere Eher geringe Leistung0 % der Kreise);Sehr hohe Leistung (obere 20 % der Kreise);330,3;20,7;13;54,4;9,5;52,56;98,76;10,5;6,2;22,61;14627,14;231,44
12051000;Brandenburg an der Havel, Stadt;22,03;25,62;30,12;94,05;23,07;14,95;56,74;28,3;8,75;8,54;100 bis unter 200;50,4;47,83;13,61;70,13;10,82;0,35;6,55;3,35;34,7;51,5;17,3;75,21;9,1;23,22;12,37;44,9;3,3;3;3,9;11,97;Eher geringe Leistung;Sehr hohe Leistung (obere 20 % der Kreise);Sehr geringe Leistung (untere Eher geringe Leistung0 % der Kreise);474,6;24,1;15,5;47,8;8,2;67,36;104,64;75,87;7,53;18,59;8532,92;90,4
12052000;Cottbus, Stadt;30,62;27,08;24,89;23,02;101,55;15,23;57,29;27,48;12,64;7,97;100 bis unter 200;50,7;31,65;20,25;63,38;8,83;0;7,23;3,54;35,6;49,4;20,5;72,2;8,3;25,73;9,45;37,8;2,6;2,3;2,9;11,88;Mittlere Leistung;Mittlere Leistung;Sehr geringe Leistung (untere Eher geringe Leistung0 % der Kreise);508,8;26;15,2;44;8,9;65,99;107,1;86,56;6,24;19,73;10614,68;126,15
12053000;Frankfurt (Oder), Stadt;22,81;43,32;29,15;44,83;61,99;14,35;57,24;28,42;16,69;7,54;50 bis unter 100;47,7;15,15;16,88;61,2;8,32;-0,17;6,55;3,04;38,2;52,2;21,6;70,39;9,4;23,03;10,2;35;3,4;3;4;13,03;Mittlere Leistung;Eher geringe Leistung;Sehr geringe Leistung (untere Eher geringe Leistung0 % der Kreise);496,6;19,2;15,6;52,5;8,5;67,42;104,63;88,48;7,07;19,39;18151,89;78,8
12054000;Potsdam, Stadt;32,02;28,43;25,86;-10,07;59,05;17,39;62,06;20,55;12,18;12,02;300 bis unter 500;45;27,92;32,16;49,7;10,55;0,78;7,05;4,32;37,1;48,1;24,1;80,78;6,1;27,63;6,18;58,1;3,2;3,1;3,4;7,94;Sehr geringe Leistung (untere Eher geringe Leistung0 % der Kreise);Eher geringe Leistung;Sehr geringe Leistung (untere Eher geringe Leistung0 % der Kreise);419,4;21;16,4;50,5;5,8;67,64;105,96;90,47;6,56;10,94;6675,36;80,11
12060000;Barnim;11,64;34,88;46,55;118,51;24,88;16,65;57,58;25,77;6,17;10,43;100 bis unter 200;52,1;67,35;13,23;66,4;9,94;0,83;8,03;5,06;38;55,6;21,1;74,69;5,6;27,13;7,23;52,2;1,8;1,6;2;6,29;Sehr hohe Leistung (obere 20 % der Kreise);Sehr hohe Leistung (obere 20 % der Kreise);Eher hohe Leistung;581,3;20,9;11,1;59,7;5,8;64,78;98,66;79,95;6,78;7,96;5652,29;77,77
12061000;Dahme-Spreewald;9,76;37,44;46,26;109,96;13,09;16,77;58,05;25,18;7,18;14,05;100 bis unter 200;53;36,3;14,57;63,62;10,27;1,61;6,02;3,98;32,2;50,4;18,2;101,78;4;27,38;6,71;53,2;1,3;1,2;1,5;5,29;Sehr hohe Leistung (obere 20 % der Kreise);Sehr hohe Leistung (obere 20 % der Kreise);Sehr hohe Leistung (obere 20 % der Kreise);622,8;23,5;9,6;55;7,2;62,71;97,82;79,52;6,23;7,18;10663,73;163,32
12062000;Elbe-Elster;8,94;49,66;37,24;4,7;41,95;14,73;54,42;30,85;4,29;6,19;bis unter 50;55,5;85,11;9,15;77,76;6,34;-0,31;7;3,34;34,6;57,4;13,1;76,05;6,5;25,12;7,61;57,2;1,6;1,3;1,8;8;Sehr hohe Leistung (obere 20 % der Kreise);Sehr hohe Leistung (obere 20 % der Kreise);Eher hohe Leistung;655,2;30,2;9,7;45,7;10,4;66,57;101,96;77,46;6,27;10,93;5235,44;87,78
12063000;Havelland;10,97;55,66;26,56;120,88;6,61;17,01;59,05;23,94;7,25;11,05;100 bis unter 200;49,7;51,4;10,53;68,38;10,45;-0,23;8,06;4,81;35,1;54,2;17,7;74,35;6,7;26,65;7,75;52,7;1,9;1,8;2,1;6,89;Sehr hohe Leistung (obere 20 % der Kreise);Sehr hohe Leistung (obere 20 % der Kreise);Eher hohe Leistung;588,2;22,7;10,4;55,4;7,5;62,47;95,32;74,47;6,36;8,95;5282,32;112,39
12064000;Märkisch-Oderland;11,32;59,95;24,83;77,24;9,6;16,61;57,01;26,38;4,98;9,84;100 bis unter 200;52,1;52,18;12,19;66,32;10,06;0,81;7,37;4,45;36,1;54,2;19,5;76,95;5,9;27,07;7,55;47,9;1,3;1,2;1,4;6,35;Sehr hohe Leistung (obere 20 % der Kreise);Sehr hohe Leistung (obere 20 % der Kreise);Sehr hohe Leistung (obere 20 % der Kreise);626,6;22,9;8,9;57,2;8,4;68,67;101,02;80,79;6,49;8,09;5713,87;116,27
12065000;Oberhavel;10,64;40,57;42,74;83,65;1,79;16,37;58,75;24,88;5,71;12,71;100 bis unter 200;53,3;47,33;14,7;64,75;10,13;0,63;7,78;4,75;35,1;55,6;17,5;85,06;5,3;28,15;6,73;50,7;1,9;1,8;2,1;5,76;Eher hohe Leistung;Eher hohe Leistung;Eher hohe Leistung;593;20,3;10,2;60,2;7,2;62,81;97,13;76,78;6,51;7,14;5275,85;96,01
12066000;Oberspreewald-Lausitz;12,28;32,62;45,24;22,82;29,69;14,71;54,59;30,7;5,56;6,54;bis unter 50;52;64,96;13,04;72,12;7,59;-0,47;6,62;3,45;34,5;56,6;15;80,7;7,2;25,02;7,64;46;1,5;1,5;1,6;8,17;Sehr hohe Leistung (obere 20 % der Kreise);Sehr hohe Leistung (obere 20 % der Kreise);Mittlere Leistung;612,1;21,1;13;50,3;12,5;66,3;99,22;75,55;6,34;11,54;5068,05;77,93
12067000;Oder-Spree;10,13;35,94;48,95;-227,18;287,63;15,63;55,84;28,53;7,35;9,64;100 bis unter 200;50,7;65,8;14,32;65,49;11,23;2,15;5,59;3,4;27,3;49;12,2;88,11;6,6;26,65;7,51;49,7;1,6;1,5;1,8;7,9;Sehr hohe Leistung (obere 20 % der Kreise);Sehr hohe Leistung (obere 20 % der Kreise);Sehr hohe Leistung (obere 20 % der Kreise);619,3;22,1;10,1;55,9;7,4;68,4;102,2;82,39;6,51;10,09;6572,79;81,75
12068000;Ostprignitz-Ruppin;7,02;53,07;33;61,02;13,62;15,02;56,17;28,81;5,62;8,72;bis unter 50;57,5;32,27;12,11;71,52;9,73;-0,11;7,27;3,62;37;56,4;16,8;73,05;7;25,21;9,26;45,9;1,4;1,1;1,7;8,15;Sehr hohe Leistung (obere 20 % der Kreise);Sehr hohe Leistung (obere 20 % der Kreise);Sehr hohe Leistung (obere 20 % der Kreise);605,1;27,2;7,9;56,5;12,6;66,22;100,43;79,96;5,29;9,73;7207,12;93,8
12069000;Potsdam-Mittelmark;9,87;43,46;41,93;92,92;18,8;17;57,95;25,05;6,05;10,04;100 bis unter 200;52,9;51;16,42;62,89;9,9;1,1;10,22;5,05;35,4;55,1;18,6;81,03;4,8;29,97;5,39;55;1,3;1,2;1,4;4,3;Sehr hohe Leistung (obere 20 % der Kreise);Eher hohe Leistung;Eher hohe Leistung;613,5;21,3;11,7;54,6;5,2;67,08;102,48;83,9;6,79;5,34;4867,4;131,06
12070000;Prignitz;7,44;65,67;23,87;36,64;2,38;14,36;55,47;30,18;6,53;7,1;bis unter 50;58,1;72,04;8,88;75,04;8,85;-0,13;6,93;3,72;33,9;55,2;13,1;80,45;8,4;25,07;8,85;45,2;1,7;1,5;2;9,62;Sehr hohe Leistung (obere 20 % der Kreise);Sehr hohe Leistung (obere 20 % der Kreise);Sehr hohe Leistung (obere 20 % der Kreise);616,7;27,4;9,2;54,1;15,5;57,79;97,31;74,09;6,36;14,46;6234,54;70,11
12071000;Spree-Neiße;10,71;33,82;46,32;26,82;3,92;14,68;53,93;31,39;4,79;6,43;bis unter 50;55,4;58,39;9,7;72,38;7,85;-0,7;7,37;4,02;31,5;55,4;13;138,59;6,3;26,93;7,23;51,3;1,4;1,3;1,6;7;Eher hohe Leistung;Sehr hohe Leistung (obere 20 % der Kreise);Eher hohe Leistung;651;23,6;11,5;50,2;9,4;70,44;102,7;82,61;7,02;8,61;10762,99;94,86
12072000;Teltow-Fläming;10,08;45,24;41,47;88,24;-13,17;17,09;59,4;23,51;7,95;10,02;100 bis unter 200;54,6;75,67;13,99;63,87;10,96;1,83;6,18;4,19;28,7;49,2;15,1;90,6;5,3;26,1;7,56;50,2;2,1;1,9;2,2;6,38;Sehr hohe Leistung (obere 20 % der Kreise);Sehr hohe Leistung (obere 20 % der Kreise);Sehr hohe Leistung (obere 20 % der Kreise);633,7;23;12,1;53,2;9,5;57,48;91,66;72,27;6,24;7,26;5672,86;98,49
12073000;Uckermark;6,61;62,41;24,59;65,66;22,31;14,58;54,63;30,79;6,3;7,17;bis unter 50;54,4;57,43;11,59;72,31;8,22;-0,14;6,57;2,68;36,3;58,1;16,2;91,55;11,5;24,39;8,3;41,4;1,7;1,5;2;11,92;Sehr hohe Leistung (obere 20 % der Kreise);Sehr hohe Leistung (obere 20 % der Kreise);Eher hohe Leistung;587,5;27,2;7,1;56,5;10,6;63,34;97,56;76,18;6,43;17,39;7008,31;60,46
13003000;Rostock;40,93;18,24;28,37;57,47;32,24;13,95;60,34;25,72;8,37;10,94;300 bis unter 500;43,5;24,18;21,66;62,21;9,77;1,18;7,35;3,57;32,1;47,3;17,1;84,27;7,7;24,61;8,33;51,4;3,8;3,5;4,2;10,02;Eher geringe Leistung;Eher geringe Leistung;Sehr geringe Leistung (untere Eher geringe Leistung0 % der Kreise);422;21,5;16,6;48,9;9,6;73,99;114,43;89,66;6,91;13;8683,09;69,65
13004000;Schwerin;32,03;17,03;19,51;-150,04;294,38;15,41;57,12;27,47;10,59;9,37;100 bis unter 200;46;26,11;19,22;63,82;10,19;0,48;6,38;3,66;32,2;45,5;16,3;74,7;10,6;24,54;10,95;39,3;4,7;4,5;5,1;13,8;Sehr geringe Leistung (untere Eher geringe Leistung0 % der Kreise);Eher geringe Leistung;Eher geringe Leistung;463,1;20,8;20,4;44,9;10,9;66,41;105,12;86,42;9,52;21,31;12388,62;73,24
13071000;Mecklenburgische Seenplatte;6,84;57,42;24,78;38,81;20,91;15,18;54,95;29,87;5,04;6,75;50 bis unter 100;52,5;37,79;11,8;73,12;8,81;-0,22;7,07;3,37;34,8;53,8;15,8;77,76;9,2;26,27;8,62;37,6;1,7;1,4;2;9,76;Sehr hohe Leistung (obere 20 % der Kreise);Sehr hohe Leistung (obere 20 % der Kreise);Sehr hohe Leistung (obere 20 % der Kreise);601,3;26,9;13;46,8;11;66,74;103,87;77,1;7,89;13,73;6303,64;67,39
13072000;Landkreis Rostock;8,96;67,99;17,12;56,33;24,14;16,6;55,98;27,42;5,07;8,52;100 bis unter 200;54,9;58,49;12,04;70,65;8,21;0,75;7,95;4,01;33,7;53,9;15,2;77,53;6;27,08;7,51;44,6;1,4;1,2;1,8;6,88;Sehr hohe Leistung (obere 20 % der Kreise);Sehr hohe Leistung (obere 20 % der Kreise);Sehr hohe Leistung (obere 20 % der Kreise);601,7;27,2;13,3;46,7;7,5;68,2;93,59;78,38;8,27;8,73;4641,53;47,55
13073000;Vorpommern-Rügen;8,71;65,52;18,82;48,09;19,56;14,47;55,98;29,54;6,07;8,54;50 bis unter 100;49,9;62,85;10,97;72,15;8,87;0,37;7,72;4,11;32,2;47,8;15,8;73,77;9,2;26,56;9,44;38,3;1,6;1,4;1,8;9,15;Sehr hohe Leistung (obere 20 % der Kreise);Sehr hohe Leistung (obere 20 % der Kreise);Eher hohe Leistung;585;24,1;11,5;51,3;7,9;64,81;107,17;82,94;7,73;13,15;7209,47;65,98
13074000;Nordwestmecklenburg;9,09;70,4;14,49;28,46;33,57;15,86;57,29;26,85;5,25;8,73;100 bis unter 200;52,5;76,04;12,8;69,96;9,32;0,39;8,93;4,57;33,4;54,4;14,2;82,17;6,7;25,91;8,26;44,9;2,2;2;2,4;7,57;Sehr hohe Leistung (obere 20 % der Kreise);Sehr hohe Leistung (obere 20 % der Kreise);Sehr hohe Leistung (obere 20 % der Kreise);599,5;21;14,2;51,3;9,2;70,64;100,96;77,43;8,39;8,99;5755,88;56,16
13075000;Vorpommern-Greifswald;8,04;60,58;22,77;29,07;25,83;14,79;56,35;28,86;6,17;8,78;100 bis unter 200;49,8;47,8;14,97;67,9;9,68;0,64;7,54;3,23;36,8;52;19,9;71,87;9,3;25,28;8,26;41,7;2;1,6;2,4;9,63;Sehr hohe Leistung (obere 20 % der Kreise);Sehr hohe Leistung (obere 20 % der Kreise);Sehr hohe Leistung (obere 20 % der Kreise);567,8;30,5;11,8;45;12,2;68,07;110,52;78,23;8,31;12,81;7436,57;58,68
13076000;Ludwigslust-Parchim;7,68;58,79;28,56;-27,97;54,4;15,96;56,47;27,58;6,34;7,54;bis unter 50;55,7;61,41;8,86;72,13;8,78;0,11;8,12;4,29;29,9;50,6;11,1;78,77;6,2;27,89;8,12;41,4;1,4;1,3;1,6;7,27;Sehr hohe Leistung (obere 20 % der Kreise);Sehr hohe Leistung (obere 20 % der Kreise);Sehr hohe Leistung (obere 20 % der Kreise);631,6;23,5;12,6;49,9;12;60,24;98,92;73,15;7,89;9,24;5335,14;44,21
14511000;Chemnitz, Stadt;45,36;36,95;16,04;-102,88;201,98;15,91;56,41;27,68;13,91;5,86;100 bis unter 200;46,2;61,69;21,77;63,76;8,98;0;7,04;4,46;35,3;53,8;17,3;73,45;9,5;25,36;10,68;49,5;2,8;2,9;2,7;11,36;Eher geringe Leistung;Eher hohe Leistung;Eher geringe Leistung;509,4;21,1;13,5;51,1;11,5;52,04;95,58;87,29;7,75;17,55;8860,1;84,68
14521000;Erzgebirgskreis;12,66;39,55;44,95;-12,91;3,89;15,38;52,67;31,94;3,82;5,76;50 bis unter 100;48,7;72,11;10,78;78,13;7,28;-0,28;7,71;4,11;35,8;59,7;12,5;64,82;5,6;26,32;6,31;57,2;1;0,9;1,1;5,44;Mittlere Leistung;Eher hohe Leistung;Mittlere Leistung;643,6;25,9;14,1;46;8,7;55,8;100,85;83,32;8,65;6,84;3571,99;26,07
14522000;Mittelsachsen;11,91;69,99;15,94;27,26;28,37;15,71;54,38;29,91;5,81;6,02;bis unter 50;49,8;81,63;13,95;74,16;7,19;-0,57;7,54;3,94;33,6;55,4;13,5;73,54;5,8;26,34;7,55;55,1;1,3;1,2;1,4;6,19;Sehr hohe Leistung (obere 20 % der Kreise);Sehr hohe Leistung (obere 20 % der Kreise);Sehr hohe Leistung (obere 20 % der Kreise);614,8;23;14,1;48,1;10,3;61,14;98,65;85,7;7,91;8,24;4174,66;38,46
14523000;Vogtlandkreis;11,66;46,22;39,17;15,88;14,79;14,62;53,68;31,69;6,52;5,35;50 bis unter 100;51,9;76,23;12,22;75,18;7,72;-0,28;7,1;4,21;35,2;57,4;14,7;68,33;6,2;26,03;8,58;50,4;1,3;1,2;1,4;6,48;Mittlere Leistung;Mittlere Leistung;Mittlere Leistung;630,9;28;18;37,8;10,4;57,34;95,44;82,77;7,71;9,64;5385,67;49,75
14524000;Zwickau;19,42;61,11;16,98;14,31;3,52;15,08;54,5;30,42;6,6;6,03;50 bis unter 100;48,7;84,27;12,6;74,63;8,07;-0,1;6,8;4,22;31;55,2;11,3;77,14;6,1;26,49;8,42;54,3;1,3;1,3;1,4;6,58;Eher hohe Leistung;Eher hohe Leistung;Eher hohe Leistung;615;26,6;14,9;43,5;10;58,59;97,15;83,05;8,62;10,25;4932,32;39,44
14612000;Dresden, Stadt;44,5;29,19;22,99;-27,19;94,28;16,72;61,36;21,92;11,71;9,64;300 bis unter 500;44,8;9,56;31,02;55,34;8,55;1,08;6,59;4,29;35,5;51,8;20,3;81,71;7;25,76;7,51;61,1;2,8;2,7;3;8,42;Sehr geringe Leistung (untere Eher geringe Leistung0 % der Kreise);Eher geringe Leistung;Mittlere Leistung;408;22,5;12,8;51,8;7,4;62,57;101,61;92,63;7,76;11,79;8873,9;45,85
14625000;Bautzen;10,95;45,43;35,19;27;-5,71;16,4;54,03;29,57;4,07;6,2;50 bis unter 100;51;78,45;13,11;73,61;7,06;-0,05;7,13;3,65;35,3;58,5;14,4;71,74;6,2;26,76;6,44;59,7;1,1;1;1,2;5,8;Eher hohe Leistung;Sehr hohe Leistung (obere 20 % der Kreise);Mittlere Leistung;626,1;25;10,5;51,9;8,8;66,05;101,05;86,11;7,91;7,03;5171,08;28,37
14626000;Görlitz;12,76;43,88;35,04;21,85;17,09;15,32;52,84;31,84;7,28;5,89;bis unter 50;53,7;76,69;13,5;72,72;6,96;0,04;6,72;3,04;38,7;60;17,3;82,03;8,9;24,72;7,42;50,4;1,7;1,5;1,9;9,1;Eher hohe Leistung;Sehr hohe Leistung (obere 20 % der Kreise);Sehr hohe Leistung (obere 20 % der Kreise);592,9;28;11,1;47,9;9,3;61,52;98,33;82,79;7,46;11,94;13774,91;59,44
14627000;Meißen;12,41;69;13,7;33,4;17,06;16,16;54,48;29,36;5,39;6,96;100 bis unter 200;48,6;79,75;13,93;73,12;7,39;0;6,74;3,8;31,8;54,6;13;73,08;5,8;27,43;7,42;59,2;1,5;1,4;1,6;6,37;Eher hohe Leistung;Sehr hohe Leistung (obere 20 % der Kreise);Mittlere Leistung;595,5;24,1;10,4;53,6;6,7;65,03;101,57;87,27;7,3;7,94;5097,8;46,82
14628000;Sächsische Schweiz-Osterzgebirge;9,78;52,2;35,78;38,16;6,68;16,72;54,4;28,87;4,82;7,53;100 bis unter 200;49,2;69,07;13,79;73,59;8,05;0,24;7,11;4,14;35,1;55,3;15,5;67,51;5,5;26,77;6,78;55,5;1,3;1,3;1,4;5,8;Mittlere Leistung;Mittlere Leistung;Mittlere Leistung;606,5;21,9;13;53,5;10;65,01;102,2;86,01;7,81;7,17;7408,73;46,31
14713000;Leipzig, Stadt;55,43;31,71;7,8;4,79;91,74;15,98;64,43;19,59;13,8;9,9;300 bis unter 500;46,2;13,98;26,98;55,65;10,19;1,47;6,69;3,9;36,2;51;22,6;79,27;8,5;24,07;9,86;54,8;4,1;3,8;4,5;10,35;Mittlere Leistung;Mittlere Leistung;Mittlere Leistung;379,4;24,9;15,7;45,1;10;61,63;99,99;90,52;7,49;14,7;11275,31;85,81
14729000;Leipzig;13,98;61,74;14,85;70,85;-4,38;16,45;55,51;28,04;4,75;7,24;100 bis unter 200;52,1;79,8;12,86;73,16;7,51;0,29;7,36;3,93;34;56,5;13,8;84,33;6;27,84;7,89;54,5;1,2;1,1;1,4;6,59;Eher hohe Leistung;Sehr hohe Leistung (obere 20 % der Kreise);Eher hohe Leistung;612,2;24,6;13,8;46,8;7,5;69;98,37;85,3;8,02;8,9;5184,39;83,04
14730000;Nordsachsen;11,52;63,08;20,77;15,49;0,65;16,14;56,19;27,67;6,27;7,35;50 bis unter 100;50,9;29,83;12,31;69,46;9,52;0,23;5,92;3,6;33,4;53,1;18,3;78,87;6,8;26,01;8,73;46,7;1,3;1,1;1,5;6,76;Eher hohe Leistung;Sehr hohe Leistung (obere 20 % der Kreise);Sehr hohe Leistung (obere 20 % der Kreise);598,9;20,1;13,6;51,2;10,2;64,59;99,26;84,17;7,52;9,07;6520,34;77,72
15001000;Dessau-Roßlau, Stadt;20,48;35,54;39,81;6,9;55,17;14,2;53,06;32,74;9,18;7,05;50 bis unter 100;50,6;89,23;17,05;69,8;8,28;-0,44;5,67;2,93;32,1;47,7;15,2;70,95;9,3;26,41;11,01;42,2;2,2;2,1;2,4;11,18;Eher geringe Leistung;Mittlere Leistung;Sehr geringe Leistung (untere Eher geringe Leistung0 % der Kreise);551;26,1;14,3;48,4;17;57,08;98,36;85,19;7,31;19,69;9588,61;82,23
15002000;Halle (Saale), Stadt;52,93;24,14;18,52;-20,33;46,7;15,92;59,58;24,5;13,38;8,03;200 bis unter 300;46,8;15,61;23,28;60,53;10,67;0,25;7,39;3,3;36,6;49,1;22,1;72,3;9,9;24,31;14,8;43,3;2,8;2,4;3,4;13,32;Sehr geringe Leistung (untere Eher geringe Leistung0 % der Kreise);Eher geringe Leistung;Sehr geringe Leistung (untere Eher geringe Leistung0 % der Kreise);420,6;26,1;13,6;46,9;15,1;57,39;108,69;83,1;7,49;23,8;12531,36;102,75
15003000;Magdeburg, Landeshauptstadt;47,74;36,84;8,92;44,82;100,48;15,03;60,59;24,38;13,95;7,37;200 bis unter 300;47,7;34,67;21,33;62,46;9,59;0,33;6,7;3,56;34,2;48,1;19,3;73,55;9,2;23,98;11,32;39,8;3,1;2,8;3,4;10,98;Eher geringe Leistung;Mittlere Leistung;Eher geringe Leistung;459,6;17;16,7;52,5;16;64,32;98,65;84,77;8,45;16,76;11504,16;114,19
15081000;Altmarkkreis Salzwedel;7,2;59,16;29,92;-8,63;10,88;15,54;56,68;27,78;5,08;6,06;bis unter 50;58,3;83,51;9,16;75,29;9,86;-0,98;8,45;4,64;33,7;55,9;13,1;77,47;7,5;26,27;10,24;42,1;1,7;1,5;2;8,22;Sehr hohe Leistung (obere 20 % der Kreise);Sehr hohe Leistung (obere 20 % der Kreise);Sehr hohe Leistung (obere 20 % der Kreise);637,3;18,1;12,8;55,5;10,4;66,86;100,11;75,99;7,16;9,39;5903,98;70,02
15082000;Anhalt-Bitterfeld;12,35;60,73;22,8;29,54;42,15;14,36;55,73;29,91;6,77;6,62;50 bis unter 100;50;77,56;11,98;72,35;7,47;-0,46;6,26;3,22;28,5;48,3;11,9;86,4;7,3;25,93;10,98;41,7;1,4;1,2;1,6;8,69;Sehr hohe Leistung (obere 20 % der Kreise);Sehr hohe Leistung (obere 20 % der Kreise);Eher hohe Leistung;615,7;25;11,8;51,5;16,3;66,51;99,62;74,75;7,44;12,91;7182,02;82,33
15083000;Börde;9,84;65,21;20,78;22,03;26,14;15,92;57,24;26,83;5,21;6,35;50 bis unter 100;54,9;85,06;9,47;71,85;9,99;0,37;6,15;3,55;29,6;52,8;13,5;83,29;5,7;26,98;8,6;46,5;1,5;1,3;1,6;6,25;Sehr hohe Leistung (obere 20 % der Kreise);Sehr hohe Leistung (obere 20 % der Kreise);Sehr hohe Leistung (obere 20 % der Kreise);645,7;22,1;12,7;52,5;9,3;70,85;99,59;80,52;7,64;7,39;5669,83;76,22
15084000;Burgenlandkreis;13,23;68,7;14,64;10,54;9,38;14,87;55,06;30,07;8,07;6,1;bis unter 50;52;64,97;10,46;71,26;7,68;-0,16;6,26;3,41;31,4;51,7;12,6;82,51;7,3;25,47;10,11;47,9;1,8;1,7;1,8;9,33;Sehr hohe Leistung (obere 20 % der Kreise);Sehr hohe Leistung (obere 20 % der Kreise);Eher hohe Leistung;600,3;22,5;13,1;52,9;15,2;65,33;101,18;76,52;7,14;13,73;6700,67;57,58
15085000;Harz;10;51,25;37,04;-203,76;256,08;13,82;55,5;30,68;4,97;6,41;50 bis unter 100;54,7;83,52;10,62;74,88;7,75;-0,37;7,32;3,96;33,5;54,3;14;71,09;6;25,77;10,2;43,8;1,5;1,4;1,7;8,22;Eher hohe Leistung;Sehr hohe Leistung (obere 20 % der Kreise);Eher hohe Leistung;611;24,6;14,9;48,4;12,2;68,08;100,25;74,55;6,74;9,71;8483,39;64,24
15086000;Jerichower Land;8,89;54,65;32,38;44,18;30,51;15,4;55,93;28,67;5,78;6,77;50 bis unter 100;55,1;72,86;9,32;73,49;8,89;-0,4;6,58;3,65;32,4;54,1;13,3;78,9;7,4;26,76;9,4;39;1,2;1;1,5;7,38;Sehr hohe Leistung (obere 20 % der Kreise);Eher hohe Leistung;Eher hohe Leistung;622;15,8;16;58,2;14,3;67,61;99,81;78,73;7,19;10,41;7182,32;88,13
15087000;Mansfeld-Südharz;11,56;56,99;29,48;25,42;19,3;13,74;54,05;32,21;4,43;6,08;bis unter 50;53,9;83,87;8,27;78,01;8,78;-0,64;6,9;3,19;35,9;56,4;14,8;74,89;10,2;24,94;10,43;36,3;1,2;1,1;1,4;10,3;Sehr hohe Leistung (obere 20 % der Kreise);Sehr hohe Leistung (obere 20 % der Kreise);Eher hohe Leistung;620,6;22,1;12,8;52,5;14,8;65,43;100,48;71,29;7,44;17,27;6158,31;51,93
15088000;Saalekreis;15,12;69,75;11,01;37,82;35,85;15,78;56,57;27,65;5,98;6,67;50 bis unter 100;51,8;92,42;11,27;72,34;9,02;-0,34;6,72;3,33;26,4;50,3;10,3;98,36;6,9;26,43;9,45;45,9;1,7;1,5;1,8;7,89;Sehr hohe Leistung (obere 20 % der Kreise);Sehr hohe Leistung (obere 20 % der Kreise);Eher hohe Leistung;642,1;22,2;10,3;55,1;9,8;68,49;97,52;76,58;7,6;11,12;6913,64;58,65
15089000;Salzlandkreis;13,86;74,26;8,12;12,61;23,9;14,46;55,69;29,85;5,5;6,22;50 bis unter 100;53,9;89,61;10,2;75,76;8,11;-0,54;6,39;3,04;32,9;54;12,7;82,24;8,9;25,01;10,9;36,8;1,8;1,7;2;10,2;Sehr hohe Leistung (obere 20 % der Kreise);Sehr hohe Leistung (obere 20 % der Kreise);Eher hohe Leistung;586,5;23;15,1;48,6;14,2;71,14;102,65;77,76;7,12;14,22;6460,66;98,47
15090000;Stendal;7,74;64,69;22,7;52,94;33,32;15,34;56,01;28,65;5,62;6,54;bis unter 50;55,1;70;10,79;75,87;8,58;-0,49;6,88;3,58;34,1;55;13,9;88,28;9,5;25,69;10,36;35,8;1,4;1,3;1,6;11,47;Sehr hohe Leistung (obere 20 % der Kreise);Sehr hohe Leistung (obere 20 % der Kreise);Sehr hohe Leistung (obere 20 % der Kreise);603,9;20,5;14,1;52,7;17,9;62,17;97,31;69,6;6,8;16,75;7724;68,52
15091000;Wittenberg;8,85;47,6;39,79;29,25;33,2;14,58;54,47;30,95;5,43;6,37;bis unter 50;55;77,78;9,2;76,71;7,24;-0,06;8,28;3,91;33,1;54,6;13,2;72,12;7;26,41;8,93;44,9;1,3;1,1;1,5;7,58;Eher hohe Leistung;Sehr hohe Leistung (obere 20 % der Kreise);Sehr hohe Leistung (obere 20 % der Kreise);630,7;31,5;8,6;50,2;15,3;70,54;99,22;76,22;7,27;12;6452,25;63,27
16051000;Erfurt, Stadt;31,68;55,22;9,34;1,83;18,88;15,55;61;23,45;12,13;10;200 bis unter 300;46;22,5;21,77;61,03;9,41;0,28;6,43;4,09;31,6;47,3;16,2;75,18;6,3;24,79;8,7;48,9;2,9;2,9;2,9;8,29;Mittlere Leistung;Mittlere Leistung;Eher geringe Leistung;453,8;20;13,1;55,5;6,8;58,94;102,61;12,77;8,37;12,84;12442,81;119,75
16052000;Gera, Stadt;29,01;50,37;19,29;72,07;14,96;15,49;54,98;29,53;14,23;6,17;50 bis unter 100;47,5;5,49;12,87;68,68;11,63;-0,23;5,67;3,28;32,9;47,6;16,1;70,08;10,3;24,2;10,57;40,9;2,6;2,6;2,7;13,29;Eher geringe Leistung;Eher geringe Leistung;Sehr geringe Leistung (untere Eher geringe Leistung0 % der Kreise);481,3;23,3;14;49,3;14,3;56,8;92,26;12,6;6,73;22,44;11737,51;44,98
16053000;Jena, Stadt;31,32;31,11;36,14;-41,1;50,49;15,42;61,75;22,83;12,49;11,66;300 bis unter 500;46;10,4;36,59;52,14;8,12;1,34;8,09;3,32;34;47,8;20,6;83,37;6,1;26,18;4,42;64,3;2,5;2,5;2,6;6,71;Sehr geringe Leistung (untere Eher geringe Leistung0 % der Kreise);Sehr geringe Leistung (untere Eher geringe Leistung0 % der Kreise);Eher geringe Leistung;410,8;21,6;15,8;51,1;4,6;68,15;104,33;12,58;6,68;8,49;7143,31;40,1
16054000;Suhl, Stadt;19,26;9,65;70,52;-1627,79;1286,72;12,48;52,97;34,55;10,42;6,73;50 bis unter 100;51,8;72,15;15,35;70,46;9,11;-1,12;6,73;4,52;32,7;46,7;14,5;67,26;7,2;27,18;8,79;45,2;1;0,8;1,2;6,56;Sehr geringe Leistung (untere Eher geringe Leistung0 % der Kreise);Sehr geringe Leistung (untere Eher geringe Leistung0 % der Kreise);Sehr geringe Leistung (untere Eher geringe Leistung0 % der Kreise);565,3;19;11,5;57,8;15,6;61,86;90,34;11,84;7,4;8,79;16860,31;37,48
16055000;Weimar, Stadt;33,66;40,63;21,14;61,56;77,63;15,96;59,33;24,71;11,44;9,75;100 bis unter 200;48,1;37,5;26,91;60,05;8,43;0,23;7,62;3,69;39,1;53,5;22,1;68,88;6,3;25,22;7,73;54,3;2,5;2,2;2,8;8,4;Sehr geringe Leistung (untere Eher geringe Leistung0 % der Kreise);Eher geringe Leistung;Sehr geringe Leistung (untere Eher geringe Leistung0 % der Kreise);462,2;27,4;17;44,9;6,3;67,74;103,98;13,03;6,75;12,02;10211,66;53,07
16061000;Eichsfeld;10,96;55,8;31,83;1,74;14,27;17,12;56;26,88;5,25;7,16;bis unter 50;55,6;60,12;8,63;77,83;8,62;0,45;8,14;5;32,1;60,9;9,2;69,6;4,4;27,26;4,87;58,8;1,1;1;1,2;4,58;Mittlere Leistung;Eher hohe Leistung;Eher hohe Leistung;633,7;24,9;9,2;56,7;6,6;62,55;101,95;13,39;6,42;6,12;5126,62;41,47
16062000;Nordhausen;11,93;53,78;31,31;-26,37;46,31;15,25;55,77;28,98;8,1;6,42;bis unter 50;50,8;86,36;11,54;74;9,08;-0,42;6,75;3,3;31,5;53,7;11,6;71,06;8,2;24,82;8,68;42,1;1,4;1,3;1,6;9,25;Mittlere Leistung;Eher hohe Leistung;Eher hohe Leistung;594,2;24,7;13,9;50;12,7;59,99;104,61;13,64;7,44;14,47;6947,57;37,15
16063000;Wartburgkreis;11,8;46,26;39,36;-3,16;16,91;15,35;56,22;28,43;7,65;7,02;bis unter 50;54,1;76,85;10,88;75,05;9,13;-0,56;6,62;4,2;27,7;50,9;8,8;77,62;6;27,08;7,23;50,9;1,4;1,3;1,5;6,16;Eher hohe Leistung;Eher hohe Leistung;Eher geringe Leistung;621,9;18,2;12,6;57,1;10,1;58,38;101,34;12,74;6,91;8,93;5173,69;25,81
16064000;Unstrut-Hainich-Kreis;10,16;67,49;19,77;15,01;27,16;16,25;55,75;28,01;6,62;6,34;bis unter 50;54,6;77,92;10,49;76,28;7,27;-0,47;7,24;4,26;34,3;56,3;11,1;70,56;7,4;24,78;8,79;45,9;1,6;1,5;1,8;8,65;Eher hohe Leistung;Eher hohe Leistung;Mittlere Leistung;577,1;25,5;11,3;52,1;13,2;61,22;101,85;13,77;7,18;13,24;7800,2;57,07
16065000;Kyffhäuserkreis;9,57;64,04;24,4;6,27;-4,46;14,71;54,97;30,32;5,51;6,31;bis unter 50;56,1;75;9,24;78,07;6,98;-0,97;7,66;3,33;32;53,8;11,3;78,15;8,3;24,64;10,32;40,5;1,3;1,2;1,6;9,03;Eher hohe Leistung;Eher hohe Leistung;Eher geringe Leistung;622,9;22,2;11,5;54,6;12,2;60,24;98,37;11,96;6,89;13,28;6840,17;61,33
16066000;Schmalkalden-Meiningen;10,53;39,09;49,32;-12,81;46,83;14,57;56,17;29,27;6,8;6,69;bis unter 50;54;64,36;10,5;74,11;8,38;-0,19;8,83;5,77;31;51,4;11,5;70,72;5,1;26,91;7,27;51,9;0,9;0,9;0,9;4,56;Eher geringe Leistung;Eher hohe Leistung;Mittlere Leistung;637,8;21,6;10,9;57,1;11,6;64,84;101,85;12,56;6,38;6,18;5312,19;34,94
16067000;Gotha;12,87;55,06;28,65;2,36;13,55;15,4;57,38;27,22;9,73;6,96;50 bis unter 100;53,6;73,91;10,53;73,81;9,98;0,09;6,44;4,73;26,5;46,3;9,5;73,85;6,6;25,02;8,65;46,2;1,1;1,1;1,2;6,09;Eher hohe Leistung;Eher hohe Leistung;Eher geringe Leistung;570,2;21;12,5;54,8;10,4;61,48;97,97;11,53;6,63;9,84;6236,1;34,6
16068000;Sömmerda;9,8;78,89;8,62;9,75;17,58;15,9;56,46;27,64;5,76;7,47;50 bis unter 100;54,2;86,21;8,43;77,32;9,25;-0,23;6,53;4,22;27,2;49,2;9,8;79,12;6,2;25,83;7,45;50,2;1;0,9;1,1;6,56;Sehr hohe Leistung (obere 20 % der Kreise);Eher hohe Leistung;Mittlere Leistung;605,6;22,9;8,7;56,9;11,5;65,59;103,26;11,84;6,79;9,08;4981,31;47,27
16069000;Hildburghausen;9,03;42,41;47,54;-16,17;2,67;15,08;56,78;28,13;5,3;7,05;bis unter 50;55,3;68,42;9,86;77,2;8,96;-1,02;7,8;5,88;29,5;51,7;10,4;72,09;4,6;27,12;6,74;59,5;0,9;0,8;1,1;4,44;Eher geringe Leistung;Mittlere Leistung;Mittlere Leistung;654,7;15;13,8;59,1;11,9;66,35;103,45;12,02;6,72;5,51;4405,95;25,01
16070000;Ilm-Kreis;12,52;43,25;43,02;-3,66;67,04;15,07;57,37;27,56;9,95;7,71;50 bis unter 100;49,3;58,43;17,09;68,72;8,46;0,15;6,93;3,95;25,8;46,8;10,9;75,72;6,4;25,2;7,28;52,3;1,5;1,4;1,6;6,96;Eher geringe Leistung;Mittlere Leistung;Mittlere Leistung;556,3;18,2;12,6;58;13,8;65,37;100,32;12,76;6,91;10,54;6055,86;67,51
16071000;Weimarer Land;11,95;68,76;17,65;-4,01;18,33;17,23;56,05;26,72;6,65;8,2;50 bis unter 100;54,2;88,89;11,91;72,61;9,46;0,25;7,39;5,02;31,5;50;16;93,84;4,7;26,5;6,86;53,8;1,1;1;1,1;6,05;Eher hohe Leistung;Eher hohe Leistung;Eher geringe Leistung;607;22,1;11,5;54,6;11;68,22;95,03;11,95;6,73;9,99;5428,93;38,84
16072000;Sonneberg;10,75;24,97;63,16;-31,29;-20,92;13,59;56,14;30,26;8,24;6,52;bis unter 50;51,7;80,95;8,55;73,21;11,53;-1,08;7,31;5,23;23,6;41,5;7,9;69,14;5,4;26,3;6,83;46,6;0,8;0,7;0,9;5,02;Sehr geringe Leistung (untere Eher geringe Leistung0 % der Kreise);Eher geringe Leistung;Sehr geringe Leistung (untere Eher geringe Leistung0 % der Kreise);633;12,4;12;62,6;14,4;61,04;100,88;11,32;7,23;7,55;6911,8;50,94
16073000;Saalfeld-Rudolstadt;10,32;32,98;55,03;9,49;5,09;14,31;54,34;31,35;5,7;6,81;bis unter 50;52,2;67,65;12,3;75,32;7,93;-0,98;7,54;4,46;33,3;54,3;12,8;75,11;6,2;26,14;6,63;55,4;0,8;0,7;1,1;6,78;Eher geringe Leistung;Eher geringe Leistung;Mittlere Leistung;604,6;25,2;12,4;50,9;12,4;61,19;104,92;13,39;7,51;11,47;6241,45;44,95
16074000;Saale-Holzland-Kreis;10,96;50,03;37,87;-45,6;32,16;15,49;55,85;28,66;5,66;7,18;50 bis unter 100;54,5;92,02;12,44;73,47;7,68;-0,19;7,08;3,93;26,7;45,3;11,1;75,11;5;26,41;5,97;60,8;0,9;0,8;1,1;4,43;Eher hohe Leistung;Eher hohe Leistung;Eher hohe Leistung;606,9;14,9;12,2;59,1;6,8;65,64;98,46;10,49;5,98;5,47;6535,72;43,2
16075000;Saale-Orla-Kreis;8,99;46,96;41,02;9,96;24,18;15,06;55,32;29,62;5,84;6,32;bis unter 50;54;66,67;8,46;79,03;7,89;-1,11;7,07;4,46;28,9;52,5;9,9;78,4;5,7;26,2;6,19;55,4;1,1;1,1;1,2;6,02;Mittlere Leistung;Eher hohe Leistung;Sehr hohe Leistung (obere 20 % der Kreise);654,9;22,6;9,8;54,1;10,4;64,24;103,42;12,62;6,91;8,35;7185,06;59,48
16076000;Greiz;12,81;58,09;26,84;18,68;15,69;14,52;53,12;32,36;4,88;5,68;50 bis unter 100;53,5;86,05;10,38;78,05;6,95;-0,5;7,41;3,91;29,1;51,8;10,7;72,16;6;26,82;6,22;57,3;1;0,9;1,2;5,62;Mittlere Leistung;Eher hohe Leistung;Mittlere Leistung;648,6;25,9;14,2;48,2;13,6;66,05;104,05;15,2;5,9;8,63;4948,4;23,48
16077000;Altenburger Land;14,34;70,23;12,56;-13,94;80,68;14,25;53,45;32,29;8,03;6,14;50 bis unter 100;51,6;33,33;10,53;75,11;8,59;-0,61;7,55;4,12;32,9;54,6;12,2;69,99;9,3;25,83;7,22;48,6;1,9;1,9;1,9;10,57;Eher hohe Leistung;Eher hohe Leistung;Mittlere Leistung;590,3;24,9;12,7;50,5;8,4;65,48;98,61;12,03;6,75;16,56;6416,56;32
Ende der Tabelle.;;;;;;;;;;;;;;;;;;;;;;;;;;;;;;;;;;;;;;;;;;;;;;;
