ags8,county_ags5,name_de,state_code,year,tax_capacity_eur_per_capita,value_status,source_id
09161000,09161,Ingolstadt,09,2024,2043.3,published_numeric,DE_ATLAS_HA26_GEM_2024
09162000,09162,"München, Landeshauptstadt",09,2024,3103.8,published_numeric,DE_ATLAS_HA26_GEM_2024
09163000,09163,Rosenheim,09,2024,1820.4,published_numeric,DE_ATLAS_HA26_GEM_2024
09171111,09171,"Altötting, St",09,2024,1616.9,published_numeric,DE_ATLAS_HA26_GEM_2024
09171112,09171,"Burghausen, St",09,2024,3303.6,published_numeric,DE_ATLAS_HA26_GEM_2024
09171113,09171,Burgkirchen a.d.Alz,09,2024,2947.2,published_numeric,DE_ATLAS_HA26_GEM_2024
09171114,09171,Emmerting,09,2024,1086.1,published_numeric,DE_ATLAS_HA26_GEM_2024
09171115,09171,Erlbach,09,2024,997.2,published_numeric,DE_ATLAS_HA26_GEM_2024
09171116,09171,Feichten a.d.Alz,09,2024,1242,published_numeric,DE_ATLAS_HA26_GEM_2024
09171117,09171,Garching a.d.Alz,09,2024,1243.1,published_numeric,DE_ATLAS_HA26_GEM_2024
09171118,09171,Haiming,09,2024,1534,published_numeric,DE_ATLAS_HA26_GEM_2024
09171119,09171,Halsbach,09,2024,1482.6,published_numeric,DE_ATLAS_HA26_GEM_2024
09171121,09171,Kastl,09,2024,2186.3,published_numeric,DE_ATLAS_HA26_GEM_2024
09171122,09171,Kirchweidach,09,2024,1949.8,published_numeric,DE_ATLAS_HA26_GEM_2024
09171123,09171,"Marktl, M",09,2024,1274.9,published_numeric,DE_ATLAS_HA26_GEM_2024
09171124,09171,Mehring,09,2024,1751.8,published_numeric,DE_ATLAS_HA26_GEM_2024
09171125,09171,"Neuötting, St",09,2024,1803.3,published_numeric,DE_ATLAS_HA26_GEM_2024
09171126,09171,Perach,09,2024,1060.2,published_numeric,DE_ATLAS_HA26_GEM_2024
09171127,09171,Pleiskirchen,09,2024,2193.5,published_numeric,DE_ATLAS_HA26_GEM_2024
09171129,09171,Reischach,09,2024,1258.5,published_numeric,DE_ATLAS_HA26_GEM_2024
09171130,09171,Stammham,09,2024,31187.4,published_numeric,DE_ATLAS_HA26_GEM_2024
09171131,09171,Teising,09,2024,1854.7,published_numeric,DE_ATLAS_HA26_GEM_2024
09171132,09171,"Töging a.Inn, St",09,2024,2274.2,published_numeric,DE_ATLAS_HA26_GEM_2024
09171133,09171,"Tüßling, M",09,2024,1706.5,published_numeric,DE_ATLAS_HA26_GEM_2024
09171134,09171,Tyrlaching,09,2024,1181.3,published_numeric,DE_ATLAS_HA26_GEM_2024
09171135,09171,Unterneukirchen,09,2024,1791,published_numeric,DE_ATLAS_HA26_GEM_2024
09171137,09171,Winhöring,09,2024,1516.7,published_numeric,DE_ATLAS_HA26_GEM_2024
09172111,09172,Ainring,09,2024,2490.8,published_numeric,DE_ATLAS_HA26_GEM_2024
09172112,09172,Anger,09,2024,1377.5,published_numeric,DE_ATLAS_HA26_GEM_2024
09172114,09172,"Bad Reichenhall, GKSt",09,2024,1455.7,published_numeric,DE_ATLAS_HA26_GEM_2024
09172115,09172,Bayerisch Gmain,09,2024,1427.2,published_numeric,DE_ATLAS_HA26_GEM_2024
09172116,09172,"Berchtesgaden, M",09,2024,1983.6,published_numeric,DE_ATLAS_HA26_GEM_2024
09172117,09172,Bischofswiesen,09,2024,1682.4,published_numeric,DE_ATLAS_HA26_GEM_2024
09172118,09172,"Freilassing, St",09,2024,1817.5,published_numeric,DE_ATLAS_HA26_GEM_2024
09172122,09172,"Laufen, St",09,2024,1349.1,published_numeric,DE_ATLAS_HA26_GEM_2024
09172124,09172,"Marktschellenberg, M",09,2024,1188,published_numeric,DE_ATLAS_HA26_GEM_2024
09172128,09172,Piding,09,2024,1216.1,published_numeric,DE_ATLAS_HA26_GEM_2024
09172129,09172,Ramsau b.Berchtesgaden,09,2024,1196.3,published_numeric,DE_ATLAS_HA26_GEM_2024
09172130,09172,Saaldorf-Surheim,09,2024,829.5,published_numeric,DE_ATLAS_HA26_GEM_2024
09172131,09172,Schneizlreuth,09,2024,1837.9,published_numeric,DE_ATLAS_HA26_GEM_2024
09172132,09172,Schönau a.Königssee,09,2024,1961.4,published_numeric,DE_ATLAS_HA26_GEM_2024
09172134,09172,"Teisendorf, M",09,2024,1198.6,published_numeric,DE_ATLAS_HA26_GEM_2024
09172452,09172,Eck,09,2024,,published_missing_sentinel,DE_ATLAS_HA26_GEM_2024
09172454,09172,Schellenberger Forst,09,2024,,published_missing_sentinel,DE_ATLAS_HA26_GEM_2024
09173111,09173,Bad Heilbrunn,09,2024,1607.9,published_numeric,DE_ATLAS_HA26_GEM_2024
09173112,09173,"Bad Tölz, St",09,2024,1630.4,published_numeric,DE_ATLAS_HA26_GEM_2024
09173113,09173,Benediktbeuern,09,2024,1470.5,published_numeric,DE_ATLAS_HA26_GEM_2024
09173115,09173,Bichl,09,2024,1242.1,published_numeric,DE_ATLAS_HA26_GEM_2024
09173118,09173,Dietramszell,09,2024,1703.2,published_numeric,DE_ATLAS_HA26_GEM_2024
09173120,09173,Egling,09,2024,1776.9,published_numeric,DE_ATLAS_HA26_GEM_2024
09173123,09173,Eurasburg,09,2024,1429.4,published_numeric,DE_ATLAS_HA26_GEM_2024
09173124,09173,Gaißach,09,2024,1412.2,published_numeric,DE_ATLAS_HA26_GEM_2024
09173126,09173,"Geretsried, St",09,2024,1838.5,published_numeric,DE_ATLAS_HA26_GEM_2024
09173127,09173,Greiling,09,2024,1525.6,published_numeric,DE_ATLAS_HA26_GEM_2024
09173130,09173,Icking,09,2024,1956.5,published_numeric,DE_ATLAS_HA26_GEM_2024
09173131,09173,Jachenau,09,2024,1230.5,published_numeric,DE_ATLAS_HA26_GEM_2024
09173133,09173,Kochel a.See,09,2024,1508.1,published_numeric,DE_ATLAS_HA26_GEM_2024
09173134,09173,Königsdorf,09,2024,1700.7,published_numeric,DE_ATLAS_HA26_GEM_2024
09173135,09173,Lenggries,09,2024,1489.4,published_numeric,DE_ATLAS_HA26_GEM_2024
09173137,09173,Münsing,09,2024,2302.7,published_numeric,DE_ATLAS_HA26_GEM_2024
09173140,09173,Reichersbeuern,09,2024,1392,published_numeric,DE_ATLAS_HA26_GEM_2024
09173141,09173,Sachsenkam,09,2024,2075.1,published_numeric,DE_ATLAS_HA26_GEM_2024
09173142,09173,Schlehdorf,09,2024,1093,published_numeric,DE_ATLAS_HA26_GEM_2024
09173145,09173,Wackersberg,09,2024,1234.6,published_numeric,DE_ATLAS_HA26_GEM_2024
09173147,09173,"Wolfratshausen, St",09,2024,1953.7,published_numeric,DE_ATLAS_HA26_GEM_2024
09173451,09173,Pupplinger Au,09,2024,,published_missing_sentinel,DE_ATLAS_HA26_GEM_2024
09173452,09173,Wolfratshauser Forst,09,2024,,published_missing_sentinel,DE_ATLAS_HA26_GEM_2024
09174111,09174,"Altomünster, M",09,2024,1457.3,published_numeric,DE_ATLAS_HA26_GEM_2024
09174113,09174,Bergkirchen,09,2024,3220.4,published_numeric,DE_ATLAS_HA26_GEM_2024
09174115,09174,"Dachau, GKSt",09,2024,1768.4,published_numeric,DE_ATLAS_HA26_GEM_2024
09174118,09174,Erdweg,09,2024,1478.6,published_numeric,DE_ATLAS_HA26_GEM_2024
09174121,09174,Haimhausen,09,2024,1860.4,published_numeric,DE_ATLAS_HA26_GEM_2024
09174122,09174,Hebertshausen,09,2024,1526.9,published_numeric,DE_ATLAS_HA26_GEM_2024
09174126,09174,Karlsfeld,09,2024,2023,published_numeric,DE_ATLAS_HA26_GEM_2024
09174131,09174,"Markt Indersdorf, M",09,2024,1741.5,published_numeric,DE_ATLAS_HA26_GEM_2024
09174135,09174,Odelzhausen,09,2024,2407.8,published_numeric,DE_ATLAS_HA26_GEM_2024
09174136,09174,Petershausen,09,2024,1782.6,published_numeric,DE_ATLAS_HA26_GEM_2024
09174137,09174,Pfaffenhofen a.d.Glonn,09,2024,1985.5,published_numeric,DE_ATLAS_HA26_GEM_2024
09174141,09174,Röhrmoos,09,2024,1311.2,published_numeric,DE_ATLAS_HA26_GEM_2024
09174143,09174,Schwabhausen,09,2024,1632.8,published_numeric,DE_ATLAS_HA26_GEM_2024
09174146,09174,Sulzemoos,09,2024,2911.9,published_numeric,DE_ATLAS_HA26_GEM_2024
09174147,09174,Hilgertshausen-Tandern,09,2024,1520.2,published_numeric,DE_ATLAS_HA26_GEM_2024
09174150,09174,Vierkirchen,09,2024,2474.3,published_numeric,DE_ATLAS_HA26_GEM_2024
09174151,09174,Weichs,09,2024,1271.3,published_numeric,DE_ATLAS_HA26_GEM_2024
09175111,09175,Anzing,09,2024,1850.1,published_numeric,DE_ATLAS_HA26_GEM_2024
09175112,09175,Aßling,09,2024,1562.2,published_numeric,DE_ATLAS_HA26_GEM_2024
09175113,09175,Baiern,09,2024,1396,published_numeric,DE_ATLAS_HA26_GEM_2024
09175114,09175,Bruck,09,2024,1674.3,published_numeric,DE_ATLAS_HA26_GEM_2024
09175115,09175,"Ebersberg, St",09,2024,2040.2,published_numeric,DE_ATLAS_HA26_GEM_2024
09175116,09175,Egmating,09,2024,1698.5,published_numeric,DE_ATLAS_HA26_GEM_2024
09175118,09175,Forstinning,09,2024,2374.3,published_numeric,DE_ATLAS_HA26_GEM_2024
09175119,09175,Frauenneuharting,09,2024,1352.8,published_numeric,DE_ATLAS_HA26_GEM_2024
09175121,09175,"Glonn, M",09,2024,2072.3,published_numeric,DE_ATLAS_HA26_GEM_2024
09175122,09175,"Grafing b.München, St",09,2024,1604.4,published_numeric,DE_ATLAS_HA26_GEM_2024
09175123,09175,Hohenlinden,09,2024,2072,published_numeric,DE_ATLAS_HA26_GEM_2024
09175124,09175,"Kirchseeon, M",09,2024,1549,published_numeric,DE_ATLAS_HA26_GEM_2024
09175127,09175,"Markt Schwaben, M",09,2024,1973.2,published_numeric,DE_ATLAS_HA26_GEM_2024
09175128,09175,Moosach,09,2024,1921.5,published_numeric,DE_ATLAS_HA26_GEM_2024
09175131,09175,Oberpframmern,09,2024,2618.1,published_numeric,DE_ATLAS_HA26_GEM_2024
09175132,09175,Vaterstetten,09,2024,2173.2,published_numeric,DE_ATLAS_HA26_GEM_2024
09175133,09175,Pliening,09,2024,2010.5,published_numeric,DE_ATLAS_HA26_GEM_2024
09175135,09175,Poing,09,2024,3481.9,published_numeric,DE_ATLAS_HA26_GEM_2024
09175136,09175,Emmering,09,2024,1064.3,published_numeric,DE_ATLAS_HA26_GEM_2024
09175137,09175,Steinhöring,09,2024,1314.1,published_numeric,DE_ATLAS_HA26_GEM_2024
09175139,09175,Zorneding,09,2024,1830.6,published_numeric,DE_ATLAS_HA26_GEM_2024
09175451,09175,Anzinger Forst,09,2024,,published_missing_sentinel,DE_ATLAS_HA26_GEM_2024
09175452,09175,Ebersberger Forst,09,2024,,published_missing_sentinel,DE_ATLAS_HA26_GEM_2024
09175453,09175,Eglhartinger Forst,09,2024,,published_missing_sentinel,DE_ATLAS_HA26_GEM_2024
09176111,09176,Adelschlag,09,2024,1094,published_numeric,DE_ATLAS_HA26_GEM_2024
09176112,09176,"Altmannstein, M",09,2024,1139.1,published_numeric,DE_ATLAS_HA26_GEM_2024
09176114,09176,"Beilngries, St",09,2024,1550.1,published_numeric,DE_ATLAS_HA26_GEM_2024
09176116,09176,Böhmfeld,09,2024,1176.8,published_numeric,DE_ATLAS_HA26_GEM_2024
09176118,09176,Buxheim,09,2024,1200,published_numeric,DE_ATLAS_HA26_GEM_2024
09176120,09176,Denkendorf,09,2024,1691.2,published_numeric,DE_ATLAS_HA26_GEM_2024
09176121,09176,"Dollnstein, M",09,2024,1104.7,published_numeric,DE_ATLAS_HA26_GEM_2024
09176122,09176,Egweil,09,2024,1270,published_numeric,DE_ATLAS_HA26_GEM_2024
09176123,09176,"Eichstätt, GKSt",09,2024,1440.8,published_numeric,DE_ATLAS_HA26_GEM_2024
09176124,09176,Eitensheim,09,2024,1756.5,published_numeric,DE_ATLAS_HA26_GEM_2024
09176126,09176,"Gaimersheim, M",09,2024,2474.3,published_numeric,DE_ATLAS_HA26_GEM_2024
09176129,09176,Großmehring,09,2024,1826.9,published_numeric,DE_ATLAS_HA26_GEM_2024
09176131,09176,Hepberg,09,2024,1272.4,published_numeric,DE_ATLAS_HA26_GEM_2024
09176132,09176,Hitzhofen,09,2024,1247.7,published_numeric,DE_ATLAS_HA26_GEM_2024
09176137,09176,"Kinding, M",09,2024,2095.5,published_numeric,DE_ATLAS_HA26_GEM_2024
09176138,09176,"Kipfenberg, M",09,2024,2129.6,published_numeric,DE_ATLAS_HA26_GEM_2024
09176139,09176,"Kösching, M",09,2024,1920.8,published_numeric,DE_ATLAS_HA26_GEM_2024
09176143,09176,Lenting,09,2024,1677.7,published_numeric,DE_ATLAS_HA26_GEM_2024
09176147,09176,Mindelstetten,09,2024,1819.9,published_numeric,DE_ATLAS_HA26_GEM_2024
09176148,09176,"Mörnsheim, M",09,2024,1266.7,published_numeric,DE_ATLAS_HA26_GEM_2024
09176149,09176,"Nassenfels, M",09,2024,1067.7,published_numeric,DE_ATLAS_HA26_GEM_2024
09176150,09176,Oberdolling,09,2024,2107.3,published_numeric,DE_ATLAS_HA26_GEM_2024
09176153,09176,"Pförring, M",09,2024,1450.4,published_numeric,DE_ATLAS_HA26_GEM_2024
09176155,09176,Pollenfeld,09,2024,1416.8,published_numeric,DE_ATLAS_HA26_GEM_2024
09176160,09176,Schernfeld,09,2024,1282.1,published_numeric,DE_ATLAS_HA26_GEM_2024
09176161,09176,Stammham,09,2024,1360.1,published_numeric,DE_ATLAS_HA26_GEM_2024
09176164,09176,"Titting, M",09,2024,1621.5,published_numeric,DE_ATLAS_HA26_GEM_2024
09176165,09176,Walting,09,2024,1313.3,published_numeric,DE_ATLAS_HA26_GEM_2024
09176166,09176,"Wellheim, M",09,2024,1002.8,published_numeric,DE_ATLAS_HA26_GEM_2024
09176167,09176,Wettstetten,09,2024,1427.2,published_numeric,DE_ATLAS_HA26_GEM_2024
09176451,09176,Haunstetter Forst,09,2024,,published_missing_sentinel,DE_ATLAS_HA26_GEM_2024
09177112,09177,Berglern,09,2024,1318.3,published_numeric,DE_ATLAS_HA26_GEM_2024
09177113,09177,Bockhorn,09,2024,1436.1,published_numeric,DE_ATLAS_HA26_GEM_2024
09177114,09177,Buch a.Buchrain,09,2024,1453.6,published_numeric,DE_ATLAS_HA26_GEM_2024
09177115,09177,"Dorfen, St",09,2024,1408,published_numeric,DE_ATLAS_HA26_GEM_2024
09177116,09177,Eitting,09,2024,2071.5,published_numeric,DE_ATLAS_HA26_GEM_2024
09177117,09177,"Erding, GKSt",09,2024,2848.4,published_numeric,DE_ATLAS_HA26_GEM_2024
09177118,09177,Finsing,09,2024,1816.7,published_numeric,DE_ATLAS_HA26_GEM_2024
09177119,09177,Forstern,09,2024,1791.1,published_numeric,DE_ATLAS_HA26_GEM_2024
09177120,09177,Fraunberg,09,2024,1362.5,published_numeric,DE_ATLAS_HA26_GEM_2024
09177121,09177,Hohenpolding,09,2024,1591.9,published_numeric,DE_ATLAS_HA26_GEM_2024
09177122,09177,Inning a.Holz,09,2024,1306.8,published_numeric,DE_ATLAS_HA26_GEM_2024
09177123,09177,"Isen, M",09,2024,1362.2,published_numeric,DE_ATLAS_HA26_GEM_2024
09177124,09177,Kirchberg,09,2024,1231.2,published_numeric,DE_ATLAS_HA26_GEM_2024
09177126,09177,Langenpreising,09,2024,1329.7,published_numeric,DE_ATLAS_HA26_GEM_2024
09177127,09177,Lengdorf,09,2024,1431.1,published_numeric,DE_ATLAS_HA26_GEM_2024
09177130,09177,Moosinning,09,2024,1280.1,published_numeric,DE_ATLAS_HA26_GEM_2024
09177131,09177,Neuching,09,2024,1901.3,published_numeric,DE_ATLAS_HA26_GEM_2024
09177133,09177,Oberding,09,2024,6434.7,published_numeric,DE_ATLAS_HA26_GEM_2024
09177134,09177,Ottenhofen,09,2024,1387.9,published_numeric,DE_ATLAS_HA26_GEM_2024
09177135,09177,Pastetten,09,2024,1390.9,published_numeric,DE_ATLAS_HA26_GEM_2024
09177137,09177,Sankt Wolfgang,09,2024,1563,published_numeric,DE_ATLAS_HA26_GEM_2024
09177138,09177,Steinkirchen,09,2024,1526.6,published_numeric,DE_ATLAS_HA26_GEM_2024
09177139,09177,Taufkirchen (Vils),09,2024,1239.6,published_numeric,DE_ATLAS_HA26_GEM_2024
09177142,09177,Walpertskirchen,09,2024,1383.5,published_numeric,DE_ATLAS_HA26_GEM_2024
09177143,09177,"Wartenberg, M",09,2024,1521.7,published_numeric,DE_ATLAS_HA26_GEM_2024
09177144,09177,Wörth,09,2024,2730.1,published_numeric,DE_ATLAS_HA26_GEM_2024
09178113,09178,Allershausen,09,2024,2130.8,published_numeric,DE_ATLAS_HA26_GEM_2024
09178115,09178,Attenkirchen,09,2024,1390.6,published_numeric,DE_ATLAS_HA26_GEM_2024
09178116,09178,"Au i.d.Hallertau, M",09,2024,1368.1,published_numeric,DE_ATLAS_HA26_GEM_2024
09178120,09178,Eching,09,2024,2387.3,published_numeric,DE_ATLAS_HA26_GEM_2024
09178122,09178,Rudelzhausen,09,2024,1464.2,published_numeric,DE_ATLAS_HA26_GEM_2024
09178123,09178,Fahrenzhausen,09,2024,2576.4,published_numeric,DE_ATLAS_HA26_GEM_2024
09178124,09178,"Freising, GKSt",09,2024,1921.7,published_numeric,DE_ATLAS_HA26_GEM_2024
09178125,09178,Gammelsdorf,09,2024,1690,published_numeric,DE_ATLAS_HA26_GEM_2024
09178129,09178,Haag a.d.Amper,09,2024,1841.8,published_numeric,DE_ATLAS_HA26_GEM_2024
09178130,09178,Hallbergmoos,09,2024,3199.7,published_numeric,DE_ATLAS_HA26_GEM_2024
09178132,09178,Hörgertshausen,09,2024,1128.2,published_numeric,DE_ATLAS_HA26_GEM_2024
09178133,09178,Hohenkammer,09,2024,4147.9,published_numeric,DE_ATLAS_HA26_GEM_2024
09178136,09178,Kirchdorf a.d.Amper,09,2024,1641,published_numeric,DE_ATLAS_HA26_GEM_2024
09178137,09178,Kranzberg,09,2024,1773.4,published_numeric,DE_ATLAS_HA26_GEM_2024
09178138,09178,Langenbach,09,2024,2306.1,published_numeric,DE_ATLAS_HA26_GEM_2024
09178140,09178,Marzling,09,2024,1489.8,published_numeric,DE_ATLAS_HA26_GEM_2024
09178142,09178,Mauern,09,2024,1564.7,published_numeric,DE_ATLAS_HA26_GEM_2024
09178143,09178,"Moosburg a.d.Isar, St",09,2024,1452.3,published_numeric,DE_ATLAS_HA26_GEM_2024
09178144,09178,"Nandlstadt, M",09,2024,1056.6,published_numeric,DE_ATLAS_HA26_GEM_2024
09178145,09178,Neufahrn b.Freising,09,2024,1884.8,published_numeric,DE_ATLAS_HA26_GEM_2024
09178150,09178,Paunzhausen,09,2024,1151.3,published_numeric,DE_ATLAS_HA26_GEM_2024
09178155,09178,Wang,09,2024,1866.4,published_numeric,DE_ATLAS_HA26_GEM_2024
09178156,09178,Wolfersdorf,09,2024,1648.2,published_numeric,DE_ATLAS_HA26_GEM_2024
09178157,09178,Zolling,09,2024,4040.5,published_numeric,DE_ATLAS_HA26_GEM_2024
09179111,09179,Adelshofen,09,2024,1377.1,published_numeric,DE_ATLAS_HA26_GEM_2024
09179113,09179,Alling,09,2024,2191.9,published_numeric,DE_ATLAS_HA26_GEM_2024
09179114,09179,Althegnenberg,09,2024,1208.3,published_numeric,DE_ATLAS_HA26_GEM_2024
09179117,09179,Egenhofen,09,2024,1457.4,published_numeric,DE_ATLAS_HA26_GEM_2024
09179118,09179,Eichenau,09,2024,1576.7,published_numeric,DE_ATLAS_HA26_GEM_2024
09179119,09179,Emmering,09,2024,1564.3,published_numeric,DE_ATLAS_HA26_GEM_2024
09179121,09179,"Fürstenfeldbruck, GKSt",09,2024,1772.1,published_numeric,DE_ATLAS_HA26_GEM_2024
09179123,09179,"Germering, GKSt",09,2024,1859.4,published_numeric,DE_ATLAS_HA26_GEM_2024
09179125,09179,Grafrath,09,2024,1483.1,published_numeric,DE_ATLAS_HA26_GEM_2024
09179126,09179,Gröbenzell,09,2024,1849,published_numeric,DE_ATLAS_HA26_GEM_2024
09179128,09179,Hattenhofen,09,2024,1378.2,published_numeric,DE_ATLAS_HA26_GEM_2024
09179130,09179,Jesenwang,09,2024,1380.1,published_numeric,DE_ATLAS_HA26_GEM_2024
09179131,09179,Kottgeisering,09,2024,1257.8,published_numeric,DE_ATLAS_HA26_GEM_2024
09179132,09179,Landsberied,09,2024,1637.6,published_numeric,DE_ATLAS_HA26_GEM_2024
09179134,09179,Maisach,09,2024,2450.8,published_numeric,DE_ATLAS_HA26_GEM_2024
09179136,09179,Mammendorf,09,2024,2082.9,published_numeric,DE_ATLAS_HA26_GEM_2024
09179137,09179,Mittelstetten,09,2024,1167.5,published_numeric,DE_ATLAS_HA26_GEM_2024
09179138,09179,Moorenweis,09,2024,1547.3,published_numeric,DE_ATLAS_HA26_GEM_2024
09179140,09179,Oberschweinbach,09,2024,1167.9,published_numeric,DE_ATLAS_HA26_GEM_2024
09179142,09179,"Olching, St",09,2024,1634.4,published_numeric,DE_ATLAS_HA26_GEM_2024
09179145,09179,"Puchheim, St",09,2024,2414,published_numeric,DE_ATLAS_HA26_GEM_2024
09179147,09179,Schöngeising,09,2024,1379.3,published_numeric,DE_ATLAS_HA26_GEM_2024
09179149,09179,Türkenfeld,09,2024,2070.8,published_numeric,DE_ATLAS_HA26_GEM_2024
09180112,09180,Bad Kohlgrub,09,2024,1060.5,published_numeric,DE_ATLAS_HA26_GEM_2024
09180113,09180,Bad Bayersoien,09,2024,1109.6,published_numeric,DE_ATLAS_HA26_GEM_2024
09180114,09180,Eschenlohe,09,2024,1897,published_numeric,DE_ATLAS_HA26_GEM_2024
09180115,09180,Ettal,09,2024,1585,published_numeric,DE_ATLAS_HA26_GEM_2024
09180116,09180,Farchant,09,2024,1594.8,published_numeric,DE_ATLAS_HA26_GEM_2024
09180117,09180,"Garmisch-Partenkirchen, M",09,2024,1752,published_numeric,DE_ATLAS_HA26_GEM_2024
09180118,09180,Grainau,09,2024,1883.1,published_numeric,DE_ATLAS_HA26_GEM_2024
09180119,09180,Großweil,09,2024,1191.8,published_numeric,DE_ATLAS_HA26_GEM_2024
09180122,09180,Krün,09,2024,2262.3,published_numeric,DE_ATLAS_HA26_GEM_2024
09180123,09180,"Mittenwald, M",09,2024,1239.6,published_numeric,DE_ATLAS_HA26_GEM_2024
09180124,09180,"Murnau a.Staffelsee, M",09,2024,1827.7,published_numeric,DE_ATLAS_HA26_GEM_2024
09180125,09180,Oberammergau,09,2024,2009.7,published_numeric,DE_ATLAS_HA26_GEM_2024
09180126,09180,Oberau,09,2024,1855.7,published_numeric,DE_ATLAS_HA26_GEM_2024
09180127,09180,Ohlstadt,09,2024,1219.2,published_numeric,DE_ATLAS_HA26_GEM_2024
09180128,09180,Riegsee,09,2024,1281.2,published_numeric,DE_ATLAS_HA26_GEM_2024
09180129,09180,Saulgrub,09,2024,1351.6,published_numeric,DE_ATLAS_HA26_GEM_2024
09180131,09180,Schwaigen,09,2024,976.4,published_numeric,DE_ATLAS_HA26_GEM_2024
09180132,09180,Seehausen a.Staffelsee,09,2024,5187,published_numeric,DE_ATLAS_HA26_GEM_2024
09180133,09180,Spatzenhausen,09,2024,1503.2,published_numeric,DE_ATLAS_HA26_GEM_2024
09180134,09180,Uffing a.Staffelsee,09,2024,1419,published_numeric,DE_ATLAS_HA26_GEM_2024
09180135,09180,Unterammergau,09,2024,1080.2,published_numeric,DE_ATLAS_HA26_GEM_2024
09180136,09180,Wallgau,09,2024,1082.1,published_numeric,DE_ATLAS_HA26_GEM_2024
09180451,09180,Ettaler Forst,09,2024,,published_missing_sentinel,DE_ATLAS_HA26_GEM_2024
09181111,09181,Apfeldorf,09,2024,1084.7,published_numeric,DE_ATLAS_HA26_GEM_2024
09181113,09181,Denklingen,09,2024,2137.3,published_numeric,DE_ATLAS_HA26_GEM_2024
09181114,09181,"Dießen am Ammersee, M",09,2024,1490.3,published_numeric,DE_ATLAS_HA26_GEM_2024
09181115,09181,Eching am Ammersee,09,2024,2942.3,published_numeric,DE_ATLAS_HA26_GEM_2024
09181116,09181,Egling a.d.Paar,09,2024,1353,published_numeric,DE_ATLAS_HA26_GEM_2024
09181118,09181,Eresing,09,2024,1635.3,published_numeric,DE_ATLAS_HA26_GEM_2024
09181120,09181,Finning,09,2024,1697.8,published_numeric,DE_ATLAS_HA26_GEM_2024
09181121,09181,Fuchstal,09,2024,1544.3,published_numeric,DE_ATLAS_HA26_GEM_2024
09181122,09181,Geltendorf,09,2024,1442.5,published_numeric,DE_ATLAS_HA26_GEM_2024
09181123,09181,Greifenberg,09,2024,2834.2,published_numeric,DE_ATLAS_HA26_GEM_2024
09181124,09181,Hofstetten,09,2024,1727.7,published_numeric,DE_ATLAS_HA26_GEM_2024
09181126,09181,Hurlach,09,2024,2000.5,published_numeric,DE_ATLAS_HA26_GEM_2024
09181127,09181,Igling,09,2024,1548.9,published_numeric,DE_ATLAS_HA26_GEM_2024
09181128,09181,"Kaufering, M",09,2024,1973.7,published_numeric,DE_ATLAS_HA26_GEM_2024
09181129,09181,Kinsau,09,2024,1456.5,published_numeric,DE_ATLAS_HA26_GEM_2024
09181130,09181,"Landsberg am Lech, GKSt",09,2024,3168.4,published_numeric,DE_ATLAS_HA26_GEM_2024
09181131,09181,Obermeitingen,09,2024,1414.1,published_numeric,DE_ATLAS_HA26_GEM_2024
09181132,09181,Penzing,09,2024,1264.1,published_numeric,DE_ATLAS_HA26_GEM_2024
09181133,09181,Vilgertshofen,09,2024,1146.7,published_numeric,DE_ATLAS_HA26_GEM_2024
09181134,09181,Prittriching,09,2024,1549,published_numeric,DE_ATLAS_HA26_GEM_2024
09181135,09181,Reichling,09,2024,1113.7,published_numeric,DE_ATLAS_HA26_GEM_2024
09181137,09181,Rott,09,2024,1468,published_numeric,DE_ATLAS_HA26_GEM_2024
09181138,09181,Scheuring,09,2024,1535.5,published_numeric,DE_ATLAS_HA26_GEM_2024
09181139,09181,Schondorf am Ammersee,09,2024,2405.6,published_numeric,DE_ATLAS_HA26_GEM_2024
09181140,09181,Schwifting,09,2024,1129.1,published_numeric,DE_ATLAS_HA26_GEM_2024
09181141,09181,Pürgen,09,2024,1478.1,published_numeric,DE_ATLAS_HA26_GEM_2024
09181142,09181,Thaining,09,2024,1365.9,published_numeric,DE_ATLAS_HA26_GEM_2024
09181143,09181,Unterdießen,09,2024,1243,published_numeric,DE_ATLAS_HA26_GEM_2024
09181144,09181,Utting am Ammersee,09,2024,1681.2,published_numeric,DE_ATLAS_HA26_GEM_2024
09181145,09181,Weil,09,2024,1464.1,published_numeric,DE_ATLAS_HA26_GEM_2024
09181146,09181,Windach,09,2024,4659.4,published_numeric,DE_ATLAS_HA26_GEM_2024
09181451,09181,Ammersee,09,2024,,published_missing_sentinel,DE_ATLAS_HA26_GEM_2024
09182111,09182,Bad Wiessee,09,2024,4547.9,published_numeric,DE_ATLAS_HA26_GEM_2024
09182112,09182,Bayrischzell,09,2024,1924.8,published_numeric,DE_ATLAS_HA26_GEM_2024
09182114,09182,Fischbachau,09,2024,1318.9,published_numeric,DE_ATLAS_HA26_GEM_2024
09182116,09182,Gmund a.Tegernsee,09,2024,2947.1,published_numeric,DE_ATLAS_HA26_GEM_2024
09182119,09182,Hausham,09,2024,1382.8,published_numeric,DE_ATLAS_HA26_GEM_2024
09182120,09182,"Holzkirchen, M",09,2024,2943.1,published_numeric,DE_ATLAS_HA26_GEM_2024
09182123,09182,Irschenberg,09,2024,2446.6,published_numeric,DE_ATLAS_HA26_GEM_2024
09182124,09182,Kreuth,09,2024,1747.7,published_numeric,DE_ATLAS_HA26_GEM_2024
09182125,09182,"Miesbach, St",09,2024,3200.5,published_numeric,DE_ATLAS_HA26_GEM_2024
09182127,09182,Otterfing,09,2024,2270.3,published_numeric,DE_ATLAS_HA26_GEM_2024
09182129,09182,Rottach-Egern,09,2024,2850.8,published_numeric,DE_ATLAS_HA26_GEM_2024
09182131,09182,"Schliersee, M",09,2024,1624.4,published_numeric,DE_ATLAS_HA26_GEM_2024
09182132,09182,"Tegernsee, St",09,2024,3498.5,published_numeric,DE_ATLAS_HA26_GEM_2024
09182133,09182,Valley,09,2024,2466.3,published_numeric,DE_ATLAS_HA26_GEM_2024
09182134,09182,Waakirchen,09,2024,2332.6,published_numeric,DE_ATLAS_HA26_GEM_2024
09182136,09182,Warngau,09,2024,1726.8,published_numeric,DE_ATLAS_HA26_GEM_2024
09182137,09182,Weyarn,09,2024,1777.2,published_numeric,DE_ATLAS_HA26_GEM_2024
09183112,09183,Ampfing,09,2024,2072.8,published_numeric,DE_ATLAS_HA26_GEM_2024
09183113,09183,Aschau a.Inn,09,2024,2943.6,published_numeric,DE_ATLAS_HA26_GEM_2024
09183114,09183,"Buchbach, M",09,2024,2587,published_numeric,DE_ATLAS_HA26_GEM_2024
09183115,09183,Egglkofen,09,2024,1090.9,published_numeric,DE_ATLAS_HA26_GEM_2024
09183116,09183,Erharting,09,2024,1950.5,published_numeric,DE_ATLAS_HA26_GEM_2024
09183118,09183,"Gars a.Inn, M",09,2024,1355.8,published_numeric,DE_ATLAS_HA26_GEM_2024
09183119,09183,"Haag i.OB, M",09,2024,1565.6,published_numeric,DE_ATLAS_HA26_GEM_2024
09183120,09183,Heldenstein,09,2024,1433,published_numeric,DE_ATLAS_HA26_GEM_2024
09183122,09183,Jettenbach,09,2024,960.3,published_numeric,DE_ATLAS_HA26_GEM_2024
09183123,09183,Kirchdorf,09,2024,1890.4,published_numeric,DE_ATLAS_HA26_GEM_2024
09183124,09183,"Kraiburg a.Inn, M",09,2024,1152.3,published_numeric,DE_ATLAS_HA26_GEM_2024
09183125,09183,Lohkirchen,09,2024,983,published_numeric,DE_ATLAS_HA26_GEM_2024
09183126,09183,Maitenbeth,09,2024,1446.8,published_numeric,DE_ATLAS_HA26_GEM_2024
09183127,09183,Mettenheim,09,2024,1228.5,published_numeric,DE_ATLAS_HA26_GEM_2024
09183128,09183,"Mühldorf a.Inn, St",09,2024,2025.5,published_numeric,DE_ATLAS_HA26_GEM_2024
09183129,09183,"Neumarkt-Sankt Veit, St",09,2024,1129.4,published_numeric,DE_ATLAS_HA26_GEM_2024
09183130,09183,Niederbergkirchen,09,2024,1495.3,published_numeric,DE_ATLAS_HA26_GEM_2024
09183131,09183,Niedertaufkirchen,09,2024,1128.1,published_numeric,DE_ATLAS_HA26_GEM_2024
09183132,09183,Oberbergkirchen,09,2024,1539.7,published_numeric,DE_ATLAS_HA26_GEM_2024
09183134,09183,Oberneukirchen,09,2024,2383.2,published_numeric,DE_ATLAS_HA26_GEM_2024
09183135,09183,Obertaufkirchen,09,2024,1432.9,published_numeric,DE_ATLAS_HA26_GEM_2024
09183136,09183,Polling,09,2024,1745.6,published_numeric,DE_ATLAS_HA26_GEM_2024
09183138,09183,Rattenkirchen,09,2024,1708.7,published_numeric,DE_ATLAS_HA26_GEM_2024
09183139,09183,Rechtmehring,09,2024,2024.4,published_numeric,DE_ATLAS_HA26_GEM_2024
09183140,09183,Reichertsheim,09,2024,1460.8,published_numeric,DE_ATLAS_HA26_GEM_2024
09183143,09183,Schönberg,09,2024,1132,published_numeric,DE_ATLAS_HA26_GEM_2024
09183144,09183,Schwindegg,09,2024,1389.1,published_numeric,DE_ATLAS_HA26_GEM_2024
09183145,09183,Taufkirchen,09,2024,1895.8,published_numeric,DE_ATLAS_HA26_GEM_2024
09183147,09183,Unterreit,09,2024,2123.3,published_numeric,DE_ATLAS_HA26_GEM_2024
09183148,09183,"Waldkraiburg, St",09,2024,1499,published_numeric,DE_ATLAS_HA26_GEM_2024
09183151,09183,Zangberg,09,2024,1257.7,published_numeric,DE_ATLAS_HA26_GEM_2024
09183451,09183,Mühldorfer Hart,09,2024,,published_missing_sentinel,DE_ATLAS_HA26_GEM_2024
09184112,09184,Aschheim,09,2024,8699,published_numeric,DE_ATLAS_HA26_GEM_2024
09184113,09184,Baierbrunn,09,2024,4103.4,published_numeric,DE_ATLAS_HA26_GEM_2024
09184114,09184,Brunnthal,09,2024,3299.8,published_numeric,DE_ATLAS_HA26_GEM_2024
09184118,09184,Feldkirchen,09,2024,4746.8,published_numeric,DE_ATLAS_HA26_GEM_2024
09184119,09184,"Garching b.München, St",09,2024,5246.5,published_numeric,DE_ATLAS_HA26_GEM_2024
09184120,09184,Gräfelfing,09,2024,10073,published_numeric,DE_ATLAS_HA26_GEM_2024
09184121,09184,Grasbrunn,09,2024,4887.1,published_numeric,DE_ATLAS_HA26_GEM_2024
09184122,09184,Grünwald,09,2024,24762,published_numeric,DE_ATLAS_HA26_GEM_2024
09184123,09184,Haar,09,2024,1849.4,published_numeric,DE_ATLAS_HA26_GEM_2024
09184127,09184,Höhenkirchen-Siegertsbrunn,09,2024,2234.4,published_numeric,DE_ATLAS_HA26_GEM_2024
09184129,09184,Hohenbrunn,09,2024,2518.7,published_numeric,DE_ATLAS_HA26_GEM_2024
09184130,09184,Ismaning,09,2024,5113.9,published_numeric,DE_ATLAS_HA26_GEM_2024
09184131,09184,Kirchheim b.München,09,2024,2803,published_numeric,DE_ATLAS_HA26_GEM_2024
09184132,09184,Neuried,09,2024,1725.3,published_numeric,DE_ATLAS_HA26_GEM_2024
09184134,09184,Oberhaching,09,2024,5570.1,published_numeric,DE_ATLAS_HA26_GEM_2024
09184135,09184,Oberschleißheim,09,2024,2198,published_numeric,DE_ATLAS_HA26_GEM_2024
09184136,09184,Ottobrunn,09,2024,2033.9,published_numeric,DE_ATLAS_HA26_GEM_2024
09184137,09184,Aying,09,2024,2412.7,published_numeric,DE_ATLAS_HA26_GEM_2024
09184138,09184,Planegg,09,2024,5644.5,published_numeric,DE_ATLAS_HA26_GEM_2024
09184139,09184,Pullach i.Isartal,09,2024,15362.3,published_numeric,DE_ATLAS_HA26_GEM_2024
09184140,09184,Putzbrunn,09,2024,3804.7,published_numeric,DE_ATLAS_HA26_GEM_2024
09184141,09184,Sauerlach,09,2024,2232.6,published_numeric,DE_ATLAS_HA26_GEM_2024
09184142,09184,Schäftlarn,09,2024,1672.6,published_numeric,DE_ATLAS_HA26_GEM_2024
09184144,09184,Straßlach-Dingharting,09,2024,2800.5,published_numeric,DE_ATLAS_HA26_GEM_2024
09184145,09184,Taufkirchen,09,2024,2604.9,published_numeric,DE_ATLAS_HA26_GEM_2024
09184146,09184,Neubiberg,09,2024,5133.9,published_numeric,DE_ATLAS_HA26_GEM_2024
09184147,09184,Unterföhring,09,2024,4476,published_numeric,DE_ATLAS_HA26_GEM_2024
09184148,09184,Unterhaching,09,2024,2672.3,published_numeric,DE_ATLAS_HA26_GEM_2024
09184149,09184,"Unterschleißheim, St",09,2024,3886.7,published_numeric,DE_ATLAS_HA26_GEM_2024
09184452,09184,Forstenrieder Park,09,2024,,published_missing_sentinel,DE_ATLAS_HA26_GEM_2024
09184454,09184,Grünwalder Forst,09,2024,,published_missing_sentinel,DE_ATLAS_HA26_GEM_2024
09184457,09184,Perlacher Forst,09,2024,,published_missing_sentinel,DE_ATLAS_HA26_GEM_2024
09185113,09185,Aresing,09,2024,1386.1,published_numeric,DE_ATLAS_HA26_GEM_2024
09185116,09185,Berg im Gau,09,2024,1279.4,published_numeric,DE_ATLAS_HA26_GEM_2024
09185118,09185,Bergheim,09,2024,1467.6,published_numeric,DE_ATLAS_HA26_GEM_2024
09185123,09185,Brunnen,09,2024,1502.2,published_numeric,DE_ATLAS_HA26_GEM_2024
09185125,09185,"Burgheim, M",09,2024,1338.9,published_numeric,DE_ATLAS_HA26_GEM_2024
09185127,09185,Ehekirchen,09,2024,1446.5,published_numeric,DE_ATLAS_HA26_GEM_2024
09185131,09185,Gachenbach,09,2024,1380.2,published_numeric,DE_ATLAS_HA26_GEM_2024
09185139,09185,Karlshuld,09,2024,1305.2,published_numeric,DE_ATLAS_HA26_GEM_2024
09185140,09185,Karlskron,09,2024,2502.9,published_numeric,DE_ATLAS_HA26_GEM_2024
09185143,09185,Langenmosen,09,2024,1651.4,published_numeric,DE_ATLAS_HA26_GEM_2024
09185149,09185,"Neuburg a.d.Donau, GKSt",09,2024,1706.3,published_numeric,DE_ATLAS_HA26_GEM_2024
09185150,09185,Oberhausen,09,2024,1714.7,published_numeric,DE_ATLAS_HA26_GEM_2024
09185153,09185,"Rennertshofen, M",09,2024,1406.6,published_numeric,DE_ATLAS_HA26_GEM_2024
09185157,09185,Rohrenfels,09,2024,1519.4,published_numeric,DE_ATLAS_HA26_GEM_2024
09185158,09185,"Schrobenhausen, St",09,2024,2358.4,published_numeric,DE_ATLAS_HA26_GEM_2024
09185163,09185,Königsmoos,09,2024,1179.4,published_numeric,DE_ATLAS_HA26_GEM_2024
09185166,09185,Waidhofen,09,2024,1497.1,published_numeric,DE_ATLAS_HA26_GEM_2024
09185168,09185,Weichering,09,2024,1337.4,published_numeric,DE_ATLAS_HA26_GEM_2024
09186113,09186,Baar-Ebenhausen,09,2024,1726.3,published_numeric,DE_ATLAS_HA26_GEM_2024
09186116,09186,Ernsgaden,09,2024,1922.3,published_numeric,DE_ATLAS_HA26_GEM_2024
09186122,09186,"Geisenfeld, St",09,2024,1831.1,published_numeric,DE_ATLAS_HA26_GEM_2024
09186125,09186,Gerolsbach,09,2024,1545.2,published_numeric,DE_ATLAS_HA26_GEM_2024
09186126,09186,Hettenshausen,09,2024,1607.2,published_numeric,DE_ATLAS_HA26_GEM_2024
09186128,09186,"Hohenwart, M",09,2024,1937.2,published_numeric,DE_ATLAS_HA26_GEM_2024
09186130,09186,Ilmmünster,09,2024,1844.9,published_numeric,DE_ATLAS_HA26_GEM_2024
09186132,09186,Jetzendorf,09,2024,2347.1,published_numeric,DE_ATLAS_HA26_GEM_2024
09186137,09186,"Manching, M",09,2024,1420.3,published_numeric,DE_ATLAS_HA26_GEM_2024
09186139,09186,Münchsmünster,09,2024,2779.6,published_numeric,DE_ATLAS_HA26_GEM_2024
09186143,09186,"Pfaffenhofen a.d.Ilm, St",09,2024,1857.6,published_numeric,DE_ATLAS_HA26_GEM_2024
09186144,09186,Pörnbach,09,2024,1266.8,published_numeric,DE_ATLAS_HA26_GEM_2024
09186146,09186,Reichertshausen,09,2024,1237.9,published_numeric,DE_ATLAS_HA26_GEM_2024
09186147,09186,"Reichertshofen, M",09,2024,2630.5,published_numeric,DE_ATLAS_HA26_GEM_2024
09186149,09186,Rohrbach,09,2024,1669.3,published_numeric,DE_ATLAS_HA26_GEM_2024
09186151,09186,Scheyern,09,2024,1233.6,published_numeric,DE_ATLAS_HA26_GEM_2024
09186152,09186,Schweitenkirchen,09,2024,2464.9,published_numeric,DE_ATLAS_HA26_GEM_2024
09186158,09186,"Vohburg a.d.Donau, St",09,2024,1711.2,published_numeric,DE_ATLAS_HA26_GEM_2024
09186162,09186,"Wolnzach, M",09,2024,1675,published_numeric,DE_ATLAS_HA26_GEM_2024
09187113,09187,Amerang,09,2024,2996.7,published_numeric,DE_ATLAS_HA26_GEM_2024
09187114,09187,Aschau i.Chiemgau,09,2024,1667.8,published_numeric,DE_ATLAS_HA26_GEM_2024
09187116,09187,Babensham,09,2024,1288.2,published_numeric,DE_ATLAS_HA26_GEM_2024
09187117,09187,"Bad Aibling, St",09,2024,1763.1,published_numeric,DE_ATLAS_HA26_GEM_2024
09187118,09187,Bernau a.Chiemsee,09,2024,1462.1,published_numeric,DE_ATLAS_HA26_GEM_2024
09187120,09187,Brannenburg,09,2024,1717.2,published_numeric,DE_ATLAS_HA26_GEM_2024
09187121,09187,Breitbrunn a.Chiemsee,09,2024,1721.2,published_numeric,DE_ATLAS_HA26_GEM_2024
09187122,09187,"Bruckmühl, M",09,2024,1746.6,published_numeric,DE_ATLAS_HA26_GEM_2024
09187123,09187,Chiemsee,09,2024,3200.4,published_numeric,DE_ATLAS_HA26_GEM_2024
09187124,09187,Edling,09,2024,2112.7,published_numeric,DE_ATLAS_HA26_GEM_2024
09187125,09187,Eggstätt,09,2024,1801.4,published_numeric,DE_ATLAS_HA26_GEM_2024
09187126,09187,Eiselfing,09,2024,1555.9,published_numeric,DE_ATLAS_HA26_GEM_2024
09187128,09187,"Bad Endorf, M",09,2024,1556.9,published_numeric,DE_ATLAS_HA26_GEM_2024
09187129,09187,Bad Feilnbach,09,2024,1524.7,published_numeric,DE_ATLAS_HA26_GEM_2024
09187130,09187,Feldkirchen-Westerham,09,2024,2195,published_numeric,DE_ATLAS_HA26_GEM_2024
09187131,09187,Flintsbach a.Inn,09,2024,1843.6,published_numeric,DE_ATLAS_HA26_GEM_2024
09187132,09187,Frasdorf,09,2024,1505.5,published_numeric,DE_ATLAS_HA26_GEM_2024
09187134,09187,Griesstätt,09,2024,1412.8,published_numeric,DE_ATLAS_HA26_GEM_2024
09187137,09187,Großkarolinenfeld,09,2024,1349.1,published_numeric,DE_ATLAS_HA26_GEM_2024
09187138,09187,Gstadt a.Chiemsee,09,2024,3511.1,published_numeric,DE_ATLAS_HA26_GEM_2024
09187139,09187,Halfing,09,2024,1390.5,published_numeric,DE_ATLAS_HA26_GEM_2024
09187142,09187,Schechen,09,2024,1634.1,published_numeric,DE_ATLAS_HA26_GEM_2024
09187145,09187,Höslwang,09,2024,1231.3,published_numeric,DE_ATLAS_HA26_GEM_2024
09187148,09187,Kiefersfelden,09,2024,1917.4,published_numeric,DE_ATLAS_HA26_GEM_2024
09187150,09187,"Kolbermoor, St",09,2024,2214.7,published_numeric,DE_ATLAS_HA26_GEM_2024
09187154,09187,"Neubeuern, M",09,2024,1812.7,published_numeric,DE_ATLAS_HA26_GEM_2024
09187156,09187,Nußdorf a.Inn,09,2024,1752,published_numeric,DE_ATLAS_HA26_GEM_2024
09187157,09187,Oberaudorf,09,2024,1508.3,published_numeric,DE_ATLAS_HA26_GEM_2024
09187159,09187,Pfaffing,09,2024,1565.2,published_numeric,DE_ATLAS_HA26_GEM_2024
09187162,09187,"Prien a.Chiemsee, M",09,2024,1665.8,published_numeric,DE_ATLAS_HA26_GEM_2024
09187163,09187,Prutting,09,2024,1973.2,published_numeric,DE_ATLAS_HA26_GEM_2024
09187164,09187,Ramerberg,09,2024,1052.3,published_numeric,DE_ATLAS_HA26_GEM_2024
09187165,09187,Raubling,09,2024,2439.6,published_numeric,DE_ATLAS_HA26_GEM_2024
09187167,09187,Riedering,09,2024,1509.2,published_numeric,DE_ATLAS_HA26_GEM_2024
09187168,09187,Rimsting,09,2024,1940.3,published_numeric,DE_ATLAS_HA26_GEM_2024
09187169,09187,Rohrdorf,09,2024,2316.1,published_numeric,DE_ATLAS_HA26_GEM_2024
09187170,09187,Rott a.Inn,09,2024,1369.2,published_numeric,DE_ATLAS_HA26_GEM_2024
09187172,09187,Samerberg,09,2024,1244.6,published_numeric,DE_ATLAS_HA26_GEM_2024
09187173,09187,Schonstett,09,2024,1442.3,published_numeric,DE_ATLAS_HA26_GEM_2024
09187174,09187,Söchtenau,09,2024,1348.6,published_numeric,DE_ATLAS_HA26_GEM_2024
09187176,09187,Soyen,09,2024,1555.6,published_numeric,DE_ATLAS_HA26_GEM_2024
09187177,09187,Stephanskirchen,09,2024,2029.5,published_numeric,DE_ATLAS_HA26_GEM_2024
09187179,09187,Tuntenhausen,09,2024,2283.7,published_numeric,DE_ATLAS_HA26_GEM_2024
09187181,09187,Vogtareuth,09,2024,1266.3,published_numeric,DE_ATLAS_HA26_GEM_2024
09187182,09187,"Wasserburg a.Inn, St",09,2024,2468.7,published_numeric,DE_ATLAS_HA26_GEM_2024
09187186,09187,Albaching,09,2024,1509.6,published_numeric,DE_ATLAS_HA26_GEM_2024
09187451,09187,Rotter Forst-Nord,09,2024,,published_missing_sentinel,DE_ATLAS_HA26_GEM_2024
09187452,09187,Rotter Forst-Süd,09,2024,,published_missing_sentinel,DE_ATLAS_HA26_GEM_2024
09188113,09188,Berg,09,2024,2182.4,published_numeric,DE_ATLAS_HA26_GEM_2024
09188117,09188,Andechs,09,2024,1851.8,published_numeric,DE_ATLAS_HA26_GEM_2024
09188118,09188,Feldafing,09,2024,2550.6,published_numeric,DE_ATLAS_HA26_GEM_2024
09188120,09188,Gauting,09,2024,1669.4,published_numeric,DE_ATLAS_HA26_GEM_2024
09188121,09188,Gilching,09,2024,2495,published_numeric,DE_ATLAS_HA26_GEM_2024
09188124,09188,Herrsching a.Ammersee,09,2024,2275.3,published_numeric,DE_ATLAS_HA26_GEM_2024
09188126,09188,Inning a.Ammersee,09,2024,3579.5,published_numeric,DE_ATLAS_HA26_GEM_2024
09188127,09188,Krailling,09,2024,2284.9,published_numeric,DE_ATLAS_HA26_GEM_2024
09188132,09188,Seefeld,09,2024,2966,published_numeric,DE_ATLAS_HA26_GEM_2024
09188137,09188,Pöcking,09,2024,3060.6,published_numeric,DE_ATLAS_HA26_GEM_2024
09188139,09188,"Starnberg, St",09,2024,2338.4,published_numeric,DE_ATLAS_HA26_GEM_2024
09188141,09188,Tutzing,09,2024,2587.6,published_numeric,DE_ATLAS_HA26_GEM_2024
09188144,09188,Weßling,09,2024,3121.5,published_numeric,DE_ATLAS_HA26_GEM_2024
09188145,09188,Wörthsee,09,2024,1960.5,published_numeric,DE_ATLAS_HA26_GEM_2024
09188451,09188,Starnberger See,09,2024,,published_missing_sentinel,DE_ATLAS_HA26_GEM_2024
09189111,09189,Altenmarkt a.d.Alz,09,2024,1707.2,published_numeric,DE_ATLAS_HA26_GEM_2024
09189113,09189,Bergen,09,2024,1497.7,published_numeric,DE_ATLAS_HA26_GEM_2024
09189114,09189,Chieming,09,2024,1837.6,published_numeric,DE_ATLAS_HA26_GEM_2024
09189115,09189,Engelsberg,09,2024,2327.9,published_numeric,DE_ATLAS_HA26_GEM_2024
09189118,09189,Fridolfing,09,2024,8522.6,published_numeric,DE_ATLAS_HA26_GEM_2024
09189119,09189,Grabenstätt,09,2024,1953.3,published_numeric,DE_ATLAS_HA26_GEM_2024
09189120,09189,"Grassau, M",09,2024,1220.9,published_numeric,DE_ATLAS_HA26_GEM_2024
09189124,09189,Inzell,09,2024,1516.5,published_numeric,DE_ATLAS_HA26_GEM_2024
09189126,09189,Kienberg,09,2024,1257.2,published_numeric,DE_ATLAS_HA26_GEM_2024
09189127,09189,Kirchanschöring,09,2024,5176.8,published_numeric,DE_ATLAS_HA26_GEM_2024
09189129,09189,Marquartstein,09,2024,1303.7,published_numeric,DE_ATLAS_HA26_GEM_2024
09189130,09189,Nußdorf,09,2024,2247.8,published_numeric,DE_ATLAS_HA26_GEM_2024
09189133,09189,Obing,09,2024,1316.8,published_numeric,DE_ATLAS_HA26_GEM_2024
09189134,09189,Palling,09,2024,1414.9,published_numeric,DE_ATLAS_HA26_GEM_2024
09189135,09189,Petting,09,2024,1475.6,published_numeric,DE_ATLAS_HA26_GEM_2024
09189137,09189,Pittenhart,09,2024,1158.9,published_numeric,DE_ATLAS_HA26_GEM_2024
09189139,09189,Reit im Winkl,09,2024,1684,published_numeric,DE_ATLAS_HA26_GEM_2024
09189140,09189,Ruhpolding,09,2024,1389.5,published_numeric,DE_ATLAS_HA26_GEM_2024
09189141,09189,Schleching,09,2024,1478.2,published_numeric,DE_ATLAS_HA26_GEM_2024
09189142,09189,Schnaitsee,09,2024,1549.4,published_numeric,DE_ATLAS_HA26_GEM_2024
09189143,09189,Seeon-Seebruck,09,2024,1717.9,published_numeric,DE_ATLAS_HA26_GEM_2024
09189145,09189,Siegsdorf,09,2024,5193.3,published_numeric,DE_ATLAS_HA26_GEM_2024
09189146,09189,Staudach-Egerndach,09,2024,1288.5,published_numeric,DE_ATLAS_HA26_GEM_2024
09189148,09189,Surberg,09,2024,1320,published_numeric,DE_ATLAS_HA26_GEM_2024
09189149,09189,Tacherting,09,2024,3294.9,published_numeric,DE_ATLAS_HA26_GEM_2024
09189150,09189,Taching a.See,09,2024,1076.9,published_numeric,DE_ATLAS_HA26_GEM_2024
09189152,09189,"Tittmoning, St",09,2024,2538.4,published_numeric,DE_ATLAS_HA26_GEM_2024
09189154,09189,"Traunreut, St",09,2024,2127.9,published_numeric,DE_ATLAS_HA26_GEM_2024
09189155,09189,"Traunstein, GKSt",09,2024,2091.6,published_numeric,DE_ATLAS_HA26_GEM_2024
09189157,09189,"Trostberg, St",09,2024,1788.3,published_numeric,DE_ATLAS_HA26_GEM_2024
09189159,09189,Übersee,09,2024,1425,published_numeric,DE_ATLAS_HA26_GEM_2024
09189160,09189,Unterwössen,09,2024,1217.8,published_numeric,DE_ATLAS_HA26_GEM_2024
09189161,09189,Vachendorf,09,2024,1089,published_numeric,DE_ATLAS_HA26_GEM_2024
09189162,09189,"Waging a.See, M",09,2024,1577.8,published_numeric,DE_ATLAS_HA26_GEM_2024
09189165,09189,Wonneberg,09,2024,1160.3,published_numeric,DE_ATLAS_HA26_GEM_2024
09189451,09189,Chiemsee (See),09,2024,,published_missing_sentinel,DE_ATLAS_HA26_GEM_2024
09189452,09189,Waginger See,09,2024,,published_missing_sentinel,DE_ATLAS_HA26_GEM_2024
09190111,09190,Altenstadt,09,2024,1319,published_numeric,DE_ATLAS_HA26_GEM_2024
09190113,09190,Antdorf,09,2024,1944.1,published_numeric,DE_ATLAS_HA26_GEM_2024
09190114,09190,Bernbeuren,09,2024,1179.5,published_numeric,DE_ATLAS_HA26_GEM_2024
09190115,09190,Bernried am Starnberger See,09,2024,1833.3,published_numeric,DE_ATLAS_HA26_GEM_2024
09190117,09190,Böbing,09,2024,1410.4,published_numeric,DE_ATLAS_HA26_GEM_2024
09190118,09190,Burggen,09,2024,964.4,published_numeric,DE_ATLAS_HA26_GEM_2024
09190120,09190,Eberfing,09,2024,1525.5,published_numeric,DE_ATLAS_HA26_GEM_2024
09190121,09190,Eglfing,09,2024,6834.5,published_numeric,DE_ATLAS_HA26_GEM_2024
09190126,09190,Habach,09,2024,1883.5,published_numeric,DE_ATLAS_HA26_GEM_2024
09190129,09190,Hohenfurch,09,2024,1181.5,published_numeric,DE_ATLAS_HA26_GEM_2024
09190130,09190,Hohenpeißenberg,09,2024,1430.9,published_numeric,DE_ATLAS_HA26_GEM_2024
09190131,09190,Huglfing,09,2024,1792.9,published_numeric,DE_ATLAS_HA26_GEM_2024
09190132,09190,Iffeldorf,09,2024,2331.7,published_numeric,DE_ATLAS_HA26_GEM_2024
09190133,09190,Ingenried,09,2024,1253.2,published_numeric,DE_ATLAS_HA26_GEM_2024
09190135,09190,Oberhausen,09,2024,1090.3,published_numeric,DE_ATLAS_HA26_GEM_2024
09190136,09190,Obersöchering,09,2024,1627.5,published_numeric,DE_ATLAS_HA26_GEM_2024
09190138,09190,Pähl,09,2024,2060.1,published_numeric,DE_ATLAS_HA26_GEM_2024
09190139,09190,"Peißenberg, M",09,2024,1175.8,published_numeric,DE_ATLAS_HA26_GEM_2024
09190140,09190,"Peiting, M",09,2024,1523.9,published_numeric,DE_ATLAS_HA26_GEM_2024
09190141,09190,"Penzberg, St",09,2024,2924.6,published_numeric,DE_ATLAS_HA26_GEM_2024
09190142,09190,Polling,09,2024,1571.3,published_numeric,DE_ATLAS_HA26_GEM_2024
09190143,09190,Prem,09,2024,1042.3,published_numeric,DE_ATLAS_HA26_GEM_2024
09190144,09190,Raisting,09,2024,1671.8,published_numeric,DE_ATLAS_HA26_GEM_2024
09190145,09190,Rottenbuch,09,2024,894.8,published_numeric,DE_ATLAS_HA26_GEM_2024
09190148,09190,"Schongau, St",09,2024,1742.4,published_numeric,DE_ATLAS_HA26_GEM_2024
09190149,09190,Schwabbruck,09,2024,1153.1,published_numeric,DE_ATLAS_HA26_GEM_2024
09190151,09190,Schwabsoien,09,2024,1660,published_numeric,DE_ATLAS_HA26_GEM_2024
09190152,09190,Seeshaupt,09,2024,1931,published_numeric,DE_ATLAS_HA26_GEM_2024
09190153,09190,Sindelsdorf,09,2024,1460,published_numeric,DE_ATLAS_HA26_GEM_2024
09190154,09190,Steingaden,09,2024,1433.3,published_numeric,DE_ATLAS_HA26_GEM_2024
09190157,09190,"Weilheim i.OB, St",09,2024,1821.3,published_numeric,DE_ATLAS_HA26_GEM_2024
09190158,09190,Wessobrunn,09,2024,1786.2,published_numeric,DE_ATLAS_HA26_GEM_2024
09190159,09190,Wielenbach,09,2024,3.6,published_numeric,DE_ATLAS_HA26_GEM_2024
09190160,09190,Wildsteig,09,2024,0.9,published_numeric,DE_ATLAS_HA26_GEM_2024
09261000,09261,Landshut,09,2024,1821.7,published_numeric,DE_ATLAS_HA26_GEM_2024
09262000,09262,Passau,09,2024,1721.5,published_numeric,DE_ATLAS_HA26_GEM_2024
09263000,09263,Straubing,09,2024,1922.5,published_numeric,DE_ATLAS_HA26_GEM_2024
09271111,09271,Aholming,09,2024,1171.9,published_numeric,DE_ATLAS_HA26_GEM_2024
09271113,09271,Auerbach,09,2024,1284.9,published_numeric,DE_ATLAS_HA26_GEM_2024
09271114,09271,Außernzell,09,2024,1073.7,published_numeric,DE_ATLAS_HA26_GEM_2024
09271116,09271,Bernried,09,2024,956,published_numeric,DE_ATLAS_HA26_GEM_2024
09271118,09271,Buchhofen,09,2024,1310.8,published_numeric,DE_ATLAS_HA26_GEM_2024
09271119,09271,"Deggendorf, GKSt",09,2024,1816,published_numeric,DE_ATLAS_HA26_GEM_2024
09271122,09271,Grafling,09,2024,1040.1,published_numeric,DE_ATLAS_HA26_GEM_2024
09271123,09271,Grattersdorf,09,2024,983.7,published_numeric,DE_ATLAS_HA26_GEM_2024
09271125,09271,"Hengersberg, M",09,2024,2315.8,published_numeric,DE_ATLAS_HA26_GEM_2024
09271126,09271,Hunding,09,2024,1584.4,published_numeric,DE_ATLAS_HA26_GEM_2024
09271127,09271,Iggensbach,09,2024,818.5,published_numeric,DE_ATLAS_HA26_GEM_2024
09271128,09271,Künzing,09,2024,1087.9,published_numeric,DE_ATLAS_HA26_GEM_2024
09271130,09271,Lalling,09,2024,1246.6,published_numeric,DE_ATLAS_HA26_GEM_2024
09271132,09271,"Metten, M",09,2024,1357,published_numeric,DE_ATLAS_HA26_GEM_2024
09271135,09271,Moos,09,2024,1761.2,published_numeric,DE_ATLAS_HA26_GEM_2024
09271138,09271,Niederalteich,09,2024,1020.4,published_numeric,DE_ATLAS_HA26_GEM_2024
09271139,09271,Oberpöring,09,2024,1870.5,published_numeric,DE_ATLAS_HA26_GEM_2024
09271140,09271,Offenberg,09,2024,1757.8,published_numeric,DE_ATLAS_HA26_GEM_2024
09271141,09271,"Osterhofen, St",09,2024,1844.7,published_numeric,DE_ATLAS_HA26_GEM_2024
09271143,09271,Otzing,09,2024,1258.3,published_numeric,DE_ATLAS_HA26_GEM_2024
09271146,09271,"Plattling, St",09,2024,1895.4,published_numeric,DE_ATLAS_HA26_GEM_2024
09271148,09271,Schaufling,09,2024,1144,published_numeric,DE_ATLAS_HA26_GEM_2024
09271149,09271,"Schöllnach, M",09,2024,1281.1,published_numeric,DE_ATLAS_HA26_GEM_2024
09271151,09271,Stephansposching,09,2024,1583.4,published_numeric,DE_ATLAS_HA26_GEM_2024
09271152,09271,Wallerfing,09,2024,1540.1,published_numeric,DE_ATLAS_HA26_GEM_2024
09271153,09271,"Winzer, M",09,2024,1038.3,published_numeric,DE_ATLAS_HA26_GEM_2024
09272116,09272,Eppenschlag,09,2024,1009,published_numeric,DE_ATLAS_HA26_GEM_2024
09272118,09272,"Freyung, St",09,2024,1954.6,published_numeric,DE_ATLAS_HA26_GEM_2024
09272119,09272,Fürsteneck,09,2024,1115.3,published_numeric,DE_ATLAS_HA26_GEM_2024
09272120,09272,"Grafenau, St",09,2024,1734.3,published_numeric,DE_ATLAS_HA26_GEM_2024
09272121,09272,Grainet,09,2024,1403.2,published_numeric,DE_ATLAS_HA26_GEM_2024
09272122,09272,Haidmühle,09,2024,1182.2,published_numeric,DE_ATLAS_HA26_GEM_2024
09272126,09272,Hinterschmiding,09,2024,958.2,published_numeric,DE_ATLAS_HA26_GEM_2024
09272127,09272,Hohenau,09,2024,1022.2,published_numeric,DE_ATLAS_HA26_GEM_2024
09272128,09272,Innernzell,09,2024,1113.1,published_numeric,DE_ATLAS_HA26_GEM_2024
09272129,09272,Jandelsbrunn,09,2024,1714.4,published_numeric,DE_ATLAS_HA26_GEM_2024
09272134,09272,Mauth,09,2024,1151.9,published_numeric,DE_ATLAS_HA26_GEM_2024
09272136,09272,Neureichenau,09,2024,1293.8,published_numeric,DE_ATLAS_HA26_GEM_2024
09272138,09272,"Perlesreut, M",09,2024,1454.5,published_numeric,DE_ATLAS_HA26_GEM_2024
09272139,09272,Philippsreut,09,2024,914.4,published_numeric,DE_ATLAS_HA26_GEM_2024
09272140,09272,Ringelai,09,2024,762.5,published_numeric,DE_ATLAS_HA26_GEM_2024
09272141,09272,"Röhrnbach, M",09,2024,1950.7,published_numeric,DE_ATLAS_HA26_GEM_2024
09272142,09272,Saldenburg,09,2024,970.8,published_numeric,DE_ATLAS_HA26_GEM_2024
09272143,09272,Sankt Oswald-Riedlhütte,09,2024,944.2,published_numeric,DE_ATLAS_HA26_GEM_2024
09272145,09272,Schöfweg,09,2024,863,published_numeric,DE_ATLAS_HA26_GEM_2024
09272146,09272,Neuschönau,09,2024,1255.2,published_numeric,DE_ATLAS_HA26_GEM_2024
09272147,09272,"Schönberg, M",09,2024,2042.1,published_numeric,DE_ATLAS_HA26_GEM_2024
09272149,09272,Spiegelau,09,2024,1003.4,published_numeric,DE_ATLAS_HA26_GEM_2024
09272150,09272,Thurmansbang,09,2024,1181.1,published_numeric,DE_ATLAS_HA26_GEM_2024
09272151,09272,"Waldkirchen, St",09,2024,1277.5,published_numeric,DE_ATLAS_HA26_GEM_2024
09272152,09272,Zenting,09,2024,1527.9,published_numeric,DE_ATLAS_HA26_GEM_2024
09272451,09272,Annathaler Wald,09,2024,,published_missing_sentinel,DE_ATLAS_HA26_GEM_2024
09272452,09272,Frauenberger u. Duschlberger Wald,09,2024,,published_missing_sentinel,DE_ATLAS_HA26_GEM_2024
09272453,09272,Graineter Wald,09,2024,,published_missing_sentinel,DE_ATLAS_HA26_GEM_2024
09272455,09272,Leopoldsreuter Wald,09,2024,,published_missing_sentinel,DE_ATLAS_HA26_GEM_2024
09272456,09272,Mauther Forst,09,2024,,published_missing_sentinel,DE_ATLAS_HA26_GEM_2024
09272457,09272,Philippsreuter Wald,09,2024,,published_missing_sentinel,DE_ATLAS_HA26_GEM_2024
09272458,09272,Pleckensteiner Wald,09,2024,,published_missing_sentinel,DE_ATLAS_HA26_GEM_2024
09272459,09272,Sankt Oswald,09,2024,,published_missing_sentinel,DE_ATLAS_HA26_GEM_2024
09272460,09272,Schlichtenberger Wald,09,2024,,published_missing_sentinel,DE_ATLAS_HA26_GEM_2024
09272461,09272,Schönbrunner Wald,09,2024,,published_missing_sentinel,DE_ATLAS_HA26_GEM_2024
09272463,09272,Waldhäuserwald,09,2024,,published_missing_sentinel,DE_ATLAS_HA26_GEM_2024
09273111,09273,"Abensberg, St",09,2024,1433.2,published_numeric,DE_ATLAS_HA26_GEM_2024
09273113,09273,Aiglsbach,09,2024,1309.5,published_numeric,DE_ATLAS_HA26_GEM_2024
09273115,09273,Attenhofen,09,2024,1151.5,published_numeric,DE_ATLAS_HA26_GEM_2024
09273116,09273,"Bad Abbach, M",09,2024,1329.5,published_numeric,DE_ATLAS_HA26_GEM_2024
09273119,09273,Biburg,09,2024,1288.2,published_numeric,DE_ATLAS_HA26_GEM_2024
09273121,09273,"Essing, M",09,2024,1179.8,published_numeric,DE_ATLAS_HA26_GEM_2024
09273125,09273,Hausen,09,2024,1381,published_numeric,DE_ATLAS_HA26_GEM_2024
09273127,09273,Herrngiersdorf,09,2024,2522.5,published_numeric,DE_ATLAS_HA26_GEM_2024
09273133,09273,Ihrlerstein,09,2024,1218.3,published_numeric,DE_ATLAS_HA26_GEM_2024
09273137,09273,"Kelheim, St",09,2024,1600.7,published_numeric,DE_ATLAS_HA26_GEM_2024
09273139,09273,Kirchdorf,09,2024,1880,published_numeric,DE_ATLAS_HA26_GEM_2024
09273141,09273,"Langquaid, M",09,2024,1455.7,published_numeric,DE_ATLAS_HA26_GEM_2024
09273147,09273,"Mainburg, St",09,2024,2207.9,published_numeric,DE_ATLAS_HA26_GEM_2024
09273152,09273,"Neustadt a.d.Donau, St",09,2024,1485.9,published_numeric,DE_ATLAS_HA26_GEM_2024
09273159,09273,"Painten, M",09,2024,1485.5,published_numeric,DE_ATLAS_HA26_GEM_2024
09273163,09273,Elsendorf,09,2024,1491,published_numeric,DE_ATLAS_HA26_GEM_2024
09273164,09273,"Riedenburg, St",09,2024,1456.4,published_numeric,DE_ATLAS_HA26_GEM_2024
09273165,09273,"Rohr i.NB, M",09,2024,1154.5,published_numeric,DE_ATLAS_HA26_GEM_2024
09273166,09273,Saal a.d.Donau,09,2024,1745.4,published_numeric,DE_ATLAS_HA26_GEM_2024
09273172,09273,"Siegenburg, M",09,2024,1138.5,published_numeric,DE_ATLAS_HA26_GEM_2024
09273175,09273,Teugn,09,2024,1444.4,published_numeric,DE_ATLAS_HA26_GEM_2024
09273177,09273,Train,09,2024,1283.5,published_numeric,DE_ATLAS_HA26_GEM_2024
09273178,09273,Volkenschwand,09,2024,1610.1,published_numeric,DE_ATLAS_HA26_GEM_2024
09273181,09273,Wildenberg,09,2024,1258.4,published_numeric,DE_ATLAS_HA26_GEM_2024
09273451,09273,Dürnbucher Forst,09,2024,,published_missing_sentinel,DE_ATLAS_HA26_GEM_2024
09273452,09273,Frauenforst,09,2024,,published_missing_sentinel,DE_ATLAS_HA26_GEM_2024
09273453,09273,Hacklberg,09,2024,,published_missing_sentinel,DE_ATLAS_HA26_GEM_2024
09274111,09274,Adlkofen,09,2024,1441.9,published_numeric,DE_ATLAS_HA26_GEM_2024
09274112,09274,Aham,09,2024,1271.5,published_numeric,DE_ATLAS_HA26_GEM_2024
09274113,09274,"Altdorf, M",09,2024,1652.7,published_numeric,DE_ATLAS_HA26_GEM_2024
09274114,09274,Altfraunhofen,09,2024,1480.6,published_numeric,DE_ATLAS_HA26_GEM_2024
09274118,09274,Baierbach,09,2024,1684.8,published_numeric,DE_ATLAS_HA26_GEM_2024
09274119,09274,Bayerbach b.Ergoldsbach,09,2024,1458.6,published_numeric,DE_ATLAS_HA26_GEM_2024
09274120,09274,Bodenkirchen,09,2024,1525.7,published_numeric,DE_ATLAS_HA26_GEM_2024
09274121,09274,Buch a.Erlbach,09,2024,1459.4,published_numeric,DE_ATLAS_HA26_GEM_2024
09274124,09274,Eching,09,2024,2656.1,published_numeric,DE_ATLAS_HA26_GEM_2024
09274126,09274,"Ergolding, M",09,2024,2955,published_numeric,DE_ATLAS_HA26_GEM_2024
09274127,09274,"Ergoldsbach, M",09,2024,1568.2,published_numeric,DE_ATLAS_HA26_GEM_2024
09274128,09274,"Essenbach, M",09,2024,2402.9,published_numeric,DE_ATLAS_HA26_GEM_2024
09274132,09274,Furth,09,2024,1315.2,published_numeric,DE_ATLAS_HA26_GEM_2024
09274134,09274,"Geisenhausen, M",09,2024,3601.2,published_numeric,DE_ATLAS_HA26_GEM_2024
09274135,09274,Gerzen,09,2024,1292.7,published_numeric,DE_ATLAS_HA26_GEM_2024
09274141,09274,Hohenthann,09,2024,1365.7,published_numeric,DE_ATLAS_HA26_GEM_2024
09274145,09274,Kröning,09,2024,1188.6,published_numeric,DE_ATLAS_HA26_GEM_2024
09274146,09274,Kumhausen,09,2024,2870.3,published_numeric,DE_ATLAS_HA26_GEM_2024
09274153,09274,Neufahrn i.NB,09,2024,1743,published_numeric,DE_ATLAS_HA26_GEM_2024
09274154,09274,Neufraunhofen,09,2024,1204,published_numeric,DE_ATLAS_HA26_GEM_2024
09274156,09274,Niederaichbach,09,2024,1740.8,published_numeric,DE_ATLAS_HA26_GEM_2024
09274165,09274,Obersüßbach,09,2024,1366.6,published_numeric,DE_ATLAS_HA26_GEM_2024
09274172,09274,"Pfeffenhausen, M",09,2024,1319.9,published_numeric,DE_ATLAS_HA26_GEM_2024
09274174,09274,Postau,09,2024,1122.6,published_numeric,DE_ATLAS_HA26_GEM_2024
09274176,09274,"Rottenburg a.d.Laaber, St",09,2024,1527.7,published_numeric,DE_ATLAS_HA26_GEM_2024
09274179,09274,Schalkham,09,2024,1039.9,published_numeric,DE_ATLAS_HA26_GEM_2024
09274182,09274,Tiefenbach,09,2024,1866.8,published_numeric,DE_ATLAS_HA26_GEM_2024
09274183,09274,"Velden, M",09,2024,1202.5,published_numeric,DE_ATLAS_HA26_GEM_2024
09274184,09274,"Vilsbiburg, St",09,2024,2603.5,published_numeric,DE_ATLAS_HA26_GEM_2024
09274185,09274,Vilsheim,09,2024,1277.6,published_numeric,DE_ATLAS_HA26_GEM_2024
09274187,09274,Weihmichl,09,2024,1454.8,published_numeric,DE_ATLAS_HA26_GEM_2024
09274188,09274,Weng,09,2024,1209.7,published_numeric,DE_ATLAS_HA26_GEM_2024
09274191,09274,Wörth a.d.Isar,09,2024,2101.5,published_numeric,DE_ATLAS_HA26_GEM_2024
09274193,09274,Wurmsham,09,2024,1195.7,published_numeric,DE_ATLAS_HA26_GEM_2024
09274194,09274,Bruckberg,09,2024,2173.3,published_numeric,DE_ATLAS_HA26_GEM_2024
09275111,09275,Aicha vorm Wald,09,2024,1278.2,published_numeric,DE_ATLAS_HA26_GEM_2024
09275112,09275,"Aidenbach, M",09,2024,1068.9,published_numeric,DE_ATLAS_HA26_GEM_2024
09275114,09275,Aldersbach,09,2024,2239.6,published_numeric,DE_ATLAS_HA26_GEM_2024
09275116,09275,Bad Füssing,09,2024,1256.9,published_numeric,DE_ATLAS_HA26_GEM_2024
09275117,09275,Beutelsbach,09,2024,791.9,published_numeric,DE_ATLAS_HA26_GEM_2024
09275118,09275,Breitenberg,09,2024,1007.4,published_numeric,DE_ATLAS_HA26_GEM_2024
09275119,09275,Büchlberg,09,2024,1352.1,published_numeric,DE_ATLAS_HA26_GEM_2024
09275120,09275,"Eging a.See, M",09,2024,2260,published_numeric,DE_ATLAS_HA26_GEM_2024
09275121,09275,Fürstenstein,09,2024,1006.2,published_numeric,DE_ATLAS_HA26_GEM_2024
09275122,09275,"Fürstenzell, M",09,2024,1254.2,published_numeric,DE_ATLAS_HA26_GEM_2024
09275124,09275,"Bad Griesbach i.Rottal, St",09,2024,1037.9,published_numeric,DE_ATLAS_HA26_GEM_2024
09275125,09275,Haarbach,09,2024,1061.4,published_numeric,DE_ATLAS_HA26_GEM_2024
09275126,09275,"Hauzenberg, St",09,2024,1412.5,published_numeric,DE_ATLAS_HA26_GEM_2024
09275127,09275,"Hofkirchen, M",09,2024,2204.7,published_numeric,DE_ATLAS_HA26_GEM_2024
09275128,09275,"Hutthurm, M",09,2024,1439.8,published_numeric,DE_ATLAS_HA26_GEM_2024
09275130,09275,Kirchham,09,2024,929.2,published_numeric,DE_ATLAS_HA26_GEM_2024
09275131,09275,"Kößlarn, M",09,2024,1000.6,published_numeric,DE_ATLAS_HA26_GEM_2024
09275132,09275,Malching,09,2024,1289.7,published_numeric,DE_ATLAS_HA26_GEM_2024
09275133,09275,Neuburg a.Inn,09,2024,1972.1,published_numeric,DE_ATLAS_HA26_GEM_2024
09275134,09275,Neuhaus a.Inn,09,2024,2001.9,published_numeric,DE_ATLAS_HA26_GEM_2024
09275135,09275,Neukirchen vorm Wald,09,2024,1407.2,published_numeric,DE_ATLAS_HA26_GEM_2024
09275137,09275,"Obernzell, M",09,2024,1653.1,published_numeric,DE_ATLAS_HA26_GEM_2024
09275138,09275,"Ortenburg, M",09,2024,2280.4,published_numeric,DE_ATLAS_HA26_GEM_2024
09275141,09275,"Pocking, St",09,2024,1194.6,published_numeric,DE_ATLAS_HA26_GEM_2024
09275143,09275,"Rotthalmünster, M",09,2024,1291,published_numeric,DE_ATLAS_HA26_GEM_2024
09275144,09275,Ruderting,09,2024,2212,published_numeric,DE_ATLAS_HA26_GEM_2024
09275145,09275,"Ruhstorf a.d.Rott, M",09,2024,1496.8,published_numeric,DE_ATLAS_HA26_GEM_2024
09275146,09275,Salzweg,09,2024,1804.2,published_numeric,DE_ATLAS_HA26_GEM_2024
09275148,09275,Sonnen,09,2024,1087.8,published_numeric,DE_ATLAS_HA26_GEM_2024
09275149,09275,Tettenweis,09,2024,1174,published_numeric,DE_ATLAS_HA26_GEM_2024
09275150,09275,Thyrnau,09,2024,1705.4,published_numeric,DE_ATLAS_HA26_GEM_2024
09275151,09275,Tiefenbach,09,2024,1399.6,published_numeric,DE_ATLAS_HA26_GEM_2024
09275152,09275,"Tittling, M",09,2024,1319.8,published_numeric,DE_ATLAS_HA26_GEM_2024
09275153,09275,"Untergriesbach, M",09,2024,1284.1,published_numeric,DE_ATLAS_HA26_GEM_2024
09275154,09275,"Vilshofen an der Donau, St",09,2024,1425.6,published_numeric,DE_ATLAS_HA26_GEM_2024
09275156,09275,"Wegscheid, M",09,2024,1328,published_numeric,DE_ATLAS_HA26_GEM_2024
09275159,09275,"Windorf, M",09,2024,1519.4,published_numeric,DE_ATLAS_HA26_GEM_2024
09275160,09275,Witzmannsberg,09,2024,1305.3,published_numeric,DE_ATLAS_HA26_GEM_2024
09276111,09276,Achslach,09,2024,1744,published_numeric,DE_ATLAS_HA26_GEM_2024
09276113,09276,Arnbruck,09,2024,1448.9,published_numeric,DE_ATLAS_HA26_GEM_2024
09276115,09276,Bayerisch Eisenstein,09,2024,1172.1,published_numeric,DE_ATLAS_HA26_GEM_2024
09276116,09276,Bischofsmais,09,2024,1291.5,published_numeric,DE_ATLAS_HA26_GEM_2024
09276117,09276,"Bodenmais, M",09,2024,1665,published_numeric,DE_ATLAS_HA26_GEM_2024
09276118,09276,Böbrach,09,2024,878.9,published_numeric,DE_ATLAS_HA26_GEM_2024
09276120,09276,Drachselsried,09,2024,1383.2,published_numeric,DE_ATLAS_HA26_GEM_2024
09276121,09276,Frauenau,09,2024,987.4,published_numeric,DE_ATLAS_HA26_GEM_2024
09276122,09276,Geiersthal,09,2024,1668.2,published_numeric,DE_ATLAS_HA26_GEM_2024
09276123,09276,Gotteszell,09,2024,911.7,published_numeric,DE_ATLAS_HA26_GEM_2024
09276126,09276,Kirchberg i.Wald,09,2024,1346.9,published_numeric,DE_ATLAS_HA26_GEM_2024
09276127,09276,Kirchdorf i.Wald,09,2024,1199.3,published_numeric,DE_ATLAS_HA26_GEM_2024
09276128,09276,Kollnburg,09,2024,1183.7,published_numeric,DE_ATLAS_HA26_GEM_2024
09276129,09276,Langdorf,09,2024,866.1,published_numeric,DE_ATLAS_HA26_GEM_2024
09276130,09276,Lindberg,09,2024,837.4,published_numeric,DE_ATLAS_HA26_GEM_2024
09276134,09276,Patersdorf,09,2024,1080.5,published_numeric,DE_ATLAS_HA26_GEM_2024
09276135,09276,Prackenbach,09,2024,1253.4,published_numeric,DE_ATLAS_HA26_GEM_2024
09276138,09276,"Regen, St",09,2024,1894.1,published_numeric,DE_ATLAS_HA26_GEM_2024
09276139,09276,Rinchnach,09,2024,955.7,published_numeric,DE_ATLAS_HA26_GEM_2024
09276142,09276,"Ruhmannsfelden, M",09,2024,1193,published_numeric,DE_ATLAS_HA26_GEM_2024
09276143,09276,"Teisnach, M",09,2024,3100.4,published_numeric,DE_ATLAS_HA26_GEM_2024
09276144,09276,"Viechtach, St",09,2024,1578.5,published_numeric,DE_ATLAS_HA26_GEM_2024
09276146,09276,Zachenberg,09,2024,1060.4,published_numeric,DE_ATLAS_HA26_GEM_2024
09276148,09276,"Zwiesel, St",09,2024,1219.4,published_numeric,DE_ATLAS_HA26_GEM_2024
09277111,09277,"Arnstorf, M",09,2024,4073.4,published_numeric,DE_ATLAS_HA26_GEM_2024
09277112,09277,Bayerbach,09,2024,946.8,published_numeric,DE_ATLAS_HA26_GEM_2024
09277113,09277,"Bad Birnbach, M",09,2024,1485.5,published_numeric,DE_ATLAS_HA26_GEM_2024
09277114,09277,Dietersburg,09,2024,1283.9,published_numeric,DE_ATLAS_HA26_GEM_2024
09277116,09277,"Eggenfelden, St",09,2024,1904.1,published_numeric,DE_ATLAS_HA26_GEM_2024
09277117,09277,Egglham,09,2024,1355.2,published_numeric,DE_ATLAS_HA26_GEM_2024
09277118,09277,Ering,09,2024,1163,published_numeric,DE_ATLAS_HA26_GEM_2024
09277119,09277,Falkenberg,09,2024,1252.9,published_numeric,DE_ATLAS_HA26_GEM_2024
09277121,09277,"Gangkofen, M",09,2024,1569.9,published_numeric,DE_ATLAS_HA26_GEM_2024
09277122,09277,Geratskirchen,09,2024,954,published_numeric,DE_ATLAS_HA26_GEM_2024
09277124,09277,Hebertsfelden,09,2024,1396.7,published_numeric,DE_ATLAS_HA26_GEM_2024
09277126,09277,Johanniskirchen,09,2024,1461.8,published_numeric,DE_ATLAS_HA26_GEM_2024
09277127,09277,Julbach,09,2024,1961.5,published_numeric,DE_ATLAS_HA26_GEM_2024
09277128,09277,Kirchdorf a.Inn,09,2024,1369.8,published_numeric,DE_ATLAS_HA26_GEM_2024
09277131,09277,Malgersdorf,09,2024,1490.1,published_numeric,DE_ATLAS_HA26_GEM_2024
09277133,09277,"Massing, M",09,2024,1840.2,published_numeric,DE_ATLAS_HA26_GEM_2024
09277134,09277,Mitterskirchen,09,2024,1547.5,published_numeric,DE_ATLAS_HA26_GEM_2024
09277138,09277,"Pfarrkirchen, St",09,2024,2061,published_numeric,DE_ATLAS_HA26_GEM_2024
09277139,09277,Postmünster,09,2024,1178.7,published_numeric,DE_ATLAS_HA26_GEM_2024
09277140,09277,Reut,09,2024,1393.7,published_numeric,DE_ATLAS_HA26_GEM_2024
09277141,09277,Rimbach,09,2024,1456.4,published_numeric,DE_ATLAS_HA26_GEM_2024
09277142,09277,Roßbach,09,2024,1663.2,published_numeric,DE_ATLAS_HA26_GEM_2024
09277144,09277,Schönau,09,2024,1561,published_numeric,DE_ATLAS_HA26_GEM_2024
09277145,09277,"Simbach a.Inn, St",09,2024,1867.2,published_numeric,DE_ATLAS_HA26_GEM_2024
09277147,09277,Stubenberg,09,2024,1205.9,published_numeric,DE_ATLAS_HA26_GEM_2024
09277148,09277,"Tann, M",09,2024,1397.8,published_numeric,DE_ATLAS_HA26_GEM_2024
09277149,09277,"Triftern, M",09,2024,1317.3,published_numeric,DE_ATLAS_HA26_GEM_2024
09277151,09277,Unterdietfurt,09,2024,1381.4,published_numeric,DE_ATLAS_HA26_GEM_2024
09277152,09277,Wittibreut,09,2024,1328.3,published_numeric,DE_ATLAS_HA26_GEM_2024
09277153,09277,"Wurmannsquick, M",09,2024,2029.3,published_numeric,DE_ATLAS_HA26_GEM_2024
09277154,09277,Zeilarn,09,2024,1034.6,published_numeric,DE_ATLAS_HA26_GEM_2024
09278112,09278,Aholfing,09,2024,1007.5,published_numeric,DE_ATLAS_HA26_GEM_2024
09278113,09278,Aiterhofen,09,2024,2934,published_numeric,DE_ATLAS_HA26_GEM_2024
09278116,09278,Ascha,09,2024,1413.1,published_numeric,DE_ATLAS_HA26_GEM_2024
09278117,09278,Atting,09,2024,2760.2,published_numeric,DE_ATLAS_HA26_GEM_2024
09278118,09278,"Bogen, St",09,2024,1597.6,published_numeric,DE_ATLAS_HA26_GEM_2024
09278120,09278,Falkenfels,09,2024,1003.7,published_numeric,DE_ATLAS_HA26_GEM_2024
09278121,09278,Feldkirchen,09,2024,958,published_numeric,DE_ATLAS_HA26_GEM_2024
09278123,09278,"Geiselhöring, St",09,2024,1247.3,published_numeric,DE_ATLAS_HA26_GEM_2024
09278129,09278,Haibach,09,2024,1421.1,published_numeric,DE_ATLAS_HA26_GEM_2024
09278134,09278,Haselbach,09,2024,1176.6,published_numeric,DE_ATLAS_HA26_GEM_2024
09278139,09278,Hunderdorf,09,2024,1432.1,published_numeric,DE_ATLAS_HA26_GEM_2024
09278140,09278,Irlbach,09,2024,1134.3,published_numeric,DE_ATLAS_HA26_GEM_2024
09278141,09278,Kirchroth,09,2024,1653.7,published_numeric,DE_ATLAS_HA26_GEM_2024
09278143,09278,Konzell,09,2024,2462.4,published_numeric,DE_ATLAS_HA26_GEM_2024
09278144,09278,Laberweinting,09,2024,1193.4,published_numeric,DE_ATLAS_HA26_GEM_2024
09278146,09278,Leiblfing,09,2024,1738.7,published_numeric,DE_ATLAS_HA26_GEM_2024
09278147,09278,Loitzendorf,09,2024,966.1,published_numeric,DE_ATLAS_HA26_GEM_2024
09278148,09278,"Mallersdorf-Pfaffenberg, M",09,2024,1362,published_numeric,DE_ATLAS_HA26_GEM_2024
09278149,09278,Mariaposching,09,2024,998.2,published_numeric,DE_ATLAS_HA26_GEM_2024
09278151,09278,"Mitterfels, M",09,2024,1193.8,published_numeric,DE_ATLAS_HA26_GEM_2024
09278154,09278,Neukirchen,09,2024,1853.1,published_numeric,DE_ATLAS_HA26_GEM_2024
09278159,09278,Niederwinkling,09,2024,5415.6,published_numeric,DE_ATLAS_HA26_GEM_2024
09278167,09278,Oberschneiding,09,2024,1214.2,published_numeric,DE_ATLAS_HA26_GEM_2024
09278170,09278,Parkstetten,09,2024,1339.4,published_numeric,DE_ATLAS_HA26_GEM_2024
09278171,09278,Perasdorf,09,2024,875,published_numeric,DE_ATLAS_HA26_GEM_2024
09278172,09278,Perkam,09,2024,1197.4,published_numeric,DE_ATLAS_HA26_GEM_2024
09278177,09278,Rain,09,2024,1437.3,published_numeric,DE_ATLAS_HA26_GEM_2024
09278178,09278,Rattenberg,09,2024,1222.6,published_numeric,DE_ATLAS_HA26_GEM_2024
09278179,09278,Rattiszell,09,2024,1601.1,published_numeric,DE_ATLAS_HA26_GEM_2024
09278182,09278,Salching,09,2024,2090.5,published_numeric,DE_ATLAS_HA26_GEM_2024
09278184,09278,Sankt Englmar,09,2024,2000.1,published_numeric,DE_ATLAS_HA26_GEM_2024
09278187,09278,"Schwarzach, M",09,2024,1134.5,published_numeric,DE_ATLAS_HA26_GEM_2024
09278189,09278,Stallwang,09,2024,1063.2,published_numeric,DE_ATLAS_HA26_GEM_2024
09278190,09278,Steinach,09,2024,1536,published_numeric,DE_ATLAS_HA26_GEM_2024
09278192,09278,Straßkirchen,09,2024,2189.7,published_numeric,DE_ATLAS_HA26_GEM_2024
09278197,09278,Wiesenfelden,09,2024,1069,published_numeric,DE_ATLAS_HA26_GEM_2024
09278198,09278,Windberg,09,2024,1149.5,published_numeric,DE_ATLAS_HA26_GEM_2024
09279112,09279,"Dingolfing, St",09,2024,5920.1,published_numeric,DE_ATLAS_HA26_GEM_2024
09279113,09279,"Eichendorf, M",09,2024,1427.6,published_numeric,DE_ATLAS_HA26_GEM_2024
09279115,09279,"Frontenhausen, M",09,2024,1210.2,published_numeric,DE_ATLAS_HA26_GEM_2024
09279116,09279,Gottfrieding,09,2024,1199.6,published_numeric,DE_ATLAS_HA26_GEM_2024
09279122,09279,"Landau a.d.Isar, St",09,2024,2483.1,published_numeric,DE_ATLAS_HA26_GEM_2024
09279124,09279,Loiching,09,2024,1684.7,published_numeric,DE_ATLAS_HA26_GEM_2024
09279125,09279,Mamming,09,2024,2111.3,published_numeric,DE_ATLAS_HA26_GEM_2024
09279126,09279,Marklkofen,09,2024,3406.4,published_numeric,DE_ATLAS_HA26_GEM_2024
09279127,09279,Mengkofen,09,2024,1488.9,published_numeric,DE_ATLAS_HA26_GEM_2024
09279128,09279,Moosthenning,09,2024,1600.8,published_numeric,DE_ATLAS_HA26_GEM_2024
09279130,09279,Niederviehbach,09,2024,1891.9,published_numeric,DE_ATLAS_HA26_GEM_2024
09279132,09279,"Pilsting, M",09,2024,1490.2,published_numeric,DE_ATLAS_HA26_GEM_2024
09279134,09279,"Reisbach, M",09,2024,1446.5,published_numeric,DE_ATLAS_HA26_GEM_2024
09279135,09279,"Simbach, M",09,2024,1614.1,published_numeric,DE_ATLAS_HA26_GEM_2024
09279137,09279,"Wallersdorf, M",09,2024,1874.7,published_numeric,DE_ATLAS_HA26_GEM_2024
09361000,09361,Amberg,09,2024,1819.2,published_numeric,DE_ATLAS_HA26_GEM_2024
09362000,09362,Regensburg,09,2024,2582.6,published_numeric,DE_ATLAS_HA26_GEM_2024
09363000,09363,Weiden i.d.OPf.,09,2024,1773.5,published_numeric,DE_ATLAS_HA26_GEM_2024
09371111,09371,Ammerthal,09,2024,1218.2,published_numeric,DE_ATLAS_HA26_GEM_2024
09371113,09371,"Auerbach i.d.OPf., St",09,2024,1335.2,published_numeric,DE_ATLAS_HA26_GEM_2024
09371116,09371,Birgland,09,2024,1537.9,published_numeric,DE_ATLAS_HA26_GEM_2024
09371118,09371,Ebermannsdorf,09,2024,1597.3,published_numeric,DE_ATLAS_HA26_GEM_2024
09371119,09371,Edelsfeld,09,2024,1189.1,published_numeric,DE_ATLAS_HA26_GEM_2024
09371120,09371,Ensdorf,09,2024,1408.2,published_numeric,DE_ATLAS_HA26_GEM_2024
09371121,09371,"Freihung, M",09,2024,1151.6,published_numeric,DE_ATLAS_HA26_GEM_2024
09371122,09371,Freudenberg,09,2024,1335.3,published_numeric,DE_ATLAS_HA26_GEM_2024
09371123,09371,Gebenbach,09,2024,1637.1,published_numeric,DE_ATLAS_HA26_GEM_2024
09371126,09371,"Hahnbach, M",09,2024,1340.9,published_numeric,DE_ATLAS_HA26_GEM_2024
09371127,09371,"Hirschau, St",09,2024,1577.2,published_numeric,DE_ATLAS_HA26_GEM_2024
09371128,09371,Hirschbach,09,2024,1061.6,published_numeric,DE_ATLAS_HA26_GEM_2024
09371129,09371,"Hohenburg, M",09,2024,913.5,published_numeric,DE_ATLAS_HA26_GEM_2024
09371131,09371,Illschwang,09,2024,1719,published_numeric,DE_ATLAS_HA26_GEM_2024
09371132,09371,"Kastl, M",09,2024,1120.6,published_numeric,DE_ATLAS_HA26_GEM_2024
09371135,09371,"Königstein, M",09,2024,1089,published_numeric,DE_ATLAS_HA26_GEM_2024
09371136,09371,Kümmersbruck,09,2024,1360.2,published_numeric,DE_ATLAS_HA26_GEM_2024
09371140,09371,Etzelwang,09,2024,970,published_numeric,DE_ATLAS_HA26_GEM_2024
09371141,09371,Neukirchen b.Sulzbach-Rosenberg,09,2024,917.2,published_numeric,DE_ATLAS_HA26_GEM_2024
09371144,09371,Poppenricht,09,2024,1014.4,published_numeric,DE_ATLAS_HA26_GEM_2024
09371146,09371,"Rieden, M",09,2024,1224,published_numeric,DE_ATLAS_HA26_GEM_2024
09371148,09371,"Schmidmühlen, M",09,2024,1575.7,published_numeric,DE_ATLAS_HA26_GEM_2024
09371150,09371,"Schnaittenbach, St",09,2024,1260.3,published_numeric,DE_ATLAS_HA26_GEM_2024
09371151,09371,"Sulzbach-Rosenberg, St",09,2024,1261.5,published_numeric,DE_ATLAS_HA26_GEM_2024
09371154,09371,Ursensollen,09,2024,1943.4,published_numeric,DE_ATLAS_HA26_GEM_2024
09371156,09371,"Vilseck, St",09,2024,1191.3,published_numeric,DE_ATLAS_HA26_GEM_2024
09371157,09371,Weigendorf,09,2024,1066.8,published_numeric,DE_ATLAS_HA26_GEM_2024
09371452,09371,Eichen,09,2024,,published_missing_sentinel,DE_ATLAS_HA26_GEM_2024
09372112,09372,Arnschwang,09,2024,1870.6,published_numeric,DE_ATLAS_HA26_GEM_2024
09372113,09372,Arrach,09,2024,1024.2,published_numeric,DE_ATLAS_HA26_GEM_2024
09372115,09372,Blaibach,09,2024,1053.5,published_numeric,DE_ATLAS_HA26_GEM_2024
09372116,09372,"Cham, St",09,2024,3064.4,published_numeric,DE_ATLAS_HA26_GEM_2024
09372117,09372,Chamerau,09,2024,1390.6,published_numeric,DE_ATLAS_HA26_GEM_2024
09372124,09372,"Eschlkam, M",09,2024,1283.1,published_numeric,DE_ATLAS_HA26_GEM_2024
09372125,09372,"Falkenstein, M",09,2024,1247.6,published_numeric,DE_ATLAS_HA26_GEM_2024
09372126,09372,"Furth im Wald, St",09,2024,1902.6,published_numeric,DE_ATLAS_HA26_GEM_2024
09372128,09372,Gleißenberg,09,2024,847.9,published_numeric,DE_ATLAS_HA26_GEM_2024
09372130,09372,Grafenwiesen,09,2024,978.6,published_numeric,DE_ATLAS_HA26_GEM_2024
09372135,09372,Hohenwarth,09,2024,975.2,published_numeric,DE_ATLAS_HA26_GEM_2024
09372137,09372,"Bad Kötzting, St",09,2024,1594.9,published_numeric,DE_ATLAS_HA26_GEM_2024
09372138,09372,"Lam, M",09,2024,1477.4,published_numeric,DE_ATLAS_HA26_GEM_2024
09372142,09372,Michelsneukirchen,09,2024,1066.3,published_numeric,DE_ATLAS_HA26_GEM_2024
09372143,09372,Miltach,09,2024,1925.5,published_numeric,DE_ATLAS_HA26_GEM_2024
09372144,09372,"Neukirchen b.Hl.Blut, M",09,2024,1656.5,published_numeric,DE_ATLAS_HA26_GEM_2024
09372146,09372,Pemfling,09,2024,1020.4,published_numeric,DE_ATLAS_HA26_GEM_2024
09372147,09372,Pösing,09,2024,946.1,published_numeric,DE_ATLAS_HA26_GEM_2024
09372149,09372,Reichenbach,09,2024,953.7,published_numeric,DE_ATLAS_HA26_GEM_2024
09372150,09372,Rettenbach,09,2024,923,published_numeric,DE_ATLAS_HA26_GEM_2024
09372151,09372,Rimbach,09,2024,970.1,published_numeric,DE_ATLAS_HA26_GEM_2024
09372153,09372,"Roding, St",09,2024,1855.8,published_numeric,DE_ATLAS_HA26_GEM_2024
09372154,09372,"Rötz, St",09,2024,1470.3,published_numeric,DE_ATLAS_HA26_GEM_2024
09372155,09372,Runding,09,2024,1518.5,published_numeric,DE_ATLAS_HA26_GEM_2024
09372157,09372,Schönthal,09,2024,1236.7,published_numeric,DE_ATLAS_HA26_GEM_2024
09372158,09372,Schorndorf,09,2024,1190.7,published_numeric,DE_ATLAS_HA26_GEM_2024
09372161,09372,"Stamsried, M",09,2024,846,published_numeric,DE_ATLAS_HA26_GEM_2024
09372163,09372,Tiefenbach,09,2024,1356.6,published_numeric,DE_ATLAS_HA26_GEM_2024
09372164,09372,Traitsching,09,2024,1286.7,published_numeric,DE_ATLAS_HA26_GEM_2024
09372165,09372,Treffelstein,09,2024,991.9,published_numeric,DE_ATLAS_HA26_GEM_2024
09372167,09372,Zell,09,2024,1017.9,published_numeric,DE_ATLAS_HA26_GEM_2024
09372168,09372,Waffenbrunn,09,2024,883.8,published_numeric,DE_ATLAS_HA26_GEM_2024
09372169,09372,Wald,09,2024,2493.5,published_numeric,DE_ATLAS_HA26_GEM_2024
09372170,09372,Walderbach,09,2024,1385.4,published_numeric,DE_ATLAS_HA26_GEM_2024
09372171,09372,"Waldmünchen, St",09,2024,1282.9,published_numeric,DE_ATLAS_HA26_GEM_2024
09372174,09372,Weiding,09,2024,1507.9,published_numeric,DE_ATLAS_HA26_GEM_2024
09372175,09372,Willmering,09,2024,1503.5,published_numeric,DE_ATLAS_HA26_GEM_2024
09372177,09372,Zandt,09,2024,15723.3,published_numeric,DE_ATLAS_HA26_GEM_2024
09372178,09372,Lohberg,09,2024,975.8,published_numeric,DE_ATLAS_HA26_GEM_2024
09373112,09373,"Berching, St",09,2024,2447.8,published_numeric,DE_ATLAS_HA26_GEM_2024
09373113,09373,Berg b.Neumarkt i.d.OPf.,09,2024,1484.2,published_numeric,DE_ATLAS_HA26_GEM_2024
09373114,09373,Berngau,09,2024,1243,published_numeric,DE_ATLAS_HA26_GEM_2024
09373115,09373,"Breitenbrunn, M",09,2024,1171.8,published_numeric,DE_ATLAS_HA26_GEM_2024
09373119,09373,Deining,09,2024,1335,published_numeric,DE_ATLAS_HA26_GEM_2024
09373121,09373,"Dietfurt a.d.Altmühl, St",09,2024,1268.5,published_numeric,DE_ATLAS_HA26_GEM_2024
09373126,09373,"Freystadt, St",09,2024,1459.5,published_numeric,DE_ATLAS_HA26_GEM_2024
09373134,09373,"Hohenfels, M",09,2024,1540.4,published_numeric,DE_ATLAS_HA26_GEM_2024
09373140,09373,"Lauterhofen, M",09,2024,1949,published_numeric,DE_ATLAS_HA26_GEM_2024
09373143,09373,"Lupburg, M",09,2024,1022.8,published_numeric,DE_ATLAS_HA26_GEM_2024
09373146,09373,Mühlhausen,09,2024,2088.4,published_numeric,DE_ATLAS_HA26_GEM_2024
09373147,09373,"Neumarkt i.d.OPf., GKSt",09,2024,2516.8,published_numeric,DE_ATLAS_HA26_GEM_2024
09373151,09373,"Parsberg, St",09,2024,1554.5,published_numeric,DE_ATLAS_HA26_GEM_2024
09373153,09373,Pilsach,09,2024,1710.9,published_numeric,DE_ATLAS_HA26_GEM_2024
09373155,09373,"Postbauer-Heng, M",09,2024,1388.3,published_numeric,DE_ATLAS_HA26_GEM_2024
09373156,09373,"Pyrbaum, M",09,2024,1417.1,published_numeric,DE_ATLAS_HA26_GEM_2024
09373159,09373,Sengenthal,09,2024,2439.5,published_numeric,DE_ATLAS_HA26_GEM_2024
09373160,09373,Seubersdorf i.d.OPf.,09,2024,1154.9,published_numeric,DE_ATLAS_HA26_GEM_2024
09373167,09373,"Velburg, St",09,2024,1360.1,published_numeric,DE_ATLAS_HA26_GEM_2024
09374111,09374,Altenstadt a.d.Waldnaab,09,2024,1268.2,published_numeric,DE_ATLAS_HA26_GEM_2024
09374117,09374,"Eschenbach i.d.OPf., St",09,2024,2482.5,published_numeric,DE_ATLAS_HA26_GEM_2024
09374118,09374,"Eslarn, M",09,2024,1244.7,published_numeric,DE_ATLAS_HA26_GEM_2024
09374119,09374,Etzenricht,09,2024,1040,published_numeric,DE_ATLAS_HA26_GEM_2024
09374121,09374,"Floß, M",09,2024,1585.5,published_numeric,DE_ATLAS_HA26_GEM_2024
09374122,09374,Flossenbürg,09,2024,1109,published_numeric,DE_ATLAS_HA26_GEM_2024
09374123,09374,Georgenberg,09,2024,830,published_numeric,DE_ATLAS_HA26_GEM_2024
09374124,09374,"Grafenwöhr, St",09,2024,1445.2,published_numeric,DE_ATLAS_HA26_GEM_2024
09374127,09374,Irchenrieth,09,2024,1209.7,published_numeric,DE_ATLAS_HA26_GEM_2024
09374128,09374,Kirchendemenreuth,09,2024,766.9,published_numeric,DE_ATLAS_HA26_GEM_2024
09374129,09374,"Kirchenthumbach, M",09,2024,1093.8,published_numeric,DE_ATLAS_HA26_GEM_2024
09374131,09374,"Kohlberg, M",09,2024,849,published_numeric,DE_ATLAS_HA26_GEM_2024
09374132,09374,"Leuchtenberg, M",09,2024,1076.7,published_numeric,DE_ATLAS_HA26_GEM_2024
09374133,09374,"Luhe-Wildenau, M",09,2024,1642.9,published_numeric,DE_ATLAS_HA26_GEM_2024
09374134,09374,"Mantel, M",09,2024,1187.7,published_numeric,DE_ATLAS_HA26_GEM_2024
09374137,09374,"Moosbach, M",09,2024,933.6,published_numeric,DE_ATLAS_HA26_GEM_2024
09374139,09374,"Neustadt a.d.Waldnaab, St",09,2024,1044.4,published_numeric,DE_ATLAS_HA26_GEM_2024
09374140,09374,"Neustadt am Kulm, St",09,2024,901.8,published_numeric,DE_ATLAS_HA26_GEM_2024
09374144,09374,"Parkstein, M",09,2024,10302.6,published_numeric,DE_ATLAS_HA26_GEM_2024
09374146,09374,Pirk,09,2024,2762.3,published_numeric,DE_ATLAS_HA26_GEM_2024
09374147,09374,"Pleystein, St",09,2024,1194.9,published_numeric,DE_ATLAS_HA26_GEM_2024
09374148,09374,Trabitz,09,2024,1429.9,published_numeric,DE_ATLAS_HA26_GEM_2024
09374149,09374,"Pressath, St",09,2024,1902.4,published_numeric,DE_ATLAS_HA26_GEM_2024
09374150,09374,Püchersreuth,09,2024,1173.9,published_numeric,DE_ATLAS_HA26_GEM_2024
09374154,09374,Schirmitz,09,2024,1172.4,published_numeric,DE_ATLAS_HA26_GEM_2024
09374155,09374,Schlammersdorf,09,2024,948.7,published_numeric,DE_ATLAS_HA26_GEM_2024
09374156,09374,Schwarzenbach,09,2024,1606.1,published_numeric,DE_ATLAS_HA26_GEM_2024
09374157,09374,Speinshart,09,2024,929.2,published_numeric,DE_ATLAS_HA26_GEM_2024
09374158,09374,Störnstein,09,2024,1136.9,published_numeric,DE_ATLAS_HA26_GEM_2024
09374159,09374,"Tännesberg, M",09,2024,1241.1,published_numeric,DE_ATLAS_HA26_GEM_2024
09374160,09374,Theisseil,09,2024,967.4,published_numeric,DE_ATLAS_HA26_GEM_2024
09374162,09374,"Vohenstrauß, St",09,2024,1416.4,published_numeric,DE_ATLAS_HA26_GEM_2024
09374163,09374,Vorbach,09,2024,11929.1,published_numeric,DE_ATLAS_HA26_GEM_2024
09374164,09374,"Waidhaus, M",09,2024,1637.8,published_numeric,DE_ATLAS_HA26_GEM_2024
09374165,09374,"Waldthurn, M",09,2024,1337.7,published_numeric,DE_ATLAS_HA26_GEM_2024
09374166,09374,Weiherhammer,09,2024,1952.6,published_numeric,DE_ATLAS_HA26_GEM_2024
09374168,09374,"Windischeschenbach, St",09,2024,1327.9,published_numeric,DE_ATLAS_HA26_GEM_2024
09374170,09374,Bechtsrieth,09,2024,993.2,published_numeric,DE_ATLAS_HA26_GEM_2024
09374452,09374,Manteler Forst,09,2024,,published_missing_sentinel,DE_ATLAS_HA26_GEM_2024
09374458,09374,Speinsharter Forst,09,2024,,published_missing_sentinel,DE_ATLAS_HA26_GEM_2024
09375113,09375,Alteglofsheim,09,2024,1442.6,published_numeric,DE_ATLAS_HA26_GEM_2024
09375114,09375,Altenthann,09,2024,1232.4,published_numeric,DE_ATLAS_HA26_GEM_2024
09375115,09375,Aufhausen,09,2024,1151.3,published_numeric,DE_ATLAS_HA26_GEM_2024
09375116,09375,Bach a.d.Donau,09,2024,1311.8,published_numeric,DE_ATLAS_HA26_GEM_2024
09375117,09375,Barbing,09,2024,1778.7,published_numeric,DE_ATLAS_HA26_GEM_2024
09375118,09375,"Beratzhausen, M",09,2024,1258.2,published_numeric,DE_ATLAS_HA26_GEM_2024
09375119,09375,Bernhardswald,09,2024,1207.3,published_numeric,DE_ATLAS_HA26_GEM_2024
09375120,09375,Brennberg,09,2024,1626.1,published_numeric,DE_ATLAS_HA26_GEM_2024
09375122,09375,Brunn,09,2024,921.5,published_numeric,DE_ATLAS_HA26_GEM_2024
09375127,09375,Deuerling,09,2024,1412.5,published_numeric,DE_ATLAS_HA26_GEM_2024
09375130,09375,"Donaustauf, M",09,2024,1385.5,published_numeric,DE_ATLAS_HA26_GEM_2024
09375131,09375,Duggendorf,09,2024,1176.8,published_numeric,DE_ATLAS_HA26_GEM_2024
09375143,09375,Hagelstadt,09,2024,1658.2,published_numeric,DE_ATLAS_HA26_GEM_2024
09375148,09375,"Hemau, St",09,2024,1205.4,published_numeric,DE_ATLAS_HA26_GEM_2024
09375153,09375,Holzheim a.Forst,09,2024,939.9,published_numeric,DE_ATLAS_HA26_GEM_2024
09375156,09375,"Kallmünz, M",09,2024,1106.8,published_numeric,DE_ATLAS_HA26_GEM_2024
09375161,09375,Köfering,09,2024,1126.4,published_numeric,DE_ATLAS_HA26_GEM_2024
09375162,09375,"Laaber, M",09,2024,1187.3,published_numeric,DE_ATLAS_HA26_GEM_2024
09375165,09375,"Lappersdorf, M",09,2024,1304.4,published_numeric,DE_ATLAS_HA26_GEM_2024
09375170,09375,Mintraching,09,2024,1689,published_numeric,DE_ATLAS_HA26_GEM_2024
09375171,09375,Mötzing,09,2024,1127.3,published_numeric,DE_ATLAS_HA26_GEM_2024
09375174,09375,"Neutraubling, St",09,2024,2465.5,published_numeric,DE_ATLAS_HA26_GEM_2024
09375175,09375,"Nittendorf, M",09,2024,1338.5,published_numeric,DE_ATLAS_HA26_GEM_2024
09375179,09375,Obertraubling,09,2024,1293.2,published_numeric,DE_ATLAS_HA26_GEM_2024
09375180,09375,Pentling,09,2024,1397.2,published_numeric,DE_ATLAS_HA26_GEM_2024
09375181,09375,Pettendorf,09,2024,1267,published_numeric,DE_ATLAS_HA26_GEM_2024
09375182,09375,Pfakofen,09,2024,1632.5,published_numeric,DE_ATLAS_HA26_GEM_2024
09375183,09375,Pfatter,09,2024,1267.9,published_numeric,DE_ATLAS_HA26_GEM_2024
09375184,09375,Pielenhofen,09,2024,1034.8,published_numeric,DE_ATLAS_HA26_GEM_2024
09375190,09375,"Regenstauf, M",09,2024,1708.5,published_numeric,DE_ATLAS_HA26_GEM_2024
09375191,09375,Riekofen,09,2024,1272.6,published_numeric,DE_ATLAS_HA26_GEM_2024
09375196,09375,"Schierling, M",09,2024,1682.4,published_numeric,DE_ATLAS_HA26_GEM_2024
09375199,09375,Sinzing,09,2024,1527.5,published_numeric,DE_ATLAS_HA26_GEM_2024
09375201,09375,Sünching,09,2024,1716.1,published_numeric,DE_ATLAS_HA26_GEM_2024
09375204,09375,Tegernheim,09,2024,1452.1,published_numeric,DE_ATLAS_HA26_GEM_2024
09375205,09375,Thalmassing,09,2024,1429,published_numeric,DE_ATLAS_HA26_GEM_2024
09375208,09375,Wenzenbach,09,2024,1721.7,published_numeric,DE_ATLAS_HA26_GEM_2024
09375209,09375,Wiesent,09,2024,1259.4,published_numeric,DE_ATLAS_HA26_GEM_2024
09375210,09375,"Wörth a.d.Donau, St",09,2024,1984.7,published_numeric,DE_ATLAS_HA26_GEM_2024
09375211,09375,Wolfsegg,09,2024,1181.4,published_numeric,DE_ATLAS_HA26_GEM_2024
09375213,09375,Zeitlarn,09,2024,1558.5,published_numeric,DE_ATLAS_HA26_GEM_2024
09375451,09375,Forstmühler Forst,09,2024,,published_missing_sentinel,DE_ATLAS_HA26_GEM_2024
09375452,09375,Kreuther Forst,09,2024,,published_missing_sentinel,DE_ATLAS_HA26_GEM_2024
09376112,09376,Altendorf,09,2024,1343,published_numeric,DE_ATLAS_HA26_GEM_2024
09376116,09376,Bodenwöhr,09,2024,2124.4,published_numeric,DE_ATLAS_HA26_GEM_2024
09376117,09376,"Bruck i.d.OPf., M",09,2024,2309.4,published_numeric,DE_ATLAS_HA26_GEM_2024
09376119,09376,"Burglengenfeld, St",09,2024,1294.7,published_numeric,DE_ATLAS_HA26_GEM_2024
09376122,09376,Dieterskirchen,09,2024,1045.7,published_numeric,DE_ATLAS_HA26_GEM_2024
09376125,09376,Fensterbach,09,2024,1818.2,published_numeric,DE_ATLAS_HA26_GEM_2024
09376131,09376,Gleiritsch,09,2024,1179.8,published_numeric,DE_ATLAS_HA26_GEM_2024
09376133,09376,Guteneck,09,2024,1151.3,published_numeric,DE_ATLAS_HA26_GEM_2024
09376141,09376,"Maxhütte-Haidhof, St",09,2024,1549,published_numeric,DE_ATLAS_HA26_GEM_2024
09376144,09376,"Nabburg, St",09,2024,1731.6,published_numeric,DE_ATLAS_HA26_GEM_2024
09376146,09376,"Neukirchen-Balbini, M",09,2024,1185.8,published_numeric,DE_ATLAS_HA26_GEM_2024
09376147,09376,"Neunburg vorm Wald, St",09,2024,2116.6,published_numeric,DE_ATLAS_HA26_GEM_2024
09376148,09376,Niedermurach,09,2024,1034,published_numeric,DE_ATLAS_HA26_GEM_2024
09376149,09376,"Nittenau, St",09,2024,1499.2,published_numeric,DE_ATLAS_HA26_GEM_2024
09376150,09376,"Wernberg-Köblitz, M",09,2024,1428.9,published_numeric,DE_ATLAS_HA26_GEM_2024
09376151,09376,"Oberviechtach, St",09,2024,1601.2,published_numeric,DE_ATLAS_HA26_GEM_2024
09376153,09376,"Pfreimd, St",09,2024,1908.9,published_numeric,DE_ATLAS_HA26_GEM_2024
09376159,09376,Schmidgaden,09,2024,1281.8,published_numeric,DE_ATLAS_HA26_GEM_2024
09376160,09376,"Schönsee, St",09,2024,1263,published_numeric,DE_ATLAS_HA26_GEM_2024
09376161,09376,"Schwandorf, GKSt",09,2024,1647.8,published_numeric,DE_ATLAS_HA26_GEM_2024
09376162,09376,Schwarzach b.Nabburg,09,2024,1308.5,published_numeric,DE_ATLAS_HA26_GEM_2024
09376163,09376,"Schwarzenfeld, M",09,2024,2163.7,published_numeric,DE_ATLAS_HA26_GEM_2024
09376164,09376,"Schwarzhofen, M",09,2024,1389.3,published_numeric,DE_ATLAS_HA26_GEM_2024
09376167,09376,Stadlern,09,2024,1359.1,published_numeric,DE_ATLAS_HA26_GEM_2024
09376168,09376,Steinberg am See,09,2024,1321.5,published_numeric,DE_ATLAS_HA26_GEM_2024
09376169,09376,Stulln,09,2024,2834.3,published_numeric,DE_ATLAS_HA26_GEM_2024
09376170,09376,"Teublitz, St",09,2024,1397.9,published_numeric,DE_ATLAS_HA26_GEM_2024
09376171,09376,Teunz,09,2024,1151.2,published_numeric,DE_ATLAS_HA26_GEM_2024
09376172,09376,Thanstein,09,2024,1168.9,published_numeric,DE_ATLAS_HA26_GEM_2024
09376173,09376,Trausnitz,09,2024,840.1,published_numeric,DE_ATLAS_HA26_GEM_2024
09376175,09376,Wackersdorf,09,2024,3419.7,published_numeric,DE_ATLAS_HA26_GEM_2024
09376176,09376,Weiding,09,2024,791.4,published_numeric,DE_ATLAS_HA26_GEM_2024
09376178,09376,"Winklarn, M",09,2024,1866.6,published_numeric,DE_ATLAS_HA26_GEM_2024
09376455,09376,Wolferlohe,09,2024,,published_missing_sentinel,DE_ATLAS_HA26_GEM_2024
09377112,09377,"Bärnau, St",09,2024,1133.2,published_numeric,DE_ATLAS_HA26_GEM_2024
09377113,09377,Brand,09,2024,2797.3,published_numeric,DE_ATLAS_HA26_GEM_2024
09377115,09377,Ebnath,09,2024,824,published_numeric,DE_ATLAS_HA26_GEM_2024
09377116,09377,"Erbendorf, St",09,2024,1346,published_numeric,DE_ATLAS_HA26_GEM_2024
09377117,09377,"Falkenberg, M",09,2024,2392.3,published_numeric,DE_ATLAS_HA26_GEM_2024
09377118,09377,Friedenfels,09,2024,998,published_numeric,DE_ATLAS_HA26_GEM_2024
09377119,09377,"Fuchsmühl, M",09,2024,917.3,published_numeric,DE_ATLAS_HA26_GEM_2024
09377127,09377,Immenreuth,09,2024,1158.6,published_numeric,DE_ATLAS_HA26_GEM_2024
09377128,09377,Kastl,09,2024,1447.3,published_numeric,DE_ATLAS_HA26_GEM_2024
09377129,09377,"Kemnath, St",09,2024,45400.8,published_numeric,DE_ATLAS_HA26_GEM_2024
09377131,09377,"Konnersreuth, M",09,2024,1297.3,published_numeric,DE_ATLAS_HA26_GEM_2024
09377132,09377,Krummennaab,09,2024,787.3,published_numeric,DE_ATLAS_HA26_GEM_2024
09377133,09377,Kulmain,09,2024,863.4,published_numeric,DE_ATLAS_HA26_GEM_2024
09377137,09377,Leonberg,09,2024,890.8,published_numeric,DE_ATLAS_HA26_GEM_2024
09377139,09377,"Mähring, M",09,2024,1058.1,published_numeric,DE_ATLAS_HA26_GEM_2024
09377141,09377,"Mitterteich, St",09,2024,1917.7,published_numeric,DE_ATLAS_HA26_GEM_2024
09377142,09377,"Bad Neualbenreuth, M",09,2024,1123.8,published_numeric,DE_ATLAS_HA26_GEM_2024
09377143,09377,Neusorg,09,2024,1249.7,published_numeric,DE_ATLAS_HA26_GEM_2024
09377145,09377,Pechbrunn,09,2024,1056.4,published_numeric,DE_ATLAS_HA26_GEM_2024
09377146,09377,"Plößberg, M",09,2024,4553.7,published_numeric,DE_ATLAS_HA26_GEM_2024
09377148,09377,Pullenreuth,09,2024,1252.9,published_numeric,DE_ATLAS_HA26_GEM_2024
09377149,09377,Reuth b.Erbendorf,09,2024,767.3,published_numeric,DE_ATLAS_HA26_GEM_2024
09377154,09377,"Tirschenreuth, St",09,2024,2782.4,published_numeric,DE_ATLAS_HA26_GEM_2024
09377157,09377,"Waldershof, St",09,2024,8109.9,published_numeric,DE_ATLAS_HA26_GEM_2024
09377158,09377,"Waldsassen, St",09,2024,1170.9,published_numeric,DE_ATLAS_HA26_GEM_2024
09377159,09377,"Wiesau, M",09,2024,1342.2,published_numeric,DE_ATLAS_HA26_GEM_2024
09461000,09461,Bamberg,09,2024,1654.9,published_numeric,DE_ATLAS_HA26_GEM_2024
09462000,09462,Bayreuth,09,2024,2194.3,published_numeric,DE_ATLAS_HA26_GEM_2024
09463000,09463,Coburg,09,2024,3831.1,published_numeric,DE_ATLAS_HA26_GEM_2024
09464000,09464,Hof,09,2024,1469,published_numeric,DE_ATLAS_HA26_GEM_2024
09471111,09471,Altendorf,09,2024,1839.5,published_numeric,DE_ATLAS_HA26_GEM_2024
09471115,09471,"Baunach, St",09,2024,1240.6,published_numeric,DE_ATLAS_HA26_GEM_2024
09471117,09471,Bischberg,09,2024,1260.8,published_numeric,DE_ATLAS_HA26_GEM_2024
09471119,09471,Breitengüßbach,09,2024,1452.6,published_numeric,DE_ATLAS_HA26_GEM_2024
09471120,09471,"Burgebrach, M",09,2024,3859.7,published_numeric,DE_ATLAS_HA26_GEM_2024
09471122,09471,"Burgwindheim, M",09,2024,1800.2,published_numeric,DE_ATLAS_HA26_GEM_2024
09471123,09471,"Buttenheim, M",09,2024,1796.1,published_numeric,DE_ATLAS_HA26_GEM_2024
09471128,09471,"Ebrach, M",09,2024,900.9,published_numeric,DE_ATLAS_HA26_GEM_2024
09471131,09471,Frensdorf,09,2024,1076,published_numeric,DE_ATLAS_HA26_GEM_2024
09471133,09471,Gerach,09,2024,894.5,published_numeric,DE_ATLAS_HA26_GEM_2024
09471137,09471,Gundelsheim,09,2024,1110.6,published_numeric,DE_ATLAS_HA26_GEM_2024
09471140,09471,"Hallstadt, St",09,2024,2046.6,published_numeric,DE_ATLAS_HA26_GEM_2024
09471142,09471,"Heiligenstadt i.OFr., M",09,2024,1172.9,published_numeric,DE_ATLAS_HA26_GEM_2024
09471145,09471,"Hirschaid, M",09,2024,1544.7,published_numeric,DE_ATLAS_HA26_GEM_2024
09471150,09471,Kemmern,09,2024,1103.7,published_numeric,DE_ATLAS_HA26_GEM_2024
09471151,09471,Königsfeld,09,2024,1427.1,published_numeric,DE_ATLAS_HA26_GEM_2024
09471152,09471,Lauter,09,2024,741.9,published_numeric,DE_ATLAS_HA26_GEM_2024
09471154,09471,Lisberg,09,2024,1185.3,published_numeric,DE_ATLAS_HA26_GEM_2024
09471155,09471,Litzendorf,09,2024,1095.6,published_numeric,DE_ATLAS_HA26_GEM_2024
09471159,09471,Memmelsdorf,09,2024,1045.1,published_numeric,DE_ATLAS_HA26_GEM_2024
09471165,09471,Oberhaid,09,2024,1490.2,published_numeric,DE_ATLAS_HA26_GEM_2024
09471169,09471,Pettstadt,09,2024,1189.8,published_numeric,DE_ATLAS_HA26_GEM_2024
09471172,09471,Pommersfelden,09,2024,1433.9,published_numeric,DE_ATLAS_HA26_GEM_2024
09471173,09471,Priesendorf,09,2024,959.5,published_numeric,DE_ATLAS_HA26_GEM_2024
09471174,09471,"Rattelsdorf, M",09,2024,1819.6,published_numeric,DE_ATLAS_HA26_GEM_2024
09471175,09471,Reckendorf,09,2024,963.4,published_numeric,DE_ATLAS_HA26_GEM_2024
09471185,09471,"Scheßlitz, St",09,2024,1937.9,published_numeric,DE_ATLAS_HA26_GEM_2024
09471186,09471,Schönbrunn i.Steigerwald,09,2024,977.1,published_numeric,DE_ATLAS_HA26_GEM_2024
09471189,09471,Stadelhofen,09,2024,1601.5,published_numeric,DE_ATLAS_HA26_GEM_2024
09471191,09471,Stegaurach,09,2024,1217.1,published_numeric,DE_ATLAS_HA26_GEM_2024
09471195,09471,Strullendorf,09,2024,1525.6,published_numeric,DE_ATLAS_HA26_GEM_2024
09471207,09471,Viereth-Trunstadt,09,2024,1167.3,published_numeric,DE_ATLAS_HA26_GEM_2024
09471208,09471,Walsdorf,09,2024,1022.9,published_numeric,DE_ATLAS_HA26_GEM_2024
09471209,09471,Wattendorf,09,2024,1103.6,published_numeric,DE_ATLAS_HA26_GEM_2024
09471214,09471,"Zapfendorf, M",09,2024,1196.8,published_numeric,DE_ATLAS_HA26_GEM_2024
09471220,09471,"Schlüsselfeld, St",09,2024,2955.5,published_numeric,DE_ATLAS_HA26_GEM_2024
09471452,09471,Ebracher Forst,09,2024,,published_missing_sentinel,DE_ATLAS_HA26_GEM_2024
09471453,09471,Eichwald,09,2024,,published_missing_sentinel,DE_ATLAS_HA26_GEM_2024
09471454,09471,Geisberger Forst,09,2024,,published_missing_sentinel,DE_ATLAS_HA26_GEM_2024
09471455,09471,Hauptsmoor,09,2024,,published_missing_sentinel,DE_ATLAS_HA26_GEM_2024
09471456,09471,Koppenwinder Forst,09,2024,,published_missing_sentinel,DE_ATLAS_HA26_GEM_2024
09471457,09471,Lindach,09,2024,,published_missing_sentinel,DE_ATLAS_HA26_GEM_2024
09471459,09471,Semberg,09,2024,,published_missing_sentinel,DE_ATLAS_HA26_GEM_2024
09471460,09471,Steinachsrangen,09,2024,,published_missing_sentinel,DE_ATLAS_HA26_GEM_2024
09471461,09471,Winkelhofer Forst,09,2024,,published_missing_sentinel,DE_ATLAS_HA26_GEM_2024
09471462,09471,Zückshuter Forst,09,2024,,published_missing_sentinel,DE_ATLAS_HA26_GEM_2024
09472111,09472,Ahorntal,09,2024,982.2,published_numeric,DE_ATLAS_HA26_GEM_2024
09472115,09472,Aufseß,09,2024,1049.8,published_numeric,DE_ATLAS_HA26_GEM_2024
09472116,09472,"Bad Berneck i.Fichtelgebirge, St",09,2024,1168.8,published_numeric,DE_ATLAS_HA26_GEM_2024
09472118,09472,"Betzenstein, St",09,2024,1220.3,published_numeric,DE_ATLAS_HA26_GEM_2024
09472119,09472,Bindlach,09,2024,1939.4,published_numeric,DE_ATLAS_HA26_GEM_2024
09472121,09472,Bischofsgrün,09,2024,896.8,published_numeric,DE_ATLAS_HA26_GEM_2024
09472127,09472,"Creußen, St",09,2024,1492.6,published_numeric,DE_ATLAS_HA26_GEM_2024
09472131,09472,Eckersdorf,09,2024,1135.8,published_numeric,DE_ATLAS_HA26_GEM_2024
09472133,09472,Emtmannsberg,09,2024,1132.4,published_numeric,DE_ATLAS_HA26_GEM_2024
09472138,09472,Fichtelberg,09,2024,1118.7,published_numeric,DE_ATLAS_HA26_GEM_2024
09472139,09472,"Gefrees, St",09,2024,1048.7,published_numeric,DE_ATLAS_HA26_GEM_2024
09472140,09472,Gesees,09,2024,2713.9,published_numeric,DE_ATLAS_HA26_GEM_2024
09472141,09472,Glashütten,09,2024,1038.1,published_numeric,DE_ATLAS_HA26_GEM_2024
09472143,09472,"Goldkronach, St",09,2024,1044.7,published_numeric,DE_ATLAS_HA26_GEM_2024
09472146,09472,Haag,09,2024,1192,published_numeric,DE_ATLAS_HA26_GEM_2024
09472150,09472,Heinersreuth,09,2024,1342.4,published_numeric,DE_ATLAS_HA26_GEM_2024
09472154,09472,"Hollfeld, St",09,2024,1200.2,published_numeric,DE_ATLAS_HA26_GEM_2024
09472155,09472,Hummeltal,09,2024,1628.8,published_numeric,DE_ATLAS_HA26_GEM_2024
09472156,09472,Kirchenpingarten,09,2024,860.3,published_numeric,DE_ATLAS_HA26_GEM_2024
09472164,09472,Mehlmeisel,09,2024,773.9,published_numeric,DE_ATLAS_HA26_GEM_2024
09472166,09472,Mistelbach,09,2024,1262.2,published_numeric,DE_ATLAS_HA26_GEM_2024
09472167,09472,Mistelgau,09,2024,1218.5,published_numeric,DE_ATLAS_HA26_GEM_2024
09472175,09472,"Pegnitz, St",09,2024,1372.5,published_numeric,DE_ATLAS_HA26_GEM_2024
09472176,09472,Plankenfels,09,2024,1436.3,published_numeric,DE_ATLAS_HA26_GEM_2024
09472177,09472,"Plech, M",09,2024,1424.5,published_numeric,DE_ATLAS_HA26_GEM_2024
09472179,09472,"Pottenstein, St",09,2024,1404,published_numeric,DE_ATLAS_HA26_GEM_2024
09472180,09472,Prebitz,09,2024,1034.9,published_numeric,DE_ATLAS_HA26_GEM_2024
09472184,09472,"Schnabelwaid, M",09,2024,1008.8,published_numeric,DE_ATLAS_HA26_GEM_2024
09472188,09472,Seybothenreuth,09,2024,1073.9,published_numeric,DE_ATLAS_HA26_GEM_2024
09472190,09472,Speichersdorf,09,2024,1127.2,published_numeric,DE_ATLAS_HA26_GEM_2024
09472197,09472,"Waischenfeld, St",09,2024,1270.8,published_numeric,DE_ATLAS_HA26_GEM_2024
09472198,09472,Warmensteinach,09,2024,1309,published_numeric,DE_ATLAS_HA26_GEM_2024
09472199,09472,"Weidenberg, M",09,2024,1177.8,published_numeric,DE_ATLAS_HA26_GEM_2024
09472451,09472,Bischofsgrüner Forst,09,2024,,published_missing_sentinel,DE_ATLAS_HA26_GEM_2024
09472453,09472,Fichtelberg,09,2024,,published_missing_sentinel,DE_ATLAS_HA26_GEM_2024
09472454,09472,Forst Neustädtlein a.Forst,09,2024,,published_missing_sentinel,DE_ATLAS_HA26_GEM_2024
09472456,09472,Glashüttener Forst,09,2024,,published_missing_sentinel,DE_ATLAS_HA26_GEM_2024
09472458,09472,Heinersreuther Forst,09,2024,,published_missing_sentinel,DE_ATLAS_HA26_GEM_2024
09472463,09472,Neubauer Forst-Nord,09,2024,,published_missing_sentinel,DE_ATLAS_HA26_GEM_2024
09472464,09472,Prüll,09,2024,,published_missing_sentinel,DE_ATLAS_HA26_GEM_2024
09472468,09472,Veldensteinerforst,09,2024,,published_missing_sentinel,DE_ATLAS_HA26_GEM_2024
09472469,09472,Waidacher Forst,09,2024,,published_missing_sentinel,DE_ATLAS_HA26_GEM_2024
09472470,09472,Warmensteinacher Forst-Nord,09,2024,,published_missing_sentinel,DE_ATLAS_HA26_GEM_2024
09473112,09473,Ahorn,09,2024,1229.4,published_numeric,DE_ATLAS_HA26_GEM_2024
09473120,09473,Dörfles-Esbach,09,2024,1490.1,published_numeric,DE_ATLAS_HA26_GEM_2024
09473121,09473,Ebersdorf b.Coburg,09,2024,1694.9,published_numeric,DE_ATLAS_HA26_GEM_2024
09473132,09473,Großheirath,09,2024,1735.8,published_numeric,DE_ATLAS_HA26_GEM_2024
09473134,09473,Grub a.Forst,09,2024,1442.3,published_numeric,DE_ATLAS_HA26_GEM_2024
09473138,09473,Itzgrund,09,2024,941.3,published_numeric,DE_ATLAS_HA26_GEM_2024
09473141,09473,Lautertal,09,2024,1318.6,published_numeric,DE_ATLAS_HA26_GEM_2024
09473144,09473,Meeder,09,2024,1181.7,published_numeric,DE_ATLAS_HA26_GEM_2024
09473151,09473,"Neustadt b.Coburg, GKSt",09,2024,1337,published_numeric,DE_ATLAS_HA26_GEM_2024
09473153,09473,Niederfüllbach,09,2024,1516.6,published_numeric,DE_ATLAS_HA26_GEM_2024
09473158,09473,"Bad Rodach, St",09,2024,1162.6,published_numeric,DE_ATLAS_HA26_GEM_2024
09473159,09473,"Rödental, St",09,2024,1405.7,published_numeric,DE_ATLAS_HA26_GEM_2024
09473165,09473,"Seßlach, St",09,2024,1375.1,published_numeric,DE_ATLAS_HA26_GEM_2024
09473166,09473,Sonnefeld,09,2024,1651.1,published_numeric,DE_ATLAS_HA26_GEM_2024
09473170,09473,Untersiemau,09,2024,1819,published_numeric,DE_ATLAS_HA26_GEM_2024
09473174,09473,Weidhausen b.Coburg,09,2024,1180.6,published_numeric,DE_ATLAS_HA26_GEM_2024
09473175,09473,Weitramsdorf,09,2024,1001.4,published_numeric,DE_ATLAS_HA26_GEM_2024
09473452,09473,Callenberger Forst-West,09,2024,,published_missing_sentinel,DE_ATLAS_HA26_GEM_2024
09473453,09473,Gellnhausen,09,2024,,published_missing_sentinel,DE_ATLAS_HA26_GEM_2024
09473454,09473,Köllnholz,09,2024,,published_missing_sentinel,DE_ATLAS_HA26_GEM_2024
09474119,09474,Dormitz,09,2024,1184.7,published_numeric,DE_ATLAS_HA26_GEM_2024
09474121,09474,"Ebermannstadt, St",09,2024,1558.9,published_numeric,DE_ATLAS_HA26_GEM_2024
09474122,09474,Effeltrich,09,2024,1553.9,published_numeric,DE_ATLAS_HA26_GEM_2024
09474123,09474,"Eggolsheim, M",09,2024,1714.2,published_numeric,DE_ATLAS_HA26_GEM_2024
09474124,09474,"Egloffstein, M",09,2024,1047,published_numeric,DE_ATLAS_HA26_GEM_2024
09474126,09474,"Forchheim, GKSt",09,2024,1027.1,published_numeric,DE_ATLAS_HA26_GEM_2024
09474129,09474,"Gößweinstein, M",09,2024,970.6,published_numeric,DE_ATLAS_HA26_GEM_2024
09474132,09474,"Gräfenberg, St",09,2024,1358.2,published_numeric,DE_ATLAS_HA26_GEM_2024
09474133,09474,Hallerndorf,09,2024,1524.7,published_numeric,DE_ATLAS_HA26_GEM_2024
09474134,09474,Hausen,09,2024,1418.4,published_numeric,DE_ATLAS_HA26_GEM_2024
09474135,09474,Heroldsbach,09,2024,1265.9,published_numeric,DE_ATLAS_HA26_GEM_2024
09474137,09474,Hetzles,09,2024,1334.8,published_numeric,DE_ATLAS_HA26_GEM_2024
09474138,09474,"Hiltpoltstein, M",09,2024,1287.8,published_numeric,DE_ATLAS_HA26_GEM_2024
09474140,09474,"Igensdorf, M",09,2024,1199.2,published_numeric,DE_ATLAS_HA26_GEM_2024
09474143,09474,Kirchehrenbach,09,2024,1712.1,published_numeric,DE_ATLAS_HA26_GEM_2024
09474144,09474,Kleinsendelbach,09,2024,1448.6,published_numeric,DE_ATLAS_HA26_GEM_2024
09474145,09474,Kunreuth,09,2024,1059.6,published_numeric,DE_ATLAS_HA26_GEM_2024
09474146,09474,Langensendelbach,09,2024,1546.5,published_numeric,DE_ATLAS_HA26_GEM_2024
09474147,09474,Leutenbach,09,2024,1280.9,published_numeric,DE_ATLAS_HA26_GEM_2024
09474154,09474,"Neunkirchen a.Brand, M",09,2024,1569.3,published_numeric,DE_ATLAS_HA26_GEM_2024
09474156,09474,Obertrubach,09,2024,1449.1,published_numeric,DE_ATLAS_HA26_GEM_2024
09474158,09474,Pinzberg,09,2024,1185,published_numeric,DE_ATLAS_HA26_GEM_2024
09474160,09474,Poxdorf,09,2024,1278.9,published_numeric,DE_ATLAS_HA26_GEM_2024
09474161,09474,"Pretzfeld, M",09,2024,1262.7,published_numeric,DE_ATLAS_HA26_GEM_2024
09474168,09474,Unterleinleiter,09,2024,858.7,published_numeric,DE_ATLAS_HA26_GEM_2024
09474171,09474,Weilersbach,09,2024,1102.1,published_numeric,DE_ATLAS_HA26_GEM_2024
09474173,09474,Weißenohe,09,2024,2002.5,published_numeric,DE_ATLAS_HA26_GEM_2024
09474175,09474,Wiesenthau,09,2024,1029.6,published_numeric,DE_ATLAS_HA26_GEM_2024
09474176,09474,"Wiesenttal, M",09,2024,1218.5,published_numeric,DE_ATLAS_HA26_GEM_2024
09475112,09475,"Bad Steben, M",09,2024,1135.7,published_numeric,DE_ATLAS_HA26_GEM_2024
09475113,09475,Berg,09,2024,2234.3,published_numeric,DE_ATLAS_HA26_GEM_2024
09475120,09475,Döhlau,09,2024,1347.5,published_numeric,DE_ATLAS_HA26_GEM_2024
09475123,09475,Feilitzsch,09,2024,1124.6,published_numeric,DE_ATLAS_HA26_GEM_2024
09475127,09475,Gattendorf,09,2024,3188,published_numeric,DE_ATLAS_HA26_GEM_2024
09475128,09475,Geroldsgrün,09,2024,794.3,published_numeric,DE_ATLAS_HA26_GEM_2024
09475136,09475,"Helmbrechts, St",09,2024,1573.3,published_numeric,DE_ATLAS_HA26_GEM_2024
09475137,09475,Issigau,09,2024,1401.8,published_numeric,DE_ATLAS_HA26_GEM_2024
09475141,09475,Köditz,09,2024,1203.1,published_numeric,DE_ATLAS_HA26_GEM_2024
09475142,09475,Konradsreuth,09,2024,1198.4,published_numeric,DE_ATLAS_HA26_GEM_2024
09475145,09475,Leupoldsgrün,09,2024,1139.8,published_numeric,DE_ATLAS_HA26_GEM_2024
09475146,09475,"Lichtenberg, St",09,2024,1175.2,published_numeric,DE_ATLAS_HA26_GEM_2024
09475154,09475,"Münchberg, St",09,2024,1329.2,published_numeric,DE_ATLAS_HA26_GEM_2024
09475156,09475,"Naila, St",09,2024,1322.7,published_numeric,DE_ATLAS_HA26_GEM_2024
09475158,09475,"Oberkotzau, M",09,2024,1156.3,published_numeric,DE_ATLAS_HA26_GEM_2024
09475161,09475,Regnitzlosau,09,2024,972,published_numeric,DE_ATLAS_HA26_GEM_2024
09475162,09475,"Rehau, St",09,2024,1661.8,published_numeric,DE_ATLAS_HA26_GEM_2024
09475165,09475,"Schauenstein, St",09,2024,1223.6,published_numeric,DE_ATLAS_HA26_GEM_2024
09475168,09475,"Schwarzenbach a.d.Saale, St",09,2024,1420.1,published_numeric,DE_ATLAS_HA26_GEM_2024
09475169,09475,"Schwarzenbach a.Wald, St",09,2024,945.4,published_numeric,DE_ATLAS_HA26_GEM_2024
09475171,09475,"Selbitz, St",09,2024,2146.5,published_numeric,DE_ATLAS_HA26_GEM_2024
09475174,09475,"Sparneck, M",09,2024,922,published_numeric,DE_ATLAS_HA26_GEM_2024
09475175,09475,"Stammbach, M",09,2024,1105.2,published_numeric,DE_ATLAS_HA26_GEM_2024
09475181,09475,Töpen,09,2024,6302.6,published_numeric,DE_ATLAS_HA26_GEM_2024
09475182,09475,Trogen,09,2024,975.8,published_numeric,DE_ATLAS_HA26_GEM_2024
09475184,09475,Weißdorf,09,2024,1104.5,published_numeric,DE_ATLAS_HA26_GEM_2024
09475189,09475,"Zell im Fichtelgebirge, M",09,2024,996.1,published_numeric,DE_ATLAS_HA26_GEM_2024
09475451,09475,Forst Schwarzenbach a.Wald,09,2024,,published_missing_sentinel,DE_ATLAS_HA26_GEM_2024
09475452,09475,Gerlaser Forst,09,2024,,published_missing_sentinel,DE_ATLAS_HA26_GEM_2024
09475453,09475,Geroldsgrüner Forst,09,2024,,published_missing_sentinel,DE_ATLAS_HA26_GEM_2024
09475454,09475,Martinlamitzer Forst-Nord,09,2024,,published_missing_sentinel,DE_ATLAS_HA26_GEM_2024
09476145,09476,"Kronach, St",09,2024,1654.1,published_numeric,DE_ATLAS_HA26_GEM_2024
09476146,09476,"Küps, M",09,2024,1350,published_numeric,DE_ATLAS_HA26_GEM_2024
09476152,09476,"Ludwigsstadt, St",09,2024,1393.4,published_numeric,DE_ATLAS_HA26_GEM_2024
09476154,09476,"Mitwitz, M",09,2024,1007.6,published_numeric,DE_ATLAS_HA26_GEM_2024
09476159,09476,"Nordhalben, M",09,2024,864.3,published_numeric,DE_ATLAS_HA26_GEM_2024
09476164,09476,"Pressig, M",09,2024,1331.5,published_numeric,DE_ATLAS_HA26_GEM_2024
09476166,09476,Reichenbach,09,2024,1199.4,published_numeric,DE_ATLAS_HA26_GEM_2024
09476171,09476,Schneckenlohe,09,2024,953.1,published_numeric,DE_ATLAS_HA26_GEM_2024
09476175,09476,Steinbach a.Wald,09,2024,3780,published_numeric,DE_ATLAS_HA26_GEM_2024
09476177,09476,"Steinwiesen, M",09,2024,1062.8,published_numeric,DE_ATLAS_HA26_GEM_2024
09476178,09476,Stockheim,09,2024,1218.7,published_numeric,DE_ATLAS_HA26_GEM_2024
09476179,09476,"Tettau, M",09,2024,3970.6,published_numeric,DE_ATLAS_HA26_GEM_2024
09476180,09476,"Teuschnitz, St",09,2024,918.3,published_numeric,DE_ATLAS_HA26_GEM_2024
09476182,09476,Tschirn,09,2024,1093.3,published_numeric,DE_ATLAS_HA26_GEM_2024
09476183,09476,"Marktrodach, M",09,2024,1615.9,published_numeric,DE_ATLAS_HA26_GEM_2024
09476184,09476,"Wallenfels, St",09,2024,2449.5,published_numeric,DE_ATLAS_HA26_GEM_2024
09476185,09476,Weißenbrunn,09,2024,1069.5,published_numeric,DE_ATLAS_HA26_GEM_2024
09476189,09476,Wilhelmsthal,09,2024,947.3,published_numeric,DE_ATLAS_HA26_GEM_2024
09476451,09476,Birnbaum,09,2024,,published_missing_sentinel,DE_ATLAS_HA26_GEM_2024
09476453,09476,Langenbacher Forst,09,2024,,published_missing_sentinel,DE_ATLAS_HA26_GEM_2024
09477117,09477,"Grafengehaig, M",09,2024,976.4,published_numeric,DE_ATLAS_HA26_GEM_2024
09477118,09477,Guttenberg,09,2024,1392.3,published_numeric,DE_ATLAS_HA26_GEM_2024
09477119,09477,Harsdorf,09,2024,1133.7,published_numeric,DE_ATLAS_HA26_GEM_2024
09477121,09477,Himmelkron,09,2024,1558,published_numeric,DE_ATLAS_HA26_GEM_2024
09477124,09477,"Kasendorf, M",09,2024,1522.9,published_numeric,DE_ATLAS_HA26_GEM_2024
09477127,09477,Ködnitz,09,2024,1014.8,published_numeric,DE_ATLAS_HA26_GEM_2024
09477128,09477,"Kulmbach, GKSt",09,2024,2033.9,published_numeric,DE_ATLAS_HA26_GEM_2024
09477129,09477,"Kupferberg, St",09,2024,1002,published_numeric,DE_ATLAS_HA26_GEM_2024
09477135,09477,"Ludwigschorgast, M",09,2024,1070.5,published_numeric,DE_ATLAS_HA26_GEM_2024
09477136,09477,"Mainleus, M",09,2024,1118.3,published_numeric,DE_ATLAS_HA26_GEM_2024
09477138,09477,"Marktleugast, M",09,2024,866.5,published_numeric,DE_ATLAS_HA26_GEM_2024
09477139,09477,"Marktschorgast, M",09,2024,2404.3,published_numeric,DE_ATLAS_HA26_GEM_2024
09477142,09477,Neudrossenfeld,09,2024,1298.4,published_numeric,DE_ATLAS_HA26_GEM_2024
09477143,09477,Neuenmarkt,09,2024,1124.6,published_numeric,DE_ATLAS_HA26_GEM_2024
09477148,09477,"Presseck, M",09,2024,1084.5,published_numeric,DE_ATLAS_HA26_GEM_2024
09477151,09477,Rugendorf,09,2024,4047.1,published_numeric,DE_ATLAS_HA26_GEM_2024
09477156,09477,"Stadtsteinach, St",09,2024,1315,published_numeric,DE_ATLAS_HA26_GEM_2024
09477157,09477,"Thurnau, M",09,2024,1781.9,published_numeric,DE_ATLAS_HA26_GEM_2024
09477158,09477,Trebgast,09,2024,1150.7,published_numeric,DE_ATLAS_HA26_GEM_2024
09477159,09477,Untersteinach,09,2024,2702.9,published_numeric,DE_ATLAS_HA26_GEM_2024
09477163,09477,"Wirsberg, M",09,2024,963.5,published_numeric,DE_ATLAS_HA26_GEM_2024
09477164,09477,"Wonsees, M",09,2024,1832.5,published_numeric,DE_ATLAS_HA26_GEM_2024
09478111,09478,Altenkunstadt,09,2024,1291.6,published_numeric,DE_ATLAS_HA26_GEM_2024
09478116,09478,"Burgkunstadt, St",09,2024,1795.5,published_numeric,DE_ATLAS_HA26_GEM_2024
09478120,09478,"Ebensfeld, M",09,2024,1424.4,published_numeric,DE_ATLAS_HA26_GEM_2024
09478127,09478,Hochstadt a.Main,09,2024,1075.6,published_numeric,DE_ATLAS_HA26_GEM_2024
09478139,09478,"Lichtenfels, St",09,2024,1318,published_numeric,DE_ATLAS_HA26_GEM_2024
09478143,09478,"Marktgraitz, M",09,2024,1028,published_numeric,DE_ATLAS_HA26_GEM_2024
09478144,09478,"Marktzeuln, M",09,2024,1119.9,published_numeric,DE_ATLAS_HA26_GEM_2024
09478145,09478,Michelau i.OFr.,09,2024,1324.8,published_numeric,DE_ATLAS_HA26_GEM_2024
09478155,09478,Redwitz a.d.Rodach,09,2024,1591,published_numeric,DE_ATLAS_HA26_GEM_2024
09478165,09478,"Bad Staffelstein, St",09,2024,1581,published_numeric,DE_ATLAS_HA26_GEM_2024
09478176,09478,"Weismain, St",09,2024,1628.5,published_numeric,DE_ATLAS_HA26_GEM_2024
09478451,09478,Breitengüßbacher Forst,09,2024,,published_missing_sentinel,DE_ATLAS_HA26_GEM_2024
09478453,09478,Neuensorger Forst,09,2024,,published_missing_sentinel,DE_ATLAS_HA26_GEM_2024
09479111,09479,Bad Alexandersbad,09,2024,1203.8,published_numeric,DE_ATLAS_HA26_GEM_2024
09479112,09479,"Arzberg, St",09,2024,954.2,published_numeric,DE_ATLAS_HA26_GEM_2024
09479126,09479,Höchstädt i.Fichtelgebirge,09,2024,1001.3,published_numeric,DE_ATLAS_HA26_GEM_2024
09479127,09479,"Hohenberg a.d.Eger, St",09,2024,1423.2,published_numeric,DE_ATLAS_HA26_GEM_2024
09479129,09479,"Kirchenlamitz, St",09,2024,880.7,published_numeric,DE_ATLAS_HA26_GEM_2024
09479135,09479,"Marktleuthen, St",09,2024,1002.3,published_numeric,DE_ATLAS_HA26_GEM_2024
09479136,09479,"Marktredwitz, GKSt",09,2024,2705.1,published_numeric,DE_ATLAS_HA26_GEM_2024
09479138,09479,Nagel,09,2024,879.8,published_numeric,DE_ATLAS_HA26_GEM_2024
09479145,09479,Röslau,09,2024,1622.9,published_numeric,DE_ATLAS_HA26_GEM_2024
09479147,09479,"Schirnding, M",09,2024,818.9,published_numeric,DE_ATLAS_HA26_GEM_2024
09479150,09479,"Schönwald, St",09,2024,978.8,published_numeric,DE_ATLAS_HA26_GEM_2024
09479152,09479,"Selb, GKSt",09,2024,1711.7,published_numeric,DE_ATLAS_HA26_GEM_2024
09479158,09479,"Thiersheim, M",09,2024,1118.5,published_numeric,DE_ATLAS_HA26_GEM_2024
09479159,09479,"Thierstein, M",09,2024,1914.9,published_numeric,DE_ATLAS_HA26_GEM_2024
09479161,09479,Tröstau,09,2024,1144.1,published_numeric,DE_ATLAS_HA26_GEM_2024
09479166,09479,"Weißenstadt, St",09,2024,1160.8,published_numeric,DE_ATLAS_HA26_GEM_2024
09479169,09479,"Wunsiedel, St",09,2024,1381.9,published_numeric,DE_ATLAS_HA26_GEM_2024
09479453,09479,Kaiserhammer Forst-Ost,09,2024,,published_missing_sentinel,DE_ATLAS_HA26_GEM_2024
09479455,09479,Martinlamitzer Forst-Süd,09,2024,,published_missing_sentinel,DE_ATLAS_HA26_GEM_2024
09479456,09479,Meierhöfer Seite,09,2024,,published_missing_sentinel,DE_ATLAS_HA26_GEM_2024
09479457,09479,Neubauer Forst-Süd,09,2024,,published_missing_sentinel,DE_ATLAS_HA26_GEM_2024
09479459,09479,Tröstauer Forst-Ost,09,2024,,published_missing_sentinel,DE_ATLAS_HA26_GEM_2024
09479460,09479,Tröstauer Forst-West,09,2024,,published_missing_sentinel,DE_ATLAS_HA26_GEM_2024
09479461,09479,Vordorfer Forst,09,2024,,published_missing_sentinel,DE_ATLAS_HA26_GEM_2024
09479462,09479,Weißenstadter Forst-Nord,09,2024,,published_missing_sentinel,DE_ATLAS_HA26_GEM_2024
09479463,09479,Weißenstadter Forst-Süd,09,2024,,published_missing_sentinel,DE_ATLAS_HA26_GEM_2024
09561000,09561,Ansbach,09,2024,1855,published_numeric,DE_ATLAS_HA26_GEM_2024
09562000,09562,Erlangen,09,2024,1721.5,published_numeric,DE_ATLAS_HA26_GEM_2024
09563000,09563,Fürth,09,2024,1598.7,published_numeric,DE_ATLAS_HA26_GEM_2024
09564000,09564,Nürnberg,09,2024,2050.4,published_numeric,DE_ATLAS_HA26_GEM_2024
09565000,09565,Schwabach,09,2024,1859.9,published_numeric,DE_ATLAS_HA26_GEM_2024
09571111,09571,Adelshofen,09,2024,1258.7,published_numeric,DE_ATLAS_HA26_GEM_2024
09571113,09571,"Arberg, M",09,2024,917.9,published_numeric,DE_ATLAS_HA26_GEM_2024
09571114,09571,Aurach,09,2024,1583.2,published_numeric,DE_ATLAS_HA26_GEM_2024
09571115,09571,"Bechhofen, M",09,2024,1331.1,published_numeric,DE_ATLAS_HA26_GEM_2024
09571122,09571,Bruckberg,09,2024,886,published_numeric,DE_ATLAS_HA26_GEM_2024
09571125,09571,Buch a.Wald,09,2024,1338.4,published_numeric,DE_ATLAS_HA26_GEM_2024
09571127,09571,Burgoberbach,09,2024,1450,published_numeric,DE_ATLAS_HA26_GEM_2024
09571128,09571,Burk,09,2024,1233.2,published_numeric,DE_ATLAS_HA26_GEM_2024
09571130,09571,"Colmberg, M",09,2024,1268.1,published_numeric,DE_ATLAS_HA26_GEM_2024
09571132,09571,"Dentlein a.Forst, M",09,2024,963.4,published_numeric,DE_ATLAS_HA26_GEM_2024
09571134,09571,Diebach,09,2024,709.3,published_numeric,DE_ATLAS_HA26_GEM_2024
09571135,09571,"Dietenhofen, M",09,2024,1395.8,published_numeric,DE_ATLAS_HA26_GEM_2024
09571136,09571,"Dinkelsbühl, GKSt",09,2024,2046.8,published_numeric,DE_ATLAS_HA26_GEM_2024
09571137,09571,"Dombühl, M",09,2024,1084,published_numeric,DE_ATLAS_HA26_GEM_2024
09571139,09571,"Dürrwangen, M",09,2024,1094.9,published_numeric,DE_ATLAS_HA26_GEM_2024
09571141,09571,Ehingen,09,2024,1112.2,published_numeric,DE_ATLAS_HA26_GEM_2024
09571145,09571,"Feuchtwangen, St",09,2024,1632.8,published_numeric,DE_ATLAS_HA26_GEM_2024
09571146,09571,"Flachslanden, M",09,2024,1225.1,published_numeric,DE_ATLAS_HA26_GEM_2024
09571152,09571,Gebsattel,09,2024,1019.1,published_numeric,DE_ATLAS_HA26_GEM_2024
09571154,09571,Gerolfingen,09,2024,1024.1,published_numeric,DE_ATLAS_HA26_GEM_2024
09571155,09571,Geslau,09,2024,2617,published_numeric,DE_ATLAS_HA26_GEM_2024
09571165,09571,"Heilsbronn, St",09,2024,1657.7,published_numeric,DE_ATLAS_HA26_GEM_2024
09571166,09571,"Herrieden, St",09,2024,2731.3,published_numeric,DE_ATLAS_HA26_GEM_2024
09571169,09571,Insingen,09,2024,860,published_numeric,DE_ATLAS_HA26_GEM_2024
09571170,09571,Langfurth,09,2024,1194.1,published_numeric,DE_ATLAS_HA26_GEM_2024
09571171,09571,"Lehrberg, M",09,2024,1151.8,published_numeric,DE_ATLAS_HA26_GEM_2024
09571174,09571,"Leutershausen, St",09,2024,1950.3,published_numeric,DE_ATLAS_HA26_GEM_2024
09571175,09571,"Lichtenau, M",09,2024,1417,published_numeric,DE_ATLAS_HA26_GEM_2024
09571177,09571,"Merkendorf, St",09,2024,1668.5,published_numeric,DE_ATLAS_HA26_GEM_2024
09571178,09571,Mitteleschenbach,09,2024,1115.5,published_numeric,DE_ATLAS_HA26_GEM_2024
09571179,09571,Mönchsroth,09,2024,1102.2,published_numeric,DE_ATLAS_HA26_GEM_2024
09571180,09571,Neuendettelsau,09,2024,1261.8,published_numeric,DE_ATLAS_HA26_GEM_2024
09571181,09571,Neusitz,09,2024,1312.1,published_numeric,DE_ATLAS_HA26_GEM_2024
09571183,09571,Oberdachstetten,09,2024,1113.7,published_numeric,DE_ATLAS_HA26_GEM_2024
09571188,09571,Ohrenbach,09,2024,1845.6,published_numeric,DE_ATLAS_HA26_GEM_2024
09571189,09571,"Ornbau, St",09,2024,1141.2,published_numeric,DE_ATLAS_HA26_GEM_2024
09571190,09571,Petersaurach,09,2024,1138.1,published_numeric,DE_ATLAS_HA26_GEM_2024
09571192,09571,Röckingen,09,2024,1008.5,published_numeric,DE_ATLAS_HA26_GEM_2024
09571193,09571,"Rothenburg ob der Tauber, GKSt",09,2024,1768.4,published_numeric,DE_ATLAS_HA26_GEM_2024
09571194,09571,Rügland,09,2024,1353.1,published_numeric,DE_ATLAS_HA26_GEM_2024
09571196,09571,Sachsen b.Ansbach,09,2024,1225.5,published_numeric,DE_ATLAS_HA26_GEM_2024
09571198,09571,"Schillingsfürst, St",09,2024,1507.1,published_numeric,DE_ATLAS_HA26_GEM_2024
09571199,09571,Schnelldorf,09,2024,2235.1,published_numeric,DE_ATLAS_HA26_GEM_2024
09571200,09571,"Schopfloch, M",09,2024,1186.8,published_numeric,DE_ATLAS_HA26_GEM_2024
09571205,09571,Steinsfeld,09,2024,1720.7,published_numeric,DE_ATLAS_HA26_GEM_2024
09571208,09571,Unterschwaningen,09,2024,1043.3,published_numeric,DE_ATLAS_HA26_GEM_2024
09571214,09571,"Wassertrüdingen, St",09,2024,1504.1,published_numeric,DE_ATLAS_HA26_GEM_2024
09571216,09571,"Weidenbach, M",09,2024,1263.4,published_numeric,DE_ATLAS_HA26_GEM_2024
09571217,09571,Weihenzell,09,2024,1335.4,published_numeric,DE_ATLAS_HA26_GEM_2024
09571218,09571,"Weiltingen, M",09,2024,1150.9,published_numeric,DE_ATLAS_HA26_GEM_2024
09571222,09571,Wettringen,09,2024,1433.4,published_numeric,DE_ATLAS_HA26_GEM_2024
09571223,09571,Wieseth,09,2024,990.6,published_numeric,DE_ATLAS_HA26_GEM_2024
09571224,09571,Wilburgstetten,09,2024,2737.6,published_numeric,DE_ATLAS_HA26_GEM_2024
09571225,09571,Windelsbach,09,2024,1316.8,published_numeric,DE_ATLAS_HA26_GEM_2024
09571226,09571,"Windsbach, St",09,2024,1690.5,published_numeric,DE_ATLAS_HA26_GEM_2024
09571227,09571,Wittelshofen,09,2024,1075.2,published_numeric,DE_ATLAS_HA26_GEM_2024
09571228,09571,Wörnitz,09,2024,1355.3,published_numeric,DE_ATLAS_HA26_GEM_2024
09571229,09571,"Wolframs-Eschenbach, St",09,2024,1284.7,published_numeric,DE_ATLAS_HA26_GEM_2024
09571451,09571,Unterer Wald,09,2024,,published_missing_sentinel,DE_ATLAS_HA26_GEM_2024
09572111,09572,Adelsdorf,09,2024,1405.7,published_numeric,DE_ATLAS_HA26_GEM_2024
09572114,09572,Aurachtal,09,2024,1340.3,published_numeric,DE_ATLAS_HA26_GEM_2024
09572115,09572,"Baiersdorf, St",09,2024,1843.3,published_numeric,DE_ATLAS_HA26_GEM_2024
09572119,09572,Bubenreuth,09,2024,1344,published_numeric,DE_ATLAS_HA26_GEM_2024
09572120,09572,Buckenhof,09,2024,1264,published_numeric,DE_ATLAS_HA26_GEM_2024
09572121,09572,"Eckental, M",09,2024,1458.3,published_numeric,DE_ATLAS_HA26_GEM_2024
09572126,09572,Gremsdorf,09,2024,2108.1,published_numeric,DE_ATLAS_HA26_GEM_2024
09572127,09572,Großenseebach,09,2024,1460.6,published_numeric,DE_ATLAS_HA26_GEM_2024
09572130,09572,Hemhofen,09,2024,1472.9,published_numeric,DE_ATLAS_HA26_GEM_2024
09572131,09572,"Heroldsberg, M",09,2024,1867.6,published_numeric,DE_ATLAS_HA26_GEM_2024
09572132,09572,"Herzogenaurach, St",09,2024,2663.5,published_numeric,DE_ATLAS_HA26_GEM_2024
09572133,09572,Heßdorf,09,2024,1610.2,published_numeric,DE_ATLAS_HA26_GEM_2024
09572135,09572,"Höchstadt a.d.Aisch, St",09,2024,1586.8,published_numeric,DE_ATLAS_HA26_GEM_2024
09572137,09572,Kalchreuth,09,2024,2131.3,published_numeric,DE_ATLAS_HA26_GEM_2024
09572139,09572,"Lonnerstadt, M",09,2024,1279.2,published_numeric,DE_ATLAS_HA26_GEM_2024
09572141,09572,Marloffstein,09,2024,1354.3,published_numeric,DE_ATLAS_HA26_GEM_2024
09572142,09572,Möhrendorf,09,2024,1626.1,published_numeric,DE_ATLAS_HA26_GEM_2024
09572143,09572,"Mühlhausen, M",09,2024,1890.2,published_numeric,DE_ATLAS_HA26_GEM_2024
09572147,09572,Oberreichenbach,09,2024,1428,published_numeric,DE_ATLAS_HA26_GEM_2024
09572149,09572,Röttenbach,09,2024,34234,published_numeric,DE_ATLAS_HA26_GEM_2024
09572154,09572,Spardorf,09,2024,1447.1,published_numeric,DE_ATLAS_HA26_GEM_2024
09572158,09572,Uttenreuth,09,2024,1367.7,published_numeric,DE_ATLAS_HA26_GEM_2024
09572159,09572,"Vestenbergsgreuth, M",09,2024,3290,published_numeric,DE_ATLAS_HA26_GEM_2024
09572160,09572,"Wachenroth, M",09,2024,1304,published_numeric,DE_ATLAS_HA26_GEM_2024
09572164,09572,"Weisendorf, M",09,2024,1650.5,published_numeric,DE_ATLAS_HA26_GEM_2024
09572451,09572,Birkach,09,2024,,published_missing_sentinel,DE_ATLAS_HA26_GEM_2024
09572452,09572,Buckenhofer Forst,09,2024,,published_missing_sentinel,DE_ATLAS_HA26_GEM_2024
09572453,09572,Dormitzer Forst,09,2024,,published_missing_sentinel,DE_ATLAS_HA26_GEM_2024
09572454,09572,Erlenstegener Forst,09,2024,,published_missing_sentinel,DE_ATLAS_HA26_GEM_2024
09572455,09572,Forst Tennenlohe,09,2024,,published_missing_sentinel,DE_ATLAS_HA26_GEM_2024
09572456,09572,Geschaidt,09,2024,,published_missing_sentinel,DE_ATLAS_HA26_GEM_2024
09572457,09572,Kalchreuther Forst,09,2024,,published_missing_sentinel,DE_ATLAS_HA26_GEM_2024
09572458,09572,Kraftshofer Forst,09,2024,,published_missing_sentinel,DE_ATLAS_HA26_GEM_2024
09572459,09572,Mark,09,2024,,published_missing_sentinel,DE_ATLAS_HA26_GEM_2024
09572460,09572,Neunhofer Forst,09,2024,,published_missing_sentinel,DE_ATLAS_HA26_GEM_2024
09573111,09573,"Ammerndorf, M",09,2024,1327.5,published_numeric,DE_ATLAS_HA26_GEM_2024
09573114,09573,"Cadolzburg, M",09,2024,1653.4,published_numeric,DE_ATLAS_HA26_GEM_2024
09573115,09573,Großhabersdorf,09,2024,1230.5,published_numeric,DE_ATLAS_HA26_GEM_2024
09573120,09573,"Langenzenn, St",09,2024,1659.2,published_numeric,DE_ATLAS_HA26_GEM_2024
09573122,09573,"Oberasbach, St",09,2024,1304.5,published_numeric,DE_ATLAS_HA26_GEM_2024
09573123,09573,Obermichelbach,09,2024,1770.8,published_numeric,DE_ATLAS_HA26_GEM_2024
09573124,09573,Puschendorf,09,2024,1172.1,published_numeric,DE_ATLAS_HA26_GEM_2024
09573125,09573,"Roßtal, M",09,2024,1432.8,published_numeric,DE_ATLAS_HA26_GEM_2024
09573126,09573,Seukendorf,09,2024,1412.4,published_numeric,DE_ATLAS_HA26_GEM_2024
09573127,09573,"Stein, St",09,2024,1275.7,published_numeric,DE_ATLAS_HA26_GEM_2024
09573129,09573,Tuchenbach,09,2024,1297.6,published_numeric,DE_ATLAS_HA26_GEM_2024
09573130,09573,Veitsbronn,09,2024,1612.6,published_numeric,DE_ATLAS_HA26_GEM_2024
09573133,09573,"Wilhermsdorf, M",09,2024,1288.9,published_numeric,DE_ATLAS_HA26_GEM_2024
09573134,09573,"Zirndorf, St",09,2024,1411.5,published_numeric,DE_ATLAS_HA26_GEM_2024
09574111,09574,Alfeld,09,2024,1259,published_numeric,DE_ATLAS_HA26_GEM_2024
09574112,09574,"Altdorf b.Nürnberg, St",09,2024,1693.7,published_numeric,DE_ATLAS_HA26_GEM_2024
09574117,09574,Burgthann,09,2024,1523,published_numeric,DE_ATLAS_HA26_GEM_2024
09574120,09574,Engelthal,09,2024,1293.7,published_numeric,DE_ATLAS_HA26_GEM_2024
09574123,09574,"Feucht, M",09,2024,2167.9,published_numeric,DE_ATLAS_HA26_GEM_2024
09574128,09574,Happurg,09,2024,1113.8,published_numeric,DE_ATLAS_HA26_GEM_2024
09574129,09574,Hartenstein,09,2024,886.3,published_numeric,DE_ATLAS_HA26_GEM_2024
09574131,09574,Henfenfeld,09,2024,1182,published_numeric,DE_ATLAS_HA26_GEM_2024
09574132,09574,"Hersbruck, St",09,2024,1677.8,published_numeric,DE_ATLAS_HA26_GEM_2024
09574135,09574,Kirchensittenbach,09,2024,1016,published_numeric,DE_ATLAS_HA26_GEM_2024
09574138,09574,"Lauf a.d.Pegnitz, St",09,2024,1929.9,published_numeric,DE_ATLAS_HA26_GEM_2024
09574139,09574,Leinburg,09,2024,1561.1,published_numeric,DE_ATLAS_HA26_GEM_2024
09574140,09574,"Neuhaus a.d.Pegnitz, M",09,2024,1902.4,published_numeric,DE_ATLAS_HA26_GEM_2024
09574141,09574,Neunkirchen a.Sand,09,2024,1621.8,published_numeric,DE_ATLAS_HA26_GEM_2024
09574145,09574,Offenhausen,09,2024,1745.8,published_numeric,DE_ATLAS_HA26_GEM_2024
09574146,09574,Ottensoos,09,2024,1850.1,published_numeric,DE_ATLAS_HA26_GEM_2024
09574147,09574,Pommelsbrunn,09,2024,1410.4,published_numeric,DE_ATLAS_HA26_GEM_2024
09574150,09574,Reichenschwand,09,2024,2035.5,published_numeric,DE_ATLAS_HA26_GEM_2024
09574152,09574,"Röthenbach a.d.Pegnitz, St",09,2024,2587,published_numeric,DE_ATLAS_HA26_GEM_2024
09574154,09574,Rückersdorf,09,2024,1440.7,published_numeric,DE_ATLAS_HA26_GEM_2024
09574155,09574,"Schnaittach, M",09,2024,1516.2,published_numeric,DE_ATLAS_HA26_GEM_2024
09574156,09574,Schwaig b.Nürnberg,09,2024,3475,published_numeric,DE_ATLAS_HA26_GEM_2024
09574157,09574,Schwarzenbruck,09,2024,1495.2,published_numeric,DE_ATLAS_HA26_GEM_2024
09574158,09574,Simmelsdorf,09,2024,1239.5,published_numeric,DE_ATLAS_HA26_GEM_2024
09574160,09574,"Velden, St",09,2024,1730.8,published_numeric,DE_ATLAS_HA26_GEM_2024
09574161,09574,Vorra,09,2024,827.9,published_numeric,DE_ATLAS_HA26_GEM_2024
09574164,09574,Winkelhaid,09,2024,1337.2,published_numeric,DE_ATLAS_HA26_GEM_2024
09574451,09574,Behringersdorfer Forst,09,2024,,published_missing_sentinel,DE_ATLAS_HA26_GEM_2024
09574452,09574,Brunn,09,2024,,published_missing_sentinel,DE_ATLAS_HA26_GEM_2024
09574453,09574,Engelthaler Forst,09,2024,,published_missing_sentinel,DE_ATLAS_HA26_GEM_2024
09574454,09574,Feuchter Forst,09,2024,,published_missing_sentinel,DE_ATLAS_HA26_GEM_2024
09574455,09574,Fischbach,09,2024,,published_missing_sentinel,DE_ATLAS_HA26_GEM_2024
09574456,09574,Forsthof,09,2024,,published_missing_sentinel,DE_ATLAS_HA26_GEM_2024
09574457,09574,Günthersbühler Forst,09,2024,,published_missing_sentinel,DE_ATLAS_HA26_GEM_2024
09574458,09574,Haimendorfer Forst,09,2024,,published_missing_sentinel,DE_ATLAS_HA26_GEM_2024
09574460,09574,Laufamholzer Forst,09,2024,,published_missing_sentinel,DE_ATLAS_HA26_GEM_2024
09574461,09574,Leinburg,09,2024,,published_missing_sentinel,DE_ATLAS_HA26_GEM_2024
09574462,09574,Rückersdorfer Forst,09,2024,,published_missing_sentinel,DE_ATLAS_HA26_GEM_2024
09574463,09574,Schönberg,09,2024,,published_missing_sentinel,DE_ATLAS_HA26_GEM_2024
09574464,09574,Winkelhaid,09,2024,,published_missing_sentinel,DE_ATLAS_HA26_GEM_2024
09574465,09574,Zerzabelshofer Forst,09,2024,,published_missing_sentinel,DE_ATLAS_HA26_GEM_2024
09575112,09575,"Bad Windsheim, St",09,2024,1390.2,published_numeric,DE_ATLAS_HA26_GEM_2024
09575113,09575,"Baudenbach, M",09,2024,1111.4,published_numeric,DE_ATLAS_HA26_GEM_2024
09575115,09575,"Burgbernheim, St",09,2024,1969.2,published_numeric,DE_ATLAS_HA26_GEM_2024
09575116,09575,"Burghaslach, M",09,2024,1171.1,published_numeric,DE_ATLAS_HA26_GEM_2024
09575117,09575,"Dachsbach, M",09,2024,1231.5,published_numeric,DE_ATLAS_HA26_GEM_2024
09575118,09575,Diespeck,09,2024,1254.1,published_numeric,DE_ATLAS_HA26_GEM_2024
09575119,09575,Dietersheim,09,2024,1366.6,published_numeric,DE_ATLAS_HA26_GEM_2024
09575121,09575,"Emskirchen, M",09,2024,1458.5,published_numeric,DE_ATLAS_HA26_GEM_2024
09575122,09575,Ergersheim,09,2024,2354.5,published_numeric,DE_ATLAS_HA26_GEM_2024
09575124,09575,Gallmersgarten,09,2024,1476.5,published_numeric,DE_ATLAS_HA26_GEM_2024
09575125,09575,Gerhardshofen,09,2024,1374.4,published_numeric,DE_ATLAS_HA26_GEM_2024
09575127,09575,Gollhofen,09,2024,2447.7,published_numeric,DE_ATLAS_HA26_GEM_2024
09575128,09575,Gutenstetten,09,2024,1864.9,published_numeric,DE_ATLAS_HA26_GEM_2024
09575129,09575,Hagenbüchach,09,2024,1134.5,published_numeric,DE_ATLAS_HA26_GEM_2024
09575130,09575,Hemmersheim,09,2024,1829.4,published_numeric,DE_ATLAS_HA26_GEM_2024
09575133,09575,Illesheim,09,2024,1393.3,published_numeric,DE_ATLAS_HA26_GEM_2024
09575134,09575,"Ippesheim, M",09,2024,1452.2,published_numeric,DE_ATLAS_HA26_GEM_2024
09575135,09575,"Ipsheim, M",09,2024,1280.9,published_numeric,DE_ATLAS_HA26_GEM_2024
09575138,09575,Langenfeld,09,2024,1011.3,published_numeric,DE_ATLAS_HA26_GEM_2024
09575143,09575,"Marktbergel, M",09,2024,1152.2,published_numeric,DE_ATLAS_HA26_GEM_2024
09575144,09575,"Markt Bibart, M",09,2024,1508.5,published_numeric,DE_ATLAS_HA26_GEM_2024
09575145,09575,"Markt Erlbach, M",09,2024,1546.1,published_numeric,DE_ATLAS_HA26_GEM_2024
09575146,09575,"Markt Nordheim, M",09,2024,1387.9,published_numeric,DE_ATLAS_HA26_GEM_2024
09575147,09575,"Markt Taschendorf, M",09,2024,1463.8,published_numeric,DE_ATLAS_HA26_GEM_2024
09575150,09575,Münchsteinach,09,2024,1879,published_numeric,DE_ATLAS_HA26_GEM_2024
09575152,09575,"Neuhof a.d.Zenn, M",09,2024,1338.5,published_numeric,DE_ATLAS_HA26_GEM_2024
09575153,09575,"Neustadt a.d.Aisch, St",09,2024,1789.2,published_numeric,DE_ATLAS_HA26_GEM_2024
09575155,09575,Oberickelsheim,09,2024,1412,published_numeric,DE_ATLAS_HA26_GEM_2024
09575156,09575,"Obernzenn, M",09,2024,1082.9,published_numeric,DE_ATLAS_HA26_GEM_2024
09575157,09575,"Oberscheinfeld, M",09,2024,1465.4,published_numeric,DE_ATLAS_HA26_GEM_2024
09575161,09575,"Scheinfeld, St",09,2024,1187.4,published_numeric,DE_ATLAS_HA26_GEM_2024
09575163,09575,Simmershofen,09,2024,1657.7,published_numeric,DE_ATLAS_HA26_GEM_2024
09575165,09575,"Sugenheim, M",09,2024,1194.8,published_numeric,DE_ATLAS_HA26_GEM_2024
09575166,09575,Trautskirchen,09,2024,1000.5,published_numeric,DE_ATLAS_HA26_GEM_2024
09575167,09575,"Uehlfeld, M",09,2024,1555.8,published_numeric,DE_ATLAS_HA26_GEM_2024
09575168,09575,"Uffenheim, St",09,2024,1600.1,published_numeric,DE_ATLAS_HA26_GEM_2024
09575179,09575,Weigenheim,09,2024,834,published_numeric,DE_ATLAS_HA26_GEM_2024
09575181,09575,Wilhelmsdorf,09,2024,1630.2,published_numeric,DE_ATLAS_HA26_GEM_2024
09575451,09575,Osing,09,2024,,published_missing_sentinel,DE_ATLAS_HA26_GEM_2024
09576111,09576,"Abenberg, St",09,2024,1745.1,published_numeric,DE_ATLAS_HA26_GEM_2024
09576113,09576,"Allersberg, M",09,2024,1367.2,published_numeric,DE_ATLAS_HA26_GEM_2024
09576117,09576,Büchenbach,09,2024,3076.2,published_numeric,DE_ATLAS_HA26_GEM_2024
09576121,09576,Georgensgmünd,09,2024,2054.8,published_numeric,DE_ATLAS_HA26_GEM_2024
09576122,09576,"Greding, St",09,2024,1499.4,published_numeric,DE_ATLAS_HA26_GEM_2024
09576126,09576,"Heideck, St",09,2024,1265.3,published_numeric,DE_ATLAS_HA26_GEM_2024
09576127,09576,"Hilpoltstein, St",09,2024,1722.1,published_numeric,DE_ATLAS_HA26_GEM_2024
09576128,09576,Kammerstein,09,2024,1935,published_numeric,DE_ATLAS_HA26_GEM_2024
09576132,09576,"Schwanstetten, M",09,2024,1166.1,published_numeric,DE_ATLAS_HA26_GEM_2024
09576137,09576,Rednitzhembach,09,2024,1840.9,published_numeric,DE_ATLAS_HA26_GEM_2024
09576141,09576,Röttenbach,09,2024,1899.3,published_numeric,DE_ATLAS_HA26_GEM_2024
09576142,09576,Rohr,09,2024,1298.4,published_numeric,DE_ATLAS_HA26_GEM_2024
09576143,09576,"Roth, St",09,2024,1746.6,published_numeric,DE_ATLAS_HA26_GEM_2024
09576147,09576,"Spalt, St",09,2024,1499.6,published_numeric,DE_ATLAS_HA26_GEM_2024
09576148,09576,"Thalmässing, M",09,2024,1448.9,published_numeric,DE_ATLAS_HA26_GEM_2024
09576151,09576,"Wendelstein, M",09,2024,2270.2,published_numeric,DE_ATLAS_HA26_GEM_2024
09576451,09576,Abenberger Wald,09,2024,,published_missing_sentinel,DE_ATLAS_HA26_GEM_2024
09576452,09576,Dechenwald,09,2024,,published_missing_sentinel,DE_ATLAS_HA26_GEM_2024
09576453,09576,Forst Kleinschwarzenlohe,09,2024,,published_missing_sentinel,DE_ATLAS_HA26_GEM_2024
09576454,09576,Heidenberg,09,2024,,published_missing_sentinel,DE_ATLAS_HA26_GEM_2024
09576455,09576,Soos,09,2024,,published_missing_sentinel,DE_ATLAS_HA26_GEM_2024
09577111,09577,"Absberg, M",09,2024,1031.9,published_numeric,DE_ATLAS_HA26_GEM_2024
09577113,09577,Alesheim,09,2024,1213.6,published_numeric,DE_ATLAS_HA26_GEM_2024
09577114,09577,Muhr a.See,09,2024,1171.5,published_numeric,DE_ATLAS_HA26_GEM_2024
09577115,09577,Bergen,09,2024,1515.5,published_numeric,DE_ATLAS_HA26_GEM_2024
09577120,09577,Burgsalach,09,2024,1611.8,published_numeric,DE_ATLAS_HA26_GEM_2024
09577122,09577,Dittenheim,09,2024,2308.9,published_numeric,DE_ATLAS_HA26_GEM_2024
09577125,09577,"Ellingen, St",09,2024,1169,published_numeric,DE_ATLAS_HA26_GEM_2024
09577127,09577,Ettenstatt,09,2024,1036.3,published_numeric,DE_ATLAS_HA26_GEM_2024
09577133,09577,"Gnotzheim, M",09,2024,1133.3,published_numeric,DE_ATLAS_HA26_GEM_2024
09577136,09577,"Gunzenhausen, St",09,2024,2038.6,published_numeric,DE_ATLAS_HA26_GEM_2024
09577138,09577,Haundorf,09,2024,893.3,published_numeric,DE_ATLAS_HA26_GEM_2024
09577140,09577,"Heidenheim, M",09,2024,1452.9,published_numeric,DE_ATLAS_HA26_GEM_2024
09577141,09577,Höttingen,09,2024,1259.7,published_numeric,DE_ATLAS_HA26_GEM_2024
09577148,09577,Langenaltheim,09,2024,1025.5,published_numeric,DE_ATLAS_HA26_GEM_2024
09577149,09577,"Markt Berolzheim, M",09,2024,1251.9,published_numeric,DE_ATLAS_HA26_GEM_2024
09577150,09577,Meinheim,09,2024,1286.3,published_numeric,DE_ATLAS_HA26_GEM_2024
09577151,09577,"Nennslingen, M",09,2024,1055.2,published_numeric,DE_ATLAS_HA26_GEM_2024
09577158,09577,"Pappenheim, St",09,2024,1217.5,published_numeric,DE_ATLAS_HA26_GEM_2024
09577159,09577,Pfofeld,09,2024,1235.5,published_numeric,DE_ATLAS_HA26_GEM_2024
09577161,09577,"Pleinfeld, M",09,2024,1971.1,published_numeric,DE_ATLAS_HA26_GEM_2024
09577162,09577,Polsingen,09,2024,884,published_numeric,DE_ATLAS_HA26_GEM_2024
09577163,09577,Raitenbuch,09,2024,1110.4,published_numeric,DE_ATLAS_HA26_GEM_2024
09577168,09577,Solnhofen,09,2024,1805,published_numeric,DE_ATLAS_HA26_GEM_2024
09577172,09577,Theilenhofen,09,2024,1237,published_numeric,DE_ATLAS_HA26_GEM_2024
09577173,09577,"Treuchtlingen, St",09,2024,1073,published_numeric,DE_ATLAS_HA26_GEM_2024
09577177,09577,"Weißenburg i.Bay., GKSt",09,2024,1814.6,published_numeric,DE_ATLAS_HA26_GEM_2024
09577179,09577,Westheim,09,2024,1928.9,published_numeric,DE_ATLAS_HA26_GEM_2024
09661000,09661,Aschaffenburg,09,2024,2123.9,published_numeric,DE_ATLAS_HA26_GEM_2024
09662000,09662,Schweinfurt,09,2024,1999.7,published_numeric,DE_ATLAS_HA26_GEM_2024
09663000,09663,Würzburg,09,2024,1889.1,published_numeric,DE_ATLAS_HA26_GEM_2024
09671111,09671,"Alzenau, St",09,2024,2232.1,published_numeric,DE_ATLAS_HA26_GEM_2024
09671112,09671,Bessenbach,09,2024,2606.7,published_numeric,DE_ATLAS_HA26_GEM_2024
09671113,09671,Blankenbach,09,2024,1339.2,published_numeric,DE_ATLAS_HA26_GEM_2024
09671114,09671,Karlstein a.Main,09,2024,2306.3,published_numeric,DE_ATLAS_HA26_GEM_2024
09671119,09671,Geiselbach,09,2024,1645.3,published_numeric,DE_ATLAS_HA26_GEM_2024
09671120,09671,Glattbach,09,2024,2689,published_numeric,DE_ATLAS_HA26_GEM_2024
09671121,09671,"Goldbach, M",09,2024,1661.3,published_numeric,DE_ATLAS_HA26_GEM_2024
09671122,09671,"Großostheim, M",09,2024,2079.6,published_numeric,DE_ATLAS_HA26_GEM_2024
09671124,09671,Haibach,09,2024,1371,published_numeric,DE_ATLAS_HA26_GEM_2024
09671126,09671,Heigenbrücken,09,2024,1106.8,published_numeric,DE_ATLAS_HA26_GEM_2024
09671127,09671,Heimbuchenthal,09,2024,1263,published_numeric,DE_ATLAS_HA26_GEM_2024
09671128,09671,Heinrichsthal,09,2024,1963.3,published_numeric,DE_ATLAS_HA26_GEM_2024
09671130,09671,"Hösbach, M",09,2024,1501.6,published_numeric,DE_ATLAS_HA26_GEM_2024
09671133,09671,Johannesberg,09,2024,1196.8,published_numeric,DE_ATLAS_HA26_GEM_2024
09671134,09671,Kahl a.Main,09,2024,1454.7,published_numeric,DE_ATLAS_HA26_GEM_2024
09671135,09671,Kleinkahl,09,2024,1043.7,published_numeric,DE_ATLAS_HA26_GEM_2024
09671136,09671,Kleinostheim,09,2024,2987.1,published_numeric,DE_ATLAS_HA26_GEM_2024
09671138,09671,Krombach,09,2024,1462,published_numeric,DE_ATLAS_HA26_GEM_2024
09671139,09671,Laufach,09,2024,1972.4,published_numeric,DE_ATLAS_HA26_GEM_2024
09671140,09671,Mainaschaff,09,2024,1396.3,published_numeric,DE_ATLAS_HA26_GEM_2024
09671141,09671,Mespelbrunn,09,2024,951,published_numeric,DE_ATLAS_HA26_GEM_2024
09671143,09671,"Mömbris, M",09,2024,1331.9,published_numeric,DE_ATLAS_HA26_GEM_2024
09671148,09671,Rothenbuch,09,2024,1386,published_numeric,DE_ATLAS_HA26_GEM_2024
09671150,09671,Sailauf,09,2024,1383.1,published_numeric,DE_ATLAS_HA26_GEM_2024
09671152,09671,"Schöllkrippen, M",09,2024,1383.9,published_numeric,DE_ATLAS_HA26_GEM_2024
09671153,09671,Sommerkahl,09,2024,958.8,published_numeric,DE_ATLAS_HA26_GEM_2024
09671155,09671,"Stockstadt a.Main, M",09,2024,2368.1,published_numeric,DE_ATLAS_HA26_GEM_2024
09671156,09671,Waldaschaff,09,2024,1348.3,published_numeric,DE_ATLAS_HA26_GEM_2024
09671157,09671,Weibersbrunn,09,2024,1247.3,published_numeric,DE_ATLAS_HA26_GEM_2024
09671159,09671,Westerngrund,09,2024,1005.6,published_numeric,DE_ATLAS_HA26_GEM_2024
09671160,09671,Dammbach,09,2024,917.6,published_numeric,DE_ATLAS_HA26_GEM_2024
09671162,09671,Wiesen,09,2024,3623,published_numeric,DE_ATLAS_HA26_GEM_2024
09671451,09671,Forst Hain i.Spessart,09,2024,,published_missing_sentinel,DE_ATLAS_HA26_GEM_2024
09671453,09671,Heinrichsthaler Forst,09,2024,,published_missing_sentinel,DE_ATLAS_HA26_GEM_2024
09671456,09671,Rohrbrunner Forst,09,2024,,published_missing_sentinel,DE_ATLAS_HA26_GEM_2024
09671457,09671,Rothenbucher Forst,09,2024,,published_missing_sentinel,DE_ATLAS_HA26_GEM_2024
09671458,09671,Sailaufer Forst,09,2024,,published_missing_sentinel,DE_ATLAS_HA26_GEM_2024
09671459,09671,Schöllkrippener Forst,09,2024,,published_missing_sentinel,DE_ATLAS_HA26_GEM_2024
09671460,09671,Waldaschaffer Forst,09,2024,,published_missing_sentinel,DE_ATLAS_HA26_GEM_2024
09671461,09671,Wiesener Forst,09,2024,,published_missing_sentinel,DE_ATLAS_HA26_GEM_2024
09672111,09672,Aura a.d.Saale,09,2024,1067.5,published_numeric,DE_ATLAS_HA26_GEM_2024
09672112,09672,"Bad Bocklet, M",09,2024,1374.4,published_numeric,DE_ATLAS_HA26_GEM_2024
09672113,09672,"Bad Brückenau, St",09,2024,1156.3,published_numeric,DE_ATLAS_HA26_GEM_2024
09672114,09672,"Bad Kissingen, GKSt",09,2024,1561.7,published_numeric,DE_ATLAS_HA26_GEM_2024
09672117,09672,"Burkardroth, M",09,2024,940,published_numeric,DE_ATLAS_HA26_GEM_2024
09672121,09672,"Elfershausen, M",09,2024,966.1,published_numeric,DE_ATLAS_HA26_GEM_2024
09672122,09672,"Euerdorf, M",09,2024,3671.9,published_numeric,DE_ATLAS_HA26_GEM_2024
09672124,09672,Fuchsstadt,09,2024,1402.7,published_numeric,DE_ATLAS_HA26_GEM_2024
09672126,09672,"Geroda, M",09,2024,1098.4,published_numeric,DE_ATLAS_HA26_GEM_2024
09672127,09672,"Hammelburg, St",09,2024,1854.5,published_numeric,DE_ATLAS_HA26_GEM_2024
09672131,09672,"Maßbach, M",09,2024,1430.9,published_numeric,DE_ATLAS_HA26_GEM_2024
09672134,09672,Motten,09,2024,1686.5,published_numeric,DE_ATLAS_HA26_GEM_2024
09672135,09672,"Münnerstadt, St",09,2024,1044.9,published_numeric,DE_ATLAS_HA26_GEM_2024
09672136,09672,Nüdlingen,09,2024,1342,published_numeric,DE_ATLAS_HA26_GEM_2024
09672138,09672,Oberleichtersbach,09,2024,2845.5,published_numeric,DE_ATLAS_HA26_GEM_2024
09672139,09672,"Oberthulba, M",09,2024,1216.3,published_numeric,DE_ATLAS_HA26_GEM_2024
09672140,09672,Oerlenbach,09,2024,1232.1,published_numeric,DE_ATLAS_HA26_GEM_2024
09672142,09672,Ramsthal,09,2024,1015.2,published_numeric,DE_ATLAS_HA26_GEM_2024
09672143,09672,Rannungen,09,2024,1326.5,published_numeric,DE_ATLAS_HA26_GEM_2024
09672145,09672,Riedenberg,09,2024,1058.7,published_numeric,DE_ATLAS_HA26_GEM_2024
09672149,09672,"Schondra, M",09,2024,1537.4,published_numeric,DE_ATLAS_HA26_GEM_2024
09672155,09672,"Sulzthal, M",09,2024,946.3,published_numeric,DE_ATLAS_HA26_GEM_2024
09672157,09672,Thundorf i.UFr.,09,2024,1203.3,published_numeric,DE_ATLAS_HA26_GEM_2024
09672161,09672,Wartmannsroth,09,2024,1017.9,published_numeric,DE_ATLAS_HA26_GEM_2024
09672163,09672,"Wildflecken, M",09,2024,2021.3,published_numeric,DE_ATLAS_HA26_GEM_2024
09672166,09672,"Zeitlofs, M",09,2024,1726.6,published_numeric,DE_ATLAS_HA26_GEM_2024
09672451,09672,Dreistelzer Forst,09,2024,,published_missing_sentinel,DE_ATLAS_HA26_GEM_2024
09672454,09672,Forst Detter-Süd,09,2024,,published_missing_sentinel,DE_ATLAS_HA26_GEM_2024
09672455,09672,Geiersnest-Ost,09,2024,,published_missing_sentinel,DE_ATLAS_HA26_GEM_2024
09672456,09672,Geiersnest-West,09,2024,,published_missing_sentinel,DE_ATLAS_HA26_GEM_2024
09672458,09672,Kälberberg,09,2024,,published_missing_sentinel,DE_ATLAS_HA26_GEM_2024
09672461,09672,Mottener Forst-Süd,09,2024,,published_missing_sentinel,DE_ATLAS_HA26_GEM_2024
09672462,09672,Neuwirtshauser Forst,09,2024,,published_missing_sentinel,DE_ATLAS_HA26_GEM_2024
09672463,09672,Omerz u. Roter Berg,09,2024,,published_missing_sentinel,DE_ATLAS_HA26_GEM_2024
09672464,09672,Römershager Forst-Nord,09,2024,,published_missing_sentinel,DE_ATLAS_HA26_GEM_2024
09672465,09672,Römershager Forst-Ost,09,2024,,published_missing_sentinel,DE_ATLAS_HA26_GEM_2024
09672466,09672,Roßbacher Forst,09,2024,,published_missing_sentinel,DE_ATLAS_HA26_GEM_2024
09672468,09672,Waldfensterer Forst,09,2024,,published_missing_sentinel,DE_ATLAS_HA26_GEM_2024
09673113,09673,Aubstadt,09,2024,8745.2,published_numeric,DE_ATLAS_HA26_GEM_2024
09673114,09673,"Bad Neustadt a.d.Saale, St",09,2024,2137.5,published_numeric,DE_ATLAS_HA26_GEM_2024
09673116,09673,Bastheim,09,2024,1017.9,published_numeric,DE_ATLAS_HA26_GEM_2024
09673117,09673,"Bischofsheim i.d.Rhön, St",09,2024,1093.9,published_numeric,DE_ATLAS_HA26_GEM_2024
09673123,09673,"Fladungen, St",09,2024,957.5,published_numeric,DE_ATLAS_HA26_GEM_2024
09673126,09673,Großbardorf,09,2024,1703.8,published_numeric,DE_ATLAS_HA26_GEM_2024
09673127,09673,Großeibstadt,09,2024,937.4,published_numeric,DE_ATLAS_HA26_GEM_2024
09673129,09673,Hausen,09,2024,1180,published_numeric,DE_ATLAS_HA26_GEM_2024
09673130,09673,Hendungen,09,2024,877.7,published_numeric,DE_ATLAS_HA26_GEM_2024
09673131,09673,Herbstadt,09,2024,1007.4,published_numeric,DE_ATLAS_HA26_GEM_2024
09673133,09673,Heustreu,09,2024,972.9,published_numeric,DE_ATLAS_HA26_GEM_2024
09673134,09673,Höchheim,09,2024,1033.8,published_numeric,DE_ATLAS_HA26_GEM_2024
09673135,09673,Hohenroth,09,2024,1018.3,published_numeric,DE_ATLAS_HA26_GEM_2024
09673136,09673,Hollstadt,09,2024,942.2,published_numeric,DE_ATLAS_HA26_GEM_2024
09673141,09673,"Bad Königshofen i.Grabfeld, St",09,2024,1673.2,published_numeric,DE_ATLAS_HA26_GEM_2024
09673142,09673,"Mellrichstadt, St",09,2024,2000,published_numeric,DE_ATLAS_HA26_GEM_2024
09673146,09673,Niederlauer,09,2024,1455.9,published_numeric,DE_ATLAS_HA26_GEM_2024
09673147,09673,Nordheim v.d.Rhön,09,2024,1085.2,published_numeric,DE_ATLAS_HA26_GEM_2024
09673149,09673,"Oberelsbach, M",09,2024,1095.6,published_numeric,DE_ATLAS_HA26_GEM_2024
09673151,09673,Oberstreu,09,2024,1135.2,published_numeric,DE_ATLAS_HA26_GEM_2024
09673153,09673,"Ostheim v.d.Rhön, St",09,2024,1065,published_numeric,DE_ATLAS_HA26_GEM_2024
09673156,09673,Rödelmaier,09,2024,999.6,published_numeric,DE_ATLAS_HA26_GEM_2024
09673160,09673,"Saal a.d.Saale, M",09,2024,1288.9,published_numeric,DE_ATLAS_HA26_GEM_2024
09673161,09673,Salz,09,2024,1729.9,published_numeric,DE_ATLAS_HA26_GEM_2024
09673162,09673,Sandberg,09,2024,789.8,published_numeric,DE_ATLAS_HA26_GEM_2024
09673163,09673,Schönau a.d.Brend,09,2024,949.2,published_numeric,DE_ATLAS_HA26_GEM_2024
09673167,09673,Sondheim v.d.Rhön,09,2024,674.4,published_numeric,DE_ATLAS_HA26_GEM_2024
09673170,09673,Stockheim,09,2024,898.4,published_numeric,DE_ATLAS_HA26_GEM_2024
09673171,09673,Strahlungen,09,2024,1014.8,published_numeric,DE_ATLAS_HA26_GEM_2024
09673172,09673,Sulzdorf a.d.Lederhecke,09,2024,836.2,published_numeric,DE_ATLAS_HA26_GEM_2024
09673173,09673,Sulzfeld,09,2024,1428.4,published_numeric,DE_ATLAS_HA26_GEM_2024
09673174,09673,"Trappstadt, M",09,2024,962.5,published_numeric,DE_ATLAS_HA26_GEM_2024
09673175,09673,Unsleben,09,2024,1367.7,published_numeric,DE_ATLAS_HA26_GEM_2024
09673182,09673,Willmars,09,2024,733.8,published_numeric,DE_ATLAS_HA26_GEM_2024
09673183,09673,Wollbach,09,2024,976.5,published_numeric,DE_ATLAS_HA26_GEM_2024
09673184,09673,Wülfershausen a.d.Saale,09,2024,1496.8,published_numeric,DE_ATLAS_HA26_GEM_2024
09673186,09673,Burglauer,09,2024,875.5,published_numeric,DE_ATLAS_HA26_GEM_2024
09673451,09673,Bundorfer Forst,09,2024,,published_missing_sentinel,DE_ATLAS_HA26_GEM_2024
09673452,09673,Burgwallbacher Forst,09,2024,,published_missing_sentinel,DE_ATLAS_HA26_GEM_2024
09673453,09673,Forst Schmalwasser-Nord,09,2024,,published_missing_sentinel,DE_ATLAS_HA26_GEM_2024
09673454,09673,Forst Schmalwasser-Süd,09,2024,,published_missing_sentinel,DE_ATLAS_HA26_GEM_2024
09673455,09673,Mellrichstadter Forst,09,2024,,published_missing_sentinel,DE_ATLAS_HA26_GEM_2024
09673456,09673,Steinacher Forst r.d.Saale,09,2024,,published_missing_sentinel,DE_ATLAS_HA26_GEM_2024
09673457,09673,Sulzfelder Forst,09,2024,,published_missing_sentinel,DE_ATLAS_HA26_GEM_2024
09673458,09673,Weigler,09,2024,,published_missing_sentinel,DE_ATLAS_HA26_GEM_2024
09674111,09674,Aidhausen,09,2024,1028.6,published_numeric,DE_ATLAS_HA26_GEM_2024
09674118,09674,Breitbrunn,09,2024,897.6,published_numeric,DE_ATLAS_HA26_GEM_2024
09674120,09674,Bundorf,09,2024,944.7,published_numeric,DE_ATLAS_HA26_GEM_2024
09674121,09674,"Burgpreppach, M",09,2024,1492.2,published_numeric,DE_ATLAS_HA26_GEM_2024
09674129,09674,Ebelsbach,09,2024,1266.3,published_numeric,DE_ATLAS_HA26_GEM_2024
09674130,09674,"Ebern, St",09,2024,1481.4,published_numeric,DE_ATLAS_HA26_GEM_2024
09674133,09674,"Eltmann, St",09,2024,1411.7,published_numeric,DE_ATLAS_HA26_GEM_2024
09674139,09674,Gädheim,09,2024,1031.3,published_numeric,DE_ATLAS_HA26_GEM_2024
09674147,09674,"Haßfurt, St",09,2024,2221.4,published_numeric,DE_ATLAS_HA26_GEM_2024
09674149,09674,"Hofheim i.UFr., St",09,2024,1637.7,published_numeric,DE_ATLAS_HA26_GEM_2024
09674153,09674,Riedbach,09,2024,1281.9,published_numeric,DE_ATLAS_HA26_GEM_2024
09674159,09674,Oberaurach,09,2024,1181.6,published_numeric,DE_ATLAS_HA26_GEM_2024
09674160,09674,Kirchlauter,09,2024,1004.4,published_numeric,DE_ATLAS_HA26_GEM_2024
09674163,09674,Knetzgau,09,2024,1535.8,published_numeric,DE_ATLAS_HA26_GEM_2024
09674164,09674,"Königsberg i.Bay., St",09,2024,1561.6,published_numeric,DE_ATLAS_HA26_GEM_2024
09674171,09674,"Maroldsweisach, M",09,2024,1143.3,published_numeric,DE_ATLAS_HA26_GEM_2024
09674180,09674,Theres,09,2024,1018.4,published_numeric,DE_ATLAS_HA26_GEM_2024
09674184,09674,Pfarrweisach,09,2024,873.5,published_numeric,DE_ATLAS_HA26_GEM_2024
09674187,09674,Rauhenebrach,09,2024,1000.6,published_numeric,DE_ATLAS_HA26_GEM_2024
09674190,09674,"Rentweinsdorf, M",09,2024,1080.5,published_numeric,DE_ATLAS_HA26_GEM_2024
09674195,09674,Sand a.Main,09,2024,1149.7,published_numeric,DE_ATLAS_HA26_GEM_2024
09674201,09674,Stettfeld,09,2024,1349.2,published_numeric,DE_ATLAS_HA26_GEM_2024
09674210,09674,Untermerzbach,09,2024,3321.7,published_numeric,DE_ATLAS_HA26_GEM_2024
09674219,09674,Wonfurt,09,2024,1401.4,published_numeric,DE_ATLAS_HA26_GEM_2024
09674221,09674,"Zeil a.Main, St",09,2024,1171.8,published_numeric,DE_ATLAS_HA26_GEM_2024
09674223,09674,Ermershausen,09,2024,874.2,published_numeric,DE_ATLAS_HA26_GEM_2024
09675111,09675,"Abtswind, M",09,2024,2430.2,published_numeric,DE_ATLAS_HA26_GEM_2024
09675112,09675,Albertshofen,09,2024,1147.6,published_numeric,DE_ATLAS_HA26_GEM_2024
09675113,09675,Biebelried,09,2024,1165.9,published_numeric,DE_ATLAS_HA26_GEM_2024
09675114,09675,Buchbrunn,09,2024,995.5,published_numeric,DE_ATLAS_HA26_GEM_2024
09675116,09675,Castell,09,2024,822.8,published_numeric,DE_ATLAS_HA26_GEM_2024
09675117,09675,"Dettelbach, St",09,2024,2482.7,published_numeric,DE_ATLAS_HA26_GEM_2024
09675127,09675,"Geiselwind, M",09,2024,1504.3,published_numeric,DE_ATLAS_HA26_GEM_2024
09675131,09675,"Großlangheim, M",09,2024,1229.7,published_numeric,DE_ATLAS_HA26_GEM_2024
09675139,09675,"Iphofen, St",09,2024,9460.1,published_numeric,DE_ATLAS_HA26_GEM_2024
09675141,09675,"Kitzingen, GKSt",09,2024,1717.8,published_numeric,DE_ATLAS_HA26_GEM_2024
09675142,09675,"Kleinlangheim, M",09,2024,1028.2,published_numeric,DE_ATLAS_HA26_GEM_2024
09675144,09675,"Mainbernheim, St",09,2024,1048.4,published_numeric,DE_ATLAS_HA26_GEM_2024
09675146,09675,Mainstockheim,09,2024,1055.3,published_numeric,DE_ATLAS_HA26_GEM_2024
09675147,09675,"Marktbreit, St",09,2024,2996.5,published_numeric,DE_ATLAS_HA26_GEM_2024
09675148,09675,"Markt Einersheim, M",09,2024,1229.1,published_numeric,DE_ATLAS_HA26_GEM_2024
09675149,09675,"Marktsteft, St",09,2024,1847.4,published_numeric,DE_ATLAS_HA26_GEM_2024
09675150,09675,Martinsheim,09,2024,1418.1,published_numeric,DE_ATLAS_HA26_GEM_2024
09675155,09675,Nordheim a.Main,09,2024,1032.7,published_numeric,DE_ATLAS_HA26_GEM_2024
09675156,09675,"Obernbreit, M",09,2024,1185.6,published_numeric,DE_ATLAS_HA26_GEM_2024
09675158,09675,"Prichsenstadt, St",09,2024,1220.5,published_numeric,DE_ATLAS_HA26_GEM_2024
09675161,09675,Rödelsee,09,2024,999.2,published_numeric,DE_ATLAS_HA26_GEM_2024
09675162,09675,"Rüdenhausen, M",09,2024,908.8,published_numeric,DE_ATLAS_HA26_GEM_2024
09675165,09675,"Schwarzach a.Main, M",09,2024,1388.6,published_numeric,DE_ATLAS_HA26_GEM_2024
09675166,09675,Segnitz,09,2024,990.8,published_numeric,DE_ATLAS_HA26_GEM_2024
09675167,09675,"Seinsheim, M",09,2024,1023.7,published_numeric,DE_ATLAS_HA26_GEM_2024
09675169,09675,Sommerach,09,2024,1551.8,published_numeric,DE_ATLAS_HA26_GEM_2024
09675170,09675,Sulzfeld a.Main,09,2024,1175.4,published_numeric,DE_ATLAS_HA26_GEM_2024
09675174,09675,"Volkach, St",09,2024,1393.3,published_numeric,DE_ATLAS_HA26_GEM_2024
09675177,09675,Wiesenbronn,09,2024,1610.7,published_numeric,DE_ATLAS_HA26_GEM_2024
09675178,09675,"Wiesentheid, M",09,2024,2386.7,published_numeric,DE_ATLAS_HA26_GEM_2024
09675179,09675,"Willanzheim, M",09,2024,1013.7,published_numeric,DE_ATLAS_HA26_GEM_2024
09676111,09676,Altenbuch,09,2024,956.9,published_numeric,DE_ATLAS_HA26_GEM_2024
09676112,09676,"Amorbach, St",09,2024,1212.6,published_numeric,DE_ATLAS_HA26_GEM_2024
09676116,09676,"Bürgstadt, M",09,2024,2630.5,published_numeric,DE_ATLAS_HA26_GEM_2024
09676117,09676,Collenberg,09,2024,1340.1,published_numeric,DE_ATLAS_HA26_GEM_2024
09676118,09676,Dorfprozelten,09,2024,1956.7,published_numeric,DE_ATLAS_HA26_GEM_2024
09676119,09676,Eichenbühl,09,2024,1318.8,published_numeric,DE_ATLAS_HA26_GEM_2024
09676121,09676,"Elsenfeld, M",09,2024,1337.6,published_numeric,DE_ATLAS_HA26_GEM_2024
09676122,09676,"Erlenbach a.Main, St",09,2024,1159,published_numeric,DE_ATLAS_HA26_GEM_2024
09676123,09676,"Eschau, M",09,2024,1377,published_numeric,DE_ATLAS_HA26_GEM_2024
09676124,09676,Faulbach,09,2024,2495.9,published_numeric,DE_ATLAS_HA26_GEM_2024
09676125,09676,"Großheubach, M",09,2024,1581,published_numeric,DE_ATLAS_HA26_GEM_2024
09676126,09676,Großwallstadt,09,2024,2770.6,published_numeric,DE_ATLAS_HA26_GEM_2024
09676128,09676,Hausen,09,2024,969.2,published_numeric,DE_ATLAS_HA26_GEM_2024
09676131,09676,"Kirchzell, M",09,2024,1138.1,published_numeric,DE_ATLAS_HA26_GEM_2024
09676132,09676,"Kleinheubach, M",09,2024,3146.2,published_numeric,DE_ATLAS_HA26_GEM_2024
09676133,09676,"Kleinwallstadt, M",09,2024,1303.8,published_numeric,DE_ATLAS_HA26_GEM_2024
09676134,09676,"Klingenberg a.Main, St",09,2024,1834.7,published_numeric,DE_ATLAS_HA26_GEM_2024
09676135,09676,Laudenbach,09,2024,2099.1,published_numeric,DE_ATLAS_HA26_GEM_2024
09676136,09676,Leidersbach,09,2024,1167.8,published_numeric,DE_ATLAS_HA26_GEM_2024
09676139,09676,"Miltenberg, St",09,2024,1867.5,published_numeric,DE_ATLAS_HA26_GEM_2024
09676140,09676,Mömlingen,09,2024,1117,published_numeric,DE_ATLAS_HA26_GEM_2024
09676141,09676,"Mönchberg, M",09,2024,1061.1,published_numeric,DE_ATLAS_HA26_GEM_2024
09676143,09676,Neunkirchen,09,2024,1058.7,published_numeric,DE_ATLAS_HA26_GEM_2024
09676144,09676,Niedernberg,09,2024,2560.5,published_numeric,DE_ATLAS_HA26_GEM_2024
09676145,09676,"Obernburg a.Main, St",09,2024,1435.7,published_numeric,DE_ATLAS_HA26_GEM_2024
09676151,09676,Röllbach,09,2024,1093.2,published_numeric,DE_ATLAS_HA26_GEM_2024
09676153,09676,Rüdenau,09,2024,909.6,published_numeric,DE_ATLAS_HA26_GEM_2024
09676156,09676,"Schneeberg, M",09,2024,854.2,published_numeric,DE_ATLAS_HA26_GEM_2024
09676158,09676,"Stadtprozelten, St",09,2024,848.2,published_numeric,DE_ATLAS_HA26_GEM_2024
09676160,09676,"Sulzbach a.Main, M",09,2024,1204.9,published_numeric,DE_ATLAS_HA26_GEM_2024
09676165,09676,"Weilbach, M",09,2024,2655.6,published_numeric,DE_ATLAS_HA26_GEM_2024
09676169,09676,"Wörth a.Main, St",09,2024,1240.6,published_numeric,DE_ATLAS_HA26_GEM_2024
09676452,09676,Forstwald,09,2024,,published_missing_sentinel,DE_ATLAS_HA26_GEM_2024
09676455,09676,Hohe Wart,09,2024,,published_missing_sentinel,DE_ATLAS_HA26_GEM_2024
09677114,09677,"Arnstein, St",09,2024,1191.6,published_numeric,DE_ATLAS_HA26_GEM_2024
09677116,09677,Aura i.Sinngrund,09,2024,1746.3,published_numeric,DE_ATLAS_HA26_GEM_2024
09677119,09677,Birkenfeld,09,2024,1149.7,published_numeric,DE_ATLAS_HA26_GEM_2024
09677120,09677,Bischbrunn,09,2024,1103.9,published_numeric,DE_ATLAS_HA26_GEM_2024
09677122,09677,"Burgsinn, M",09,2024,1089.8,published_numeric,DE_ATLAS_HA26_GEM_2024
09677125,09677,Erlenbach b.Marktheidenfeld,09,2024,1218.8,published_numeric,DE_ATLAS_HA26_GEM_2024
09677126,09677,Esselbach,09,2024,1187.2,published_numeric,DE_ATLAS_HA26_GEM_2024
09677127,09677,Eußenheim,09,2024,957.2,published_numeric,DE_ATLAS_HA26_GEM_2024
09677128,09677,Fellen,09,2024,942.6,published_numeric,DE_ATLAS_HA26_GEM_2024
09677129,09677,"Frammersbach, M",09,2024,2933.5,published_numeric,DE_ATLAS_HA26_GEM_2024
09677131,09677,"Gemünden a.Main, St",09,2024,1245.8,published_numeric,DE_ATLAS_HA26_GEM_2024
09677132,09677,Gössenheim,09,2024,1584.3,published_numeric,DE_ATLAS_HA26_GEM_2024
09677133,09677,Gräfendorf,09,2024,1211.7,published_numeric,DE_ATLAS_HA26_GEM_2024
09677135,09677,Hafenlohr,09,2024,1357.6,published_numeric,DE_ATLAS_HA26_GEM_2024
09677137,09677,Hasloch,09,2024,1516.5,published_numeric,DE_ATLAS_HA26_GEM_2024
09677142,09677,Himmelstadt,09,2024,1149.9,published_numeric,DE_ATLAS_HA26_GEM_2024
09677146,09677,"Karbach, M",09,2024,1216.1,published_numeric,DE_ATLAS_HA26_GEM_2024
09677148,09677,"Karlstadt, St",09,2024,1725.9,published_numeric,DE_ATLAS_HA26_GEM_2024
09677149,09677,Karsbach,09,2024,1410.7,published_numeric,DE_ATLAS_HA26_GEM_2024
09677151,09677,"Kreuzwertheim, M",09,2024,1963.7,published_numeric,DE_ATLAS_HA26_GEM_2024
09677154,09677,"Triefenstein, M",09,2024,1737.2,published_numeric,DE_ATLAS_HA26_GEM_2024
09677155,09677,"Lohr a.Main, St",09,2024,1864,published_numeric,DE_ATLAS_HA26_GEM_2024
09677157,09677,"Marktheidenfeld, St",09,2024,1980.9,published_numeric,DE_ATLAS_HA26_GEM_2024
09677159,09677,Mittelsinn,09,2024,1788.7,published_numeric,DE_ATLAS_HA26_GEM_2024
09677164,09677,Neuendorf,09,2024,1264.5,published_numeric,DE_ATLAS_HA26_GEM_2024
09677165,09677,Neuhütten,09,2024,1040.8,published_numeric,DE_ATLAS_HA26_GEM_2024
09677166,09677,Neustadt a.Main,09,2024,1088.5,published_numeric,DE_ATLAS_HA26_GEM_2024
09677169,09677,"Obersinn, M",09,2024,910,published_numeric,DE_ATLAS_HA26_GEM_2024
09677170,09677,Partenstein,09,2024,1228.1,published_numeric,DE_ATLAS_HA26_GEM_2024
09677172,09677,Rechtenbach,09,2024,838.3,published_numeric,DE_ATLAS_HA26_GEM_2024
09677175,09677,Retzstadt,09,2024,1238.5,published_numeric,DE_ATLAS_HA26_GEM_2024
09677177,09677,"Rieneck, St",09,2024,1089.6,published_numeric,DE_ATLAS_HA26_GEM_2024
09677178,09677,Roden,09,2024,1270.7,published_numeric,DE_ATLAS_HA26_GEM_2024
09677181,09677,"Rothenfels, St",09,2024,869.6,published_numeric,DE_ATLAS_HA26_GEM_2024
09677182,09677,Schollbrunn,09,2024,1384.4,published_numeric,DE_ATLAS_HA26_GEM_2024
09677186,09677,Steinfeld,09,2024,1582.3,published_numeric,DE_ATLAS_HA26_GEM_2024
09677189,09677,"Thüngen, M",09,2024,1412.2,published_numeric,DE_ATLAS_HA26_GEM_2024
09677193,09677,Urspringen,09,2024,1382.2,published_numeric,DE_ATLAS_HA26_GEM_2024
09677200,09677,Wiesthal,09,2024,1224.1,published_numeric,DE_ATLAS_HA26_GEM_2024
09677203,09677,"Zellingen, M",09,2024,1183.9,published_numeric,DE_ATLAS_HA26_GEM_2024
09677452,09677,Burgjoß,09,2024,,published_missing_sentinel,DE_ATLAS_HA26_GEM_2024
09677453,09677,Forst Aura,09,2024,,published_missing_sentinel,DE_ATLAS_HA26_GEM_2024
09677454,09677,Forst Lohrerstraße,09,2024,,published_missing_sentinel,DE_ATLAS_HA26_GEM_2024
09677455,09677,Frammersbacher Forst,09,2024,,published_missing_sentinel,DE_ATLAS_HA26_GEM_2024
09677456,09677,Fürstl. Löwenstein'scher Park,09,2024,,published_missing_sentinel,DE_ATLAS_HA26_GEM_2024
09677457,09677,Haurain,09,2024,,published_missing_sentinel,DE_ATLAS_HA26_GEM_2024
09677458,09677,Herrnwald,09,2024,,published_missing_sentinel,DE_ATLAS_HA26_GEM_2024
09677459,09677,Langenprozeltener Forst,09,2024,,published_missing_sentinel,DE_ATLAS_HA26_GEM_2024
09677461,09677,Partensteiner Forst,09,2024,,published_missing_sentinel,DE_ATLAS_HA26_GEM_2024
09677463,09677,Ruppertshüttener Forst,09,2024,,published_missing_sentinel,DE_ATLAS_HA26_GEM_2024
09678115,09678,Bergrheinfeld,09,2024,1465.9,published_numeric,DE_ATLAS_HA26_GEM_2024
09678122,09678,Dingolshausen,09,2024,1208.8,published_numeric,DE_ATLAS_HA26_GEM_2024
09678123,09678,Dittelbrunn,09,2024,1034.4,published_numeric,DE_ATLAS_HA26_GEM_2024
09678124,09678,Donnersdorf,09,2024,1922.3,published_numeric,DE_ATLAS_HA26_GEM_2024
09678128,09678,Euerbach,09,2024,1272,published_numeric,DE_ATLAS_HA26_GEM_2024
09678130,09678,Frankenwinheim,09,2024,1384.8,published_numeric,DE_ATLAS_HA26_GEM_2024
09678132,09678,Geldersheim,09,2024,1232.8,published_numeric,DE_ATLAS_HA26_GEM_2024
09678134,09678,"Gerolzhofen, St",09,2024,1506.9,published_numeric,DE_ATLAS_HA26_GEM_2024
09678135,09678,Gochsheim,09,2024,1856.7,published_numeric,DE_ATLAS_HA26_GEM_2024
09678136,09678,Grafenrheinfeld,09,2024,1943.1,published_numeric,DE_ATLAS_HA26_GEM_2024
09678138,09678,Grettstadt,09,2024,1033,published_numeric,DE_ATLAS_HA26_GEM_2024
09678150,09678,Kolitzheim,09,2024,1347.8,published_numeric,DE_ATLAS_HA26_GEM_2024
09678153,09678,Lülsfeld,09,2024,1069.7,published_numeric,DE_ATLAS_HA26_GEM_2024
09678157,09678,Michelau i.Steigerwald,09,2024,879.2,published_numeric,DE_ATLAS_HA26_GEM_2024
09678160,09678,Niederwerrn,09,2024,877.2,published_numeric,DE_ATLAS_HA26_GEM_2024
09678164,09678,"Oberschwarzach, M",09,2024,941.6,published_numeric,DE_ATLAS_HA26_GEM_2024
09678168,09678,Poppenhausen,09,2024,1193.9,published_numeric,DE_ATLAS_HA26_GEM_2024
09678170,09678,Röthlein,09,2024,1500,published_numeric,DE_ATLAS_HA26_GEM_2024
09678174,09678,Schonungen,09,2024,1101.3,published_numeric,DE_ATLAS_HA26_GEM_2024
09678175,09678,Schwanfeld,09,2024,1400.7,published_numeric,DE_ATLAS_HA26_GEM_2024
09678176,09678,Schwebheim,09,2024,1783,published_numeric,DE_ATLAS_HA26_GEM_2024
09678178,09678,Sennfeld,09,2024,2178.3,published_numeric,DE_ATLAS_HA26_GEM_2024
09678181,09678,"Stadtlauringen, M",09,2024,998.9,published_numeric,DE_ATLAS_HA26_GEM_2024
09678183,09678,Sulzheim,09,2024,1045.2,published_numeric,DE_ATLAS_HA26_GEM_2024
09678186,09678,Üchtelhausen,09,2024,955,published_numeric,DE_ATLAS_HA26_GEM_2024
09678190,09678,Waigolshausen,09,2024,1066.2,published_numeric,DE_ATLAS_HA26_GEM_2024
09678192,09678,Wasserlosen,09,2024,950.2,published_numeric,DE_ATLAS_HA26_GEM_2024
09678193,09678,"Werneck, M",09,2024,1358.2,published_numeric,DE_ATLAS_HA26_GEM_2024
09678196,09678,Wipfeld,09,2024,1168.9,published_numeric,DE_ATLAS_HA26_GEM_2024
09678451,09678,Bürgerwald,09,2024,,published_missing_sentinel,DE_ATLAS_HA26_GEM_2024
09678452,09678,Geiersberg,09,2024,,published_missing_sentinel,DE_ATLAS_HA26_GEM_2024
09678453,09678,Hundelshausen,09,2024,,published_missing_sentinel,DE_ATLAS_HA26_GEM_2024
09678454,09678,Nonnenkloster,09,2024,,published_missing_sentinel,DE_ATLAS_HA26_GEM_2024
09678455,09678,Stollbergerforst,09,2024,,published_missing_sentinel,DE_ATLAS_HA26_GEM_2024
09678456,09678,Vollburg,09,2024,,published_missing_sentinel,DE_ATLAS_HA26_GEM_2024
09678457,09678,Wustvieler Forst,09,2024,,published_missing_sentinel,DE_ATLAS_HA26_GEM_2024
09679114,09679,"Aub, St",09,2024,1677.4,published_numeric,DE_ATLAS_HA26_GEM_2024
09679117,09679,Bergtheim,09,2024,1294.3,published_numeric,DE_ATLAS_HA26_GEM_2024
09679118,09679,Bieberehren,09,2024,819.2,published_numeric,DE_ATLAS_HA26_GEM_2024
09679122,09679,"Bütthard, M",09,2024,1791.4,published_numeric,DE_ATLAS_HA26_GEM_2024
09679124,09679,"Eibelstadt, St",09,2024,1926.4,published_numeric,DE_ATLAS_HA26_GEM_2024
09679126,09679,Eisingen,09,2024,1354.7,published_numeric,DE_ATLAS_HA26_GEM_2024
09679128,09679,Erlabrunn,09,2024,1063.8,published_numeric,DE_ATLAS_HA26_GEM_2024
09679130,09679,Estenfeld,09,2024,2081.3,published_numeric,DE_ATLAS_HA26_GEM_2024
09679131,09679,"Frickenhausen a.Main, M",09,2024,1136.4,published_numeric,DE_ATLAS_HA26_GEM_2024
09679134,09679,Gaukönigshofen,09,2024,1569.3,published_numeric,DE_ATLAS_HA26_GEM_2024
09679135,09679,"Gelchsheim, M",09,2024,1267.5,published_numeric,DE_ATLAS_HA26_GEM_2024
09679136,09679,Gerbrunn,09,2024,1221,published_numeric,DE_ATLAS_HA26_GEM_2024
09679137,09679,Geroldshausen,09,2024,1292.9,published_numeric,DE_ATLAS_HA26_GEM_2024
09679138,09679,"Giebelstadt, M",09,2024,1405.4,published_numeric,DE_ATLAS_HA26_GEM_2024
09679141,09679,Greußenheim,09,2024,1184.5,published_numeric,DE_ATLAS_HA26_GEM_2024
09679142,09679,Güntersleben,09,2024,1145.7,published_numeric,DE_ATLAS_HA26_GEM_2024
09679143,09679,Hausen b.Würzburg,09,2024,1269.3,published_numeric,DE_ATLAS_HA26_GEM_2024
09679144,09679,"Helmstadt, M",09,2024,1483.4,published_numeric,DE_ATLAS_HA26_GEM_2024
09679146,09679,Hettstadt,09,2024,1109.7,published_numeric,DE_ATLAS_HA26_GEM_2024
09679147,09679,"Höchberg, M",09,2024,1649.9,published_numeric,DE_ATLAS_HA26_GEM_2024
09679149,09679,Holzkirchen,09,2024,812.9,published_numeric,DE_ATLAS_HA26_GEM_2024
09679153,09679,Kirchheim,09,2024,1389.4,published_numeric,DE_ATLAS_HA26_GEM_2024
09679154,09679,Kist,09,2024,1088.2,published_numeric,DE_ATLAS_HA26_GEM_2024
09679155,09679,Kleinrinderfeld,09,2024,1591.3,published_numeric,DE_ATLAS_HA26_GEM_2024
09679156,09679,Kürnach,09,2024,2098.6,published_numeric,DE_ATLAS_HA26_GEM_2024
09679161,09679,Margetshöchheim,09,2024,1318.1,published_numeric,DE_ATLAS_HA26_GEM_2024
09679164,09679,"Neubrunn, M",09,2024,1224.7,published_numeric,DE_ATLAS_HA26_GEM_2024
09679165,09679,Altertheim,09,2024,936.6,published_numeric,DE_ATLAS_HA26_GEM_2024
09679167,09679,"Eisenheim, M",09,2024,972.4,published_numeric,DE_ATLAS_HA26_GEM_2024
09679169,09679,Oberpleichfeld,09,2024,994.5,published_numeric,DE_ATLAS_HA26_GEM_2024
09679170,09679,"Ochsenfurt, St",09,2024,1456.2,published_numeric,DE_ATLAS_HA26_GEM_2024
09679174,09679,Prosselsheim,09,2024,1170.4,published_numeric,DE_ATLAS_HA26_GEM_2024
09679175,09679,"Randersacker, M",09,2024,1461.8,published_numeric,DE_ATLAS_HA26_GEM_2024
09679176,09679,"Reichenberg, M",09,2024,1249.1,published_numeric,DE_ATLAS_HA26_GEM_2024
09679177,09679,"Remlingen, M",09,2024,1261.9,published_numeric,DE_ATLAS_HA26_GEM_2024
09679179,09679,Riedenheim,09,2024,1787.8,published_numeric,DE_ATLAS_HA26_GEM_2024
09679180,09679,"Rimpar, M",09,2024,1531.2,published_numeric,DE_ATLAS_HA26_GEM_2024
09679182,09679,"Röttingen, St",09,2024,3999.3,published_numeric,DE_ATLAS_HA26_GEM_2024
09679185,09679,Rottendorf,09,2024,2530.5,published_numeric,DE_ATLAS_HA26_GEM_2024
09679187,09679,"Sommerhausen, M",09,2024,1542,published_numeric,DE_ATLAS_HA26_GEM_2024
09679188,09679,Sonderhofen,09,2024,1194.9,published_numeric,DE_ATLAS_HA26_GEM_2024
09679192,09679,Tauberrettersheim,09,2024,1057.3,published_numeric,DE_ATLAS_HA26_GEM_2024
09679193,09679,Theilheim,09,2024,1124.5,published_numeric,DE_ATLAS_HA26_GEM_2024
09679194,09679,Thüngersheim,09,2024,1097.2,published_numeric,DE_ATLAS_HA26_GEM_2024
09679196,09679,Uettingen,09,2024,1305,published_numeric,DE_ATLAS_HA26_GEM_2024
09679200,09679,Leinach,09,2024,978,published_numeric,DE_ATLAS_HA26_GEM_2024
09679201,09679,Unterpleichfeld,09,2024,1519.5,published_numeric,DE_ATLAS_HA26_GEM_2024
09679202,09679,Veitshöchheim,09,2024,1925.9,published_numeric,DE_ATLAS_HA26_GEM_2024
09679204,09679,Waldbrunn,09,2024,1539.1,published_numeric,DE_ATLAS_HA26_GEM_2024
09679205,09679,Waldbüttelbrunn,09,2024,4258.3,published_numeric,DE_ATLAS_HA26_GEM_2024
09679206,09679,"Winterhausen, M",09,2024,1165.5,published_numeric,DE_ATLAS_HA26_GEM_2024
09679209,09679,"Zell a.Main, M",09,2024,1101.5,published_numeric,DE_ATLAS_HA26_GEM_2024
09679451,09679,Gramschatzer Wald,09,2024,,published_missing_sentinel,DE_ATLAS_HA26_GEM_2024
09679452,09679,Guttenberger Wald,09,2024,,published_missing_sentinel,DE_ATLAS_HA26_GEM_2024
09679453,09679,Irtenberger Wald,09,2024,,published_missing_sentinel,DE_ATLAS_HA26_GEM_2024
09761000,09761,Augsburg,09,2024,1603.1,published_numeric,DE_ATLAS_HA26_GEM_2024
09762000,09762,Kaufbeuren,09,2024,1393.4,published_numeric,DE_ATLAS_HA26_GEM_2024
09763000,09763,Kempten (Allgäu),09,2024,1789,published_numeric,DE_ATLAS_HA26_GEM_2024
09764000,09764,Memmingen,09,2024,2139.7,published_numeric,DE_ATLAS_HA26_GEM_2024
09771111,09771,Adelzhausen,09,2024,1488.6,published_numeric,DE_ATLAS_HA26_GEM_2024
09771112,09771,Affing,09,2024,1538.5,published_numeric,DE_ATLAS_HA26_GEM_2024
09771113,09771,"Aichach, St",09,2024,1678.8,published_numeric,DE_ATLAS_HA26_GEM_2024
09771114,09771,"Aindling, M",09,2024,1256.5,published_numeric,DE_ATLAS_HA26_GEM_2024
09771122,09771,Dasing,09,2024,2477.8,published_numeric,DE_ATLAS_HA26_GEM_2024
09771129,09771,Eurasburg,09,2024,2042.3,published_numeric,DE_ATLAS_HA26_GEM_2024
09771130,09771,"Friedberg, St",09,2024,1903.6,published_numeric,DE_ATLAS_HA26_GEM_2024
09771140,09771,Hollenbach,09,2024,1591.9,published_numeric,DE_ATLAS_HA26_GEM_2024
09771141,09771,"Inchenhofen, M",09,2024,1426.2,published_numeric,DE_ATLAS_HA26_GEM_2024
09771142,09771,Kissing,09,2024,1485.4,published_numeric,DE_ATLAS_HA26_GEM_2024
09771144,09771,"Kühbach, M",09,2024,2501.7,published_numeric,DE_ATLAS_HA26_GEM_2024
09771145,09771,Merching,09,2024,1534.5,published_numeric,DE_ATLAS_HA26_GEM_2024
09771146,09771,"Mering, M",09,2024,1337.7,published_numeric,DE_ATLAS_HA26_GEM_2024
09771149,09771,Obergriesbach,09,2024,1416.8,published_numeric,DE_ATLAS_HA26_GEM_2024
09771155,09771,Petersdorf,09,2024,1112,published_numeric,DE_ATLAS_HA26_GEM_2024
09771156,09771,"Pöttmes, M",09,2024,1273.8,published_numeric,DE_ATLAS_HA26_GEM_2024
09771158,09771,Rehling,09,2024,1711.4,published_numeric,DE_ATLAS_HA26_GEM_2024
09771160,09771,Ried,09,2024,1340.6,published_numeric,DE_ATLAS_HA26_GEM_2024
09771162,09771,Schiltberg,09,2024,1198.1,published_numeric,DE_ATLAS_HA26_GEM_2024
09771163,09771,Schmiechen,09,2024,1153,published_numeric,DE_ATLAS_HA26_GEM_2024
09771165,09771,Sielenbach,09,2024,2495.7,published_numeric,DE_ATLAS_HA26_GEM_2024
09771168,09771,Steindorf,09,2024,6029.6,published_numeric,DE_ATLAS_HA26_GEM_2024
09771169,09771,Todtenweis,09,2024,1386.7,published_numeric,DE_ATLAS_HA26_GEM_2024
09771176,09771,Baar (Schwaben),09,2024,1315,published_numeric,DE_ATLAS_HA26_GEM_2024
09772111,09772,Adelsried,09,2024,1602.5,published_numeric,DE_ATLAS_HA26_GEM_2024
09772114,09772,Allmannshofen,09,2024,1519.1,published_numeric,DE_ATLAS_HA26_GEM_2024
09772115,09772,Altenmünster,09,2024,1123.1,published_numeric,DE_ATLAS_HA26_GEM_2024
09772117,09772,Aystetten,09,2024,1490.1,published_numeric,DE_ATLAS_HA26_GEM_2024
09772121,09772,"Biberbach, M",09,2024,1215.4,published_numeric,DE_ATLAS_HA26_GEM_2024
09772125,09772,"Bobingen, St",09,2024,1498,published_numeric,DE_ATLAS_HA26_GEM_2024
09772126,09772,Bonstetten,09,2024,1205.1,published_numeric,DE_ATLAS_HA26_GEM_2024
09772130,09772,"Diedorf, M",09,2024,1294.4,published_numeric,DE_ATLAS_HA26_GEM_2024
09772131,09772,"Dinkelscherben, M",09,2024,1327.7,published_numeric,DE_ATLAS_HA26_GEM_2024
09772134,09772,Ehingen,09,2024,972.7,published_numeric,DE_ATLAS_HA26_GEM_2024
09772136,09772,Ellgau,09,2024,1319.3,published_numeric,DE_ATLAS_HA26_GEM_2024
09772137,09772,Emersacker,09,2024,1071.8,published_numeric,DE_ATLAS_HA26_GEM_2024
09772141,09772,"Fischach, M",09,2024,1387.8,published_numeric,DE_ATLAS_HA26_GEM_2024
09772145,09772,Gablingen,09,2024,2315.7,published_numeric,DE_ATLAS_HA26_GEM_2024
09772147,09772,"Gersthofen, St",09,2024,2681.5,published_numeric,DE_ATLAS_HA26_GEM_2024
09772148,09772,Gessertshausen,09,2024,1478.6,published_numeric,DE_ATLAS_HA26_GEM_2024
09772149,09772,Graben,09,2024,1906.9,published_numeric,DE_ATLAS_HA26_GEM_2024
09772151,09772,Großaitingen,09,2024,1395,published_numeric,DE_ATLAS_HA26_GEM_2024
09772156,09772,Heretsried,09,2024,990.5,published_numeric,DE_ATLAS_HA26_GEM_2024
09772157,09772,Hiltenfingen,09,2024,1331.8,published_numeric,DE_ATLAS_HA26_GEM_2024
09772159,09772,Horgau,09,2024,1769.4,published_numeric,DE_ATLAS_HA26_GEM_2024
09772160,09772,Kleinaitingen,09,2024,3259.2,published_numeric,DE_ATLAS_HA26_GEM_2024
09772162,09772,Klosterlechfeld,09,2024,1232,published_numeric,DE_ATLAS_HA26_GEM_2024
09772163,09772,"Königsbrunn, St",09,2024,1454.7,published_numeric,DE_ATLAS_HA26_GEM_2024
09772166,09772,Kühlenthal,09,2024,1333.2,published_numeric,DE_ATLAS_HA26_GEM_2024
09772167,09772,Kutzenhausen,09,2024,1409.5,published_numeric,DE_ATLAS_HA26_GEM_2024
09772168,09772,Langenneufnach,09,2024,931.3,published_numeric,DE_ATLAS_HA26_GEM_2024
09772170,09772,Langerringen,09,2024,1480.1,published_numeric,DE_ATLAS_HA26_GEM_2024
09772171,09772,Langweid a.Lech,09,2024,1556.8,published_numeric,DE_ATLAS_HA26_GEM_2024
09772177,09772,"Meitingen, M",09,2024,1916.7,published_numeric,DE_ATLAS_HA26_GEM_2024
09772178,09772,Mickhausen,09,2024,2068.7,published_numeric,DE_ATLAS_HA26_GEM_2024
09772179,09772,Mittelneufnach,09,2024,1027.9,published_numeric,DE_ATLAS_HA26_GEM_2024
09772184,09772,"Neusäß, St",09,2024,1504.6,published_numeric,DE_ATLAS_HA26_GEM_2024
09772185,09772,Nordendorf,09,2024,1247.3,published_numeric,DE_ATLAS_HA26_GEM_2024
09772186,09772,Oberottmarshausen,09,2024,2732.3,published_numeric,DE_ATLAS_HA26_GEM_2024
09772197,09772,Scherstetten,09,2024,1099.8,published_numeric,DE_ATLAS_HA26_GEM_2024
09772200,09772,"Schwabmünchen, St",09,2024,1444.7,published_numeric,DE_ATLAS_HA26_GEM_2024
09772202,09772,"Stadtbergen, St",09,2024,1287.9,published_numeric,DE_ATLAS_HA26_GEM_2024
09772207,09772,"Thierhaupten, M",09,2024,2124.5,published_numeric,DE_ATLAS_HA26_GEM_2024
09772209,09772,Untermeitingen,09,2024,1350.3,published_numeric,DE_ATLAS_HA26_GEM_2024
09772211,09772,Ustersbach,09,2024,1318.3,published_numeric,DE_ATLAS_HA26_GEM_2024
09772214,09772,Walkertshofen,09,2024,1797.1,published_numeric,DE_ATLAS_HA26_GEM_2024
09772215,09772,Wehringen,09,2024,1499.7,published_numeric,DE_ATLAS_HA26_GEM_2024
09772216,09772,"Welden, M",09,2024,1323.5,published_numeric,DE_ATLAS_HA26_GEM_2024
09772217,09772,Westendorf,09,2024,1745.3,published_numeric,DE_ATLAS_HA26_GEM_2024
09772223,09772,"Zusmarshausen, M",09,2024,4107.7,published_numeric,DE_ATLAS_HA26_GEM_2024
09772451,09772,Schmellerforst,09,2024,,published_missing_sentinel,DE_ATLAS_HA26_GEM_2024
09773111,09773,"Aislingen, M",09,2024,1854.7,published_numeric,DE_ATLAS_HA26_GEM_2024
09773112,09773,Bachhagel,09,2024,1433.7,published_numeric,DE_ATLAS_HA26_GEM_2024
09773113,09773,Bächingen a.d.Brenz,09,2024,1536.6,published_numeric,DE_ATLAS_HA26_GEM_2024
09773116,09773,Binswangen,09,2024,1463.6,published_numeric,DE_ATLAS_HA26_GEM_2024
09773117,09773,"Bissingen, M",09,2024,2416.9,published_numeric,DE_ATLAS_HA26_GEM_2024
09773119,09773,Blindheim,09,2024,1336.1,published_numeric,DE_ATLAS_HA26_GEM_2024
09773122,09773,Buttenwiesen,09,2024,1798.1,published_numeric,DE_ATLAS_HA26_GEM_2024
09773125,09773,"Dillingen a.d.Donau, GKSt",09,2024,1576,published_numeric,DE_ATLAS_HA26_GEM_2024
09773133,09773,Glött,09,2024,1196.9,published_numeric,DE_ATLAS_HA26_GEM_2024
09773136,09773,"Gundelfingen a.d.Donau, St",09,2024,1693.7,published_numeric,DE_ATLAS_HA26_GEM_2024
09773137,09773,Haunsheim,09,2024,1072.2,published_numeric,DE_ATLAS_HA26_GEM_2024
09773139,09773,"Höchstädt a.d.Donau, St",09,2024,1859.7,published_numeric,DE_ATLAS_HA26_GEM_2024
09773140,09773,Holzheim,09,2024,1274.3,published_numeric,DE_ATLAS_HA26_GEM_2024
09773143,09773,Laugna,09,2024,1415.7,published_numeric,DE_ATLAS_HA26_GEM_2024
09773144,09773,"Lauingen (Donau), St",09,2024,1952.4,published_numeric,DE_ATLAS_HA26_GEM_2024
09773146,09773,Lutzingen,09,2024,1004.4,published_numeric,DE_ATLAS_HA26_GEM_2024
09773147,09773,Mödingen,09,2024,1206.5,published_numeric,DE_ATLAS_HA26_GEM_2024
09773150,09773,Finningen,09,2024,1579,published_numeric,DE_ATLAS_HA26_GEM_2024
09773153,09773,Medlingen,09,2024,1446.2,published_numeric,DE_ATLAS_HA26_GEM_2024
09773164,09773,Schwenningen,09,2024,1339.8,published_numeric,DE_ATLAS_HA26_GEM_2024
09773170,09773,Syrgenstein,09,2024,1149.5,published_numeric,DE_ATLAS_HA26_GEM_2024
09773179,09773,Villenbach,09,2024,1199.2,published_numeric,DE_ATLAS_HA26_GEM_2024
09773182,09773,"Wertingen, St",09,2024,2470.6,published_numeric,DE_ATLAS_HA26_GEM_2024
09773183,09773,"Wittislingen, M",09,2024,1142.2,published_numeric,DE_ATLAS_HA26_GEM_2024
09773186,09773,Ziertheim,09,2024,1406,published_numeric,DE_ATLAS_HA26_GEM_2024
09773187,09773,Zöschingen,09,2024,2099.7,published_numeric,DE_ATLAS_HA26_GEM_2024
09773188,09773,Zusamaltheim,09,2024,1189.4,published_numeric,DE_ATLAS_HA26_GEM_2024
09774111,09774,Aletshausen,09,2024,1190,published_numeric,DE_ATLAS_HA26_GEM_2024
09774115,09774,Balzhausen,09,2024,2606.6,published_numeric,DE_ATLAS_HA26_GEM_2024
09774116,09774,Ursberg,09,2024,949.8,published_numeric,DE_ATLAS_HA26_GEM_2024
09774117,09774,Breitenthal,09,2024,1183,published_numeric,DE_ATLAS_HA26_GEM_2024
09774118,09774,Bubesheim,09,2024,1958.7,published_numeric,DE_ATLAS_HA26_GEM_2024
09774119,09774,Bibertal,09,2024,1377.9,published_numeric,DE_ATLAS_HA26_GEM_2024
09774121,09774,"Burgau, St",09,2024,2409.7,published_numeric,DE_ATLAS_HA26_GEM_2024
09774122,09774,"Burtenbach, M",09,2024,1603.9,published_numeric,DE_ATLAS_HA26_GEM_2024
09774124,09774,Deisenhausen,09,2024,1436.3,published_numeric,DE_ATLAS_HA26_GEM_2024
09774127,09774,Dürrlauingen,09,2024,1029.4,published_numeric,DE_ATLAS_HA26_GEM_2024
09774129,09774,Ebershausen,09,2024,910.2,published_numeric,DE_ATLAS_HA26_GEM_2024
09774133,09774,Ellzee,09,2024,2082.1,published_numeric,DE_ATLAS_HA26_GEM_2024
09774135,09774,"Günzburg, GKSt",09,2024,1987.1,published_numeric,DE_ATLAS_HA26_GEM_2024
09774136,09774,Gundremmingen,09,2024,6067.9,published_numeric,DE_ATLAS_HA26_GEM_2024
09774140,09774,Haldenwang,09,2024,1013.2,published_numeric,DE_ATLAS_HA26_GEM_2024
09774143,09774,"Ichenhausen, St",09,2024,1531.6,published_numeric,DE_ATLAS_HA26_GEM_2024
09774144,09774,"Jettingen-Scheppach, M",09,2024,2754.3,published_numeric,DE_ATLAS_HA26_GEM_2024
09774145,09774,Kammeltal,09,2024,1360,published_numeric,DE_ATLAS_HA26_GEM_2024
09774148,09774,Kötz,09,2024,2739.7,published_numeric,DE_ATLAS_HA26_GEM_2024
09774150,09774,"Krumbach (Schwaben), St",09,2024,1434.1,published_numeric,DE_ATLAS_HA26_GEM_2024
09774151,09774,Landensberg,09,2024,2283.4,published_numeric,DE_ATLAS_HA26_GEM_2024
09774155,09774,"Leipheim, St",09,2024,1539.2,published_numeric,DE_ATLAS_HA26_GEM_2024
09774160,09774,"Münsterhausen, M",09,2024,1348.8,published_numeric,DE_ATLAS_HA26_GEM_2024
09774162,09774,"Neuburg a.d.Kammel, M",09,2024,1654.4,published_numeric,DE_ATLAS_HA26_GEM_2024
09774166,09774,Aichen,09,2024,1254,published_numeric,DE_ATLAS_HA26_GEM_2024
09774171,09774,"Offingen, M",09,2024,1428.2,published_numeric,DE_ATLAS_HA26_GEM_2024
09774174,09774,Rettenbach,09,2024,1547.5,published_numeric,DE_ATLAS_HA26_GEM_2024
09774178,09774,Röfingen,09,2024,1400.4,published_numeric,DE_ATLAS_HA26_GEM_2024
09774185,09774,"Thannhausen, St",09,2024,1761.8,published_numeric,DE_ATLAS_HA26_GEM_2024
09774189,09774,Wiesenbach,09,2024,1053.2,published_numeric,DE_ATLAS_HA26_GEM_2024
09774191,09774,"Waldstetten, M",09,2024,3686.7,published_numeric,DE_ATLAS_HA26_GEM_2024
09774192,09774,Waltenhausen,09,2024,1333,published_numeric,DE_ATLAS_HA26_GEM_2024
09774196,09774,Winterbach,09,2024,987.8,published_numeric,DE_ATLAS_HA26_GEM_2024
09774198,09774,"Ziemetshausen, M",09,2024,1527.7,published_numeric,DE_ATLAS_HA26_GEM_2024
09774451,09774,Ebershauser-Nattenhauser Wald,09,2024,,published_missing_sentinel,DE_ATLAS_HA26_GEM_2024
09774452,09774,Winzerwald,09,2024,,published_missing_sentinel,DE_ATLAS_HA26_GEM_2024
09775111,09775,"Altenstadt, M",09,2024,1634.2,published_numeric,DE_ATLAS_HA26_GEM_2024
09775115,09775,Bellenberg,09,2024,1559.1,published_numeric,DE_ATLAS_HA26_GEM_2024
09775118,09775,"Buch, M",09,2024,1381.6,published_numeric,DE_ATLAS_HA26_GEM_2024
09775126,09775,Holzheim,09,2024,1072.9,published_numeric,DE_ATLAS_HA26_GEM_2024
09775129,09775,"Illertissen, St",09,2024,1578.8,published_numeric,DE_ATLAS_HA26_GEM_2024
09775132,09775,"Kellmünz a.d.Iller, M",09,2024,1575.1,published_numeric,DE_ATLAS_HA26_GEM_2024
09775134,09775,Nersingen,09,2024,1178.8,published_numeric,DE_ATLAS_HA26_GEM_2024
09775135,09775,"Neu-Ulm, GKSt",09,2024,1762.7,published_numeric,DE_ATLAS_HA26_GEM_2024
09775139,09775,Elchingen,09,2024,1752.8,published_numeric,DE_ATLAS_HA26_GEM_2024
09775141,09775,Oberroth,09,2024,1104.8,published_numeric,DE_ATLAS_HA26_GEM_2024
09775142,09775,Osterberg,09,2024,1027.3,published_numeric,DE_ATLAS_HA26_GEM_2024
09775143,09775,"Pfaffenhofen a.d.Roth, M",09,2024,1341.4,published_numeric,DE_ATLAS_HA26_GEM_2024
09775149,09775,Roggenburg,09,2024,1448,published_numeric,DE_ATLAS_HA26_GEM_2024
09775152,09775,"Senden, St",09,2024,1669.9,published_numeric,DE_ATLAS_HA26_GEM_2024
09775161,09775,Unterroth,09,2024,1924.6,published_numeric,DE_ATLAS_HA26_GEM_2024
09775162,09775,"Vöhringen, St",09,2024,2177.7,published_numeric,DE_ATLAS_HA26_GEM_2024
09775164,09775,"Weißenhorn, St",09,2024,2545.1,published_numeric,DE_ATLAS_HA26_GEM_2024
09775451,09775,Auwald,09,2024,,published_missing_sentinel,DE_ATLAS_HA26_GEM_2024
09775452,09775,Oberroggenburger Wald,09,2024,,published_missing_sentinel,DE_ATLAS_HA26_GEM_2024
09775454,09775,Stoffenrieder Forst,09,2024,,published_missing_sentinel,DE_ATLAS_HA26_GEM_2024
09775455,09775,Unterroggenburger Wald,09,2024,,published_missing_sentinel,DE_ATLAS_HA26_GEM_2024
09776111,09776,Bodolz,09,2024,1337,published_numeric,DE_ATLAS_HA26_GEM_2024
09776112,09776,Gestratz,09,2024,1304.1,published_numeric,DE_ATLAS_HA26_GEM_2024
09776113,09776,Grünenbach,09,2024,1605.2,published_numeric,DE_ATLAS_HA26_GEM_2024
09776114,09776,"Heimenkirch, M",09,2024,2279.4,published_numeric,DE_ATLAS_HA26_GEM_2024
09776115,09776,Hergensweiler,09,2024,2031.7,published_numeric,DE_ATLAS_HA26_GEM_2024
09776116,09776,"Lindau (Bodensee), GKSt",09,2024,1877.2,published_numeric,DE_ATLAS_HA26_GEM_2024
09776117,09776,"Lindenberg i.Allgäu, St",09,2024,1546,published_numeric,DE_ATLAS_HA26_GEM_2024
09776118,09776,Maierhöfen,09,2024,1214.6,published_numeric,DE_ATLAS_HA26_GEM_2024
09776120,09776,Nonnenhorn,09,2024,1851.6,published_numeric,DE_ATLAS_HA26_GEM_2024
09776121,09776,Oberreute,09,2024,1218.3,published_numeric,DE_ATLAS_HA26_GEM_2024
09776122,09776,Opfenbach,09,2024,1386.8,published_numeric,DE_ATLAS_HA26_GEM_2024
09776124,09776,Röthenbach (Allgäu),09,2024,1051.5,published_numeric,DE_ATLAS_HA26_GEM_2024
09776125,09776,"Scheidegg, M",09,2024,1540.6,published_numeric,DE_ATLAS_HA26_GEM_2024
09776126,09776,Sigmarszell,09,2024,1456.7,published_numeric,DE_ATLAS_HA26_GEM_2024
09776127,09776,Stiefenhofen,09,2024,1344.4,published_numeric,DE_ATLAS_HA26_GEM_2024
09776128,09776,Wasserburg (Bodensee),09,2024,2024.2,published_numeric,DE_ATLAS_HA26_GEM_2024
09776129,09776,"Weiler-Simmerberg, M",09,2024,1621.3,published_numeric,DE_ATLAS_HA26_GEM_2024
09776130,09776,Weißensberg,09,2024,1931.7,published_numeric,DE_ATLAS_HA26_GEM_2024
09776131,09776,Hergatz,09,2024,1645.7,published_numeric,DE_ATLAS_HA26_GEM_2024
09777111,09777,Aitrang,09,2024,1370,published_numeric,DE_ATLAS_HA26_GEM_2024
09777112,09777,Biessenhofen,09,2024,1860.2,published_numeric,DE_ATLAS_HA26_GEM_2024
09777114,09777,Baisweil,09,2024,1072.2,published_numeric,DE_ATLAS_HA26_GEM_2024
09777118,09777,Bidingen,09,2024,1270.5,published_numeric,DE_ATLAS_HA26_GEM_2024
09777121,09777,"Buchloe, St",09,2024,1963,published_numeric,DE_ATLAS_HA26_GEM_2024
09777124,09777,Eggenthal,09,2024,1368.9,published_numeric,DE_ATLAS_HA26_GEM_2024
09777125,09777,Eisenberg,09,2024,1271.4,published_numeric,DE_ATLAS_HA26_GEM_2024
09777128,09777,Friesenried,09,2024,1326,published_numeric,DE_ATLAS_HA26_GEM_2024
09777129,09777,"Füssen, St",09,2024,1651.5,published_numeric,DE_ATLAS_HA26_GEM_2024
09777130,09777,Germaringen,09,2024,2149.3,published_numeric,DE_ATLAS_HA26_GEM_2024
09777131,09777,Görisried,09,2024,1758.1,published_numeric,DE_ATLAS_HA26_GEM_2024
09777135,09777,Hopferau,09,2024,1172.8,published_numeric,DE_ATLAS_HA26_GEM_2024
09777138,09777,Günzach,09,2024,1492,published_numeric,DE_ATLAS_HA26_GEM_2024
09777139,09777,"Irsee, M",09,2024,1290.6,published_numeric,DE_ATLAS_HA26_GEM_2024
09777140,09777,Jengen,09,2024,1499.1,published_numeric,DE_ATLAS_HA26_GEM_2024
09777141,09777,"Kaltental, M",09,2024,1069.4,published_numeric,DE_ATLAS_HA26_GEM_2024
09777144,09777,Kraftisried,09,2024,1953.8,published_numeric,DE_ATLAS_HA26_GEM_2024
09777145,09777,Lamerdingen,09,2024,1464,published_numeric,DE_ATLAS_HA26_GEM_2024
09777147,09777,Lechbruck am See,09,2024,2148,published_numeric,DE_ATLAS_HA26_GEM_2024
09777149,09777,Lengenwang,09,2024,3581.3,published_numeric,DE_ATLAS_HA26_GEM_2024
09777151,09777,"Marktoberdorf, St",09,2024,3523.3,published_numeric,DE_ATLAS_HA26_GEM_2024
09777152,09777,Mauerstetten,09,2024,3533.4,published_numeric,DE_ATLAS_HA26_GEM_2024
09777153,09777,"Nesselwang, M",09,2024,3377.8,published_numeric,DE_ATLAS_HA26_GEM_2024
09777154,09777,"Obergünzburg, M",09,2024,1345.9,published_numeric,DE_ATLAS_HA26_GEM_2024
09777155,09777,Oberostendorf,09,2024,1658.6,published_numeric,DE_ATLAS_HA26_GEM_2024
09777157,09777,Osterzell,09,2024,1168.2,published_numeric,DE_ATLAS_HA26_GEM_2024
09777158,09777,Pforzen,09,2024,1274.7,published_numeric,DE_ATLAS_HA26_GEM_2024
09777159,09777,Pfronten,09,2024,2318.2,published_numeric,DE_ATLAS_HA26_GEM_2024
09777163,09777,Rieden am Forggensee,09,2024,3309.1,published_numeric,DE_ATLAS_HA26_GEM_2024
09777164,09777,Rieden,09,2024,1030.7,published_numeric,DE_ATLAS_HA26_GEM_2024
09777165,09777,"Ronsberg, M",09,2024,1884,published_numeric,DE_ATLAS_HA26_GEM_2024
09777166,09777,Roßhaupten,09,2024,1834.3,published_numeric,DE_ATLAS_HA26_GEM_2024
09777167,09777,Ruderatshofen,09,2024,1688.3,published_numeric,DE_ATLAS_HA26_GEM_2024
09777168,09777,Rückholz,09,2024,1274.7,published_numeric,DE_ATLAS_HA26_GEM_2024
09777169,09777,Schwangau,09,2024,1999.7,published_numeric,DE_ATLAS_HA26_GEM_2024
09777170,09777,Seeg,09,2024,1224.3,published_numeric,DE_ATLAS_HA26_GEM_2024
09777171,09777,Stötten a.Auerberg,09,2024,1116.3,published_numeric,DE_ATLAS_HA26_GEM_2024
09777172,09777,Stöttwang,09,2024,1115.1,published_numeric,DE_ATLAS_HA26_GEM_2024
09777173,09777,Halblech,09,2024,1808.6,published_numeric,DE_ATLAS_HA26_GEM_2024
09777175,09777,"Unterthingau, M",09,2024,1519,published_numeric,DE_ATLAS_HA26_GEM_2024
09777176,09777,Untrasried,09,2024,1293.2,published_numeric,DE_ATLAS_HA26_GEM_2024
09777177,09777,"Waal, M",09,2024,1409.3,published_numeric,DE_ATLAS_HA26_GEM_2024
09777179,09777,Wald,09,2024,1403,published_numeric,DE_ATLAS_HA26_GEM_2024
09777182,09777,Westendorf,09,2024,1794.7,published_numeric,DE_ATLAS_HA26_GEM_2024
09777183,09777,Rettenbach a.Auerberg,09,2024,2729.4,published_numeric,DE_ATLAS_HA26_GEM_2024
09778111,09778,Amberg,09,2024,1722,published_numeric,DE_ATLAS_HA26_GEM_2024
09778113,09778,Apfeltrach,09,2024,1102.8,published_numeric,DE_ATLAS_HA26_GEM_2024
09778115,09778,"Babenhausen, M",09,2024,2399.4,published_numeric,DE_ATLAS_HA26_GEM_2024
09778116,09778,"Bad Wörishofen, St",09,2024,1906.5,published_numeric,DE_ATLAS_HA26_GEM_2024
09778118,09778,Benningen,09,2024,2229.1,published_numeric,DE_ATLAS_HA26_GEM_2024
09778119,09778,Böhen,09,2024,1507,published_numeric,DE_ATLAS_HA26_GEM_2024
09778120,09778,Boos,09,2024,1151.7,published_numeric,DE_ATLAS_HA26_GEM_2024
09778121,09778,Breitenbrunn,09,2024,1180.5,published_numeric,DE_ATLAS_HA26_GEM_2024
09778123,09778,Buxheim,09,2024,1437.4,published_numeric,DE_ATLAS_HA26_GEM_2024
09778127,09778,"Dirlewang, M",09,2024,1218.4,published_numeric,DE_ATLAS_HA26_GEM_2024
09778130,09778,Egg a.d.Günz,09,2024,1380.5,published_numeric,DE_ATLAS_HA26_GEM_2024
09778134,09778,Eppishausen,09,2024,1576,published_numeric,DE_ATLAS_HA26_GEM_2024
09778136,09778,"Erkheim, M",09,2024,2061.6,published_numeric,DE_ATLAS_HA26_GEM_2024
09778137,09778,Ettringen,09,2024,1510.5,published_numeric,DE_ATLAS_HA26_GEM_2024
09778139,09778,Fellheim,09,2024,1441.9,published_numeric,DE_ATLAS_HA26_GEM_2024
09778144,09778,"Bad Grönenbach, M",09,2024,3262.4,published_numeric,DE_ATLAS_HA26_GEM_2024
09778149,09778,Hawangen,09,2024,4756.8,published_numeric,DE_ATLAS_HA26_GEM_2024
09778150,09778,Heimertingen,09,2024,2999,published_numeric,DE_ATLAS_HA26_GEM_2024
09778151,09778,Holzgünz,09,2024,1991.9,published_numeric,DE_ATLAS_HA26_GEM_2024
09778157,09778,Kirchhaslach,09,2024,1109.9,published_numeric,DE_ATLAS_HA26_GEM_2024
09778158,09778,"Kirchheim i.Schw., M",09,2024,1393.2,published_numeric,DE_ATLAS_HA26_GEM_2024
09778161,09778,Kronburg,09,2024,1275.6,published_numeric,DE_ATLAS_HA26_GEM_2024
09778162,09778,Lachen,09,2024,1778.8,published_numeric,DE_ATLAS_HA26_GEM_2024
09778163,09778,Lauben,09,2024,1254.4,published_numeric,DE_ATLAS_HA26_GEM_2024
09778164,09778,Lautrach,09,2024,1148.6,published_numeric,DE_ATLAS_HA26_GEM_2024
09778165,09778,"Legau, M",09,2024,2609,published_numeric,DE_ATLAS_HA26_GEM_2024
09778168,09778,"Markt Rettenbach, M",09,2024,1291.6,published_numeric,DE_ATLAS_HA26_GEM_2024
09778169,09778,"Markt Wald, M",09,2024,1332.4,published_numeric,DE_ATLAS_HA26_GEM_2024
09778171,09778,Memmingerberg,09,2024,2271,published_numeric,DE_ATLAS_HA26_GEM_2024
09778173,09778,"Mindelheim, St",09,2024,1818.9,published_numeric,DE_ATLAS_HA26_GEM_2024
09778177,09778,Niederrieden,09,2024,1169.4,published_numeric,DE_ATLAS_HA26_GEM_2024
09778180,09778,Kammlach,09,2024,1119.9,published_numeric,DE_ATLAS_HA26_GEM_2024
09778183,09778,Oberrieden,09,2024,1158.2,published_numeric,DE_ATLAS_HA26_GEM_2024
09778184,09778,Oberschönegg,09,2024,4058.3,published_numeric,DE_ATLAS_HA26_GEM_2024
09778186,09778,"Ottobeuren, M",09,2024,1518.6,published_numeric,DE_ATLAS_HA26_GEM_2024
09778187,09778,"Pfaffenhausen, M",09,2024,2307.5,published_numeric,DE_ATLAS_HA26_GEM_2024
09778188,09778,Pleß,09,2024,992.7,published_numeric,DE_ATLAS_HA26_GEM_2024
09778190,09778,Salgen,09,2024,2363.3,published_numeric,DE_ATLAS_HA26_GEM_2024
09778196,09778,Sontheim,09,2024,1163.7,published_numeric,DE_ATLAS_HA26_GEM_2024
09778199,09778,Stetten,09,2024,3033.2,published_numeric,DE_ATLAS_HA26_GEM_2024
09778202,09778,Trunkelsberg,09,2024,969,published_numeric,DE_ATLAS_HA26_GEM_2024
09778203,09778,"Türkheim, M",09,2024,2436.9,published_numeric,DE_ATLAS_HA26_GEM_2024
09778204,09778,"Tussenhausen, M",09,2024,2264.8,published_numeric,DE_ATLAS_HA26_GEM_2024
09778205,09778,Ungerhausen,09,2024,3167.7,published_numeric,DE_ATLAS_HA26_GEM_2024
09778207,09778,Unteregg,09,2024,1214.6,published_numeric,DE_ATLAS_HA26_GEM_2024
09778209,09778,Rammingen,09,2024,1599.2,published_numeric,DE_ATLAS_HA26_GEM_2024
09778214,09778,Westerheim,09,2024,1409.3,published_numeric,DE_ATLAS_HA26_GEM_2024
09778216,09778,Wiedergeltingen,09,2024,1394,published_numeric,DE_ATLAS_HA26_GEM_2024
09778217,09778,Winterrieden,09,2024,1526.1,published_numeric,DE_ATLAS_HA26_GEM_2024
09778218,09778,Wolfertschwenden,09,2024,6640.9,published_numeric,DE_ATLAS_HA26_GEM_2024
09778219,09778,Woringen,09,2024,2130.6,published_numeric,DE_ATLAS_HA26_GEM_2024
09778221,09778,Kettershausen,09,2024,1068.5,published_numeric,DE_ATLAS_HA26_GEM_2024
09778451,09778,Ungerhauser Wald,09,2024,,published_missing_sentinel,DE_ATLAS_HA26_GEM_2024
09779111,09779,Alerheim,09,2024,2039.2,published_numeric,DE_ATLAS_HA26_GEM_2024
09779112,09779,Amerdingen,09,2024,1065.3,published_numeric,DE_ATLAS_HA26_GEM_2024
09779115,09779,Asbach-Bäumenheim,09,2024,4567.2,published_numeric,DE_ATLAS_HA26_GEM_2024
09779117,09779,Auhausen,09,2024,1645.5,published_numeric,DE_ATLAS_HA26_GEM_2024
09779126,09779,Buchdorf,09,2024,1633.9,published_numeric,DE_ATLAS_HA26_GEM_2024
09779129,09779,Daiting,09,2024,1125.2,published_numeric,DE_ATLAS_HA26_GEM_2024
09779130,09779,Deiningen,09,2024,1649.7,published_numeric,DE_ATLAS_HA26_GEM_2024
09779131,09779,"Donauwörth, GKSt",09,2024,4403.9,published_numeric,DE_ATLAS_HA26_GEM_2024
09779136,09779,Ederheim,09,2024,1360.7,published_numeric,DE_ATLAS_HA26_GEM_2024
09779138,09779,Ehingen a.Ries,09,2024,952.4,published_numeric,DE_ATLAS_HA26_GEM_2024
09779146,09779,Forheim,09,2024,1551.4,published_numeric,DE_ATLAS_HA26_GEM_2024
09779147,09779,Fremdingen,09,2024,1215.4,published_numeric,DE_ATLAS_HA26_GEM_2024
09779148,09779,Fünfstetten,09,2024,1273.2,published_numeric,DE_ATLAS_HA26_GEM_2024
09779149,09779,Genderkingen,09,2024,1936.7,published_numeric,DE_ATLAS_HA26_GEM_2024
09779154,09779,Hainsfarth,09,2024,1005.4,published_numeric,DE_ATLAS_HA26_GEM_2024
09779155,09779,"Harburg (Schwaben), St",09,2024,1711.2,published_numeric,DE_ATLAS_HA26_GEM_2024
09779162,09779,Hohenaltheim,09,2024,1068.7,published_numeric,DE_ATLAS_HA26_GEM_2024
09779163,09779,Holzheim,09,2024,2691.8,published_numeric,DE_ATLAS_HA26_GEM_2024
09779167,09779,Huisheim,09,2024,987.3,published_numeric,DE_ATLAS_HA26_GEM_2024
09779169,09779,"Kaisheim, M",09,2024,1124.1,published_numeric,DE_ATLAS_HA26_GEM_2024
09779176,09779,Maihingen,09,2024,1447.8,published_numeric,DE_ATLAS_HA26_GEM_2024
09779177,09779,Marktoffingen,09,2024,1536.8,published_numeric,DE_ATLAS_HA26_GEM_2024
09779178,09779,Marxheim,09,2024,1135.7,published_numeric,DE_ATLAS_HA26_GEM_2024
09779180,09779,Megesheim,09,2024,929.6,published_numeric,DE_ATLAS_HA26_GEM_2024
09779181,09779,Mertingen,09,2024,4612.8,published_numeric,DE_ATLAS_HA26_GEM_2024
09779184,09779,Mönchsdeggingen,09,2024,1240.4,published_numeric,DE_ATLAS_HA26_GEM_2024
09779185,09779,Möttingen,09,2024,1427.1,published_numeric,DE_ATLAS_HA26_GEM_2024
09779186,09779,"Monheim, St",09,2024,1763.7,published_numeric,DE_ATLAS_HA26_GEM_2024
09779187,09779,Münster,09,2024,2435.7,published_numeric,DE_ATLAS_HA26_GEM_2024
09779188,09779,Munningen,09,2024,1454.5,published_numeric,DE_ATLAS_HA26_GEM_2024
09779192,09779,Niederschönenfeld,09,2024,1043.1,published_numeric,DE_ATLAS_HA26_GEM_2024
09779194,09779,"Nördlingen, GKSt",09,2024,2710.3,published_numeric,DE_ATLAS_HA26_GEM_2024
09779196,09779,Oberndorf a.Lech,09,2024,1387.3,published_numeric,DE_ATLAS_HA26_GEM_2024
09779197,09779,"Oettingen i.Bay., St",09,2024,3003.4,published_numeric,DE_ATLAS_HA26_GEM_2024
09779198,09779,Otting,09,2024,1099.7,published_numeric,DE_ATLAS_HA26_GEM_2024
09779201,09779,"Rain, St",09,2024,2199.2,published_numeric,DE_ATLAS_HA26_GEM_2024
09779203,09779,Reimlingen,09,2024,1716.3,published_numeric,DE_ATLAS_HA26_GEM_2024
09779206,09779,Rögling,09,2024,1084.8,published_numeric,DE_ATLAS_HA26_GEM_2024
09779217,09779,Tagmersheim,09,2024,1124.6,published_numeric,DE_ATLAS_HA26_GEM_2024
09779218,09779,Tapfheim,09,2024,1274.5,published_numeric,DE_ATLAS_HA26_GEM_2024
09779224,09779,"Wallerstein, M",09,2024,1457.9,published_numeric,DE_ATLAS_HA26_GEM_2024
09779226,09779,Wechingen,09,2024,1475.4,published_numeric,DE_ATLAS_HA26_GEM_2024
09779228,09779,"Wemding, St",09,2024,1638.9,published_numeric,DE_ATLAS_HA26_GEM_2024
09779231,09779,Wolferstadt,09,2024,1378.5,published_numeric,DE_ATLAS_HA26_GEM_2024
09779452,09779,Dornstadt-Linkersbaindt,09,2024,,published_missing_sentinel,DE_ATLAS_HA26_GEM_2024
09779453,09779,Esterholz,09,2024,,published_missing_sentinel,DE_ATLAS_HA26_GEM_2024
09780112,09780,"Altusried, M",09,2024,1287.9,published_numeric,DE_ATLAS_HA26_GEM_2024
09780113,09780,Balderschwang,09,2024,1630.4,published_numeric,DE_ATLAS_HA26_GEM_2024
09780114,09780,Betzigau,09,2024,1720.2,published_numeric,DE_ATLAS_HA26_GEM_2024
09780115,09780,Blaichach,09,2024,1433.3,published_numeric,DE_ATLAS_HA26_GEM_2024
09780116,09780,Bolsterlang,09,2024,1.4,published_numeric,DE_ATLAS_HA26_GEM_2024
09780117,09780,"Buchenberg, M",09,2024,5.4,published_numeric,DE_ATLAS_HA26_GEM_2024
09780118,09780,Burgberg i.Allgäu,09,2024,5.2,published_numeric,DE_ATLAS_HA26_GEM_2024
09780119,09780,"Dietmannsried, M",09,2024,12.8,published_numeric,DE_ATLAS_HA26_GEM_2024
09780120,09780,Durach,09,2024,10.6,published_numeric,DE_ATLAS_HA26_GEM_2024
09780121,09780,Fischen i.Allgäu,09,2024,4.8,published_numeric,DE_ATLAS_HA26_GEM_2024
09780122,09780,Haldenwang,09,2024,7.2,published_numeric,DE_ATLAS_HA26_GEM_2024
09780123,09780,"Bad Hindelang, M",09,2024,8.5,published_numeric,DE_ATLAS_HA26_GEM_2024
09780124,09780,"Immenstadt i.Allgäu, St",09,2024,21.8,published_numeric,DE_ATLAS_HA26_GEM_2024
09780125,09780,Lauben,09,2024,5.1,published_numeric,DE_ATLAS_HA26_GEM_2024
09780127,09780,Missen-Wilhams,09,2024,1.7,published_numeric,DE_ATLAS_HA26_GEM_2024
09780128,09780,Oy-Mittelberg,09,2024,7,published_numeric,DE_ATLAS_HA26_GEM_2024
09780131,09780,Obermaiselstein,09,2024,1.7,published_numeric,DE_ATLAS_HA26_GEM_2024
09780132,09780,"Oberstaufen, M",09,2024,15,published_numeric,DE_ATLAS_HA26_GEM_2024
09780133,09780,"Oberstdorf, M",09,2024,20.4,published_numeric,DE_ATLAS_HA26_GEM_2024
09780134,09780,Ofterschwang,09,2024,6,published_numeric,DE_ATLAS_HA26_GEM_2024
09780137,09780,Rettenberg,09,2024,5.4,published_numeric,DE_ATLAS_HA26_GEM_2024
09780139,09780,"Sonthofen, St",09,2024,37.6,published_numeric,DE_ATLAS_HA26_GEM_2024
09780140,09780,"Sulzberg, M",09,2024,12,published_numeric,DE_ATLAS_HA26_GEM_2024
09780143,09780,Waltenhofen,09,2024,17.9,published_numeric,DE_ATLAS_HA26_GEM_2024
09780144,09780,"Weitnau, M",09,2024,6,published_numeric,DE_ATLAS_HA26_GEM_2024
09780145,09780,"Wertach, M",09,2024,3.6,published_numeric,DE_ATLAS_HA26_GEM_2024
09780146,09780,"Wiggensbach, M",09,2024,9.6,published_numeric,DE_ATLAS_HA26_GEM_2024
09780147,09780,Wildpoldsried,09,2024,5.4,published_numeric,DE_ATLAS_HA26_GEM_2024
09780451,09780,Kempter Wald,09,2024,,published_missing_sentinel,DE_ATLAS_HA26_GEM_2024
