{"type":"FeatureCollection","meta":{"schema_version":1,"status":"supplementary_category_counts_only","city":"Bremen","year":2025,"comparison_year":2024,"metric_scope":"seven_official_local_categories_absolute_cases_no_rates","police_source":"https://www.bremische-buergerschaft.de/dokumente/wp21/land/drucksache/D21L1866.pdf","geometry_source":"https://geodienste.bremen.de/wfs_verwaltungsgrenzen","geometry_area_km2":318.454,"official_area_km2":318.454,"area_count":22,"category_definitions":{"all_offenses":{"zh":"全部登记犯罪","code":"------"},"sexual":{"zh":"性犯罪","code":"100000"},"robbery":{"zh":"抢劫与暴力勒索","code":"210000"},"bodily_injury":{"zh":"伤害犯罪","code":"220000"},"burglary":{"zh":"住宅入室盗窃","code":"435*00"},"theft":{"zh":"盗窃总体","code":"****00"},"drug":{"zh":"毒品犯罪","code":"730000"}},"mapped_categories":{"all_offenses":{"2024":78269,"2025":69710,"missing_2025":0},"sexual":{"2024":884,"2025":960,"missing_2025":3},"robbery":{"2024":1098,"2025":959,"missing_2025":4},"bodily_injury":{"2024":7116,"2025":7138,"missing_2025":1},"burglary":{"2024":1199,"2025":1000,"missing_2025":2},"theft":{"2024":41051,"2025":33720,"missing_2025":0},"drug":{"2024":2722,"2025":2379,"missing_2025":3}},"year_rate_status":"not_calculated_no_verified_matching_2025_population","no_zero_imputation":"Official dash in source is encoded as JSON null, never zero.","unlocated_warning":"2024/2025 PKS city totals may contain cases not assigned to these 22 areas. Local sums are not complete city totals.","license_note":"Official parliamentary publication is linked for source verification; numbers are independently transcribed public statistics, PDF is not redistributed."},"features":[{"type":"Feature","id":"bremen-pks-01","properties":{"city":"Bremen","year":2025,"police_table":1,"name":"Ortsteil Blockland","source_regions":[{"kind":"ortsteil","name":"Blockland","code":"04011411"}],"area_km2":30.577,"offense_cases":null,"population":null,"crime_rate":null,"metrics":{"all_offenses":{"2024":48,"2025":30,"rate":null},"sexual":{"2024":null,"2025":null,"rate":null},"robbery":{"2024":1,"2025":null,"rate":null},"bodily_injury":{"2024":3,"2025":null,"rate":null},"burglary":{"2024":2,"2025":null,"rate":null},"theft":{"2024":27,"2025":14,"rate":null},"drug":{"2024":null,"2025":null,"rate":null}}},"geometry":{"type":"Polygon","coordinates":[[[8.740932,53.167083],[8.740751,53.166248],[8.740628,53.165705],[8.740626,53.164811],[8.741084,53.16426],[8.741846,53.163819],[8.742623,53.163693],[8.742884,53.163705],[8.743474,53.163725],[8.744734,53.164049],[8.746098,53.16493],[8.747431,53.165779],[8.747726,53.165877],[8.747985,53.165919],[8.748598,53.165919],[8.748823,53.165859],[8.74889,53.165838],[8.749225,53.165715],[8.749722,53.16549],[8.750144,53.165304],[8.750983,53.165017],[8.751473,53.164847],[8.751586,53.164794],[8.751765,53.164706],[8.751808,53.164685],[8.751901,53.16464],[8.752023,53.164581],[8.752706,53.164249],[8.752908,53.164149],[8.753519,53.163854],[8.754127,53.163612],[8.754292,53.163546],[8.754999,53.163381],[8.755683,53.16337],[8.756259,53.163575],[8.757523,53.164158],[8.75763,53.164207],[8.757803,53.164275],[8.758224,53.164441],[8.758852,53.16469],[8.758911,53.164715],[8.759638,53.164926],[8.759817,53.164978],[8.76019,53.165044],[8.76061,53.165115],[8.761242,53.16516],[8.762001,53.165034],[8.762236,53.164959],[8.762859,53.164486],[8.763019,53.164367],[8.76352,53.163835],[8.764059,53.163259],[8.764373,53.162922],[8.765135,53.162432],[8.765928,53.161923],[8.766526,53.161694],[8.767344,53.161283],[8.76799,53.160958],[8.768472,53.160716],[8.769619,53.160141],[8.770307,53.159797],[8.771279,53.15939],[8.771943,53.159193],[8.772181,53.159177],[8.773634,53.15895],[8.77428,53.158847],[8.774994,53.158616],[8.775653,53.158402],[8.776114,53.158305],[8.776491,53.158281],[8.776768,53.158318],[8.777113,53.158423],[8.777418,53.158672],[8.777573,53.158851],[8.777576,53.158879],[8.777607,53.159196],[8.777404,53.159655],[8.777135,53.159922],[8.776993,53.160021],[8.776353,53.16048],[8.775606,53.161015],[8.775445,53.161244],[8.775395,53.161385],[8.775537,53.161619],[8.775828,53.161785],[8.776656,53.161925],[8.778655,53.161828],[8.779597,53.161782],[8.780087,53.161849],[8.780449,53.161953],[8.780835,53.162234],[8.781456,53.163143],[8.781527,53.163252],[8.78177,53.163411],[8.782372,53.163513],[8.782744,53.163493],[8.783549,53.163309],[8.784107,53.163239],[8.786284,53.163112],[8.7868,53.162888],[8.787019,53.162683],[8.787248,53.162243],[8.787524,53.161243],[8.787623,53.160871],[8.787824,53.160611],[8.788265,53.160372],[8.788817,53.160253],[8.78912,53.160269],[8.789616,53.160413],[8.789874,53.160542],[8.790402,53.161062],[8.790532,53.161183],[8.790759,53.161991],[8.790859,53.163238],[8.790987,53.163347],[8.791495,53.163408],[8.791858,53.163314],[8.792177,53.163176],[8.792587,53.16294],[8.793226,53.162275],[8.793964,53.161524],[8.794244,53.161422],[8.794598,53.161398],[8.795213,53.161531],[8.795386,53.161614],[8.795719,53.161878],[8.796052,53.162236],[8.796413,53.162697],[8.797062,53.163517],[8.797342,53.163622],[8.797748,53.163533],[8.797999,53.163331],[8.798149,53.163134],[8.798179,53.162948],[8.79813,53.162701],[8.798118,53.162681],[8.797545,53.161735],[8.797494,53.161372],[8.797615,53.161172],[8.797697,53.161031],[8.798319,53.160784],[8.79887,53.160706],[8.799829,53.160714],[8.800388,53.160834],[8.800907,53.160947],[8.801532,53.161167],[8.801808,53.161251],[8.802384,53.16155],[8.802546,53.161635],[8.802998,53.161869],[8.803774,53.162272],[8.804147,53.162251],[8.804474,53.162158],[8.804946,53.161772],[8.805394,53.161327],[8.805728,53.161],[8.806324,53.16041],[8.806528,53.160287],[8.807055,53.160245],[8.807523,53.160384],[8.807993,53.160768],[8.808355,53.161583],[8.808431,53.162132],[8.808658,53.16287],[8.808887,53.162996],[8.809206,53.163026],[8.809583,53.162974],[8.809932,53.162856],[8.810291,53.162612],[8.81044,53.162493],[8.811246,53.161839],[8.811911,53.161301],[8.812209,53.161161],[8.81277,53.161194],[8.813163,53.161256],[8.813383,53.161347],[8.813551,53.161612],[8.813688,53.161827],[8.813874,53.16239],[8.813986,53.162927],[8.814159,53.163764],[8.814545,53.163976],[8.814874,53.163996],[8.815349,53.163907],[8.815671,53.163765],[8.816173,53.163378],[8.816846,53.162535],[8.817166,53.162133],[8.817609,53.161954],[8.818421,53.161775],[8.818742,53.161825],[8.819374,53.162166],[8.819665,53.16232],[8.820389,53.162819],[8.821387,53.163515],[8.821577,53.163595],[8.822091,53.163677],[8.822691,53.163669],[8.823114,53.163613],[8.825746,53.163091],[8.826288,53.163142],[8.826923,53.163285],[8.827185,53.163381],[8.827784,53.163709],[8.828117,53.163889],[8.828637,53.164171],[8.828995,53.164241],[8.829294,53.164209],[8.829537,53.164138],[8.829731,53.164043],[8.829934,53.163843],[8.830036,53.163649],[8.829926,53.163328],[8.829583,53.163148],[8.828949,53.162866],[8.827148,53.162259],[8.826825,53.161975],[8.826707,53.161761],[8.82676,53.161392],[8.826862,53.16127],[8.827532,53.160778],[8.827943,53.16061],[8.828259,53.160538],[8.830499,53.160023],[8.830741,53.15994],[8.831248,53.159769],[8.831712,53.159526],[8.832041,53.159353],[8.832815,53.158739],[8.833175,53.158335],[8.833529,53.157908],[8.833547,53.157878],[8.833914,53.157437],[8.834063,53.157252],[8.834244,53.157063],[8.834706,53.156826],[8.835345,53.156801],[8.836162,53.15712],[8.837176,53.157678],[8.837406,53.157801],[8.837807,53.157889],[8.839082,53.157999],[8.839692,53.157926],[8.839906,53.157819],[8.840071,53.157665],[8.840109,53.157495],[8.840155,53.157296],[8.84002,53.156699],[8.840032,53.156502],[8.840207,53.155349],[8.840263,53.154978],[8.840348,53.154557],[8.840485,53.153981],[8.840613,53.153435],[8.840979,53.152796],[8.841032,53.1527],[8.841164,53.152149],[8.841116,53.151564],[8.841092,53.151211],[8.841139,53.150333],[8.841087,53.149951],[8.841081,53.14983],[8.841024,53.149489],[8.840992,53.149146],[8.840878,53.148299],[8.840955,53.147867],[8.841222,53.147632],[8.841672,53.14752],[8.842422,53.147445],[8.844577,53.147558],[8.844786,53.147524],[8.845118,53.14742],[8.845334,53.147281],[8.845417,53.147021],[8.845346,53.146709],[8.844768,53.146238],[8.844636,53.146032],[8.844681,53.145893],[8.845011,53.145618],[8.845255,53.145483],[8.846605,53.145064],[8.847131,53.144898],[8.847384,53.144799],[8.848443,53.144393],[8.849858,53.143729],[8.849859,53.143728],[8.850107,53.143615],[8.850528,53.143517],[8.851436,53.143499],[8.852689,53.143658],[8.852942,53.143626],[8.853247,53.143434],[8.853279,53.143263],[8.853036,53.142841],[8.852916,53.142635],[8.85286,53.142271],[8.852966,53.142071],[8.8532,53.141849],[8.85325,53.141814],[8.854312,53.141025],[8.854483,53.140902],[8.855102,53.140163],[8.855368,53.140028],[8.855651,53.139988],[8.856111,53.139987],[8.857204,53.140185],[8.857521,53.140202],[8.857551,53.140037],[8.857504,53.139891],[8.857416,53.139763],[8.856659,53.139409],[8.856091,53.139012],[8.855955,53.13885],[8.855928,53.138704],[8.855984,53.138428],[8.85623,53.13826],[8.856717,53.138079],[8.856958,53.138078],[8.857468,53.138145],[8.857775,53.138162],[8.858089,53.138089],[8.858327,53.137939],[8.858592,53.137556],[8.858897,53.137349],[8.859176,53.137317],[8.859362,53.137333],[8.859727,53.137492],[8.860238,53.137891],[8.860463,53.137998],[8.860736,53.13807],[8.861167,53.138089],[8.86143,53.137932],[8.861628,53.137747],[8.861736,53.137553],[8.861782,53.137291],[8.861629,53.137087],[8.861453,53.136855],[8.860965,53.136209],[8.860624,53.135756],[8.860579,53.135697],[8.860422,53.134857],[8.860453,53.134458],[8.860476,53.134404],[8.860508,53.134295],[8.86084,53.133847],[8.861474,53.132994],[8.861547,53.132892],[8.861772,53.132506],[8.861773,53.132204],[8.861997,53.131911],[8.862882,53.131485],[8.863822,53.13134],[8.863966,53.13134],[8.864087,53.131189],[8.864243,53.131047],[8.864398,53.130856],[8.864604,53.130282],[8.864567,53.130235],[8.864566,53.130233],[8.864495,53.130152],[8.864409,53.130053],[8.864296,53.129974],[8.864189,53.129822],[8.864084,53.129703],[8.863895,53.129489],[8.863833,53.129424],[8.862384,53.127912],[8.862126,53.127592],[8.861586,53.126921],[8.861147,53.12646],[8.861135,53.126447],[8.860451,53.125766],[8.858585,53.123814],[8.857389,53.122527],[8.856674,53.121757],[8.854238,53.119283],[8.854014,53.119049],[8.851742,53.116672],[8.851659,53.116586],[8.851469,53.116369],[8.851344,53.116227],[8.850627,53.115528],[8.850377,53.115275],[8.849748,53.115342],[8.849467,53.115371],[8.847561,53.115483],[8.844821,53.115583],[8.821629,53.116353],[8.821505,53.116357],[8.818858,53.116464],[8.817092,53.116519],[8.816844,53.116962],[8.816644,53.117133],[8.815846,53.117457],[8.815653,53.11758],[8.815506,53.117749],[8.815405,53.117827],[8.815365,53.117858],[8.815044,53.118009],[8.814835,53.11809],[8.81459,53.118213],[8.814321,53.118361],[8.814075,53.118517],[8.813825,53.118623],[8.813388,53.118778],[8.813188,53.11887],[8.81251,53.119282],[8.812062,53.119603],[8.811902,53.119754],[8.811662,53.119879],[8.811282,53.119997],[8.810875,53.120098],[8.81055,53.120134],[8.810126,53.120151],[8.809867,53.120203],[8.809606,53.120275],[8.809123,53.120346],[8.808715,53.120386],[8.808481,53.120446],[8.808085,53.12057],[8.80775,53.120718],[8.807572,53.120832],[8.807458,53.120999],[8.80744,53.121482],[8.80681,53.122286],[8.806743,53.122547],[8.80674,53.122949],[8.806692,53.123328],[8.806503,53.123869],[8.806331,53.124484],[8.8062,53.12467],[8.805803,53.124993],[8.805615,53.125086],[8.805187,53.125208],[8.804699,53.12538],[8.804121,53.125738],[8.803542,53.126023],[8.8033,53.126178],[8.8032,53.126308],[8.803142,53.126674],[8.803051,53.126874],[8.802835,53.127065],[8.802382,53.127335],[8.802057,53.12749],[8.801667,53.127632],[8.800895,53.127707],[8.800291,53.127977],[8.7996,53.12825],[8.799164,53.128575],[8.798872,53.128721],[8.798675,53.128792],[8.798286,53.128933],[8.798216,53.128926],[8.797703,53.128873],[8.795963,53.128699],[8.792587,53.128466],[8.792199,53.128562],[8.788734,53.129415],[8.784398,53.130386],[8.784041,53.130477],[8.783291,53.13075],[8.781957,53.131224],[8.780656,53.131692],[8.779472,53.132119],[8.779338,53.132168],[8.77693,53.133043],[8.775986,53.133383],[8.77461,53.133876],[8.773581,53.134228],[8.773091,53.134395],[8.772202,53.134736],[8.771985,53.134819],[8.771525,53.134963],[8.770375,53.135368],[8.769493,53.135692],[8.765868,53.136989],[8.764107,53.137639],[8.763097,53.137981],[8.762481,53.138191],[8.760825,53.138773],[8.760444,53.138901],[8.759216,53.139314],[8.75822,53.139672],[8.756553,53.140236],[8.754855,53.140881],[8.753436,53.141377],[8.753402,53.141389],[8.75182,53.141934],[8.748625,53.143051],[8.744991,53.144314],[8.744242,53.144585],[8.742832,53.14509],[8.739574,53.146224],[8.736862,53.14712],[8.736172,53.147375],[8.73188,53.148839],[8.731499,53.148996],[8.731311,53.149172],[8.730684,53.149865],[8.730359,53.150404],[8.730286,53.150846],[8.730386,53.151331],[8.730633,53.152093],[8.731241,53.153721],[8.731464,53.15424],[8.731477,53.154447],[8.731336,53.154776],[8.729927,53.156975],[8.72981,53.15717],[8.729366,53.157826],[8.728969,53.158249],[8.72878,53.158426],[8.72848,53.158707],[8.728023,53.159007],[8.727415,53.159279],[8.725171,53.160063],[8.724369,53.160306],[8.72396,53.160739],[8.723499,53.161324],[8.723042,53.162055],[8.722708,53.162667],[8.72377,53.162626],[8.724352,53.162621],[8.724535,53.162629],[8.725043,53.16265],[8.725487,53.162738],[8.725815,53.162923],[8.72604,53.16313],[8.726159,53.163346],[8.72621,53.163628],[8.726199,53.163966],[8.725858,53.165107],[8.725751,53.165524],[8.725744,53.165837],[8.72573,53.166111],[8.725759,53.166374],[8.72582,53.166596],[8.725926,53.166803],[8.726126,53.166957],[8.726412,53.167095],[8.72692,53.167145],[8.727681,53.167171],[8.729111,53.167101],[8.729795,53.167047],[8.73038,53.167019],[8.731184,53.167057],[8.731798,53.167126],[8.732541,53.167253],[8.732987,53.167386],[8.733424,53.167545],[8.733936,53.167763],[8.734319,53.167988],[8.734676,53.168243],[8.735137,53.168535],[8.735781,53.169015],[8.736124,53.169237],[8.73759,53.170034],[8.738503,53.170489],[8.738858,53.17068],[8.739058,53.170746],[8.739866,53.171114],[8.740217,53.171248],[8.740471,53.171345],[8.74087,53.171475],[8.741288,53.171573],[8.741806,53.171712],[8.742445,53.171878],[8.742961,53.172007],[8.743275,53.171655],[8.743341,53.171581],[8.743402,53.171409],[8.743425,53.171196],[8.742424,53.16995],[8.742108,53.169542],[8.741374,53.168615],[8.741098,53.167842],[8.740932,53.167083]]]}},{"type":"Feature","id":"bremen-pks-02","properties":{"city":"Bremen","year":2025,"police_table":2,"name":"Stadtteil Blumenthal","source_regions":[{"kind":"stadtteil","name":"Blumenthal","code":"04011530"}],"area_km2":22.713,"offense_cases":null,"population":null,"crime_rate":null,"metrics":{"all_offenses":{"2024":2599,"2025":1979,"rate":null},"sexual":{"2024":90,"2025":53,"rate":null},"robbery":{"2024":30,"2025":25,"rate":null},"bodily_injury":{"2024":316,"2025":249,"rate":null},"burglary":{"2024":57,"2025":35,"rate":null},"theft":{"2024":1008,"2025":671,"rate":null},"drug":{"2024":38,"2025":24,"rate":null}}},"geometry":{"type":"Polygon","coordinates":[[[8.505634,53.228089],[8.50586,53.227922],[8.505915,53.22795],[8.506353,53.228166],[8.506862,53.227674],[8.507107,53.227723],[8.507331,53.227767],[8.50816,53.227815],[8.508456,53.227824],[8.508563,53.227819],[8.509231,53.22779],[8.509632,53.227772],[8.509851,53.227763],[8.511115,53.227786],[8.511159,53.227767],[8.511273,53.227766],[8.511372,53.227766],[8.511372,53.227766],[8.511326,53.22767],[8.511565,53.22763],[8.513219,53.227794],[8.514631,53.228007],[8.515903,53.228187],[8.515971,53.228197],[8.515902,53.228336],[8.517315,53.228533],[8.517426,53.228501],[8.518703,53.226156],[8.518733,53.226101],[8.520974,53.226407],[8.521028,53.226363],[8.520754,53.224258],[8.520749,53.224222],[8.520741,53.224163],[8.520576,53.222891],[8.520655,53.222899],[8.522929,53.223149],[8.523027,53.223112],[8.523267,53.221657],[8.523274,53.221624],[8.524125,53.221718],[8.525942,53.221918],[8.525953,53.221901],[8.528574,53.21823],[8.529327,53.217174],[8.529376,53.217106],[8.529436,53.217023],[8.529847,53.216446],[8.529944,53.21631],[8.53019,53.215965],[8.530224,53.215904],[8.532523,53.215672],[8.532927,53.215631],[8.533382,53.215586],[8.533508,53.215598],[8.533391,53.215445],[8.534414,53.215392],[8.534821,53.215368],[8.534881,53.215366],[8.535522,53.215335],[8.535862,53.215318],[8.536388,53.215028],[8.537109,53.214619],[8.539607,53.21514],[8.53993,53.215207],[8.540737,53.21537],[8.541411,53.214826],[8.543567,53.213057],[8.545029,53.213021],[8.545206,53.213017],[8.546411,53.212988],[8.54663,53.212982],[8.547145,53.212622],[8.549079,53.211242],[8.549933,53.210629],[8.553566,53.208033],[8.553752,53.207902],[8.553916,53.20778],[8.555328,53.208458],[8.556761,53.209141],[8.560167,53.210765],[8.564798,53.212978],[8.56622,53.21368],[8.566393,53.213612],[8.568084,53.212792],[8.568303,53.212679],[8.568372,53.212643],[8.568701,53.212483],[8.570102,53.2118],[8.571274,53.211229],[8.572187,53.21077],[8.573889,53.212582],[8.575734,53.214559],[8.578213,53.217214],[8.578283,53.217289],[8.578443,53.21746],[8.578972,53.217343],[8.579254,53.217281],[8.579722,53.217178],[8.581016,53.216892],[8.5822,53.216631],[8.583361,53.216375],[8.583721,53.216296],[8.585288,53.215951],[8.585835,53.215832],[8.589323,53.21506],[8.589686,53.214981],[8.589767,53.214963],[8.59067,53.21474],[8.592093,53.214297],[8.592929,53.214083],[8.594002,53.213899],[8.595241,53.213689],[8.596519,53.213371],[8.598496,53.212879],[8.598644,53.212844],[8.598734,53.212823],[8.598932,53.212777],[8.59893,53.212699],[8.598886,53.212386],[8.598927,53.212045],[8.599017,53.211705],[8.599094,53.211389],[8.599067,53.21137],[8.599261,53.211045],[8.599275,53.210749],[8.599221,53.21064],[8.599115,53.210568],[8.598934,53.210524],[8.598785,53.210488],[8.598386,53.210194],[8.598308,53.210028],[8.598007,53.209471],[8.59771,53.208923],[8.597512,53.208728],[8.597246,53.20872],[8.596873,53.208651],[8.59678,53.208659],[8.596561,53.208507],[8.59617,53.208314],[8.596246,53.208257],[8.59672,53.2079],[8.596851,53.207801],[8.596939,53.207734],[8.596792,53.207596],[8.595157,53.20631],[8.594138,53.205538],[8.593972,53.205414],[8.593788,53.20544],[8.592579,53.205371],[8.59211,53.205109],[8.59184,53.20501],[8.591189,53.204635],[8.590855,53.204555],[8.590555,53.204444],[8.59035,53.204299],[8.590124,53.204012],[8.589995,53.203946],[8.589774,53.203903],[8.589629,53.203917],[8.589428,53.203893],[8.589096,53.203801],[8.58908,53.203653],[8.588963,53.203555],[8.588978,53.203425],[8.588249,53.203249],[8.588191,53.203167],[8.588077,53.203102],[8.58804,53.203017],[8.588106,53.202916],[8.588086,53.202824],[8.588186,53.202689],[8.588159,53.202574],[8.588086,53.202462],[8.587829,53.202303],[8.587559,53.202186],[8.587017,53.2022],[8.586797,53.202107],[8.586557,53.202131],[8.586297,53.202093],[8.586101,53.202035],[8.585904,53.20193],[8.585663,53.201857],[8.585381,53.201707],[8.58517,53.201709],[8.584646,53.201626],[8.584357,53.201396],[8.584176,53.201366],[8.583977,53.201274],[8.583697,53.201183],[8.583595,53.201086],[8.583506,53.201021],[8.583198,53.200877],[8.582899,53.200857],[8.582698,53.200818],[8.582546,53.200721],[8.58241,53.200522],[8.582381,53.200481],[8.582113,53.200452],[8.581705,53.200213],[8.581648,53.200148],[8.581599,53.199985],[8.581535,53.199888],[8.581591,53.199808],[8.581565,53.199568],[8.581456,53.199441],[8.581497,53.19915],[8.581433,53.198916],[8.581314,53.19847],[8.581357,53.198326],[8.58148,53.198253],[8.581516,53.198205],[8.581525,53.198151],[8.581732,53.197951],[8.581962,53.19779],[8.582498,53.197518],[8.582775,53.197383],[8.583,53.19732],[8.583203,53.197219],[8.583357,53.197095],[8.583898,53.197027],[8.584194,53.196908],[8.584321,53.196817],[8.584388,53.196694],[8.584476,53.196551],[8.584628,53.196353],[8.584822,53.196344],[8.584948,53.196305],[8.585003,53.196244],[8.585066,53.196126],[8.584975,53.196077],[8.584713,53.196022],[8.584489,53.195987],[8.58436,53.195942],[8.5843,53.195935],[8.584246,53.195929],[8.584143,53.195973],[8.583986,53.196026],[8.58387,53.19604],[8.583771,53.196032],[8.583722,53.196022],[8.583521,53.195945],[8.583347,53.195852],[8.583301,53.195827],[8.583002,53.195502],[8.582955,53.195331],[8.582896,53.195145],[8.582828,53.195059],[8.582637,53.19493],[8.582294,53.194706],[8.581944,53.194434],[8.581651,53.194319],[8.581349,53.194237],[8.581259,53.194166],[8.581123,53.194037],[8.580967,53.19387],[8.580778,53.193689],[8.580618,53.193546],[8.580458,53.193396],[8.580369,53.193315],[8.580287,53.193193],[8.580161,53.193077],[8.581134,53.192649],[8.581263,53.192473],[8.58133,53.192319],[8.581306,53.191769],[8.581252,53.19165],[8.581132,53.191522],[8.581017,53.191447],[8.580844,53.191377],[8.580731,53.191252],[8.58061,53.191175],[8.580431,53.191087],[8.58029,53.191024],[8.580211,53.190956],[8.580206,53.190894],[8.580316,53.190698],[8.580334,53.190615],[8.580421,53.190075],[8.580701,53.190038],[8.580943,53.190025],[8.581209,53.19004],[8.581328,53.190107],[8.581453,53.190337],[8.582054,53.190519],[8.582159,53.190611],[8.582229,53.190658],[8.582444,53.190689],[8.582661,53.190682],[8.582906,53.190671],[8.583019,53.190579],[8.583206,53.190499],[8.583446,53.190482],[8.583461,53.190521],[8.584276,53.190384],[8.584011,53.190006],[8.583944,53.189918],[8.583948,53.189705],[8.584042,53.189552],[8.585132,53.189472],[8.585539,53.189432],[8.586198,53.189369],[8.587285,53.189298],[8.587374,53.189293],[8.588675,53.189224],[8.588729,53.189221],[8.588624,53.18969],[8.588794,53.18987],[8.588977,53.189709],[8.589601,53.189389],[8.58985,53.189269],[8.590073,53.189102],[8.59023,53.188942],[8.590239,53.188807],[8.590215,53.188667],[8.590197,53.188559],[8.590234,53.188365],[8.590302,53.188214],[8.590466,53.188076],[8.590659,53.187959],[8.590731,53.187944],[8.590952,53.187897],[8.591717,53.187779],[8.592525,53.187658],[8.592753,53.187573],[8.59274,53.187549],[8.592716,53.187504],[8.592619,53.187428],[8.5925,53.187336],[8.5923,53.187215],[8.592229,53.187176],[8.591993,53.187112],[8.591521,53.187006],[8.591155,53.186902],[8.59094,53.186829],[8.590703,53.186724],[8.590712,53.186688],[8.59072,53.186656],[8.590851,53.186619],[8.591272,53.18669],[8.591485,53.186722],[8.591494,53.18668],[8.591563,53.186367],[8.591583,53.18629],[8.591597,53.186235],[8.591708,53.185813],[8.591786,53.185531],[8.591827,53.18538],[8.591853,53.185294],[8.591881,53.185201],[8.59191,53.185118],[8.591924,53.185079],[8.591941,53.185033],[8.592,53.184895],[8.592025,53.184826],[8.59207,53.184732],[8.592586,53.184768],[8.592773,53.184352],[8.593033,53.184181],[8.592684,53.183943],[8.592687,53.183789],[8.592606,53.18368],[8.592688,53.183625],[8.59281,53.183547],[8.59398,53.182802],[8.592758,53.182208],[8.593135,53.182163],[8.594689,53.181925],[8.595003,53.181963],[8.594917,53.181473],[8.594895,53.181344],[8.594878,53.181307],[8.594854,53.181253],[8.594801,53.181137],[8.594401,53.180248],[8.594174,53.17989],[8.593849,53.179148],[8.593818,53.179082],[8.592153,53.179473],[8.592093,53.179402],[8.591339,53.178501],[8.591271,53.17842],[8.590339,53.177362],[8.590242,53.177236],[8.590009,53.17694],[8.589745,53.176627],[8.58972,53.176598],[8.589641,53.176504],[8.589199,53.175981],[8.589078,53.176],[8.587355,53.173919],[8.586536,53.17293],[8.585074,53.173126],[8.583676,53.173331],[8.582404,53.173558],[8.581649,53.173686],[8.580914,53.173844],[8.57997,53.174054],[8.578905,53.17434],[8.578029,53.174593],[8.577042,53.174875],[8.5734,53.17609],[8.569663,53.177351],[8.567775,53.177976],[8.566122,53.178533],[8.563769,53.17933],[8.561102,53.180237],[8.559775,53.180687],[8.559224,53.180835],[8.558403,53.181046],[8.558228,53.181091],[8.557512,53.181275],[8.555888,53.18169],[8.55554,53.181779],[8.551356,53.182855],[8.550188,53.183144],[8.546847,53.184],[8.542781,53.185051],[8.541743,53.185325],[8.541256,53.185454],[8.539229,53.185982],[8.53834,53.186123],[8.538205,53.186144],[8.537671,53.186228],[8.537367,53.186276],[8.53714,53.186311],[8.536635,53.186391],[8.536134,53.18647],[8.535344,53.186594],[8.534992,53.18665],[8.534913,53.186662],[8.534331,53.186754],[8.533998,53.186806],[8.533423,53.187102],[8.531171,53.188259],[8.531057,53.188317],[8.530563,53.188571],[8.530375,53.188666],[8.530361,53.188673],[8.530064,53.188823],[8.530011,53.18885],[8.529858,53.188927],[8.528689,53.18953],[8.528568,53.189592],[8.528281,53.189737],[8.526853,53.19047],[8.525618,53.191097],[8.524796,53.191513],[8.523364,53.192243],[8.522669,53.192602],[8.520275,53.194435],[8.520135,53.194523],[8.519564,53.194955],[8.517686,53.196357],[8.516665,53.197119],[8.516374,53.197336],[8.515432,53.198034],[8.514247,53.197593],[8.51396,53.197486],[8.513704,53.197391],[8.513606,53.197355],[8.513078,53.197159],[8.512377,53.196898],[8.511937,53.197129],[8.511789,53.197206],[8.511702,53.197252],[8.511429,53.197395],[8.511177,53.197527],[8.509738,53.198281],[8.50759,53.199407],[8.506313,53.200076],[8.505924,53.20028],[8.505731,53.200381],[8.505205,53.200681],[8.504853,53.200841],[8.504686,53.200928],[8.504552,53.201014],[8.504467,53.201132],[8.504348,53.201308],[8.503912,53.201897],[8.503706,53.202177],[8.503582,53.202347],[8.502032,53.204467],[8.501514,53.205176],[8.501032,53.205835],[8.498538,53.207875],[8.498364,53.20802],[8.497894,53.208405],[8.496473,53.209568],[8.495643,53.210607],[8.495221,53.21115],[8.495154,53.211236],[8.494325,53.212318],[8.493933,53.212831],[8.493831,53.212964],[8.493199,53.213749],[8.492814,53.214269],[8.492721,53.214437],[8.492585,53.214709],[8.492482,53.214916],[8.492308,53.215266],[8.492187,53.21553],[8.492042,53.215845],[8.491957,53.216031],[8.491528,53.216966],[8.490851,53.217476],[8.489826,53.218241],[8.489656,53.218362],[8.489118,53.218753],[8.489063,53.218795],[8.488999,53.218844],[8.488491,53.219227],[8.487317,53.220128],[8.486195,53.220974],[8.486032,53.221095],[8.485563,53.221442],[8.484997,53.221888],[8.48437,53.222338],[8.484064,53.222581],[8.483936,53.22268],[8.482785,53.223526],[8.482709,53.223592],[8.482499,53.224224],[8.482344,53.224695],[8.482295,53.224844],[8.482264,53.22494],[8.482191,53.225161],[8.482022,53.225674],[8.481963,53.22584],[8.481898,53.226024],[8.481761,53.226474],[8.481758,53.226483],[8.481947,53.22652],[8.482193,53.226566],[8.482294,53.226585],[8.483235,53.226762],[8.485332,53.227158],[8.486789,53.227422],[8.487514,53.227564],[8.487552,53.227508],[8.487758,53.22758],[8.487665,53.2278],[8.487934,53.227887],[8.488298,53.228019],[8.488389,53.22805],[8.488438,53.228066],[8.488717,53.22815],[8.488663,53.228297],[8.488683,53.228303],[8.488828,53.228347],[8.488868,53.228341],[8.489011,53.22832],[8.489365,53.228269],[8.489379,53.228263],[8.489771,53.228094],[8.489793,53.228084],[8.489774,53.228044],[8.489661,53.227793],[8.489612,53.227622],[8.489658,53.227174],[8.489651,53.226903],[8.490435,53.226887],[8.490791,53.22688],[8.490907,53.226879],[8.490988,53.226917],[8.491138,53.226834],[8.49129,53.226771],[8.491447,53.22677],[8.491552,53.226767],[8.491607,53.22682],[8.492018,53.227215],[8.492844,53.22732],[8.494708,53.2276],[8.496226,53.227801],[8.496324,53.227791],[8.496369,53.227787],[8.49721,53.227894],[8.500663,53.228334],[8.500709,53.228356],[8.500731,53.228366],[8.504002,53.228814],[8.504704,53.228911],[8.504865,53.22868],[8.504974,53.228524],[8.505022,53.228454],[8.505634,53.228089]]]}},{"type":"Feature","id":"bremen-pks-03","properties":{"city":"Bremen","year":2025,"police_table":3,"name":"Ortsteil Borgfeld","source_regions":[{"kind":"ortsteil","name":"Borgfeld","code":"04011351"}],"area_km2":16.654,"offense_cases":null,"population":null,"crime_rate":null,"metrics":{"all_offenses":{"2024":288,"2025":292,"rate":null},"sexual":{"2024":5,"2025":4,"rate":null},"robbery":{"2024":4,"2025":3,"rate":null},"bodily_injury":{"2024":23,"2025":35,"rate":null},"burglary":{"2024":10,"2025":8,"rate":null},"theft":{"2024":118,"2025":119,"rate":null},"drug":{"2024":2,"2025":null,"rate":null}}},"geometry":{"type":"Polygon","coordinates":[[[8.944178,53.152152],[8.944471,53.152126],[8.944649,53.152148],[8.944736,53.152148],[8.944862,53.15211],[8.945044,53.15201],[8.945135,53.15192],[8.945464,53.15173],[8.94546,53.151634],[8.945634,53.15152],[8.945825,53.151268],[8.94588,53.15119],[8.945864,53.151114],[8.945789,53.151023],[8.945797,53.150978],[8.945952,53.15085],[8.946043,53.150833],[8.946162,53.150855],[8.946241,53.150852],[8.946498,53.15081],[8.94668,53.150741],[8.946787,53.150667],[8.946862,53.150536],[8.946945,53.150496],[8.947052,53.150503],[8.947159,53.150506],[8.947278,53.150489],[8.947432,53.150441],[8.947484,53.150372],[8.947515,53.150261],[8.946986,53.14997],[8.946867,53.149887],[8.948512,53.149405],[8.949629,53.149075],[8.949957,53.148985],[8.950563,53.148819],[8.950675,53.148788],[8.950745,53.148771],[8.951283,53.14864],[8.951555,53.148574],[8.951595,53.148563],[8.952133,53.14842],[8.952411,53.148346],[8.952567,53.148307],[8.953262,53.148138],[8.954322,53.147872],[8.955315,53.147626],[8.956464,53.147336],[8.956507,53.147281],[8.956791,53.146906],[8.957025,53.1466],[8.957173,53.146407],[8.957273,53.146276],[8.957384,53.146127],[8.957492,53.14598],[8.957767,53.145607],[8.957837,53.145515],[8.958184,53.145055],[8.958332,53.144859],[8.958385,53.144789],[8.958468,53.144679],[8.958785,53.144241],[8.959161,53.143756],[8.959212,53.143688],[8.959679,53.143064],[8.959763,53.142953],[8.959817,53.142871],[8.959845,53.142805],[8.960238,53.14232],[8.960284,53.14228],[8.960514,53.142086],[8.961012,53.14169],[8.96125,53.141501],[8.961608,53.141217],[8.961939,53.140953],[8.962026,53.140884],[8.962634,53.140401],[8.962733,53.140322],[8.963073,53.140052],[8.963602,53.139632],[8.963734,53.139527],[8.963774,53.139495],[8.964008,53.139309],[8.964081,53.139252],[8.96419,53.139202],[8.964272,53.139138],[8.964389,53.139047],[8.964731,53.138783],[8.965117,53.138479],[8.965295,53.138337],[8.965485,53.138186],[8.965762,53.137959],[8.965979,53.137781],[8.966085,53.137698],[8.96641,53.137444],[8.966962,53.137002],[8.967589,53.136502],[8.968111,53.136083],[8.968238,53.13598],[8.968622,53.135675],[8.969057,53.135342],[8.969354,53.135096],[8.969642,53.134864],[8.969987,53.134596],[8.970346,53.134311],[8.970614,53.134107],[8.970788,53.133962],[8.970876,53.13391],[8.97126,53.133705],[8.971696,53.133496],[8.971926,53.133369],[8.972219,53.133211],[8.972476,53.133072],[8.972542,53.133036],[8.972891,53.132864],[8.973468,53.132577],[8.973874,53.132367],[8.974412,53.132093],[8.974801,53.131886],[8.975216,53.131681],[8.975488,53.131609],[8.975902,53.131505],[8.976487,53.131337],[8.9766,53.131306],[8.977002,53.131197],[8.977616,53.131036],[8.978138,53.130905],[8.978513,53.130804],[8.978623,53.130781],[8.978932,53.130362],[8.97931,53.129869],[8.979625,53.129456],[8.97984,53.129167],[8.980408,53.128408],[8.980705,53.128004],[8.981249,53.127529],[8.981971,53.126884],[8.982497,53.126308],[8.983163,53.125716],[8.98325,53.125637],[8.983229,53.125591],[8.982831,53.125522],[8.982414,53.125481],[8.982063,53.125397],[8.981868,53.125328],[8.981702,53.125259],[8.981168,53.124971],[8.981063,53.124913],[8.980719,53.124722],[8.980285,53.1245],[8.980092,53.124406],[8.979417,53.124077],[8.978851,53.123832],[8.978763,53.123799],[8.97841,53.123666],[8.978335,53.123641],[8.978186,53.123592],[8.977854,53.123521],[8.977628,53.12349],[8.977126,53.123463],[8.976451,53.123431],[8.975868,53.123388],[8.975548,53.123347],[8.975456,53.123321],[8.975242,53.12326],[8.974904,53.123147],[8.974411,53.122978],[8.974065,53.122865],[8.97376,53.122749],[8.973451,53.122667],[8.973122,53.122589],[8.972799,53.122543],[8.972482,53.122532],[8.972132,53.122526],[8.971838,53.122523],[8.97142,53.122526],[8.970913,53.122471],[8.970466,53.122409],[8.970118,53.122361],[8.969499,53.122196],[8.969234,53.12215],[8.967292,53.122143],[8.967113,53.122128],[8.966914,53.122086],[8.966747,53.122052],[8.966568,53.121953],[8.966272,53.121791],[8.96583,53.121567],[8.965333,53.121328],[8.965006,53.121163],[8.964656,53.121034],[8.964225,53.120874],[8.963855,53.120724],[8.963507,53.120524],[8.963217,53.120335],[8.962872,53.120123],[8.962549,53.119947],[8.962129,53.119783],[8.961882,53.119724],[8.961743,53.119691],[8.96155,53.119638],[8.96143,53.119651],[8.96121,53.119695],[8.960756,53.119751],[8.960504,53.119741],[8.960435,53.119738],[8.960337,53.119702],[8.959959,53.119519],[8.959434,53.119271],[8.959259,53.119198],[8.959064,53.11913],[8.95889,53.119069],[8.958541,53.1189],[8.95835,53.118877],[8.958085,53.118867],[8.957627,53.11888],[8.957291,53.118929],[8.957194,53.118929],[8.957037,53.11893],[8.956695,53.118889],[8.956277,53.118813],[8.955878,53.118765],[8.955751,53.118757],[8.95545,53.118739],[8.95493,53.118726],[8.954365,53.118715],[8.954027,53.118701],[8.953784,53.118655],[8.953618,53.11862],[8.953118,53.118521],[8.952665,53.118426],[8.952092,53.118305],[8.951509,53.118155],[8.950576,53.117829],[8.95001,53.117688],[8.949709,53.117662],[8.949411,53.117726],[8.949024,53.11776],[8.948317,53.117822],[8.947338,53.117949],[8.946152,53.118164],[8.945704,53.118234],[8.945233,53.118254],[8.944166,53.11823],[8.943914,53.118266],[8.94366,53.118339],[8.943374,53.118462],[8.942754,53.118694],[8.941362,53.119216],[8.940191,53.119621],[8.939667,53.119707],[8.939274,53.119749],[8.936823,53.120085],[8.936147,53.120217],[8.935748,53.120314],[8.935449,53.120396],[8.935197,53.120499],[8.93423,53.121167],[8.934068,53.121226],[8.933825,53.121348],[8.932736,53.121607],[8.931946,53.121771],[8.931604,53.121818],[8.928524,53.122066],[8.927995,53.122095],[8.927578,53.122109],[8.92725,53.122097],[8.924332,53.121965],[8.923966,53.121689],[8.920842,53.119403],[8.920275,53.11901],[8.920373,53.118978],[8.920645,53.118848],[8.920958,53.118674],[8.920999,53.118596],[8.921012,53.118572],[8.920963,53.118493],[8.918531,53.116864],[8.917977,53.116493],[8.917897,53.116433],[8.917308,53.116467],[8.91673,53.116559],[8.916656,53.116525],[8.916463,53.116414],[8.914527,53.115132],[8.911433,53.113005],[8.91117,53.112853],[8.911136,53.11283],[8.910308,53.112294],[8.90841,53.11106],[8.908242,53.11095],[8.908032,53.110776],[8.907882,53.110698],[8.907165,53.110225],[8.907005,53.110118],[8.905206,53.10892],[8.901497,53.106535],[8.901332,53.106634],[8.901256,53.106657],[8.901056,53.106719],[8.901019,53.10673],[8.901106,53.106792],[8.901201,53.106915],[8.901248,53.10709],[8.901329,53.107275],[8.901374,53.107357],[8.901379,53.107366],[8.901536,53.107719],[8.901594,53.107894],[8.901649,53.10829],[8.901678,53.108495],[8.901856,53.108985],[8.901889,53.109066],[8.901906,53.109139],[8.902175,53.11009],[8.902186,53.110143],[8.902197,53.110195],[8.902203,53.110276],[8.902224,53.110549],[8.902153,53.11117],[8.902136,53.111496],[8.902047,53.112118],[8.902039,53.112154],[8.902029,53.112196],[8.901974,53.112455],[8.901942,53.112718],[8.901959,53.112828],[8.902086,53.112977],[8.902174,53.113305],[8.902201,53.113496],[8.902185,53.113629],[8.902179,53.113648],[8.902172,53.113668],[8.902154,53.113725],[8.902098,53.113836],[8.902002,53.113968],[8.901966,53.114024],[8.901936,53.114072],[8.901748,53.114604],[8.901712,53.114703],[8.901565,53.115038],[8.901398,53.115376],[8.901295,53.115549],[8.901187,53.115694],[8.900936,53.115919],[8.900694,53.116284],[8.900614,53.11633],[8.900138,53.116605],[8.899965,53.116733],[8.899768,53.116833],[8.899386,53.116984],[8.89929,53.117071],[8.898862,53.117555],[8.898321,53.11779],[8.898114,53.117894],[8.897981,53.117987],[8.897895,53.118091],[8.897778,53.118198],[8.897656,53.118284],[8.897345,53.118413],[8.897318,53.118425],[8.89723,53.118464],[8.897133,53.118508],[8.897028,53.118555],[8.896884,53.118621],[8.896441,53.118768],[8.896236,53.118897],[8.89609,53.118938],[8.895868,53.118978],[8.895383,53.119133],[8.895153,53.119232],[8.894844,53.119391],[8.894626,53.119436],[8.894436,53.119477],[8.894153,53.119574],[8.893942,53.119676],[8.893436,53.119883],[8.892853,53.120062],[8.891915,53.120301],[8.891067,53.12058],[8.89083,53.120624],[8.89053,53.120657],[8.890233,53.120719],[8.889923,53.1208],[8.889653,53.120812],[8.889396,53.120873],[8.889111,53.120968],[8.888282,53.121055],[8.887999,53.121067],[8.887701,53.12107],[8.887413,53.121086],[8.887098,53.121125],[8.886436,53.12123],[8.8855,53.121353],[8.885017,53.121413],[8.884155,53.121553],[8.883924,53.1216],[8.883704,53.121653],[8.883501,53.121755],[8.883316,53.121823],[8.883017,53.121891],[8.882587,53.122056],[8.882286,53.122125],[8.881987,53.122213],[8.881701,53.122349],[8.881376,53.122442],[8.88104,53.122481],[8.880687,53.122577],[8.880352,53.122661],[8.88018,53.122746],[8.879622,53.122868],[8.879255,53.12297],[8.878845,53.123207],[8.878485,53.123432],[8.878307,53.123573],[8.878108,53.123764],[8.877644,53.124031],[8.877142,53.124321],[8.876565,53.124652],[8.876425,53.12476],[8.876057,53.125042],[8.875519,53.125434],[8.875297,53.125735],[8.875201,53.125912],[8.874817,53.126221],[8.874078,53.126335],[8.873837,53.12644],[8.872989,53.126937],[8.872461,53.127242],[8.87189,53.1276],[8.871424,53.127833],[8.871149,53.127994],[8.87109,53.128021],[8.870729,53.128186],[8.870108,53.128469],[8.869662,53.128869],[8.869421,53.129064],[8.869172,53.129187],[8.868735,53.12937],[8.868422,53.129486],[8.867956,53.129659],[8.867768,53.129667],[8.867089,53.129759],[8.866708,53.12981],[8.865839,53.129968],[8.865226,53.130093],[8.865019,53.130135],[8.864777,53.130198],[8.864604,53.130282],[8.864398,53.130856],[8.864243,53.131047],[8.864087,53.131189],[8.863966,53.13134],[8.864119,53.131341],[8.86532,53.131568],[8.866601,53.132242],[8.868479,53.132603],[8.870939,53.132959],[8.873327,53.133304],[8.87475,53.133509],[8.875954,53.133556],[8.876267,53.133565],[8.877963,53.133568],[8.880229,53.133572],[8.881215,53.133569],[8.883086,53.133553],[8.884327,53.133386],[8.885779,53.133017],[8.886226,53.132994],[8.886345,53.132993],[8.886947,53.133116],[8.88704,53.133134],[8.888654,53.133585],[8.88949,53.133739],[8.889528,53.133747],[8.890059,53.133826],[8.890588,53.133865],[8.891186,53.133866],[8.89176,53.133875],[8.892157,53.133879],[8.892413,53.133882],[8.893159,53.133897],[8.893783,53.133895],[8.893984,53.133898],[8.894265,53.133902],[8.894297,53.133903],[8.894386,53.133904],[8.894475,53.133906],[8.894815,53.133911],[8.894939,53.133913],[8.895734,53.133914],[8.896611,53.133921],[8.896748,53.133932],[8.896999,53.133953],[8.897479,53.133993],[8.897817,53.134],[8.897952,53.134142],[8.897977,53.134171],[8.898135,53.13435],[8.89838,53.13461],[8.8985,53.134746],[8.898633,53.134862],[8.898829,53.135032],[8.898874,53.135069],[8.898905,53.135095],[8.899008,53.13518],[8.899227,53.13536],[8.899608,53.135655],[8.899719,53.135742],[8.899971,53.135942],[8.900274,53.136161],[8.900377,53.136238],[8.900711,53.136515],[8.901044,53.136766],[8.901324,53.136999],[8.901641,53.137257],[8.901857,53.137422],[8.902089,53.137595],[8.902309,53.137759],[8.902439,53.137856],[8.902649,53.138011],[8.902894,53.138212],[8.903038,53.138317],[8.903108,53.138368],[8.903221,53.138438],[8.903344,53.138441],[8.903502,53.138445],[8.903946,53.138467],[8.904091,53.138456],[8.904221,53.138406],[8.904362,53.138312],[8.904562,53.13821],[8.904605,53.138188],[8.904839,53.138112],[8.90506,53.138091],[8.905312,53.138095],[8.905454,53.138084],[8.90558,53.13805],[8.905714,53.137958],[8.906041,53.13772],[8.906191,53.137612],[8.906376,53.137517],[8.906559,53.13742],[8.906664,53.137342],[8.906724,53.137256],[8.906694,53.137131],[8.906685,53.137092],[8.906881,53.136982],[8.906939,53.136949],[8.906997,53.136896],[8.907059,53.136839],[8.907118,53.136732],[8.907181,53.13643],[8.907188,53.136397],[8.907262,53.135871],[8.907269,53.135826],[8.907318,53.135616],[8.907352,53.135473],[8.907392,53.135411],[8.907445,53.135328],[8.907607,53.135136],[8.90778,53.134964],[8.907815,53.134923],[8.90793,53.134791],[8.90802,53.134658],[8.908137,53.134339],[8.908206,53.13416],[8.908311,53.134056],[8.908529,53.13394],[8.908652,53.133848],[8.908801,53.133691],[8.908937,53.13354],[8.909027,53.133419],[8.908985,53.133348],[8.908899,53.133156],[8.908899,53.133117],[8.90896,53.133048],[8.909083,53.132959],[8.909267,53.132873],[8.909424,53.132833],[8.9096,53.132753],[8.909752,53.132676],[8.909877,53.132655],[8.909955,53.132649],[8.910018,53.132656],[8.910113,53.132672],[8.910204,53.132674],[8.910335,53.132669],[8.910788,53.132645],[8.911086,53.132614],[8.91131,53.132578],[8.911388,53.132554],[8.911473,53.132524],[8.911545,53.132495],[8.911685,53.132491],[8.911849,53.132623],[8.912079,53.132577],[8.912162,53.132561],[8.912241,53.13269],[8.912383,53.132921],[8.912562,53.133086],[8.912695,53.133199],[8.912766,53.13325],[8.912785,53.133271],[8.912794,53.133282],[8.912854,53.13335],[8.91301,53.133534],[8.913159,53.133735],[8.913185,53.13378],[8.91323,53.133771],[8.913291,53.133848],[8.913413,53.134003],[8.913585,53.13425],[8.913691,53.134363],[8.913809,53.13449],[8.913853,53.134537],[8.91403,53.134726],[8.914217,53.134896],[8.914272,53.134938],[8.91472,53.135269],[8.9148,53.135328],[8.914841,53.135363],[8.915362,53.135809],[8.915406,53.135851],[8.915525,53.135979],[8.915801,53.136214],[8.915853,53.136267],[8.916237,53.136632],[8.916605,53.137009],[8.916978,53.137363],[8.917235,53.1376],[8.917561,53.137905],[8.917838,53.138185],[8.917901,53.13831],[8.917909,53.138422],[8.917706,53.138582],[8.917118,53.139011],[8.917064,53.139049],[8.916758,53.139264],[8.916954,53.13931],[8.917078,53.139343],[8.917391,53.139417],[8.917817,53.139544],[8.918192,53.139702],[8.91873,53.139929],[8.919225,53.140159],[8.919432,53.140243],[8.919875,53.140423],[8.920002,53.140473],[8.920055,53.140494],[8.92028,53.140538],[8.92052,53.140585],[8.920809,53.140815],[8.921131,53.141105],[8.921486,53.141412],[8.921751,53.141646],[8.921917,53.141794],[8.922054,53.141916],[8.922242,53.142138],[8.922513,53.14236],[8.922594,53.142448],[8.922728,53.142593],[8.922701,53.142754],[8.922682,53.143055],[8.922693,53.143158],[8.922715,53.143358],[8.922098,53.143762],[8.921781,53.143975],[8.921579,53.144111],[8.921511,53.144157],[8.920973,53.144528],[8.921586,53.144733],[8.922186,53.144922],[8.922222,53.144934],[8.922591,53.14505],[8.922967,53.145173],[8.924091,53.145541],[8.925135,53.145878],[8.925289,53.145928],[8.925566,53.146017],[8.926613,53.146352],[8.927673,53.146696],[8.927865,53.146758],[8.92884,53.147071],[8.929185,53.147183],[8.929927,53.147423],[8.930691,53.147663],[8.931029,53.147769],[8.931067,53.147874],[8.931136,53.148059],[8.931253,53.148394],[8.931472,53.148737],[8.931503,53.148786],[8.931653,53.149032],[8.931823,53.149259],[8.931915,53.149208],[8.93217,53.149068],[8.932515,53.148851],[8.93276,53.148805],[8.932904,53.148864],[8.933022,53.148911],[8.93345,53.149177],[8.933849,53.149485],[8.933929,53.149549],[8.933979,53.149588],[8.934017,53.14962],[8.934114,53.149696],[8.934354,53.149888],[8.934466,53.149943],[8.93454,53.149965],[8.934643,53.149966],[8.935004,53.149926],[8.935218,53.149903],[8.935281,53.149897],[8.935612,53.149856],[8.935732,53.149841],[8.935761,53.149874],[8.936161,53.150311],[8.936783,53.151013],[8.936899,53.151122],[8.936968,53.151187],[8.937763,53.151031],[8.938402,53.150954],[8.939234,53.150855],[8.939664,53.150823],[8.939941,53.150811],[8.940026,53.150876],[8.940079,53.150995],[8.94004,53.15115],[8.939905,53.151288],[8.939824,53.151433],[8.939892,53.151601],[8.940043,53.151859],[8.940162,53.152025],[8.94022,53.152165],[8.940364,53.152175],[8.940553,53.152191],[8.940847,53.152015],[8.941018,53.151912],[8.941166,53.151823],[8.941449,53.151828],[8.941785,53.151849],[8.94199,53.151839],[8.942269,53.151846],[8.942318,53.151917],[8.942369,53.152086],[8.942405,53.152247],[8.942515,53.152323],[8.942643,53.152364],[8.942787,53.152367],[8.942929,53.152352],[8.942968,53.152281],[8.943083,53.152221],[8.943738,53.152184],[8.944178,53.152152]]]}},{"type":"Feature","id":"bremen-pks-04","properties":{"city":"Bremen","year":2025,"police_table":4,"name":"Stadtteil Burglesum","source_regions":[{"kind":"stadtteil","name":"Burglesum","code":"04011510"}],"area_km2":25.974,"offense_cases":null,"population":null,"crime_rate":null,"metrics":{"all_offenses":{"2024":2523,"2025":2177,"rate":null},"sexual":{"2024":30,"2025":67,"rate":null},"robbery":{"2024":16,"2025":17,"rate":null},"bodily_injury":{"2024":255,"2025":282,"rate":null},"burglary":{"2024":41,"2025":45,"rate":null},"theft":{"2024":1165,"2025":785,"rate":null},"drug":{"2024":38,"2025":17,"rate":null}}},"geometry":{"type":"Polygon","coordinates":[[[8.700845,53.179372],[8.70108,53.179262],[8.701311,53.179113],[8.701459,53.178972],[8.701543,53.178862],[8.701591,53.178769],[8.701616,53.178691],[8.701634,53.178591],[8.701521,53.178459],[8.701315,53.178289],[8.701259,53.17822],[8.701195,53.178159],[8.701248,53.178092],[8.701482,53.17791],[8.701665,53.177891],[8.701847,53.177869],[8.70199,53.177823],[8.702134,53.177744],[8.70221,53.177689],[8.702492,53.177502],[8.702706,53.177376],[8.702938,53.177246],[8.702983,53.177235],[8.703074,53.177234],[8.703116,53.177203],[8.703139,53.177154],[8.703167,53.177097],[8.703305,53.176992],[8.703474,53.176886],[8.703567,53.176853],[8.703626,53.176837],[8.703635,53.176809],[8.703726,53.176765],[8.703874,53.176716],[8.704024,53.176638],[8.704113,53.176601],[8.704117,53.176555],[8.704176,53.176527],[8.7042,53.176493],[8.704229,53.176427],[8.704263,53.176403],[8.704268,53.176349],[8.704287,53.176321],[8.704486,53.176258],[8.704535,53.17624],[8.704765,53.176154],[8.704841,53.176122],[8.704965,53.176053],[8.705058,53.175998],[8.705122,53.175946],[8.705152,53.175922],[8.705213,53.175873],[8.705304,53.175792],[8.70536,53.175739],[8.705412,53.175692],[8.705572,53.175807],[8.70574,53.175934],[8.705793,53.175975],[8.705921,53.17608],[8.706103,53.176224],[8.706336,53.176412],[8.706458,53.176519],[8.706578,53.176617],[8.706814,53.176792],[8.707012,53.176943],[8.707104,53.177029],[8.707125,53.177037],[8.707548,53.177206],[8.708242,53.177502],[8.708759,53.17773],[8.709192,53.177981],[8.709399,53.178077],[8.709655,53.177957],[8.709796,53.177895],[8.71016,53.178176],[8.71027,53.178306],[8.710417,53.178493],[8.710582,53.178831],[8.710594,53.178868],[8.710616,53.17894],[8.710687,53.17897],[8.710697,53.17902],[8.710702,53.179038],[8.710725,53.179126],[8.71072,53.179187],[8.710719,53.179208],[8.710715,53.179253],[8.71071,53.179311],[8.710703,53.179399],[8.710686,53.179521],[8.71064,53.179643],[8.7106,53.179731],[8.710431,53.179916],[8.710478,53.179939],[8.710551,53.179969],[8.710112,53.180344],[8.710168,53.180367],[8.71078,53.179914],[8.710846,53.179995],[8.710989,53.179989],[8.711419,53.179971],[8.71158,53.180115],[8.711657,53.180171],[8.711876,53.1803],[8.712055,53.180416],[8.712542,53.180694],[8.712891,53.180897],[8.712958,53.180946],[8.712973,53.180987],[8.713021,53.181018],[8.713086,53.18106],[8.713036,53.18116],[8.713029,53.181176],[8.713059,53.181278],[8.712974,53.181399],[8.713505,53.182163],[8.713637,53.182354],[8.713657,53.182383],[8.713675,53.182411],[8.713947,53.182795],[8.714104,53.183017],[8.714127,53.18305],[8.714272,53.183252],[8.714308,53.183237],[8.714381,53.183205],[8.714601,53.183097],[8.714852,53.18297],[8.715132,53.182837],[8.715204,53.182804],[8.715307,53.182757],[8.715472,53.182687],[8.715574,53.182643],[8.715803,53.182576],[8.716025,53.182503],[8.716185,53.18243],[8.716334,53.182416],[8.716613,53.18239],[8.71672,53.182365],[8.716887,53.182331],[8.717099,53.182288],[8.717437,53.182215],[8.717546,53.182192],[8.718049,53.182072],[8.718364,53.182002],[8.718829,53.181917],[8.719309,53.181818],[8.719353,53.181809],[8.719572,53.181778],[8.719665,53.181759],[8.720147,53.181693],[8.720593,53.181627],[8.720906,53.181585],[8.721103,53.181559],[8.721526,53.181508],[8.721959,53.181462],[8.722387,53.181411],[8.722795,53.181357],[8.723279,53.181308],[8.723526,53.181277],[8.723543,53.181275],[8.723825,53.181243],[8.724218,53.181192],[8.724552,53.181151],[8.725074,53.181098],[8.725285,53.18107],[8.725536,53.181037],[8.725728,53.181011],[8.726852,53.180865],[8.727393,53.180782],[8.727773,53.180728],[8.728163,53.180695],[8.728315,53.180677],[8.728353,53.180672],[8.728639,53.180639],[8.728825,53.180618],[8.728951,53.180604],[8.729037,53.180417],[8.72938,53.180115],[8.729555,53.179836],[8.729806,53.17923],[8.729974,53.178669],[8.730066,53.178378],[8.730085,53.178317],[8.730105,53.178244],[8.73032,53.177437],[8.730393,53.177143],[8.730435,53.17699],[8.730481,53.176824],[8.730523,53.176674],[8.730535,53.176628],[8.730586,53.176472],[8.730564,53.176237],[8.73051,53.175846],[8.730473,53.175719],[8.730436,53.175591],[8.730449,53.175357],[8.731446,53.17533],[8.731741,53.174786],[8.731796,53.174686],[8.732024,53.174488],[8.73239,53.174341],[8.732894,53.174343],[8.733326,53.173986],[8.733347,53.17413],[8.733455,53.17416],[8.733771,53.174069],[8.733813,53.174058],[8.734197,53.17394],[8.734303,53.173904],[8.734345,53.173874],[8.73442,53.173829],[8.734447,53.17379],[8.734472,53.173758],[8.734536,53.173677],[8.734387,53.173559],[8.734271,53.173468],[8.734284,53.173417],[8.734452,53.173014],[8.734502,53.172893],[8.734841,53.172879],[8.734976,53.172658],[8.73508,53.172528],[8.735171,53.172414],[8.735591,53.172488],[8.735746,53.172661],[8.735727,53.172739],[8.735661,53.173007],[8.735608,53.1731],[8.735865,53.17316],[8.736765,53.173314],[8.736793,53.173324],[8.736857,53.173347],[8.736922,53.173331],[8.737014,53.173012],[8.737087,53.172935],[8.737287,53.172811],[8.737433,53.172663],[8.737652,53.172417],[8.737724,53.172299],[8.73825,53.171748],[8.738612,53.171344],[8.738691,53.171218],[8.73874,53.171154],[8.738787,53.171094],[8.739058,53.170746],[8.738858,53.17068],[8.738503,53.170489],[8.73759,53.170034],[8.736124,53.169237],[8.735781,53.169015],[8.735137,53.168535],[8.734676,53.168243],[8.734319,53.167988],[8.733936,53.167763],[8.733424,53.167545],[8.732987,53.167386],[8.732541,53.167253],[8.731798,53.167126],[8.731184,53.167057],[8.73038,53.167019],[8.729795,53.167047],[8.729111,53.167101],[8.727681,53.167171],[8.72692,53.167145],[8.726412,53.167095],[8.726126,53.166957],[8.725926,53.166803],[8.72582,53.166596],[8.725759,53.166374],[8.72573,53.166111],[8.725744,53.165837],[8.725751,53.165524],[8.725858,53.165107],[8.726199,53.163966],[8.72621,53.163628],[8.726159,53.163346],[8.72604,53.16313],[8.725815,53.162923],[8.725487,53.162738],[8.725043,53.16265],[8.724535,53.162629],[8.724352,53.162621],[8.72377,53.162626],[8.722708,53.162667],[8.723042,53.162055],[8.723499,53.161324],[8.72396,53.160739],[8.724369,53.160306],[8.725171,53.160063],[8.727415,53.159279],[8.728023,53.159007],[8.72848,53.158707],[8.72878,53.158426],[8.728969,53.158249],[8.729366,53.157826],[8.72981,53.15717],[8.729927,53.156975],[8.731336,53.154776],[8.731477,53.154447],[8.731464,53.15424],[8.731241,53.153721],[8.730633,53.152093],[8.730386,53.151331],[8.730286,53.150846],[8.730359,53.150404],[8.730684,53.149865],[8.731311,53.149172],[8.731499,53.148996],[8.731387,53.148656],[8.733411,53.147038],[8.731438,53.143673],[8.730562,53.142222],[8.730249,53.141569],[8.728846,53.140625],[8.728618,53.140477],[8.727937,53.140826],[8.72731,53.141091],[8.726738,53.141306],[8.726103,53.141503],[8.725166,53.141735],[8.724596,53.141845],[8.724004,53.141922],[8.723498,53.141966],[8.722696,53.141991],[8.721954,53.141959],[8.721687,53.141947],[8.721566,53.14194],[8.721504,53.141938],[8.721392,53.141927],[8.721263,53.141915],[8.721076,53.141897],[8.720028,53.14176],[8.719612,53.141658],[8.719087,53.141498],[8.718669,53.141337],[8.718367,53.141188],[8.717988,53.140968],[8.717942,53.140939],[8.717029,53.140323],[8.716741,53.140076],[8.716387,53.139714],[8.71608,53.13935],[8.715664,53.138637],[8.715648,53.138599],[8.715599,53.138484],[8.715573,53.13841],[8.715534,53.13827],[8.715503,53.13812],[8.715469,53.137957],[8.715466,53.137904],[8.71546,53.13786],[8.715435,53.137692],[8.715442,53.137344],[8.715525,53.136891],[8.715642,53.136536],[8.715794,53.136191],[8.71604,53.135829],[8.71617,53.135686],[8.716633,53.135078],[8.717055,53.134741],[8.716866,53.134663],[8.716638,53.13457],[8.716199,53.134384],[8.715603,53.134698],[8.714854,53.135064],[8.71447,53.135341],[8.714054,53.135477],[8.713503,53.135607],[8.713293,53.135634],[8.712558,53.13571],[8.712315,53.135706],[8.711894,53.13569],[8.711589,53.135665],[8.711079,53.135591],[8.710532,53.135458],[8.710011,53.135262],[8.709556,53.135046],[8.709214,53.134835],[8.709048,53.134701],[8.70873,53.134351],[8.707067,53.131863],[8.70676,53.131369],[8.706218,53.130576],[8.706157,53.130421],[8.706073,53.13032],[8.70527,53.130502],[8.706777,53.132874],[8.708121,53.13492],[8.708993,53.13624],[8.70941,53.136117],[8.709833,53.136023],[8.71033,53.135904],[8.711099,53.136067],[8.712298,53.136251],[8.712274,53.136295],[8.712913,53.136428],[8.713492,53.136229],[8.713938,53.135945],[8.71462,53.135831],[8.714667,53.135823],[8.714281,53.136804],[8.714148,53.137338],[8.714144,53.13735],[8.714133,53.137396],[8.714131,53.137405],[8.713867,53.138465],[8.713647,53.140138],[8.713652,53.140374],[8.713678,53.140588],[8.71372,53.140767],[8.713401,53.14076],[8.712743,53.140822],[8.712447,53.140864],[8.711676,53.14108],[8.711414,53.14118],[8.711058,53.141349],[8.710421,53.141727],[8.709188,53.142581],[8.707891,53.143454],[8.707596,53.143671],[8.707546,53.143707],[8.70639,53.144492],[8.70604,53.1447],[8.70546,53.144975],[8.70318,53.145501],[8.702908,53.145588],[8.702154,53.145767],[8.701314,53.14597],[8.698738,53.146511],[8.696341,53.147079],[8.689004,53.148785],[8.687961,53.149027],[8.684182,53.149904],[8.68379,53.149995],[8.683476,53.150068],[8.681863,53.150439],[8.679368,53.151014],[8.678904,53.151123],[8.677215,53.151519],[8.675447,53.151935],[8.673256,53.152445],[8.67283,53.152563],[8.672507,53.152604],[8.671992,53.152622],[8.6715,53.152566],[8.671241,53.152505],[8.671027,53.152455],[8.670633,53.15228],[8.670275,53.152031],[8.670088,53.151776],[8.669937,53.151339],[8.669598,53.150843],[8.667355,53.147386],[8.666716,53.146384],[8.6656,53.144633],[8.665577,53.144597],[8.664042,53.142297],[8.663867,53.142027],[8.663604,53.141623],[8.663526,53.141513],[8.663371,53.141331],[8.66322,53.141168],[8.663047,53.141045],[8.662948,53.14098],[8.662764,53.140861],[8.662449,53.140727],[8.661942,53.14055],[8.661454,53.140418],[8.660854,53.140278],[8.660575,53.140213],[8.659962,53.140078],[8.659623,53.139975],[8.659365,53.139901],[8.659079,53.139805],[8.65882,53.139693],[8.658639,53.139608],[8.658597,53.139585],[8.658562,53.139572],[8.658536,53.139556],[8.658505,53.139537],[8.658372,53.139456],[8.65821,53.139323],[8.658052,53.139179],[8.657802,53.138858],[8.657756,53.138769],[8.65691,53.1375],[8.65648,53.136842],[8.656363,53.136663],[8.656301,53.136568],[8.656091,53.136246],[8.655932,53.136001],[8.655475,53.135295],[8.655397,53.135163],[8.655144,53.134733],[8.654859,53.134292],[8.654578,53.133856],[8.65433,53.133475],[8.653778,53.132599],[8.653674,53.132541],[8.653416,53.132159],[8.653295,53.131968],[8.653211,53.131835],[8.652854,53.131209],[8.652854,53.131092],[8.652855,53.131048],[8.652944,53.130754],[8.653498,53.13016],[8.65492,53.128626],[8.654824,53.128222],[8.654546,53.127057],[8.653096,53.127202],[8.652017,53.127334],[8.650856,53.127554],[8.649118,53.127934],[8.648125,53.12818],[8.645618,53.127179],[8.645414,53.127095],[8.644235,53.127791],[8.64397,53.127955],[8.643596,53.12819],[8.640362,53.130227],[8.639817,53.130549],[8.639144,53.130956],[8.638399,53.13142],[8.637597,53.131898],[8.63684,53.132371],[8.636131,53.132793],[8.635573,53.133106],[8.635316,53.133447],[8.634785,53.134043],[8.634208,53.134676],[8.633621,53.135327],[8.633013,53.136018],[8.632236,53.136885],[8.63162,53.137567],[8.631065,53.138189],[8.630644,53.138664],[8.630543,53.138813],[8.630173,53.139502],[8.629904,53.139967],[8.629553,53.140554],[8.629,53.141591],[8.628536,53.142429],[8.628049,53.143298],[8.627355,53.144574],[8.626784,53.145628],[8.626569,53.146009],[8.626514,53.14635],[8.626451,53.146729],[8.626191,53.148221],[8.625961,53.149586],[8.625704,53.150967],[8.625456,53.152349],[8.625144,53.154182],[8.624827,53.156091],[8.624422,53.15845],[8.624167,53.159737],[8.623904,53.161294],[8.623603,53.163224],[8.621896,53.165068],[8.621687,53.165295],[8.620992,53.166033],[8.620863,53.166164],[8.622836,53.167544],[8.623569,53.167156],[8.627583,53.165144],[8.628531,53.164688],[8.629081,53.164441],[8.630319,53.163947],[8.630926,53.163732],[8.634,53.162589],[8.635804,53.161816],[8.640037,53.159975],[8.640328,53.159869],[8.640764,53.159779],[8.641409,53.159689],[8.642024,53.159591],[8.642759,53.159513],[8.643253,53.159498],[8.643825,53.159494],[8.644397,53.159505],[8.64491,53.159541],[8.646019,53.159653],[8.64632,53.159692],[8.646546,53.159721],[8.647203,53.159837],[8.647814,53.159965],[8.648745,53.160142],[8.648836,53.16016],[8.649755,53.16034],[8.650499,53.160446],[8.651016,53.160498],[8.651556,53.160513],[8.651657,53.160527],[8.651789,53.161034],[8.65192,53.161573],[8.651786,53.161599],[8.651503,53.161643],[8.651082,53.161688],[8.650592,53.161734],[8.650321,53.161744],[8.650262,53.161857],[8.6503,53.162508],[8.650302,53.16256],[8.650338,53.163222],[8.650408,53.163722],[8.650514,53.164478],[8.650858,53.164438],[8.65124,53.16437],[8.651617,53.164298],[8.651802,53.164265],[8.652063,53.165081],[8.652696,53.165001],[8.653267,53.164947],[8.654163,53.164871],[8.654134,53.164902],[8.654189,53.165118],[8.65429,53.165516],[8.654193,53.165538],[8.65437,53.166188],[8.65447,53.166559],[8.654661,53.167089],[8.65474,53.167113],[8.654978,53.167788],[8.655059,53.168586],[8.65341,53.168767],[8.653449,53.169163],[8.65335,53.169167],[8.653364,53.169523],[8.653412,53.170267],[8.653753,53.170315],[8.65373,53.170404],[8.653516,53.171276],[8.653584,53.171323],[8.653521,53.172177],[8.652331,53.172302],[8.652342,53.172354],[8.652409,53.172606],[8.652425,53.172665],[8.652448,53.1727],[8.653581,53.172614],[8.656297,53.172448],[8.656317,53.172592],[8.656323,53.17264],[8.656327,53.172664],[8.656329,53.172683],[8.656352,53.172843],[8.656358,53.172888],[8.656393,53.173137],[8.655844,53.173408],[8.655436,53.173669],[8.654897,53.174183],[8.654799,53.17441],[8.655439,53.174485],[8.656108,53.174564],[8.656767,53.174642],[8.656862,53.174653],[8.657134,53.174679],[8.657195,53.17478],[8.65736,53.174799],[8.657307,53.175018],[8.657486,53.175402],[8.657815,53.176095],[8.658006,53.176503],[8.658399,53.177315],[8.658881,53.177134],[8.658917,53.177208],[8.658973,53.177339],[8.65935,53.177195],[8.659379,53.177184],[8.659766,53.177564],[8.661559,53.177661],[8.661674,53.177562],[8.661823,53.177496],[8.662043,53.177426],[8.662079,53.177432],[8.662124,53.177447],[8.662109,53.177591],[8.66279,53.177696],[8.662918,53.177716],[8.662808,53.178233],[8.663455,53.17786],[8.663822,53.177642],[8.664008,53.177514],[8.664321,53.177263],[8.664486,53.177099],[8.665448,53.176143],[8.665789,53.175804],[8.665841,53.175753],[8.665906,53.175775],[8.666018,53.175791],[8.665743,53.176111],[8.665706,53.176144],[8.665348,53.176473],[8.665774,53.176489],[8.666227,53.176506],[8.666275,53.177109],[8.667123,53.177083],[8.667721,53.177063],[8.667864,53.177058],[8.667971,53.177291],[8.668056,53.177286],[8.669144,53.177233],[8.670373,53.177172],[8.670879,53.178301],[8.671217,53.178985],[8.671741,53.178975],[8.674404,53.178899],[8.674718,53.178888],[8.674816,53.178673],[8.674865,53.178488],[8.674924,53.178256],[8.67506,53.177695],[8.675212,53.177078],[8.675284,53.176786],[8.675353,53.176524],[8.675412,53.176304],[8.675471,53.176054],[8.675517,53.175846],[8.675572,53.175715],[8.675585,53.175686],[8.675783,53.175197],[8.675847,53.17509],[8.675902,53.1751],[8.676881,53.175402],[8.67825,53.175825],[8.678991,53.176055],[8.679846,53.176312],[8.679751,53.176395],[8.679598,53.176523],[8.678502,53.177435],[8.678464,53.177465],[8.678614,53.177512],[8.678685,53.177555],[8.679548,53.178078],[8.679686,53.178162],[8.680678,53.178133],[8.680763,53.17815],[8.680844,53.178158],[8.681581,53.178114],[8.681921,53.178107],[8.682016,53.178111],[8.682382,53.178184],[8.682734,53.178237],[8.683122,53.178288],[8.683239,53.178303],[8.683576,53.17835],[8.684,53.178337],[8.684493,53.178422],[8.68457,53.178437],[8.68492,53.178505],[8.684977,53.178517],[8.685042,53.17853],[8.685784,53.178683],[8.686142,53.178755],[8.686689,53.17886],[8.687062,53.178953],[8.687612,53.179085],[8.687767,53.179135],[8.687848,53.17917],[8.688004,53.179233],[8.688199,53.179324],[8.688252,53.179304],[8.688554,53.17949],[8.688803,53.179686],[8.689012,53.179817],[8.689181,53.179928],[8.689415,53.180083],[8.689663,53.180223],[8.690046,53.180458],[8.690232,53.180564],[8.690221,53.180583],[8.690516,53.180772],[8.690606,53.180863],[8.690727,53.180981],[8.690782,53.181029],[8.690911,53.181102],[8.691074,53.181184],[8.691226,53.181259],[8.69143,53.18134],[8.691607,53.181411],[8.691703,53.181451],[8.691776,53.18147],[8.691885,53.181496],[8.692084,53.181521],[8.692284,53.181535],[8.692539,53.181562],[8.692959,53.181611],[8.693106,53.181631],[8.693293,53.181659],[8.693519,53.181699],[8.693725,53.181737],[8.693869,53.181767],[8.694127,53.181829],[8.694185,53.181843],[8.694377,53.181921],[8.694646,53.182016],[8.694967,53.182116],[8.695145,53.182171],[8.695542,53.182283],[8.695629,53.182305],[8.695908,53.182374],[8.696118,53.182445],[8.696281,53.182489],[8.696647,53.18259],[8.696787,53.182619],[8.696885,53.18267],[8.697006,53.182727],[8.69713,53.18279],[8.697194,53.182821],[8.69734,53.182892],[8.697362,53.182902],[8.69742,53.182933],[8.697501,53.182977],[8.697673,53.183132],[8.69777,53.183206],[8.697795,53.183225],[8.697945,53.18334],[8.698056,53.18342],[8.698153,53.183506],[8.698337,53.183682],[8.69837,53.183705],[8.69836,53.18381],[8.698541,53.18409],[8.699408,53.185464],[8.700079,53.18474],[8.700716,53.184044],[8.700416,53.183943],[8.700627,53.183621],[8.700771,53.183369],[8.70097,53.183134],[8.701016,53.183079],[8.701128,53.182948],[8.701241,53.182815],[8.701282,53.182767],[8.70137,53.182676],[8.701493,53.182548],[8.701595,53.182442],[8.701683,53.182328],[8.701764,53.182223],[8.701803,53.182171],[8.701935,53.181994],[8.701949,53.181941],[8.702033,53.181875],[8.702077,53.181838],[8.702253,53.18169],[8.702502,53.181491],[8.702625,53.181324],[8.702699,53.181209],[8.702727,53.181174],[8.702211,53.180793],[8.702094,53.180698],[8.701351,53.180165],[8.70113,53.179976],[8.701108,53.179942],[8.701017,53.179729],[8.700935,53.17947],[8.700845,53.179372]]]}},{"type":"Feature","id":"bremen-pks-05","properties":{"city":"Bremen","year":2025,"police_table":5,"name":"Stadtteil Findorff","source_regions":[{"kind":"stadtteil","name":"Findorff","code":"04011420"}],"area_km2":4.34,"offense_cases":null,"population":null,"crime_rate":null,"metrics":{"all_offenses":{"2024":3232,"2025":2877,"rate":null},"sexual":{"2024":45,"2025":44,"rate":null},"robbery":{"2024":34,"2025":36,"rate":null},"bodily_injury":{"2024":298,"2025":294,"rate":null},"burglary":{"2024":30,"2025":31,"rate":null},"theft":{"2024":1827,"2025":1508,"rate":null},"drug":{"2024":84,"2025":37,"rate":null}}},"geometry":{"type":"Polygon","coordinates":[[[8.819061,53.114779],[8.819555,53.113615],[8.819821,53.113917],[8.820044,53.114098],[8.820321,53.114179],[8.82128,53.113941],[8.822003,53.113749],[8.822772,53.113534],[8.823244,53.113401],[8.82372,53.113141],[8.823207,53.11272],[8.822925,53.112463],[8.822159,53.112321],[8.821794,53.112264],[8.820758,53.112101],[8.820287,53.112026],[8.820634,53.111855],[8.821208,53.111754],[8.822099,53.111531],[8.824606,53.110865],[8.824561,53.110806],[8.824532,53.110768],[8.82441,53.110523],[8.824339,53.110303],[8.824284,53.109722],[8.824283,53.109327],[8.824393,53.109051],[8.824419,53.108896],[8.824408,53.108573],[8.824338,53.108337],[8.823864,53.107347],[8.823856,53.106914],[8.823823,53.106815],[8.823759,53.106716],[8.823323,53.106246],[8.823307,53.106192],[8.823462,53.105892],[8.824791,53.103908],[8.824876,53.103752],[8.824976,53.10364],[8.825503,53.102852],[8.825791,53.102399],[8.826146,53.101906],[8.826391,53.10154],[8.826496,53.101428],[8.826775,53.10107],[8.826839,53.100879],[8.826845,53.100772],[8.826827,53.100488],[8.826767,53.100184],[8.826664,53.099969],[8.826538,53.099764],[8.826313,53.099498],[8.826111,53.099258],[8.825358,53.098423],[8.825154,53.098213],[8.824913,53.097963],[8.824026,53.097101],[8.822482,53.095724],[8.822101,53.095414],[8.821951,53.095292],[8.821668,53.095062],[8.820171,53.094034],[8.819729,53.093774],[8.818989,53.093348],[8.817127,53.09236],[8.81523,53.091327],[8.814371,53.090877],[8.814359,53.090872],[8.814408,53.090822],[8.814485,53.090745],[8.813847,53.090441],[8.813706,53.09041],[8.813593,53.090394],[8.813564,53.090382],[8.813863,53.09014],[8.814104,53.089945],[8.814115,53.089935],[8.814509,53.089592],[8.815207,53.089024],[8.815502,53.088812],[8.815565,53.088779],[8.815818,53.088646],[8.815861,53.088625],[8.816486,53.088317],[8.817937,53.08761],[8.817775,53.087445],[8.817669,53.087161],[8.817741,53.087005],[8.817869,53.086858],[8.818254,53.086574],[8.81843,53.086486],[8.818001,53.086199],[8.817453,53.085652],[8.817112,53.085225],[8.816803,53.084726],[8.816548,53.084127],[8.816489,53.083736],[8.816383,53.083209],[8.81632,53.083094],[8.816279,53.083051],[8.816169,53.082959],[8.816092,53.082899],[8.815969,53.082958],[8.81612,53.083075],[8.814908,53.083655],[8.814983,53.083724],[8.814161,53.0841],[8.814954,53.084754],[8.813243,53.085567],[8.812684,53.085828],[8.81103,53.086595],[8.81048,53.086593],[8.809468,53.086811],[8.808073,53.087475],[8.807715,53.087404],[8.807468,53.087638],[8.807268,53.087554],[8.806978,53.087432],[8.806581,53.087254],[8.806367,53.087106],[8.806261,53.087149],[8.805451,53.087595],[8.804882,53.087965],[8.804673,53.088066],[8.803829,53.08866],[8.803449,53.088928],[8.803381,53.088915],[8.803229,53.088884],[8.80049,53.091185],[8.80024,53.091397],[8.800085,53.091529],[8.797525,53.0937],[8.796973,53.094219],[8.796669,53.094582],[8.796626,53.094636],[8.796564,53.094716],[8.796388,53.09498],[8.796083,53.095568],[8.795908,53.096167],[8.795858,53.096484],[8.795846,53.096894],[8.795924,53.097506],[8.796229,53.098293],[8.796407,53.098631],[8.796537,53.09883],[8.796861,53.099258],[8.797333,53.099744],[8.797586,53.099963],[8.798156,53.100384],[8.798556,53.100637],[8.798856,53.100809],[8.799477,53.101114],[8.800227,53.101423],[8.800708,53.10158],[8.801207,53.101716],[8.801544,53.101812],[8.80162,53.10183],[8.801707,53.101847],[8.801883,53.101879],[8.802052,53.10191],[8.802292,53.10195],[8.802766,53.10203],[8.802875,53.102048],[8.802968,53.10206],[8.804705,53.102233],[8.806353,53.102375],[8.805543,53.102382],[8.805121,53.102398],[8.804607,53.102437],[8.803996,53.102511],[8.803483,53.102591],[8.803351,53.102618],[8.803248,53.10264],[8.803094,53.102669],[8.802483,53.102831],[8.802048,53.102959],[8.801546,53.103126],[8.801406,53.103169],[8.801254,53.103217],[8.801111,53.103259],[8.801039,53.103279],[8.800824,53.103352],[8.801491,53.104061],[8.801814,53.10453],[8.802078,53.105],[8.802242,53.105316],[8.802976,53.106822],[8.803387,53.10761],[8.803547,53.10786],[8.803891,53.10829],[8.804147,53.108539],[8.804628,53.108909],[8.805338,53.109358],[8.806258,53.109863],[8.808861,53.111301],[8.809668,53.111787],[8.809876,53.111932],[8.810189,53.112184],[8.810238,53.112227],[8.810433,53.1124],[8.810685,53.112643],[8.810846,53.112842],[8.810986,53.113035],[8.81109,53.113227],[8.811175,53.113414],[8.811288,53.113786],[8.811404,53.114136],[8.812036,53.117254],[8.812146,53.11743],[8.812295,53.117572],[8.812577,53.117772],[8.812758,53.11782],[8.812915,53.117845],[8.813086,53.117844],[8.813272,53.117828],[8.813444,53.117768],[8.81357,53.117713],[8.813676,53.117636],[8.813884,53.117533],[8.814242,53.117299],[8.814789,53.117039],[8.815071,53.116951],[8.815514,53.116843],[8.816058,53.116688],[8.816811,53.116528],[8.817092,53.116519],[8.818858,53.116464],[8.818854,53.116207],[8.818921,53.11526],[8.819061,53.114779]]]}},{"type":"Feature","id":"bremen-pks-06","properties":{"city":"Bremen","year":2025,"police_table":6,"name":"Stadtteil Gröpelingen und Ortsteil Industriehäfen","source_regions":[{"kind":"stadtteil","name":"Gröpelingen","code":"04011440"},{"kind":"ortsteil","name":"Industriehäfen","code":"04011122"}],"area_km2":24.451,"offense_cases":null,"population":null,"crime_rate":null,"metrics":{"all_offenses":{"2024":7547,"2025":6819,"rate":null},"sexual":{"2024":70,"2025":78,"rate":null},"robbery":{"2024":73,"2025":92,"rate":null},"bodily_injury":{"2024":681,"2025":719,"rate":null},"burglary":{"2024":98,"2025":115,"rate":null},"theft":{"2024":4263,"2025":3504,"rate":null},"drug":{"2024":319,"2025":313,"rate":null}}},"geometry":{"type":"Polygon","coordinates":[[[8.756553,53.140236],[8.75822,53.139672],[8.759216,53.139314],[8.760444,53.138901],[8.760825,53.138773],[8.762481,53.138191],[8.763097,53.137981],[8.764107,53.137639],[8.765868,53.136989],[8.769493,53.135692],[8.770375,53.135368],[8.771525,53.134963],[8.771985,53.134819],[8.772202,53.134736],[8.773091,53.134395],[8.773581,53.134228],[8.77461,53.133876],[8.775986,53.133383],[8.77693,53.133043],[8.779338,53.132168],[8.779472,53.132119],[8.780656,53.131692],[8.781957,53.131224],[8.783291,53.13075],[8.784041,53.130477],[8.783934,53.130386],[8.783824,53.130232],[8.783461,53.129411],[8.782985,53.128237],[8.782574,53.127141],[8.782318,53.12653],[8.782119,53.126011],[8.781844,53.125279],[8.781818,53.125208],[8.781416,53.124123],[8.781292,53.123789],[8.780877,53.122768],[8.78067,53.122349],[8.780327,53.121775],[8.779877,53.121059],[8.779816,53.120958],[8.779508,53.120498],[8.779156,53.120057],[8.778937,53.119794],[8.778784,53.11961],[8.778474,53.119243],[8.778314,53.119077],[8.778161,53.118901],[8.777785,53.118468],[8.777452,53.118168],[8.779621,53.115131],[8.776839,53.114065],[8.776242,53.113827],[8.775065,53.113355],[8.775085,53.113185],[8.77498,53.112802],[8.774874,53.112542],[8.774486,53.11193],[8.774421,53.111759],[8.773812,53.110946],[8.773712,53.110981],[8.773569,53.110805],[8.774683,53.110184],[8.774263,53.11021],[8.773934,53.109377],[8.773052,53.109499],[8.772319,53.109162],[8.770972,53.109851],[8.770718,53.109999],[8.769906,53.110429],[8.769748,53.110386],[8.769585,53.110342],[8.768104,53.109699],[8.768057,53.109618],[8.768024,53.109571],[8.767662,53.109474],[8.767147,53.109686],[8.766252,53.108931],[8.765755,53.108546],[8.765873,53.107701],[8.765968,53.107338],[8.765972,53.107193],[8.766021,53.106996],[8.76613,53.106805],[8.766066,53.106851],[8.765831,53.107015],[8.765745,53.107081],[8.764094,53.10833],[8.763622,53.108715],[8.76309,53.109143],[8.762803,53.109288],[8.762614,53.109352],[8.762447,53.10941],[8.761408,53.109676],[8.760436,53.10996],[8.759688,53.110141],[8.759297,53.11022],[8.758663,53.110319],[8.757419,53.110456],[8.756775,53.11053],[8.756048,53.110599],[8.755743,53.110644],[8.755306,53.110646],[8.754692,53.110648],[8.753914,53.11071],[8.753281,53.110844],[8.752858,53.110981],[8.752408,53.111209],[8.752092,53.111423],[8.751798,53.111654],[8.751588,53.111905],[8.751436,53.112139],[8.751288,53.112141],[8.751133,53.112144],[8.751362,53.111342],[8.751381,53.110979],[8.751387,53.110878],[8.751393,53.110774],[8.751444,53.10997],[8.751472,53.10893],[8.751475,53.108542],[8.751267,53.108417],[8.751285,53.107703],[8.75098,53.107603],[8.75088,53.107536],[8.750146,53.10731],[8.750137,53.107308],[8.747511,53.106501],[8.746383,53.106153],[8.745209,53.107456],[8.743669,53.108908],[8.7432,53.109326],[8.742318,53.110068],[8.741827,53.110431],[8.740451,53.111395],[8.739082,53.11225],[8.73845,53.112618],[8.736634,53.113473],[8.734606,53.11438],[8.733735,53.114755],[8.732858,53.115109],[8.730166,53.116128],[8.728916,53.116573],[8.726535,53.11716],[8.724314,53.11765],[8.723133,53.117867],[8.721834,53.118082],[8.720718,53.118232],[8.719248,53.118397],[8.716035,53.118812],[8.714864,53.118932],[8.71304,53.119078],[8.711951,53.119149],[8.710917,53.119186],[8.708932,53.119195],[8.701173,53.119015],[8.70019,53.118965],[8.699128,53.119003],[8.697964,53.119071],[8.696771,53.119171],[8.696022,53.119265],[8.694831,53.119419],[8.694145,53.119524],[8.693633,53.119598],[8.692953,53.119734],[8.691852,53.11998],[8.689211,53.120614],[8.686317,53.12126],[8.684462,53.121729],[8.682798,53.122125],[8.676535,53.123677],[8.671969,53.124694],[8.669712,53.125219],[8.66906,53.125348],[8.663656,53.126242],[8.662454,53.126403],[8.659978,53.126619],[8.658174,53.126785],[8.654546,53.127057],[8.654824,53.128222],[8.65492,53.128626],[8.653498,53.13016],[8.652944,53.130754],[8.652855,53.131048],[8.652854,53.131092],[8.652854,53.131209],[8.653211,53.131835],[8.653295,53.131968],[8.653416,53.132159],[8.653674,53.132541],[8.653778,53.132599],[8.65433,53.133475],[8.654578,53.133856],[8.654859,53.134292],[8.655144,53.134733],[8.655397,53.135163],[8.655475,53.135295],[8.655932,53.136001],[8.656091,53.136246],[8.656301,53.136568],[8.656363,53.136663],[8.65648,53.136842],[8.65691,53.1375],[8.657756,53.138769],[8.657802,53.138858],[8.658052,53.139179],[8.65821,53.139323],[8.658372,53.139456],[8.658505,53.139537],[8.658536,53.139556],[8.658562,53.139572],[8.658597,53.139585],[8.658639,53.139608],[8.65882,53.139693],[8.659079,53.139805],[8.659365,53.139901],[8.659623,53.139975],[8.659962,53.140078],[8.660575,53.140213],[8.660854,53.140278],[8.661454,53.140418],[8.661942,53.14055],[8.662449,53.140727],[8.662764,53.140861],[8.662948,53.14098],[8.663047,53.141045],[8.66322,53.141168],[8.663371,53.141331],[8.663526,53.141513],[8.663604,53.141623],[8.663867,53.142027],[8.664042,53.142297],[8.665577,53.144597],[8.6656,53.144633],[8.666716,53.146384],[8.667355,53.147386],[8.669598,53.150843],[8.669937,53.151339],[8.670088,53.151776],[8.670275,53.152031],[8.670633,53.15228],[8.671027,53.152455],[8.671241,53.152505],[8.6715,53.152566],[8.671992,53.152622],[8.672507,53.152604],[8.67283,53.152563],[8.673256,53.152445],[8.675447,53.151935],[8.677215,53.151519],[8.678904,53.151123],[8.679368,53.151014],[8.681863,53.150439],[8.683476,53.150068],[8.68379,53.149995],[8.684182,53.149904],[8.687961,53.149027],[8.689004,53.148785],[8.696341,53.147079],[8.698738,53.146511],[8.701314,53.14597],[8.702154,53.145767],[8.702908,53.145588],[8.70318,53.145501],[8.70546,53.144975],[8.70604,53.1447],[8.70639,53.144492],[8.707546,53.143707],[8.707596,53.143671],[8.707891,53.143454],[8.709188,53.142581],[8.710421,53.141727],[8.711058,53.141349],[8.711414,53.14118],[8.711676,53.14108],[8.712447,53.140864],[8.712743,53.140822],[8.713401,53.14076],[8.71372,53.140767],[8.713678,53.140588],[8.713652,53.140374],[8.713647,53.140138],[8.713867,53.138465],[8.714131,53.137405],[8.714133,53.137396],[8.714144,53.13735],[8.714148,53.137338],[8.714281,53.136804],[8.714667,53.135823],[8.71462,53.135831],[8.713938,53.135945],[8.713492,53.136229],[8.712913,53.136428],[8.712274,53.136295],[8.712298,53.136251],[8.711099,53.136067],[8.71033,53.135904],[8.709833,53.136023],[8.70941,53.136117],[8.708993,53.13624],[8.708121,53.13492],[8.706777,53.132874],[8.70527,53.130502],[8.706073,53.13032],[8.706157,53.130421],[8.706218,53.130576],[8.70676,53.131369],[8.707067,53.131863],[8.70873,53.134351],[8.709048,53.134701],[8.709214,53.134835],[8.709556,53.135046],[8.710011,53.135262],[8.710532,53.135458],[8.711079,53.135591],[8.711589,53.135665],[8.711894,53.13569],[8.712315,53.135706],[8.712558,53.13571],[8.713293,53.135634],[8.713503,53.135607],[8.714054,53.135477],[8.71447,53.135341],[8.714854,53.135064],[8.715603,53.134698],[8.716199,53.134384],[8.716638,53.13457],[8.716866,53.134663],[8.717055,53.134741],[8.716633,53.135078],[8.71617,53.135686],[8.71604,53.135829],[8.715794,53.136191],[8.715642,53.136536],[8.715525,53.136891],[8.715442,53.137344],[8.715435,53.137692],[8.71546,53.13786],[8.715466,53.137904],[8.715469,53.137957],[8.715503,53.13812],[8.715534,53.13827],[8.715573,53.13841],[8.715599,53.138484],[8.715648,53.138599],[8.715664,53.138637],[8.71608,53.13935],[8.716387,53.139714],[8.716741,53.140076],[8.717029,53.140323],[8.717942,53.140939],[8.717988,53.140968],[8.718367,53.141188],[8.718669,53.141337],[8.719087,53.141498],[8.719612,53.141658],[8.720028,53.14176],[8.721076,53.141897],[8.721263,53.141915],[8.721392,53.141927],[8.721504,53.141938],[8.721566,53.14194],[8.721687,53.141947],[8.721954,53.141959],[8.722696,53.141991],[8.723498,53.141966],[8.724004,53.141922],[8.724596,53.141845],[8.725166,53.141735],[8.726103,53.141503],[8.726738,53.141306],[8.72731,53.141091],[8.727937,53.140826],[8.728618,53.140477],[8.728846,53.140625],[8.730249,53.141569],[8.730562,53.142222],[8.731438,53.143673],[8.733411,53.147038],[8.731387,53.148656],[8.731499,53.148996],[8.73188,53.148839],[8.736172,53.147375],[8.736862,53.14712],[8.739574,53.146224],[8.742832,53.14509],[8.744242,53.144585],[8.744991,53.144314],[8.748625,53.143051],[8.75182,53.141934],[8.753402,53.141389],[8.753436,53.141377],[8.754855,53.140881],[8.756553,53.140236]]]}},{"type":"Feature","id":"bremen-pks-07","properties":{"city":"Bremen","year":2025,"police_table":7,"name":"Stadtteil Hemelingen","source_regions":[{"kind":"stadtteil","name":"Hemelingen","code":"04011380"}],"area_km2":29.793,"offense_cases":null,"population":null,"crime_rate":null,"metrics":{"all_offenses":{"2024":5197,"2025":4196,"rate":null},"sexual":{"2024":57,"2025":70,"rate":null},"robbery":{"2024":40,"2025":46,"rate":null},"bodily_injury":{"2024":609,"2025":546,"rate":null},"burglary":{"2024":110,"2025":53,"rate":null},"theft":{"2024":2316,"2025":1608,"rate":null},"drug":{"2024":50,"2025":32,"rate":null}}},"geometry":{"type":"Polygon","coordinates":[[[8.860937,53.074788],[8.862659,53.074506],[8.862783,53.074595],[8.864045,53.074518],[8.865434,53.074317],[8.866807,53.074074],[8.867478,53.073919],[8.868538,53.073638],[8.869818,53.073227],[8.869976,53.073223],[8.870088,53.073187],[8.870361,53.073099],[8.87127,53.072639],[8.871816,53.072388],[8.872597,53.07198],[8.873325,53.071559],[8.874326,53.070861],[8.875149,53.070214],[8.876101,53.069295],[8.87669,53.068675],[8.876734,53.06868],[8.87755,53.067775],[8.877915,53.06732],[8.879143,53.065981],[8.87959,53.065581],[8.879676,53.065646],[8.880074,53.066039],[8.880165,53.066183],[8.880242,53.066322],[8.880845,53.066642],[8.881361,53.066863],[8.881742,53.067065],[8.881887,53.067142],[8.881986,53.067194],[8.882156,53.067305],[8.882587,53.067586],[8.882769,53.067715],[8.882875,53.067791],[8.883079,53.067935],[8.884255,53.068638],[8.885764,53.069557],[8.885854,53.069632],[8.886254,53.069793],[8.88602,53.070066],[8.884916,53.071218],[8.885033,53.071939],[8.885111,53.072101],[8.885189,53.072143],[8.884578,53.072672],[8.884463,53.07279],[8.883087,53.074205],[8.882631,53.074697],[8.882528,53.074811],[8.882098,53.075285],[8.882874,53.075431],[8.883205,53.075499],[8.88371,53.075535],[8.883727,53.075625],[8.884187,53.075623],[8.884996,53.07562],[8.885327,53.075619],[8.887454,53.075618],[8.887561,53.075618],[8.887606,53.075618],[8.89257,53.075567],[8.893169,53.07555],[8.893475,53.075541],[8.895659,53.07553],[8.895972,53.07553],[8.897942,53.075529],[8.899445,53.075524],[8.901647,53.075492],[8.901702,53.075493],[8.902436,53.075499],[8.903403,53.075469],[8.909381,53.075424],[8.912251,53.075434],[8.914066,53.075418],[8.914352,53.075075],[8.915027,53.074252],[8.915313,53.073848],[8.915364,53.073769],[8.915804,53.073128],[8.915949,53.072769],[8.91592,53.072501],[8.915943,53.072278],[8.916163,53.071755],[8.916306,53.071514],[8.916486,53.071302],[8.916497,53.071289],[8.916518,53.071249],[8.916553,53.071196],[8.916763,53.070885],[8.916919,53.070721],[8.917239,53.070387],[8.917177,53.070221],[8.917203,53.06957],[8.915029,53.068616],[8.914988,53.068264],[8.914963,53.066551],[8.915003,53.066304],[8.91517,53.066129],[8.915863,53.065825],[8.916006,53.065645],[8.916034,53.065434],[8.915991,53.061959],[8.916022,53.061105],[8.916021,53.061067],[8.916013,53.060657],[8.916726,53.060655],[8.916758,53.059702],[8.91676,53.059645],[8.916761,53.059608],[8.916745,53.059066],[8.917248,53.059031],[8.917143,53.058666],[8.917035,53.058273],[8.916668,53.057166],[8.91641,53.056192],[8.917273,53.055594],[8.917448,53.055512],[8.918172,53.055418],[8.919408,53.055322],[8.920013,53.05521],[8.920112,53.055172],[8.920136,53.055098],[8.920132,53.054648],[8.920188,53.054601],[8.920119,53.054229],[8.920074,53.053749],[8.919981,53.053339],[8.919896,53.053232],[8.919908,53.053188],[8.919764,53.052405],[8.919352,53.050931],[8.919285,53.050801],[8.917998,53.048996],[8.917425,53.048143],[8.917365,53.048041],[8.918562,53.047674],[8.918924,53.047558],[8.918994,53.047537],[8.919063,53.047519],[8.919112,53.047504],[8.922109,53.046602],[8.925354,53.045608],[8.926866,53.045154],[8.928086,53.044779],[8.931201,53.04383],[8.93324,53.043209],[8.938301,53.04167],[8.93855,53.041595],[8.941783,53.040607],[8.942093,53.040512],[8.942225,53.040541],[8.944072,53.040916],[8.944407,53.040983],[8.944529,53.041009],[8.944728,53.04105],[8.9448,53.041062],[8.944825,53.041068],[8.945966,53.041311],[8.946688,53.04146],[8.947735,53.041675],[8.948999,53.041936],[8.950786,53.042305],[8.950945,53.042336],[8.951092,53.042365],[8.95313,53.042788],[8.9541,53.043021],[8.954871,53.04323],[8.955908,53.043543],[8.956818,53.043849],[8.957379,53.044063],[8.957887,53.044262],[8.958597,53.044574],[8.95875,53.044642],[8.959586,53.045036],[8.960791,53.045681],[8.961947,53.046393],[8.963135,53.047249],[8.964399,53.048189],[8.96533,53.048903],[8.966287,53.049615],[8.967091,53.050221],[8.967484,53.050517],[8.968039,53.050936],[8.969736,53.052189],[8.970573,53.052821],[8.970742,53.052945],[8.971041,53.053168],[8.971054,53.053178],[8.972007,53.053932],[8.972093,53.053764],[8.972159,53.053662],[8.972231,53.053541],[8.972829,53.052508],[8.973016,53.052184],[8.973384,53.051552],[8.973471,53.051401],[8.973603,53.051181],[8.974039,53.051228],[8.974697,53.051295],[8.976571,53.051492],[8.976623,53.051416],[8.97692,53.051043],[8.978133,53.049526],[8.978662,53.048864],[8.9794,53.047947],[8.979927,53.04728],[8.980293,53.046821],[8.980175,53.04662],[8.980153,53.046587],[8.97927,53.046189],[8.978353,53.045775],[8.978171,53.045697],[8.978097,53.04565],[8.977905,53.045527],[8.977838,53.045485],[8.977779,53.045444],[8.977553,53.04525],[8.977498,53.045202],[8.977428,53.045153],[8.977334,53.045068],[8.97715,53.044872],[8.976583,53.044322],[8.976487,53.044232],[8.975961,53.043735],[8.975871,53.043649],[8.975428,53.043219],[8.974926,53.042734],[8.974452,53.042281],[8.97376,53.04161],[8.973529,53.041399],[8.973488,53.041303],[8.973316,53.041182],[8.973151,53.041014],[8.972991,53.040871],[8.972441,53.040329],[8.97237,53.040297],[8.971903,53.039819],[8.971199,53.039187],[8.971009,53.039087],[8.970412,53.038823],[8.969997,53.038673],[8.969053,53.038265],[8.968799,53.038161],[8.968231,53.037911],[8.967948,53.037753],[8.967787,53.037661],[8.96759,53.037523],[8.966792,53.036912],[8.966818,53.036902],[8.966518,53.036654],[8.966037,53.036517],[8.965679,53.036413],[8.965428,53.036362],[8.96539,53.036378],[8.965303,53.036419],[8.965213,53.03645],[8.965078,53.036497],[8.964443,53.036751],[8.963526,53.037117],[8.962717,53.036868],[8.96182,53.036574],[8.961258,53.036389],[8.959506,53.035817],[8.95941,53.035784],[8.959284,53.035741],[8.959131,53.035688],[8.95871,53.035557],[8.958538,53.035503],[8.958337,53.035436],[8.957402,53.035132],[8.957319,53.035113],[8.957179,53.035067],[8.957099,53.035041],[8.956455,53.034832],[8.956358,53.0348],[8.955366,53.034476],[8.954878,53.034321],[8.954103,53.03408],[8.953964,53.034033],[8.953855,53.033994],[8.953957,53.033964],[8.953622,53.033607],[8.953178,53.033469],[8.952934,53.0337],[8.952349,53.033515],[8.952114,53.033443],[8.951848,53.033358],[8.951719,53.033315],[8.951674,53.033078],[8.951601,53.03282],[8.951551,53.032636],[8.951487,53.032402],[8.95143,53.032408],[8.951349,53.032369],[8.951323,53.032351],[8.951175,53.03159],[8.951131,53.031444],[8.951057,53.031403],[8.950771,53.031387],[8.950683,53.031382],[8.950618,53.031362],[8.950387,53.031293],[8.95025,53.031222],[8.950198,53.031195],[8.949985,53.031091],[8.949713,53.030972],[8.949342,53.030837],[8.949049,53.030725],[8.948834,53.030625],[8.948537,53.030639],[8.947889,53.03076],[8.94777,53.030771],[8.947555,53.030792],[8.947484,53.030773],[8.947402,53.030697],[8.947396,53.030675],[8.947247,53.030688],[8.947172,53.030702],[8.946864,53.030766],[8.946568,53.030842],[8.946462,53.030875],[8.946323,53.030891],[8.946209,53.030868],[8.94604,53.030823],[8.945945,53.030789],[8.945807,53.030673],[8.945697,53.030525],[8.945693,53.030439],[8.945717,53.030335],[8.945804,53.030221],[8.946025,53.029935],[8.946231,53.029736],[8.94631,53.029643],[8.946333,53.02961],[8.946389,53.029455],[8.946413,53.029369],[8.946393,53.029298],[8.946354,53.029222],[8.946271,53.029115],[8.946114,53.028896],[8.946034,53.028779],[8.945893,53.028694],[8.945774,53.028618],[8.945688,53.028544],[8.945629,53.028481],[8.945526,53.028356],[8.945496,53.028318],[8.945463,53.028277],[8.945404,53.02817],[8.945313,53.028047],[8.945211,53.027949],[8.94512,53.027821],[8.945029,53.027657],[8.945004,53.02759],[8.945016,53.02744],[8.945024,53.027378],[8.945037,53.027325],[8.945085,53.027161],[8.945149,53.027082],[8.945256,53.026946],[8.945342,53.0268],[8.945537,53.026636],[8.945897,53.026311],[8.946087,53.026128],[8.946238,53.025978],[8.946284,53.025913],[8.946298,53.02587],[8.946238,53.025475],[8.946145,53.025221],[8.946022,53.025034],[8.945901,53.024898],[8.945852,53.024848],[8.94579,53.024786],[8.945737,53.024733],[8.945533,53.024636],[8.944828,53.024457],[8.944636,53.024403],[8.943931,53.024346],[8.943329,53.024341],[8.942861,53.024337],[8.942429,53.024366],[8.941988,53.024442],[8.941662,53.024494],[8.941218,53.024448],[8.940985,53.02442],[8.940748,53.024467],[8.94023,53.024549],[8.939972,53.024584],[8.939778,53.024636],[8.939412,53.02475],[8.939162,53.024793],[8.938718,53.024787],[8.938393,53.024757],[8.938158,53.024721],[8.93813,53.02458],[8.938175,53.024384],[8.938208,53.024267],[8.93816,53.024009],[8.938005,53.023186],[8.937884,53.022602],[8.937582,53.021218],[8.937301,53.019976],[8.937259,53.01979],[8.9372,53.01953],[8.937162,53.019363],[8.936789,53.017837],[8.936222,53.015369],[8.936081,53.014748],[8.936006,53.01437],[8.935843,53.013598],[8.935731,53.013607],[8.934637,53.013683],[8.933896,53.013734],[8.933353,53.013771],[8.930653,53.013959],[8.928797,53.014086],[8.928734,53.013819],[8.928526,53.012855],[8.9285,53.012859],[8.928441,53.012872],[8.927863,53.013015],[8.926158,53.013445],[8.924815,53.013772],[8.92404,53.013963],[8.924005,53.013974],[8.92323,53.014273],[8.922722,53.01447],[8.922419,53.014582],[8.921784,53.014826],[8.921733,53.014768],[8.921703,53.014554],[8.921568,53.013544],[8.921552,53.013426],[8.921406,53.012388],[8.921394,53.012156],[8.92134,53.012155],[8.92125,53.012158],[8.921244,53.012287],[8.919945,53.012667],[8.91979,53.012713],[8.919411,53.012822],[8.917713,53.013313],[8.917423,53.012981],[8.917084,53.012578],[8.916739,53.012163],[8.916416,53.011778],[8.91629,53.011638],[8.916081,53.011152],[8.914196,53.01133],[8.913402,53.011386],[8.912012,53.011605],[8.908654,53.012143],[8.90372,53.012648],[8.902745,53.012738],[8.900226,53.012683],[8.897527,53.012921],[8.896792,53.012982],[8.896154,53.013043],[8.895633,53.013193],[8.893807,53.013729],[8.892335,53.014587],[8.891837,53.014864],[8.890794,53.015215],[8.890739,53.015539],[8.890719,53.015642],[8.89007,53.016367],[8.889951,53.01651],[8.889806,53.016937],[8.88964,53.017405],[8.889526,53.017731],[8.889319,53.01807],[8.88893,53.018672],[8.888507,53.019302],[8.888321,53.019501],[8.887888,53.019979],[8.887269,53.020648],[8.886708,53.021247],[8.886183,53.02194],[8.885743,53.022569],[8.885638,53.022626],[8.884728,53.023146],[8.883948,53.023607],[8.883081,53.024118],[8.882199,53.02464],[8.881641,53.024971],[8.881201,53.025202],[8.881098,53.025264],[8.880398,53.025685],[8.879757,53.026052],[8.879599,53.026143],[8.87907,53.026443],[8.877938,53.027108],[8.876991,53.027629],[8.876329,53.028008],[8.875617,53.028276],[8.874378,53.028724],[8.873573,53.02902],[8.872698,53.0294],[8.872112,53.029659],[8.871563,53.029895],[8.871067,53.030122],[8.870195,53.030626],[8.869633,53.030952],[8.868945,53.031401],[8.868405,53.03175],[8.867827,53.03216],[8.867476,53.032388],[8.867345,53.03248],[8.867222,53.032551],[8.867182,53.032576],[8.867116,53.032623],[8.867036,53.032683],[8.866935,53.032743],[8.866821,53.032823],[8.865534,53.034429],[8.865278,53.035742],[8.865742,53.037596],[8.865907,53.038552],[8.866192,53.040098],[8.866334,53.040721],[8.866539,53.041511],[8.867518,53.042855],[8.868905,53.044677],[8.869558,53.045495],[8.869906,53.04583],[8.870595,53.046582],[8.87173,53.048001],[8.872331,53.048953],[8.872747,53.049585],[8.872953,53.050066],[8.87338,53.050751],[8.873704,53.051237],[8.874294,53.05225],[8.874369,53.052474],[8.87459,53.053291],[8.874684,53.053845],[8.874646,53.054304],[8.87458,53.054783],[8.87438,53.055439],[8.874066,53.056027],[8.873756,53.056538],[8.871392,53.056733],[8.871222,53.056822],[8.87043,53.057115],[8.869637,53.057324],[8.868917,53.057466],[8.866336,53.057868],[8.866116,53.057936],[8.865961,53.058067],[8.863978,53.058402],[8.861055,53.058869],[8.860813,53.058906],[8.860224,53.058963],[8.859827,53.058971],[8.858705,53.059154],[8.857861,53.059261],[8.857622,53.059282],[8.857802,53.059915],[8.856694,53.05994],[8.855796,53.059919],[8.853498,53.059719],[8.850988,53.059401],[8.849875,53.059309],[8.850021,53.059803],[8.850063,53.059886],[8.850138,53.060032],[8.850116,53.060089],[8.85021,53.060305],[8.850411,53.060693],[8.85045,53.060774],[8.850557,53.060862],[8.85068,53.061128],[8.851301,53.062761],[8.851556,53.063263],[8.851691,53.063632],[8.851839,53.064473],[8.851779,53.064836],[8.851773,53.065038],[8.852188,53.064931],[8.852751,53.064799],[8.853118,53.064713],[8.853364,53.064808],[8.853569,53.064886],[8.853832,53.065737],[8.853993,53.066108],[8.854219,53.066567],[8.854368,53.066884],[8.854459,53.067007],[8.854527,53.067097],[8.854557,53.067136],[8.85482,53.067728],[8.855161,53.068487],[8.855488,53.069166],[8.855721,53.069606],[8.856012,53.070231],[8.856129,53.070403],[8.856158,53.070446],[8.856106,53.070757],[8.856313,53.071436],[8.857124,53.073591],[8.856408,53.073713],[8.856222,53.073807],[8.854214,53.074649],[8.854155,53.074962],[8.854258,53.075078],[8.854409,53.075305],[8.854483,53.075503],[8.854506,53.075547],[8.854545,53.075653],[8.854549,53.07566],[8.854566,53.075694],[8.854584,53.075738],[8.854766,53.07571],[8.858087,53.075206],[8.86036,53.074878],[8.860629,53.074836],[8.860937,53.074788]]]}},{"type":"Feature","id":"bremen-pks-08","properties":{"city":"Bremen","year":2025,"police_table":8,"name":"Stadtteil Horn-Lehe","source_regions":[{"kind":"stadtteil","name":"Horn-Lehe","code":"04011340"}],"area_km2":13.939,"offense_cases":null,"population":null,"crime_rate":null,"metrics":{"all_offenses":{"2024":1799,"2025":1715,"rate":null},"sexual":{"2024":33,"2025":46,"rate":null},"robbery":{"2024":13,"2025":7,"rate":null},"bodily_injury":{"2024":112,"2025":126,"rate":null},"burglary":{"2024":42,"2025":32,"rate":null},"theft":{"2024":875,"2025":777,"rate":null},"drug":{"2024":12,"2025":7,"rate":null}}},"geometry":{"type":"Polygon","coordinates":[[[8.901398,53.115376],[8.901565,53.115038],[8.901712,53.114703],[8.901748,53.114604],[8.901936,53.114072],[8.901966,53.114024],[8.902002,53.113968],[8.902098,53.113836],[8.902154,53.113725],[8.902172,53.113668],[8.902179,53.113648],[8.902185,53.113629],[8.902201,53.113496],[8.902174,53.113305],[8.902086,53.112977],[8.901959,53.112828],[8.901942,53.112718],[8.901974,53.112455],[8.902029,53.112196],[8.902039,53.112154],[8.902047,53.112118],[8.902136,53.111496],[8.902153,53.11117],[8.902224,53.110549],[8.902203,53.110276],[8.902197,53.110195],[8.902186,53.110143],[8.902175,53.11009],[8.901906,53.109139],[8.901889,53.109066],[8.901856,53.108985],[8.901678,53.108495],[8.901649,53.10829],[8.901594,53.107894],[8.901536,53.107719],[8.901379,53.107366],[8.901374,53.107357],[8.901329,53.107275],[8.901248,53.10709],[8.901201,53.106915],[8.901106,53.106792],[8.901019,53.10673],[8.900521,53.106229],[8.899725,53.105472],[8.899434,53.105176],[8.899256,53.104942],[8.899119,53.104709],[8.898777,53.103938],[8.898392,53.103006],[8.898339,53.102905],[8.898277,53.102771],[8.898216,53.102628],[8.898063,53.102273],[8.897949,53.102009],[8.897902,53.101901],[8.897889,53.10187],[8.89787,53.101831],[8.897778,53.101634],[8.897694,53.101455],[8.897668,53.101399],[8.897031,53.100041],[8.896902,53.099663],[8.896545,53.098872],[8.896361,53.09859],[8.896256,53.098429],[8.896083,53.098267],[8.895995,53.098048],[8.895888,53.097482],[8.895801,53.097183],[8.895946,53.096864],[8.896306,53.096307],[8.896541,53.095945],[8.896934,53.095338],[8.897222,53.094846],[8.902511,53.093998],[8.902601,53.093888],[8.902725,53.093726],[8.903583,53.09253],[8.904178,53.091678],[8.904939,53.090572],[8.905016,53.090462],[8.905032,53.090439],[8.905032,53.090439],[8.903883,53.090138],[8.901197,53.089472],[8.901071,53.089393],[8.901041,53.089374],[8.900715,53.089305],[8.900522,53.089265],[8.90037,53.089255],[8.900355,53.089252],[8.900149,53.08923],[8.899849,53.089221],[8.899837,53.08922],[8.899712,53.089224],[8.899246,53.089252],[8.897067,53.089296],[8.896679,53.08929],[8.896342,53.089285],[8.896743,53.089043],[8.897878,53.088343],[8.899926,53.086976],[8.899603,53.086987],[8.899462,53.086991],[8.899304,53.086997],[8.897678,53.086996],[8.895324,53.086971],[8.894889,53.086963],[8.893708,53.086943],[8.89094,53.086927],[8.88829,53.086912],[8.887127,53.086905],[8.886564,53.086902],[8.886367,53.0869],[8.88307,53.08688],[8.882267,53.086875],[8.878915,53.086855],[8.87717,53.086846],[8.873226,53.086824],[8.873227,53.08687],[8.872584,53.086871],[8.872584,53.087295],[8.87254,53.087304],[8.872238,53.087286],[8.872403,53.087445],[8.873416,53.087828],[8.873462,53.087961],[8.873541,53.088077],[8.873536,53.08828],[8.873463,53.089055],[8.872728,53.089028],[8.872691,53.089444],[8.872549,53.089428],[8.872518,53.089834],[8.871863,53.089817],[8.87187,53.09013],[8.87188,53.090595],[8.871655,53.090598],[8.871516,53.090599],[8.871515,53.090857],[8.871514,53.091339],[8.871514,53.091432],[8.871343,53.091397],[8.870738,53.091363],[8.870678,53.091362],[8.870606,53.091363],[8.870225,53.091363],[8.869045,53.091332],[8.868704,53.09127],[8.868347,53.091205],[8.867357,53.091052],[8.866917,53.091341],[8.866688,53.09156],[8.86666,53.091663],[8.866648,53.091885],[8.86663,53.092189],[8.86661,53.092286],[8.866581,53.092969],[8.866364,53.093307],[8.865803,53.093298],[8.865644,53.093277],[8.865476,53.093191],[8.865222,53.093022],[8.86508,53.092983],[8.864881,53.092987],[8.864296,53.093036],[8.864197,53.093066],[8.864102,53.093158],[8.864045,53.093263],[8.863917,53.093337],[8.863711,53.093415],[8.86106,53.09474],[8.861227,53.094996],[8.861305,53.09512],[8.861576,53.095561],[8.859758,53.096362],[8.8602,53.096742],[8.860533,53.097028],[8.860724,53.097229],[8.860756,53.097338],[8.860815,53.097804],[8.859896,53.097808],[8.859088,53.097761],[8.858238,53.097676],[8.856764,53.097442],[8.855855,53.097239],[8.85523,53.097102],[8.854293,53.096876],[8.854071,53.097206],[8.853724,53.09775],[8.853533,53.097707],[8.853219,53.098234],[8.853089,53.09838],[8.852635,53.099178],[8.852508,53.099221],[8.85246,53.099337],[8.852337,53.099435],[8.85179,53.099675],[8.85197,53.099838],[8.851629,53.099987],[8.851129,53.100092],[8.850997,53.100007],[8.850552,53.100193],[8.850486,53.100157],[8.850305,53.100253],[8.850124,53.100392],[8.849781,53.100426],[8.849572,53.100447],[8.849351,53.100616],[8.849281,53.100632],[8.847443,53.10144],[8.846258,53.101862],[8.846105,53.101929],[8.845895,53.101964],[8.845757,53.101977],[8.845771,53.102026],[8.845849,53.102108],[8.846574,53.103166],[8.846872,53.103656],[8.847119,53.104077],[8.847151,53.104131],[8.847402,53.104429],[8.847468,53.104455],[8.847494,53.104502],[8.847552,53.10462],[8.847696,53.104831],[8.847431,53.104859],[8.846791,53.104894],[8.845821,53.105035],[8.845174,53.105146],[8.844706,53.105262],[8.844329,53.105394],[8.843015,53.105753],[8.842589,53.105819],[8.842519,53.105972],[8.842439,53.106148],[8.84224,53.1062],[8.842296,53.106287],[8.842656,53.106682],[8.843626,53.107674],[8.843415,53.107753],[8.843204,53.107535],[8.842991,53.107607],[8.842563,53.107164],[8.842091,53.106746],[8.841834,53.106467],[8.841789,53.10641],[8.841533,53.106492],[8.841351,53.106204],[8.841064,53.106253],[8.840473,53.106372],[8.838805,53.106784],[8.838378,53.106895],[8.837933,53.107041],[8.837535,53.107147],[8.83636,53.10746],[8.836027,53.107556],[8.834264,53.108021],[8.833711,53.108149],[8.833236,53.108259],[8.832941,53.108327],[8.832341,53.108518],[8.831922,53.108622],[8.831427,53.108762],[8.829313,53.109416],[8.82857,53.109646],[8.828021,53.109831],[8.826733,53.110203],[8.824771,53.110707],[8.824532,53.110768],[8.824561,53.110806],[8.824606,53.110865],[8.822099,53.111531],[8.821208,53.111754],[8.820634,53.111855],[8.820287,53.112026],[8.820758,53.112101],[8.821794,53.112264],[8.822159,53.112321],[8.822925,53.112463],[8.823207,53.11272],[8.82372,53.113141],[8.823244,53.113401],[8.822772,53.113534],[8.822003,53.113749],[8.82128,53.113941],[8.820321,53.114179],[8.820044,53.114098],[8.819821,53.113917],[8.819555,53.113615],[8.819061,53.114779],[8.818921,53.11526],[8.818854,53.116207],[8.818858,53.116464],[8.821505,53.116357],[8.821629,53.116353],[8.844821,53.115583],[8.847561,53.115483],[8.849467,53.115371],[8.849748,53.115342],[8.850377,53.115275],[8.850627,53.115528],[8.851344,53.116227],[8.851469,53.116369],[8.851659,53.116586],[8.851742,53.116672],[8.854014,53.119049],[8.854238,53.119283],[8.856674,53.121757],[8.857389,53.122527],[8.858585,53.123814],[8.860451,53.125766],[8.861135,53.126447],[8.861147,53.12646],[8.861586,53.126921],[8.862126,53.127592],[8.862384,53.127912],[8.863833,53.129424],[8.863895,53.129489],[8.864084,53.129703],[8.864189,53.129822],[8.864296,53.129974],[8.864409,53.130053],[8.864495,53.130152],[8.864566,53.130233],[8.864567,53.130235],[8.864604,53.130282],[8.864777,53.130198],[8.865019,53.130135],[8.865226,53.130093],[8.865839,53.129968],[8.866708,53.12981],[8.867089,53.129759],[8.867768,53.129667],[8.867956,53.129659],[8.868422,53.129486],[8.868735,53.12937],[8.869172,53.129187],[8.869421,53.129064],[8.869662,53.128869],[8.870108,53.128469],[8.870729,53.128186],[8.87109,53.128021],[8.871149,53.127994],[8.871424,53.127833],[8.87189,53.1276],[8.872461,53.127242],[8.872989,53.126937],[8.873837,53.12644],[8.874078,53.126335],[8.874817,53.126221],[8.875201,53.125912],[8.875297,53.125735],[8.875519,53.125434],[8.876057,53.125042],[8.876425,53.12476],[8.876565,53.124652],[8.877142,53.124321],[8.877644,53.124031],[8.878108,53.123764],[8.878307,53.123573],[8.878485,53.123432],[8.878845,53.123207],[8.879255,53.12297],[8.879622,53.122868],[8.88018,53.122746],[8.880352,53.122661],[8.880687,53.122577],[8.88104,53.122481],[8.881376,53.122442],[8.881701,53.122349],[8.881987,53.122213],[8.882286,53.122125],[8.882587,53.122056],[8.883017,53.121891],[8.883316,53.121823],[8.883501,53.121755],[8.883704,53.121653],[8.883924,53.1216],[8.884155,53.121553],[8.885017,53.121413],[8.8855,53.121353],[8.886436,53.12123],[8.887098,53.121125],[8.887413,53.121086],[8.887701,53.12107],[8.887999,53.121067],[8.888282,53.121055],[8.889111,53.120968],[8.889396,53.120873],[8.889653,53.120812],[8.889923,53.1208],[8.890233,53.120719],[8.89053,53.120657],[8.89083,53.120624],[8.891067,53.12058],[8.891915,53.120301],[8.892853,53.120062],[8.893436,53.119883],[8.893942,53.119676],[8.894153,53.119574],[8.894436,53.119477],[8.894626,53.119436],[8.894844,53.119391],[8.895153,53.119232],[8.895383,53.119133],[8.895868,53.118978],[8.89609,53.118938],[8.896236,53.118897],[8.896441,53.118768],[8.896884,53.118621],[8.897028,53.118555],[8.897133,53.118508],[8.89723,53.118464],[8.897318,53.118425],[8.897345,53.118413],[8.897656,53.118284],[8.897778,53.118198],[8.897895,53.118091],[8.897981,53.117987],[8.898114,53.117894],[8.898321,53.11779],[8.898862,53.117555],[8.89929,53.117071],[8.899386,53.116984],[8.899768,53.116833],[8.899965,53.116733],[8.900138,53.116605],[8.900614,53.11633],[8.900694,53.116284],[8.900936,53.115919],[8.901187,53.115694],[8.901295,53.115549],[8.901398,53.115376]]]}},{"type":"Feature","id":"bremen-pks-09","properties":{"city":"Bremen","year":2025,"police_table":9,"name":"Stadtteil Huchting","source_regions":[{"kind":"stadtteil","name":"Huchting","code":"04011240"}],"area_km2":13.75,"offense_cases":null,"population":null,"crime_rate":null,"metrics":{"all_offenses":{"2024":2211,"2025":1954,"rate":null},"sexual":{"2024":36,"2025":45,"rate":null},"robbery":{"2024":26,"2025":29,"rate":null},"bodily_injury":{"2024":206,"2025":185,"rate":null},"burglary":{"2024":69,"2025":39,"rate":null},"theft":{"2024":953,"2025":735,"rate":null},"drug":{"2024":32,"2025":17,"rate":null}}},"geometry":{"type":"Polygon","coordinates":[[[8.726215,53.073897],[8.726506,53.073832],[8.726703,53.073957],[8.727111,53.073879],[8.728552,53.073728],[8.736868,53.07293],[8.73758,53.072858],[8.738783,53.072747],[8.744879,53.072177],[8.745243,53.07214],[8.745337,53.072131],[8.745743,53.07209],[8.750722,53.071623],[8.752812,53.071432],[8.752928,53.071467],[8.753018,53.071458],[8.75311,53.071352],[8.753465,53.071324],[8.753571,53.071401],[8.753616,53.071367],[8.753862,53.07129],[8.754137,53.07117],[8.754677,53.070773],[8.754757,53.070559],[8.75481,53.070276],[8.754908,53.070201],[8.755317,53.070088],[8.755579,53.069972],[8.755922,53.069663],[8.756022,53.069537],[8.756236,53.069409],[8.756383,53.069376],[8.757027,53.069312],[8.757154,53.069315],[8.757481,53.069387],[8.75787,53.069423],[8.759109,53.069416],[8.760102,53.069366],[8.760469,53.069282],[8.760575,53.06928],[8.760737,53.069186],[8.760817,53.06913],[8.760855,53.069102],[8.761086,53.068943],[8.761279,53.068859],[8.761572,53.068786],[8.761668,53.068762],[8.761836,53.068695],[8.762447,53.068284],[8.764107,53.067163],[8.76428,53.067046],[8.764395,53.066954],[8.764467,53.066887],[8.764535,53.066838],[8.76582,53.066007],[8.767281,53.065011],[8.767823,53.06455],[8.768118,53.064222],[8.768263,53.06399],[8.768462,53.063546],[8.768555,53.063284],[8.768418,53.063039],[8.76841,53.062914],[8.768456,53.062804],[8.768828,53.062434],[8.768933,53.062131],[8.76896,53.061872],[8.768925,53.061572],[8.769007,53.061434],[8.768925,53.061406],[8.768934,53.061356],[8.768876,53.060884],[8.768886,53.060815],[8.768899,53.060725],[8.768903,53.060384],[8.76909,53.059479],[8.769788,53.056445],[8.769802,53.056324],[8.769848,53.056317],[8.769819,53.056291],[8.770162,53.054831],[8.770288,53.054768],[8.770211,53.054663],[8.770319,53.054273],[8.770362,53.054123],[8.770602,53.053215],[8.77063,53.05313],[8.770529,53.053086],[8.770425,53.053037],[8.770323,53.052993],[8.770274,53.052971],[8.770077,53.05289],[8.769233,53.052502],[8.76849,53.052135],[8.768299,53.052044],[8.767893,53.05185],[8.767631,53.051743],[8.767316,53.051593],[8.766924,53.051423],[8.766791,53.05136],[8.766628,53.051709],[8.766527,53.051905],[8.766434,53.052081],[8.766221,53.052377],[8.766057,53.0526],[8.766017,53.052583],[8.765629,53.052414],[8.765105,53.052177],[8.764842,53.052063],[8.764395,53.051852],[8.763917,53.051648],[8.763352,53.051403],[8.762792,53.051161],[8.762453,53.051011],[8.762331,53.050957],[8.762186,53.0509],[8.762071,53.050856],[8.761396,53.05056],[8.761165,53.050456],[8.760981,53.050376],[8.760909,53.050377],[8.760827,53.050379],[8.760749,53.050242],[8.760797,53.050129],[8.760852,53.050018],[8.76087,53.049982],[8.760882,53.049958],[8.760955,53.04981],[8.760976,53.049773],[8.761053,53.049634],[8.761176,53.049448],[8.76136,53.049211],[8.761568,53.048941],[8.761738,53.048747],[8.761844,53.048602],[8.7619,53.048506],[8.761804,53.048465],[8.761993,53.048177],[8.762107,53.048022],[8.762243,53.04788],[8.76234,53.047787],[8.762547,53.047631],[8.762994,53.047473],[8.763599,53.047265],[8.763928,53.047134],[8.763757,53.046933],[8.763734,53.046908],[8.763001,53.046203],[8.762816,53.046139],[8.762567,53.046076],[8.762449,53.046052],[8.762149,53.046016],[8.761976,53.046006],[8.761758,53.046041],[8.761423,53.046083],[8.761261,53.046066],[8.76119,53.046028],[8.760867,53.045885],[8.760753,53.045844],[8.760733,53.045833],[8.760662,53.045828],[8.760279,53.045798],[8.760128,53.045786],[8.759902,53.045676],[8.75986,53.045655],[8.759684,53.045564],[8.759492,53.045482],[8.759449,53.045465],[8.759389,53.04544],[8.759323,53.045416],[8.759168,53.045361],[8.759249,53.045193],[8.759268,53.045137],[8.759331,53.045061],[8.75931,53.04501],[8.7593,53.045001],[8.759186,53.044908],[8.759014,53.044794],[8.758899,53.044709],[8.758868,53.04468],[8.758849,53.044649],[8.758772,53.044521],[8.758746,53.044478],[8.758687,53.044374],[8.758641,53.04432],[8.758539,53.04425],[8.758438,53.044197],[8.758359,53.044143],[8.758255,53.044076],[8.758062,53.043931],[8.757957,53.043861],[8.757863,53.043827],[8.757626,53.04388],[8.757324,53.043986],[8.75709,53.044064],[8.756946,53.04411],[8.756703,53.044174],[8.756396,53.044249],[8.756173,53.044146],[8.756105,53.044102],[8.755979,53.044022],[8.755923,53.043972],[8.755823,53.043864],[8.755739,53.043759],[8.755668,53.043611],[8.755646,53.043533],[8.755621,53.043443],[8.755593,53.043303],[8.755543,53.043167],[8.755522,53.043115],[8.755486,53.043035],[8.755469,53.043021],[8.755445,53.043003],[8.755381,53.04296],[8.75528,53.042909],[8.754973,53.042805],[8.754817,53.042702],[8.754792,53.042669],[8.754946,53.04255],[8.755059,53.042478],[8.755085,53.042319],[8.755136,53.042215],[8.75529,53.042074],[8.755401,53.041996],[8.755459,53.041955],[8.755562,53.041883],[8.755811,53.041707],[8.755948,53.041593],[8.756056,53.041482],[8.756128,53.041394],[8.756172,53.041309],[8.756232,53.041275],[8.756699,53.041136],[8.757154,53.040986],[8.757251,53.040954],[8.757126,53.040822],[8.757086,53.04077],[8.757071,53.040703],[8.757061,53.040628],[8.757077,53.040539],[8.757118,53.040424],[8.757183,53.040358],[8.757107,53.040102],[8.757096,53.040065],[8.757034,53.039826],[8.756998,53.039692],[8.756937,53.039588],[8.756904,53.03952],[8.756847,53.039477],[8.756671,53.039344],[8.75629,53.039062],[8.756191,53.038998],[8.756087,53.038955],[8.755981,53.038932],[8.755864,53.038921],[8.755698,53.038912],[8.755431,53.038905],[8.755314,53.0389],[8.755092,53.038887],[8.754856,53.038858],[8.754375,53.038788],[8.753981,53.038729],[8.75383,53.03871],[8.753654,53.038657],[8.753496,53.038619],[8.753237,53.038548],[8.752897,53.038443],[8.752717,53.038394],[8.752569,53.038357],[8.752388,53.038303],[8.752141,53.038225],[8.751837,53.038126],[8.751699,53.038073],[8.751498,53.03812],[8.751089,53.038237],[8.750448,53.038428],[8.75023,53.038496],[8.75003,53.038568],[8.749846,53.038634],[8.749781,53.038662],[8.749749,53.0387],[8.749688,53.038758],[8.749595,53.038842],[8.749524,53.038913],[8.749482,53.03897],[8.749454,53.039032],[8.749431,53.039095],[8.749388,53.039175],[8.749362,53.039226],[8.749318,53.039201],[8.749279,53.03916],[8.749229,53.03908],[8.749178,53.038956],[8.749101,53.038816],[8.749094,53.038802],[8.749023,53.038821],[8.748467,53.038966],[8.747592,53.039229],[8.746673,53.039521],[8.746133,53.03969],[8.745576,53.039865],[8.745189,53.039981],[8.744927,53.040062],[8.744905,53.040069],[8.74486,53.040083],[8.744804,53.040103],[8.744806,53.04012],[8.74482,53.040139],[8.744475,53.040247],[8.744115,53.040359],[8.74364,53.040512],[8.743177,53.040662],[8.742918,53.040738],[8.742845,53.040666],[8.742799,53.040599],[8.742787,53.040581],[8.742724,53.040482],[8.742673,53.040414],[8.742617,53.040344],[8.742578,53.040302],[8.742538,53.04026],[8.742456,53.040173],[8.742385,53.040074],[8.742302,53.039963],[8.742206,53.039857],[8.742066,53.039702],[8.741965,53.039613],[8.741823,53.039481],[8.741651,53.039316],[8.741629,53.039323],[8.74116,53.039483],[8.740665,53.03967],[8.740593,53.039698],[8.74049,53.039737],[8.739669,53.040055],[8.73939,53.040167],[8.739277,53.040205],[8.739374,53.04003],[8.73941,53.039956],[8.739585,53.039774],[8.739757,53.039607],[8.739853,53.039516],[8.739922,53.039389],[8.73994,53.039353],[8.739951,53.039249],[8.739955,53.039194],[8.739913,53.039056],[8.739854,53.038986],[8.73987,53.038879],[8.739851,53.038847],[8.739816,53.038796],[8.739771,53.038752],[8.739697,53.038695],[8.739604,53.038626],[8.739571,53.038606],[8.739267,53.038519],[8.739092,53.038479],[8.73898,53.038436],[8.738901,53.038393],[8.738779,53.038246],[8.73868,53.038152],[8.738553,53.038055],[8.7382,53.037994],[8.737875,53.037916],[8.737796,53.037835],[8.73792,53.037637],[8.737948,53.037599],[8.737961,53.037496],[8.737874,53.037406],[8.737763,53.03729],[8.737032,53.037176],[8.736707,53.037164],[8.736454,53.037137],[8.736373,53.037123],[8.736273,53.037099],[8.736183,53.037077],[8.735849,53.037012],[8.735493,53.036962],[8.735263,53.036931],[8.735187,53.036921],[8.735124,53.036937],[8.735065,53.036957],[8.734993,53.037009],[8.73489,53.037035],[8.734609,53.037117],[8.73438,53.037149],[8.734249,53.037169],[8.734168,53.037202],[8.734005,53.037252],[8.733746,53.037295],[8.733505,53.037307],[8.733082,53.037153],[8.732916,53.037085],[8.732811,53.036997],[8.732451,53.036484],[8.732424,53.036439],[8.732417,53.036403],[8.732422,53.03637],[8.732438,53.036345],[8.732465,53.036329],[8.732506,53.036303],[8.732625,53.036256],[8.732658,53.036236],[8.733103,53.036062],[8.733156,53.036028],[8.733282,53.035927],[8.73347,53.035749],[8.733667,53.035584],[8.733702,53.03556],[8.733781,53.035514],[8.733989,53.035403],[8.734191,53.035334],[8.734415,53.035257],[8.734702,53.035223],[8.734842,53.035166],[8.734872,53.035121],[8.734887,53.035078],[8.734859,53.035032],[8.734842,53.035003],[8.734762,53.034866],[8.734747,53.03484],[8.734586,53.034572],[8.734402,53.03424],[8.734278,53.034035],[8.734208,53.033908],[8.734148,53.033822],[8.734074,53.033733],[8.733993,53.033662],[8.733898,53.0336],[8.733838,53.03358],[8.73373,53.03358],[8.733606,53.033595],[8.733478,53.033628],[8.73331,53.033671],[8.733131,53.033707],[8.732979,53.033726],[8.732852,53.033728],[8.732672,53.033717],[8.732593,53.033711],[8.73247,53.033702],[8.731993,53.03369],[8.731842,53.03369],[8.731817,53.03369],[8.731479,53.033702],[8.730925,53.033729],[8.730832,53.033741],[8.730573,53.033839],[8.730144,53.034056],[8.730063,53.034093],[8.729304,53.034462],[8.728873,53.034687],[8.728802,53.034721],[8.728302,53.034968],[8.727941,53.03514],[8.727422,53.035398],[8.726749,53.035734],[8.726516,53.03585],[8.72618,53.036029],[8.725802,53.036223],[8.72573,53.036259],[8.725494,53.036376],[8.725332,53.036463],[8.725214,53.036523],[8.724891,53.036702],[8.724794,53.036763],[8.724492,53.036942],[8.7241,53.037171],[8.72362,53.037444],[8.723203,53.037688],[8.722732,53.037965],[8.72227,53.03823],[8.721756,53.03854],[8.721154,53.038873],[8.720927,53.039006],[8.720375,53.039333],[8.720297,53.039378],[8.720164,53.039309],[8.72013,53.039292],[8.720025,53.03936],[8.719741,53.039521],[8.719665,53.039559],[8.719474,53.039668],[8.719286,53.039767],[8.719208,53.039825],[8.719146,53.039875],[8.719035,53.039948],[8.718946,53.039992],[8.718882,53.040026],[8.718788,53.040097],[8.718692,53.040186],[8.718605,53.040282],[8.718543,53.040371],[8.718473,53.040481],[8.718431,53.040539],[8.718335,53.040612],[8.718227,53.040701],[8.718153,53.040725],[8.717781,53.040936],[8.717527,53.041081],[8.717158,53.041283],[8.717055,53.041335],[8.716957,53.041374],[8.716869,53.041407],[8.716767,53.041438],[8.716635,53.041462],[8.716491,53.041481],[8.716387,53.041509],[8.716289,53.041561],[8.716214,53.041632],[8.716011,53.041849],[8.71595,53.041907],[8.715776,53.042038],[8.715669,53.042071],[8.715563,53.042111],[8.715447,53.042158],[8.715364,53.042214],[8.715271,53.042276],[8.715179,53.042345],[8.715069,53.0424],[8.714929,53.042478],[8.714837,53.042526],[8.714755,53.042579],[8.714666,53.042636],[8.714561,53.042709],[8.714473,53.042762],[8.714315,53.042842],[8.714113,53.042961],[8.713897,53.043079],[8.713797,53.043148],[8.713673,53.043218],[8.713569,53.043267],[8.713442,53.043321],[8.713365,53.043366],[8.713267,53.043433],[8.713154,53.043525],[8.713061,53.043585],[8.712966,53.043634],[8.71287,53.043708],[8.712804,53.043752],[8.712708,53.0438],[8.712543,53.043894],[8.712436,53.043954],[8.712224,53.044044],[8.712061,53.044114],[8.712001,53.044145],[8.711941,53.044189],[8.711853,53.044286],[8.711885,53.044448],[8.711896,53.044513],[8.71188,53.044534],[8.711786,53.04456],[8.711665,53.044595],[8.711589,53.044602],[8.71151,53.044652],[8.711468,53.0447],[8.711411,53.044748],[8.71132,53.0448],[8.711191,53.04485],[8.711075,53.044878],[8.710919,53.04498],[8.710862,53.045052],[8.710778,53.045107],[8.710641,53.045164],[8.710463,53.045258],[8.710235,53.045394],[8.710114,53.045465],[8.709966,53.045572],[8.709878,53.045656],[8.709803,53.04574],[8.70977,53.045838],[8.709764,53.045946],[8.709741,53.046057],[8.709717,53.046189],[8.709674,53.046333],[8.709631,53.046458],[8.709602,53.046537],[8.709579,53.04658],[8.709533,53.046633],[8.709465,53.046693],[8.709265,53.046857],[8.709206,53.046923],[8.709174,53.046976],[8.709168,53.04702],[8.709176,53.047097],[8.709184,53.047124],[8.709194,53.047177],[8.709209,53.047229],[8.709216,53.047268],[8.709223,53.047316],[8.709231,53.047355],[8.709246,53.047457],[8.70914,53.047608],[8.709042,53.04773],[8.708949,53.047899],[8.708832,53.048066],[8.70877,53.048159],[8.708738,53.048243],[8.708728,53.048323],[8.708717,53.048411],[8.708752,53.048516],[8.708788,53.048683],[8.708791,53.048786],[8.708772,53.048854],[8.708724,53.048917],[8.708623,53.04904],[8.708484,53.049193],[8.708338,53.04935],[8.708241,53.04946],[8.708125,53.049599],[8.708063,53.049691],[8.708014,53.049848],[8.707976,53.049997],[8.707957,53.050137],[8.707983,53.050193],[8.707935,53.050372],[8.707891,53.050561],[8.707868,53.050641],[8.707814,53.050707],[8.707738,53.050796],[8.707596,53.05096],[8.707387,53.051218],[8.707301,53.051344],[8.707226,53.051449],[8.707144,53.051609],[8.707069,53.051795],[8.706987,53.052025],[8.706981,53.052112],[8.70696,53.052185],[8.706952,53.052286],[8.706932,53.05241],[8.706902,53.052476],[8.706922,53.052644],[8.70695,53.052779],[8.706978,53.052932],[8.707012,53.053061],[8.707169,53.053632],[8.707197,53.053704],[8.707217,53.053758],[8.707244,53.053832],[8.707334,53.054053],[8.707402,53.054273],[8.707433,53.054407],[8.707435,53.054568],[8.707451,53.054695],[8.707483,53.05479],[8.707523,53.05488],[8.707575,53.054961],[8.707613,53.055069],[8.707667,53.055263],[8.707712,53.055409],[8.707746,53.055536],[8.707796,53.055761],[8.707836,53.055939],[8.70787,53.056077],[8.707867,53.056117],[8.707916,53.056171],[8.707918,53.056207],[8.707969,53.056281],[8.708116,53.056508],[8.708169,53.056532],[8.708246,53.05669],[8.708388,53.05683],[8.70845,53.056921],[8.708467,53.056989],[8.708455,53.057078],[8.708427,53.057149],[8.708341,53.057232],[8.708284,53.05732],[8.708257,53.057382],[8.708226,53.05746],[8.708215,53.057516],[8.708222,53.05765],[8.708261,53.057763],[8.708286,53.057859],[8.708316,53.058042],[8.708355,53.058247],[8.708379,53.058388],[8.708418,53.058528],[8.708448,53.058652],[8.708487,53.058791],[8.708527,53.058919],[8.70857,53.059027],[8.708613,53.059116],[8.708666,53.059242],[8.70869,53.059328],[8.708744,53.059533],[8.708737,53.05958],[8.708761,53.059666],[8.708768,53.059738],[8.708772,53.059779],[8.708745,53.059875],[8.70872,53.059941],[8.708748,53.060137],[8.708774,53.060288],[8.708815,53.060393],[8.708843,53.060512],[8.70886,53.060582],[8.708871,53.060679],[8.708863,53.060834],[8.708917,53.06114],[8.708922,53.061294],[8.708928,53.061394],[8.708942,53.061539],[8.708968,53.061644],[8.709004,53.061739],[8.70904,53.061819],[8.709042,53.061851],[8.709045,53.061914],[8.709077,53.062023],[8.709115,53.062109],[8.709123,53.062127],[8.709171,53.062226],[8.709228,53.062371],[8.709258,53.062456],[8.709264,53.062482],[8.709289,53.062585],[8.709321,53.062743],[8.709327,53.062824],[8.709303,53.062907],[8.709265,53.063007],[8.709252,53.06309],[8.709251,53.063197],[8.709272,53.063303],[8.709302,53.0634],[8.709389,53.06354],[8.709443,53.063653],[8.709515,53.063825],[8.709533,53.063903],[8.709542,53.06401],[8.709544,53.064121],[8.70954,53.064265],[8.709545,53.064396],[8.709544,53.064507],[8.709563,53.064599],[8.709587,53.064654],[8.709602,53.06469],[8.709653,53.064816],[8.709696,53.064948],[8.709698,53.064957],[8.709736,53.065101],[8.709747,53.065248],[8.709733,53.065353],[8.709733,53.06545],[8.709753,53.065575],[8.70981,53.065718],[8.70984,53.06581],[8.709875,53.065968],[8.70989,53.066146],[8.70987,53.066339],[8.709928,53.066628],[8.70998,53.066871],[8.710054,53.066965],[8.710078,53.067095],[8.710087,53.067158],[8.710102,53.067257],[8.710102,53.067339],[8.710082,53.067461],[8.710141,53.067917],[8.7102,53.068373],[8.710258,53.068439],[8.710281,53.06851],[8.710264,53.068582],[8.710253,53.068648],[8.710267,53.068721],[8.710303,53.068818],[8.710293,53.069006],[8.710299,53.069191],[8.710299,53.069274],[8.710298,53.069388],[8.710293,53.069621],[8.710288,53.069893],[8.710286,53.06992],[8.710279,53.07003],[8.710242,53.070266],[8.710259,53.070548],[8.710235,53.07068],[8.710142,53.070854],[8.710093,53.070949],[8.710065,53.071085],[8.710026,53.071219],[8.710036,53.071364],[8.710027,53.071458],[8.709976,53.071711],[8.709963,53.071806],[8.709938,53.071975],[8.709896,53.072206],[8.712948,53.072331],[8.713166,53.072342],[8.713199,53.072398],[8.713421,53.072461],[8.720312,53.072736],[8.720564,53.072676],[8.722008,53.072713],[8.722729,53.072763],[8.723441,53.072869],[8.723406,53.0729],[8.723297,53.073055],[8.723258,53.073256],[8.723181,53.073319],[8.723021,53.073384],[8.722794,53.073445],[8.7227,53.073488],[8.722625,53.073539],[8.722359,53.073597],[8.722367,53.07371],[8.722453,53.073833],[8.722611,53.073974],[8.723036,53.07445],[8.723097,53.074534],[8.723134,53.074648],[8.723213,53.074737],[8.7233,53.074805],[8.723486,53.074882],[8.723643,53.07478],[8.723869,53.074719],[8.723937,53.074712],[8.724315,53.074608],[8.724645,53.074449],[8.726105,53.073936],[8.726215,53.073897]]]}},{"type":"Feature","id":"bremen-pks-10","properties":{"city":"Bremen","year":2025,"police_table":10,"name":"Stadtteil Mitte","source_regions":[{"kind":"stadtteil","name":"Mitte","code":"04011110"}],"area_km2":3.156,"offense_cases":null,"population":null,"crime_rate":null,"metrics":{"all_offenses":{"2024":16955,"2025":15552,"rate":null},"sexual":{"2024":123,"2025":114,"rate":null},"robbery":{"2024":437,"2025":335,"rate":null},"bodily_injury":{"2024":1506,"2025":1645,"rate":null},"burglary":{"2024":49,"2025":58,"rate":null},"theft":{"2024":9966,"2025":8589,"rate":null},"drug":{"2024":1143,"2025":1069,"rate":null}}},"geometry":{"type":"Polygon","coordinates":[[[8.80049,53.091185],[8.803229,53.088884],[8.803381,53.088915],[8.803449,53.088928],[8.803829,53.08866],[8.804673,53.088066],[8.804882,53.087965],[8.805451,53.087595],[8.806261,53.087149],[8.806367,53.087106],[8.806581,53.087254],[8.806978,53.087432],[8.807268,53.087554],[8.807468,53.087638],[8.807715,53.087404],[8.808073,53.087475],[8.809468,53.086811],[8.81048,53.086593],[8.81103,53.086595],[8.812684,53.085828],[8.813243,53.085567],[8.814954,53.084754],[8.814161,53.0841],[8.814983,53.083724],[8.814908,53.083655],[8.81612,53.083075],[8.815969,53.082958],[8.816092,53.082899],[8.816904,53.082503],[8.817623,53.082284],[8.818901,53.081905],[8.820562,53.081455],[8.82047,53.081386],[8.820594,53.081317],[8.820694,53.081261],[8.820908,53.081237],[8.82169,53.081149],[8.821948,53.081138],[8.823575,53.081233],[8.824018,53.081279],[8.824614,53.081359],[8.825399,53.080729],[8.825705,53.080531],[8.826307,53.080233],[8.826898,53.079998],[8.827082,53.079926],[8.827161,53.079856],[8.827482,53.079775],[8.827174,53.079671],[8.826959,53.07958],[8.826802,53.079517],[8.825371,53.078986],[8.824201,53.078475],[8.823673,53.078262],[8.823789,53.077523],[8.823754,53.07722],[8.823656,53.076985],[8.823422,53.076628],[8.822759,53.075559],[8.822563,53.075208],[8.822552,53.074989],[8.822696,53.074463],[8.822737,53.074348],[8.82276,53.074285],[8.823148,53.07316],[8.823214,53.072968],[8.823392,53.072392],[8.82349,53.072091],[8.823693,53.071506],[8.823702,53.071481],[8.823765,53.071325],[8.823804,53.071221],[8.823989,53.07075],[8.824097,53.070494],[8.824158,53.070355],[8.824203,53.070254],[8.824394,53.069804],[8.824466,53.069651],[8.82448,53.069616],[8.824598,53.069221],[8.824641,53.068911],[8.824678,53.068785],[8.824715,53.068655],[8.824788,53.068403],[8.824963,53.06795],[8.823201,53.067974],[8.822041,53.068067],[8.81999,53.068274],[8.819739,53.068299],[8.819336,53.068339],[8.817465,53.068689],[8.816294,53.06894],[8.815178,53.069212],[8.813827,53.069573],[8.812985,53.069846],[8.81201,53.070138],[8.81091,53.070568],[8.808699,53.071291],[8.807141,53.071908],[8.805273,53.072832],[8.804577,53.072482],[8.804486,53.072436],[8.80438,53.072382],[8.804318,53.072351],[8.804182,53.07243],[8.804024,53.072521],[8.803873,53.072608],[8.803942,53.07264],[8.804131,53.072728],[8.804859,53.073064],[8.804309,53.07339],[8.803594,53.073892],[8.802407,53.07499],[8.801146,53.075986],[8.79996,53.076763],[8.799646,53.077016],[8.798992,53.077418],[8.798356,53.076989],[8.797874,53.077242],[8.79691,53.077741],[8.796645,53.077873],[8.795548,53.078386],[8.79482,53.078643],[8.793042,53.079196],[8.792104,53.079511],[8.791039,53.079779],[8.790562,53.079916],[8.790454,53.079949],[8.790381,53.079974],[8.790314,53.079997],[8.790219,53.080021],[8.789171,53.080313],[8.7889,53.080364],[8.789145,53.080746],[8.789303,53.080967],[8.789487,53.081227],[8.789605,53.081395],[8.789827,53.081675],[8.790157,53.081963],[8.790429,53.082162],[8.792444,53.08333],[8.793248,53.083751],[8.793422,53.08384],[8.793476,53.083871],[8.793525,53.0839],[8.794356,53.084375],[8.794173,53.084475],[8.794117,53.084505],[8.794061,53.084536],[8.794357,53.084717],[8.79462,53.084915],[8.795059,53.085165],[8.796614,53.08618],[8.797113,53.086471],[8.797464,53.086693],[8.798417,53.087362],[8.798477,53.087427],[8.798546,53.087494],[8.798627,53.087576],[8.798789,53.087849],[8.798945,53.088292],[8.799002,53.088679],[8.798983,53.089133],[8.798858,53.08961],[8.798689,53.089945],[8.798365,53.090365],[8.798378,53.090467],[8.798522,53.090563],[8.798602,53.090681],[8.798713,53.09073],[8.799577,53.091114],[8.800022,53.091308],[8.800134,53.091354],[8.80024,53.091397],[8.80049,53.091185]]]}},{"type":"Feature","id":"bremen-pks-11","properties":{"city":"Bremen","year":2025,"police_table":11,"name":"Stadtteil Neustadt","source_regions":[{"kind":"stadtteil","name":"Neustadt","code":"04011210"}],"area_km2":14.916,"offense_cases":null,"population":null,"crime_rate":null,"metrics":{"all_offenses":{"2024":7593,"2025":6717,"rate":null},"sexual":{"2024":74,"2025":79,"rate":null},"robbery":{"2024":94,"2025":67,"rate":null},"bodily_injury":{"2024":499,"2025":495,"rate":null},"burglary":{"2024":83,"2025":103,"rate":null},"theft":{"2024":4450,"2025":3750,"rate":null},"drug":{"2024":164,"2025":154,"rate":null}}},"geometry":{"type":"Polygon","coordinates":[[[8.797874,53.077242],[8.798356,53.076989],[8.798992,53.077418],[8.799646,53.077016],[8.79996,53.076763],[8.801146,53.075986],[8.802407,53.07499],[8.803594,53.073892],[8.804309,53.07339],[8.804859,53.073064],[8.804131,53.072728],[8.803942,53.07264],[8.803873,53.072608],[8.804024,53.072521],[8.804182,53.07243],[8.804318,53.072351],[8.80438,53.072382],[8.804486,53.072436],[8.804577,53.072482],[8.805273,53.072832],[8.807141,53.071908],[8.808699,53.071291],[8.81091,53.070568],[8.81201,53.070138],[8.812985,53.069846],[8.813827,53.069573],[8.815178,53.069212],[8.816294,53.06894],[8.817465,53.068689],[8.819336,53.068339],[8.819739,53.068299],[8.81999,53.068274],[8.822041,53.068067],[8.823201,53.067974],[8.824963,53.06795],[8.825853,53.067927],[8.826872,53.06789],[8.828098,53.067875],[8.829922,53.067784],[8.830536,53.067713],[8.831215,53.067593],[8.83266,53.06715],[8.833397,53.066811],[8.83408,53.066425],[8.834646,53.066024],[8.835006,53.065698],[8.835502,53.065212],[8.836232,53.06444],[8.836688,53.063913],[8.836801,53.063821],[8.836174,53.063394],[8.83594,53.063235],[8.835719,53.063112],[8.83551,53.063029],[8.835283,53.062989],[8.835162,53.062977],[8.835218,53.062759],[8.835422,53.062549],[8.835573,53.062441],[8.835472,53.062331],[8.83535,53.062163],[8.835258,53.061966],[8.835236,53.061866],[8.83527,53.061625],[8.835447,53.060921],[8.835588,53.060568],[8.835936,53.059881],[8.835977,53.059783],[8.834747,53.05924],[8.834654,53.059315],[8.834403,53.05952],[8.833809,53.059997],[8.833729,53.060036],[8.833681,53.060076],[8.83166,53.059598],[8.833417,53.056998],[8.841083,53.056961],[8.840679,53.056065],[8.840606,53.055924],[8.840533,53.055783],[8.84044,53.055604],[8.839671,53.054116],[8.839021,53.052838],[8.838879,53.052581],[8.838074,53.050994],[8.837679,53.051045],[8.837535,53.051053],[8.83724,53.051069],[8.836785,53.051064],[8.836575,53.051034],[8.83501,53.050892],[8.834669,53.050859],[8.834647,53.050816],[8.83132,53.050475],[8.828764,53.05045],[8.828762,53.050642],[8.828752,53.051469],[8.828364,53.051323],[8.827715,53.051289],[8.827587,53.051309],[8.826387,53.051156],[8.826371,53.051153],[8.825435,53.051209],[8.825333,53.051244],[8.825149,53.051263],[8.824177,53.051234],[8.823602,53.051259],[8.823049,53.051312],[8.82254,53.0514],[8.822506,53.051406],[8.821995,53.051594],[8.821301,53.052037],[8.821292,53.052014],[8.820945,53.051207],[8.820891,53.050966],[8.82071,53.050571],[8.820416,53.049964],[8.820181,53.049456],[8.820006,53.049243],[8.819842,53.049003],[8.819546,53.048587],[8.819692,53.048347],[8.819707,53.048322],[8.819655,53.048256],[8.819627,53.04822],[8.819598,53.048183],[8.819541,53.048109],[8.819515,53.048076],[8.81914,53.048181],[8.818637,53.048323],[8.817237,53.048699],[8.81723,53.048701],[8.816892,53.048071],[8.816865,53.048014],[8.81706,53.04799],[8.816614,53.047191],[8.816643,53.047152],[8.816512,53.046985],[8.816569,53.046967],[8.816583,53.046963],[8.816484,53.046761],[8.81683,53.046676],[8.816251,53.04584],[8.815934,53.04525],[8.815443,53.045342],[8.815315,53.045134],[8.815202,53.044971],[8.81484,53.045073],[8.814761,53.044945],[8.813792,53.045182],[8.813734,53.045089],[8.81366,53.045091],[8.812706,53.045322],[8.811837,53.044021],[8.810846,53.042525],[8.81068,53.042246],[8.810581,53.0421],[8.810479,53.041949],[8.808536,53.038948],[8.807495,53.037375],[8.807454,53.03732],[8.808117,53.037032],[8.808426,53.036897],[8.809194,53.036563],[8.809263,53.036523],[8.809938,53.036249],[8.810587,53.035955],[8.810799,53.035855],[8.809384,53.03371],[8.809418,53.033691],[8.809212,53.033368],[8.809545,53.033286],[8.808773,53.032145],[8.808188,53.032241],[8.80792,53.031799],[8.807853,53.031687],[8.807824,53.03164],[8.8077,53.031435],[8.807441,53.031543],[8.806688,53.031769],[8.80636,53.031884],[8.805986,53.031971],[8.801889,53.033151],[8.800599,53.033523],[8.798275,53.034167],[8.796378,53.034706],[8.795423,53.034999],[8.794524,53.035274],[8.794285,53.035348],[8.79393,53.035465],[8.792956,53.035771],[8.791777,53.036411],[8.7918,53.036466],[8.791481,53.036599],[8.791284,53.036651],[8.791141,53.036651],[8.791063,53.03663],[8.790964,53.036617],[8.790833,53.036765],[8.790816,53.036818],[8.790764,53.03691],[8.790707,53.037027],[8.79067,53.037088],[8.790547,53.037141],[8.790435,53.037151],[8.790141,53.037177],[8.789716,53.037422],[8.789423,53.037461],[8.789232,53.037478],[8.788902,53.037426],[8.788553,53.037365],[8.788382,53.037347],[8.788275,53.0374],[8.788084,53.037541],[8.787983,53.037576],[8.787774,53.037622],[8.787583,53.037634],[8.78754,53.037651],[8.787477,53.037762],[8.787378,53.037829],[8.78726,53.037849],[8.78712,53.037852],[8.786568,53.038171],[8.786411,53.038216],[8.78624,53.038243],[8.785925,53.038414],[8.785867,53.03844],[8.785723,53.038465],[8.785593,53.03845],[8.785139,53.038363],[8.784826,53.038305],[8.784655,53.038253],[8.783535,53.037956],[8.783354,53.037818],[8.78299,53.037808],[8.782145,53.037988],[8.781601,53.038179],[8.78099,53.038421],[8.780763,53.038515],[8.780559,53.038612],[8.780395,53.038622],[8.77964,53.038836],[8.779009,53.038999],[8.778448,53.039164],[8.778254,53.039242],[8.777973,53.039378],[8.777765,53.039531],[8.777613,53.039687],[8.777517,53.03985],[8.777332,53.040264],[8.777087,53.040884],[8.776745,53.041887],[8.77666,53.042424],[8.776578,53.042756],[8.776528,53.042941],[8.776458,53.043107],[8.776395,53.043204],[8.776298,53.043316],[8.776154,53.043454],[8.775871,53.043649],[8.775607,53.043803],[8.775532,53.043846],[8.775482,53.043875],[8.775104,53.044119],[8.774824,53.044248],[8.774253,53.044481],[8.773657,53.044675],[8.77298,53.04486],[8.772751,53.044924],[8.772644,53.044985],[8.772601,53.04513],[8.772701,53.045276],[8.772817,53.045528],[8.772795,53.045633],[8.772805,53.045687],[8.772874,53.045764],[8.7729,53.045893],[8.772856,53.046146],[8.772764,53.046279],[8.772476,53.046511],[8.772241,53.046789],[8.771801,53.047356],[8.77156,53.047647],[8.77141,53.047926],[8.771304,53.048491],[8.771297,53.048522],[8.77127,53.048668],[8.771262,53.048751],[8.771257,53.048842],[8.77127,53.048888],[8.771284,53.048929],[8.771291,53.04896],[8.771324,53.049063],[8.77133,53.049084],[8.77129,53.049378],[8.771252,53.049682],[8.771227,53.049864],[8.771213,53.049983],[8.771036,53.051136],[8.770995,53.051436],[8.770951,53.051581],[8.770899,53.051747],[8.770858,53.051956],[8.770834,53.052108],[8.770758,53.052349],[8.770529,53.053086],[8.77063,53.05313],[8.770602,53.053215],[8.770362,53.054123],[8.770319,53.054273],[8.770211,53.054663],[8.770288,53.054768],[8.770162,53.054831],[8.769819,53.056291],[8.769848,53.056317],[8.769802,53.056324],[8.769788,53.056445],[8.76909,53.059479],[8.768903,53.060384],[8.768899,53.060725],[8.768886,53.060815],[8.768876,53.060884],[8.768934,53.061356],[8.768925,53.061406],[8.769007,53.061434],[8.768925,53.061572],[8.76896,53.061872],[8.768933,53.062131],[8.768828,53.062434],[8.768456,53.062804],[8.76841,53.062914],[8.768418,53.063039],[8.768555,53.063284],[8.768462,53.063546],[8.768263,53.06399],[8.768118,53.064222],[8.767823,53.06455],[8.767281,53.065011],[8.76582,53.066007],[8.764535,53.066838],[8.764467,53.066887],[8.764395,53.066954],[8.772828,53.069234],[8.773353,53.069375],[8.773747,53.069496],[8.773828,53.069521],[8.774321,53.069663],[8.774875,53.06982],[8.775113,53.069893],[8.775807,53.070075],[8.775991,53.070121],[8.776221,53.070178],[8.776745,53.070307],[8.777522,53.070538],[8.77859,53.070894],[8.780069,53.071491],[8.781267,53.072083],[8.782297,53.072714],[8.782922,53.073157],[8.784443,53.074395],[8.784805,53.074689],[8.785098,53.074963],[8.78522,53.075078],[8.78533,53.075189],[8.785676,53.075573],[8.78623,53.076267],[8.787637,53.078597],[8.788243,53.079401],[8.788291,53.079486],[8.788323,53.079544],[8.788382,53.079624],[8.788451,53.079719],[8.788848,53.08029],[8.7889,53.080364],[8.789171,53.080313],[8.790219,53.080021],[8.790314,53.079997],[8.790381,53.079974],[8.790454,53.079949],[8.790562,53.079916],[8.791039,53.079779],[8.792104,53.079511],[8.793042,53.079196],[8.79482,53.078643],[8.795548,53.078386],[8.796645,53.077873],[8.79691,53.077741],[8.797874,53.077242]]]}},{"type":"Feature","id":"bremen-pks-12","properties":{"city":"Bremen","year":2025,"police_table":12,"name":"Stadtteil Oberneuland","source_regions":[{"kind":"stadtteil","name":"Oberneuland","code":"04011360"}],"area_km2":18.412,"offense_cases":null,"population":null,"crime_rate":null,"metrics":{"all_offenses":{"2024":672,"2025":627,"rate":null},"sexual":{"2024":7,"2025":15,"rate":null},"robbery":{"2024":7,"2025":null,"rate":null},"bodily_injury":{"2024":64,"2025":52,"rate":null},"burglary":{"2024":28,"2025":36,"rate":null},"theft":{"2024":277,"2025":242,"rate":null},"drug":{"2024":11,"2025":3,"rate":null}}},"geometry":{"type":"Polygon","coordinates":[[[8.943914,53.118266],[8.944166,53.11823],[8.945233,53.118254],[8.945704,53.118234],[8.946152,53.118164],[8.947338,53.117949],[8.948317,53.117822],[8.949024,53.11776],[8.949411,53.117726],[8.949326,53.11756],[8.949201,53.117468],[8.949135,53.117418],[8.949075,53.117383],[8.949049,53.117368],[8.94856,53.117033],[8.947649,53.11643],[8.947263,53.116193],[8.94785,53.115829],[8.948209,53.115587],[8.948528,53.115361],[8.948708,53.11524],[8.94891,53.115152],[8.949174,53.114971],[8.949309,53.114877],[8.949429,53.114794],[8.949554,53.114699],[8.949716,53.114551],[8.949914,53.114367],[8.950164,53.114282],[8.950508,53.11414],[8.950924,53.113936],[8.951023,53.113877],[8.951271,53.113732],[8.951404,53.113656],[8.951578,53.113597],[8.951777,53.113536],[8.951869,53.113508],[8.952282,53.113415],[8.952998,53.113257],[8.953463,53.113146],[8.95358,53.113117],[8.953669,53.113092],[8.954107,53.112988],[8.954488,53.112902],[8.955071,53.112765],[8.955249,53.112715],[8.955704,53.112469],[8.956247,53.112151],[8.956538,53.111988],[8.956658,53.111913],[8.957017,53.111691],[8.957365,53.111396],[8.957664,53.111167],[8.957766,53.111034],[8.957825,53.110864],[8.957911,53.110716],[8.958053,53.110575],[8.958184,53.110391],[8.958269,53.110242],[8.95834,53.110114],[8.95879,53.109705],[8.958943,53.109544],[8.959073,53.109378],[8.959165,53.109249],[8.959201,53.109199],[8.959241,53.109145],[8.95931,53.109048],[8.959535,53.108674],[8.959573,53.108571],[8.959511,53.108465],[8.959443,53.108386],[8.959407,53.108231],[8.960037,53.106572],[8.960139,53.106547],[8.960318,53.106561],[8.960456,53.106589],[8.960611,53.10664],[8.960731,53.106649],[8.960799,53.106626],[8.960899,53.106535],[8.961072,53.106324],[8.96114,53.106166],[8.961137,53.106031],[8.961144,53.105718],[8.961197,53.105463],[8.961207,53.105415],[8.961236,53.105266],[8.96124,53.105242],[8.961253,53.105174],[8.961273,53.104882],[8.96127,53.104862],[8.961259,53.104803],[8.96125,53.104756],[8.961193,53.104509],[8.961188,53.104411],[8.961232,53.104142],[8.961287,53.104017],[8.961365,53.103893],[8.961401,53.103838],[8.961528,53.103648],[8.961559,53.10356],[8.961642,53.10333],[8.961693,53.103132],[8.96177,53.103025],[8.961972,53.102757],[8.962011,53.10263],[8.962061,53.102453],[8.962138,53.102161],[8.96225,53.101969],[8.962365,53.101805],[8.962375,53.101596],[8.96241,53.101394],[8.962569,53.101178],[8.962764,53.100936],[8.962842,53.100811],[8.962886,53.100737],[8.962941,53.100653],[8.963089,53.100486],[8.963155,53.100474],[8.963212,53.100463],[8.963264,53.100454],[8.963296,53.100448],[8.963422,53.100425],[8.963827,53.100492],[8.96427,53.100604],[8.964613,53.10077],[8.965062,53.101004],[8.965423,53.101105],[8.965658,53.101115],[8.965953,53.101127],[8.966437,53.101103],[8.966596,53.101037],[8.966711,53.100989],[8.966866,53.100895],[8.96688,53.100829],[8.966946,53.100761],[8.9671,53.100715],[8.967266,53.100704],[8.967515,53.100676],[8.967698,53.100633],[8.967912,53.100636],[8.968205,53.100709],[8.968463,53.100702],[8.968775,53.100671],[8.969075,53.100657],[8.969277,53.100746],[8.969708,53.101061],[8.970148,53.101387],[8.970362,53.101639],[8.971052,53.101481],[8.971958,53.101281],[8.972387,53.101179],[8.973583,53.100897],[8.974898,53.100586],[8.976488,53.100203],[8.977861,53.099877],[8.97904,53.099582],[8.97859,53.098426],[8.979656,53.097728],[8.981715,53.09638],[8.982635,53.096541],[8.98329,53.096674],[8.98391,53.096978],[8.983993,53.097018],[8.984763,53.097386],[8.984866,53.097418],[8.985197,53.097522],[8.985308,53.097541],[8.98552,53.097573],[8.985971,53.097563],[8.986385,53.097595],[8.986674,53.097682],[8.986931,53.097766],[8.987283,53.097816],[8.987378,53.097883],[8.987445,53.097931],[8.987669,53.097997],[8.987928,53.098009],[8.988074,53.098291],[8.988387,53.098389],[8.98863,53.098442],[8.989392,53.098417],[8.989595,53.098388],[8.990021,53.097714],[8.990168,53.097499],[8.99053,53.096968],[8.990737,53.096678],[8.99078,53.096618],[8.990813,53.096571],[8.987736,53.095769],[8.98654,53.095436],[8.986344,53.095353],[8.986162,53.095224],[8.986002,53.095101],[8.985864,53.094932],[8.985622,53.094604],[8.985359,53.094321],[8.9853,53.094258],[8.985028,53.094001],[8.984512,53.093727],[8.983926,53.093491],[8.983406,53.093311],[8.982956,53.093235],[8.982349,53.093094],[8.982184,53.093018],[8.981744,53.092898],[8.980806,53.092735],[8.979315,53.092503],[8.978164,53.092327],[8.977149,53.09217],[8.976988,53.092121],[8.976822,53.09207],[8.975999,53.091807],[8.975411,53.091617],[8.975061,53.091543],[8.974466,53.091418],[8.973207,53.09119],[8.972247,53.091015],[8.972064,53.090974],[8.972007,53.090962],[8.97196,53.090952],[8.97192,53.090943],[8.971418,53.090831],[8.971141,53.090803],[8.97003,53.090713],[8.96978,53.090692],[8.968844,53.090631],[8.968266,53.090583],[8.967619,53.090443],[8.967107,53.090318],[8.966692,53.090216],[8.965753,53.089968],[8.965614,53.089898],[8.965027,53.089626],[8.964317,53.089309],[8.964233,53.089265],[8.963597,53.088486],[8.96329,53.088107],[8.963242,53.088054],[8.963119,53.087892],[8.96309,53.087854],[8.963176,53.087821],[8.963231,53.087786],[8.963426,53.087748],[8.963367,53.087682],[8.961304,53.085309],[8.961104,53.085082],[8.961398,53.085036],[8.961533,53.084998],[8.961623,53.084972],[8.961806,53.084888],[8.961943,53.084816],[8.962213,53.084786],[8.962327,53.084755],[8.962357,53.084694],[8.962363,53.084609],[8.962388,53.084501],[8.96239,53.084473],[8.962582,53.084435],[8.963035,53.08424],[8.964151,53.083709],[8.9637,53.08349],[8.956903,53.081089],[8.95675,53.081081],[8.95623,53.080894],[8.952538,53.07957],[8.950637,53.078909],[8.950208,53.07861],[8.948067,53.077975],[8.945794,53.077308],[8.945961,53.077101],[8.946274,53.076799],[8.945383,53.076516],[8.945366,53.076536],[8.944631,53.076314],[8.943306,53.075907],[8.943241,53.074614],[8.942226,53.074736],[8.941753,53.074773],[8.941262,53.074775],[8.940709,53.074749],[8.94063,53.075136],[8.940977,53.075292],[8.941154,53.075297],[8.940342,53.075873],[8.940314,53.075867],[8.938967,53.07546],[8.93802,53.075225],[8.93784,53.075521],[8.937734,53.075439],[8.937593,53.07534],[8.937166,53.075029],[8.936934,53.074835],[8.936511,53.074792],[8.93577,53.074635],[8.935598,53.075056],[8.935383,53.075447],[8.93517,53.075911],[8.934773,53.076771],[8.934627,53.076997],[8.93412,53.07757],[8.934101,53.077657],[8.933913,53.077716],[8.933036,53.078407],[8.932814,53.078581],[8.932121,53.079108],[8.932062,53.079154],[8.93198,53.079217],[8.923585,53.078951],[8.922589,53.078899],[8.921333,53.078896],[8.920427,53.078927],[8.918979,53.079013],[8.917682,53.079151],[8.91628,53.079349],[8.914814,53.079612],[8.914317,53.079723],[8.913735,53.079854],[8.912548,53.080157],[8.911585,53.080461],[8.910599,53.080824],[8.909421,53.081279],[8.908291,53.081789],[8.907544,53.082167],[8.907477,53.082201],[8.907305,53.082292],[8.907118,53.082387],[8.905994,53.083056],[8.904763,53.083831],[8.902964,53.085002],[8.902758,53.085136],[8.901059,53.086246],[8.900892,53.086354],[8.900655,53.086507],[8.899926,53.086976],[8.897878,53.088343],[8.896743,53.089043],[8.896342,53.089285],[8.896679,53.08929],[8.897067,53.089296],[8.899246,53.089252],[8.899712,53.089224],[8.899837,53.08922],[8.899849,53.089221],[8.900149,53.08923],[8.900355,53.089252],[8.90037,53.089255],[8.900522,53.089265],[8.900715,53.089305],[8.901041,53.089374],[8.901071,53.089393],[8.901197,53.089472],[8.903883,53.090138],[8.905032,53.090439],[8.905032,53.090439],[8.905016,53.090462],[8.904939,53.090572],[8.904178,53.091678],[8.903583,53.09253],[8.902725,53.093726],[8.902601,53.093888],[8.902511,53.093998],[8.897222,53.094846],[8.896934,53.095338],[8.896541,53.095945],[8.896306,53.096307],[8.895946,53.096864],[8.895801,53.097183],[8.895888,53.097482],[8.895995,53.098048],[8.896083,53.098267],[8.896256,53.098429],[8.896361,53.09859],[8.896545,53.098872],[8.896902,53.099663],[8.897031,53.100041],[8.897668,53.101399],[8.897694,53.101455],[8.897778,53.101634],[8.89787,53.101831],[8.897889,53.10187],[8.897902,53.101901],[8.897949,53.102009],[8.898063,53.102273],[8.898216,53.102628],[8.898277,53.102771],[8.898339,53.102905],[8.898392,53.103006],[8.898777,53.103938],[8.899119,53.104709],[8.899256,53.104942],[8.899434,53.105176],[8.899725,53.105472],[8.900521,53.106229],[8.901019,53.10673],[8.901056,53.106719],[8.901256,53.106657],[8.901332,53.106634],[8.901497,53.106535],[8.905206,53.10892],[8.907005,53.110118],[8.907165,53.110225],[8.907882,53.110698],[8.908032,53.110776],[8.908242,53.11095],[8.90841,53.11106],[8.910308,53.112294],[8.911136,53.11283],[8.91117,53.112853],[8.911433,53.113005],[8.914527,53.115132],[8.916463,53.116414],[8.916656,53.116525],[8.91673,53.116559],[8.917308,53.116467],[8.917897,53.116433],[8.917977,53.116493],[8.918531,53.116864],[8.920963,53.118493],[8.921012,53.118572],[8.920999,53.118596],[8.920958,53.118674],[8.920645,53.118848],[8.920373,53.118978],[8.920275,53.11901],[8.920842,53.119403],[8.923966,53.121689],[8.924332,53.121965],[8.92725,53.122097],[8.927578,53.122109],[8.927995,53.122095],[8.928524,53.122066],[8.931604,53.121818],[8.931946,53.121771],[8.932736,53.121607],[8.933825,53.121348],[8.934068,53.121226],[8.93423,53.121167],[8.935197,53.120499],[8.935449,53.120396],[8.935748,53.120314],[8.936147,53.120217],[8.936823,53.120085],[8.939274,53.119749],[8.939667,53.119707],[8.940191,53.119621],[8.941362,53.119216],[8.942754,53.118694],[8.943374,53.118462],[8.94366,53.118339],[8.943914,53.118266]]]}},{"type":"Feature","id":"bremen-pks-13","properties":{"city":"Bremen","year":2025,"police_table":13,"name":"Stadtteil Obervieland","source_regions":[{"kind":"stadtteil","name":"Obervieland","code":"04011230"}],"area_km2":14.289,"offense_cases":null,"population":null,"crime_rate":null,"metrics":{"all_offenses":{"2024":3336,"2025":2890,"rate":null},"sexual":{"2024":34,"2025":33,"rate":null},"robbery":{"2024":27,"2025":31,"rate":null},"bodily_injury":{"2024":237,"2025":219,"rate":null},"burglary":{"2024":94,"2025":61,"rate":null},"theft":{"2024":1392,"2025":1084,"rate":null},"drug":{"2024":16,"2025":9,"rate":null}}},"geometry":{"type":"Polygon","coordinates":[[[8.846598,53.059257],[8.848344,53.059238],[8.849875,53.059309],[8.850988,53.059401],[8.853498,53.059719],[8.855796,53.059919],[8.856694,53.05994],[8.857802,53.059915],[8.857622,53.059282],[8.857861,53.059261],[8.858705,53.059154],[8.859827,53.058971],[8.860224,53.058963],[8.860813,53.058906],[8.861055,53.058869],[8.863978,53.058402],[8.865961,53.058067],[8.866116,53.057936],[8.866336,53.057868],[8.868917,53.057466],[8.869637,53.057324],[8.87043,53.057115],[8.871222,53.056822],[8.871392,53.056733],[8.873756,53.056538],[8.874066,53.056027],[8.87438,53.055439],[8.87458,53.054783],[8.874646,53.054304],[8.874684,53.053845],[8.87459,53.053291],[8.874369,53.052474],[8.874294,53.05225],[8.873704,53.051237],[8.87338,53.050751],[8.872953,53.050066],[8.872747,53.049585],[8.872331,53.048953],[8.87173,53.048001],[8.870595,53.046582],[8.869906,53.04583],[8.869558,53.045495],[8.868905,53.044677],[8.867518,53.042855],[8.866539,53.041511],[8.866334,53.040721],[8.865087,53.040714],[8.863581,53.040707],[8.863379,53.040354],[8.863286,53.040189],[8.86319,53.040018],[8.862763,53.03925],[8.862355,53.038016],[8.862156,53.037455],[8.862078,53.037147],[8.861925,53.035606],[8.862755,53.034198],[8.864052,53.033375],[8.864054,53.033373],[8.864307,53.031904],[8.86434,53.0317],[8.864365,53.031546],[8.864378,53.031465],[8.864388,53.031355],[8.864398,53.031236],[8.864441,53.030999],[8.864461,53.030914],[8.86433,53.030432],[8.864527,53.028925],[8.864613,53.028575],[8.86469,53.028215],[8.864955,53.027765],[8.865576,53.027083],[8.865888,53.026759],[8.86644,53.026457],[8.86657,53.026342],[8.866808,53.026075],[8.867045,53.025854],[8.867213,53.025736],[8.868385,53.025142],[8.869109,53.024841],[8.869055,53.024738],[8.868987,53.024605],[8.868926,53.02449],[8.868717,53.024089],[8.868476,53.023702],[8.868119,53.023229],[8.867382,53.022428],[8.866826,53.021814],[8.866771,53.021747],[8.866741,53.021754],[8.866424,53.021846],[8.866134,53.021883],[8.866067,53.021888],[8.865991,53.021892],[8.865887,53.021896],[8.865605,53.021905],[8.86537,53.021906],[8.864976,53.021907],[8.864672,53.021933],[8.864436,53.021948],[8.864123,53.02194],[8.863571,53.021848],[8.863366,53.021801],[8.862919,53.02165],[8.862364,53.021548],[8.862001,53.021491],[8.861875,53.021489],[8.860546,53.021491],[8.859537,53.021557],[8.859274,53.021558],[8.85869,53.021677],[8.858214,53.021705],[8.857904,53.021682],[8.85763,53.021632],[8.857308,53.021617],[8.856633,53.02149],[8.856066,53.021366],[8.85583,53.021297],[8.855574,53.021226],[8.85498,53.02105],[8.854601,53.020921],[8.854508,53.020825],[8.854472,53.020671],[8.854326,53.020669],[8.854209,53.020722],[8.854071,53.020722],[8.853901,53.0207],[8.853771,53.020704],[8.853706,53.0207],[8.853645,53.020677],[8.853619,53.02064],[8.853553,53.020572],[8.853441,53.020513],[8.853144,53.020442],[8.852791,53.02043],[8.852383,53.020051],[8.852273,53.019931],[8.852186,53.019786],[8.852,53.019625],[8.851873,53.019594],[8.85161,53.019236],[8.851502,53.019041],[8.851487,53.019017],[8.851411,53.018851],[8.851318,53.018325],[8.851273,53.018074],[8.851404,53.017756],[8.850814,53.01658],[8.849232,53.016538],[8.848776,53.016542],[8.848435,53.016506],[8.847973,53.016538],[8.847572,53.01739],[8.847387,53.017678],[8.847252,53.017792],[8.847321,53.017851],[8.847683,53.017911],[8.847829,53.01839],[8.848002,53.018858],[8.848029,53.019053],[8.848096,53.019207],[8.848134,53.01927],[8.848404,53.019601],[8.848484,53.019948],[8.848458,53.020178],[8.848506,53.020465],[8.848594,53.020709],[8.848725,53.020902],[8.848941,53.021113],[8.849221,53.021396],[8.849371,53.021608],[8.849499,53.021936],[8.849647,53.022309],[8.849784,53.022673],[8.849885,53.022937],[8.849831,53.023397],[8.849803,53.023535],[8.849719,53.023674],[8.849601,53.023788],[8.849539,53.023872],[8.849372,53.02406],[8.849254,53.024061],[8.848838,53.024148],[8.848718,53.024145],[8.84825,53.024176],[8.847406,53.024397],[8.847121,53.024429],[8.847061,53.02445],[8.846898,53.024477],[8.846665,53.0245],[8.845923,53.024356],[8.845851,53.024316],[8.845728,53.024235],[8.845688,53.024201],[8.845569,53.024094],[8.845519,53.024027],[8.845367,53.023904],[8.845284,53.023772],[8.845169,53.023689],[8.844962,53.023632],[8.844727,53.023598],[8.844671,53.023573],[8.844591,53.023511],[8.844498,53.023361],[8.84442,53.023265],[8.844308,53.023072],[8.844217,53.022761],[8.844164,53.022553],[8.844091,53.022457],[8.843933,53.022346],[8.843798,53.022285],[8.843622,53.02218],[8.843475,53.02203],[8.843328,53.021925],[8.843011,53.021693],[8.842743,53.021561],[8.842428,53.021487],[8.842164,53.021434],[8.841721,53.02138],[8.841583,53.02135],[8.84136,53.021303],[8.841163,53.021263],[8.841078,53.021218],[8.84105,53.021164],[8.841014,53.021094],[8.840408,53.020673],[8.84031,53.020611],[8.840449,53.020435],[8.840359,53.020303],[8.840339,53.020224],[8.84038,53.020077],[8.840067,53.019969],[8.840006,53.019862],[8.839902,53.019794],[8.839686,53.019689],[8.839618,53.019632],[8.839571,53.019541],[8.839184,53.019286],[8.839198,53.019146],[8.839014,53.019097],[8.838919,53.019027],[8.838933,53.018957],[8.838844,53.018833],[8.838668,53.01873],[8.838555,53.018601],[8.838156,53.018208],[8.838094,53.018146],[8.83726,53.018467],[8.836298,53.018829],[8.835212,53.019232],[8.834342,53.019493],[8.833329,53.019938],[8.832997,53.020157],[8.832742,53.020428],[8.832559,53.020589],[8.832204,53.020801],[8.831877,53.02092],[8.831635,53.021015],[8.831156,53.021145],[8.831015,53.021169],[8.830593,53.021222],[8.830046,53.021261],[8.829768,53.021278],[8.829312,53.021249],[8.828263,53.021095],[8.826294,53.020816],[8.825042,53.020636],[8.824516,53.020592],[8.824057,53.020527],[8.824005,53.020534],[8.823439,53.020712],[8.822507,53.020767],[8.822094,53.020825],[8.821822,53.020791],[8.821612,53.020842],[8.820789,53.021127],[8.820599,53.021212],[8.819893,53.02149],[8.819374,53.021713],[8.818974,53.021852],[8.818654,53.021924],[8.817763,53.022257],[8.817744,53.022289],[8.817672,53.022458],[8.817622,53.022738],[8.817634,53.022877],[8.817659,53.02294],[8.817496,53.023479],[8.817465,53.023598],[8.817443,53.023685],[8.817418,53.023779],[8.817397,53.023859],[8.817375,53.023944],[8.817357,53.024017],[8.817337,53.024082],[8.817275,53.024479],[8.817334,53.024592],[8.817339,53.024693],[8.816503,53.02552],[8.816183,53.025833],[8.815476,53.026495],[8.815292,53.026536],[8.814979,53.026656],[8.813647,53.027189],[8.812932,53.027518],[8.811725,53.02814],[8.810706,53.02866],[8.810298,53.028969],[8.810124,53.029151],[8.810069,53.029402],[8.810162,53.029657],[8.810161,53.029879],[8.810141,53.029908],[8.809904,53.030252],[8.809722,53.030468],[8.809547,53.030663],[8.809378,53.030809],[8.808856,53.031052],[8.808605,53.031156],[8.80846,53.031223],[8.807938,53.03135],[8.8077,53.031435],[8.807824,53.03164],[8.807853,53.031687],[8.80792,53.031799],[8.808188,53.032241],[8.808773,53.032145],[8.809545,53.033286],[8.809212,53.033368],[8.809418,53.033691],[8.809384,53.03371],[8.810799,53.035855],[8.810587,53.035955],[8.809938,53.036249],[8.809263,53.036523],[8.809194,53.036563],[8.808426,53.036897],[8.808117,53.037032],[8.807454,53.03732],[8.807495,53.037375],[8.808536,53.038948],[8.810479,53.041949],[8.810581,53.0421],[8.81068,53.042246],[8.810846,53.042525],[8.811837,53.044021],[8.812706,53.045322],[8.81366,53.045091],[8.813734,53.045089],[8.813792,53.045182],[8.814761,53.044945],[8.81484,53.045073],[8.815202,53.044971],[8.815315,53.045134],[8.815443,53.045342],[8.815934,53.04525],[8.816251,53.04584],[8.81683,53.046676],[8.816484,53.046761],[8.816583,53.046963],[8.816569,53.046967],[8.816512,53.046985],[8.816643,53.047152],[8.816614,53.047191],[8.81706,53.04799],[8.816865,53.048014],[8.816892,53.048071],[8.81723,53.048701],[8.817237,53.048699],[8.818637,53.048323],[8.81914,53.048181],[8.819515,53.048076],[8.819541,53.048109],[8.819598,53.048183],[8.819627,53.04822],[8.819655,53.048256],[8.819707,53.048322],[8.819692,53.048347],[8.819546,53.048587],[8.819842,53.049003],[8.820006,53.049243],[8.820181,53.049456],[8.820416,53.049964],[8.82071,53.050571],[8.820891,53.050966],[8.820945,53.051207],[8.821292,53.052014],[8.821301,53.052037],[8.821995,53.051594],[8.822506,53.051406],[8.82254,53.0514],[8.823049,53.051312],[8.823602,53.051259],[8.824177,53.051234],[8.825149,53.051263],[8.825333,53.051244],[8.825435,53.051209],[8.826371,53.051153],[8.826387,53.051156],[8.827587,53.051309],[8.827715,53.051289],[8.828364,53.051323],[8.828752,53.051469],[8.828762,53.050642],[8.828764,53.05045],[8.83132,53.050475],[8.834647,53.050816],[8.834669,53.050859],[8.83501,53.050892],[8.836575,53.051034],[8.836785,53.051064],[8.83724,53.051069],[8.837535,53.051053],[8.837679,53.051045],[8.838074,53.050994],[8.838879,53.052581],[8.839021,53.052838],[8.839671,53.054116],[8.84044,53.055604],[8.840533,53.055783],[8.840606,53.055924],[8.840679,53.056065],[8.841083,53.056961],[8.833417,53.056998],[8.83166,53.059598],[8.833681,53.060076],[8.833729,53.060036],[8.833809,53.059997],[8.834403,53.05952],[8.834654,53.059315],[8.834747,53.05924],[8.835977,53.059783],[8.835936,53.059881],[8.835588,53.060568],[8.835447,53.060921],[8.83527,53.061625],[8.835236,53.061866],[8.835258,53.061966],[8.83535,53.062163],[8.835472,53.062331],[8.835573,53.062441],[8.835422,53.062549],[8.835218,53.062759],[8.835162,53.062977],[8.835283,53.062989],[8.83551,53.063029],[8.835719,53.063112],[8.83594,53.063235],[8.836174,53.063394],[8.836801,53.063821],[8.837278,53.063264],[8.837538,53.062903],[8.837859,53.062567],[8.838225,53.06226],[8.838497,53.062011],[8.83896,53.061666],[8.839464,53.061338],[8.840576,53.060783],[8.841129,53.06054],[8.841696,53.060346],[8.842181,53.060153],[8.842852,53.059921],[8.843407,53.059776],[8.844083,53.059621],[8.844878,53.059459],[8.845733,53.05932],[8.846598,53.059257]]]}},{"type":"Feature","id":"bremen-pks-14","properties":{"city":"Bremen","year":2025,"police_table":14,"name":"Stadtteil Osterholz","source_regions":[{"kind":"stadtteil","name":"Osterholz","code":"04011370"}],"area_km2":12.916,"offense_cases":null,"population":null,"crime_rate":null,"metrics":{"all_offenses":{"2024":3602,"2025":3222,"rate":null},"sexual":{"2024":45,"2025":50,"rate":null},"robbery":{"2024":35,"2025":34,"rate":null},"bodily_injury":{"2024":483,"2025":452,"rate":null},"burglary":{"2024":75,"2025":42,"rate":null},"theft":{"2024":1589,"2025":1314,"rate":null},"drug":{"2024":55,"2025":51,"rate":null}}},"geometry":{"type":"Polygon","coordinates":[[[8.964755,53.076661],[8.964642,53.076458],[8.964483,53.076222],[8.964472,53.076201],[8.964455,53.07617],[8.964398,53.076064],[8.964342,53.075841],[8.964319,53.075779],[8.964274,53.075664],[8.964237,53.075511],[8.964186,53.075347],[8.964126,53.075105],[8.964106,53.074934],[8.964058,53.074685],[8.964019,53.074374],[8.964067,53.074186],[8.964165,53.073822],[8.964196,53.073677],[8.964225,53.07354],[8.964252,53.073452],[8.964328,53.073199],[8.964382,53.072981],[8.964388,53.07296],[8.964446,53.072816],[8.963765,53.072491],[8.963513,53.072371],[8.963515,53.072023],[8.963527,53.071676],[8.963557,53.071578],[8.963668,53.071502],[8.963918,53.071462],[8.963998,53.071458],[8.96426,53.071464],[8.964554,53.071431],[8.964699,53.071378],[8.964818,53.071344],[8.964781,53.071257],[8.964497,53.071047],[8.9643,53.070892],[8.963787,53.070482],[8.963443,53.070202],[8.963349,53.070129],[8.963442,53.070026],[8.963483,53.069981],[8.963754,53.069667],[8.963819,53.069582],[8.963885,53.069496],[8.963936,53.069429],[8.964026,53.069279],[8.96408,53.06919],[8.964084,53.069148],[8.964107,53.068922],[8.964147,53.068695],[8.964132,53.068458],[8.964128,53.068388],[8.964136,53.068299],[8.964224,53.068138],[8.964223,53.067974],[8.9642,53.067735],[8.964437,53.06722],[8.964419,53.067019],[8.964385,53.066812],[8.964388,53.06675],[8.964375,53.066585],[8.964473,53.066351],[8.964656,53.065936],[8.96467,53.065904],[8.964689,53.065882],[8.96486,53.065676],[8.964908,53.065619],[8.965161,53.065322],[8.965365,53.06514],[8.965559,53.064948],[8.965762,53.064726],[8.965778,53.064708],[8.965946,53.064529],[8.96597,53.064504],[8.966093,53.064363],[8.966217,53.064216],[8.966228,53.064202],[8.966314,53.063991],[8.966342,53.063772],[8.966352,53.06361],[8.966363,53.06344],[8.966362,53.063384],[8.966346,53.06311],[8.966311,53.062962],[8.966247,53.062864],[8.966233,53.062846],[8.966234,53.062837],[8.966129,53.06277],[8.966014,53.062695],[8.965943,53.062664],[8.965412,53.062431],[8.964913,53.062279],[8.964765,53.062246],[8.964637,53.061934],[8.964529,53.06172],[8.964455,53.061544],[8.964327,53.061253],[8.964144,53.061011],[8.964114,53.060974],[8.964024,53.060841],[8.964011,53.060821],[8.963872,53.06068],[8.963761,53.060514],[8.963686,53.060399],[8.963668,53.060202],[8.963739,53.059998],[8.964026,53.0597],[8.964079,53.059659],[8.964153,53.059601],[8.964358,53.059491],[8.964677,53.059352],[8.964707,53.05931],[8.964841,53.059146],[8.964917,53.059115],[8.964964,53.059095],[8.965014,53.05906],[8.965045,53.058996],[8.965114,53.058906],[8.965231,53.058849],[8.965347,53.058678],[8.96539,53.058638],[8.965545,53.058556],[8.965664,53.058395],[8.965782,53.058211],[8.965906,53.05787],[8.965929,53.05779],[8.965946,53.057733],[8.965961,53.057686],[8.965997,53.057569],[8.966022,53.057489],[8.966182,53.057504],[8.966414,53.057533],[8.966516,53.057543],[8.967971,53.057688],[8.968405,53.057455],[8.968679,53.0573],[8.968825,53.057222],[8.968979,53.057132],[8.969201,53.057008],[8.969431,53.056878],[8.969631,53.056761],[8.969729,53.056716],[8.969903,53.056643],[8.970187,53.056457],[8.970424,53.056279],[8.970579,53.056129],[8.970731,53.055921],[8.970891,53.05585],[8.970946,53.05583],[8.970997,53.055654],[8.971008,53.055625],[8.971144,53.055399],[8.971281,53.055182],[8.971295,53.055158],[8.971513,53.054777],[8.971571,53.054676],[8.971722,53.054415],[8.97183,53.054233],[8.971901,53.054121],[8.971966,53.054018],[8.972007,53.053932],[8.971054,53.053178],[8.971041,53.053168],[8.970742,53.052945],[8.970573,53.052821],[8.969736,53.052189],[8.968039,53.050936],[8.967484,53.050517],[8.967091,53.050221],[8.966287,53.049615],[8.96533,53.048903],[8.964399,53.048189],[8.963135,53.047249],[8.961947,53.046393],[8.960791,53.045681],[8.959586,53.045036],[8.95875,53.044642],[8.958597,53.044574],[8.957887,53.044262],[8.957379,53.044063],[8.956818,53.043849],[8.955908,53.043543],[8.954871,53.04323],[8.9541,53.043021],[8.95313,53.042788],[8.951092,53.042365],[8.950945,53.042336],[8.950786,53.042305],[8.948999,53.041936],[8.947735,53.041675],[8.946688,53.04146],[8.945966,53.041311],[8.944825,53.041068],[8.9448,53.041062],[8.944728,53.04105],[8.944529,53.041009],[8.944407,53.040983],[8.944072,53.040916],[8.942225,53.040541],[8.942093,53.040512],[8.941783,53.040607],[8.93855,53.041595],[8.938301,53.04167],[8.93324,53.043209],[8.931201,53.04383],[8.928086,53.044779],[8.926866,53.045154],[8.925354,53.045608],[8.922109,53.046602],[8.919112,53.047504],[8.919063,53.047519],[8.918994,53.047537],[8.918924,53.047558],[8.918562,53.047674],[8.917365,53.048041],[8.917425,53.048143],[8.917998,53.048996],[8.919285,53.050801],[8.919352,53.050931],[8.919764,53.052405],[8.919908,53.053188],[8.919896,53.053232],[8.919981,53.053339],[8.920074,53.053749],[8.920119,53.054229],[8.920188,53.054601],[8.920132,53.054648],[8.920136,53.055098],[8.920112,53.055172],[8.920013,53.05521],[8.919408,53.055322],[8.918172,53.055418],[8.917448,53.055512],[8.917273,53.055594],[8.91641,53.056192],[8.916668,53.057166],[8.917035,53.058273],[8.917143,53.058666],[8.917248,53.059031],[8.916745,53.059066],[8.916761,53.059608],[8.91676,53.059645],[8.916758,53.059702],[8.916726,53.060655],[8.916013,53.060657],[8.916021,53.061067],[8.916022,53.061105],[8.915991,53.061959],[8.916034,53.065434],[8.916006,53.065645],[8.915863,53.065825],[8.91517,53.066129],[8.915003,53.066304],[8.914963,53.066551],[8.914988,53.068264],[8.915029,53.068616],[8.917203,53.06957],[8.917177,53.070221],[8.917239,53.070387],[8.916919,53.070721],[8.916763,53.070885],[8.916553,53.071196],[8.916518,53.071249],[8.916497,53.071289],[8.916486,53.071302],[8.916306,53.071514],[8.916163,53.071755],[8.915943,53.072278],[8.91592,53.072501],[8.915949,53.072769],[8.915804,53.073128],[8.915364,53.073769],[8.915313,53.073848],[8.915027,53.074252],[8.914352,53.075075],[8.914066,53.075418],[8.91401,53.07549],[8.913852,53.075691],[8.913575,53.076111],[8.912881,53.076946],[8.911937,53.078022],[8.911616,53.078433],[8.910775,53.079478],[8.910429,53.079855],[8.910311,53.079955],[8.910225,53.080027],[8.910048,53.080039],[8.909982,53.080102],[8.90976,53.080217],[8.909713,53.080236],[8.909645,53.080263],[8.909504,53.080276],[8.909402,53.080242],[8.908946,53.080191],[8.908517,53.08022],[8.908203,53.080307],[8.907855,53.080496],[8.90706,53.081083],[8.906866,53.08119],[8.906688,53.081237],[8.906389,53.081376],[8.905956,53.081477],[8.90573,53.08179],[8.905727,53.081832],[8.905722,53.081929],[8.905716,53.082046],[8.905714,53.082087],[8.905951,53.082087],[8.906975,53.082117],[8.906975,53.082117],[8.907116,53.082125],[8.907405,53.082152],[8.907501,53.082163],[8.907544,53.082167],[8.908291,53.081789],[8.909421,53.081279],[8.910599,53.080824],[8.911585,53.080461],[8.912548,53.080157],[8.913735,53.079854],[8.914317,53.079723],[8.914814,53.079612],[8.91628,53.079349],[8.917682,53.079151],[8.918979,53.079013],[8.920427,53.078927],[8.921333,53.078896],[8.922589,53.078899],[8.923585,53.078951],[8.93198,53.079217],[8.932062,53.079154],[8.932121,53.079108],[8.932814,53.078581],[8.933036,53.078407],[8.933913,53.077716],[8.934101,53.077657],[8.93412,53.07757],[8.934627,53.076997],[8.934773,53.076771],[8.93517,53.075911],[8.935383,53.075447],[8.935598,53.075056],[8.93577,53.074635],[8.936511,53.074792],[8.936934,53.074835],[8.937166,53.075029],[8.937593,53.07534],[8.937734,53.075439],[8.93784,53.075521],[8.93802,53.075225],[8.938967,53.07546],[8.940314,53.075867],[8.940342,53.075873],[8.941154,53.075297],[8.940977,53.075292],[8.94063,53.075136],[8.940709,53.074749],[8.941262,53.074775],[8.941753,53.074773],[8.942226,53.074736],[8.943241,53.074614],[8.943306,53.075907],[8.944631,53.076314],[8.945366,53.076536],[8.945383,53.076516],[8.946274,53.076799],[8.945961,53.077101],[8.945794,53.077308],[8.948067,53.077975],[8.950208,53.07861],[8.950637,53.078909],[8.952538,53.07957],[8.95623,53.080894],[8.95675,53.081081],[8.956903,53.081089],[8.9637,53.08349],[8.964151,53.083709],[8.964396,53.083568],[8.965036,53.083269],[8.965134,53.083223],[8.965811,53.082882],[8.96589,53.082819],[8.965928,53.082789],[8.965952,53.08277],[8.965977,53.082751],[8.965896,53.082646],[8.965817,53.082581],[8.965659,53.082477],[8.96557,53.082322],[8.965511,53.082105],[8.965496,53.081989],[8.965481,53.081915],[8.965427,53.081867],[8.965324,53.081826],[8.96522,53.081751],[8.965097,53.081564],[8.964993,53.081439],[8.964894,53.081296],[8.964663,53.081007],[8.964546,53.08088],[8.964396,53.080665],[8.964361,53.080599],[8.964338,53.080556],[8.964308,53.080499],[8.964279,53.080446],[8.964202,53.080259],[8.96422,53.080044],[8.964266,53.079857],[8.964309,53.079608],[8.964315,53.07956],[8.964342,53.079355],[8.964337,53.079332],[8.96431,53.079197],[8.964244,53.078964],[8.964224,53.078709],[8.964276,53.078479],[8.964284,53.078454],[8.964342,53.078262],[8.964474,53.077973],[8.964516,53.077838],[8.964568,53.077624],[8.964627,53.077391],[8.964651,53.077319],[8.96469,53.077165],[8.964724,53.077026],[8.964745,53.076908],[8.964755,53.076661]]]}},{"type":"Feature","id":"bremen-pks-15","properties":{"city":"Bremen","year":2025,"police_table":15,"name":"Stadtteil Östliche Vorstadt","source_regions":[{"kind":"stadtteil","name":"Östliche Vorstadt","code":"04011310"}],"area_km2":3.313,"offense_cases":null,"population":null,"crime_rate":null,"metrics":{"all_offenses":{"2024":4440,"2025":4309,"rate":null},"sexual":{"2024":42,"2025":38,"rate":null},"robbery":{"2024":91,"2025":72,"rate":null},"bodily_injury":{"2024":381,"2025":453,"rate":null},"burglary":{"2024":83,"2025":46,"rate":null},"theft":{"2024":2311,"2025":2059,"rate":null},"drug":{"2024":346,"2025":332,"rate":null}}},"geometry":{"type":"Polygon","coordinates":[[[8.853832,53.065737],[8.853569,53.064886],[8.853364,53.064808],[8.853118,53.064713],[8.852751,53.064799],[8.852188,53.064931],[8.851773,53.065038],[8.851779,53.064836],[8.851839,53.064473],[8.851691,53.063632],[8.851556,53.063263],[8.851301,53.062761],[8.85068,53.061128],[8.850557,53.060862],[8.85045,53.060774],[8.850411,53.060693],[8.85021,53.060305],[8.850116,53.060089],[8.850138,53.060032],[8.850063,53.059886],[8.850021,53.059803],[8.849875,53.059309],[8.848344,53.059238],[8.846598,53.059257],[8.845733,53.05932],[8.844878,53.059459],[8.844083,53.059621],[8.843407,53.059776],[8.842852,53.059921],[8.842181,53.060153],[8.841696,53.060346],[8.841129,53.06054],[8.840576,53.060783],[8.839464,53.061338],[8.83896,53.061666],[8.838497,53.062011],[8.838225,53.06226],[8.837859,53.062567],[8.837538,53.062903],[8.837278,53.063264],[8.836801,53.063821],[8.836688,53.063913],[8.836232,53.06444],[8.835502,53.065212],[8.835006,53.065698],[8.834646,53.066024],[8.83408,53.066425],[8.833397,53.066811],[8.83266,53.06715],[8.831215,53.067593],[8.830536,53.067713],[8.829922,53.067784],[8.828098,53.067875],[8.826872,53.06789],[8.825853,53.067927],[8.824963,53.06795],[8.824788,53.068403],[8.824715,53.068655],[8.824678,53.068785],[8.824641,53.068911],[8.824598,53.069221],[8.82448,53.069616],[8.824466,53.069651],[8.824394,53.069804],[8.824203,53.070254],[8.824158,53.070355],[8.824097,53.070494],[8.823989,53.07075],[8.823804,53.071221],[8.823765,53.071325],[8.823702,53.071481],[8.823693,53.071506],[8.82349,53.072091],[8.823392,53.072392],[8.823214,53.072968],[8.823148,53.07316],[8.82276,53.074285],[8.822737,53.074348],[8.822696,53.074463],[8.822552,53.074989],[8.822563,53.075208],[8.822759,53.075559],[8.823422,53.076628],[8.823656,53.076985],[8.823754,53.07722],[8.823789,53.077523],[8.823673,53.078262],[8.824201,53.078475],[8.825371,53.078986],[8.826802,53.079517],[8.826959,53.07958],[8.827174,53.079671],[8.827321,53.079644],[8.828689,53.07941],[8.831686,53.078959],[8.833208,53.078735],[8.833406,53.078706],[8.837587,53.078102],[8.837614,53.078099],[8.837836,53.078068],[8.838026,53.078043],[8.838104,53.078032],[8.840345,53.077725],[8.844644,53.077105],[8.8452,53.077026],[8.854342,53.075721],[8.854566,53.075694],[8.854549,53.07566],[8.854545,53.075653],[8.854506,53.075547],[8.854483,53.075503],[8.854409,53.075305],[8.854258,53.075078],[8.854155,53.074962],[8.854214,53.074649],[8.856222,53.073807],[8.856408,53.073713],[8.857124,53.073591],[8.856313,53.071436],[8.856106,53.070757],[8.856158,53.070446],[8.856129,53.070403],[8.856012,53.070231],[8.855721,53.069606],[8.855488,53.069166],[8.855161,53.068487],[8.85482,53.067728],[8.854557,53.067136],[8.854527,53.067097],[8.854459,53.067007],[8.854368,53.066884],[8.854219,53.066567],[8.853993,53.066108],[8.853832,53.065737]]]}},{"type":"Feature","id":"bremen-pks-16","properties":{"city":"Bremen","year":2025,"police_table":16,"name":"Stadtteil Schwachhausen","source_regions":[{"kind":"stadtteil","name":"Schwachhausen","code":"04011320"}],"area_km2":8.892,"offense_cases":null,"population":null,"crime_rate":null,"metrics":{"all_offenses":{"2024":2978,"2025":2701,"rate":null},"sexual":{"2024":35,"2025":44,"rate":null},"robbery":{"2024":42,"2025":38,"rate":null},"bodily_injury":{"2024":171,"2025":171,"rate":null},"burglary":{"2024":128,"2025":71,"rate":null},"theft":{"2024":1638,"2025":1452,"rate":null},"drug":{"2024":15,"2025":17,"rate":null}}},"geometry":{"type":"Polygon","coordinates":[[[8.841064,53.106253],[8.841351,53.106204],[8.841533,53.106492],[8.841789,53.10641],[8.841834,53.106467],[8.842091,53.106746],[8.842563,53.107164],[8.842991,53.107607],[8.843204,53.107535],[8.843415,53.107753],[8.843626,53.107674],[8.842656,53.106682],[8.842296,53.106287],[8.84224,53.1062],[8.842439,53.106148],[8.842519,53.105972],[8.842589,53.105819],[8.843015,53.105753],[8.844329,53.105394],[8.844706,53.105262],[8.845174,53.105146],[8.845821,53.105035],[8.846791,53.104894],[8.847431,53.104859],[8.847696,53.104831],[8.847552,53.10462],[8.847494,53.104502],[8.847468,53.104455],[8.847402,53.104429],[8.847151,53.104131],[8.847119,53.104077],[8.846872,53.103656],[8.846574,53.103166],[8.845849,53.102108],[8.845771,53.102026],[8.845757,53.101977],[8.845895,53.101964],[8.846105,53.101929],[8.846258,53.101862],[8.847443,53.10144],[8.849281,53.100632],[8.849351,53.100616],[8.849572,53.100447],[8.849781,53.100426],[8.850124,53.100392],[8.850305,53.100253],[8.850486,53.100157],[8.850552,53.100193],[8.850997,53.100007],[8.851129,53.100092],[8.851629,53.099987],[8.85197,53.099838],[8.85179,53.099675],[8.852337,53.099435],[8.85246,53.099337],[8.852508,53.099221],[8.852635,53.099178],[8.853089,53.09838],[8.853219,53.098234],[8.853533,53.097707],[8.853724,53.09775],[8.854071,53.097206],[8.854293,53.096876],[8.85523,53.097102],[8.855855,53.097239],[8.856764,53.097442],[8.858238,53.097676],[8.859088,53.097761],[8.859896,53.097808],[8.860815,53.097804],[8.860756,53.097338],[8.860724,53.097229],[8.860533,53.097028],[8.8602,53.096742],[8.859758,53.096362],[8.861576,53.095561],[8.861305,53.09512],[8.861227,53.094996],[8.86106,53.09474],[8.863711,53.093415],[8.863917,53.093337],[8.864045,53.093263],[8.864102,53.093158],[8.864197,53.093066],[8.864296,53.093036],[8.864881,53.092987],[8.86508,53.092983],[8.865222,53.093022],[8.865476,53.093191],[8.865644,53.093277],[8.865803,53.093298],[8.866364,53.093307],[8.866581,53.092969],[8.86661,53.092286],[8.86663,53.092189],[8.866648,53.091885],[8.86666,53.091663],[8.866688,53.09156],[8.866917,53.091341],[8.867357,53.091052],[8.868347,53.091205],[8.868704,53.09127],[8.869045,53.091332],[8.870225,53.091363],[8.870606,53.091363],[8.870678,53.091362],[8.870738,53.091363],[8.871343,53.091397],[8.871514,53.091432],[8.871514,53.091339],[8.871515,53.090857],[8.871516,53.090599],[8.871655,53.090598],[8.87188,53.090595],[8.87187,53.09013],[8.871863,53.089817],[8.872518,53.089834],[8.872549,53.089428],[8.872691,53.089444],[8.872728,53.089028],[8.873463,53.089055],[8.873536,53.08828],[8.873541,53.088077],[8.873462,53.087961],[8.873416,53.087828],[8.872403,53.087445],[8.872238,53.087286],[8.87254,53.087304],[8.872584,53.087295],[8.872584,53.086871],[8.873227,53.08687],[8.873226,53.086824],[8.87717,53.086846],[8.877202,53.085949],[8.877205,53.08587],[8.877218,53.08563],[8.877881,53.085653],[8.877919,53.084833],[8.877965,53.08384],[8.87765,53.083838],[8.877763,53.082573],[8.877766,53.082534],[8.877763,53.082484],[8.87776,53.082437],[8.877761,53.082396],[8.87708,53.082355],[8.876003,53.0823],[8.875884,53.082297],[8.875842,53.082295],[8.875627,53.082285],[8.875544,53.082281],[8.875334,53.082274],[8.871522,53.082115],[8.870642,53.08207],[8.869887,53.082037],[8.869576,53.082033],[8.869215,53.082039],[8.86843,53.082078],[8.867467,53.082128],[8.867281,53.082138],[8.86714,53.082146],[8.860204,53.082536],[8.858092,53.082615],[8.857056,53.082614],[8.856036,53.082591],[8.855442,53.08256],[8.854385,53.082456],[8.854207,53.082438],[8.85415,53.082433],[8.854226,53.082404],[8.854437,53.082286],[8.854901,53.082069],[8.855637,53.081675],[8.856513,53.081272],[8.856799,53.081141],[8.858051,53.08053],[8.859704,53.079655],[8.86033,53.079346],[8.860681,53.079171],[8.860713,53.079155],[8.860575,53.079102],[8.860511,53.079054],[8.860269,53.078931],[8.85969,53.078573],[8.859141,53.078279],[8.859085,53.078244],[8.85872,53.078018],[8.858319,53.07777],[8.858292,53.077753],[8.857847,53.077504],[8.85766,53.07741],[8.857614,53.077387],[8.857274,53.07726],[8.856214,53.076794],[8.855567,53.076554],[8.855206,53.076421],[8.854822,53.076435],[8.854782,53.076314],[8.855633,53.076177],[8.857143,53.075998],[8.85747,53.075965],[8.858395,53.075847],[8.85824,53.075559],[8.858106,53.075249],[8.858087,53.075206],[8.854766,53.07571],[8.854584,53.075738],[8.854566,53.075694],[8.854342,53.075721],[8.8452,53.077026],[8.844644,53.077105],[8.840345,53.077725],[8.838104,53.078032],[8.838026,53.078043],[8.837836,53.078068],[8.837614,53.078099],[8.837587,53.078102],[8.833406,53.078706],[8.833208,53.078735],[8.831686,53.078959],[8.828689,53.07941],[8.827321,53.079644],[8.827174,53.079671],[8.827482,53.079775],[8.827161,53.079856],[8.827082,53.079926],[8.826898,53.079998],[8.826307,53.080233],[8.825705,53.080531],[8.825399,53.080729],[8.824614,53.081359],[8.824018,53.081279],[8.823575,53.081233],[8.821948,53.081138],[8.82169,53.081149],[8.820908,53.081237],[8.820694,53.081261],[8.820594,53.081317],[8.82047,53.081386],[8.820562,53.081455],[8.818901,53.081905],[8.817623,53.082284],[8.816904,53.082503],[8.816092,53.082899],[8.816169,53.082959],[8.816279,53.083051],[8.81632,53.083094],[8.816383,53.083209],[8.816489,53.083736],[8.816548,53.084127],[8.816803,53.084726],[8.817112,53.085225],[8.817453,53.085652],[8.818001,53.086199],[8.81843,53.086486],[8.818254,53.086574],[8.817869,53.086858],[8.817741,53.087005],[8.817669,53.087161],[8.817775,53.087445],[8.817937,53.08761],[8.816486,53.088317],[8.815861,53.088625],[8.815818,53.088646],[8.815565,53.088779],[8.815502,53.088812],[8.815207,53.089024],[8.814509,53.089592],[8.814115,53.089935],[8.814104,53.089945],[8.813863,53.09014],[8.813564,53.090382],[8.813593,53.090394],[8.813706,53.09041],[8.813847,53.090441],[8.814485,53.090745],[8.814408,53.090822],[8.814359,53.090872],[8.814371,53.090877],[8.81523,53.091327],[8.817127,53.09236],[8.818989,53.093348],[8.819729,53.093774],[8.820171,53.094034],[8.821668,53.095062],[8.821951,53.095292],[8.822101,53.095414],[8.822482,53.095724],[8.824026,53.097101],[8.824913,53.097963],[8.825154,53.098213],[8.825358,53.098423],[8.826111,53.099258],[8.826313,53.099498],[8.826538,53.099764],[8.826664,53.099969],[8.826767,53.100184],[8.826827,53.100488],[8.826845,53.100772],[8.826839,53.100879],[8.826775,53.10107],[8.826496,53.101428],[8.826391,53.10154],[8.826146,53.101906],[8.825791,53.102399],[8.825503,53.102852],[8.824976,53.10364],[8.824876,53.103752],[8.824791,53.103908],[8.823462,53.105892],[8.823307,53.106192],[8.823323,53.106246],[8.823759,53.106716],[8.823823,53.106815],[8.823856,53.106914],[8.823864,53.107347],[8.824338,53.108337],[8.824408,53.108573],[8.824419,53.108896],[8.824393,53.109051],[8.824283,53.109327],[8.824284,53.109722],[8.824339,53.110303],[8.82441,53.110523],[8.824532,53.110768],[8.824771,53.110707],[8.826733,53.110203],[8.828021,53.109831],[8.82857,53.109646],[8.829313,53.109416],[8.831427,53.108762],[8.831922,53.108622],[8.832341,53.108518],[8.832941,53.108327],[8.833236,53.108259],[8.833711,53.108149],[8.834264,53.108021],[8.836027,53.107556],[8.83636,53.10746],[8.837535,53.107147],[8.837933,53.107041],[8.838378,53.106895],[8.838805,53.106784],[8.840473,53.106372],[8.841064,53.106253]]]}},{"type":"Feature","id":"bremen-pks-17","properties":{"city":"Bremen","year":2025,"police_table":17,"name":"Ortsteil Seehausen","source_regions":[{"kind":"ortsteil","name":"Seehausen","code":"04011261"}],"area_km2":10.965,"offense_cases":null,"population":null,"crime_rate":null,"metrics":{"all_offenses":{"2024":108,"2025":86,"rate":null},"sexual":{"2024":null,"2025":null,"rate":null},"robbery":{"2024":null,"2025":null,"rate":null},"bodily_injury":{"2024":8,"2025":6,"rate":null},"burglary":{"2024":3,"2025":5,"rate":null},"theft":{"2024":55,"2025":31,"rate":null},"drug":{"2024":1,"2025":null,"rate":null}}},"geometry":{"type":"Polygon","coordinates":[[[8.676535,53.123677],[8.682798,53.122125],[8.684462,53.121729],[8.686317,53.12126],[8.689211,53.120614],[8.691852,53.11998],[8.692953,53.119734],[8.693633,53.119598],[8.694145,53.119524],[8.695092,53.118113],[8.695166,53.11799],[8.695995,53.117755],[8.696732,53.117592],[8.697239,53.117499],[8.700105,53.117281],[8.705758,53.117014],[8.706195,53.116956],[8.707677,53.116833],[8.708832,53.116712],[8.710137,53.116537],[8.711281,53.116351],[8.711972,53.116263],[8.712683,53.116136],[8.716063,53.11546],[8.716683,53.115315],[8.71873,53.114801],[8.721443,53.114006],[8.722252,53.113735],[8.723428,53.113314],[8.723354,53.112883],[8.724669,53.112379],[8.72602,53.111747],[8.726423,53.111469],[8.726684,53.111143],[8.726804,53.110799],[8.726826,53.110469],[8.726808,53.110171],[8.726657,53.109943],[8.726487,53.109793],[8.725634,53.109276],[8.719789,53.105577],[8.714883,53.102321],[8.713501,53.101381],[8.712934,53.10088],[8.712644,53.100533],[8.712292,53.099948],[8.712179,53.099694],[8.712088,53.099348],[8.712016,53.098845],[8.711955,53.0984],[8.71135,53.098205],[8.711122,53.098074],[8.711021,53.097962],[8.710494,53.097621],[8.704421,53.093193],[8.704309,53.093111],[8.703845,53.092778],[8.703088,53.092235],[8.699054,53.093554],[8.695372,53.0947],[8.694377,53.095053],[8.694129,53.095111],[8.693636,53.095173],[8.693359,53.095248],[8.69266,53.095497],[8.69221,53.095658],[8.686413,53.097687],[8.67992,53.099906],[8.678901,53.100238],[8.676723,53.100799],[8.676387,53.100884],[8.675776,53.100989],[8.675344,53.101038],[8.67469,53.101083],[8.673956,53.101189],[8.673836,53.101232],[8.673742,53.101303],[8.673512,53.101422],[8.673416,53.101463],[8.673329,53.1015],[8.67244,53.101951],[8.671681,53.102255],[8.67159,53.102308],[8.671553,53.102325],[8.671516,53.102341],[8.671434,53.10251],[8.671309,53.102634],[8.671037,53.102772],[8.670659,53.102404],[8.6704,53.102598],[8.670034,53.102765],[8.669548,53.102946],[8.669214,53.10307],[8.668729,53.103228],[8.668447,53.103337],[8.665761,53.104373],[8.665287,53.104555],[8.665057,53.10462],[8.663235,53.105349],[8.662762,53.105481],[8.661709,53.105917],[8.661153,53.106115],[8.660643,53.106274],[8.660297,53.106384],[8.660039,53.106457],[8.659938,53.106565],[8.659848,53.106683],[8.659767,53.106774],[8.659608,53.106852],[8.659364,53.106944],[8.659167,53.107021],[8.658365,53.107348],[8.657822,53.107562],[8.65748,53.107665],[8.657236,53.107733],[8.657083,53.107806],[8.656815,53.107927],[8.656764,53.10795],[8.656425,53.108105],[8.65572,53.108417],[8.655443,53.108525],[8.65529,53.108599],[8.655192,53.108647],[8.655184,53.108654],[8.655014,53.10881],[8.654948,53.108908],[8.654927,53.108936],[8.654852,53.109036],[8.654786,53.109056],[8.654699,53.109043],[8.654625,53.109153],[8.654562,53.109244],[8.654473,53.109374],[8.654368,53.109475],[8.654127,53.109728],[8.653969,53.110079],[8.653873,53.111037],[8.653987,53.111602],[8.654084,53.111951],[8.654584,53.112979],[8.654668,53.113178],[8.654671,53.113238],[8.654686,53.113512],[8.654701,53.113567],[8.654718,53.11363],[8.654764,53.113792],[8.654921,53.114255],[8.655121,53.114816],[8.655372,53.115308],[8.655409,53.115377],[8.656315,53.117038],[8.656503,53.117206],[8.656969,53.117413],[8.657273,53.11758],[8.657135,53.118041],[8.656986,53.117999],[8.655567,53.117607],[8.654759,53.116863],[8.654351,53.116575],[8.653962,53.11641],[8.653521,53.116337],[8.652954,53.11634],[8.652267,53.116373],[8.651912,53.116436],[8.651518,53.116775],[8.650995,53.117407],[8.650635,53.117787],[8.65023,53.118161],[8.649877,53.118488],[8.649973,53.118612],[8.650029,53.118695],[8.65007,53.118756],[8.65026,53.119238],[8.65057,53.120067],[8.650677,53.12048],[8.65079,53.120555],[8.650896,53.120833],[8.650907,53.121036],[8.650977,53.121076],[8.651058,53.121117],[8.651168,53.121441],[8.651277,53.121791],[8.651404,53.12203],[8.651378,53.122116],[8.651251,53.122127],[8.651056,53.122215],[8.650687,53.122104],[8.650562,53.122122],[8.650254,53.122587],[8.65016,53.122976],[8.650169,53.123043],[8.650082,53.123136],[8.650009,53.123199],[8.6498,53.123365],[8.649633,53.123416],[8.649443,53.123481],[8.64925,53.123564],[8.648923,53.123711],[8.648698,53.124781],[8.648626,53.125126],[8.648351,53.125311],[8.64789,53.125562],[8.64709,53.126037],[8.646875,53.126164],[8.645807,53.126863],[8.645414,53.127095],[8.645618,53.127179],[8.648125,53.12818],[8.649118,53.127934],[8.650856,53.127554],[8.652017,53.127334],[8.653096,53.127202],[8.654546,53.127057],[8.658174,53.126785],[8.659978,53.126619],[8.662454,53.126403],[8.663656,53.126242],[8.66906,53.125348],[8.669712,53.125219],[8.671969,53.124694],[8.676535,53.123677]]]}},{"type":"Feature","id":"bremen-pks-18","properties":{"city":"Bremen","year":2025,"police_table":18,"name":"Ortsteil Strom","source_regions":[{"kind":"ortsteil","name":"Strom","code":"04011271"}],"area_km2":7.241,"offense_cases":null,"population":null,"crime_rate":null,"metrics":{"all_offenses":{"2024":69,"2025":46,"rate":null},"sexual":{"2024":null,"2025":null,"rate":null},"robbery":{"2024":null,"2025":null,"rate":null},"bodily_injury":{"2024":2,"2025":4,"rate":null},"burglary":{"2024":4,"2025":null,"rate":null},"theft":{"2024":40,"2025":23,"rate":null},"drug":{"2024":null,"2025":1,"rate":null}}},"geometry":{"type":"Polygon","coordinates":[[[8.699054,53.093554],[8.703088,53.092235],[8.703845,53.092778],[8.704309,53.093111],[8.704421,53.093193],[8.710494,53.097621],[8.711021,53.097962],[8.711078,53.097888],[8.716032,53.09138],[8.715694,53.091281],[8.71671,53.090279],[8.717938,53.087703],[8.718065,53.087428],[8.718129,53.087421],[8.718919,53.0871],[8.719524,53.086097],[8.721454,53.084256],[8.730514,53.081366],[8.731558,53.081066],[8.733141,53.080549],[8.733963,53.080216],[8.734704,53.079793],[8.736325,53.078195],[8.739645,53.07878],[8.740263,53.078972],[8.741971,53.079636],[8.741978,53.079584],[8.741855,53.07953],[8.741752,53.079489],[8.741785,53.079173],[8.741765,53.078733],[8.741834,53.078188],[8.741927,53.077777],[8.742122,53.077184],[8.742325,53.076742],[8.742452,53.076466],[8.742466,53.076435],[8.742771,53.075771],[8.7428,53.075547],[8.743394,53.075659],[8.743906,53.075574],[8.744804,53.075378],[8.746438,53.074957],[8.746592,53.074941],[8.74768,53.074948],[8.748794,53.07475],[8.751243,53.074502],[8.751204,53.074417],[8.751702,53.074354],[8.75211,53.074339],[8.752171,53.074372],[8.752186,53.074467],[8.75301,53.074621],[8.753218,53.074639],[8.753561,53.074603],[8.753817,53.074518],[8.754347,53.074332],[8.75466,53.074219],[8.754249,53.073721],[8.754133,53.073756],[8.754016,53.073785],[8.753742,53.073832],[8.753837,53.07375],[8.754076,53.073263],[8.754097,53.07308],[8.7541,53.072912],[8.753994,53.0726],[8.753507,53.072008],[8.7535,53.071836],[8.753552,53.071745],[8.753949,53.071387],[8.754137,53.07117],[8.753862,53.07129],[8.753616,53.071367],[8.753571,53.071401],[8.753465,53.071324],[8.75311,53.071352],[8.753018,53.071458],[8.752928,53.071467],[8.752812,53.071432],[8.750722,53.071623],[8.745743,53.07209],[8.745337,53.072131],[8.745243,53.07214],[8.744879,53.072177],[8.738783,53.072747],[8.73758,53.072858],[8.736868,53.07293],[8.728552,53.073728],[8.727111,53.073879],[8.726703,53.073957],[8.726506,53.073832],[8.726215,53.073897],[8.726105,53.073936],[8.724645,53.074449],[8.724315,53.074608],[8.723937,53.074712],[8.723869,53.074719],[8.723643,53.07478],[8.723486,53.074882],[8.7233,53.074805],[8.723213,53.074737],[8.723134,53.074648],[8.723097,53.074534],[8.723036,53.07445],[8.722611,53.073974],[8.722453,53.073833],[8.722367,53.07371],[8.722359,53.073597],[8.722625,53.073539],[8.7227,53.073488],[8.722794,53.073445],[8.723021,53.073384],[8.723181,53.073319],[8.723258,53.073256],[8.723297,53.073055],[8.723406,53.0729],[8.723441,53.072869],[8.722729,53.072763],[8.722008,53.072713],[8.720564,53.072676],[8.720312,53.072736],[8.713421,53.072461],[8.713199,53.072398],[8.713166,53.072342],[8.712948,53.072331],[8.709896,53.072206],[8.709883,53.072279],[8.709779,53.072853],[8.70974,53.073016],[8.709708,53.073153],[8.709671,53.073367],[8.709655,53.073523],[8.709625,53.073609],[8.709585,53.073689],[8.709527,53.073805],[8.709436,53.073977],[8.70933,53.074166],[8.709206,53.074397],[8.709118,53.074599],[8.709069,53.074725],[8.709036,53.07487],[8.708966,53.074862],[8.708946,53.075003],[8.708922,53.075129],[8.708901,53.07526],[8.708873,53.075501],[8.70886,53.075908],[8.708609,53.075926],[8.707573,53.075993],[8.706389,53.076062],[8.706258,53.076072],[8.706187,53.07611],[8.706189,53.076187],[8.706201,53.076254],[8.706239,53.076356],[8.706287,53.076486],[8.706334,53.076608],[8.706393,53.076781],[8.706455,53.07696],[8.706503,53.077043],[8.706564,53.077127],[8.706602,53.077208],[8.706621,53.077281],[8.706606,53.077364],[8.706576,53.077438],[8.706516,53.077496],[8.706416,53.077559],[8.706374,53.0776],[8.706348,53.077638],[8.706258,53.077753],[8.706173,53.077834],[8.706117,53.07788],[8.706012,53.077924],[8.705859,53.077972],[8.705765,53.078012],[8.705686,53.078059],[8.705549,53.078175],[8.705473,53.078239],[8.705347,53.078315],[8.705283,53.078364],[8.705138,53.078494],[8.704934,53.078687],[8.704754,53.078869],[8.704674,53.07895],[8.704629,53.079028],[8.704622,53.079103],[8.704643,53.079165],[8.704679,53.079247],[8.704713,53.079345],[8.704715,53.079458],[8.704686,53.079548],[8.704644,53.079637],[8.704589,53.079745],[8.704531,53.079809],[8.704444,53.079853],[8.704316,53.07989],[8.704204,53.079924],[8.704125,53.079962],[8.704058,53.080008],[8.703897,53.080132],[8.70356,53.080355],[8.703481,53.080424],[8.703424,53.080497],[8.703349,53.080552],[8.703248,53.080588],[8.703141,53.080609],[8.702994,53.080635],[8.702767,53.080673],[8.702573,53.080713],[8.702384,53.080763],[8.702216,53.080809],[8.702037,53.080854],[8.701882,53.080884],[8.701836,53.080893],[8.701619,53.080924],[8.701457,53.080946],[8.701455,53.081046],[8.70149,53.081202],[8.701523,53.08135],[8.701566,53.08154],[8.701569,53.081584],[8.701692,53.081595],[8.701901,53.081613],[8.702138,53.081611],[8.702307,53.08161],[8.702513,53.081582],[8.702715,53.081522],[8.702919,53.0814],[8.703019,53.081346],[8.703245,53.081272],[8.703447,53.081297],[8.703576,53.081326],[8.703724,53.081389],[8.703853,53.081426],[8.703958,53.081556],[8.704062,53.081683],[8.704119,53.081738],[8.703943,53.08181],[8.703693,53.081901],[8.703421,53.082011],[8.703156,53.082109],[8.702875,53.082219],[8.702492,53.08235],[8.702114,53.082487],[8.701823,53.082602],[8.701589,53.082685],[8.701296,53.082791],[8.701122,53.082855],[8.700805,53.082965],[8.700735,53.082963],[8.700668,53.082957],[8.700569,53.082961],[8.70048,53.082976],[8.700345,53.082967],[8.700122,53.08302],[8.699906,53.083082],[8.699652,53.083162],[8.699417,53.083233],[8.69918,53.083315],[8.69896,53.083381],[8.698836,53.083422],[8.698677,53.083483],[8.698455,53.083571],[8.69828,53.083643],[8.698058,53.083731],[8.69789,53.083795],[8.697776,53.083824],[8.697676,53.083848],[8.697577,53.083865],[8.697435,53.083878],[8.6973,53.083884],[8.697154,53.08391],[8.696497,53.084059],[8.695784,53.08419],[8.695493,53.084264],[8.694569,53.084473],[8.693302,53.084698],[8.693061,53.08474],[8.69252,53.084832],[8.69248,53.084854],[8.692421,53.08488],[8.692372,53.084896],[8.692264,53.084915],[8.692047,53.08497],[8.69174,53.085034],[8.691509,53.085094],[8.691233,53.085156],[8.690993,53.085222],[8.690875,53.085253],[8.690769,53.085275],[8.690647,53.085286],[8.690527,53.085293],[8.690435,53.0853],[8.690311,53.085331],[8.690222,53.085354],[8.690082,53.085389],[8.68996,53.085415],[8.689829,53.085442],[8.689693,53.085466],[8.689414,53.085508],[8.689148,53.085555],[8.688632,53.085648],[8.688226,53.085728],[8.688087,53.085763],[8.688009,53.085793],[8.687939,53.085814],[8.687863,53.085825],[8.687804,53.085828],[8.687734,53.085826],[8.687725,53.085826],[8.687537,53.085862],[8.687381,53.085884],[8.687241,53.085902],[8.687168,53.085909],[8.686891,53.085936],[8.686703,53.085953],[8.686117,53.086001],[8.685969,53.086014],[8.685929,53.086014],[8.685729,53.086011],[8.685627,53.08601],[8.685262,53.086004],[8.684761,53.085996],[8.684358,53.085987],[8.684011,53.085981],[8.68361,53.085963],[8.682917,53.085931],[8.682685,53.085928],[8.68245,53.085908],[8.682353,53.085938],[8.682002,53.085925],[8.681861,53.085923],[8.681761,53.085929],[8.681675,53.085945],[8.681573,53.085971],[8.681446,53.086022],[8.681315,53.086078],[8.680822,53.086092],[8.680339,53.086106],[8.679889,53.086118],[8.67924,53.086135],[8.67918,53.086138],[8.678926,53.086149],[8.678774,53.086155],[8.678514,53.086146],[8.678315,53.086144],[8.678267,53.086144],[8.677941,53.086176],[8.677413,53.086231],[8.676745,53.086291],[8.676414,53.086327],[8.676391,53.086329],[8.676177,53.086352],[8.675823,53.086399],[8.675761,53.086408],[8.675473,53.086447],[8.675274,53.086485],[8.675164,53.08651],[8.675067,53.08654],[8.674942,53.086588],[8.674869,53.086495],[8.674763,53.086364],[8.674637,53.086226],[8.674414,53.086449],[8.674366,53.086497],[8.674063,53.086782],[8.673925,53.086919],[8.673762,53.08708],[8.67359,53.087247],[8.673413,53.087419],[8.673226,53.087543],[8.67285,53.087761],[8.67268,53.087855],[8.672496,53.087951],[8.672198,53.088106],[8.67177,53.088318],[8.671453,53.088479],[8.671337,53.088537],[8.67056,53.088951],[8.670301,53.089109],[8.669889,53.089295],[8.669577,53.089432],[8.6689,53.089809],[8.668311,53.090162],[8.667756,53.090536],[8.667277,53.090926],[8.666743,53.091427],[8.666657,53.091538],[8.666551,53.091674],[8.666248,53.092064],[8.665766,53.092812],[8.665418,53.09342],[8.665133,53.094097],[8.665046,53.094352],[8.665003,53.094478],[8.664974,53.094589],[8.66496,53.094647],[8.664928,53.094816],[8.664911,53.095036],[8.664927,53.09518],[8.664936,53.095213],[8.665151,53.09559],[8.665269,53.095798],[8.665361,53.095886],[8.665562,53.095963],[8.665824,53.09608],[8.665869,53.096093],[8.666034,53.096799],[8.666314,53.097491],[8.666374,53.098022],[8.666189,53.098105],[8.666367,53.098283],[8.666653,53.098525],[8.66673,53.098587],[8.666882,53.098747],[8.667317,53.09902],[8.668013,53.099427],[8.668248,53.099565],[8.668706,53.09983],[8.668678,53.100037],[8.668648,53.100222],[8.668762,53.10038],[8.668876,53.100512],[8.668966,53.100614],[8.668984,53.100635],[8.669013,53.100669],[8.669032,53.100691],[8.669361,53.101069],[8.66942,53.101146],[8.669644,53.101376],[8.669788,53.101525],[8.67046,53.102203],[8.670569,53.102313],[8.670659,53.102404],[8.671037,53.102772],[8.671309,53.102634],[8.671434,53.10251],[8.671516,53.102341],[8.671553,53.102325],[8.67159,53.102308],[8.671681,53.102255],[8.67244,53.101951],[8.673329,53.1015],[8.673416,53.101463],[8.673512,53.101422],[8.673742,53.101303],[8.673836,53.101232],[8.673956,53.101189],[8.67469,53.101083],[8.675344,53.101038],[8.675776,53.100989],[8.676387,53.100884],[8.676723,53.100799],[8.678901,53.100238],[8.67992,53.099906],[8.686413,53.097687],[8.69221,53.095658],[8.69266,53.095497],[8.693359,53.095248],[8.693636,53.095173],[8.694129,53.095111],[8.694377,53.095053],[8.695372,53.0947],[8.699054,53.093554]]]}},{"type":"Feature","id":"bremen-pks-19","properties":{"city":"Bremen","year":2025,"police_table":19,"name":"Stadtteil Vahr","source_regions":[{"kind":"stadtteil","name":"Vahr","code":"04011330"}],"area_km2":4.355,"offense_cases":null,"population":null,"crime_rate":null,"metrics":{"all_offenses":{"2024":2724,"2025":2385,"rate":null},"sexual":{"2024":38,"2025":57,"rate":null},"robbery":{"2024":21,"2025":21,"rate":null},"bodily_injury":{"2024":291,"2025":252,"rate":null},"burglary":{"2024":54,"2025":58,"rate":null},"theft":{"2024":1310,"2025":1041,"rate":null},"drug":{"2024":37,"2025":16,"rate":null}}},"geometry":{"type":"Polygon","coordinates":[[[8.901059,53.086246],[8.902758,53.085136],[8.902964,53.085002],[8.904763,53.083831],[8.905994,53.083056],[8.907118,53.082387],[8.907305,53.082292],[8.907477,53.082201],[8.907544,53.082167],[8.907501,53.082163],[8.907405,53.082152],[8.907116,53.082125],[8.906975,53.082117],[8.906975,53.082117],[8.905951,53.082087],[8.905714,53.082087],[8.905716,53.082046],[8.905722,53.081929],[8.905727,53.081832],[8.90573,53.08179],[8.905956,53.081477],[8.906389,53.081376],[8.906688,53.081237],[8.906866,53.08119],[8.90706,53.081083],[8.907855,53.080496],[8.908203,53.080307],[8.908517,53.08022],[8.908946,53.080191],[8.909402,53.080242],[8.909504,53.080276],[8.909645,53.080263],[8.909713,53.080236],[8.90976,53.080217],[8.909982,53.080102],[8.910048,53.080039],[8.910225,53.080027],[8.910311,53.079955],[8.910429,53.079855],[8.910775,53.079478],[8.911616,53.078433],[8.911937,53.078022],[8.912881,53.076946],[8.913575,53.076111],[8.913852,53.075691],[8.91401,53.07549],[8.914066,53.075418],[8.912251,53.075434],[8.909381,53.075424],[8.903403,53.075469],[8.902436,53.075499],[8.901702,53.075493],[8.901647,53.075492],[8.899445,53.075524],[8.897942,53.075529],[8.895972,53.07553],[8.895659,53.07553],[8.893475,53.075541],[8.893169,53.07555],[8.89257,53.075567],[8.887606,53.075618],[8.887561,53.075618],[8.887454,53.075618],[8.885327,53.075619],[8.884996,53.07562],[8.884187,53.075623],[8.883727,53.075625],[8.88371,53.075535],[8.883205,53.075499],[8.882874,53.075431],[8.882098,53.075285],[8.882528,53.074811],[8.882631,53.074697],[8.883087,53.074205],[8.884463,53.07279],[8.884578,53.072672],[8.885189,53.072143],[8.885111,53.072101],[8.885033,53.071939],[8.884916,53.071218],[8.88602,53.070066],[8.886254,53.069793],[8.885854,53.069632],[8.885764,53.069557],[8.884255,53.068638],[8.883079,53.067935],[8.882875,53.067791],[8.882769,53.067715],[8.882587,53.067586],[8.882156,53.067305],[8.881986,53.067194],[8.881887,53.067142],[8.881742,53.067065],[8.881361,53.066863],[8.880845,53.066642],[8.880242,53.066322],[8.880165,53.066183],[8.880074,53.066039],[8.879676,53.065646],[8.87959,53.065581],[8.879143,53.065981],[8.877915,53.06732],[8.87755,53.067775],[8.876734,53.06868],[8.87669,53.068675],[8.876101,53.069295],[8.875149,53.070214],[8.874326,53.070861],[8.873325,53.071559],[8.872597,53.07198],[8.871816,53.072388],[8.87127,53.072639],[8.870361,53.073099],[8.870088,53.073187],[8.869976,53.073223],[8.869818,53.073227],[8.868538,53.073638],[8.867478,53.073919],[8.866807,53.074074],[8.865434,53.074317],[8.864045,53.074518],[8.862783,53.074595],[8.862659,53.074506],[8.860937,53.074788],[8.860629,53.074836],[8.86036,53.074878],[8.858087,53.075206],[8.858106,53.075249],[8.85824,53.075559],[8.858395,53.075847],[8.85747,53.075965],[8.857143,53.075998],[8.855633,53.076177],[8.854782,53.076314],[8.854822,53.076435],[8.855206,53.076421],[8.855567,53.076554],[8.856214,53.076794],[8.857274,53.07726],[8.857614,53.077387],[8.85766,53.07741],[8.857847,53.077504],[8.858292,53.077753],[8.858319,53.07777],[8.85872,53.078018],[8.859085,53.078244],[8.859141,53.078279],[8.85969,53.078573],[8.860269,53.078931],[8.860511,53.079054],[8.860575,53.079102],[8.860713,53.079155],[8.860681,53.079171],[8.86033,53.079346],[8.859704,53.079655],[8.858051,53.08053],[8.856799,53.081141],[8.856513,53.081272],[8.855637,53.081675],[8.854901,53.082069],[8.854437,53.082286],[8.854226,53.082404],[8.85415,53.082433],[8.854207,53.082438],[8.854385,53.082456],[8.855442,53.08256],[8.856036,53.082591],[8.857056,53.082614],[8.858092,53.082615],[8.860204,53.082536],[8.86714,53.082146],[8.867281,53.082138],[8.867467,53.082128],[8.86843,53.082078],[8.869215,53.082039],[8.869576,53.082033],[8.869887,53.082037],[8.870642,53.08207],[8.871522,53.082115],[8.875334,53.082274],[8.875544,53.082281],[8.875627,53.082285],[8.875842,53.082295],[8.875884,53.082297],[8.876003,53.0823],[8.87708,53.082355],[8.877761,53.082396],[8.87776,53.082437],[8.877763,53.082484],[8.877766,53.082534],[8.877763,53.082573],[8.87765,53.083838],[8.877965,53.08384],[8.877919,53.084833],[8.877881,53.085653],[8.877218,53.08563],[8.877205,53.08587],[8.877202,53.085949],[8.87717,53.086846],[8.878915,53.086855],[8.882267,53.086875],[8.88307,53.08688],[8.886367,53.0869],[8.886564,53.086902],[8.887127,53.086905],[8.88829,53.086912],[8.89094,53.086927],[8.893708,53.086943],[8.894889,53.086963],[8.895324,53.086971],[8.897678,53.086996],[8.899304,53.086997],[8.899462,53.086991],[8.899603,53.086987],[8.899926,53.086976],[8.900655,53.086507],[8.900892,53.086354],[8.901059,53.086246]]]}},{"type":"Feature","id":"bremen-pks-20","properties":{"city":"Bremen","year":2025,"police_table":20,"name":"Stadtteil Vegesack","source_regions":[{"kind":"stadtteil","name":"Vegesack","code":"04011520"}],"area_km2":11.878,"offense_cases":null,"population":null,"crime_rate":null,"metrics":{"all_offenses":{"2024":3680,"2025":3039,"rate":null},"sexual":{"2024":58,"2025":55,"rate":null},"robbery":{"2024":32,"2025":28,"rate":null},"bodily_injury":{"2024":373,"2025":348,"rate":null},"burglary":{"2024":37,"2025":54,"rate":null},"theft":{"2024":1676,"2025":1297,"rate":null},"drug":{"2024":74,"2025":33,"rate":null}}},"geometry":{"type":"MultiPolygon","coordinates":[[[[8.629336,53.197067],[8.63018,53.196534],[8.630295,53.19647],[8.631311,53.195844],[8.632184,53.19552],[8.634142,53.195669],[8.634317,53.196075],[8.634391,53.196044],[8.63554,53.195564],[8.636051,53.19535],[8.637355,53.194717],[8.63659,53.193958],[8.637055,53.193748],[8.638776,53.193006],[8.638458,53.192695],[8.638166,53.192405],[8.637813,53.192054],[8.637798,53.192038],[8.637541,53.191769],[8.64232,53.190063],[8.642419,53.190024],[8.641994,53.189649],[8.642661,53.189442],[8.644153,53.18898],[8.645259,53.188606],[8.64735,53.188],[8.647578,53.187909],[8.647659,53.187875],[8.648057,53.188121],[8.648206,53.188213],[8.648267,53.188251],[8.648735,53.188565],[8.648831,53.18864],[8.648921,53.188585],[8.64892,53.188667],[8.648978,53.188741],[8.64906,53.188776],[8.649208,53.188712],[8.649509,53.188706],[8.649854,53.188699],[8.65022,53.18867],[8.65063,53.188677],[8.650866,53.188672],[8.651059,53.188633],[8.651355,53.188612],[8.651739,53.188553],[8.65199,53.188519],[8.65227,53.188454],[8.652447,53.188365],[8.652688,53.188265],[8.652895,53.188146],[8.653111,53.188019],[8.653272,53.187928],[8.653794,53.187779],[8.654411,53.187436],[8.654685,53.187271],[8.654775,53.187219],[8.654901,53.187187],[8.655055,53.187065],[8.655215,53.186932],[8.655304,53.186822],[8.655376,53.186722],[8.655432,53.186649],[8.655507,53.18635],[8.655123,53.186328],[8.654925,53.186389],[8.654636,53.186367],[8.6542,53.186346],[8.654209,53.186294],[8.653722,53.186217],[8.653488,53.186238],[8.653087,53.186093],[8.652963,53.186021],[8.652905,53.185912],[8.65289,53.185799],[8.653304,53.185576],[8.653283,53.185532],[8.653256,53.185476],[8.653115,53.18541],[8.652806,53.18518],[8.652557,53.184929],[8.652475,53.184837],[8.652394,53.184664],[8.652454,53.184573],[8.652486,53.184544],[8.652354,53.184462],[8.652326,53.184401],[8.652313,53.184305],[8.652297,53.184203],[8.652264,53.184147],[8.652332,53.184137],[8.652448,53.184168],[8.653134,53.184349],[8.653657,53.183205],[8.653957,53.18321],[8.654262,53.183185],[8.654521,53.183118],[8.654709,53.183009],[8.65497,53.182866],[8.655228,53.182763],[8.655741,53.182681],[8.655983,53.182622],[8.65621,53.182544],[8.656486,53.182417],[8.656696,53.182327],[8.65688,53.182259],[8.657135,53.18219],[8.657363,53.182193],[8.657559,53.182228],[8.657601,53.18193],[8.657752,53.181908],[8.657933,53.181737],[8.657973,53.181636],[8.658107,53.181299],[8.658148,53.181206],[8.658169,53.18095],[8.658171,53.180936],[8.658279,53.179656],[8.6583,53.179404],[8.658244,53.179399],[8.658242,53.179363],[8.658239,53.17927],[8.658229,53.17893],[8.658258,53.178825],[8.658269,53.178789],[8.658297,53.178699],[8.658331,53.178625],[8.658384,53.17851],[8.658456,53.178416],[8.658524,53.178381],[8.658709,53.178091],[8.658814,53.177842],[8.658973,53.177339],[8.658917,53.177208],[8.658881,53.177134],[8.658399,53.177315],[8.658006,53.176503],[8.657815,53.176095],[8.657486,53.175402],[8.657307,53.175018],[8.65736,53.174799],[8.657195,53.17478],[8.657134,53.174679],[8.656862,53.174653],[8.656767,53.174642],[8.656108,53.174564],[8.655439,53.174485],[8.654799,53.17441],[8.654897,53.174183],[8.655436,53.173669],[8.655844,53.173408],[8.656393,53.173137],[8.656358,53.172888],[8.656352,53.172843],[8.656329,53.172683],[8.656327,53.172664],[8.656323,53.17264],[8.656317,53.172592],[8.656297,53.172448],[8.653581,53.172614],[8.652448,53.1727],[8.652425,53.172665],[8.652409,53.172606],[8.652342,53.172354],[8.652331,53.172302],[8.653521,53.172177],[8.653584,53.171323],[8.653516,53.171276],[8.65373,53.170404],[8.653753,53.170315],[8.653412,53.170267],[8.653364,53.169523],[8.65335,53.169167],[8.653449,53.169163],[8.65341,53.168767],[8.655059,53.168586],[8.654978,53.167788],[8.65474,53.167113],[8.654661,53.167089],[8.65447,53.166559],[8.65437,53.166188],[8.654193,53.165538],[8.65429,53.165516],[8.654189,53.165118],[8.654134,53.164902],[8.654163,53.164871],[8.653267,53.164947],[8.652696,53.165001],[8.652063,53.165081],[8.651802,53.164265],[8.651617,53.164298],[8.65124,53.16437],[8.650858,53.164438],[8.650514,53.164478],[8.650408,53.163722],[8.650338,53.163222],[8.650302,53.16256],[8.6503,53.162508],[8.650262,53.161857],[8.650321,53.161744],[8.650592,53.161734],[8.651082,53.161688],[8.651503,53.161643],[8.651786,53.161599],[8.65192,53.161573],[8.651789,53.161034],[8.651657,53.160527],[8.651556,53.160513],[8.651016,53.160498],[8.650499,53.160446],[8.649755,53.16034],[8.648836,53.16016],[8.648745,53.160142],[8.647814,53.159965],[8.647203,53.159837],[8.646546,53.159721],[8.64632,53.159692],[8.646019,53.159653],[8.64491,53.159541],[8.644397,53.159505],[8.643825,53.159494],[8.643253,53.159498],[8.642759,53.159513],[8.642024,53.159591],[8.641409,53.159689],[8.640764,53.159779],[8.640328,53.159869],[8.640037,53.159975],[8.635804,53.161816],[8.634,53.162589],[8.630926,53.163732],[8.630319,53.163947],[8.629081,53.164441],[8.628531,53.164688],[8.627583,53.165144],[8.623569,53.167156],[8.622836,53.167544],[8.620863,53.166164],[8.620716,53.166312],[8.620619,53.166404],[8.620417,53.166594],[8.619981,53.166961],[8.619618,53.167241],[8.619235,53.167502],[8.618929,53.167704],[8.61847,53.168014],[8.618019,53.168274],[8.617596,53.168507],[8.617217,53.16871],[8.616748,53.168924],[8.61622,53.16917],[8.61576,53.169354],[8.61514,53.169573],[8.614622,53.169742],[8.614089,53.169905],[8.613524,53.170065],[8.612858,53.170235],[8.612059,53.170404],[8.61127,53.170545],[8.610551,53.170647],[8.609934,53.170737],[8.607816,53.170914],[8.607513,53.170939],[8.604902,53.171159],[8.600888,53.171533],[8.595662,53.172037],[8.594661,53.172139],[8.588974,53.172656],[8.587924,53.17276],[8.58687,53.172885],[8.586536,53.17293],[8.587355,53.173919],[8.589078,53.176],[8.589199,53.175981],[8.589641,53.176504],[8.58972,53.176598],[8.589745,53.176627],[8.590009,53.17694],[8.590242,53.177236],[8.590339,53.177362],[8.591271,53.17842],[8.591339,53.178501],[8.592093,53.179402],[8.592153,53.179473],[8.593818,53.179082],[8.593849,53.179148],[8.594174,53.17989],[8.594401,53.180248],[8.594801,53.181137],[8.594854,53.181253],[8.594878,53.181307],[8.594895,53.181344],[8.594917,53.181473],[8.595003,53.181963],[8.594689,53.181925],[8.593135,53.182163],[8.592758,53.182208],[8.59398,53.182802],[8.59281,53.183547],[8.592688,53.183625],[8.592606,53.18368],[8.592687,53.183789],[8.592684,53.183943],[8.592954,53.184033],[8.593152,53.18413],[8.59324,53.184173],[8.593512,53.184311],[8.593564,53.184337],[8.594009,53.184565],[8.594342,53.184706],[8.594554,53.18479],[8.594784,53.184845],[8.595045,53.184882],[8.595298,53.184902],[8.595539,53.1849],[8.596204,53.184886],[8.596719,53.184868],[8.597232,53.184848],[8.597481,53.184837],[8.597474,53.18489],[8.597549,53.184896],[8.597662,53.184905],[8.597584,53.185122],[8.597458,53.185423],[8.59745,53.185477],[8.597443,53.185529],[8.597885,53.185608],[8.598827,53.185759],[8.599235,53.18582],[8.599191,53.185858],[8.599044,53.185984],[8.599193,53.186075],[8.599349,53.18613],[8.599511,53.186181],[8.599656,53.186236],[8.599717,53.186258],[8.599951,53.186287],[8.599838,53.186535],[8.599986,53.186547],[8.600683,53.186605],[8.601941,53.186718],[8.60227,53.186764],[8.602687,53.186822],[8.603064,53.186899],[8.603427,53.186967],[8.603503,53.18658],[8.60357,53.186591],[8.60423,53.186699],[8.604087,53.187141],[8.604608,53.187247],[8.605576,53.187447],[8.606079,53.187546],[8.60625,53.18758],[8.606821,53.187688],[8.606691,53.187882],[8.606762,53.18801],[8.606839,53.188114],[8.606892,53.188166],[8.606957,53.188184],[8.607079,53.188191],[8.607229,53.188195],[8.607322,53.188209],[8.60742,53.188206],[8.607551,53.188215],[8.607629,53.188241],[8.607677,53.18829],[8.607746,53.188358],[8.607803,53.188406],[8.607851,53.188474],[8.607908,53.18852],[8.608004,53.188557],[8.608112,53.18859],[8.608229,53.188615],[8.608329,53.18862],[8.608396,53.188605],[8.608454,53.188556],[8.6085,53.188512],[8.608536,53.188478],[8.608616,53.188453],[8.60869,53.188448],[8.608732,53.188471],[8.608789,53.188523],[8.608852,53.188567],[8.608917,53.188584],[8.609082,53.188616],[8.60903,53.188791],[8.609203,53.188825],[8.609123,53.189019],[8.608941,53.189408],[8.609187,53.189465],[8.609169,53.189689],[8.609146,53.189881],[8.609107,53.190066],[8.609044,53.19031],[8.608994,53.190513],[8.608979,53.190676],[8.608999,53.191026],[8.60903,53.191218],[8.60898,53.191644],[8.608894,53.192153],[8.6088,53.192711],[8.608729,53.193222],[8.608906,53.193255],[8.608987,53.19327],[8.6091,53.193291],[8.609369,53.19334],[8.610401,53.193542],[8.610717,53.1936],[8.61094,53.193642],[8.611435,53.193733],[8.612421,53.193921],[8.612711,53.193976],[8.613497,53.194124],[8.613905,53.194198],[8.61429,53.194268],[8.615268,53.194455],[8.615563,53.194491],[8.615925,53.194524],[8.61743,53.194652],[8.619042,53.194799],[8.619153,53.194814],[8.619467,53.194857],[8.619808,53.194903],[8.620303,53.194971],[8.62075,53.195027],[8.621091,53.19507],[8.621534,53.19514],[8.621694,53.195172],[8.621846,53.195203],[8.621978,53.195229],[8.622274,53.195299],[8.621808,53.196603],[8.621646,53.197131],[8.626019,53.197116],[8.626745,53.197425],[8.62703,53.197705],[8.627025,53.197774],[8.627067,53.197885],[8.627298,53.198078],[8.62751,53.198174],[8.627849,53.198208],[8.628095,53.198344],[8.628177,53.19834],[8.628364,53.198277],[8.628877,53.198141],[8.629066,53.1981],[8.629148,53.198019],[8.629265,53.197957],[8.629311,53.197897],[8.629471,53.197843],[8.629499,53.197757],[8.629544,53.197673],[8.629515,53.197584],[8.62953,53.197547],[8.629559,53.197521],[8.629479,53.19745],[8.629406,53.197396],[8.629364,53.197327],[8.629358,53.19727],[8.629284,53.197212],[8.629294,53.197087],[8.629336,53.197067]]],[[[8.614285,53.195163],[8.613754,53.19542],[8.613633,53.195479],[8.612755,53.195903],[8.612114,53.196214],[8.612627,53.196679],[8.613357,53.197364],[8.615587,53.196277],[8.615688,53.196228],[8.616649,53.195757],[8.616464,53.195571],[8.616306,53.195412],[8.616188,53.195293],[8.615974,53.195079],[8.615481,53.194585],[8.614285,53.195163]]]]}},{"type":"Feature","id":"bremen-pks-21","properties":{"city":"Bremen","year":2025,"police_table":21,"name":"Stadtteil Walle","source_regions":[{"kind":"stadtteil","name":"Walle","code":"04011430"}],"area_km2":12.359,"offense_cases":null,"population":null,"crime_rate":null,"metrics":{"all_offenses":{"2024":5104,"2025":4713,"rate":null},"sexual":{"2024":43,"2025":56,"rate":null},"robbery":{"2024":61,"2025":63,"rate":null},"bodily_injury":{"2024":475,"2025":439,"rate":null},"burglary":{"2024":73,"2025":80,"rate":null},"theft":{"2024":2862,"2025":2416,"rate":null},"drug":{"2024":82,"2025":50,"rate":null}}},"geometry":{"type":"Polygon","coordinates":[[[8.792199,53.128562],[8.792587,53.128466],[8.795963,53.128699],[8.797703,53.128873],[8.798216,53.128926],[8.798286,53.128933],[8.798675,53.128792],[8.798872,53.128721],[8.799164,53.128575],[8.7996,53.12825],[8.800291,53.127977],[8.800895,53.127707],[8.801667,53.127632],[8.802057,53.12749],[8.802382,53.127335],[8.802835,53.127065],[8.803051,53.126874],[8.803142,53.126674],[8.8032,53.126308],[8.8033,53.126178],[8.803542,53.126023],[8.804121,53.125738],[8.804699,53.12538],[8.805187,53.125208],[8.805615,53.125086],[8.805803,53.124993],[8.8062,53.12467],[8.806331,53.124484],[8.806503,53.123869],[8.806692,53.123328],[8.80674,53.122949],[8.806743,53.122547],[8.80681,53.122286],[8.80744,53.121482],[8.807458,53.120999],[8.807572,53.120832],[8.80775,53.120718],[8.808085,53.12057],[8.808481,53.120446],[8.808715,53.120386],[8.809123,53.120346],[8.809606,53.120275],[8.809867,53.120203],[8.810126,53.120151],[8.81055,53.120134],[8.810875,53.120098],[8.811282,53.119997],[8.811662,53.119879],[8.811902,53.119754],[8.812062,53.119603],[8.81251,53.119282],[8.813188,53.11887],[8.813388,53.118778],[8.813825,53.118623],[8.814075,53.118517],[8.814321,53.118361],[8.81459,53.118213],[8.814835,53.11809],[8.815044,53.118009],[8.815365,53.117858],[8.815405,53.117827],[8.815506,53.117749],[8.815653,53.11758],[8.815846,53.117457],[8.816644,53.117133],[8.816844,53.116962],[8.817092,53.116519],[8.816811,53.116528],[8.816058,53.116688],[8.815514,53.116843],[8.815071,53.116951],[8.814789,53.117039],[8.814242,53.117299],[8.813884,53.117533],[8.813676,53.117636],[8.81357,53.117713],[8.813444,53.117768],[8.813272,53.117828],[8.813086,53.117844],[8.812915,53.117845],[8.812758,53.11782],[8.812577,53.117772],[8.812295,53.117572],[8.812146,53.11743],[8.812036,53.117254],[8.811404,53.114136],[8.811288,53.113786],[8.811175,53.113414],[8.81109,53.113227],[8.810986,53.113035],[8.810846,53.112842],[8.810685,53.112643],[8.810433,53.1124],[8.810238,53.112227],[8.810189,53.112184],[8.809876,53.111932],[8.809668,53.111787],[8.808861,53.111301],[8.806258,53.109863],[8.805338,53.109358],[8.804628,53.108909],[8.804147,53.108539],[8.803891,53.10829],[8.803547,53.10786],[8.803387,53.10761],[8.802976,53.106822],[8.802242,53.105316],[8.802078,53.105],[8.801814,53.10453],[8.801491,53.104061],[8.800824,53.103352],[8.801039,53.103279],[8.801111,53.103259],[8.801254,53.103217],[8.801406,53.103169],[8.801546,53.103126],[8.802048,53.102959],[8.802483,53.102831],[8.803094,53.102669],[8.803248,53.10264],[8.803351,53.102618],[8.803483,53.102591],[8.803996,53.102511],[8.804607,53.102437],[8.805121,53.102398],[8.805543,53.102382],[8.806353,53.102375],[8.804705,53.102233],[8.802968,53.10206],[8.802875,53.102048],[8.802766,53.10203],[8.802292,53.10195],[8.802052,53.10191],[8.801883,53.101879],[8.801707,53.101847],[8.80162,53.10183],[8.801544,53.101812],[8.801207,53.101716],[8.800708,53.10158],[8.800227,53.101423],[8.799477,53.101114],[8.798856,53.100809],[8.798556,53.100637],[8.798156,53.100384],[8.797586,53.099963],[8.797333,53.099744],[8.796861,53.099258],[8.796537,53.09883],[8.796407,53.098631],[8.796229,53.098293],[8.795924,53.097506],[8.795846,53.096894],[8.795858,53.096484],[8.795908,53.096167],[8.796083,53.095568],[8.796388,53.09498],[8.796564,53.094716],[8.796626,53.094636],[8.796669,53.094582],[8.796973,53.094219],[8.797525,53.0937],[8.800085,53.091529],[8.80024,53.091397],[8.800134,53.091354],[8.800022,53.091308],[8.799577,53.091114],[8.798713,53.09073],[8.798602,53.090681],[8.798522,53.090563],[8.798378,53.090467],[8.798365,53.090365],[8.798689,53.089945],[8.798858,53.08961],[8.798983,53.089133],[8.799002,53.088679],[8.798945,53.088292],[8.798789,53.087849],[8.798627,53.087576],[8.798546,53.087494],[8.798477,53.087427],[8.798417,53.087362],[8.797464,53.086693],[8.797113,53.086471],[8.796614,53.08618],[8.795059,53.085165],[8.79462,53.084915],[8.794357,53.084717],[8.794061,53.084536],[8.794117,53.084505],[8.794173,53.084475],[8.794356,53.084375],[8.793525,53.0839],[8.793476,53.083871],[8.793422,53.08384],[8.793248,53.083751],[8.792444,53.08333],[8.790429,53.082162],[8.790157,53.081963],[8.789827,53.081675],[8.789605,53.081395],[8.789487,53.081227],[8.789303,53.080967],[8.789145,53.080746],[8.7889,53.080364],[8.786969,53.080715],[8.781953,53.081351],[8.780398,53.081578],[8.778932,53.081838],[8.7783,53.081987],[8.777448,53.082236],[8.777067,53.082366],[8.776603,53.082563],[8.774272,53.083534],[8.773416,53.083963],[8.770993,53.085261],[8.769867,53.085932],[8.768724,53.086698],[8.767507,53.08763],[8.767091,53.088022],[8.766559,53.088567],[8.764978,53.090364],[8.76306,53.092728],[8.760931,53.095402],[8.760115,53.096347],[8.759682,53.096724],[8.754308,53.100084],[8.751374,53.101886],[8.749906,53.102909],[8.748922,53.103713],[8.748176,53.10441],[8.747774,53.104866],[8.746515,53.105988],[8.746383,53.106153],[8.747511,53.106501],[8.750137,53.107308],[8.750146,53.10731],[8.75088,53.107536],[8.75098,53.107603],[8.751285,53.107703],[8.751267,53.108417],[8.751475,53.108542],[8.751472,53.10893],[8.751444,53.10997],[8.751393,53.110774],[8.751387,53.110878],[8.751381,53.110979],[8.751362,53.111342],[8.751133,53.112144],[8.751288,53.112141],[8.751436,53.112139],[8.751588,53.111905],[8.751798,53.111654],[8.752092,53.111423],[8.752408,53.111209],[8.752858,53.110981],[8.753281,53.110844],[8.753914,53.11071],[8.754692,53.110648],[8.755306,53.110646],[8.755743,53.110644],[8.756048,53.110599],[8.756775,53.11053],[8.757419,53.110456],[8.758663,53.110319],[8.759297,53.11022],[8.759688,53.110141],[8.760436,53.10996],[8.761408,53.109676],[8.762447,53.10941],[8.762614,53.109352],[8.762803,53.109288],[8.76309,53.109143],[8.763622,53.108715],[8.764094,53.10833],[8.765745,53.107081],[8.765831,53.107015],[8.766066,53.106851],[8.76613,53.106805],[8.766021,53.106996],[8.765972,53.107193],[8.765968,53.107338],[8.765873,53.107701],[8.765755,53.108546],[8.766252,53.108931],[8.767147,53.109686],[8.767662,53.109474],[8.768024,53.109571],[8.768057,53.109618],[8.768104,53.109699],[8.769585,53.110342],[8.769748,53.110386],[8.769906,53.110429],[8.770718,53.109999],[8.770972,53.109851],[8.772319,53.109162],[8.773052,53.109499],[8.773934,53.109377],[8.774263,53.11021],[8.774683,53.110184],[8.773569,53.110805],[8.773712,53.110981],[8.773812,53.110946],[8.774421,53.111759],[8.774486,53.11193],[8.774874,53.112542],[8.77498,53.112802],[8.775085,53.113185],[8.775065,53.113355],[8.776242,53.113827],[8.776839,53.114065],[8.779621,53.115131],[8.777452,53.118168],[8.777785,53.118468],[8.778161,53.118901],[8.778314,53.119077],[8.778474,53.119243],[8.778784,53.11961],[8.778937,53.119794],[8.779156,53.120057],[8.779508,53.120498],[8.779816,53.120958],[8.779877,53.121059],[8.780327,53.121775],[8.78067,53.122349],[8.780877,53.122768],[8.781292,53.123789],[8.781416,53.124123],[8.781818,53.125208],[8.781844,53.125279],[8.782119,53.126011],[8.782318,53.12653],[8.782574,53.127141],[8.782985,53.128237],[8.783461,53.129411],[8.783824,53.130232],[8.783934,53.130386],[8.784041,53.130477],[8.784398,53.130386],[8.788734,53.129415],[8.792199,53.128562]]]}},{"type":"Feature","id":"bremen-pks-22","properties":{"city":"Bremen","year":2025,"police_table":22,"name":"Stadtteil Woltmershausen und den Ortsteilen Neustädter Hafen und Hohentorshafen","source_regions":[{"kind":"stadtteil","name":"Woltmershausen","code":"04011250"},{"kind":"ortsteil","name":"Neustädter Hafen","code":"04011124"},{"kind":"ortsteil","name":"Hohentorshafen","code":"04011125"}],"area_km2":13.572,"offense_cases":null,"population":null,"crime_rate":null,"metrics":{"all_offenses":{"2024":1564,"2025":1384,"rate":null},"sexual":{"2024":19,"2025":12,"rate":null},"robbery":{"2024":14,"2025":15,"rate":null},"bodily_injury":{"2024":123,"2025":166,"rate":null},"burglary":{"2024":29,"2025":28,"rate":null},"theft":{"2024":933,"2025":701,"rate":null},"drug":{"2024":203,"2025":197,"rate":null}}},"geometry":{"type":"Polygon","coordinates":[[[8.768724,53.086698],[8.769867,53.085932],[8.770993,53.085261],[8.773416,53.083963],[8.774272,53.083534],[8.776603,53.082563],[8.777067,53.082366],[8.777448,53.082236],[8.7783,53.081987],[8.778932,53.081838],[8.780398,53.081578],[8.781953,53.081351],[8.786969,53.080715],[8.7889,53.080364],[8.788848,53.08029],[8.788451,53.079719],[8.788382,53.079624],[8.788323,53.079544],[8.788291,53.079486],[8.788243,53.079401],[8.787637,53.078597],[8.78623,53.076267],[8.785676,53.075573],[8.78533,53.075189],[8.78522,53.075078],[8.785098,53.074963],[8.784805,53.074689],[8.784443,53.074395],[8.782922,53.073157],[8.782297,53.072714],[8.781267,53.072083],[8.780069,53.071491],[8.77859,53.070894],[8.777522,53.070538],[8.776745,53.070307],[8.776221,53.070178],[8.775991,53.070121],[8.775807,53.070075],[8.775113,53.069893],[8.774875,53.06982],[8.774321,53.069663],[8.773828,53.069521],[8.773747,53.069496],[8.773353,53.069375],[8.772828,53.069234],[8.764395,53.066954],[8.76428,53.067046],[8.764107,53.067163],[8.762447,53.068284],[8.761836,53.068695],[8.761668,53.068762],[8.761572,53.068786],[8.761279,53.068859],[8.761086,53.068943],[8.760855,53.069102],[8.760817,53.06913],[8.760737,53.069186],[8.760575,53.06928],[8.760469,53.069282],[8.760102,53.069366],[8.759109,53.069416],[8.75787,53.069423],[8.757481,53.069387],[8.757154,53.069315],[8.757027,53.069312],[8.756383,53.069376],[8.756236,53.069409],[8.756022,53.069537],[8.755922,53.069663],[8.755579,53.069972],[8.755317,53.070088],[8.754908,53.070201],[8.75481,53.070276],[8.754757,53.070559],[8.754677,53.070773],[8.754137,53.07117],[8.753949,53.071387],[8.753552,53.071745],[8.7535,53.071836],[8.753507,53.072008],[8.753994,53.0726],[8.7541,53.072912],[8.754097,53.07308],[8.754076,53.073263],[8.753837,53.07375],[8.753742,53.073832],[8.754016,53.073785],[8.754133,53.073756],[8.754249,53.073721],[8.75466,53.074219],[8.754347,53.074332],[8.753817,53.074518],[8.753561,53.074603],[8.753218,53.074639],[8.75301,53.074621],[8.752186,53.074467],[8.752171,53.074372],[8.75211,53.074339],[8.751702,53.074354],[8.751204,53.074417],[8.751243,53.074502],[8.748794,53.07475],[8.74768,53.074948],[8.746592,53.074941],[8.746438,53.074957],[8.744804,53.075378],[8.743906,53.075574],[8.743394,53.075659],[8.7428,53.075547],[8.742771,53.075771],[8.742466,53.076435],[8.742452,53.076466],[8.742325,53.076742],[8.742122,53.077184],[8.741927,53.077777],[8.741834,53.078188],[8.741765,53.078733],[8.741785,53.079173],[8.741752,53.079489],[8.741855,53.07953],[8.741978,53.079584],[8.741971,53.079636],[8.740263,53.078972],[8.739645,53.07878],[8.736325,53.078195],[8.734704,53.079793],[8.733963,53.080216],[8.733141,53.080549],[8.731558,53.081066],[8.730514,53.081366],[8.721454,53.084256],[8.719524,53.086097],[8.718919,53.0871],[8.718129,53.087421],[8.718065,53.087428],[8.717938,53.087703],[8.71671,53.090279],[8.715694,53.091281],[8.716032,53.09138],[8.711078,53.097888],[8.711021,53.097962],[8.711122,53.098074],[8.71135,53.098205],[8.711955,53.0984],[8.712016,53.098845],[8.712088,53.099348],[8.712179,53.099694],[8.712292,53.099948],[8.712644,53.100533],[8.712934,53.10088],[8.713501,53.101381],[8.714883,53.102321],[8.719789,53.105577],[8.725634,53.109276],[8.726487,53.109793],[8.726657,53.109943],[8.726808,53.110171],[8.726826,53.110469],[8.726804,53.110799],[8.726684,53.111143],[8.726423,53.111469],[8.72602,53.111747],[8.724669,53.112379],[8.723354,53.112883],[8.723428,53.113314],[8.722252,53.113735],[8.721443,53.114006],[8.71873,53.114801],[8.716683,53.115315],[8.716063,53.11546],[8.712683,53.116136],[8.711972,53.116263],[8.711281,53.116351],[8.710137,53.116537],[8.708832,53.116712],[8.707677,53.116833],[8.706195,53.116956],[8.705758,53.117014],[8.700105,53.117281],[8.697239,53.117499],[8.696732,53.117592],[8.695995,53.117755],[8.695166,53.11799],[8.695092,53.118113],[8.694145,53.119524],[8.694831,53.119419],[8.696022,53.119265],[8.696771,53.119171],[8.697964,53.119071],[8.699128,53.119003],[8.70019,53.118965],[8.701173,53.119015],[8.708932,53.119195],[8.710917,53.119186],[8.711951,53.119149],[8.71304,53.119078],[8.714864,53.118932],[8.716035,53.118812],[8.719248,53.118397],[8.720718,53.118232],[8.721834,53.118082],[8.723133,53.117867],[8.724314,53.11765],[8.726535,53.11716],[8.728916,53.116573],[8.730166,53.116128],[8.732858,53.115109],[8.733735,53.114755],[8.734606,53.11438],[8.736634,53.113473],[8.73845,53.112618],[8.739082,53.11225],[8.740451,53.111395],[8.741827,53.110431],[8.742318,53.110068],[8.7432,53.109326],[8.743669,53.108908],[8.745209,53.107456],[8.746383,53.106153],[8.746515,53.105988],[8.747774,53.104866],[8.748176,53.10441],[8.748922,53.103713],[8.749906,53.102909],[8.751374,53.101886],[8.754308,53.100084],[8.759682,53.096724],[8.760115,53.096347],[8.760931,53.095402],[8.76306,53.092728],[8.764978,53.090364],[8.766559,53.088567],[8.767091,53.088022],[8.767507,53.08763],[8.768724,53.086698]]]}}]}
