{"type":"FeatureCollection","meta":{"schema_version":1,"year":2025,"scope":"Chemnitz Stadtteile","feature_count":39,"district_count":39,"crime_source":"Polizei Sachsen: Kriminalitätsatlas 2025 – Großstädte","crime_source_url":"https://www.polizei.sachsen.de/de/download/PKS-Atlas25_Grossstaedte.pdf","geometry_source":"Stadt Chemnitz Open Data: Stadtteile","geometry_source_url":"https://services6.arcgis.com/jiszdsDupTUO3fSM/arcgis/rest/services/Stadtteile_FL_1/FeatureServer/0/query","note":"Local violence uses 'Rohheitsdelikte und Straftaten gegen die persönliche Freiheit' as a proxy; it is not identical to BKA Gewaltkriminalität. Population is back-calculated from the atlas total-case frequency."},"features":[{"type":"Feature","id":"chemnitz-86","properties":{"city":"Chemnitz","state":"Sachsen","code":"86","name":"Reichenbrand","name_atlas":"Reichenbrand","population_est":6077,"crime_total":{"cases":132,"rate":2172.0},"homicide":{"cases":0,"rate":0.0},"sexual":{"cases":2,"rate":32.9},"violence_proxy":{"cases":16,"rate":263.3},"property_total":{"cases":29,"rate":477.2},"simple_theft":{"cases":17,"rate":279.7},"aggravated_theft":{"cases":12,"rate":197.5},"fraud":{"cases":29,"rate":477.2},"other_stgb":{"cases":51,"rate":839.2},"secondary_law":{"cases":5,"rate":82.3}},"geometry":{"type":"Polygon","coordinates":[[[12.8346564755212,50.821872333695],[12.8351349463385,50.8222041650631],[12.8353272307127,50.8224528043805],[12.835559679094,50.8226965710405],[12.8358861576116,50.8228043792701],[12.8363211698925,50.8228808878775],[12.8369469030749,50.8222826277033],[12.837309773584,50.821891529768],[12.837534996934,50.8213668414051],[12.8377412611573,50.8208267297478],[12.8381830929127,50.8201949223911],[12.8388049727817,50.8194187970415],[12.8397932552259,50.8185361123947],[12.8403774330887,50.8179144784423],[12.8405079507854,50.8176043810885],[12.8407618395194,50.8169696289322],[12.8411919249946,50.8161406353211],[12.8412016811629,50.8155515389538],[12.8412473547549,50.8148155488831],[12.8412576919761,50.8140808374648],[12.8413329295996,50.8130193836429],[12.841471126367,50.81224624781],[12.841941417477,50.8103396157805],[12.8421965677094,50.8093617253688],[12.8426758975114,50.8083003370534],[12.8430044021354,50.8066929831719],[12.8432015120115,50.8058623983548],[12.8432743009118,50.8052587092253],[12.843294424325,50.8050876317421],[12.8432612735278,50.804604215506],[12.8433171037299,50.803702584056],[12.8412565969259,50.8027191883684],[12.8406616659934,50.802016414933],[12.8403125996637,50.8017874585586],[12.8400024035811,50.8015701642114],[12.8398270462693,50.8013631548774],[12.8394543686757,50.8008612816095],[12.8391712624881,50.8006877124677],[12.8381508018214,50.8003626785396],[12.8375406014087,50.8000800153994],[12.8366010497264,50.7996936479279],[12.8366560425483,50.7993681681057],[12.8366106628875,50.7990689902623],[12.8364398467651,50.7989179257842],[12.8360912117706,50.7986716894297],[12.8355010036604,50.7983459655094],[12.8349256138043,50.7981975724016],[12.8343154119591,50.798197951581],[12.8335251003599,50.7978484981103],[12.832627843205,50.7975539661562],[12.8319405272042,50.7971672791216],[12.8317304548012,50.7969294697519],[12.8317043190626,50.7966401048114],[12.8311070527268,50.7962776254287],[12.8307196029,50.7960108186453],[12.829765394204,50.7955863281574],[12.8292336566854,50.7954685398598],[12.8286123484308,50.7954220864089],[12.8276500727051,50.7950490417605],[12.8266801029306,50.7946432572751],[12.8257390742209,50.7943616292479],[12.8246988749608,50.7943773840907],[12.8232740932336,50.7943995871127],[12.8227263071474,50.7944580445675],[12.8222743630033,50.7946613426988],[12.8221815472364,50.7948227436701],[12.8220436227707,50.7951390576925],[12.8222661843212,50.7956507552331],[12.8223161131056,50.7961673797919],[12.8222603442209,50.7965856062198],[12.8222094544502,50.7969558879501],[12.8220797075639,50.797193311691],[12.8221068241661,50.7976479427376],[12.8222039065919,50.7982980561871],[12.8223289020709,50.798840473582],[12.8224843187789,50.7990719297755],[12.8225153661233,50.7992323493095],[12.8223104396816,50.7996302247375],[12.8219165782791,50.8003685085181],[12.8217678324883,50.8005010717102],[12.821571392375,50.8006789330006],[12.8214698172764,50.8008597436019],[12.8213174834961,50.8009548452773],[12.8210754212203,50.8009837356278],[12.8210009322707,50.8011371719914],[12.8209509353281,50.8014297542801],[12.8212099957496,50.8017495407841],[12.8207447636067,50.8018439100228],[12.8209539424022,50.8019961471693],[12.820948861978,50.8022182139645],[12.8208104143171,50.8025152305225],[12.8206773462664,50.802607257454],[12.8206489253639,50.8030344403111],[12.8210140303266,50.8033734515272],[12.8213671187629,50.8040510208094],[12.8214963050356,50.8042493672858],[12.8217651434697,50.8042190064173],[12.8217777187825,50.8044238689324],[12.8216277913692,50.8045786397118],[12.8216934352198,50.8047375838823],[12.8215798199116,50.8049148705788],[12.8212805576459,50.8052585650408],[12.8210703741659,50.8055617804146],[12.821164352355,50.8058002288237],[12.8209870162924,50.8063379962316],[12.8206195521876,50.8066609801495],[12.8202341365735,50.8065060196974],[12.819925956186,50.8066293809115],[12.8195699739283,50.8067243489717],[12.8191766140231,50.8069262107608],[12.8186851952064,50.8071697505689],[12.8182360722883,50.807410217575],[12.8179000063015,50.8076082631959],[12.8175219625233,50.8079926329612],[12.8172772412351,50.8084231166064],[12.8170330868391,50.8086987444272],[12.8164133751566,50.8095119748296],[12.8158389397116,50.8108275010316],[12.8156407616492,50.8112324381588],[12.8151495698408,50.8111810184575],[12.8146641580587,50.8110962109391],[12.8139173169285,50.8110142440945],[12.8138658685624,50.8112735520343],[12.8140570716024,50.8116616135124],[12.8141428203303,50.8117612421357],[12.8138874450453,50.8118538551255],[12.8137718869933,50.812106520674],[12.8134499169758,50.8126122220561],[12.8131742793691,50.8130745610557],[12.8129956539209,50.8132827114046],[12.8128697449738,50.8135445870826],[12.8127019994419,50.8138373471079],[12.812609476902,50.8140217105908],[12.8124503612607,50.8145286549315],[12.812402278691,50.81497117314],[12.8123039247615,50.8152645218668],[12.8122250366433,50.8156358988561],[12.8121940534604,50.8157569250982],[12.8120670423513,50.8159749491448],[12.8118408596113,50.8164709881734],[12.8117478370501,50.816615598433],[12.8117323921663,50.8167462861513],[12.8104904848318,50.8165536693827],[12.8094391709936,50.8163625948416],[12.8087844652615,50.8162808880388],[12.8087042523431,50.8163648195236],[12.8079434719287,50.8161832148899],[12.8076146313124,50.8164994830907],[12.8069203872958,50.8169463527845],[12.8057786018904,50.8173478611113],[12.8042890878868,50.8178112950764],[12.8039038947647,50.817972342836],[12.8033567960978,50.8181814966395],[12.8021250238485,50.8191025705277],[12.8016830344064,50.8194150690913],[12.8015074307982,50.8200198399912],[12.8049344518063,50.819671103256],[12.8058850545246,50.8191143072275],[12.806326610802,50.8189223984227],[12.8083113294629,50.8180530507627],[12.808847497192,50.817924780007],[12.809921037977,50.8177386209442],[12.8107452769555,50.8177206544055],[12.8113031869261,50.817669241208],[12.813595659382,50.8180829170229],[12.8136533141546,50.8185091965582],[12.8144583198428,50.818567263265],[12.8145908019561,50.8180950779185],[12.8151763922809,50.8182501971344],[12.8165191256364,50.8184277504347],[12.8169202786429,50.818221702608],[12.8174584371708,50.8182335459279],[12.8177931987617,50.8183045227001],[12.818576449247,50.8187217142895],[12.819469895619,50.8187013018434],[12.820070113303,50.8186818840492],[12.8208743836991,50.8187869739816],[12.8216093499433,50.8189991884972],[12.8219752933997,50.8192016913],[12.8235247606668,50.8193630257875],[12.8241946496023,50.8191860261782],[12.8248825889285,50.8190786210294],[12.8256913927702,50.8190729001949],[12.82666347991,50.8191521500227],[12.8300373594556,50.8194385578835],[12.8308932465118,50.8192729950702],[12.832477472315,50.8191743065514],[12.8338969250798,50.8213718598365],[12.8346564755212,50.821872333695]]]}},{"type":"Feature","id":"chemnitz-43","properties":{"city":"Chemnitz","state":"Sachsen","code":"43","name":"Reichenhain","name_atlas":"Reichenhain","population_est":2572,"crime_total":{"cases":66,"rate":2566.0},"homicide":{"cases":0,"rate":0.0},"sexual":{"cases":0,"rate":0.0},"violence_proxy":{"cases":13,"rate":505.4},"property_total":{"cases":15,"rate":583.2},"simple_theft":{"cases":6,"rate":233.3},"aggravated_theft":{"cases":9,"rate":349.9},"fraud":{"cases":15,"rate":583.2},"other_stgb":{"cases":20,"rate":777.6},"secondary_law":{"cases":3,"rate":116.6}},"geometry":{"type":"Polygon","coordinates":[[[12.9425660505495,50.8008416436954],[12.9444213939385,50.8007322942309],[12.9451041945312,50.8006872124719],[12.9464519786537,50.800456028811],[12.9467425045514,50.8020099133531],[12.9468841663293,50.8023758922118],[12.9471523632589,50.8028435301924],[12.9474905548255,50.8034401703391],[12.9477972342761,50.8038870846439],[12.949424734376,50.8056608420227],[12.9492371178392,50.8066835015212],[12.949353334839,50.8076433976466],[12.9495928732784,50.8077562454914],[12.9502764372271,50.8084286739379],[12.9513407613045,50.8092332430497],[12.9527084131965,50.8081687210418],[12.953483470765,50.8077335721552],[12.9538961520806,50.8072356302643],[12.9539683949927,50.8070937167395],[12.9542468893313,50.8069042646482],[12.9546818242282,50.8066128211055],[12.9553740262906,50.8072428673367],[12.955213538633,50.8074956129964],[12.9566716315211,50.8089711574373],[12.9587338854487,50.8101638881371],[12.961120245258,50.8117658634419],[12.9625122924929,50.811182485181],[12.9636832008729,50.8107138127529],[12.9650564789987,50.8099514976351],[12.9661794545811,50.8092452068263],[12.9685981838038,50.8076055658494],[12.9702237383145,50.8065234009135],[12.9708002534151,50.8061434188262],[12.9714247871009,50.805697471251],[12.9722920977384,50.8051206808053],[12.9729568463222,50.8045205821027],[12.9741608130214,50.8034232213517],[12.9743165437146,50.8030583570694],[12.9750166638836,50.8010617462974],[12.9751236963123,50.8008260731753],[12.9762241310737,50.799695288951],[12.9774696180428,50.7985104743624],[12.9780220247134,50.7979217825248],[12.9769041830904,50.7979434336637],[12.9753800953074,50.7976371594686],[12.9748230537137,50.7972939189949],[12.9750345487009,50.7969014734063],[12.974932489445,50.7962186440327],[12.9740970528428,50.7957589871564],[12.9737492753176,50.7955122929899],[12.9729850544426,50.7945206998177],[12.9721748519926,50.7950045356847],[12.9720299087432,50.7952173598704],[12.9720097470858,50.7955159598856],[12.9718039548309,50.795684395444],[12.9703834444648,50.7947598129754],[12.9698224135602,50.794365805801],[12.968703813725,50.7930366719625],[12.9676194841064,50.7925695478984],[12.9670693897456,50.7923079090112],[12.9663313703181,50.7921053840298],[12.9640427845949,50.7913466195488],[12.962761090711,50.7913598355365],[12.9613923460111,50.791430127473],[12.959981080559,50.7913218551228],[12.9581303755643,50.7909981480158],[12.9566592240088,50.7905076726525],[12.9562724376228,50.7904671471828],[12.956358469217,50.7900867566367],[12.9552519864784,50.7901118005823],[12.95470679954,50.7900733138738],[12.9541591511309,50.7900919318214],[12.9540380640377,50.7900174346486],[12.9538650839774,50.7901568775038],[12.9526850966807,50.7895640029076],[12.9512007971357,50.788995958038],[12.950711827601,50.7893901943461],[12.9499400734178,50.7900095665083],[12.9494279457256,50.7906279105976],[12.949062719994,50.7910275367887],[12.9482276549674,50.7906472746428],[12.9477280568547,50.7911380813751],[12.9474644484928,50.7910478585826],[12.9473318337705,50.7912628205596],[12.9445200548457,50.7927892099507],[12.9373240938562,50.7946637352924],[12.9382502424376,50.794623841952],[12.9389298194146,50.7945947356195],[12.9398613989855,50.7945872291675],[12.9404333015862,50.7947407008258],[12.9407997649191,50.7948872781569],[12.9411888472073,50.7949370970922],[12.9415917119589,50.7949159724579],[12.9421571283681,50.7947695958457],[12.9425254801525,50.7945539037825],[12.9429424150503,50.7941749211807],[12.9432450335032,50.794480577897],[12.9423031061162,50.7950713889004],[12.9418806097737,50.7953460047896],[12.9414715527614,50.7957680302787],[12.9412584512543,50.7961620251824],[12.9413676207873,50.7965365810666],[12.9417877115547,50.797472765671],[12.9413058521587,50.8007211049432],[12.9425660505495,50.8008416436954]]]}},{"type":"Feature","id":"chemnitz-96","properties":{"city":"Chemnitz","state":"Sachsen","code":"96","name":"Röhrsdorf","name_atlas":"Röhrsdorf","population_est":2774,"crime_total":{"cases":282,"rate":10166.0},"homicide":{"cases":0,"rate":0.0},"sexual":{"cases":2,"rate":72.1},"violence_proxy":{"cases":26,"rate":937.3},"property_total":{"cases":140,"rate":5046.9},"simple_theft":{"cases":100,"rate":3604.9},"aggravated_theft":{"cases":40,"rate":1442.0},"fraud":{"cases":77,"rate":2775.8},"other_stgb":{"cases":33,"rate":1189.6},"secondary_law":{"cases":4,"rate":144.2}},"geometry":{"type":"Polygon","coordinates":[[[12.8643501429053,50.850855566283],[12.8639706494544,50.8502817275839],[12.8639440816358,50.8500698462397],[12.8635908503604,50.8501548439824],[12.8634500573885,50.8502157999215],[12.8633082926036,50.850224338871],[12.862823880414,50.8502503925228],[12.8623272268903,50.850254065833],[12.86190110798,50.8502347487362],[12.8614172486294,50.8502907477016],[12.8603292090685,50.8502912880713],[12.8595488896479,50.8503045296906],[12.8590506873829,50.850319847435],[12.8581555703023,50.8503539848724],[12.8574684304401,50.8503946039361],[12.8567126620348,50.8504246034124],[12.8557859155849,50.8504687616727],[12.8545904892346,50.8505169341104],[12.8540477741207,50.8504243678816],[12.853380846513,50.8503105945934],[12.8524288246824,50.8502223585284],[12.8519065568697,50.8496781863132],[12.8511305252271,50.849155369622],[12.8504068831626,50.8487483081128],[12.8500365600918,50.8486158074608],[12.8489607713161,50.848184241864],[12.848575903112,50.8480398876035],[12.8480333644525,50.8480252259058],[12.8477880466571,50.8480573723204],[12.8474570968256,50.8481550838598],[12.8469490738391,50.8482116300817],[12.8455221163559,50.8484362010712],[12.8438230493501,50.848650494481],[12.8427211960493,50.8488046744604],[12.8421160208991,50.8488500312364],[12.8415345349132,50.8488188586469],[12.8407573920718,50.848701222247],[12.84010046105,50.8485958384363],[12.8384503347021,50.8484223612132],[12.8372642312313,50.8483344281774],[12.8364622556063,50.84824022314],[12.8355289508398,50.8480943568954],[12.8339364947743,50.8477830554892],[12.8326747006126,50.8475781363051],[12.8313764225343,50.8474671361175],[12.8300000103498,50.8474194439429],[12.8287431690874,50.8474911670109],[12.8283442783349,50.8473312935741],[12.8280316560128,50.8472617827549],[12.8275050007035,50.847323757929],[12.8268293070327,50.8474732095176],[12.8263532986598,50.8475489116663],[12.8261885692352,50.8477050626865],[12.8258836796796,50.8479861944011],[12.8255235260293,50.8479835790941],[12.8252164384523,50.8480318653698],[12.8249257354858,50.8481682418225],[12.8246429480921,50.8482787319073],[12.8244070282057,50.8481977415697],[12.8237525339921,50.8482180925345],[12.8227644493912,50.8481973854807],[12.8223150814942,50.8482951784442],[12.8217969241674,50.8482315407933],[12.8215988857764,50.8483727485214],[12.8212647590313,50.8484215978688],[12.8206197222989,50.8484106413297],[12.8199559409447,50.8482945754066],[12.8194705736528,50.8482121409189],[12.8190299489657,50.8480136965091],[12.8183747258521,50.8478994760039],[12.8178272813502,50.8477225027605],[12.8173780183999,50.8475400482433],[12.8165141091456,50.8473888618826],[12.8154660293627,50.8469568974554],[12.8132485357085,50.8463633572196],[12.8131434375278,50.847572178198],[12.8129519990307,50.8481731194502],[12.8134387845085,50.8498555732158],[12.8123572681661,50.8496548050452],[12.8113277537743,50.8492916307726],[12.8100238164297,50.8489072179009],[12.8091585519141,50.8485313042094],[12.8076310329897,50.847893788341],[12.8073315341451,50.8474792222434],[12.8058920506896,50.8472616772359],[12.8054032180409,50.8482303455478],[12.8050742713724,50.8490225158401],[12.8047379981648,50.8505227661912],[12.8045467545763,50.8509826483713],[12.8044440569664,50.8513937347027],[12.8044623070094,50.851715573744],[12.804379399357,50.8523856432798],[12.8044445542157,50.8528988944314],[12.8052865418969,50.8552388352093],[12.8057193030529,50.85682343117],[12.8059322113844,50.8580283867283],[12.8060494702364,50.8585564815638],[12.8054802968793,50.8594022690223],[12.8048585444458,50.8595952635304],[12.8048321731914,50.8595469396313],[12.8040957909829,50.8599867465015],[12.8049064237857,50.8606039921794],[12.8057345637869,50.8609815559701],[12.8055854040787,50.861283257448],[12.8055749880097,50.8613760582073],[12.8054130236813,50.8624269676116],[12.8052894022718,50.8651743140682],[12.8054234703376,50.8674331800983],[12.807042381691,50.8681136046291],[12.8084607358533,50.8689495361445],[12.8094481622175,50.8695003911835],[12.8112048168588,50.8705055110493],[12.8131961274738,50.8717096087708],[12.8145750837122,50.8723186221275],[12.8153832528635,50.8731887014668],[12.816261405715,50.8741344248655],[12.8168593507871,50.8745766298857],[12.8182799624138,50.8765513447082],[12.8193379931983,50.8774264933793],[12.819911740706,50.8773010899326],[12.8211345732582,50.8771353744027],[12.8217597790848,50.8770886643817],[12.8231088785345,50.8768518889309],[12.8239148764335,50.8768660687591],[12.8242784810562,50.8769235848441],[12.8247174990432,50.8771907314438],[12.8251535812033,50.8769953768227],[12.8254852854622,50.8771116648318],[12.8260395320274,50.8765920860697],[12.8261457350236,50.8766531140864],[12.8263310506979,50.8771979697707],[12.8275950734433,50.878004977235],[12.8280117174716,50.8781657102155],[12.8288207274217,50.8784410879148],[12.8308057010263,50.8789397607628],[12.8313732698798,50.8784868460532],[12.8330115923802,50.8771890851068],[12.8338578406449,50.8765833480864],[12.8345723730639,50.8763903215772],[12.8367889254023,50.8759475855337],[12.8382594650196,50.8757913073232],[12.8387961000101,50.8757257927197],[12.840269995599,50.8755243925729],[12.8409101653599,50.8755454730113],[12.8415403662293,50.8754922118757],[12.842682524124,50.8751086135241],[12.8451049891278,50.8751156577297],[12.8458667329895,50.8746678630848],[12.8460810302129,50.8735184172668],[12.8465218110261,50.8729654449868],[12.8470421448872,50.8726292631807],[12.8474027035305,50.8724301479467],[12.8478377493564,50.8724972056358],[12.8488838669088,50.8724288908236],[12.848867529628,50.8723942146056],[12.8494177429439,50.8717419256157],[12.8506785189708,50.871357013868],[12.8519227839636,50.8711143023462],[12.8529612745082,50.8712304427747],[12.8546236430046,50.871507111812],[12.8571070228612,50.8711589222357],[12.85989831761,50.8710355753606],[12.8615647554113,50.8710369863972],[12.8637402569391,50.8712423583038],[12.8674706059332,50.8711337987859],[12.8684196818715,50.8710937064531],[12.8697059284154,50.8706661064732],[12.8703560639874,50.8708158103904],[12.8708192219413,50.8706829576098],[12.8710733322058,50.8703084884126],[12.8716341694245,50.8702311779302],[12.8722184300789,50.8701980556446],[12.8724050905179,50.8698552039238],[12.8728924086255,50.869679987602],[12.8730803851649,50.8698321791021],[12.873488230459,50.8697788051777],[12.8739225010089,50.8700105917058],[12.8732129564461,50.8693495390005],[12.8732301527553,50.8690641503642],[12.8723546103225,50.8680310088369],[12.8720293537548,50.8675057124656],[12.8718648582477,50.8671432368784],[12.8718387055147,50.8669493797246],[12.8717398731719,50.8664831672653],[12.871702487955,50.8662908976525],[12.871687231638,50.8660770675416],[12.871581329222,50.8658353888574],[12.8715208856233,50.8656147650402],[12.871081152062,50.8649904761184],[12.8708147328794,50.8645980066696],[12.8705247698197,50.8641508893862],[12.8701557209116,50.8636912901759],[12.8696628902386,50.8632385512168],[12.8692069115993,50.8629495591625],[12.8685499012488,50.8624072775333],[12.8675102992037,50.861453005192],[12.8671703327029,50.8608581536412],[12.8668960753459,50.8600058086396],[12.866991191527,50.8599286921139],[12.8670879646476,50.8598719312975],[12.8673010210542,50.8597732625831],[12.8678843238741,50.8594985040296],[12.8676798953255,50.8593217371026],[12.8678599981145,50.8592410214423],[12.8676509711905,50.8588168683567],[12.8669936561124,50.8583428332034],[12.866857587068,50.8582276129381],[12.8666712509411,50.8580499194057],[12.865000377433,50.8564909244417],[12.8642576752072,50.8559774567385],[12.8652946430975,50.8556809955817],[12.8652395753087,50.8553462174639],[12.8650586366109,50.8548112618241],[12.8646566309426,50.8537725985147],[12.8645632672742,50.8531287096233],[12.864598060326,50.8528087359154],[12.8647482783324,50.8525652570434],[12.8650780127142,50.8523410736159],[12.8643501429053,50.850855566283]]]}},{"type":"Feature","id":"chemnitz-93","properties":{"city":"Chemnitz","state":"Sachsen","code":"93","name":"Rottluff","name_atlas":"Rottluff","population_est":1074,"crime_total":{"cases":54,"rate":5028.0},"homicide":{"cases":0,"rate":0.0},"sexual":{"cases":1,"rate":93.1},"violence_proxy":{"cases":16,"rate":1489.8},"property_total":{"cases":8,"rate":744.9},"simple_theft":{"cases":3,"rate":279.3},"aggravated_theft":{"cases":5,"rate":465.5},"fraud":{"cases":10,"rate":931.1},"other_stgb":{"cases":18,"rate":1676.0},"secondary_law":{"cases":1,"rate":93.1}},"geometry":{"type":"Polygon","coordinates":[[[12.8508106319418,50.8268580991388],[12.8486744706552,50.8295147418492],[12.847423455314,50.8310075658495],[12.8469221652369,50.8319709774926],[12.8464623657882,50.8329119591976],[12.8462982671435,50.8333834224272],[12.8461957238033,50.8338991961504],[12.8461095656517,50.8348629604308],[12.8456683768512,50.8415009993159],[12.8457402161045,50.8425803871441],[12.845970847418,50.8437954894806],[12.8463439186682,50.8448828399983],[12.8477880466571,50.8480573723204],[12.8480333644525,50.8480252259058],[12.848575903112,50.8480398876035],[12.8489607713161,50.848184241864],[12.8500365600918,50.8486158074608],[12.8504068831626,50.8487483081128],[12.8511305252271,50.849155369622],[12.8519065568697,50.8496781863132],[12.8524288246824,50.8502223585284],[12.853380846513,50.8503105945934],[12.8540477741207,50.8504243678816],[12.8545904892346,50.8505169341104],[12.8557859155849,50.8504687616727],[12.8567126620348,50.8504246034124],[12.8574684304401,50.8503946039361],[12.8581555703023,50.8503539848724],[12.8590506873829,50.850319847435],[12.8595488896479,50.8503045296906],[12.8603292090685,50.8502912880713],[12.8614172486294,50.8502907477016],[12.86190110798,50.8502347487362],[12.8623272268903,50.850254065833],[12.862823880414,50.8502503925228],[12.8633082926036,50.850224338871],[12.8634500573885,50.8502157999215],[12.8635908503604,50.8501548439824],[12.8639440816358,50.8500698462397],[12.8642003621779,50.8500431442306],[12.8653403547317,50.8499881235512],[12.8650903068899,50.8485637843737],[12.8678716338705,50.8457757577366],[12.8678840237218,50.8449190100557],[12.8683656887298,50.8437049159777],[12.8686946606881,50.8429601377143],[12.8692961232081,50.8415304765263],[12.8695980671357,50.8408102268653],[12.8698473308194,50.8399079021727],[12.8698536810839,50.839198976839],[12.8698106804607,50.838708509453],[12.869810121582,50.838251723457],[12.8699842446934,50.8378968761455],[12.8701607519031,50.8378840520449],[12.8702051064433,50.8372620216777],[12.8686997328633,50.8361943865661],[12.8685193445427,50.8355845398108],[12.8692927514431,50.8354239893781],[12.869407202775,50.8349337785202],[12.867854463802,50.8348873089992],[12.8679408994393,50.8347627317557],[12.8687360259922,50.8343526313177],[12.8700635404102,50.8336660832819],[12.8703136467246,50.83353678684],[12.8711004085663,50.833227887412],[12.8714467839613,50.8330840781331],[12.8717970112716,50.8329333164931],[12.8725715961517,50.8327938552242],[12.8737236174938,50.8326515617006],[12.8758336595607,50.8327959690665],[12.8764706345648,50.8322941698149],[12.8766829481737,50.8320178771031],[12.8768061212729,50.8318521670309],[12.8770041022171,50.8296693620138],[12.8769740160603,50.8290573216928],[12.8768663151884,50.8270334449292],[12.8762935674255,50.8267965953173],[12.8752621046144,50.8263802951724],[12.8748980030042,50.8262902027456],[12.8743158428995,50.8263207428342],[12.8736214431178,50.8264756510224],[12.8713813694044,50.8267969493187],[12.8706806863483,50.8268147716883],[12.870440180979,50.8254013380006],[12.8702407336473,50.8245498154252],[12.8708161309217,50.8241929267926],[12.8697595126742,50.8243281926657],[12.8675627662916,50.8242418267238],[12.8665425879492,50.8241308922587],[12.865925114081,50.8240462108034],[12.8633142603554,50.8238702044652],[12.862325650622,50.8238127978433],[12.8602564594156,50.8236458857339],[12.8583238907082,50.8240191937244],[12.8564108779156,50.823934180035],[12.8557493658983,50.8239422442267],[12.855297207826,50.8241315917003],[12.8547970927176,50.8243818570346],[12.8543546812686,50.8243375072053],[12.8536732698605,50.8242559699719],[12.8529982333535,50.8241397760189],[12.8508106319418,50.8268580991388]]]}},{"type":"Feature","id":"chemnitz-02","properties":{"city":"Chemnitz","state":"Sachsen","code":"02","name":"Schloßchemnitz","name_atlas":"Schloßchemnitz","population_est":13909,"crime_total":{"cases":1022,"rate":7348.0},"homicide":{"cases":0,"rate":0.0},"sexual":{"cases":14,"rate":100.7},"violence_proxy":{"cases":185,"rate":1330.1},"property_total":{"cases":321,"rate":2307.9},"simple_theft":{"cases":155,"rate":1114.4},"aggravated_theft":{"cases":166,"rate":1193.5},"fraud":{"cases":188,"rate":1351.6},"other_stgb":{"cases":275,"rate":1977.1},"secondary_law":{"cases":39,"rate":280.4}},"geometry":{"type":"Polygon","coordinates":[[[12.9168279341122,50.8416509399395],[12.9156808678177,50.8402897589014],[12.9154344895241,50.8400605795338],[12.9141562997599,50.8399152385913],[12.9117411277422,50.8394789471675],[12.9120022814464,50.8388816936232],[12.9120219807677,50.8383407297874],[12.9097181703631,50.8384894358655],[12.9076400649132,50.8386504161314],[12.9063657788841,50.8387485663874],[12.9040229471022,50.8388896378372],[12.9032238816689,50.8388708062386],[12.9001779432829,50.8386083161645],[12.899399727618,50.8397534939757],[12.89910156193,50.8401683763694],[12.8988458502116,50.8405349660271],[12.8979537481845,50.8415361894944],[12.8972083417007,50.8423870102682],[12.8970648006188,50.8424601779275],[12.895531114651,50.8441856978413],[12.8942223226464,50.845761479809],[12.893618887464,50.8467164796279],[12.898001628865,50.8480622216521],[12.8928956116341,50.8503740248414],[12.8925137436316,50.8505071924246],[12.8922714280276,50.8506163624482],[12.89236500623,50.8508827445345],[12.8930718069423,50.8510492152557],[12.8971082555878,50.8519884317596],[12.898703645198,50.8521966132312],[12.9012827744076,50.8533870053301],[12.9021305667925,50.8537601879312],[12.9029846891579,50.8541600182785],[12.9032146547716,50.8543348217383],[12.9044151414653,50.8554723722691],[12.9055569695545,50.8559293728591],[12.9073524934421,50.8561135098061],[12.9079873420039,50.8557126820621],[12.9089560983179,50.8543428999158],[12.9092296038447,50.8540798086913],[12.9098378354726,50.8538606715725],[12.9105879939225,50.8537250043619],[12.9112826675436,50.8537314261635],[12.9121499971358,50.8537407396654],[12.9136469791539,50.8539082195485],[12.9140681806278,50.8542007089384],[12.9145820500028,50.8539246659843],[12.916747452251,50.8528555477477],[12.9176796819675,50.8524909745601],[12.9190803973371,50.8523057557985],[12.9201797418264,50.8523254608843],[12.9205856989691,50.8523482112246],[12.9216755021056,50.8525764856189],[12.9261855446323,50.8536075035241],[12.928412179079,50.854116483113],[12.9293619307101,50.8541886765152],[12.929861241699,50.8541599260851],[12.9305454526284,50.8541286651031],[12.9316598751343,50.8538666437466],[12.9324771131294,50.8535583394264],[12.9336429394369,50.8529709030694],[12.9342748544912,50.8524723247012],[12.934715252006,50.8518917683047],[12.9348796363656,50.8515977569817],[12.9349711679245,50.851276261994],[12.9351170034705,50.8504670025546],[12.9351302950502,50.8500702123476],[12.9350044322527,50.8495677970139],[12.9343257062756,50.8480563817597],[12.9333568089106,50.8458236232727],[12.9327265281772,50.8459356741303],[12.9310595366185,50.8462652501853],[12.9304553837513,50.8463244038591],[12.9297075007173,50.8461858886224],[12.9266089942248,50.8457172037659],[12.9245813236241,50.8454592017784],[12.922446591819,50.8451920068104],[12.9222655776779,50.8451059496591],[12.9193745114527,50.8450944878203],[12.9172115103871,50.8450605061514],[12.9177634779656,50.8437215162266],[12.9176983940212,50.8426210474228],[12.9168279341122,50.8416509399395]]]}},{"type":"Feature","id":"chemnitz-83","properties":{"city":"Chemnitz","state":"Sachsen","code":"83","name":"Schönau","name_atlas":"Schönau","population_est":3895,"crime_total":{"cases":204,"rate":5237.0},"homicide":{"cases":0,"rate":0.0},"sexual":{"cases":1,"rate":25.7},"violence_proxy":{"cases":37,"rate":949.9},"property_total":{"cases":61,"rate":1566.1},"simple_theft":{"cases":38,"rate":975.6},"aggravated_theft":{"cases":23,"rate":590.5},"fraud":{"cases":39,"rate":1001.3},"other_stgb":{"cases":62,"rate":1591.8},"secondary_law":{"cases":4,"rate":102.7}},"geometry":{"type":"Polygon","coordinates":[[[12.8586837480945,50.8135196114176],[12.8582436661143,50.8152343549546],[12.8576413913524,50.8164990358117],[12.8573554834106,50.8170476162724],[12.856414870502,50.8188966451005],[12.8558778313158,50.81992443076],[12.8549347489133,50.821675814094],[12.8544614124351,50.8222861514224],[12.8529982333535,50.8241397760189],[12.8536732698605,50.8242559699719],[12.8543546812686,50.8243375072053],[12.8547970927176,50.8243818570346],[12.855297207826,50.8241315917003],[12.8557493658983,50.8239422442267],[12.8564108779156,50.823934180035],[12.8583238907082,50.8240191937244],[12.8602564594156,50.8236458857339],[12.862325650622,50.8238127978433],[12.8633142603554,50.8238702044652],[12.865925114081,50.8240462108034],[12.8665425879492,50.8241308922587],[12.8675627662916,50.8242418267238],[12.8697595126742,50.8243281926657],[12.8708161309217,50.8241929267926],[12.8702407336473,50.8245498154252],[12.870440180979,50.8254013380006],[12.8706806863483,50.8268147716883],[12.8713813694044,50.8267969493187],[12.8736214431178,50.8264756510224],[12.8743158428995,50.8263207428342],[12.8748980030042,50.8262902027456],[12.8752621046144,50.8263802951724],[12.8762935674255,50.8267965953173],[12.8768663151884,50.8270334449292],[12.8769960909916,50.8270570519245],[12.8781967525648,50.8272826117026],[12.8793860590761,50.827452878679],[12.8803815433254,50.8272070859336],[12.8811963219506,50.8268160884755],[12.8818405696673,50.8265429876531],[12.8826797992688,50.8260950413152],[12.8831729953116,50.825586242685],[12.8835202217433,50.8250575445876],[12.8838153425934,50.8245222311613],[12.8839516971283,50.8241732912431],[12.8842423630131,50.8235414018997],[12.8835120959946,50.822559049777],[12.8860323631592,50.8228179615208],[12.8862408241438,50.8224798307388],[12.8867852296279,50.8215684622603],[12.8860546961815,50.821309255565],[12.8865337553471,50.819802475851],[12.8852819264975,50.8196463612304],[12.8822572303941,50.8190888365449],[12.8818447844353,50.8190283458529],[12.8779002491656,50.8183361235549],[12.8774344533435,50.8182637897599],[12.8780676879663,50.8162982859717],[12.8781928847956,50.8160074808868],[12.8791537416258,50.8146927684581],[12.8776266829003,50.813775868939],[12.874810318879,50.812203982446],[12.8754072539152,50.8107845662707],[12.8748159061573,50.8101878249372],[12.8747383012864,50.8096664339962],[12.8746979826909,50.8090376582024],[12.8745033536034,50.8089395522916],[12.874594756397,50.8081717097871],[12.8744060316991,50.8078896347757],[12.8744653245688,50.8073814342597],[12.8742775557354,50.8071502359068],[12.872232630244,50.8066401704545],[12.8695709644983,50.805573900062],[12.8686266606706,50.8053471189306],[12.8668589239479,50.8055747711874],[12.8662452637046,50.8056920399551],[12.8659889310468,50.806604106954],[12.8658472262703,50.8074787593353],[12.8658597293435,50.8082340440136],[12.8659601833978,50.8090403315684],[12.8650430089595,50.8093031434463],[12.8652359666362,50.8096249805042],[12.86323731073,50.8091044787888],[12.8590174350888,50.8080772307538],[12.8588309293996,50.8111800116319],[12.8586837480945,50.8135196114176]]]}},{"type":"Feature","id":"chemnitz-85","properties":{"city":"Chemnitz","state":"Sachsen","code":"85","name":"Siegmar","name_atlas":"Siegmar","population_est":4134,"crime_total":{"cases":151,"rate":3653.0},"homicide":{"cases":0,"rate":0.0},"sexual":{"cases":1,"rate":24.2},"violence_proxy":{"cases":17,"rate":411.2},"property_total":{"cases":54,"rate":1306.2},"simple_theft":{"cases":32,"rate":774.1},"aggravated_theft":{"cases":22,"rate":532.2},"fraud":{"cases":31,"rate":749.9},"other_stgb":{"cases":47,"rate":1136.9},"secondary_law":{"cases":1,"rate":24.2}},"geometry":{"type":"Polygon","coordinates":[[[12.8586837480945,50.8135196114176],[12.8588309293996,50.8111800116319],[12.8590174350888,50.8080772307538],[12.8588930030917,50.8062106334642],[12.8583003086693,50.8042633824333],[12.8580777804661,50.8038718275245],[12.8569144951793,50.8020029443673],[12.8549313717261,50.7998493246515],[12.8540300747982,50.798990108578],[12.8525635341088,50.7976532241741],[12.8507397368203,50.7960182345173],[12.8500409924099,50.7963549662035],[12.8492734807569,50.7966972996064],[12.8486671263528,50.7969201540544],[12.8472536694354,50.7972074494237],[12.8457720165901,50.7977140182265],[12.8445589373213,50.7989248700748],[12.8443214938704,50.7990159990112],[12.8437649240369,50.7994281998262],[12.8430275266366,50.8000127483694],[12.8427317474132,50.8002695975924],[12.8420149488575,50.8009783748601],[12.8419317171735,50.8011228050098],[12.8414839686004,50.8014522108624],[12.8410282152773,50.8018385846675],[12.8407367653037,50.8019490565277],[12.8406616659934,50.802016414933],[12.8412565969259,50.8027191883684],[12.8433171037299,50.803702584056],[12.8432612735278,50.804604215506],[12.843294424325,50.8050876317421],[12.8432743009118,50.8052587092253],[12.8432015120115,50.8058623983548],[12.8430044021354,50.8066929831719],[12.8426758975114,50.8083003370534],[12.8421965677094,50.8093617253688],[12.841941417477,50.8103396157805],[12.841471126367,50.81224624781],[12.8413329295996,50.8130193836429],[12.8412576919761,50.8140808374648],[12.8412473547549,50.8148155488831],[12.8412016811629,50.8155515389538],[12.8411919249946,50.8161406353211],[12.8407618395194,50.8169696289322],[12.8405079507854,50.8176043810885],[12.8403774330887,50.8179144784423],[12.8397932552259,50.8185361123947],[12.8388049727817,50.8194187970415],[12.8381830929127,50.8201949223911],[12.8377412611573,50.8208267297478],[12.837534996934,50.8213668414051],[12.837309773584,50.821891529768],[12.8369469030749,50.8222826277033],[12.8363211698925,50.8228808878775],[12.8362075460557,50.8231280234433],[12.8384201481182,50.8232254957521],[12.8385468305379,50.8232649935222],[12.8430298275135,50.8245208685249],[12.8455438007326,50.8252028457571],[12.8467044035072,50.8255037175405],[12.8477555096738,50.8257834448188],[12.8496710637183,50.8264195952059],[12.8508106319418,50.8268580991388],[12.8529982333535,50.8241397760189],[12.8544614124351,50.8222861514224],[12.8549347489133,50.821675814094],[12.8558778313158,50.81992443076],[12.856414870502,50.8188966451005],[12.8573554834106,50.8170476162724],[12.8576413913524,50.8164990358117],[12.8582436661143,50.8152343549546],[12.8586837480945,50.8135196114176]]]}},{"type":"Feature","id":"chemnitz-21","properties":{"city":"Chemnitz","state":"Sachsen","code":"21","name":"Sonnenberg","name_atlas":"Sonnenberg","population_est":16845,"crime_total":{"cases":2250,"rate":13357.0},"homicide":{"cases":0,"rate":0.0},"sexual":{"cases":48,"rate":285.0},"violence_proxy":{"cases":466,"rate":2766.4},"property_total":{"cases":685,"rate":4066.5},"simple_theft":{"cases":356,"rate":2113.4},"aggravated_theft":{"cases":329,"rate":1953.1},"fraud":{"cases":375,"rate":2226.2},"other_stgb":{"cases":553,"rate":3282.9},"secondary_law":{"cases":123,"rate":730.2}},"geometry":{"type":"Polygon","coordinates":[[[12.9352787078909,50.8418429715733],[12.9367845205147,50.842561563671],[12.937833033449,50.844669046596],[12.9391890323946,50.8435382851143],[12.9410696249951,50.844495847586],[12.9417707906136,50.8449906435986],[12.9439506703021,50.8446818107501],[12.9435033479382,50.8431034008826],[12.9444172796821,50.8429223994642],[12.9447082606823,50.843358682076],[12.9491495946474,50.8424954561111],[12.9497464889792,50.8426083539626],[12.9507268460025,50.84275791206],[12.9515932881139,50.8429650066482],[12.9525546218197,50.8429565314498],[12.9532680554514,50.8428714375854],[12.9534181600724,50.842856878391],[12.9539178488533,50.8425193823139],[12.9547390534457,50.8423616948412],[12.956667262794,50.8419369868004],[12.9567808794742,50.8421499494778],[12.9582912925845,50.8417978275733],[12.9588541611989,50.841789447155],[12.9609472266845,50.8417624300784],[12.9598365632963,50.8396212739721],[12.9589393494634,50.8379089863692],[12.9569873505993,50.8383760139565],[12.9557835104397,50.8361251426238],[12.9553122142473,50.8352103035104],[12.9548843773734,50.8343464273356],[12.9544028188426,50.8329183409702],[12.9539311175584,50.8313804645221],[12.9534410080147,50.8314208031933],[12.9517903236191,50.8318463597755],[12.9502034777401,50.8318951516386],[12.9485378580827,50.8318788469636],[12.9476780446688,50.8321356270865],[12.947235166169,50.8322587035878],[12.9466447783724,50.832269475741],[12.9460555527747,50.8321334737331],[12.9443058674302,50.8317755220825],[12.9436044269609,50.8315601749235],[12.9431370022202,50.8314265616302],[12.9427084182481,50.8312986087449],[12.9412535838906,50.8308878504806],[12.9410396605641,50.8308417895618],[12.940438251368,50.8307594633908],[12.9391620751168,50.8308748628775],[12.9377354008004,50.8309339694443],[12.9372323908476,50.8309559359317],[12.9354177199286,50.8314171009379],[12.9342086153342,50.8315186091405],[12.9340933137152,50.8317662909497],[12.934004761762,50.8319906502761],[12.9335039258944,50.8324818997999],[12.932817769564,50.8329356528273],[12.9319296148834,50.8332824389382],[12.9311903595615,50.833703569796],[12.930245983722,50.8343953644907],[12.929976705534,50.8345810705467],[12.9300724039998,50.8349460636814],[12.9309305759909,50.8365274798191],[12.9311936126341,50.8371636076088],[12.9319413487448,50.8391665736729],[12.9324932853925,50.8401890983352],[12.9337742284434,50.840984675233],[12.9352787078909,50.8418429715733]]]}},{"type":"Feature","id":"chemnitz-84","properties":{"city":"Chemnitz","state":"Sachsen","code":"84","name":"Stelzendorf","name_atlas":"Stelzendorf","population_est":1365,"crime_total":{"cases":118,"rate":8645.0},"homicide":{"cases":0,"rate":0.0},"sexual":{"cases":1,"rate":73.3},"violence_proxy":{"cases":8,"rate":586.1},"property_total":{"cases":64,"rate":4688.6},"simple_theft":{"cases":53,"rate":3882.8},"aggravated_theft":{"cases":11,"rate":805.9},"fraud":{"cases":29,"rate":2124.5},"other_stgb":{"cases":15,"rate":1098.9},"secondary_law":{"cases":1,"rate":73.3}},"geometry":{"type":"Polygon","coordinates":[[[12.8525635341088,50.7976532241741],[12.8540300747982,50.798990108578],[12.8549313717261,50.7998493246515],[12.8569144951793,50.8020029443673],[12.8580777804661,50.8038718275245],[12.8583003086693,50.8042633824333],[12.8588930030917,50.8062106334642],[12.8590174350888,50.8080772307538],[12.86323731073,50.8091044787888],[12.8652359666362,50.8096249805042],[12.8650430089595,50.8093031434463],[12.8659601833978,50.8090403315684],[12.8658597293435,50.8082340440136],[12.8658472262703,50.8074787593353],[12.8659889310468,50.806604106954],[12.8662452637046,50.8056920399551],[12.8668589239479,50.8055747711874],[12.8686266606706,50.8053471189306],[12.8695709644983,50.805573900062],[12.872232630244,50.8066401704545],[12.8742775557354,50.8071502359068],[12.8744653245688,50.8073814342597],[12.8744060316991,50.8078896347757],[12.874594756397,50.8081717097871],[12.8745033536034,50.8089395522916],[12.8746979826909,50.8090376582024],[12.8747383012864,50.8096664339962],[12.8748159061573,50.8101878249372],[12.8754072539152,50.8107845662707],[12.8765218885992,50.8085861492981],[12.8769682723222,50.8077364216205],[12.8776991693917,50.8066231230768],[12.87808449983,50.8061393392916],[12.8784873392414,50.8057804500867],[12.8789976431698,50.8052711703727],[12.8807612620141,50.8040898242389],[12.8815266810983,50.8037160362795],[12.8832141652004,50.802816559145],[12.8839464390369,50.8023788349043],[12.8851583172995,50.8018927781485],[12.884044906016,50.8005620228242],[12.883894505862,50.8003418223703],[12.8832821488151,50.7993901138607],[12.8828933094851,50.7982722441985],[12.8822959147436,50.7965108293445],[12.8820988623203,50.7961892508189],[12.8818401824792,50.7954040417227],[12.8816562370655,50.7949977075733],[12.8807821738036,50.7939357953812],[12.8801257888855,50.7932241245539],[12.8797584355431,50.7928240070897],[12.8783058396023,50.7914720706123],[12.8778154385358,50.7909039499701],[12.8769257434074,50.7899455771348],[12.8763339771038,50.7893030149983],[12.8761584448664,50.7890249486166],[12.8759113317569,50.788654062532],[12.8757265260617,50.788680467154],[12.8755406195219,50.7887280783177],[12.8750218967262,50.7889590151468],[12.874439325722,50.7892266346477],[12.8740890485087,50.789383486736],[12.8738501871009,50.7895633498359],[12.8732108726934,50.79010592227],[12.872925063967,50.7904042451641],[12.8726993147681,50.7905347410584],[12.8708909839176,50.7905517686512],[12.8694804604489,50.7906719167878],[12.8663421278153,50.7907948913173],[12.8661435571436,50.7908403895821],[12.8644273543734,50.7913612454243],[12.8630768373342,50.7917901511205],[12.8620328850413,50.7920907947386],[12.8612229503487,50.7923615225659],[12.8602835101078,50.7928038489779],[12.8593847857855,50.7932442917767],[12.858816128983,50.7929641700988],[12.8586234084268,50.7933291724425],[12.8583826291109,50.7936393309556],[12.8581599004471,50.7938261051984],[12.8576588904931,50.7941541650896],[12.8574145391514,50.7942868505199],[12.8569036285637,50.7944710736704],[12.8560005150107,50.7945920374386],[12.8548971727173,50.7946884780285],[12.8539393233056,50.7948827532297],[12.8531382320711,50.795220396129],[12.8515224776524,50.79570599743],[12.8510826667819,50.7958855016785],[12.8507397368203,50.7960182345173],[12.8525635341088,50.7976532241741]]]}},{"type":"Feature","id":"chemnitz-25","properties":{"city":"Chemnitz","state":"Sachsen","code":"25","name":"Adelsberg","name_atlas":"Adelsberg","population_est":6452,"crime_total":{"cases":126,"rate":1953.0},"homicide":{"cases":0,"rate":0.0},"sexual":{"cases":6,"rate":93.0},"violence_proxy":{"cases":17,"rate":263.5},"property_total":{"cases":42,"rate":651.0},"simple_theft":{"cases":12,"rate":186.0},"aggravated_theft":{"cases":30,"rate":465.0},"fraud":{"cases":23,"rate":356.5},"other_stgb":{"cases":35,"rate":542.5},"secondary_law":{"cases":3,"rate":46.5}},"geometry":{"type":"Polygon","coordinates":[[[12.9708002534151,50.8061434188262],[12.9702237383145,50.8065234009135],[12.9685981838038,50.8076055658494],[12.9661794545811,50.8092452068263],[12.9650564789987,50.8099514976351],[12.9636832008729,50.8107138127529],[12.9625122924929,50.811182485181],[12.961120245258,50.8117658634419],[12.9608485730871,50.8119244580049],[12.9616400205835,50.8128025985541],[12.9620347654653,50.8133151610527],[12.9625223072988,50.8142067861746],[12.9627900482845,50.815205263595],[12.9628714861457,50.8154101260182],[12.9628793291886,50.8161424604491],[12.9630583900198,50.8174302820356],[12.9632557086646,50.8187899316564],[12.9637661263217,50.8188635326363],[12.9636280563951,50.8185071086842],[12.9647777913243,50.8185345357735],[12.9649310020895,50.819118484485],[12.964451535974,50.819161284018],[12.9645413832711,50.8193273823341],[12.9644802526787,50.8195214269065],[12.9651859786841,50.8194675846486],[12.9654448391949,50.8195991998482],[12.965917468358,50.8197676970272],[12.9663406246299,50.8198424845431],[12.9662680210372,50.8200303337076],[12.9667214384921,50.8200723286077],[12.9669215208813,50.8201335960694],[12.9670124612592,50.8202421521793],[12.9669957068973,50.8204474278027],[12.9678696295398,50.8212230569565],[12.9684542768563,50.8212966794002],[12.9683825449932,50.8216245586363],[12.968575198276,50.8217855073382],[12.9688408805059,50.8219860541506],[12.9699169999313,50.8228867032988],[12.9717871839747,50.8243730986769],[12.9716555683859,50.8245160462489],[12.9717728505038,50.8246084627825],[12.9726088852395,50.8252197278091],[12.9731720867505,50.8255422050752],[12.973614195181,50.8257673250552],[12.9741254298867,50.8260462088274],[12.9744677616227,50.8261115669501],[12.9746935877141,50.8261835838626],[12.9759040277749,50.8267769768726],[12.981511071321,50.8311537790036],[12.9826128579895,50.8318587502108],[12.982904043415,50.8321559270155],[12.981897259879,50.8324585782192],[12.9819767656238,50.8329335311452],[12.9827757673362,50.8332067277667],[12.9832890692538,50.8334028865792],[12.9860292346689,50.8340251096901],[12.9879326438464,50.8340858536346],[12.9889194698081,50.8338964888931],[12.9894588254589,50.8337690940049],[12.990214002875,50.8337250542979],[12.9907915108634,50.8337787771547],[12.9911685582537,50.8338226990341],[12.9917178918767,50.833911669229],[12.991825893139,50.8337162165651],[12.9918815370583,50.8334682601302],[12.9919114950232,50.8331604722486],[12.991935707731,50.8329167405302],[12.9920426676203,50.8325439690299],[12.9931532616966,50.8308553997462],[12.9934346301122,50.8305705889865],[12.9937476055624,50.8304014202842],[12.9942816919912,50.8301072157571],[12.9950140159497,50.8297533855997],[12.9959456858654,50.8293925862862],[12.9968524518322,50.8289501165646],[12.9980046714221,50.8288829715213],[12.9991558371539,50.8288555310463],[12.9999133166282,50.8287974020638],[13.0015458587487,50.828867987723],[13.0023616230081,50.8287573207272],[13.0034678473718,50.8284575540411],[13.00499257186,50.8277760021222],[13.0069053242416,50.8268787672724],[13.009752208407,50.8254799561506],[13.012542022823,50.8228433910906],[13.0133069626702,50.8219037540614],[13.0138466501585,50.8210618083145],[13.0142816266632,50.8204184706314],[13.014615123401,50.8201309595708],[13.016262466002,50.8197234142665],[13.017026433848,50.8194246626317],[13.0180083138003,50.8189058248216],[13.0183628004102,50.8187113334985],[13.0188947848977,50.8182730213713],[13.0194537422478,50.8179054851735],[13.0203058506146,50.8175958819164],[13.0211435632519,50.8170595268405],[13.0218795814426,50.816596520968],[13.0227409595375,50.816014282486],[13.0235652765053,50.8157370201748],[13.0197014661826,50.8154177428038],[13.0161112355522,50.8151167308085],[13.0140969061002,50.8149334748822],[13.0138038565409,50.8145187769915],[13.0135761337453,50.8140932956469],[13.0146178939228,50.8137657383439],[13.0159654975312,50.8134354990135],[13.0178527687254,50.8128028100601],[13.0173324571243,50.8124888562893],[13.0166755685685,50.8124253513922],[13.0162082098927,50.8124808484134],[13.0151726448638,50.8124368542576],[13.0146917937245,50.8119507310889],[13.0146354127413,50.811666307769],[13.0132803991354,50.8115084668294],[13.0116489345883,50.8115226540613],[13.0111491819508,50.811496111056],[13.0103573747388,50.8112323232821],[13.0089749511463,50.8106955459948],[13.0085430292118,50.8104235149212],[13.0077485714429,50.8098570601593],[13.00703737415,50.8092648862751],[13.0066752391178,50.8086344289683],[13.0065272444123,50.8080413228883],[13.0066186362802,50.8075181032153],[13.0067060443807,50.8065687567424],[13.0064986553522,50.8056222437416],[13.0062825002086,50.8051132726852],[13.0059110482414,50.8048546225934],[13.0045038395676,50.8040161151175],[13.0042534185099,50.8037260794514],[13.0032826275581,50.8031586831874],[13.002876879801,50.8029596195577],[13.0021035528873,50.8022771520972],[13.0017742818624,50.801592773235],[13.0011174234545,50.8008261768966],[12.9994390775725,50.7985155702111],[12.9976124416741,50.7987695197518],[12.9968270396367,50.7988573603995],[12.9966063780878,50.7985405591768],[12.9962453221347,50.7983787702703],[12.9955006060492,50.7981230490405],[12.9954327836283,50.7979604019884],[12.9951766488775,50.797520556687],[12.9948088171035,50.796936255512],[12.9943384761911,50.7965274818004],[12.9931968101008,50.7958977796431],[12.9922393823173,50.7961965320522],[12.9914774555897,50.7962924322665],[12.9902823066933,50.796466522234],[12.989003804646,50.7965891537105],[12.9878197783127,50.7967333193414],[12.987768376121,50.796525124206],[12.9882494507897,50.7964439518002],[12.9894069561021,50.796142037045],[12.9907973953775,50.7958139012135],[12.9930902877414,50.795174668159],[12.9934146215516,50.7950697114107],[12.9933349143835,50.7948538348271],[12.9933035588325,50.7946635316021],[12.9933472292628,50.7944682587344],[12.993499242496,50.7942287472319],[12.9935749108333,50.794254088139],[12.9934965453863,50.7944236719784],[12.9934331225704,50.7946537640655],[12.9934378048419,50.7948746121424],[12.9935235181222,50.7950514576419],[12.9939373269302,50.7948951672578],[12.9944231666648,50.7947029729555],[12.9953302264864,50.7945688232859],[12.9971292719279,50.7942707420964],[12.9961966621831,50.7937724873131],[12.9927896449972,50.7923924380343],[12.9919923687463,50.7920496404546],[12.9911928690425,50.7914821441815],[12.9907400642774,50.7911765333697],[12.9897773082007,50.7906090345355],[12.9889330235606,50.790025501978],[12.9884772097181,50.7897550477954],[12.9880605733275,50.7898915831486],[12.987522543656,50.7900801385687],[12.9865272559871,50.790817947115],[12.9859046743266,50.7915283499974],[12.9854909092808,50.7917538785704],[12.9848660343549,50.7925010620146],[12.9836480202378,50.7921097811767],[12.9834505962369,50.7915711705018],[12.9831293156555,50.7910835741717],[12.9817863458974,50.791358867429],[12.9811975226416,50.7909394687363],[12.9805347637411,50.7912505822398],[12.9803683240034,50.7913990911353],[12.980143613655,50.7913217689365],[12.9798910735075,50.7911937564117],[12.9791784322063,50.7908263090243],[12.9787386413406,50.790630958869],[12.9783860471619,50.790584980994],[12.9779240696023,50.7914396692434],[12.9775253809911,50.7923199213511],[12.9800096898003,50.7933827507442],[12.9797939201834,50.7937881175306],[12.9779735146707,50.7946538982478],[12.9771324936176,50.7949741081189],[12.9753763396973,50.7964374008373],[12.9750345487009,50.7969014734063],[12.9748230537137,50.7972939189949],[12.9753800953074,50.7976371594686],[12.9769041830904,50.7979434336637],[12.9780220247134,50.7979217825248],[12.9774696180428,50.7985104743624],[12.9762241310737,50.799695288951],[12.9751236963123,50.8008260731753],[12.9750166638836,50.8010617462974],[12.9743165437146,50.8030583570694],[12.9741608130214,50.8034232213517],[12.9729568463222,50.8045205821027],[12.9722920977384,50.8051206808053],[12.9714247871009,50.805697471251],[12.9708002534151,50.8061434188262]]]}},{"type":"Feature","id":"chemnitz-41","properties":{"city":"Chemnitz","state":"Sachsen","code":"41","name":"Altchemnitz","name_atlas":"Altchemnitz","population_est":6380,"crime_total":{"cases":836,"rate":13103.0},"homicide":{"cases":2,"rate":31.3},"sexual":{"cases":14,"rate":219.4},"violence_proxy":{"cases":139,"rate":2178.7},"property_total":{"cases":238,"rate":3730.4},"simple_theft":{"cases":158,"rate":2476.5},"aggravated_theft":{"cases":80,"rate":1253.9},"fraud":{"cases":215,"rate":3369.9},"other_stgb":{"cases":204,"rate":3197.5},"secondary_law":{"cases":24,"rate":376.2}},"geometry":{"type":"Polygon","coordinates":[[[12.9255277724895,50.8233975443476],[12.9262275696084,50.8235987746836],[12.9271614100178,50.823813641827],[12.9282655034581,50.8241466159041],[12.9269042065951,50.8235029486173],[12.9259102203397,50.822850458311],[12.9256880128956,50.8226175599885],[12.925208447049,50.8219414101217],[12.9247007247425,50.8209167707897],[12.9241109863468,50.8197266534535],[12.9240242224819,50.8195514185685],[12.9238212904107,50.8191418528402],[12.9220828552546,50.8156333233358],[12.9211407122672,50.8138055930922],[12.9207455047845,50.8130391377392],[12.9192325609968,50.810090438668],[12.9189019636521,50.8094625975869],[12.9180241126979,50.8077593621922],[12.9167909140664,50.8053661900983],[12.916544470409,50.8046124447863],[12.91646280626,50.803908743592],[12.9164571305998,50.8036188969954],[12.916541840157,50.8032392727119],[12.9167957497173,50.8021797549407],[12.9169987125469,50.8017909138137],[12.9173992938737,50.8012511693257],[12.9180158502387,50.8005822682011],[12.9191840337083,50.7997822325465],[12.9204355825712,50.7992504501681],[12.9210582281312,50.7989430772498],[12.9224356965777,50.7985387228827],[12.9253234085121,50.7978331164356],[12.9292507246417,50.7967864431335],[12.9318827499217,50.7961002249805],[12.9343710726788,50.795463303963],[12.9356329465793,50.7951406735064],[12.9363954727743,50.7949311172734],[12.9373240938562,50.7946637352924],[12.9445200548457,50.7927892099507],[12.9473318337705,50.7912628205596],[12.9474644484928,50.7910478585826],[12.9472854732728,50.7909601350716],[12.9459055607319,50.7905505291318],[12.9456843450707,50.7905788413888],[12.9452090668242,50.7908762186501],[12.9446744981891,50.7910783307203],[12.9443479407645,50.7911924516161],[12.9441146411278,50.7911511898989],[12.9437358994524,50.7910371794577],[12.94358547757,50.7909219401665],[12.9434278356592,50.7905323593755],[12.943322784182,50.7903874905464],[12.9430412983797,50.7903573864211],[12.9427107062131,50.7904248229362],[12.9423635254365,50.7905139803787],[12.9421401846277,50.7905201726837],[12.9419958546167,50.7904305997123],[12.9418936770818,50.7900050653964],[12.9417984878318,50.789503920435],[12.9417207526268,50.7890242220049],[12.9417139795248,50.7884449363923],[12.9417824189604,50.7875201763981],[12.9421473458558,50.7853414956786],[12.9425454219076,50.7845001530216],[12.9436980069694,50.7816265520731],[12.9437030923636,50.7812194898697],[12.943336445248,50.7811760607016],[12.9430403418221,50.781137904175],[12.9424047528074,50.7811945964388],[12.9417038522435,50.7813720954581],[12.9403160350072,50.7820656569986],[12.9385509991513,50.7829096454674],[12.9367279122145,50.7843294986029],[12.9354876655572,50.7850349043193],[12.9337953369144,50.7856112457659],[12.9328448489696,50.7858430421515],[12.9316498457549,50.7861478008746],[12.9306976856452,50.7865098796017],[12.9297481249289,50.7866228421638],[12.9285665997521,50.786847809785],[12.9279931853067,50.7872643245185],[12.9279107070263,50.7876769312085],[12.9277954576658,50.7879604671],[12.9275805934372,50.7881729444602],[12.9274623990386,50.7883080086142],[12.9275394484656,50.7883840381874],[12.9272074573281,50.7885445379476],[12.9264188975719,50.7887712900344],[12.926529807902,50.7888769676508],[12.9273899456778,50.7900245107536],[12.9274029909006,50.7903282623174],[12.9273574003058,50.7907611769205],[12.9273175132509,50.7909800618839],[12.9271738970106,50.7911808814062],[12.9267492747973,50.7906999503482],[12.9264483737755,50.7903105785928],[12.9259211901168,50.7900296414906],[12.9252981447822,50.7899034309268],[12.9250008416477,50.7898772774614],[12.9245041388582,50.7897728691634],[12.9240089003415,50.7897425783296],[12.9226290654266,50.7900044186793],[12.9207885869176,50.7901672399568],[12.9189507923595,50.7902057703042],[12.916216030199,50.7903006120272],[12.9155090246825,50.7902817283408],[12.9140513149119,50.7903094603849],[12.9132200108278,50.7905544155303],[12.913173650552,50.7912751030392],[12.9130972837025,50.79187530205],[12.9125193928612,50.7924234165451],[12.9114912238793,50.7927478850478],[12.9097301429651,50.7928716693864],[12.909295138287,50.7930460420632],[12.9089179410992,50.7934731977653],[12.909234679927,50.7939454401158],[12.9099886003165,50.7945063310258],[12.9114024839981,50.7955699451303],[12.9117848472173,50.7961263612669],[12.9118332440851,50.7966522659444],[12.9116782718884,50.7971223122271],[12.9114989431001,50.7973166297975],[12.9112351636426,50.7976683829021],[12.9109744048583,50.7979570920468],[12.909137148934,50.7995647101775],[12.9082043090566,50.8000585799104],[12.906058655698,50.8008241773984],[12.9050430683626,50.8020489447558],[12.9028865920059,50.8047162447816],[12.9028459543271,50.8062384319074],[12.9035247456578,50.8078324071207],[12.9039578200768,50.8091745367109],[12.9040481285195,50.8096334140015],[12.9049596277482,50.8140031284395],[12.9051232509519,50.8149662539211],[12.9052857816999,50.8158738250637],[12.9055350990831,50.8173008949643],[12.9058305905587,50.8176996180327],[12.9060984122157,50.8180610671134],[12.9067981950906,50.8184226653609],[12.9073155171348,50.8186900321117],[12.9099262199496,50.8194629881149],[12.9121992837767,50.8201216970362],[12.9127549085912,50.8199718134076],[12.9142660656516,50.8195640801922],[12.9146189683492,50.8195653702059],[12.9152696481048,50.8199708119202],[12.9166155029813,50.8209510962057],[12.9170059998126,50.8213384358797],[12.9174153082199,50.822211089273],[12.91775214534,50.8227212863098],[12.9192050209981,50.8234762399787],[12.9198327979731,50.823717170814],[12.9204183556667,50.8243951491744],[12.920923195703,50.8241111429526],[12.9221219253244,50.8236465346728],[12.9230624297814,50.8234527518208],[12.9237985655266,50.8234062891208],[12.9245864185227,50.8233684489745],[12.9255277724895,50.8233975443476]]]}},{"type":"Feature","id":"chemnitz-92","properties":{"city":"Chemnitz","state":"Sachsen","code":"92","name":"Altendorf","name_atlas":"Altendorf","population_est":11915,"crime_total":{"cases":665,"rate":5581.0},"homicide":{"cases":1,"rate":8.4},"sexual":{"cases":14,"rate":117.5},"violence_proxy":{"cases":106,"rate":889.6},"property_total":{"cases":233,"rate":1955.5},"simple_theft":{"cases":170,"rate":1426.8},"aggravated_theft":{"cases":63,"rate":528.7},"fraud":{"cases":88,"rate":738.6},"other_stgb":{"cases":215,"rate":1804.4},"secondary_law":{"cases":8,"rate":67.1}},"geometry":{"type":"Polygon","coordinates":[[[12.895531114651,50.8441856978413],[12.8970648006188,50.8424601779275],[12.8972083417007,50.8423870102682],[12.8979537481845,50.8415361894944],[12.8988458502116,50.8405349660271],[12.89910156193,50.8401683763694],[12.8965211272582,50.8393979220621],[12.895299208093,50.839028301809],[12.8941453668703,50.838672196918],[12.8923405759535,50.8381410716506],[12.8905158962129,50.8374615912944],[12.891294234464,50.83588119897],[12.8913810525504,50.8358128564163],[12.8936197641273,50.8317847653237],[12.8938362643683,50.8313928828125],[12.8942003019317,50.8310527905436],[12.8922427485602,50.8307689155209],[12.8916374837324,50.8306511215686],[12.8920105583423,50.8298198793368],[12.8922008463616,50.8294087888119],[12.8926332963993,50.8292749763163],[12.8948848150091,50.828664719979],[12.8953882072948,50.827842045615],[12.8954187144152,50.8278065319865],[12.8956342154693,50.8273540382728],[12.8955372709394,50.8262016125153],[12.8959576394681,50.8255602386567],[12.8965983248304,50.82478133333],[12.8970338495074,50.8246199144701],[12.8983656986574,50.8245569710956],[12.8987590065771,50.8242729597442],[12.8977508251748,50.8240214865389],[12.8958679548014,50.8236139478574],[12.8929385473408,50.8232710104413],[12.8921445398212,50.8231528844518],[12.8910542066328,50.8231165120794],[12.8895823421068,50.8231104365083],[12.8886966841437,50.8230459362805],[12.8876802824907,50.8228066662404],[12.8862408241438,50.8224798307388],[12.8860323631592,50.8228179615208],[12.8835120959946,50.822559049777],[12.8842423630131,50.8235414018997],[12.8839516971283,50.8241732912431],[12.8838153425934,50.8245222311613],[12.8835202217433,50.8250575445876],[12.8831729953116,50.825586242685],[12.8826797992688,50.8260950413152],[12.8818405696673,50.8265429876531],[12.8811963219506,50.8268160884755],[12.8803815433254,50.8272070859336],[12.8793860590761,50.827452878679],[12.8781967525648,50.8272826117026],[12.8769960909916,50.8270570519245],[12.8768663151884,50.8270334449292],[12.8769740160603,50.8290573216928],[12.8770041022171,50.8296693620138],[12.8768061212729,50.8318521670309],[12.8766829481737,50.8320178771031],[12.8764706345648,50.8322941698149],[12.8758336595607,50.8327959690665],[12.8737236174938,50.8326515617006],[12.8725715961517,50.8327938552242],[12.8717970112716,50.8329333164931],[12.8714467839613,50.8330840781331],[12.8711004085663,50.833227887412],[12.8703136467246,50.83353678684],[12.8700635404102,50.8336660832819],[12.8687360259922,50.8343526313177],[12.8679408994393,50.8347627317557],[12.867854463802,50.8348873089992],[12.869407202775,50.8349337785202],[12.8692927514431,50.8354239893781],[12.8685193445427,50.8355845398108],[12.8686997328633,50.8361943865661],[12.8702051064433,50.8372620216777],[12.8701607519031,50.8378840520449],[12.8699842446934,50.8378968761455],[12.869810121582,50.838251723457],[12.8698106804607,50.838708509453],[12.8698536810839,50.839198976839],[12.8698473308194,50.8399079021727],[12.8695980671357,50.8408102268653],[12.8692961232081,50.8415304765263],[12.8686946606881,50.8429601377143],[12.8683656887298,50.8437049159777],[12.8678840237218,50.8449190100557],[12.8678716338705,50.8457757577366],[12.8650903068899,50.8485637843737],[12.8653403547317,50.8499881235512],[12.8695837087542,50.849645663892],[12.8705127111122,50.8496458046474],[12.8730584139235,50.8495732093748],[12.8774751082164,50.8494284132093],[12.8771398984112,50.8480443474916],[12.8770721979347,50.847560718685],[12.8782709473614,50.8474152732143],[12.8785520650703,50.8474759813195],[12.8802282980613,50.8477884232388],[12.8835300773717,50.8477691654523],[12.8837496727491,50.8471575468251],[12.884014781486,50.8464994198436],[12.8843201437823,50.8461132491774],[12.8877973505192,50.8467601297875],[12.8884577602557,50.8471423989633],[12.8889365868986,50.8479162109431],[12.8887717802041,50.8481849811453],[12.8883200248018,50.8490577285375],[12.8880292465525,50.8496745827298],[12.8884666548679,50.8497972252014],[12.8889905844139,50.8497745278834],[12.8919146463504,50.849406990243],[12.8925137436316,50.8505071924246],[12.8928956116341,50.8503740248414],[12.898001628865,50.8480622216521],[12.893618887464,50.8467164796279],[12.8942223226464,50.845761479809],[12.895531114651,50.8441856978413]]]}},{"type":"Feature","id":"chemnitz-42","properties":{"city":"Chemnitz","state":"Sachsen","code":"42","name":"Bernsdorf","name_atlas":"Bernsdorf","population_est":14449,"crime_total":{"cases":1090,"rate":7544.0},"homicide":{"cases":1,"rate":6.9},"sexual":{"cases":15,"rate":103.8},"violence_proxy":{"cases":160,"rate":1107.3},"property_total":{"cases":383,"rate":2650.7},"simple_theft":{"cases":205,"rate":1418.8},"aggravated_theft":{"cases":178,"rate":1231.9},"fraud":{"cases":177,"rate":1225.0},"other_stgb":{"cases":311,"rate":2152.4},"secondary_law":{"cases":43,"rate":297.6}},"geometry":{"type":"Polygon","coordinates":[[[12.9425660505495,50.8008416436954],[12.9413058521587,50.8007211049432],[12.9417877115547,50.797472765671],[12.9413676207873,50.7965365810666],[12.9412584512543,50.7961620251824],[12.9414715527614,50.7957680302787],[12.9418806097737,50.7953460047896],[12.9423031061162,50.7950713889004],[12.9432450335032,50.794480577897],[12.9429424150503,50.7941749211807],[12.9425254801525,50.7945539037825],[12.9421571283681,50.7947695958457],[12.9415917119589,50.7949159724579],[12.9411888472073,50.7949370970922],[12.9407997649191,50.7948872781569],[12.9404333015862,50.7947407008258],[12.9398613989855,50.7945872291675],[12.9389298194146,50.7945947356195],[12.9382502424376,50.794623841952],[12.9373240938562,50.7946637352924],[12.9363954727743,50.7949311172734],[12.9356329465793,50.7951406735064],[12.9343710726788,50.795463303963],[12.9318827499217,50.7961002249805],[12.9292507246417,50.7967864431335],[12.9253234085121,50.7978331164356],[12.9224356965777,50.7985387228827],[12.9210582281312,50.7989430772498],[12.9204355825712,50.7992504501681],[12.9191840337083,50.7997822325465],[12.9180158502387,50.8005822682011],[12.9173992938737,50.8012511693257],[12.9169987125469,50.8017909138137],[12.9167957497173,50.8021797549407],[12.916541840157,50.8032392727119],[12.9164571305998,50.8036188969954],[12.91646280626,50.803908743592],[12.916544470409,50.8046124447863],[12.9167909140664,50.8053661900983],[12.9180241126979,50.8077593621922],[12.9189019636521,50.8094625975869],[12.9192325609968,50.810090438668],[12.9207455047845,50.8130391377392],[12.9211407122672,50.8138055930922],[12.9220828552546,50.8156333233358],[12.9238212904107,50.8191418528402],[12.9240242224819,50.8195514185685],[12.9241109863468,50.8197266534535],[12.9247007247425,50.8209167707897],[12.925208447049,50.8219414101217],[12.9256880128956,50.8226175599885],[12.9259102203397,50.822850458311],[12.9269042065951,50.8235029486173],[12.9282655034581,50.8241466159041],[12.9292209244,50.8245612241015],[12.9304164145587,50.825089015471],[12.9314556225976,50.8241905655489],[12.9321698089596,50.8235984104864],[12.933359574173,50.8231633847377],[12.9349083105688,50.8226742702277],[12.9363201549128,50.8221193284244],[12.9375533327588,50.8215869556309],[12.9392053285387,50.8209180450657],[12.9402276900163,50.8205022959526],[12.9416047914308,50.8199255377772],[12.9440986957961,50.8188894004847],[12.9470811214719,50.817652757647],[12.9497299912123,50.816533981246],[12.950238970443,50.8163331330852],[12.952298295916,50.8154882068521],[12.9561005851049,50.8138589077474],[12.9573919099823,50.8133066599666],[12.9577111055232,50.8131934471462],[12.9588495981485,50.8127327769551],[12.960034133645,50.8122642174551],[12.9608485730871,50.8119244580049],[12.961120245258,50.8117658634419],[12.9587338854487,50.8101638881371],[12.9566716315211,50.8089711574373],[12.955213538633,50.8074956129964],[12.9553740262906,50.8072428673367],[12.9546818242282,50.8066128211055],[12.9542468893313,50.8069042646482],[12.9539683949927,50.8070937167395],[12.9538961520806,50.8072356302643],[12.953483470765,50.8077335721552],[12.9527084131965,50.8081687210418],[12.9513407613045,50.8092332430497],[12.9502764372271,50.8084286739379],[12.9495928732784,50.8077562454914],[12.949353334839,50.8076433976466],[12.9492371178392,50.8066835015212],[12.949424734376,50.8056608420227],[12.9477972342761,50.8038870846439],[12.9474905548255,50.8034401703391],[12.9471523632589,50.8028435301924],[12.9468841663293,50.8023758922118],[12.9467425045514,50.8020099133531],[12.9464519786537,50.800456028811],[12.9451041945312,50.8006872124719],[12.9444213939385,50.8007322942309],[12.9425660505495,50.8008416436954]]]}},{"type":"Feature","id":"chemnitz-13","properties":{"city":"Chemnitz","state":"Sachsen","code":"13","name":"Borna-Heinersdorf","name_atlas":"Borna-Heinersdorf","population_est":6544,"crime_total":{"cases":320,"rate":4890.0},"homicide":{"cases":0,"rate":0.0},"sexual":{"cases":7,"rate":107.0},"violence_proxy":{"cases":43,"rate":657.1},"property_total":{"cases":109,"rate":1665.6},"simple_theft":{"cases":52,"rate":794.6},"aggravated_theft":{"cases":57,"rate":871.0},"fraud":{"cases":76,"rate":1161.4},"other_stgb":{"cases":69,"rate":1054.4},"secondary_law":{"cases":16,"rate":244.5}},"geometry":{"type":"Polygon","coordinates":[[[12.9060494509778,50.8624198078696],[12.9054058750639,50.8621634943998],[12.9045979698143,50.8615252342965],[12.9041962527844,50.8608036349217],[12.9041929880729,50.8602677230662],[12.9043927668548,50.8596994018301],[12.9049901184291,50.8590669568667],[12.9062809210114,50.8582940050995],[12.9070085789914,50.857858205965],[12.9089233555528,50.8567115539802],[12.9140681806278,50.8542007089384],[12.9136469791539,50.8539082195485],[12.9121499971358,50.8537407396654],[12.9112826675436,50.8537314261635],[12.9105879939225,50.8537250043619],[12.9098378354726,50.8538606715725],[12.9092296038447,50.8540798086913],[12.9089560983179,50.8543428999158],[12.9079873420039,50.8557126820621],[12.9073524934421,50.8561135098061],[12.9055569695545,50.8559293728591],[12.9044151414653,50.8554723722691],[12.9032146547716,50.8543348217383],[12.9029846891579,50.8541600182785],[12.9021305667925,50.8537601879312],[12.9012827744076,50.8533870053301],[12.898703645198,50.8521966132312],[12.8971082555878,50.8519884317596],[12.8930718069423,50.8510492152557],[12.89236500623,50.8508827445345],[12.8922714280276,50.8506163624482],[12.8925137436316,50.8505071924246],[12.8919146463504,50.849406990243],[12.8889905844139,50.8497745278834],[12.8884666548679,50.8497972252014],[12.8880292465525,50.8496745827298],[12.8883200248018,50.8490577285375],[12.8887717802041,50.8481849811453],[12.8889365868986,50.8479162109431],[12.8884577602557,50.8471423989633],[12.8877973505192,50.8467601297875],[12.8843201437823,50.8461132491774],[12.884014781486,50.8464994198436],[12.8837496727491,50.8471575468251],[12.8835300773717,50.8477691654523],[12.8802282980613,50.8477884232388],[12.8785520650703,50.8474759813195],[12.8782709473614,50.8474152732143],[12.8770721979347,50.847560718685],[12.8771398984112,50.8480443474916],[12.8774751082164,50.8494284132093],[12.8730584139235,50.8495732093748],[12.8705127111122,50.8496458046474],[12.8695837087542,50.849645663892],[12.8653403547317,50.8499881235512],[12.8642003621779,50.8500431442306],[12.8639440816358,50.8500698462397],[12.8639706494544,50.8502817275839],[12.8643501429053,50.850855566283],[12.8650780127142,50.8523410736159],[12.8647482783324,50.8525652570434],[12.864598060326,50.8528087359154],[12.8645632672742,50.8531287096233],[12.8646566309426,50.8537725985147],[12.8650586366109,50.8548112618241],[12.8652395753087,50.8553462174639],[12.8652946430975,50.8556809955817],[12.8642576752072,50.8559774567385],[12.865000377433,50.8564909244417],[12.8666712509411,50.8580499194057],[12.866857587068,50.8582276129381],[12.8669936561124,50.8583428332034],[12.8676509711905,50.8588168683567],[12.8678599981145,50.8592410214423],[12.8676798953255,50.8593217371026],[12.8678843238741,50.8594985040296],[12.8673010210542,50.8597732625831],[12.8670879646476,50.8598719312975],[12.866991191527,50.8599286921139],[12.8668960753459,50.8600058086396],[12.8671703327029,50.8608581536412],[12.8675102992037,50.861453005192],[12.8685499012488,50.8624072775333],[12.8692069115993,50.8629495591625],[12.8696628902386,50.8632385512168],[12.8701557209116,50.8636912901759],[12.8705247698197,50.8641508893862],[12.8708147328794,50.8645980066696],[12.871081152062,50.8649904761184],[12.8715208856233,50.8656147650402],[12.871581329222,50.8658353888574],[12.871687231638,50.8660770675416],[12.871702487955,50.8662908976525],[12.8717398731719,50.8664831672653],[12.8718387055147,50.8669493797246],[12.8718648582477,50.8671432368784],[12.8720293537548,50.8675057124656],[12.8723546103225,50.8680310088369],[12.8732301527553,50.8690641503642],[12.8732129564461,50.8693495390005],[12.8739225010089,50.8700105917058],[12.8740999319798,50.8699553470074],[12.8742450124063,50.8699054810148],[12.8743531148554,50.8698302176639],[12.8745227696346,50.8697930038429],[12.8746065382414,50.8697179229366],[12.8747522418783,50.8695942785534],[12.8748637362164,50.869741966549],[12.8750737012634,50.870039539667],[12.8753127765676,50.8702934623896],[12.8754622791007,50.8704314521045],[12.8755301139349,50.8704965488834],[12.8756209867147,50.8706059924684],[12.8758083721694,50.8707967455765],[12.8760934490394,50.8709883126126],[12.8766377533078,50.8714364869466],[12.8775386578443,50.8723480577543],[12.878380561837,50.8732542349211],[12.87854048416,50.8735882567795],[12.878732623279,50.8737827753104],[12.879296253418,50.874263774179],[12.8798764082198,50.8747195681581],[12.8810911783536,50.8758102971655],[12.882093301471,50.8764836947677],[12.8836195587783,50.8774746627348],[12.8842170512879,50.8779094593299],[12.8842031528043,50.8786726322006],[12.8843965752206,50.8791299777553],[12.8849828211942,50.8793692297314],[12.8874676110983,50.8796884783499],[12.8888905201212,50.8799529483083],[12.8899254431779,50.8801489881122],[12.8904629066223,50.8804507821933],[12.8909206026038,50.8807939691019],[12.891197395509,50.8809448038373],[12.8916372396344,50.8811963544253],[12.8920672621673,50.8815557338748],[12.8942422877402,50.880447965003],[12.8963249616622,50.8793468931436],[12.9023469840037,50.8761590815332],[12.9030934373289,50.8757547080717],[12.904081319493,50.8751574645804],[12.9046469558049,50.87473187496],[12.9056460888197,50.8734099765418],[12.9082912247087,50.8701856555133],[12.9101543869256,50.8679539952625],[12.9110961942285,50.8667994879599],[12.9112042660471,50.8667058885419],[12.9120424855227,50.8656914619959],[12.9120401805479,50.8649950117281],[12.9116515780042,50.8641831843543],[12.9109285468518,50.8635968371055],[12.9098141760479,50.8631632059912],[12.9079205377657,50.8627789380923],[12.9060494509778,50.8624198078696]]]}},{"type":"Feature","id":"chemnitz-14","properties":{"city":"Chemnitz","state":"Sachsen","code":"14","name":"Ebersdorf","name_atlas":"Ebersdorf","population_est":7172,"crime_total":{"cases":391,"rate":5452.0},"homicide":{"cases":0,"rate":0.0},"sexual":{"cases":13,"rate":181.3},"violence_proxy":{"cases":66,"rate":920.2},"property_total":{"cases":87,"rate":1213.1},"simple_theft":{"cases":43,"rate":599.6},"aggravated_theft":{"cases":44,"rate":613.5},"fraud":{"cases":128,"rate":1784.7},"other_stgb":{"cases":90,"rate":1254.9},"secondary_law":{"cases":7,"rate":97.6}},"geometry":{"type":"Polygon","coordinates":[[[12.9957347074239,50.8716268815195],[12.995732221552,50.8715429607013],[12.9959489135824,50.8712183347189],[12.9956179027572,50.8712155008675],[12.9952681611381,50.8711731869789],[12.9948828062318,50.8710676936516],[12.9946457950327,50.8709293373375],[12.994554044957,50.871018110495],[12.9939830112061,50.8717277682839],[12.9927274385857,50.8707596162179],[12.9932464999714,50.8705327303052],[12.9932451442728,50.8701687073295],[12.9930264379779,50.8697984447334],[12.9925995233937,50.8693005209727],[12.9928697290609,50.8689881183465],[12.9935645725734,50.8691170275449],[12.9943120723236,50.8692185180071],[12.9951116559857,50.8692656289149],[12.9960595680772,50.869277762445],[12.9971232916135,50.8692282234833],[12.997070055119,50.8691242584709],[12.9959080821871,50.8691644520838],[12.9950030431219,50.8691654340388],[12.9937012482306,50.8690349662834],[12.9923965893346,50.8687696811291],[12.9898774526806,50.8681021433819],[12.9875712306488,50.8672388642363],[12.9689155327577,50.862704557316],[12.9675436055675,50.8625087132133],[12.9659133165718,50.8624676282747],[12.9644119008047,50.8625979958006],[12.9633099571953,50.8626944707564],[12.9629936221493,50.8627451346291],[12.9591444463349,50.8630263071932],[12.9579562144944,50.862953088166],[12.956970445802,50.8627808238355],[12.9556558300723,50.8624783834689],[12.9544182798557,50.8621277060487],[12.9535884389883,50.8618917377354],[12.9525160798274,50.8617137120067],[12.9517841847514,50.8617372941812],[12.9503326869467,50.8617859270532],[12.9465558210553,50.8623847963098],[12.9453143936687,50.8624801177278],[12.9440292048653,50.8624179453327],[12.9425577944271,50.8621486599401],[12.9383796852544,50.8609097271898],[12.9369267659055,50.8602267393693],[12.9359942941609,50.8595575915914],[12.9352496028669,50.8587682706471],[12.9345801013592,50.8578123579075],[12.9342372806296,50.8567698612681],[12.934165294049,50.8558401232566],[12.9353230701064,50.8513067777399],[12.9354456484251,50.8506807206141],[12.93546048657,50.8500721916107],[12.935297881868,50.8493734125282],[12.9344638934468,50.8475298657839],[12.9337372526486,50.8457514714647],[12.9333568089106,50.8458236232727],[12.9343257062756,50.8480563817597],[12.9350044322527,50.8495677970139],[12.9351302950502,50.8500702123476],[12.9351170034705,50.8504670025546],[12.9349711679245,50.851276261994],[12.9348796363656,50.8515977569817],[12.9344840302783,50.853196358729],[12.9341296384753,50.8537607624354],[12.9326891457944,50.8551168300543],[12.9323008447436,50.8557484783121],[12.9308898568241,50.8588541054538],[12.9299319825851,50.8600030751975],[12.9285673813413,50.8612954796536],[12.9277326812552,50.8622706445756],[12.9271809503882,50.8633035697741],[12.92674531891,50.8644770544195],[12.926592387881,50.8660776616267],[12.9267304917008,50.867224627361],[12.9274350493006,50.8689393589109],[12.9285249703841,50.8706615862084],[12.9296329481888,50.8718595677006],[12.9312509968005,50.8730496960433],[12.9334241964131,50.8742037879286],[12.9399655617059,50.8770772524164],[12.9408435038949,50.8774513159358],[12.9452603796457,50.8792783729575],[12.9484097406233,50.8806818617368],[12.9511450366688,50.8822632191662],[12.9518246844953,50.8827290434067],[12.9524088189388,50.8832144571373],[12.9530853366879,50.8837764116695],[12.9535513962584,50.8841636273377],[12.9556119023335,50.8865218061078],[12.9565634487624,50.888030118982],[12.9570951614056,50.8892999741336],[12.9580771692478,50.8923520751048],[12.9607890304053,50.8925720047139],[12.96455730443,50.892716147455],[12.9652080815427,50.893444048619],[12.9656300670523,50.893748864657],[12.9675619773327,50.8951746817601],[12.9702167905278,50.8945932888762],[12.9718888358654,50.8942986001556],[12.9731774429266,50.8939274123882],[12.9737900512231,50.8937695947377],[12.9745327957393,50.8944026070833],[12.9753274061974,50.8948309897179],[12.977650197031,50.8939669136105],[12.9761205525735,50.8929049472823],[12.9767509047714,50.8925716802232],[12.9764274090685,50.8923404965394],[12.9764917637543,50.8922687158399],[12.9772635988746,50.8915901455619],[12.9773768912012,50.891521986311],[12.9774906294924,50.8914753298827],[12.9776728437533,50.891452293296],[12.9776820134015,50.8914844782556],[12.9784989464594,50.8913378251411],[12.9786445152975,50.8917963246213],[12.9791120773916,50.8918058399515],[12.9793270768132,50.8924703297803],[12.979462217035,50.8924813901143],[12.9794918215825,50.8924635265514],[12.9796272752691,50.8924894894594],[12.9796951336384,50.892457754136],[12.9801320734604,50.8924622149031],[12.9805111534518,50.8927706814192],[12.9806103788819,50.8928050774861],[12.9809195716437,50.8928444843167],[12.9811122086846,50.8928401562011],[12.9812535796789,50.8927400554168],[12.9812933723022,50.8927993393018],[12.9815628318469,50.8926805468343],[12.9818233256791,50.8927693968927],[12.982297503233,50.8927483170553],[12.9830071158957,50.8926599029835],[12.9835423986167,50.8923827108875],[12.9836529608673,50.8925684005905],[12.9841295897806,50.8931079400735],[12.9861101770428,50.8923302555019],[12.9867346254827,50.8914759428527],[12.9869144289184,50.8911011918583],[12.9870060060078,50.8908936181026],[12.987082475425,50.8911270293212],[12.9869858871156,50.8914398646388],[12.9856387076547,50.8932163364518],[12.9877207715405,50.8945992070111],[12.9879510989894,50.8946444239049],[12.9900402200409,50.8918965803561],[12.9898880885741,50.8917527448354],[12.9899510148273,50.8917199437052],[12.9890945997003,50.8909414496323],[12.9882327376923,50.8902869722227],[12.9891557224609,50.8893941874365],[12.9896697118622,50.8890321767108],[12.9898482861965,50.8889114442925],[12.9904565256188,50.8892364394417],[12.9907834591742,50.8895959136521],[12.9910515496457,50.8895477842046],[12.9900830221826,50.8884129213091],[12.9901195446168,50.8881014583512],[12.9878263669683,50.8881536139954],[12.9877349393193,50.8879087416359],[12.9887348078965,50.8878784495068],[12.9886875549274,50.8877392924298],[12.9886272832572,50.8876883011128],[12.9885904774364,50.8875794371052],[12.9885786190847,50.8874266924391],[12.988998738036,50.8873848818926],[12.9898008966,50.8873781358623],[12.9915752662696,50.8876724214349],[12.9916340056678,50.8870532560454],[12.9914738758327,50.8862812810375],[12.9904639430713,50.8853800475383],[12.9901140867323,50.8853440233509],[12.9892776215694,50.885117164238],[12.9889396839522,50.8851590168711],[12.9888382679399,50.8852183621384],[12.9887959667549,50.8851602337184],[12.9884388726824,50.8852672323328],[12.987633147553,50.8860083917569],[12.9875259553991,50.8848053116382],[12.9871412274315,50.8841160153894],[12.9889272425096,50.8830152790889],[12.9907148838995,50.8817606651119],[12.9947652701535,50.8786028404724],[12.9969621995493,50.8767121183344],[12.9983000945799,50.8756152216469],[12.9991168705465,50.8745963529944],[12.9995838850723,50.8741224596735],[12.9981549007163,50.8737375307786],[12.9963466879187,50.8732974944627],[12.9961283825167,50.8734192280934],[12.9960163846661,50.8737076338537],[12.9959477621319,50.8738283277047],[12.9956587574568,50.8738907299507],[12.9955149009499,50.8736562147725],[12.995523602776,50.8734723400645],[12.9957111314306,50.8730911506233],[12.995760170221,50.8727271265654],[12.9958169687344,50.872430960974],[12.9959761788904,50.8719686038555],[12.9960161007705,50.8718519849989],[12.9961375592855,50.8716754034656],[12.9958858095699,50.871653092925],[12.9957347074239,50.8716268815195]]]}},{"type":"Feature","id":"chemnitz-91","properties":{"city":"Chemnitz","state":"Sachsen","code":"91","name":"Kaßberg","name_atlas":"Kaßberg","population_est":18617,"crime_total":{"cases":1327,"rate":7128.0},"homicide":{"cases":0,"rate":0.0},"sexual":{"cases":21,"rate":112.8},"violence_proxy":{"cases":178,"rate":956.1},"property_total":{"cases":439,"rate":2358.1},"simple_theft":{"cases":274,"rate":1471.8},"aggravated_theft":{"cases":165,"rate":886.3},"fraud":{"cases":254,"rate":1364.3},"other_stgb":{"cases":393,"rate":2111.0},"secondary_law":{"cases":42,"rate":225.6}},"geometry":{"type":"Polygon","coordinates":[[[12.9135928869892,50.8317006235733],[12.9141530486485,50.831954519545],[12.9142550248722,50.8309029801755],[12.914234907518,50.8298960466638],[12.9140275721474,50.8294482016585],[12.9136712932192,50.8290989660319],[12.9130944140778,50.8287697028651],[12.9121523392084,50.8282042996042],[12.9125271419,50.8277327186557],[12.9102823652148,50.8272528089392],[12.9081754969776,50.8268017470721],[12.9061539023905,50.8262939461861],[12.9049034432597,50.8259564494498],[12.9040968056677,50.8257154493452],[12.9010617321909,50.8248997522377],[12.8987590065771,50.8242729597442],[12.8983656986574,50.8245569710956],[12.8970338495074,50.8246199144701],[12.8965983248304,50.82478133333],[12.8959576394681,50.8255602386567],[12.8955372709394,50.8262016125153],[12.8956342154693,50.8273540382728],[12.8954187144152,50.8278065319865],[12.8953882072948,50.827842045615],[12.8948848150091,50.828664719979],[12.8926332963993,50.8292749763163],[12.8922008463616,50.8294087888119],[12.8920105583423,50.8298198793368],[12.8916374837324,50.8306511215686],[12.8922427485602,50.8307689155209],[12.8942003019317,50.8310527905436],[12.8938362643683,50.8313928828125],[12.8936197641273,50.8317847653237],[12.8913810525504,50.8358128564163],[12.891294234464,50.83588119897],[12.8905158962129,50.8374615912944],[12.8923405759535,50.8381410716506],[12.8941453668703,50.838672196918],[12.895299208093,50.839028301809],[12.8965211272582,50.8393979220621],[12.89910156193,50.8401683763694],[12.899399727618,50.8397534939757],[12.9001779432829,50.8386083161645],[12.9032238816689,50.8388708062386],[12.9040229471022,50.8388896378372],[12.9063657788841,50.8387485663874],[12.9076400649132,50.8386504161314],[12.9097181703631,50.8384894358655],[12.9097801273087,50.8372658271074],[12.9097826260204,50.8367131202238],[12.9114238963704,50.8367531508441],[12.9116828726854,50.836421794906],[12.9115757874522,50.8363118296884],[12.9123401487312,50.8351003229187],[12.9128457128427,50.8347510922501],[12.9133343733006,50.8341212863757],[12.9139779701369,50.8338503832122],[12.9141108120561,50.8336720333318],[12.913946548043,50.8326101163469],[12.91359508726,50.8318817059894],[12.9135928869892,50.8317006235733]]]}},{"type":"Feature","id":"chemnitz-46","properties":{"city":"Chemnitz","state":"Sachsen","code":"46","name":"Einsiedel","name_atlas":"Einsiedel","population_est":3684,"crime_total":{"cases":56,"rate":1520.0},"homicide":{"cases":0,"rate":0.0},"sexual":{"cases":1,"rate":27.1},"violence_proxy":{"cases":13,"rate":352.9},"property_total":{"cases":18,"rate":488.6},"simple_theft":{"cases":16,"rate":434.3},"aggravated_theft":{"cases":2,"rate":54.3},"fraud":{"cases":3,"rate":81.4},"other_stgb":{"cases":20,"rate":542.9},"secondary_law":{"cases":1,"rate":27.1}},"geometry":{"type":"Polygon","coordinates":[[[12.9815412817086,50.7624838251473],[12.9809101169837,50.762308925963],[12.9802121716761,50.762259521452],[12.9796452227445,50.7624150541732],[12.979348423112,50.7620053548809],[12.9791514405011,50.7614504161283],[12.9788744391839,50.7601595051878],[12.9785397531604,50.7590991513529],[12.9785810485598,50.758421304298],[12.9785724930455,50.7579173666968],[12.9787495593307,50.7573674647016],[12.9784337109628,50.757278267681],[12.9777476691571,50.7575426675775],[12.9776473997945,50.7576727009947],[12.9776320341263,50.7580249781567],[12.9775627244565,50.7592221015995],[12.9780404776445,50.7603352295578],[12.9780002432621,50.7608036724353],[12.9775995836464,50.7607753019047],[12.9769795634645,50.7606429091864],[12.976223142617,50.7597817523082],[12.9759725175372,50.7594877680188],[12.975422323413,50.7588814589669],[12.9749766218169,50.7583962342707],[12.9747160200571,50.7584372970198],[12.9743537410881,50.7588322051354],[12.9739490459973,50.758968830251],[12.9735300484161,50.7590115230382],[12.9726527387604,50.7588999867927],[12.9721230918381,50.7584589752959],[12.9716980923306,50.7577826301156],[12.9717446012487,50.7573192959795],[12.9717575917782,50.7568633644318],[12.9716025311511,50.7564238002724],[12.9712704243081,50.756060575658],[12.9707353052466,50.7559231895631],[12.9699850392428,50.7555935477657],[12.9691176419495,50.7553721522861],[12.9683481435888,50.7551642484715],[12.9679785646845,50.7546575201865],[12.9684794820139,50.7542022999586],[12.9663762484475,50.7532157950687],[12.9657697820051,50.7537192981547],[12.9654124190922,50.7540977220768],[12.9650033035757,50.7537618646417],[12.9645919535778,50.7532042553577],[12.9647862738943,50.7529877506976],[12.9636551896242,50.7525418912372],[12.9642858318422,50.7520480256675],[12.9631253125298,50.7517904266888],[12.9647901796659,50.7505903201382],[12.9638107475238,50.750289552802],[12.9626009404067,50.7510781959145],[12.9609044296616,50.7528415141845],[12.9601900885233,50.7535149700842],[12.9596485868816,50.7541198436605],[12.9591195407585,50.7545444319189],[12.958491919664,50.7553002815233],[12.9583577862406,50.7554800163597],[12.9576082216052,50.7561601896492],[12.9571396738537,50.7564556693172],[12.9558526052417,50.7571600544351],[12.953997817298,50.7580627899894],[12.9531351465985,50.7584739885129],[12.952238064736,50.7587626201189],[12.9512542471709,50.7583853433547],[12.949946319788,50.7578747097959],[12.9487265223545,50.7577411718462],[12.9476868544756,50.757513146845],[12.947142965533,50.7572329181612],[12.9464833057988,50.7561471456766],[12.9466259647946,50.7560812562174],[12.9466232762544,50.7559480055285],[12.9451967699787,50.7560166957632],[12.9449762634074,50.7561294147338],[12.9437018951034,50.755895578526],[12.9426282849013,50.7555657020966],[12.9418821969173,50.7552198957161],[12.9410907015467,50.7547038556112],[12.9407089492306,50.7545150213419],[12.9390958351194,50.7540722292551],[12.9380897517677,50.7539108041521],[12.9369256246765,50.7536578850739],[12.936340406097,50.7533466978271],[12.935732823279,50.7536282327007],[12.936158832809,50.7541314748098],[12.9353459294588,50.7548679778718],[12.9344693827081,50.7555348122268],[12.9331981875695,50.7560887914297],[12.9328670639171,50.7563069387387],[12.9322865422634,50.7569137105471],[12.9315749342139,50.7584924593322],[12.9309368113624,50.7597150595971],[12.9306687769758,50.7601919375891],[12.9300785097938,50.7608474962527],[12.9292187045967,50.7614892814214],[12.9288692765089,50.7616295781703],[12.9278304371302,50.761844122408],[12.9272615503482,50.7618477929182],[12.9270000218694,50.7625976052894],[12.9270306232804,50.7629119244761],[12.9270814518532,50.7634271946361],[12.9273855066898,50.7640055782231],[12.9273794359255,50.7642809693568],[12.9275327166248,50.7652836188174],[12.927624568499,50.7654649469946],[12.9277787111588,50.7658021507205],[12.9279134033505,50.7661931283246],[12.9279847929301,50.7663574346493],[12.9284190516917,50.7667247186322],[12.9287212744122,50.7666042464648],[12.9293936065092,50.7669493046334],[12.9302960302431,50.7669011009611],[12.9313613141567,50.7673300640061],[12.9320768232337,50.7671890456324],[12.9323859669717,50.7676042819965],[12.9333944618147,50.7677514714691],[12.9338794802186,50.7678089745142],[12.9343110442651,50.7679317793395],[12.9346280267944,50.7682789557612],[12.93499324034,50.7686594971347],[12.9352971340225,50.7690197698526],[12.9357361611263,50.7693635712261],[12.9361632974243,50.7695808870611],[12.9372887951869,50.7697256057391],[12.938391686571,50.7698554828673],[12.9387169666357,50.7699295383184],[12.9388307202351,50.7698291327178],[12.9401578110363,50.7704289624045],[12.941427814842,50.7710223966728],[12.9420834540948,50.7708391309685],[12.9428642585748,50.7710206330441],[12.9437236374827,50.7712903609058],[12.9452663180715,50.7715313205182],[12.9471384216951,50.7718992454765],[12.9482764007246,50.7720873653425],[12.9488303407605,50.7721259187633],[12.9493859249129,50.7721056641987],[12.9497461237756,50.7720364266394],[12.9498486982512,50.7721854954136],[12.9498263128665,50.7724659682549],[12.9497195232751,50.7729813821685],[12.9521642017614,50.7729766172357],[12.9521514063186,50.7737935402971],[12.9525624592712,50.7737715368381],[12.9527581486494,50.7747762394359],[12.9529797130294,50.7758681581303],[12.9543274582703,50.7756465323095],[12.9545136604763,50.7757690908625],[12.95518872746,50.7757200604735],[12.955813916744,50.7756738266737],[12.9563031176643,50.775592842038],[12.9567527397004,50.7755394334847],[12.957883397512,50.7752547305084],[12.9587897590736,50.7750038082465],[12.9590940497726,50.775461054021],[12.9589518261383,50.7758395380189],[12.9596595523766,50.7762237064054],[12.9594601411422,50.7764948570456],[12.9593297163798,50.776694033403],[12.9603346733567,50.77708753107],[12.9609939423829,50.7772085843157],[12.961054924139,50.7775306818977],[12.961160357076,50.7779827561411],[12.9613069658231,50.7783602660885],[12.9610580263859,50.7790876750937],[12.9611290168212,50.7796469928477],[12.9613160206829,50.7804242061255],[12.9612649748805,50.7809997726686],[12.9624686513015,50.7811206211759],[12.9625416946189,50.7812961674891],[12.9627436756379,50.7814706514305],[12.9629920509092,50.7816068478112],[12.963304713924,50.7816322482823],[12.9638414265852,50.7814861781187],[12.9644905294171,50.7812742179135],[12.9652524129723,50.781134444482],[12.9651349160634,50.7819793203635],[12.9653866909617,50.7826440853607],[12.9653949828622,50.7830466436207],[12.9660898673121,50.7829950496916],[12.9661552293891,50.7833121982502],[12.9662193727379,50.7836038033137],[12.9663120343679,50.7838506561677],[12.9663388150087,50.7839627023986],[12.9662175225703,50.7840174674498],[12.9656532189984,50.7840520106523],[12.9656392630474,50.7845099954037],[12.9655656071539,50.7847134085167],[12.9654267861976,50.7849837401149],[12.9651649136513,50.7852253093345],[12.9646658569617,50.7854408603609],[12.9637410047206,50.7857625340834],[12.9641870537294,50.7862524035986],[12.964855547986,50.7862083273744],[12.965545562945,50.7862587788192],[12.9667251431777,50.7864039835405],[12.9674877423978,50.7864909139457],[12.9681749684634,50.7866095689303],[12.9690601279111,50.7868043026421],[12.9694272091188,50.7870371337439],[12.9697458428797,50.787248970083],[12.9702521843724,50.7875830091489],[12.9721960381375,50.7884167774271],[12.9726872463233,50.7886472172788],[12.973108506019,50.7888473896315],[12.9735950202927,50.7890381157491],[12.9738536854738,50.7891556653691],[12.9740733276332,50.789341948154],[12.9742535897859,50.789579864212],[12.9742878486795,50.789930163023],[12.9740247592972,50.790248744121],[12.9738743315092,50.7907972545374],[12.9742368176057,50.7913671328335],[12.9745563695911,50.7918176583023],[12.9747896208999,50.7924011714373],[12.9750868895613,50.7929119769666],[12.9751471977995,50.7930156594756],[12.9771232657631,50.7921965909535],[12.9775253809911,50.7923199213511],[12.9779240696023,50.7914396692434],[12.9783860471619,50.790584980994],[12.9787386413406,50.790630958869],[12.9791784322063,50.7908263090243],[12.9798910735075,50.7911937564117],[12.980143613655,50.7913217689365],[12.9803683240034,50.7913990911353],[12.9805347637411,50.7912505822398],[12.9811975226416,50.7909394687363],[12.9817863458974,50.791358867429],[12.9831293156555,50.7910835741717],[12.9834505962369,50.7915711705018],[12.9836480202378,50.7921097811767],[12.9848660343549,50.7925010620146],[12.9854909092808,50.7917538785704],[12.9859046743266,50.7915283499974],[12.9865272559871,50.790817947115],[12.987522543656,50.7900801385687],[12.9880605733275,50.7898915831486],[12.9884772097181,50.7897550477954],[12.9888048219954,50.7894725914562],[12.9896048799508,50.7889031686511],[12.9905606226417,50.7881194572564],[12.9910557646275,50.7875980093931],[12.9911299059855,50.7873156701557],[12.991296757699,50.7868664733377],[12.9912602301563,50.7864663802556],[12.9915334334836,50.785867955638],[12.9916343747921,50.7852228107384],[12.9919175741955,50.7844866362096],[12.9930900895273,50.782971273916],[12.9936194552294,50.7818016444497],[12.9940061112574,50.7813886613189],[12.994511893727,50.7809997439352],[12.9956258310807,50.7800788942177],[12.9957616202537,50.7798644653951],[12.9964717327545,50.7793669043627],[12.9995451993825,50.7777281223526],[12.999722251198,50.7777415514055],[13.0002596333765,50.7774570485219],[13.0013910286655,50.7770725157109],[13.0043068583149,50.7756572171568],[13.0050261433707,50.7751278258898],[13.0049060869344,50.7750242220522],[13.0042630854759,50.7751513010042],[13.0030465926684,50.7752318919997],[13.002660755526,50.7754613462208],[13.0021846680202,50.775635343186],[13.0015095948391,50.7757646132413],[13.0001622541713,50.7761162177183],[12.9994157222715,50.7763456621443],[12.998703711244,50.7766979516766],[12.9983561663694,50.7769450889407],[12.9980625811624,50.7772864754708],[12.9971693638975,50.7774435715876],[12.9965973206299,50.7775841112518],[12.995754966299,50.7780030315286],[12.9954642519559,50.7784482375528],[12.9944769776691,50.7786025449443],[12.9939511778477,50.7788314546108],[12.9935017567235,50.7791845344576],[12.992948463092,50.7794217985754],[12.992091571556,50.7797102100944],[12.9917628461914,50.7797794189915],[12.9915239137291,50.7797520317687],[12.9912749784531,50.7795880551732],[12.990850495459,50.7793771286815],[12.9900031958687,50.7790709303829],[12.9892206376829,50.7782990141139],[12.9886780867133,50.7775816599607],[12.9884669565453,50.7773043975382],[12.9880313753341,50.7771776458111],[12.9887027134424,50.7767955250559],[12.9889574752729,50.7769569528314],[12.9895215999121,50.777020817583],[12.9899560045872,50.7769448306048],[12.9901894249517,50.7765562971398],[12.990084342132,50.7760573433492],[12.9897890811797,50.7755066900577],[12.9904456344935,50.7752570839977],[12.9910000508589,50.7751457377089],[12.9914555684042,50.7748286259154],[12.9914208186649,50.7746756346849],[12.9912408564105,50.7746105193067],[12.9904605112257,50.7748310648361],[12.9895522076667,50.7749613849806],[12.9895199064123,50.7747389768647],[12.9896179283769,50.7743658340916],[12.9896482709673,50.7738124160097],[12.9897781998815,50.7734980761493],[12.9901245740139,50.7733969114371],[12.9904761109737,50.7732354573666],[12.990691184608,50.7728374687443],[12.9904626447024,50.7724250201098],[12.9900296090473,50.7721506934994],[12.9895404991901,50.7718142961094],[12.9895179208049,50.7716179896044],[12.9895311876347,50.7712513251356],[12.9896448845774,50.7711637201528],[12.9898546478723,50.7711486104467],[12.9903281834987,50.7706913919172],[12.9912289858269,50.7705704291125],[12.9912257444827,50.7704171710944],[12.9911340362498,50.7700540537073],[12.9909982857288,50.7695953486355],[12.9908047385943,50.7693837268777],[12.9901142551195,50.7690178516181],[12.9900002227314,50.7685922837279],[12.9894640372928,50.767907954752],[12.9893378106787,50.7677530020414],[12.9897944301379,50.7673929614675],[12.989729069707,50.767182319257],[12.9893888714538,50.7669998115771],[12.9885315504895,50.7669324487769],[12.9877203575039,50.7668920500436],[12.9867653685345,50.7666578313675],[12.9861522143722,50.7662906941624],[12.9860209362658,50.766141705219],[12.9856020017026,50.765594594827],[12.985584304353,50.7653911701242],[12.9862545816047,50.7654124833419],[12.9870724026877,50.7653718219166],[12.9872283487855,50.7651080211359],[12.9872350669924,50.7647955786899],[12.9866837457042,50.7642050291962],[12.9860929242477,50.7637135108255],[12.9853976945098,50.76342087408],[12.9845431813636,50.7631423227003],[12.9839341599291,50.7630691597447],[12.9832971733424,50.7630203242426],[12.9828665728227,50.7628553014204],[12.9823060067175,50.7627048321744],[12.9815412817086,50.7624838251473]]]}},{"type":"Feature","id":"chemnitz-44","properties":{"city":"Chemnitz","state":"Sachsen","code":"44","name":"Erfenschlag","name_atlas":"Erfenschlag","population_est":963,"crime_total":{"cases":19,"rate":1973.0},"homicide":{"cases":0,"rate":0.0},"sexual":{"cases":0,"rate":0.0},"violence_proxy":{"cases":0,"rate":0.0},"property_total":{"cases":4,"rate":415.4},"simple_theft":{"cases":1,"rate":103.8},"aggravated_theft":{"cases":3,"rate":311.5},"fraud":{"cases":12,"rate":1246.1},"other_stgb":{"cases":3,"rate":311.5},"secondary_law":{"cases":0,"rate":0.0}},"geometry":{"type":"Polygon","coordinates":[[[12.9472854732728,50.7909601350716],[12.9474644484928,50.7910478585826],[12.9477280568547,50.7911380813751],[12.9482276549674,50.7906472746428],[12.949062719994,50.7910275367887],[12.9494279457256,50.7906279105976],[12.9499400734178,50.7900095665083],[12.950711827601,50.7893901943461],[12.9512007971357,50.788995958038],[12.9526850966807,50.7895640029076],[12.9538650839774,50.7901568775038],[12.9540380640377,50.7900174346486],[12.9541591511309,50.7900919318214],[12.95470679954,50.7900733138738],[12.9552519864784,50.7901118005823],[12.956358469217,50.7900867566367],[12.9562724376228,50.7904671471828],[12.9566592240088,50.7905076726525],[12.9581303755643,50.7909981480158],[12.959981080559,50.7913218551228],[12.9613923460111,50.791430127473],[12.962761090711,50.7913598355365],[12.9640427845949,50.7913466195488],[12.9663313703181,50.7921053840298],[12.9670693897456,50.7923079090112],[12.9676194841064,50.7925695478984],[12.968703813725,50.7930366719625],[12.9698224135602,50.794365805801],[12.9703834444648,50.7947598129754],[12.9718039548309,50.795684395444],[12.9720097470858,50.7955159598856],[12.9720299087432,50.7952173598704],[12.9721748519926,50.7950045356847],[12.9729850544426,50.7945206998177],[12.9737492753176,50.7955122929899],[12.9740970528428,50.7957589871564],[12.974932489445,50.7962186440327],[12.9750345487009,50.7969014734063],[12.9753763396973,50.7964374008373],[12.9771324936176,50.7949741081189],[12.9779735146707,50.7946538982478],[12.9797939201834,50.7937881175306],[12.9800096898003,50.7933827507442],[12.9775253809911,50.7923199213511],[12.9771232657631,50.7921965909535],[12.9751471977995,50.7930156594756],[12.9750868895613,50.7929119769666],[12.9747896208999,50.7924011714373],[12.9745563695911,50.7918176583023],[12.9742368176057,50.7913671328335],[12.9738743315092,50.7907972545374],[12.9740247592972,50.790248744121],[12.9742878486795,50.789930163023],[12.9742535897859,50.789579864212],[12.9740733276332,50.789341948154],[12.9738536854738,50.7891556653691],[12.9735950202927,50.7890381157491],[12.973108506019,50.7888473896315],[12.9726872463233,50.7886472172788],[12.9721960381375,50.7884167774271],[12.9702521843724,50.7875830091489],[12.9697458428797,50.787248970083],[12.9694272091188,50.7870371337439],[12.9690601279111,50.7868043026421],[12.9681749684634,50.7866095689303],[12.9674877423978,50.7864909139457],[12.9667251431777,50.7864039835405],[12.965545562945,50.7862587788192],[12.964855547986,50.7862083273744],[12.9641870537294,50.7862524035986],[12.9637410047206,50.7857625340834],[12.9646658569617,50.7854408603609],[12.9651649136513,50.7852253093345],[12.9654267861976,50.7849837401149],[12.9655656071539,50.7847134085167],[12.9656392630474,50.7845099954037],[12.9656532189984,50.7840520106523],[12.9662175225703,50.7840174674498],[12.9663388150087,50.7839627023986],[12.9663120343679,50.7838506561677],[12.9662193727379,50.7836038033137],[12.9661552293891,50.7833121982502],[12.9660898673121,50.7829950496916],[12.9653949828622,50.7830466436207],[12.9653866909617,50.7826440853607],[12.9651349160634,50.7819793203635],[12.9652524129723,50.781134444482],[12.9644905294171,50.7812742179135],[12.9638414265852,50.7814861781187],[12.963304713924,50.7816322482823],[12.9629920509092,50.7816068478112],[12.9627436756379,50.7814706514305],[12.9625416946189,50.7812961674891],[12.9624686513015,50.7811206211759],[12.9612649748805,50.7809997726686],[12.9613160206829,50.7804242061255],[12.9611290168212,50.7796469928477],[12.9610580263859,50.7790876750937],[12.9613069658231,50.7783602660885],[12.961160357076,50.7779827561411],[12.961054924139,50.7775306818977],[12.9609939423829,50.7772085843157],[12.9603346733567,50.77708753107],[12.9593297163798,50.776694033403],[12.9590056401118,50.7770161917643],[12.9582796109926,50.7774138186455],[12.9574073142566,50.7780031731587],[12.9563536520391,50.7788383338235],[12.9532445319266,50.7800916465678],[12.9520732254193,50.7802936452194],[12.9510364386654,50.7805113233733],[12.9494192527252,50.7808968946582],[12.9485177034013,50.7812203380916],[12.947741814428,50.7813435595254],[12.9465285907423,50.7815461005585],[12.9454794283639,50.7816026261436],[12.9450665920927,50.7816012674481],[12.9445974742866,50.7815555785289],[12.9442096975945,50.7814319030948],[12.9437030923636,50.7812194898697],[12.9436980069694,50.7816265520731],[12.9425454219076,50.7845001530216],[12.9421473458558,50.7853414956786],[12.9417824189604,50.7875201763981],[12.9417139795248,50.7884449363923],[12.9417207526268,50.7890242220049],[12.9417984878318,50.789503920435],[12.9418936770818,50.7900050653964],[12.9419958546167,50.7904305997123],[12.9421401846277,50.7905201726837],[12.9423635254365,50.7905139803787],[12.9427107062131,50.7904248229362],[12.9430412983797,50.7903573864211],[12.943322784182,50.7903874905464],[12.9434278356592,50.7905323593755],[12.94358547757,50.7909219401665],[12.9437358994524,50.7910371794577],[12.9441146411278,50.7911511898989],[12.9443479407645,50.7911924516161],[12.9446744981891,50.7910783307203],[12.9452090668242,50.7908762186501],[12.9456843450707,50.7905788413888],[12.9459055607319,50.7905505291318],[12.9472854732728,50.7909601350716]]]}},{"type":"Feature","id":"chemnitz-16","properties":{"city":"Chemnitz","state":"Sachsen","code":"16","name":"Euba","name_atlas":"Euba","population_est":1866,"crime_total":{"cases":24,"rate":1286.0},"homicide":{"cases":0,"rate":0.0},"sexual":{"cases":1,"rate":53.6},"violence_proxy":{"cases":1,"rate":53.6},"property_total":{"cases":2,"rate":107.2},"simple_theft":{"cases":1,"rate":53.6},"aggravated_theft":{"cases":1,"rate":53.6},"fraud":{"cases":10,"rate":535.9},"other_stgb":{"cases":9,"rate":482.3},"secondary_law":{"cases":1,"rate":53.6}},"geometry":{"type":"Polygon","coordinates":[[[13.014615123401,50.8201309595708],[13.0142816266632,50.8204184706314],[13.0138466501585,50.8210618083145],[13.0133069626702,50.8219037540614],[13.012542022823,50.8228433910906],[13.009752208407,50.8254799561506],[13.0069053242416,50.8268787672724],[13.00499257186,50.8277760021222],[13.0034678473718,50.8284575540411],[13.0023616230081,50.8287573207272],[13.0015458587487,50.828867987723],[12.9999133166282,50.8287974020638],[12.9991558371539,50.8288555310463],[12.9980046714221,50.8288829715213],[12.9968524518322,50.8289501165646],[12.9959456858654,50.8293925862862],[12.9950140159497,50.8297533855997],[12.9942816919912,50.8301072157571],[12.9937476055624,50.8304014202842],[12.9934346301122,50.8305705889865],[12.9931532616966,50.8308553997462],[12.9920426676203,50.8325439690299],[12.991935707731,50.8329167405302],[12.9919114950232,50.8331604722486],[12.9918815370583,50.8334682601302],[12.991825893139,50.8337162165651],[12.9917178918767,50.833911669229],[12.9911685582537,50.8338226990341],[12.9907915108634,50.8337787771547],[12.990214002875,50.8337250542979],[12.9894588254589,50.8337690940049],[12.9889194698081,50.8338964888931],[12.9877393226126,50.83665052597],[12.9886368516123,50.8368913188143],[12.9894163356854,50.837304406379],[12.9874269306022,50.8398641316164],[12.9863906038473,50.8397385918591],[12.9837357885791,50.8450325080446],[12.9828382650605,50.8471228513545],[12.9831579025673,50.8471156568987],[12.9833993824767,50.8471091197631],[12.9837920860895,50.8474061331218],[12.984046870864,50.8473441948554],[12.9842903396976,50.847856033394],[12.9845332842474,50.8483104176185],[12.9848486732599,50.8487758946633],[12.9850674852753,50.8490707738458],[12.9853366002273,50.8493953843878],[12.9860646722932,50.8502198335285],[12.9866390413903,50.8516649515118],[12.9867015141537,50.852255250154],[12.9894105417112,50.8515298734947],[12.9933044211728,50.8509785022801],[12.9960705508755,50.8508489353628],[12.9988061509887,50.8508148927854],[13.000758360071,50.8510426947884],[13.0037789069667,50.8514890976265],[13.0062900024765,50.8520632772839],[13.0072066323719,50.8522227019341],[13.0074276017774,50.852220790306],[13.0080050162021,50.8519108483273],[13.0089599823843,50.8511739746255],[13.0104794478292,50.8497486473668],[13.0112659571587,50.8493810340879],[13.0118377953146,50.8498354868795],[13.0126367133178,50.8495213238294],[13.0133791245461,50.8491539812602],[13.0142377349564,50.8486674021727],[13.0150473455618,50.8483863275575],[13.0163361924053,50.8479983328273],[13.0181295639659,50.8473491893084],[13.0198073362559,50.8468536548151],[13.0210530065824,50.8465395610225],[13.0217754738316,50.8463925346128],[13.0227001388291,50.8462678855078],[13.0235214297048,50.8462173945756],[13.0240909165594,50.8465832911995],[13.0249088777491,50.8468053375619],[13.0259975096328,50.8472237263624],[13.0273393842969,50.84785631008],[13.0282626100865,50.8483433596046],[13.0287417892889,50.8483555333715],[13.0299485172376,50.8481671621458],[13.0314613311804,50.8480464219356],[13.0320824547723,50.8480610076352],[13.0330067948399,50.8480543114197],[13.0323838594983,50.8471135196093],[13.032834374927,50.8467212174139],[13.0331151720587,50.8464586335049],[13.0332507526601,50.8461566668698],[13.0333013022054,50.8456838304544],[13.0331633577149,50.8452090861221],[13.0339447338695,50.8449462084584],[13.0349502730667,50.8444539866805],[13.0361418795574,50.8439400937376],[13.0363970426549,50.8438461621677],[13.0368589194186,50.8436485422171],[13.0388608180417,50.8432954796167],[13.0406551883491,50.8429591973205],[13.0429672816682,50.8425567131262],[13.0433526255355,50.8423605654906],[13.0439386244014,50.8421528146821],[13.0454381680423,50.8419558954364],[13.0463414654668,50.842009639545],[13.0472668945691,50.8420059880339],[13.0477591893944,50.842139494068],[13.048168154579,50.8422910106378],[13.0487125908595,50.8423549959404],[13.0488070023494,50.841890212538],[13.0487688183232,50.8414128729158],[13.0488760020587,50.8410396539466],[13.0490490063288,50.8406819671137],[13.049401004794,50.8386452607419],[13.0494309938725,50.8378969328754],[13.0494393560942,50.8365085851052],[13.0495143271391,50.8360749729571],[13.0495673027415,50.8352298411659],[13.0495418740522,50.8340973736745],[13.0488452102946,50.8330779631605],[13.0482816792201,50.8322284671592],[13.048193864689,50.8320897136188],[13.0479594893104,50.8314585057238],[13.047887559131,50.8310206361881],[13.0478219311138,50.8308637920133],[13.047781827765,50.8304801381777],[13.0476901355043,50.8298386181197],[13.0471735403359,50.8288904614287],[13.046879730127,50.8284153733442],[13.0467118415974,50.828075409925],[13.0464062862542,50.8276582356189],[13.0461301731831,50.827177674127],[13.0458709296343,50.8268454975812],[13.0455173357759,50.8262325308179],[13.0450852838988,50.8256453166703],[13.0445608278286,50.824949400216],[13.0449517521324,50.8249752763925],[13.0449744364574,50.8249179243428],[13.0445113410535,50.8248741044163],[13.0441544702331,50.8243705780501],[13.043943419213,50.8237823385882],[13.0439315353858,50.8232494618629],[13.0437933492578,50.8227634194267],[13.0433578389285,50.8220201089988],[13.0425199904636,50.8224491582027],[13.0423896935611,50.8225641107124],[13.0419213057765,50.8223316187498],[13.0415646695534,50.8221022271403],[13.0411227700612,50.8213109131088],[13.0405073526574,50.8206112246033],[13.0400593609067,50.8199976029934],[13.0395886173949,50.819149344524],[13.0393368511263,50.8189249884233],[13.0388674292544,50.8187016868731],[13.0384301108313,50.8186565165856],[13.0372930952447,50.8202186851383],[13.0336307153983,50.8189723933691],[13.0327298028842,50.818567056543],[13.0307889330539,50.8191162324453],[13.0288243943271,50.8195490743028],[13.0268518408004,50.8194555992404],[13.0248887377839,50.8196251870057],[13.0248047779635,50.8187221151208],[13.0246913923877,50.8181032542019],[13.0240742855896,50.816542120053],[13.0235652765053,50.8157370201748],[13.0227409595375,50.816014282486],[13.0218795814426,50.816596520968],[13.0211435632519,50.8170595268405],[13.0203058506146,50.8175958819164],[13.0194537422478,50.8179054851735],[13.0188947848977,50.8182730213713],[13.0183628004102,50.8187113334985],[13.0180083138003,50.8189058248216],[13.017026433848,50.8194246626317],[13.016262466002,50.8197234142665],[13.014615123401,50.8201309595708]]]}},{"type":"Feature","id":"chemnitz-11","properties":{"city":"Chemnitz","state":"Sachsen","code":"11","name":"Furth","name_atlas":"Furth","population_est":1383,"crime_total":{"cases":205,"rate":14823.0},"homicide":{"cases":0,"rate":0.0},"sexual":{"cases":0,"rate":0.0},"violence_proxy":{"cases":39,"rate":2820.0},"property_total":{"cases":53,"rate":3832.2},"simple_theft":{"cases":21,"rate":1518.4},"aggravated_theft":{"cases":32,"rate":2313.8},"fraud":{"cases":62,"rate":4483.0},"other_stgb":{"cases":48,"rate":3470.7},"secondary_law":{"cases":3,"rate":216.9}},"geometry":{"type":"Polygon","coordinates":[[[12.9060494509778,50.8624198078696],[12.9079205377657,50.8627789380923],[12.9098141760479,50.8631632059912],[12.9109285468518,50.8635968371055],[12.9116515780042,50.8641831843543],[12.9120401805479,50.8649950117281],[12.9120424855227,50.8656914619959],[12.9112042660471,50.8667058885419],[12.9122950907127,50.866913780332],[12.9135420688121,50.8669890384802],[12.9140780611247,50.8669230043027],[12.9141314378033,50.8671544717004],[12.9145171010689,50.8671450159114],[12.9153693570191,50.8673540636107],[12.9161663946026,50.8674710113959],[12.9164699204283,50.8677014237871],[12.9178186476469,50.8682198074694],[12.918582942809,50.8680592201659],[12.9197869980546,50.8689731078816],[12.9235748710757,50.8703451319311],[12.9312509968005,50.8730496960433],[12.9296329481888,50.8718595677006],[12.9285249703841,50.8706615862084],[12.9274350493006,50.8689393589109],[12.9267304917008,50.867224627361],[12.926592387881,50.8660776616267],[12.92674531891,50.8644770544195],[12.9271809503882,50.8633035697741],[12.9277326812552,50.8622706445756],[12.9285673813413,50.8612954796536],[12.9299319825851,50.8600030751975],[12.9308898568241,50.8588541054538],[12.9323008447436,50.8557484783121],[12.9326891457944,50.8551168300543],[12.9341296384753,50.8537607624354],[12.9344840302783,50.853196358729],[12.9348796363656,50.8515977569817],[12.934715252006,50.8518917683047],[12.9342748544912,50.8524723247012],[12.9336429394369,50.8529709030694],[12.9324771131294,50.8535583394264],[12.9316598751343,50.8538666437466],[12.9305454526284,50.8541286651031],[12.929861241699,50.8541599260851],[12.9293619307101,50.8541886765152],[12.928412179079,50.854116483113],[12.9261855446323,50.8536075035241],[12.9216755021056,50.8525764856189],[12.9205856989691,50.8523482112246],[12.9201797418264,50.8523254608843],[12.9190803973371,50.8523057557985],[12.9176796819675,50.8524909745601],[12.916747452251,50.8528555477477],[12.9145820500028,50.8539246659843],[12.9140681806278,50.8542007089384],[12.9089233555528,50.8567115539802],[12.9070085789914,50.857858205965],[12.9062809210114,50.8582940050995],[12.9049901184291,50.8590669568667],[12.9043927668548,50.8596994018301],[12.9041929880729,50.8602677230662],[12.9041962527844,50.8608036349217],[12.9045979698143,50.8615252342965],[12.9054058750639,50.8621634943998],[12.9060494509778,50.8624198078696]]]}},{"type":"Feature","id":"chemnitz-24","properties":{"city":"Chemnitz","state":"Sachsen","code":"24","name":"Gablenz","name_atlas":"Gablenz","population_est":15311,"crime_total":{"cases":1011,"rate":6603.0},"homicide":{"cases":0,"rate":0.0},"sexual":{"cases":12,"rate":78.4},"violence_proxy":{"cases":174,"rate":1136.4},"property_total":{"cases":376,"rate":2455.8},"simple_theft":{"cases":180,"rate":1175.6},"aggravated_theft":{"cases":196,"rate":1280.1},"fraud":{"cases":152,"rate":992.8},"other_stgb":{"cases":254,"rate":1658.9},"secondary_law":{"cases":43,"rate":280.8}},"geometry":{"type":"Polygon","coordinates":[[[12.9402342612476,50.8287671136193],[12.939614138819,50.8301729425564],[12.9394364194295,50.8304623065855],[12.9391620751168,50.8308748628775],[12.940438251368,50.8307594633908],[12.9410396605641,50.8308417895618],[12.9412535838906,50.8308878504806],[12.9427084182481,50.8312986087449],[12.9431370022202,50.8314265616302],[12.9436044269609,50.8315601749235],[12.9443058674302,50.8317755220825],[12.9460555527747,50.8321334737331],[12.9466447783724,50.832269475741],[12.947235166169,50.8322587035878],[12.9476780446688,50.8321356270865],[12.9485378580827,50.8318788469636],[12.9502034777401,50.8318951516386],[12.9517903236191,50.8318463597755],[12.9534410080147,50.8314208031933],[12.9539311175584,50.8313804645221],[12.9541654438331,50.8313372117836],[12.9546519989249,50.8313751168728],[12.95575869449,50.8316749891366],[12.9562315105998,50.8317895636672],[12.9567739076579,50.8317134618932],[12.9571954914443,50.8315586361982],[12.9577869567458,50.8308712031239],[12.9581652976173,50.8305202951509],[12.9587144093701,50.8301121396984],[12.9590058638189,50.8298907434742],[12.9601586167116,50.8293832940977],[12.9606799853551,50.8292495360444],[12.9616294464984,50.8290503735985],[12.9630277070345,50.8286745057698],[12.9638010735471,50.8290460006154],[12.9640559553209,50.8292342951295],[12.9646385817844,50.8296792763062],[12.9661091637295,50.8301096824755],[12.9671130048704,50.8307066006859],[12.9681249197161,50.8312271260843],[12.9700782987183,50.8317283901196],[12.9708204015144,50.8319138133021],[12.9719732968094,50.8323005491956],[12.9728162036241,50.8324919797213],[12.9736911294616,50.8325541379861],[12.9742838198432,50.8324466600717],[12.9753493332267,50.8322023659409],[12.9770447711288,50.831846950384],[12.9777124814137,50.8316859986591],[12.9789773265601,50.8313215134134],[12.9799182126842,50.8312685947175],[12.9806824178994,50.8313335768077],[12.9815938503359,50.8315265617654],[12.9821567564216,50.8317489387375],[12.982904043415,50.8321559270155],[12.9826128579895,50.8318587502108],[12.981511071321,50.8311537790036],[12.9759040277749,50.8267769768726],[12.9746935877141,50.8261835838626],[12.9744677616227,50.8261115669501],[12.9741254298867,50.8260462088274],[12.973614195181,50.8257673250552],[12.9731720867505,50.8255422050752],[12.9726088852395,50.8252197278091],[12.9717728505038,50.8246084627825],[12.9716555683859,50.8245160462489],[12.9717871839747,50.8243730986769],[12.9699169999313,50.8228867032988],[12.9688408805059,50.8219860541506],[12.968575198276,50.8217855073382],[12.9683825449932,50.8216245586363],[12.9684542768563,50.8212966794002],[12.9678696295398,50.8212230569565],[12.9669957068973,50.8204474278027],[12.9670124612592,50.8202421521793],[12.9669215208813,50.8201335960694],[12.9667214384921,50.8200723286077],[12.9662680210372,50.8200303337076],[12.9663406246299,50.8198424845431],[12.965917468358,50.8197676970272],[12.9654448391949,50.8195991998482],[12.9651859786841,50.8194675846486],[12.9644802526787,50.8195214269065],[12.9645413832711,50.8193273823341],[12.964451535974,50.819161284018],[12.9649310020895,50.819118484485],[12.9647777913243,50.8185345357735],[12.9636280563951,50.8185071086842],[12.9637661263217,50.8188635326363],[12.9632557086646,50.8187899316564],[12.9630583900198,50.8174302820356],[12.9628793291886,50.8161424604491],[12.9628714861457,50.8154101260182],[12.9627900482845,50.815205263595],[12.9625223072988,50.8142067861746],[12.9620347654653,50.8133151610527],[12.9616400205835,50.8128025985541],[12.9608485730871,50.8119244580049],[12.960034133645,50.8122642174551],[12.9588495981485,50.8127327769551],[12.9577111055232,50.8131934471462],[12.9573919099823,50.8133066599666],[12.9561005851049,50.8138589077474],[12.952298295916,50.8154882068521],[12.950238970443,50.8163331330852],[12.9497299912123,50.816533981246],[12.9470811214719,50.817652757647],[12.9440986957961,50.8188894004847],[12.9439147812567,50.8194342665078],[12.943082995858,50.8215064182274],[12.9426281517837,50.8226149488402],[12.9422361623182,50.8235909680788],[12.9418011297635,50.8247159098509],[12.9413412423336,50.8259049562468],[12.940945073526,50.8269395215004],[12.9402342612476,50.8287671136193]]]}},{"type":"Feature","id":"chemnitz-12","properties":{"city":"Chemnitz","state":"Sachsen","code":"12","name":"Glösa-Draisdorf","name_atlas":"Glösa-Draisdorf","population_est":3591,"crime_total":{"cases":85,"rate":2367.0},"homicide":{"cases":0,"rate":0.0},"sexual":{"cases":3,"rate":83.5},"violence_proxy":{"cases":12,"rate":334.2},"property_total":{"cases":29,"rate":807.6},"simple_theft":{"cases":6,"rate":167.1},"aggravated_theft":{"cases":23,"rate":640.5},"fraud":{"cases":21,"rate":584.8},"other_stgb":{"cases":18,"rate":501.3},"secondary_law":{"cases":2,"rate":55.7}},"geometry":{"type":"Polygon","coordinates":[[[12.9518246844953,50.8827290434067],[12.9511450366688,50.8822632191662],[12.9484097406233,50.8806818617368],[12.9452603796457,50.8792783729575],[12.9408435038949,50.8774513159358],[12.9399655617059,50.8770772524164],[12.9334241964131,50.8742037879286],[12.9312509968005,50.8730496960433],[12.9235748710757,50.8703451319311],[12.9197869980546,50.8689731078816],[12.918582942809,50.8680592201659],[12.9178186476469,50.8682198074694],[12.9164699204283,50.8677014237871],[12.9161663946026,50.8674710113959],[12.9153693570191,50.8673540636107],[12.9145171010689,50.8671450159114],[12.9141314378033,50.8671544717004],[12.9140780611247,50.8669230043027],[12.9135420688121,50.8669890384802],[12.9122950907127,50.866913780332],[12.9112042660471,50.8667058885419],[12.9110961942285,50.8667994879599],[12.9101543869256,50.8679539952625],[12.9082912247087,50.8701856555133],[12.9056460888197,50.8734099765418],[12.9046469558049,50.87473187496],[12.904081319493,50.8751574645804],[12.9030934373289,50.8757547080717],[12.9023469840037,50.8761590815332],[12.8963249616622,50.8793468931436],[12.8942422877402,50.880447965003],[12.8920672621673,50.8815557338748],[12.8921316273152,50.8817725078812],[12.8919225177,50.8823255131692],[12.8918320644084,50.8838039011019],[12.8917596851904,50.8848636732292],[12.8919200785623,50.8856044381573],[12.891919786225,50.8871332417577],[12.8919608798833,50.888324281642],[12.8921211354732,50.8888187217128],[12.8924186651504,50.8891791385724],[12.8927717338809,50.8894418215465],[12.8932355217458,50.889714752532],[12.8934419408783,50.8897350584602],[12.8939518205321,50.8893794348758],[12.8944198225304,50.8891401406336],[12.8947576636936,50.8890855705039],[12.8951782702171,50.8890628503558],[12.8952461463978,50.8894242158515],[12.8945402997112,50.8898056465813],[12.894613059178,50.8899538721186],[12.894454929851,50.8900938431073],[12.8946197559797,50.8903032955584],[12.8944463400082,50.8903754051256],[12.8934092685722,50.8906222347264],[12.8931348790357,50.8908986085513],[12.893064412253,50.8912353524386],[12.8932239734657,50.8915349440366],[12.8937563945719,50.891588375308],[12.8937295011726,50.8915558302185],[12.8945825044754,50.8917337533379],[12.8953885111179,50.8919096542677],[12.897030637313,50.8922516236948],[12.8992125450901,50.8923114977462],[12.9004549217525,50.8923402464382],[12.9017461947647,50.8924005338733],[12.9053152231792,50.8923613380181],[12.9067829476324,50.8921217498407],[12.9098276879572,50.8915733433182],[12.9118847981283,50.8908587414502],[12.9164826412028,50.8891610101871],[12.9187202070082,50.8882858499106],[12.9202465765758,50.8871297501317],[12.9208829862147,50.8862408378811],[12.9218658403159,50.8862190398517],[12.9221998868022,50.8862965671356],[12.9241894515243,50.8864747933211],[12.924108496759,50.8872413519161],[12.924157605327,50.8879669969263],[12.9241933280991,50.8892270453791],[12.9263686715623,50.8894027487807],[12.9263759693323,50.8896315359032],[12.926410405427,50.8899029541272],[12.9278243697606,50.8898878038898],[12.9282094563129,50.8898847365002],[12.9286067896339,50.8898776716039],[12.9292252748148,50.8898357008052],[12.9297074718486,50.8897577752421],[12.9303266335093,50.8895951219474],[12.9305253652927,50.8907485929465],[12.9317031488365,50.8903600690302],[12.9316431722433,50.8895239105201],[12.9316175264262,50.8889760255402],[12.9318718499981,50.8888109538755],[12.9321540108699,50.8888112846491],[12.9323594238196,50.8889076818107],[12.9331895950664,50.8889543022951],[12.9339855659425,50.888914149261],[12.9354681456707,50.8888047081815],[12.9370372987517,50.8888591710338],[12.937432179291,50.8889398290056],[12.9377744124697,50.8890785441515],[12.9380902440563,50.8893741437889],[12.9379802727667,50.8895741468405],[12.9381660189189,50.8898202774096],[12.9389216566201,50.8900694765555],[12.9393267785363,50.890108708732],[12.9399867259053,50.8904692853957],[12.9406259500789,50.8906911796879],[12.9415787302868,50.8909162229343],[12.9421445218708,50.8910158462035],[12.9428501224673,50.8909390464722],[12.9431807448617,50.8909057277675],[12.9435826661246,50.8907210731739],[12.9437469434262,50.8904517952694],[12.9438282677302,50.8902717863539],[12.9439236145144,50.8900277247282],[12.9440292507262,50.8897721388127],[12.9442382705827,50.889322567248],[12.9454579863798,50.889525800573],[12.9452876271576,50.8904420225839],[12.9450056151761,50.8913886010905],[12.9448687125488,50.8927411812249],[12.9459479498378,50.8926284660368],[12.9468106353692,50.8926387882422],[12.946769376239,50.8912790000337],[12.9466860938148,50.8899900559093],[12.9473796045682,50.8899534830732],[12.9480632115982,50.8899107996336],[12.947869452128,50.8894610908665],[12.9479104508787,50.888167010159],[12.9478918574524,50.8876703010801],[12.9480555317814,50.8871262409492],[12.9492105029486,50.8872309105603],[12.9500057399331,50.8872918774529],[12.9506674474705,50.887123366094],[12.9519146473371,50.8875341466052],[12.952212825161,50.8883613412153],[12.9525340967685,50.8891655435213],[12.9527190458381,50.8894008187043],[12.9529550509523,50.8901004794837],[12.9554045963718,50.8901794052479],[12.9554815628402,50.8905546301643],[12.9547214168449,50.8906548227361],[12.9536946864359,50.8907885085124],[12.9531224488107,50.8908808881305],[12.9532132565237,50.8914501880465],[12.9530860647096,50.8920087434342],[12.9528525585666,50.892693451026],[12.9533660702067,50.8926328755849],[12.9540252259658,50.8924332957359],[12.9546653555436,50.8922714523125],[12.9556778570092,50.891924894378],[12.956121306994,50.8918272975204],[12.9571781194886,50.8917121396534],[12.95791395085,50.8923575904918],[12.9580771692478,50.8923520751048],[12.9570951614056,50.8892999741336],[12.9565634487624,50.888030118982],[12.9556119023335,50.8865218061078],[12.9535513962584,50.8841636273377],[12.9530853366879,50.8837764116695],[12.9524088189388,50.8832144571373],[12.9518246844953,50.8827290434067]]]}},{"type":"Feature","id":"chemnitz-95","properties":{"city":"Chemnitz","state":"Sachsen","code":"95","name":"Grüna","name_atlas":"Grüna","population_est":5134,"crime_total":{"cases":121,"rate":2357.0},"homicide":{"cases":0,"rate":0.0},"sexual":{"cases":4,"rate":77.9},"violence_proxy":{"cases":18,"rate":350.6},"property_total":{"cases":22,"rate":428.5},"simple_theft":{"cases":11,"rate":214.3},"aggravated_theft":{"cases":11,"rate":214.3},"fraud":{"cases":26,"rate":506.4},"other_stgb":{"cases":48,"rate":934.9},"secondary_law":{"cases":3,"rate":58.4}},"geometry":{"type":"Polygon","coordinates":[[[12.812402278691,50.81497117314],[12.8124503612607,50.8145286549315],[12.812609476902,50.8140217105908],[12.8127019994419,50.8138373471079],[12.8128697449738,50.8135445870826],[12.8129956539209,50.8132827114046],[12.8131742793691,50.8130745610557],[12.8134499169758,50.8126122220561],[12.8137718869933,50.812106520674],[12.8138874450453,50.8118538551255],[12.8141428203303,50.8117612421357],[12.8140570716024,50.8116616135124],[12.8138658685624,50.8112735520343],[12.8139173169285,50.8110142440945],[12.8124044477002,50.8111062618948],[12.8101760192493,50.8107098602838],[12.8100615117344,50.8102388334637],[12.8096722592597,50.810278983312],[12.8090510843314,50.8095104824856],[12.8067540097806,50.8091606384504],[12.8048328124483,50.8087596203661],[12.8030533800259,50.8084833660963],[12.8015257393711,50.8083500650333],[12.8013102729779,50.8084043351259],[12.8012218970879,50.8085199405625],[12.8008077706546,50.8083842917514],[12.8004457536447,50.808346827453],[12.799992758039,50.8083952116466],[12.7989503405804,50.8082790551085],[12.7985297306064,50.8081692040469],[12.7964664929425,50.8075130398539],[12.7955411557829,50.8071334384134],[12.7947605371131,50.8071222282859],[12.7944226036899,50.8068603166191],[12.7934230038855,50.8066140797055],[12.7918178637489,50.8062478784151],[12.7910198904184,50.8059784173885],[12.7893698977645,50.8052451826278],[12.7889221566846,50.8048988675599],[12.7880393211169,50.8048138251527],[12.7866250108694,50.8043201147327],[12.7838355267343,50.8035389190081],[12.7826883800431,50.8033400847224],[12.7806084193294,50.8027166616968],[12.7787009087714,50.8022214232642],[12.7768960412862,50.8019551076193],[12.7757731095359,50.8016371042737],[12.7753006071716,50.8014546382186],[12.7748791321031,50.8016850794914],[12.7739138732612,50.802013729832],[12.7732202719834,50.8022339907698],[12.7713302410154,50.8026050405028],[12.7705029237362,50.802900269351],[12.7705370674692,50.8029671282391],[12.7691851580777,50.8034845914744],[12.7684210399826,50.8036303308333],[12.7672125457771,50.8037854234542],[12.7666001298619,50.8040285456273],[12.7676523804253,50.8058424000432],[12.7685720956958,50.807474432611],[12.7685328599795,50.8081965897759],[12.7685336015721,50.8097426542092],[12.7686841922403,50.8103502798732],[12.7690140204689,50.8112734731659],[12.7682434097395,50.8115287023558],[12.768065800049,50.8114708561654],[12.7676881411309,50.8112769303127],[12.7673898344516,50.8111970573996],[12.7671809966568,50.8110844994938],[12.7665904440632,50.8116227127844],[12.767285964026,50.8119506666424],[12.7666065998116,50.8122281720153],[12.7656396808038,50.8123543374933],[12.7648264542924,50.8125644396008],[12.7646607281895,50.8126627631292],[12.7644128175525,50.8126643913697],[12.7640952522229,50.8125850735621],[12.7636502488911,50.8129394634189],[12.7635338796599,50.8129304061152],[12.7627769951014,50.81339612113],[12.7612080745311,50.8129338181549],[12.7600563957314,50.8130170085144],[12.7595665631415,50.8130962680618],[12.7594362247417,50.8134005596337],[12.7590981146625,50.8136468739683],[12.7590862808906,50.8138728256814],[12.7590119910759,50.8140697231828],[12.7583946290668,50.8147022652702],[12.7579008898394,50.8143568505078],[12.7571454944616,50.8147083967661],[12.7563352150991,50.8150105035209],[12.7550363644049,50.8160813737518],[12.7531036771406,50.8178339596061],[12.750293095145,50.8184591830682],[12.7476169487609,50.8192977394021],[12.7473149929599,50.8192743802666],[12.7467126166088,50.8194668526101],[12.7467195112384,50.8195773776694],[12.7478786135186,50.8214008344654],[12.7439679786724,50.8225625281398],[12.7425458577525,50.822613961407],[12.7387744491432,50.8212639417399],[12.7397543414846,50.8199742665605],[12.7390737188266,50.8196299768421],[12.7378100095472,50.8187823145113],[12.7373527115413,50.8183256915797],[12.7357958887493,50.8180638550994],[12.7333561023765,50.8176040689775],[12.7308038432786,50.8168932453889],[12.7276816055486,50.8160264782704],[12.7274878948512,50.8166621665666],[12.7277000063409,50.8172092969707],[12.7284797646896,50.818587382898],[12.7288379618488,50.8191080450604],[12.7298727619983,50.8197195515164],[12.7317198734468,50.8204455016309],[12.7331486285649,50.8213152632295],[12.7346195794886,50.8226211830556],[12.7366550175555,50.8232421677553],[12.7365449263395,50.8257781136032],[12.7369413715104,50.827686950181],[12.7374621346275,50.8284256758357],[12.7376062019491,50.8289517077359],[12.7384063033751,50.8291079517923],[12.738859082015,50.8293205999457],[12.739400593535,50.8294198155851],[12.7400420364598,50.8294688060898],[12.7410396920995,50.8292725538334],[12.7417805024893,50.8290009669918],[12.7417092944637,50.8283260020499],[12.7439575680191,50.8281499673621],[12.7447830901684,50.8283239245415],[12.7455887429908,50.828058089768],[12.746364514281,50.8275317496134],[12.747476360589,50.8272835491771],[12.7479097995383,50.8271165549119],[12.7483221872013,50.8266629636384],[12.7486301982409,50.8261021819226],[12.7492933966544,50.825309742554],[12.7509236196872,50.8243497078309],[12.7528729736055,50.8243557615814],[12.7529752231056,50.8248257393595],[12.753570543281,50.8242840216313],[12.7538267959607,50.8239772221725],[12.7543041006313,50.8232057419917],[12.7550048320556,50.8225510365666],[12.7560701332697,50.822810111989],[12.7564724109793,50.8231695319704],[12.757355002793,50.8236662149218],[12.7612200250621,50.8226905006057],[12.7619476395657,50.8220712969527],[12.7617865992532,50.8220459621314],[12.7622607711785,50.8213014687045],[12.7627570431247,50.8213610944667],[12.7635215831092,50.8215483380849],[12.7642897473801,50.8217582502275],[12.7649062357094,50.8216222693174],[12.7652628987098,50.8216048477664],[12.7657353619542,50.821756297174],[12.764918364103,50.8224847378771],[12.7665438547612,50.823067911163],[12.7659998012905,50.8235342187511],[12.7650625194507,50.8241941252395],[12.7643113219905,50.8247613253723],[12.7631569614628,50.8259066059756],[12.7650890646203,50.8264616709841],[12.7639722162405,50.8275248404486],[12.7632439196016,50.8283583488649],[12.7629128864165,50.8288784793984],[12.7624965334872,50.829394104002],[12.7634800549251,50.8297274122568],[12.7647307543896,50.8300778049773],[12.7658528513412,50.8302537186456],[12.7663217829331,50.8297087664253],[12.7671500372722,50.8288839362106],[12.7696806840553,50.8263690105126],[12.7704908371623,50.8257149134976],[12.7713236611088,50.8252387462169],[12.7720325534839,50.8246553717546],[12.7729929778643,50.8250808102612],[12.7737113510543,50.8255074082888],[12.7740203323036,50.8260199527806],[12.7743540091293,50.8264454178268],[12.7746545468899,50.8273820904223],[12.775542815126,50.8280726184923],[12.7765798050738,50.828702666924],[12.7777801344513,50.8295077975276],[12.776910748472,50.8299568135321],[12.7761280710618,50.8304770118433],[12.7764452215795,50.8305003371725],[12.7776645374448,50.8315577225845],[12.7786620228055,50.832377747918],[12.7796923584676,50.8316471440675],[12.7805330264856,50.8300510145296],[12.7807708063414,50.8300288418321],[12.7821178340393,50.8300457391795],[12.7832293904732,50.8302876685014],[12.7837028467294,50.8303509906135],[12.7848200347272,50.830715022257],[12.7855748351793,50.8311832415758],[12.7864966216131,50.8319247119728],[12.7871836223413,50.832221892474],[12.7878218049015,50.8325617949757],[12.7860679097954,50.8335605144991],[12.7845935018363,50.8347858268549],[12.7834311853465,50.8361818917036],[12.7828474065004,50.8367247751263],[12.7830297451964,50.8368378764941],[12.7834062164151,50.8369986697597],[12.7844429526253,50.837334679013],[12.785711540727,50.8376609490675],[12.78695588687,50.8380771908561],[12.7883584560546,50.8387046643111],[12.7902426500757,50.8369802010133],[12.7908047520532,50.8379298939595],[12.7915593383901,50.8389958489715],[12.7920274157367,50.8396855580707],[12.792576353399,50.8415261821108],[12.7933481480011,50.8421601526296],[12.7955056987751,50.842789049476],[12.7963594510965,50.8432692286771],[12.7998740114648,50.8444408398984],[12.8009985366929,50.8452678887911],[12.802430835315,50.8459877514226],[12.8027110122809,50.8463693945385],[12.8033914290044,50.8466053568556],[12.8041147765338,50.8469829039211],[12.8046035332675,50.8471508947855],[12.8058920506896,50.8472616772359],[12.8073315341451,50.8474792222434],[12.8076310329897,50.847893788341],[12.8091585519141,50.8485313042094],[12.8100238164297,50.8489072179009],[12.8113277537743,50.8492916307726],[12.8123572681661,50.8496548050452],[12.8134387845085,50.8498555732158],[12.8129519990307,50.8481731194502],[12.8131434375278,50.847572178198],[12.8132485357085,50.8463633572196],[12.8154660293627,50.8469568974554],[12.8165141091456,50.8473888618826],[12.8173780183999,50.8475400482433],[12.8177076124733,50.8471209119704],[12.8182563736349,50.8463927802904],[12.8189412513104,50.8455447434189],[12.8178014165056,50.8452731894027],[12.8173728426717,50.8451064628545],[12.8170700291541,50.8449188862494],[12.8163686155921,50.8444745162781],[12.8157635345912,50.8441293047631],[12.8152360557615,50.8437136620749],[12.8147080610026,50.8432680696096],[12.8144989719595,50.8430299090933],[12.8141405476888,50.8423634712096],[12.8138992481026,50.8420855988364],[12.8134203008382,50.8415825029768],[12.8129970333924,50.8409681571675],[12.8126619961867,50.8402760286144],[12.8124621396664,50.8396568191288],[12.8120025337097,50.8390636191551],[12.8117197788642,50.8386563922431],[12.8113997947454,50.8383238894578],[12.8112373714084,50.8380174311348],[12.8108391631074,50.838115192451],[12.8106258958376,50.8381709552528],[12.8101910429316,50.8382146889776],[12.8097496787708,50.838294651977],[12.809591653389,50.8382414688233],[12.8102187494347,50.8377531177839],[12.8098869307173,50.8375609218711],[12.8097085060346,50.8375666852586],[12.8094342063499,50.8373967041891],[12.8092679468409,50.8372802526834],[12.8093232665613,50.8371758316084],[12.8101105502609,50.8373002538563],[12.8109253977541,50.8373230108646],[12.8111181036175,50.8373171457629],[12.8109866780979,50.8371506993781],[12.8100094326635,50.835939936587],[12.8097473444642,50.8354436922469],[12.8096477346735,50.8350775066234],[12.8096345960875,50.8343188007269],[12.8105203419811,50.8341286658763],[12.8108936086364,50.8340156586201],[12.811421457793,50.8337465669693],[12.8117339965049,50.8330977419556],[12.81202979656,50.8326482742993],[12.8120736567669,50.8324556865343],[12.8121564119305,50.8321730960415],[12.812387200363,50.8314835395662],[12.8128302833535,50.8308316645905],[12.8130785602989,50.8304705477939],[12.8132467034885,50.8300725957503],[12.8135330571928,50.8295116220195],[12.8137186138361,50.8291448085518],[12.813928291356,50.8287292051763],[12.8132804410028,50.8283726223834],[12.8132118701571,50.8282328683199],[12.8123572350713,50.8277973653921],[12.8125723650077,50.8275726734642],[12.8129641767712,50.827194971683],[12.8134208414835,50.8268997028594],[12.8138909010767,50.8267195027475],[12.8143329886647,50.8265654593281],[12.8148625128505,50.8264158360943],[12.8156427413671,50.8260682009798],[12.8160713990649,50.8260551372154],[12.8161087349096,50.8259190111059],[12.8161456301351,50.8257577283715],[12.814487399956,50.8258548663648],[12.8145022301168,50.8257943793082],[12.8148804802658,50.8255664150391],[12.8149322125516,50.8245735267834],[12.8150053490771,50.8225161651897],[12.817785711336,50.8211355174234],[12.8186626887383,50.8207263507485],[12.8190787099189,50.8205324826554],[12.8189122364456,50.8202355641018],[12.8187599699703,50.8199001212837],[12.8178077057568,50.8200481279547],[12.8173853167162,50.8197106678384],[12.8169167550777,50.8193952516132],[12.8165492012494,50.8192245633325],[12.8166161714459,50.8188415525643],[12.8166067700781,50.8186599135204],[12.8165191256364,50.8184277504347],[12.8151763922809,50.8182501971344],[12.8145908019561,50.8180950779185],[12.8144583198428,50.818567263265],[12.8136533141546,50.8185091965582],[12.813595659382,50.8180829170229],[12.8113031869261,50.817669241208],[12.8107452769555,50.8177206544055],[12.809921037977,50.8177386209442],[12.808847497192,50.817924780007],[12.8083113294629,50.8180530507627],[12.806326610802,50.8189223984227],[12.8058850545246,50.8191143072275],[12.8049344518063,50.819671103256],[12.8015074307982,50.8200198399912],[12.8016830344064,50.8194150690913],[12.8021250238485,50.8191025705277],[12.8033567960978,50.8181814966395],[12.8039038947647,50.817972342836],[12.8042890878868,50.8178112950764],[12.8057786018904,50.8173478611113],[12.8069203872958,50.8169463527845],[12.8076146313124,50.8164994830907],[12.8079434719287,50.8161832148899],[12.8087042523431,50.8163648195236],[12.8087844652615,50.8162808880388],[12.8094391709936,50.8163625948416],[12.8104904848318,50.8165536693827],[12.8117323921663,50.8167462861513],[12.8117478370501,50.816615598433],[12.8118408596113,50.8164709881734],[12.8120670423513,50.8159749491448],[12.8121940534604,50.8157569250982],[12.8122250366433,50.8156358988561],[12.8123039247615,50.8152645218668],[12.812402278691,50.81497117314]]]}},{"type":"Feature","id":"chemnitz-45","properties":{"city":"Chemnitz","state":"Sachsen","code":"45","name":"Harthau","name_atlas":"Harthau","population_est":2330,"crime_total":{"cases":96,"rate":4120.0},"homicide":{"cases":0,"rate":0.0},"sexual":{"cases":5,"rate":214.6},"violence_proxy":{"cases":13,"rate":557.9},"property_total":{"cases":23,"rate":987.1},"simple_theft":{"cases":18,"rate":772.5},"aggravated_theft":{"cases":5,"rate":214.6},"fraud":{"cases":24,"rate":1030.0},"other_stgb":{"cases":26,"rate":1115.9},"secondary_law":{"cases":5,"rate":214.6}},"geometry":{"type":"Polygon","coordinates":[[[12.9174165874101,50.788683305558],[12.9171831123593,50.7890640775182],[12.9169749646681,50.789287805456],[12.916429016742,50.7896323293661],[12.9155982658838,50.7900308678757],[12.9155090246825,50.7902817283408],[12.916216030199,50.7903006120272],[12.9189507923595,50.7902057703042],[12.9207885869176,50.7901672399568],[12.9226290654266,50.7900044186793],[12.9240089003415,50.7897425783296],[12.9245041388582,50.7897728691634],[12.9250008416477,50.7898772774614],[12.9252981447822,50.7899034309268],[12.9259211901168,50.7900296414906],[12.9264483737755,50.7903105785928],[12.9267492747973,50.7906999503482],[12.9271738970106,50.7911808814062],[12.9273175132509,50.7909800618839],[12.9273574003058,50.7907611769205],[12.9274029909006,50.7903282623174],[12.9273899456778,50.7900245107536],[12.926529807902,50.7888769676508],[12.9264188975719,50.7887712900344],[12.9272074573281,50.7885445379476],[12.9275394484656,50.7883840381874],[12.9274623990386,50.7883080086142],[12.9275805934372,50.7881729444602],[12.9277954576658,50.7879604671],[12.9279107070263,50.7876769312085],[12.9279931853067,50.7872643245185],[12.9285665997521,50.786847809785],[12.9297481249289,50.7866228421638],[12.9306976856452,50.7865098796017],[12.9316498457549,50.7861478008746],[12.9328448489696,50.7858430421515],[12.9337953369144,50.7856112457659],[12.9354876655572,50.7850349043193],[12.9367279122145,50.7843294986029],[12.9385509991513,50.7829096454674],[12.9403160350072,50.7820656569986],[12.9417038522435,50.7813720954581],[12.9424047528074,50.7811945964388],[12.9430403418221,50.781137904175],[12.943336445248,50.7811760607016],[12.9437030923636,50.7812194898697],[12.9442096975945,50.7814319030948],[12.9445974742866,50.7815555785289],[12.9450665920927,50.7816012674481],[12.9454794283639,50.7816026261436],[12.9465285907423,50.7815461005585],[12.947741814428,50.7813435595254],[12.9485177034013,50.7812203380916],[12.9494192527252,50.7808968946582],[12.9510364386654,50.7805113233733],[12.9520732254193,50.7802936452194],[12.9532445319266,50.7800916465678],[12.9563536520391,50.7788383338235],[12.9574073142566,50.7780031731587],[12.9582796109926,50.7774138186455],[12.9590056401118,50.7770161917643],[12.9593297163798,50.776694033403],[12.9594601411422,50.7764948570456],[12.9596595523766,50.7762237064054],[12.9589518261383,50.7758395380189],[12.9590940497726,50.775461054021],[12.9587897590736,50.7750038082465],[12.957883397512,50.7752547305084],[12.9567527397004,50.7755394334847],[12.9563031176643,50.775592842038],[12.955813916744,50.7756738266737],[12.95518872746,50.7757200604735],[12.9545136604763,50.7757690908625],[12.9543274582703,50.7756465323095],[12.9529797130294,50.7758681581303],[12.9527581486494,50.7747762394359],[12.9525624592712,50.7737715368381],[12.9521514063186,50.7737935402971],[12.9521642017614,50.7729766172357],[12.9497195232751,50.7729813821685],[12.9498263128665,50.7724659682549],[12.9498486982512,50.7721854954136],[12.9497461237756,50.7720364266394],[12.9493859249129,50.7721056641987],[12.9488303407605,50.7721259187633],[12.9482764007246,50.7720873653425],[12.9471384216951,50.7718992454765],[12.9452663180715,50.7715313205182],[12.9437236374827,50.7712903609058],[12.9428642585748,50.7710206330441],[12.9420834540948,50.7708391309685],[12.941427814842,50.7710223966728],[12.9401578110363,50.7704289624045],[12.9388307202351,50.7698291327178],[12.9387169666357,50.7699295383184],[12.938391686571,50.7698554828673],[12.9372887951869,50.7697256057391],[12.9361632974243,50.7695808870611],[12.9357361611263,50.7693635712261],[12.9352971340225,50.7690197698526],[12.93499324034,50.7686594971347],[12.9346280267944,50.7682789557612],[12.9343110442651,50.7679317793395],[12.9338794802186,50.7678089745142],[12.9333944618147,50.7677514714691],[12.9323859669717,50.7676042819965],[12.9320768232337,50.7671890456324],[12.9313613141567,50.7673300640061],[12.9302960302431,50.7669011009611],[12.9293936065092,50.7669493046334],[12.9287212744122,50.7666042464648],[12.9284190516917,50.7667247186322],[12.9279847929301,50.7663574346493],[12.9279134033505,50.7661931283246],[12.9277787111588,50.7658021507205],[12.927624568499,50.7654649469946],[12.9275327166248,50.7652836188174],[12.9273794359255,50.7642809693568],[12.9273855066898,50.7640055782231],[12.9270814518532,50.7634271946361],[12.9270306232804,50.7629119244761],[12.9259282310618,50.7634776139469],[12.924909948123,50.7637578425133],[12.9239567081379,50.7638957403396],[12.9228914609865,50.7640534751373],[12.922428627862,50.7644654974066],[12.9219868422494,50.7647926052032],[12.9213702122265,50.7651509522891],[12.9206366032484,50.7655370961446],[12.9202746538899,50.7656570315604],[12.9190861471812,50.7654424136721],[12.917908000381,50.7653353800076],[12.9171581765415,50.7653961515062],[12.916455598955,50.7655218298548],[12.9158922239587,50.7656005737748],[12.9142861327473,50.765879184086],[12.9139170545053,50.7659286118678],[12.9134704212029,50.7660432352733],[12.9131959209373,50.7661050005506],[12.912455660596,50.7667806564693],[12.9122252495611,50.7673172385593],[12.9120888911199,50.7676238933836],[12.9120490262867,50.7678256166348],[12.9127159652349,50.7677787233563],[12.9137129301798,50.7678125853728],[12.9137004603648,50.7680715122277],[12.913658901846,50.7685703501027],[12.9137421422725,50.7690789410901],[12.9138410456364,50.7692532112455],[12.913619837532,50.7700328906046],[12.9131892121293,50.7699237911619],[12.9128187766985,50.7698704559471],[12.9119184978064,50.7699243687524],[12.9118441074425,50.7700659887059],[12.9117038260748,50.7703345000553],[12.9115516951339,50.7708176586546],[12.9107528207242,50.7714136414519],[12.9102177220153,50.771485887455],[12.9097601955531,50.7716061405974],[12.9091989672729,50.7719119431093],[12.9086431977461,50.7724996756439],[12.9083286962628,50.7728615531281],[12.9084142735932,50.7729196366377],[12.9075033007263,50.773516561628],[12.9071478857849,50.773648956069],[12.9060611232809,50.7737329550474],[12.9058986490443,50.7741236642217],[12.9053933955867,50.7748757690759],[12.9044785135256,50.7759232670315],[12.9043335970229,50.7764919121172],[12.9042861645864,50.7770957446094],[12.9043427535329,50.7775788282114],[12.9046106229015,50.777804726037],[12.9049927014502,50.7781986586859],[12.9050971320348,50.7786547837229],[12.905453119769,50.7792019343629],[12.9054677082935,50.78011135192],[12.9052185440928,50.7807948910664],[12.9053451279621,50.7818278155382],[12.9057662123973,50.7828691288684],[12.9062037124377,50.7840334210086],[12.9062139248496,50.7841919848448],[12.9061331753752,50.7844731237792],[12.9070050630694,50.7847274880358],[12.9087115598888,50.7849890818581],[12.9098357939164,50.7849430743855],[12.9104350906624,50.785233335622],[12.9110349812057,50.7853193625876],[12.9117901825942,50.7853670616831],[12.9122194342634,50.7853719484275],[12.9130524947094,50.7854107801885],[12.913973292786,50.7856138532555],[12.9145118839125,50.7858900171876],[12.9149549473572,50.7859360213815],[12.9160088569072,50.7869248033761],[12.9170481917465,50.7879936640268],[12.9171789909146,50.7881518271963],[12.9173539918541,50.7882471578181],[12.9173064214056,50.7884504318648],[12.9174165874101,50.788683305558]]]}},{"type":"Feature","id":"chemnitz-61","properties":{"city":"Chemnitz","state":"Sachsen","code":"61","name":"Helbersdorf","name_atlas":"Helbersdorf","population_est":6416,"crime_total":{"cases":581,"rate":9055.0},"homicide":{"cases":0,"rate":0.0},"sexual":{"cases":10,"rate":155.9},"violence_proxy":{"cases":105,"rate":1636.5},"property_total":{"cases":153,"rate":2384.7},"simple_theft":{"cases":76,"rate":1184.5},"aggravated_theft":{"cases":77,"rate":1200.1},"fraud":{"cases":112,"rate":1745.6},"other_stgb":{"cases":177,"rate":2758.7},"secondary_law":{"cases":24,"rate":374.1}},"geometry":{"type":"Polygon","coordinates":[[[12.9051232509519,50.8149662539211],[12.9049596277482,50.8140031284395],[12.9040481285195,50.8096334140015],[12.9039578200768,50.8091745367109],[12.9035247456578,50.8078324071207],[12.9028459543271,50.8062384319074],[12.9028865920059,50.8047162447816],[12.9050430683626,50.8020489447558],[12.906058655698,50.8008241773984],[12.9082043090566,50.8000585799104],[12.909137148934,50.7995647101775],[12.9109744048583,50.7979570920468],[12.9112351636426,50.7976683829021],[12.9114989431001,50.7973166297975],[12.9099860611319,50.7968054336131],[12.9086151683488,50.7966149454391],[12.9084846767392,50.7966149740785],[12.9075102025904,50.7965291412068],[12.905854399668,50.7966734572492],[12.9038873373434,50.7971619102664],[12.9023762864387,50.7976468012108],[12.9002674205467,50.7984363501332],[12.8982176530611,50.7991131556007],[12.8970614763745,50.7993945845129],[12.8960023593222,50.7995951422342],[12.8915372197921,50.800315070375],[12.8886328966829,50.8009171635354],[12.8871513308744,50.801309421896],[12.8856020852053,50.8017505473994],[12.8851583172995,50.8018927781485],[12.8885058230026,50.8049497203276],[12.8889846546052,50.8053676020111],[12.8912475907529,50.8073147365326],[12.8932026241723,50.8090486204461],[12.8932541666496,50.8091034005342],[12.8946538713772,50.8104256789819],[12.8951390987754,50.810922125277],[12.8955618294686,50.8113482562128],[12.8960747436796,50.8118438093477],[12.8970850118604,50.8128819229508],[12.8972174753595,50.8131254325899],[12.8972999643079,50.813233220011],[12.8979548235425,50.8142107939569],[12.8983677476299,50.814675247042],[12.899023899888,50.8153573839904],[12.8998886561721,50.8158674939446],[12.9011474782803,50.8165898957708],[12.9015739868117,50.8153610217622],[12.9020941598816,50.8154533647555],[12.9026875051161,50.8153018431423],[12.9032174071919,50.8150939619916],[12.9044846938045,50.8150079359294],[12.9051232509519,50.8149662539211]]]}},{"type":"Feature","id":"chemnitz-15","properties":{"city":"Chemnitz","state":"Sachsen","code":"15","name":"Hilbersdorf","name_atlas":"Hilbersdorf","population_est":7093,"crime_total":{"cases":1130,"rate":15931.0},"homicide":{"cases":0,"rate":0.0},"sexual":{"cases":16,"rate":225.6},"violence_proxy":{"cases":172,"rate":2424.9},"property_total":{"cases":541,"rate":7627.2},"simple_theft":{"cases":434,"rate":6118.7},"aggravated_theft":{"cases":107,"rate":1508.5},"fraud":{"cases":165,"rate":2326.2},"other_stgb":{"cases":203,"rate":2862.0},"secondary_law":{"cases":33,"rate":465.2}},"geometry":{"type":"Polygon","coordinates":[[[12.9439506703021,50.8446818107501],[12.9417707906136,50.8449906435986],[12.9410696249951,50.844495847586],[12.9391890323946,50.8435382851143],[12.937833033449,50.844669046596],[12.9371134136501,50.84513399288],[12.9361156270546,50.8453320577746],[12.9337372526486,50.8457514714647],[12.9344638934468,50.8475298657839],[12.935297881868,50.8493734125282],[12.93546048657,50.8500721916107],[12.9354456484251,50.8506807206141],[12.9353230701064,50.8513067777399],[12.934165294049,50.8558401232566],[12.9342372806296,50.8567698612681],[12.9345801013592,50.8578123579075],[12.9352496028669,50.8587682706471],[12.9359942941609,50.8595575915914],[12.9369267659055,50.8602267393693],[12.9383796852544,50.8609097271898],[12.9425577944271,50.8621486599401],[12.9440292048653,50.8624179453327],[12.9453143936687,50.8624801177278],[12.9465558210553,50.8623847963098],[12.9503326869467,50.8617859270532],[12.9517841847514,50.8617372941812],[12.9525160798274,50.8617137120067],[12.9535884389883,50.8618917377354],[12.9544182798557,50.8621277060487],[12.9556558300723,50.8624783834689],[12.956970445802,50.8627808238355],[12.9579562144944,50.862953088166],[12.9591444463349,50.8630263071932],[12.9629936221493,50.8627451346291],[12.9633099571953,50.8626944707564],[12.9644119008047,50.8625979958006],[12.9659133165718,50.8624676282747],[12.9675436055675,50.8625087132133],[12.9689155327577,50.862704557316],[12.9875712306488,50.8672388642363],[12.9898774526806,50.8681021433819],[12.9923965893346,50.8687696811291],[12.9937012482306,50.8690349662834],[12.9950030431219,50.8691654340388],[12.9959080821871,50.8691644520838],[12.997070055119,50.8691242584709],[12.9962630054358,50.8684886931607],[12.9960287246296,50.8688367811515],[12.9958060635487,50.8690697369385],[12.9950477901162,50.8690647796648],[12.9937454011228,50.8689387433246],[12.993244581378,50.8687315831386],[12.9929832469638,50.8687509514251],[12.9933149179055,50.8678922212349],[12.9937518797301,50.8671613912901],[12.9917252945571,50.8661121389797],[12.9918281425901,50.8659969777657],[12.9909032745012,50.8656524588899],[12.9902442854918,50.8654322080153],[12.9896077608735,50.8653083603869],[12.9885264068859,50.8650290132064],[12.9884014792232,50.865168930443],[12.9874633263273,50.8650068089134],[12.9866419072439,50.8647756654365],[12.9867262856311,50.8645878003489],[12.9874793695651,50.8642200973171],[12.9882921221967,50.864029005822],[12.9879026318004,50.8636001323999],[12.9874603589735,50.8633204857448],[12.986812236538,50.8628300262381],[12.9868245833407,50.8623552324706],[12.9871671749646,50.8621539532643],[12.9876541425362,50.8619018595676],[12.987828029311,50.8616595013572],[12.987864982641,50.8612907752509],[12.9876916519352,50.8605009094931],[12.9867219033757,50.8606720733188],[12.9868237422703,50.860196517631],[12.9871773557188,50.8594589900798],[12.9870090933236,50.8581359178241],[12.9858902923312,50.8572265580109],[12.9845332818221,50.8563482264071],[12.9837829163941,50.8559400731561],[12.9831340638474,50.8556899497772],[12.9831235660158,50.8555592558284],[12.9831529449794,50.8553606353601],[12.9832653977476,50.8548566706892],[12.9837826190949,50.8548900171058],[12.9844199631905,50.8549673488389],[12.9844025674354,50.8541418444997],[12.9843581082298,50.8536250253514],[12.9842528726118,50.8518154812454],[12.9836484948851,50.8507365893639],[12.9830410861564,50.8500955741726],[12.9822840773204,50.8492549173476],[12.9818736237572,50.8488658428915],[12.9810308625762,50.8480809885546],[12.9822310959317,50.8477678823058],[12.9829983633524,50.8476391609611],[12.9837920860895,50.8474061331218],[12.9833993824767,50.8471091197631],[12.9831579025673,50.8471156568987],[12.9828382650605,50.8471228513545],[12.9837357885791,50.8450325080446],[12.9863906038473,50.8397385918591],[12.9874269306022,50.8398641316164],[12.9894163356854,50.837304406379],[12.9886368516123,50.8368913188143],[12.9877393226126,50.83665052597],[12.9889194698081,50.8338964888931],[12.9879326438464,50.8340858536346],[12.9860292346689,50.8340251096901],[12.9832890692538,50.8334028865792],[12.9827757673362,50.8332067277667],[12.9819767656238,50.8329335311452],[12.981897259879,50.8324585782192],[12.9817957533028,50.8321622372257],[12.9814431849104,50.8319033778161],[12.9809956701019,50.831738654311],[12.9804962484044,50.8315757132782],[12.9800224116366,50.8316264932832],[12.9793672418207,50.8315852005342],[12.9787777602652,50.8316570054751],[12.9781781159273,50.8317477298157],[12.9772865433567,50.8320092539188],[12.97619251735,50.8325498945414],[12.9760597377771,50.8326565499151],[12.97498315431,50.8338022535959],[12.9734718699577,50.8355447171744],[12.9726288960518,50.8359595111882],[12.9716832403268,50.8356902048698],[12.9713438772077,50.8355248462303],[12.9702996825886,50.835858826764],[12.969908250542,50.8361435143681],[12.9703381577366,50.8368426913375],[12.9701644623954,50.8371759280442],[12.9703563826896,50.837503263411],[12.9704835093769,50.8384073518815],[12.9700647015744,50.8386797016873],[12.9699694101422,50.8388749933711],[12.9694803922179,50.839027793846],[12.969211347725,50.8391186991847],[12.9686127843696,50.8392152019611],[12.968255914131,50.8396443477129],[12.9672842835023,50.8404742735244],[12.966555427537,50.8411120617592],[12.9661188495127,50.8411316940715],[12.9655911281762,50.841017206688],[12.9654833996062,50.8408120281618],[12.9648365790311,50.8404428486346],[12.963877962148,50.8409061062958],[12.9622539730065,50.8417419406368],[12.9609472266845,50.8417624300784],[12.9588541611989,50.841789447155],[12.9582912925845,50.8417978275733],[12.9567808794742,50.8421499494778],[12.956667262794,50.8419369868004],[12.9547390534457,50.8423616948412],[12.9539178488533,50.8425193823139],[12.9534181600724,50.842856878391],[12.9532680554514,50.8428714375854],[12.9525546218197,50.8429565314498],[12.9515932881139,50.8429650066482],[12.9507268460025,50.84275791206],[12.9497464889792,50.8426083539626],[12.9491495946474,50.8424954561111],[12.9447082606823,50.843358682076],[12.9444172796821,50.8429223994642],[12.9435033479382,50.8431034008826],[12.9439506703021,50.8446818107501]]]}},{"type":"Feature","id":"chemnitz-64","properties":{"city":"Chemnitz","state":"Sachsen","code":"64","name":"Hutholz","name_atlas":"Hutholz","population_est":5092,"crime_total":{"cases":379,"rate":7443.0},"homicide":{"cases":0,"rate":0.0},"sexual":{"cases":10,"rate":196.4},"violence_proxy":{"cases":45,"rate":883.7},"property_total":{"cases":150,"rate":2945.8},"simple_theft":{"cases":103,"rate":2022.8},"aggravated_theft":{"cases":47,"rate":923.0},"fraud":{"cases":93,"rate":1826.4},"other_stgb":{"cases":75,"rate":1472.9},"secondary_law":{"cases":6,"rate":117.8}},"geometry":{"type":"Polygon","coordinates":[[[12.8973075159732,50.7824344079535],[12.8974916630893,50.7818582241647],[12.8969037972586,50.7819213105342],[12.8961154916906,50.7820485053173],[12.8953392011251,50.7822682175993],[12.8946212810653,50.7825580269523],[12.8941192247248,50.7829055961615],[12.8939587556366,50.7831095861912],[12.8936315849595,50.7832205899895],[12.8925452531107,50.7836617967084],[12.8908395881334,50.7843196015041],[12.8888646037871,50.7851861747001],[12.8884252969569,50.7853411418433],[12.887826322947,50.78524749311],[12.8875837210494,50.7852844151324],[12.887040039099,50.7851903528655],[12.8865327268562,50.7849619977606],[12.8859819644213,50.7847008409995],[12.8856199048069,50.7842686899189],[12.8851904302462,50.7836589648179],[12.8850246962431,50.7834351500592],[12.8848457951445,50.783443777931],[12.8847483022111,50.783200411783],[12.8845439126221,50.783269302892],[12.8840842139065,50.7828434591564],[12.8835412486561,50.7825865675089],[12.8836513006604,50.782489439716],[12.8845575249451,50.7823809995529],[12.8844764924174,50.7818069853286],[12.884301027555,50.7812990601718],[12.8840069046486,50.7811834439377],[12.8822057257187,50.7810203033819],[12.8822699993707,50.7815540634042],[12.8807506452688,50.78155712951],[12.879351505621,50.7815084905212],[12.878435511898,50.7815102064403],[12.8782063266374,50.7800604890922],[12.877655660415,50.77954807504],[12.8767896193037,50.7795292577615],[12.8767291314063,50.7804665898752],[12.8757517847324,50.7803572615011],[12.8758469113961,50.7794833142869],[12.8744914690495,50.7794165780956],[12.8727621613533,50.7795268833523],[12.871251611428,50.7797039898231],[12.8692735123657,50.7802978645759],[12.868878534431,50.7821708766953],[12.8693212955236,50.782368236266],[12.8692371175156,50.782606464863],[12.8696781136733,50.782926845963],[12.8713788574168,50.7833614677545],[12.8726453438504,50.7841356130301],[12.8730289412741,50.7844541010456],[12.871999815278,50.7848924914198],[12.8730409102018,50.7858222862013],[12.8740828640772,50.7867489615233],[12.8744602741206,50.7871012735153],[12.8748931498471,50.7874897394346],[12.8751819960568,50.7877592238354],[12.8756297021479,50.788170129323],[12.8757586704215,50.7883747536083],[12.875849330937,50.7885298808042],[12.8759113317569,50.788654062532],[12.8761584448664,50.7890249486166],[12.8763339771038,50.7893030149983],[12.8769257434074,50.7899455771348],[12.8775257962873,50.7897963680798],[12.8779720440081,50.7896333474024],[12.8784849232137,50.789413826969],[12.8790074542651,50.7890864935902],[12.8798045674863,50.7891396330836],[12.8804825208952,50.788978270388],[12.8807655898392,50.7889785631085],[12.881225780202,50.7889750835099],[12.8816335359869,50.7888266411803],[12.8828390509591,50.7890197187146],[12.8833144214559,50.7891062338737],[12.8838015425196,50.7891430748188],[12.8839319229764,50.789372127984],[12.8843733805787,50.7892428262449],[12.8845756075929,50.7893451986313],[12.8845789512628,50.7895222001858],[12.8852308439821,50.7894710134527],[12.8857343770984,50.7895994119674],[12.8859912027444,50.7896842944497],[12.8863159971543,50.7897633445134],[12.8869522153061,50.7898796165214],[12.8875789226448,50.7898037995314],[12.8881894263585,50.7896376795866],[12.8889098270149,50.7896374069117],[12.8894449669417,50.7896279332734],[12.8900314781005,50.7894194958779],[12.8904707331801,50.7895021029544],[12.8911453960831,50.7895906938134],[12.8914761220929,50.7895558372117],[12.891519784136,50.7894391276321],[12.8915324908679,50.7893032586167],[12.8923698809381,50.7891028884443],[12.8928002286041,50.7892127359815],[12.8930768489768,50.7892817343496],[12.8933847955591,50.7893892852442],[12.893973003962,50.7887181620844],[12.8941387841697,50.7885049169027],[12.8942403871832,50.7880871392265],[12.8942463819081,50.7879195634432],[12.8944111507711,50.7875356304379],[12.8946044800955,50.7869139435699],[12.8947054696972,50.7867395251097],[12.8949032596306,50.7862915887627],[12.8950707044366,50.7858438822641],[12.8956934098261,50.7847665221742],[12.896695312835,50.7835273081253],[12.8971794146396,50.7827588515003],[12.8973075159732,50.7824344079535]]]}},{"type":"Feature","id":"chemnitz-81","properties":{"city":"Chemnitz","state":"Sachsen","code":"81","name":"Kapellenberg","name_atlas":"Kapellenberg","population_est":5294,"crime_total":{"cases":323,"rate":6101.0},"homicide":{"cases":0,"rate":0.0},"sexual":{"cases":4,"rate":75.6},"violence_proxy":{"cases":36,"rate":680.0},"property_total":{"cases":74,"rate":1397.8},"simple_theft":{"cases":29,"rate":547.8},"aggravated_theft":{"cases":45,"rate":850.0},"fraud":{"cases":116,"rate":2191.2},"other_stgb":{"cases":84,"rate":1586.7},"secondary_law":{"cases":9,"rate":170.0}},"geometry":{"type":"Polygon","coordinates":[[[12.91775214534,50.8227212863098],[12.9174153082199,50.822211089273],[12.9170059998126,50.8213384358797],[12.9166155029813,50.8209510962057],[12.9152696481048,50.8199708119202],[12.9146189683492,50.8195653702059],[12.9142660656516,50.8195640801922],[12.9127549085912,50.8199718134076],[12.9121992837767,50.8201216970362],[12.9099262199496,50.8194629881149],[12.9073155171348,50.8186900321117],[12.9067981950906,50.8184226653609],[12.9060984122157,50.8180610671134],[12.9058305905587,50.8176996180327],[12.9055350990831,50.8173008949643],[12.9052857816999,50.8158738250637],[12.9051232509519,50.8149662539211],[12.9044846938045,50.8150079359294],[12.9032174071919,50.8150939619916],[12.9026875051161,50.8153018431423],[12.9020941598816,50.8154533647555],[12.9015739868117,50.8153610217622],[12.9011474782803,50.8165898957708],[12.9004839458901,50.8183493295141],[12.9002522368062,50.8190092351934],[12.9000021711752,50.8196649649371],[12.8997214046426,50.8204654293407],[12.8993782260527,50.8213124982873],[12.8989708579216,50.8220307968449],[12.8987740178403,50.8224303138536],[12.8988670152133,50.8228377315597],[12.8988170228041,50.8232499096574],[12.898700537803,50.823760782445],[12.8987590065771,50.8242729597442],[12.9010617321909,50.8248997522377],[12.9040968056677,50.8257154493452],[12.9049034432597,50.8259564494498],[12.9061539023905,50.8262939461861],[12.9081754969776,50.8268017470721],[12.9102823652148,50.8272528089392],[12.9125271419,50.8277327186557],[12.9127269636981,50.8273898290184],[12.9133014926229,50.8264374826546],[12.9140396883545,50.826624846182],[12.9144404925844,50.8265448844488],[12.9149916315078,50.8264206234308],[12.9157749314106,50.826222203522],[12.9175242913017,50.8255838125541],[12.9188142025944,50.8251133469683],[12.9204183556667,50.8243951491744],[12.9198327979731,50.823717170814],[12.9192050209981,50.8234762399787],[12.91775214534,50.8227212863098]]]}},{"type":"Feature","id":"chemnitz-82","properties":{"city":"Chemnitz","state":"Sachsen","code":"82","name":"Kappel","name_atlas":"Kappel","population_est":9729,"crime_total":{"cases":826,"rate":8490.0},"homicide":{"cases":0,"rate":0.0},"sexual":{"cases":13,"rate":133.6},"violence_proxy":{"cases":155,"rate":1593.2},"property_total":{"cases":291,"rate":2991.1},"simple_theft":{"cases":173,"rate":1778.2},"aggravated_theft":{"cases":118,"rate":1212.9},"fraud":{"cases":106,"rate":1089.5},"other_stgb":{"cases":233,"rate":2394.9},"secondary_law":{"cases":28,"rate":287.8}},"geometry":{"type":"Polygon","coordinates":[[[12.8867852296279,50.8215684622603],[12.8862408241438,50.8224798307388],[12.8876802824907,50.8228066662404],[12.8886966841437,50.8230459362805],[12.8895823421068,50.8231104365083],[12.8910542066328,50.8231165120794],[12.8921445398212,50.8231528844518],[12.8929385473408,50.8232710104413],[12.8958679548014,50.8236139478574],[12.8977508251748,50.8240214865389],[12.8987590065771,50.8242729597442],[12.898700537803,50.823760782445],[12.8988170228041,50.8232499096574],[12.8988670152133,50.8228377315597],[12.8987740178403,50.8224303138536],[12.8989708579216,50.8220307968449],[12.8993782260527,50.8213124982873],[12.8997214046426,50.8204654293407],[12.9000021711752,50.8196649649371],[12.9002522368062,50.8190092351934],[12.9004839458901,50.8183493295141],[12.9011474782803,50.8165898957708],[12.8998886561721,50.8158674939446],[12.899023899888,50.8153573839904],[12.8983677476299,50.814675247042],[12.8979548235425,50.8142107939569],[12.8972999643079,50.813233220011],[12.8972174753595,50.8131254325899],[12.8970850118604,50.8128819229508],[12.8960747436796,50.8118438093477],[12.8955618294686,50.8113482562128],[12.8951390987754,50.810922125277],[12.8946538713772,50.8104256789819],[12.8932541666496,50.8091034005342],[12.8932026241723,50.8090486204461],[12.8912475907529,50.8073147365326],[12.8889846546052,50.8053676020111],[12.8885058230026,50.8049497203276],[12.8851583172995,50.8018927781485],[12.8839464390369,50.8023788349043],[12.8832141652004,50.802816559145],[12.8815266810983,50.8037160362795],[12.8807612620141,50.8040898242389],[12.8789976431698,50.8052711703727],[12.8784873392414,50.8057804500867],[12.87808449983,50.8061393392916],[12.8776991693917,50.8066231230768],[12.8769682723222,50.8077364216205],[12.8765218885992,50.8085861492981],[12.8754072539152,50.8107845662707],[12.874810318879,50.812203982446],[12.8776266829003,50.813775868939],[12.8791537416258,50.8146927684581],[12.8781928847956,50.8160074808868],[12.8780676879663,50.8162982859717],[12.8774344533435,50.8182637897599],[12.8779002491656,50.8183361235549],[12.8818447844353,50.8190283458529],[12.8822572303941,50.8190888365449],[12.8852819264975,50.8196463612304],[12.8865337553471,50.819802475851],[12.8860546961815,50.821309255565],[12.8867852296279,50.8215684622603]]]}},{"type":"Feature","id":"chemnitz-47","properties":{"city":"Chemnitz","state":"Sachsen","code":"47","name":"Klaffenbach","name_atlas":"Klaffenbach","population_est":2222,"crime_total":{"cases":38,"rate":1710.0},"homicide":{"cases":0,"rate":0.0},"sexual":{"cases":3,"rate":135.0},"violence_proxy":{"cases":7,"rate":315.0},"property_total":{"cases":6,"rate":270.0},"simple_theft":{"cases":3,"rate":135.0},"aggravated_theft":{"cases":3,"rate":135.0},"fraud":{"cases":4,"rate":180.0},"other_stgb":{"cases":17,"rate":765.1},"secondary_law":{"cases":1,"rate":45.0}},"geometry":{"type":"Polygon","coordinates":[[[12.8890455129812,50.7624775812448],[12.8878479457915,50.7622588177122],[12.8863132067978,50.7621103042661],[12.8849602763722,50.7619869777855],[12.8812243288801,50.7617003349751],[12.8808252993462,50.7630611377443],[12.880396972082,50.7648077825907],[12.8802138624602,50.7660448516355],[12.8813252729917,50.7671999031131],[12.8817539071472,50.7675802537543],[12.8825862773109,50.7683419243865],[12.8834662780785,50.7680911946657],[12.8839055392381,50.7682668386376],[12.8855709658586,50.7695476959319],[12.8854084427536,50.7697685839314],[12.8870119601023,50.7698051960917],[12.886400413015,50.7700132337852],[12.8893978166645,50.7704308526423],[12.8893310668451,50.7698095937683],[12.8894378520491,50.7697830426875],[12.8894627539842,50.7700609471382],[12.8895169777687,50.7704357538413],[12.8925382563242,50.7707845467543],[12.8928231426619,50.7706287876229],[12.8932454710837,50.7704761248469],[12.8938924603269,50.7703911152803],[12.8939144528826,50.7699116412807],[12.8943510073957,50.769932999606],[12.8943105082687,50.7704056951691],[12.8944536137473,50.7704115148446],[12.8945526312631,50.7704915100202],[12.8952007852589,50.7709279074013],[12.8956021601798,50.7713020098522],[12.8959493731706,50.7716084415595],[12.8964433251949,50.7720960285391],[12.8973164001161,50.7731618034686],[12.8957098924182,50.7737723702217],[12.8943943683358,50.7742756025425],[12.8921686176075,50.7751576499511],[12.8924030745361,50.7760935895306],[12.8929408050972,50.7761247872475],[12.8937856426923,50.7770926109097],[12.8942379081614,50.7775704325401],[12.8947239274934,50.7789619697829],[12.8947680990865,50.7792082510678],[12.8947809747489,50.7803840666137],[12.894138455189,50.7805144385984],[12.8939813746374,50.7806288173715],[12.893707439001,50.7811209677824],[12.8937421777181,50.7822190936491],[12.8936315849595,50.7832205899895],[12.8939587556366,50.7831095861912],[12.8941192247248,50.7829055961615],[12.8946212810653,50.7825580269523],[12.8953392011251,50.7822682175993],[12.8961154916906,50.7820485053173],[12.8969037972586,50.7819213105342],[12.8974916630893,50.7818582241647],[12.8983406622682,50.7817805938217],[12.8989817044245,50.7808725980144],[12.8992342946301,50.7803407064825],[12.8993055202333,50.7800117507948],[12.8994951479063,50.7787061795346],[12.9004313792351,50.778795820202],[12.9006089722038,50.7789576514323],[12.901286849417,50.7789170941652],[12.9016324278184,50.7788974516078],[12.9028535145525,50.7787850507452],[12.9035489345487,50.7787543322592],[12.9039715545308,50.7787277170189],[12.9043938372476,50.7786836007713],[12.9043427535329,50.7775788282114],[12.9042861645864,50.7770957446094],[12.9043335970229,50.7764919121172],[12.9044785135256,50.7759232670315],[12.9053933955867,50.7748757690759],[12.9058986490443,50.7741236642217],[12.9060611232809,50.7737329550474],[12.9071478857849,50.773648956069],[12.9075033007263,50.773516561628],[12.9084142735932,50.7729196366377],[12.9083286962628,50.7728615531281],[12.9086431977461,50.7724996756439],[12.9091989672729,50.7719119431093],[12.9097601955531,50.7716061405974],[12.9102177220153,50.771485887455],[12.9107528207242,50.7714136414519],[12.9115516951339,50.7708176586546],[12.9117038260748,50.7703345000553],[12.9118441074425,50.7700659887059],[12.9119184978064,50.7699243687524],[12.9128187766985,50.7698704559471],[12.9131892121293,50.7699237911619],[12.913619837532,50.7700328906046],[12.9138410456364,50.7692532112455],[12.9137421422725,50.7690789410901],[12.913658901846,50.7685703501027],[12.9137004603648,50.7680715122277],[12.9137129301798,50.7678125853728],[12.9127159652349,50.7677787233563],[12.9120490262867,50.7678256166348],[12.9120888911199,50.7676238933836],[12.9122252495611,50.7673172385593],[12.912455660596,50.7667806564693],[12.9131959209373,50.7661050005506],[12.9134704212029,50.7660432352733],[12.9139170545053,50.7659286118678],[12.9142861327473,50.765879184086],[12.9158922239587,50.7656005737748],[12.916455598955,50.7655218298548],[12.9171581765415,50.7653961515062],[12.917908000381,50.7653353800076],[12.9190861471812,50.7654424136721],[12.9202746538899,50.7656570315604],[12.9206366032484,50.7655370961446],[12.9213702122265,50.7651509522891],[12.9219868422494,50.7647926052032],[12.922428627862,50.7644654974066],[12.9228914609865,50.7640534751373],[12.9239567081379,50.7638957403396],[12.924909948123,50.7637578425133],[12.9259282310618,50.7634776139469],[12.9270306232804,50.7629119244761],[12.9270000218694,50.7625976052894],[12.9272615503482,50.7618477929182],[12.9278304371302,50.761844122408],[12.9288692765089,50.7616295781703],[12.9292187045967,50.7614892814214],[12.9300785097938,50.7608474962527],[12.9306687769758,50.7601919375891],[12.9309368113624,50.7597150595971],[12.9315749342139,50.7584924593322],[12.9322865422634,50.7569137105471],[12.9328670639171,50.7563069387387],[12.9331981875695,50.7560887914297],[12.9344693827081,50.7555348122268],[12.9353459294588,50.7548679778718],[12.936158832809,50.7541314748098],[12.935732823279,50.7536282327007],[12.936340406097,50.7533466978271],[12.9370825630923,50.7527608426767],[12.9375267303514,50.7519699040202],[12.9379334632198,50.7511455649847],[12.9384502927332,50.7507285816586],[12.938210266769,50.7501506965949],[12.9380600711785,50.749720586403],[12.9375803538923,50.7488618103351],[12.9377311805603,50.7476139994188],[12.9376271619285,50.7471363335461],[12.9386665670202,50.746734627571],[12.9380562125905,50.745897244835],[12.9377003904025,50.7449319641776],[12.9366806093075,50.7434417561708],[12.9362815269091,50.7434352707449],[12.933343162132,50.7427377993812],[12.9285645644688,50.7417116794497],[12.9266039574208,50.7414304809043],[12.9256365025725,50.741394809065],[12.924125406955,50.7414068059802],[12.923636885727,50.7424460241634],[12.921140638062,50.7427299188953],[12.9212185602814,50.7430617246963],[12.9194652091048,50.7436009420762],[12.9193974135242,50.7434324575295],[12.9178016259132,50.743644706174],[12.9167392265738,50.7437905549905],[12.9168260277141,50.7434002756752],[12.9158391358172,50.7434233959273],[12.9158451542486,50.7440825392001],[12.9151688725998,50.7441572404354],[12.9150721019212,50.7441464364143],[12.914798651534,50.7441844325385],[12.9148306463454,50.7440031994598],[12.9148146128495,50.7435541117013],[12.9147725303188,50.7432907866501],[12.9142546339747,50.7434330452127],[12.9134292590077,50.7436229593019],[12.9129072278804,50.7437925770432],[12.9127081102817,50.7438729400266],[12.9121778711601,50.7439986054726],[12.9114313713706,50.7440890513539],[12.9106379585877,50.7445500568712],[12.9095779990245,50.7451185271223],[12.9092982725825,50.7452498778476],[12.9088860947318,50.7454896050961],[12.9083776510078,50.7457816454742],[12.9081687798669,50.7459354927037],[12.9079617679746,50.7460973353932],[12.9077057634545,50.7463735197732],[12.9068279837354,50.7473672266896],[12.9059396391144,50.7481590566573],[12.9053048976286,50.7485383375433],[12.9045966142003,50.749346570953],[12.9039713167961,50.7496262106774],[12.9034808732584,50.7500051585348],[12.9035301430195,50.7501600764012],[12.9017250816044,50.7505326447268],[12.9011315410334,50.7506593649927],[12.9004182158677,50.7509261825431],[12.8990763134418,50.7513600954994],[12.8981497356214,50.7516356447865],[12.8974407988043,50.7519571579676],[12.8967835809687,50.7523283542526],[12.896096184809,50.75268380941],[12.895683438389,50.7534593812695],[12.8946200965296,50.7546038171738],[12.8941589920966,50.7552633275197],[12.8938174319481,50.7561143250324],[12.8935325278139,50.7566872740587],[12.8934253432961,50.7575064226332],[12.8934070807845,50.7580737812672],[12.8931078385619,50.7585664335431],[12.8926038493517,50.7594019377746],[12.892353894134,50.7601478071573],[12.8921615703433,50.7607254250771],[12.8921620121827,50.7612963890737],[12.8921333776056,50.7622123609914],[12.8914911315927,50.7631525177341],[12.8901790215583,50.7627504408588],[12.8890455129812,50.7624775812448]]]}},{"type":"Feature","id":"chemnitz-26","properties":{"city":"Chemnitz","state":"Sachsen","code":"26","name":"Kleinolbersdorf-Altenhain","name_atlas":"Kleinolbersdorf-Altenhain","population_est":2147,"crime_total":{"cases":43,"rate":2003.0},"homicide":{"cases":0,"rate":0.0},"sexual":{"cases":0,"rate":0.0},"violence_proxy":{"cases":10,"rate":465.8},"property_total":{"cases":10,"rate":465.8},"simple_theft":{"cases":6,"rate":279.5},"aggravated_theft":{"cases":4,"rate":186.3},"fraud":{"cases":5,"rate":232.9},"other_stgb":{"cases":17,"rate":791.8},"secondary_law":{"cases":1,"rate":46.6}},"geometry":{"type":"Polygon","coordinates":[[[12.9971292719279,50.7942707420964],[12.9953302264864,50.7945688232859],[12.9944231666648,50.7947029729555],[12.9939373269302,50.7948951672578],[12.9935235181222,50.7950514576419],[12.9934378048419,50.7948746121424],[12.9934331225704,50.7946537640655],[12.9934965453863,50.7944236719784],[12.9935749108333,50.794254088139],[12.993499242496,50.7942287472319],[12.9933472292628,50.7944682587344],[12.9933035588325,50.7946635316021],[12.9933349143835,50.7948538348271],[12.9934146215516,50.7950697114107],[12.9930902877414,50.795174668159],[12.9907973953775,50.7958139012135],[12.9894069561021,50.796142037045],[12.9882494507897,50.7964439518002],[12.987768376121,50.796525124206],[12.9878197783127,50.7967333193414],[12.989003804646,50.7965891537105],[12.9902823066933,50.796466522234],[12.9914774555897,50.7962924322665],[12.9922393823173,50.7961965320522],[12.9931968101008,50.7958977796431],[12.9943384761911,50.7965274818004],[12.9948088171035,50.796936255512],[12.9951766488775,50.797520556687],[12.9954327836283,50.7979604019884],[12.9955006060492,50.7981230490405],[12.9962453221347,50.7983787702703],[12.9966063780878,50.7985405591768],[12.9968270396367,50.7988573603995],[12.9976124416741,50.7987695197518],[12.9994390775725,50.7985155702111],[13.0011174234545,50.8008261768966],[13.0017742818624,50.801592773235],[13.0021035528873,50.8022771520972],[13.002876879801,50.8029596195577],[13.0032826275581,50.8031586831874],[13.0042534185099,50.8037260794514],[13.0045038395676,50.8040161151175],[13.0059110482414,50.8048546225934],[13.0062825002086,50.8051132726852],[13.0064986553522,50.8056222437416],[13.0067060443807,50.8065687567424],[13.0066186362802,50.8075181032153],[13.0065272444123,50.8080413228883],[13.0066752391178,50.8086344289683],[13.00703737415,50.8092648862751],[13.0077485714429,50.8098570601593],[13.0085430292118,50.8104235149212],[13.0089749511463,50.8106955459948],[13.0103573747388,50.8112323232821],[13.0111491819508,50.811496111056],[13.0116489345883,50.8115226540613],[13.0132803991354,50.8115084668294],[13.0146354127413,50.811666307769],[13.0146917937245,50.8119507310889],[13.0151726448638,50.8124368542576],[13.0162082098927,50.8124808484134],[13.0166755685685,50.8124253513922],[13.0173324571243,50.8124888562893],[13.0178527687254,50.8128028100601],[13.0159654975312,50.8134354990135],[13.0146178939228,50.8137657383439],[13.0135761337453,50.8140932956469],[13.0138038565409,50.8145187769915],[13.0140969061002,50.8149334748822],[13.0161112355522,50.8151167308085],[13.0197014661826,50.8154177428038],[13.0235652765053,50.8157370201748],[13.0240742855896,50.816542120053],[13.0246913923877,50.8181032542019],[13.0248047779635,50.8187221151208],[13.0248887377839,50.8196251870057],[13.0268518408004,50.8194555992404],[13.0288243943271,50.8195490743028],[13.0307889330539,50.8191162324453],[13.0327298028842,50.818567056543],[13.0336307153983,50.8189723933691],[13.0372930952447,50.8202186851383],[13.0384301108313,50.8186565165856],[13.0388674292544,50.8187016868731],[13.0393368511263,50.8189249884233],[13.0395235543136,50.8187761281664],[13.0395611069346,50.8184077061601],[13.0402535944141,50.8182178635041],[13.0412639334453,50.8175202682431],[13.0418390739148,50.8170672050851],[13.0422112256505,50.8165879848016],[13.0436797489659,50.8159270774258],[13.0450465948382,50.8153290115688],[13.0469087791406,50.8146635882898],[13.0481516526518,50.8144494563105],[13.0490861457742,50.8141172141271],[13.0491547951425,50.8137716302613],[13.0494734487817,50.8135024732715],[13.0497769300798,50.8130099129682],[13.0499939214096,50.8121737182575],[13.0498538329722,50.8118158325195],[13.0498866739419,50.8115067363981],[13.0503846235704,50.8113793370095],[13.0507075802476,50.8114117076425],[13.0510203104616,50.8113656619076],[13.0513095767321,50.8111858186216],[13.0512775499855,50.8109742862977],[13.0520595274288,50.8106495480028],[13.0531593383921,50.8103771642882],[13.0540183051106,50.8103140884784],[13.053835969877,50.809181369908],[13.0531831416326,50.8080537276176],[13.052817444354,50.8069547010994],[13.0516513118247,50.8069608798725],[13.0510627399881,50.8068775247964],[13.0493030952034,50.8067478592601],[13.0483741041147,50.8066230573997],[13.0466785825188,50.8063780411648],[13.0452132815311,50.8063514137188],[13.0449444176781,50.8056844666994],[13.0449479515755,50.805243843411],[13.0447107174149,50.8044908906495],[13.0441814073971,50.8041202581702],[13.0438059839445,50.8039178497493],[13.04317760409,50.8037808876431],[13.0424918761883,50.8036006101961],[13.0425483157836,50.8031340973003],[13.0429201101832,50.8024235472837],[13.0420785397837,50.8016951365795],[13.0418016612137,50.8014372900219],[13.0429863229315,50.8009950782691],[13.0424456919397,50.8004905518967],[13.0418962364879,50.8001985301184],[13.041111885155,50.8000247914775],[13.040484698841,50.7998476660886],[13.0402976324336,50.7985063462823],[13.0408510212644,50.7983400776701],[13.0406980028731,50.798070312678],[13.0402999966638,50.79739178151],[13.0395779395526,50.796921089618],[13.0390576151385,50.7955681149493],[13.0380987349936,50.7945402907572],[13.0363470127254,50.7931906313448],[13.0357409635745,50.7926031022035],[13.0353569738677,50.7923175400689],[13.034830215177,50.7921015290291],[13.0342790974168,50.791943225225],[13.0334459656681,50.7914422667228],[13.0326133450888,50.7911926124721],[13.031225869085,50.7909111443828],[13.0310190851379,50.790796330343],[13.0313625992774,50.7894054278975],[13.0317708363786,50.7886179122821],[13.0318851214422,50.787798605585],[13.0319280959961,50.7871215504338],[13.03185247213,50.786692083922],[13.0312082820923,50.7859815745395],[13.03095050218,50.7857540214174],[13.0306022505249,50.7855008487173],[13.0302393594025,50.7855460204623],[13.0293238519263,50.785231780203],[13.0288016556788,50.783634663083],[13.0283534819115,50.7830576858067],[13.0279663358498,50.7824453719701],[13.0278770603674,50.7822225024086],[13.0255125630209,50.7803587615958],[13.0258531322261,50.7801077421354],[13.0252639983766,50.7797589056098],[13.0247298152841,50.7793802260639],[13.0241222705128,50.7786004801918],[13.0226137407474,50.7772245336932],[13.0216438423821,50.7767699735518],[13.0219814600943,50.7759791399469],[13.0218849720172,50.7756266494723],[13.0217595101058,50.7751261095066],[13.0219325094493,50.774075840472],[13.0227645572937,50.7730290672201],[13.022072856186,50.7726576487676],[13.0220999544201,50.7722138609083],[13.0219787852774,50.7718377571618],[13.0214287225954,50.7715875948491],[13.0204458892743,50.7712927682703],[13.0197223369767,50.7710083110418],[13.0205888751957,50.7702003607748],[13.0198589915472,50.7697794308464],[13.0188493151032,50.7693722581863],[13.0179861251884,50.7691439450834],[13.017669667875,50.7689105752583],[13.016976264337,50.7693610791915],[13.0168621849222,50.7691871020654],[13.0148464946676,50.7700628393117],[13.0140364111982,50.7704938775434],[13.0129405898861,50.771143008595],[13.0118183418055,50.771567496941],[13.0111819366807,50.7715206945132],[13.0108100856297,50.7714486306289],[13.0101735261067,50.7713777216931],[13.0095583914851,50.7714134716575],[13.0092608371523,50.7715689531776],[13.0088694657977,50.7718163804813],[13.0086572414401,50.772171119486],[13.0084030826799,50.7722967794896],[13.0073265256704,50.7727427633436],[13.0064368876783,50.7732240543615],[13.0058832795022,50.7737267427721],[13.0054668132423,50.7744686659269],[13.0049060869344,50.7750242220522],[13.0050261433707,50.7751278258898],[13.0043068583149,50.7756572171568],[13.0013910286655,50.7770725157109],[13.0002596333765,50.7774570485219],[12.999722251198,50.7777415514055],[12.9995451993825,50.7777281223526],[12.9964717327545,50.7793669043627],[12.9957616202537,50.7798644653951],[12.9956258310807,50.7800788942177],[12.994511893727,50.7809997439352],[12.9940061112574,50.7813886613189],[12.9936194552294,50.7818016444497],[12.9930900895273,50.782971273916],[12.9919175741955,50.7844866362096],[12.9916343747921,50.7852228107384],[12.9915334334836,50.785867955638],[12.9912602301563,50.7864663802556],[12.991296757699,50.7868664733377],[12.9911299059855,50.7873156701557],[12.9910557646275,50.7875980093931],[12.9905606226417,50.7881194572564],[12.9896048799508,50.7889031686511],[12.9888048219954,50.7894725914562],[12.9884772097181,50.7897550477954],[12.9889330235606,50.790025501978],[12.9897773082007,50.7906090345355],[12.9907400642774,50.7911765333697],[12.9911928690425,50.7914821441815],[12.9919923687463,50.7920496404546],[12.9927896449972,50.7923924380343],[12.9961966621831,50.7937724873131],[12.9971292719279,50.7942707420964]]]}},{"type":"Feature","id":"chemnitz-22","properties":{"city":"Chemnitz","state":"Sachsen","code":"22","name":"Lutherviertel","name_atlas":"Lutherviertel","population_est":5530,"crime_total":{"cases":358,"rate":6474.0},"homicide":{"cases":1,"rate":18.1},"sexual":{"cases":13,"rate":235.1},"violence_proxy":{"cases":59,"rate":1066.9},"property_total":{"cases":136,"rate":2459.3},"simple_theft":{"cases":64,"rate":1157.3},"aggravated_theft":{"cases":72,"rate":1302.0},"fraud":{"cases":60,"rate":1085.0},"other_stgb":{"cases":72,"rate":1302.0},"secondary_law":{"cases":17,"rate":307.4}},"geometry":{"type":"Polygon","coordinates":[[[12.9402342612476,50.8287671136193],[12.940945073526,50.8269395215004],[12.9413412423336,50.8259049562468],[12.9418011297635,50.8247159098509],[12.9422361623182,50.8235909680788],[12.9426281517837,50.8226149488402],[12.943082995858,50.8215064182274],[12.9439147812567,50.8194342665078],[12.9440986957961,50.8188894004847],[12.9416047914308,50.8199255377772],[12.9402276900163,50.8205022959526],[12.9392053285387,50.8209180450657],[12.9375533327588,50.8215869556309],[12.9363201549128,50.8221193284244],[12.9349083105688,50.8226742702277],[12.933359574173,50.8231633847377],[12.9321698089596,50.8235984104864],[12.9314556225976,50.8241905655489],[12.9304164145587,50.825089015471],[12.9314070057132,50.8256130778889],[12.9322738881015,50.8262943042756],[12.9328292127215,50.8270327013299],[12.9333448754766,50.8279046760108],[12.9340910634303,50.8290905115717],[12.9343089512256,50.8293965849632],[12.9344473787569,50.8300900435799],[12.934473320936,50.8304242941756],[12.9344275131561,50.8308606424218],[12.9343058122559,50.8311812077355],[12.9342086153342,50.8315186091405],[12.9354177199286,50.8314171009379],[12.9372323908476,50.8309559359317],[12.9377354008004,50.8309339694443],[12.9391620751168,50.8308748628775],[12.9394364194295,50.8304623065855],[12.939614138819,50.8301729425564],[12.9402342612476,50.8287671136193]]]}},{"type":"Feature","id":"chemnitz-62","properties":{"city":"Chemnitz","state":"Sachsen","code":"62","name":"Markersdorf","name_atlas":"Markersdorf","population_est":11463,"crime_total":{"cases":561,"rate":4894.0},"homicide":{"cases":0,"rate":0.0},"sexual":{"cases":17,"rate":148.3},"violence_proxy":{"cases":113,"rate":985.8},"property_total":{"cases":189,"rate":1648.8},"simple_theft":{"cases":101,"rate":881.1},"aggravated_theft":{"cases":88,"rate":767.7},"fraud":{"cases":63,"rate":549.6},"other_stgb":{"cases":154,"rate":1343.5},"secondary_law":{"cases":25,"rate":218.1}},"geometry":{"type":"Polygon","coordinates":[[[12.9114989431001,50.7973166297975],[12.9116782718884,50.7971223122271],[12.9118332440851,50.7966522659444],[12.9117848472173,50.7961263612669],[12.9114024839981,50.7955699451303],[12.9099886003165,50.7945063310258],[12.909234679927,50.7939454401158],[12.9089179410992,50.7934731977653],[12.909295138287,50.7930460420632],[12.9097301429651,50.7928716693864],[12.9114912238793,50.7927478850478],[12.9125193928612,50.7924234165451],[12.9130972837025,50.79187530205],[12.913173650552,50.7912751030392],[12.9132200108278,50.7905544155303],[12.9140513149119,50.7903094603849],[12.9155090246825,50.7902817283408],[12.9155982658838,50.7900308678757],[12.916429016742,50.7896323293661],[12.9169749646681,50.789287805456],[12.9171831123593,50.7890640775182],[12.9174165874101,50.788683305558],[12.9173064214056,50.7884504318648],[12.9173539918541,50.7882471578181],[12.9171789909146,50.7881518271963],[12.9170481917465,50.7879936640268],[12.9160088569072,50.7869248033761],[12.9149549473572,50.7859360213815],[12.9145118839125,50.7858900171876],[12.913973292786,50.7856138532555],[12.9130524947094,50.7854107801885],[12.9122194342634,50.7853719484275],[12.9117901825942,50.7853670616831],[12.9110349812057,50.7853193625876],[12.9104350906624,50.785233335622],[12.9098357939164,50.7849430743855],[12.9087115598888,50.7849890818581],[12.9070050630694,50.7847274880358],[12.9061331753752,50.7844731237792],[12.9062139248496,50.7841919848448],[12.9062037124377,50.7840334210086],[12.9057662123973,50.7828691288684],[12.9053451279621,50.7818278155382],[12.9052185440928,50.7807948910664],[12.9054677082935,50.78011135192],[12.905453119769,50.7792019343629],[12.9050971320348,50.7786547837229],[12.9049927014502,50.7781986586859],[12.9046106229015,50.777804726037],[12.9043427535329,50.7775788282114],[12.9043938372476,50.7786836007713],[12.9039715545308,50.7787277170189],[12.9035489345487,50.7787543322592],[12.9028535145525,50.7787850507452],[12.9016324278184,50.7788974516078],[12.901286849417,50.7789170941652],[12.9006089722038,50.7789576514323],[12.9004313792351,50.778795820202],[12.8994951479063,50.7787061795346],[12.8993055202333,50.7800117507948],[12.8992342946301,50.7803407064825],[12.8989817044245,50.7808725980144],[12.8983406622682,50.7817805938217],[12.8974916630893,50.7818582241647],[12.8973075159732,50.7824344079535],[12.8971794146396,50.7827588515003],[12.896695312835,50.7835273081253],[12.8956934098261,50.7847665221742],[12.8950707044366,50.7858438822641],[12.8949032596306,50.7862915887627],[12.8947054696972,50.7867395251097],[12.8946044800955,50.7869139435699],[12.8944111507711,50.7875356304379],[12.8942463819081,50.7879195634432],[12.8942403871832,50.7880871392265],[12.8941387841697,50.7885049169027],[12.893973003962,50.7887181620844],[12.8933847955591,50.7893892852442],[12.8931112510303,50.7897262245416],[12.8935852572932,50.7898795014121],[12.8939402541366,50.7902290975143],[12.8942881427899,50.7905260101499],[12.8941177781115,50.7909482337772],[12.8939751917463,50.7911447758563],[12.8927867092774,50.7907997944166],[12.8923810673639,50.7912888884862],[12.8920635788814,50.7921284059263],[12.8917811949657,50.7929359762369],[12.8917059573019,50.7931965520564],[12.8915893993537,50.7936477216936],[12.8915231424027,50.7938154703971],[12.8914786283951,50.7940658591027],[12.8911916718467,50.7950307273646],[12.8922811566655,50.7952089015834],[12.8930112550325,50.7954158165074],[12.8938093509386,50.7957101232253],[12.8946972869585,50.7961480271086],[12.8958644758837,50.7969512416162],[12.8961764379567,50.7972302608259],[12.8970867250002,50.7980283050062],[12.8982176530611,50.7991131556007],[12.9002674205467,50.7984363501332],[12.9023762864387,50.7976468012108],[12.9038873373434,50.7971619102664],[12.905854399668,50.7966734572492],[12.9075102025904,50.7965291412068],[12.9084846767392,50.7966149740785],[12.9086151683488,50.7966149454391],[12.9099860611319,50.7968054336131],[12.9114989431001,50.7973166297975]]]}},{"type":"Feature","id":"chemnitz-87","properties":{"city":"Chemnitz","state":"Sachsen","code":"87","name":"Mittelbach","name_atlas":"Mittelbach","population_est":2103,"crime_total":{"cases":35,"rate":1664.0},"homicide":{"cases":0,"rate":0.0},"sexual":{"cases":1,"rate":47.6},"violence_proxy":{"cases":4,"rate":190.2},"property_total":{"cases":11,"rate":523.1},"simple_theft":{"cases":7,"rate":332.9},"aggravated_theft":{"cases":4,"rate":190.2},"fraud":{"cases":6,"rate":285.3},"other_stgb":{"cases":13,"rate":618.2},"secondary_law":{"cases":0,"rate":0.0}},"geometry":{"type":"Polygon","coordinates":[[[12.8186851952064,50.8071697505689],[12.8191766140231,50.8069262107608],[12.8195699739283,50.8067243489717],[12.819925956186,50.8066293809115],[12.8202341365735,50.8065060196974],[12.8206195521876,50.8066609801495],[12.8209870162924,50.8063379962316],[12.821164352355,50.8058002288237],[12.8210703741659,50.8055617804146],[12.8212805576459,50.8052585650408],[12.8215798199116,50.8049148705788],[12.8216934352198,50.8047375838823],[12.8216277913692,50.8045786397118],[12.8217777187825,50.8044238689324],[12.8217651434697,50.8042190064173],[12.8214963050356,50.8042493672858],[12.8213671187629,50.8040510208094],[12.8210140303266,50.8033734515272],[12.8206489253639,50.8030344403111],[12.8206773462664,50.802607257454],[12.8208104143171,50.8025152305225],[12.820948861978,50.8022182139645],[12.8209539424022,50.8019961471693],[12.8207447636067,50.8018439100228],[12.8212099957496,50.8017495407841],[12.8209509353281,50.8014297542801],[12.8210009322707,50.8011371719914],[12.8210754212203,50.8009837356278],[12.8213174834961,50.8009548452773],[12.8214698172764,50.8008597436019],[12.821571392375,50.8006789330006],[12.8217678324883,50.8005010717102],[12.8219165782791,50.8003685085181],[12.8223104396816,50.7996302247375],[12.8225153661233,50.7992323493095],[12.8224843187789,50.7990719297755],[12.8223289020709,50.798840473582],[12.8222039065919,50.7982980561871],[12.8221068241661,50.7976479427376],[12.8220797075639,50.797193311691],[12.8222094544502,50.7969558879501],[12.8222603442209,50.7965856062198],[12.8223161131056,50.7961673797919],[12.8222661843212,50.7956507552331],[12.8220436227707,50.7951390576925],[12.8221815472364,50.7948227436701],[12.8222743630033,50.7946613426988],[12.822529143572,50.7939190644405],[12.8226003319109,50.7934494706563],[12.8228366292143,50.7929108628589],[12.8225658423269,50.7927584990705],[12.8225781642376,50.792535231547],[12.8222542287152,50.7922800034913],[12.8219164049298,50.7921587820439],[12.8215406087835,50.7921362532382],[12.8208222759736,50.7918265705453],[12.820621365386,50.7916906433321],[12.8204943347926,50.7911364461181],[12.8201743266255,50.7908983509612],[12.8190199476678,50.7904200563752],[12.8184452069082,50.7898845692318],[12.8184374270939,50.7896172683306],[12.8178291532403,50.7894059889343],[12.8177469658084,50.7890059846665],[12.8169375009684,50.7882963394447],[12.8163023507237,50.7883204639412],[12.8154031700379,50.7881994126876],[12.8130772511643,50.7885681540448],[12.8115396161771,50.7885405285268],[12.809668835553,50.7885918985045],[12.8059021682549,50.7881888262017],[12.8045937671649,50.7878958433448],[12.8032397694781,50.7872218173435],[12.8018870653169,50.78704095184],[12.8002845345947,50.7867469214136],[12.7988737211035,50.7862058389947],[12.7976734526715,50.7858564469002],[12.7931099143648,50.7842898350667],[12.7921977227638,50.7847907755915],[12.7912654096413,50.7848592956804],[12.7900067763969,50.7847867416344],[12.789436199787,50.7850744814769],[12.7876432006887,50.78552181417],[12.7854798222494,50.7857153626153],[12.7838039988962,50.7856397756893],[12.7832927048658,50.7859167231072],[12.7824596587355,50.7859273684836],[12.7819092341051,50.7857549503927],[12.7797571723138,50.7864449178092],[12.7789762871093,50.7865673920745],[12.7784615637204,50.7868151749834],[12.7774921425496,50.7866975539422],[12.7775855765603,50.786971685963],[12.7778226074572,50.7871955448177],[12.7778025083865,50.7873516038687],[12.7785341222872,50.7879082945655],[12.7783840313325,50.7882245691002],[12.7785975173988,50.7883639738142],[12.7788254356879,50.7887076518422],[12.7789667110179,50.7891664828003],[12.7793343455365,50.7894853474268],[12.77915524572,50.7898326372601],[12.7788389309695,50.7900551667034],[12.778823631502,50.7906027618582],[12.7784314221554,50.7912401632932],[12.7781282439585,50.7916937460886],[12.7779814660885,50.7918866227979],[12.7777766174112,50.7923565168154],[12.7777791100358,50.7931799594829],[12.7777391776519,50.794211714339],[12.777493588231,50.7948121516471],[12.7771802772417,50.7953496370216],[12.7772815037436,50.7960572826709],[12.777174112864,50.7970158202025],[12.7769100893129,50.7979319895739],[12.7761556422038,50.7994824461322],[12.7760477966656,50.8004392494887],[12.7757898750867,50.8010398336554],[12.7755291955971,50.8013077306693],[12.7753006071716,50.8014546382186],[12.7757731095359,50.8016371042737],[12.7768960412862,50.8019551076193],[12.7787009087714,50.8022214232642],[12.7806084193294,50.8027166616968],[12.7826883800431,50.8033400847224],[12.7838355267343,50.8035389190081],[12.7866250108694,50.8043201147327],[12.7880393211169,50.8048138251527],[12.7889221566846,50.8048988675599],[12.7893698977645,50.8052451826278],[12.7910198904184,50.8059784173885],[12.7918178637489,50.8062478784151],[12.7934230038855,50.8066140797055],[12.7944226036899,50.8068603166191],[12.7947605371131,50.8071222282859],[12.7955411557829,50.8071334384134],[12.7964664929425,50.8075130398539],[12.7985297306064,50.8081692040469],[12.7989503405804,50.8082790551085],[12.799992758039,50.8083952116466],[12.8004457536447,50.808346827453],[12.8008077706546,50.8083842917514],[12.8012218970879,50.8085199405625],[12.8013102729779,50.8084043351259],[12.8015257393711,50.8083500650333],[12.8030533800259,50.8084833660963],[12.8048328124483,50.8087596203661],[12.8067540097806,50.8091606384504],[12.8090510843314,50.8095104824856],[12.8096722592597,50.810278983312],[12.8100615117344,50.8102388334637],[12.8101760192493,50.8107098602838],[12.8124044477002,50.8111062618948],[12.8139173169285,50.8110142440945],[12.8146641580587,50.8110962109391],[12.8151495698408,50.8111810184575],[12.8156407616492,50.8112324381588],[12.8158389397116,50.8108275010316],[12.8164133751566,50.8095119748296],[12.8170330868391,50.8086987444272],[12.8172772412351,50.8084231166064],[12.8175219625233,50.8079926329612],[12.8179000063015,50.8076082631959],[12.8182360722883,50.807410217575],[12.8186851952064,50.8071697505689]]]}},{"type":"Feature","id":"chemnitz-63","properties":{"city":"Chemnitz","state":"Sachsen","code":"63","name":"Morgenleite","name_atlas":"Morgenleite","population_est":4438,"crime_total":{"cases":409,"rate":9216.0},"homicide":{"cases":0,"rate":0.0},"sexual":{"cases":5,"rate":112.7},"violence_proxy":{"cases":59,"rate":1329.4},"property_total":{"cases":222,"rate":5002.3},"simple_theft":{"cases":146,"rate":3289.8},"aggravated_theft":{"cases":76,"rate":1712.5},"fraud":{"cases":57,"rate":1284.4},"other_stgb":{"cases":51,"rate":1149.2},"secondary_law":{"cases":15,"rate":338.0}},"geometry":{"type":"Polygon","coordinates":[[[12.8970614763745,50.7993945845129],[12.8982176530611,50.7991131556007],[12.8970867250002,50.7980283050062],[12.8961764379567,50.7972302608259],[12.8958644758837,50.7969512416162],[12.8946972869585,50.7961480271086],[12.8938093509386,50.7957101232253],[12.8930112550325,50.7954158165074],[12.8922811566655,50.7952089015834],[12.8911916718467,50.7950307273646],[12.8914786283951,50.7940658591027],[12.8915231424027,50.7938154703971],[12.8915893993537,50.7936477216936],[12.8917059573019,50.7931965520564],[12.8917811949657,50.7929359762369],[12.8920635788814,50.7921284059263],[12.8923810673639,50.7912888884862],[12.8927867092774,50.7907997944166],[12.8939751917463,50.7911447758563],[12.8941177781115,50.7909482337772],[12.8942881427899,50.7905260101499],[12.8939402541366,50.7902290975143],[12.8935852572932,50.7898795014121],[12.8931112510303,50.7897262245416],[12.8933847955591,50.7893892852442],[12.8930768489768,50.7892817343496],[12.8928002286041,50.7892127359815],[12.8923698809381,50.7891028884443],[12.8915324908679,50.7893032586167],[12.891519784136,50.7894391276321],[12.8914761220929,50.7895558372117],[12.8911453960831,50.7895906938134],[12.8904707331801,50.7895021029544],[12.8900314781005,50.7894194958779],[12.8894449669417,50.7896279332734],[12.8889098270149,50.7896374069117],[12.8881894263585,50.7896376795866],[12.8875789226448,50.7898037995314],[12.8869522153061,50.7898796165214],[12.8863159971543,50.7897633445134],[12.8859912027444,50.7896842944497],[12.8857343770984,50.7895994119674],[12.8852308439821,50.7894710134527],[12.8845789512628,50.7895222001858],[12.8845756075929,50.7893451986313],[12.8843733805787,50.7892428262449],[12.8839319229764,50.789372127984],[12.8838015425196,50.7891430748188],[12.8833144214559,50.7891062338737],[12.8828390509591,50.7890197187146],[12.8816335359869,50.7888266411803],[12.881225780202,50.7889750835099],[12.8807655898392,50.7889785631085],[12.8804825208952,50.788978270388],[12.8798045674863,50.7891396330836],[12.8790074542651,50.7890864935902],[12.8784849232137,50.789413826969],[12.8779720440081,50.7896333474024],[12.8775257962873,50.7897963680798],[12.8769257434074,50.7899455771348],[12.8778154385358,50.7909039499701],[12.8783058396023,50.7914720706123],[12.8797584355431,50.7928240070897],[12.8801257888855,50.7932241245539],[12.8807821738036,50.7939357953812],[12.8816562370655,50.7949977075733],[12.8818401824792,50.7954040417227],[12.8820988623203,50.7961892508189],[12.8822959147436,50.7965108293445],[12.8828933094851,50.7982722441985],[12.8832821488151,50.7993901138607],[12.883894505862,50.8003418223703],[12.884044906016,50.8005620228242],[12.8851583172995,50.8018927781485],[12.8856020852053,50.8017505473994],[12.8871513308744,50.801309421896],[12.8886328966829,50.8009171635354],[12.8915372197921,50.800315070375],[12.8960023593222,50.7995951422342],[12.8970614763745,50.7993945845129]]]}},{"type":"Feature","id":"chemnitz-94","properties":{"city":"Chemnitz","state":"Sachsen","code":"94","name":"Rabenstein","name_atlas":"Rabenstein","population_est":4904,"crime_total":{"cases":146,"rate":2977.0},"homicide":{"cases":0,"rate":0.0},"sexual":{"cases":5,"rate":102.0},"violence_proxy":{"cases":21,"rate":428.2},"property_total":{"cases":51,"rate":1040.0},"simple_theft":{"cases":37,"rate":754.5},"aggravated_theft":{"cases":14,"rate":285.5},"fraud":{"cases":20,"rate":407.8},"other_stgb":{"cases":43,"rate":876.8},"secondary_law":{"cases":6,"rate":122.3}},"geometry":{"type":"Polygon","coordinates":[[[12.8508106319418,50.8268580991388],[12.8496710637183,50.8264195952059],[12.8477555096738,50.8257834448188],[12.8467044035072,50.8255037175405],[12.8455438007326,50.8252028457571],[12.8430298275135,50.8245208685249],[12.8385468305379,50.8232649935222],[12.8384201481182,50.8232254957521],[12.8362075460557,50.8231280234433],[12.8363211698925,50.8228808878775],[12.8358861576116,50.8228043792701],[12.835559679094,50.8226965710405],[12.8353272307127,50.8224528043805],[12.8351349463385,50.8222041650631],[12.8346564755212,50.821872333695],[12.8338969250798,50.8213718598365],[12.832477472315,50.8191743065514],[12.8308932465118,50.8192729950702],[12.8300373594556,50.8194385578835],[12.82666347991,50.8191521500227],[12.8256913927702,50.8190729001949],[12.8248825889285,50.8190786210294],[12.8241946496023,50.8191860261782],[12.8235247606668,50.8193630257875],[12.8219752933997,50.8192016913],[12.8216093499433,50.8189991884972],[12.8208743836991,50.8187869739816],[12.820070113303,50.8186818840492],[12.819469895619,50.8187013018434],[12.818576449247,50.8187217142895],[12.8177931987617,50.8183045227001],[12.8174584371708,50.8182335459279],[12.8169202786429,50.818221702608],[12.8165191256364,50.8184277504347],[12.8166067700781,50.8186599135204],[12.8166161714459,50.8188415525643],[12.8165492012494,50.8192245633325],[12.8169167550777,50.8193952516132],[12.8173853167162,50.8197106678384],[12.8178077057568,50.8200481279547],[12.8187599699703,50.8199001212837],[12.8189122364456,50.8202355641018],[12.8190787099189,50.8205324826554],[12.8186626887383,50.8207263507485],[12.817785711336,50.8211355174234],[12.8150053490771,50.8225161651897],[12.8149322125516,50.8245735267834],[12.8148804802658,50.8255664150391],[12.8145022301168,50.8257943793082],[12.814487399956,50.8258548663648],[12.8161456301351,50.8257577283715],[12.8161087349096,50.8259190111059],[12.8160713990649,50.8260551372154],[12.8156427413671,50.8260682009798],[12.8148625128505,50.8264158360943],[12.8143329886647,50.8265654593281],[12.8138909010767,50.8267195027475],[12.8134208414835,50.8268997028594],[12.8129641767712,50.827194971683],[12.8125723650077,50.8275726734642],[12.8123572350713,50.8277973653921],[12.8132118701571,50.8282328683199],[12.8132804410028,50.8283726223834],[12.813928291356,50.8287292051763],[12.8137186138361,50.8291448085518],[12.8135330571928,50.8295116220195],[12.8132467034885,50.8300725957503],[12.8130785602989,50.8304705477939],[12.8128302833535,50.8308316645905],[12.812387200363,50.8314835395662],[12.8121564119305,50.8321730960415],[12.8120736567669,50.8324556865343],[12.81202979656,50.8326482742993],[12.8117339965049,50.8330977419556],[12.811421457793,50.8337465669693],[12.8108936086364,50.8340156586201],[12.8105203419811,50.8341286658763],[12.8096345960875,50.8343188007269],[12.8096477346735,50.8350775066234],[12.8097473444642,50.8354436922469],[12.8100094326635,50.835939936587],[12.8109866780979,50.8371506993781],[12.8111181036175,50.8373171457629],[12.8109253977541,50.8373230108646],[12.8101105502609,50.8373002538563],[12.8093232665613,50.8371758316084],[12.8092679468409,50.8372802526834],[12.8094342063499,50.8373967041891],[12.8097085060346,50.8375666852586],[12.8098869307173,50.8375609218711],[12.8102187494347,50.8377531177839],[12.809591653389,50.8382414688233],[12.8097496787708,50.838294651977],[12.8101910429316,50.8382146889776],[12.8106258958376,50.8381709552528],[12.8108391631074,50.838115192451],[12.8112373714084,50.8380174311348],[12.8113997947454,50.8383238894578],[12.8117197788642,50.8386563922431],[12.8120025337097,50.8390636191551],[12.8124621396664,50.8396568191288],[12.8126619961867,50.8402760286144],[12.8129970333924,50.8409681571675],[12.8134203008382,50.8415825029768],[12.8138992481026,50.8420855988364],[12.8141405476888,50.8423634712096],[12.8144989719595,50.8430299090933],[12.8147080610026,50.8432680696096],[12.8152360557615,50.8437136620749],[12.8157635345912,50.8441293047631],[12.8163686155921,50.8444745162781],[12.8170700291541,50.8449188862494],[12.8173728426717,50.8451064628545],[12.8178014165056,50.8452731894027],[12.8189412513104,50.8455447434189],[12.8182563736349,50.8463927802904],[12.8177076124733,50.8471209119704],[12.8173780183999,50.8475400482433],[12.8178272813502,50.8477225027605],[12.8183747258521,50.8478994760039],[12.8190299489657,50.8480136965091],[12.8194705736528,50.8482121409189],[12.8199559409447,50.8482945754066],[12.8206197222989,50.8484106413297],[12.8212647590313,50.8484215978688],[12.8215988857764,50.8483727485214],[12.8217969241674,50.8482315407933],[12.8223150814942,50.8482951784442],[12.8227644493912,50.8481973854807],[12.8237525339921,50.8482180925345],[12.8244070282057,50.8481977415697],[12.8246429480921,50.8482787319073],[12.8249257354858,50.8481682418225],[12.8252164384523,50.8480318653698],[12.8255235260293,50.8479835790941],[12.8258836796796,50.8479861944011],[12.8261885692352,50.8477050626865],[12.8263532986598,50.8475489116663],[12.8268293070327,50.8474732095176],[12.8275050007035,50.847323757929],[12.8280316560128,50.8472617827549],[12.8283442783349,50.8473312935741],[12.8287431690874,50.8474911670109],[12.8300000103498,50.8474194439429],[12.8313764225343,50.8474671361175],[12.8326747006126,50.8475781363051],[12.8339364947743,50.8477830554892],[12.8355289508398,50.8480943568954],[12.8364622556063,50.84824022314],[12.8372642312313,50.8483344281774],[12.8384503347021,50.8484223612132],[12.84010046105,50.8485958384363],[12.8407573920718,50.848701222247],[12.8415345349132,50.8488188586469],[12.8421160208991,50.8488500312364],[12.8427211960493,50.8488046744604],[12.8438230493501,50.848650494481],[12.8455221163559,50.8484362010712],[12.8469490738391,50.8482116300817],[12.8474570968256,50.8481550838598],[12.8477880466571,50.8480573723204],[12.8463439186682,50.8448828399983],[12.845970847418,50.8437954894806],[12.8457402161045,50.8425803871441],[12.8456683768512,50.8415009993159],[12.8461095656517,50.8348629604308],[12.8461957238033,50.8338991961504],[12.8462982671435,50.8333834224272],[12.8464623657882,50.8329119591976],[12.8469221652369,50.8319709774926],[12.847423455314,50.8310075658495],[12.8486744706552,50.8295147418492],[12.8508106319418,50.8268580991388]]]}},{"type":"Feature","id":"chemnitz-97","properties":{"city":"Chemnitz","state":"Sachsen","code":"97","name":"Wittgensdorf","name_atlas":"Wittgensdorf","population_est":3880,"crime_total":{"cases":85,"rate":2191.0},"homicide":{"cases":0,"rate":0.0},"sexual":{"cases":0,"rate":0.0},"violence_proxy":{"cases":13,"rate":335.1},"property_total":{"cases":22,"rate":567.0},"simple_theft":{"cases":8,"rate":206.2},"aggravated_theft":{"cases":14,"rate":360.8},"fraud":{"cases":14,"rate":360.8},"other_stgb":{"cases":35,"rate":902.1},"secondary_law":{"cases":1,"rate":25.8}},"geometry":{"type":"Polygon","coordinates":[[[12.87228392597,50.9005524848519],[12.8732593117741,50.9007066833206],[12.8743556051638,50.9014751892037],[12.8754832418775,50.901413222037],[12.8771294876883,50.901279589062],[12.877192978603,50.9011952487746],[12.8790050230686,50.9013154480416],[12.8824716075571,50.9015502140487],[12.882456117168,50.9016080425936],[12.8833721866678,50.9018153346256],[12.8842075664006,50.9021404039745],[12.8850150505057,50.9029030635778],[12.8860188231995,50.9034467569031],[12.8870425479079,50.9036435887782],[12.888125511332,50.9039029056255],[12.88890642448,50.9032232545246],[12.8898899233538,50.9026486019459],[12.8908158832692,50.9024765373328],[12.8919711617824,50.9023642216402],[12.892807213912,50.9027198293067],[12.8946004596994,50.9023965520238],[12.8950732547876,50.9024034186166],[12.8953194064632,50.9018349150444],[12.8954843215867,50.9017864314942],[12.8956489362293,50.9017222101837],[12.8957876687047,50.9016057225667],[12.8961437639347,50.9011032594649],[12.8967171961125,50.9012155846602],[12.897144868968,50.9016921808924],[12.8967580702038,50.9021665642332],[12.8967405934108,50.9024686947884],[12.8974611918663,50.9023968554954],[12.8978299414856,50.902195139768],[12.8978918764219,50.9015003426598],[12.8980493399695,50.9008897220675],[12.898395008319,50.900493212974],[12.8986047815056,50.9001480105774],[12.8986668642003,50.8996677908818],[12.8984307836748,50.8994650005066],[12.8975331739575,50.8993564895847],[12.8968457424826,50.8991495702617],[12.8964306196472,50.8985989740201],[12.895711671345,50.8977703434804],[12.8958870449505,50.897224825052],[12.8959694252733,50.8967028665915],[12.8961428344347,50.8963137116662],[12.8966182699176,50.8962184016621],[12.8969383528022,50.8960218465489],[12.8967902021858,50.8956463067159],[12.8945284569212,50.8950253258992],[12.8946505766696,50.8948297479326],[12.8950837111004,50.8948087333458],[12.895444808907,50.8947705545837],[12.8958008857198,50.894609925782],[12.8957462083019,50.8942984084098],[12.89578459379,50.8939726921926],[12.8955508804578,50.8937131858408],[12.8955708718275,50.8934094985759],[12.8947972880562,50.8927479080515],[12.8943433435986,50.8923534422723],[12.8937563945719,50.891588375308],[12.8932239734657,50.8915349440366],[12.893064412253,50.8912353524386],[12.8931348790357,50.8908986085513],[12.8934092685722,50.8906222347264],[12.8944463400082,50.8903754051256],[12.8946197559797,50.8903032955584],[12.894454929851,50.8900938431073],[12.894613059178,50.8899538721186],[12.8945402997112,50.8898056465813],[12.8952461463978,50.8894242158515],[12.8951782702171,50.8890628503558],[12.8947576636936,50.8890855705039],[12.8944198225304,50.8891401406336],[12.8939518205321,50.8893794348758],[12.8934419408783,50.8897350584602],[12.8932355217458,50.889714752532],[12.8927717338809,50.8894418215465],[12.8924186651504,50.8891791385724],[12.8921211354732,50.8888187217128],[12.8919608798833,50.888324281642],[12.891919786225,50.8871332417577],[12.8919200785623,50.8856044381573],[12.8917596851904,50.8848636732292],[12.8918320644084,50.8838039011019],[12.8919225177,50.8823255131692],[12.8921316273152,50.8817725078812],[12.8920672621673,50.8815557338748],[12.8916372396344,50.8811963544253],[12.891197395509,50.8809448038373],[12.8909206026038,50.8807939691019],[12.8904629066223,50.8804507821933],[12.8899254431779,50.8801489881122],[12.8888905201212,50.8799529483083],[12.8874676110983,50.8796884783499],[12.8849828211942,50.8793692297314],[12.8843965752206,50.8791299777553],[12.8842031528043,50.8786726322006],[12.8842170512879,50.8779094593299],[12.8836195587783,50.8774746627348],[12.882093301471,50.8764836947677],[12.8810911783536,50.8758102971655],[12.8798764082198,50.8747195681581],[12.879296253418,50.874263774179],[12.878732623279,50.8737827753104],[12.87854048416,50.8735882567795],[12.878380561837,50.8732542349211],[12.8775386578443,50.8723480577543],[12.8766377533078,50.8714364869466],[12.8760934490394,50.8709883126126],[12.8758083721694,50.8707967455765],[12.8756209867147,50.8706059924684],[12.8755301139349,50.8704965488834],[12.8754622791007,50.8704314521045],[12.8753127765676,50.8702934623896],[12.8750737012634,50.870039539667],[12.8748637362164,50.869741966549],[12.8747522418783,50.8695942785534],[12.8746065382414,50.8697179229366],[12.8745227696346,50.8697930038429],[12.8743531148554,50.8698302176639],[12.8742450124063,50.8699054810148],[12.8740999319798,50.8699553470074],[12.8739225010089,50.8700105917058],[12.873488230459,50.8697788051777],[12.8730803851649,50.8698321791021],[12.8728924086255,50.869679987602],[12.8724050905179,50.8698552039238],[12.8722184300789,50.8701980556446],[12.8716341694245,50.8702311779302],[12.8710733322058,50.8703084884126],[12.8708192219413,50.8706829576098],[12.8703560639874,50.8708158103904],[12.8697059284154,50.8706661064732],[12.8684196818715,50.8710937064531],[12.8674706059332,50.8711337987859],[12.8637402569391,50.8712423583038],[12.8615647554113,50.8710369863972],[12.85989831761,50.8710355753606],[12.8571070228612,50.8711589222357],[12.8546236430046,50.871507111812],[12.8529612745082,50.8712304427747],[12.8519227839636,50.8711143023462],[12.8506785189708,50.871357013868],[12.8494177429439,50.8717419256157],[12.848867529628,50.8723942146056],[12.8488838669088,50.8724288908236],[12.8478377493564,50.8724972056358],[12.8474027035305,50.8724301479467],[12.8470421448872,50.8726292631807],[12.8465218110261,50.8729654449868],[12.8460810302129,50.8735184172668],[12.8458667329895,50.8746678630848],[12.8451049891278,50.8751156577297],[12.842682524124,50.8751086135241],[12.8415403662293,50.8754922118757],[12.8409101653599,50.8755454730113],[12.840269995599,50.8755243925729],[12.8387961000101,50.8757257927197],[12.8382594650196,50.8757913073232],[12.8367889254023,50.8759475855337],[12.8345723730639,50.8763903215772],[12.8338578406449,50.8765833480864],[12.8330115923802,50.8771890851068],[12.8313732698798,50.8784868460532],[12.8308057010263,50.8789397607628],[12.8288207274217,50.8784410879148],[12.8280117174716,50.8781657102155],[12.8275950734433,50.878004977235],[12.8263310506979,50.8771979697707],[12.8261457350236,50.8766531140864],[12.8260395320274,50.8765920860697],[12.8254852854622,50.8771116648318],[12.8251535812033,50.8769953768227],[12.8247174990432,50.8771907314438],[12.8247230856284,50.8779804733459],[12.8247844926859,50.8785806332961],[12.8249096901841,50.8789365422683],[12.8250961334952,50.8792974340624],[12.825415554634,50.8798974208628],[12.8260071018206,50.880944688911],[12.8266937269113,50.8819671842095],[12.8269507796583,50.8823909292904],[12.8271631427093,50.8828141887165],[12.8273770934775,50.8833648331393],[12.8272654601253,50.8839855877089],[12.8284386794976,50.8848826767822],[12.8293199380528,50.8855001381815],[12.8302764280824,50.8862110118431],[12.8314469065811,50.8869326476525],[12.8321095267232,50.8872284120359],[12.8329475017785,50.8874180238499],[12.8337944737453,50.8875548436499],[12.8348197189144,50.8876285142417],[12.8358018507945,50.8875567377011],[12.8366428067479,50.8874333292028],[12.8376396698461,50.8871465835597],[12.8385521355774,50.8867593728649],[12.8394195956383,50.8861696831111],[12.8396457623858,50.8862350638908],[12.8394953290976,50.8867267458423],[12.8381966839545,50.8893547101498],[12.8372816034187,50.8916446491798],[12.8374752465308,50.8916960301556],[12.8391712693828,50.8922450698908],[12.8401017120373,50.8928235625261],[12.8405237820186,50.8931064230859],[12.8426224317088,50.8946154145704],[12.8454150146328,50.896060535146],[12.8469194129434,50.8970455797754],[12.846949695064,50.8980245519201],[12.8513214627573,50.8979484083122],[12.8547310590553,50.8981086252744],[12.855865115661,50.8983619429354],[12.8568701003342,50.8985155701256],[12.8576873587818,50.8984952713873],[12.8588911808385,50.8985610718356],[12.8595014381437,50.8985041064714],[12.8609498138572,50.8981771692612],[12.8611841889221,50.8985371995168],[12.8616478610095,50.8988911816251],[12.8623199236122,50.8988472230893],[12.8627600372319,50.8987594890741],[12.8630508819292,50.8989327896271],[12.8641364623899,50.8993861143738],[12.8644182699121,50.8995464980464],[12.864584843809,50.8996654824831],[12.8650550323395,50.9001978476274],[12.8656961121807,50.9006294870548],[12.866454934208,50.9008395462568],[12.8667821160221,50.9009808095956],[12.8672106170982,50.901077015941],[12.868085507431,50.9013827098273],[12.8692619067082,50.9019292913624],[12.8699859579658,50.901881947553],[12.8705576511563,50.9016129477505],[12.8709497524225,50.9013356718479],[12.8708699083891,50.9010248828038],[12.8716071781662,50.9003210612086],[12.87228392597,50.9005524848519]]]}},{"type":"Feature","id":"chemnitz-23","properties":{"city":"Chemnitz","state":"Sachsen","code":"23","name":"Yorckgebiet","name_atlas":"Yorckgebiet","population_est":6861,"crime_total":{"cases":334,"rate":4868.0},"homicide":{"cases":0,"rate":0.0},"sexual":{"cases":14,"rate":204.1},"violence_proxy":{"cases":51,"rate":743.3},"property_total":{"cases":108,"rate":1574.1},"simple_theft":{"cases":57,"rate":830.8},"aggravated_theft":{"cases":51,"rate":743.3},"fraud":{"cases":57,"rate":830.8},"other_stgb":{"cases":100,"rate":1457.5},"secondary_law":{"cases":4,"rate":58.3}},"geometry":{"type":"Polygon","coordinates":[[[12.9598365632963,50.8396212739721],[12.9609472266845,50.8417624300784],[12.9622539730065,50.8417419406368],[12.963877962148,50.8409061062958],[12.9648365790311,50.8404428486346],[12.9654833996062,50.8408120281618],[12.9655911281762,50.841017206688],[12.9661188495127,50.8411316940715],[12.966555427537,50.8411120617592],[12.9672842835023,50.8404742735244],[12.968255914131,50.8396443477129],[12.9686127843696,50.8392152019611],[12.969211347725,50.8391186991847],[12.9694803922179,50.839027793846],[12.9699694101422,50.8388749933711],[12.9700647015744,50.8386797016873],[12.9704835093769,50.8384073518815],[12.9703563826896,50.837503263411],[12.9701644623954,50.8371759280442],[12.9703381577366,50.8368426913375],[12.969908250542,50.8361435143681],[12.9702996825886,50.835858826764],[12.9713438772077,50.8355248462303],[12.9716832403268,50.8356902048698],[12.9726288960518,50.8359595111882],[12.9734718699577,50.8355447171744],[12.97498315431,50.8338022535959],[12.9760597377771,50.8326565499151],[12.97619251735,50.8325498945414],[12.9772865433567,50.8320092539188],[12.9781781159273,50.8317477298157],[12.9787777602652,50.8316570054751],[12.9793672418207,50.8315852005342],[12.9800224116366,50.8316264932832],[12.9804962484044,50.8315757132782],[12.9809956701019,50.831738654311],[12.9814431849104,50.8319033778161],[12.9817957533028,50.8321622372257],[12.981897259879,50.8324585782192],[12.982904043415,50.8321559270155],[12.9821567564216,50.8317489387375],[12.9815938503359,50.8315265617654],[12.9806824178994,50.8313335768077],[12.9799182126842,50.8312685947175],[12.9789773265601,50.8313215134134],[12.9777124814137,50.8316859986591],[12.9770447711288,50.831846950384],[12.9753493332267,50.8322023659409],[12.9742838198432,50.8324466600717],[12.9736911294616,50.8325541379861],[12.9728162036241,50.8324919797213],[12.9719732968094,50.8323005491956],[12.9708204015144,50.8319138133021],[12.9700782987183,50.8317283901196],[12.9681249197161,50.8312271260843],[12.9671130048704,50.8307066006859],[12.9661091637295,50.8301096824755],[12.9646385817844,50.8296792763062],[12.9640559553209,50.8292342951295],[12.9638010735471,50.8290460006154],[12.9630277070345,50.8286745057698],[12.9616294464984,50.8290503735985],[12.9606799853551,50.8292495360444],[12.9601586167116,50.8293832940977],[12.9590058638189,50.8298907434742],[12.9587144093701,50.8301121396984],[12.9581652976173,50.8305202951509],[12.9577869567458,50.8308712031239],[12.9571954914443,50.8315586361982],[12.9567739076579,50.8317134618932],[12.9562315105998,50.8317895636672],[12.95575869449,50.8316749891366],[12.9546519989249,50.8313751168728],[12.9541654438331,50.8313372117836],[12.9539311175584,50.8313804645221],[12.9544028188426,50.8329183409702],[12.9548843773734,50.8343464273356],[12.9553122142473,50.8352103035104],[12.9557835104397,50.8361251426238],[12.9569873505993,50.8383760139565],[12.9589393494634,50.8379089863692],[12.9598365632963,50.8396212739721]]]}},{"type":"Feature","id":"chemnitz-01","properties":{"city":"Chemnitz","state":"Sachsen","code":"01","name":"Zentrum","name_atlas":"Zentrum","population_est":16092,"crime_total":{"cases":5204,"rate":32339.0},"homicide":{"cases":2,"rate":12.4},"sexual":{"cases":73,"rate":453.6},"violence_proxy":{"cases":903,"rate":5611.5},"property_total":{"cases":1669,"rate":10371.6},"simple_theft":{"cases":1275,"rate":7923.2},"aggravated_theft":{"cases":394,"rate":2448.4},"fraud":{"cases":1085,"rate":6742.5},"other_stgb":{"cases":1022,"rate":6351.0},"secondary_law":{"cases":450,"rate":2796.4}},"geometry":{"type":"Polygon","coordinates":[[[12.9352787078909,50.8418429715733],[12.9337742284434,50.840984675233],[12.9324932853925,50.8401890983352],[12.9319413487448,50.8391665736729],[12.9311936126341,50.8371636076088],[12.9309305759909,50.8365274798191],[12.9300724039998,50.8349460636814],[12.929976705534,50.8345810705467],[12.930245983722,50.8343953644907],[12.9311903595615,50.833703569796],[12.9319296148834,50.8332824389382],[12.932817769564,50.8329356528273],[12.9335039258944,50.8324818997999],[12.934004761762,50.8319906502761],[12.9340933137152,50.8317662909497],[12.9342086153342,50.8315186091405],[12.9343058122559,50.8311812077355],[12.9344275131561,50.8308606424218],[12.934473320936,50.8304242941756],[12.9344473787569,50.8300900435799],[12.9343089512256,50.8293965849632],[12.9340910634303,50.8290905115717],[12.9333448754766,50.8279046760108],[12.9328292127215,50.8270327013299],[12.9322738881015,50.8262943042756],[12.9314070057132,50.8256130778889],[12.9304164145587,50.825089015471],[12.9292209244,50.8245612241015],[12.9282655034581,50.8241466159041],[12.9271614100178,50.823813641827],[12.9262275696084,50.8235987746836],[12.9255277724895,50.8233975443476],[12.9245864185227,50.8233684489745],[12.9237985655266,50.8234062891208],[12.9230624297814,50.8234527518208],[12.9221219253244,50.8236465346728],[12.920923195703,50.8241111429526],[12.9204183556667,50.8243951491744],[12.9188142025944,50.8251133469683],[12.9175242913017,50.8255838125541],[12.9157749314106,50.826222203522],[12.9149916315078,50.8264206234308],[12.9144404925844,50.8265448844488],[12.9140396883545,50.826624846182],[12.9133014926229,50.8264374826546],[12.9127269636981,50.8273898290184],[12.9125271419,50.8277327186557],[12.9121523392084,50.8282042996042],[12.9130944140778,50.8287697028651],[12.9136712932192,50.8290989660319],[12.9140275721474,50.8294482016585],[12.914234907518,50.8298960466638],[12.9142550248722,50.8309029801755],[12.9141530486485,50.831954519545],[12.9135928869892,50.8317006235733],[12.91359508726,50.8318817059894],[12.913946548043,50.8326101163469],[12.9141108120561,50.8336720333318],[12.9139779701369,50.8338503832122],[12.9133343733006,50.8341212863757],[12.9128457128427,50.8347510922501],[12.9123401487312,50.8351003229187],[12.9115757874522,50.8363118296884],[12.9116828726854,50.836421794906],[12.9114238963704,50.8367531508441],[12.9097826260204,50.8367131202238],[12.9097801273087,50.8372658271074],[12.9097181703631,50.8384894358655],[12.9120219807677,50.8383407297874],[12.9120022814464,50.8388816936232],[12.9117411277422,50.8394789471675],[12.9141562997599,50.8399152385913],[12.9154344895241,50.8400605795338],[12.9156808678177,50.8402897589014],[12.9168279341122,50.8416509399395],[12.9176983940212,50.8426210474228],[12.9177634779656,50.8437215162266],[12.9172115103871,50.8450605061514],[12.9193745114527,50.8450944878203],[12.9222655776779,50.8451059496591],[12.922446591819,50.8451920068104],[12.9245813236241,50.8454592017784],[12.9266089942248,50.8457172037659],[12.9297075007173,50.8461858886224],[12.9304553837513,50.8463244038591],[12.9310595366185,50.8462652501853],[12.9327265281772,50.8459356741303],[12.9333568089106,50.8458236232727],[12.9337372526486,50.8457514714647],[12.9361156270546,50.8453320577746],[12.9371134136501,50.84513399288],[12.937833033449,50.844669046596],[12.9367845205147,50.842561563671],[12.9352787078909,50.8418429715733]]]}}]}
