{"type":"FeatureCollection","meta":{"purpose":"display-only Dresden complete municipal boundary","source":"Landeshauptstadt Dresden KUEK5 – Stadtgrenze","source_url":"https://kommisdd.dresden.de/net3/public/ogc.ashx?NodeId=111&Service=WFS&Request=GetCapabilities","layer":"cls:L84","scale":"1:5000","data_license":"Datenlizenz Deutschland – Namensnennung – Version 2.0","district_detail_is_partial":true,"area_sqkm":328.482,"note":"Complete official municipal outline. The 61 Dresden Stadtteile are a partial crime-detail overlay only."},"features":[{"type":"Feature","id":"14612","properties":{"name":"Dresden","AGS":"14612"},"geometry":{"type":"Polygon","coordinates":[[[13.83111847,51.14535695],[13.83085697,51.14588839],[13.83045615,51.14674815],[13.83032328,51.14669279],[13.83022043,51.14681546],[13.83010002,51.14696247],[13.82999267,51.14709288],[13.82979645,51.14732446],[13.8294003,51.14779867],[13.8292087,51.14802218],[13.82900829,51.14825741],[13.82880576,51.14848047],[13.82855613,51.14868586],[13.8282715,51.14885578],[13.82799779,51.14900779],[13.82767128,51.14918028],[13.82738933,51.14932973],[13.82706705,51.14950331],[13.82696659,51.14954872],[13.82645038,51.14976917],[13.82623443,51.14987268],[13.8259979,51.14999653],[13.82582021,51.15008351],[13.82544887,51.15026968],[13.82514965,51.15042403],[13.8248465,51.15059063],[13.82458711,51.15076159],[13.82429238,51.15095583],[13.82399893,51.15111221],[13.82395369,51.15113608],[13.82364502,51.15130957],[13.82336038,51.15146825],[13.82326116,51.15152113],[13.8229552,51.15168313],[13.82268913,51.15178465],[13.82242901,51.15185966],[13.82209698,51.15172134],[13.82206333,51.15173719],[13.82202287,51.15175624],[13.82245526,51.15193699],[13.82211516,51.15212177],[13.82182393,51.15228295],[13.8217722,51.15230988],[13.82170145,51.15235006],[13.82166314,51.15237109],[13.82162347,51.15239248],[13.82158714,51.15241255],[13.8213855,51.15252382],[13.82130091,51.1525705],[13.82117166,51.15247132],[13.82099468,51.15261658],[13.82095217,51.1526476],[13.82092958,51.15266657],[13.82093126,51.15268425],[13.82093858,51.15274778],[13.82094641,51.15278273],[13.82091961,51.15279575],[13.82088315,51.15281346],[13.8208398,51.15283452],[13.8207999,51.1528539],[13.82076615,51.15287029],[13.82068579,51.15290933],[13.82065348,51.15292502],[13.82061679,51.15294537],[13.82039324,51.15305818],[13.81994526,51.15328981],[13.81971553,51.15340684],[13.81951875,51.15351636],[13.81933378,51.15361073],[13.81930508,51.15362398],[13.81909133,51.15373163],[13.81886484,51.15384117],[13.81872612,51.15392184],[13.81862207,51.15395766],[13.81838109,51.15405146],[13.81815283,51.15414286],[13.8178345,51.15426505],[13.81754176,51.1543735],[13.81731267,51.15446612],[13.81710638,51.15454528],[13.81690283,51.15461981],[13.8167272,51.15468411],[13.81654083,51.15475234],[13.81637055,51.15481512],[13.81625323,51.1548624],[13.81622226,51.15487478],[13.81618401,51.15488689],[13.81604177,51.15493891],[13.81598459,51.15496551],[13.81592732,51.15498189],[13.81581422,51.15501603],[13.81569839,51.15503746],[13.81557356,51.15505695],[13.81545818,51.15507495],[13.81537359,51.15508815],[13.81534091,51.15509169],[13.81503136,51.15514779],[13.81427693,51.15526774],[13.81418595,51.15528972],[13.81378357,51.15533508],[13.81348812,51.15536839],[13.81319268,51.15540162],[13.81318179,51.15540286],[13.81307064,51.15540622],[13.81298405,51.1554049],[13.81286439,51.15540008],[13.8128137,51.15539804],[13.81274114,51.15540144],[13.81265082,51.15539558],[13.81258731,51.15539108],[13.81257477,51.15539023],[13.81248133,51.15538263],[13.81237989,51.15537521],[13.8123177,51.15537035],[13.81229031,51.1553682],[13.81213857,51.1553546],[13.81204842,51.15534767],[13.81191802,51.15533763],[13.81178134,51.1553277],[13.81169433,51.15532142],[13.81163226,51.15531693],[13.8112615,51.1552941],[13.81103283,51.15528118],[13.81055215,51.15524734],[13.81031414,51.1552087],[13.81004151,51.15515168],[13.81018044,51.15532222],[13.80999564,51.15573789],[13.80973331,51.15569462],[13.80958652,51.15567091],[13.80947886,51.15596203],[13.80937217,51.15625213],[13.80930632,51.15642897],[13.80924301,51.15660189],[13.80918037,51.1567712],[13.80912015,51.15693376],[13.80906026,51.15709657],[13.80900188,51.1572547],[13.80894535,51.15740785],[13.80888969,51.15755863],[13.80883538,51.15770574],[13.80878312,51.15784678],[13.80873147,51.15798801],[13.80871784,51.15802297],[13.80867825,51.1581314],[13.80863531,51.15824771],[13.80859336,51.15836298],[13.80853732,51.15851566],[13.80847404,51.15868588],[13.8083986,51.15888494],[13.80801588,51.15881768],[13.80810527,51.1588651],[13.80797419,51.1593007],[13.80792164,51.15947533],[13.80778172,51.15945127],[13.80746607,51.15939703],[13.80738541,51.15957394],[13.80735144,51.15966787],[13.80731133,51.15977974],[13.8071906,51.15979923],[13.80719063,51.15978861],[13.80720424,51.15960367],[13.80720891,51.15954014],[13.80721601,51.15942387],[13.80722574,51.15927689],[13.80723798,51.15925743],[13.80705482,51.15928321],[13.80703859,51.15928549],[13.80695843,51.15929678],[13.80693088,51.15930013],[13.80665892,51.15933892],[13.80649985,51.15936084],[13.80644835,51.15936793],[13.80617743,51.15940525],[13.80580649,51.1594659],[13.80578235,51.15963045],[13.80577541,51.15981163],[13.80577345,51.1600175],[13.80577111,51.16023602],[13.8057609,51.16042611],[13.80575689,51.16044796],[13.80574891,51.16063182],[13.80575653,51.1606619],[13.80573971,51.16082949],[13.80573605,51.16086599],[13.80572492,51.16097695],[13.80571447,51.16108109],[13.80573139,51.16131182],[13.80571748,51.16151088],[13.80555484,51.16202923],[13.80551555,51.1621554],[13.8054645,51.16230325],[13.80531696,51.16273261],[13.80521041,51.16309852],[13.80513236,51.16340203],[13.80507247,51.16359518],[13.80495078,51.1639493],[13.80494321,51.16396577],[13.8048918,51.16406158],[13.80479854,51.16434392],[13.80455093,51.16464591],[13.8044035,51.16480994],[13.80411133,51.16513244],[13.80371046,51.16561071],[13.80348334,51.16593768],[13.80335211,51.16613799],[13.80312438,51.16644789],[13.80302086,51.16661366],[13.8028205,51.16694744],[13.80276224,51.16704429],[13.80253915,51.16741596],[13.80253437,51.16742382],[13.80248092,51.16750669],[13.80238605,51.1676535],[13.80212456,51.16806684],[13.80197671,51.16838723],[13.80189889,51.16838741],[13.80173929,51.16842425],[13.80157872,51.16847279],[13.80139397,51.16853604],[13.80113802,51.16864218],[13.80083399,51.16878295],[13.80061709,51.16889526],[13.80038522,51.16902204],[13.80022973,51.16911364],[13.80010831,51.16919239],[13.79990313,51.16930807],[13.79971307,51.16939757],[13.79945072,51.16951223],[13.79924778,51.16960713],[13.7990855,51.16968419],[13.79890405,51.16977225],[13.7988851,51.16977435],[13.79886079,51.16978322],[13.79853879,51.16975348],[13.79830635,51.16972451],[13.79807787,51.16968467],[13.79808442,51.16962785],[13.79812759,51.16951387],[13.79818287,51.16937113],[13.79821527,51.16928745],[13.79824587,51.16922397],[13.79830609,51.16908703],[13.79836757,51.16894725],[13.79841675,51.16880873],[13.79848315,51.1686602],[13.79832282,51.16861874],[13.79794281,51.16852643],[13.79789976,51.16851634],[13.79783342,51.16850079],[13.79762487,51.16845191],[13.7975978,51.16844467],[13.79733307,51.16837378],[13.79719963,51.16833805],[13.79719541,51.16833666],[13.79706281,51.16830403],[13.79679503,51.16823745],[13.79650911,51.16816582],[13.79647298,51.16815707],[13.79624355,51.16809994],[13.79575976,51.1679795],[13.79570911,51.16796701],[13.79536049,51.16788111],[13.79529445,51.16786483],[13.79522785,51.16784842],[13.79514,51.16782678],[13.7949542,51.16777289],[13.79456441,51.1676576],[13.79452549,51.1676461],[13.79278528,51.16714823],[13.79269502,51.16711716],[13.79266413,51.16710653],[13.79217942,51.16695064],[13.79203964,51.16690568],[13.79144974,51.16672841],[13.79074943,51.16652216],[13.79027051,51.16636852],[13.78976122,51.16619616],[13.78903111,51.1660198],[13.78854468,51.16591778],[13.78839311,51.16588573],[13.7880207,51.16580214],[13.78762751,51.16578099],[13.78757133,51.16578122],[13.7871749,51.16579608],[13.78666896,51.16585475],[13.78607851,51.16589761],[13.78551682,51.16597171],[13.78480343,51.16606909],[13.78461492,51.16609612],[13.78454043,51.16610771],[13.78432025,51.16613843],[13.7838908,51.16618963],[13.78376305,51.16620225],[13.78313749,51.16626402],[13.78273638,51.1662874],[13.78231509,51.16628155],[13.78182148,51.16625072],[13.7807577,51.166157],[13.78030983,51.16595628],[13.77971359,51.16598034],[13.7797652,51.16614177],[13.77982279,51.16629619],[13.77989121,51.16642786],[13.78002981,51.16671015],[13.78007439,51.16678321],[13.7801758,51.16697374],[13.7802477,51.1670704],[13.78039149,51.16721477],[13.78051692,51.16731159],[13.78062074,51.16736468],[13.78043069,51.16747778],[13.78028505,51.1675594],[13.78010451,51.16765258],[13.77957368,51.16794054],[13.7790731,51.16821179],[13.77901795,51.16824011],[13.77870022,51.16843698],[13.7785831,51.1685183],[13.77854376,51.16854714],[13.77845752,51.1686025],[13.77820271,51.16875009],[13.77803336,51.16884299],[13.77796661,51.16888278],[13.7777903,51.16899718],[13.77764034,51.16909554],[13.77747251,51.16920587],[13.77731583,51.16931319],[13.77711979,51.16943628],[13.776839,51.1696042],[13.77680448,51.16962829],[13.77675044,51.16966054],[13.77674193,51.1696689],[13.77650675,51.16982455],[13.77628552,51.16998592],[13.77620647,51.17007447],[13.77598626,51.17028241],[13.77590993,51.17033673],[13.77570764,51.17047626],[13.77544524,51.17066498],[13.77522477,51.1708435],[13.77475457,51.17121296],[13.77469352,51.1712782],[13.77451096,51.17146568],[13.77429587,51.17165633],[13.77411954,51.17183113],[13.77391346,51.17200802],[13.77369089,51.17218933],[13.77367247,51.17220424],[13.77358634,51.17229011],[13.773537,51.1723393],[13.77329354,51.17258204],[13.77311231,51.17277278],[13.77299022,51.17290687],[13.77292567,51.17297928],[13.77283914,51.17307662],[13.77271867,51.17321954],[13.77262114,51.17333268],[13.7724126,51.17358137],[13.7723188,51.17367414],[13.77213715,51.17384249],[13.77203188,51.17394036],[13.77195666,51.17399971],[13.77184203,51.17408983],[13.77167283,51.17420896],[13.77153645,51.17427234],[13.77129445,51.1743818],[13.77114318,51.17445627],[13.77107348,51.17449086],[13.77083442,51.17460631],[13.77061715,51.17470537],[13.77054119,51.17473623],[13.77041378,51.174788],[13.7700394,51.1748427],[13.76974046,51.17486024],[13.76936011,51.17489211],[13.76908112,51.174902],[13.76869098,51.1747874],[13.76835493,51.17472151],[13.76813562,51.17470349],[13.76763486,51.17468053],[13.76725769,51.17467714],[13.76717091,51.17467594],[13.7669093,51.17467408],[13.76675715,51.17467984],[13.76637557,51.1746829],[13.76633423,51.17468539],[13.76619245,51.17469329],[13.76598946,51.17474452],[13.76597259,51.17474882],[13.76578803,51.1748153],[13.76551289,51.17490162],[13.76518777,51.17476694],[13.76488463,51.17466579],[13.76486851,51.17466105],[13.76479961,51.1746397],[13.76461313,51.17457719],[13.76447452,51.17454214],[13.764194,51.1744622],[13.76396236,51.17439699],[13.76369702,51.17431913],[13.76339964,51.17421297],[13.76327922,51.1741232],[13.76292582,51.17390602],[13.7628969,51.17388864],[13.76226072,51.17388327],[13.76201569,51.17391774],[13.76173805,51.17396165],[13.76149476,51.1739891],[13.76113928,51.17402621],[13.76105433,51.17404875],[13.76089739,51.17406676],[13.76064791,51.17407379],[13.76029341,51.17406846],[13.760039,51.17408232],[13.75973783,51.17406452],[13.75956319,51.17407576],[13.75942133,51.17409775],[13.75921243,51.17419194],[13.75909551,51.17425747],[13.75895226,51.1743326],[13.75862493,51.17449896],[13.75825788,51.17468999],[13.75820783,51.17472017],[13.75781495,51.17492199],[13.75757305,51.17504816],[13.75719758,51.17539396],[13.75715577,51.17543743],[13.75688719,51.17575398],[13.75649904,51.17610755],[13.75646741,51.1761231],[13.75639568,51.17615836],[13.75571644,51.17645122],[13.7547407,51.17697152],[13.75451032,51.17708964],[13.75429047,51.17719285],[13.75383294,51.17732679],[13.7535931,51.17734443],[13.75316521,51.17735346],[13.75301604,51.17734967],[13.75277765,51.17733716],[13.75186931,51.17734453],[13.75168135,51.17734328],[13.75152498,51.17734556],[13.75091857,51.1773518],[13.75079306,51.17736301],[13.75067689,51.17737504],[13.75036681,51.17739911],[13.74981048,51.17746094],[13.74919706,51.17751703],[13.74895721,51.17755316],[13.74840822,51.17758902],[13.7474266,51.17765312],[13.74712433,51.17766685],[13.74711692,51.17766718],[13.74669444,51.17768635],[13.74649915,51.17768614],[13.74634969,51.17768599],[13.74627701,51.17768592],[13.74598954,51.17767331],[13.74571323,51.17764607],[13.74534363,51.17759482],[13.74507172,51.17747465],[13.74486503,51.17734539],[13.74464299,51.17712305],[13.74463348,51.17707035],[13.74458046,51.17683003],[13.74453393,51.1766086],[13.74454445,51.176483],[13.7445588,51.17625302],[13.74458489,51.17616283],[13.74463543,51.17582959],[13.7446808,51.17554438],[13.7447316,51.17547302],[13.74476949,51.17545351],[13.74488125,51.17539861],[13.74509741,51.17529244],[13.74523666,51.1752207],[13.74531957,51.17518152],[13.74555827,51.17504337],[13.74569469,51.17497318],[13.7458027,51.17490925],[13.74619903,51.17456701],[13.74651934,51.17408027],[13.74668588,51.17394331],[13.74687589,51.17372654],[13.74705628,51.1735327],[13.74716022,51.17342223],[13.74731007,51.17326242],[13.74750977,51.17302158],[13.74747974,51.17296051],[13.74744635,51.17289086],[13.74742119,51.17281754],[13.74737614,51.17267596],[13.74732419,51.17233959],[13.74728662,51.17188425],[13.74729521,51.17186819],[13.74729802,51.17182147],[13.74730376,51.17177005],[13.74750662,51.1715973],[13.74756023,51.1715558],[13.74763864,51.17149525],[13.74771024,51.17143345],[13.74775797,51.17139225],[13.74790203,51.17125554],[13.74795169,51.17122083],[13.7480617,51.17114096],[13.74822517,51.17095387],[13.74848181,51.17070353],[13.74867597,51.17048069],[13.74889605,51.17024217],[13.7489619,51.17015875],[13.74906046,51.17005715],[13.74926259,51.16981738],[13.74946102,51.16951318],[13.74950501,51.16945112],[13.74974198,51.16909321],[13.7498159,51.16894724],[13.74995031,51.1686999],[13.75008554,51.16845711],[13.75011484,51.16840491],[13.75008812,51.1683045],[13.75005822,51.16811043],[13.75023051,51.16796816],[13.75027523,51.16793121],[13.75046852,51.16769603],[13.75031766,51.16746583],[13.75025709,51.16736341],[13.75009713,51.16716332],[13.74998736,51.16702603],[13.74987507,51.16691075],[13.74978897,51.16683224],[13.74972687,51.16674483],[13.74967616,51.16634998],[13.7497102,51.16609397],[13.74968538,51.16584775],[13.74983166,51.16538142],[13.74974686,51.16511635],[13.7496589,51.16495135],[13.74960882,51.16474279],[13.74944399,51.1645995],[13.74934103,51.16447885],[13.74981038,51.16437208],[13.74997931,51.1642974],[13.74999918,51.16428861],[13.75014908,51.16411689],[13.7503089,51.1639338],[13.75047213,51.16375575],[13.75060451,51.16366697],[13.75070923,51.16359606],[13.75077683,51.16355028],[13.75081707,51.16352303],[13.75124892,51.16323507],[13.75111465,51.16308121],[13.75098266,51.16284744],[13.75134293,51.16266481],[13.75166977,51.16257964],[13.75168362,51.16238432],[13.75205482,51.16169352],[13.75208297,51.16149813],[13.75204472,51.16117378],[13.75206121,51.16100809],[13.75203632,51.1609163],[13.75202824,51.16074336],[13.75211969,51.16046858],[13.7522852,51.1600259],[13.75229648,51.1599406],[13.75232994,51.15981938],[13.75242084,51.15947875],[13.75244342,51.15937891],[13.75246648,51.15926088],[13.75247702,51.15916037],[13.75247903,51.15903811],[13.75205706,51.15896826],[13.75184619,51.1589131],[13.7517239,51.15888111],[13.75170545,51.15887129],[13.75156382,51.15879544],[13.75195591,51.15855781],[13.7522098,51.15841437],[13.7524424,51.15829119],[13.75280579,51.15805226],[13.75278262,51.15804062],[13.75286633,51.15805403],[13.75320885,51.15810747],[13.75323003,51.15811144],[13.7533949,51.15796345],[13.75353357,51.15788257],[13.75365648,51.15785434],[13.75378278,51.15782998],[13.75386038,51.15781979],[13.7541359,51.15778018],[13.75426872,51.15776109],[13.75459303,51.1576455],[13.75527326,51.1572623],[13.75541047,51.15722143],[13.75568436,51.15714229],[13.75630232,51.157067],[13.75705217,51.1569409],[13.7573731,51.15691473],[13.75860779,51.15690228],[13.75895895,51.15687221],[13.75960425,51.15673731],[13.75995016,51.15670615],[13.76061711,51.1566965],[13.76112204,51.15664019],[13.76127728,51.15626376],[13.7613527,51.15609793],[13.76136037,51.15606189],[13.76142926,51.15603026],[13.76151908,51.15584208],[13.76162331,51.15562375],[13.76163722,51.15559084],[13.76164708,51.15556179],[13.76167049,51.15546757],[13.76170237,51.15533936],[13.76172955,51.1552128],[13.76175261,51.15508952],[13.76176238,51.15505457],[13.761885,51.15444364],[13.76195452,51.15428191],[13.76210885,51.15390852],[13.76222835,51.15372403],[13.76224626,51.15364776],[13.76226692,51.1536077],[13.76230981,51.15351939],[13.76234605,51.15340198],[13.76239606,51.15299372],[13.76239939,51.15284648],[13.76240031,51.15273271],[13.76238883,51.15264873],[13.76236866,51.15252265],[13.76232172,51.15239669],[13.76230316,51.15233264],[13.76227946,51.15225078],[13.76228555,51.15203187],[13.76228468,51.15195231],[13.76235842,51.15162078],[13.76226026,51.15127498],[13.76206631,51.1510637],[13.7615841,51.15050914],[13.76201798,51.14994812],[13.76206665,51.14990733],[13.76220323,51.14977886],[13.76228768,51.14967612],[13.76228826,51.14958333],[13.76229011,51.14957038],[13.76229199,51.149529],[13.76230109,51.1494592],[13.7622296,51.1492685],[13.76221727,51.14923554],[13.76207282,51.14903514],[13.76201947,51.14900422],[13.7617404,51.14883455],[13.76155905,51.1486827],[13.76102471,51.14823531],[13.75956631,51.14831993],[13.75953425,51.14819276],[13.7594044,51.14757693],[13.75934387,51.1472898],[13.75935873,51.14725657],[13.75966077,51.14704752],[13.76335582,51.14648198],[13.76340752,51.14651305],[13.76397723,51.14640905],[13.76474768,51.14620188],[13.7656353,51.14606087],[13.76638646,51.14584551],[13.76643844,51.14583059],[13.76727246,51.14560017],[13.76726378,51.14558692],[13.76682286,51.14534174],[13.76630887,51.14505188],[13.76604303,51.14487942],[13.7657774,51.144717],[13.76547099,51.14450122],[13.76521826,51.14429354],[13.76519187,51.1442705],[13.76516441,51.14424197],[13.76509598,51.14417476],[13.76499476,51.14406077],[13.76493469,51.14400053],[13.76474392,51.14379713],[13.76470439,51.14375224],[13.76461601,51.14365319],[13.76432853,51.14343748],[13.76418107,51.14333507],[13.76410606,51.14329149],[13.76376108,51.14304092],[13.76362311,51.14294194],[13.76329051,51.14267747],[13.76319504,51.14260481],[13.76240869,51.14192847],[13.76224821,51.14177713],[13.76221031,51.14173432],[13.76201471,51.14158544],[13.76181857,51.14141809],[13.76177037,51.14138642],[13.76148579,51.14119724],[13.7613486,51.14111734],[13.76116824,51.14101221],[13.76070615,51.14080815],[13.76039454,51.14068822],[13.76026783,51.14063946],[13.76001403,51.14051961],[13.75975552,51.14037867],[13.75962629,51.14029033],[13.75949589,51.14019804],[13.7593033,51.14002419],[13.7591989,51.13992937],[13.75915572,51.13988535],[13.75890465,51.13968561],[13.75850926,51.13937108],[13.75825103,51.13916482],[13.75781946,51.13883838],[13.75749009,51.13853081],[13.75723842,51.13834499],[13.75721616,51.13832749],[13.7571911,51.13831011],[13.75702098,51.13816912],[13.75681747,51.13805048],[13.75677352,51.13802091],[13.75629182,51.13856461],[13.75618175,51.13868047],[13.75601922,51.13877243],[13.75599111,51.13875588],[13.75572346,51.13859839],[13.75517468,51.13825666],[13.75493067,51.13809023],[13.75502588,51.13803406],[13.75525509,51.13789881],[13.75545495,51.13778089],[13.75600347,51.13745722],[13.75602925,51.13721216],[13.7560909,51.13661834],[13.75589327,51.1364243],[13.7556704,51.13618711],[13.75536444,51.13589829],[13.75549157,51.13583789],[13.75572012,51.13569821],[13.75575588,51.13567367],[13.75598388,51.13550874],[13.75621407,51.13533467],[13.75630984,51.13523501],[13.75636944,51.13518129],[13.75634654,51.13517197],[13.75631913,51.13516215],[13.75629294,51.13515528],[13.75639667,51.13498933],[13.75636582,51.13486784],[13.75626935,51.13475808],[13.75597186,51.13454943],[13.75588051,51.13448539],[13.75579599,51.13437564],[13.7551743,51.13457257],[13.7545445,51.13477206],[13.75453659,51.13492525],[13.75453308,51.13501023],[13.75450715,51.13563439],[13.75402533,51.13598875],[13.75373914,51.13602817],[13.75335177,51.13608154],[13.75326251,51.13609383],[13.75309862,51.13600434],[13.7529609,51.13592914],[13.7524024,51.13569446],[13.75157454,51.13601745],[13.75155645,51.13614176],[13.75144783,51.13639157],[13.7508447,51.13650989],[13.75069464,51.13653933],[13.75068141,51.13654193],[13.75037661,51.13653604],[13.75033505,51.13653524],[13.75012987,51.13653126],[13.74995223,51.13656442],[13.74965671,51.13661959],[13.74951205,51.13673304],[13.74933253,51.13683594],[13.74926281,51.13692454],[13.74919285,51.13701342],[13.74911239,51.13723611],[13.74908238,51.1372624],[13.74903935,51.13730005],[13.74863192,51.13743511],[13.74859256,51.13754858],[13.74826286,51.13769858],[13.74733612,51.13700111],[13.74676438,51.13657087],[13.74647228,51.13635103],[13.74607391,51.1360512],[13.74576224,51.13599986],[13.74526663,51.13569791],[13.74492572,51.13549245],[13.74463599,51.13531774],[13.74419808,51.1350538],[13.74383321,51.13479945],[13.74356791,51.13461448],[13.74340233,51.13447094],[13.74317691,51.13427526],[13.74302713,51.1341452],[13.74283073,51.13397472],[13.74218474,51.13342942],[13.74210431,51.1333615],[13.74206911,51.1333319],[13.74196668,51.13339454],[13.74153779,51.1336569],[13.74146894,51.1336879],[13.74138188,51.13370017],[13.74088244,51.1337144],[13.74065009,51.13372106],[13.74048766,51.13372562],[13.74011019,51.13373639],[13.73973393,51.13374466],[13.7397084,51.13374788],[13.73947033,51.13375466],[13.73940628,51.13375649],[13.7392691,51.13377847],[13.73915072,51.13382844],[13.7389929,51.13392624],[13.73898432,51.13393154],[13.73869105,51.1341132],[13.73857738,51.13416785],[13.73850414,51.13419212],[13.73846776,51.13420221],[13.73803995,51.13429297],[13.7377817,51.13434781],[13.73733764,51.13444199],[13.73720738,51.13447204],[13.73707615,51.13451692],[13.73695318,51.13456207],[13.73664655,51.13467498],[13.7366097,51.13468808],[13.73654421,51.13472143],[13.73648608,51.13478894],[13.7364755,51.1348416],[13.73647934,51.13499427],[13.73648384,51.13516961],[13.7364855,51.13523956],[13.73649919,51.13533455],[13.73653077,51.13542388],[13.73666093,51.13571725],[13.73674096,51.13589897],[13.73678955,51.13600934],[13.73670307,51.13605793],[13.73630375,51.13628204],[13.73618231,51.13634994],[13.73615329,51.13636625],[13.73605853,51.13642474],[13.73603582,51.13644544],[13.73600578,51.13647299],[13.73584935,51.13651065],[13.7355072,51.13657553],[13.73537981,51.13660104],[13.73515173,51.13664672],[13.73473499,51.13673061],[13.73441848,51.13679433],[13.73405038,51.13686596],[13.73384368,51.13689643],[13.73360888,51.13692115],[13.73316758,51.13696761],[13.73276241,51.13701027],[13.73237099,51.13705149],[13.73179338,51.13711229],[13.73156517,51.13713631],[13.73147206,51.13715466],[13.73128888,51.13719075],[13.731243,51.13720489],[13.73077628,51.13734853],[13.73073243,51.13736202],[13.73074765,51.13738322],[13.73055372,51.13744181],[13.73027386,51.13751515],[13.73024932,51.13752158],[13.72968877,51.13772438],[13.72967279,51.13772795],[13.72954628,51.13775628],[13.7294452,51.13777892],[13.72915956,51.13784176],[13.72914696,51.13784508],[13.72888214,51.13790042],[13.72887001,51.13790595],[13.72857521,51.13796655],[13.72856607,51.13796934],[13.72822888,51.1380033],[13.7281135,51.13801492],[13.72790564,51.13804342],[13.72789124,51.13804516],[13.72753389,51.13818036],[13.72737727,51.13825722],[13.72695797,51.13846297],[13.72687664,51.1384996],[13.72679489,51.13853664],[13.72677155,51.13854723],[13.72660218,51.13859892],[13.72634501,51.13867166],[13.72608168,51.13875242],[13.72581872,51.13882051],[13.72554446,51.13888649],[13.72540747,51.13892027],[13.72530118,51.13894647],[13.7251566,51.13898211],[13.7250562,51.13900586],[13.72482915,51.13905997],[13.72471726,51.13908606],[13.72460236,51.13912126],[13.72436307,51.13920061],[13.72384034,51.13937203],[13.72381929,51.13937934],[13.7235459,51.139459],[13.72332589,51.13952468],[13.72326793,51.13954227],[13.72302712,51.13961002],[13.72300609,51.13961633],[13.72297776,51.13962404],[13.72294248,51.13963768],[13.72269416,51.13969197],[13.72241934,51.13975206],[13.72203271,51.13980488],[13.72200291,51.13980921],[13.72165352,51.13981726],[13.72155193,51.13981551],[13.72121779,51.1398148],[13.72108224,51.13981282],[13.72106454,51.13981271],[13.72069258,51.13995615],[13.72052379,51.13975774],[13.72003905,51.13920678],[13.71988053,51.13903747],[13.71981482,51.13896406],[13.71947654,51.1385862],[13.71924539,51.13831641],[13.7190853,51.13815991],[13.71911691,51.13814052],[13.71893545,51.13794414],[13.71879691,51.13781189],[13.71872665,51.13772632],[13.7186701,51.13766541],[13.71863435,51.13762088],[13.71850051,51.13748371],[13.71853703,51.13743294],[13.71858121,51.13734781],[13.71861461,51.13724425],[13.71858544,51.13715775],[13.71856449,51.13705798],[13.71860052,51.13701322],[13.71848075,51.1368691],[13.71845801,51.13681082],[13.71840527,51.13669281],[13.71840239,51.13668637],[13.71835156,51.13659986],[13.71814816,51.13620663],[13.71811589,51.13614935],[13.71806121,51.13610521],[13.71750842,51.13569414],[13.71745479,51.13565967],[13.71693758,51.13541515],[13.71686088,51.13537566],[13.71679822,51.13534208],[13.71671365,51.13528368],[13.71652144,51.13511695],[13.716442,51.13507413],[13.71635553,51.13504092],[13.71582323,51.13488926],[13.71553117,51.13480499],[13.71505979,51.13467456],[13.71493357,51.13464095],[13.71450963,51.13455272],[13.71428739,51.13451144],[13.71403193,51.13447793],[13.71390532,51.13445878],[13.71380865,51.13443169],[13.71339775,51.13428686],[13.71314066,51.13419653],[13.7131162,51.13419038],[13.71310636,51.13418791],[13.71303585,51.13417799],[13.71301905,51.13417347],[13.71295605,51.13414507],[13.71290289,51.1341106],[13.71286451,51.13408194],[13.71282635,51.13404034],[13.71278472,51.13397839],[13.71272961,51.1338323],[13.71253213,51.13335713],[13.71253067,51.13332383],[13.71256123,51.13323981],[13.71257853,51.13316414],[13.7126173,51.13308799],[13.71263754,51.13300591],[13.71268572,51.13283854],[13.71270217,51.13277383],[13.71271218,51.13274219],[13.71275657,51.13259433],[13.71280179,51.13251953],[13.71298864,51.13241342],[13.71316455,51.13237211],[13.71327119,51.13232651],[13.71345499,51.13224279],[13.71350261,51.13219421],[13.71349747,51.13213747],[13.7134269,51.13199114],[13.71338485,51.13190643],[13.71333022,51.13182572],[13.71326855,51.13175419],[13.71316416,51.13164651],[13.71310613,51.13159599],[13.71304519,51.13154934],[13.71295994,51.13149942],[13.71297805,51.13147568],[13.71294641,51.13144567],[13.71292226,51.13144348],[13.71285918,51.13136765],[13.71288881,51.13131946],[13.7129187,51.13127084],[13.71303358,51.13118574],[13.71313662,51.13112164],[13.71325234,51.13105088],[13.71338827,51.13096212],[13.71346944,51.13091034],[13.71359597,51.13081658],[13.7135826,51.13080605],[13.71304311,51.13033003],[13.71250024,51.12986517],[13.71244807,51.12982049],[13.71182325,51.12926962],[13.71173457,51.1291507],[13.71225664,51.12904031],[13.71276764,51.12893259],[13.71272889,51.12893926],[13.71269378,51.1289431],[13.7126583,51.12894487],[13.71262246,51.1289443],[13.71258836,51.12893772],[13.71255526,51.12892072],[13.71253563,51.12890189],[13.71251877,51.12887673],[13.71225893,51.12838773],[13.71218223,51.12824315],[13.71210635,51.1281002],[13.71207542,51.12804124],[13.71205057,51.12798947],[13.7120277,51.1279377],[13.71199833,51.1278589],[13.71198222,51.12780605],[13.71196274,51.12772592],[13.71194969,51.12765576],[13.71187513,51.12720836],[13.71187665,51.12719983],[13.71188766,51.12718934],[13.71189771,51.12717759],[13.71189937,51.12716386],[13.71182886,51.12674014],[13.71181995,51.1266861],[13.71174945,51.12626248],[13.71174392,51.12625064],[13.71173541,51.12624318],[13.71171878,51.12623454],[13.71171246,51.12622612],[13.71168427,51.12605734],[13.71166922,51.12596693],[13.71166077,51.12591632],[13.71164992,51.12586964],[13.71163257,51.12582612],[13.71160874,51.12578379],[13.71157859,51.125743],[13.71154238,51.12570458],[13.71150025,51.12566807],[13.71145334,51.12563429],[13.71141711,51.12561204],[13.71137359,51.12558954],[13.71129622,51.12555678],[13.71120985,51.1255294],[13.71114002,51.12551317],[13.71107061,51.12550198],[13.71100038,51.12549492],[13.71092918,51.12549197],[13.71085787,51.12549316],[13.71077369,51.12550032],[13.71073841,51.12550524],[13.71066235,51.12551753],[13.7105936,51.12552935],[13.71052511,51.12554218],[13.71044365,51.12555871],[13.71036274,51.12557634],[13.71013568,51.1250557],[13.71011658,51.12505899],[13.71008637,51.1250156],[13.70957771,51.12428664],[13.70920691,51.12376315],[13.70892248,51.12334839],[13.70879798,51.12318252],[13.70894349,51.12314861],[13.70923017,51.12308194],[13.70978971,51.12295175],[13.71032311,51.12282738],[13.71039067,51.12281221],[13.71025604,51.12262366],[13.71020674,51.12255462],[13.71010566,51.12244942],[13.70996251,51.12226981],[13.70995859,51.12226261],[13.70990049,51.12219911],[13.70975244,51.12202699],[13.70967626,51.12192576],[13.70960347,51.1218421],[13.70945429,51.12167087],[13.7094206,51.12162906],[13.70938743,51.1215842],[13.7093536,51.12153208],[13.70929556,51.12144081],[13.70927913,51.12141566],[13.70911686,51.12116735],[13.70902572,51.12097899],[13.7089124,51.12078458],[13.70873985,51.12044713],[13.70865151,51.12028331],[13.70854617,51.12009585],[13.7084582,51.11994698],[13.70836877,51.11979575],[13.70836007,51.11978674],[13.70817809,51.11947417],[13.70817022,51.11945672],[13.70792356,51.1190608],[13.70784836,51.11895224],[13.70775971,51.11881395],[13.70770504,51.11872225],[13.70756994,51.11852327],[13.70746827,51.11833971],[13.70744227,51.11828727],[13.70742642,51.1182685],[13.70741649,51.11824233],[13.70739678,51.11819035],[13.70737548,51.11811874],[13.7073218,51.11799013],[13.70731915,51.11797543],[13.70732482,51.1178451],[13.70732272,51.1177663],[13.7073242,51.11769557],[13.7073123,51.11753904],[13.70731867,51.11752255],[13.70736172,51.11740349],[13.70739001,51.11731529],[13.7073757,51.11726947],[13.70735403,51.11720012],[13.70733633,51.11714846],[13.70732957,51.1171373],[13.70728203,51.1170632],[13.70720604,51.11693765],[13.70712913,51.11681057],[13.70705926,51.11669793],[13.70704151,51.11666933],[13.70701232,51.11657231],[13.70697429,51.11644583],[13.70698209,51.11634173],[13.70698975,51.11623871],[13.70699359,51.11618741],[13.70704236,51.11605239],[13.70705266,51.11603467],[13.7071825,51.11584955],[13.70717488,51.11577552],[13.70716718,51.11570878],[13.70718105,51.11562962],[13.70719222,51.11553721],[13.70719888,51.11545107],[13.7072033,51.11541408],[13.70720736,51.11539806],[13.7072107,51.11536643],[13.70721192,51.11529712],[13.70720668,51.1152207],[13.70720627,51.11516789],[13.70720258,51.11512812],[13.70720183,51.11505398],[13.70719832,51.11503432],[13.707193,51.11491623],[13.70719498,51.11487966],[13.70718437,51.11479241],[13.70718231,51.1147067],[13.70717777,51.11466859],[13.70716872,51.11454186],[13.70716139,51.11441576],[13.70712679,51.11428381],[13.70710127,51.11419441],[13.70709283,51.11416482],[13.70708141,51.11410615],[13.70706976,51.11407063],[13.70701925,51.11391685],[13.70699375,51.11383427],[13.70698171,51.11379527],[13.70695227,51.11371352],[13.70693986,51.11367659],[13.70691923,51.11361428],[13.7069191,51.11359789],[13.70722643,51.11342724],[13.70738762,51.11339977],[13.7074305,51.11337724],[13.70745406,51.11335595],[13.70748768,51.11327505],[13.70754492,51.11315332],[13.70755897,51.11307679],[13.70757743,51.11301177],[13.7076145,51.11294984],[13.70766056,51.11290035],[13.70788796,51.11265386],[13.70792319,51.11251564],[13.70791747,51.11236121],[13.70794846,51.11201493],[13.70791519,51.11199724],[13.70797773,51.11194782],[13.70773156,51.11183976],[13.70626427,51.11145702],[13.70513566,51.11116402],[13.70482417,51.11107017],[13.70459811,51.11104776],[13.70415064,51.11104543],[13.70381321,51.11083219],[13.70375538,51.11079582],[13.70359199,51.11065882],[13.7034776,51.11056172],[13.70342734,51.11048538],[13.70332332,51.11032102],[13.70325315,51.11020276],[13.70322566,51.11016494],[13.70311547,51.11013738],[13.70296591,51.11010142],[13.70285792,51.11007539],[13.70275153,51.1100492],[13.70321864,51.10977787],[13.70381018,51.10937192],[13.70501718,51.10861286],[13.70470502,51.10859808],[13.70399172,51.1090404],[13.70351456,51.10934249],[13.70251528,51.11002024],[13.70229758,51.11023234],[13.70226549,51.11026628],[13.70224051,51.11030431],[13.70205794,51.11052853],[13.70167684,51.11094032],[13.70145828,51.11121854],[13.70138895,51.1113224],[13.70123571,51.1115512],[13.70117175,51.11183938],[13.70114722,51.11211748],[13.70109153,51.11274787],[13.70105965,51.11321116],[13.70103593,51.11342089],[13.70100138,51.11373532],[13.70098453,51.11389763],[13.70093061,51.1139578],[13.70089818,51.11409936],[13.70082463,51.11427097],[13.70087802,51.11431994],[13.70083255,51.11443566],[13.70072769,51.11452972],[13.70056067,51.1145666],[13.70044076,51.11466953],[13.70040304,51.11463021],[13.70025339,51.11451039],[13.70024935,51.11450702],[13.70010354,51.1143897],[13.69986387,51.1141971],[13.69985257,51.11418789],[13.69946947,51.11394074],[13.69945824,51.11392902],[13.69941967,51.11388886],[13.69926258,51.11372639],[13.69920321,51.11366489],[13.69847591,51.11318156],[13.69835748,51.1132175],[13.69825601,51.11324827],[13.69818184,51.11327082],[13.69805767,51.11331193],[13.69799202,51.11333051],[13.69747303,51.11348857],[13.69733905,51.11350944],[13.69701476,51.11355998],[13.6969763,51.11356613],[13.69692677,51.11357475],[13.69654215,51.11344326],[13.69629963,51.11336408],[13.69622883,51.11334022],[13.69623708,51.11330076],[13.69624762,51.11327157],[13.69621424,51.1131432],[13.69619962,51.11309346],[13.69611387,51.11280696],[13.69599088,51.11246264],[13.69585664,51.11239683],[13.69436206,51.11167094],[13.69403396,51.11158215],[13.69329062,51.11138102],[13.69249846,51.11116991],[13.69242206,51.11114955],[13.69236416,51.11113411],[13.69190642,51.11101209],[13.69193107,51.1109631],[13.69196802,51.11088302],[13.69186043,51.11088564],[13.69184671,51.11087119],[13.69186422,51.11068055],[13.69188316,51.11047508],[13.6917329,51.11014737],[13.6917849,51.10979225],[13.69180422,51.10965951],[13.69183745,51.10954455],[13.69188875,51.10936737],[13.69192367,51.1092468],[13.69198539,51.10907868],[13.69206779,51.10884579],[13.69214447,51.10863281],[13.69226785,51.10831399],[13.69228484,51.10828874],[13.69265696,51.10837011],[13.69287615,51.10841562],[13.69341865,51.10839427],[13.69375486,51.10839209],[13.69389702,51.10838919],[13.69410918,51.10838491],[13.69448284,51.10770664],[13.69468228,51.10716598],[13.69469809,51.10712331],[13.69473449,51.10701036],[13.6949086,51.10645654],[13.69492091,51.10640873],[13.6949123,51.10627193],[13.69489231,51.10595392],[13.69492791,51.10570927],[13.69494197,51.10559006],[13.69495667,51.10547893],[13.69495825,51.10546866],[13.69562158,51.10551512],[13.69558773,51.10487634],[13.69539506,51.10444505],[13.6952715,51.10416005],[13.69519357,51.10399119],[13.69511254,51.10388387],[13.69482694,51.10350557],[13.69475442,51.1034095],[13.69327781,51.10329956],[13.69322488,51.10317333],[13.69311267,51.10290575],[13.69302007,51.10279888],[13.69282526,51.10257343],[13.69274692,51.10248284],[13.69325654,51.1025019],[13.69329505,51.1020981],[13.69236863,51.10206191],[13.69225682,51.10196778],[13.69221717,51.10193438],[13.69219218,51.10191335],[13.69216146,51.10188748],[13.69204698,51.10187766],[13.69196352,51.10187341],[13.69186637,51.10186455],[13.69182281,51.10186167],[13.6918622,51.10166525],[13.69183007,51.10161137],[13.69172581,51.10143636],[13.6915657,51.10116295],[13.69150099,51.1010532],[13.69149835,51.10104553],[13.69147534,51.10098073],[13.69146957,51.10096251],[13.69140068,51.10074824],[13.69134266,51.10056745],[13.69133558,51.10054517],[13.69125798,51.10038628],[13.69115676,51.10017902],[13.69112586,51.10011558],[13.69091864,51.10011254],[13.6908971,51.10011221],[13.69077036,51.10011043],[13.69041446,51.10010519],[13.6900671,51.10010013],[13.6893594,51.10008959],[13.68931222,51.100087],[13.68908309,51.10007643],[13.68887041,51.10006003],[13.68880432,51.10004984],[13.68874255,51.10003234],[13.68868786,51.10000773],[13.68864162,51.09997674],[13.68823544,51.09963888],[13.68820781,51.09959597],[13.68821697,51.09955004],[13.68826186,51.09951288],[13.68842873,51.09943277],[13.68848691,51.09940474],[13.68900055,51.09915809],[13.689547,51.09889567],[13.68978561,51.09878108],[13.68997831,51.09868859],[13.69045051,51.09846177],[13.69068522,51.09834815],[13.69080889,51.09828799],[13.69124069,51.09807574],[13.69180656,51.09780204],[13.69184483,51.09783294],[13.69235519,51.09824487],[13.69279917,51.09860319],[13.69327827,51.0983681],[13.69338399,51.09831623],[13.69350352,51.09825785],[13.69396996,51.09803008],[13.69405997,51.09798603],[13.69421448,51.0979104],[13.69455495,51.09774375],[13.69440542,51.09768077],[13.69441955,51.09767068],[13.69476084,51.09742752],[13.69499791,51.09725861],[13.6955505,51.09686475],[13.69559698,51.09683166],[13.69565666,51.0967907],[13.69635446,51.09629446],[13.69730404,51.0956224],[13.69760059,51.09541293],[13.69812652,51.09504152],[13.69825409,51.09495143],[13.69853067,51.09475539],[13.6989306,51.0944721],[13.69885417,51.09443059],[13.69860843,51.09429203],[13.6985039,51.094233],[13.69786526,51.09387514],[13.69831846,51.09353787],[13.6983499,51.09351777],[13.6984031,51.09348555],[13.69846037,51.09344652],[13.69849237,51.09342266],[13.69857878,51.09336156],[13.69895995,51.09308673],[13.69917031,51.09293367],[13.69931185,51.09283253],[13.69953842,51.0926604],[13.69973028,51.0925252],[13.69982379,51.09245608],[13.6998049,51.09244473],[13.69997325,51.09232499],[13.70033845,51.09206479],[13.70040274,51.09201742],[13.70043628,51.09199308],[13.70052844,51.0919262],[13.70082356,51.09171071],[13.70089689,51.0916602],[13.70104288,51.09155962],[13.70087313,51.09145855],[13.70086235,51.09145118],[13.70110226,51.09127891],[13.70098967,51.09121115],[13.7008942,51.09119993],[13.70088725,51.09119915],[13.70042087,51.09114451],[13.70012537,51.09110994],[13.70012632,51.09074925],[13.70012655,51.09065941],[13.69933179,51.09085717],[13.69802633,51.09118385],[13.69784774,51.09125011],[13.69739249,51.09141902],[13.69657994,51.09172706],[13.69652038,51.09174878],[13.69568549,51.0920532],[13.69548496,51.09212809],[13.69542824,51.09214927],[13.69516154,51.0922488],[13.69434256,51.09255433],[13.6930511,51.09303428],[13.69295549,51.09306982],[13.69281628,51.09312155],[13.69211586,51.09338184],[13.69178909,51.0935561],[13.69162461,51.09364382],[13.69150945,51.09370523],[13.69144117,51.09370629],[13.69139173,51.09370706],[13.6912557,51.09375849],[13.69117795,51.0937879],[13.69118892,51.09371408],[13.69119417,51.09367482],[13.69120082,51.09362307],[13.69121454,51.09351545],[13.69120861,51.09337022],[13.69119784,51.09328545],[13.69116522,51.09311199],[13.69113413,51.09294665],[13.69109903,51.09272568],[13.69108983,51.09268209],[13.69097915,51.09206982],[13.69089668,51.09207658],[13.69082784,51.09205409],[13.69082027,51.09200478],[13.69081257,51.0919558],[13.69061079,51.09202951],[13.69013163,51.09220986],[13.68974571,51.09234433],[13.68942645,51.09185094],[13.6890588,51.09128266],[13.68928424,51.09121525],[13.68953746,51.0911397],[13.68963562,51.09111104],[13.68965814,51.09098465],[13.68975632,51.09095535],[13.69007918,51.09085966],[13.6899453,51.09068643],[13.68993954,51.09067949],[13.68992991,51.09065661],[13.68988606,51.09057667],[13.68988255,51.09056976],[13.68985654,51.09052365],[13.68974091,51.09030419],[13.6896989,51.09022156],[13.68957995,51.08998755],[13.68955452,51.08993753],[13.68950188,51.08983629],[13.68945318,51.08974491],[13.68940776,51.08965509],[13.68929507,51.08943219],[13.68913303,51.08933017],[13.68953091,51.08908417],[13.68957464,51.08905342],[13.68961757,51.08902859],[13.68966293,51.08900739],[13.68970637,51.08898682],[13.6897539,51.08897216],[13.68968822,51.08889131],[13.68964435,51.08883734],[13.6891536,51.08851217],[13.68911042,51.08854151],[13.68902627,51.08860518],[13.68901716,51.0886121],[13.6888659,51.08871987],[13.68885482,51.08872662],[13.68876962,51.08878464],[13.68873752,51.08880983],[13.68868481,51.08884685],[13.68860567,51.08889561],[13.68858765,51.08890672],[13.68848806,51.08895887],[13.68846805,51.08897257],[13.68839635,51.08901459],[13.68833265,51.08905064],[13.68829961,51.08906983],[13.68819155,51.08912809],[13.68815392,51.0891484],[13.68814501,51.08915692],[13.68805831,51.08920586],[13.68800767,51.08923507],[13.6879195,51.08928693],[13.68782716,51.08934125],[13.68778936,51.08936399],[13.68768428,51.08942497],[13.68765157,51.0894466],[13.68763422,51.08945409],[13.68758863,51.0894807],[13.68753521,51.08951212],[13.68751326,51.08952486],[13.68749718,51.08953394],[13.68742731,51.0895744],[13.68737467,51.08960317],[13.68733438,51.08962505],[13.68724128,51.08967901],[13.68715942,51.08972576],[13.68709923,51.08976013],[13.6870758,51.08977362],[13.68705536,51.08978539],[13.68698246,51.08982736],[13.68696308,51.08983864],[13.68688863,51.0898744],[13.68685412,51.08989127],[13.68683593,51.08990086],[13.686768,51.08994108],[13.68663233,51.09003487],[13.68659034,51.09006389],[13.68654953,51.09009211],[13.68647887,51.09014005],[13.68640641,51.09019058],[13.68612883,51.0900144],[13.68611843,51.09000841],[13.68506401,51.08933603],[13.6849068,51.08942389],[13.68482275,51.08947087],[13.68474845,51.08951241],[13.68468881,51.08954574],[13.6846087,51.08959068],[13.68448352,51.08966091],[13.68446404,51.08967118],[13.68434683,51.08973598],[13.68426992,51.08978406],[13.68407468,51.08989396],[13.68390057,51.08999063],[13.68389085,51.08999877],[13.68387562,51.09001236],[13.68381135,51.09006959],[13.68371132,51.09015865],[13.68356618,51.09028799],[13.68342926,51.09040994],[13.68341827,51.09041973],[13.68340187,51.09043447],[13.68323331,51.09051988],[13.68309998,51.09058743],[13.68304009,51.09062018],[13.6829461,51.09067119],[13.68288668,51.09070654],[13.68287567,51.09071248],[13.6825511,51.09088676],[13.68235949,51.09098964],[13.68209116,51.09113372],[13.68191911,51.09122035],[13.68189937,51.09123055],[13.68174849,51.09131345],[13.68157905,51.09140789],[13.68145193,51.09147477],[13.68140511,51.09150174],[13.68130297,51.09155682],[13.68126049,51.09158428],[13.68123404,51.09159846],[13.68120163,51.09161957],[13.68114119,51.09165559],[13.68107116,51.09169733],[13.68103116,51.09172147],[13.68090879,51.09179533],[13.68082954,51.09184532],[13.68081136,51.09185595],[13.6807358,51.09188658],[13.68070974,51.09189714],[13.68058732,51.09194677],[13.68057716,51.09195088],[13.68054338,51.09196457],[13.68035741,51.09203995],[13.68032626,51.09205257],[13.6802814,51.09206893],[13.68016787,51.09212169],[13.68012735,51.09214126],[13.67999171,51.09220521],[13.67984518,51.09227207],[13.67981449,51.09228421],[13.67979717,51.09229307],[13.67969199,51.09233377],[13.67963944,51.09235366],[13.67946334,51.09242032],[13.67938839,51.09244802],[13.67928518,51.09248536],[13.67914577,51.09253807],[13.67910645,51.09255293],[13.67892956,51.09262165],[13.67886115,51.09264325],[13.67876597,51.09268138],[13.67874801,51.09268577],[13.67867675,51.09271777],[13.67856549,51.0927616],[13.67847051,51.09279902],[13.67841667,51.09282084],[13.6783792,51.09283733],[13.67833852,51.09285351],[13.6781928,51.09291555],[13.67805889,51.09299087],[13.6778617,51.09310522],[13.67783799,51.09311925],[13.67766489,51.09321262],[13.67753438,51.09328978],[13.6771335,51.09351631],[13.67701822,51.09358147],[13.67682406,51.09369809],[13.67676539,51.09373383],[13.67650821,51.09388318],[13.67625266,51.094034],[13.67615716,51.09409428],[13.6760444,51.09415623],[13.67595368,51.094209],[13.67591592,51.09423096],[13.67584472,51.09427259],[13.67573595,51.09434137],[13.67565721,51.09437775],[13.67551066,51.09445278],[13.67532428,51.09454092],[13.67526998,51.09456475],[13.67520929,51.0945914],[13.6751098,51.09463533],[13.67508128,51.09464827],[13.675055,51.09465993],[13.67504153,51.09466592],[13.67499867,51.09468209],[13.6749371,51.09470683],[13.67492205,51.09471269],[13.67452213,51.09486857],[13.67425261,51.09497071],[13.67421685,51.0949834],[13.67373591,51.09514365],[13.67364783,51.09517394],[13.6736746,51.09527905],[13.67369794,51.09537067],[13.67374366,51.09557103],[13.67364582,51.09556395],[13.67350959,51.09555771],[13.67336697,51.09554805],[13.67322603,51.09553829],[13.67310658,51.09553048],[13.67289924,51.09551564],[13.67285571,51.09552136],[13.67271962,51.09553921],[13.67234046,51.09558895],[13.67205095,51.09562694],[13.67193577,51.09564206],[13.67191635,51.09564289],[13.67166303,51.09563924],[13.67165064,51.09563609],[13.67157534,51.0956293],[13.67139429,51.09561458],[13.6713294,51.09560859],[13.67128124,51.09560323],[13.67121034,51.0955979],[13.67111979,51.09558918],[13.67102988,51.09558051],[13.67093258,51.09557114],[13.67091008,51.09556779],[13.67083569,51.09555889],[13.67065946,51.09553779],[13.67047683,51.09551594],[13.67012228,51.09547312],[13.66994163,51.09545103],[13.66992555,51.09544906],[13.6696429,51.09539011],[13.66944034,51.09534787],[13.66926583,51.09531148],[13.6690939,51.09527212],[13.66898948,51.09524955],[13.66879113,51.09520524],[13.66848959,51.09513974],[13.66832391,51.09510373],[13.66825979,51.09506357],[13.66798001,51.09490273],[13.66748987,51.09462463],[13.66725302,51.09450005],[13.66685109,51.0941835],[13.6668146,51.09415476],[13.66679412,51.09413797],[13.66776114,51.09368946],[13.66766343,51.0936917],[13.66764977,51.09369076],[13.66751058,51.0936952],[13.6674852,51.09369676],[13.66739947,51.09369775],[13.66728754,51.09369371],[13.66718174,51.09368621],[13.66711662,51.09368312],[13.66704454,51.0936791],[13.66667789,51.09365964],[13.66655974,51.09365337],[13.66649348,51.09364977],[13.66591582,51.0936123],[13.6651834,51.0935648],[13.66491592,51.09354745],[13.66446879,51.09349275],[13.66378082,51.09341193],[13.66369829,51.09361753],[13.66365912,51.09378736],[13.66364136,51.09385899],[13.66351362,51.09384575],[13.66325147,51.09382413],[13.66283468,51.09378032],[13.66217595,51.09373313],[13.66199114,51.09369418],[13.66120518,51.09355455],[13.6607897,51.09348073],[13.66049751,51.09341697],[13.6601836,51.09334724],[13.66003374,51.09331405],[13.65997722,51.0933035],[13.65992633,51.09328119],[13.65989911,51.09329874],[13.65981933,51.09335017],[13.65949062,51.09317576],[13.65937732,51.09311565],[13.65935294,51.09310271],[13.65912915,51.09299886],[13.65898463,51.09294065],[13.65863621,51.09278664],[13.65866555,51.09276427],[13.65892289,51.09256798],[13.65917861,51.09271861],[13.65923409,51.09268172],[13.65899736,51.09251327],[13.659668,51.09221181],[13.65971017,51.09219286],[13.66044965,51.09182445],[13.66065596,51.09172001],[13.66079992,51.0916467],[13.66136322,51.09129805],[13.66152544,51.09118718],[13.66183887,51.09097197],[13.66184922,51.09096473],[13.66214964,51.09075539],[13.66280293,51.09030487],[13.66392507,51.08944952],[13.66386798,51.0894163],[13.66357024,51.08969857],[13.66316812,51.09002153],[13.66272928,51.09024138],[13.66237397,51.09038296],[13.66203418,51.090544],[13.66185889,51.09053903],[13.66183509,51.09053792],[13.6617503,51.09053388],[13.66119274,51.09014736],[13.66043026,51.09059364],[13.65963828,51.0908351],[13.6584984,51.09111535],[13.65782364,51.09134611],[13.6571575,51.0915771],[13.65632824,51.09182837],[13.65547429,51.0920852],[13.65464283,51.09234995],[13.65384154,51.09260876],[13.65230772,51.09321645],[13.65163768,51.09347717],[13.6508705,51.0938051],[13.65018376,51.09414421],[13.64950443,51.0944486],[13.64888214,51.09481945],[13.64808745,51.09518474],[13.6467045,51.09587427],[13.64587926,51.0962462],[13.64515573,51.09649296],[13.64409743,51.09668332],[13.64372905,51.09674957],[13.64301828,51.09686114],[13.64199314,51.09705218],[13.64120342,51.0971619],[13.64047567,51.09726727],[13.63957573,51.09741734],[13.63898278,51.09752649],[13.63833587,51.09765561],[13.6376653,51.09776277],[13.63689144,51.09787372],[13.63633697,51.0980574],[13.63602623,51.09817014],[13.63534687,51.09843054],[13.63436752,51.09878505],[13.63418207,51.09885502],[13.63345944,51.0991483],[13.63292439,51.09936105],[13.63217765,51.09965584],[13.6313596,51.09998979],[13.63053056,51.10031304],[13.62941746,51.10067245],[13.62830968,51.10109292],[13.62761308,51.10140227],[13.62732192,51.10150991],[13.62662632,51.10184128],[13.62585502,51.10209853],[13.62473248,51.10247738],[13.62373038,51.10264561],[13.62276899,51.1027244],[13.62176191,51.10276722],[13.62090781,51.10275702],[13.61997568,51.10270802],[13.61884289,51.10257483],[13.6176822,51.10243207],[13.61657551,51.10221923],[13.61555477,51.10193956],[13.61459633,51.1016305],[13.61380733,51.10130792],[13.61305902,51.10094353],[13.61235148,51.10052621],[13.61158048,51.09997477],[13.61089438,51.09945252],[13.61019921,51.09891679],[13.60985611,51.09865234],[13.60919513,51.09819291],[13.60829397,51.09768824],[13.60759936,51.09732129],[13.60721666,51.09712793],[13.60676267,51.09691488],[13.60627104,51.09673853],[13.60565125,51.09658376],[13.60556185,51.09656651],[13.605289,51.09652188],[13.60516137,51.09650177],[13.60494902,51.09646917],[13.60463572,51.09642007],[13.60438288,51.09639001],[13.60348976,51.09644935],[13.60260924,51.09662118],[13.60184084,51.09676418],[13.60093249,51.09708829],[13.60016644,51.09738276],[13.5997933,51.09763053],[13.59935915,51.09789346],[13.598678,51.09840713],[13.59794027,51.09802767],[13.59792224,51.09801348],[13.59782763,51.09795498],[13.59777447,51.09792211],[13.59769576,51.09787344],[13.59764611,51.09785045],[13.59753333,51.09782746],[13.59746961,51.09781426],[13.59740828,51.09777519],[13.59733365,51.09772769],[13.59730475,51.09766888],[13.59722945,51.09760772],[13.59721856,51.09756692],[13.59716255,51.09754628],[13.59713054,51.09752635],[13.59708953,51.09747393],[13.59702324,51.09743783],[13.59698491,51.0974123],[13.59698495,51.09739792],[13.59696013,51.09739555],[13.59692923,51.09736549],[13.59691174,51.09735718],[13.59686979,51.09731256],[13.59681922,51.09728619],[13.596728,51.09717492],[13.59672183,51.09716817],[13.59671191,51.09715772],[13.59670101,51.09712082],[13.59668602,51.09709776],[13.59670913,51.09707156],[13.59670262,51.097064],[13.59667505,51.0970372],[13.59665049,51.09699053],[13.59661845,51.0969738],[13.59658705,51.09693008],[13.59661859,51.09688986],[13.59659012,51.09682773],[13.59657471,51.09680477],[13.59654134,51.09679889],[13.59652313,51.09677618],[13.59647351,51.09668897],[13.59651614,51.09661957],[13.59646177,51.09658621],[13.59648258,51.09654886],[13.59646629,51.09648167],[13.59649022,51.09642124],[13.59649138,51.0963469],[13.59648123,51.09633266],[13.59647626,51.0963063],[13.59649861,51.0962903],[13.59651776,51.09618191],[13.59654526,51.09613001],[13.59655889,51.09608708],[13.59652852,51.09601264],[13.59651142,51.09599596],[13.59648881,51.09596257],[13.59640207,51.09593174],[13.59638438,51.09591641],[13.59637186,51.09588857],[13.59637389,51.09586088],[13.59638798,51.09583467],[13.59640271,51.095796],[13.59645883,51.09578817],[13.59652111,51.09577404],[13.59653329,51.09575678],[13.59652708,51.09574162],[13.59653382,51.09570667],[13.59652279,51.09567606],[13.59649671,51.09564658],[13.5964594,51.09562372],[13.59638819,51.09562049],[13.59633939,51.09560198],[13.59631005,51.09557241],[13.59630214,51.09553464],[13.59632119,51.09550409],[13.59627339,51.09543796],[13.59626273,51.09540227],[13.59622401,51.09540757],[13.59619709,51.09540683],[13.59614595,51.09538536],[13.59615347,51.09536952],[13.59613808,51.09536033],[13.59608872,51.09535153],[13.59605567,51.09535229],[13.59603218,51.0953421],[13.59603236,51.09531834],[13.5960436,51.09529978],[13.59603753,51.09528444],[13.59600135,51.09527755],[13.59594116,51.0952783],[13.5959381,51.0952477],[13.59598716,51.09517544],[13.59596714,51.09513951],[13.59591016,51.09509458],[13.59586584,51.09507893],[13.59583685,51.09509781],[13.59568988,51.09518834],[13.59527929,51.09504829],[13.5948551,51.09490542],[13.59428117,51.0948417],[13.59409701,51.09482008],[13.59353305,51.09475859],[13.5930224,51.09472674],[13.5926718,51.09461635],[13.59216567,51.09445633],[13.59200116,51.09417169],[13.59198917,51.09414584],[13.59202614,51.09413586],[13.59204237,51.09414921],[13.5920918,51.09415596],[13.59213457,51.09412317],[13.59251406,51.09383708],[13.59283094,51.09360846],[13.59333798,51.09317521],[13.59350972,51.09293007],[13.59353531,51.09287204],[13.59355111,51.09283627],[13.59365817,51.09278307],[13.59382403,51.09270004],[13.59394109,51.09261336],[13.59445143,51.09226184],[13.5944698,51.09224919],[13.59426208,51.09212689],[13.59410674,51.09204674],[13.59412631,51.09204285],[13.59413501,51.09203396],[13.59417798,51.0920001],[13.59418655,51.09199152],[13.59438162,51.09183139],[13.59451738,51.09172763],[13.59472949,51.09159569],[13.59500585,51.0914338],[13.59514759,51.09146797],[13.59525773,51.09153259],[13.59568021,51.09165209],[13.59584479,51.09168279],[13.59603778,51.09171437],[13.59632255,51.0917027],[13.5965289,51.09168707],[13.59688264,51.09164401],[13.59711709,51.09161101],[13.59735782,51.09156688],[13.59762382,51.09152159],[13.59775845,51.09151659],[13.59778644,51.0915089],[13.59799033,51.09148247],[13.59820042,51.09144181],[13.59829254,51.09141588],[13.59832701,51.09140516],[13.59828871,51.09135842],[13.59825975,51.09128709],[13.59829389,51.09120073],[13.5981917,51.09102611],[13.5979931,51.09094618],[13.59788328,51.0909316],[13.59778366,51.09087272],[13.59772835,51.09066741],[13.59772745,51.09057483],[13.59773768,51.09036422],[13.59782973,51.09009967],[13.59784561,51.0900356],[13.5978364,51.08997169],[13.59777122,51.08991063],[13.59767526,51.08965058],[13.59761547,51.08959108],[13.59764434,51.08949051],[13.59763667,51.08939338],[13.59756365,51.08933509],[13.59756127,51.08929353],[13.59754212,51.08920537],[13.59755235,51.08915933],[13.59769895,51.08912016],[13.59773157,51.08907259],[13.59793629,51.08900687],[13.59811975,51.08892378],[13.59820201,51.08884],[13.59821129,51.08878098],[13.59825057,51.08871858],[13.598266,51.0886896],[13.59829275,51.08859647],[13.5984258,51.08849109],[13.59853461,51.08845479],[13.59866625,51.08847879],[13.59888058,51.08844312],[13.59906648,51.08836984],[13.59908359,51.0883228],[13.5991516,51.08830017],[13.59931766,51.08832385],[13.59937801,51.0882459],[13.59935702,51.0881747],[13.59919203,51.08800291],[13.59913001,51.08793835],[13.59906392,51.08789232],[13.59906617,51.08779653],[13.59893976,51.08766352],[13.59888734,51.08749201],[13.59889941,51.08741182],[13.59885465,51.08733879],[13.59886134,51.08725629],[13.59878642,51.08722075],[13.5987525,51.08705701],[13.59868867,51.08690414],[13.59860794,51.08678735],[13.59850485,51.08668825],[13.59841413,51.08649319],[13.59836995,51.08640831],[13.59831768,51.08633432],[13.59830254,51.08624678],[13.59824041,51.08615385],[13.59814541,51.08605094],[13.59816741,51.08598128],[13.5981973,51.08592443],[13.59828446,51.08589442],[13.5984343,51.08583537],[13.59849638,51.08577086],[13.59869653,51.0857408],[13.59881475,51.08568653],[13.59887907,51.08562282],[13.59898554,51.08555745],[13.59908415,51.08540638],[13.59904801,51.08535358],[13.5989885,51.08531106],[13.59889,51.08529046],[13.59876348,51.08527593],[13.59858497,51.0852725],[13.59844781,51.08524669],[13.59833788,51.08521795],[13.59829207,51.08521054],[13.59817994,51.08521038],[13.59812669,51.08519374],[13.59810514,51.0851526],[13.59810332,51.08512011],[13.59808737,51.08504656],[13.59805446,51.08496996],[13.59801599,51.0848978],[13.59795193,51.08482028],[13.59789195,51.084754],[13.59778291,51.0846754],[13.59772796,51.084603],[13.59759349,51.08451531],[13.5974832,51.08446729],[13.59734117,51.08442792],[13.59722771,51.08436637],[13.59709479,51.08431743],[13.5969533,51.0842837],[13.59685118,51.08423519],[13.59676348,51.08417446],[13.59671686,51.08413735],[13.59668218,51.08404572],[13.59670063,51.08399756],[13.59672852,51.08393293],[13.59667583,51.08385504],[13.59661126,51.08383606],[13.59655245,51.08383654],[13.59651349,51.08379614],[13.59646536,51.08377246],[13.59633433,51.08374347],[13.59628185,51.08370069],[13.59619803,51.08366246],[13.59592234,51.08358453],[13.59585739,51.08356003],[13.59573961,51.08352294],[13.59565336,51.08346098],[13.59556672,51.08336403],[13.59549137,51.08333645],[13.59539073,51.08330638],[13.59535041,51.0832181],[13.59535235,51.08315135],[13.59533029,51.08310258],[13.59528278,51.08306394],[13.59519185,51.08302879],[13.59510611,51.08301151],[13.5950322,51.08296719],[13.59500768,51.08290511],[13.59501093,51.08283297],[13.59499812,51.08278734],[13.59499707,51.082741],[13.59501125,51.08267702],[13.59510342,51.08258242],[13.59509319,51.08254827],[13.59507978,51.0825107],[13.59505301,51.08248526],[13.59494544,51.08242346],[13.59488115,51.08239895],[13.59488313,51.08234026],[13.59492911,51.0822764],[13.59493796,51.08218773],[13.59497184,51.08215164],[13.59507483,51.08210128],[13.59507146,51.08204951],[13.59505116,51.08198535],[13.59505747,51.08192747],[13.59508069,51.08187582],[13.59507638,51.0818047],[13.59503191,51.08175173],[13.59493707,51.08172156],[13.59486972,51.08170279],[13.59482791,51.08170385],[13.59471312,51.08173473],[13.5946625,51.08173682],[13.59462649,51.08172574],[13.5945636,51.08171178],[13.59447186,51.08174688],[13.59440724,51.08173618],[13.5943244,51.08173183],[13.59426255,51.08174271],[13.59412897,51.081742],[13.5940545,51.08169465],[13.59393425,51.08160168],[13.59378419,51.08150658],[13.59372287,51.08144915],[13.59367665,51.08138678],[13.59363411,51.08131896],[13.59361481,51.08123555],[13.59362618,51.08116461],[13.59365646,51.08113405],[13.59363681,51.08111248],[13.5936009,51.0810718],[13.59361806,51.08102364],[13.59359559,51.08092545],[13.59355461,51.08080204],[13.59344891,51.08072934],[13.59336044,51.08063903],[13.59325711,51.08059266],[13.59313404,51.08055318],[13.59310072,51.08047408],[13.59301241,51.08037111],[13.59294575,51.08029336],[13.59294102,51.08021197],[13.59296639,51.08008998],[13.59297366,51.08006128],[13.59299338,51.07999051],[13.59304912,51.07992406],[13.59308381,51.07989449],[13.59311264,51.07985524],[13.59314163,51.07982528],[13.59325148,51.07974382],[13.59328439,51.07969789],[13.59329304,51.07964532],[13.59326764,51.07957475],[13.59327553,51.07953306],[13.59328075,51.07950555],[13.59324432,51.07946015],[13.5931516,51.07942237],[13.59304645,51.07937212],[13.5929895,51.07933546],[13.59294888,51.07929464],[13.59289705,51.07924006],[13.59284184,51.07920636],[13.59279694,51.07919165],[13.59277669,51.07919065],[13.59275842,51.07918519],[13.59271562,51.07919362],[13.59265699,51.07923818],[13.5925589,51.07924918],[13.59246074,51.07925545],[13.59237744,51.07924142],[13.5923508,51.07924872],[13.59232974,51.07923533],[13.59231563,51.07918359],[13.59225486,51.07912016],[13.59218753,51.07905926],[13.59214984,51.07900644],[13.59209435,51.07895651],[13.59206034,51.07894196],[13.59200024,51.07889848],[13.59195536,51.07886228],[13.59190513,51.07887193],[13.59179365,51.07888015],[13.59169956,51.07888977],[13.59162145,51.07898069],[13.59155803,51.07899596],[13.59151389,51.0790305],[13.59146559,51.07904585],[13.59134736,51.07910066],[13.59122082,51.07915627],[13.59118161,51.07915975],[13.59115765,51.07914682],[13.59114088,51.07916254],[13.59102214,51.07923786],[13.59094385,51.07927108],[13.59086366,51.07929526],[13.59085141,51.07926989],[13.59079682,51.07927895],[13.59074926,51.07930876],[13.59065312,51.07933276],[13.59053163,51.07935451],[13.59045386,51.07935743],[13.59042813,51.07937711],[13.59036834,51.07938466],[13.59025686,51.0793948],[13.59012982,51.07941591],[13.59001219,51.07942492],[13.59001439,51.07947087],[13.58997188,51.07949962],[13.58990119,51.07951937],[13.58985807,51.07951756],[13.58980491,51.07951221],[13.58973134,51.07949693],[13.58962387,51.07947181],[13.58957652,51.07944692],[13.58955895,51.07941341],[13.58952695,51.07933955],[13.58947655,51.07925695],[13.58942148,51.07922062],[13.58938394,51.07916961],[13.58937563,51.0791036],[13.58938077,51.07903881],[13.58937079,51.0789694],[13.58932449,51.0789598],[13.5893084,51.07893652],[13.58928385,51.07886967],[13.58924959,51.07883892],[13.58924228,51.07881974],[13.58927075,51.07879444],[13.58930595,51.07877624],[13.58934897,51.07875812],[13.58946837,51.0787191],[13.58956648,51.07863623],[13.58962854,51.07858592],[13.589682,51.07856694],[13.58972046,51.07854208],[13.58973612,51.07851051],[13.58975401,51.07843578],[13.58974683,51.07833816],[13.58971875,51.07829507],[13.58968782,51.07826423],[13.58966246,51.07821006],[13.58962094,51.07818572],[13.58954762,51.07815146],[13.58949524,51.07811385],[13.58941398,51.07808058],[13.58924448,51.07803784],[13.58917095,51.07799873],[13.58910796,51.07796889],[13.58903417,51.07794898],[13.58896001,51.07788724],[13.58889141,51.07786536],[13.58889039,51.07788064],[13.58887407,51.0778948],[13.58882794,51.07787889],[13.58880805,51.07785064],[13.58881188,51.0777895],[13.58878165,51.07776838],[13.58872932,51.07772647],[13.58862337,51.07766171],[13.58864717,51.07761503],[13.58870313,51.07752236],[13.58837467,51.07738102],[13.58824501,51.07734839],[13.58795964,51.07708308],[13.58783955,51.07691033],[13.58782195,51.07688557],[13.58779433,51.07671606],[13.58777587,51.07660469],[13.58775365,51.07653973],[13.58776478,51.07646936],[13.58787018,51.0763995],[13.58805745,51.07630217],[13.58832441,51.07621447],[13.58841092,51.07613454],[13.58853764,51.07610415],[13.58858051,51.07609867],[13.58860054,51.07608336],[13.58869909,51.07603486],[13.58874628,51.07596654],[13.58875968,51.07593675],[13.58879237,51.07591889],[13.58882946,51.07588647],[13.58887525,51.07583985],[13.58909849,51.07561541],[13.58921255,51.07533134],[13.5892696,51.07498529],[13.589059,51.07473979],[13.58904134,51.07436108],[13.58902827,51.07427957],[13.58907827,51.07418512],[13.58909914,51.07416809],[13.58911391,51.07415683],[13.58911133,51.07409507],[13.58909569,51.07406287],[13.58914184,51.07399571],[13.58919033,51.07399402],[13.5893378,51.07396357],[13.58935556,51.07395114],[13.58937615,51.07393596],[13.58938534,51.07391405],[13.58938542,51.07389079],[13.58941573,51.07388246],[13.58971073,51.0738066],[13.58998275,51.07374284],[13.59020445,51.07368541],[13.59047895,51.07361834],[13.58988251,51.0720019],[13.58983905,51.07175954],[13.58991817,51.07176678],[13.59031558,51.07175602],[13.59031812,51.07174779],[13.59033274,51.07171245],[13.59033838,51.07169598],[13.58989597,51.0716193],[13.58964615,51.07157532],[13.58960828,51.07156755],[13.58965591,51.07153181],[13.58963172,51.0714002],[13.58962744,51.07134629],[13.58962288,51.07128903],[13.58964617,51.07119999],[13.58969168,51.07115157],[13.58970582,51.0710855],[13.58969101,51.07105944],[13.58969797,51.07103959],[13.58966618,51.07101182],[13.58962122,51.07091656],[13.58960873,51.07088259],[13.589568,51.070868],[13.58955952,51.07085391],[13.58955655,51.07083058],[13.58957836,51.07077784],[13.58953591,51.07075014],[13.58955257,51.07071201],[13.58952329,51.07050279],[13.58950844,51.07046254],[13.58948017,51.0704597],[13.58945541,51.07045688],[13.58941057,51.07042673],[13.5893959,51.07039603],[13.58942843,51.0703694],[13.58941521,51.0703432],[13.58938697,51.07033774],[13.58935227,51.07035336],[13.58933286,51.07032812],[13.58935636,51.07028811],[13.58930265,51.07026555],[13.58929094,51.07023871],[13.5893106,51.07021216],[13.58936562,51.0701711],[13.58939009,51.07016202],[13.58935395,51.07009749],[13.58920665,51.07005239],[13.58911069,51.07004071],[13.58904336,51.07004591],[13.58904499,51.07002458],[13.58906503,51.06999494],[13.58903822,51.06993655],[13.58902562,51.06990454],[13.58898622,51.06989419],[13.58893966,51.06987418],[13.58890792,51.0698926],[13.58886922,51.06994872],[13.58883823,51.06996467],[13.5887917,51.06997316],[13.58877618,51.06996155],[13.58879715,51.06993006],[13.58880082,51.06991174],[13.58879831,51.06986226],[13.58871923,51.06982071],[13.58874789,51.06978841],[13.58880126,51.06978894],[13.5887982,51.06972662],[13.58876127,51.06969632],[13.58870221,51.06968869],[13.58867818,51.06966264],[13.58870018,51.06964356],[13.58877255,51.06963047],[13.58877943,51.06959528],[13.58875322,51.06956486],[13.58880538,51.06954556],[13.58880364,51.06952665],[13.58885571,51.06951301],[13.58889471,51.06948994],[13.58886778,51.06942872],[13.5888733,51.06940769],[13.58891361,51.06940214],[13.58898009,51.06938252],[13.58901221,51.06936204],[13.58903092,51.06934676],[13.58889676,51.06923988],[13.58885368,51.06920232],[13.58879405,51.06915019],[13.58871027,51.06909047],[13.58867538,51.06906003],[13.58858475,51.06902333],[13.5885263,51.06897049],[13.58853445,51.06895109],[13.58856191,51.06894422],[13.58854824,51.06890559],[13.5884516,51.06893066],[13.58842617,51.06891337],[13.58845117,51.06886503],[13.58844722,51.06882139],[13.58839578,51.06880036],[13.58835551,51.06881157],[13.58833837,51.0687932],[13.58835808,51.06876962],[13.5883157,51.06873683],[13.58827959,51.06881685],[13.5881771,51.06880465],[13.58813018,51.06875688],[13.5881724,51.06873393],[13.58817622,51.06872085],[13.58817432,51.06870357],[13.58814395,51.06869358],[13.58811975,51.06869158],[13.5880882,51.06870621],[13.58806458,51.06869028],[13.58806495,51.06865469],[13.5880481,51.0686268],[13.58808927,51.06860554],[13.58812827,51.06861797],[13.58815283,51.06859364],[13.58811858,51.06852823],[13.58807417,51.06850639],[13.58799454,51.06850228],[13.58789113,51.06842156],[13.58790095,51.06838447],[13.58788397,51.06836134],[13.58784335,51.06835518],[13.58780195,51.06829958],[13.58776137,51.06827824],[13.58777761,51.06826028],[13.58780597,51.0682519],[13.58783243,51.0681279],[13.5877402,51.06809253],[13.58769917,51.06809977],[13.58765249,51.06807727],[13.58764292,51.068059],[13.58767193,51.06801512],[13.58769923,51.06796196],[13.5877424,51.06796878],[13.58774699,51.06793988],[13.58770798,51.06792782],[13.5876429,51.06786761],[13.58764642,51.06784105],[13.58772404,51.06784046],[13.58777717,51.0678153],[13.58778135,51.06779521],[13.58784516,51.06778456],[13.58787604,51.06772138],[13.58792747,51.06773836],[13.58800859,51.06770708],[13.58804215,51.06763089],[13.5881703,51.06755495],[13.58825298,51.06743495],[13.58815441,51.06735493],[13.58810623,51.06731587],[13.58808006,51.06729461],[13.58799806,51.06722808],[13.58791421,51.06716147],[13.58788661,51.06713954],[13.58782189,51.06712264],[13.58766355,51.06719064],[13.58760097,51.06724343],[13.58757974,51.06722622],[13.58756701,51.0672159],[13.58752522,51.06718203],[13.58748038,51.06714569],[13.58717021,51.06696333],[13.58714455,51.06695349],[13.58706966,51.0669249],[13.58704015,51.06689128],[13.58695368,51.06684475],[13.58687591,51.06678879],[13.58676512,51.06672588],[13.58673283,51.06669942],[13.58670901,51.06670408],[13.58656592,51.06673174],[13.58652314,51.06667486],[13.58647789,51.06662416],[13.58641732,51.06655636],[13.58631259,51.06645864],[13.58627172,51.0663856],[13.58625857,51.06635866],[13.58620465,51.06635333],[13.58606816,51.06634287],[13.58594565,51.06633699],[13.58589763,51.06634413],[13.58587575,51.06636032],[13.58587375,51.06639301],[13.58591104,51.06642403],[13.58590076,51.06644279],[13.58586994,51.06644781],[13.58577366,51.06639054],[13.5856931,51.06635658],[13.58567703,51.06632204],[13.5856465,51.06632671],[13.58562382,51.06635476],[13.58555522,51.06639635],[13.58553059,51.06638473],[13.58552159,51.06639496],[13.58555255,51.066465],[13.58554843,51.06648329],[13.58556662,51.06648054],[13.58558569,51.06649174],[13.58557581,51.06651149],[13.58550317,51.06654512],[13.5854659,51.06653677],[13.58542308,51.06651396],[13.5853819,51.06651274],[13.58533875,51.06653325],[13.58530442,51.06652231],[13.58528444,51.06655507],[13.58531954,51.06657365],[13.58529819,51.06658606],[13.5852166,51.06659955],[13.58513682,51.06660075],[13.5851382,51.06662063],[13.58514571,51.06672059],[13.58507706,51.06677306],[13.58492841,51.06679176],[13.58486358,51.06673264],[13.58451161,51.06650365],[13.58413835,51.06642111],[13.58410442,51.06646681],[13.58407363,51.06650588],[13.58402481,51.06651736],[13.58401899,51.06650602],[13.58403728,51.06649008],[13.58406981,51.0664679],[13.58402121,51.06645964],[13.58402946,51.06643757],[13.58402167,51.0664219],[13.58399472,51.0664159],[13.58397114,51.06644031],[13.58395028,51.06644337],[13.58395436,51.06649079],[13.5839056,51.06649405],[13.58387251,51.06648967],[13.58382636,51.06651606],[13.58378405,51.06653594],[13.58376744,51.06655911],[13.58374867,51.06656625],[13.58371482,51.06655278],[13.58368009,51.06655976],[13.58364661,51.06657431],[13.5835997,51.06660581],[13.583553,51.06664413],[13.58354937,51.0666615],[13.58352856,51.06666738],[13.58350894,51.06669722],[13.58346789,51.06673418],[13.5834302,51.06674104],[13.58339125,51.0667166],[13.58339178,51.06669702],[13.58337405,51.0666671],[13.58332345,51.06666784],[13.58332793,51.06664726],[13.58329209,51.06663595],[13.58323424,51.06663894],[13.58316887,51.0666186],[13.58312768,51.06664138],[13.58315742,51.06670161],[13.58312267,51.06671012],[13.58306544,51.06677783],[13.58302715,51.06680036],[13.5829857,51.06679403],[13.58295218,51.06678599],[13.58292558,51.06676534],[13.58288724,51.06676443],[13.58287016,51.06677929],[13.58287896,51.06680896],[13.58283759,51.06679507],[13.58278273,51.06680381],[13.58271985,51.06680638],[13.58268978,51.0667919],[13.58265339,51.06681267],[13.58259737,51.06683009],[13.58257244,51.06684914],[13.58255109,51.06684701],[13.58254726,51.06683038],[13.58252165,51.06678869],[13.58257565,51.06677851],[13.58255149,51.06674637],[13.58249386,51.06674949],[13.58245935,51.06673625],[13.58246716,51.06672043],[13.58251349,51.06670541],[13.58255866,51.06670198],[13.58257883,51.06668488],[13.58260281,51.06667069],[13.58262594,51.06667036],[13.58263836,51.06665574],[13.58261775,51.06663608],[13.58259311,51.0666265],[13.58257965,51.06661176],[13.58259166,51.06657822],[13.58259605,51.06655592],[13.58254946,51.06652671],[13.58251644,51.06652895],[13.58248502,51.06652688],[13.5824626,51.066524],[13.58241182,51.06655362],[13.58238278,51.06655302],[13.58236753,51.06657992],[13.58233683,51.06655968],[13.58234102,51.06653994],[13.58230924,51.06649308],[13.58232932,51.06647153],[13.58232315,51.06644925],[13.5823463,51.06644613],[13.58237352,51.06645113],[13.58239587,51.06644797],[13.58238212,51.0664202],[13.58232352,51.06640123],[13.58229033,51.06637641],[13.58224493,51.06638229],[13.58221839,51.06639852],[13.58221199,51.06642093],[13.58217872,51.06641359],[13.58215954,51.06637701],[13.58212163,51.06634174],[13.58212032,51.06631264],[13.58210421,51.06630556],[13.58207369,51.06630012],[13.58204858,51.0662854],[13.58202136,51.06626444],[13.58204715,51.06626103],[13.5820719,51.06622512],[13.58209359,51.06619991],[13.58207194,51.06618772],[13.58201746,51.06619705],[13.58200685,51.06618478],[13.58204124,51.06617019],[13.58208961,51.0661706],[13.58211593,51.0661456],[13.58214755,51.06615604],[13.58216723,51.06615628],[13.58219843,51.06614833],[13.58218637,51.06613567],[13.5821905,51.06610737],[13.58218788,51.06607769],[13.58216874,51.06607277],[13.58216108,51.06607676],[13.58210216,51.06607688],[13.58208993,51.06604359],[13.58207001,51.0660356],[13.58205142,51.06606097],[13.58201672,51.0660701],[13.58197992,51.06603937],[13.5819585,51.06601424],[13.58194787,51.06599211],[13.58196749,51.06597964],[13.58194065,51.06596345],[13.58190754,51.06595421],[13.58184326,51.06588538],[13.58178559,51.06587119],[13.58173057,51.0658643],[13.58170734,51.06587903],[13.58168535,51.06591767],[13.58165923,51.06590602],[13.58164589,51.06586187],[13.5815419,51.06585313],[13.58148619,51.06582528],[13.5814322,51.06581892],[13.58137697,51.06579606],[13.58136476,51.06577122],[13.58136858,51.06574005],[13.58130268,51.06572429],[13.58130796,51.06568467],[13.58133743,51.06567655],[13.58134358,51.06565794],[13.58130591,51.06563475],[13.58134598,51.06558307],[13.58131998,51.06557355],[13.58129066,51.06555681],[13.58127338,51.06553454],[13.58128711,51.06551958],[13.58127179,51.06550415],[13.58120044,51.06549019],[13.58120462,51.06547218],[13.58119042,51.06545528],[13.58106479,51.06541265],[13.5806414,51.06530689],[13.58026296,51.06523637],[13.58014567,51.06524246],[13.57983131,51.06527748],[13.57947693,51.06532061],[13.5795117,51.06529267],[13.57952606,51.06527344],[13.57955514,51.06524619],[13.57974241,51.06507009],[13.57992232,51.06493372],[13.58002546,51.06482175],[13.58021678,51.064566],[13.58027858,51.06451354],[13.58046382,51.06449286],[13.58052414,51.06448901],[13.58064352,51.06348689],[13.58064673,51.06346002],[13.58098868,51.0634705],[13.58111894,51.0622978],[13.58079246,51.06229141],[13.58033018,51.06227105],[13.58032965,51.06191985],[13.58045904,51.06172247],[13.58047792,51.06169367],[13.58055612,51.06157173],[13.58095153,51.06097515],[13.58110642,51.06076452],[13.58148405,51.06025105],[13.5816366,51.06005262],[13.58180576,51.05980585],[13.58216939,51.05930541],[13.58227515,51.05916287],[13.58258968,51.05879847],[13.58282753,51.05852502],[13.58304088,51.05828356],[13.58323878,51.05807201],[13.58346083,51.05784862],[13.58370823,51.05759866],[13.58388575,51.05743261],[13.58406379,51.05728672],[13.58431416,51.05711707],[13.5845803,51.05694398],[13.5847591,51.05683965],[13.58500827,51.05669792],[13.58492713,51.05663924],[13.58474979,51.05651096],[13.58469274,51.05646969],[13.58444648,51.05626315],[13.5841582,51.05593156],[13.58389172,51.05564346],[13.58364016,51.05537522],[13.58334121,51.05508034],[13.5830195,51.05475121],[13.58269526,51.05442511],[13.58242688,51.05415326],[13.58216304,51.05387643],[13.58186453,51.0535633],[13.58153356,51.05322983],[13.58146204,51.05314329],[13.58144376,51.05312105],[13.58141011,51.05307389],[13.58137857,51.05302739],[13.58105351,51.05254765],[13.58079644,51.05224185],[13.58064366,51.05204196],[13.58050302,51.0518326],[13.58028886,51.05164859],[13.58012495,51.05151005],[13.57995219,51.05136655],[13.57978,51.0512138],[13.57962568,51.05106028],[13.57949156,51.05088919],[13.57940373,51.05073935],[13.57938579,51.05069216],[13.57934128,51.05057637],[13.57984776,51.05051332],[13.58045461,51.0504326],[13.58098614,51.05030591],[13.58170513,51.05008389],[13.58175273,51.05006919],[13.5824491,51.04983712],[13.58330708,51.04955121],[13.58358476,51.0494682],[13.58414672,51.04933434],[13.58511241,51.04909975],[13.58624177,51.04878493],[13.58631411,51.04878812],[13.58635159,51.04881895],[13.58628465,51.04871679],[13.58612933,51.04847979],[13.58595305,51.04816886],[13.58580892,51.0478754],[13.58570306,51.04759106],[13.58558645,51.04723265],[13.58546659,51.04685897],[13.5854533,51.04681492],[13.58543711,51.04675337],[13.5853309,51.04634945],[13.58522453,51.0458239],[13.58505855,51.04487255],[13.58493212,51.04435779],[13.58492864,51.04431634],[13.58491718,51.04418012],[13.58495336,51.04403446],[13.58503218,51.04402938],[13.58516885,51.04402057],[13.58517674,51.04402006],[13.58532779,51.04399889],[13.58536434,51.04399401],[13.58555344,51.0439688],[13.58629769,51.04394075],[13.58709249,51.04382513],[13.58804671,51.04364743],[13.58812903,51.043637],[13.58866943,51.04355849],[13.58955705,51.04342833],[13.589946,51.04339249],[13.59021531,51.04340401],[13.59041627,51.04342099],[13.59050979,51.04346392],[13.59052348,51.04346409],[13.59056226,51.04346455],[13.59071964,51.04346654],[13.59096935,51.04342254],[13.59109925,51.0433761],[13.59134826,51.0433372],[13.59155752,51.0432831],[13.59181091,51.04323572],[13.59176018,51.04365887],[13.59158985,51.04398124],[13.59162673,51.04398771],[13.59166375,51.04399418],[13.59174502,51.0439334],[13.59181896,51.04384602],[13.59192388,51.04365409],[13.59198566,51.04359209],[13.59234692,51.04350026],[13.59269909,51.04342161],[13.59303279,51.04332693],[13.5935206,51.04318555],[13.59428572,51.04296543],[13.59420834,51.04279873],[13.59411406,51.04260705],[13.59467145,51.04251768],[13.59489922,51.04225108],[13.59492282,51.04224963],[13.59496675,51.04224692],[13.59503414,51.04222813],[13.5952149,51.04220292],[13.59524956,51.0422085],[13.59538778,51.04219485],[13.59556893,51.04219101],[13.59562358,51.04219796],[13.59588676,51.04220059],[13.59593604,51.04217732],[13.59600993,51.04216555],[13.59612241,51.04217353],[13.59621152,51.04217985],[13.59639041,51.04217685],[13.59660292,51.04212724],[13.59672187,51.04212207],[13.59677812,51.04214529],[13.59687155,51.04215299],[13.59701472,51.04212476],[13.59707479,51.04212877],[13.59709287,51.04213353],[13.59714086,51.04214618],[13.59722594,51.04215744],[13.59729039,51.04214457],[13.59749559,51.04218168],[13.59756981,51.04218354],[13.59762129,51.04219838],[13.59771752,51.04219356],[13.59774244,51.04221253],[13.59774608,51.04224332],[13.59776921,51.04227322],[13.59784946,51.04226674],[13.59786638,51.04223882],[13.59787691,51.04218053],[13.59796387,51.04211289],[13.59798447,51.04211821],[13.59800381,51.04216163],[13.59804284,51.04216782],[13.59808621,51.04215492],[13.59812049,51.04215687],[13.59815633,51.04217598],[13.59813862,51.04220591],[13.59815901,51.04224546],[13.59821743,51.04225662],[13.5983294,51.04224721],[13.59853723,51.04220606],[13.59856621,51.04220808],[13.59852253,51.04227558],[13.59859611,51.04233979],[13.5986524,51.04234101],[13.59879778,51.04230662],[13.59888686,51.04236868],[13.59892888,51.04237321],[13.5989549,51.04235527],[13.59895166,51.04231173],[13.59902962,51.04230803],[13.59912633,51.04236098],[13.59919374,51.04237044],[13.59922741,51.04233031],[13.5992576,51.0423214],[13.59934262,51.04234395],[13.59945978,51.04233929],[13.59960528,51.04229361],[13.5996692,51.04230234],[13.59976609,51.04223856],[13.59980098,51.04224472],[13.59978559,51.0423001],[13.59980423,51.04231401],[13.59993032,51.04233395],[13.59998924,51.04236095],[13.60006741,51.04232994],[13.60009313,51.04233898],[13.60011809,51.04240807],[13.60034686,51.04244403],[13.60039759,51.04242738],[13.60047905,51.04243759],[13.60050148,51.04255295],[13.60055183,51.04256814],[13.6006141,51.04256479],[13.60069779,51.04252281],[13.60090443,51.04248897],[13.60094695,51.04251213],[13.60100688,51.04251984],[13.60103005,51.0425373],[13.60103244,51.04256516],[13.60095782,51.0426234],[13.60098782,51.04264467],[13.60103787,51.04265491],[13.60104617,51.04268929],[13.60108067,51.04270407],[13.60110506,51.0426946],[13.60123069,51.04276261],[13.60127477,51.04272843],[13.6014008,51.04269732],[13.60144296,51.04269708],[13.60153097,51.0426855],[13.60162554,51.04264781],[13.60174995,51.04265416],[13.60177269,51.04266502],[13.60185399,51.04266993],[13.60187871,51.04268352],[13.60191487,51.0427495],[13.60187714,51.04282523],[13.6018825,51.04283096],[13.6018984,51.04284794],[13.60199986,51.04284623],[13.60205857,51.04285599],[13.60210728,51.04284196],[13.60215817,51.04287164],[13.60223903,51.04283996],[13.6023435,51.04287124],[13.60240364,51.04286426],[13.60243502,51.04284737],[13.6024567,51.0428465],[13.60250409,51.04289532],[13.60255318,51.04289922],[13.60262206,51.04287585],[13.60273337,51.04289734],[13.60279292,51.04284148],[13.60283264,51.0428503],[13.60285288,51.04287792],[13.60284725,51.04291193],[13.60281025,51.04293441],[13.60280457,51.04296173],[13.60284441,51.04298031],[13.60294664,51.04296851],[13.6029756,51.0429405],[13.60304424,51.04292123],[13.60311006,51.04292601],[13.60314695,51.04294799],[13.60315545,51.04297917],[13.60318154,51.04298038],[13.60322199,51.04295766],[13.60325939,51.04295776],[13.60329864,51.042994],[13.60334025,51.04300098],[13.60343832,51.04297064],[13.60347305,51.04298702],[13.60352431,51.04298954],[13.60356991,51.04297221],[13.60369455,51.04287427],[13.60375451,51.04287324],[13.60379509,51.04282757],[13.60384195,51.0428221],[13.60398153,51.04285929],[13.60399605,51.04287509],[13.60402365,51.0429051],[13.60406268,51.04291734],[13.60423701,51.04291151],[13.60454738,51.04290111],[13.60456907,51.04289611],[13.60469203,51.04286777],[13.60476238,51.04287023],[13.60486781,51.04289464],[13.60510832,51.04287987],[13.60523093,51.04288579],[13.60523943,51.04276094],[13.60512507,51.0425664],[13.60507433,51.04244201],[13.60500808,51.04230251],[13.60488205,51.04210684],[13.60479367,51.04204915],[13.60475469,51.04201767],[13.60476736,51.04197567],[13.60471601,51.04191895],[13.60462704,51.0417862],[13.60458091,51.04171257],[13.60457524,51.04165901],[13.60453748,51.04162504],[13.60457656,51.04157228],[13.60462361,51.04151568],[13.60462221,51.04147197],[13.60455392,51.04144338],[13.604526,51.04134649],[13.60450298,51.04127754],[13.60444348,51.04126488],[13.60439688,51.04114053],[13.60448394,51.04109061],[13.60447284,51.04103276],[13.60433377,51.04093439],[13.60423341,51.04085309],[13.604129,51.04075449],[13.60412317,51.04071604],[13.60401467,51.04071097],[13.60386273,51.04062816],[13.6036961,51.04055533],[13.60345267,51.04046649],[13.60336496,51.04042409],[13.60339225,51.04030818],[13.60336367,51.04022514],[13.60330311,51.04013857],[13.60323567,51.04002917],[13.60319871,51.03997812],[13.60311034,51.03991521],[13.60286907,51.03979709],[13.6025424,51.03964081],[13.60238915,51.03958801],[13.6022049,51.03945574],[13.60211832,51.03937136],[13.60195424,51.03933731],[13.60180333,51.03929146],[13.60149432,51.03915993],[13.60122143,51.03918355],[13.60088635,51.03915033],[13.60069886,51.03909828],[13.60059591,51.03901766],[13.60048057,51.03892775],[13.60049531,51.03884504],[13.60012651,51.03855458],[13.59979646,51.03829281],[13.59973995,51.03819056],[13.59969932,51.0381195],[13.5996851,51.03801875],[13.59963847,51.03789629],[13.59960393,51.03778818],[13.59967598,51.03767785],[13.59975098,51.03750256],[13.5997519,51.03750051],[13.59993221,51.03739803],[13.60003331,51.03732652],[13.60010261,51.03725828],[13.60019613,51.03716621],[13.60042411,51.03699068],[13.60044943,51.03697839],[13.60078657,51.03681469],[13.60094159,51.0367325],[13.60113141,51.03667886],[13.60116305,51.03666036],[13.60124026,51.03661517],[13.6013595,51.03650027],[13.6014856,51.03635094],[13.6016117,51.0362159],[13.60167014,51.03617875],[13.60182466,51.03615605],[13.60197656,51.03609261],[13.60210037,51.03597202],[13.60216881,51.03586757],[13.60226418,51.0358208],[13.60226461,51.03577317],[13.60230878,51.03571229],[13.6023401,51.03568094],[13.60233088,51.03560819],[13.60225636,51.03552613],[13.60250361,51.035416],[13.60263559,51.03524183],[13.60282963,51.03517098],[13.60299469,51.03511506],[13.60314572,51.03502823],[13.60328112,51.03496782],[13.60332288,51.03494927],[13.60353127,51.03483696],[13.60354347,51.03474856],[13.60358218,51.03449939],[13.60361621,51.03418302],[13.60365385,51.03383198],[13.60369174,51.03347727],[13.60372626,51.0331537],[13.60372595,51.03301196],[13.60374628,51.03291231],[13.60380819,51.03245418],[13.60382351,51.03229248],[13.60424396,51.03238367],[13.60467388,51.03247691],[13.60536347,51.03256362],[13.60583888,51.0325903],[13.60640617,51.03262241],[13.60696994,51.03267238],[13.6074057,51.03270723],[13.60784617,51.03272857],[13.6082701,51.03275121],[13.6087052,51.03275967],[13.60914261,51.03276267],[13.60958482,51.03277627],[13.60970469,51.03279216],[13.60996452,51.03279872],[13.61024702,51.03286108],[13.61033485,51.03288046],[13.61062612,51.03294474],[13.61066271,51.0329531],[13.61083087,51.0329915],[13.61105945,51.03304369],[13.61124549,51.03308616],[13.61186915,51.03321691],[13.61218541,51.03330975],[13.61250856,51.03340787],[13.61291521,51.03354814],[13.61329825,51.03368376],[13.61347157,51.03375826],[13.61375183,51.0338623],[13.61391107,51.0339303],[13.61402625,51.03397179],[13.61427203,51.03408056],[13.61452198,51.03419487],[13.61475669,51.03431018],[13.61502516,51.034441],[13.6150909,51.0344418],[13.61514129,51.03449675],[13.61540989,51.03463144],[13.61562391,51.03456082],[13.61572491,51.03452538],[13.61584317,51.03450477],[13.6162388,51.03447861],[13.61664102,51.03442296],[13.61686658,51.0343532],[13.61714932,51.03426178],[13.61744252,51.03419683],[13.61753503,51.03417084],[13.61777869,51.03418396],[13.61789802,51.03416632],[13.61800764,51.03415336],[13.61815869,51.03410078],[13.61831004,51.03404925],[13.61838357,51.03402909],[13.61860122,51.03405731],[13.61884559,51.03402627],[13.61900226,51.03402988],[13.61909905,51.03405797],[13.61921142,51.03403599],[13.61941434,51.03388611],[13.619654,51.03382332],[13.6199645,51.03374194],[13.62035635,51.03371097],[13.62042347,51.03370727],[13.62109008,51.03352564],[13.62118993,51.03349463],[13.6215147,51.03339364],[13.62206963,51.03319901],[13.62222205,51.0331456],[13.62228297,51.03311504],[13.6223664,51.03289759],[13.62248306,51.0328577],[13.62271812,51.03256508],[13.62277726,51.03253233],[13.622745,51.03250498],[13.62290099,51.03240759],[13.62285492,51.03232146],[13.62295092,51.0322095],[13.62305249,51.03217834],[13.62324615,51.03208434],[13.62338025,51.03205716],[13.62351398,51.0320475],[13.62361127,51.03204046],[13.62374069,51.0319644],[13.62384652,51.03197203],[13.62383675,51.0318929],[13.62394401,51.03182845],[13.62396655,51.03179933],[13.62403842,51.03177455],[13.62408116,51.03176103],[13.62438094,51.03167586],[13.62450873,51.03163387],[13.62464527,51.03158757],[13.62465857,51.03163042],[13.62476772,51.03155722],[13.62484149,51.03158851],[13.62494214,51.03151223],[13.62510847,51.03145023],[13.62514426,51.03146374],[13.62520668,51.03145491],[13.62530105,51.03142732],[13.62522295,51.03141343],[13.62531782,51.03136991],[13.62530592,51.03135184],[13.6253008,51.03134075],[13.62540971,51.03130717],[13.62551416,51.03129035],[13.62555562,51.03135831],[13.62563718,51.03138749],[13.6257252,51.03131045],[13.62582737,51.03133434],[13.62585834,51.03129276],[13.6258933,51.03132425],[13.62595,51.03144753],[13.62580115,51.03158747],[13.62557754,51.0318037],[13.62571546,51.03198587],[13.62597867,51.03231547],[13.62605855,51.03249349],[13.62613951,51.03266078],[13.62623445,51.03284608],[13.62632735,51.03302756],[13.62643259,51.0332158],[13.62654827,51.03338602],[13.62660488,51.03343588],[13.62664416,51.03348964],[13.62674801,51.03358923],[13.62678767,51.03363854],[13.62694982,51.03367672],[13.62708911,51.03372054],[13.62733281,51.03380712],[13.62768938,51.03390077],[13.62812745,51.03401253],[13.62841799,51.0339101],[13.62883013,51.03373465],[13.62939331,51.03354094],[13.6301984,51.03315673],[13.63060265,51.03284096],[13.63072963,51.03276954],[13.6305437,51.03271677],[13.63088043,51.03244227],[13.63119918,51.03224925],[13.63146336,51.0321607],[13.63151507,51.03213536],[13.63154714,51.03211963],[13.63171595,51.03231144],[13.63192766,51.03257419],[13.63204759,51.03270474],[13.63207564,51.03273522],[13.63226869,51.03294014],[13.63246553,51.0329274],[13.63262078,51.03291685],[13.63275113,51.03291276],[13.63284396,51.03290845],[13.6328729,51.03290742],[13.63312847,51.03289847],[13.63326132,51.03289371],[13.63344765,51.0328599],[13.63377722,51.0327933],[13.63403062,51.03274559],[13.63409372,51.03272894],[13.6342841,51.0326771],[13.63438342,51.03263903],[13.63452996,51.03258286],[13.63471585,51.03249933],[13.63502881,51.03236078],[13.6351922,51.03229169],[13.63530244,51.03224856],[13.63542046,51.03220237],[13.63559961,51.0321519],[13.63562729,51.03214439],[13.63622846,51.03203014],[13.6362743,51.03199563],[13.63633975,51.03195329],[13.63648576,51.03185943],[13.63665064,51.03175498],[13.63678835,51.03166379],[13.63684443,51.03162838],[13.63708486,51.03148625],[13.63733751,51.03133635],[13.63740934,51.03129577],[13.63769713,51.03113319],[13.63786874,51.03103623],[13.63795016,51.03098234],[13.63811448,51.03089188],[13.63837904,51.03074624],[13.63847473,51.03069355],[13.63848868,51.03068588],[13.63864639,51.03059906],[13.6388324,51.03049666],[13.63890792,51.03045558],[13.63904145,51.03037127],[13.63914626,51.03030694],[13.63918295,51.0302856],[13.63942002,51.03014786],[13.63953742,51.03007965],[13.63969916,51.03000893],[13.64071655,51.02961361],[13.64115583,51.02948176],[13.64241762,51.02915554],[13.64244375,51.02919904],[13.64244671,51.02920447],[13.64289107,51.0290569],[13.64357703,51.02913385],[13.64419857,51.02920657],[13.64504128,51.02930519],[13.64666008,51.02949789],[13.64801271,51.02965889],[13.64807905,51.02966679],[13.64810915,51.02963566],[13.64811662,51.02963552],[13.6482117,51.02963378],[13.6482418,51.02962876],[13.648286,51.02962821],[13.64916302,51.0296172],[13.64924889,51.02961613],[13.64917454,51.03011004],[13.6495404,51.03014654],[13.65042267,51.03023493],[13.65023814,51.03080767],[13.65063402,51.03085134],[13.65115563,51.03090114],[13.65112031,51.03102921],[13.65109449,51.03112283],[13.65108294,51.03116473],[13.65104553,51.03130035],[13.6510398,51.03132114],[13.65099063,51.03147753],[13.65092485,51.03168595],[13.65091442,51.0317136],[13.65090834,51.03172972],[13.65088073,51.03180181],[13.65080423,51.0320017],[13.6506502,51.03232969],[13.65163926,51.03260784],[13.6519938,51.03267435],[13.65251784,51.03271365],[13.65248291,51.03295729],[13.65241516,51.03319869],[13.65286871,51.03322995],[13.65353649,51.03326891],[13.65388206,51.03327554],[13.65417675,51.03403016],[13.65426751,51.03426513],[13.6543215,51.03444842],[13.65434961,51.03482719],[13.65583857,51.03476304],[13.65634989,51.03475205],[13.65680777,51.03475129],[13.65697142,51.03474768],[13.65787079,51.03475332],[13.65817608,51.03483107],[13.65843747,51.03489772],[13.65889691,51.03497436],[13.65900846,51.03497744],[13.65912985,51.03497039],[13.65917321,51.03496432],[13.65937898,51.03493314],[13.65957324,51.03490113],[13.65962547,51.03489426],[13.65973207,51.03488092],[13.65987596,51.03487466],[13.65996986,51.03488158],[13.66032051,51.03491418],[13.66041228,51.03491472],[13.66051456,51.03491251],[13.66053591,51.03491145],[13.66064262,51.03490617],[13.66111916,51.03488259],[13.66121531,51.03514972],[13.6620714,51.03511933],[13.66251977,51.03510471],[13.66252724,51.03510447],[13.66279264,51.03509734],[13.66327166,51.03509928],[13.66339283,51.03510108],[13.66373814,51.03510127],[13.66397338,51.03510142],[13.66449651,51.03509548],[13.66473583,51.03509234],[13.66501551,51.03509276],[13.66501191,51.03514023],[13.66500718,51.03520231],[13.66500109,51.03528271],[13.66499654,51.03531896],[13.66493891,51.03577784],[13.66539921,51.0357938],[13.66561353,51.03578958],[13.66657072,51.03569309],[13.66712403,51.03559694],[13.66769886,51.03548752],[13.66793288,51.03543672],[13.6681294,51.03539406],[13.66828974,51.03535924],[13.66871107,51.03524709],[13.66920991,51.03508637],[13.66910707,51.03486377],[13.66900818,51.03465426],[13.66881856,51.0345054],[13.66868412,51.03439986],[13.66806423,51.03396414],[13.66776638,51.03377035],[13.66771195,51.03373492],[13.66726579,51.03344462],[13.66699821,51.03331313],[13.66674049,51.03309589],[13.66654494,51.03293106],[13.6664986,51.03289601],[13.66635801,51.03278338],[13.66631393,51.03274807],[13.66625966,51.03269705],[13.66610974,51.03255612],[13.66591891,51.0323767],[13.66580543,51.03228037],[13.66576553,51.03224648],[13.66561304,51.0321229],[13.66551635,51.03203516],[13.66532915,51.03195138],[13.66523091,51.03190741],[13.66514462,51.03185932],[13.66469352,51.03160812],[13.66468183,51.03160161],[13.66458109,51.03154677],[13.66436447,51.03142884],[13.6640369,51.03127699],[13.66380835,51.03116697],[13.66366868,51.03109972],[13.66350142,51.03101919],[13.6633256,51.03093456],[13.66238028,51.03061997],[13.66229788,51.03059255],[13.66240307,51.03033558],[13.66250394,51.03017889],[13.66258185,51.03005761],[13.66291193,51.02975755],[13.6629153,51.02975454],[13.66293809,51.02972567],[13.66317808,51.02942071],[13.66329807,51.02934298],[13.66374425,51.02944759],[13.66377115,51.02916151],[13.66379865,51.02886913],[13.66382618,51.02857576],[13.66383847,51.02844611],[13.66385385,51.02828267],[13.66388136,51.02798985],[13.66390887,51.02769739],[13.66393641,51.02740367],[13.66396389,51.02711201],[13.66399141,51.02681892],[13.66401893,51.02652592],[13.66404647,51.02623274],[13.66407397,51.02593974],[13.66410164,51.02564638],[13.664129,51.025354],[13.66415649,51.02506172],[13.66418417,51.02476819],[13.66421154,51.02447572],[13.66423904,51.02418308],[13.6642667,51.02388999],[13.66430097,51.02352461],[13.66430165,51.02351743],[13.66430637,51.02346741],[13.66430804,51.023449],[13.66430978,51.02343044],[13.66432168,51.02330442],[13.6643493,51.02301051],[13.66437588,51.02272784],[13.66440469,51.02242491],[13.66442813,51.02213592],[13.66445607,51.02184165],[13.66448406,51.0215462],[13.6645142,51.02125362],[13.6645416,51.02095822],[13.66457063,51.02066643],[13.66486829,51.02066187],[13.6655699,51.02065785],[13.66565963,51.02063964],[13.66562539,51.02055142],[13.66559197,51.02046474],[13.66553677,51.02032162],[13.66553479,51.02031629],[13.66550263,51.02018045],[13.66550026,51.02010402],[13.66549273,51.0198649],[13.66559916,51.01967414],[13.66563125,51.01962717],[13.6658494,51.01930031],[13.66604347,51.019076],[13.6661281,51.01895799],[13.6662797,51.01860715],[13.666286,51.01848262],[13.66626472,51.01840291],[13.66617177,51.0183287],[13.66609195,51.0182859],[13.66580677,51.01817389],[13.66571275,51.01810246],[13.66574948,51.01811821],[13.6658987,51.01799492],[13.66629366,51.01767721],[13.66575333,51.01725247],[13.66527639,51.0166242],[13.6655931,51.0165459],[13.66578633,51.01650907],[13.66604809,51.01656751],[13.66648424,51.01665458],[13.66683697,51.01672498],[13.66717611,51.01673529],[13.66754399,51.01677001],[13.66757197,51.01677422],[13.66763188,51.01655305],[13.66803542,51.01659504],[13.66830779,51.01661909],[13.66827987,51.01648428],[13.66831931,51.01639106],[13.66833932,51.01634391],[13.66847033,51.01634729],[13.66876592,51.01625726],[13.66884533,51.01623138],[13.66886781,51.01622264],[13.66903487,51.01615093],[13.66905494,51.01614201],[13.66920146,51.01607695],[13.66924448,51.01605722],[13.66938234,51.01611074],[13.66944917,51.0161409],[13.66957178,51.01604316],[13.66960456,51.01601945],[13.66967376,51.0159694],[13.66971466,51.01593627],[13.66979895,51.01587687],[13.66987063,51.01582065],[13.66999607,51.0157041],[13.67020653,51.0155086],[13.67021248,51.01550263],[13.67035816,51.01535622],[13.67037871,51.01533012],[13.6704238,51.01527301],[13.67043301,51.0152652],[13.67046162,51.01524125],[13.6704819,51.01522953],[13.67052165,51.01518748],[13.67052941,51.01517927],[13.67081618,51.01487594],[13.6709233,51.01491789],[13.67101805,51.01496023],[13.67123995,51.01508791],[13.67138509,51.01516607],[13.67152372,51.01526928],[13.67173361,51.01548621],[13.67179934,51.01555637],[13.67182585,51.0155865],[13.6718562,51.01562122],[13.67188925,51.01568307],[13.67193972,51.01579079],[13.67224323,51.0160844],[13.67243723,51.01624532],[13.67256698,51.01632844],[13.67264479,51.01630218],[13.6727184,51.01626939],[13.67276272,51.01624967],[13.67355102,51.01650754],[13.67408276,51.01672104],[13.67467116,51.01695712],[13.67517796,51.01723182],[13.67556703,51.01744181],[13.67547373,51.01753889],[13.67544733,51.01754219],[13.67545151,51.0175545],[13.6755014,51.01754895],[13.67553565,51.0175434],[13.67556054,51.01754767],[13.67595396,51.01766845],[13.6759798,51.01762136],[13.67594425,51.01752198],[13.67587332,51.01738964],[13.67578816,51.0172748],[13.67589165,51.01715539],[13.67595407,51.01708048],[13.6759471,51.01707138],[13.67590587,51.01700551],[13.67595245,51.01696492],[13.67603146,51.01689925],[13.67621977,51.01673051],[13.67635114,51.01661612],[13.67666614,51.01633347],[13.67676601,51.01624453],[13.6768717,51.01615106],[13.67697884,51.01609717],[13.67717525,51.01599961],[13.67718696,51.01599432],[13.67743973,51.01588023],[13.67770141,51.0157647],[13.67797609,51.01563525],[13.6780068,51.01562172],[13.67827616,51.01550449],[13.67859073,51.01543235],[13.67860875,51.01543494],[13.67888939,51.01547525],[13.67919242,51.01551879],[13.67951419,51.01556501],[13.67972958,51.01558959],[13.67988039,51.01559151],[13.67993188,51.01559217],[13.68019042,51.01557681],[13.68043024,51.01553609],[13.68066805,51.01546026],[13.68088585,51.01535437],[13.6810426,51.01525453],[13.68124476,51.01505452],[13.68140739,51.01492841],[13.68141064,51.01485628],[13.68141807,51.01481787],[13.68141982,51.01479679],[13.68142177,51.01477358],[13.68144174,51.01453414],[13.68164118,51.01433331],[13.68166323,51.01431303],[13.68175804,51.01422588],[13.68182863,51.01414476],[13.68185309,51.01411662],[13.6818875,51.01408376],[13.6819255,51.01405172],[13.68208488,51.01391396],[13.68221518,51.01380133],[13.68222433,51.01379342],[13.68225122,51.01376559],[13.68232965,51.01369059],[13.68236126,51.01365236],[13.68237322,51.01360302],[13.68241203,51.01354986],[13.68241906,51.01351183],[13.68245099,51.01349862],[13.68244234,51.01346439],[13.68242562,51.01342197],[13.68242307,51.0133726],[13.68242773,51.01331385],[13.68242175,51.01325124],[13.68241099,51.01310967],[13.68239985,51.01302084],[13.68238721,51.01293007],[13.68238996,51.01286635],[13.68245941,51.01283198],[13.68249495,51.01276965],[13.68247276,51.01273491],[13.68246772,51.01271027],[13.68246342,51.01259374],[13.68246678,51.01250632],[13.68246181,51.01242634],[13.68246052,51.01240172],[13.68245486,51.01227414],[13.68245458,51.01225584],[13.68245451,51.01225164],[13.68253866,51.01224577],[13.68254804,51.01224485],[13.68254694,51.01219059],[13.68255437,51.01198826],[13.68256225,51.01196205],[13.6826492,51.01186681],[13.68277264,51.01189596],[13.68283574,51.01178463],[13.68274477,51.01176359],[13.68282139,51.01170346],[13.68293298,51.01162267],[13.68299179,51.01156351],[13.68301547,51.01153969],[13.68307653,51.01147827],[13.68317446,51.01129229],[13.6832574,51.01107302],[13.68329361,51.01097726],[13.683286,51.01080377],[13.68328464,51.01078078],[13.68338835,51.01054414],[13.68347561,51.0104539],[13.68356436,51.01037271],[13.68375695,51.01022768],[13.68380465,51.01018387],[13.68394447,51.01004956],[13.68409364,51.00990626],[13.68422023,51.00977915],[13.6842326,51.00976055],[13.68427703,51.00970534],[13.68433713,51.00965076],[13.68439905,51.00959452],[13.68447249,51.00952767],[13.68460817,51.00940505],[13.68477837,51.0093135],[13.68494867,51.00922127],[13.68496884,51.0092093],[13.68501647,51.0091804],[13.68510282,51.00912662],[13.68513189,51.00909919],[13.68526482,51.00898963],[13.68540444,51.00887478],[13.68544398,51.00884237],[13.68552829,51.00875413],[13.68564272,51.00862928],[13.68565757,51.00861287],[13.68578041,51.00849488],[13.68580957,51.00846687],[13.6859295,51.00835169],[13.68617438,51.00818983],[13.68626667,51.00812882],[13.68636591,51.00800829],[13.68643585,51.00792336],[13.68651976,51.00782144],[13.68654412,51.00779185],[13.68677903,51.00748594],[13.68686938,51.00736828],[13.68704347,51.00707076],[13.68708197,51.00697999],[13.68715575,51.00684439],[13.68722084,51.00672171],[13.68725439,51.00665916],[13.68727722,51.00661245],[13.68732534,51.00651511],[13.68745022,51.00626507],[13.68747244,51.00622207],[13.68740982,51.00619991],[13.68739828,51.00619614],[13.68737962,51.00619004],[13.68751575,51.005936],[13.68761633,51.00572483],[13.68763283,51.00569007],[13.68742267,51.00556695],[13.68721005,51.00552765],[13.68697159,51.00515935],[13.68695719,51.00516039],[13.68714981,51.00500299],[13.68728299,51.00489416],[13.68723227,51.00485048],[13.68710008,51.0047366],[13.68702363,51.00468086],[13.68698999,51.00465209],[13.6868934,51.00457564],[13.68688954,51.0045607],[13.68678657,51.00447307],[13.68666474,51.00436636],[13.68659543,51.00430566],[13.68656649,51.0042791],[13.68644002,51.00416301],[13.68635783,51.00402725],[13.68633965,51.00400417],[13.68622755,51.00381174],[13.68611739,51.00363414],[13.68604735,51.00352121],[13.68605381,51.00345093],[13.68605903,51.00338122],[13.68607845,51.00320248],[13.68608124,51.0031767],[13.6862643,51.00314096],[13.68629373,51.00313308],[13.68630173,51.00313093],[13.6867144,51.00302032],[13.68674784,51.00301391],[13.6866811,51.00295016],[13.68657339,51.00284728],[13.68645701,51.00273611],[13.68634422,51.00262838],[13.68638492,51.00260484],[13.68654515,51.00252565],[13.68691243,51.00234433],[13.68699637,51.0024295],[13.68707986,51.00254794],[13.68718544,51.00265091],[13.68730005,51.00274302],[13.68748011,51.00288109],[13.68763121,51.00284422],[13.6876971,51.00283882],[13.68803004,51.00275611],[13.68843314,51.00268176],[13.68903449,51.00262143],[13.68974524,51.00261169],[13.69019199,51.00261741],[13.69055694,51.00263587],[13.69122106,51.00278361],[13.6916284,51.00287411],[13.69175573,51.00290573],[13.6926904,51.00288034],[13.69303492,51.002854],[13.69333179,51.00279622],[13.69359879,51.00267261],[13.69388339,51.00255318],[13.69420567,51.00251669],[13.69457869,51.00251537],[13.69487695,51.00254238],[13.69487207,51.00256912],[13.69488489,51.00256998],[13.6948785,51.00260963],[13.69484123,51.00264676],[13.69485577,51.00267404],[13.69484976,51.00271155],[13.69482635,51.00273872],[13.6948552,51.00279686],[13.69489045,51.00281618],[13.69492941,51.00283963],[13.69493743,51.00286897],[13.69493993,51.00289998],[13.69491221,51.00293242],[13.6948897,51.00295067],[13.69487701,51.0029801],[13.69488583,51.00300881],[13.69490135,51.00303905],[13.69495496,51.00308572],[13.6950355,51.00314843],[13.69505096,51.00317739],[13.69507191,51.00319846],[13.69512608,51.00325293],[13.69514498,51.0032691],[13.69517384,51.00328255],[13.69523325,51.00330306],[13.69531233,51.00331301],[13.69534234,51.00332962],[13.695387,51.00333641],[13.69546517,51.00332732],[13.69552239,51.00336504],[13.69559194,51.00336563],[13.6956189,51.00338166],[13.69565747,51.0033873],[13.69567969,51.00343138],[13.69573298,51.00344367],[13.69573122,51.00347684],[13.69578749,51.00353746],[13.69587664,51.00354723],[13.69586098,51.00357868],[13.69590426,51.00364145],[13.69597387,51.00364333],[13.69596925,51.00369492],[13.69605067,51.00369021],[13.69604569,51.00378114],[13.69610992,51.00380914],[13.69613043,51.00382987],[13.69618778,51.00383748],[13.69623788,51.00393266],[13.69629253,51.00393402],[13.69635328,51.00390901],[13.69643592,51.00399286],[13.69649034,51.00399029],[13.69651919,51.00400714],[13.6965284,51.00402978],[13.69673846,51.00407574],[13.69676506,51.00410574],[13.69680149,51.00410665],[13.69691832,51.004167],[13.69699455,51.00417184],[13.69701584,51.00422629],[13.69702768,51.00426428],[13.69708655,51.00426259],[13.69709452,51.00431986],[13.69717516,51.00435031],[13.69716302,51.00439479],[13.69721022,51.00446877],[13.697285,51.00448292],[13.69735668,51.00447875],[13.69733152,51.00452859],[13.69744472,51.00452987],[13.69747806,51.00456595],[13.69750287,51.00455799],[13.69756056,51.00456314],[13.69757038,51.00456982],[13.6975756,51.00457485],[13.69752526,51.00458955],[13.69751224,51.00460281],[13.69750851,51.00461261],[13.69752899,51.0046222],[13.69757207,51.00461278],[13.69758266,51.00467402],[13.6976956,51.00464395],[13.69771496,51.00462037],[13.69772557,51.00461979],[13.69787107,51.00460153],[13.69795597,51.00468353],[13.69801478,51.0047075],[13.69798338,51.00472974],[13.69797329,51.00479395],[13.69804252,51.00477041],[13.69809201,51.00479421],[13.69811325,51.00479187],[13.69812828,51.00477361],[13.69813155,51.00476697],[13.69818359,51.00477688],[13.69819752,51.00477363],[13.69823027,51.00472864],[13.69833272,51.00472872],[13.69834135,51.00474687],[13.6983767,51.00479006],[13.69839573,51.00479343],[13.69842151,51.00479667],[13.69848583,51.00478379],[13.69853332,51.00481699],[13.6985803,51.00484949],[13.69849607,51.00491297],[13.69853342,51.00495136],[13.69864253,51.00495646],[13.69865539,51.00495531],[13.69866594,51.00495321],[13.69869376,51.00492372],[13.6987295,51.00492144],[13.6987468,51.00490541],[13.69880855,51.00490324],[13.69886119,51.00490563],[13.69887157,51.00490134],[13.69887953,51.00489366],[13.69888641,51.00488551],[13.69891448,51.00487661],[13.69899874,51.00487479],[13.69905175,51.00488977],[13.69907026,51.0048918],[13.69909832,51.00487874],[13.69914817,51.00495049],[13.69917801,51.00494501],[13.69927037,51.00491507],[13.69927972,51.00491864],[13.69928731,51.00492316],[13.69929342,51.00494865],[13.69932574,51.00495647],[13.69932795,51.00498344],[13.69934412,51.00500876],[13.69939177,51.005014],[13.6993965,51.00502451],[13.69946754,51.0051117],[13.69952631,51.00511323],[13.6995417,51.00512676],[13.69949716,51.00515918],[13.69949897,51.00516524],[13.6995691,51.00516577],[13.69958046,51.00516457],[13.69961067,51.0051391],[13.69962397,51.005127],[13.69965026,51.00512246],[13.69968462,51.00513384],[13.69973227,51.00515309],[13.69972356,51.00518435],[13.69973422,51.00519382],[13.69988399,51.00520288],[13.69989127,51.00524719],[13.69991493,51.00524982],[13.69994487,51.00523174],[13.69997312,51.00524167],[13.69999835,51.00527763],[13.7000142,51.00529805],[13.70005049,51.00529228],[13.70009395,51.00529849],[13.7002566,51.0052667],[13.70027462,51.00528061],[13.70027148,51.00530098],[13.7002789,51.00530472],[13.70028695,51.00530682],[13.7003492,51.00530633],[13.70041335,51.00529667],[13.70042496,51.00529304],[13.70043891,51.0052919],[13.70045282,51.00529104],[13.70046103,51.0052902],[13.70052411,51.00525964],[13.70070405,51.00523417],[13.70079241,51.00524108],[13.70083481,51.00522587],[13.70088642,51.00522099],[13.70094802,51.00518037],[13.70102443,51.00520756],[13.70105877,51.00520021],[13.7010657,51.0052078],[13.70106935,51.00521349],[13.70109457,51.00525645],[13.70105037,51.00527335],[13.70104882,51.00528121],[13.70104805,51.00528857],[13.70104996,51.00529524],[13.70105516,51.00529834],[13.70117319,51.0052952],[13.70122219,51.00534695],[13.70121063,51.00539749],[13.70121726,51.00540154],[13.70122401,51.00540641],[13.7012351,51.00541347],[13.70127248,51.00536792],[13.7013486,51.00525392],[13.70148327,51.00505466],[13.7015584,51.00494497],[13.70219863,51.00491705],[13.70273306,51.00470396],[13.70314638,51.00472594],[13.70417166,51.00479323],[13.70455742,51.00485164],[13.70492588,51.00488199],[13.70542009,51.00489819],[13.70574407,51.00489486],[13.70597917,51.0048357],[13.70603451,51.00481706],[13.70625728,51.0047885],[13.70680871,51.00472695],[13.70681976,51.00468115],[13.70682896,51.00469042],[13.70683751,51.00469564],[13.70687897,51.00472095],[13.70692081,51.00471934],[13.70694872,51.00471828],[13.70706688,51.00471372],[13.70778754,51.004904],[13.70853716,51.00510207],[13.71010778,51.00584721],[13.7113874,51.00626256],[13.71289183,51.00684183],[13.71334146,51.00743321],[13.71355297,51.00777915],[13.71374988,51.00807764],[13.71380685,51.00804499],[13.71392008,51.00798014],[13.71395097,51.00796244],[13.71429292,51.00775811],[13.71473352,51.00749504],[13.71504401,51.00737209],[13.71527089,51.00752459],[13.7154703,51.00765863],[13.7158294,51.00749006],[13.71617368,51.00729966],[13.71653314,51.00710791],[13.71687618,51.00731002],[13.71710814,51.00744685],[13.71729645,51.00755795],[13.71745457,51.00751432],[13.71762237,51.00749353],[13.71778515,51.00745996],[13.71791874,51.00741769],[13.71827629,51.00730747],[13.71860795,51.0072076],[13.71887274,51.00712235],[13.71892931,51.00710498],[13.71902095,51.00736611],[13.71915228,51.00737012],[13.71917517,51.00736832],[13.71952959,51.00733997],[13.72004632,51.00723843],[13.72074043,51.00707147],[13.72122277,51.00751118],[13.72164728,51.00789802],[13.72167707,51.0078833],[13.72196215,51.00773517],[13.72201472,51.00770832],[13.72219692,51.00766058],[13.72235436,51.00761891],[13.72232555,51.00765501],[13.72227871,51.00767476],[13.72226431,51.00769789],[13.72228181,51.00772156],[13.72231734,51.00773772],[13.72237504,51.00775744],[13.72244815,51.00776593],[13.72251792,51.0077458],[13.72253164,51.00773313],[13.72254528,51.0077115],[13.72258321,51.00771926],[13.72260414,51.00773516],[13.72263718,51.00774391],[13.72268526,51.00773204],[13.72270614,51.00770454],[13.72272542,51.00770121],[13.72275512,51.00770488],[13.72278955,51.00772412],[13.7228222,51.00776639],[13.72284335,51.00778265],[13.72289588,51.00779288],[13.72291814,51.00781651],[13.72290472,51.00788713],[13.72293083,51.00794554],[13.72293854,51.00795582],[13.72288233,51.00799307],[13.7228679,51.00805915],[13.72287121,51.00806508],[13.72294157,51.00813378],[13.72313267,51.00821444],[13.72346488,51.00846334],[13.7235268,51.00852309],[13.72360404,51.00857472],[13.72376257,51.008638],[13.72386792,51.00869248],[13.72390386,51.00871059],[13.72395677,51.00870452],[13.72397516,51.00871463],[13.72397632,51.00873947],[13.72400645,51.00876835],[13.7240536,51.00878503],[13.72405515,51.0088048],[13.72409791,51.00883979],[13.7241594,51.00892116],[13.72426803,51.00900582],[13.72430302,51.0090234],[13.72434854,51.00903493],[13.72439075,51.00907754],[13.72445711,51.0091106],[13.72459364,51.0090354],[13.72495349,51.00885837],[13.72502983,51.00882082],[13.72505769,51.00884443],[13.72514412,51.00891767],[13.72558067,51.00934731],[13.7255975,51.00937276],[13.72588932,51.00981365],[13.72625182,51.00991622],[13.72632594,51.00992928],[13.72671088,51.00999709],[13.72749482,51.01007534],[13.72778378,51.01008563],[13.72832139,51.01010477],[13.72913322,51.0101183],[13.72916967,51.01011808],[13.72945086,51.01011639],[13.72975146,51.01011463],[13.72986387,51.01011396],[13.73005839,51.01013802],[13.73021394,51.01016403],[13.73023861,51.01016966],[13.73025954,51.01016915],[13.73076826,51.01015335],[13.73092183,51.01014851],[13.73096021,51.00992217],[13.73099208,51.00973107],[13.73157542,51.00972731],[13.73204006,51.00973102],[13.73247524,51.00972502],[13.73246922,51.00970496],[13.73233097,51.00921951],[13.73220878,51.00866255],[13.73219371,51.00865053],[13.73228627,51.00864935],[13.73303819,51.0086252],[13.73377227,51.00860666],[13.73384681,51.00860449],[13.73436961,51.00858883],[13.73442668,51.00858704],[13.73456598,51.00858318],[13.73478195,51.00857663],[13.73545502,51.00855596],[13.73608814,51.00853619],[13.73665237,51.00847418],[13.73711184,51.00840733],[13.73767524,51.00828847],[13.73814778,51.00814828],[13.7382866,51.00808441],[13.73854609,51.00790362],[13.73868091,51.00780769],[13.7389111,51.00764446],[13.73916039,51.00746799],[13.73938393,51.00731053],[13.73961486,51.00712188],[13.73985028,51.00693129],[13.73997934,51.00681983],[13.74001134,51.00670342],[13.74002619,51.00669582],[13.74000281,51.00667726],[13.73995506,51.00665175],[13.73991739,51.00660087],[13.73991929,51.0065757],[13.73982688,51.00653552],[13.73981205,51.00650429],[13.73976673,51.00648452],[13.73973016,51.00644761],[13.73969296,51.00644762],[13.7396706,51.00640304],[13.73965479,51.00638535],[13.73963407,51.00634773],[13.73956905,51.00634871],[13.73952705,51.00632845],[13.73950017,51.0063024],[13.73946116,51.00627053],[13.73943546,51.00625266],[13.73934618,51.00622066],[13.73933728,51.00621267],[13.73930061,51.0061833],[13.73925128,51.00620485],[13.73918923,51.00618234],[13.73913145,51.00613688],[13.73909846,51.00612254],[13.73905306,51.00613139],[13.73897144,51.00612554],[13.73899693,51.00611218],[13.73900951,51.00609794],[13.73903229,51.00607215],[13.7391955,51.00589747],[13.73937198,51.00570792],[13.7394136,51.00566451],[13.73944681,51.00562989],[13.73956271,51.00568274],[13.73966578,51.00572702],[13.73969576,51.00569235],[13.73970655,51.00567985],[13.74000807,51.00533109],[13.74026885,51.00541739],[13.74058196,51.005521],[13.74123928,51.00573532],[13.74131866,51.0055981],[13.74139805,51.00543331],[13.74147198,51.00527984],[13.74155076,51.00511632],[13.74161635,51.00487259],[13.74164191,51.00477767],[13.74169033,51.00459772],[13.74172258,51.00447786],[13.74178312,51.00406452],[13.74256775,51.00409599],[13.74283792,51.00410682],[13.74323232,51.00412262],[13.74353269,51.00413114],[13.74380322,51.00413117],[13.74382969,51.00401706],[13.74385228,51.00393084],[13.74389188,51.00372515],[13.74391273,51.00356878],[13.74392579,51.00349952],[13.74395523,51.0033435],[13.74398661,51.00317719],[13.74393516,51.00311852],[13.74393417,51.00309951],[13.74447875,51.0030238],[13.74495662,51.00296821],[13.74544609,51.00289957],[13.74584813,51.00282892],[13.74608909,51.00273995],[13.74639217,51.00276437],[13.74661287,51.00278214],[13.74694981,51.00282798],[13.74753687,51.00285475],[13.74817954,51.00288406],[13.74851856,51.00241928],[13.74870428,51.00216468],[13.74874713,51.00209508],[13.74880579,51.00199986],[13.74881746,51.0019809],[13.74884271,51.0019451],[13.74851125,51.00170692],[13.74861529,51.00162229],[13.74863347,51.00160751],[13.74870237,51.0015482],[13.74879833,51.00146562],[13.74888741,51.00138896],[13.74894809,51.00133734],[13.74904557,51.00125442],[13.74959558,51.00082804],[13.74971962,51.00069497],[13.74985747,51.00048062],[13.74986786,51.00047348],[13.75017828,51.00026046],[13.75048308,51.00007562],[13.75057909,51.0000174],[13.7507806,50.99991855],[13.75091713,50.999796],[13.75114122,50.99963121],[13.7511999,50.99968215],[13.75121848,50.99970152],[13.75141172,50.99990294],[13.7516507,51.00016987],[13.75187531,51.00044507],[13.75233723,51.00029864],[13.75260514,51.00021504],[13.75276587,51.00016387],[13.7529462,51.00010681],[13.75348442,50.99992764],[13.75397852,50.99975141],[13.75420551,50.99966682],[13.75453015,51.0000848],[13.7547935,51.00042385],[13.75492638,51.00059495],[13.75495879,51.0005842],[13.75543437,51.00048386],[13.75568052,51.00044805],[13.75595925,51.00035208],[13.75613772,51.00029063],[13.75630083,51.00040955],[13.75644211,51.00052987],[13.75665332,51.00055371],[13.75671779,51.00067246],[13.7567175,51.00074536],[13.75664302,51.00077117],[13.75673806,51.00083175],[13.75699623,51.00090878],[13.7571283,51.00091934],[13.75757372,51.00092267],[13.75816101,51.00093445],[13.75816914,51.00085309],[13.75817704,51.0007377],[13.75817654,51.0006201],[13.75817725,51.00059224],[13.75818304,51.00036303],[13.75819071,51.00017024],[13.75879199,51.00017266],[13.75897241,51.00017347],[13.75919635,51.00017448],[13.75963534,51.00017201],[13.76005458,51.00016684],[13.76101101,51.00015306],[13.76116252,51.00015044],[13.76136018,51.00014705],[13.76172678,51.00013503],[13.76220514,51.00011951],[13.76272237,51.00009379],[13.7633864,51.00006042],[13.763398,51.00005984],[13.76340797,51.00005934],[13.7635065,51.0000504],[13.76356638,51.00042966],[13.76363749,51.00077147],[13.76366589,51.00082839],[13.76370266,51.00082788],[13.76372931,51.00082752],[13.7637595,51.00082826],[13.76432712,51.00084223],[13.76470521,51.00085323],[13.76488453,51.00086034],[13.76550509,51.00088739],[13.76541351,51.00033305],[13.76538515,51.00016186],[13.76510384,50.9984584],[13.76503942,50.99806839],[13.76501366,50.99791206],[13.76498457,50.99773556],[13.76483511,50.99683047],[13.76683587,50.99644195],[13.76549859,50.99492195],[13.76572609,50.99469017],[13.76639132,50.9940124],[13.76693856,50.99345491],[13.76710972,50.99328054],[13.76721532,50.99317297],[13.76734669,50.99303914],[13.76922032,50.99113019],[13.76926682,50.99108281],[13.76932709,50.99101737],[13.76939186,50.9909454],[13.76942028,50.9909138],[13.76967914,50.99063157],[13.76968314,50.990626],[13.77002535,50.99014871],[13.77023792,50.98984441],[13.77043965,50.98952472],[13.77054525,50.9893391],[13.77057688,50.98927591],[13.77065067,50.98912849],[13.77073668,50.98884483],[13.77086964,50.98847681],[13.77088411,50.98837948],[13.77092314,50.98814069],[13.77093342,50.98804554],[13.77094259,50.98796069],[13.7709576,50.98780884],[13.77095939,50.98779539],[13.77096359,50.98775657],[13.77127016,50.98778957],[13.77129699,50.98779208],[13.7713391,50.98779604],[13.7716121,50.9878217],[13.77172241,50.9878251],[13.77182411,50.98782822],[13.77210207,50.98783557],[13.77270463,50.9879069],[13.77288326,50.98789383],[13.77289289,50.98789317],[13.77304531,50.98788266],[13.77332422,50.98764961],[13.77418579,50.98778025],[13.77441624,50.98781505],[13.77479763,50.98782446],[13.77506625,50.98789463],[13.77535392,50.98800186],[13.77557293,50.98812362],[13.77585249,50.9879624],[13.77590349,50.98793299],[13.77631473,50.98769583],[13.77629888,50.98768103],[13.77635128,50.98765872],[13.78021108,50.98601582],[13.78021057,50.9860705],[13.78000577,50.98660359],[13.77996284,50.9867153],[13.7798946,50.98689277],[13.77978824,50.98718145],[13.77974951,50.98728653],[13.77971012,50.98739335],[13.77968352,50.98756879],[13.77966832,50.98766854],[13.77964884,50.98782912],[13.77964384,50.98785379],[13.77963161,50.98790718],[13.77970172,50.98791551],[13.77968161,50.98800446],[13.77965141,50.9880832],[13.77988671,50.98818111],[13.78024626,50.98833074],[13.7809165,50.98860968],[13.78139903,50.98850671],[13.78179714,50.98842176],[13.7827799,50.98788586],[13.78377657,50.98734236],[13.78442653,50.98698789],[13.78477675,50.9867969],[13.78569681,50.98629513],[13.78607786,50.98608732],[13.78663024,50.98578605],[13.78693864,50.98601206],[13.78735611,50.98631275],[13.7876089,50.98646968],[13.78788963,50.98669768],[13.78799474,50.98667277],[13.78830724,50.98659873],[13.78860421,50.98653964],[13.78880799,50.98649967],[13.78911182,50.98686347],[13.78927993,50.98727294],[13.78938573,50.98768714],[13.78942609,50.98812634],[13.78988682,50.9881345],[13.78995468,50.98813658],[13.78982125,50.98774527],[13.78968637,50.98742949],[13.78967366,50.98738684],[13.78958726,50.98709478],[13.78955071,50.98635349],[13.78958482,50.98611749],[13.78963132,50.98601874],[13.78969232,50.98590783],[13.78978116,50.98574981],[13.7899062,50.98554201],[13.78996621,50.98539763],[13.78998491,50.98525858],[13.78995409,50.98508558],[13.78988128,50.98491699],[13.78968938,50.98456306],[13.78967893,50.98454381],[13.78964871,50.98447365],[13.78959854,50.9844515],[13.7895603,50.98442596],[13.78940088,50.9843162],[13.78916497,50.98410672],[13.78899011,50.98395407],[13.78905188,50.98393129],[13.79098692,50.98321745],[13.79123898,50.98296302],[13.79121066,50.98295744],[13.79114842,50.98288824],[13.79106752,50.98279541],[13.79093144,50.98263609],[13.79080394,50.98247985],[13.79076573,50.98243302],[13.79068306,50.98233165],[13.79066074,50.98230029],[13.79043946,50.98199349],[13.79066694,50.98198262],[13.79079219,50.98197024],[13.79093382,50.98194585],[13.79110015,50.98189794],[13.79099109,50.98163936],[13.79087503,50.98142781],[13.79082439,50.98133551],[13.79075789,50.98121427],[13.79087503,50.98093936],[13.79104383,50.98064479],[13.7910598,50.9806169],[13.79122358,50.98037125],[13.79134143,50.98022932],[13.79140738,50.98014224],[13.79150621,50.97999626],[13.79157896,50.97989371],[13.79171143,50.97966106],[13.79177469,50.9795498],[13.79190804,50.97929971],[13.79193637,50.97924588],[13.79194878,50.97919478],[13.79195757,50.97916006],[13.79196988,50.9791047],[13.79201999,50.9789096],[13.79201838,50.97887621],[13.7915848,50.97891857],[13.79145219,50.97892572],[13.79118919,50.97889722],[13.7911981,50.9788684],[13.7912245,50.97879277],[13.79123247,50.97876994],[13.79133378,50.97849128],[13.79150545,50.97802938],[13.79165313,50.97760813],[13.79168163,50.97755803],[13.79172739,50.97746012],[13.79173309,50.9774479],[13.79177483,50.97738789],[13.79179663,50.97735279],[13.79182338,50.97731809],[13.79222354,50.97735302],[13.79279155,50.97741752],[13.79307936,50.97747136],[13.7933278,50.97753404],[13.79368488,50.97759485],[13.79378942,50.9776005],[13.79392776,50.97753537],[13.79406125,50.97745724],[13.79414236,50.97741216],[13.79426274,50.97739604],[13.79430999,50.97739556],[13.79443463,50.97744238],[13.79446599,50.9774965],[13.79445837,50.9775053],[13.79449192,50.97756995],[13.79456545,50.97785516],[13.79456287,50.97785612],[13.79459228,50.97788719],[13.79462463,50.97791494],[13.79490117,50.97800987],[13.79531434,50.97816023],[13.79533603,50.97817506],[13.7953496,50.97816884],[13.79634344,50.97771195],[13.79630943,50.97769922],[13.79609516,50.97764162],[13.79591684,50.97757956],[13.79569007,50.97748448],[13.79549371,50.97738908],[13.79542275,50.97731096],[13.79546034,50.97723146],[13.79554156,50.97713252],[13.79560269,50.97702574],[13.79609722,50.97677231],[13.79629961,50.97673243],[13.79646031,50.97665074],[13.79684812,50.97643043],[13.79729082,50.97625468],[13.79779308,50.9763282],[13.79818806,50.97645131],[13.79845012,50.97645971],[13.79884232,50.97648966],[13.79919709,50.97654456],[13.79866689,50.97711474],[13.79852588,50.97726637],[13.79858374,50.97729987],[13.79902468,50.97755806],[13.79905111,50.977601],[13.79908284,50.97765252],[13.79915998,50.97777778],[13.79901077,50.97816573],[13.79899466,50.97820764],[13.79908697,50.97823009],[13.79928973,50.97827941],[13.79949942,50.9783304],[13.80008425,50.97847263],[13.8010084,50.97869583],[13.80121549,50.97874585],[13.80123319,50.97875028],[13.80127114,50.97875825],[13.80124519,50.97889686],[13.80125289,50.9791486],[13.80128766,50.97914256],[13.80133731,50.97913393],[13.8013808,50.97925368],[13.80139274,50.9792524],[13.80141338,50.97925019],[13.80202284,50.979185],[13.80246566,50.97913449],[13.80309084,50.9790653],[13.80347858,50.97902074],[13.8037757,50.97898559],[13.80445154,50.97890747],[13.8044562,50.97891779],[13.80457541,50.979147],[13.80473432,50.97950696],[13.80491112,50.97988641],[13.80501046,50.98011305],[13.80587289,50.97992284],[13.80632607,50.9798258],[13.80636654,50.97981918],[13.80650511,50.97979652],[13.80711925,50.97969152],[13.80759863,50.97961685],[13.80773478,50.97959406],[13.80761919,50.97918064],[13.80747775,50.97870392],[13.80746669,50.97863522],[13.80745199,50.97843146],[13.80742716,50.97822788],[13.8073583,50.9778809],[13.8073363,50.97765988],[13.80733021,50.97759881],[13.8074122,50.9772771],[13.80749151,50.97712168],[13.80759324,50.97696342],[13.80835159,50.97701997],[13.80845933,50.97677117],[13.80874929,50.97682313],[13.80913897,50.97689298],[13.80920029,50.97689869],[13.8092235,50.97690085],[13.80984305,50.97702321],[13.80990404,50.97702734],[13.81052319,50.97707606],[13.81057555,50.97707767],[13.81115386,50.97705254],[13.81127224,50.97701177],[13.81132545,50.97660572],[13.81193181,50.97658672],[13.81262384,50.97654655],[13.8129498,50.97651769],[13.81301456,50.97607157],[13.81299082,50.97534966],[13.81362835,50.9752853],[13.8136967,50.97527943],[13.81377266,50.97533279],[13.81389208,50.97542407],[13.81411232,50.9755429],[13.81458654,50.97579132],[13.81473821,50.97582963],[13.81494625,50.97572261],[13.81533194,50.9755017],[13.81547171,50.97533973],[13.81550729,50.97511014],[13.81579123,50.97508697],[13.81630573,50.97505391],[13.81677298,50.97501834],[13.81726359,50.97499126],[13.81738794,50.9749844],[13.81797495,50.97494594],[13.81834751,50.97493162],[13.81845414,50.97494595],[13.81882946,50.9749964],[13.81900262,50.9750207],[13.81944242,50.97505339],[13.81949048,50.97505696],[13.8201148,50.97508146],[13.82029228,50.975094],[13.82035043,50.97509683],[13.82076684,50.97511708],[13.82092769,50.97515581],[13.82104712,50.97518518],[13.82122084,50.97528317],[13.82130263,50.97569681],[13.82135035,50.97605784],[13.82135364,50.97610874],[13.82139052,50.97638942],[13.82141428,50.97643702],[13.82154817,50.97666694],[13.82155572,50.97672496],[13.82155351,50.97675328],[13.82156819,50.97687289],[13.82144601,50.97702389],[13.82127324,50.97726835],[13.82126663,50.97728342],[13.82120884,50.97741051],[13.82105297,50.97746464],[13.82120903,50.97755846],[13.82176691,50.97781659],[13.82217429,50.97798877],[13.8229087,50.97830231],[13.82300489,50.97833917],[13.82373426,50.97859157],[13.82394947,50.97858528],[13.82403002,50.97867206],[13.82413526,50.97877184],[13.82462079,50.97906971],[13.82491748,50.97927063],[13.82524325,50.97946199],[13.82555861,50.97947843],[13.82599389,50.97944384],[13.82652993,50.97936813],[13.82690178,50.97929277],[13.82726786,50.97919278],[13.82765138,50.97908169],[13.82783239,50.97901481],[13.82835877,50.97891509],[13.8290723,50.97879136],[13.83056658,50.97853079],[13.83063523,50.97851714],[13.83073081,50.97849872],[13.83078377,50.97848862],[13.83107826,50.97843245],[13.83114964,50.9784194],[13.83120355,50.97841073],[13.83124832,50.97840241],[13.83110908,50.97873066],[13.83106929,50.97916993],[13.83095222,50.97918728],[13.83093171,50.97926154],[13.83091798,50.9794385],[13.83125309,50.97944298],[13.83163376,50.97941238],[13.83180022,50.97963368],[13.83198331,50.97980033],[13.83216404,50.98000759],[13.83230531,50.98010659],[13.83245534,50.98016035],[13.83272628,50.98017526],[13.83298641,50.9801507],[13.83312482,50.98012687],[13.83326935,50.98007759],[13.83339544,50.98003549],[13.83351076,50.97997512],[13.83379719,50.97978666],[13.83398627,50.98000387],[13.83410342,50.9801657],[13.83420804,50.98032432],[13.83430074,50.98060704],[13.83455017,50.98084435],[13.83464355,50.98092006],[13.83474753,50.9810088],[13.83494851,50.98122253],[13.83530948,50.98144545],[13.83541464,50.98150548],[13.83561731,50.98169843],[13.83585033,50.9819013],[13.83614611,50.98211215],[13.83618885,50.98214558],[13.83621992,50.98221826],[13.83624199,50.98226988],[13.8362666,50.98232249],[13.83630688,50.98240853],[13.83643717,50.98259055],[13.83645075,50.98260689],[13.8364837,50.98264653],[13.83650748,50.98267516],[13.83653653,50.98271011],[13.83661975,50.98283113],[13.83664462,50.98286665],[13.83669185,50.98292205],[13.83671479,50.982948],[13.83678439,50.98301275],[13.83694407,50.9831316],[13.83728812,50.9830618],[13.83764219,50.98298993],[13.83772248,50.98316413],[13.837812,50.98335487],[13.83782875,50.98339056],[13.83782462,50.98344869],[13.83785911,50.98347615],[13.83787019,50.98348645],[13.83796151,50.98355768],[13.83809026,50.9836452],[13.83812935,50.98367054],[13.83838788,50.98388372],[13.83839406,50.9838888],[13.83842529,50.98391456],[13.83849354,50.98397083],[13.83859801,50.98406373],[13.83872302,50.98417488],[13.83875636,50.9842038],[13.83877224,50.98422251],[13.83900113,50.98448874],[13.83905802,50.98458793],[13.83908976,50.98474738],[13.83910598,50.98479795],[13.8391454,50.98499967],[13.83916596,50.98517932],[13.83918605,50.98534774],[13.83918985,50.98537996],[13.83920173,50.98547599],[13.83920497,50.98550597],[13.83920672,50.98552067],[13.83921544,50.98556351],[13.83921265,50.98559513],[13.83921079,50.98561631],[13.83922241,50.98567647],[13.8392406,50.98572783],[13.8393055,50.98584041],[13.83932667,50.98591853],[13.83933937,50.98596543],[13.83936789,50.98605234],[13.83942453,50.98615306],[13.83942846,50.98616068],[13.83944371,50.98619024],[13.8394894,50.98631256],[13.83958145,50.9865988],[13.83962757,50.98677087],[13.83974524,50.98721742],[13.83976339,50.98736032],[13.8397613,50.98750673],[13.83980003,50.98748828],[13.84095536,50.98773266],[13.84104129,50.98775083],[13.84205921,50.98796614],[13.84246598,50.98805217],[13.842751,50.9881599],[13.84288238,50.98827231],[13.84301483,50.98836396],[13.84373146,50.98885937],[13.84422826,50.98920279],[13.84427155,50.98923272],[13.84472213,50.98954423],[13.84482153,50.98948736],[13.84487321,50.98945777],[13.84513944,50.98930543],[13.84522866,50.9892515],[13.84531437,50.98921275],[13.84536605,50.9891743],[13.84553009,50.98905219],[13.84567889,50.98908346],[13.84575884,50.98913223],[13.84627528,50.98889263],[13.84653142,50.98877793],[13.84660746,50.9887421],[13.84686366,50.98864178],[13.84689287,50.98862788],[13.84753593,50.98833134],[13.84773613,50.98823913],[13.84883061,50.9877685],[13.84920177,50.98761986],[13.84942551,50.98754355],[13.84953547,50.9875123],[13.84969928,50.98744811],[13.84993763,50.98736451],[13.85038466,50.98718688],[13.85079222,50.98700481],[13.85117846,50.9867969],[13.85131627,50.98672383],[13.85164431,50.98652546],[13.85172642,50.98648606],[13.85199501,50.98636203],[13.85230873,50.9862247],[13.85246924,50.98638071],[13.85263177,50.98654114],[13.85292781,50.98683071],[13.8534767,50.98736802],[13.85368443,50.98757135],[13.85379657,50.98768112],[13.85431918,50.98819268],[13.854984,50.9888434],[13.85512343,50.98897986],[13.85513666,50.98899152],[13.85512859,50.98901034],[13.85506687,50.98930366],[13.85565333,50.98984859],[13.85622694,50.990372],[13.85641756,50.99071581],[13.85659204,50.99099075],[13.85688156,50.99144336],[13.85706695,50.99164579],[13.85779071,50.99229776],[13.85781442,50.99233383],[13.85790471,50.99240331],[13.85858138,50.99292399],[13.85862621,50.99295847],[13.85884851,50.99283075],[13.85915444,50.99264509],[13.85947057,50.99245363],[13.85954434,50.99239254],[13.85962067,50.99232896],[13.85966426,50.99229276],[13.85982742,50.99212333],[13.85985655,50.99210311],[13.85994714,50.99202991],[13.86004783,50.99192673],[13.86005115,50.99192332],[13.86010809,50.99187755],[13.86024865,50.99171483],[13.86027535,50.99164414],[13.86038226,50.99156567],[13.8605409,50.99146254],[13.86061198,50.99141664],[13.86062235,50.99140993],[13.86071714,50.99134873],[13.86085628,50.9912593],[13.86097693,50.99118174],[13.86103484,50.99114775],[13.86108371,50.99111907],[13.86119705,50.99105754],[13.86129147,50.99099797],[13.86137535,50.99093642],[13.86138825,50.99092555],[13.86143477,50.99088636],[13.86144437,50.99087826],[13.86148695,50.99083318],[13.86149386,50.9908223],[13.86152206,50.99077781],[13.86154071,50.99075827],[13.86170893,50.99066643],[13.86175449,50.99064462],[13.86182537,50.99061167],[13.86185291,50.99058376],[13.86190291,50.99053307],[13.86193058,50.99050503],[13.86203784,50.99045714],[13.86213646,50.99044914],[13.86236465,50.99039002],[13.86247766,50.99035014],[13.86252081,50.99033307],[13.86263022,50.99027305],[13.86264813,50.99026017],[13.86267476,50.99024103],[13.86270273,50.99022573],[13.86308464,50.99000812],[13.8632903,50.98987895],[13.86337837,50.98982365],[13.86340559,50.98980747],[13.8635966,50.98969399],[13.86378156,50.98958177],[13.86387703,50.9895143],[13.86395576,50.98946631],[13.86402487,50.98943605],[13.86409087,50.98940716],[13.86423601,50.98930504],[13.86437304,50.98920478],[13.86443303,50.98917086],[13.86453179,50.98911501],[13.86462312,50.98907669],[13.86469304,50.98904536],[13.86476356,50.98900495],[13.86482383,50.98896371],[13.8648746,50.98891554],[13.8649135,50.98884878],[13.86494455,50.98878025],[13.86504658,50.98860877],[13.86509801,50.98854115],[13.86515767,50.98846273],[13.86524274,50.98836616],[13.865306,50.98830965],[13.8653529,50.98826776],[13.86550625,50.98812352],[13.86571028,50.98795359],[13.86584149,50.98784581],[13.86590783,50.98779909],[13.86599756,50.98773037],[13.86604406,50.98768332],[13.86608534,50.98764684],[13.86615949,50.98760435],[13.86621498,50.98757423],[13.86629894,50.98752871],[13.86636851,50.98748433],[13.86642737,50.9874404],[13.86650885,50.9874104],[13.86662003,50.98735943],[13.86667949,50.98732587],[13.86672936,50.98730416],[13.86677819,50.98727888],[13.86687715,50.98722871],[13.86691961,50.98721476],[13.86697735,50.98719861],[13.86701922,50.98717456],[13.86707093,50.98714683],[13.86713945,50.98710294],[13.86726257,50.98703236],[13.8673139,50.98699301],[13.86735428,50.98695783],[13.86739603,50.98691832],[13.86745749,50.98688753],[13.86751615,50.98688086],[13.86758139,50.98687506],[13.86765493,50.98687251],[13.86771733,50.98686041],[13.86780138,50.9868229],[13.86783793,50.98680813],[13.86787971,50.98679788],[13.86792824,50.98678089],[13.8679754,50.98676002],[13.86800149,50.98672545],[13.86802446,50.98669049],[13.86803614,50.9866565],[13.86805744,50.98663612],[13.86814907,50.98658065],[13.86819513,50.98655688],[13.86823653,50.98654754],[13.86828841,50.98654552],[13.86831423,50.98654634],[13.86834575,50.98654012],[13.86840907,50.98652433],[13.86848303,50.98648661],[13.86853586,50.98644898],[13.86860567,50.98640466],[13.86864652,50.98638842],[13.86867911,50.98637863],[13.86875734,50.98634429],[13.86877968,50.98633609],[13.86883963,50.98630568],[13.86893799,50.98624945],[13.86906492,50.98616991],[13.86910997,50.98613417],[13.86911913,50.98611646],[13.8691253,50.98610154],[13.86919526,50.98603772],[13.86924799,50.98599729],[13.86930636,50.98595156],[13.86932095,50.98592867],[13.8693296,50.98591225],[13.86933699,50.98586512],[13.86934828,50.98579383],[13.86935552,50.98572],[13.86936198,50.98564385],[13.86944515,50.98553909],[13.86948644,50.98549676],[13.86951903,50.98547622],[13.86958209,50.9854583],[13.86964754,50.98543157],[13.86978259,50.9853436],[13.86988048,50.98527955],[13.86992951,50.98525024],[13.8699735,50.98521177],[13.87005444,50.98513259],[13.8701341,50.98505523],[13.87022501,50.98498611],[13.87031103,50.98492367],[13.87038067,50.98485969],[13.87042619,50.98483144],[13.87047899,50.98481027],[13.87056468,50.98475772],[13.87060368,50.98472969],[13.87063061,50.98470223],[13.87065888,50.98463424],[13.87070835,50.98456391],[13.87077634,50.98448494],[13.87080996,50.98445034],[13.8708445,50.98442248],[13.87087892,50.98439394],[13.87091568,50.98436344],[13.87101108,50.98431188],[13.87110919,50.98425679],[13.87117201,50.98422957],[13.87122046,50.98420209],[13.87132599,50.98413058],[13.87141309,50.98406884],[13.87150788,50.98399225],[13.87159505,50.98391964],[13.87167737,50.98385079],[13.87178028,50.98379216],[13.87185244,50.98374644],[13.87197107,50.98367138],[13.87201629,50.98364424],[13.87207362,50.98361701],[13.87217872,50.98355993],[13.8722292,50.98355041],[13.87233905,50.98356303],[13.87236065,50.98356296],[13.87241656,50.98354311],[13.87245796,50.98353037],[13.87267673,50.9834593],[13.87273545,50.98344434],[13.87292215,50.98342503],[13.87316103,50.98339884],[13.87331118,50.98338746],[13.87347507,50.98337701],[13.87359791,50.98336375],[13.87373002,50.98334424],[13.87387145,50.98332729],[13.87400601,50.98331109],[13.87408059,50.98330584],[13.8741431,50.98330396],[13.87428495,50.9833416],[13.874398,50.98337926],[13.87444565,50.98339614],[13.87450133,50.98342349],[13.87452905,50.9834371],[13.87459524,50.98350434],[13.87472461,50.98351226],[13.8753873,50.9835602],[13.87621615,50.98362117],[13.87692515,50.98367085],[13.87763794,50.98374591],[13.8783619,50.98382299],[13.87904272,50.98389337],[13.87887366,50.98433088],[13.878821,50.98447283],[13.87851659,50.98525672],[13.87867218,50.98528187],[13.87869208,50.98528552],[13.8787732,50.98530191],[13.87891507,50.98532713],[13.87899171,50.9853424],[13.87901578,50.98534748],[13.87904319,50.98535228],[13.87919218,50.98538724],[13.87928855,50.98541171],[13.87931543,50.98541652],[13.87953715,50.98547598],[13.87959054,50.98548824],[13.87968064,50.98551138],[13.87971071,50.98552293],[13.88005162,50.98504925],[13.88008964,50.98498872],[13.88016744,50.98486024],[13.88030534,50.98460319],[13.88034289,50.98452879],[13.88041225,50.98438047],[13.88044928,50.98428741],[13.8805163,50.98410075],[13.88056953,50.98395599],[13.8806084,50.98382194],[13.88042044,50.98380998],[13.88050846,50.98356614],[13.8805729,50.98337154],[13.88062998,50.98317059],[13.8806724,50.98297349],[13.88071784,50.98278257],[13.88075977,50.98258725],[13.88078656,50.98241272],[13.8807982,50.98231797],[13.88175944,50.98229024],[13.88254712,50.98226534],[13.88294548,50.98225097],[13.88295599,50.9822506],[13.88322295,50.98224111],[13.88351072,50.98223105],[13.88352977,50.98222995],[13.883593,50.9822274],[13.88456791,50.98224434],[13.88453278,50.98275959],[13.88444221,50.98343516],[13.88422708,50.9841349],[13.88402204,50.98466104],[13.88374893,50.98527618],[13.88349534,50.9858345],[13.88313738,50.98652301],[13.88294205,50.98689874],[13.88390078,50.98709396],[13.88394804,50.98710284],[13.8840923,50.98713685],[13.88421159,50.98692741],[13.88448501,50.98698368],[13.88436302,50.98720354],[13.8844351,50.98721874],[13.88477886,50.98729532],[13.88488346,50.9873197],[13.88537722,50.98743811],[13.88582921,50.98723957],[13.88599095,50.98715146],[13.88630558,50.98731086],[13.88678025,50.98758623],[13.88703477,50.98772233],[13.88724218,50.98784859],[13.88748447,50.98800065],[13.88774057,50.98816558],[13.88775743,50.98818051],[13.88716047,50.98856033],[13.88660355,50.98893103],[13.88704484,50.98918861],[13.88747193,50.98943281],[13.88776362,50.9892749],[13.88813586,50.98904957],[13.88855081,50.98878178],[13.88880805,50.98859475],[13.88889461,50.98862603],[13.88942709,50.98881851],[13.89001879,50.98903615],[13.89058203,50.98924119],[13.89092877,50.98895052],[13.89094804,50.98893474],[13.89148966,50.98915764],[13.89204358,50.98938724],[13.89223229,50.98946792],[13.89290463,50.98975532],[13.89320183,50.98985577],[13.89371778,50.99003015],[13.8948625,50.99037328],[13.89492459,50.99039219],[13.89492092,50.99040771],[13.89491859,50.99041755],[13.89478158,50.99090116],[13.89460894,50.99148985],[13.89460439,50.99166923],[13.89458768,50.99174953],[13.89455586,50.99182986],[13.89449649,50.99196684],[13.89444736,50.99213429],[13.89437214,50.99229071],[13.89424081,50.9925907],[13.89408015,50.99280573],[13.89410681,50.99285848],[13.89495772,50.99292241],[13.89548469,50.99294672],[13.89582222,50.9929609],[13.89674136,50.99296992],[13.89679951,50.9933591],[13.89667796,50.99350859],[13.89662908,50.99367815],[13.89662342,50.99373763],[13.8965922,50.99405798],[13.89661359,50.994285],[13.89657612,50.99445908],[13.89563318,50.99438215],[13.89501393,50.99432745],[13.89500847,50.99441609],[13.89499741,50.99470419],[13.89498919,50.99503704],[13.89573499,50.99508795],[13.89647316,50.99513843],[13.89679759,50.9951639],[13.89718242,50.99519411],[13.89772437,50.9952917],[13.89776309,50.99530048],[13.89779154,50.99530747],[13.8989336,50.99553746],[13.89999804,50.99573102],[13.90018527,50.9957803],[13.90028263,50.99580564],[13.90030407,50.99581047],[13.90033862,50.99581951],[13.90036639,50.99582399],[13.90104784,50.99587659],[13.9013653,50.99589824],[13.90171413,50.99592973],[13.90243448,50.9960578],[13.90312326,50.99618027],[13.90346317,50.99632256],[13.90436261,50.99669905],[13.9049585,50.997023],[13.90499999,50.99703893],[13.90509667,50.99708818],[13.90555125,50.99730538],[13.90552929,50.99733796],[13.90543067,50.99750959],[13.90531902,50.99769935],[13.90554063,50.99774809],[13.90580888,50.99780786],[13.9060762,50.99787209],[13.90619458,50.99789732],[13.90637462,50.99793704],[13.90630204,50.99820077],[13.90639318,50.99820966],[13.90627802,50.99864521],[13.90618101,50.99901208],[13.90607906,50.99940342],[13.90640422,50.99941058],[13.90654509,50.99941355],[13.90690029,50.99942271],[13.9069813,50.9994248],[13.90743026,50.99943253],[13.90782648,50.99943606],[13.90800723,50.9994435],[13.90834096,50.99942774],[13.90871116,50.99941063],[13.90899007,50.999398],[13.90901508,50.99939708],[13.90905674,50.999449],[13.90909665,50.9994658],[13.90906246,50.99955853],[13.90930889,50.99955695],[13.9093823,50.99955647],[13.90941451,50.99955624],[13.9095601,50.99955514],[13.90980375,50.99956978],[13.91007395,50.99958876],[13.91010556,50.99973707],[13.91012486,50.99982709],[13.91014121,50.99993539],[13.91017936,51.00017615],[13.91020621,51.00037025],[13.91021813,51.00040638],[13.91021686,51.00045153],[13.91077994,51.00034757],[13.91078938,51.0004562],[13.91080164,51.00072923],[13.91081317,51.00098553],[13.91087363,51.00123922],[13.91093691,51.00149593],[13.91094557,51.00152773],[13.91099643,51.00174931],[13.91105738,51.00199593],[13.91091703,51.00205921],[13.9106891,51.00204393],[13.91069528,51.00202372],[13.91063195,51.00199363],[13.91058737,51.00193906],[13.91049559,51.00192618],[13.91044594,51.00193045],[13.91033525,51.00190441],[13.91025928,51.00192105],[13.91018684,51.0019168],[13.91011782,51.00187528],[13.91001464,51.00186882],[13.90991364,51.00185044],[13.9097598,51.00189773],[13.90963138,51.00197959],[13.90947276,51.0019943],[13.90937913,51.00196475],[13.90937686,51.00197668],[13.90937119,51.00215147],[13.909369,51.0022818],[13.90936822,51.00232718],[13.90922116,51.00232249],[13.90892065,51.00229388],[13.90880909,51.00228206],[13.9085925,51.00228453],[13.90852934,51.00228582],[13.90827468,51.00232606],[13.90821308,51.00263558],[13.90816896,51.00293361],[13.90807666,51.00329409],[13.90834742,51.00339278],[13.90895173,51.0036005],[13.90901745,51.00370381],[13.90907816,51.00376314],[13.90908606,51.00380216],[13.90910468,51.00386593],[13.90910043,51.00394866],[13.90909503,51.00405981],[13.90907056,51.00415991],[13.90904835,51.00424249],[13.90906593,51.00428245],[13.9091037,51.00436828],[13.90911055,51.00438608],[13.9092823,51.0045089],[13.90937596,51.00460477],[13.90938422,51.00465978],[13.90939534,51.00473376],[13.90940433,51.00477823],[13.90941714,51.00484166],[13.90934425,51.00499101],[13.90927967,51.00514502],[13.90912747,51.00546713],[13.90904813,51.00561902],[13.9089192,51.00580175],[13.90890407,51.00582876],[13.90884539,51.00593375],[13.90881672,51.00598505],[13.90875044,51.00610363],[13.90864074,51.00629276],[13.90846276,51.00657506],[13.90838102,51.00670468],[13.90819272,51.00692694],[13.90798955,51.00719046],[13.90813487,51.00711615],[13.90836509,51.00700862],[13.9083015,51.00706619],[13.90821573,51.00719954],[13.90816255,51.00728374],[13.9079866,51.0075532],[13.90795772,51.00762698],[13.90782231,51.00778561],[13.90768394,51.00789533],[13.90760454,51.00798082],[13.90758717,51.00802382],[13.90745902,51.00815067],[13.90742043,51.00822051],[13.90732528,51.0084123],[13.90726832,51.00854944],[13.90725881,51.00864179],[13.9072858,51.00873742],[13.90727804,51.0088492],[13.90727258,51.00896226],[13.90720988,51.00903517],[13.9070963,51.00910382],[13.90694574,51.00918279],[13.90684935,51.00924911],[13.90681594,51.00929915],[13.90681284,51.00938859],[13.90678442,51.00941924],[13.90675755,51.00945807],[13.90674082,51.00949307],[13.90668015,51.00953146],[13.90666733,51.00956258],[13.90664092,51.00959435],[13.90659954,51.00963137],[13.90657162,51.00967537],[13.90656755,51.00970798],[13.90659331,51.00974924],[13.90660549,51.00979121],[13.90664601,51.00982247],[13.90665871,51.00984982],[13.90668975,51.00987895],[13.90668688,51.00991396],[13.90671577,51.00994071],[13.90672132,51.00997797],[13.90675424,51.01000297],[13.90677386,51.01003606],[13.90682787,51.01009358],[13.90685041,51.01014718],[13.9068727,51.01020015],[13.90691642,51.01021985],[13.90692732,51.01026702],[13.90697825,51.01029409],[13.90698281,51.01032579],[13.90702548,51.01034985],[13.90703813,51.01039048],[13.90706407,51.01040544],[13.90708557,51.01045016],[13.90715232,51.01048908],[13.9071747,51.01051465],[13.90718998,51.01055712],[13.90721372,51.01060785],[13.90723946,51.01065308],[13.90724355,51.01067651],[13.90729739,51.01072885],[13.90735728,51.01076524],[13.90735389,51.01079156],[13.9074311,51.01082886],[13.90743417,51.01087151],[13.90748245,51.01089665],[13.90750532,51.01093442],[13.9075765,51.01095731],[13.90758353,51.01098902],[13.90760914,51.01100846],[13.90761346,51.01104293],[13.90769205,51.01111438],[13.90769894,51.01114817],[13.90772923,51.01116902],[13.90774388,51.01120678],[13.90774355,51.01123166],[13.90778587,51.01125244],[13.90781271,51.01128422],[13.90784188,51.01133497],[13.90785409,51.01136442],[13.90789174,51.01140995],[13.90807662,51.01149386],[13.90812559,51.01155447],[13.90818579,51.01163547],[13.90814928,51.01167888],[13.90814111,51.01170482],[13.90810118,51.01172353],[13.90811561,51.01175729],[13.90808238,51.01176907],[13.90806726,51.01180265],[13.90805585,51.01181871],[13.90805094,51.01184636],[13.90803058,51.01186636],[13.90801194,51.01191462],[13.9079821,51.01195025],[13.9079468,51.01197197],[13.90794622,51.01200227],[13.90791193,51.01201994],[13.90792644,51.01209294],[13.90791457,51.01212602],[13.90792321,51.01215328],[13.90789614,51.01216578],[13.90790877,51.01219552],[13.90787461,51.01220946],[13.90786318,51.01224194],[13.90785339,51.01230281],[13.90779773,51.01234983],[13.90778672,51.01238025],[13.90776345,51.01239738],[13.90775918,51.01242201],[13.9077344,51.01244886],[13.90768792,51.01245286],[13.90768759,51.01248554],[13.90764868,51.01252538],[13.90765101,51.01255766],[13.90767381,51.0125839],[13.9076708,51.0126075],[13.90769601,51.01263558],[13.90771904,51.01266088],[13.90773283,51.01268927],[13.90773196,51.01275257],[13.90774947,51.01279179],[13.90776035,51.01282231],[13.90776515,51.01286046],[13.90820558,51.01279527],[13.90866727,51.01273221],[13.90867434,51.01273117],[13.90943964,51.01275318],[13.91015412,51.01275604],[13.91084007,51.01285643],[13.91105484,51.01297846],[13.91117137,51.01304515],[13.91120922,51.01306671],[13.91089294,51.0133916],[13.9106002,51.01367974],[13.91030539,51.01395001],[13.91049997,51.01405438],[13.91069573,51.01415909],[13.91078102,51.01424465],[13.91080331,51.01426697],[13.91087289,51.0143316],[13.91101061,51.01448057],[13.91105041,51.01452364],[13.9110168,51.01489953],[13.91124308,51.01529014],[13.91146759,51.01568282],[13.91173483,51.01614987],[13.9119443,51.01651579],[13.91211956,51.01682206],[13.91233495,51.01673381],[13.91276271,51.01663873],[13.91335892,51.01648671],[13.91389745,51.01638028],[13.91392463,51.0163749],[13.91436497,51.01628371],[13.91439723,51.01634261],[13.91461042,51.0162909],[13.91489828,51.01622106],[13.91532439,51.01619625],[13.91571534,51.01617605],[13.9160286,51.01621331],[13.91629093,51.0160937],[13.9164585,51.01598086],[13.91666624,51.01590354],[13.91674215,51.01575369],[13.91677216,51.01571974],[13.91678302,51.01563483],[13.91683259,51.01559067],[13.91684781,51.01556442],[13.91684761,51.01554735],[13.91683982,51.01552374],[13.91687945,51.01550626],[13.91689909,51.01549168],[13.91689794,51.01545916],[13.91690427,51.01544684],[13.91696974,51.01539478],[13.91701051,51.01535385],[13.91702572,51.01524544],[13.91703866,51.01521926],[13.9170742,51.01512584],[13.9171358,51.01506479],[13.91714003,51.01504287],[13.9171271,51.01502505],[13.91711129,51.0149665],[13.91710819,51.01492553],[13.9171534,51.01487654],[13.91719126,51.01476337],[13.9172074,51.01476768],[13.91722573,51.01475816],[13.91724824,51.01472638],[13.91729589,51.01467749],[13.91732398,51.01464235],[13.91732518,51.01462451],[13.91734396,51.01459115],[13.91739356,51.01457758],[13.91746449,51.01454744],[13.91750738,51.01452763],[13.91753149,51.01449675],[13.91758409,51.01445481],[13.91765405,51.01439906],[13.91766901,51.01438576],[13.91768472,51.01435848],[13.91771787,51.0143548],[13.91773714,51.01432865],[13.91775172,51.01430495],[13.91776461,51.01428864],[13.91779779,51.01424095],[13.9178568,51.01422151],[13.91795557,51.01413802],[13.91796829,51.0141064],[13.91801977,51.01407494],[13.91807527,51.01405506],[13.91810143,51.01403476],[13.91811554,51.01402501],[13.91814178,51.01400976],[13.91819261,51.01393239],[13.9182168,51.01389554],[13.9182645,51.01384688],[13.91827256,51.01381772],[13.91834148,51.01379122],[13.91837822,51.01377515],[13.91838432,51.01377264],[13.91838322,51.01375292],[13.91840262,51.01372486],[13.91843056,51.01370736],[13.91843392,51.01368969],[13.91847494,51.01367353],[13.91850049,51.0136354],[13.91855677,51.01359994],[13.91858159,51.0135645],[13.91863784,51.01349595],[13.91864866,51.01347558],[13.91877,51.01345092],[13.91880711,51.01344285],[13.91886835,51.0134161],[13.91886803,51.01339801],[13.91891857,51.01336747],[13.91893955,51.01335821],[13.91894627,51.01330916],[13.9189612,51.01328882],[13.91894835,51.01324692],[13.91897823,51.01319372],[13.91900886,51.01316552],[13.91903555,51.01318094],[13.91929109,51.01330496],[13.91944212,51.01340402],[13.91964077,51.01332176],[13.91976528,51.01326862],[13.91996483,51.01319302],[13.92016574,51.01312822],[13.92020385,51.01315991],[13.92028925,51.01321161],[13.92035805,51.01328709],[13.92040256,51.01334227],[13.92050492,51.01343775],[13.92062401,51.01357181],[13.92070056,51.01364466],[13.92073887,51.01368609],[13.92082927,51.01378377],[13.92088539,51.01385021],[13.92089703,51.01388355],[13.92102687,51.0140711],[13.92102994,51.01407392],[13.9212023,51.01415758],[13.92121998,51.01416637],[13.92130462,51.0142038],[13.92137295,51.01423403],[13.92147831,51.01426568],[13.92160682,51.01430583],[13.92176596,51.01410921],[13.92185567,51.01395755],[13.92227587,51.01401964],[13.9223522,51.01374379],[13.92246638,51.01345962],[13.92264706,51.0132193],[13.92273644,51.01322453],[13.92315367,51.01328041],[13.92355048,51.01334533],[13.92394613,51.01341464],[13.92426105,51.01347705],[13.92439994,51.01351792],[13.92451078,51.01355209],[13.92459774,51.01358935],[13.92469827,51.0136267],[13.92474834,51.01364694],[13.92472848,51.01378075],[13.92478745,51.01385601],[13.92486339,51.01393458],[13.9250157,51.01399116],[13.92528594,51.01407311],[13.92538075,51.01409499],[13.92539881,51.01414028],[13.9257256,51.01414343],[13.92598027,51.01412528],[13.92626921,51.01408767],[13.92651269,51.01404679],[13.92663021,51.01402005],[13.92673262,51.01407817],[13.92689588,51.0141617],[13.92707276,51.01425221],[13.92718476,51.0143232],[13.92726037,51.01435838],[13.92728264,51.01439006],[13.92742303,51.01463977],[13.92752892,51.01478396],[13.92765399,51.01491088],[13.92768301,51.01497919],[13.92776063,51.01510055],[13.92780753,51.01513498],[13.92799843,51.01527514],[13.92819306,51.0154123],[13.92838917,51.01557284],[13.92846352,51.01561766],[13.92866769,51.01572453],[13.92876753,51.01581505],[13.92878009,51.01583236],[13.92887967,51.01592433],[13.92900027,51.01603555],[13.9291351,51.01613523],[13.92929978,51.01634414],[13.92944253,51.01651626],[13.92957916,51.0166127],[13.92967882,51.01669925],[13.92976749,51.01677526],[13.92986063,51.01684865],[13.92997397,51.01694923],[13.93005746,51.01701958],[13.93014281,51.01709327],[13.93023262,51.01716146],[13.9302983,51.01722998],[13.93039146,51.01731499],[13.93048916,51.01742767],[13.93064121,51.01751948],[13.93077049,51.01758036],[13.93091607,51.01763886],[13.9310092,51.01771],[13.93120747,51.01776413],[13.93136433,51.01780997],[13.93153971,51.0174894],[13.93160774,51.01746918],[13.93165767,51.01742853],[13.93167103,51.017397],[13.93170793,51.01737895],[13.93172988,51.01732883],[13.93176262,51.01730374],[13.93175859,51.01725639],[13.93177659,51.0172227],[13.93176859,51.01719843],[13.93174436,51.01717718],[13.93177599,51.01712591],[13.93213337,51.0171426],[13.93243889,51.01716351],[13.93265905,51.01719497],[13.9329562,51.01722551],[13.93360555,51.01732267],[13.9341513,51.01740432],[13.93461441,51.0173979],[13.93489642,51.01738834],[13.93520224,51.01736955],[13.93538309,51.01737906],[13.93547566,51.01725703],[13.93555894,51.01714728],[13.93565575,51.0170215],[13.93583231,51.01679175],[13.93602727,51.01659928],[13.93621639,51.01639031],[13.93649651,51.01617408],[13.9370083,51.01572601],[13.93718306,51.01557993],[13.93732737,51.01540973],[13.93751408,51.01519894],[13.93769487,51.01518122],[13.93794158,51.01519431],[13.93817466,51.01541386],[13.93849638,51.01543584],[13.93881309,51.01594361],[13.93911954,51.01608693],[13.93924084,51.01633847],[13.93928688,51.01643394],[13.93902802,51.01685958],[13.93918138,51.01706365],[13.93910101,51.01721758],[13.93893795,51.01734952],[13.93893513,51.01736245],[13.93889532,51.01754517],[13.93889063,51.01802834],[13.93927097,51.01827424],[13.93927483,51.0184197],[13.93938891,51.01847335],[13.93924137,51.01862109],[13.9393715,51.01869075],[13.93928553,51.01878946],[13.93943965,51.01901187],[13.93930071,51.01909394],[13.93919954,51.01930925],[13.93913292,51.01945104],[13.93894524,51.01974615],[13.9387502,51.01991925],[13.93898285,51.01993666],[13.93946974,51.01991666],[13.93953497,51.02014267],[13.93955405,51.02031996],[13.93958849,51.02040482],[13.93968112,51.02063311],[13.93980992,51.02092954],[13.93987706,51.02108404],[13.93988419,51.0211061],[13.93989626,51.0211434],[13.94000078,51.02146678],[13.94009225,51.02168817],[13.94021019,51.02186472],[13.9402909,51.02198843],[13.94031289,51.02202211],[13.94058458,51.02228376],[13.94066838,51.02236446],[13.94067505,51.02242493],[13.94068958,51.02255685],[13.94157212,51.02274859],[13.94167708,51.02277139],[13.94183187,51.02287902],[13.94203899,51.02302304],[13.94205538,51.02302924],[13.94216311,51.02317219],[13.9422428,51.02325388],[13.94225857,51.0232603],[13.94227618,51.02327086],[13.94228191,51.02327651],[13.94240161,51.02335624],[13.94248279,51.02338615],[13.94252944,51.0234138],[13.94253819,51.02341858],[13.94260741,51.02352309],[13.94262223,51.023573],[13.94269696,51.02368699],[13.94274009,51.02375279],[13.94274968,51.02376381],[13.94282391,51.02384918],[13.94293014,51.02389183],[13.94296491,51.02392286],[13.94298773,51.02394321],[13.94306311,51.02395988],[13.94310766,51.02401638],[13.94323226,51.02406343],[13.94323595,51.02407647],[13.94325518,51.02414484],[13.94332244,51.02414741],[13.94336671,51.02419389],[13.94342494,51.02422675],[13.94346683,51.02424036],[13.94357,51.02427388],[13.94376428,51.02428695],[13.94379696,51.02428468],[13.94381207,51.02429967],[13.94387335,51.02430636],[13.94392203,51.02436079],[13.94388645,51.02439809],[13.94389772,51.02442163],[13.94387657,51.02446082],[13.94390638,51.02448115],[13.94390449,51.024501],[13.94394209,51.02451354],[13.94397775,51.02453625],[13.94402155,51.0245263],[13.94414106,51.02456504],[13.94412897,51.02461604],[13.94415127,51.02463603],[13.94411457,51.02467175],[13.94413191,51.02470455],[13.94399055,51.02473103],[13.94401189,51.02476895],[13.94405359,51.02479582],[13.9440586,51.02484645],[13.94410402,51.0249227],[13.94411075,51.02494598],[13.94408823,51.02500156],[13.94414757,51.02501531],[13.94431271,51.02502246],[13.94438403,51.02501229],[13.94445196,51.02509306],[13.94443532,51.02511193],[13.94446652,51.02512608],[13.9449817,51.02544588],[13.94504791,51.0254992],[13.94510839,51.02550961],[13.94513266,51.02548912],[13.94521973,51.02557074],[13.94527303,51.02557348],[13.94525403,51.02556516],[13.94532234,51.02557306],[13.94533986,51.02560218],[13.94536471,51.02563657],[13.94539932,51.02561968],[13.94541089,51.02560119],[13.94544419,51.02558461],[13.94546664,51.02558276],[13.94552588,51.02560066],[13.94559148,51.02564249],[13.9456616,51.02564828],[13.94572001,51.02562752],[13.9457556,51.02562124],[13.94591182,51.0256336],[13.94594358,51.02565064],[13.94599568,51.02566278],[13.94605415,51.02567217],[13.94610062,51.02568254],[13.94614316,51.02569283],[13.94619486,51.02569948],[13.94621641,51.02572463],[13.94627404,51.02574256],[13.94632999,51.0257626],[13.94641767,51.02579436],[13.94664321,51.02589459],[13.94668395,51.02591203],[13.94674291,51.02594579],[13.94680298,51.02595405],[13.94696836,51.02598706],[13.94706382,51.02601421],[13.94714527,51.02601931],[13.94719752,51.02602691],[13.94730213,51.02606256],[13.94734139,51.02605633],[13.94748477,51.02608525],[13.94752282,51.02609772],[13.94777317,51.02620303],[13.94798221,51.02615933],[13.94833,51.02642619],[13.9484684,51.02632878],[13.94851755,51.02632768],[13.94856808,51.02632779],[13.94864748,51.02632902],[13.94866484,51.0263293],[13.94871181,51.02633227],[13.94875151,51.02632385],[13.94877277,51.0263321],[13.94888796,51.02633595],[13.94914034,51.02634045],[13.94933685,51.02635321],[13.94938434,51.02635553],[13.94940068,51.02641184],[13.94954958,51.02635797],[13.94962443,51.02641295],[13.94984326,51.02638412],[13.95016805,51.02642403],[13.9505996,51.02640461],[13.95097767,51.02637689],[13.95202453,51.02620273],[13.95248309,51.02612645],[13.95298029,51.02616453],[13.95325526,51.02627751],[13.95342649,51.02637613],[13.95348048,51.02641028],[13.95351884,51.02643678],[13.95353639,51.02646728],[13.9535683,51.02648562],[13.95362504,51.0265009],[13.9537022,51.02652324],[13.95376651,51.02652565],[13.95381522,51.02652725],[13.95386414,51.02654205],[13.95388414,51.02655235],[13.95393183,51.02658083],[13.95396764,51.02657806],[13.95395818,51.02654535],[13.95395202,51.02652242],[13.95399676,51.02648286],[13.9540215,51.02644276],[13.954078,51.02646611],[13.95409404,51.02646431],[13.9541294,51.02642898],[13.95416735,51.02640122],[13.95452259,51.02630971],[13.95456723,51.02627913],[13.95463121,51.02625632],[13.95468819,51.02624886],[13.95474156,51.02622329],[13.95480013,51.02617139],[13.95485063,51.02613681],[13.95499982,51.02608334],[13.95503404,51.02607348],[13.95511456,51.02609606],[13.95520419,51.02611186],[13.95523467,51.02612765],[13.95528818,51.02612607],[13.955313,51.02613819],[13.95534526,51.02616348],[13.95539078,51.02617547],[13.95540086,51.02620202],[13.95535668,51.02622043],[13.95534456,51.02625083],[13.95533954,51.02627113],[13.95540131,51.02627292],[13.95542522,51.02630394],[13.95542664,51.02633795],[13.95536098,51.02635359],[13.95535909,51.02636982],[13.95538133,51.02638874],[13.9554388,51.02638456],[13.95550789,51.02636711],[13.95558027,51.02636973],[13.95560946,51.02637883],[13.95573695,51.0263681],[13.9557851,51.02637169],[13.95585272,51.02640378],[13.95591276,51.02640473],[13.95599711,51.02639962],[13.95606158,51.02639572],[13.95605843,51.02641239],[13.95608855,51.02645511],[13.95611148,51.02650521],[13.95611415,51.02653654],[13.95613423,51.02656921],[13.95616377,51.0266056],[13.95621836,51.0266537],[13.95629657,51.02672138],[13.9563843,51.02678042],[13.95642705,51.02678399],[13.95646612,51.02678807],[13.95650279,51.02679596],[13.95665755,51.02676677],[13.95674961,51.02678337],[13.95702304,51.02689032],[13.95706765,51.02690365],[13.95708838,51.02689357],[13.95711989,51.02688477],[13.9571618,51.02689452],[13.95721485,51.02689669],[13.95728236,51.02691801],[13.95732221,51.02691861],[13.95733234,51.02693464],[13.95741125,51.02695868],[13.95742988,51.02697618],[13.95747803,51.02700859],[13.95751121,51.02702133],[13.95752621,51.02705021],[13.95759304,51.02705043],[13.95762789,51.02706892],[13.9576866,51.02709666],[13.95768775,51.02713662],[13.95766428,51.02716255],[13.95768473,51.02720951],[13.9576567,51.02724019],[13.95766996,51.02727998],[13.95764351,51.02731596],[13.9576302,51.02734021],[13.95763467,51.02740691],[13.95752852,51.02755031],[13.95749463,51.0276124],[13.95742538,51.02765468],[13.95742249,51.02768932],[13.95735501,51.02771021],[13.95730656,51.02773106],[13.95727445,51.02776843],[13.95727946,51.02780747],[13.95730956,51.02783446],[13.95730804,51.02787988],[13.95727724,51.02794351],[13.95722385,51.02805377],[13.95720171,51.02814023],[13.95716916,51.02822285],[13.95716696,51.02828343],[13.95716085,51.028338],[13.95720466,51.02837921],[13.95720855,51.02843315],[13.95723018,51.02845679],[13.95727333,51.02846561],[13.95729305,51.02848296],[13.9573248,51.0285004],[13.95735771,51.028507],[13.95736184,51.02852306],[13.95738408,51.02853918],[13.95741248,51.02854074],[13.95745441,51.02852783],[13.95749156,51.0285394],[13.95754957,51.02857244],[13.95762809,51.02858241],[13.9576919,51.02858293],[13.95773801,51.02857286],[13.95775883,51.02859026],[13.95774724,51.02860864],[13.95771165,51.02862877],[13.95764082,51.02863322],[13.95759765,51.02868162],[13.95758774,51.02870869],[13.95760422,51.02872306],[13.95763181,51.02871991],[13.9576899,51.02869041],[13.95772066,51.0286801],[13.95774226,51.02868491],[13.9577584,51.02871224],[13.9577942,51.02873631],[13.9578504,51.02873312],[13.95794457,51.02878371],[13.9579519,51.02882922],[13.95795385,51.02885441],[13.95798857,51.02888509],[13.95801692,51.02889576],[13.95805261,51.02888793],[13.95811382,51.0288745],[13.95813837,51.02889124],[13.9581336,51.02892515],[13.95808311,51.02894533],[13.95806833,51.02896505],[13.95802656,51.02899782],[13.95799665,51.02902223],[13.95798297,51.02903583],[13.95799311,51.02907802],[13.95795487,51.02913304],[13.95802173,51.02921105],[13.9580331,51.02925225],[13.95800006,51.02928135],[13.95797074,51.02930389],[13.95797966,51.02932972],[13.95798518,51.02934797],[13.95797687,51.0293739],[13.95794497,51.02939706],[13.95790452,51.02940188],[13.9578515,51.02939007],[13.95781411,51.02936437],[13.95778398,51.02936755],[13.9577508,51.02937823],[13.95775177,51.02940649],[13.95773415,51.02942542],[13.95773273,51.02945448],[13.95773477,51.02947723],[13.95771027,51.02950989],[13.95770293,51.02953627],[13.95773146,51.02954994],[13.95778854,51.02956806],[13.95782815,51.02958994],[13.95786491,51.02960852],[13.95794536,51.029572],[13.95798002,51.02953852],[13.95802915,51.02951582],[13.95807382,51.0295076],[13.95810733,51.02951985],[13.95812497,51.02951242],[13.95816732,51.02949743],[13.95819296,51.02951122],[13.95816497,51.02954868],[13.95814329,51.02957252],[13.95813511,51.02959031],[13.95815875,51.02959777],[13.95821176,51.02958974],[13.95824181,51.02959178],[13.95826657,51.0296041],[13.95825923,51.02965752],[13.95826226,51.02967775],[13.9583004,51.02969054],[13.95831305,51.02970342],[13.95828909,51.02972252],[13.95825008,51.02974131],[13.95824798,51.02976875],[13.95829523,51.02978257],[13.95833571,51.02977928],[13.9583752,51.02974458],[13.95839244,51.02976113],[13.95839222,51.02978518],[13.95840146,51.02981881],[13.95841014,51.02983982],[13.95840079,51.02986005],[13.95840098,51.02988297],[13.95838885,51.02988759],[13.9583923,51.02990123],[13.9584159,51.029924],[13.9584778,51.02993635],[13.95852879,51.02993296],[13.95857144,51.02991475],[13.95862848,51.02990643],[13.95861783,51.02988931],[13.95859158,51.02986552],[13.95861944,51.02984622],[13.95870313,51.02983495],[13.95873917,51.02986406],[13.95882062,51.02985987],[13.95886273,51.02987784],[13.95890636,51.0298828],[13.95896997,51.02991367],[13.95901464,51.02993752],[13.95904385,51.0299585],[13.95905687,51.02998574],[13.95905651,51.03000859],[13.95904084,51.03002795],[13.95899144,51.03005895],[13.95896165,51.03009665],[13.95900274,51.03014902],[13.9590421,51.03014478],[13.95907036,51.03014368],[13.95913328,51.03012881],[13.95922402,51.03014628],[13.95927307,51.03017129],[13.95928865,51.03020562],[13.9593141,51.0302164],[13.95934529,51.03023562],[13.95937769,51.03023999],[13.95940332,51.03024816],[13.95943458,51.03027555],[13.95944185,51.03029212],[13.95942434,51.03030316],[13.9592823,51.03029285],[13.95925619,51.03029791],[13.95925432,51.03031188],[13.95923257,51.03031739],[13.95923851,51.03033288],[13.95929605,51.03035976],[13.95928226,51.03038321],[13.95935626,51.03042825],[13.95939579,51.03045146],[13.9593779,51.03048349],[13.95942563,51.03054028],[13.95943025,51.03056373],[13.95947823,51.03058862],[13.95947956,51.0306335],[13.95942473,51.03065875],[13.95942089,51.03067734],[13.95946985,51.03071119],[13.95949556,51.03073015],[13.95948842,51.03075549],[13.95950334,51.03078483],[13.95949942,51.03079951],[13.95946022,51.0308257],[13.95941208,51.03084848],[13.95938395,51.03087766],[13.95941428,51.03090643],[13.95946721,51.03089897],[13.95951876,51.03090287],[13.95958084,51.03089366],[13.95963385,51.03089932],[13.95972993,51.03096197],[13.95977188,51.03100079],[13.959842,51.03103511],[13.95991024,51.0310606],[13.95995882,51.03110213],[13.96000737,51.03111667],[13.96005816,51.03112151],[13.96010279,51.03115239],[13.96018269,51.03118696],[13.96021964,51.03118782],[13.96026403,51.03118031],[13.96030202,51.03117652],[13.96035339,51.03119006],[13.96036542,51.03120245],[13.96035136,51.03122711],[13.96035467,51.03123685],[13.96040307,51.03123473],[13.96039461,51.0312541],[13.96039941,51.03126528],[13.96042002,51.03126649],[13.9604292,51.0312777],[13.96044394,51.03128475],[13.96046468,51.03130003],[13.96048228,51.03130728],[13.96057559,51.03129857],[13.96063558,51.03129017],[13.9606532,51.03130236],[13.96071618,51.03129863],[13.96071845,51.03131353],[13.9607545,51.03133497],[13.96079856,51.03133585],[13.96084838,51.03132798],[13.96088414,51.03134477],[13.96090731,51.03135527],[13.96095508,51.03135244],[13.96106928,51.03130913],[13.96122195,51.03131876],[13.96132031,51.03131611],[13.96140111,51.0313297],[13.96144524,51.03132858],[13.96149621,51.0313319],[13.96155883,51.03133005],[13.96161232,51.03133253],[13.96167772,51.03134453],[13.96172906,51.03134545],[13.96177831,51.0313446],[13.96179174,51.0313339],[13.96181363,51.03133305],[13.96183532,51.03133112],[13.96186845,51.03133688],[13.96195919,51.03134],[13.96200854,51.03133395],[13.96205058,51.03134174],[13.96207941,51.03136777],[13.96209896,51.03138244],[13.96212628,51.03137693],[13.96214976,51.03136189],[13.96214635,51.03134862],[13.96216735,51.03133811],[13.96219561,51.03134848],[13.96222297,51.03135001],[13.96223875,51.03136394],[13.96223657,51.03137718],[13.96226494,51.03139429],[13.96228753,51.03141009],[13.96231651,51.03141413],[13.96234766,51.03143356],[13.96237383,51.03144185],[13.96242022,51.03143237],[13.962438,51.03141805],[13.96246207,51.03140636],[13.96249129,51.03137017],[13.96249075,51.0313476],[13.96250762,51.03133056],[13.96252602,51.03132748],[13.96255503,51.03131635],[13.96261676,51.03130527],[13.96265496,51.03130545],[13.96268884,51.03130681],[13.96273416,51.03132976],[13.96274178,51.03134513],[13.96275126,51.03136578],[13.96278579,51.03144409],[13.96276699,51.03161759],[13.96276463,51.03195894],[13.96278491,51.03199073],[13.96280758,51.03202627],[13.9629139,51.03219166],[13.96281718,51.03235389],[13.96276838,51.03285706],[13.96275906,51.03325973],[13.96274286,51.03340656],[13.96273264,51.03394497],[13.96271754,51.03404087],[13.96271358,51.03409667],[13.96263858,51.03479535],[13.962629,51.03486806],[13.96257406,51.03539915],[13.96254395,51.03556035],[13.96253445,51.03562918],[13.96252035,51.03569935],[13.96251974,51.03570254],[13.96250371,51.03579897],[13.96247429,51.03595897],[13.96240209,51.03630454],[13.9623803,51.03648166],[13.96229732,51.03673576],[13.96217249,51.03709817],[13.96213777,51.03721164],[13.96206322,51.03745533],[13.96205195,51.03748988],[13.96198951,51.03768117],[13.96195183,51.0377966],[13.96191213,51.03794631],[13.9618395,51.03822023],[13.96181351,51.03832537],[13.96179706,51.03839198],[13.96176823,51.03850907],[13.96174276,51.03868238],[13.96170992,51.03890588],[13.96164646,51.03937039],[13.96162214,51.03947798],[13.96162776,51.04015784],[13.96162076,51.0402397],[13.96164465,51.04054908],[13.9616667,51.04113824],[13.96167381,51.0411644],[13.96186543,51.04186872],[13.96188093,51.04192587],[13.96193902,51.04202025],[13.96195296,51.04204696],[13.96198025,51.04209917],[13.96198806,51.04211415],[13.96216866,51.04254142],[13.96228948,51.04290528],[13.96231737,51.04326724],[13.9623179,51.04346577],[13.96229922,51.04357013],[13.96226102,51.04383669],[13.96221526,51.04412451],[13.96251474,51.04440981],[13.96255145,51.04444971],[13.96275878,51.04466808],[13.96318385,51.04497522],[13.96350053,51.04539197],[13.96371903,51.04568462],[13.96384886,51.04584478],[13.9640957,51.0461284],[13.96437883,51.04638179],[13.9645804,51.04661423],[13.96475962,51.0467969],[13.96505707,51.04711235],[13.96531888,51.04737886],[13.96532994,51.04738822],[13.96532151,51.04740551],[13.96531037,51.04744015],[13.96526125,51.04743571],[13.96524355,51.04739739],[13.96521543,51.04740647],[13.9651979,51.04743524],[13.96515058,51.04744305],[13.9651228,51.04748272],[13.96507485,51.04747812],[13.96498712,51.04745414],[13.96494354,51.04745681],[13.96489548,51.04744907],[13.96485198,51.04745974],[13.9648196,51.04741346],[13.96484433,51.04738954],[13.96482991,51.04737905],[13.96469897,51.04738568],[13.96470733,51.04742681],[13.96467671,51.04743541],[13.96461849,51.04742357],[13.9645766,51.04750523],[13.96446401,51.0475349],[13.96438342,51.04755982],[13.96436121,51.04755808],[13.96433647,51.04753519],[13.96426887,51.04750728],[13.96420509,51.04754096],[13.96416223,51.04756967],[13.96411736,51.04757095],[13.96410209,51.04759735],[13.96403278,51.04761214],[13.96410234,51.04767196],[13.96409268,51.04768012],[13.9640312,51.04766332],[13.96401136,51.04767441],[13.96403576,51.04774796],[13.96402006,51.04776153],[13.96397329,51.04774971],[13.9639626,51.04772838],[13.9638868,51.04773132],[13.96386255,51.04772238],[13.9638244,51.04772968],[13.96382029,51.04776242],[13.96379808,51.04779835],[13.96379493,51.04781934],[13.96376347,51.04787252],[13.96372582,51.04788094],[13.96360059,51.0479334],[13.96356995,51.04795833],[13.96364931,51.04798767],[13.96365379,51.04800615],[13.96362975,51.04802432],[13.96363759,51.04803975],[13.96360606,51.04804963],[13.96353319,51.04803458],[13.96348558,51.0480124],[13.96345515,51.04798674],[13.96340674,51.0480139],[13.96336585,51.0480269],[13.96331411,51.0480165],[13.96332356,51.04795415],[13.96329034,51.04794308],[13.96323467,51.04795783],[13.96319215,51.04796053],[13.96311971,51.04798541],[13.9631009,51.04804245],[13.96312104,51.04808823],[13.96309254,51.04820341],[13.96307,51.04823679],[13.96308971,51.04826819],[13.96311587,51.04828977],[13.96307804,51.04831031],[13.96294175,51.04831295],[13.96293859,51.04833147],[13.96297189,51.04835097],[13.96296699,51.04837962],[13.96298247,51.04839297],[13.96305366,51.04839015],[13.96305927,51.04840093],[13.96298038,51.04842062],[13.96293717,51.04840121],[13.9628936,51.04840585],[13.96294399,51.0484851],[13.96293848,51.04848806],[13.96291673,51.04848429],[13.96283111,51.04854697],[13.96275665,51.04855609],[13.96274479,51.04859335],[13.96263185,51.04865232],[13.96257056,51.04867407],[13.96253826,51.04873232],[13.96250024,51.04874072],[13.96241291,51.04882943],[13.9623749,51.04880109],[13.9623287,51.04880469],[13.96231765,51.04884882],[13.96226007,51.04884814],[13.96221922,51.04882893],[13.96224908,51.04876642],[13.96220952,51.04874272],[13.96221119,51.0487264],[13.9621782,51.04868571],[13.96209442,51.04870715],[13.96204162,51.04871278],[13.96196036,51.04875296],[13.96195179,51.04878647],[13.96192488,51.04879097],[13.96188362,51.04886125],[13.96184345,51.04887112],[13.96180837,51.04882949],[13.96178334,51.04884381],[13.96179672,51.04890272],[13.96176592,51.04891562],[13.96172786,51.04895979],[13.96170327,51.04898142],[13.96168792,51.04900059],[13.96171195,51.04903284],[13.96170124,51.04904096],[13.96165985,51.04904229],[13.96167796,51.04907309],[13.96159301,51.04912351],[13.96155499,51.04917509],[13.96151332,51.04917992],[13.96147835,51.04919484],[13.96143408,51.04918719],[13.961427,51.04917901],[13.96142098,51.04914559],[13.96140744,51.0491469],[13.96138635,51.04916334],[13.96137305,51.04915388],[13.96133315,51.04914856],[13.96128721,51.04916236],[13.96126309,51.04918635],[13.96119105,51.04913499],[13.96119047,51.04912082],[13.96120754,51.04910483],[13.96120166,51.04907779],[13.96107509,51.04907095],[13.96109754,51.04909783],[13.96112066,51.04915183],[13.9610942,51.04915655],[13.96105277,51.04915378],[13.96103258,51.0492107],[13.96098484,51.04921616],[13.9609875,51.04928486],[13.96096959,51.0493007],[13.96092088,51.04930362],[13.96092062,51.04931115],[13.96092954,51.04932587],[13.96096644,51.04933723],[13.96095844,51.04937268],[13.96091033,51.04939648],[13.96090992,51.04942592],[13.96076065,51.04947948],[13.96074328,51.04950406],[13.96070476,51.04948506],[13.96065931,51.04949815],[13.96063045,51.04950069],[13.96062061,51.04952816],[13.96063611,51.04956058],[13.9605414,51.04959788],[13.9604862,51.04960235],[13.96046288,51.04962238],[13.96043983,51.04961478],[13.96039958,51.04961659],[13.96038958,51.04965171],[13.96037848,51.04967721],[13.9603761,51.04972716],[13.96033508,51.04974283],[13.96032555,51.04975805],[13.96028664,51.04977425],[13.96028751,51.04978056],[13.96036889,51.04979335],[13.96036961,51.04980872],[13.96033978,51.04982343],[13.96033319,51.04984292],[13.96036787,51.04986751],[13.96035806,51.04989394],[13.96029752,51.04990015],[13.96027285,51.04997703],[13.96022072,51.04998227],[13.96019051,51.04999974],[13.96014983,51.05001155],[13.96014324,51.05007438],[13.96012612,51.05008113],[13.96009827,51.05007749],[13.96004137,51.05010014],[13.96001058,51.05015851],[13.95994383,51.05017578],[13.95994636,51.05018195],[13.95994842,51.05018724],[13.95995437,51.05020128],[13.96002917,51.0515038],[13.96000908,51.05165319],[13.95997877,51.05189722],[13.95996259,51.0520351],[13.95998981,51.05210618],[13.96001715,51.05218522],[13.96023293,51.05270096],[13.96057714,51.05253721],[13.96095207,51.0523791],[13.96137059,51.05222892],[13.9615683,51.0522207],[13.96167738,51.05227436],[13.9617879,51.0523621],[13.96203754,51.05259],[13.96226841,51.05280118],[13.96231479,51.05284592],[13.96255683,51.05307944],[13.96276802,51.05328654],[13.96295862,51.05348358],[13.96324115,51.05372945],[13.96361201,51.05399189],[13.96424497,51.05428028],[13.96459867,51.054438],[13.96463308,51.05436274],[13.96605878,51.05481415],[13.96602306,51.05488735],[13.96587931,51.05517597],[13.96576858,51.05539479],[13.96559429,51.05573073],[13.96541838,51.05614864],[13.96520363,51.05647268],[13.96489071,51.0567154],[13.96461452,51.05690234],[13.96438802,51.05708174],[13.96418413,51.05726385],[13.96398111,51.05748399],[13.96371265,51.05777852],[13.96346736,51.05802998],[13.96307008,51.05843676],[13.96282378,51.05869696],[13.96262153,51.05900933],[13.96246768,51.05931917],[13.96232984,51.05957684],[13.96222321,51.05975298],[13.96212781,51.05994305],[13.96193397,51.06026198],[13.96176809,51.06049727],[13.9615641,51.06074671],[13.96142501,51.06091285],[13.96136288,51.06099266],[13.96141611,51.06100455],[13.96236387,51.06129776],[13.96242806,51.06130596],[13.96297256,51.06140216],[13.96321807,51.06144631],[13.96358472,51.06148617],[13.96396963,51.06151764],[13.9644597,51.06155031],[13.96486434,51.06156699],[13.96536431,51.0615731],[13.96572417,51.0615918],[13.96568652,51.06161198],[13.96529688,51.06186196],[13.96475482,51.06225484],[13.96446478,51.06246159],[13.96402051,51.06279095],[13.96371509,51.06304311],[13.96341245,51.06328648],[13.96310647,51.06351531],[13.96277117,51.06374832],[13.96249298,51.06393879],[13.96209558,51.06423227],[13.96204978,51.06426678],[13.96197057,51.06427026],[13.9614636,51.06428805],[13.96095538,51.06430423],[13.96053994,51.06431185],[13.95951672,51.06434958],[13.95831954,51.0643755],[13.95813362,51.0645041],[13.9584272,51.06449826],[13.95912363,51.06447895],[13.95890504,51.06462729],[13.9584142,51.0650025],[13.95815877,51.06516251],[13.95760915,51.06553893],[13.95710516,51.06591795],[13.95658333,51.06631466],[13.95634108,51.06647077],[13.95661952,51.06661827],[13.95687132,51.0667499],[13.95709404,51.06658219],[13.95735557,51.06636076],[13.95756467,51.06621701],[13.95776021,51.06606331],[13.95797823,51.06589194],[13.95827259,51.06568678],[13.95863348,51.06542698],[13.95885076,51.06528217],[13.95919596,51.0650655],[13.95952814,51.06484625],[13.95989064,51.06463222],[13.96022607,51.0644488],[13.96054311,51.06443816],[13.96096313,51.06442728],[13.96147966,51.06441639],[13.96188421,51.06440362],[13.96184891,51.06443208],[13.96175177,51.06452322],[13.96153127,51.06467697],[13.96130536,51.06485839],[13.96093195,51.0651522],[13.96054005,51.0654433],[13.96051356,51.0654637],[13.96012374,51.06572429],[13.95973413,51.0660025],[13.95895379,51.06654043],[13.95853269,51.06683249],[13.95816204,51.06707078],[13.95764703,51.06738146],[13.9570068,51.06777117],[13.9565727,51.06803536],[13.95619219,51.0682381],[13.95519027,51.06882659],[13.95472416,51.06926332],[13.95449406,51.06951836],[13.9544455,51.06957526],[13.95375518,51.06927231],[13.9532161,51.06902794],[13.95282702,51.06959777],[13.95266432,51.06986343],[13.95262199,51.07031601],[13.95260329,51.07068501],[13.95261074,51.07104774],[13.95255629,51.07131429],[13.95253151,51.07150754],[13.95250063,51.07168497],[13.95242156,51.072234],[13.95296743,51.07195025],[13.95302611,51.07191044],[13.95347184,51.07171905],[13.95384982,51.07153684],[13.95367944,51.07214522],[13.95359205,51.07280648],[13.95358078,51.07347705],[13.95343998,51.0737959],[13.95345004,51.0738911],[13.95339585,51.07389585],[13.95299504,51.07393097],[13.95253528,51.07398399],[13.95220302,51.07399856],[13.95183209,51.07401383],[13.9514989,51.07403955],[13.95134128,51.07401972],[13.95113719,51.07396363],[13.95075811,51.07390763],[13.95075434,51.07391956],[13.95067806,51.07390551],[13.94975274,51.07365269],[13.94989754,51.07328247],[13.94989754,51.07326925],[13.94916641,51.07309992],[13.94771038,51.07293756],[13.94494281,51.07257387],[13.94438741,51.07279346],[13.94421278,51.07262408],[13.94386475,51.07233902],[13.94365751,51.07217738],[13.94286708,51.07249336],[13.94233979,51.07270275],[13.94189063,51.07287864],[13.94153645,51.07301835],[13.94137149,51.07278953],[13.94104786,51.07237841],[13.9409329,51.07223471],[13.94088653,51.07217676],[13.94077121,51.07204875],[13.94065323,51.07191777],[13.94050648,51.07173338],[13.94019881,51.07133267],[13.94003058,51.07112678],[13.93991539,51.07098578],[13.93972119,51.07074918],[13.93941545,51.0704325],[13.9391061,51.07007526],[13.93887955,51.06983098],[13.9387268,51.06965977],[13.93871219,51.06964391],[13.9386976,51.06962661],[13.93839024,51.06924811],[13.93815065,51.06896167],[13.938101,51.06889515],[13.93785409,51.06861854],[13.93762577,51.06837084],[13.93736929,51.06809679],[13.93691197,51.06779283],[13.93646739,51.06746516],[13.93690067,51.06727311],[13.93705643,51.06722452],[13.93717175,51.06718716],[13.93762114,51.06704413],[13.93804706,51.0669091],[13.93869021,51.06672545],[13.93834205,51.06642017],[13.93792678,51.06607423],[13.93775385,51.06593535],[13.9381442,51.06574046],[13.93850367,51.0655406],[13.93879479,51.06538817],[13.93978683,51.06623241],[13.93998086,51.06640739],[13.93999455,51.06648044],[13.93999979,51.06650833],[13.94005222,51.06648688],[13.94009441,51.06646964],[13.94066439,51.06623686],[13.94091124,51.06604735],[13.9412256,51.06580605],[13.9413377,51.06572005],[13.94189673,51.06538461],[13.9420227,51.06537218],[13.94224503,51.06535027],[13.94272604,51.06513942],[13.94295918,51.06503725],[13.94352983,51.0648674],[13.94312283,51.06452223],[13.94310337,51.06450631],[13.94308627,51.06449259],[13.94288864,51.06433232],[13.94244585,51.063924],[13.9423588,51.06384796],[13.94229413,51.06384636],[13.9419535,51.06383797],[13.94105691,51.0636921],[13.94087495,51.06368772],[13.93980143,51.06366191],[13.93877243,51.06363996],[13.93777591,51.06361723],[13.93670055,51.06359408],[13.93634839,51.06358521],[13.9359556,51.06357536],[13.93588745,51.06357366],[13.93548698,51.06356308],[13.93543025,51.06356104],[13.93518893,51.06355265],[13.93494167,51.06352963],[13.9349139,51.06352704],[13.93457465,51.06349707],[13.93453014,51.06349065],[13.93447014,51.0634821],[13.93440815,51.06347318],[13.93436379,51.06346684],[13.93431843,51.06346031],[13.93379587,51.06338661],[13.93403468,51.06339211],[13.93417873,51.06335639],[13.93422765,51.06326389],[13.93424653,51.06313714],[13.9337035,51.06319097],[13.93371408,51.06295905],[13.93374488,51.06265284],[13.93384501,51.06263786],[13.93400473,51.06217967],[13.93394177,51.06211002],[13.93392097,51.06207013],[13.93360852,51.06205363],[13.9334827,51.06204699],[13.93267806,51.06200181],[13.93218529,51.06187398],[13.9321783,51.06183924],[13.93218219,51.06177302],[13.93133266,51.06182521],[13.93077306,51.06185685],[13.93073149,51.06185801],[13.93028242,51.06193284],[13.92957679,51.06207393],[13.9294078,51.06209165],[13.92933748,51.06210208],[13.9292274,51.06210597],[13.92916543,51.06208279],[13.92910327,51.06208133],[13.92910596,51.06213435],[13.9291069,51.06215283],[13.92879555,51.06214459],[13.92875575,51.06213847],[13.92863775,51.06210907],[13.92858325,51.06209041],[13.92848969,51.06206519],[13.92847276,51.06206908],[13.92831646,51.06210478],[13.92827613,51.06210288],[13.92828453,51.06210998],[13.92820309,51.06212756],[13.92811629,51.06213046],[13.92800105,51.06212365],[13.92790908,51.06210923],[13.92747606,51.06201959],[13.92737391,51.06200167],[13.92723569,51.06198305],[13.92709458,51.06197196],[13.92696967,51.06197028],[13.92694226,51.06197102],[13.92688002,51.06197269],[13.92679986,51.06197869],[13.92645858,51.06201373],[13.92610677,51.06204983],[13.92609452,51.06203362],[13.925918,51.06180018],[13.92573721,51.0616483],[13.92568139,51.06160662],[13.92553204,51.06149531],[13.92552294,51.06148849],[13.92521948,51.06146548],[13.92503068,51.06148154],[13.92498937,51.06148503],[13.92474294,51.06155585],[13.92450527,51.06159987],[13.92430365,51.06152817],[13.92405511,51.0614377],[13.92380522,51.06134434],[13.92360209,51.06128341],[13.92349273,51.06125059],[13.92320431,51.06115138],[13.9230017,51.06107978],[13.92268344,51.06101302],[13.9223368,51.06097656],[13.92232199,51.06099962],[13.92224978,51.06111177],[13.92219237,51.06120068],[13.92207812,51.06137824],[13.92203224,51.06148084],[13.9223264,51.06163331],[13.92261282,51.06178192],[13.92292437,51.06194767],[13.92316493,51.06205569],[13.92341839,51.06215564],[13.92380619,51.06234331],[13.92385245,51.06237334],[13.92409043,51.06251815],[13.92411728,51.06253531],[13.92420567,51.06259183],[13.92392179,51.06275964],[13.92355551,51.06297614],[13.92352736,51.06296315],[13.92320126,51.0628126],[13.92238247,51.06243121],[13.92189875,51.06223448],[13.92156052,51.06211095],[13.92115659,51.06196489],[13.92059719,51.06176261],[13.92021001,51.06162228],[13.92009013,51.06179844],[13.91987673,51.06198606],[13.91977885,51.06207596],[13.91965796,51.06221721],[13.91944805,51.06246253],[13.91940626,51.06251796],[13.91968277,51.06286879],[13.91908489,51.06300529],[13.91888755,51.06307022],[13.91882601,51.06308237],[13.91840966,51.06321544],[13.91798414,51.06336165],[13.91832388,51.06354246],[13.91848439,51.06362734],[13.91871777,51.06375212],[13.91891113,51.06385756],[13.91904248,51.06395719],[13.91917686,51.06405206],[13.91940305,51.06426321],[13.9196233,51.06443927],[13.91978719,51.06458118],[13.91981824,51.06460818],[13.91983504,51.06462279],[13.91912506,51.06482633],[13.91912232,51.06482715],[13.91894042,51.06488128],[13.9188394,51.06491517],[13.9187286,51.06495663],[13.91860058,51.06500991],[13.91843332,51.06508208],[13.9184,51.06509646],[13.91825781,51.06515666],[13.91811896,51.06521544],[13.91748029,51.06548583],[13.91742341,51.0655099],[13.91708054,51.06565506],[13.91694659,51.06570963],[13.91688541,51.06573223],[13.91674043,51.06578576],[13.91627818,51.06593704],[13.91619377,51.06596176],[13.91611933,51.06598356],[13.91600619,51.06601196],[13.91589978,51.06603711],[13.91582625,51.06605394],[13.91471139,51.06630934],[13.91442813,51.06637513],[13.91434825,51.06639721],[13.91425089,51.06642832],[13.91399141,51.06651603],[13.91396366,51.0665253],[13.91288963,51.06688684],[13.91271636,51.06694519],[13.91262276,51.06698216],[13.91254955,51.06701977],[13.91248864,51.06705625],[13.91241068,51.0671135],[13.91208126,51.0674192],[13.91158278,51.06788174],[13.91151445,51.0679362],[13.91141233,51.06800797],[13.91131374,51.06806836],[13.9112705,51.06809375],[13.91128598,51.06810874],[13.91139935,51.06823085],[13.91168785,51.06850794],[13.91160639,51.06853267],[13.91157068,51.0685454],[13.91077236,51.06839354],[13.91062685,51.06847413],[13.91049752,51.06853782],[13.91042431,51.06856147],[13.91037441,51.06857165],[13.91031069,51.06858374],[13.91021598,51.06859901],[13.91013142,51.06860346],[13.90962313,51.06864463],[13.90949383,51.06865328],[13.90937603,51.06866117],[13.90776387,51.06860149],[13.90773135,51.06860152],[13.90766911,51.06860688],[13.90565823,51.06860407],[13.90554377,51.06860665],[13.90546491,51.06859831],[13.90544496,51.06861993],[13.90548523,51.06867593],[13.90544057,51.06869975],[13.90536532,51.06870292],[13.90536248,51.06872533],[13.90529132,51.06875168],[13.90535053,51.06879085],[13.90533953,51.06882068],[13.90530666,51.06883729],[13.90521326,51.06880967],[13.90510509,51.06879891],[13.90502192,51.06873759],[13.90499984,51.06872992],[13.90495252,51.0687175],[13.90491127,51.06870794],[13.90489713,51.06872016],[13.90488446,51.06872868],[13.90482647,51.0686958],[13.90477805,51.06872043],[13.90469574,51.06875182],[13.90468144,51.06875895],[13.90465615,51.06875635],[13.90462964,51.06875352],[13.90460142,51.06874475],[13.90449761,51.06875683],[13.9044845,51.06877988],[13.90451922,51.06879931],[13.90451932,51.06882873],[13.90452167,51.06885043],[13.90451105,51.06887688],[13.90458522,51.06889594],[13.90460616,51.06892721],[13.90455406,51.06894686],[13.90454809,51.06900968],[13.90456075,51.06903266],[13.90449033,51.06908907],[13.90441524,51.06912756],[13.90435055,51.06914365],[13.90435649,51.06915907],[13.90444102,51.06917597],[13.90443042,51.06920525],[13.90441792,51.06923112],[13.90442843,51.06927146],[13.90435137,51.06929444],[13.90427687,51.0692426],[13.90423849,51.06930874],[13.90419951,51.06931515],[13.90419226,51.06928392],[13.90412758,51.06928381],[13.90412314,51.06931371],[13.90411273,51.06931354],[13.90408258,51.0692883],[13.90409567,51.06923189],[13.90407126,51.06921704],[13.90402937,51.06921409],[13.90397335,51.06917476],[13.90395641,51.06922218],[13.90398914,51.06926863],[13.90398051,51.06929074],[13.90393771,51.06929807],[13.90393923,51.06926511],[13.9038911,51.06922529],[13.90385554,51.06923284],[13.90384483,51.0692166],[13.90385389,51.06917774],[13.90376179,51.06918749],[13.90373601,51.06921991],[13.90364489,51.06922546],[13.90359104,51.06926455],[13.9036284,51.06928304],[13.90362115,51.06931685],[13.90365817,51.06934444],[13.90366375,51.069392],[13.90371693,51.06937473],[13.90375227,51.06939285],[13.90371691,51.06942596],[13.90370116,51.06945513],[13.90364354,51.06946191],[13.90362788,51.06948987],[13.90358059,51.06949732],[13.90355898,51.06946209],[13.90349309,51.06944598],[13.90346675,51.06942169],[13.90339194,51.06943078],[13.90334059,51.06939844],[13.90328639,51.06941312],[13.90328037,51.06947882],[13.90327085,51.06952146],[13.90326238,51.06954453],[13.90322107,51.06957348],[13.90315062,51.06953711],[13.90307957,51.06953421],[13.90304781,51.0695233],[13.90302247,51.06954734],[13.90304523,51.06956364],[13.90305688,51.06958915],[13.90305426,51.06963751],[13.90294593,51.06963041],[13.90293565,51.06966645],[13.90290308,51.06968395],[13.90283485,51.06969802],[13.90276702,51.06966335],[13.90275738,51.06963034],[13.90281222,51.06962721],[13.90285849,51.06959594],[13.90290583,51.06955733],[13.90287971,51.06954077],[13.90285985,51.06954771],[13.90283007,51.069529],[13.90279456,51.06947724],[13.90265664,51.06944394],[13.90240695,51.06937057],[13.90236794,51.06937679],[13.90224842,51.06941464],[13.90161633,51.06964827],[13.9014224,51.06971063],[13.90140237,51.0697174],[13.90128819,51.06974784],[13.90121776,51.06976396],[13.90049573,51.06994002],[13.89983766,51.07010449],[13.89960079,51.07015835],[13.89954782,51.07017004],[13.89948999,51.07018013],[13.89934532,51.07020025],[13.89930922,51.07020154],[13.89924256,51.07019853],[13.89914069,51.07019393],[13.89865462,51.07017197],[13.89834242,51.07015528],[13.89824269,51.07015524],[13.89739378,51.07017349],[13.89728608,51.07017283],[13.89716392,51.07016179],[13.89714192,51.07015858],[13.89603625,51.06999729],[13.89598142,51.06998929],[13.89578501,51.06996865],[13.89564428,51.06995896],[13.89544814,51.06995747],[13.89536121,51.06996313],[13.89486669,51.06999539],[13.89481234,51.06999569],[13.89485427,51.07003204],[13.89479547,51.07003301],[13.89475469,51.06999604],[13.89468742,51.07000352],[13.89450715,51.07000555],[13.8938542,51.06997881],[13.89347211,51.06996541],[13.89332639,51.06996221],[13.89321109,51.06996943],[13.89311367,51.06997645],[13.89308398,51.06998107],[13.89298382,51.06999661],[13.89283636,51.07002131],[13.89250805,51.07009475],[13.89217946,51.07015668],[13.8919724,51.0702056],[13.8915382,51.07029491],[13.89125894,51.07035235],[13.89093463,51.07041906],[13.89062772,51.07049148],[13.88997251,51.07062486],[13.88933761,51.07073165],[13.88888427,51.07081165],[13.88827364,51.07091831],[13.88814835,51.07093699],[13.88788799,51.07098764],[13.88771335,51.0710466],[13.88725848,51.07120082],[13.88720206,51.07122507],[13.88680092,51.07135879],[13.88661842,51.0714214],[13.88653451,51.07143674],[13.88644564,51.0715251],[13.88640354,51.07150683],[13.88644339,51.07148238],[13.88644296,51.07145361],[13.8863575,51.07141437],[13.88632465,51.07138976],[13.88625488,51.07140709],[13.8862088,51.07144575],[13.88617031,51.07142525],[13.88621706,51.07139543],[13.88616282,51.07135686],[13.88612071,51.07133667],[13.88602518,51.07131564],[13.88584537,51.07129192],[13.88579826,51.07128571],[13.88576956,51.07152349],[13.8857846,51.07168102],[13.88575181,51.07169839],[13.88573007,51.07170991],[13.88564943,51.07175766],[13.88564643,51.07174887],[13.88559765,51.0717639],[13.8851169,51.07191208],[13.88469269,51.07204273],[13.88462893,51.07202406],[13.88456097,51.07211256],[13.88433136,51.0721087],[13.88426506,51.07212571],[13.88423521,51.07216602],[13.88420871,51.07219633],[13.88419181,51.07224414],[13.88419311,51.07227457],[13.88422739,51.07228466],[13.8842326,51.07225797],[13.88424425,51.07223198],[13.88427913,51.07219931],[13.8843194,51.07218422],[13.88433928,51.07221543],[13.88434775,51.07226037],[13.88434988,51.07226421],[13.8843573,51.07227566],[13.88437152,51.07229761],[13.88443899,51.07232038],[13.88440728,51.07238958],[13.88437383,51.07246509],[13.88433451,51.07246967],[13.8842856,51.07243562],[13.88426694,51.07245444],[13.88429414,51.07251066],[13.88424852,51.07254592],[13.88415013,51.07257356],[13.88403366,51.07260966],[13.88404152,51.07254554],[13.88400483,51.07253224],[13.88390904,51.07258037],[13.88386771,51.07259066],[13.88378702,51.07259523],[13.88372539,51.07263753],[13.8836616,51.07265213],[13.88359133,51.07261273],[13.8835041,51.0726032],[13.88344232,51.07263132],[13.88342467,51.07273695],[13.88353331,51.07275547],[13.88357554,51.07277544],[13.88355178,51.07284676],[13.88350439,51.07287898],[13.88343977,51.0728961],[13.88330154,51.07292033],[13.88328825,51.0729625],[13.88337192,51.07300797],[13.88338164,51.07308445],[13.88342412,51.07313961],[13.88345804,51.07323009],[13.88344465,51.07328255],[13.8833912,51.07333408],[13.88341991,51.07337869],[13.88348068,51.07342717],[13.88352962,51.07345055],[13.88356734,51.0734903],[13.88360241,51.07352536],[13.8836503,51.07355575],[13.8836789,51.07360996],[13.883693,51.07361149],[13.88406456,51.07366948],[13.88453752,51.07366794],[13.8848444,51.07365466],[13.88489871,51.07361316],[13.88490535,51.07354671],[13.88499833,51.07354191],[13.88503594,51.07359325],[13.88509679,51.0736358],[13.88525799,51.07363178],[13.88555074,51.07362417],[13.88574591,51.0736369],[13.88595232,51.07366889],[13.88615295,51.0737162],[13.88631944,51.07381147],[13.88646619,51.07392285],[13.8866193,51.07405082],[13.88669538,51.07411526],[13.88685164,51.0742527],[13.88702426,51.0743986],[13.88710927,51.07448156],[13.88719538,51.07454116],[13.88728438,51.07461786],[13.88745397,51.07477224],[13.88752757,51.07483855],[13.88761625,51.07492876],[13.88776897,51.07508414],[13.88789884,51.07522093],[13.88802379,51.07536585],[13.88814671,51.07550603],[13.88827829,51.07566226],[13.88830826,51.07569535],[13.88845202,51.075861],[13.88859223,51.07603016],[13.88873331,51.07620427],[13.88890228,51.07640058],[13.88906066,51.07658547],[13.88922773,51.07676008],[13.88931312,51.07684674],[13.88940354,51.07693848],[13.88943041,51.07697219],[13.88959569,51.07712265],[13.8897536,51.07726521],[13.88994298,51.07742291],[13.8901916,51.07759581],[13.89042544,51.07772869],[13.89068677,51.07785056],[13.89093645,51.07795454],[13.89119884,51.07805888],[13.89146291,51.07814912],[13.89170549,51.07822568],[13.89193871,51.07830057],[13.89217063,51.07837674],[13.89236079,51.07843947],[13.89260878,51.07851316],[13.89289516,51.07859264],[13.89293468,51.07860356],[13.89326072,51.07869358],[13.89356935,51.07877652],[13.89385547,51.07885342],[13.89388124,51.07885873],[13.8941932,51.07892293],[13.89450515,51.07898713],[13.89481713,51.07905156],[13.89508054,51.07910604],[13.89512996,51.07911627],[13.89519786,51.07912967],[13.89545653,51.07920978],[13.89561815,51.07925984],[13.89577002,51.07933058],[13.89600276,51.07943653],[13.8959888,51.0794455],[13.89592563,51.0794861],[13.89591468,51.07952395],[13.8959013,51.07957021],[13.89580057,51.07991722],[13.89576561,51.08003717],[13.89571676,51.08020741],[13.89556877,51.08072306],[13.89575979,51.08101023],[13.89584977,51.08112959],[13.89607953,51.08134765],[13.89631794,51.08155829],[13.89654277,51.08176947],[13.89679343,51.08198508],[13.89600761,51.08245152],[13.89523185,51.08289405],[13.89498598,51.08288025],[13.89423097,51.08282538],[13.89350367,51.08277532],[13.89323982,51.08275712],[13.89297228,51.08274576],[13.89231741,51.08271796],[13.8922807,51.08270854],[13.89135739,51.08247178],[13.89112346,51.08291061],[13.89110309,51.08294824],[13.89235985,51.08375724],[13.89366567,51.08459374],[13.89398677,51.08476895],[13.89484666,51.08510995],[13.89618511,51.08564067],[13.89574252,51.08611942],[13.89528454,51.08659553],[13.89587908,51.08668823],[13.89642984,51.08677896],[13.89599012,51.08752333],[13.89631578,51.08758465],[13.89638211,51.0875992],[13.89678702,51.08767339],[13.8972958,51.08789601],[13.89785336,51.08806755],[13.898194,51.08817064],[13.89832955,51.08820015],[13.89907935,51.08828917],[13.89910293,51.08835063],[13.89911504,51.08839263],[13.89971399,51.0883774],[13.90033587,51.08837111],[13.90040494,51.08837173],[13.90097374,51.08836612],[13.90123096,51.08829459],[13.90152199,51.08787801],[13.90133559,51.08764906],[13.90121667,51.08750473],[13.90112891,51.0874117],[13.90085471,51.08703776],[13.9006939,51.08669927],[13.90083276,51.08657185],[13.90076158,51.08641187],[13.90054574,51.08627309],[13.90033217,51.0863139],[13.89970105,51.08643447],[13.89955848,51.08643325],[13.89930388,51.0864311],[13.8989729,51.08632747],[13.89864155,51.08622334],[13.89798636,51.08623079],[13.89784018,51.08625887],[13.89776539,51.08627324],[13.89748109,51.08632343],[13.89676068,51.08613009],[13.89707901,51.08564927],[13.89736457,51.08511578],[13.89744463,51.08513055],[13.89833872,51.08482906],[13.89924224,51.08458387],[13.89994785,51.08422621],[13.90061175,51.08388968],[13.90134299,51.08351965],[13.90158053,51.0833777],[13.90173451,51.08326193],[13.90183481,51.08325533],[13.90180243,51.08311839],[13.90191323,51.08303459],[13.90199552,51.08297236],[13.90215985,51.08282081],[13.90221452,51.08285401],[13.90223926,51.08286904],[13.90251237,51.083035],[13.90273301,51.08316906],[13.90276783,51.08319905],[13.90288644,51.08330129],[13.90304407,51.08343698],[13.9032164,51.08358538],[13.90353401,51.08371493],[13.90387438,51.08385376],[13.90431585,51.08406356],[13.90547474,51.08446139],[13.90639714,51.08479937],[13.90632232,51.08486168],[13.90545012,51.08519601],[13.9043606,51.08580053],[13.90436558,51.08685483],[13.904468,51.08711737],[13.90469751,51.08773038],[13.9050069,51.08835295],[13.90530063,51.08881957],[13.90613296,51.08948141],[13.90629867,51.08957394],[13.90641086,51.0896051],[13.907653,51.08970793],[13.9078322,51.08972269],[13.90787745,51.08972644],[13.90957639,51.08986718],[13.9096267,51.08995426],[13.90970735,51.09027554],[13.90986301,51.09059114],[13.9098947,51.09065539],[13.91002467,51.09078567],[13.91004504,51.09079333],[13.91030813,51.09089281],[13.9106435,51.09102515],[13.91059561,51.09135695],[13.9103336,51.09200963],[13.90999599,51.09235724],[13.90992881,51.09261001],[13.91004025,51.09298886],[13.91008195,51.0930507],[13.91026274,51.09331891],[13.91035379,51.09345699],[13.91038767,51.09350555],[13.91061305,51.09381944],[13.91070809,51.09394448],[13.91076395,51.09402179],[13.91077315,51.09402483],[13.91105057,51.09416631],[13.91081055,51.09439476],[13.91034697,51.09481672],[13.91030154,51.09486839],[13.90984112,51.09530445],[13.90968475,51.09545888],[13.909546,51.0955959],[13.90942106,51.09571414],[13.909287,51.09584101],[13.9087804,51.09630965],[13.90889566,51.09635306],[13.90900342,51.0963989],[13.90918087,51.09648093],[13.90931674,51.09653906],[13.90943822,51.09659269],[13.90959642,51.09666428],[13.90978831,51.09675434],[13.90998359,51.09683134],[13.91023024,51.09690969],[13.91015083,51.09694348],[13.91010113,51.09696462],[13.90996678,51.09692402],[13.90979712,51.09702724],[13.90947844,51.09721816],[13.90914407,51.09734957],[13.90892253,51.09734794],[13.90869436,51.09742312],[13.90864217,51.09744418],[13.90855697,51.09751189],[13.90847476,51.09758422],[13.9083235,51.09776298],[13.90825493,51.09779921],[13.90802323,51.0979321],[13.90767601,51.09812482],[13.90760679,51.098167],[13.90741541,51.09832843],[13.90738965,51.09834956],[13.90712088,51.09857165],[13.90696957,51.09864594],[13.90668961,51.09878337],[13.90646154,51.09881356],[13.90640013,51.09882317],[13.90637439,51.09880927],[13.90615728,51.09869847],[13.90580518,51.09859336],[13.90564214,51.09854659],[13.9052897,51.09843629],[13.90527218,51.09843281],[13.90495381,51.09838879],[13.90449029,51.09832456],[13.90436755,51.09831977],[13.90387602,51.09831427],[13.90335996,51.09840133],[13.90334097,51.09841104],[13.90325523,51.09844519],[13.90303088,51.09853614],[13.9024856,51.09915455],[13.90196478,51.09972451],[13.9018993,51.09975222],[13.90170459,51.10002085],[13.9015328,51.10026577],[13.90150751,51.10029033],[13.90143619,51.10036749],[13.90116272,51.10065983],[13.90103386,51.10080331],[13.90074194,51.10110479],[13.90065195,51.10119772],[13.90051598,51.10133814],[13.90022444,51.10171131],[13.89992692,51.10208983],[13.89963292,51.10246407],[13.89957555,51.10248096],[13.89891901,51.10268957],[13.89819983,51.10290823],[13.89815235,51.10292891],[13.89748201,51.10313515],[13.89676633,51.10335129],[13.89640308,51.10346019],[13.89635713,51.10347761],[13.89604617,51.10357592],[13.89532482,51.10379622],[13.89564247,51.10420509],[13.89565398,51.10421988],[13.89597855,51.10463765],[13.89630848,51.10503746],[13.89663569,51.10548199],[13.89694948,51.10587949],[13.89728625,51.10631394],[13.89761679,51.10673492],[13.89794956,51.10714793],[13.89827418,51.10757404],[13.89852973,51.10790948],[13.89859258,51.10799199],[13.89895243,51.10829816],[13.8980047,51.10840151],[13.89723893,51.10867016],[13.89680464,51.10881151],[13.89639765,51.10894404],[13.89647705,51.10899216],[13.89623729,51.10915457],[13.89603042,51.1092666],[13.8958935,51.10931313],[13.89580384,51.10923507],[13.89517249,51.10947135],[13.89513734,51.10948442],[13.89507912,51.10951209],[13.89491899,51.10964047],[13.89463635,51.10991206],[13.89418185,51.11034192],[13.89410967,51.11049459],[13.89396109,51.11080834],[13.89386824,51.11101314],[13.89375277,51.11126247],[13.8933744,51.11122208],[13.89291091,51.1111747],[13.89280698,51.11113202],[13.89247497,51.1113197],[13.89242008,51.11176677],[13.89240864,51.11191735],[13.89242166,51.11203898],[13.892473,51.11248784],[13.89250435,51.11271467],[13.89287442,51.11303445],[13.89286166,51.11312032],[13.89285,51.11319882],[13.89284696,51.11322213],[13.89278794,51.113224],[13.89264019,51.11322868],[13.89219219,51.11325503],[13.89201107,51.11326569],[13.89185003,51.11327292],[13.89125238,51.11330204],[13.89108402,51.11330764],[13.89085707,51.11331528],[13.89059874,51.11332065],[13.89057856,51.11332208],[13.88989926,51.11332751],[13.88925968,51.1133279],[13.88847636,51.11329584],[13.88845472,51.11329599],[13.88820634,51.11327545],[13.88816332,51.11327596],[13.88799763,51.11326131],[13.88794457,51.11325662],[13.88769672,51.11322266],[13.88738047,51.11317486],[13.88737414,51.11318397],[13.88711906,51.11367325],[13.88691948,51.11400942],[13.88686643,51.11410716],[13.88679319,51.11424355],[13.88675397,51.1143083],[13.88672184,51.11436419],[13.88664975,51.11448393],[13.88658794,51.1145987],[13.88657061,51.1146175],[13.88649564,51.11470338],[13.88639431,51.11480819],[13.88632452,51.11488379],[13.88588065,51.11557995],[13.88533292,51.11622413],[13.88485822,51.11687317],[13.8846749,51.1172778],[13.88449184,51.11770162],[13.884308,51.11817777],[13.88413278,51.11856154],[13.88403041,51.11866471],[13.88399171,51.1187037],[13.88346588,51.1192336],[13.8826935,51.11959706],[13.8822578,51.1198416],[13.8817679,51.12043398],[13.88138105,51.12103718],[13.8808986,51.12168162],[13.88059309,51.12215727],[13.88055828,51.12247251],[13.88051387,51.12287488],[13.88050782,51.12288785],[13.88043046,51.12305313],[13.88035069,51.12322356],[13.88023915,51.12346196],[13.87996669,51.12350587],[13.87985314,51.12371375],[13.87937981,51.12425021],[13.87899352,51.12456094],[13.87854455,51.12489533],[13.87794337,51.12514375],[13.87749514,51.12532897],[13.87605898,51.12568529],[13.87527097,51.12591142],[13.87490268,51.12595207],[13.87433884,51.12600122],[13.87426857,51.12603395],[13.87422058,51.12605966],[13.87416166,51.12609044],[13.87410257,51.12612305],[13.87383195,51.12638305],[13.8735362,51.12675297],[13.87339992,51.12696159],[13.87339207,51.1269713],[13.8730417,51.12725113],[13.87265502,51.12739974],[13.87258189,51.12742785],[13.87288294,51.12756189],[13.87269704,51.12772223],[13.87260265,51.12781445],[13.87249411,51.12790997],[13.87238655,51.12815868],[13.87231995,51.12830871],[13.8722726,51.12840712],[13.87222922,51.12851738],[13.87215155,51.12864604],[13.87214414,51.12866302],[13.87205214,51.12882995],[13.87192667,51.12907604],[13.87180611,51.12924657],[13.87176791,51.12929165],[13.87169096,51.12940199],[13.87152846,51.12969987],[13.87144455,51.12985122],[13.87128673,51.13020932],[13.87114336,51.13060323],[13.87089506,51.13143919],[13.87074275,51.1319179],[13.870619,51.13207237],[13.87048598,51.13220811],[13.8703961,51.13240898],[13.87035997,51.13260513],[13.87034966,51.13278849],[13.87040815,51.13301943],[13.87045801,51.13328663],[13.87046227,51.13358672],[13.8704488,51.13376381],[13.87042093,51.133896],[13.87034528,51.13412567],[13.87020724,51.13438962],[13.87010741,51.13452109],[13.86998675,51.13477898],[13.86986333,51.13506906],[13.86982579,51.13514364],[13.86976396,51.13527347],[13.8696784,51.13543498],[13.86962236,51.13555487],[13.86954385,51.13569919],[13.86944107,51.13581605],[13.86947773,51.13582968],[13.869495,51.13583473],[13.86976148,51.13594861],[13.8698741,51.13600074],[13.86997475,51.13604908],[13.87010988,51.13611035],[13.87018465,51.13614425],[13.87035707,51.13622243],[13.87039339,51.13623774],[13.87058673,51.13631196],[13.8705969,51.13631574],[13.87084853,51.13641593],[13.8709106,51.13644066],[13.87108889,51.13651069],[13.87133934,51.13660905],[13.87150974,51.13667293],[13.87159024,51.13670696],[13.87183871,51.13680671],[13.87191203,51.13683313],[13.872092,51.13690731],[13.87231582,51.13699443],[13.87234456,51.13700713],[13.87258773,51.13710975],[13.87272092,51.13716229],[13.87282785,51.13721269],[13.87307674,51.13731294],[13.87311899,51.13733151],[13.87331512,51.13741601],[13.87348579,51.13748965],[13.87355268,51.13751789],[13.87379014,51.1376186],[13.87386749,51.13765135],[13.87398518,51.13769425],[13.87403491,51.13771238],[13.87428369,51.13780333],[13.8743183,51.13781597],[13.87456098,51.13788375],[13.87477317,51.1379425],[13.87485421,51.13795928],[13.87499879,51.1379889],[13.87555742,51.13808541],[13.87629948,51.13819254],[13.87632309,51.13819614],[13.87633557,51.13819124],[13.87650631,51.13813612],[13.87692557,51.13788534],[13.87696967,51.13789469],[13.87719896,51.13794197],[13.87735784,51.13797725],[13.87751411,51.13802015],[13.87777881,51.13811085],[13.87787554,51.13811612],[13.87796316,51.13812118],[13.87807007,51.13812553],[13.87828866,51.13816494],[13.87838196,51.13818165],[13.87860738,51.1382443],[13.87872498,51.13827697],[13.8789256,51.13832322],[13.87899296,51.13833833],[13.87928166,51.13840623],[13.87917787,51.13859114],[13.87907887,51.13876873],[13.87928702,51.1388272],[13.87953783,51.13889764],[13.87963589,51.13892519],[13.87976613,51.1389522],[13.88000042,51.13900078],[13.8800452,51.13901028],[13.88025409,51.13903421],[13.8804704,51.13905894],[13.88069637,51.13908681],[13.88072885,51.13909081],[13.8809467,51.13911661],[13.8810289,51.1391263],[13.88121323,51.13914234],[13.88141819,51.13916508],[13.88145585,51.1391676],[13.88162587,51.13918073],[13.88170845,51.13918682],[13.88179427,51.13918926],[13.88196714,51.13919613],[13.88201065,51.13919936],[13.88222864,51.13920796],[13.88233821,51.13921222],[13.88248424,51.13922003],[13.88264779,51.13922878],[13.88274782,51.13923424],[13.88300739,51.13924849],[13.88315722,51.13925666],[13.88335648,51.13927807],[13.88353421,51.13929693],[13.88367512,51.13931967],[13.8839168,51.13935865],[13.88397734,51.13937235],[13.88422692,51.13942777],[13.88446195,51.13949428],[13.88448124,51.13949977],[13.88474138,51.1395676],[13.88474555,51.13956869],[13.88485933,51.13959088],[13.88501615,51.13962136],[13.885099,51.13963483],[13.88535748,51.13967586],[13.88553006,51.13970716],[13.88558474,51.13971732],[13.88568824,51.13973654],[13.8861276,51.13988984],[13.88659311,51.14007055],[13.88682264,51.14014505],[13.88705502,51.14022089],[13.88728716,51.14029322],[13.8875003,51.14035672],[13.88775036,51.14038172],[13.88792805,51.14039608],[13.88809834,51.14056655],[13.88815598,51.14071135],[13.88823261,51.14090233],[13.88824792,51.14103113],[13.88825131,51.14107563],[13.88830238,51.14125417],[13.88821808,51.1413951],[13.88814514,51.14154125],[13.88818841,51.14173557],[13.88820656,51.14185445],[13.88822522,51.1419767],[13.88826199,51.14210539],[13.88832355,51.14225982],[13.88845044,51.14244671],[13.88860264,51.14265746],[13.88867496,51.14262245],[13.88877068,51.14264989],[13.8889938,51.14271996],[13.88913862,51.14276681],[13.88914569,51.1427785],[13.88917105,51.14281122],[13.8892683,51.14289885],[13.88915719,51.14293357],[13.88896356,51.14299092],[13.88888246,51.14302804],[13.88876692,51.14309692],[13.88843831,51.14324753],[13.88813684,51.143379],[13.88798392,51.14345023],[13.88778335,51.14358452],[13.88753618,51.14374828],[13.8873964,51.14391993],[13.88728098,51.14401885],[13.88720544,51.14412742],[13.88718081,51.14426731],[13.88720152,51.1446213],[13.88729942,51.14476811],[13.88740516,51.14492666],[13.88749999,51.14497146],[13.88764175,51.14499281],[13.88775995,51.14503391],[13.88774397,51.14512426],[13.88771258,51.14521144],[13.88772162,51.1453362],[13.88785141,51.14555313],[13.88799267,51.14582019],[13.88799268,51.14586508],[13.88793144,51.14594267],[13.88782801,51.14601575],[13.88770608,51.14607227],[13.88721382,51.14612599],[13.88698329,51.14610719],[13.88668203,51.14612748],[13.88657401,51.14613475],[13.88637783,51.14619724],[13.88631402,51.14624543],[13.88619557,51.14637085],[13.88610404,51.14639349],[13.88544092,51.14638657],[13.88501097,51.14633344],[13.8844797,51.1464123],[13.88420773,51.14641838],[13.88382655,51.14643512],[13.88374613,51.14646464],[13.8837183,51.14651168],[13.88370155,51.14660141],[13.88369737,51.14666355],[13.88369511,51.14672168],[13.88369535,51.14676195],[13.88370451,51.14681715],[13.88381081,51.14708385],[13.88385371,51.14724897],[13.88391685,51.14751885],[13.88398703,51.1477983],[13.88404607,51.14790411],[13.88410989,51.14806023],[13.88411506,51.14807806],[13.8842512,51.1483771],[13.88433587,51.14858501],[13.88447564,51.14876412],[13.88462026,51.1489385],[13.88463042,51.14903632],[13.88457297,51.14916509],[13.884521,51.14922415],[13.88428155,51.14941289],[13.8841949,51.14949032],[13.88415885,51.14954368],[13.8839145,51.14975629],[13.88385745,51.14981781],[13.88371123,51.14990117],[13.8835782,51.1500588],[13.88346696,51.15018388],[13.88335356,51.1502327],[13.8832881,51.15020687],[13.88318231,51.15020077],[13.88304099,51.15021432],[13.88290971,51.15020314],[13.88271959,51.15019123],[13.88255751,51.15020271],[13.88212437,51.15026564],[13.8816403,51.150186],[13.88151167,51.15017559],[13.88143909,51.15017308],[13.88098433,51.15014091],[13.88084066,51.15009329],[13.88071406,51.15008226],[13.88057007,51.15012752],[13.88050996,51.15016078],[13.8804947,51.15023239],[13.88042416,51.15033025],[13.88041213,51.15048738],[13.88040565,51.15055968],[13.8803385,51.1507634],[13.88025794,51.15090751],[13.88028122,51.15099145],[13.88026093,51.15113146],[13.88028378,51.15134213],[13.88027365,51.1514963],[13.88025208,51.15166244],[13.88028495,51.1517978],[13.88033887,51.15187477],[13.88038563,51.15200905],[13.88037034,51.15203474],[13.8803175,51.15208989],[13.88027177,51.15210681],[13.88014472,51.15216298],[13.88002286,51.15220513],[13.87992333,51.15223251],[13.87971657,51.15227901],[13.87947667,51.15228264],[13.87921332,51.15230215],[13.87908752,51.15232615],[13.87891669,51.15232293],[13.87866067,51.15235025],[13.87846081,51.15236337],[13.87841437,51.1523658],[13.87832144,51.15238708],[13.8782612,51.15241697],[13.87825089,51.15244129],[13.87823664,51.1525176],[13.87833742,51.15263218],[13.87843866,51.15274371],[13.878563,51.15282693],[13.87881926,51.15300999],[13.87903227,51.15317931],[13.87917479,51.15328697],[13.87924792,51.15330436],[13.87926484,51.15334083],[13.87948842,51.15349993],[13.879657,51.1536149],[13.87977897,51.15369383],[13.87981523,51.15369279],[13.87985247,51.15376522],[13.8798559,51.15382846],[13.87980604,51.15405954],[13.87974486,51.1542073],[13.87965193,51.15428477],[13.87957406,51.15431692],[13.87935225,51.15435169],[13.87921385,51.15437544],[13.87908939,51.15441083],[13.87900959,51.1544199],[13.87889749,51.15442329],[13.87886319,51.15438001],[13.87861755,51.15434962],[13.87847276,51.15437722],[13.87822129,51.154452],[13.87802661,51.1545432],[13.87795041,51.15456151],[13.87784756,51.15455837],[13.87766116,51.15455414],[13.87747878,51.15453933],[13.87736851,51.15454992],[13.87713846,51.15462115],[13.87691244,51.15464017],[13.87651831,51.15470673],[13.87620149,51.15475047],[13.87605364,51.1547641],[13.87595579,51.15477268],[13.87582132,51.1548036],[13.87567797,51.15484663],[13.87554705,51.15490515],[13.87539181,51.15499313],[13.87520821,51.1550728],[13.87499501,51.15522703],[13.8748729,51.15534556],[13.87473961,51.15551746],[13.87468214,51.15562594],[13.8746028,51.15578623],[13.87454515,51.1558523],[13.87440936,51.15599237],[13.87437136,51.15607643],[13.87436816,51.15608351],[13.87434648,51.15611702],[13.87432018,51.15615518],[13.87429109,51.15620647],[13.87424396,51.15625981],[13.87419068,51.156328],[13.87415199,51.15637606],[13.87411732,51.15643573],[13.87403368,51.1565887],[13.87400836,51.15664573],[13.87390624,51.15681222],[13.87388881,51.15686836],[13.87378893,51.15697484],[13.87374188,51.15701752],[13.87363932,51.15708028],[13.87355693,51.15710526],[13.87347822,51.15709893],[13.87324571,51.1569858],[13.87303971,51.15691903],[13.87274885,51.1568082],[13.87251041,51.15672813],[13.87224975,51.15661992],[13.87195996,51.15648743],[13.87191637,51.1564542],[13.87187092,51.1564062],[13.87173022,51.15641703],[13.87168698,51.15640401],[13.87154067,51.15640193],[13.87152806,51.15642158],[13.87143573,51.15641144],[13.871063,51.15642142],[13.87093101,51.15641457],[13.87084068,51.1564108],[13.87065499,51.15646449],[13.87048813,51.15651274],[13.87037719,51.15651516],[13.87028719,51.15650858],[13.86987496,51.15639257],[13.86976311,51.15633943],[13.86965007,51.15626003],[13.8696066,51.1562214],[13.86957742,51.15618111],[13.86954138,51.15609434],[13.86950371,51.15598406],[13.86944141,51.15592095],[13.86929593,51.15581391],[13.86918801,51.15575022],[13.8690923,51.155705],[13.86891028,51.15562398],[13.86880462,51.15555851],[13.8685372,51.15542675],[13.86836635,51.15538104],[13.86804594,51.15525896],[13.86794407,51.15523],[13.86760888,51.15526408],[13.86743981,51.1552742],[13.86727995,51.15528379],[13.86722015,51.15532584],[13.86720308,51.15531987],[13.8670315,51.15532991],[13.86669688,51.15532788],[13.86654858,51.15532202],[13.86643533,51.15532064],[13.86628323,51.15533093],[13.86583129,51.15538049],[13.86559199,51.15540309],[13.86537256,51.15542381],[13.86526496,51.15543643],[13.86520056,51.155452],[13.86507793,51.15547923],[13.86500428,51.15549558],[13.86490294,51.15552009],[13.86478709,51.15554032],[13.86460752,51.15560014],[13.8644986,51.15564187],[13.86435623,51.15571304],[13.86425102,51.15576112],[13.86418682,51.15579995],[13.8641648,51.15581626],[13.86380358,51.15606922],[13.86361198,51.156195],[13.86359953,51.15623311],[13.86355452,51.15626955],[13.86348359,51.15634296],[13.86341996,51.15637773],[13.86333736,51.1564306],[13.86325837,51.15648673],[13.8631702,51.1565694],[13.8630974,51.15665671],[13.862809,51.15689358],[13.862673,51.15694946],[13.8626995,51.15697171],[13.86271975,51.15703475],[13.86276283,51.15710317],[13.86276737,51.15720127],[13.86273232,51.15727551],[13.86264769,51.15732693],[13.86258466,51.15733773],[13.86247546,51.15734364],[13.86240738,51.15736496],[13.86219821,51.15733794],[13.86179486,51.15730006],[13.86149595,51.15726814],[13.86114908,51.15721214],[13.86096641,51.15718371],[13.86092808,51.15716607],[13.86088108,51.15717965],[13.86082685,51.15719037],[13.86075686,51.15723353],[13.86070675,51.15731357],[13.86067325,51.15741396],[13.8606844,51.15742576],[13.86068012,51.15745159],[13.86064219,51.15749221],[13.86060872,51.15757459],[13.86056011,51.15767366],[13.86042428,51.15785046],[13.86031315,51.15804277],[13.86030567,51.15806901],[13.86028065,51.1580589],[13.86025522,51.15804515],[13.86022286,51.15802858],[13.86003367,51.15811124],[13.85996516,51.15801887],[13.85981271,51.15780627],[13.85959378,51.15769834],[13.85936457,51.15757609],[13.85890939,51.15726849],[13.85888841,51.15725579],[13.85882684,51.15721948],[13.85870553,51.15714778],[13.85849521,51.15701758],[13.85831923,51.15688407],[13.85818805,51.15675728],[13.85787512,51.15645374],[13.85774257,51.15636546],[13.85728944,51.15608898],[13.85720151,51.15614861],[13.85696688,51.15600969],[13.85674557,51.15586445],[13.85638957,51.15572818],[13.85611063,51.15562489],[13.85591164,51.15556694],[13.85576725,51.15552896],[13.85560285,51.15547361],[13.85543515,51.15540899],[13.85531745,51.1553621],[13.85515107,51.15528346],[13.85512077,51.15526893],[13.85477923,51.15509238],[13.85453928,51.15500658],[13.85442025,51.15496495],[13.85438927,51.15495433],[13.85396162,51.15482186],[13.85395021,51.15481836],[13.85393988,51.15481509],[13.85387712,51.15479838],[13.8538681,51.15479603],[13.85362381,51.15472867],[13.85323741,51.15461999],[13.85282908,51.15449735],[13.85209237,51.15408746],[13.85183834,51.15398438],[13.85170264,51.1539263],[13.85142473,51.15378174],[13.8511669,51.1536328],[13.85098056,51.15353753],[13.85073318,51.15341929],[13.8504446,51.15330803],[13.85015451,51.15318323],[13.84976244,51.1530567],[13.84945351,51.15295306],[13.84919725,51.15287242],[13.84879487,51.15277041],[13.8487657,51.15276303],[13.84849703,51.15269504],[13.84803005,51.15262089],[13.84786797,51.15259684],[13.84765529,51.15255224],[13.84734485,51.15249451],[13.84711937,51.15243474],[13.84686965,51.15236847],[13.84661056,51.15228841],[13.84640392,51.15219899],[13.84613851,51.15215944],[13.84588939,51.15212306],[13.84565596,51.15208717],[13.8453687,51.15203901],[13.84519002,51.15198874],[13.84498993,51.15192494],[13.84493054,51.15188304],[13.84481705,51.15181605],[13.84467636,51.15174485],[13.8445447,51.15168141],[13.84440298,51.15162883],[13.84427398,51.15161],[13.8440011,51.15156808],[13.84393291,51.15165806],[13.84378214,51.15182162],[13.84361126,51.15197915],[13.84349175,51.15202955],[13.84336491,51.15196141],[13.84335858,51.15196608],[13.84290076,51.1521883],[13.84285116,51.15214438],[13.84266526,51.15197999],[13.84254009,51.15176163],[13.84247555,51.15164669],[13.84244777,51.15157387],[13.8424236,51.15149818],[13.84238453,51.15137665],[13.84231911,51.15129056],[13.84219987,51.15116974],[13.8421434,51.15114728],[13.84218841,51.15112504],[13.84213241,51.15108067],[13.84200969,51.15098341],[13.84188398,51.15090168],[13.84175039,51.15079388],[13.84148588,51.15056172],[13.84124769,51.15031052],[13.84109131,51.15014392],[13.84095531,51.1500215],[13.84077459,51.14982732],[13.84056315,51.14962879],[13.8405254,51.14959332],[13.84026818,51.14932162],[13.84021331,51.14927119],[13.84022586,51.14926579],[13.84033937,51.14914993],[13.84034709,51.14910609],[13.84029112,51.14903687],[13.84015505,51.14895281],[13.84013164,51.14889783],[13.84005369,51.14883496],[13.84002322,51.1487754],[13.84002173,51.14871964],[13.83976915,51.14879834],[13.8392836,51.14866166],[13.8393171,51.1484451],[13.83932941,51.14833998],[13.83934063,51.14833971],[13.8393382,51.14829928],[13.83928087,51.1480945],[13.83924956,51.14794281],[13.83924514,51.14792137],[13.83919314,51.147825],[13.8391515,51.14776701],[13.83914549,51.14775865],[13.8390766,51.1476062],[13.83898844,51.14724213],[13.83892862,51.14708956],[13.83892106,51.14699795],[13.83893835,51.14688078],[13.83896682,51.14680701],[13.83898187,51.14674305],[13.8389866,51.14666074],[13.83897367,51.14659546],[13.83888393,51.14645353],[13.83882981,51.14634216],[13.8388239,51.14634437],[13.83876229,51.1463672],[13.83872113,51.14638244],[13.83869868,51.14639068],[13.83866762,51.14636926],[13.83849783,51.14643015],[13.83777228,51.14665222],[13.83718846,51.14677485],[13.83715645,51.14678262],[13.8366264,51.14691121],[13.83607749,51.14709698],[13.83546078,51.14727336],[13.83543559,51.14725204],[13.83541527,51.14723483],[13.83505714,51.14696489],[13.83478676,51.14675572],[13.83452609,51.14663577],[13.83450768,51.1466273],[13.83413688,51.14655478],[13.83396655,51.14652147],[13.83307068,51.14635237],[13.83279505,51.14629924],[13.83241155,51.14607317],[13.83198009,51.14582827],[13.83164908,51.14563475],[13.83111847,51.14535695]]]}}]}
