{"type":"FeatureCollection","meta":{"schema_version":1,"year":2025,"scope":"Dresden Stadtteile","feature_count":61,"district_count":61,"crime_source":"Polizei Sachsen: Kriminalitätsatlas 2025 – Großstädte","crime_source_url":"https://www.polizei.sachsen.de/de/download/PKS-Atlas25_Grossstaedte.pdf","geometry_source":"Landeshauptstadt Dresden OpenData WFS: Stadtteile","geometry_source_url":"https://kommisdd.dresden.de/net3/public/ogc.ashx?NODEID=188&SERVICE=WFS","note":"Local violence uses 'Rohheitsdelikte und Straftaten gegen die persönliche Freiheit' as a proxy; it is not identical to BKA Gewaltkriminalität. Population is back-calculated from the atlas total-case frequency."},"features":[{"type":"Feature","id":"dresden-15","properties":{"city":"Dresden","state":"Sachsen","code":"15","name":"Albertstadt","name_atlas":"Albertstadt","population_est":5156,"crime_total":{"cases":568,"rate":11016.0},"homicide":{"cases":0,"rate":0.0},"sexual":{"cases":10,"rate":193.9},"violence_proxy":{"cases":76,"rate":1474.0},"property_total":{"cases":180,"rate":3491.1},"simple_theft":{"cases":69,"rate":1338.2},"aggravated_theft":{"cases":111,"rate":2152.8},"fraud":{"cases":94,"rate":1823.1},"other_stgb":{"cases":145,"rate":2812.3},"secondary_law":{"cases":63,"rate":1221.9}},"geometry":{"type":"Polygon","coordinates":[[[13.762093,51.073389],[13.761965,51.072935],[13.761937,51.072877],[13.761922,51.072847],[13.761813,51.072706],[13.761619,51.072489],[13.761409,51.072271],[13.761288,51.072157],[13.761255,51.072126],[13.761217,51.072182],[13.761147,51.072283],[13.761056,51.07242],[13.761011,51.072493],[13.760983,51.072539],[13.760848,51.072719],[13.760807,51.072774],[13.76077,51.072743],[13.760545,51.072553],[13.760422,51.072453],[13.760121,51.072203],[13.760121,51.072203],[13.760029,51.072131],[13.759939,51.071944],[13.759856,51.071774],[13.759742,51.071536],[13.759709,51.071469],[13.759475,51.071115],[13.759467,51.071105],[13.759434,51.071057],[13.758506,51.071342],[13.758489,51.071362],[13.758441,51.071416],[13.758495,51.07151],[13.758497,51.071513],[13.758557,51.071598],[13.758536,51.071675],[13.758532,51.071689],[13.758531,51.071691],[13.758495,51.071778],[13.758444,51.07184],[13.758244,51.071987],[13.758217,51.072004],[13.757993,51.072143],[13.757989,51.072145],[13.75798,51.072149],[13.757807,51.072231],[13.757784,51.072242],[13.75761,51.072307],[13.757502,51.072348],[13.757591,51.072469],[13.75704,51.072637],[13.75568,51.073053],[13.755605,51.07311],[13.755608,51.073067],[13.756049,51.072913],[13.755932,51.072875],[13.755553,51.072425],[13.754467,51.071138],[13.754207,51.071221],[13.753353,51.071493],[13.753337,51.071498],[13.753339,51.071501],[13.753414,51.071586],[13.753418,51.071591],[13.753707,51.071945],[13.753184,51.072119],[13.75244,51.072367],[13.751989,51.072517],[13.751843,51.072575],[13.751909,51.072647],[13.75226,51.073034],[13.75265,51.073489],[13.752995,51.073851],[13.753294,51.074211],[13.753441,51.074373],[13.753585,51.074531],[13.75381,51.074759],[13.754107,51.075071],[13.75483,51.07586],[13.755514,51.076648],[13.754645,51.076956],[13.753777,51.077265],[13.75363,51.077318],[13.753457,51.077381],[13.75345,51.077383],[13.753436,51.077388],[13.753417,51.077395],[13.753131,51.077493],[13.752771,51.077624],[13.752421,51.077747],[13.752242,51.077811],[13.751773,51.078002],[13.751645,51.078065],[13.751555,51.07814],[13.751338,51.078366],[13.751116,51.078287],[13.751065,51.078272],[13.750992,51.078141],[13.750841,51.077875],[13.750619,51.077946],[13.750602,51.077952],[13.749719,51.078238],[13.749699,51.078245],[13.749668,51.078255],[13.749389,51.078345],[13.749376,51.078349],[13.749203,51.078405],[13.749047,51.078457],[13.749024,51.078466],[13.748709,51.078598],[13.748697,51.078604],[13.748476,51.078696],[13.748238,51.078796],[13.747912,51.078931],[13.747637,51.079047],[13.747319,51.079181],[13.747305,51.079188],[13.747141,51.079257],[13.747049,51.079345],[13.746896,51.079313],[13.746848,51.079378],[13.746795,51.079484],[13.746679,51.079691],[13.74647,51.080063],[13.746021,51.080739],[13.745469,51.081449],[13.745264,51.08172],[13.745145,51.081878],[13.744773,51.082328],[13.744107,51.083132],[13.743818,51.083457],[13.743541,51.083744],[13.742929,51.084381],[13.742745,51.084568],[13.742852,51.084664],[13.74311,51.084831],[13.743387,51.085036],[13.743731,51.085242],[13.743884,51.085352],[13.743909,51.085371],[13.744008,51.085431],[13.744128,51.085503],[13.744226,51.085562],[13.744388,51.085621],[13.744611,51.0857],[13.74457,51.085744],[13.744192,51.08615],[13.743748,51.086635],[13.743718,51.086683],[13.743698,51.086739],[13.74368,51.086838],[13.743716,51.086944],[13.743759,51.087025],[13.743849,51.087114],[13.744027,51.087279],[13.744143,51.087387],[13.744186,51.087457],[13.744171,51.087529],[13.744129,51.087608],[13.743998,51.087763],[13.743552,51.08825],[13.743423,51.08839],[13.742887,51.08897],[13.742514,51.089352],[13.742322,51.089538],[13.742248,51.089602],[13.742179,51.089646],[13.742289,51.089733],[13.742304,51.089743],[13.74234,51.089766],[13.742607,51.089893],[13.743402,51.090201],[13.74409,51.090486],[13.744165,51.090517],[13.744293,51.09057],[13.744879,51.090814],[13.745726,51.091165],[13.745904,51.091239],[13.746058,51.091303],[13.746194,51.091359],[13.746358,51.091411],[13.74637,51.091415],[13.746382,51.091419],[13.746453,51.091448],[13.746476,51.091457],[13.746938,51.091419],[13.747125,51.091335],[13.747249,51.09124],[13.747989,51.091117],[13.748306,51.091063],[13.748478,51.091042],[13.748705,51.091029],[13.748963,51.091014],[13.749133,51.091004],[13.749134,51.090965],[13.749509,51.090978],[13.749578,51.090992],[13.749798,51.091034],[13.75026,51.091133],[13.750634,51.091059],[13.750871,51.091024],[13.751349,51.090992],[13.751827,51.090982],[13.751835,51.090996],[13.751841,51.091005],[13.751794,51.09101],[13.751945,51.091177],[13.752403,51.091234],[13.752674,51.091131],[13.753015,51.090997],[13.753273,51.091282],[13.75333,51.091345],[13.753639,51.09165],[13.753502,51.091702],[13.75374,51.091945],[13.753802,51.092012],[13.753935,51.092157],[13.754144,51.092372],[13.754007,51.092416],[13.753989,51.092557],[13.753995,51.092786],[13.754026,51.092818],[13.754041,51.092834],[13.753933,51.092863],[13.753932,51.092901],[13.753938,51.092994],[13.753858,51.093165],[13.753823,51.093408],[13.753848,51.093536],[13.753889,51.093639],[13.753931,51.093697],[13.754014,51.0937],[13.754094,51.093671],[13.754104,51.093692],[13.754113,51.093711],[13.754045,51.093748],[13.754095,51.093814],[13.754229,51.093995],[13.75436,51.09414],[13.754612,51.094375],[13.75476,51.094317],[13.754779,51.094334],[13.754807,51.09436],[13.754972,51.094456],[13.755058,51.094515],[13.755212,51.094534],[13.755599,51.094508],[13.756204,51.094457],[13.756491,51.094453],[13.756661,51.094454],[13.756783,51.094448],[13.7569,51.094401],[13.756921,51.094407],[13.756957,51.094417],[13.7587,51.094484],[13.758867,51.094498],[13.759092,51.094395],[13.759202,51.094437],[13.759226,51.094447],[13.759386,51.094548],[13.759723,51.09457],[13.759966,51.094572],[13.760208,51.094577],[13.760502,51.09458],[13.760721,51.094573],[13.761168,51.094515],[13.761262,51.094504],[13.761411,51.094487],[13.761492,51.094436],[13.761534,51.094448],[13.761583,51.094462],[13.762109,51.09439],[13.762496,51.094349],[13.762879,51.094285],[13.763206,51.094248],[13.763483,51.094151],[13.763833,51.094022],[13.764001,51.093951],[13.764211,51.094136],[13.764308,51.094118],[13.764352,51.094123],[13.764408,51.09413],[13.764965,51.094203],[13.7653,51.094271],[13.76582,51.094456],[13.765908,51.09467],[13.765925,51.094711],[13.766167,51.094679],[13.766559,51.094795],[13.76691,51.094741],[13.766895,51.094701],[13.766725,51.094317],[13.766637,51.09416],[13.766574,51.094079],[13.76659,51.094077],[13.766633,51.09407],[13.766718,51.094057],[13.766545,51.093755],[13.766397,51.093416],[13.766394,51.09341],[13.766238,51.092981],[13.766155,51.092797],[13.766018,51.092549],[13.765991,51.092507],[13.766123,51.092472],[13.766122,51.092467],[13.766029,51.092123],[13.765911,51.091797],[13.765778,51.091564],[13.765581,51.091335],[13.765352,51.091027],[13.765303,51.091023],[13.765194,51.09089],[13.765014,51.0907],[13.764691,51.090325],[13.764648,51.09023],[13.764655,51.09013],[13.764995,51.0905],[13.766048,51.091646],[13.766777,51.092448],[13.767603,51.093357],[13.767647,51.093403],[13.767734,51.093493],[13.767741,51.093499],[13.76785,51.093612],[13.768072,51.093842],[13.768323,51.094062],[13.768706,51.094398],[13.769149,51.094787],[13.770009,51.095414],[13.770269,51.095575],[13.770549,51.095749],[13.770723,51.095857],[13.770726,51.095859],[13.770854,51.095931],[13.771003,51.096016],[13.771126,51.096086],[13.771236,51.096148],[13.771288,51.096173],[13.772327,51.096685],[13.772327,51.096685],[13.772515,51.096778],[13.772535,51.096788],[13.772621,51.096564],[13.77266,51.096463],[13.772739,51.096254],[13.772859,51.096091],[13.772893,51.096044],[13.773099,51.095942],[13.77389,51.095789],[13.774258,51.095709],[13.774899,51.095502],[13.775213,51.095392],[13.775349,51.095302],[13.775836,51.094864],[13.77599,51.094646],[13.776031,51.094513],[13.776047,51.094455],[13.776042,51.094382],[13.776042,51.094376],[13.776008,51.094147],[13.776105,51.094099],[13.776336,51.093982],[13.776667,51.093926],[13.777257,51.093935],[13.777629,51.093928],[13.778005,51.093948],[13.778486,51.093808],[13.779143,51.093764],[13.779835,51.09367],[13.780488,51.0937],[13.781289,51.093638],[13.781537,51.093579],[13.781681,51.093509],[13.782256,51.093268],[13.782603,51.092942],[13.783217,51.092616],[13.783524,51.092469],[13.783939,51.092293],[13.78444,51.092183],[13.784558,51.092152],[13.784776,51.09207],[13.785069,51.091946],[13.785289,51.091813],[13.785437,51.091687],[13.785633,51.091511],[13.785873,51.091318],[13.786072,51.091212],[13.786435,51.091056],[13.78661,51.090974],[13.786712,51.090901],[13.786844,51.090807],[13.788051,51.090732],[13.788824,51.090311],[13.788827,51.09031],[13.788809,51.0903],[13.788647,51.090206],[13.78818,51.089877],[13.787704,51.089623],[13.787626,51.089567],[13.787396,51.089488],[13.787095,51.089361],[13.786855,51.089272],[13.78682,51.089245],[13.786737,51.089134],[13.786744,51.089127],[13.786778,51.089095],[13.786811,51.089063],[13.786932,51.088948],[13.789609,51.086399],[13.791084,51.084991],[13.791362,51.084719],[13.792855,51.083173],[13.792881,51.083149],[13.793229,51.08281],[13.793626,51.082427],[13.794008,51.082052],[13.794394,51.081679],[13.794773,51.08131],[13.795222,51.080873],[13.795503,51.080599],[13.795796,51.080333],[13.795799,51.080311],[13.796203,51.079944],[13.796653,51.07952],[13.797256,51.078928],[13.797943,51.078275],[13.798413,51.07782],[13.798774,51.077479],[13.798845,51.077508],[13.798917,51.077438],[13.799315,51.077056],[13.799454,51.077113],[13.799556,51.077155],[13.800062,51.076671],[13.800164,51.076611],[13.800121,51.076584],[13.799892,51.076465],[13.799497,51.076279],[13.798856,51.076013],[13.797703,51.075535],[13.7973,51.075372],[13.796653,51.07506],[13.796578,51.075106],[13.796434,51.07509],[13.795768,51.075144],[13.795696,51.075148],[13.795661,51.07515],[13.79487,51.075193],[13.794141,51.075274],[13.793898,51.075294],[13.7938,51.075302],[13.79337,51.075337],[13.792846,51.075348],[13.792445,51.075247],[13.792049,51.075121],[13.791438,51.075526],[13.790992,51.07585],[13.790921,51.075804],[13.790905,51.075814],[13.790892,51.075823],[13.790782,51.075887],[13.790565,51.076018],[13.790089,51.076322],[13.789994,51.076399],[13.789568,51.076144],[13.789192,51.075919],[13.788733,51.075644],[13.788272,51.075367],[13.787716,51.074907],[13.787508,51.07476],[13.787291,51.074623],[13.786949,51.074406],[13.786421,51.074075],[13.785939,51.073727],[13.785495,51.073326],[13.784995,51.072931],[13.784951,51.072907],[13.78493,51.072927],[13.78478,51.073074],[13.784637,51.073209],[13.784498,51.073346],[13.784327,51.073508],[13.784194,51.073623],[13.784128,51.073643],[13.784079,51.073642],[13.783969,51.073637],[13.783892,51.073628],[13.783824,51.073617],[13.783731,51.073577],[13.783565,51.073487],[13.783374,51.07338],[13.783123,51.073242],[13.78279,51.073063],[13.782646,51.072977],[13.782527,51.072907],[13.782309,51.072784],[13.782105,51.07267],[13.782055,51.072643],[13.78186,51.072549],[13.781588,51.072442],[13.781379,51.072357],[13.781312,51.07233],[13.781295,51.072316],[13.781245,51.072276],[13.781183,51.072154],[13.78111,51.07199],[13.781091,51.071953],[13.78095,51.071676],[13.78095,51.071675],[13.78084,51.071463],[13.780749,51.071273],[13.780684,51.071139],[13.780649,51.07106],[13.780578,51.07094],[13.780544,51.070866],[13.780499,51.070769],[13.779746,51.070746],[13.779598,51.070721],[13.779478,51.070686],[13.779164,51.070589],[13.77877,51.070474],[13.778579,51.070397],[13.778276,51.070294],[13.778146,51.07028],[13.778027,51.070257],[13.777796,51.070203],[13.777274,51.070079],[13.776614,51.069939],[13.776416,51.069901],[13.776396,51.069897],[13.775787,51.069771],[13.775626,51.069754],[13.775612,51.069752],[13.775603,51.069751],[13.775315,51.069718],[13.774946,51.069662],[13.774757,51.069627],[13.773168,51.069879],[13.772847,51.06993],[13.772829,51.069933],[13.772286,51.070019],[13.772109,51.070048],[13.77216,51.070172],[13.772177,51.070214],[13.772182,51.070224],[13.772186,51.070236],[13.771959,51.070277],[13.771719,51.07032],[13.771659,51.070331],[13.77163,51.070336],[13.771622,51.070337],[13.77123,51.070408],[13.770915,51.070465],[13.770583,51.070525],[13.770091,51.070492],[13.769529,51.070453],[13.769144,51.070493],[13.768741,51.070532],[13.768661,51.070539],[13.768411,51.070563],[13.768358,51.070569],[13.768348,51.070571],[13.76798,51.070605],[13.767611,51.070639],[13.767223,51.070677],[13.766996,51.0707],[13.766852,51.070715],[13.766251,51.070778],[13.765938,51.070811],[13.76593,51.070811],[13.76584,51.070819],[13.765737,51.070827],[13.765262,51.070883],[13.765001,51.070913],[13.764923,51.070998],[13.764881,51.071044],[13.764572,51.07138],[13.764543,51.071411],[13.765159,51.071666],[13.765235,51.071697],[13.765441,51.071782],[13.765534,51.071811],[13.765349,51.072298],[13.765276,51.072491],[13.765226,51.072814],[13.765297,51.072961],[13.765551,51.073259],[13.764336,51.073655],[13.763481,51.073934],[13.763343,51.073978],[13.762953,51.074106],[13.762694,51.074196],[13.762525,51.074255],[13.7625,51.074264],[13.762461,51.074278],[13.762378,51.074058],[13.76233,51.07397],[13.76234,51.073956],[13.762279,51.073846],[13.762157,51.073576],[13.762106,51.073436],[13.762093,51.073389]]]}},{"type":"Feature","id":"dresden-99","properties":{"city":"Dresden","state":"Sachsen","code":"99","name":"Altfranken/Gompitz mit Ockerwitz, Pennrich, Roitzsch, Steinbach, Unkersdorf und Zöllmen","name_atlas":"Gompitz/Ockerwitz/Pennrich/Zöllmen/Steinbach/","population_est":4340,"crime_total":{"cases":139,"rate":3203.0},"homicide":{"cases":0,"rate":0.0},"sexual":{"cases":4,"rate":92.2},"violence_proxy":{"cases":17,"rate":391.7},"property_total":{"cases":54,"rate":1244.2},"simple_theft":{"cases":24,"rate":553.0},"aggravated_theft":{"cases":30,"rate":691.2},"fraud":{"cases":21,"rate":483.9},"other_stgb":{"cases":40,"rate":921.7},"secondary_law":{"cases":3,"rate":69.1}},"geometry":{"type":"Polygon","coordinates":[[[13.6267,51.050585],[13.626729,51.050579],[13.626816,51.050635],[13.627158,51.050724],[13.627329,51.050799],[13.62751,51.050879],[13.627894,51.05095],[13.628116,51.050974],[13.628278,51.050992],[13.62844,51.051023],[13.628703,51.05104],[13.628954,51.051115],[13.629184,51.051248],[13.629285,51.051307],[13.629339,51.051373],[13.62929,51.051442],[13.629229,51.051527],[13.629165,51.051668],[13.629095,51.051768],[13.628992,51.051924],[13.628977,51.051947],[13.628975,51.05195],[13.628935,51.052003],[13.628888,51.052066],[13.628877,51.052138],[13.628868,51.052196],[13.628864,51.052223],[13.628861,51.052246],[13.628861,51.052348],[13.628861,51.052552],[13.628885,51.052595],[13.629028,51.052597],[13.629023,51.052879],[13.629047,51.053252],[13.6291,51.053355],[13.629159,51.05347],[13.629175,51.0535],[13.629303,51.053626],[13.629423,51.053731],[13.629584,51.053797],[13.629782,51.053839],[13.629876,51.053871],[13.630107,51.05395],[13.630226,51.054088],[13.630264,51.054131],[13.630438,51.054226],[13.630503,51.054253],[13.630579,51.054285],[13.630644,51.054311],[13.630945,51.054382],[13.631029,51.054392],[13.631057,51.054304],[13.631129,51.054296],[13.631607,51.054231],[13.63193,51.054188],[13.632271,51.054183],[13.632461,51.054212],[13.632599,51.054236],[13.632808,51.054295],[13.632888,51.054338],[13.632957,51.054368],[13.633015,51.054393],[13.633084,51.054433],[13.633237,51.054569],[13.63327,51.054639],[13.633273,51.054688],[13.633189,51.054784],[13.633108,51.054922],[13.63304,51.054991],[13.632871,51.055063],[13.63275,51.05517],[13.632683,51.055236],[13.632552,51.0552],[13.632508,51.055262],[13.632384,51.055428],[13.632439,51.055583],[13.632512,51.055656],[13.632631,51.055775],[13.632695,51.055871],[13.632723,51.055913],[13.632934,51.056134],[13.632982,51.056184],[13.633113,51.05632],[13.633442,51.056399],[13.633791,51.056523],[13.634013,51.05666],[13.634113,51.056596],[13.634288,51.056654],[13.634345,51.056675],[13.634324,51.056697],[13.634322,51.056768],[13.634206,51.05682],[13.634281,51.056885],[13.634319,51.057041],[13.634213,51.05719],[13.634079,51.057442],[13.634011,51.057601],[13.634015,51.057677],[13.634093,51.057767],[13.634433,51.057936],[13.634965,51.058089],[13.635504,51.058242],[13.635898,51.058295],[13.636123,51.05828],[13.636321,51.058206],[13.636485,51.058133],[13.636566,51.058076],[13.636703,51.05798],[13.637219,51.057959],[13.63737,51.057988],[13.637735,51.058056],[13.638094,51.058156],[13.638172,51.05819],[13.638217,51.058247],[13.638216,51.058265],[13.638215,51.058346],[13.638315,51.058396],[13.638348,51.058413],[13.638354,51.058435],[13.63839,51.058586],[13.638324,51.058645],[13.638755,51.058867],[13.638907,51.058926],[13.639007,51.058951],[13.63909,51.058962],[13.639131,51.058967],[13.639218,51.058975],[13.639322,51.058973],[13.639416,51.058965],[13.639517,51.058939],[13.639616,51.058882],[13.639906,51.058654],[13.639999,51.058587],[13.640132,51.058532],[13.640259,51.058496],[13.640469,51.058492],[13.640747,51.058507],[13.640847,51.058512],[13.641162,51.058533],[13.64132,51.058553],[13.641502,51.05859],[13.641656,51.058635],[13.641815,51.058663],[13.641811,51.058693],[13.641779,51.0588],[13.641789,51.058824],[13.641822,51.058837],[13.641881,51.058847],[13.641884,51.058848],[13.64261,51.058972],[13.642692,51.058989],[13.642898,51.059028],[13.642941,51.058942],[13.642962,51.058944],[13.643031,51.05895],[13.643177,51.058997],[13.643403,51.059014],[13.64342,51.059012],[13.643475,51.059003],[13.643521,51.058995],[13.643556,51.058989],[13.64359,51.059014],[13.643611,51.059017],[13.643665,51.05905],[13.643727,51.059092],[13.644029,51.059273],[13.644216,51.059402],[13.644244,51.059421],[13.644268,51.059438],[13.644385,51.059509],[13.64453,51.059632],[13.644628,51.059766],[13.644819,51.060029],[13.644842,51.060124],[13.644877,51.060267],[13.644952,51.060329],[13.645063,51.06042],[13.645308,51.060619],[13.645672,51.060835],[13.645688,51.060844],[13.645981,51.061009],[13.646158,51.06111],[13.646506,51.060818],[13.646826,51.060549],[13.647029,51.060378],[13.647238,51.060207],[13.647241,51.060195],[13.647335,51.059879],[13.647432,51.059554],[13.647516,51.059228],[13.647583,51.058971],[13.64757,51.058882],[13.647612,51.058879],[13.647822,51.058297],[13.647861,51.058189],[13.647902,51.058048],[13.647964,51.057967],[13.64797,51.05795],[13.647989,51.057893],[13.648022,51.057797],[13.648033,51.057765],[13.648052,51.057706],[13.64807,51.057649],[13.6481,51.057558],[13.64813,51.057466],[13.64813,51.057465],[13.648151,51.057441],[13.648168,51.057412],[13.648259,51.057284],[13.648219,51.057198],[13.648279,51.057187],[13.648302,51.05714],[13.648433,51.056945],[13.64847,51.05689],[13.648505,51.056827],[13.64852,51.056797],[13.648533,51.056768],[13.648595,51.056609],[13.648715,51.056173],[13.648773,51.055998],[13.648828,51.055832],[13.64914,51.055175],[13.649293,51.054853],[13.649432,51.054496],[13.649473,51.05432],[13.649499,51.054114],[13.649545,51.054017],[13.649568,51.053928],[13.649583,51.053867],[13.649607,51.053791],[13.649703,51.053484],[13.649709,51.053463],[13.649851,51.052978],[13.649873,51.052902],[13.649925,51.052819],[13.649943,51.052771],[13.650025,51.052553],[13.650072,51.052438],[13.650076,51.052431],[13.650173,51.052232],[13.650347,51.051835],[13.65048,51.051534],[13.650481,51.051533],[13.650624,51.051204],[13.650644,51.051151],[13.650761,51.050811],[13.650874,51.050482],[13.651042,51.050077],[13.651231,51.049615],[13.651273,51.049524],[13.65099,51.049444],[13.650958,51.049427],[13.650531,51.049311],[13.650321,51.049265],[13.650274,51.04925],[13.649899,51.049152],[13.649337,51.049054],[13.649416,51.048912],[13.649437,51.048876],[13.649484,51.048791],[13.64949,51.048793],[13.649532,51.048707],[13.649541,51.048691],[13.649721,51.048376],[13.650819,51.046397],[13.650839,51.04636],[13.65094,51.046178],[13.651053,51.046123],[13.651026,51.046102],[13.650844,51.045945],[13.650752,51.045865],[13.650636,51.045918],[13.650474,51.045885],[13.650338,51.045866],[13.650268,51.045849],[13.649796,51.045738],[13.649802,51.045692],[13.649816,51.045578],[13.649846,51.045507],[13.649915,51.045345],[13.649949,51.045263],[13.649969,51.045217],[13.650096,51.045176],[13.650024,51.045087],[13.650075,51.044967],[13.650002,51.044873],[13.650131,51.044834],[13.650155,51.044779],[13.650185,51.044688],[13.65026,51.044463],[13.650268,51.044438],[13.650289,51.044354],[13.650338,51.044152],[13.650425,51.043695],[13.650428,51.043544],[13.650431,51.043355],[13.65043,51.043205],[13.65041,51.043055],[13.650352,51.04287],[13.650161,51.04251],[13.649923,51.042118],[13.649854,51.041988],[13.64971,51.041761],[13.649689,51.041729],[13.649649,51.041665],[13.649557,51.041545],[13.649474,51.041451],[13.649403,51.041371],[13.649274,51.041226],[13.649212,51.041121],[13.64913,51.040983],[13.649055,51.0409],[13.648973,51.040821],[13.648949,51.040798],[13.648785,51.04071],[13.648774,51.040704],[13.648626,51.040625],[13.648615,51.040621],[13.648602,51.040616],[13.648519,51.040595],[13.648294,51.04054],[13.648082,51.040487],[13.648042,51.040477],[13.647801,51.040418],[13.64741,51.040322],[13.647172,51.040263],[13.647107,51.040247],[13.647031,51.040222],[13.646993,51.040163],[13.646985,51.040151],[13.646885,51.040087],[13.646956,51.040043],[13.646973,51.039995],[13.646949,51.03996],[13.646926,51.039956],[13.64692,51.039955],[13.646956,51.039868],[13.646958,51.039865],[13.646992,51.039835],[13.647194,51.039599],[13.6473,51.039463],[13.647432,51.039291],[13.647467,51.03925],[13.647499,51.039208],[13.647538,51.039154],[13.647649,51.039007],[13.647653,51.039003],[13.647758,51.038868],[13.647762,51.038862],[13.647869,51.038712],[13.647957,51.03859],[13.647976,51.038564],[13.647994,51.038539],[13.648105,51.038384],[13.648181,51.038278],[13.648218,51.038228],[13.648255,51.038178],[13.648274,51.038153],[13.64833,51.038077],[13.648404,51.037976],[13.648442,51.037923],[13.648467,51.03789],[13.648576,51.037734],[13.648646,51.037635],[13.648679,51.037588],[13.648687,51.037576],[13.64876,51.037491],[13.648968,51.037528],[13.649293,51.037586],[13.64937,51.037609],[13.649907,51.037769],[13.650147,51.0378],[13.650395,51.037796],[13.650533,51.037818],[13.650544,51.03783],[13.650665,51.037782],[13.650709,51.037779],[13.650913,51.037767],[13.651209,51.037742],[13.651249,51.037739],[13.651269,51.037737],[13.65133,51.037732],[13.651467,51.037709],[13.651476,51.03773],[13.651476,51.037731],[13.651614,51.037708],[13.651686,51.037702],[13.652003,51.037623],[13.652186,51.037566],[13.652221,51.037554],[13.652227,51.037465],[13.652241,51.037252],[13.652277,51.037114],[13.652293,51.037057],[13.652343,51.036854],[13.652387,51.036736],[13.652414,51.036648],[13.652491,51.036657],[13.652521,51.036569],[13.652684,51.036398],[13.652868,51.036247],[13.652883,51.036157],[13.652969,51.036163],[13.65308,51.036072],[13.653161,51.036077],[13.653179,51.035988],[13.653193,51.035976],[13.653253,51.035937],[13.653289,51.035911],[13.653414,51.035818],[13.653433,51.035729],[13.653617,51.035742],[13.653631,51.035675],[13.653635,51.035653],[13.654375,51.0351],[13.654354,51.034871],[13.65435,51.034827],[13.654322,51.034448],[13.654268,51.034265],[13.654177,51.03403],[13.653882,51.033276],[13.653536,51.033269],[13.652869,51.03323],[13.652415,51.033199],[13.652483,51.032957],[13.652518,51.032714],[13.651994,51.032674],[13.651639,51.032608],[13.65065,51.03233],[13.650804,51.032002],[13.650881,51.031802],[13.650908,51.03173],[13.65091,51.031726],[13.650914,51.031714],[13.650925,51.031686],[13.650991,51.031478],[13.65104,51.031321],[13.651046,51.0313],[13.651083,51.031165],[13.651094,51.031123],[13.65112,51.031029],[13.651156,51.030901],[13.650634,51.030851],[13.650238,51.030808],[13.650423,51.030235],[13.64954,51.030147],[13.649175,51.03011],[13.649249,51.029616],[13.649163,51.029617],[13.648286,51.029628],[13.648242,51.029629],[13.648212,51.029634],[13.648197,51.029634],[13.648117,51.029636],[13.648109,51.029636],[13.648079,51.029667],[13.648013,51.029659],[13.64666,51.029498],[13.645041,51.029305],[13.644199,51.029207],[13.643577,51.029134],[13.642891,51.029057],[13.642447,51.029204],[13.642444,51.029199],[13.642429,51.029174],[13.642418,51.029156],[13.641156,51.029482],[13.640717,51.029614],[13.639699,51.030009],[13.639538,51.03008],[13.63942,51.030148],[13.639183,51.030286],[13.639147,51.030307],[13.639042,51.030371],[13.638908,51.030456],[13.638832,51.030497],[13.638647,51.030599],[13.63848,51.030693],[13.638384,51.030746],[13.63812,51.030891],[13.63795,51.030982],[13.637869,51.031036],[13.637697,51.031133],[13.637409,51.031296],[13.637338,51.031336],[13.637085,51.031486],[13.636983,51.031546],[13.636844,51.031628],[13.636788,51.031664],[13.636651,51.031755],[13.636486,51.031859],[13.63634,51.031953],[13.636274,51.031996],[13.636228,51.03203],[13.635628,51.032144],[13.6356,51.032152],[13.635441,51.032196],[13.635421,51.032202],[13.635303,51.032248],[13.635193,51.032291],[13.63503,51.03236],[13.634716,51.032499],[13.63453,51.032583],[13.634383,51.032639],[13.634284,51.032677],[13.634094,51.032729],[13.634031,51.032746],[13.633777,51.032793],[13.633448,51.03286],[13.633261,51.032894],[13.633128,51.032898],[13.632873,51.032907],[13.632844,51.032908],[13.632751,51.032913],[13.632621,51.032917],[13.632466,51.032927],[13.632269,51.03294],[13.632265,51.032936],[13.632076,51.032735],[13.632048,51.032705],[13.631928,51.032574],[13.631716,51.032311],[13.631547,51.03212],[13.631515,51.032135],[13.631463,51.032161],[13.631199,51.032249],[13.63088,51.032442],[13.630544,51.032717],[13.63073,51.03277],[13.630603,51.032841],[13.630198,51.033157],[13.629393,51.033541],[13.62883,51.033735],[13.628418,51.03391],[13.628127,51.034013],[13.627689,51.033901],[13.627333,51.033807],[13.627089,51.033721],[13.62695,51.033677],[13.626788,51.033639],[13.626748,51.033589],[13.626644,51.03349],[13.626605,51.033436],[13.626548,51.033386],[13.626433,51.033216],[13.626327,51.033028],[13.626234,51.032846],[13.62614,51.032661],[13.626059,51.032493],[13.625979,51.032315],[13.625715,51.031986],[13.625578,51.031804],[13.625801,51.031587],[13.62595,51.031448],[13.625893,51.031324],[13.625858,51.031293],[13.625827,51.031334],[13.625725,51.03131],[13.625637,51.031387],[13.625556,51.031358],[13.625514,51.03129],[13.62541,51.031307],[13.625301,51.031341],[13.625306,51.031352],[13.625318,51.03137],[13.625223,51.031413],[13.625301,51.031427],[13.625207,51.031455],[13.625144,51.031464],[13.625108,51.03145],[13.624942,51.031512],[13.624841,51.031589],[13.624768,51.031557],[13.624659,51.03163],[13.624645,51.031588],[13.624614,51.031598],[13.624509,51.031634],[13.624381,51.031676],[13.624081,51.031761],[13.624038,51.031775],[13.623967,51.031799],[13.623944,51.031828],[13.623837,51.031893],[13.623847,51.031972],[13.623741,51.031964],[13.623611,51.03204],[13.623514,51.032047],[13.62338,51.032057],[13.623246,51.032084],[13.623052,51.032178],[13.622951,51.03221],[13.622855,51.032321],[13.622901,51.032408],[13.622857,51.032435],[13.622745,51.032505],[13.622777,51.032532],[13.622718,51.032565],[13.622483,51.032858],[13.622366,51.032898],[13.622283,51.033115],[13.622275,51.033119],[13.622222,51.033146],[13.62207,51.033199],[13.621515,51.033394],[13.62119,51.033495],[13.62109,51.033526],[13.620423,51.033707],[13.620356,51.033711],[13.619965,51.033742],[13.619654,51.033823],[13.619414,51.033886],[13.619211,51.034036],[13.619099,51.034058],[13.619002,51.03403],[13.618846,51.034026],[13.618601,51.034057],[13.618384,51.034029],[13.61831,51.034049],[13.618159,51.034101],[13.618008,51.034153],[13.617898,51.034166],[13.617779,51.034184],[13.617535,51.034171],[13.617443,51.034197],[13.617166,51.034258],[13.617149,51.034262],[13.616866,51.034354],[13.616641,51.034423],[13.616239,51.03448],[13.615844,51.034506],[13.615725,51.034527],[13.615625,51.034562],[13.615411,51.034633],[13.615143,51.034499],[13.615092,51.034444],[13.615027,51.034443],[13.614759,51.034312],[13.614525,51.034197],[13.614275,51.034083],[13.614029,51.033974],[13.613914,51.033932],[13.613755,51.033864],[13.613475,51.03376],[13.613302,51.033686],[13.612919,51.03355],[13.612512,51.033409],[13.612189,51.033311],[13.611872,51.033218],[13.611245,51.033086],[13.611059,51.033044],[13.610953,51.033019],[13.610831,51.032991],[13.610663,51.032953],[13.610626,51.032945],[13.61048,51.032913],[13.610335,51.03288],[13.610247,51.032861],[13.609965,51.032799],[13.609705,51.032792],[13.609585,51.032776],[13.609143,51.032763],[13.608705,51.03276],[13.60827,51.032751],[13.607846,51.032729],[13.607406,51.032707],[13.60697,51.032672],[13.606406,51.032622],[13.605839,51.03259],[13.605363,51.032564],[13.604674,51.032477],[13.604244,51.032384],[13.603824,51.032292],[13.603808,51.032454],[13.603746,51.032912],[13.603726,51.033012],[13.603726,51.033057],[13.603726,51.033154],[13.603692,51.033477],[13.603654,51.033832],[13.603616,51.034183],[13.603582,51.034499],[13.603543,51.034749],[13.603531,51.034837],[13.603323,51.034949],[13.603281,51.034968],[13.603146,51.035028],[13.602995,51.035115],[13.60283,51.035171],[13.602636,51.035242],[13.602504,51.035416],[13.602256,51.035526],[13.602331,51.035608],[13.60234,51.035681],[13.602309,51.035712],[13.602265,51.035773],[13.602264,51.035821],[13.602169,51.035868],[13.6021,51.035972],[13.601977,51.036093],[13.601825,51.036156],[13.60167,51.036179],[13.601612,51.036216],[13.601486,51.036351],[13.601428,51.036419],[13.601359,51.0365],[13.60124,51.036615],[13.601163,51.03666],[13.601131,51.036679],[13.601083,51.036693],[13.600942,51.036733],[13.600787,51.036815],[13.600449,51.036978],[13.600424,51.036991],[13.600196,51.037166],[13.600103,51.037258],[13.600033,51.037327],[13.599976,51.037367],[13.599932,51.037398],[13.599752,51.037501],[13.599751,51.037503],[13.599676,51.037678],[13.599604,51.037788],[13.599638,51.037896],[13.599685,51.038019],[13.599699,51.03812],[13.59974,51.038191],[13.599796,51.038293],[13.600127,51.038555],[13.600495,51.038845],[13.600481,51.038928],[13.600596,51.039018],[13.600699,51.039098],[13.600886,51.03915],[13.601221,51.039184],[13.601494,51.03916],[13.601803,51.039291],[13.601954,51.039337],[13.602118,51.039371],[13.602205,51.039456],[13.602389,51.039588],[13.602542,51.039641],[13.602869,51.039797],[13.60311,51.039915],[13.603199,51.039978],[13.603236,51.040029],[13.603303,51.040139],[13.603364,51.040225],[13.603392,51.040308],[13.603365,51.040424],[13.603453,51.040466],[13.603696,51.040555],[13.603863,51.040628],[13.604015,51.040711],[13.604123,51.040716],[13.604129,51.040754],[13.604233,51.040853],[13.604334,51.040934],[13.604473,51.041033],[13.604484,51.041091],[13.604397,51.041141],[13.604443,51.041265],[13.604503,51.041278],[13.604526,51.041346],[13.604554,51.041443],[13.604622,51.041472],[13.604624,51.041516],[13.604577,51.041572],[13.604537,51.041625],[13.604575,51.041659],[13.604581,51.041713],[13.604627,51.041786],[13.604716,51.041919],[13.604767,51.041976],[13.604755,51.042018],[13.604794,51.042049],[13.604882,51.042107],[13.605008,51.042303],[13.605074,51.042442],[13.605125,51.042566],[13.605239,51.042761],[13.605231,51.042886],[13.605108,51.04288],[13.604902,51.042893],[13.604868,51.042895],[13.604762,51.04287],[13.604692,51.042868],[13.604569,51.042896],[13.604547,51.042901],[13.604237,51.042912],[13.60422,51.042912],[13.604063,51.042917],[13.604024,51.042905],[13.603996,51.042875],[13.603982,51.042859],[13.603842,51.042822],[13.603795,51.042828],[13.603755,51.042873],[13.603695,51.042874],[13.60357,51.042972],[13.603524,51.04299],[13.603473,51.042987],[13.603438,51.042971],[13.60334,51.043001],[13.603299,51.042994],[13.603259,51.042958],[13.603222,51.042958],[13.603182,51.04298],[13.603155,51.042979],[13.603147,51.042948],[13.60311,51.042926],[13.603044,51.042921],[13.602976,51.042941],[13.602947,51.042969],[13.602844,51.04298],[13.602805,51.042962],[13.60281,51.042934],[13.602847,51.042912],[13.602853,51.042878],[13.602833,51.04285],[13.602793,51.042841],[13.602733,51.042897],[13.602622,51.042876],[13.602553,51.042899],[13.602504,51.042895],[13.602457,51.042846],[13.602435,51.042847],[13.602404,51.042864],[13.602343,51.042871],[13.602239,51.04284],[13.602158,51.042872],[13.602107,51.042842],[13.602059,51.042856],[13.602,51.042846],[13.601898,51.042848],[13.601883,51.042831],[13.601877,51.042825],[13.601915,51.04275],[13.601879,51.042684],[13.601854,51.04267],[13.601773,51.042665],[13.60175,51.042654],[13.601626,51.042648],[13.601531,51.042686],[13.601443,51.042697],[13.601401,51.042697],[13.601275,51.042728],[13.601231,51.042763],[13.601105,51.042695],[13.601081,51.042704],[13.601046,51.042689],[13.601038,51.042655],[13.600988,51.042645],[13.600958,51.042623],[13.601032,51.042565],[13.60103,51.042537],[13.601007,51.04252],[13.600947,51.042512],[13.600904,51.042489],[13.600698,51.042523],[13.600614,51.042565],[13.600552,51.042568],[13.600501,51.042553],[13.600479,51.042438],[13.600398,51.042427],[13.600347,51.042444],[13.600118,51.042408],[13.600093,51.042339],[13.600067,51.04233],[13.599989,51.042361],[13.59993,51.042334],[13.599804,51.042314],[13.599786,51.0423],[13.599801,51.042245],[13.599766,51.042239],[13.599669,51.042302],[13.599605,51.042294],[13.59946,51.042339],[13.599343,51.042344],[13.599258,51.042321],[13.599227,51.04233],[13.599194,51.04237],[13.599126,51.042361],[13.59903,51.042308],[13.598952,51.042312],[13.598955,51.042355],[13.598929,51.042373],[13.598887,51.042369],[13.598798,51.042307],[13.598652,51.042341],[13.598596,51.04234],[13.598523,51.042276],[13.598566,51.042208],[13.598537,51.042206],[13.598329,51.042247],[13.598217,51.042257],[13.598159,51.042245],[13.598139,51.042206],[13.598156,51.042176],[13.59812,51.042157],[13.598086,51.042155],[13.598043,51.042168],[13.598004,51.042162],[13.597984,51.042118],[13.597964,51.042113],[13.597877,51.042181],[13.597866,51.042239],[13.597849,51.042267],[13.597769,51.042273],[13.597746,51.042243],[13.597742,51.042213],[13.597718,51.042194],[13.597678,51.042196],[13.597621,51.042198],[13.59757,51.042184],[13.597496,51.042182],[13.59729,51.042145],[13.597226,51.042157],[13.597141,51.042146],[13.597093,51.042134],[13.597075,51.042129],[13.597015,51.042125],[13.596872,51.042153],[13.596778,51.042145],[13.596722,51.042122],[13.596603,51.042127],[13.59639,51.042177],[13.596212,51.04218],[13.596122,51.042174],[13.59601,51.042166],[13.595936,51.042177],[13.595887,51.042201],[13.595624,51.042198],[13.595569,51.042191],[13.595388,51.042195],[13.59525,51.042208],[13.595215,51.042203],[13.595034,51.042228],[13.594967,51.042247],[13.594923,51.04225],[13.594899,51.042251],[13.594671,51.042518],[13.594114,51.042607],[13.594208,51.042799],[13.594286,51.042965],[13.593521,51.043186],[13.593033,51.043327],[13.592699,51.043422],[13.592347,51.0435],[13.591986,51.043592],[13.591924,51.043654],[13.591819,51.043846],[13.591745,51.043933],[13.591664,51.043994],[13.591627,51.043988],[13.59159,51.043981],[13.59176,51.043659],[13.591811,51.043236],[13.591558,51.043283],[13.591348,51.043337],[13.591099,51.043376],[13.590969,51.043423],[13.59072,51.043467],[13.590562,51.043465],[13.590523,51.043464],[13.59051,51.043464],[13.590416,51.043421],[13.590215,51.043404],[13.589946,51.043392],[13.589557,51.043428],[13.588669,51.043558],[13.588129,51.043637],[13.588047,51.043647],[13.587092,51.043825],[13.586298,51.043941],[13.585553,51.043969],[13.585364,51.043994],[13.585328,51.043999],[13.585177,51.04402],[13.585169,51.044021],[13.585032,51.044029],[13.584953,51.044034],[13.584917,51.04418],[13.584929,51.044316],[13.584932,51.044358],[13.585059,51.044873],[13.585225,51.045824],[13.585331,51.046349],[13.585437,51.046753],[13.585453,51.046815],[13.585467,51.046859],[13.585586,51.047233],[13.585703,51.047591],[13.585809,51.047875],[13.585953,51.048169],[13.586129,51.04848],[13.586285,51.048717],[13.586308,51.048753],[13.586352,51.048819],[13.586314,51.048788],[13.586242,51.048785],[13.585112,51.0491],[13.584147,51.049334],[13.583585,51.049468],[13.583307,51.049551],[13.582449,51.049837],[13.581753,51.050069],[13.581705,51.050084],[13.580986,51.050306],[13.580455,51.050433],[13.579848,51.050513],[13.579341,51.050576],[13.579386,51.050692],[13.579404,51.050739],[13.579492,51.050889],[13.579626,51.05106],[13.57978,51.051214],[13.579952,51.051367],[13.580125,51.05151],[13.580289,51.051649],[13.580503,51.051833],[13.580644,51.052042],[13.580796,51.052242],[13.581054,51.052548],[13.581379,51.053027],[13.58141,51.053074],[13.581427,51.053098],[13.581444,51.053121],[13.581462,51.053143],[13.581534,51.05323],[13.581865,51.053563],[13.582163,51.053876],[13.582427,51.054153],[13.582695,51.054425],[13.583019,51.054751],[13.583341,51.05508],[13.58364,51.055375],[13.583892,51.055643],[13.584158,51.055932],[13.584446,51.056263],[13.584693,51.05647],[13.58475,51.056511],[13.584927,51.056639],[13.584993,51.056687],[13.585008,51.056698],[13.584759,51.05684],[13.58458,51.056944],[13.584314,51.057117],[13.584064,51.057287],[13.583886,51.057433],[13.583708,51.057599],[13.583461,51.057849],[13.583239,51.058072],[13.583041,51.058284],[13.582828,51.058525],[13.58259,51.058798],[13.582275,51.059163],[13.582169,51.059305],[13.581806,51.059806],[13.581637,51.060053],[13.581484,51.060251],[13.581106,51.060765],[13.580952,51.060975],[13.580556,51.061572],[13.580478,51.061694],[13.580459,51.061722],[13.580331,51.061917],[13.58033,51.06192],[13.58033,51.062088],[13.58033,51.062271],[13.580792,51.062291],[13.581119,51.062298],[13.581116,51.062322],[13.580989,51.06347],[13.580647,51.06346],[13.580644,51.063487],[13.580524,51.064489],[13.580464,51.064493],[13.580279,51.064514],[13.580217,51.064566],[13.580025,51.064822],[13.579922,51.064934],[13.579742,51.06507],[13.579555,51.065246],[13.579526,51.065273],[13.579512,51.065293],[13.579477,51.065321],[13.579831,51.065277],[13.580146,51.065242],[13.580263,51.065236],[13.580641,51.065307],[13.581065,51.065413],[13.581141,51.065438],[13.58119,51.065455],[13.581205,51.065472],[13.5812,51.06549],[13.581272,51.065504],[13.581287,51.06552],[13.581273,51.065535],[13.581291,51.065557],[13.58132,51.065574],[13.581346,51.065583],[13.581306,51.065635],[13.581344,51.065658],[13.581337,51.065677],[13.581308,51.065685],[13.581303,51.065724],[13.581369,51.06574],[13.581365,51.065771],[13.581377,51.065796],[13.581432,51.065819],[13.581486,51.065825],[13.581542,51.065853],[13.581646,51.065862],[13.581659,51.065906],[13.581685,51.065918],[13.581707,51.065879],[13.581731,51.065864],[13.581786,51.065871],[13.581843,51.065885],[13.581908,51.065954],[13.581941,51.065963],[13.581967,51.06598],[13.581948,51.065992],[13.581958,51.066014],[13.58198,51.066039],[13.582017,51.06607],[13.582051,51.066061],[13.58207,51.066036],[13.58209,51.066044],[13.582102,51.066077],[13.582161,51.066077],[13.582169,51.066073],[13.582188,51.066078],[13.582191,51.066107],[13.582186,51.066136],[13.582198,51.066148],[13.582167,51.066156],[13.582148,51.066156],[13.582116,51.066146],[13.58209,51.066171],[13.582041,51.06617],[13.582007,51.066185],[13.582017,51.066197],[13.582072,51.066188],[13.582094,51.0662],[13.582072,51.066225],[13.582047,51.066261],[13.582021,51.066264],[13.582049,51.066285],[13.582074,51.0663],[13.582104,51.066306],[13.58212,51.066313],[13.582122,51.066342],[13.58216,51.066377],[13.582179,51.066414],[13.582212,51.066421],[13.582218,51.066399],[13.582245,51.066382],[13.58229,51.066376],[13.582324,51.066401],[13.582382,51.06642],[13.582396,51.066448],[13.582374,51.066451],[13.582346,51.066446],[13.582323,51.066449],[13.582329,51.066472],[13.582309,51.066493],[13.582341,51.06654],[13.582337,51.06656],[13.582368,51.06658],[13.582383,51.066553],[13.582412,51.066554],[13.582463,51.066524],[13.582485,51.066527],[13.582516,51.066529],[13.582549,51.066527],[13.582596,51.066556],[13.582592,51.066578],[13.58258,51.066612],[13.582593,51.066626],[13.582618,51.066636],[13.582638,51.066656],[13.582626,51.06667],[13.582603,51.066671],[13.582579,51.066685],[13.582559,51.066702],[13.582513,51.066705],[13.582467,51.06672],[13.582459,51.066736],[13.582494,51.066749],[13.582551,51.066746],[13.582576,51.066779],[13.582522,51.066789],[13.582547,51.06683],[13.582551,51.066847],[13.582572,51.066849],[13.582597,51.06683],[13.582653,51.066813],[13.58269,51.066792],[13.58272,51.066806],[13.582783,51.066804],[13.582838,51.066795],[13.582879,51.066809],[13.58287,51.066779],[13.582887,51.066764],[13.582926,51.066765],[13.582952,51.066786],[13.582986,51.066794],[13.583027,51.0668],[13.583065,51.066778],[13.583123,51.06671],[13.583157,51.066702],[13.583128,51.066641],[13.583169,51.066619],[13.583234,51.066639],[13.583292,51.066636],[13.583328,51.066647],[13.583323,51.066668],[13.583374,51.066667],[13.583392,51.066697],[13.583391,51.066717],[13.58343,51.066741],[13.583468,51.066734],[13.583509,51.066697],[13.583529,51.066667],[13.583549,51.066662],[13.583553,51.066644],[13.5836,51.066606],[13.583647,51.066574],[13.58368,51.06656],[13.583715,51.066553],[13.583749,51.066566],[13.583767,51.066559],[13.583784,51.066536],[13.583826,51.066516],[13.583873,51.06649],[13.583906,51.066494],[13.583954,51.066491],[13.58395,51.066443],[13.583971,51.06644],[13.583995,51.066416],[13.584022,51.066422],[13.584029,51.066438],[13.584021,51.06646],[13.58407,51.066468],[13.584037,51.06649],[13.584019,51.066506],[13.584025,51.066517],[13.584074,51.066506],[13.584104,51.066467],[13.584138,51.066421],[13.584512,51.066504],[13.584864,51.066733],[13.584928,51.066792],[13.585077,51.066773],[13.585146,51.066721],[13.585138,51.066621],[13.585137,51.066601],[13.585217,51.0666],[13.585298,51.066586],[13.58532,51.066574],[13.585284,51.066555],[13.585304,51.066522],[13.585339,51.066533],[13.585382,51.066513],[13.585423,51.066514],[13.585466,51.066537],[13.585503,51.066545],[13.585576,51.066511],[13.585586,51.066492],[13.585567,51.066481],[13.585548,51.066483],[13.585553,51.066465],[13.585522,51.066395],[13.585531,51.066385],[13.585555,51.066396],[13.585624,51.066355],[13.585646,51.066327],[13.585677,51.066322],[13.585693,51.066357],[13.585774,51.066391],[13.58587,51.066448],[13.585901,51.066443],[13.585911,51.066424],[13.585874,51.066393],[13.585876,51.06636],[13.585898,51.066344],[13.585946,51.066337],[13.586068,51.066343],[13.586205,51.066353],[13.586259,51.066359],[13.586272,51.066386],[13.586313,51.066459],[13.586417,51.066556],[13.586478,51.066624],[13.586523,51.066675],[13.586566,51.066732],[13.586709,51.066704],[13.586733,51.066699],[13.586752,51.066715],[13.586765,51.066726],[13.586876,51.066789],[13.586954,51.066845],[13.58704,51.066891],[13.58707,51.066925],[13.587145,51.066953],[13.58717,51.066963],[13.58748,51.067146],[13.587525,51.067182],[13.587567,51.067216],[13.58758,51.067226],[13.587601,51.067243],[13.587658,51.067195],[13.587664,51.067191],[13.587822,51.067123],[13.587824,51.067123],[13.587887,51.06714],[13.587914,51.067161],[13.587998,51.067228],[13.58808,51.067295],[13.588106,51.067316],[13.588154,51.067355],[13.588157,51.067357],[13.588253,51.067435],[13.58817,51.067555],[13.588169,51.067556],[13.588042,51.067631],[13.588009,51.067707],[13.587927,51.067738],[13.587876,51.067721],[13.587845,51.067785],[13.587781,51.067795],[13.587777,51.067815],[13.587724,51.06784],[13.587646,51.067841],[13.587643,51.067868],[13.587708,51.067928],[13.587747,51.06794],[13.587742,51.067969],[13.587699,51.067962],[13.587672,51.068015],[13.587643,51.068059],[13.587652,51.068077],[13.587699,51.0681],[13.58774,51.068093],[13.587832,51.068128],[13.587806,51.068252],[13.587778,51.06826],[13.587761,51.068278],[13.587802,51.0683],[13.587843,51.068355],[13.587884,51.068361],[13.587901,51.068384],[13.587891,51.068422],[13.587995,51.068502],[13.588074,51.068506],[13.588119,51.068528],[13.588153,51.068594],[13.588128,51.068618],[13.588089,51.068606],[13.588048,51.068627],[13.588065,51.068655],[13.588065,51.06869],[13.588088,51.068706],[13.58812,51.068692],[13.588144,51.068694],[13.588174,51.068704],[13.588176,51.068721],[13.588172,51.068734],[13.58813,51.068757],[13.588177,51.068805],[13.58828,51.068817],[13.588316,51.068737],[13.588358,51.06877],[13.588338,51.068793],[13.588356,51.068812],[13.588396,51.0688],[13.588447,51.068821],[13.588451,51.068865],[13.588426,51.068913],[13.588452,51.068931],[13.588548,51.068906],[13.588562,51.068944],[13.588534,51.068951],[13.588526,51.06897],[13.588585,51.069023],[13.588675,51.06906],[13.58871,51.06909],[13.588744,51.069114],[13.588794,51.06915],[13.588854,51.069202],[13.588897,51.06924],[13.589031,51.069347],[13.589012,51.069362],[13.58898,51.069383],[13.588914,51.069402],[13.588873,51.069408],[13.588868,51.069429],[13.588895,51.06949],[13.588856,51.069513],[13.588804,51.069527],[13.588805,51.069546],[13.588753,51.069565],[13.588779,51.069595],[13.588773,51.06963],[13.5887,51.069644],[13.588678,51.069663],[13.588702,51.069689],[13.588761,51.069696],[13.588798,51.069727],[13.588801,51.069789],[13.588748,51.069788],[13.588719,51.069821],[13.588798,51.069862],[13.588801,51.069912],[13.588797,51.06993],[13.588776,51.069962],[13.588792,51.069973],[13.588838,51.069965],[13.588869,51.069949],[13.588908,51.069893],[13.58894,51.069874],[13.588986,51.069894],[13.589026,51.069905],[13.589038,51.069937],[13.589065,51.069995],[13.589045,51.070025],[13.589043,51.070046],[13.589111,51.070041],[13.589207,51.070052],[13.589354,51.070097],[13.58939,51.070162],[13.589501,51.070128],[13.589552,51.070113],[13.589656,51.070084],[13.589791,51.070046],[13.58996,51.069987],[13.589966,51.069984],[13.589996,51.069974],[13.590242,51.069887],[13.590832,51.069532],[13.590966,51.069437],[13.591124,51.069335],[13.59132,51.069204],[13.591377,51.069187],[13.592632,51.068896],[13.593834,51.068618],[13.595045,51.068338],[13.596147,51.068083],[13.596287,51.0681],[13.596332,51.067937],[13.596332,51.067932],[13.596474,51.067941],[13.596666,51.067946],[13.597127,51.06795],[13.597664,51.067952],[13.598205,51.067966],[13.598284,51.067966],[13.598442,51.067966],[13.59861,51.067979],[13.598631,51.067981],[13.598641,51.067982],[13.598889,51.068001],[13.598946,51.068005],[13.598994,51.068008],[13.599019,51.068016],[13.599013,51.067996],[13.599005,51.067951],[13.599023,51.067919],[13.59905,51.067889],[13.599059,51.067874],[13.599078,51.067838],[13.599113,51.067813],[13.599149,51.067771],[13.599194,51.067751],[13.599235,51.06774],[13.599249,51.067719],[13.59928,51.067714],[13.599314,51.067705],[13.599317,51.06768],[13.599303,51.067645],[13.599323,51.067617],[13.599336,51.06759],[13.599384,51.067549],[13.599419,51.067505],[13.599482,51.06747],[13.599516,51.067453],[13.599546,51.067446],[13.599591,51.067418],[13.599643,51.067405],[13.599634,51.067369],[13.599637,51.067356],[13.599652,51.067353],[13.59971,51.067353],[13.59975,51.067343],[13.599785,51.067345],[13.59983,51.06732],[13.59985,51.067293],[13.59988,51.06727],[13.599908,51.067259],[13.599929,51.067241],[13.599933,51.067217],[13.599956,51.06722],[13.599995,51.067234],[13.60001,51.067219],[13.600004,51.067197],[13.600029,51.067168],[13.600051,51.067163],[13.600101,51.067162],[13.600099,51.067143],[13.600093,51.067136],[13.600106,51.067109],[13.60008,51.067082],[13.60008,51.067063],[13.600083,51.06704],[13.600101,51.067024],[13.600124,51.067003],[13.60013,51.066969],[13.600147,51.066941],[13.600125,51.066903],[13.600112,51.06687],[13.600106,51.066834],[13.60009,51.066807],[13.600054,51.066752],[13.599983,51.06674],[13.599966,51.06673],[13.59997,51.066709],[13.599974,51.066684],[13.599962,51.066665],[13.599925,51.066637],[13.599912,51.066608],[13.599932,51.066587],[13.59994,51.06656],[13.599968,51.066519],[13.599977,51.066496],[13.599975,51.066473],[13.599965,51.066445],[13.599948,51.06643],[13.599965,51.066394],[13.599944,51.06636],[13.59993,51.066342],[13.599918,51.066327],[13.59992,51.066321],[13.599926,51.066306],[13.599936,51.066284],[13.599911,51.066248],[13.599893,51.066223],[13.599855,51.06617],[13.59982,51.066121],[13.599863,51.066035],[13.599788,51.066019],[13.599625,51.066004],[13.599638,51.065943],[13.599644,51.065915],[13.599487,51.065738],[13.599383,51.065635],[13.599354,51.065585],[13.59934,51.065563],[13.599262,51.065525],[13.599259,51.06551],[13.599285,51.065482],[13.599283,51.065443],[13.599254,51.065421],[13.599203,51.065389],[13.599214,51.065371],[13.599223,51.065357],[13.599176,51.065335],[13.599187,51.065314],[13.599204,51.065281],[13.599216,51.065257],[13.599232,51.065223],[13.599208,51.06519],[13.599234,51.065169],[13.599249,51.065155],[13.599198,51.065137],[13.59915,51.065121],[13.599132,51.065105],[13.599135,51.065062],[13.599157,51.065048],[13.599187,51.065031],[13.599253,51.065],[13.599303,51.064962],[13.599273,51.064958],[13.599351,51.064902],[13.599329,51.064877],[13.599303,51.064879],[13.599275,51.064881],[13.599242,51.064859],[13.599242,51.064845],[13.599242,51.06483],[13.599242,51.064807],[13.599257,51.064778],[13.599277,51.06474],[13.599235,51.064684],[13.599212,51.064652],[13.599179,51.064629],[13.59912,51.064586],[13.599024,51.064553],[13.599004,51.064513],[13.598997,51.064499],[13.599066,51.064488],[13.599089,51.064484],[13.599077,51.064431],[13.599314,51.064347],[13.599705,51.064208],[13.599708,51.064206],[13.600009,51.0641],[13.599941,51.064002],[13.599877,51.064025],[13.59985,51.064035],[13.599516,51.064155],[13.599345,51.064183],[13.599182,51.064122],[13.599076,51.06403],[13.599063,51.06389],[13.599232,51.063815],[13.599418,51.063748],[13.599415,51.06356],[13.599412,51.063383],[13.599409,51.063209],[13.599405,51.063028],[13.59944,51.062988],[13.599475,51.062949],[13.59945,51.06294],[13.59936,51.062914],[13.599422,51.062833],[13.599482,51.062735],[13.599493,51.062645],[13.599891,51.062658],[13.600786,51.062695],[13.601545,51.062734],[13.602122,51.06277],[13.602817,51.062824],[13.603485,51.062881],[13.603953,51.06293],[13.604759,51.063022],[13.604765,51.063023],[13.605052,51.06306],[13.605092,51.063065],[13.605304,51.063097],[13.605441,51.063114],[13.605483,51.063119],[13.605484,51.06312],[13.605713,51.063149],[13.605717,51.063149],[13.605765,51.063155],[13.605873,51.063169],[13.605878,51.06317],[13.606,51.063185],[13.606011,51.063187],[13.606031,51.063189],[13.606105,51.0632],[13.606567,51.063267],[13.606654,51.063281],[13.607269,51.063381],[13.608125,51.063537],[13.608655,51.063637],[13.609399,51.06379],[13.610029,51.063928],[13.610301,51.063988],[13.610738,51.064089],[13.611558,51.064278],[13.612165,51.064421],[13.612198,51.064429],[13.612203,51.06443],[13.612399,51.064476],[13.612699,51.064547],[13.612595,51.064396],[13.612567,51.064349],[13.612288,51.064283],[13.612285,51.064282],[13.611644,51.064131],[13.611005,51.063984],[13.610707,51.063915],[13.610722,51.063848],[13.610727,51.063825],[13.610742,51.063757],[13.610743,51.063753],[13.610747,51.063734],[13.610762,51.063667],[13.610763,51.063661],[13.610764,51.063654],[13.610771,51.063624],[13.611015,51.062513],[13.611022,51.062489],[13.611023,51.06247],[13.611008,51.062316],[13.611039,51.062131],[13.611052,51.062],[13.61101,51.061795],[13.611001,51.061752],[13.611032,51.061631],[13.611104,51.061536],[13.611218,51.061426],[13.611447,51.061255],[13.61157,51.061175],[13.611633,51.061134],[13.61187,51.060981],[13.612076,51.060837],[13.612138,51.06076],[13.612155,51.060723],[13.6122,51.060569],[13.61222,51.0605],[13.612204,51.060436],[13.612221,51.060359],[13.612227,51.060333],[13.612276,51.06025],[13.612357,51.060115],[13.612501,51.059993],[13.612634,51.05988],[13.612659,51.059858],[13.612762,51.059762],[13.612774,51.059756],[13.613242,51.059369],[13.613246,51.059366],[13.613544,51.059106],[13.613615,51.059044],[13.613736,51.058996],[13.61367,51.058932],[13.61379,51.058884],[13.613946,51.05874],[13.613978,51.05871],[13.614244,51.058443],[13.61439,51.058268],[13.614487,51.058099],[13.614502,51.058079],[13.614588,51.057921],[13.614701,51.057718],[13.614926,51.057283],[13.615257,51.056643],[13.615275,51.056595],[13.615344,51.056399],[13.615388,51.056192],[13.615407,51.055938],[13.615406,51.055676],[13.615359,51.055201],[13.615365,51.055174],[13.615343,51.054978],[13.615319,51.05463],[13.615307,51.054471],[13.615274,51.053982],[13.615241,51.053479],[13.615235,51.052975],[13.615238,51.052942],[13.615234,51.052895],[13.615207,51.052524],[13.61517,51.052378],[13.615652,51.052145],[13.615739,51.052168],[13.615889,51.052167],[13.616106,51.052164],[13.616267,51.052188],[13.616449,51.052187],[13.616477,51.052156],[13.616594,51.052124],[13.616656,51.052055],[13.616747,51.052034],[13.617159,51.051938],[13.617553,51.051816],[13.61757,51.051746],[13.617611,51.051719],[13.617686,51.051737],[13.617792,51.051703],[13.617798,51.051697],[13.617866,51.05171],[13.617861,51.051693],[13.617895,51.051701],[13.617934,51.051691],[13.617949,51.051669],[13.618098,51.051701],[13.618167,51.051679],[13.618183,51.051653],[13.618247,51.051631],[13.618288,51.051649],[13.618356,51.051636],[13.618372,51.051615],[13.618406,51.051608],[13.618427,51.05159],[13.618471,51.051591],[13.618565,51.051618],[13.618641,51.051616],[13.618723,51.051606],[13.618817,51.051624],[13.618834,51.051622],[13.618852,51.051621],[13.618983,51.051611],[13.619008,51.051591],[13.619023,51.051579],[13.619028,51.051536],[13.619987,51.051057],[13.620729,51.050717],[13.620909,51.050627],[13.621152,51.050522],[13.62117,51.050526],[13.621189,51.050546],[13.621202,51.050559],[13.621283,51.050634],[13.621255,51.050654],[13.621362,51.050714],[13.621462,51.050812],[13.621951,51.050688],[13.622019,51.05067],[13.622595,51.050549],[13.623078,51.050476],[13.623404,51.050359],[13.623719,51.050209],[13.623847,51.05014],[13.624063,51.050024],[13.624371,51.049858],[13.624745,51.049827],[13.624792,51.050168],[13.624987,51.050605],[13.625267,51.051163],[13.625709,51.051045],[13.625765,51.051029],[13.625893,51.050995],[13.626068,51.050933],[13.626135,51.050914],[13.626423,51.050746],[13.626665,51.050606],[13.6267,51.050585]]]}},{"type":"Feature","id":"dresden-51","properties":{"city":"Dresden","state":"Sachsen","code":"51","name":"Blasewitz mit Neugruna","name_atlas":"Blasewitz/Neugruna","population_est":10157,"crime_total":{"cases":428,"rate":4214.0},"homicide":{"cases":0,"rate":0.0},"sexual":{"cases":9,"rate":88.6},"violence_proxy":{"cases":54,"rate":531.7},"property_total":{"cases":180,"rate":1772.2},"simple_theft":{"cases":81,"rate":797.5},"aggravated_theft":{"cases":99,"rate":974.7},"fraud":{"cases":100,"rate":984.5},"other_stgb":{"cases":76,"rate":748.3},"secondary_law":{"cases":9,"rate":88.6}},"geometry":{"type":"Polygon","coordinates":[[[13.80591,51.039934],[13.805905,51.040038],[13.805877,51.040613],[13.805848,51.040883],[13.805867,51.040951],[13.805946,51.041081],[13.806038,51.041244],[13.80661,51.042283],[13.806921,51.042817],[13.806948,51.042863],[13.807058,51.043068],[13.807365,51.043634],[13.807444,51.043799],[13.807645,51.044136],[13.807832,51.044449],[13.808097,51.044874],[13.80838,51.045291],[13.808521,51.045523],[13.808528,51.045535],[13.808567,51.045608],[13.808654,51.045839],[13.808683,51.045935],[13.808543,51.045952],[13.807958,51.046022],[13.808216,51.046298],[13.808069,51.046354],[13.807922,51.046444],[13.80782,51.046507],[13.807751,51.046461],[13.807747,51.046458],[13.807644,51.04652],[13.80726,51.046666],[13.80723,51.046678],[13.807083,51.046734],[13.80686,51.046825],[13.806748,51.046881],[13.80673,51.046867],[13.806619,51.046923],[13.806312,51.047064],[13.806232,51.047103],[13.805931,51.047249],[13.805827,51.047311],[13.805822,51.047308],[13.805715,51.047367],[13.805551,51.047454],[13.805503,51.047479],[13.805488,51.047487],[13.80547,51.047497],[13.805262,51.047608],[13.805156,51.047668],[13.805137,51.047654],[13.805029,51.047713],[13.804853,51.047775],[13.804769,51.047805],[13.804703,51.047829],[13.804682,51.047836],[13.804588,51.047869],[13.804269,51.047981],[13.80425,51.047966],[13.804086,51.048053],[13.803977,51.048111],[13.803975,51.048109],[13.803941,51.048083],[13.803829,51.048138],[13.803447,51.04828],[13.803371,51.04831],[13.8033,51.048337],[13.803069,51.048421],[13.802956,51.048476],[13.802941,51.048463],[13.802939,51.048461],[13.802823,51.048514],[13.802725,51.048552],[13.802412,51.048688],[13.802386,51.048699],[13.802341,51.048718],[13.802218,51.04877],[13.801992,51.048853],[13.801875,51.048905],[13.801865,51.048895],[13.801863,51.048894],[13.801744,51.048943],[13.801426,51.049057],[13.801119,51.049168],[13.801004,51.049222],[13.801002,51.04922],[13.800988,51.049207],[13.800872,51.04926],[13.8006,51.049359],[13.800505,51.049396],[13.800139,51.049526],[13.80002,51.049575],[13.800013,51.049568],[13.799891,51.049615],[13.799468,51.04977],[13.799212,51.049863],[13.799165,51.049881],[13.799124,51.049895],[13.79878,51.05002],[13.798486,51.050121],[13.798451,51.050192],[13.798405,51.050277],[13.798269,51.05025],[13.797901,51.050183],[13.797951,51.050301],[13.797813,51.050325],[13.79743,51.050479],[13.797338,51.050498],[13.797284,51.050512],[13.797013,51.050586],[13.796881,51.05062],[13.796884,51.050624],[13.796752,51.050659],[13.796448,51.050752],[13.796368,51.050776],[13.796181,51.05083],[13.79603,51.050875],[13.796014,51.05088],[13.795672,51.050986],[13.795626,51.051],[13.795399,51.051068],[13.795353,51.051082],[13.795272,51.051104],[13.795163,51.051135],[13.795056,51.051162],[13.794953,51.051189],[13.794939,51.051192],[13.794549,51.051265],[13.794417,51.051291],[13.794294,51.051314],[13.794111,51.051352],[13.793971,51.051333],[13.793946,51.051404],[13.793943,51.051422],[13.793801,51.051411],[13.793487,51.051474],[13.792899,51.051593],[13.792906,51.051487],[13.792733,51.051258],[13.792721,51.051247],[13.792582,51.05107],[13.792501,51.051081],[13.792334,51.051102],[13.792398,51.05131],[13.792367,51.051337],[13.791818,51.051406],[13.79184,51.051474],[13.791822,51.051563],[13.791707,51.051555],[13.791588,51.051598],[13.791514,51.051648],[13.791475,51.051691],[13.791351,51.051647],[13.791174,51.05159],[13.791101,51.051599],[13.790902,51.051623],[13.790543,51.05167],[13.790585,51.051826],[13.790504,51.051837],[13.790374,51.051852],[13.79026,51.051868],[13.789996,51.051889],[13.789859,51.051915],[13.789853,51.051902],[13.789848,51.051889],[13.78971,51.051913],[13.789477,51.051939],[13.789261,51.051963],[13.788988,51.052006],[13.788824,51.052031],[13.788758,51.052039],[13.788751,51.05204],[13.788248,51.052083],[13.788242,51.052084],[13.788168,51.052089],[13.788102,51.05209],[13.788057,51.052093],[13.787987,51.052097],[13.787856,51.052107],[13.787762,51.05211],[13.787617,51.052123],[13.787596,51.052127],[13.787458,51.05215],[13.787526,51.052299],[13.787573,51.052543],[13.78758,51.052753],[13.787555,51.053264],[13.787552,51.053321],[13.787524,51.053888],[13.787063,51.053834],[13.786604,51.053788],[13.786135,51.053743],[13.785827,51.053711],[13.78568,51.053695],[13.785674,51.054004],[13.785671,51.054306],[13.785693,51.055138],[13.785695,51.055235],[13.785704,51.05557],[13.785703,51.05627],[13.785703,51.056566],[13.78571,51.056815],[13.785717,51.05705],[13.785861,51.058084],[13.786007,51.058903],[13.786115,51.059423],[13.786286,51.059806],[13.786457,51.060189],[13.786389,51.060203],[13.786435,51.060289],[13.786438,51.060295],[13.786442,51.060308],[13.786784,51.061315],[13.786861,51.061554],[13.786922,51.061722],[13.787127,51.062353],[13.787172,51.062438],[13.787165,51.062439],[13.787211,51.062525],[13.787282,51.062898],[13.787293,51.06295],[13.787078,51.062973],[13.787089,51.063012],[13.787097,51.06304],[13.787272,51.063652],[13.787613,51.063616],[13.788985,51.06346],[13.789979,51.063357],[13.790079,51.063343],[13.791207,51.06318],[13.792722,51.062966],[13.793626,51.062821],[13.794295,51.062703],[13.79451,51.062684],[13.795049,51.062589],[13.795715,51.062472],[13.796391,51.062353],[13.797575,51.062088],[13.797979,51.061982],[13.798248,51.061912],[13.798977,51.061742],[13.799752,51.061627],[13.800215,51.061488],[13.800694,51.061318],[13.801306,51.061058],[13.802468,51.060618],[13.802962,51.060398],[13.803633,51.060067],[13.804283,51.059726],[13.804825,51.059416],[13.805305,51.059111],[13.805838,51.058765],[13.805883,51.058536],[13.806256,51.058132],[13.806822,51.05752],[13.807408,51.056852],[13.808464,51.055171],[13.808734,51.055068],[13.809847,51.05358],[13.809959,51.05345],[13.809973,51.053434],[13.809986,51.053421],[13.810045,51.053357],[13.810039,51.053355],[13.810033,51.053352],[13.810111,51.053276],[13.810117,51.053269],[13.810478,51.052857],[13.810691,51.052488],[13.811845,51.051245],[13.812383,51.050682],[13.812858,51.050171],[13.813476,51.049513],[13.813977,51.048841],[13.814552,51.048176],[13.815187,51.047442],[13.815779,51.046677],[13.81622,51.046062],[13.817181,51.044464],[13.817538,51.043961],[13.818016,51.043277],[13.817043,51.043],[13.817055,51.042983],[13.817067,51.042966],[13.81709,51.042933],[13.817102,51.042915],[13.817107,51.042907],[13.81711,51.042902],[13.817133,51.042863],[13.817139,51.042854],[13.817145,51.042843],[13.817157,51.042826],[13.81719,51.042776],[13.817203,51.042758],[13.817218,51.042736],[13.817234,51.042712],[13.817241,51.042701],[13.817252,51.042685],[13.817265,51.042666],[13.81727,51.042658],[13.817273,51.042653],[13.817289,51.04263],[13.817298,51.042617],[13.817308,51.042603],[13.817338,51.042559],[13.817359,51.042529],[13.817366,51.042519],[13.817392,51.042482],[13.817416,51.042447],[13.817428,51.042431],[13.81744,51.042415],[13.817462,51.042383],[13.817477,51.042363],[13.817485,51.042352],[13.817496,51.042337],[13.817507,51.042322],[13.81753,51.042291],[13.817553,51.042258],[13.817564,51.042243],[13.817569,51.042237],[13.817585,51.042215],[13.817614,51.042176],[13.817627,51.042159],[13.817654,51.042127],[13.817672,51.042104],[13.817696,51.042073],[13.817719,51.042043],[13.817722,51.042039],[13.817744,51.042011],[13.817758,51.041994],[13.817773,51.041974],[13.817775,51.041972],[13.817791,51.041953],[13.817816,51.041923],[13.81783,51.041907],[13.817845,51.041889],[13.817861,51.041871],[13.817879,51.041849],[13.817901,51.041823],[13.817922,51.041799],[13.817934,51.041784],[13.817941,51.041776],[13.817957,51.041757],[13.817972,51.04174],[13.818013,51.041692],[13.81803,51.041672],[13.818048,51.04165],[13.818058,51.041639],[13.818069,51.041628],[13.818075,51.041621],[13.818084,51.041611],[13.818114,51.041581],[13.818132,51.041565],[13.818145,51.041548],[13.818186,51.041524],[13.81819,51.041521],[13.818206,51.04151],[13.818233,51.041479],[13.818262,51.041448],[13.818285,51.04143],[13.818296,51.041421],[13.818328,51.041392],[13.818354,51.04136],[13.818391,51.041334],[13.818395,51.04133],[13.818422,51.041303],[13.818458,51.041273],[13.818475,51.041258],[13.818479,51.041254],[13.818506,51.041228],[13.818541,51.041198],[13.818565,51.041179],[13.818576,51.04117],[13.818605,51.041139],[13.818619,51.041124],[13.818637,51.041109],[13.818653,51.041094],[13.818664,51.041084],[13.818687,51.041064],[13.818703,51.04105],[13.818705,51.041048],[13.818709,51.041045],[13.818738,51.04102],[13.81876,51.040999],[13.81877,51.04099],[13.8188,51.040962],[13.818814,51.04095],[13.818825,51.040941],[13.818845,51.04092],[13.818854,51.040911],[13.818857,51.040909],[13.81887,51.040895],[13.818898,51.040863],[13.818909,51.040849],[13.818923,51.040831],[13.818938,51.040806],[13.818942,51.040799],[13.818971,51.040768],[13.818985,51.040746],[13.818992,51.040735],[13.819,51.040728],[13.819024,51.040705],[13.819054,51.040674],[13.819069,51.04066],[13.819086,51.040644],[13.819103,51.040625],[13.819114,51.040613],[13.819136,51.04058],[13.819162,51.040547],[13.81919,51.040517],[13.819211,51.040503],[13.819249,51.040475],[13.819266,51.040463],[13.819286,51.040448],[13.819305,51.04043],[13.819314,51.040423],[13.81933,51.040412],[13.819353,51.040397],[13.819367,51.040387],[13.819392,51.04037],[13.819406,51.04036],[13.819412,51.040356],[13.819445,51.040328],[13.819462,51.040312],[13.819474,51.0403],[13.819493,51.040282],[13.81951,51.040267],[13.819527,51.040251],[13.819542,51.040237],[13.819571,51.040207],[13.819602,51.040178],[13.819637,51.040149],[13.819664,51.040127],[13.819672,51.040121],[13.819706,51.040092],[13.819714,51.040084],[13.819527,51.039957],[13.819562,51.039927],[13.81959,51.03988],[13.819625,51.039835],[13.819566,51.039806],[13.819439,51.039738],[13.819311,51.039666],[13.819036,51.03948],[13.818813,51.03935],[13.818696,51.039302],[13.818248,51.03976],[13.818034,51.039968],[13.817931,51.040071],[13.817538,51.040395],[13.817309,51.040576],[13.817233,51.040639],[13.817117,51.040758],[13.817107,51.040768],[13.817038,51.040858],[13.816599,51.041351],[13.816112,51.041961],[13.815984,51.042122],[13.815654,51.042598],[13.815525,51.042556],[13.814982,51.042146],[13.814558,51.041833],[13.814165,51.041531],[13.813895,51.041307],[13.813713,51.041143],[13.813576,51.041017],[13.813693,51.040964],[13.813902,51.040871],[13.814201,51.040744],[13.814019,51.04056],[13.813917,51.040466],[13.813819,51.040376],[13.813623,51.040194],[13.813556,51.040138],[13.813488,51.040074],[13.813419,51.040015],[13.81322,51.039833],[13.813027,51.039655],[13.812966,51.039593],[13.812887,51.039511],[13.812727,51.039336],[13.812667,51.039269],[13.812608,51.039206],[13.812533,51.039146],[13.812438,51.039067],[13.812403,51.039033],[13.812334,51.038964],[13.812119,51.038747],[13.812075,51.038704],[13.812031,51.038661],[13.811768,51.038398],[13.811581,51.038213],[13.811363,51.037994],[13.811197,51.037827],[13.810768,51.037398],[13.810764,51.037392],[13.810719,51.03732],[13.810711,51.037308],[13.810462,51.037372],[13.809989,51.037505],[13.809692,51.037581],[13.809455,51.037658],[13.809353,51.037691],[13.809347,51.037693],[13.809288,51.037718],[13.80921,51.037643],[13.809026,51.037486],[13.808965,51.037435],[13.808745,51.037251],[13.808704,51.03722],[13.808643,51.037173],[13.808366,51.036979],[13.808293,51.036902],[13.808238,51.036923],[13.808166,51.036845],[13.807648,51.036489],[13.80758,51.036439],[13.807572,51.036371],[13.807543,51.036342],[13.807516,51.036337],[13.807423,51.036321],[13.807199,51.036283],[13.807023,51.036252],[13.806778,51.036844],[13.806726,51.036969],[13.806581,51.037339],[13.806522,51.037411],[13.806388,51.037737],[13.80638,51.037757],[13.806253,51.038097],[13.80616,51.038389],[13.80614,51.03845],[13.806081,51.038627],[13.80604,51.03884],[13.806006,51.039043],[13.806003,51.039059],[13.805999,51.039083],[13.805922,51.039431],[13.805918,51.039449],[13.805915,51.039464],[13.805914,51.039467],[13.805912,51.039782],[13.80591,51.039934]]]}},{"type":"Feature","id":"dresden-98","properties":{"city":"Dresden","state":"Sachsen","code":"98","name":"Briesnitz mit Stetzsch, Kemnitz, Leutewitz und Alt-Omsewitz","name_atlas":"Stetzsch/Kemnitz/Briesnitz/Omsewitz/Leutewitz","population_est":11265,"crime_total":{"cases":448,"rate":3977.0},"homicide":{"cases":0,"rate":0.0},"sexual":{"cases":8,"rate":71.0},"violence_proxy":{"cases":72,"rate":639.1},"property_total":{"cases":152,"rate":1349.3},"simple_theft":{"cases":42,"rate":372.8},"aggravated_theft":{"cases":110,"rate":976.5},"fraud":{"cases":79,"rate":701.3},"other_stgb":{"cases":120,"rate":1065.2},"secondary_law":{"cases":17,"rate":150.9}},"geometry":{"type":"Polygon","coordinates":[[[13.673783,51.050677],[13.673683,51.050663],[13.673481,51.050642],[13.673344,51.050643],[13.673069,51.050614],[13.673007,51.050606],[13.672589,51.050553],[13.672504,51.050542],[13.672496,51.05054],[13.672354,51.050546],[13.672346,51.050509],[13.672272,51.050513],[13.672203,51.05051],[13.671895,51.050497],[13.67111,51.050463],[13.67087,51.050458],[13.670168,51.050457],[13.669571,51.050474],[13.669401,51.05048],[13.669374,51.05048],[13.669048,51.050485],[13.668618,51.050437],[13.668517,51.050426],[13.668465,51.050683],[13.668444,51.050904],[13.668405,51.051191],[13.668402,51.051211],[13.668374,51.051432],[13.668341,51.051695],[13.668581,51.051729],[13.668615,51.051733],[13.668931,51.051774],[13.668841,51.051936],[13.668667,51.052247],[13.668508,51.052533],[13.668302,51.052903],[13.668041,51.053399],[13.668037,51.053408],[13.667812,51.053832],[13.667799,51.05389],[13.667558,51.053892],[13.666919,51.053899],[13.666702,51.053899],[13.666512,51.0539],[13.666449,51.053613],[13.66641,51.053523],[13.666335,51.053393],[13.666207,51.053216],[13.666049,51.053039],[13.665754,51.052815],[13.665512,51.052699],[13.665317,51.052591],[13.664878,51.052361],[13.66474,51.052289],[13.664493,51.052158],[13.664295,51.052055],[13.664031,51.051921],[13.663844,51.051827],[13.663561,51.05168],[13.66322,51.051505],[13.662993,51.051392],[13.662817,51.051315],[13.662677,51.051248],[13.662512,51.05118],[13.66206,51.050999],[13.661907,51.050964],[13.661612,51.050898],[13.661399,51.05085],[13.661225,51.050811],[13.660792,51.05074],[13.660746,51.050734],[13.660554,51.050706],[13.660319,51.050676],[13.660086,51.050663],[13.659942,51.050658],[13.65985,51.050667],[13.65977,51.050689],[13.659694,51.050723],[13.659515,51.050824],[13.659124,51.051007],[13.658677,51.051228],[13.658486,51.051321],[13.658474,51.051327],[13.658239,51.051434],[13.658076,51.051518],[13.657979,51.051599],[13.657903,51.051662],[13.657815,51.051753],[13.657281,51.051502],[13.656618,51.051191],[13.656351,51.051089],[13.656399,51.051031],[13.656295,51.050882],[13.656043,51.050557],[13.656156,51.050344],[13.655825,51.050224],[13.655814,51.05022],[13.65558,51.050136],[13.655133,51.049974],[13.655063,51.050088],[13.654588,51.049921],[13.654355,51.049839],[13.654319,51.049828],[13.654463,51.049637],[13.654643,51.049414],[13.654749,51.04926],[13.654843,51.049138],[13.654923,51.04901],[13.655006,51.049004],[13.655009,51.049],[13.654954,51.048977],[13.654875,51.048941],[13.654757,51.048888],[13.654317,51.04869],[13.654164,51.048892],[13.654044,51.049047],[13.653927,51.049202],[13.653809,51.049356],[13.653692,51.049509],[13.653574,51.049662],[13.653482,51.049785],[13.653354,51.049949],[13.653314,51.049993],[13.653067,51.049903],[13.652778,51.049798],[13.652393,51.049656],[13.652035,51.049524],[13.65168,51.049407],[13.651497,51.04934],[13.651298,51.049268],[13.650673,51.049044],[13.650351,51.048952],[13.64949,51.048793],[13.649484,51.048791],[13.649437,51.048876],[13.649416,51.048912],[13.649337,51.049054],[13.649899,51.049152],[13.650274,51.04925],[13.650321,51.049265],[13.650531,51.049311],[13.650958,51.049427],[13.65099,51.049444],[13.651273,51.049524],[13.651231,51.049615],[13.651042,51.050077],[13.650874,51.050482],[13.650761,51.050811],[13.650644,51.051151],[13.650624,51.051204],[13.650481,51.051533],[13.65048,51.051534],[13.650347,51.051835],[13.650173,51.052232],[13.650076,51.052431],[13.650072,51.052438],[13.650025,51.052553],[13.649943,51.052771],[13.649925,51.052819],[13.649873,51.052902],[13.649851,51.052978],[13.649709,51.053463],[13.649703,51.053484],[13.649607,51.053791],[13.649583,51.053867],[13.649568,51.053928],[13.649545,51.054017],[13.649499,51.054114],[13.649473,51.05432],[13.649432,51.054496],[13.649293,51.054853],[13.64914,51.055175],[13.648828,51.055832],[13.648773,51.055998],[13.648715,51.056173],[13.648595,51.056609],[13.648533,51.056768],[13.64852,51.056797],[13.648505,51.056827],[13.64847,51.05689],[13.648433,51.056945],[13.648302,51.05714],[13.648279,51.057187],[13.648219,51.057198],[13.648259,51.057284],[13.648168,51.057412],[13.648151,51.057441],[13.64813,51.057465],[13.64813,51.057466],[13.6481,51.057558],[13.64807,51.057649],[13.648052,51.057706],[13.648033,51.057765],[13.648022,51.057797],[13.647989,51.057893],[13.64797,51.05795],[13.647964,51.057967],[13.647902,51.058048],[13.647861,51.058189],[13.647822,51.058297],[13.647612,51.058879],[13.64757,51.058882],[13.647583,51.058971],[13.647516,51.059228],[13.647432,51.059554],[13.647335,51.059879],[13.647241,51.060195],[13.647238,51.060207],[13.647029,51.060378],[13.646826,51.060549],[13.646506,51.060818],[13.646158,51.06111],[13.64626,51.061313],[13.646216,51.061426],[13.646186,51.061506],[13.646045,51.061492],[13.645923,51.061918],[13.645858,51.062084],[13.645812,51.06216],[13.645743,51.062273],[13.645681,51.06238],[13.645632,51.062465],[13.645589,51.062556],[13.645581,51.062654],[13.645599,51.062886],[13.645614,51.062962],[13.645632,51.063051],[13.645693,51.063165],[13.645773,51.063231],[13.645867,51.063297],[13.646012,51.063364],[13.646198,51.063446],[13.646233,51.063462],[13.646397,51.063494],[13.646425,51.063498],[13.646621,51.063522],[13.646766,51.063543],[13.646842,51.063554],[13.647033,51.06356],[13.647309,51.063582],[13.647536,51.063603],[13.647681,51.06363],[13.64788,51.063681],[13.648181,51.063787],[13.648187,51.06379],[13.648269,51.063817],[13.648388,51.063858],[13.648775,51.063972],[13.649044,51.064052],[13.649295,51.064133],[13.64944,51.064167],[13.6496,51.064174],[13.649713,51.064168],[13.649739,51.064167],[13.649842,51.064153],[13.649941,51.064117],[13.650015,51.064081],[13.650117,51.064032],[13.650189,51.064013],[13.650695,51.063977],[13.651014,51.06395],[13.65182,51.063934],[13.652162,51.063905],[13.652259,51.063895],[13.652378,51.063893],[13.652528,51.063892],[13.652589,51.063895],[13.652606,51.063896],[13.652592,51.063985],[13.65269,51.064008],[13.652737,51.064044],[13.652853,51.064086],[13.652914,51.064106],[13.652966,51.064127],[13.653133,51.06422],[13.653151,51.064239],[13.653355,51.064467],[13.653382,51.064505],[13.65339,51.064517],[13.653408,51.064542],[13.653424,51.064565],[13.653545,51.064705],[13.653791,51.064985],[13.653844,51.06502],[13.653891,51.065051],[13.653899,51.065051],[13.653906,51.06505],[13.653914,51.06505],[13.653922,51.06505],[13.65393,51.06505],[13.653938,51.06505],[13.653946,51.065051],[13.653954,51.065052],[13.653962,51.065052],[13.653969,51.065054],[13.653977,51.065055],[13.653985,51.065056],[13.653992,51.065058],[13.653999,51.06506],[13.654007,51.065062],[13.654014,51.065064],[13.654079,51.065083],[13.654137,51.065129],[13.654194,51.06521],[13.654203,51.065221],[13.654255,51.065272],[13.654306,51.065322],[13.654339,51.065352],[13.654415,51.065403],[13.654503,51.06546],[13.654528,51.065469],[13.654582,51.065489],[13.654608,51.065499],[13.654643,51.06551],[13.654725,51.065553],[13.654781,51.065571],[13.654826,51.065598],[13.654853,51.06561],[13.654812,51.065632],[13.65453,51.065844],[13.654369,51.065957],[13.654215,51.066086],[13.65407,51.066197],[13.653742,51.066443],[13.653583,51.066539],[13.653545,51.066573],[13.653498,51.066616],[13.653196,51.066632],[13.653205,51.066654],[13.653581,51.067524],[13.653613,51.067665],[13.653593,51.067754],[13.653621,51.067757],[13.653641,51.067761],[13.65396,51.067834],[13.654027,51.067849],[13.653976,51.067934],[13.654004,51.068134],[13.654011,51.068189],[13.654042,51.068394],[13.654054,51.068492],[13.654089,51.068636],[13.654142,51.068855],[13.654146,51.068877],[13.654175,51.069024],[13.654284,51.069628],[13.654338,51.069915],[13.654338,51.069916],[13.654346,51.069962],[13.654361,51.070041],[13.654375,51.070079],[13.654446,51.070329],[13.654513,51.070581],[13.654525,51.07061],[13.654598,51.070877],[13.65462,51.070945],[13.654693,51.071022],[13.654633,51.071045],[13.654648,51.071077],[13.654673,51.071132],[13.654682,51.071196],[13.655368,51.070932],[13.655735,51.071328],[13.655796,51.0714],[13.655831,51.07144],[13.655828,51.071529],[13.655909,51.07153],[13.655933,51.071557],[13.655944,51.07157],[13.655964,51.071594],[13.655999,51.071634],[13.656095,51.071756],[13.656157,51.071833],[13.656192,51.071877],[13.656208,51.071898],[13.656261,51.071895],[13.656277,51.071985],[13.656284,51.071994],[13.656425,51.07217],[13.656584,51.072378],[13.656796,51.072686],[13.656864,51.072697],[13.656872,51.07271],[13.657033,51.072971],[13.657143,51.073148],[13.657147,51.073154],[13.657186,51.07324],[13.6572,51.073237],[13.657203,51.073242],[13.657241,51.0733],[13.65726,51.07333],[13.657295,51.073383],[13.657325,51.073431],[13.657323,51.073435],[13.657332,51.073432],[13.657383,51.073516],[13.657438,51.073609],[13.657911,51.0735],[13.658342,51.073402],[13.658388,51.073389],[13.658528,51.073599],[13.659059,51.074353],[13.659271,51.07482],[13.659391,51.075147],[13.659463,51.075418],[13.659497,51.075624],[13.6595,51.07564],[13.659537,51.075825],[13.659263,51.075928],[13.658982,51.076022],[13.658864,51.076063],[13.658878,51.076199],[13.658701,51.076224],[13.658453,51.076261],[13.658314,51.076281],[13.658106,51.076557],[13.657493,51.076854],[13.657062,51.077063],[13.656995,51.077096],[13.656592,51.077237],[13.656518,51.077269],[13.656105,51.077506],[13.655896,51.077626],[13.655087,51.077967],[13.655077,51.077971],[13.654507,51.07818],[13.653963,51.078372],[13.653566,51.078535],[13.652483,51.078978],[13.651844,51.07926],[13.651807,51.079216],[13.651659,51.079223],[13.651631,51.079225],[13.651472,51.079266],[13.651079,51.079402],[13.65107,51.079405],[13.650736,51.079526],[13.650596,51.079579],[13.650045,51.07991],[13.649969,51.079957],[13.649584,51.08019],[13.649592,51.080263],[13.64894,51.0804],[13.648007,51.080587],[13.647849,51.080618],[13.647642,51.08066],[13.647134,51.080745],[13.64676,51.080783],[13.646596,51.0808],[13.646423,51.080822],[13.646452,51.08091],[13.646655,51.081292],[13.646976,51.081235],[13.646986,51.081233],[13.647313,51.081174],[13.647669,51.081122],[13.648098,51.08112],[13.648101,51.08112],[13.64824,51.081119],[13.648592,51.0811],[13.648852,51.081106],[13.648912,51.081228],[13.648958,51.081299],[13.648993,51.081399],[13.649009,51.081418],[13.649073,51.081495],[13.649086,51.08151],[13.64909,51.081516],[13.649113,51.081558],[13.649844,51.082899],[13.649871,51.082949],[13.649934,51.083064],[13.650046,51.08327],[13.650125,51.083345],[13.649802,51.083473],[13.64963,51.083537],[13.649586,51.083553],[13.649476,51.083594],[13.649526,51.083642],[13.650644,51.085306],[13.650931,51.085733],[13.651414,51.086453],[13.651478,51.086549],[13.651588,51.086712],[13.65189,51.087168],[13.652163,51.08758],[13.652204,51.087568],[13.653155,51.087291],[13.653798,51.08707],[13.654135,51.086946],[13.654949,51.086589],[13.655804,51.086145],[13.656412,51.086567],[13.656432,51.086581],[13.656659,51.086738],[13.656676,51.08675],[13.656765,51.086811],[13.657232,51.087132],[13.657239,51.087137],[13.657293,51.087175],[13.657303,51.087202],[13.657311,51.087224],[13.657293,51.087282],[13.657275,51.087328],[13.657255,51.087348],[13.656979,51.087612],[13.656972,51.08763],[13.657001,51.087646],[13.657045,51.08764],[13.657289,51.087529],[13.657471,51.087449],[13.6575,51.087452],[13.657894,51.087654],[13.657991,51.087704],[13.658192,51.087807],[13.658282,51.087855],[13.658349,51.087892],[13.65847,51.087993],[13.658493,51.088019],[13.658542,51.088073],[13.658562,51.088129],[13.658701,51.088107],[13.658925,51.088265],[13.659061,51.088375],[13.659191,51.088478],[13.659299,51.088537],[13.659413,51.088464],[13.659531,51.088398],[13.659627,51.088465],[13.659924,51.088633],[13.660237,51.08881],[13.660278,51.088834],[13.660601,51.089016],[13.660768,51.089111],[13.660934,51.089204],[13.660998,51.089162],[13.66114,51.08906],[13.661201,51.089031],[13.661292,51.088979],[13.661348,51.088948],[13.661368,51.088936],[13.661379,51.08893],[13.661477,51.088874],[13.661519,51.08885],[13.661658,51.088772],[13.661917,51.088917],[13.661927,51.088923],[13.661981,51.088953],[13.662003,51.088965],[13.662063,51.088999],[13.662577,51.089269],[13.663387,51.088652],[13.663888,51.088212],[13.66438,51.087721],[13.664782,51.087279],[13.664828,51.087221],[13.664874,51.087162],[13.664919,51.087104],[13.664964,51.087045],[13.665009,51.086986],[13.665054,51.086927],[13.665098,51.086868],[13.665141,51.086809],[13.665185,51.086749],[13.665228,51.08669],[13.66527,51.08663],[13.665313,51.086571],[13.665355,51.086511],[13.665396,51.086451],[13.665437,51.086391],[13.665478,51.086331],[13.665775,51.085846],[13.666072,51.085359],[13.666357,51.084878],[13.66649,51.084653],[13.66665,51.084394],[13.666937,51.083913],[13.66717,51.083523],[13.667795,51.082474],[13.668355,51.081559],[13.668634,51.081101],[13.668948,51.080597],[13.669196,51.080237],[13.669476,51.079796],[13.669748,51.079364],[13.670105,51.078734],[13.670564,51.078169],[13.670867,51.07756],[13.671148,51.076874],[13.671174,51.076816],[13.671449,51.076262],[13.671686,51.075681],[13.671751,51.075531],[13.671977,51.074998],[13.672277,51.074284],[13.672523,51.073654],[13.672541,51.073612],[13.672583,51.073526],[13.672577,51.073525],[13.672595,51.073485],[13.672631,51.073405],[13.672696,51.073262],[13.672706,51.073239],[13.672722,51.073203],[13.672718,51.073203],[13.672716,51.073202],[13.672761,51.073117],[13.672783,51.07307],[13.672983,51.072467],[13.673281,51.071781],[13.673329,51.071662],[13.673526,51.071263],[13.673778,51.070721],[13.674219,51.069899],[13.674745,51.069059],[13.675364,51.068412],[13.67614,51.067622],[13.676863,51.066934],[13.677149,51.066664],[13.677631,51.066203],[13.678545,51.065596],[13.679344,51.065143],[13.679805,51.064903],[13.679353,51.064522],[13.67934,51.064513],[13.67926,51.064454],[13.679284,51.064442],[13.679194,51.064372],[13.679152,51.064325],[13.679157,51.064322],[13.679213,51.064295],[13.680008,51.063907],[13.680526,51.063673],[13.680869,51.063517],[13.681507,51.063222],[13.681768,51.063073],[13.681973,51.062962],[13.682003,51.062946],[13.681981,51.062931],[13.681963,51.062925],[13.681719,51.062928],[13.681353,51.062937],[13.681186,51.062945],[13.681018,51.062953],[13.68072,51.06297],[13.679996,51.063025],[13.679222,51.063113],[13.678802,51.063202],[13.678734,51.063216],[13.679278,51.062841],[13.67947,51.062721],[13.67968,51.062575],[13.679916,51.062401],[13.680047,51.062306],[13.680149,51.062241],[13.680198,51.062215],[13.68023,51.062198],[13.680301,51.06216],[13.680497,51.062074],[13.680723,51.061988],[13.680945,51.061924],[13.681216,51.061851],[13.680897,51.061733],[13.680014,51.061465],[13.679262,51.061267],[13.678525,51.061087],[13.678175,51.06103],[13.677649,51.060956],[13.676803,51.060825],[13.675754,51.060632],[13.675338,51.060556],[13.674918,51.060479],[13.673761,51.060267],[13.673245,51.060171],[13.672729,51.060076],[13.672208,51.059981],[13.671686,51.059886],[13.671011,51.059752],[13.67105,51.059661],[13.67105,51.059659],[13.671094,51.059475],[13.671249,51.058814],[13.670711,51.058764],[13.670708,51.058763],[13.670701,51.058763],[13.670511,51.058745],[13.670374,51.058732],[13.670427,51.058549],[13.670483,51.058327],[13.670493,51.058288],[13.670495,51.058281],[13.670565,51.058005],[13.67059,51.057963],[13.670678,51.057893],[13.670745,51.057927],[13.670904,51.058004],[13.671034,51.058059],[13.671155,51.058101],[13.671304,51.05815],[13.67148,51.058193],[13.67163,51.058225],[13.67182,51.058261],[13.672058,51.058298],[13.672244,51.058314],[13.672542,51.058344],[13.672867,51.058379],[13.673165,51.058411],[13.673427,51.058429],[13.673663,51.058445],[13.673953,51.058463],[13.674237,51.058485],[13.67425,51.058486],[13.674609,51.058521],[13.674753,51.05853],[13.675212,51.058595],[13.675245,51.058507],[13.675268,51.058398],[13.675269,51.058393],[13.675274,51.058371],[13.675287,51.058303],[13.675315,51.058153],[13.675315,51.058033],[13.675315,51.057963],[13.675315,51.057859],[13.675316,51.057646],[13.675312,51.057426],[13.675312,51.057415],[13.675316,51.057253],[13.675319,51.057169],[13.675325,51.057006],[13.675328,51.056903],[13.675333,51.056764],[13.675353,51.056266],[13.675354,51.056259],[13.675615,51.056279],[13.675662,51.056281],[13.675868,51.056292],[13.676416,51.056321],[13.676676,51.056344],[13.676933,51.056368],[13.677066,51.05638],[13.677117,51.056387],[13.67725,51.05642],[13.677304,51.05648],[13.677427,51.056434],[13.677688,51.056478],[13.677765,51.056336],[13.67779,51.056295],[13.677908,51.056099],[13.67793,51.056064],[13.677934,51.056058],[13.677936,51.056055],[13.677962,51.056015],[13.678113,51.055788],[13.67816,51.055717],[13.678229,51.055735],[13.678236,51.055737],[13.678556,51.055826],[13.678913,51.055929],[13.678942,51.055937],[13.679066,51.055981],[13.679545,51.055453],[13.67971,51.05527],[13.679857,51.05511],[13.679972,51.054973],[13.680036,51.054886],[13.680087,51.05482],[13.680105,51.05479],[13.680116,51.054773],[13.680169,51.054653],[13.68023,51.054486],[13.680282,51.054356],[13.680333,51.054173],[13.680346,51.05407],[13.680388,51.053905],[13.680424,51.053732],[13.680427,51.053716],[13.680469,51.05352],[13.680517,51.053301],[13.68058,51.052993],[13.68061,51.052851],[13.680637,51.052684],[13.680638,51.052627],[13.680623,51.052577],[13.680588,51.052522],[13.68042,51.052487],[13.680227,51.05247],[13.680085,51.052468],[13.679053,51.052449],[13.678932,51.052447],[13.677282,51.052426],[13.677226,51.052425],[13.676307,51.052412],[13.675965,51.052403],[13.675907,51.052402],[13.675673,51.052413],[13.675511,51.05244],[13.675366,51.052481],[13.675336,51.052492],[13.675259,51.052416],[13.675239,51.052181],[13.675236,51.052165],[13.675235,51.05215],[13.675227,51.052064],[13.675221,51.051962],[13.675215,51.051909],[13.675204,51.05183],[13.675193,51.051767],[13.675181,51.051717],[13.675172,51.051678],[13.675178,51.051677],[13.675165,51.051605],[13.675162,51.051584],[13.675148,51.051505],[13.675115,51.051318],[13.675104,51.051255],[13.6751,51.051232],[13.675057,51.051039],[13.675036,51.050935],[13.675013,51.050827],[13.674641,51.050923],[13.674537,51.05091],[13.674535,51.05091],[13.674487,51.050872],[13.674426,51.050835],[13.674414,51.050818],[13.67442,51.050758],[13.67438,51.050748],[13.674329,51.050741],[13.674242,51.05073],[13.674135,51.05071],[13.673795,51.050679],[13.673783,51.050677]]]}},{"type":"Feature","id":"dresden-42","properties":{"city":"Dresden","state":"Sachsen","code":"42","name":"Bühlau/Weißer Hirsch mit Rochwitz und Loschwitz-Nordost","name_atlas":"Bühlau/Weißer Hirsch/Rochwitz/Dresdner Heide","population_est":11415,"crime_total":{"cases":309,"rate":2707.0},"homicide":{"cases":0,"rate":0.0},"sexual":{"cases":15,"rate":131.4},"violence_proxy":{"cases":43,"rate":376.7},"property_total":{"cases":117,"rate":1025.0},"simple_theft":{"cases":49,"rate":429.3},"aggravated_theft":{"cases":68,"rate":595.7},"fraud":{"cases":37,"rate":324.1},"other_stgb":{"cases":92,"rate":806.0},"secondary_law":{"cases":5,"rate":43.8}},"geometry":{"type":"Polygon","coordinates":[[[13.843856,51.043437],[13.8439,51.043351],[13.843942,51.043277],[13.844049,51.043093],[13.843798,51.043116],[13.843765,51.043119],[13.843402,51.043151],[13.843142,51.042988],[13.842979,51.042867],[13.842883,51.042796],[13.842737,51.042869],[13.842472,51.043056],[13.842461,51.043065],[13.842431,51.043051],[13.842292,51.043049],[13.842211,51.043049],[13.842128,51.043122],[13.841881,51.043084],[13.841749,51.043065],[13.841707,51.043059],[13.841579,51.043057],[13.841487,51.043088],[13.841465,51.043095],[13.841445,51.043101],[13.841366,51.043122],[13.841149,51.043168],[13.840974,51.043179],[13.840913,51.043172],[13.840912,51.043172],[13.840911,51.043172],[13.840785,51.043121],[13.840698,51.04308],[13.840495,51.042983],[13.84039,51.042937],[13.840298,51.042898],[13.840162,51.042793],[13.840102,51.042728],[13.840076,51.0427],[13.840018,51.042665],[13.839992,51.042659],[13.839973,51.042653],[13.839915,51.042735],[13.839693,51.042848],[13.839609,51.042921],[13.839645,51.042937],[13.839711,51.042962],[13.839753,51.042988],[13.839754,51.042994],[13.839711,51.042996],[13.839663,51.042998],[13.839607,51.043001],[13.839555,51.042996],[13.839494,51.042985],[13.839449,51.042974],[13.839419,51.042972],[13.839385,51.042973],[13.839324,51.042977],[13.839293,51.04298],[13.839249,51.042982],[13.839254,51.043072],[13.839181,51.043109],[13.839064,51.043161],[13.839067,51.043167],[13.839066,51.043176],[13.839045,51.043189],[13.83903,51.043199],[13.839028,51.0432],[13.838999,51.043215],[13.838965,51.043231],[13.838727,51.043344],[13.838575,51.043417],[13.838413,51.043494],[13.83834,51.043529],[13.838292,51.043552],[13.838277,51.043559],[13.838217,51.043585],[13.83803,51.043665],[13.837684,51.043807],[13.837484,51.043879],[13.837362,51.043957],[13.837265,51.044047],[13.837147,51.043997],[13.837129,51.044003],[13.837122,51.044005],[13.836368,51.043851],[13.836349,51.043847],[13.836334,51.043862],[13.836086,51.044007],[13.835933,51.044125],[13.835919,51.044136],[13.835515,51.044447],[13.835092,51.044835],[13.835006,51.044906],[13.834978,51.044892],[13.834927,51.044949],[13.834883,51.044999],[13.834841,51.045045],[13.834821,51.045068],[13.834751,51.04515],[13.834693,51.045227],[13.834656,51.045273],[13.834646,51.045289],[13.834641,51.045304],[13.834641,51.045319],[13.834643,51.045333],[13.834658,51.045363],[13.834522,51.045391],[13.834331,51.045494],[13.833961,51.045698],[13.833935,51.045718],[13.834016,51.045756],[13.834052,51.045802],[13.834142,51.045861],[13.834222,51.045908],[13.834271,51.045931],[13.834311,51.045973],[13.834374,51.046],[13.834407,51.046024],[13.834418,51.046067],[13.834451,51.046094],[13.834451,51.046136],[13.834435,51.046165],[13.834442,51.046239],[13.834463,51.046278],[13.834536,51.046371],[13.83458,51.046391],[13.834606,51.046443],[13.834654,51.046491],[13.834678,51.046469],[13.834751,51.046478],[13.83478,51.046503],[13.834801,51.046539],[13.834883,51.046679],[13.834907,51.046723],[13.83491,51.046745],[13.834909,51.046762],[13.834903,51.046779],[13.834835,51.046813],[13.834804,51.046855],[13.834802,51.046884],[13.834792,51.046911],[13.834721,51.046937],[13.834706,51.046956],[13.83467,51.046986],[13.834659,51.047045],[13.834613,51.047077],[13.834591,51.047095],[13.834624,51.047138],[13.834602,51.047183],[13.834586,51.047228],[13.834573,51.047248],[13.834569,51.047289],[13.83456,51.047314],[13.834537,51.047368],[13.834527,51.047457],[13.834464,51.047515],[13.834453,51.047576],[13.834461,51.047612],[13.834442,51.047634],[13.834477,51.04772],[13.834477,51.047744],[13.834481,51.047788],[13.834482,51.047822],[13.834512,51.047841],[13.834567,51.047897],[13.834654,51.04794],[13.834423,51.048242],[13.834353,51.048329],[13.834002,51.048621],[13.833772,51.048806],[13.833655,51.048913],[13.833491,51.049062],[13.833669,51.0491],[13.83371,51.049194],[13.833728,51.049237],[13.833698,51.049336],[13.834049,51.049547],[13.833346,51.050093],[13.833166,51.050233],[13.832988,51.050371],[13.832123,51.0505],[13.832131,51.05059],[13.831925,51.050596],[13.831835,51.050597],[13.83175,51.050571],[13.831771,51.050625],[13.831809,51.05072],[13.831836,51.050782],[13.831868,51.050857],[13.831925,51.05096],[13.831999,51.051083],[13.832013,51.05108],[13.832059,51.051165],[13.832329,51.051384],[13.832369,51.051417],[13.832318,51.051534],[13.832316,51.051544],[13.832286,51.051659],[13.83227,51.051698],[13.832218,51.05187],[13.83216,51.052024],[13.832129,51.052134],[13.832107,51.05217],[13.831952,51.052406],[13.831924,51.052441],[13.831852,51.052553],[13.83181,51.052639],[13.831783,51.052634],[13.831739,51.052719],[13.831686,51.0528],[13.831523,51.053074],[13.831349,51.053378],[13.831335,51.053421],[13.831313,51.053468],[13.831294,51.053525],[13.831398,51.053586],[13.831439,51.05368],[13.831271,51.053643],[13.831223,51.053728],[13.831202,51.053782],[13.831124,51.053952],[13.831123,51.053953],[13.83106,51.054123],[13.831051,51.054132],[13.83094,51.054284],[13.830931,51.054295],[13.83089,51.054379],[13.830886,51.054388],[13.830747,51.054687],[13.830546,51.054801],[13.830311,51.054897],[13.830273,51.054912],[13.830216,51.054974],[13.830136,51.055039],[13.830035,51.055174],[13.830023,51.05519],[13.830009,51.055209],[13.830002,51.055281],[13.82994,51.055331],[13.829891,51.055385],[13.829874,51.055401],[13.829784,51.055484],[13.829718,51.055542],[13.829644,51.05561],[13.829498,51.055699],[13.829496,51.055698],[13.829233,51.055891],[13.829206,51.055955],[13.829158,51.056011],[13.829121,51.056032],[13.829091,51.056054],[13.829056,51.05609],[13.828974,51.056172],[13.828946,51.056196],[13.828891,51.056243],[13.828827,51.056228],[13.828773,51.056255],[13.828696,51.056324],[13.828598,51.056382],[13.828557,51.056422],[13.828466,51.056469],[13.828375,51.056538],[13.828264,51.0566],[13.828142,51.056706],[13.828049,51.056756],[13.828008,51.056794],[13.827929,51.056831],[13.827918,51.056833],[13.827922,51.056841],[13.82793,51.056864],[13.827937,51.056894],[13.827931,51.056925],[13.827896,51.056986],[13.827891,51.056995],[13.827749,51.056986],[13.827746,51.057004],[13.827692,51.057161],[13.827637,51.057314],[13.827591,51.057458],[13.827446,51.057724],[13.827438,51.057743],[13.827434,51.057793],[13.827432,51.057922],[13.827407,51.057986],[13.827379,51.058026],[13.827339,51.058064],[13.827295,51.058105],[13.827201,51.058196],[13.827179,51.058258],[13.827541,51.058348],[13.827687,51.058384],[13.827804,51.05841],[13.827903,51.058429],[13.828134,51.058467],[13.828353,51.058503],[13.828541,51.058526],[13.828569,51.058529],[13.828592,51.05844],[13.828607,51.058424],[13.828647,51.058395],[13.82872,51.058368],[13.828778,51.058361],[13.828892,51.058351],[13.828953,51.05834],[13.829068,51.058267],[13.82907,51.058266],[13.829202,51.058247],[13.829309,51.058262],[13.829333,51.058263],[13.829367,51.058265],[13.829418,51.058268],[13.829451,51.05827],[13.829628,51.05828],[13.829902,51.058295],[13.829929,51.058296],[13.830006,51.058306],[13.830088,51.058328],[13.830234,51.058376],[13.830293,51.058395],[13.830449,51.058427],[13.830601,51.058461],[13.830874,51.058539],[13.830987,51.058567],[13.831148,51.058632],[13.831234,51.05867],[13.831434,51.058771],[13.831453,51.05878],[13.831669,51.05887],[13.831859,51.058951],[13.831919,51.058956],[13.832028,51.058958],[13.832079,51.058947],[13.832193,51.058904],[13.832219,51.058912],[13.832271,51.058929],[13.832354,51.058959],[13.832453,51.058995],[13.832537,51.059019],[13.8326,51.059056],[13.83268,51.05912],[13.83277,51.059199],[13.832782,51.059205],[13.832727,51.059227],[13.83268,51.059311],[13.83289,51.059355],[13.833078,51.059388],[13.833288,51.059406],[13.833457,51.059408],[13.833462,51.05948],[13.833461,51.059509],[13.833458,51.059532],[13.833424,51.059615],[13.833412,51.05964],[13.833326,51.059815],[13.833287,51.059877],[13.833254,51.059873],[13.833198,51.059861],[13.832691,51.059753],[13.832636,51.059741],[13.832642,51.059688],[13.832379,51.059648],[13.83238,51.059646],[13.832211,51.059625],[13.832069,51.059609],[13.832009,51.059602],[13.831977,51.059601],[13.83197,51.059618],[13.831948,51.059663],[13.831928,51.059709],[13.831899,51.059773],[13.831756,51.059762],[13.831673,51.059755],[13.831549,51.059745],[13.831502,51.059741],[13.831463,51.059727],[13.831477,51.059657],[13.831371,51.059648],[13.83143,51.05956],[13.831302,51.059531],[13.831225,51.059558],[13.831145,51.059543],[13.831036,51.059525],[13.830808,51.059456],[13.830809,51.059455],[13.830908,51.059347],[13.830922,51.059322],[13.830542,51.059232],[13.83058,51.05918],[13.830604,51.059147],[13.830579,51.059138],[13.830315,51.059051],[13.829751,51.058916],[13.829742,51.058956],[13.829585,51.058955],[13.829513,51.058962],[13.829422,51.05897],[13.829298,51.058981],[13.829269,51.058984],[13.829057,51.059006],[13.828921,51.058886],[13.828862,51.058834],[13.828818,51.058794],[13.828907,51.058734],[13.828919,51.058726],[13.828874,51.058723],[13.828821,51.058721],[13.828617,51.05871],[13.828147,51.058746],[13.828199,51.05881],[13.828217,51.058852],[13.82804,51.058853],[13.82798,51.058866],[13.827977,51.058909],[13.827744,51.058822],[13.827757,51.058798],[13.827689,51.058781],[13.827638,51.058741],[13.827451,51.058798],[13.827394,51.058729],[13.827279,51.058699],[13.827135,51.058667],[13.826771,51.058601],[13.826615,51.058573],[13.826408,51.058586],[13.826223,51.05859],[13.825818,51.058593],[13.825719,51.058594],[13.825702,51.058595],[13.825434,51.058609],[13.825418,51.058609],[13.825294,51.058604],[13.825193,51.058598],[13.825083,51.058589],[13.824811,51.058578],[13.824681,51.058567],[13.824603,51.058561],[13.82458,51.05856],[13.824436,51.058543],[13.824417,51.058539],[13.824219,51.058525],[13.824165,51.058523],[13.823995,51.05852],[13.823822,51.058572],[13.823777,51.058576],[13.823764,51.058498],[13.823744,51.058493],[13.823614,51.058533],[13.823188,51.058443],[13.822833,51.05839],[13.822763,51.058354],[13.822508,51.058215],[13.822426,51.058164],[13.822438,51.058159],[13.822418,51.058143],[13.822195,51.057964],[13.822049,51.05784],[13.822057,51.057835],[13.821859,51.057687],[13.821842,51.057698],[13.821667,51.057584],[13.821483,51.057486],[13.821478,51.057484],[13.821385,51.057448],[13.82137,51.05746],[13.821356,51.05747],[13.821301,51.05736],[13.821138,51.057299],[13.820962,51.057419],[13.820966,51.057427],[13.820958,51.057542],[13.820691,51.057582],[13.820688,51.057582],[13.820663,51.057719],[13.820601,51.057854],[13.820578,51.057859],[13.820542,51.057862],[13.820451,51.057871],[13.820413,51.057875],[13.820413,51.057875],[13.820392,51.05783],[13.820371,51.057784],[13.820331,51.057733],[13.820272,51.057672],[13.820201,51.057611],[13.820183,51.057554],[13.820176,51.057495],[13.820164,51.057409],[13.820137,51.057376],[13.820057,51.057299],[13.819971,51.057224],[13.819966,51.057216],[13.819922,51.057229],[13.819875,51.057245],[13.819733,51.057294],[13.819676,51.057315],[13.81959,51.057349],[13.81943,51.05741],[13.819202,51.057509],[13.819119,51.05754],[13.819002,51.05759],[13.818888,51.05765],[13.818827,51.057617],[13.818759,51.057627],[13.818683,51.057643],[13.818585,51.057659],[13.818583,51.05766],[13.818527,51.057669],[13.818089,51.057744],[13.818118,51.057808],[13.81812,51.057812],[13.818135,51.057846],[13.818155,51.057889],[13.818093,51.057905],[13.818065,51.057913],[13.817971,51.057937],[13.817948,51.057946],[13.817929,51.057954],[13.817913,51.05796],[13.81781,51.058056],[13.817585,51.058012],[13.817553,51.058196],[13.817497,51.058411],[13.817494,51.058423],[13.817621,51.058463],[13.817583,51.058593],[13.81733,51.058689],[13.817308,51.058698],[13.817152,51.058757],[13.81713,51.058764],[13.817115,51.05875],[13.817052,51.058769],[13.816983,51.058793],[13.816769,51.058841],[13.816672,51.058863],[13.816581,51.058884],[13.816284,51.058954],[13.816198,51.058974],[13.81614,51.058873],[13.815888,51.058947],[13.815659,51.059015],[13.815681,51.059044],[13.815702,51.059072],[13.815794,51.059193],[13.81584,51.059259],[13.815875,51.05931],[13.815847,51.059337],[13.815832,51.059314],[13.815715,51.05935],[13.815587,51.059336],[13.815552,51.059344],[13.815502,51.059374],[13.815486,51.059392],[13.815443,51.059477],[13.815454,51.059535],[13.815437,51.059657],[13.815376,51.059725],[13.815295,51.059801],[13.815284,51.059812],[13.815301,51.05982],[13.815058,51.060097],[13.815038,51.06012],[13.815014,51.060148],[13.814926,51.060249],[13.814857,51.060327],[13.814807,51.060385],[13.815368,51.06062],[13.815561,51.06038],[13.815562,51.06038],[13.815865,51.060479],[13.815899,51.060489],[13.815912,51.060493],[13.815942,51.060504],[13.8161,51.06056],[13.816135,51.060573],[13.816203,51.0606],[13.81627,51.06063],[13.81631,51.060648],[13.816474,51.060717],[13.816536,51.060763],[13.816519,51.060776],[13.816064,51.061129],[13.815664,51.060974],[13.815473,51.061011],[13.815344,51.061035],[13.815326,51.061039],[13.815074,51.061091],[13.814747,51.061139],[13.814685,51.06116],[13.814535,51.061212],[13.814308,51.061305],[13.814294,51.061311],[13.814145,51.061375],[13.814011,51.06139],[13.81391,51.061402],[13.813821,51.061504],[13.813817,51.061508],[13.813848,51.061517],[13.813895,51.06153],[13.813812,51.061691],[13.813756,51.061794],[13.813723,51.061793],[13.813709,51.061913],[13.813697,51.062036],[13.81371,51.06212],[13.813734,51.062263],[13.813732,51.062291],[13.813726,51.062318],[13.813707,51.062448],[13.813655,51.062655],[13.813637,51.062744],[13.813623,51.062743],[13.813604,51.062832],[13.813551,51.063008],[13.813537,51.063053],[13.813491,51.063174],[13.813464,51.063247],[13.813437,51.063343],[13.81336,51.063618],[13.813358,51.063627],[13.813323,51.063714],[13.813207,51.063695],[13.813193,51.063693],[13.812953,51.063677],[13.812725,51.063691],[13.812615,51.063717],[13.812508,51.063754],[13.812431,51.063802],[13.81237,51.063842],[13.812299,51.063917],[13.812243,51.063995],[13.812184,51.064069],[13.81218,51.064073],[13.812125,51.06413],[13.812078,51.064166],[13.812055,51.064183],[13.811964,51.064224],[13.811874,51.064254],[13.811942,51.064332],[13.812102,51.064302],[13.812128,51.064279],[13.81213,51.064279],[13.812232,51.06422],[13.812308,51.064206],[13.812396,51.064135],[13.81257,51.064043],[13.812681,51.064045],[13.81268,51.064004],[13.81268,51.064002],[13.812681,51.064002],[13.812702,51.064002],[13.812755,51.064002],[13.812916,51.064003],[13.813208,51.064017],[13.813375,51.064073],[13.813479,51.064091],[13.813676,51.064181],[13.81385,51.064227],[13.813893,51.064299],[13.814014,51.064342],[13.814077,51.064365],[13.814246,51.06442],[13.814388,51.064513],[13.81454,51.064614],[13.814576,51.064643],[13.814647,51.064702],[13.814805,51.064763],[13.814916,51.064892],[13.815023,51.064916],[13.815137,51.0649],[13.81529,51.064918],[13.815545,51.064925],[13.815763,51.064961],[13.815902,51.064964],[13.816157,51.06501],[13.816311,51.065062],[13.816371,51.065082],[13.816493,51.065045],[13.816627,51.065112],[13.816744,51.065195],[13.816825,51.065249],[13.816841,51.065314],[13.816824,51.06538],[13.816817,51.065406],[13.816826,51.065496],[13.816827,51.065636],[13.816909,51.065789],[13.81707,51.065879],[13.81723,51.065932],[13.81736,51.065973],[13.817367,51.06596],[13.817394,51.065968],[13.817455,51.066008],[13.817685,51.066081],[13.817831,51.066102],[13.81798,51.066104],[13.818064,51.066098],[13.818234,51.066089],[13.818435,51.066078],[13.818468,51.06608],[13.8185,51.066081],[13.818533,51.066082],[13.81854,51.066082],[13.818546,51.066081],[13.818553,51.06608],[13.81856,51.066079],[13.818567,51.066079],[13.818573,51.066078],[13.81858,51.066077],[13.818587,51.066075],[13.818593,51.066074],[13.818598,51.066074],[13.818603,51.066073],[13.818608,51.066072],[13.818614,51.066072],[13.818619,51.066071],[13.818624,51.06607],[13.818629,51.066069],[13.818634,51.066068],[13.818639,51.066067],[13.818644,51.066065],[13.818649,51.066064],[13.818654,51.066063],[13.818659,51.066061],[13.818663,51.06606],[13.818668,51.066058],[13.818673,51.066057],[13.818678,51.066055],[13.818682,51.066053],[13.818687,51.066051],[13.818692,51.066049],[13.818696,51.066047],[13.818701,51.066045],[13.818705,51.066043],[13.818709,51.066041],[13.818713,51.066039],[13.818718,51.066037],[13.818722,51.066034],[13.818726,51.066032],[13.818729,51.06603],[13.818733,51.066027],[13.818737,51.066025],[13.818741,51.066022],[13.818744,51.06602],[13.818748,51.066017],[13.818751,51.066014],[13.818754,51.066012],[13.818757,51.066009],[13.81876,51.066006],[13.818763,51.066003],[13.818766,51.066],[13.818769,51.065998],[13.818771,51.065995],[13.818774,51.065992],[13.818776,51.065989],[13.818779,51.065986],[13.818781,51.065983],[13.818783,51.06598],[13.819,51.065917],[13.819003,51.065916],[13.819006,51.065915],[13.81901,51.065914],[13.819013,51.065913],[13.819017,51.065912],[13.81902,51.065912],[13.819024,51.065911],[13.819028,51.06591],[13.819031,51.06591],[13.819035,51.065909],[13.819039,51.065909],[13.819043,51.065908],[13.819046,51.065908],[13.81905,51.065908],[13.819054,51.065907],[13.819058,51.065907],[13.819062,51.065907],[13.819066,51.065907],[13.81907,51.065907],[13.819073,51.065907],[13.819077,51.065908],[13.819081,51.065908],[13.819085,51.065908],[13.819089,51.065909],[13.819092,51.065909],[13.819096,51.06591],[13.8191,51.06591],[13.819103,51.065911],[13.819107,51.065912],[13.81911,51.065913],[13.819114,51.065913],[13.819117,51.065914],[13.819132,51.065918],[13.819147,51.065922],[13.819162,51.065926],[13.819176,51.065929],[13.819191,51.065933],[13.819206,51.065937],[13.81922,51.065941],[13.819235,51.065945],[13.819249,51.06595],[13.819264,51.065954],[13.819278,51.065958],[13.819293,51.065962],[13.819307,51.065967],[13.819321,51.065971],[13.819335,51.065976],[13.819447,51.066015],[13.819453,51.066017],[13.81946,51.06602],[13.819466,51.066022],[13.819472,51.066025],[13.819478,51.066028],[13.819484,51.066031],[13.81949,51.066034],[13.819496,51.066037],[13.819502,51.06604],[13.819508,51.066043],[13.819513,51.066046],[13.819519,51.066049],[13.819525,51.066052],[13.81953,51.066055],[13.819536,51.066059],[13.819541,51.066062],[13.819546,51.066066],[13.819552,51.066069],[13.819557,51.066073],[13.819562,51.066076],[13.819567,51.06608],[13.819572,51.066083],[13.819576,51.066087],[13.819581,51.066091],[13.819586,51.066095],[13.81959,51.066098],[13.819595,51.066102],[13.819599,51.066106],[13.819603,51.06611],[13.819607,51.066114],[13.819612,51.066118],[13.819616,51.066122],[13.819619,51.066126],[13.819623,51.06613],[13.819626,51.066133],[13.819629,51.066137],[13.819632,51.06614],[13.819635,51.066144],[13.819639,51.066148],[13.819642,51.066153],[13.819645,51.066157],[13.819648,51.066161],[13.819651,51.066166],[13.819654,51.06617],[13.819657,51.066175],[13.81966,51.066179],[13.819663,51.066184],[13.819665,51.066188],[13.819667,51.066193],[13.819671,51.066195],[13.819675,51.066198],[13.819679,51.0662],[13.819762,51.066233],[13.819767,51.066235],[13.819772,51.066236],[13.819777,51.066237],[13.819783,51.066238],[13.819788,51.066239],[13.819793,51.06624],[13.819799,51.066241],[13.819804,51.066242],[13.81981,51.066242],[13.819815,51.066243],[13.819821,51.066244],[13.819826,51.066244],[13.819832,51.066245],[13.819838,51.066245],[13.819843,51.066245],[13.819849,51.066246],[13.819854,51.066246],[13.81986,51.066246],[13.819865,51.066246],[13.819871,51.066246],[13.819876,51.066246],[13.819882,51.066245],[13.819887,51.066245],[13.819892,51.066245],[13.819898,51.066244],[13.819903,51.066244],[13.819908,51.066243],[13.819914,51.066243],[13.819919,51.066242],[13.819924,51.066241],[13.819929,51.066241],[13.820063,51.066227],[13.820199,51.06613],[13.820435,51.066012],[13.82066,51.065948],[13.82067,51.065945],[13.82068,51.065942],[13.820691,51.065939],[13.820701,51.065937],[13.820711,51.065934],[13.820722,51.065931],[13.820732,51.065929],[13.820742,51.065926],[13.820753,51.065924],[13.820763,51.065921],[13.820774,51.065919],[13.820785,51.065917],[13.820795,51.065915],[13.820806,51.065913],[13.820817,51.065911],[13.820827,51.065909],[13.820838,51.065907],[13.820849,51.065905],[13.82086,51.065903],[13.820871,51.065901],[13.820881,51.0659],[13.820892,51.065898],[13.820903,51.065897],[13.820914,51.065895],[13.820925,51.065894],[13.820936,51.065892],[13.820947,51.065891],[13.820958,51.06589],[13.820969,51.065889],[13.82098,51.065888],[13.820991,51.065887],[13.821003,51.065886],[13.821014,51.065884],[13.821026,51.065883],[13.821038,51.065882],[13.821049,51.06588],[13.821061,51.065878],[13.821072,51.065877],[13.821083,51.065875],[13.821095,51.065873],[13.821106,51.065871],[13.821117,51.065869],[13.821128,51.065867],[13.821139,51.065865],[13.82115,51.065863],[13.821161,51.065861],[13.821172,51.065859],[13.821183,51.065857],[13.821194,51.065854],[13.821205,51.065852],[13.821216,51.065849],[13.821226,51.065847],[13.821237,51.065844],[13.821743,51.065734],[13.821748,51.065733],[13.821753,51.065731],[13.821759,51.06573],[13.821764,51.065729],[13.82177,51.065727],[13.821775,51.065726],[13.821781,51.065725],[13.821786,51.065724],[13.821792,51.065723],[13.821798,51.065722],[13.821803,51.065722],[13.821809,51.065721],[13.821815,51.06572],[13.821821,51.06572],[13.821826,51.065719],[13.821984,51.065706],[13.821996,51.065705],[13.822002,51.065704],[13.822008,51.065703],[13.822014,51.065702],[13.822019,51.065701],[13.822025,51.0657],[13.822031,51.0657],[13.822037,51.065699],[13.822043,51.065699],[13.822049,51.065698],[13.822055,51.065698],[13.822061,51.065698],[13.822067,51.065698],[13.822073,51.065697],[13.822079,51.065697],[13.822085,51.065697],[13.822135,51.065701],[13.822186,51.065705],[13.82219,51.065704],[13.822194,51.065704],[13.822198,51.065704],[13.822202,51.065703],[13.822207,51.065703],[13.822211,51.065703],[13.822215,51.065703],[13.82222,51.065703],[13.822224,51.065703],[13.822228,51.065703],[13.822233,51.065704],[13.822237,51.065704],[13.822241,51.065704],[13.822245,51.065705],[13.82225,51.065705],[13.822254,51.065706],[13.822258,51.065707],[13.822262,51.065707],[13.822267,51.065708],[13.822271,51.065709],[13.822275,51.06571],[13.822279,51.065711],[13.822283,51.065712],[13.822287,51.065713],[13.82229,51.065714],[13.822294,51.065715],[13.822298,51.065717],[13.822302,51.065718],[13.822305,51.065719],[13.822311,51.065722],[13.822318,51.065725],[13.822324,51.065727],[13.822331,51.06573],[13.822337,51.065732],[13.822344,51.065734],[13.82235,51.065737],[13.822357,51.065739],[13.822364,51.065741],[13.82237,51.065743],[13.822377,51.065745],[13.822384,51.065748],[13.822391,51.065749],[13.822398,51.065751],[13.822405,51.065753],[13.822412,51.065755],[13.822419,51.065757],[13.822426,51.065758],[13.822433,51.06576],[13.82244,51.065762],[13.822448,51.065763],[13.822455,51.065764],[13.822462,51.065766],[13.82247,51.065767],[13.822477,51.065768],[13.822484,51.065769],[13.822492,51.06577],[13.822499,51.065771],[13.822506,51.065772],[13.822514,51.065773],[13.822521,51.065774],[13.822529,51.065775],[13.822636,51.065783],[13.822857,51.065799],[13.822863,51.065799],[13.822885,51.065801],[13.822906,51.065802],[13.822927,51.065803],[13.822948,51.065804],[13.822969,51.065805],[13.82299,51.065805],[13.82301,51.065806],[13.823031,51.065807],[13.823051,51.065807],[13.823071,51.065808],[13.823213,51.065821],[13.823353,51.065848],[13.823486,51.065897],[13.823489,51.065899],[13.823492,51.0659],[13.823495,51.065901],[13.823498,51.065903],[13.823501,51.065904],[13.823505,51.065905],[13.823508,51.065906],[13.823512,51.065907],[13.823515,51.065909],[13.823518,51.06591],[13.823522,51.06591],[13.823526,51.065911],[13.823529,51.065912],[13.823533,51.065913],[13.823536,51.065913],[13.82354,51.065914],[13.823544,51.065915],[13.823996,51.06601],[13.823999,51.066011],[13.824002,51.066012],[13.824005,51.066013],[13.824008,51.066014],[13.824012,51.066014],[13.824015,51.066015],[13.824019,51.066016],[13.824022,51.066017],[13.824025,51.066017],[13.824029,51.066018],[13.824032,51.066018],[13.824036,51.066018],[13.82404,51.066019],[13.824043,51.066019],[13.824047,51.066019],[13.82405,51.066019],[13.824054,51.066019],[13.824058,51.066019],[13.824061,51.066019],[13.824065,51.066019],[13.824068,51.066018],[13.824072,51.066018],[13.824075,51.066018],[13.824079,51.066017],[13.824082,51.066017],[13.824085,51.066016],[13.82422,51.066015],[13.824229,51.066018],[13.824237,51.06602],[13.824246,51.066022],[13.824255,51.066024],[13.824263,51.066026],[13.824272,51.066027],[13.824281,51.066029],[13.82429,51.066031],[13.824299,51.066033],[13.824308,51.066034],[13.824317,51.066036],[13.824326,51.066037],[13.824335,51.066039],[13.824344,51.06604],[13.824353,51.066041],[13.824362,51.066042],[13.824371,51.066043],[13.82438,51.066045],[13.824389,51.066046],[13.824398,51.066046],[13.824407,51.066047],[13.824417,51.066048],[13.824426,51.066049],[13.824435,51.066049],[13.824444,51.06605],[13.824453,51.066051],[13.824463,51.066051],[13.824472,51.066051],[13.824524,51.066059],[13.824534,51.066062],[13.824544,51.066065],[13.824554,51.066068],[13.824564,51.066071],[13.824574,51.066074],[13.824585,51.066077],[13.824595,51.066079],[13.824605,51.066082],[13.824616,51.066085],[13.824626,51.066087],[13.824636,51.06609],[13.824647,51.066092],[13.824657,51.066094],[13.824668,51.066097],[13.824679,51.066099],[13.824689,51.066101],[13.8247,51.066103],[13.824711,51.066105],[13.824721,51.066107],[13.824732,51.066109],[13.824743,51.066111],[13.824754,51.066113],[13.824765,51.066114],[13.824775,51.066116],[13.824786,51.066118],[13.824797,51.066119],[13.824808,51.06612],[13.824819,51.066122],[13.82483,51.066123],[13.82484,51.066128],[13.82485,51.066132],[13.82486,51.066136],[13.82487,51.066141],[13.82488,51.066145],[13.82489,51.066149],[13.8249,51.066154],[13.824911,51.066158],[13.824921,51.066162],[13.824932,51.066166],[13.824942,51.06617],[13.824953,51.066174],[13.824963,51.066177],[13.824974,51.066181],[13.824985,51.066185],[13.824996,51.066189],[13.825007,51.066192],[13.825018,51.066196],[13.825029,51.066199],[13.82504,51.066203],[13.825051,51.066206],[13.825062,51.066209],[13.825073,51.066212],[13.825084,51.066215],[13.825096,51.066219],[13.825107,51.066222],[13.825118,51.066224],[13.82513,51.066227],[13.825141,51.06623],[13.825153,51.066233],[13.825164,51.066236],[13.825176,51.066238],[13.825187,51.066241],[13.825199,51.066243],[13.82521,51.066246],[13.825222,51.066248],[13.825234,51.06625],[13.825246,51.066252],[13.825257,51.066254],[13.825269,51.066256],[13.825281,51.066258],[13.825537,51.066353],[13.825638,51.066453],[13.825765,51.066494],[13.826066,51.066582],[13.82628,51.066621],[13.826597,51.066716],[13.826718,51.066752],[13.826763,51.066766],[13.826879,51.066818],[13.827069,51.066846],[13.827196,51.066834],[13.827523,51.066766],[13.827674,51.066749],[13.827757,51.06675],[13.827925,51.066764],[13.828063,51.066783],[13.828217,51.066774],[13.82839,51.066765],[13.828671,51.066801],[13.82899,51.06681],[13.829283,51.066796],[13.829637,51.066803],[13.829831,51.066827],[13.830234,51.06689],[13.830433,51.066921],[13.830625,51.066951],[13.830816,51.066981],[13.83091,51.066984],[13.830967,51.067],[13.830981,51.067004],[13.831035,51.066996],[13.83112,51.066983],[13.831255,51.067],[13.831343,51.06705],[13.831492,51.067054],[13.831576,51.067053],[13.831666,51.067067],[13.831896,51.067107],[13.831924,51.067137],[13.832001,51.067126],[13.832042,51.067106],[13.832116,51.067117],[13.83215,51.067096],[13.832226,51.067122],[13.832355,51.067116],[13.832528,51.067148],[13.832704,51.067146],[13.832778,51.067118],[13.832861,51.067145],[13.832899,51.067207],[13.832934,51.067229],[13.833029,51.067211],[13.833096,51.067255],[13.833201,51.067274],[13.833233,51.067265],[13.833327,51.067276],[13.833447,51.067228],[13.833508,51.067202],[13.833517,51.067167],[13.83355,51.067132],[13.833614,51.067103],[13.83361,51.067053],[13.833683,51.067051],[13.833762,51.067043],[13.833801,51.067033],[13.83389,51.067072],[13.834027,51.067063],[13.834102,51.067057],[13.834203,51.06704],[13.834295,51.067046],[13.834381,51.067046],[13.834547,51.066997],[13.834629,51.067018],[13.834658,51.067009],[13.834771,51.067027],[13.834866,51.06701],[13.834937,51.066976],[13.835022,51.066965],[13.83507,51.066936],[13.835131,51.066932],[13.835187,51.066952],[13.835276,51.066951],[13.835323,51.066977],[13.835345,51.066979],[13.835367,51.066982],[13.835449,51.067017],[13.835797,51.06703],[13.836024,51.067029],[13.836193,51.066934],[13.836169,51.066571],[13.836278,51.066462],[13.836777,51.066309],[13.837017,51.066236],[13.837383,51.06613],[13.838919,51.066184],[13.839871,51.066215],[13.839903,51.066216],[13.839905,51.066214],[13.839908,51.066215],[13.839941,51.066216],[13.839728,51.06642],[13.839728,51.066421],[13.839679,51.066448],[13.839673,51.066457],[13.840425,51.066741],[13.84051,51.066653],[13.840756,51.066415],[13.840895,51.066281],[13.841039,51.06629],[13.841083,51.066293],[13.841245,51.066304],[13.841512,51.066323],[13.841999,51.066356],[13.842839,51.066222],[13.84288,51.066136],[13.843224,51.066195],[13.843585,51.066256],[13.843759,51.066246],[13.84389,51.066239],[13.843979,51.066233],[13.843985,51.066231],[13.84401,51.066221],[13.844383,51.065984],[13.84448,51.065922],[13.844741,51.065743],[13.84492,51.065618],[13.845131,51.065424],[13.845216,51.065318],[13.845357,51.065184],[13.845599,51.064961],[13.845841,51.064721],[13.846085,51.064495],[13.846269,51.064318],[13.846465,51.064141],[13.846556,51.064154],[13.846874,51.064204],[13.846988,51.064222],[13.847125,51.064242],[13.847443,51.064287],[13.847605,51.064312],[13.847664,51.064322],[13.847897,51.064362],[13.847953,51.064371],[13.847959,51.064372],[13.848146,51.064404],[13.848356,51.064419],[13.848409,51.064418],[13.84842,51.064417],[13.848486,51.064414],[13.848912,51.064393],[13.848934,51.064389],[13.848961,51.064384],[13.849137,51.064351],[13.849384,51.064262],[13.849682,51.064151],[13.849701,51.064144],[13.849786,51.064114],[13.850056,51.064017],[13.850148,51.063984],[13.850381,51.063906],[13.850421,51.063892],[13.850484,51.063871],[13.850813,51.063756],[13.851025,51.063681],[13.851105,51.06376],[13.851208,51.06386],[13.851356,51.064003],[13.851484,51.064129],[13.851499,51.064144],[13.85151,51.064153],[13.851668,51.064307],[13.851824,51.064463],[13.85197,51.064603],[13.852107,51.064735],[13.852117,51.064745],[13.852124,51.064756],[13.852134,51.064766],[13.852307,51.064933],[13.852324,51.064948],[13.852329,51.064953],[13.852397,51.065019],[13.852496,51.065115],[13.852543,51.065161],[13.852598,51.065214],[13.852747,51.065358],[13.852808,51.065417],[13.852788,51.065436],[13.85277,51.065454],[13.85272,51.065501],[13.852618,51.0656],[13.852935,51.065715],[13.853219,51.065818],[13.853252,51.065832],[13.853313,51.065854],[13.853507,51.06593],[13.853771,51.066036],[13.853953,51.066111],[13.853951,51.066114],[13.853951,51.066195],[13.853944,51.066404],[13.853941,51.066637],[13.854381,51.066741],[13.854447,51.066757],[13.854498,51.066769],[13.854515,51.066773],[13.854653,51.066543],[13.854997,51.066627],[13.855071,51.066499],[13.855173,51.066322],[13.855431,51.066355],[13.8557,51.06639],[13.855808,51.066404],[13.855883,51.066411],[13.855967,51.06642],[13.856229,51.06645],[13.856511,51.066483],[13.856713,51.066511],[13.856757,51.066498],[13.857269,51.066351],[13.857361,51.066325],[13.858015,51.066137],[13.858058,51.066123],[13.858284,51.066051],[13.858364,51.066026],[13.858382,51.06602],[13.858437,51.066003],[13.858492,51.065985],[13.858548,51.065968],[13.858574,51.06596],[13.858619,51.065946],[13.859003,51.065823],[13.859102,51.065791],[13.859118,51.065786],[13.85918,51.065767],[13.859762,51.065584],[13.859804,51.065573],[13.86004,51.065505],[13.860083,51.065492],[13.860085,51.065492],[13.860089,51.06549],[13.860182,51.065464],[13.860214,51.065454],[13.860473,51.065354],[13.860485,51.06534],[13.860521,51.065253],[13.860854,51.065308],[13.861006,51.06534],[13.861087,51.065357],[13.861514,51.065453],[13.861902,51.065543],[13.862367,51.065655],[13.862517,51.065689],[13.862798,51.065751],[13.863107,51.06582],[13.863572,51.065931],[13.864109,51.066079],[13.864581,51.066224],[13.865169,51.066406],[13.865604,51.06655],[13.865862,51.066636],[13.866067,51.066717],[13.866223,51.066791],[13.866277,51.06675],[13.866287,51.066738],[13.866305,51.066718],[13.866585,51.066403],[13.866682,51.066294],[13.866857,51.066113],[13.866871,51.066099],[13.866905,51.066064],[13.866914,51.066054],[13.867078,51.065886],[13.867087,51.065875],[13.867113,51.065845],[13.867197,51.065773],[13.867297,51.065651],[13.867706,51.065168],[13.867997,51.064829],[13.868125,51.064678],[13.868226,51.064567],[13.86843,51.06433],[13.868547,51.064169],[13.86868,51.063964],[13.868818,51.063745],[13.868922,51.063558],[13.869053,51.063343],[13.869263,51.062961],[13.869498,51.062484],[13.869626,51.062177],[13.869692,51.062049],[13.870004,51.061439],[13.870052,51.061342],[13.870067,51.061343],[13.87009,51.061254],[13.870099,51.061231],[13.870107,51.061213],[13.870126,51.061167],[13.870135,51.061146],[13.870445,51.060392],[13.870452,51.060376],[13.870559,51.060163],[13.870805,51.059769],[13.87082,51.059742],[13.87087,51.059621],[13.87087,51.05962],[13.870929,51.059397],[13.870938,51.0592],[13.870918,51.059037],[13.870787,51.05862],[13.870693,51.058279],[13.870673,51.058148],[13.870654,51.057963],[13.870663,51.057844],[13.87067,51.057787],[13.870671,51.057769],[13.870506,51.057285],[13.870482,51.057139],[13.870471,51.056993],[13.870464,51.056888],[13.870463,51.056846],[13.870462,51.056787],[13.87047,51.056492],[13.870472,51.056476],[13.87049,51.056387],[13.870449,51.056378],[13.870493,51.056293],[13.8705,51.05625],[13.870509,51.056086],[13.870521,51.055898],[13.870529,51.055776],[13.870529,51.055679],[13.87053,51.05564],[13.870516,51.055518],[13.87051,51.055477],[13.870484,51.055346],[13.870457,51.055275],[13.870414,51.055153],[13.87037,51.05507],[13.870309,51.05494],[13.87025,51.054828],[13.870228,51.054778],[13.870198,51.054751],[13.870114,51.054583],[13.8701,51.054557],[13.870039,51.054452],[13.869994,51.054401],[13.86982,51.0542],[13.869704,51.054067],[13.869661,51.054017],[13.869525,51.053838],[13.869463,51.053762],[13.869405,51.053705],[13.869282,51.053575],[13.869192,51.053479],[13.869156,51.053438],[13.869064,51.053331],[13.868988,51.053255],[13.869,51.053251],[13.869048,51.05323],[13.869328,51.053108],[13.869598,51.052988],[13.869604,51.052985],[13.869524,51.052911],[13.869496,51.052881],[13.869394,51.052774],[13.86937,51.052748],[13.869192,51.052561],[13.869173,51.052542],[13.868985,51.052343],[13.868697,51.052042],[13.868668,51.052011],[13.868641,51.052026],[13.868392,51.052165],[13.868183,51.05227],[13.868161,51.052281],[13.867977,51.052142],[13.86795,51.052124],[13.86783,51.052039],[13.867783,51.052006],[13.867708,51.051955],[13.867614,51.051891],[13.867601,51.051881],[13.867592,51.051874],[13.867489,51.051773],[13.867386,51.051681],[13.867279,51.051583],[13.86714,51.051455],[13.867025,51.051355],[13.866801,51.051158],[13.86679,51.051148],[13.866789,51.051147],[13.866448,51.050831],[13.866328,51.050782],[13.86632,51.05079],[13.866287,51.050834],[13.866157,51.050798],[13.865665,51.050791],[13.865074,51.050783],[13.864744,51.050779],[13.864459,51.050398],[13.864259,51.050129],[13.86402,51.049809],[13.863777,51.049471],[13.863614,51.049214],[13.86361,51.049208],[13.863585,51.049167],[13.86354,51.049094],[13.863527,51.049098],[13.863502,51.049107],[13.863485,51.049113],[13.86345,51.049116],[13.863376,51.049126],[13.863332,51.049133],[13.863252,51.049139],[13.863188,51.049147],[13.863146,51.049149],[13.863124,51.04913],[13.863075,51.049142],[13.863014,51.049152],[13.862944,51.049159],[13.862876,51.049167],[13.862813,51.04919],[13.862742,51.049201],[13.862658,51.049185],[13.862602,51.049196],[13.862551,51.04922],[13.862529,51.049238],[13.862474,51.049266],[13.862406,51.049252],[13.862335,51.049249],[13.862283,51.049249],[13.86224,51.049249],[13.862213,51.049256],[13.862141,51.049229],[13.862115,51.04922],[13.862052,51.049244],[13.861998,51.049264],[13.861929,51.049271],[13.861882,51.049311],[13.861866,51.049341],[13.86187,51.049357],[13.86187,51.04937],[13.861812,51.049365],[13.861755,51.049357],[13.861718,51.049368],[13.861649,51.049369],[13.861489,51.049388],[13.861427,51.049407],[13.861353,51.049394],[13.861287,51.049398],[13.861245,51.049417],[13.861211,51.049411],[13.861171,51.049428],[13.861137,51.049439],[13.861081,51.049437],[13.861018,51.049449],[13.861001,51.049486],[13.860978,51.049505],[13.860951,51.049519],[13.860946,51.049521],[13.860911,51.049528],[13.860893,51.049567],[13.860812,51.049628],[13.860793,51.049635],[13.860753,51.049637],[13.860697,51.049635],[13.860664,51.049626],[13.860616,51.049621],[13.860587,51.049616],[13.860561,51.0496],[13.860505,51.049587],[13.860463,51.04958],[13.860428,51.049572],[13.86038,51.049565],[13.860361,51.04956],[13.860317,51.04953],[13.860266,51.04954],[13.86024,51.049557],[13.86021,51.049556],[13.860163,51.049538],[13.860101,51.049532],[13.86005,51.049541],[13.860002,51.049515],[13.85996,51.049443],[13.859928,51.049449],[13.859905,51.049445],[13.859866,51.049449],[13.859854,51.049434],[13.859825,51.049426],[13.859816,51.049408],[13.859759,51.049403],[13.859744,51.049392],[13.859755,51.04935],[13.859737,51.049335],[13.859723,51.049351],[13.859655,51.049346],[13.85964,51.049326],[13.859641,51.049307],[13.859635,51.049282],[13.85963,51.049258],[13.859619,51.04921],[13.859584,51.049194],[13.859552,51.049154],[13.859539,51.049123],[13.859494,51.049092],[13.859445,51.049076],[13.859334,51.04906],[13.85925,51.049027],[13.859219,51.049004],[13.859121,51.049003],[13.859107,51.04895],[13.859056,51.048914],[13.859007,51.048906],[13.85896,51.048907],[13.85892,51.048911],[13.858875,51.048889],[13.858824,51.048851],[13.858837,51.048821],[13.858805,51.048811],[13.858797,51.048777],[13.858762,51.048774],[13.858759,51.048792],[13.85868,51.048799],[13.858666,51.048767],[13.858644,51.048758],[13.858636,51.048732],[13.858637,51.048719],[13.858637,51.048701],[13.85861,51.04869],[13.858612,51.048666],[13.858593,51.048661],[13.858584,51.048623],[13.858566,51.048602],[13.858519,51.048596],[13.858485,51.048572],[13.858455,51.048563],[13.858426,51.048546],[13.858394,51.04854],[13.858385,51.04852],[13.858361,51.048501],[13.858298,51.048505],[13.858291,51.048526],[13.858264,51.048532],[13.85823,51.048527],[13.858143,51.048514],[13.858099,51.0485],[13.858081,51.048483],[13.858108,51.048468],[13.858111,51.048443],[13.858079,51.048425],[13.85809,51.048389],[13.858045,51.048397],[13.858017,51.048383],[13.858042,51.048367],[13.858021,51.048331],[13.857953,51.048294],[13.857916,51.048293],[13.857878,51.04827],[13.85783,51.048286],[13.857787,51.048262],[13.85775,51.048287],[13.857604,51.048271],[13.857615,51.04825],[13.857607,51.048231],[13.85763,51.048224],[13.857621,51.048201],[13.857601,51.048196],[13.857581,51.048177],[13.857588,51.048153],[13.857614,51.048154],[13.857622,51.048137],[13.857594,51.048127],[13.857534,51.048136],[13.857527,51.048111],[13.857498,51.048105],[13.857502,51.048076],[13.857486,51.048045],[13.857472,51.048032],[13.857448,51.048012],[13.857358,51.048013],[13.857371,51.04808],[13.85726,51.048106],[13.857252,51.048125],[13.857205,51.048137],[13.85718,51.048118],[13.857106,51.048125],[13.857094,51.048108],[13.857128,51.048075],[13.857083,51.048061],[13.857084,51.048039],[13.857041,51.048027],[13.856981,51.048007],[13.856972,51.04798],[13.856902,51.047952],[13.85683,51.047875],[13.856775,51.047901],[13.856756,51.047884],[13.856747,51.047875],[13.856706,51.047876],[13.856657,51.047851],[13.856618,51.047835],[13.856599,51.047813],[13.856561,51.047811],[13.856536,51.047834],[13.856487,51.047834],[13.856449,51.047815],[13.856429,51.047786],[13.856383,51.047769],[13.856348,51.047763],[13.85634,51.047766],[13.85632,51.047771],[13.85632,51.04779],[13.856277,51.047821],[13.856241,51.047795],[13.856212,51.047792],[13.856171,51.047807],[13.856098,51.047813],[13.856065,51.047799],[13.856023,51.047799],[13.856015,51.047781],[13.855961,51.047774],[13.855936,51.047781],[13.855938,51.047795],[13.855923,51.047796],[13.855893,51.047795],[13.855781,51.04783],[13.855752,51.047824],[13.855727,51.047818],[13.855716,51.047798],[13.855672,51.047786],[13.855656,51.047759],[13.855607,51.047757],[13.855565,51.047732],[13.855488,51.04771],[13.855493,51.047696],[13.855476,51.047698],[13.855447,51.047673],[13.85544,51.047671],[13.85541,51.04766],[13.855367,51.047659],[13.855291,51.047686],[13.855224,51.04769],[13.855147,51.047692],[13.855125,51.047687],[13.855103,51.047668],[13.855048,51.047643],[13.855009,51.047607],[13.854992,51.047576],[13.854983,51.047529],[13.854958,51.047498],[13.854912,51.047482],[13.854907,51.047475],[13.854919,51.047452],[13.854897,51.047434],[13.854841,51.047431],[13.854831,51.047422],[13.85484,51.047396],[13.854826,51.047372],[13.854791,51.047363],[13.854707,51.047308],[13.854598,51.047296],[13.854506,51.047322],[13.854472,51.047305],[13.854459,51.04727],[13.854435,51.047252],[13.854377,51.047247],[13.854329,51.047236],[13.854234,51.047202],[13.854201,51.047183],[13.854159,51.047171],[13.85406,51.047156],[13.854015,51.047149],[13.853984,51.047138],[13.853932,51.047146],[13.853892,51.047129],[13.853829,51.047114],[13.853736,51.047108],[13.853684,51.04709],[13.853614,51.046996],[13.853563,51.046957],[13.85354,51.046934],[13.8535,51.046912],[13.853471,51.046913],[13.853454,51.046921],[13.853435,51.046924],[13.853409,51.046914],[13.853368,51.046856],[13.85334,51.046833],[13.853282,51.046823],[13.853263,51.046809],[13.853252,51.046792],[13.853255,51.04677],[13.853233,51.046735],[13.853186,51.046722],[13.853163,51.046696],[13.853133,51.046651],[13.853118,51.046647],[13.853087,51.046655],[13.853062,51.046654],[13.85306,51.046637],[13.853048,51.046609],[13.85306,51.046576],[13.853051,51.046562],[13.853024,51.046555],[13.852975,51.046569],[13.852948,51.046567],[13.852923,51.046558],[13.852886,51.046541],[13.852884,51.04654],[13.852868,51.046528],[13.852864,51.046513],[13.85287,51.046498],[13.852908,51.046485],[13.852945,51.046462],[13.852948,51.046434],[13.852903,51.046409],[13.852871,51.046406],[13.852841,51.046406],[13.852778,51.04638],[13.852759,51.046372],[13.852738,51.046356],[13.852722,51.046314],[13.852727,51.046278],[13.85267,51.046235],[13.852599,51.046204],[13.852577,51.046174],[13.852564,51.04616],[13.852525,51.046147],[13.852504,51.046136],[13.852492,51.04613],[13.852477,51.046118],[13.85247,51.046076],[13.852454,51.046061],[13.852391,51.046037],[13.852372,51.046021],[13.852349,51.046025],[13.852335,51.046036],[13.852305,51.046048],[13.852287,51.046047],[13.852271,51.046018],[13.852167,51.04595],[13.85212,51.045945],[13.852083,51.045936],[13.851979,51.04593],[13.851933,51.045908],[13.851921,51.045895],[13.851934,51.045857],[13.851921,51.045843],[13.851896,51.045832],[13.851875,51.045831],[13.851836,51.04585],[13.851805,51.045851],[13.851793,51.045839],[13.851786,51.045827],[13.851742,51.045809],[13.851733,51.045791],[13.851692,51.045777],[13.851662,51.045782],[13.851642,51.045779],[13.851581,51.045747],[13.851539,51.045743],[13.8515,51.045745],[13.851477,51.045739],[13.851455,51.045705],[13.851459,51.045683],[13.851391,51.045574],[13.851368,51.045558],[13.851338,51.045556],[13.851315,51.045545],[13.851308,51.045527],[13.851317,51.045505],[13.851289,51.045486],[13.851264,51.045481],[13.851232,51.045498],[13.851204,51.045496],[13.851208,51.045445],[13.851195,51.045437],[13.851157,51.045428],[13.851106,51.045403],[13.851048,51.045393],[13.85103,51.04538],[13.851029,51.045359],[13.851039,51.045338],[13.85102,51.045306],[13.850973,51.045292],[13.850971,51.045261],[13.850989,51.045236],[13.850975,51.045219],[13.85095,51.045221],[13.850922,51.04522],[13.850904,51.04521],[13.850908,51.045178],[13.850923,51.045159],[13.850911,51.045151],[13.850932,51.045125],[13.850917,51.0451],[13.850877,51.04509],[13.850892,51.045057],[13.850842,51.045033],[13.850828,51.044985],[13.850863,51.044957],[13.850812,51.044914],[13.850825,51.044893],[13.850798,51.044877],[13.850791,51.044855],[13.850824,51.044831],[13.850807,51.044811],[13.850814,51.044792],[13.850757,51.044788],[13.850784,51.044756],[13.850741,51.044717],[13.850752,51.044669],[13.850711,51.044652],[13.850683,51.044632],[13.85071,51.044606],[13.850661,51.044589],[13.850612,51.044594],[13.850598,51.044563],[13.850594,51.04454],[13.850482,51.044485],[13.850516,51.044458],[13.850518,51.044457],[13.85041,51.044398],[13.850409,51.044384],[13.850385,51.044382],[13.850363,51.044391],[13.850332,51.044382],[13.850323,51.044362],[13.850348,51.044342],[13.85034,51.044334],[13.850318,51.044334],[13.850283,51.044299],[13.850317,51.044285],[13.850326,51.044266],[13.850351,51.044245],[13.850339,51.044236],[13.850311,51.04424],[13.850235,51.044236],[13.850204,51.044217],[13.850196,51.044176],[13.850163,51.044169],[13.850117,51.044161],[13.850087,51.044155],[13.850067,51.04417],[13.85004,51.044182],[13.849998,51.044169],[13.849939,51.044196],[13.849922,51.044192],[13.849902,51.044165],[13.849872,51.04417],[13.849877,51.044194],[13.849832,51.044229],[13.849805,51.044241],[13.849767,51.044249],[13.84973,51.044232],[13.849712,51.044198],[13.849683,51.044205],[13.849645,51.044203],[13.84969,51.044186],[13.849665,51.04416],[13.849596,51.044159],[13.849541,51.044178],[13.849497,51.044175],[13.849452,51.044155],[13.84939,51.04415],[13.84933,51.044124],[13.849276,51.044102],[13.84923,51.044114],[13.849187,51.044117],[13.849157,51.044123],[13.849094,51.044106],[13.849053,51.0441],[13.84896,51.044126],[13.84894,51.044142],[13.848935,51.044162],[13.848907,51.044157],[13.848874,51.044148],[13.848809,51.044171],[13.848819,51.044194],[13.84881,51.044208],[13.848711,51.044241],[13.848657,51.044234],[13.848544,51.044286],[13.848521,51.044305],[13.848497,51.044315],[13.848485,51.044343],[13.848445,51.044376],[13.848436,51.044386],[13.848425,51.044394],[13.848416,51.04441],[13.848409,51.044418],[13.848443,51.044505],[13.848151,51.044551],[13.848124,51.044555],[13.848079,51.044556],[13.847916,51.044561],[13.847899,51.044562],[13.847812,51.044544],[13.847755,51.04452],[13.84765,51.044478],[13.847564,51.044452],[13.847535,51.044451],[13.847395,51.044443],[13.847116,51.044431],[13.846962,51.044399],[13.846643,51.044251],[13.846581,51.044198],[13.84656,51.04418],[13.846537,51.044175],[13.84652,51.044168],[13.846486,51.044153],[13.846443,51.044146],[13.845886,51.043993],[13.845668,51.043948],[13.845446,51.043929],[13.845085,51.04394],[13.84488,51.043879],[13.844789,51.043852],[13.844658,51.04381],[13.844453,51.043738],[13.844384,51.043693],[13.844171,51.043549],[13.84389,51.043443],[13.843856,51.043437]]]}},{"type":"Feature","id":"dresden-85","properties":{"city":"Dresden","state":"Sachsen","code":"85","name":"Coschütz/Gittersee","name_atlas":"Coschütz/Gittersee","population_est":5508,"crime_total":{"cases":167,"rate":3032.0},"homicide":{"cases":0,"rate":0.0},"sexual":{"cases":5,"rate":90.8},"violence_proxy":{"cases":31,"rate":562.8},"property_total":{"cases":56,"rate":1016.7},"simple_theft":{"cases":22,"rate":399.4},"aggravated_theft":{"cases":34,"rate":617.3},"fraud":{"cases":37,"rate":671.8},"other_stgb":{"cases":26,"rate":472.0},"secondary_law":{"cases":12,"rate":217.9}},"geometry":{"type":"Polygon","coordinates":[[[13.700047,51.022395],[13.700186,51.022415],[13.700183,51.022422],[13.700205,51.022421],[13.700266,51.02243],[13.700304,51.022436],[13.700309,51.022437],[13.700668,51.022495],[13.701055,51.022557],[13.701153,51.022573],[13.701372,51.022578],[13.701585,51.022582],[13.701756,51.022604],[13.701884,51.022624],[13.702273,51.022685],[13.702452,51.022715],[13.70257,51.022738],[13.702661,51.022783],[13.702728,51.022821],[13.702759,51.022841],[13.702763,51.022844],[13.702773,51.022852],[13.702825,51.022895],[13.702936,51.022825],[13.702719,51.022526],[13.702232,51.022126],[13.701912,51.021958],[13.701919,51.021953],[13.702019,51.021861],[13.702286,51.021606],[13.702312,51.021593],[13.702565,51.021451],[13.702786,51.021355],[13.703003,51.021241],[13.703172,51.021227],[13.703264,51.021042],[13.703275,51.021029],[13.703413,51.02105],[13.703428,51.021012],[13.70353,51.02082],[13.703548,51.020771],[13.703532,51.020748],[13.703505,51.020732],[13.703573,51.020653],[13.70383,51.020558],[13.703904,51.02053],[13.704194,51.020431],[13.704331,51.020382],[13.704331,51.020382],[13.704363,51.020366],[13.704508,51.020314],[13.704526,51.020308],[13.704537,51.020305],[13.704953,51.020179],[13.705058,51.02015],[13.705447,51.020043],[13.705645,51.01999],[13.705752,51.01996],[13.705811,51.019825],[13.705961,51.019852],[13.706158,51.019903],[13.706292,51.019936],[13.70632,51.01989],[13.706378,51.019796],[13.706435,51.019733],[13.706525,51.019714],[13.706641,51.019711],[13.70665,51.019724],[13.706781,51.019689],[13.707714,51.019481],[13.708117,51.019387],[13.70835,51.019333],[13.709052,51.019176],[13.709665,51.019051],[13.709703,51.018964],[13.7098,51.018981],[13.710061,51.019002],[13.710309,51.019005],[13.710415,51.019001],[13.710563,51.018994],[13.71088,51.018971],[13.710882,51.018971],[13.711091,51.018946],[13.711161,51.018937],[13.711511,51.018898],[13.712062,51.018828],[13.712936,51.018712],[13.713732,51.018616],[13.713986,51.018605],[13.714226,51.0186],[13.71428,51.018599],[13.714571,51.018611],[13.714585,51.018612],[13.714597,51.018523],[13.71451,51.01839],[13.714642,51.018363],[13.714946,51.018299],[13.715245,51.018229],[13.715388,51.018193],[13.715391,51.018179],[13.715383,51.017889],[13.715291,51.017495],[13.715202,51.017147],[13.715187,51.017143],[13.715096,51.017022],[13.714973,51.016859],[13.714898,51.01676],[13.714745,51.016558],[13.714373,51.01608],[13.7141,51.015753],[13.714084,51.015736],[13.714055,51.015705],[13.71419,51.015631],[13.71419,51.015618],[13.714191,51.015614],[13.7142,51.015373],[13.714128,51.015289],[13.714292,51.015213],[13.714209,51.01514],[13.714213,51.015057],[13.71422,51.01471],[13.71422,51.014664],[13.71422,51.014652],[13.714223,51.014436],[13.71423,51.014325],[13.71423,51.014314],[13.714231,51.014305],[13.714238,51.01424],[13.714315,51.014164],[13.714255,51.014139],[13.71417,51.014098],[13.714259,51.014028],[13.714269,51.013931],[13.714284,51.013721],[13.714295,51.013685],[13.714298,51.013674],[13.714424,51.013242],[13.714433,51.01321],[13.71447,51.013081],[13.714107,51.013006],[13.714267,51.01277],[13.714476,51.012461],[13.714526,51.012391],[13.714718,51.012122],[13.71494,51.011794],[13.715066,51.011522],[13.71516,51.011268],[13.715181,51.011159],[13.71518,51.01113],[13.715175,51.010915],[13.715137,51.010773],[13.715124,51.010724],[13.715117,51.010698],[13.715124,51.010637],[13.715208,51.010409],[13.714665,51.010246],[13.714432,51.010223],[13.714271,51.010166],[13.714235,51.010141],[13.71422,51.010106],[13.714226,51.010073],[13.714251,51.010042],[13.71427,51.010026],[13.714258,51.009994],[13.714208,51.009937],[13.71419,51.009917],[13.714145,51.009886],[13.71403,51.009806],[13.713971,51.009762],[13.713919,51.009717],[13.713896,51.009656],[13.713658,51.009504],[13.713343,51.009347],[13.713242,51.009314],[13.713154,51.009192],[13.713113,51.009043],[13.713084,51.009],[13.712823,51.008894],[13.712818,51.008886],[13.712809,51.008872],[13.712755,51.008851],[13.712628,51.00882],[13.712554,51.008788],[13.712543,51.008768],[13.712507,51.008746],[13.712525,51.008742],[13.712743,51.008629],[13.713394,51.008287],[13.713568,51.008174],[13.713734,51.008087],[13.713742,51.008082],[13.71375,51.008078],[13.713553,51.007779],[13.713341,51.007433],[13.712892,51.006842],[13.711387,51.006263],[13.710108,51.005847],[13.709881,51.005739],[13.708537,51.005102],[13.707788,51.004904],[13.707067,51.004714],[13.706949,51.004718],[13.706921,51.004719],[13.706918,51.004719],[13.706884,51.004721],[13.706879,51.004721],[13.706838,51.004696],[13.706829,51.00469],[13.70682,51.004681],[13.706809,51.004727],[13.706257,51.004789],[13.706035,51.004817],[13.705979,51.004836],[13.705755,51.004892],[13.705744,51.004895],[13.70542,51.004898],[13.704926,51.004882],[13.704557,51.004852],[13.704172,51.004793],[13.703146,51.004726],[13.702733,51.004704],[13.702199,51.004917],[13.701558,51.004945],[13.701483,51.005055],[13.701411,51.005161],[13.701349,51.005254],[13.701272,51.005368],[13.701235,51.005413],[13.701224,51.005406],[13.701217,51.005402],[13.701211,51.005397],[13.701222,51.005347],[13.701173,51.005295],[13.701055,51.005298],[13.70105,51.005295],[13.701048,51.005289],[13.701049,51.005281],[13.70105,51.005273],[13.701095,51.005256],[13.701069,51.005213],[13.701066,51.005208],[13.701059,51.0052],[13.701024,51.005208],[13.700948,51.00518],[13.700886,51.005221],[13.700835,51.005226],[13.700792,51.005241],[13.700704,51.005234],[13.700524,51.00526],[13.700461,51.00529],[13.700453,51.005291],[13.700439,51.005292],[13.700425,51.005293],[13.700413,51.005297],[13.700349,51.005306],[13.700287,51.005307],[13.700279,51.005305],[13.700271,51.005301],[13.700275,51.005281],[13.700257,51.005267],[13.700094,51.005298],[13.70005,51.005292],[13.700014,51.005298],[13.699998,51.005278],[13.699973,51.005242],[13.699945,51.005232],[13.699915,51.00525],[13.699891,51.005247],[13.699884,51.005203],[13.699734,51.005194],[13.699724,51.005184],[13.699732,51.005153],[13.699685,51.005134],[13.69965,51.005122],[13.699624,51.005127],[13.699611,51.005139],[13.69958,51.005165],[13.699569,51.005166],[13.699499,51.005165],[13.699497,51.005159],[13.699542,51.005127],[13.699526,51.005113],[13.699468,51.005112],[13.699397,51.005025],[13.699392,51.005014],[13.699344,51.005009],[13.699328,51.004983],[13.699326,51.004956],[13.699293,51.004949],[13.699287,51.004923],[13.69928,51.004919],[13.69927,51.004915],[13.699178,51.004945],[13.699148,51.00495],[13.699098,51.004879],[13.69907,51.004892],[13.699052,51.00489],[13.698999,51.004875],[13.698914,51.004877],[13.698886,51.004886],[13.69888,51.004894],[13.698872,51.004901],[13.698861,51.004906],[13.698809,51.004903],[13.698747,51.004905],[13.69873,51.004921],[13.698694,51.004924],[13.698666,51.004953],[13.698655,51.004955],[13.698643,51.004956],[13.698533,51.004951],[13.698496,51.004913],[13.69858,51.004849],[13.698533,51.004817],[13.698486,51.004784],[13.698422,51.004797],[13.698396,51.004793],[13.698377,51.00479],[13.698341,51.004747],[13.698333,51.004729],[13.69823,51.004729],[13.698198,51.004774],[13.698184,51.004777],[13.698132,51.004767],[13.698128,51.004774],[13.698113,51.004792],[13.698092,51.004794],[13.698043,51.00477],[13.697973,51.004794],[13.697983,51.00473],[13.698015,51.004707],[13.697956,51.004684],[13.697871,51.004602],[13.697726,51.00462],[13.697715,51.00462],[13.697696,51.004644],[13.697583,51.004674],[13.697572,51.004613],[13.697529,51.004622],[13.697509,51.004613],[13.697512,51.004603],[13.697525,51.00459],[13.697576,51.004575],[13.69757,51.00457],[13.697561,51.004563],[13.697503,51.004558],[13.697478,51.004566],[13.697445,51.00453],[13.697332,51.004529],[13.697357,51.004479],[13.697285,51.004483],[13.69721,51.004469],[13.697163,51.004395],[13.697175,51.00435],[13.697095,51.00432],[13.697087,51.004263],[13.697028,51.004264],[13.697016,51.004226],[13.696995,51.004172],[13.696918,51.004167],[13.696801,51.004107],[13.696765,51.004106],[13.696738,51.004076],[13.696528,51.00403],[13.696519,51.004007],[13.69649,51.00399],[13.696436,51.003993],[13.696353,51.003909],[13.696293,51.003934],[13.696238,51.003933],[13.696188,51.003837],[13.69613,51.00383],[13.69611,51.003809],[13.696046,51.003781],[13.696051,51.00369],[13.695969,51.003695],[13.695974,51.003643],[13.695904,51.003641],[13.695861,51.003579],[13.695877,51.003547],[13.695787,51.003537],[13.695731,51.003477],[13.695733,51.003444],[13.69568,51.003431],[13.695657,51.003387],[13.695619,51.003382],[13.695592,51.003366],[13.695522,51.003365],[13.695465,51.003327],[13.695387,51.003336],[13.695342,51.00333],[13.695312,51.003313],[13.695233,51.003303],[13.695174,51.003283],[13.695145,51.003269],[13.695126,51.003253],[13.695072,51.003198],[13.695051,51.003177],[13.695035,51.003148],[13.694955,51.003086],[13.694901,51.003039],[13.694886,51.003009],[13.694877,51.00298],[13.69489,51.002951],[13.694912,51.002932],[13.69494,51.0029],[13.694937,51.002869],[13.694929,51.00284],[13.69489,51.002816],[13.694855,51.002797],[13.694826,51.002739],[13.69485,51.002712],[13.694856,51.002674],[13.694841,51.002647],[13.694878,51.00261],[13.694885,51.00257],[13.694872,51.002569],[13.694877,51.002542],[13.694579,51.002515],[13.694206,51.002517],[13.693883,51.002553],[13.693829,51.002576],[13.693599,51.002673],[13.693332,51.002796],[13.693035,51.002854],[13.69269,51.00288],[13.691756,51.002906],[13.691628,51.002874],[13.691221,51.002784],[13.690557,51.002636],[13.690192,51.002617],[13.689745,51.002612],[13.689034,51.002621],[13.688433,51.002682],[13.68803,51.002756],[13.687697,51.002839],[13.687677,51.00284],[13.687631,51.002844],[13.687526,51.00287],[13.68748,51.002881],[13.6873,51.002743],[13.687185,51.002651],[13.68708,51.002548],[13.686996,51.00243],[13.686912,51.002344],[13.686545,51.002526],[13.686385,51.002605],[13.686344,51.002628],[13.686458,51.002738],[13.686573,51.002847],[13.686744,51.00301],[13.686748,51.003014],[13.686714,51.00302],[13.686302,51.003131],[13.686294,51.003133],[13.686264,51.003141],[13.686168,51.00316],[13.686081,51.003177],[13.686078,51.003202],[13.686059,51.003381],[13.686054,51.003451],[13.686047,51.003521],[13.686117,51.003634],[13.686228,51.003812],[13.68634,51.004004],[13.686358,51.004027],[13.68644,51.004163],[13.686566,51.004279],[13.686595,51.004306],[13.686665,51.004366],[13.686787,51.004473],[13.68689,51.004561],[13.686893,51.004576],[13.68699,51.004652],[13.687024,51.004681],[13.6871,51.004737],[13.687232,51.00485],[13.687283,51.004894],[13.68715,51.005003],[13.686957,51.00516],[13.686972,51.005159],[13.68721,51.005528],[13.687423,51.005567],[13.687633,51.00569],[13.687616,51.005725],[13.687516,51.005936],[13.68738,51.00619],[13.687398,51.006196],[13.68741,51.0062],[13.687472,51.006222],[13.687457,51.006251],[13.68745,51.006265],[13.687325,51.006515],[13.687277,51.006612],[13.687254,51.006659],[13.687221,51.006722],[13.687156,51.006844],[13.687082,51.00698],[13.687075,51.006997],[13.687055,51.007045],[13.687043,51.007071],[13.687027,51.007098],[13.686869,51.007368],[13.686779,51.007486],[13.686544,51.007792],[13.68652,51.007821],[13.686436,51.007923],[13.686366,51.008008],[13.686267,51.008129],[13.686174,51.00819],[13.68593,51.008352],[13.68581,51.008467],[13.68578,51.008495],[13.685658,51.008613],[13.685643,51.008629],[13.685528,51.008754],[13.685444,51.008842],[13.685404,51.008875],[13.685265,51.00899],[13.685132,51.009099],[13.685103,51.009127],[13.685016,51.00918],[13.684969,51.009209],[13.684949,51.009221],[13.684778,51.009314],[13.684619,51.009399],[13.684608,51.009405],[13.684472,51.009528],[13.684399,51.009595],[13.684337,51.009651],[13.684277,51.009705],[13.684233,51.009761],[13.68422,51.009779],[13.684094,51.009906],[13.683944,51.01005],[13.683805,51.010184],[13.683803,51.010185],[13.683757,51.010228],[13.683647,51.01031],[13.683564,51.010373],[13.683476,51.010454],[13.683388,51.010544],[13.683338,51.01066],[13.683332,51.010673],[13.683285,51.010781],[13.683286,51.010804],[13.683286,51.010809],[13.683291,51.010928],[13.683294,51.010977],[13.68328,51.011012],[13.683257,51.011073],[13.683174,51.011292],[13.683077,51.011478],[13.683062,51.011492],[13.683015,51.01154],[13.682992,51.011564],[13.682933,51.011623],[13.682821,51.011703],[13.682805,51.011716],[13.682745,51.011764],[13.682836,51.011785],[13.682773,51.011896],[13.682649,51.011867],[13.682562,51.011962],[13.682554,51.011988],[13.682547,51.012191],[13.682548,51.012245],[13.682539,51.012246],[13.682494,51.012249],[13.682455,51.012252],[13.682455,51.012256],[13.682455,51.012274],[13.682461,51.012402],[13.682462,51.012426],[13.682467,51.012506],[13.682463,51.012594],[13.682468,51.01271],[13.682473,51.012735],[13.682495,51.01277],[13.682459,51.012832],[13.68239,51.012866],[13.682387,51.01293],[13.6824,51.013021],[13.682411,51.01311],[13.682422,51.013251],[13.682428,51.013314],[13.682423,51.013373],[13.682426,51.013422],[13.682442,51.013464],[13.682451,51.013499],[13.682419,51.013512],[13.682412,51.01355],[13.682373,51.013603],[13.682361,51.013652],[13.68233,51.013691],[13.682251,51.013766],[13.682224,51.013793],[13.682215,51.013801],[13.682085,51.013914],[13.681925,51.014052],[13.681887,51.014084],[13.681853,51.014117],[13.681829,51.014145],[13.681758,51.014226],[13.681663,51.014313],[13.681641,51.014333],[13.681442,51.014534],[13.681422,51.014774],[13.68142,51.014797],[13.681418,51.014818],[13.681411,51.014855],[13.681411,51.014856],[13.681407,51.014928],[13.681328,51.01499],[13.681245,51.015055],[13.681043,51.015255],[13.680971,51.0153],[13.680886,51.015354],[13.680668,51.01546],[13.68043,51.015536],[13.68019,51.015577],[13.679932,51.015592],[13.67988,51.015592],[13.67973,51.01559],[13.679514,51.015565],[13.679192,51.015519],[13.678889,51.015475],[13.678609,51.015435],[13.678591,51.015432],[13.678276,51.015504],[13.678007,51.015622],[13.677976,51.015635],[13.67772,51.015756],[13.677701,51.015765],[13.67744,51.01588],[13.677187,51.015994],[13.677175,51.016],[13.676979,51.016097],[13.676872,51.016151],[13.676766,51.016245],[13.676666,51.016333],[13.676351,51.016616],[13.676349,51.016618],[13.67622,51.016731],[13.676031,51.016899],[13.675952,51.016965],[13.675906,51.017006],[13.675946,51.01707],[13.675947,51.017071],[13.675954,51.01708],[13.675892,51.017155],[13.675867,51.017184],[13.675788,51.017275],[13.675873,51.01739],[13.675944,51.017522],[13.67598,51.017621],[13.67596,51.017658],[13.675954,51.017668],[13.675871,51.017756],[13.675881,51.01776],[13.676033,51.017822],[13.676072,51.01784],[13.676155,51.017887],[13.676247,51.017946],[13.676294,51.01798],[13.676497,51.018128],[13.676557,51.018179],[13.676649,51.018239],[13.676886,51.018378],[13.676899,51.018388],[13.676918,51.01841],[13.676914,51.018417],[13.676964,51.018453],[13.676966,51.018471],[13.677042,51.018519],[13.677098,51.018557],[13.677189,51.018614],[13.677249,51.018658],[13.677378,51.01876],[13.677403,51.018782],[13.677454,51.018827],[13.677609,51.019006],[13.67781,51.01919],[13.677834,51.019214],[13.67787,51.019242],[13.678144,51.019493],[13.678158,51.019514],[13.678345,51.019681],[13.678455,51.019783],[13.678474,51.019786],[13.678484,51.019788],[13.678537,51.019803],[13.678826,51.01997],[13.678827,51.019977],[13.678825,51.019984],[13.679023,51.020099],[13.679113,51.020166],[13.679337,51.02029],[13.679483,51.020369],[13.679622,51.020439],[13.679761,51.020514],[13.679934,51.02059],[13.680098,51.020658],[13.680186,51.020693],[13.680515,51.020767],[13.680754,51.020816],[13.681055,51.020835],[13.681143,51.020835],[13.681216,51.020836],[13.68157,51.020844],[13.681702,51.020842],[13.682168,51.020828],[13.682376,51.020789],[13.682562,51.02076],[13.682842,51.020718],[13.682985,51.020692],[13.683006,51.020688],[13.68312,51.020638],[13.683154,51.020623],[13.683201,51.020609],[13.683296,51.020599],[13.683337,51.020589],[13.683382,51.020589],[13.683551,51.020578],[13.683693,51.020572],[13.683692,51.020563],[13.683834,51.020554],[13.68395,51.02054],[13.684024,51.020537],[13.684213,51.020536],[13.684384,51.020534],[13.684467,51.020538],[13.684652,51.020545],[13.684972,51.020592],[13.685041,51.020607],[13.685136,51.020637],[13.685245,51.020693],[13.685323,51.02074],[13.685535,51.020898],[13.685767,51.02109],[13.685828,51.02114],[13.685934,51.021231],[13.68604,51.021351],[13.686117,51.021453],[13.686138,51.021496],[13.686194,51.021649],[13.686196,51.021671],[13.686199,51.021695],[13.686206,51.021778],[13.686207,51.021787],[13.686223,51.021882],[13.686271,51.02194],[13.686499,51.022144],[13.686752,51.022354],[13.686991,51.022507],[13.687114,51.022561],[13.687186,51.022592],[13.68726,51.022615],[13.687365,51.022636],[13.687496,51.022672],[13.687528,51.022627],[13.687657,51.022666],[13.687695,51.022668],[13.687824,51.022706],[13.687867,51.022645],[13.687998,51.022682],[13.688098,51.022682],[13.688405,51.022646],[13.688491,51.02264],[13.688537,51.022618],[13.688767,51.022557],[13.688898,51.022508],[13.688951,51.022501],[13.688982,51.022488],[13.689063,51.022402],[13.689101,51.022337],[13.689132,51.022288],[13.689155,51.022236],[13.689186,51.022169],[13.689198,51.022141],[13.689223,51.02209],[13.689231,51.02208],[13.689242,51.022065],[13.689272,51.022038],[13.689309,51.022013],[13.689353,51.02199],[13.689392,51.021969],[13.68955,51.021904],[13.689706,51.021855],[13.689995,51.021851],[13.690321,51.021862],[13.690686,51.021861],[13.691043,51.021847],[13.691391,51.02185],[13.691709,51.021844],[13.692105,51.02184],[13.692437,51.02183],[13.692749,51.021834],[13.693005,51.021836],[13.693329,51.021831],[13.693718,51.02182],[13.694121,51.02181],[13.694427,51.021798],[13.695184,51.021783],[13.695328,51.02178],[13.695684,51.02178],[13.695989,51.021794],[13.696093,51.021787],[13.696266,51.021788],[13.696505,51.021797],[13.698016,51.021926],[13.698208,51.021962],[13.698604,51.022039],[13.698792,51.022078],[13.699036,51.022133],[13.699315,51.022195],[13.699594,51.022272],[13.699677,51.022292],[13.699946,51.02238],[13.700047,51.022395]]]}},{"type":"Feature","id":"dresden-90","properties":{"city":"Dresden","state":"Sachsen","code":"90","name":"Cossebaude/Mobschatz/Oberwartha mit Alt-Leuteritz, Brabschütz, Gohlis, Merbitz, Neu-Leuteritz, Niederwartha, Podemus und Rennersdorf","name_atlas":"Cossebaude/Neu-Leuteritz/Gohlis/Niederwartha/","population_est":7859,"crime_total":{"cases":254,"rate":3232.0},"homicide":{"cases":0,"rate":0.0},"sexual":{"cases":11,"rate":140.0},"violence_proxy":{"cases":49,"rate":623.5},"property_total":{"cases":73,"rate":928.9},"simple_theft":{"cases":25,"rate":318.1},"aggravated_theft":{"cases":48,"rate":610.8},"fraud":{"cases":31,"rate":394.5},"other_stgb":{"cases":80,"rate":1017.9},"secondary_law":{"cases":10,"rate":127.2}},"geometry":{"type":"Polygon","coordinates":[[[13.646423,51.080822],[13.646596,51.0808],[13.64676,51.080783],[13.647134,51.080745],[13.647642,51.08066],[13.647849,51.080618],[13.648007,51.080587],[13.64894,51.0804],[13.649592,51.080263],[13.649584,51.08019],[13.649969,51.079957],[13.650045,51.07991],[13.650596,51.079579],[13.650736,51.079526],[13.65107,51.079405],[13.651079,51.079402],[13.651472,51.079266],[13.651631,51.079225],[13.651659,51.079223],[13.651807,51.079216],[13.651844,51.07926],[13.652483,51.078978],[13.653566,51.078535],[13.653963,51.078372],[13.654507,51.07818],[13.655077,51.077971],[13.655087,51.077967],[13.655896,51.077626],[13.656105,51.077506],[13.656518,51.077269],[13.656592,51.077237],[13.656995,51.077096],[13.657062,51.077063],[13.657493,51.076854],[13.658106,51.076557],[13.658314,51.076281],[13.658453,51.076261],[13.658701,51.076224],[13.658878,51.076199],[13.658864,51.076063],[13.658982,51.076022],[13.659263,51.075928],[13.659537,51.075825],[13.6595,51.07564],[13.659497,51.075624],[13.659463,51.075418],[13.659391,51.075147],[13.659271,51.07482],[13.659059,51.074353],[13.658528,51.073599],[13.658388,51.073389],[13.658342,51.073402],[13.657911,51.0735],[13.657438,51.073609],[13.657383,51.073516],[13.657332,51.073432],[13.657323,51.073435],[13.657325,51.073431],[13.657295,51.073383],[13.65726,51.07333],[13.657241,51.0733],[13.657203,51.073242],[13.6572,51.073237],[13.657186,51.07324],[13.657147,51.073154],[13.657143,51.073148],[13.657033,51.072971],[13.656872,51.07271],[13.656864,51.072697],[13.656796,51.072686],[13.656584,51.072378],[13.656425,51.07217],[13.656284,51.071994],[13.656277,51.071985],[13.656261,51.071895],[13.656208,51.071898],[13.656192,51.071877],[13.656157,51.071833],[13.656095,51.071756],[13.655999,51.071634],[13.655964,51.071594],[13.655944,51.07157],[13.655933,51.071557],[13.655909,51.07153],[13.655828,51.071529],[13.655831,51.07144],[13.655796,51.0714],[13.655735,51.071328],[13.655368,51.070932],[13.654682,51.071196],[13.654673,51.071132],[13.654648,51.071077],[13.654633,51.071045],[13.654693,51.071022],[13.65462,51.070945],[13.654598,51.070877],[13.654525,51.07061],[13.654513,51.070581],[13.654446,51.070329],[13.654375,51.070079],[13.654361,51.070041],[13.654346,51.069962],[13.654338,51.069916],[13.654338,51.069915],[13.654284,51.069628],[13.654175,51.069024],[13.654146,51.068877],[13.654142,51.068855],[13.654089,51.068636],[13.654054,51.068492],[13.654042,51.068394],[13.654011,51.068189],[13.654004,51.068134],[13.653976,51.067934],[13.654027,51.067849],[13.65396,51.067834],[13.653641,51.067761],[13.653621,51.067757],[13.653593,51.067754],[13.653613,51.067665],[13.653581,51.067524],[13.653205,51.066654],[13.653196,51.066632],[13.653498,51.066616],[13.653545,51.066573],[13.653583,51.066539],[13.653742,51.066443],[13.65407,51.066197],[13.654215,51.066086],[13.654369,51.065957],[13.65453,51.065844],[13.654812,51.065632],[13.654853,51.06561],[13.654826,51.065598],[13.654781,51.065571],[13.654725,51.065553],[13.654643,51.06551],[13.654608,51.065499],[13.654582,51.065489],[13.654528,51.065469],[13.654503,51.06546],[13.654415,51.065403],[13.654339,51.065352],[13.654306,51.065322],[13.654255,51.065272],[13.654203,51.065221],[13.654194,51.06521],[13.654137,51.065129],[13.654079,51.065083],[13.654014,51.065064],[13.654007,51.065062],[13.653999,51.06506],[13.653992,51.065058],[13.653985,51.065056],[13.653977,51.065055],[13.653969,51.065054],[13.653962,51.065052],[13.653954,51.065052],[13.653946,51.065051],[13.653938,51.06505],[13.65393,51.06505],[13.653922,51.06505],[13.653914,51.06505],[13.653906,51.06505],[13.653899,51.065051],[13.653891,51.065051],[13.653844,51.06502],[13.653791,51.064985],[13.653545,51.064705],[13.653424,51.064565],[13.653408,51.064542],[13.65339,51.064517],[13.653382,51.064505],[13.653355,51.064467],[13.653151,51.064239],[13.653133,51.06422],[13.652966,51.064127],[13.652914,51.064106],[13.652853,51.064086],[13.652737,51.064044],[13.65269,51.064008],[13.652592,51.063985],[13.652606,51.063896],[13.652589,51.063895],[13.652528,51.063892],[13.652378,51.063893],[13.652259,51.063895],[13.652162,51.063905],[13.65182,51.063934],[13.651014,51.06395],[13.650695,51.063977],[13.650189,51.064013],[13.650117,51.064032],[13.650015,51.064081],[13.649941,51.064117],[13.649842,51.064153],[13.649739,51.064167],[13.649713,51.064168],[13.6496,51.064174],[13.64944,51.064167],[13.649295,51.064133],[13.649044,51.064052],[13.648775,51.063972],[13.648388,51.063858],[13.648269,51.063817],[13.648187,51.06379],[13.648181,51.063787],[13.64788,51.063681],[13.647681,51.06363],[13.647536,51.063603],[13.647309,51.063582],[13.647033,51.06356],[13.646842,51.063554],[13.646766,51.063543],[13.646621,51.063522],[13.646425,51.063498],[13.646397,51.063494],[13.646233,51.063462],[13.646198,51.063446],[13.646012,51.063364],[13.645867,51.063297],[13.645773,51.063231],[13.645693,51.063165],[13.645632,51.063051],[13.645614,51.062962],[13.645599,51.062886],[13.645581,51.062654],[13.645589,51.062556],[13.645632,51.062465],[13.645681,51.06238],[13.645743,51.062273],[13.645812,51.06216],[13.645858,51.062084],[13.645923,51.061918],[13.646045,51.061492],[13.646186,51.061506],[13.646216,51.061426],[13.64626,51.061313],[13.646158,51.06111],[13.645981,51.061009],[13.645688,51.060844],[13.645672,51.060835],[13.645308,51.060619],[13.645063,51.06042],[13.644952,51.060329],[13.644877,51.060267],[13.644842,51.060124],[13.644819,51.060029],[13.644628,51.059766],[13.64453,51.059632],[13.644385,51.059509],[13.644268,51.059438],[13.644244,51.059421],[13.644216,51.059402],[13.644029,51.059273],[13.643727,51.059092],[13.643665,51.05905],[13.643611,51.059017],[13.64359,51.059014],[13.643556,51.058989],[13.643521,51.058995],[13.643475,51.059003],[13.64342,51.059012],[13.643403,51.059014],[13.643177,51.058997],[13.643031,51.05895],[13.642962,51.058944],[13.642941,51.058942],[13.642898,51.059028],[13.642692,51.058989],[13.64261,51.058972],[13.641884,51.058848],[13.641881,51.058847],[13.641822,51.058837],[13.641789,51.058824],[13.641779,51.0588],[13.641811,51.058693],[13.641815,51.058663],[13.641656,51.058635],[13.641502,51.05859],[13.64132,51.058553],[13.641162,51.058533],[13.640847,51.058512],[13.640747,51.058507],[13.640469,51.058492],[13.640259,51.058496],[13.640132,51.058532],[13.639999,51.058587],[13.639906,51.058654],[13.639616,51.058882],[13.639517,51.058939],[13.639416,51.058965],[13.639322,51.058973],[13.639218,51.058975],[13.639131,51.058967],[13.63909,51.058962],[13.639007,51.058951],[13.638907,51.058926],[13.638755,51.058867],[13.638324,51.058645],[13.63839,51.058586],[13.638354,51.058435],[13.638348,51.058413],[13.638315,51.058396],[13.638215,51.058346],[13.638216,51.058265],[13.638217,51.058247],[13.638172,51.05819],[13.638094,51.058156],[13.637735,51.058056],[13.63737,51.057988],[13.637219,51.057959],[13.636703,51.05798],[13.636566,51.058076],[13.636485,51.058133],[13.636321,51.058206],[13.636123,51.05828],[13.635898,51.058295],[13.635504,51.058242],[13.634965,51.058089],[13.634433,51.057936],[13.634093,51.057767],[13.634015,51.057677],[13.634011,51.057601],[13.634079,51.057442],[13.634213,51.05719],[13.634319,51.057041],[13.634281,51.056885],[13.634206,51.05682],[13.634322,51.056768],[13.634324,51.056697],[13.634345,51.056675],[13.634288,51.056654],[13.634113,51.056596],[13.634013,51.05666],[13.633791,51.056523],[13.633442,51.056399],[13.633113,51.05632],[13.632982,51.056184],[13.632934,51.056134],[13.632723,51.055913],[13.632695,51.055871],[13.632631,51.055775],[13.632512,51.055656],[13.632439,51.055583],[13.632384,51.055428],[13.632508,51.055262],[13.632552,51.0552],[13.632683,51.055236],[13.63275,51.05517],[13.632871,51.055063],[13.63304,51.054991],[13.633108,51.054922],[13.633189,51.054784],[13.633273,51.054688],[13.63327,51.054639],[13.633237,51.054569],[13.633084,51.054433],[13.633015,51.054393],[13.632957,51.054368],[13.632888,51.054338],[13.632808,51.054295],[13.632599,51.054236],[13.632461,51.054212],[13.632271,51.054183],[13.63193,51.054188],[13.631607,51.054231],[13.631129,51.054296],[13.631057,51.054304],[13.631029,51.054392],[13.630945,51.054382],[13.630644,51.054311],[13.630579,51.054285],[13.630503,51.054253],[13.630438,51.054226],[13.630264,51.054131],[13.630226,51.054088],[13.630107,51.05395],[13.629876,51.053871],[13.629782,51.053839],[13.629584,51.053797],[13.629423,51.053731],[13.629303,51.053626],[13.629175,51.0535],[13.629159,51.05347],[13.6291,51.053355],[13.629047,51.053252],[13.629023,51.052879],[13.629028,51.052597],[13.628885,51.052595],[13.628861,51.052552],[13.628861,51.052348],[13.628861,51.052246],[13.628864,51.052223],[13.628868,51.052196],[13.628877,51.052138],[13.628888,51.052066],[13.628935,51.052003],[13.628975,51.05195],[13.628977,51.051947],[13.628992,51.051924],[13.629095,51.051768],[13.629165,51.051668],[13.629229,51.051527],[13.62929,51.051442],[13.629339,51.051373],[13.629285,51.051307],[13.629184,51.051248],[13.628954,51.051115],[13.628703,51.05104],[13.62844,51.051023],[13.628278,51.050992],[13.628116,51.050974],[13.627894,51.05095],[13.62751,51.050879],[13.627329,51.050799],[13.627158,51.050724],[13.626816,51.050635],[13.626729,51.050579],[13.6267,51.050585],[13.626665,51.050606],[13.626423,51.050746],[13.626135,51.050914],[13.626068,51.050933],[13.625893,51.050995],[13.625765,51.051029],[13.625709,51.051045],[13.625267,51.051163],[13.624987,51.050605],[13.624792,51.050168],[13.624745,51.049827],[13.624371,51.049858],[13.624063,51.050024],[13.623847,51.05014],[13.623719,51.050209],[13.623404,51.050359],[13.623078,51.050476],[13.622595,51.050549],[13.622019,51.05067],[13.621951,51.050688],[13.621462,51.050812],[13.621362,51.050714],[13.621255,51.050654],[13.621283,51.050634],[13.621202,51.050559],[13.621189,51.050546],[13.62117,51.050526],[13.621152,51.050522],[13.620909,51.050627],[13.620729,51.050717],[13.619987,51.051057],[13.619028,51.051536],[13.619023,51.051579],[13.619008,51.051591],[13.618983,51.051611],[13.618852,51.051621],[13.618834,51.051622],[13.618817,51.051624],[13.618723,51.051606],[13.618641,51.051616],[13.618565,51.051618],[13.618471,51.051591],[13.618427,51.05159],[13.618406,51.051608],[13.618372,51.051615],[13.618356,51.051636],[13.618288,51.051649],[13.618247,51.051631],[13.618183,51.051653],[13.618167,51.051679],[13.618098,51.051701],[13.617949,51.051669],[13.617934,51.051691],[13.617895,51.051701],[13.617861,51.051693],[13.617866,51.05171],[13.617798,51.051697],[13.617792,51.051703],[13.617686,51.051737],[13.617611,51.051719],[13.61757,51.051746],[13.617553,51.051816],[13.617159,51.051938],[13.616747,51.052034],[13.616656,51.052055],[13.616594,51.052124],[13.616477,51.052156],[13.616449,51.052187],[13.616267,51.052188],[13.616106,51.052164],[13.615889,51.052167],[13.615739,51.052168],[13.615652,51.052145],[13.61517,51.052378],[13.615207,51.052524],[13.615234,51.052895],[13.615238,51.052942],[13.615235,51.052975],[13.615241,51.053479],[13.615274,51.053982],[13.615307,51.054471],[13.615319,51.05463],[13.615343,51.054978],[13.615365,51.055174],[13.615359,51.055201],[13.615406,51.055676],[13.615407,51.055938],[13.615388,51.056192],[13.615344,51.056399],[13.615275,51.056595],[13.615257,51.056643],[13.614926,51.057283],[13.614701,51.057718],[13.614588,51.057921],[13.614502,51.058079],[13.614487,51.058099],[13.61439,51.058268],[13.614244,51.058443],[13.613978,51.05871],[13.613946,51.05874],[13.61379,51.058884],[13.61367,51.058932],[13.613736,51.058996],[13.613615,51.059044],[13.613544,51.059106],[13.613246,51.059366],[13.613242,51.059369],[13.612774,51.059756],[13.612762,51.059762],[13.612659,51.059858],[13.612634,51.05988],[13.612501,51.059993],[13.612357,51.060115],[13.612276,51.06025],[13.612227,51.060333],[13.612221,51.060359],[13.612204,51.060436],[13.61222,51.0605],[13.6122,51.060569],[13.612155,51.060723],[13.612138,51.06076],[13.612076,51.060837],[13.61187,51.060981],[13.611633,51.061134],[13.61157,51.061175],[13.611447,51.061255],[13.611218,51.061426],[13.611104,51.061536],[13.611032,51.061631],[13.611001,51.061752],[13.61101,51.061795],[13.611052,51.062],[13.611039,51.062131],[13.611008,51.062316],[13.611023,51.06247],[13.611022,51.062489],[13.611015,51.062513],[13.610771,51.063624],[13.610764,51.063654],[13.610763,51.063661],[13.610762,51.063667],[13.610747,51.063734],[13.610743,51.063753],[13.610742,51.063757],[13.610727,51.063825],[13.610722,51.063848],[13.610707,51.063915],[13.611005,51.063984],[13.611644,51.064131],[13.612285,51.064282],[13.612288,51.064283],[13.612567,51.064349],[13.612595,51.064396],[13.612699,51.064547],[13.612399,51.064476],[13.612203,51.06443],[13.612198,51.064429],[13.612165,51.064421],[13.611558,51.064278],[13.610738,51.064089],[13.610301,51.063988],[13.610029,51.063928],[13.609399,51.06379],[13.608655,51.063637],[13.608125,51.063537],[13.607269,51.063381],[13.606654,51.063281],[13.606567,51.063267],[13.606105,51.0632],[13.606031,51.063189],[13.606011,51.063187],[13.606,51.063185],[13.605878,51.06317],[13.605873,51.063169],[13.605765,51.063155],[13.605717,51.063149],[13.605713,51.063149],[13.605484,51.06312],[13.605483,51.063119],[13.605441,51.063114],[13.605304,51.063097],[13.605092,51.063065],[13.605052,51.06306],[13.604765,51.063023],[13.604759,51.063022],[13.603953,51.06293],[13.603485,51.062881],[13.602817,51.062824],[13.602122,51.06277],[13.601545,51.062734],[13.600786,51.062695],[13.599891,51.062658],[13.599493,51.062645],[13.599482,51.062735],[13.599422,51.062833],[13.59936,51.062914],[13.59945,51.06294],[13.599475,51.062949],[13.59944,51.062988],[13.599405,51.063028],[13.599409,51.063209],[13.599412,51.063383],[13.599415,51.06356],[13.599418,51.063748],[13.599232,51.063815],[13.599063,51.06389],[13.599076,51.06403],[13.599182,51.064122],[13.599345,51.064183],[13.599516,51.064155],[13.59985,51.064035],[13.599877,51.064025],[13.599941,51.064002],[13.600009,51.0641],[13.599708,51.064206],[13.599705,51.064208],[13.599314,51.064347],[13.599077,51.064431],[13.599089,51.064484],[13.599066,51.064488],[13.598997,51.064499],[13.599004,51.064513],[13.599024,51.064553],[13.59912,51.064586],[13.599179,51.064629],[13.599212,51.064652],[13.599235,51.064684],[13.599277,51.06474],[13.599257,51.064778],[13.599242,51.064807],[13.599242,51.06483],[13.599242,51.064845],[13.599242,51.064859],[13.599275,51.064881],[13.599303,51.064879],[13.599329,51.064877],[13.599351,51.064902],[13.599273,51.064958],[13.599303,51.064962],[13.599253,51.065],[13.599187,51.065031],[13.599157,51.065048],[13.599135,51.065062],[13.599132,51.065105],[13.59915,51.065121],[13.599198,51.065137],[13.599249,51.065155],[13.599234,51.065169],[13.599208,51.06519],[13.599232,51.065223],[13.599216,51.065257],[13.599204,51.065281],[13.599187,51.065314],[13.599176,51.065335],[13.599223,51.065357],[13.599214,51.065371],[13.599203,51.065389],[13.599254,51.065421],[13.599283,51.065443],[13.599285,51.065482],[13.599259,51.06551],[13.599262,51.065525],[13.59934,51.065563],[13.599354,51.065585],[13.599383,51.065635],[13.599487,51.065738],[13.599644,51.065915],[13.599638,51.065943],[13.599625,51.066004],[13.599788,51.066019],[13.599863,51.066035],[13.59982,51.066121],[13.599855,51.06617],[13.599893,51.066223],[13.599911,51.066248],[13.599936,51.066284],[13.599926,51.066306],[13.59992,51.066321],[13.599918,51.066327],[13.59993,51.066342],[13.599944,51.06636],[13.599965,51.066394],[13.599948,51.06643],[13.599965,51.066445],[13.599975,51.066473],[13.599977,51.066496],[13.599968,51.066519],[13.59994,51.06656],[13.599932,51.066587],[13.599912,51.066608],[13.599925,51.066637],[13.599962,51.066665],[13.599974,51.066684],[13.59997,51.066709],[13.599966,51.06673],[13.599983,51.06674],[13.600054,51.066752],[13.60009,51.066807],[13.600106,51.066834],[13.600112,51.06687],[13.600125,51.066903],[13.600147,51.066941],[13.60013,51.066969],[13.600124,51.067003],[13.600101,51.067024],[13.600083,51.06704],[13.60008,51.067063],[13.60008,51.067082],[13.600106,51.067109],[13.600093,51.067136],[13.600099,51.067143],[13.600101,51.067162],[13.600051,51.067163],[13.600029,51.067168],[13.600004,51.067197],[13.60001,51.067219],[13.599995,51.067234],[13.599956,51.06722],[13.599933,51.067217],[13.599929,51.067241],[13.599908,51.067259],[13.59988,51.06727],[13.59985,51.067293],[13.59983,51.06732],[13.599785,51.067345],[13.59975,51.067343],[13.59971,51.067353],[13.599652,51.067353],[13.599637,51.067356],[13.599634,51.067369],[13.599643,51.067405],[13.599591,51.067418],[13.599546,51.067446],[13.599516,51.067453],[13.599482,51.06747],[13.599419,51.067505],[13.599384,51.067549],[13.599336,51.06759],[13.599323,51.067617],[13.599303,51.067645],[13.599317,51.06768],[13.599314,51.067705],[13.59928,51.067714],[13.599249,51.067719],[13.599235,51.06774],[13.599194,51.067751],[13.599149,51.067771],[13.599113,51.067813],[13.599078,51.067838],[13.599059,51.067874],[13.59905,51.067889],[13.599023,51.067919],[13.599005,51.067951],[13.599013,51.067996],[13.599019,51.068016],[13.598994,51.068008],[13.598946,51.068005],[13.598889,51.068001],[13.598641,51.067982],[13.598631,51.067981],[13.59861,51.067979],[13.598442,51.067966],[13.598284,51.067966],[13.598205,51.067966],[13.597664,51.067952],[13.597127,51.06795],[13.596666,51.067946],[13.596474,51.067941],[13.596332,51.067932],[13.596332,51.067937],[13.596287,51.0681],[13.596147,51.068083],[13.595045,51.068338],[13.593834,51.068618],[13.592632,51.068896],[13.591377,51.069187],[13.59132,51.069204],[13.591124,51.069335],[13.590966,51.069437],[13.590832,51.069532],[13.590242,51.069887],[13.589996,51.069974],[13.589966,51.069984],[13.58996,51.069987],[13.589791,51.070046],[13.589656,51.070084],[13.589552,51.070113],[13.589501,51.070128],[13.58939,51.070162],[13.589366,51.070171],[13.589311,51.070212],[13.589291,51.070239],[13.589303,51.070266],[13.589356,51.070288],[13.589333,51.070328],[13.589352,51.070353],[13.589387,51.070338],[13.589415,51.070343],[13.589428,51.070369],[13.589396,51.070396],[13.589411,51.070427],[13.589455,51.070457],[13.58948,51.07046],[13.589508,51.070463],[13.589523,51.070503],[13.589553,51.070712],[13.589536,51.07075],[13.589578,51.070778],[13.589557,51.070831],[13.58956,51.070854],[13.589568,51.070868],[13.589609,51.070883],[13.589621,51.070917],[13.589666,51.071012],[13.589698,51.07104],[13.589691,51.071059],[13.589706,51.071085],[13.589692,51.071152],[13.589646,51.0712],[13.589623,51.071289],[13.589627,51.071346],[13.589632,51.0714],[13.589656,51.071532],[13.589608,51.071568],[13.589646,51.071575],[13.589896,51.071619],[13.590338,51.071696],[13.590333,51.071712],[13.590318,51.071748],[13.590316,51.071756],[13.589918,51.071767],[13.589839,51.07176],[13.589883,51.072002],[13.589891,51.072024],[13.590474,51.073605],[13.590479,51.073618],[13.590204,51.073685],[13.589983,51.073743],[13.589711,51.073807],[13.589416,51.073882],[13.589385,51.073891],[13.589385,51.073914],[13.589376,51.073936],[13.589356,51.073951],[13.589338,51.073964],[13.58919,51.073994],[13.589142,51.073996],[13.589096,51.074063],[13.589111,51.074095],[13.589114,51.074157],[13.589099,51.074168],[13.589078,51.074185],[13.589028,51.07428],[13.589041,51.074361],[13.589059,51.07474],[13.58927,51.074985],[13.589213,51.075331],[13.589098,51.075615],[13.588875,51.07584],[13.588829,51.075886],[13.588792,51.075919],[13.58876,51.075937],[13.588746,51.075967],[13.588699,51.076035],[13.588601,51.076083],[13.588581,51.076099],[13.588538,51.076104],[13.588411,51.076135],[13.588324,51.076214],[13.588057,51.076302],[13.58787,51.0764],[13.587765,51.076469],[13.587754,51.07654],[13.587776,51.076605],[13.587794,51.076716],[13.587822,51.076886],[13.58784,51.07691],[13.58796,51.077083],[13.588245,51.077348],[13.588375,51.077381],[13.588703,51.077522],[13.588647,51.077615],[13.588623,51.077662],[13.588729,51.077726],[13.588782,51.077768],[13.588812,51.077789],[13.588808,51.077851],[13.588828,51.077879],[13.588874,51.077895],[13.58889,51.077881],[13.588891,51.077865],[13.58896,51.077887],[13.589034,51.077949],[13.589108,51.077969],[13.589171,51.077999],[13.589244,51.078038],[13.589414,51.078081],[13.589495,51.078114],[13.589548,51.078151],[13.589621,51.078186],[13.589662,51.07821],[13.589688,51.078264],[13.589719,51.078295],[13.589747,51.078338],[13.589754,51.078436],[13.589736,51.078511],[13.58972,51.078542],[13.589682,51.078567],[13.589629,51.078586],[13.589566,51.078636],[13.589468,51.078719],[13.589349,51.078758],[13.589306,51.078776],[13.589271,51.078794],[13.589242,51.07882],[13.58925,51.078839],[13.589284,51.07887],[13.589308,51.078937],[13.589324,51.07896],[13.589371,51.078969],[13.589381,51.079039],[13.589376,51.079104],[13.589384,51.07917],[13.589421,51.079221],[13.589477,51.079257],[13.589527,51.07934],[13.589559,51.079413],[13.589577,51.079447],[13.589624,51.079472],[13.589731,51.079497],[13.589805,51.079512],[13.589858,51.079518],[13.589901,51.079519],[13.589972,51.0795],[13.590014,51.079471],[13.590012,51.079425],[13.59013,51.079416],[13.590257,51.079395],[13.590368,51.079385],[13.590428,51.079377],[13.590454,51.079357],[13.590532,51.079355],[13.590653,51.079333],[13.590749,51.079309],[13.590797,51.079279],[13.590851,51.07927],[13.590864,51.079295],[13.590944,51.079271],[13.591022,51.079238],[13.591141,51.079163],[13.591158,51.079147],[13.591182,51.07916],[13.591221,51.079156],[13.591347,51.079101],[13.591466,51.079046],[13.591514,51.07903],[13.591558,51.078996],[13.591621,51.078981],[13.5917,51.07889],[13.591794,51.07888],[13.591905,51.078872],[13.591955,51.078862],[13.592,51.078898],[13.59206,51.078942],[13.592094,51.078957],[13.59215,51.079006],[13.592188,51.079059],[13.592255,51.07912],[13.592316,51.079184],[13.59233,51.079235],[13.592351,51.079249],[13.592377,51.079241],[13.592461,51.079255],[13.592559,51.079249],[13.592657,51.079238],[13.592716,51.079194],[13.592758,51.079185],[13.592777,51.079191],[13.592797,51.079192],[13.592842,51.079206],[13.592897,51.07924],[13.592949,51.079295],[13.592989,51.079335],[13.593046,51.079372],[13.593152,51.079422],[13.593244,51.07946],[13.593281,51.079506],[13.593276,51.079533],[13.593268,51.079575],[13.593293,51.079645],[13.593284,51.079698],[13.593251,51.079744],[13.593142,51.079825],[13.593113,51.079855],[13.593084,51.079894],[13.593049,51.079924],[13.592993,51.079991],[13.592974,51.080061],[13.592966,51.08009],[13.592941,51.080212],[13.592946,51.080293],[13.593012,51.080371],[13.593101,51.080474],[13.593134,51.080553],[13.593257,51.080593],[13.59336,51.080639],[13.593449,51.080729],[13.593555,51.080802],[13.593596,51.080925],[13.593618,51.081024],[13.593601,51.081072],[13.593637,51.081112],[13.593656,51.081134],[13.593626,51.081165],[13.593615,51.081236],[13.593634,51.081319],[13.593677,51.081387],[13.593723,51.081449],[13.593784,51.081507],[13.593934,51.081602],[13.594054,51.081695],[13.594129,51.081742],[13.594263,51.081743],[13.594324,51.081732],[13.594407,51.081736],[13.594472,51.081747],[13.594564,51.081712],[13.594626,51.081726],[13.594662,51.081737],[13.594713,51.081735],[13.594828,51.081704],[13.59487,51.081703],[13.594937,51.081722],[13.595032,51.081752],[13.595076,51.081805],[13.595081,51.081876],[13.595057,51.081927],[13.595051,51.081985],[13.595071,51.08205],[13.595075,51.082101],[13.594972,51.082152],[13.594938,51.082188],[13.594929,51.082276],[13.594883,51.08234],[13.594881,51.082399],[13.594945,51.082423],[13.595053,51.082485],[13.59508,51.082511],[13.595093,51.082548],[13.595103,51.082582],[13.595011,51.082677],[13.594997,51.082741],[13.594998,51.082787],[13.595011,51.082833],[13.595008,51.082905],[13.595032,51.082967],[13.595106,51.083012],[13.595192,51.083029],[13.595283,51.083064],[13.59533,51.083103],[13.595352,51.083151],[13.59535,51.083218],[13.595391,51.083306],[13.595491,51.083336],[13.595567,51.083364],[13.595653,51.083461],[13.59574,51.083523],[13.595857,51.08356],[13.595922,51.083585],[13.596198,51.083662],[13.596282,51.083701],[13.596334,51.083743],[13.596465,51.083772],[13.596513,51.083796],[13.596552,51.083837],[13.596611,51.083836],[13.596676,51.083855],[13.596729,51.083933],[13.596701,51.083998],[13.596682,51.084046],[13.596717,51.084137],[13.596763,51.084174],[13.596851,51.084235],[13.596953,51.084284],[13.597095,51.084317],[13.597228,51.084366],[13.597341,51.084428],[13.597483,51.084467],[13.597593,51.084515],[13.597728,51.084603],[13.597783,51.084675],[13.597892,51.084754],[13.597952,51.08482],[13.598016,51.084898],[13.598054,51.08497],[13.598087,51.085047],[13.598103,51.08512],[13.598105,51.085153],[13.598127,51.085194],[13.59818,51.08521],[13.598292,51.085211],[13.598338,51.085218],[13.598448,51.085247],[13.598585,51.085272],[13.598763,51.085276],[13.59889,51.08529],[13.598988,51.085311],[13.599048,51.085354],[13.599084,51.085406],[13.598986,51.085557],[13.598879,51.085623],[13.598815,51.085687],[13.598697,51.085741],[13.598496,51.085771],[13.598434,51.085835],[13.598284,51.085894],[13.598197,51.085924],[13.598167,51.085981],[13.598145,51.086051],[13.59824,51.086154],[13.598303,51.086247],[13.598318,51.086334],[13.59837,51.086408],[13.598414,51.086493],[13.598505,51.086688],[13.598608,51.086787],[13.598689,51.086904],[13.598753,51.087057],[13.598786,51.087221],[13.598861,51.087256],[13.598855,51.087339],[13.598899,51.087412],[13.598887,51.087492],[13.59894,51.087664],[13.599066,51.087797],[13.599064,51.087892],[13.59913,51.087938],[13.599192,51.088003],[13.599357,51.088175],[13.599378,51.088246],[13.599318,51.088324],[13.599152,51.0883],[13.599084,51.088323],[13.599066,51.08837],[13.598881,51.088443],[13.598666,51.088479],[13.598535,51.088455],[13.598426,51.088491],[13.598293,51.088596],[13.598266,51.08869],[13.598251,51.088719],[13.598211,51.088781],[13.598202,51.08884],[13.59812,51.088924],[13.597936,51.089007],[13.597732,51.089073],[13.597699,51.08912],[13.597552,51.089159],[13.597542,51.089205],[13.597561,51.089294],[13.597564,51.089335],[13.597637,51.089393],[13.597644,51.089491],[13.597615,51.089591],[13.597675,51.089651],[13.597771,51.089911],[13.597836,51.089972],[13.597846,51.090036],[13.59783,51.0901],[13.597738,51.090364],[13.597727,51.090575],[13.597728,51.090667],[13.597784,51.090873],[13.597883,51.090932],[13.597993,51.090946],[13.598192,51.091026],[13.598292,51.091198],[13.598294,51.091201],[13.59826,51.091287],[13.598289,51.091358],[13.598327,51.091405],[13.598293,51.091416],[13.5982,51.091442],[13.598049,51.091471],[13.59799,51.091482],[13.597786,51.091509],[13.597758,51.091517],[13.597624,51.091522],[13.597358,51.091567],[13.597117,51.091611],[13.596883,51.091644],[13.596529,51.091687],[13.596323,51.091703],[13.596038,51.091714],[13.595868,51.091687],[13.595845,51.091683],[13.59568,51.091652],[13.595258,51.091533],[13.595148,51.091468],[13.595006,51.091434],[13.594729,51.091596],[13.594518,51.091727],[13.594517,51.091728],[13.594382,51.091831],[13.594187,51.091992],[13.594178,51.092],[13.59417,51.092006],[13.594135,51.092034],[13.594126,51.092043],[13.594107,51.092047],[13.594262,51.092127],[13.59447,51.092249],[13.594451,51.092262],[13.593941,51.092613],[13.593824,51.0927],[13.593658,51.092783],[13.593551,51.092836],[13.593535,51.092872],[13.59351,51.09293],[13.593445,51.093023],[13.593338,51.093175],[13.592831,51.093608],[13.592514,51.093837],[13.592135,51.094123],[13.592092,51.094156],[13.592042,51.094149],[13.592026,51.094136],[13.591989,51.094146],[13.592001,51.094172],[13.592166,51.094456],[13.592672,51.094616],[13.593022,51.094727],[13.593533,51.094759],[13.594097,51.09482],[13.594281,51.094842],[13.594855,51.094905],[13.595279,51.095048],[13.59569,51.095188],[13.595837,51.095098],[13.595866,51.095079],[13.59591,51.095095],[13.595919,51.095102],[13.595967,51.09514],[13.595987,51.095175],[13.595938,51.095248],[13.595941,51.095278],[13.596001,51.095278],[13.596038,51.095284],[13.596044,51.0953],[13.596032,51.095318],[13.596032,51.095342],[13.596056,51.095352],[13.596089,51.095352],[13.596138,51.09536],[13.596153,51.09537],[13.596146,51.095385],[13.596197,51.095407],[13.596224,51.095408],[13.596263,51.095402],[13.596273,51.095438],[13.596321,51.095504],[13.596302,51.095535],[13.59631,51.095572],[13.596339,51.095602],[13.596388,51.09562],[13.596459,51.095624],[13.596497,51.095647],[13.596523,51.095676],[13.596534,51.095707],[13.596527,51.095742],[13.596533,51.095757],[13.596521,51.095774],[13.596459,51.095788],[13.596403,51.095796],[13.596388,51.095835],[13.596374,51.095861],[13.596372,51.095889],[13.596384,51.095916],[13.596387,51.095919],[13.596402,51.095932],[13.596489,51.095963],[13.596511,51.095996],[13.596529,51.096013],[13.596559,51.096087],[13.596545,51.09613],[13.596518,51.096182],[13.596499,51.09629],[13.596476,51.096306],[13.596481,51.096333],[13.596491,51.096347],[13.59649,51.096421],[13.596466,51.096482],[13.596483,51.096549],[13.596462,51.096586],[13.596516,51.09662],[13.596474,51.096689],[13.596523,51.096776],[13.596541,51.096799],[13.596575,51.096805],[13.59659,51.096828],[13.596619,51.09689],[13.596587,51.09693],[13.596618,51.096974],[13.59665,51.096991],[13.596675,51.097037],[13.596703,51.097064],[13.596709,51.097072],[13.596686,51.097098],[13.596701,51.097121],[13.596702,51.097125],[13.596712,51.097158],[13.596722,51.097168],[13.596728,51.097175],[13.596819,51.097286],[13.59687,51.097313],[13.596912,51.097357],[13.596929,51.097365],[13.59696,51.097396],[13.596985,51.097398],[13.596985,51.097412],[13.597023,51.097438],[13.59709,51.097474],[13.597131,51.097526],[13.597163,51.097546],[13.597219,51.097567],[13.597229,51.097608],[13.597305,51.097669],[13.597334,51.097728],[13.597408,51.097775],[13.59747,51.097814],[13.597533,51.097827],[13.597646,51.09785],[13.597696,51.097873],[13.597774,51.097922],[13.597801,51.097939],[13.597828,51.097955],[13.597922,51.098013],[13.59794,51.098028],[13.59795,51.098033],[13.598678,51.098407],[13.599096,51.098092],[13.599359,51.097893],[13.599793,51.097631],[13.599911,51.097552],[13.600166,51.097383],[13.600932,51.097088],[13.601841,51.096764],[13.602504,51.096641],[13.602609,51.096621],[13.60349,51.096449],[13.604383,51.09639],[13.604636,51.09642],[13.604748,51.096438],[13.604949,51.096469],[13.605054,51.096485],[13.605161,51.096502],[13.605222,51.096511],[13.605289,51.096522],[13.605354,51.096533],[13.605562,51.096567],[13.605651,51.096584],[13.606271,51.096739],[13.606763,51.096915],[13.607217,51.097128],[13.607599,51.097321],[13.608294,51.097688],[13.608853,51.098001],[13.609195,51.098193],[13.609856,51.098652],[13.610012,51.098772],[13.610199,51.098917],[13.610736,51.099331],[13.610894,51.099453],[13.61158,51.099975],[13.612351,51.100526],[13.613059,51.100944],[13.613807,51.101308],[13.614392,51.101547],[13.614596,51.101631],[13.615555,51.10194],[13.616576,51.102219],[13.617682,51.102432],[13.618843,51.102575],[13.619976,51.102708],[13.620908,51.102757],[13.621762,51.102767],[13.622769,51.102724],[13.62373,51.102646],[13.623732,51.102645],[13.624732,51.102477],[13.625811,51.102113],[13.625855,51.102099],[13.625857,51.102098],[13.625886,51.102088],[13.626626,51.101841],[13.627322,51.10151],[13.627329,51.101507],[13.627613,51.101402],[13.62831,51.101093],[13.629166,51.100768],[13.629417,51.100672],[13.629453,51.100661],[13.630531,51.100313],[13.63136,51.09999],[13.631474,51.099943],[13.632178,51.099656],[13.632924,51.099361],[13.632937,51.099356],[13.633459,51.099148],[13.633606,51.099089],[13.634182,51.098855],[13.634368,51.098785],[13.635347,51.098431],[13.636026,51.09817],[13.636221,51.098099],[13.636337,51.098057],[13.636891,51.097874],[13.637665,51.097763],[13.637667,51.097763],[13.637851,51.097733],[13.638336,51.097656],[13.638983,51.097526],[13.639576,51.097417],[13.639582,51.097416],[13.640476,51.097267],[13.641203,51.097162],[13.641993,51.097052],[13.643018,51.096861],[13.643729,51.09675],[13.644097,51.096683],[13.645156,51.096493],[13.645879,51.096246],[13.646705,51.095874],[13.646875,51.095789],[13.647717,51.09537],[13.648087,51.095185],[13.648882,51.094819],[13.649504,51.094449],[13.650184,51.094144],[13.650871,51.093805],[13.651638,51.093477],[13.652308,51.093216],[13.653842,51.092609],[13.654643,51.09235],[13.655474,51.092085],[13.656328,51.091828],[13.656416,51.091802],[13.657158,51.091577],[13.657824,51.091346],[13.658034,51.091274],[13.658498,51.091115],[13.659638,51.090835],[13.66043,51.090594],[13.661193,51.090147],[13.661201,51.090142],[13.66172,51.089839],[13.662287,51.089474],[13.662577,51.089269],[13.662063,51.088999],[13.662003,51.088965],[13.661981,51.088953],[13.661927,51.088923],[13.661917,51.088917],[13.661658,51.088772],[13.661519,51.08885],[13.661477,51.088874],[13.661379,51.08893],[13.661368,51.088936],[13.661348,51.088948],[13.661292,51.088979],[13.661201,51.089031],[13.66114,51.08906],[13.660998,51.089162],[13.660934,51.089204],[13.660768,51.089111],[13.660601,51.089016],[13.660278,51.088834],[13.660237,51.08881],[13.659924,51.088633],[13.659627,51.088465],[13.659531,51.088398],[13.659413,51.088464],[13.659299,51.088537],[13.659191,51.088478],[13.659061,51.088375],[13.658925,51.088265],[13.658701,51.088107],[13.658562,51.088129],[13.658542,51.088073],[13.658493,51.088019],[13.65847,51.087993],[13.658349,51.087892],[13.658282,51.087855],[13.658192,51.087807],[13.657991,51.087704],[13.657894,51.087654],[13.6575,51.087452],[13.657471,51.087449],[13.657289,51.087529],[13.657045,51.08764],[13.657001,51.087646],[13.656972,51.08763],[13.656979,51.087612],[13.657255,51.087348],[13.657275,51.087328],[13.657293,51.087282],[13.657311,51.087224],[13.657303,51.087202],[13.657293,51.087175],[13.657239,51.087137],[13.657232,51.087132],[13.656765,51.086811],[13.656676,51.08675],[13.656659,51.086738],[13.656432,51.086581],[13.656412,51.086567],[13.655804,51.086145],[13.654949,51.086589],[13.654135,51.086946],[13.653798,51.08707],[13.653155,51.087291],[13.652204,51.087568],[13.652163,51.08758],[13.65189,51.087168],[13.651588,51.086712],[13.651478,51.086549],[13.651414,51.086453],[13.650931,51.085733],[13.650644,51.085306],[13.649526,51.083642],[13.649476,51.083594],[13.649586,51.083553],[13.64963,51.083537],[13.649802,51.083473],[13.650125,51.083345],[13.650046,51.08327],[13.649934,51.083064],[13.649871,51.082949],[13.649844,51.082899],[13.649113,51.081558],[13.64909,51.081516],[13.649086,51.08151],[13.649073,51.081495],[13.649009,51.081418],[13.648993,51.081399],[13.648958,51.081299],[13.648912,51.081228],[13.648852,51.081106],[13.648592,51.0811],[13.64824,51.081119],[13.648101,51.08112],[13.648098,51.08112],[13.647669,51.081122],[13.647313,51.081174],[13.646986,51.081233],[13.646976,51.081235],[13.646655,51.081292],[13.646452,51.08091],[13.646423,51.080822]]]}},{"type":"Feature","id":"dresden-91","properties":{"city":"Dresden","state":"Sachsen","code":"91","name":"Cotta mit Friedrichstadt-Südwest","name_atlas":"Cotta","population_est":11412,"crime_total":{"cases":590,"rate":5170.0},"homicide":{"cases":0,"rate":0.0},"sexual":{"cases":20,"rate":175.3},"violence_proxy":{"cases":84,"rate":736.1},"property_total":{"cases":253,"rate":2217.0},"simple_theft":{"cases":85,"rate":744.8},"aggravated_theft":{"cases":168,"rate":1472.1},"fraud":{"cases":97,"rate":850.0},"other_stgb":{"cases":116,"rate":1016.5},"secondary_law":{"cases":20,"rate":175.3}},"geometry":{"type":"Polygon","coordinates":[[[13.688284,51.059459],[13.688284,51.059455],[13.688281,51.059427],[13.68828,51.059419],[13.688279,51.059408],[13.688275,51.059339],[13.688274,51.05932],[13.688269,51.059273],[13.688265,51.059221],[13.688265,51.059217],[13.688264,51.059203],[13.688262,51.059185],[13.688256,51.059139],[13.688256,51.059133],[13.688255,51.059124],[13.688249,51.059047],[13.688248,51.059037],[13.688248,51.059034],[13.688241,51.0589],[13.688238,51.058848],[13.688235,51.058814],[13.688233,51.058799],[13.688232,51.05879],[13.688227,51.058752],[13.688226,51.05874],[13.688226,51.058735],[13.688224,51.058696],[13.688224,51.05869],[13.688222,51.058627],[13.688222,51.058616],[13.688219,51.05858],[13.688217,51.058554],[13.688216,51.058538],[13.688216,51.058522],[13.688218,51.058489],[13.68822,51.058473],[13.688223,51.058457],[13.688231,51.058429],[13.68824,51.058397],[13.688245,51.058382],[13.688251,51.058366],[13.688258,51.058351],[13.688265,51.058337],[13.688281,51.05831],[13.68831,51.058258],[13.688314,51.058251],[13.688318,51.058244],[13.688324,51.058235],[13.688335,51.058219],[13.688359,51.058187],[13.688384,51.058156],[13.688436,51.058094],[13.688553,51.057954],[13.68858,51.057923],[13.688598,51.057902],[13.688607,51.057892],[13.688621,51.057877],[13.688672,51.057825],[13.688675,51.057822],[13.688678,51.057818],[13.688684,51.057811],[13.688696,51.057798],[13.688707,51.057785],[13.688741,51.057745],[13.688755,51.05773],[13.688756,51.057728],[13.688774,51.057709],[13.688804,51.057677],[13.688818,51.057662],[13.688824,51.057655],[13.68886,51.057615],[13.688872,51.057602],[13.688886,51.057588],[13.688906,51.057567],[13.688938,51.057534],[13.688947,51.057525],[13.688967,51.057503],[13.688997,51.057467],[13.689006,51.057457],[13.689011,51.057452],[13.689053,51.057411],[13.689067,51.057397],[13.689092,51.057368],[13.689102,51.057356],[13.689116,51.057339],[13.689144,51.0573],[13.689171,51.057268],[13.689185,51.05725],[13.689197,51.057235],[13.689231,51.05719],[13.689243,51.057175],[13.689289,51.05712],[13.689349,51.057045],[13.689375,51.057015],[13.689404,51.056984],[13.689424,51.056961],[13.689454,51.05693],[13.68948,51.056902],[13.689505,51.056873],[13.689541,51.05683],[13.689562,51.056804],[13.689575,51.056787],[13.689604,51.056749],[13.68964,51.056707],[13.689667,51.056673],[13.689674,51.056664],[13.689688,51.056646],[13.689715,51.056609],[13.689745,51.056567],[13.68976,51.056546],[13.689793,51.056492],[13.689816,51.056456],[13.689844,51.056413],[13.689864,51.056381],[13.689881,51.056357],[13.689904,51.056324],[13.68994,51.056271],[13.689964,51.056231],[13.690002,51.056172],[13.690015,51.05615],[13.690031,51.056127],[13.690072,51.056064],[13.690087,51.056041],[13.690106,51.05601],[13.690138,51.055954],[13.690162,51.055918],[13.690163,51.055915],[13.690183,51.055883],[13.690202,51.055849],[13.690211,51.055831],[13.690214,51.055826],[13.690219,51.055816],[13.690224,51.055806],[13.690247,51.055757],[13.690273,51.055709],[13.690289,51.055675],[13.690304,51.055641],[13.690356,51.055521],[13.690368,51.055496],[13.690397,51.055439],[13.690405,51.055423],[13.690426,51.055372],[13.690447,51.055323],[13.69046,51.055291],[13.690482,51.055228],[13.6905,51.055181],[13.690506,51.055166],[13.690521,51.055119],[13.690537,51.055075],[13.690563,51.054992],[13.690573,51.054963],[13.690573,51.054962],[13.690574,51.054959],[13.690601,51.054896],[13.690627,51.05483],[13.690641,51.054796],[13.690657,51.054763],[13.690665,51.054746],[13.690683,51.054713],[13.690721,51.054646],[13.690725,51.05464],[13.690761,51.05458],[13.690783,51.054548],[13.690802,51.054521],[13.690854,51.054454],[13.690954,51.05433],[13.690979,51.054299],[13.69102,51.054254],[13.691034,51.05424],[13.691064,51.054212],[13.691095,51.054184],[13.69114,51.054145],[13.69114,51.054144],[13.691142,51.054143],[13.69119,51.054103],[13.691223,51.054076],[13.691274,51.054037],[13.691326,51.053999],[13.691397,51.053949],[13.691451,51.053911],[13.691458,51.053907],[13.691488,51.053887],[13.691526,51.053863],[13.691584,51.053828],[13.691624,51.053805],[13.691665,51.053782],[13.691751,51.053737],[13.691795,51.053716],[13.69184,51.053695],[13.691887,51.053676],[13.691958,51.053647],[13.69201,51.053627],[13.692053,51.05361],[13.692099,51.053595],[13.692205,51.053561],[13.692206,51.053561],[13.692209,51.05356],[13.692266,51.053541],[13.692291,51.053534],[13.692341,51.053519],[13.692392,51.053505],[13.692443,51.053491],[13.692495,51.053477],[13.692497,51.053476],[13.69253,51.053468],[13.692555,51.053461],[13.692561,51.053459],[13.692571,51.053456],[13.692649,51.053436],[13.6927,51.053423],[13.692753,51.053411],[13.692777,51.053405],[13.692826,51.053395],[13.692875,51.053386],[13.6929,51.053382],[13.692928,51.053377],[13.692965,51.053372],[13.693054,51.053359],[13.693164,51.053342],[13.693261,51.053329],[13.693309,51.053322],[13.693358,51.053314],[13.693506,51.053286],[13.693553,51.053278],[13.693555,51.053277],[13.693605,51.053269],[13.693679,51.053258],[13.693728,51.053251],[13.693779,51.053242],[13.693834,51.053232],[13.693857,51.053227],[13.693974,51.053209],[13.694024,51.053201],[13.694078,51.053192],[13.694131,51.053182],[13.69437,51.053136],[13.694452,51.053121],[13.694476,51.053117],[13.694522,51.053109],[13.69453,51.053108],[13.694536,51.053107],[13.694671,51.053086],[13.694722,51.053077],[13.694733,51.053075],[13.694773,51.053068],[13.694926,51.053037],[13.694927,51.053037],[13.694977,51.053028],[13.695003,51.053023],[13.69508,51.053011],[13.695107,51.053007],[13.695191,51.052994],[13.695244,51.052985],[13.695322,51.052971],[13.695347,51.052966],[13.695457,51.05295],[13.695559,51.052932],[13.695633,51.052919],[13.695648,51.052916],[13.695702,51.052907],[13.695791,51.052891],[13.695915,51.05287],[13.696004,51.052858],[13.696029,51.052854],[13.696181,51.052827],[13.696206,51.052822],[13.69626,51.052814],[13.696305,51.052807],[13.696308,51.052806],[13.696345,51.052801],[13.696362,51.052798],[13.696465,51.05278],[13.696562,51.052765],[13.696689,51.052743],[13.696722,51.052737],[13.696863,51.052715],[13.696967,51.052695],[13.696993,51.05269],[13.697181,51.052661],[13.697207,51.052656],[13.697284,51.052642],[13.69731,51.052638],[13.697364,51.052629],[13.697412,51.052621],[13.697465,51.052612],[13.697528,51.0526],[13.697554,51.052596],[13.697591,51.05259],[13.697608,51.052587],[13.697681,51.052573],[13.697683,51.052573],[13.697697,51.05257],[13.697741,51.052563],[13.697799,51.052553],[13.697894,51.052537],[13.697984,51.05252],[13.698051,51.05251],[13.698128,51.052495],[13.698147,51.052492],[13.698194,51.052485],[13.698231,51.052478],[13.698255,51.052474],[13.698269,51.052472],[13.698328,51.052463],[13.698352,51.052459],[13.69837,51.052456],[13.698373,51.052455],[13.698429,51.052445],[13.698496,51.052434],[13.698573,51.052419],[13.698639,51.052408],[13.698715,51.052394],[13.698764,51.052386],[13.698781,51.052383],[13.698817,51.052377],[13.698832,51.052374],[13.698882,51.052366],[13.698918,51.05236],[13.698984,51.052349],[13.699057,51.052336],[13.699058,51.052335],[13.69906,51.052335],[13.699125,51.052324],[13.699162,51.052318],[13.699227,51.052307],[13.699287,51.052296],[13.699303,51.052293],[13.699405,51.052275],[13.699471,51.052265],[13.699527,51.052254],[13.699547,51.05225],[13.699668,51.05223],[13.699714,51.052223],[13.699772,51.052212],[13.69979,51.052208],[13.699892,51.052191],[13.699956,51.052181],[13.700024,51.052169],[13.700057,51.052163],[13.700145,51.052148],[13.700192,51.05214],[13.700245,51.052131],[13.700292,51.052123],[13.700345,51.052114],[13.700392,51.052106],[13.700432,51.052099],[13.700434,51.052099],[13.700493,51.052089],[13.700545,51.05208],[13.700593,51.052072],[13.700646,51.052063],[13.700694,51.052055],[13.700747,51.052046],[13.700836,51.05203],[13.70119,51.051971],[13.701238,51.051962],[13.701291,51.051954],[13.701539,51.051912],[13.701591,51.051903],[13.701639,51.051895],[13.701692,51.051886],[13.701792,51.051869],[13.701809,51.051866],[13.701812,51.051865],[13.701866,51.051855],[13.701919,51.051847],[13.701967,51.051839],[13.702054,51.051826],[13.702108,51.051817],[13.702162,51.051807],[13.702215,51.051796],[13.702268,51.051785],[13.702294,51.051778],[13.702321,51.051771],[13.702347,51.051764],[13.702424,51.051741],[13.702551,51.051702],[13.702577,51.051694],[13.70268,51.051663],[13.702738,51.051643],[13.702781,51.051629],[13.702848,51.051603],[13.702898,51.051586],[13.702921,51.051577],[13.702944,51.051567],[13.702965,51.051558],[13.702989,51.051547],[13.703034,51.051527],[13.703066,51.051512],[13.703097,51.051497],[13.703098,51.051496],[13.703166,51.051463],[13.70321,51.051441],[13.703231,51.05143],[13.703272,51.051407],[13.703298,51.051392],[13.703383,51.051341],[13.703411,51.051324],[13.703439,51.051307],[13.703484,51.051279],[13.703508,51.051264],[13.703565,51.051228],[13.703606,51.051199],[13.703618,51.051191],[13.703669,51.051153],[13.703702,51.051128],[13.703717,51.051115],[13.703733,51.051102],[13.703747,51.051089],[13.703761,51.051076],[13.703795,51.051039],[13.703844,51.050992],[13.703865,51.05097],[13.703883,51.050951],[13.703884,51.050949],[13.70389,51.050942],[13.703937,51.050875],[13.703956,51.050847],[13.703977,51.050815],[13.703982,51.050808],[13.703998,51.050782],[13.704017,51.050751],[13.704023,51.050742],[13.70405,51.050701],[13.704061,51.050685],[13.704072,51.050669],[13.704121,51.050608],[13.704131,51.050596],[13.704136,51.05059],[13.704142,51.050584],[13.704149,51.050575],[13.704173,51.050546],[13.704184,51.05053],[13.704193,51.050515],[13.7042,51.0505],[13.704212,51.050469],[13.704228,51.050424],[13.704233,51.05041],[13.704236,51.0504],[13.704254,51.050344],[13.704263,51.050318],[13.704268,51.050302],[13.704287,51.050256],[13.704293,51.050238],[13.704309,51.050193],[13.704344,51.050096],[13.704354,51.050073],[13.704382,51.050009],[13.704403,51.049957],[13.704404,51.049954],[13.704426,51.049903],[13.704439,51.049871],[13.704449,51.049844],[13.704459,51.04982],[13.704481,51.049768],[13.704495,51.049736],[13.704501,51.049719],[13.704519,51.049668],[13.704526,51.049652],[13.704551,51.049592],[13.704562,51.049562],[13.704591,51.049486],[13.70462,51.049407],[13.704634,51.049373],[13.70465,51.049332],[13.704664,51.049293],[13.704676,51.049262],[13.704694,51.049216],[13.704718,51.049152],[13.704734,51.049108],[13.704745,51.049081],[13.704746,51.049079],[13.704762,51.049039],[13.704793,51.048961],[13.704794,51.048958],[13.704796,51.048952],[13.704805,51.048927],[13.704811,51.048907],[13.70483,51.048849],[13.704842,51.048818],[13.704855,51.048785],[13.704871,51.048747],[13.704872,51.048746],[13.704893,51.048697],[13.704896,51.048688],[13.704908,51.048656],[13.704924,51.048608],[13.704936,51.048576],[13.704948,51.048546],[13.704957,51.048527],[13.704962,51.048512],[13.704971,51.04849],[13.704987,51.048449],[13.705002,51.048413],[13.705019,51.048366],[13.705023,51.048355],[13.705032,51.048327],[13.705042,51.048299],[13.705055,51.048265],[13.705067,51.048234],[13.705077,51.048207],[13.705079,51.048202],[13.705105,51.048138],[13.705111,51.048124],[13.705165,51.047976],[13.705172,51.04796],[13.705188,51.047922],[13.705196,51.047902],[13.705204,51.047882],[13.705222,51.047832],[13.705237,51.047795],[13.705249,51.047762],[13.705263,51.047725],[13.705282,51.047675],[13.705299,51.047631],[13.705316,51.047589],[13.705329,51.047554],[13.705347,51.047508],[13.705368,51.047448],[13.705371,51.04744],[13.705377,51.047423],[13.705387,51.047397],[13.705407,51.047349],[13.705413,51.047334],[13.705414,51.047331],[13.705414,51.04733],[13.705419,51.047318],[13.705431,51.047286],[13.705447,51.047239],[13.705456,51.047214],[13.705463,51.047197],[13.705467,51.047187],[13.705478,51.047159],[13.705507,51.047084],[13.705522,51.047044],[13.705538,51.046997],[13.70555,51.046965],[13.705565,51.046928],[13.705582,51.046886],[13.705595,51.046855],[13.705617,51.046791],[13.705622,51.046775],[13.705637,51.046738],[13.70564,51.046729],[13.705641,51.046727],[13.705668,51.04665],[13.705673,51.046638],[13.705686,51.046604],[13.705713,51.046527],[13.705727,51.046492],[13.705732,51.046478],[13.705737,51.046464],[13.705739,51.046459],[13.705747,51.046437],[13.705757,51.046405],[13.705761,51.046397],[13.705527,51.046382],[13.705513,51.046381],[13.705447,51.046378],[13.705441,51.046378],[13.705447,51.046379],[13.705387,51.046373],[13.705199,51.046353],[13.704829,51.04634],[13.704729,51.046317],[13.704761,51.046635],[13.704764,51.046644],[13.704624,51.046661],[13.704553,51.046655],[13.704499,51.04665],[13.70425,51.046635],[13.704198,51.046631],[13.704072,51.046691],[13.703964,51.046736],[13.703718,51.046711],[13.703407,51.046681],[13.703188,51.046659],[13.702926,51.046633],[13.702873,51.046627],[13.702862,51.046626],[13.702634,51.046598],[13.702448,51.046569],[13.70244,51.046585],[13.702252,51.046646],[13.701947,51.046742],[13.70185,51.046773],[13.701775,51.046797],[13.701729,51.046811],[13.701598,51.046775],[13.701533,51.04687],[13.701465,51.046979],[13.701424,51.047046],[13.701222,51.047372],[13.701126,51.047521],[13.701024,51.047625],[13.700735,51.047779],[13.700369,51.047908],[13.700319,51.047926],[13.699718,51.048143],[13.699072,51.048367],[13.698587,51.048543],[13.698256,51.048654],[13.6981,51.048704],[13.697968,51.048752],[13.697963,51.048754],[13.697821,51.048808],[13.697674,51.048858],[13.697645,51.048869],[13.697537,51.048906],[13.697508,51.048915],[13.697416,51.048943],[13.697395,51.04895],[13.697269,51.049],[13.697252,51.049007],[13.697238,51.049013],[13.69721,51.049027],[13.697111,51.049077],[13.697103,51.049081],[13.696968,51.049051],[13.696913,51.049043],[13.696803,51.049027],[13.696637,51.049016],[13.696635,51.049016],[13.696196,51.049006],[13.695784,51.048996],[13.695759,51.048996],[13.694872,51.048984],[13.69416,51.048966],[13.693963,51.048961],[13.69337,51.048949],[13.693299,51.048952],[13.693006,51.048964],[13.692964,51.048969],[13.692906,51.048975],[13.692446,51.049023],[13.692049,51.049063],[13.692163,51.048546],[13.692166,51.048538],[13.692181,51.048471],[13.692199,51.048392],[13.692253,51.048147],[13.69182,51.048072],[13.691511,51.048018],[13.690657,51.047882],[13.690565,51.047867],[13.690268,51.047818],[13.689991,51.047772],[13.68978,51.04774],[13.689747,51.047735],[13.689568,51.047708],[13.689547,51.047704],[13.689407,51.047683],[13.689273,51.047673],[13.689145,51.047678],[13.688933,51.047729],[13.688692,51.047781],[13.688667,51.04772],[13.688599,51.047595],[13.688589,51.047575],[13.688392,51.047584],[13.688167,51.047565],[13.688141,51.047563],[13.688115,51.047562],[13.688089,51.047561],[13.688063,51.047559],[13.688037,51.047558],[13.688011,51.047557],[13.687985,51.047556],[13.687959,51.047555],[13.687933,51.047554],[13.687906,51.047553],[13.68788,51.047552],[13.687854,51.047551],[13.687828,51.047551],[13.687802,51.04755],[13.687776,51.047549],[13.68775,51.047549],[13.687724,51.047549],[13.687698,51.047548],[13.687671,51.047548],[13.687645,51.047548],[13.687619,51.047548],[13.687593,51.047548],[13.687567,51.047548],[13.687541,51.047548],[13.687515,51.047548],[13.687579,51.04766],[13.687584,51.047669],[13.687588,51.047676],[13.687394,51.047718],[13.687137,51.047778],[13.686925,51.047823],[13.686643,51.047886],[13.686506,51.047916],[13.686439,51.047932],[13.686228,51.047978],[13.686081,51.04801],[13.68582,51.048068],[13.685444,51.048151],[13.685289,51.048185],[13.685286,51.048186],[13.685285,51.048186],[13.685226,51.048199],[13.685199,51.048205],[13.685139,51.048218],[13.685121,51.048222],[13.684875,51.048278],[13.684788,51.048297],[13.684501,51.04836],[13.683891,51.048495],[13.683829,51.048509],[13.68382,51.04851],[13.683812,51.048512],[13.683804,51.048498],[13.683743,51.048557],[13.683495,51.048571],[13.683174,51.04863],[13.682853,51.048677],[13.682548,51.048748],[13.682314,51.048715],[13.682111,51.048718],[13.681723,51.048754],[13.681707,51.048755],[13.681369,51.048801],[13.681237,51.048836],[13.681225,51.048819],[13.681084,51.048843],[13.681089,51.04885],[13.680959,51.048887],[13.680953,51.04889],[13.680774,51.048955],[13.680495,51.049004],[13.679989,51.049166],[13.679765,51.049253],[13.679751,51.049258],[13.679501,51.049375],[13.679294,51.049476],[13.679029,51.049612],[13.678758,51.049751],[13.678645,51.049791],[13.678493,51.049823],[13.678354,51.049845],[13.678367,51.049875],[13.678229,51.049898],[13.678174,51.049909],[13.677863,51.049979],[13.677714,51.05002],[13.677542,51.050059],[13.677402,51.050095],[13.677224,51.05014],[13.676902,51.050218],[13.676586,51.050291],[13.676219,51.050389],[13.676085,51.050425],[13.676065,51.05043],[13.675698,51.050514],[13.67504,51.050667],[13.67503,51.05067],[13.67442,51.050758],[13.674414,51.050818],[13.674426,51.050835],[13.674487,51.050872],[13.674535,51.05091],[13.674537,51.05091],[13.674641,51.050923],[13.675013,51.050827],[13.675036,51.050935],[13.675057,51.051039],[13.6751,51.051232],[13.675104,51.051255],[13.675115,51.051318],[13.675148,51.051505],[13.675162,51.051584],[13.675165,51.051605],[13.675178,51.051677],[13.675172,51.051678],[13.675181,51.051717],[13.675193,51.051767],[13.675204,51.05183],[13.675215,51.051909],[13.675221,51.051962],[13.675227,51.052064],[13.675235,51.05215],[13.675236,51.052165],[13.675239,51.052181],[13.675259,51.052416],[13.675336,51.052492],[13.675366,51.052481],[13.675511,51.05244],[13.675673,51.052413],[13.675907,51.052402],[13.675965,51.052403],[13.676307,51.052412],[13.677226,51.052425],[13.677282,51.052426],[13.678932,51.052447],[13.679053,51.052449],[13.680085,51.052468],[13.680227,51.05247],[13.68042,51.052487],[13.680588,51.052522],[13.680623,51.052577],[13.680638,51.052627],[13.680637,51.052684],[13.68061,51.052851],[13.68058,51.052993],[13.680517,51.053301],[13.680469,51.05352],[13.680427,51.053716],[13.680424,51.053732],[13.680388,51.053905],[13.680346,51.05407],[13.680333,51.054173],[13.680282,51.054356],[13.68023,51.054486],[13.680169,51.054653],[13.680116,51.054773],[13.680105,51.05479],[13.680087,51.05482],[13.680036,51.054886],[13.679972,51.054973],[13.679857,51.05511],[13.67971,51.05527],[13.679545,51.055453],[13.679066,51.055981],[13.678942,51.055937],[13.678913,51.055929],[13.678556,51.055826],[13.678236,51.055737],[13.678229,51.055735],[13.67816,51.055717],[13.678113,51.055788],[13.677962,51.056015],[13.677936,51.056055],[13.677934,51.056058],[13.67793,51.056064],[13.677908,51.056099],[13.67779,51.056295],[13.677765,51.056336],[13.677688,51.056478],[13.677427,51.056434],[13.677304,51.05648],[13.67725,51.05642],[13.677117,51.056387],[13.677066,51.05638],[13.676933,51.056368],[13.676676,51.056344],[13.676416,51.056321],[13.675868,51.056292],[13.675662,51.056281],[13.675615,51.056279],[13.675354,51.056259],[13.675353,51.056266],[13.675333,51.056764],[13.675328,51.056903],[13.675325,51.057006],[13.675319,51.057169],[13.675316,51.057253],[13.675312,51.057415],[13.675312,51.057426],[13.675316,51.057646],[13.675315,51.057859],[13.675315,51.057963],[13.675315,51.058033],[13.675315,51.058153],[13.675287,51.058303],[13.675274,51.058371],[13.675269,51.058393],[13.675268,51.058398],[13.675245,51.058507],[13.675212,51.058595],[13.674753,51.05853],[13.674609,51.058521],[13.67425,51.058486],[13.674237,51.058485],[13.673953,51.058463],[13.673663,51.058445],[13.673427,51.058429],[13.673165,51.058411],[13.672867,51.058379],[13.672542,51.058344],[13.672244,51.058314],[13.672058,51.058298],[13.67182,51.058261],[13.67163,51.058225],[13.67148,51.058193],[13.671304,51.05815],[13.671155,51.058101],[13.671034,51.058059],[13.670904,51.058004],[13.670745,51.057927],[13.670678,51.057893],[13.67059,51.057963],[13.670565,51.058005],[13.670495,51.058281],[13.670493,51.058288],[13.670483,51.058327],[13.670427,51.058549],[13.670374,51.058732],[13.670511,51.058745],[13.670701,51.058763],[13.670708,51.058763],[13.670711,51.058764],[13.671249,51.058814],[13.671094,51.059475],[13.67105,51.059659],[13.67105,51.059661],[13.671011,51.059752],[13.671686,51.059886],[13.672208,51.059981],[13.672729,51.060076],[13.673245,51.060171],[13.673761,51.060267],[13.674918,51.060479],[13.675338,51.060556],[13.675754,51.060632],[13.676803,51.060825],[13.677649,51.060956],[13.678175,51.06103],[13.678525,51.061087],[13.679262,51.061267],[13.680014,51.061465],[13.680897,51.061733],[13.681216,51.061851],[13.680945,51.061924],[13.680723,51.061988],[13.680497,51.062074],[13.680301,51.06216],[13.68023,51.062198],[13.680198,51.062215],[13.680149,51.062241],[13.680047,51.062306],[13.679916,51.062401],[13.67968,51.062575],[13.67947,51.062721],[13.679278,51.062841],[13.678734,51.063216],[13.678802,51.063202],[13.679222,51.063113],[13.679996,51.063025],[13.68072,51.06297],[13.681018,51.062953],[13.681186,51.062945],[13.681353,51.062937],[13.681719,51.062928],[13.681963,51.062925],[13.681981,51.062931],[13.682003,51.062946],[13.681973,51.062962],[13.681768,51.063073],[13.681507,51.063222],[13.680869,51.063517],[13.680526,51.063673],[13.680008,51.063907],[13.679213,51.064295],[13.679157,51.064322],[13.679152,51.064325],[13.679194,51.064372],[13.679284,51.064442],[13.67926,51.064454],[13.67934,51.064513],[13.679353,51.064522],[13.679805,51.064903],[13.680641,51.064518],[13.681204,51.064304],[13.681493,51.064201],[13.681525,51.064211],[13.681557,51.064214],[13.681855,51.064133],[13.682079,51.064054],[13.682088,51.064052],[13.682192,51.064022],[13.682534,51.06396],[13.682799,51.063907],[13.682919,51.063884],[13.684034,51.063805],[13.684509,51.063797],[13.685406,51.063817],[13.686887,51.063932],[13.686993,51.063406],[13.686965,51.063404],[13.686917,51.063399],[13.686553,51.063363],[13.686521,51.06336],[13.686517,51.063359],[13.686517,51.063359],[13.686625,51.063293],[13.686697,51.063239],[13.686704,51.063233],[13.686732,51.063204],[13.686746,51.063191],[13.686765,51.063173],[13.686849,51.063103],[13.68688,51.063076],[13.686941,51.063024],[13.686971,51.062997],[13.686999,51.062969],[13.687038,51.062928],[13.687042,51.062924],[13.687053,51.062912],[13.687068,51.062897],[13.687088,51.062877],[13.68709,51.062875],[13.687092,51.062873],[13.687108,51.062857],[13.687134,51.062829],[13.687147,51.062815],[13.687158,51.062801],[13.687168,51.062788],[13.687174,51.062779],[13.687183,51.062765],[13.687206,51.062731],[13.687222,51.062704],[13.687252,51.062653],[13.687259,51.062642],[13.687276,51.06261],[13.687284,51.062595],[13.68729,51.062579],[13.687296,51.062562],[13.687312,51.062509],[13.687318,51.062492],[13.687331,51.062459],[13.68736,51.062391],[13.687372,51.062358],[13.687384,51.062325],[13.687416,51.062225],[13.687434,51.062176],[13.687447,51.062143],[13.687461,51.062113],[13.687462,51.062111],[13.687462,51.062109],[13.687475,51.062076],[13.68748,51.062062],[13.687488,51.062041],[13.687496,51.062024],[13.687508,51.061991],[13.687523,51.061941],[13.687534,51.061908],[13.687547,51.061877],[13.687551,51.061867],[13.687573,51.061819],[13.687588,51.06178],[13.687591,51.061773],[13.687602,51.061741],[13.687625,51.061676],[13.687659,51.061586],[13.687672,51.061549],[13.687677,51.061534],[13.687725,51.061378],[13.687736,51.061343],[13.687748,51.061309],[13.68776,51.061276],[13.687784,51.061216],[13.68779,51.061201],[13.687797,51.061179],[13.687804,51.061157],[13.687811,51.06114],[13.687817,51.061124],[13.687846,51.061057],[13.687857,51.061029],[13.687877,51.060977],[13.687894,51.060926],[13.687901,51.060904],[13.687938,51.060788],[13.687956,51.060736],[13.687978,51.060681],[13.687984,51.060665],[13.68799,51.060649],[13.688001,51.060616],[13.688027,51.060533],[13.688044,51.060484],[13.688045,51.06048],[13.68805,51.060468],[13.688069,51.060421],[13.688097,51.060343],[13.688115,51.060296],[13.688134,51.060245],[13.688175,51.060149],[13.688187,51.060118],[13.688188,51.060116],[13.688214,51.060038],[13.688217,51.060028],[13.688233,51.059974],[13.688245,51.059937],[13.688254,51.059912],[13.688259,51.059894],[13.68827,51.059848],[13.688273,51.05983],[13.688275,51.059813],[13.688277,51.059795],[13.68828,51.059759],[13.688281,51.059724],[13.688285,51.05958],[13.688286,51.059526],[13.688286,51.05949],[13.688285,51.059478],[13.688284,51.059459]]]}},{"type":"Feature","id":"dresden-05","properties":{"city":"Dresden","state":"Sachsen","code":"05","name":"Friedrichstadt","name_atlas":"Friedrichstadt","population_est":11008,"crime_total":{"cases":1651,"rate":14998.0},"homicide":{"cases":0,"rate":0.0},"sexual":{"cases":35,"rate":318.0},"violence_proxy":{"cases":327,"rate":2970.6},"property_total":{"cases":688,"rate":6250.0},"simple_theft":{"cases":314,"rate":2852.5},"aggravated_theft":{"cases":374,"rate":3397.5},"fraud":{"cases":179,"rate":1626.1},"other_stgb":{"cases":339,"rate":3079.6},"secondary_law":{"cases":83,"rate":754.0}},"geometry":{"type":"Polygon","coordinates":[[[13.712202,51.047912],[13.712198,51.047909],[13.712077,51.04782],[13.711941,51.047731],[13.711694,51.047597],[13.711515,51.047504],[13.711325,51.047412],[13.71118,51.047342],[13.711059,51.047293],[13.710981,51.047261],[13.71086,51.047215],[13.710788,51.04718],[13.710668,51.047105],[13.71052,51.046988],[13.710457,51.046939],[13.710362,51.046856],[13.710248,51.046791],[13.710025,51.046669],[13.709964,51.046591],[13.709933,51.046611],[13.709775,51.046714],[13.709404,51.046955],[13.708911,51.04726],[13.708402,51.046909],[13.707929,51.046583],[13.707866,51.046539],[13.707512,51.046289],[13.707392,51.046348],[13.707384,51.046379],[13.707233,51.046369],[13.70714,51.046363],[13.706959,51.046352],[13.706924,51.04635],[13.706788,51.04634],[13.706766,51.046338],[13.706675,51.046332],[13.706612,51.046328],[13.706554,51.046324],[13.706224,51.046302],[13.706148,51.046293],[13.706094,51.046421],[13.705788,51.046399],[13.705761,51.046397],[13.705757,51.046405],[13.705747,51.046437],[13.705739,51.046459],[13.705737,51.046464],[13.705732,51.046478],[13.705727,51.046492],[13.705713,51.046527],[13.705686,51.046604],[13.705673,51.046638],[13.705668,51.04665],[13.705641,51.046727],[13.70564,51.046729],[13.705637,51.046738],[13.705622,51.046775],[13.705617,51.046791],[13.705595,51.046855],[13.705582,51.046886],[13.705565,51.046928],[13.70555,51.046965],[13.705538,51.046997],[13.705522,51.047044],[13.705507,51.047084],[13.705478,51.047159],[13.705467,51.047187],[13.705463,51.047197],[13.705456,51.047214],[13.705447,51.047239],[13.705431,51.047286],[13.705419,51.047318],[13.705414,51.04733],[13.705414,51.047331],[13.705413,51.047334],[13.705407,51.047349],[13.705387,51.047397],[13.705377,51.047423],[13.705371,51.04744],[13.705368,51.047448],[13.705347,51.047508],[13.705329,51.047554],[13.705316,51.047589],[13.705299,51.047631],[13.705282,51.047675],[13.705263,51.047725],[13.705249,51.047762],[13.705237,51.047795],[13.705222,51.047832],[13.705204,51.047882],[13.705196,51.047902],[13.705188,51.047922],[13.705172,51.04796],[13.705165,51.047976],[13.705111,51.048124],[13.705105,51.048138],[13.705079,51.048202],[13.705077,51.048207],[13.705067,51.048234],[13.705055,51.048265],[13.705042,51.048299],[13.705032,51.048327],[13.705023,51.048355],[13.705019,51.048366],[13.705002,51.048413],[13.704987,51.048449],[13.704971,51.04849],[13.704962,51.048512],[13.704957,51.048527],[13.704948,51.048546],[13.704936,51.048576],[13.704924,51.048608],[13.704908,51.048656],[13.704896,51.048688],[13.704893,51.048697],[13.704872,51.048746],[13.704871,51.048747],[13.704855,51.048785],[13.704842,51.048818],[13.70483,51.048849],[13.704811,51.048907],[13.704805,51.048927],[13.704796,51.048952],[13.704794,51.048958],[13.704793,51.048961],[13.704762,51.049039],[13.704746,51.049079],[13.704745,51.049081],[13.704734,51.049108],[13.704718,51.049152],[13.704694,51.049216],[13.704676,51.049262],[13.704664,51.049293],[13.70465,51.049332],[13.704634,51.049373],[13.70462,51.049407],[13.704591,51.049486],[13.704562,51.049562],[13.704551,51.049592],[13.704526,51.049652],[13.704519,51.049668],[13.704501,51.049719],[13.704495,51.049736],[13.704481,51.049768],[13.704459,51.04982],[13.704449,51.049844],[13.704439,51.049871],[13.704426,51.049903],[13.704404,51.049954],[13.704403,51.049957],[13.704382,51.050009],[13.704354,51.050073],[13.704344,51.050096],[13.704309,51.050193],[13.704293,51.050238],[13.704287,51.050256],[13.704268,51.050302],[13.704263,51.050318],[13.704254,51.050344],[13.704236,51.0504],[13.704233,51.05041],[13.704228,51.050424],[13.704212,51.050469],[13.7042,51.0505],[13.704193,51.050515],[13.704184,51.05053],[13.704173,51.050546],[13.704149,51.050575],[13.704142,51.050584],[13.704136,51.05059],[13.704131,51.050596],[13.704121,51.050608],[13.704072,51.050669],[13.704061,51.050685],[13.70405,51.050701],[13.704023,51.050742],[13.704017,51.050751],[13.703998,51.050782],[13.703982,51.050808],[13.703977,51.050815],[13.703956,51.050847],[13.703937,51.050875],[13.70389,51.050942],[13.703884,51.050949],[13.703883,51.050951],[13.703865,51.05097],[13.703844,51.050992],[13.703795,51.051039],[13.703761,51.051076],[13.703747,51.051089],[13.703733,51.051102],[13.703717,51.051115],[13.703702,51.051128],[13.703669,51.051153],[13.703618,51.051191],[13.703606,51.051199],[13.703565,51.051228],[13.703508,51.051264],[13.703484,51.051279],[13.703439,51.051307],[13.703411,51.051324],[13.703383,51.051341],[13.703298,51.051392],[13.703272,51.051407],[13.703231,51.05143],[13.70321,51.051441],[13.703166,51.051463],[13.703098,51.051496],[13.703097,51.051497],[13.703066,51.051512],[13.703034,51.051527],[13.702989,51.051547],[13.702965,51.051558],[13.702944,51.051567],[13.702921,51.051577],[13.702898,51.051586],[13.702848,51.051603],[13.702781,51.051629],[13.702738,51.051643],[13.70268,51.051663],[13.702577,51.051694],[13.702551,51.051702],[13.702424,51.051741],[13.702347,51.051764],[13.702321,51.051771],[13.702294,51.051778],[13.702268,51.051785],[13.702215,51.051796],[13.702162,51.051807],[13.702108,51.051817],[13.702054,51.051826],[13.701967,51.051839],[13.701919,51.051847],[13.701866,51.051855],[13.701812,51.051865],[13.701809,51.051866],[13.701792,51.051869],[13.701692,51.051886],[13.701639,51.051895],[13.701591,51.051903],[13.701539,51.051912],[13.701291,51.051954],[13.701238,51.051962],[13.70119,51.051971],[13.700836,51.05203],[13.700747,51.052046],[13.700694,51.052055],[13.700646,51.052063],[13.700593,51.052072],[13.700545,51.05208],[13.700493,51.052089],[13.700434,51.052099],[13.700432,51.052099],[13.700392,51.052106],[13.700345,51.052114],[13.700292,51.052123],[13.700245,51.052131],[13.700192,51.05214],[13.700145,51.052148],[13.700057,51.052163],[13.700024,51.052169],[13.699956,51.052181],[13.699892,51.052191],[13.69979,51.052208],[13.699772,51.052212],[13.699714,51.052223],[13.699668,51.05223],[13.699547,51.05225],[13.699527,51.052254],[13.699471,51.052265],[13.699405,51.052275],[13.699303,51.052293],[13.699287,51.052296],[13.699227,51.052307],[13.699162,51.052318],[13.699125,51.052324],[13.69906,51.052335],[13.699058,51.052335],[13.699057,51.052336],[13.698984,51.052349],[13.698918,51.05236],[13.698882,51.052366],[13.698832,51.052374],[13.698817,51.052377],[13.698781,51.052383],[13.698764,51.052386],[13.698715,51.052394],[13.698639,51.052408],[13.698573,51.052419],[13.698496,51.052434],[13.698429,51.052445],[13.698373,51.052455],[13.69837,51.052456],[13.698352,51.052459],[13.698328,51.052463],[13.698269,51.052472],[13.698255,51.052474],[13.698231,51.052478],[13.698194,51.052485],[13.698147,51.052492],[13.698128,51.052495],[13.698051,51.05251],[13.697984,51.05252],[13.697894,51.052537],[13.697799,51.052553],[13.697741,51.052563],[13.697697,51.05257],[13.697683,51.052573],[13.697681,51.052573],[13.697608,51.052587],[13.697591,51.05259],[13.697554,51.052596],[13.697528,51.0526],[13.697465,51.052612],[13.697412,51.052621],[13.697364,51.052629],[13.69731,51.052638],[13.697284,51.052642],[13.697207,51.052656],[13.697181,51.052661],[13.696993,51.05269],[13.696967,51.052695],[13.696863,51.052715],[13.696722,51.052737],[13.696689,51.052743],[13.696562,51.052765],[13.696465,51.05278],[13.696362,51.052798],[13.696345,51.052801],[13.696308,51.052806],[13.696305,51.052807],[13.69626,51.052814],[13.696206,51.052822],[13.696181,51.052827],[13.696029,51.052854],[13.696004,51.052858],[13.695915,51.05287],[13.695791,51.052891],[13.695702,51.052907],[13.695648,51.052916],[13.695633,51.052919],[13.695559,51.052932],[13.695457,51.05295],[13.695347,51.052966],[13.695322,51.052971],[13.695244,51.052985],[13.695191,51.052994],[13.695107,51.053007],[13.69508,51.053011],[13.695003,51.053023],[13.694977,51.053028],[13.694927,51.053037],[13.694926,51.053037],[13.694773,51.053068],[13.694733,51.053075],[13.694722,51.053077],[13.694671,51.053086],[13.694536,51.053107],[13.69453,51.053108],[13.694522,51.053109],[13.694476,51.053117],[13.694452,51.053121],[13.69437,51.053136],[13.694131,51.053182],[13.694078,51.053192],[13.694024,51.053201],[13.693974,51.053209],[13.693857,51.053227],[13.693834,51.053232],[13.693779,51.053242],[13.693728,51.053251],[13.693679,51.053258],[13.693605,51.053269],[13.693555,51.053277],[13.693553,51.053278],[13.693506,51.053286],[13.693358,51.053314],[13.693309,51.053322],[13.693261,51.053329],[13.693164,51.053342],[13.693054,51.053359],[13.692965,51.053372],[13.692928,51.053377],[13.6929,51.053382],[13.692875,51.053386],[13.692826,51.053395],[13.692777,51.053405],[13.692753,51.053411],[13.6927,51.053423],[13.692649,51.053436],[13.692571,51.053456],[13.692561,51.053459],[13.692555,51.053461],[13.69253,51.053468],[13.692497,51.053476],[13.692495,51.053477],[13.692443,51.053491],[13.692392,51.053505],[13.692341,51.053519],[13.692291,51.053534],[13.692266,51.053541],[13.692209,51.05356],[13.692206,51.053561],[13.692205,51.053561],[13.692099,51.053595],[13.692053,51.05361],[13.69201,51.053627],[13.691958,51.053647],[13.691887,51.053676],[13.69184,51.053695],[13.691795,51.053716],[13.691751,51.053737],[13.691665,51.053782],[13.691624,51.053805],[13.691584,51.053828],[13.691526,51.053863],[13.691488,51.053887],[13.691458,51.053907],[13.691451,51.053911],[13.691397,51.053949],[13.691326,51.053999],[13.691274,51.054037],[13.691223,51.054076],[13.69119,51.054103],[13.691142,51.054143],[13.69114,51.054144],[13.69114,51.054145],[13.691095,51.054184],[13.691064,51.054212],[13.691034,51.05424],[13.69102,51.054254],[13.690979,51.054299],[13.690954,51.05433],[13.690854,51.054454],[13.690802,51.054521],[13.690783,51.054548],[13.690761,51.05458],[13.690725,51.05464],[13.690721,51.054646],[13.690683,51.054713],[13.690665,51.054746],[13.690657,51.054763],[13.690641,51.054796],[13.690627,51.05483],[13.690601,51.054896],[13.690574,51.054959],[13.690573,51.054962],[13.690573,51.054963],[13.690563,51.054992],[13.690537,51.055075],[13.690521,51.055119],[13.690506,51.055166],[13.6905,51.055181],[13.690482,51.055228],[13.69046,51.055291],[13.690447,51.055323],[13.690426,51.055372],[13.690405,51.055423],[13.690397,51.055439],[13.690368,51.055496],[13.690356,51.055521],[13.690304,51.055641],[13.690289,51.055675],[13.690273,51.055709],[13.690247,51.055757],[13.690224,51.055806],[13.690219,51.055816],[13.690214,51.055826],[13.690211,51.055831],[13.690202,51.055849],[13.690183,51.055883],[13.690163,51.055915],[13.690162,51.055918],[13.690138,51.055954],[13.690106,51.05601],[13.690087,51.056041],[13.690072,51.056064],[13.690031,51.056127],[13.690015,51.05615],[13.690002,51.056172],[13.689964,51.056231],[13.68994,51.056271],[13.689904,51.056324],[13.689881,51.056357],[13.689864,51.056381],[13.689844,51.056413],[13.689816,51.056456],[13.689793,51.056492],[13.68976,51.056546],[13.689745,51.056567],[13.689715,51.056609],[13.689688,51.056646],[13.689674,51.056664],[13.689667,51.056673],[13.68964,51.056707],[13.689604,51.056749],[13.689575,51.056787],[13.689562,51.056804],[13.689541,51.05683],[13.689505,51.056873],[13.68948,51.056902],[13.689454,51.05693],[13.689424,51.056961],[13.689404,51.056984],[13.689375,51.057015],[13.689349,51.057045],[13.689289,51.05712],[13.689243,51.057175],[13.689231,51.05719],[13.689197,51.057235],[13.689185,51.05725],[13.689171,51.057268],[13.689144,51.0573],[13.689116,51.057339],[13.689102,51.057356],[13.689092,51.057368],[13.689067,51.057397],[13.689053,51.057411],[13.689011,51.057452],[13.689006,51.057457],[13.688997,51.057467],[13.688967,51.057503],[13.688947,51.057525],[13.688938,51.057534],[13.688906,51.057567],[13.688886,51.057588],[13.688872,51.057602],[13.68886,51.057615],[13.688824,51.057655],[13.688818,51.057662],[13.688804,51.057677],[13.688774,51.057709],[13.688756,51.057728],[13.688755,51.05773],[13.688741,51.057745],[13.688707,51.057785],[13.688696,51.057798],[13.688684,51.057811],[13.688678,51.057818],[13.688675,51.057822],[13.688672,51.057825],[13.688621,51.057877],[13.688607,51.057892],[13.688598,51.057902],[13.68858,51.057923],[13.688553,51.057954],[13.688436,51.058094],[13.688384,51.058156],[13.688359,51.058187],[13.688335,51.058219],[13.688324,51.058235],[13.688318,51.058244],[13.688314,51.058251],[13.68831,51.058258],[13.688281,51.05831],[13.688265,51.058337],[13.688258,51.058351],[13.688251,51.058366],[13.688245,51.058382],[13.68824,51.058397],[13.688231,51.058429],[13.688223,51.058457],[13.68822,51.058473],[13.688218,51.058489],[13.688216,51.058522],[13.688216,51.058538],[13.688217,51.058554],[13.688219,51.05858],[13.688222,51.058616],[13.688222,51.058627],[13.688224,51.05869],[13.688224,51.058696],[13.688226,51.058735],[13.688226,51.05874],[13.688227,51.058752],[13.688232,51.05879],[13.688233,51.058799],[13.688235,51.058814],[13.688238,51.058848],[13.688241,51.0589],[13.688248,51.059034],[13.688248,51.059037],[13.688249,51.059047],[13.688255,51.059124],[13.688256,51.059133],[13.688256,51.059139],[13.688262,51.059185],[13.688264,51.059203],[13.688265,51.059217],[13.688265,51.059221],[13.688269,51.059273],[13.688274,51.05932],[13.688275,51.059339],[13.688279,51.059408],[13.68828,51.059419],[13.688281,51.059427],[13.688284,51.059455],[13.688284,51.059459],[13.688285,51.059478],[13.688286,51.05949],[13.688286,51.059526],[13.688285,51.05958],[13.688281,51.059724],[13.68828,51.059759],[13.688277,51.059795],[13.688275,51.059813],[13.688273,51.05983],[13.68827,51.059848],[13.688259,51.059894],[13.688254,51.059912],[13.688245,51.059937],[13.688233,51.059974],[13.688217,51.060028],[13.688214,51.060038],[13.688188,51.060116],[13.688187,51.060118],[13.688175,51.060149],[13.688134,51.060245],[13.688115,51.060296],[13.688097,51.060343],[13.688069,51.060421],[13.68805,51.060468],[13.688045,51.06048],[13.688044,51.060484],[13.688027,51.060533],[13.688001,51.060616],[13.68799,51.060649],[13.687984,51.060665],[13.687978,51.060681],[13.687956,51.060736],[13.687938,51.060788],[13.687901,51.060904],[13.687894,51.060926],[13.687877,51.060977],[13.687857,51.061029],[13.687846,51.061057],[13.687817,51.061124],[13.687811,51.06114],[13.687804,51.061157],[13.687797,51.061179],[13.68779,51.061201],[13.687784,51.061216],[13.68776,51.061276],[13.687748,51.061309],[13.687736,51.061343],[13.687725,51.061378],[13.687677,51.061534],[13.687672,51.061549],[13.687659,51.061586],[13.687625,51.061676],[13.687602,51.061741],[13.687591,51.061773],[13.687588,51.06178],[13.687573,51.061819],[13.687551,51.061867],[13.687547,51.061877],[13.687534,51.061908],[13.687523,51.061941],[13.687508,51.061991],[13.687496,51.062024],[13.687488,51.062041],[13.68748,51.062062],[13.687475,51.062076],[13.687462,51.062109],[13.687462,51.062111],[13.687461,51.062113],[13.687447,51.062143],[13.687434,51.062176],[13.687416,51.062225],[13.687384,51.062325],[13.687372,51.062358],[13.68736,51.062391],[13.687331,51.062459],[13.687318,51.062492],[13.687312,51.062509],[13.687296,51.062562],[13.68729,51.062579],[13.687284,51.062595],[13.687276,51.06261],[13.687259,51.062642],[13.687252,51.062653],[13.687222,51.062704],[13.687206,51.062731],[13.687183,51.062765],[13.687174,51.062779],[13.687168,51.062788],[13.687158,51.062801],[13.687147,51.062815],[13.687134,51.062829],[13.687108,51.062857],[13.687092,51.062873],[13.68709,51.062875],[13.687088,51.062877],[13.687068,51.062897],[13.687053,51.062912],[13.687042,51.062924],[13.687038,51.062928],[13.686999,51.062969],[13.686971,51.062997],[13.686941,51.063024],[13.68688,51.063076],[13.686849,51.063103],[13.686765,51.063173],[13.686746,51.063191],[13.686732,51.063204],[13.686704,51.063233],[13.686697,51.063239],[13.686625,51.063293],[13.686517,51.063359],[13.686517,51.063359],[13.686521,51.06336],[13.686553,51.063363],[13.686917,51.063399],[13.686965,51.063404],[13.686993,51.063406],[13.686887,51.063932],[13.687922,51.064047],[13.688842,51.064128],[13.68966,51.064223],[13.689801,51.064234],[13.689801,51.064238],[13.689955,51.064256],[13.689954,51.064259],[13.690095,51.064274],[13.690526,51.064323],[13.690837,51.064359],[13.69195,51.064491],[13.692995,51.064616],[13.693067,51.064637],[13.69386,51.064737],[13.694775,51.064867],[13.695738,51.06497],[13.69694,51.065358],[13.697681,51.06574],[13.697948,51.065889],[13.698321,51.066115],[13.698808,51.066432],[13.698973,51.066566],[13.699276,51.066874],[13.699529,51.067162],[13.699917,51.06769],[13.700224,51.068139],[13.700881,51.069658],[13.700903,51.069785],[13.701119,51.0704],[13.70131,51.070802],[13.70137,51.071026],[13.701395,51.071134],[13.701496,51.071556],[13.70154,51.071691],[13.701763,51.072261],[13.701912,51.072516],[13.702102,51.072809],[13.702261,51.073014],[13.702717,51.073493],[13.70278,51.073522],[13.703661,51.074065],[13.704295,51.074406],[13.704624,51.074566],[13.706164,51.075233],[13.706471,51.075346],[13.706698,51.075431],[13.707227,51.075627],[13.707494,51.075725],[13.708291,51.075982],[13.709142,51.076197],[13.70986,51.076358],[13.710861,51.076518],[13.711721,51.076606],[13.712589,51.076663],[13.713715,51.076625],[13.714825,51.076548],[13.715493,51.076442],[13.715781,51.07637],[13.716343,51.076236],[13.71755,51.075755],[13.718401,51.075233],[13.718829,51.074854],[13.718874,51.074811],[13.719405,51.074332],[13.719817,51.073839],[13.720197,51.073384],[13.720715,51.072697],[13.721003,51.072156],[13.721075,51.072079],[13.721422,51.07171],[13.721944,51.071163],[13.722003,51.071109],[13.722645,51.070589],[13.723293,51.070084],[13.723839,51.069658],[13.724534,51.069268],[13.725392,51.068631],[13.725434,51.068602],[13.725954,51.068247],[13.72682,51.067643],[13.727131,51.067393],[13.727798,51.066777],[13.72852,51.06616],[13.729027,51.065701],[13.729511,51.065223],[13.729988,51.064719],[13.730286,51.063785],[13.730571,51.063354],[13.730887,51.062873],[13.731107,51.06256],[13.731585,51.061837],[13.731805,51.061504],[13.731829,51.06147],[13.731701,51.061427],[13.731129,51.061235],[13.730874,51.061149],[13.730609,51.061059],[13.73018,51.060883],[13.729826,51.060715],[13.729618,51.060594],[13.729462,51.060493],[13.729403,51.060456],[13.729191,51.060308],[13.728963,51.060125],[13.728846,51.060005],[13.72875,51.059906],[13.728349,51.059509],[13.727952,51.059134],[13.727705,51.05892],[13.72749,51.058753],[13.727142,51.058509],[13.726806,51.058268],[13.726694,51.058188],[13.726291,51.057901],[13.725458,51.057326],[13.725423,51.057348],[13.725317,51.057415],[13.725253,51.057376],[13.725214,51.057352],[13.724922,51.057184],[13.724851,51.057232],[13.724841,51.057239],[13.72472,51.057169],[13.724611,51.057227],[13.724499,51.057144],[13.72431,51.057021],[13.724006,51.056866],[13.723694,51.056686],[13.723418,51.056526],[13.723122,51.056354],[13.722696,51.056101],[13.722214,51.055833],[13.722219,51.055831],[13.722805,51.055514],[13.72281,51.055511],[13.722718,51.055442],[13.722716,51.05544],[13.7226,51.055335],[13.722489,51.055228],[13.722223,51.054969],[13.721911,51.054662],[13.7216,51.054355],[13.721545,51.054272],[13.7215,51.054285],[13.721445,51.054202],[13.721435,51.054193],[13.721416,51.0542],[13.721384,51.054201],[13.721255,51.05424],[13.721028,51.053931],[13.720958,51.053859],[13.721037,51.053816],[13.721065,51.0538],[13.720998,51.053657],[13.720984,51.053625],[13.72085,51.053472],[13.720788,51.053391],[13.720775,51.053395],[13.720713,51.053314],[13.720616,51.053203],[13.719647,51.051704],[13.719471,51.051439],[13.71945,51.051411],[13.719461,51.051321],[13.719455,51.051318],[13.719371,51.051391],[13.719355,51.051456],[13.719271,51.051468],[13.719245,51.051471],[13.719189,51.051478],[13.719061,51.051372],[13.719048,51.051361],[13.719053,51.051339],[13.719017,51.051328],[13.719002,51.051324],[13.718879,51.051305],[13.718914,51.051212],[13.719017,51.050951],[13.719017,51.050949],[13.718974,51.050914],[13.718892,51.050848],[13.71861,51.050691],[13.718443,51.050605],[13.718232,51.050518],[13.71804,51.050442],[13.718016,51.050432],[13.717919,51.050392],[13.717765,51.0503],[13.717736,51.050279],[13.717628,51.050338],[13.717483,51.050276],[13.716675,51.049946],[13.716036,51.049686],[13.715396,51.049425],[13.714759,51.049165],[13.714485,51.04904],[13.714013,51.048788],[13.713639,51.048578],[13.71334,51.048416],[13.713216,51.048348],[13.71317,51.048263],[13.713124,51.048273],[13.713039,51.04828],[13.712957,51.048276],[13.712834,51.048251],[13.712809,51.048242],[13.712684,51.048197],[13.712558,51.048139],[13.712202,51.047912]]]}},{"type":"Feature","id":"dresden-97","properties":{"city":"Dresden","state":"Sachsen","code":"97","name":"Gorbitz-Nord/Neu-Omsewitz","name_atlas":"Gorbitz-Nord/Neu-Omsewitz","population_est":6837,"crime_total":{"cases":663,"rate":9697.0},"homicide":{"cases":2,"rate":29.3},"sexual":{"cases":21,"rate":307.2},"violence_proxy":{"cases":179,"rate":2618.1},"property_total":{"cases":236,"rate":3451.8},"simple_theft":{"cases":150,"rate":2193.9},"aggravated_theft":{"cases":86,"rate":1257.9},"fraud":{"cases":80,"rate":1170.1},"other_stgb":{"cases":120,"rate":1755.2},"secondary_law":{"cases":25,"rate":365.7}},"geometry":{"type":"Polygon","coordinates":[[[13.672298,51.050237],[13.67229,51.050015],[13.672235,51.049832],[13.67213,51.049545],[13.67212,51.04952],[13.672008,51.049237],[13.671878,51.048974],[13.671652,51.048604],[13.671559,51.048484],[13.671418,51.048333],[13.67115,51.048012],[13.670936,51.047764],[13.67084,51.047654],[13.670657,51.047444],[13.670591,51.047371],[13.670521,51.047295],[13.670418,51.047194],[13.670326,51.047115],[13.670216,51.046995],[13.670156,51.046918],[13.670114,51.046835],[13.670094,51.046757],[13.670089,51.046636],[13.670102,51.04652],[13.67013,51.046398],[13.670152,51.046303],[13.670198,51.046089],[13.670223,51.04601],[13.670288,51.045935],[13.670353,51.045866],[13.670238,51.045791],[13.670265,51.045699],[13.670321,51.045476],[13.670371,51.045259],[13.670393,51.045183],[13.670448,51.044992],[13.670498,51.044798],[13.670539,51.044582],[13.67028,51.044557],[13.670242,51.044553],[13.670078,51.044537],[13.669829,51.044513],[13.669816,51.044511],[13.669497,51.044481],[13.66937,51.044468],[13.669366,51.044467],[13.668996,51.04443],[13.668932,51.044424],[13.66891,51.044422],[13.66848,51.044379],[13.668468,51.044378],[13.668315,51.044362],[13.668292,51.044369],[13.667961,51.044332],[13.667303,51.044263],[13.666832,51.044217],[13.666644,51.044211],[13.666529,51.044208],[13.666226,51.044222],[13.665971,51.044248],[13.665777,51.044285],[13.665364,51.044382],[13.665064,51.044487],[13.664749,51.044626],[13.664495,51.044781],[13.664461,51.044801],[13.664224,51.044979],[13.664026,51.04516],[13.663899,51.045356],[13.66383,51.045493],[13.663768,51.045651],[13.663732,51.045742],[13.663681,51.045889],[13.66363,51.046035],[13.663492,51.046415],[13.663377,51.046769],[13.663285,51.047023],[13.663154,51.047341],[13.66304,51.04766],[13.662971,51.047813],[13.662955,51.047836],[13.662864,51.047974],[13.662688,51.04819],[13.662641,51.04823],[13.662634,51.048236],[13.662508,51.048345],[13.662378,51.048452],[13.662191,51.048567],[13.662106,51.048611],[13.662074,51.04859],[13.66202,51.048591],[13.661781,51.048599],[13.661668,51.048594],[13.661581,51.048589],[13.661537,51.048587],[13.661384,51.048569],[13.661377,51.048568],[13.660989,51.048651],[13.660939,51.048659],[13.660633,51.048711],[13.66051,51.048728],[13.660468,51.048736],[13.66046,51.048766],[13.660367,51.048796],[13.660199,51.048832],[13.660102,51.048857],[13.660017,51.048865],[13.659953,51.048866],[13.659949,51.048776],[13.659922,51.048547],[13.6599,51.048416],[13.659888,51.048344],[13.659867,51.048239],[13.659861,51.04822],[13.659822,51.048078],[13.659821,51.048077],[13.659808,51.048032],[13.659807,51.048028],[13.659789,51.047959],[13.659758,51.047855],[13.659708,51.047688],[13.659675,51.04758],[13.659667,51.04755],[13.659651,51.047492],[13.659624,51.047383],[13.659589,51.047236],[13.659551,51.047085],[13.659539,51.04704],[13.659515,51.046942],[13.659499,51.046877],[13.659455,51.04681],[13.659413,51.046776],[13.659393,51.046758],[13.659183,51.046701],[13.659013,51.046662],[13.658922,51.046642],[13.658719,51.046604],[13.658662,51.046594],[13.658262,51.046512],[13.658121,51.046481],[13.658088,51.046473],[13.658087,51.046503],[13.658086,51.046544],[13.657822,51.046431],[13.657617,51.046383],[13.65751,51.046416],[13.657291,51.046372],[13.656987,51.046301],[13.656689,51.046209],[13.656499,51.046147],[13.656427,51.046084],[13.656405,51.046059],[13.656503,51.046022],[13.656621,51.04598],[13.656682,51.04595],[13.656754,51.045915],[13.656858,51.045846],[13.656908,51.045767],[13.657625,51.0448],[13.657682,51.044715],[13.657576,51.044724],[13.657453,51.044711],[13.65728,51.044645],[13.657181,51.044612],[13.656725,51.044459],[13.656333,51.044326],[13.656269,51.044278],[13.655688,51.044977],[13.655438,51.0453],[13.655335,51.045433],[13.655084,51.045762],[13.654965,51.045736],[13.654696,51.045677],[13.654559,51.045646],[13.654474,51.045628],[13.654196,51.045567],[13.653322,51.045395],[13.652725,51.045283],[13.65267,51.045273],[13.652653,51.04527],[13.652013,51.045167],[13.651696,51.045827],[13.651675,51.045871],[13.651601,51.046024],[13.651592,51.046044],[13.65156,51.046036],[13.651527,51.046095],[13.651308,51.046036],[13.651202,51.046096],[13.65109,51.046013],[13.651034,51.045966],[13.650844,51.045945],[13.651026,51.046102],[13.651053,51.046123],[13.65094,51.046178],[13.650839,51.04636],[13.650819,51.046397],[13.649721,51.048376],[13.649541,51.048691],[13.649532,51.048707],[13.64949,51.048793],[13.650351,51.048952],[13.650673,51.049044],[13.651298,51.049268],[13.651497,51.04934],[13.65168,51.049407],[13.652035,51.049524],[13.652393,51.049656],[13.652778,51.049798],[13.653067,51.049903],[13.653314,51.049993],[13.653354,51.049949],[13.653482,51.049785],[13.653574,51.049662],[13.653692,51.049509],[13.653809,51.049356],[13.653927,51.049202],[13.654044,51.049047],[13.654164,51.048892],[13.654317,51.04869],[13.654757,51.048888],[13.654875,51.048941],[13.654954,51.048977],[13.655009,51.049],[13.655006,51.049004],[13.654923,51.04901],[13.654843,51.049138],[13.654749,51.04926],[13.654643,51.049414],[13.654463,51.049637],[13.654319,51.049828],[13.654355,51.049839],[13.654588,51.049921],[13.655063,51.050088],[13.655133,51.049974],[13.65558,51.050136],[13.655814,51.05022],[13.655825,51.050224],[13.656156,51.050344],[13.656043,51.050557],[13.656295,51.050882],[13.656399,51.051031],[13.656351,51.051089],[13.656618,51.051191],[13.657281,51.051502],[13.657815,51.051753],[13.657903,51.051662],[13.657979,51.051599],[13.658076,51.051518],[13.658239,51.051434],[13.658474,51.051327],[13.658486,51.051321],[13.658677,51.051228],[13.659124,51.051007],[13.659515,51.050824],[13.659694,51.050723],[13.65977,51.050689],[13.65985,51.050667],[13.659942,51.050658],[13.660086,51.050663],[13.660319,51.050676],[13.660554,51.050706],[13.660746,51.050734],[13.660792,51.05074],[13.661225,51.050811],[13.661399,51.05085],[13.661612,51.050898],[13.661907,51.050964],[13.66206,51.050999],[13.662512,51.05118],[13.662677,51.051248],[13.662817,51.051315],[13.662993,51.051392],[13.66322,51.051505],[13.663561,51.05168],[13.663844,51.051827],[13.664031,51.051921],[13.664295,51.052055],[13.664493,51.052158],[13.66474,51.052289],[13.664878,51.052361],[13.665317,51.052591],[13.665512,51.052699],[13.665754,51.052815],[13.666049,51.053039],[13.666207,51.053216],[13.666335,51.053393],[13.66641,51.053523],[13.666449,51.053613],[13.666512,51.0539],[13.666702,51.053899],[13.666919,51.053899],[13.667558,51.053892],[13.667799,51.05389],[13.667812,51.053832],[13.668037,51.053408],[13.668041,51.053399],[13.668302,51.052903],[13.668508,51.052533],[13.668667,51.052247],[13.668841,51.051936],[13.668931,51.051774],[13.668615,51.051733],[13.668581,51.051729],[13.668341,51.051695],[13.668374,51.051432],[13.668402,51.051211],[13.668405,51.051191],[13.668444,51.050904],[13.668465,51.050683],[13.668517,51.050426],[13.668618,51.050437],[13.669048,51.050485],[13.669374,51.05048],[13.669401,51.05048],[13.669571,51.050474],[13.670168,51.050457],[13.67087,51.050458],[13.67111,51.050463],[13.671895,51.050497],[13.672203,51.05051],[13.672272,51.050513],[13.672346,51.050509],[13.67234,51.050477],[13.67234,51.050475],[13.672314,51.050351],[13.672308,51.050308],[13.672306,51.050297],[13.672298,51.050237]]]}},{"type":"Feature","id":"dresden-96","properties":{"city":"Dresden","state":"Sachsen","code":"96","name":"Gorbitz-Ost","name_atlas":"Gorbitz-Ost","population_est":6423,"crime_total":{"cases":535,"rate":8329.0},"homicide":{"cases":0,"rate":0.0},"sexual":{"cases":13,"rate":202.4},"violence_proxy":{"cases":107,"rate":1665.9},"property_total":{"cases":223,"rate":3471.9},"simple_theft":{"cases":104,"rate":1619.2},"aggravated_theft":{"cases":119,"rate":1852.7},"fraud":{"cases":64,"rate":996.4},"other_stgb":{"cases":106,"rate":1650.3},"secondary_law":{"cases":22,"rate":342.5}},"geometry":{"type":"Polygon","coordinates":[[[13.680432,51.04237],[13.68011,51.042374],[13.680008,51.042424],[13.679935,51.042478],[13.679883,51.042577],[13.679847,51.042722],[13.679764,51.043046],[13.679716,51.043245],[13.679646,51.043595],[13.679646,51.043597],[13.679645,51.043599],[13.679645,51.043607],[13.679612,51.043958],[13.679601,51.044242],[13.679591,51.044717],[13.679584,51.044866],[13.679578,51.045274],[13.679575,51.045403],[13.679575,51.045405],[13.678877,51.045409],[13.678839,51.04541],[13.678838,51.04541],[13.678824,51.04541],[13.678512,51.045378],[13.678467,51.045374],[13.677423,51.045269],[13.677096,51.045232],[13.67669,51.045193],[13.676177,51.045142],[13.675397,51.045062],[13.674613,51.044987],[13.673871,51.044919],[13.673673,51.044897],[13.673296,51.044853],[13.672511,51.044779],[13.671796,51.044703],[13.670759,51.044598],[13.670539,51.044582],[13.670498,51.044798],[13.670448,51.044992],[13.670393,51.045183],[13.670371,51.045259],[13.670321,51.045476],[13.670265,51.045699],[13.670238,51.045791],[13.670353,51.045866],[13.670288,51.045935],[13.670223,51.04601],[13.670198,51.046089],[13.670152,51.046303],[13.67013,51.046398],[13.670102,51.04652],[13.670089,51.046636],[13.670094,51.046757],[13.670114,51.046835],[13.670156,51.046918],[13.670216,51.046995],[13.670326,51.047115],[13.670418,51.047194],[13.670521,51.047295],[13.670591,51.047371],[13.670657,51.047444],[13.67084,51.047654],[13.670936,51.047764],[13.67115,51.048012],[13.671418,51.048333],[13.671559,51.048484],[13.671652,51.048604],[13.671878,51.048974],[13.672008,51.049237],[13.67212,51.04952],[13.67213,51.049545],[13.672235,51.049832],[13.67229,51.050015],[13.672298,51.050237],[13.672306,51.050297],[13.672308,51.050308],[13.672314,51.050351],[13.67234,51.050475],[13.67234,51.050477],[13.672346,51.050509],[13.672354,51.050546],[13.672496,51.05054],[13.672504,51.050542],[13.672589,51.050553],[13.673007,51.050606],[13.673069,51.050614],[13.673344,51.050643],[13.673481,51.050642],[13.673683,51.050663],[13.673783,51.050677],[13.673795,51.050679],[13.674135,51.05071],[13.674242,51.05073],[13.674329,51.050741],[13.67438,51.050748],[13.67442,51.050758],[13.67503,51.05067],[13.67504,51.050667],[13.675698,51.050514],[13.676065,51.05043],[13.676085,51.050425],[13.676219,51.050389],[13.676586,51.050291],[13.676902,51.050218],[13.677224,51.05014],[13.677402,51.050095],[13.677542,51.050059],[13.677714,51.05002],[13.677863,51.049979],[13.678174,51.049909],[13.678229,51.049898],[13.678367,51.049875],[13.678354,51.049845],[13.678493,51.049823],[13.678645,51.049791],[13.678758,51.049751],[13.679029,51.049612],[13.679294,51.049476],[13.679501,51.049375],[13.679751,51.049258],[13.679765,51.049253],[13.679989,51.049166],[13.680495,51.049004],[13.680774,51.048955],[13.680953,51.04889],[13.680959,51.048887],[13.681089,51.04885],[13.681084,51.048843],[13.681225,51.048819],[13.681237,51.048836],[13.681369,51.048801],[13.681707,51.048755],[13.681723,51.048754],[13.682111,51.048718],[13.682314,51.048715],[13.682548,51.048748],[13.682853,51.048677],[13.683174,51.04863],[13.683495,51.048571],[13.683743,51.048557],[13.683804,51.048498],[13.683812,51.048512],[13.68382,51.04851],[13.683829,51.048509],[13.683891,51.048495],[13.684501,51.04836],[13.684788,51.048297],[13.684875,51.048278],[13.685121,51.048222],[13.685139,51.048218],[13.685199,51.048205],[13.685226,51.048199],[13.685285,51.048186],[13.685286,51.048186],[13.685289,51.048185],[13.685444,51.048151],[13.68582,51.048068],[13.686081,51.04801],[13.686228,51.047978],[13.686439,51.047932],[13.686506,51.047916],[13.686643,51.047886],[13.686925,51.047823],[13.687137,51.047778],[13.687394,51.047718],[13.687588,51.047676],[13.687584,51.047669],[13.687579,51.04766],[13.687515,51.047548],[13.687541,51.047548],[13.687567,51.047548],[13.687593,51.047548],[13.687619,51.047548],[13.687645,51.047548],[13.687671,51.047548],[13.687698,51.047548],[13.687724,51.047549],[13.68775,51.047549],[13.687776,51.047549],[13.687802,51.04755],[13.687828,51.047551],[13.687854,51.047551],[13.68788,51.047552],[13.687906,51.047553],[13.687933,51.047554],[13.687959,51.047555],[13.687985,51.047556],[13.688011,51.047557],[13.688037,51.047558],[13.688063,51.047559],[13.688089,51.047561],[13.688115,51.047562],[13.688141,51.047563],[13.688167,51.047565],[13.688392,51.047584],[13.688589,51.047575],[13.688599,51.047595],[13.688667,51.04772],[13.688692,51.047781],[13.688933,51.047729],[13.689145,51.047678],[13.689273,51.047673],[13.689407,51.047683],[13.689547,51.047704],[13.689568,51.047708],[13.689747,51.047735],[13.68978,51.04774],[13.689991,51.047772],[13.690018,51.047658],[13.69002,51.04765],[13.690038,51.047565],[13.690041,51.047544],[13.690053,51.047459],[13.690056,51.047442],[13.690056,51.047436],[13.689806,51.047414],[13.689799,51.047436],[13.689088,51.047404],[13.688381,51.047382],[13.688387,51.047337],[13.688428,51.047021],[13.688397,51.046914],[13.68876,51.046839],[13.688849,51.046537],[13.689038,51.046305],[13.689206,51.046098],[13.689356,51.045899],[13.689438,51.04578],[13.689393,51.045757],[13.689444,51.045684],[13.689476,51.045637],[13.689549,51.045516],[13.689616,51.045406],[13.689784,51.045061],[13.689862,51.044899],[13.689874,51.044891],[13.689867,51.04489],[13.689918,51.044784],[13.688874,51.044542],[13.687935,51.044325],[13.687552,51.044224],[13.687388,51.044187],[13.687284,51.044164],[13.687239,51.044154],[13.68699,51.044095],[13.686615,51.044005],[13.686273,51.043922],[13.685848,51.043823],[13.685782,51.043808],[13.685864,51.043603],[13.685894,51.043515],[13.685887,51.043514],[13.685613,51.043481],[13.685564,51.043477],[13.685563,51.043476],[13.685582,51.043387],[13.685637,51.043244],[13.685726,51.043011],[13.685777,51.042873],[13.685669,51.042876],[13.685468,51.04287],[13.685326,51.042861],[13.685324,51.04287],[13.685271,51.042866],[13.685182,51.042861],[13.684911,51.042853],[13.684819,51.042845],[13.684527,51.042828],[13.684302,51.042815],[13.684091,51.042796],[13.68387,51.042774],[13.683659,51.042748],[13.683597,51.042739],[13.683499,51.042805],[13.683498,51.042804],[13.683453,51.042778],[13.683371,51.042742],[13.683235,51.042657],[13.682985,51.042495],[13.682768,51.042408],[13.68203,51.042392],[13.681851,51.04239],[13.681399,51.042382],[13.681004,51.042378],[13.680557,51.042369],[13.680432,51.04237]]]}},{"type":"Feature","id":"dresden-95","properties":{"city":"Dresden","state":"Sachsen","code":"95","name":"Gorbitz-Süd","name_atlas":"Gorbitz-Süd","population_est":9012,"crime_total":{"cases":794,"rate":8810.0},"homicide":{"cases":0,"rate":0.0},"sexual":{"cases":26,"rate":288.5},"violence_proxy":{"cases":203,"rate":2252.6},"property_total":{"cases":226,"rate":2507.8},"simple_theft":{"cases":89,"rate":987.6},"aggravated_theft":{"cases":137,"rate":1520.2},"fraud":{"cases":113,"rate":1253.9},"other_stgb":{"cases":180,"rate":1997.3},"secondary_law":{"cases":46,"rate":510.4}},"geometry":{"type":"Polygon","coordinates":[[[13.665719,51.04003],[13.665288,51.040032],[13.665146,51.040033],[13.664577,51.04004],[13.664163,51.040047],[13.663554,51.040055],[13.662985,51.040063],[13.662449,51.04007],[13.661913,51.040074],[13.661572,51.04008],[13.66116,51.040082],[13.66069,51.040085],[13.660313,51.040083],[13.660054,51.040066],[13.659748,51.040031],[13.659364,51.039977],[13.658986,51.039922],[13.658448,51.039811],[13.658323,51.039782],[13.65786,51.039671],[13.657711,51.039634],[13.657312,51.039535],[13.656993,51.03946],[13.656776,51.039408],[13.656583,51.039374],[13.656396,51.039357],[13.656374,51.039355],[13.655841,51.039306],[13.655413,51.039271],[13.6553,51.039262],[13.654939,51.039227],[13.654856,51.039221],[13.654829,51.03922],[13.654815,51.039219],[13.654685,51.039215],[13.653547,51.039203],[13.652999,51.039198],[13.652235,51.039201],[13.651995,51.039224],[13.651739,51.039267],[13.651252,51.039336],[13.650803,51.039404],[13.648217,51.039785],[13.647536,51.039887],[13.647391,51.039911],[13.647181,51.03996],[13.646956,51.040043],[13.646885,51.040087],[13.646985,51.040151],[13.646993,51.040163],[13.647031,51.040222],[13.647107,51.040247],[13.647172,51.040263],[13.64741,51.040322],[13.647801,51.040418],[13.648042,51.040477],[13.648082,51.040487],[13.648294,51.04054],[13.648519,51.040595],[13.648602,51.040616],[13.648615,51.040621],[13.648626,51.040625],[13.648774,51.040704],[13.648785,51.04071],[13.648949,51.040798],[13.648973,51.040821],[13.649055,51.0409],[13.64913,51.040983],[13.649212,51.041121],[13.649274,51.041226],[13.649403,51.041371],[13.649474,51.041451],[13.649557,51.041545],[13.649649,51.041665],[13.649689,51.041729],[13.64971,51.041761],[13.649854,51.041988],[13.649923,51.042118],[13.650161,51.04251],[13.650352,51.04287],[13.65041,51.043055],[13.65043,51.043205],[13.650431,51.043355],[13.650428,51.043544],[13.650425,51.043695],[13.650338,51.044152],[13.650289,51.044354],[13.650268,51.044438],[13.65026,51.044463],[13.650185,51.044688],[13.650155,51.044779],[13.650131,51.044834],[13.650002,51.044873],[13.650075,51.044967],[13.650024,51.045087],[13.650096,51.045176],[13.649969,51.045217],[13.649949,51.045263],[13.649915,51.045345],[13.649846,51.045507],[13.649816,51.045578],[13.649802,51.045692],[13.649796,51.045738],[13.650268,51.045849],[13.650338,51.045866],[13.650474,51.045885],[13.650636,51.045918],[13.650752,51.045865],[13.650844,51.045945],[13.651034,51.045966],[13.65109,51.046013],[13.651202,51.046096],[13.651308,51.046036],[13.651527,51.046095],[13.65156,51.046036],[13.651592,51.046044],[13.651601,51.046024],[13.651675,51.045871],[13.651696,51.045827],[13.652013,51.045167],[13.652653,51.04527],[13.65267,51.045273],[13.652725,51.045283],[13.653322,51.045395],[13.654196,51.045567],[13.654474,51.045628],[13.654559,51.045646],[13.654696,51.045677],[13.654965,51.045736],[13.655084,51.045762],[13.655335,51.045433],[13.655438,51.0453],[13.655688,51.044977],[13.656269,51.044278],[13.656333,51.044326],[13.656725,51.044459],[13.657181,51.044612],[13.65728,51.044645],[13.657453,51.044711],[13.657576,51.044724],[13.657682,51.044715],[13.657625,51.0448],[13.656908,51.045767],[13.656858,51.045846],[13.656754,51.045915],[13.656682,51.04595],[13.656621,51.04598],[13.656503,51.046022],[13.656405,51.046059],[13.656427,51.046084],[13.656499,51.046147],[13.656689,51.046209],[13.656987,51.046301],[13.657291,51.046372],[13.65751,51.046416],[13.657617,51.046383],[13.657822,51.046431],[13.658086,51.046544],[13.658087,51.046503],[13.658088,51.046473],[13.658121,51.046481],[13.658262,51.046512],[13.658662,51.046594],[13.658719,51.046604],[13.658922,51.046642],[13.659013,51.046662],[13.659183,51.046701],[13.659393,51.046758],[13.659413,51.046776],[13.659455,51.04681],[13.659499,51.046877],[13.659515,51.046942],[13.659539,51.04704],[13.659551,51.047085],[13.659589,51.047236],[13.659624,51.047383],[13.659651,51.047492],[13.659667,51.04755],[13.659675,51.04758],[13.659708,51.047688],[13.659758,51.047855],[13.659789,51.047959],[13.659807,51.048028],[13.659808,51.048032],[13.659821,51.048077],[13.659822,51.048078],[13.659861,51.04822],[13.659867,51.048239],[13.659888,51.048344],[13.6599,51.048416],[13.659922,51.048547],[13.659949,51.048776],[13.659953,51.048866],[13.660017,51.048865],[13.660102,51.048857],[13.660199,51.048832],[13.660367,51.048796],[13.66046,51.048766],[13.660468,51.048736],[13.66051,51.048728],[13.660633,51.048711],[13.660939,51.048659],[13.660989,51.048651],[13.661377,51.048568],[13.661384,51.048569],[13.661537,51.048587],[13.661581,51.048589],[13.661668,51.048594],[13.661781,51.048599],[13.66202,51.048591],[13.662074,51.04859],[13.662106,51.048611],[13.662191,51.048567],[13.662378,51.048452],[13.662508,51.048345],[13.662634,51.048236],[13.662641,51.04823],[13.662688,51.04819],[13.662864,51.047974],[13.662955,51.047836],[13.662971,51.047813],[13.66304,51.04766],[13.663154,51.047341],[13.663285,51.047023],[13.663377,51.046769],[13.663492,51.046415],[13.66363,51.046035],[13.663681,51.045889],[13.663732,51.045742],[13.663768,51.045651],[13.66383,51.045493],[13.663899,51.045356],[13.664026,51.04516],[13.664224,51.044979],[13.664461,51.044801],[13.664495,51.044781],[13.664749,51.044626],[13.665064,51.044487],[13.665364,51.044382],[13.665777,51.044285],[13.665971,51.044248],[13.666226,51.044222],[13.666529,51.044208],[13.666644,51.044211],[13.666832,51.044217],[13.667303,51.044263],[13.667961,51.044332],[13.668292,51.044369],[13.668315,51.044362],[13.668468,51.044378],[13.66848,51.044379],[13.66891,51.044422],[13.668932,51.044424],[13.668996,51.04443],[13.669366,51.044467],[13.66937,51.044468],[13.669497,51.044481],[13.669816,51.044511],[13.669829,51.044513],[13.670078,51.044537],[13.670242,51.044553],[13.67028,51.044557],[13.670539,51.044582],[13.670759,51.044598],[13.671796,51.044703],[13.672511,51.044779],[13.673296,51.044853],[13.673673,51.044897],[13.673871,51.044919],[13.674613,51.044987],[13.675397,51.045062],[13.676177,51.045142],[13.67669,51.045193],[13.677096,51.045232],[13.677423,51.045269],[13.678467,51.045374],[13.678512,51.045378],[13.678824,51.04541],[13.678838,51.04541],[13.678839,51.04541],[13.678877,51.045409],[13.679575,51.045405],[13.679575,51.045403],[13.679578,51.045274],[13.679584,51.044866],[13.679591,51.044717],[13.679601,51.044242],[13.679612,51.043958],[13.679645,51.043607],[13.679645,51.043599],[13.679646,51.043597],[13.679646,51.043595],[13.679716,51.043245],[13.679764,51.043046],[13.679847,51.042722],[13.679883,51.042577],[13.679935,51.042478],[13.680008,51.042424],[13.68011,51.042374],[13.679794,51.042365],[13.679565,51.042346],[13.679328,51.042327],[13.67907,51.042309],[13.678838,51.04228],[13.67881,51.042276],[13.678617,51.042252],[13.678322,51.042224],[13.678115,51.0422],[13.677804,51.042153],[13.677598,51.042104],[13.677421,51.042057],[13.677239,51.041997],[13.677084,51.041929],[13.676519,51.041689],[13.676103,51.041506],[13.676038,51.041479],[13.675827,51.041392],[13.675586,51.041292],[13.675058,51.04107],[13.674706,51.040917],[13.674433,51.040805],[13.674085,51.040676],[13.673931,51.040629],[13.673738,51.040568],[13.673387,51.040478],[13.673174,51.040426],[13.673019,51.040393],[13.672813,51.04036],[13.672616,51.040329],[13.67245,51.040309],[13.672214,51.040277],[13.672044,51.040265],[13.6718,51.040244],[13.671531,51.040219],[13.671255,51.040191],[13.670949,51.040166],[13.67066,51.040137],[13.670424,51.040115],[13.670385,51.040112],[13.669992,51.040081],[13.669648,51.040048],[13.669348,51.040029],[13.669206,51.040025],[13.66901,51.040019],[13.668652,51.040006],[13.668354,51.040002],[13.668082,51.039999],[13.667797,51.04],[13.667522,51.040003],[13.667268,51.040009],[13.667025,51.040011],[13.666883,51.040011],[13.666649,51.040015],[13.666455,51.040015],[13.666087,51.04002],[13.665719,51.04003]]]}},{"type":"Feature","id":"dresden-64","properties":{"city":"Dresden","state":"Sachsen","code":"64","name":"Großzschachwitz mit Sporbitz","name_atlas":"Großzschachwitz/Sporbitz","population_est":6270,"crime_total":{"cases":241,"rate":3844.0},"homicide":{"cases":0,"rate":0.0},"sexual":{"cases":7,"rate":111.6},"violence_proxy":{"cases":28,"rate":446.6},"property_total":{"cases":112,"rate":1786.3},"simple_theft":{"cases":55,"rate":877.2},"aggravated_theft":{"cases":57,"rate":909.1},"fraud":{"cases":44,"rate":701.8},"other_stgb":{"cases":40,"rate":638.0},"secondary_law":{"cases":10,"rate":159.5}},"geometry":{"type":"Polygon","coordinates":[[[13.837989,51.006115],[13.838513,51.005806],[13.838715,51.005885],[13.839804,51.006306],[13.840052,51.006082],[13.840312,51.005868],[13.840329,51.005853],[13.840638,51.005595],[13.8408,51.005472],[13.840895,51.005405],[13.841003,51.005464],[13.841456,51.005569],[13.841456,51.005569],[13.841687,51.005482],[13.841993,51.005367],[13.842299,51.005252],[13.842321,51.005244],[13.842584,51.00515],[13.842615,51.005139],[13.842925,51.005029],[13.843069,51.004977],[13.843327,51.004904],[13.843394,51.004885],[13.843499,51.004865],[13.843512,51.004862],[13.843725,51.004811],[13.843836,51.00479],[13.844071,51.004746],[13.844091,51.004742],[13.844155,51.004662],[13.844292,51.004708],[13.84439,51.004701],[13.844569,51.004752],[13.844799,51.004823],[13.844809,51.004826],[13.845181,51.00492],[13.845819,51.005081],[13.845803,51.004676],[13.845912,51.004321],[13.846133,51.003896],[13.846257,51.003751],[13.846306,51.003667],[13.846367,51.003682],[13.846416,51.003598],[13.846505,51.003497],[13.846562,51.003429],[13.846575,51.003418],[13.846581,51.003412],[13.846736,51.003173],[13.846823,51.003042],[13.846829,51.003033],[13.846986,51.002848],[13.847027,51.0028],[13.847081,51.002727],[13.847155,51.002627],[13.84729,51.002444],[13.847379,51.002324],[13.84743,51.002255],[13.84744,51.002242],[13.847582,51.002039],[13.847668,51.001916],[13.847761,51.001783],[13.847762,51.001782],[13.847877,51.001588],[13.847908,51.001535],[13.848057,51.001286],[13.8482,51.001046],[13.848201,51.001042],[13.848278,51.000869],[13.848558,51.000272],[13.84879,50.999669],[13.848794,50.999646],[13.848902,50.999184],[13.848894,50.998824],[13.848684,50.998483],[13.848554,50.998427],[13.848527,50.998391],[13.84841,50.998233],[13.84833,50.998129],[13.848366,50.998119],[13.848586,50.998045],[13.848776,50.997997],[13.848809,50.997985],[13.848801,50.997895],[13.849,50.997891],[13.849107,50.997875],[13.84927,50.997824],[13.849452,50.997749],[13.849458,50.997746],[13.849559,50.997709],[13.849663,50.997681],[13.849829,50.99765],[13.849786,50.997564],[13.849964,50.997465],[13.850262,50.9973],[13.850375,50.997245],[13.850362,50.997234],[13.850475,50.99718],[13.850494,50.997168],[13.850706,50.997053],[13.850929,50.996937],[13.850958,50.996922],[13.8511,50.996836],[13.851272,50.99674],[13.851455,50.996636],[13.851531,50.996594],[13.851913,50.996377],[13.852442,50.996086],[13.852501,50.996059],[13.852797,50.995884],[13.853113,50.995723],[13.853193,50.995682],[13.853306,50.995624],[13.85341,50.995562],[13.853419,50.995569],[13.853526,50.995509],[13.853591,50.995476],[13.853767,50.995385],[13.853932,50.995321],[13.854064,50.99525],[13.854144,50.995214],[13.854155,50.995209],[13.854451,50.99505],[13.854596,50.994985],[13.854712,50.994922],[13.854766,50.994892],[13.854938,50.994827],[13.855126,50.994746],[13.855307,50.994674],[13.855379,50.994639],[13.855629,50.994519],[13.855923,50.994361],[13.856706,50.993962],[13.857043,50.993789],[13.857532,50.993538],[13.858036,50.99326],[13.858149,50.9932],[13.858571,50.992976],[13.858614,50.992958],[13.858628,50.992953],[13.858636,50.992948],[13.858609,50.992927],[13.858559,50.9929],[13.858479,50.992836],[13.857913,50.992386],[13.85784,50.992329],[13.857804,50.992302],[13.85688,50.99144],[13.856834,50.991367],[13.856596,50.990989],[13.856228,50.990373],[13.855657,50.989853],[13.855067,50.989304],[13.855112,50.989131],[13.855128,50.989068],[13.855145,50.989001],[13.855137,50.988992],[13.855123,50.98898],[13.854984,50.988843],[13.854319,50.988193],[13.854115,50.987993],[13.853797,50.987681],[13.853684,50.987571],[13.853522,50.987412],[13.853477,50.987368],[13.852928,50.986831],[13.852632,50.986541],[13.852469,50.986381],[13.852309,50.986225],[13.851995,50.986362],[13.851726,50.986486],[13.851644,50.986525],[13.851316,50.986724],[13.851178,50.986797],[13.850792,50.987005],[13.850385,50.987187],[13.849938,50.987365],[13.849699,50.987448],[13.849535,50.987512],[13.849426,50.987544],[13.849202,50.98762],[13.848831,50.987769],[13.847736,50.988239],[13.847536,50.988331],[13.846893,50.988628],[13.846864,50.988642],[13.846607,50.988742],[13.846531,50.988778],[13.846275,50.988893],[13.845759,50.989132],[13.845679,50.989083],[13.845641,50.989075],[13.84553,50.989052],[13.845366,50.989174],[13.845314,50.989213],[13.845229,50.989251],[13.845139,50.989305],[13.844873,50.989458],[13.844822,50.989487],[13.844722,50.989544],[13.844432,50.989716],[13.843168,50.990475],[13.843063,50.990539],[13.842852,50.990677],[13.842439,50.990933],[13.841929,50.991233],[13.841518,50.991477],[13.841127,50.991708],[13.841128,50.991715],[13.841175,50.991763],[13.841135,50.991786],[13.840495,50.992155],[13.840345,50.992249],[13.84032,50.992225],[13.840311,50.992216],[13.84014,50.992052],[13.840132,50.992043],[13.839699,50.992318],[13.839678,50.992331],[13.839603,50.992376],[13.838795,50.992866],[13.838538,50.993021],[13.838054,50.993333],[13.83795,50.993396],[13.837697,50.993549],[13.837589,50.993611],[13.837361,50.993754],[13.837009,50.993975],[13.837034,50.994019],[13.836994,50.994045],[13.836963,50.994038],[13.836957,50.994049],[13.836935,50.994085],[13.836902,50.994107],[13.836884,50.994119],[13.8365,50.994345],[13.834963,50.994979],[13.834609,50.995088],[13.834141,50.995232],[13.834174,50.995279],[13.833666,50.995435],[13.833674,50.995447],[13.833447,50.995528],[13.833276,50.995601],[13.833205,50.995631],[13.833059,50.995693],[13.833014,50.995693],[13.832858,50.995788],[13.832731,50.995866],[13.831949,50.996342],[13.831656,50.996125],[13.831386,50.996269],[13.831242,50.996344],[13.831116,50.996411],[13.831095,50.996421],[13.83095,50.996497],[13.830803,50.996574],[13.830793,50.996579],[13.830658,50.99665],[13.830512,50.996727],[13.830414,50.99678],[13.830368,50.996803],[13.830221,50.996879],[13.830075,50.996955],[13.829975,50.997007],[13.829929,50.997032],[13.829896,50.997049],[13.829783,50.997108],[13.829637,50.997184],[13.829538,50.997236],[13.829491,50.997261],[13.829349,50.997334],[13.829345,50.997337],[13.829189,50.997417],[13.82913,50.997449],[13.829043,50.997494],[13.82897,50.997533],[13.828679,50.997686],[13.828588,50.997734],[13.828711,50.997822],[13.829024,50.998033],[13.829254,50.998199],[13.829266,50.998217],[13.82929,50.998253],[13.829268,50.998318],[13.829207,50.998367],[13.829094,50.998418],[13.829051,50.998435],[13.829152,50.998472],[13.829269,50.998478],[13.829316,50.998481],[13.829412,50.9985],[13.829565,50.998553],[13.82964,50.998589],[13.829709,50.998621],[13.829474,50.998758],[13.828968,50.999073],[13.829056,50.999097],[13.829077,50.999102],[13.829229,50.99914],[13.82933,50.999164],[13.82942,50.999185],[13.829622,50.999234],[13.829974,50.999316],[13.830264,50.99939],[13.830542,50.999458],[13.830889,50.999543],[13.831064,50.999578],[13.83129,50.999601],[13.831462,50.999621],[13.831464,50.999622],[13.831684,50.999638],[13.832105,50.999653],[13.832374,50.999652],[13.832474,50.999649],[13.832516,50.999738],[13.832539,50.999778],[13.832598,50.999861],[13.832667,50.999941],[13.832742,51.000016],[13.832744,51.000017],[13.832818,51.000083],[13.832854,51.00011],[13.832909,51.000147],[13.832999,51.000205],[13.833102,51.000262],[13.833178,51.000301],[13.833342,51.000383],[13.833353,51.000388],[13.833326,51.000401],[13.833283,51.000422],[13.833215,51.000459],[13.833153,51.000492],[13.832667,51.000748],[13.832314,51.000939],[13.832219,51.000996],[13.831974,51.001156],[13.831878,51.001233],[13.831771,51.001318],[13.831429,51.001547],[13.83131,51.001623],[13.831249,51.00166],[13.831139,51.001718],[13.831184,51.001753],[13.831331,51.001868],[13.831676,51.002171],[13.832252,51.002615],[13.832823,51.003069],[13.833191,51.003362],[13.833476,51.003497],[13.833721,51.003611],[13.834007,51.003744],[13.834164,51.003816],[13.83461,51.004022],[13.834834,51.004127],[13.835084,51.004243],[13.835438,51.004406],[13.835454,51.004413],[13.835376,51.004482],[13.835332,51.00453],[13.835317,51.004525],[13.835133,51.004681],[13.835164,51.004706],[13.835099,51.004739],[13.835097,51.00474],[13.835098,51.00474],[13.835356,51.00492],[13.835359,51.004922],[13.835418,51.004955],[13.835555,51.005029],[13.835801,51.00517],[13.835827,51.005185],[13.836066,51.005327],[13.836153,51.005379],[13.836181,51.005395],[13.836275,51.005463],[13.836264,51.005468],[13.836262,51.005476],[13.83635,51.005492],[13.836387,51.005514],[13.836586,51.005638],[13.837544,51.006257],[13.837631,51.006318],[13.837936,51.006144],[13.837989,51.006115]]]}},{"type":"Feature","id":"dresden-57","properties":{"city":"Dresden","state":"Sachsen","code":"57","name":"Gruna mit Strehlen-Nordost","name_atlas":"Gruna/Strehlen-Nordost","population_est":12999,"crime_total":{"cases":368,"rate":2831.0},"homicide":{"cases":0,"rate":0.0},"sexual":{"cases":10,"rate":76.9},"violence_proxy":{"cases":64,"rate":492.3},"property_total":{"cases":127,"rate":977.0},"simple_theft":{"cases":62,"rate":477.0},"aggravated_theft":{"cases":65,"rate":500.0},"fraud":{"cases":68,"rate":523.1},"other_stgb":{"cases":85,"rate":653.9},"secondary_law":{"cases":14,"rate":107.7}},"geometry":{"type":"Polygon","coordinates":[[[13.789866,51.03306],[13.78975,51.032981],[13.789737,51.032972],[13.789737,51.032971],[13.7897,51.032934],[13.789636,51.032888],[13.789625,51.032864],[13.789615,51.032843],[13.789543,51.03278],[13.78941,51.032681],[13.789189,51.032485],[13.789164,51.032462],[13.78911,51.032414],[13.788945,51.03231],[13.788778,51.032194],[13.788591,51.032065],[13.788472,51.031985],[13.788438,51.031965],[13.788248,51.031859],[13.788067,51.031764],[13.787898,51.031677],[13.787716,51.031588],[13.787506,51.031489],[13.787306,51.03139],[13.787032,51.03125],[13.786992,51.031226],[13.786774,51.031096],[13.786569,51.030971],[13.786428,51.03091],[13.78661,51.030861],[13.786912,51.03079],[13.78726,51.030717],[13.788317,51.030532],[13.788085,51.030316],[13.7877,51.029926],[13.787332,51.029538],[13.787229,51.029435],[13.78718,51.029385],[13.787156,51.029361],[13.787123,51.029326],[13.786886,51.029075],[13.786758,51.02894],[13.786361,51.02852],[13.785667,51.027784],[13.785476,51.027581],[13.78526,51.027352],[13.785028,51.027107],[13.784973,51.027049],[13.78506,51.026977],[13.785178,51.026899],[13.785102,51.026847],[13.784822,51.026645],[13.784698,51.026556],[13.784293,51.026265],[13.78414,51.026154],[13.783901,51.025982],[13.783641,51.025795],[13.783588,51.025756],[13.78348,51.025676],[13.783065,51.025371],[13.782635,51.025047],[13.782195,51.024724],[13.781766,51.024402],[13.781673,51.02433],[13.781658,51.024321],[13.781925,51.024239],[13.78223,51.024144],[13.782653,51.024006],[13.783025,51.023885],[13.783393,51.023763],[13.783433,51.023792],[13.783742,51.023684],[13.78411,51.023561],[13.78534,51.023168],[13.786195,51.022884],[13.786274,51.022858],[13.786299,51.022879],[13.786648,51.022767],[13.787006,51.022648],[13.786906,51.022536],[13.786746,51.022357],[13.786444,51.022455],[13.78509,51.022893],[13.783815,51.023322],[13.783059,51.023575],[13.783058,51.023576],[13.782517,51.023753],[13.782377,51.023799],[13.782286,51.023829],[13.781698,51.024025],[13.781495,51.024092],[13.780293,51.024493],[13.779665,51.024691],[13.777835,51.0253],[13.77674,51.02565],[13.775933,51.025911],[13.774994,51.026215],[13.774039,51.026526],[13.773248,51.026789],[13.773084,51.026844],[13.772167,51.027144],[13.771349,51.027411],[13.770588,51.027657],[13.770361,51.027733],[13.769652,51.027969],[13.769385,51.028053],[13.769381,51.028055],[13.769479,51.028154],[13.769526,51.028205],[13.769619,51.028306],[13.769918,51.028599],[13.769926,51.028606],[13.770235,51.028874],[13.770401,51.029036],[13.77056,51.029201],[13.770654,51.0293],[13.770754,51.029404],[13.770879,51.029535],[13.771145,51.029814],[13.770949,51.029877],[13.770949,51.029878],[13.771046,51.029986],[13.77107,51.030013],[13.771074,51.030012],[13.771835,51.030775],[13.772209,51.031156],[13.772588,51.031541],[13.772896,51.031849],[13.772968,51.031921],[13.773019,51.031972],[13.773092,51.03205],[13.773098,51.032048],[13.773132,51.032035],[13.773124,51.032077],[13.773151,51.032103],[13.77373,51.032677],[13.773813,51.032759],[13.773917,51.032861],[13.773961,51.032904],[13.774116,51.033057],[13.774298,51.033235],[13.774314,51.033228],[13.77432,51.033234],[13.774349,51.033265],[13.774352,51.033268],[13.774335,51.033275],[13.774357,51.033297],[13.774361,51.033301],[13.774379,51.033294],[13.774382,51.033297],[13.77441,51.033324],[13.774418,51.033332],[13.774399,51.033338],[13.774489,51.033428],[13.774653,51.033595],[13.77477,51.033714],[13.774786,51.033716],[13.774769,51.033722],[13.774797,51.03375],[13.7748,51.033753],[13.775509,51.034468],[13.775589,51.034542],[13.775583,51.034544],[13.77566,51.03462],[13.775754,51.034715],[13.776338,51.035291],[13.776901,51.035852],[13.777233,51.036185],[13.777854,51.03681],[13.777847,51.036849],[13.777791,51.036894],[13.777664,51.036952],[13.77747,51.037026],[13.777176,51.037148],[13.777252,51.037224],[13.778097,51.036888],[13.778193,51.03685],[13.778356,51.03697],[13.778451,51.037039],[13.778284,51.037146],[13.778309,51.037171],[13.778972,51.037827],[13.779184,51.037914],[13.779182,51.038071],[13.779161,51.038198],[13.779279,51.038274],[13.779271,51.038305],[13.779241,51.038419],[13.779189,51.038597],[13.779138,51.038906],[13.779138,51.038907],[13.779121,51.039086],[13.779128,51.039296],[13.779149,51.039493],[13.779155,51.039528],[13.779262,51.039534],[13.779559,51.039519],[13.779647,51.039515],[13.779701,51.039512],[13.779792,51.039508],[13.7798,51.039564],[13.779812,51.039712],[13.779818,51.03976],[13.779821,51.039774],[13.779821,51.039775],[13.779835,51.039774],[13.78036,51.039759],[13.78047,51.039756],[13.780469,51.039751],[13.780446,51.03961],[13.780423,51.039464],[13.780429,51.039319],[13.780429,51.039244],[13.780797,51.039239],[13.780848,51.039238],[13.780877,51.039237],[13.780896,51.039237],[13.781227,51.039232],[13.781482,51.039228],[13.781609,51.039217],[13.781722,51.039208],[13.781997,51.039226],[13.782028,51.039225],[13.782214,51.039218],[13.782386,51.039208],[13.782525,51.0392],[13.782708,51.039195],[13.782833,51.039187],[13.782832,51.039212],[13.783032,51.039207],[13.783145,51.039203],[13.783143,51.039173],[13.783519,51.039162],[13.783539,51.039161],[13.78358,51.03916],[13.783831,51.039151],[13.783988,51.039146],[13.784202,51.039139],[13.784303,51.039135],[13.7845,51.03913],[13.784622,51.039125],[13.784773,51.039119],[13.784751,51.038847],[13.784753,51.038824],[13.785518,51.038797],[13.785503,51.038472],[13.785488,51.038148],[13.786072,51.038136],[13.786655,51.038124],[13.786811,51.038121],[13.786967,51.038119],[13.787384,51.03811],[13.787476,51.038109],[13.787802,51.038102],[13.788127,51.038101],[13.788377,51.0381],[13.788377,51.038101],[13.788382,51.038391],[13.788411,51.039266],[13.78853,51.039264],[13.788629,51.039263],[13.788795,51.039259],[13.789152,51.039249],[13.789163,51.039249],[13.789985,51.039227],[13.790975,51.039201],[13.791279,51.03918],[13.791515,51.039149],[13.791545,51.039145],[13.79207,51.039057],[13.7926,51.038867],[13.79316,51.038639],[13.793671,51.038424],[13.794007,51.0383],[13.7942,51.038228],[13.794288,51.038195],[13.794358,51.038248],[13.794411,51.038226],[13.794413,51.038226],[13.794495,51.038193],[13.795094,51.037952],[13.795122,51.037941],[13.7956,51.037748],[13.795702,51.037708],[13.795755,51.037686],[13.795769,51.037681],[13.796168,51.03752],[13.797037,51.037171],[13.798002,51.03678],[13.798006,51.03678],[13.797986,51.036703],[13.798115,51.036652],[13.798722,51.036414],[13.799913,51.03592],[13.800895,51.035535],[13.801452,51.035317],[13.800456,51.0343],[13.800395,51.034245],[13.8003,51.034162],[13.800012,51.033855],[13.799058,51.032891],[13.798927,51.032759],[13.798475,51.032295],[13.798388,51.032239],[13.797612,51.03223],[13.796908,51.032228],[13.7962,51.032236],[13.795688,51.032251],[13.794755,51.032298],[13.794152,51.032348],[13.793549,51.032398],[13.793473,51.032444],[13.793225,51.032632],[13.793116,51.032721],[13.793095,51.032739],[13.793075,51.032757],[13.792959,51.032705],[13.792876,51.032718],[13.792817,51.032736],[13.792752,51.032757],[13.792177,51.033014],[13.79173,51.033197],[13.79165,51.03323],[13.791574,51.033261],[13.790989,51.0335],[13.790928,51.033527],[13.790925,51.033528],[13.790923,51.033528],[13.790921,51.033528],[13.790919,51.033529],[13.790917,51.033529],[13.790915,51.033529],[13.790912,51.03353],[13.79091,51.03353],[13.790908,51.03353],[13.790906,51.03353],[13.790904,51.033531],[13.790901,51.033531],[13.790899,51.033531],[13.790897,51.033531],[13.790895,51.033531],[13.790892,51.033531],[13.79089,51.033531],[13.790888,51.033531],[13.790886,51.033532],[13.790883,51.033532],[13.790881,51.033532],[13.790879,51.033532],[13.790877,51.033532],[13.790874,51.033531],[13.790872,51.033531],[13.79087,51.033531],[13.790868,51.033531],[13.790866,51.033531],[13.790863,51.033531],[13.790861,51.033531],[13.790859,51.033531],[13.790857,51.03353],[13.790854,51.03353],[13.790852,51.03353],[13.79085,51.03353],[13.790848,51.033529],[13.790846,51.033529],[13.790843,51.033529],[13.790841,51.033528],[13.790839,51.033528],[13.790837,51.033528],[13.790835,51.033527],[13.790833,51.033527],[13.790831,51.033526],[13.790828,51.033526],[13.790826,51.033526],[13.790824,51.033525],[13.790822,51.033525],[13.79082,51.033524],[13.790818,51.033524],[13.790816,51.033523],[13.790814,51.033522],[13.790812,51.033522],[13.79081,51.033521],[13.790808,51.033521],[13.790806,51.03352],[13.790804,51.033519],[13.790802,51.033519],[13.7908,51.033518],[13.790798,51.033517],[13.790796,51.033516],[13.790794,51.033516],[13.790792,51.033515],[13.79079,51.033514],[13.790737,51.033488],[13.790688,51.033455],[13.790156,51.033078],[13.790142,51.033067],[13.790021,51.032971],[13.789969,51.032998],[13.789866,51.03306]]]}},{"type":"Feature","id":"dresden-46","properties":{"city":"Dresden","state":"Sachsen","code":"46","name":"Gönnsdorf/Pappritz mit Cunnersdorf, Eichbusch, Helfenberg und Rockau","name_atlas":"Gönnsdorf/Pappritz/Cunnersdorf/Helfenberg/","population_est":3961,"crime_total":{"cases":65,"rate":1641.0},"homicide":{"cases":0,"rate":0.0},"sexual":{"cases":2,"rate":50.5},"violence_proxy":{"cases":5,"rate":126.2},"property_total":{"cases":20,"rate":504.9},"simple_theft":{"cases":9,"rate":227.2},"aggravated_theft":{"cases":11,"rate":277.7},"fraud":{"cases":14,"rate":353.4},"other_stgb":{"cases":20,"rate":504.9},"secondary_law":{"cases":4,"rate":101.0}},"geometry":{"type":"Polygon","coordinates":[[[13.872811,51.023312],[13.87295,51.023291],[13.873115,51.023243],[13.873154,51.023239],[13.873271,51.023237],[13.87335,51.023263],[13.87336,51.023266],[13.873438,51.023273],[13.873472,51.023276],[13.873559,51.023284],[13.87362,51.023282],[13.873665,51.023276],[13.873767,51.023236],[13.873977,51.023173],[13.874022,51.023133],[13.874076,51.023073],[13.874086,51.022998],[13.874047,51.022953],[13.874004,51.022924],[13.873964,51.022887],[13.873827,51.02284],[13.873644,51.022806],[13.873444,51.022896],[13.873278,51.022947],[13.873152,51.022936],[13.873061,51.022934],[13.87297,51.022912],[13.872816,51.022891],[13.872806,51.022891],[13.872697,51.02286],[13.872632,51.022816],[13.87249,51.022817],[13.872472,51.022781],[13.872475,51.022765],[13.872507,51.022679],[13.872509,51.022663],[13.872482,51.022637],[13.872456,51.022623],[13.872435,51.022616],[13.872402,51.022606],[13.872321,51.022591],[13.872154,51.022561],[13.87202,51.022551],[13.871863,51.022557],[13.871791,51.022558],[13.871751,51.022556],[13.871664,51.022547],[13.871582,51.022544],[13.871504,51.022541],[13.871464,51.022543],[13.871335,51.02258],[13.871277,51.022592],[13.871194,51.022595],[13.871157,51.022599],[13.87113,51.022605],[13.871076,51.022601],[13.871049,51.022598],[13.870987,51.022601],[13.870921,51.022598],[13.870889,51.022592],[13.870864,51.022573],[13.870771,51.022507],[13.87072,51.022473],[13.870653,51.022437],[13.870587,51.022401],[13.870558,51.022381],[13.87052,51.022352],[13.870456,51.0223],[13.870449,51.022293],[13.870434,51.022278],[13.87041,51.02226],[13.870386,51.02225],[13.870342,51.022234],[13.870304,51.022224],[13.870297,51.022222],[13.870268,51.022212],[13.870228,51.022191],[13.870184,51.022176],[13.87012,51.022156],[13.87007,51.022135],[13.870022,51.022117],[13.869993,51.022108],[13.869935,51.022099],[13.869876,51.022098],[13.869802,51.022105],[13.869744,51.022109],[13.869672,51.022113],[13.869608,51.022115],[13.86958,51.022116],[13.869546,51.022117],[13.869484,51.022113],[13.869361,51.022097],[13.86928,51.022091],[13.869256,51.022085],[13.869163,51.022058],[13.869123,51.022032],[13.869108,51.022022],[13.869061,51.022002],[13.868926,51.021945],[13.868763,51.021859],[13.868645,51.0218],[13.86853,51.021729],[13.868478,51.021667],[13.868426,51.021629],[13.868368,51.021589],[13.868266,51.021525],[13.868215,51.021483],[13.868178,51.021442],[13.868128,51.02141],[13.868043,51.021375],[13.867986,51.021351],[13.867915,51.021331],[13.867822,51.021306],[13.867736,51.021292],[13.867674,51.021277],[13.867604,51.021252],[13.867553,51.021232],[13.867512,51.02122],[13.867493,51.021217],[13.867435,51.021211],[13.8674,51.021208],[13.867379,51.021206],[13.867334,51.021201],[13.867288,51.021197],[13.867275,51.021197],[13.867246,51.0212],[13.8672,51.021205],[13.867193,51.021206],[13.86714,51.02121],[13.867095,51.021215],[13.86705,51.021222],[13.866921,51.02125],[13.866889,51.021259],[13.866856,51.021272],[13.866784,51.021296],[13.866742,51.021304],[13.866697,51.021312],[13.866639,51.021319],[13.86661,51.021321],[13.866585,51.021322],[13.866561,51.021323],[13.866526,51.021321],[13.866417,51.021313],[13.866396,51.021311],[13.866325,51.021304],[13.866239,51.021287],[13.866064,51.021237],[13.866016,51.021228],[13.865941,51.021221],[13.865901,51.021218],[13.865861,51.021217],[13.865719,51.021216],[13.865584,51.02121],[13.865499,51.021205],[13.865348,51.021184],[13.865324,51.021179],[13.865266,51.021168],[13.865154,51.021151],[13.865086,51.021141],[13.865079,51.021196],[13.864937,51.021188],[13.864934,51.021187],[13.86488,51.021175],[13.864817,51.021149],[13.864548,51.02104],[13.864385,51.020949],[13.864336,51.020982],[13.864298,51.020963],[13.86416,51.021042],[13.86401,51.021122],[13.863922,51.021168],[13.863598,51.02134],[13.863192,51.021616],[13.86301,51.021704],[13.862884,51.021746],[13.86289,51.021754],[13.862901,51.021767],[13.862912,51.021778],[13.862788,51.021823],[13.862442,51.022031],[13.862404,51.022054],[13.862381,51.022068],[13.86225,51.022185],[13.861875,51.022405],[13.861679,51.022491],[13.861471,51.022583],[13.861394,51.022743],[13.861088,51.023],[13.860989,51.023048],[13.860785,51.023153],[13.860525,51.023283],[13.860366,51.023359],[13.86014,51.023519],[13.859777,51.023734],[13.859607,51.023827],[13.859496,51.023878],[13.859101,51.023985],[13.858764,51.024113],[13.858144,51.024487],[13.857806,51.024692],[13.857407,51.025153],[13.857111,51.025449],[13.857067,51.025506],[13.857001,51.025562],[13.856693,51.025893],[13.856506,51.026178],[13.856293,51.026398],[13.856148,51.026567],[13.855652,51.026686],[13.855015,51.026991],[13.854718,51.02723],[13.854517,51.027387],[13.854575,51.027433],[13.854605,51.027466],[13.854656,51.027523],[13.854881,51.027594],[13.854792,51.02768],[13.854796,51.02777],[13.854739,51.027771],[13.854366,51.027736],[13.854147,51.027699],[13.854107,51.027692],[13.853978,51.02767],[13.853834,51.027634],[13.853384,51.027504],[13.853047,51.027403],[13.852799,51.027368],[13.852643,51.027345],[13.852595,51.027338],[13.852322,51.027337],[13.852303,51.027336],[13.852044,51.02741],[13.852013,51.027419],[13.85203,51.027434],[13.852051,51.027451],[13.852247,51.027611],[13.852299,51.027652],[13.852371,51.027711],[13.852404,51.027738],[13.852374,51.027742],[13.852209,51.027841],[13.852008,51.027974],[13.851987,51.027995],[13.851965,51.028153],[13.851811,51.028111],[13.851634,51.028062],[13.851576,51.028046],[13.85157,51.028045],[13.851281,51.027967],[13.851276,51.027965],[13.85117,51.027904],[13.851108,51.027946],[13.851173,51.028026],[13.85113,51.028118],[13.851048,51.028413],[13.851015,51.028553],[13.850988,51.028668],[13.850855,51.028699],[13.850873,51.028729],[13.850877,51.028799],[13.850798,51.028881],[13.850696,51.028987],[13.850538,51.02915],[13.850537,51.029151],[13.85053,51.029164],[13.850456,51.029298],[13.850456,51.029414],[13.850518,51.029523],[13.850686,51.029867],[13.850687,51.02987],[13.850765,51.030028],[13.85084,51.030088],[13.851015,51.030198],[13.851159,51.030303],[13.851174,51.030329],[13.851039,51.030358],[13.850919,51.030415],[13.850756,51.030469],[13.850744,51.030473],[13.850635,51.03051],[13.850606,51.03052],[13.850338,51.030611],[13.849971,51.030694],[13.849953,51.030698],[13.849717,51.03073],[13.849577,51.030747],[13.849574,51.030738],[13.849436,51.030762],[13.849365,51.030769],[13.849135,51.030802],[13.849115,51.030805],[13.848896,51.030892],[13.848744,51.031046],[13.848743,51.031048],[13.848657,51.031122],[13.848537,51.031231],[13.848453,51.031308],[13.848442,51.031397],[13.848435,51.031397],[13.848345,51.031409],[13.848274,51.031487],[13.848273,51.031488],[13.848182,51.031562],[13.848028,51.031666],[13.847833,51.031801],[13.84778,51.031839],[13.847776,51.031841],[13.847719,51.03192],[13.847663,51.032037],[13.847638,51.032077],[13.847549,51.03222],[13.847277,51.032375],[13.847276,51.032418],[13.847275,51.032613],[13.847206,51.032661],[13.847181,51.032678],[13.847101,51.032734],[13.8471,51.032735],[13.847063,51.03276],[13.846844,51.032863],[13.846832,51.032889],[13.846701,51.03318],[13.846722,51.033187],[13.846877,51.03324],[13.846928,51.033258],[13.846952,51.033266],[13.847119,51.033324],[13.847177,51.033336],[13.847237,51.03335],[13.847339,51.033373],[13.847449,51.033451],[13.847532,51.033509],[13.847537,51.033513],[13.847589,51.033537],[13.847609,51.033547],[13.847865,51.033667],[13.848066,51.033689],[13.84808,51.033872],[13.848081,51.033883],[13.848075,51.033883],[13.848043,51.033885],[13.848039,51.033886],[13.848055,51.033975],[13.84803,51.03409],[13.848012,51.034472],[13.847763,51.034437],[13.847606,51.03438],[13.847111,51.034326],[13.846992,51.034306],[13.846932,51.034297],[13.846887,51.034292],[13.846844,51.034287],[13.846727,51.034175],[13.846653,51.034131],[13.846538,51.034069],[13.846355,51.03393],[13.846109,51.033905],[13.845865,51.033879],[13.845731,51.033842],[13.845337,51.03373],[13.845306,51.033697],[13.845259,51.03364],[13.845188,51.033585],[13.845149,51.03357],[13.845053,51.033532],[13.84486,51.033512],[13.844684,51.033373],[13.844633,51.033271],[13.844538,51.03318],[13.844411,51.033166],[13.844336,51.033139],[13.844325,51.033124],[13.844315,51.033034],[13.844231,51.033027],[13.844198,51.033018],[13.844179,51.033012],[13.844118,51.03299],[13.844026,51.03296],[13.843889,51.032936],[13.843865,51.03293],[13.84378,51.032906],[13.843726,51.032889],[13.8437,51.032883],[13.843646,51.032966],[13.843631,51.033046],[13.84316,51.033121],[13.84299,51.033179],[13.842647,51.033297],[13.842645,51.033298],[13.842632,51.033304],[13.842596,51.033321],[13.842467,51.03338],[13.842449,51.03339],[13.842435,51.0334],[13.842352,51.033458],[13.841994,51.03371],[13.84207,51.033749],[13.842083,51.033746],[13.842353,51.033852],[13.842371,51.033859],[13.842384,51.033864],[13.842528,51.033921],[13.842704,51.034002],[13.842938,51.03411],[13.842998,51.034173],[13.843234,51.034415],[13.843519,51.034683],[13.843509,51.034701],[13.843107,51.03476],[13.843104,51.035022],[13.843089,51.035219],[13.843149,51.035343],[13.843172,51.035385],[13.843141,51.035458],[13.843084,51.035527],[13.843014,51.035544],[13.842919,51.035568],[13.842608,51.035521],[13.842456,51.035432],[13.84206,51.035332],[13.841538,51.035236],[13.841426,51.035238],[13.841195,51.035236],[13.841086,51.035235],[13.84109,51.035307],[13.841164,51.035408],[13.841248,51.035514],[13.841281,51.035626],[13.841403,51.03573],[13.841531,51.035804],[13.841901,51.036006],[13.841946,51.036031],[13.841788,51.036161],[13.841745,51.036196],[13.841663,51.03628],[13.841572,51.036384],[13.841538,51.036425],[13.841472,51.036506],[13.841421,51.036578],[13.841365,51.036661],[13.841274,51.036636],[13.841066,51.036578],[13.840808,51.036474],[13.840703,51.036413],[13.840653,51.036402],[13.840334,51.036445],[13.840246,51.036463],[13.840094,51.036555],[13.840243,51.036599],[13.840539,51.036671],[13.840597,51.036709],[13.840741,51.036801],[13.840803,51.036875],[13.840918,51.037013],[13.840967,51.037033],[13.840994,51.037044],[13.841056,51.037069],[13.84113,51.037098],[13.841268,51.037106],[13.841702,51.037132],[13.841872,51.037208],[13.841901,51.037233],[13.842076,51.037383],[13.842083,51.037389],[13.842276,51.037528],[13.84237,51.037596],[13.842453,51.037677],[13.842622,51.037844],[13.842637,51.037855],[13.842714,51.037913],[13.842514,51.038022],[13.84271,51.038117],[13.8427,51.038124],[13.842806,51.038184],[13.842816,51.038189],[13.842833,51.038196],[13.842969,51.038258],[13.84308,51.038295],[13.84337,51.038393],[13.843649,51.038488],[13.843715,51.038511],[13.843927,51.038598],[13.844268,51.038741],[13.844332,51.038773],[13.844402,51.038809],[13.844506,51.038864],[13.844425,51.038962],[13.844376,51.039022],[13.844363,51.039035],[13.844343,51.039058],[13.844253,51.039119],[13.844179,51.039169],[13.844075,51.039236],[13.843956,51.039286],[13.843972,51.039301],[13.844252,51.039572],[13.844256,51.039576],[13.844136,51.039625],[13.844093,51.039684],[13.843791,51.039914],[13.843872,51.039956],[13.844038,51.040044],[13.844265,51.040164],[13.844456,51.040265],[13.844715,51.040402],[13.844663,51.040437],[13.844424,51.040599],[13.844372,51.040655],[13.844286,51.040826],[13.844246,51.040866],[13.844222,51.040901],[13.844169,51.040958],[13.844152,51.040986],[13.844114,51.041017],[13.844077,51.041055],[13.84401,51.04111],[13.84395,51.041138],[13.843887,51.041182],[13.843876,51.041211],[13.843836,51.041264],[13.84381,51.041324],[13.843788,51.041356],[13.84376,51.041411],[13.843752,51.041418],[13.843751,51.041422],[13.843698,51.04147],[13.84366,51.041495],[13.84363,51.04152],[13.84358,51.041549],[13.843563,51.041603],[13.843496,51.041667],[13.843457,51.0417],[13.843432,51.041707],[13.843422,51.041713],[13.843398,51.041733],[13.84339,51.041767],[13.843367,51.041778],[13.843365,51.04178],[13.843358,51.041784],[13.843332,51.041809],[13.843296,51.041833],[13.843289,51.04184],[13.843291,51.041854],[13.843264,51.041869],[13.843221,51.041918],[13.843185,51.041974],[13.843153,51.04201],[13.843148,51.042015],[13.843151,51.042039],[13.843111,51.042063],[13.843096,51.042064],[13.843024,51.04209],[13.843009,51.042112],[13.84298,51.042127],[13.842969,51.042138],[13.842949,51.042149],[13.842928,51.042172],[13.842865,51.042199],[13.842862,51.042201],[13.842819,51.042226],[13.842814,51.042229],[13.842805,51.042236],[13.842774,51.04226],[13.842681,51.042311],[13.842675,51.042316],[13.842621,51.042358],[13.842606,51.042374],[13.842519,51.042407],[13.842495,51.042415],[13.842474,51.042423],[13.842415,51.042459],[13.842398,51.042484],[13.842379,51.042489],[13.842345,51.042511],[13.842302,51.042521],[13.842269,51.042541],[13.842264,51.042544],[13.842161,51.042595],[13.842147,51.042617],[13.842106,51.042651],[13.842076,51.042679],[13.842014,51.042747],[13.841954,51.042811],[13.841891,51.042875],[13.841795,51.042979],[13.841773,51.043003],[13.841767,51.04301],[13.841749,51.043065],[13.841881,51.043084],[13.842128,51.043122],[13.842211,51.043049],[13.842292,51.043049],[13.842431,51.043051],[13.842461,51.043065],[13.842472,51.043056],[13.842737,51.042869],[13.842883,51.042796],[13.842979,51.042867],[13.843142,51.042988],[13.843402,51.043151],[13.843765,51.043119],[13.843798,51.043116],[13.844049,51.043093],[13.843942,51.043277],[13.8439,51.043351],[13.843856,51.043437],[13.84389,51.043443],[13.844171,51.043549],[13.844384,51.043693],[13.844453,51.043738],[13.844658,51.04381],[13.844789,51.043852],[13.84488,51.043879],[13.845085,51.04394],[13.845446,51.043929],[13.845668,51.043948],[13.845886,51.043993],[13.846443,51.044146],[13.846486,51.044153],[13.84652,51.044168],[13.846537,51.044175],[13.84656,51.04418],[13.846581,51.044198],[13.846643,51.044251],[13.846962,51.044399],[13.847116,51.044431],[13.847395,51.044443],[13.847535,51.044451],[13.847564,51.044452],[13.84765,51.044478],[13.847755,51.04452],[13.847812,51.044544],[13.847899,51.044562],[13.847916,51.044561],[13.848079,51.044556],[13.848124,51.044555],[13.848151,51.044551],[13.848443,51.044505],[13.848409,51.044418],[13.848416,51.04441],[13.848425,51.044394],[13.848436,51.044386],[13.848445,51.044376],[13.848485,51.044343],[13.848497,51.044315],[13.848521,51.044305],[13.848544,51.044286],[13.848657,51.044234],[13.848711,51.044241],[13.84881,51.044208],[13.848819,51.044194],[13.848809,51.044171],[13.848874,51.044148],[13.848907,51.044157],[13.848935,51.044162],[13.84894,51.044142],[13.84896,51.044126],[13.849053,51.0441],[13.849094,51.044106],[13.849157,51.044123],[13.849187,51.044117],[13.84923,51.044114],[13.849276,51.044102],[13.84933,51.044124],[13.84939,51.04415],[13.849452,51.044155],[13.849497,51.044175],[13.849541,51.044178],[13.849596,51.044159],[13.849665,51.04416],[13.84969,51.044186],[13.849645,51.044203],[13.849683,51.044205],[13.849712,51.044198],[13.84973,51.044232],[13.849767,51.044249],[13.849805,51.044241],[13.849832,51.044229],[13.849877,51.044194],[13.849872,51.04417],[13.849902,51.044165],[13.849922,51.044192],[13.849939,51.044196],[13.849998,51.044169],[13.85004,51.044182],[13.850067,51.04417],[13.850087,51.044155],[13.850117,51.044161],[13.850163,51.044169],[13.850196,51.044176],[13.850204,51.044217],[13.850235,51.044236],[13.850311,51.04424],[13.850339,51.044236],[13.850351,51.044245],[13.850326,51.044266],[13.850317,51.044285],[13.850283,51.044299],[13.850318,51.044334],[13.85034,51.044334],[13.850348,51.044342],[13.850323,51.044362],[13.850332,51.044382],[13.850363,51.044391],[13.850385,51.044382],[13.850409,51.044384],[13.85041,51.044398],[13.850518,51.044457],[13.850516,51.044458],[13.850482,51.044485],[13.850594,51.04454],[13.850598,51.044563],[13.850612,51.044594],[13.850661,51.044589],[13.85071,51.044606],[13.850683,51.044632],[13.850711,51.044652],[13.850752,51.044669],[13.850741,51.044717],[13.850784,51.044756],[13.850757,51.044788],[13.850814,51.044792],[13.850807,51.044811],[13.850824,51.044831],[13.850791,51.044855],[13.850798,51.044877],[13.850825,51.044893],[13.850812,51.044914],[13.850863,51.044957],[13.850828,51.044985],[13.850842,51.045033],[13.850892,51.045057],[13.850877,51.04509],[13.850917,51.0451],[13.850932,51.045125],[13.850911,51.045151],[13.850923,51.045159],[13.850908,51.045178],[13.850904,51.04521],[13.850922,51.04522],[13.85095,51.045221],[13.850975,51.045219],[13.850989,51.045236],[13.850971,51.045261],[13.850973,51.045292],[13.85102,51.045306],[13.851039,51.045338],[13.851029,51.045359],[13.85103,51.04538],[13.851048,51.045393],[13.851106,51.045403],[13.851157,51.045428],[13.851195,51.045437],[13.851208,51.045445],[13.851204,51.045496],[13.851232,51.045498],[13.851264,51.045481],[13.851289,51.045486],[13.851317,51.045505],[13.851308,51.045527],[13.851315,51.045545],[13.851338,51.045556],[13.851368,51.045558],[13.851391,51.045574],[13.851459,51.045683],[13.851455,51.045705],[13.851477,51.045739],[13.8515,51.045745],[13.851539,51.045743],[13.851581,51.045747],[13.851642,51.045779],[13.851662,51.045782],[13.851692,51.045777],[13.851733,51.045791],[13.851742,51.045809],[13.851786,51.045827],[13.851793,51.045839],[13.851805,51.045851],[13.851836,51.04585],[13.851875,51.045831],[13.851896,51.045832],[13.851921,51.045843],[13.851934,51.045857],[13.851921,51.045895],[13.851933,51.045908],[13.851979,51.04593],[13.852083,51.045936],[13.85212,51.045945],[13.852167,51.04595],[13.852271,51.046018],[13.852287,51.046047],[13.852305,51.046048],[13.852335,51.046036],[13.852349,51.046025],[13.852372,51.046021],[13.852391,51.046037],[13.852454,51.046061],[13.85247,51.046076],[13.852477,51.046118],[13.852492,51.04613],[13.852504,51.046136],[13.852525,51.046147],[13.852564,51.04616],[13.852577,51.046174],[13.852599,51.046204],[13.85267,51.046235],[13.852727,51.046278],[13.852722,51.046314],[13.852738,51.046356],[13.852759,51.046372],[13.852778,51.04638],[13.852841,51.046406],[13.852871,51.046406],[13.852903,51.046409],[13.852948,51.046434],[13.852945,51.046462],[13.852908,51.046485],[13.85287,51.046498],[13.852864,51.046513],[13.852868,51.046528],[13.852884,51.04654],[13.852886,51.046541],[13.852923,51.046558],[13.852948,51.046567],[13.852975,51.046569],[13.853024,51.046555],[13.853051,51.046562],[13.85306,51.046576],[13.853048,51.046609],[13.85306,51.046637],[13.853062,51.046654],[13.853087,51.046655],[13.853118,51.046647],[13.853133,51.046651],[13.853163,51.046696],[13.853186,51.046722],[13.853233,51.046735],[13.853255,51.04677],[13.853252,51.046792],[13.853263,51.046809],[13.853282,51.046823],[13.85334,51.046833],[13.853368,51.046856],[13.853409,51.046914],[13.853435,51.046924],[13.853454,51.046921],[13.853471,51.046913],[13.8535,51.046912],[13.85354,51.046934],[13.853563,51.046957],[13.853614,51.046996],[13.853684,51.04709],[13.853736,51.047108],[13.853829,51.047114],[13.853892,51.047129],[13.853932,51.047146],[13.853984,51.047138],[13.854015,51.047149],[13.85406,51.047156],[13.854159,51.047171],[13.854201,51.047183],[13.854234,51.047202],[13.854329,51.047236],[13.854377,51.047247],[13.854435,51.047252],[13.854459,51.04727],[13.854472,51.047305],[13.854506,51.047322],[13.854598,51.047296],[13.854707,51.047308],[13.854791,51.047363],[13.854826,51.047372],[13.85484,51.047396],[13.854831,51.047422],[13.854841,51.047431],[13.854897,51.047434],[13.854919,51.047452],[13.854907,51.047475],[13.854912,51.047482],[13.854958,51.047498],[13.854983,51.047529],[13.854992,51.047576],[13.855009,51.047607],[13.855048,51.047643],[13.855103,51.047668],[13.855125,51.047687],[13.855147,51.047692],[13.855224,51.04769],[13.855291,51.047686],[13.855367,51.047659],[13.85541,51.04766],[13.85544,51.047671],[13.855447,51.047673],[13.855476,51.047698],[13.855493,51.047696],[13.855488,51.04771],[13.855565,51.047732],[13.855607,51.047757],[13.855656,51.047759],[13.855672,51.047786],[13.855716,51.047798],[13.855727,51.047818],[13.855752,51.047824],[13.855781,51.04783],[13.855893,51.047795],[13.855923,51.047796],[13.855938,51.047795],[13.855936,51.047781],[13.855961,51.047774],[13.856015,51.047781],[13.856023,51.047799],[13.856065,51.047799],[13.856098,51.047813],[13.856171,51.047807],[13.856212,51.047792],[13.856241,51.047795],[13.856277,51.047821],[13.85632,51.04779],[13.85632,51.047771],[13.85634,51.047766],[13.856348,51.047763],[13.856383,51.047769],[13.856429,51.047786],[13.856449,51.047815],[13.856487,51.047834],[13.856536,51.047834],[13.856561,51.047811],[13.856599,51.047813],[13.856618,51.047835],[13.856657,51.047851],[13.856706,51.047876],[13.856747,51.047875],[13.856756,51.047884],[13.856775,51.047901],[13.85683,51.047875],[13.856902,51.047952],[13.856972,51.04798],[13.856981,51.048007],[13.857041,51.048027],[13.857084,51.048039],[13.857083,51.048061],[13.857128,51.048075],[13.857094,51.048108],[13.857106,51.048125],[13.85718,51.048118],[13.857205,51.048137],[13.857252,51.048125],[13.85726,51.048106],[13.857371,51.04808],[13.857358,51.048013],[13.857448,51.048012],[13.857472,51.048032],[13.857486,51.048045],[13.857502,51.048076],[13.857498,51.048105],[13.857527,51.048111],[13.857534,51.048136],[13.857594,51.048127],[13.857622,51.048137],[13.857614,51.048154],[13.857588,51.048153],[13.857581,51.048177],[13.857601,51.048196],[13.857621,51.048201],[13.85763,51.048224],[13.857607,51.048231],[13.857615,51.04825],[13.857604,51.048271],[13.85775,51.048287],[13.857787,51.048262],[13.85783,51.048286],[13.857878,51.04827],[13.857916,51.048293],[13.857953,51.048294],[13.858021,51.048331],[13.858042,51.048367],[13.858017,51.048383],[13.858045,51.048397],[13.85809,51.048389],[13.858079,51.048425],[13.858111,51.048443],[13.858108,51.048468],[13.858081,51.048483],[13.858099,51.0485],[13.858143,51.048514],[13.85823,51.048527],[13.858264,51.048532],[13.858291,51.048526],[13.858298,51.048505],[13.858361,51.048501],[13.858385,51.04852],[13.858394,51.04854],[13.858426,51.048546],[13.858455,51.048563],[13.858485,51.048572],[13.858519,51.048596],[13.858566,51.048602],[13.858584,51.048623],[13.858593,51.048661],[13.858612,51.048666],[13.85861,51.04869],[13.858637,51.048701],[13.858637,51.048719],[13.858636,51.048732],[13.858644,51.048758],[13.858666,51.048767],[13.85868,51.048799],[13.858759,51.048792],[13.858762,51.048774],[13.858797,51.048777],[13.858805,51.048811],[13.858837,51.048821],[13.858824,51.048851],[13.858875,51.048889],[13.85892,51.048911],[13.85896,51.048907],[13.859007,51.048906],[13.859056,51.048914],[13.859107,51.04895],[13.859121,51.049003],[13.859219,51.049004],[13.85925,51.049027],[13.859334,51.04906],[13.859445,51.049076],[13.859494,51.049092],[13.859539,51.049123],[13.859552,51.049154],[13.859584,51.049194],[13.859619,51.04921],[13.85963,51.049258],[13.859635,51.049282],[13.859641,51.049307],[13.85964,51.049326],[13.859655,51.049346],[13.859723,51.049351],[13.859737,51.049335],[13.859755,51.04935],[13.859744,51.049392],[13.859759,51.049403],[13.859816,51.049408],[13.859825,51.049426],[13.859854,51.049434],[13.859866,51.049449],[13.859905,51.049445],[13.859928,51.049449],[13.85996,51.049443],[13.860002,51.049515],[13.86005,51.049541],[13.860101,51.049532],[13.860163,51.049538],[13.86021,51.049556],[13.86024,51.049557],[13.860266,51.04954],[13.860317,51.04953],[13.860361,51.04956],[13.86038,51.049565],[13.860428,51.049572],[13.860463,51.04958],[13.860505,51.049587],[13.860561,51.0496],[13.860587,51.049616],[13.860616,51.049621],[13.860664,51.049626],[13.860697,51.049635],[13.860753,51.049637],[13.860793,51.049635],[13.860812,51.049628],[13.860893,51.049567],[13.860911,51.049528],[13.860946,51.049521],[13.860951,51.049519],[13.860978,51.049505],[13.861001,51.049486],[13.861018,51.049449],[13.861081,51.049437],[13.861137,51.049439],[13.861171,51.049428],[13.861211,51.049411],[13.861245,51.049417],[13.861287,51.049398],[13.861353,51.049394],[13.861427,51.049407],[13.861489,51.049388],[13.861649,51.049369],[13.861718,51.049368],[13.861755,51.049357],[13.861812,51.049365],[13.86187,51.04937],[13.86187,51.049357],[13.861866,51.049341],[13.861882,51.049311],[13.861929,51.049271],[13.861998,51.049264],[13.862052,51.049244],[13.862115,51.04922],[13.862141,51.049229],[13.862213,51.049256],[13.86224,51.049249],[13.862283,51.049249],[13.862335,51.049249],[13.862406,51.049252],[13.862474,51.049266],[13.862529,51.049238],[13.862551,51.04922],[13.862602,51.049196],[13.862658,51.049185],[13.862742,51.049201],[13.862813,51.04919],[13.862876,51.049167],[13.862944,51.049159],[13.863014,51.049152],[13.863075,51.049142],[13.863124,51.04913],[13.863146,51.049149],[13.863188,51.049147],[13.863252,51.049139],[13.863332,51.049133],[13.863376,51.049126],[13.86345,51.049116],[13.863485,51.049113],[13.863502,51.049107],[13.863527,51.049098],[13.86354,51.049094],[13.863585,51.049167],[13.86361,51.049208],[13.863614,51.049214],[13.863777,51.049471],[13.86402,51.049809],[13.864259,51.050129],[13.864459,51.050398],[13.864744,51.050779],[13.865074,51.050783],[13.865665,51.050791],[13.866157,51.050798],[13.866287,51.050834],[13.86632,51.05079],[13.866328,51.050782],[13.866448,51.050831],[13.866789,51.051147],[13.86679,51.051148],[13.866801,51.051158],[13.867025,51.051355],[13.86714,51.051455],[13.867279,51.051583],[13.867386,51.051681],[13.867489,51.051773],[13.867592,51.051874],[13.867601,51.051881],[13.867614,51.051891],[13.867708,51.051955],[13.867783,51.052006],[13.86783,51.052039],[13.86795,51.052124],[13.867977,51.052142],[13.868161,51.052281],[13.868183,51.05227],[13.868392,51.052165],[13.868641,51.052026],[13.868668,51.052011],[13.868697,51.052042],[13.868985,51.052343],[13.869173,51.052542],[13.869192,51.052561],[13.86937,51.052748],[13.869394,51.052774],[13.869496,51.052881],[13.869524,51.052911],[13.869604,51.052985],[13.870017,51.05281],[13.870207,51.052719],[13.870353,51.052668],[13.870608,51.052599],[13.87106,51.052471],[13.871081,51.052465],[13.871383,51.052385],[13.871707,51.052301],[13.871948,51.052231],[13.872052,51.052195],[13.872212,51.052127],[13.872416,51.052035],[13.872796,51.051872],[13.873192,51.051731],[13.873297,51.051691],[13.873694,51.051499],[13.873928,51.051378],[13.874004,51.051341],[13.874138,51.051252],[13.874324,51.051137],[13.874483,51.051087],[13.874546,51.051058],[13.874665,51.051005],[13.874736,51.050972],[13.874781,51.050953],[13.874904,51.050905],[13.874937,51.050894],[13.874872,51.050814],[13.875078,51.050657],[13.875155,51.050598],[13.87546,51.05035],[13.875498,51.050319],[13.87581,51.050069],[13.876069,51.049866],[13.876104,51.049828],[13.876316,51.049601],[13.876486,51.049464],[13.876578,51.049498],[13.876762,51.049543],[13.877045,51.049619],[13.877334,51.049692],[13.87754,51.049755],[13.877722,51.049811],[13.878053,51.049944],[13.878109,51.049968],[13.878161,51.04999],[13.878245,51.050026],[13.878313,51.050042],[13.878358,51.050127],[13.878359,51.050127],[13.878602,51.050074],[13.878776,51.050035],[13.878825,51.05012],[13.878945,51.050136],[13.879307,51.050188],[13.879692,51.050244],[13.880213,51.05036],[13.880744,51.050467],[13.881096,51.050544],[13.881334,51.050591],[13.881852,51.050684],[13.882169,51.050738],[13.882616,51.050854],[13.883034,51.050951],[13.883404,51.051047],[13.88351,51.051075],[13.884012,51.051194],[13.884409,51.051291],[13.884843,51.051397],[13.885321,51.051514],[13.88569,51.051591],[13.886317,51.0517],[13.886378,51.051711],[13.886845,51.051766],[13.886953,51.051781],[13.887362,51.051848],[13.887704,51.051904],[13.888107,51.052015],[13.888143,51.052026],[13.888273,51.051988],[13.888305,51.052033],[13.888349,51.052086],[13.888362,51.052101],[13.888489,51.052061],[13.888513,51.052053],[13.888568,51.052108],[13.888596,51.052114],[13.888812,51.052137],[13.889194,51.052169],[13.889249,51.052168],[13.889527,51.052189],[13.889728,51.052198],[13.889933,51.052208],[13.890324,51.052294],[13.890354,51.052304],[13.890627,51.052367],[13.89114,51.05241],[13.891209,51.052414],[13.891475,51.052442],[13.89178,51.052428],[13.892023,51.052417],[13.892432,51.052363],[13.892882,51.052264],[13.893104,51.052163],[13.893298,51.052082],[13.893601,51.051972],[13.893828,51.051893],[13.894004,51.051806],[13.894347,51.051669],[13.894774,51.051538],[13.896207,51.051189],[13.896251,51.051176],[13.896256,51.051175],[13.89634,51.051155],[13.896547,51.051108],[13.89657,51.051103],[13.897075,51.050987],[13.897946,51.050794],[13.897893,51.050697],[13.897873,51.05066],[13.897653,51.050261],[13.897497,51.049976],[13.897375,51.049755],[13.89723,51.04957],[13.897122,51.049445],[13.897045,51.049354],[13.897034,51.049342],[13.896989,51.049289],[13.896826,51.0491],[13.896708,51.048962],[13.896616,51.048859],[13.896598,51.048839],[13.896606,51.048768],[13.896479,51.048764],[13.896329,51.048758],[13.896342,51.048669],[13.896117,51.048496],[13.89588,51.048263],[13.895558,51.047944],[13.895304,51.047767],[13.894856,51.047501],[13.894488,51.047281],[13.894147,51.047101],[13.893602,51.046854],[13.892782,51.046473],[13.892229,51.046205],[13.891805,51.046061],[13.890975,51.045691],[13.890948,51.045675],[13.890778,51.045608],[13.890702,51.045573],[13.890053,51.045311],[13.889085,51.04493],[13.888641,51.044767],[13.888307,51.044673],[13.887446,51.044401],[13.887261,51.044337],[13.887222,51.044323],[13.886333,51.043929],[13.886224,51.043874],[13.886126,51.043811],[13.886041,51.043741],[13.885972,51.043665],[13.885658,51.043272],[13.885234,51.042706],[13.885223,51.04269],[13.885231,51.042685],[13.885243,51.042672],[13.885263,51.042664],[13.885231,51.042639],[13.885229,51.042612],[13.885234,51.042589],[13.885175,51.042552],[13.885131,51.042514],[13.88511,51.042485],[13.885086,51.042449],[13.88506,51.04243],[13.885037,51.042423],[13.885035,51.042395],[13.885022,51.042372],[13.885008,51.042336],[13.884987,51.042292],[13.884953,51.042274],[13.88493,51.042277],[13.884847,51.04228],[13.884812,51.042268],[13.884805,51.042272],[13.884793,51.042278],[13.884744,51.042277],[13.88471,51.042274],[13.884663,51.042293],[13.884635,51.042275],[13.884622,51.042256],[13.884599,51.042241],[13.884588,51.042228],[13.884562,51.042213],[13.884532,51.042221],[13.884514,51.042194],[13.884507,51.042176],[13.884489,51.042143],[13.88447,51.042121],[13.88445,51.042117],[13.884442,51.042099],[13.884423,51.042095],[13.884414,51.042094],[13.884453,51.042062],[13.884439,51.04203],[13.884445,51.041995],[13.884403,51.041974],[13.884382,51.041942],[13.884318,51.041934],[13.884315,51.041919],[13.884314,51.041912],[13.884284,51.04191],[13.884259,51.041902],[13.884228,51.041888],[13.884176,51.041814],[13.884143,51.041814],[13.884101,51.041775],[13.88409,51.041772],[13.884061,51.041765],[13.884037,51.041765],[13.884,51.041746],[13.883992,51.041729],[13.883984,51.04171],[13.883949,51.041689],[13.883914,51.041673],[13.883902,51.041667],[13.883902,51.04165],[13.883863,51.041639],[13.883835,51.041596],[13.883815,51.041577],[13.883792,51.041547],[13.883765,51.041534],[13.883737,51.041529],[13.883722,51.041491],[13.883669,51.041477],[13.883655,51.041458],[13.883634,51.041426],[13.88361,51.041434],[13.883606,51.041435],[13.883588,51.041444],[13.883592,51.041427],[13.883601,51.041396],[13.883568,51.041389],[13.883545,51.041365],[13.883496,51.041369],[13.883467,51.041365],[13.883452,51.04135],[13.883414,51.041333],[13.883406,51.04133],[13.883388,51.04131],[13.883383,51.041303],[13.883351,51.041308],[13.883307,51.041308],[13.883249,51.041301],[13.883174,51.041289],[13.883153,51.041283],[13.883147,51.041281],[13.883102,51.04124],[13.883063,51.041243],[13.883024,51.041249],[13.882989,51.041237],[13.882963,51.041216],[13.88292,51.041208],[13.882802,51.041155],[13.882753,51.041162],[13.882732,51.041151],[13.882731,51.04113],[13.882722,51.041112],[13.882706,51.041122],[13.882655,51.041101],[13.882625,51.041099],[13.882614,51.041078],[13.882641,51.041046],[13.882622,51.041037],[13.882605,51.041048],[13.882557,51.041024],[13.882528,51.040982],[13.882495,51.040974],[13.882516,51.040952],[13.882436,51.040941],[13.882407,51.040898],[13.882341,51.040885],[13.882324,51.040854],[13.882321,51.040849],[13.882317,51.040843],[13.882327,51.040818],[13.882282,51.040805],[13.882236,51.04079],[13.882204,51.040782],[13.882197,51.040771],[13.882203,51.040741],[13.882206,51.04073],[13.882207,51.040721],[13.882192,51.040716],[13.882187,51.040715],[13.882144,51.040718],[13.882115,51.040705],[13.882083,51.040708],[13.882075,51.040674],[13.882027,51.040674],[13.881987,51.040668],[13.881969,51.040645],[13.881928,51.040639],[13.881923,51.040605],[13.88188,51.040621],[13.881848,51.040609],[13.881836,51.040605],[13.881805,51.040611],[13.881786,51.040596],[13.88176,51.040597],[13.881727,51.040579],[13.881687,51.040588],[13.881655,51.040591],[13.881621,51.040595],[13.881568,51.040588],[13.88151,51.040578],[13.8815,51.040603],[13.881469,51.040595],[13.881481,51.040578],[13.881399,51.040581],[13.881376,51.040585],[13.881304,51.040548],[13.881168,51.040521],[13.881193,51.040473],[13.881195,51.040432],[13.881141,51.040431],[13.881062,51.040461],[13.880988,51.040384],[13.880914,51.040346],[13.880887,51.040324],[13.880836,51.040297],[13.880822,51.040285],[13.880854,51.040269],[13.880839,51.040255],[13.880817,51.04024],[13.880771,51.040255],[13.880751,51.040243],[13.880683,51.04024],[13.880633,51.040225],[13.880608,51.04024],[13.880601,51.04026],[13.880532,51.040278],[13.880494,51.040301],[13.880454,51.04029],[13.880425,51.040259],[13.880359,51.040233],[13.880332,51.04022],[13.880246,51.040178],[13.880344,51.040095],[13.880352,51.040088],[13.880233,51.040038],[13.880098,51.039967],[13.879802,51.039811],[13.879825,51.039789],[13.879947,51.039674],[13.880005,51.039524],[13.88007,51.039375],[13.880094,51.03932],[13.880121,51.039195],[13.880096,51.039037],[13.880063,51.039009],[13.879772,51.038759],[13.879709,51.038714],[13.879387,51.038486],[13.879056,51.038284],[13.87859,51.038008],[13.878623,51.037992],[13.878667,51.037961],[13.878685,51.037947],[13.879093,51.03761],[13.87925,51.037574],[13.879628,51.037613],[13.879614,51.037587],[13.879611,51.037578],[13.879599,51.037565],[13.879605,51.037564],[13.879605,51.037562],[13.879651,51.037548],[13.879681,51.037521],[13.879692,51.037495],[13.879678,51.037463],[13.879702,51.037421],[13.879707,51.03739],[13.879692,51.037362],[13.879656,51.037335],[13.879641,51.037291],[13.879607,51.037234],[13.87959,51.03721],[13.879574,51.03719],[13.879599,51.037178],[13.879662,51.037142],[13.879691,51.03711],[13.879695,51.037081],[13.879684,51.037042],[13.8797,51.037024],[13.879727,51.037012],[13.879754,51.036974],[13.879781,51.036925],[13.879785,51.036916],[13.879789,51.036901],[13.879792,51.036864],[13.879791,51.036847],[13.87979,51.036839],[13.879772,51.03681],[13.879758,51.036775],[13.879665,51.036757],[13.879639,51.036742],[13.879624,51.03671],[13.879654,51.036674],[13.879678,51.03661],[13.87966,51.036572],[13.879645,51.036521],[13.879583,51.036496],[13.879529,51.036478],[13.87947,51.036441],[13.879452,51.036362],[13.879483,51.036331],[13.879569,51.036274],[13.879624,51.036192],[13.879671,51.036201],[13.879715,51.036115],[13.879718,51.036112],[13.879732,51.036098],[13.879841,51.036104],[13.879969,51.036076],[13.880058,51.03606],[13.880195,51.035999],[13.880198,51.035987],[13.880197,51.035973],[13.880179,51.035957],[13.879956,51.035893],[13.879951,51.035885],[13.87992,51.035838],[13.879743,51.035728],[13.879468,51.035633],[13.87927,51.035429],[13.879087,51.035498],[13.878975,51.035527],[13.878855,51.035575],[13.878783,51.035507],[13.878656,51.035389],[13.878713,51.03536],[13.878794,51.035305],[13.878696,51.035239],[13.878675,51.035225],[13.878583,51.035197],[13.878573,51.035193],[13.878538,51.035181],[13.878535,51.035146],[13.878461,51.035134],[13.878466,51.035119],[13.878475,51.035085],[13.878452,51.035064],[13.878407,51.03505],[13.878389,51.035023],[13.878389,51.035],[13.87838,51.034956],[13.878377,51.034914],[13.878405,51.034895],[13.87841,51.034892],[13.878458,51.034911],[13.87851,51.034868],[13.878524,51.034817],[13.878522,51.03478],[13.878538,51.034667],[13.87855,51.034594],[13.878571,51.034531],[13.878553,51.034514],[13.878564,51.034496],[13.878555,51.03446],[13.878558,51.034386],[13.878554,51.034304],[13.878547,51.034224],[13.878544,51.034182],[13.87853,51.034139],[13.878522,51.034102],[13.878532,51.034068],[13.878528,51.034026],[13.878543,51.033989],[13.878551,51.03395],[13.878603,51.033902],[13.878604,51.0339],[13.878651,51.033849],[13.878658,51.033788],[13.878699,51.033733],[13.878754,51.033683],[13.878807,51.033642],[13.878826,51.033577],[13.878797,51.033514],[13.878808,51.033465],[13.87881,51.033414],[13.878808,51.033388],[13.878807,51.033379],[13.878806,51.033373],[13.878797,51.033348],[13.878828,51.033239],[13.878852,51.033121],[13.878861,51.032944],[13.878834,51.03274],[13.878853,51.032505],[13.878797,51.032167],[13.878764,51.031884],[13.878747,51.031548],[13.878746,51.031541],[13.878745,51.031532],[13.878416,51.03156],[13.878239,51.0313],[13.878285,51.031215],[13.878217,51.0312],[13.878243,51.031186],[13.878148,51.031119],[13.87791,51.03059],[13.87779,51.030325],[13.877804,51.030315],[13.87815,51.030072],[13.878538,51.029973],[13.878543,51.029971],[13.878629,51.029797],[13.878524,51.029545],[13.878494,51.0295],[13.878467,51.029466],[13.878414,51.029422],[13.878387,51.029388],[13.878301,51.029302],[13.878245,51.029247],[13.878201,51.029176],[13.878098,51.029098],[13.878012,51.029061],[13.877982,51.029019],[13.877915,51.028964],[13.877908,51.028957],[13.877901,51.028953],[13.877867,51.028929],[13.877816,51.028887],[13.877745,51.028857],[13.877729,51.02885],[13.877738,51.028847],[13.87771,51.028807],[13.877633,51.028784],[13.877505,51.028764],[13.877371,51.028739],[13.87731,51.028711],[13.877271,51.028722],[13.877205,51.028741],[13.877097,51.028784],[13.876914,51.028846],[13.876561,51.0288],[13.876489,51.028791],[13.876037,51.028732],[13.87569,51.028711],[13.874957,51.028758],[13.874938,51.02876],[13.874775,51.028774],[13.87443,51.02884],[13.874431,51.028832],[13.874446,51.028675],[13.874474,51.028469],[13.874481,51.028345],[13.874386,51.028235],[13.874149,51.027961],[13.873891,51.027688],[13.874092,51.027597],[13.874047,51.027586],[13.874004,51.027606],[13.873942,51.027601],[13.873891,51.027586],[13.873898,51.027518],[13.873846,51.027514],[13.873734,51.027505],[13.873707,51.027483],[13.873687,51.027466],[13.873659,51.027424],[13.87363,51.027385],[13.873568,51.027299],[13.873536,51.027255],[13.873525,51.027242],[13.873522,51.027236],[13.873488,51.0272],[13.873484,51.02713],[13.873464,51.027061],[13.873459,51.027029],[13.873457,51.027019],[13.873451,51.027005],[13.873446,51.026992],[13.873429,51.026961],[13.873459,51.026939],[13.873474,51.026874],[13.873489,51.026817],[13.873486,51.026809],[13.873467,51.026764],[13.873487,51.026738],[13.873489,51.02673],[13.873474,51.026688],[13.873462,51.026656],[13.873456,51.026634],[13.873449,51.026614],[13.873439,51.026599],[13.873429,51.026583],[13.873425,51.026568],[13.873426,51.026555],[13.873473,51.026495],[13.873496,51.026461],[13.873499,51.026453],[13.873502,51.026443],[13.873501,51.026421],[13.8735,51.026389],[13.873505,51.026369],[13.873523,51.02632],[13.873582,51.026269],[13.873612,51.026237],[13.873635,51.026219],[13.873687,51.026163],[13.873737,51.02615],[13.873762,51.02611],[13.873773,51.026096],[13.873781,51.026078],[13.873787,51.026069],[13.873801,51.026029],[13.873801,51.025993],[13.873819,51.025948],[13.873841,51.025929],[13.873853,51.02592],[13.873843,51.025882],[13.87385,51.025851],[13.873816,51.025803],[13.873798,51.025751],[13.873777,51.025707],[13.87377,51.025656],[13.873756,51.025621],[13.873732,51.025569],[13.873724,51.025526],[13.873688,51.025481],[13.873645,51.025393],[13.873616,51.02536],[13.873597,51.025344],[13.873576,51.025327],[13.873541,51.025316],[13.873512,51.025293],[13.873463,51.025273],[13.873408,51.025206],[13.873399,51.025203],[13.873263,51.025231],[13.87322,51.025181],[13.873206,51.025165],[13.873152,51.025124],[13.873053,51.025049],[13.873,51.025012],[13.872957,51.024982],[13.872928,51.024962],[13.872794,51.024874],[13.872737,51.024837],[13.872664,51.024779],[13.872585,51.0247],[13.872566,51.02468],[13.872548,51.024656],[13.872528,51.024626],[13.872481,51.024537],[13.872467,51.024497],[13.872455,51.024405],[13.872461,51.024373],[13.87251,51.024271],[13.872549,51.024214],[13.872573,51.024152],[13.872586,51.024099],[13.872595,51.024013],[13.872598,51.023982],[13.872611,51.023856],[13.872617,51.023789],[13.872642,51.02362],[13.872666,51.023579],[13.872706,51.023532],[13.872733,51.0235],[13.872772,51.023466],[13.872818,51.02343],[13.872852,51.0234],[13.872835,51.023372],[13.872813,51.023316],[13.872811,51.023312]]]}},{"type":"Feature","id":"dresden-32","properties":{"city":"Dresden","state":"Sachsen","code":"32","name":"Hellerau/Wilschdorf mit Rähnitz","name_atlas":"Wilschdorf/Rähnitz/Hellerau","population_est":6401,"crime_total":{"cases":188,"rate":2937.0},"homicide":{"cases":0,"rate":0.0},"sexual":{"cases":4,"rate":62.5},"violence_proxy":{"cases":34,"rate":531.2},"property_total":{"cases":65,"rate":1015.5},"simple_theft":{"cases":15,"rate":234.3},"aggravated_theft":{"cases":50,"rate":781.1},"fraud":{"cases":31,"rate":484.3},"other_stgb":{"cases":50,"rate":781.1},"secondary_law":{"cases":4,"rate":62.5}},"geometry":{"type":"Polygon","coordinates":[[[13.721065,51.139813],[13.721082,51.139813],[13.721218,51.139815],[13.721552,51.139816],[13.721654,51.139817],[13.722003,51.139809],[13.722033,51.139805],[13.722419,51.139752],[13.722694,51.139692],[13.722942,51.139638],[13.722971,51.139627],[13.722978,51.139624],[13.723006,51.139616],[13.723027,51.13961],[13.723268,51.139542],[13.723326,51.139525],[13.723546,51.139459],[13.723819,51.139379],[13.72384,51.139372],[13.724363,51.139201],[13.724602,51.139121],[13.724717,51.139086],[13.72472,51.139086],[13.724829,51.13906],[13.725056,51.139006],[13.725157,51.138982],[13.725301,51.138946],[13.725365,51.138931],[13.725407,51.13892],[13.725544,51.138886],[13.725726,51.138843],[13.725819,51.138821],[13.726082,51.138752],[13.726345,51.138672],[13.726602,51.138599],[13.726772,51.138547],[13.726877,51.1385],[13.726958,51.138463],[13.727377,51.138257],[13.727534,51.13818],[13.727891,51.138045],[13.727906,51.138043],[13.727923,51.138041],[13.728114,51.138015],[13.728228,51.138003],[13.728244,51.138002],[13.728566,51.137969],[13.728575,51.137967],[13.72887,51.137906],[13.728882,51.1379],[13.72904,51.137867],[13.729147,51.137845],[13.72916,51.137842],[13.729445,51.137779],[13.729546,51.137756],[13.729673,51.137728],[13.729689,51.137724],[13.729746,51.137704],[13.730249,51.137522],[13.730274,51.137515],[13.730554,51.137442],[13.730748,51.137383],[13.730732,51.137362],[13.730776,51.137349],[13.731243,51.137205],[13.731289,51.137191],[13.731472,51.137155],[13.731565,51.137136],[13.731793,51.137112],[13.732371,51.137051],[13.732392,51.137049],[13.732762,51.13701],[13.733168,51.136968],[13.733609,51.136921],[13.733844,51.136896],[13.73405,51.136866],[13.734418,51.136794],[13.734573,51.136763],[13.734735,51.136731],[13.735152,51.136647],[13.735246,51.136628],[13.73538,51.136601],[13.735507,51.136576],[13.735849,51.136511],[13.736006,51.136473],[13.736036,51.136445],[13.736059,51.136425],[13.736122,51.136386],[13.736153,51.136366],[13.736182,51.13635],[13.736304,51.136282],[13.736703,51.136058],[13.73679,51.136009],[13.736741,51.135899],[13.736661,51.135717],[13.736531,51.135424],[13.736499,51.135335],[13.736486,51.13524],[13.736484,51.13517],[13.736479,51.134994],[13.736476,51.134852],[13.736475,51.134842],[13.736486,51.134789],[13.736544,51.134721],[13.73661,51.134688],[13.736647,51.134675],[13.736919,51.134575],[13.736953,51.134562],[13.737076,51.134517],[13.737207,51.134472],[13.737338,51.134442],[13.737782,51.134348],[13.73804,51.134293],[13.738468,51.134202],[13.738504,51.134192],[13.738577,51.134168],[13.738691,51.134113],[13.738984,51.133932],[13.738993,51.133926],[13.739151,51.133828],[13.739269,51.133778],[13.739406,51.133756],[13.73947,51.133755],[13.739708,51.133748],[13.739734,51.133745],[13.74011,51.133736],[13.740488,51.133726],[13.74065,51.133721],[13.740743,51.133718],[13.740882,51.133714],[13.741382,51.1337],[13.741469,51.133688],[13.741538,51.133657],[13.741967,51.133395],[13.742069,51.133332],[13.742104,51.133361],[13.742185,51.133429],[13.742657,51.133828],[13.742831,51.133975],[13.743027,51.134145],[13.743177,51.134275],[13.743402,51.134471],[13.743568,51.134614],[13.743833,51.134799],[13.744198,51.135054],[13.744636,51.135318],[13.744926,51.135492],[13.745267,51.135698],[13.745762,51.136],[13.746074,51.136051],[13.746472,51.136351],[13.746582,51.136433],[13.746764,51.136571],[13.746907,51.136678],[13.747336,51.137001],[13.748263,51.137699],[13.748593,51.137549],[13.748632,51.137435],[13.749039,51.1373],[13.749082,51.137262],[13.749112,51.137236],[13.749193,51.137013],[13.749201,51.137003],[13.749263,51.136925],[13.749333,51.136836],[13.749512,51.136733],[13.749657,51.13662],[13.749952,51.136564],[13.75013,51.136531],[13.750335,51.136535],[13.750377,51.136536],[13.750681,51.136542],[13.750695,51.136539],[13.750845,51.13651],[13.751448,51.136392],[13.751556,51.136142],[13.751575,51.136017],[13.751868,51.135903],[13.751994,51.135854],[13.752022,51.135843],[13.752215,51.135768],[13.752402,51.135694],[13.752733,51.135833],[13.752961,51.135929],[13.753099,51.136004],[13.753263,51.136094],[13.753352,51.136082],[13.753739,51.136028],[13.754025,51.135989],[13.754507,51.135634],[13.754533,51.13501],[13.754537,51.134925],[13.754545,51.134772],[13.755174,51.134573],[13.755796,51.134376],[13.755881,51.134485],[13.755972,51.134549],[13.756269,51.134758],[13.756366,51.134868],[13.756397,51.134989],[13.756293,51.135155],[13.756319,51.135162],[13.756347,51.135172],[13.756369,51.135181],[13.75631,51.135235],[13.756214,51.135335],[13.756004,51.135493],[13.755984,51.135509],[13.755756,51.135674],[13.75572,51.135698],[13.755492,51.135838],[13.755364,51.135898],[13.75567,51.136187],[13.755748,51.136269],[13.755893,51.136424],[13.75605,51.136578],[13.756091,51.136618],[13.75609,51.136626],[13.756034,51.137171],[13.756029,51.137212],[13.756003,51.137457],[13.755455,51.137781],[13.755412,51.137806],[13.755255,51.137899],[13.755037,51.138027],[13.755026,51.138034],[13.754931,51.13809],[13.755175,51.138257],[13.755723,51.138598],[13.755991,51.138756],[13.756019,51.138772],[13.756182,51.13868],[13.756292,51.138565],[13.756774,51.138021],[13.757071,51.137749],[13.757455,51.137476],[13.757531,51.137466],[13.758174,51.137331],[13.758198,51.137329],[13.758539,51.137343],[13.758919,51.13736],[13.7591,51.13736],[13.759167,51.137359],[13.75919,51.137354],[13.759234,51.137346],[13.759403,51.137325],[13.759491,51.13732],[13.760083,51.137255],[13.760472,51.137334],[13.760893,51.13742],[13.761324,51.137367],[13.761397,51.137325],[13.761466,51.137285],[13.761639,51.13718],[13.761801,51.13709],[13.76191,51.137039],[13.761965,51.137011],[13.762098,51.136946],[13.762203,51.136896],[13.762382,51.136811],[13.762387,51.136809],[13.762412,51.136794],[13.762445,51.136775],[13.762512,51.136737],[13.762756,51.13667],[13.762953,51.136666],[13.763014,51.136612],[13.763054,51.136576],[13.763013,51.136405],[13.763004,51.136368],[13.763122,51.136199],[13.763439,51.135893],[13.76352,51.135824],[13.763539,51.135823],[13.763563,51.135791],[13.763566,51.13577],[13.763565,51.135733],[13.763564,51.135704],[13.763563,51.135685],[13.76356,51.135652],[13.76358,51.135635],[13.763601,51.135622],[13.763628,51.135618],[13.763696,51.135578],[13.763729,51.135559],[13.763805,51.135514],[13.763822,51.135509],[13.763846,51.135474],[13.763866,51.135444],[13.763892,51.135428],[13.763918,51.135413],[13.764017,51.135409],[13.764048,51.135407],[13.764068,51.135394],[13.764158,51.135383],[13.764225,51.13539],[13.764271,51.135384],[13.764475,51.135349],[13.764564,51.135324],[13.76466,51.135318],[13.764727,51.135339],[13.764732,51.135338],[13.764877,51.135293],[13.764967,51.135256],[13.765091,51.135189],[13.765075,51.135173],[13.765176,51.135137],[13.76513,51.135092],[13.764927,51.134894],[13.764911,51.134877],[13.764695,51.134686],[13.764541,51.134537],[13.764207,51.134257],[13.763971,51.13408],[13.763675,51.133887],[13.763337,51.133499],[13.763219,51.133341],[13.763159,51.133255],[13.762448,51.132983],[13.761655,51.132689],[13.761221,51.132516],[13.760832,51.13236],[13.76077,51.132335],[13.760627,51.132337],[13.760617,51.132288],[13.760618,51.132285],[13.760586,51.132231],[13.760575,51.132214],[13.760574,51.132211],[13.760488,51.132143],[13.760459,51.132121],[13.760456,51.132118],[13.760415,51.132091],[13.760302,51.132016],[13.760213,51.131965],[13.76011,51.131948],[13.760093,51.131946],[13.759982,51.131934],[13.759874,51.131936],[13.759801,51.131938],[13.759578,51.131957],[13.759554,51.13196],[13.759523,51.131916],[13.759511,51.131898],[13.759497,51.131876],[13.759356,51.131656],[13.759259,51.131483],[13.759188,51.131356],[13.75909,51.131364],[13.759041,51.131369],[13.758833,51.131391],[13.758667,51.131411],[13.758711,51.131305],[13.758533,51.131115],[13.758451,51.131028],[13.758411,51.130984],[13.758295,51.130859],[13.758086,51.130651],[13.75804,51.130597],[13.757815,51.130335],[13.757477,51.130065],[13.757138,51.129818],[13.756841,51.129601],[13.756705,51.129502],[13.756399,51.129269],[13.756176,51.129126],[13.756146,51.129105],[13.755953,51.12897],[13.755918,51.128945],[13.75579,51.128856],[13.755755,51.128829],[13.755519,51.128652],[13.755278,51.12845],[13.755244,51.128421],[13.75523,51.12841],[13.75484,51.128081],[13.754556,51.127859],[13.754317,51.127682],[13.754075,51.12751],[13.753966,51.127434],[13.753951,51.127424],[13.753777,51.127302],[13.753449,51.127065],[13.753265,51.126928],[13.753109,51.126812],[13.75303,51.126753],[13.7529,51.126656],[13.752588,51.126423],[13.752313,51.126203],[13.752021,51.125988],[13.751705,51.125757],[13.751479,51.125578],[13.750956,51.125186],[13.750401,51.124798],[13.750207,51.124667],[13.750273,51.124632],[13.75043,51.124547],[13.75065,51.124429],[13.750682,51.124412],[13.751074,51.124201],[13.751368,51.124043],[13.751525,51.123959],[13.75146,51.123915],[13.751362,51.123849],[13.751134,51.123697],[13.751614,51.12344],[13.75168,51.123406],[13.751982,51.123244],[13.752178,51.12314],[13.752204,51.123126],[13.752402,51.123021],[13.752804,51.122806],[13.753254,51.122566],[13.753267,51.122559],[13.753372,51.122503],[13.753499,51.122436],[13.75356,51.122403],[13.753818,51.122265],[13.753986,51.122176],[13.754143,51.122092],[13.75449,51.122378],[13.754646,51.122294],[13.754792,51.122216],[13.754945,51.122135],[13.755021,51.122094],[13.755108,51.122047],[13.755173,51.122012],[13.755251,51.12197],[13.755396,51.121893],[13.755557,51.121806],[13.755893,51.121626],[13.756207,51.121457],[13.756208,51.121457],[13.756147,51.121358],[13.756025,51.121149],[13.755652,51.120437],[13.755595,51.120273],[13.755476,51.120028],[13.755356,51.119823],[13.755233,51.119617],[13.755214,51.119592],[13.755092,51.119373],[13.754997,51.119218],[13.754976,51.119171],[13.754912,51.119053],[13.754862,51.118956],[13.754819,51.118884],[13.754767,51.118785],[13.754717,51.118696],[13.75464,51.118563],[13.754565,51.118426],[13.754546,51.11839],[13.754475,51.118311],[13.754501,51.118302],[13.754458,51.118213],[13.754459,51.118213],[13.754472,51.118209],[13.754413,51.118127],[13.754321,51.117956],[13.754249,51.1178],[13.754184,51.11772],[13.754261,51.117695],[13.754418,51.117662],[13.754578,51.117634],[13.754717,51.117638],[13.754866,51.117669],[13.75509,51.117752],[13.755259,51.117804],[13.755378,51.117817],[13.755465,51.117812],[13.755629,51.117775],[13.755866,51.117738],[13.756009,51.117904],[13.75598,51.117715],[13.755905,51.117313],[13.755852,51.117212],[13.755773,51.11716],[13.755712,51.117161],[13.755649,51.117162],[13.755638,51.117163],[13.754294,51.117282],[13.753809,51.117326],[13.752959,51.117401],[13.752848,51.117381],[13.75278,51.117312],[13.752637,51.116793],[13.752593,51.116633],[13.752481,51.116203],[13.752351,51.116137],[13.752492,51.11615],[13.752816,51.116175],[13.753122,51.1162],[13.753365,51.116211],[13.75362,51.116221],[13.754,51.11624],[13.754398,51.116242],[13.754415,51.116243],[13.75479,51.116256],[13.754985,51.116267],[13.755221,51.116281],[13.75557,51.116303],[13.755819,51.116329],[13.756091,51.116355],[13.756366,51.116385],[13.756579,51.116405],[13.756806,51.116428],[13.757023,51.116449],[13.757165,51.116475],[13.757328,51.116492],[13.757771,51.116565],[13.757997,51.116604],[13.75808,51.116621],[13.758278,51.116663],[13.758543,51.116721],[13.758764,51.116803],[13.758849,51.116851],[13.75896,51.116865],[13.759173,51.116797],[13.759346,51.116727],[13.759574,51.11663],[13.759732,51.116553],[13.759834,51.116491],[13.759916,51.116416],[13.760091,51.116234],[13.760329,51.115995],[13.760596,51.115731],[13.760744,51.115587],[13.760886,51.115417],[13.760994,51.115294],[13.761075,51.115213],[13.761102,51.115186],[13.761244,51.115045],[13.761362,51.114933],[13.761415,51.114886],[13.761477,51.11484],[13.7616,51.114748],[13.761705,51.114671],[13.761983,51.11444],[13.762033,51.114389],[13.762166,51.114273],[13.76231,51.114163],[13.762407,51.114091],[13.762488,51.114016],[13.76259,51.113942],[13.762697,51.113871],[13.762864,51.113776],[13.76306,51.113664],[13.763204,51.113578],[13.763341,51.11349],[13.763575,51.1133],[13.763686,51.113213],[13.76379,51.113117],[13.763962,51.112982],[13.764108,51.112854],[13.764202,51.112777],[13.764241,51.112744],[13.764322,51.112679],[13.764421,51.112604],[13.764533,51.112536],[13.764561,51.112521],[13.764622,51.112488],[13.764711,51.112459],[13.764943,51.112406],[13.765056,51.112386],[13.76499,51.11221],[13.764945,51.112089],[13.764888,51.11199],[13.764873,51.111965],[13.764806,51.111824],[13.764726,51.111682],[13.764643,51.11154],[13.764554,51.111398],[13.764419,51.111269],[13.764295,51.111132],[13.764047,51.110905],[13.763922,51.110776],[13.763744,51.110628],[13.763456,51.110372],[13.763244,51.110179],[13.762996,51.109948],[13.762868,51.109737],[13.762837,51.109686],[13.762769,51.109465],[13.762765,51.109407],[13.762757,51.109283],[13.762863,51.10836],[13.762888,51.108145],[13.762901,51.108056],[13.762992,51.107412],[13.763164,51.106061],[13.763182,51.105918],[13.763235,51.105518],[13.763243,51.105387],[13.763245,51.105294],[13.763236,51.105192],[13.76324,51.105036],[13.763102,51.105098],[13.762767,51.105212],[13.762546,51.105274],[13.762359,51.105326],[13.76221,51.105377],[13.762095,51.105418],[13.762056,51.105438],[13.761988,51.105473],[13.761827,51.10557],[13.761655,51.105717],[13.761526,51.105825],[13.761359,51.105968],[13.761177,51.106126],[13.760921,51.106316],[13.760651,51.10651],[13.760282,51.106764],[13.760034,51.106884],[13.760033,51.106884],[13.759829,51.106985],[13.759593,51.107098],[13.759511,51.107137],[13.759315,51.10723],[13.759165,51.107288],[13.758908,51.107395],[13.758623,51.107487],[13.758402,51.107536],[13.758351,51.107547],[13.758083,51.107604],[13.757674,51.107678],[13.757523,51.107697],[13.757476,51.1077],[13.757354,51.107708],[13.7573,51.107748],[13.757167,51.107784],[13.7569,51.107864],[13.756678,51.10791],[13.75657,51.107933],[13.756306,51.107987],[13.756103,51.108061],[13.755982,51.108062],[13.755732,51.108078],[13.755452,51.108113],[13.755264,51.108134],[13.755091,51.108161],[13.754978,51.10818],[13.754703,51.108257],[13.754479,51.108335],[13.754437,51.108358],[13.75441,51.108396],[13.754277,51.108364],[13.754187,51.108397],[13.753846,51.108541],[13.753605,51.108638],[13.753367,51.108736],[13.753341,51.108745],[13.753062,51.108901],[13.752769,51.109053],[13.752604,51.109147],[13.752487,51.109198],[13.752151,51.109327],[13.751978,51.109395],[13.751663,51.109505],[13.75156,51.109541],[13.751497,51.109565],[13.751375,51.109398],[13.751106,51.109315],[13.751003,51.109253],[13.750969,51.109275],[13.750931,51.109296],[13.750834,51.10923],[13.750407,51.109101],[13.750343,51.109083],[13.749971,51.108932],[13.749781,51.108855],[13.749462,51.108868],[13.749212,51.10888],[13.748937,51.108894],[13.748765,51.108897],[13.748688,51.108972],[13.748596,51.108937],[13.748511,51.108916],[13.748369,51.108909],[13.748259,51.108915],[13.747992,51.108933],[13.747628,51.108774],[13.74759,51.108754],[13.747532,51.108728],[13.747163,51.108615],[13.746827,51.108513],[13.746546,51.10854],[13.746496,51.108545],[13.746283,51.108565],[13.745682,51.108162],[13.745287,51.107898],[13.744904,51.107697],[13.744681,51.107602],[13.744344,51.107482],[13.743616,51.107423],[13.742714,51.107384],[13.741905,51.107173],[13.741285,51.106835],[13.740584,51.106919],[13.739897,51.107001],[13.739309,51.106981],[13.738646,51.107018],[13.737992,51.107054],[13.737798,51.107043],[13.737574,51.107022],[13.737076,51.107238],[13.736582,51.107451],[13.736683,51.107835],[13.736757,51.108113],[13.736785,51.108219],[13.736816,51.108337],[13.736825,51.108368],[13.736734,51.108438],[13.73686,51.108504],[13.736875,51.10856],[13.736896,51.108636],[13.736921,51.108733],[13.736647,51.108729],[13.736525,51.108665],[13.736294,51.108846],[13.736171,51.108782],[13.736132,51.108762],[13.735893,51.108641],[13.735788,51.108588],[13.73537,51.108406],[13.734996,51.108185],[13.734645,51.10802],[13.73462,51.108009],[13.734496,51.107959],[13.734486,51.107945],[13.734478,51.107952],[13.734213,51.107845],[13.734087,51.107803],[13.733804,51.108148],[13.733768,51.108195],[13.733467,51.108597],[13.733274,51.108694],[13.733025,51.108995],[13.73302,51.109002],[13.732893,51.108961],[13.732871,51.108962],[13.732847,51.108785],[13.732788,51.108673],[13.732708,51.108598],[13.73259,51.108517],[13.73242,51.108384],[13.73197,51.107946],[13.731836,51.107807],[13.731742,51.107678],[13.731696,51.107574],[13.731681,51.107383],[13.731708,51.107172],[13.731673,51.106976],[13.731487,51.106723],[13.731235,51.106457],[13.730891,51.106235],[13.730392,51.106007],[13.729752,51.105747],[13.729299,51.105561],[13.728719,51.105356],[13.728151,51.105101],[13.728115,51.105094],[13.727827,51.105422],[13.727395,51.105914],[13.726986,51.106415],[13.726976,51.106415],[13.726882,51.106421],[13.726737,51.106429],[13.726719,51.106614],[13.726711,51.106844],[13.726703,51.107045],[13.726695,51.107226],[13.726688,51.107407],[13.726666,51.107409],[13.726573,51.107419],[13.726473,51.10743],[13.726256,51.107453],[13.726024,51.107478],[13.725997,51.107481],[13.725827,51.107488],[13.72544,51.107502],[13.725414,51.107504],[13.725292,51.107519],[13.725154,51.107536],[13.725031,51.107552],[13.724874,51.107568],[13.724503,51.107616],[13.724252,51.1076],[13.723815,51.107571],[13.723582,51.107555],[13.723569,51.10742],[13.723442,51.107379],[13.723506,51.107302],[13.723541,51.107182],[13.7234,51.107168],[13.723263,51.107254],[13.723094,51.107366],[13.722935,51.107466],[13.723032,51.107769],[13.723163,51.107805],[13.723062,51.107949],[13.72289,51.108157],[13.722787,51.108264],[13.722666,51.108216],[13.722453,51.108262],[13.721699,51.108424],[13.721669,51.108427],[13.721656,51.108428],[13.721608,51.108434],[13.721604,51.108434],[13.721178,51.10848],[13.72116,51.108482],[13.721076,51.10851],[13.720966,51.108546],[13.720798,51.1086],[13.720652,51.108647],[13.720525,51.108694],[13.720337,51.108754],[13.720146,51.108817],[13.720056,51.108857],[13.720043,51.108863],[13.720039,51.108864],[13.71994,51.108904],[13.719902,51.108922],[13.719804,51.108966],[13.719768,51.108981],[13.719744,51.108992],[13.719741,51.108992],[13.719732,51.108996],[13.719516,51.108986],[13.719498,51.108985],[13.719415,51.10898],[13.718771,51.10896],[13.718732,51.108959],[13.718601,51.109321],[13.718478,51.109518],[13.718335,51.109746],[13.718159,51.109915],[13.717961,51.110106],[13.717454,51.11039],[13.717436,51.11037],[13.717352,51.110298],[13.717043,51.109924],[13.716739,51.110011],[13.716501,51.110081],[13.716188,51.110173],[13.71533,51.11042],[13.715327,51.110964],[13.715321,51.111657],[13.714397,51.111842],[13.713515,51.11202],[13.713405,51.11115],[13.713386,51.110997],[13.713257,51.110958],[13.713355,51.110833],[13.713445,51.110757],[13.713454,51.110751],[13.713346,51.110692],[13.713326,51.110514],[13.713179,51.109993],[13.713114,51.109781],[13.71283,51.109832],[13.712534,51.109893],[13.712233,51.10995],[13.711469,51.110089],[13.711506,51.111217],[13.711522,51.111296],[13.711528,51.11132],[13.711548,51.111418],[13.711563,51.111498],[13.711578,51.111583],[13.711443,51.111641],[13.711229,51.111727],[13.711051,51.111801],[13.710885,51.111869],[13.710884,51.11187],[13.710522,51.111679],[13.710198,51.111512],[13.709775,51.111675],[13.708937,51.111991],[13.708366,51.111965],[13.708109,51.111954],[13.707997,51.11201],[13.707947,51.111972],[13.707915,51.111997],[13.707948,51.112015],[13.707917,51.112361],[13.707923,51.112516],[13.707888,51.112654],[13.707661,51.1129],[13.707615,51.11295],[13.707577,51.113012],[13.707559,51.113077],[13.707545,51.113153],[13.707488,51.113275],[13.707454,51.113356],[13.70743,51.113377],[13.707388,51.1134],[13.707226,51.113427],[13.706919,51.113598],[13.706919,51.113614],[13.70694,51.113677],[13.706951,51.113708],[13.706952,51.113714],[13.706982,51.113795],[13.706994,51.113834],[13.707019,51.113917],[13.70707,51.114071],[13.707081,51.114106],[13.707086,51.114132],[13.707093,51.114165],[13.707101,51.114194],[13.707127,51.114284],[13.707161,51.114416],[13.707169,51.114542],[13.707178,51.114669],[13.707182,51.114707],[13.707184,51.114792],[13.707195,51.11488],[13.707193,51.114916],[13.707198,51.115034],[13.707202,51.115054],[13.707203,51.115128],[13.707206,51.115168],[13.707207,51.115221],[13.707208,51.115238],[13.707212,51.115297],[13.707211,51.115366],[13.707207,51.115398],[13.707203,51.115414],[13.707199,51.115451],[13.707192,51.115537],[13.707181,51.11563],[13.707167,51.115709],[13.707175,51.115776],[13.707182,51.11585],[13.707119,51.11594],[13.707053,51.116035],[13.707042,51.116052],[13.706994,51.116187],[13.70699,51.116239],[13.706982,51.116342],[13.706974,51.116446],[13.707012,51.116572],[13.707042,51.116669],[13.707057,51.116694],[13.707059,51.116698],[13.707129,51.116811],[13.707206,51.116938],[13.707282,51.117063],[13.70733,51.117137],[13.707336,51.117148],[13.707354,51.1172],[13.707376,51.117269],[13.70739,51.117315],[13.707362,51.117403],[13.707319,51.117523],[13.707312,51.117539],[13.707324,51.117696],[13.707323,51.117766],[13.707325,51.117845],[13.707319,51.117975],[13.707322,51.11799],[13.707375,51.118119],[13.707397,51.11819],[13.707414,51.118235],[13.707416,51.118242],[13.707426,51.118269],[13.707442,51.118287],[13.707468,51.11834],[13.70757,51.118523],[13.707705,51.118722],[13.70776,51.118814],[13.707848,51.118952],[13.707924,51.119061],[13.70817,51.119457],[13.708178,51.119474],[13.70836,51.119787],[13.708369,51.119796],[13.708458,51.119947],[13.708546,51.120096],[13.708652,51.120283],[13.70874,51.120447],[13.708912,51.120785],[13.709026,51.120979],[13.709117,51.121167],[13.709279,51.121416],[13.709296,51.121441],[13.709354,51.121532],[13.709387,51.121584],[13.709421,51.121629],[13.709454,51.121671],[13.709603,51.121842],[13.709676,51.121926],[13.709752,51.122027],[13.709878,51.122173],[13.7099,51.122199],[13.709959,51.122263],[13.709963,51.12227],[13.710106,51.122449],[13.710207,51.122555],[13.710256,51.122624],[13.710391,51.122812],[13.710368,51.122817],[13.710323,51.122827],[13.70979,51.122952],[13.70923,51.123082],[13.708943,51.123149],[13.708798,51.123183],[13.708922,51.123348],[13.709207,51.123763],[13.709578,51.124287],[13.710086,51.125016],[13.710104,51.12504],[13.710117,51.125059],[13.710136,51.125056],[13.710363,51.125576],[13.710444,51.125559],[13.710525,51.125542],[13.710594,51.125529],[13.710662,51.125518],[13.710738,51.125505],[13.710774,51.1255],[13.710858,51.125493],[13.710929,51.125492],[13.711,51.125495],[13.711071,51.125502],[13.71114,51.125513],[13.71121,51.125529],[13.711296,51.125557],[13.711353,51.125581],[13.711374,51.12559],[13.711417,51.125612],[13.711453,51.125634],[13.7115,51.125668],[13.711542,51.125705],[13.711579,51.125743],[13.711609,51.125784],[13.711633,51.125826],[13.71165,51.12587],[13.711661,51.125916],[13.711669,51.125967],[13.711684,51.126057],[13.711712,51.126226],[13.711719,51.126235],[13.711735,51.126243],[13.711744,51.126251],[13.711749,51.126262],[13.71182,51.126686],[13.711829,51.12674],[13.711899,51.127164],[13.711898,51.127178],[13.711888,51.127189],[13.711877,51.1272],[13.711875,51.127208],[13.71195,51.127656],[13.711963,51.127726],[13.711982,51.127806],[13.711998,51.127859],[13.712028,51.127938],[13.712051,51.127989],[13.712075,51.128041],[13.712106,51.1281],[13.712182,51.128243],[13.712259,51.128388],[13.712519,51.128877],[13.712536,51.128902],[13.712555,51.128921],[13.712588,51.128938],[13.712622,51.128944],[13.712658,51.128945],[13.712694,51.128943],[13.712729,51.128939],[13.712768,51.128933],[13.712257,51.12904],[13.711735,51.129151],[13.711776,51.129206],[13.711823,51.12927],[13.712448,51.12982],[13.7125,51.129865],[13.712679,51.130018],[13.713043,51.13033],[13.71355,51.130777],[13.713583,51.130806],[13.713596,51.130817],[13.713469,51.13091],[13.713388,51.130962],[13.713252,51.131051],[13.713137,51.131122],[13.713034,51.131186],[13.712919,51.131271],[13.712889,51.131319],[13.712859,51.131368],[13.712922,51.131443],[13.712946,51.131446],[13.712978,51.131476],[13.71296,51.131499],[13.713045,51.131549],[13.713106,51.131596],[13.713164,51.131647],[13.713269,51.131754],[13.71333,51.131826],[13.713385,51.131906],[13.713427,51.131991],[13.713491,51.132124],[13.713497,51.132137],[13.713503,51.132194],[13.713455,51.132243],[13.713271,51.132327],[13.713165,51.132372],[13.712989,51.132413],[13.712802,51.13252],[13.712757,51.132594],[13.712712,51.132742],[13.712702,51.132774],[13.712686,51.132839],[13.712638,51.133006],[13.712617,51.133088],[13.712579,51.133164],[13.712561,51.13324],[13.712531,51.133324],[13.712532,51.133357],[13.71273,51.133832],[13.712785,51.133978],[13.712826,51.13404],[13.712865,51.134082],[13.712903,51.134111],[13.712956,51.134145],[13.713019,51.134173],[13.713036,51.134178],[13.713091,51.134186],[13.713106,51.134188],[13.713116,51.13419],[13.713141,51.134197],[13.713398,51.134287],[13.713809,51.134432],[13.713905,51.134459],[13.714032,51.134478],[13.714287,51.134511],[13.71451,51.134553],[13.714934,51.134641],[13.71506,51.134675],[13.715531,51.134805],[13.715823,51.134889],[13.716356,51.135041],[13.716442,51.135074],[13.716521,51.135117],[13.716714,51.135284],[13.716798,51.135342],[13.716861,51.135376],[13.716938,51.135415],[13.717455,51.13566],[13.717508,51.135694],[13.718061,51.136105],[13.718116,51.136149],[13.718148,51.136207],[13.718161,51.136231],[13.718352,51.1366],[13.718402,51.136686],[13.718405,51.136693],[13.718458,51.136811],[13.718481,51.136869],[13.718601,51.137013],[13.718564,51.137058],[13.718585,51.137158],[13.718615,51.137244],[13.718581,51.137348],[13.718537,51.137433],[13.718501,51.137484],[13.718634,51.137621],[13.718651,51.137641],[13.71867,51.137665],[13.718727,51.137726],[13.718797,51.137812],[13.718935,51.137944],[13.719117,51.138141],[13.719116,51.138141],[13.719085,51.13816],[13.719245,51.138316],[13.719477,51.138586],[13.719815,51.138964],[13.719881,51.139037],[13.720039,51.139207],[13.720524,51.139758],[13.720693,51.139956],[13.721065,51.139813]]]}},{"type":"Feature","id":"dresden-43","properties":{"city":"Dresden","state":"Sachsen","code":"43","name":"Hosterwitz/Pillnitz mit Niederpoyritz, Oberpoyritz und Söbrigen","name_atlas":"Niederpoyritz/Hosterwitz/Pillnitz/Oberpoyritz/Söbrigen","population_est":3325,"crime_total":{"cases":89,"rate":2677.0},"homicide":{"cases":0,"rate":0.0},"sexual":{"cases":2,"rate":60.2},"violence_proxy":{"cases":12,"rate":360.9},"property_total":{"cases":34,"rate":1022.6},"simple_theft":{"cases":14,"rate":421.1},"aggravated_theft":{"cases":20,"rate":601.5},"fraud":{"cases":16,"rate":481.2},"other_stgb":{"cases":23,"rate":691.7},"secondary_law":{"cases":2,"rate":60.2}},"geometry":{"type":"Polygon","coordinates":[[[13.843149,51.035343],[13.843089,51.035219],[13.843104,51.035022],[13.843107,51.03476],[13.843509,51.034701],[13.843519,51.034683],[13.843234,51.034415],[13.842998,51.034173],[13.842938,51.03411],[13.842704,51.034002],[13.842528,51.033921],[13.842384,51.033864],[13.842371,51.033859],[13.842353,51.033852],[13.842083,51.033746],[13.84207,51.033749],[13.841994,51.03371],[13.842352,51.033458],[13.842435,51.0334],[13.842449,51.03339],[13.842467,51.03338],[13.842596,51.033321],[13.842632,51.033304],[13.842645,51.033298],[13.842647,51.033297],[13.84299,51.033179],[13.84316,51.033121],[13.843631,51.033046],[13.843646,51.032966],[13.8437,51.032883],[13.843726,51.032889],[13.84378,51.032906],[13.843865,51.03293],[13.843889,51.032936],[13.844026,51.03296],[13.844118,51.03299],[13.844179,51.033012],[13.844198,51.033018],[13.844231,51.033027],[13.844315,51.033034],[13.844325,51.033124],[13.844336,51.033139],[13.844411,51.033166],[13.844538,51.03318],[13.844633,51.033271],[13.844684,51.033373],[13.84486,51.033512],[13.845053,51.033532],[13.845149,51.03357],[13.845188,51.033585],[13.845259,51.03364],[13.845306,51.033697],[13.845337,51.03373],[13.845731,51.033842],[13.845865,51.033879],[13.846109,51.033905],[13.846355,51.03393],[13.846538,51.034069],[13.846653,51.034131],[13.846727,51.034175],[13.846844,51.034287],[13.846887,51.034292],[13.846932,51.034297],[13.846992,51.034306],[13.847111,51.034326],[13.847606,51.03438],[13.847763,51.034437],[13.848012,51.034472],[13.84803,51.03409],[13.848055,51.033975],[13.848039,51.033886],[13.848043,51.033885],[13.848075,51.033883],[13.848081,51.033883],[13.84808,51.033872],[13.848066,51.033689],[13.847865,51.033667],[13.847609,51.033547],[13.847589,51.033537],[13.847537,51.033513],[13.847532,51.033509],[13.847449,51.033451],[13.847339,51.033373],[13.847237,51.03335],[13.847177,51.033336],[13.847119,51.033324],[13.846952,51.033266],[13.846928,51.033258],[13.846877,51.03324],[13.846722,51.033187],[13.846701,51.03318],[13.846832,51.032889],[13.846844,51.032863],[13.847063,51.03276],[13.8471,51.032735],[13.847101,51.032734],[13.847181,51.032678],[13.847206,51.032661],[13.847275,51.032613],[13.847276,51.032418],[13.847277,51.032375],[13.847549,51.03222],[13.847638,51.032077],[13.847663,51.032037],[13.847719,51.03192],[13.847776,51.031841],[13.84778,51.031839],[13.847833,51.031801],[13.848028,51.031666],[13.848182,51.031562],[13.848273,51.031488],[13.848274,51.031487],[13.848345,51.031409],[13.848435,51.031397],[13.848442,51.031397],[13.848453,51.031308],[13.848537,51.031231],[13.848657,51.031122],[13.848743,51.031048],[13.848744,51.031046],[13.848896,51.030892],[13.849115,51.030805],[13.849135,51.030802],[13.849365,51.030769],[13.849436,51.030762],[13.849574,51.030738],[13.849577,51.030747],[13.849717,51.03073],[13.849953,51.030698],[13.849971,51.030694],[13.850338,51.030611],[13.850606,51.03052],[13.850635,51.03051],[13.850744,51.030473],[13.850756,51.030469],[13.850919,51.030415],[13.851039,51.030358],[13.851174,51.030329],[13.851159,51.030303],[13.851015,51.030198],[13.85084,51.030088],[13.850765,51.030028],[13.850687,51.02987],[13.850686,51.029867],[13.850518,51.029523],[13.850456,51.029414],[13.850456,51.029298],[13.85053,51.029164],[13.850537,51.029151],[13.850538,51.02915],[13.850696,51.028987],[13.850798,51.028881],[13.850877,51.028799],[13.850873,51.028729],[13.850855,51.028699],[13.850988,51.028668],[13.851015,51.028553],[13.851048,51.028413],[13.85113,51.028118],[13.851173,51.028026],[13.851108,51.027946],[13.85117,51.027904],[13.851276,51.027965],[13.851281,51.027967],[13.85157,51.028045],[13.851576,51.028046],[13.851634,51.028062],[13.851811,51.028111],[13.851965,51.028153],[13.851987,51.027995],[13.852008,51.027974],[13.852209,51.027841],[13.852374,51.027742],[13.852404,51.027738],[13.852371,51.027711],[13.852299,51.027652],[13.852247,51.027611],[13.852051,51.027451],[13.85203,51.027434],[13.852013,51.027419],[13.852044,51.02741],[13.852303,51.027336],[13.852322,51.027337],[13.852595,51.027338],[13.852643,51.027345],[13.852799,51.027368],[13.853047,51.027403],[13.853384,51.027504],[13.853834,51.027634],[13.853978,51.02767],[13.854107,51.027692],[13.854147,51.027699],[13.854366,51.027736],[13.854739,51.027771],[13.854796,51.02777],[13.854792,51.02768],[13.854881,51.027594],[13.854656,51.027523],[13.854605,51.027466],[13.854575,51.027433],[13.854517,51.027387],[13.854718,51.02723],[13.855015,51.026991],[13.855652,51.026686],[13.856148,51.026567],[13.856293,51.026398],[13.856506,51.026178],[13.856693,51.025893],[13.857001,51.025562],[13.857067,51.025506],[13.857111,51.025449],[13.857407,51.025153],[13.857806,51.024692],[13.858144,51.024487],[13.858764,51.024113],[13.859101,51.023985],[13.859496,51.023878],[13.859607,51.023827],[13.859777,51.023734],[13.86014,51.023519],[13.860366,51.023359],[13.860525,51.023283],[13.860785,51.023153],[13.860989,51.023048],[13.861088,51.023],[13.861394,51.022743],[13.861471,51.022583],[13.861679,51.022491],[13.861875,51.022405],[13.86225,51.022185],[13.862381,51.022068],[13.862404,51.022054],[13.862442,51.022031],[13.862788,51.021823],[13.862912,51.021778],[13.862901,51.021767],[13.86289,51.021754],[13.862884,51.021746],[13.86301,51.021704],[13.863192,51.021616],[13.863598,51.02134],[13.863922,51.021168],[13.86401,51.021122],[13.86416,51.021042],[13.864298,51.020963],[13.864336,51.020982],[13.864385,51.020949],[13.864548,51.02104],[13.864817,51.021149],[13.86488,51.021175],[13.864934,51.021187],[13.864937,51.021188],[13.865079,51.021196],[13.865086,51.021141],[13.865154,51.021151],[13.865266,51.021168],[13.865324,51.021179],[13.865348,51.021184],[13.865499,51.021205],[13.865584,51.02121],[13.865719,51.021216],[13.865861,51.021217],[13.865901,51.021218],[13.865941,51.021221],[13.866016,51.021228],[13.866064,51.021237],[13.866239,51.021287],[13.866325,51.021304],[13.866396,51.021311],[13.866415,51.021222],[13.866472,51.021143],[13.866519,51.021079],[13.866716,51.020796],[13.866909,51.020494],[13.867237,51.020275],[13.86729,51.020231],[13.867369,51.020166],[13.867408,51.020131],[13.86764,51.019921],[13.867572,51.019865],[13.867471,51.019778],[13.867538,51.019524],[13.867406,51.019339],[13.867252,51.019088],[13.867366,51.01894],[13.867675,51.018766],[13.867683,51.01864],[13.867968,51.018458],[13.867964,51.018323],[13.867966,51.018247],[13.86819,51.018133],[13.868363,51.017982],[13.868747,51.018031],[13.868967,51.017999],[13.869099,51.017938],[13.86941,51.017818],[13.869409,51.017817],[13.869196,51.017582],[13.86934,51.017484],[13.869546,51.017343],[13.869939,51.017349],[13.870207,51.017513],[13.87021,51.017512],[13.870467,51.017447],[13.870508,51.017436],[13.870941,51.017301],[13.871117,51.017171],[13.871097,51.016887],[13.871088,51.016761],[13.871,51.01658],[13.871126,51.016531],[13.871239,51.016498],[13.871329,51.016466],[13.871653,51.016307],[13.871712,51.016146],[13.872579,51.015594],[13.872611,51.015574],[13.872775,51.015525],[13.872933,51.015478],[13.873292,51.015369],[13.873428,51.015329],[13.87397,51.015432],[13.874421,51.015634],[13.874454,51.016034],[13.874534,51.016271],[13.87444,51.016339],[13.87452,51.016384],[13.874744,51.016533],[13.874744,51.016533],[13.874812,51.016579],[13.874898,51.016688],[13.874935,51.016754],[13.875,51.016925],[13.875066,51.017066],[13.875112,51.017122],[13.875119,51.017059],[13.875115,51.017002],[13.875066,51.016747],[13.875207,51.016737],[13.87529,51.01681],[13.875731,51.017223],[13.875877,51.017502],[13.875913,51.01757],[13.876462,51.017861],[13.876483,51.017842],[13.876732,51.017622],[13.876957,51.017423],[13.876972,51.017409],[13.877,51.017385],[13.877079,51.01731],[13.877103,51.01732],[13.877176,51.017242],[13.877302,51.017156],[13.877494,51.017026],[13.877516,51.017012],[13.877533,51.017],[13.877967,51.016749],[13.877984,51.01673],[13.878005,51.016707],[13.878154,51.016538],[13.878296,51.016306],[13.878412,51.016332],[13.878515,51.016342],[13.87856,51.016363],[13.878651,51.016392],[13.878757,51.016423],[13.878796,51.016459],[13.878881,51.016488],[13.878884,51.016488],[13.878947,51.016489],[13.879,51.016524],[13.879036,51.016537],[13.879071,51.01657],[13.879242,51.016653],[13.879304,51.016682],[13.879375,51.016685],[13.879491,51.016689],[13.879548,51.016679],[13.87963,51.016645],[13.879652,51.016649],[13.879665,51.016645],[13.879764,51.016641],[13.879862,51.016676],[13.879905,51.016686],[13.880021,51.016718],[13.880066,51.016746],[13.880138,51.016776],[13.880157,51.01678],[13.880392,51.016809],[13.880448,51.016806],[13.880501,51.01682],[13.880556,51.016846],[13.8806,51.016859],[13.880836,51.016927],[13.880936,51.016914],[13.880976,51.016908],[13.881035,51.016894],[13.881125,51.01687],[13.88123,51.016829],[13.881272,51.016814],[13.881537,51.016795],[13.881547,51.016793],[13.881553,51.016794],[13.881617,51.016789],[13.881728,51.016792],[13.88174,51.016791],[13.881803,51.016782],[13.881845,51.016775],[13.881881,51.016771],[13.881901,51.016768],[13.88195,51.016761],[13.881971,51.01675],[13.881986,51.016742],[13.881994,51.016738],[13.882031,51.01672],[13.882068,51.016728],[13.882081,51.016729],[13.882173,51.016731],[13.8822,51.016734],[13.882225,51.016749],[13.882241,51.016765],[13.882308,51.016767],[13.882375,51.016764],[13.882411,51.016793],[13.882493,51.016804],[13.882604,51.016832],[13.882646,51.016853],[13.882676,51.016867],[13.882688,51.016884],[13.882703,51.016893],[13.882708,51.016913],[13.88272,51.016929],[13.882726,51.016978],[13.882768,51.017036],[13.882843,51.017076],[13.882886,51.017098],[13.88295,51.017138],[13.883002,51.017152],[13.883054,51.017168],[13.883141,51.017206],[13.883162,51.017214],[13.883188,51.017227],[13.883206,51.017263],[13.883205,51.017288],[13.883217,51.017319],[13.88323,51.017354],[13.88328,51.017404],[13.883275,51.017446],[13.883282,51.017483],[13.88329,51.017506],[13.883317,51.017556],[13.883311,51.017616],[13.883311,51.01764],[13.883325,51.01768],[13.883357,51.017722],[13.883427,51.01777],[13.88345,51.017786],[13.883463,51.017819],[13.883506,51.017817],[13.883555,51.017832],[13.883594,51.017839],[13.883648,51.017843],[13.883702,51.017841],[13.883791,51.01784],[13.883851,51.01782],[13.883951,51.017826],[13.88399,51.017815],[13.884039,51.01782],[13.88414,51.017803],[13.884191,51.017809],[13.88431,51.017815],[13.884376,51.017818],[13.884588,51.017825],[13.884643,51.017825],[13.884771,51.01783],[13.884804,51.017833],[13.884955,51.017849],[13.88498,51.017878],[13.884971,51.017898],[13.885007,51.017937],[13.885064,51.017967],[13.885099,51.017974],[13.88514,51.01797],[13.885162,51.01799],[13.885184,51.017987],[13.885253,51.017967],[13.885345,51.017912],[13.885368,51.017899],[13.885475,51.017849],[13.885514,51.017858],[13.885606,51.017889],[13.885653,51.017876],[13.885689,51.01783],[13.885773,51.017827],[13.885879,51.017848],[13.885952,51.017838],[13.886047,51.017848],[13.886077,51.017853],[13.886103,51.017873],[13.886273,51.017885],[13.886411,51.0179],[13.886457,51.017955],[13.886461,51.01797],[13.886486,51.017972],[13.886707,51.017997],[13.886839,51.017983],[13.886909,51.017974],[13.886991,51.017992],[13.887015,51.018024],[13.887053,51.018029],[13.88722,51.017999],[13.887427,51.017961],[13.887705,51.01791],[13.887729,51.017912],[13.888002,51.017927],[13.888867,51.017903],[13.888895,51.017898],[13.888982,51.017909],[13.889075,51.017908],[13.889131,51.017928],[13.889232,51.017937],[13.889269,51.017949],[13.889307,51.017949],[13.889347,51.017963],[13.889397,51.017964],[13.889476,51.018037],[13.889539,51.018069],[13.889564,51.01809],[13.889641,51.018114],[13.889671,51.018072],[13.88974,51.01797],[13.889781,51.017908],[13.889847,51.017797],[13.889876,51.01776],[13.889911,51.017673],[13.889931,51.017676],[13.889965,51.017589],[13.889965,51.017429],[13.889959,51.0173],[13.890073,51.017246],[13.890086,51.017238],[13.890136,51.017234],[13.89012,51.017145],[13.890147,51.017054],[13.89021,51.016918],[13.890274,51.01682],[13.89027,51.016817],[13.889948,51.016534],[13.889705,51.01632],[13.889451,51.016089],[13.889076,51.015934],[13.888912,51.015685],[13.88872,51.01547],[13.888824,51.015346],[13.888929,51.015286],[13.889119,51.014838],[13.889149,51.014769],[13.889311,51.014388],[13.889504,51.013932],[13.889548,51.013827],[13.889696,51.013479],[13.889764,51.013318],[13.889865,51.013081],[13.889846,51.012992],[13.889882,51.012989],[13.890132,51.012979],[13.89043,51.01298],[13.890508,51.012985],[13.890521,51.012895],[13.891112,51.01272],[13.891631,51.012566],[13.891768,51.012526],[13.891804,51.012515],[13.89195,51.012472],[13.892157,51.012411],[13.892528,51.012301],[13.892674,51.012586],[13.892794,51.01282],[13.892832,51.012907],[13.892873,51.0129],[13.892834,51.012813],[13.892745,51.012636],[13.892716,51.012578],[13.892566,51.012288],[13.892538,51.012229],[13.892532,51.012217],[13.892449,51.012041],[13.89235,51.011794],[13.892709,51.011645],[13.893047,51.011508],[13.893089,51.011491],[13.892878,51.01127],[13.893189,51.011119],[13.893259,51.011145],[13.893419,51.011106],[13.893637,51.011054],[13.893465,51.010718],[13.893629,51.010702],[13.893762,51.010692],[13.893787,51.01069],[13.894093,51.010672],[13.894322,51.010658],[13.89477,51.010594],[13.894919,51.010578],[13.895098,51.010863],[13.895238,51.010855],[13.895373,51.010833],[13.895745,51.010697],[13.89597,51.010614],[13.896202,51.01052],[13.896352,51.010488],[13.89638,51.010483],[13.896402,51.010479],[13.896478,51.010465],[13.896508,51.010459],[13.896746,51.010409],[13.896785,51.0104],[13.897,51.010355],[13.89723,51.010311],[13.897467,51.010266],[13.897713,51.010242],[13.897819,51.010232],[13.898189,51.010177],[13.898214,51.010173],[13.89849,51.010127],[13.898711,51.010087],[13.898914,51.01005],[13.899202,51.01],[13.899221,51.009996],[13.899284,51.009985],[13.899446,51.009957],[13.89956,51.009935],[13.899658,51.009917],[13.899985,51.009856],[13.900374,51.009792],[13.900545,51.009764],[13.900979,51.009694],[13.901039,51.009863],[13.901081,51.009981],[13.901175,51.010251],[13.901217,51.010337],[13.901269,51.01042],[13.901315,51.010497],[13.901405,51.010638],[13.901465,51.010732],[13.901667,51.010682],[13.902018,51.01058],[13.902483,51.010437],[13.902584,51.010408],[13.902792,51.010456],[13.903068,51.010488],[13.903076,51.010596],[13.903358,51.010725],[13.903079,51.010764],[13.902648,51.010838],[13.902226,51.010947],[13.901722,51.011066],[13.901728,51.011078],[13.90192,51.011487],[13.901922,51.011496],[13.901963,51.01168],[13.902028,51.011903],[13.902037,51.011944],[13.902005,51.012031],[13.902019,51.012033],[13.902224,51.012078],[13.902268,51.01209],[13.902339,51.012113],[13.902499,51.012175],[13.902779,51.012272],[13.902857,51.012291],[13.90295,51.0123],[13.902996,51.012298],[13.90314,51.012289],[13.903266,51.012288],[13.903399,51.012287],[13.903507,51.012287],[13.90368,51.012291],[13.903851,51.012296],[13.904087,51.012339],[13.904336,51.012394],[13.904416,51.012423],[13.904476,51.012454],[13.904494,51.012472],[13.904615,51.012425],[13.904658,51.012428],[13.904855,51.012446],[13.904914,51.012451],[13.905253,51.012468],[13.905592,51.012466],[13.905607,51.01246],[13.905715,51.012413],[13.905824,51.012341],[13.90602,51.012156],[13.906168,51.012015],[13.90622,51.01188],[13.906522,51.011905],[13.906795,51.011939],[13.906974,51.011851],[13.907127,51.011777],[13.907365,51.011702],[13.907579,51.011598],[13.907892,51.01141],[13.907854,51.011364],[13.907842,51.011335],[13.907813,51.011284],[13.907786,51.011252],[13.907744,51.011232],[13.907744,51.011207],[13.907729,51.011169],[13.907699,51.011148],[13.907692,51.011114],[13.907613,51.011043],[13.907609,51.011008],[13.907584,51.010989],[13.907576,51.010957],[13.907505,51.010934],[13.907482,51.010897],[13.907434,51.010872],[13.907431,51.010829],[13.907354,51.010792],[13.907357,51.010765],[13.907297,51.010729],[13.907244,51.010677],[13.907239,51.010653],[13.907214,51.010608],[13.90719,51.010557],[13.907175,51.010515],[13.907152,51.010489],[13.907086,51.01045],[13.907064,51.010405],[13.907038,51.01039],[13.907025,51.01035],[13.906983,51.010326],[13.906978,51.010294],[13.906927,51.010267],[13.906916,51.01022],[13.906873,51.0102],[13.90685,51.010147],[13.906828,51.010094],[13.906774,51.010036],[13.906754,51.010003],[13.906721,51.009978],[13.906716,51.009941],[13.906687,51.009914],[13.90669,51.009879],[13.906659,51.00985],[13.906646,51.009822],[13.906605,51.009791],[13.906593,51.009749],[13.906568,51.009708],[13.906572,51.009675],[13.9066,51.009631],[13.906641,51.009594],[13.906667,51.009563],[13.90668,51.009531],[13.906741,51.009493],[13.906758,51.009458],[13.906784,51.009419],[13.906813,51.009389],[13.906816,51.009299],[13.906849,51.009249],[13.906946,51.009183],[13.907096,51.009104],[13.90721,51.009035],[13.907273,51.008962],[13.907278,51.008849],[13.907286,51.008737],[13.907259,51.008642],[13.907268,51.008549],[13.907325,51.008412],[13.90742,51.008221],[13.907459,51.008151],[13.907587,51.008024],[13.907605,51.007981],[13.907684,51.007895],[13.907822,51.007786],[13.907958,51.007627],[13.907987,51.007553],[13.908163,51.007284],[13.908216,51.0072],[13.908302,51.007066],[13.908365,51.007009],[13.908135,51.007116],[13.90799,51.00719],[13.908193,51.006927],[13.908381,51.006705],[13.908463,51.006575],[13.908641,51.006293],[13.90875,51.006104],[13.908817,51.005985],[13.908845,51.005934],[13.908904,51.005829],[13.908919,51.005802],[13.908934,51.005781],[13.909048,51.005619],[13.909127,51.005467],[13.909269,51.005168],[13.90928,51.005145],[13.909344,51.004991],[13.909359,51.004961],[13.909417,51.004842],[13.909404,51.004778],[13.909395,51.004734],[13.909384,51.00466],[13.909376,51.004605],[13.909282,51.004509],[13.909111,51.004386],[13.909104,51.004368],[13.909066,51.004282],[13.909048,51.004242],[13.909071,51.00416],[13.909073,51.004148],[13.909095,51.00406],[13.9091,51.003949],[13.909104,51.00387],[13.909105,51.003866],[13.909086,51.003802],[13.909078,51.003763],[13.909017,51.003704],[13.908952,51.0036],[13.908347,51.003393],[13.908326,51.003385],[13.908077,51.003294],[13.90808,51.00328],[13.908169,51.002934],[13.908213,51.002636],[13.908265,51.002375],[13.908275,51.002326],[13.908529,51.002286],[13.908592,51.002285],[13.908809,51.002282],[13.908921,51.002294],[13.909221,51.002322],[13.909368,51.002327],[13.909369,51.002282],[13.909371,51.002151],[13.909377,51.001977],[13.909379,51.001965],[13.909409,51.001974],[13.909473,51.001994],[13.909631,51.00198],[13.90976,51.001898],[13.909914,51.00185],[13.910015,51.001869],[13.910118,51.001875],[13.910187,51.001917],[13.910259,51.001921],[13.910335,51.001904],[13.910446,51.00193],[13.910496,51.001926],[13.910587,51.001939],[13.910632,51.001994],[13.910695,51.002024],[13.910689,51.002044],[13.910917,51.002059],[13.911057,51.001996],[13.910996,51.001749],[13.910946,51.001528],[13.910937,51.001496],[13.910874,51.001239],[13.910813,51.000986],[13.910802,51.000729],[13.910789,51.000456],[13.91078,51.000348],[13.910217,51.000452],[13.910218,51.000428],[13.910218,51.000406],[13.910206,51.00037],[13.910179,51.000176],[13.910141,50.999935],[13.910125,50.999827],[13.910106,50.999737],[13.910074,50.999589],[13.909804,50.99957],[13.90956,50.999555],[13.909415,50.999556],[13.909382,50.999556],[13.909309,50.999557],[13.909062,50.999559],[13.909097,50.999466],[13.909057,50.999449],[13.909015,50.999397],[13.90899,50.999398],[13.908718,50.99941],[13.908711,50.999411],[13.908341,50.999428],[13.908007,50.999444],[13.907826,50.999436],[13.90743,50.999433],[13.906981,50.999425],[13.9069,50.999423],[13.906859,50.999422],[13.906545,50.999415],[13.906404,50.999411],[13.906079,50.999403],[13.906082,50.999391],[13.906181,50.999012],[13.906278,50.998645],[13.906393,50.99821],[13.906302,50.998201],[13.906375,50.997937],[13.906195,50.997897],[13.906076,50.997872],[13.905809,50.997808],[13.905541,50.997748],[13.905319,50.997699],[13.905431,50.99751],[13.905529,50.997338],[13.905551,50.997305],[13.905097,50.997088],[13.905031,50.997055],[13.905,50.997039],[13.904959,50.997023],[13.904363,50.996699],[13.903463,50.996323],[13.903451,50.996318],[13.903123,50.99618],[13.903109,50.996178],[13.902434,50.996058],[13.901714,50.99593],[13.901548,50.995915],[13.901365,50.995898],[13.901048,50.995877],[13.900366,50.995824],[13.900364,50.995824],[13.900339,50.99582],[13.900304,50.99581],[13.900283,50.995806],[13.900185,50.99578],[13.900002,50.995732],[13.899998,50.995731],[13.898934,50.995537],[13.897792,50.995307],[13.897763,50.9953],[13.897724,50.995292],[13.897182,50.995194],[13.896798,50.995164],[13.896473,50.995138],[13.895735,50.995088],[13.895099,50.995045],[13.894989,50.995037],[13.894997,50.994704],[13.895008,50.994416],[13.895014,50.994327],[13.895633,50.994382],[13.896576,50.994459],[13.896614,50.994285],[13.896592,50.994058],[13.896623,50.993738],[13.896629,50.993678],[13.896678,50.993509],[13.8968,50.993359],[13.896741,50.99297],[13.895822,50.992961],[13.895485,50.992947],[13.894958,50.992922],[13.894107,50.992858],[13.89408,50.992806],[13.894241,50.992591],[13.894372,50.992291],[13.894447,50.992134],[13.894496,50.991967],[13.894556,50.99183],[13.894588,50.99175],[13.894604,50.991669],[13.894609,50.99149],[13.894782,50.990901],[13.894919,50.990418],[13.894921,50.990408],[13.894925,50.990392],[13.894863,50.990373],[13.893718,50.99003],[13.893202,50.989856],[13.892905,50.989755],[13.892232,50.989468],[13.892044,50.989387],[13.89149,50.989158],[13.890948,50.988935],[13.890929,50.988951],[13.890582,50.989241],[13.890019,50.989036],[13.889427,50.988819],[13.888895,50.988626],[13.888808,50.988595],[13.888551,50.988782],[13.888136,50.98905],[13.887764,50.989275],[13.887472,50.989433],[13.887045,50.989189],[13.886604,50.988931],[13.88716,50.98856],[13.887757,50.988181],[13.887741,50.988166],[13.887484,50.988001],[13.887242,50.987849],[13.887119,50.987773],[13.887035,50.987722],[13.88678,50.987586],[13.886306,50.987311],[13.885991,50.987151],[13.885829,50.98724],[13.885377,50.987438],[13.884883,50.98732],[13.884779,50.987295],[13.884435,50.987219],[13.884383,50.987208],[13.884363,50.987204],[13.884485,50.986984],[13.884212,50.986927],[13.884092,50.987137],[13.883948,50.987103],[13.883901,50.987094],[13.88298,50.986906],[13.882942,50.986899],[13.882806,50.987212],[13.88244,50.987882],[13.881992,50.988691],[13.881587,50.989342],[13.881085,50.990157],[13.88072,50.990715],[13.880258,50.991419],[13.879812,50.992085],[13.879344,50.992763],[13.878971,50.993354],[13.878522,50.993977],[13.878132,50.994573],[13.877697,50.995271],[13.877387,50.995793],[13.876764,50.99675],[13.876376,50.997452],[13.875861,50.99823],[13.875561,50.998705],[13.875287,50.999218],[13.874648,50.999811],[13.873902,51.000007],[13.873036,51.000522],[13.872295,51.001017],[13.871707,51.001394],[13.87137,51.001647],[13.870952,51.001961],[13.870316,51.002514],[13.869948,51.002887],[13.869613,51.003333],[13.869244,51.003787],[13.868907,51.00426],[13.868638,51.004876],[13.868259,51.005457],[13.867949,51.005894],[13.867527,51.006473],[13.867131,51.007117],[13.866761,51.007603],[13.866508,51.008062],[13.86643,51.008613],[13.865786,51.009019],[13.865739,51.009048],[13.865692,51.009077],[13.865645,51.009105],[13.865598,51.009134],[13.865551,51.009163],[13.865503,51.009191],[13.865456,51.00922],[13.865408,51.009248],[13.86536,51.009276],[13.865312,51.009305],[13.865264,51.009333],[13.865216,51.009361],[13.865168,51.009389],[13.86512,51.009417],[13.865071,51.009445],[13.865023,51.009472],[13.864974,51.0095],[13.864925,51.009528],[13.864876,51.009555],[13.864827,51.009583],[13.864778,51.00961],[13.864729,51.009637],[13.86468,51.009664],[13.86463,51.009692],[13.864581,51.009719],[13.864531,51.009746],[13.864481,51.009773],[13.864431,51.009799],[13.864381,51.009826],[13.864331,51.009853],[13.864281,51.009879],[13.864231,51.009906],[13.86418,51.009932],[13.86413,51.009959],[13.864079,51.009985],[13.864028,51.010011],[13.863978,51.010037],[13.863927,51.010063],[13.863876,51.010089],[13.863824,51.010115],[13.863773,51.010141],[13.863722,51.010166],[13.86367,51.010192],[13.863619,51.010218],[13.863567,51.010243],[13.863515,51.010268],[13.863463,51.010294],[13.863412,51.010319],[13.863359,51.010344],[13.863307,51.010369],[13.863255,51.010394],[13.863203,51.010419],[13.86315,51.010444],[13.863098,51.010468],[13.863045,51.010493],[13.862992,51.010517],[13.862939,51.010542],[13.862886,51.010566],[13.862833,51.01059],[13.86278,51.010615],[13.862727,51.010639],[13.862673,51.010663],[13.86262,51.010687],[13.862566,51.01071],[13.862232,51.010852],[13.86163,51.011108],[13.861079,51.011292],[13.860251,51.011545],[13.859379,51.011811],[13.858657,51.01203],[13.857928,51.012236],[13.857475,51.012394],[13.857269,51.012469],[13.856934,51.012596],[13.856563,51.012758],[13.856177,51.012927],[13.855744,51.013121],[13.855315,51.013327],[13.854852,51.013547],[13.854374,51.013794],[13.853973,51.014004],[13.853465,51.014283],[13.852625,51.01474],[13.852112,51.015028],[13.850724,51.015849],[13.849944,51.016348],[13.849286,51.016771],[13.848587,51.01731],[13.847996,51.017797],[13.847397,51.018351],[13.847093,51.01858],[13.84674,51.018835],[13.84608,51.019361],[13.845521,51.019821],[13.844978,51.020275],[13.844366,51.020848],[13.843692,51.021571],[13.84328,51.022059],[13.842626,51.022771],[13.842227,51.023468],[13.841906,51.023958],[13.841708,51.024235],[13.841556,51.024484],[13.841407,51.024814],[13.841255,51.02518],[13.841235,51.025227],[13.841215,51.025274],[13.841196,51.025322],[13.841177,51.025369],[13.841158,51.025416],[13.841139,51.025464],[13.841121,51.025512],[13.841104,51.025559],[13.841086,51.025607],[13.841069,51.025655],[13.841052,51.025702],[13.841036,51.02575],[13.84102,51.025798],[13.841004,51.025846],[13.840989,51.025894],[13.840973,51.025942],[13.840947,51.026013],[13.840921,51.026084],[13.840896,51.026155],[13.840871,51.026226],[13.840847,51.026297],[13.840823,51.026368],[13.8408,51.026439],[13.840777,51.02651],[13.840773,51.026522],[13.840622,51.027015],[13.840579,51.027158],[13.840031,51.029545],[13.839886,51.030073],[13.839697,51.030551],[13.839293,51.031095],[13.839216,51.031192],[13.83863,51.031788],[13.838244,51.03227],[13.838203,51.032316],[13.838986,51.032621],[13.839151,51.032685],[13.83933,51.032767],[13.839402,51.032797],[13.839514,51.032853],[13.839628,51.032907],[13.839666,51.032926],[13.839862,51.033069],[13.839972,51.033149],[13.840052,51.033208],[13.840055,51.03321],[13.840247,51.03335],[13.840355,51.033433],[13.840383,51.033454],[13.840468,51.033516],[13.84051,51.033547],[13.840837,51.033398],[13.841003,51.033593],[13.841065,51.033666],[13.841058,51.033857],[13.841028,51.033915],[13.840906,51.033961],[13.840654,51.034065],[13.840415,51.034176],[13.840243,51.034246],[13.840139,51.034295],[13.840226,51.034367],[13.840392,51.03451],[13.840443,51.034554],[13.840709,51.034783],[13.84072,51.034795],[13.840728,51.034803],[13.841086,51.035235],[13.841195,51.035236],[13.841426,51.035238],[13.841538,51.035236],[13.84206,51.035332],[13.842456,51.035432],[13.842608,51.035521],[13.842919,51.035568],[13.843014,51.035544],[13.843084,51.035527],[13.843141,51.035458],[13.843172,51.035385],[13.843149,51.035343]]]}},{"type":"Feature","id":"dresden-01","properties":{"city":"Dresden","state":"Sachsen","code":"01","name":"Innere Altstadt","name_atlas":"Innere Altstadt","population_est":2821,"crime_total":{"cases":2153,"rate":76320.0},"homicide":{"cases":0,"rate":0.0},"sexual":{"cases":20,"rate":709.0},"violence_proxy":{"cases":294,"rate":10421.8},"property_total":{"cases":1129,"rate":40021.3},"simple_theft":{"cases":828,"rate":29351.3},"aggravated_theft":{"cases":301,"rate":10670.0},"fraud":{"cases":321,"rate":11378.9},"other_stgb":{"cases":330,"rate":11698.0},"secondary_law":{"cases":59,"rate":2091.5}},"geometry":{"type":"Polygon","coordinates":[[[13.739681,51.046992],[13.73919,51.047018],[13.738417,51.047038],[13.738165,51.047042],[13.737949,51.047033],[13.737786,51.047019],[13.737538,51.046995],[13.737269,51.046966],[13.736899,51.046935],[13.736122,51.046835],[13.735399,51.046742],[13.734869,51.046667],[13.734866,51.046667],[13.734833,51.046664],[13.73438,51.046598],[13.734076,51.046536],[13.73371,51.046461],[13.73353,51.046435],[13.733508,51.046432],[13.733451,51.046423],[13.73342,51.046419],[13.733396,51.046586],[13.733402,51.046623],[13.733417,51.046706],[13.733443,51.046791],[13.733493,51.046845],[13.733506,51.046858],[13.733533,51.046886],[13.733543,51.046898],[13.733571,51.046946],[13.7336,51.047018],[13.733617,51.047138],[13.733583,51.047231],[13.733563,51.047281],[13.733522,51.047383],[13.733394,51.047704],[13.733239,51.048128],[13.733066,51.048502],[13.732756,51.049244],[13.732727,51.049312],[13.732446,51.049986],[13.732363,51.050276],[13.732312,51.050556],[13.732438,51.050995],[13.732235,51.050996],[13.732145,51.050994],[13.732145,51.05109],[13.732149,51.051204],[13.732112,51.051234],[13.731831,51.051222],[13.731671,51.051264],[13.73172,51.05131],[13.731808,51.051394],[13.731924,51.051489],[13.732006,51.051541],[13.732162,51.051629],[13.732392,51.051737],[13.732515,51.051884],[13.732602,51.051987],[13.732602,51.051988],[13.732588,51.052002],[13.732564,51.052027],[13.732004,51.052627],[13.731768,51.0529],[13.73151,51.053179],[13.731331,51.053398],[13.730995,51.053741],[13.730833,51.05393],[13.730522,51.054291],[13.730852,51.054432],[13.731514,51.054688],[13.732156,51.054943],[13.733186,51.055353],[13.7334,51.055445],[13.733465,51.055472],[13.734602,51.055942],[13.734806,51.055926],[13.734876,51.055922],[13.734956,51.055889],[13.735075,51.055793],[13.735219,51.055659],[13.735457,51.055471],[13.735702,51.055306],[13.736022,51.055132],[13.736198,51.055042],[13.736333,51.055013],[13.736559,51.054939],[13.736793,51.054854],[13.737075,51.054733],[13.737394,51.054595],[13.737714,51.054469],[13.738007,51.054362],[13.73806,51.054343],[13.738749,51.054118],[13.738848,51.054261],[13.738926,51.054372],[13.739269,51.054865],[13.739355,51.054988],[13.739355,51.054989],[13.739358,51.054993],[13.739489,51.054958],[13.739607,51.054924],[13.739609,51.054924],[13.740274,51.054736],[13.740298,51.05473],[13.740323,51.054725],[13.740347,51.054719],[13.740371,51.054714],[13.740395,51.054708],[13.740419,51.054703],[13.740444,51.054698],[13.740468,51.054692],[13.740492,51.054687],[13.740517,51.054682],[13.740541,51.054677],[13.740565,51.054672],[13.74059,51.054667],[13.740614,51.054662],[13.740639,51.054657],[13.740663,51.054652],[13.740688,51.054648],[13.740712,51.054643],[13.740737,51.054638],[13.740762,51.054633],[13.740786,51.054629],[13.740811,51.054624],[13.740836,51.05462],[13.74086,51.054615],[13.740885,51.054611],[13.74091,51.054607],[13.740934,51.054602],[13.740959,51.054598],[13.740984,51.054594],[13.741009,51.05459],[13.741034,51.054586],[13.741059,51.054581],[13.742051,51.054461],[13.742851,51.054404],[13.743777,51.054367],[13.744677,51.054369],[13.745425,51.054388],[13.746154,51.054441],[13.746751,51.054532],[13.746768,51.054491],[13.746901,51.054167],[13.747052,51.053802],[13.747053,51.053798],[13.747129,51.053634],[13.747165,51.0535],[13.747174,51.053419],[13.747174,51.053411],[13.747175,51.053347],[13.747178,51.053252],[13.74717,51.05313],[13.747169,51.053101],[13.747166,51.053048],[13.747136,51.052951],[13.747098,51.052828],[13.747053,51.052742],[13.74689,51.052337],[13.746806,51.052121],[13.746715,51.05189],[13.746697,51.051746],[13.746718,51.051747],[13.746749,51.051749],[13.746756,51.051749],[13.747001,51.051749],[13.74691,51.051642],[13.746869,51.051593],[13.746669,51.051369],[13.746621,51.051314],[13.746608,51.0513],[13.745768,51.050338],[13.7455,51.050004],[13.745051,51.049466],[13.744896,51.049296],[13.744786,51.049176],[13.744768,51.049156],[13.743476,51.047614],[13.743464,51.047599],[13.743149,51.047247],[13.74312,51.047221],[13.743051,51.047159],[13.74297,51.047086],[13.74285,51.047001],[13.742727,51.046909],[13.742578,51.046832],[13.742418,51.046751],[13.742272,51.046697],[13.742086,51.046632],[13.74165,51.04649],[13.741622,51.046481],[13.741619,51.04648],[13.741198,51.046338],[13.741155,51.046391],[13.741122,51.046431],[13.741084,51.046478],[13.741078,51.046484],[13.740966,51.04659],[13.740936,51.046618],[13.740889,51.046662],[13.74063,51.046788],[13.740583,51.046811],[13.740566,51.046816],[13.740173,51.046933],[13.740093,51.046957],[13.739899,51.046973],[13.739681,51.046992]]]}},{"type":"Feature","id":"dresden-13","properties":{"city":"Dresden","state":"Sachsen","code":"13","name":"Innere Neustadt mit Antonstadt-Süd","name_atlas":"Innere Neustadt","population_est":8283,"crime_total":{"cases":1702,"rate":20548.0},"homicide":{"cases":1,"rate":12.1},"sexual":{"cases":25,"rate":301.8},"violence_proxy":{"cases":254,"rate":3066.5},"property_total":{"cases":672,"rate":8113.0},"simple_theft":{"cases":368,"rate":4442.8},"aggravated_theft":{"cases":304,"rate":3670.2},"fraud":{"cases":334,"rate":4032.4},"other_stgb":{"cases":371,"rate":4479.1},"secondary_law":{"cases":45,"rate":543.3}},"geometry":{"type":"Polygon","coordinates":[[[13.747017,51.054573],[13.746878,51.054552],[13.746751,51.054532],[13.746751,51.054532],[13.746154,51.054441],[13.745425,51.054388],[13.744677,51.054369],[13.743777,51.054367],[13.742851,51.054404],[13.742051,51.054461],[13.741059,51.054581],[13.741034,51.054586],[13.741009,51.05459],[13.740984,51.054594],[13.740959,51.054598],[13.740934,51.054602],[13.74091,51.054607],[13.740885,51.054611],[13.74086,51.054615],[13.740836,51.05462],[13.740811,51.054624],[13.740786,51.054629],[13.740762,51.054633],[13.740737,51.054638],[13.740712,51.054643],[13.740688,51.054648],[13.740663,51.054652],[13.740639,51.054657],[13.740614,51.054662],[13.74059,51.054667],[13.740565,51.054672],[13.740541,51.054677],[13.740517,51.054682],[13.740492,51.054687],[13.740468,51.054692],[13.740444,51.054698],[13.740419,51.054703],[13.740395,51.054708],[13.740371,51.054714],[13.740347,51.054719],[13.740323,51.054725],[13.740298,51.05473],[13.740274,51.054736],[13.739609,51.054924],[13.739607,51.054924],[13.739489,51.054958],[13.739358,51.054993],[13.739361,51.054997],[13.739299,51.055013],[13.739229,51.055031],[13.739111,51.055065],[13.738832,51.055143],[13.738818,51.055148],[13.738168,51.055392],[13.737721,51.055599],[13.737236,51.055889],[13.736623,51.056233],[13.736181,51.056556],[13.735758,51.056875],[13.735154,51.057375],[13.73473,51.057774],[13.73444,51.05806],[13.734142,51.058377],[13.733837,51.058728],[13.733541,51.059068],[13.733141,51.059588],[13.732698,51.060204],[13.732349,51.060698],[13.732274,51.060812],[13.732255,51.060841],[13.732192,51.060922],[13.732193,51.060922],[13.732198,51.060924],[13.732139,51.061006],[13.732116,51.061043],[13.731984,51.061242],[13.731973,51.061263],[13.731968,51.06127],[13.731829,51.06147],[13.732348,51.061643],[13.73278,51.061787],[13.733089,51.061889],[13.733849,51.06214],[13.733842,51.06215],[13.733682,51.062246],[13.733371,51.062609],[13.733222,51.062786],[13.733227,51.062787],[13.73347,51.062869],[13.733415,51.062931],[13.733429,51.062933],[13.733665,51.062963],[13.734031,51.063021],[13.734397,51.063079],[13.735302,51.063189],[13.735729,51.063299],[13.736492,51.063616],[13.736441,51.063823],[13.736656,51.06393],[13.736926,51.06409],[13.737162,51.064249],[13.737297,51.064345],[13.737416,51.064456],[13.737601,51.064655],[13.737746,51.064831],[13.73779,51.064891],[13.737917,51.065068],[13.738009,51.06517],[13.738113,51.065258],[13.738399,51.065442],[13.738429,51.065461],[13.738442,51.06547],[13.738477,51.065488],[13.738552,51.065529],[13.73859,51.065546],[13.7391,51.065777],[13.739195,51.065832],[13.739245,51.065941],[13.739268,51.06611],[13.739286,51.066274],[13.73928,51.066781],[13.73931,51.067679],[13.739309,51.067918],[13.739409,51.067914],[13.739684,51.067877],[13.739833,51.067859],[13.739879,51.067856],[13.740103,51.067842],[13.740327,51.067828],[13.740551,51.067814],[13.740774,51.0678],[13.740998,51.067786],[13.741059,51.067782],[13.741222,51.067772],[13.741495,51.067755],[13.742199,51.067787],[13.742199,51.068275],[13.742192,51.068356],[13.74281,51.068351],[13.743493,51.068346],[13.743497,51.068346],[13.743534,51.068346],[13.743829,51.068343],[13.743908,51.068342],[13.743991,51.068341],[13.744175,51.068337],[13.744199,51.068337],[13.744352,51.068334],[13.744365,51.068333],[13.744376,51.068333],[13.744481,51.068333],[13.744611,51.06833],[13.744692,51.068328],[13.744707,51.068327],[13.744809,51.068327],[13.745091,51.068321],[13.745308,51.068316],[13.745376,51.068315],[13.745446,51.068308],[13.745502,51.068297],[13.745247,51.06779],[13.744816,51.067065],[13.744708,51.066924],[13.744444,51.066752],[13.744346,51.066687],[13.743979,51.06646],[13.74384,51.066373],[13.743637,51.06627],[13.743107,51.065952],[13.742701,51.0657],[13.74261,51.065641],[13.742561,51.065609],[13.742376,51.06549],[13.742313,51.065455],[13.742253,51.065406],[13.742228,51.065375],[13.742222,51.065357],[13.742218,51.065344],[13.742196,51.065228],[13.742188,51.065108],[13.742169,51.064888],[13.742155,51.064696],[13.742436,51.064649],[13.742998,51.064579],[13.74347,51.064523],[13.744065,51.064396],[13.744661,51.06427],[13.745738,51.064021],[13.746815,51.063771],[13.74683,51.064045],[13.747319,51.064048],[13.74835,51.063653],[13.748203,51.063507],[13.748605,51.063404],[13.748698,51.06338],[13.749322,51.063297],[13.749726,51.063241],[13.750131,51.063195],[13.750604,51.063137],[13.751138,51.063075],[13.751528,51.063022],[13.751771,51.062993],[13.752316,51.062943],[13.752967,51.062906],[13.753801,51.062881],[13.754203,51.062878],[13.754627,51.062877],[13.755096,51.06292],[13.755892,51.063044],[13.757506,51.06331],[13.758545,51.06347],[13.759584,51.063631],[13.760942,51.063855],[13.76118,51.063902],[13.761356,51.063937],[13.761634,51.063999],[13.761931,51.064065],[13.762093,51.0641],[13.762455,51.064191],[13.762554,51.064216],[13.762586,51.06415],[13.762954,51.063608],[13.763205,51.063225],[13.76333,51.063026],[13.763335,51.062948],[13.763318,51.062894],[13.763376,51.06279],[13.763378,51.062755],[13.763364,51.062722],[13.763252,51.06267],[13.76311,51.06261],[13.76298,51.06253],[13.762622,51.062321],[13.762467,51.062242],[13.76239,51.062206],[13.762222,51.061778],[13.762205,51.061651],[13.762199,51.061605],[13.76221,51.061569],[13.762231,51.061537],[13.7626,51.060989],[13.762572,51.060977],[13.762539,51.060963],[13.762506,51.060948],[13.762473,51.060933],[13.76244,51.060918],[13.762407,51.060903],[13.762374,51.060889],[13.762341,51.060874],[13.762308,51.060859],[13.762275,51.060844],[13.762242,51.060829],[13.762209,51.060814],[13.762177,51.060798],[13.762144,51.060783],[13.762111,51.060768],[13.762079,51.060753],[13.762046,51.060738],[13.762013,51.060723],[13.761981,51.060707],[13.761948,51.060692],[13.761916,51.060677],[13.761884,51.060661],[13.761851,51.060646],[13.761819,51.06063],[13.761787,51.060615],[13.761754,51.060599],[13.761722,51.060584],[13.76169,51.060568],[13.761658,51.060552],[13.761626,51.060537],[13.761594,51.060521],[13.761562,51.060505],[13.76153,51.06049],[13.761498,51.060474],[13.761466,51.060458],[13.761434,51.060442],[13.761402,51.060426],[13.76137,51.06041],[13.761339,51.060394],[13.761307,51.060378],[13.761275,51.060362],[13.761244,51.060346],[13.761212,51.06033],[13.761181,51.060314],[13.761149,51.060298],[13.761118,51.060282],[13.761086,51.060266],[13.761055,51.060249],[13.761024,51.060233],[13.760013,51.059733],[13.759551,51.059497],[13.758994,51.059214],[13.758308,51.05889],[13.75762,51.058564],[13.756979,51.058261],[13.756214,51.0579],[13.754729,51.05725],[13.754683,51.05723],[13.754567,51.057177],[13.754563,51.057181],[13.754448,51.057128],[13.754382,51.057099],[13.754027,51.056978],[13.75334,51.056689],[13.752618,51.056393],[13.751919,51.05612],[13.751376,51.055898],[13.75088,51.055707],[13.750211,51.055468],[13.749426,51.055201],[13.749189,51.055119],[13.748488,51.054914],[13.747585,51.054685],[13.747294,51.054615],[13.747286,51.054613],[13.747148,51.054591],[13.747148,51.054592],[13.747134,51.05459],[13.747017,51.054573]]]}},{"type":"Feature","id":"dresden-06","properties":{"city":"Dresden","state":"Sachsen","code":"06","name":"Johannstadt-Nord","name_atlas":"Johannstadt-Nord","population_est":13319,"crime_total":{"cases":935,"rate":7020.0},"homicide":{"cases":0,"rate":0.0},"sexual":{"cases":22,"rate":165.2},"violence_proxy":{"cases":197,"rate":1479.1},"property_total":{"cases":297,"rate":2229.9},"simple_theft":{"cases":158,"rate":1186.3},"aggravated_theft":{"cases":139,"rate":1043.6},"fraud":{"cases":157,"rate":1178.8},"other_stgb":{"cases":221,"rate":1659.3},"secondary_law":{"cases":41,"rate":307.8}},"geometry":{"type":"Polygon","coordinates":[[[13.769749,51.052447],[13.769243,51.052583],[13.76871,51.052719],[13.768469,51.052763],[13.768422,51.052768],[13.768168,51.052794],[13.767021,51.052921],[13.766909,51.052931],[13.76567,51.053058],[13.765531,51.053072],[13.764846,51.053119],[13.764151,51.053137],[13.763436,51.053133],[13.762725,51.053141],[13.762331,51.053133],[13.762116,51.053132],[13.761942,51.053142],[13.761705,51.053159],[13.761446,51.053198],[13.760368,51.05342],[13.759893,51.053523],[13.759061,51.053716],[13.758664,51.053802],[13.758441,51.05385],[13.758256,51.053903],[13.758043,51.053979],[13.757835,51.053999],[13.757682,51.054065],[13.757661,51.054084],[13.757546,51.054031],[13.757339,51.053979],[13.757113,51.053922],[13.756987,51.053879],[13.756952,51.053918],[13.755947,51.054848],[13.755554,51.055209],[13.755154,51.055553],[13.755054,51.055518],[13.754983,51.055596],[13.754946,51.055632],[13.755194,51.055731],[13.755437,51.055827],[13.755701,51.055943],[13.755576,51.05605],[13.755474,51.056145],[13.755405,51.056223],[13.755399,51.056221],[13.755398,51.056221],[13.755387,51.056216],[13.75531,51.056292],[13.75517,51.056415],[13.754971,51.056564],[13.754949,51.056584],[13.754944,51.056589],[13.754382,51.057099],[13.754448,51.057128],[13.754563,51.057181],[13.754567,51.057177],[13.754683,51.05723],[13.754729,51.05725],[13.756214,51.0579],[13.756979,51.058261],[13.75762,51.058564],[13.758308,51.05889],[13.758994,51.059214],[13.759551,51.059497],[13.760013,51.059733],[13.761024,51.060233],[13.761055,51.060249],[13.761086,51.060266],[13.761118,51.060282],[13.761149,51.060298],[13.761181,51.060314],[13.761212,51.06033],[13.761244,51.060346],[13.761275,51.060362],[13.761307,51.060378],[13.761339,51.060394],[13.76137,51.06041],[13.761402,51.060426],[13.761434,51.060442],[13.761466,51.060458],[13.761498,51.060474],[13.76153,51.06049],[13.761562,51.060505],[13.761594,51.060521],[13.761626,51.060537],[13.761658,51.060552],[13.76169,51.060568],[13.761722,51.060584],[13.761754,51.060599],[13.761787,51.060615],[13.761819,51.06063],[13.761851,51.060646],[13.761884,51.060661],[13.761916,51.060677],[13.761948,51.060692],[13.761981,51.060707],[13.762013,51.060723],[13.762046,51.060738],[13.762079,51.060753],[13.762111,51.060768],[13.762144,51.060783],[13.762177,51.060798],[13.762209,51.060814],[13.762242,51.060829],[13.762275,51.060844],[13.762308,51.060859],[13.762341,51.060874],[13.762374,51.060889],[13.762407,51.060903],[13.76244,51.060918],[13.762473,51.060933],[13.762506,51.060948],[13.762539,51.060963],[13.762572,51.060977],[13.7626,51.060989],[13.762605,51.060992],[13.762639,51.061007],[13.762672,51.061021],[13.762705,51.061036],[13.762739,51.06105],[13.762772,51.061065],[13.762806,51.061079],[13.762839,51.061094],[13.762873,51.061108],[13.762906,51.061123],[13.76294,51.061137],[13.762973,51.061151],[13.763007,51.061166],[13.763041,51.06118],[13.763074,51.061194],[13.763108,51.061208],[13.763142,51.061222],[13.763176,51.061237],[13.76321,51.061251],[13.763244,51.061265],[13.763278,51.061279],[13.763312,51.061293],[13.763346,51.061307],[13.76338,51.06132],[13.763414,51.061334],[13.763448,51.061348],[13.763482,51.061362],[13.763516,51.061376],[13.763551,51.061389],[13.763585,51.061403],[13.763619,51.061417],[13.763654,51.06143],[13.763688,51.061444],[13.763722,51.061457],[13.763757,51.061471],[13.763791,51.061484],[13.763826,51.061498],[13.76386,51.061511],[13.763895,51.061525],[13.76393,51.061538],[13.763964,51.061551],[13.763999,51.061565],[13.764034,51.061578],[13.764068,51.061591],[13.764103,51.061604],[13.764138,51.061617],[13.764173,51.06163],[13.764208,51.061643],[13.764243,51.061656],[13.764278,51.061669],[13.764313,51.061682],[13.764348,51.061695],[13.764383,51.061708],[13.764418,51.061721],[13.764453,51.061734],[13.764488,51.061747],[13.764523,51.061759],[13.764559,51.061772],[13.764594,51.061785],[13.764629,51.061797],[13.764665,51.06181],[13.7647,51.061822],[13.764735,51.061835],[13.764771,51.061847],[13.764806,51.06186],[13.764842,51.061872],[13.764877,51.061885],[13.764913,51.061897],[13.764948,51.061909],[13.764984,51.061922],[13.76502,51.061934],[13.765055,51.061946],[13.765091,51.061958],[13.765127,51.06197],[13.765162,51.061982],[13.765198,51.061994],[13.765234,51.062006],[13.76527,51.062018],[13.765306,51.06203],[13.765342,51.062042],[13.765378,51.062055],[13.765415,51.062068],[13.765452,51.06208],[13.765489,51.062093],[13.765525,51.062106],[13.765562,51.062118],[13.765599,51.062131],[13.765636,51.062143],[13.765673,51.062155],[13.76571,51.062168],[13.765748,51.06218],[13.765785,51.062192],[13.765822,51.062204],[13.765859,51.062217],[13.765897,51.062229],[13.765934,51.062241],[13.765971,51.062252],[13.766009,51.062264],[13.766046,51.062276],[13.766084,51.062288],[13.766121,51.0623],[13.766159,51.062311],[13.766197,51.062323],[13.766234,51.062334],[13.766272,51.062346],[13.76631,51.062357],[13.766348,51.062368],[13.766386,51.06238],[13.766424,51.062391],[13.766462,51.062402],[13.7665,51.062413],[13.766538,51.062424],[13.766566,51.062432],[13.766594,51.062439],[13.766622,51.062446],[13.76665,51.062453],[13.766678,51.06246],[13.766707,51.062467],[13.766735,51.062474],[13.766763,51.062481],[13.766791,51.062489],[13.766819,51.062496],[13.766848,51.062503],[13.766876,51.06251],[13.766904,51.062517],[13.766932,51.062524],[13.766961,51.062531],[13.766989,51.062538],[13.767017,51.062544],[13.767045,51.062551],[13.767074,51.062558],[13.767102,51.062565],[13.76713,51.062572],[13.767159,51.062579],[13.767187,51.062586],[13.767215,51.062592],[13.767244,51.062599],[13.767272,51.062606],[13.7673,51.062613],[13.767329,51.062619],[13.767357,51.062626],[13.767386,51.062633],[13.767414,51.06264],[13.767443,51.062646],[13.767471,51.062653],[13.767499,51.062659],[13.767528,51.062666],[13.767556,51.062673],[13.767585,51.062679],[13.767613,51.062686],[13.767642,51.062692],[13.767671,51.062699],[13.767699,51.062705],[13.767728,51.062712],[13.767756,51.062718],[13.767785,51.062725],[13.767813,51.062731],[13.767842,51.062738],[13.76787,51.062744],[13.767899,51.06275],[13.767928,51.062757],[13.767956,51.062763],[13.767985,51.062769],[13.768014,51.062776],[13.768042,51.062782],[13.768071,51.062788],[13.7681,51.062794],[13.768128,51.062801],[13.768157,51.062807],[13.768186,51.062813],[13.768214,51.062819],[13.768243,51.062825],[13.768272,51.062831],[13.768301,51.062838],[13.768329,51.062844],[13.768358,51.06285],[13.769541,51.06307],[13.770652,51.063244],[13.771862,51.063419],[13.772991,51.063557],[13.773656,51.06362],[13.775338,51.063781],[13.775609,51.063802],[13.776521,51.063859],[13.776702,51.063871],[13.776845,51.063877],[13.776844,51.063882],[13.776987,51.063887],[13.777169,51.063898],[13.777768,51.063931],[13.778258,51.063956],[13.77908,51.063997],[13.780677,51.064062],[13.781812,51.064094],[13.782403,51.064075],[13.782691,51.064064],[13.783648,51.064012],[13.783926,51.063993],[13.78397,51.06399],[13.784014,51.063988],[13.784057,51.063985],[13.784101,51.063982],[13.784144,51.063979],[13.784188,51.063976],[13.784232,51.063973],[13.784275,51.06397],[13.784319,51.063967],[13.784362,51.063964],[13.784406,51.06396],[13.784449,51.063957],[13.784493,51.063954],[13.784536,51.06395],[13.78458,51.063947],[13.784623,51.063943],[13.784667,51.06394],[13.78471,51.063936],[13.784754,51.063933],[13.784797,51.063929],[13.784841,51.063925],[13.784884,51.063921],[13.784927,51.063918],[13.784971,51.063914],[13.785014,51.06391],[13.785058,51.063906],[13.785101,51.063902],[13.785144,51.063898],[13.785188,51.063893],[13.785231,51.063889],[13.785274,51.063885],[13.785318,51.063881],[13.785361,51.063876],[13.785404,51.063872],[13.785447,51.063868],[13.785491,51.063863],[13.785534,51.063858],[13.785577,51.063854],[13.78562,51.063849],[13.785664,51.063845],[13.785707,51.06384],[13.78575,51.063835],[13.785793,51.06383],[13.785836,51.063825],[13.785879,51.06382],[13.785923,51.063815],[13.785966,51.06381],[13.786009,51.063805],[13.786052,51.0638],[13.786095,51.063795],[13.786138,51.063789],[13.786181,51.063784],[13.786224,51.063779],[13.786267,51.063773],[13.78631,51.063768],[13.786353,51.063762],[13.786396,51.063757],[13.786439,51.063751],[13.786482,51.063746],[13.786525,51.06374],[13.786567,51.063734],[13.78661,51.063728],[13.786653,51.063723],[13.786696,51.063717],[13.787272,51.063652],[13.787097,51.06304],[13.787089,51.063012],[13.787078,51.062973],[13.787293,51.06295],[13.787282,51.062898],[13.787211,51.062525],[13.787165,51.062439],[13.787172,51.062438],[13.787127,51.062353],[13.786922,51.061722],[13.786861,51.061554],[13.786784,51.061315],[13.786442,51.060308],[13.786438,51.060295],[13.786435,51.060289],[13.786389,51.060203],[13.786457,51.060189],[13.786286,51.059806],[13.786115,51.059423],[13.786007,51.058903],[13.785861,51.058084],[13.785717,51.05705],[13.78571,51.056815],[13.785703,51.056566],[13.785703,51.05627],[13.785704,51.05557],[13.785695,51.055235],[13.785693,51.055138],[13.785671,51.054306],[13.785674,51.054004],[13.78568,51.053695],[13.784935,51.053616],[13.784198,51.053543],[13.783665,51.053485],[13.782871,51.0534],[13.781549,51.053267],[13.781323,51.053245],[13.781043,51.053217],[13.779218,51.053036],[13.77901,51.053016],[13.778102,51.052909],[13.777752,51.052868],[13.776318,51.052727],[13.775033,51.0526],[13.774837,51.05258],[13.774313,51.052524],[13.774054,51.052496],[13.77327,51.052421],[13.772525,51.052337],[13.771782,51.052265],[13.771146,51.05221],[13.770976,51.052204],[13.770806,51.052213],[13.770656,51.052232],[13.770533,51.052257],[13.770247,51.052316],[13.769749,51.052447]]]}},{"type":"Feature","id":"dresden-07","properties":{"city":"Dresden","state":"Sachsen","code":"07","name":"Johannstadt-Süd","name_atlas":"Johannstadt-Süd","population_est":12897,"crime_total":{"cases":800,"rate":6203.0},"homicide":{"cases":0,"rate":0.0},"sexual":{"cases":21,"rate":162.8},"violence_proxy":{"cases":123,"rate":953.7},"property_total":{"cases":384,"rate":2977.4},"simple_theft":{"cases":259,"rate":2008.2},"aggravated_theft":{"cases":125,"rate":969.2},"fraud":{"cases":134,"rate":1039.0},"other_stgb":{"cases":125,"rate":969.2},"secondary_law":{"cases":13,"rate":100.8}},"geometry":{"type":"Polygon","coordinates":[[[13.774685,51.049769],[13.774828,51.049739],[13.774894,51.049722],[13.774838,51.049639],[13.774831,51.049631],[13.77464,51.049441],[13.774417,51.049217],[13.774194,51.048993],[13.773949,51.048747],[13.773942,51.04874],[13.773893,51.048656],[13.77384,51.048669],[13.773633,51.048717],[13.773064,51.048136],[13.772714,51.047778],[13.772272,51.047347],[13.771798,51.04689],[13.772093,51.046769],[13.772382,51.046638],[13.772147,51.04647],[13.772169,51.046434],[13.77206,51.046327],[13.77208,51.046319],[13.772041,51.046281],[13.771692,51.045915],[13.771377,51.046047],[13.771132,51.046156],[13.770881,51.045909],[13.770448,51.045476],[13.770143,51.045171],[13.769748,51.044776],[13.76895,51.043957],[13.76867,51.04367],[13.768657,51.043657],[13.767564,51.042555],[13.768097,51.04234],[13.768029,51.042264],[13.767789,51.04199],[13.767543,51.041743],[13.767508,51.041708],[13.767397,51.041596],[13.767337,51.04152],[13.766795,51.041738],[13.766757,51.041754],[13.766629,51.041623],[13.766501,51.041492],[13.764085,51.042446],[13.763242,51.042773],[13.76222,51.043177],[13.762113,51.043219],[13.761806,51.043341],[13.760818,51.043747],[13.760547,51.043858],[13.760136,51.044022],[13.759439,51.044292],[13.759049,51.044446],[13.758467,51.04468],[13.758383,51.044714],[13.756446,51.045477],[13.755786,51.045734],[13.755512,51.04583],[13.755239,51.045902],[13.754966,51.045969],[13.754819,51.046014],[13.754713,51.046046],[13.754745,51.046088],[13.754797,51.046155],[13.75488,51.046263],[13.755118,51.046599],[13.755349,51.046897],[13.755507,51.0471],[13.755727,51.047263],[13.755737,51.047279],[13.756362,51.048291],[13.756642,51.048744],[13.756965,51.049341],[13.757173,51.049725],[13.75735,51.050251],[13.757465,51.050594],[13.757766,51.051471],[13.757898,51.051874],[13.758044,51.052279],[13.758113,51.052464],[13.758148,51.052551],[13.758187,51.052646],[13.758226,51.052751],[13.758303,51.052961],[13.758346,51.053136],[13.758356,51.053257],[13.758352,51.053342],[13.75832,51.053494],[13.758289,51.053604],[13.758228,51.053725],[13.75816,51.053826],[13.758043,51.053979],[13.758256,51.053903],[13.758441,51.05385],[13.758664,51.053802],[13.759061,51.053716],[13.759893,51.053523],[13.760368,51.05342],[13.761446,51.053198],[13.761705,51.053159],[13.761942,51.053142],[13.762116,51.053132],[13.762331,51.053133],[13.762725,51.053141],[13.763436,51.053133],[13.764151,51.053137],[13.764846,51.053119],[13.765531,51.053072],[13.76567,51.053058],[13.766909,51.052931],[13.767021,51.052921],[13.768168,51.052794],[13.768422,51.052768],[13.768469,51.052763],[13.76871,51.052719],[13.769243,51.052583],[13.769749,51.052447],[13.770247,51.052316],[13.770533,51.052257],[13.770656,51.052232],[13.770806,51.052213],[13.770976,51.052204],[13.771146,51.05221],[13.771782,51.052265],[13.772525,51.052337],[13.77327,51.052421],[13.774054,51.052496],[13.774313,51.052524],[13.774837,51.05258],[13.775033,51.0526],[13.776318,51.052727],[13.777752,51.052868],[13.777753,51.052844],[13.777712,51.052781],[13.777608,51.052683],[13.777423,51.05252],[13.776837,51.051957],[13.776718,51.051842],[13.775714,51.050817],[13.775179,51.050294],[13.774685,51.049769]]]}},{"type":"Feature","id":"dresden-23","properties":{"city":"Dresden","state":"Sachsen","code":"23","name":"Kaditz","name_atlas":"Kaditz","population_est":5612,"crime_total":{"cases":546,"rate":9729.0},"homicide":{"cases":0,"rate":0.0},"sexual":{"cases":3,"rate":53.5},"violence_proxy":{"cases":64,"rate":1140.4},"property_total":{"cases":276,"rate":4918.0},"simple_theft":{"cases":178,"rate":3171.8},"aggravated_theft":{"cases":98,"rate":1746.3},"fraud":{"cases":114,"rate":2031.4},"other_stgb":{"cases":78,"rate":1389.9},"secondary_law":{"cases":11,"rate":196.0}},"geometry":{"type":"Polygon","coordinates":[[[13.672856,51.095521],[13.672899,51.095516],[13.673107,51.09553],[13.673226,51.095538],[13.673367,51.095548],[13.67351,51.095558],[13.673646,51.095564],[13.673744,51.095571],[13.673698,51.095371],[13.673675,51.095279],[13.673648,51.095174],[13.673736,51.095144],[13.674217,51.094983],[13.674253,51.094971],[13.674522,51.094869],[13.674922,51.094713],[13.674937,51.094707],[13.674987,51.094687],[13.674999,51.094682],[13.675042,51.094666],[13.675055,51.09466],[13.675081,51.094648],[13.67511,51.094635],[13.675209,51.094591],[13.67527,51.094565],[13.675324,51.094541],[13.675511,51.094453],[13.675657,51.094378],[13.675736,51.094341],[13.675845,51.094273],[13.675916,51.094231],[13.675954,51.094209],[13.676044,51.094156],[13.676157,51.094094],[13.676253,51.094034],[13.676508,51.093883],[13.676765,51.093734],[13.676824,51.093698],[13.677018,51.093581],[13.677133,51.093516],[13.677534,51.09329],[13.677665,51.093213],[13.677838,51.093119],[13.677862,51.093105],[13.678059,51.092991],[13.678177,51.092925],[13.678193,51.092916],[13.678339,51.092854],[13.678379,51.092837],[13.678417,51.092821],[13.678471,51.092799],[13.678565,51.092762],[13.678677,51.092718],[13.678748,51.092686],[13.678766,51.092681],[13.678861,51.092643],[13.67893,51.092622],[13.679106,51.092553],[13.679146,51.092538],[13.679285,51.092485],[13.679388,51.092448],[13.679463,51.09242],[13.679639,51.092354],[13.679692,51.092334],[13.679797,51.092293],[13.679814,51.092284],[13.679845,51.092272],[13.679992,51.092205],[13.680127,51.092141],[13.680168,51.092122],[13.680281,51.092069],[13.680326,51.092053],[13.680357,51.09204],[13.680543,51.091965],[13.680577,51.091951],[13.680587,51.091947],[13.68071,51.091897],[13.680736,51.091887],[13.680811,51.091856],[13.68083,51.091845],[13.680909,51.091795],[13.681031,51.091721],[13.681071,51.091697],[13.681141,51.091656],[13.681202,51.09162],[13.681234,51.091598],[13.68126,51.091584],[13.681303,51.091557],[13.681405,51.091502],[13.681452,51.091475],[13.681579,51.091408],[13.681748,51.091313],[13.681899,51.091231],[13.681919,51.09122],[13.682091,51.091134],[13.682101,51.091128],[13.682359,51.09099],[13.682551,51.090887],[13.682871,51.090715],[13.682876,51.090712],[13.682887,51.090707],[13.682946,51.090671],[13.68304,51.09062],[13.6831,51.090587],[13.683233,51.09052],[13.683402,51.090434],[13.683418,51.09042],[13.683429,51.09041],[13.683566,51.090288],[13.683711,51.090159],[13.683811,51.09007],[13.683876,51.090012],[13.683891,51.089999],[13.683901,51.089991],[13.684075,51.089894],[13.68427,51.089784],[13.684347,51.089736],[13.684464,51.089671],[13.684484,51.089661],[13.684609,51.089591],[13.684689,51.089546],[13.684748,51.089512],[13.684823,51.089471],[13.684907,51.089424],[13.685064,51.089336],[13.685081,51.089347],[13.686118,51.090008],[13.686129,51.090014],[13.686406,51.090191],[13.686479,51.09014],[13.68655,51.090092],[13.68659,51.090064],[13.686632,51.090035],[13.686768,51.089941],[13.686836,51.089901],[13.686854,51.089891],[13.686889,51.089874],[13.686963,51.089839],[13.686982,51.089827],[13.687055,51.089785],[13.687076,51.089774],[13.687099,51.08976],[13.687159,51.089726],[13.687241,51.089679],[13.687334,51.089625],[13.687361,51.089611],[13.687375,51.089603],[13.687427,51.089574],[13.687497,51.089534],[13.687513,51.089525],[13.687535,51.089512],[13.687589,51.089481],[13.687634,51.089454],[13.687652,51.089447],[13.687684,51.089425],[13.687789,51.089364],[13.687827,51.089341],[13.68792,51.089287],[13.688008,51.089235],[13.688058,51.089206],[13.688145,51.089157],[13.688154,51.089148],[13.688192,51.089128],[13.6883,51.08907],[13.688333,51.089051],[13.688396,51.089015],[13.688468,51.088973],[13.688488,51.088959],[13.688588,51.088907],[13.688606,51.088896],[13.688685,51.088847],[13.688738,51.08881],[13.68877,51.088785],[13.688855,51.088727],[13.688866,51.08872],[13.689017,51.088612],[13.689026,51.088605],[13.68911,51.088542],[13.689154,51.088512],[13.689644,51.088837],[13.689688,51.088891],[13.689754,51.088972],[13.689706,51.088987],[13.689663,51.089007],[13.689618,51.089029],[13.689575,51.089053],[13.689531,51.089084],[13.689347,51.089198],[13.689133,51.08933],[13.689295,51.089432],[13.689408,51.089655],[13.689453,51.089745],[13.689502,51.089836],[13.689555,51.089938],[13.68958,51.089988],[13.689699,51.090222],[13.689741,51.090304],[13.689857,51.090524],[13.689883,51.09057],[13.689886,51.090577],[13.68993,51.090657],[13.68994,51.090679],[13.689945,51.090686],[13.690079,51.09086],[13.689756,51.090955],[13.689658,51.090985],[13.689645,51.091057],[13.689636,51.091111],[13.689537,51.09114],[13.689284,51.091215],[13.689059,51.091283],[13.689426,51.091851],[13.689746,51.092344],[13.690132,51.09221],[13.690611,51.09203],[13.690813,51.091956],[13.69082,51.092005],[13.690828,51.092054],[13.690897,51.092077],[13.690979,51.09207],[13.69104,51.092404],[13.69109,51.092682],[13.691099,51.092726],[13.691134,51.092947],[13.691165,51.093112],[13.691198,51.093285],[13.691209,51.09337],[13.691215,51.093515],[13.691201,51.093623],[13.691194,51.093675],[13.691189,51.093714],[13.691178,51.093788],[13.691218,51.093773],[13.691256,51.093758],[13.691392,51.093707],[13.691441,51.093706],[13.691509,51.093705],[13.691625,51.093644],[13.691789,51.093556],[13.692116,51.093382],[13.692816,51.093122],[13.692955,51.09307],[13.692969,51.093065],[13.693051,51.093034],[13.693136,51.093003],[13.694343,51.092554],[13.694794,51.092386],[13.695003,51.092308],[13.695162,51.092249],[13.695428,51.092149],[13.695485,51.092128],[13.695685,51.092053],[13.69652,51.091749],[13.69658,51.091727],[13.697392,51.091419],[13.697848,51.09125],[13.697858,51.091246],[13.698026,51.091184],[13.699332,51.090857],[13.700083,51.09067],[13.700127,51.090659],[13.700126,51.090692],[13.70032,51.090635],[13.700868,51.09048],[13.701416,51.090332],[13.701978,51.090171],[13.702073,51.090144],[13.702416,51.090064],[13.702755,51.089926],[13.702855,51.089704],[13.70289,51.089626],[13.703012,51.089393],[13.703032,51.089355],[13.703067,51.089285],[13.703229,51.088964],[13.703408,51.088591],[13.703775,51.087871],[13.704141,51.087128],[13.704362,51.086698],[13.704452,51.086524],[13.704759,51.085905],[13.704982,51.085499],[13.705237,51.085093],[13.705178,51.085021],[13.705081,51.084899],[13.705075,51.084891],[13.704375,51.084943],[13.704364,51.084857],[13.704553,51.084259],[13.704572,51.084196],[13.704259,51.084144],[13.704213,51.084135],[13.70417,51.084126],[13.704083,51.08411],[13.703984,51.084094],[13.703938,51.084086],[13.70389,51.084078],[13.703741,51.084051],[13.703713,51.084047],[13.703651,51.084036],[13.703622,51.084031],[13.703531,51.084014],[13.70351,51.08401],[13.703442,51.083997],[13.703357,51.083982],[13.70332,51.083974],[13.70318,51.08395],[13.703168,51.083947],[13.702942,51.083907],[13.702831,51.083887],[13.702755,51.083872],[13.702512,51.083828],[13.70249,51.083824],[13.702539,51.083715],[13.702611,51.083556],[13.702402,51.083529],[13.702304,51.083516],[13.702135,51.083491],[13.702044,51.083477],[13.702025,51.083475],[13.702017,51.083474],[13.701959,51.083467],[13.701894,51.083458],[13.701471,51.083399],[13.701459,51.083398],[13.701277,51.083376],[13.701082,51.083352],[13.700561,51.083276],[13.700419,51.083263],[13.700422,51.083249],[13.700281,51.083236],[13.700153,51.083219],[13.699997,51.083195],[13.699965,51.08319],[13.699842,51.083175],[13.699658,51.083155],[13.699601,51.083149],[13.69955,51.083132],[13.699542,51.083129],[13.69949,51.083121],[13.699361,51.083102],[13.699235,51.08309],[13.699137,51.083078],[13.698932,51.083056],[13.698866,51.083048],[13.698868,51.083039],[13.698981,51.082285],[13.698994,51.082196],[13.698992,51.082196],[13.698952,51.082194],[13.698648,51.082173],[13.698585,51.082172],[13.698419,51.082171],[13.697837,51.082159],[13.697043,51.082107],[13.6968,51.082057],[13.696448,51.082094],[13.695723,51.08205],[13.695501,51.082036],[13.694262,51.081965],[13.693161,51.081903],[13.693054,51.081903],[13.692961,51.081903],[13.692681,51.08195],[13.692325,51.082024],[13.692015,51.082113],[13.691371,51.082339],[13.690816,51.082529],[13.690536,51.082618],[13.690434,51.082651],[13.690059,51.082765],[13.689762,51.082857],[13.689761,51.082857],[13.689743,51.082821],[13.689723,51.082781],[13.689689,51.082715],[13.689668,51.082674],[13.689566,51.082481],[13.689441,51.082248],[13.689321,51.082048],[13.689199,51.081847],[13.689171,51.081806],[13.68906,51.081644],[13.689029,51.081597],[13.688966,51.081511],[13.688867,51.081376],[13.688725,51.081189],[13.688499,51.08092],[13.68844,51.080854],[13.688436,51.080849],[13.688246,51.080638],[13.687887,51.080271],[13.687693,51.080091],[13.687557,51.07997],[13.687518,51.079935],[13.687464,51.079894],[13.687237,51.079723],[13.687075,51.07961],[13.686744,51.079399],[13.686538,51.079241],[13.686371,51.079104],[13.686371,51.079104],[13.686019,51.078816],[13.68582,51.078649],[13.685472,51.078365],[13.685187,51.078133],[13.685141,51.078092],[13.684846,51.077954],[13.684741,51.077868],[13.68432,51.077532],[13.684234,51.077467],[13.684342,51.077408],[13.684192,51.077285],[13.683965,51.077122],[13.683721,51.076946],[13.683305,51.07666],[13.68324,51.076616],[13.68274,51.076297],[13.682214,51.075991],[13.68178,51.075763],[13.681752,51.075748],[13.681666,51.075703],[13.681434,51.075588],[13.681264,51.075505],[13.681257,51.075502],[13.681102,51.075426],[13.681009,51.075381],[13.680992,51.075373],[13.680901,51.07533],[13.68088,51.075321],[13.680533,51.075156],[13.680515,51.075149],[13.680431,51.075114],[13.679939,51.074908],[13.679329,51.074673],[13.67871,51.074454],[13.678198,51.074295],[13.677634,51.074108],[13.677158,51.07396],[13.676978,51.073905],[13.676902,51.073885],[13.676896,51.073892],[13.676803,51.073883],[13.676452,51.073852],[13.675703,51.073776],[13.675471,51.073786],[13.675437,51.073778],[13.675222,51.073732],[13.674896,51.073661],[13.673525,51.073372],[13.673344,51.073334],[13.672722,51.073203],[13.672706,51.073239],[13.672696,51.073262],[13.672631,51.073405],[13.672595,51.073485],[13.672577,51.073525],[13.672583,51.073526],[13.672541,51.073612],[13.672523,51.073654],[13.672277,51.074284],[13.671977,51.074998],[13.671751,51.075531],[13.671686,51.075681],[13.671449,51.076262],[13.671174,51.076816],[13.671148,51.076874],[13.670867,51.07756],[13.670564,51.078169],[13.670105,51.078734],[13.669748,51.079364],[13.669476,51.079796],[13.669196,51.080237],[13.668948,51.080597],[13.668634,51.081101],[13.668355,51.081559],[13.667795,51.082474],[13.66717,51.083523],[13.666937,51.083913],[13.66665,51.084394],[13.66649,51.084653],[13.666357,51.084878],[13.666072,51.085359],[13.665775,51.085846],[13.665478,51.086331],[13.665437,51.086391],[13.665396,51.086451],[13.665355,51.086511],[13.665313,51.086571],[13.66527,51.08663],[13.665228,51.08669],[13.665185,51.086749],[13.665141,51.086809],[13.665098,51.086868],[13.665054,51.086927],[13.665009,51.086986],[13.664964,51.087045],[13.664919,51.087104],[13.664874,51.087162],[13.664828,51.087221],[13.664782,51.087279],[13.66438,51.087721],[13.663888,51.088212],[13.663387,51.088652],[13.662577,51.089269],[13.662287,51.089474],[13.66172,51.089839],[13.661201,51.090142],[13.661193,51.090147],[13.66175,51.090534],[13.661835,51.090538],[13.661859,51.090539],[13.662034,51.090544],[13.662374,51.090383],[13.662729,51.090241],[13.663168,51.090022],[13.66357,51.089699],[13.663868,51.089416],[13.663925,51.08945],[13.662803,51.090305],[13.66215,51.090755],[13.661849,51.090965],[13.661839,51.090972],[13.661525,51.091187],[13.661363,51.091298],[13.6608,51.091647],[13.660656,51.09172],[13.66045,51.091824],[13.65971,51.092193],[13.659681,51.092206],[13.659668,51.092212],[13.658997,51.092513],[13.659234,51.092682],[13.659179,51.092719],[13.658923,51.092568],[13.658666,51.092764],[13.658636,51.092787],[13.658954,51.092927],[13.658985,51.092941],[13.659133,51.092995],[13.659353,51.093102],[13.659376,51.093115],[13.65949,51.093176],[13.659814,51.093351],[13.659903,51.093296],[13.659922,51.093284],[13.659951,51.093296],[13.659969,51.093304],[13.660025,51.093315],[13.660177,51.09335],[13.660491,51.093419],[13.660783,51.093482],[13.661201,51.093556],[13.661644,51.093636],[13.661994,51.093699],[13.662175,51.093736],[13.662839,51.093781],[13.663256,51.093825],[13.663514,51.093846],[13.663641,51.093859],[13.663659,51.093787],[13.663698,51.093618],[13.663781,51.093412],[13.664469,51.093493],[13.66491,51.093547],[13.665177,51.093555],[13.665911,51.093611],[13.666493,51.09365],[13.666508,51.093651],[13.66656,51.093653],[13.666671,51.093658],[13.667039,51.093677],[13.667112,51.093681],[13.667178,51.093685],[13.667286,51.093693],[13.667399,51.093698],[13.667485,51.093697],[13.667511,51.093695],[13.66765,51.093691],[13.667663,51.093692],[13.667761,51.093689],[13.667741,51.093699],[13.666794,51.094138],[13.666815,51.094155],[13.666816,51.094156],[13.666851,51.094183],[13.667253,51.0945],[13.66749,51.094625],[13.66798,51.094902],[13.668261,51.095061],[13.668325,51.095101],[13.66849,51.095142],[13.66879,51.095208],[13.668987,51.095251],[13.669093,51.095274],[13.669265,51.095313],[13.66944,51.095349],[13.669643,51.095391],[13.669926,51.095449],[13.669942,51.095451],[13.670122,51.095473],[13.670477,51.095516],[13.670659,51.095538],[13.670836,51.095559],[13.67091,51.095568],[13.670933,51.095571],[13.67103,51.095581],[13.67112,51.095589],[13.67121,51.095598],[13.671281,51.095603],[13.671329,51.095609],[13.671394,51.095615],[13.671575,51.095629],[13.671651,51.095636],[13.671663,51.095639],[13.671916,51.095643],[13.671936,51.095642],[13.672051,51.095627],[13.67234,51.095589],[13.67272,51.095539],[13.672856,51.095521]]]}},{"type":"Feature","id":"dresden-84","properties":{"city":"Dresden","state":"Sachsen","code":"84","name":"Kleinpestitz/Mockritz mit Kaitz und Gostritz","name_atlas":"Kleinpestitz/Kaitz/Mockritz/Gostritz","population_est":7415,"crime_total":{"cases":300,"rate":4046.0},"homicide":{"cases":0,"rate":0.0},"sexual":{"cases":5,"rate":67.4},"violence_proxy":{"cases":25,"rate":337.2},"property_total":{"cases":110,"rate":1483.5},"simple_theft":{"cases":58,"rate":782.2},"aggravated_theft":{"cases":52,"rate":701.3},"fraud":{"cases":67,"rate":903.6},"other_stgb":{"cases":87,"rate":1173.3},"secondary_law":{"cases":6,"rate":80.9}},"geometry":{"type":"Polygon","coordinates":[[[13.730121,51.010149],[13.730058,51.010138],[13.73003,51.010134],[13.729864,51.010114],[13.729751,51.010115],[13.729732,51.010115],[13.729502,51.010116],[13.729451,51.010116],[13.729422,51.010117],[13.72917,51.010118],[13.729133,51.010118],[13.728321,51.010105],[13.727805,51.010086],[13.727784,51.010086],[13.727495,51.010075],[13.726711,51.009997],[13.726395,51.009941],[13.726326,51.009929],[13.726252,51.009916],[13.725889,51.009814],[13.725598,51.009373],[13.725581,51.009347],[13.725444,51.009213],[13.7254,51.009169],[13.725306,51.009077],[13.725261,51.009033],[13.725144,51.008918],[13.725058,51.008844],[13.72503,51.008821],[13.724953,51.008858],[13.724594,51.009035],[13.724457,51.009111],[13.724391,51.009078],[13.724349,51.009035],[13.724303,51.009023],[13.724268,51.009006],[13.724159,51.008921],[13.724098,51.00884],[13.724055,51.008805],[13.724054,51.008785],[13.724006,51.008768],[13.723976,51.008739],[13.723975,51.008715],[13.723957,51.008705],[13.723904,51.008711],[13.723868,51.008692],[13.723763,51.008638],[13.723604,51.008575],[13.723527,51.008523],[13.723465,51.008463],[13.723133,51.008214],[13.722942,51.008134],[13.722871,51.008065],[13.722868,51.008059],[13.722882,51.007993],[13.722939,51.007956],[13.722931,51.007946],[13.722905,51.007887],[13.722918,51.007817],[13.722896,51.007793],[13.722843,51.007783],[13.722822,51.007766],[13.72279,51.007724],[13.722755,51.007705],[13.722725,51.007701],[13.722706,51.007705],[13.722685,51.007732],[13.722637,51.007744],[13.722604,51.007735],[13.722583,51.007719],[13.722545,51.007712],[13.722532,51.007733],[13.722518,51.007746],[13.722448,51.007766],[13.722375,51.007757],[13.722317,51.007738],[13.722282,51.007722],[13.722264,51.007698],[13.722279,51.007675],[13.722326,51.007655],[13.722354,51.007619],[13.722197,51.007661],[13.722015,51.007708],[13.721962,51.007735],[13.721677,51.007883],[13.721647,51.007898],[13.721223,51.007511],[13.72074,51.007071],[13.720046,51.007238],[13.71953,51.00734],[13.719175,51.007368],[13.719152,51.00737],[13.719021,51.007366],[13.718929,51.007105],[13.718873,51.007122],[13.718608,51.007208],[13.718276,51.007307],[13.717919,51.007418],[13.717785,51.00746],[13.717622,51.007494],[13.717455,51.007514],[13.717296,51.007558],[13.717108,51.007447],[13.716876,51.00731],[13.716533,51.007108],[13.716174,51.0073],[13.715829,51.00749],[13.71547,51.007659],[13.715271,51.007525],[13.715044,51.007372],[13.714734,51.007495],[13.714293,51.007758],[13.713951,51.007962],[13.71392,51.00798],[13.713847,51.008022],[13.713807,51.008045],[13.71375,51.008078],[13.713742,51.008082],[13.713734,51.008087],[13.713568,51.008174],[13.713394,51.008287],[13.712743,51.008629],[13.712525,51.008742],[13.712507,51.008746],[13.712543,51.008768],[13.712554,51.008788],[13.712628,51.00882],[13.712755,51.008851],[13.712809,51.008872],[13.712818,51.008886],[13.712823,51.008894],[13.713084,51.009],[13.713113,51.009043],[13.713154,51.009192],[13.713242,51.009314],[13.713343,51.009347],[13.713658,51.009504],[13.713896,51.009656],[13.713919,51.009717],[13.713971,51.009762],[13.71403,51.009806],[13.714145,51.009886],[13.71419,51.009917],[13.714208,51.009937],[13.714258,51.009994],[13.71427,51.010026],[13.714251,51.010042],[13.714226,51.010073],[13.71422,51.010106],[13.714235,51.010141],[13.714271,51.010166],[13.714432,51.010223],[13.714665,51.010246],[13.715208,51.010409],[13.715124,51.010637],[13.715117,51.010698],[13.715124,51.010724],[13.715137,51.010773],[13.715175,51.010915],[13.71518,51.01113],[13.715181,51.011159],[13.71516,51.011268],[13.715066,51.011522],[13.71494,51.011794],[13.714718,51.012122],[13.714526,51.012391],[13.714476,51.012461],[13.714267,51.01277],[13.714107,51.013006],[13.71447,51.013081],[13.714433,51.01321],[13.714424,51.013242],[13.714298,51.013674],[13.714295,51.013685],[13.714284,51.013721],[13.714269,51.013931],[13.714259,51.014028],[13.71417,51.014098],[13.714255,51.014139],[13.714315,51.014164],[13.714238,51.01424],[13.714231,51.014305],[13.71423,51.014314],[13.71423,51.014325],[13.714223,51.014436],[13.71422,51.014652],[13.71422,51.014664],[13.71422,51.01471],[13.714213,51.015057],[13.714209,51.01514],[13.714292,51.015213],[13.714128,51.015289],[13.7142,51.015373],[13.714191,51.015614],[13.71419,51.015618],[13.71419,51.015631],[13.714055,51.015705],[13.714084,51.015736],[13.7141,51.015753],[13.714373,51.01608],[13.714745,51.016558],[13.714898,51.01676],[13.714973,51.016859],[13.715096,51.017022],[13.715187,51.017143],[13.715202,51.017147],[13.715291,51.017495],[13.715383,51.017889],[13.715391,51.018179],[13.715388,51.018193],[13.715245,51.018229],[13.714946,51.018299],[13.714642,51.018363],[13.71451,51.01839],[13.714597,51.018523],[13.714585,51.018612],[13.714845,51.018627],[13.714864,51.018864],[13.714889,51.019057],[13.714906,51.019094],[13.714917,51.019118],[13.715079,51.019402],[13.715102,51.019442],[13.715246,51.019717],[13.715213,51.019724],[13.715261,51.019809],[13.715388,51.020031],[13.715379,51.020033],[13.714904,51.020142],[13.71442,51.02025],[13.714345,51.020266],[13.714482,51.020506],[13.714491,51.020596],[13.714555,51.020593],[13.714577,51.020596],[13.714619,51.020602],[13.714587,51.02069],[13.714698,51.020884],[13.714577,51.020911],[13.714389,51.020954],[13.714201,51.020996],[13.714014,51.021039],[13.713825,51.021081],[13.713483,51.021158],[13.713215,51.021219],[13.713371,51.021494],[13.713411,51.021565],[13.713408,51.021573],[13.713323,51.021767],[13.713174,51.022103],[13.713164,51.022127],[13.713102,51.022259],[13.713106,51.022259],[13.713265,51.022288],[13.713482,51.02232],[13.713696,51.022346],[13.713921,51.022366],[13.71414,51.022381],[13.714582,51.022394],[13.714805,51.022392],[13.715021,51.022383],[13.715335,51.022365],[13.715661,51.022338],[13.715981,51.022307],[13.716427,51.022249],[13.716422,51.022235],[13.716506,51.022222],[13.716624,51.022172],[13.716563,51.022042],[13.716691,51.022006],[13.717239,51.021856],[13.717296,51.021844],[13.717367,51.021832],[13.717482,51.021835],[13.7176,51.021729],[13.718105,51.021302],[13.718259,51.021142],[13.718424,51.020991],[13.718602,51.020838],[13.718731,51.020729],[13.718838,51.020649],[13.718949,51.020705],[13.719133,51.020614],[13.719613,51.020551],[13.719966,51.02045],[13.720085,51.02034],[13.720128,51.020317],[13.72021,51.020273],[13.720303,51.020205],[13.720395,51.020186],[13.720476,51.020164],[13.720556,51.020143],[13.72064,51.020113],[13.720754,51.020072],[13.720859,51.020019],[13.720942,51.019974],[13.721021,51.019922],[13.721054,51.019892],[13.721091,51.019896],[13.721803,51.019976],[13.722322,51.02003],[13.723224,51.020097],[13.723742,51.019424],[13.723805,51.019328],[13.723826,51.019275],[13.724022,51.019293],[13.726,51.019497],[13.726398,51.01954],[13.726547,51.019553],[13.726685,51.019566],[13.727035,51.019588],[13.727971,51.019621],[13.728678,51.019671],[13.728776,51.019682],[13.728825,51.019691],[13.729031,51.019696],[13.729173,51.019703],[13.729261,51.019706],[13.729313,51.019707],[13.729315,51.019707],[13.729469,51.019717],[13.729473,51.019717],[13.729476,51.019717],[13.729477,51.019718],[13.729491,51.019718],[13.729593,51.019723],[13.729706,51.019728],[13.729823,51.019734],[13.73011,51.019747],[13.730518,51.019767],[13.730881,51.019755],[13.731329,51.019705],[13.731343,51.019704],[13.731577,51.019663],[13.731775,51.019631],[13.732348,51.01955],[13.733488,51.019366],[13.734557,51.019205],[13.735039,51.019133],[13.735321,51.019115],[13.735984,51.019098],[13.736718,51.019099],[13.737322,51.0191],[13.738641,51.01914],[13.738829,51.019147],[13.739457,51.019169],[13.739796,51.019184],[13.740125,51.019199],[13.740594,51.019219],[13.74118,51.019239],[13.741858,51.019282],[13.742342,51.0193],[13.742771,51.019304],[13.743263,51.019317],[13.743624,51.019326],[13.744329,51.019361],[13.74497,51.019405],[13.74537,51.019447],[13.745966,51.019516],[13.746635,51.019604],[13.747122,51.019685],[13.74749,51.019764],[13.7477,51.01958],[13.747937,51.019375],[13.748134,51.01923],[13.748277,51.019124],[13.74833,51.019084],[13.748388,51.019062],[13.748462,51.019021],[13.748588,51.018943],[13.748654,51.018903],[13.748736,51.018852],[13.748804,51.018807],[13.748857,51.018761],[13.748871,51.018747],[13.748917,51.018701],[13.748981,51.018637],[13.749046,51.018566],[13.749101,51.018506],[13.749157,51.018439],[13.749195,51.01839],[13.749232,51.018342],[13.74935,51.018191],[13.749364,51.018175],[13.749434,51.018092],[13.749517,51.018007],[13.749652,51.017881],[13.749765,51.017784],[13.749799,51.017755],[13.749834,51.017726],[13.749888,51.017694],[13.749906,51.017686],[13.749936,51.017672],[13.750007,51.017656],[13.750098,51.017646],[13.750264,51.017637],[13.750417,51.017627],[13.750583,51.017609],[13.750744,51.017574],[13.750879,51.017544],[13.751002,51.017507],[13.750945,51.01715],[13.750938,51.017071],[13.750839,51.016578],[13.750824,51.016504],[13.750817,51.016471],[13.750795,51.016381],[13.750827,51.01631],[13.7509,51.016236],[13.751023,51.016122],[13.751085,51.016058],[13.751125,51.015968],[13.751141,51.015876],[13.751231,51.015547],[13.751375,51.01502],[13.751422,51.014975],[13.751503,51.014933],[13.751883,51.014981],[13.753032,51.015148],[13.753308,51.015188],[13.753877,51.015271],[13.754163,51.015312],[13.754274,51.015339],[13.754673,51.015462],[13.755046,51.0156],[13.755292,51.015685],[13.755518,51.015768],[13.755441,51.015538],[13.755246,51.015107],[13.755243,51.015094],[13.755228,51.015031],[13.755159,51.014837],[13.755149,51.014811],[13.755089,51.014652],[13.755071,51.014577],[13.754993,51.014485],[13.754963,51.01445],[13.754857,51.014329],[13.754848,51.014319],[13.754688,51.014133],[13.754654,51.014094],[13.754465,51.01391],[13.754452,51.013899],[13.754562,51.013842],[13.754646,51.01362],[13.754664,51.01357],[13.754805,51.013183],[13.754904,51.012912],[13.755084,51.012428],[13.755139,51.012285],[13.755174,51.012194],[13.755212,51.01208],[13.755275,51.011928],[13.755333,51.011764],[13.755352,51.011716],[13.755385,51.01163],[13.755406,51.011575],[13.755444,51.011466],[13.75552,51.011267],[13.755523,51.011268],[13.755775,51.01132],[13.755994,51.011366],[13.756154,51.011031],[13.756233,51.010864],[13.756874,51.010994],[13.757074,51.010575],[13.757144,51.010498],[13.757403,51.010593],[13.757747,51.010731],[13.7578,51.010754],[13.757806,51.010757],[13.757884,51.010681],[13.758016,51.010554],[13.758111,51.01046],[13.758142,51.01043],[13.758189,51.01038],[13.758334,51.010229],[13.758347,51.010215],[13.758368,51.010193],[13.758395,51.010164],[13.758483,51.010071],[13.75851,51.010041],[13.758635,51.009917],[13.758843,51.009795],[13.758891,51.009741],[13.758998,51.009652],[13.759143,51.009508],[13.759233,51.009419],[13.759292,51.009361],[13.75943,51.009231],[13.759612,51.009303],[13.759781,51.00937],[13.759933,51.009431],[13.760073,51.009488],[13.760189,51.009537],[13.760189,51.009536],[13.760458,51.009267],[13.76054,51.009193],[13.760264,51.009073],[13.76006,51.008985],[13.759488,51.008737],[13.759144,51.008586],[13.759049,51.008538],[13.758408,51.008228],[13.758267,51.008241],[13.758222,51.008229],[13.758088,51.00817],[13.758035,51.008138],[13.757988,51.008103],[13.757857,51.007925],[13.757792,51.007853],[13.757461,51.007546],[13.75725,51.00728],[13.757157,51.007195],[13.756985,51.007055],[13.756935,51.007011],[13.75691,51.006944],[13.756904,51.006931],[13.756864,51.00672],[13.756832,51.006652],[13.756764,51.006508],[13.756695,51.006376],[13.75665,51.006304],[13.756563,51.006226],[13.756434,51.006135],[13.756334,51.006073],[13.756328,51.006069],[13.756197,51.00599],[13.756038,51.005873],[13.755942,51.005788],[13.755864,51.005695],[13.755819,51.005619],[13.755799,51.005549],[13.755786,51.00542],[13.755786,51.005264],[13.755779,51.005204],[13.755748,51.005144],[13.755703,51.005089],[13.75563,51.005034],[13.755627,51.005032],[13.755618,51.005026],[13.755093,51.004631],[13.754783,51.004464],[13.75455,51.004338],[13.75425,51.004178],[13.754236,51.003828],[13.754219,51.003605],[13.754156,51.00335],[13.754116,51.003202],[13.754056,51.00298],[13.754044,51.002882],[13.75405,51.002594],[13.754044,51.002439],[13.754019,51.002207],[13.754051,51.00204],[13.754055,51.002015],[13.754095,51.001769],[13.754944,51.001519],[13.755773,51.001238],[13.756141,51.001074],[13.756426,51.00101],[13.756672,51.000943],[13.756738,51.000832],[13.756643,51.000771],[13.756718,51.000745],[13.756718,51.000672],[13.756653,51.000554],[13.756442,51.00053],[13.756301,51.00041],[13.756138,51.000291],[13.755959,51.000352],[13.755681,51.000448],[13.755434,51.000484],[13.754959,51.000584],[13.754926,51.000595],[13.754793,51.000424],[13.75453,51.000085],[13.754206,50.999667],[13.753979,50.999751],[13.753484,50.999928],[13.752946,51.000107],[13.752766,51.000164],[13.752605,51.000215],[13.752337,51.000299],[13.751886,51.000442],[13.751875,51.000445],[13.751651,51.00017],[13.751412,50.999903],[13.751218,50.999702],[13.7512,50.999682],[13.751141,50.999631],[13.750917,50.999796],[13.750781,50.999919],[13.750579,51.000017],[13.750483,51.000076],[13.750178,51.00026],[13.749868,51.000473],[13.749857,51.000481],[13.74972,51.000695],[13.749596,51.000828],[13.749046,51.001254],[13.748948,51.001337],[13.748887,51.001389],[13.748798,51.001466],[13.748787,51.001476],[13.748702,51.001548],[13.748633,51.001608],[13.748615,51.001622],[13.748511,51.001707],[13.748843,51.001945],[13.748817,51.001981],[13.748806,51.002],[13.748747,51.002095],[13.748704,51.002165],[13.748519,51.002419],[13.74818,51.002884],[13.747537,51.002855],[13.74695,51.002828],[13.746613,51.002782],[13.746392,51.002764],[13.746293,51.002756],[13.746089,51.00274],[13.745848,51.002829],[13.745446,51.0029],[13.744957,51.002968],[13.744479,51.003024],[13.743934,51.0031],[13.743935,51.003119],[13.743987,51.003177],[13.743955,51.003343],[13.743932,51.003468],[13.743926,51.0035],[13.743913,51.003569],[13.743892,51.003725],[13.743852,51.003931],[13.74383,51.004017],[13.743803,51.004131],[13.743533,51.004131],[13.743232,51.004123],[13.742838,51.004107],[13.742568,51.004096],[13.742052,51.004075],[13.741815,51.004066],[13.741783,51.004065],[13.74178,51.004086],[13.741756,51.004248],[13.741723,51.004478],[13.74169,51.004598],[13.741642,51.004778],[13.741616,51.004873],[13.741551,51.005116],[13.741472,51.00528],[13.741398,51.005433],[13.741319,51.005598],[13.741239,51.005735],[13.740582,51.005521],[13.740269,51.005417],[13.740008,51.005331],[13.739707,51.00568],[13.739696,51.005692],[13.739693,51.005696],[13.739666,51.005727],[13.739563,51.005683],[13.739447,51.00563],[13.739414,51.005665],[13.739372,51.005708],[13.739293,51.005793],[13.739196,51.005897],[13.739032,51.006072],[13.73901,51.006098],[13.738997,51.006112],[13.738971,51.006126],[13.739053,51.006131],[13.739098,51.006123],[13.739131,51.006137],[13.739189,51.006182],[13.739251,51.006205],[13.739301,51.006183],[13.739337,51.006213],[13.739346,51.006221],[13.739435,51.006253],[13.739461,51.006271],[13.7395,51.006302],[13.739527,51.006328],[13.739569,51.006349],[13.739634,51.006348],[13.739655,51.006385],[13.739671,51.006403],[13.739693,51.006448],[13.73973,51.006448],[13.739767,51.006485],[13.739812,51.006504],[13.739827,51.006536],[13.739919,51.006576],[13.739917,51.006601],[13.739955,51.006652],[13.740003,51.006677],[13.740026,51.006696],[13.740011,51.006703],[13.739979,51.00682],[13.73985,51.006931],[13.739615,51.007122],[13.739384,51.007311],[13.73916,51.007468],[13.738911,51.007644],[13.738681,51.007808],[13.738546,51.007904],[13.738287,51.008084],[13.738148,51.008148],[13.737675,51.008288],[13.737112,51.008407],[13.736652,51.008474],[13.736088,51.008536],[13.735455,51.008556],[13.734782,51.008577],[13.734566,51.008583],[13.734427,51.008587],[13.73437,51.008589],[13.733847,51.008604],[13.733772,51.008607],[13.733038,51.008625],[13.732286,51.008649],[13.732194,51.008651],[13.732209,51.008663],[13.732331,51.00922],[13.732469,51.009705],[13.732475,51.009725],[13.73204,51.009731],[13.731575,51.009727],[13.730992,51.009731],[13.73096,51.009922],[13.730922,51.010149],[13.730768,51.010153],[13.73026,51.010169],[13.730239,51.01017],[13.730214,51.010164],[13.730121,51.010149]]]}},{"type":"Feature","id":"dresden-63","properties":{"city":"Dresden","state":"Sachsen","code":"63","name":"Kleinzschachwitz mit Meußlitz und Zschieren","name_atlas":"Kleinzschachwitz/Meußlitz/Zschieren","population_est":8280,"crime_total":{"cases":167,"rate":2017.0},"homicide":{"cases":0,"rate":0.0},"sexual":{"cases":8,"rate":96.6},"violence_proxy":{"cases":29,"rate":350.2},"property_total":{"cases":44,"rate":531.4},"simple_theft":{"cases":16,"rate":193.2},"aggravated_theft":{"cases":28,"rate":338.2},"fraud":{"cases":26,"rate":314.0},"other_stgb":{"cases":57,"rate":688.4},"secondary_law":{"cases":3,"rate":36.2}},"geometry":{"type":"Polygon","coordinates":[[[13.847397,51.018351],[13.847996,51.017797],[13.848587,51.01731],[13.849286,51.016771],[13.849944,51.016348],[13.850724,51.015849],[13.852112,51.015028],[13.852625,51.01474],[13.853465,51.014283],[13.853973,51.014004],[13.854374,51.013794],[13.854852,51.013547],[13.855315,51.013327],[13.855744,51.013121],[13.856177,51.012927],[13.856563,51.012758],[13.856934,51.012596],[13.857269,51.012469],[13.857475,51.012394],[13.857928,51.012236],[13.858657,51.01203],[13.859379,51.011811],[13.860251,51.011545],[13.861079,51.011292],[13.86163,51.011108],[13.862232,51.010852],[13.862566,51.01071],[13.86262,51.010687],[13.862673,51.010663],[13.862727,51.010639],[13.86278,51.010615],[13.862833,51.01059],[13.862886,51.010566],[13.862939,51.010542],[13.862992,51.010517],[13.863045,51.010493],[13.863098,51.010468],[13.86315,51.010444],[13.863203,51.010419],[13.863255,51.010394],[13.863307,51.010369],[13.863359,51.010344],[13.863412,51.010319],[13.863463,51.010294],[13.863515,51.010268],[13.863567,51.010243],[13.863619,51.010218],[13.86367,51.010192],[13.863722,51.010166],[13.863773,51.010141],[13.863824,51.010115],[13.863876,51.010089],[13.863927,51.010063],[13.863978,51.010037],[13.864028,51.010011],[13.864079,51.009985],[13.86413,51.009959],[13.86418,51.009932],[13.864231,51.009906],[13.864281,51.009879],[13.864331,51.009853],[13.864381,51.009826],[13.864431,51.009799],[13.864481,51.009773],[13.864531,51.009746],[13.864581,51.009719],[13.86463,51.009692],[13.86468,51.009664],[13.864729,51.009637],[13.864778,51.00961],[13.864827,51.009583],[13.864876,51.009555],[13.864925,51.009528],[13.864974,51.0095],[13.865023,51.009472],[13.865071,51.009445],[13.86512,51.009417],[13.865168,51.009389],[13.865216,51.009361],[13.865264,51.009333],[13.865312,51.009305],[13.86536,51.009276],[13.865408,51.009248],[13.865456,51.00922],[13.865503,51.009191],[13.865551,51.009163],[13.865598,51.009134],[13.865645,51.009105],[13.865692,51.009077],[13.865739,51.009048],[13.865786,51.009019],[13.86643,51.008613],[13.866508,51.008062],[13.866761,51.007603],[13.867131,51.007117],[13.867527,51.006473],[13.867949,51.005894],[13.868259,51.005457],[13.868638,51.004876],[13.868907,51.00426],[13.869244,51.003787],[13.869613,51.003333],[13.869948,51.002887],[13.870316,51.002514],[13.870952,51.001961],[13.87137,51.001647],[13.871707,51.001394],[13.872295,51.001017],[13.873036,51.000522],[13.873902,51.000007],[13.874648,50.999811],[13.875287,50.999218],[13.875561,50.998705],[13.875861,50.99823],[13.876376,50.997452],[13.876764,50.99675],[13.877387,50.995793],[13.877697,50.995271],[13.878132,50.994573],[13.878522,50.993977],[13.878971,50.993354],[13.879344,50.992763],[13.879812,50.992085],[13.880258,50.991419],[13.88072,50.990715],[13.881085,50.990157],[13.881587,50.989342],[13.881992,50.988691],[13.88244,50.987882],[13.882806,50.987212],[13.882942,50.986899],[13.883137,50.986523],[13.883495,50.985835],[13.883749,50.985276],[13.884022,50.984661],[13.884227,50.984135],[13.884442,50.983435],[13.884533,50.98276],[13.884568,50.982248],[13.884568,50.982244],[13.883821,50.982231],[13.883678,50.982229],[13.883593,50.982227],[13.88353,50.98223],[13.883511,50.982231],[13.883223,50.982241],[13.883179,50.982243],[13.882956,50.982251],[13.882945,50.982251],[13.882547,50.982265],[13.881759,50.98229],[13.880798,50.982318],[13.880787,50.982413],[13.88076,50.982587],[13.880718,50.982783],[13.880672,50.982973],[13.88063,50.983171],[13.880573,50.983372],[13.880508,50.983566],[13.88042,50.98381],[13.880608,50.983822],[13.88057,50.983956],[13.880516,50.984101],[13.880449,50.984287],[13.880412,50.98438],[13.880343,50.984529],[13.880305,50.984603],[13.880167,50.98486],[13.88009,50.984989],[13.880052,50.985049],[13.879711,50.985523],[13.879681,50.985511],[13.879591,50.985488],[13.879537,50.985476],[13.879315,50.985417],[13.879289,50.985412],[13.879192,50.985387],[13.879043,50.985352],[13.879016,50.985347],[13.878992,50.985342],[13.878915,50.985327],[13.878773,50.985302],[13.878692,50.985286],[13.878672,50.985282],[13.878517,50.985257],[13.878821,50.984473],[13.878874,50.984331],[13.879043,50.983893],[13.878362,50.983823],[13.877638,50.983746],[13.876925,50.983671],[13.876216,50.983621],[13.875387,50.98356],[13.874725,50.983512],[13.874595,50.983504],[13.874529,50.983437],[13.874501,50.983423],[13.874446,50.983396],[13.874398,50.983379],[13.874285,50.983342],[13.874143,50.983304],[13.874081,50.983306],[13.874038,50.983309],[13.874006,50.983311],[13.873871,50.983327],[13.87373,50.983344],[13.873598,50.983364],[13.873475,50.983377],[13.873311,50.983387],[13.873161,50.983399],[13.872922,50.983425],[13.872735,50.983444],[13.872677,50.983459],[13.872458,50.98353],[13.872417,50.983543],[13.872361,50.983563],[13.872339,50.983563],[13.872229,50.98355],[13.872179,50.98356],[13.872074,50.983617],[13.872016,50.983644],[13.871971,50.983671],[13.871852,50.983746],[13.87178,50.983792],[13.871677,50.983851],[13.871595,50.98392],[13.871508,50.983992],[13.871413,50.984069],[13.871326,50.984131],[13.87122,50.984202],[13.871172,50.98423],[13.871109,50.984257],[13.871011,50.984312],[13.870916,50.984363],[13.870879,50.984394],[13.870845,50.984422],[13.87081,50.98445],[13.870776,50.984485],[13.870708,50.984564],[13.870659,50.984634],[13.870631,50.984702],[13.870604,50.98473],[13.870565,50.984758],[13.870479,50.98481],[13.870426,50.984831],[13.870381,50.98486],[13.870311,50.984924],[13.870225,50.984986],[13.870134,50.985055],[13.870054,50.985133],[13.869973,50.985212],[13.86993,50.98525],[13.86988,50.98528],[13.869783,50.985344],[13.869648,50.985432],[13.869582,50.985458],[13.869519,50.985476],[13.869486,50.985497],[13.869445,50.985539],[13.869362,50.985644],[13.869356,50.98572],[13.869348,50.985794],[13.869337,50.985865],[13.86933,50.985912],[13.869321,50.985929],[13.869306,50.985952],[13.869248,50.985997],[13.869195,50.986038],[13.869125,50.986102],[13.869119,50.986116],[13.86911,50.986134],[13.869065,50.98617],[13.868938,50.986249],[13.86884,50.986306],[13.86878,50.986336],[13.868757,50.986344],[13.868679,50.986379],[13.868647,50.986388],[13.868606,50.986405],[13.868536,50.986449],[13.868483,50.986487],[13.868409,50.986524],[13.868346,50.98654],[13.868314,50.986546],[13.868288,50.986546],[13.868237,50.986548],[13.868195,50.986557],[13.868149,50.986581],[13.868057,50.986636],[13.868036,50.986657],[13.868024,50.98669],[13.868001,50.986725],[13.867975,50.98676],[13.867928,50.986781],[13.86788,50.986798],[13.867838,50.986808],[13.867801,50.986823],[13.867717,50.98686],[13.867655,50.986873],[13.867581,50.986875],[13.867516,50.986881],[13.867457,50.986888],[13.867396,50.986918],[13.867354,50.986958],[13.867314,50.986993],[13.867263,50.987032],[13.867139,50.987103],[13.867071,50.987147],[13.867019,50.987175],[13.866977,50.987199],[13.86692,50.987215],[13.866877,50.987229],[13.866778,50.987279],[13.866729,50.987304],[13.866679,50.987326],[13.86662,50.987359],[13.866509,50.98741],[13.866427,50.98744],[13.866369,50.987484],[13.866299,50.987529],[13.866215,50.987574],[13.866159,50.987604],[13.866085,50.987647],[13.866044,50.987683],[13.865997,50.987731],[13.865908,50.9878],[13.865841,50.987847],[13.86571,50.987954],[13.865506,50.988124],[13.865353,50.988268],[13.865306,50.98831],[13.865243,50.988366],[13.865158,50.988463],[13.865047,50.988609],[13.864945,50.98878],[13.864914,50.988849],[13.864875,50.988916],[13.864824,50.988964],[13.864764,50.989005],[13.864693,50.989045],[13.864623,50.989077],[13.864532,50.989115],[13.864373,50.989205],[13.864236,50.989305],[13.864091,50.989407],[13.864025,50.989436],[13.863956,50.989466],[13.863877,50.989514],[13.863782,50.989582],[13.863597,50.989694],[13.863406,50.989807],[13.863378,50.989824],[13.86329,50.989879],[13.863085,50.990008],[13.862703,50.990226],[13.862675,50.990241],[13.862648,50.99026],[13.86263,50.990273],[13.862572,50.990305],[13.862521,50.990333],[13.862478,50.99035],[13.862365,50.99039],[13.862136,50.990449],[13.862038,50.990457],[13.861931,50.990505],[13.861903,50.990533],[13.861853,50.990584],[13.861825,50.990612],[13.861754,50.990645],[13.861709,50.990666],[13.861541,50.990758],[13.861522,50.990778],[13.861494,50.990822],[13.861487,50.990833],[13.861444,50.990878],[13.861435,50.990886],[13.861388,50.990926],[13.861375,50.990936],[13.861291,50.990998],[13.861197,50.991058],[13.861084,50.991119],[13.861035,50.991148],[13.860977,50.991182],[13.860856,50.991259],[13.860717,50.991349],[13.860622,50.99141],[13.860612,50.991417],[13.860541,50.991463],[13.860382,50.991566],[13.860349,50.99159],[13.860275,50.991644],[13.860249,50.991715],[13.860248,50.991716],[13.860108,50.991878],[13.860051,50.991923],[13.860048,50.991927],[13.859947,50.99203],[13.859857,50.992103],[13.859827,50.992123],[13.859664,50.992293],[13.859621,50.992329],[13.859544,50.992393],[13.859471,50.992454],[13.859157,50.992643],[13.858849,50.992831],[13.858645,50.992955],[13.858636,50.992948],[13.858628,50.992953],[13.858571,50.992976],[13.858149,50.9932],[13.858036,50.99326],[13.857532,50.993538],[13.857043,50.993789],[13.856706,50.993962],[13.855923,50.994361],[13.855629,50.994519],[13.855379,50.994639],[13.855307,50.994674],[13.855126,50.994746],[13.854938,50.994827],[13.854766,50.994892],[13.854712,50.994922],[13.854596,50.994985],[13.854451,50.99505],[13.854155,50.995209],[13.854144,50.995214],[13.854064,50.99525],[13.853932,50.995321],[13.853767,50.995385],[13.853591,50.995476],[13.853526,50.995509],[13.853419,50.995569],[13.85341,50.995562],[13.853306,50.995624],[13.853193,50.995682],[13.853113,50.995723],[13.852797,50.995884],[13.852501,50.996059],[13.852442,50.996086],[13.851913,50.996377],[13.851531,50.996594],[13.851455,50.996636],[13.851272,50.99674],[13.8511,50.996836],[13.850958,50.996922],[13.850929,50.996937],[13.850706,50.997053],[13.850494,50.997168],[13.850475,50.99718],[13.850362,50.997234],[13.850375,50.997245],[13.850262,50.9973],[13.849964,50.997465],[13.849786,50.997564],[13.849829,50.99765],[13.849663,50.997681],[13.849559,50.997709],[13.849458,50.997746],[13.849452,50.997749],[13.84927,50.997824],[13.849107,50.997875],[13.849,50.997891],[13.848801,50.997895],[13.848809,50.997985],[13.848776,50.997997],[13.848586,50.998045],[13.848366,50.998119],[13.84833,50.998129],[13.84841,50.998233],[13.848527,50.998391],[13.848554,50.998427],[13.848684,50.998483],[13.848894,50.998824],[13.848902,50.999184],[13.848794,50.999646],[13.84879,50.999669],[13.848558,51.000272],[13.848278,51.000869],[13.848201,51.001042],[13.8482,51.001046],[13.848057,51.001286],[13.847908,51.001535],[13.847877,51.001588],[13.847762,51.001782],[13.847761,51.001783],[13.847668,51.001916],[13.847582,51.002039],[13.84744,51.002242],[13.84743,51.002255],[13.847379,51.002324],[13.84729,51.002444],[13.847155,51.002627],[13.847081,51.002727],[13.847027,51.0028],[13.846986,51.002848],[13.846829,51.003033],[13.846823,51.003042],[13.846736,51.003173],[13.846581,51.003412],[13.846575,51.003418],[13.846562,51.003429],[13.846505,51.003497],[13.846416,51.003598],[13.846367,51.003682],[13.846306,51.003667],[13.846257,51.003751],[13.846133,51.003896],[13.845912,51.004321],[13.845803,51.004676],[13.845819,51.005081],[13.84583,51.005182],[13.845837,51.005301],[13.845827,51.00551],[13.845813,51.005649],[13.84581,51.005846],[13.845813,51.00599],[13.845823,51.006132],[13.845853,51.006301],[13.845884,51.006536],[13.845927,51.006785],[13.845977,51.006961],[13.846038,51.007173],[13.846091,51.007359],[13.846206,51.007744],[13.846227,51.007833],[13.846311,51.007824],[13.846333,51.007913],[13.846325,51.007971],[13.846144,51.007982],[13.846214,51.00838],[13.846219,51.008388],[13.846219,51.00839],[13.846202,51.008551],[13.846178,51.008767],[13.846161,51.00892],[13.846248,51.009443],[13.846303,51.009695],[13.846397,51.009694],[13.846443,51.009895],[13.846492,51.010085],[13.846535,51.010261],[13.846553,51.010393],[13.84656,51.010532],[13.846553,51.010681],[13.846539,51.010799],[13.846526,51.010915],[13.846481,51.011113],[13.846433,51.011309],[13.846373,51.011536],[13.846309,51.011786],[13.846278,51.012026],[13.846269,51.012247],[13.846249,51.012452],[13.846224,51.012581],[13.84617,51.012729],[13.846101,51.012868],[13.84602,51.012859],[13.84602,51.01286],[13.845802,51.013207],[13.845489,51.013513],[13.845306,51.013667],[13.84526,51.013706],[13.844844,51.014056],[13.844424,51.014408],[13.844398,51.01443],[13.844103,51.014678],[13.843905,51.014886],[13.843905,51.014888],[13.843771,51.014919],[13.843811,51.014982],[13.843822,51.015004],[13.843823,51.015005],[13.843847,51.015052],[13.843878,51.015103],[13.843987,51.015136],[13.844263,51.015237],[13.844518,51.015306],[13.844775,51.015427],[13.845539,51.015787],[13.84621,51.016093],[13.846754,51.016367],[13.846988,51.016524],[13.84716,51.016707],[13.847257,51.016761],[13.847447,51.016866],[13.847495,51.016893],[13.847681,51.017006],[13.847621,51.01706],[13.847562,51.017114],[13.847418,51.017234],[13.847097,51.017503],[13.846722,51.017775],[13.846611,51.017937],[13.846592,51.017965],[13.84662,51.017986],[13.846557,51.018029],[13.846485,51.018079],[13.846476,51.018079],[13.84647,51.018087],[13.84645,51.018111],[13.846423,51.018137],[13.846409,51.018151],[13.846401,51.018159],[13.846378,51.01818],[13.846359,51.018197],[13.847093,51.01858],[13.847397,51.018351]]]}},{"type":"Feature","id":"dresden-31","properties":{"city":"Dresden","state":"Sachsen","code":"31","name":"Klotzsche","name_atlas":"Klotzsche/Flughafen/Industriegebiet/Hellerberge","population_est":14872,"crime_total":{"cases":660,"rate":4438.0},"homicide":{"cases":0,"rate":0.0},"sexual":{"cases":12,"rate":80.7},"violence_proxy":{"cases":80,"rate":537.9},"property_total":{"cases":234,"rate":1573.4},"simple_theft":{"cases":109,"rate":732.9},"aggravated_theft":{"cases":125,"rate":840.5},"fraud":{"cases":125,"rate":840.5},"other_stgb":{"cases":186,"rate":1250.7},"secondary_law":{"cases":23,"rate":154.7}},"geometry":{"type":"Polygon","coordinates":[[[13.775896,51.11023],[13.776015,51.11018],[13.776171,51.110169],[13.776941,51.110044],[13.776949,51.110028],[13.77696,51.110006],[13.777052,51.109829],[13.777053,51.109755],[13.777005,51.109667],[13.776918,51.109583],[13.776829,51.109523],[13.776727,51.109481],[13.776494,51.109453],[13.776354,51.109311],[13.775939,51.109409],[13.77559,51.109418],[13.775286,51.108994],[13.774637,51.109181],[13.774304,51.109277],[13.77417,51.109309],[13.774152,51.10928],[13.774048,51.109114],[13.773979,51.109004],[13.77351,51.108289],[13.772827,51.107314],[13.772822,51.10731],[13.772732,51.107222],[13.772656,51.107124],[13.77248,51.106867],[13.772472,51.106855],[13.772323,51.106898],[13.772117,51.106957],[13.772022,51.106983],[13.771531,51.107113],[13.771105,51.107229],[13.771153,51.107303],[13.771264,51.107476],[13.771539,51.107891],[13.771817,51.108302],[13.771727,51.108322],[13.771612,51.108345],[13.771564,51.108353],[13.771395,51.10839],[13.771235,51.108421],[13.771056,51.108459],[13.771014,51.108467],[13.770815,51.108078],[13.770714,51.108047],[13.770602,51.108073],[13.770295,51.108134],[13.770076,51.108143],[13.770038,51.108146],[13.769653,51.10819],[13.769478,51.108199],[13.769106,51.108222],[13.76889,51.108228],[13.768851,51.10823],[13.768827,51.108238],[13.768818,51.10825],[13.768815,51.108257],[13.768672,51.108255],[13.768645,51.108256],[13.768174,51.108267],[13.767705,51.108279],[13.767483,51.108258],[13.7674,51.108251],[13.767221,51.108314],[13.76716,51.108336],[13.767126,51.108348],[13.767005,51.108391],[13.766973,51.108402],[13.766861,51.108442],[13.766842,51.108449],[13.766823,51.108456],[13.766596,51.108536],[13.766124,51.108704],[13.766109,51.108713],[13.765807,51.108854],[13.765278,51.109093],[13.765241,51.109111],[13.764733,51.10935],[13.764596,51.109413],[13.76443,51.109488],[13.76431,51.109496],[13.764294,51.109498],[13.763763,51.109505],[13.763302,51.109567],[13.763013,51.109701],[13.763002,51.109706],[13.762868,51.109737],[13.762996,51.109948],[13.763244,51.110179],[13.763456,51.110372],[13.763744,51.110628],[13.763922,51.110776],[13.764047,51.110905],[13.764295,51.111132],[13.764419,51.111269],[13.764554,51.111398],[13.764643,51.11154],[13.764726,51.111682],[13.764806,51.111824],[13.764873,51.111965],[13.764888,51.11199],[13.764945,51.112089],[13.76499,51.11221],[13.765056,51.112386],[13.764943,51.112406],[13.764711,51.112459],[13.764622,51.112488],[13.764561,51.112521],[13.764533,51.112536],[13.764421,51.112604],[13.764322,51.112679],[13.764241,51.112744],[13.764202,51.112777],[13.764108,51.112854],[13.763962,51.112982],[13.76379,51.113117],[13.763686,51.113213],[13.763575,51.1133],[13.763341,51.11349],[13.763204,51.113578],[13.76306,51.113664],[13.762864,51.113776],[13.762697,51.113871],[13.76259,51.113942],[13.762488,51.114016],[13.762407,51.114091],[13.76231,51.114163],[13.762166,51.114273],[13.762033,51.114389],[13.761983,51.11444],[13.761705,51.114671],[13.7616,51.114748],[13.761477,51.11484],[13.761415,51.114886],[13.761362,51.114933],[13.761244,51.115045],[13.761102,51.115186],[13.761075,51.115213],[13.760994,51.115294],[13.760886,51.115417],[13.760744,51.115587],[13.760596,51.115731],[13.760329,51.115995],[13.760091,51.116234],[13.759916,51.116416],[13.759834,51.116491],[13.759732,51.116553],[13.759574,51.11663],[13.759346,51.116727],[13.759173,51.116797],[13.75896,51.116865],[13.758849,51.116851],[13.758764,51.116803],[13.758543,51.116721],[13.758278,51.116663],[13.75808,51.116621],[13.757997,51.116604],[13.757771,51.116565],[13.757328,51.116492],[13.757165,51.116475],[13.757023,51.116449],[13.756806,51.116428],[13.756579,51.116405],[13.756366,51.116385],[13.756091,51.116355],[13.755819,51.116329],[13.75557,51.116303],[13.755221,51.116281],[13.754985,51.116267],[13.75479,51.116256],[13.754415,51.116243],[13.754398,51.116242],[13.754,51.11624],[13.75362,51.116221],[13.753365,51.116211],[13.753122,51.1162],[13.752816,51.116175],[13.752492,51.11615],[13.752351,51.116137],[13.752481,51.116203],[13.752593,51.116633],[13.752637,51.116793],[13.75278,51.117312],[13.752848,51.117381],[13.752959,51.117401],[13.753809,51.117326],[13.754294,51.117282],[13.755638,51.117163],[13.755649,51.117162],[13.755712,51.117161],[13.755773,51.11716],[13.755852,51.117212],[13.755905,51.117313],[13.75598,51.117715],[13.756009,51.117904],[13.755866,51.117738],[13.755629,51.117775],[13.755465,51.117812],[13.755378,51.117817],[13.755259,51.117804],[13.75509,51.117752],[13.754866,51.117669],[13.754717,51.117638],[13.754578,51.117634],[13.754418,51.117662],[13.754261,51.117695],[13.754184,51.11772],[13.754249,51.1178],[13.754321,51.117956],[13.754413,51.118127],[13.754472,51.118209],[13.754459,51.118213],[13.754458,51.118213],[13.754501,51.118302],[13.754475,51.118311],[13.754546,51.11839],[13.754565,51.118426],[13.75464,51.118563],[13.754717,51.118696],[13.754767,51.118785],[13.754819,51.118884],[13.754862,51.118956],[13.754912,51.119053],[13.754976,51.119171],[13.754997,51.119218],[13.755092,51.119373],[13.755214,51.119592],[13.755233,51.119617],[13.755356,51.119823],[13.755476,51.120028],[13.755595,51.120273],[13.755652,51.120437],[13.756025,51.121149],[13.756147,51.121358],[13.756208,51.121457],[13.756207,51.121457],[13.756211,51.121458],[13.756372,51.12137],[13.756916,51.121073],[13.757314,51.120866],[13.757734,51.120643],[13.757999,51.120501],[13.758397,51.120287],[13.758436,51.120265],[13.758487,51.120236],[13.758515,51.12027],[13.758593,51.120358],[13.75871,51.120495],[13.758737,51.120595],[13.758994,51.120781],[13.759182,51.120693],[13.759333,51.120663],[13.759589,51.120612],[13.759618,51.120606],[13.75964,51.120598],[13.759982,51.120481],[13.760207,51.120646],[13.760572,51.120484],[13.760752,51.120606],[13.761283,51.120426],[13.761834,51.12024],[13.762025,51.120175],[13.762165,51.120128],[13.762315,51.120077],[13.762379,51.120056],[13.762528,51.119989],[13.762285,51.119882],[13.762833,51.119645],[13.762935,51.119721],[13.762988,51.11976],[13.763088,51.119831],[13.763242,51.11994],[13.763447,51.120086],[13.763663,51.12024],[13.763708,51.120272],[13.763743,51.120297],[13.763776,51.12032],[13.763779,51.120322],[13.763799,51.120334],[13.763827,51.120351],[13.763943,51.120426],[13.763944,51.120427],[13.764007,51.120467],[13.764174,51.120575],[13.764235,51.120615],[13.764271,51.120632],[13.764515,51.120755],[13.764672,51.120833],[13.764675,51.120835],[13.764729,51.120862],[13.764889,51.120945],[13.76504,51.121022],[13.76505,51.121027],[13.765133,51.12107],[13.765234,51.121122],[13.765422,51.121219],[13.765658,51.121338],[13.76569,51.121357],[13.765728,51.121377],[13.76576,51.121393],[13.765878,51.121457],[13.766066,51.12156],[13.766164,51.121613],[13.766251,51.121661],[13.766446,51.121767],[13.766626,51.121861],[13.766651,51.121874],[13.766933,51.122026],[13.766962,51.122041],[13.767069,51.122099],[13.767096,51.122113],[13.767383,51.122267],[13.767409,51.122283],[13.767415,51.122286],[13.767447,51.122304],[13.767478,51.122322],[13.767537,51.122356],[13.767691,51.122452],[13.767739,51.12248],[13.767857,51.122553],[13.768048,51.122689],[13.768065,51.122702],[13.768248,51.122837],[13.768305,51.122882],[13.768407,51.122965],[13.768694,51.123233],[13.768829,51.123363],[13.768985,51.123514],[13.769158,51.123681],[13.769393,51.123905],[13.769554,51.124059],[13.769581,51.124094],[13.769684,51.12421],[13.76971,51.124239],[13.769721,51.124253],[13.769722,51.124253],[13.769782,51.124329],[13.76989,51.124466],[13.769933,51.124527],[13.769961,51.124567],[13.770595,51.124424],[13.771261,51.124273],[13.771336,51.124371],[13.770787,51.124495],[13.770766,51.124503],[13.770753,51.124515],[13.770748,51.12453],[13.770754,51.124545],[13.770908,51.12475],[13.770966,51.124831],[13.771062,51.124965],[13.771079,51.124989],[13.771081,51.124992],[13.77109,51.125006],[13.771175,51.125135],[13.771242,51.125237],[13.771257,51.125261],[13.771338,51.125393],[13.771351,51.125414],[13.771376,51.125453],[13.771395,51.125485],[13.771413,51.125516],[13.771464,51.125606],[13.771516,51.125696],[13.771594,51.125841],[13.771662,51.125969],[13.772478,51.126404],[13.772529,51.126526],[13.772555,51.126586],[13.772575,51.126632],[13.772625,51.126744],[13.7727,51.126916],[13.773273,51.126809],[13.77339,51.126787],[13.773406,51.126821],[13.773542,51.127118],[13.773598,51.127249],[13.773674,51.127404],[13.773784,51.127412],[13.773942,51.127389],[13.77422,51.127382],[13.774414,51.127398],[13.774502,51.127405],[13.77477,51.127474],[13.775059,51.127584],[13.775296,51.127679],[13.775287,51.127766],[13.775463,51.1278],[13.775496,51.127803],[13.775608,51.127812],[13.77575,51.127825],[13.77599,51.127836],[13.776451,51.127844],[13.776613,51.12785],[13.777106,51.127867],[13.777838,51.127892],[13.778198,51.127905],[13.7787,51.127924],[13.778711,51.127924],[13.779241,51.127942],[13.779361,51.127946],[13.779993,51.127952],[13.780591,51.127942],[13.780635,51.12794],[13.781053,51.127919],[13.781113,51.127916],[13.781392,51.127902],[13.781818,51.127866],[13.782352,51.127811],[13.783097,51.127703],[13.783748,51.127583],[13.784347,51.127458],[13.784813,51.127344],[13.785411,51.127167],[13.785581,51.127117],[13.786011,51.126983],[13.787359,51.126556],[13.787432,51.126533],[13.788428,51.126213],[13.788783,51.126099],[13.789081,51.126007],[13.789209,51.125967],[13.78964,51.125852],[13.789732,51.125833],[13.790322,51.12571],[13.790569,51.125671],[13.790903,51.12564],[13.791237,51.125609],[13.791601,51.125568],[13.7918,51.125541],[13.791883,51.125861],[13.791962,51.126186],[13.792057,51.126495],[13.792146,51.126739],[13.792244,51.126954],[13.792297,51.127057],[13.792447,51.127013],[13.792519,51.126985],[13.792596,51.126951],[13.792936,51.12684],[13.793326,51.126699],[13.793704,51.126562],[13.794082,51.126426],[13.794461,51.126289],[13.794549,51.126256],[13.794881,51.126136],[13.794862,51.126093],[13.794849,51.126064],[13.794781,51.125909],[13.794769,51.125882],[13.794695,51.125715],[13.794679,51.125677],[13.794636,51.125579],[13.794478,51.125238],[13.794324,51.124905],[13.794173,51.124563],[13.794042,51.124278],[13.79464,51.124019],[13.794662,51.124009],[13.794731,51.12398],[13.794933,51.123892],[13.79497,51.123876],[13.795249,51.123755],[13.795681,51.123567],[13.795673,51.123442],[13.795662,51.123279],[13.795651,51.123116],[13.79564,51.122952],[13.79563,51.122806],[13.795625,51.122742],[13.795617,51.122614],[13.795656,51.122603],[13.795754,51.122578],[13.795889,51.122547],[13.796139,51.122465],[13.796356,51.122371],[13.796194,51.122213],[13.795886,51.121927],[13.795602,51.121635],[13.795347,51.121324],[13.795409,51.121315],[13.795251,51.121213],[13.795146,51.121141],[13.795015,51.121058],[13.794849,51.120948],[13.79464,51.120812],[13.794508,51.120726],[13.794482,51.12071],[13.794456,51.120695],[13.794385,51.120647],[13.794345,51.120619],[13.794309,51.120601],[13.794161,51.12055],[13.794057,51.120513],[13.794057,51.120513],[13.794111,51.120429],[13.794131,51.120434],[13.794357,51.120469],[13.794546,51.120481],[13.794851,51.120507],[13.794956,51.120516],[13.79512,51.12053],[13.795127,51.120531],[13.795184,51.120536],[13.795202,51.120537],[13.795426,51.120557],[13.795279,51.120415],[13.795555,51.120383],[13.795411,51.120231],[13.795363,51.120155],[13.795203,51.120005],[13.794568,51.119485],[13.793713,51.118686],[13.793132,51.11807],[13.793226,51.117975],[13.792961,51.117722],[13.792802,51.117767],[13.792488,51.117471],[13.791918,51.116847],[13.791285,51.11614],[13.79096,51.115807],[13.790709,51.115453],[13.790592,51.115063],[13.790465,51.114638],[13.790355,51.114524],[13.790132,51.114449],[13.789822,51.114266],[13.789555,51.114045],[13.789222,51.113771],[13.78928,51.113405],[13.788498,51.113477],[13.788176,51.113506],[13.78809,51.113514],[13.78782,51.113539],[13.787216,51.1134],[13.787204,51.113399],[13.787017,51.113377],[13.786716,51.113371],[13.786587,51.113368],[13.786303,51.113362],[13.786172,51.113375],[13.785762,51.113414],[13.785481,51.113442],[13.785414,51.113448],[13.784669,51.1134],[13.784581,51.11347],[13.78457,51.113464],[13.784347,51.113349],[13.782871,51.113249],[13.782378,51.11325],[13.782437,51.113204],[13.782482,51.113169],[13.782658,51.113078],[13.782772,51.113022],[13.782905,51.112981],[13.782885,51.112972],[13.782214,51.112676],[13.781704,51.112451],[13.781521,51.112365],[13.781454,51.112334],[13.781356,51.112273],[13.78132,51.112306],[13.781203,51.112255],[13.781008,51.112158],[13.780935,51.112122],[13.780664,51.111986],[13.780396,51.111854],[13.780123,51.111718],[13.779858,51.111586],[13.779567,51.111421],[13.779415,51.111335],[13.779393,51.111323],[13.779279,51.11127],[13.779181,51.111204],[13.778996,51.111096],[13.778819,51.110991],[13.778799,51.110985],[13.77855,51.110924],[13.778297,51.110863],[13.778049,51.110803],[13.777914,51.11077],[13.7778,51.110743],[13.777773,51.110736],[13.777709,51.11072],[13.777552,51.110683],[13.777463,51.110661],[13.777212,51.1106],[13.777206,51.110598],[13.776959,51.110542],[13.776791,51.110502],[13.776643,51.110467],[13.776296,51.110386],[13.775996,51.1103],[13.775989,51.110298],[13.775896,51.11023]]]}},{"type":"Feature","id":"dresden-36","properties":{"city":"Dresden","state":"Sachsen","code":"36","name":"Langebrück/Schönborn mit Heidehof","name_atlas":"Langebrück/Heidehof/Schönborn","population_est":4328,"crime_total":{"cases":84,"rate":1941.0},"homicide":{"cases":0,"rate":0.0},"sexual":{"cases":2,"rate":46.2},"violence_proxy":{"cases":6,"rate":138.6},"property_total":{"cases":33,"rate":762.5},"simple_theft":{"cases":13,"rate":300.4},"aggravated_theft":{"cases":20,"rate":462.1},"fraud":{"cases":20,"rate":462.1},"other_stgb":{"cases":17,"rate":392.8},"secondary_law":{"cases":6,"rate":138.6}},"geometry":{"type":"Polygon","coordinates":[[[13.853877,51.154798],[13.853907,51.154806],[13.85394,51.154815],[13.85395,51.154818],[13.853962,51.154822],[13.854389,51.154954],[13.85442,51.154965],[13.854539,51.155007],[13.854779,51.155092],[13.855121,51.155269],[13.855151,51.155283],[13.855317,51.155362],[13.855435,51.155409],[13.855603,51.155474],[13.855767,51.155529],[13.855912,51.155567],[13.855962,51.155582],[13.856111,51.155625],[13.85639,51.155728],[13.856746,51.155864],[13.856967,51.15601],[13.857202,51.156149],[13.857289,51.156089],[13.857743,51.156365],[13.857875,51.156454],[13.858188,51.156757],[13.858319,51.156884],[13.858495,51.157018],[13.858706,51.157148],[13.858827,51.157219],[13.858851,51.157234],[13.858888,51.157256],[13.858909,51.157268],[13.859365,51.157576],[13.859594,51.157698],[13.859813,51.157806],[13.859965,51.158019],[13.860034,51.158111],[13.860223,51.158029],[13.86023,51.158032],[13.860255,51.158045],[13.860281,51.158059],[13.860306,51.158069],[13.860313,51.158043],[13.860424,51.15785],[13.86056,51.157674],[13.860609,51.157575],[13.860642,51.157492],[13.86068,51.157452],[13.860684,51.157426],[13.860673,51.157414],[13.860707,51.157314],[13.860757,51.157234],[13.860827,51.15719],[13.860881,51.15718],[13.860928,51.157166],[13.860966,51.157184],[13.861149,51.157212],[13.861496,51.157268],[13.861795,51.1573],[13.862198,51.157338],[13.862407,51.157365],[13.862475,51.157344],[13.862585,51.157338],[13.862648,51.157327],[13.862732,51.157276],[13.862767,51.157201],[13.862763,51.157103],[13.86272,51.157035],[13.862699,51.156972],[13.862673,51.156949],[13.862809,51.156894],[13.863097,51.156657],[13.86317,51.156569],[13.863258,51.156487],[13.863337,51.156431],[13.86342,51.156378],[13.863484,51.156343],[13.863555,51.15627],[13.8636,51.156233],[13.863612,51.156195],[13.863804,51.156069],[13.864165,51.155816],[13.864187,51.1558],[13.864251,51.155761],[13.864356,51.155713],[13.864499,51.155642],[13.864608,51.1556],[13.864787,51.15554],[13.864903,51.15552],[13.865004,51.155496],[13.865078,51.155479],[13.865201,51.155452],[13.865265,51.155436],[13.865373,51.155424],[13.865592,51.155403],[13.865831,51.15538],[13.866283,51.155331],[13.866435,51.155321],[13.866549,51.155322],[13.866697,51.155328],[13.867031,51.15533],[13.867203,51.15532],[13.86722,51.155326],[13.86728,51.155284],[13.86744,51.155274],[13.867609,51.155264],[13.867944,51.15523],[13.868046,51.155259],[13.868366,51.155381],[13.868537,51.155427],[13.868805,51.155559],[13.86891,51.155624],[13.869092,51.155705],[13.869188,51.15575],[13.869296,51.155814],[13.869441,51.155921],[13.869504,51.155984],[13.869541,51.156094],[13.869577,51.156181],[13.869607,51.156221],[13.86965,51.15626],[13.869763,51.156339],[13.869875,51.156393],[13.870287,51.156509],[13.870377,51.156515],[13.870488,51.156513],[13.870655,51.156464],[13.870841,51.156411],[13.870931,51.156415],[13.871063,51.156421],[13.871436,51.156411],[13.871528,51.156422],[13.871541,51.156402],[13.871687,51.156404],[13.87173,51.156417],[13.871871,51.156406],[13.871916,51.156454],[13.87196,51.156487],[13.87225,51.15662],[13.87251,51.156728],[13.872749,51.156808],[13.87304,51.156919],[13.873246,51.156986],[13.873478,51.157099],[13.873557,51.157105],[13.873639,51.15708],[13.873742,51.157018],[13.873789,51.156975],[13.873889,51.156868],[13.873906,51.156812],[13.874008,51.156646],[13.874034,51.156589],[13.874117,51.156436],[13.874152,51.156376],[13.874191,51.156328],[13.874244,51.15626],[13.874291,51.156206],[13.87432,51.156155],[13.874346,51.156117],[13.874368,51.156084],[13.874371,51.156076],[13.874409,51.155992],[13.874545,51.155852],[13.874603,51.155786],[13.874682,51.155626],[13.87474,51.155517],[13.874873,51.155346],[13.874995,51.155227],[13.875208,51.155073],[13.875391,51.154993],[13.875544,51.154906],[13.875673,51.154848],[13.875814,51.154805],[13.875946,51.154775],[13.876042,51.154766],[13.876188,51.154753],[13.876499,51.15471],[13.876891,51.154644],[13.877119,51.154625],[13.877352,51.154553],[13.877464,51.154543],[13.877648,51.154557],[13.877837,51.15456],[13.877941,51.154563],[13.878019,51.154545],[13.878217,51.154453],[13.878473,51.154377],[13.878618,51.15435],[13.878863,51.15438],[13.878897,51.154423],[13.87901,51.15442],[13.879089,51.154411],[13.879214,51.154375],[13.879352,51.154352],[13.879574,51.154317],[13.879652,51.154285],[13.879745,51.154207],[13.879806,51.15406],[13.879856,51.153828],[13.879852,51.153765],[13.879815,51.153693],[13.879779,51.153694],[13.879657,51.153615],[13.879488,51.1535],[13.879265,51.153341],[13.879248,51.153304],[13.879175,51.153287],[13.879032,51.153179],[13.878819,51.15301],[13.878563,51.152827],[13.878439,51.152744],[13.878337,51.152632],[13.878237,51.152518],[13.878251,51.152441],[13.878261,51.152417],[13.878321,51.152387],[13.878414,51.152366],[13.878461,51.152363],[13.878661,51.15235],[13.878917,51.152323],[13.879088,51.152326],[13.879213,51.152302],[13.879477,51.152283],[13.879717,51.152279],[13.879923,51.152233],[13.880023,51.152205],[13.880145,51.152163],[13.880272,51.152107],[13.880318,51.15209],[13.88037,51.152035],[13.880386,51.152009],[13.880339,51.151875],[13.880285,51.151798],[13.880252,51.151662],[13.880274,51.151496],[13.880284,51.151342],[13.880261,51.151131],[13.880281,51.150991],[13.880258,51.150908],[13.880338,51.150763],[13.880406,51.15056],[13.880412,51.150487],[13.880424,51.15033],[13.880495,51.150232],[13.88051,51.150161],[13.88057,51.150128],[13.880714,51.150082],[13.880841,51.150093],[13.880984,51.150141],[13.881439,51.150173],[13.881471,51.150174],[13.881512,51.150176],[13.88164,51.150186],[13.882124,51.150266],[13.882558,51.150203],[13.88272,51.150191],[13.88291,51.150203],[13.883041,51.150214],[13.883182,51.150201],[13.883288,51.150207],[13.883354,51.150233],[13.883467,51.150184],[13.883578,51.150059],[13.883711,51.149901],[13.883857,51.149818],[13.883914,51.149756],[13.884159,51.149544],[13.884195,51.14949],[13.884282,51.149413],[13.884521,51.149224],[13.884573,51.149165],[13.88463,51.149036],[13.88462,51.148939],[13.884476,51.148764],[13.884336,51.148585],[13.884251,51.148377],[13.884115,51.148078],[13.88411,51.14806],[13.884046,51.147904],[13.883987,51.147798],[13.883917,51.147519],[13.883854,51.147249],[13.883811,51.147084],[13.883705,51.146817],[13.883695,51.146762],[13.883695,51.146722],[13.883697,51.146664],[13.883702,51.146601],[13.883718,51.146512],[13.883746,51.146465],[13.883827,51.146435],[13.884157,51.146421],[13.884208,51.146418],[13.88448,51.146412],[13.885011,51.146333],[13.885441,51.146387],[13.886104,51.146393],[13.886196,51.146371],[13.886314,51.146245],[13.886378,51.146197],[13.886574,51.146135],[13.886682,51.146127],[13.886983,51.146107],[13.887214,51.146126],[13.887706,51.146072],[13.887828,51.146016],[13.887931,51.145943],[13.887993,51.145865],[13.887993,51.14582],[13.887851,51.145553],[13.887722,51.145336],[13.887713,51.145211],[13.887744,51.145124],[13.88776,51.145034],[13.887642,51.144993],[13.8875,51.144971],[13.887475,51.14496],[13.887405,51.144927],[13.887299,51.144768],[13.887202,51.144621],[13.887181,51.144267],[13.887205,51.144127],[13.887281,51.144019],[13.887396,51.14392],[13.887536,51.143748],[13.887783,51.143585],[13.887984,51.14345],[13.888137,51.143379],[13.888438,51.143248],[13.888767,51.143097],[13.888882,51.143028],[13.888964,51.142991],[13.889157,51.142934],[13.889268,51.142899],[13.889171,51.142811],[13.889146,51.142778],[13.889139,51.142767],[13.888994,51.14272],[13.888771,51.14265],[13.888675,51.142622],[13.888603,51.142657],[13.88845,51.142447],[13.888324,51.14226],[13.888262,51.142105],[13.888225,51.141977],[13.888207,51.141854],[13.888188,51.141736],[13.888145,51.141541],[13.888218,51.141395],[13.888302,51.141254],[13.888251,51.141076],[13.888248,51.141031],[13.888233,51.140902],[13.888212,51.14085],[13.888156,51.140711],[13.888098,51.140567],[13.887928,51.140396],[13.88775,51.140382],[13.8875,51.140357],[13.887287,51.140293],[13.887055,51.140221],[13.886823,51.140145],[13.886629,51.140082],[13.886593,51.140071],[13.886128,51.13989],[13.885688,51.139737],[13.885585,51.139717],[13.88553,51.139707],[13.885357,51.139676],[13.885093,51.139637],[13.885024,51.139623],[13.885016,51.139621],[13.884857,51.139588],[13.884746,51.139569],[13.884741,51.139568],[13.884481,51.1395],[13.884462,51.139494],[13.884227,51.139428],[13.883977,51.139372],[13.883917,51.139359],[13.883675,51.13932],[13.883534,51.139297],[13.883356,51.139278],[13.883157,51.139257],[13.883007,51.139248],[13.882748,51.139234],[13.882648,51.139229],[13.882484,51.13922],[13.882338,51.139212],[13.882229,51.139208],[13.882011,51.139199],[13.881967,51.139196],[13.881794,51.139189],[13.881708,51.139187],[13.881626,51.139181],[13.881456,51.139168],[13.881418,51.139165],[13.881213,51.139142],[13.881029,51.139126],[13.880947,51.139117],[13.880729,51.139091],[13.880696,51.139087],[13.88047,51.139059],[13.880254,51.139034],[13.880045,51.13901],[13.88,51.139001],[13.879766,51.138952],[13.879636,51.138925],[13.879538,51.138898],[13.879287,51.138827],[13.879079,51.138769],[13.879178,51.138591],[13.879282,51.138406],[13.878993,51.138338],[13.878926,51.138323],[13.878725,51.138277],[13.878607,51.138244],[13.878382,51.138182],[13.878289,51.138165],[13.87807,51.138126],[13.877963,51.138121],[13.877876,51.138116],[13.877779,51.138111],[13.877514,51.13802],[13.877358,51.137977],[13.877199,51.137942],[13.87697,51.137895],[13.876941,51.137889],[13.876926,51.137885],[13.876506,51.138136],[13.876336,51.138191],[13.876323,51.138196],[13.876299,51.138193],[13.875557,51.138085],[13.874999,51.137989],[13.874854,51.137959],[13.874773,51.137943],[13.874561,51.137884],[13.874318,51.137816],[13.874284,51.137803],[13.874035,51.137712],[13.873985,51.137694],[13.873867,51.137651],[13.87379,51.137619],[13.873553,51.137518],[13.873486,51.13749],[13.873315,51.137416],[13.873119,51.137332],[13.873077,51.137313],[13.872828,51.137213],[13.872721,51.137162],[13.872588,51.13711],[13.872345,51.137007],[13.872316,51.136994],[13.872092,51.136907],[13.871912,51.136833],[13.871839,51.136807],[13.87159,51.136707],[13.87151,51.136673],[13.871339,51.136609],[13.871089,51.136511],[13.871049,51.136495],[13.870911,51.136441],[13.870849,51.136416],[13.870597,51.136316],[13.870587,51.136312],[13.870393,51.136238],[13.870357,51.136222],[13.870185,51.136144],[13.87011,51.13611],[13.869975,51.136049],[13.869874,51.136001],[13.869761,51.135949],[13.869495,51.135835],[13.869478,51.13583],[13.869441,51.135816],[13.869544,51.135699],[13.869572,51.135647],[13.869622,51.135555],[13.869678,51.135435],[13.869733,51.135333],[13.869764,51.135273],[13.869826,51.135144],[13.869844,51.135107],[13.869863,51.135069],[13.869987,51.134779],[13.870107,51.134521],[13.870206,51.134392],[13.870207,51.13439],[13.87021,51.134385],[13.870345,51.134126],[13.870421,51.133896],[13.870449,51.133764],[13.870462,51.133594],[13.870462,51.133587],[13.870462,51.133575],[13.87046,51.133434],[13.870458,51.133287],[13.870441,51.133198],[13.870408,51.133019],[13.87035,51.132788],[13.87036,51.132605],[13.870396,51.132409],[13.870486,51.132208],[13.870619,51.132072],[13.870743,51.131918],[13.870895,51.131439],[13.871143,51.130603],[13.871287,51.130209],[13.871445,51.129851],[13.871528,51.1297],[13.871691,51.129402],[13.871768,51.129292],[13.871774,51.129285],[13.871806,51.129247],[13.871927,51.129076],[13.872049,51.128836],[13.872052,51.12883],[13.872081,51.128778],[13.872144,51.128663],[13.872152,51.128646],[13.872229,51.128517],[13.872273,51.128407],[13.87232,51.128309],[13.872387,51.128159],[13.872494,51.12791],[13.872603,51.127814],[13.872697,51.127722],[13.872883,51.127562],[13.872619,51.127444],[13.872582,51.127428],[13.872477,51.127431],[13.871955,51.127448],[13.871879,51.127465],[13.871802,51.12748],[13.871545,51.127536],[13.871258,51.127576],[13.870333,51.127704],[13.869707,51.12781],[13.869137,51.127858],[13.868711,51.12787],[13.868305,51.127868],[13.868137,51.12787],[13.867643,51.128098],[13.867529,51.128119],[13.867381,51.128146],[13.86712,51.128097],[13.86638,51.127959],[13.866353,51.127954],[13.865252,51.127748],[13.864649,51.127636],[13.864587,51.12761],[13.864529,51.127587],[13.864626,51.127497],[13.864512,51.127442],[13.864305,51.127216],[13.864036,51.126922],[13.864003,51.126891],[13.863885,51.126615],[13.863824,51.126471],[13.863354,51.12609],[13.863069,51.12586],[13.862785,51.125696],[13.862338,51.125444],[13.861716,51.125669],[13.86149,51.125723],[13.861352,51.125759],[13.861069,51.125832],[13.861024,51.125843],[13.860815,51.125892],[13.860798,51.125896],[13.860701,51.125923],[13.860675,51.126463],[13.860663,51.126489],[13.860239,51.127141],[13.860152,51.127273],[13.860139,51.127276],[13.859897,51.127324],[13.859631,51.127374],[13.859038,51.127529],[13.858488,51.127666],[13.858284,51.12799],[13.858148,51.127919],[13.857747,51.12786],[13.857185,51.127737],[13.857091,51.127711],[13.856612,51.127609],[13.856566,51.127601],[13.856183,51.12754],[13.856179,51.12754],[13.856117,51.127526],[13.855781,51.127486],[13.855754,51.127477],[13.855268,51.127459],[13.855229,51.127458],[13.855085,51.127453],[13.855027,51.127458],[13.854568,51.127454],[13.854387,51.127428],[13.854008,51.127374],[13.853963,51.127368],[13.853796,51.127015],[13.853753,51.126783],[13.853733,51.126677],[13.85347,51.126464],[13.853626,51.126356],[13.853665,51.126252],[13.853552,51.125968],[13.853543,51.125944],[13.853398,51.125929],[13.853166,51.125903],[13.853132,51.125899],[13.853111,51.125897],[13.853104,51.125896],[13.853102,51.125896],[13.853054,51.125891],[13.852748,51.12585],[13.852629,51.1258],[13.852697,51.125721],[13.852809,51.125596],[13.852878,51.125516],[13.853234,51.125105],[13.853082,51.125129],[13.8521,51.125286],[13.851835,51.125329],[13.851702,51.125351],[13.851385,51.125406],[13.851069,51.12546],[13.85078,51.125506],[13.850521,51.12554],[13.850173,51.125595],[13.849792,51.125657],[13.84956,51.12569],[13.849505,51.125679],[13.848991,51.125579],[13.84899,51.125573],[13.848007,51.125735],[13.847395,51.125832],[13.847203,51.125762],[13.846881,51.125644],[13.846811,51.125616],[13.846707,51.125566],[13.846625,51.125493],[13.847075,51.125295],[13.847531,51.124787],[13.847641,51.124816],[13.847704,51.124841],[13.847971,51.124948],[13.848192,51.124718],[13.847889,51.124595],[13.847784,51.124548],[13.848198,51.124164],[13.848253,51.124017],[13.848282,51.123888],[13.848308,51.12379],[13.848304,51.123736],[13.847853,51.123384],[13.847035,51.122745],[13.84701,51.122767],[13.846894,51.122715],[13.846676,51.122571],[13.846365,51.122472],[13.84597,51.12253],[13.845916,51.122535],[13.845837,51.122543],[13.845829,51.122544],[13.845783,51.122546],[13.845269,51.122576],[13.845022,51.122589],[13.844148,51.122632],[13.84384,51.122651],[13.843514,51.122655],[13.843235,51.122597],[13.84244,51.122268],[13.8418,51.122005],[13.841785,51.121999],[13.841111,51.121717],[13.84056,51.121517],[13.839942,51.121257],[13.83947,51.121045],[13.839309,51.120971],[13.839217,51.120898],[13.839148,51.120814],[13.839144,51.12081],[13.839019,51.120854],[13.839018,51.120853],[13.838826,51.120789],[13.83865,51.120721],[13.838358,51.120601],[13.838309,51.120593],[13.838245,51.120593],[13.838168,51.120603],[13.837824,51.120662],[13.837688,51.12069],[13.837686,51.120685],[13.837548,51.120709],[13.837359,51.120741],[13.83719,51.12077],[13.83655,51.12088],[13.836507,51.120911],[13.836418,51.120982],[13.836396,51.120971],[13.836298,51.120905],[13.836205,51.12092],[13.83547,51.121036],[13.835428,51.121043],[13.835134,51.121075],[13.834899,51.121101],[13.834829,51.121109],[13.834499,51.121163],[13.834236,51.121204],[13.834105,51.121243],[13.833782,51.121342],[13.833699,51.121367],[13.833073,51.121558],[13.831812,51.121941],[13.830622,51.122045],[13.830584,51.122048],[13.829572,51.122126],[13.829081,51.122168],[13.828609,51.122209],[13.828561,51.122213],[13.828309,51.122366],[13.828038,51.122531],[13.827949,51.122585],[13.827716,51.122726],[13.827423,51.122904],[13.826792,51.123727],[13.826725,51.123788],[13.826711,51.1238],[13.826194,51.124469],[13.826196,51.124479],[13.826254,51.124754],[13.826335,51.12514],[13.826555,51.125278],[13.824702,51.125483],[13.822178,51.125758],[13.821299,51.125857],[13.820783,51.125904],[13.820355,51.125917],[13.819356,51.125899],[13.818798,51.125889],[13.818141,51.125876],[13.817162,51.125855],[13.816965,51.126563],[13.816961,51.126852],[13.816956,51.127189],[13.816954,51.127297],[13.816952,51.127347],[13.816809,51.127344],[13.816412,51.127476],[13.816427,51.127549],[13.816467,51.12773],[13.816485,51.127828],[13.816828,51.127872],[13.816952,51.127828],[13.816939,51.127917],[13.817012,51.128208],[13.817042,51.128339],[13.817082,51.12841],[13.817175,51.128576],[13.817181,51.128588],[13.817277,51.128828],[13.817332,51.128967],[13.817377,51.129079],[13.817387,51.129105],[13.817449,51.129259],[13.817508,51.129406],[13.817577,51.12958],[13.817587,51.129591],[13.817736,51.129767],[13.817859,51.129912],[13.81804,51.130126],[13.818263,51.130666],[13.81837,51.131],[13.818374,51.13103],[13.818375,51.131055],[13.818405,51.131904],[13.818306,51.132467],[13.818283,51.132586],[13.818195,51.133248],[13.818176,51.133465],[13.81817,51.133589],[13.818159,51.133833],[13.818442,51.134333],[13.818647,51.13485],[13.818716,51.135058],[13.818847,51.135457],[13.819097,51.136036],[13.819409,51.136396],[13.819463,51.136542],[13.819541,51.136753],[13.819619,51.137056],[13.819803,51.137318],[13.820127,51.13769],[13.820222,51.137812],[13.820235,51.137829],[13.820368,51.137999],[13.820695,51.138464],[13.820842,51.138601],[13.820981,51.138779],[13.821111,51.138947],[13.82139,51.139138],[13.821512,51.139227],[13.82193,51.139529],[13.821938,51.139534],[13.822206,51.139716],[13.82229,51.139772],[13.822817,51.140122],[13.82315,51.140294],[13.823333,51.140395],[13.823709,51.140571],[13.824213,51.140813],[13.824246,51.14083],[13.824267,51.14084],[13.824766,51.141079],[13.825227,51.141299],[13.82529,51.141314],[13.825475,51.141387],[13.825612,51.141453],[13.82575,51.141536],[13.825966,51.141681],[13.826049,51.141741],[13.826225,51.141853],[13.826275,51.141898],[13.826414,51.142028],[13.826513,51.142133],[13.82656,51.142192],[13.826591,51.142232],[13.826613,51.142262],[13.826659,51.142294],[13.82669,51.142397],[13.826767,51.142468],[13.826951,51.142632],[13.827071,51.142748],[13.827247,51.142929],[13.827287,51.142966],[13.827298,51.142976],[13.82743,51.143101],[13.827623,51.14324],[13.827736,51.143332],[13.828179,51.143665],[13.828541,51.143913],[13.828556,51.143924],[13.828688,51.144016],[13.828903,51.144161],[13.829071,51.144274],[13.829115,51.144304],[13.829329,51.144434],[13.829357,51.14445],[13.829435,51.14449],[13.829484,51.144519],[13.829501,51.144529],[13.829562,51.144566],[13.829637,51.144602],[13.829709,51.144636],[13.829781,51.14467],[13.829852,51.144704],[13.829927,51.14474],[13.830063,51.144805],[13.830136,51.144843],[13.830274,51.144915],[13.83034,51.144949],[13.830413,51.144987],[13.830482,51.145022],[13.830548,51.145056],[13.830622,51.145094],[13.830687,51.145128],[13.830756,51.145165],[13.830824,51.145201],[13.830892,51.145237],[13.83098,51.145283],[13.831005,51.145296],[13.831098,51.145344],[13.831118,51.145357],[13.831649,51.145635],[13.83198,51.145828],[13.832412,51.146073],[13.832795,51.146299],[13.833071,51.146352],[13.833967,51.146521],[13.834137,51.146555],[13.834508,51.146627],[13.834526,51.146636],[13.834761,51.146744],[13.834787,51.146756],[13.835057,51.146965],[13.835415,51.147235],[13.835436,51.147252],[13.835455,51.147268],[13.835461,51.147273],[13.836077,51.147097],[13.836601,51.14692],[13.836626,51.146911],[13.836643,51.146907],[13.837096,51.146797],[13.837156,51.146783],[13.837188,51.146775],[13.837772,51.146652],[13.838498,51.14643],[13.838668,51.146369],[13.838699,51.146391],[13.838721,51.146382],[13.838762,51.146367],[13.838802,51.146353],[13.838833,51.146426],[13.838896,51.146501],[13.838935,51.146554],[13.838966,51.146627],[13.838968,51.146707],[13.83896,51.146784],[13.838927,51.146942],[13.838922,51.146993],[13.83893,51.147048],[13.839067,51.147612],[13.839108,51.147716],[13.839141,51.147774],[13.839215,51.147884],[13.839239,51.147938],[13.839245,51.147949],[13.839335,51.148313],[13.839328,51.148348],[13.839317,51.148445],[13.839284,51.148662],[13.839769,51.148798],[13.840024,51.148719],[13.840027,51.148778],[13.840056,51.148836],[13.840107,51.148878],[13.840157,51.148953],[13.840293,51.149037],[13.840339,51.149094],[13.840349,51.149107],[13.84034,51.14915],[13.840222,51.149269],[13.840206,51.149285],[13.84026,51.149325],[13.840575,51.149624],[13.841226,51.150242],[13.841333,51.150348],[13.841642,51.150656],[13.841701,51.150717],[13.841843,51.150833],[13.842168,51.151077],[13.842231,51.151117],[13.842223,51.151124],[13.842198,51.151141],[13.842244,51.151157],[13.842359,51.151281],[13.842385,51.151377],[13.842461,51.151492],[13.842448,51.151574],[13.842476,51.151647],[13.842583,51.151754],[13.842703,51.15197],[13.84289,51.152134],[13.842939,51.152178],[13.84337,51.151965],[13.843376,51.151962],[13.843402,51.151947],[13.843575,51.152043],[13.844043,51.151556],[13.844066,51.151561],[13.844078,51.151563],[13.844313,51.1516],[13.844442,51.151619],[13.844586,51.151669],[13.844717,51.151733],[13.844858,51.151806],[13.844969,51.151874],[13.845033,51.151912],[13.845235,51.151977],[13.845408,51.152027],[13.845693,51.152075],[13.845926,51.152114],[13.846174,51.15215],[13.846438,51.152191],[13.846633,51.152275],[13.846646,51.15228],[13.846907,51.15236],[13.84715,51.152427],[13.847371,51.152486],[13.847661,51.15254],[13.847736,51.15256],[13.847868,51.152597],[13.848068,51.152614],[13.848318,51.152653],[13.848537,51.152688],[13.848809,51.152753],[13.848837,51.152761],[13.849237,51.152861],[13.849497,51.152943],[13.849801,51.153047],[13.850188,51.153175],[13.850475,51.153301],[13.85076,51.153413],[13.851005,51.153532],[13.851189,51.153627],[13.851445,51.153777],[13.85172,51.153922],[13.851854,51.153981],[13.852106,51.154084],[13.852834,51.154496],[13.853238,51.15462],[13.853624,51.154729],[13.853868,51.154796],[13.853877,51.154798]]]}},{"type":"Feature","id":"dresden-62","properties":{"city":"Dresden","state":"Sachsen","code":"62","name":"Laubegast mit Alt-Tolkewitz","name_atlas":"Laubegast","population_est":11953,"crime_total":{"cases":314,"rate":2627.0},"homicide":{"cases":0,"rate":0.0},"sexual":{"cases":8,"rate":66.9},"violence_proxy":{"cases":30,"rate":251.0},"property_total":{"cases":161,"rate":1346.9},"simple_theft":{"cases":61,"rate":510.3},"aggravated_theft":{"cases":100,"rate":836.6},"fraud":{"cases":49,"rate":409.9},"other_stgb":{"cases":55,"rate":460.1},"secondary_law":{"cases":11,"rate":92.0}},"geometry":{"type":"Polygon","coordinates":[[[13.830407,51.033285],[13.830414,51.033292],[13.830421,51.0333],[13.830436,51.033319],[13.830459,51.033347],[13.830568,51.033462],[13.830638,51.033537],[13.830839,51.033744],[13.831121,51.034032],[13.831383,51.034301],[13.831465,51.034383],[13.831879,51.034813],[13.831914,51.03485],[13.831926,51.034862],[13.831942,51.034878],[13.83195,51.034887],[13.832013,51.034963],[13.832567,51.035615],[13.833534,51.035242],[13.83391,51.035052],[13.834098,51.034971],[13.834818,51.034684],[13.835483,51.03431],[13.836049,51.033936],[13.836094,51.033908],[13.836564,51.033626],[13.837097,51.033276],[13.837766,51.032767],[13.838203,51.032316],[13.838244,51.03227],[13.83863,51.031788],[13.839216,51.031192],[13.839293,51.031095],[13.839697,51.030551],[13.839886,51.030073],[13.840031,51.029545],[13.840579,51.027158],[13.840622,51.027015],[13.840773,51.026522],[13.840777,51.02651],[13.8408,51.026439],[13.840823,51.026368],[13.840847,51.026297],[13.840871,51.026226],[13.840896,51.026155],[13.840921,51.026084],[13.840947,51.026013],[13.840973,51.025942],[13.840989,51.025894],[13.841004,51.025846],[13.84102,51.025798],[13.841036,51.02575],[13.841052,51.025702],[13.841069,51.025655],[13.841086,51.025607],[13.841104,51.025559],[13.841121,51.025512],[13.841139,51.025464],[13.841158,51.025416],[13.841177,51.025369],[13.841196,51.025322],[13.841215,51.025274],[13.841235,51.025227],[13.841255,51.02518],[13.841407,51.024814],[13.841556,51.024484],[13.841708,51.024235],[13.841906,51.023958],[13.842227,51.023468],[13.842626,51.022771],[13.84328,51.022059],[13.843692,51.021571],[13.844366,51.020848],[13.844978,51.020275],[13.845521,51.019821],[13.84608,51.019361],[13.84674,51.018835],[13.847093,51.01858],[13.846359,51.018197],[13.846378,51.01818],[13.846401,51.018159],[13.846409,51.018151],[13.846423,51.018137],[13.84645,51.018111],[13.84647,51.018087],[13.846476,51.018079],[13.846485,51.018079],[13.846557,51.018029],[13.84662,51.017986],[13.846592,51.017965],[13.846611,51.017937],[13.846722,51.017775],[13.847097,51.017503],[13.847418,51.017234],[13.847562,51.017114],[13.847621,51.01706],[13.847681,51.017006],[13.847495,51.016893],[13.847447,51.016866],[13.847257,51.016761],[13.84716,51.016707],[13.846988,51.016524],[13.846754,51.016367],[13.84621,51.016093],[13.845539,51.015787],[13.844775,51.015427],[13.844518,51.015306],[13.844263,51.015237],[13.843987,51.015136],[13.843878,51.015103],[13.843847,51.015052],[13.843823,51.015005],[13.843822,51.015004],[13.843687,51.015033],[13.843388,51.015111],[13.843373,51.015117],[13.843332,51.015123],[13.843211,51.01515],[13.843167,51.015165],[13.843154,51.015171],[13.843065,51.015207],[13.842993,51.015257],[13.842897,51.015295],[13.842815,51.015339],[13.842651,51.015404],[13.842619,51.015413],[13.842526,51.015447],[13.842472,51.015465],[13.84237,51.015508],[13.842227,51.015571],[13.841941,51.015688],[13.841853,51.015722],[13.841668,51.015777],[13.841538,51.015837],[13.841507,51.015851],[13.841376,51.015909],[13.841152,51.016016],[13.840868,51.016148],[13.84085,51.016156],[13.840733,51.016211],[13.840694,51.016231],[13.840602,51.016278],[13.840466,51.01635],[13.840383,51.016395],[13.840173,51.016517],[13.840121,51.016543],[13.84009,51.016559],[13.839897,51.016648],[13.839734,51.016723],[13.839664,51.016749],[13.839537,51.0168],[13.839392,51.016849],[13.839223,51.016902],[13.839145,51.016929],[13.839134,51.016932],[13.839059,51.016953],[13.838901,51.016997],[13.838787,51.017012],[13.83848,51.017066],[13.83845,51.017072],[13.838423,51.017071],[13.838327,51.017081],[13.838228,51.01709],[13.838022,51.017106],[13.837933,51.017112],[13.83793,51.017112],[13.837783,51.017126],[13.837725,51.017132],[13.837514,51.017129],[13.837343,51.017121],[13.837306,51.017119],[13.837256,51.017119],[13.837153,51.017118],[13.836982,51.017118],[13.836726,51.017141],[13.836597,51.017146],[13.836455,51.017156],[13.836434,51.017199],[13.836381,51.017229],[13.836369,51.017234],[13.836292,51.017159],[13.836231,51.017161],[13.83582,51.017173],[13.83578,51.017174],[13.835724,51.017176],[13.835676,51.017178],[13.835512,51.017181],[13.835441,51.017183],[13.83518,51.017183],[13.835142,51.017182],[13.83508,51.017182],[13.835063,51.01718],[13.834866,51.017172],[13.834752,51.01716],[13.834707,51.017158],[13.834674,51.017156],[13.834523,51.017155],[13.834496,51.017155],[13.834257,51.017159],[13.834251,51.017159],[13.834017,51.016069],[13.833565,51.016182],[13.833325,51.016243],[13.833231,51.016257],[13.833082,51.016287],[13.832921,51.016318],[13.832604,51.016387],[13.832404,51.016431],[13.832243,51.016465],[13.832239,51.016466],[13.831622,51.016596],[13.831618,51.016597],[13.83135,51.01666],[13.831054,51.016772],[13.830945,51.016814],[13.830815,51.016857],[13.830564,51.016955],[13.83014,51.017115],[13.830106,51.017128],[13.830091,51.017134],[13.829957,51.017165],[13.829962,51.017174],[13.829965,51.017224],[13.829957,51.017289],[13.829772,51.01722],[13.829518,51.01713],[13.829226,51.017026],[13.828843,51.016891],[13.828566,51.016781],[13.828337,51.016678],[13.828059,51.016542],[13.827971,51.016501],[13.827619,51.016292],[13.827519,51.016357],[13.826927,51.016613],[13.826926,51.016614],[13.826924,51.016614],[13.826615,51.016851],[13.826367,51.017122],[13.82626,51.017496],[13.826168,51.017816],[13.826261,51.018257],[13.826448,51.018432],[13.826507,51.018514],[13.826585,51.018491],[13.826648,51.018572],[13.826685,51.018622],[13.826747,51.018708],[13.826753,51.018716],[13.826809,51.018793],[13.826851,51.018851],[13.826923,51.01895],[13.826642,51.019031],[13.8265,51.019022],[13.826319,51.018774],[13.826188,51.01881],[13.82616,51.018821],[13.826122,51.018829],[13.825699,51.018976],[13.825669,51.018989],[13.825361,51.019106],[13.825309,51.019126],[13.825321,51.019153],[13.825343,51.019201],[13.825482,51.019541],[13.825624,51.019891],[13.825706,51.020078],[13.825691,51.020081],[13.824586,51.020355],[13.824368,51.020409],[13.824345,51.020413],[13.824058,51.020482],[13.823815,51.02054],[13.823741,51.02056],[13.823651,51.020582],[13.823401,51.020642],[13.823222,51.020684],[13.823062,51.020721],[13.822861,51.020768],[13.822486,51.020855],[13.822301,51.020898],[13.822278,51.020904],[13.82212,51.020939],[13.821257,51.02115],[13.821242,51.021153],[13.820745,51.021273],[13.820489,51.021328],[13.820463,51.021334],[13.82017,51.021395],[13.819619,51.021511],[13.819265,51.021588],[13.819174,51.021612],[13.81892,51.021559],[13.818633,51.0215],[13.818233,51.021393],[13.818273,51.021516],[13.818358,51.02172],[13.818372,51.021808],[13.818379,51.021895],[13.818368,51.021983],[13.818361,51.022005],[13.818333,51.022089],[13.818295,51.022161],[13.818204,51.022314],[13.818199,51.022324],[13.818193,51.022333],[13.818188,51.022343],[13.818183,51.022352],[13.818178,51.022361],[13.818173,51.022371],[13.818168,51.02238],[13.818163,51.02239],[13.818158,51.022399],[13.818154,51.022409],[13.818149,51.022419],[13.818145,51.022428],[13.81814,51.022438],[13.818136,51.022447],[13.818132,51.022457],[13.818128,51.022467],[13.818124,51.022476],[13.81812,51.022486],[13.818117,51.022496],[13.818113,51.022505],[13.81811,51.022515],[13.818106,51.022525],[13.818103,51.022535],[13.8181,51.022545],[13.818097,51.022554],[13.818094,51.022564],[13.818079,51.022671],[13.818082,51.022779],[13.818106,51.02288],[13.818169,51.023007],[13.818267,51.023149],[13.818403,51.023291],[13.818753,51.023601],[13.819006,51.023853],[13.819089,51.023933],[13.819522,51.024345],[13.81964,51.02446],[13.819701,51.024524],[13.819759,51.024595],[13.819811,51.02466],[13.819867,51.024733],[13.819938,51.024826],[13.820114,51.025078],[13.820134,51.025113],[13.820257,51.025317],[13.820467,51.025656],[13.820657,51.025568],[13.820737,51.025699],[13.820797,51.025797],[13.820913,51.02598],[13.820943,51.026027],[13.821044,51.026144],[13.821175,51.02625],[13.821481,51.02645],[13.822072,51.026834],[13.822665,51.02722],[13.823258,51.027605],[13.823374,51.027648],[13.823497,51.027694],[13.823623,51.027736],[13.824124,51.027869],[13.824719,51.028028],[13.825056,51.028118],[13.825285,51.02818],[13.82554,51.028248],[13.825583,51.02826],[13.826335,51.028459],[13.826759,51.028569],[13.826799,51.028581],[13.827054,51.028653],[13.827196,51.028694],[13.827335,51.028742],[13.827497,51.028797],[13.827648,51.028866],[13.827772,51.028934],[13.828016,51.029082],[13.828177,51.029185],[13.828294,51.029287],[13.828653,51.029628],[13.828682,51.029657],[13.828733,51.029706],[13.828756,51.029742],[13.828827,51.029855],[13.828858,51.029925],[13.828867,51.029943],[13.82889,51.030004],[13.828905,51.030111],[13.828899,51.030251],[13.828897,51.03027],[13.828827,51.030792],[13.828842,51.030845],[13.828873,51.030932],[13.8289,51.031006],[13.829145,51.031463],[13.829155,51.031479],[13.82939,51.031798],[13.829406,51.03182],[13.829498,51.031946],[13.82952,51.031995],[13.829523,51.031995],[13.829434,51.032015],[13.829491,51.032089],[13.8295,51.0321],[13.82951,51.032114],[13.829594,51.032229],[13.82966,51.032314],[13.829758,51.032449],[13.829819,51.032529],[13.82992,51.032662],[13.829972,51.032737],[13.829977,51.032743],[13.829983,51.032752],[13.830019,51.032799],[13.830152,51.032981],[13.830231,51.033076],[13.830319,51.033185],[13.830388,51.033261],[13.830407,51.033285]]]}},{"type":"Feature","id":"dresden-14","properties":{"city":"Dresden","state":"Sachsen","code":"14","name":"Leipziger Vorstadt","name_atlas":"Leipziger Vorstadt","population_est":13727,"crime_total":{"cases":1015,"rate":7394.0},"homicide":{"cases":1,"rate":7.3},"sexual":{"cases":25,"rate":182.1},"violence_proxy":{"cases":113,"rate":823.2},"property_total":{"cases":399,"rate":2906.7},"simple_theft":{"cases":127,"rate":925.2},"aggravated_theft":{"cases":272,"rate":1981.5},"fraud":{"cases":156,"rate":1136.4},"other_stgb":{"cases":280,"rate":2039.8},"secondary_law":{"cases":41,"rate":298.7}},"geometry":{"type":"Polygon","coordinates":[[[13.747295,51.070388],[13.746822,51.069902],[13.746362,51.069404],[13.746383,51.069334],[13.746251,51.069189],[13.745729,51.068616],[13.745502,51.068297],[13.745446,51.068308],[13.745376,51.068315],[13.745308,51.068316],[13.745091,51.068321],[13.744809,51.068327],[13.744707,51.068327],[13.744692,51.068328],[13.744611,51.06833],[13.744481,51.068333],[13.744376,51.068333],[13.744365,51.068333],[13.744352,51.068334],[13.744199,51.068337],[13.744175,51.068337],[13.743991,51.068341],[13.743908,51.068342],[13.743829,51.068343],[13.743534,51.068346],[13.743497,51.068346],[13.743493,51.068346],[13.74281,51.068351],[13.742192,51.068356],[13.742199,51.068275],[13.742199,51.067787],[13.741495,51.067755],[13.741222,51.067772],[13.741059,51.067782],[13.740998,51.067786],[13.740774,51.0678],[13.740551,51.067814],[13.740327,51.067828],[13.740103,51.067842],[13.739879,51.067856],[13.739833,51.067859],[13.739684,51.067877],[13.739409,51.067914],[13.739309,51.067918],[13.73931,51.067679],[13.73928,51.066781],[13.739286,51.066274],[13.739268,51.06611],[13.739245,51.065941],[13.739195,51.065832],[13.7391,51.065777],[13.73859,51.065546],[13.738552,51.065529],[13.738477,51.065488],[13.738442,51.06547],[13.738429,51.065461],[13.738399,51.065442],[13.738113,51.065258],[13.738009,51.06517],[13.737917,51.065068],[13.73779,51.064891],[13.737746,51.064831],[13.737601,51.064655],[13.737416,51.064456],[13.737297,51.064345],[13.737162,51.064249],[13.736926,51.06409],[13.736656,51.06393],[13.736441,51.063823],[13.736492,51.063616],[13.735729,51.063299],[13.735302,51.063189],[13.734397,51.063079],[13.734031,51.063021],[13.733665,51.062963],[13.733429,51.062933],[13.733415,51.062931],[13.73347,51.062869],[13.733227,51.062787],[13.733222,51.062786],[13.733371,51.062609],[13.733682,51.062246],[13.733842,51.06215],[13.733849,51.06214],[13.733089,51.061889],[13.73278,51.061787],[13.732348,51.061643],[13.731829,51.06147],[13.731805,51.061504],[13.731585,51.061837],[13.731107,51.06256],[13.730887,51.062873],[13.730571,51.063354],[13.730286,51.063785],[13.729988,51.064719],[13.729511,51.065223],[13.729027,51.065701],[13.72852,51.06616],[13.727798,51.066777],[13.727131,51.067393],[13.72682,51.067643],[13.725954,51.068247],[13.725434,51.068602],[13.726292,51.068999],[13.726298,51.069002],[13.726602,51.069175],[13.72682,51.0693],[13.728372,51.069901],[13.728758,51.070054],[13.728822,51.070147],[13.729418,51.070378],[13.72956,51.07028],[13.729708,51.070147],[13.729562,51.070474],[13.729874,51.070595],[13.731091,51.071076],[13.731227,51.071129],[13.73206,51.071465],[13.732665,51.07171],[13.733565,51.072073],[13.734118,51.072305],[13.734251,51.072361],[13.734278,51.072372],[13.734402,51.072407],[13.73442,51.072411],[13.734525,51.072441],[13.734753,51.072504],[13.735092,51.072596],[13.735836,51.072618],[13.736068,51.072694],[13.736735,51.072912],[13.736829,51.07296],[13.736861,51.073012],[13.73691,51.07309],[13.736976,51.0732],[13.738101,51.073587],[13.738792,51.073814],[13.73883,51.073826],[13.738834,51.073828],[13.739059,51.073971],[13.739059,51.073995],[13.73909,51.07519],[13.739092,51.075294],[13.739094,51.075364],[13.739096,51.075434],[13.739097,51.075479],[13.739113,51.076098],[13.73912,51.076425],[13.739158,51.076788],[13.739213,51.077129],[13.739259,51.077402],[13.739293,51.077739],[13.739311,51.078038],[13.739318,51.078395],[13.739373,51.078678],[13.739381,51.079417],[13.739402,51.081325],[13.739405,51.081659],[13.739402,51.082319],[13.739347,51.082707],[13.739244,51.083032],[13.739171,51.083203],[13.739042,51.083466],[13.738965,51.083586],[13.73887,51.083735],[13.738718,51.083934],[13.73852,51.084155],[13.738461,51.08422],[13.738111,51.084542],[13.737761,51.084848],[13.737478,51.085137],[13.737433,51.085207],[13.737281,51.085445],[13.737219,51.085648],[13.737175,51.085875],[13.737193,51.086108],[13.737195,51.086141],[13.737324,51.086619],[13.737389,51.086799],[13.737473,51.087049],[13.737548,51.087265],[13.737588,51.087381],[13.737636,51.087498],[13.737682,51.087635],[13.737683,51.087639],[13.737709,51.087743],[13.73785,51.087729],[13.737909,51.087743],[13.738015,51.087815],[13.738027,51.087822],[13.737966,51.087904],[13.738044,51.087927],[13.738572,51.088144],[13.739005,51.088322],[13.739277,51.088434],[13.740541,51.088974],[13.741275,51.089282],[13.741318,51.089301],[13.741863,51.08953],[13.742091,51.089626],[13.742179,51.089646],[13.742248,51.089602],[13.742322,51.089538],[13.742514,51.089352],[13.742887,51.08897],[13.743423,51.08839],[13.743552,51.08825],[13.743998,51.087763],[13.744129,51.087608],[13.744171,51.087529],[13.744186,51.087457],[13.744143,51.087387],[13.744027,51.087279],[13.743849,51.087114],[13.743759,51.087025],[13.743716,51.086944],[13.74368,51.086838],[13.743698,51.086739],[13.743718,51.086683],[13.743748,51.086635],[13.744192,51.08615],[13.74457,51.085744],[13.744611,51.0857],[13.744388,51.085621],[13.744226,51.085562],[13.744128,51.085503],[13.744008,51.085431],[13.743909,51.085371],[13.743884,51.085352],[13.743731,51.085242],[13.743387,51.085036],[13.74311,51.084831],[13.742852,51.084664],[13.742745,51.084568],[13.742929,51.084381],[13.743541,51.083744],[13.743818,51.083457],[13.744107,51.083132],[13.744773,51.082328],[13.745145,51.081878],[13.745264,51.08172],[13.745469,51.081449],[13.746021,51.080739],[13.74647,51.080063],[13.746679,51.079691],[13.746795,51.079484],[13.746848,51.079378],[13.746896,51.079313],[13.747049,51.079345],[13.747141,51.079257],[13.747305,51.079188],[13.747319,51.079181],[13.747637,51.079047],[13.747912,51.078931],[13.748238,51.078796],[13.748476,51.078696],[13.748697,51.078604],[13.748709,51.078598],[13.749024,51.078466],[13.749047,51.078457],[13.749203,51.078405],[13.749376,51.078349],[13.749389,51.078345],[13.749668,51.078255],[13.749699,51.078245],[13.749719,51.078238],[13.750602,51.077952],[13.750619,51.077946],[13.750841,51.077875],[13.750992,51.078141],[13.751065,51.078272],[13.751116,51.078287],[13.751338,51.078366],[13.751555,51.07814],[13.751645,51.078065],[13.751773,51.078002],[13.752242,51.077811],[13.752421,51.077747],[13.752771,51.077624],[13.753131,51.077493],[13.753417,51.077395],[13.753436,51.077388],[13.75345,51.077383],[13.753457,51.077381],[13.75363,51.077318],[13.753777,51.077265],[13.753174,51.076716],[13.752845,51.076383],[13.752624,51.076173],[13.752388,51.075932],[13.752255,51.075763],[13.752177,51.075697],[13.751989,51.075487],[13.751788,51.075272],[13.751733,51.075198],[13.751444,51.074877],[13.751166,51.074528],[13.75093,51.074289],[13.750415,51.073672],[13.750168,51.07337],[13.749939,51.073108],[13.749673,51.072809],[13.749567,51.072698],[13.749338,51.072456],[13.748633,51.07175],[13.747295,51.070388]]]}},{"type":"Feature","id":"dresden-61","properties":{"city":"Dresden","state":"Sachsen","code":"61","name":"Leuben mit Dobritz-Süd und Niedersedlitz-Nord","name_atlas":"Leuben","population_est":12609,"crime_total":{"cases":765,"rate":6067.0},"homicide":{"cases":0,"rate":0.0},"sexual":{"cases":21,"rate":166.5},"violence_proxy":{"cases":133,"rate":1054.8},"property_total":{"cases":351,"rate":2783.7},"simple_theft":{"cases":196,"rate":1554.4},"aggravated_theft":{"cases":155,"rate":1229.3},"fraud":{"cases":104,"rate":824.8},"other_stgb":{"cases":139,"rate":1102.4},"secondary_law":{"cases":17,"rate":134.8}},"geometry":{"type":"Polygon","coordinates":[[[13.829772,51.01722],[13.829957,51.017289],[13.829965,51.017224],[13.829962,51.017174],[13.829957,51.017165],[13.830091,51.017134],[13.830106,51.017128],[13.83014,51.017115],[13.830564,51.016955],[13.830815,51.016857],[13.830945,51.016814],[13.831054,51.016772],[13.83135,51.01666],[13.831618,51.016597],[13.831622,51.016596],[13.832239,51.016466],[13.832243,51.016465],[13.832404,51.016431],[13.832604,51.016387],[13.832921,51.016318],[13.833082,51.016287],[13.833231,51.016257],[13.833325,51.016243],[13.833565,51.016182],[13.834017,51.016069],[13.834251,51.017159],[13.834257,51.017159],[13.834496,51.017155],[13.834523,51.017155],[13.834674,51.017156],[13.834707,51.017158],[13.834752,51.01716],[13.834866,51.017172],[13.835063,51.01718],[13.83508,51.017182],[13.835142,51.017182],[13.83518,51.017183],[13.835441,51.017183],[13.835512,51.017181],[13.835676,51.017178],[13.835724,51.017176],[13.83578,51.017174],[13.83582,51.017173],[13.836231,51.017161],[13.836292,51.017159],[13.836369,51.017234],[13.836381,51.017229],[13.836434,51.017199],[13.836455,51.017156],[13.836597,51.017146],[13.836726,51.017141],[13.836982,51.017118],[13.837153,51.017118],[13.837256,51.017119],[13.837306,51.017119],[13.837343,51.017121],[13.837514,51.017129],[13.837725,51.017132],[13.837783,51.017126],[13.83793,51.017112],[13.837933,51.017112],[13.838022,51.017106],[13.838228,51.01709],[13.838327,51.017081],[13.838423,51.017071],[13.83845,51.017072],[13.83848,51.017066],[13.838787,51.017012],[13.838901,51.016997],[13.839059,51.016953],[13.839134,51.016932],[13.839145,51.016929],[13.839223,51.016902],[13.839392,51.016849],[13.839537,51.0168],[13.839664,51.016749],[13.839734,51.016723],[13.839897,51.016648],[13.84009,51.016559],[13.840121,51.016543],[13.840173,51.016517],[13.840383,51.016395],[13.840466,51.01635],[13.840602,51.016278],[13.840694,51.016231],[13.840733,51.016211],[13.84085,51.016156],[13.840868,51.016148],[13.841152,51.016016],[13.841376,51.015909],[13.841507,51.015851],[13.841538,51.015837],[13.841668,51.015777],[13.841853,51.015722],[13.841941,51.015688],[13.842227,51.015571],[13.84237,51.015508],[13.842472,51.015465],[13.842526,51.015447],[13.842619,51.015413],[13.842651,51.015404],[13.842815,51.015339],[13.842897,51.015295],[13.842993,51.015257],[13.843065,51.015207],[13.843154,51.015171],[13.843167,51.015165],[13.843211,51.01515],[13.843332,51.015123],[13.843373,51.015117],[13.843388,51.015111],[13.843687,51.015033],[13.843822,51.015004],[13.843811,51.014982],[13.843771,51.014919],[13.843905,51.014888],[13.843905,51.014886],[13.844103,51.014678],[13.844398,51.01443],[13.844424,51.014408],[13.844844,51.014056],[13.84526,51.013706],[13.845306,51.013667],[13.845489,51.013513],[13.845802,51.013207],[13.84602,51.01286],[13.84602,51.012859],[13.846101,51.012868],[13.84617,51.012729],[13.846224,51.012581],[13.846249,51.012452],[13.846269,51.012247],[13.846278,51.012026],[13.846309,51.011786],[13.846373,51.011536],[13.846433,51.011309],[13.846481,51.011113],[13.846526,51.010915],[13.846539,51.010799],[13.846553,51.010681],[13.84656,51.010532],[13.846553,51.010393],[13.846535,51.010261],[13.846492,51.010085],[13.846443,51.009895],[13.846397,51.009694],[13.846303,51.009695],[13.846248,51.009443],[13.846161,51.00892],[13.846178,51.008767],[13.846202,51.008551],[13.846219,51.00839],[13.846219,51.008388],[13.846214,51.00838],[13.846144,51.007982],[13.846325,51.007971],[13.846333,51.007913],[13.846311,51.007824],[13.846227,51.007833],[13.846206,51.007744],[13.846091,51.007359],[13.846038,51.007173],[13.845977,51.006961],[13.845927,51.006785],[13.845884,51.006536],[13.845853,51.006301],[13.845823,51.006132],[13.845813,51.00599],[13.84581,51.005846],[13.845813,51.005649],[13.845827,51.00551],[13.845837,51.005301],[13.84583,51.005182],[13.845819,51.005081],[13.845181,51.00492],[13.844809,51.004826],[13.844799,51.004823],[13.844569,51.004752],[13.84439,51.004701],[13.844292,51.004708],[13.844155,51.004662],[13.844091,51.004742],[13.844071,51.004746],[13.843836,51.00479],[13.843725,51.004811],[13.843512,51.004862],[13.843499,51.004865],[13.843394,51.004885],[13.843327,51.004904],[13.843069,51.004977],[13.842925,51.005029],[13.842615,51.005139],[13.842584,51.00515],[13.842321,51.005244],[13.842299,51.005252],[13.841993,51.005367],[13.841687,51.005482],[13.841456,51.005569],[13.841456,51.005569],[13.841003,51.005464],[13.840895,51.005405],[13.8408,51.005472],[13.840638,51.005595],[13.840329,51.005853],[13.840312,51.005868],[13.840052,51.006082],[13.839804,51.006306],[13.838715,51.005885],[13.838513,51.005806],[13.837989,51.006115],[13.837936,51.006144],[13.837631,51.006318],[13.837544,51.006257],[13.836586,51.005638],[13.836387,51.005514],[13.83635,51.005492],[13.836262,51.005476],[13.836264,51.005468],[13.836275,51.005463],[13.836181,51.005395],[13.836153,51.005379],[13.836066,51.005327],[13.835827,51.005185],[13.835801,51.00517],[13.835555,51.005029],[13.835418,51.004955],[13.835359,51.004922],[13.835356,51.00492],[13.835098,51.00474],[13.835097,51.00474],[13.835099,51.004739],[13.835164,51.004706],[13.835133,51.004681],[13.835317,51.004525],[13.835332,51.00453],[13.835376,51.004482],[13.835454,51.004413],[13.835438,51.004406],[13.835084,51.004243],[13.834834,51.004127],[13.83461,51.004022],[13.834164,51.003816],[13.834007,51.003744],[13.833721,51.003611],[13.833476,51.003497],[13.833191,51.003362],[13.832823,51.003069],[13.832252,51.002615],[13.831676,51.002171],[13.831331,51.001868],[13.831184,51.001753],[13.831139,51.001718],[13.831249,51.00166],[13.83131,51.001623],[13.831429,51.001547],[13.831771,51.001318],[13.831878,51.001233],[13.831974,51.001156],[13.832219,51.000996],[13.832314,51.000939],[13.832667,51.000748],[13.833153,51.000492],[13.833215,51.000459],[13.833283,51.000422],[13.833326,51.000401],[13.833353,51.000388],[13.833342,51.000383],[13.833178,51.000301],[13.833102,51.000262],[13.832999,51.000205],[13.832909,51.000147],[13.832854,51.00011],[13.832818,51.000083],[13.832744,51.000017],[13.832742,51.000016],[13.832667,50.999941],[13.832598,50.999861],[13.832539,50.999778],[13.832516,50.999738],[13.832474,50.999649],[13.832374,50.999652],[13.832105,50.999653],[13.831684,50.999638],[13.831464,50.999622],[13.831462,50.999621],[13.83129,50.999601],[13.831064,50.999578],[13.830889,50.999543],[13.830542,50.999458],[13.830264,50.99939],[13.829974,50.999316],[13.829622,50.999234],[13.82942,50.999185],[13.82933,50.999164],[13.829229,50.99914],[13.829077,50.999102],[13.829056,50.999097],[13.828968,50.999073],[13.828853,50.999145],[13.8283,50.999458],[13.828351,50.999496],[13.827946,50.999732],[13.827047,51.000295],[13.826627,51.000548],[13.826073,51.000888],[13.825535,51.00122],[13.824872,51.001616],[13.824254,51.002005],[13.82309,51.002705],[13.822533,51.003043],[13.821817,51.00346],[13.821631,51.003569],[13.821275,51.003779],[13.820612,51.004177],[13.82045,51.004275],[13.819824,51.004655],[13.819138,51.005038],[13.818304,51.005558],[13.817793,51.005849],[13.816628,51.006561],[13.816443,51.006674],[13.815374,51.007339],[13.814646,51.007774],[13.813304,51.00858],[13.812516,51.009063],[13.812375,51.00915],[13.811929,51.009417],[13.811363,51.009757],[13.810448,51.01031],[13.810241,51.010435],[13.809539,51.010857],[13.808842,51.011283],[13.808521,51.011475],[13.808526,51.011479],[13.808566,51.011507],[13.808742,51.011633],[13.808794,51.01167],[13.808799,51.011673],[13.809131,51.011886],[13.809377,51.012056],[13.809949,51.012445],[13.810137,51.012579],[13.810142,51.012583],[13.810324,51.012727],[13.810491,51.012871],[13.810651,51.013031],[13.810874,51.013249],[13.811095,51.013464],[13.811098,51.013466],[13.811241,51.01356],[13.811388,51.01363],[13.811553,51.013719],[13.811636,51.013763],[13.812063,51.01399],[13.812558,51.014252],[13.812565,51.014256],[13.812866,51.014414],[13.813111,51.014528],[13.813351,51.014657],[13.813545,51.014755],[13.813671,51.014805],[13.813779,51.014854],[13.813926,51.014922],[13.814096,51.015014],[13.814101,51.015016],[13.815188,51.015607],[13.815949,51.016028],[13.816071,51.016123],[13.816161,51.016257],[13.816259,51.01617],[13.816429,51.016018],[13.816539,51.015929],[13.816764,51.015746],[13.817209,51.015414],[13.817275,51.015361],[13.81741,51.015441],[13.817584,51.015532],[13.817722,51.01562],[13.817825,51.015722],[13.81802,51.01596],[13.818089,51.016058],[13.818119,51.01616],[13.81813,51.016266],[13.818132,51.016312],[13.818138,51.016423],[13.818149,51.016659],[13.818148,51.016678],[13.818146,51.016712],[13.818145,51.016725],[13.818143,51.016747],[13.818116,51.017033],[13.818149,51.017104],[13.818174,51.017247],[13.818078,51.017249],[13.818076,51.01728],[13.818039,51.017748],[13.818004,51.018196],[13.818,51.018266],[13.817994,51.018347],[13.817975,51.018654],[13.817968,51.018686],[13.817953,51.018753],[13.817911,51.018853],[13.817851,51.01895],[13.817793,51.019046],[13.81777,51.019069],[13.817712,51.019125],[13.817643,51.01921],[13.817588,51.019297],[13.817563,51.019346],[13.817545,51.019389],[13.817516,51.019481],[13.81751,51.019577],[13.817492,51.019895],[13.817499,51.020031],[13.817531,51.020131],[13.817574,51.020229],[13.817622,51.020301],[13.818073,51.020908],[13.818128,51.021044],[13.818165,51.021169],[13.818196,51.021277],[13.818233,51.021393],[13.818633,51.0215],[13.81892,51.021559],[13.819174,51.021612],[13.819265,51.021588],[13.819619,51.021511],[13.82017,51.021395],[13.820463,51.021334],[13.820489,51.021328],[13.820745,51.021273],[13.821242,51.021153],[13.821257,51.02115],[13.82212,51.020939],[13.822278,51.020904],[13.822301,51.020898],[13.822486,51.020855],[13.822861,51.020768],[13.823062,51.020721],[13.823222,51.020684],[13.823401,51.020642],[13.823651,51.020582],[13.823741,51.02056],[13.823815,51.02054],[13.824058,51.020482],[13.824345,51.020413],[13.824368,51.020409],[13.824586,51.020355],[13.825691,51.020081],[13.825706,51.020078],[13.825624,51.019891],[13.825482,51.019541],[13.825343,51.019201],[13.825321,51.019153],[13.825309,51.019126],[13.825361,51.019106],[13.825669,51.018989],[13.825699,51.018976],[13.826122,51.018829],[13.82616,51.018821],[13.826188,51.01881],[13.826319,51.018774],[13.8265,51.019022],[13.826642,51.019031],[13.826923,51.01895],[13.826851,51.018851],[13.826809,51.018793],[13.826753,51.018716],[13.826747,51.018708],[13.826685,51.018622],[13.826648,51.018572],[13.826585,51.018491],[13.826507,51.018514],[13.826448,51.018432],[13.826261,51.018257],[13.826168,51.017816],[13.82626,51.017496],[13.826367,51.017122],[13.826615,51.016851],[13.826924,51.016614],[13.826926,51.016614],[13.826927,51.016613],[13.827519,51.016357],[13.827619,51.016292],[13.827971,51.016501],[13.828059,51.016542],[13.828337,51.016678],[13.828566,51.016781],[13.828843,51.016891],[13.829226,51.017026],[13.829518,51.01713],[13.829772,51.01722]]]}},{"type":"Feature","id":"dresden-75","properties":{"city":"Dresden","state":"Sachsen","code":"75","name":"Leubnitz-Neuostra mit Torna und Mockritz-Ost","name_atlas":"Torna/Leubnitz-Neuostra","population_est":13939,"crime_total":{"cases":419,"rate":3006.0},"homicide":{"cases":0,"rate":0.0},"sexual":{"cases":6,"rate":43.0},"violence_proxy":{"cases":105,"rate":753.3},"property_total":{"cases":138,"rate":990.0},"simple_theft":{"cases":64,"rate":459.1},"aggravated_theft":{"cases":74,"rate":530.9},"fraud":{"cases":60,"rate":430.4},"other_stgb":{"cases":102,"rate":731.8},"secondary_law":{"cases":8,"rate":57.4}},"geometry":{"type":"Polygon","coordinates":[[[13.763408,51.000059],[13.763405,51.000059],[13.763398,51.00006],[13.763386,51.00006],[13.762722,51.000094],[13.762205,51.00012],[13.761727,51.000135],[13.76136,51.000147],[13.761163,51.00015],[13.761011,51.000153],[13.760055,51.000167],[13.759635,51.000172],[13.759196,51.000174],[13.758972,51.000173],[13.758792,51.000173],[13.758191,51.00017],[13.758183,51.000363],[13.758177,51.000592],[13.758177,51.00062],[13.758177,51.000738],[13.758169,51.000853],[13.758161,51.000934],[13.758141,51.000934],[13.757574,51.000923],[13.757128,51.000919],[13.756996,51.000909],[13.756738,51.000832],[13.756672,51.000943],[13.756426,51.00101],[13.756141,51.001074],[13.755773,51.001238],[13.754944,51.001519],[13.754095,51.001769],[13.754055,51.002015],[13.754051,51.00204],[13.754019,51.002207],[13.754044,51.002439],[13.75405,51.002594],[13.754044,51.002882],[13.754056,51.00298],[13.754116,51.003202],[13.754156,51.00335],[13.754219,51.003605],[13.754236,51.003828],[13.75425,51.004178],[13.75455,51.004338],[13.754783,51.004464],[13.755093,51.004631],[13.755618,51.005026],[13.755627,51.005032],[13.75563,51.005034],[13.755703,51.005089],[13.755748,51.005144],[13.755779,51.005204],[13.755786,51.005264],[13.755786,51.00542],[13.755799,51.005549],[13.755819,51.005619],[13.755864,51.005695],[13.755942,51.005788],[13.756038,51.005873],[13.756197,51.00599],[13.756328,51.006069],[13.756334,51.006073],[13.756434,51.006135],[13.756563,51.006226],[13.75665,51.006304],[13.756695,51.006376],[13.756764,51.006508],[13.756832,51.006652],[13.756864,51.00672],[13.756904,51.006931],[13.75691,51.006944],[13.756935,51.007011],[13.756985,51.007055],[13.757157,51.007195],[13.75725,51.00728],[13.757461,51.007546],[13.757792,51.007853],[13.757857,51.007925],[13.757988,51.008103],[13.758035,51.008138],[13.758088,51.00817],[13.758222,51.008229],[13.758267,51.008241],[13.758408,51.008228],[13.759049,51.008538],[13.759144,51.008586],[13.759488,51.008737],[13.76006,51.008985],[13.760264,51.009073],[13.76054,51.009193],[13.760458,51.009267],[13.760189,51.009536],[13.760189,51.009537],[13.760073,51.009488],[13.759933,51.009431],[13.759781,51.00937],[13.759612,51.009303],[13.75943,51.009231],[13.759292,51.009361],[13.759233,51.009419],[13.759143,51.009508],[13.758998,51.009652],[13.758891,51.009741],[13.758843,51.009795],[13.758635,51.009917],[13.75851,51.010041],[13.758483,51.010071],[13.758395,51.010164],[13.758368,51.010193],[13.758347,51.010215],[13.758334,51.010229],[13.758189,51.01038],[13.758142,51.01043],[13.758111,51.01046],[13.758016,51.010554],[13.757884,51.010681],[13.757806,51.010757],[13.7578,51.010754],[13.757747,51.010731],[13.757403,51.010593],[13.757144,51.010498],[13.757074,51.010575],[13.756874,51.010994],[13.756233,51.010864],[13.756154,51.011031],[13.755994,51.011366],[13.755775,51.01132],[13.755523,51.011268],[13.75552,51.011267],[13.755444,51.011466],[13.755406,51.011575],[13.755385,51.01163],[13.755352,51.011716],[13.755333,51.011764],[13.755275,51.011928],[13.755212,51.01208],[13.755174,51.012194],[13.755139,51.012285],[13.755084,51.012428],[13.754904,51.012912],[13.754805,51.013183],[13.754664,51.01357],[13.754646,51.01362],[13.754562,51.013842],[13.754452,51.013899],[13.754465,51.01391],[13.754654,51.014094],[13.754688,51.014133],[13.754848,51.014319],[13.754857,51.014329],[13.754963,51.01445],[13.754993,51.014485],[13.755071,51.014577],[13.755089,51.014652],[13.755149,51.014811],[13.755159,51.014837],[13.755228,51.015031],[13.755243,51.015094],[13.755246,51.015107],[13.755441,51.015538],[13.755518,51.015768],[13.755292,51.015685],[13.755046,51.0156],[13.754673,51.015462],[13.754274,51.015339],[13.754163,51.015312],[13.753877,51.015271],[13.753308,51.015188],[13.753032,51.015148],[13.751883,51.014981],[13.751503,51.014933],[13.751422,51.014975],[13.751375,51.01502],[13.751231,51.015547],[13.751141,51.015876],[13.751125,51.015968],[13.751085,51.016058],[13.751023,51.016122],[13.7509,51.016236],[13.750827,51.01631],[13.750795,51.016381],[13.750817,51.016471],[13.750824,51.016504],[13.750839,51.016578],[13.750938,51.017071],[13.750945,51.01715],[13.751002,51.017507],[13.750879,51.017544],[13.750744,51.017574],[13.750583,51.017609],[13.750417,51.017627],[13.750264,51.017637],[13.750098,51.017646],[13.750007,51.017656],[13.749936,51.017672],[13.749906,51.017686],[13.749888,51.017694],[13.749834,51.017726],[13.749799,51.017755],[13.749765,51.017784],[13.749652,51.017881],[13.749517,51.018007],[13.749434,51.018092],[13.749364,51.018175],[13.74935,51.018191],[13.749232,51.018342],[13.749195,51.01839],[13.749157,51.018439],[13.749101,51.018506],[13.749046,51.018566],[13.748981,51.018637],[13.748917,51.018701],[13.748871,51.018747],[13.748857,51.018761],[13.748804,51.018807],[13.748736,51.018852],[13.748654,51.018903],[13.748588,51.018943],[13.748462,51.019021],[13.748388,51.019062],[13.74833,51.019084],[13.748277,51.019124],[13.748134,51.01923],[13.747937,51.019375],[13.7477,51.01958],[13.74749,51.019764],[13.747704,51.019845],[13.74785,51.019911],[13.747986,51.019978],[13.748104,51.020038],[13.748203,51.020117],[13.748343,51.02024],[13.748505,51.020425],[13.748748,51.020772],[13.748839,51.020922],[13.748864,51.020956],[13.748965,51.021095],[13.749061,51.021194],[13.749214,51.021311],[13.749329,51.021394],[13.749344,51.021404],[13.749577,51.021563],[13.749819,51.021731],[13.749936,51.021815],[13.750111,51.02194],[13.750355,51.022111],[13.750448,51.022189],[13.75055,51.022279],[13.750601,51.022324],[13.750882,51.022556],[13.750913,51.022586],[13.751033,51.022538],[13.751367,51.022421],[13.75144,51.022397],[13.751954,51.022225],[13.752448,51.022054],[13.752799,51.021935],[13.75281,51.02193],[13.752815,51.021927],[13.753013,51.021834],[13.753155,51.021829],[13.753154,51.021789],[13.75344,51.02162],[13.754224,51.021144],[13.754269,51.021117],[13.754979,51.020684],[13.75499,51.020678],[13.755029,51.020657],[13.75506,51.020638],[13.755086,51.020622],[13.755096,51.020626],[13.755118,51.020636],[13.755129,51.020641],[13.755132,51.020643],[13.755175,51.020664],[13.75527,51.020709],[13.755571,51.020855],[13.755743,51.020938],[13.755763,51.020946],[13.755836,51.020981],[13.75585,51.020987],[13.755951,51.021035],[13.756158,51.021134],[13.75632,51.021213],[13.756356,51.02123],[13.756387,51.021245],[13.756721,51.021409],[13.756764,51.021432],[13.756824,51.021465],[13.756856,51.021483],[13.756907,51.021451],[13.757127,51.021604],[13.758383,51.022329],[13.758417,51.022349],[13.758871,51.022611],[13.759317,51.022884],[13.759367,51.022915],[13.759702,51.02312],[13.759767,51.023136],[13.759799,51.023144],[13.759891,51.023148],[13.759999,51.023163],[13.76022,51.023282],[13.76014,51.023236],[13.760016,51.023154],[13.760005,51.023128],[13.760142,51.023104],[13.760276,51.023106],[13.760568,51.022932],[13.760605,51.022912],[13.760754,51.022825],[13.760845,51.022774],[13.761176,51.022581],[13.761184,51.022576],[13.761325,51.022565],[13.761337,51.022636],[13.761476,51.02256],[13.761647,51.022475],[13.761742,51.022428],[13.762138,51.022252],[13.762633,51.022028],[13.763111,51.021821],[13.763277,51.021752],[13.763809,51.021534],[13.764196,51.021378],[13.764484,51.021268],[13.764827,51.021161],[13.7654,51.020996],[13.765666,51.020926],[13.765953,51.020856],[13.766304,51.020776],[13.766662,51.020701],[13.766789,51.020674],[13.76691,51.020647],[13.767017,51.020615],[13.767142,51.020568],[13.767248,51.020517],[13.767494,51.020395],[13.767539,51.020371],[13.767928,51.020164],[13.768043,51.02008],[13.768118,51.020011],[13.768253,51.019852],[13.768403,51.019674],[13.768683,51.019328],[13.768738,51.01926],[13.768874,51.019091],[13.769001,51.019131],[13.76955,51.019271],[13.77003,51.019394],[13.770554,51.019528],[13.770876,51.01961],[13.770997,51.019658],[13.771059,51.019592],[13.771155,51.019515],[13.771168,51.019504],[13.771278,51.019411],[13.771354,51.019312],[13.771432,51.019231],[13.771496,51.019174],[13.771521,51.019151],[13.771612,51.019079],[13.771616,51.019076],[13.771725,51.019013],[13.771855,51.018932],[13.771964,51.01887],[13.772067,51.018827],[13.772091,51.018817],[13.772238,51.018767],[13.772429,51.018707],[13.772462,51.018698],[13.7724,51.018617],[13.772171,51.018412],[13.772151,51.018397],[13.771971,51.018268],[13.771853,51.018183],[13.771799,51.018144],[13.771494,51.017924],[13.771517,51.01789],[13.771578,51.017751],[13.771606,51.017689],[13.771612,51.017675],[13.771619,51.017656],[13.771656,51.017578],[13.771661,51.017565],[13.771699,51.017471],[13.77173,51.017382],[13.771743,51.017356],[13.771803,51.017231],[13.771814,51.017208],[13.771825,51.01721],[13.772193,51.017286],[13.773281,51.017511],[13.773317,51.017518],[13.774021,51.017664],[13.774132,51.017619],[13.774214,51.017585],[13.774106,51.017476],[13.774108,51.017462],[13.774126,51.01738],[13.774137,51.017335],[13.774142,51.017314],[13.774145,51.017303],[13.774168,51.017225],[13.774191,51.017156],[13.774221,51.017045],[13.774266,51.016902],[13.774396,51.016675],[13.774452,51.016593],[13.77414,51.016508],[13.774133,51.016506],[13.774187,51.016423],[13.774284,51.016345],[13.774413,51.016291],[13.774659,51.016191],[13.774722,51.016153],[13.774741,51.016141],[13.774793,51.016109],[13.77481,51.016119],[13.775032,51.016032],[13.775307,51.015903],[13.775341,51.015887],[13.775405,51.015853],[13.775487,51.015811],[13.775521,51.015798],[13.775572,51.015778],[13.775587,51.015828],[13.775741,51.015923],[13.775905,51.015945],[13.776024,51.015952],[13.776079,51.015929],[13.776396,51.015763],[13.776398,51.015762],[13.776785,51.01555],[13.77679,51.015555],[13.776839,51.015603],[13.777098,51.015444],[13.777149,51.015413],[13.777315,51.015311],[13.777321,51.0153],[13.77734,51.015295],[13.777501,51.015247],[13.777589,51.015212],[13.777596,51.015209],[13.77766,51.015188],[13.777759,51.015156],[13.777896,51.015131],[13.777945,51.015123],[13.778109,51.015112],[13.778151,51.015103],[13.778423,51.015042],[13.778585,51.015006],[13.778613,51.015],[13.778689,51.014993],[13.778783,51.014995],[13.778906,51.015004],[13.778979,51.015016],[13.779304,51.015063],[13.779506,51.015082],[13.779617,51.015097],[13.779663,51.015118],[13.779718,51.015104],[13.780266,51.016219],[13.7803,51.01629],[13.780374,51.016404],[13.780426,51.016477],[13.780484,51.016548],[13.780588,51.016637],[13.780671,51.016701],[13.780676,51.016704],[13.780997,51.016949],[13.780984,51.016957],[13.780996,51.016966],[13.781031,51.016995],[13.781104,51.017072],[13.781152,51.017054],[13.781231,51.017024],[13.781708,51.016937],[13.781952,51.016887],[13.78222,51.016822],[13.78269,51.016675],[13.782976,51.016574],[13.783263,51.016431],[13.783674,51.016212],[13.78369,51.016203],[13.783597,51.016135],[13.783176,51.015836],[13.782811,51.015997],[13.782762,51.015952],[13.782667,51.015863],[13.782607,51.015808],[13.782515,51.015724],[13.782474,51.015685],[13.782393,51.015611],[13.782595,51.015541],[13.782501,51.015431],[13.78242,51.015336],[13.78234,51.015242],[13.782294,51.015188],[13.782259,51.015148],[13.782179,51.015053],[13.782099,51.014959],[13.782073,51.014929],[13.782018,51.014865],[13.781938,51.014771],[13.781905,51.014732],[13.781857,51.014676],[13.781777,51.014582],[13.781697,51.014487],[13.781663,51.014448],[13.781617,51.014393],[13.781523,51.014282],[13.781436,51.01418],[13.781354,51.014084],[13.781264,51.013977],[13.78119,51.013889],[13.781119,51.013807],[13.781115,51.013802],[13.781039,51.013714],[13.780964,51.013627],[13.780888,51.01354],[13.780812,51.013453],[13.780736,51.013366],[13.780661,51.013279],[13.780588,51.013195],[13.780585,51.013192],[13.780509,51.013105],[13.7805,51.013094],[13.780433,51.013018],[13.780357,51.012931],[13.78028,51.012844],[13.780204,51.012757],[13.780118,51.01266],[13.780105,51.012646],[13.780092,51.012631],[13.780084,51.012621],[13.780074,51.012611],[13.780071,51.012606],[13.780078,51.012604],[13.780411,51.012486],[13.780761,51.012361],[13.780354,51.011905],[13.780627,51.01176],[13.780796,51.011671],[13.781069,51.011504],[13.781383,51.01132],[13.781603,51.011189],[13.781994,51.010962],[13.782192,51.01084],[13.782349,51.010743],[13.782466,51.010664],[13.782559,51.010601],[13.782623,51.010558],[13.782951,51.010322],[13.783192,51.010142],[13.783395,51.009993],[13.7839,51.009626],[13.783902,51.009624],[13.785139,51.008669],[13.785154,51.008658],[13.785056,51.008613],[13.785138,51.008548],[13.785294,51.008405],[13.785471,51.008239],[13.785587,51.008123],[13.785861,51.007837],[13.785998,51.007689],[13.785874,51.007645],[13.785863,51.00764],[13.785855,51.007636],[13.784955,51.007198],[13.784436,51.006945],[13.7842,51.00683],[13.784026,51.006745],[13.783727,51.0066],[13.783621,51.006548],[13.783739,51.006447],[13.783845,51.006358],[13.783821,51.006346],[13.78286,51.005877],[13.782653,51.005775],[13.782338,51.005645],[13.782044,51.005509],[13.781425,51.005247],[13.781447,51.005223],[13.78168,51.004971],[13.781981,51.004591],[13.782277,51.004187],[13.782404,51.004058],[13.782656,51.003801],[13.78262,51.00379],[13.78204,51.003714],[13.781792,51.003681],[13.781658,51.003663],[13.781603,51.003656],[13.78112,51.003592],[13.780584,51.003522],[13.780071,51.003448],[13.779758,51.003402],[13.779167,51.00331],[13.778574,51.003232],[13.778013,51.003155],[13.777812,51.003122],[13.777637,51.003094],[13.777502,51.003072],[13.777432,51.003063],[13.777053,51.003017],[13.776768,51.002982],[13.776344,51.00293],[13.776296,51.002927],[13.775697,51.002873],[13.775608,51.002864],[13.775588,51.002863],[13.77519,51.002807],[13.775098,51.002796],[13.774846,51.002768],[13.774745,51.002758],[13.774579,51.002742],[13.774418,51.002731],[13.773925,51.002709],[13.773863,51.002705],[13.773823,51.002703],[13.773588,51.00268],[13.773234,51.002641],[13.772904,51.002638],[13.772575,51.00264],[13.772549,51.002642],[13.772072,51.002625],[13.771668,51.002604],[13.770787,51.00252],[13.770699,51.002507],[13.770506,51.002486],[13.770373,51.002454],[13.770475,51.002285],[13.770592,51.002027],[13.77067,51.00173],[13.77067,51.001663],[13.770527,51.001665],[13.769445,51.001608],[13.768764,51.001568],[13.768217,51.001533],[13.768176,51.00153],[13.767951,51.001541],[13.767941,51.001594],[13.767527,51.001537],[13.76701,51.001452],[13.766475,51.001364],[13.766145,51.00131],[13.766141,51.001257],[13.766156,51.00093],[13.765505,51.000887],[13.764885,51.00086],[13.764705,51.000853],[13.764327,51.000842],[13.76376,51.000828],[13.763729,51.000828],[13.763703,51.000828],[13.763666,51.000828],[13.763637,51.000771],[13.763566,51.00043],[13.763506,51.00005],[13.763408,51.000059]]]}},{"type":"Feature","id":"dresden-74","properties":{"city":"Dresden","state":"Sachsen","code":"74","name":"Lockwitz mit Kauscha, Luga und Nickern","name_atlas":"Luga/Lockwitz/Nickern/Kauscha","population_est":7395,"crime_total":{"cases":460,"rate":6220.0},"homicide":{"cases":0,"rate":0.0},"sexual":{"cases":5,"rate":67.6},"violence_proxy":{"cases":71,"rate":960.1},"property_total":{"cases":230,"rate":3110.2},"simple_theft":{"cases":156,"rate":2109.5},"aggravated_theft":{"cases":74,"rate":1000.7},"fraud":{"cases":79,"rate":1068.3},"other_stgb":{"cases":68,"rate":919.5},"secondary_law":{"cases":7,"rate":94.7}},"geometry":{"type":"Polygon","coordinates":[[[13.799088,50.977966],[13.799139,50.977833],[13.79916,50.977778],[13.799083,50.977653],[13.799051,50.977601],[13.799025,50.977558],[13.798584,50.9773],[13.798526,50.977266],[13.798667,50.977115],[13.799197,50.976545],[13.798842,50.97649],[13.79845,50.97646],[13.798188,50.976451],[13.797793,50.976328],[13.797291,50.976255],[13.796848,50.97643],[13.79646,50.976651],[13.7963,50.976732],[13.796097,50.976772],[13.795603,50.977026],[13.795542,50.977133],[13.79546,50.977231],[13.795423,50.977311],[13.795494,50.977389],[13.79569,50.977484],[13.795917,50.97758],[13.796095,50.977642],[13.796309,50.977699],[13.796343,50.977712],[13.796319,50.977723],[13.795405,50.978144],[13.79535,50.978169],[13.795336,50.978175],[13.795314,50.97816],[13.794901,50.97801],[13.794625,50.977915],[13.794592,50.977887],[13.794583,50.977877],[13.794563,50.977856],[13.794565,50.977855],[13.794492,50.97757],[13.794458,50.977505],[13.794466,50.977496],[13.794435,50.977442],[13.79431,50.977396],[13.794263,50.977396],[13.794142,50.977412],[13.794061,50.977457],[13.793928,50.977535],[13.793789,50.9776],[13.793685,50.977595],[13.793328,50.977534],[13.793079,50.977471],[13.792792,50.977418],[13.792224,50.977353],[13.791823,50.977318],[13.791797,50.977353],[13.791775,50.977388],[13.791733,50.977448],[13.791727,50.97746],[13.791703,50.977512],[13.791682,50.977558],[13.791653,50.977608],[13.791505,50.978029],[13.791334,50.978491],[13.791232,50.97877],[13.791224,50.978793],[13.791198,50.978868],[13.791189,50.978897],[13.791452,50.978926],[13.791585,50.978919],[13.79201,50.978877],[13.792018,50.978876],[13.79202,50.97891],[13.79197,50.979105],[13.791964,50.979131],[13.791958,50.97916],[13.791949,50.979195],[13.791936,50.979246],[13.791908,50.9793],[13.791775,50.97955],[13.791711,50.979661],[13.791579,50.979894],[13.791506,50.979996],[13.791407,50.980142],[13.791341,50.980229],[13.791224,50.980371],[13.79106,50.980617],[13.791044,50.980645],[13.790875,50.980939],[13.790867,50.980959],[13.790792,50.981135],[13.790758,50.981214],[13.790824,50.981336],[13.790875,50.981428],[13.790991,50.981639],[13.7911,50.981898],[13.790934,50.981946],[13.790792,50.98197],[13.790667,50.981983],[13.790439,50.981993],[13.790661,50.9823],[13.790683,50.982332],[13.790766,50.982433],[13.790804,50.98248],[13.790931,50.982636],[13.791068,50.982795],[13.791148,50.982888],[13.791211,50.982957],[13.791239,50.982963],[13.790987,50.983217],[13.789052,50.983931],[13.78899,50.983954],[13.789165,50.984107],[13.789401,50.984316],[13.78956,50.984426],[13.789599,50.984452],[13.789649,50.984474],[13.789668,50.984519],[13.789679,50.984544],[13.789689,50.984563],[13.789881,50.984917],[13.789954,50.985086],[13.789985,50.985259],[13.789966,50.985398],[13.789906,50.985542],[13.789781,50.98575],[13.789692,50.985908],[13.789631,50.986019],[13.789585,50.986117],[13.789551,50.986353],[13.789587,50.987095],[13.789674,50.987387],[13.789686,50.987429],[13.789821,50.987745],[13.789955,50.988137],[13.789907,50.988135],[13.789887,50.988134],[13.789426,50.988126],[13.789407,50.987917],[13.789386,50.987687],[13.78928,50.987273],[13.789112,50.986863],[13.788808,50.9865],[13.788604,50.98654],[13.788307,50.986599],[13.787995,50.986673],[13.78789,50.986698],[13.787609,50.98647],[13.787356,50.986313],[13.787312,50.986281],[13.786939,50.986012],[13.78663,50.985786],[13.786078,50.986087],[13.785697,50.986295],[13.784777,50.986797],[13.784427,50.986988],[13.783777,50.987342],[13.78278,50.987886],[13.781797,50.988422],[13.781399,50.988507],[13.780917,50.98861],[13.780246,50.988331],[13.779887,50.988181],[13.779651,50.988083],[13.779682,50.988004],[13.779702,50.987916],[13.779632,50.987907],[13.779644,50.987854],[13.779649,50.987829],[13.779667,50.987676],[13.779668,50.987669],[13.779684,50.987569],[13.77971,50.987393],[13.779722,50.987361],[13.77975,50.987287],[13.779788,50.987181],[13.779895,50.986893],[13.779963,50.986715],[13.780006,50.986604],[13.780198,50.986103],[13.780211,50.98607],[13.780211,50.986016],[13.776351,50.987659],[13.776299,50.987681],[13.776315,50.987696],[13.776298,50.987706],[13.775903,50.987933],[13.775852,50.987962],[13.775573,50.988124],[13.775497,50.988081],[13.775364,50.988007],[13.775354,50.988002],[13.775066,50.987895],[13.774798,50.987824],[13.774416,50.987815],[13.774186,50.98778],[13.773324,50.98765],[13.773045,50.987883],[13.772893,50.987893],[13.772883,50.987894],[13.772705,50.987907],[13.772102,50.987836],[13.771824,50.987828],[13.771722,50.987825],[13.771612,50.987822],[13.771339,50.987796],[13.771297,50.987792],[13.77127,50.98779],[13.770964,50.987757],[13.770959,50.987795],[13.770958,50.987809],[13.770943,50.987961],[13.770933,50.988046],[13.770923,50.988141],[13.770884,50.988379],[13.770872,50.988459],[13.77087,50.988477],[13.770737,50.988845],[13.770651,50.989128],[13.770577,50.989276],[13.770545,50.989339],[13.77044,50.989525],[13.770238,50.989844],[13.770025,50.990149],[13.769723,50.99057],[13.769683,50.990626],[13.769679,50.990632],[13.76942,50.990914],[13.769392,50.990945],[13.769327,50.991017],[13.7693,50.991047],[13.769267,50.991083],[13.76922,50.99113],[13.768816,50.991542],[13.768268,50.9921],[13.767713,50.992666],[13.767527,50.992855],[13.767347,50.993039],[13.767215,50.993173],[13.767174,50.993215],[13.767116,50.993274],[13.76711,50.993281],[13.766939,50.993455],[13.76692,50.993474],[13.766391,50.994012],[13.766325,50.99408],[13.765834,50.99458],[13.765726,50.99469],[13.765499,50.994922],[13.766836,50.996442],[13.764835,50.99683],[13.764985,50.997736],[13.765014,50.997912],[13.765039,50.998068],[13.765104,50.998458],[13.765385,51.000162],[13.765414,51.000333],[13.765505,51.000887],[13.766156,51.00093],[13.766141,51.001257],[13.766145,51.00131],[13.766475,51.001364],[13.76701,51.001452],[13.767527,51.001537],[13.767941,51.001594],[13.767951,51.001541],[13.768176,51.00153],[13.768217,51.001533],[13.768764,51.001568],[13.769445,51.001608],[13.770527,51.001665],[13.77067,51.001663],[13.77067,51.00173],[13.770592,51.002027],[13.770475,51.002285],[13.770373,51.002454],[13.770506,51.002486],[13.770699,51.002507],[13.770787,51.00252],[13.771668,51.002604],[13.772072,51.002625],[13.772549,51.002642],[13.772575,51.00264],[13.772904,51.002638],[13.773234,51.002641],[13.773588,51.00268],[13.773823,51.002703],[13.773863,51.002705],[13.773925,51.002709],[13.774418,51.002731],[13.774579,51.002742],[13.774745,51.002758],[13.774846,51.002768],[13.775098,51.002796],[13.77519,51.002807],[13.775588,51.002863],[13.775608,51.002864],[13.775697,51.002873],[13.776296,51.002927],[13.776344,51.00293],[13.776768,51.002982],[13.777053,51.003017],[13.777432,51.003063],[13.777502,51.003072],[13.777637,51.003094],[13.777812,51.003122],[13.778013,51.003155],[13.778574,51.003232],[13.779167,51.00331],[13.779758,51.003402],[13.780071,51.003448],[13.780584,51.003522],[13.78112,51.003592],[13.781603,51.003656],[13.781658,51.003663],[13.781792,51.003681],[13.78204,51.003714],[13.78262,51.00379],[13.782656,51.003801],[13.782404,51.004058],[13.782277,51.004187],[13.781981,51.004591],[13.78168,51.004971],[13.781447,51.005223],[13.781425,51.005247],[13.782044,51.005509],[13.782338,51.005645],[13.782653,51.005775],[13.78286,51.005877],[13.783821,51.006346],[13.783845,51.006358],[13.783739,51.006447],[13.783621,51.006548],[13.783727,51.0066],[13.784026,51.006745],[13.7842,51.00683],[13.784436,51.006945],[13.784955,51.007198],[13.785855,51.007636],[13.785863,51.00764],[13.785874,51.007645],[13.785998,51.007689],[13.786274,51.007395],[13.786623,51.007013],[13.786876,51.006747],[13.787013,51.00658],[13.787037,51.006551],[13.787219,51.006312],[13.787373,51.006146],[13.787571,51.005974],[13.787761,51.005823],[13.788018,51.005648],[13.788116,51.005673],[13.788195,51.005693],[13.788206,51.005696],[13.788576,51.005483],[13.788712,51.005405],[13.789318,51.005093],[13.789874,51.004799],[13.79017,51.004634],[13.790498,51.004441],[13.790856,51.004208],[13.791178,51.003976],[13.791541,51.003688],[13.791803,51.003456],[13.792099,51.003172],[13.792266,51.002994],[13.792546,51.002718],[13.792808,51.002494],[13.792882,51.002437],[13.793153,51.002231],[13.793448,51.002027],[13.793826,51.00179],[13.793829,51.001788],[13.794694,51.001247],[13.795224,51.000922],[13.79595,51.000478],[13.796267,51.000289],[13.796451,51.000197],[13.796554,51.000145],[13.796603,51.00012],[13.797041,50.999901],[13.797064,50.999889],[13.79758,50.999629],[13.799552,50.998648],[13.799619,50.998615],[13.799582,50.998579],[13.799553,50.998552],[13.799486,50.998488],[13.799533,50.998458],[13.799618,50.998405],[13.799907,50.998263],[13.800268,50.998041],[13.800696,50.9978],[13.801345,50.997377],[13.80211,50.996846],[13.802411,50.996633],[13.802577,50.996509],[13.802703,50.996393],[13.802791,50.996297],[13.802851,50.996189],[13.8037,50.995313],[13.80422,50.994742],[13.804366,50.994615],[13.80439,50.994595],[13.804424,50.994559],[13.804503,50.994474],[13.804634,50.994353],[13.80483,50.99417],[13.804999,50.994012],[13.805202,50.993815],[13.805313,50.993708],[13.805425,50.993599],[13.805545,50.993647],[13.806009,50.993943],[13.806477,50.994239],[13.806708,50.994112],[13.807024,50.993937],[13.807049,50.993926],[13.807292,50.993867],[13.807314,50.993861],[13.807555,50.993806],[13.807806,50.993751],[13.808137,50.993674],[13.80843,50.993606],[13.808823,50.993514],[13.809201,50.993425],[13.809507,50.993632],[13.809675,50.993516],[13.809828,50.993401],[13.809863,50.99337],[13.81001,50.993301],[13.810093,50.993275],[13.810268,50.993176],[13.8103,50.993159],[13.810442,50.993166],[13.810446,50.993126],[13.810457,50.993067],[13.81047,50.993014],[13.810494,50.992911],[13.810576,50.992988],[13.810608,50.993043],[13.810651,50.993095],[13.810698,50.993145],[13.810725,50.99317],[13.810607,50.99322],[13.810671,50.993306],[13.810709,50.993395],[13.810745,50.99346],[13.810857,50.99355],[13.810978,50.993616],[13.811113,50.99365],[13.811162,50.993707],[13.811211,50.993762],[13.811254,50.99381],[13.811296,50.993858],[13.811337,50.993913],[13.811312,50.99392],[13.811403,50.994055],[13.811438,50.994154],[13.811481,50.994313],[13.81157,50.994549],[13.811647,50.994668],[13.811651,50.994673],[13.811703,50.994741],[13.811779,50.994792],[13.812142,50.994977],[13.812194,50.994959],[13.81221,50.994951],[13.812239,50.99494],[13.812312,50.994907],[13.812408,50.994841],[13.812451,50.994865],[13.812483,50.994883],[13.812659,50.99498],[13.812825,50.99508],[13.812982,50.995182],[13.813091,50.995257],[13.813294,50.995386],[13.813387,50.995448],[13.813482,50.995507],[13.813597,50.99558],[13.813623,50.995597],[13.813638,50.995587],[13.813706,50.995537],[13.814043,50.995288],[13.814141,50.995215],[13.814143,50.995204],[13.81421,50.995156],[13.814623,50.994852],[13.814688,50.994805],[13.8147,50.994794],[13.814733,50.994771],[13.814746,50.994762],[13.814863,50.994787],[13.815002,50.994796],[13.815055,50.994805],[13.815118,50.994814],[13.81515,50.994825],[13.815285,50.99487],[13.815558,50.994983],[13.815894,50.995123],[13.81597,50.995153],[13.815978,50.995157],[13.816009,50.99517],[13.816272,50.995279],[13.81657,50.995406],[13.816573,50.995404],[13.816579,50.995412],[13.817224,50.995689],[13.817263,50.995658],[13.817468,50.995493],[13.817675,50.995327],[13.817692,50.995313],[13.817891,50.99516],[13.817926,50.995131],[13.81799,50.995076],[13.818006,50.995062],[13.818067,50.99501],[13.818149,50.994943],[13.818239,50.994869],[13.818363,50.994767],[13.818444,50.994707],[13.818231,50.994607],[13.817959,50.994485],[13.81785,50.994435],[13.817605,50.994316],[13.817882,50.994171],[13.818342,50.993915],[13.818907,50.993587],[13.818947,50.993576],[13.819036,50.99355],[13.820441,50.992729],[13.820503,50.992692],[13.820519,50.992706],[13.821067,50.992457],[13.821603,50.992233],[13.822175,50.992008],[13.82263,50.991844],[13.82263,50.991844],[13.822984,50.991756],[13.823101,50.991727],[13.823174,50.991811],[13.823343,50.992029],[13.82339,50.99209],[13.823554,50.99206],[13.823823,50.992011],[13.824185,50.991945],[13.82456,50.991894],[13.82525,50.991799],[13.825298,50.991793],[13.825309,50.991791],[13.826254,50.991671],[13.826389,50.991653],[13.8266,50.991631],[13.826601,50.991631],[13.827199,50.991569],[13.827225,50.991566],[13.827363,50.991593],[13.827182,50.991816],[13.827156,50.991849],[13.82699,50.992079],[13.826973,50.992104],[13.827145,50.992049],[13.827714,50.992007],[13.827971,50.991989],[13.828196,50.991973],[13.828325,50.991936],[13.829875,50.991834],[13.830325,50.992273],[13.830616,50.992559],[13.831249,50.993204],[13.831339,50.993273],[13.831401,50.99326],[13.831402,50.993277],[13.831395,50.993282],[13.831635,50.993471],[13.831716,50.993547],[13.831818,50.993653],[13.831983,50.993785],[13.832049,50.993862],[13.831999,50.993919],[13.831995,50.993922],[13.832054,50.993929],[13.832105,50.993969],[13.832256,50.994089],[13.832246,50.9942],[13.832264,50.994216],[13.832316,50.994262],[13.832317,50.994263],[13.832639,50.994584],[13.832685,50.99463],[13.832697,50.994624],[13.833138,50.994373],[13.833326,50.994268],[13.833583,50.994126],[13.83403,50.993859],[13.834512,50.993562],[13.835026,50.993262],[13.835732,50.992845],[13.83629,50.992526],[13.836561,50.992365],[13.836713,50.992275],[13.83702,50.992093],[13.837617,50.991733],[13.838247,50.99137],[13.838258,50.991364],[13.838945,50.990956],[13.839542,50.990598],[13.839548,50.9905],[13.83956,50.990234],[13.839592,50.990172],[13.839648,50.990111],[13.839744,50.990038],[13.839922,50.989927],[13.840328,50.989686],[13.84063,50.989509],[13.841223,50.989157],[13.84165,50.988908],[13.842182,50.988593],[13.842568,50.988362],[13.84282,50.988219],[13.842751,50.98816],[13.842466,50.988052],[13.842059,50.987966],[13.841041,50.987751],[13.840955,50.987733],[13.8398,50.987488],[13.839761,50.987507],[13.839763,50.98736],[13.839745,50.987217],[13.839628,50.986771],[13.839581,50.986599],[13.839489,50.986313],[13.839444,50.98619],[13.839428,50.986161],[13.839425,50.986153],[13.839368,50.986052],[13.839339,50.985965],[13.839327,50.985919],[13.839305,50.98584],[13.839241,50.985728],[13.839222,50.985676],[13.839211,50.985616],[13.839213,50.985595],[13.839215,50.985564],[13.839207,50.985521],[13.839205,50.985506],[13.839202,50.985476],[13.83919,50.98538],[13.839186,50.985348],[13.839166,50.985179],[13.839145,50.985],[13.839106,50.984798],[13.83909,50.984747],[13.839058,50.984588],[13.839001,50.984489],[13.838772,50.984223],[13.838756,50.984204],[13.838744,50.984193],[13.838723,50.984175],[13.838598,50.984064],[13.838494,50.983971],[13.838425,50.983915],[13.838394,50.983889],[13.838393,50.983888],[13.838388,50.983884],[13.838129,50.983671],[13.83809,50.983645],[13.837962,50.983558],[13.83787,50.983486],[13.837859,50.983476],[13.837825,50.983449],[13.837826,50.983425],[13.837829,50.983391],[13.837812,50.983355],[13.837722,50.983164],[13.837642,50.98299],[13.837288,50.983062],[13.836944,50.983132],[13.836784,50.983013],[13.836715,50.982948],[13.836692,50.982922],[13.836645,50.982867],[13.83662,50.982831],[13.836592,50.982791],[13.836537,50.98271],[13.836507,50.982675],[13.836484,50.982647],[13.836451,50.982607],[13.836437,50.982591],[13.836307,50.982409],[13.836278,50.982347],[13.836267,50.982322],[13.836242,50.98227],[13.83622,50.982218],[13.836189,50.982146],[13.836146,50.982112],[13.83585,50.981901],[13.835617,50.981698],[13.835415,50.981505],[13.835309,50.981445],[13.834949,50.981223],[13.834748,50.981009],[13.834644,50.98092],[13.83455,50.980844],[13.834301,50.980607],[13.834208,50.980324],[13.834103,50.980166],[13.833986,50.980004],[13.833797,50.979787],[13.833511,50.979975],[13.833395,50.980035],[13.833269,50.980078],[13.833125,50.980127],[13.832986,50.980151],[13.832726,50.980175],[13.832455,50.98016],[13.832305,50.980107],[13.832164,50.980008],[13.831983,50.9798],[13.8318,50.979634],[13.831634,50.979412],[13.831253,50.979443],[13.830918,50.979439],[13.830932,50.979262],[13.830952,50.979187],[13.831069,50.97917],[13.831109,50.978731],[13.831248,50.978402],[13.831204,50.978411],[13.831182,50.978414],[13.83115,50.978419],[13.831078,50.978432],[13.830784,50.978489],[13.830731,50.978499],[13.830635,50.978517],[13.830567,50.978531],[13.829642,50.978692],[13.829072,50.978791],[13.828531,50.978885],[13.828359,50.978915],[13.827832,50.979015],[13.827651,50.979082],[13.827268,50.979193],[13.826902,50.979293],[13.82653,50.979368],[13.825994,50.979444],[13.825559,50.979478],[13.825282,50.979464],[13.825243,50.979462],[13.824917,50.979271],[13.824621,50.97907],[13.824135,50.978772],[13.82403,50.978672],[13.823949,50.978585],[13.823734,50.978592],[13.823005,50.978339],[13.822909,50.978302],[13.822174,50.977989],[13.821767,50.977817],[13.821209,50.977558],[13.821053,50.977465],[13.821209,50.977411],[13.821267,50.977283],[13.821273,50.977268],[13.821446,50.977024],[13.821568,50.976873],[13.821554,50.976753],[13.821556,50.976725],[13.821548,50.976667],[13.821414,50.976437],[13.821391,50.976389],[13.821354,50.976109],[13.82135,50.976058],[13.821303,50.975697],[13.821221,50.975283],[13.821047,50.975185],[13.820928,50.975156],[13.820767,50.975117],[13.820552,50.975107],[13.82035,50.975097],[13.820292,50.975094],[13.820115,50.975081],[13.81949,50.975057],[13.819442,50.975053],[13.819003,50.975021],[13.818829,50.974996],[13.818454,50.974946],[13.818348,50.974932],[13.817975,50.974946],[13.817388,50.974984],[13.817264,50.974991],[13.816773,50.975018],[13.816306,50.975054],[13.815791,50.975087],[13.815507,50.97511],[13.815472,50.97534],[13.815332,50.975502],[13.815207,50.975573],[13.814946,50.975723],[13.814738,50.97583],[13.814587,50.975791],[13.814112,50.975543],[13.813892,50.975424],[13.813773,50.975333],[13.813697,50.975279],[13.813628,50.975285],[13.812991,50.97535],[13.813015,50.976072],[13.81295,50.976518],[13.812624,50.976547],[13.811932,50.976587],[13.811325,50.976606],[13.811272,50.977012],[13.811154,50.977053],[13.810576,50.977078],[13.810523,50.977076],[13.809904,50.977027],[13.809843,50.977023],[13.809223,50.976901],[13.8092,50.976899],[13.809139,50.976893],[13.808997,50.976867],[13.808749,50.976823],[13.808459,50.976771],[13.808352,50.97702],[13.807593,50.976963],[13.807492,50.977122],[13.807412,50.977277],[13.80741,50.977284],[13.807379,50.977407],[13.80733,50.977599],[13.807336,50.97766],[13.807358,50.977881],[13.807427,50.978228],[13.80743,50.978248],[13.807452,50.978431],[13.807467,50.978635],[13.807478,50.978704],[13.807619,50.979181],[13.807735,50.979594],[13.807599,50.979617],[13.807119,50.979692],[13.806505,50.979797],[13.806367,50.979819],[13.806326,50.979826],[13.805873,50.979923],[13.80501,50.980113],[13.804911,50.979886],[13.804734,50.979507],[13.804575,50.979147],[13.804456,50.978918],[13.804452,50.978907],[13.803776,50.978986],[13.803479,50.979021],[13.803091,50.979065],[13.802466,50.979134],[13.802023,50.979185],[13.801413,50.97925],[13.801393,50.979252],[13.801381,50.979254],[13.801337,50.979134],[13.801288,50.979143],[13.801261,50.979147],[13.801253,50.979149],[13.801245,50.978897],[13.801271,50.978758],[13.801233,50.97875],[13.801215,50.978746],[13.801008,50.978696],[13.800084,50.978473],[13.799499,50.97833],[13.79929,50.978279],[13.799087,50.97823],[13.799056,50.978223],[13.798995,50.978208],[13.799011,50.978166],[13.799088,50.977966]]]}},{"type":"Feature","id":"dresden-41","properties":{"city":"Dresden","state":"Sachsen","code":"41","name":"Loschwitz/Wachwitz mit Neu-Rochwitz","name_atlas":"Loschwitz/Wachwitz","population_est":5741,"crime_total":{"cases":243,"rate":4233.0},"homicide":{"cases":1,"rate":17.4},"sexual":{"cases":2,"rate":34.8},"violence_proxy":{"cases":26,"rate":452.9},"property_total":{"cases":121,"rate":2107.6},"simple_theft":{"cases":23,"rate":400.6},"aggravated_theft":{"cases":98,"rate":1707.0},"fraud":{"cases":46,"rate":801.3},"other_stgb":{"cases":43,"rate":749.0},"secondary_law":{"cases":4,"rate":69.7}},"geometry":{"type":"Polygon","coordinates":[[[13.83268,51.059311],[13.832727,51.059227],[13.832782,51.059205],[13.83277,51.059199],[13.83268,51.05912],[13.8326,51.059056],[13.832537,51.059019],[13.832453,51.058995],[13.832354,51.058959],[13.832271,51.058929],[13.832219,51.058912],[13.832193,51.058904],[13.832079,51.058947],[13.832028,51.058958],[13.831919,51.058956],[13.831859,51.058951],[13.831669,51.05887],[13.831453,51.05878],[13.831434,51.058771],[13.831234,51.05867],[13.831148,51.058632],[13.830987,51.058567],[13.830874,51.058539],[13.830601,51.058461],[13.830449,51.058427],[13.830293,51.058395],[13.830234,51.058376],[13.830088,51.058328],[13.830006,51.058306],[13.829929,51.058296],[13.829902,51.058295],[13.829628,51.05828],[13.829451,51.05827],[13.829418,51.058268],[13.829367,51.058265],[13.829333,51.058263],[13.829309,51.058262],[13.829202,51.058247],[13.82907,51.058266],[13.829068,51.058267],[13.828953,51.05834],[13.828892,51.058351],[13.828778,51.058361],[13.82872,51.058368],[13.828647,51.058395],[13.828607,51.058424],[13.828592,51.05844],[13.828569,51.058529],[13.828541,51.058526],[13.828353,51.058503],[13.828134,51.058467],[13.827903,51.058429],[13.827804,51.05841],[13.827687,51.058384],[13.827541,51.058348],[13.827179,51.058258],[13.827201,51.058196],[13.827295,51.058105],[13.827339,51.058064],[13.827379,51.058026],[13.827407,51.057986],[13.827432,51.057922],[13.827434,51.057793],[13.827438,51.057743],[13.827446,51.057724],[13.827591,51.057458],[13.827637,51.057314],[13.827692,51.057161],[13.827746,51.057004],[13.827749,51.056986],[13.827891,51.056995],[13.827896,51.056986],[13.827931,51.056925],[13.827937,51.056894],[13.82793,51.056864],[13.827922,51.056841],[13.827918,51.056833],[13.827929,51.056831],[13.828008,51.056794],[13.828049,51.056756],[13.828142,51.056706],[13.828264,51.0566],[13.828375,51.056538],[13.828466,51.056469],[13.828557,51.056422],[13.828598,51.056382],[13.828696,51.056324],[13.828773,51.056255],[13.828827,51.056228],[13.828891,51.056243],[13.828946,51.056196],[13.828974,51.056172],[13.829056,51.05609],[13.829091,51.056054],[13.829121,51.056032],[13.829158,51.056011],[13.829206,51.055955],[13.829233,51.055891],[13.829496,51.055698],[13.829498,51.055699],[13.829644,51.05561],[13.829718,51.055542],[13.829784,51.055484],[13.829874,51.055401],[13.829891,51.055385],[13.82994,51.055331],[13.830002,51.055281],[13.830009,51.055209],[13.830023,51.05519],[13.830035,51.055174],[13.830136,51.055039],[13.830216,51.054974],[13.830273,51.054912],[13.830311,51.054897],[13.830546,51.054801],[13.830747,51.054687],[13.830886,51.054388],[13.83089,51.054379],[13.830931,51.054295],[13.83094,51.054284],[13.831051,51.054132],[13.83106,51.054123],[13.831123,51.053953],[13.831124,51.053952],[13.831202,51.053782],[13.831223,51.053728],[13.831271,51.053643],[13.831439,51.05368],[13.831398,51.053586],[13.831294,51.053525],[13.831313,51.053468],[13.831335,51.053421],[13.831349,51.053378],[13.831523,51.053074],[13.831686,51.0528],[13.831739,51.052719],[13.831783,51.052634],[13.83181,51.052639],[13.831852,51.052553],[13.831924,51.052441],[13.831952,51.052406],[13.832107,51.05217],[13.832129,51.052134],[13.83216,51.052024],[13.832218,51.05187],[13.83227,51.051698],[13.832286,51.051659],[13.832316,51.051544],[13.832318,51.051534],[13.832369,51.051417],[13.832329,51.051384],[13.832059,51.051165],[13.832013,51.05108],[13.831999,51.051083],[13.831925,51.05096],[13.831868,51.050857],[13.831836,51.050782],[13.831809,51.05072],[13.831771,51.050625],[13.83175,51.050571],[13.831835,51.050597],[13.831925,51.050596],[13.832131,51.05059],[13.832123,51.0505],[13.832988,51.050371],[13.833166,51.050233],[13.833346,51.050093],[13.834049,51.049547],[13.833698,51.049336],[13.833728,51.049237],[13.83371,51.049194],[13.833669,51.0491],[13.833491,51.049062],[13.833655,51.048913],[13.833772,51.048806],[13.834002,51.048621],[13.834353,51.048329],[13.834423,51.048242],[13.834654,51.04794],[13.834567,51.047897],[13.834512,51.047841],[13.834482,51.047822],[13.834481,51.047788],[13.834477,51.047744],[13.834477,51.04772],[13.834442,51.047634],[13.834461,51.047612],[13.834453,51.047576],[13.834464,51.047515],[13.834527,51.047457],[13.834537,51.047368],[13.83456,51.047314],[13.834569,51.047289],[13.834573,51.047248],[13.834586,51.047228],[13.834602,51.047183],[13.834624,51.047138],[13.834591,51.047095],[13.834613,51.047077],[13.834659,51.047045],[13.83467,51.046986],[13.834706,51.046956],[13.834721,51.046937],[13.834792,51.046911],[13.834802,51.046884],[13.834804,51.046855],[13.834835,51.046813],[13.834903,51.046779],[13.834909,51.046762],[13.83491,51.046745],[13.834907,51.046723],[13.834883,51.046679],[13.834801,51.046539],[13.83478,51.046503],[13.834751,51.046478],[13.834678,51.046469],[13.834654,51.046491],[13.834606,51.046443],[13.83458,51.046391],[13.834536,51.046371],[13.834463,51.046278],[13.834442,51.046239],[13.834435,51.046165],[13.834451,51.046136],[13.834451,51.046094],[13.834418,51.046067],[13.834407,51.046024],[13.834374,51.046],[13.834311,51.045973],[13.834271,51.045931],[13.834222,51.045908],[13.834142,51.045861],[13.834052,51.045802],[13.834016,51.045756],[13.833935,51.045718],[13.833961,51.045698],[13.834331,51.045494],[13.834522,51.045391],[13.834658,51.045363],[13.834643,51.045333],[13.834641,51.045319],[13.834641,51.045304],[13.834646,51.045289],[13.834656,51.045273],[13.834693,51.045227],[13.834751,51.04515],[13.834821,51.045068],[13.834841,51.045045],[13.834883,51.044999],[13.834927,51.044949],[13.834978,51.044892],[13.835006,51.044906],[13.835092,51.044835],[13.835515,51.044447],[13.835919,51.044136],[13.835933,51.044125],[13.836086,51.044007],[13.836334,51.043862],[13.836349,51.043847],[13.836368,51.043851],[13.837122,51.044005],[13.837129,51.044003],[13.837147,51.043997],[13.837265,51.044047],[13.837362,51.043957],[13.837484,51.043879],[13.837684,51.043807],[13.83803,51.043665],[13.838217,51.043585],[13.838277,51.043559],[13.838292,51.043552],[13.83834,51.043529],[13.838413,51.043494],[13.838575,51.043417],[13.838727,51.043344],[13.838965,51.043231],[13.838999,51.043215],[13.839028,51.0432],[13.83903,51.043199],[13.839045,51.043189],[13.839066,51.043176],[13.839067,51.043167],[13.839064,51.043161],[13.839181,51.043109],[13.839254,51.043072],[13.839249,51.042982],[13.839293,51.04298],[13.839324,51.042977],[13.839385,51.042973],[13.839419,51.042972],[13.839449,51.042974],[13.839494,51.042985],[13.839555,51.042996],[13.839607,51.043001],[13.839663,51.042998],[13.839711,51.042996],[13.839754,51.042994],[13.839753,51.042988],[13.839711,51.042962],[13.839645,51.042937],[13.839609,51.042921],[13.839693,51.042848],[13.839915,51.042735],[13.839973,51.042653],[13.839992,51.042659],[13.840018,51.042665],[13.840076,51.0427],[13.840102,51.042728],[13.840162,51.042793],[13.840298,51.042898],[13.84039,51.042937],[13.840495,51.042983],[13.840698,51.04308],[13.840785,51.043121],[13.840911,51.043172],[13.840912,51.043172],[13.840913,51.043172],[13.840974,51.043179],[13.841149,51.043168],[13.841366,51.043122],[13.841445,51.043101],[13.841465,51.043095],[13.841487,51.043088],[13.841579,51.043057],[13.841707,51.043059],[13.841749,51.043065],[13.841767,51.04301],[13.841773,51.043003],[13.841795,51.042979],[13.841891,51.042875],[13.841954,51.042811],[13.842014,51.042747],[13.842076,51.042679],[13.842106,51.042651],[13.842147,51.042617],[13.842161,51.042595],[13.842264,51.042544],[13.842269,51.042541],[13.842302,51.042521],[13.842345,51.042511],[13.842379,51.042489],[13.842398,51.042484],[13.842415,51.042459],[13.842474,51.042423],[13.842495,51.042415],[13.842519,51.042407],[13.842606,51.042374],[13.842621,51.042358],[13.842675,51.042316],[13.842681,51.042311],[13.842774,51.04226],[13.842805,51.042236],[13.842814,51.042229],[13.842819,51.042226],[13.842862,51.042201],[13.842865,51.042199],[13.842928,51.042172],[13.842949,51.042149],[13.842969,51.042138],[13.84298,51.042127],[13.843009,51.042112],[13.843024,51.04209],[13.843096,51.042064],[13.843111,51.042063],[13.843151,51.042039],[13.843148,51.042015],[13.843153,51.04201],[13.843185,51.041974],[13.843221,51.041918],[13.843264,51.041869],[13.843291,51.041854],[13.843289,51.04184],[13.843296,51.041833],[13.843332,51.041809],[13.843358,51.041784],[13.843365,51.04178],[13.843367,51.041778],[13.84339,51.041767],[13.843398,51.041733],[13.843422,51.041713],[13.843432,51.041707],[13.843457,51.0417],[13.843496,51.041667],[13.843563,51.041603],[13.84358,51.041549],[13.84363,51.04152],[13.84366,51.041495],[13.843698,51.04147],[13.843751,51.041422],[13.843752,51.041418],[13.84376,51.041411],[13.843788,51.041356],[13.84381,51.041324],[13.843836,51.041264],[13.843876,51.041211],[13.843887,51.041182],[13.84395,51.041138],[13.84401,51.04111],[13.844077,51.041055],[13.844114,51.041017],[13.844152,51.040986],[13.844169,51.040958],[13.844222,51.040901],[13.844246,51.040866],[13.844286,51.040826],[13.844372,51.040655],[13.844424,51.040599],[13.844663,51.040437],[13.844715,51.040402],[13.844456,51.040265],[13.844265,51.040164],[13.844038,51.040044],[13.843872,51.039956],[13.843791,51.039914],[13.844093,51.039684],[13.844136,51.039625],[13.844256,51.039576],[13.844252,51.039572],[13.843972,51.039301],[13.843956,51.039286],[13.844075,51.039236],[13.844179,51.039169],[13.844253,51.039119],[13.844343,51.039058],[13.844363,51.039035],[13.844376,51.039022],[13.844425,51.038962],[13.844506,51.038864],[13.844402,51.038809],[13.844332,51.038773],[13.844268,51.038741],[13.843927,51.038598],[13.843715,51.038511],[13.843649,51.038488],[13.84337,51.038393],[13.84308,51.038295],[13.842969,51.038258],[13.842833,51.038196],[13.842816,51.038189],[13.842806,51.038184],[13.8427,51.038124],[13.84271,51.038117],[13.842514,51.038022],[13.842714,51.037913],[13.842637,51.037855],[13.842622,51.037844],[13.842453,51.037677],[13.84237,51.037596],[13.842276,51.037528],[13.842083,51.037389],[13.842076,51.037383],[13.841901,51.037233],[13.841872,51.037208],[13.841702,51.037132],[13.841268,51.037106],[13.84113,51.037098],[13.841056,51.037069],[13.840994,51.037044],[13.840967,51.037033],[13.840918,51.037013],[13.840803,51.036875],[13.840741,51.036801],[13.840597,51.036709],[13.840539,51.036671],[13.840243,51.036599],[13.840094,51.036555],[13.840246,51.036463],[13.840334,51.036445],[13.840653,51.036402],[13.840703,51.036413],[13.840808,51.036474],[13.841066,51.036578],[13.841274,51.036636],[13.841365,51.036661],[13.841421,51.036578],[13.841472,51.036506],[13.841538,51.036425],[13.841572,51.036384],[13.841663,51.03628],[13.841745,51.036196],[13.841788,51.036161],[13.841946,51.036031],[13.841901,51.036006],[13.841531,51.035804],[13.841403,51.03573],[13.841281,51.035626],[13.841248,51.035514],[13.841164,51.035408],[13.84109,51.035307],[13.841086,51.035235],[13.840728,51.034803],[13.84072,51.034795],[13.840709,51.034783],[13.840443,51.034554],[13.840392,51.03451],[13.840226,51.034367],[13.840139,51.034295],[13.840243,51.034246],[13.840415,51.034176],[13.840654,51.034065],[13.840906,51.033961],[13.841028,51.033915],[13.841058,51.033857],[13.841065,51.033666],[13.841003,51.033593],[13.840837,51.033398],[13.84051,51.033547],[13.840468,51.033516],[13.840383,51.033454],[13.840355,51.033433],[13.840247,51.03335],[13.840055,51.03321],[13.840052,51.033208],[13.839972,51.033149],[13.839862,51.033069],[13.839666,51.032926],[13.839628,51.032907],[13.839514,51.032853],[13.839402,51.032797],[13.83933,51.032767],[13.839151,51.032685],[13.838986,51.032621],[13.838203,51.032316],[13.837766,51.032767],[13.837097,51.033276],[13.836564,51.033626],[13.836094,51.033908],[13.836049,51.033936],[13.835483,51.03431],[13.834818,51.034684],[13.834098,51.034971],[13.83391,51.035052],[13.833534,51.035242],[13.832567,51.035615],[13.832465,51.035654],[13.83143,51.035975],[13.830966,51.036085],[13.830392,51.03617],[13.829883,51.036282],[13.828991,51.036527],[13.828427,51.036686],[13.828053,51.036817],[13.827144,51.037208],[13.826318,51.037545],[13.825356,51.037976],[13.824604,51.038342],[13.82388,51.038696],[13.823156,51.039069],[13.822509,51.039392],[13.821626,51.039843],[13.821016,51.040216],[13.82033,51.040713],[13.8197,51.04127],[13.819317,51.041656],[13.819082,51.041893],[13.818444,51.042672],[13.818016,51.043277],[13.817538,51.043961],[13.817181,51.044464],[13.81622,51.046062],[13.815779,51.046677],[13.815187,51.047442],[13.814552,51.048176],[13.813977,51.048841],[13.813476,51.049513],[13.812858,51.050171],[13.812383,51.050682],[13.811845,51.051245],[13.810691,51.052488],[13.810478,51.052857],[13.810117,51.053269],[13.810111,51.053276],[13.810033,51.053352],[13.810039,51.053355],[13.810045,51.053357],[13.809986,51.053421],[13.809973,51.053434],[13.809959,51.05345],[13.809847,51.05358],[13.808734,51.055068],[13.808464,51.055171],[13.807408,51.056852],[13.806822,51.05752],[13.806256,51.058132],[13.805883,51.058536],[13.805838,51.058765],[13.805305,51.059111],[13.804825,51.059416],[13.804283,51.059726],[13.803633,51.060067],[13.802962,51.060398],[13.802468,51.060618],[13.801306,51.061058],[13.800694,51.061318],[13.800215,51.061488],[13.799752,51.061627],[13.798977,51.061742],[13.798248,51.061912],[13.797979,51.061982],[13.797575,51.062088],[13.796391,51.062353],[13.795715,51.062472],[13.795049,51.062589],[13.79451,51.062684],[13.794295,51.062703],[13.793626,51.062821],[13.792722,51.062966],[13.791207,51.06318],[13.790079,51.063343],[13.790254,51.063967],[13.790256,51.063972],[13.790298,51.06408],[13.790422,51.064256],[13.790424,51.064258],[13.79048,51.064292],[13.79049,51.0643],[13.790491,51.064302],[13.790514,51.064354],[13.790644,51.064672],[13.790661,51.064737],[13.790661,51.064738],[13.790696,51.064876],[13.790781,51.065211],[13.790779,51.065254],[13.790773,51.065368],[13.790764,51.065464],[13.790745,51.065596],[13.790736,51.065658],[13.790684,51.065995],[13.790612,51.066016],[13.790613,51.066016],[13.790583,51.066133],[13.790496,51.066516],[13.790422,51.066892],[13.790395,51.06709],[13.790995,51.067019],[13.792283,51.06682],[13.793701,51.066618],[13.793923,51.066585],[13.793965,51.066577],[13.794137,51.066542],[13.794594,51.06643],[13.794667,51.066407],[13.795062,51.066301],[13.795507,51.066174],[13.795827,51.066101],[13.795855,51.066095],[13.796145,51.066043],[13.796568,51.066009],[13.797098,51.065985],[13.797456,51.065976],[13.797816,51.065977],[13.798465,51.065967],[13.799548,51.06595],[13.800556,51.065943],[13.800587,51.065942],[13.800642,51.06594],[13.801122,51.06592],[13.801558,51.065892],[13.801842,51.065866],[13.802065,51.065847],[13.80319,51.065747],[13.804641,51.065617],[13.805831,51.065526],[13.806199,51.065496],[13.806571,51.065449],[13.80717,51.065303],[13.809133,51.06481],[13.809538,51.064711],[13.809888,51.064595],[13.810098,51.064504],[13.810185,51.064466],[13.810406,51.064402],[13.810752,51.064336],[13.810858,51.064328],[13.811209,51.064299],[13.811554,51.064286],[13.811745,51.064276],[13.811867,51.064256],[13.811874,51.064254],[13.811964,51.064224],[13.812055,51.064183],[13.812078,51.064166],[13.812125,51.06413],[13.81218,51.064073],[13.812184,51.064069],[13.812243,51.063995],[13.812299,51.063917],[13.81237,51.063842],[13.812431,51.063802],[13.812508,51.063754],[13.812615,51.063717],[13.812725,51.063691],[13.812953,51.063677],[13.813193,51.063693],[13.813207,51.063695],[13.813323,51.063714],[13.813358,51.063627],[13.81336,51.063618],[13.813437,51.063343],[13.813464,51.063247],[13.813491,51.063174],[13.813537,51.063053],[13.813551,51.063008],[13.813604,51.062832],[13.813623,51.062743],[13.813637,51.062744],[13.813655,51.062655],[13.813707,51.062448],[13.813726,51.062318],[13.813732,51.062291],[13.813734,51.062263],[13.81371,51.06212],[13.813697,51.062036],[13.813709,51.061913],[13.813723,51.061793],[13.813756,51.061794],[13.813812,51.061691],[13.813895,51.06153],[13.813848,51.061517],[13.813817,51.061508],[13.813821,51.061504],[13.81391,51.061402],[13.814011,51.06139],[13.814145,51.061375],[13.814294,51.061311],[13.814308,51.061305],[13.814535,51.061212],[13.814685,51.06116],[13.814747,51.061139],[13.815074,51.061091],[13.815326,51.061039],[13.815344,51.061035],[13.815473,51.061011],[13.815664,51.060974],[13.816064,51.061129],[13.816519,51.060776],[13.816536,51.060763],[13.816474,51.060717],[13.81631,51.060648],[13.81627,51.06063],[13.816203,51.0606],[13.816135,51.060573],[13.8161,51.06056],[13.815942,51.060504],[13.815912,51.060493],[13.815899,51.060489],[13.815865,51.060479],[13.815562,51.06038],[13.815561,51.06038],[13.815368,51.06062],[13.814807,51.060385],[13.814857,51.060327],[13.814926,51.060249],[13.815014,51.060148],[13.815038,51.06012],[13.815058,51.060097],[13.815301,51.05982],[13.815284,51.059812],[13.815295,51.059801],[13.815376,51.059725],[13.815437,51.059657],[13.815454,51.059535],[13.815443,51.059477],[13.815486,51.059392],[13.815502,51.059374],[13.815552,51.059344],[13.815587,51.059336],[13.815715,51.05935],[13.815832,51.059314],[13.815847,51.059337],[13.815875,51.05931],[13.81584,51.059259],[13.815794,51.059193],[13.815702,51.059072],[13.815681,51.059044],[13.815659,51.059015],[13.815888,51.058947],[13.81614,51.058873],[13.816198,51.058974],[13.816284,51.058954],[13.816581,51.058884],[13.816672,51.058863],[13.816769,51.058841],[13.816983,51.058793],[13.817052,51.058769],[13.817115,51.05875],[13.81713,51.058764],[13.817152,51.058757],[13.817308,51.058698],[13.81733,51.058689],[13.817583,51.058593],[13.817621,51.058463],[13.817494,51.058423],[13.817497,51.058411],[13.817553,51.058196],[13.817585,51.058012],[13.81781,51.058056],[13.817913,51.05796],[13.817929,51.057954],[13.817948,51.057946],[13.817971,51.057937],[13.818065,51.057913],[13.818093,51.057905],[13.818155,51.057889],[13.818135,51.057846],[13.81812,51.057812],[13.818118,51.057808],[13.818089,51.057744],[13.818527,51.057669],[13.818583,51.05766],[13.818585,51.057659],[13.818683,51.057643],[13.818759,51.057627],[13.818827,51.057617],[13.818888,51.05765],[13.819002,51.05759],[13.819119,51.05754],[13.819202,51.057509],[13.81943,51.05741],[13.81959,51.057349],[13.819676,51.057315],[13.819733,51.057294],[13.819875,51.057245],[13.819922,51.057229],[13.819966,51.057216],[13.819971,51.057224],[13.820057,51.057299],[13.820137,51.057376],[13.820164,51.057409],[13.820176,51.057495],[13.820183,51.057554],[13.820201,51.057611],[13.820272,51.057672],[13.820331,51.057733],[13.820371,51.057784],[13.820392,51.05783],[13.820413,51.057875],[13.820413,51.057875],[13.820451,51.057871],[13.820542,51.057862],[13.820578,51.057859],[13.820601,51.057854],[13.820663,51.057719],[13.820688,51.057582],[13.820691,51.057582],[13.820958,51.057542],[13.820966,51.057427],[13.820962,51.057419],[13.821138,51.057299],[13.821301,51.05736],[13.821356,51.05747],[13.82137,51.05746],[13.821385,51.057448],[13.821478,51.057484],[13.821483,51.057486],[13.821667,51.057584],[13.821842,51.057698],[13.821859,51.057687],[13.822057,51.057835],[13.822049,51.05784],[13.822195,51.057964],[13.822418,51.058143],[13.822438,51.058159],[13.822426,51.058164],[13.822508,51.058215],[13.822763,51.058354],[13.822833,51.05839],[13.823188,51.058443],[13.823614,51.058533],[13.823744,51.058493],[13.823764,51.058498],[13.823777,51.058576],[13.823822,51.058572],[13.823995,51.05852],[13.824165,51.058523],[13.824219,51.058525],[13.824417,51.058539],[13.824436,51.058543],[13.82458,51.05856],[13.824603,51.058561],[13.824681,51.058567],[13.824811,51.058578],[13.825083,51.058589],[13.825193,51.058598],[13.825294,51.058604],[13.825418,51.058609],[13.825434,51.058609],[13.825702,51.058595],[13.825719,51.058594],[13.825818,51.058593],[13.826223,51.05859],[13.826408,51.058586],[13.826615,51.058573],[13.826771,51.058601],[13.827135,51.058667],[13.827279,51.058699],[13.827394,51.058729],[13.827451,51.058798],[13.827638,51.058741],[13.827689,51.058781],[13.827757,51.058798],[13.827744,51.058822],[13.827977,51.058909],[13.82798,51.058866],[13.82804,51.058853],[13.828217,51.058852],[13.828199,51.05881],[13.828147,51.058746],[13.828617,51.05871],[13.828821,51.058721],[13.828874,51.058723],[13.828919,51.058726],[13.828907,51.058734],[13.828818,51.058794],[13.828862,51.058834],[13.828921,51.058886],[13.829057,51.059006],[13.829269,51.058984],[13.829298,51.058981],[13.829422,51.05897],[13.829513,51.058962],[13.829585,51.058955],[13.829742,51.058956],[13.829751,51.058916],[13.830315,51.059051],[13.830579,51.059138],[13.830604,51.059147],[13.83058,51.05918],[13.830542,51.059232],[13.830922,51.059322],[13.830908,51.059347],[13.830809,51.059455],[13.830808,51.059456],[13.831036,51.059525],[13.831145,51.059543],[13.831225,51.059558],[13.831302,51.059531],[13.83143,51.05956],[13.831371,51.059648],[13.831477,51.059657],[13.831463,51.059727],[13.831502,51.059741],[13.831549,51.059745],[13.831673,51.059755],[13.831756,51.059762],[13.831899,51.059773],[13.831928,51.059709],[13.831948,51.059663],[13.83197,51.059618],[13.831977,51.059601],[13.832009,51.059602],[13.832069,51.059609],[13.832211,51.059625],[13.83238,51.059646],[13.832379,51.059648],[13.832642,51.059688],[13.832636,51.059741],[13.832691,51.059753],[13.833198,51.059861],[13.833254,51.059873],[13.833287,51.059877],[13.833326,51.059815],[13.833412,51.05964],[13.833424,51.059615],[13.833458,51.059532],[13.833461,51.059509],[13.833462,51.05948],[13.833457,51.059408],[13.833288,51.059406],[13.833078,51.059388],[13.83289,51.059355],[13.83268,51.059311]]]}},{"type":"Feature","id":"dresden-92","properties":{"city":"Dresden","state":"Sachsen","code":"92","name":"Löbtau-Nord","name_atlas":"Löbtau-Nord","population_est":9937,"crime_total":{"cases":680,"rate":6843.0},"homicide":{"cases":0,"rate":0.0},"sexual":{"cases":10,"rate":100.6},"violence_proxy":{"cases":110,"rate":1107.0},"property_total":{"cases":304,"rate":3059.3},"simple_theft":{"cases":105,"rate":1056.7},"aggravated_theft":{"cases":199,"rate":2002.6},"fraud":{"cases":123,"rate":1237.8},"other_stgb":{"cases":99,"rate":996.3},"secondary_law":{"cases":34,"rate":342.2}},"geometry":{"type":"Polygon","coordinates":[[[13.692906,51.048975],[13.692964,51.048969],[13.693006,51.048964],[13.693299,51.048952],[13.69337,51.048949],[13.693963,51.048961],[13.69416,51.048966],[13.694872,51.048984],[13.695759,51.048996],[13.695784,51.048996],[13.696196,51.049006],[13.696635,51.049016],[13.696637,51.049016],[13.696803,51.049027],[13.696913,51.049043],[13.696968,51.049051],[13.697103,51.049081],[13.697111,51.049077],[13.69721,51.049027],[13.697238,51.049013],[13.697252,51.049007],[13.697269,51.049],[13.697395,51.04895],[13.697416,51.048943],[13.697508,51.048915],[13.697537,51.048906],[13.697645,51.048869],[13.697674,51.048858],[13.697821,51.048808],[13.697963,51.048754],[13.697968,51.048752],[13.6981,51.048704],[13.698256,51.048654],[13.698587,51.048543],[13.699072,51.048367],[13.699718,51.048143],[13.700319,51.047926],[13.700369,51.047908],[13.700735,51.047779],[13.701024,51.047625],[13.701126,51.047521],[13.701222,51.047372],[13.701424,51.047046],[13.701465,51.046979],[13.701533,51.04687],[13.701598,51.046775],[13.701729,51.046811],[13.701775,51.046797],[13.70185,51.046773],[13.701947,51.046742],[13.702252,51.046646],[13.70244,51.046585],[13.702448,51.046569],[13.702634,51.046598],[13.702862,51.046626],[13.702873,51.046627],[13.702926,51.046633],[13.703188,51.046659],[13.703407,51.046681],[13.703718,51.046711],[13.703964,51.046736],[13.704072,51.046691],[13.704198,51.046631],[13.70425,51.046635],[13.704499,51.04665],[13.704553,51.046655],[13.704624,51.046661],[13.704764,51.046644],[13.704761,51.046635],[13.704729,51.046317],[13.704829,51.04634],[13.705199,51.046353],[13.705387,51.046373],[13.705447,51.046379],[13.705441,51.046378],[13.705447,51.046378],[13.705513,51.046381],[13.705527,51.046382],[13.705761,51.046397],[13.705788,51.046399],[13.706094,51.046421],[13.706148,51.046293],[13.706224,51.046302],[13.706554,51.046324],[13.706612,51.046328],[13.706675,51.046332],[13.706766,51.046338],[13.706788,51.04634],[13.706924,51.04635],[13.706959,51.046352],[13.70714,51.046363],[13.707233,51.046369],[13.707384,51.046379],[13.707392,51.046348],[13.707512,51.046289],[13.707866,51.046539],[13.707929,51.046583],[13.708402,51.046909],[13.708911,51.04726],[13.709404,51.046955],[13.709775,51.046714],[13.709933,51.046611],[13.709964,51.046591],[13.710289,51.046373],[13.710391,51.046305],[13.710405,51.046296],[13.710762,51.045992],[13.710898,51.04584],[13.710975,51.045726],[13.711009,51.045676],[13.711043,51.045618],[13.711106,51.045509],[13.711152,51.045371],[13.711445,51.045548],[13.711573,51.045625],[13.711808,51.045757],[13.711822,51.045659],[13.711857,51.045471],[13.711878,51.045354],[13.711842,51.045347],[13.711845,51.045335],[13.711913,51.045343],[13.711901,51.045191],[13.711898,51.045151],[13.711882,51.044956],[13.71187,51.044806],[13.711829,51.044274],[13.711821,51.044204],[13.711712,51.043074],[13.711708,51.043015],[13.711725,51.043012],[13.711746,51.043004],[13.711693,51.042459],[13.711653,51.041999],[13.711586,51.041547],[13.711499,51.041291],[13.711355,51.040912],[13.711187,51.040555],[13.711024,51.040194],[13.710932,51.040073],[13.710905,51.040038],[13.71088,51.040005],[13.710772,51.040052],[13.710653,51.040101],[13.71021,51.040288],[13.70962,51.040532],[13.709133,51.040704],[13.709002,51.04075],[13.708772,51.040829],[13.708527,51.040912],[13.708526,51.040912],[13.708524,51.040913],[13.708444,51.040922],[13.708293,51.040938],[13.708092,51.041011],[13.707968,51.041054],[13.707932,51.041012],[13.707646,51.04109],[13.707368,51.041144],[13.707052,51.041173],[13.706859,51.041169],[13.706662,51.041152],[13.706454,51.041124],[13.706219,51.041052],[13.706051,51.041001],[13.705844,51.040924],[13.705778,51.040976],[13.705709,51.040944],[13.705676,51.040924],[13.705442,51.040722],[13.705413,51.040697],[13.705349,51.040641],[13.705163,51.040478],[13.70512,51.040532],[13.705101,51.040543],[13.705085,51.040545],[13.705067,51.040542],[13.705054,51.040534],[13.705053,51.040535],[13.704972,51.040642],[13.704844,51.040815],[13.704841,51.040819],[13.70478,51.040904],[13.704644,51.041096],[13.704564,51.041207],[13.704539,51.041241],[13.704494,51.04131],[13.704406,51.04145],[13.704321,51.041587],[13.704281,51.041656],[13.704258,51.041696],[13.704232,51.041746],[13.704213,51.041789],[13.7042,51.04183],[13.704196,51.041855],[13.704193,51.04187],[13.704182,51.041916],[13.704173,51.041962],[13.704169,51.042004],[13.704161,51.042048],[13.70416,51.042147],[13.704163,51.042194],[13.704166,51.042234],[13.704169,51.042266],[13.704181,51.042353],[13.704181,51.042366],[13.704196,51.042471],[13.704211,51.042554],[13.704215,51.042598],[13.704225,51.042644],[13.704252,51.042765],[13.704265,51.042819],[13.704293,51.042934],[13.704344,51.04309],[13.704349,51.043115],[13.704369,51.043177],[13.704379,51.043208],[13.704394,51.043249],[13.704488,51.043451],[13.704504,51.043481],[13.704527,51.043526],[13.704472,51.043544],[13.704254,51.043619],[13.703883,51.043672],[13.703417,51.043697],[13.702343,51.043722],[13.70105,51.043771],[13.700875,51.043762],[13.700486,51.043728],[13.700067,51.043696],[13.699764,51.043669],[13.6992,51.043612],[13.698602,51.043558],[13.697799,51.043475],[13.697164,51.043414],[13.696956,51.043394],[13.69647,51.043335],[13.69567,51.043251],[13.694952,51.043169],[13.694566,51.043124],[13.694262,51.043088],[13.693464,51.042982],[13.693308,51.042962],[13.692528,51.042867],[13.692376,51.042849],[13.691783,51.042772],[13.691708,51.042761],[13.691192,51.042685],[13.690507,51.042599],[13.690191,51.042571],[13.689866,51.042555],[13.689452,51.042542],[13.689409,51.042541],[13.689281,51.042537],[13.688714,51.042539],[13.688344,51.042528],[13.687903,51.042515],[13.687121,51.042503],[13.686276,51.042485],[13.685868,51.042479],[13.685391,51.042464],[13.684457,51.042443],[13.683498,51.042418],[13.683133,51.042413],[13.682768,51.042408],[13.682985,51.042495],[13.683235,51.042657],[13.683371,51.042742],[13.683453,51.042778],[13.683498,51.042804],[13.683499,51.042805],[13.683597,51.042739],[13.683659,51.042748],[13.68387,51.042774],[13.684091,51.042796],[13.684302,51.042815],[13.684527,51.042828],[13.684819,51.042845],[13.684911,51.042853],[13.685182,51.042861],[13.685271,51.042866],[13.685324,51.04287],[13.685326,51.042861],[13.685468,51.04287],[13.685669,51.042876],[13.685777,51.042873],[13.685726,51.043011],[13.685637,51.043244],[13.685582,51.043387],[13.685563,51.043476],[13.685564,51.043477],[13.685613,51.043481],[13.685887,51.043514],[13.685894,51.043515],[13.685864,51.043603],[13.685782,51.043808],[13.685848,51.043823],[13.686273,51.043922],[13.686615,51.044005],[13.68699,51.044095],[13.687239,51.044154],[13.687284,51.044164],[13.687388,51.044187],[13.687552,51.044224],[13.687935,51.044325],[13.688874,51.044542],[13.689918,51.044784],[13.689867,51.04489],[13.689874,51.044891],[13.689862,51.044899],[13.689784,51.045061],[13.689616,51.045406],[13.689549,51.045516],[13.689476,51.045637],[13.689444,51.045684],[13.689393,51.045757],[13.689438,51.04578],[13.689356,51.045899],[13.689206,51.046098],[13.689038,51.046305],[13.688849,51.046537],[13.68876,51.046839],[13.688397,51.046914],[13.688428,51.047021],[13.688387,51.047337],[13.688381,51.047382],[13.689088,51.047404],[13.689799,51.047436],[13.689806,51.047414],[13.690056,51.047436],[13.690056,51.047442],[13.690053,51.047459],[13.690041,51.047544],[13.690038,51.047565],[13.69002,51.04765],[13.690018,51.047658],[13.689991,51.047772],[13.690268,51.047818],[13.690565,51.047867],[13.690657,51.047882],[13.691511,51.048018],[13.69182,51.048072],[13.692253,51.048147],[13.692199,51.048392],[13.692181,51.048471],[13.692166,51.048538],[13.692163,51.048546],[13.692049,51.049063],[13.692446,51.049023],[13.692906,51.048975]]]}},{"type":"Feature","id":"dresden-93","properties":{"city":"Dresden","state":"Sachsen","code":"93","name":"Löbtau-Süd","name_atlas":"Löbtau-Süd","population_est":11782,"crime_total":{"cases":898,"rate":7622.0},"homicide":{"cases":0,"rate":0.0},"sexual":{"cases":19,"rate":161.3},"violence_proxy":{"cases":150,"rate":1273.1},"property_total":{"cases":385,"rate":3267.7},"simple_theft":{"cases":212,"rate":1799.4},"aggravated_theft":{"cases":173,"rate":1468.3},"fraud":{"cases":125,"rate":1060.9},"other_stgb":{"cases":167,"rate":1417.4},"secondary_law":{"cases":52,"rate":441.4}},"geometry":{"type":"Polygon","coordinates":[[[13.704536,51.034437],[13.704518,51.034237],[13.704576,51.034071],[13.704581,51.034054],[13.704603,51.033973],[13.704631,51.033856],[13.704695,51.033639],[13.704705,51.033524],[13.704715,51.033439],[13.704718,51.033408],[13.704697,51.033252],[13.704684,51.03317],[13.704645,51.03302],[13.704627,51.032953],[13.70456,51.032854],[13.704464,51.032714],[13.704447,51.032691],[13.70436,51.032587],[13.704288,51.0325],[13.704134,51.032314],[13.70406,51.032256],[13.704005,51.032213],[13.703849,51.032064],[13.703786,51.032003],[13.703722,51.031944],[13.703645,51.031877],[13.703535,51.031782],[13.703436,51.031699],[13.703344,51.031617],[13.703284,51.031563],[13.703199,51.031486],[13.703144,51.031438],[13.703017,51.031322],[13.70288,51.031199],[13.702832,51.031155],[13.702819,51.031143],[13.702722,51.031071],[13.702565,51.030953],[13.70242,51.030844],[13.702324,51.030779],[13.702227,51.030711],[13.702139,51.030649],[13.701963,51.030503],[13.701986,51.030487],[13.701881,51.030426],[13.701638,51.030186],[13.701351,51.029881],[13.701176,51.029665],[13.701078,51.029525],[13.701041,51.029469],[13.700983,51.029382],[13.700954,51.029316],[13.700925,51.029255],[13.700917,51.029209],[13.700913,51.029172],[13.700866,51.029161],[13.700736,51.02892],[13.70069,51.028813],[13.700678,51.028787],[13.700547,51.028803],[13.700505,51.028803],[13.700501,51.028803],[13.700361,51.028822],[13.700352,51.02879],[13.700212,51.028808],[13.69972,51.028814],[13.699564,51.028941],[13.698973,51.029216],[13.698615,51.029392],[13.698473,51.029399],[13.69848,51.029444],[13.698483,51.029456],[13.698483,51.029595],[13.69834,51.029594],[13.69797,51.029612],[13.697951,51.029624],[13.697911,51.029703],[13.697872,51.029781],[13.697858,51.029789],[13.697638,51.029901],[13.697551,51.02997],[13.697551,51.02997],[13.697474,51.030042],[13.69737,51.030141],[13.697321,51.030189],[13.697254,51.030257],[13.697214,51.030297],[13.697172,51.03034],[13.69707,51.030442],[13.697061,51.030451],[13.696939,51.030585],[13.696929,51.030603],[13.696921,51.030752],[13.696913,51.030938],[13.696897,51.031145],[13.696822,51.031221],[13.696952,51.031275],[13.697066,51.031295],[13.697024,51.031381],[13.697214,51.03164],[13.697231,51.031786],[13.697233,51.031802],[13.697356,51.031925],[13.697325,51.032007],[13.697262,51.032172],[13.697272,51.032209],[13.697323,51.03241],[13.697334,51.032452],[13.697271,51.032475],[13.697204,51.032487],[13.697172,51.032492],[13.696848,51.032549],[13.696817,51.032555],[13.69679,51.03256],[13.696542,51.032601],[13.696469,51.032612],[13.696151,51.032652],[13.696141,51.032645],[13.696129,51.032663],[13.696027,51.032669],[13.696094,51.032946],[13.6962,51.032933],[13.69643,51.032917],[13.696683,51.032895],[13.69675,51.032889],[13.697002,51.032865],[13.697333,51.032817],[13.697607,51.032764],[13.697796,51.032719],[13.697758,51.033003],[13.697688,51.03352],[13.697654,51.033758],[13.697606,51.034104],[13.697516,51.034601],[13.697432,51.03508],[13.697054,51.035066],[13.696637,51.035043],[13.696357,51.035025],[13.696241,51.035021],[13.695906,51.035001],[13.695643,51.034983],[13.695622,51.034982],[13.695479,51.034982],[13.6954,51.034977],[13.695394,51.03503],[13.695348,51.0354],[13.695344,51.035433],[13.695339,51.035471],[13.695305,51.035685],[13.695284,51.035834],[13.695282,51.035846],[13.695247,51.036094],[13.695233,51.036183],[13.695133,51.036178],[13.695077,51.036175],[13.695074,51.03619],[13.694054,51.036147],[13.693614,51.036142],[13.693378,51.036129],[13.69333,51.036127],[13.693043,51.036111],[13.692904,51.036104],[13.692785,51.036098],[13.692481,51.036081],[13.692447,51.036079],[13.692394,51.036104],[13.692378,51.036187],[13.69235,51.036333],[13.692305,51.036588],[13.692264,51.03684],[13.692224,51.037091],[13.692192,51.037258],[13.692181,51.03732],[13.692223,51.037323],[13.692176,51.037586],[13.692172,51.037648],[13.692045,51.037643],[13.6919,51.037633],[13.691694,51.03762],[13.690996,51.037582],[13.690695,51.037559],[13.690254,51.037506],[13.690237,51.037558],[13.690164,51.037783],[13.690133,51.037879],[13.690012,51.037871],[13.69001,51.037881],[13.690004,51.037903],[13.689972,51.038124],[13.689939,51.038348],[13.689906,51.038572],[13.689885,51.038688],[13.689873,51.038757],[13.690088,51.03881],[13.690059,51.038854],[13.689946,51.039027],[13.689886,51.039109],[13.689997,51.039139],[13.689938,51.039221],[13.68978,51.039472],[13.689769,51.039471],[13.689735,51.039694],[13.689706,51.039891],[13.689701,51.039919],[13.689665,51.040142],[13.689663,51.040154],[13.689646,51.040259],[13.689645,51.040268],[13.689629,51.040366],[13.689588,51.040586],[13.689555,51.04082],[13.689538,51.040909],[13.689367,51.040898],[13.688827,51.040858],[13.688566,51.040848],[13.688378,51.040809],[13.688656,51.040982],[13.68896,51.041181],[13.689195,51.041345],[13.689262,51.041392],[13.689569,51.041602],[13.689764,51.041728],[13.689969,51.04186],[13.690474,51.042231],[13.69082,51.042473],[13.691192,51.042685],[13.691708,51.042761],[13.691783,51.042772],[13.692376,51.042849],[13.692528,51.042867],[13.693308,51.042962],[13.693464,51.042982],[13.694262,51.043088],[13.694566,51.043124],[13.694952,51.043169],[13.69567,51.043251],[13.69647,51.043335],[13.696956,51.043394],[13.697164,51.043414],[13.697799,51.043475],[13.698602,51.043558],[13.6992,51.043612],[13.699764,51.043669],[13.700067,51.043696],[13.700486,51.043728],[13.700875,51.043762],[13.70105,51.043771],[13.702343,51.043722],[13.703417,51.043697],[13.703883,51.043672],[13.704254,51.043619],[13.704472,51.043544],[13.704527,51.043526],[13.704504,51.043481],[13.704488,51.043451],[13.704394,51.043249],[13.704379,51.043208],[13.704369,51.043177],[13.704349,51.043115],[13.704344,51.04309],[13.704293,51.042934],[13.704265,51.042819],[13.704252,51.042765],[13.704225,51.042644],[13.704215,51.042598],[13.704211,51.042554],[13.704196,51.042471],[13.704181,51.042366],[13.704181,51.042353],[13.704169,51.042266],[13.704166,51.042234],[13.704163,51.042194],[13.70416,51.042147],[13.704161,51.042048],[13.704169,51.042004],[13.704173,51.041962],[13.704182,51.041916],[13.704193,51.04187],[13.704196,51.041855],[13.7042,51.04183],[13.704213,51.041789],[13.704232,51.041746],[13.704258,51.041696],[13.704281,51.041656],[13.704321,51.041587],[13.704406,51.04145],[13.704494,51.04131],[13.704539,51.041241],[13.704564,51.041207],[13.704644,51.041096],[13.70478,51.040904],[13.704841,51.040819],[13.704844,51.040815],[13.704972,51.040642],[13.705053,51.040535],[13.705054,51.040534],[13.705067,51.040542],[13.705085,51.040545],[13.705101,51.040543],[13.70512,51.040532],[13.705163,51.040478],[13.705349,51.040641],[13.705413,51.040697],[13.705442,51.040722],[13.705676,51.040924],[13.705709,51.040944],[13.705778,51.040976],[13.705844,51.040924],[13.706051,51.041001],[13.706219,51.041052],[13.706454,51.041124],[13.706662,51.041152],[13.706859,51.041169],[13.707052,51.041173],[13.707368,51.041144],[13.707646,51.04109],[13.707932,51.041012],[13.707968,51.041054],[13.708092,51.041011],[13.708293,51.040938],[13.708444,51.040922],[13.708524,51.040913],[13.708526,51.040912],[13.708527,51.040912],[13.708772,51.040829],[13.709002,51.04075],[13.709133,51.040704],[13.70962,51.040532],[13.71021,51.040288],[13.710653,51.040101],[13.710772,51.040052],[13.71088,51.040005],[13.710856,51.039974],[13.71048,51.039384],[13.710557,51.039357],[13.710368,51.039088],[13.710009,51.038571],[13.70974,51.038197],[13.709671,51.038084],[13.709189,51.037403],[13.708795,51.036826],[13.708772,51.036792],[13.708482,51.036368],[13.708267,51.036007],[13.708183,51.035865],[13.707826,51.035245],[13.707997,51.035202],[13.707709,51.034702],[13.707446,51.034263],[13.707437,51.034251],[13.707422,51.034255],[13.70733,51.034282],[13.707325,51.034271],[13.707209,51.034099],[13.707152,51.034015],[13.707075,51.033902],[13.707004,51.033839],[13.706956,51.033795],[13.706577,51.033911],[13.706053,51.034069],[13.705705,51.034169],[13.70535,51.034262],[13.704879,51.034365],[13.704695,51.034404],[13.704542,51.034436],[13.704536,51.034437]]]}},{"type":"Feature","id":"dresden-22","properties":{"city":"Dresden","state":"Sachsen","code":"22","name":"Mickten mit Trachau-Süd, Übigau und Kaditz-Süd","name_atlas":"Mickten/Übigau","population_est":13990,"crime_total":{"cases":844,"rate":6033.0},"homicide":{"cases":0,"rate":0.0},"sexual":{"cases":8,"rate":57.2},"violence_proxy":{"cases":127,"rate":907.8},"property_total":{"cases":390,"rate":2787.7},"simple_theft":{"cases":219,"rate":1565.4},"aggravated_theft":{"cases":171,"rate":1222.3},"fraud":{"cases":135,"rate":965.0},"other_stgb":{"cases":152,"rate":1086.5},"secondary_law":{"cases":32,"rate":228.7}},"geometry":{"type":"Polygon","coordinates":[[[13.701912,51.072516],[13.701763,51.072261],[13.70154,51.071691],[13.701496,51.071556],[13.701395,51.071134],[13.70137,51.071026],[13.70131,51.070802],[13.701119,51.0704],[13.700903,51.069785],[13.700881,51.069658],[13.700224,51.068139],[13.699917,51.06769],[13.699529,51.067162],[13.699276,51.066874],[13.698973,51.066566],[13.698808,51.066432],[13.698321,51.066115],[13.697948,51.065889],[13.697681,51.06574],[13.69694,51.065358],[13.695738,51.06497],[13.694775,51.064867],[13.69386,51.064737],[13.693067,51.064637],[13.692995,51.064616],[13.69195,51.064491],[13.690837,51.064359],[13.690526,51.064323],[13.690095,51.064274],[13.689954,51.064259],[13.689955,51.064256],[13.689801,51.064238],[13.689801,51.064234],[13.68966,51.064223],[13.688842,51.064128],[13.687922,51.064047],[13.686887,51.063932],[13.685406,51.063817],[13.684509,51.063797],[13.684034,51.063805],[13.682919,51.063884],[13.682799,51.063907],[13.682534,51.06396],[13.682192,51.064022],[13.682088,51.064052],[13.682079,51.064054],[13.681855,51.064133],[13.681557,51.064214],[13.681525,51.064211],[13.681493,51.064201],[13.681204,51.064304],[13.680641,51.064518],[13.679805,51.064903],[13.679344,51.065143],[13.678545,51.065596],[13.677631,51.066203],[13.677149,51.066664],[13.676863,51.066934],[13.67614,51.067622],[13.675364,51.068412],[13.674745,51.069059],[13.674219,51.069899],[13.673778,51.070721],[13.673526,51.071263],[13.673329,51.071662],[13.673281,51.071781],[13.672983,51.072467],[13.672783,51.07307],[13.672761,51.073117],[13.672716,51.073202],[13.672718,51.073203],[13.672722,51.073203],[13.673344,51.073334],[13.673525,51.073372],[13.674896,51.073661],[13.675222,51.073732],[13.675437,51.073778],[13.675471,51.073786],[13.675703,51.073776],[13.676452,51.073852],[13.676803,51.073883],[13.676896,51.073892],[13.676902,51.073885],[13.676978,51.073905],[13.677158,51.07396],[13.677634,51.074108],[13.678198,51.074295],[13.67871,51.074454],[13.679329,51.074673],[13.679939,51.074908],[13.680431,51.075114],[13.680515,51.075149],[13.680533,51.075156],[13.68088,51.075321],[13.680901,51.07533],[13.680992,51.075373],[13.681009,51.075381],[13.681102,51.075426],[13.681257,51.075502],[13.681264,51.075505],[13.681434,51.075588],[13.681666,51.075703],[13.681752,51.075748],[13.68178,51.075763],[13.682214,51.075991],[13.68274,51.076297],[13.68324,51.076616],[13.683305,51.07666],[13.683721,51.076946],[13.683965,51.077122],[13.684192,51.077285],[13.684342,51.077408],[13.684234,51.077467],[13.68432,51.077532],[13.684741,51.077868],[13.684846,51.077954],[13.685141,51.078092],[13.685187,51.078133],[13.685472,51.078365],[13.68582,51.078649],[13.686019,51.078816],[13.686371,51.079104],[13.686371,51.079104],[13.686538,51.079241],[13.686744,51.079399],[13.687075,51.07961],[13.687237,51.079723],[13.687464,51.079894],[13.687518,51.079935],[13.687557,51.07997],[13.687693,51.080091],[13.687887,51.080271],[13.688246,51.080638],[13.688436,51.080849],[13.68844,51.080854],[13.688499,51.08092],[13.688725,51.081189],[13.688867,51.081376],[13.688966,51.081511],[13.689029,51.081597],[13.68906,51.081644],[13.689171,51.081806],[13.689199,51.081847],[13.689321,51.082048],[13.689441,51.082248],[13.689566,51.082481],[13.689668,51.082674],[13.689689,51.082715],[13.689723,51.082781],[13.689743,51.082821],[13.689761,51.082857],[13.689762,51.082857],[13.690059,51.082765],[13.690434,51.082651],[13.690536,51.082618],[13.690816,51.082529],[13.691371,51.082339],[13.692015,51.082113],[13.692325,51.082024],[13.692681,51.08195],[13.692961,51.081903],[13.693054,51.081903],[13.693161,51.081903],[13.694262,51.081965],[13.695501,51.082036],[13.695723,51.08205],[13.696448,51.082094],[13.6968,51.082057],[13.697043,51.082107],[13.697837,51.082159],[13.698419,51.082171],[13.698585,51.082172],[13.698648,51.082173],[13.698952,51.082194],[13.698992,51.082196],[13.698994,51.082196],[13.698981,51.082285],[13.698868,51.083039],[13.698866,51.083048],[13.698932,51.083056],[13.699137,51.083078],[13.699235,51.08309],[13.699361,51.083102],[13.69949,51.083121],[13.699542,51.083129],[13.69955,51.083132],[13.699601,51.083149],[13.699658,51.083155],[13.699842,51.083175],[13.699965,51.08319],[13.699997,51.083195],[13.700153,51.083219],[13.700281,51.083236],[13.700422,51.083249],[13.700419,51.083263],[13.700561,51.083276],[13.701082,51.083352],[13.701277,51.083376],[13.701459,51.083398],[13.701471,51.083399],[13.701894,51.083458],[13.701959,51.083467],[13.702017,51.083474],[13.702025,51.083475],[13.702044,51.083477],[13.702135,51.083491],[13.702304,51.083516],[13.702402,51.083529],[13.702611,51.083556],[13.702539,51.083715],[13.70249,51.083824],[13.702512,51.083828],[13.702755,51.083872],[13.702831,51.083887],[13.702942,51.083907],[13.703168,51.083947],[13.70318,51.08395],[13.70332,51.083974],[13.703357,51.083982],[13.703442,51.083997],[13.70351,51.08401],[13.703531,51.084014],[13.703622,51.084031],[13.703651,51.084036],[13.703713,51.084047],[13.703741,51.084051],[13.70389,51.084078],[13.703938,51.084086],[13.703984,51.084094],[13.704083,51.08411],[13.70417,51.084126],[13.704213,51.084135],[13.704259,51.084144],[13.704572,51.084196],[13.704553,51.084259],[13.704364,51.084857],[13.704375,51.084943],[13.705075,51.084891],[13.705081,51.084899],[13.705178,51.085021],[13.705237,51.085093],[13.704982,51.085499],[13.704759,51.085905],[13.704452,51.086524],[13.704362,51.086698],[13.704141,51.087128],[13.703775,51.087871],[13.703408,51.088591],[13.703229,51.088964],[13.703067,51.089285],[13.703032,51.089355],[13.703012,51.089393],[13.70289,51.089626],[13.702855,51.089704],[13.702755,51.089926],[13.702653,51.090125],[13.702875,51.090085],[13.70343,51.089944],[13.704544,51.089656],[13.704705,51.089618],[13.705052,51.089534],[13.704854,51.089238],[13.705441,51.089094],[13.705481,51.089085],[13.70567,51.089386],[13.70634,51.089203],[13.707435,51.088908],[13.708234,51.088703],[13.708262,51.088695],[13.709144,51.088446],[13.710156,51.088186],[13.71108,51.087944],[13.711108,51.087936],[13.711381,51.087865],[13.711751,51.087771],[13.712613,51.087555],[13.713332,51.08737],[13.714085,51.087172],[13.71426,51.087126],[13.715055,51.086909],[13.715065,51.086905],[13.71589,51.086644],[13.716255,51.086512],[13.717235,51.086145],[13.717192,51.08604],[13.717144,51.085924],[13.717143,51.085922],[13.717125,51.085877],[13.717109,51.085848],[13.717035,51.085737],[13.717024,51.085723],[13.71694,51.085613],[13.716867,51.085511],[13.71674,51.085335],[13.71662,51.08517],[13.7166,51.085141],[13.716488,51.084976],[13.716378,51.084835],[13.716362,51.084814],[13.716348,51.084796],[13.716296,51.084728],[13.716277,51.084704],[13.716211,51.084619],[13.716098,51.08449],[13.716039,51.084411],[13.716028,51.084402],[13.715949,51.084312],[13.715945,51.084308],[13.715863,51.084222],[13.715599,51.083921],[13.715503,51.083804],[13.71542,51.083709],[13.715362,51.083644],[13.715312,51.083585],[13.715299,51.083568],[13.715158,51.083413],[13.715054,51.083291],[13.714973,51.083197],[13.714622,51.082795],[13.715162,51.082594],[13.715163,51.082554],[13.715165,51.082473],[13.715167,51.082384],[13.715167,51.082371],[13.715173,51.082265],[13.715864,51.082195],[13.716162,51.082164],[13.716217,51.081915],[13.716262,51.081706],[13.716268,51.081679],[13.716287,51.081599],[13.716322,51.081439],[13.716327,51.081416],[13.71635,51.081315],[13.714717,51.081294],[13.714715,51.081294],[13.714421,51.08129],[13.714405,51.081289],[13.714143,51.081286],[13.713842,51.081282],[13.713699,51.081277],[13.713712,51.081169],[13.713752,51.080876],[13.71395,51.080457],[13.713971,51.080431],[13.714005,51.080387],[13.713862,51.080342],[13.714422,51.079643],[13.714516,51.079582],[13.714635,51.079522],[13.714536,51.079516],[13.714549,51.079427],[13.714615,51.07933],[13.714722,51.079161],[13.714786,51.079057],[13.714879,51.078883],[13.714883,51.078878],[13.71495,51.078737],[13.714989,51.078668],[13.715023,51.078617],[13.715056,51.078586],[13.715057,51.078584],[13.715083,51.078556],[13.715077,51.078554],[13.715058,51.07855],[13.7151,51.078475],[13.71513,51.078431],[13.715162,51.078385],[13.715199,51.078339],[13.715237,51.078295],[13.715278,51.078248],[13.715324,51.078201],[13.715335,51.078191],[13.715364,51.078164],[13.715413,51.078123],[13.715454,51.078088],[13.715507,51.078047],[13.715516,51.07804],[13.715566,51.078002],[13.715618,51.077966],[13.715643,51.077951],[13.715682,51.077927],[13.715684,51.077926],[13.715908,51.077803],[13.715953,51.077779],[13.715977,51.077691],[13.716132,51.077707],[13.716253,51.077711],[13.716263,51.077621],[13.716348,51.077584],[13.716198,51.077462],[13.716195,51.077414],[13.716338,51.077351],[13.716322,51.077336],[13.716281,51.07725],[13.716239,51.077164],[13.716232,51.077122],[13.716231,51.077115],[13.716163,51.077003],[13.715781,51.07637],[13.715493,51.076442],[13.714825,51.076548],[13.713715,51.076625],[13.712589,51.076663],[13.711721,51.076606],[13.710861,51.076518],[13.70986,51.076358],[13.709142,51.076197],[13.708291,51.075982],[13.707494,51.075725],[13.707227,51.075627],[13.706698,51.075431],[13.706471,51.075346],[13.706164,51.075233],[13.704624,51.074566],[13.704295,51.074406],[13.703661,51.074065],[13.70278,51.073522],[13.702717,51.073493],[13.702261,51.073014],[13.702102,51.072809],[13.701912,51.072516]]]}},{"type":"Feature","id":"dresden-94","properties":{"city":"Dresden","state":"Sachsen","code":"94","name":"Naußlitz mit Wölfnitz, Roßthal, Dölzschen und Niedergorbitz","name_atlas":"Naußlitz/Wölfnitz/Dölzschen/Roßthal/Neunimptsch","population_est":9483,"crime_total":{"cases":446,"rate":4703.0},"homicide":{"cases":0,"rate":0.0},"sexual":{"cases":5,"rate":52.7},"violence_proxy":{"cases":62,"rate":653.8},"property_total":{"cases":220,"rate":2319.9},"simple_theft":{"cases":83,"rate":875.3},"aggravated_theft":{"cases":137,"rate":1444.7},"fraud":{"cases":60,"rate":632.7},"other_stgb":{"cases":78,"rate":822.5},"secondary_law":{"cases":21,"rate":221.4}},"geometry":{"type":"Polygon","coordinates":[[[13.689198,51.022141],[13.689186,51.022169],[13.689155,51.022236],[13.689132,51.022288],[13.689101,51.022337],[13.689063,51.022402],[13.688982,51.022488],[13.688951,51.022501],[13.688898,51.022508],[13.688767,51.022557],[13.688537,51.022618],[13.688491,51.02264],[13.688405,51.022646],[13.688098,51.022682],[13.687998,51.022682],[13.687867,51.022645],[13.687824,51.022706],[13.687695,51.022668],[13.687657,51.022666],[13.687528,51.022627],[13.687496,51.022672],[13.687365,51.022636],[13.68726,51.022615],[13.687186,51.022592],[13.687114,51.022561],[13.686991,51.022507],[13.686752,51.022354],[13.686499,51.022144],[13.686271,51.02194],[13.686223,51.021882],[13.686207,51.021787],[13.686206,51.021778],[13.686199,51.021695],[13.686196,51.021671],[13.686194,51.021649],[13.686138,51.021496],[13.686117,51.021453],[13.68604,51.021351],[13.685934,51.021231],[13.685828,51.02114],[13.685767,51.02109],[13.685535,51.020898],[13.685323,51.02074],[13.685245,51.020693],[13.685136,51.020637],[13.685041,51.020607],[13.684972,51.020592],[13.684652,51.020545],[13.684467,51.020538],[13.684384,51.020534],[13.684213,51.020536],[13.684024,51.020537],[13.68395,51.02054],[13.683834,51.020554],[13.683692,51.020563],[13.683693,51.020572],[13.683551,51.020578],[13.683382,51.020589],[13.683337,51.020589],[13.683296,51.020599],[13.683201,51.020609],[13.683154,51.020623],[13.68312,51.020638],[13.683006,51.020688],[13.682985,51.020692],[13.682842,51.020718],[13.682562,51.02076],[13.682376,51.020789],[13.682168,51.020828],[13.681702,51.020842],[13.68157,51.020844],[13.681216,51.020836],[13.681143,51.020835],[13.681055,51.020835],[13.680754,51.020816],[13.680515,51.020767],[13.680186,51.020693],[13.680098,51.020658],[13.679934,51.02059],[13.679761,51.020514],[13.679622,51.020439],[13.679483,51.020369],[13.679337,51.02029],[13.679113,51.020166],[13.679023,51.020099],[13.678825,51.019984],[13.678827,51.019977],[13.678826,51.01997],[13.678537,51.019803],[13.678484,51.019788],[13.678474,51.019786],[13.678455,51.019783],[13.678345,51.019681],[13.678158,51.019514],[13.678144,51.019493],[13.67787,51.019242],[13.677834,51.019214],[13.67781,51.01919],[13.677609,51.019006],[13.677454,51.018827],[13.677403,51.018782],[13.677378,51.01876],[13.677249,51.018658],[13.677189,51.018614],[13.677098,51.018557],[13.677042,51.018519],[13.676966,51.018471],[13.676964,51.018453],[13.676914,51.018417],[13.676918,51.01841],[13.676899,51.018388],[13.676886,51.018378],[13.676649,51.018239],[13.676557,51.018179],[13.676497,51.018128],[13.676294,51.01798],[13.676247,51.017946],[13.676155,51.017887],[13.676072,51.01784],[13.676033,51.017822],[13.675881,51.01776],[13.675871,51.017756],[13.675954,51.017668],[13.675561,51.017548],[13.675536,51.017543],[13.675501,51.017549],[13.675487,51.017551],[13.675452,51.017555],[13.675447,51.017542],[13.675474,51.017539],[13.675567,51.017442],[13.675178,51.017232],[13.674671,51.016957],[13.674083,51.016721],[13.673551,51.016508],[13.672763,51.01625],[13.672718,51.016269],[13.672645,51.016302],[13.672567,51.016328],[13.672437,51.016245],[13.672243,51.016084],[13.67194,51.015791],[13.671889,51.015683],[13.671879,51.015664],[13.671856,51.015621],[13.671826,51.015586],[13.671799,51.015556],[13.671734,51.015486],[13.671714,51.015465],[13.671524,51.015269],[13.671385,51.015166],[13.67124,51.015088],[13.671018,51.01496],[13.670923,51.014918],[13.670816,51.014876],[13.670529,51.015179],[13.670522,51.015187],[13.670482,51.01523],[13.670462,51.015241],[13.670433,51.015265],[13.670424,51.015273],[13.670379,51.01533],[13.670358,51.015356],[13.6703,51.015415],[13.670212,51.015503],[13.670207,51.015509],[13.670134,51.015576],[13.669996,51.015704],[13.669871,51.015821],[13.669799,51.015877],[13.669715,51.015936],[13.669674,51.015969],[13.669605,51.016019],[13.669572,51.016043],[13.669524,51.016081],[13.669449,51.016141],[13.669382,51.016111],[13.669285,51.016073],[13.669244,51.016057],[13.669201,51.016077],[13.669055,51.016142],[13.669035,51.016151],[13.668868,51.016223],[13.668845,51.016231],[13.668766,51.016257],[13.66847,51.016347],[13.668339,51.016344],[13.668319,51.016391],[13.66828,51.016484],[13.668308,51.016619],[13.668035,51.016595],[13.667632,51.016553],[13.667577,51.016754],[13.667572,51.016774],[13.667544,51.01677],[13.667176,51.016735],[13.666837,51.016725],[13.666484,51.016655],[13.666048,51.016568],[13.665786,51.016509],[13.665593,51.016546],[13.665276,51.016624],[13.665753,51.017252],[13.666256,51.017648],[13.666294,51.017677],[13.665899,51.017995],[13.665749,51.018118],[13.665713,51.018102],[13.665807,51.018174],[13.666092,51.018286],[13.666172,51.018329],[13.666265,51.018403],[13.666286,51.018483],[13.66628,51.018607],[13.666278,51.018612],[13.666128,51.018958],[13.666043,51.019076],[13.665849,51.0193],[13.665631,51.019627],[13.665599,51.019674],[13.665493,51.019865],[13.6655,51.020104],[13.665503,51.02018],[13.665535,51.020316],[13.665537,51.020322],[13.665592,51.020465],[13.665625,51.020551],[13.66566,51.02064],[13.665604,51.020651],[13.66557,51.020658],[13.664868,51.020662],[13.664571,51.020666],[13.664542,51.020958],[13.664514,51.021254],[13.664484,51.021546],[13.664456,51.021842],[13.664428,51.022136],[13.664405,51.022425],[13.664376,51.022728],[13.664349,51.023011],[13.664322,51.023304],[13.66431,51.02343],[13.664308,51.023449],[13.664306,51.023467],[13.664304,51.023489],[13.664302,51.023517],[13.664301,51.023525],[13.664267,51.02389],[13.664239,51.024183],[13.664212,51.024476],[13.664184,51.024768],[13.664156,51.025062],[13.664129,51.025354],[13.664102,51.025646],[13.664074,51.02594],[13.664046,51.026233],[13.664019,51.026526],[13.663991,51.026819],[13.663964,51.027112],[13.663936,51.027404],[13.663909,51.027697],[13.663881,51.02799],[13.663854,51.028283],[13.663838,51.028446],[13.663826,51.028576],[13.663799,51.028869],[13.663771,51.029162],[13.663744,51.029448],[13.663298,51.029343],[13.663178,51.029421],[13.662938,51.029726],[13.662915,51.029755],[13.662912,51.029758],[13.662582,51.030058],[13.662504,51.030179],[13.662403,51.030336],[13.662298,51.030593],[13.66238,51.03062],[13.663192,51.03089],[13.663326,51.030935],[13.663501,51.031019],[13.663669,51.0311],[13.663808,51.031167],[13.664037,51.031277],[13.664364,51.031429],[13.664581,51.031547],[13.664638,51.031578],[13.664682,51.031602],[13.664694,51.031608],[13.665145,51.031859],[13.665231,51.031907],[13.665329,51.031951],[13.665516,51.032035],[13.665613,51.032123],[13.665621,51.03213],[13.665682,51.032179],[13.665766,51.032246],[13.665805,51.03228],[13.665919,51.032377],[13.66611,51.032556],[13.66626,51.032697],[13.666314,51.032748],[13.666358,51.032783],[13.666499,51.032896],[13.666545,51.032931],[13.66674,51.033096],[13.666998,51.033313],[13.667099,51.033362],[13.667265,51.033444],[13.667266,51.033445],[13.667712,51.033735],[13.667766,51.03377],[13.668064,51.033964],[13.668684,51.0344],[13.668785,51.034479],[13.668819,51.034505],[13.669008,51.034654],[13.669107,51.034864],[13.66921,51.035086],[13.668711,51.035247],[13.668598,51.035277],[13.66829,51.035359],[13.668129,51.035394],[13.66806,51.035409],[13.667933,51.035437],[13.667699,51.035488],[13.667124,51.035597],[13.666571,51.035693],[13.665614,51.03579],[13.665399,51.035794],[13.664939,51.035778],[13.664997,51.035319],[13.665001,51.035283],[13.665007,51.035202],[13.665009,51.035173],[13.665012,51.03514],[13.665016,51.035093],[13.664736,51.035092],[13.664497,51.035095],[13.663973,51.035101],[13.663854,51.035101],[13.663738,51.035101],[13.663471,51.035101],[13.663393,51.035101],[13.663272,51.035099],[13.662793,51.035097],[13.662527,51.035104],[13.66252,51.035105],[13.662071,51.035119],[13.661215,51.03515],[13.661119,51.034883],[13.660643,51.034906],[13.660536,51.034911],[13.660515,51.034913],[13.660462,51.034914],[13.660457,51.034914],[13.660412,51.034915],[13.660321,51.034914],[13.65997,51.034882],[13.659876,51.034875],[13.659732,51.034881],[13.659625,51.034894],[13.659573,51.034901],[13.659379,51.034933],[13.659173,51.034964],[13.65913,51.03497],[13.659008,51.034977],[13.658897,51.034974],[13.658834,51.034964],[13.658437,51.034898],[13.658176,51.034831],[13.658173,51.03483],[13.657871,51.034753],[13.656971,51.034748],[13.656808,51.034751],[13.65635,51.034752],[13.655839,51.034763],[13.65435,51.034827],[13.654354,51.034871],[13.654375,51.0351],[13.653635,51.035653],[13.653631,51.035675],[13.653617,51.035742],[13.653433,51.035729],[13.653414,51.035818],[13.653289,51.035911],[13.653253,51.035937],[13.653193,51.035976],[13.653179,51.035988],[13.653161,51.036077],[13.65308,51.036072],[13.652969,51.036163],[13.652883,51.036157],[13.652868,51.036247],[13.652684,51.036398],[13.652521,51.036569],[13.652491,51.036657],[13.652414,51.036648],[13.652387,51.036736],[13.652343,51.036854],[13.652293,51.037057],[13.652277,51.037114],[13.652241,51.037252],[13.652227,51.037465],[13.652221,51.037554],[13.652186,51.037566],[13.652003,51.037623],[13.651686,51.037702],[13.651614,51.037708],[13.651476,51.037731],[13.651476,51.03773],[13.651467,51.037709],[13.65133,51.037732],[13.651269,51.037737],[13.651249,51.037739],[13.651209,51.037742],[13.650913,51.037767],[13.650709,51.037779],[13.650665,51.037782],[13.650544,51.03783],[13.650533,51.037818],[13.650395,51.037796],[13.650147,51.0378],[13.649907,51.037769],[13.64937,51.037609],[13.649293,51.037586],[13.648968,51.037528],[13.64876,51.037491],[13.648687,51.037576],[13.648679,51.037588],[13.648646,51.037635],[13.648576,51.037734],[13.648467,51.03789],[13.648442,51.037923],[13.648404,51.037976],[13.64833,51.038077],[13.648274,51.038153],[13.648255,51.038178],[13.648218,51.038228],[13.648181,51.038278],[13.648105,51.038384],[13.647994,51.038539],[13.647976,51.038564],[13.647957,51.03859],[13.647869,51.038712],[13.647762,51.038862],[13.647758,51.038868],[13.647653,51.039003],[13.647649,51.039007],[13.647538,51.039154],[13.647499,51.039208],[13.647467,51.03925],[13.647432,51.039291],[13.6473,51.039463],[13.647194,51.039599],[13.646992,51.039835],[13.646958,51.039865],[13.646956,51.039868],[13.64692,51.039955],[13.646926,51.039956],[13.646949,51.03996],[13.646973,51.039995],[13.646956,51.040043],[13.647181,51.03996],[13.647391,51.039911],[13.647536,51.039887],[13.648217,51.039785],[13.650803,51.039404],[13.651252,51.039336],[13.651739,51.039267],[13.651995,51.039224],[13.652235,51.039201],[13.652999,51.039198],[13.653547,51.039203],[13.654685,51.039215],[13.654815,51.039219],[13.654829,51.03922],[13.654856,51.039221],[13.654939,51.039227],[13.6553,51.039262],[13.655413,51.039271],[13.655841,51.039306],[13.656374,51.039355],[13.656396,51.039357],[13.656583,51.039374],[13.656776,51.039408],[13.656993,51.03946],[13.657312,51.039535],[13.657711,51.039634],[13.65786,51.039671],[13.658323,51.039782],[13.658448,51.039811],[13.658986,51.039922],[13.659364,51.039977],[13.659748,51.040031],[13.660054,51.040066],[13.660313,51.040083],[13.66069,51.040085],[13.66116,51.040082],[13.661572,51.04008],[13.661913,51.040074],[13.662449,51.04007],[13.662985,51.040063],[13.663554,51.040055],[13.664163,51.040047],[13.664577,51.04004],[13.665146,51.040033],[13.665288,51.040032],[13.665719,51.04003],[13.666087,51.04002],[13.666455,51.040015],[13.666649,51.040015],[13.666883,51.040011],[13.667025,51.040011],[13.667268,51.040009],[13.667522,51.040003],[13.667797,51.04],[13.668082,51.039999],[13.668354,51.040002],[13.668652,51.040006],[13.66901,51.040019],[13.669206,51.040025],[13.669348,51.040029],[13.669648,51.040048],[13.669992,51.040081],[13.670385,51.040112],[13.670424,51.040115],[13.67066,51.040137],[13.670949,51.040166],[13.671255,51.040191],[13.671531,51.040219],[13.6718,51.040244],[13.672044,51.040265],[13.672214,51.040277],[13.67245,51.040309],[13.672616,51.040329],[13.672813,51.04036],[13.673019,51.040393],[13.673174,51.040426],[13.673387,51.040478],[13.673738,51.040568],[13.673931,51.040629],[13.674085,51.040676],[13.674433,51.040805],[13.674706,51.040917],[13.675058,51.04107],[13.675586,51.041292],[13.675827,51.041392],[13.676038,51.041479],[13.676103,51.041506],[13.676519,51.041689],[13.677084,51.041929],[13.677239,51.041997],[13.677421,51.042057],[13.677598,51.042104],[13.677804,51.042153],[13.678115,51.0422],[13.678322,51.042224],[13.678617,51.042252],[13.67881,51.042276],[13.678838,51.04228],[13.67907,51.042309],[13.679328,51.042327],[13.679565,51.042346],[13.679794,51.042365],[13.68011,51.042374],[13.680432,51.04237],[13.680557,51.042369],[13.681004,51.042378],[13.681399,51.042382],[13.681851,51.04239],[13.68203,51.042392],[13.682768,51.042408],[13.683133,51.042413],[13.683498,51.042418],[13.684457,51.042443],[13.685391,51.042464],[13.685868,51.042479],[13.686276,51.042485],[13.687121,51.042503],[13.687903,51.042515],[13.688344,51.042528],[13.688714,51.042539],[13.689281,51.042537],[13.689409,51.042541],[13.689452,51.042542],[13.689866,51.042555],[13.690191,51.042571],[13.690507,51.042599],[13.691192,51.042685],[13.69082,51.042473],[13.690474,51.042231],[13.689969,51.04186],[13.689764,51.041728],[13.689569,51.041602],[13.689262,51.041392],[13.689195,51.041345],[13.68896,51.041181],[13.688656,51.040982],[13.688378,51.040809],[13.688566,51.040848],[13.688827,51.040858],[13.689367,51.040898],[13.689538,51.040909],[13.689555,51.04082],[13.689588,51.040586],[13.689629,51.040366],[13.689645,51.040268],[13.689646,51.040259],[13.689663,51.040154],[13.689665,51.040142],[13.689701,51.039919],[13.689706,51.039891],[13.689735,51.039694],[13.689769,51.039471],[13.68978,51.039472],[13.689938,51.039221],[13.689997,51.039139],[13.689886,51.039109],[13.689946,51.039027],[13.690059,51.038854],[13.690088,51.03881],[13.689873,51.038757],[13.689885,51.038688],[13.689906,51.038572],[13.689939,51.038348],[13.689972,51.038124],[13.690004,51.037903],[13.69001,51.037881],[13.690012,51.037871],[13.690133,51.037879],[13.690164,51.037783],[13.690237,51.037558],[13.690254,51.037506],[13.690695,51.037559],[13.690996,51.037582],[13.691694,51.03762],[13.6919,51.037633],[13.692045,51.037643],[13.692172,51.037648],[13.692176,51.037586],[13.692223,51.037323],[13.692181,51.03732],[13.692192,51.037258],[13.692224,51.037091],[13.692264,51.03684],[13.692305,51.036588],[13.69235,51.036333],[13.692378,51.036187],[13.692394,51.036104],[13.692447,51.036079],[13.692481,51.036081],[13.692785,51.036098],[13.692904,51.036104],[13.693043,51.036111],[13.69333,51.036127],[13.693378,51.036129],[13.693614,51.036142],[13.694054,51.036147],[13.695074,51.03619],[13.695077,51.036175],[13.695133,51.036178],[13.695233,51.036183],[13.695247,51.036094],[13.695282,51.035846],[13.695284,51.035834],[13.695305,51.035685],[13.695339,51.035471],[13.695344,51.035433],[13.695348,51.0354],[13.695394,51.03503],[13.6954,51.034977],[13.695479,51.034982],[13.695622,51.034982],[13.695643,51.034983],[13.695906,51.035001],[13.696241,51.035021],[13.696357,51.035025],[13.696637,51.035043],[13.697054,51.035066],[13.697432,51.03508],[13.697516,51.034601],[13.697606,51.034104],[13.697654,51.033758],[13.697688,51.03352],[13.697758,51.033003],[13.697796,51.032719],[13.697607,51.032764],[13.697333,51.032817],[13.697002,51.032865],[13.69675,51.032889],[13.696683,51.032895],[13.69643,51.032917],[13.6962,51.032933],[13.696094,51.032946],[13.696027,51.032669],[13.696129,51.032663],[13.696141,51.032645],[13.696151,51.032652],[13.696469,51.032612],[13.696542,51.032601],[13.69679,51.03256],[13.696817,51.032555],[13.696848,51.032549],[13.697172,51.032492],[13.697204,51.032487],[13.697271,51.032475],[13.697334,51.032452],[13.697323,51.03241],[13.697272,51.032209],[13.697262,51.032172],[13.697325,51.032007],[13.697356,51.031925],[13.697233,51.031802],[13.697231,51.031786],[13.697214,51.03164],[13.697024,51.031381],[13.697066,51.031295],[13.696952,51.031275],[13.696822,51.031221],[13.696897,51.031145],[13.696913,51.030938],[13.696921,51.030752],[13.696929,51.030603],[13.696939,51.030585],[13.697061,51.030451],[13.69707,51.030442],[13.697172,51.03034],[13.697214,51.030297],[13.697254,51.030257],[13.697321,51.030189],[13.69737,51.030141],[13.697474,51.030042],[13.697551,51.02997],[13.697551,51.02997],[13.697638,51.029901],[13.697858,51.029789],[13.697872,51.029781],[13.697911,51.029703],[13.697951,51.029624],[13.69797,51.029612],[13.69834,51.029594],[13.698483,51.029595],[13.698483,51.029456],[13.69848,51.029444],[13.698473,51.029399],[13.698615,51.029392],[13.698973,51.029216],[13.699564,51.028941],[13.69972,51.028814],[13.700212,51.028808],[13.700352,51.02879],[13.700361,51.028822],[13.700501,51.028803],[13.700505,51.028803],[13.700547,51.028803],[13.700678,51.028787],[13.700585,51.028494],[13.700429,51.02773],[13.700352,51.02729],[13.70032,51.027153],[13.700275,51.026948],[13.70022,51.026472],[13.700212,51.026357],[13.700211,51.026138],[13.700248,51.025921],[13.700268,51.025817],[13.700297,51.025754],[13.700334,51.025658],[13.700409,51.025543],[13.700412,51.025538],[13.700447,51.025489],[13.700502,51.025391],[13.700576,51.025302],[13.700702,51.025213],[13.70076,51.02523],[13.700994,51.025065],[13.701123,51.025008],[13.701299,51.024905],[13.701356,51.024872],[13.701457,51.024813],[13.701652,51.024701],[13.701703,51.024681],[13.701866,51.024565],[13.701896,51.024541],[13.702111,51.024402],[13.702323,51.024189],[13.702349,51.02417],[13.702398,51.024096],[13.70245,51.02403],[13.70254,51.023954],[13.702634,51.023793],[13.702678,51.023709],[13.702679,51.023707],[13.70281,51.023453],[13.702819,51.02336],[13.702833,51.022975],[13.702825,51.022895],[13.702773,51.022852],[13.702763,51.022844],[13.702759,51.022841],[13.702728,51.022821],[13.702661,51.022783],[13.70257,51.022738],[13.702452,51.022715],[13.702273,51.022685],[13.701884,51.022624],[13.701756,51.022604],[13.701585,51.022582],[13.701372,51.022578],[13.701153,51.022573],[13.701055,51.022557],[13.700668,51.022495],[13.700309,51.022437],[13.700304,51.022436],[13.700266,51.02243],[13.700205,51.022421],[13.700183,51.022422],[13.700186,51.022415],[13.700047,51.022395],[13.699946,51.02238],[13.699677,51.022292],[13.699594,51.022272],[13.699315,51.022195],[13.699036,51.022133],[13.698792,51.022078],[13.698604,51.022039],[13.698208,51.021962],[13.698016,51.021926],[13.696505,51.021797],[13.696266,51.021788],[13.696093,51.021787],[13.695989,51.021794],[13.695684,51.02178],[13.695328,51.02178],[13.695184,51.021783],[13.694427,51.021798],[13.694121,51.02181],[13.693718,51.02182],[13.693329,51.021831],[13.693005,51.021836],[13.692749,51.021834],[13.692437,51.02183],[13.692105,51.02184],[13.691709,51.021844],[13.691391,51.02185],[13.691043,51.021847],[13.690686,51.021861],[13.690321,51.021862],[13.689995,51.021851],[13.689706,51.021855],[13.68955,51.021904],[13.689392,51.021969],[13.689353,51.02199],[13.689309,51.022013],[13.689272,51.022038],[13.689242,51.022065],[13.689231,51.02208],[13.689223,51.02209],[13.689198,51.022141]]]}},{"type":"Feature","id":"dresden-73","properties":{"city":"Dresden","state":"Sachsen","code":"73","name":"Niedersedlitz","name_atlas":"Niedersedlitz","population_est":6182,"crime_total":{"cases":234,"rate":3785.0},"homicide":{"cases":0,"rate":0.0},"sexual":{"cases":6,"rate":97.1},"violence_proxy":{"cases":44,"rate":711.7},"property_total":{"cases":97,"rate":1569.1},"simple_theft":{"cases":27,"rate":436.8},"aggravated_theft":{"cases":70,"rate":1132.3},"fraud":{"cases":39,"rate":630.9},"other_stgb":{"cases":43,"rate":695.6},"secondary_law":{"cases":5,"rate":80.9}},"geometry":{"type":"Polygon","coordinates":[[[13.812516,51.009063],[13.813304,51.00858],[13.814646,51.007774],[13.815374,51.007339],[13.816443,51.006674],[13.816628,51.006561],[13.817793,51.005849],[13.818304,51.005558],[13.819138,51.005038],[13.819824,51.004655],[13.82045,51.004275],[13.820612,51.004177],[13.821275,51.003779],[13.821631,51.003569],[13.821817,51.00346],[13.822533,51.003043],[13.82309,51.002705],[13.824254,51.002005],[13.824872,51.001616],[13.825535,51.00122],[13.826073,51.000888],[13.826627,51.000548],[13.827047,51.000295],[13.827946,50.999732],[13.828351,50.999496],[13.8283,50.999458],[13.828853,50.999145],[13.828968,50.999073],[13.829474,50.998758],[13.829709,50.998621],[13.82964,50.998589],[13.829565,50.998553],[13.829412,50.9985],[13.829316,50.998481],[13.829269,50.998478],[13.829152,50.998472],[13.829051,50.998435],[13.829094,50.998418],[13.829207,50.998367],[13.829268,50.998318],[13.82929,50.998253],[13.829266,50.998217],[13.829254,50.998199],[13.829024,50.998033],[13.828711,50.997822],[13.828588,50.997734],[13.828679,50.997686],[13.82897,50.997533],[13.829043,50.997494],[13.82913,50.997449],[13.829189,50.997417],[13.829345,50.997337],[13.829349,50.997334],[13.829491,50.997261],[13.829538,50.997236],[13.829637,50.997184],[13.829783,50.997108],[13.829896,50.997049],[13.829929,50.997032],[13.829975,50.997007],[13.830075,50.996955],[13.830221,50.996879],[13.830368,50.996803],[13.830414,50.99678],[13.830512,50.996727],[13.830658,50.99665],[13.830793,50.996579],[13.830803,50.996574],[13.83095,50.996497],[13.831095,50.996421],[13.831116,50.996411],[13.831242,50.996344],[13.831386,50.996269],[13.831656,50.996125],[13.831949,50.996342],[13.832731,50.995866],[13.832858,50.995788],[13.833014,50.995693],[13.833059,50.995693],[13.833205,50.995631],[13.833276,50.995601],[13.833447,50.995528],[13.833674,50.995447],[13.833666,50.995435],[13.834174,50.995279],[13.834141,50.995232],[13.834609,50.995088],[13.834963,50.994979],[13.8365,50.994345],[13.836884,50.994119],[13.836902,50.994107],[13.836935,50.994085],[13.836957,50.994049],[13.836963,50.994038],[13.836994,50.994045],[13.837034,50.994019],[13.837009,50.993975],[13.837361,50.993754],[13.837589,50.993611],[13.837697,50.993549],[13.83795,50.993396],[13.838054,50.993333],[13.838538,50.993021],[13.838795,50.992866],[13.839603,50.992376],[13.839678,50.992331],[13.839699,50.992318],[13.840132,50.992043],[13.84014,50.992052],[13.840311,50.992216],[13.84032,50.992225],[13.840345,50.992249],[13.840495,50.992155],[13.841135,50.991786],[13.841175,50.991763],[13.841128,50.991715],[13.841127,50.991708],[13.841518,50.991477],[13.841929,50.991233],[13.842439,50.990933],[13.842852,50.990677],[13.843063,50.990539],[13.843168,50.990475],[13.844432,50.989716],[13.844722,50.989544],[13.8443,50.989252],[13.844272,50.989233],[13.844228,50.989203],[13.843731,50.988859],[13.843015,50.988364],[13.842882,50.988272],[13.84282,50.988219],[13.842568,50.988362],[13.842182,50.988593],[13.84165,50.988908],[13.841223,50.989157],[13.84063,50.989509],[13.840328,50.989686],[13.839922,50.989927],[13.839744,50.990038],[13.839648,50.990111],[13.839592,50.990172],[13.83956,50.990234],[13.839548,50.9905],[13.839542,50.990598],[13.838945,50.990956],[13.838258,50.991364],[13.838247,50.99137],[13.837617,50.991733],[13.83702,50.992093],[13.836713,50.992275],[13.836561,50.992365],[13.83629,50.992526],[13.835732,50.992845],[13.835026,50.993262],[13.834512,50.993562],[13.83403,50.993859],[13.833583,50.994126],[13.833326,50.994268],[13.833138,50.994373],[13.832697,50.994624],[13.832685,50.99463],[13.832639,50.994584],[13.832317,50.994263],[13.832316,50.994262],[13.832264,50.994216],[13.832246,50.9942],[13.832256,50.994089],[13.832105,50.993969],[13.832054,50.993929],[13.831995,50.993922],[13.831999,50.993919],[13.832049,50.993862],[13.831983,50.993785],[13.831818,50.993653],[13.831716,50.993547],[13.831635,50.993471],[13.831395,50.993282],[13.831402,50.993277],[13.831401,50.99326],[13.831339,50.993273],[13.831249,50.993204],[13.830616,50.992559],[13.830325,50.992273],[13.829875,50.991834],[13.828325,50.991936],[13.828196,50.991973],[13.827971,50.991989],[13.827714,50.992007],[13.827145,50.992049],[13.826973,50.992104],[13.82699,50.992079],[13.827156,50.991849],[13.827182,50.991816],[13.827363,50.991593],[13.827225,50.991566],[13.827199,50.991569],[13.826601,50.991631],[13.8266,50.991631],[13.826389,50.991653],[13.826254,50.991671],[13.825309,50.991791],[13.825298,50.991793],[13.82525,50.991799],[13.82456,50.991894],[13.824185,50.991945],[13.823823,50.992011],[13.823554,50.99206],[13.82339,50.99209],[13.823343,50.992029],[13.823174,50.991811],[13.823101,50.991727],[13.822984,50.991756],[13.82263,50.991844],[13.82263,50.991844],[13.822175,50.992008],[13.821603,50.992233],[13.821067,50.992457],[13.820519,50.992706],[13.820503,50.992692],[13.820441,50.992729],[13.819036,50.99355],[13.818947,50.993576],[13.818907,50.993587],[13.818342,50.993915],[13.817882,50.994171],[13.817605,50.994316],[13.81785,50.994435],[13.817959,50.994485],[13.818231,50.994607],[13.818444,50.994707],[13.818363,50.994767],[13.818239,50.994869],[13.818149,50.994943],[13.818067,50.99501],[13.818006,50.995062],[13.81799,50.995076],[13.817926,50.995131],[13.817891,50.99516],[13.817692,50.995313],[13.817675,50.995327],[13.817468,50.995493],[13.817263,50.995658],[13.817224,50.995689],[13.816579,50.995412],[13.816573,50.995404],[13.81657,50.995406],[13.816272,50.995279],[13.816009,50.99517],[13.815978,50.995157],[13.81597,50.995153],[13.815894,50.995123],[13.815558,50.994983],[13.815285,50.99487],[13.81515,50.994825],[13.815118,50.994814],[13.815055,50.994805],[13.815002,50.994796],[13.814863,50.994787],[13.814746,50.994762],[13.814733,50.994771],[13.8147,50.994794],[13.814688,50.994805],[13.814623,50.994852],[13.81421,50.995156],[13.814143,50.995204],[13.814141,50.995215],[13.814043,50.995288],[13.813706,50.995537],[13.813638,50.995587],[13.813623,50.995597],[13.813597,50.99558],[13.813482,50.995507],[13.813387,50.995448],[13.813294,50.995386],[13.813091,50.995257],[13.812982,50.995182],[13.812825,50.99508],[13.812659,50.99498],[13.812483,50.994883],[13.812451,50.994865],[13.812408,50.994841],[13.812312,50.994907],[13.812239,50.99494],[13.81221,50.994951],[13.812194,50.994959],[13.812142,50.994977],[13.811779,50.994792],[13.811703,50.994741],[13.811651,50.994673],[13.811647,50.994668],[13.81157,50.994549],[13.811481,50.994313],[13.811438,50.994154],[13.811403,50.994055],[13.811312,50.99392],[13.811337,50.993913],[13.811296,50.993858],[13.811254,50.99381],[13.811211,50.993762],[13.811162,50.993707],[13.811113,50.99365],[13.810978,50.993616],[13.810857,50.99355],[13.810745,50.99346],[13.810709,50.993395],[13.810671,50.993306],[13.810607,50.99322],[13.810725,50.99317],[13.810698,50.993145],[13.810651,50.993095],[13.810608,50.993043],[13.810576,50.992988],[13.810494,50.992911],[13.81047,50.993014],[13.810457,50.993067],[13.810446,50.993126],[13.810442,50.993166],[13.8103,50.993159],[13.810268,50.993176],[13.810093,50.993275],[13.81001,50.993301],[13.809863,50.99337],[13.809828,50.993401],[13.809675,50.993516],[13.809507,50.993632],[13.809201,50.993425],[13.808823,50.993514],[13.80843,50.993606],[13.808137,50.993674],[13.807806,50.993751],[13.807555,50.993806],[13.807314,50.993861],[13.807292,50.993867],[13.807049,50.993926],[13.807024,50.993937],[13.806708,50.994112],[13.806477,50.994239],[13.806009,50.993943],[13.805545,50.993647],[13.805425,50.993599],[13.805313,50.993708],[13.805202,50.993815],[13.804999,50.994012],[13.80483,50.99417],[13.804634,50.994353],[13.804503,50.994474],[13.804424,50.994559],[13.80439,50.994595],[13.804366,50.994615],[13.80422,50.994742],[13.8037,50.995313],[13.802851,50.996189],[13.802791,50.996297],[13.802703,50.996393],[13.802577,50.996509],[13.802411,50.996633],[13.80211,50.996846],[13.801345,50.997377],[13.800696,50.9978],[13.800268,50.998041],[13.799907,50.998263],[13.799618,50.998405],[13.799533,50.998458],[13.799486,50.998488],[13.799553,50.998552],[13.799582,50.998579],[13.799619,50.998615],[13.799925,50.998872],[13.800044,50.999011],[13.800141,50.999125],[13.800292,50.999333],[13.800295,50.999337],[13.800377,50.999305],[13.800456,50.999275],[13.800456,50.999276],[13.800523,50.999358],[13.800594,50.999442],[13.800675,50.999519],[13.80076,50.999591],[13.80081,50.9997],[13.800968,50.999833],[13.801256,51.000089],[13.801492,51.000322],[13.801781,51.000599],[13.801995,51.000803],[13.802247,51.00103],[13.802337,51.00113],[13.802503,51.001287],[13.802665,51.001439],[13.802857,51.001621],[13.803017,51.001773],[13.803313,51.002061],[13.803538,51.002259],[13.803672,51.002394],[13.803851,51.00255],[13.804038,51.002715],[13.804079,51.002752],[13.804392,51.002983],[13.804712,51.003212],[13.805192,51.003557],[13.805432,51.003729],[13.805701,51.003925],[13.805924,51.00408],[13.805992,51.004131],[13.806161,51.004257],[13.806345,51.004383],[13.806533,51.004528],[13.806804,51.004754],[13.807068,51.005],[13.807101,51.005031],[13.807391,51.005303],[13.807751,51.005653],[13.80804,51.005926],[13.808195,51.006081],[13.808262,51.006124],[13.808347,51.006183],[13.808427,51.006237],[13.808568,51.006327],[13.80869,51.006395],[13.808856,51.006518],[13.808996,51.006624],[13.809039,51.006657],[13.809166,51.006756],[13.809347,51.006903],[13.809583,51.007089],[13.809724,51.007236],[13.809837,51.007361],[13.809958,51.007578],[13.810032,51.007771],[13.81004,51.007789],[13.810083,51.007912],[13.810145,51.008087],[13.810262,51.008381],[13.810343,51.008503],[13.810464,51.008633],[13.810552,51.008715],[13.810578,51.008736],[13.810658,51.008799],[13.810893,51.008996],[13.81102,51.009098],[13.811086,51.009167],[13.811111,51.009225],[13.811101,51.009274],[13.811083,51.009284],[13.81108,51.009286],[13.811179,51.009351],[13.811269,51.00947],[13.811308,51.009468],[13.811426,51.009638],[13.811659,51.009496],[13.811712,51.009463],[13.811765,51.009431],[13.811929,51.009417],[13.812375,51.00915],[13.812516,51.009063]]]}},{"type":"Feature","id":"dresden-25","properties":{"city":"Dresden","state":"Sachsen","code":"25","name":"Pieschen-Nord/Trachenberge mit Leipziger Vorstadt-Nordwest","name_atlas":"Pieschen-Nord/Trachenberge/","population_est":12687,"crime_total":{"cases":654,"rate":5155.0},"homicide":{"cases":0,"rate":0.0},"sexual":{"cases":14,"rate":110.3},"violence_proxy":{"cases":128,"rate":1008.9},"property_total":{"cases":253,"rate":1994.2},"simple_theft":{"cases":83,"rate":654.2},"aggravated_theft":{"cases":170,"rate":1340.0},"fraud":{"cases":101,"rate":796.1},"other_stgb":{"cases":140,"rate":1103.5},"secondary_law":{"cases":18,"rate":141.9}},"geometry":{"type":"Polygon","coordinates":[[[13.729717,51.07505],[13.729701,51.075084],[13.729631,51.0753],[13.72956,51.075577],[13.729455,51.076107],[13.729441,51.076342],[13.72919,51.076344],[13.729231,51.076753],[13.729242,51.076861],[13.729242,51.076863],[13.729252,51.076951],[13.729246,51.076966],[13.729232,51.076974],[13.729207,51.076978],[13.729193,51.076978],[13.72895,51.077204],[13.728499,51.077626],[13.728421,51.077696],[13.728196,51.077897],[13.728108,51.077975],[13.727989,51.078081],[13.728034,51.078149],[13.727858,51.078297],[13.727676,51.078448],[13.727601,51.078506],[13.727519,51.078592],[13.727498,51.078611],[13.727396,51.07871],[13.727367,51.078739],[13.727222,51.078884],[13.727177,51.07893],[13.727169,51.078937],[13.727163,51.078942],[13.727084,51.079012],[13.726976,51.079105],[13.726781,51.079277],[13.726727,51.079326],[13.726622,51.079414],[13.726546,51.079412],[13.726544,51.079414],[13.726363,51.079576],[13.726243,51.079682],[13.726116,51.079794],[13.725992,51.079906],[13.725871,51.080014],[13.725749,51.080126],[13.725665,51.080198],[13.725621,51.080236],[13.725532,51.080316],[13.725358,51.080471],[13.725341,51.080486],[13.725246,51.080567],[13.725359,51.08063],[13.725253,51.080844],[13.72514,51.080851],[13.72517,51.080958],[13.724999,51.080917],[13.724886,51.080893],[13.724667,51.081255],[13.724425,51.081476],[13.724339,51.081402],[13.724183,51.081548],[13.724015,51.081707],[13.723967,51.081752],[13.723774,51.081937],[13.723509,51.082182],[13.723189,51.082465],[13.723185,51.082468],[13.722949,51.082674],[13.722753,51.082835],[13.722741,51.082845],[13.722695,51.082883],[13.722632,51.082935],[13.722542,51.083009],[13.722523,51.083024],[13.722505,51.083039],[13.722479,51.083062],[13.722387,51.083128],[13.722062,51.083378],[13.722018,51.083412],[13.721991,51.083433],[13.721926,51.083483],[13.721744,51.083507],[13.721513,51.083538],[13.721501,51.083541],[13.72154,51.083611],[13.721592,51.083724],[13.721538,51.083758],[13.721279,51.08392],[13.721245,51.083941],[13.720877,51.084175],[13.720837,51.0842],[13.720714,51.084205],[13.720734,51.084326],[13.720746,51.084367],[13.720774,51.0844],[13.720792,51.084416],[13.720681,51.08448],[13.720094,51.084797],[13.720056,51.084818],[13.719362,51.085196],[13.718991,51.085382],[13.718509,51.085612],[13.717897,51.085876],[13.717834,51.085789],[13.717798,51.085669],[13.717757,51.085531],[13.717751,51.085515],[13.717585,51.085411],[13.717577,51.085416],[13.717024,51.085723],[13.717024,51.085723],[13.717035,51.085737],[13.717109,51.085848],[13.717125,51.085877],[13.717143,51.085922],[13.717144,51.085924],[13.717192,51.08604],[13.717235,51.086145],[13.717304,51.086312],[13.71733,51.086377],[13.717339,51.086399],[13.717414,51.086586],[13.717419,51.086607],[13.717568,51.08663],[13.717687,51.086647],[13.71769,51.086648],[13.71793,51.08669],[13.718197,51.087257],[13.718361,51.087606],[13.718364,51.087613],[13.71833,51.087701],[13.718488,51.087727],[13.718694,51.087761],[13.718644,51.087895],[13.718644,51.087908],[13.718644,51.087999],[13.718833,51.088367],[13.718761,51.088391],[13.718872,51.088593],[13.719164,51.089119],[13.719414,51.089575],[13.719417,51.089581],[13.719646,51.089976],[13.719798,51.090159],[13.71981,51.090175],[13.720041,51.090509],[13.720167,51.090718],[13.720175,51.090731],[13.720334,51.090988],[13.720522,51.091276],[13.720603,51.091395],[13.720939,51.091882],[13.721063,51.092042],[13.721069,51.092045],[13.721155,51.092084],[13.721211,51.092116],[13.721166,51.092201],[13.721146,51.09224],[13.721261,51.092454],[13.721585,51.092964],[13.722286,51.094042],[13.722432,51.094267],[13.722577,51.094466],[13.722713,51.094669],[13.722772,51.094757],[13.723014,51.095118],[13.723042,51.095158],[13.723288,51.095507],[13.723405,51.095696],[13.723407,51.0957],[13.723433,51.095742],[13.723476,51.095809],[13.723517,51.095877],[13.723368,51.095911],[13.723078,51.095976],[13.722727,51.096052],[13.722439,51.096102],[13.722392,51.09611],[13.722234,51.096128],[13.722076,51.09614],[13.7218,51.096182],[13.721554,51.096212],[13.721291,51.096246],[13.72095,51.0963],[13.720781,51.096332],[13.72051,51.096379],[13.720204,51.096434],[13.719875,51.096501],[13.719412,51.096586],[13.718962,51.096651],[13.71885,51.096994],[13.718812,51.097105],[13.718751,51.097236],[13.718663,51.097351],[13.718543,51.09747],[13.718342,51.097625],[13.71815,51.097728],[13.718129,51.097737],[13.717925,51.097823],[13.71773,51.097897],[13.717511,51.097988],[13.717345,51.098059],[13.71716,51.098139],[13.717016,51.098202],[13.716992,51.098213],[13.716868,51.098267],[13.716748,51.098327],[13.716619,51.098396],[13.716453,51.098481],[13.716313,51.098554],[13.716168,51.098652],[13.71609,51.098714],[13.71603,51.098762],[13.716011,51.09878],[13.715853,51.098924],[13.715774,51.099],[13.715685,51.099087],[13.715626,51.099147],[13.715417,51.099357],[13.715395,51.099378],[13.715209,51.099555],[13.715111,51.099671],[13.714756,51.100048],[13.714401,51.100369],[13.713853,51.100923],[13.713796,51.100985],[13.713741,51.101044],[13.713636,51.101156],[13.713613,51.101181],[13.713557,51.10124],[13.713576,51.101244],[13.713943,51.101329],[13.714152,51.101377],[13.714793,51.101526],[13.714799,51.101528],[13.714959,51.101567],[13.715106,51.101606],[13.715194,51.101636],[13.715231,51.101648],[13.715267,51.101664],[13.715356,51.101704],[13.715371,51.101714],[13.715381,51.10172],[13.715459,51.101768],[13.715508,51.101809],[13.715561,51.101862],[13.715598,51.101917],[13.715729,51.10188],[13.71574,51.101883],[13.71617,51.10198],[13.716239,51.102058],[13.716252,51.102054],[13.71636,51.102027],[13.716475,51.102008],[13.716588,51.101999],[13.716625,51.101998],[13.716719,51.101996],[13.71683,51.102002],[13.716936,51.102019],[13.717485,51.102147],[13.718375,51.102353],[13.720486,51.102841],[13.720614,51.10287],[13.720672,51.102812],[13.720771,51.102711],[13.720807,51.102677],[13.720866,51.102618],[13.720972,51.102515],[13.721025,51.102464],[13.722594,51.100957],[13.722595,51.100956],[13.722801,51.100759],[13.72313,51.100445],[13.723289,51.100411],[13.723339,51.1004],[13.723372,51.100393],[13.723146,51.099994],[13.72249,51.098835],[13.722645,51.098784],[13.722589,51.098581],[13.722526,51.098347],[13.722506,51.098274],[13.722416,51.097944],[13.722389,51.097846],[13.722347,51.097706],[13.722821,51.097702],[13.722905,51.097701],[13.72344,51.097697],[13.723949,51.097625],[13.724214,51.097585],[13.724577,51.097536],[13.725064,51.097468],[13.725241,51.097442],[13.725247,51.097441],[13.725747,51.09737],[13.72575,51.09737],[13.726082,51.097315],[13.726211,51.097294],[13.726577,51.097234],[13.726588,51.097233],[13.726639,51.097227],[13.726871,51.097203],[13.727188,51.097175],[13.727318,51.097163],[13.727443,51.09715],[13.727443,51.097152],[13.727548,51.097563],[13.72756,51.097584],[13.727591,51.097637],[13.727637,51.097728],[13.72797,51.098394],[13.728197,51.098841],[13.728461,51.098953],[13.728773,51.099085],[13.728779,51.099186],[13.728905,51.099179],[13.730562,51.099096],[13.730691,51.099042],[13.730764,51.098976],[13.731332,51.098288],[13.731586,51.098019],[13.731735,51.097831],[13.731896,51.097568],[13.732043,51.097286],[13.732048,51.097274],[13.732158,51.096996],[13.732309,51.096709],[13.732345,51.096642],[13.732462,51.096478],[13.732846,51.096035],[13.733373,51.095506],[13.733659,51.0952],[13.733887,51.094956],[13.734702,51.094109],[13.7348,51.094042],[13.734829,51.094022],[13.735018,51.093883],[13.735169,51.093783],[13.735272,51.093712],[13.735476,51.093627],[13.735767,51.093524],[13.736119,51.093431],[13.736483,51.093355],[13.73678,51.093295],[13.736902,51.093271],[13.736909,51.093327],[13.736936,51.093259],[13.737068,51.093249],[13.737199,51.093224],[13.737359,51.093187],[13.737577,51.093115],[13.737815,51.093019],[13.737997,51.092928],[13.738119,51.092864],[13.738199,51.092821],[13.73837,51.092717],[13.738559,51.092594],[13.73879,51.092439],[13.73896,51.092306],[13.73911,51.092176],[13.739215,51.092063],[13.739327,51.091938],[13.739429,51.091803],[13.739495,51.091698],[13.739555,51.091547],[13.739626,51.091367],[13.739687,51.091253],[13.73977,51.091112],[13.739784,51.091088],[13.739831,51.091025],[13.739893,51.090957],[13.740024,51.09083],[13.740097,51.090766],[13.740205,51.090684],[13.740318,51.090601],[13.740401,51.090553],[13.740511,51.090489],[13.740903,51.090286],[13.741321,51.090074],[13.741594,51.089933],[13.741849,51.089805],[13.742042,51.089722],[13.742052,51.089716],[13.742179,51.089646],[13.742091,51.089626],[13.741863,51.08953],[13.741318,51.089301],[13.741275,51.089282],[13.740541,51.088974],[13.739277,51.088434],[13.739005,51.088322],[13.738572,51.088144],[13.738044,51.087927],[13.737966,51.087904],[13.738027,51.087822],[13.738015,51.087815],[13.737909,51.087743],[13.73785,51.087729],[13.737709,51.087743],[13.737683,51.087639],[13.737682,51.087635],[13.737636,51.087498],[13.737588,51.087381],[13.737548,51.087265],[13.737473,51.087049],[13.737389,51.086799],[13.737324,51.086619],[13.737195,51.086141],[13.737193,51.086108],[13.737175,51.085875],[13.737219,51.085648],[13.737281,51.085445],[13.737433,51.085207],[13.737478,51.085137],[13.737761,51.084848],[13.738111,51.084542],[13.738461,51.08422],[13.73852,51.084155],[13.738718,51.083934],[13.73887,51.083735],[13.738965,51.083586],[13.739042,51.083466],[13.739171,51.083203],[13.739244,51.083032],[13.739347,51.082707],[13.739402,51.082319],[13.739405,51.081659],[13.739402,51.081325],[13.739381,51.079417],[13.739373,51.078678],[13.739318,51.078395],[13.739311,51.078038],[13.739293,51.077739],[13.739259,51.077402],[13.739213,51.077129],[13.739158,51.076788],[13.73912,51.076425],[13.739113,51.076098],[13.739097,51.075479],[13.739096,51.075434],[13.739094,51.075364],[13.739092,51.075294],[13.73909,51.07519],[13.739059,51.073995],[13.739059,51.073971],[13.738834,51.073828],[13.73883,51.073826],[13.738792,51.073814],[13.738101,51.073587],[13.736976,51.0732],[13.73691,51.07309],[13.736861,51.073012],[13.736829,51.07296],[13.736735,51.072912],[13.736068,51.072694],[13.735836,51.072618],[13.735092,51.072596],[13.734753,51.072504],[13.734525,51.072441],[13.73442,51.072411],[13.734402,51.072407],[13.734278,51.072372],[13.734251,51.072361],[13.734118,51.072305],[13.733565,51.072073],[13.732665,51.07171],[13.73206,51.071465],[13.731227,51.071129],[13.731489,51.071251],[13.731023,51.072246],[13.730807,51.072715],[13.730592,51.073183],[13.730371,51.073674],[13.730367,51.073683],[13.730151,51.074165],[13.729926,51.074624],[13.729717,51.07505]]]}},{"type":"Feature","id":"dresden-21","properties":{"city":"Dresden","state":"Sachsen","code":"21","name":"Pieschen-Süd mit Leipziger Vorstadt-West (Neudorf)","name_atlas":"Stadt Neudorf/Pieschen-Süd","population_est":12045,"crime_total":{"cases":867,"rate":7198.0},"homicide":{"cases":0,"rate":0.0},"sexual":{"cases":17,"rate":141.1},"violence_proxy":{"cases":128,"rate":1062.7},"property_total":{"cases":341,"rate":2831.1},"simple_theft":{"cases":108,"rate":896.6},"aggravated_theft":{"cases":233,"rate":1934.4},"fraud":{"cases":137,"rate":1137.4},"other_stgb":{"cases":209,"rate":1735.2},"secondary_law":{"cases":35,"rate":290.6}},"geometry":{"type":"Polygon","coordinates":[[[13.72514,51.080851],[13.725253,51.080844],[13.725359,51.08063],[13.725246,51.080567],[13.725341,51.080486],[13.725358,51.080471],[13.725532,51.080316],[13.725621,51.080236],[13.725665,51.080198],[13.725749,51.080126],[13.725871,51.080014],[13.725992,51.079906],[13.726116,51.079794],[13.726243,51.079682],[13.726363,51.079576],[13.726544,51.079414],[13.726546,51.079412],[13.726622,51.079414],[13.726727,51.079326],[13.726781,51.079277],[13.726976,51.079105],[13.727084,51.079012],[13.727163,51.078942],[13.727169,51.078937],[13.727177,51.07893],[13.727222,51.078884],[13.727367,51.078739],[13.727396,51.07871],[13.727498,51.078611],[13.727519,51.078592],[13.727601,51.078506],[13.727676,51.078448],[13.727858,51.078297],[13.728034,51.078149],[13.727989,51.078081],[13.728108,51.077975],[13.728196,51.077897],[13.728421,51.077696],[13.728499,51.077626],[13.72895,51.077204],[13.729193,51.076978],[13.729207,51.076978],[13.729232,51.076974],[13.729246,51.076966],[13.729252,51.076951],[13.729242,51.076863],[13.729242,51.076861],[13.729231,51.076753],[13.72919,51.076344],[13.729441,51.076342],[13.729455,51.076107],[13.72956,51.075577],[13.729631,51.0753],[13.729701,51.075084],[13.729717,51.07505],[13.729926,51.074624],[13.730151,51.074165],[13.730367,51.073683],[13.730371,51.073674],[13.730592,51.073183],[13.730807,51.072715],[13.731023,51.072246],[13.731489,51.071251],[13.731227,51.071129],[13.731091,51.071076],[13.729874,51.070595],[13.729562,51.070474],[13.729708,51.070147],[13.72956,51.07028],[13.729418,51.070378],[13.728822,51.070147],[13.728758,51.070054],[13.728372,51.069901],[13.72682,51.0693],[13.726602,51.069175],[13.726298,51.069002],[13.726292,51.068999],[13.725434,51.068602],[13.725392,51.068631],[13.724534,51.069268],[13.723839,51.069658],[13.723293,51.070084],[13.722645,51.070589],[13.722003,51.071109],[13.721944,51.071163],[13.721422,51.07171],[13.721075,51.072079],[13.721003,51.072156],[13.720715,51.072697],[13.720197,51.073384],[13.719817,51.073839],[13.719405,51.074332],[13.718874,51.074811],[13.718829,51.074854],[13.718401,51.075233],[13.71755,51.075755],[13.716343,51.076236],[13.715781,51.07637],[13.716163,51.077003],[13.716231,51.077115],[13.716232,51.077122],[13.716239,51.077164],[13.716281,51.07725],[13.716322,51.077336],[13.716338,51.077351],[13.716195,51.077414],[13.716198,51.077462],[13.716348,51.077584],[13.716263,51.077621],[13.716253,51.077711],[13.716132,51.077707],[13.715977,51.077691],[13.715953,51.077779],[13.715908,51.077803],[13.715684,51.077926],[13.715682,51.077927],[13.715643,51.077951],[13.715618,51.077966],[13.715566,51.078002],[13.715516,51.07804],[13.715507,51.078047],[13.715454,51.078088],[13.715413,51.078123],[13.715364,51.078164],[13.715335,51.078191],[13.715324,51.078201],[13.715278,51.078248],[13.715237,51.078295],[13.715199,51.078339],[13.715162,51.078385],[13.71513,51.078431],[13.7151,51.078475],[13.715058,51.07855],[13.715077,51.078554],[13.715083,51.078556],[13.715057,51.078584],[13.715056,51.078586],[13.715023,51.078617],[13.714989,51.078668],[13.71495,51.078737],[13.714883,51.078878],[13.714879,51.078883],[13.714786,51.079057],[13.714722,51.079161],[13.714615,51.07933],[13.714549,51.079427],[13.714536,51.079516],[13.714635,51.079522],[13.714516,51.079582],[13.714422,51.079643],[13.713862,51.080342],[13.714005,51.080387],[13.713971,51.080431],[13.71395,51.080457],[13.713752,51.080876],[13.713712,51.081169],[13.713699,51.081277],[13.713842,51.081282],[13.714143,51.081286],[13.714405,51.081289],[13.714421,51.08129],[13.714715,51.081294],[13.714717,51.081294],[13.71635,51.081315],[13.716327,51.081416],[13.716322,51.081439],[13.716287,51.081599],[13.716268,51.081679],[13.716262,51.081706],[13.716217,51.081915],[13.716162,51.082164],[13.715864,51.082195],[13.715173,51.082265],[13.715167,51.082371],[13.715167,51.082384],[13.715165,51.082473],[13.715163,51.082554],[13.715162,51.082594],[13.714622,51.082795],[13.714973,51.083197],[13.715054,51.083291],[13.715158,51.083413],[13.715299,51.083568],[13.715312,51.083585],[13.715362,51.083644],[13.71542,51.083709],[13.715503,51.083804],[13.715599,51.083921],[13.715863,51.084222],[13.715945,51.084308],[13.715949,51.084312],[13.716028,51.084402],[13.716039,51.084411],[13.716098,51.08449],[13.716211,51.084619],[13.716277,51.084704],[13.716296,51.084728],[13.716348,51.084796],[13.716362,51.084814],[13.716378,51.084835],[13.716488,51.084976],[13.7166,51.085141],[13.71662,51.08517],[13.71674,51.085335],[13.716867,51.085511],[13.71694,51.085613],[13.717024,51.085723],[13.717024,51.085723],[13.717577,51.085416],[13.717585,51.085411],[13.717751,51.085515],[13.717757,51.085531],[13.717798,51.085669],[13.717834,51.085789],[13.717897,51.085876],[13.718509,51.085612],[13.718991,51.085382],[13.719362,51.085196],[13.720056,51.084818],[13.720094,51.084797],[13.720681,51.08448],[13.720792,51.084416],[13.720774,51.0844],[13.720746,51.084367],[13.720734,51.084326],[13.720714,51.084205],[13.720837,51.0842],[13.720877,51.084175],[13.721245,51.083941],[13.721279,51.08392],[13.721538,51.083758],[13.721592,51.083724],[13.72154,51.083611],[13.721501,51.083541],[13.721513,51.083538],[13.721744,51.083507],[13.721926,51.083483],[13.721991,51.083433],[13.722018,51.083412],[13.722062,51.083378],[13.722387,51.083128],[13.722479,51.083062],[13.722505,51.083039],[13.722523,51.083024],[13.722542,51.083009],[13.722632,51.082935],[13.722695,51.082883],[13.722741,51.082845],[13.722753,51.082835],[13.722949,51.082674],[13.723185,51.082468],[13.723189,51.082465],[13.723509,51.082182],[13.723774,51.081937],[13.723967,51.081752],[13.724015,51.081707],[13.724183,51.081548],[13.724339,51.081402],[13.724425,51.081476],[13.724667,51.081255],[13.724886,51.080893],[13.724999,51.080917],[13.72517,51.080958],[13.72514,51.080851]]]}},{"type":"Feature","id":"dresden-02","properties":{"city":"Dresden","state":"Sachsen","code":"02","name":"Pirnaische Vorstadt","name_atlas":"Pirnaische Vorstadt","population_est":6605,"crime_total":{"cases":702,"rate":10628.0},"homicide":{"cases":0,"rate":0.0},"sexual":{"cases":23,"rate":348.2},"violence_proxy":{"cases":143,"rate":2165.0},"property_total":{"cases":249,"rate":3769.9},"simple_theft":{"cases":68,"rate":1029.5},"aggravated_theft":{"cases":181,"rate":2740.3},"fraud":{"cases":74,"rate":1120.4},"other_stgb":{"cases":183,"rate":2770.6},"secondary_law":{"cases":30,"rate":454.2}},"geometry":{"type":"Polygon","coordinates":[[[13.750166,51.046186],[13.749875,51.045682],[13.749753,51.045516],[13.749713,51.045466],[13.749125,51.044741],[13.749117,51.044747],[13.748564,51.045111],[13.748037,51.045462],[13.747483,51.04583],[13.747289,51.045959],[13.747066,51.046125],[13.746994,51.04616],[13.746992,51.046161],[13.746926,51.046157],[13.746882,51.046128],[13.746816,51.046052],[13.746726,51.045948],[13.746645,51.045849],[13.746594,51.045868],[13.746494,51.045906],[13.745583,51.046234],[13.745396,51.046036],[13.745368,51.046006],[13.745332,51.045979],[13.744815,51.045427],[13.744129,51.044694],[13.743921,51.044472],[13.743471,51.043986],[13.743141,51.04363],[13.742985,51.043469],[13.742933,51.043455],[13.742898,51.043505],[13.742894,51.04351],[13.742844,51.043586],[13.742797,51.043654],[13.742769,51.043714],[13.742713,51.043832],[13.74256,51.043893],[13.742495,51.044036],[13.742225,51.044634],[13.742456,51.044864],[13.741964,51.045064],[13.741862,51.045103],[13.741819,51.045061],[13.741665,51.045099],[13.741559,51.045117],[13.741583,51.045154],[13.74163,51.045224],[13.74173,51.045365],[13.741807,51.045497],[13.741876,51.045635],[13.741906,51.045712],[13.741925,51.045784],[13.741928,51.045837],[13.741939,51.045919],[13.741938,51.045986],[13.74185,51.046173],[13.741768,51.046301],[13.741753,51.046319],[13.741751,51.046322],[13.74175,51.046323],[13.741642,51.046457],[13.741622,51.046481],[13.74165,51.04649],[13.742086,51.046632],[13.742272,51.046697],[13.742418,51.046751],[13.742578,51.046832],[13.742727,51.046909],[13.74285,51.047001],[13.74297,51.047086],[13.743051,51.047159],[13.74312,51.047221],[13.743149,51.047247],[13.743464,51.047599],[13.743476,51.047614],[13.744768,51.049156],[13.744786,51.049176],[13.744896,51.049296],[13.745051,51.049466],[13.7455,51.050004],[13.745768,51.050338],[13.746608,51.0513],[13.746621,51.051314],[13.746669,51.051369],[13.746869,51.051593],[13.74691,51.051642],[13.747001,51.051749],[13.746756,51.051749],[13.746749,51.051749],[13.746718,51.051747],[13.746697,51.051746],[13.746715,51.05189],[13.746806,51.052121],[13.74689,51.052337],[13.747053,51.052742],[13.747098,51.052828],[13.747136,51.052951],[13.747166,51.053048],[13.747169,51.053101],[13.74717,51.05313],[13.747178,51.053252],[13.747175,51.053347],[13.747174,51.053411],[13.747174,51.053419],[13.747165,51.0535],[13.747129,51.053634],[13.747053,51.053798],[13.747052,51.053802],[13.746901,51.054167],[13.746768,51.054491],[13.746751,51.054532],[13.746751,51.054532],[13.746878,51.054552],[13.747017,51.054573],[13.747134,51.05459],[13.747148,51.054592],[13.747148,51.054591],[13.747286,51.054613],[13.747294,51.054615],[13.747585,51.054685],[13.748488,51.054914],[13.749189,51.055119],[13.749426,51.055201],[13.750211,51.055468],[13.75088,51.055707],[13.751376,51.055898],[13.751919,51.05612],[13.752618,51.056393],[13.75334,51.056689],[13.754027,51.056978],[13.754382,51.057099],[13.754944,51.056589],[13.754949,51.056584],[13.754971,51.056564],[13.75517,51.056415],[13.75531,51.056292],[13.755387,51.056216],[13.755398,51.056221],[13.755399,51.056221],[13.755405,51.056223],[13.755474,51.056145],[13.755576,51.05605],[13.755701,51.055943],[13.755437,51.055827],[13.755194,51.055731],[13.754946,51.055632],[13.754983,51.055596],[13.755054,51.055518],[13.755154,51.055553],[13.755554,51.055209],[13.755947,51.054848],[13.756952,51.053918],[13.756987,51.053879],[13.757113,51.053922],[13.757339,51.053979],[13.757546,51.054031],[13.757661,51.054084],[13.757682,51.054065],[13.757835,51.053999],[13.758043,51.053979],[13.75816,51.053826],[13.758228,51.053725],[13.758289,51.053604],[13.75832,51.053494],[13.758352,51.053342],[13.758356,51.053257],[13.758346,51.053136],[13.758303,51.052961],[13.758226,51.052751],[13.758187,51.052646],[13.758148,51.052551],[13.758113,51.052464],[13.758044,51.052279],[13.757898,51.051874],[13.757766,51.051471],[13.757465,51.050594],[13.75735,51.050251],[13.757173,51.049725],[13.756965,51.049341],[13.756642,51.048744],[13.756362,51.048291],[13.755737,51.047279],[13.755727,51.047263],[13.755507,51.0471],[13.755349,51.046897],[13.755118,51.046599],[13.75488,51.046263],[13.754797,51.046155],[13.754745,51.046088],[13.754713,51.046046],[13.754486,51.045785],[13.754396,51.045692],[13.754097,51.045794],[13.754036,51.04578],[13.753607,51.04575],[13.753601,51.04575],[13.753199,51.045237],[13.753197,51.045235],[13.75315,51.0452],[13.753081,51.04518],[13.753033,51.045187],[13.753016,51.045189],[13.752222,51.045465],[13.751394,51.045767],[13.751337,51.045786],[13.750547,51.046054],[13.750356,51.04612],[13.750166,51.046186]]]}},{"type":"Feature","id":"dresden-86","properties":{"city":"Dresden","state":"Sachsen","code":"86","name":"Plauen","name_atlas":"Plauen","population_est":11428,"crime_total":{"cases":349,"rate":3054.0},"homicide":{"cases":2,"rate":17.5},"sexual":{"cases":11,"rate":96.3},"violence_proxy":{"cases":48,"rate":420.0},"property_total":{"cases":132,"rate":1155.1},"simple_theft":{"cases":40,"rate":350.0},"aggravated_theft":{"cases":92,"rate":805.0},"fraud":{"cases":67,"rate":586.3},"other_stgb":{"cases":81,"rate":708.8},"secondary_law":{"cases":8,"rate":70.0}},"geometry":{"type":"Polygon","coordinates":[[[13.717245,51.024042],[13.717331,51.02399],[13.717549,51.023877],[13.717734,51.023786],[13.717874,51.023725],[13.718013,51.023663],[13.718161,51.023611],[13.718327,51.023553],[13.718364,51.02354],[13.718389,51.023532],[13.718335,51.02347],[13.71832,51.023453],[13.71828,51.023393],[13.718214,51.023347],[13.71803,51.02323],[13.717864,51.023087],[13.717658,51.022966],[13.717421,51.022801],[13.717395,51.022757],[13.717339,51.022674],[13.717471,51.022639],[13.717674,51.022575],[13.717741,51.022537],[13.717795,51.022486],[13.717831,51.022442],[13.717845,51.022392],[13.717855,51.022325],[13.717842,51.022283],[13.717838,51.02227],[13.717787,51.022223],[13.717697,51.022179],[13.717795,51.022094],[13.717816,51.022075],[13.717816,51.022075],[13.717783,51.022024],[13.717769,51.022002],[13.717636,51.022035],[13.717612,51.022025],[13.717382,51.022077],[13.717156,51.022124],[13.717006,51.022153],[13.71687,51.022127],[13.716872,51.022122],[13.716835,51.022108],[13.716799,51.022145],[13.716756,51.022162],[13.716697,51.022175],[13.716659,51.022176],[13.716624,51.022172],[13.716506,51.022222],[13.716422,51.022235],[13.716427,51.022249],[13.715981,51.022307],[13.715661,51.022338],[13.715335,51.022365],[13.715021,51.022383],[13.714805,51.022392],[13.714582,51.022394],[13.71414,51.022381],[13.713921,51.022366],[13.713696,51.022346],[13.713482,51.02232],[13.713265,51.022288],[13.713106,51.022259],[13.713102,51.022259],[13.713164,51.022127],[13.713174,51.022103],[13.713323,51.021767],[13.713408,51.021573],[13.713411,51.021565],[13.713371,51.021494],[13.713215,51.021219],[13.713483,51.021158],[13.713825,51.021081],[13.714014,51.021039],[13.714201,51.020996],[13.714389,51.020954],[13.714577,51.020911],[13.714698,51.020884],[13.714587,51.02069],[13.714619,51.020602],[13.714577,51.020596],[13.714555,51.020593],[13.714491,51.020596],[13.714482,51.020506],[13.714345,51.020266],[13.71442,51.02025],[13.714904,51.020142],[13.715379,51.020033],[13.715388,51.020031],[13.715261,51.019809],[13.715213,51.019724],[13.715246,51.019717],[13.715102,51.019442],[13.715079,51.019402],[13.714917,51.019118],[13.714906,51.019094],[13.714889,51.019057],[13.714864,51.018864],[13.714845,51.018627],[13.714585,51.018612],[13.714571,51.018611],[13.71428,51.018599],[13.714226,51.0186],[13.713986,51.018605],[13.713732,51.018616],[13.712936,51.018712],[13.712062,51.018828],[13.711511,51.018898],[13.711161,51.018937],[13.711091,51.018946],[13.710882,51.018971],[13.71088,51.018971],[13.710563,51.018994],[13.710415,51.019001],[13.710309,51.019005],[13.710061,51.019002],[13.7098,51.018981],[13.709703,51.018964],[13.709665,51.019051],[13.709052,51.019176],[13.70835,51.019333],[13.708117,51.019387],[13.707714,51.019481],[13.706781,51.019689],[13.70665,51.019724],[13.706641,51.019711],[13.706525,51.019714],[13.706435,51.019733],[13.706378,51.019796],[13.70632,51.01989],[13.706292,51.019936],[13.706158,51.019903],[13.705961,51.019852],[13.705811,51.019825],[13.705752,51.01996],[13.705645,51.01999],[13.705447,51.020043],[13.705058,51.02015],[13.704953,51.020179],[13.704537,51.020305],[13.704526,51.020308],[13.704508,51.020314],[13.704363,51.020366],[13.704331,51.020382],[13.704331,51.020382],[13.704194,51.020431],[13.703904,51.02053],[13.70383,51.020558],[13.703573,51.020653],[13.703505,51.020732],[13.703532,51.020748],[13.703548,51.020771],[13.70353,51.02082],[13.703428,51.021012],[13.703413,51.02105],[13.703275,51.021029],[13.703264,51.021042],[13.703172,51.021227],[13.703003,51.021241],[13.702786,51.021355],[13.702565,51.021451],[13.702312,51.021593],[13.702286,51.021606],[13.702019,51.021861],[13.701919,51.021953],[13.701912,51.021958],[13.702232,51.022126],[13.702719,51.022526],[13.702936,51.022825],[13.702825,51.022895],[13.702833,51.022975],[13.702819,51.02336],[13.70281,51.023453],[13.702679,51.023707],[13.702678,51.023709],[13.702634,51.023793],[13.70254,51.023954],[13.70245,51.02403],[13.702398,51.024096],[13.702349,51.02417],[13.702323,51.024189],[13.702111,51.024402],[13.701896,51.024541],[13.701866,51.024565],[13.701703,51.024681],[13.701652,51.024701],[13.701457,51.024813],[13.701356,51.024872],[13.701299,51.024905],[13.701123,51.025008],[13.700994,51.025065],[13.70076,51.02523],[13.700702,51.025213],[13.700576,51.025302],[13.700502,51.025391],[13.700447,51.025489],[13.700412,51.025538],[13.700409,51.025543],[13.700334,51.025658],[13.700297,51.025754],[13.700268,51.025817],[13.700248,51.025921],[13.700211,51.026138],[13.700212,51.026357],[13.70022,51.026472],[13.700275,51.026948],[13.70032,51.027153],[13.700352,51.02729],[13.700429,51.02773],[13.700585,51.028494],[13.700678,51.028787],[13.70069,51.028813],[13.700736,51.02892],[13.700866,51.029161],[13.700913,51.029172],[13.700917,51.029209],[13.700925,51.029255],[13.700954,51.029316],[13.700983,51.029382],[13.701041,51.029469],[13.701078,51.029525],[13.701176,51.029665],[13.701351,51.029881],[13.701638,51.030186],[13.701881,51.030426],[13.701986,51.030487],[13.701963,51.030503],[13.702139,51.030649],[13.702227,51.030711],[13.702324,51.030779],[13.70242,51.030844],[13.702565,51.030953],[13.702722,51.031071],[13.702819,51.031143],[13.702832,51.031155],[13.70288,51.031199],[13.703017,51.031322],[13.703144,51.031438],[13.703199,51.031486],[13.703284,51.031563],[13.703344,51.031617],[13.703436,51.031699],[13.703535,51.031782],[13.703645,51.031877],[13.703722,51.031944],[13.703786,51.032003],[13.703849,51.032064],[13.704005,51.032213],[13.70406,51.032256],[13.704134,51.032314],[13.704288,51.0325],[13.70436,51.032587],[13.704447,51.032691],[13.704464,51.032714],[13.70456,51.032854],[13.704627,51.032953],[13.704645,51.03302],[13.704684,51.03317],[13.704697,51.033252],[13.704718,51.033408],[13.704715,51.033439],[13.704705,51.033524],[13.704695,51.033639],[13.704631,51.033856],[13.704603,51.033973],[13.704581,51.034054],[13.704576,51.034071],[13.704518,51.034237],[13.704536,51.034437],[13.704542,51.034436],[13.704695,51.034404],[13.704879,51.034365],[13.70535,51.034262],[13.705705,51.034169],[13.706053,51.034069],[13.706577,51.033911],[13.706956,51.033795],[13.707032,51.033772],[13.70713,51.033742],[13.707154,51.033735],[13.707183,51.033725],[13.707259,51.033699],[13.707474,51.033626],[13.70816,51.033412],[13.708628,51.033989],[13.709161,51.034617],[13.709339,51.034828],[13.709685,51.035237],[13.710136,51.035046],[13.710675,51.034813],[13.710992,51.034675],[13.711209,51.034571],[13.711682,51.034344],[13.71245,51.034007],[13.713541,51.033508],[13.713594,51.033483],[13.714787,51.032968],[13.715571,51.032606],[13.715733,51.032533],[13.716245,51.032301],[13.716781,51.032058],[13.717154,51.031889],[13.717233,51.031854],[13.718142,51.031448],[13.718868,51.031128],[13.719623,51.030796],[13.720156,51.030555],[13.720281,51.030499],[13.72069,51.030314],[13.721022,51.029935],[13.721045,51.029908],[13.721059,51.029896],[13.72115,51.029812],[13.721271,51.0297],[13.721583,51.029299],[13.721674,51.028785],[13.721781,51.028298],[13.721904,51.027744],[13.721974,51.027453],[13.722143,51.026751],[13.722284,51.026115],[13.721648,51.026221],[13.720868,51.026355],[13.719924,51.026511],[13.7192,51.026639],[13.718337,51.026782],[13.717863,51.026866],[13.717509,51.026923],[13.716941,51.02702],[13.71615,51.027147],[13.715886,51.027188],[13.715956,51.0271],[13.7159,51.026915],[13.715852,51.026827],[13.715845,51.026796],[13.715831,51.026734],[13.715797,51.026527],[13.715785,51.026357],[13.715787,51.026218],[13.71579,51.026089],[13.715807,51.025961],[13.715832,51.025812],[13.715837,51.025791],[13.715865,51.025675],[13.715909,51.025549],[13.715963,51.025407],[13.716014,51.025274],[13.716034,51.025236],[13.71609,51.025134],[13.716162,51.025013],[13.716253,51.024877],[13.716363,51.024741],[13.716467,51.02462],[13.716584,51.024511],[13.716707,51.024402],[13.716788,51.024346],[13.716866,51.024306],[13.716925,51.02426],[13.716919,51.024149],[13.717052,51.024171],[13.717166,51.02409],[13.717245,51.024042]]]}},{"type":"Feature","id":"dresden-71","properties":{"city":"Dresden","state":"Sachsen","code":"71","name":"Prohlis-Nord","name_atlas":"Prohlis-Nord","population_est":6414,"crime_total":{"cases":656,"rate":10228.0},"homicide":{"cases":0,"rate":0.0},"sexual":{"cases":11,"rate":171.5},"violence_proxy":{"cases":169,"rate":2634.9},"property_total":{"cases":300,"rate":4677.3},"simple_theft":{"cases":235,"rate":3663.9},"aggravated_theft":{"cases":65,"rate":1013.4},"fraud":{"cases":50,"rate":779.5},"other_stgb":{"cases":99,"rate":1543.5},"secondary_law":{"cases":27,"rate":421.0}},"geometry":{"type":"Polygon","coordinates":[[[13.799054,51.005338],[13.798841,51.005182],[13.798724,51.005097],[13.798629,51.005032],[13.798522,51.004962],[13.798432,51.004895],[13.79832,51.004806],[13.798166,51.004694],[13.798081,51.004613],[13.797923,51.004452],[13.797923,51.004451],[13.797791,51.004486],[13.797633,51.004563],[13.797511,51.004623],[13.79741,51.004672],[13.797202,51.00478],[13.797015,51.004892],[13.796858,51.005015],[13.796799,51.005174],[13.796821,51.00534],[13.796833,51.005474],[13.796808,51.0056],[13.796714,51.005711],[13.796581,51.005796],[13.796494,51.005882],[13.796411,51.006],[13.796188,51.006127],[13.795909,51.006258],[13.795615,51.006379],[13.795395,51.006493],[13.795268,51.006589],[13.795264,51.006593],[13.795187,51.006674],[13.795091,51.006849],[13.795051,51.006963],[13.794379,51.006905],[13.793758,51.006889],[13.793385,51.006883],[13.793185,51.00687],[13.792914,51.006854],[13.792844,51.006849],[13.79221,51.006802],[13.792138,51.006795],[13.792023,51.006785],[13.792014,51.006785],[13.791767,51.006762],[13.791628,51.006747],[13.791586,51.00674],[13.791355,51.006702],[13.791306,51.006694],[13.791269,51.006687],[13.791257,51.006684],[13.791246,51.006682],[13.791178,51.00667],[13.790781,51.006588],[13.790325,51.00647],[13.790028,51.006417],[13.789618,51.00635],[13.789393,51.006299],[13.789103,51.006216],[13.788836,51.006113],[13.7887,51.006046],[13.788593,51.005993],[13.788449,51.005908],[13.788206,51.005696],[13.788195,51.005693],[13.788116,51.005673],[13.788018,51.005648],[13.787761,51.005823],[13.787571,51.005974],[13.787373,51.006146],[13.787219,51.006312],[13.787037,51.006551],[13.787013,51.00658],[13.786876,51.006747],[13.786623,51.007013],[13.786274,51.007395],[13.785998,51.007689],[13.785861,51.007837],[13.785587,51.008123],[13.785471,51.008239],[13.785294,51.008405],[13.785138,51.008548],[13.785056,51.008613],[13.785154,51.008658],[13.785139,51.008669],[13.783902,51.009624],[13.7839,51.009626],[13.784471,51.00991],[13.784944,51.01015],[13.785151,51.010255],[13.785945,51.010655],[13.786091,51.010729],[13.786291,51.01083],[13.786637,51.011005],[13.786892,51.011137],[13.787121,51.011256],[13.787235,51.01131],[13.787329,51.011356],[13.787662,51.011533],[13.788013,51.011711],[13.788476,51.01194],[13.788931,51.012169],[13.789127,51.012268],[13.789299,51.012356],[13.789961,51.012704],[13.790033,51.012742],[13.790677,51.01306],[13.791069,51.012845],[13.79114,51.01281],[13.791461,51.012652],[13.791778,51.012496],[13.791838,51.012464],[13.792342,51.012198],[13.792725,51.012009],[13.792765,51.01199],[13.793228,51.011748],[13.793602,51.011559],[13.793952,51.01141],[13.794113,51.011341],[13.794208,51.011301],[13.794302,51.01126],[13.79428,51.011163],[13.794244,51.01104],[13.794231,51.010958],[13.794228,51.010907],[13.794259,51.010852],[13.794335,51.010819],[13.79448,51.010784],[13.794738,51.010745],[13.795,51.010704],[13.795205,51.010664],[13.795322,51.010623],[13.795424,51.010575],[13.795456,51.010554],[13.795545,51.010498],[13.795677,51.010436],[13.795835,51.010391],[13.796075,51.010354],[13.796318,51.010323],[13.79647,51.010301],[13.796774,51.010259],[13.797173,51.010201],[13.797224,51.010074],[13.797542,51.010028],[13.797617,51.010017],[13.797895,51.009977],[13.797991,51.010208],[13.798074,51.010443],[13.798174,51.010761],[13.798292,51.011065],[13.798336,51.01118],[13.798502,51.01165],[13.798469,51.011655],[13.798428,51.011669],[13.798404,51.011681],[13.79838,51.0117],[13.79836,51.011727],[13.798349,51.011756],[13.798352,51.011783],[13.798353,51.011783],[13.798375,51.011811],[13.798397,51.011836],[13.798447,51.01186],[13.798499,51.011872],[13.798549,51.011874],[13.798553,51.011874],[13.798593,51.011868],[13.798609,51.011864],[13.798612,51.011863],[13.798663,51.011841],[13.79869,51.011816],[13.798712,51.011788],[13.798715,51.011757],[13.798703,51.011731],[13.798857,51.011683],[13.799083,51.011587],[13.799154,51.011552],[13.799189,51.01153],[13.799284,51.01147],[13.799384,51.011376],[13.799508,51.011254],[13.799673,51.011075],[13.799817,51.010917],[13.799859,51.010871],[13.799975,51.010749],[13.800094,51.010637],[13.800219,51.010531],[13.800366,51.010418],[13.800416,51.010379],[13.80069,51.010202],[13.800769,51.010149],[13.800934,51.010067],[13.801186,51.009926],[13.80154,51.009747],[13.801871,51.009573],[13.802109,51.009452],[13.802198,51.009407],[13.80262,51.009215],[13.802752,51.009151],[13.802958,51.00905],[13.803078,51.008994],[13.803237,51.00892],[13.803555,51.008766],[13.8036,51.008737],[13.8038,51.008609],[13.803579,51.008614],[13.80342,51.008522],[13.80261,51.007936],[13.802488,51.007847],[13.802461,51.007828],[13.802436,51.007809],[13.801225,51.006924],[13.800832,51.006639],[13.800831,51.006638],[13.800822,51.006631],[13.799733,51.005833],[13.799709,51.005815],[13.799054,51.005338]]]}},{"type":"Feature","id":"dresden-72","properties":{"city":"Dresden","state":"Sachsen","code":"72","name":"Prohlis-Süd","name_atlas":"Prohlis-Süd","population_est":9275,"crime_total":{"cases":645,"rate":6954.0},"homicide":{"cases":1,"rate":10.8},"sexual":{"cases":30,"rate":323.5},"violence_proxy":{"cases":175,"rate":1886.8},"property_total":{"cases":208,"rate":2242.6},"simple_theft":{"cases":82,"rate":884.1},"aggravated_theft":{"cases":126,"rate":1358.5},"fraud":{"cases":68,"rate":733.2},"other_stgb":{"cases":133,"rate":1434.0},"secondary_law":{"cases":30,"rate":323.5}},"geometry":{"type":"Polygon","coordinates":[[[13.8038,51.008609],[13.803992,51.00855],[13.804024,51.008538],[13.804163,51.008485],[13.804224,51.008461],[13.804413,51.008372],[13.804728,51.008224],[13.805014,51.008083],[13.805059,51.008061],[13.805381,51.007892],[13.805733,51.007673],[13.805958,51.007545],[13.805994,51.007524],[13.806222,51.007388],[13.806406,51.007275],[13.806914,51.00698],[13.807104,51.006867],[13.80731,51.00673],[13.807377,51.006693],[13.807475,51.006639],[13.807665,51.006506],[13.807861,51.006351],[13.808159,51.006134],[13.808195,51.006081],[13.80804,51.005926],[13.807751,51.005653],[13.807391,51.005303],[13.807101,51.005031],[13.807068,51.005],[13.806804,51.004754],[13.806533,51.004528],[13.806345,51.004383],[13.806161,51.004257],[13.805992,51.004131],[13.805924,51.00408],[13.805701,51.003925],[13.805432,51.003729],[13.805192,51.003557],[13.804712,51.003212],[13.804392,51.002983],[13.804079,51.002752],[13.804038,51.002715],[13.803851,51.00255],[13.803672,51.002394],[13.803538,51.002259],[13.803313,51.002061],[13.803017,51.001773],[13.802857,51.001621],[13.802665,51.001439],[13.802503,51.001287],[13.802337,51.00113],[13.802247,51.00103],[13.801995,51.000803],[13.801781,51.000599],[13.801492,51.000322],[13.801256,51.000089],[13.800968,50.999833],[13.80081,50.9997],[13.80076,50.999591],[13.800675,50.999519],[13.800594,50.999442],[13.800523,50.999358],[13.800456,50.999276],[13.800456,50.999275],[13.800377,50.999305],[13.800295,50.999337],[13.800292,50.999333],[13.800141,50.999125],[13.800044,50.999011],[13.799925,50.998872],[13.799619,50.998615],[13.799552,50.998648],[13.79758,50.999629],[13.797064,50.999889],[13.797041,50.999901],[13.796603,51.00012],[13.796554,51.000145],[13.796451,51.000197],[13.796267,51.000289],[13.79595,51.000478],[13.795224,51.000922],[13.794694,51.001247],[13.793829,51.001788],[13.793826,51.00179],[13.793448,51.002027],[13.793153,51.002231],[13.792882,51.002437],[13.792808,51.002494],[13.792546,51.002718],[13.792266,51.002994],[13.792099,51.003172],[13.791803,51.003456],[13.791541,51.003688],[13.791178,51.003976],[13.790856,51.004208],[13.790498,51.004441],[13.79017,51.004634],[13.789874,51.004799],[13.789318,51.005093],[13.788712,51.005405],[13.788576,51.005483],[13.788206,51.005696],[13.788449,51.005908],[13.788593,51.005993],[13.7887,51.006046],[13.788836,51.006113],[13.789103,51.006216],[13.789393,51.006299],[13.789618,51.00635],[13.790028,51.006417],[13.790325,51.00647],[13.790781,51.006588],[13.791178,51.00667],[13.791246,51.006682],[13.791257,51.006684],[13.791269,51.006687],[13.791306,51.006694],[13.791355,51.006702],[13.791586,51.00674],[13.791628,51.006747],[13.791767,51.006762],[13.792014,51.006785],[13.792023,51.006785],[13.792138,51.006795],[13.79221,51.006802],[13.792844,51.006849],[13.792914,51.006854],[13.793185,51.00687],[13.793385,51.006883],[13.793758,51.006889],[13.794379,51.006905],[13.795051,51.006963],[13.795091,51.006849],[13.795187,51.006674],[13.795264,51.006593],[13.795268,51.006589],[13.795395,51.006493],[13.795615,51.006379],[13.795909,51.006258],[13.796188,51.006127],[13.796411,51.006],[13.796494,51.005882],[13.796581,51.005796],[13.796714,51.005711],[13.796808,51.0056],[13.796833,51.005474],[13.796821,51.00534],[13.796799,51.005174],[13.796858,51.005015],[13.797015,51.004892],[13.797202,51.00478],[13.79741,51.004672],[13.797511,51.004623],[13.797633,51.004563],[13.797791,51.004486],[13.797923,51.004451],[13.797923,51.004452],[13.798081,51.004613],[13.798166,51.004694],[13.79832,51.004806],[13.798432,51.004895],[13.798522,51.004962],[13.798629,51.005032],[13.798724,51.005097],[13.798841,51.005182],[13.799054,51.005338],[13.799709,51.005815],[13.799733,51.005833],[13.800822,51.006631],[13.800831,51.006638],[13.800832,51.006639],[13.801225,51.006924],[13.802436,51.007809],[13.802461,51.007828],[13.802488,51.007847],[13.80261,51.007936],[13.80342,51.008522],[13.803579,51.008614],[13.8038,51.008609]]]}},{"type":"Feature","id":"dresden-12","properties":{"city":"Dresden","state":"Sachsen","code":"12","name":"Radeberger Vorstadt","name_atlas":"Radeberger Vorstadt","population_est":8986,"crime_total":{"cases":505,"rate":5620.0},"homicide":{"cases":0,"rate":0.0},"sexual":{"cases":9,"rate":100.2},"violence_proxy":{"cases":86,"rate":957.0},"property_total":{"cases":194,"rate":2158.9},"simple_theft":{"cases":63,"rate":701.1},"aggravated_theft":{"cases":131,"rate":1457.8},"fraud":{"cases":81,"rate":901.4},"other_stgb":{"cases":120,"rate":1335.4},"secondary_law":{"cases":15,"rate":166.9}},"geometry":{"type":"Polygon","coordinates":[[[13.778146,51.07028],[13.778276,51.070294],[13.778579,51.070397],[13.77877,51.070474],[13.779164,51.070589],[13.779478,51.070686],[13.779598,51.070721],[13.779746,51.070746],[13.780499,51.070769],[13.780544,51.070866],[13.780578,51.07094],[13.780649,51.07106],[13.780684,51.071139],[13.780749,51.071273],[13.78084,51.071463],[13.78095,51.071675],[13.78095,51.071676],[13.781091,51.071953],[13.78111,51.07199],[13.781183,51.072154],[13.781245,51.072276],[13.781295,51.072316],[13.781312,51.07233],[13.781379,51.072357],[13.781588,51.072442],[13.78186,51.072549],[13.782055,51.072643],[13.782105,51.07267],[13.782309,51.072784],[13.782527,51.072907],[13.782646,51.072977],[13.78279,51.073063],[13.783123,51.073242],[13.783374,51.07338],[13.783565,51.073487],[13.783731,51.073577],[13.783824,51.073617],[13.783892,51.073628],[13.783969,51.073637],[13.784079,51.073642],[13.784128,51.073643],[13.784194,51.073623],[13.784327,51.073508],[13.784498,51.073346],[13.784637,51.073209],[13.78478,51.073074],[13.78493,51.072927],[13.784951,51.072907],[13.784995,51.072931],[13.785495,51.073326],[13.785939,51.073727],[13.786421,51.074075],[13.786949,51.074406],[13.787291,51.074623],[13.787508,51.07476],[13.787716,51.074907],[13.788272,51.075367],[13.788733,51.075644],[13.789192,51.075919],[13.789568,51.076144],[13.789994,51.076399],[13.790089,51.076322],[13.790565,51.076018],[13.790782,51.075887],[13.790892,51.075823],[13.790905,51.075814],[13.790921,51.075804],[13.790992,51.07585],[13.791438,51.075526],[13.792049,51.075121],[13.792445,51.075247],[13.792846,51.075348],[13.79337,51.075337],[13.7938,51.075302],[13.793898,51.075294],[13.794141,51.075274],[13.79487,51.075193],[13.795661,51.07515],[13.795696,51.075148],[13.795768,51.075144],[13.796434,51.07509],[13.796578,51.075106],[13.796653,51.07506],[13.796545,51.075009],[13.797046,51.075011],[13.797189,51.075011],[13.798108,51.074974],[13.798153,51.074939],[13.798097,51.074902],[13.798078,51.074892],[13.79806,51.074882],[13.79805,51.074878],[13.79804,51.074874],[13.798031,51.07487],[13.798025,51.074868],[13.798009,51.074863],[13.797999,51.07486],[13.797995,51.074859],[13.797987,51.074857],[13.797979,51.074854],[13.79797,51.07485],[13.797962,51.074846],[13.797959,51.074843],[13.797955,51.074841],[13.797948,51.074836],[13.797942,51.07483],[13.797939,51.074828],[13.797937,51.074825],[13.797934,51.074822],[13.797929,51.074817],[13.797924,51.074813],[13.797922,51.074811],[13.797914,51.074805],[13.797909,51.074803],[13.797905,51.0748],[13.797899,51.074797],[13.797896,51.074795],[13.797888,51.074792],[13.797881,51.074788],[13.797877,51.074785],[13.797875,51.074784],[13.797869,51.074779],[13.797864,51.074774],[13.797863,51.074773],[13.797862,51.074772],[13.79786,51.074769],[13.797856,51.074764],[13.797855,51.074761],[13.797853,51.074758],[13.797852,51.074755],[13.797851,51.074753],[13.79785,51.07475],[13.797849,51.074747],[13.797846,51.074743],[13.797845,51.074741],[13.797844,51.074739],[13.797841,51.074735],[13.797838,51.074732],[13.797835,51.074728],[13.797828,51.074722],[13.79782,51.074716],[13.797813,51.074712],[13.797811,51.07471],[13.797803,51.074706],[13.797799,51.074703],[13.797795,51.074701],[13.797788,51.074697],[13.797787,51.074695],[13.797782,51.074691],[13.797776,51.074686],[13.797772,51.07468],[13.797768,51.074673],[13.797766,51.07467],[13.797765,51.074668],[13.797764,51.074666],[13.797763,51.074664],[13.797761,51.07466],[13.79776,51.074658],[13.797757,51.074653],[13.797754,51.074648],[13.797753,51.074646],[13.79775,51.074642],[13.797747,51.074639],[13.797741,51.074632],[13.797739,51.07463],[13.797737,51.074628],[13.797734,51.074626],[13.797732,51.074624],[13.79773,51.074622],[13.797726,51.07462],[13.797725,51.074619],[13.797719,51.074615],[13.797713,51.074611],[13.797712,51.07461],[13.797708,51.074606],[13.797704,51.074601],[13.797703,51.074598],[13.797701,51.074595],[13.797699,51.07459],[13.797698,51.074586],[13.797698,51.074584],[13.797698,51.07458],[13.797698,51.074572],[13.797697,51.074566],[13.797695,51.07456],[13.797694,51.074557],[13.797692,51.074554],[13.797691,51.074552],[13.797689,51.074548],[13.797684,51.074543],[13.797683,51.074542],[13.797682,51.074541],[13.797679,51.074538],[13.797678,51.074537],[13.797673,51.074533],[13.79767,51.074531],[13.797667,51.074529],[13.797663,51.074526],[13.79766,51.074524],[13.797657,51.074521],[13.797654,51.074518],[13.797653,51.074517],[13.797646,51.074511],[13.797642,51.074506],[13.79764,51.074504],[13.797638,51.074501],[13.797637,51.074499],[13.797633,51.074494],[13.79763,51.074489],[13.797627,51.074485],[13.797625,51.074481],[13.797623,51.074477],[13.797621,51.074473],[13.797619,51.074467],[13.797618,51.074464],[13.797617,51.074461],[13.797614,51.074452],[13.797614,51.07445],[13.797612,51.074444],[13.797611,51.07444],[13.797611,51.074439],[13.797611,51.074435],[13.797612,51.07443],[13.797614,51.074426],[13.797614,51.074425],[13.797616,51.074421],[13.797619,51.074417],[13.79762,51.074415],[13.797621,51.074413],[13.797624,51.074408],[13.797625,51.074406],[13.797626,51.074401],[13.797627,51.074399],[13.797628,51.074394],[13.797628,51.074388],[13.797629,51.074372],[13.79763,51.074363],[13.797631,51.074356],[13.797631,51.074355],[13.797633,51.074347],[13.797633,51.074345],[13.797633,51.074343],[13.797633,51.074341],[13.797633,51.074338],[13.797632,51.074337],[13.797631,51.074333],[13.797629,51.074328],[13.797628,51.074324],[13.797628,51.07432],[13.797628,51.074315],[13.79763,51.074311],[13.797632,51.074306],[13.797638,51.074291],[13.79764,51.074283],[13.797642,51.074275],[13.797642,51.074266],[13.797642,51.074245],[13.797641,51.07422],[13.797639,51.074211],[13.797639,51.074206],[13.797643,51.074187],[13.797644,51.074168],[13.797643,51.07416],[13.797642,51.074153],[13.797633,51.074145],[13.797616,51.074127],[13.797593,51.074113],[13.797573,51.074096],[13.797556,51.074084],[13.797508,51.074063],[13.797464,51.074043],[13.797398,51.074014],[13.797367,51.073994],[13.797311,51.073949],[13.797272,51.073915],[13.797256,51.073896],[13.797238,51.073875],[13.797233,51.073866],[13.79723,51.073862],[13.797228,51.073857],[13.797227,51.073854],[13.797227,51.073852],[13.797227,51.07385],[13.797227,51.073849],[13.797226,51.073847],[13.797224,51.073842],[13.797223,51.073839],[13.797222,51.073839],[13.797221,51.073836],[13.797218,51.073832],[13.797217,51.073831],[13.797216,51.073829],[13.797213,51.073825],[13.797211,51.073823],[13.797206,51.073818],[13.797202,51.073814],[13.7972,51.073813],[13.797199,51.073812],[13.797197,51.07381],[13.797194,51.073808],[13.797192,51.073806],[13.797191,51.073805],[13.797189,51.073804],[13.797184,51.0738],[13.797181,51.073799],[13.797179,51.073797],[13.797178,51.073796],[13.797174,51.073794],[13.797171,51.073791],[13.797169,51.073789],[13.797167,51.073788],[13.79716,51.073781],[13.797157,51.073779],[13.797156,51.073778],[13.797153,51.073775],[13.797147,51.073769],[13.797142,51.073763],[13.797136,51.073758],[13.797129,51.073753],[13.797125,51.073751],[13.797124,51.07375],[13.79712,51.073747],[13.797119,51.073745],[13.797116,51.073743],[13.797114,51.07374],[13.797113,51.073738],[13.797113,51.073737],[13.797111,51.073734],[13.797111,51.073733],[13.797109,51.073731],[13.797108,51.073729],[13.797106,51.073727],[13.797103,51.073724],[13.797102,51.073723],[13.797099,51.073721],[13.797094,51.073718],[13.797093,51.073717],[13.797086,51.073714],[13.797079,51.073711],[13.797075,51.07371],[13.797071,51.073708],[13.79706,51.073705],[13.797056,51.073704],[13.797055,51.073703],[13.797041,51.073698],[13.797033,51.073695],[13.797027,51.073693],[13.797024,51.073692],[13.797019,51.073689],[13.797013,51.073686],[13.797011,51.073686],[13.797,51.07368],[13.796994,51.073676],[13.796987,51.073673],[13.796974,51.073665],[13.796953,51.073651],[13.796934,51.073638],[13.796928,51.073634],[13.796919,51.073628],[13.796914,51.073625],[13.796908,51.07362],[13.796895,51.073611],[13.796888,51.073606],[13.79688,51.073602],[13.796873,51.073599],[13.796865,51.073597],[13.796855,51.073594],[13.796847,51.073592],[13.796839,51.073591],[13.796827,51.07359],[13.796816,51.073591],[13.796801,51.073592],[13.796787,51.073592],[13.796774,51.073591],[13.79676,51.073588],[13.796721,51.073583],[13.796708,51.073583],[13.796685,51.073583],[13.796648,51.073585],[13.796634,51.073586],[13.796606,51.073585],[13.796585,51.073583],[13.79656,51.073579],[13.796542,51.073575],[13.796501,51.073566],[13.796468,51.073556],[13.796434,51.073549],[13.796409,51.073544],[13.796379,51.07354],[13.796364,51.073536],[13.796347,51.073532],[13.796327,51.073528],[13.796296,51.073523],[13.796287,51.073521],[13.796273,51.073516],[13.796259,51.07351],[13.796238,51.073501],[13.79622,51.073496],[13.79619,51.073487],[13.796165,51.073481],[13.796108,51.07347],[13.796078,51.073463],[13.79606,51.073458],[13.796044,51.073453],[13.796031,51.073451],[13.796026,51.07345],[13.796019,51.073448],[13.796003,51.073445],[13.79599,51.073444],[13.795986,51.073443],[13.795972,51.073441],[13.795965,51.073442],[13.795959,51.073442],[13.795953,51.073441],[13.795948,51.073439],[13.795925,51.073432],[13.795884,51.073414],[13.795836,51.073394],[13.79582,51.073385],[13.795807,51.073379],[13.795804,51.073378],[13.795801,51.073376],[13.795799,51.073374],[13.795798,51.073373],[13.795798,51.07337],[13.795798,51.073368],[13.795797,51.073365],[13.795795,51.073362],[13.795792,51.07336],[13.795787,51.073358],[13.795783,51.073357],[13.795778,51.073356],[13.795772,51.073356],[13.795762,51.073358],[13.79575,51.073359],[13.795743,51.073359],[13.79574,51.073359],[13.795729,51.073359],[13.795726,51.073359],[13.795717,51.073358],[13.795707,51.073356],[13.795696,51.073354],[13.795688,51.073351],[13.795683,51.073347],[13.795678,51.073343],[13.795673,51.073338],[13.79567,51.073333],[13.795665,51.073319],[13.795658,51.073309],[13.795645,51.073297],[13.795617,51.073276],[13.7956,51.073262],[13.795584,51.073244],[13.795571,51.073222],[13.795561,51.073199],[13.795557,51.07319],[13.79554,51.073178],[13.795529,51.073173],[13.79552,51.073166],[13.795512,51.073156],[13.795508,51.073146],[13.795507,51.073137],[13.795506,51.073119],[13.795504,51.073105],[13.795501,51.073093],[13.795499,51.073087],[13.795496,51.073076],[13.795492,51.073067],[13.795485,51.073051],[13.795473,51.073027],[13.795471,51.073023],[13.795462,51.073003],[13.795454,51.072987],[13.795451,51.07298],[13.795448,51.072974],[13.795446,51.072967],[13.795444,51.072957],[13.795444,51.072949],[13.795444,51.072941],[13.795445,51.072932],[13.795442,51.072925],[13.795437,51.072908],[13.795435,51.0729],[13.795433,51.072893],[13.79543,51.072884],[13.795427,51.072877],[13.795422,51.072869],[13.795417,51.072858],[13.795415,51.072853],[13.795414,51.072843],[13.795412,51.072828],[13.795408,51.072818],[13.795405,51.072811],[13.795402,51.072806],[13.795397,51.072801],[13.795388,51.072793],[13.795377,51.072786],[13.795365,51.072778],[13.795354,51.072771],[13.795346,51.072765],[13.795342,51.07276],[13.795339,51.072754],[13.795336,51.072749],[13.795335,51.072743],[13.795334,51.072726],[13.795334,51.072717],[13.795333,51.07271],[13.795331,51.072703],[13.795328,51.072695],[13.795324,51.07269],[13.795322,51.072686],[13.795315,51.072674],[13.795311,51.072666],[13.795307,51.072655],[13.795304,51.072644],[13.795302,51.07263],[13.7953,51.072617],[13.795296,51.072599],[13.795292,51.072582],[13.795288,51.072569],[13.795284,51.072557],[13.795279,51.072547],[13.795271,51.072535],[13.795265,51.072527],[13.795257,51.072516],[13.795249,51.072508],[13.795239,51.072498],[13.795204,51.072466],[13.795186,51.07245],[13.795178,51.072444],[13.795157,51.072429],[13.795138,51.072415],[13.795118,51.072402],[13.795108,51.072393],[13.795099,51.072386],[13.79509,51.072376],[13.795083,51.072367],[13.795073,51.072353],[13.795066,51.072344],[13.795061,51.072337],[13.795055,51.07233],[13.79505,51.072325],[13.795048,51.072322],[13.795046,51.07232],[13.795046,51.072317],[13.795041,51.072309],[13.795038,51.072301],[13.795034,51.072293],[13.795029,51.072287],[13.795007,51.072264],[13.795,51.072255],[13.794995,51.072246],[13.79499,51.07224],[13.794985,51.072235],[13.794978,51.07223],[13.794968,51.072225],[13.794959,51.072219],[13.794954,51.072215],[13.794951,51.07221],[13.79495,51.072204],[13.794949,51.072197],[13.794947,51.072191],[13.794944,51.072184],[13.794942,51.072178],[13.79494,51.072171],[13.794939,51.072165],[13.794936,51.07216],[13.794932,51.072154],[13.794926,51.072147],[13.794922,51.07214],[13.794919,51.072135],[13.794917,51.072129],[13.794916,51.072125],[13.794915,51.072122],[13.794915,51.072121],[13.794914,51.072118],[13.794913,51.072114],[13.794912,51.072111],[13.794911,51.072108],[13.79491,51.072105],[13.794908,51.072101],[13.794907,51.0721],[13.794904,51.072096],[13.794902,51.072093],[13.7949,51.07209],[13.794899,51.072089],[13.794896,51.072086],[13.794894,51.072084],[13.794891,51.072081],[13.794889,51.072079],[13.794887,51.072077],[13.794883,51.072072],[13.794881,51.072069],[13.794879,51.072066],[13.794877,51.07206],[13.794875,51.072055],[13.794873,51.072048],[13.794873,51.072046],[13.794872,51.072045],[13.794872,51.072043],[13.79487,51.072039],[13.794866,51.072033],[13.794865,51.072031],[13.794862,51.072027],[13.794861,51.072025],[13.794858,51.072021],[13.794857,51.072019],[13.794855,51.072015],[13.794853,51.072011],[13.794852,51.072009],[13.794851,51.072003],[13.794851,51.072002],[13.79485,51.071997],[13.794848,51.071993],[13.794848,51.071992],[13.794845,51.071989],[13.794842,51.071986],[13.794837,51.071982],[13.794834,51.071979],[13.794827,51.071968],[13.794815,51.07195],[13.794807,51.071936],[13.794802,51.071927],[13.794798,51.071919],[13.79479,51.071909],[13.794786,51.071896],[13.794783,51.071886],[13.794782,51.071877],[13.794783,51.07187],[13.794787,51.071866],[13.794791,51.071858],[13.794794,51.071849],[13.794792,51.071842],[13.79479,51.071834],[13.794786,51.071827],[13.794783,51.071822],[13.794779,51.071818],[13.794776,51.071813],[13.794774,51.071809],[13.794773,51.071805],[13.794772,51.071799],[13.794773,51.071793],[13.794774,51.071787],[13.794777,51.071782],[13.79478,51.071778],[13.794785,51.071774],[13.794788,51.07177],[13.794791,51.071763],[13.794794,51.071758],[13.794795,51.071753],[13.794795,51.071743],[13.794794,51.07173],[13.794794,51.071724],[13.794792,51.071716],[13.794791,51.07171],[13.794789,51.071702],[13.794787,51.071695],[13.794784,51.071688],[13.79478,51.071678],[13.794774,51.071666],[13.794767,51.071654],[13.794762,51.071643],[13.794751,51.071625],[13.794744,51.071615],[13.794733,51.071601],[13.794726,51.071591],[13.794721,51.071584],[13.794717,51.07158],[13.794713,51.071576],[13.794707,51.071569],[13.7947,51.071563],[13.794695,51.071558],[13.794691,51.071554],[13.79469,51.071552],[13.794687,51.071548],[13.794686,51.071546],[13.794684,51.071542],[13.794684,51.071541],[13.794683,51.071537],[13.794679,51.071531],[13.794676,51.071527],[13.794674,51.071525],[13.79467,51.07152],[13.794667,51.071518],[13.794663,51.071514],[13.794657,51.071509],[13.794655,51.071507],[13.794652,51.071504],[13.79465,51.071502],[13.794647,51.071498],[13.794646,51.071496],[13.794643,51.071492],[13.79464,51.071486],[13.794635,51.071477],[13.794632,51.071468],[13.794632,51.071465],[13.794629,51.071458],[13.794626,51.071452],[13.794619,51.07144],[13.794614,51.071435],[13.79461,51.071428],[13.794608,51.071425],[13.794604,51.071413],[13.794602,51.071407],[13.794598,51.0714],[13.794596,51.071397],[13.794592,51.071393],[13.794587,51.071389],[13.794583,51.071386],[13.794581,51.071385],[13.794577,51.071383],[13.794573,51.071381],[13.794569,51.071378],[13.794566,51.071376],[13.794564,51.071371],[13.794564,51.071368],[13.794565,51.071365],[13.794567,51.071359],[13.794567,51.071355],[13.794567,51.071347],[13.794565,51.071339],[13.794563,51.07133],[13.794562,51.071326],[13.794561,51.071324],[13.794558,51.071319],[13.794556,51.071316],[13.794553,51.071312],[13.794553,51.071309],[13.794554,51.071306],[13.794556,51.071303],[13.794559,51.071301],[13.794562,51.071297],[13.794564,51.071294],[13.794565,51.071291],[13.794559,51.071281],[13.794554,51.071273],[13.794551,51.07127],[13.794549,51.071269],[13.794545,51.071267],[13.794536,51.071266],[13.794532,51.071264],[13.794528,51.071263],[13.794524,51.071261],[13.794519,51.071257],[13.794518,51.071254],[13.794515,51.071251],[13.794513,51.071247],[13.794512,51.071243],[13.794511,51.071238],[13.794508,51.071233],[13.794505,51.071228],[13.794502,51.071224],[13.794497,51.071219],[13.79447,51.071204],[13.794458,51.071195],[13.794447,51.071186],[13.794434,51.071178],[13.794428,51.071169],[13.794422,51.071162],[13.794421,51.07116],[13.794419,51.071158],[13.794415,51.071156],[13.794413,51.071154],[13.79441,51.071153],[13.794407,51.071151],[13.794406,51.071151],[13.794405,51.07115],[13.794403,51.071149],[13.794402,51.071149],[13.7944,51.071148],[13.794358,51.07113],[13.794353,51.071128],[13.794347,51.071124],[13.794343,51.07112],[13.794339,51.071115],[13.794337,51.07111],[13.794335,51.071105],[13.794329,51.07109],[13.794321,51.071072],[13.794315,51.071058],[13.794305,51.07104],[13.794296,51.071028],[13.794285,51.071015],[13.794269,51.071],[13.794264,51.070995],[13.794259,51.070988],[13.794255,51.070981],[13.794251,51.070969],[13.794244,51.070952],[13.794235,51.070936],[13.794229,51.070928],[13.79421,51.070904],[13.794194,51.070883],[13.794192,51.07088],[13.794191,51.070879],[13.794187,51.07087],[13.794171,51.070845],[13.794157,51.070824],[13.794147,51.070816],[13.794133,51.070798],[13.794129,51.070786],[13.794125,51.070766],[13.794126,51.07075],[13.794131,51.070735],[13.794137,51.070712],[13.794139,51.070702],[13.794141,51.070693],[13.794143,51.070683],[13.794147,51.070671],[13.794151,51.070661],[13.794158,51.070647],[13.794163,51.070637],[13.794171,51.070624],[13.794181,51.070611],[13.794192,51.070597],[13.794207,51.070578],[13.794226,51.070553],[13.794261,51.070504],[13.794271,51.07049],[13.794275,51.070481],[13.794284,51.070457],[13.79429,51.070436],[13.794292,51.070428],[13.7943,51.070381],[13.794306,51.070368],[13.794309,51.070362],[13.794313,51.070355],[13.794315,51.070347],[13.794315,51.070335],[13.794312,51.070324],[13.794311,51.070314],[13.794312,51.070301],[13.794315,51.070285],[13.79432,51.070271],[13.794322,51.070244],[13.794322,51.070219],[13.79432,51.070188],[13.794321,51.070173],[13.794326,51.070162],[13.794329,51.070142],[13.794332,51.070121],[13.794338,51.070077],[13.794337,51.070055],[13.794327,51.070025],[13.79433,51.069998],[13.79433,51.06999],[13.794333,51.069973],[13.794338,51.069957],[13.794342,51.069947],[13.794344,51.069945],[13.794347,51.069942],[13.794349,51.06994],[13.794353,51.069938],[13.794354,51.069937],[13.794356,51.069934],[13.79436,51.069927],[13.794363,51.069918],[13.794364,51.069909],[13.794366,51.069903],[13.794364,51.069887],[13.794364,51.069881],[13.794366,51.069874],[13.794377,51.069846],[13.794382,51.069831],[13.79439,51.069812],[13.794396,51.069795],[13.794396,51.069785],[13.794391,51.069771],[13.794389,51.069757],[13.794389,51.069746],[13.794395,51.069732],[13.794402,51.06972],[13.794414,51.069708],[13.794431,51.069694],[13.794454,51.069678],[13.794472,51.069667],[13.794494,51.069657],[13.794524,51.069642],[13.794559,51.069622],[13.794589,51.069605],[13.794599,51.069595],[13.794608,51.069583],[13.794619,51.069565],[13.794622,51.069559],[13.794627,51.069545],[13.794632,51.069535],[13.794637,51.069526],[13.794646,51.069514],[13.794659,51.069497],[13.794672,51.069481],[13.79468,51.069468],[13.794683,51.06946],[13.794686,51.069451],[13.794687,51.069443],[13.794684,51.069435],[13.79468,51.069428],[13.794677,51.069425],[13.794675,51.069422],[13.794672,51.06942],[13.794667,51.069417],[13.794663,51.069414],[13.794659,51.069411],[13.794657,51.069408],[13.794655,51.069404],[13.794654,51.069401],[13.794654,51.069385],[13.794654,51.069379],[13.794651,51.069373],[13.794649,51.069368],[13.794645,51.069362],[13.794642,51.069358],[13.794635,51.06935],[13.794628,51.069343],[13.794615,51.06933],[13.7946,51.069315],[13.794597,51.069311],[13.794594,51.069306],[13.794592,51.069301],[13.794591,51.069296],[13.794591,51.069292],[13.794591,51.06929],[13.794592,51.069287],[13.794591,51.069284],[13.79459,51.06928],[13.794587,51.069277],[13.794584,51.069274],[13.79458,51.069272],[13.794575,51.069268],[13.794569,51.069264],[13.794565,51.06926],[13.794561,51.069255],[13.794559,51.06925],[13.794557,51.069247],[13.794556,51.069243],[13.794556,51.06924],[13.794557,51.069237],[13.794558,51.069234],[13.79456,51.069231],[13.79456,51.069229],[13.794559,51.069226],[13.794557,51.069224],[13.794544,51.069222],[13.794539,51.069218],[13.794533,51.069211],[13.794451,51.069146],[13.794447,51.069145],[13.794443,51.069145],[13.794439,51.069144],[13.794435,51.069145],[13.79443,51.069145],[13.794426,51.069144],[13.794422,51.069143],[13.794419,51.069141],[13.794416,51.069139],[13.794408,51.069131],[13.7944,51.069123],[13.794394,51.069116],[13.79439,51.069111],[13.794381,51.069101],[13.794378,51.069099],[13.79437,51.069091],[13.794367,51.069089],[13.794356,51.06908],[13.794342,51.069069],[13.794328,51.069059],[13.79431,51.069049],[13.794293,51.069041],[13.794274,51.069032],[13.794256,51.069025],[13.79424,51.069018],[13.794212,51.069008],[13.794191,51.069002],[13.794138,51.068986],[13.794033,51.068951],[13.794006,51.068943],[13.793974,51.068935],[13.793953,51.068927],[13.793924,51.068916],[13.793906,51.06891],[13.793881,51.068903],[13.793862,51.068899],[13.79384,51.068895],[13.793821,51.068892],[13.793806,51.06889],[13.793784,51.068886],[13.793757,51.068879],[13.793741,51.068875],[13.793726,51.06887],[13.793706,51.068864],[13.793691,51.068861],[13.793681,51.068859],[13.793666,51.068856],[13.793651,51.068854],[13.793629,51.068852],[13.793605,51.068849],[13.793586,51.068845],[13.793573,51.068842],[13.793562,51.068839],[13.793548,51.068834],[13.793538,51.068829],[13.793531,51.068826],[13.793522,51.068821],[13.793506,51.068811],[13.793491,51.068804],[13.793484,51.068801],[13.79348,51.068799],[13.793473,51.068798],[13.793462,51.068797],[13.793452,51.068797],[13.793443,51.068798],[13.793433,51.068797],[13.793425,51.068795],[13.793417,51.068793],[13.793409,51.06879],[13.793403,51.068786],[13.793392,51.06878],[13.793377,51.068772],[13.793358,51.068764],[13.793327,51.068749],[13.793286,51.068727],[13.793253,51.068709],[13.793219,51.068689],[13.7932,51.068675],[13.793167,51.068646],[13.793141,51.068626],[13.793129,51.068615],[13.793123,51.06861],[13.793117,51.068603],[13.79311,51.068592],[13.793098,51.068572],[13.793081,51.068549],[13.793071,51.068537],[13.79306,51.068535],[13.793056,51.068534],[13.793051,51.068531],[13.793048,51.068526],[13.793049,51.068522],[13.793049,51.068518],[13.793047,51.068515],[13.793045,51.068513],[13.793042,51.068512],[13.793039,51.06851],[13.793034,51.068508],[13.793032,51.068506],[13.793029,51.068503],[13.793025,51.068495],[13.793021,51.068489],[13.793016,51.06848],[13.793011,51.068468],[13.793009,51.068463],[13.793006,51.068454],[13.793004,51.06845],[13.793001,51.068441],[13.792998,51.068428],[13.792996,51.068414],[13.792992,51.0684],[13.792989,51.068389],[13.792988,51.068386],[13.792983,51.068373],[13.792979,51.068362],[13.792979,51.068359],[13.792976,51.068348],[13.792975,51.068335],[13.792974,51.068323],[13.792974,51.068309],[13.792975,51.068292],[13.792975,51.06828],[13.792976,51.068263],[13.792977,51.068251],[13.792978,51.068233],[13.792978,51.068221],[13.792978,51.068212],[13.792977,51.068208],[13.792976,51.068194],[13.792974,51.068181],[13.79297,51.068168],[13.792967,51.068155],[13.792962,51.068143],[13.79296,51.068138],[13.792955,51.068127],[13.792946,51.068108],[13.792938,51.068093],[13.792919,51.068054],[13.792909,51.068034],[13.792904,51.068026],[13.792897,51.068018],[13.79289,51.068009],[13.792881,51.068001],[13.79287,51.067992],[13.792859,51.067984],[13.792856,51.067983],[13.792843,51.067975],[13.792829,51.067968],[13.792814,51.06796],[13.792801,51.067955],[13.792789,51.06795],[13.792785,51.067948],[13.792777,51.067945],[13.79277,51.067941],[13.792763,51.067937],[13.792756,51.067932],[13.792749,51.067927],[13.792738,51.06792],[13.79273,51.067915],[13.792723,51.067911],[13.79272,51.067909],[13.792712,51.067906],[13.792703,51.067902],[13.792693,51.067899],[13.792683,51.067897],[13.792675,51.067895],[13.792668,51.067894],[13.79266,51.067892],[13.792649,51.067888],[13.792637,51.067884],[13.792627,51.067879],[13.792616,51.067874],[13.792607,51.067868],[13.792597,51.067861],[13.792587,51.067853],[13.792581,51.067847],[13.792571,51.067839],[13.792563,51.067832],[13.792552,51.067823],[13.792543,51.067815],[13.792532,51.067806],[13.792519,51.067794],[13.792511,51.067788],[13.792506,51.067785],[13.792499,51.06778],[13.792495,51.067777],[13.792486,51.067772],[13.792478,51.067767],[13.792473,51.067764],[13.792466,51.067757],[13.792461,51.067753],[13.792456,51.067751],[13.792452,51.067748],[13.792444,51.067744],[13.792437,51.067741],[13.792426,51.067737],[13.792417,51.067733],[13.792409,51.067728],[13.792396,51.067721],[13.792377,51.06771],[13.792368,51.067705],[13.792363,51.067701],[13.792357,51.067698],[13.792348,51.067694],[13.792343,51.067691],[13.792329,51.067685],[13.792322,51.067682],[13.792315,51.067679],[13.792302,51.067674],[13.792295,51.067671],[13.792287,51.067668],[13.792269,51.067662],[13.792262,51.067659],[13.792255,51.067656],[13.792249,51.067653],[13.792242,51.06765],[13.792234,51.067646],[13.792229,51.067644],[13.792221,51.06764],[13.792213,51.067636],[13.792209,51.067634],[13.792202,51.067631],[13.792194,51.067627],[13.792182,51.067623],[13.792178,51.067621],[13.792166,51.067617],[13.792158,51.067615],[13.79215,51.067613],[13.792142,51.067613],[13.79214,51.067613],[13.792128,51.067613],[13.792122,51.067612],[13.792116,51.067611],[13.79211,51.067609],[13.792105,51.067607],[13.792101,51.067604],[13.792097,51.067601],[13.792094,51.067597],[13.792092,51.067595],[13.792088,51.067593],[13.792084,51.067591],[13.79208,51.06759],[13.792075,51.06759],[13.79207,51.06759],[13.792066,51.067591],[13.792062,51.067592],[13.792058,51.067592],[13.792054,51.067592],[13.79205,51.067591],[13.792047,51.06759],[13.792041,51.067588],[13.792036,51.067586],[13.792031,51.067583],[13.792026,51.06758],[13.79202,51.067576],[13.792014,51.067571],[13.792007,51.067567],[13.792,51.067563],[13.791992,51.067558],[13.791987,51.067555],[13.791976,51.067551],[13.79197,51.067549],[13.791959,51.067545],[13.791934,51.067536],[13.791904,51.067527],[13.791883,51.067521],[13.791869,51.067518],[13.791856,51.067515],[13.791832,51.06751],[13.791819,51.067506],[13.791808,51.067502],[13.791789,51.067496],[13.791769,51.067492],[13.791761,51.06749],[13.791748,51.067487],[13.791728,51.067484],[13.791703,51.06748],[13.791682,51.067477],[13.791653,51.067473],[13.791631,51.06747],[13.791606,51.067466],[13.791593,51.067465],[13.791583,51.067464],[13.791576,51.067464],[13.791571,51.067464],[13.791548,51.067464],[13.791533,51.067463],[13.791516,51.067462],[13.791508,51.067462],[13.791499,51.067462],[13.791481,51.067462],[13.791473,51.067461],[13.791464,51.06746],[13.791443,51.067457],[13.791432,51.067456],[13.791421,51.067455],[13.791415,51.067453],[13.791409,51.067452],[13.791405,51.06745],[13.791403,51.067448],[13.7914,51.067446],[13.791397,51.067443],[13.791391,51.067439],[13.791385,51.067435],[13.791379,51.067433],[13.791372,51.06743],[13.791364,51.067428],[13.791355,51.067426],[13.791345,51.067425],[13.791334,51.067423],[13.791327,51.06742],[13.791319,51.067418],[13.791312,51.067414],[13.791308,51.067412],[13.791301,51.067408],[13.791295,51.067404],[13.79129,51.067401],[13.791286,51.067399],[13.791271,51.067393],[13.79126,51.067389],[13.791228,51.067377],[13.791161,51.067365],[13.791087,51.067351],[13.790993,51.067331],[13.790914,51.067315],[13.790855,51.067304],[13.790807,51.067295],[13.790783,51.067289],[13.790751,51.067282],[13.79072,51.067277],[13.790682,51.067267],[13.790653,51.067258],[13.790651,51.067258],[13.790599,51.067241],[13.790549,51.067223],[13.790538,51.067218],[13.790465,51.067153],[13.790395,51.06709],[13.790422,51.066892],[13.790496,51.066516],[13.790583,51.066133],[13.790613,51.066016],[13.790612,51.066016],[13.790684,51.065995],[13.790736,51.065658],[13.790745,51.065596],[13.790764,51.065464],[13.790773,51.065368],[13.790779,51.065254],[13.790781,51.065211],[13.790696,51.064876],[13.790661,51.064738],[13.790661,51.064737],[13.790644,51.064672],[13.790514,51.064354],[13.790491,51.064302],[13.79049,51.0643],[13.79048,51.064292],[13.790424,51.064258],[13.790422,51.064256],[13.790298,51.06408],[13.790256,51.063972],[13.790254,51.063967],[13.790079,51.063343],[13.789979,51.063357],[13.788985,51.06346],[13.787613,51.063616],[13.787272,51.063652],[13.786696,51.063717],[13.786653,51.063723],[13.78661,51.063728],[13.786567,51.063734],[13.786525,51.06374],[13.786482,51.063746],[13.786439,51.063751],[13.786396,51.063757],[13.786353,51.063762],[13.78631,51.063768],[13.786267,51.063773],[13.786224,51.063779],[13.786181,51.063784],[13.786138,51.063789],[13.786095,51.063795],[13.786052,51.0638],[13.786009,51.063805],[13.785966,51.06381],[13.785923,51.063815],[13.785879,51.06382],[13.785836,51.063825],[13.785793,51.06383],[13.78575,51.063835],[13.785707,51.06384],[13.785664,51.063845],[13.78562,51.063849],[13.785577,51.063854],[13.785534,51.063858],[13.785491,51.063863],[13.785447,51.063868],[13.785404,51.063872],[13.785361,51.063876],[13.785318,51.063881],[13.785274,51.063885],[13.785231,51.063889],[13.785188,51.063893],[13.785144,51.063898],[13.785101,51.063902],[13.785058,51.063906],[13.785014,51.06391],[13.784971,51.063914],[13.784927,51.063918],[13.784884,51.063921],[13.784841,51.063925],[13.784797,51.063929],[13.784754,51.063933],[13.78471,51.063936],[13.784667,51.06394],[13.784623,51.063943],[13.78458,51.063947],[13.784536,51.06395],[13.784493,51.063954],[13.784449,51.063957],[13.784406,51.06396],[13.784362,51.063964],[13.784319,51.063967],[13.784275,51.06397],[13.784232,51.063973],[13.784188,51.063976],[13.784144,51.063979],[13.784101,51.063982],[13.784057,51.063985],[13.784014,51.063988],[13.78397,51.06399],[13.783926,51.063993],[13.783648,51.064012],[13.782691,51.064064],[13.782403,51.064075],[13.781812,51.064094],[13.780677,51.064062],[13.77908,51.063997],[13.778258,51.063956],[13.777768,51.063931],[13.777169,51.063898],[13.776987,51.063887],[13.776844,51.063882],[13.776845,51.063877],[13.776702,51.063871],[13.776521,51.063859],[13.775609,51.063802],[13.775338,51.063781],[13.773656,51.06362],[13.772991,51.063557],[13.771862,51.063419],[13.770652,51.063244],[13.769541,51.06307],[13.768358,51.06285],[13.768329,51.062844],[13.768301,51.062838],[13.768272,51.062831],[13.768243,51.062825],[13.768214,51.062819],[13.768186,51.062813],[13.768157,51.062807],[13.768128,51.062801],[13.7681,51.062794],[13.768071,51.062788],[13.768042,51.062782],[13.768014,51.062776],[13.767985,51.062769],[13.767956,51.062763],[13.767928,51.062757],[13.767899,51.06275],[13.76787,51.062744],[13.767842,51.062738],[13.767813,51.062731],[13.767785,51.062725],[13.767756,51.062718],[13.767728,51.062712],[13.767699,51.062705],[13.767671,51.062699],[13.767642,51.062692],[13.767613,51.062686],[13.767585,51.062679],[13.767556,51.062673],[13.767528,51.062666],[13.767499,51.062659],[13.767471,51.062653],[13.767443,51.062646],[13.767414,51.06264],[13.767386,51.062633],[13.767357,51.062626],[13.767329,51.062619],[13.7673,51.062613],[13.767272,51.062606],[13.767244,51.062599],[13.767215,51.062592],[13.767187,51.062586],[13.767159,51.062579],[13.76713,51.062572],[13.767102,51.062565],[13.767074,51.062558],[13.767045,51.062551],[13.767017,51.062544],[13.766989,51.062538],[13.766961,51.062531],[13.766932,51.062524],[13.766904,51.062517],[13.766876,51.06251],[13.766848,51.062503],[13.766819,51.062496],[13.766791,51.062489],[13.766763,51.062481],[13.766735,51.062474],[13.766707,51.062467],[13.766678,51.06246],[13.76665,51.062453],[13.766622,51.062446],[13.766594,51.062439],[13.766566,51.062432],[13.766538,51.062424],[13.7665,51.062413],[13.766462,51.062402],[13.766424,51.062391],[13.766386,51.06238],[13.766348,51.062368],[13.76631,51.062357],[13.766272,51.062346],[13.766234,51.062334],[13.766197,51.062323],[13.766159,51.062311],[13.766121,51.0623],[13.766084,51.062288],[13.766046,51.062276],[13.766009,51.062264],[13.765971,51.062252],[13.765934,51.062241],[13.765897,51.062229],[13.765859,51.062217],[13.765822,51.062204],[13.765785,51.062192],[13.765748,51.06218],[13.76571,51.062168],[13.765673,51.062155],[13.765636,51.062143],[13.765599,51.062131],[13.765562,51.062118],[13.765525,51.062106],[13.765489,51.062093],[13.765452,51.06208],[13.765415,51.062068],[13.765378,51.062055],[13.765342,51.062042],[13.765306,51.06203],[13.76527,51.062018],[13.765234,51.062006],[13.765198,51.061994],[13.765162,51.061982],[13.765127,51.06197],[13.765091,51.061958],[13.765055,51.061946],[13.76502,51.061934],[13.764984,51.061922],[13.764948,51.061909],[13.764913,51.061897],[13.764877,51.061885],[13.764842,51.061872],[13.764806,51.06186],[13.764771,51.061847],[13.764735,51.061835],[13.7647,51.061822],[13.764665,51.06181],[13.764629,51.061797],[13.764594,51.061785],[13.764559,51.061772],[13.764523,51.061759],[13.764488,51.061747],[13.764453,51.061734],[13.764418,51.061721],[13.764383,51.061708],[13.764348,51.061695],[13.764313,51.061682],[13.764278,51.061669],[13.764243,51.061656],[13.764208,51.061643],[13.764173,51.06163],[13.764138,51.061617],[13.764103,51.061604],[13.764068,51.061591],[13.764034,51.061578],[13.763999,51.061565],[13.763964,51.061551],[13.76393,51.061538],[13.763895,51.061525],[13.76386,51.061511],[13.763826,51.061498],[13.763791,51.061484],[13.763757,51.061471],[13.763722,51.061457],[13.763688,51.061444],[13.763654,51.06143],[13.763619,51.061417],[13.763585,51.061403],[13.763551,51.061389],[13.763516,51.061376],[13.763482,51.061362],[13.763448,51.061348],[13.763414,51.061334],[13.76338,51.06132],[13.763346,51.061307],[13.763312,51.061293],[13.763278,51.061279],[13.763244,51.061265],[13.76321,51.061251],[13.763176,51.061237],[13.763142,51.061222],[13.763108,51.061208],[13.763074,51.061194],[13.763041,51.06118],[13.763007,51.061166],[13.762973,51.061151],[13.76294,51.061137],[13.762906,51.061123],[13.762873,51.061108],[13.762839,51.061094],[13.762806,51.061079],[13.762772,51.061065],[13.762739,51.06105],[13.762705,51.061036],[13.762672,51.061021],[13.762639,51.061007],[13.762605,51.060992],[13.7626,51.060989],[13.762231,51.061537],[13.76221,51.061569],[13.762199,51.061605],[13.762205,51.061651],[13.762222,51.061778],[13.76239,51.062206],[13.762467,51.062242],[13.762622,51.062321],[13.76298,51.06253],[13.76311,51.06261],[13.763252,51.06267],[13.763364,51.062722],[13.763378,51.062755],[13.763376,51.06279],[13.763318,51.062894],[13.763335,51.062948],[13.76333,51.063026],[13.763205,51.063225],[13.762954,51.063608],[13.762586,51.06415],[13.762554,51.064216],[13.762455,51.064191],[13.762093,51.0641],[13.761931,51.064065],[13.761858,51.064156],[13.761829,51.064198],[13.761796,51.064239],[13.761757,51.064271],[13.761712,51.064308],[13.761616,51.064374],[13.761516,51.064438],[13.761409,51.064497],[13.761354,51.06453],[13.761015,51.064624],[13.760685,51.064717],[13.760672,51.064721],[13.760356,51.064807],[13.760014,51.064901],[13.759969,51.064915],[13.759923,51.064936],[13.759874,51.064966],[13.759856,51.064981],[13.759846,51.064989],[13.759821,51.065008],[13.759758,51.065076],[13.759738,51.065098],[13.759733,51.065166],[13.759719,51.065306],[13.75972,51.065314],[13.75974,51.065372],[13.759799,51.065461],[13.759906,51.065543],[13.759999,51.065599],[13.76007,51.065633],[13.76017,51.065676],[13.760283,51.065717],[13.760548,51.06579],[13.760791,51.065863],[13.761044,51.065942],[13.7611,51.065966],[13.761112,51.065971],[13.761189,51.065984],[13.761259,51.066029],[13.761419,51.066125],[13.761589,51.06622],[13.761644,51.066252],[13.761741,51.066309],[13.761787,51.066337],[13.761816,51.066379],[13.761844,51.066417],[13.761864,51.066497],[13.761882,51.066563],[13.761879,51.066605],[13.761866,51.066657],[13.761794,51.066884],[13.76176,51.066994],[13.761722,51.06707],[13.761693,51.067128],[13.761426,51.067531],[13.761392,51.067587],[13.761341,51.06769],[13.761281,51.067828],[13.761259,51.067888],[13.761248,51.068016],[13.76124,51.068112],[13.761265,51.068177],[13.761114,51.06822],[13.761979,51.069603],[13.762262,51.070064],[13.761742,51.07011],[13.761666,51.070117],[13.761221,51.070157],[13.761026,51.070198],[13.760067,51.070277],[13.759847,51.070479],[13.759527,51.071007],[13.759441,51.071055],[13.759434,51.071057],[13.759467,51.071105],[13.759475,51.071115],[13.759709,51.071469],[13.759742,51.071536],[13.759856,51.071774],[13.759939,51.071944],[13.760029,51.072131],[13.760121,51.072203],[13.760121,51.072203],[13.760422,51.072453],[13.760545,51.072553],[13.76077,51.072743],[13.760807,51.072774],[13.760848,51.072719],[13.760983,51.072539],[13.761011,51.072493],[13.761056,51.07242],[13.761147,51.072283],[13.761217,51.072182],[13.761255,51.072126],[13.761288,51.072157],[13.761409,51.072271],[13.761619,51.072489],[13.761813,51.072706],[13.761922,51.072847],[13.761937,51.072877],[13.761965,51.072935],[13.762093,51.073389],[13.762106,51.073436],[13.762157,51.073576],[13.762279,51.073846],[13.76234,51.073956],[13.76233,51.07397],[13.762378,51.074058],[13.762461,51.074278],[13.7625,51.074264],[13.762525,51.074255],[13.762694,51.074196],[13.762953,51.074106],[13.763343,51.073978],[13.763481,51.073934],[13.764336,51.073655],[13.765551,51.073259],[13.765297,51.072961],[13.765226,51.072814],[13.765276,51.072491],[13.765349,51.072298],[13.765534,51.071811],[13.765441,51.071782],[13.765235,51.071697],[13.765159,51.071666],[13.764543,51.071411],[13.764572,51.07138],[13.764881,51.071044],[13.764923,51.070998],[13.765001,51.070913],[13.765262,51.070883],[13.765737,51.070827],[13.76584,51.070819],[13.76593,51.070811],[13.765938,51.070811],[13.766251,51.070778],[13.766852,51.070715],[13.766996,51.0707],[13.767223,51.070677],[13.767611,51.070639],[13.76798,51.070605],[13.768348,51.070571],[13.768358,51.070569],[13.768411,51.070563],[13.768661,51.070539],[13.768741,51.070532],[13.769144,51.070493],[13.769529,51.070453],[13.770091,51.070492],[13.770583,51.070525],[13.770915,51.070465],[13.77123,51.070408],[13.771622,51.070337],[13.77163,51.070336],[13.771659,51.070331],[13.771719,51.07032],[13.771959,51.070277],[13.772186,51.070236],[13.772182,51.070224],[13.772177,51.070214],[13.77216,51.070172],[13.772109,51.070048],[13.772286,51.070019],[13.772829,51.069933],[13.772847,51.06993],[13.773168,51.069879],[13.774757,51.069627],[13.774946,51.069662],[13.775315,51.069718],[13.775603,51.069751],[13.775612,51.069752],[13.775626,51.069754],[13.775787,51.069771],[13.776396,51.069897],[13.776416,51.069901],[13.776614,51.069939],[13.777274,51.070079],[13.777796,51.070203],[13.778027,51.070257],[13.778146,51.07028]]]}},{"type":"Feature","id":"dresden-77","properties":{"city":"Dresden","state":"Sachsen","code":"77","name":"Reick","name_atlas":"Reick","population_est":5687,"crime_total":{"cases":404,"rate":7104.0},"homicide":{"cases":0,"rate":0.0},"sexual":{"cases":14,"rate":246.2},"violence_proxy":{"cases":81,"rate":1424.3},"property_total":{"cases":114,"rate":2004.6},"simple_theft":{"cases":60,"rate":1055.0},"aggravated_theft":{"cases":54,"rate":949.5},"fraud":{"cases":75,"rate":1318.8},"other_stgb":{"cases":94,"rate":1652.9},"secondary_law":{"cases":26,"rate":457.2}},"geometry":{"type":"Polygon","coordinates":[[[13.793952,51.01141],[13.793602,51.011559],[13.793228,51.011748],[13.792765,51.01199],[13.792725,51.012009],[13.792342,51.012198],[13.791838,51.012464],[13.791778,51.012496],[13.791461,51.012652],[13.79114,51.01281],[13.791069,51.012845],[13.790677,51.01306],[13.790033,51.012742],[13.789961,51.012704],[13.789299,51.012356],[13.789127,51.012268],[13.788931,51.012169],[13.788476,51.01194],[13.788013,51.011711],[13.787662,51.011533],[13.787329,51.011356],[13.787235,51.01131],[13.787121,51.011256],[13.786892,51.011137],[13.786637,51.011005],[13.786291,51.01083],[13.786091,51.010729],[13.785945,51.010655],[13.785151,51.010255],[13.784944,51.01015],[13.784471,51.00991],[13.7839,51.009626],[13.783395,51.009993],[13.783192,51.010142],[13.782951,51.010322],[13.782623,51.010558],[13.782559,51.010601],[13.782466,51.010664],[13.782349,51.010743],[13.782192,51.01084],[13.781994,51.010962],[13.781603,51.011189],[13.781383,51.01132],[13.781069,51.011504],[13.780796,51.011671],[13.780627,51.01176],[13.780354,51.011905],[13.780761,51.012361],[13.780411,51.012486],[13.780078,51.012604],[13.780071,51.012606],[13.780074,51.012611],[13.780084,51.012621],[13.780092,51.012631],[13.780105,51.012646],[13.780118,51.01266],[13.780204,51.012757],[13.78028,51.012844],[13.780357,51.012931],[13.780433,51.013018],[13.7805,51.013094],[13.780509,51.013105],[13.780585,51.013192],[13.780588,51.013195],[13.780661,51.013279],[13.780736,51.013366],[13.780812,51.013453],[13.780888,51.01354],[13.780964,51.013627],[13.781039,51.013714],[13.781115,51.013802],[13.781119,51.013807],[13.78119,51.013889],[13.781264,51.013977],[13.781354,51.014084],[13.781436,51.01418],[13.781523,51.014282],[13.781617,51.014393],[13.781663,51.014448],[13.781697,51.014487],[13.781777,51.014582],[13.781857,51.014676],[13.781905,51.014732],[13.781938,51.014771],[13.782018,51.014865],[13.782073,51.014929],[13.782099,51.014959],[13.782179,51.015053],[13.782259,51.015148],[13.782294,51.015188],[13.78234,51.015242],[13.78242,51.015336],[13.782501,51.015431],[13.782595,51.015541],[13.782393,51.015611],[13.782474,51.015685],[13.782515,51.015724],[13.782607,51.015808],[13.782667,51.015863],[13.782762,51.015952],[13.782811,51.015997],[13.783176,51.015836],[13.783597,51.016135],[13.78369,51.016203],[13.783674,51.016212],[13.783263,51.016431],[13.782976,51.016574],[13.78269,51.016675],[13.78222,51.016822],[13.781952,51.016887],[13.781708,51.016937],[13.781231,51.017024],[13.781152,51.017054],[13.781179,51.017078],[13.781206,51.017097],[13.781243,51.017124],[13.781482,51.017299],[13.782181,51.017808],[13.782391,51.017969],[13.782631,51.018152],[13.782619,51.018215],[13.782619,51.018215],[13.782715,51.018282],[13.782721,51.018278],[13.782756,51.018258],[13.783922,51.017604],[13.784046,51.017534],[13.784143,51.01748],[13.784357,51.017359],[13.784534,51.01749],[13.78471,51.017621],[13.784962,51.017822],[13.785237,51.018041],[13.785297,51.018086],[13.785406,51.018028],[13.785497,51.017988],[13.785613,51.01804],[13.785657,51.017999],[13.78575,51.0179],[13.785874,51.017944],[13.786149,51.018185],[13.786158,51.018192],[13.786173,51.018205],[13.786495,51.018488],[13.786966,51.018901],[13.786988,51.018921],[13.787332,51.019221],[13.787332,51.019222],[13.787485,51.019355],[13.787502,51.01937],[13.787591,51.019448],[13.787594,51.019451],[13.787878,51.019698],[13.787913,51.019729],[13.788039,51.019838],[13.788352,51.020109],[13.788354,51.02011],[13.788368,51.020124],[13.788833,51.020529],[13.789022,51.020695],[13.789098,51.020763],[13.789359,51.020998],[13.789363,51.020995],[13.789804,51.020686],[13.790016,51.020511],[13.790157,51.020417],[13.790274,51.020377],[13.79001,51.019661],[13.789948,51.019494],[13.789987,51.019484],[13.790648,51.019208],[13.792112,51.018558],[13.792114,51.018556],[13.792829,51.018239],[13.792931,51.01819],[13.793143,51.018064],[13.79338,51.017913],[13.793601,51.01778],[13.793904,51.017599],[13.794195,51.01745],[13.794321,51.017405],[13.794407,51.01736],[13.794964,51.017114],[13.795093,51.017057],[13.795347,51.016945],[13.795805,51.016737],[13.796112,51.016598],[13.796272,51.016525],[13.797117,51.016121],[13.797142,51.016178],[13.797184,51.016171],[13.797199,51.0162],[13.797566,51.01689],[13.797594,51.016941],[13.797616,51.016935],[13.797608,51.01692],[13.797879,51.01681],[13.798073,51.016743],[13.798478,51.016601],[13.798809,51.016486],[13.799468,51.016256],[13.799613,51.016226],[13.800133,51.01601],[13.800181,51.01599],[13.800291,51.015725],[13.800329,51.015607],[13.800402,51.015377],[13.800865,51.015435],[13.800873,51.015437],[13.800937,51.015398],[13.801201,51.015239],[13.801383,51.015128],[13.80161,51.014934],[13.801752,51.014814],[13.802114,51.014505],[13.802219,51.014415],[13.802491,51.014183],[13.802846,51.013881],[13.802847,51.01388],[13.803027,51.013792],[13.803228,51.013952],[13.803446,51.014126],[13.803677,51.014086],[13.80414,51.014012],[13.804217,51.014063],[13.804587,51.013846],[13.805592,51.013235],[13.806563,51.012654],[13.807511,51.012079],[13.808319,51.011596],[13.808521,51.011475],[13.808842,51.011283],[13.809539,51.010857],[13.810241,51.010435],[13.810448,51.01031],[13.811363,51.009757],[13.811929,51.009417],[13.811765,51.009431],[13.811712,51.009463],[13.811659,51.009496],[13.811426,51.009638],[13.811308,51.009468],[13.811269,51.00947],[13.811179,51.009351],[13.81108,51.009286],[13.811083,51.009284],[13.811101,51.009274],[13.811111,51.009225],[13.811086,51.009167],[13.81102,51.009098],[13.810893,51.008996],[13.810658,51.008799],[13.810578,51.008736],[13.810552,51.008715],[13.810464,51.008633],[13.810343,51.008503],[13.810262,51.008381],[13.810145,51.008087],[13.810083,51.007912],[13.81004,51.007789],[13.810032,51.007771],[13.809958,51.007578],[13.809837,51.007361],[13.809724,51.007236],[13.809583,51.007089],[13.809347,51.006903],[13.809166,51.006756],[13.809039,51.006657],[13.808996,51.006624],[13.808856,51.006518],[13.80869,51.006395],[13.808568,51.006327],[13.808427,51.006237],[13.808347,51.006183],[13.808262,51.006124],[13.808195,51.006081],[13.808159,51.006134],[13.807861,51.006351],[13.807665,51.006506],[13.807475,51.006639],[13.807377,51.006693],[13.80731,51.00673],[13.807104,51.006867],[13.806914,51.00698],[13.806406,51.007275],[13.806222,51.007388],[13.805994,51.007524],[13.805958,51.007545],[13.805733,51.007673],[13.805381,51.007892],[13.805059,51.008061],[13.805014,51.008083],[13.804728,51.008224],[13.804413,51.008372],[13.804224,51.008461],[13.804163,51.008485],[13.804024,51.008538],[13.803992,51.00855],[13.8038,51.008609],[13.8036,51.008737],[13.803555,51.008766],[13.803237,51.00892],[13.803078,51.008994],[13.802958,51.00905],[13.802752,51.009151],[13.80262,51.009215],[13.802198,51.009407],[13.802109,51.009452],[13.801871,51.009573],[13.80154,51.009747],[13.801186,51.009926],[13.800934,51.010067],[13.800769,51.010149],[13.80069,51.010202],[13.800416,51.010379],[13.800366,51.010418],[13.800219,51.010531],[13.800094,51.010637],[13.799975,51.010749],[13.799859,51.010871],[13.799817,51.010917],[13.799673,51.011075],[13.799508,51.011254],[13.799384,51.011376],[13.799284,51.01147],[13.799189,51.01153],[13.799154,51.011552],[13.799083,51.011587],[13.798857,51.011683],[13.798703,51.011731],[13.798715,51.011757],[13.798712,51.011788],[13.79869,51.011816],[13.798663,51.011841],[13.798612,51.011863],[13.798609,51.011864],[13.798593,51.011868],[13.798553,51.011874],[13.798549,51.011874],[13.798499,51.011872],[13.798447,51.01186],[13.798397,51.011836],[13.798375,51.011811],[13.798353,51.011783],[13.798352,51.011783],[13.798349,51.011756],[13.79836,51.011727],[13.79838,51.0117],[13.798404,51.011681],[13.798428,51.011669],[13.798469,51.011655],[13.798502,51.01165],[13.798336,51.01118],[13.798292,51.011065],[13.798174,51.010761],[13.798074,51.010443],[13.797991,51.010208],[13.797895,51.009977],[13.797617,51.010017],[13.797542,51.010028],[13.797224,51.010074],[13.797173,51.010201],[13.796774,51.010259],[13.79647,51.010301],[13.796318,51.010323],[13.796075,51.010354],[13.795835,51.010391],[13.795677,51.010436],[13.795545,51.010498],[13.795456,51.010554],[13.795424,51.010575],[13.795322,51.010623],[13.795205,51.010664],[13.795,51.010704],[13.794738,51.010745],[13.79448,51.010784],[13.794335,51.010819],[13.794259,51.010852],[13.794228,51.010907],[13.794231,51.010958],[13.794244,51.01104],[13.79428,51.011163],[13.794302,51.01126],[13.794208,51.011301],[13.794113,51.011341],[13.793952,51.01141]]]}},{"type":"Feature","id":"dresden-83","properties":{"city":"Dresden","state":"Sachsen","code":"83","name":"Räcknitz/Zschertnitz mit Strehlen-Südwest","name_atlas":"Räcknitz/Zschertnitz/Strehlen-Südwest","population_est":9505,"crime_total":{"cases":382,"rate":4019.0},"homicide":{"cases":0,"rate":0.0},"sexual":{"cases":20,"rate":210.4},"violence_proxy":{"cases":57,"rate":599.7},"property_total":{"cases":169,"rate":1778.0},"simple_theft":{"cases":84,"rate":883.7},"aggravated_theft":{"cases":85,"rate":894.3},"fraud":{"cases":54,"rate":568.1},"other_stgb":{"cases":65,"rate":683.9},"secondary_law":{"cases":17,"rate":178.9}},"geometry":{"type":"Polygon","coordinates":[[[13.738829,51.019147],[13.738641,51.01914],[13.737322,51.0191],[13.736718,51.019099],[13.735984,51.019098],[13.735321,51.019115],[13.735039,51.019133],[13.734557,51.019205],[13.733488,51.019366],[13.732348,51.01955],[13.731775,51.019631],[13.731577,51.019663],[13.731343,51.019704],[13.731329,51.019705],[13.730881,51.019755],[13.730518,51.019767],[13.73011,51.019747],[13.729823,51.019734],[13.729706,51.019728],[13.729593,51.019723],[13.729491,51.019718],[13.729477,51.019718],[13.729476,51.019717],[13.729473,51.019717],[13.729469,51.019717],[13.729315,51.019707],[13.729313,51.019707],[13.729261,51.019706],[13.729173,51.019703],[13.729031,51.019696],[13.728825,51.019691],[13.728776,51.019682],[13.728678,51.019671],[13.727971,51.019621],[13.727035,51.019588],[13.726685,51.019566],[13.726547,51.019553],[13.726398,51.01954],[13.726,51.019497],[13.724022,51.019293],[13.723826,51.019275],[13.723805,51.019328],[13.723742,51.019424],[13.723224,51.020097],[13.722322,51.02003],[13.721803,51.019976],[13.721091,51.019896],[13.721054,51.019892],[13.721021,51.019922],[13.720942,51.019974],[13.720859,51.020019],[13.720754,51.020072],[13.72064,51.020113],[13.720556,51.020143],[13.720476,51.020164],[13.720395,51.020186],[13.720303,51.020205],[13.72021,51.020273],[13.720128,51.020317],[13.720085,51.02034],[13.719966,51.02045],[13.719613,51.020551],[13.719133,51.020614],[13.718949,51.020705],[13.718838,51.020649],[13.718731,51.020729],[13.718602,51.020838],[13.718424,51.020991],[13.718259,51.021142],[13.718105,51.021302],[13.7176,51.021729],[13.717482,51.021835],[13.717367,51.021832],[13.717296,51.021844],[13.717239,51.021856],[13.716691,51.022006],[13.716563,51.022042],[13.716624,51.022172],[13.716659,51.022176],[13.716697,51.022175],[13.716756,51.022162],[13.716799,51.022145],[13.716835,51.022108],[13.716872,51.022122],[13.71687,51.022127],[13.717006,51.022153],[13.717156,51.022124],[13.717382,51.022077],[13.717612,51.022025],[13.717636,51.022035],[13.717769,51.022002],[13.717783,51.022024],[13.717816,51.022075],[13.717816,51.022075],[13.717795,51.022094],[13.717697,51.022179],[13.717787,51.022223],[13.717838,51.02227],[13.717842,51.022283],[13.717855,51.022325],[13.717845,51.022392],[13.717831,51.022442],[13.717795,51.022486],[13.717741,51.022537],[13.717674,51.022575],[13.717471,51.022639],[13.717339,51.022674],[13.717395,51.022757],[13.717421,51.022801],[13.717658,51.022966],[13.717864,51.023087],[13.71803,51.02323],[13.718214,51.023347],[13.71828,51.023393],[13.71832,51.023453],[13.718335,51.02347],[13.718389,51.023532],[13.718364,51.02354],[13.718327,51.023553],[13.718161,51.023611],[13.718013,51.023663],[13.717874,51.023725],[13.717734,51.023786],[13.717549,51.023877],[13.717331,51.02399],[13.717245,51.024042],[13.717166,51.02409],[13.717052,51.024171],[13.716919,51.024149],[13.716925,51.02426],[13.716866,51.024306],[13.716788,51.024346],[13.716707,51.024402],[13.716584,51.024511],[13.716467,51.02462],[13.716363,51.024741],[13.716253,51.024877],[13.716162,51.025013],[13.71609,51.025134],[13.716034,51.025236],[13.716014,51.025274],[13.715963,51.025407],[13.715909,51.025549],[13.715865,51.025675],[13.715837,51.025791],[13.715832,51.025812],[13.715807,51.025961],[13.71579,51.026089],[13.715787,51.026218],[13.715785,51.026357],[13.715797,51.026527],[13.715831,51.026734],[13.715845,51.026796],[13.715852,51.026827],[13.7159,51.026915],[13.715956,51.0271],[13.715886,51.027188],[13.71615,51.027147],[13.716941,51.02702],[13.717509,51.026923],[13.717863,51.026866],[13.718337,51.026782],[13.7192,51.026639],[13.719924,51.026511],[13.720868,51.026355],[13.721648,51.026221],[13.722284,51.026115],[13.722434,51.026085],[13.722795,51.026013],[13.723965,51.025793],[13.724031,51.02578],[13.724441,51.025707],[13.725002,51.025606],[13.725289,51.025571],[13.725355,51.025856],[13.725385,51.025991],[13.72542,51.026219],[13.725395,51.026446],[13.725332,51.026802],[13.725261,51.027163],[13.72638,51.027174],[13.727541,51.027191],[13.72841,51.027196],[13.729413,51.02721],[13.731125,51.027239],[13.731396,51.027243],[13.731396,51.027245],[13.731196,51.027951],[13.731126,51.028199],[13.730825,51.029376],[13.730727,51.029758],[13.73092,51.02977],[13.730966,51.029503],[13.731055,51.02963],[13.731067,51.029646],[13.731197,51.029608],[13.73129,51.029573],[13.731291,51.029574],[13.731293,51.029575],[13.731295,51.029576],[13.731297,51.029576],[13.731299,51.029577],[13.731301,51.029578],[13.731303,51.029579],[13.731305,51.029579],[13.731307,51.02958],[13.731309,51.029581],[13.731311,51.029581],[13.731313,51.029582],[13.731315,51.029582],[13.731317,51.029583],[13.731319,51.029583],[13.731321,51.029584],[13.731323,51.029584],[13.731325,51.029585],[13.731327,51.029585],[13.731329,51.029586],[13.731332,51.029586],[13.731334,51.029586],[13.731336,51.029587],[13.731338,51.029587],[13.73134,51.029587],[13.731342,51.029588],[13.731345,51.029588],[13.731347,51.029588],[13.731349,51.029588],[13.731351,51.029588],[13.731353,51.029589],[13.731356,51.029589],[13.731358,51.029589],[13.73136,51.029589],[13.731362,51.029589],[13.731365,51.029589],[13.731367,51.029589],[13.731369,51.029589],[13.731371,51.029589],[13.731374,51.029589],[13.731376,51.029589],[13.731378,51.029589],[13.73138,51.029588],[13.731382,51.029588],[13.731385,51.029588],[13.731387,51.029588],[13.731389,51.029588],[13.731391,51.029587],[13.731393,51.029587],[13.731396,51.029587],[13.731398,51.029586],[13.7314,51.029586],[13.731402,51.029586],[13.731404,51.029585],[13.731406,51.029585],[13.731408,51.029584],[13.731411,51.029584],[13.731413,51.029583],[13.731415,51.029583],[13.731417,51.029582],[13.731419,51.029582],[13.731421,51.029581],[13.731423,51.029581],[13.731425,51.02958],[13.731752,51.029485],[13.731748,51.029479],[13.731772,51.029473],[13.731775,51.029478],[13.732063,51.029395],[13.732067,51.029394],[13.73207,51.029393],[13.732073,51.029392],[13.732077,51.029391],[13.73208,51.02939],[13.732083,51.029389],[13.732087,51.029388],[13.73209,51.029388],[13.732094,51.029387],[13.732097,51.029386],[13.7321,51.029385],[13.732104,51.029384],[13.732107,51.029384],[13.732111,51.029383],[13.732114,51.029382],[13.732118,51.029382],[13.73213,51.029379],[13.732143,51.029377],[13.732156,51.029374],[13.732169,51.029372],[13.732182,51.029369],[13.732195,51.029367],[13.732207,51.029365],[13.73222,51.029362],[13.732233,51.02936],[13.732246,51.029358],[13.732259,51.029356],[13.732272,51.029353],[13.732285,51.029351],[13.732298,51.029349],[13.732311,51.029347],[13.732324,51.029345],[13.732328,51.029344],[13.732526,51.029315],[13.732527,51.029314],[13.732529,51.029314],[13.73253,51.029313],[13.732532,51.029313],[13.732533,51.029312],[13.732534,51.029312],[13.732536,51.029311],[13.732537,51.02931],[13.732538,51.02931],[13.73254,51.029309],[13.732541,51.029308],[13.732542,51.029307],[13.732543,51.029306],[13.732544,51.029306],[13.732545,51.029305],[13.732546,51.029304],[13.732534,51.029265],[13.732526,51.029254],[13.732517,51.029248],[13.73248,51.029251],[13.732471,51.029202],[13.732547,51.029197],[13.732679,51.02921],[13.732828,51.029224],[13.732835,51.029223],[13.732841,51.029222],[13.732848,51.029222],[13.732854,51.029221],[13.732861,51.02922],[13.732868,51.029219],[13.732874,51.029219],[13.732881,51.029218],[13.732887,51.029218],[13.732894,51.029217],[13.732901,51.029217],[13.732907,51.029216],[13.732914,51.029216],[13.732921,51.029216],[13.732928,51.029216],[13.732934,51.029216],[13.734188,51.029128],[13.735117,51.029075],[13.735334,51.029064],[13.735769,51.029042],[13.735851,51.029038],[13.736702,51.028996],[13.73734,51.02896],[13.737976,51.028923],[13.738043,51.028919],[13.738039,51.028894],[13.738208,51.028883],[13.738208,51.02891],[13.738406,51.028871],[13.73887,51.028843],[13.739261,51.028848],[13.740661,51.028766],[13.741391,51.028724],[13.741462,51.028719],[13.741736,51.028702],[13.741753,51.028797],[13.741904,51.028788],[13.742195,51.028771],[13.742987,51.028711],[13.742991,51.028711],[13.743573,51.028658],[13.743596,51.028656],[13.744141,51.028605],[13.744662,51.028552],[13.745181,51.028494],[13.74523,51.028488],[13.74584,51.028404],[13.745841,51.028404],[13.745993,51.028382],[13.746539,51.028301],[13.746904,51.028242],[13.747356,51.02816],[13.747409,51.02815],[13.74741,51.02815],[13.747949,51.028045],[13.748547,51.02792],[13.748864,51.027845],[13.748865,51.027844],[13.749692,51.027653],[13.750479,51.027465],[13.751122,51.027318],[13.751127,51.027317],[13.751392,51.027253],[13.753223,51.026825],[13.753249,51.026819],[13.754173,51.026593],[13.754323,51.026558],[13.754324,51.026558],[13.75442,51.026534],[13.754654,51.026476],[13.754896,51.026424],[13.755117,51.026394],[13.755264,51.026382],[13.755534,51.026389],[13.755619,51.026309],[13.755643,51.026288],[13.75574,51.02622],[13.755894,51.026111],[13.756876,51.025434],[13.756878,51.025433],[13.756864,51.025425],[13.756589,51.02526],[13.756453,51.025196],[13.756331,51.025152],[13.756209,51.025123],[13.756186,51.025119],[13.756005,51.025091],[13.755858,51.025095],[13.755846,51.025095],[13.75565,51.02512],[13.755594,51.025132],[13.755457,51.02516],[13.755374,51.025111],[13.755365,51.025107],[13.755219,51.025014],[13.755233,51.025004],[13.755153,51.024959],[13.754994,51.024855],[13.754978,51.024864],[13.754761,51.024727],[13.754737,51.024709],[13.754474,51.024544],[13.75446,51.024535],[13.754409,51.024503],[13.754155,51.024344],[13.754105,51.024312],[13.753972,51.024229],[13.753821,51.024135],[13.753537,51.023956],[13.753527,51.02395],[13.753526,51.023949],[13.753489,51.023926],[13.753223,51.023758],[13.753192,51.02374],[13.75302,51.023631],[13.752973,51.023598],[13.752777,51.023469],[13.752581,51.023335],[13.752388,51.023203],[13.752191,51.023069],[13.752064,51.022982],[13.752007,51.022938],[13.751961,51.022902],[13.751841,51.022811],[13.751796,51.022767],[13.751631,51.02284],[13.751306,51.022973],[13.751113,51.022781],[13.750913,51.022586],[13.750882,51.022556],[13.750601,51.022324],[13.75055,51.022279],[13.750448,51.022189],[13.750355,51.022111],[13.750111,51.02194],[13.749936,51.021815],[13.749819,51.021731],[13.749577,51.021563],[13.749344,51.021404],[13.749329,51.021394],[13.749214,51.021311],[13.749061,51.021194],[13.748965,51.021095],[13.748864,51.020956],[13.748839,51.020922],[13.748748,51.020772],[13.748505,51.020425],[13.748343,51.02024],[13.748203,51.020117],[13.748104,51.020038],[13.747986,51.019978],[13.74785,51.019911],[13.747704,51.019845],[13.74749,51.019764],[13.747122,51.019685],[13.746635,51.019604],[13.745966,51.019516],[13.74537,51.019447],[13.74497,51.019405],[13.744329,51.019361],[13.743624,51.019326],[13.743263,51.019317],[13.742771,51.019304],[13.742342,51.0193],[13.741858,51.019282],[13.74118,51.019239],[13.740594,51.019219],[13.740125,51.019199],[13.739796,51.019184],[13.739457,51.019169],[13.738829,51.019147]]]}},{"type":"Feature","id":"dresden-47","properties":{"city":"Dresden","state":"Sachsen","code":"47","name":"Schönfeld/Schullwitz mit Borsberg, Eschdorf, Krieschendorf, Malschendorf, Reitzendorf, Rossendorf und Zaschendorf","name_atlas":"Schönfeld/Schullwitz/Borsberg/Eschdorf/Rossendorf/","population_est":3348,"crime_total":{"cases":53,"rate":1583.0},"homicide":{"cases":0,"rate":0.0},"sexual":{"cases":1,"rate":29.9},"violence_proxy":{"cases":8,"rate":238.9},"property_total":{"cases":6,"rate":179.2},"simple_theft":{"cases":1,"rate":29.9},"aggravated_theft":{"cases":5,"rate":149.3},"fraud":{"cases":13,"rate":388.3},"other_stgb":{"cases":19,"rate":567.5},"secondary_law":{"cases":6,"rate":179.2}},"geometry":{"type":"Polygon","coordinates":[[[13.952995,51.073931],[13.953396,51.073896],[13.95345,51.073891],[13.95344,51.073796],[13.953581,51.073477],[13.953592,51.072806],[13.953679,51.072145],[13.95385,51.071537],[13.953472,51.071719],[13.953026,51.07191],[13.952967,51.07195],[13.952422,51.072234],[13.952501,51.071685],[13.952532,51.071508],[13.952556,51.071314],[13.952611,51.071048],[13.952603,51.070685],[13.952622,51.070316],[13.952664,51.069863],[13.952827,51.069598],[13.953216,51.069028],[13.953755,51.069272],[13.954446,51.069575],[13.954494,51.069518],[13.954724,51.069263],[13.95519,51.068827],[13.956192,51.068238],[13.956573,51.068035],[13.957007,51.067771],[13.957647,51.067381],[13.958162,51.067071],[13.958533,51.066832],[13.958954,51.06654],[13.959734,51.066003],[13.960124,51.065724],[13.960514,51.065464],[13.96054,51.065443],[13.960932,51.065152],[13.961305,51.064858],[13.961531,51.064677],[13.961752,51.064523],[13.961849,51.064432],[13.961884,51.064404],[13.96148,51.064416],[13.960963,51.064427],[13.960543,51.064438],[13.960226,51.064449],[13.959891,51.064632],[13.959528,51.064846],[13.959196,51.065065],[13.958851,51.065282],[13.958633,51.065427],[13.958273,51.065687],[13.957978,51.065892],[13.95776,51.066063],[13.957565,51.066217],[13.957356,51.066361],[13.957094,51.066582],[13.956871,51.06675],[13.95662,51.066618],[13.956341,51.066471],[13.956583,51.066315],[13.957105,51.065918],[13.957609,51.065539],[13.958159,51.065163],[13.958414,51.065003],[13.958905,51.064627],[13.959124,51.064479],[13.958427,51.064498],[13.958134,51.064504],[13.95824,51.06443],[13.95832,51.064376],[13.959517,51.06435],[13.96054,51.064312],[13.960955,51.064304],[13.961464,51.064288],[13.961971,51.06427],[13.96205,51.064267],[13.962096,51.064232],[13.962493,51.063939],[13.962771,51.063748],[13.963106,51.063515],[13.963412,51.063286],[13.963715,51.063043],[13.964021,51.062791],[13.964465,51.062462],[13.964755,51.062255],[13.965297,51.061862],[13.965687,51.061612],[13.965724,51.061592],[13.965364,51.061573],[13.964864,51.061567],[13.96446,51.06155],[13.96397,51.061518],[13.963585,51.061486],[13.963218,51.061446],[13.962973,51.061402],[13.962428,51.061306],[13.962364,51.061298],[13.961416,51.061005],[13.961363,51.060993],[13.961425,51.060913],[13.961564,51.060747],[13.961768,51.060497],[13.961934,51.060262],[13.962128,51.059943],[13.962223,51.059753],[13.96233,51.059577],[13.962468,51.059319],[13.962622,51.059009],[13.962824,51.058697],[13.96307,51.058437],[13.963467,51.05803],[13.963713,51.057779],[13.963981,51.057484],[13.964184,51.057264],[13.964388,51.057082],[13.964615,51.056902],[13.964891,51.056715],[13.965204,51.056473],[13.965418,51.056149],[13.965512,51.055925],[13.965594,51.055731],[13.965769,51.055395],[13.965879,51.055176],[13.966023,51.054887],[13.966059,51.054814],[13.964633,51.054363],[13.964599,51.054438],[13.964245,51.05428],[13.96372,51.054041],[13.963612,51.053992],[13.963241,51.053729],[13.962959,51.053484],[13.962768,51.053287],[13.962557,51.053079],[13.962315,51.052846],[13.962268,51.052801],[13.962038,51.05259],[13.961788,51.052362],[13.961677,51.052274],[13.961568,51.052221],[13.961371,51.052229],[13.960952,51.052379],[13.960577,51.052537],[13.960233,51.052701],[13.960017,51.052185],[13.95999,51.052106],[13.959963,51.052035],[13.959979,51.051897],[13.960009,51.051653],[13.960029,51.051504],[13.959954,51.050201],[13.959948,51.050187],[13.959946,51.050182],[13.959944,51.050176],[13.960011,51.050159],[13.960041,51.0501],[13.960076,51.050087],[13.960098,51.050077],[13.960126,51.050081],[13.960143,51.050074],[13.96015,51.050012],[13.960191,51.05],[13.960221,51.049982],[13.960273,51.049977],[13.960298,51.0499],[13.960358,51.049894],[13.960368,51.049868],[13.960333,51.049843],[13.96034,51.049823],[13.96037,51.049809],[13.960369,51.049793],[13.960288,51.049781],[13.960287,51.049774],[13.960326,51.049758],[13.960335,51.049743],[13.960376,51.049727],[13.960378,51.049677],[13.96039,51.049652],[13.9604,51.049617],[13.96044,51.049615],[13.960463,51.049622],[13.960486,51.049602],[13.960541,51.049598],[13.960636,51.049561],[13.960621,51.049528],[13.96063,51.049501],[13.960659,51.049498],[13.960705,51.049485],[13.960743,51.049504],[13.960761,51.049479],[13.96091,51.049426],[13.96091,51.049396],[13.960958,51.049373],[13.960966,51.049337],[13.96093,51.049326],[13.960921,51.049311],[13.960921,51.049304],[13.96097,51.049301],[13.960987,51.049285],[13.960985,51.049216],[13.961033,51.049211],[13.961053,51.049154],[13.961094,51.049157],[13.961121,51.049152],[13.961098,51.049098],[13.961075,51.049071],[13.961202,51.049078],[13.961208,51.049105],[13.96119,51.049121],[13.961191,51.049135],[13.961263,51.049186],[13.961287,51.049162],[13.961333,51.049149],[13.961373,51.049154],[13.961386,51.049163],[13.961407,51.049147],[13.961421,51.049146],[13.961427,51.049179],[13.961434,51.049187],[13.961478,51.049195],[13.961513,51.04918],[13.961555,51.049175],[13.961593,51.049124],[13.961678,51.049073],[13.96166,51.049042],[13.961701,51.049041],[13.961712,51.049033],[13.961688,51.049001],[13.961703,51.048981],[13.961728,51.04896],[13.961766,51.048916],[13.961797,51.048903],[13.961783,51.048844],[13.961808,51.048829],[13.961843,51.048871],[13.961884,51.048861],[13.961925,51.048791],[13.961952,51.048786],[13.96196,51.048753],[13.962042,51.048713],[13.962094,51.048707],[13.962178,51.048686],[13.962211,51.048726],[13.96221,51.048743],[13.962249,51.048766],[13.962219,51.048829],[13.96226,51.048848],[13.962318,51.048849],[13.962329,51.048805],[13.962375,51.048801],[13.962413,51.048829],[13.9625,51.048741],[13.962538,51.048732],[13.962571,51.048674],[13.962632,51.048652],[13.962745,51.048593],[13.962757,51.048556],[13.962831,51.048547],[13.962917,51.048484],[13.962938,51.048488],[13.962944,51.048485],[13.962894,51.048406],[13.962937,51.048401],[13.96298,51.048421],[13.963059,51.048401],[13.963054,51.04839],[13.962982,51.048393],[13.962967,51.04838],[13.962972,51.048351],[13.962939,51.048331],[13.962942,51.048313],[13.963078,51.04831],[13.963116,51.04829],[13.96309,51.048268],[13.96307,51.048237],[13.963093,51.048203],[13.963121,51.048088],[13.963101,51.048042],[13.96312,51.047985],[13.963192,51.047961],[13.963235,51.047958],[13.96329,51.047943],[13.963324,51.047954],[13.963314,51.048017],[13.963366,51.048027],[13.963407,51.048014],[13.963455,51.047987],[13.963486,51.048012],[13.963533,51.048035],[13.963606,51.04805],[13.963638,51.04804],[13.96363,51.048024],[13.963654,51.048006],[13.963649,51.047988],[13.96357,51.047958],[13.963601,51.047933],[13.963726,51.047881],[13.963763,51.047873],[13.963795,51.047819],[13.963798,51.047798],[13.96382,51.047762],[13.963824,51.04773],[13.963863,51.047722],[13.963887,51.047731],[13.963963,51.047728],[13.963973,51.04775],[13.96402,51.047762],[13.964036,51.047748],[13.964011,51.047674],[13.964031,51.047663],[13.964093,51.04768],[13.964102,51.047672],[13.964033,51.047612],[13.964102,51.047597],[13.964117,51.047571],[13.964162,51.04757],[13.964205,51.047541],[13.964269,51.047507],[13.964336,51.047535],[13.964361,51.047558],[13.964383,51.04756],[13.964464,51.047535],[13.964577,51.047505],[13.964618,51.047424],[13.964677,51.047435],[13.964707,51.047427],[13.964699,51.047386],[13.96483,51.047379],[13.964844,51.04739],[13.96482,51.047413],[13.964852,51.04746],[13.964895,51.047449],[13.964944,51.047457],[13.964987,51.047454],[13.965075,51.047478],[13.965123,51.047483],[13.965151,51.047443],[13.965198,51.047435],[13.965215,51.047406],[13.965244,51.047397],[13.965261,51.047436],[13.96531,51.04744],[13.965322,51.047406],[13.96533,51.047388],[13.965319,51.047379],[13.965057,51.047112],[13.96476,51.046797],[13.96458,51.046614],[13.964379,51.046382],[13.964096,51.046128],[13.963849,51.045845],[13.96384,51.045833],[13.963719,51.045685],[13.963501,51.045392],[13.963184,51.044975],[13.962759,51.044668],[13.962592,51.044492],[13.962551,51.04445],[13.962515,51.04441],[13.962215,51.044125],[13.962261,51.043837],[13.962299,51.04357],[13.962318,51.043466],[13.962317,51.043267],[13.962289,51.042905],[13.962169,51.042541],[13.961988,51.042114],[13.96198,51.042099],[13.961969,51.042078],[13.961953,51.042047],[13.961939,51.04202],[13.961881,51.041926],[13.961865,51.041869],[13.961773,51.041529],[13.961674,51.041164],[13.961667,51.041138],[13.961648,51.040644],[13.961645,51.040549],[13.961621,51.04024],[13.961628,51.040158],[13.961622,51.039478],[13.961646,51.03937],[13.96171,51.038906],[13.961743,51.038682],[13.961768,51.038509],[13.961797,51.038392],[13.961814,51.038325],[13.961839,51.03822],[13.961912,51.037946],[13.961952,51.037797],[13.96199,51.037681],[13.962052,51.03749],[13.962063,51.037455],[13.962138,51.037212],[13.962172,51.037098],[13.962297,51.036736],[13.96238,51.036482],[13.962402,51.036305],[13.962474,51.035959],[13.962504,51.035799],[13.96252,51.035703],[13.962529,51.035654],[13.962534,51.035629],[13.962544,51.03556],[13.962574,51.035399],[13.962629,51.034868],[13.962639,51.034795],[13.962714,51.034097],[13.962718,51.034041],[13.962733,51.033945],[13.962743,51.033407],[13.962744,51.033398],[13.962759,51.03326],[13.962768,51.032857],[13.962817,51.032354],[13.962914,51.032192],[13.962765,51.031959],[13.962765,51.031933],[13.962767,51.031618],[13.962786,51.031444],[13.962774,51.031416],[13.962757,51.031379],[13.962751,51.031366],[13.962742,51.031345],[13.962734,51.03133],[13.962689,51.031307],[13.962655,51.031305],[13.962617,51.031305],[13.962555,51.031316],[13.962526,51.031327],[13.962508,51.031331],[13.962491,51.031348],[13.962491,51.03137],[13.962462,51.031406],[13.962438,51.031418],[13.96242,51.031432],[13.962374,51.031442],[13.962348,51.031434],[13.962317,51.031414],[13.962288,51.03141],[13.962265,51.031394],[13.962237,51.031377],[13.962237,51.031373],[13.962239,51.031364],[13.962225,51.031352],[13.962223,51.03135],[13.962196,51.031348],[13.962167,51.031338],[13.962146,51.031349],[13.96215,51.031362],[13.962126,51.031377],[13.962099,51.031382],[13.962084,51.031371],[13.962079,51.031368],[13.962051,51.031342],[13.962043,51.03134],[13.962009,51.031334],[13.961959,51.03134],[13.961868,51.031337],[13.961835,51.031331],[13.961814,51.031333],[13.961792,51.031334],[13.961778,51.031345],[13.961729,51.031345],[13.961678,51.031345],[13.961612,51.031333],[13.961559,51.03133],[13.961496,51.031332],[13.961445,51.031329],[13.961401,51.03133],[13.961381,51.031326],[13.961373,51.031325],[13.96132,51.031316],[13.961302,51.031317],[13.961222,51.031319],[13.961196,51.031317],[13.961069,51.031309],[13.961068,51.03131],[13.960955,51.031352],[13.960907,51.031355],[13.960891,51.031348],[13.960884,51.031345],[13.960848,51.031328],[13.960835,51.03133],[13.960799,51.031336],[13.960754,51.031335],[13.960742,51.031327],[13.960718,51.031314],[13.960716,51.031299],[13.96069,51.0313],[13.960653,51.031302],[13.960641,51.031294],[13.960636,51.03129],[13.960624,51.031292],[13.960576,51.031299],[13.960482,51.031307],[13.960465,51.0313],[13.960464,51.031299],[13.960444,51.031285],[13.960429,51.031278],[13.96042,51.031266],[13.960407,51.031266],[13.960399,51.031265],[13.960397,51.031259],[13.960395,51.031254],[13.960403,51.031235],[13.960382,51.031236],[13.960355,51.031237],[13.960352,51.03123],[13.960351,51.031227],[13.960365,51.031202],[13.960353,51.03119],[13.96034,51.031186],[13.960302,51.031177],[13.960264,51.03118],[13.96022,51.031188],[13.960183,51.031187],[13.960171,51.031182],[13.96017,51.031182],[13.960103,51.031152],[13.960103,51.031152],[13.960058,51.031122],[13.960054,51.031121],[13.960049,51.031117],[13.959999,51.031113],[13.959957,51.0311],[13.95991,51.031061],[13.959905,51.031059],[13.959904,51.031058],[13.959837,51.031033],[13.959772,51.031001],[13.959768,51.030999],[13.959726,51.03096],[13.959633,51.030899],[13.959632,51.030898],[13.959579,51.030893],[13.959518,51.030902],[13.959467,51.030899],[13.959414,51.030906],[13.959414,51.030906],[13.959384,51.030878],[13.959412,51.030848],[13.95946,51.030826],[13.959499,51.0308],[13.959503,51.030785],[13.959488,51.030755],[13.959496,51.03073],[13.95947,51.030711],[13.959421,51.030677],[13.959425,51.030659],[13.95948,51.030634],[13.959478,51.030589],[13.95943,51.030564],[13.959426,51.03054],[13.959378,51.030483],[13.959396,51.030451],[13.959356,51.030428],[13.959282,51.030383],[13.959296,51.03036],[13.959239,51.030333],[13.959233,51.030317],[13.959254,51.030312],[13.959256,51.030298],[13.959282,51.030293],[13.959424,51.030303],[13.959442,51.030292],[13.959435,51.030276],[13.959403,51.030248],[13.959378,51.03024],[13.959345,51.030236],[13.959314,51.030216],[13.959289,51.030206],[13.959273,51.030171],[13.959224,51.030146],[13.959133,51.030129],[13.95907,51.030144],[13.959042,51.030145],[13.959003,51.030149],[13.958962,51.030097],[13.958991,51.030059],[13.959041,51.030028],[13.959057,51.030009],[13.959057,51.029986],[13.959044,51.029958],[13.959015,51.029938],[13.95897,51.029914],[13.958906,51.029883],[13.958863,51.029878],[13.958821,51.02986],[13.958739,51.029864],[13.958703,51.029835],[13.958619,51.029846],[13.958592,51.029866],[13.958618,51.029889],[13.958628,51.029906],[13.958571,51.029915],[13.958529,51.029933],[13.958478,51.029936],[13.958416,51.029924],[13.958392,51.029901],[13.958389,51.029888],[13.958401,51.029883],[13.958401,51.02986],[13.95841,51.02984],[13.958401,51.029819],[13.958392,51.029785],[13.958392,51.029761],[13.958375,51.029745],[13.958336,51.029779],[13.958295,51.029783],[13.958248,51.029769],[13.95825,51.029741],[13.958289,51.029723],[13.958313,51.029703],[13.9583,51.029691],[13.958262,51.029678],[13.958259,51.029658],[13.958267,51.029604],[13.958242,51.029592],[13.958212,51.02959],[13.958159,51.029598],[13.958135,51.02959],[13.958143,51.029573],[13.958165,51.029549],[13.958193,51.029511],[13.958167,51.029497],[13.958125,51.029512],[13.958107,51.02952],[13.958074,51.029508],[13.958029,51.029516],[13.95798,51.029539],[13.957945,51.029572],[13.957865,51.029609],[13.957828,51.02959],[13.957789,51.029568],[13.957731,51.02955],[13.957703,51.029536],[13.95771,51.02951],[13.957735,51.029477],[13.957733,51.029454],[13.957734,51.029425],[13.957752,51.029406],[13.957751,51.029378],[13.957784,51.029368],[13.957814,51.029364],[13.957851,51.02939],[13.957905,51.029402],[13.957945,51.029397],[13.957977,51.029374],[13.957985,51.029348],[13.95798,51.02933],[13.957971,51.029304],[13.958,51.029281],[13.958033,51.029252],[13.958022,51.029211],[13.957955,51.029133],[13.957993,51.029078],[13.957983,51.029036],[13.957997,51.029022],[13.958027,51.028998],[13.958068,51.028965],[13.958083,51.028945],[13.958134,51.028925],[13.958138,51.028891],[13.958114,51.028874],[13.958053,51.028888],[13.958017,51.028896],[13.957989,51.028885],[13.957954,51.028854],[13.957952,51.028829],[13.957945,51.028784],[13.95785,51.028733],[13.957794,51.028736],[13.957758,51.028712],[13.957742,51.028685],[13.957721,51.02868],[13.95769,51.02869],[13.957632,51.02872],[13.957604,51.028723],[13.957588,51.028709],[13.957598,51.028682],[13.957636,51.028639],[13.957641,51.028633],[13.957712,51.028629],[13.957747,51.028609],[13.957759,51.02859],[13.957738,51.028573],[13.957692,51.028583],[13.957628,51.028582],[13.95755,51.028572],[13.957492,51.028539],[13.957454,51.028528],[13.957412,51.028541],[13.957384,51.028539],[13.957362,51.028523],[13.957358,51.028507],[13.957325,51.0285],[13.957293,51.028483],[13.957273,51.028466],[13.95723,51.028457],[13.957209,51.028433],[13.957205,51.028379],[13.957161,51.028338],[13.957167,51.028283],[13.957169,51.028223],[13.957202,51.02814],[13.957224,51.028054],[13.957277,51.027944],[13.957308,51.02788],[13.95731,51.027834],[13.957279,51.027807],[13.957274,51.027768],[13.957307,51.027731],[13.957355,51.02771],[13.957422,51.027689],[13.957425,51.027655],[13.957495,51.027612],[13.957529,51.02755],[13.957635,51.027407],[13.95763,51.02734],[13.957644,51.027316],[13.95767,51.02728],[13.957657,51.02724],[13.957685,51.02721],[13.957664,51.027163],[13.957688,51.027137],[13.957687,51.027097],[13.957628,51.027069],[13.957593,51.02705],[13.957526,51.02705],[13.957511,51.027021],[13.957478,51.027009],[13.957472,51.027005],[13.95743,51.026976],[13.957411,51.026959],[13.957332,51.026935],[13.957322,51.026919],[13.957282,51.026918],[13.957215,51.026897],[13.957162,51.026895],[13.95712,51.026885],[13.957088,51.026894],[13.957068,51.026904],[13.957023,51.02689],[13.95675,51.026783],[13.956658,51.026767],[13.956503,51.026796],[13.956466,51.026788],[13.956427,51.026784],[13.956384,51.02678],[13.956297,51.026721],[13.956218,51.026654],[13.956164,51.026606],[13.956134,51.026569],[13.956114,51.026537],[13.956111,51.026505],[13.956089,51.026455],[13.956058,51.026412],[13.956062,51.026396],[13.955997,51.0264],[13.955913,51.026405],[13.955853,51.026404],[13.955785,51.026372],[13.955737,51.026368],[13.955609,51.026379],[13.95558,51.02637],[13.955508,51.026367],[13.955439,51.026385],[13.955381,51.026389],[13.955359,51.02637],[13.955361,51.026354],[13.955427,51.026338],[13.955425,51.026304],[13.955422,51.0263],[13.955401,51.026273],[13.95534,51.026271],[13.955345,51.026251],[13.955357,51.02622],[13.955401,51.026202],[13.955391,51.026175],[13.955345,51.026163],[13.955313,51.026138],[13.955288,51.026126],[13.955235,51.026128],[13.955204,51.026112],[13.955115,51.026096],[13.955034,51.026073],[13.955,51.026083],[13.954851,51.026137],[13.9548,51.026171],[13.954742,51.026223],[13.954688,51.026249],[13.954631,51.026256],[13.954567,51.026279],[13.954523,51.02631],[13.954167,51.026401],[13.954129,51.026429],[13.954094,51.026464],[13.954078,51.026466],[13.954022,51.026443],[13.953997,51.026483],[13.953952,51.026522],[13.953958,51.026545],[13.953968,51.026578],[13.953932,51.026581],[13.953884,51.026552],[13.953864,51.026542],[13.953815,51.026527],[13.953767,51.026526],[13.953702,51.026523],[13.953625,51.026501],[13.953568,51.026486],[13.953536,51.026467],[13.953519,51.026437],[13.95349,51.026417],[13.95348,51.02641],[13.953426,51.026376],[13.953255,51.026278],[13.95298,51.026165],[13.952483,51.026126],[13.952025,51.026203],[13.950978,51.026377],[13.9506,51.026405],[13.950168,51.026424],[13.949843,51.026384],[13.949624,51.026413],[13.94955,51.026358],[13.949401,51.026412],[13.949384,51.026356],[13.949337,51.026353],[13.94914,51.02634],[13.948888,51.026336],[13.948887,51.026336],[13.948773,51.026332],[13.948752,51.026324],[13.948712,51.026332],[13.948665,51.026329],[13.948647,51.026329],[13.948568,51.026328],[13.948518,51.026328],[13.948468,51.026329],[13.94833,51.026426],[13.94814,51.02628],[13.947982,51.026159],[13.947773,51.026203],[13.947523,51.026098],[13.947485,51.026085],[13.947341,51.026056],[13.947302,51.026063],[13.947198,51.026027],[13.947145,51.026019],[13.947064,51.026014],[13.946968,51.025987],[13.946803,51.025954],[13.946743,51.025946],[13.946684,51.025912],[13.946643,51.025895],[13.946418,51.025794],[13.94633,51.025763],[13.946274,51.025743],[13.946216,51.025725],[13.946195,51.025699],[13.946143,51.025693],[13.946101,51.025683],[13.946054,51.025672],[13.945996,51.025663],[13.945944,51.025651],[13.945912,51.025634],[13.945756,51.025621],[13.94572,51.025628],[13.945662,51.025648],[13.945591,51.025642],[13.945526,51.025601],[13.945467,51.025583],[13.945444,51.025585],[13.945411,51.025601],[13.945399,51.02562],[13.945365,51.025637],[13.94534,51.025602],[13.945322,51.025573],[13.945254,51.025565],[13.945273,51.025573],[13.94522,51.025571],[13.945133,51.025489],[13.945108,51.02551],[13.945048,51.025499],[13.944982,51.025446],[13.944467,51.025126],[13.944435,51.025112],[13.944452,51.025093],[13.944384,51.025012],[13.944313,51.025022],[13.944148,51.025015],[13.944088,51.025002],[13.944111,51.024946],[13.944104,51.024923],[13.944059,51.024846],[13.944054,51.024796],[13.944012,51.024769],[13.943991,51.024731],[13.944132,51.024705],[13.944115,51.024672],[13.944151,51.024636],[13.944129,51.024616],[13.944141,51.024565],[13.944022,51.024526],[13.943978,51.024536],[13.943942,51.024514],[13.943904,51.024501],[13.943906,51.024481],[13.943877,51.024461],[13.943898,51.024422],[13.943886,51.024398],[13.943922,51.024361],[13.943873,51.024306],[13.943812,51.0243],[13.943797,51.024285],[13.943764,51.024287],[13.94357,51.024274],[13.943467,51.02424],[13.943425,51.024227],[13.943367,51.024194],[13.943322,51.024147],[13.943255,51.024145],[13.943236,51.024076],[13.943232,51.024063],[13.943108,51.024016],[13.943063,51.02396],[13.942988,51.023943],[13.942965,51.023923],[13.94293,51.023892],[13.942824,51.023849],[13.94275,51.023764],[13.94274,51.023753],[13.942697,51.023687],[13.942622,51.023573],[13.942607,51.023523],[13.942538,51.023419],[13.942529,51.023414],[13.942483,51.023386],[13.942402,51.023356],[13.942282,51.023277],[13.942276,51.023271],[13.942259,51.02326],[13.942243,51.023254],[13.942163,51.023172],[13.942055,51.023029],[13.942039,51.023023],[13.941832,51.022879],[13.941677,51.022771],[13.941572,51.022749],[13.94069,51.022557],[13.940675,51.022425],[13.940668,51.022364],[13.940585,51.022284],[13.940313,51.022022],[13.940291,51.021988],[13.94021,51.021865],[13.940092,51.021688],[13.940001,51.021467],[13.939896,51.021143],[13.939884,51.021106],[13.939877,51.021084],[13.93981,51.02093],[13.939681,51.020633],[13.939588,51.020405],[13.939554,51.02032],[13.939535,51.020143],[13.93947,51.019917],[13.938983,51.019937],[13.93875,51.019919],[13.938945,51.019746],[13.939133,51.019451],[13.9392,51.019309],[13.939301,51.019094],[13.93944,51.019012],[13.939286,51.018789],[13.939372,51.018691],[13.939241,51.018621],[13.939389,51.018473],[13.939275,51.01842],[13.939271,51.018274],[13.938891,51.018028],[13.938895,51.017545],[13.938935,51.017362],[13.938938,51.01735],[13.939101,51.017218],[13.939181,51.017064],[13.939028,51.01686],[13.939287,51.016434],[13.939241,51.016338],[13.93912,51.016087],[13.938813,51.015944],[13.938496,51.015436],[13.938175,51.015414],[13.937942,51.015194],[13.937695,51.015181],[13.937514,51.015199],[13.937327,51.01541],[13.937183,51.01558],[13.937008,51.015726],[13.936497,51.016174],[13.936216,51.01639],[13.936027,51.016599],[13.935832,51.016792],[13.935656,51.017021],[13.935559,51.017147],[13.935476,51.017257],[13.935383,51.017379],[13.935202,51.01737],[13.934896,51.017388],[13.934614,51.017398],[13.934151,51.017404],[13.933606,51.017323],[13.932956,51.017226],[13.932659,51.017195],[13.932439,51.017164],[13.932133,51.017143],[13.931776,51.017126],[13.931744,51.017177],[13.931769,51.017198],[13.931777,51.017223],[13.931759,51.017256],[13.931763,51.017304],[13.93173,51.017329],[13.931708,51.017379],[13.931671,51.017397],[13.931658,51.017429],[13.931608,51.017469],[13.93154,51.017489],[13.931364,51.01781],[13.931207,51.017764],[13.931009,51.01771],[13.930916,51.017639],[13.93077,51.01758],[13.930641,51.017519],[13.930489,51.017428],[13.930391,51.017315],[13.930298,51.01723],[13.930233,51.017161],[13.930143,51.017093],[13.930057,51.01702],[13.929974,51.016949],[13.929861,51.016849],[13.929767,51.016775],[13.929679,51.016699],[13.929579,51.016613],[13.929443,51.016516],[13.9293,51.016344],[13.929135,51.016135],[13.929,51.016036],[13.92888,51.015924],[13.92878,51.015832],[13.928768,51.015815],[13.928668,51.015725],[13.928464,51.015618],[13.928389,51.015573],[13.928193,51.015412],[13.927998,51.015275],[13.927808,51.015135],[13.927761,51.015101],[13.927683,51.014979],[13.927654,51.014911],[13.927529,51.014784],[13.927423,51.01464],[13.927283,51.01439],[13.92726,51.014358],[13.927217,51.014338],[13.927185,51.014323],[13.927073,51.014252],[13.926896,51.014162],[13.926733,51.014078],[13.92663,51.01402],[13.926513,51.014047],[13.926269,51.014088],[13.92598,51.014125],[13.925726,51.014143],[13.925402,51.01414],[13.925399,51.01414],[13.925381,51.014095],[13.925286,51.014073],[13.925016,51.013991],[13.924863,51.013935],[13.924787,51.013856],[13.924728,51.013781],[13.924748,51.013647],[13.924698,51.013627],[13.924598,51.013589],[13.924511,51.013552],[13.9244,51.013518],[13.924261,51.013477],[13.923946,51.013415],[13.92355,51.013345],[13.923154,51.01328],[13.922736,51.013225],[13.922647,51.013219],[13.922466,51.01346],[13.922352,51.013744],[13.922276,51.01402],[13.921856,51.013958],[13.921766,51.014109],[13.92162,51.01429],[13.921607,51.014306],[13.921478,51.014266],[13.921373,51.014234],[13.921305,51.014204],[13.92122,51.014166],[13.921202,51.014158],[13.92103,51.014074],[13.921027,51.014071],[13.920897,51.013884],[13.920885,51.01385],[13.920829,51.013784],[13.920739,51.013686],[13.920701,51.013645],[13.920624,51.013572],[13.920505,51.013438],[13.920403,51.013342],[13.920358,51.013287],[13.920289,51.013212],[13.920204,51.01316],[13.920166,51.013128],[13.919965,51.013193],[13.919765,51.013269],[13.919641,51.013322],[13.919442,51.013404],[13.919291,51.013305],[13.919036,51.013181],[13.919009,51.013166],[13.918978,51.013194],[13.918948,51.013247],[13.918961,51.013289],[13.918946,51.013309],[13.91894,51.013358],[13.918919,51.013367],[13.918868,51.013398],[13.918868,51.013416],[13.918807,51.013443],[13.91877,51.013451],[13.918649,51.013476],[13.918638,51.013496],[13.918582,51.013564],[13.918557,51.0136],[13.9185,51.013635],[13.918475,51.013674],[13.918434,51.01369],[13.918431,51.013707],[13.918403,51.013725],[13.918383,51.013753],[13.918384,51.013773],[13.918378,51.013775],[13.918341,51.013791],[13.918273,51.013818],[13.918264,51.013847],[13.918217,51.013896],[13.918193,51.013932],[13.918142,51.01401],[13.918116,51.014025],[13.918101,51.014035],[13.918075,51.014055],[13.91802,51.014075],[13.917968,51.014106],[13.917956,51.014138],[13.917857,51.014222],[13.917798,51.014241],[13.917765,51.014289],[13.917752,51.014305],[13.917737,51.014329],[13.917718,51.014355],[13.917685,51.014358],[13.917669,51.014386],[13.917654,51.014399],[13.917584,51.014455],[13.917531,51.014497],[13.917507,51.014528],[13.917464,51.014547],[13.917394,51.014578],[13.917344,51.014591],[13.917325,51.014625],[13.917324,51.014642],[13.917296,51.014677],[13.917248,51.014726],[13.917226,51.014758],[13.917207,51.014768],[13.917191,51.014763],[13.917153,51.014877],[13.917108,51.014926],[13.917111,51.014967],[13.917127,51.015025],[13.91714,51.015043],[13.917136,51.015065],[13.917074,51.015126],[13.917039,51.015219],[13.917026,51.015245],[13.917011,51.015354],[13.91697,51.015395],[13.916904,51.015447],[13.916898,51.015459],[13.916899,51.015492],[13.916879,51.015506],[13.91684,51.015524],[13.916848,51.015547],[13.916848,51.015564],[13.916833,51.015591],[13.916783,51.015635],[13.916772,51.01572],[13.916742,51.015754],[13.916666,51.015904],[13.916458,51.015981],[13.916291,51.016094],[13.916029,51.016213],[13.915715,51.016176],[13.915387,51.016193],[13.915324,51.016196],[13.914898,51.016221],[13.91461,51.016291],[13.914521,51.016313],[13.914397,51.016343],[13.914365,51.016284],[13.913925,51.016375],[13.913897,51.01638],[13.913359,51.016487],[13.912763,51.016639],[13.912335,51.016734],[13.91212,51.016822],[13.911944,51.016516],[13.911875,51.016395],[13.911735,51.01615],[13.911468,51.015683],[13.911243,51.01529],[13.911017,51.0149],[13.91105,51.014524],[13.911011,51.014481],[13.910873,51.014332],[13.910803,51.014267],[13.910781,51.014245],[13.910761,51.014224],[13.910696,51.014159],[13.9105,51.014054],[13.910305,51.01395],[13.9106,51.01368],[13.910893,51.013392],[13.911209,51.013067],[13.911171,51.013045],[13.911055,51.012978],[13.91084,51.012856],[13.910154,51.012756],[13.90944,51.012753],[13.908674,51.012731],[13.908667,51.012732],[13.908206,51.012795],[13.907765,51.01286],[13.907761,51.012829],[13.90776,51.012822],[13.907749,51.012792],[13.907732,51.012753],[13.907733,51.012689],[13.907719,51.012661],[13.907696,51.012636],[13.907694,51.012634],[13.907671,51.012607],[13.907674,51.012584],[13.907651,51.012558],[13.907649,51.012525],[13.907688,51.012486],[13.907688,51.012453],[13.907734,51.012449],[13.907759,51.012422],[13.907763,51.012397],[13.907787,51.01238],[13.907798,51.01235],[13.907853,51.012303],[13.907863,51.012242],[13.907875,51.012209],[13.907909,51.012196],[13.907896,51.012166],[13.907923,51.012153],[13.907915,51.012126],[13.907926,51.012093],[13.907912,51.01202],[13.907946,51.012002],[13.907947,51.011972],[13.907982,51.01195],[13.908012,51.011915],[13.908031,51.011866],[13.908051,51.011846],[13.908056,51.011819],[13.908067,51.011803],[13.908082,51.011769],[13.908116,51.011757],[13.908101,51.011724],[13.908141,51.011705],[13.908149,51.011679],[13.908186,51.011635],[13.908126,51.011554],[13.908077,51.011494],[13.907892,51.01141],[13.907579,51.011598],[13.907365,51.011702],[13.907127,51.011777],[13.906974,51.011851],[13.906795,51.011939],[13.906522,51.011905],[13.90622,51.01188],[13.906168,51.012015],[13.90602,51.012156],[13.905824,51.012341],[13.905715,51.012413],[13.905607,51.01246],[13.905592,51.012466],[13.905253,51.012468],[13.904914,51.012451],[13.904855,51.012446],[13.904658,51.012428],[13.904615,51.012425],[13.904494,51.012472],[13.904476,51.012454],[13.904416,51.012423],[13.904336,51.012394],[13.904087,51.012339],[13.903851,51.012296],[13.90368,51.012291],[13.903507,51.012287],[13.903399,51.012287],[13.903266,51.012288],[13.90314,51.012289],[13.902996,51.012298],[13.90295,51.0123],[13.902857,51.012291],[13.902779,51.012272],[13.902499,51.012175],[13.902339,51.012113],[13.902268,51.01209],[13.902224,51.012078],[13.902019,51.012033],[13.902005,51.012031],[13.902037,51.011944],[13.902028,51.011903],[13.901963,51.01168],[13.901922,51.011496],[13.90192,51.011487],[13.901728,51.011078],[13.901722,51.011066],[13.902226,51.010947],[13.902648,51.010838],[13.903079,51.010764],[13.903358,51.010725],[13.903076,51.010596],[13.903068,51.010488],[13.902792,51.010456],[13.902584,51.010408],[13.902483,51.010437],[13.902018,51.01058],[13.901667,51.010682],[13.901465,51.010732],[13.901405,51.010638],[13.901315,51.010497],[13.901269,51.01042],[13.901217,51.010337],[13.901175,51.010251],[13.901081,51.009981],[13.901039,51.009863],[13.900979,51.009694],[13.900545,51.009764],[13.900374,51.009792],[13.899985,51.009856],[13.899658,51.009917],[13.89956,51.009935],[13.899446,51.009957],[13.899284,51.009985],[13.899221,51.009996],[13.899202,51.01],[13.898914,51.01005],[13.898711,51.010087],[13.89849,51.010127],[13.898214,51.010173],[13.898189,51.010177],[13.897819,51.010232],[13.897713,51.010242],[13.897467,51.010266],[13.89723,51.010311],[13.897,51.010355],[13.896785,51.0104],[13.896746,51.010409],[13.896508,51.010459],[13.896478,51.010465],[13.896402,51.010479],[13.89638,51.010483],[13.896352,51.010488],[13.896202,51.01052],[13.89597,51.010614],[13.895745,51.010697],[13.895373,51.010833],[13.895238,51.010855],[13.895098,51.010863],[13.894919,51.010578],[13.89477,51.010594],[13.894322,51.010658],[13.894093,51.010672],[13.893787,51.01069],[13.893762,51.010692],[13.893629,51.010702],[13.893465,51.010718],[13.893637,51.011054],[13.893419,51.011106],[13.893259,51.011145],[13.893189,51.011119],[13.892878,51.01127],[13.893089,51.011491],[13.893047,51.011508],[13.892709,51.011645],[13.89235,51.011794],[13.892449,51.012041],[13.892532,51.012217],[13.892538,51.012229],[13.892566,51.012288],[13.892716,51.012578],[13.892745,51.012636],[13.892834,51.012813],[13.892873,51.0129],[13.892832,51.012907],[13.892794,51.01282],[13.892674,51.012586],[13.892528,51.012301],[13.892157,51.012411],[13.89195,51.012472],[13.891804,51.012515],[13.891768,51.012526],[13.891631,51.012566],[13.891112,51.01272],[13.890521,51.012895],[13.890508,51.012985],[13.89043,51.01298],[13.890132,51.012979],[13.889882,51.012989],[13.889846,51.012992],[13.889865,51.013081],[13.889764,51.013318],[13.889696,51.013479],[13.889548,51.013827],[13.889504,51.013932],[13.889311,51.014388],[13.889149,51.014769],[13.889119,51.014838],[13.888929,51.015286],[13.888824,51.015346],[13.88872,51.01547],[13.888912,51.015685],[13.889076,51.015934],[13.889451,51.016089],[13.889705,51.01632],[13.889948,51.016534],[13.89027,51.016817],[13.890274,51.01682],[13.89021,51.016918],[13.890147,51.017054],[13.89012,51.017145],[13.890136,51.017234],[13.890086,51.017238],[13.890073,51.017246],[13.889959,51.0173],[13.889965,51.017429],[13.889965,51.017589],[13.889931,51.017676],[13.889911,51.017673],[13.889876,51.01776],[13.889847,51.017797],[13.889781,51.017908],[13.88974,51.01797],[13.889671,51.018072],[13.889641,51.018114],[13.889564,51.01809],[13.889539,51.018069],[13.889476,51.018037],[13.889397,51.017964],[13.889347,51.017963],[13.889307,51.017949],[13.889269,51.017949],[13.889232,51.017937],[13.889131,51.017928],[13.889075,51.017908],[13.888982,51.017909],[13.888895,51.017898],[13.888867,51.017903],[13.888002,51.017927],[13.887729,51.017912],[13.887705,51.01791],[13.887427,51.017961],[13.88722,51.017999],[13.887053,51.018029],[13.887015,51.018024],[13.886991,51.017992],[13.886909,51.017974],[13.886839,51.017983],[13.886707,51.017997],[13.886486,51.017972],[13.886461,51.01797],[13.886457,51.017955],[13.886411,51.0179],[13.886273,51.017885],[13.886103,51.017873],[13.886077,51.017853],[13.886047,51.017848],[13.885952,51.017838],[13.885879,51.017848],[13.885773,51.017827],[13.885689,51.01783],[13.885653,51.017876],[13.885606,51.017889],[13.885514,51.017858],[13.885475,51.017849],[13.885368,51.017899],[13.885345,51.017912],[13.885253,51.017967],[13.885184,51.017987],[13.885162,51.01799],[13.88514,51.01797],[13.885099,51.017974],[13.885064,51.017967],[13.885007,51.017937],[13.884971,51.017898],[13.88498,51.017878],[13.884955,51.017849],[13.884804,51.017833],[13.884771,51.01783],[13.884643,51.017825],[13.884588,51.017825],[13.884376,51.017818],[13.88431,51.017815],[13.884191,51.017809],[13.88414,51.017803],[13.884039,51.01782],[13.88399,51.017815],[13.883951,51.017826],[13.883851,51.01782],[13.883791,51.01784],[13.883702,51.017841],[13.883648,51.017843],[13.883594,51.017839],[13.883555,51.017832],[13.883506,51.017817],[13.883463,51.017819],[13.88345,51.017786],[13.883427,51.01777],[13.883357,51.017722],[13.883325,51.01768],[13.883311,51.01764],[13.883311,51.017616],[13.883317,51.017556],[13.88329,51.017506],[13.883282,51.017483],[13.883275,51.017446],[13.88328,51.017404],[13.88323,51.017354],[13.883217,51.017319],[13.883205,51.017288],[13.883206,51.017263],[13.883188,51.017227],[13.883162,51.017214],[13.883141,51.017206],[13.883054,51.017168],[13.883002,51.017152],[13.88295,51.017138],[13.882886,51.017098],[13.882843,51.017076],[13.882768,51.017036],[13.882726,51.016978],[13.88272,51.016929],[13.882708,51.016913],[13.882703,51.016893],[13.882688,51.016884],[13.882676,51.016867],[13.882646,51.016853],[13.882604,51.016832],[13.882493,51.016804],[13.882411,51.016793],[13.882375,51.016764],[13.882308,51.016767],[13.882241,51.016765],[13.882225,51.016749],[13.8822,51.016734],[13.882173,51.016731],[13.882081,51.016729],[13.882068,51.016728],[13.882031,51.01672],[13.881994,51.016738],[13.881986,51.016742],[13.881971,51.01675],[13.88195,51.016761],[13.881901,51.016768],[13.881881,51.016771],[13.881845,51.016775],[13.881803,51.016782],[13.88174,51.016791],[13.881728,51.016792],[13.881617,51.016789],[13.881553,51.016794],[13.881547,51.016793],[13.881537,51.016795],[13.881272,51.016814],[13.88123,51.016829],[13.881125,51.01687],[13.881035,51.016894],[13.880976,51.016908],[13.880936,51.016914],[13.880836,51.016927],[13.8806,51.016859],[13.880556,51.016846],[13.880501,51.01682],[13.880448,51.016806],[13.880392,51.016809],[13.880157,51.01678],[13.880138,51.016776],[13.880066,51.016746],[13.880021,51.016718],[13.879905,51.016686],[13.879862,51.016676],[13.879764,51.016641],[13.879665,51.016645],[13.879652,51.016649],[13.87963,51.016645],[13.879548,51.016679],[13.879491,51.016689],[13.879375,51.016685],[13.879304,51.016682],[13.879242,51.016653],[13.879071,51.01657],[13.879036,51.016537],[13.879,51.016524],[13.878947,51.016489],[13.878884,51.016488],[13.878881,51.016488],[13.878796,51.016459],[13.878757,51.016423],[13.878651,51.016392],[13.87856,51.016363],[13.878515,51.016342],[13.878412,51.016332],[13.878296,51.016306],[13.878154,51.016538],[13.878005,51.016707],[13.877984,51.01673],[13.877967,51.016749],[13.877533,51.017],[13.877516,51.017012],[13.877494,51.017026],[13.877302,51.017156],[13.877176,51.017242],[13.877103,51.01732],[13.877079,51.01731],[13.877,51.017385],[13.876972,51.017409],[13.876957,51.017423],[13.876732,51.017622],[13.876483,51.017842],[13.876462,51.017861],[13.875913,51.01757],[13.875877,51.017502],[13.875731,51.017223],[13.87529,51.01681],[13.875207,51.016737],[13.875066,51.016747],[13.875115,51.017002],[13.875119,51.017059],[13.875112,51.017122],[13.875066,51.017066],[13.875,51.016925],[13.874935,51.016754],[13.874898,51.016688],[13.874812,51.016579],[13.874744,51.016533],[13.874744,51.016533],[13.87452,51.016384],[13.87444,51.016339],[13.874534,51.016271],[13.874454,51.016034],[13.874421,51.015634],[13.87397,51.015432],[13.873428,51.015329],[13.873292,51.015369],[13.872933,51.015478],[13.872775,51.015525],[13.872611,51.015574],[13.872579,51.015594],[13.871712,51.016146],[13.871653,51.016307],[13.871329,51.016466],[13.871239,51.016498],[13.871126,51.016531],[13.871,51.01658],[13.871088,51.016761],[13.871097,51.016887],[13.871117,51.017171],[13.870941,51.017301],[13.870508,51.017436],[13.870467,51.017447],[13.87021,51.017512],[13.870207,51.017513],[13.869939,51.017349],[13.869546,51.017343],[13.86934,51.017484],[13.869196,51.017582],[13.869409,51.017817],[13.86941,51.017818],[13.869099,51.017938],[13.868967,51.017999],[13.868747,51.018031],[13.868363,51.017982],[13.86819,51.018133],[13.867966,51.018247],[13.867964,51.018323],[13.867968,51.018458],[13.867683,51.01864],[13.867675,51.018766],[13.867366,51.01894],[13.867252,51.019088],[13.867406,51.019339],[13.867538,51.019524],[13.867471,51.019778],[13.867572,51.019865],[13.86764,51.019921],[13.867408,51.020131],[13.867369,51.020166],[13.86729,51.020231],[13.867237,51.020275],[13.866909,51.020494],[13.866716,51.020796],[13.866519,51.021079],[13.866472,51.021143],[13.866415,51.021222],[13.866396,51.021311],[13.866417,51.021313],[13.866526,51.021321],[13.866561,51.021323],[13.866585,51.021322],[13.86661,51.021321],[13.866639,51.021319],[13.866697,51.021312],[13.866742,51.021304],[13.866784,51.021296],[13.866856,51.021272],[13.866889,51.021259],[13.866921,51.02125],[13.86705,51.021222],[13.867095,51.021215],[13.86714,51.02121],[13.867193,51.021206],[13.8672,51.021205],[13.867246,51.0212],[13.867275,51.021197],[13.867288,51.021197],[13.867334,51.021201],[13.867379,51.021206],[13.8674,51.021208],[13.867435,51.021211],[13.867493,51.021217],[13.867512,51.02122],[13.867553,51.021232],[13.867604,51.021252],[13.867674,51.021277],[13.867736,51.021292],[13.867822,51.021306],[13.867915,51.021331],[13.867986,51.021351],[13.868043,51.021375],[13.868128,51.02141],[13.868178,51.021442],[13.868215,51.021483],[13.868266,51.021525],[13.868368,51.021589],[13.868426,51.021629],[13.868478,51.021667],[13.86853,51.021729],[13.868645,51.0218],[13.868763,51.021859],[13.868926,51.021945],[13.869061,51.022002],[13.869108,51.022022],[13.869123,51.022032],[13.869163,51.022058],[13.869256,51.022085],[13.86928,51.022091],[13.869361,51.022097],[13.869484,51.022113],[13.869546,51.022117],[13.86958,51.022116],[13.869608,51.022115],[13.869672,51.022113],[13.869744,51.022109],[13.869802,51.022105],[13.869876,51.022098],[13.869935,51.022099],[13.869993,51.022108],[13.870022,51.022117],[13.87007,51.022135],[13.87012,51.022156],[13.870184,51.022176],[13.870228,51.022191],[13.870268,51.022212],[13.870297,51.022222],[13.870304,51.022224],[13.870342,51.022234],[13.870386,51.02225],[13.87041,51.02226],[13.870434,51.022278],[13.870449,51.022293],[13.870456,51.0223],[13.87052,51.022352],[13.870558,51.022381],[13.870587,51.022401],[13.870653,51.022437],[13.87072,51.022473],[13.870771,51.022507],[13.870864,51.022573],[13.870889,51.022592],[13.870921,51.022598],[13.870987,51.022601],[13.871049,51.022598],[13.871076,51.022601],[13.87113,51.022605],[13.871157,51.022599],[13.871194,51.022595],[13.871277,51.022592],[13.871335,51.02258],[13.871464,51.022543],[13.871504,51.022541],[13.871582,51.022544],[13.871664,51.022547],[13.871751,51.022556],[13.871791,51.022558],[13.871863,51.022557],[13.87202,51.022551],[13.872154,51.022561],[13.872321,51.022591],[13.872402,51.022606],[13.872435,51.022616],[13.872456,51.022623],[13.872482,51.022637],[13.872509,51.022663],[13.872507,51.022679],[13.872475,51.022765],[13.872472,51.022781],[13.87249,51.022817],[13.872632,51.022816],[13.872697,51.02286],[13.872806,51.022891],[13.872816,51.022891],[13.87297,51.022912],[13.873061,51.022934],[13.873152,51.022936],[13.873278,51.022947],[13.873444,51.022896],[13.873644,51.022806],[13.873827,51.02284],[13.873964,51.022887],[13.874004,51.022924],[13.874047,51.022953],[13.874086,51.022998],[13.874076,51.023073],[13.874022,51.023133],[13.873977,51.023173],[13.873767,51.023236],[13.873665,51.023276],[13.87362,51.023282],[13.873559,51.023284],[13.873472,51.023276],[13.873438,51.023273],[13.87336,51.023266],[13.87335,51.023263],[13.873271,51.023237],[13.873154,51.023239],[13.873115,51.023243],[13.87295,51.023291],[13.872811,51.023312],[13.872813,51.023316],[13.872835,51.023372],[13.872852,51.0234],[13.872818,51.02343],[13.872772,51.023466],[13.872733,51.0235],[13.872706,51.023532],[13.872666,51.023579],[13.872642,51.02362],[13.872617,51.023789],[13.872611,51.023856],[13.872598,51.023982],[13.872595,51.024013],[13.872586,51.024099],[13.872573,51.024152],[13.872549,51.024214],[13.87251,51.024271],[13.872461,51.024373],[13.872455,51.024405],[13.872467,51.024497],[13.872481,51.024537],[13.872528,51.024626],[13.872548,51.024656],[13.872566,51.02468],[13.872585,51.0247],[13.872664,51.024779],[13.872737,51.024837],[13.872794,51.024874],[13.872928,51.024962],[13.872957,51.024982],[13.873,51.025012],[13.873053,51.025049],[13.873152,51.025124],[13.873206,51.025165],[13.87322,51.025181],[13.873263,51.025231],[13.873399,51.025203],[13.873408,51.025206],[13.873463,51.025273],[13.873512,51.025293],[13.873541,51.025316],[13.873576,51.025327],[13.873597,51.025344],[13.873616,51.02536],[13.873645,51.025393],[13.873688,51.025481],[13.873724,51.025526],[13.873732,51.025569],[13.873756,51.025621],[13.87377,51.025656],[13.873777,51.025707],[13.873798,51.025751],[13.873816,51.025803],[13.87385,51.025851],[13.873843,51.025882],[13.873853,51.02592],[13.873841,51.025929],[13.873819,51.025948],[13.873801,51.025993],[13.873801,51.026029],[13.873787,51.026069],[13.873781,51.026078],[13.873773,51.026096],[13.873762,51.02611],[13.873737,51.02615],[13.873687,51.026163],[13.873635,51.026219],[13.873612,51.026237],[13.873582,51.026269],[13.873523,51.02632],[13.873505,51.026369],[13.8735,51.026389],[13.873501,51.026421],[13.873502,51.026443],[13.873499,51.026453],[13.873496,51.026461],[13.873473,51.026495],[13.873426,51.026555],[13.873425,51.026568],[13.873429,51.026583],[13.873439,51.026599],[13.873449,51.026614],[13.873456,51.026634],[13.873462,51.026656],[13.873474,51.026688],[13.873489,51.02673],[13.873487,51.026738],[13.873467,51.026764],[13.873486,51.026809],[13.873489,51.026817],[13.873474,51.026874],[13.873459,51.026939],[13.873429,51.026961],[13.873446,51.026992],[13.873451,51.027005],[13.873457,51.027019],[13.873459,51.027029],[13.873464,51.027061],[13.873484,51.02713],[13.873488,51.0272],[13.873522,51.027236],[13.873525,51.027242],[13.873536,51.027255],[13.873568,51.027299],[13.87363,51.027385],[13.873659,51.027424],[13.873687,51.027466],[13.873707,51.027483],[13.873734,51.027505],[13.873846,51.027514],[13.873898,51.027518],[13.873891,51.027586],[13.873942,51.027601],[13.874004,51.027606],[13.874047,51.027586],[13.874092,51.027597],[13.873891,51.027688],[13.874149,51.027961],[13.874386,51.028235],[13.874481,51.028345],[13.874474,51.028469],[13.874446,51.028675],[13.874431,51.028832],[13.87443,51.02884],[13.874775,51.028774],[13.874938,51.02876],[13.874957,51.028758],[13.87569,51.028711],[13.876037,51.028732],[13.876489,51.028791],[13.876561,51.0288],[13.876914,51.028846],[13.877097,51.028784],[13.877205,51.028741],[13.877271,51.028722],[13.87731,51.028711],[13.877371,51.028739],[13.877505,51.028764],[13.877633,51.028784],[13.87771,51.028807],[13.877738,51.028847],[13.877729,51.02885],[13.877745,51.028857],[13.877816,51.028887],[13.877867,51.028929],[13.877901,51.028953],[13.877908,51.028957],[13.877915,51.028964],[13.877982,51.029019],[13.878012,51.029061],[13.878098,51.029098],[13.878201,51.029176],[13.878245,51.029247],[13.878301,51.029302],[13.878387,51.029388],[13.878414,51.029422],[13.878467,51.029466],[13.878494,51.0295],[13.878524,51.029545],[13.878629,51.029797],[13.878543,51.029971],[13.878538,51.029973],[13.87815,51.030072],[13.877804,51.030315],[13.87779,51.030325],[13.87791,51.03059],[13.878148,51.031119],[13.878243,51.031186],[13.878217,51.0312],[13.878285,51.031215],[13.878239,51.0313],[13.878416,51.03156],[13.878745,51.031532],[13.878746,51.031541],[13.878747,51.031548],[13.878764,51.031884],[13.878797,51.032167],[13.878853,51.032505],[13.878834,51.03274],[13.878861,51.032944],[13.878852,51.033121],[13.878828,51.033239],[13.878797,51.033348],[13.878806,51.033373],[13.878807,51.033379],[13.878808,51.033388],[13.87881,51.033414],[13.878808,51.033465],[13.878797,51.033514],[13.878826,51.033577],[13.878807,51.033642],[13.878754,51.033683],[13.878699,51.033733],[13.878658,51.033788],[13.878651,51.033849],[13.878604,51.0339],[13.878603,51.033902],[13.878551,51.03395],[13.878543,51.033989],[13.878528,51.034026],[13.878532,51.034068],[13.878522,51.034102],[13.87853,51.034139],[13.878544,51.034182],[13.878547,51.034224],[13.878554,51.034304],[13.878558,51.034386],[13.878555,51.03446],[13.878564,51.034496],[13.878553,51.034514],[13.878571,51.034531],[13.87855,51.034594],[13.878538,51.034667],[13.878522,51.03478],[13.878524,51.034817],[13.87851,51.034868],[13.878458,51.034911],[13.87841,51.034892],[13.878405,51.034895],[13.878377,51.034914],[13.87838,51.034956],[13.878389,51.035],[13.878389,51.035023],[13.878407,51.03505],[13.878452,51.035064],[13.878475,51.035085],[13.878466,51.035119],[13.878461,51.035134],[13.878535,51.035146],[13.878538,51.035181],[13.878573,51.035193],[13.878583,51.035197],[13.878675,51.035225],[13.878696,51.035239],[13.878794,51.035305],[13.878713,51.03536],[13.878656,51.035389],[13.878783,51.035507],[13.878855,51.035575],[13.878975,51.035527],[13.879087,51.035498],[13.87927,51.035429],[13.879468,51.035633],[13.879743,51.035728],[13.87992,51.035838],[13.879951,51.035885],[13.879956,51.035893],[13.880179,51.035957],[13.880197,51.035973],[13.880198,51.035987],[13.880195,51.035999],[13.880058,51.03606],[13.879969,51.036076],[13.879841,51.036104],[13.879732,51.036098],[13.879718,51.036112],[13.879715,51.036115],[13.879671,51.036201],[13.879624,51.036192],[13.879569,51.036274],[13.879483,51.036331],[13.879452,51.036362],[13.87947,51.036441],[13.879529,51.036478],[13.879583,51.036496],[13.879645,51.036521],[13.87966,51.036572],[13.879678,51.03661],[13.879654,51.036674],[13.879624,51.03671],[13.879639,51.036742],[13.879665,51.036757],[13.879758,51.036775],[13.879772,51.03681],[13.87979,51.036839],[13.879791,51.036847],[13.879792,51.036864],[13.879789,51.036901],[13.879785,51.036916],[13.879781,51.036925],[13.879754,51.036974],[13.879727,51.037012],[13.8797,51.037024],[13.879684,51.037042],[13.879695,51.037081],[13.879691,51.03711],[13.879662,51.037142],[13.879599,51.037178],[13.879574,51.03719],[13.87959,51.03721],[13.879607,51.037234],[13.879641,51.037291],[13.879656,51.037335],[13.879692,51.037362],[13.879707,51.03739],[13.879702,51.037421],[13.879678,51.037463],[13.879692,51.037495],[13.879681,51.037521],[13.879651,51.037548],[13.879605,51.037562],[13.879605,51.037564],[13.879599,51.037565],[13.879611,51.037578],[13.879614,51.037587],[13.879628,51.037613],[13.87925,51.037574],[13.879093,51.03761],[13.878685,51.037947],[13.878667,51.037961],[13.878623,51.037992],[13.87859,51.038008],[13.879056,51.038284],[13.879387,51.038486],[13.879709,51.038714],[13.879772,51.038759],[13.880063,51.039009],[13.880096,51.039037],[13.880121,51.039195],[13.880094,51.03932],[13.88007,51.039375],[13.880005,51.039524],[13.879947,51.039674],[13.879825,51.039789],[13.879802,51.039811],[13.880098,51.039967],[13.880233,51.040038],[13.880352,51.040088],[13.880344,51.040095],[13.880246,51.040178],[13.880332,51.04022],[13.880359,51.040233],[13.880425,51.040259],[13.880454,51.04029],[13.880494,51.040301],[13.880532,51.040278],[13.880601,51.04026],[13.880608,51.04024],[13.880633,51.040225],[13.880683,51.04024],[13.880751,51.040243],[13.880771,51.040255],[13.880817,51.04024],[13.880839,51.040255],[13.880854,51.040269],[13.880822,51.040285],[13.880836,51.040297],[13.880887,51.040324],[13.880914,51.040346],[13.880988,51.040384],[13.881062,51.040461],[13.881141,51.040431],[13.881195,51.040432],[13.881193,51.040473],[13.881168,51.040521],[13.881304,51.040548],[13.881376,51.040585],[13.881399,51.040581],[13.881481,51.040578],[13.881469,51.040595],[13.8815,51.040603],[13.88151,51.040578],[13.881568,51.040588],[13.881621,51.040595],[13.881655,51.040591],[13.881687,51.040588],[13.881727,51.040579],[13.88176,51.040597],[13.881786,51.040596],[13.881805,51.040611],[13.881836,51.040605],[13.881848,51.040609],[13.88188,51.040621],[13.881923,51.040605],[13.881928,51.040639],[13.881969,51.040645],[13.881987,51.040668],[13.882027,51.040674],[13.882075,51.040674],[13.882083,51.040708],[13.882115,51.040705],[13.882144,51.040718],[13.882187,51.040715],[13.882192,51.040716],[13.882207,51.040721],[13.882206,51.04073],[13.882203,51.040741],[13.882197,51.040771],[13.882204,51.040782],[13.882236,51.04079],[13.882282,51.040805],[13.882327,51.040818],[13.882317,51.040843],[13.882321,51.040849],[13.882324,51.040854],[13.882341,51.040885],[13.882407,51.040898],[13.882436,51.040941],[13.882516,51.040952],[13.882495,51.040974],[13.882528,51.040982],[13.882557,51.041024],[13.882605,51.041048],[13.882622,51.041037],[13.882641,51.041046],[13.882614,51.041078],[13.882625,51.041099],[13.882655,51.041101],[13.882706,51.041122],[13.882722,51.041112],[13.882731,51.04113],[13.882732,51.041151],[13.882753,51.041162],[13.882802,51.041155],[13.88292,51.041208],[13.882963,51.041216],[13.882989,51.041237],[13.883024,51.041249],[13.883063,51.041243],[13.883102,51.04124],[13.883147,51.041281],[13.883153,51.041283],[13.883174,51.041289],[13.883249,51.041301],[13.883307,51.041308],[13.883351,51.041308],[13.883383,51.041303],[13.883388,51.04131],[13.883406,51.04133],[13.883414,51.041333],[13.883452,51.04135],[13.883467,51.041365],[13.883496,51.041369],[13.883545,51.041365],[13.883568,51.041389],[13.883601,51.041396],[13.883592,51.041427],[13.883588,51.041444],[13.883606,51.041435],[13.88361,51.041434],[13.883634,51.041426],[13.883655,51.041458],[13.883669,51.041477],[13.883722,51.041491],[13.883737,51.041529],[13.883765,51.041534],[13.883792,51.041547],[13.883815,51.041577],[13.883835,51.041596],[13.883863,51.041639],[13.883902,51.04165],[13.883902,51.041667],[13.883914,51.041673],[13.883949,51.041689],[13.883984,51.04171],[13.883992,51.041729],[13.884,51.041746],[13.884037,51.041765],[13.884061,51.041765],[13.88409,51.041772],[13.884101,51.041775],[13.884143,51.041814],[13.884176,51.041814],[13.884228,51.041888],[13.884259,51.041902],[13.884284,51.04191],[13.884314,51.041912],[13.884315,51.041919],[13.884318,51.041934],[13.884382,51.041942],[13.884403,51.041974],[13.884445,51.041995],[13.884439,51.04203],[13.884453,51.042062],[13.884414,51.042094],[13.884423,51.042095],[13.884442,51.042099],[13.88445,51.042117],[13.88447,51.042121],[13.884489,51.042143],[13.884507,51.042176],[13.884514,51.042194],[13.884532,51.042221],[13.884562,51.042213],[13.884588,51.042228],[13.884599,51.042241],[13.884622,51.042256],[13.884635,51.042275],[13.884663,51.042293],[13.88471,51.042274],[13.884744,51.042277],[13.884793,51.042278],[13.884805,51.042272],[13.884812,51.042268],[13.884847,51.04228],[13.88493,51.042277],[13.884953,51.042274],[13.884987,51.042292],[13.885008,51.042336],[13.885022,51.042372],[13.885035,51.042395],[13.885037,51.042423],[13.88506,51.04243],[13.885086,51.042449],[13.88511,51.042485],[13.885131,51.042514],[13.885175,51.042552],[13.885234,51.042589],[13.885229,51.042612],[13.885231,51.042639],[13.885263,51.042664],[13.885243,51.042672],[13.885231,51.042685],[13.885223,51.04269],[13.885234,51.042706],[13.885658,51.043272],[13.885972,51.043665],[13.886041,51.043741],[13.886126,51.043811],[13.886224,51.043874],[13.886333,51.043929],[13.887222,51.044323],[13.887261,51.044337],[13.887446,51.044401],[13.888307,51.044673],[13.888641,51.044767],[13.889085,51.04493],[13.890053,51.045311],[13.890702,51.045573],[13.890778,51.045608],[13.890948,51.045675],[13.890975,51.045691],[13.891805,51.046061],[13.892229,51.046205],[13.892782,51.046473],[13.893602,51.046854],[13.894147,51.047101],[13.894488,51.047281],[13.894856,51.047501],[13.895304,51.047767],[13.895558,51.047944],[13.89588,51.048263],[13.896117,51.048496],[13.896342,51.048669],[13.896329,51.048758],[13.896479,51.048764],[13.896606,51.048768],[13.896754,51.048773],[13.896943,51.048766],[13.897071,51.048749],[13.897217,51.048723],[13.897367,51.048679],[13.897509,51.048626],[13.897778,51.048525],[13.898195,51.048348],[13.898236,51.04833],[13.898318,51.048403],[13.898432,51.048371],[13.89858,51.048591],[13.898778,51.048953],[13.89882,51.049044],[13.899362,51.049155],[13.899773,51.049259],[13.900137,51.049345],[13.900678,51.049514],[13.900913,51.049624],[13.900924,51.049629],[13.901087,51.049706],[13.901089,51.049707],[13.901679,51.050043],[13.902079,51.050264],[13.902419,51.050456],[13.902556,51.05048],[13.90241,51.050804],[13.902373,51.050865],[13.902315,51.050962],[13.902205,51.051065],[13.902063,51.051163],[13.901886,51.051266],[13.901874,51.051271],[13.901955,51.051345],[13.902168,51.051573],[13.902223,51.051631],[13.902458,51.051881],[13.902735,51.052176],[13.902743,51.052184],[13.902752,51.052194],[13.902783,51.052222],[13.902894,51.052414],[13.902958,51.052524],[13.902981,51.052563],[13.902992,51.052582],[13.903175,51.052634],[13.903224,51.052647],[13.903658,51.052762],[13.903946,51.05284],[13.904015,51.052845],[13.904028,51.052846],[13.904083,51.05285],[13.904263,51.052867],[13.904735,51.052919],[13.905175,51.052972],[13.905524,51.053],[13.905867,51.053004],[13.906088,51.053022],[13.906566,51.053115],[13.906821,51.053213],[13.907088,51.053316],[13.907369,51.053409],[13.907451,51.053433],[13.908049,51.053583],[13.90809,51.053593],[13.90813,51.053605],[13.908158,51.053613],[13.908208,51.053627],[13.908369,51.053673],[13.908794,51.053787],[13.909107,51.053866],[13.909502,51.05394],[13.909538,51.05395],[13.91,51.054068],[13.910152,51.054111],[13.910323,51.05416],[13.910657,51.054236],[13.91068,51.054242],[13.911167,51.054362],[13.912107,51.054458],[13.912133,51.054471],[13.912395,51.054604],[13.912556,51.054679],[13.912725,51.054759],[13.913011,51.054896],[13.913186,51.054972],[13.913382,51.055057],[13.913804,51.055278],[13.91412,51.055471],[13.914206,51.055546],[13.914281,51.055614],[13.914331,51.055648],[13.914459,51.055732],[13.91501,51.055744],[13.91529,51.055762],[13.91562,51.055783],[13.915648,51.055785],[13.91594,51.055811],[13.91632,51.055851],[13.916362,51.055856],[13.916842,51.05591],[13.916981,51.055926],[13.917008,51.055929],[13.917478,51.055971],[13.917607,51.055997],[13.917946,51.056053],[13.917986,51.056063],[13.918345,51.056167],[13.918647,51.056255],[13.918717,51.056271],[13.918815,51.056293],[13.919121,51.056363],[13.919185,51.056377],[13.919532,51.056446],[13.919743,51.056492],[13.919988,51.056544],[13.920326,51.056602],[13.920981,51.056729],[13.921006,51.056732],[13.921182,51.056754],[13.921486,51.056792],[13.921801,51.05683],[13.92186,51.056838],[13.921924,51.056846],[13.922433,51.056879],[13.922927,51.056906],[13.923062,51.056884],[13.923121,51.056868],[13.923138,51.056906],[13.923188,51.056898],[13.92321,51.056912],[13.923231,51.056925],[13.923244,51.056928],[13.923261,51.056917],[13.923233,51.056871],[13.92324,51.056853],[13.923271,51.056847],[13.923316,51.05687],[13.923325,51.05692],[13.923288,51.056934],[13.92329,51.056941],[13.923301,51.056967],[13.923304,51.056973],[13.923348,51.056964],[13.923428,51.056963],[13.923472,51.056994],[13.923471,51.057013],[13.923488,51.057017],[13.923495,51.057027],[13.923514,51.057093],[13.923557,51.057109],[13.923565,51.05712],[13.923597,51.05715],[13.923671,51.057187],[13.92369,51.05718],[13.923746,51.05716],[13.923765,51.057173],[13.923779,51.057221],[13.923781,51.057223],[13.923819,51.057257],[13.923847,51.057298],[13.923861,51.057311],[13.923888,51.057299],[13.923932,51.057326],[13.923997,51.05732],[13.924002,51.057357],[13.924032,51.057378],[13.924018,51.057398],[13.924031,51.05743],[13.924125,51.057473],[13.924134,51.057496],[13.924157,51.05751],[13.924145,51.05753],[13.924188,51.05755],[13.924193,51.057586],[13.924152,51.057575],[13.924119,51.057585],[13.924077,51.057598],[13.924116,51.057619],[13.924142,51.057657],[13.924037,51.057648],[13.924011,51.05769],[13.924049,51.0577],[13.924083,51.057687],[13.924142,51.057677],[13.924205,51.057703],[13.924186,51.057724],[13.924201,51.057739],[13.92427,51.057713],[13.924305,51.057729],[13.924289,51.05777],[13.924298,51.057782],[13.924325,51.057799],[13.924316,51.057806],[13.924311,51.05782],[13.924327,51.057819],[13.924331,51.057819],[13.92437,51.057852],[13.924366,51.057863],[13.924363,51.057874],[13.92438,51.057883],[13.924422,51.057886],[13.924455,51.057887],[13.924441,51.057916],[13.92447,51.057923],[13.924466,51.057958],[13.924451,51.057986],[13.924409,51.057999],[13.924379,51.057994],[13.924358,51.057965],[13.924344,51.057974],[13.924308,51.057998],[13.924324,51.058036],[13.92434,51.058041],[13.924355,51.058046],[13.924391,51.058025],[13.924423,51.058042],[13.924447,51.058072],[13.924445,51.058081],[13.92444,51.058111],[13.924483,51.058139],[13.924497,51.058177],[13.924535,51.058205],[13.924557,51.058198],[13.924578,51.058239],[13.924621,51.058263],[13.924655,51.058244],[13.924686,51.058228],[13.924719,51.058242],[13.924759,51.05826],[13.924739,51.058284],[13.924775,51.058321],[13.9248,51.058347],[13.924778,51.058388],[13.924754,51.058381],[13.924737,51.058375],[13.924739,51.058427],[13.924647,51.058396],[13.924648,51.058411],[13.924651,51.058448],[13.924704,51.05846],[13.924689,51.058485],[13.924654,51.058485],[13.924618,51.058526],[13.924614,51.058547],[13.924601,51.058584],[13.924636,51.058619],[13.92465,51.058637],[13.924677,51.058662],[13.924694,51.058684],[13.924699,51.058691],[13.924757,51.058733],[13.92476,51.058754],[13.924763,51.058771],[13.924808,51.058801],[13.924807,51.058813],[13.924758,51.058817],[13.924791,51.058849],[13.924809,51.058863],[13.924853,51.058867],[13.924874,51.058893],[13.924853,51.058913],[13.924843,51.058902],[13.924832,51.05891],[13.924823,51.058917],[13.924814,51.058924],[13.92484,51.058957],[13.924847,51.058966],[13.924892,51.058953],[13.924954,51.058978],[13.92494,51.059002],[13.924987,51.059008],[13.925013,51.059005],[13.925062,51.059016],[13.925088,51.05905],[13.92512,51.059056],[13.925117,51.059074],[13.92511,51.059112],[13.925124,51.059149],[13.92514,51.059191],[13.9251,51.059192],[13.925082,51.05921],[13.925027,51.059226],[13.925045,51.059241],[13.925054,51.059249],[13.925107,51.059274],[13.925113,51.059339],[13.925031,51.059325],[13.925039,51.05937],[13.925088,51.059367],[13.925109,51.059378],[13.925095,51.059393],[13.925127,51.059399],[13.925137,51.059421],[13.9251,51.059437],[13.925069,51.059468],[13.925079,51.05948],[13.92512,51.059469],[13.925139,51.059481],[13.925126,51.059505],[13.925117,51.059545],[13.925112,51.059567],[13.925083,51.059577],[13.925073,51.059548],[13.925014,51.059535],[13.924964,51.059545],[13.924954,51.059595],[13.924982,51.059639],[13.925025,51.05964],[13.925039,51.059658],[13.925051,51.059669],[13.925077,51.059692],[13.924966,51.059695],[13.924963,51.059702],[13.924949,51.059732],[13.92494,51.059752],[13.924901,51.059749],[13.924884,51.059735],[13.924854,51.059735],[13.924828,51.059776],[13.924806,51.059812],[13.924786,51.059817],[13.924769,51.059822],[13.924739,51.059841],[13.924701,51.059844],[13.924715,51.059865],[13.924755,51.05987],[13.924765,51.059894],[13.924725,51.059909],[13.924713,51.059922],[13.924708,51.059928],[13.92473,51.059949],[13.924737,51.059975],[13.924702,51.060001],[13.924726,51.060021],[13.924757,51.060046],[13.924779,51.060065],[13.924818,51.060074],[13.92485,51.060054],[13.924857,51.06005],[13.92487,51.060053],[13.924895,51.060058],[13.924897,51.060091],[13.924883,51.0601],[13.924885,51.060108],[13.924889,51.060119],[13.924916,51.060111],[13.924946,51.060088],[13.924948,51.060065],[13.924949,51.060053],[13.92499,51.060022],[13.925002,51.060029],[13.925022,51.06004],[13.925067,51.060032],[13.925119,51.060058],[13.925153,51.060061],[13.925144,51.060082],[13.925208,51.06009],[13.925241,51.060094],[13.925257,51.060096],[13.925262,51.060107],[13.925292,51.060111],[13.925316,51.060131],[13.925359,51.060147],[13.925363,51.060161],[13.925312,51.060174],[13.925271,51.060187],[13.925263,51.060191],[13.925273,51.060208],[13.925271,51.060226],[13.92527,51.060231],[13.925229,51.060239],[13.925161,51.060242],[13.925154,51.060258],[13.925104,51.060251],[13.925069,51.060238],[13.925,51.060232],[13.924996,51.060237],[13.924991,51.060244],[13.924998,51.060268],[13.925047,51.060317],[13.925056,51.060339],[13.925045,51.060374],[13.925074,51.060375],[13.925085,51.060393],[13.925108,51.060426],[13.925185,51.060438],[13.925184,51.060451],[13.925183,51.060463],[13.925193,51.06049],[13.925206,51.060522],[13.925159,51.06055],[13.925165,51.060562],[13.925151,51.060568],[13.925121,51.060581],[13.925071,51.06061],[13.925062,51.060643],[13.925028,51.060639],[13.925028,51.060649],[13.925021,51.060659],[13.925032,51.060685],[13.925026,51.060732],[13.925054,51.060753],[13.925018,51.060762],[13.925004,51.060802],[13.925017,51.060809],[13.925031,51.060816],[13.925013,51.060872],[13.92502,51.060897],[13.925018,51.060924],[13.925039,51.060945],[13.925078,51.06096],[13.925132,51.061006],[13.925112,51.061019],[13.92509,51.061007],[13.925064,51.061027],[13.925069,51.061065],[13.925057,51.061098],[13.92506,51.061126],[13.925043,51.061151],[13.92507,51.061161],[13.92505,51.061168],[13.925072,51.061174],[13.92501,51.06121],[13.924993,51.061218],[13.924939,51.061226],[13.924945,51.061244],[13.924962,51.061271],[13.924976,51.061285],[13.924983,51.061306],[13.924987,51.061332],[13.924966,51.061343],[13.92493,51.061387],[13.924976,51.061381],[13.924996,51.061387],[13.925008,51.061416],[13.925003,51.061424],[13.924991,51.061449],[13.925021,51.061469],[13.925031,51.061482],[13.925219,51.061465],[13.925523,51.061488],[13.925532,51.061495],[13.925681,51.061607],[13.925715,51.061632],[13.925737,51.061648],[13.925918,51.0618],[13.926095,51.062034],[13.926107,51.06205],[13.926459,51.062014],[13.9268,51.061979],[13.92688,51.061973],[13.926942,51.061971],[13.92697,51.06197],[13.927095,51.061972],[13.927236,51.061983],[13.927374,51.062002],[13.927476,51.06202],[13.927847,51.062096],[13.927909,51.062109],[13.928001,51.062124],[13.928116,51.06213],[13.928203,51.062128],[13.928285,51.06211],[13.928276,51.062103],[13.928316,51.062105],[13.928473,51.062069],[13.92849,51.062065],[13.928583,51.06209],[13.928638,51.062109],[13.928756,51.062138],[13.928796,51.062145],[13.929107,51.062153],[13.929106,51.062134],[13.929103,51.062081],[13.929165,51.062083],[13.929227,51.062106],[13.929337,51.062102],[13.929408,51.062092],[13.929577,51.062074],[13.930282,51.061933],[13.930496,51.061897],[13.930731,51.061858],[13.930773,51.061857],[13.931333,51.061825],[13.932182,51.061773],[13.932178,51.061839],[13.932185,51.061874],[13.932678,51.062002],[13.933483,51.062047],[13.933609,51.062054],[13.933614,51.062054],[13.933921,51.06207],[13.933942,51.06211],[13.934005,51.06218],[13.933856,51.062607],[13.933845,51.062638],[13.933745,51.062653],[13.933714,51.062959],[13.933704,51.063191],[13.934247,51.063137],[13.934228,51.063264],[13.934179,51.063356],[13.934035,51.063392],[13.933796,51.063387],[13.934272,51.063454],[13.934318,51.06346],[13.934364,51.063467],[13.934408,51.063473],[13.93447,51.063482],[13.93453,51.063491],[13.934575,51.063497],[13.934914,51.063527],[13.934942,51.06353],[13.935189,51.063553],[13.935302,51.063557],[13.93543,51.063561],[13.935487,51.063563],[13.935887,51.063574],[13.935956,51.063575],[13.936348,51.063585],[13.936701,51.063594],[13.937776,51.063617],[13.938772,51.06364],[13.939801,51.063662],[13.940875,51.063688],[13.941057,51.063692],[13.94147,51.063759],[13.941953,51.063838],[13.942294,51.063846],[13.942359,51.063848],[13.942446,51.063924],[13.942889,51.064332],[13.943086,51.064493],[13.943103,51.064506],[13.943123,51.064522],[13.94353,51.064867],[13.942959,51.065037],[13.942726,51.065139],[13.942245,51.06535],[13.942023,51.065372],[13.941897,51.065385],[13.941338,51.06572],[13.941226,51.065806],[13.940911,51.066047],[13.940664,51.066237],[13.940094,51.06647],[13.940052,51.066487],[13.94,51.066508],[13.939995,51.06648],[13.939993,51.06647],[13.939981,51.066407],[13.939787,51.066232],[13.938795,51.065388],[13.938504,51.065541],[13.938144,51.06574],[13.937754,51.065935],[13.937927,51.066074],[13.938342,51.06642],[13.938689,51.066725],[13.93869,51.066725],[13.938047,51.066909],[13.937621,51.067044],[13.937172,51.067187],[13.937056,51.067225],[13.936901,51.067273],[13.936467,51.067465],[13.936912,51.067793],[13.937369,51.068097],[13.937626,51.068371],[13.937854,51.068619],[13.938101,51.068895],[13.938151,51.068962],[13.93839,51.069248],[13.938698,51.069627],[13.938712,51.069644],[13.938727,51.06966],[13.93888,51.069831],[13.939106,51.070075],[13.939415,51.070432],[13.939721,51.070749],[13.939915,51.070986],[13.940031,51.071127],[13.940199,51.071333],[13.940506,51.071733],[13.940653,51.071918],[13.940771,51.072049],[13.940887,51.072177],[13.940933,51.072235],[13.941048,51.072378],[13.941371,51.07279],[13.941536,51.073018],[13.941891,51.072879],[13.94234,51.072703],[13.942867,51.072493],[13.943658,51.072177],[13.943865,51.072339],[13.944213,51.072624],[13.944387,51.072793],[13.944943,51.072574],[13.94771,51.072938],[13.949166,51.0731],[13.949898,51.073269],[13.949898,51.073282],[13.949753,51.073653],[13.950678,51.073906],[13.950754,51.07392],[13.950758,51.073908],[13.951137,51.073964],[13.951341,51.07402],[13.951499,51.07404],[13.951832,51.074014],[13.952203,51.073999],[13.952535,51.073984],[13.952995,51.073931]]]}},{"type":"Feature","id":"dresden-03","properties":{"city":"Dresden","state":"Sachsen","code":"03","name":"Seevorstadt-Ost/Großer Garten mit Strehlen-Nordwest","name_atlas":"Seevorstadt-Ost/Großer Garten/Strehlen-Nordwest","population_est":8741,"crime_total":{"cases":4059,"rate":46436.0},"homicide":{"cases":1,"rate":11.4},"sexual":{"cases":68,"rate":777.9},"violence_proxy":{"cases":625,"rate":7150.2},"property_total":{"cases":1977,"rate":22617.5},"simple_theft":{"cases":1603,"rate":18338.9},"aggravated_theft":{"cases":374,"rate":4278.7},"fraud":{"cases":438,"rate":5010.9},"other_stgb":{"cases":657,"rate":7516.3},"secondary_law":{"cases":293,"rate":3352.0}},"geometry":{"type":"Polygon","coordinates":[[[13.747362,51.035253],[13.747088,51.035344],[13.746645,51.035491],[13.746399,51.035573],[13.744969,51.036033],[13.7445,51.03619],[13.744213,51.036279],[13.744107,51.036312],[13.743633,51.036459],[13.743091,51.036636],[13.742682,51.03677],[13.741395,51.037198],[13.741037,51.037313],[13.7403,51.037552],[13.739972,51.037659],[13.739708,51.037744],[13.739298,51.037877],[13.738602,51.03807],[13.738181,51.03817],[13.737533,51.03827],[13.737448,51.038283],[13.73731,51.038304],[13.7373,51.038306],[13.737221,51.03821],[13.737052,51.038004],[13.73699,51.037929],[13.736955,51.037885],[13.73689,51.037805],[13.736036,51.038067],[13.735065,51.038383],[13.735058,51.038385],[13.733369,51.038953],[13.733279,51.038975],[13.733206,51.038994],[13.733276,51.039083],[13.733149,51.039124],[13.733133,51.039129],[13.733111,51.039136],[13.732616,51.039298],[13.731348,51.03972],[13.730729,51.039918],[13.730276,51.040063],[13.730212,51.039983],[13.729545,51.040205],[13.729405,51.040266],[13.730346,51.04142],[13.730055,51.041514],[13.730122,51.041579],[13.730184,51.041631],[13.730153,51.041639],[13.730177,51.04164],[13.730193,51.041646],[13.730206,51.04165],[13.730323,51.041747],[13.730407,51.041817],[13.730455,51.041794],[13.73057,51.041753],[13.730579,51.041763],[13.730581,51.041765],[13.730603,51.041797],[13.730638,51.041866],[13.730667,51.041925],[13.730738,51.042017],[13.730851,51.042162],[13.730852,51.042163],[13.730848,51.042195],[13.730843,51.042236],[13.730868,51.04228],[13.730881,51.042304],[13.730897,51.04232],[13.73097,51.042393],[13.731048,51.042466],[13.731077,51.042457],[13.731113,51.042446],[13.731234,51.042455],[13.73133,51.042496],[13.731392,51.04255],[13.731439,51.042592],[13.731713,51.042833],[13.731726,51.042844],[13.73197,51.043053],[13.732314,51.043341],[13.732562,51.0436],[13.73277,51.043736],[13.733354,51.044185],[13.733499,51.044336],[13.733558,51.044477],[13.733605,51.044648],[13.733555,51.044954],[13.73342,51.046419],[13.733451,51.046423],[13.733508,51.046432],[13.73353,51.046435],[13.73371,51.046461],[13.734076,51.046536],[13.73438,51.046598],[13.734833,51.046664],[13.734866,51.046667],[13.734869,51.046667],[13.735399,51.046742],[13.736122,51.046835],[13.736899,51.046935],[13.737269,51.046966],[13.737538,51.046995],[13.737786,51.047019],[13.737949,51.047033],[13.738165,51.047042],[13.738417,51.047038],[13.73919,51.047018],[13.739681,51.046992],[13.739899,51.046973],[13.740093,51.046957],[13.740173,51.046933],[13.740566,51.046816],[13.740583,51.046811],[13.74063,51.046788],[13.740889,51.046662],[13.740936,51.046618],[13.740966,51.04659],[13.741078,51.046484],[13.741084,51.046478],[13.741122,51.046431],[13.741155,51.046391],[13.741198,51.046338],[13.741619,51.04648],[13.741622,51.046481],[13.741642,51.046457],[13.74175,51.046323],[13.741751,51.046322],[13.741753,51.046319],[13.741768,51.046301],[13.74185,51.046173],[13.741938,51.045986],[13.741939,51.045919],[13.741928,51.045837],[13.741925,51.045784],[13.741906,51.045712],[13.741876,51.045635],[13.741807,51.045497],[13.74173,51.045365],[13.74163,51.045224],[13.741583,51.045154],[13.741559,51.045117],[13.741665,51.045099],[13.741819,51.045061],[13.741862,51.045103],[13.741964,51.045064],[13.742456,51.044864],[13.742225,51.044634],[13.742495,51.044036],[13.74256,51.043893],[13.742713,51.043832],[13.742769,51.043714],[13.742797,51.043654],[13.742844,51.043586],[13.742894,51.04351],[13.742898,51.043505],[13.742933,51.043455],[13.742985,51.043469],[13.743141,51.04363],[13.743471,51.043986],[13.743921,51.044472],[13.744129,51.044694],[13.744815,51.045427],[13.745332,51.045979],[13.745368,51.046006],[13.745396,51.046036],[13.745583,51.046234],[13.746494,51.045906],[13.746594,51.045868],[13.746645,51.045849],[13.746726,51.045948],[13.746816,51.046052],[13.746882,51.046128],[13.746926,51.046157],[13.746992,51.046161],[13.746994,51.04616],[13.747066,51.046125],[13.747289,51.045959],[13.747483,51.04583],[13.748037,51.045462],[13.748564,51.045111],[13.749117,51.044747],[13.749125,51.044741],[13.749713,51.045466],[13.749753,51.045516],[13.749875,51.045682],[13.750166,51.046186],[13.750356,51.04612],[13.750547,51.046054],[13.751337,51.045786],[13.751394,51.045767],[13.752222,51.045465],[13.753016,51.045189],[13.753033,51.045187],[13.753081,51.04518],[13.75315,51.0452],[13.753197,51.045235],[13.753199,51.045237],[13.753601,51.04575],[13.753607,51.04575],[13.754036,51.04578],[13.754097,51.045794],[13.754396,51.045692],[13.754486,51.045785],[13.754713,51.046046],[13.754819,51.046014],[13.754966,51.045969],[13.755239,51.045902],[13.755512,51.04583],[13.755786,51.045734],[13.756446,51.045477],[13.758383,51.044714],[13.758467,51.04468],[13.759049,51.044446],[13.759439,51.044292],[13.760136,51.044022],[13.760547,51.043858],[13.760818,51.043747],[13.761806,51.043341],[13.762113,51.043219],[13.76222,51.043177],[13.763242,51.042773],[13.764085,51.042446],[13.766501,51.041492],[13.766563,51.041467],[13.767709,51.040997],[13.76929,51.040385],[13.769942,51.04012],[13.770776,51.039797],[13.771005,51.03968],[13.77171,51.039411],[13.77192,51.03933],[13.772299,51.039184],[13.773586,51.038672],[13.774976,51.038127],[13.775894,51.037763],[13.775942,51.037744],[13.775954,51.037739],[13.777252,51.037224],[13.777176,51.037148],[13.77747,51.037026],[13.777664,51.036952],[13.777791,51.036894],[13.777847,51.036849],[13.777854,51.03681],[13.777233,51.036185],[13.776901,51.035852],[13.776338,51.035291],[13.775754,51.034715],[13.77566,51.03462],[13.775583,51.034544],[13.775589,51.034542],[13.775509,51.034468],[13.7748,51.033753],[13.774797,51.03375],[13.774769,51.033722],[13.774786,51.033716],[13.77477,51.033714],[13.774653,51.033595],[13.774489,51.033428],[13.774399,51.033338],[13.774418,51.033332],[13.77441,51.033324],[13.774382,51.033297],[13.774379,51.033294],[13.774361,51.033301],[13.774357,51.033297],[13.774335,51.033275],[13.774352,51.033268],[13.774349,51.033265],[13.77432,51.033234],[13.774314,51.033228],[13.774298,51.033235],[13.774116,51.033057],[13.773961,51.032904],[13.773917,51.032861],[13.773813,51.032759],[13.77373,51.032677],[13.773151,51.032103],[13.773124,51.032077],[13.773132,51.032035],[13.773098,51.032048],[13.773092,51.03205],[13.773019,51.031972],[13.772968,51.031921],[13.772896,51.031849],[13.772588,51.031541],[13.772209,51.031156],[13.771835,51.030775],[13.771074,51.030012],[13.77107,51.030013],[13.771046,51.029986],[13.770949,51.029878],[13.770949,51.029877],[13.771145,51.029814],[13.770879,51.029535],[13.770754,51.029404],[13.770654,51.0293],[13.77056,51.029201],[13.770401,51.029036],[13.770235,51.028874],[13.769926,51.028606],[13.769918,51.028599],[13.769619,51.028306],[13.769526,51.028205],[13.769479,51.028154],[13.769381,51.028055],[13.768949,51.028192],[13.768184,51.028443],[13.767556,51.028648],[13.766472,51.029005],[13.766011,51.029158],[13.765661,51.029273],[13.76484,51.029538],[13.764752,51.029566],[13.764082,51.029786],[13.763245,51.030073],[13.762401,51.030337],[13.761305,51.030699],[13.761043,51.030787],[13.760992,51.030804],[13.76097,51.030811],[13.760776,51.030876],[13.759829,51.031178],[13.759018,51.031448],[13.758257,51.031685],[13.757489,51.031926],[13.757215,51.032017],[13.75642,51.032281],[13.756409,51.032264],[13.755685,51.032511],[13.753908,51.033101],[13.75301,51.033401],[13.752667,51.033519],[13.752073,51.033724],[13.751633,51.033859],[13.751373,51.03394],[13.750586,51.034193],[13.749512,51.034562],[13.749389,51.034602],[13.749306,51.034629],[13.74853,51.034882],[13.748284,51.034959],[13.748081,51.035022],[13.747362,51.035253]]]}},{"type":"Feature","id":"dresden-56","properties":{"city":"Dresden","state":"Sachsen","code":"56","name":"Seidnitz/Dobritz","name_atlas":"Seidnitz/Dobritz","population_est":13220,"crime_total":{"cases":1070,"rate":8094.0},"homicide":{"cases":1,"rate":7.6},"sexual":{"cases":19,"rate":143.7},"violence_proxy":{"cases":190,"rate":1437.2},"property_total":{"cases":414,"rate":3131.6},"simple_theft":{"cases":167,"rate":1263.2},"aggravated_theft":{"cases":247,"rate":1868.4},"fraud":{"cases":197,"rate":1490.2},"other_stgb":{"cases":222,"rate":1679.3},"secondary_law":{"cases":27,"rate":204.2}},"geometry":{"type":"Polygon","coordinates":[[[13.80916,51.028095],[13.809365,51.028137],[13.809779,51.028167],[13.810217,51.028183],[13.810449,51.028192],[13.810971,51.028219],[13.81104,51.028223],[13.811057,51.02814],[13.811218,51.028077],[13.811326,51.02803],[13.811456,51.027974],[13.811676,51.027882],[13.812045,51.027727],[13.812594,51.027495],[13.813095,51.027284],[13.813273,51.027214],[13.813497,51.027126],[13.813517,51.027119],[13.814024,51.026921],[13.813878,51.026778],[13.81463,51.026409],[13.815598,51.025934],[13.815666,51.025901],[13.815409,51.025602],[13.816753,51.025294],[13.817466,51.025135],[13.817488,51.025131],[13.817504,51.025127],[13.817491,51.025111],[13.817549,51.025115],[13.817551,51.025117],[13.817713,51.025269],[13.81781,51.02536],[13.817986,51.025502],[13.817989,51.025504],[13.818236,51.025692],[13.818251,51.025678],[13.818438,51.02551],[13.818495,51.025458],[13.818601,51.025536],[13.818772,51.025661],[13.81916,51.025993],[13.819348,51.026164],[13.819362,51.026166],[13.820459,51.025659],[13.820467,51.025656],[13.820257,51.025317],[13.820134,51.025113],[13.820114,51.025078],[13.819938,51.024826],[13.819867,51.024733],[13.819811,51.02466],[13.819759,51.024595],[13.819701,51.024524],[13.81964,51.02446],[13.819522,51.024345],[13.819089,51.023933],[13.819006,51.023853],[13.818753,51.023601],[13.818403,51.023291],[13.818267,51.023149],[13.818169,51.023007],[13.818106,51.02288],[13.818082,51.022779],[13.818079,51.022671],[13.818094,51.022564],[13.818097,51.022554],[13.8181,51.022545],[13.818103,51.022535],[13.818106,51.022525],[13.81811,51.022515],[13.818113,51.022505],[13.818117,51.022496],[13.81812,51.022486],[13.818124,51.022476],[13.818128,51.022467],[13.818132,51.022457],[13.818136,51.022447],[13.81814,51.022438],[13.818145,51.022428],[13.818149,51.022419],[13.818154,51.022409],[13.818158,51.022399],[13.818163,51.02239],[13.818168,51.02238],[13.818173,51.022371],[13.818178,51.022361],[13.818183,51.022352],[13.818188,51.022343],[13.818193,51.022333],[13.818199,51.022324],[13.818204,51.022314],[13.818295,51.022161],[13.818333,51.022089],[13.818361,51.022005],[13.818368,51.021983],[13.818379,51.021895],[13.818372,51.021808],[13.818358,51.02172],[13.818273,51.021516],[13.818233,51.021393],[13.818196,51.021277],[13.818165,51.021169],[13.818128,51.021044],[13.818073,51.020908],[13.817622,51.020301],[13.817574,51.020229],[13.817531,51.020131],[13.817499,51.020031],[13.817492,51.019895],[13.81751,51.019577],[13.817516,51.019481],[13.817545,51.019389],[13.817563,51.019346],[13.817588,51.019297],[13.817643,51.01921],[13.817712,51.019125],[13.81777,51.019069],[13.817793,51.019046],[13.817851,51.01895],[13.817911,51.018853],[13.817953,51.018753],[13.817968,51.018686],[13.817975,51.018654],[13.817994,51.018347],[13.818,51.018266],[13.818004,51.018196],[13.818039,51.017748],[13.818076,51.01728],[13.818078,51.017249],[13.818174,51.017247],[13.818149,51.017104],[13.818116,51.017033],[13.818143,51.016747],[13.818145,51.016725],[13.818146,51.016712],[13.818148,51.016678],[13.818149,51.016659],[13.818138,51.016423],[13.818132,51.016312],[13.81813,51.016266],[13.818119,51.01616],[13.818089,51.016058],[13.81802,51.01596],[13.817825,51.015722],[13.817722,51.01562],[13.817584,51.015532],[13.81741,51.015441],[13.817275,51.015361],[13.817209,51.015414],[13.816764,51.015746],[13.816539,51.015929],[13.816429,51.016018],[13.816259,51.01617],[13.816161,51.016257],[13.816071,51.016123],[13.815949,51.016028],[13.815188,51.015607],[13.814101,51.015016],[13.814096,51.015014],[13.813926,51.014922],[13.813779,51.014854],[13.813671,51.014805],[13.813545,51.014755],[13.813351,51.014657],[13.813111,51.014528],[13.812866,51.014414],[13.812565,51.014256],[13.812558,51.014252],[13.812063,51.01399],[13.811636,51.013763],[13.811553,51.013719],[13.811388,51.01363],[13.811241,51.01356],[13.811098,51.013466],[13.811095,51.013464],[13.810874,51.013249],[13.810651,51.013031],[13.810491,51.012871],[13.810324,51.012727],[13.810142,51.012583],[13.810137,51.012579],[13.809949,51.012445],[13.809377,51.012056],[13.809131,51.011886],[13.808799,51.011673],[13.808794,51.01167],[13.808742,51.011633],[13.808566,51.011507],[13.808526,51.011479],[13.808521,51.011475],[13.808319,51.011596],[13.807511,51.012079],[13.806563,51.012654],[13.805592,51.013235],[13.804587,51.013846],[13.804217,51.014063],[13.80414,51.014012],[13.803677,51.014086],[13.803446,51.014126],[13.803228,51.013952],[13.803027,51.013792],[13.802847,51.01388],[13.802846,51.013881],[13.802491,51.014183],[13.802219,51.014415],[13.802114,51.014505],[13.801752,51.014814],[13.80161,51.014934],[13.801383,51.015128],[13.801201,51.015239],[13.800937,51.015398],[13.800873,51.015437],[13.800865,51.015435],[13.800402,51.015377],[13.800329,51.015607],[13.800291,51.015725],[13.800181,51.01599],[13.800133,51.01601],[13.799613,51.016226],[13.799468,51.016256],[13.798809,51.016486],[13.798478,51.016601],[13.798073,51.016743],[13.797879,51.01681],[13.797608,51.01692],[13.797616,51.016935],[13.797594,51.016941],[13.797566,51.01689],[13.797199,51.0162],[13.797184,51.016171],[13.797142,51.016178],[13.797117,51.016121],[13.796272,51.016525],[13.796112,51.016598],[13.795805,51.016737],[13.795347,51.016945],[13.795093,51.017057],[13.794964,51.017114],[13.794407,51.01736],[13.794321,51.017405],[13.794195,51.01745],[13.793904,51.017599],[13.793601,51.01778],[13.79338,51.017913],[13.793143,51.018064],[13.792931,51.01819],[13.792829,51.018239],[13.792114,51.018556],[13.792112,51.018558],[13.790648,51.019208],[13.789987,51.019484],[13.789948,51.019494],[13.79001,51.019661],[13.790274,51.020377],[13.790157,51.020417],[13.790016,51.020511],[13.789804,51.020686],[13.789363,51.020995],[13.789359,51.020998],[13.788698,51.021542],[13.78839,51.021769],[13.788364,51.021788],[13.788113,51.021863],[13.788071,51.021799],[13.788066,51.02179],[13.788024,51.021725],[13.787102,51.022029],[13.786642,51.022181],[13.786592,51.022197],[13.786625,51.022239],[13.786645,51.022264],[13.786722,51.02233],[13.786746,51.022357],[13.786906,51.022536],[13.787006,51.022648],[13.786648,51.022767],[13.786299,51.022879],[13.786274,51.022858],[13.786195,51.022884],[13.78534,51.023168],[13.78411,51.023561],[13.783742,51.023684],[13.783433,51.023792],[13.783393,51.023763],[13.783025,51.023885],[13.782653,51.024006],[13.78223,51.024144],[13.781925,51.024239],[13.781658,51.024321],[13.781673,51.02433],[13.781766,51.024402],[13.782195,51.024724],[13.782635,51.025047],[13.783065,51.025371],[13.78348,51.025676],[13.783588,51.025756],[13.783641,51.025795],[13.783901,51.025982],[13.78414,51.026154],[13.784293,51.026265],[13.784698,51.026556],[13.784822,51.026645],[13.785102,51.026847],[13.785178,51.026899],[13.78506,51.026977],[13.784973,51.027049],[13.785028,51.027107],[13.78526,51.027352],[13.785476,51.027581],[13.785667,51.027784],[13.786361,51.02852],[13.786758,51.02894],[13.786886,51.029075],[13.787123,51.029326],[13.787156,51.029361],[13.78718,51.029385],[13.787229,51.029435],[13.787332,51.029538],[13.7877,51.029926],[13.788085,51.030316],[13.788317,51.030532],[13.78726,51.030717],[13.786912,51.03079],[13.78661,51.030861],[13.786428,51.03091],[13.786569,51.030971],[13.786774,51.031096],[13.786992,51.031226],[13.787032,51.03125],[13.787306,51.03139],[13.787506,51.031489],[13.787716,51.031588],[13.787898,51.031677],[13.788067,51.031764],[13.788248,51.031859],[13.788438,51.031965],[13.788472,51.031985],[13.788591,51.032065],[13.788778,51.032194],[13.788945,51.03231],[13.78911,51.032414],[13.789164,51.032462],[13.789189,51.032485],[13.78941,51.032681],[13.789543,51.03278],[13.789615,51.032843],[13.789625,51.032864],[13.789636,51.032888],[13.7897,51.032934],[13.789737,51.032971],[13.789737,51.032972],[13.78975,51.032981],[13.789866,51.03306],[13.789969,51.032998],[13.790021,51.032971],[13.790142,51.033067],[13.790156,51.033078],[13.790688,51.033455],[13.790737,51.033488],[13.79079,51.033514],[13.790792,51.033515],[13.790794,51.033516],[13.790796,51.033516],[13.790798,51.033517],[13.7908,51.033518],[13.790802,51.033519],[13.790804,51.033519],[13.790806,51.03352],[13.790808,51.033521],[13.79081,51.033521],[13.790812,51.033522],[13.790814,51.033522],[13.790816,51.033523],[13.790818,51.033524],[13.79082,51.033524],[13.790822,51.033525],[13.790824,51.033525],[13.790826,51.033526],[13.790828,51.033526],[13.790831,51.033526],[13.790833,51.033527],[13.790835,51.033527],[13.790837,51.033528],[13.790839,51.033528],[13.790841,51.033528],[13.790843,51.033529],[13.790846,51.033529],[13.790848,51.033529],[13.79085,51.03353],[13.790852,51.03353],[13.790854,51.03353],[13.790857,51.03353],[13.790859,51.033531],[13.790861,51.033531],[13.790863,51.033531],[13.790866,51.033531],[13.790868,51.033531],[13.79087,51.033531],[13.790872,51.033531],[13.790874,51.033531],[13.790877,51.033532],[13.790879,51.033532],[13.790881,51.033532],[13.790883,51.033532],[13.790886,51.033532],[13.790888,51.033531],[13.79089,51.033531],[13.790892,51.033531],[13.790895,51.033531],[13.790897,51.033531],[13.790899,51.033531],[13.790901,51.033531],[13.790904,51.033531],[13.790906,51.03353],[13.790908,51.03353],[13.79091,51.03353],[13.790912,51.03353],[13.790915,51.033529],[13.790917,51.033529],[13.790919,51.033529],[13.790921,51.033528],[13.790923,51.033528],[13.790925,51.033528],[13.790928,51.033527],[13.790989,51.0335],[13.791574,51.033261],[13.79165,51.03323],[13.79173,51.033197],[13.792177,51.033014],[13.792752,51.032757],[13.792817,51.032736],[13.792876,51.032718],[13.792959,51.032705],[13.793075,51.032757],[13.793095,51.032739],[13.793116,51.032721],[13.793225,51.032632],[13.793473,51.032444],[13.793549,51.032398],[13.794152,51.032348],[13.794755,51.032298],[13.795688,51.032251],[13.7962,51.032236],[13.796908,51.032228],[13.797612,51.03223],[13.798388,51.032239],[13.798475,51.032295],[13.798927,51.032759],[13.799058,51.032891],[13.800012,51.033855],[13.8003,51.034162],[13.800515,51.034079],[13.80092,51.033912],[13.801376,51.033738],[13.801673,51.03362],[13.801897,51.033531],[13.801928,51.033519],[13.802748,51.03321],[13.803044,51.033111],[13.803245,51.033043],[13.803687,51.03288],[13.803954,51.032811],[13.80403,51.032792],[13.804464,51.032661],[13.804767,51.032549],[13.804937,51.032451],[13.80492,51.03236],[13.805414,51.032168],[13.805918,51.031969],[13.806686,51.031649],[13.806799,51.031602],[13.80695,51.031542],[13.807273,51.031415],[13.807768,51.031217],[13.808055,51.031102],[13.808261,51.031067],[13.808477,51.031039],[13.808683,51.031028],[13.808842,51.031033],[13.808798,51.030933],[13.80876,51.030875],[13.808703,51.030787],[13.808609,51.030638],[13.808535,51.030505],[13.808489,51.030391],[13.80848,51.030367],[13.808453,51.030231],[13.808468,51.030056],[13.808511,51.029908],[13.808531,51.029851],[13.808617,51.029707],[13.808718,51.029555],[13.808877,51.029335],[13.809006,51.029154],[13.809117,51.028986],[13.809196,51.028836],[13.80925,51.028702],[13.809271,51.028592],[13.809281,51.028505],[13.809278,51.028419],[13.809263,51.028302],[13.809249,51.028229],[13.809222,51.028163],[13.80916,51.028095]]]}},{"type":"Feature","id":"dresden-76","properties":{"city":"Dresden","state":"Sachsen","code":"76","name":"Strehlen mit Reick-Nordwest","name_atlas":"Strehlen","population_est":11516,"crime_total":{"cases":980,"rate":8510.0},"homicide":{"cases":0,"rate":0.0},"sexual":{"cases":19,"rate":165.0},"violence_proxy":{"cases":173,"rate":1502.3},"property_total":{"cases":465,"rate":4037.9},"simple_theft":{"cases":227,"rate":1971.2},"aggravated_theft":{"cases":238,"rate":2066.7},"fraud":{"cases":118,"rate":1024.7},"other_stgb":{"cases":184,"rate":1597.8},"secondary_law":{"cases":21,"rate":182.4}},"geometry":{"type":"Polygon","coordinates":[[[13.768403,51.019674],[13.768253,51.019852],[13.768118,51.020011],[13.768043,51.02008],[13.767928,51.020164],[13.767539,51.020371],[13.767494,51.020395],[13.767248,51.020517],[13.767142,51.020568],[13.767017,51.020615],[13.76691,51.020647],[13.766789,51.020674],[13.766662,51.020701],[13.766304,51.020776],[13.765953,51.020856],[13.765666,51.020926],[13.7654,51.020996],[13.764827,51.021161],[13.764484,51.021268],[13.764196,51.021378],[13.763809,51.021534],[13.763277,51.021752],[13.763111,51.021821],[13.762633,51.022028],[13.762138,51.022252],[13.761742,51.022428],[13.761647,51.022475],[13.761476,51.02256],[13.761337,51.022636],[13.761325,51.022565],[13.761184,51.022576],[13.761176,51.022581],[13.760845,51.022774],[13.760754,51.022825],[13.760605,51.022912],[13.760568,51.022932],[13.760276,51.023106],[13.760142,51.023104],[13.760005,51.023128],[13.760016,51.023154],[13.76014,51.023236],[13.76022,51.023282],[13.759999,51.023163],[13.759891,51.023148],[13.759799,51.023144],[13.759767,51.023136],[13.759702,51.02312],[13.759367,51.022915],[13.759317,51.022884],[13.758871,51.022611],[13.758417,51.022349],[13.758383,51.022329],[13.757127,51.021604],[13.756907,51.021451],[13.756856,51.021483],[13.756824,51.021465],[13.756764,51.021432],[13.756721,51.021409],[13.756387,51.021245],[13.756356,51.02123],[13.75632,51.021213],[13.756158,51.021134],[13.755951,51.021035],[13.75585,51.020987],[13.755836,51.020981],[13.755763,51.020946],[13.755743,51.020938],[13.755571,51.020855],[13.75527,51.020709],[13.755175,51.020664],[13.755132,51.020643],[13.755129,51.020641],[13.755118,51.020636],[13.755096,51.020626],[13.755086,51.020622],[13.75506,51.020638],[13.755029,51.020657],[13.75499,51.020678],[13.754979,51.020684],[13.754269,51.021117],[13.754224,51.021144],[13.75344,51.02162],[13.753154,51.021789],[13.753155,51.021829],[13.753013,51.021834],[13.752815,51.021927],[13.75281,51.02193],[13.752799,51.021935],[13.752448,51.022054],[13.751954,51.022225],[13.75144,51.022397],[13.751367,51.022421],[13.751033,51.022538],[13.750913,51.022586],[13.751113,51.022781],[13.751306,51.022973],[13.751631,51.02284],[13.751796,51.022767],[13.751841,51.022811],[13.751961,51.022902],[13.752007,51.022938],[13.752064,51.022982],[13.752191,51.023069],[13.752388,51.023203],[13.752581,51.023335],[13.752777,51.023469],[13.752973,51.023598],[13.75302,51.023631],[13.753192,51.02374],[13.753223,51.023758],[13.753489,51.023926],[13.753526,51.023949],[13.753527,51.02395],[13.753537,51.023956],[13.753821,51.024135],[13.753972,51.024229],[13.754105,51.024312],[13.754155,51.024344],[13.754409,51.024503],[13.75446,51.024535],[13.754474,51.024544],[13.754737,51.024709],[13.754761,51.024727],[13.754978,51.024864],[13.754994,51.024855],[13.755153,51.024959],[13.755233,51.025004],[13.755219,51.025014],[13.755365,51.025107],[13.755374,51.025111],[13.755457,51.02516],[13.755594,51.025132],[13.75565,51.02512],[13.755846,51.025095],[13.755858,51.025095],[13.756005,51.025091],[13.756186,51.025119],[13.756209,51.025123],[13.756331,51.025152],[13.756453,51.025196],[13.756589,51.02526],[13.756864,51.025425],[13.756878,51.025433],[13.756876,51.025434],[13.755894,51.026111],[13.75574,51.02622],[13.755643,51.026288],[13.755619,51.026309],[13.755534,51.026389],[13.755447,51.026464],[13.755382,51.026521],[13.754587,51.027068],[13.754379,51.027219],[13.754206,51.027355],[13.754022,51.027491],[13.753886,51.027596],[13.753813,51.027651],[13.753602,51.027823],[13.753417,51.027977],[13.75326,51.028117],[13.75321,51.028165],[13.753164,51.02821],[13.753009,51.028357],[13.752832,51.028532],[13.752767,51.028597],[13.752491,51.02889],[13.75231,51.029096],[13.752121,51.029319],[13.751943,51.029542],[13.75177,51.029771],[13.751582,51.030036],[13.751547,51.030091],[13.751259,51.030533],[13.750918,51.031054],[13.750918,51.031055],[13.750708,51.031377],[13.750526,51.031649],[13.750387,51.031864],[13.750371,51.03189],[13.750152,51.03222],[13.749879,51.032629],[13.74966,51.032961],[13.749486,51.033232],[13.749403,51.033353],[13.749313,51.033454],[13.749247,51.033519],[13.749237,51.033528],[13.749161,51.033594],[13.748989,51.033743],[13.749024,51.033834],[13.749048,51.033893],[13.749076,51.033965],[13.74914,51.034122],[13.749184,51.03423],[13.74923,51.034343],[13.749306,51.034629],[13.749389,51.034602],[13.749512,51.034562],[13.750586,51.034193],[13.751373,51.03394],[13.751633,51.033859],[13.752073,51.033724],[13.752667,51.033519],[13.75301,51.033401],[13.753908,51.033101],[13.755685,51.032511],[13.756409,51.032264],[13.75642,51.032281],[13.757215,51.032017],[13.757489,51.031926],[13.758257,51.031685],[13.759018,51.031448],[13.759829,51.031178],[13.760776,51.030876],[13.76097,51.030811],[13.760992,51.030804],[13.761043,51.030787],[13.761305,51.030699],[13.762401,51.030337],[13.763245,51.030073],[13.764082,51.029786],[13.764752,51.029566],[13.76484,51.029538],[13.765661,51.029273],[13.766011,51.029158],[13.766472,51.029005],[13.767556,51.028648],[13.768184,51.028443],[13.768949,51.028192],[13.769381,51.028055],[13.769385,51.028053],[13.769652,51.027969],[13.770361,51.027733],[13.770588,51.027657],[13.771349,51.027411],[13.772167,51.027144],[13.773084,51.026844],[13.773248,51.026789],[13.774039,51.026526],[13.774994,51.026215],[13.775933,51.025911],[13.77674,51.02565],[13.777835,51.0253],[13.779665,51.024691],[13.780293,51.024493],[13.781495,51.024092],[13.781698,51.024025],[13.782286,51.023829],[13.782377,51.023799],[13.782517,51.023753],[13.783058,51.023576],[13.783059,51.023575],[13.783815,51.023322],[13.78509,51.022893],[13.786444,51.022455],[13.786746,51.022357],[13.786722,51.02233],[13.786645,51.022264],[13.786625,51.022239],[13.786592,51.022197],[13.786642,51.022181],[13.787102,51.022029],[13.788024,51.021725],[13.788066,51.02179],[13.788071,51.021799],[13.788113,51.021863],[13.788364,51.021788],[13.78839,51.021769],[13.788698,51.021542],[13.789359,51.020998],[13.789098,51.020763],[13.789022,51.020695],[13.788833,51.020529],[13.788368,51.020124],[13.788354,51.02011],[13.788352,51.020109],[13.788039,51.019838],[13.787913,51.019729],[13.787878,51.019698],[13.787594,51.019451],[13.787591,51.019448],[13.787502,51.01937],[13.787485,51.019355],[13.787332,51.019222],[13.787332,51.019221],[13.786988,51.018921],[13.786966,51.018901],[13.786495,51.018488],[13.786173,51.018205],[13.786158,51.018192],[13.786149,51.018185],[13.785874,51.017944],[13.78575,51.0179],[13.785657,51.017999],[13.785613,51.01804],[13.785497,51.017988],[13.785406,51.018028],[13.785297,51.018086],[13.785237,51.018041],[13.784962,51.017822],[13.78471,51.017621],[13.784534,51.01749],[13.784357,51.017359],[13.784143,51.01748],[13.784046,51.017534],[13.783922,51.017604],[13.782756,51.018258],[13.782721,51.018278],[13.782715,51.018282],[13.782619,51.018215],[13.782619,51.018215],[13.782631,51.018152],[13.782391,51.017969],[13.782181,51.017808],[13.781482,51.017299],[13.781243,51.017124],[13.781206,51.017097],[13.781179,51.017078],[13.781152,51.017054],[13.781104,51.017072],[13.781031,51.016995],[13.780996,51.016966],[13.780984,51.016957],[13.780997,51.016949],[13.780676,51.016704],[13.780671,51.016701],[13.780588,51.016637],[13.780484,51.016548],[13.780426,51.016477],[13.780374,51.016404],[13.7803,51.01629],[13.780266,51.016219],[13.779718,51.015104],[13.779663,51.015118],[13.779617,51.015097],[13.779506,51.015082],[13.779304,51.015063],[13.778979,51.015016],[13.778906,51.015004],[13.778783,51.014995],[13.778689,51.014993],[13.778613,51.015],[13.778585,51.015006],[13.778423,51.015042],[13.778151,51.015103],[13.778109,51.015112],[13.777945,51.015123],[13.777896,51.015131],[13.777759,51.015156],[13.77766,51.015188],[13.777596,51.015209],[13.777589,51.015212],[13.777501,51.015247],[13.77734,51.015295],[13.777321,51.0153],[13.777315,51.015311],[13.777149,51.015413],[13.777098,51.015444],[13.776839,51.015603],[13.77679,51.015555],[13.776785,51.01555],[13.776398,51.015762],[13.776396,51.015763],[13.776079,51.015929],[13.776024,51.015952],[13.775905,51.015945],[13.775741,51.015923],[13.775587,51.015828],[13.775572,51.015778],[13.775521,51.015798],[13.775487,51.015811],[13.775405,51.015853],[13.775341,51.015887],[13.775307,51.015903],[13.775032,51.016032],[13.77481,51.016119],[13.774793,51.016109],[13.774741,51.016141],[13.774722,51.016153],[13.774659,51.016191],[13.774413,51.016291],[13.774284,51.016345],[13.774187,51.016423],[13.774133,51.016506],[13.77414,51.016508],[13.774452,51.016593],[13.774396,51.016675],[13.774266,51.016902],[13.774221,51.017045],[13.774191,51.017156],[13.774168,51.017225],[13.774145,51.017303],[13.774142,51.017314],[13.774137,51.017335],[13.774126,51.01738],[13.774108,51.017462],[13.774106,51.017476],[13.774214,51.017585],[13.774132,51.017619],[13.774021,51.017664],[13.773317,51.017518],[13.773281,51.017511],[13.772193,51.017286],[13.771825,51.01721],[13.771814,51.017208],[13.771803,51.017231],[13.771743,51.017356],[13.77173,51.017382],[13.771699,51.017471],[13.771661,51.017565],[13.771656,51.017578],[13.771619,51.017656],[13.771612,51.017675],[13.771606,51.017689],[13.771578,51.017751],[13.771517,51.01789],[13.771494,51.017924],[13.771799,51.018144],[13.771853,51.018183],[13.771971,51.018268],[13.772151,51.018397],[13.772171,51.018412],[13.7724,51.018617],[13.772462,51.018698],[13.772429,51.018707],[13.772238,51.018767],[13.772091,51.018817],[13.772067,51.018827],[13.771964,51.01887],[13.771855,51.018932],[13.771725,51.019013],[13.771616,51.019076],[13.771612,51.019079],[13.771521,51.019151],[13.771496,51.019174],[13.771432,51.019231],[13.771354,51.019312],[13.771278,51.019411],[13.771168,51.019504],[13.771155,51.019515],[13.771059,51.019592],[13.770997,51.019658],[13.770876,51.01961],[13.770554,51.019528],[13.77003,51.019394],[13.76955,51.019271],[13.769001,51.019131],[13.768874,51.019091],[13.768738,51.01926],[13.768683,51.019328],[13.768403,51.019674]]]}},{"type":"Feature","id":"dresden-52","properties":{"city":"Dresden","state":"Sachsen","code":"52","name":"Striesen-Ost","name_atlas":"Striesen-Ost","population_est":15306,"crime_total":{"cases":452,"rate":2953.0},"homicide":{"cases":0,"rate":0.0},"sexual":{"cases":7,"rate":45.7},"violence_proxy":{"cases":63,"rate":411.6},"property_total":{"cases":221,"rate":1443.9},"simple_theft":{"cases":82,"rate":535.7},"aggravated_theft":{"cases":139,"rate":908.1},"fraud":{"cases":77,"rate":503.1},"other_stgb":{"cases":75,"rate":490.0},"secondary_law":{"cases":9,"rate":58.8}},"geometry":{"type":"Polygon","coordinates":[[[13.8003,51.034162],[13.800395,51.034245],[13.800456,51.0343],[13.801452,51.035317],[13.800895,51.035535],[13.799913,51.03592],[13.798722,51.036414],[13.798115,51.036652],[13.797986,51.036703],[13.798006,51.03678],[13.798009,51.036792],[13.798023,51.036814],[13.798101,51.036941],[13.798156,51.037004],[13.798185,51.037028],[13.798211,51.03705],[13.798227,51.037062],[13.79827,51.037098],[13.798541,51.037324],[13.798996,51.037707],[13.799707,51.03835],[13.80006,51.038679],[13.800156,51.038767],[13.800396,51.038988],[13.800444,51.039016],[13.800428,51.039022],[13.800222,51.039094],[13.799968,51.03918],[13.799691,51.039275],[13.799487,51.039343],[13.799335,51.039394],[13.799662,51.039684],[13.800038,51.040026],[13.800286,51.040255],[13.800614,51.040552],[13.800873,51.04078],[13.800962,51.040858],[13.801206,51.041095],[13.80093,51.041188],[13.800665,51.041283],[13.800438,51.041358],[13.800099,51.04147],[13.799554,51.041659],[13.798595,51.041976],[13.798459,51.042024],[13.797662,51.042302],[13.796713,51.042632],[13.796658,51.04265],[13.796471,51.042703],[13.796281,51.042746],[13.796075,51.042782],[13.795879,51.042807],[13.7954,51.042851],[13.794703,51.042914],[13.794326,51.042948],[13.793472,51.043037],[13.793294,51.043056],[13.792492,51.043135],[13.79249,51.043135],[13.792262,51.043157],[13.792235,51.043159],[13.791972,51.043178],[13.791542,51.043196],[13.791106,51.043213],[13.789715,51.043255],[13.788691,51.043286],[13.788693,51.043554],[13.788721,51.043805],[13.788759,51.043889],[13.788795,51.043951],[13.788966,51.0442],[13.789025,51.044286],[13.78974,51.045262],[13.790523,51.045997],[13.791323,51.046719],[13.791866,51.04724],[13.79242,51.047739],[13.791864,51.04796],[13.791331,51.048175],[13.791409,51.048279],[13.79144,51.048363],[13.791444,51.048414],[13.791444,51.048469],[13.791428,51.048521],[13.791394,51.048594],[13.791298,51.048695],[13.791206,51.048761],[13.791132,51.048794],[13.79106,51.048823],[13.790974,51.048842],[13.790861,51.048877],[13.790993,51.049293],[13.791123,51.049706],[13.791282,51.050196],[13.791419,51.050688],[13.791563,51.051121],[13.791707,51.051555],[13.791822,51.051563],[13.79184,51.051474],[13.791818,51.051406],[13.792367,51.051337],[13.792398,51.05131],[13.792334,51.051102],[13.792501,51.051081],[13.792582,51.05107],[13.792721,51.051247],[13.792733,51.051258],[13.792906,51.051487],[13.792899,51.051593],[13.793487,51.051474],[13.793801,51.051411],[13.793943,51.051422],[13.793946,51.051404],[13.793971,51.051333],[13.794111,51.051352],[13.794294,51.051314],[13.794417,51.051291],[13.794549,51.051265],[13.794939,51.051192],[13.794953,51.051189],[13.795056,51.051162],[13.795163,51.051135],[13.795272,51.051104],[13.795353,51.051082],[13.795399,51.051068],[13.795626,51.051],[13.795672,51.050986],[13.796014,51.05088],[13.79603,51.050875],[13.796181,51.05083],[13.796368,51.050776],[13.796448,51.050752],[13.796752,51.050659],[13.796884,51.050624],[13.796881,51.05062],[13.797013,51.050586],[13.797284,51.050512],[13.797338,51.050498],[13.79743,51.050479],[13.797813,51.050325],[13.797951,51.050301],[13.797901,51.050183],[13.798269,51.05025],[13.798405,51.050277],[13.798451,51.050192],[13.798486,51.050121],[13.79878,51.05002],[13.799124,51.049895],[13.799165,51.049881],[13.799212,51.049863],[13.799468,51.04977],[13.799891,51.049615],[13.800013,51.049568],[13.80002,51.049575],[13.800139,51.049526],[13.800505,51.049396],[13.8006,51.049359],[13.800872,51.04926],[13.800988,51.049207],[13.801002,51.04922],[13.801004,51.049222],[13.801119,51.049168],[13.801426,51.049057],[13.801744,51.048943],[13.801863,51.048894],[13.801865,51.048895],[13.801875,51.048905],[13.801992,51.048853],[13.802218,51.04877],[13.802341,51.048718],[13.802386,51.048699],[13.802412,51.048688],[13.802725,51.048552],[13.802823,51.048514],[13.802939,51.048461],[13.802941,51.048463],[13.802956,51.048476],[13.803069,51.048421],[13.8033,51.048337],[13.803371,51.04831],[13.803447,51.04828],[13.803829,51.048138],[13.803941,51.048083],[13.803975,51.048109],[13.803977,51.048111],[13.804086,51.048053],[13.80425,51.047966],[13.804269,51.047981],[13.804588,51.047869],[13.804682,51.047836],[13.804703,51.047829],[13.804769,51.047805],[13.804853,51.047775],[13.805029,51.047713],[13.805137,51.047654],[13.805156,51.047668],[13.805262,51.047608],[13.80547,51.047497],[13.805488,51.047487],[13.805503,51.047479],[13.805551,51.047454],[13.805715,51.047367],[13.805822,51.047308],[13.805827,51.047311],[13.805931,51.047249],[13.806232,51.047103],[13.806312,51.047064],[13.806619,51.046923],[13.80673,51.046867],[13.806748,51.046881],[13.80686,51.046825],[13.807083,51.046734],[13.80723,51.046678],[13.80726,51.046666],[13.807644,51.04652],[13.807747,51.046458],[13.807751,51.046461],[13.80782,51.046507],[13.807922,51.046444],[13.808069,51.046354],[13.808216,51.046298],[13.807958,51.046022],[13.808543,51.045952],[13.808683,51.045935],[13.808654,51.045839],[13.808567,51.045608],[13.808528,51.045535],[13.808521,51.045523],[13.80838,51.045291],[13.808097,51.044874],[13.807832,51.044449],[13.807645,51.044136],[13.807444,51.043799],[13.807365,51.043634],[13.807058,51.043068],[13.806948,51.042863],[13.806921,51.042817],[13.80661,51.042283],[13.806038,51.041244],[13.805946,51.041081],[13.805867,51.040951],[13.805848,51.040883],[13.805877,51.040613],[13.805905,51.040038],[13.80591,51.039934],[13.805912,51.039782],[13.805914,51.039467],[13.805915,51.039464],[13.805918,51.039449],[13.805922,51.039431],[13.805999,51.039083],[13.806003,51.039059],[13.806006,51.039043],[13.80604,51.03884],[13.806081,51.038627],[13.80614,51.03845],[13.80616,51.038389],[13.806253,51.038097],[13.80638,51.037757],[13.806388,51.037737],[13.806522,51.037411],[13.806581,51.037339],[13.806726,51.036969],[13.806778,51.036844],[13.807023,51.036252],[13.807042,51.036205],[13.806491,51.036089],[13.806488,51.036088],[13.806218,51.03605],[13.806204,51.035951],[13.806059,51.035776],[13.805746,51.035474],[13.805519,51.035257],[13.805354,51.035097],[13.805181,51.034928],[13.80439,51.034156],[13.80396,51.033742],[13.803608,51.033401],[13.80335,51.033144],[13.803245,51.033043],[13.803044,51.033111],[13.802748,51.03321],[13.801928,51.033519],[13.801897,51.033531],[13.801673,51.03362],[13.801376,51.033738],[13.80092,51.033912],[13.800515,51.034079],[13.8003,51.034162]]]}},{"type":"Feature","id":"dresden-53","properties":{"city":"Dresden","state":"Sachsen","code":"53","name":"Striesen-Süd mit Johannstadt-Südost","name_atlas":"Striesen-Süd/Johannstadt-Südost","population_est":12532,"crime_total":{"cases":491,"rate":3918.0},"homicide":{"cases":1,"rate":8.0},"sexual":{"cases":11,"rate":87.8},"violence_proxy":{"cases":71,"rate":566.5},"property_total":{"cases":242,"rate":1931.1},"simple_theft":{"cases":105,"rate":837.9},"aggravated_theft":{"cases":137,"rate":1093.2},"fraud":{"cases":68,"rate":542.6},"other_stgb":{"cases":86,"rate":686.2},"secondary_law":{"cases":12,"rate":95.8}},"geometry":{"type":"Polygon","coordinates":[[[13.781722,51.039208],[13.781609,51.039217],[13.781482,51.039228],[13.781227,51.039232],[13.780896,51.039237],[13.780877,51.039237],[13.780848,51.039238],[13.780797,51.039239],[13.780429,51.039244],[13.780429,51.039319],[13.780423,51.039464],[13.780446,51.03961],[13.780469,51.039751],[13.78047,51.039756],[13.78036,51.039759],[13.779835,51.039774],[13.779821,51.039775],[13.779821,51.039774],[13.779818,51.03976],[13.779812,51.039712],[13.7798,51.039564],[13.779792,51.039508],[13.779701,51.039512],[13.779647,51.039515],[13.779559,51.039519],[13.779262,51.039534],[13.779155,51.039528],[13.779149,51.039493],[13.779128,51.039296],[13.779121,51.039086],[13.779138,51.038907],[13.779138,51.038906],[13.779189,51.038597],[13.779241,51.038419],[13.779271,51.038305],[13.779279,51.038274],[13.779161,51.038198],[13.779182,51.038071],[13.779184,51.037914],[13.778972,51.037827],[13.778309,51.037171],[13.778284,51.037146],[13.778451,51.037039],[13.778356,51.03697],[13.778193,51.03685],[13.778097,51.036888],[13.777252,51.037224],[13.775954,51.037739],[13.775942,51.037744],[13.775894,51.037763],[13.774976,51.038127],[13.773586,51.038672],[13.772299,51.039184],[13.77192,51.03933],[13.77171,51.039411],[13.771005,51.03968],[13.770776,51.039797],[13.769942,51.04012],[13.76929,51.040385],[13.767709,51.040997],[13.766563,51.041467],[13.766501,51.041492],[13.766629,51.041623],[13.766757,51.041754],[13.766795,51.041738],[13.767337,51.04152],[13.767397,51.041596],[13.767508,51.041708],[13.767543,51.041743],[13.767789,51.04199],[13.768029,51.042264],[13.768097,51.04234],[13.767564,51.042555],[13.768657,51.043657],[13.76867,51.04367],[13.76895,51.043957],[13.769748,51.044776],[13.770143,51.045171],[13.770448,51.045476],[13.770881,51.045909],[13.771132,51.046156],[13.771377,51.046047],[13.771692,51.045915],[13.772041,51.046281],[13.77208,51.046319],[13.77206,51.046327],[13.772169,51.046434],[13.772147,51.04647],[13.772382,51.046638],[13.772929,51.046416],[13.773072,51.046358],[13.773165,51.046321],[13.77385,51.046058],[13.775047,51.04558],[13.775425,51.045437],[13.775437,51.045432],[13.775577,51.045379],[13.77594,51.045277],[13.776589,51.045114],[13.777629,51.044837],[13.777724,51.044814],[13.77988,51.044277],[13.781499,51.043871],[13.781612,51.043837],[13.781715,51.043812],[13.783045,51.043484],[13.783257,51.043449],[13.783606,51.043426],[13.785314,51.043366],[13.78684,51.04333],[13.787734,51.043311],[13.788691,51.043286],[13.789715,51.043255],[13.791106,51.043213],[13.791542,51.043196],[13.791972,51.043178],[13.792235,51.043159],[13.792262,51.043157],[13.79249,51.043135],[13.792492,51.043135],[13.793294,51.043056],[13.793472,51.043037],[13.794326,51.042948],[13.794703,51.042914],[13.7954,51.042851],[13.795879,51.042807],[13.796075,51.042782],[13.796281,51.042746],[13.796471,51.042703],[13.796658,51.04265],[13.796713,51.042632],[13.797662,51.042302],[13.798459,51.042024],[13.798595,51.041976],[13.799554,51.041659],[13.800099,51.04147],[13.800438,51.041358],[13.800665,51.041283],[13.80093,51.041188],[13.801206,51.041095],[13.800962,51.040858],[13.800873,51.04078],[13.800614,51.040552],[13.800286,51.040255],[13.800038,51.040026],[13.799662,51.039684],[13.799335,51.039394],[13.799487,51.039343],[13.799691,51.039275],[13.799968,51.03918],[13.800222,51.039094],[13.800428,51.039022],[13.800444,51.039016],[13.800396,51.038988],[13.800156,51.038767],[13.80006,51.038679],[13.799707,51.03835],[13.798996,51.037707],[13.798541,51.037324],[13.79827,51.037098],[13.798227,51.037062],[13.798211,51.03705],[13.798185,51.037028],[13.798156,51.037004],[13.798101,51.036941],[13.798023,51.036814],[13.798009,51.036792],[13.798006,51.03678],[13.798002,51.03678],[13.797037,51.037171],[13.796168,51.03752],[13.795769,51.037681],[13.795755,51.037686],[13.795702,51.037708],[13.7956,51.037748],[13.795122,51.037941],[13.795094,51.037952],[13.794495,51.038193],[13.794413,51.038226],[13.794411,51.038226],[13.794358,51.038248],[13.794288,51.038195],[13.7942,51.038228],[13.794007,51.0383],[13.793671,51.038424],[13.79316,51.038639],[13.7926,51.038867],[13.79207,51.039057],[13.791545,51.039145],[13.791515,51.039149],[13.791279,51.03918],[13.790975,51.039201],[13.789985,51.039227],[13.789163,51.039249],[13.789152,51.039249],[13.788795,51.039259],[13.788629,51.039263],[13.78853,51.039264],[13.788411,51.039266],[13.788382,51.038391],[13.788377,51.038101],[13.788377,51.0381],[13.788127,51.038101],[13.787802,51.038102],[13.787476,51.038109],[13.787384,51.03811],[13.786967,51.038119],[13.786811,51.038121],[13.786655,51.038124],[13.786072,51.038136],[13.785488,51.038148],[13.785503,51.038472],[13.785518,51.038797],[13.784753,51.038824],[13.784751,51.038847],[13.784773,51.039119],[13.784622,51.039125],[13.7845,51.03913],[13.784303,51.039135],[13.784202,51.039139],[13.783988,51.039146],[13.783831,51.039151],[13.78358,51.03916],[13.783539,51.039161],[13.783519,51.039162],[13.783143,51.039173],[13.783145,51.039203],[13.783032,51.039207],[13.782832,51.039212],[13.782833,51.039187],[13.782708,51.039195],[13.782525,51.0392],[13.782386,51.039208],[13.782214,51.039218],[13.782028,51.039225],[13.781997,51.039226],[13.781722,51.039208]]]}},{"type":"Feature","id":"dresden-54","properties":{"city":"Dresden","state":"Sachsen","code":"54","name":"Striesen-West","name_atlas":"Striesen-West","population_est":13295,"crime_total":{"cases":571,"rate":4295.0},"homicide":{"cases":0,"rate":0.0},"sexual":{"cases":10,"rate":75.2},"violence_proxy":{"cases":99,"rate":744.6},"property_total":{"cases":261,"rate":1963.1},"simple_theft":{"cases":146,"rate":1098.2},"aggravated_theft":{"cases":115,"rate":865.0},"fraud":{"cases":89,"rate":669.4},"other_stgb":{"cases":87,"rate":654.4},"secondary_law":{"cases":25,"rate":188.0}},"geometry":{"type":"Polygon","coordinates":[[[13.782871,51.0534],[13.783665,51.053485],[13.784198,51.053543],[13.784935,51.053616],[13.78568,51.053695],[13.785827,51.053711],[13.786135,51.053743],[13.786604,51.053788],[13.787063,51.053834],[13.787524,51.053888],[13.787552,51.053321],[13.787555,51.053264],[13.78758,51.052753],[13.787573,51.052543],[13.787526,51.052299],[13.787458,51.05215],[13.787596,51.052127],[13.787617,51.052123],[13.787762,51.05211],[13.787856,51.052107],[13.787987,51.052097],[13.788057,51.052093],[13.788102,51.05209],[13.788168,51.052089],[13.788242,51.052084],[13.788248,51.052083],[13.788751,51.05204],[13.788758,51.052039],[13.788824,51.052031],[13.788988,51.052006],[13.789261,51.051963],[13.789477,51.051939],[13.78971,51.051913],[13.789848,51.051889],[13.789853,51.051902],[13.789859,51.051915],[13.789996,51.051889],[13.79026,51.051868],[13.790374,51.051852],[13.790504,51.051837],[13.790585,51.051826],[13.790543,51.05167],[13.790902,51.051623],[13.791101,51.051599],[13.791174,51.05159],[13.791351,51.051647],[13.791475,51.051691],[13.791514,51.051648],[13.791588,51.051598],[13.791707,51.051555],[13.791563,51.051121],[13.791419,51.050688],[13.791282,51.050196],[13.791123,51.049706],[13.790993,51.049293],[13.790861,51.048877],[13.790974,51.048842],[13.79106,51.048823],[13.791132,51.048794],[13.791206,51.048761],[13.791298,51.048695],[13.791394,51.048594],[13.791428,51.048521],[13.791444,51.048469],[13.791444,51.048414],[13.79144,51.048363],[13.791409,51.048279],[13.791331,51.048175],[13.791864,51.04796],[13.79242,51.047739],[13.791866,51.04724],[13.791323,51.046719],[13.790523,51.045997],[13.78974,51.045262],[13.789025,51.044286],[13.788966,51.0442],[13.788795,51.043951],[13.788759,51.043889],[13.788721,51.043805],[13.788693,51.043554],[13.788691,51.043286],[13.787734,51.043311],[13.78684,51.04333],[13.785314,51.043366],[13.783606,51.043426],[13.783257,51.043449],[13.783045,51.043484],[13.781715,51.043812],[13.781612,51.043837],[13.781499,51.043871],[13.77988,51.044277],[13.777724,51.044814],[13.777629,51.044837],[13.776589,51.045114],[13.77594,51.045277],[13.775577,51.045379],[13.775437,51.045432],[13.775425,51.045437],[13.775047,51.04558],[13.77385,51.046058],[13.773165,51.046321],[13.773072,51.046358],[13.772929,51.046416],[13.772382,51.046638],[13.772093,51.046769],[13.771798,51.04689],[13.772272,51.047347],[13.772714,51.047778],[13.773064,51.048136],[13.773633,51.048717],[13.77384,51.048669],[13.773893,51.048656],[13.773942,51.04874],[13.773949,51.048747],[13.774194,51.048993],[13.774417,51.049217],[13.77464,51.049441],[13.774831,51.049631],[13.774838,51.049639],[13.774894,51.049722],[13.774828,51.049739],[13.774685,51.049769],[13.775179,51.050294],[13.775714,51.050817],[13.776718,51.051842],[13.776837,51.051957],[13.777423,51.05252],[13.777608,51.052683],[13.777712,51.052781],[13.777753,51.052844],[13.777752,51.052868],[13.778102,51.052909],[13.77901,51.053016],[13.779218,51.053036],[13.781043,51.053217],[13.781323,51.053245],[13.781549,51.053267],[13.782871,51.0534]]]}},{"type":"Feature","id":"dresden-82","properties":{"city":"Dresden","state":"Sachsen","code":"82","name":"Südvorstadt-Ost","name_atlas":"Südvorstadt-Ost","population_est":8921,"crime_total":{"cases":562,"rate":6300.0},"homicide":{"cases":0,"rate":0.0},"sexual":{"cases":10,"rate":112.1},"violence_proxy":{"cases":98,"rate":1098.5},"property_total":{"cases":246,"rate":2757.5},"simple_theft":{"cases":116,"rate":1300.3},"aggravated_theft":{"cases":130,"rate":1457.2},"fraud":{"cases":73,"rate":818.3},"other_stgb":{"cases":117,"rate":1311.5},"secondary_law":{"cases":18,"rate":201.8}},"geometry":{"type":"Polygon","coordinates":[[[13.744213,51.036279],[13.7445,51.03619],[13.744969,51.036033],[13.746399,51.035573],[13.746645,51.035491],[13.747088,51.035344],[13.747362,51.035253],[13.748081,51.035022],[13.748284,51.034959],[13.74853,51.034882],[13.749306,51.034629],[13.74923,51.034343],[13.749184,51.03423],[13.74914,51.034122],[13.749076,51.033965],[13.749048,51.033893],[13.749024,51.033834],[13.748989,51.033743],[13.749161,51.033594],[13.749237,51.033528],[13.749247,51.033519],[13.749313,51.033454],[13.749403,51.033353],[13.749486,51.033232],[13.74966,51.032961],[13.749879,51.032629],[13.750152,51.03222],[13.750371,51.03189],[13.750387,51.031864],[13.750526,51.031649],[13.750708,51.031377],[13.750918,51.031055],[13.750918,51.031054],[13.751259,51.030533],[13.751547,51.030091],[13.751582,51.030036],[13.75177,51.029771],[13.751943,51.029542],[13.752121,51.029319],[13.75231,51.029096],[13.752491,51.02889],[13.752767,51.028597],[13.752832,51.028532],[13.753009,51.028357],[13.753164,51.02821],[13.75321,51.028165],[13.75326,51.028117],[13.753417,51.027977],[13.753602,51.027823],[13.753813,51.027651],[13.753886,51.027596],[13.754022,51.027491],[13.754206,51.027355],[13.754379,51.027219],[13.754587,51.027068],[13.755382,51.026521],[13.755447,51.026464],[13.755534,51.026389],[13.755264,51.026382],[13.755117,51.026394],[13.754896,51.026424],[13.754654,51.026476],[13.75442,51.026534],[13.754324,51.026558],[13.754323,51.026558],[13.754173,51.026593],[13.753249,51.026819],[13.753223,51.026825],[13.751392,51.027253],[13.751127,51.027317],[13.751122,51.027318],[13.750479,51.027465],[13.749692,51.027653],[13.748865,51.027844],[13.748864,51.027845],[13.748547,51.02792],[13.747949,51.028045],[13.74741,51.02815],[13.747409,51.02815],[13.747356,51.02816],[13.746904,51.028242],[13.746539,51.028301],[13.745993,51.028382],[13.745841,51.028404],[13.74584,51.028404],[13.74523,51.028488],[13.745181,51.028494],[13.744662,51.028552],[13.744141,51.028605],[13.743596,51.028656],[13.743573,51.028658],[13.742991,51.028711],[13.742987,51.028711],[13.742195,51.028771],[13.741904,51.028788],[13.741753,51.028797],[13.741736,51.028702],[13.741462,51.028719],[13.741391,51.028724],[13.740661,51.028766],[13.739261,51.028848],[13.73887,51.028843],[13.738406,51.028871],[13.738208,51.02891],[13.738208,51.028883],[13.738039,51.028894],[13.738043,51.028919],[13.737976,51.028923],[13.73734,51.02896],[13.736702,51.028996],[13.735851,51.029038],[13.735769,51.029042],[13.735334,51.029064],[13.735117,51.029075],[13.734188,51.029128],[13.732934,51.029216],[13.732928,51.029216],[13.732921,51.029216],[13.732914,51.029216],[13.732907,51.029216],[13.732901,51.029217],[13.732894,51.029217],[13.732887,51.029218],[13.732881,51.029218],[13.732874,51.029219],[13.732868,51.029219],[13.732861,51.02922],[13.732854,51.029221],[13.732848,51.029222],[13.732841,51.029222],[13.732835,51.029223],[13.732828,51.029224],[13.732679,51.02921],[13.732547,51.029197],[13.732471,51.029202],[13.73248,51.029251],[13.732517,51.029248],[13.732526,51.029254],[13.732534,51.029265],[13.732546,51.029304],[13.732545,51.029305],[13.732544,51.029306],[13.732543,51.029306],[13.732542,51.029307],[13.732541,51.029308],[13.73254,51.029309],[13.732538,51.02931],[13.732537,51.02931],[13.732536,51.029311],[13.732534,51.029312],[13.732533,51.029312],[13.732532,51.029313],[13.73253,51.029313],[13.732529,51.029314],[13.732527,51.029314],[13.732526,51.029315],[13.732328,51.029344],[13.732324,51.029345],[13.732311,51.029347],[13.732298,51.029349],[13.732285,51.029351],[13.732272,51.029353],[13.732259,51.029356],[13.732246,51.029358],[13.732233,51.02936],[13.73222,51.029362],[13.732207,51.029365],[13.732195,51.029367],[13.732182,51.029369],[13.732169,51.029372],[13.732156,51.029374],[13.732143,51.029377],[13.73213,51.029379],[13.732118,51.029382],[13.732114,51.029382],[13.732111,51.029383],[13.732107,51.029384],[13.732104,51.029384],[13.7321,51.029385],[13.732097,51.029386],[13.732094,51.029387],[13.73209,51.029388],[13.732087,51.029388],[13.732083,51.029389],[13.73208,51.02939],[13.732077,51.029391],[13.732073,51.029392],[13.73207,51.029393],[13.732067,51.029394],[13.732063,51.029395],[13.731775,51.029478],[13.731772,51.029473],[13.731748,51.029479],[13.731752,51.029485],[13.731425,51.02958],[13.731423,51.029581],[13.731421,51.029581],[13.731419,51.029582],[13.731417,51.029582],[13.731415,51.029583],[13.731413,51.029583],[13.731411,51.029584],[13.731408,51.029584],[13.731406,51.029585],[13.731404,51.029585],[13.731402,51.029586],[13.7314,51.029586],[13.731398,51.029586],[13.731396,51.029587],[13.731393,51.029587],[13.731391,51.029587],[13.731389,51.029588],[13.731387,51.029588],[13.731385,51.029588],[13.731382,51.029588],[13.73138,51.029588],[13.731378,51.029589],[13.731376,51.029589],[13.731374,51.029589],[13.731371,51.029589],[13.731369,51.029589],[13.731367,51.029589],[13.731365,51.029589],[13.731362,51.029589],[13.73136,51.029589],[13.731358,51.029589],[13.731356,51.029589],[13.731353,51.029589],[13.731351,51.029588],[13.731349,51.029588],[13.731347,51.029588],[13.731345,51.029588],[13.731342,51.029588],[13.73134,51.029587],[13.731338,51.029587],[13.731336,51.029587],[13.731334,51.029586],[13.731332,51.029586],[13.731329,51.029586],[13.731327,51.029585],[13.731325,51.029585],[13.731323,51.029584],[13.731321,51.029584],[13.731319,51.029583],[13.731317,51.029583],[13.731315,51.029582],[13.731313,51.029582],[13.731311,51.029581],[13.731309,51.029581],[13.731307,51.02958],[13.731305,51.029579],[13.731303,51.029579],[13.731301,51.029578],[13.731299,51.029577],[13.731297,51.029576],[13.731295,51.029576],[13.731293,51.029575],[13.731291,51.029574],[13.73129,51.029573],[13.731197,51.029608],[13.731067,51.029646],[13.731055,51.02963],[13.730966,51.029503],[13.73092,51.02977],[13.730727,51.029758],[13.730726,51.029762],[13.730711,51.029824],[13.730705,51.029844],[13.730636,51.030132],[13.730631,51.030157],[13.730626,51.030188],[13.730602,51.030317],[13.730538,51.030689],[13.730535,51.030708],[13.730439,51.031066],[13.730404,51.0312],[13.730234,51.031865],[13.730117,51.032322],[13.730088,51.032432],[13.730085,51.032456],[13.73003,51.032471],[13.729985,51.032484],[13.729945,51.032495],[13.729894,51.032524],[13.72985,51.032561],[13.729806,51.032595],[13.729799,51.03261],[13.729781,51.032677],[13.729751,51.032789],[13.729724,51.032891],[13.729737,51.032936],[13.729763,51.032976],[13.729796,51.03302],[13.729838,51.033057],[13.729855,51.033067],[13.729948,51.033117],[13.730034,51.033163],[13.730105,51.033185],[13.730179,51.033202],[13.730257,51.033213],[13.730336,51.033218],[13.730374,51.033211],[13.730376,51.033214],[13.730532,51.033452],[13.730995,51.034267],[13.731088,51.034424],[13.731089,51.034425],[13.731795,51.035963],[13.731805,51.035984],[13.732508,51.037498],[13.732509,51.037498],[13.732511,51.037504],[13.733186,51.038953],[13.733206,51.038994],[13.733279,51.038975],[13.733369,51.038953],[13.735058,51.038385],[13.735065,51.038383],[13.736036,51.038067],[13.73689,51.037805],[13.736955,51.037885],[13.73699,51.037929],[13.737052,51.038004],[13.737221,51.03821],[13.7373,51.038306],[13.73731,51.038304],[13.737448,51.038283],[13.737533,51.03827],[13.738181,51.03817],[13.738602,51.03807],[13.739298,51.037877],[13.739708,51.037744],[13.739972,51.037659],[13.7403,51.037552],[13.741037,51.037313],[13.741395,51.037198],[13.742682,51.03677],[13.743091,51.036636],[13.743633,51.036459],[13.744107,51.036312],[13.744213,51.036279]]]}},{"type":"Feature","id":"dresden-81","properties":{"city":"Dresden","state":"Sachsen","code":"81","name":"Südvorstadt-West","name_atlas":"Südvorstadt-West","population_est":14448,"crime_total":{"cases":1015,"rate":7025.0},"homicide":{"cases":0,"rate":0.0},"sexual":{"cases":17,"rate":117.7},"violence_proxy":{"cases":134,"rate":927.5},"property_total":{"cases":384,"rate":2657.8},"simple_theft":{"cases":151,"rate":1045.1},"aggravated_theft":{"cases":233,"rate":1612.7},"fraud":{"cases":262,"rate":1813.4},"other_stgb":{"cases":194,"rate":1342.7},"secondary_law":{"cases":24,"rate":166.1}},"geometry":{"type":"Polygon","coordinates":[[[13.721674,51.028785],[13.721583,51.029299],[13.721271,51.0297],[13.72115,51.029812],[13.721059,51.029896],[13.721045,51.029908],[13.721022,51.029935],[13.72069,51.030314],[13.720281,51.030499],[13.720156,51.030555],[13.719623,51.030796],[13.718868,51.031128],[13.718142,51.031448],[13.717233,51.031854],[13.717154,51.031889],[13.716781,51.032058],[13.716245,51.032301],[13.715733,51.032533],[13.715571,51.032606],[13.714787,51.032968],[13.713594,51.033483],[13.713541,51.033508],[13.71245,51.034007],[13.711682,51.034344],[13.711209,51.034571],[13.710992,51.034675],[13.710675,51.034813],[13.710136,51.035046],[13.709685,51.035237],[13.709339,51.034828],[13.709161,51.034617],[13.708628,51.033989],[13.70816,51.033412],[13.707474,51.033626],[13.707259,51.033699],[13.707183,51.033725],[13.707154,51.033735],[13.70713,51.033742],[13.707032,51.033772],[13.706956,51.033795],[13.707004,51.033839],[13.707075,51.033902],[13.707152,51.034015],[13.707209,51.034099],[13.707325,51.034271],[13.70733,51.034282],[13.707422,51.034255],[13.707437,51.034251],[13.707446,51.034263],[13.707709,51.034702],[13.707997,51.035202],[13.707826,51.035245],[13.708183,51.035865],[13.708267,51.036007],[13.708482,51.036368],[13.708772,51.036792],[13.708795,51.036826],[13.709189,51.037403],[13.709671,51.038084],[13.70974,51.038197],[13.710009,51.038571],[13.710368,51.039088],[13.710557,51.039357],[13.71048,51.039384],[13.710856,51.039974],[13.71088,51.040005],[13.710905,51.040038],[13.710932,51.040073],[13.711227,51.039949],[13.711297,51.03992],[13.711636,51.039758],[13.71172,51.039718],[13.711987,51.039593],[13.712572,51.039997],[13.712909,51.040236],[13.713254,51.040457],[13.713536,51.040626],[13.714107,51.040435],[13.714134,51.040422],[13.71474,51.040999],[13.715266,51.041485],[13.715267,51.041486],[13.71577,51.042131],[13.716122,51.042581],[13.716164,51.042563],[13.716587,51.042984],[13.716629,51.042963],[13.717132,51.043332],[13.717178,51.043304],[13.71723,51.043335],[13.717765,51.043632],[13.717796,51.043594],[13.71846,51.043858],[13.718749,51.043928],[13.719229,51.044023],[13.719734,51.044046],[13.720153,51.044041],[13.720659,51.044015],[13.72088,51.043944],[13.721091,51.043827],[13.721096,51.043825],[13.721107,51.043833],[13.72127,51.043945],[13.721761,51.044282],[13.721762,51.044282],[13.722204,51.04449],[13.722251,51.044463],[13.722564,51.044299],[13.722565,51.044301],[13.722576,51.044296],[13.722605,51.04428],[13.722677,51.044243],[13.722402,51.043946],[13.722311,51.043828],[13.722167,51.043679],[13.722086,51.043593],[13.722121,51.04358],[13.722143,51.043572],[13.722195,51.043557],[13.722259,51.043537],[13.722383,51.043499],[13.72293,51.043258],[13.723177,51.043148],[13.723151,51.043133],[13.723223,51.043105],[13.72328,51.043083],[13.723323,51.043103],[13.72341,51.043032],[13.723444,51.043019],[13.723531,51.042948],[13.723605,51.042982],[13.723692,51.042911],[13.723905,51.042813],[13.724112,51.04288],[13.724113,51.042879],[13.724291,51.042809],[13.724257,51.042798],[13.724275,51.042791],[13.724524,51.042681],[13.724815,51.042557],[13.724818,51.042556],[13.725092,51.04243],[13.725132,51.042411],[13.725347,51.042307],[13.725685,51.042129],[13.725693,51.042125],[13.725722,51.042037],[13.725736,51.042039],[13.72648,51.041654],[13.727428,51.041199],[13.727787,51.041025],[13.728277,51.040779],[13.728839,51.040513],[13.729405,51.040266],[13.729545,51.040205],[13.730212,51.039983],[13.730276,51.040063],[13.730729,51.039918],[13.731348,51.03972],[13.732616,51.039298],[13.733111,51.039136],[13.733133,51.039129],[13.733149,51.039124],[13.733276,51.039083],[13.733206,51.038994],[13.733186,51.038953],[13.732511,51.037504],[13.732509,51.037498],[13.732508,51.037498],[13.731805,51.035984],[13.731795,51.035963],[13.731089,51.034425],[13.731088,51.034424],[13.730995,51.034267],[13.730532,51.033452],[13.730376,51.033214],[13.730374,51.033211],[13.730336,51.033218],[13.730257,51.033213],[13.730179,51.033202],[13.730105,51.033185],[13.730034,51.033163],[13.729948,51.033117],[13.729855,51.033067],[13.729838,51.033057],[13.729796,51.03302],[13.729763,51.032976],[13.729737,51.032936],[13.729724,51.032891],[13.729751,51.032789],[13.729781,51.032677],[13.729799,51.03261],[13.729806,51.032595],[13.72985,51.032561],[13.729894,51.032524],[13.729945,51.032495],[13.729985,51.032484],[13.73003,51.032471],[13.730085,51.032456],[13.730088,51.032432],[13.730117,51.032322],[13.730234,51.031865],[13.730404,51.0312],[13.730439,51.031066],[13.730535,51.030708],[13.730538,51.030689],[13.730602,51.030317],[13.730626,51.030188],[13.730631,51.030157],[13.730636,51.030132],[13.730705,51.029844],[13.730711,51.029824],[13.730726,51.029762],[13.730727,51.029758],[13.730825,51.029376],[13.731126,51.028199],[13.731196,51.027951],[13.731396,51.027245],[13.731396,51.027243],[13.731125,51.027239],[13.729413,51.02721],[13.72841,51.027196],[13.727541,51.027191],[13.72638,51.027174],[13.725261,51.027163],[13.725332,51.026802],[13.725395,51.026446],[13.72542,51.026219],[13.725385,51.025991],[13.725355,51.025856],[13.725289,51.025571],[13.725002,51.025606],[13.724441,51.025707],[13.724031,51.02578],[13.723965,51.025793],[13.722795,51.026013],[13.722434,51.026085],[13.722284,51.026115],[13.722143,51.026751],[13.721974,51.027453],[13.721904,51.027744],[13.721781,51.028298],[13.721674,51.028785]]]}},{"type":"Feature","id":"dresden-55","properties":{"city":"Dresden","state":"Sachsen","code":"55","name":"Tolkewitz/Seidnitz-Nord","name_atlas":"Tolkewitz/Seidnitz-Nord","population_est":11353,"crime_total":{"cases":172,"rate":1515.0},"homicide":{"cases":0,"rate":0.0},"sexual":{"cases":5,"rate":44.0},"violence_proxy":{"cases":26,"rate":229.0},"property_total":{"cases":63,"rate":554.9},"simple_theft":{"cases":29,"rate":255.4},"aggravated_theft":{"cases":34,"rate":299.5},"fraud":{"cases":27,"rate":237.8},"other_stgb":{"cases":48,"rate":422.8},"secondary_law":{"cases":3,"rate":26.4}},"geometry":{"type":"Polygon","coordinates":[[[13.810719,51.03732],[13.810764,51.037392],[13.810768,51.037398],[13.811197,51.037827],[13.811363,51.037994],[13.811581,51.038213],[13.811768,51.038398],[13.812031,51.038661],[13.812075,51.038704],[13.812119,51.038747],[13.812334,51.038964],[13.812403,51.039033],[13.812438,51.039067],[13.812533,51.039146],[13.812608,51.039206],[13.812667,51.039269],[13.812727,51.039336],[13.812887,51.039511],[13.812966,51.039593],[13.813027,51.039655],[13.81322,51.039833],[13.813419,51.040015],[13.813488,51.040074],[13.813556,51.040138],[13.813623,51.040194],[13.813819,51.040376],[13.813917,51.040466],[13.814019,51.04056],[13.814201,51.040744],[13.813902,51.040871],[13.813693,51.040964],[13.813576,51.041017],[13.813713,51.041143],[13.813895,51.041307],[13.814165,51.041531],[13.814558,51.041833],[13.814982,51.042146],[13.815525,51.042556],[13.815654,51.042598],[13.815984,51.042122],[13.816112,51.041961],[13.816599,51.041351],[13.817038,51.040858],[13.817107,51.040768],[13.817117,51.040758],[13.817233,51.040639],[13.817309,51.040576],[13.817538,51.040395],[13.817931,51.040071],[13.818034,51.039968],[13.818248,51.03976],[13.818696,51.039302],[13.818813,51.03935],[13.819036,51.03948],[13.819311,51.039666],[13.819439,51.039738],[13.819566,51.039806],[13.819625,51.039835],[13.81959,51.03988],[13.819562,51.039927],[13.819527,51.039957],[13.819714,51.040084],[13.819706,51.040092],[13.819672,51.040121],[13.819664,51.040127],[13.819637,51.040149],[13.819602,51.040178],[13.819571,51.040207],[13.819542,51.040237],[13.819527,51.040251],[13.81951,51.040267],[13.819493,51.040282],[13.819474,51.0403],[13.819462,51.040312],[13.819445,51.040328],[13.819412,51.040356],[13.819406,51.04036],[13.819392,51.04037],[13.819367,51.040387],[13.819353,51.040397],[13.81933,51.040412],[13.819314,51.040423],[13.819305,51.04043],[13.819286,51.040448],[13.819266,51.040463],[13.819249,51.040475],[13.819211,51.040503],[13.81919,51.040517],[13.819162,51.040547],[13.819136,51.04058],[13.819114,51.040613],[13.819103,51.040625],[13.819086,51.040644],[13.819069,51.04066],[13.819054,51.040674],[13.819024,51.040705],[13.819,51.040728],[13.818992,51.040735],[13.818985,51.040746],[13.818971,51.040768],[13.818942,51.040799],[13.818938,51.040806],[13.818923,51.040831],[13.818909,51.040849],[13.818898,51.040863],[13.81887,51.040895],[13.818857,51.040909],[13.818854,51.040911],[13.818845,51.04092],[13.818825,51.040941],[13.818814,51.04095],[13.8188,51.040962],[13.81877,51.04099],[13.81876,51.040999],[13.818738,51.04102],[13.818709,51.041045],[13.818705,51.041048],[13.818703,51.04105],[13.818687,51.041064],[13.818664,51.041084],[13.818653,51.041094],[13.818637,51.041109],[13.818619,51.041124],[13.818605,51.041139],[13.818576,51.04117],[13.818565,51.041179],[13.818541,51.041198],[13.818506,51.041228],[13.818479,51.041254],[13.818475,51.041258],[13.818458,51.041273],[13.818422,51.041303],[13.818395,51.04133],[13.818391,51.041334],[13.818354,51.04136],[13.818328,51.041392],[13.818296,51.041421],[13.818285,51.04143],[13.818262,51.041448],[13.818233,51.041479],[13.818206,51.04151],[13.81819,51.041521],[13.818186,51.041524],[13.818145,51.041548],[13.818132,51.041565],[13.818114,51.041581],[13.818084,51.041611],[13.818075,51.041621],[13.818069,51.041628],[13.818058,51.041639],[13.818048,51.04165],[13.81803,51.041672],[13.818013,51.041692],[13.817972,51.04174],[13.817957,51.041757],[13.817941,51.041776],[13.817934,51.041784],[13.817922,51.041799],[13.817901,51.041823],[13.817879,51.041849],[13.817861,51.041871],[13.817845,51.041889],[13.81783,51.041907],[13.817816,51.041923],[13.817791,51.041953],[13.817775,51.041972],[13.817773,51.041974],[13.817758,51.041994],[13.817744,51.042011],[13.817722,51.042039],[13.817719,51.042043],[13.817696,51.042073],[13.817672,51.042104],[13.817654,51.042127],[13.817627,51.042159],[13.817614,51.042176],[13.817585,51.042215],[13.817569,51.042237],[13.817564,51.042243],[13.817553,51.042258],[13.81753,51.042291],[13.817507,51.042322],[13.817496,51.042337],[13.817485,51.042352],[13.817477,51.042363],[13.817462,51.042383],[13.81744,51.042415],[13.817428,51.042431],[13.817416,51.042447],[13.817392,51.042482],[13.817366,51.042519],[13.817359,51.042529],[13.817338,51.042559],[13.817308,51.042603],[13.817298,51.042617],[13.817289,51.04263],[13.817273,51.042653],[13.81727,51.042658],[13.817265,51.042666],[13.817252,51.042685],[13.817241,51.042701],[13.817234,51.042712],[13.817218,51.042736],[13.817203,51.042758],[13.81719,51.042776],[13.817157,51.042826],[13.817145,51.042843],[13.817139,51.042854],[13.817133,51.042863],[13.81711,51.042902],[13.817107,51.042907],[13.817102,51.042915],[13.81709,51.042933],[13.817067,51.042966],[13.817055,51.042983],[13.817043,51.043],[13.818016,51.043277],[13.818444,51.042672],[13.819082,51.041893],[13.819317,51.041656],[13.8197,51.04127],[13.82033,51.040713],[13.821016,51.040216],[13.821626,51.039843],[13.822509,51.039392],[13.823156,51.039069],[13.82388,51.038696],[13.824604,51.038342],[13.825356,51.037976],[13.826318,51.037545],[13.827144,51.037208],[13.828053,51.036817],[13.828427,51.036686],[13.828991,51.036527],[13.829883,51.036282],[13.830392,51.03617],[13.830966,51.036085],[13.83143,51.035975],[13.832465,51.035654],[13.832567,51.035615],[13.832013,51.034963],[13.83195,51.034887],[13.831942,51.034878],[13.831926,51.034862],[13.831914,51.03485],[13.831879,51.034813],[13.831465,51.034383],[13.831383,51.034301],[13.831121,51.034032],[13.830839,51.033744],[13.830638,51.033537],[13.830568,51.033462],[13.830459,51.033347],[13.830436,51.033319],[13.830421,51.0333],[13.830414,51.033292],[13.830407,51.033285],[13.830388,51.033261],[13.830319,51.033185],[13.830231,51.033076],[13.830152,51.032981],[13.830019,51.032799],[13.829983,51.032752],[13.829977,51.032743],[13.829972,51.032737],[13.82992,51.032662],[13.829819,51.032529],[13.829758,51.032449],[13.82966,51.032314],[13.829594,51.032229],[13.82951,51.032114],[13.8295,51.0321],[13.829491,51.032089],[13.829434,51.032015],[13.829523,51.031995],[13.82952,51.031995],[13.829498,51.031946],[13.829406,51.03182],[13.82939,51.031798],[13.829155,51.031479],[13.829145,51.031463],[13.8289,51.031006],[13.828873,51.030932],[13.828842,51.030845],[13.828827,51.030792],[13.828897,51.03027],[13.828899,51.030251],[13.828905,51.030111],[13.82889,51.030004],[13.828867,51.029943],[13.828858,51.029925],[13.828827,51.029855],[13.828756,51.029742],[13.828733,51.029706],[13.828682,51.029657],[13.828653,51.029628],[13.828294,51.029287],[13.828177,51.029185],[13.828016,51.029082],[13.827772,51.028934],[13.827648,51.028866],[13.827497,51.028797],[13.827335,51.028742],[13.827196,51.028694],[13.827054,51.028653],[13.826799,51.028581],[13.826759,51.028569],[13.826335,51.028459],[13.825583,51.02826],[13.82554,51.028248],[13.825285,51.02818],[13.825056,51.028118],[13.824719,51.028028],[13.824124,51.027869],[13.823623,51.027736],[13.823497,51.027694],[13.823374,51.027648],[13.823258,51.027605],[13.822665,51.02722],[13.822072,51.026834],[13.821481,51.02645],[13.821175,51.02625],[13.821044,51.026144],[13.820943,51.026027],[13.820913,51.02598],[13.820797,51.025797],[13.820737,51.025699],[13.820657,51.025568],[13.820467,51.025656],[13.820459,51.025659],[13.819362,51.026166],[13.819348,51.026164],[13.81916,51.025993],[13.818772,51.025661],[13.818601,51.025536],[13.818495,51.025458],[13.818438,51.02551],[13.818251,51.025678],[13.818236,51.025692],[13.817989,51.025504],[13.817986,51.025502],[13.81781,51.02536],[13.817713,51.025269],[13.817551,51.025117],[13.817549,51.025115],[13.817491,51.025111],[13.817504,51.025127],[13.817488,51.025131],[13.817466,51.025135],[13.816753,51.025294],[13.815409,51.025602],[13.815666,51.025901],[13.815598,51.025934],[13.81463,51.026409],[13.813878,51.026778],[13.814024,51.026921],[13.813517,51.027119],[13.813497,51.027126],[13.813273,51.027214],[13.813095,51.027284],[13.812594,51.027495],[13.812045,51.027727],[13.811676,51.027882],[13.811456,51.027974],[13.811326,51.02803],[13.811218,51.028077],[13.811057,51.02814],[13.81104,51.028223],[13.810971,51.028219],[13.810449,51.028192],[13.810217,51.028183],[13.809779,51.028167],[13.809365,51.028137],[13.80916,51.028095],[13.809222,51.028163],[13.809249,51.028229],[13.809263,51.028302],[13.809278,51.028419],[13.809281,51.028505],[13.809271,51.028592],[13.80925,51.028702],[13.809196,51.028836],[13.809117,51.028986],[13.809006,51.029154],[13.808877,51.029335],[13.808718,51.029555],[13.808617,51.029707],[13.808531,51.029851],[13.808511,51.029908],[13.808468,51.030056],[13.808453,51.030231],[13.80848,51.030367],[13.808489,51.030391],[13.808535,51.030505],[13.808609,51.030638],[13.808703,51.030787],[13.80876,51.030875],[13.808798,51.030933],[13.808842,51.031033],[13.808683,51.031028],[13.808477,51.031039],[13.808261,51.031067],[13.808055,51.031102],[13.807768,51.031217],[13.807273,51.031415],[13.80695,51.031542],[13.806799,51.031602],[13.806686,51.031649],[13.805918,51.031969],[13.805414,51.032168],[13.80492,51.03236],[13.804937,51.032451],[13.804767,51.032549],[13.804464,51.032661],[13.80403,51.032792],[13.803954,51.032811],[13.803687,51.03288],[13.803245,51.033043],[13.80335,51.033144],[13.803608,51.033401],[13.80396,51.033742],[13.80439,51.034156],[13.805181,51.034928],[13.805354,51.035097],[13.805519,51.035257],[13.805746,51.035474],[13.806059,51.035776],[13.806204,51.035951],[13.806218,51.03605],[13.806488,51.036088],[13.806491,51.036089],[13.807042,51.036205],[13.807023,51.036252],[13.807199,51.036283],[13.807423,51.036321],[13.807516,51.036337],[13.807543,51.036342],[13.807572,51.036371],[13.80758,51.036439],[13.807648,51.036489],[13.808166,51.036845],[13.808238,51.036923],[13.808293,51.036902],[13.808366,51.036979],[13.808643,51.037173],[13.808704,51.03722],[13.808745,51.037251],[13.808965,51.037435],[13.809026,51.037486],[13.80921,51.037643],[13.809288,51.037718],[13.809347,51.037693],[13.809353,51.037691],[13.809455,51.037658],[13.809692,51.037581],[13.809989,51.037505],[13.810462,51.037372],[13.810711,51.037308],[13.810719,51.03732]]]}},{"type":"Feature","id":"dresden-24","properties":{"city":"Dresden","state":"Sachsen","code":"24","name":"Trachau","name_atlas":"Trachau","population_est":9889,"crime_total":{"cases":541,"rate":5471.0},"homicide":{"cases":1,"rate":10.1},"sexual":{"cases":13,"rate":131.5},"violence_proxy":{"cases":86,"rate":869.7},"property_total":{"cases":193,"rate":1951.7},"simple_theft":{"cases":48,"rate":485.4},"aggravated_theft":{"cases":145,"rate":1466.3},"fraud":{"cases":99,"rate":1001.1},"other_stgb":{"cases":132,"rate":1334.8},"secondary_law":{"cases":17,"rate":171.9}},"geometry":{"type":"Polygon","coordinates":[[[13.711381,51.087865],[13.711108,51.087936],[13.71108,51.087944],[13.710156,51.088186],[13.709144,51.088446],[13.708262,51.088695],[13.708234,51.088703],[13.707435,51.088908],[13.70634,51.089203],[13.70567,51.089386],[13.705481,51.089085],[13.705441,51.089094],[13.704854,51.089238],[13.705052,51.089534],[13.704705,51.089618],[13.704544,51.089656],[13.70343,51.089944],[13.702875,51.090085],[13.702653,51.090125],[13.702755,51.089926],[13.702416,51.090064],[13.702073,51.090144],[13.701978,51.090171],[13.701416,51.090332],[13.700868,51.09048],[13.70032,51.090635],[13.700126,51.090692],[13.700126,51.090749],[13.700126,51.091017],[13.700125,51.09111],[13.700421,51.091145],[13.700887,51.091199],[13.700894,51.0912],[13.70099,51.091211],[13.701102,51.091279],[13.700862,51.091451],[13.700873,51.091459],[13.700948,51.091503],[13.701043,51.09156],[13.700897,51.09166],[13.700824,51.091711],[13.700775,51.091747],[13.700528,51.091926],[13.700436,51.091993],[13.700403,51.092017],[13.700338,51.092065],[13.699973,51.092325],[13.69984,51.09242],[13.699808,51.092442],[13.699805,51.092445],[13.699812,51.092449],[13.699824,51.092456],[13.699818,51.09246],[13.69973,51.092525],[13.699538,51.09266],[13.699312,51.092833],[13.69917,51.092934],[13.69896,51.093087],[13.698579,51.093362],[13.698508,51.093412],[13.698492,51.093423],[13.69846,51.093447],[13.698403,51.093486],[13.6984,51.093488],[13.69835,51.093518],[13.698318,51.093538],[13.697865,51.093875],[13.698504,51.094233],[13.698608,51.094292],[13.698854,51.094431],[13.698929,51.094471],[13.698931,51.094472],[13.698531,51.094755],[13.698254,51.094951],[13.698127,51.095042],[13.698024,51.095114],[13.69786,51.09523],[13.697601,51.095413],[13.697304,51.095622],[13.696354,51.096294],[13.695657,51.096791],[13.695597,51.096832],[13.695551,51.096865],[13.695345,51.097011],[13.694998,51.097259],[13.694761,51.097428],[13.69442,51.097671],[13.694405,51.097681],[13.694555,51.097744],[13.694214,51.09791],[13.69406,51.097986],[13.69397,51.09803],[13.693504,51.098258],[13.693384,51.098316],[13.693278,51.098368],[13.692799,51.098603],[13.692782,51.098589],[13.692355,51.098245],[13.692219,51.098135],[13.691845,51.097833],[13.691807,51.097802],[13.691241,51.098076],[13.690833,51.098276],[13.690809,51.098288],[13.690685,51.098348],[13.690451,51.098462],[13.689978,51.098689],[13.689786,51.098781],[13.689547,51.098896],[13.68934,51.098995],[13.689001,51.099158],[13.688487,51.099405],[13.688429,51.099433],[13.688262,51.099513],[13.688217,51.09955],[13.688208,51.099596],[13.688235,51.099639],[13.688642,51.099977],[13.688688,51.100008],[13.688743,51.100032],[13.688804,51.10005],[13.68887,51.10006],[13.689083,51.100076],[13.689312,51.100087],[13.689359,51.10009],[13.690067,51.1001],[13.690414,51.100105],[13.69077,51.10011],[13.690847,51.100112],[13.690897,51.100112],[13.690919,51.100113],[13.691126,51.100116],[13.691157,51.100179],[13.691258,51.100386],[13.691336,51.100545],[13.691341,51.100563],[13.691343,51.100567],[13.691401,51.100748],[13.69147,51.100963],[13.691475,51.100981],[13.691498,51.101046],[13.691501,51.101053],[13.691566,51.101163],[13.691686,51.101368],[13.691726,51.101436],[13.69183,51.101611],[13.691862,51.101665],[13.691823,51.101862],[13.691866,51.101865],[13.691964,51.101873],[13.692047,51.101878],[13.692161,51.101887],[13.692192,51.101913],[13.692217,51.101934],[13.692257,51.101968],[13.692316,51.102018],[13.692369,51.102062],[13.693295,51.102098],[13.693257,51.102502],[13.692747,51.102483],[13.692825,51.102573],[13.69302,51.102799],[13.693113,51.102906],[13.693137,51.102965],[13.693225,51.103173],[13.693278,51.1033],[13.694754,51.103409],[13.694759,51.103416],[13.694827,51.103506],[13.695113,51.103884],[13.695194,51.103991],[13.695272,51.10416],[13.695395,51.104445],[13.695588,51.104876],[13.695622,51.105515],[13.694958,51.105469],[13.694957,51.105479],[13.694942,51.10559],[13.694928,51.105709],[13.694892,51.105954],[13.694912,51.106272],[13.694921,51.106409],[13.694909,51.106457],[13.694734,51.10701],[13.694698,51.107123],[13.694682,51.107166],[13.694483,51.107707],[13.694109,51.108385],[13.693897,51.108389],[13.693755,51.108392],[13.693419,51.108394],[13.692876,51.108416],[13.692657,51.10837],[13.692452,51.108325],[13.692285,51.108289],[13.692268,51.108314],[13.692144,51.108633],[13.692068,51.108846],[13.691985,51.109079],[13.691924,51.109247],[13.691889,51.109367],[13.691837,51.109545],[13.691804,51.10966],[13.691785,51.109792],[13.691733,51.110147],[13.691883,51.110475],[13.691864,51.110681],[13.691847,51.110871],[13.69186,51.110886],[13.691968,51.110883],[13.691931,51.110963],[13.691914,51.110997],[13.691906,51.111012],[13.692364,51.111134],[13.692422,51.11115],[13.692498,51.11117],[13.693291,51.111381],[13.694034,51.111582],[13.694362,51.111671],[13.695857,51.112397],[13.695991,51.112463],[13.696114,51.112807],[13.6962,51.113093],[13.696214,51.113143],[13.696248,51.113272],[13.696237,51.113301],[13.696229,51.11334],[13.6963,51.113364],[13.696542,51.113443],[13.696927,51.113575],[13.696976,51.113566],[13.697015,51.11356],[13.697339,51.113509],[13.697473,51.113489],[13.697992,51.113331],[13.698058,51.113312],[13.698182,51.113271],[13.698256,51.113248],[13.698357,51.113217],[13.698476,51.113182],[13.699203,51.113665],[13.699263,51.113726],[13.69942,51.113889],[13.699458,51.113929],[13.699469,51.113941],[13.699853,51.114188],[13.699864,51.114197],[13.700104,51.11439],[13.700249,51.114507],[13.700253,51.11451],[13.700403,51.11463],[13.700441,51.11467],[13.700561,51.114567],[13.700728,51.11453],[13.700833,51.114436],[13.700878,51.11432],[13.700825,51.114271],[13.700898,51.114099],[13.700931,51.113958],[13.700985,51.113898],[13.701001,51.113735],[13.701036,51.113421],[13.70106,51.113211],[13.701092,51.112748],[13.701147,51.112117],[13.701172,51.111839],[13.701236,51.111551],[13.701314,51.111434],[13.701389,51.111322],[13.701458,51.111219],[13.701677,51.11094],[13.702058,51.110529],[13.702241,51.110304],[13.702265,51.110266],[13.702298,51.110232],[13.702515,51.11002],[13.703515,51.109342],[13.703992,51.10904],[13.704705,51.108598],[13.704852,51.108605],[13.704855,51.108603],[13.705502,51.108222],[13.707327,51.107154],[13.707526,51.107036],[13.707633,51.106973],[13.708085,51.106713],[13.708327,51.106574],[13.708681,51.106375],[13.708891,51.106249],[13.709009,51.106172],[13.709106,51.106081],[13.709743,51.105383],[13.709903,51.105208],[13.710319,51.104763],[13.710578,51.104486],[13.71073,51.104312],[13.710857,51.104171],[13.711676,51.103263],[13.712477,51.102423],[13.712725,51.102122],[13.713203,51.101618],[13.713221,51.101599],[13.713463,51.10134],[13.713557,51.10124],[13.713613,51.101181],[13.713636,51.101156],[13.713741,51.101044],[13.713796,51.100985],[13.713853,51.100923],[13.714401,51.100369],[13.714756,51.100048],[13.715111,51.099671],[13.715209,51.099555],[13.715395,51.099378],[13.715417,51.099357],[13.715626,51.099147],[13.715685,51.099087],[13.715774,51.099],[13.715853,51.098924],[13.716011,51.09878],[13.71603,51.098762],[13.71609,51.098714],[13.716168,51.098652],[13.716313,51.098554],[13.716453,51.098481],[13.716619,51.098396],[13.716748,51.098327],[13.716868,51.098267],[13.716992,51.098213],[13.717016,51.098202],[13.71716,51.098139],[13.717345,51.098059],[13.717511,51.097988],[13.71773,51.097897],[13.717925,51.097823],[13.718129,51.097737],[13.71815,51.097728],[13.718342,51.097625],[13.718543,51.09747],[13.718663,51.097351],[13.718751,51.097236],[13.718812,51.097105],[13.71885,51.096994],[13.718962,51.096651],[13.719412,51.096586],[13.719875,51.096501],[13.720204,51.096434],[13.72051,51.096379],[13.720781,51.096332],[13.72095,51.0963],[13.721291,51.096246],[13.721554,51.096212],[13.7218,51.096182],[13.722076,51.09614],[13.722234,51.096128],[13.722392,51.09611],[13.722439,51.096102],[13.722727,51.096052],[13.723078,51.095976],[13.723368,51.095911],[13.723517,51.095877],[13.723476,51.095809],[13.723433,51.095742],[13.723407,51.0957],[13.723405,51.095696],[13.723288,51.095507],[13.723042,51.095158],[13.723014,51.095118],[13.722772,51.094757],[13.722713,51.094669],[13.722577,51.094466],[13.722432,51.094267],[13.722286,51.094042],[13.721585,51.092964],[13.721261,51.092454],[13.721146,51.09224],[13.721166,51.092201],[13.721211,51.092116],[13.721155,51.092084],[13.721069,51.092045],[13.721063,51.092042],[13.720939,51.091882],[13.720603,51.091395],[13.720522,51.091276],[13.720334,51.090988],[13.720175,51.090731],[13.720167,51.090718],[13.720041,51.090509],[13.71981,51.090175],[13.719798,51.090159],[13.719646,51.089976],[13.719417,51.089581],[13.719414,51.089575],[13.719164,51.089119],[13.718872,51.088593],[13.718761,51.088391],[13.718833,51.088367],[13.718644,51.087999],[13.718644,51.087908],[13.718644,51.087895],[13.718694,51.087761],[13.718488,51.087727],[13.71833,51.087701],[13.718364,51.087613],[13.718361,51.087606],[13.718197,51.087257],[13.71793,51.08669],[13.71769,51.086648],[13.717687,51.086647],[13.717568,51.08663],[13.717419,51.086607],[13.717414,51.086586],[13.717339,51.086399],[13.71733,51.086377],[13.717304,51.086312],[13.717235,51.086145],[13.716255,51.086512],[13.71589,51.086644],[13.715065,51.086905],[13.715055,51.086909],[13.71426,51.087126],[13.714085,51.087172],[13.713332,51.08737],[13.712613,51.087555],[13.711751,51.087771],[13.711381,51.087865]]]}},{"type":"Feature","id":"dresden-35","properties":{"city":"Dresden","state":"Sachsen","code":"35","name":"Weixdorf mit Friedersdorf, Gomlitz, Lausa und Marsdorf","name_atlas":"Weixdorf/Lausa/Friedersdorf/Gomlitz/Marsdorf","population_est":5941,"crime_total":{"cases":190,"rate":3198.0},"homicide":{"cases":0,"rate":0.0},"sexual":{"cases":2,"rate":33.7},"violence_proxy":{"cases":27,"rate":454.5},"property_total":{"cases":72,"rate":1211.9},"simple_theft":{"cases":40,"rate":673.3},"aggravated_theft":{"cases":32,"rate":538.6},"fraud":{"cases":24,"rate":404.0},"other_stgb":{"cases":58,"rate":976.3},"secondary_law":{"cases":7,"rate":117.8}},"geometry":{"type":"Polygon","coordinates":[[[13.795085,51.133013],[13.795073,51.133007],[13.794915,51.132924],[13.794853,51.132699],[13.794752,51.132358],[13.794612,51.132375],[13.794293,51.132411],[13.794363,51.132622],[13.794178,51.132644],[13.793842,51.132682],[13.793808,51.132686],[13.793728,51.132695],[13.793504,51.132721],[13.793167,51.13276],[13.792829,51.132799],[13.792674,51.132817],[13.792645,51.13282],[13.792617,51.132823],[13.792506,51.132836],[13.792183,51.132873],[13.79186,51.13291],[13.79162,51.132936],[13.791479,51.132952],[13.791212,51.132983],[13.791045,51.133003],[13.790943,51.133015],[13.790696,51.133043],[13.790484,51.133068],[13.790473,51.133062],[13.790444,51.133046],[13.790194,51.132918],[13.789908,51.132771],[13.789663,51.132646],[13.789419,51.132521],[13.789181,51.132399],[13.789162,51.132389],[13.788947,51.132279],[13.788516,51.132011],[13.788339,51.131877],[13.788223,51.13179],[13.788049,51.131658],[13.787956,51.131588],[13.787913,51.131546],[13.787898,51.131531],[13.787741,51.131378],[13.787618,51.131258],[13.787608,51.131248],[13.787529,51.13117],[13.787404,51.131048],[13.787392,51.131037],[13.78733,51.130976],[13.787307,51.130954],[13.787252,51.130901],[13.787244,51.130903],[13.787174,51.130825],[13.787055,51.130709],[13.786939,51.130596],[13.786928,51.130586],[13.786534,51.130132],[13.786109,51.130347],[13.786002,51.130408],[13.785892,51.130463],[13.785745,51.130538],[13.785664,51.130579],[13.78553,51.13065],[13.785336,51.130776],[13.785257,51.130827],[13.785112,51.130921],[13.784846,51.131094],[13.784824,51.131108],[13.78471,51.131159],[13.784622,51.131198],[13.784338,51.131332],[13.784154,51.131409],[13.783789,51.131532],[13.783814,51.131621],[13.783485,51.13166],[13.783511,51.131748],[13.78355,51.131781],[13.783587,51.131812],[13.78375,51.131948],[13.784078,51.132186],[13.784467,51.132439],[13.784714,51.132573],[13.784996,51.132716],[13.785027,51.13273],[13.785099,51.132752],[13.785156,51.132769],[13.785147,51.132781],[13.78514,51.132789],[13.785193,51.132806],[13.785267,51.13283],[13.785327,51.132849],[13.785774,51.132994],[13.785899,51.133037],[13.785292,51.133745],[13.784498,51.134669],[13.78437,51.134709],[13.784016,51.134716],[13.783569,51.135175],[13.782989,51.135571],[13.781776,51.136017],[13.782,51.136212],[13.782525,51.1364],[13.782606,51.13643],[13.782838,51.136513],[13.783081,51.1366],[13.783534,51.13682],[13.78419,51.13718],[13.785154,51.13782],[13.785621,51.138219],[13.78569,51.13828],[13.785776,51.138361],[13.785939,51.138516],[13.786379,51.138848],[13.786513,51.138949],[13.786635,51.139035],[13.786869,51.13919],[13.786988,51.139261],[13.786493,51.139501],[13.786004,51.139739],[13.785572,51.139949],[13.78551,51.13998],[13.785413,51.140027],[13.785021,51.140218],[13.78456,51.140441],[13.784311,51.140562],[13.784052,51.140688],[13.783872,51.140776],[13.783559,51.140928],[13.783089,51.141157],[13.78307,51.141166],[13.783165,51.141227],[13.783484,51.141432],[13.78381,51.14165],[13.784265,51.141945],[13.784641,51.14219],[13.784985,51.142395],[13.785296,51.142572],[13.785593,51.142757],[13.785785,51.142864],[13.78624,51.142976],[13.786682,51.143084],[13.787112,51.143208],[13.787211,51.143237],[13.787329,51.143271],[13.787976,51.143458],[13.788007,51.143493],[13.788387,51.14395],[13.788736,51.144345],[13.788899,51.144549],[13.789053,51.144746],[13.789055,51.144749],[13.789078,51.144781],[13.789206,51.144964],[13.789216,51.14498],[13.789335,51.145171],[13.789524,51.145443],[13.789694,51.14567],[13.789905,51.145913],[13.789949,51.145971],[13.78997,51.145998],[13.790125,51.146203],[13.790272,51.146408],[13.790215,51.146491],[13.789098,51.14617],[13.788667,51.146116],[13.788537,51.146131],[13.788239,51.146163],[13.788078,51.14617],[13.787212,51.146199],[13.786004,51.146238],[13.785513,51.146254],[13.785512,51.146255],[13.785397,51.146282],[13.785315,51.146326],[13.785222,51.146257],[13.785021,51.146256],[13.784577,51.146278],[13.784227,51.146272],[13.783816,51.146235],[13.783507,51.146238],[13.783205,51.146233],[13.783155,51.146253],[13.783023,51.146243],[13.782815,51.146295],[13.782619,51.146344],[13.782542,51.146363],[13.782327,51.146378],[13.78213,51.146385],[13.781902,51.146391],[13.781809,51.146394],[13.781737,51.146396],[13.781736,51.146395],[13.781703,51.146356],[13.781417,51.146366],[13.780673,51.145852],[13.780186,51.145516],[13.779614,51.145121],[13.779205,51.144838],[13.778796,51.144556],[13.778387,51.144273],[13.778197,51.144142],[13.777969,51.143984],[13.777869,51.143915],[13.777662,51.143772],[13.777569,51.143708],[13.777154,51.143423],[13.776746,51.143143],[13.776335,51.142862],[13.775928,51.142582],[13.775517,51.142301],[13.775113,51.142023],[13.77499,51.141976],[13.774142,51.141696],[13.773984,51.141635],[13.773955,51.141622],[13.773647,51.141484],[13.773416,51.141353],[13.773226,51.141222],[13.772834,51.141],[13.772934,51.140796],[13.773035,51.140592],[13.772636,51.140376],[13.771823,51.139836],[13.77149,51.139614],[13.770942,51.139225],[13.770768,51.13909],[13.770605,51.138969],[13.770115,51.139204],[13.7701,51.139191],[13.769793,51.138934],[13.769522,51.138707],[13.769186,51.138425],[13.768983,51.138241],[13.76882,51.138086],[13.768662,51.137931],[13.768435,51.137746],[13.768244,51.13759],[13.767948,51.137382],[13.767779,51.137262],[13.767694,51.137203],[13.767504,51.137063],[13.767291,51.136892],[13.767265,51.136872],[13.767112,51.136749],[13.766915,51.136607],[13.766724,51.13647],[13.766562,51.136346],[13.766091,51.136],[13.765841,51.135815],[13.765746,51.135745],[13.765611,51.135646],[13.765427,51.135485],[13.765208,51.135294],[13.765091,51.135189],[13.764967,51.135256],[13.764877,51.135293],[13.764732,51.135338],[13.764727,51.135339],[13.76466,51.135318],[13.764564,51.135324],[13.764475,51.135349],[13.764271,51.135384],[13.764225,51.13539],[13.764158,51.135383],[13.764068,51.135394],[13.764048,51.135407],[13.764017,51.135409],[13.763918,51.135413],[13.763892,51.135428],[13.763866,51.135444],[13.763846,51.135474],[13.763822,51.135509],[13.763805,51.135514],[13.763729,51.135559],[13.763696,51.135578],[13.763628,51.135618],[13.763601,51.135622],[13.76358,51.135635],[13.76356,51.135652],[13.763563,51.135685],[13.763564,51.135704],[13.763565,51.135733],[13.763566,51.13577],[13.763563,51.135791],[13.763539,51.135823],[13.76352,51.135824],[13.763439,51.135893],[13.763122,51.136199],[13.763004,51.136368],[13.763013,51.136405],[13.763054,51.136576],[13.763014,51.136612],[13.762953,51.136666],[13.762756,51.13667],[13.762512,51.136737],[13.762445,51.136775],[13.762412,51.136794],[13.762387,51.136809],[13.762382,51.136811],[13.762203,51.136896],[13.762098,51.136946],[13.761965,51.137011],[13.76191,51.137039],[13.761801,51.13709],[13.761639,51.13718],[13.761466,51.137285],[13.761397,51.137325],[13.761324,51.137367],[13.760893,51.13742],[13.760472,51.137334],[13.760083,51.137255],[13.759491,51.13732],[13.759403,51.137325],[13.759234,51.137346],[13.75919,51.137354],[13.759167,51.137359],[13.7591,51.13736],[13.758919,51.13736],[13.758539,51.137343],[13.758198,51.137329],[13.758174,51.137331],[13.757531,51.137466],[13.757455,51.137476],[13.757071,51.137749],[13.756774,51.138021],[13.756817,51.13805],[13.757021,51.138169],[13.757191,51.13831],[13.757216,51.138327],[13.757238,51.138345],[13.75749,51.138531],[13.757819,51.138838],[13.758251,51.139165],[13.758509,51.139371],[13.758905,51.139686],[13.759156,51.139885],[13.759199,51.139929],[13.759303,51.140024],[13.759496,51.140198],[13.759626,51.14029],[13.759756,51.140379],[13.760014,51.14052],[13.760268,51.140639],[13.760395,51.140688],[13.760706,51.140808],[13.761168,51.141012],[13.761349,51.141117],[13.761486,51.141197],[13.76177,51.141386],[13.761819,51.141418],[13.762014,51.141585],[13.762015,51.141585],[13.762025,51.141593],[13.76221,51.141734],[13.762248,51.141777],[13.762409,51.141928],[13.762523,51.142027],[13.763022,51.142456],[13.763195,51.142605],[13.763291,51.142677],[13.763623,51.142942],[13.763761,51.143041],[13.764106,51.143291],[13.764181,51.143335],[13.764329,51.143437],[13.76461,51.143649],[13.764616,51.143653],[13.764704,51.143752],[13.764744,51.143797],[13.764935,51.144001],[13.764995,51.144061],[13.765096,51.144175],[13.765164,51.144242],[13.765192,51.14427],[13.765218,51.144294],[13.765471,51.144501],[13.765777,51.144717],[13.766043,51.144879],[13.766309,51.145052],[13.766823,51.145342],[13.767264,51.145587],[13.767272,51.1456],[13.766933,51.145694],[13.766742,51.145747],[13.766438,51.145831],[13.766386,51.145846],[13.765635,51.146061],[13.764748,51.146202],[13.763977,51.146409],[13.763408,51.146513],[13.763381,51.146497],[13.763356,51.146482],[13.759661,51.147048],[13.759359,51.147257],[13.759344,51.14729],[13.759404,51.147577],[13.759534,51.148193],[13.759566,51.14832],[13.761025,51.148235],[13.761559,51.148683],[13.76174,51.148835],[13.762019,51.149004],[13.762073,51.149035],[13.762217,51.149236],[13.76223,51.149269],[13.762301,51.149459],[13.762292,51.149529],[13.76229,51.14957],[13.762288,51.149583],[13.762288,51.149676],[13.762203,51.149779],[13.762067,51.149907],[13.762018,51.149948],[13.761584,51.150509],[13.762066,51.151064],[13.76226,51.151275],[13.762358,51.151621],[13.762285,51.151952],[13.762286,51.152032],[13.762279,51.152251],[13.762303,51.152333],[13.762322,51.152397],[13.762369,51.152523],[13.762389,51.152649],[13.7624,51.152733],[13.762399,51.152846],[13.762396,51.152994],[13.762346,51.153402],[13.76231,51.153519],[13.762267,51.153608],[13.762246,51.153648],[13.762228,51.153724],[13.762109,51.153909],[13.761955,51.154282],[13.761885,51.154444],[13.761762,51.155055],[13.761753,51.15509],[13.76173,51.155213],[13.761702,51.155339],[13.76167,51.155468],[13.761647,51.155562],[13.761637,51.155591],[13.761623,51.155624],[13.761519,51.155842],[13.761429,51.15603],[13.76136,51.156062],[13.761353,51.156098],[13.761277,51.156264],[13.761122,51.15664],[13.76111,51.156642],[13.760617,51.156696],[13.75995,51.156706],[13.759604,51.156737],[13.758959,51.156872],[13.758608,51.156902],[13.757373,51.156915],[13.757052,51.156941],[13.756302,51.157067],[13.755684,51.157142],[13.75541,51.157221],[13.755273,51.157262],[13.754593,51.157646],[13.754269,51.157761],[13.754136,51.15778],[13.75386,51.15782],[13.753783,51.15783],[13.753656,51.157854],[13.753534,51.157883],[13.753395,51.157963],[13.753233,51.158108],[13.75323,51.158111],[13.753209,51.158107],[13.752866,51.158054],[13.752783,51.158041],[13.752806,51.158052],[13.752442,51.158291],[13.75221,51.158414],[13.752023,51.15852],[13.751974,51.158548],[13.751956,51.158558],[13.751564,51.158795],[13.751705,51.158871],[13.751724,51.158881],[13.751809,51.158903],[13.751846,51.158913],[13.752057,51.158968],[13.752479,51.159038],[13.752477,51.15916],[13.752466,51.159261],[13.752443,51.159379],[13.752421,51.159479],[13.75233,51.159819],[13.752296,51.159941],[13.752285,51.160026],[13.75212,51.160469],[13.752028,51.160743],[13.752036,51.160916],[13.752061,51.161008],[13.752045,51.161174],[13.752083,51.161498],[13.752055,51.161694],[13.751684,51.162384],[13.75167,51.16258],[13.751343,51.162665],[13.750983,51.162847],[13.751115,51.163081],[13.751249,51.163235],[13.750817,51.163523],[13.750777,51.16355],[13.750709,51.163596],[13.750605,51.163667],[13.750513,51.163728],[13.750472,51.163756],[13.750312,51.16393],[13.750309,51.163934],[13.750149,51.164117],[13.749999,51.164289],[13.749979,51.164297],[13.74981,51.164372],[13.749341,51.164479],[13.749444,51.1646],[13.749609,51.164743],[13.749659,51.164951],[13.749747,51.165116],[13.749832,51.165381],[13.749685,51.165848],[13.74971,51.166094],[13.749676,51.16635],[13.749727,51.166745],[13.749789,51.166832],[13.749875,51.166911],[13.749987,51.167026],[13.750029,51.167078],[13.750097,51.167163],[13.750183,51.16727],[13.750257,51.167363],[13.750318,51.167466],[13.750469,51.167696],[13.750275,51.167931],[13.750231,51.167968],[13.750058,51.16811],[13.750088,51.168305],[13.750115,51.168405],[13.750086,51.168457],[13.74995,51.1687],[13.749816,51.168947],[13.749742,51.169093],[13.749596,51.169314],[13.749505,51.169451],[13.749461,51.169513],[13.749263,51.169817],[13.749156,51.169944],[13.74906,51.170057],[13.748962,51.170159],[13.748896,51.170242],[13.748676,51.170481],[13.748482,51.170704],[13.748225,51.170954],[13.748062,51.171141],[13.747952,51.171221],[13.747902,51.171256],[13.747758,51.171392],[13.74771,51.171433],[13.747642,51.171492],[13.747639,51.171495],[13.74756,51.171556],[13.747507,51.171597],[13.747304,51.17177],[13.747298,51.171821],[13.747295,51.171868],[13.747287,51.171884],[13.747324,51.17234],[13.747376,51.172676],[13.747421,51.172818],[13.747446,51.172891],[13.74748,51.172961],[13.74751,51.173022],[13.74731,51.173262],[13.74716,51.173422],[13.747056,51.173533],[13.746876,51.173727],[13.746686,51.173943],[13.746519,51.17408],[13.746199,51.174567],[13.745803,51.174909],[13.745695,51.174973],[13.745558,51.175043],[13.74532,51.175182],[13.745237,51.175221],[13.745097,51.175292],[13.744993,51.175344],[13.744881,51.175399],[13.744769,51.175454],[13.744732,51.175473],[13.744681,51.175544],[13.744635,51.17583],[13.744585,51.176163],[13.744559,51.176253],[13.744544,51.176483],[13.744534,51.176609],[13.74458,51.17683],[13.744633,51.17707],[13.744643,51.177123],[13.744865,51.177345],[13.745072,51.177475],[13.745344,51.177595],[13.745713,51.177646],[13.74599,51.177673],[13.746277,51.177686],[13.74635,51.177686],[13.746499,51.177686],[13.746694,51.177686],[13.7467,51.177686],[13.746884,51.177678],[13.747117,51.177667],[13.747124,51.177667],[13.747427,51.177653],[13.748408,51.177589],[13.748859,51.17756],[13.748957,51.177553],[13.749197,51.177517],[13.74981,51.177461],[13.750367,51.177399],[13.750677,51.177375],[13.750793,51.177363],[13.750919,51.177352],[13.750995,51.177351],[13.751525,51.177346],[13.751681,51.177343],[13.751869,51.177345],[13.752778,51.177337],[13.753016,51.17735],[13.753165,51.177353],[13.753593,51.177344],[13.753833,51.177327],[13.75429,51.177193],[13.754419,51.177133],[13.75451,51.17709],[13.754741,51.176972],[13.755716,51.176451],[13.756396,51.176158],[13.756467,51.176123],[13.756499,51.176108],[13.756887,51.175754],[13.757156,51.175437],[13.757198,51.175394],[13.757573,51.175048],[13.757815,51.174922],[13.758208,51.17472],[13.758258,51.17469],[13.758625,51.174499],[13.758952,51.174333],[13.759096,51.174257],[13.759212,51.174192],[13.759421,51.174098],[13.759438,51.174095],[13.759563,51.174076],[13.759738,51.174065],[13.760039,51.174082],[13.760293,51.174068],[13.760648,51.174074],[13.760897,51.174067],[13.761054,51.174049],[13.761139,51.174026],[13.761495,51.173989],[13.761738,51.173962],[13.762016,51.173918],[13.762261,51.173883],[13.762897,51.173889],[13.762926,51.173906],[13.763279,51.174123],[13.7634,51.174213],[13.763697,51.174319],[13.763962,51.174397],[13.764194,51.174462],[13.764475,51.174542],[13.764613,51.174577],[13.7648,51.17464],[13.764859,51.174658],[13.764869,51.174661],[13.764885,51.174666],[13.765188,51.174767],[13.765513,51.174902],[13.765788,51.174815],[13.765973,51.174749],[13.765989,51.174745],[13.766192,51.174693],[13.766334,51.174685],[13.766376,51.174683],[13.766757,51.17468],[13.766909,51.174674],[13.767171,51.174676],[13.767258,51.174677],[13.767635,51.174681],[13.768136,51.174703],[13.768355,51.174722],[13.768691,51.174787],[13.769081,51.174902],[13.76936,51.174892],[13.76974,51.17486],[13.770039,51.174843],[13.770414,51.174788],[13.770541,51.174736],[13.770617,51.174705],[13.770834,51.174606],[13.771073,51.174491],[13.771143,51.174456],[13.771294,51.174382],[13.771536,51.174272],[13.771673,51.174209],[13.771693,51.174195],[13.771842,51.17409],[13.771957,51.174],[13.772032,51.17394],[13.772137,51.173842],[13.772319,51.173674],[13.772321,51.173672],[13.772413,51.173581],[13.772621,51.173333],[13.772719,51.17322],[13.772839,51.173077],[13.772926,51.172979],[13.77299,51.172907],[13.773112,51.172773],[13.773294,51.172582],[13.773537,51.172339],[13.773564,51.172312],[13.773586,51.17229],[13.773672,51.172204],[13.773691,51.172189],[13.773913,51.172008],[13.77412,51.171831],[13.774296,51.171656],[13.774511,51.171466],[13.774694,51.171278],[13.774755,51.171213],[13.775225,51.170843],[13.775445,51.170665],[13.775708,51.170476],[13.77591,51.170337],[13.775986,51.170282],[13.776206,51.170074],[13.776286,51.169986],[13.776507,51.169825],[13.776742,51.169669],[13.77675,51.169661],[13.776774,51.169646],[13.776804,51.169628],[13.776839,51.169604],[13.77712,51.169436],[13.777316,51.169313],[13.777473,51.169206],[13.77764,51.169096],[13.77779,51.168997],[13.777967,51.168883],[13.778033,51.168843],[13.778203,51.16875],[13.778458,51.168602],[13.778544,51.168547],[13.778583,51.168518],[13.7787,51.168437],[13.779018,51.16824],[13.779073,51.168212],[13.779574,51.167941],[13.780105,51.167653],[13.780285,51.167559],[13.780431,51.167478],[13.780621,51.167365],[13.780517,51.167312],[13.780391,51.167215],[13.780248,51.16707],[13.780176,51.166974],[13.780074,51.166783],[13.78003,51.16671],[13.779891,51.166428],[13.779823,51.166296],[13.779765,51.166142],[13.779714,51.16598],[13.78031,51.165956],[13.780758,51.166157],[13.781821,51.166251],[13.782315,51.166282],[13.782736,51.166287],[13.783137,51.166264],[13.783763,51.166202],[13.783891,51.16619],[13.78432,51.166138],[13.78454,51.166108],[13.784615,51.166096],[13.784803,51.166069],[13.785517,51.165972],[13.786079,51.165898],[13.786669,51.165855],[13.787175,51.165796],[13.787571,51.165781],[13.787628,51.165781],[13.788021,51.165802],[13.788393,51.165886],[13.788545,51.165918],[13.789031,51.16602],[13.789761,51.166196],[13.790271,51.166369],[13.790749,51.166522],[13.79145,51.166728],[13.79204,51.166906],[13.792179,51.166951],[13.792664,51.167107],[13.792695,51.167117],[13.792746,51.167135],[13.792785,51.167148],[13.794525,51.167646],[13.794564,51.167658],[13.794954,51.167773],[13.79514,51.167827],[13.795228,51.167848],[13.795294,51.167865],[13.79536,51.167881],[13.795709,51.167967],[13.79576,51.167979],[13.796244,51.1681],[13.796473,51.168157],[13.796509,51.168166],[13.796795,51.168237],[13.797063,51.168304],[13.797195,51.168337],[13.7972,51.168338],[13.797333,51.168374],[13.797598,51.168445],[13.797625,51.168452],[13.797833,51.168501],[13.7979,51.168516],[13.797943,51.168526],[13.798009,51.168543],[13.798323,51.168619],[13.798483,51.16866],[13.798417,51.168809],[13.798368,51.168947],[13.798306,51.169087],[13.798246,51.169224],[13.798215,51.169287],[13.798183,51.169371],[13.798128,51.169514],[13.798084,51.169628],[13.798078,51.169685],[13.798306,51.169725],[13.798539,51.169753],[13.798861,51.169783],[13.798885,51.169774],[13.798904,51.169772],[13.799086,51.169684],[13.799248,51.169607],[13.799451,51.169512],[13.799713,51.169398],[13.799903,51.169308],[13.800108,51.169192],[13.80023,51.169114],[13.800385,51.169022],[13.800617,51.168895],[13.800834,51.168783],[13.801138,51.168642],[13.801394,51.168536],[13.801579,51.168473],[13.801739,51.168424],[13.801899,51.168387],[13.801977,51.168387],[13.802125,51.168067],[13.802386,51.167654],[13.802481,51.167507],[13.802534,51.167424],[13.802539,51.167416],[13.802612,51.167294],[13.802683,51.167176],[13.802762,51.167044],[13.802821,51.166947],[13.803021,51.166614],[13.803124,51.166448],[13.803352,51.166138],[13.803483,51.165938],[13.80371,51.165611],[13.804111,51.165132],[13.804404,51.16481],[13.804551,51.164646],[13.804799,51.164344],[13.804892,51.164062],[13.804943,51.163966],[13.804951,51.163949],[13.805072,51.163595],[13.805132,51.163402],[13.80521,51.163099],[13.805317,51.162733],[13.805465,51.162303],[13.805516,51.162155],[13.805555,51.162029],[13.805701,51.161563],[13.805717,51.161511],[13.805731,51.161312],[13.805714,51.161081],[13.805725,51.160977],[13.805736,51.160866],[13.80574,51.160829],[13.805757,51.160662],[13.805749,51.160632],[13.805757,51.160448],[13.805761,51.160426],[13.805771,51.160236],[13.805773,51.160018],[13.805775,51.159812],[13.805782,51.15963],[13.805806,51.159466],[13.806177,51.159405],[13.806448,51.159368],[13.8065,51.159361],[13.806659,51.159339],[13.806931,51.1593],[13.806958,51.159297],[13.806966,51.159296],[13.807039,51.159285],[13.807055,51.159283],[13.807131,51.159273],[13.807238,51.159257],[13.807226,51.159277],[13.807216,51.159424],[13.807209,51.15954],[13.807204,51.159604],[13.807191,51.159789],[13.807191,51.159799],[13.807311,51.15978],[13.807351,51.159668],[13.807385,51.159574],[13.807466,51.159397],[13.807782,51.159451],[13.807922,51.159475],[13.807974,51.159301],[13.808105,51.158865],[13.808016,51.158818],[13.808399,51.158885],[13.808474,51.158686],[13.808537,51.158516],[13.808593,51.158363],[13.808635,51.158248],[13.808678,51.158131],[13.808718,51.158023],[13.808731,51.157988],[13.808783,51.157847],[13.808835,51.157706],[13.80889,51.157559],[13.808945,51.157408],[13.809002,51.157255],[13.80906,51.157097],[13.80912,51.156934],[13.80918,51.156771],[13.809243,51.156602],[13.809306,51.156429],[13.809372,51.156252],[13.809479,51.155962],[13.80958,51.155689],[13.809587,51.155671],[13.809733,51.155695],[13.809996,51.155738],[13.81018,51.155322],[13.810042,51.155152],[13.810152,51.155175],[13.810314,51.155209],[13.810552,51.155247],[13.811033,51.155281],[13.811261,51.155294],[13.811632,51.155317],[13.811694,51.155321],[13.811781,51.155328],[13.811918,51.155338],[13.812048,51.155348],[13.812139,51.155355],[13.81229,51.155368],[13.812318,51.15537],[13.81238,51.155375],[13.812481,51.155383],[13.812575,51.15539],[13.812587,51.155391],[13.812651,51.155396],[13.812741,51.155401],[13.812814,51.155398],[13.812864,51.1554],[13.812984,51.155405],[13.813071,51.155406],[13.813182,51.155403],[13.813193,51.155402],[13.813488,51.155368],[13.813784,51.155335],[13.814186,51.15529],[13.814235,51.155278],[13.814277,51.155268],[13.815031,51.155148],[13.815341,51.155092],[13.815374,51.155088],[13.815458,51.155075],[13.815574,51.155057],[13.815698,51.155037],[13.815814,51.155016],[13.815927,51.154982],[13.815985,51.154966],[13.816042,51.154939],[13.816184,51.154887],[13.816222,51.154875],[13.816253,51.154862],[13.816371,51.154815],[13.816541,51.154752],[13.816727,51.154684],[13.816903,51.15462],[13.817106,51.154545],[13.817313,51.154466],[13.817542,51.154373],[13.817835,51.154265],[13.818153,51.154143],[13.818381,51.154051],[13.818622,51.153958],[13.818726,51.153922],[13.818865,51.153841],[13.819091,51.153732],[13.819305,51.153624],[13.819334,51.153611],[13.819519,51.153516],[13.819716,51.153407],[13.819945,51.15329],[13.820393,51.153058],[13.820617,51.152945],[13.820653,51.152925],[13.820686,51.152909],[13.820766,51.15287],[13.8208,51.152854],[13.82084,51.152835],[13.820883,51.152813],[13.82092,51.152796],[13.820946,51.152783],[13.820939,51.152748],[13.820931,51.152684],[13.82093,51.152667],[13.820952,51.152648],[13.820995,51.152617],[13.821172,51.152471],[13.821301,51.15257],[13.821385,51.152524],[13.821587,51.152413],[13.821623,51.152392],[13.821663,51.152371],[13.821701,51.15235],[13.821772,51.15231],[13.821824,51.152283],[13.822115,51.152122],[13.822455,51.151937],[13.822023,51.151756],[13.822063,51.151737],[13.822097,51.151721],[13.822429,51.15186],[13.822689,51.151785],[13.822955,51.151683],[13.823261,51.151521],[13.82336,51.151468],[13.823645,51.15131],[13.823954,51.151136],[13.823999,51.151112],[13.824292,51.150956],[13.824587,51.150762],[13.824847,51.150591],[13.82515,51.150424],[13.825449,51.15027],[13.82582,51.150084],[13.825998,51.149997],[13.826072,51.149958],[13.826234,51.149873],[13.82645,51.149769],[13.826967,51.149549],[13.827067,51.149503],[13.827389,51.14933],[13.827671,51.14918],[13.827998,51.149008],[13.828271,51.148856],[13.828556,51.148686],[13.828806,51.14848],[13.829008,51.148257],[13.829209,51.148022],[13.8294,51.147799],[13.829796,51.147324],[13.829993,51.147093],[13.8301,51.146962],[13.83022,51.146815],[13.830323,51.146693],[13.830456,51.146748],[13.830658,51.146315],[13.830848,51.145907],[13.830857,51.145888],[13.831118,51.145357],[13.831098,51.145344],[13.831005,51.145296],[13.83098,51.145283],[13.830892,51.145237],[13.830824,51.145201],[13.830756,51.145165],[13.830687,51.145128],[13.830622,51.145094],[13.830548,51.145056],[13.830482,51.145022],[13.830413,51.144987],[13.83034,51.144949],[13.830274,51.144915],[13.830136,51.144843],[13.830063,51.144805],[13.829927,51.14474],[13.829852,51.144704],[13.829781,51.14467],[13.829709,51.144636],[13.829637,51.144602],[13.829562,51.144566],[13.829501,51.144529],[13.829484,51.144519],[13.829435,51.14449],[13.829357,51.14445],[13.829329,51.144434],[13.829115,51.144304],[13.829071,51.144274],[13.828903,51.144161],[13.828688,51.144016],[13.828556,51.143924],[13.828541,51.143913],[13.828179,51.143665],[13.827736,51.143332],[13.827623,51.14324],[13.82743,51.143101],[13.827298,51.142976],[13.827287,51.142966],[13.827247,51.142929],[13.827071,51.142748],[13.826951,51.142632],[13.826767,51.142468],[13.82669,51.142397],[13.826659,51.142294],[13.826613,51.142262],[13.826591,51.142232],[13.82656,51.142192],[13.826513,51.142133],[13.826414,51.142028],[13.826275,51.141898],[13.826225,51.141853],[13.826049,51.141741],[13.825966,51.141681],[13.82575,51.141536],[13.825612,51.141453],[13.825475,51.141387],[13.82529,51.141314],[13.825227,51.141299],[13.824766,51.141079],[13.824267,51.14084],[13.824246,51.14083],[13.824213,51.140813],[13.823709,51.140571],[13.823333,51.140395],[13.82315,51.140294],[13.822817,51.140122],[13.82229,51.139772],[13.822206,51.139716],[13.821938,51.139534],[13.82193,51.139529],[13.821512,51.139227],[13.82139,51.139138],[13.821111,51.138947],[13.820981,51.138779],[13.820842,51.138601],[13.820695,51.138464],[13.820368,51.137999],[13.820235,51.137829],[13.820222,51.137812],[13.820191,51.137837],[13.819096,51.137945],[13.817891,51.138179],[13.817492,51.138789],[13.817462,51.138835],[13.817448,51.138846],[13.816211,51.138482],[13.814795,51.138211],[13.81459,51.138172],[13.814453,51.138145],[13.814125,51.138082],[13.81329,51.137923],[13.812779,51.137584],[13.812382,51.137198],[13.811985,51.136463],[13.811301,51.135645],[13.811215,51.135541],[13.809903,51.135422],[13.808661,51.135337],[13.807488,51.135016],[13.806255,51.134296],[13.805641,51.133968],[13.805332,51.133769],[13.805258,51.133722],[13.80564,51.133386],[13.80646,51.132653],[13.807111,51.13206],[13.807611,51.131614],[13.807845,51.131344],[13.807926,51.13125],[13.808092,51.130914],[13.808214,51.130593],[13.808403,51.130013],[13.808337,51.129449],[13.808095,51.128918],[13.807899,51.128642],[13.806982,51.128477],[13.806203,51.128275],[13.805716,51.128148],[13.805262,51.12803],[13.804907,51.127915],[13.804846,51.127895],[13.805779,51.128316],[13.806476,51.128631],[13.806257,51.128791],[13.806974,51.129259],[13.807345,51.129664],[13.807541,51.130118],[13.807427,51.130618],[13.806953,51.13108],[13.807065,51.131218],[13.807152,51.131325],[13.807169,51.131346],[13.806855,51.131716],[13.806398,51.132162],[13.80586,51.132606],[13.805386,51.133045],[13.804871,51.133473],[13.804791,51.133419],[13.803804,51.132735],[13.803031,51.132986],[13.802305,51.133211],[13.801709,51.133396],[13.801789,51.134156],[13.801856,51.134793],[13.802215,51.135708],[13.802252,51.135801],[13.801677,51.136357],[13.801559,51.136469],[13.801535,51.136558],[13.801528,51.136557],[13.801459,51.136567],[13.801388,51.136588],[13.801351,51.13661],[13.801209,51.136734],[13.801065,51.136859],[13.800981,51.136924],[13.801093,51.13698],[13.800977,51.137136],[13.800872,51.137196],[13.80064,51.137033],[13.800621,51.136984],[13.800661,51.136967],[13.800366,51.13674],[13.800009,51.136463],[13.799711,51.136219],[13.799429,51.135993],[13.799182,51.135812],[13.798921,51.135608],[13.798716,51.135445],[13.798507,51.135309],[13.79828,51.135151],[13.798177,51.135089],[13.798095,51.135057],[13.798076,51.13507],[13.798069,51.135075],[13.798069,51.135074],[13.798014,51.135038],[13.797998,51.135028],[13.798373,51.134794],[13.798015,51.134602],[13.797701,51.134794],[13.797642,51.134747],[13.797471,51.134613],[13.7973,51.134486],[13.797134,51.134367],[13.797088,51.134333],[13.79699,51.134262],[13.796911,51.134204],[13.796813,51.134126],[13.796675,51.134012],[13.796573,51.133931],[13.79651,51.133882],[13.796401,51.133811],[13.796178,51.133669],[13.796152,51.133653],[13.796088,51.133612],[13.795911,51.133499],[13.79574,51.133398],[13.795255,51.13311],[13.795232,51.133096],[13.795102,51.133023],[13.795099,51.133021],[13.795085,51.133013]]]}},{"type":"Feature","id":"dresden-45","properties":{"city":"Dresden","state":"Sachsen","code":"45","name":"Weißig","name_atlas":"Weißig","population_est":5526,"crime_total":{"cases":167,"rate":3022.0},"homicide":{"cases":0,"rate":0.0},"sexual":{"cases":1,"rate":18.1},"violence_proxy":{"cases":20,"rate":361.9},"property_total":{"cases":65,"rate":1176.3},"simple_theft":{"cases":36,"rate":651.5},"aggravated_theft":{"cases":29,"rate":524.8},"fraud":{"cases":30,"rate":542.9},"other_stgb":{"cases":48,"rate":868.6},"secondary_law":{"cases":3,"rate":54.3}},"geometry":{"type":"Polygon","coordinates":[[[13.88829,51.070915],[13.888884,51.070812],[13.889338,51.070732],[13.889973,51.070625],[13.890628,51.070491],[13.890935,51.070419],[13.891259,51.070352],[13.891538,51.070295],[13.891972,51.070206],[13.892179,51.070157],[13.892508,51.070095],[13.892836,51.070021],[13.892984,51.069997],[13.893084,51.069981],[13.893114,51.069976],[13.893211,51.069969],[13.893326,51.069962],[13.893472,51.069965],[13.893854,51.069979],[13.894507,51.070006],[13.894687,51.070004],[13.894755,51.069996],[13.894795,51.070033],[13.894854,51.070032],[13.894812,51.069996],[13.894867,51.069995],[13.895136,51.069978],[13.895361,51.069963],[13.895448,51.069957],[13.895644,51.069959],[13.895785,51.069969],[13.895981,51.069989],[13.896036,51.069997],[13.897051,51.070145],[13.897142,51.070159],[13.897164,51.070162],[13.897286,51.070173],[13.897394,51.070173],[13.898243,51.070155],[13.898342,51.070155],[13.898655,51.070172],[13.899141,51.070194],[13.899243,51.070199],[13.899309,51.070202],[13.899345,51.0702],[13.89949,51.07018],[13.899548,51.07017],[13.899601,51.070158],[13.899838,51.070104],[13.900496,51.06994],[13.901218,51.069764],[13.901288,51.069748],[13.901402,51.069717],[13.901422,51.069711],[13.901616,51.069648],[13.902248,51.069415],[13.902368,51.069377],[13.902407,51.069371],[13.902653,51.069443],[13.902657,51.069444],[13.902795,51.069477],[13.90283,51.069529],[13.90286,51.069548],[13.90288,51.069541],[13.902906,51.069557],[13.902858,51.069596],[13.902812,51.069627],[13.902757,51.06963],[13.902767,51.069663],[13.902835,51.069698],[13.902903,51.069684],[13.902936,51.069666],[13.902946,51.06963],[13.903054,51.069638],[13.903057,51.069589],[13.903045,51.069564],[13.903022,51.069547],[13.903048,51.069523],[13.90308,51.069534],[13.903151,51.069537],[13.903221,51.069573],[13.903262,51.069545],[13.903271,51.069521],[13.90328,51.069479],[13.903286,51.069413],[13.903341,51.069398],[13.903392,51.069431],[13.903467,51.069422],[13.903493,51.069446],[13.903559,51.069462],[13.903581,51.069497],[13.903628,51.06949],[13.903644,51.069462],[13.903701,51.069455],[13.903717,51.069426],[13.903752,51.069393],[13.903717,51.069375],[13.903664,51.069392],[13.903658,51.069344],[13.903621,51.069317],[13.903628,51.069283],[13.903591,51.069265],[13.903645,51.069225],[13.903736,51.06922],[13.903762,51.069187],[13.903854,51.069178],[13.903845,51.069217],[13.903856,51.069233],[13.903891,51.069225],[13.903939,51.069265],[13.903938,51.069298],[13.903981,51.069291],[13.903989,51.069269],[13.903956,51.069222],[13.903973,51.069175],[13.904029,51.069214],[13.904071,51.069217],[13.904096,51.069232],[13.904083,51.069288],[13.904113,51.069314],[13.904123,51.069314],[13.904128,51.069284],[13.904192,51.069284],[13.9042,51.069315],[13.904238,51.069309],[13.904277,51.069243],[13.904351,51.069294],[13.904428,51.069271],[13.904418,51.069231],[13.90443,51.069205],[13.904441,51.069176],[13.904356,51.069159],[13.904351,51.069144],[13.904415,51.069128],[13.90449,51.069089],[13.904561,51.069033],[13.904548,51.06901],[13.904554,51.068947],[13.904606,51.068927],[13.904585,51.068896],[13.904511,51.068877],[13.904522,51.06885],[13.904519,51.068829],[13.904519,51.068823],[13.904519,51.068799],[13.904484,51.06878],[13.904498,51.068757],[13.904601,51.068745],[13.90463,51.068754],[13.904656,51.068756],[13.904681,51.068759],[13.904696,51.068752],[13.904778,51.06872],[13.904826,51.068696],[13.904884,51.068729],[13.904897,51.06872],[13.904911,51.068708],[13.904943,51.068715],[13.904953,51.068718],[13.905,51.06873],[13.905022,51.068738],[13.905105,51.068799],[13.905213,51.06881],[13.905307,51.068837],[13.90534,51.068821],[13.905351,51.068791],[13.905291,51.068752],[13.905362,51.068725],[13.905365,51.068703],[13.905441,51.0687],[13.905485,51.068676],[13.905445,51.06862],[13.905465,51.068598],[13.905544,51.068607],[13.905658,51.068604],[13.907669,51.068607],[13.907731,51.068602],[13.907764,51.068601],[13.907932,51.068608],[13.909376,51.068661],[13.909494,51.068653],[13.909623,51.068645],[13.910131,51.068603],[13.910216,51.068599],[13.910311,51.068584],[13.910374,51.068572],[13.910424,51.068561],[13.910498,51.068538],[13.910627,51.068474],[13.910772,51.068394],[13.910795,51.068398],[13.911571,51.068545],[13.911606,51.068533],[13.911688,51.068508],[13.911399,51.068231],[13.911286,51.068109],[13.911286,51.068109],[13.911271,51.068094],[13.911314,51.068068],[13.911412,51.068008],[13.911514,51.067936],[13.911583,51.067882],[13.912081,51.067419],[13.912411,51.067113],[13.912489,51.067056],[13.91255,51.06702],[13.912623,51.066982],[13.912716,51.066945],[13.91289,51.066887],[13.913964,51.066525],[13.913991,51.066516],[13.914251,51.066428],[13.914348,51.066397],[13.914428,51.066375],[13.914711,51.066309],[13.915826,51.066054],[13.9159,51.066037],[13.916006,51.066012],[13.916119,51.065984],[13.916194,51.065962],[13.916278,51.065937],[13.91674,51.065786],[13.916885,51.065732],[13.916947,51.06571],[13.917081,51.065655],[13.917423,51.06551],[13.917455,51.065496],[13.91748,51.065486],[13.918119,51.065215],[13.918258,51.065157],[13.9184,51.065096],[13.918433,51.065082],[13.918601,51.06501],[13.918729,51.064957],[13.918839,51.064915],[13.91894,51.064881],[13.919122,51.064827],[13.919125,51.064826],[13.919835,51.064623],[13.919818,51.064608],[13.919787,51.064581],[13.919623,51.064439],[13.919403,51.064263],[13.919177,51.064052],[13.919042,51.063957],[13.918911,51.063858],[13.918718,51.063752],[13.918484,51.063627],[13.918324,51.063542],[13.917984,51.063362],[13.91841,51.063215],[13.918826,51.063082],[13.918888,51.06307],[13.919085,51.063005],[13.919683,51.062869],[13.919406,51.062518],[13.919448,51.062463],[13.919658,51.062217],[13.919779,51.062076],[13.919877,51.061986],[13.92009,51.061798],[13.92021,51.061622],[13.920597,51.061763],[13.921157,51.061965],[13.921561,51.062111],[13.921899,51.062234],[13.922382,51.062431],[13.923201,51.062813],[13.923527,51.062963],[13.923556,51.062976],[13.923922,51.06276],[13.924206,51.062592],[13.924117,51.062535],[13.92409,51.062518],[13.923852,51.062373],[13.923806,51.062343],[13.923418,51.062156],[13.923165,51.062056],[13.922924,51.061948],[13.922613,51.061782],[13.922326,51.061633],[13.922032,51.061481],[13.922078,51.061378],[13.922192,51.061201],[13.922241,51.061125],[13.92225,51.061112],[13.922322,51.061],[13.922325,51.060996],[13.922337,51.060977],[13.922683,51.061013],[13.923002,51.06108],[13.923204,51.061151],[13.923493,51.061251],[13.923602,51.061283],[13.923805,51.061344],[13.924055,51.061438],[13.924161,51.061476],[13.924304,51.061528],[13.924505,51.0616],[13.924743,51.061556],[13.924781,51.061545],[13.924989,51.061485],[13.925031,51.061482],[13.925021,51.061469],[13.924991,51.061449],[13.925003,51.061424],[13.925008,51.061416],[13.924996,51.061387],[13.924976,51.061381],[13.92493,51.061387],[13.924966,51.061343],[13.924987,51.061332],[13.924983,51.061306],[13.924976,51.061285],[13.924962,51.061271],[13.924945,51.061244],[13.924939,51.061226],[13.924993,51.061218],[13.92501,51.06121],[13.925072,51.061174],[13.92505,51.061168],[13.92507,51.061161],[13.925043,51.061151],[13.92506,51.061126],[13.925057,51.061098],[13.925069,51.061065],[13.925064,51.061027],[13.92509,51.061007],[13.925112,51.061019],[13.925132,51.061006],[13.925078,51.06096],[13.925039,51.060945],[13.925018,51.060924],[13.92502,51.060897],[13.925013,51.060872],[13.925031,51.060816],[13.925017,51.060809],[13.925004,51.060802],[13.925018,51.060762],[13.925054,51.060753],[13.925026,51.060732],[13.925032,51.060685],[13.925021,51.060659],[13.925028,51.060649],[13.925028,51.060639],[13.925062,51.060643],[13.925071,51.06061],[13.925121,51.060581],[13.925151,51.060568],[13.925165,51.060562],[13.925159,51.06055],[13.925206,51.060522],[13.925193,51.06049],[13.925183,51.060463],[13.925184,51.060451],[13.925185,51.060438],[13.925108,51.060426],[13.925085,51.060393],[13.925074,51.060375],[13.925045,51.060374],[13.925056,51.060339],[13.925047,51.060317],[13.924998,51.060268],[13.924991,51.060244],[13.924996,51.060237],[13.925,51.060232],[13.925069,51.060238],[13.925104,51.060251],[13.925154,51.060258],[13.925161,51.060242],[13.925229,51.060239],[13.92527,51.060231],[13.925271,51.060226],[13.925273,51.060208],[13.925263,51.060191],[13.925271,51.060187],[13.925312,51.060174],[13.925363,51.060161],[13.925359,51.060147],[13.925316,51.060131],[13.925292,51.060111],[13.925262,51.060107],[13.925257,51.060096],[13.925241,51.060094],[13.925208,51.06009],[13.925144,51.060082],[13.925153,51.060061],[13.925119,51.060058],[13.925067,51.060032],[13.925022,51.06004],[13.925002,51.060029],[13.92499,51.060022],[13.924949,51.060053],[13.924948,51.060065],[13.924946,51.060088],[13.924916,51.060111],[13.924889,51.060119],[13.924885,51.060108],[13.924883,51.0601],[13.924897,51.060091],[13.924895,51.060058],[13.92487,51.060053],[13.924857,51.06005],[13.92485,51.060054],[13.924818,51.060074],[13.924779,51.060065],[13.924757,51.060046],[13.924726,51.060021],[13.924702,51.060001],[13.924737,51.059975],[13.92473,51.059949],[13.924708,51.059928],[13.924713,51.059922],[13.924725,51.059909],[13.924765,51.059894],[13.924755,51.05987],[13.924715,51.059865],[13.924701,51.059844],[13.924739,51.059841],[13.924769,51.059822],[13.924786,51.059817],[13.924806,51.059812],[13.924828,51.059776],[13.924854,51.059735],[13.924884,51.059735],[13.924901,51.059749],[13.92494,51.059752],[13.924949,51.059732],[13.924963,51.059702],[13.924966,51.059695],[13.925077,51.059692],[13.925051,51.059669],[13.925039,51.059658],[13.925025,51.05964],[13.924982,51.059639],[13.924954,51.059595],[13.924964,51.059545],[13.925014,51.059535],[13.925073,51.059548],[13.925083,51.059577],[13.925112,51.059567],[13.925117,51.059545],[13.925126,51.059505],[13.925139,51.059481],[13.92512,51.059469],[13.925079,51.05948],[13.925069,51.059468],[13.9251,51.059437],[13.925137,51.059421],[13.925127,51.059399],[13.925095,51.059393],[13.925109,51.059378],[13.925088,51.059367],[13.925039,51.05937],[13.925031,51.059325],[13.925113,51.059339],[13.925107,51.059274],[13.925054,51.059249],[13.925045,51.059241],[13.925027,51.059226],[13.925082,51.05921],[13.9251,51.059192],[13.92514,51.059191],[13.925124,51.059149],[13.92511,51.059112],[13.925117,51.059074],[13.92512,51.059056],[13.925088,51.05905],[13.925062,51.059016],[13.925013,51.059005],[13.924987,51.059008],[13.92494,51.059002],[13.924954,51.058978],[13.924892,51.058953],[13.924847,51.058966],[13.92484,51.058957],[13.924814,51.058924],[13.924823,51.058917],[13.924832,51.05891],[13.924843,51.058902],[13.924853,51.058913],[13.924874,51.058893],[13.924853,51.058867],[13.924809,51.058863],[13.924791,51.058849],[13.924758,51.058817],[13.924807,51.058813],[13.924808,51.058801],[13.924763,51.058771],[13.92476,51.058754],[13.924757,51.058733],[13.924699,51.058691],[13.924694,51.058684],[13.924677,51.058662],[13.92465,51.058637],[13.924636,51.058619],[13.924601,51.058584],[13.924614,51.058547],[13.924618,51.058526],[13.924654,51.058485],[13.924689,51.058485],[13.924704,51.05846],[13.924651,51.058448],[13.924648,51.058411],[13.924647,51.058396],[13.924739,51.058427],[13.924737,51.058375],[13.924754,51.058381],[13.924778,51.058388],[13.9248,51.058347],[13.924775,51.058321],[13.924739,51.058284],[13.924759,51.05826],[13.924719,51.058242],[13.924686,51.058228],[13.924655,51.058244],[13.924621,51.058263],[13.924578,51.058239],[13.924557,51.058198],[13.924535,51.058205],[13.924497,51.058177],[13.924483,51.058139],[13.92444,51.058111],[13.924445,51.058081],[13.924447,51.058072],[13.924423,51.058042],[13.924391,51.058025],[13.924355,51.058046],[13.92434,51.058041],[13.924324,51.058036],[13.924308,51.057998],[13.924344,51.057974],[13.924358,51.057965],[13.924379,51.057994],[13.924409,51.057999],[13.924451,51.057986],[13.924466,51.057958],[13.92447,51.057923],[13.924441,51.057916],[13.924455,51.057887],[13.924422,51.057886],[13.92438,51.057883],[13.924363,51.057874],[13.924366,51.057863],[13.92437,51.057852],[13.924331,51.057819],[13.924327,51.057819],[13.924311,51.05782],[13.924316,51.057806],[13.924325,51.057799],[13.924298,51.057782],[13.924289,51.05777],[13.924305,51.057729],[13.92427,51.057713],[13.924201,51.057739],[13.924186,51.057724],[13.924205,51.057703],[13.924142,51.057677],[13.924083,51.057687],[13.924049,51.0577],[13.924011,51.05769],[13.924037,51.057648],[13.924142,51.057657],[13.924116,51.057619],[13.924077,51.057598],[13.924119,51.057585],[13.924152,51.057575],[13.924193,51.057586],[13.924188,51.05755],[13.924145,51.05753],[13.924157,51.05751],[13.924134,51.057496],[13.924125,51.057473],[13.924031,51.05743],[13.924018,51.057398],[13.924032,51.057378],[13.924002,51.057357],[13.923997,51.05732],[13.923932,51.057326],[13.923888,51.057299],[13.923861,51.057311],[13.923847,51.057298],[13.923819,51.057257],[13.923781,51.057223],[13.923779,51.057221],[13.923765,51.057173],[13.923746,51.05716],[13.92369,51.05718],[13.923671,51.057187],[13.923597,51.05715],[13.923565,51.05712],[13.923557,51.057109],[13.923514,51.057093],[13.923495,51.057027],[13.923488,51.057017],[13.923471,51.057013],[13.923472,51.056994],[13.923428,51.056963],[13.923348,51.056964],[13.923304,51.056973],[13.923301,51.056967],[13.92329,51.056941],[13.923288,51.056934],[13.923325,51.05692],[13.923316,51.05687],[13.923271,51.056847],[13.92324,51.056853],[13.923233,51.056871],[13.923261,51.056917],[13.923244,51.056928],[13.923231,51.056925],[13.92321,51.056912],[13.923188,51.056898],[13.923138,51.056906],[13.923121,51.056868],[13.923062,51.056884],[13.922927,51.056906],[13.922433,51.056879],[13.921924,51.056846],[13.92186,51.056838],[13.921801,51.05683],[13.921486,51.056792],[13.921182,51.056754],[13.921006,51.056732],[13.920981,51.056729],[13.920326,51.056602],[13.919988,51.056544],[13.919743,51.056492],[13.919532,51.056446],[13.919185,51.056377],[13.919121,51.056363],[13.918815,51.056293],[13.918717,51.056271],[13.918647,51.056255],[13.918345,51.056167],[13.917986,51.056063],[13.917946,51.056053],[13.917607,51.055997],[13.917478,51.055971],[13.917008,51.055929],[13.916981,51.055926],[13.916842,51.05591],[13.916362,51.055856],[13.91632,51.055851],[13.91594,51.055811],[13.915648,51.055785],[13.91562,51.055783],[13.91529,51.055762],[13.91501,51.055744],[13.914459,51.055732],[13.914331,51.055648],[13.914281,51.055614],[13.914206,51.055546],[13.91412,51.055471],[13.913804,51.055278],[13.913382,51.055057],[13.913186,51.054972],[13.913011,51.054896],[13.912725,51.054759],[13.912556,51.054679],[13.912395,51.054604],[13.912133,51.054471],[13.912107,51.054458],[13.911167,51.054362],[13.91068,51.054242],[13.910657,51.054236],[13.910323,51.05416],[13.910152,51.054111],[13.91,51.054068],[13.909538,51.05395],[13.909502,51.05394],[13.909107,51.053866],[13.908794,51.053787],[13.908369,51.053673],[13.908208,51.053627],[13.908158,51.053613],[13.90813,51.053605],[13.90809,51.053593],[13.908049,51.053583],[13.907451,51.053433],[13.907369,51.053409],[13.907088,51.053316],[13.906821,51.053213],[13.906566,51.053115],[13.906088,51.053022],[13.905867,51.053004],[13.905524,51.053],[13.905175,51.052972],[13.904735,51.052919],[13.904263,51.052867],[13.904083,51.05285],[13.904028,51.052846],[13.904015,51.052845],[13.903946,51.05284],[13.903658,51.052762],[13.903224,51.052647],[13.903175,51.052634],[13.902992,51.052582],[13.902981,51.052563],[13.902958,51.052524],[13.902894,51.052414],[13.902783,51.052222],[13.902752,51.052194],[13.902743,51.052184],[13.902735,51.052176],[13.902458,51.051881],[13.902223,51.051631],[13.902168,51.051573],[13.901955,51.051345],[13.901874,51.051271],[13.901886,51.051266],[13.902063,51.051163],[13.902205,51.051065],[13.902315,51.050962],[13.902373,51.050865],[13.90241,51.050804],[13.902556,51.05048],[13.902419,51.050456],[13.902079,51.050264],[13.901679,51.050043],[13.901089,51.049707],[13.901087,51.049706],[13.900924,51.049629],[13.900913,51.049624],[13.900678,51.049514],[13.900137,51.049345],[13.899773,51.049259],[13.899362,51.049155],[13.89882,51.049044],[13.898778,51.048953],[13.89858,51.048591],[13.898432,51.048371],[13.898318,51.048403],[13.898236,51.04833],[13.898195,51.048348],[13.897778,51.048525],[13.897509,51.048626],[13.897367,51.048679],[13.897217,51.048723],[13.897071,51.048749],[13.896943,51.048766],[13.896754,51.048773],[13.896606,51.048768],[13.896598,51.048839],[13.896616,51.048859],[13.896708,51.048962],[13.896826,51.0491],[13.896989,51.049289],[13.897034,51.049342],[13.897045,51.049354],[13.897122,51.049445],[13.89723,51.04957],[13.897375,51.049755],[13.897497,51.049976],[13.897653,51.050261],[13.897873,51.05066],[13.897893,51.050697],[13.897946,51.050794],[13.897075,51.050987],[13.89657,51.051103],[13.896547,51.051108],[13.89634,51.051155],[13.896256,51.051175],[13.896251,51.051176],[13.896207,51.051189],[13.894774,51.051538],[13.894347,51.051669],[13.894004,51.051806],[13.893828,51.051893],[13.893601,51.051972],[13.893298,51.052082],[13.893104,51.052163],[13.892882,51.052264],[13.892432,51.052363],[13.892023,51.052417],[13.89178,51.052428],[13.891475,51.052442],[13.891209,51.052414],[13.89114,51.05241],[13.890627,51.052367],[13.890354,51.052304],[13.890324,51.052294],[13.889933,51.052208],[13.889728,51.052198],[13.889527,51.052189],[13.889249,51.052168],[13.889194,51.052169],[13.888812,51.052137],[13.888596,51.052114],[13.888568,51.052108],[13.888513,51.052053],[13.888489,51.052061],[13.888362,51.052101],[13.888349,51.052086],[13.888305,51.052033],[13.888273,51.051988],[13.888143,51.052026],[13.888107,51.052015],[13.887704,51.051904],[13.887362,51.051848],[13.886953,51.051781],[13.886845,51.051766],[13.886378,51.051711],[13.886317,51.0517],[13.88569,51.051591],[13.885321,51.051514],[13.884843,51.051397],[13.884409,51.051291],[13.884012,51.051194],[13.88351,51.051075],[13.883404,51.051047],[13.883034,51.050951],[13.882616,51.050854],[13.882169,51.050738],[13.881852,51.050684],[13.881334,51.050591],[13.881096,51.050544],[13.880744,51.050467],[13.880213,51.05036],[13.879692,51.050244],[13.879307,51.050188],[13.878945,51.050136],[13.878825,51.05012],[13.878776,51.050035],[13.878602,51.050074],[13.878359,51.050127],[13.878358,51.050127],[13.878313,51.050042],[13.878245,51.050026],[13.878161,51.04999],[13.878109,51.049968],[13.878053,51.049944],[13.877722,51.049811],[13.87754,51.049755],[13.877334,51.049692],[13.877045,51.049619],[13.876762,51.049543],[13.876578,51.049498],[13.876486,51.049464],[13.876316,51.049601],[13.876104,51.049828],[13.876069,51.049866],[13.87581,51.050069],[13.875498,51.050319],[13.87546,51.05035],[13.875155,51.050598],[13.875078,51.050657],[13.874872,51.050814],[13.874937,51.050894],[13.874904,51.050905],[13.874781,51.050953],[13.874736,51.050972],[13.874665,51.051005],[13.874546,51.051058],[13.874483,51.051087],[13.874324,51.051137],[13.874138,51.051252],[13.874004,51.051341],[13.873928,51.051378],[13.873694,51.051499],[13.873297,51.051691],[13.873192,51.051731],[13.872796,51.051872],[13.872416,51.052035],[13.872212,51.052127],[13.872052,51.052195],[13.871948,51.052231],[13.871707,51.052301],[13.871383,51.052385],[13.871081,51.052465],[13.87106,51.052471],[13.870608,51.052599],[13.870353,51.052668],[13.870207,51.052719],[13.870017,51.05281],[13.869604,51.052985],[13.869598,51.052988],[13.869328,51.053108],[13.869048,51.05323],[13.869,51.053251],[13.868988,51.053255],[13.869064,51.053331],[13.869156,51.053438],[13.869192,51.053479],[13.869282,51.053575],[13.869405,51.053705],[13.869463,51.053762],[13.869525,51.053838],[13.869661,51.054017],[13.869704,51.054067],[13.86982,51.0542],[13.869994,51.054401],[13.870039,51.054452],[13.8701,51.054557],[13.870114,51.054583],[13.870198,51.054751],[13.870228,51.054778],[13.87025,51.054828],[13.870309,51.05494],[13.87037,51.05507],[13.870414,51.055153],[13.870457,51.055275],[13.870484,51.055346],[13.87051,51.055477],[13.870516,51.055518],[13.87053,51.05564],[13.870529,51.055679],[13.870529,51.055776],[13.870521,51.055898],[13.870509,51.056086],[13.8705,51.05625],[13.870493,51.056293],[13.870449,51.056378],[13.87049,51.056387],[13.870472,51.056476],[13.87047,51.056492],[13.870462,51.056787],[13.870463,51.056846],[13.870464,51.056888],[13.870471,51.056993],[13.870482,51.057139],[13.870506,51.057285],[13.870671,51.057769],[13.87067,51.057787],[13.870663,51.057844],[13.870654,51.057963],[13.870673,51.058148],[13.870693,51.058279],[13.870787,51.05862],[13.870918,51.059037],[13.870938,51.0592],[13.870929,51.059397],[13.87087,51.05962],[13.87087,51.059621],[13.87082,51.059742],[13.870805,51.059769],[13.870559,51.060163],[13.870452,51.060376],[13.870445,51.060392],[13.870135,51.061146],[13.870126,51.061167],[13.870107,51.061213],[13.870099,51.061231],[13.87009,51.061254],[13.870067,51.061343],[13.870052,51.061342],[13.870004,51.061439],[13.869692,51.062049],[13.869626,51.062177],[13.869498,51.062484],[13.869263,51.062961],[13.869053,51.063343],[13.868922,51.063558],[13.868818,51.063745],[13.86868,51.063964],[13.868547,51.064169],[13.86843,51.06433],[13.868226,51.064567],[13.868125,51.064678],[13.867997,51.064829],[13.867706,51.065168],[13.867297,51.065651],[13.867197,51.065773],[13.867113,51.065845],[13.867087,51.065875],[13.867078,51.065886],[13.866914,51.066054],[13.866905,51.066064],[13.866871,51.066099],[13.866857,51.066113],[13.866682,51.066294],[13.866585,51.066403],[13.866305,51.066718],[13.866287,51.066738],[13.866277,51.06675],[13.866223,51.066791],[13.867053,51.067191],[13.867476,51.067402],[13.86761,51.067467],[13.867701,51.067512],[13.867822,51.06757],[13.867926,51.067613],[13.868329,51.067784],[13.868499,51.067855],[13.868871,51.068011],[13.869547,51.068294],[13.86964,51.068341],[13.869749,51.068415],[13.869917,51.068544],[13.870322,51.068854],[13.870396,51.068901],[13.870481,51.068952],[13.870695,51.069061],[13.870943,51.069172],[13.87212,51.06972],[13.872644,51.06996],[13.873511,51.070357],[13.874292,51.070714],[13.874996,51.071041],[13.875203,51.071134],[13.875894,51.071444],[13.875976,51.07137],[13.876446,51.070848],[13.876689,51.070576],[13.876716,51.070548],[13.876741,51.070555],[13.876764,51.070562],[13.876969,51.070622],[13.877251,51.070704],[13.877311,51.070722],[13.877516,51.070781],[13.877785,51.07086],[13.877639,51.071056],[13.877534,51.071192],[13.877426,51.071333],[13.877388,51.071384],[13.877381,51.071394],[13.877378,51.071398],[13.877367,51.071411],[13.877133,51.071721],[13.877075,51.071803],[13.877998,51.072073],[13.878154,51.072122],[13.878152,51.072074],[13.878231,51.071953],[13.878314,51.071842],[13.878378,51.07171],[13.878396,51.071674],[13.878462,51.071705],[13.878609,51.07177],[13.879055,51.071967],[13.87916,51.071971],[13.879548,51.071493],[13.879597,51.071433],[13.880218,51.071572],[13.880972,51.071754],[13.880888,51.071886],[13.880772,51.072042],[13.880739,51.072087],[13.880726,51.072104],[13.880596,51.072278],[13.88059,51.072286],[13.880549,51.072389],[13.880787,51.072418],[13.880886,51.07243],[13.880944,51.072437],[13.881164,51.072464],[13.881276,51.072477],[13.88113,51.072711],[13.881204,51.072719],[13.881305,51.072723],[13.881423,51.072745],[13.881538,51.072757],[13.881634,51.072784],[13.881641,51.07282],[13.881729,51.072854],[13.881739,51.072857],[13.881892,51.072905],[13.88218,51.072997],[13.882423,51.073074],[13.88253,51.073129],[13.882556,51.073142],[13.882614,51.073171],[13.88265,51.07319],[13.88313,51.073307],[13.883412,51.073285],[13.883442,51.073285],[13.883445,51.073283],[13.883458,51.07323],[13.883424,51.07314],[13.883382,51.073084],[13.883372,51.073008],[13.883288,51.072963],[13.883302,51.07292],[13.88344,51.072896],[13.883504,51.072879],[13.883552,51.072847],[13.883576,51.072775],[13.883533,51.072755],[13.883425,51.072737],[13.883442,51.072631],[13.883504,51.072603],[13.883591,51.072613],[13.883662,51.072652],[13.883725,51.072638],[13.883787,51.072595],[13.883868,51.072591],[13.883909,51.07258],[13.884005,51.072532],[13.884042,51.072546],[13.884034,51.07261],[13.88415,51.072574],[13.884249,51.072546],[13.884294,51.072511],[13.884267,51.072454],[13.884286,51.072436],[13.884335,51.07247],[13.884374,51.072465],[13.884407,51.07239],[13.884439,51.07232],[13.884372,51.072298],[13.884357,51.072276],[13.88435,51.072264],[13.884348,51.07226],[13.884339,51.072215],[13.884319,51.072184],[13.884279,51.072199],[13.884244,51.072232],[13.884233,51.072258],[13.884227,51.072285],[13.884193,51.072275],[13.884192,51.072244],[13.884209,51.072196],[13.884235,51.072166],[13.884265,51.072126],[13.884331,51.072109],[13.884561,51.072113],[13.884629,51.072024],[13.884693,51.072043],[13.885117,51.071912],[13.885598,51.071764],[13.885646,51.071749],[13.885649,51.071758],[13.885701,51.071727],[13.88573,51.07171],[13.885752,51.071698],[13.885785,51.071681],[13.88577,51.071523],[13.885798,51.071286],[13.885845,51.071292],[13.886025,51.071316],[13.886121,51.071337],[13.886163,51.071357],[13.886217,51.071395],[13.88617,51.071425],[13.886209,51.071446],[13.886255,51.071407],[13.886325,51.07139],[13.886357,51.071414],[13.886443,51.071454],[13.886443,51.071482],[13.886404,51.071507],[13.886446,51.071525],[13.886535,51.071437],[13.886618,51.071421],[13.886801,51.071359],[13.887202,51.071225],[13.887258,51.071201],[13.887713,51.071047],[13.887888,51.070988],[13.888148,51.070937],[13.888274,51.070918],[13.88829,51.070915]]]}},{"type":"Feature","id":"dresden-04","properties":{"city":"Dresden","state":"Sachsen","code":"04","name":"Wilsdruffer Vorstadt/Seevorstadt-West","name_atlas":"Wilsdruffer Vorstadt/Seevorstadt-West","population_est":10786,"crime_total":{"cases":1377,"rate":12767.0},"homicide":{"cases":2,"rate":18.5},"sexual":{"cases":19,"rate":176.2},"violence_proxy":{"cases":210,"rate":1947.0},"property_total":{"cases":615,"rate":5701.8},"simple_theft":{"cases":218,"rate":2021.1},"aggravated_theft":{"cases":397,"rate":3680.7},"fraud":{"cases":237,"rate":2197.3},"other_stgb":{"cases":253,"rate":2345.6},"secondary_law":{"cases":41,"rate":380.1}},"geometry":{"type":"Polygon","coordinates":[[[13.732312,51.050556],[13.732363,51.050276],[13.732446,51.049986],[13.732727,51.049312],[13.732756,51.049244],[13.733066,51.048502],[13.733239,51.048128],[13.733394,51.047704],[13.733522,51.047383],[13.733563,51.047281],[13.733583,51.047231],[13.733617,51.047138],[13.7336,51.047018],[13.733571,51.046946],[13.733543,51.046898],[13.733533,51.046886],[13.733506,51.046858],[13.733493,51.046845],[13.733443,51.046791],[13.733417,51.046706],[13.733402,51.046623],[13.733396,51.046586],[13.73342,51.046419],[13.733555,51.044954],[13.733605,51.044648],[13.733558,51.044477],[13.733499,51.044336],[13.733354,51.044185],[13.73277,51.043736],[13.732562,51.0436],[13.732314,51.043341],[13.73197,51.043053],[13.731726,51.042844],[13.731713,51.042833],[13.731439,51.042592],[13.731392,51.04255],[13.73133,51.042496],[13.731234,51.042455],[13.731113,51.042446],[13.731077,51.042457],[13.731048,51.042466],[13.73097,51.042393],[13.730897,51.04232],[13.730881,51.042304],[13.730868,51.04228],[13.730843,51.042236],[13.730848,51.042195],[13.730852,51.042163],[13.730851,51.042162],[13.730738,51.042017],[13.730667,51.041925],[13.730638,51.041866],[13.730603,51.041797],[13.730581,51.041765],[13.730579,51.041763],[13.73057,51.041753],[13.730455,51.041794],[13.730407,51.041817],[13.730323,51.041747],[13.730206,51.04165],[13.730193,51.041646],[13.730177,51.04164],[13.730153,51.041639],[13.730184,51.041631],[13.730122,51.041579],[13.730055,51.041514],[13.730346,51.04142],[13.729405,51.040266],[13.728839,51.040513],[13.728277,51.040779],[13.727787,51.041025],[13.727428,51.041199],[13.72648,51.041654],[13.725736,51.042039],[13.725722,51.042037],[13.725693,51.042125],[13.725685,51.042129],[13.725347,51.042307],[13.725132,51.042411],[13.725092,51.04243],[13.724818,51.042556],[13.724815,51.042557],[13.724524,51.042681],[13.724275,51.042791],[13.724257,51.042798],[13.724291,51.042809],[13.724113,51.042879],[13.724112,51.04288],[13.723905,51.042813],[13.723692,51.042911],[13.723605,51.042982],[13.723531,51.042948],[13.723444,51.043019],[13.72341,51.043032],[13.723323,51.043103],[13.72328,51.043083],[13.723223,51.043105],[13.723151,51.043133],[13.723177,51.043148],[13.72293,51.043258],[13.722383,51.043499],[13.722259,51.043537],[13.722195,51.043557],[13.722143,51.043572],[13.722121,51.04358],[13.722086,51.043593],[13.722167,51.043679],[13.722311,51.043828],[13.722402,51.043946],[13.722677,51.044243],[13.722605,51.04428],[13.722576,51.044296],[13.722565,51.044301],[13.722564,51.044299],[13.722251,51.044463],[13.722204,51.04449],[13.721762,51.044282],[13.721761,51.044282],[13.72127,51.043945],[13.721107,51.043833],[13.721096,51.043825],[13.721091,51.043827],[13.72088,51.043944],[13.720659,51.044015],[13.720153,51.044041],[13.719734,51.044046],[13.719229,51.044023],[13.718749,51.043928],[13.71846,51.043858],[13.717796,51.043594],[13.717765,51.043632],[13.71723,51.043335],[13.717178,51.043304],[13.717132,51.043332],[13.716629,51.042963],[13.716587,51.042984],[13.716164,51.042563],[13.716122,51.042581],[13.71577,51.042131],[13.715267,51.041486],[13.715266,51.041485],[13.71474,51.040999],[13.714134,51.040422],[13.714107,51.040435],[13.713536,51.040626],[13.713254,51.040457],[13.712909,51.040236],[13.712572,51.039997],[13.711987,51.039593],[13.71172,51.039718],[13.711636,51.039758],[13.711297,51.03992],[13.711227,51.039949],[13.710932,51.040073],[13.711024,51.040194],[13.711187,51.040555],[13.711355,51.040912],[13.711499,51.041291],[13.711586,51.041547],[13.711653,51.041999],[13.711693,51.042459],[13.711746,51.043004],[13.711725,51.043012],[13.711708,51.043015],[13.711712,51.043074],[13.711821,51.044204],[13.711829,51.044274],[13.71187,51.044806],[13.711882,51.044956],[13.711898,51.045151],[13.711901,51.045191],[13.711913,51.045343],[13.711845,51.045335],[13.711842,51.045347],[13.711878,51.045354],[13.711857,51.045471],[13.711822,51.045659],[13.711808,51.045757],[13.711573,51.045625],[13.711445,51.045548],[13.711152,51.045371],[13.711106,51.045509],[13.711043,51.045618],[13.711009,51.045676],[13.710975,51.045726],[13.710898,51.04584],[13.710762,51.045992],[13.710405,51.046296],[13.710391,51.046305],[13.710289,51.046373],[13.709964,51.046591],[13.710025,51.046669],[13.710248,51.046791],[13.710362,51.046856],[13.710457,51.046939],[13.71052,51.046988],[13.710668,51.047105],[13.710788,51.04718],[13.71086,51.047215],[13.710981,51.047261],[13.711059,51.047293],[13.71118,51.047342],[13.711325,51.047412],[13.711515,51.047504],[13.711694,51.047597],[13.711941,51.047731],[13.712077,51.04782],[13.712198,51.047909],[13.712202,51.047912],[13.712558,51.048139],[13.712684,51.048197],[13.712809,51.048242],[13.712834,51.048251],[13.712957,51.048276],[13.713039,51.04828],[13.713124,51.048273],[13.71317,51.048263],[13.713216,51.048348],[13.71334,51.048416],[13.713639,51.048578],[13.714013,51.048788],[13.714485,51.04904],[13.714759,51.049165],[13.715396,51.049425],[13.716036,51.049686],[13.716675,51.049946],[13.717483,51.050276],[13.717628,51.050338],[13.717736,51.050279],[13.717765,51.0503],[13.717919,51.050392],[13.718016,51.050432],[13.71804,51.050442],[13.718232,51.050518],[13.718443,51.050605],[13.71861,51.050691],[13.718892,51.050848],[13.718974,51.050914],[13.719017,51.050949],[13.719017,51.050951],[13.718914,51.051212],[13.718879,51.051305],[13.719002,51.051324],[13.719017,51.051328],[13.719053,51.051339],[13.719048,51.051361],[13.719061,51.051372],[13.719189,51.051478],[13.719245,51.051471],[13.719271,51.051468],[13.719355,51.051456],[13.719371,51.051391],[13.719455,51.051318],[13.719461,51.051321],[13.71945,51.051411],[13.719471,51.051439],[13.719647,51.051704],[13.720616,51.053203],[13.720713,51.053314],[13.720775,51.053395],[13.720788,51.053391],[13.72085,51.053472],[13.720984,51.053625],[13.720998,51.053657],[13.721065,51.0538],[13.721037,51.053816],[13.720958,51.053859],[13.721028,51.053931],[13.721255,51.05424],[13.721384,51.054201],[13.721416,51.0542],[13.721435,51.054193],[13.721445,51.054202],[13.7215,51.054285],[13.721545,51.054272],[13.7216,51.054355],[13.721911,51.054662],[13.722223,51.054969],[13.722489,51.055228],[13.7226,51.055335],[13.722716,51.05544],[13.722718,51.055442],[13.72281,51.055511],[13.722805,51.055514],[13.722219,51.055831],[13.722214,51.055833],[13.722696,51.056101],[13.723122,51.056354],[13.723418,51.056526],[13.723694,51.056686],[13.724006,51.056866],[13.72431,51.057021],[13.724499,51.057144],[13.724611,51.057227],[13.72472,51.057169],[13.724841,51.057239],[13.724851,51.057232],[13.724922,51.057184],[13.725214,51.057352],[13.725253,51.057376],[13.725317,51.057415],[13.725423,51.057348],[13.725458,51.057326],[13.726291,51.057901],[13.726694,51.058188],[13.726806,51.058268],[13.727142,51.058509],[13.72749,51.058753],[13.727705,51.05892],[13.727952,51.059134],[13.728349,51.059509],[13.72875,51.059906],[13.728846,51.060005],[13.728963,51.060125],[13.729191,51.060308],[13.729403,51.060456],[13.729462,51.060493],[13.729618,51.060594],[13.729826,51.060715],[13.73018,51.060883],[13.730609,51.061059],[13.730874,51.061149],[13.731129,51.061235],[13.731701,51.061427],[13.731829,51.06147],[13.731968,51.06127],[13.731973,51.061263],[13.731984,51.061242],[13.732116,51.061043],[13.732139,51.061006],[13.732198,51.060924],[13.732193,51.060922],[13.732192,51.060922],[13.732255,51.060841],[13.732274,51.060812],[13.732349,51.060698],[13.732698,51.060204],[13.733141,51.059588],[13.733541,51.059068],[13.733837,51.058728],[13.734142,51.058377],[13.73444,51.05806],[13.73473,51.057774],[13.735154,51.057375],[13.735758,51.056875],[13.736181,51.056556],[13.736623,51.056233],[13.737236,51.055889],[13.737721,51.055599],[13.738168,51.055392],[13.738818,51.055148],[13.738832,51.055143],[13.739111,51.055065],[13.739229,51.055031],[13.739299,51.055013],[13.739361,51.054997],[13.739358,51.054993],[13.739355,51.054989],[13.739355,51.054988],[13.739269,51.054865],[13.738926,51.054372],[13.738848,51.054261],[13.738749,51.054118],[13.73806,51.054343],[13.738007,51.054362],[13.737714,51.054469],[13.737394,51.054595],[13.737075,51.054733],[13.736793,51.054854],[13.736559,51.054939],[13.736333,51.055013],[13.736198,51.055042],[13.736022,51.055132],[13.735702,51.055306],[13.735457,51.055471],[13.735219,51.055659],[13.735075,51.055793],[13.734956,51.055889],[13.734876,51.055922],[13.734806,51.055926],[13.734602,51.055942],[13.733465,51.055472],[13.7334,51.055445],[13.733186,51.055353],[13.732156,51.054943],[13.731514,51.054688],[13.730852,51.054432],[13.730522,51.054291],[13.730833,51.05393],[13.730995,51.053741],[13.731331,51.053398],[13.73151,51.053179],[13.731768,51.0529],[13.732004,51.052627],[13.732564,51.052027],[13.732588,51.052002],[13.732602,51.051988],[13.732602,51.051987],[13.732515,51.051884],[13.732392,51.051737],[13.732162,51.051629],[13.732006,51.051541],[13.731924,51.051489],[13.731808,51.051394],[13.73172,51.05131],[13.731671,51.051264],[13.731831,51.051222],[13.732112,51.051234],[13.732149,51.051204],[13.732145,51.05109],[13.732145,51.050994],[13.732235,51.050996],[13.732438,51.050995],[13.732312,51.050556]]]}},{"type":"Feature","id":"dresden-11","properties":{"city":"Dresden","state":"Sachsen","code":"11","name":"Äußere Neustadt (Antonstadt)","name_atlas":"Äußere Neustadt (Antonstadt)","population_est":18281,"crime_total":{"cases":2370,"rate":12964.0},"homicide":{"cases":0,"rate":0.0},"sexual":{"cases":46,"rate":251.6},"violence_proxy":{"cases":484,"rate":2647.6},"property_total":{"cases":1031,"rate":5639.7},"simple_theft":{"cases":695,"rate":3801.8},"aggravated_theft":{"cases":336,"rate":1838.0},"fraud":{"cases":230,"rate":1258.1},"other_stgb":{"cases":505,"rate":2762.4},"secondary_law":{"cases":74,"rate":404.8}},"geometry":{"type":"Polygon","coordinates":[[[13.752316,51.062943],[13.751771,51.062993],[13.751528,51.063022],[13.751138,51.063075],[13.750604,51.063137],[13.750131,51.063195],[13.749726,51.063241],[13.749322,51.063297],[13.748698,51.06338],[13.748605,51.063404],[13.748203,51.063507],[13.74835,51.063653],[13.747319,51.064048],[13.74683,51.064045],[13.746815,51.063771],[13.745738,51.064021],[13.744661,51.06427],[13.744065,51.064396],[13.74347,51.064523],[13.742998,51.064579],[13.742436,51.064649],[13.742155,51.064696],[13.742169,51.064888],[13.742188,51.065108],[13.742196,51.065228],[13.742218,51.065344],[13.742222,51.065357],[13.742228,51.065375],[13.742253,51.065406],[13.742313,51.065455],[13.742376,51.06549],[13.742561,51.065609],[13.74261,51.065641],[13.742701,51.0657],[13.743107,51.065952],[13.743637,51.06627],[13.74384,51.066373],[13.743979,51.06646],[13.744346,51.066687],[13.744444,51.066752],[13.744708,51.066924],[13.744816,51.067065],[13.745247,51.06779],[13.745502,51.068297],[13.745729,51.068616],[13.746251,51.069189],[13.746383,51.069334],[13.746362,51.069404],[13.746822,51.069902],[13.747295,51.070388],[13.748633,51.07175],[13.749338,51.072456],[13.749567,51.072698],[13.749673,51.072809],[13.749939,51.073108],[13.750168,51.07337],[13.750415,51.073672],[13.75093,51.074289],[13.751166,51.074528],[13.751444,51.074877],[13.751733,51.075198],[13.751788,51.075272],[13.751989,51.075487],[13.752177,51.075697],[13.752255,51.075763],[13.752388,51.075932],[13.752624,51.076173],[13.752845,51.076383],[13.753174,51.076716],[13.753777,51.077265],[13.754645,51.076956],[13.755514,51.076648],[13.75483,51.07586],[13.754107,51.075071],[13.75381,51.074759],[13.753585,51.074531],[13.753441,51.074373],[13.753294,51.074211],[13.752995,51.073851],[13.75265,51.073489],[13.75226,51.073034],[13.751909,51.072647],[13.751843,51.072575],[13.751989,51.072517],[13.75244,51.072367],[13.753184,51.072119],[13.753707,51.071945],[13.753418,51.071591],[13.753414,51.071586],[13.753339,51.071501],[13.753337,51.071498],[13.753353,51.071493],[13.754207,51.071221],[13.754467,51.071138],[13.755553,51.072425],[13.755932,51.072875],[13.756049,51.072913],[13.755608,51.073067],[13.755605,51.07311],[13.75568,51.073053],[13.75704,51.072637],[13.757591,51.072469],[13.757502,51.072348],[13.75761,51.072307],[13.757784,51.072242],[13.757807,51.072231],[13.75798,51.072149],[13.757989,51.072145],[13.757993,51.072143],[13.758217,51.072004],[13.758244,51.071987],[13.758444,51.07184],[13.758495,51.071778],[13.758531,51.071691],[13.758532,51.071689],[13.758536,51.071675],[13.758557,51.071598],[13.758497,51.071513],[13.758495,51.07151],[13.758441,51.071416],[13.758489,51.071362],[13.758506,51.071342],[13.759434,51.071057],[13.759441,51.071055],[13.759527,51.071007],[13.759847,51.070479],[13.760067,51.070277],[13.761026,51.070198],[13.761221,51.070157],[13.761666,51.070117],[13.761742,51.07011],[13.762262,51.070064],[13.761979,51.069603],[13.761114,51.06822],[13.761265,51.068177],[13.76124,51.068112],[13.761248,51.068016],[13.761259,51.067888],[13.761281,51.067828],[13.761341,51.06769],[13.761392,51.067587],[13.761426,51.067531],[13.761693,51.067128],[13.761722,51.06707],[13.76176,51.066994],[13.761794,51.066884],[13.761866,51.066657],[13.761879,51.066605],[13.761882,51.066563],[13.761864,51.066497],[13.761844,51.066417],[13.761816,51.066379],[13.761787,51.066337],[13.761741,51.066309],[13.761644,51.066252],[13.761589,51.06622],[13.761419,51.066125],[13.761259,51.066029],[13.761189,51.065984],[13.761112,51.065971],[13.7611,51.065966],[13.761044,51.065942],[13.760791,51.065863],[13.760548,51.06579],[13.760283,51.065717],[13.76017,51.065676],[13.76007,51.065633],[13.759999,51.065599],[13.759906,51.065543],[13.759799,51.065461],[13.75974,51.065372],[13.75972,51.065314],[13.759719,51.065306],[13.759733,51.065166],[13.759738,51.065098],[13.759758,51.065076],[13.759821,51.065008],[13.759846,51.064989],[13.759856,51.064981],[13.759874,51.064966],[13.759923,51.064936],[13.759969,51.064915],[13.760014,51.064901],[13.760356,51.064807],[13.760672,51.064721],[13.760685,51.064717],[13.761015,51.064624],[13.761354,51.06453],[13.761409,51.064497],[13.761516,51.064438],[13.761616,51.064374],[13.761712,51.064308],[13.761757,51.064271],[13.761796,51.064239],[13.761829,51.064198],[13.761858,51.064156],[13.761931,51.064065],[13.761634,51.063999],[13.761356,51.063937],[13.76118,51.063902],[13.760942,51.063855],[13.759584,51.063631],[13.758545,51.06347],[13.757506,51.06331],[13.755892,51.063044],[13.755096,51.06292],[13.754627,51.062877],[13.754203,51.062878],[13.753801,51.062881],[13.752967,51.062906],[13.752316,51.062943]]]}}]}
