{"type":"FeatureCollection","meta":{"status":"supplementary_bv_additional_neighbourhood_cases_only","city":"Düsseldorf","source_statistical_year":2025,"parent_stadtbezirk":"07","scope":"BV7_EIGHT_POLICE_OFFENSE_CLASSES","source_type":"Police Stadtteil 2025 presentation to Bezirksvertretung 7, 26 May 2026","police_source":"https://ris-oparl.itk-rheinland.de/Oparl/bodies/0015/downloadfiles/00588348.pdf","source_years":[2022,2023,2024,2025],"police_source_pages":[4,5,6,7,8,9,10,11],"municipal_geometry_source":"https://opendata.duesseldorf.de/sites/default/files/Stadtteile_2025_WGS84_EPSG4326_1.geojson","municipal_geometry_licence":"Datenlizenz Deutschland – Zero – Version 2.0","neighbourhoods":5,"categories":["all_offenses","street_crime","street_robbery","street_injury","vehicle_related_theft","bicycle_theft","pickpocketing","residential_burglary"],"area_km2":27.7534,"parent_outline_diff_m2":16.63,"internal_overlap_m2":0.0,"mapped_by_category":{"all_offenses":{"2022":2557,"2023":2430,"2024":2337,"2025":2490},"street_crime":{"2022":695,"2023":589,"2024":483,"2025":600},"street_robbery":{"2022":10,"2023":12,"2024":5,"2025":7},"street_injury":{"2022":14,"2023":20,"2024":20,"2025":14},"vehicle_related_theft":{"2022":163,"2023":127,"2024":130,"2025":159},"bicycle_theft":{"2022":158,"2023":109,"2024":116,"2025":84},"pickpocketing":{"2022":61,"2023":49,"2024":46,"2025":117},"residential_burglary":{"2022":84,"2023":94,"2024":105,"2025":102}},"offense_rates":null,"all_offenses_parent_count_2025":2490,"scope_warning":"BV7 has 8 PKS presentation categories for five Stadtteile; BV9 has ONLY street crime and burglary IGVP/VIVA incoming-case statistics for eight Stadtteile. Do NOT extrapolate BV9 missing six categories or compare absolute cases as per capita safety rates.","police_citywide_category_totals":{"all_offenses":{"2022":65763,"2023":67695,"2024":68915,"2025":69522},"street_crime":{"2022":15974,"2023":17825,"2024":17259,"2025":18237},"street_robbery":{"2022":281,"2023":412,"2024":276,"2025":328},"street_injury":{"2022":773,"2023":883,"2024":950,"2025":1052},"vehicle_related_theft":{"2022":4275,"2023":4111,"2024":4110,"2025":4714},"bicycle_theft":{"2022":3034,"2023":2883,"2024":3570,"2025":3079},"pickpocketing":{"2022":4542,"2023":4603,"2024":4646,"2025":4227},"residential_burglary":{"2022":1159,"2023":1368,"2024":1595,"2025":1682}}},"features":[{"type":"Feature","id":"duesseldorf-stadtteil-071","properties":{"name":"Gerresheim","stadtteil_code":"071","parent_stadtbezirk":"07","year":2025,"metric_scope":"BV7_EIGHT_POLICE_OFFENSE_CLASSES","metrics":{"all_offenses":{"2022":1599,"2023":1484,"2024":1444,"2025":1623,"rate":null},"street_crime":{"2022":436,"2023":371,"2024":289,"2025":397,"rate":null},"street_robbery":{"2022":5,"2023":7,"2024":1,"2025":6,"rate":null},"street_injury":{"2022":10,"2023":12,"2024":17,"2025":10,"rate":null},"vehicle_related_theft":{"2022":74,"2023":76,"2024":69,"2025":97,"rate":null},"bicycle_theft":{"2022":108,"2023":72,"2024":62,"2025":46,"rate":null},"pickpocketing":{"2022":46,"2023":32,"2024":31,"2025":96,"rate":null},"residential_burglary":{"2022":30,"2023":49,"2024":50,"2025":41,"rate":null}}},"geometry":{"type":"MultiPolygon","coordinates":[[[[6.880046125767704,51.22802252692803],[6.879978549273753,51.227987576859555],[6.879885810358385,51.227957836646354],[6.879841049004833,51.22794070231933],[6.879575462241925,51.22783848963659],[6.879305273307247,51.2277429380222],[6.878820678208759,51.2275629619752],[6.878674230767492,51.22750513165215],[6.878429040671356,51.227408007740515],[6.878291198193557,51.227340620024954],[6.87813423884124,51.22725912540362],[6.877995512305682,51.22718295265995],[6.877915884601913,51.22713914905142],[6.877682530776376,51.22702766881369],[6.877569438552512,51.226973410022694],[6.877010817373123,51.22673097267655],[6.876753287269342,51.22661271142313],[6.875989335118638,51.22631312111713],[6.875373959320132,51.226071803825796],[6.875361439498961,51.22606375212629],[6.87540529397037,51.22600721512675],[6.875439113258946,51.22596331157746],[6.875450069077949,51.22594934580803],[6.875457360536541,51.22594030487334],[6.875516307679857,51.22586394149062],[6.87553504008189,51.2258397294645],[6.87569965412649,51.22561486885836],[6.875741840098907,51.225557222219685],[6.875762475784939,51.225528997651104],[6.875503648505136,51.225467099128934],[6.874838619982582,51.22520329284443],[6.874589907045721,51.22507115704544],[6.874428420610471,51.22492037023558],[6.87436332729617,51.22485969563853],[6.874257041551113,51.22476049988936],[6.874233968755084,51.22473903588907],[6.874190722849776,51.22469845390332],[6.87410284188776,51.22459149830829],[6.874036516091732,51.224510970492815],[6.873999574290785,51.22448277909932],[6.873923587735465,51.22442541374218],[6.87381439936852,51.22434262289641],[6.873723450016892,51.22429294469603],[6.873615322685367,51.22425239735233],[6.873514669540323,51.2242361332724],[6.873399089928913,51.22421743933546],[6.873299718666545,51.224201333273825],[6.873034421724618,51.223944512698495],[6.872908707463127,51.22379154113588],[6.872860025115105,51.22373844878092],[6.872815007748192,51.22368973991885],[6.87258095625473,51.22343564483323],[6.872462295063097,51.22330681363236],[6.872323935330109,51.22314862004322],[6.872122143308818,51.22291251309659],[6.871887128239736,51.2226329024756],[6.871950956612283,51.22262772316584],[6.871953974135033,51.22262750825198],[6.872380508331135,51.22259277218388],[6.872639280575593,51.222571576949164],[6.872688909673792,51.222538888757484],[6.873242788542236,51.22217433567868],[6.873289355800886,51.22214280569313],[6.87330885991604,51.22212980493381],[6.873347818402744,51.222104881719766],[6.873275839904985,51.22198863644023],[6.873254441024538,51.22194022219309],[6.873233446622803,51.22189235490405],[6.873233512905455,51.221853639143056],[6.873234050420458,51.22178606285186],[6.87325373251194,51.221731920129116],[6.873312205969059,51.221675110046554],[6.873444547515238,51.22160965996512],[6.873553093182142,51.22157574904707],[6.873743307249932,51.221513104303476],[6.873801532602139,51.22148030208316],[6.87383672479019,51.22143453529946],[6.873849113702398,51.221370816765],[6.873823712955235,51.22130668121791],[6.873801996327535,51.22125583305096],[6.873804602942747,51.22116198840941],[6.873847993215202,51.22100359227812],[6.873854722859738,51.22088554014831],[6.873829722915617,51.22076610192503],[6.873751799903278,51.2206856328898],[6.873682737955142,51.22062731394139],[6.873686172194997,51.22062737636264],[6.873638027201703,51.2204787832014],[6.873629669678018,51.22044571511875],[6.873662269977231,51.22044684728749],[6.873697445948136,51.2204480262627],[6.873626550018844,51.22030832782852],[6.873463533165356,51.220247086794124],[6.873245176397734,51.22016541352534],[6.873206276433547,51.22009590611716],[6.873149152384363,51.21999301628927],[6.873137629321748,51.21997270633836],[6.873211501689883,51.21997323996829],[6.873330043389709,51.219974046006534],[6.873352631693883,51.21995003931673],[6.873375219974303,51.21992603262219],[6.873826918476442,51.21944724563255],[6.874627324083725,51.21859841529076],[6.874773669162557,51.218443238290554],[6.874836011371425,51.2183769196735],[6.874841435663844,51.21837108251053],[6.874858591885233,51.21835304745792],[6.874821668530341,51.21834320332625],[6.874753208912331,51.21831848660696],[6.874688382126916,51.218289518972306],[6.874538396835162,51.21821597021659],[6.874414175215191,51.218161371024976],[6.874196872035536,51.21808497979252],[6.873505560663811,51.21782527396661],[6.872369353230969,51.21738479804013],[6.872335604133567,51.21738067674833],[6.87229965906901,51.21737759472494],[6.8722639194851,51.21737937291533],[6.872226730533268,51.217384632195326],[6.872191600794437,51.21739181755337],[6.872153341972878,51.21740164403248],[6.871996244637422,51.21745450107747],[6.871889661178844,51.2174926281876],[6.87177222218101,51.21754256402442],[6.871691150448906,51.217567799745005],[6.871630887654293,51.21757965396405],[6.871566052299476,51.21758818729742],[6.871498012986577,51.21759167090787],[6.870842546786158,51.21758905094417],[6.8705655679994,51.21758643759864],[6.869319840561361,51.21751815761382],[6.869253885481616,51.21751371863425],[6.86918326469339,51.21750798050877],[6.86912214344239,51.21750120125856],[6.869056039299605,51.2174906888399],[6.869018439655235,51.2174862266418],[6.868938127073224,51.21746709137267],[6.868868116536822,51.21744814372902],[6.86875109414896,51.21742388777012],[6.868646035188774,51.217391755514264],[6.868385323815029,51.21729742987467],[6.868309653046265,51.217270824212015],[6.868214660023376,51.21724400128611],[6.868179070364904,51.217233235026995],[6.868151934872536,51.217225455778355],[6.868126366904626,51.217220942750465],[6.868095598156889,51.21721741415579],[6.868051112205478,51.21721323085253],[6.867983415804275,51.217209299027154],[6.867917660104901,51.217209854316664],[6.867848731501539,51.21721399410602],[6.867804170831498,51.21721142817695],[6.86775259951337,51.217202528929505],[6.867697557440063,51.21718506753611],[6.867138565145845,51.21694500305148],[6.866938375757591,51.21686122078349],[6.866679430774352,51.21677528745731],[6.866565957418213,51.21674866576675],[6.866478722402989,51.216739924941244],[6.86645113135982,51.216825624452284],[6.86639371879942,51.216961638304504],[6.866376029194759,51.217000437400394],[6.86634586030139,51.21703968339163],[6.866297402975936,51.21706564515373],[6.866231193310664,51.21706673082341],[6.866122980881805,51.21705639297454],[6.866022781674135,51.21703999568688],[6.865963254766893,51.21702663363686],[6.865906838589437,51.21701103496256],[6.865831964958333,51.216995099527175],[6.865666971820637,51.21694919028614],[6.865314407164273,51.216834700159225],[6.865095713281921,51.216760964531126],[6.864998546967348,51.2167254655431],[6.864917300141147,51.21668944761679],[6.864686599809004,51.21657812405753],[6.864490728889609,51.21648470339604],[6.864345119555605,51.21641918053883],[6.864285334425212,51.21639286226116],[6.86422228889246,51.21637201543152],[6.864147597848832,51.21635217006358],[6.864049796690501,51.21633041874904],[6.863942346490336,51.216312942945805],[6.863832133743009,51.216299463674495],[6.863731046002005,51.21629303097257],[6.863620203035214,51.216293165155655],[6.863523337649885,51.216297601595336],[6.863447186542472,51.21630929632307],[6.863367034947299,51.21632388578999],[6.863024142162196,51.21639964313227],[6.862578202917692,51.21649267285327],[6.862365600100641,51.21651941092924],[6.862038569708723,51.216549453460615],[6.861944279104622,51.216553935653835],[6.861850138392447,51.216555182847465],[6.861755663900944,51.21654509204219],[6.861668663198924,51.21652205222136],[6.861604878930024,51.21649862732003],[6.861557368287746,51.216476309290464],[6.861507619610743,51.21644666558479],[6.861091687181851,51.21617033511271],[6.860905601253582,51.21603283921876],[6.860744061949855,51.21590334646849],[6.860590455949104,51.215769546789616],[6.860453857527184,51.21563956544126],[6.860356482309839,51.215534583844864],[6.860287074129094,51.21546572803677],[6.858413119350459,51.21560613457079],[6.856887122945955,51.21570958266514],[6.856891566631038,51.21580814308422],[6.856895009065075,51.21586351627865],[6.856893521394426,51.21595104090733],[6.856873171917666,51.216250421991965],[6.856833242210643,51.21660138188883],[6.856806535869794,51.216769386116546],[6.85678391223419,51.216867990229574],[6.85666272878605,51.217303394382775],[6.856653920471737,51.21736353451192],[6.856653605917971,51.21741654551872],[6.856657596343173,51.217469365596806],[6.856675689290181,51.21752379309041],[6.856691786318594,51.21757494634612],[6.856539057086374,51.21760735755538],[6.856345301511499,51.21763510458968],[6.856140059597105,51.21766965574013],[6.856017263886756,51.21768656142521],[6.855862186810151,51.21770476393764],[6.854912581188227,51.21780984640111],[6.854926548899711,51.217860556155856],[6.855131562224322,51.218514816305984],[6.855199278718736,51.21872164963577],[6.85523900592753,51.2188559317055],[6.855265266398282,51.218965684370275],[6.855271978165657,51.21902462500822],[6.855271260848015,51.21906778072616],[6.855266125601328,51.219113553500115],[6.855304844403498,51.21925105471326],[6.855262924016625,51.21925635677609],[6.855226721882471,51.2192587958044],[6.855018235240316,51.21927979526795],[6.854963085984003,51.21929240920985],[6.854935710308538,51.219299057076036],[6.854908315824199,51.21930610929911],[6.854878706080662,51.21931460482402],[6.854849071257489,51.219323639492444],[6.85482026987893,51.2193332290478],[6.854791443418951,51.21934335774705],[6.854759518094151,51.21935545315233],[6.854727996945392,51.21936809557186],[6.854696867436488,51.2193815545815],[6.854667000628042,51.21939557635054],[6.854641464041923,51.21940886810884],[6.854616331632825,51.219422706884934],[6.854591615936258,51.21943682310349],[6.854567733679643,51.21945149421296],[6.854545164271901,51.21946564978449],[6.85452344711002,51.21947995588487],[6.854502575926235,51.219494547302304],[6.854481685924191,51.219509543079106],[6.85446207116476,51.2195248320466],[6.854443308652815,51.219540271544616],[6.854424956587281,51.21955612327585],[6.854407021236644,51.21957225245277],[6.854391730417779,51.21958694620138],[6.854376433320422,51.2196017747356],[6.854362411471235,51.21961689646341],[6.854348383344,51.21963215297713],[6.854335649272537,51.21964729832184],[6.854323331920531,51.21966272111407],[6.854312296088437,51.21967830231343],[6.854301670707979,51.219694295748496],[6.85429187877623,51.219710844080765],[6.854283368366925,51.219727550820984],[6.854275280948646,51.219744400221956],[6.854268045788182,51.21976140015754],[6.85426072912465,51.219780152333065],[6.854254258450469,51.21979918983114],[6.854248223306847,51.21981810041486],[6.854241968404459,51.219860210235105],[6.854235274649089,51.219911755195405],[6.854229149665183,51.220043442801654],[6.85422988179322,51.22010159930124],[6.85415132545125,51.22010015834114],[6.854087364281381,51.22009898506148],[6.850893430451547,51.22005330287657],[6.849365779050181,51.220022799799395],[6.849155368852386,51.220020415294925],[6.849114967438708,51.22002075168566],[6.848880057612798,51.220018590735734],[6.848710490731926,51.22001560744087],[6.847776761053002,51.22000922472636],[6.846750222191371,51.22000301491946],[6.845940854878483,51.22000160462958],[6.845444586518497,51.220002448293826],[6.844672200440083,51.220009534698136],[6.844461677441697,51.2200095679179],[6.844250239237465,51.22001079801923],[6.844074026036843,51.2200121373142],[6.843892011898876,51.22001809102783],[6.843478182356276,51.22002921444876],[6.843011718266849,51.22005420522892],[6.842732867585855,51.22007294107937],[6.842615470587763,51.22008440129247],[6.842444080538623,51.22009284203435],[6.842247629662019,51.22011350115263],[6.84211516399665,51.220125627239774],[6.841823309469863,51.220165165911915],[6.841638018976742,51.220186029904795],[6.841434939178767,51.2202106124443],[6.841160235351864,51.220250870642595],[6.84101326259393,51.22027001252357],[6.84077892157603,51.22030157154089],[6.840457218254155,51.22034541237835],[6.840093054794544,51.220396832359754],[6.839935166434238,51.22041968353558],[6.83992092483856,51.22042103940022],[6.839764614622903,51.22045606075575],[6.83972091839581,51.22055427262528],[6.839689891532774,51.220620476631744],[6.839214547835677,51.22146779181108],[6.839189277068241,51.22151197791733],[6.839029646482125,51.22179205568334],[6.838936749606182,51.22196827662789],[6.838549542523896,51.222676243648834],[6.838398945873018,51.223451041703605],[6.838372303183655,51.22349695602099],[6.838344138842552,51.22354783362424],[6.838306491541216,51.22361769220965],[6.838215217037726,51.22378665779521],[6.83808709561275,51.22402671074202],[6.837889031095727,51.22435639547185],[6.83751859388915,51.22489833368085],[6.836321036413476,51.2269692098444],[6.836280807142861,51.22703902002725],[6.836268929410977,51.22706321777329],[6.836264206136967,51.22707230381304],[6.83625715916189,51.22708512415645],[6.83620831014214,51.2271737961995],[6.836197979589515,51.2271924915351],[6.83615005855924,51.227279696785835],[6.83614021420258,51.22729718698295],[6.836111104094909,51.22734980029564],[6.83607629876784,51.22740473650953],[6.835817550496061,51.227864016199725],[6.835637921273696,51.22818472987666],[6.835499121485501,51.22843200210315],[6.835476097415476,51.22847393562804],[6.835344355993404,51.22870811778003],[6.835160324449689,51.229040081113865],[6.835004241431887,51.22931671157385],[6.834950411561996,51.229410687034395],[6.834675864132111,51.229903937160174],[6.834310829602509,51.230557799790375],[6.834299076476229,51.23057930158535],[6.833912423954144,51.23128146273074],[6.833900203093829,51.231303765243005],[6.833516551310272,51.23199667234398],[6.833171952774153,51.23261731905305],[6.833109076509621,51.23272987761941],[6.832869410122337,51.233165896236784],[6.832613942472737,51.23362711827685],[6.832562704149515,51.233720601041966],[6.832451320777641,51.23392332002725],[6.832233068262598,51.234314946330386],[6.832157755584815,51.23445425452471],[6.832190053902422,51.23446200284154],[6.832188165220013,51.234465610222735],[6.832305923292674,51.234493018958],[6.83244930597372,51.2345238701849],[6.832703223655924,51.234580376919375],[6.832743295674633,51.23458732476796],[6.832875092897678,51.23460865255841],[6.833883981978767,51.234695596977744],[6.833935679739849,51.234702085147646],[6.833963500925923,51.23471366226207],[6.833985107913863,51.23472944121153],[6.834013666484222,51.23475276850993],[6.834119926037943,51.23484201781697],[6.834164458998709,51.23488209894584],[6.834203505886228,51.234910881567004],[6.834249524549926,51.23493763478804],[6.834288958808197,51.23494902208943],[6.834329170676027,51.234953004117635],[6.8343748139224,51.23495115094603],[6.834419895890699,51.23494294693588],[6.834590125678328,51.23485975998183],[6.834660873379545,51.23482666918773],[6.83472928308777,51.23480675555501],[6.834801366478104,51.234800130344425],[6.834859935890805,51.23479757188607],[6.834952661177634,51.23479982746126],[6.835060143385269,51.23480815685418],[6.835201938851373,51.234827103869655],[6.835312407113119,51.23484506637945],[6.835503140246037,51.23488353506582],[6.837091229173911,51.235211849625124],[6.837363797602483,51.235274087076824],[6.837469593553943,51.23531840210335],[6.837563599761932,51.23536668110702],[6.83816565478282,51.235707239809905],[6.839447541082619,51.23641676452869],[6.839290954323756,51.236502368920846],[6.83918038479644,51.23655064555363],[6.83901463414911,51.2366300097111],[6.838268818290025,51.2370910892096],[6.837467316691998,51.237611975870045],[6.837365254810863,51.2376712002746],[6.837256385033076,51.23772894971819],[6.837179761193836,51.23776813898309],[6.837107766650466,51.23780026393602],[6.8370224596842,51.23783214273452],[6.836904660776536,51.23786949137467],[6.836813935376246,51.23789776237443],[6.836712662578291,51.23794013796926],[6.836632198350435,51.23797871625989],[6.836536430592285,51.2380411590944],[6.836368923551902,51.23816689359799],[6.83677150474934,51.23835321875575],[6.837277796301044,51.238573566474564],[6.837349806882012,51.23861442405375],[6.837479317488993,51.23866646209279],[6.837527508872204,51.23867450266063],[6.837802312899812,51.2387811632146],[6.837624093061293,51.23908949461689],[6.837783120917342,51.23919037298762],[6.839142502737816,51.240018292783695],[6.839300356287202,51.24010768062506],[6.839384174721846,51.240144303190085],[6.839476140251427,51.240181345943824],[6.839602575777732,51.24022577024474],[6.840414995738255,51.24046322304091],[6.840533393152157,51.24049576143169],[6.840657493618478,51.240525841807425],[6.840813096237658,51.24056243912445],[6.840970107417671,51.24059649907638],[6.841279854852025,51.24066413476052],[6.841576971907354,51.24072614051161],[6.841771208290503,51.240763853958555],[6.841903760290395,51.240787883382765],[6.842130718126648,51.240824446043355],[6.842289511681122,51.24084801468546],[6.842418078724001,51.24086535980916],[6.842566848880264,51.240873499248146],[6.8427264817389,51.24087914073525],[6.84288864094627,51.24088590780191],[6.84300558647799,51.24088523088238],[6.843094496669083,51.24087742679583],[6.84320774666045,51.24086386580852],[6.843327307405068,51.24087160073192],[6.843422850652687,51.24088739169911],[6.843514554754619,51.24091174558743],[6.843611406176866,51.24093632917354],[6.843716904409752,51.240969031283896],[6.843807725461201,51.24100308164542],[6.843913521853125,51.24104779539283],[6.84401971639522,51.24109319089207],[6.844122121626403,51.241136897641056],[6.844216606777755,51.241175332074654],[6.844319340131742,51.241212029764625],[6.844419256483802,51.24124462838946],[6.844519741094254,51.24127426954217],[6.844622025619436,51.241302190033124],[6.844736297467239,51.24133114066575],[6.844860579481121,51.24135744261925],[6.845210374899398,51.241442128678315],[6.846141062216963,51.24162411601469],[6.846393988580902,51.24168462141633],[6.846585254694247,51.24174007925679],[6.846827234233963,51.241823315647814],[6.847144648381541,51.241938832217535],[6.847820868188144,51.24220407990603],[6.848005944702823,51.24227250707137],[6.848174718975059,51.242331056051945],[6.848480836519689,51.24242167404612],[6.848787724430441,51.24250502066571],[6.848957582391193,51.24254038521973],[6.849188775954981,51.24258780413899],[6.849343376431451,51.24262774414032],[6.849445742443055,51.24265404303691],[6.850279830151401,51.242880493057235],[6.850792035907575,51.24305016675414],[6.850998261439679,51.24312612742629],[6.85115566252763,51.24318904983836],[6.851464939242668,51.24331357843204],[6.851634924648677,51.243383206584305],[6.851848771549766,51.24348938888521],[6.852061731454052,51.24360540237056],[6.852357835764789,51.24379133708456],[6.853141944876616,51.24431633205013],[6.853342668920445,51.2444460135635],[6.853570628164629,51.244572417087284],[6.854028331886174,51.244805424885634],[6.854346037607019,51.24496166742149],[6.854651302938623,51.24509892956973],[6.854806126253219,51.245162069512844],[6.854964940982372,51.24522258437742],[6.855161680951438,51.24529026954553],[6.855433522010873,51.24537916153333],[6.85563419161444,51.24544556889939],[6.856030453654569,51.2455581891295],[6.857156389354616,51.244575952256355],[6.857434596435746,51.244278191676536],[6.85754190281691,51.24415213443906],[6.858684369542265,51.24270153562496],[6.859407687744457,51.24175979857194],[6.860705695881562,51.240104006683495],[6.860758894595499,51.24004130554342],[6.860839699351532,51.23991165801494],[6.860877506061282,51.239874981332065],[6.861027546682362,51.23991131506932],[6.861119214796647,51.23993659876351],[6.861204693317055,51.23994706490021],[6.861262536363772,51.23993247361248],[6.861294261594211,51.2398971695535],[6.861310945323667,51.239852552092955],[6.861319948852472,51.23980671502481],[6.861319681705193,51.23977541283408],[6.86133000084974,51.239747541804284],[6.861371953796016,51.23973266000577],[6.861423750925685,51.23972794088973],[6.861517482555129,51.23973653412],[6.86160143680091,51.23974279014114],[6.861703042471352,51.239748424384025],[6.861831691309956,51.23975482255507],[6.861954042140859,51.239758002746065],[6.862088032026626,51.23976045117041],[6.862204091082722,51.23976027848],[6.862345687974712,51.2397562553949],[6.862945804005232,51.23973578602669],[6.86317914954964,51.239727502018624],[6.863442811406927,51.23972354841707],[6.863569556806343,51.23972464873243],[6.863657887101287,51.23972922945391],[6.864082763697135,51.239761673680796],[6.864364135412127,51.23978367270782],[6.864553847345677,51.239798736977875],[6.864694103296398,51.23981438228522],[6.864857586157219,51.2398389501257],[6.865100578622384,51.23988223603326],[6.865195548562862,51.23990123636632],[6.865270327855296,51.23992000313944],[6.865352108409964,51.23994537290148],[6.865449417020033,51.23997885022019],[6.865526167950216,51.24001073830226],[6.865582093943321,51.240037524858366],[6.865616423392252,51.24005730721343],[6.865643993856801,51.240074538022085],[6.865667132467442,51.240094655824606],[6.865682048973134,51.240115972657364],[6.86569176205904,51.24013827378551],[6.865697130637253,51.24016157487837],[6.865694737298916,51.24024112345665],[6.865690216479615,51.2403109202743],[6.865693973313953,51.24033189862999],[6.865703412992041,51.240350822216335],[6.865720918843302,51.24037191647233],[6.865735567134434,51.240399029193966],[6.865747924610061,51.240429202874374],[6.865834403505877,51.24063164953102],[6.865849699801217,51.24065405248328],[6.865878831488048,51.24068399250518],[6.865910876943879,51.240706700953574],[6.865948132166109,51.24072829029766],[6.865985693157625,51.24074327500464],[6.866021275310899,51.24075458125153],[6.866063941060642,51.240761430011005],[6.866099019948535,51.24076503763679],[6.866143653142388,51.240766526166524],[6.866185398621448,51.24076539887529],[6.866240936898396,51.240763443892064],[6.866682576290823,51.24071254501354],[6.866720712259099,51.2407058207339],[6.866787996588361,51.24069153376287],[6.866832406984423,51.240679257957275],[6.866866460312441,51.24066787252578],[6.866893611008153,51.240657035750395],[6.866921870088622,51.240640823093344],[6.867229652484342,51.24043585179876],[6.867460126185848,51.240266703625174],[6.867503728453652,51.24023471713725],[6.867537987781185,51.24020957525699],[6.867577512819032,51.24018210110061],[6.867662133261252,51.240127524071944],[6.867731385077914,51.24008925985476],[6.867763452542186,51.24007433052072],[6.867957436934507,51.239997059205464],[6.86800441128856,51.23997579124338],[6.868189520219762,51.239885946829204],[6.868223790778381,51.23986984339313],[6.868259698118501,51.23985552349572],[6.868300242211554,51.239843176695416],[6.868339504143964,51.23983067161929],[6.868376475427469,51.23982122754442],[6.868423299279467,51.239812502564824],[6.868469612641229,51.23980552199313],[6.868545203843543,51.23979745594789],[6.868595699572548,51.23979297975509],[6.868958903168314,51.23977423406924],[6.869233662933973,51.239762645228176],[6.869307635410576,51.23976169901982],[6.869391759117058,51.23976431017142],[6.869448360217712,51.23976722950052],[6.869495121190391,51.23976916020892],[6.869784381570033,51.239797225511445],[6.869949685020942,51.23981035269036],[6.870116899446386,51.23981933245959],[6.870736021755515,51.239843282070666],[6.870872937936285,51.239847527404166],[6.871112793413137,51.23984717034922],[6.871181593852351,51.23984653355327],[6.871248489732068,51.23984060088691],[6.871304674039049,51.23983393369094],[6.871509413286468,51.23980285377628],[6.871519296781479,51.23976566572415],[6.87151993782374,51.23976109071812],[6.871595842509085,51.23936451065417],[6.871634298447717,51.239164610935006],[6.871640596828325,51.239139903540064],[6.87243347260324,51.23831374969942],[6.872530471959275,51.238139736212986],[6.872570444031506,51.23762743068482],[6.87258409340351,51.237452710954926],[6.872584429254268,51.23744543235262],[6.872678071538144,51.235993430709556],[6.872680248780453,51.235964871063054],[6.872661223072646,51.23540845885476],[6.872651734548647,51.235111097080065],[6.872647716398403,51.23499325451296],[6.872665180635853,51.23414895015778],[6.872682177742393,51.23332406310731],[6.872686830782855,51.23310209884987],[6.872919248952746,51.23273116190126],[6.872987189199192,51.23265577270344],[6.873134836191769,51.23249212259212],[6.87318620047955,51.23234749696331],[6.875208483583301,51.232275376053266],[6.876966155096683,51.23217265246052],[6.876970310542419,51.231587657675966],[6.877104682563322,51.231497283364064],[6.877127099572299,51.23118768519722],[6.877081842268995,51.23115327337254],[6.876466114345123,51.23068478096048],[6.876205050531454,51.23064280914449],[6.875791502694458,51.23023545138603],[6.879815978978598,51.22826171962488],[6.879805940955579,51.228255736920374],[6.879800495690661,51.228252670391875],[6.879773704925584,51.22823721073704],[6.879746907982064,51.228221885866034],[6.879720239394643,51.2281944221285],[6.879876127380559,51.22811239384763],[6.879956724720122,51.22806974143679],[6.879988431045221,51.22805304853135],[6.880046125767704,51.22802252692803]]]]}},{"type":"Feature","id":"duesseldorf-stadtteil-072","properties":{"name":"Grafenberg","stadtteil_code":"072","parent_stadtbezirk":"07","year":2025,"metric_scope":"BV7_EIGHT_POLICE_OFFENSE_CLASSES","metrics":{"all_offenses":{"2022":364,"2023":370,"2024":359,"2025":323,"rate":null},"street_crime":{"2022":120,"2023":101,"2024":99,"2025":99,"rate":null},"street_robbery":{"2022":2,"2023":3,"2024":2,"2025":1,"rate":null},"street_injury":{"2022":4,"2023":6,"2024":1,"2025":1,"rate":null},"vehicle_related_theft":{"2022":26,"2023":13,"2024":27,"2025":35,"rate":null},"bicycle_theft":{"2022":27,"2023":25,"2024":31,"2025":21,"rate":null},"pickpocketing":{"2022":9,"2023":11,"2024":9,"2025":11,"rate":null},"residential_burglary":{"2022":17,"2023":19,"2024":23,"2025":20,"rate":null}}},"geometry":{"type":"MultiPolygon","coordinates":[[[[6.839447541082619,51.23641676452869],[6.83816565478282,51.235707239809905],[6.837563599761932,51.23536668110702],[6.837469593553943,51.23531840210335],[6.837363797602483,51.235274087076824],[6.837091229173911,51.235211849625124],[6.835503140246037,51.23488353506582],[6.835312407113119,51.23484506637945],[6.835201938851373,51.234827103869655],[6.835060143385269,51.23480815685418],[6.834952661177634,51.23479982746126],[6.834859935890805,51.23479757188607],[6.834801366478104,51.234800130344425],[6.83472928308777,51.23480675555501],[6.834660873379545,51.23482666918773],[6.834590125678328,51.23485975998183],[6.834419895890699,51.23494294693588],[6.8343748139224,51.23495115094603],[6.834329170676027,51.234953004117635],[6.834288958808197,51.23494902208943],[6.834249524549926,51.23493763478804],[6.834203505886228,51.234910881567004],[6.834164458998709,51.23488209894584],[6.834119926037943,51.23484201781697],[6.834013666484222,51.23475276850993],[6.833985107913863,51.23472944121153],[6.833963500925923,51.23471366226207],[6.833935679739849,51.234702085147646],[6.833883981978767,51.234695596977744],[6.832875092897678,51.23460865255841],[6.832743295674633,51.23458732476796],[6.832703223655924,51.234580376919375],[6.83244930597372,51.2345238701849],[6.832305923292674,51.234493018958],[6.832188165220013,51.234465610222735],[6.832190053902422,51.23446200284154],[6.832157755584815,51.23445425452471],[6.832047278069814,51.23465591068872],[6.831850956010408,51.23501057456972],[6.83182659102172,51.23506260024203],[6.831652165282343,51.235381110904314],[6.831346964692047,51.23593057922164],[6.831263110751896,51.23605947590343],[6.83115421152193,51.23625482005008],[6.830946245966338,51.23662828787283],[6.830046852048397,51.23702670614432],[6.829197367959,51.23743278877379],[6.827266104539722,51.23834854436682],[6.826194781662544,51.23885503524621],[6.825099546127669,51.239375911231434],[6.824497598100789,51.23966258559057],[6.824193995402371,51.23982057715269],[6.823999091028361,51.239706332010925],[6.823889468487019,51.23963387382841],[6.823821931574529,51.23958041023437],[6.82377105712154,51.23953818366643],[6.82372205323209,51.23949275419975],[6.82257660607605,51.23838210095303],[6.822379911065845,51.23846976942885],[6.821872059147551,51.23874792904207],[6.821792595852743,51.238792316668274],[6.821737011562487,51.23884982970094],[6.821706956753779,51.238931021333535],[6.821711318690922,51.23904792850977],[6.821715358596794,51.239180748237104],[6.821735793067209,51.2398580716931],[6.821756822134244,51.24061378474595],[6.821817067120427,51.24214969677575],[6.821853329425196,51.242364732557064],[6.821868157169567,51.242705908194964],[6.821881452837812,51.243361513892154],[6.821937246111295,51.24468244208784],[6.82194843430071,51.24483684430908],[6.821933117997832,51.24506090261216],[6.821946421966337,51.24555260128604],[6.821962358161566,51.2456156277545],[6.821982552470752,51.245788679284665],[6.821971014049803,51.246314855288055],[6.822005374796808,51.24753447659152],[6.822106025455208,51.249407316560294],[6.822135172416684,51.25019150908754],[6.822160546872722,51.25075533515716],[6.822161985567762,51.250952319902574],[6.822694451097428,51.25102050720849],[6.82293958511126,51.251073498474554],[6.823114757462493,51.251114935044605],[6.823382130233852,51.25117953603502],[6.823555209615409,51.251228892264],[6.823703594895027,51.25128224073121],[6.824054785803908,51.251429205800015],[6.824273876908972,51.251123273548224],[6.824706640868424,51.25048027948428],[6.824964793786382,51.25007524416025],[6.825208442204646,51.249640394994856],[6.825395430596303,51.249267356954455],[6.82577713413832,51.24828439951657],[6.825817260416768,51.248171961773],[6.825889919372939,51.24798957439955],[6.825983871439678,51.247784109544305],[6.826043958770206,51.247685937581174],[6.826093894316864,51.247611589655286],[6.826159470321211,51.24753375501562],[6.82624049874471,51.24744730384008],[6.826352136019574,51.247340781127456],[6.830215533499607,51.2439355072775],[6.830314507589003,51.24383279308846],[6.830386595687046,51.243753323141355],[6.830453163703527,51.24367240176641],[6.830511539614506,51.24359200296817],[6.830575551200819,51.24350145603091],[6.83065112528833,51.24335702745697],[6.830712583201188,51.24321112298914],[6.830733415922118,51.243133805279484],[6.830750985053852,51.24301622605131],[6.830752946870422,51.242965404102996],[6.830746113547876,51.242900524110986],[6.83072239488624,51.242819952146974],[6.830682550310548,51.24271668733866],[6.830444079631913,51.24222148952927],[6.830338872262448,51.24200922526173],[6.830269653688411,51.24188167269485],[6.830189284549389,51.2417718553576],[6.830054774778788,51.24158859108357],[6.830406172469409,51.241492581636365],[6.830691299305012,51.24142556064649],[6.831542570554872,51.24122037029225],[6.831973976532687,51.24111383265082],[6.832171909363852,51.24106367400602],[6.8323630781861,51.24101109636757],[6.832485915484585,51.24097654363761],[6.832635747968307,51.24092549311124],[6.832767644319923,51.24087195171621],[6.83287303938647,51.24082439463934],[6.832957313466458,51.2407872384907],[6.833546810222406,51.240490307520275],[6.833604985303776,51.24042312394819],[6.833747566695558,51.24021531571067],[6.833826485061657,51.24011829788447],[6.833907769597086,51.2400349489856],[6.834032493823679,51.23993270842668],[6.834313488732629,51.239706282101274],[6.834633221600376,51.2394603366567],[6.836368923551902,51.23816689359799],[6.836536430592285,51.2380411590944],[6.836632198350435,51.23797871625989],[6.836712662578291,51.23794013796926],[6.836813935376246,51.23789776237443],[6.836904660776536,51.23786949137467],[6.8370224596842,51.23783214273452],[6.837107766650466,51.23780026393602],[6.837179761193836,51.23776813898309],[6.837256385033076,51.23772894971819],[6.837365254810863,51.2376712002746],[6.837467316691998,51.237611975870045],[6.838268818290025,51.2370910892096],[6.83901463414911,51.2366300097111],[6.83918038479644,51.23655064555363],[6.839290954323756,51.236502368920846],[6.839447541082619,51.23641676452869]]]]}},{"type":"Feature","id":"duesseldorf-stadtteil-073","properties":{"name":"Ludenberg","stadtteil_code":"073","parent_stadtbezirk":"07","year":2025,"metric_scope":"BV7_EIGHT_POLICE_OFFENSE_CLASSES","metrics":{"all_offenses":{"2022":410,"2023":390,"2024":382,"2025":395,"rate":null},"street_crime":{"2022":95,"2023":77,"2024":74,"2025":84,"rate":null},"street_robbery":{"2022":3,"2023":1,"2024":2,"2025":0,"rate":null},"street_injury":{"2022":0,"2023":2,"2024":1,"2025":3,"rate":null},"vehicle_related_theft":{"2022":34,"2023":15,"2024":21,"2025":17,"rate":null},"bicycle_theft":{"2022":23,"2023":10,"2024":20,"2025":16,"rate":null},"pickpocketing":{"2022":6,"2023":5,"2024":3,"2025":9,"rate":null},"residential_burglary":{"2022":17,"2023":22,"2024":29,"2025":27,"rate":null}}},"geometry":{"type":"MultiPolygon","coordinates":[[[[6.879067895295215,51.26115447504018],[6.879048422700485,51.260989002764795],[6.879007573341056,51.26078348201046],[6.878937809102508,51.26055221057058],[6.878866819561258,51.260366243751974],[6.878593778362138,51.25963754793069],[6.878535427680096,51.259466649153616],[6.878493669122675,51.25936498580057],[6.878391407569835,51.25918587126784],[6.878137681897494,51.25876631387651],[6.878085107054079,51.25869413255737],[6.878050110157169,51.25862307937082],[6.878034454385345,51.258561550198664],[6.87803208626044,51.25850093648417],[6.878031587938586,51.25836238360873],[6.878028688320458,51.25828530227125],[6.878028171640113,51.258240505603275],[6.878034018718588,51.25819757805249],[6.878076599109039,51.258131978640506],[6.878109995745264,51.258069720124006],[6.878147730741678,51.25799728774962],[6.878178045287326,51.25793659214522],[6.878201387686705,51.25788723674084],[6.878238308845814,51.25778578575639],[6.878307487287429,51.2576281260962],[6.878435982712994,51.257330839564894],[6.878537724804926,51.25705424740806],[6.878579002762645,51.25695152628371],[6.878602637922648,51.25686777621821],[6.878617464814997,51.25679789622255],[6.8786232897084,51.256736756530294],[6.87862546183448,51.25668958037558],[6.878623823259169,51.25664112102357],[6.878617908539495,51.256601487650386],[6.878608059018759,51.25656326685977],[6.878589339955209,51.2565028963229],[6.878556056092968,51.256432009216226],[6.878519094751083,51.25637562479245],[6.878440027273824,51.25629055234567],[6.878400970484049,51.25625166709],[6.87820095069552,51.25606673274349],[6.878038502240836,51.25588760561846],[6.877907652392848,51.2557506009796],[6.877671505261879,51.255509970672584],[6.876806651623759,51.25464642507215],[6.876687409014024,51.254518937815234],[6.876262656468635,51.254014252088716],[6.876182363345674,51.253918633461396],[6.876071754271001,51.25379980104108],[6.875968145196899,51.253697013966566],[6.875780560601418,51.253513245309236],[6.875703104098021,51.25344007150101],[6.875476832581873,51.25323752317699],[6.875330115596197,51.25309995761143],[6.875272030460434,51.25304494225619],[6.875231864324945,51.253002258498476],[6.875184380045724,51.252922478782935],[6.875096782483612,51.25275226100833],[6.874763063566227,51.25205496415303],[6.874629248892029,51.25177760402404],[6.874405581855123,51.25130448797682],[6.874269424060314,51.25102209344937],[6.87409714126939,51.250628153195244],[6.873975336235801,51.250332933569084],[6.873850811413398,51.250022150672315],[6.873733428885155,51.24971500485043],[6.873714800040382,51.24966218955058],[6.873671195654304,51.249489127629175],[6.873587124375457,51.24912161135418],[6.873508620149374,51.24876390909183],[6.873423843894514,51.24844899152748],[6.873397194948729,51.24832777009603],[6.873266826136385,51.24782707338095],[6.873179948254112,51.24749255661302],[6.873160903079352,51.24742084737665],[6.873147990236355,51.24736530291886],[6.87313627339811,51.247330420176226],[6.873120802785779,51.24729304096656],[6.873050487199716,51.24718653939],[6.872978777607025,51.247082305757495],[6.872881532625254,51.246953865144285],[6.872827715322728,51.24688111900071],[6.872756336407005,51.246769741435315],[6.872712466693081,51.246686383937785],[6.872627640558099,51.24650312892904],[6.872493415297894,51.246104886419275],[6.87243782359024,51.2459495478791],[6.872414335669605,51.24588099535422],[6.872390125260914,51.24579084538877],[6.872362840507216,51.24573004811849],[6.872336259686451,51.245691252644626],[6.872303485293501,51.245656256692],[6.872264081600253,51.2456251872337],[6.872213479537499,51.245594588627185],[6.872148896712888,51.245568862019574],[6.872071683892266,51.24554668293465],[6.872010861155842,51.245532626192954],[6.87192454160721,51.24551217001244],[6.871836199050962,51.24548897893487],[6.871759129663608,51.24546369950714],[6.871703000564592,51.245441094256485],[6.871650842919759,51.245416267887386],[6.871589734044103,51.24538048651669],[6.871537968658533,51.24534716841297],[6.871468026963102,51.2452885627823],[6.871429738372868,51.24525198234362],[6.871362884434513,51.24517306263433],[6.871314879233122,51.2450955650149],[6.871285093935532,51.245042411390756],[6.871224975862645,51.2449014243688],[6.871117065764056,51.244594582731025],[6.871014795919738,51.24437971180133],[6.870942442228046,51.24419654747786],[6.870823835894726,51.243851468539184],[6.870775715058006,51.24373929876843],[6.87075527423389,51.24368860836978],[6.870744045594824,51.24365252011756],[6.870734105451932,51.24361645531216],[6.870726213286113,51.243573277972615],[6.870708154885973,51.24317323489831],[6.8707223681671,51.24294928652527],[6.870730270538723,51.24265723271297],[6.870749002219045,51.24244712654795],[6.870774928118611,51.24232321874453],[6.870822397162978,51.24211444492972],[6.870878580035493,51.2418752069129],[6.870991354460172,51.24144368410676],[6.871071970883683,51.24144784903273],[6.87149594481265,51.23985252249454],[6.871503743333212,51.23982325573136],[6.871506799262572,51.23981292387144],[6.871509413286468,51.23980285377628],[6.871304674039049,51.23983393369094],[6.871248489732068,51.23984060088691],[6.871181593852351,51.23984653355327],[6.871112793413137,51.23984717034922],[6.870872937936285,51.239847527404166],[6.870736021755515,51.239843282070666],[6.870116899446386,51.23981933245959],[6.869949685020942,51.23981035269036],[6.869784381570033,51.239797225511445],[6.869495121190391,51.23976916020892],[6.869448360217712,51.23976722950052],[6.869391759117058,51.23976431017142],[6.869307635410576,51.23976169901982],[6.869233662933973,51.239762645228176],[6.868958903168314,51.23977423406924],[6.868595699572548,51.23979297975509],[6.868545203843543,51.23979745594789],[6.868469612641229,51.23980552199313],[6.868423299279467,51.239812502564824],[6.868376475427469,51.23982122754442],[6.868339504143964,51.23983067161929],[6.868300242211554,51.239843176695416],[6.868259698118501,51.23985552349572],[6.868223790778381,51.23986984339313],[6.868189520219762,51.239885946829204],[6.86800441128856,51.23997579124338],[6.867957436934507,51.239997059205464],[6.867763452542186,51.24007433052072],[6.867731385077914,51.24008925985476],[6.867662133261252,51.240127524071944],[6.867577512819032,51.24018210110061],[6.867537987781185,51.24020957525699],[6.867503728453652,51.24023471713725],[6.867460126185848,51.240266703625174],[6.867229652484342,51.24043585179876],[6.866921870088622,51.240640823093344],[6.866893611008153,51.240657035750395],[6.866866460312441,51.24066787252578],[6.866832406984423,51.240679257957275],[6.866787996588361,51.24069153376287],[6.866720712259099,51.2407058207339],[6.866682576290823,51.24071254501354],[6.866240936898396,51.240763443892064],[6.866185398621448,51.24076539887529],[6.866143653142388,51.240766526166524],[6.866099019948535,51.24076503763679],[6.866063941060642,51.240761430011005],[6.866021275310899,51.24075458125153],[6.865985693157625,51.24074327500464],[6.865948132166109,51.24072829029766],[6.865910876943879,51.240706700953574],[6.865878831488048,51.24068399250518],[6.865849699801217,51.24065405248328],[6.865834403505877,51.24063164953102],[6.865747924610061,51.240429202874374],[6.865735567134434,51.240399029193966],[6.865720918843302,51.24037191647233],[6.865703412992041,51.240350822216335],[6.865693973313953,51.24033189862999],[6.865690216479615,51.2403109202743],[6.865694737298916,51.24024112345665],[6.865697130637253,51.24016157487837],[6.86569176205904,51.24013827378551],[6.865682048973134,51.240115972657364],[6.865667132467442,51.240094655824606],[6.865643993856801,51.240074538022085],[6.865616423392252,51.24005730721343],[6.865582093943321,51.240037524858366],[6.865526167950216,51.24001073830226],[6.865449417020033,51.23997885022019],[6.865352108409964,51.23994537290148],[6.865270327855296,51.23992000313944],[6.865195548562862,51.23990123636632],[6.865100578622384,51.23988223603326],[6.864857586157219,51.2398389501257],[6.864694103296398,51.23981438228522],[6.864553847345677,51.239798736977875],[6.864364135412127,51.23978367270782],[6.864082763697135,51.239761673680796],[6.863657887101287,51.23972922945391],[6.863569556806343,51.23972464873243],[6.863442811406927,51.23972354841707],[6.86317914954964,51.239727502018624],[6.862945804005232,51.23973578602669],[6.862345687974712,51.2397562553949],[6.862204091082722,51.23976027848],[6.862088032026626,51.23976045117041],[6.861954042140859,51.239758002746065],[6.861831691309956,51.23975482255507],[6.861703042471352,51.239748424384025],[6.86160143680091,51.23974279014114],[6.861517482555129,51.23973653412],[6.861423750925685,51.23972794088973],[6.861371953796016,51.23973266000577],[6.86133000084974,51.239747541804284],[6.861319681705193,51.23977541283408],[6.861319948852472,51.23980671502481],[6.861310945323667,51.239852552092955],[6.861294261594211,51.2398971695535],[6.861262536363772,51.23993247361248],[6.861204693317055,51.23994706490021],[6.861119214796647,51.23993659876351],[6.861027546682362,51.23991131506932],[6.860877506061282,51.239874981332065],[6.860839699351532,51.23991165801494],[6.860758894595499,51.24004130554342],[6.860705695881562,51.240104006683495],[6.859407687744457,51.24175979857194],[6.858684369542265,51.24270153562496],[6.85754190281691,51.24415213443906],[6.857434596435746,51.244278191676536],[6.857156389354616,51.244575952256355],[6.856030453654569,51.2455581891295],[6.85563419161444,51.24544556889939],[6.855433522010873,51.24537916153333],[6.855161680951438,51.24529026954553],[6.854964940982372,51.24522258437742],[6.854806126253219,51.245162069512844],[6.854651302938623,51.24509892956973],[6.854346037607019,51.24496166742149],[6.854028331886174,51.244805424885634],[6.853570628164629,51.244572417087284],[6.853342668920445,51.2444460135635],[6.853141944876616,51.24431633205013],[6.852357835764789,51.24379133708456],[6.852061731454052,51.24360540237056],[6.851848771549766,51.24348938888521],[6.851634924648677,51.243383206584305],[6.851464939242668,51.24331357843204],[6.85115566252763,51.24318904983836],[6.850998261439679,51.24312612742629],[6.850792035907575,51.24305016675414],[6.850279830151401,51.242880493057235],[6.849445742443055,51.24265404303691],[6.849343376431451,51.24262774414032],[6.849188775954981,51.24258780413899],[6.848957582391193,51.24254038521973],[6.848787724430441,51.24250502066571],[6.848480836519689,51.24242167404612],[6.848174718975059,51.242331056051945],[6.848005944702823,51.24227250707137],[6.847820868188144,51.24220407990603],[6.847144648381541,51.241938832217535],[6.846827234233963,51.241823315647814],[6.846585254694247,51.24174007925679],[6.846393988580902,51.24168462141633],[6.846141062216963,51.24162411601469],[6.845210374899398,51.241442128678315],[6.844860579481121,51.24135744261925],[6.844736297467239,51.24133114066575],[6.844622025619436,51.241302190033124],[6.844519741094254,51.24127426954217],[6.844419256483802,51.24124462838946],[6.844319340131742,51.241212029764625],[6.844216606777755,51.241175332074654],[6.844122121626403,51.241136897641056],[6.84401971639522,51.24109319089207],[6.843913521853125,51.24104779539283],[6.843807725461201,51.24100308164542],[6.843716904409752,51.240969031283896],[6.843611406176866,51.24093632917354],[6.843514554754619,51.24091174558743],[6.843422850652687,51.24088739169911],[6.843327307405068,51.24087160073192],[6.84320774666045,51.24086386580852],[6.843094496669083,51.24087742679583],[6.84300558647799,51.24088523088238],[6.84288864094627,51.24088590780191],[6.8427264817389,51.24087914073525],[6.842566848880264,51.240873499248146],[6.842418078724001,51.24086535980916],[6.842289511681122,51.24084801468546],[6.842130718126648,51.240824446043355],[6.841903760290395,51.240787883382765],[6.841771208290503,51.240763853958555],[6.841576971907354,51.24072614051161],[6.841279854852025,51.24066413476052],[6.840970107417671,51.24059649907638],[6.840813096237658,51.24056243912445],[6.840657493618478,51.240525841807425],[6.840533393152157,51.24049576143169],[6.840414995738255,51.24046322304091],[6.839602575777732,51.24022577024474],[6.839476140251427,51.240181345943824],[6.839384174721846,51.240144303190085],[6.839300356287202,51.24010768062506],[6.839142502737816,51.240018292783695],[6.837783120917342,51.23919037298762],[6.837624093061293,51.23908949461689],[6.837802312899812,51.2387811632146],[6.837527508872204,51.23867450266063],[6.837479317488993,51.23866646209279],[6.837349806882012,51.23861442405375],[6.837277796301044,51.238573566474564],[6.83677150474934,51.23835321875575],[6.836368923551902,51.23816689359799],[6.834633221600376,51.2394603366567],[6.834313488732629,51.239706282101274],[6.834032493823679,51.23993270842668],[6.833907769597086,51.2400349489856],[6.833826485061657,51.24011829788447],[6.833747566695558,51.24021531571067],[6.833604985303776,51.24042312394819],[6.833546810222406,51.240490307520275],[6.832957313466458,51.2407872384907],[6.83287303938647,51.24082439463934],[6.832767644319923,51.24087195171621],[6.832635747968307,51.24092549311124],[6.832485915484585,51.24097654363761],[6.8323630781861,51.24101109636757],[6.832171909363852,51.24106367400602],[6.831973976532687,51.24111383265082],[6.831542570554872,51.24122037029225],[6.830691299305012,51.24142556064649],[6.830406172469409,51.241492581636365],[6.830054774778788,51.24158859108357],[6.830189284549389,51.2417718553576],[6.830269653688411,51.24188167269485],[6.830338872262448,51.24200922526173],[6.830444079631913,51.24222148952927],[6.830682550310548,51.24271668733866],[6.83072239488624,51.242819952146974],[6.830746113547876,51.242900524110986],[6.830752946870422,51.242965404102996],[6.830750985053852,51.24301622605131],[6.830733415922118,51.243133805279484],[6.830712583201188,51.24321112298914],[6.83065112528833,51.24335702745697],[6.830575551200819,51.24350145603091],[6.830511539614506,51.24359200296817],[6.830453163703527,51.24367240176641],[6.830386595687046,51.243753323141355],[6.830314507589003,51.24383279308846],[6.830215533499607,51.2439355072775],[6.826352136019574,51.247340781127456],[6.82624049874471,51.24744730384008],[6.826159470321211,51.24753375501562],[6.826093894316864,51.247611589655286],[6.826043958770206,51.247685937581174],[6.825983871439678,51.247784109544305],[6.825889919372939,51.24798957439955],[6.825817260416768,51.248171961773],[6.82577713413832,51.24828439951657],[6.825395430596303,51.249267356954455],[6.825208442204646,51.249640394994856],[6.824964793786382,51.25007524416025],[6.824706640868424,51.25048027948428],[6.824273876908972,51.251123273548224],[6.824054785803908,51.251429205800015],[6.824107512524463,51.25145069151591],[6.824215355712727,51.25148858101112],[6.824335328402612,51.25152453749815],[6.824436556778583,51.251547734304054],[6.824555606959853,51.25156681057829],[6.82482554248838,51.25161364873015],[6.827778523583658,51.25219287276755],[6.829779023372863,51.25258532689107],[6.830252737643118,51.252687464537466],[6.830374663078148,51.25272776786085],[6.830594832673097,51.252772590609865],[6.830903312233261,51.25284117403367],[6.831108623822786,51.252891116476455],[6.831289077964647,51.2529393837227],[6.8314927274791,51.25299725392669],[6.831649663930646,51.2530427914254],[6.8318017105267,51.2530917455679],[6.831961981049448,51.25314867623083],[6.832176980245657,51.25323036345417],[6.832382428165356,51.25331403178071],[6.83258095928189,51.25339851593731],[6.832780727635301,51.25349327525329],[6.832984898864132,51.25359499578601],[6.835101184072571,51.254700707765174],[6.83520055269097,51.254745445134596],[6.835307477778908,51.25478492611419],[6.835399924705961,51.2548122677577],[6.835494905920934,51.2548314271612],[6.835583646007072,51.254846154167694],[6.835680333997732,51.254856441433176],[6.835775569581581,51.254861035855605],[6.835873995892792,51.25486177704312],[6.835977015617793,51.25485626268616],[6.836077294067382,51.2548450316448],[6.836203784493705,51.25482497696613],[6.836295617460084,51.254801313449754],[6.836409625904524,51.25476322063126],[6.836518744926389,51.25471937140194],[6.836570166245981,51.254677288276106],[6.836597226877851,51.254641230050325],[6.836611141172269,51.254601286400124],[6.836610033355111,51.25455162184806],[6.836600517365496,51.254497889672486],[6.836286736958547,51.25370857488448],[6.836235579691471,51.253561934325035],[6.836399099483285,51.25360475418981],[6.836594318937562,51.25365922190941],[6.83828164270979,51.25410401676594],[6.839918504454095,51.25453450017909],[6.842508044795564,51.25521604553896],[6.842905512486789,51.25532239156928],[6.845197926813285,51.25592339338555],[6.845433227913585,51.25598546429637],[6.846568101743735,51.256285197680825],[6.846696303982053,51.25631129969431],[6.846763986244603,51.256316727124116],[6.846832249303828,51.25631892755052],[6.846966393071766,51.2563191024833],[6.847095139599438,51.25630595755255],[6.847224693530276,51.256284733207],[6.84733568619288,51.2562650558884],[6.847449261286688,51.25623611772356],[6.84754894408828,51.256210026655204],[6.847829511114866,51.25612237458958],[6.848068847843917,51.25603369382571],[6.848234556489766,51.25597482105566],[6.84840428060055,51.2559036108926],[6.848804124274355,51.255729249142576],[6.848943434868193,51.255664763794464],[6.849613187158447,51.255363696217884],[6.849805560413304,51.25528615516199],[6.849878984210334,51.255260658818216],[6.849937436880673,51.25524271166667],[6.850020546260317,51.25522157516558],[6.850084350866132,51.25520871765303],[6.850151971482338,51.25519700943243],[6.850204721699456,51.25519069386175],[6.850258268206296,51.25518574191741],[6.850331146483289,51.2551811450939],[6.850392647760842,51.25518079099381],[6.850445443948879,51.255182705186726],[6.850501190716782,51.255185887675346],[6.850562409051601,51.255191598882256],[6.850615768933181,51.25519986375058],[6.850682662117059,51.255212963845345],[6.850749815180011,51.25522971103106],[6.850806708288323,51.255245190518046],[6.850871524857827,51.25526594178133],[6.850938768183192,51.25528997522735],[6.851024626767904,51.255329729341916],[6.851113237080543,51.255384238251466],[6.851177433815659,51.25542750660527],[6.851223359102826,51.2554661225338],[6.85126902674903,51.25551026469719],[6.851307341015311,51.25555535103159],[6.851338232740388,51.255602864197066],[6.851377588898507,51.255671712401],[6.851388915911889,51.25569620275736],[6.851399949709433,51.25573620146521],[6.851404943969539,51.25577662888376],[6.851406363146268,51.25581995850252],[6.851403775438517,51.25585700905321],[6.851398484403222,51.25589670800697],[6.85138746204326,51.25595788605146],[6.851371097766624,51.256004531486866],[6.851353777785289,51.25604400956233],[6.851329439539953,51.256086461511025],[6.851304721931118,51.256127827272195],[6.85127504388531,51.25616491997732],[6.851239294747991,51.25620311530976],[6.85118775287923,51.25624803552933],[6.851154641963761,51.256275756923195],[6.851105289838259,51.256310599665035],[6.851070363984927,51.25633113789674],[6.851029758919132,51.256353595351264],[6.850980947283306,51.256376846390786],[6.85092998127818,51.25640019274578],[6.850856910368314,51.25642731505909],[6.850489349906525,51.2565640995448],[6.850175402801714,51.25668527493518],[6.850130544924292,51.25670670963358],[6.850109776584119,51.256727912395924],[6.850106804616409,51.25674552996322],[6.850106510936681,51.256761038304724],[6.850111544317872,51.25678217550301],[6.850119033937296,51.2567967476274],[6.850126687086449,51.2568078153021],[6.850145587513579,51.25682664413096],[6.850172688293265,51.256844814202246],[6.850218723414372,51.25686265761442],[6.850938946126898,51.25706528958136],[6.851510670560395,51.257225259643064],[6.851813726320993,51.25731001102152],[6.852740812442415,51.25756742214916],[6.854377945749838,51.2580252262411],[6.854893241326751,51.25817861391826],[6.855344329013386,51.258307349600884],[6.855438080893425,51.25834400741487],[6.855449416965776,51.25836836261398],[6.855449736894711,51.258730984851034],[6.855461677428044,51.25880701856001],[6.855512599682025,51.258803095310434],[6.855561405146268,51.258798458737466],[6.855612233276101,51.25879655724848],[6.85565417393184,51.25880083326545],[6.85569119417945,51.25880920106223],[6.855724968633762,51.258822635643],[6.855770010648484,51.258843426481825],[6.855857002616273,51.258896013406726],[6.855951091519028,51.25895318206103],[6.856048062630398,51.25901310148222],[6.856126804396454,51.25906742567101],[6.856269781279253,51.25917364969898],[6.856519572228291,51.25936857207186],[6.856710272355698,51.25951195830829],[6.856835191355417,51.25960894735077],[6.856938271254887,51.25969474414989],[6.857146144840849,51.259884985305185],[6.85722043661174,51.259961081345864],[6.857242869460372,51.259987258375496],[6.857259400191576,51.26001089909337],[6.85727299867419,51.26003286729432],[6.857286129911661,51.260055636349044],[6.857295212570492,51.260082243423774],[6.857303310569629,51.26011153050506],[6.857306933269079,51.260135339565934],[6.857308737091095,51.260161273751606],[6.85730661769814,51.26018835021752],[6.857300176785214,51.26021588716097],[6.857215916794029,51.260391065707104],[6.85706474258717,51.260664306600965],[6.857040498064377,51.26071404610713],[6.856951441254412,51.26090910209272],[6.856891749815854,51.261046013507865],[6.856871945640426,51.26109273155682],[6.856851037559783,51.261144690557074],[6.856840039563995,51.261186983216874],[6.856831105260276,51.2612403756223],[6.85682746777344,51.26128158896784],[6.856827599867373,51.26131572155353],[6.856828901778062,51.26135243869869],[6.856831486383538,51.261389314237356],[6.856839295833582,51.26142480154557],[6.856848754937928,51.26146180298558],[6.856865988730176,51.2615073107258],[6.856885894554233,51.26155084387099],[6.85690793917671,51.261585377758806],[6.856933850744613,51.261619982459735],[6.856979658528471,51.26167060013189],[6.85704666415576,51.26173698478334],[6.857118490272486,51.26180143413983],[6.857460521338705,51.262093823660294],[6.85753162717654,51.262155291724774],[6.857583059366572,51.262205202711606],[6.857631825926564,51.26225695349901],[6.857728032768836,51.2623612401406],[6.857778164438167,51.262429878579646],[6.857851163743934,51.262533875169865],[6.857880865488752,51.262579476075054],[6.857897811745469,51.26261270231938],[6.857912945961371,51.26266640046441],[6.857927886532176,51.26274275856356],[6.857941868156943,51.26283973908048],[6.857953199418487,51.26292898167795],[6.857957025113979,51.26300392219879],[6.857956798558676,51.26307352737408],[6.857952919331411,51.263175442116285],[6.857949726111117,51.263253356896676],[6.857943473450576,51.263378566199314],[6.857944659988366,51.26340853611379],[6.857948152853155,51.26347213878768],[6.857955311595248,51.26352164387647],[6.857966475326903,51.26356825443456],[6.857977992902769,51.26359800874603],[6.857994952118545,51.26363096540203],[6.858009267162192,51.263656049353244],[6.858023334312916,51.263677216613644],[6.858042494918488,51.26369982611963],[6.858065939776425,51.26372278384308],[6.858092386129939,51.26374593140088],[6.858123179424441,51.26376807930085],[6.858155380863969,51.26378768983189],[6.858184812749014,51.263802123396715],[6.858220733691629,51.26381573140618],[6.858267446742737,51.263828457706424],[6.858350444315731,51.26384697430865],[6.858411051277447,51.26385685208407],[6.858470077417802,51.263863733059935],[6.85859088328046,51.26387376806074],[6.858684776096618,51.26387993793322],[6.858757335386146,51.263882479736466],[6.858844174329198,51.263883124341014],[6.858941893078763,51.2638810001008],[6.859035016920596,51.26387595877722],[6.859137637526317,51.26387014680541],[6.859255908202972,51.26386070888703],[6.859358312050362,51.26385030609738],[6.859609229214358,51.263818202462026],[6.859743020653218,51.26379866049821],[6.859986428526967,51.263761562255],[6.860063587472237,51.26374840386037],[6.86015678846518,51.263732436016554],[6.860267862886685,51.26371126394063],[6.860460200932383,51.26367188188839],[6.860655590216501,51.26363161099077],[6.860742856685957,51.263613780468205],[6.860862163275551,51.263591274401755],[6.86093275762787,51.263580558570574],[6.860998917484012,51.2635727294788],[6.861075800449608,51.263565501051],[6.861138310055062,51.26356219182012],[6.861220054949651,51.26356139254134],[6.861287457808483,51.26356383853495],[6.861358988471189,51.263570002273426],[6.861437642176927,51.26358020828984],[6.861596455652892,51.263605234342215],[6.861768213883257,51.26363859080638],[6.862215383957649,51.263732827895076],[6.862485379347183,51.26378996683861],[6.862594501491984,51.2638108462247],[6.862667007188067,51.26383308026827],[6.862750714039708,51.26386415254673],[6.862838628415538,51.26390649844464],[6.863322295684387,51.264131847708484],[6.863656350197227,51.263939101545056],[6.863997210162224,51.26398903183642],[6.864852167351289,51.26406264179462],[6.865532400085853,51.26414830258144],[6.866285676640297,51.26422611793143],[6.866616318918967,51.26425534921024],[6.866651627944987,51.26425437408277],[6.866669269972128,51.26425415609062],[6.867357241238075,51.26423782679442],[6.86738277451106,51.264225071755945],[6.8685165992558,51.263662684308756],[6.868635886346402,51.26360334185142],[6.870157957756581,51.26284660121301],[6.87158834065163,51.26236067451414],[6.872891271331439,51.261914907825535],[6.873793119863524,51.26196893480931],[6.874965345714181,51.26244484547323],[6.875585679813216,51.262337260425625],[6.876125947703322,51.26207281250148],[6.876572109094248,51.26189069814039],[6.877076978632829,51.261684960184766],[6.877616387000605,51.261448144657926],[6.878847431553053,51.26119823418155],[6.878903422360646,51.26118697303908],[6.879067895295215,51.26115447504018]]]]}},{"type":"Feature","id":"duesseldorf-stadtteil-074","properties":{"name":"Hubbelrath","stadtteil_code":"074","parent_stadtbezirk":"07","year":2025,"metric_scope":"BV7_EIGHT_POLICE_OFFENSE_CLASSES","metrics":{"all_offenses":{"2022":122,"2023":117,"2024":94,"2025":110,"rate":null},"street_crime":{"2022":31,"2023":22,"2024":14,"2025":11,"rate":null},"street_robbery":{"2022":0,"2023":0,"2024":0,"2025":0,"rate":null},"street_injury":{"2022":0,"2023":0,"2024":1,"2025":0,"rate":null},"vehicle_related_theft":{"2022":22,"2023":15,"2024":7,"2025":5,"rate":null},"bicycle_theft":{"2022":0,"2023":0,"2024":1,"2025":1,"rate":null},"pickpocketing":{"2022":0,"2023":0,"2024":3,"2025":1,"rate":null},"residential_burglary":{"2022":19,"2023":3,"2024":1,"2025":10,"rate":null}}},"geometry":{"type":"MultiPolygon","coordinates":[[[[6.939934022285986,51.2725485620141],[6.939913294642506,51.27254077765753],[6.939892573036367,51.272532858503425],[6.939585151864574,51.27241494005441],[6.939325089442839,51.2723152567697],[6.939243966862159,51.27217690480152],[6.939100536735102,51.27190269040262],[6.938879767164983,51.27146334505929],[6.938489378402964,51.2709891751431],[6.938233978348609,51.27068951458068],[6.938117634593749,51.270559849372646],[6.93739221403708,51.26993205687522],[6.93726751597799,51.26980656034647],[6.937130081874698,51.26966775386982],[6.93668863565687,51.26973875357228],[6.935762766293686,51.26998548192433],[6.935349743942933,51.26953747726592],[6.935332074350878,51.26951908891364],[6.935299652825769,51.26948438717779],[6.935292679413974,51.2694768446396],[6.935288986897709,51.26947286738905],[6.934594430263624,51.26873349950105],[6.934263569955497,51.26838150585881],[6.934210612195424,51.26832526197371],[6.934185171438272,51.26829796774803],[6.934135906187753,51.26824570111443],[6.934098547233405,51.268206055461164],[6.934073929807654,51.26817958514554],[6.933963505893045,51.26806216116921],[6.933820251615512,51.267909622996214],[6.932989557899955,51.26734901260163],[6.932875187245999,51.26727171813395],[6.932722824780043,51.26716893079231],[6.932727751460395,51.267164566109926],[6.932733138119935,51.26715953505111],[6.93284212999913,51.26705961055798],[6.932646231450712,51.2668823985277],[6.932447912327444,51.266615434678876],[6.932677528432895,51.266501318405076],[6.933145133656494,51.2662685108866],[6.934119021738992,51.26578401253768],[6.934107951405737,51.2657719458875],[6.933807480839553,51.26544288056049],[6.932773975554849,51.26444822018052],[6.932621119013902,51.264279997199225],[6.932289942294656,51.26456836391223],[6.931333984353245,51.26540066737493],[6.931278048442986,51.26544918703322],[6.931235966301132,51.26548608033421],[6.93105045417691,51.26565237055205],[6.930926314970182,51.265649096614816],[6.930906554135279,51.265648612338175],[6.930462822168412,51.26563712386148],[6.930439623627749,51.26563657871303],[6.929230849426697,51.265605348386984],[6.929213222333861,51.26565306102235],[6.929211236831932,51.265658961506816],[6.929201412336406,51.26568617244462],[6.92908946281351,51.265679604841736],[6.928332840623787,51.26563518621806],[6.927695463818756,51.265578574878255],[6.927698191963631,51.26546058531196],[6.92769960064684,51.26541015749542],[6.927701247565052,51.26533531691878],[6.927701738783721,51.265324398682075],[6.927701557714139,51.26531886455798],[6.927701951901693,51.26531010300998],[6.927702662301525,51.265284754308055],[6.92770341601343,51.26524888413906],[6.927704302278038,51.26521962643845],[6.927705438903789,51.26516568639122],[6.927696514621812,51.26513463616173],[6.927622144028778,51.26487592915323],[6.92784072216141,51.264710904291555],[6.927830512184962,51.2644312097822],[6.928048433736181,51.26441456340474],[6.928060943620295,51.26441370568724],[6.928471748346075,51.26438253156916],[6.928725559037083,51.26436152789659],[6.928779514281313,51.26435708682904],[6.928656270204962,51.26415228504819],[6.928649403036214,51.26412329480654],[6.928553093802698,51.26372120558575],[6.928546277281011,51.263662403232225],[6.928545085856831,51.26365064580381],[6.928538408770097,51.26358874320677],[6.928537519750617,51.26357982404046],[6.928530098463203,51.26351534516052],[6.928801437132216,51.26302789603858],[6.929004890033289,51.2627685757189],[6.929256406860302,51.26247314281806],[6.929215406072865,51.262457308455105],[6.929205257242245,51.26245348655626],[6.92884046954543,51.26231280498356],[6.929279575910981,51.26164202629224],[6.929089495552962,51.261632727083466],[6.928952192823393,51.26162598042025],[6.929183035320083,51.26069979177238],[6.929513112369902,51.25941193641543],[6.929841124313681,51.25813132809144],[6.929999570230193,51.257514128076984],[6.930018398287519,51.2574395913244],[6.930399379023413,51.257199866599514],[6.929747834339904,51.256858239993896],[6.929206354188662,51.25657440629],[6.929073608279865,51.256504876634814],[6.929036643053578,51.25648547126378],[6.928733538026076,51.25626494019353],[6.928474146598911,51.256076344198675],[6.928085972123428,51.255739774805875],[6.928010731557025,51.25537636930934],[6.928008989576877,51.25536730012283],[6.928004392543935,51.255345229922746],[6.92800121697899,51.2553297950226],[6.927999124182358,51.25531896591591],[6.927985006549353,51.255250456220395],[6.927978304627285,51.2552178264987],[6.928451353895259,51.25515834672556],[6.928064937865315,51.25495495522516],[6.928241036171721,51.2548921066998],[6.928727400770395,51.25471806113894],[6.928606943927805,51.25455701598822],[6.928207492311241,51.25402207816964],[6.928042016717639,51.25400174611844],[6.927950511462933,51.253990547903356],[6.927937683910404,51.25398897175569],[6.927897918503502,51.253984085689034],[6.927776056827499,51.25396911217537],[6.92768570124796,51.25410443622954],[6.92766633623669,51.254133501627564],[6.927572294578084,51.25427429124273],[6.927568161358845,51.254280153670564],[6.927509587688729,51.254368420525324],[6.927495524945312,51.25437518629419],[6.927490279538397,51.254367538955485],[6.927179225504204,51.25390363695738],[6.926901191397962,51.2534895578061],[6.926902982570617,51.253487970730745],[6.927213126413784,51.253207340557466],[6.927667748471124,51.252725433406134],[6.927676316889262,51.2527165468049],[6.927882182185085,51.2524982808177],[6.92795485569845,51.25242146020082],[6.928116998404305,51.25226717191491],[6.928280423383311,51.25210346306146],[6.928427690149392,51.25215571373032],[6.928499358843601,51.25206295671061],[6.928784969736729,51.252040762537014],[6.929187787805647,51.25208917147429],[6.929232045601299,51.25187923983933],[6.929279302640985,51.251698230004145],[6.929351527911963,51.25142080328767],[6.929522029116328,51.25129080821295],[6.930485230332042,51.250626329089606],[6.930811208383069,51.25038468605031],[6.930897311182883,51.2503245589878],[6.931044655293307,51.2502218068846],[6.931050427311721,51.25021772702023],[6.93128298313464,51.25005550613313],[6.931636699349958,51.24980868538364],[6.931671808782041,51.24978313525189],[6.932197441303607,51.24940310181458],[6.932305405472707,51.24932514846096],[6.932524448488111,51.24916686827935],[6.932706318043887,51.249013057172036],[6.932883243583768,51.24886401487043],[6.932923009924942,51.248830452595804],[6.933276097015399,51.24858766286282],[6.933314689409213,51.24856109455686],[6.933485748556683,51.248408575227096],[6.933146511399473,51.248150858920354],[6.933254270340866,51.24804861895727],[6.933685587141754,51.24826614181685],[6.934018549066592,51.24843376699721],[6.934207094279859,51.24844734826745],[6.934240944586538,51.248449834481335],[6.934283367885055,51.24845287673381],[6.934112279669085,51.24828001631881],[6.933910736808719,51.248105673600655],[6.933606994456696,51.24784251481848],[6.933366419235901,51.24762795591876],[6.932704249097686,51.2469602368071],[6.932823494764976,51.24648681850703],[6.932996501209675,51.246156535136045],[6.933076076616243,51.24591579402243],[6.933057104320929,51.2459074997418],[6.933042772254515,51.24590117603697],[6.933017471848572,51.24589020685103],[6.932691943458873,51.2457490155968],[6.932647247589522,51.24572960960809],[6.932219903704972,51.24522292565225],[6.931829376560697,51.24486352793002],[6.931510851510394,51.24456651178234],[6.931480686270628,51.24414670687029],[6.931539225277439,51.24383841421372],[6.931613109870606,51.243418020420954],[6.931635483909479,51.24312055495413],[6.93162141089797,51.24287856392771],[6.931459213417758,51.24241244716908],[6.931594120961704,51.24203063454125],[6.93163285347987,51.24196251981356],[6.931789203900192,51.24168711806265],[6.931805566527619,51.24165772910534],[6.931883587990681,51.241604878048705],[6.932052249961846,51.24155322424194],[6.932218283614042,51.241387667443064],[6.93236772725246,51.24114155125084],[6.93232163065981,51.241048059783374],[6.932316491320138,51.24090389486625],[6.932373519050375,51.24079199062541],[6.932340484376912,51.24053185763116],[6.932186938174995,51.24037117523338],[6.932155607987246,51.240264724362795],[6.932029012098079,51.24013568013553],[6.931648148049588,51.23993550017408],[6.931449264030512,51.2398561699295],[6.931366713571543,51.23975137639457],[6.931343545986834,51.23971211533565],[6.931275924939166,51.2396673467776],[6.931272827867767,51.23965973756938],[6.931277914975129,51.23965173346029],[6.931325090278436,51.23961573960435],[6.931273172319586,51.23956585264289],[6.93127691617163,51.23945368129832],[6.931220624882831,51.23931926902836],[6.93106471541634,51.23912522277027],[6.931079758937731,51.23893365969698],[6.931160111213275,51.238790466734386],[6.931189139215244,51.23870869044853],[6.931158840643121,51.23859848027814],[6.931167151579126,51.23855694285033],[6.931170599338296,51.238537578082116],[6.931177779146227,51.23850209119385],[6.931181220847724,51.238482861219],[6.931182769316671,51.23847708785948],[6.931172540861702,51.238475153290366],[6.931120569919601,51.23846479127403],[6.931212280639064,51.23828874839039],[6.931242287463752,51.23804146597013],[6.930502241354648,51.23801124624209],[6.93043200160358,51.23817809040834],[6.930139985651699,51.238871441816976],[6.930047381408158,51.23953634898552],[6.930296916240219,51.23989474328099],[6.930525852407008,51.24022376898072],[6.930545233009883,51.2402516315469],[6.930581157350052,51.240303529269504],[6.930771365945444,51.240576155416775],[6.930969192484959,51.24086105701754],[6.930040500507416,51.241211696347946],[6.926806172007876,51.24243221423304],[6.926789124559706,51.24243852231915],[6.926769003939206,51.2424462598595],[6.926746263889911,51.24245489528884],[6.926732746201199,51.24255475224238],[6.926689020672448,51.24287706512516],[6.926685860720279,51.24289953758314],[6.926683862896505,51.24291528558826],[6.926418532585371,51.24280320261528],[6.926238441544362,51.24271691195966],[6.926024682591448,51.24261464554791],[6.925935061160824,51.24257164236468],[6.92579715033054,51.242512809080566],[6.92545468850887,51.24236684540416],[6.925269939588084,51.24230772063437],[6.925239688041867,51.24230178817895],[6.925036396006323,51.24226310897322],[6.924959264074452,51.24224825101176],[6.924603953648652,51.242177736382445],[6.924435140830271,51.242156125611224],[6.924009501301364,51.24210108929952],[6.923713525694131,51.24205887468302],[6.923366296909392,51.2420094093319],[6.923307709815916,51.24201228163575],[6.923140388809732,51.241976665762095],[6.922662701856921,51.24187483433098],[6.922532581769194,51.24185309834354],[6.922015955942983,51.24176649119467],[6.921868498908572,51.241747953990306],[6.921609273502019,51.24174874565268],[6.921027249575642,51.241816108605455],[6.920974166962434,51.24182083125728],[6.920951736204862,51.241822591108566],[6.920830943951588,51.241832316005215],[6.920168360223669,51.24121766733302],[6.919623789157259,51.24071235945873],[6.919598662761215,51.24070719116337],[6.919058210608499,51.240596539478524],[6.918548644427909,51.24036353982305],[6.91838059179176,51.2402967418974],[6.918103477420848,51.23997047696578],[6.918009577911665,51.23995585562774],[6.918002742882246,51.23995492459683],[6.917935306335148,51.23994441641536],[6.917931049963447,51.24000059444261],[6.917891519847737,51.24008595791909],[6.917851976833145,51.24015256989656],[6.917801029385471,51.24020521899397],[6.917718946548151,51.24026203550699],[6.917651252088482,51.240304808518346],[6.917575790410696,51.24034825265809],[6.917493299086332,51.24041410011994],[6.917334757178403,51.24050786739937],[6.917234927473535,51.24055789242921],[6.916943158450914,51.24069879627837],[6.917101696252788,51.241099846765465],[6.916854225985425,51.24108788661898],[6.916548431580292,51.24107299879452],[6.916410845054579,51.241054900239874],[6.916152805832747,51.241029530085235],[6.916013294506668,51.241015983419004],[6.915938403381,51.241008713848196],[6.915887054529735,51.24100361728679],[6.915469386364696,51.24096285635682],[6.915276814927585,51.24094404665159],[6.915209630313634,51.240937453527295],[6.915070003165623,51.24094548785349],[6.914903147344098,51.240975835079844],[6.91483337298358,51.24098848645442],[6.91446195416992,51.24105606236192],[6.913768206961124,51.241113168775875],[6.913598609318053,51.24112808652701],[6.913260708270974,51.241157809474515],[6.913065213255804,51.24117509750509],[6.912978472411176,51.24118272361466],[6.912899498833469,51.24118967880379],[6.912599953538143,51.241236137264],[6.912523874693606,51.241264593133806],[6.91239399881765,51.24131353840756],[6.912329287727313,51.241337745236024],[6.911676050415923,51.241582130446616],[6.911662939923371,51.24158688779231],[6.911265919285032,51.24173547698364],[6.911228364602674,51.241738988502],[6.911097140969407,51.2417512151586],[6.911037566377533,51.24175689661334],[6.910913680578465,51.241768444663904],[6.910875690250091,51.24177208319225],[6.910854971027077,51.241774006569685],[6.91069882844653,51.24180494381941],[6.910647641885428,51.24181522659707],[6.910425569274675,51.241859285687006],[6.910368320886166,51.24187053929562],[6.910330969446838,51.241879045502],[6.910326416163969,51.24187518694761],[6.91024688136574,51.241809148766585],[6.910239499714287,51.241772863397756],[6.910136666647004,51.241263123550915],[6.909781088068473,51.24078205437298],[6.909355576281831,51.240203549862116],[6.908733061455806,51.239391650872705],[6.908625514734565,51.23925158962983],[6.908411239338847,51.23897242575915],[6.908330362928689,51.23899296886266],[6.908316448963467,51.238996497356815],[6.907177613426683,51.239286540523466],[6.907131950767542,51.23929826957235],[6.906688731251054,51.23944210471813],[6.906515111390962,51.23949835492582],[6.906243951259707,51.23959184593314],[6.905760156006685,51.23975828941714],[6.905465415791322,51.239859855357714],[6.905421182185747,51.23987794968998],[6.90498788216627,51.240068092289015],[6.904903996753656,51.24009802225859],[6.90475896238003,51.24014938568494],[6.904195386734518,51.24034973821561],[6.904176159068657,51.24035667847575],[6.90382373218138,51.240431710629906],[6.903583699923803,51.24042646577593],[6.902983954905327,51.2402406162639],[6.902872052745678,51.23999821632478],[6.903860795055079,51.23979617970579],[6.904043570832677,51.239585905144644],[6.904011283946589,51.239057592503116],[6.90400997618025,51.23903908758375],[6.90400731725307,51.238993578179134],[6.904001962642647,51.23890336811865],[6.903992033718382,51.23874360188674],[6.903885201279078,51.238219484634335],[6.903533692602431,51.238303031077166],[6.903263359518672,51.23833110280946],[6.902927881864248,51.2382794936857],[6.90255696898154,51.23822266171573],[6.902885116186719,51.23770782426244],[6.903117191679719,51.23742464365027],[6.90320676246141,51.237118403788386],[6.90311071467224,51.23711344481821],[6.903076414523183,51.23711161597056],[6.902968796369204,51.237105909909],[6.902950790483032,51.237104912675754],[6.902895048933507,51.237102024962006],[6.902787430829175,51.2370963187341],[6.902767277745185,51.237095282984384],[6.902746701352177,51.23709410474183],[6.90263942354159,51.237203745229415],[6.902066786272897,51.23713155890561],[6.90176294407066,51.23709332925819],[6.901741582437626,51.23709051793862],[6.901355693156754,51.23704191228732],[6.900434462434708,51.23710268302255],[6.900057694793556,51.237127488288635],[6.900002517635259,51.23713108459747],[6.899103265001433,51.237190485621674],[6.899039498377619,51.23720337034847],[6.898722382504698,51.23726782430494],[6.898045203178874,51.237405401200206],[6.89698713174396,51.237620307087774],[6.897124255734894,51.23785547690869],[6.897159279675736,51.23792625520157],[6.897252699031045,51.23816792402902],[6.896536184432703,51.238573779033096],[6.896151734501765,51.2387006890635],[6.895876374980116,51.238791652404736],[6.895717972690159,51.23884384347198],[6.895522369841943,51.238825890911336],[6.894895083441329,51.238811368752835],[6.894556469593955,51.23893208337105],[6.894204891360405,51.23893196166924],[6.893953131581106,51.23896722619586],[6.893830459456415,51.23897108858721],[6.893609510491477,51.23903752966628],[6.89347956725994,51.239115861371154],[6.893461979887103,51.23872001323274],[6.893265030926385,51.23865630100549],[6.89277513073262,51.2386075479203],[6.892637787833008,51.238593877422005],[6.892958792855103,51.23796508151644],[6.893209060258251,51.237435647614255],[6.89275831639351,51.23740500174961],[6.892538419072757,51.23745796955825],[6.891553639915873,51.23764851528229],[6.891047608914938,51.23752985491694],[6.891011646762171,51.23752677845619],[6.890991524643279,51.23752506672625],[6.890968402597732,51.237523166014874],[6.890946059282566,51.23752303305815],[6.890905621026408,51.23758962004405],[6.890885153219051,51.237623651008164],[6.890606636186192,51.23792445206706],[6.890526598830879,51.238029851178176],[6.890476736337873,51.23809572849536],[6.890442350050668,51.23817092324506],[6.890422586341871,51.238208339365954],[6.890400907443695,51.23825003780491],[6.89040492082616,51.238575627891606],[6.890410902561226,51.23865155048008],[6.890462825014564,51.23928274718794],[6.890440187081839,51.23927964099182],[6.890386813199783,51.239271933557916],[6.890293721792042,51.239258653483944],[6.890200200982282,51.23924536559244],[6.890179280918134,51.23924229032248],[6.888958000618904,51.23906795734328],[6.888714599683139,51.23903321256114],[6.888708624343216,51.23903229532616],[6.8882260934844,51.23896342090426],[6.888133746865738,51.23917786660882],[6.887921491055092,51.23929827968367],[6.887884245034115,51.23937949265326],[6.887866527204835,51.23941910371131],[6.88785364736051,51.239446930754205],[6.887819505578139,51.23950728997885],[6.887686018791412,51.23966271510996],[6.887534494446902,51.239714614629605],[6.887391573174872,51.23970070236358],[6.887307014810215,51.239651285429154],[6.887046270642502,51.23941346675548],[6.886680448942667,51.23932079245192],[6.886465985911598,51.23929236644396],[6.88638088246929,51.23922675077217],[6.886291503170276,51.23917940442531],[6.8860308948741,51.239126266352166],[6.885886088977057,51.239050398281044],[6.88561912767678,51.23893900183554],[6.885302388273449,51.23882589567269],[6.884674738378183,51.23882871442292],[6.884268568457268,51.238706973647645],[6.883702523860583,51.23854753509775],[6.883012511195865,51.23827050974333],[6.882764609033935,51.23826845221192],[6.882778761113036,51.238437605374216],[6.882809098926002,51.238497646055166],[6.882926042651124,51.238730848945984],[6.88304793493401,51.239034155271405],[6.883918929022605,51.2392264977139],[6.883959611886715,51.23952941345656],[6.883893012885983,51.24010950064587],[6.8837256263539,51.24042254797849],[6.883588175322505,51.24071077503677],[6.883157149866424,51.2407275297295],[6.882776300952385,51.240784177425546],[6.88285038471286,51.240996099630735],[6.883047163969775,51.241194458282386],[6.883242311494484,51.241334779316624],[6.883296749904722,51.241553360678985],[6.883172786352881,51.24179110818707],[6.882995501638676,51.24189825024478],[6.882798539635038,51.24197522269157],[6.88259938004065,51.24205323425445],[6.882336422792335,51.24211646574446],[6.881823216863167,51.24219081515241],[6.881773989483788,51.24219572473185],[6.881707985375185,51.24219156194454],[6.881596984688816,51.242184426019854],[6.881326974301794,51.24216726100421],[6.881052353327412,51.24215689185599],[6.880808850740609,51.24218957974481],[6.880479702869009,51.24223393607468],[6.880335575637738,51.242255472548045],[6.880033203621637,51.242297075056534],[6.879331439665737,51.24238688322799],[6.878342553523596,51.24251370538301],[6.877690694802849,51.2422756529288],[6.877566400433642,51.24223049953046],[6.878048794366472,51.24231209607852],[6.87805428949848,51.24222073230145],[6.877664892529322,51.24207984705274],[6.876552083411376,51.24167761440097],[6.876015066015253,51.24139172290501],[6.875480034900271,51.24137998559629],[6.874412390509752,51.2412015452593],[6.874192362175028,51.241070065487605],[6.873998911964244,51.240828313752694],[6.873836889991559,51.24070665590742],[6.873576223751079,51.240608296848464],[6.873392319098281,51.24060697790766],[6.873271186743255,51.241210890579374],[6.872073746460577,51.241535277279056],[6.87196001928158,51.241699003369305],[6.871663860972048,51.2416152384609],[6.871071970883683,51.24144784903273],[6.870991354460172,51.24144368410676],[6.870878580035493,51.2418752069129],[6.870822397162978,51.24211444492972],[6.870774928118611,51.24232321874453],[6.870749002219045,51.24244712654795],[6.870730270538723,51.24265723271297],[6.8707223681671,51.24294928652527],[6.870708154885973,51.24317323489831],[6.870726213286113,51.243573277972615],[6.870734105451932,51.24361645531216],[6.870744045594824,51.24365252011756],[6.87075527423389,51.24368860836978],[6.870775715058006,51.24373929876843],[6.870823835894726,51.243851468539184],[6.870942442228046,51.24419654747786],[6.871014795919738,51.24437971180133],[6.871117065764056,51.244594582731025],[6.871224975862645,51.2449014243688],[6.871285093935532,51.245042411390756],[6.871314879233122,51.2450955650149],[6.871362884434513,51.24517306263433],[6.871429738372868,51.24525198234362],[6.871468026963102,51.2452885627823],[6.871537968658533,51.24534716841297],[6.871589734044103,51.24538048651669],[6.871650842919759,51.245416267887386],[6.871703000564592,51.245441094256485],[6.871759129663608,51.24546369950714],[6.871836199050962,51.24548897893487],[6.87192454160721,51.24551217001244],[6.872010861155842,51.245532626192954],[6.872071683892266,51.24554668293465],[6.872148896712888,51.245568862019574],[6.872213479537499,51.245594588627185],[6.872264081600253,51.2456251872337],[6.872303485293501,51.245656256692],[6.872336259686451,51.245691252644626],[6.872362840507216,51.24573004811849],[6.872390125260914,51.24579084538877],[6.872414335669605,51.24588099535422],[6.87243782359024,51.2459495478791],[6.872493415297894,51.246104886419275],[6.872627640558099,51.24650312892904],[6.872712466693081,51.246686383937785],[6.872756336407005,51.246769741435315],[6.872827715322728,51.24688111900071],[6.872881532625254,51.246953865144285],[6.872978777607025,51.247082305757495],[6.873050487199716,51.24718653939],[6.873120802785779,51.24729304096656],[6.87313627339811,51.247330420176226],[6.873147990236355,51.24736530291886],[6.873160903079352,51.24742084737665],[6.873179948254112,51.24749255661302],[6.873266826136385,51.24782707338095],[6.873397194948729,51.24832777009603],[6.873423843894514,51.24844899152748],[6.873508620149374,51.24876390909183],[6.873587124375457,51.24912161135418],[6.873671195654304,51.249489127629175],[6.873714800040382,51.24966218955058],[6.873733428885155,51.24971500485043],[6.873850811413398,51.250022150672315],[6.873975336235801,51.250332933569084],[6.87409714126939,51.250628153195244],[6.874269424060314,51.25102209344937],[6.874405581855123,51.25130448797682],[6.874629248892029,51.25177760402404],[6.874763063566227,51.25205496415303],[6.875096782483612,51.25275226100833],[6.875184380045724,51.252922478782935],[6.875231864324945,51.253002258498476],[6.875272030460434,51.25304494225619],[6.875330115596197,51.25309995761143],[6.875476832581873,51.25323752317699],[6.875703104098021,51.25344007150101],[6.875780560601418,51.253513245309236],[6.875968145196899,51.253697013966566],[6.876071754271001,51.25379980104108],[6.876182363345674,51.253918633461396],[6.876262656468635,51.254014252088716],[6.876687409014024,51.254518937815234],[6.876806651623759,51.25464642507215],[6.877671505261879,51.255509970672584],[6.877907652392848,51.2557506009796],[6.878038502240836,51.25588760561846],[6.87820095069552,51.25606673274349],[6.878400970484049,51.25625166709],[6.878440027273824,51.25629055234567],[6.878519094751083,51.25637562479245],[6.878556056092968,51.256432009216226],[6.878589339955209,51.2565028963229],[6.878608059018759,51.25656326685977],[6.878617908539495,51.256601487650386],[6.878623823259169,51.25664112102357],[6.87862546183448,51.25668958037558],[6.8786232897084,51.256736756530294],[6.878617464814997,51.25679789622255],[6.878602637922648,51.25686777621821],[6.878579002762645,51.25695152628371],[6.878537724804926,51.25705424740806],[6.878435982712994,51.257330839564894],[6.878307487287429,51.2576281260962],[6.878238308845814,51.25778578575639],[6.878201387686705,51.25788723674084],[6.878178045287326,51.25793659214522],[6.878147730741678,51.25799728774962],[6.878109995745264,51.258069720124006],[6.878076599109039,51.258131978640506],[6.878034018718588,51.25819757805249],[6.878028171640113,51.258240505603275],[6.878028688320458,51.25828530227125],[6.878031587938586,51.25836238360873],[6.87803208626044,51.25850093648417],[6.878034454385345,51.258561550198664],[6.878050110157169,51.25862307937082],[6.878085107054079,51.25869413255737],[6.878137681897494,51.25876631387651],[6.878391407569835,51.25918587126784],[6.878493669122675,51.25936498580057],[6.878535427680096,51.259466649153616],[6.878593778362138,51.25963754793069],[6.878866819561258,51.260366243751974],[6.878937809102508,51.26055221057058],[6.879007573341056,51.26078348201046],[6.879048422700485,51.260989002764795],[6.879067895295215,51.26115447504018],[6.879073608668381,51.26141331951823],[6.879058329524963,51.26162375860847],[6.879023808370946,51.26183182541762],[6.878944100683451,51.26214335199188],[6.878747512825192,51.26293853983063],[6.878628585602404,51.26340125419765],[6.878563952704773,51.26365612536176],[6.878516306851022,51.263822269527246],[6.878451049755111,51.26398795949375],[6.878367608748377,51.26415628758226],[6.878227347965119,51.264409787401306],[6.878107646174294,51.26459971657991],[6.877001015886402,51.26637491339641],[6.876146191747178,51.26774268124943],[6.876004680908382,51.267929514465926],[6.876126018077319,51.26800294452833],[6.87617033621019,51.26801184290847],[6.877160735091748,51.268209501158246],[6.877177278946422,51.26817715513717],[6.87983833840259,51.2687067228222],[6.88183369432553,51.269161048740635],[6.881882792158905,51.26908477388466],[6.882007341728723,51.26889223070514],[6.88214632807071,51.268507309717805],[6.882337321382954,51.268319476030996],[6.882470127602161,51.26833078260944],[6.883991649475929,51.268604767895276],[6.885150732691847,51.26882955535538],[6.885620569596202,51.26882563402422],[6.886020697131024,51.268925539600446],[6.886249892094976,51.268982695641526],[6.886417667317664,51.26900056496474],[6.887062679432737,51.26906887079458],[6.8873978077886,51.26910446433839],[6.887910643301445,51.26914771596939],[6.888528443911119,51.2691998740568],[6.888535214163486,51.269183538274895],[6.889141866469261,51.26936634601314],[6.889496673468387,51.26912277345073],[6.889505994421034,51.26911646629309],[6.889760883484956,51.26894150934473],[6.889624830205624,51.26873818828968],[6.889690260242803,51.26860554630279],[6.889768785130332,51.26822465261568],[6.889753636366414,51.26810472219481],[6.889769788097856,51.268015034417274],[6.889675157897618,51.267874514804404],[6.889907033727934,51.26750704340727],[6.890832122608041,51.26672766846521],[6.891624809184918,51.266247000230436],[6.891718725500235,51.26616829116106],[6.892009448200438,51.26663812759246],[6.892054705425482,51.26671111486772],[6.89292817616964,51.26632564921779],[6.893048438864956,51.26627263995786],[6.894316964937426,51.265758835306315],[6.894371738056893,51.2657366178599],[6.894140726127363,51.265399525287286],[6.894084670478907,51.265318115533084],[6.893921030727683,51.26509717055392],[6.893910499509483,51.26508295131511],[6.893858260886835,51.26501213242117],[6.893854204268869,51.26500679827135],[6.893825053350571,51.264967152319294],[6.894116120635801,51.26489360823633],[6.894400875484611,51.26482642510778],[6.894591947879178,51.26476713385918],[6.894818490536314,51.26473154846538],[6.89519443345244,51.2647298119693],[6.895755979764041,51.26460959612272],[6.89597384104168,51.26452866055179],[6.895982153015493,51.26452557236959],[6.895984129093522,51.26452938512693],[6.896138670502403,51.26481788393729],[6.89620523272858,51.26494238009978],[6.896399144166745,51.26508454417538],[6.896441177306659,51.265115247762],[6.896938570313457,51.26505322949485],[6.897003014121692,51.26504521432308],[6.896929678244851,51.26476761915126],[6.897123972414549,51.26474129753382],[6.897247486301335,51.26473933500518],[6.897527132174146,51.26475569112271],[6.897530535783022,51.26472823246652],[6.897533528147863,51.264700361718745],[6.89773829397418,51.26473668638077],[6.898120849621475,51.2647879404598],[6.898646114538901,51.26485011976689],[6.898775753709982,51.26486472352999],[6.898818545285645,51.26486940398334],[6.898981983242873,51.2648878519883],[6.899179226191485,51.26491000935091],[6.899531356793813,51.26494951582808],[6.899532817430281,51.264955207885166],[6.899534658593153,51.26496198597991],[6.899622090534868,51.26495910350783],[6.899987305847714,51.264947446186575],[6.900511313789226,51.26493351039815],[6.901391757059955,51.2649590154372],[6.901661038080172,51.26496694682377],[6.901664905386024,51.264967016166594],[6.901735339453693,51.26496908846968],[6.901795583514004,51.26496828001169],[6.901841635169868,51.264967486869786],[6.901904899412453,51.264966462702475],[6.903676236123031,51.26493912002798],[6.905689129725354,51.266844076382256],[6.906431315683605,51.26754669909458],[6.906758759811304,51.26747701197325],[6.906912139331684,51.267461543704556],[6.907279817053622,51.267396082134624],[6.907596955898359,51.267363845712474],[6.907674626210492,51.26742445582307],[6.907806311907315,51.267526771588734],[6.907878779925201,51.26766404708334],[6.908038965482499,51.26863495832517],[6.908018351413883,51.268946750122616],[6.908006175067271,51.26912959274441],[6.908015834931417,51.26956077321262],[6.908018139302865,51.26968047133582],[6.907975825858631,51.26992078252067],[6.908045324146405,51.27003830924696],[6.90807644446033,51.27009174660055],[6.908115989578397,51.270158554803864],[6.908155820245146,51.27020014166598],[6.908162795393385,51.270207550979045],[6.908210741270797,51.27024091903105],[6.908227005664892,51.27025213669248],[6.90824826178403,51.27026708588985],[6.908257023311241,51.270273043218154],[6.90826118613851,51.27027608543716],[6.908267860132402,51.270280656446474],[6.908287869877575,51.27029463905473],[6.908354155688701,51.27034088060087],[6.908401767613761,51.270353198095975],[6.90842827513835,51.270385103699546],[6.90857827658135,51.270567337224946],[6.908668779025562,51.27067700996659],[6.908630322056396,51.27086086686826],[6.90852926176616,51.27090789491136],[6.908416287940372,51.271027826117745],[6.908494597167151,51.27108399530095],[6.908818492336387,51.2712066072363],[6.908962878584931,51.27133262121029],[6.909091762288628,51.27136433227297],[6.909427041983872,51.27143520914182],[6.909875654944962,51.27152982816037],[6.909957865300409,51.27154748443245],[6.910040503941898,51.271555705250165],[6.910185226022167,51.27157016085578],[6.910435696421822,51.2715954078612],[6.910667748364934,51.27161897650672],[6.910721690851053,51.27162452612773],[6.91095074697443,51.271647770926855],[6.911102738992354,51.271663164566256],[6.911226754687243,51.271328126502276],[6.911412818244569,51.271113852491965],[6.911701468068458,51.27141632440424],[6.912180211693322,51.27191846728189],[6.912740690266436,51.272505973998214],[6.912742735270701,51.272508303779894],[6.911637255461846,51.273031422584985],[6.911291915156616,51.27318201426764],[6.911298903480843,51.273189153818294],[6.911345831872381,51.273235587733076],[6.911349074468233,51.27323996242065],[6.911378276200143,51.27327893023049],[6.911656606611882,51.273647993687106],[6.911684605084199,51.27368505133616],[6.911700848949327,51.273706250770864],[6.911739791494953,51.273758072945775],[6.911784414923546,51.27381741599995],[6.911810798370475,51.27385215149067],[6.911858676894711,51.27391559961005],[6.912080611212805,51.27421000004366],[6.912225651754024,51.27455914697659],[6.912233398089753,51.274578036336166],[6.912257556963724,51.27477569187476],[6.91225393812714,51.274969344477114],[6.912283148108027,51.27530226042162],[6.912378510255028,51.2754284746512],[6.912391441772458,51.275750443032265],[6.912489970621242,51.27586376319166],[6.912627726448184,51.276022704756386],[6.912780909263198,51.27613551550374],[6.912927467437543,51.2761098000083],[6.912972128660933,51.27610196279505],[6.913429576886679,51.2760217594104],[6.913616671215088,51.27602226193142],[6.913648495261095,51.276022424544564],[6.914059671805614,51.27602354822411],[6.914091072156893,51.27602356826486],[6.914272572930429,51.27602410494485],[6.914314873752208,51.27598290474057],[6.914330177148527,51.275967933705196],[6.914357628727265,51.275941173012555],[6.914383287780475,51.27591599917603],[6.914389131700332,51.27591043749609],[6.914418259694791,51.27588465096667],[6.914432630146094,51.27587128209868],[6.914865379631538,51.27547199810311],[6.91489949127179,51.27544063442522],[6.914977149198545,51.27536903678925],[6.915056157320015,51.275296114150905],[6.915096112448642,51.275259188695806],[6.915111366519206,51.275245295884766],[6.915155360649534,51.27520466514762],[6.915169730671494,51.275191296182804],[6.915271186290416,51.275097593896106],[6.915325486591939,51.27504783854419],[6.915427389677998,51.27495373939304],[6.91547408324826,51.274929479575015],[6.915761851839953,51.27478688866288],[6.915809005368357,51.2747619624016],[6.915872520926158,51.274755673954495],[6.915997820608133,51.2747433359272],[6.916154666119635,51.27472778223776],[6.916184050829749,51.274724798023236],[6.916207811592541,51.2747225230712],[6.916991208168692,51.27436832531864],[6.917153676366596,51.27429499808016],[6.917301662196177,51.27422802302061],[6.917310612284505,51.27401112746988],[6.917314477423913,51.27398273225651],[6.91734832158412,51.27371946923574],[6.917370137480738,51.27343683628954],[6.917346133717938,51.273368419307175],[6.917331637001457,51.273327556294554],[6.917323629679634,51.273304885423684],[6.917301963796195,51.27328939101615],[6.917025996306879,51.27309534921981],[6.916709892985024,51.27297087546389],[6.916743418969822,51.27296189431127],[6.916753861734762,51.27295924728636],[6.916786515948293,51.27295052040462],[6.916824836551771,51.27294014066794],[6.917637283009442,51.272722705270745],[6.918194578051776,51.27283055752383],[6.918823131159773,51.27295114081961],[6.91893953511699,51.272973715598745],[6.91900514864525,51.272987562938084],[6.921897712967984,51.273531481359214],[6.92251530600026,51.27364753325732],[6.923575733961667,51.27352012010062],[6.923602121123435,51.273516811046896],[6.924833377752785,51.273368674734414],[6.924879214424969,51.27336328204906],[6.928415956956185,51.272937598851605],[6.93016577857279,51.27324213632807],[6.930755913870873,51.2743907247696],[6.930827486245107,51.27453053267191],[6.931080418727565,51.27455901641718],[6.931063631933808,51.274578415092826],[6.931047286814328,51.274607129686686],[6.931037049933857,51.27462435084375],[6.930855472323799,51.27494152871955],[6.930787737653162,51.27499388655939],[6.930652267847905,51.27509860211488],[6.930555349597898,51.275293033309595],[6.93053880397327,51.2753261959935],[6.931547887529637,51.275547328912666],[6.933668389589975,51.27592406007094],[6.933981440672232,51.27600297230996],[6.934451019345844,51.27612133911932],[6.934838927514474,51.27568220480158],[6.934851107844381,51.27568876003082],[6.935466246152696,51.27597602290545],[6.935529866561084,51.27600574396085],[6.93582667321097,51.276082476093876],[6.935825194151987,51.276057898195845],[6.9358242302709,51.27604101868766],[6.935805690761463,51.27569656162654],[6.935817665717734,51.275630941591885],[6.935819989245618,51.27561749256419],[6.935822185871398,51.27560687419986],[6.93585070410954,51.275450488379825],[6.935817111033987,51.27535546584852],[6.934962674294858,51.27486041848146],[6.934887175110559,51.27476951265024],[6.934657569464283,51.274307205325655],[6.934942191849802,51.27421415533449],[6.935205258785271,51.27415094199547],[6.935739015043615,51.27406552273],[6.9360793963777,51.274023906084146],[6.936557507837168,51.273951531406134],[6.937031461886344,51.27390471251753],[6.93728152506006,51.27387242723916],[6.937306618435272,51.273782756242014],[6.937300953422115,51.273630758900765],[6.937820652262654,51.27346522158701],[6.938512690577076,51.2732451154027],[6.938527514572416,51.273240655012266],[6.938544947464,51.27323556607256],[6.938579377413767,51.27322551540887],[6.939346511037535,51.27299957730586],[6.939774095464009,51.272873688898024],[6.939792399713951,51.27286834531268],[6.939800743327665,51.27284528937766],[6.939776952807613,51.27283866518185],[6.939781636617532,51.27283011402923],[6.939796154004672,51.27280365937227],[6.939809297594461,51.27277906913115],[6.939827100840166,51.272746466909155],[6.939934022285986,51.2725485620141]]]]}},{"type":"Feature","id":"duesseldorf-stadtteil-075","properties":{"name":"Knittkuhl","stadtteil_code":"075","parent_stadtbezirk":"07","year":2025,"metric_scope":"BV7_EIGHT_POLICE_OFFENSE_CLASSES","metrics":{"all_offenses":{"2022":62,"2023":69,"2024":58,"2025":39,"rate":null},"street_crime":{"2022":13,"2023":18,"2024":7,"2025":9,"rate":null},"street_robbery":{"2022":0,"2023":1,"2024":0,"2025":0,"rate":null},"street_injury":{"2022":0,"2023":0,"2024":0,"2025":0,"rate":null},"vehicle_related_theft":{"2022":7,"2023":8,"2024":6,"2025":5,"rate":null},"bicycle_theft":{"2022":0,"2023":2,"2024":2,"2025":0,"rate":null},"pickpocketing":{"2022":0,"2023":1,"2024":0,"2025":0,"rate":null},"residential_burglary":{"2022":1,"2023":1,"2024":2,"2025":4,"rate":null}}},"geometry":{"type":"MultiPolygon","coordinates":[[[[6.879073608668381,51.26141331951823],[6.879067895295215,51.26115447504018],[6.878903422360646,51.26118697303908],[6.878847431553053,51.26119823418155],[6.877616387000605,51.261448144657926],[6.877076978632829,51.261684960184766],[6.876572109094248,51.26189069814039],[6.876125947703322,51.26207281250148],[6.875585679813216,51.262337260425625],[6.874965345714181,51.26244484547323],[6.873793119863524,51.26196893480931],[6.872891271331439,51.261914907825535],[6.87158834065163,51.26236067451414],[6.870157957756581,51.26284660121301],[6.868635886346402,51.26360334185142],[6.8685165992558,51.263662684308756],[6.86738277451106,51.264225071755945],[6.867357241238075,51.26423782679442],[6.866669269972128,51.26425415609062],[6.866651627944987,51.26425437408277],[6.866616318918967,51.26425534921024],[6.866285676640297,51.26422611793143],[6.865532400085853,51.26414830258144],[6.864852167351289,51.26406264179462],[6.863997210162224,51.26398903183642],[6.863656350197227,51.263939101545056],[6.863322295684387,51.264131847708484],[6.863589834555864,51.26426057200178],[6.863679014513688,51.26430347996694],[6.863764957203092,51.264342011914394],[6.863829461197946,51.26436989992797],[6.863893230919074,51.26439507646923],[6.863988334863738,51.26443080763951],[6.864099698255594,51.26446831941596],[6.864362347392582,51.26455418884375],[6.864620602147133,51.26463282770195],[6.865020336889037,51.2647580251529],[6.865423037938013,51.26488421963935],[6.865806425102992,51.265000347577775],[6.865939841827413,51.26504460014413],[6.866075787005948,51.26508997787517],[6.866407690451161,51.26519423797878],[6.866388278320298,51.265306931580945],[6.865739060596922,51.26818036780302],[6.867378048187968,51.26845104623771],[6.86683486517666,51.26904496554185],[6.866245548183523,51.26969672337155],[6.865814173518039,51.27006766083502],[6.865594910335179,51.2703070243611],[6.865617966794849,51.27096954138011],[6.86540594362402,51.271024761169556],[6.86591852796872,51.27244706737564],[6.866330266112084,51.27228689227513],[6.866483376229177,51.27225933080467],[6.866559745576735,51.27223563135338],[6.866732009047474,51.272249563656224],[6.866854993949912,51.272259494772165],[6.866870586049965,51.272238599446204],[6.867405318408226,51.272608126909674],[6.867544514620888,51.272704554704],[6.868068825635157,51.273067144078844],[6.868353200402084,51.27329814902269],[6.868598209688578,51.273496869405335],[6.868642155757341,51.27353247430218],[6.868766928089856,51.27359680118569],[6.868934563765582,51.27369226125581],[6.869108583741622,51.27379849453086],[6.869269668204873,51.27389612814892],[6.869557990986176,51.27368877255528],[6.869699251032898,51.273545515587045],[6.86984777311862,51.27339402674661],[6.870081157556754,51.27311889374349],[6.870118866665073,51.27280579946519],[6.87027072476115,51.27247050025056],[6.870348670856024,51.272226668000705],[6.870513652152679,51.27196094657673],[6.870610816262577,51.271729335157524],[6.871148877871224,51.271655215380115],[6.87136185115059,51.27155143800169],[6.871487550524682,51.27158637037731],[6.871592671946392,51.27160123277377],[6.871761564576809,51.271697386195996],[6.872000875502459,51.27183340160752],[6.87251458666652,51.27217459868815],[6.872352364204236,51.27281836651688],[6.874643416585553,51.273671426727084],[6.874675667329601,51.27365299133103],[6.87468715252612,51.27364645483998],[6.874761169577436,51.27369231638109],[6.874819726789621,51.27372831915307],[6.874855240108373,51.273797628766346],[6.874855335024256,51.273823531530084],[6.874854798252592,51.27402155681628],[6.874895845671118,51.27413872194372],[6.874959564767792,51.27423997566855],[6.874972863612903,51.27425006493333],[6.875101280301526,51.27434750195767],[6.875353931233469,51.2744745792236],[6.875740664392081,51.274697576260664],[6.875766440744473,51.27455842136046],[6.875848498936281,51.27425287556357],[6.875846451330519,51.27403618703131],[6.875878733833781,51.273793276236205],[6.875894635055964,51.27370965627243],[6.875903749864906,51.27366125725876],[6.875908737036014,51.27363706555164],[6.875913193444759,51.2735964062605],[6.875876472962619,51.27340404513628],[6.875904959272312,51.27282381229574],[6.875843994901349,51.27188891926301],[6.87576470655461,51.271239414380716],[6.874639336483635,51.27088024502792],[6.874621106143167,51.270874517896154],[6.874542439829693,51.27021193783266],[6.874529131920614,51.27000637631106],[6.874533140204489,51.26995680541816],[6.87453871043037,51.2698827108495],[6.874584154494987,51.26983928854946],[6.875203095235277,51.26992256506807],[6.875223926062604,51.269890566956065],[6.874811590881881,51.26982250919257],[6.874751681451882,51.269797273913895],[6.874676157926241,51.26976554958142],[6.874678630082407,51.26975857960794],[6.874689988305831,51.26972681426344],[6.874955606651126,51.26958162745394],[6.875137812438061,51.26945448627047],[6.875272703590103,51.2693367382917],[6.875459957306052,51.26910945657179],[6.875678356357658,51.26873839548834],[6.876091276039133,51.268038197764355],[6.876121054932317,51.26800798070559],[6.876126018077319,51.26800294452833],[6.876004680908382,51.267929514465926],[6.876146191747178,51.26774268124943],[6.877001015886402,51.26637491339641],[6.878107646174294,51.26459971657991],[6.878227347965119,51.264409787401306],[6.878367608748377,51.26415628758226],[6.878451049755111,51.26398795949375],[6.878516306851022,51.263822269527246],[6.878563952704773,51.26365612536176],[6.878628585602404,51.26340125419765],[6.878747512825192,51.26293853983063],[6.878944100683451,51.26214335199188],[6.879023808370946,51.26183182541762],[6.879058329524963,51.26162375860847],[6.879073608668381,51.26141331951823]]]]}}]}
