{"type":"FeatureCollection","meta":{"status":"supplementary_bv_additional_neighbourhood_cases_only","city":"Düsseldorf","source_statistical_year":2025,"parent_stadtbezirk":"09","scope":"BV9_ONLY_STREET_CRIME_AND_RESIDENTIAL_BURGLARY","source_type":"PI Süd Düsseldorf 2025 Sicherheitslagebild 3 July 2026; IGVP/ViVa Eingangsstatistik","police_source":"https://ris-oparl.itk-rheinland.de/Oparl/bodies/0015/downloadfiles/00592935.pdf","source_years":[2021,2022,2023,2024,2025],"police_source_pages":[8,16],"municipal_geometry_source":"https://opendata.duesseldorf.de/sites/default/files/Stadtteile_2025_WGS84_EPSG4326_1.geojson","municipal_geometry_licence":"Datenlizenz Deutschland – Zero – Version 2.0","neighbourhoods":8,"categories":["street_crime","residential_burglary"],"area_km2":36.658,"parent_outline_diff_m2":0.883,"internal_overlap_m2":0.0,"mapped_by_category":{"street_crime":{"2021":1117,"2022":1317,"2023":1345,"2024":1367,"2025":1659},"residential_burglary":{"2021":98,"2022":106,"2023":135,"2024":171,"2025":184}},"offense_rates":null,"all_offenses_parent_count_2025":null,"scope_warning":"BV7 has 8 PKS presentation categories for five Stadtteile; BV9 has ONLY street crime and burglary IGVP/VIVA incoming-case statistics for eight Stadtteile. Do NOT extrapolate BV9 missing six categories or compare absolute cases as per capita safety rates.","police_citywide_category_totals":{}},"features":[{"type":"Feature","id":"duesseldorf-stadtteil-098","properties":{"name":"Hassels","stadtteil_code":"098","parent_stadtbezirk":"09","year":2025,"metric_scope":"BV9_ONLY_STREET_CRIME_AND_RESIDENTIAL_BURGLARY","metrics":{"street_crime":{"2021":179,"2022":173,"2023":224,"2024":194,"2025":269,"rate":null},"residential_burglary":{"2021":25,"2022":29,"2023":30,"2024":35,"2025":44,"rate":null}}},"geometry":{"type":"MultiPolygon","coordinates":[[[[6.905019558070097,51.176547084965094],[6.904935072859435,51.17652655017776],[6.904740794731477,51.176447254252615],[6.904727682874865,51.17644297225269],[6.904661296434887,51.1764208728971],[6.904574232241526,51.17640042654035],[6.904123236274764,51.17664380326182],[6.904047111366307,51.17659036651285],[6.903872785802787,51.17646866259281],[6.903691764235388,51.17634319600317],[6.903608564256706,51.17629435372827],[6.903575539194058,51.17627487533238],[6.903540829233261,51.176254692208616],[6.903437730813354,51.1762187135525],[6.903193590193204,51.17613164105581],[6.903169952438539,51.17612285326509],[6.903054184121903,51.176082330207294],[6.903047462824587,51.17607910692526],[6.90288322326719,51.176000076691594],[6.902802139176731,51.17596138947592],[6.902687853379529,51.17590713256131],[6.902618993369245,51.17588282922811],[6.902474092882633,51.17583166540056],[6.902401440562936,51.17580580998852],[6.902192489874065,51.17571896184764],[6.90198558453369,51.17559653570504],[6.901923831623434,51.175557520160496],[6.90174200446241,51.1754405348964],[6.901677292739021,51.17540052181074],[6.901501710054503,51.17528783019114],[6.901304298611711,51.17516435904906],[6.901173829594629,51.1750979387547],[6.900963094984652,51.174993788804066],[6.900859768259486,51.174944043658584],[6.900709774912216,51.1748728205813],[6.900663144852483,51.174850533963514],[6.900652564142903,51.17484724125782],[6.900442353219503,51.17477884898185],[6.900421179618243,51.174772533115856],[6.900337342994305,51.17474728501411],[6.90019719071702,51.17470510715076],[6.900062528127714,51.174664916334],[6.899930420558407,51.1746251759518],[6.899798313219733,51.174585435422756],[6.899670856170152,51.17454726219371],[6.89949428893279,51.17449417683941],[6.899451102928618,51.17448112498117],[6.899289350147591,51.17443262230121],[6.89924488994254,51.17441927767119],[6.899107233052879,51.174388340244676],[6.898475449830862,51.17424653747769],[6.898340765332494,51.17421632707054],[6.898337365138581,51.174215591449254],[6.898164690491114,51.17418078590203],[6.897905675954524,51.174128644504734],[6.897078031802586,51.17396186373098],[6.896961066455771,51.17393844569164],[6.896817316642776,51.1739094195172],[6.896759054651114,51.17389757944704],[6.896511524198717,51.1738477999271],[6.896217194979632,51.17378894890848],[6.895797399031977,51.173704906135804],[6.895537091147325,51.17365300598552],[6.895517523660605,51.1736491463775],[6.895339727337231,51.173660920852114],[6.895194972599819,51.173653998654984],[6.894700430537552,51.17380697996387],[6.894445757270332,51.173885764814486],[6.894123303811473,51.17398261967474],[6.893967378883541,51.17403242383239],[6.892430957358246,51.17449066440553],[6.892180829518352,51.17456372545421],[6.890594818452525,51.175035617766774],[6.889631703368764,51.175316646583056],[6.887769857539384,51.17586851166609],[6.887517706327849,51.17593855840242],[6.88621204718789,51.176313064318464],[6.886144393961447,51.17623440713576],[6.885999400224462,51.17608244855156],[6.884967713823341,51.17498160204721],[6.884398345404867,51.174424136245655],[6.884046938758776,51.17410291465491],[6.883253420243059,51.17342644960687],[6.88298733998348,51.17321981795197],[6.882836548773787,51.17311051458464],[6.882599881427237,51.17294582977833],[6.88171784590556,51.17235678722534],[6.881615642349092,51.17229247568197],[6.881416977744972,51.172160313970565],[6.880955287137408,51.171858264481195],[6.880824401340392,51.17178304493301],[6.879848720700234,51.172665568619216],[6.879772825421306,51.17272948574047],[6.879713042169609,51.17277899049969],[6.879610175122766,51.17285078247737],[6.878339218766751,51.17374129479636],[6.878308409245148,51.173767311745145],[6.878290687869456,51.17378870963467],[6.878285097950936,51.173807629564244],[6.878286039745515,51.17382450955008],[6.878190853355534,51.17378500961482],[6.878128069335245,51.17375958785727],[6.877920868011576,51.173654515757185],[6.877799433667754,51.1735697513225],[6.87702464647839,51.17316973012204],[6.876493185920304,51.17290133622394],[6.876346532024344,51.17283311008814],[6.875958375225837,51.172631260169766],[6.874642441776122,51.17195994995942],[6.874426214239069,51.171967486639964],[6.873782549822532,51.17164780092031],[6.873813262350324,51.17151197208624],[6.873975864608938,51.17113072375622],[6.874067567210665,51.17087256713385],[6.874069188729628,51.170809326952984],[6.87405905237694,51.17074978521054],[6.874035191953833,51.17067137730132],[6.873981835720112,51.17052511637227],[6.873943603769841,51.170413935450696],[6.873901484564092,51.17033128334591],[6.873854226913069,51.17025771122503],[6.873785926639876,51.1701844309962],[6.873702456969312,51.170114382386],[6.873531078801394,51.17001481017068],[6.873388217938293,51.16995771125696],[6.872579438913672,51.17067120848338],[6.872548951627947,51.17069952315268],[6.872526922736872,51.170730554862786],[6.872491171687303,51.17076133691665],[6.872419351660013,51.17081115861559],[6.871236673523041,51.17034243023399],[6.871105480778812,51.17046064553047],[6.870050906737633,51.17147776982111],[6.868513886096046,51.173015722792776],[6.867719810189418,51.173826315512855],[6.866774113674541,51.17480600409596],[6.86552989629235,51.176151760750685],[6.865119089121918,51.17660778990103],[6.864394847352033,51.177418555990336],[6.863908252693175,51.17794429098796],[6.86356765372974,51.17832942385286],[6.86306005037339,51.17889133038137],[6.862684854945567,51.17930024603574],[6.862120601820295,51.17990778975784],[6.862109929957734,51.17998071229164],[6.861927907815877,51.180175827464396],[6.861894915153233,51.1801652414223],[6.861199049463444,51.180898397741004],[6.860651827765382,51.181498826273284],[6.859241139682809,51.18301994872234],[6.85798581353278,51.184373382212016],[6.85745422827389,51.1848847763656],[6.856411546315664,51.18578908320787],[6.85579914916195,51.186311130030276],[6.855415987910448,51.18662072268795],[6.855200849082607,51.18679741302453],[6.854773158753766,51.18713195351568],[6.854340671516389,51.187458714967605],[6.853292236459631,51.188207075469165],[6.852575346767027,51.18868496286543],[6.8520912773326,51.18899390606459],[6.85173824662448,51.1892085286112],[6.85117535223398,51.18955959394415],[6.850671228700701,51.18984698305187],[6.850403380267079,51.190002325597156],[6.850423908997452,51.190004051941784],[6.850150685059949,51.1901641516383],[6.850603515577458,51.190194868593714],[6.850892917482483,51.19021300268132],[6.85127805366512,51.19023141100353],[6.852076493630056,51.190262670495706],[6.852623915165323,51.19028135662846],[6.853177600004577,51.19029462412693],[6.853677413829434,51.19030298819361],[6.854076987637629,51.19030640815998],[6.854433270838515,51.190308223173375],[6.854899147651194,51.19030773032598],[6.855314534772443,51.19030347680095],[6.855744620274187,51.19029706302176],[6.856334275107043,51.190284668889205],[6.856691898084936,51.19027611402364],[6.857144982604333,51.19026445063248],[6.857514244443481,51.19025489237008],[6.858651854775557,51.19022190014236],[6.859598963806017,51.19019525857669],[6.860489313734719,51.190170404007915],[6.862659452837448,51.190111064132736],[6.863213181292583,51.19009555051329],[6.86417268337662,51.19007004266259],[6.86480846095308,51.190053591578206],[6.865378098436791,51.19003754873391],[6.865902143966991,51.19002323436336],[6.866674278837523,51.19000130189977],[6.867323378676458,51.18998454053858],[6.867589448433288,51.18997806014092],[6.868112261915977,51.18996249927882],[6.868659577506969,51.18994630337271],[6.869330051234799,51.18993153921846],[6.870095151885273,51.18991309840977],[6.870280402418863,51.189908782428574],[6.870626320266729,51.18990253497317],[6.870891363550307,51.189899670757434],[6.8717179092423,51.18988948774628],[6.872400692655242,51.18988707125993],[6.873372300926498,51.18988747464181],[6.874080196635587,51.189889821857925],[6.87462699624935,51.1898940938945],[6.87514480532905,51.18990323279288],[6.875657590739743,51.18990958008977],[6.876579893412194,51.189927138214884],[6.876983454336257,51.189937162513644],[6.877517442630221,51.18994928264049],[6.878089432348268,51.18996600196731],[6.878534066309051,51.18997919433173],[6.879567026384994,51.19001802713613],[6.879954249991853,51.18983213585991],[6.879928603071277,51.1898296474166],[6.879988742851924,51.18980092403259],[6.880129294207173,51.18973210806166],[6.881126273761025,51.189254271660026],[6.881505253585518,51.189069979689705],[6.881839595896349,51.1889040342904],[6.88242892766607,51.18860780220637],[6.882716317859009,51.18846380278723],[6.883315551663827,51.18815735802951],[6.883494495315654,51.188065624897945],[6.88371439561317,51.18795142932852],[6.883926431187156,51.187840193817564],[6.884168830824851,51.187712779302075],[6.885014495540784,51.187265358666174],[6.885183448763621,51.18717600546672],[6.885373180096853,51.18707353743501],[6.885872950923985,51.186800760739615],[6.886053491964799,51.186702037668205],[6.886513867987805,51.18645498714073],[6.886862831520235,51.186268921445865],[6.888152707680442,51.18556023771753],[6.888264837968989,51.18551153899227],[6.888382655381261,51.18546051459385],[6.888378973459541,51.185456535935224],[6.889272636468489,51.18498094738936],[6.890220517367308,51.18448339671527],[6.891093467216901,51.184009309393744],[6.892546052193599,51.183231743424486],[6.895719154800314,51.1815305579998],[6.897218803620095,51.18072464249423],[6.897961702940027,51.18032249746056],[6.898423171355391,51.18007690416056],[6.898480161495227,51.18006969920454],[6.898572262979103,51.17998892865982],[6.898715257132189,51.17991231014248],[6.898722370795479,51.1799163501362],[6.899049557624034,51.17974442671141],[6.899349537015764,51.17958550394488],[6.899683973815524,51.1794050752198],[6.900523075095462,51.17895364858696],[6.901211920380506,51.17858734116592],[6.902895800177086,51.177680649904104],[6.904333285368875,51.176914809684156],[6.905019558070097,51.176547084965094]]]]}},{"type":"Feature","id":"duesseldorf-stadtteil-091","properties":{"name":"Wersten","stadtteil_code":"091","parent_stadtbezirk":"09","year":2025,"metric_scope":"BV9_ONLY_STREET_CRIME_AND_RESIDENTIAL_BURGLARY","metrics":{"street_crime":{"2021":351,"2022":364,"2023":350,"2024":344,"2025":409,"rate":null},"residential_burglary":{"2021":25,"2022":28,"2023":25,"2024":41,"2025":59,"rate":null}}},"geometry":{"type":"MultiPolygon","coordinates":[[[[6.844215396737033,51.18866161561177],[6.844214270889934,51.18853856283713],[6.844208476673437,51.18841434478007],[6.844183697966309,51.18831972536246],[6.844145936989664,51.18822729489292],[6.84407404278824,51.188093494325656],[6.844005429053393,51.18800899397899],[6.843923523857729,51.18792411365201],[6.843783489084418,51.18779688107332],[6.843677443023361,51.18771411865302],[6.843593584993897,51.18764350185594],[6.843521412005714,51.18758928888506],[6.843406832672981,51.18751459798313],[6.843318837823711,51.18744984045607],[6.843246362374953,51.187392923660624],[6.843160202459901,51.187316463237366],[6.843056465194368,51.18721188843208],[6.842861205248729,51.187007820355674],[6.842397128765343,51.18650173518534],[6.842125368767522,51.186207622783904],[6.841704850013715,51.18575279234495],[6.841081979662229,51.185089980894695],[6.839891795568728,51.18380759853045],[6.838949222609993,51.18279459526442],[6.838889021829272,51.18274167977089],[6.838830650486423,51.182695543240406],[6.838783784591736,51.18266958505925],[6.838730270478734,51.18263891726768],[6.83866769873171,51.182609161285185],[6.838584425550962,51.1825814509352],[6.837751440046992,51.182374084693755],[6.837668855236451,51.18235920227071],[6.837600102875988,51.18235145565033],[6.837521725143545,51.18234757811975],[6.837443498712197,51.18234963910095],[6.837349919539308,51.182358700924055],[6.837277621981524,51.18237166373729],[6.837198133610118,51.18239150851758],[6.837147237517071,51.182405811370565],[6.836097359330897,51.18286988515686],[6.835586043892554,51.18309043406281],[6.835418322984391,51.18225389405315],[6.835395714240941,51.18208592502864],[6.835344900907495,51.18187858163298],[6.835009309633182,51.18012671349448],[6.834988964040434,51.18010286356215],[6.834959043246478,51.18009097770654],[6.834918450055927,51.18008698849099],[6.834877194262525,51.180087978437385],[6.834836379993862,51.18008870673604],[6.834792336727003,51.18008505831215],[6.83394169540242,51.17996259680675],[6.833056678052232,51.17984097605054],[6.831798401174547,51.17966035583561],[6.831424770834155,51.17960917946579],[6.829444660472156,51.17932449064967],[6.828346973639558,51.17917082654195],[6.828113534683975,51.179141803895455],[6.828026663780102,51.17912696989614],[6.827950914180625,51.179103843439535],[6.827893745957575,51.17907809417568],[6.827808294754298,51.17903306787826],[6.827705413786036,51.17897530657871],[6.826149413056852,51.178016363878946],[6.825583887042461,51.178321795315014],[6.825458616951734,51.17839325853552],[6.825341854182668,51.17846636377008],[6.824418125254698,51.179076756457135],[6.824248935802221,51.17918746784545],[6.824208994403465,51.1792243629675],[6.824059186141008,51.17933368092653],[6.824015397214588,51.17937023458524],[6.823984356894152,51.17940041514559],[6.823939707266784,51.17944612623988],[6.823850860707267,51.17941857138398],[6.82382846003773,51.17941113952531],[6.823694913939025,51.1793665642477],[6.823628986053659,51.17934456208801],[6.823599824930485,51.17933484590413],[6.823445575212289,51.179283274726394],[6.823408386065152,51.17927084589808],[6.823131488671667,51.1791802975583],[6.822666971035805,51.179026762738395],[6.822202726571311,51.17887660373928],[6.822185812896848,51.17887116240226],[6.821879111902857,51.178766430706936],[6.821826283938359,51.17874885353754],[6.821673702872232,51.178698390304405],[6.821657640723607,51.178693099655725],[6.821507172630226,51.17864335008231],[6.821485195243318,51.17863606055806],[6.821379956124163,51.178601183407785],[6.821285273772488,51.17857001034927],[6.821278513476321,51.178567725934016],[6.821258603941605,51.17858030580499],[6.821134794188131,51.17865705290634],[6.82109411720155,51.17868219661177],[6.821024679655971,51.17872555609671],[6.820994673596954,51.17875197783018],[6.820942263772704,51.17879835262757],[6.820883576204481,51.178850411301916],[6.820624587729809,51.17897185533357],[6.820485870347956,51.17903699198388],[6.820004753372483,51.179262757515566],[6.819852420920586,51.179334384826355],[6.819597380438046,51.179490300776656],[6.819491449723836,51.17954282695082],[6.819441152755247,51.17959895358252],[6.819356453706956,51.17969275149258],[6.819355090711313,51.17969434492708],[6.819363163650606,51.179741577022476],[6.819371230243097,51.17978894390273],[6.819352257500272,51.17979074858712],[6.819181464577895,51.179807799320706],[6.81903955321178,51.17982228564319],[6.818829744400174,51.17965648756523],[6.818719825672882,51.17957524860529],[6.818639615898872,51.179519386079534],[6.818561979610672,51.17946357150225],[6.818488968212091,51.17941890529126],[6.818407808212669,51.17937408702068],[6.81829842891773,51.17931781499413],[6.818166259551687,51.17925329322199],[6.8180456153942,51.17919923905859],[6.817921200733854,51.179143225754345],[6.817853233478179,51.1791190237947],[6.817642746173669,51.17904953247958],[6.817569549902877,51.17902698652531],[6.817490238900286,51.17899758119378],[6.817327922867843,51.178935193909936],[6.817312933527411,51.178943548012946],[6.817288661714754,51.178948491157705],[6.817261990800044,51.178958785687854],[6.81719883511227,51.178923611002915],[6.817179828593715,51.178917050639704],[6.817128133896611,51.17889369160715],[6.817084324598018,51.17886697223409],[6.817027649075765,51.17884001267109],[6.816973623296652,51.17881148369314],[6.81692759336442,51.17878634165726],[6.816874034798657,51.17875701192858],[6.816818888183216,51.178724954442785],[6.816762204484768,51.17868909091497],[6.816705559090444,51.17865241864849],[6.816651109110254,51.178614708108675],[6.816583631675633,51.17857108833105],[6.816523733941144,51.17853057793064],[6.816466558137377,51.17849605410969],[6.816395970652142,51.17845466952272],[6.816289672507914,51.17838779567352],[6.816243482067116,51.178356984384806],[6.81618685023304,51.17832004230442],[6.816109751747995,51.178271116216614],[6.816063049848854,51.17824204905864],[6.816053215693494,51.178232152294136],[6.815900460960109,51.17814012770523],[6.815885845586801,51.17813149067124],[6.815731230043411,51.178015283233954],[6.815579714199619,51.17793339917605],[6.815501831264925,51.17789201266323],[6.815205964976635,51.177731075693636],[6.815059053776683,51.17765170524993],[6.815038952717712,51.17764107695224],[6.814905043635493,51.17756815484197],[6.814744349621163,51.17750795267772],[6.814564824345541,51.177446588940924],[6.814173534155696,51.17732487687337],[6.813984081209437,51.17725563712099],[6.813875271934694,51.177214750618816],[6.813855050171764,51.17720668303974],[6.813839021351879,51.177200717407366],[6.813819847073297,51.17717958368337],[6.813709904971318,51.17706285960565],[6.8136093569485,51.17692904329927],[6.813568295664591,51.17685340367381],[6.813554598652217,51.176743740151394],[6.813512456118167,51.17655489553076],[6.813415794917674,51.176420612092926],[6.813406921472012,51.176408574590596],[6.813402338045754,51.17640565589642],[6.81321055203051,51.176286051894024],[6.813032996342699,51.17621042271612],[6.812840125264636,51.17614098222767],[6.81259392674314,51.17604653093937],[6.81220562890193,51.17587104126433],[6.812175773036378,51.175848897992346],[6.812159219075743,51.1758359072703],[6.812105004633138,51.175784303803965],[6.812086466040058,51.17576790332951],[6.811956664341634,51.17565377385431],[6.811814508602461,51.175528620706515],[6.811764510270833,51.17550583060717],[6.811753027246127,51.17550359216395],[6.81169459487178,51.17549575350517],[6.811685153936805,51.175495711739735],[6.811006100250953,51.175568666800345],[6.810897238135469,51.175510913429],[6.810504943017299,51.17532036879534],[6.810161056624445,51.17557564420955],[6.809454136155183,51.17610957655373],[6.808593237634639,51.176794545292225],[6.808109754323476,51.177205171815146],[6.807560591705143,51.17768808794452],[6.807013094845125,51.17818088079731],[6.806612437082184,51.17853706906098],[6.806169071573956,51.178915658352345],[6.805703205114559,51.179297870919555],[6.805402483270999,51.179537888846035],[6.805090095253082,51.17977944080647],[6.804949874591029,51.179884732481376],[6.804449991205967,51.18025969130258],[6.803948122579143,51.18061302602443],[6.803990690341502,51.18063864780449],[6.804177579318973,51.18075277877103],[6.80419259013065,51.18076209922218],[6.804244695925752,51.18079478012564],[6.804274928692414,51.18081801172399],[6.8043109417496,51.180846073498316],[6.804369730016258,51.18090073433196],[6.804413962013807,51.18094554363096],[6.80443034900164,51.18096203982342],[6.804456439810031,51.18100016800293],[6.804480917579036,51.18103610742171],[6.804496023519322,51.18107956044237],[6.804497661118821,51.181117364430236],[6.804488691398796,51.18116157959424],[6.804478095480975,51.181212914162344],[6.8044641187728,51.18129022181442],[6.804451486926659,51.18134826337852],[6.804431793256813,51.1814374701887],[6.804416600460005,51.181504232456206],[6.804388822551899,51.18156482264419],[6.804375102721242,51.18160962313762],[6.804367983504236,51.18163296284636],[6.804361888633448,51.18165281427145],[6.804331485916506,51.18171443440022],[6.804323509176133,51.18172871940893],[6.804297773639738,51.181773429198145],[6.804277549686375,51.18181959150998],[6.804273362540009,51.18183543161626],[6.804262369664666,51.18187704559014],[6.804247618503937,51.181934507720335],[6.804221868952913,51.18200660282875],[6.804212072999659,51.18205012793301],[6.804197634956422,51.18211906281173],[6.804186013739876,51.182182924210004],[6.804185610119216,51.18219141561031],[6.804190089634156,51.18223264556935],[6.804184155112384,51.182240088788134],[6.804184628518147,51.18224819194251],[6.804179141425496,51.1822733160418],[6.804169832628987,51.182297558955895],[6.804160728839324,51.182317488776995],[6.804150997525815,51.18234158885168],[6.804144127585127,51.1823687105502],[6.804132546442371,51.18238657028601],[6.804131157217181,51.1823887026715],[6.804124863521195,51.18241273238716],[6.804122193627824,51.18242374441743],[6.804114548775931,51.18245813640242],[6.804110783647455,51.18248315792704],[6.804100104760137,51.18250912886657],[6.804089464302617,51.18253429110021],[6.804082709987454,51.18254994809013],[6.804067658707782,51.18257759068251],[6.804046730480783,51.18261146342615],[6.804043926379486,51.18261626733108],[6.804031340329491,51.182628172392654],[6.804018920482349,51.182645611655055],[6.804008574301295,51.1826736124],[6.804001946550495,51.182722728057875],[6.804001344644306,51.18272635917465],[6.804003027473693,51.18274514248891],[6.80400887124265,51.18276670202508],[6.804030129723444,51.18279812922794],[6.804034117670435,51.182804544619835],[6.804037234986095,51.18281121347204],[6.804039910579167,51.18281814383851],[6.804041728354839,51.182825058097166],[6.804043117221926,51.18283196430194],[6.80404407077294,51.18283899723694],[6.804044793663602,51.182850882399634],[6.804044652328476,51.1828628862387],[6.804043217857282,51.18287500070025],[6.804040925566019,51.182887099053985],[6.804032038308879,51.18292956196767],[6.804014935367435,51.183027451226835],[6.804007750501617,51.183079254509664],[6.804001462272271,51.183121226606666],[6.804000802692954,51.18312607077997],[6.803995334216671,51.1831598291006],[6.803994308635584,51.183190433143466],[6.803995728767121,51.18321474260434],[6.804008997504752,51.1832607243573],[6.804026677143343,51.18330422575088],[6.804046405651885,51.18334075058476],[6.804053504590636,51.183353969611915],[6.804060654791787,51.18336611036592],[6.804079756184942,51.18339776685937],[6.804094735044593,51.183425838426054],[6.804106129197273,51.18344804179153],[6.804129218307053,51.18349515225485],[6.804153901032493,51.183553894413926],[6.804176964258319,51.18361058259268],[6.804210587849171,51.183734111819454],[6.804219446370177,51.18377353532546],[6.804225430269672,51.1838192453635],[6.804229020406929,51.18385209453877],[6.80422547875333,51.18389047579301],[6.804225893471584,51.18392690776536],[6.804225746111539,51.183930007799546],[6.804225956153496,51.18396171427504],[6.804226966372253,51.18399464991388],[6.804231766743932,51.18402010206985],[6.804232501120871,51.18406787201187],[6.804235086420857,51.18409476652597],[6.804243638177943,51.18412258249049],[6.80426890472719,51.18416002068547],[6.804303652112265,51.18420573114184],[6.804337657040981,51.184248999368755],[6.80436120131297,51.184295578704564],[6.804389214247784,51.18433846460882],[6.804405595043565,51.184382211356905],[6.804424901770409,51.18441859329309],[6.804434842663222,51.18445331544405],[6.804446325680443,51.18450978614997],[6.804450593870108,51.18456450255198],[6.804453223854894,51.18459949215957],[6.80445793440831,51.184635869870704],[6.80445791518898,51.184636274223],[6.804463080910739,51.184654043675586],[6.804484865253635,51.1846924956789],[6.804489986446746,51.18470217003184],[6.804494243382136,51.18471196306384],[6.804497629652991,51.18472200955907],[6.804500145258788,51.18473230951761],[6.804501809417949,51.18474245858718],[6.804502602910929,51.18475286112014],[6.804502109622626,51.1847632394959],[6.804505097218288,51.184826835540555],[6.804501855001727,51.18491311346821],[6.804503134485259,51.18494038817027],[6.804506142498932,51.184967425513655],[6.80451215942739,51.18499438443956],[6.804518304489449,51.185018647683194],[6.804526626238256,51.18504227726774],[6.804536676527897,51.18506566949274],[6.804549306815021,51.18508897524644],[6.804578453142183,51.185144158669814],[6.804582044458606,51.18514989207136],[6.804611664635548,51.18520414005033],[6.804641387377143,51.18525623147657],[6.804666411146939,51.18530782997297],[6.804686525062771,51.185345306244336],[6.804694321666131,51.185379988113944],[6.804701970681819,51.185426808604035],[6.804708589146128,51.18546821357418],[6.804710720480694,51.18548660057418],[6.804713517508086,51.18550904720061],[6.804721365402684,51.18554265079528],[6.804737055588693,51.18558287700753],[6.804755095462879,51.1856188303843],[6.804779908652823,51.18565679955978],[6.804790458841009,51.18566967860368],[6.804795733937305,51.18567611812531],[6.804814798552985,51.18569954462289],[6.804840143259298,51.185735365291876],[6.804856909271264,51.18577102493173],[6.804862395303414,51.18579109374793],[6.804865736654989,51.18581112230798],[6.804866894890042,51.18583191931666],[6.804867054329382,51.185855665473305],[6.80486547880126,51.18587978377743],[6.804865484506212,51.18590676475245],[6.804868031811916,51.185934467955036],[6.804876277024698,51.18595971492471],[6.804887089472422,51.18598514498468],[6.804899643309072,51.1860100681116],[6.804919034339071,51.186044697776374],[6.804933182263717,51.18607221400199],[6.804946766752582,51.18610255264135],[6.804960011993278,51.18613099625081],[6.804962707118333,51.18613752224418],[6.804964973304019,51.18614404018664],[6.804966797739544,51.18615081964643],[6.804968193235291,51.18615759105533],[6.804968724445425,51.186164481146655],[6.804968397774917,51.186171355136274],[6.804968365533304,51.18618106764303],[6.804967033659215,51.186191025565435],[6.804965285654496,51.18620070586875],[6.804962250826723,51.18621036201937],[6.804958358115956,51.18622000206812],[6.804953620332333,51.18622935644667],[6.804949766050248,51.186238187790416],[6.8049418783511,51.18625058584636],[6.804938158578569,51.18625658672341],[6.804929284881585,51.18627166435855],[6.804920257672553,51.18628093822544],[6.804919245832977,51.18629319552777],[6.804926415462702,51.18632300905096],[6.804948558760517,51.18639006740572],[6.80496134907909,51.18643711927185],[6.804973172860475,51.186477407778796],[6.804981347974521,51.186495098780114],[6.804992307918917,51.18651742879603],[6.805002474038828,51.186538394868414],[6.805010091915557,51.18656781208489],[6.805049673643402,51.18669253204868],[6.805064352861542,51.186735976935154],[6.805073046671088,51.1867517890034],[6.805088417678976,51.186780677203515],[6.805128602418333,51.1868656116785],[6.805159651665849,51.18693499559686],[6.805180771325149,51.1869965036096],[6.805198907962464,51.18703947374459],[6.805232121046834,51.18712657071363],[6.805235501235033,51.187136751971856],[6.805244034387941,51.187192087972505],[6.805242523036955,51.1872148584373],[6.805241191017169,51.187233854946896],[6.805239877367417,51.18729764003047],[6.805243473647308,51.18739362448045],[6.80524408159595,51.18740793574567],[6.805243979119401,51.18741009229137],[6.805245880497624,51.18741525433727],[6.805259491014114,51.18745409238977],[6.805280502791112,51.18748173737351],[6.805293441503045,51.18749857341327],[6.805315144550937,51.18753877746261],[6.805328927929682,51.187583014921515],[6.805331520254542,51.187618813207365],[6.805347979419755,51.18768805817114],[6.805350469738798,51.18769889724722],[6.805352531104133,51.18770972827363],[6.805353734560607,51.18772054320078],[6.805354509062566,51.187731350078316],[6.805354848205168,51.18774228369034],[6.805354329437495,51.18775320120311],[6.805353388118792,51.18776397588215],[6.80535201143956,51.18777487729564],[6.805348694476972,51.187808541123886],[6.805346946329502,51.18782726001535],[6.805344538810567,51.18784178450016],[6.805342982797697,51.1878564598683],[6.805342713652532,51.18787115938536],[6.805342879868036,51.18788573216796],[6.805344326548549,51.18790046388362],[6.805346643952456,51.187914942130334],[6.805350248228141,51.18792944452594],[6.805354716824436,51.187943828236584],[6.805357475999631,51.187958044964475],[6.805361105899908,51.18797200822332],[6.805365593717047,51.187985987581214],[6.805370516898719,51.187999840204434],[6.805376297998539,51.18801370892655],[6.805382091910702,51.188027308080194],[6.805389172699766,51.188040931382105],[6.805396259897385,51.188054419899515],[6.805403686394609,51.18806980344344],[6.805411541854939,51.18808519503637],[6.805419832683191,51.18810045989409],[6.805428987838373,51.1881156060659],[6.80543856555373,51.188130895070486],[6.805449001193057,51.18814620017294],[6.805459885011126,51.18816110897145],[6.805471197795267,51.18817602581823],[6.805481415710029,51.18819591357762],[6.805490333946238,51.18821604675693],[6.805497952502428,51.18823642535639],[6.80550513570094,51.188256930690386],[6.805505666883223,51.18827285936271],[6.805505340145316,51.18828877193676],[6.805503720121682,51.188304795147516],[6.805500819619555,51.18832065942669],[6.805498252136495,51.18832951493212],[6.805495684652347,51.18833837043748],[6.805493533319381,51.18834750356012],[6.805491823754912,51.188356375163664],[6.805490479107821,51.18836660265742],[6.805489563421045,51.1883768382003],[6.805489070290627,51.18838721657645],[6.805489441486663,51.18839747626686],[6.805490305560542,51.1884154347496],[6.805492033962291,51.188433274546554],[6.805495055654627,51.188451003706874],[6.805499364234636,51.18846875701457],[6.805504108184079,51.188486383587126],[6.805510574389971,51.188503907571885],[6.805517482371442,51.18852117003718],[6.805526112612233,51.188538329914245],[6.805543411771493,51.18855376379364],[6.805562349944036,51.188570847275635],[6.805569181217003,51.18858068856318],[6.805588400971439,51.18860991870874],[6.805607351571565,51.18866288695227],[6.805612018732004,51.18868213092997],[6.805609131047336,51.188697725642825],[6.805597478252317,51.18872610670255],[6.805593226817349,51.188743294677614],[6.805589481192673,51.18875887329201],[6.805602426338718,51.18881172885159],[6.805614802076978,51.188831387275584],[6.805617209364065,51.18883493995499],[6.805645891911169,51.18888188519556],[6.805665310259718,51.18891597560577],[6.805679184185194,51.18894024887742],[6.805690797842034,51.18898498518676],[6.805692270001109,51.18902629351241],[6.805689049043331,51.18907601275142],[6.805689183158157,51.18910933662008],[6.805689400706456,51.18912283112784],[6.805692902437059,51.189166605809184],[6.805708671276431,51.18922329165103],[6.805735036313602,51.189282874382926],[6.805738147881048,51.18928967797531],[6.805754089794839,51.189333686056706],[6.805763994133818,51.18937825538063],[6.805766663777117,51.18940339765918],[6.80576699669204,51.18940542746907],[6.805771875074559,51.189447339314604],[6.805789398404769,51.18950324863382],[6.805795724042806,51.18951469926998],[6.805806813127606,51.189534333530176],[6.805818600144789,51.18954831490492],[6.805834017390035,51.189567220939004],[6.80586775232992,51.18959820729931],[6.805894085974844,51.18962230958372],[6.805942105123235,51.189659904402426],[6.805982223615332,51.18968305113521],[6.806042305410509,51.18971075438752],[6.805856162293525,51.18979697362029],[6.805863453861913,51.18994172776443],[6.805863233978321,51.19025362223549],[6.80587093631833,51.190263210034416],[6.805881097269419,51.19027527223438],[6.805889267016862,51.19028405937552],[6.805895983338485,51.190296326758975],[6.805903973793802,51.19030888785389],[6.805922944765399,51.190334335945096],[6.805932010858847,51.19035136905692],[6.805941012924484,51.19036975000907],[6.805945200217117,51.1903810256146],[6.80594938751166,51.19039230121998],[6.805956411132554,51.19041617612823],[6.805962218256629,51.190438544267906],[6.80596716742502,51.19046089631196],[6.805973723619221,51.19049461045848],[6.80597832701732,51.19052424084341],[6.805984044431771,51.19056657312397],[6.805989672250698,51.1906017537992],[6.805995575379579,51.19064017734004],[6.805999576971435,51.190664400264666],[6.806003681020183,51.190686466643555],[6.806004929508697,51.190696338072975],[6.806004218779981,51.190702260525775],[6.806002041809533,51.190711932790606],[6.806000396274363,51.190719456557396],[6.805996772269459,51.190732474281816],[6.806001055574881,51.19075980528797],[6.805624830561705,51.19077999748912],[6.805648692861868,51.19083804931672],[6.805666863357303,51.19088034545615],[6.805683170750813,51.190916670850264],[6.805710484284301,51.19097438270358],[6.80573729232961,51.191006588167866],[6.805765476938081,51.191045969375814],[6.805803406601741,51.191088096586775],[6.805854916547574,51.19114261994252],[6.805933683346264,51.191192798068585],[6.806015203497457,51.19124828905574],[6.806110630849339,51.19126410921927],[6.806240716672982,51.191282468075286],[6.806350121550686,51.191311366124374],[6.806805311944298,51.19143673008196],[6.807018654311476,51.19143789763627],[6.807299073983833,51.19149131619575],[6.80770209676088,51.19156699815111],[6.807938645391017,51.19161298249136],[6.808042936947523,51.191659185740704],[6.808062128942567,51.191725243763635],[6.808051092413525,51.19177684011628],[6.808081404731825,51.19244990543395],[6.808219574422234,51.19275036321785],[6.808407916797993,51.19311557064836],[6.808382228621022,51.19327683933093],[6.807570504412642,51.19357001655507],[6.80700707105905,51.19379755900108],[6.8065194585016,51.19396554410863],[6.806160700670314,51.194087513710876],[6.805976352193172,51.194144627560924],[6.805697433822604,51.1942309948218],[6.805203601235768,51.19438509756735],[6.804909068513603,51.19448371603187],[6.804614425609156,51.19458462506374],[6.804393900360646,51.19466196750886],[6.804174117049129,51.19474175174673],[6.803955946504389,51.194823724324515],[6.803493931776347,51.19499474074465],[6.803301123674713,51.19505803203412],[6.802987796117368,51.19514536545484],[6.802813134671384,51.19519726016129],[6.802485729354726,51.19530065118541],[6.802174939917309,51.19539774323657],[6.801814367558733,51.195512245792266],[6.801568168700767,51.19558748157273],[6.801354448739938,51.19564794832406],[6.800971795124972,51.19574813806741],[6.80086506552555,51.195780127157036],[6.800575449094604,51.195901356246765],[6.800398538361907,51.195973305807264],[6.7999446391393,51.1960906341697],[6.799702669365035,51.19614908257722],[6.799302771147201,51.196241522747286],[6.798998670695686,51.196315124043146],[6.798806495135016,51.1963558908772],[6.798588159526802,51.19640493378536],[6.798352552848873,51.19645594454669],[6.798173983135913,51.19649952964783],[6.798020483515666,51.19653967425436],[6.797894686149777,51.19657521388494],[6.797761357131652,51.19661560302345],[6.79760401945634,51.19666417378817],[6.797482299626078,51.19670424160205],[6.797384927117055,51.196738022600556],[6.797275738992659,51.196776437544386],[6.797110015247346,51.19683874485135],[6.797228050250645,51.19707394763504],[6.797369982201158,51.19742035672209],[6.797431503574747,51.19754400837243],[6.797512830320802,51.1976755875861],[6.797589509225347,51.19776957583583],[6.797787673672776,51.19796352220301],[6.797975311351267,51.19812610715071],[6.7980348638543,51.19817404011327],[6.798084575671425,51.198212209580866],[6.798134832325093,51.198247961007525],[6.798179480872506,51.198275242774805],[6.798218489140499,51.1982947288049],[6.798257145522362,51.19831258934686],[6.798294726889556,51.1983259777999],[6.798339505742363,51.19834152529044],[6.798393217583055,51.198358859765946],[6.798440167469426,51.19837390846729],[6.798485785241875,51.198389876404875],[6.798523244628616,51.198405825667486],[6.798569302825992,51.19843057063578],[6.798623543674513,51.198463833657996],[6.798671080415236,51.198493597869636],[6.798763199794124,51.19848899113708],[6.798838116992763,51.19849390859851],[6.798928658570171,51.198504381312674],[6.79907279185838,51.19852571045383],[6.799274558416108,51.19855419455127],[6.799466789680857,51.19858452246087],[6.799635321769938,51.19860752408922],[6.799888431745595,51.19865801808562],[6.800572577464716,51.19881024141915],[6.800888395071665,51.19886960196662],[6.801650974342259,51.199034220872335],[6.801774629481019,51.19907081063868],[6.801970935313228,51.19912387487663],[6.802145775754564,51.19917680522677],[6.802323557492473,51.19921306246744],[6.803188116526805,51.19939172877452],[6.803899078343293,51.19954942759622],[6.804040962576052,51.199582040284795],[6.804149597910742,51.19960944184428],[6.804239464363812,51.19961612043112],[6.804323420509709,51.199611625861934],[6.804419339584744,51.199599396459405],[6.804526779647808,51.19957969370691],[6.804696806074004,51.19954430257993],[6.805078497411938,51.19944678056528],[6.805662648332301,51.199291000023976],[6.805892491977012,51.1992439135171],[6.806077558954704,51.199208262928565],[6.806211490483044,51.19917327178061],[6.806313235698688,51.1991739659956],[6.80646605205444,51.19915727099329],[6.806579253788859,51.19914280077591],[6.806886736552828,51.1990885344431],[6.807175839436495,51.1990324387698],[6.807477698619425,51.19899708692595],[6.807764924779217,51.19897144293229],[6.808126441343649,51.198927764301175],[6.808978362977487,51.1988391758263],[6.809127834436692,51.19882052604083],[6.809259009743946,51.198798295672745],[6.809381680498767,51.19877428702417],[6.809491549719533,51.19874855454952],[6.809577621767874,51.19871751976053],[6.809684184907463,51.19867094997528],[6.809846913331997,51.198590086989284],[6.810236260617895,51.19836696108743],[6.810354039339911,51.19829213593826],[6.810475142237193,51.198228704836524],[6.810589470245047,51.19817229670122],[6.810681268252474,51.19810197633095],[6.810722165519369,51.19806361970428],[6.810727047905003,51.19802404932167],[6.810711291897483,51.19799407552042],[6.810677008334844,51.19794729662222],[6.810711011206813,51.19793660116759],[6.810787968604834,51.19790755335178],[6.810804163041302,51.197901111272806],[6.810961842217425,51.19783607091715],[6.811243030542991,51.19772018956775],[6.811364791720994,51.19766999046595],[6.811379033397946,51.197668503213976],[6.811549555514372,51.19764956975075],[6.811558623038727,51.19764852527843],[6.811574593676204,51.19764680054544],[6.811603089779966,51.19764355641945],[6.811701553811775,51.1976499854435],[6.81176876117836,51.19765448055933],[6.811980828543645,51.19767409685389],[6.811963187632382,51.197738250932986],[6.811945674421539,51.1977997093188],[6.811932201474447,51.19785746597538],[6.811920451084871,51.1979151199517],[6.81191120363736,51.19796526612962],[6.811899333962822,51.198043558178085],[6.811896120895482,51.198111354760854],[6.811883973298033,51.19833142566823],[6.81238599077036,51.198367527409474],[6.812535213977768,51.1983812455879],[6.812743075022106,51.198380950924765],[6.813739752051918,51.198390951510085],[6.813915298481466,51.19838384514294],[6.814070274193652,51.1983667758805],[6.814227393553663,51.19834070791193],[6.814362488968587,51.198308157498296],[6.814504441126063,51.19826683139538],[6.814617383165174,51.198221455574874],[6.814709499074517,51.198171508511095],[6.814845840700823,51.198094462539075],[6.81502731973085,51.19797104327943],[6.816062821602507,51.197368881031],[6.816708105458619,51.19699051650365],[6.816894829764108,51.196883110958815],[6.817002749331628,51.196825767572506],[6.817105675157491,51.19677413175329],[6.817224335120265,51.196725757372924],[6.817354784993372,51.19668232452867],[6.817479300302206,51.19664633541557],[6.81961149432403,51.1960071327971],[6.820183593431767,51.19583176428955],[6.820372164894312,51.19577592095071],[6.820772563316522,51.19566277802471],[6.820908288910849,51.19561660656858],[6.821042047171352,51.195566620997056],[6.821345611742238,51.195439800512816],[6.822748605860956,51.19484536901469],[6.823070278517923,51.19470768417685],[6.823263246334941,51.19463127776342],[6.823387538644677,51.19459069153205],[6.823530669654192,51.194551265164634],[6.824056604611133,51.19445272338633],[6.82473143256473,51.19433819695612],[6.824848672549033,51.19432877569658],[6.824980188138622,51.19432623008516],[6.825120074658675,51.19432829181256],[6.82524443758718,51.194340857023604],[6.825666734895402,51.1943913382284],[6.825799786504291,51.19440177101152],[6.825907436981877,51.19441362012316],[6.825846170361287,51.194337744550175],[6.825838304314352,51.19419473523297],[6.82585981247288,51.19419392092006],[6.826047525528858,51.1941833802094],[6.826096605230386,51.19418065007009],[6.826275277029301,51.19417061546155],[6.826303693917578,51.19416898514361],[6.826503457437887,51.19415785824139],[6.826524126562564,51.1941566235028],[6.826731599672095,51.19414590928975],[6.826744521040506,51.19414507016033],[6.826959741801635,51.19413395989159],[6.826942974784236,51.19399753047597],[6.826942402179896,51.19399144916807],[6.826923663730343,51.193842167259966],[6.827033841163278,51.19383679461216],[6.826885986003211,51.193365391815576],[6.826813919116281,51.193135795571166],[6.826417046832415,51.19187030775952],[6.826406948358851,51.191838552590575],[6.826282232729661,51.19144137124026],[6.826272550740348,51.19140989360486],[6.826140173096194,51.19093837254897],[6.826099346026139,51.19073849562054],[6.826033614748199,51.190483924403175],[6.826455986496172,51.19043174257668],[6.826700365687557,51.19040282786625],[6.827107668535745,51.19036061636505],[6.827624129507901,51.190316249054824],[6.828135143817666,51.19027811880161],[6.828631305700422,51.19024537652922],[6.828997683565689,51.19022425305333],[6.829294267839515,51.190208173535346],[6.829586826372059,51.19019552605525],[6.829803547763704,51.19018862053395],[6.830682172135636,51.19016701303374],[6.831271285262416,51.19015716353046],[6.832555450205099,51.19014899713788],[6.834616836775971,51.19014819434976],[6.835696848325139,51.19014444252991],[6.837090449576555,51.19012813367528],[6.837681650099777,51.19011033116285],[6.838366873964869,51.19009264466556],[6.838590123469472,51.190083819966375],[6.839404042073556,51.19004098537362],[6.840643953771774,51.18997822098276],[6.841413526013696,51.189937926222186],[6.84191396077412,51.189914514854976],[6.842421618580681,51.18989271853867],[6.842815034489429,51.1898808193339],[6.843448075990994,51.189867941433526],[6.843994942563566,51.18986156574903],[6.844044072707491,51.18948973302196],[6.844083979194235,51.18932467223529],[6.844115926330558,51.18922894002742],[6.844145231388994,51.18914381648619],[6.84416538537715,51.18907997391401],[6.844215396737033,51.18866161561177]]]]}},{"type":"Feature","id":"duesseldorf-stadtteil-093","properties":{"name":"Holthausen","stadtteil_code":"093","parent_stadtbezirk":"09","year":2025,"metric_scope":"BV9_ONLY_STREET_CRIME_AND_RESIDENTIAL_BURGLARY","metrics":{"street_crime":{"2021":144,"2022":188,"2023":200,"2024":227,"2025":269,"rate":null},"residential_burglary":{"2021":18,"2022":11,"2023":15,"2024":22,"2025":32,"rate":null}}},"geometry":{"type":"MultiPolygon","coordinates":[[[[6.855299493698728,51.18514449723332],[6.85449847588454,51.18491180109452],[6.854373563248662,51.184976151740585],[6.854077207343549,51.18502521526093],[6.853742981569702,51.1850854545586],[6.853453909899845,51.18515326685839],[6.853171177956972,51.185204736606245],[6.852840619425946,51.18525991432583],[6.850915260527455,51.18554373134637],[6.850773633733881,51.18557040278124],[6.850226390863912,51.18570590556305],[6.850164056005576,51.185661590602706],[6.850113480872682,51.185622887925],[6.850040999722648,51.18556597525848],[6.849988390664601,51.185515633434406],[6.849956917674721,51.1854815987686],[6.849844503758095,51.18536027738988],[6.849751795059003,51.18525833959139],[6.849558423488283,51.185050135494244],[6.849408684879913,51.18489143360009],[6.849258681521105,51.184729219143485],[6.849044915615374,51.184498110203414],[6.848760013476664,51.18419055108018],[6.848578828187645,51.18399740882299],[6.848408767229642,51.183814318891145],[6.848300437182729,51.18369765779939],[6.848163060181,51.183550243749345],[6.84792232727908,51.183050448154454],[6.847770202930065,51.182887922833196],[6.847657144046174,51.18276227044181],[6.847555427950858,51.18264195303749],[6.847271339194412,51.182289751941326],[6.847088331609856,51.18206230816983],[6.846976819099047,51.18192197905359],[6.846861162629417,51.18177847074514],[6.846782836895622,51.18168138197889],[6.84673056529731,51.18160554803608],[6.846682840545769,51.18152426673943],[6.846631145610931,51.18142685878539],[6.846556988574553,51.18128640764485],[6.84650345121401,51.1811824903266],[6.846453428342082,51.1810492287057],[6.846409520209897,51.18089530450202],[6.846337987921504,51.17997111129075],[6.846325680710989,51.1797839081589],[6.846322528807307,51.17972260384727],[6.846324612711945,51.17959502335183],[6.846334512755896,51.179511565394606],[6.846346470611625,51.17940237873033],[6.846358775611962,51.17929495220421],[6.846358496948108,51.17921805197563],[6.84633872139741,51.17885034505992],[6.846328846135505,51.17864780766181],[6.846327323188975,51.178560766733476],[6.846335945589408,51.178458668525565],[6.846344857251669,51.178387198781884],[6.846362325971792,51.17830711788361],[6.846442535928198,51.178013695516334],[6.846731509797328,51.17694329455407],[6.846794848808392,51.176707839677086],[6.846828231761156,51.17658097031949],[6.846842292073257,51.17652794222994],[6.846906719997945,51.17628751589657],[6.846972389826899,51.17604805671439],[6.847020961209255,51.17587155254927],[6.847051160553931,51.175757710170004],[6.847078790226,51.17566216738193],[6.84710281310533,51.17557033549023],[6.84713624735246,51.17548838992364],[6.847172942742469,51.175410146784195],[6.847217767350338,51.17533245799615],[6.847271388608188,51.17525020949479],[6.847359666287591,51.17511504214078],[6.847418835075711,51.17502426185122],[6.847601875837548,51.17504773167225],[6.847753679833804,51.17506914237],[6.847907339456485,51.17509679259081],[6.848009132106133,51.17505846454763],[6.848142352074861,51.17499966974024],[6.848272630350771,51.174957953428674],[6.848389655959226,51.17490587535694],[6.84847018740317,51.17486324351879],[6.848540179507103,51.17481650551709],[6.84865452459839,51.174739015967255],[6.848950349472328,51.17454331639843],[6.849182508972875,51.17437828242718],[6.849407040030199,51.1742295659647],[6.850905524009875,51.17329498103615],[6.852172210483597,51.17251679024805],[6.85270895568299,51.1721880391829],[6.852868846356924,51.172081433269796],[6.853108369620832,51.171914368358],[6.853235085737989,51.17181969893321],[6.853335881109259,51.17173790900859],[6.853413072182706,51.17167457222389],[6.853468568504242,51.17162554166248],[6.85348462280016,51.17156634382565],[6.853483161217545,51.17151464888055],[6.853467817917674,51.17143841645502],[6.853443090710691,51.171379414349715],[6.853319907067564,51.17096380811782],[6.853239842651811,51.170765648691265],[6.85315693663335,51.17059171970103],[6.853024997519903,51.17036468265864],[6.852906333039961,51.17019373933624],[6.852821068423705,51.17007062548175],[6.852689804007526,51.16991226641861],[6.852456652789904,51.16970225660221],[6.851779296750526,51.169141835835234],[6.851660186556431,51.169036041505485],[6.851394349615217,51.16882772234163],[6.851006754486511,51.168496830795966],[6.850863373379781,51.16837777371499],[6.850730815548546,51.168265930382226],[6.849585657177627,51.167282742488325],[6.84804885283146,51.166002292603544],[6.847873386149833,51.16588142708986],[6.847762483355324,51.165802490656176],[6.849022173251294,51.16513442185162],[6.850881535318334,51.16407373027469],[6.852966073476622,51.16289330255603],[6.85309804386605,51.16282355210205],[6.85323347815462,51.16276236404031],[6.853376206865128,51.16270117483201],[6.853508561080144,51.16265085712431],[6.853668291507102,51.162602390819394],[6.853472475095523,51.16062785038658],[6.85343733911396,51.160645282492105],[6.853402215622697,51.16066244500866],[6.853366663387772,51.160679599643686],[6.853331552361506,51.16069649256026],[6.853295577615098,51.16071350451316],[6.853260044078048,51.16073025474765],[6.853224075538271,51.160747131888826],[6.853188548208683,51.160763747311854],[6.85315259839432,51.16078022006332],[6.853116219835716,51.16079668493182],[6.853079847510728,51.16081301499967],[6.853043475160156,51.160829345055845],[6.853007115303172,51.16084540552238],[6.852970755421045,51.16086146597727],[6.852933966794456,51.16087751854826],[6.852897190662224,51.160893301529406],[6.852821892143274,51.160925509910165],[6.852745761121286,51.1609571633393],[6.852669648777523,51.1609884123506],[6.852592691411987,51.16101937598607],[6.852515330267448,51.16104979253996],[6.852437987805723,51.161079804674515],[6.852359806586238,51.16110939664108],[6.852281215331088,51.16113857631262],[6.852205693912336,51.161166328376645],[6.852129756206131,51.16119380293768],[6.852053830935444,51.16122100787042],[6.851977489379053,51.1612479352991],[6.851900731537643,51.161274585222934],[6.851823557411969,51.161300957641124],[6.851746395725897,51.16132706042948],[6.851669252744461,51.1613527587992],[6.851629600017578,51.161365790455136],[6.851589953532414,51.161378687308485],[6.851550307025423,51.16139158414811],[6.851510238036775,51.16140433830764],[6.851470597750283,51.161417100330816],[6.851430534982342,51.16142971967361],[6.851390900917113,51.161442346880364],[6.851350844370645,51.16145483140646],[6.851310794067468,51.16146718112972],[6.851270737478526,51.161479665627816],[6.851230264673327,51.16149187265573],[6.851190220571765,51.16150408754804],[6.851149753989664,51.16151615975872],[6.851109287386754,51.1615282319551],[6.851068827028318,51.16154016934842],[6.851028366649368,51.16155210672745],[6.850987912515428,51.161563909303425],[6.850947464626859,51.161575577076356],[6.850906587992774,51.16158723695526],[6.850865717604352,51.161598762030835],[6.850825275921515,51.16161029497192],[6.850784411759301,51.161621685229775],[6.850743547577295,51.161633075473084],[6.850702260916021,51.16164432303259],[6.850661409227557,51.16165544366915],[6.850620557519789,51.16166656429117],[6.85057927706659,51.16167767701772],[6.850538009127682,51.16168852015194],[6.850496741169775,51.16169936327135],[6.850455473192927,51.16171020637593],[6.85041421146431,51.16172091467698],[6.850372949716995,51.1617316229632],[6.850331700485933,51.16174206165717],[6.850290022509874,51.161752492454305],[6.850248773242203,51.16176293111855],[6.850207101497265,51.16177322709693],[6.850165436002166,51.16178338827151],[6.850123770489076,51.16179354943102],[6.850082111226373,51.16180357578673],[6.85004045194598,51.16181360212736],[6.84999837018905,51.161823485781134],[6.849956723410607,51.16183324251408],[6.849914647887446,51.16184299134856],[6.849872572346933,51.16185274016767],[6.849830938054724,51.16186222727777],[6.849788868748975,51.16187184127763],[6.849746811964653,51.16188118568479],[6.849704326435877,51.161890522192415],[6.849662269618272,51.16189986656872],[6.849620219053706,51.161909076141015],[6.849577746014424,51.16191814302468],[6.849535272958946,51.16192720989268],[6.849493234885449,51.161936149841374],[6.849450774337901,51.161944947100984],[6.849408313774604,51.16195374434495],[6.849365859466009,51.16196240678466],[6.849323405141866,51.16197106920875],[6.84928053461496,51.16197945415421],[6.84923808653078,51.1619879817583],[6.849195215973564,51.16199636667209],[6.849152780401005,51.16200462466756],[6.849109922356034,51.162012739972454],[6.849067064296446,51.16202085526144],[6.84902420622219,51.162028970534536],[6.848981783133959,51.162036958889985],[6.848938508844904,51.162044796667224],[6.848895663270743,51.16205264231544],[6.848852823954437,51.16206035315917],[6.848809562167014,51.16206792131096],[6.848766729095226,51.16207549733421],[6.848723467280421,51.162083065453785],[6.848680646726151,51.162090371868],[6.848637397429312,51.16209767037823],[6.848594148119265,51.16210496887229],[6.848550911341611,51.16211199777306],[6.848507674551259,51.16211902665768],[6.848464437748209,51.16212605552614],[6.848421207205646,51.1621329495899],[6.848377554194163,51.162139700959905],[6.848334329900229,51.16214646020266],[6.848290683137736,51.16215307675136],[6.848247471366895,51.162159566384624],[6.848203830854341,51.162166048112056],[6.848160619060097,51.16217253771293],[6.848116991072257,51.162178749830595],[6.848073363073107,51.16218496193183],[6.848029735062696,51.162191174016634],[6.84798611959001,51.16219711650801],[6.847942504106528,51.16220305898296],[6.847898459881951,51.16220899355067],[6.84785485065184,51.16221480120415],[6.847811247686169,51.16222047405273],[6.847767215979849,51.1622261389936],[6.847723619268913,51.162231677020735],[6.847679600092875,51.162237072351374],[6.847636009637576,51.162242475557115],[6.847565239700853,51.1622510208382],[6.847494053560285,51.162259288606855],[6.84742330240245,51.16226742943599],[6.847352135042795,51.16227529275226],[6.847280980213227,51.162282886448004],[6.847209837915102,51.16229021052329],[6.847138695595707,51.162297534555],[6.847067572086543,51.16230445417788],[6.847014561975083,51.1623094139073],[6.846961986861497,51.16231424671841],[6.846908983006579,51.162319071611265],[6.84685642042795,51.16232363479781],[6.846803429108497,51.16232819006575],[6.84675087278858,51.16233261841618],[6.846697894006351,51.16233690405924],[6.846644921493472,51.16234105488978],[6.846591955250303,51.16234507090782],[6.846538995277364,51.16234895211336],[6.846486041575172,51.16235269850644],[6.846433087865059,51.16235644487544],[6.846380146705499,51.162359921643606],[6.846327205538638,51.16236339838773],[6.846273848192219,51.16236659763423],[6.846220913290807,51.16236993954166],[6.846176603248077,51.16237236106199],[6.846131858189914,51.16237490945645],[6.846087548138767,51.1623773309429],[6.846042815632246,51.16237960972651],[6.845998511853245,51.162381896390755],[6.845953785619423,51.16238404035186],[6.845909065662475,51.16238604950748],[6.845864774433591,51.162388066544274],[6.845820060750725,51.16238994087744],[6.845775347064749,51.16239181519348],[6.845730639656798,51.162393554704046],[6.845686367258608,51.162395167308155],[6.845641666126383,51.16239677199633],[6.845596977554516,51.16239810709079],[6.845552282699032,51.162399576956425],[6.845507600404638,51.16240077722836],[6.845462911826574,51.1624021122715],[6.845418235810436,51.16240317772095],[6.845373559792805,51.16240424315331],[6.845328890055837,51.1624051737803],[6.845284220317585,51.162406104390215],[6.845239563143084,51.1624067654065],[6.845194905967876,51.16240742640573],[6.845150248791851,51.16240808738788],[6.845105597897977,51.1624086135647],[6.84506095328669,51.162409004936215],[6.845016308675111,51.16240939629068],[6.844971670346589,51.16240965283985],[6.844927032018091,51.162409909371966],[6.844882399973222,51.162410031098794],[6.84483734548092,51.16241001011829],[6.844792726004395,51.16240986223445],[6.844748106528617,51.162409714333585],[6.844703493337721,51.16240943162747],[6.844658880147884,51.16240914890433],[6.844614273243502,51.16240873137598],[6.84456923760913,51.16240830592757],[6.844524643276609,51.162407618788635],[6.844480048945875,51.16240693163271],[6.844435454616979,51.16240624445981],[6.844390872859906,51.16240528769352],[6.844346284820124,51.16240446569844],[6.844301280621753,51.16240336620599],[6.844256705157212,51.16240227460043],[6.844212129695238,51.162401182977916],[6.844167566807163,51.16239982176209],[6.844123003922225,51.16239846052932],[6.844078012309461,51.16239709137473],[6.844033462002882,51.16239546053156],[6.843988911700013,51.16239382967146],[6.843944361400745,51.16239219879442],[6.843899823677969,51.16239029832416],[6.84385527967282,51.16238853262512],[6.843810748244991,51.16238649733288],[6.843766210534736,51.162384596811854],[6.843721685402524,51.16238242669765],[6.843677166562121,51.16238012177841],[6.843632647726616,51.16237781684227],[6.843588135183382,51.16237537710112],[6.843543622645356,51.16237293734307],[6.843499110112591,51.16237049756813],[6.843454610160403,51.1623677882001],[6.843410110213937,51.1623650788152],[6.843365616561219,51.162362234625306],[6.84332112291443,51.162359390418565],[6.84327663556185,51.162356411406854],[6.843232154503868,51.1623532975902],[6.843187673452436,51.16235018375669],[6.84314362742635,51.16234694302654],[6.843099158965432,51.16234355958336],[6.843054690511528,51.16234017612332],[6.843010228353638,51.1623366578584],[6.842966194933129,51.16233314748556],[6.8429217453683,51.162329359611014],[6.842877289521821,51.162325706507715],[6.842833274991864,51.16232179172091],[6.842788825450294,51.162318003796095],[6.842744817225918,51.162313954188114],[6.842700380279926,51.16230989665376],[6.842656384652048,51.16230557743659],[6.842612382742731,51.162301392991004],[6.84256795840254,51.16229706583053],[6.842523969091126,51.1622926117758],[6.842479551059124,51.162288149793916],[6.842435568056356,51.16228356091809],[6.842391591353597,51.16227883723783],[6.842347614660312,51.16227411354114],[6.842303644267544,51.16226925503999],[6.842259680175675,51.1622642617344],[6.842215716093786,51.16225926841241],[6.842171758313306,51.162254140286],[6.842127800543061,51.162249012143164],[6.842083849074729,51.16224374919594],[6.842039903908641,51.162238351444316],[6.841995958753349,51.162232953676295],[6.841952454921758,51.162227294228565],[6.841908516080329,51.16222176163996],[6.841865012270922,51.16221610215994],[6.841821086036425,51.162210299962766],[6.841777594834521,51.16220437087455],[6.841733674915782,51.16219843385683],[6.841690183737247,51.16219250473635],[6.841646705156212,51.16218630602392],[6.841602797858942,51.162180099381544],[6.841559319302227,51.1621739006369],[6.841515853344271,51.162167432300315],[6.841472381105445,51.16216109873567],[6.841428921466183,51.16215449557913],[6.841385461839796,51.16214789240657],[6.841342002226233,51.162141289218006],[6.841298555213483,51.162134416437596],[6.841255536941779,51.16212755155634],[6.841212089955708,51.1621206787441],[6.841168655571647,51.16211353634002],[6.841125643634459,51.162106536623526],[6.841082215572513,51.16209925939977],[6.841039216251971,51.16209199007598],[6.840996216945397,51.16208472073653],[6.840952801515549,51.162077173889365],[6.840909814827359,51.162069634942675],[6.840866828153634,51.16206209598033],[6.840823841494425,51.16205455700236],[6.840780867440484,51.162046748432985],[6.840737899697057,51.162038805060114],[6.8406953606955,51.162030869588826],[6.840652392982448,51.162022926184854],[6.840609437876393,51.16201471318954],[6.840566905216396,51.16200664288415],[6.840523956437694,51.161998295069935],[6.840481436401162,51.16198995515809],[6.840438916380396,51.16198161523097],[6.840396408968465,51.16197300571286],[6.840353901572787,51.16196439617949],[6.840311394193364,51.16195578663084],[6.840268893127094,51.16194704227908],[6.840226398374345,51.16193816312422],[6.840183903638335,51.1619292839541],[6.840141415216334,51.16192026998089],[6.840099361834093,51.161911129124015],[6.840056879743597,51.161901980332644],[6.840014826395522,51.16189283944572],[6.839972785659927,51.16188342896825],[6.839930744941903,51.161874018475864],[6.839888704241396,51.16186460796853],[6.839846669856462,51.161855062658496],[6.83980464178757,51.16184538254574],[6.839762620035029,51.161835567630284],[6.839721020726691,51.16182589540849],[6.839679005308994,51.161815945675585],[6.839637418634005,51.16180600384885],[6.839595409551992,51.161795919298555],[6.839553829212718,51.16178584265471],[6.839512255191074,51.16177563120853],[6.839470687487307,51.161765284960005],[6.839429119802529,51.16175493869691],[6.83938755843621,51.16174445763147],[6.839345997089061,51.16173397655147],[6.839304870784217,51.16172336859144],[6.839263315775302,51.16171275269472],[6.839222195808944,51.16170200991827],[6.839180653439038,51.16169112441712],[6.83913953981199,51.16168024682429],[6.839098432504901,51.16166923442949],[6.839057760240871,51.161658095155886],[6.839016659274156,51.16164694794504],[6.838975564628221,51.161635665932224],[6.838934470002699,51.1616243839052],[6.838893810420653,51.161612975],[6.838853150859075,51.161601566080876],[6.838812497618974,51.16159002236013],[6.838771844399519,51.16157847862548],[6.838731203803248,51.16156666530149],[6.838690556926727,51.16155498675131],[6.838649922674136,51.16154303861183],[6.838609282141245,51.16153122524616],[6.838569082954247,51.161519150216144],[6.838528883788573,51.16150707517255],[6.838488690946265,51.16149486532768],[6.838448069404507,51.16148264754382],[6.838408311628471,51.16147031080949],[6.838368125153214,51.16145796613618],[6.838327945002182,51.161445486661634],[6.838287771175772,51.16143287238584],[6.838248026091865,51.16142026602261],[6.838208287332724,51.16140752485842],[6.838168548595791,51.16139478368098],[6.838128816184078,51.161381907702605],[6.838089090097923,51.161368896923314],[6.838049357731192,51.16135602091843],[6.838010066713123,51.16134288325196],[6.837970346998278,51.1613297376454],[6.837931062329153,51.16131646516523],[6.837891777682873,51.16130319267211],[6.837852499363176,51.1612897853784],[6.837813221066599,51.161276378071726],[6.837773955401123,51.16126270117686],[6.837735112173561,51.16124916698465],[6.837695846554858,51.16123549006405],[6.837657015982272,51.16122168627116],[6.837618185433195,51.16120788246562],[6.83757936121209,51.161193943859814],[6.837540537014715,51.16118000524138],[6.837501719145753,51.16116593182268],[6.837463336323188,51.16115173153272],[6.837424524807048,51.161137523301306],[6.837386142032289,51.161123322986505],[6.837347765586584,51.161108987871785],[6.83730938916493,51.161094652744694],[6.837271025378206,51.161080048030094],[6.837233090332703,51.16106545123297],[6.8371947265948,51.16105084649386],[6.83715679790359,51.16103611488491],[6.837118875542656,51.16102124847633],[6.837080946900363,51.161006516843294],[6.837043030894593,51.16099151562307],[6.837005543629561,51.160976522321434],[6.836967633979661,51.16096138628971],[6.836930153070305,51.16094625817685],[6.836892678492257,51.1609309952647],[6.836855203939114,51.16091573234077],[6.836817735717705,51.16090033461756],[6.836780267521411,51.160884936882596],[6.836742805657273,51.16086940434835],[6.836705778840128,51.16085374494652],[6.836668752048263,51.16083808553324],[6.836631725281679,51.16082242610849],[6.836594711155077,51.16080649709721],[6.836557690746716,51.160790702862016],[6.836521105385248,51.16077478176021],[6.836484526356822,51.1607587258597],[6.836447518640459,51.16074266201536],[6.8364113746846,51.160726479237624],[6.836374802041009,51.16071028851606],[6.836338235731231,51.16069396299581],[6.836302098160388,51.16067764539756],[6.836265966923442,51.160661193000905],[6.836229835712429,51.16064474059335],[6.836193275814905,51.16062828024131],[6.83615758598515,51.16061156617053],[6.836121467469343,51.1605948441553],[6.836085784000448,51.16057799527561],[6.836050100557707,51.16056114638534],[6.836014417141123,51.16054429748441],[6.835978740059776,51.160527313785394],[6.835943063004839,51.16051033007576],[6.835907820996495,51.16049321950261],[6.835872585323802,51.160475974131636],[6.835837349677527,51.16045872875032],[6.835802120367245,51.160441348571176],[6.835766891083579,51.160423968381686],[6.835731661826526,51.16040658818186],[6.835696873925814,51.16038894633212],[6.835662086051818,51.16037130447229],[6.835627298204432,51.16035366260239],[6.835592510383759,51.160336020722404],[6.835558157609297,51.160318251980755],[6.835535953462207,51.160306778807275],[6.835468515222152,51.16027166945264],[6.835401070774147,51.160236694847605],[6.835333639050406,51.160201450629806],[6.835266636137642,51.160166214311076],[6.835199645949898,51.16013070838012],[6.835132655865396,51.16009520241183],[6.835065665884187,51.160059696406186],[6.834999117336217,51.16002392872625],[6.834932568891588,51.15998816100946],[6.834866033174639,51.15995212368104],[6.834799919954738,51.15991622904178],[6.83473381946287,51.159880064791395],[6.834667719074749,51.15984390050467],[6.834602053807539,51.15980760933352],[6.83453596625287,51.15977117539962],[6.834470301192905,51.15973488415655],[6.834403829337691,51.159697498698684],[6.834337357590218,51.159660113204104],[6.834270885950483,51.159622727672804],[6.834204427046518,51.159585072530085],[6.834138396952881,51.15954742529164],[6.834072373281397,51.15950964322964],[6.834006356032565,51.15947172634408],[6.833940767592898,51.15943381736401],[6.833874756875668,51.15939576561896],[6.833809609982255,51.159357594934725],[6.833744040812323,51.15931928148556],[6.833678900450417,51.15928097594329],[6.833613766512284,51.15924253557851],[6.833549067696907,51.15920396833432],[6.83348436898954,51.159165401055354],[6.833419683022731,51.159126564167096],[6.833354997164648,51.15908772724411],[6.833291175125787,51.1590487713872],[6.833226924498049,51.15900980755222],[6.833162686612511,51.15897057410846],[6.833098877531852,51.15893134857519],[6.833035068559521,51.158892123008144],[6.832971701025428,51.15885263577801],[6.832907898587369,51.15881327535643],[6.832844966282144,51.15877366121786],[6.832781611708842,51.15873390431336],[6.832718685938043,51.158694155321676],[6.832656195286825,51.15865427945627],[6.832593276050671,51.158614395611956],[6.832530798252763,51.15857425010716],[6.832468320563316,51.158534104570016],[6.832406277992903,51.158493832160524],[6.832344235530464,51.15845355971916],[6.832282205814859,51.1584130176715],[6.832220176207964,51.15837247559199],[6.832158575399695,51.15833194142871],[6.832097409708814,51.15829128039515],[6.832035821756291,51.15825047659488],[6.831974668921435,51.158209545924784],[6.831913516194677,51.158168615223765],[6.831852798584572,51.1581275576538],[6.831792087402945,51.158086365266165],[6.831731805016483,51.158045180797664],[6.831671106692648,51.15800371877495],[6.831610830842663,51.15796239945898],[6.83155099642897,51.15792081848893],[6.831491155801139,51.15787937227643],[6.831431327923855,51.157837656460025],[6.831371506476215,51.15779580582689],[6.831312113821028,51.15775396311532],[6.831252727595278,51.157711985587476],[6.831193770160741,51.15767001598202],[6.83113481915548,51.157627911560745],[6.831075880902798,51.157585537536505],[6.831017365117289,51.15754330622287],[6.830958862084455,51.15750080530676],[6.830900352835695,51.157458439149465],[6.830842278698329,51.15741594612963],[6.830784217314421,51.15737318350776],[6.830726149713873,51.15733055564513],[6.830668523547658,51.157287666133946],[6.830611326167414,51.157244784548986],[6.830553706538066,51.15720176019612],[6.830496515694174,51.1571587437699],[6.830439331280794,51.15711559252962],[6.830382588300795,51.15707217964271],[6.830325839102188,51.157028901516284],[6.830269090009375,51.15698562336332],[6.830212782349154,51.15694208356473],[6.830156474794508,51.15689854374001],[6.830100602346627,51.156854877057576],[6.830044736329323,51.156811075562366],[6.829988870417422,51.15676727404144],[6.829933010936766,51.156723337707746],[6.82987801523582,51.15667928247385],[6.829822590965608,51.15663521925859],[6.82976760179996,51.15659102918764],[6.82971261273898,51.15654683909178],[6.829657623782564,51.15650264897104],[6.829603076256185,51.15645819720859],[6.829548957505562,51.156413753379134],[6.829494422841503,51.15636903199388],[6.829440310625803,51.156324453329006],[6.829386639838684,51.15627961302403],[6.829332962827666,51.15623490748238],[6.829279298575083,51.15618993234302],[6.829225634426375,51.15614495717997],[6.829172399049869,51.15609998995202],[6.829119170104438,51.15605488791377],[6.829066376257974,51.156009659024434],[6.829013582514176,51.155964430112164],[6.828961223868188,51.15591907434955],[6.828908871652969,51.15587358377745],[6.828856519540063,51.1558280931828],[6.828804602523886,51.155782475738796],[6.82875269193849,51.15573672348567],[6.828681009375137,51.15567347116371],[6.828655444879407,51.15565141169586],[6.826648435696946,51.156454038176186],[6.826604444987538,51.1565136576931],[6.825941135235434,51.15738063364378],[6.825870128989789,51.15746727108177],[6.825776788411996,51.15757264960763],[6.825383267001558,51.15813988962155],[6.825030335352348,51.15863759811843],[6.824776639948835,51.15899577184176],[6.82451302085518,51.15936414802953],[6.824440577992362,51.15947207279073],[6.824148695557398,51.15986649847046],[6.82396633860082,51.16010350468338],[6.823865888788177,51.16023208787556],[6.82338982627922,51.16085633359229],[6.82334570928405,51.16090933922808],[6.823305100858064,51.16095161780406],[6.823253969132558,51.161016904032586],[6.823193676281002,51.1611036044055],[6.823150385147611,51.1611755119706],[6.823135679717272,51.16120532189544],[6.823130583688926,51.16123153339457],[6.8231317343181,51.16126177341924],[6.823139991905291,51.16128688448113],[6.823154699266206,51.16131171090499],[6.823180105483961,51.16133714121987],[6.82321512117138,51.16135897309933],[6.82326962583317,51.16137698573946],[6.823554801092215,51.161453523797874],[6.823920632417521,51.161575945796734],[6.824015161610088,51.16160967734858],[6.824074538713085,51.16163358117451],[6.824119742792332,51.16165776084587],[6.82414495573467,51.1616781958837],[6.824172801793867,51.16170650437181],[6.824227061952024,51.161766197483715],[6.824262537326097,51.16181474867653],[6.82430058772793,51.16185417426966],[6.824344376489329,51.16189019910698],[6.824409328617769,51.16193241859108],[6.824482502688799,51.16197317215943],[6.824547187490169,51.16200284047847],[6.824663691890202,51.16205289906589],[6.825015388283173,51.16220230530221],[6.825383399049318,51.16236982125785],[6.825565864880091,51.162449840291806],[6.825603740190665,51.162465653919064],[6.825635486562219,51.16248405165032],[6.82564918602942,51.16251209670785],[6.825652980411903,51.162540901904606],[6.82563714843446,51.162567318571746],[6.825607734253694,51.16259968826684],[6.82557098727713,51.16263286592348],[6.825485110758408,51.16269791169035],[6.825242718480658,51.162870128459126],[6.82481346339235,51.16316513926837],[6.824724974358472,51.16323094531174],[6.82462166194121,51.16331994887939],[6.824426315134287,51.163477120495386],[6.824376905989421,51.163533130844804],[6.824326577951187,51.1636268973104],[6.824283359018737,51.16375195895217],[6.824235188982231,51.16388191991274],[6.824127304201775,51.16403154495228],[6.824110886152615,51.16405214962065],[6.824027532003444,51.16409997350711],[6.823856814959491,51.164189610704874],[6.823726060274834,51.16423250508197],[6.823569101283379,51.16427599080868],[6.823319540536721,51.16433582975053],[6.823036724691746,51.16440017540393],[6.822895831171594,51.16443964239186],[6.822746600818051,51.16448300111135],[6.82254388611068,51.16457770659287],[6.822494911258655,51.164606203745066],[6.822345480123037,51.16466291375629],[6.822315871525,51.164681114051135],[6.822313146915318,51.164702513112196],[6.822314836763834,51.164721296298616],[6.822328147754717,51.164775775777215],[6.822333532046862,51.16485277157308],[6.822245886230871,51.16558367023852],[6.82224417801281,51.165619927710104],[6.822250352488171,51.165652824476],[6.822262770854123,51.16568071116087],[6.822281067864648,51.16570223191631],[6.822306158182808,51.16571618963442],[6.822339102514284,51.16571828712397],[6.82236977911108,51.165713866960445],[6.82242927122168,51.165708094752304],[6.822497722737507,51.16570343368785],[6.822580945759743,51.16570403911268],[6.822665560006755,51.16571155050802],[6.822813020668232,51.165733182841585],[6.824400335175946,51.16595294200211],[6.825170842690341,51.166048757555494],[6.825321834777122,51.166077467414475],[6.825414251792536,51.16610158025539],[6.825548838704802,51.16615062509299],[6.825652449713759,51.16619221365972],[6.825720564857519,51.16622207995883],[6.825782191605816,51.1662530397122],[6.825846363296507,51.166293759862846],[6.825923606509344,51.16635765674731],[6.826005886697191,51.16645132617639],[6.826206530768681,51.16670179635499],[6.82623936499105,51.16677012870802],[6.826480376742915,51.167056558831746],[6.826763296826813,51.16737358116175],[6.827236380021891,51.16789959558731],[6.82727873413379,51.16795717726565],[6.827376316805505,51.16810886902658],[6.827626250980903,51.16851620171949],[6.826953796507875,51.16859760044551],[6.82617173932823,51.16870987447452],[6.825030734626089,51.16890774197579],[6.824221970058714,51.169103956350675],[6.822793853620619,51.169474533240596],[6.821924670810111,51.169713855506956],[6.820468971602903,51.17014068515809],[6.819610732730277,51.17043860792121],[6.818448548914312,51.1709017782827],[6.817979072258977,51.171100771539344],[6.817662306416574,51.17123772401146],[6.817309026983976,51.1714025938198],[6.816239665448081,51.17190767651576],[6.816013676486254,51.17202163226596],[6.815118625465106,51.17247950599274],[6.814645749644911,51.172731574838856],[6.813777326940547,51.17321570280056],[6.8129687226773,51.17369608660346],[6.812482895651412,51.17400362012064],[6.812066456575857,51.17426874088863],[6.811842357454587,51.174414831290306],[6.81136327570725,51.174733683504904],[6.810984585915882,51.174989928770714],[6.810504943017299,51.17532036879534],[6.810897238135469,51.175510913429],[6.811006100250953,51.175568666800345],[6.811685153936805,51.175495711739735],[6.81169459487178,51.17549575350517],[6.811753027246127,51.17550359216395],[6.811764510270833,51.17550583060717],[6.811814508602461,51.175528620706515],[6.811956664341634,51.17565377385431],[6.812086466040058,51.17576790332951],[6.812105004633138,51.175784303803965],[6.812159219075743,51.1758359072703],[6.812175773036378,51.175848897992346],[6.81220562890193,51.17587104126433],[6.81259392674314,51.17604653093937],[6.812840125264636,51.17614098222767],[6.813032996342699,51.17621042271612],[6.81321055203051,51.176286051894024],[6.813402338045754,51.17640565589642],[6.813406921472012,51.176408574590596],[6.813415794917674,51.176420612092926],[6.813512456118167,51.17655489553076],[6.813554598652217,51.176743740151394],[6.813568295664591,51.17685340367381],[6.8136093569485,51.17692904329927],[6.813709904971318,51.17706285960565],[6.813819847073297,51.17717958368337],[6.813839021351879,51.177200717407366],[6.813855050171764,51.17720668303974],[6.813875271934694,51.177214750618816],[6.813984081209437,51.17725563712099],[6.814173534155696,51.17732487687337],[6.814564824345541,51.177446588940924],[6.814744349621163,51.17750795267772],[6.814905043635493,51.17756815484197],[6.815038952717712,51.17764107695224],[6.815059053776683,51.17765170524993],[6.815205964976635,51.177731075693636],[6.815501831264925,51.17789201266323],[6.815579714199619,51.17793339917605],[6.815731230043411,51.178015283233954],[6.815885845586801,51.17813149067124],[6.815900460960109,51.17814012770523],[6.816053215693494,51.178232152294136],[6.816063049848854,51.17824204905864],[6.816109751747995,51.178271116216614],[6.81618685023304,51.17832004230442],[6.816243482067116,51.178356984384806],[6.816289672507914,51.17838779567352],[6.816395970652142,51.17845466952272],[6.816466558137377,51.17849605410969],[6.816523733941144,51.17853057793064],[6.816583631675633,51.17857108833105],[6.816651109110254,51.178614708108675],[6.816705559090444,51.17865241864849],[6.816762204484768,51.17868909091497],[6.816818888183216,51.178724954442785],[6.816874034798657,51.17875701192858],[6.81692759336442,51.17878634165726],[6.816973623296652,51.17881148369314],[6.817027649075765,51.17884001267109],[6.817084324598018,51.17886697223409],[6.817128133896611,51.17889369160715],[6.817179828593715,51.178917050639704],[6.81719883511227,51.178923611002915],[6.817261990800044,51.178958785687854],[6.817288661714754,51.178948491157705],[6.817312933527411,51.178943548012946],[6.817327922867843,51.178935193909936],[6.817490238900286,51.17899758119378],[6.817569549902877,51.17902698652531],[6.817642746173669,51.17904953247958],[6.817853233478179,51.1791190237947],[6.817921200733854,51.179143225754345],[6.8180456153942,51.17919923905859],[6.818166259551687,51.17925329322199],[6.81829842891773,51.17931781499413],[6.818407808212669,51.17937408702068],[6.818488968212091,51.17941890529126],[6.818561979610672,51.17946357150225],[6.818639615898872,51.179519386079534],[6.818719825672882,51.17957524860529],[6.818829744400174,51.17965648756523],[6.81903955321178,51.17982228564319],[6.819181464577895,51.179807799320706],[6.819352257500272,51.17979074858712],[6.819371230243097,51.17978894390273],[6.819363163650606,51.179741577022476],[6.819355090711313,51.17969434492708],[6.819356453706956,51.17969275149258],[6.819441152755247,51.17959895358252],[6.819491449723836,51.17954282695082],[6.819597380438046,51.179490300776656],[6.819852420920586,51.179334384826355],[6.820004753372483,51.179262757515566],[6.820485870347956,51.17903699198388],[6.820624587729809,51.17897185533357],[6.820883576204481,51.178850411301916],[6.820942263772704,51.17879835262757],[6.820994673596954,51.17875197783018],[6.821024679655971,51.17872555609671],[6.82109411720155,51.17868219661177],[6.821134794188131,51.17865705290634],[6.821258603941605,51.17858030580499],[6.821278513476321,51.178567725934016],[6.821285273772488,51.17857001034927],[6.821379956124163,51.178601183407785],[6.821485195243318,51.17863606055806],[6.821507172630226,51.17864335008231],[6.821657640723607,51.178693099655725],[6.821673702872232,51.178698390304405],[6.821826283938359,51.17874885353754],[6.821879111902857,51.178766430706936],[6.822185812896848,51.17887116240226],[6.822202726571311,51.17887660373928],[6.822666971035805,51.179026762738395],[6.823131488671667,51.1791802975583],[6.823408386065152,51.17927084589808],[6.823445575212289,51.179283274726394],[6.823599824930485,51.17933484590413],[6.823628986053659,51.17934456208801],[6.823694913939025,51.1793665642477],[6.82382846003773,51.17941113952531],[6.823850860707267,51.17941857138398],[6.823939707266784,51.17944612623988],[6.823984356894152,51.17940041514559],[6.824015397214588,51.17937023458524],[6.824059186141008,51.17933368092653],[6.824208994403465,51.1792243629675],[6.824248935802221,51.17918746784545],[6.824418125254698,51.179076756457135],[6.825341854182668,51.17846636377008],[6.825458616951734,51.17839325853552],[6.825583887042461,51.178321795315014],[6.826149413056852,51.178016363878946],[6.827705413786036,51.17897530657871],[6.827808294754298,51.17903306787826],[6.827893745957575,51.17907809417568],[6.827950914180625,51.179103843439535],[6.828026663780102,51.17912696989614],[6.828113534683975,51.179141803895455],[6.828346973639558,51.17917082654195],[6.829444660472156,51.17932449064967],[6.831424770834155,51.17960917946579],[6.831798401174547,51.17966035583561],[6.833056678052232,51.17984097605054],[6.83394169540242,51.17996259680675],[6.834792336727003,51.18008505831215],[6.834836379993862,51.18008870673604],[6.834877194262525,51.180087978437385],[6.834918450055927,51.18008698849099],[6.834959043246478,51.18009097770654],[6.834988964040434,51.18010286356215],[6.835009309633182,51.18012671349448],[6.835344900907495,51.18187858163298],[6.835395714240941,51.18208592502864],[6.835418322984391,51.18225389405315],[6.835586043892554,51.18309043406281],[6.836097359330897,51.18286988515686],[6.837147237517071,51.182405811370565],[6.837198133610118,51.18239150851758],[6.837277621981524,51.18237166373729],[6.837349919539308,51.182358700924055],[6.837443498712197,51.18234963910095],[6.837521725143545,51.18234757811975],[6.837600102875988,51.18235145565033],[6.837668855236451,51.18235920227071],[6.837751440046992,51.182374084693755],[6.838584425550962,51.1825814509352],[6.83866769873171,51.182609161285185],[6.838730270478734,51.18263891726768],[6.838783784591736,51.18266958505925],[6.838830650486423,51.182695543240406],[6.838889021829272,51.18274167977089],[6.838949222609993,51.18279459526442],[6.839891795568728,51.18380759853045],[6.841081979662229,51.185089980894695],[6.841704850013715,51.18575279234495],[6.842125368767522,51.186207622783904],[6.842397128765343,51.18650173518534],[6.842861205248729,51.187007820355674],[6.843056465194368,51.18721188843208],[6.843160202459901,51.187316463237366],[6.843246362374953,51.187392923660624],[6.843318837823711,51.18744984045607],[6.843406832672981,51.18751459798313],[6.843521412005714,51.18758928888506],[6.843593584993897,51.18764350185594],[6.843677443023361,51.18771411865302],[6.843783489084418,51.18779688107332],[6.843923523857729,51.18792411365201],[6.844005429053393,51.18800899397899],[6.84407404278824,51.188093494325656],[6.844145936989664,51.18822729489292],[6.844183697966309,51.18831972536246],[6.844208476673437,51.18841434478007],[6.844214270889934,51.18853856283713],[6.844215396737033,51.18866161561177],[6.84416538537715,51.18907997391401],[6.844145231388994,51.18914381648619],[6.844115926330558,51.18922894002742],[6.844083979194235,51.18932467223529],[6.844044072707491,51.18948973302196],[6.843994942563566,51.18986156574903],[6.844309728913959,51.18986008349516],[6.844686504359249,51.189864329506165],[6.845264695888252,51.189876737126156],[6.84584824459751,51.1898939621781],[6.846148145520661,51.18990784960279],[6.846697580509108,51.189938472120545],[6.848693264211202,51.19006666303351],[6.849528812159046,51.19012155610989],[6.850150685059949,51.1901641516383],[6.850423908997452,51.190004051941784],[6.850403380267079,51.190002325597156],[6.850671228700701,51.18984698305187],[6.85117535223398,51.18955959394415],[6.85173824662448,51.1892085286112],[6.8520912773326,51.18899390606459],[6.852575346767027,51.18868496286543],[6.853292236459631,51.188207075469165],[6.854340671516389,51.187458714967605],[6.853738326726969,51.1871813632889],[6.853759775042145,51.187163275134495],[6.853906762901093,51.18703052948362],[6.854135399455838,51.186702053045515],[6.854353375381667,51.186510577322714],[6.854515002615065,51.1862936499802],[6.854652334931504,51.18610986769832],[6.855226929254145,51.18523719415085],[6.855299493698728,51.18514449723332]]]]}},{"type":"Feature","id":"duesseldorf-stadtteil-095","properties":{"name":"Benrath","stadtteil_code":"095","parent_stadtbezirk":"09","year":2025,"metric_scope":"BV9_ONLY_STREET_CRIME_AND_RESIDENTIAL_BURGLARY","metrics":{"street_crime":{"2021":264,"2022":380,"2023":350,"2024":389,"2025":459,"rate":null},"residential_burglary":{"2021":13,"2022":20,"2023":31,"2024":33,"2025":16,"rate":null}}},"geometry":{"type":"MultiPolygon","coordinates":[[[[6.900196571631867,51.16715242562986],[6.900143995712285,51.16714783914498],[6.900100393787957,51.1671440883028],[6.900082868486954,51.167142559462775],[6.900039266573174,51.16713880859791],[6.899972154678931,51.16713301667525],[6.899702843575938,51.16710996799126],[6.898662385969033,51.1670204516377],[6.898481137105732,51.16700491829902],[6.898475936681304,51.16699659575956],[6.898380865263615,51.16685067588417],[6.897910809184449,51.1661273760734],[6.897858672138791,51.166047115868274],[6.897849055722409,51.16603210366611],[6.897774452075796,51.16591744398351],[6.897770819885557,51.165912387274616],[6.897755978828626,51.16588959166669],[6.897743936934279,51.16587129817852],[6.897632436620628,51.1656998554217],[6.897121079295427,51.164913349502065],[6.897117073670802,51.164907071928354],[6.896996869121054,51.16471011020996],[6.896888639328094,51.164532924667114],[6.896977358464667,51.16450700007015],[6.897354198319224,51.1642789106512],[6.897624368514728,51.16411284627709],[6.898001879263017,51.163973667949726],[6.898215839056765,51.1638923900931],[6.898215289117753,51.163838419001],[6.898213078482079,51.163566144968584],[6.898205975713343,51.16193854701466],[6.898205441979637,51.16171432853595],[6.898204763536196,51.161653744866165],[6.898204119906262,51.16141306622827],[6.898203053203259,51.1611911315042],[6.898202638249571,51.16112475173357],[6.898202644595119,51.16111517372939],[6.898202394004817,51.161092370605566],[6.898212000100069,51.16098489061768],[6.898281969365236,51.160984259625046],[6.89828123525448,51.16094377550746],[6.898281407028249,51.160930558093476],[6.898281150069365,51.16091733297339],[6.898280960514268,51.16090262513098],[6.898280709683037,51.16088926521791],[6.898280550565656,51.160883326622525],[6.898280281351674,51.16087037108824],[6.89827887480711,51.16076916849804],[6.898277811006636,51.16067930392564],[6.898276753332696,51.16058930455904],[6.898275260801653,51.16049943227808],[6.89827419087142,51.16040970249485],[6.898273151379207,51.16032874195824],[6.898272111886505,51.16024778142063],[6.89827106626573,51.16016695567493],[6.898268626350433,51.15998465773983],[6.898264902627168,51.15968901811972],[6.898263306911169,51.159554221238004],[6.898261282474373,51.15941941664751],[6.898260658658176,51.15937650624661],[6.898258738775482,51.15922052374331],[6.898254049057734,51.15884230601702],[6.898253248323575,51.15876553174921],[6.898252642694374,51.15873166018],[6.898190798476508,51.15870464713959],[6.898179101331899,51.15867880528798],[6.898181343550154,51.15864835748641],[6.898187211529307,51.15861365795842],[6.898170958111847,51.15857478350557],[6.898162574060512,51.15856100758363],[6.898133379935405,51.158514211031715],[6.89809465621475,51.158469401618476],[6.898028329965675,51.15841829516187],[6.897971128806727,51.15838354108487],[6.897752280434029,51.15833697724026],[6.897633184701083,51.1583518337614],[6.897571223583539,51.15836515432344],[6.89752105174836,51.15838340844532],[6.897313320770023,51.158460345150516],[6.897307214630867,51.158462528699125],[6.897252211499366,51.15845492932607],[6.897211950014034,51.15844395264994],[6.897166078961905,51.15842424127648],[6.897102307677543,51.15837358494481],[6.896925126037751,51.158297685489664],[6.89680744231424,51.158243765956904],[6.896739634000746,51.1582252786627],[6.896697155726656,51.15821588076999],[6.896624545357727,51.158208638894585],[6.896567954991934,51.15822650734209],[6.89652442202518,51.15824029375741],[6.896449537658327,51.1582641734962],[6.896424721132338,51.15827209103816],[6.896377050305625,51.15834853292876],[6.896328318059414,51.15835399664009],[6.896278532727594,51.15835431506427],[6.896201144486398,51.1583577792188],[6.896147383625669,51.15837003244041],[6.896113488635083,51.158407735073844],[6.89607248954323,51.1584412627766],[6.896024325656414,51.15846252025917],[6.895981521573455,51.15846970933429],[6.895826108762587,51.158462326014266],[6.8957465944706,51.15847479012246],[6.895685189493866,51.15849472995252],[6.895667501272338,51.15850628310254],[6.89564321062717,51.15852149471542],[6.895555540856593,51.158581162934475],[6.89549391630108,51.15858706878307],[6.895394125042383,51.15858311422396],[6.895318635280605,51.15858256487229],[6.895274189774376,51.15858810530626],[6.895220949161295,51.15859834392128],[6.895156530556511,51.15861849903499],[6.895109370765903,51.15863653654222],[6.895056820952176,51.158659873127],[6.895000448651924,51.158691774678026],[6.894884670391125,51.158775084044734],[6.894850568077012,51.158789039625354],[6.894816534147457,51.1587920692695],[6.894746703238775,51.15878973278775],[6.894657347081958,51.15879217102782],[6.894600205672764,51.15879384022601],[6.894481614421736,51.15882583533659],[6.894452093711313,51.15883339794895],[6.894395085329969,51.15885098801903],[6.894366036272023,51.15885761478081],[6.894346951944623,51.15886212762653],[6.894286079942843,51.15887033974749],[6.894249387702448,51.15887520999944],[6.894174447967337,51.15888141497657],[6.894123981656866,51.15888725125336],[6.89406792874474,51.15890269992171],[6.894010564038592,51.15892810777327],[6.893962531648414,51.15896528535912],[6.893898075159744,51.158986248521515],[6.893803026453103,51.15901003318594],[6.893780885752815,51.15901570501524],[6.893739047668801,51.15902992564046],[6.893701827161866,51.15904638788083],[6.89368293969175,51.159093668478825],[6.893680955142257,51.159146649686356],[6.893677940087475,51.15921283284345],[6.89366269990992,51.15928365229453],[6.893606754610492,51.15931556087306],[6.893552655375471,51.15932578326708],[6.893474034477562,51.15932800929187],[6.89347419794646,51.15934325629806],[6.893474361415264,51.15935850330423],[6.893447425965944,51.15935639920971],[6.8932876768055,51.15933112718637],[6.893230569106788,51.159350873355535],[6.892992999630743,51.159432660951865],[6.892911518802561,51.159431732291154],[6.892875065561426,51.15943134519668],[6.892752323923474,51.15938488501089],[6.892707190298517,51.15931135879222],[6.892698801616176,51.15929771729008],[6.892689212801345,51.15928216551337],[6.89235240489713,51.15925370109501],[6.892094321544666,51.159267800399206],[6.891913937045911,51.15929989307214],[6.891820504752946,51.15931642050109],[6.891732495132225,51.15935516975787],[6.891675128607718,51.159380576440135],[6.891674592335036,51.15936410857674],[6.891674790564162,51.15935035202155],[6.89157668992009,51.159337521081135],[6.89149402766939,51.15933427677285],[6.891402667933697,51.15937121163052],[6.891332116828504,51.159422281806634],[6.891315831745347,51.15942185322139],[6.891265428318249,51.1593416211383],[6.89124682791058,51.15930729007517],[6.891217630973586,51.15927951306558],[6.891148520983148,51.15921432252833],[6.891127554157818,51.15919424850928],[6.891055168416346,51.1591256262533],[6.890758785152124,51.15892588467734],[6.890675279404131,51.15888471675379],[6.890598627907235,51.15893783489556],[6.890545511523699,51.15896412711786],[6.890502821251262,51.158978196313335],[6.890450020206498,51.158988170887305],[6.890392642207074,51.15897620853276],[6.890335758076521,51.15894401957102],[6.890006162542147,51.15870118229028],[6.889864875457593,51.158591114741185],[6.889780041548469,51.15852267173564],[6.889689882720581,51.158439293201326],[6.889358632301218,51.158120068898654],[6.88924796081456,51.15802552747237],[6.889163239608549,51.15795465777597],[6.888759287559919,51.157639785173195],[6.888639556368124,51.15753698536701],[6.88840577942663,51.15732905978581],[6.888318455607478,51.1572682602025],[6.888252783943035,51.1572218815475],[6.88812610064137,51.157158617218485],[6.887991803579742,51.1571023651021],[6.887129128071733,51.156789452698575],[6.886779709986933,51.15666186003085],[6.88631185953668,51.15648774223463],[6.885641818043172,51.1562317225436],[6.885416805251599,51.15615156792279],[6.884971728941582,51.155995663798876],[6.884395197988795,51.15577788712623],[6.88412932921693,51.15566245547135],[6.883951627672237,51.155589224774694],[6.883203193299516,51.155284286139874],[6.882990467151441,51.15518897021915],[6.882646769015733,51.155058770507615],[6.882168406712253,51.15488066822433],[6.881709411465169,51.154720047570066],[6.881637797153785,51.15469122981281],[6.880943423440412,51.154433662715135],[6.879852955918656,51.154028879951866],[6.879682964929327,51.15395618718709],[6.879350465291227,51.15378800300445],[6.879208349145063,51.15370623694769],[6.878844565108523,51.15347192070357],[6.878660875361794,51.153351896553275],[6.878530825981578,51.153268999542476],[6.87835840430005,51.15316523288063],[6.878071260151219,51.152971831572785],[6.876967773200149,51.15361822400983],[6.87615035547758,51.153051488096736],[6.876075264026803,51.15299575789837],[6.875776884162955,51.15274832022101],[6.875657375553048,51.15265090696454],[6.875557568104743,51.152563564611505],[6.875436977454662,51.15245237128637],[6.875337616711588,51.15235532379009],[6.875240119593393,51.15225507238374],[6.874944716961537,51.15195237608725],[6.874646727660335,51.151696713377156],[6.874493625593398,51.15157427065706],[6.874327790259397,51.15145820651538],[6.874121390141733,51.15133803198837],[6.873959858601769,51.1512497008242],[6.873416656471467,51.15098121173909],[6.873154363252647,51.150845179441355],[6.872968972741607,51.15073469336422],[6.872885639496339,51.15068110447601],[6.87279195027241,51.15061950269608],[6.872683108804242,51.15054224612214],[6.872595681337063,51.15047509215226],[6.872512490798431,51.15040909444045],[6.872225611287798,51.15051854220298],[6.871373056779802,51.150810874270036],[6.870215823659883,51.15119815397193],[6.869826776410518,51.151327454314206],[6.869656553303689,51.15137210884646],[6.869433757334989,51.15144980090295],[6.86925886836555,51.151511907331844],[6.869211364422823,51.151528039499134],[6.869153653883929,51.151542231886204],[6.86905329702932,51.15156023372951],[6.868931675912394,51.151574205511245],[6.869092972418677,51.15197470678467],[6.869231540229781,51.15231921323037],[6.869273436587796,51.152387563535136],[6.86931650115801,51.152467806644765],[6.869340257987168,51.15253879424463],[6.869478439052821,51.15294764239697],[6.869527524775439,51.153055515500526],[6.869558289670555,51.15312339305118],[6.869787585756479,51.15354739132087],[6.869897163391875,51.15366459546414],[6.870050110863936,51.15379027907592],[6.87020318237373,51.15388534159092],[6.870323458043364,51.15395660310801],[6.870489527053683,51.1540489340964],[6.87061874302251,51.15411239881088],[6.870768485487005,51.154177316408926],[6.870904007572197,51.15423428535714],[6.870741498926892,51.1543254888666],[6.870634264342608,51.15431571158372],[6.870523029451467,51.15431827248879],[6.870432302479724,51.15433199910584],[6.870297181323099,51.15435948664531],[6.870136559247806,51.15443763802355],[6.869523448671721,51.15495987743423],[6.869430192386169,51.155019154655676],[6.869322944879547,51.155065495895435],[6.869214174800502,51.15508901056031],[6.86911322609696,51.155091757587115],[6.869039035078218,51.15509107998503],[6.868953257542556,51.155090460969035],[6.867676932808891,51.1550802774797],[6.866673242803366,51.15507505470188],[6.865739507231448,51.15506934648086],[6.865051940081814,51.15506569765345],[6.863630633808081,51.15506415452604],[6.862954039381575,51.15505516278213],[6.862269802798829,51.15505371691671],[6.861773082614812,51.15504234089538],[6.861597491778132,51.1549892152326],[6.861426772527109,51.154932805809096],[6.861363950658648,51.154973881672234],[6.860191784583092,51.15491021090135],[6.857442872456527,51.15490357975827],[6.857446301248725,51.15493143280379],[6.857449723799224,51.15495942063867],[6.857452717687309,51.154987400618325],[6.85745571157851,51.15501538059782],[6.857458705472828,51.15504336057717],[6.857461264458114,51.15507146749083],[6.857463401024115,51.155099431759844],[6.857465537592248,51.15512739602871],[6.857467667917139,51.15515549508696],[6.857469804489373,51.15518345935557],[6.85747108372742,51.15521140791405],[6.857472785389574,51.155239499116924],[6.857474058384629,51.155267582464674],[6.857474902711806,51.15529565795731],[6.857475759530002,51.15532346387082],[6.857476603858212,51.15535153936322],[6.857477019517136,51.155379607000505],[6.857477435176105,51.15540767463768],[6.857477422164802,51.155435734419726],[6.85747740915297,51.15546379420165],[6.857476967469827,51.15549184612844],[6.857476525785689,51.155519898055104],[6.857476084100449,51.15554794998164],[6.85747521374265,51.155575994053],[6.85747434962863,51.15560390333474],[6.857473050595624,51.155631939550794],[6.857471751560532,51.155659975766696],[6.857470023850753,51.15568800412737],[6.857468296138368,51.15571603248789],[6.857466145995716,51.15574391820363],[6.857463989604496,51.1557719387087],[6.857461833210207,51.15579995921358],[6.857459248138902,51.15582797186314],[6.857456663063953,51.1558559845125],[6.857453649310952,51.15588398930648],[6.857450635553846,51.15591199410023],[6.857447193117598,51.15593999103857],[6.857443750676729,51.15596798797664],[6.857440314476662,51.15599585012494],[6.857436014675105,51.15602383135203],[6.857432149789314,51.15605168564453],[6.857427849976561,51.15607966687095],[6.857423556403706,51.156107513307525],[6.857418834148501,51.156135351888494],[6.857414105641412,51.156163325258554],[6.857408960942239,51.15619102119394],[6.857403803745033,51.156218986707856],[6.857398652786796,51.15624681743187],[6.857393073143847,51.15627464030007],[6.857387493493686,51.15630246316779],[6.85738148515784,51.1563302781796],[6.85737548306002,51.15635795840142],[6.857369046029714,51.1563857655567],[6.857362608991171,51.156413572711415],[6.857355749510725,51.15644123722052],[6.857348890021582,51.156468901729006],[6.857342024277814,51.156496701026356],[6.857334736090998,51.15652435767796],[6.857327447894924,51.15655201432889],[6.85731973100888,51.156579663123445],[6.857312020359166,51.15660717712779],[6.857303874772401,51.156634818065086],[6.857295735421517,51.15666232421213],[6.857287596060475,51.15668983035836],[6.857279021761076,51.156717463437396],[6.85727003126095,51.156744819080735],[6.857261028257315,51.15677244430206],[6.857252037734968,51.15679979994353],[6.857243040955222,51.156827290373506],[6.857233621727286,51.156854638157064],[6.857223767557789,51.15688211287295],[6.857213919622562,51.15690945279831],[6.857204071675174,51.15693679272259],[6.857193801277848,51.15696399000012],[6.857183524621431,51.15699132206595],[6.857172825514202,51.15701851148487],[6.857162120147306,51.15704583569201],[6.857150998575188,51.15707288246262],[6.857139876989611,51.15709992923191],[6.857128749143939,51.15712711078932],[6.857117192598593,51.15715428448887],[6.85710564228604,51.15718132339757],[6.857093663272953,51.157208354448265],[6.85708168424542,51.15723538549746],[6.85706928276326,51.15726227389901],[6.857056881266297,51.15728916229895],[6.857044473507445,51.157316185486735],[6.857031643292914,51.15734306602664],[6.857018813062983,51.15736994656485],[6.857005560376566,51.157396684455],[6.856992307674398,51.15742342234335],[6.85697862626769,51.15745015237285],[6.8569649448448,51.15747688240046],[6.856951275900205,51.157503342847335],[6.856937165755413,51.15753006501392],[6.85692306184123,51.157556652389104],[6.856908529220463,51.15758323190496],[6.856894002830065,51.157609676629306],[6.85687947642265,51.15763612135152],[6.856864521307488,51.15766255821413],[6.856849566174825,51.15768899507452],[6.856834188581187,51.15771528928569],[6.856818810969668,51.15774158349452],[6.856803004648528,51.1577678698433],[6.856787198309084,51.15779415618958],[6.856771398199167,51.157820307744046],[6.856755169378594,51.15784645143814],[6.856738946787337,51.157872460340265],[6.856722289236479,51.15789859617115],[6.856705209221459,51.15792458935187],[6.85668856412832,51.157950455598545],[6.856671490322666,51.15797631398429],[6.856654416497551,51.158002172367205],[6.856636913958924,51.15802802288895],[6.856619411400371,51.1580538734077],[6.856601492624303,51.1580794464863],[6.856583561331018,51.15810528914052],[6.856565642514501,51.15813086221293],[6.856547294982601,51.158156427423556],[6.856528947430072,51.15818199263095],[6.856510177409969,51.158207415186915],[6.856491407368893,51.15823283773953],[6.856472637306846,51.15825826028876],[6.856453438527454,51.15828367497559],[6.856434245975662,51.15830895486957],[6.856414624705733,51.158334226900834],[6.856395015912194,51.15835922934976],[6.856375400848023,51.158384366584386],[6.856355357064702,51.15840949595593],[6.856335319508579,51.15843449053434],[6.856314853232581,51.1584594772494],[6.856294393183535,51.158484329171145],[6.856273933112196,51.158509181088974],[6.856253044319988,51.15853402514304],[6.856232161754665,51.15855873440368],[6.856210850467654,51.158583435800246],[6.856189545407348,51.158608002403234],[6.8561682340743,51.158632703791305],[6.856146506518241,51.15865712773625],[6.856124778939012,51.15868155167681],[6.85610262263632,51.15870596775256],[6.856080466310018,51.158730383823745],[6.856058316210225,51.158754665101064],[6.856035737386066,51.15877893851315],[6.856013164788263,51.1588030771312],[6.855990169715752,51.158827073094436],[6.85596717461913,51.15885106905275],[6.855944179498453,51.15887506500617],[6.85592075565169,51.15889905309361],[6.85589733803112,51.15892290638669],[6.855873926636909,51.15894662488543],[6.855850086515887,51.15897033551775],[6.855826246370192,51.15899404614484],[6.855802412450749,51.159017621977405],[6.855777721100488,51.1590411820815],[6.855753464679347,51.159064615252426],[6.855729208233462,51.15908804841795],[6.85570409435512,51.15911146585426],[6.855679415406492,51.15913475635753],[6.855654313980046,51.159157904203866],[6.855629212528279,51.15918105204442],[6.855603688598126,51.15920405722767],[6.855578164642391,51.15922706240497],[6.855552646912891,51.15924993278706],[6.855526700452639,51.159272795300645],[6.855500753966613,51.15929565780806],[6.855474813706703,51.159318385520095],[6.855448450967373,51.1593409705739],[6.855422081949966,51.159363690410615],[6.855395725410977,51.15938614066253],[6.85536894013975,51.15940858304496],[6.855342154842374,51.15943102542085],[6.855314953317002,51.15945319034843],[6.855287745512785,51.1594754900585],[6.855260543934905,51.15949765497263],[6.855232919876078,51.15951967722718],[6.855205295790814,51.15954169947479],[6.855177671679113,51.15956372171549],[6.855149625085911,51.15958560129609],[6.855121584719145,51.159607346080385],[6.855093544325896,51.159629090857536],[6.855065081450783,51.1596506929741],[6.855036618549025,51.15967229508333],[6.855007739418431,51.15969361974236],[6.854979282716746,51.15971508704768],[6.854949974823392,51.15973640382704],[6.854921101866248,51.15975759367433],[6.85489180017277,51.15977877564914],[6.854862498452369,51.15979995761622],[6.854832774248919,51.15982099692122],[6.854803056272376,51.15984190142912],[6.85477333826895,51.15986280592907],[6.854743626492795,51.15988357563192],[6.85471349223339,51.15990420267207],[6.854683357947051,51.15992482970405],[6.854652801177048,51.15994531407288],[6.854622244379933,51.15996579843334],[6.854591687555705,51.15998628278543],[6.854561143213997,51.16000649755086],[6.854530170133566,51.16002670444163],[6.854499197026095,51.1600469113238],[6.854467807689388,51.16006684075258],[6.854436412070362,51.16008690496169],[6.854405028934717,51.160106699583714],[6.854373645772192,51.16012649419694],[6.854341840125239,51.16014614614524],[6.854310034451253,51.1601657980845],[6.854277806292533,51.16018530735836],[6.854246006820186,51.160204824490336],[6.854213784863204,51.160224198956676],[6.854181140421263,51.16024343075707],[6.854148924666312,51.16026267041568],[6.854116286426461,51.160281767408094],[6.854083225701608,51.160300721733954],[6.854050587407884,51.160319818707265],[6.854017532885444,51.16033863822472],[6.853984484592718,51.160357322943355],[6.853951007558273,51.16037599978382],[6.85391753675367,51.16039454182525],[6.853884065922229,51.16041308385672],[6.853850601320985,51.160431491089156],[6.853816707977504,51.16044989044268],[6.853782827121441,51.160468020207894],[6.85374894623894,51.160486149962914],[6.853714636613764,51.1605042718384],[6.853680339476773,51.16052212412535],[6.853646042313388,51.16053997640189],[6.853611745123609,51.160557828667976],[6.853577031706252,51.16057540347572],[6.853542318262667,51.160592978272774],[6.853507182333655,51.16061041040001],[6.853472475095523,51.16062785038658],[6.853668291507102,51.162602390819394],[6.853508561080144,51.16265085712431],[6.853376206865128,51.16270117483201],[6.85323347815462,51.16276236404031],[6.85309804386605,51.16282355210205],[6.852966073476622,51.16289330255603],[6.850881535318334,51.16407373027469],[6.849022173251294,51.16513442185162],[6.847762483355324,51.165802490656176],[6.847873386149833,51.16588142708986],[6.84804885283146,51.166002292603544],[6.849585657177627,51.167282742488325],[6.850730815548546,51.168265930382226],[6.850863373379781,51.16837777371499],[6.851006754486511,51.168496830795966],[6.851394349615217,51.16882772234163],[6.851660186556431,51.169036041505485],[6.851779296750526,51.169141835835234],[6.852456652789904,51.16970225660221],[6.852689804007526,51.16991226641861],[6.852821068423705,51.17007062548175],[6.852906333039961,51.17019373933624],[6.853024997519903,51.17036468265864],[6.85315693663335,51.17059171970103],[6.853239842651811,51.170765648691265],[6.853319907067564,51.17096380811782],[6.853443090710691,51.171379414349715],[6.85365128286194,51.17131389531534],[6.853864955146554,51.17125050004453],[6.854013356254574,51.17119710358602],[6.85415488346756,51.171143850610335],[6.854657452586025,51.170921981815],[6.855193754733073,51.170685215677324],[6.85534125389451,51.170623436978424],[6.855480029863061,51.170573909259105],[6.855656518481438,51.17051630420105],[6.85583984617311,51.170468537344746],[6.856005968476357,51.17043084233363],[6.856172006623295,51.17040420764601],[6.856343102759644,51.170379554096534],[6.856491885642341,51.1703640694487],[6.856777752055201,51.17034475668377],[6.857291424029195,51.1703180159426],[6.858321453850034,51.17025284027298],[6.85940710311232,51.17018206342008],[6.860143701222334,51.17013267980978],[6.860933084825525,51.17008331282886],[6.861337877181422,51.170062926631246],[6.861726262591362,51.170081765769794],[6.862038878948472,51.17010569372747],[6.862433694496144,51.17014326476349],[6.862619602623879,51.17016015329533],[6.862818587070441,51.170172693797156],[6.863381893466629,51.17022332374875],[6.863520589680726,51.1702402925274],[6.863666669219217,51.17025537247411],[6.865309510219793,51.17040462870989],[6.865734366794181,51.170442332242224],[6.86582701435108,51.17045279187017],[6.865998191180884,51.17045416206238],[6.866162221362341,51.17045229881453],[6.866377976544109,51.17044557826172],[6.866551347744227,51.17043660011421],[6.866716453733813,51.170420725755285],[6.866867054676297,51.17040296772771],[6.867070176209148,51.17037240733376],[6.867333773021693,51.17032406304447],[6.867436104392081,51.17030137685071],[6.867522084885604,51.17027960652534],[6.867594678888302,51.170259615581806],[6.867660393207302,51.17023990385418],[6.867858784952584,51.17018160064146],[6.868444921173145,51.17000719875177],[6.868605407928605,51.16996115406858],[6.868741098040698,51.16992234673109],[6.868884866900661,51.16988517040584],[6.868994560873579,51.169860998194636],[6.869106982940671,51.16984281134519],[6.869221356314418,51.16982884195049],[6.869345051522729,51.16981747055473],[6.869474457933481,51.169812543544396],[6.869591167967992,51.169813051028406],[6.869736775945113,51.169819750780825],[6.869838279109243,51.16983360623742],[6.869913115523526,51.16984872960181],[6.870001736127116,51.16987206329756],[6.870318279578149,51.16997846660714],[6.871236673523041,51.17034243023399],[6.872419351660013,51.17081115861559],[6.872491171687303,51.17076133691665],[6.872526922736872,51.170730554862786],[6.872548951627947,51.17069952315268],[6.872579438913672,51.17067120848338],[6.873388217938293,51.16995771125696],[6.873531078801394,51.17001481017068],[6.873702456969312,51.170114382386],[6.873785926639876,51.1701844309962],[6.873854226913069,51.17025771122503],[6.873901484564092,51.17033128334591],[6.873943603769841,51.170413935450696],[6.873981835720112,51.17052511637227],[6.874035191953833,51.17067137730132],[6.87405905237694,51.17074978521054],[6.874069188729628,51.170809326952984],[6.874067567210665,51.17087256713385],[6.873975864608938,51.17113072375622],[6.873813262350324,51.17151197208624],[6.873782549822532,51.17164780092031],[6.874426214239069,51.171967486639964],[6.874642441776122,51.17195994995942],[6.875958375225837,51.172631260169766],[6.876346532024344,51.17283311008814],[6.876493185920304,51.17290133622394],[6.87702464647839,51.17316973012204],[6.877799433667754,51.1735697513225],[6.877920868011576,51.173654515757185],[6.878128069335245,51.17375958785727],[6.878190853355534,51.17378500961482],[6.878286039745515,51.17382450955008],[6.878285097950936,51.173807629564244],[6.878290687869456,51.17378870963467],[6.878308409245148,51.173767311745145],[6.878339218766751,51.17374129479636],[6.879610175122766,51.17285078247737],[6.879713042169609,51.17277899049969],[6.879772825421306,51.17272948574047],[6.879848720700234,51.172665568619216],[6.880824401340392,51.17178304493301],[6.880955287137408,51.171858264481195],[6.881416977744972,51.172160313970565],[6.881615642349092,51.17229247568197],[6.88171784590556,51.17235678722534],[6.882599881427237,51.17294582977833],[6.882836548773787,51.17311051458464],[6.88298733998348,51.17321981795197],[6.883253420243059,51.17342644960687],[6.884046938758776,51.17410291465491],[6.884398345404867,51.174424136245655],[6.884967713823341,51.17498160204721],[6.885999400224462,51.17608244855156],[6.886144393961447,51.17623440713576],[6.88621204718789,51.176313064318464],[6.887517706327849,51.17593855840242],[6.887769857539384,51.17586851166609],[6.889631703368764,51.175316646583056],[6.890594818452525,51.175035617766774],[6.892180829518352,51.17456372545421],[6.892430957358246,51.17449066440553],[6.893967378883541,51.17403242383239],[6.894123303811473,51.17398261967474],[6.894445757270332,51.173885764814486],[6.894700430537552,51.17380697996387],[6.895194972599819,51.173653998654984],[6.895339727337231,51.173660920852114],[6.895369652085469,51.17362584505838],[6.895433085701139,51.173552385378606],[6.895440352432459,51.17354361256552],[6.895452537203394,51.17348339536103],[6.895473955905067,51.173474877230994],[6.895585870970053,51.173430079939465],[6.895608165732483,51.17342117284148],[6.895720509386755,51.17337638313486],[6.895735366390609,51.173370579844885],[6.895778019450296,51.173357587247466],[6.895807187967815,51.17334853399047],[6.895930803255147,51.17331069204259],[6.896158242115294,51.17327377352835],[6.897285507878141,51.17293938856326],[6.898543279285884,51.17256619272809],[6.898776471817581,51.172496995864925],[6.89878159984602,51.172478606317824],[6.898803374082529,51.1723961672176],[6.8988064741749,51.172384621276024],[6.89882867715599,51.172302189874145],[6.899168708209219,51.17102510312572],[6.89919356250222,51.17093152233972],[6.899236519681916,51.170770140813765],[6.899249452107289,51.17072167320465],[6.899344738275531,51.17036265466669],[6.899372183146956,51.17025927246473],[6.899412063745445,51.17010889763544],[6.899438528140912,51.17000819586096],[6.899461292322735,51.16992280654161],[6.89952078752681,51.1696996666421],[6.899654471862757,51.16919442829507],[6.899722302180614,51.16893892639253],[6.899792704475111,51.16867402743592],[6.899827902241017,51.16854164533042],[6.899861611274469,51.168413688271734],[6.89992369960206,51.16818061189797],[6.899974406213241,51.167990230211615],[6.900136568798533,51.167377445441936],[6.900181558734343,51.16720895017307],[6.900196571631867,51.16715242562986]]]]}},{"type":"Feature","id":"duesseldorf-stadtteil-096","properties":{"name":"Urdenbach","stadtteil_code":"096","parent_stadtbezirk":"09","year":2025,"metric_scope":"BV9_ONLY_STREET_CRIME_AND_RESIDENTIAL_BURGLARY","metrics":{"street_crime":{"2021":97,"2022":126,"2023":122,"2024":109,"2025":104,"rate":null},"residential_burglary":{"2021":9,"2022":5,"2023":21,"2024":23,"2025":13,"rate":null}}},"geometry":{"type":"MultiPolygon","coordinates":[[[[6.896098205612494,51.135270178049254],[6.896086820614059,51.135256482797715],[6.896036334876939,51.13519729585583],[6.895932952179788,51.13507537101152],[6.895880520242389,51.13490809115379],[6.895889224079679,51.134810982279696],[6.895905578002663,51.13463050573273],[6.895916419073724,51.134514683711906],[6.895926078289935,51.1344059903111],[6.895937170513883,51.13428464175552],[6.895550792609046,51.13409597192576],[6.895553668438967,51.133919569697326],[6.895819450513196,51.13379902827094],[6.895726831310396,51.133695104210666],[6.895217748999269,51.13350786691676],[6.895175486205924,51.13337166270634],[6.895119399354422,51.13319055645382],[6.895059523414923,51.13301734126043],[6.895159275054155,51.132888955229625],[6.895006120308516,51.13264525961769],[6.894989716539978,51.13230824459437],[6.894816603312875,51.13215457480811],[6.894735889818779,51.13195872505353],[6.894517941745066,51.1318951725027],[6.894492484325447,51.131757247103074],[6.894499357542919,51.13169099825683],[6.894518273907723,51.13151083775136],[6.894519854417822,51.13149494757597],[6.894456844323753,51.13144727093669],[6.894408339791683,51.131410647826385],[6.894032898620832,51.13129326396671],[6.893820120124174,51.131172738920945],[6.893691792569157,51.13109987218828],[6.893609435933083,51.13105333044422],[6.893605249543163,51.13105109655278],[6.89376263626792,51.131022499699746],[6.89422485501668,51.13093841745384],[6.894391318240327,51.13090822950352],[6.894420716759508,51.13090295815035],[6.894415894199362,51.13089585629483],[6.894351873585693,51.13079500930932],[6.89431586402716,51.13073824074238],[6.894318778519764,51.13030660120736],[6.89431943679869,51.130197880629666],[6.894319716874817,51.13014459868657],[6.894280635958642,51.13007995035913],[6.894219224182455,51.12997834084898],[6.89419728489847,51.12994219615216],[6.894184962381981,51.1298925994008],[6.894157692424346,51.12978512947766],[6.893978539490326,51.129679645071995],[6.894043080018553,51.12962765567555],[6.894210912920038,51.12949186301875],[6.894279229159802,51.129441695255665],[6.894293864392467,51.12943103166809],[6.894406765865103,51.12934335424276],[6.894403785464346,51.129267484635065],[6.894389234627754,51.12907835724998],[6.894138320101505,51.129183649248134],[6.894130889480177,51.12918675308426],[6.894060953450841,51.129215981493815],[6.893669723784122,51.12937999101583],[6.893634314783398,51.12939486695099],[6.893282867800241,51.12954205450328],[6.893189597011419,51.129754196135195],[6.893148033635943,51.129847744827515],[6.893093986768974,51.129970612449384],[6.892844839729426,51.13053609039128],[6.892699468933055,51.130865872949244],[6.892630944039309,51.13074160544711],[6.892344628125595,51.13036222066281],[6.892087337480402,51.13009883615645],[6.891828386722186,51.12990961821709],[6.891023068407959,51.12953408998968],[6.890697472957479,51.12941489638569],[6.890445682330995,51.12932280036757],[6.889974583649629,51.129150390002636],[6.889725813424975,51.12912377530658],[6.889564890389416,51.12907014640318],[6.888788586209252,51.12881127856639],[6.888800100816772,51.128831452293525],[6.88864841700085,51.12880092263201],[6.888574490816784,51.12878596213573],[6.886432218801941,51.12835535364312],[6.885937237929941,51.1282557478737],[6.885709081612563,51.128209801382845],[6.885473223799853,51.12817288860686],[6.884811608392618,51.12806985908001],[6.884610105007767,51.128097510643514],[6.884456501553452,51.12811847409046],[6.884394793222052,51.12812707042819],[6.884385327100703,51.12809964850863],[6.884370180096744,51.12805580039428],[6.884366774026954,51.128045890760724],[6.884340765753365,51.12801452705239],[6.884259461627076,51.12791713884348],[6.884249709344281,51.12790536059587],[6.884153756778414,51.12769695100375],[6.88414384410434,51.12752922081318],[6.884144059755707,51.127524503076174],[6.88415664130743,51.12738996169385],[6.884159778260609,51.12735885564524],[6.884133886782231,51.12728742750682],[6.884071843089261,51.12711578583464],[6.884046643778859,51.12712301924342],[6.884017967842212,51.12713126894911],[6.882899293352186,51.12745029827468],[6.882703301456676,51.127582462079076],[6.882477666976864,51.127734594031445],[6.881223500420647,51.127884411662485],[6.881031221061245,51.12790723279434],[6.880681511660279,51.12801583158772],[6.880464104123099,51.1280630185799],[6.879762327868852,51.12814432059998],[6.879589050343065,51.12818286307117],[6.879121445640581,51.128244125839565],[6.878161633242144,51.128370111440304],[6.877550033548379,51.12835482677286],[6.876568452164919,51.12828222991675],[6.87647967115661,51.12829208407377],[6.876131016426978,51.12833067323626],[6.875625480396682,51.1283867810618],[6.874597168792398,51.12850083520227],[6.874566136460244,51.12850431811415],[6.874488133374549,51.12851288277626],[6.874455374944253,51.12851660408278],[6.875113389958255,51.129818520005585],[6.875137924083052,51.12994725977694],[6.875102186242695,51.13004387605673],[6.875038075455532,51.13012338337733],[6.874783378875939,51.13030060415978],[6.874405209329714,51.13048664152757],[6.874174002139359,51.1306004784444],[6.874110397891124,51.13063156389302],[6.873994739817619,51.130703657843625],[6.873561701760371,51.13097314463928],[6.873177200507131,51.13121275475316],[6.873099954540391,51.131260724297874],[6.872979132173235,51.13137980484206],[6.872913586019163,51.131443770924186],[6.872887274979141,51.131428452728194],[6.872876414001377,51.13142218441999],[6.872848848605864,51.131406168870605],[6.872726459510235,51.1313354105246],[6.871983389519133,51.13090516760608],[6.871077860365132,51.1303807661529],[6.870814713281275,51.130228658249564],[6.869771381720553,51.12962443637331],[6.869617676053105,51.129535566470985],[6.869587194532446,51.129517743235176],[6.869537905064756,51.12948932450517],[6.869037127979234,51.12919946127232],[6.868522043616739,51.129248349390615],[6.868040984348881,51.12929394355314],[6.867674476892027,51.129328809370584],[6.866700952532369,51.12924872197413],[6.864764486729666,51.12902666008432],[6.864736157448851,51.12916671295116],[6.863925496011796,51.12921854561603],[6.863279115289742,51.12925988508983],[6.862962167882426,51.12927999309305],[6.862898946008609,51.129284098597424],[6.861896972774955,51.12922598005358],[6.862204681898956,51.12970296352245],[6.86067136769928,51.13016556061611],[6.859499406531361,51.13051900681183],[6.859379380319415,51.130555256788554],[6.859149778266708,51.13062430533722],[6.858477895617839,51.130827036666474],[6.858126946252247,51.13093298247667],[6.857919944014135,51.13099542766989],[6.85760466121735,51.13109042368402],[6.857429402107152,51.13114333191774],[6.857135857917302,51.13123184497313],[6.857132087968401,51.1311558246714],[6.85711140194693,51.130769079168864],[6.857091946901728,51.130429842570145],[6.85695574568037,51.13038012923582],[6.856881617853068,51.130360423286774],[6.856906130627384,51.130340367193405],[6.85693738200751,51.13031368940635],[6.857035179090567,51.13022968297517],[6.857076230374553,51.13019509053023],[6.857096321316305,51.13017792123843],[6.857318443118668,51.13010374814512],[6.857383775496155,51.130081876945525],[6.857545376834518,51.13002750435059],[6.857581529677851,51.130015350999436],[6.857670662803936,51.12998878946097],[6.85798542836782,51.12989553758249],[6.858194344007696,51.12974530455929],[6.858453392349819,51.129558755953376],[6.858476009432652,51.12954257703619],[6.858601539660626,51.12945219723235],[6.858523939017964,51.12941489112427],[6.858958137773561,51.12893651381559],[6.859554533012348,51.12827925367467],[6.859576225342371,51.12825523315756],[6.859668844350881,51.12815318745241],[6.859519291147888,51.128104851453415],[6.859329612131352,51.12804336926909],[6.859233292057955,51.12801219623316],[6.858378735446814,51.12752100536648],[6.858012858976977,51.127310730934376],[6.857673711482097,51.1271159195784],[6.856145938217197,51.126237742528254],[6.856046742865967,51.126305803838875],[6.855947534736019,51.12637413464117],[6.855848742226803,51.1264427427929],[6.855750793740366,51.12651163615326],[6.855691402266325,51.12655344637036],[6.855631569793521,51.12659551827714],[6.855572159370388,51.12663773280053],[6.855513177242115,51.12667995515121],[6.855454188761118,51.126722312260554],[6.855395200171938,51.126764669338556],[6.855336627388763,51.12680730382488],[6.85527805449738,51.12684993828028],[6.855219481497792,51.12689257270474],[6.855161752710099,51.12693549239894],[6.855103601654744,51.12697826941253],[6.855045872652036,51.12702118904635],[6.854988137295642,51.12706424344004],[6.854930823992354,51.1271074404548],[6.85487350433519,51.1271507722298],[6.854816184570268,51.12719410397512],[6.85475928685914,51.12723757834255],[6.854702389040726,51.1272810526807],[6.854645907029665,51.127324804431694],[6.854589424911342,51.12736855615381],[6.854533377343423,51.1274121809199],[6.854477317173869,51.12745607523728],[6.854421250649506,51.12750010431613],[6.854365612429175,51.127544141229826],[6.854310390017415,51.12758845555879],[6.854254745335961,51.12763262720643],[6.854199522711446,51.12767694147985],[6.854144722144645,51.12772139837962],[6.854089915223003,51.12776599004199],[6.85403553660876,51.12781058954168],[6.853980729475308,51.127855181149705],[6.853926766565257,51.1279000580401],[6.853872375135326,51.127944927038804],[6.853818840429637,51.12798981174144],[6.853764870953953,51.1280348233422],[6.853711323538536,51.12807997757208],[6.853658198183989,51.12812527443166],[6.853605078975344,51.128170436475735],[6.8535519471611,51.12821586807368],[6.853499243659477,51.1282613075125],[6.853446533802743,51.12830688171579],[6.853394252259874,51.128352463760706],[6.853341964362108,51.128398180570464],[6.853289670108855,51.128444032145005],[6.853237804170908,51.12848989156219],[6.853186360297696,51.12853589361231],[6.853134910069562,51.128582030427985],[6.853083459738091,51.12862816721943],[6.853032431472347,51.128674446644766],[6.852981409356212,51.128720591256545],[6.852930803054543,51.12876701329267],[6.852880196650554,51.12881343530535],[6.85282958389139,51.128859992084244],[6.852781181929806,51.128905105499456],[6.852779393199893,51.12890669149868],[6.852729637083238,51.12895326396983],[6.852679868358964,51.12900010599763],[6.852630099533102,51.12904694800268],[6.852580752777061,51.129093932644736],[6.852531405919961,51.12914091726441],[6.852482481133694,51.129188044521804],[6.852433556246903,51.129235171757166],[6.852385047177776,51.12928257642065],[6.852336544262867,51.12932984627278],[6.852288034993372,51.1293772508929],[6.85224443222798,51.12942056359703],[6.852200835635118,51.12946374149398],[6.852157232705169,51.12950705416304],[6.852114051866809,51.12955050947601],[6.85207087720189,51.12959382998214],[6.852028118374378,51.12963742792243],[6.851985359465587,51.12968102584583],[6.851942600475414,51.12972462375231],[6.851899835148089,51.129768356431484],[6.8518574981706,51.12981209696653],[6.851815583288039,51.12985598014754],[6.851773668325185,51.129899863312254],[6.851731753282039,51.12994374646068],[6.85169026033508,51.12998777225582],[6.851648767308409,51.13003179803496],[6.851607267945178,51.130075958587724],[6.851542704512462,51.13014586673009],[6.85149799941609,51.13019442017851],[6.85145413858106,51.130243258936076],[6.851409849216698,51.13029208980122],[6.851365988193961,51.13034092852273],[6.851322971435517,51.130390052555],[6.851279526147632,51.130439168694984],[6.851236937641421,51.13048830056762],[6.851194342785628,51.13053756721279],[6.851152163760076,51.130587111295455],[6.851109990901382,51.13063652057193],[6.851068233873855,51.13068620728652],[6.851026905195249,51.130735901860675],[6.850986004866913,51.13078560429482],[6.850945091931863,51.13083557629222],[6.850904607348307,51.13088555615024],[6.85086412267615,51.13093553599279],[6.850824053838839,51.13098579327554],[6.850784413355722,51.13103605841998],[6.850745201228109,51.131086331426545],[6.8507059764949,51.131136873997455],[6.850667180118512,51.13118742443108],[6.850628812100369,51.13123798272785],[6.850590431477159,51.131288810589545],[6.850552491733669,51.13133937673604],[6.850514961571039,51.13139035511504],[6.85047785977046,51.1314413413586],[6.850440751626277,51.13149246237844],[6.850404071845857,51.1315435912634],[6.850367391983029,51.13159472013546],[6.850331556412073,51.13164613433064],[6.850295720760093,51.13169754851346],[6.850259885027093,51.131748962683915],[6.85022490611176,51.131800392599985],[6.850189914594743,51.131852092083044],[6.850155351448422,51.13190379943353],[6.850120781961937,51.13195564156185],[6.850086640847802,51.132007491558085],[6.850053350297387,51.13205949209171],[6.850019631218482,51.13211148473474],[6.849986762705742,51.132163627915894],[6.849953894117436,51.132215771086464],[6.849921447644983,51.13226805691603],[6.849889001097695,51.13232034273525],[6.849856976667842,51.13237277121393],[6.84982538061883,51.13242520756304],[6.849794206689693,51.13247778657231],[6.849763026425447,51.13253050036134],[6.849732274545082,51.13258322202162],[6.84970195731289,51.13263581676419],[6.849672055941734,51.13268868895743],[6.849642154500599,51.13274156114175],[6.849612675184788,51.13279457598783],[6.849583624258702,51.13284759870667],[6.849554567001078,51.13290075620636],[6.849525938134863,51.13295392157927],[6.849497737661619,51.13300709482571],[6.849469959319061,51.133060410735325],[6.849442180910782,51.133113726637106],[6.84941525309666,51.133167193084596],[6.849387896756298,51.133220651642475],[6.849361391012597,51.13327426074666],[6.849334885205787,51.13332786984365],[6.849308801535442,51.13338162160522],[6.849283152531232,51.13343524645313],[6.849257919401905,51.13348914875554],[6.849232692476487,51.13354291626203],[6.849207893956378,51.13359669164483],[6.849183082847761,51.133650736599776],[6.849159128612778,51.13370479731449],[6.849135174320065,51.133758858023164],[6.849111648437302,51.133812926609075],[6.849088544700999,51.13386713786178],[6.849065440908833,51.133921349108775],[6.84904275926479,51.13397570302293],[6.849020512300432,51.134029930025946],[6.848998681221896,51.13408443448586],[6.848976856355363,51.13413880415137],[6.848955453641516,51.13419331648486],[6.848934479347074,51.13424783669733],[6.848913927207958,51.13430249957828],[6.848893375018496,51.13435716245457],[6.848873257517408,51.134411698421154],[6.84885355590924,51.13446651184601],[6.84883428899245,51.13452119836166],[6.848815015762438,51.13457601966234],[6.848796170960003,51.134630848843315],[6.848777748320694,51.134685820694095],[6.848759754111845,51.134740800425625],[6.848741759858396,51.134795780153404],[6.848724194037421,51.134850767762224],[6.848707056650486,51.13490576325231],[6.848690341432725,51.13496090141307],[6.848673626173266,51.135016039570495],[6.848657339351203,51.13507118560964],[6.848641474701605,51.135126474319925],[6.848625616278723,51.13518162823791],[6.848610608510884,51.13523693271255],[6.848595600705282,51.13529223718435],[6.848581021343549,51.1353475495387],[6.848566435678178,51.13540299667951],[6.848552278458705,51.135458451703116],[6.848538984436705,51.13551378770606],[6.848525677847076,51.13556939328498],[6.848512377490478,51.135624864072334],[6.848499505584822,51.13568034274302],[6.848487484349798,51.13573597197219],[6.848475034598066,51.13579159331343],[6.84846344178708,51.135847230424254],[6.848451848946224,51.13590286753312],[6.848441113050154,51.13595852041196],[6.8484299486384,51.136014165402976],[6.848419634907194,51.13606996095342],[6.848409749637948,51.13612576438825],[6.848399870610341,51.13618143303232],[6.848390413779345,51.13623724435012],[6.848380956923523,51.136293055666385],[6.848372357024715,51.13634888275365],[6.84836375710319,51.13640470983954],[6.848355579383181,51.136460679599544],[6.848347836401522,51.13651652245548],[6.848340087131445,51.1365725000993],[6.848332772601792,51.13662835083921],[6.848325880278779,51.13668434425355],[6.848319422699296,51.13674021076419],[6.848313387329481,51.13679621994943],[6.848307351943014,51.13685222913368],[6.848301745035945,51.136908246203554],[6.848296566609879,51.136964271159094],[6.848291394437172,51.13702016132464],[6.848286644479566,51.13707619416509],[6.848282751504753,51.13713224277807],[6.848278430019768,51.13718828350362],[6.84827495925264,51.13724447479095],[6.848271494743088,51.137300531288446],[6.848268458723281,51.13735659567201],[6.848265844926721,51.1374128027308],[6.848263672159284,51.137468748097525],[6.84826149311635,51.13752482825274],[6.848260171070719,51.13758092418099],[6.848258414248861,51.137637147010956],[6.848257520695531,51.13769325082493],[6.848257055641799,51.13774936252521],[6.848256590584882,51.137805474224976],[6.848256554029699,51.137861593811074],[6.848256523740612,51.137917578607585],[6.848257344193054,51.13797371396643],[6.848258164645376,51.13802984932479],[6.848259419872899,51.13808585778044],[6.84826066883318,51.138142001024704],[6.848262774810394,51.13819816004225],[6.848264880790714,51.13825431905932],[6.848267421551411,51.138310351173686],[6.848270390825807,51.138366391174415],[6.848273788615402,51.13842243906155],[6.848277186411236,51.13847848694815],[6.848281006456038,51.13853467751021],[6.848285267556363,51.1385906063804],[6.848289522396636,51.138646670039144],[6.848294634270547,51.13870274947098],[6.848299323909878,51.13875868622636],[6.848304870586014,51.138814638754766],[6.848310845787801,51.13887059916936],[6.848316814733656,51.13892669437238],[6.848323218475596,51.13898266267243],[6.848330050746774,51.139038638858544],[6.848337317817024,51.13909448814157],[6.848344578634582,51.13915047221295],[6.848352267985018,51.139206464170215],[6.848360398406437,51.13926219443521],[6.848368951095629,51.13931806737507],[6.848377503803459,51.13937394031403],[6.848386491317549,51.1394296863496],[6.848395901103083,51.13948557505985],[6.84840574569802,51.13954133686654],[6.848415590314683,51.13959709867219],[6.848425863474563,51.139652868363235],[6.848439707312592,51.13972408287126],[6.848449330327146,51.13977538874768],[6.848459381884511,51.13982670250948],[6.848469433462481,51.13987801627026],[6.848479485061,51.13992933003003],[6.848489965204775,51.139980651675],[6.848500451638067,51.140031838529836],[6.848511366618432,51.14008303326976],[6.848522281621272,51.14013422800855],[6.84853319664659,51.14018542274617],[6.848544540221367,51.14023662536872],[6.84855631861494,51.140287701087004],[6.848568090764917,51.14033891159306],[6.848579869207138,51.140389987308765],[6.848591641405916,51.14044119781223],[6.848603854694018,51.14049214662216],[6.848616484001633,51.14054337289469],[6.848630210893719,51.14059866649518],[6.848643925281158,51.140654229672094],[6.848658074498722,51.14070966594393],[6.848672223748242,51.14076510221397],[6.848686801562091,51.14082054636783],[6.848701807941879,51.14087599840535],[6.848716820623219,51.14093131565181],[6.848731833338575,51.14098663289629],[6.84874727462239,51.1410419580242],[6.84876314447616,51.14109729103538],[6.848779020633408,51.1411524892553],[6.848794896826672,51.141207687473035],[6.848811195325023,51.141263028362836],[6.848827934932151,51.141318107557375],[6.848844668309977,51.14137332153857],[6.848861401725775,51.141428535517356],[6.848878576252742,51.14148348780058],[6.848896173090503,51.14153858275527],[6.848913769968276,51.14159367770734],[6.848931373153178,51.141648637867696],[6.848949398651565,51.141703740699235],[6.848967858999226,51.14175871662365],[6.848986319388931,51.14181369254518],[6.849004786087526,51.14186853367476],[6.849023681370764,51.14192338268596],[6.849042576696937,51.14197823169418],[6.849061900609807,51.14203308858375],[6.84908165311086,51.142087953354505],[6.849101405656956,51.142142818122],[6.849121170781359,51.14219741330809],[6.849141351963103,51.14225228595317],[6.849161974270373,51.14230689690074],[6.849182168077663,51.14236149996082],[6.849203219025424,51.14241611878527],[6.849224270021061,51.142470737606075],[6.84924532733103,51.14252522163411],[6.849266813237602,51.142579713542155],[6.849288292926678,51.14263434023547],[6.849310213747052,51.14268870523032],[6.849332128350949,51.1427432050103],[6.849354484087822,51.14279744309153],[6.849376833609239,51.14285181595771],[6.849399611733389,51.14290619670302],[6.849422396175225,51.14296044265496],[6.849445609221616,51.1430146964857],[6.849468822320728,51.14306895031202],[6.849492470292297,51.14312307722773],[6.849516118317386,51.143177204138865],[6.849540201216738,51.143231204139035],[6.849564277904977,51.14328533892355],[6.849588783203705,51.14333948158591],[6.849613301089134,51.14339335466515],[6.84963824132149,51.143447370410996],[6.849663187875694,51.143501251362636],[6.84968856304431,51.143555140191445],[6.849713938270375,51.14360902901496],[6.849739319818995,51.14366278304412],[6.849765564809072,51.14371641804289],[6.849791368768146,51.143770314732315],[6.849817613876229,51.14382394971993],[6.849844287604481,51.14387759258361],[6.849870961392906,51.14393123544148],[6.849897641506378,51.14398474350445],[6.849924750242412,51.14403825944302],[6.8499522938672,51.144091648467835],[6.849979837553959,51.144145037486474],[6.850007381302583,51.144198426498924],[6.850035353677758,51.14425182338621],[6.850063760945296,51.144305093358994],[6.850091739711038,51.144358355444325],[6.850120575671677,51.144411633284804],[6.850148989394774,51.14446476844873],[6.850178260315684,51.14451791936718],[6.850207537566239,51.14457093548954],[6.850236814882294,51.14462395160494],[6.850266520832431,51.144676975593576],[6.850296233112897,51.14472986478592],[6.850326374029291,51.14478276185111],[6.850356515013032,51.14483565890892],[6.850386662327668,51.1448884211702],[6.850417238280624,51.14494119130381],[6.85044824913673,51.144993834520285],[6.850479260061864,51.14504647772895],[6.850510699628586,51.14509912880917],[6.850542139265276,51.14515177988136],[6.850573591498297,51.14520416136722],[6.850605466111963,51.14525668551327],[6.850637775634041,51.14530908274083],[6.850670085227745,51.145361479959924],[6.850702401155929,51.145413742381365],[6.850735145731593,51.14546601267294],[6.850767890379815,51.14551828295577],[6.850801069940092,51.14557042631913],[6.850834249573635,51.14562256967353],[6.850867864120863,51.14567458610798],[6.850901478742225,51.14572660253321],[6.850935522016688,51.14577862682719],[6.850969571628382,51.145830516322576],[6.851004049894915,51.145882413686195],[6.851038534499359,51.14593417625098],[6.851073025441341,51.14598580401693],[6.851107938778602,51.14603757443967],[6.8511428584542,51.14608921006332],[6.851178206788735,51.14614085355412],[6.851213990045101,51.14619237012251],[6.851249344796465,51.14624387880366],[6.851285563054121,51.146295268438855],[6.851321352806585,51.14634665018681],[6.851357577483062,51.14639790501157],[6.85139423082376,51.146449167701974],[6.851430884244338,51.14650043038142],[6.851467972591848,51.1465515661368],[6.85150506102007,51.14660270188098],[6.851542162050159,51.14665356803558],[6.851580114075444,51.14670458471945],[6.851617637594914,51.14675559351608],[6.85165560230518,51.146806340598246],[6.851693567097449,51.14685708766864],[6.851731960561371,51.14690784260243],[6.851770354108205,51.14695859752419],[6.851809182588604,51.147009225519604],[6.851848017412503,51.14705971871352],[6.851887280911494,51.147110219769694],[6.851926544494962,51.14716072081331],[6.851965814422428,51.14721108705515],[6.852005519286589,51.147261326369346],[6.852045224235716,51.147311565670684],[6.852085357863817,51.14736181283304],[6.852125926431425,51.14741193306677],[6.852166066490891,51.14746204541348],[6.852206647749222,51.147511896042055],[6.852247651430861,51.1475618893197],[6.852288655200001,51.14761188258363],[6.852330100170515,51.14766161412838],[6.852371545228937,51.147711345659104],[6.852412996633661,51.147760942386576],[6.852454870466112,51.147810681761825],[6.852496756903709,51.147860151544265],[6.852539065770918,51.1479097639739],[6.852581387243545,51.14795910681041],[6.852624137405394,51.14800845750427],[6.852666887657414,51.14805780818318],[6.852709644257054,51.14810702405791],[6.852752835805526,51.148156112999956],[6.852818455473445,51.148230301284066],[6.852884516466445,51.14830422782548],[6.852951006271812,51.14837816220202],[6.853017943661804,51.148451700045165],[6.853085309867308,51.148525245722],[6.853152688797461,51.148598521783136],[6.853220931407803,51.14867167875755],[6.853289609094811,51.14874470877419],[6.853379138815548,51.148839841164666],[6.853468221525272,51.14893536998846],[6.853513588958382,51.148983824060174],[6.853558521620426,51.14903240503567],[6.853603454375798,51.14908098599465],[6.853648380969556,51.14912970172642],[6.853693307656938,51.14917841744169],[6.853737805826245,51.14922712527241],[6.853782297833555,51.149275967876264],[6.8538267899338,51.1493248104639],[6.853870847259483,51.149373779957145],[6.853914904677354,51.14942274943451],[6.853958962187517,51.149471718896],[6.854003019789868,51.14952068834162],[6.854046642615566,51.14956978469375],[6.854090265532808,51.14961888103036],[6.854133888541538,51.149667977351385],[6.854177076771919,51.14971720057974],[6.854220693709856,51.14976643165917],[6.85426388212233,51.149815654856866],[6.854306635754632,51.149865004962685],[6.854349818095248,51.14991436291942],[6.85439257190823,51.149963712995195],[6.854435319558441,51.15001319784542],[6.854477644932155,51.15006254002592],[6.854520386509773,51.15011215963578],[6.85456269955739,51.15016177136561],[6.854605012694597,51.15021138308084],[6.854646897299973,51.150260986916614],[6.85468878199405,51.15031059073805],[6.854730660524657,51.150360329334575],[6.854772539144189,51.150410067916745],[6.854813982977332,51.15045993340978],[6.854855861774349,51.15050967196347],[6.854896870908107,51.150559664353764],[6.854938315005847,51.15060952980472],[6.854979324314962,51.15065952216742],[6.855020333711494,51.150709514516386],[6.855061343195548,51.15075950685164],[6.855101917889149,51.15080962609935],[6.855142927547781,51.15085961840729],[6.855183502415223,51.15090973762798],[6.855223642490367,51.15095998376191],[6.855264211280154,51.151010237745275],[6.855304351527773,51.15106048385276],[6.855344056981296,51.15111085687416],[6.855384197400539,51.151161102955484],[6.855423903024946,51.15121147595103],[6.855463602484317,51.151261983723145],[6.855503308279338,51.15131235669297],[6.855542579277599,51.15136285657772],[6.855581844110442,51.15141349123932],[6.855621115277822,51.151463991098915],[6.855660380279989,51.15151462573537],[6.855699216732965,51.151565252498166],[6.85573804702018,51.15161601403809],[6.855776883640821,51.151666640776305],[6.855815285460502,51.15171739443096],[6.855853687363236,51.1517681480736],[6.855892083099855,51.15181903649368],[6.855930478919618,51.15186992490172],[6.85596844618536,51.15192080543761],[6.856006413533338,51.15197168596176],[6.856044374714836,51.15202270126361],[6.856081907340045,51.15207370869397],[6.856119433798205,51.152124850902304],[6.856178757235463,51.15220553203336],[6.856237645987503,51.15228634006602],[6.856296093804329,51.15236740979035],[6.856354548070652,51.152448344697405],[6.856412132756624,51.15252953343839],[6.856470146285172,51.152610730010764],[6.856527302724933,51.152691910839344],[6.856584446867259,51.15277336122032],[6.856614186252374,51.152816670974744],[6.856643925692254,51.15285998072198],[6.856672795399541,51.15290354432567],[6.856701658913199,51.15294724271206],[6.856718040270166,51.152973309664624],[6.85673485653958,51.15299924968294],[6.856751231686066,51.15302545142059],[6.856767184449591,51.15305151050921],[6.85678313723072,51.15307756959575],[6.856799083782751,51.15310376346972],[6.856814595456981,51.15313008427396],[6.856830107148535,51.153156405076224],[6.856845618857306,51.15318272587654],[6.856860701933938,51.15320903881788],[6.856875778780782,51.15323548654687],[6.856890426994517,51.153261926417095],[6.856905068978115,51.15328850107508],[6.856919710978139,51.15331507573132],[6.856933930590347,51.15334150773955],[6.856948137725594,51.153368209325144],[6.856961916225679,51.15339490305243],[6.856975694741257,51.153421596778166],[6.856989044620613,51.15344828264579],[6.857002394514962,51.15347496851196],[6.857015731931875,51.15350192395569],[6.857028653203856,51.153528601962506],[6.857041568244124,51.153555414757484],[6.857054048399906,51.15358235448425],[6.857066528569796,51.153609294209744],[6.857078580100318,51.15363622607772],[6.857090625398411,51.15366329273399],[6.857102676956169,51.153690224599565],[6.857114287381342,51.15371741818683],[6.857125904065725,51.15374447698348],[6.857137092108458,51.15377152792296],[6.857148273917999,51.15379871365092],[6.857159455740238,51.15382589937786],[6.85717020891966,51.15385307724782],[6.857180955865458,51.153880389906334],[6.857191274167469,51.153907694707996],[6.85720159872703,51.153934864719275],[6.857211482150189,51.15396229645288],[6.857221378076112,51.153989458606645],[6.857231261521805,51.15401689033862],[6.857240716321454,51.15404431421408],[6.857249742474287,51.15407173023309],[6.857259197295177,51.15409915410707],[6.857267794810716,51.15412656226905],[6.857276814748658,51.15415411307553],[6.857285406038338,51.154181656025735],[6.857293568678929,51.15420919111978],[6.857301731328767,51.154236726213256],[6.85730988774227,51.15426439609566],[6.857318044165106,51.15429206597751],[6.857325349523007,51.15431958535839],[6.857333077303731,51.154347247383726],[6.857340376432875,51.154374901553155],[6.857347240664163,51.15440268265625],[6.857354117394078,51.154430194179916],[6.857360981640853,51.15445797528217],[6.857367423479364,51.15448561373918],[6.857373852834298,51.154513521774845],[6.857379866025368,51.15454115237583],[6.857385866732337,51.154569052555495],[6.857391873691466,51.15459681794531],[6.857397445749239,51.1546247102691],[6.857402595395591,51.15465245994786],[6.857407738802297,51.15468034441587],[6.857412882214705,51.15470822888361],[6.857418025632873,51.15473611335107],[6.85742231172864,51.15476398210801],[6.857427026493411,51.15479185871983],[6.857431306353527,51.15481986226583],[6.857435163798806,51.154847723166995],[6.857439021248234,51.15487558406798],[6.857442872456527,51.15490357975827],[6.860191784583092,51.15491021090135],[6.861363950658648,51.154973881672234],[6.861426772527109,51.154932805809096],[6.861597491778132,51.1549892152326],[6.861773082614812,51.15504234089538],[6.862269802798829,51.15505371691671],[6.862954039381575,51.15505516278213],[6.863630633808081,51.15506415452604],[6.865051940081814,51.15506569765345],[6.865739507231448,51.15506934648086],[6.866673242803366,51.15507505470188],[6.867676932808891,51.1550802774797],[6.868953257542556,51.155090460969035],[6.869039035078218,51.15509107998503],[6.86911322609696,51.155091757587115],[6.869214174800502,51.15508901056031],[6.869322944879547,51.155065495895435],[6.869430192386169,51.155019154655676],[6.869523448671721,51.15495987743423],[6.870136559247806,51.15443763802355],[6.870297181323099,51.15435948664531],[6.870432302479724,51.15433199910584],[6.870523029451467,51.15431827248879],[6.870634264342608,51.15431571158372],[6.870741498926892,51.1543254888666],[6.870904007572197,51.15423428535714],[6.870768485487005,51.154177316408926],[6.87061874302251,51.15411239881088],[6.870489527053683,51.1540489340964],[6.870323458043364,51.15395660310801],[6.87020318237373,51.15388534159092],[6.870050110863936,51.15379027907592],[6.869897163391875,51.15366459546414],[6.869787585756479,51.15354739132087],[6.869558289670555,51.15312339305118],[6.869527524775439,51.153055515500526],[6.869478439052821,51.15294764239697],[6.869340257987168,51.15253879424463],[6.86931650115801,51.152467806644765],[6.869273436587796,51.152387563535136],[6.869231540229781,51.15231921323037],[6.869092972418677,51.15197470678467],[6.868931675912394,51.151574205511245],[6.86905329702932,51.15156023372951],[6.869153653883929,51.151542231886204],[6.869211364422823,51.151528039499134],[6.86925886836555,51.151511907331844],[6.869433757334989,51.15144980090295],[6.869656553303689,51.15137210884646],[6.869826776410518,51.151327454314206],[6.870215823659883,51.15119815397193],[6.871373056779802,51.150810874270036],[6.872225611287798,51.15051854220298],[6.872512490798431,51.15040909444045],[6.872595681337063,51.15047509215226],[6.872683108804242,51.15054224612214],[6.87279195027241,51.15061950269608],[6.872885639496339,51.15068110447601],[6.872968972741607,51.15073469336422],[6.873154363252647,51.150845179441355],[6.873416656471467,51.15098121173909],[6.873959858601769,51.1512497008242],[6.874121390141733,51.15133803198837],[6.874327790259397,51.15145820651538],[6.874493625593398,51.15157427065706],[6.874646727660335,51.151696713377156],[6.874944716961537,51.15195237608725],[6.875240119593393,51.15225507238374],[6.875337616711588,51.15235532379009],[6.875436977454662,51.15245237128637],[6.875557568104743,51.152563564611505],[6.875657375553048,51.15265090696454],[6.875776884162955,51.15274832022101],[6.876075264026803,51.15299575789837],[6.87615035547758,51.153051488096736],[6.876967773200149,51.15361822400983],[6.878071260151219,51.152971831572785],[6.87835840430005,51.15316523288063],[6.878530825981578,51.153268999542476],[6.878660875361794,51.153351896553275],[6.878844565108523,51.15347192070357],[6.879208349145063,51.15370623694769],[6.879350465291227,51.15378800300445],[6.879682964929327,51.15395618718709],[6.879852955918656,51.154028879951866],[6.880943423440412,51.154433662715135],[6.881637797153785,51.15469122981281],[6.881709411465169,51.154720047570066],[6.882168406712253,51.15488066822433],[6.882646769015733,51.155058770507615],[6.882990467151441,51.15518897021915],[6.883203193299516,51.155284286139874],[6.883951627672237,51.155589224774694],[6.88412932921693,51.15566245547135],[6.884395197988795,51.15577788712623],[6.884971728941582,51.155995663798876],[6.885416805251599,51.15615156792279],[6.885536256043691,51.156025704773874],[6.885555250324965,51.15601377205126],[6.885579594958065,51.15598804102737],[6.885852420810216,51.155716827068076],[6.88627986214255,51.15529178479248],[6.887115543038082,51.154457671947895],[6.887107888575881,51.15445618459341],[6.887157314738813,51.154407298383795],[6.887175255950373,51.15439022004301],[6.887205760290284,51.154361092502434],[6.887231058988201,51.15433321992462],[6.887263339509604,51.15430277542987],[6.887286248473575,51.154280255795996],[6.887314994892842,51.15425204078717],[6.887452056314285,51.15411610634808],[6.887498798912456,51.15406959977173],[6.887618941954732,51.15394711961731],[6.887670217135112,51.1538952987237],[6.88771346840643,51.153850078023034],[6.887741344651915,51.15382211699756],[6.887787204703535,51.15377613397775],[6.887828574869873,51.153734521645326],[6.887884802678884,51.15368697213151],[6.888435380349749,51.153148129427635],[6.888763145146414,51.15281921793895],[6.888888226457746,51.152682391001655],[6.889001060708016,51.15256949052797],[6.889139611369218,51.15243830264565],[6.889381202343754,51.15219255302491],[6.889706593118436,51.151877760932585],[6.890095935612468,51.151486957246235],[6.889808859756973,51.15136643406115],[6.889007818752985,51.151021056062575],[6.888954831686333,51.15099770540724],[6.887856844770504,51.15052298129597],[6.88773133056714,51.150462705352346],[6.887937256880213,51.15026514940549],[6.888215228861197,51.15001169531635],[6.888328527566436,51.14990730278628],[6.888226272801211,51.14986377076498],[6.888221644065275,51.14986179851349],[6.88821996648365,51.149860958792594],[6.88820691906919,51.149855461897374],[6.888169105367149,51.14986624570311],[6.888163239989285,51.14986317188499],[6.888161978726513,51.14986260948987],[6.888046164263459,51.14980601655875],[6.888040702907995,51.14980348964625],[6.888010071764851,51.14978850167085],[6.888002100206297,51.14978458037849],[6.887886267669816,51.14972839166976],[6.887885839043968,51.14972838392681],[6.887879134917384,51.149724890232015],[6.887849752822812,51.149710734198315],[6.887841781291438,51.149706812895296],[6.887840936351314,51.149706527824485],[6.887783868261416,51.14967865108131],[6.887780254586305,51.149682632903385],[6.887718801817183,51.14965683537234],[6.887597178474971,51.14967109628518],[6.886537442936881,51.14925209112052],[6.886447455025278,51.149212421651285],[6.886379977272547,51.14916830251525],[6.886293332944502,51.149083635588156],[6.886707924274421,51.14892897592163],[6.888979284628936,51.14808409691728],[6.889517362677419,51.147883226563145],[6.889669567130512,51.14782850499824],[6.889631469178487,51.147770348449185],[6.889521717714705,51.14769376575578],[6.888110480576288,51.147401578889294],[6.887944000226027,51.14736498065658],[6.88655338722572,51.147072472887345],[6.885669439287231,51.14689136898261],[6.880539943034388,51.14582570416705],[6.87990477711073,51.14569250498326],[6.879858409551281,51.14561854635121],[6.879822036231866,51.14556986102996],[6.879731524058685,51.145467041832866],[6.879640085507071,51.14538444132079],[6.879539822299152,51.145307211737816],[6.8792850789775,51.14512843053691],[6.87920878468385,51.145071061565794],[6.879230946133236,51.14498998169862],[6.879245204093716,51.14495030881841],[6.879268008887265,51.144911330583014],[6.879295756642644,51.14486745056401],[6.879350700712332,51.14371569454548],[6.880531012131378,51.14344611026299],[6.881236042465753,51.143289450126424],[6.881482615119141,51.14322511745052],[6.883225466713098,51.14277184151648],[6.884093859852962,51.14253151371069],[6.884582999028519,51.142396288003454],[6.885181376145747,51.14223578575048],[6.886153329043251,51.14198139734054],[6.889260326502307,51.141060290170984],[6.889296752907581,51.14106094780872],[6.891037104150159,51.14042377233643],[6.891056597376164,51.14041953724818],[6.891919305408059,51.14009500423163],[6.892202933381428,51.13998855281331],[6.892449477530555,51.13989586689871],[6.892461356263375,51.139879892602],[6.892600741040745,51.13969165148092],[6.892950728490867,51.13922040093466],[6.893032542290505,51.13910963560746],[6.893039399891977,51.139100315942244],[6.893100640547659,51.13901750955628],[6.893263548896869,51.13885883076013],[6.893508149765673,51.1388274887712],[6.893711505068938,51.13864700922257],[6.893723837101249,51.13862106009907],[6.893816970162642,51.13842173158524],[6.893819395018112,51.13841556970384],[6.893837039048702,51.13840482547015],[6.893908551894071,51.13836011163685],[6.893923068339014,51.13834270077116],[6.894003358582458,51.138246476917985],[6.89403011987674,51.13821444721785],[6.894084944478951,51.13816889304743],[6.894207293797862,51.138100272482504],[6.894319608882132,51.137969415403056],[6.894434510497166,51.13793249771346],[6.894597914648889,51.1379606675095],[6.894642309671237,51.13795580104919],[6.894652308268677,51.13793399181979],[6.894701651805289,51.13782979049444],[6.894704958076965,51.1378231048531],[6.894700857683898,51.13780954065305],[6.894668844190603,51.13770252520594],[6.894658776855459,51.1376692925266],[6.89454231542277,51.13756143076517],[6.89454517686626,51.137460844200696],[6.894635573333825,51.13748176335837],[6.894650443339833,51.137475420866956],[6.894608145048256,51.1370194943235],[6.894604014401298,51.13693119296465],[6.89467054630216,51.13682622195568],[6.894697316352597,51.1367468410885],[6.894705777037863,51.13666456733189],[6.89484948680211,51.13650338216716],[6.894900184954519,51.136350504929496],[6.895048495487309,51.13620127388582],[6.895124123884424,51.13615083256758],[6.895228004657641,51.13615809898908],[6.895530307795155,51.136149511171745],[6.895651708783158,51.1361487285722],[6.895647353733033,51.136093609503064],[6.895610338864149,51.136068255864835],[6.895557932278388,51.13598529111077],[6.895698425348027,51.135989034149276],[6.895701853354177,51.13598909585202],[6.895817376393308,51.13600439571687],[6.895835281493587,51.13600674153649],[6.89583516613575,51.13599041612196],[6.895835582927186,51.135981250177245],[6.895835381118219,51.135872514224516],[6.89583455609415,51.135532272425664],[6.896064742947388,51.13544967218739],[6.896098205612494,51.135270178049254]]]]}},{"type":"Feature","id":"duesseldorf-stadtteil-094","properties":{"name":"Reisholz","stadtteil_code":"094","parent_stadtbezirk":"09","year":2025,"metric_scope":"BV9_ONLY_STREET_CRIME_AND_RESIDENTIAL_BURGLARY","metrics":{"street_crime":{"2021":55,"2022":58,"2023":65,"2024":52,"2025":93,"rate":null},"residential_burglary":{"2021":7,"2022":2,"2023":8,"2024":13,"2025":15,"rate":null}}},"geometry":{"type":"MultiPolygon","coordinates":[[[[6.871236673523041,51.17034243023399],[6.870318279578149,51.16997846660714],[6.870001736127116,51.16987206329756],[6.869913115523526,51.16984872960181],[6.869838279109243,51.16983360623742],[6.869736775945113,51.169819750780825],[6.869591167967992,51.169813051028406],[6.869474457933481,51.169812543544396],[6.869345051522729,51.16981747055473],[6.869221356314418,51.16982884195049],[6.869106982940671,51.16984281134519],[6.868994560873579,51.169860998194636],[6.868884866900661,51.16988517040584],[6.868741098040698,51.16992234673109],[6.868605407928605,51.16996115406858],[6.868444921173145,51.17000719875177],[6.867858784952584,51.17018160064146],[6.867660393207302,51.17023990385418],[6.867594678888302,51.170259615581806],[6.867522084885604,51.17027960652534],[6.867436104392081,51.17030137685071],[6.867333773021693,51.17032406304447],[6.867070176209148,51.17037240733376],[6.866867054676297,51.17040296772771],[6.866716453733813,51.170420725755285],[6.866551347744227,51.17043660011421],[6.866377976544109,51.17044557826172],[6.866162221362341,51.17045229881453],[6.865998191180884,51.17045416206238],[6.86582701435108,51.17045279187017],[6.865734366794181,51.170442332242224],[6.865309510219793,51.17040462870989],[6.863666669219217,51.17025537247411],[6.863520589680726,51.1702402925274],[6.863381893466629,51.17022332374875],[6.862818587070441,51.170172693797156],[6.862619602623879,51.17016015329533],[6.862433694496144,51.17014326476349],[6.862038878948472,51.17010569372747],[6.861726262591362,51.170081765769794],[6.861337877181422,51.170062926631246],[6.860933084825525,51.17008331282886],[6.860143701222334,51.17013267980978],[6.85940710311232,51.17018206342008],[6.858321453850034,51.17025284027298],[6.857291424029195,51.1703180159426],[6.856777752055201,51.17034475668377],[6.856491885642341,51.1703640694487],[6.856343102759644,51.170379554096534],[6.856172006623295,51.17040420764601],[6.856005968476357,51.17043084233363],[6.85583984617311,51.170468537344746],[6.855656518481438,51.17051630420105],[6.855480029863061,51.170573909259105],[6.85534125389451,51.170623436978424],[6.855193754733073,51.170685215677324],[6.854657452586025,51.170921981815],[6.85415488346756,51.171143850610335],[6.854013356254574,51.17119710358602],[6.853864955146554,51.17125050004453],[6.85365128286194,51.17131389531534],[6.853443090710691,51.171379414349715],[6.853467817917674,51.17143841645502],[6.853483161217545,51.17151464888055],[6.85348462280016,51.17156634382565],[6.853468568504242,51.17162554166248],[6.853413072182706,51.17167457222389],[6.853335881109259,51.17173790900859],[6.853235085737989,51.17181969893321],[6.853108369620832,51.171914368358],[6.852868846356924,51.172081433269796],[6.85270895568299,51.1721880391829],[6.852172210483597,51.17251679024805],[6.850905524009875,51.17329498103615],[6.849407040030199,51.1742295659647],[6.849182508972875,51.17437828242718],[6.848950349472328,51.17454331639843],[6.84865452459839,51.174739015967255],[6.848540179507103,51.17481650551709],[6.84847018740317,51.17486324351879],[6.848389655959226,51.17490587535694],[6.848272630350771,51.174957953428674],[6.848142352074861,51.17499966974024],[6.848009132106133,51.17505846454763],[6.847907339456485,51.17509679259081],[6.847753679833804,51.17506914237],[6.847601875837548,51.17504773167225],[6.847418835075711,51.17502426185122],[6.847359666287591,51.17511504214078],[6.847271388608188,51.17525020949479],[6.847217767350338,51.17533245799615],[6.847172942742469,51.175410146784195],[6.84713624735246,51.17548838992364],[6.84710281310533,51.17557033549023],[6.847078790226,51.17566216738193],[6.847051160553931,51.175757710170004],[6.847020961209255,51.17587155254927],[6.846972389826899,51.17604805671439],[6.846906719997945,51.17628751589657],[6.846842292073257,51.17652794222994],[6.846828231761156,51.17658097031949],[6.846794848808392,51.176707839677086],[6.846731509797328,51.17694329455407],[6.846442535928198,51.178013695516334],[6.846362325971792,51.17830711788361],[6.846344857251669,51.178387198781884],[6.846335945589408,51.178458668525565],[6.846327323188975,51.178560766733476],[6.846328846135505,51.17864780766181],[6.84633872139741,51.17885034505992],[6.846358496948108,51.17921805197563],[6.846358775611962,51.17929495220421],[6.846346470611625,51.17940237873033],[6.846334512755896,51.179511565394606],[6.846324612711945,51.17959502335183],[6.846322528807307,51.17972260384727],[6.846325680710989,51.1797839081589],[6.846337987921504,51.17997111129075],[6.846409520209897,51.18089530450202],[6.846453428342082,51.1810492287057],[6.84650345121401,51.1811824903266],[6.846556988574553,51.18128640764485],[6.846631145610931,51.18142685878539],[6.846682840545769,51.18152426673943],[6.84673056529731,51.18160554803608],[6.846782836895622,51.18168138197889],[6.846861162629417,51.18177847074514],[6.846976819099047,51.18192197905359],[6.847088331609856,51.18206230816983],[6.847271339194412,51.182289751941326],[6.847555427950858,51.18264195303749],[6.847657144046174,51.18276227044181],[6.847770202930065,51.182887922833196],[6.84792232727908,51.183050448154454],[6.848163060181,51.183550243749345],[6.848300437182729,51.18369765779939],[6.848408767229642,51.183814318891145],[6.848578828187645,51.18399740882299],[6.848760013476664,51.18419055108018],[6.849044915615374,51.184498110203414],[6.849258681521105,51.184729219143485],[6.849408684879913,51.18489143360009],[6.849558423488283,51.185050135494244],[6.849751795059003,51.18525833959139],[6.849844503758095,51.18536027738988],[6.849956917674721,51.1854815987686],[6.849988390664601,51.185515633434406],[6.850040999722648,51.18556597525848],[6.850113480872682,51.185622887925],[6.850164056005576,51.185661590602706],[6.850226390863912,51.18570590556305],[6.850773633733881,51.18557040278124],[6.850915260527455,51.18554373134637],[6.852840619425946,51.18525991432583],[6.853171177956972,51.185204736606245],[6.853453909899845,51.18515326685839],[6.853742981569702,51.1850854545586],[6.854077207343549,51.18502521526093],[6.854373563248662,51.184976151740585],[6.85449847588454,51.18491180109452],[6.855299493698728,51.18514449723332],[6.855226929254145,51.18523719415085],[6.854652334931504,51.18610986769832],[6.854515002615065,51.1862936499802],[6.854353375381667,51.186510577322714],[6.854135399455838,51.186702053045515],[6.853906762901093,51.18703052948362],[6.853759775042145,51.187163275134495],[6.853738326726969,51.1871813632889],[6.854340671516389,51.187458714967605],[6.854773158753766,51.18713195351568],[6.855200849082607,51.18679741302453],[6.855415987910448,51.18662072268795],[6.85579914916195,51.186311130030276],[6.856411546315664,51.18578908320787],[6.85745422827389,51.1848847763656],[6.85798581353278,51.184373382212016],[6.859241139682809,51.18301994872234],[6.860651827765382,51.181498826273284],[6.861199049463444,51.180898397741004],[6.861894915153233,51.1801652414223],[6.861927907815877,51.180175827464396],[6.862109929957734,51.17998071229164],[6.862120601820295,51.17990778975784],[6.862684854945567,51.17930024603574],[6.86306005037339,51.17889133038137],[6.86356765372974,51.17832942385286],[6.863908252693175,51.17794429098796],[6.864394847352033,51.177418555990336],[6.865119089121918,51.17660778990103],[6.86552989629235,51.176151760750685],[6.866774113674541,51.17480600409596],[6.867719810189418,51.173826315512855],[6.868513886096046,51.173015722792776],[6.870050906737633,51.17147776982111],[6.871105480778812,51.17046064553047],[6.871236673523041,51.17034243023399]]]]}},{"type":"Feature","id":"duesseldorf-stadtteil-092","properties":{"name":"Himmelgeist","stadtteil_code":"092","parent_stadtbezirk":"09","year":2025,"metric_scope":"BV9_ONLY_STREET_CRIME_AND_RESIDENTIAL_BURGLARY","metrics":{"street_crime":{"2021":17,"2022":22,"2023":18,"2024":28,"2025":38,"rate":null},"residential_burglary":{"2021":1,"2022":4,"2023":3,"2024":2,"2025":2,"rate":null}}},"geometry":{"type":"MultiPolygon","coordinates":[[[[6.818089743386088,51.14563527048372],[6.818057998724128,51.14561714040315],[6.817990261945766,51.1455799915136],[6.817922518918201,51.14554297737214],[6.817854763282325,51.145506232764916],[6.817786572829118,51.14546961490638],[6.81771837612529,51.145433131795386],[6.817649744604313,51.14539677543206],[6.81758067190748,51.14536068060184],[6.817511592959394,51.1453247205181],[6.817442507759475,51.1452888951808],[6.817372975022871,51.14525346616149],[6.817303442393226,51.14521803710189],[6.81723304638255,51.14518272678553],[6.817163066322493,51.14514769400179],[6.81709265144513,51.145112787961565],[6.817022230313722,51.145078016666176],[6.816951368004126,51.14504350689938],[6.816880499439585,51.14500913187685],[6.81680919605764,51.14497488359574],[6.816737451497143,51.14494089684134],[6.816665700680847,51.144907044830134],[6.816593943608097,51.144873327562095],[6.816521745355646,51.1448398718194],[6.816449540845841,51.14480655081932],[6.816388646690582,51.14477897212452],[6.816328187530772,51.144751266617284],[6.816266858599261,51.144723814642056],[6.816205958300093,51.14469637064045],[6.81614461678832,51.14466918817479],[6.816083268985639,51.144642140463766],[6.816021492696953,51.14461508471559],[6.815960132311496,51.1445883065136],[6.815897914882101,51.14456151226781],[6.815836119718637,51.14453486078214],[6.815773883341025,51.14450847083001],[6.815711647034984,51.144482080845535],[6.81564939807122,51.14445596040073],[6.815586720621807,51.14442983191624],[6.815524036878809,51.14440383818494],[6.815461346841644,51.14437797920678],[6.815365392966655,51.14433895246254],[6.815269413792009,51.1443004647853],[6.815231518608858,51.14428545670391],[6.815194045639497,51.14427059140521],[6.815155715584984,51.144255710077054],[6.815117807743782,51.14424097153159],[6.81507989356069,51.14422636776008],[6.815041979401722,51.14421176397652],[6.815003630346397,51.14419728695752],[6.81496528131527,51.14418280992621],[6.814926925941682,51.144168467668536],[6.814888570592132,51.14415412539854],[6.814850208899686,51.144139917902194],[6.814811840864022,51.144125845179495],[6.814773044298723,51.14411176443422],[6.814734241389997,51.14409781846228],[6.814695438504936,51.14408387247772],[6.814656629276117,51.14407006126649],[6.814617820070687,51.14405625004263],[6.81457900452106,51.14404257359208],[6.814540188994605,51.144028897128905],[6.814500932203273,51.14401548221377],[6.814461681803026,51.14400193249975],[6.814422418689777,51.14398865234467],[6.814383161967561,51.14397523739072],[6.814343892531723,51.14396209199572],[6.8143046231185,51.143948946587734],[6.814264925176372,51.14393579315476],[6.814225220888419,51.143922774494456],[6.814185938805556,51.143909898619206],[6.814146228193738,51.143897014718476],[6.814106511235308,51.14388426559042],[6.814066787929929,51.14387165123503],[6.814026636095788,51.143859028853434],[6.813986912834486,51.14384641447137],[6.813946748305751,51.14383406163462],[6.813907012349094,51.14382171679768],[6.81386684786373,51.14380936393396],[6.813826677030361,51.14379714584256],[6.813786506218486,51.143784927737585],[6.813746329058151,51.14377284440493],[6.813705716999169,51.14376088783049],[6.813665533511188,51.1437489392564],[6.813624915124345,51.14373711744021],[6.813584290388137,51.14372543039602],[6.813544094222001,51.1437137513526],[6.813503034607582,51.1437021910518],[6.813462403562953,51.14369063875179],[6.813421772539015,51.143679086437885],[6.813381128793517,51.14366780368178],[6.813340056519531,51.14365651289635],[6.813299412814451,51.14364523011228],[6.813258327838268,51.143634208870246],[6.813217242882079,51.14362318761402],[6.813176157945779,51.143612166343566],[6.813135066657619,51.1436012798447],[6.813093969017246,51.14359052811746],[6.813052871396344,51.14357977637599],[6.813011338875002,51.14356915138946],[6.812970234920769,51.14355853440517],[6.812928696065842,51.14354804417554],[6.812887150857679,51.14353768871717],[6.812846034215774,51.14352734126147],[6.812804054125507,51.14351711254256],[6.812762496228394,51.143507026612134],[6.812720944722774,51.14349680588132],[6.812679380489749,51.14348685470753],[6.812637816274944,51.14347690351917],[6.812595817158424,51.1434670790839],[6.812553811686631,51.1434573894195],[6.812512234779384,51.14344770775867],[6.812470222969787,51.14343815285042],[6.812428211178002,51.14342859792728],[6.812386193030036,51.143419177774994],[6.812344168525474,51.14340989239356],[6.812302144038244,51.143400606997226],[6.812259684648091,51.143391448352375],[6.812217653820974,51.143382297711796],[6.812175188090642,51.143373273822384],[6.812133144548191,51.14336439272329],[6.812090672476832,51.14335550358931],[6.812048194047307,51.14334674922581],[6.81200614417962,51.14333800286734],[6.811963230862615,51.1433293752388],[6.811920739731928,51.14332089040101],[6.811878248617256,51.14331240554794],[6.81183575114308,51.14330405546533],[6.811793247309036,51.14329584015317],[6.811750314945781,51.14328761680452],[6.811707804766995,51.14327953624735],[6.811664866058874,51.14327144765336],[6.811622343158484,51.143263636636874],[6.811579398104691,51.143255682797545],[6.811536440313411,51.143247998514],[6.811493488913297,51.143240179429135],[6.811450524774899,51.14323262990004],[6.811407560651026,51.14322508035532],[6.811364590164702,51.14321766558066],[6.811321619692603,51.14321025079034],[6.811278642857665,51.14320297077006],[6.811235231115613,51.143195817496746],[6.811192247931221,51.14318867223069],[6.811149258383018,51.143181661734644],[6.811105833927174,51.14317477798505],[6.811062409484666,51.143167894219474],[6.811019407221149,51.14316115324744],[6.810975976427231,51.143154404235695],[6.810932539268391,51.14314778999362],[6.810889095744148,51.143141310521194],[6.810845652232601,51.143134831032754],[6.810802202355203,51.143128486313934],[6.810758746111527,51.14312227636475],[6.810715289880044,51.14311606639953],[6.810671827281838,51.14310999120392],[6.810628364695465,51.143103915992285],[6.810584467199218,51.14309796752478],[6.810540991878139,51.14309216185215],[6.810497516568448,51.14308635616348],[6.810453599968603,51.14308081200404],[6.810410118301886,51.14307514106872],[6.810366201724185,51.143069596876686],[6.810322278777627,51.14306418745387],[6.81027834946183,51.14305891280027],[6.810234848698737,51.14305364615699],[6.810190913023645,51.14304850625636],[6.810146977358809,51.143043366339306],[6.810103028943218,51.143038495976995],[6.810059080537321,51.14303362559829],[6.810015132141225,51.14302875520316],[6.809971177373992,51.143024019577176],[6.809927222616251,51.14301928393478],[6.809883261486865,51.1430146830615],[6.809839287604189,51.1430103517429],[6.809794891570063,51.143005877593964],[6.809750917705029,51.14300154624233],[6.809706937467026,51.14299734965976],[6.809662950855778,51.142993287846295],[6.809618535711384,51.14298921798737],[6.809574549116634,51.14298515614082],[6.809530121224466,51.14298135581953],[6.809486121881384,51.14297756351093],[6.809441694004788,51.14297376315622],[6.809397681912098,51.14297024038553],[6.809353241285475,51.14296670956838],[6.809309229207241,51.14296318676453],[6.809264775829363,51.14295992548493],[6.809220328841271,51.142956529403],[6.809175869093847,51.14295340287522],[6.80913183789387,51.142950284361376],[6.809087371776012,51.14294729258557],[6.809042905664474,51.142944300792905],[6.808998433175451,51.14294144376889],[6.808953954308608,51.14293872151349],[6.808909903988242,51.142936007272795],[6.808865418748833,51.14293341976929],[6.80882092713065,51.14293096703439],[6.808776435517705,51.1429285142826],[6.808731937525523,51.142926196299385],[6.808687433153771,51.14292401308474],[6.808642928786685,51.14292182985319],[6.80859841803946,51.14291978139019],[6.80855390729675,51.1429177329103],[6.80850939017333,51.142915819198926],[6.808464866668866,51.14291404025608],[6.808420343168349,51.14291226129631],[6.808375806900818,51.14291075189047],[6.808331270636661,51.14290924246769],[6.808286734375932,51.14290773302798],[6.808242191732738,51.14290635835675],[6.808197642706743,51.14290511845398],[6.808153093683605,51.142903878534256],[6.808108544663376,51.1429026385976],[6.808063982873288,51.14290166821477],[6.80801942108554,51.14290069781497],[6.807974852913514,51.1428998621836],[6.80793027835682,51.14289916132063],[6.807885703802054,51.14289846044067],[6.80784112286205,51.14289789432911],[6.807796541923659,51.14289732820056],[6.807751954599618,51.14289689684039],[6.807707360889431,51.14289660024859],[6.807662760792761,51.14289643842513],[6.807618167084635,51.142896141799305],[6.807573560601982,51.14289611472718],[6.807528954119853,51.14289608763803],[6.807484341250202,51.14289619531719],[6.807439721992694,51.142896437764676],[6.807395102735189,51.142896680195115],[6.807350477089252,51.142897057393846],[6.807305845054496,51.142897569360855],[6.807261213019329,51.1428980813108],[6.807216580983646,51.14289859324371],[6.807171936169482,51.14289937473018],[6.807127291354335,51.14290015619959],[6.807082646538257,51.142900937651916],[6.807038417482219,51.14290199669622],[6.806993759884798,51.14290304768517],[6.806949102285875,51.14290409865702],[6.806904431905921,51.14290541918238],[6.80685976152389,51.14290673969061],[6.806815519679698,51.14290806822101],[6.806770836513257,51.14290965826578],[6.806726159734577,51.142911113508156],[6.806681898712604,51.14291284634368],[6.806637209148008,51.1429145711225],[6.806592519580549,51.14291629588421],[6.806548245768506,51.142918298239536],[6.806503543413255,51.14292029253763],[6.806459263203478,51.14292242964441],[6.80641455445022,51.14292455869365],[6.806370267841934,51.14292683055186],[6.806325552689943,51.14292909435216],[6.806281253290754,51.14293163574701],[6.806236953887211,51.14293417712498],[6.80619265447926,51.14293671848613],[6.806147920135099,51.14293938657394],[6.806103607934093,51.14294219747164],[6.806059289335955,51.142945143137695],[6.806014970732685,51.14294808878687],[6.805970652124283,51.142951034419184],[6.805926320725452,51.142954249605],[6.805881989320969,51.14295746477394],[6.805837657910782,51.14296067992599],[6.805793313708921,51.14296416463153],[6.805748975894057,51.14296751453498],[6.805704625286685,51.14297113399188],[6.805660703213037,51.14297476147536],[6.805616346199269,51.14297851568377],[6.80557198917881,51.142982269875255],[6.805528054298065,51.142986166878956],[6.805483684476226,51.14299019060708],[6.805439743187392,51.14299422236256],[6.805395366956953,51.14299838084211],[6.805351412865027,51.14300268213449],[6.805307458765372,51.14300698341024],[6.805263069723125,51.14301141140954],[6.80521910281857,51.14301598222213],[6.805175135905822,51.14302055301807],[6.805131168984826,51.14302512379736],[6.805087189265473,51.14302996413026],[6.805043209537409,51.14303480444648],[6.804999658341146,51.14303965279197],[6.804955665804704,51.14304476264525],[6.804911673258984,51.143049872481846],[6.804867680704089,51.14305498230177],[6.804824103888853,51.14306036972177],[6.80478010491927,51.1430656142936],[6.804736521688647,51.14307113646578],[6.804692516303604,51.14307651578945],[6.804648926656821,51.1430821727138],[6.804605336999856,51.14308782962175],[6.804561734539457,51.14309375608346],[6.804518138465091,51.143099547743695],[6.804474535983376,51.1431054741726],[6.804430927093982,51.14311153537015],[6.804387311796415,51.14311773133635],[6.804343696487639,51.14312392728613],[6.804300509708857,51.14313013126797],[6.804256881582661,51.14313659675515],[6.804213681985984,51.1431430702747],[6.804170053836338,51.143149535729165],[6.804126847818426,51.143156144001345],[6.80408363539057,51.14316288704242],[6.804040422950577,51.14316963006737],[6.80399677555859,51.143176499811595],[6.803953550297257,51.14318351237413],[6.803910325023277,51.14319052492053],[6.803867521879651,51.143197680285866],[6.803824290181479,51.143204827585095],[6.803781052071451,51.143212109653184],[6.803738236091053,51.14321953454066],[6.803694991555431,51.14322695136154],[6.80365216914899,51.143234511002134],[6.803609340329589,51.143242205411816],[6.803566511496387,51.143249899805646],[6.803523682649325,51.14325759418359],[6.80348084098883,51.143265558115594],[6.803437999314027,51.14327352203172],[6.803395157624859,51.143281485931944],[6.803352309521215,51.14328958460124],[6.803309877144729,51.14329796087668],[6.803267451153829,51.14330620235156],[6.80322459020499,51.14331457054335],[6.803182151383075,51.143323081556765],[6.803139712545917,51.14333159255459],[6.803097273693622,51.14334010353679],[6.803054822023882,51.14334888407325],[6.80301237033845,51.14335766459407],[6.802970340778981,51.143366587937585],[6.802927882660684,51.14337550321222],[6.802885418124788,51.14338455325617],[6.802843382115918,51.143393611338304],[6.802801339689146,51.14340280419001],[6.802759290844096,51.1434121318113],[6.802717235580397,51.143421594202124],[6.802675186702125,51.1434309217927],[6.802633125002602,51.143440518937716],[6.802591491829705,51.143450124122154],[6.802549423693564,51.14345985602148],[6.802507355540127,51.143469587905436],[6.802465709510453,51.143479462614145],[6.802424063463336,51.14348933730777],[6.802382410995792,51.143499346771215],[6.802340752107396,51.14350949100443],[6.802299093201116,51.14351963522256],[6.802257427873435,51.14352991421046],[6.802216184668493,51.14354033602427],[6.802174512900802,51.14355074976698],[6.802133263255523,51.14356130633592],[6.802092013591738,51.14357186289002],[6.802050763909554,51.14358241942933],[6.802009501400461,51.14359324552351],[6.801968667417343,51.14360407965994],[6.801927404870505,51.14361490572463],[6.801886129495536,51.143626001344124],[6.801845282646322,51.14363710500633],[6.801804435777854,51.14364820865399],[6.801763588890135,51.143659312287134],[6.801722729173056,51.14367068547535],[6.80168186943624,51.14368205864899],[6.801641009679683,51.14369343180812],[6.801600572043718,51.14370494779592],[6.801559699436581,51.14371659049566],[6.801519248949498,51.14372837602436],[6.801478804847922,51.143740026754],[6.801438347914513,51.143751947038936],[6.801397890960535,51.14376386730959],[6.801357427579955,51.14377592235074],[6.801317392725055,51.14378798543707],[6.801277351443164,51.143800183294196],[6.801236881593897,51.14381237307752],[6.801196833863697,51.14382470569124],[6.801156779705778,51.1438371730757],[6.801117154073481,51.14384964850639],[6.80107709346609,51.143862250647715],[6.801037461384348,51.143874860835545],[6.800997400734095,51.14388746294897],[6.800957755794977,51.14390034267866],[6.800918110834087,51.1439132223946],[6.800878465851423,51.14392610209681],[6.800839242986992,51.14393912463124],[6.800799585145158,51.143952273875534],[6.800760355828993,51.14396543116761],[6.80072069153473,51.14397871516924],[6.800681884314214,51.143992015280766],[6.800642642115183,51.144005442101836],[6.800603399893657,51.14401886890943],[6.800564151241123,51.14403243048822],[6.800525324705776,51.144046134900634],[6.800486498147748,51.14405983929984],[6.800447671566934,51.14407354368583],[6.800408838554461,51.144087382843296],[6.800370005518969,51.144101221987555],[6.800331159642149,51.14411533068791],[6.800292742291145,51.14412944743834],[6.800254324916948,51.14414356417582],[6.800215901110007,51.144157815685],[6.80017747727964,51.14417206718123],[6.800139475565853,51.144186461513016],[6.800101038868853,51.14420098255276],[6.800063030698001,51.144215511643665],[6.800025016093386,51.14423017550655],[6.799987001464907,51.14424483935673],[6.799948986812562,51.14425950319422],[6.799911387865899,51.14427444465296],[6.799873366755139,51.14428924324984],[6.799835761349686,51.14430431946821],[6.799798162330696,51.14431926088953],[6.799760550465852,51.14433447186765],[6.799723367127616,51.144349690898714],[6.799685755213811,51.1443649018521],[6.799648565415723,51.1443802556433],[6.799611375593101,51.144395609422325],[6.799574179334518,51.14441109797379],[6.799536976639636,51.14442672129765],[6.799500202471797,51.14444235267553],[6.799462993315377,51.14445811075973],[6.799426212686045,51.144473876898246],[6.79938943203183,51.14448964302484],[6.799352651352733,51.144505409139505],[6.799316286376835,51.14452145287828],[6.799279492823154,51.14453748853836],[6.799243121384595,51.144553667038245],[6.799206749920716,51.144569845526455],[6.799170372018923,51.14458615878755],[6.799134422644939,51.144602480104545],[6.799098044692312,51.144618793342424],[6.799062082441728,51.144635384205536],[6.799026120165503,51.14465197505723],[6.798990157863638,51.144668565897504],[6.798954195536184,51.14468515672637],[6.798918220356122,51.14470201711284],[6.798882673704341,51.1447188855564],[6.798847127026774,51.14473575398879],[6.798811580323426,51.14475262240999],[6.798776020766521,51.14476976038906],[6.798740461183401,51.14478689835693],[6.798705330129108,51.144804044382795],[6.798670199048953,51.14482119039772],[6.7986350551142,51.14483860597073],[6.798599911153161,51.14485602153281],[6.798565195721421,51.14487344515364],[6.798530051707852,51.144890860693955],[6.798495323394411,51.14490855386226],[6.798461030025504,51.14492612030548],[6.798426301659404,51.14494381345253],[6.798391566851848,51.14496164137336],[6.798357260574185,51.144979477353964],[6.798322954270162,51.14499731332412],[6.798288635109055,51.14501541885276],[6.798254750893671,51.14503339765733],[6.798220431679274,51.145051503165185],[6.798186534579831,51.14506975151813],[6.79815263745367,51.14508799986087],[6.798118740300896,51.14510624819341],[6.798085258847324,51.145124774156095],[6.798051355225088,51.14514315725276],[6.798017873717949,51.14516168319537],[6.79794560751125,51.1452020077974],[6.797873763321071,51.14524247520964],[6.797802328314196,51.14528335500169],[6.797731308906743,51.14532451238988],[6.797684079749544,51.14535249245226],[6.797636421975096,51.145380464421606],[6.797589179868471,51.14540871401278],[6.79754236626481,51.145436971657546],[6.797495539768447,51.145465498851486],[6.797449135357558,51.14549416888406],[6.797402730889108,51.145522838897385],[6.797356742088429,51.14555178653438],[6.797310753230131,51.145580734152425],[6.797264751477305,51.14560995132026],[6.797219178228748,51.14563917654386],[6.797174027066474,51.14566854460808],[6.797128863008978,51.14569818222269],[6.797084127456785,51.14572782789423],[6.797039385427963,51.145757608332126],[6.796995071905168,51.14578739682761],[6.796964493165931,51.14580800074941],[6.796934342963485,51.14582861273858],[6.796904186314537,51.14584935950389],[6.796874029638434,51.145870106261036],[6.796844301499902,51.1458908610861],[6.796814573334583,51.14591161590323],[6.796784403737688,51.145932632204655],[6.796755097663664,51.14595352986649],[6.79672535657765,51.145974554228324],[6.796696037609807,51.14599572144316],[6.796666725035369,51.14601675386594],[6.796637399593393,51.14603805584955],[6.79660850269044,51.146059365902396],[6.796579177194475,51.1460806678706],[6.796550280237912,51.14610197790826],[6.796521376833875,51.14612342272265],[6.796492901969764,51.14614487560693],[6.796464420658262,51.14616646326813],[6.796435939320022,51.14618805092201],[6.796407457955097,51.14620963856854],[6.796379405131179,51.14623123428558],[6.796350910870499,51.14625309148606],[6.79632284515081,51.146274956757246],[6.796294779404472,51.14629682202129],[6.796267142199903,51.14631869535647],[6.796239498547441,51.14634070346898],[6.79621185486855,51.14636271157454],[6.796184204741424,51.146384854457395],[6.796156983156845,51.146407005412016],[6.796129332976713,51.14642914828111],[6.796102539909119,51.146451307301035],[6.796075305401689,51.14647372780388],[6.796048077289887,51.146496013515765],[6.796021271299646,51.146518442084336],[6.795994465283209,51.14654087064634],[6.795968081388744,51.14656344206543],[6.795941275320133,51.14658587061445],[6.795914884951091,51.14660857680495],[6.795888494555977,51.14663128298909],[6.795862539128945,51.14665386246247],[6.795836577253576,51.14667657671389],[6.795810608929521,51.146699425743336],[6.795784640579691,51.146722274766624],[6.795758672203977,51.14674512378376],[6.795733125951704,51.146768115659185],[6.795707579673799,51.146791107528635],[6.795682026946945,51.14681423417629],[6.795656902767398,51.146837368898524],[6.795631778562523,51.146860503614974],[6.795606654332323,51.14688363832563],[6.795581523653116,51.146906907814675],[6.79555681509849,51.14693032016304],[6.795532106518698,51.14695373250576],[6.795507404337596,51.14697701005872],[6.795482689283395,51.14700055717438],[6.795458409202654,51.14702397758161],[6.795434122672916,51.14704753276752],[6.795410258269145,51.147071230813665],[6.795385978113926,51.147094651204675],[6.795362113660731,51.1471183492402],[6.795338242758412,51.14714218205464],[6.795314806831765,51.14716588816151],[6.795290935880072,51.14718972096549],[6.795267493479909,51.14721356184625],[6.795244473207289,51.147237545588176],[6.795221024333649,51.14726152124297],[6.795198004012519,51.147285504974974],[6.795174977242367,51.14730962348619],[6.795151956872922,51.14733360720836],[6.795129352206869,51.14735786857642],[6.795106753942012,51.147381995155584],[6.795084155653321,51.14740612173002],[6.795061973068536,51.147430525950746],[6.795039368306873,51.14745478729988],[6.795017185674527,51.14747919151133],[6.794995438023104,51.14750346901715],[6.794973683922933,51.147527881302665],[6.794951923373914,51.14755242836786],[6.794930162801465,51.14757697542862],[6.794908402205638,51.147601522484955],[6.794887070166559,51.14762607762034],[6.794865731678611,51.14765076753554],[6.794844393167592,51.147675457446475],[6.794823483214295,51.14770015543686],[6.794802566812237,51.14772498820721],[6.79478165038742,51.14774982097345],[6.794761162521257,51.147774661819525],[6.794740246051147,51.1477994945776],[6.794719751713736,51.147824470199765],[6.794699685936026,51.147849453902154],[6.794679613709796,51.147874572384794],[6.79465954788804,51.14789955607955],[6.794639475617637,51.14792467455457],[6.794619409751834,51.147949658241714],[6.794599759593746,51.14797491957773],[6.794580109413864,51.14800018091007],[6.794560887795869,51.14802545032349],[6.794541237572632,51.148050711648565],[6.794522015911793,51.148075981054866],[6.794503216386885,51.148101393326634],[6.794483988256334,51.14812679750998],[6.794465188689201,51.14815220977491],[6.794446389101068,51.148177622036464],[6.794428011649937,51.14820317716389],[6.794409205592578,51.148228724202795],[6.794391256685701,51.14825428740904],[6.794372879172597,51.14827984252674],[6.794354923797473,51.14830554051075],[6.794336968402092,51.14833123849163],[6.794319006558657,51.14835707125343],[6.79430105755034,51.1483826344441],[6.794283524253364,51.14840847528545],[6.794265990936429,51.14843431612385],[6.794248886187201,51.14846016504517],[6.794231781418483,51.14848601396365],[6.79421467020219,51.14851199766331],[6.79419755896635,51.1485379813601],[6.794180882727654,51.14856383835622],[6.794164193613497,51.148589964917626],[6.794147510908401,51.148615956692325],[6.794130821755818,51.1486420832483],[6.794114989763105,51.148668225974404],[6.794098729162309,51.14869436061154],[6.794082468542801,51.14872049524609],[6.794066630066174,51.148746772748645],[6.794050797999772,51.148772915464725],[6.794034953057841,51.14879932774632],[6.794019549545737,51.14882547854426],[6.794000376563406,51.148858708196016],[6.79398077496129,51.14889192975716],[6.793962030514156,51.14892516748855],[6.79394327961051,51.148958540000386],[6.793924528679149,51.14899191250871],[6.793906206312823,51.14902529310075],[6.793887877490335,51.149058808473384],[6.793869983663143,51.14909219714605],[6.793852505544718,51.14912586347085],[6.793835033829451,51.14915939500859],[6.793817555658779,51.149193061327175],[6.793800506056673,51.14922673573029],[6.793783456429001,51.14926041013044],[6.793766828941608,51.149294227399345],[6.793750207858722,51.14932790988145],[6.793734002487556,51.14936187001653],[6.793696311292535,51.149441562296886],[6.7936590357013,51.14952153221858],[6.793622610743291,51.149601653086386],[6.793587036422575,51.14968192490114],[6.793563430853336,51.14973611605268],[6.793540247396398,51.149790450070896],[6.793517486053063,51.149844926956035],[6.793494724654249,51.14989940383561],[6.793472391801235,51.14995388879856],[6.793450487495465,51.15000838184512],[6.793429005307812,51.15006301775947],[6.793407951670296,51.150117661757974],[6.793386897981142,51.15017230575158],[6.793366259982284,51.150227227397444],[6.793346056967747,51.15028202234413],[6.793326282508208,51.15033682537576],[6.793306501568789,51.150391763186875],[6.793287577791977,51.150446717172905],[6.79326864753702,51.15050180593871],[6.793250145841822,51.15055690279022],[6.793231650531966,51.150611864853914],[6.793214005960336,51.15066697787743],[6.793196354913193,51.15072222568115],[6.793179132430733,51.1507774815713],[6.793162338514479,51.15083274554809],[6.793145973165896,51.150888017611685],[6.793129601344468,51.1509434244559],[6.793113658092675,51.15099883938721],[6.793098149843907,51.15105412762196],[6.793083063735967,51.15110955872804],[6.793068399770266,51.15116513270562],[6.793054164380197,51.15122071477103],[6.793039928953837,51.15127629683381],[6.793026122105206,51.151331886984664],[6.793012743835731,51.151387485223744],[6.792999787714706,51.15144322633506],[6.79298683799275,51.15149883266025],[6.792974739037152,51.1515545899488],[6.792962633617947,51.15161048201908],[6.792950963216847,51.15166624739446],[6.792939292785551,51.151722012767834],[6.792928473127516,51.15177792910526],[6.792918082059725,51.15183385353203],[6.7929076973974,51.151889643173284],[6.792897734894866,51.151945575687854],[6.792888194553493,51.152001651075885],[6.792878660619631,51.15205759167854],[6.792869983902795,51.15211354846241],[6.792861300730122,51.15216964002868],[6.792853046156388,51.15222573968498],[6.792845226616078,51.152281712647635],[6.792837835677876,51.15233769370058],[6.792830866910437,51.15239381762768],[6.792823898124038,51.152449941553634],[6.792817351510285,51.15250620835387],[6.792811246369779,51.152562213677115],[6.792805556972008,51.152618496658604],[6.792799873991432,51.15267464485535],[6.792795048248454,51.1527308092346],[6.792790222491701,51.15278697361298],[6.792785825348907,51.15284314608228],[6.792781850388475,51.15289946142638],[6.792778310478357,51.152955650077736],[6.79277477055747,51.15301183872836],[6.792771652822566,51.15306817025391],[6.792768970141635,51.153124375086854],[6.79276670964966,51.15318072279479],[6.792764884214926,51.15323694381023],[6.79276348740559,51.15329317291699],[6.792762090590738,51.153349402023174],[6.79276111596998,51.15340577400449],[6.79276057641174,51.153462019293436],[6.792760465484107,51.153518272673786],[6.792760783188696,51.15357453414556],[6.792761100891884,51.153630795616856],[6.792762275865089,51.153687073271534],[6.792763450838979,51.15374335092574],[6.792765054450306,51.153799636671415],[6.792767086700583,51.153855930508556],[6.792769125387164,51.15391208956146],[6.792771586281419,51.15396839148959],[6.792774904457013,51.15402470960111],[6.792778229072111,51.1540808929284],[6.792781553693122,51.154137076255175],[6.792785735600806,51.15419327576529],[6.792789917516544,51.15424947527488],[6.792794956723075,51.15430569096774],[6.792799995939749,51.15436190666002],[6.792805463809008,51.1544181304436],[6.792810931689452,51.15447435422659],[6.792817263301538,51.15453045940893],[6.792823601360313,51.15458642980686],[6.792830361643403,51.15464254307969],[6.792837550585799,51.15469866444361],[6.792845168189177,51.15475479389856],[6.792852792242341,51.154810788568994],[6.792861267171686,51.15486693420585],[6.792869748552883,51.15492294505809],[6.792878665033664,51.15497882921739],[6.792887575100481,51.155034848159524],[6.792899335373019,51.15510306236995],[6.792911952976026,51.15517129276203],[6.792924570613194,51.15523952315244],[6.792938052019275,51.15530763494045],[6.792951533461964,51.155375746726634],[6.792965878678552,51.155443739910105],[6.792981081239486,51.15551174927428],[6.792996283842157,51.1555797586363],[6.793016599865152,51.15566648142897],[6.793036909526361,51.15575333900159],[6.793058089436417,51.15583994318517],[6.79307969807741,51.15592655545572],[6.793094213241418,51.155982005643594],[6.793108293347781,51.156037582522416],[6.793123237234979,51.1560930407975],[6.793137752497454,51.15614849097978],[6.79315313154375,51.15620382255806],[6.793168075532463,51.15625928082728],[6.793183883308094,51.15631462049219],[6.793199262458888,51.15636995206429],[6.793215070305662,51.156425291724915],[6.793231313282687,51.1564805046902],[6.79324754986385,51.15653585243695],[6.793264221577263,51.15659107348814],[6.793280893328479,51.15664629453695],[6.793297993781343,51.1567015236737],[6.793315094273046,51.15675675280797],[6.793332201236139,51.15681184715602],[6.793349736903337,51.15686694959174],[6.793367701276185,51.15692206011494],[6.793385672122299,51.15697703585168],[6.793404065243647,51.157032154459415],[6.793422464839209,51.157087138280566],[6.793440864476599,51.15714212209888],[6.793459692824198,51.157197114004134],[6.793478956315729,51.15725197921241],[6.793498219851062,51.1573068444176],[6.793517483430198,51.15736170961968],[6.793537175723519,51.1574165829082],[6.793556874493672,51.15747132140975],[6.793577001980028,51.15752606799747],[6.793597551752221,51.15758095745491],[6.793618114435023,51.15763557734135],[6.79363867716447,51.1576901972243],[6.793659668614185,51.15774482519287],[6.793680660111573,51.15779945315781],[6.793702080331221,51.15785408920809],[6.793723929274673,51.15790873334346],[6.7937453560239,51.15796323460236],[6.793767640173924,51.15801775203496],[6.793789502129468,51.158072126591065],[6.793812221488771,51.15812651732044],[6.793834512222136,51.15818089995708],[6.793857231684155,51.158235290678064],[6.793880379876417,51.15828968948319],[6.793903534552503,51.15834395350017],[6.793927117960708,51.15839822560097],[6.793950707853587,51.158452362913486],[6.793974720049492,51.158506643093226],[6.793998745161884,51.15856065370075],[6.794022763897708,51.15861479908731],[6.794047211370172,51.15866895255698],[6.794072100442322,51.15872284454195],[6.794096976709321,51.158777006089394],[6.794121865894084,51.158830898064274],[6.794147183819368,51.15888479812154],[6.794172930486584,51.158938706260976],[6.794198254957322,51.15899247152395],[6.794224436856621,51.15904625295608],[6.794250618815134,51.15910003438266],[6.794276800832756,51.15915381580365],[6.794302989339818,51.15920746243527],[6.794330035281378,51.159261125235],[6.794357081283994,51.15931478802876],[6.79438413377769,51.15936831603281],[6.794411186332307,51.15942184403091],[6.794439102757234,51.15947525341219],[6.794466590554739,51.15952865470078],[6.794494507104766,51.1595820640695],[6.794522852408879,51.15963548151806],[6.7945511977768,51.15968889896008],[6.794579556067613,51.159742046828015],[6.794608336685217,51.15979533755907],[6.794637546060841,51.15984863636917],[6.794666774790058,51.15990153082098],[6.794695990726015,51.159954694833445],[6.794725641851473,51.16000773214064],[6.794755293043319,51.160060769440705],[6.794785379426371,51.160113680035096],[6.794815459447707,51.160166725405944],[6.794845981090919,51.1602195092869],[6.794876496373416,51.160272427944086],[6.794907453279376,51.160325085110955],[6.794938410254259,51.16037774227005],[6.794969789568282,51.160430542289795],[6.795000753110068,51.160483064649426],[6.795032567691765,51.160535737953886],[6.795064388772643,51.16058827646633],[6.795096209924273,51.16064081497055],[6.79512846627613,51.160693226766824],[6.795161151401218,51.16074564663858],[6.795193414324673,51.16079792363403],[6.795226534725036,51.16085021678848],[6.795259232923378,51.160902367066605],[6.795292782173628,51.16095466828686],[6.795325909221691,51.16100682663078],[6.795359471475267,51.16105885826524],[6.795393462508093,51.161110897973685],[6.795439862943851,51.16118165362992],[6.795486276373364,51.16125213970101],[6.795514689980641,51.161295170483754],[6.795543097212694,51.16133833604378],[6.795571504496819,51.16138150159726],[6.795599483124733,51.16142465906177],[6.795627461803904,51.16146781651994],[6.795655434107414,51.16151110875559],[6.795682977752921,51.16155439290275],[6.795710515022285,51.161597811827605],[6.795738058768919,51.16164109596248],[6.795765173855449,51.16168437200934],[6.795792282565281,51.161727782834085],[6.795819384898516,51.161771328436714],[6.7958460649962,51.161814731167986],[6.795872738716709,51.16185826867732],[6.795899406060193,51.16190194096473],[6.795926079879046,51.16194547846254],[6.795957474190321,51.16199800866312],[6.795988862145399,51.162050673639555],[6.796020250170352,51.162103338608],[6.796051215976003,51.162155860703756],[6.796082168998975,51.16220865235944],[6.796113122091037,51.16226144400737],[6.796143217819083,51.16231421948645],[6.796173735905753,51.16236713782249],[6.796203825343146,51.16242004807065],[6.796233486129712,51.162472950231255],[6.796263134131983,51.16252612195247],[6.796292795051201,51.1625790240988],[6.796322014466844,51.16263218772582],[6.796351233948087,51.162685351345914],[6.796380024774244,51.16273850687938],[6.796408815664998,51.16279166240612],[6.796436307605923,51.16284506325535],[6.796463793183833,51.162898598882336],[6.796490850101151,51.16295212642386],[6.796517907079413,51.16300565395942],[6.796544964118616,51.163059181489025],[6.796571586070147,51.16311283571753],[6.796598201657353,51.163166624724155],[6.796624395003963,51.16322027086226],[6.796650153259743,51.16327404369991],[6.796675905149443,51.163327951316035],[6.796701663521632,51.16338172414288],[6.796726986800722,51.163435623669685],[6.796752316561163,51.16348938840739],[6.79677720480265,51.163543414629316],[6.796802093100474,51.16359744084619],[6.796826981454744,51.163651467057996],[6.79685187628918,51.163705358480875],[6.796877193486309,51.16375939276058],[6.796901659703216,51.16381327609535],[6.796926541859287,51.16386743707086],[6.796950579455627,51.16392131231802],[6.796975032991369,51.16397546520594],[6.796999057849878,51.1640296100114],[6.797022654029629,51.16408374673463],[6.797046243839534,51.164138018237225],[6.797069404968755,51.164192281657925],[6.797092994885244,51.1642465531515],[6.797115720961613,51.16430094327006],[6.797138453512767,51.164355198600475],[6.797161179692424,51.16440958871056],[6.797183477186861,51.16446397073946],[6.797205339571673,51.16451847947132],[6.797227630743967,51.16457299627604],[6.797249064490356,51.16462749692322],[6.797270498285429,51.16468199756662],[6.7972919257064,51.16473663299015],[6.797312924436328,51.164791260333374],[6.797333923213961,51.164845887672946],[6.797354493298498,51.16490050693253],[6.797375057007181,51.16495526097253],[6.79739519202076,51.16501000693277],[6.79741532708014,51.16506475288968],[6.797435033442365,51.16511949076708],[6.797454733426957,51.16517436342521],[6.797474433456468,51.16522923608009],[6.79749370478629,51.16528410065584],[6.797512547414989,51.165338957152656],[6.797531383664262,51.16539394843041],[6.797549791210438,51.165448931629484],[6.797568198798424,51.16550391482571],[6.797586600006163,51.16555903280301],[6.79760457893038,51.16561400791801],[6.797622122725294,51.16566910973873],[6.797639666560091,51.165724211556835],[6.797657210434768,51.16577931337234],[6.797674319177757,51.16583454189386],[6.797691427959724,51.16588977041288],[6.797708114451718,51.165944856070304],[6.797724359386764,51.16600020321804],[6.797740610780512,51.1660554155796],[6.797756855789379,51.166110762722795],[6.797772678504124,51.16616596700482],[6.797788494833021,51.16622130606861],[6.797803882444075,51.16627663705535],[6.797819263668324,51.16633210282394],[6.797834216172721,51.16638756051569],[6.79784917513255,51.16644288342155],[6.797863698948825,51.166498333034696],[6.797878222798002,51.16655378264597],[6.797892317923075,51.166609224180775],[6.797906406658583,51.166664800497735],[6.797920073089426,51.16672023395448],[6.797933733129617,51.16677580219345],[6.797946958020419,51.166831497140265],[6.79796018936234,51.16688705730154],[6.79797298555274,51.16694274417079],[6.797985788193276,51.16699829625461],[6.797998162101461,51.16705384026267],[6.798010523194959,51.167109653837116],[6.798022468396592,51.16716518976811],[6.798034400782536,51.167220995265595],[6.798046333195304,51.16727680076171],[6.798057843292279,51.16733246339848],[6.798068918229698,51.16738825274384],[6.798079993191808,51.16744404208798],[6.798090645834479,51.16749968857302],[6.798101292079695,51.16755546984081],[6.798111931927506,51.16761138589139],[6.798122143032228,51.16766729386694],[6.798131931813366,51.16772305898364],[6.79814171419507,51.16777895888323],[6.798151496598321,51.16783485878181],[6.798160850254366,51.167890750605594],[6.798169775161643,51.16794663435467],[6.798178700088384,51.168002518102845],[6.798187196264273,51.16805839377643],[6.798196114808606,51.16811441230671],[6.798204175829605,51.16817041468882],[6.798212236868062,51.168226417070116],[6.798220297923974,51.168282419450605],[6.798227936645191,51.168338278972804],[6.798235140188438,51.168394265204604],[6.798242337326195,51.168450386219575],[6.798249540900139,51.16850637244991],[6.798256315714394,51.16856235060604],[6.798262655346553,51.16861845547192],[6.798269423768118,51.16867456841059],[6.798275341071494,51.168730530417804],[6.798281251966344,51.168786627208306],[6.798287162873395,51.168842723998175],[6.798292645014508,51.16889881271405],[6.79829769838812,51.16895489335594],[6.798303174130271,51.16901111685453],[6.798307798744933,51.16906718942193],[6.798312423368721,51.16912326198878],[6.798317041580771,51.16917946933898],[6.798321237441435,51.169235533831426],[6.798325433310183,51.16929159832333],[6.798329193983783,51.16934778952532],[6.798332525881533,51.1694039726535],[6.798336286568687,51.16946016385445],[6.798339189694961,51.16951633890836],[6.798342092826187,51.16957251396175],[6.798344995962309,51.16962868901466],[6.798347470317938,51.1696848559938],[6.798349944677421,51.16974102297247],[6.798351990254218,51.1697971818774],[6.798354035833931,51.16985334078184],[6.798355646207956,51.16990962639643],[6.798356834216607,51.169965769153386],[6.798358444593727,51.17002205476702],[6.798359203815248,51.17007818944975],[6.798359963036455,51.17013432413197],[6.798360722257452,51.170190458813735],[6.798361046266441,51.170246720205604],[6.798361370274159,51.170302981596976],[6.798361271909692,51.170359100130675],[6.798361167121916,51.170415353447744],[6.798360633538973,51.170471598691],[6.798360106373558,51.17052770914986],[6.79835915041092,51.17058381153486],[6.798358188022829,51.170640048703206],[6.798356796835351,51.17069627779766],[6.798355405642373,51.17075250689155],[6.798353585647924,51.1708087279115],[6.798351343271587,51.17086480607362],[6.798349523263551,51.1709210270924],[6.798347274451493,51.170977240037146],[6.798344603254952,51.17103331012402],[6.798341925628652,51.1710895149941],[6.798338819194634,51.171145711790054],[6.798335283951388,51.171201900511875],[6.798332177497519,51.17125809730646],[6.798328648654651,51.171314151242996],[6.79832468457866,51.171370331889136],[6.798320720490923,51.17142651253453],[6.798316334010569,51.171482550321706],[6.798311941096114,51.17153872289196],[6.798307119365677,51.17159488738776],[6.798302304042781,51.171650917098894],[6.798297053480433,51.17170707351933],[6.798291802903221,51.17176322993888],[6.798286129927326,51.171819243499954],[6.798280456935639,51.171875257060094],[6.798274348700129,51.17193139732934],[6.798268246869331,51.171987402813734],[6.798261709792626,51.17204353500711],[6.798255179119603,51.172099532415615],[6.798248219620233,51.17215552174915],[6.798241253680187,51.172211645865374],[6.798233865333416,51.17226762712267],[6.798226476966716,51.1723236083788],[6.798218659769528,51.17237958155968],[6.798210842551324,51.17243555473932],[6.798202596500563,51.1724915198436],[6.798194350427753,51.17254748494654],[6.798185675520322,51.17260344197396],[6.798177000589857,51.172659399],[6.79816833205831,51.17271522124081],[6.798159228267596,51.17277117018975],[6.798149702060265,51.17282697627904],[6.798140169405689,51.1728829171506],[6.79813021433257,51.172938715162346],[6.798120252811038,51.17299464795626],[6.798109868868983,51.173050437890225],[6.798099484899801,51.17310622782246],[6.798088665663377,51.173162144462154],[6.798077859243576,51.17321779153246],[6.798067046373227,51.17327357338473],[6.798055375836243,51.1733293390857],[6.798044140511343,51.17338497807567],[6.798032469914491,51.17344074377268],[6.798020370466621,51.17349650139276],[6.79800827741022,51.17355212422701],[6.797995749078082,51.1736078737679],[6.797983233559352,51.17366335373906],[6.797970711585633,51.17371896849178],[6.797957760756431,51.173774575167144],[6.797944381070155,51.17383017376498],[6.797931001349658,51.173885772360414],[6.79791719277004,51.17394136287809],[6.797903384155179,51.17399695339324],[6.7978895819283,51.174052409122126],[6.797875350839797,51.174107856772984],[6.797860697311527,51.17416316156189],[6.797846030899511,51.17421873591554],[6.797831377296993,51.17427404069894],[6.797816288405538,51.17432947218759],[6.797800770646847,51.17438489559756],[6.797785259272558,51.1744401842208],[6.79776931260554,51.174495599548834],[6.797753807576109,51.17455075338228],[6.797737438422021,51.17460602584435],[6.797721069226745,51.17466129830315],[6.797704699990334,51.17471657075868],[6.797687901880296,51.17477183513472],[6.797670681318997,51.17482695664734],[6.797653460714708,51.1748820781564],[6.797636240067376,51.17493719966196],[6.797618590542435,51.17499231308746],[6.797600947397737,51.1750472917256],[6.797582868949173,51.1751023970671],[6.797564368043889,51.175157359544336],[6.797546289504749,51.17521246487814],[6.797512925360088,51.17530910276679],[6.797495999903435,51.1753580241944],[6.797478651995728,51.175406802757976],[6.797461297625132,51.17545571610183],[6.797443520801865,51.17550448658136],[6.797425315099848,51.17555324898006],[6.797407109357844,51.17560201137505],[6.797388481160412,51.17565063090525],[6.797369417656111,51.17569937713776],[6.797349938118917,51.17574784572135],[6.797330452114178,51.175796449084494],[6.797310550075122,51.175844774798435],[6.797290641567631,51.17589323529176],[6.797270304173638,51.17594168770289],[6.797249537891868,51.17599013203158],[6.797228355572049,51.17603829871032],[6.79720716035537,51.17608673495157],[6.797183122142782,51.17614078363134],[6.797158648600819,51.176194959010296],[6.797133330159252,51.1762488486588],[6.797108434077405,51.176302881162805],[6.797082693093557,51.17635662793579],[6.797056516774415,51.17641050140678],[6.797030340392467,51.176464374870676],[6.797003319103269,51.17651796260238],[6.796976297749661,51.176571550326614],[6.796948847482175,51.176625129964194],[6.796921397149245,51.17667870959409],[6.796893108330065,51.17673186870674],[6.796864806590582,51.17678529737849],[6.79683565350784,51.17683857509931],[6.796806506783219,51.176891718027996],[6.796776931137444,51.17694485286833],[6.796746932996297,51.17699784483636],[6.796716934784638,51.177050836795395],[6.796686085222243,51.17710367780148],[6.796655242015092,51.17715638401458],[6.796623969881119,51.177209082137786],[6.796592268818934,51.17726177217077],[6.796560145254844,51.17731431932961],[6.796528028044008,51.17736673169474],[6.796495053045279,51.17741912788786],[6.796462084398269,51.17747138928678],[6.796428693245761,51.17752350781036],[6.796394873158161,51.177575618241725],[6.796361059421201,51.177627593878405],[6.796326387888463,51.177679553340795],[6.79629172270492,51.177731378008026],[6.796256628582117,51.17778319458174],[6.796221118376341,51.17783473349455],[6.796185179228948,51.17788626431304],[6.796149239999942,51.17793779511911],[6.796112449394771,51.177989174964424],[6.796075665135682,51.17804042001325],[6.796038458360274,51.178091522182925],[6.796001251501171,51.178142624339344],[6.795963186830853,51.17819371031658],[6.795925134934659,51.178244526713016],[6.795886654088754,51.17829533501239],[6.795847750721814,51.178346000430786],[6.795808418402651,51.178396657751215],[6.795769098856597,51.17844704549006],[6.795729350356996,51.17849742513035],[6.795689179333047,51.178547661888224],[6.795648585783826,51.17859775576322],[6.795607563277428,51.17864784153833],[6.795566547111804,51.17869779251413],[6.795525101987561,51.17874773538943],[6.795483240765743,51.1787974005969],[6.795440950583085,51.17884705770294],[6.795398673171427,51.17889644522538],[6.795355537927034,51.178945816560464],[6.795312402589301,51.17899518787814],[6.795268851150723,51.179044281525975],[6.795225299618468,51.17909337515608],[6.795180896680046,51.17914231781318],[6.795136500078888,51.17919112566852],[6.795091680942069,51.179239790635805],[6.795046432836142,51.17928844749794],[6.795001197499468,51.17933683477429],[6.794955533192508,51.17938521394481],[6.794909446346947,51.17943345022564],[6.794862936962019,51.17948154361628],[6.794816433912667,51.17952950220351],[6.794769073013281,51.1795774445957],[6.794722153758681,51.17962512548816],[6.79467437665206,51.179672790184526],[6.794626177002351,51.17972031198846],[6.79457799012086,51.179767564204305],[6.794529374261545,51.17981480831035],[6.794480335857531,51.17986190952269],[6.794431303787267,51.179908875929605],[6.794381842736779,51.179955834225424],[6.794331965574629,51.180002514843004],[6.794281665865478,51.18004905256513],[6.794231366054198,51.18009559026402],[6.794180650130213,51.18014185028343],[6.794129505222188,51.180188102189355],[6.794077944200242,51.18023407641468],[6.794054619040159,51.18025508626541],[6.795995709642562,51.18110219268516],[6.796060020113941,51.18112188663796],[6.796115439666016,51.181138984717165],[6.796158172556185,51.18115206635773],[6.796241704237214,51.18118277990058],[6.796293263905742,51.18119980515646],[6.796315028085718,51.18120250865966],[6.796322894136944,51.18120859268914],[6.796416165686869,51.18122411051819],[6.796445626079913,51.181218460027516],[6.796537194982849,51.18123367586766],[6.796642321362209,51.18125265459403],[6.796749004490782,51.18126599656203],[6.796897712737498,51.18128026505326],[6.796959998591062,51.181279414867696],[6.797076678420917,51.18127216955147],[6.797191226608379,51.1812646141573],[6.79730071802245,51.18125507474026],[6.797400370571853,51.18124481029148],[6.79754146185121,51.18122075650532],[6.797636838207836,51.18121014151102],[6.797748167061273,51.18119807309315],[6.797867786156535,51.18118319278002],[6.797945942442886,51.181173602313585],[6.798031325617136,51.181165496917885],[6.7981340892822,51.181152997048066],[6.798316711758884,51.18113120823814],[6.798450580285394,51.18111457203301],[6.798571517747916,51.181099041298715],[6.798664762029645,51.18108811552387],[6.79876196904729,51.18107510579278],[6.798859278763809,51.18105993944136],[6.798931039818934,51.181049418518946],[6.799026319214341,51.181040824138144],[6.799130049300349,51.18102604820741],[6.79920012678723,51.18101482091316],[6.799280229247397,51.18100040961984],[6.799355793635593,51.18098213554758],[6.799438412820059,51.180959947042574],[6.799537196183788,51.18093185702355],[6.799599906500319,51.18091307111746],[6.799674146656681,51.180886542747444],[6.79971689041505,51.18087237256984],[6.799790073666587,51.180850006282014],[6.799842668974746,51.180836291217005],[6.799900026966601,51.18082172139872],[6.799948551555827,51.18080334294844],[6.799999080498193,51.180778931481],[6.800047873432139,51.1807639306515],[6.800114115987822,51.180752091051744],[6.800168047980581,51.18074636035393],[6.800222792812675,51.180741589252975],[6.800376431219393,51.18074245560895],[6.800413245056636,51.18074463199352],[6.800518130287769,51.18075065186142],[6.800898655434595,51.18077372690445],[6.800913224833333,51.18077427068682],[6.800934233985547,51.18077480065918],[6.800994207896248,51.180777412370965],[6.801304928995349,51.18077893779884],[6.801380061599525,51.18077873151084],[6.801437309140004,51.18077549084367],[6.801519221443463,51.18076812708218],[6.801586980378678,51.18076049719677],[6.801665679587329,51.1807484861772],[6.801749385141141,51.18073049850915],[6.801809193909023,51.1807185370124],[6.801871063720535,51.180708367984096],[6.801927555975847,51.180702954408865],[6.80201890363481,51.18069576764477],[6.802080997062442,51.18068991965259],[6.802125263109962,51.1806798243456],[6.802159799359413,51.18066671316619],[6.802182378011964,51.18065229801261],[6.802221044244652,51.18062455984336],[6.802249442056111,51.18060512766828],[6.802289471108538,51.18058483483573],[6.802334486484529,51.180568008307645],[6.802423665096875,51.180543242883324],[6.802517215832665,51.180516805789566],[6.802619478831136,51.18048769933172],[6.80269650086729,51.18046580808041],[6.802761680065578,51.18044922534978],[6.802837248647652,51.18043081421433],[6.80289066192474,51.18041792258099],[6.802941412116248,51.18040686955392],[6.802999542520654,51.1804031050938],[6.803039064156769,51.18040249852911],[6.803102564969229,51.180403151852346],[6.803157398327813,51.18040553098174],[6.803226263171901,51.18041073685143],[6.803420694691433,51.18043840206351],[6.803540685945202,51.18046075659223],[6.803700627050945,51.18050058944939],[6.803832408404462,51.18055486765308],[6.803948122579143,51.18061302602443],[6.804449991205967,51.18025969130258],[6.804949874591029,51.179884732481376],[6.805090095253082,51.17977944080647],[6.805402483270999,51.179537888846035],[6.805703205114559,51.179297870919555],[6.806169071573956,51.178915658352345],[6.806612437082184,51.17853706906098],[6.807013094845125,51.17818088079731],[6.807560591705143,51.17768808794452],[6.808109754323476,51.177205171815146],[6.808593237634639,51.176794545292225],[6.809454136155183,51.17610957655373],[6.810161056624445,51.17557564420955],[6.81012378680498,51.17551977036241],[6.810005909379761,51.175344345551416],[6.809965829688959,51.17528437189377],[6.809900641671683,51.175165514353026],[6.809843744073742,51.175061921342866],[6.809788043796155,51.17496023938948],[6.80982146039611,51.174952501185324],[6.809812715937802,51.174937767726085],[6.809795649486167,51.17490844362244],[6.809789035656381,51.174884981276655],[6.809758098795753,51.17477701788583],[6.809752925628952,51.1747593834127],[6.80968627100364,51.17431834638398],[6.809775737959804,51.17404265850506],[6.809795292387483,51.17398326206866],[6.809799566290391,51.173965534725646],[6.809826150338201,51.17385743452295],[6.809865530260591,51.17369669141059],[6.809867673572247,51.17368769295226],[6.809891352564311,51.173450704537316],[6.809867096616905,51.173183678971284],[6.809865180838281,51.17316070932623],[6.80988552189817,51.173030367837704],[6.809906547165874,51.17289464297829],[6.809951186670413,51.17273157004626],[6.809990072387948,51.172572166663855],[6.810019139806537,51.17241163505907],[6.810044645310572,51.17221758041947],[6.810055121967244,51.171878761579286],[6.8100591917926,51.171738537098214],[6.810084841824486,51.171523305130656],[6.810089578987342,51.17146862260886],[6.810088511740521,51.17141868794766],[6.810081505101223,51.171367293010725],[6.810066499257251,51.171258278937344],[6.810027267699867,51.1711985909346],[6.810005421718151,51.17117052637131],[6.809995295663528,51.17115779060636],[6.809896910959853,51.171051262066115],[6.80984219824308,51.17099222837824],[6.809801304737498,51.17094950713831],[6.809795576203276,51.17094359894747],[6.809716337489593,51.170867782372326],[6.809676506225405,51.17082076403758],[6.809670233140705,51.170808235317494],[6.809653826996378,51.17077406696933],[6.809625621523479,51.17054514523831],[6.80961691151624,51.17047537133664],[6.809613152197781,51.17044602663014],[6.809611549637625,51.17041645251403],[6.809610356709732,51.170387290784525],[6.809610177052992,51.170382026141574],[6.809562973116773,51.170255141064295],[6.809537629739904,51.17018316690895],[6.809504280691606,51.17011711348489],[6.809499575980258,51.170107716938176],[6.809466298835218,51.17005825811026],[6.809443626558906,51.17001142621781],[6.809412945586516,51.16993436057131],[6.809406429166746,51.16991791504317],[6.809370484112252,51.16979798601953],[6.809358269846932,51.16975688111319],[6.809339261559519,51.169668971942485],[6.809414521869395,51.16926728697795],[6.809435990310515,51.16915841644466],[6.809429954888548,51.16869719949921],[6.80943977083809,51.16860780673609],[6.80944546173848,51.16855111851178],[6.809446281216446,51.16847949952304],[6.809447232291665,51.16845037794701],[6.809454259823683,51.16838359691593],[6.80947898852375,51.16831458429633],[6.809475613677888,51.16821374733849],[6.8094644183214,51.167960996194815],[6.809464448906488,51.16786980125325],[6.809475711354106,51.16778610156918],[6.809497520542276,51.167706241881056],[6.809518997485026,51.16763339100432],[6.809780524910562,51.166986700596134],[6.809796851185798,51.1669319653135],[6.809801398986105,51.16690844218796],[6.809787657719884,51.166890512299815],[6.809766340086547,51.16687851120608],[6.809727859183528,51.166866458429894],[6.809656907317987,51.16685136912163],[6.808833052691698,51.166695363273874],[6.808771240201253,51.16668665029903],[6.808697614768809,51.166682707388524],[6.808990829463545,51.166435930200365],[6.80915860300657,51.16629148807161],[6.809353566741347,51.16615281638552],[6.809704321953497,51.16595945841633],[6.809951182687215,51.165839430355],[6.810526523651083,51.165606566999564],[6.810615347713483,51.16557045686105],[6.811198565464182,51.16533423019474],[6.811377677426404,51.16516760300238],[6.811521687162524,51.1649900658156],[6.811962483521869,51.164462473827946],[6.812381778201485,51.16395376929343],[6.812163009721907,51.16383419779795],[6.811486727005196,51.16357129391007],[6.810856372994762,51.1633263788305],[6.810326018946133,51.163117463890266],[6.809916459997419,51.1629584304395],[6.809443706485996,51.16277473822638],[6.809242180662692,51.162699058405416],[6.809175457182056,51.16266731979045],[6.809376367527441,51.16243904787581],[6.809425371109059,51.16238290124598],[6.809464751116268,51.162330621448554],[6.809499837445702,51.16227839610576],[6.809523202194289,51.16223809258992],[6.809544908677894,51.162187505245726],[6.809562437322088,51.1621435848687],[6.809571052254153,51.162097608840405],[6.80957756189595,51.16205078394414],[6.809578700893777,51.16198146425408],[6.80957320643455,51.16193441448141],[6.809564680697997,51.16190605967892],[6.809537059064956,51.16185508786296],[6.809502272305501,51.16181949585292],[6.809464332122579,51.16179612108542],[6.809424459967243,51.16177729687147],[6.809385234508608,51.16176293661556],[6.809332417931295,51.161745623618096],[6.809280644826873,51.16173345652661],[6.808993075027855,51.16167167814314],[6.808896074898521,51.16164503801626],[6.80884794255498,51.161628487099364],[6.808807559035326,51.161611406850795],[6.808761665481544,51.161583835663265],[6.808729740632397,51.161560303571974],[6.808706774066505,51.16153788369009],[6.808692618826179,51.16151967607805],[6.808680235946957,51.16150028753722],[6.808667532319494,51.16146956098475],[6.808630394491998,51.16129348879719],[6.808604863448251,51.161198442072354],[6.808580536215004,51.161114210282314],[6.80853843718068,51.16098849945103],[6.808532803941195,51.16095345353772],[6.808537530597389,51.16092615645911],[6.808550714470663,51.16087433031525],[6.808576772279941,51.16082247564356],[6.808598998528026,51.16078808677537],[6.808651366329835,51.16072431394161],[6.809013678305403,51.16031343844198],[6.809233964589406,51.16006542901585],[6.809562786499106,51.15969102316205],[6.809898614426023,51.159304471292195],[6.811571164594297,51.15739127045266],[6.81200783991343,51.15689476405475],[6.812325412740222,51.15655764356916],[6.812394210052966,51.15647286153164],[6.812406476304811,51.15644030917029],[6.812408421239832,51.15639919960212],[6.812394154799797,51.15636520648421],[6.812367643414948,51.15633611064185],[6.812321362431883,51.15630772413306],[6.812273310843079,51.1562895572393],[6.812213545030581,51.15627413904094],[6.812109639515999,51.156257625052135],[6.812029900102562,51.15624722919557],[6.811981684201639,51.15624160525131],[6.811930038994936,51.15623591711139],[6.811874887943883,51.15623178219642],[6.811807734293186,51.156227422627815],[6.811732525331784,51.156221023593716],[6.811677514655149,51.156213923306986],[6.811632458963287,51.156204985744786],[6.811583295263568,51.15619219394169],[6.811539422285257,51.156176398335234],[6.811498786023582,51.156155671818055],[6.811471022468425,51.15613491642698],[6.811444832009241,51.15610811975828],[6.811431757889761,51.15608521102808],[6.811421114181238,51.1560562770732],[6.811416836629436,51.1560288113292],[6.81142187236611,51.15598587095664],[6.811501126189076,51.155680176178976],[6.811583098824418,51.155380468040654],[6.811672348512299,51.15506295369717],[6.811710062153894,51.15491877177318],[6.811761253781496,51.154761756316475],[6.811822463440115,51.1546015557039],[6.811862351565828,51.15450206792011],[6.811938621895873,51.1543499735811],[6.81199788018311,51.15424005585801],[6.81213473693673,51.15401341355742],[6.812295694068702,51.15375794769681],[6.812840025656106,51.152861975733934],[6.81301510212659,51.1525799269517],[6.813250220941777,51.152216574047],[6.813600066802226,51.1516496362602],[6.813803707272909,51.151316721709925],[6.814028219915276,51.15092335496023],[6.814200628913381,51.150588506743624],[6.814328702034618,51.15031124326145],[6.814382390866933,51.150173699625675],[6.814422034758697,51.15011548728766],[6.81449329970732,51.14999634940978],[6.814524646904945,51.1499412196648],[6.814568727454646,51.14987081386724],[6.814640190959817,51.14975653618716],[6.814719375353574,51.14964226787014],[6.814809285242373,51.14951889152655],[6.815188981644654,51.149000263253406],[6.815529845172616,51.14855888322562],[6.815612161084362,51.14847812923022],[6.816078106436163,51.147876793962176],[6.816118876762252,51.14778555040168],[6.816325570197172,51.14742354906974],[6.816345370833408,51.147331239240934],[6.816353048663442,51.147286729125916],[6.816373513963754,51.14724394179834],[6.816398880414945,51.147206372391466],[6.81644033979068,51.14716411206069],[6.816521852149467,51.14710937906963],[6.816571572967202,51.14705567116265],[6.81661045951066,51.146958861149756],[6.816710609511194,51.14667284439704],[6.818089743386088,51.14563527048372]]]]}},{"type":"Feature","id":"duesseldorf-stadtteil-097","properties":{"name":"Itter","stadtteil_code":"097","parent_stadtbezirk":"09","year":2025,"metric_scope":"BV9_ONLY_STREET_CRIME_AND_RESIDENTIAL_BURGLARY","metrics":{"street_crime":{"2021":10,"2022":6,"2023":16,"2024":24,"2025":18,"rate":null},"residential_burglary":{"2021":0,"2022":7,"2023":2,"2024":2,"2025":3,"rate":null}}},"geometry":{"type":"MultiPolygon","coordinates":[[[[6.828655444879407,51.15565141169586],[6.828610190663482,51.15561009993417],[6.828539391133525,51.15554632430265],[6.828468591797506,51.15548254862995],[6.8283986563092,51.155418654052255],[6.828328733673234,51.15535448986057],[6.828259239890517,51.155290333590806],[6.828190187620425,51.155225915669874],[6.828128950871513,51.15516865791704],[6.828067726934961,51.15511113055962],[6.828006509480631,51.15505346838456],[6.827946155824674,51.154995687318184],[6.827896875886714,51.15494876939711],[6.827848459693368,51.15490173259626],[6.827799614941172,51.154854687812495],[6.82775120527536,51.15480751618617],[6.827703230694913,51.15476021771777],[6.827654821224617,51.154713046053196],[6.827607281825901,51.1546656207244],[6.827559313869563,51.15461818741255],[6.827511780997018,51.1545706272597],[6.827464676874585,51.15452307505323],[6.827417579180843,51.154475388041725],[6.827370481583329,51.15442770101203],[6.827323819066875,51.15437988714272],[6.827277162979079,51.15433193846874],[6.827230500653879,51.15428412456378],[6.82718427340819,51.15423618382002],[6.827138052590762,51.154188108271924],[6.8270922668517,51.154139905885735],[6.827046481207058,51.15409170348238],[6.82700113063949,51.15404337424156],[6.826955780165664,51.15399504498392],[6.826910436119709,51.15394658092265],[6.826865520815123,51.15389812481155],[6.82682060560365,51.15384966868396],[6.826776131800506,51.15380095093355],[6.826731651755531,51.153752367953814],[6.826687184472217,51.15370351538427],[6.826643145926867,51.15365467076635],[6.826599107473433,51.1536058261326],[6.826555497756102,51.15355698945109],[6.826511900800031,51.15350788318045],[6.826468732578554,51.15345878486269],[6.826413345036547,51.15339583400585],[6.825778986668711,51.15267160820971],[6.825087247593478,51.151881692071456],[6.824395519182207,51.15109204159964],[6.82370382045,51.15030225243447],[6.823012151400874,51.14951232457642],[6.822957201781784,51.14944938013724],[6.82291729221846,51.14940411843855],[6.822877370042799,51.14935912629999],[6.822837019340182,51.149314126167155],[6.822796240111836,51.149269118039626],[6.822755448271845,51.14922437947164],[6.822714227907402,51.14917963290838],[6.822672579019838,51.149134878349365],[6.822631346122818,51.14909040133128],[6.822589256101869,51.14904590833503],[6.822547159815449,51.14900155011084],[6.822504628662851,51.14895731867625],[6.822462097590838,51.14891308722689],[6.82241912530787,51.14886911735305],[6.822376153105871,51.14882514746411],[6.822332317441222,51.14878129638049],[6.822288910457204,51.14873745326434],[6.822240966678701,51.148689748292874],[6.822192581707767,51.14864230489209],[6.822144196835227,51.148594861472134],[6.822095377117801,51.14854754483561],[6.82204611620949,51.14850048976854],[6.821996855400644,51.14845343468156],[6.821947153401648,51.1484066411633],[6.821897022907765,51.148359839640165],[6.821846892514554,51.14831303809641],[6.821796320932974,51.1482664981201],[6.82174531451137,51.14822008492417],[6.821694301843435,51.14817380649336],[6.821642854336421,51.14812765484218],[6.821590971991236,51.14808162997006],[6.821539083400233,51.14803573986231],[6.821486753623502,51.14799011131933],[6.821434001707301,51.14794433998113],[6.821381237197336,51.14789883819301],[6.821328037851841,51.14785346318184],[6.821274403671689,51.14780821494704],[6.821220763246737,51.14776310147504],[6.821166687987986,51.147718114778634],[6.821112606484369,51.14767326284461],[6.821058090147792,51.147628537685385],[6.821003138979152,51.14758393930037],[6.82094774662929,51.14753960247536],[6.820892354385082,51.147495265625096],[6.820836527310499,51.147451055547606],[6.820780687641319,51.1474071150173],[6.820724419492684,51.14736316647252],[6.820667710164503,51.1473194794855],[6.820611000943034,51.14727579247197],[6.820554279126243,51.147232375004755],[6.820496700248704,51.147188941531795],[6.820439108776316,51.14714577760431],[6.820381082476982,51.147102740445845],[6.820323043581937,51.14705997283239],[6.820264576212244,51.1470171972007],[6.820205667665035,51.14697468312291],[6.820146759225837,51.14693216901647],[6.820087844542404,51.14688978966775],[6.820028060101488,51.14684766388058],[6.819968269416611,51.14680567285021],[6.81990847248728,51.14676381657667],[6.8198482470871,51.14672195228167],[6.819787574157802,51.146680484323625],[6.819726894983888,51.14663915112146],[6.819665787340553,51.14659780989629],[6.819604238521738,51.146556730220105],[6.819542683458383,51.146515785298924],[6.819481122149872,51.146474975132705],[6.819418697443556,51.14643428373454],[6.819356695068417,51.14639373508412],[6.819293829296751,51.14635330520036],[6.819230950925617,51.14631314485649],[6.819168066308862,51.1462731192662],[6.819104746871685,51.14623322043486],[6.81904098625964,51.146193583148055],[6.818977219401536,51.14615408061387],[6.81891301772388,51.14611470483698],[6.818848816155541,51.146075329025905],[6.818784173412509,51.14603621475747],[6.818719518066784,51.14599737002694],[6.818654434258259,51.1459585172655],[6.818588909275177,51.145919926045025],[6.818523378044953,51.145881469575144],[6.818457411996717,51.14584313985897],[6.818391433343995,51.14580507967918],[6.818325448442809,51.14576715424945],[6.818258600154189,51.14572934757456],[6.818192167828872,51.14569181843289],[6.818124878474579,51.14565427325831],[6.818089743386088,51.14563527048372],[6.816710609511194,51.14667284439704],[6.81661045951066,51.146958861149756],[6.816571572967202,51.14705567116265],[6.816521852149467,51.14710937906963],[6.81644033979068,51.14716411206069],[6.816398880414945,51.147206372391466],[6.816373513963754,51.14724394179834],[6.816353048663442,51.147286729125916],[6.816345370833408,51.147331239240934],[6.816325570197172,51.14742354906974],[6.816118876762252,51.14778555040168],[6.816078106436163,51.147876793962176],[6.815612161084362,51.14847812923022],[6.815529845172616,51.14855888322562],[6.815188981644654,51.149000263253406],[6.814809285242373,51.14951889152655],[6.814719375353574,51.14964226787014],[6.814640190959817,51.14975653618716],[6.814568727454646,51.14987081386724],[6.814524646904945,51.1499412196648],[6.81449329970732,51.14999634940978],[6.814422034758697,51.15011548728766],[6.814382390866933,51.150173699625675],[6.814328702034618,51.15031124326145],[6.814200628913381,51.150588506743624],[6.814028219915276,51.15092335496023],[6.813803707272909,51.151316721709925],[6.813600066802226,51.1516496362602],[6.813250220941777,51.152216574047],[6.81301510212659,51.1525799269517],[6.812840025656106,51.152861975733934],[6.812295694068702,51.15375794769681],[6.81213473693673,51.15401341355742],[6.81199788018311,51.15424005585801],[6.811938621895873,51.1543499735811],[6.811862351565828,51.15450206792011],[6.811822463440115,51.1546015557039],[6.811761253781496,51.154761756316475],[6.811710062153894,51.15491877177318],[6.811672348512299,51.15506295369717],[6.811583098824418,51.155380468040654],[6.811501126189076,51.155680176178976],[6.81142187236611,51.15598587095664],[6.811416836629436,51.1560288113292],[6.811421114181238,51.1560562770732],[6.811431757889761,51.15608521102808],[6.811444832009241,51.15610811975828],[6.811471022468425,51.15613491642698],[6.811498786023582,51.156155671818055],[6.811539422285257,51.156176398335234],[6.811583295263568,51.15619219394169],[6.811632458963287,51.156204985744786],[6.811677514655149,51.156213923306986],[6.811732525331784,51.156221023593716],[6.811807734293186,51.156227422627815],[6.811874887943883,51.15623178219642],[6.811930038994936,51.15623591711139],[6.811981684201639,51.15624160525131],[6.812029900102562,51.15624722919557],[6.812109639515999,51.156257625052135],[6.812213545030581,51.15627413904094],[6.812273310843079,51.1562895572393],[6.812321362431883,51.15630772413306],[6.812367643414948,51.15633611064185],[6.812394154799797,51.15636520648421],[6.812408421239832,51.15639919960212],[6.812406476304811,51.15644030917029],[6.812394210052966,51.15647286153164],[6.812325412740222,51.15655764356916],[6.81200783991343,51.15689476405475],[6.811571164594297,51.15739127045266],[6.809898614426023,51.159304471292195],[6.809562786499106,51.15969102316205],[6.809233964589406,51.16006542901585],[6.809013678305403,51.16031343844198],[6.808651366329835,51.16072431394161],[6.808598998528026,51.16078808677537],[6.808576772279941,51.16082247564356],[6.808550714470663,51.16087433031525],[6.808537530597389,51.16092615645911],[6.808532803941195,51.16095345353772],[6.80853843718068,51.16098849945103],[6.808580536215004,51.161114210282314],[6.808604863448251,51.161198442072354],[6.808630394491998,51.16129348879719],[6.808667532319494,51.16146956098475],[6.808680235946957,51.16150028753722],[6.808692618826179,51.16151967607805],[6.808706774066505,51.16153788369009],[6.808729740632397,51.161560303571974],[6.808761665481544,51.161583835663265],[6.808807559035326,51.161611406850795],[6.80884794255498,51.161628487099364],[6.808896074898521,51.16164503801626],[6.808993075027855,51.16167167814314],[6.809280644826873,51.16173345652661],[6.809332417931295,51.161745623618096],[6.809385234508608,51.16176293661556],[6.809424459967243,51.16177729687147],[6.809464332122579,51.16179612108542],[6.809502272305501,51.16181949585292],[6.809537059064956,51.16185508786296],[6.809564680697997,51.16190605967892],[6.80957320643455,51.16193441448141],[6.809578700893777,51.16198146425408],[6.80957756189595,51.16205078394414],[6.809571052254153,51.162097608840405],[6.809562437322088,51.1621435848687],[6.809544908677894,51.162187505245726],[6.809523202194289,51.16223809258992],[6.809499837445702,51.16227839610576],[6.809464751116268,51.162330621448554],[6.809425371109059,51.16238290124598],[6.809376367527441,51.16243904787581],[6.809175457182056,51.16266731979045],[6.809242180662692,51.162699058405416],[6.809443706485996,51.16277473822638],[6.809916459997419,51.1629584304395],[6.810326018946133,51.163117463890266],[6.810856372994762,51.1633263788305],[6.811486727005196,51.16357129391007],[6.812163009721907,51.16383419779795],[6.812381778201485,51.16395376929343],[6.811962483521869,51.164462473827946],[6.811521687162524,51.1649900658156],[6.811377677426404,51.16516760300238],[6.811198565464182,51.16533423019474],[6.810615347713483,51.16557045686105],[6.810526523651083,51.165606566999564],[6.809951182687215,51.165839430355],[6.809704321953497,51.16595945841633],[6.809353566741347,51.16615281638552],[6.80915860300657,51.16629148807161],[6.808990829463545,51.166435930200365],[6.808697614768809,51.166682707388524],[6.808771240201253,51.16668665029903],[6.808833052691698,51.166695363273874],[6.809656907317987,51.16685136912163],[6.809727859183528,51.166866458429894],[6.809766340086547,51.16687851120608],[6.809787657719884,51.166890512299815],[6.809801398986105,51.16690844218796],[6.809796851185798,51.1669319653135],[6.809780524910562,51.166986700596134],[6.809518997485026,51.16763339100432],[6.809497520542276,51.167706241881056],[6.809475711354106,51.16778610156918],[6.809464448906488,51.16786980125325],[6.8094644183214,51.167960996194815],[6.809475613677888,51.16821374733849],[6.80947898852375,51.16831458429633],[6.809454259823683,51.16838359691593],[6.809447232291665,51.16845037794701],[6.809446281216446,51.16847949952304],[6.80944546173848,51.16855111851178],[6.80943977083809,51.16860780673609],[6.809429954888548,51.16869719949921],[6.809435990310515,51.16915841644466],[6.809414521869395,51.16926728697795],[6.809339261559519,51.169668971942485],[6.809358269846932,51.16975688111319],[6.809370484112252,51.16979798601953],[6.809406429166746,51.16991791504317],[6.809412945586516,51.16993436057131],[6.809443626558906,51.17001142621781],[6.809466298835218,51.17005825811026],[6.809499575980258,51.170107716938176],[6.809504280691606,51.17011711348489],[6.809537629739904,51.17018316690895],[6.809562973116773,51.170255141064295],[6.809610177052992,51.170382026141574],[6.809610356709732,51.170387290784525],[6.809611549637625,51.17041645251403],[6.809613152197781,51.17044602663014],[6.80961691151624,51.17047537133664],[6.809625621523479,51.17054514523831],[6.809653826996378,51.17077406696933],[6.809670233140705,51.170808235317494],[6.809676506225405,51.17082076403758],[6.809716337489593,51.170867782372326],[6.809795576203276,51.17094359894747],[6.809801304737498,51.17094950713831],[6.80984219824308,51.17099222837824],[6.809896910959853,51.171051262066115],[6.809995295663528,51.17115779060636],[6.810005421718151,51.17117052637131],[6.810027267699867,51.1711985909346],[6.810066499257251,51.171258278937344],[6.810081505101223,51.171367293010725],[6.810088511740521,51.17141868794766],[6.810089578987342,51.17146862260886],[6.810084841824486,51.171523305130656],[6.8100591917926,51.171738537098214],[6.810055121967244,51.171878761579286],[6.810044645310572,51.17221758041947],[6.810019139806537,51.17241163505907],[6.809990072387948,51.172572166663855],[6.809951186670413,51.17273157004626],[6.809906547165874,51.17289464297829],[6.80988552189817,51.173030367837704],[6.809865180838281,51.17316070932623],[6.809867096616905,51.173183678971284],[6.809891352564311,51.173450704537316],[6.809867673572247,51.17368769295226],[6.809865530260591,51.17369669141059],[6.809826150338201,51.17385743452295],[6.809799566290391,51.173965534725646],[6.809795292387483,51.17398326206866],[6.809775737959804,51.17404265850506],[6.80968627100364,51.17431834638398],[6.809752925628952,51.1747593834127],[6.809758098795753,51.17477701788583],[6.809789035656381,51.174884981276655],[6.809795649486167,51.17490844362244],[6.809812715937802,51.174937767726085],[6.80982146039611,51.174952501185324],[6.809788043796155,51.17496023938948],[6.809843744073742,51.175061921342866],[6.809900641671683,51.175165514353026],[6.809965829688959,51.17528437189377],[6.810005909379761,51.175344345551416],[6.81012378680498,51.17551977036241],[6.810161056624445,51.17557564420955],[6.810504943017299,51.17532036879534],[6.810984585915882,51.174989928770714],[6.81136327570725,51.174733683504904],[6.811842357454587,51.174414831290306],[6.812066456575857,51.17426874088863],[6.812482895651412,51.17400362012064],[6.8129687226773,51.17369608660346],[6.813777326940547,51.17321570280056],[6.814645749644911,51.172731574838856],[6.815118625465106,51.17247950599274],[6.816013676486254,51.17202163226596],[6.816239665448081,51.17190767651576],[6.817309026983976,51.1714025938198],[6.817662306416574,51.17123772401146],[6.817979072258977,51.171100771539344],[6.818448548914312,51.1709017782827],[6.819610732730277,51.17043860792121],[6.820468971602903,51.17014068515809],[6.821924670810111,51.169713855506956],[6.822793853620619,51.169474533240596],[6.824221970058714,51.169103956350675],[6.825030734626089,51.16890774197579],[6.82617173932823,51.16870987447452],[6.826953796507875,51.16859760044551],[6.827626250980903,51.16851620171949],[6.827376316805505,51.16810886902658],[6.82727873413379,51.16795717726565],[6.827236380021891,51.16789959558731],[6.826763296826813,51.16737358116175],[6.826480376742915,51.167056558831746],[6.82623936499105,51.16677012870802],[6.826206530768681,51.16670179635499],[6.826005886697191,51.16645132617639],[6.825923606509344,51.16635765674731],[6.825846363296507,51.166293759862846],[6.825782191605816,51.1662530397122],[6.825720564857519,51.16622207995883],[6.825652449713759,51.16619221365972],[6.825548838704802,51.16615062509299],[6.825414251792536,51.16610158025539],[6.825321834777122,51.166077467414475],[6.825170842690341,51.166048757555494],[6.824400335175946,51.16595294200211],[6.822813020668232,51.165733182841585],[6.822665560006755,51.16571155050802],[6.822580945759743,51.16570403911268],[6.822497722737507,51.16570343368785],[6.82242927122168,51.165708094752304],[6.82236977911108,51.165713866960445],[6.822339102514284,51.16571828712397],[6.822306158182808,51.16571618963442],[6.822281067864648,51.16570223191631],[6.822262770854123,51.16568071116087],[6.822250352488171,51.165652824476],[6.82224417801281,51.165619927710104],[6.822245886230871,51.16558367023852],[6.822333532046862,51.16485277157308],[6.822328147754717,51.164775775777215],[6.822314836763834,51.164721296298616],[6.822313146915318,51.164702513112196],[6.822315871525,51.164681114051135],[6.822345480123037,51.16466291375629],[6.822494911258655,51.164606203745066],[6.82254388611068,51.16457770659287],[6.822746600818051,51.16448300111135],[6.822895831171594,51.16443964239186],[6.823036724691746,51.16440017540393],[6.823319540536721,51.16433582975053],[6.823569101283379,51.16427599080868],[6.823726060274834,51.16423250508197],[6.823856814959491,51.164189610704874],[6.824027532003444,51.16409997350711],[6.824110886152615,51.16405214962065],[6.824127304201775,51.16403154495228],[6.824235188982231,51.16388191991274],[6.824283359018737,51.16375195895217],[6.824326577951187,51.1636268973104],[6.824376905989421,51.163533130844804],[6.824426315134287,51.163477120495386],[6.82462166194121,51.16331994887939],[6.824724974358472,51.16323094531174],[6.82481346339235,51.16316513926837],[6.825242718480658,51.162870128459126],[6.825485110758408,51.16269791169035],[6.82557098727713,51.16263286592348],[6.825607734253694,51.16259968826684],[6.82563714843446,51.162567318571746],[6.825652980411903,51.162540901904606],[6.82564918602942,51.16251209670785],[6.825635486562219,51.16248405165032],[6.825603740190665,51.162465653919064],[6.825565864880091,51.162449840291806],[6.825383399049318,51.16236982125785],[6.825015388283173,51.16220230530221],[6.824663691890202,51.16205289906589],[6.824547187490169,51.16200284047847],[6.824482502688799,51.16197317215943],[6.824409328617769,51.16193241859108],[6.824344376489329,51.16189019910698],[6.82430058772793,51.16185417426966],[6.824262537326097,51.16181474867653],[6.824227061952024,51.161766197483715],[6.824172801793867,51.16170650437181],[6.82414495573467,51.1616781958837],[6.824119742792332,51.16165776084587],[6.824074538713085,51.16163358117451],[6.824015161610088,51.16160967734858],[6.823920632417521,51.161575945796734],[6.823554801092215,51.161453523797874],[6.82326962583317,51.16137698573946],[6.82321512117138,51.16135897309933],[6.823180105483961,51.16133714121987],[6.823154699266206,51.16131171090499],[6.823139991905291,51.16128688448113],[6.8231317343181,51.16126177341924],[6.823130583688926,51.16123153339457],[6.823135679717272,51.16120532189544],[6.823150385147611,51.1611755119706],[6.823193676281002,51.1611036044055],[6.823253969132558,51.161016904032586],[6.823305100858064,51.16095161780406],[6.82334570928405,51.16090933922808],[6.82338982627922,51.16085633359229],[6.823865888788177,51.16023208787556],[6.82396633860082,51.16010350468338],[6.824148695557398,51.15986649847046],[6.824440577992362,51.15947207279073],[6.82451302085518,51.15936414802953],[6.824776639948835,51.15899577184176],[6.825030335352348,51.15863759811843],[6.825383267001558,51.15813988962155],[6.825776788411996,51.15757264960763],[6.825870128989789,51.15746727108177],[6.825941135235434,51.15738063364378],[6.826604444987538,51.1565136576931],[6.826648435696946,51.156454038176186],[6.828655444879407,51.15565141169586]]]]}}]}
