{"type":"FeatureCollection","meta":{"schema_version":1,"year":2025,"scope":"Leipzig Ortsteile","feature_count":63,"district_count":63,"crime_source":"Polizei Sachsen: Kriminalitätsatlas 2025 – Großstädte","crime_source_url":"https://www.polizei.sachsen.de/de/download/PKS-Atlas25_Grossstaedte.pdf","geometry_source":"Stadt Leipzig Open Data: Geodaten der Ortsteile","geometry_source_url":"https://static.leipzig.de/fileadmin/mediendatenbank/leipzig-de/Stadt/02.1_Dez1_Allgemeine_Verwaltung/12_Statistik_und_Wahlen/Geodaten/Ortsteile_Leipzig_UTM33N.json","note":"Local violence uses 'Rohheitsdelikte und Straftaten gegen die persönliche Freiheit' as a proxy; it is not identical to BKA Gewaltkriminalität. Population is back-calculated from the atlas total-case frequency."},"features":[{"type":"Feature","id":"leipzig-00","properties":{"city":"Leipzig","state":"Sachsen","code":"00","name":"Zentrum","name_atlas":"Zentrum","population_est":1893,"crime_total":{"cases":4597,"rate":242842.0},"homicide":{"cases":1,"rate":52.8},"sexual":{"cases":76,"rate":4014.8},"violence_proxy":{"cases":593,"rate":31325.9},"property_total":{"cases":2536,"rate":133967.2},"simple_theft":{"cases":1606,"rate":84838.9},"aggravated_theft":{"cases":930,"rate":49128.4},"fraud":{"cases":540,"rate":28526.1},"other_stgb":{"cases":569,"rate":30058.1},"secondary_law":{"cases":282,"rate":14897.0}},"geometry":{"type":"Polygon","coordinates":[[[12.379275,51.344361],[12.379118,51.3444],[12.378954,51.344436],[12.378857,51.344451],[12.378782,51.344459],[12.378448,51.344478],[12.378154,51.344473],[12.377364,51.344412],[12.376898,51.344373],[12.375477,51.344267],[12.375018,51.344252],[12.374838,51.344249],[12.374552,51.344244],[12.373721,51.344252],[12.373331,51.344255],[12.372136,51.344255],[12.371942,51.344254],[12.37109,51.344252],[12.370924,51.344046],[12.370781,51.343874],[12.370567,51.343617],[12.370395,51.343412],[12.369951,51.342886],[12.369784,51.342681],[12.369262,51.342015],[12.369303,51.341939],[12.369324,51.341857],[12.36935,51.341779],[12.369389,51.341715],[12.369408,51.341691],[12.36944,51.341651],[12.36949,51.341601],[12.369563,51.341547],[12.369728,51.341447],[12.369857,51.341371],[12.37007,51.341244],[12.370634,51.340908],[12.370678,51.340882],[12.370806,51.340785],[12.371098,51.340529],[12.371158,51.340467],[12.371197,51.34042],[12.371228,51.340371],[12.371252,51.340321],[12.371262,51.340276],[12.371268,51.340231],[12.371265,51.340165],[12.371246,51.34003],[12.371224,51.339907],[12.371197,51.339728],[12.371159,51.339486],[12.371052,51.338832],[12.371044,51.338784],[12.370965,51.338281],[12.370963,51.338269],[12.370958,51.338211],[12.370954,51.33817],[12.370955,51.338074],[12.37097,51.337834],[12.370978,51.337711],[12.370997,51.337409],[12.371012,51.337173],[12.371036,51.336808],[12.371039,51.336625],[12.371037,51.336482],[12.371031,51.336411],[12.371026,51.336354],[12.370998,51.336061],[12.370956,51.335592],[12.370933,51.335377],[12.370934,51.335183],[12.371182,51.335227],[12.371856,51.335334],[12.372232,51.335389],[12.374229,51.335681],[12.374481,51.335716],[12.375508,51.335823],[12.375633,51.335837],[12.375991,51.335878],[12.37661,51.335949],[12.37668,51.335958],[12.376838,51.335976],[12.377011,51.335993],[12.377164,51.336001],[12.378567,51.336023],[12.379018,51.336031],[12.379033,51.336032],[12.379132,51.336036],[12.379235,51.336045],[12.379327,51.336057],[12.37946,51.336081],[12.379562,51.336106],[12.379641,51.33613],[12.379791,51.336184],[12.379926,51.336244],[12.380092,51.336333],[12.380228,51.336417],[12.38031,51.336476],[12.380446,51.336582],[12.380508,51.336635],[12.380583,51.336706],[12.380656,51.336784],[12.380731,51.336875],[12.380777,51.336932],[12.380992,51.337239],[12.380997,51.337246],[12.381074,51.33736],[12.381105,51.33741],[12.381206,51.337575],[12.381409,51.337899],[12.381625,51.338242],[12.381933,51.338726],[12.382051,51.338977],[12.382134,51.33913],[12.382243,51.339351],[12.382333,51.339575],[12.382374,51.339696],[12.382397,51.339762],[12.382405,51.33979],[12.382406,51.339793],[12.382438,51.3399],[12.382498,51.340124],[12.38252,51.340222],[12.382532,51.340272],[12.38258,51.340481],[12.382582,51.340492],[12.382591,51.340551],[12.382661,51.340978],[12.382709,51.341431],[12.382731,51.341748],[12.382732,51.341764],[12.382742,51.342029],[12.382749,51.342112],[12.382776,51.342228],[12.382829,51.342365],[12.38316,51.342936],[12.383152,51.342991],[12.383138,51.343026],[12.383119,51.343063],[12.383074,51.343111],[12.383029,51.343144],[12.383006,51.34316],[12.382927,51.343199],[12.382835,51.343229],[12.38255,51.343302],[12.3822,51.343385],[12.382084,51.343407],[12.381946,51.343422],[12.381748,51.34344],[12.381608,51.343455],[12.381479,51.34348],[12.381468,51.343483],[12.381348,51.343518],[12.381207,51.34357],[12.380636,51.343811],[12.379713,51.344199],[12.379465,51.344298],[12.379387,51.344325],[12.379275,51.344361]]]}},{"type":"Feature","id":"leipzig-01","properties":{"city":"Leipzig","state":"Sachsen","code":"01","name":"Zentrum-Ost","name_atlas":"Zentrum-Ost","population_est":6199,"crime_total":{"cases":6572,"rate":106017.0},"homicide":{"cases":2,"rate":32.3},"sexual":{"cases":66,"rate":1064.7},"violence_proxy":{"cases":776,"rate":12518.1},"property_total":{"cases":3141,"rate":50669.5},"simple_theft":{"cases":2434,"rate":39264.4},"aggravated_theft":{"cases":707,"rate":11405.1},"fraud":{"cases":900,"rate":14518.5},"other_stgb":{"cases":1340,"rate":21616.4},"secondary_law":{"cases":347,"rate":5597.7}},"geometry":{"type":"Polygon","coordinates":[[[12.388075,51.338167],[12.388426,51.338224],[12.389118,51.33834],[12.390069,51.338498],[12.390543,51.338576],[12.390885,51.338632],[12.39104,51.338657],[12.392014,51.338816],[12.392039,51.33882],[12.392235,51.338852],[12.393103,51.338995],[12.393289,51.339023],[12.39344,51.33904],[12.393584,51.339053],[12.393753,51.339061],[12.393884,51.339065],[12.394003,51.339068],[12.395048,51.339104],[12.395153,51.339109],[12.395195,51.339151],[12.395258,51.339212],[12.395317,51.33927],[12.39535,51.339328],[12.39538,51.339392],[12.395404,51.339471],[12.395414,51.339551],[12.395406,51.339621],[12.395394,51.339738],[12.395387,51.339806],[12.395377,51.339854],[12.395349,51.339988],[12.395339,51.340036],[12.395322,51.340158],[12.395313,51.340223],[12.395311,51.340312],[12.395308,51.340389],[12.395308,51.340465],[12.395309,51.340576],[12.395309,51.340618],[12.395309,51.340771],[12.395309,51.340896],[12.39531,51.341007],[12.39531,51.341024],[12.395309,51.341082],[12.395309,51.341133],[12.395309,51.341235],[12.395309,51.34136],[12.395306,51.341389],[12.395299,51.341463],[12.395288,51.341542],[12.39528,51.3416],[12.39526,51.341653],[12.395098,51.342094],[12.395098,51.342094],[12.395089,51.342119],[12.395084,51.342135],[12.39504,51.342219],[12.395026,51.342246],[12.395011,51.342332],[12.394993,51.342433],[12.394976,51.34253],[12.394956,51.342641],[12.394955,51.342648],[12.394942,51.342726],[12.395554,51.342887],[12.395682,51.342926],[12.395881,51.343006],[12.395994,51.343073],[12.396043,51.343111],[12.39612,51.343173],[12.395798,51.343276],[12.395683,51.343315],[12.395556,51.34336],[12.395349,51.34344],[12.395112,51.343532],[12.395005,51.343574],[12.394873,51.343625],[12.394602,51.343734],[12.394548,51.34376],[12.394493,51.343794],[12.394445,51.343829],[12.394211,51.34408],[12.394066,51.34423],[12.393899,51.344399],[12.393729,51.344573],[12.393482,51.344824],[12.393385,51.344918],[12.393332,51.344962],[12.393266,51.345012],[12.393191,51.345061],[12.392683,51.345366],[12.392626,51.345403],[12.392625,51.345403],[12.392539,51.34546],[12.393952,51.345978],[12.39423,51.346105],[12.394306,51.346146],[12.39474,51.346377],[12.394796,51.346398],[12.396114,51.346902],[12.397408,51.347397],[12.397535,51.347444],[12.398964,51.347969],[12.399274,51.34809],[12.400288,51.34848],[12.400296,51.348483],[12.400788,51.348672],[12.401394,51.348908],[12.401403,51.348912],[12.401519,51.348955],[12.403146,51.3491],[12.404967,51.349267],[12.405075,51.349277],[12.405795,51.349318],[12.405997,51.349329],[12.405943,51.349714],[12.405889,51.350093],[12.398317,51.350467],[12.394311,51.350713],[12.394181,51.35072],[12.394192,51.350801],[12.394204,51.350895],[12.394207,51.350924],[12.394218,51.35101],[12.394202,51.351114],[12.394087,51.351275],[12.39389,51.351294],[12.393385,51.351379],[12.393342,51.351387],[12.393226,51.351407],[12.39313,51.351424],[12.392665,51.351508],[12.392458,51.351545],[12.392021,51.351606],[12.391961,51.351614],[12.39196,51.351614],[12.391884,51.351625],[12.391847,51.35163],[12.391699,51.35165],[12.391182,51.351693],[12.390855,51.351711],[12.390712,51.351714],[12.390381,51.35172],[12.390122,51.351724],[12.389581,51.351783],[12.389355,51.351823],[12.389178,51.351872],[12.389055,51.351913],[12.38902,51.351928],[12.38857,51.352121],[12.388299,51.352234],[12.388144,51.35231],[12.388016,51.352404],[12.387937,51.352473],[12.387862,51.352573],[12.387805,51.352668],[12.387771,51.352832],[12.387697,51.352977],[12.387561,51.353223],[12.385661,51.352619],[12.383918,51.352065],[12.383884,51.35189],[12.383877,51.351839],[12.383805,51.351547],[12.383781,51.351493],[12.38372,51.351452],[12.383486,51.351342],[12.383467,51.351299],[12.383479,51.351262],[12.383499,51.351248],[12.383554,51.351206],[12.383223,51.351033],[12.38249,51.350643],[12.381876,51.350315],[12.381744,51.350259],[12.381622,51.350198],[12.381488,51.350128],[12.381293,51.350008],[12.381135,51.349906],[12.381055,51.349846],[12.380929,51.349745],[12.380744,51.349596],[12.380341,51.349259],[12.380186,51.349142],[12.380068,51.349063],[12.379919,51.348971],[12.379738,51.348876],[12.379636,51.348826],[12.379516,51.348774],[12.379373,51.348723],[12.379129,51.348647],[12.378839,51.348567],[12.378619,51.348515],[12.378202,51.348432],[12.377781,51.348369],[12.377816,51.348287],[12.377979,51.347837],[12.378021,51.34773],[12.378067,51.347614],[12.378103,51.347538],[12.378554,51.346597],[12.378598,51.346506],[12.378609,51.346468],[12.378699,51.346167],[12.378791,51.345767],[12.378802,51.345606],[12.378811,51.34546],[12.378808,51.345299],[12.378804,51.345074],[12.378808,51.344722],[12.378782,51.344459],[12.378857,51.344451],[12.378954,51.344436],[12.379118,51.3444],[12.379275,51.344361],[12.379387,51.344325],[12.379465,51.344298],[12.379713,51.344199],[12.380636,51.343811],[12.381207,51.34357],[12.381348,51.343518],[12.381468,51.343483],[12.381479,51.34348],[12.381608,51.343455],[12.381748,51.34344],[12.381946,51.343422],[12.382084,51.343407],[12.3822,51.343385],[12.38255,51.343302],[12.382835,51.343229],[12.382927,51.343199],[12.383006,51.34316],[12.383029,51.343144],[12.383074,51.343111],[12.383119,51.343063],[12.383138,51.343026],[12.383152,51.342991],[12.38316,51.342936],[12.382829,51.342365],[12.382776,51.342228],[12.382749,51.342112],[12.382742,51.342029],[12.382732,51.341764],[12.382731,51.341748],[12.382709,51.341431],[12.382661,51.340978],[12.382591,51.340551],[12.382582,51.340492],[12.38258,51.340481],[12.382532,51.340272],[12.38252,51.340222],[12.382498,51.340124],[12.382438,51.3399],[12.382406,51.339793],[12.382405,51.33979],[12.382397,51.339762],[12.382374,51.339696],[12.382333,51.339575],[12.382243,51.339351],[12.382134,51.33913],[12.382051,51.338977],[12.381933,51.338726],[12.382401,51.338612],[12.383186,51.338454],[12.383698,51.338367],[12.384206,51.338301],[12.384604,51.338269],[12.384913,51.338253],[12.387276,51.338136],[12.387329,51.338137],[12.387794,51.338145],[12.388075,51.338167]]]}},{"type":"Feature","id":"leipzig-02","properties":{"city":"Leipzig","state":"Sachsen","code":"02","name":"Zentrum-Südost","name_atlas":"Zentrum-Südost","population_est":15620,"crime_total":{"cases":2082,"rate":13329.0},"homicide":{"cases":1,"rate":6.4},"sexual":{"cases":33,"rate":211.3},"violence_proxy":{"cases":245,"rate":1568.5},"property_total":{"cases":1003,"rate":6421.3},"simple_theft":{"cases":371,"rate":2375.2},"aggravated_theft":{"cases":632,"rate":4046.1},"fraud":{"cases":284,"rate":1818.2},"other_stgb":{"cases":466,"rate":2983.4},"secondary_law":{"cases":50,"rate":320.1}},"geometry":{"type":"Polygon","coordinates":[[[12.394856,51.338405],[12.394922,51.338757],[12.394996,51.338926],[12.395153,51.339109],[12.395048,51.339104],[12.394003,51.339068],[12.393884,51.339065],[12.393753,51.339061],[12.393584,51.339053],[12.39344,51.33904],[12.393289,51.339023],[12.393103,51.338995],[12.392235,51.338852],[12.392039,51.33882],[12.392014,51.338816],[12.39104,51.338657],[12.390885,51.338632],[12.390543,51.338576],[12.390069,51.338498],[12.389118,51.33834],[12.388426,51.338224],[12.388075,51.338167],[12.387794,51.338145],[12.387329,51.338137],[12.387276,51.338136],[12.384913,51.338253],[12.384604,51.338269],[12.384206,51.338301],[12.383698,51.338367],[12.383186,51.338454],[12.382401,51.338612],[12.381933,51.338726],[12.381625,51.338242],[12.381409,51.337899],[12.381206,51.337575],[12.381105,51.33741],[12.381074,51.33736],[12.380997,51.337246],[12.380992,51.337239],[12.380777,51.336932],[12.380731,51.336875],[12.380656,51.336784],[12.380583,51.336706],[12.380508,51.336635],[12.380446,51.336582],[12.38031,51.336476],[12.380228,51.336417],[12.380092,51.336333],[12.379926,51.336244],[12.379791,51.336184],[12.379641,51.33613],[12.379562,51.336106],[12.37946,51.336081],[12.379327,51.336057],[12.379235,51.336045],[12.379132,51.336036],[12.379033,51.336032],[12.379018,51.336031],[12.378567,51.336023],[12.378569,51.335931],[12.378572,51.33569],[12.378445,51.335042],[12.378177,51.334583],[12.377805,51.334011],[12.377554,51.333644],[12.377526,51.333599],[12.377419,51.333429],[12.377376,51.333359],[12.377303,51.333202],[12.377256,51.333004],[12.378468,51.332269],[12.379106,51.33186],[12.379552,51.331582],[12.379635,51.33153],[12.380479,51.331009],[12.380793,51.330817],[12.380289,51.33018],[12.380266,51.330131],[12.380232,51.330078],[12.380206,51.330025],[12.38019,51.329978],[12.380172,51.329918],[12.380159,51.329866],[12.380154,51.32981],[12.380152,51.329742],[12.380154,51.329739],[12.380262,51.32955],[12.380279,51.32952],[12.380709,51.328765],[12.380726,51.328736],[12.380863,51.328495],[12.381375,51.327531],[12.381444,51.327399],[12.382051,51.326221],[12.382125,51.326079],[12.382352,51.325642],[12.382434,51.325658],[12.382437,51.325659],[12.383356,51.325846],[12.383643,51.325],[12.383933,51.324313],[12.385712,51.320844],[12.38579,51.320692],[12.385796,51.32068],[12.385878,51.320521],[12.386836,51.318652],[12.387055,51.318225],[12.388865,51.314829],[12.389149,51.314413],[12.38917,51.314382],[12.3896,51.313812],[12.389948,51.313504],[12.390387,51.313159],[12.390768,51.31291],[12.391196,51.312688],[12.391623,51.312499],[12.391956,51.312375],[12.392365,51.312249],[12.392774,51.312144],[12.393221,51.312061],[12.393715,51.312004],[12.394221,51.311979],[12.394807,51.311977],[12.395014,51.311986],[12.395215,51.312008],[12.395463,51.312052],[12.395815,51.31212],[12.396403,51.312256],[12.396901,51.312379],[12.397299,51.312507],[12.397653,51.312636],[12.398079,51.312811],[12.398516,51.313],[12.398953,51.313232],[12.399658,51.313708],[12.400052,51.314006],[12.400411,51.314267],[12.401684,51.315256],[12.401926,51.315433],[12.404253,51.317128],[12.406738,51.319002],[12.406529,51.319179],[12.40617,51.319483],[12.406011,51.31962],[12.405909,51.319692],[12.405861,51.319724],[12.405779,51.319771],[12.4057,51.31982],[12.405613,51.319886],[12.405525,51.319964],[12.40547,51.320013],[12.404872,51.320596],[12.404689,51.320777],[12.404507,51.320963],[12.404247,51.321242],[12.404123,51.321369],[12.404113,51.32138],[12.403976,51.321525],[12.403842,51.321676],[12.403811,51.321723],[12.403447,51.321596],[12.403294,51.321744],[12.402755,51.322267],[12.402715,51.32231],[12.401793,51.323302],[12.401409,51.323965],[12.400805,51.323968],[12.400602,51.32397],[12.400407,51.32396],[12.400281,51.323953],[12.39934,51.323918],[12.397784,51.323869],[12.39772,51.324084],[12.397669,51.324168],[12.397607,51.324264],[12.397536,51.324351],[12.397375,51.324504],[12.397187,51.324636],[12.397019,51.324738],[12.397052,51.324756],[12.39752,51.325059],[12.397403,51.326148],[12.397342,51.326721],[12.397305,51.327069],[12.3973,51.327109],[12.397266,51.327427],[12.397202,51.32804],[12.397146,51.328555],[12.39709,51.329088],[12.397078,51.329199],[12.396995,51.329963],[12.396994,51.329971],[12.396992,51.329995],[12.397085,51.330048],[12.396386,51.330636],[12.396287,51.330633],[12.396285,51.330633],[12.395992,51.330621],[12.395988,51.330621],[12.395814,51.330615],[12.395813,51.330615],[12.395416,51.3306],[12.395414,51.330619],[12.395393,51.33081],[12.395339,51.331272],[12.395283,51.331601],[12.395233,51.331872],[12.395224,51.331919],[12.395262,51.33205],[12.395109,51.332153],[12.395006,51.332225],[12.394938,51.332272],[12.394872,51.332321],[12.394473,51.332612],[12.393936,51.332999],[12.392533,51.33402],[12.392684,51.334116],[12.392999,51.334503],[12.393361,51.335001],[12.393487,51.335187],[12.393803,51.335652],[12.393993,51.335934],[12.394042,51.336017],[12.394087,51.336124],[12.39413,51.336207],[12.394272,51.336568],[12.39433,51.336721],[12.394342,51.336807],[12.39441,51.336956],[12.394417,51.337048],[12.394452,51.337188],[12.394856,51.338405]]]}},{"type":"Feature","id":"leipzig-03","properties":{"city":"Leipzig","state":"Sachsen","code":"03","name":"Zentrum-Süd","name_atlas":"Zentrum-Süd","population_est":14297,"crime_total":{"cases":1659,"rate":11604.0},"homicide":{"cases":0,"rate":0.0},"sexual":{"cases":25,"rate":174.9},"violence_proxy":{"cases":211,"rate":1475.8},"property_total":{"cases":773,"rate":5406.7},"simple_theft":{"cases":264,"rate":1846.5},"aggravated_theft":{"cases":509,"rate":3560.2},"fraud":{"cases":196,"rate":1370.9},"other_stgb":{"cases":409,"rate":2860.7},"secondary_law":{"cases":45,"rate":314.8}},"geometry":{"type":"Polygon","coordinates":[[[12.377256,51.333004],[12.377303,51.333202],[12.377376,51.333359],[12.377419,51.333429],[12.377526,51.333599],[12.377554,51.333644],[12.377805,51.334011],[12.378177,51.334583],[12.378445,51.335042],[12.378572,51.33569],[12.378569,51.335931],[12.378567,51.336023],[12.377164,51.336001],[12.377011,51.335993],[12.376838,51.335976],[12.37668,51.335958],[12.37661,51.335949],[12.375991,51.335878],[12.375633,51.335837],[12.375508,51.335823],[12.374481,51.335716],[12.374229,51.335681],[12.372232,51.335389],[12.371856,51.335334],[12.371182,51.335227],[12.370934,51.335183],[12.370623,51.335136],[12.370531,51.335122],[12.370279,51.335083],[12.368837,51.334868],[12.368315,51.334787],[12.367959,51.334732],[12.367359,51.334651],[12.366691,51.33455],[12.366354,51.3345],[12.365604,51.334387],[12.365139,51.33432],[12.364756,51.33426],[12.364258,51.334188],[12.363956,51.334142],[12.363835,51.334111],[12.363593,51.334033],[12.363401,51.33394],[12.363164,51.333817],[12.363018,51.333721],[12.362861,51.333586],[12.362742,51.333474],[12.362628,51.333347],[12.362538,51.33323],[12.362416,51.333013],[12.362351,51.332876],[12.362297,51.332717],[12.362258,51.332525],[12.362241,51.332442],[12.362222,51.332456],[12.362204,51.332466],[12.36218,51.332479],[12.362154,51.332491],[12.36213,51.3325],[12.362105,51.332507],[12.362083,51.332513],[12.362056,51.332518],[12.362032,51.332521],[12.362008,51.332523],[12.361988,51.332524],[12.361969,51.332524],[12.361953,51.332524],[12.361931,51.332522],[12.361898,51.332519],[12.361866,51.332513],[12.361847,51.332508],[12.361811,51.3325],[12.361791,51.332493],[12.361776,51.332485],[12.361753,51.332473],[12.361713,51.332448],[12.36168,51.332421],[12.361658,51.332393],[12.361638,51.332358],[12.36163,51.33232],[12.361636,51.332275],[12.361655,51.332236],[12.361199,51.332111],[12.360684,51.331976],[12.360573,51.331964],[12.360497,51.331978],[12.360412,51.332025],[12.36031,51.332077],[12.360203,51.332111],[12.360091,51.332123],[12.35996,51.332127],[12.359856,51.332115],[12.358796,51.331844],[12.358657,51.331793],[12.358572,51.331745],[12.358519,51.331692],[12.358483,51.331648],[12.358453,51.331592],[12.358436,51.331531],[12.35842,51.331475],[12.358411,51.33139],[12.356506,51.330896],[12.355057,51.330518],[12.355033,51.330512],[12.354869,51.330469],[12.354701,51.330426],[12.354387,51.330344],[12.354124,51.330276],[12.353776,51.330186],[12.353767,51.330183],[12.353981,51.329737],[12.354517,51.328639],[12.354771,51.328105],[12.354792,51.328061],[12.354796,51.328055],[12.355102,51.327412],[12.35568,51.326289],[12.355748,51.326159],[12.355771,51.326115],[12.355793,51.326119],[12.355794,51.326119],[12.356117,51.326182],[12.356118,51.326182],[12.356395,51.326236],[12.356395,51.326236],[12.356705,51.326296],[12.357044,51.326361],[12.3572,51.326397],[12.357427,51.326406],[12.357603,51.326441],[12.358082,51.326865],[12.358371,51.327213],[12.358591,51.32741],[12.359013,51.327673],[12.359375,51.327829],[12.359632,51.327915],[12.359703,51.327938],[12.360163,51.328024],[12.360507,51.328064],[12.360949,51.328062],[12.361489,51.328004],[12.361906,51.327905],[12.362282,51.327781],[12.362607,51.327632],[12.362975,51.327394],[12.363255,51.327184],[12.363345,51.327116],[12.363942,51.326832],[12.364116,51.326767],[12.364223,51.32675],[12.364271,51.326754],[12.364329,51.326759],[12.364503,51.326793],[12.364592,51.326599],[12.36472,51.326508],[12.364935,51.326389],[12.366884,51.325537],[12.366886,51.325536],[12.367073,51.325455],[12.367226,51.325379],[12.367227,51.325379],[12.36735,51.325318],[12.36735,51.325318],[12.367363,51.325312],[12.36764,51.32529],[12.368174,51.325247],[12.368355,51.325236],[12.368834,51.325212],[12.369502,51.32525],[12.369638,51.325258],[12.369638,51.325258],[12.369897,51.325273],[12.369979,51.325369],[12.36998,51.325369],[12.370063,51.325465],[12.370189,51.325459],[12.370189,51.325459],[12.37366,51.325273],[12.374852,51.325227],[12.374985,51.32522],[12.375796,51.325179],[12.376778,51.325129],[12.376778,51.325129],[12.376903,51.325123],[12.376912,51.325123],[12.377023,51.325117],[12.377024,51.325117],[12.378748,51.325029],[12.378749,51.325029],[12.378873,51.325023],[12.378994,51.325017],[12.378995,51.325017],[12.380393,51.324947],[12.380394,51.324947],[12.380521,51.324941],[12.380649,51.324934],[12.380649,51.324934],[12.382153,51.324854],[12.382315,51.324845],[12.382359,51.325109],[12.382352,51.325642],[12.382125,51.326079],[12.382051,51.326221],[12.381444,51.327399],[12.381375,51.327531],[12.380863,51.328495],[12.380726,51.328736],[12.380709,51.328765],[12.380279,51.32952],[12.380262,51.32955],[12.380154,51.329739],[12.380152,51.329742],[12.380154,51.32981],[12.380159,51.329866],[12.380172,51.329918],[12.38019,51.329978],[12.380206,51.330025],[12.380232,51.330078],[12.380266,51.330131],[12.380289,51.33018],[12.380793,51.330817],[12.380479,51.331009],[12.379635,51.33153],[12.379552,51.331582],[12.379106,51.33186],[12.378468,51.332269],[12.377256,51.333004]]]}},{"type":"Feature","id":"leipzig-04","properties":{"city":"Leipzig","state":"Sachsen","code":"04","name":"Zentrum-West","name_atlas":"Zentrum-West","population_est":11599,"crime_total":{"cases":1487,"rate":12820.0},"homicide":{"cases":0,"rate":0.0},"sexual":{"cases":28,"rate":241.4},"violence_proxy":{"cases":182,"rate":1569.1},"property_total":{"cases":673,"rate":5802.2},"simple_theft":{"cases":238,"rate":2051.9},"aggravated_theft":{"cases":435,"rate":3750.3},"fraud":{"cases":319,"rate":2750.2},"other_stgb":{"cases":253,"rate":2181.2},"secondary_law":{"cases":32,"rate":275.9}},"geometry":{"type":"Polygon","coordinates":[[[12.369784,51.342681],[12.369951,51.342886],[12.370395,51.343412],[12.370567,51.343617],[12.370781,51.343874],[12.370924,51.344046],[12.37109,51.344252],[12.370348,51.344247],[12.370247,51.344241],[12.37022,51.344239],[12.370115,51.344229],[12.370053,51.344222],[12.37002,51.344218],[12.369991,51.344215],[12.369523,51.344137],[12.369203,51.344083],[12.368886,51.344028],[12.368142,51.3439],[12.367747,51.343831],[12.367058,51.34371],[12.365996,51.343508],[12.365972,51.343503],[12.365843,51.343465],[12.365534,51.343364],[12.365342,51.343287],[12.365228,51.343253],[12.365109,51.343224],[12.364872,51.34317],[12.364756,51.343144],[12.363996,51.342971],[12.363267,51.342804],[12.362765,51.342689],[12.362321,51.342588],[12.362041,51.342525],[12.361474,51.342396],[12.361194,51.342331],[12.361083,51.342311],[12.360989,51.342296],[12.36088,51.342281],[12.360258,51.342206],[12.360131,51.342192],[12.359179,51.342078],[12.358945,51.34205],[12.358741,51.342036],[12.358682,51.342035],[12.358184,51.342011],[12.357837,51.341995],[12.357579,51.341954],[12.357522,51.341945],[12.356355,51.341685],[12.355787,51.341555],[12.355202,51.341421],[12.354885,51.341342],[12.353528,51.341036],[12.352458,51.340799],[12.3511,51.340496],[12.349797,51.340205],[12.348367,51.339882],[12.347203,51.339635],[12.345966,51.339361],[12.345718,51.339309],[12.345718,51.339309],[12.345717,51.339309],[12.345804,51.339138],[12.345999,51.338915],[12.346279,51.338404],[12.346564,51.337895],[12.346846,51.337383],[12.347132,51.336871],[12.347419,51.336359],[12.347706,51.335847],[12.347836,51.335718],[12.347994,51.335599],[12.348203,51.335496],[12.348357,51.335446],[12.348531,51.33539],[12.348651,51.335348],[12.348781,51.335292],[12.348913,51.335218],[12.348986,51.335158],[12.349026,51.335125],[12.349039,51.335115],[12.349042,51.335112],[12.349056,51.335101],[12.349056,51.335101],[12.349067,51.335091],[12.349145,51.335011],[12.349291,51.334827],[12.349437,51.334644],[12.349461,51.334614],[12.349772,51.334223],[12.350014,51.333912],[12.350342,51.33359],[12.35065,51.333329],[12.350826,51.333193],[12.351027,51.333048],[12.351027,51.333048],[12.351134,51.332972],[12.351238,51.332889],[12.351537,51.332652],[12.351872,51.332415],[12.35218,51.332169],[12.352406,51.331979],[12.352565,51.33184],[12.353018,51.331354],[12.353266,51.33106],[12.353438,51.330828],[12.353571,51.330584],[12.353767,51.330183],[12.353776,51.330186],[12.354124,51.330276],[12.354387,51.330344],[12.354701,51.330426],[12.354869,51.330469],[12.355033,51.330512],[12.355057,51.330518],[12.356506,51.330896],[12.358411,51.33139],[12.35842,51.331475],[12.358436,51.331531],[12.358453,51.331592],[12.358483,51.331648],[12.358519,51.331692],[12.358572,51.331745],[12.358657,51.331793],[12.358796,51.331844],[12.359856,51.332115],[12.35996,51.332127],[12.360091,51.332123],[12.360203,51.332111],[12.36031,51.332077],[12.360412,51.332025],[12.360497,51.331978],[12.360573,51.331964],[12.360684,51.331976],[12.361199,51.332111],[12.361655,51.332236],[12.361636,51.332275],[12.36163,51.33232],[12.361638,51.332358],[12.361658,51.332393],[12.36168,51.332421],[12.361713,51.332448],[12.361753,51.332473],[12.361776,51.332485],[12.361791,51.332493],[12.361811,51.3325],[12.361847,51.332508],[12.361866,51.332513],[12.361898,51.332519],[12.361931,51.332522],[12.361953,51.332524],[12.361969,51.332524],[12.361988,51.332524],[12.362008,51.332523],[12.362032,51.332521],[12.362056,51.332518],[12.362083,51.332513],[12.362105,51.332507],[12.36213,51.3325],[12.362154,51.332491],[12.36218,51.332479],[12.362204,51.332466],[12.362222,51.332456],[12.362241,51.332442],[12.362258,51.332525],[12.362297,51.332717],[12.362351,51.332876],[12.362416,51.333013],[12.362538,51.33323],[12.362628,51.333347],[12.362742,51.333474],[12.362861,51.333586],[12.363018,51.333721],[12.363164,51.333817],[12.363401,51.33394],[12.363593,51.334033],[12.363835,51.334111],[12.363956,51.334142],[12.364258,51.334188],[12.364756,51.33426],[12.365139,51.33432],[12.365604,51.334387],[12.366354,51.3345],[12.366691,51.33455],[12.367359,51.334651],[12.367959,51.334732],[12.368315,51.334787],[12.368837,51.334868],[12.370279,51.335083],[12.370531,51.335122],[12.370623,51.335136],[12.370934,51.335183],[12.370933,51.335377],[12.370956,51.335592],[12.370998,51.336061],[12.371026,51.336354],[12.371031,51.336411],[12.371037,51.336482],[12.371039,51.336625],[12.371036,51.336808],[12.371012,51.337173],[12.370997,51.337409],[12.370978,51.337711],[12.37097,51.337834],[12.370955,51.338074],[12.370954,51.33817],[12.370958,51.338211],[12.370963,51.338269],[12.370965,51.338281],[12.371044,51.338784],[12.371052,51.338832],[12.371159,51.339486],[12.371197,51.339728],[12.371224,51.339907],[12.371246,51.34003],[12.371265,51.340165],[12.371268,51.340231],[12.371262,51.340276],[12.371252,51.340321],[12.371228,51.340371],[12.371197,51.34042],[12.371158,51.340467],[12.371098,51.340529],[12.370806,51.340785],[12.370678,51.340882],[12.370634,51.340908],[12.37007,51.341244],[12.369857,51.341371],[12.369728,51.341447],[12.369563,51.341547],[12.36949,51.341601],[12.36944,51.341651],[12.369408,51.341691],[12.369389,51.341715],[12.36935,51.341779],[12.369324,51.341857],[12.369303,51.341939],[12.369262,51.342015],[12.369784,51.342681]]]}},{"type":"Feature","id":"leipzig-05","properties":{"city":"Leipzig","state":"Sachsen","code":"05","name":"Zentrum-Nordwest","name_atlas":"Zentrum-Nordwest","population_est":11019,"crime_total":{"cases":994,"rate":9021.0},"homicide":{"cases":1,"rate":9.1},"sexual":{"cases":15,"rate":136.1},"violence_proxy":{"cases":131,"rate":1188.9},"property_total":{"cases":478,"rate":4338.0},"simple_theft":{"cases":147,"rate":1334.1},"aggravated_theft":{"cases":331,"rate":3003.9},"fraud":{"cases":128,"rate":1161.6},"other_stgb":{"cases":223,"rate":2023.8},"secondary_law":{"cases":18,"rate":163.4}},"geometry":{"type":"Polygon","coordinates":[[[12.349986,51.356458],[12.349909,51.356467],[12.349688,51.356514],[12.349398,51.356586],[12.349399,51.356586],[12.349037,51.35668],[12.348724,51.356786],[12.348487,51.356888],[12.348019,51.357143],[12.347933,51.357202],[12.347739,51.357334],[12.347398,51.35763],[12.3473,51.357715],[12.346959,51.358022],[12.346898,51.358141],[12.346832,51.35834],[12.346748,51.358501],[12.346618,51.358658],[12.346536,51.35874],[12.346162,51.359103],[12.346128,51.359137],[12.345878,51.359333],[12.345781,51.359386],[12.345498,51.35954],[12.34535,51.359606],[12.345052,51.359743],[12.345052,51.359743],[12.344962,51.359784],[12.344645,51.359886],[12.344484,51.359913],[12.344112,51.359977],[12.343606,51.360077],[12.343198,51.360206],[12.342974,51.360307],[12.342621,51.360514],[12.342499,51.360601],[12.342362,51.360733],[12.342231,51.360948],[12.342022,51.361156],[12.341972,51.361415],[12.341955,51.361491],[12.339593,51.361284],[12.33863,51.361199],[12.338618,51.361198],[12.338617,51.361198],[12.336053,51.360948],[12.335279,51.360868],[12.333463,51.36069],[12.332835,51.360593],[12.332629,51.360562],[12.327782,51.359531],[12.32778,51.359531],[12.327697,51.359513],[12.327843,51.359133],[12.328035,51.358922],[12.328472,51.358544],[12.32903,51.358233],[12.330407,51.357698],[12.332888,51.356727],[12.332721,51.356559],[12.333792,51.356141],[12.334303,51.35593],[12.334819,51.355704],[12.335077,51.355589],[12.335669,51.355359],[12.335859,51.355262],[12.33649,51.354944],[12.336724,51.354818],[12.33697,51.35464],[12.337248,51.354393],[12.337653,51.353898],[12.337986,51.353439],[12.33813,51.353242],[12.338636,51.352514],[12.339232,51.351478],[12.339533,51.350871],[12.339584,51.350712],[12.339663,51.350414],[12.339705,51.350253],[12.339705,51.350252],[12.339796,51.350168],[12.339847,51.350076],[12.339973,51.349915],[12.34132,51.347458],[12.34143,51.347241],[12.34143,51.34724],[12.341538,51.347045],[12.34193,51.34633],[12.34232,51.345613],[12.34281,51.344725],[12.343172,51.344064],[12.3439,51.342739],[12.34499,51.34075],[12.345355,51.340089],[12.345628,51.339483],[12.345649,51.339445],[12.345666,51.339415],[12.345714,51.339315],[12.345717,51.339309],[12.345717,51.339309],[12.345718,51.339309],[12.345718,51.339309],[12.345966,51.339361],[12.347203,51.339635],[12.348367,51.339882],[12.349797,51.340205],[12.3511,51.340496],[12.352458,51.340799],[12.353528,51.341036],[12.354885,51.341342],[12.355202,51.341421],[12.355787,51.341555],[12.356355,51.341685],[12.357522,51.341945],[12.357579,51.341954],[12.357837,51.341995],[12.358184,51.342011],[12.358682,51.342035],[12.358741,51.342036],[12.358945,51.34205],[12.359179,51.342078],[12.360131,51.342192],[12.360258,51.342206],[12.36088,51.342281],[12.360989,51.342296],[12.361083,51.342311],[12.361194,51.342331],[12.361474,51.342396],[12.362041,51.342525],[12.362321,51.342588],[12.362765,51.342689],[12.363267,51.342804],[12.363996,51.342971],[12.364756,51.343144],[12.364872,51.34317],[12.365109,51.343224],[12.365228,51.343253],[12.365342,51.343287],[12.365534,51.343364],[12.365843,51.343465],[12.365972,51.343503],[12.365996,51.343508],[12.367058,51.34371],[12.367747,51.343831],[12.368142,51.3439],[12.368886,51.344028],[12.369203,51.344083],[12.369523,51.344137],[12.369991,51.344215],[12.37002,51.344218],[12.370053,51.344222],[12.370115,51.344229],[12.37022,51.344239],[12.370247,51.344241],[12.370348,51.344247],[12.37109,51.344252],[12.371479,51.34472],[12.371545,51.344803],[12.371567,51.34484],[12.371581,51.344883],[12.371592,51.344945],[12.371591,51.344961],[12.371591,51.344982],[12.371582,51.345027],[12.371578,51.345047],[12.371578,51.345047],[12.3715,51.345435],[12.371395,51.345963],[12.371332,51.34628],[12.37129,51.34649],[12.371112,51.347407],[12.371207,51.347917],[12.371218,51.347948],[12.371236,51.347987],[12.371253,51.348017],[12.371319,51.348111],[12.371319,51.348111],[12.371383,51.348204],[12.371434,51.348274],[12.37208,51.349288],[12.372253,51.349557],[12.372792,51.350467],[12.373205,51.351151],[12.37348,51.35167],[12.373261,51.351637],[12.372611,51.351623],[12.372534,51.351629],[12.37203,51.35166],[12.371427,51.35175],[12.371131,51.351827],[12.370934,51.351875],[12.370722,51.35195],[12.370361,51.352097],[12.370163,51.352196],[12.369979,51.352309],[12.368693,51.353057],[12.36858,51.353127],[12.367588,51.353702],[12.367373,51.35386],[12.367007,51.354189],[12.366894,51.354337],[12.36616,51.355103],[12.365779,51.355408],[12.365371,51.355274],[12.364963,51.355133],[12.364719,51.355015],[12.364471,51.35487],[12.364368,51.354816],[12.364247,51.354795],[12.364228,51.354658],[12.364167,51.354594],[12.36236,51.355303],[12.361447,51.355661],[12.360667,51.355968],[12.360494,51.35605],[12.36038,51.356112],[12.360292,51.35617],[12.360109,51.356311],[12.359835,51.356554],[12.359752,51.356617],[12.359583,51.356735],[12.359552,51.356757],[12.359254,51.356892],[12.359029,51.356995],[12.358667,51.357163],[12.358518,51.357218],[12.35839,51.35726],[12.358257,51.357294],[12.358021,51.357342],[12.357863,51.357365],[12.357715,51.357379],[12.357564,51.357384],[12.357381,51.357376],[12.357254,51.357351],[12.356605,51.35723],[12.356306,51.357173],[12.356097,51.357134],[12.355872,51.357075],[12.355723,51.357047],[12.355628,51.357027],[12.355518,51.357003],[12.355377,51.356941],[12.355255,51.356883],[12.355179,51.356836],[12.355056,51.356754],[12.354923,51.356637],[12.354832,51.356566],[12.354743,51.356494],[12.354692,51.356459],[12.354622,51.356404],[12.354583,51.356376],[12.354449,51.356301],[12.354287,51.356222],[12.354154,51.356161],[12.354044,51.356128],[12.353965,51.356109],[12.353831,51.356095],[12.35376,51.356101],[12.353704,51.35612],[12.353488,51.356242],[12.353238,51.356347],[12.35304,51.356391],[12.352925,51.356421],[12.352787,51.356449],[12.352533,51.356505],[12.352253,51.356556],[12.352054,51.356588],[12.351822,51.35662],[12.351536,51.356648],[12.351462,51.356648],[12.3513,51.356606],[12.351101,51.356585],[12.350941,51.356588],[12.350807,51.356581],[12.350698,51.35656],[12.350459,51.356519],[12.350284,51.356464],[12.35012,51.356452],[12.349986,51.356458]]]}},{"type":"Feature","id":"leipzig-06","properties":{"city":"Leipzig","state":"Sachsen","code":"06","name":"Zentrum-Nord","name_atlas":"Zentrum-Nord","population_est":9984,"crime_total":{"cases":1239,"rate":12410.0},"homicide":{"cases":3,"rate":30.0},"sexual":{"cases":23,"rate":230.4},"violence_proxy":{"cases":176,"rate":1762.8},"property_total":{"cases":454,"rate":4547.3},"simple_theft":{"cases":162,"rate":1622.6},"aggravated_theft":{"cases":292,"rate":2924.7},"fraud":{"cases":263,"rate":2634.2},"other_stgb":{"cases":275,"rate":2754.4},"secondary_law":{"cases":45,"rate":450.7}},"geometry":{"type":"Polygon","coordinates":[[[12.380144,51.360567],[12.380123,51.360578],[12.379267,51.361018],[12.378416,51.361434],[12.378319,51.361482],[12.37764,51.360812],[12.377312,51.360502],[12.376816,51.360977],[12.376849,51.361108],[12.376706,51.361001],[12.376698,51.360994],[12.375976,51.360583],[12.375861,51.360514],[12.375036,51.360051],[12.374908,51.35998],[12.375081,51.359769],[12.37526,51.359532],[12.37553,51.359087],[12.375774,51.358654],[12.373494,51.357559],[12.372084,51.356881],[12.370662,51.356172],[12.370001,51.355843],[12.368684,51.355209],[12.366894,51.354337],[12.367007,51.354189],[12.367373,51.35386],[12.367588,51.353702],[12.36858,51.353127],[12.368693,51.353057],[12.369979,51.352309],[12.370163,51.352196],[12.370361,51.352097],[12.370722,51.35195],[12.370934,51.351875],[12.371131,51.351827],[12.371427,51.35175],[12.37203,51.35166],[12.372534,51.351629],[12.372611,51.351623],[12.373261,51.351637],[12.37348,51.35167],[12.373205,51.351151],[12.372792,51.350467],[12.372253,51.349557],[12.37208,51.349288],[12.371434,51.348274],[12.371383,51.348204],[12.371319,51.348111],[12.371319,51.348111],[12.371253,51.348017],[12.371236,51.347987],[12.371218,51.347948],[12.371207,51.347917],[12.371112,51.347407],[12.37129,51.34649],[12.371332,51.34628],[12.371395,51.345963],[12.3715,51.345435],[12.371578,51.345047],[12.371578,51.345047],[12.371582,51.345027],[12.371591,51.344982],[12.371591,51.344961],[12.371592,51.344945],[12.371581,51.344883],[12.371567,51.34484],[12.371545,51.344803],[12.371479,51.34472],[12.37109,51.344252],[12.371942,51.344254],[12.372136,51.344255],[12.373331,51.344255],[12.373721,51.344252],[12.374552,51.344244],[12.374838,51.344249],[12.375018,51.344252],[12.375477,51.344267],[12.376898,51.344373],[12.377364,51.344412],[12.378154,51.344473],[12.378448,51.344478],[12.378782,51.344459],[12.378808,51.344722],[12.378804,51.345074],[12.378808,51.345299],[12.378811,51.34546],[12.378802,51.345606],[12.378791,51.345767],[12.378699,51.346167],[12.378609,51.346468],[12.378598,51.346506],[12.378554,51.346597],[12.378103,51.347538],[12.378067,51.347614],[12.378021,51.34773],[12.377979,51.347837],[12.377816,51.348287],[12.377781,51.348369],[12.378202,51.348432],[12.378619,51.348515],[12.378839,51.348567],[12.379129,51.348647],[12.379373,51.348723],[12.379516,51.348774],[12.379636,51.348826],[12.379738,51.348876],[12.379919,51.348971],[12.380068,51.349063],[12.380186,51.349142],[12.380341,51.349259],[12.380744,51.349596],[12.380929,51.349745],[12.381055,51.349846],[12.381135,51.349906],[12.381293,51.350008],[12.381488,51.350128],[12.381622,51.350198],[12.381744,51.350259],[12.381876,51.350315],[12.38249,51.350643],[12.383223,51.351033],[12.383554,51.351206],[12.383499,51.351248],[12.383479,51.351262],[12.383467,51.351299],[12.383486,51.351342],[12.38372,51.351452],[12.383781,51.351493],[12.383805,51.351547],[12.383877,51.351839],[12.383884,51.35189],[12.383918,51.352065],[12.385661,51.352619],[12.385574,51.352748],[12.385573,51.35275],[12.385478,51.35289],[12.385171,51.353466],[12.384854,51.354045],[12.384152,51.35558],[12.383892,51.356367],[12.383766,51.356746],[12.383645,51.357109],[12.383299,51.357814],[12.383082,51.358163],[12.38289,51.358426],[12.382683,51.358653],[12.382505,51.358837],[12.382265,51.359029],[12.381967,51.359277],[12.381699,51.35947],[12.381515,51.359626],[12.381415,51.35971],[12.38139,51.35973],[12.381302,51.3598],[12.381005,51.360035],[12.38057,51.360308],[12.380366,51.360438],[12.380237,51.360519],[12.380144,51.360567]]]}},{"type":"Feature","id":"leipzig-10","properties":{"city":"Leipzig","state":"Sachsen","code":"10","name":"Schönefeld-Abtnaundorf","name_atlas":"Schönefeld-Abtnaundorf","population_est":14052,"crime_total":{"cases":1434,"rate":10205.0},"homicide":{"cases":0,"rate":0.0},"sexual":{"cases":36,"rate":256.2},"violence_proxy":{"cases":246,"rate":1750.6},"property_total":{"cases":640,"rate":4554.5},"simple_theft":{"cases":338,"rate":2405.4},"aggravated_theft":{"cases":302,"rate":2149.2},"fraud":{"cases":135,"rate":960.7},"other_stgb":{"cases":320,"rate":2277.3},"secondary_law":{"cases":57,"rate":405.6}},"geometry":{"type":"Polygon","coordinates":[[[12.420279,51.361993],[12.420295,51.362017],[12.420572,51.362451],[12.420831,51.362893],[12.421109,51.363397],[12.421402,51.363932],[12.421607,51.364309],[12.421607,51.364309],[12.421608,51.364312],[12.421655,51.364398],[12.421845,51.364748],[12.421905,51.364826],[12.422039,51.365052],[12.422125,51.365179],[12.42231,51.365511],[12.422442,51.365753],[12.422551,51.365955],[12.422821,51.366453],[12.422922,51.366674],[12.422999,51.36683],[12.423201,51.367191],[12.423208,51.367203],[12.423271,51.367283],[12.423345,51.367361],[12.423515,51.367533],[12.42373,51.367752],[12.424095,51.368126],[12.424241,51.36827],[12.424596,51.368632],[12.424856,51.368901],[12.424942,51.368996],[12.425109,51.369153],[12.425611,51.369669],[12.426069,51.370134],[12.426518,51.370591],[12.427093,51.371179],[12.427366,51.371452],[12.427723,51.371787],[12.427752,51.371814],[12.427927,51.371979],[12.428011,51.372058],[12.428172,51.372221],[12.42803,51.372241],[12.42768,51.37229],[12.426082,51.372491],[12.423489,51.372824],[12.423411,51.372831],[12.421122,51.373051],[12.42105,51.373058],[12.420932,51.372923],[12.420865,51.372853],[12.420785,51.372769],[12.420629,51.372638],[12.420513,51.37256],[12.420241,51.372401],[12.420022,51.372275],[12.419493,51.372056],[12.418794,51.371794],[12.417944,51.371498],[12.416913,51.371156],[12.416376,51.370984],[12.415863,51.370837],[12.41525,51.370691],[12.41449,51.370533],[12.414272,51.370484],[12.41403,51.370406],[12.413958,51.370365],[12.413779,51.370235],[12.413641,51.370127],[12.413467,51.369975],[12.413289,51.36979],[12.413026,51.369437],[12.412898,51.369232],[12.412794,51.368988],[12.412726,51.368781],[12.412683,51.368601],[12.412678,51.368381],[12.412687,51.36834],[12.412721,51.368243],[12.412819,51.368008],[12.412902,51.367888],[12.413345,51.367228],[12.413692,51.366694],[12.413875,51.366427],[12.413965,51.366273],[12.414091,51.365999],[12.414112,51.36593],[12.414157,51.365789],[12.414189,51.365643],[12.414209,51.365465],[12.41421,51.365257],[12.41418,51.365033],[12.414125,51.364756],[12.414035,51.364458],[12.413954,51.364252],[12.413861,51.364044],[12.413638,51.363691],[12.41357,51.363581],[12.413322,51.363275],[12.413167,51.363102],[12.412926,51.362856],[12.412629,51.362555],[12.412541,51.36249],[12.412267,51.362325],[12.412031,51.362172],[12.411834,51.36204],[12.411662,51.361912],[12.411538,51.361826],[12.411477,51.361789],[12.4114,51.361759],[12.411298,51.361726],[12.411223,51.361706],[12.411123,51.361687],[12.410882,51.361649],[12.410776,51.361638],[12.410683,51.361635],[12.410564,51.361639],[12.41043,51.361637],[12.410371,51.361632],[12.410114,51.36161],[12.409762,51.361579],[12.40954,51.361558],[12.409392,51.361539],[12.409228,51.361513],[12.409024,51.361466],[12.408829,51.361407],[12.408496,51.36132],[12.407481,51.36104],[12.40726,51.361315],[12.407039,51.361618],[12.406811,51.361929],[12.406799,51.361945],[12.406645,51.362155],[12.406507,51.362341],[12.406432,51.362447],[12.406343,51.362563],[12.40629,51.362631],[12.406245,51.36268],[12.406194,51.362729],[12.40614,51.362777],[12.406084,51.362819],[12.406032,51.362854],[12.405944,51.362904],[12.405864,51.362943],[12.405737,51.363002],[12.405659,51.363035],[12.405491,51.363104],[12.405322,51.363175],[12.405018,51.363298],[12.40481,51.363383],[12.404417,51.363544],[12.404173,51.363643],[12.404026,51.363704],[12.403946,51.363732],[12.40381,51.363779],[12.403687,51.363817],[12.40362,51.363833],[12.403573,51.363845],[12.403505,51.36386],[12.403404,51.36388],[12.403164,51.363918],[12.40296,51.363944],[12.402801,51.363962],[12.402605,51.363973],[12.402269,51.363978],[12.40201,51.363973],[12.401924,51.363965],[12.401724,51.36393],[12.401685,51.363923],[12.401494,51.363891],[12.401493,51.363891],[12.401493,51.363891],[12.401482,51.363889],[12.401253,51.363851],[12.40124,51.363826],[12.401232,51.363808],[12.401159,51.363693],[12.401027,51.363496],[12.400566,51.36287],[12.400425,51.362676],[12.400306,51.362516],[12.399849,51.361964],[12.399304,51.361329],[12.389689,51.353164],[12.388723,51.352264],[12.388643,51.35219],[12.38857,51.352121],[12.38902,51.351928],[12.389055,51.351913],[12.389178,51.351872],[12.389355,51.351823],[12.389581,51.351783],[12.390122,51.351724],[12.390381,51.35172],[12.390712,51.351714],[12.390855,51.351711],[12.391182,51.351693],[12.391699,51.35165],[12.391847,51.35163],[12.391884,51.351625],[12.39196,51.351614],[12.391961,51.351614],[12.392021,51.351606],[12.392458,51.351545],[12.392665,51.351508],[12.39313,51.351424],[12.393226,51.351407],[12.393342,51.351387],[12.393385,51.351379],[12.39389,51.351294],[12.394087,51.351275],[12.394202,51.351114],[12.394218,51.35101],[12.394207,51.350924],[12.394204,51.350895],[12.394192,51.350801],[12.394181,51.35072],[12.394311,51.350713],[12.398317,51.350467],[12.405889,51.350093],[12.405943,51.349714],[12.406105,51.349706],[12.406203,51.349701],[12.409743,51.349515],[12.414025,51.348359],[12.41409,51.348342],[12.414181,51.348521],[12.414244,51.348646],[12.414273,51.348746],[12.414382,51.349456],[12.414396,51.349572],[12.414404,51.349639],[12.41441,51.349727],[12.414413,51.349771],[12.414414,51.34979],[12.414416,51.349806],[12.414456,51.350088],[12.41451,51.350516],[12.414622,51.351324],[12.414692,51.351829],[12.414692,51.351905],[12.41469,51.351975],[12.414687,51.352546],[12.414687,51.352639],[12.414692,51.353436],[12.414693,51.353526],[12.414693,51.354625],[12.414693,51.354773],[12.414713,51.355203],[12.414697,51.355774],[12.415411,51.356241],[12.415729,51.356448],[12.416167,51.356724],[12.416426,51.35703],[12.41725,51.35813],[12.417475,51.358428],[12.417577,51.35859],[12.4176,51.358629],[12.417587,51.358885],[12.417596,51.359082],[12.417599,51.359266],[12.417664,51.35936],[12.417815,51.359593],[12.417824,51.359627],[12.417844,51.359817],[12.417862,51.359984],[12.417946,51.360006],[12.418012,51.360024],[12.418379,51.360233],[12.419058,51.360617],[12.419304,51.360759],[12.419493,51.360868],[12.419513,51.360879],[12.419607,51.360957],[12.419879,51.361364],[12.420279,51.361993]]]}},{"type":"Feature","id":"leipzig-11","properties":{"city":"Leipzig","state":"Sachsen","code":"11","name":"Schönefeld-Ost","name_atlas":"Schönefeld-Ost","population_est":10435,"crime_total":{"cases":1027,"rate":9842.0},"homicide":{"cases":0,"rate":0.0},"sexual":{"cases":21,"rate":201.2},"violence_proxy":{"cases":223,"rate":2137.0},"property_total":{"cases":365,"rate":3497.8},"simple_theft":{"cases":207,"rate":1983.7},"aggravated_theft":{"cases":158,"rate":1514.1},"fraud":{"cases":180,"rate":1725.0},"other_stgb":{"cases":214,"rate":2050.8},"secondary_law":{"cases":24,"rate":230.0}},"geometry":{"type":"Polygon","coordinates":[[[12.418149,51.347275],[12.418201,51.347306],[12.41926,51.34793],[12.419431,51.34803],[12.420191,51.348476],[12.420651,51.348746],[12.420783,51.348824],[12.421011,51.348959],[12.421104,51.349013],[12.422417,51.349784],[12.422983,51.350117],[12.423201,51.350245],[12.423263,51.350279],[12.423369,51.350335],[12.423742,51.350534],[12.42389,51.350614],[12.424488,51.35087],[12.425458,51.351346],[12.426366,51.351775],[12.426437,51.351808],[12.427009,51.352072],[12.427448,51.352304],[12.427591,51.352381],[12.428184,51.352664],[12.428553,51.352827],[12.429618,51.353338],[12.430627,51.353819],[12.430654,51.353832],[12.430969,51.353982],[12.431935,51.354441],[12.432229,51.354567],[12.433224,51.355044],[12.433249,51.355056],[12.433522,51.355195],[12.433727,51.355298],[12.434637,51.355731],[12.435155,51.356013],[12.435349,51.356104],[12.436201,51.356512],[12.4364,51.356607],[12.437237,51.357006],[12.438491,51.357603],[12.438968,51.357831],[12.440142,51.358392],[12.44113,51.358849],[12.44135,51.358966],[12.441615,51.359093],[12.442093,51.359301],[12.442328,51.359404],[12.442531,51.359482],[12.442957,51.359637],[12.443234,51.359751],[12.443574,51.359913],[12.443772,51.360027],[12.443369,51.360255],[12.443183,51.360325],[12.442964,51.360379],[12.442719,51.360439],[12.443033,51.360964],[12.443344,51.361543],[12.443613,51.36198],[12.443784,51.36227],[12.443909,51.362535],[12.443999,51.362784],[12.44407,51.363009],[12.444127,51.363308],[12.444152,51.363531],[12.444155,51.363845],[12.444138,51.364092],[12.444102,51.364274],[12.444017,51.364579],[12.443946,51.364761],[12.443871,51.364958],[12.443736,51.36521],[12.443623,51.365378],[12.443434,51.365645],[12.443279,51.365823],[12.442862,51.366253],[12.442043,51.367081],[12.442002,51.367121],[12.441988,51.367135],[12.441908,51.367214],[12.441891,51.367231],[12.441878,51.367244],[12.441815,51.367307],[12.441736,51.367386],[12.441691,51.367431],[12.440604,51.368511],[12.440094,51.369019],[12.439373,51.369681],[12.439114,51.369881],[12.438757,51.370112],[12.438231,51.370366],[12.437758,51.370537],[12.437254,51.370666],[12.436665,51.370788],[12.43589,51.370918],[12.435033,51.371051],[12.434162,51.371195],[12.431849,51.371592],[12.430256,51.371866],[12.42828,51.372203],[12.428172,51.372221],[12.428011,51.372058],[12.427927,51.371979],[12.427752,51.371814],[12.427723,51.371787],[12.427366,51.371452],[12.427093,51.371179],[12.426518,51.370591],[12.426069,51.370134],[12.425611,51.369669],[12.425109,51.369153],[12.424942,51.368996],[12.424856,51.368901],[12.424596,51.368632],[12.424241,51.36827],[12.424095,51.368126],[12.42373,51.367752],[12.423515,51.367533],[12.423345,51.367361],[12.423271,51.367283],[12.423208,51.367203],[12.423201,51.367191],[12.422999,51.36683],[12.422922,51.366674],[12.422821,51.366453],[12.422551,51.365955],[12.422442,51.365753],[12.42231,51.365511],[12.422125,51.365179],[12.422039,51.365052],[12.421905,51.364826],[12.421845,51.364748],[12.421655,51.364398],[12.421608,51.364312],[12.421607,51.364309],[12.421607,51.364309],[12.421402,51.363932],[12.421109,51.363397],[12.420831,51.362893],[12.420572,51.362451],[12.420295,51.362017],[12.420279,51.361993],[12.419879,51.361364],[12.419607,51.360957],[12.419513,51.360879],[12.419493,51.360868],[12.419304,51.360759],[12.419058,51.360617],[12.418379,51.360233],[12.418012,51.360024],[12.417946,51.360006],[12.417862,51.359984],[12.417844,51.359817],[12.417824,51.359627],[12.417815,51.359593],[12.417664,51.35936],[12.417599,51.359266],[12.417596,51.359082],[12.417587,51.358885],[12.4176,51.358629],[12.417577,51.35859],[12.417475,51.358428],[12.41725,51.35813],[12.416426,51.35703],[12.416167,51.356724],[12.415729,51.356448],[12.415411,51.356241],[12.414697,51.355774],[12.414713,51.355203],[12.414693,51.354773],[12.414693,51.354625],[12.414693,51.353526],[12.414692,51.353436],[12.414687,51.352639],[12.414687,51.352546],[12.41469,51.351975],[12.414692,51.351905],[12.414692,51.351829],[12.414622,51.351324],[12.41451,51.350516],[12.414456,51.350088],[12.414416,51.349806],[12.414414,51.34979],[12.414413,51.349771],[12.41441,51.349727],[12.414404,51.349639],[12.414396,51.349572],[12.414382,51.349456],[12.414273,51.348746],[12.414244,51.348646],[12.414181,51.348521],[12.41409,51.348342],[12.414953,51.348107],[12.416794,51.34752],[12.41791,51.347134],[12.418149,51.347275]]]}},{"type":"Feature","id":"leipzig-12","properties":{"city":"Leipzig","state":"Sachsen","code":"12","name":"Mockau-Süd","name_atlas":"Mockau-Süd","population_est":5008,"crime_total":{"cases":336,"rate":6709.0},"homicide":{"cases":0,"rate":0.0},"sexual":{"cases":9,"rate":179.7},"violence_proxy":{"cases":67,"rate":1337.9},"property_total":{"cases":101,"rate":2016.8},"simple_theft":{"cases":31,"rate":619.0},"aggravated_theft":{"cases":70,"rate":1397.8},"fraud":{"cases":48,"rate":958.5},"other_stgb":{"cases":101,"rate":2016.8},"secondary_law":{"cases":10,"rate":199.7}},"geometry":{"type":"Polygon","coordinates":[[[12.413954,51.364252],[12.414035,51.364458],[12.414125,51.364756],[12.41418,51.365033],[12.41421,51.365257],[12.414209,51.365465],[12.414189,51.365643],[12.414157,51.365789],[12.414112,51.36593],[12.414091,51.365999],[12.413965,51.366273],[12.413875,51.366427],[12.413692,51.366694],[12.413345,51.367228],[12.412902,51.367888],[12.412819,51.368008],[12.412721,51.368243],[12.412687,51.36834],[12.412678,51.368381],[12.412683,51.368601],[12.412726,51.368781],[12.412794,51.368988],[12.412898,51.369232],[12.413026,51.369437],[12.413289,51.36979],[12.413467,51.369975],[12.413641,51.370127],[12.413779,51.370235],[12.413958,51.370365],[12.41403,51.370406],[12.414272,51.370484],[12.41449,51.370533],[12.41525,51.370691],[12.415863,51.370837],[12.416376,51.370984],[12.416913,51.371156],[12.417944,51.371498],[12.418794,51.371794],[12.419493,51.372056],[12.420022,51.372275],[12.420241,51.372401],[12.420513,51.37256],[12.420629,51.372638],[12.420785,51.372769],[12.420865,51.372853],[12.420932,51.372923],[12.42105,51.373058],[12.420968,51.373064],[12.420822,51.373075],[12.419884,51.373163],[12.419073,51.373237],[12.418827,51.373262],[12.418696,51.373274],[12.41865,51.373278],[12.418636,51.37328],[12.418331,51.373308],[12.417622,51.373377],[12.416997,51.373433],[12.416259,51.373503],[12.415085,51.37361],[12.413634,51.373746],[12.413002,51.373807],[12.412671,51.373838],[12.412051,51.373893],[12.411731,51.373924],[12.411569,51.373939],[12.411423,51.373953],[12.410362,51.374051],[12.4089,51.37418],[12.407767,51.374288],[12.407736,51.374291],[12.407705,51.374294],[12.407559,51.374308],[12.40667,51.374358],[12.405564,51.374371],[12.405377,51.374365],[12.405277,51.374362],[12.405031,51.374355],[12.404761,51.374325],[12.404506,51.374293],[12.404192,51.374253],[12.403983,51.374216],[12.403205,51.374021],[12.402877,51.373941],[12.402449,51.373805],[12.402062,51.373678],[12.401686,51.373505],[12.401417,51.373374],[12.401333,51.373326],[12.401018,51.373144],[12.400736,51.372971],[12.400454,51.37276],[12.400136,51.372456],[12.399929,51.372226],[12.399622,51.371752],[12.399462,51.371463],[12.399435,51.371418],[12.399337,51.371255],[12.39992,51.369728],[12.400648,51.368012],[12.401193,51.366676],[12.401348,51.366254],[12.401482,51.365882],[12.401534,51.365657],[12.401569,51.365454],[12.401585,51.365269],[12.401563,51.364868],[12.401536,51.364659],[12.40149,51.364466],[12.401446,51.364286],[12.401385,51.364131],[12.40131,51.363965],[12.401253,51.363851],[12.401482,51.363889],[12.401493,51.363891],[12.401493,51.363891],[12.401494,51.363891],[12.401685,51.363923],[12.401724,51.36393],[12.401924,51.363965],[12.40201,51.363973],[12.402269,51.363978],[12.402605,51.363973],[12.402801,51.363962],[12.40296,51.363944],[12.403164,51.363918],[12.403404,51.36388],[12.403505,51.36386],[12.403573,51.363845],[12.40362,51.363833],[12.403687,51.363817],[12.40381,51.363779],[12.403946,51.363732],[12.404026,51.363704],[12.404173,51.363643],[12.404417,51.363544],[12.40481,51.363383],[12.405018,51.363298],[12.405322,51.363175],[12.405491,51.363104],[12.405659,51.363035],[12.405737,51.363002],[12.405864,51.362943],[12.405944,51.362904],[12.406032,51.362854],[12.406084,51.362819],[12.40614,51.362777],[12.406194,51.362729],[12.406245,51.36268],[12.40629,51.362631],[12.406343,51.362563],[12.406432,51.362447],[12.406507,51.362341],[12.406645,51.362155],[12.406799,51.361945],[12.406811,51.361929],[12.407039,51.361618],[12.40726,51.361315],[12.407481,51.36104],[12.408496,51.36132],[12.408829,51.361407],[12.409024,51.361466],[12.409228,51.361513],[12.409392,51.361539],[12.40954,51.361558],[12.409762,51.361579],[12.410114,51.36161],[12.410371,51.361632],[12.41043,51.361637],[12.410564,51.361639],[12.410683,51.361635],[12.410776,51.361638],[12.410882,51.361649],[12.411123,51.361687],[12.411223,51.361706],[12.411298,51.361726],[12.4114,51.361759],[12.411477,51.361789],[12.411538,51.361826],[12.411662,51.361912],[12.411834,51.36204],[12.412031,51.362172],[12.412267,51.362325],[12.412541,51.36249],[12.412629,51.362555],[12.412926,51.362856],[12.413167,51.363102],[12.413322,51.363275],[12.41357,51.363581],[12.413638,51.363691],[12.413861,51.364044],[12.413954,51.364252]]]}},{"type":"Feature","id":"leipzig-13","properties":{"city":"Leipzig","state":"Sachsen","code":"13","name":"Mockau-Nord","name_atlas":"Mockau-Nord","population_est":11651,"crime_total":{"cases":856,"rate":7347.0},"homicide":{"cases":0,"rate":0.0},"sexual":{"cases":25,"rate":214.6},"violence_proxy":{"cases":164,"rate":1407.6},"property_total":{"cases":320,"rate":2746.5},"simple_theft":{"cases":171,"rate":1467.7},"aggravated_theft":{"cases":149,"rate":1278.9},"fraud":{"cases":131,"rate":1124.4},"other_stgb":{"cases":196,"rate":1682.3},"secondary_law":{"cases":20,"rate":171.7}},"geometry":{"type":"Polygon","coordinates":[[[12.405387,51.393554],[12.398303,51.394166],[12.398215,51.394174],[12.397994,51.394193],[12.39795,51.394197],[12.397856,51.394205],[12.397495,51.394236],[12.397243,51.393958],[12.396989,51.393465],[12.396983,51.393455],[12.396962,51.393417],[12.396938,51.393367],[12.396916,51.393323],[12.396555,51.393396],[12.396166,51.393474],[12.395721,51.393564],[12.395184,51.393672],[12.394939,51.393722],[12.39466,51.393778],[12.394605,51.393669],[12.394601,51.393661],[12.394588,51.393637],[12.39454,51.393542],[12.394203,51.392879],[12.394022,51.392511],[12.393675,51.391814],[12.393636,51.391735],[12.393605,51.391673],[12.393583,51.391635],[12.393534,51.391551],[12.393458,51.39142],[12.39322,51.390976],[12.393131,51.390833],[12.392931,51.390525],[12.392882,51.390454],[12.392824,51.390372],[12.392818,51.390364],[12.392802,51.390341],[12.392702,51.3902],[12.392625,51.390091],[12.392622,51.390089],[12.392537,51.389982],[12.392508,51.389946],[12.39238,51.389787],[12.392319,51.389728],[12.391728,51.389078],[12.391654,51.388944],[12.391695,51.388916],[12.391755,51.388877],[12.391839,51.388746],[12.392303,51.388028],[12.395568,51.380046],[12.395643,51.379861],[12.396068,51.378822],[12.396983,51.376589],[12.397339,51.375972],[12.397842,51.374814],[12.39855,51.373145],[12.399314,51.371314],[12.399337,51.371255],[12.399435,51.371418],[12.399462,51.371463],[12.399622,51.371752],[12.399929,51.372226],[12.400136,51.372456],[12.400454,51.37276],[12.400736,51.372971],[12.401018,51.373144],[12.401333,51.373326],[12.401417,51.373374],[12.401686,51.373505],[12.402062,51.373678],[12.402449,51.373805],[12.402877,51.373941],[12.403205,51.374021],[12.403983,51.374216],[12.404192,51.374253],[12.404506,51.374293],[12.404761,51.374325],[12.405031,51.374355],[12.405277,51.374362],[12.405377,51.374365],[12.405564,51.374371],[12.40667,51.374358],[12.407559,51.374308],[12.407705,51.374294],[12.407736,51.374291],[12.407767,51.374288],[12.4089,51.37418],[12.410362,51.374051],[12.411423,51.373953],[12.411569,51.373939],[12.411731,51.373924],[12.412051,51.373893],[12.412671,51.373838],[12.413002,51.373807],[12.413634,51.373746],[12.415085,51.37361],[12.416259,51.373503],[12.416997,51.373433],[12.417622,51.373377],[12.418331,51.373308],[12.418636,51.37328],[12.41865,51.373278],[12.418696,51.373274],[12.418827,51.373262],[12.419073,51.373237],[12.419884,51.373163],[12.420822,51.373075],[12.420968,51.373064],[12.42105,51.373058],[12.421118,51.373143],[12.421331,51.37352],[12.421664,51.374101],[12.421926,51.374538],[12.422169,51.374912],[12.422328,51.375125],[12.422689,51.375604],[12.422976,51.37598],[12.423111,51.376165],[12.423228,51.376389],[12.423356,51.376778],[12.423394,51.37688],[12.423475,51.377249],[12.423565,51.377751],[12.423594,51.378067],[12.423616,51.378413],[12.42367,51.378915],[12.423684,51.379147],[12.423687,51.379269],[12.423669,51.379461],[12.423665,51.379512],[12.423658,51.37956],[12.423634,51.379731],[12.423578,51.379982],[12.423524,51.380348],[12.423515,51.380665],[12.423527,51.381069],[12.42355,51.381233],[12.423606,51.381494],[12.423699,51.381836],[12.423774,51.382014],[12.423847,51.382172],[12.423931,51.382304],[12.424034,51.382436],[12.424148,51.382563],[12.424345,51.382765],[12.424503,51.382881],[12.424652,51.382986],[12.424813,51.383078],[12.424945,51.383132],[12.425125,51.383192],[12.425417,51.38327],[12.425602,51.3833],[12.425874,51.383341],[12.426109,51.383362],[12.426607,51.383391],[12.426659,51.383394],[12.426688,51.383451],[12.426707,51.383489],[12.426725,51.383524],[12.426886,51.383808],[12.426935,51.383972],[12.426965,51.384025],[12.426984,51.384058],[12.426974,51.384089],[12.426905,51.384307],[12.426807,51.384642],[12.426763,51.384756],[12.42671,51.384891],[12.426708,51.384898],[12.42669,51.384956],[12.426672,51.385018],[12.426659,51.38506],[12.42665,51.385092],[12.426608,51.38523],[12.426554,51.385411],[12.426546,51.385445],[12.426526,51.385456],[12.426501,51.38547],[12.426492,51.385475],[12.426446,51.385518],[12.426237,51.386092],[12.426096,51.386499],[12.426067,51.386655],[12.42602,51.386817],[12.425965,51.386981],[12.425885,51.387224],[12.425844,51.387412],[12.425835,51.387515],[12.425828,51.387614],[12.425819,51.387846],[12.425787,51.387974],[12.425755,51.388085],[12.425686,51.388196],[12.425633,51.388262],[12.425579,51.388325],[12.425331,51.388617],[12.425236,51.388733],[12.425198,51.388781],[12.425153,51.38883],[12.424848,51.389168],[12.424282,51.389786],[12.423769,51.390343],[12.423341,51.390805],[12.423257,51.390865],[12.423163,51.390914],[12.42209,51.391493],[12.420984,51.392086],[12.42074,51.392216],[12.420682,51.392247],[12.420658,51.39226],[12.420325,51.392437],[12.420258,51.392473],[12.420086,51.39259],[12.419851,51.392691],[12.419878,51.392699],[12.419695,51.392798],[12.419065,51.393133],[12.419035,51.393144],[12.418963,51.393154],[12.418943,51.393155],[12.418784,51.39316],[12.418733,51.393162],[12.418027,51.393159],[12.416498,51.393145],[12.414396,51.393187],[12.413237,51.393193],[12.412662,51.393196],[12.412344,51.393198],[12.412256,51.393198],[12.411337,51.393203],[12.409903,51.39321],[12.4089,51.393251],[12.405387,51.393554]]]}},{"type":"Feature","id":"leipzig-14","properties":{"city":"Leipzig","state":"Sachsen","code":"14","name":"Thekla","name_atlas":"Thekla","population_est":6066,"crime_total":{"cases":371,"rate":6116.0},"homicide":{"cases":0,"rate":0.0},"sexual":{"cases":10,"rate":164.9},"violence_proxy":{"cases":91,"rate":1500.2},"property_total":{"cases":135,"rate":2225.5},"simple_theft":{"cases":49,"rate":807.8},"aggravated_theft":{"cases":86,"rate":1417.7},"fraud":{"cases":40,"rate":659.4},"other_stgb":{"cases":84,"rate":1384.8},"secondary_law":{"cases":11,"rate":181.3}},"geometry":{"type":"Polygon","coordinates":[[[12.429925,51.407205],[12.429434,51.407079],[12.429025,51.406974],[12.428741,51.4069],[12.428318,51.406789],[12.428077,51.406731],[12.427756,51.406647],[12.426268,51.406263],[12.425528,51.406066],[12.421569,51.405025],[12.42119,51.404926],[12.420607,51.404767],[12.420586,51.404783],[12.420391,51.404931],[12.420325,51.404899],[12.420245,51.404987],[12.420178,51.404966],[12.420112,51.404946],[12.419902,51.405177],[12.419866,51.405217],[12.419285,51.404946],[12.419052,51.404836],[12.418371,51.404514],[12.417815,51.404259],[12.417779,51.404248],[12.417691,51.404211],[12.41708,51.403933],[12.416829,51.403817],[12.416629,51.403731],[12.416306,51.403601],[12.415881,51.403432],[12.415721,51.403356],[12.415294,51.403154],[12.414778,51.402907],[12.414512,51.402776],[12.414313,51.402678],[12.413918,51.402489],[12.413594,51.402338],[12.413105,51.402105],[12.413053,51.402081],[12.413296,51.401892],[12.413905,51.401416],[12.414158,51.401218],[12.414861,51.400668],[12.415507,51.400161],[12.416561,51.39931],[12.416928,51.399007],[12.417044,51.398912],[12.417202,51.398781],[12.417561,51.39848],[12.417718,51.398349],[12.418087,51.39804],[12.418137,51.397998],[12.418244,51.397907],[12.418326,51.397837],[12.419113,51.397171],[12.420109,51.396325],[12.419879,51.395971],[12.419452,51.395314],[12.419013,51.394635],[12.418531,51.393875],[12.418501,51.393828],[12.418495,51.393697],[12.418505,51.393661],[12.419003,51.393209],[12.419027,51.393185],[12.419038,51.393162],[12.419036,51.393153],[12.419035,51.393144],[12.419065,51.393133],[12.419695,51.392798],[12.419878,51.392699],[12.419851,51.392691],[12.420086,51.39259],[12.420258,51.392473],[12.420325,51.392437],[12.420658,51.39226],[12.420682,51.392247],[12.42074,51.392216],[12.420984,51.392086],[12.42209,51.391493],[12.423163,51.390914],[12.423257,51.390865],[12.423341,51.390805],[12.423769,51.390343],[12.424282,51.389786],[12.424848,51.389168],[12.425153,51.38883],[12.425198,51.388781],[12.425236,51.388733],[12.425331,51.388617],[12.425579,51.388325],[12.425633,51.388262],[12.425686,51.388196],[12.425755,51.388085],[12.425787,51.387974],[12.425819,51.387846],[12.425828,51.387614],[12.425835,51.387515],[12.425844,51.387412],[12.425885,51.387224],[12.425965,51.386981],[12.42602,51.386817],[12.426067,51.386655],[12.426096,51.386499],[12.426237,51.386092],[12.426446,51.385518],[12.426492,51.385475],[12.426501,51.38547],[12.426526,51.385456],[12.426546,51.385445],[12.426554,51.385411],[12.426608,51.38523],[12.42665,51.385092],[12.426659,51.38506],[12.426672,51.385018],[12.42669,51.384956],[12.426708,51.384898],[12.42671,51.384891],[12.426763,51.384756],[12.426807,51.384642],[12.426905,51.384307],[12.426974,51.384089],[12.426984,51.384058],[12.426965,51.384025],[12.426935,51.383972],[12.426886,51.383808],[12.426725,51.383524],[12.426707,51.383489],[12.426688,51.383451],[12.426659,51.383394],[12.426607,51.383391],[12.426109,51.383362],[12.425874,51.383341],[12.425602,51.3833],[12.425417,51.38327],[12.425125,51.383192],[12.424945,51.383132],[12.424813,51.383078],[12.424652,51.382986],[12.424503,51.382881],[12.424345,51.382765],[12.424148,51.382563],[12.424034,51.382436],[12.423931,51.382304],[12.423847,51.382172],[12.423774,51.382014],[12.423699,51.381836],[12.423606,51.381494],[12.42355,51.381233],[12.423527,51.381069],[12.423515,51.380665],[12.423524,51.380348],[12.423578,51.379982],[12.423634,51.379731],[12.423658,51.37956],[12.423665,51.379512],[12.423669,51.379461],[12.423687,51.379269],[12.423684,51.379147],[12.42367,51.378915],[12.423616,51.378413],[12.423594,51.378067],[12.423565,51.377751],[12.423475,51.377249],[12.423394,51.37688],[12.423356,51.376778],[12.423228,51.376389],[12.423111,51.376165],[12.422976,51.37598],[12.422689,51.375604],[12.422328,51.375125],[12.422169,51.374912],[12.421926,51.374538],[12.421664,51.374101],[12.421331,51.37352],[12.421118,51.373143],[12.42105,51.373058],[12.421122,51.373051],[12.423411,51.372831],[12.423489,51.372824],[12.426082,51.372491],[12.42768,51.37229],[12.42803,51.372241],[12.428172,51.372221],[12.42828,51.372203],[12.430256,51.371866],[12.431849,51.371592],[12.434162,51.371195],[12.435033,51.371051],[12.43589,51.370918],[12.436665,51.370788],[12.437254,51.370666],[12.437758,51.370537],[12.438231,51.370366],[12.438757,51.370112],[12.439114,51.369881],[12.439373,51.369681],[12.440094,51.369019],[12.440604,51.368511],[12.441691,51.367431],[12.441736,51.367386],[12.441815,51.367307],[12.441878,51.367244],[12.441891,51.367231],[12.441908,51.367214],[12.441988,51.367135],[12.442002,51.367121],[12.442043,51.367081],[12.442862,51.366253],[12.443279,51.365823],[12.443434,51.365645],[12.443623,51.365378],[12.443736,51.36521],[12.443871,51.364958],[12.443946,51.364761],[12.444017,51.364579],[12.444102,51.364274],[12.444138,51.364092],[12.444155,51.363845],[12.444152,51.363531],[12.444127,51.363308],[12.44407,51.363009],[12.443999,51.362784],[12.443909,51.362535],[12.443784,51.36227],[12.443613,51.36198],[12.443344,51.361543],[12.443033,51.360964],[12.442719,51.360439],[12.442903,51.360663],[12.443067,51.36091],[12.443272,51.361218],[12.443436,51.361436],[12.443547,51.361582],[12.443734,51.361812],[12.443846,51.361932],[12.44407,51.362173],[12.444202,51.362301],[12.444354,51.362444],[12.444605,51.36266],[12.445001,51.362979],[12.445245,51.363157],[12.445616,51.363414],[12.445774,51.363515],[12.445919,51.363602],[12.446279,51.363819],[12.446515,51.36395],[12.44674,51.36407],[12.447013,51.364202],[12.447581,51.364478],[12.447819,51.364581],[12.448003,51.364657],[12.448309,51.364779],[12.448556,51.364877],[12.448672,51.364923],[12.448796,51.364971],[12.449184,51.36512],[12.449826,51.365372],[12.450219,51.365529],[12.45103,51.365845],[12.455227,51.367507],[12.457111,51.36822],[12.459953,51.36934],[12.459972,51.369348],[12.464215,51.371017],[12.465165,51.371394],[12.46509,51.371435],[12.465067,51.371447],[12.463705,51.372189],[12.462115,51.373062],[12.461443,51.373431],[12.460646,51.37389],[12.460065,51.37425],[12.459253,51.374756],[12.458808,51.375045],[12.458048,51.375569],[12.457692,51.375826],[12.456842,51.376459],[12.456304,51.376888],[12.455795,51.37731],[12.454787,51.378171],[12.454774,51.378183],[12.453746,51.379062],[12.45275,51.379943],[12.451746,51.380822],[12.450701,51.381719],[12.449725,51.382581],[12.449105,51.383116],[12.449065,51.383152],[12.449026,51.383183],[12.448917,51.383273],[12.447453,51.38449],[12.447432,51.384509],[12.44654,51.38531],[12.44607,51.385724],[12.446034,51.385756],[12.446023,51.385765],[12.445976,51.385807],[12.445965,51.385816],[12.445357,51.386345],[12.445315,51.38638],[12.445328,51.38641],[12.44547,51.386594],[12.445529,51.386629],[12.445483,51.386667],[12.444854,51.387198],[12.444464,51.387552],[12.444444,51.387579],[12.444425,51.387606],[12.444405,51.38762],[12.443959,51.387961],[12.44349,51.388334],[12.442914,51.388807],[12.442376,51.38925],[12.441871,51.389663],[12.441034,51.390344],[12.440534,51.390709],[12.440182,51.390953],[12.439758,51.391241],[12.439667,51.391392],[12.439657,51.39142],[12.440118,51.391483],[12.440987,51.3916],[12.441266,51.391632],[12.441252,51.39166],[12.441216,51.391729],[12.441155,51.391845],[12.440905,51.392321],[12.440848,51.39243],[12.440727,51.392661],[12.439872,51.394291],[12.439833,51.394389],[12.438646,51.395934],[12.438589,51.396008],[12.438487,51.396139],[12.437534,51.397372],[12.437173,51.39784],[12.43673,51.39841],[12.436593,51.398588],[12.436292,51.398977],[12.436056,51.399284],[12.435941,51.399434],[12.435765,51.399676],[12.435383,51.400171],[12.43501,51.400654],[12.43463,51.401145],[12.43425,51.401635],[12.433884,51.402109],[12.433732,51.402306],[12.432477,51.403936],[12.43215,51.404329],[12.431885,51.404674],[12.429925,51.407205]]]}},{"type":"Feature","id":"leipzig-15","properties":{"city":"Leipzig","state":"Sachsen","code":"15","name":"Plaußig-Portitz","name_atlas":"Plaußig-Portitz","population_est":3441,"crime_total":{"cases":132,"rate":3836.0},"homicide":{"cases":0,"rate":0.0},"sexual":{"cases":2,"rate":58.1},"violence_proxy":{"cases":32,"rate":930.0},"property_total":{"cases":51,"rate":1482.1},"simple_theft":{"cases":17,"rate":494.0},"aggravated_theft":{"cases":34,"rate":988.1},"fraud":{"cases":13,"rate":377.8},"other_stgb":{"cases":29,"rate":842.8},"secondary_law":{"cases":5,"rate":145.3}},"geometry":{"type":"Polygon","coordinates":[[[12.437353,51.410781],[12.43666,51.410763],[12.436263,51.410742],[12.436081,51.410741],[12.435494,51.410736],[12.435396,51.41073],[12.435116,51.410722],[12.435428,51.410086],[12.435944,51.409074],[12.436546,51.40792],[12.437043,51.406993],[12.437229,51.406659],[12.435993,51.406438],[12.433998,51.406075],[12.432925,51.405882],[12.432571,51.406352],[12.432502,51.406462],[12.432188,51.406853],[12.43192,51.407158],[12.431506,51.407626],[12.430695,51.407411],[12.429925,51.407205],[12.431885,51.404674],[12.43215,51.404329],[12.432477,51.403936],[12.433732,51.402306],[12.433884,51.402109],[12.43425,51.401635],[12.43463,51.401145],[12.43501,51.400654],[12.435383,51.400171],[12.435765,51.399676],[12.435941,51.399434],[12.436056,51.399284],[12.436292,51.398977],[12.436593,51.398588],[12.43673,51.39841],[12.437173,51.39784],[12.437534,51.397372],[12.438487,51.396139],[12.438589,51.396008],[12.438646,51.395934],[12.439833,51.394389],[12.439872,51.394291],[12.440727,51.392661],[12.440848,51.39243],[12.440905,51.392321],[12.441155,51.391845],[12.441216,51.391729],[12.441252,51.39166],[12.441266,51.391632],[12.440987,51.3916],[12.440118,51.391483],[12.439657,51.39142],[12.439667,51.391392],[12.439758,51.391241],[12.440182,51.390953],[12.440534,51.390709],[12.441034,51.390344],[12.441871,51.389663],[12.442376,51.38925],[12.442914,51.388807],[12.44349,51.388334],[12.443959,51.387961],[12.444405,51.38762],[12.444425,51.387606],[12.444444,51.387579],[12.444464,51.387552],[12.444854,51.387198],[12.445483,51.386667],[12.445529,51.386629],[12.44547,51.386594],[12.445328,51.38641],[12.445315,51.38638],[12.445357,51.386345],[12.445965,51.385816],[12.445976,51.385807],[12.446023,51.385765],[12.446034,51.385756],[12.44607,51.385724],[12.44654,51.38531],[12.447432,51.384509],[12.447453,51.38449],[12.448917,51.383273],[12.449026,51.383183],[12.449065,51.383152],[12.449105,51.383116],[12.449725,51.382581],[12.450701,51.381719],[12.451746,51.380822],[12.45275,51.379943],[12.453746,51.379062],[12.454774,51.378183],[12.454787,51.378171],[12.455795,51.37731],[12.456304,51.376888],[12.456842,51.376459],[12.457692,51.375826],[12.458048,51.375569],[12.458808,51.375045],[12.459253,51.374756],[12.460065,51.37425],[12.460646,51.37389],[12.461443,51.373431],[12.462115,51.373062],[12.463705,51.372189],[12.465067,51.371447],[12.46509,51.371435],[12.465165,51.371394],[12.465234,51.371355],[12.465269,51.371336],[12.46585,51.371012],[12.466086,51.370882],[12.466227,51.370805],[12.46668,51.370556],[12.467652,51.370021],[12.467666,51.370014],[12.46769,51.370001],[12.467702,51.369994],[12.467771,51.369957],[12.467783,51.369951],[12.467867,51.369905],[12.468044,51.36981],[12.468138,51.369759],[12.468485,51.369572],[12.468818,51.369703],[12.469624,51.370022],[12.469818,51.370099],[12.469837,51.370106],[12.470096,51.370209],[12.471209,51.370643],[12.47128,51.370681],[12.471674,51.370887],[12.471683,51.370913],[12.471519,51.370944],[12.471494,51.370949],[12.471473,51.370964],[12.471353,51.371051],[12.471338,51.371062],[12.471239,51.371129],[12.471177,51.371172],[12.471145,51.371193],[12.471207,51.371217],[12.471198,51.371224],[12.471174,51.371241],[12.471157,51.371253],[12.471133,51.37127],[12.471076,51.371313],[12.471012,51.37136],[12.470656,51.371623],[12.470575,51.371733],[12.470567,51.371805],[12.470618,51.372031],[12.470622,51.372053],[12.470663,51.372282],[12.470763,51.372609],[12.470857,51.372727],[12.470858,51.372727],[12.470906,51.372787],[12.471056,51.372951],[12.471271,51.373098],[12.471411,51.373223],[12.4716,51.373377],[12.471853,51.373671],[12.471874,51.373695],[12.4721,51.373945],[12.472505,51.374397],[12.472573,51.374496],[12.472599,51.374528],[12.472795,51.374778],[12.472903,51.374916],[12.472986,51.375009],[12.473064,51.375191],[12.473165,51.375324],[12.473143,51.375382],[12.473106,51.37551],[12.473217,51.375696],[12.473274,51.375755],[12.473338,51.375907],[12.473392,51.376061],[12.473408,51.376262],[12.473413,51.376353],[12.473404,51.376438],[12.473391,51.376512],[12.47338,51.376543],[12.473281,51.376769],[12.473277,51.376777],[12.47325,51.376889],[12.473237,51.377047],[12.473209,51.377177],[12.473221,51.377282],[12.473207,51.377439],[12.47321,51.377512],[12.473225,51.377668],[12.473276,51.377754],[12.473593,51.378167],[12.473646,51.378218],[12.473715,51.378268],[12.473932,51.378403],[12.473947,51.378417],[12.474053,51.378516],[12.474245,51.37866],[12.474391,51.378729],[12.47454,51.378825],[12.474629,51.378906],[12.474648,51.378923],[12.474667,51.37894],[12.474686,51.378964],[12.474751,51.379045],[12.474764,51.379065],[12.474848,51.379187],[12.47488,51.379241],[12.474939,51.379341],[12.474957,51.379409],[12.474945,51.379461],[12.474942,51.379474],[12.474939,51.379488],[12.474939,51.379489],[12.474938,51.379492],[12.474922,51.379565],[12.474921,51.37957],[12.47492,51.379602],[12.47492,51.379615],[12.474919,51.379649],[12.474919,51.379661],[12.474917,51.379719],[12.474923,51.379774],[12.474926,51.379795],[12.474956,51.379887],[12.474964,51.379901],[12.475042,51.380036],[12.475076,51.380119],[12.475081,51.380134],[12.475086,51.380145],[12.475134,51.380274],[12.475141,51.380295],[12.47515,51.380414],[12.475154,51.380473],[12.475158,51.380525],[12.475113,51.380661],[12.475112,51.380694],[12.475109,51.380827],[12.475109,51.380866],[12.475214,51.381192],[12.475548,51.381643],[12.475593,51.38167],[12.475654,51.381718],[12.475681,51.38174],[12.475739,51.381819],[12.475756,51.381845],[12.475948,51.382087],[12.475982,51.382133],[12.476122,51.382325],[12.476129,51.382334],[12.476139,51.382347],[12.476565,51.382321],[12.476602,51.382371],[12.476627,51.382406],[12.476386,51.382429],[12.476109,51.382456],[12.476047,51.38246],[12.475955,51.382467],[12.475794,51.382478],[12.474617,51.382562],[12.473537,51.382639],[12.47293,51.382682],[12.472366,51.382722],[12.472318,51.382725],[12.471986,51.382749],[12.471463,51.382786],[12.469938,51.382894],[12.469886,51.382898],[12.46976,51.382907],[12.468205,51.383019],[12.46703,51.383099],[12.466728,51.383121],[12.466718,51.383122],[12.466609,51.3836],[12.466598,51.383649],[12.466564,51.3838],[12.46653,51.383952],[12.46652,51.383996],[12.466518,51.384003],[12.466126,51.38574],[12.465593,51.388097],[12.465591,51.388115],[12.465589,51.388126],[12.465583,51.388172],[12.465583,51.388173],[12.46528,51.389524],[12.465262,51.389606],[12.464981,51.390855],[12.464331,51.390626],[12.464189,51.390726],[12.463802,51.391005],[12.463492,51.391223],[12.463351,51.391323],[12.463357,51.391334],[12.463362,51.391341],[12.463426,51.391338],[12.463489,51.391366],[12.463558,51.391398],[12.463562,51.391408],[12.463574,51.391434],[12.46359,51.391467],[12.463593,51.391475],[12.46359,51.391486],[12.463582,51.391518],[12.463556,51.391613],[12.463567,51.391643],[12.463612,51.391678],[12.46372,51.391686],[12.46387,51.391597],[12.463911,51.391572],[12.463918,51.391568],[12.463932,51.391571],[12.463961,51.391567],[12.463996,51.391561],[12.464079,51.391548],[12.464125,51.39156],[12.464136,51.391576],[12.464134,51.391592],[12.464126,51.3916],[12.464113,51.391611],[12.464093,51.391629],[12.464068,51.391652],[12.464044,51.391673],[12.464081,51.391699],[12.464066,51.391712],[12.464112,51.391747],[12.464269,51.391776],[12.464353,51.391776],[12.464446,51.391788],[12.464546,51.391801],[12.464633,51.391835],[12.464656,51.391844],[12.464868,51.391934],[12.465027,51.39202],[12.465159,51.39209],[12.465294,51.392169],[12.465478,51.392277],[12.465561,51.392353],[12.4656,51.392398],[12.465612,51.392411],[12.465655,51.392467],[12.465716,51.392548],[12.465755,51.392599],[12.465759,51.39261],[12.465798,51.392719],[12.465843,51.392756],[12.465893,51.392813],[12.465859,51.392819],[12.465819,51.392827],[12.465811,51.392828],[12.465617,51.392865],[12.465559,51.39272],[12.465596,51.392631],[12.465455,51.392499],[12.465094,51.392576],[12.464859,51.392658],[12.464736,51.392669],[12.464665,51.392691],[12.464537,51.392803],[12.464606,51.392873],[12.464712,51.392967],[12.464911,51.393076],[12.464957,51.393162],[12.464957,51.393313],[12.464925,51.393359],[12.464952,51.393392],[12.465184,51.393494],[12.465402,51.393612],[12.465504,51.393625],[12.465535,51.393613],[12.465534,51.393593],[12.465511,51.393537],[12.465436,51.393466],[12.465231,51.393328],[12.46523,51.393192],[12.465361,51.393038],[12.465496,51.392973],[12.465658,51.393],[12.465993,51.393012],[12.466003,51.393013],[12.466039,51.393012],[12.466112,51.39301],[12.466151,51.393023],[12.466166,51.393027],[12.466183,51.393033],[12.466229,51.393043],[12.466311,51.39306],[12.466427,51.393084],[12.466679,51.393117],[12.466739,51.393123],[12.466776,51.393126],[12.467056,51.393158],[12.467238,51.393187],[12.467309,51.393198],[12.467339,51.393207],[12.467371,51.393222],[12.467374,51.393236],[12.467377,51.393253],[12.467381,51.393272],[12.467379,51.393296],[12.467375,51.393335],[12.467375,51.393337],[12.467424,51.393373],[12.467447,51.393386],[12.467458,51.393414],[12.467474,51.39343],[12.46757,51.39343],[12.467598,51.393432],[12.467634,51.393441],[12.467661,51.393448],[12.467669,51.39345],[12.467694,51.393454],[12.467731,51.393434],[12.467741,51.393429],[12.467762,51.393426],[12.467813,51.393417],[12.467833,51.393414],[12.467893,51.393405],[12.467961,51.393394],[12.468018,51.393376],[12.468044,51.393379],[12.468234,51.393369],[12.468397,51.393356],[12.468483,51.393349],[12.468649,51.393361],[12.468735,51.393382],[12.468796,51.393405],[12.468788,51.393476],[12.468642,51.393588],[12.468575,51.393625],[12.468534,51.393642],[12.468497,51.393679],[12.468458,51.393716],[12.468458,51.393747],[12.468459,51.393793],[12.468459,51.393799],[12.468457,51.393816],[12.468456,51.39382],[12.468468,51.393848],[12.46863,51.393951],[12.46871,51.393991],[12.468766,51.39402],[12.468909,51.394117],[12.468952,51.394126],[12.469075,51.394152],[12.469263,51.394183],[12.469349,51.394191],[12.469392,51.394194],[12.4694,51.394194],[12.469437,51.394194],[12.469481,51.394194],[12.469572,51.394189],[12.469681,51.394183],[12.46982,51.394162],[12.469942,51.394152],[12.469954,51.39415],[12.469945,51.394175],[12.469937,51.394195],[12.469669,51.394913],[12.469351,51.39579],[12.469297,51.395901],[12.469238,51.395991],[12.469233,51.395999],[12.469227,51.396008],[12.469015,51.396332],[12.468664,51.39687],[12.46858,51.397],[12.468527,51.397367],[12.468494,51.397611],[12.46838,51.39845],[12.468265,51.399297],[12.468251,51.399397],[12.468203,51.399763],[12.4682,51.399788],[12.468119,51.400401],[12.468043,51.400649],[12.468033,51.400709],[12.468033,51.400764],[12.468252,51.401143],[12.46829,51.401208],[12.468448,51.401479],[12.468468,51.401503],[12.468565,51.401621],[12.468863,51.401799],[12.46912,51.401861],[12.469345,51.401907],[12.469933,51.401994],[12.469936,51.401995],[12.470375,51.40205],[12.471235,51.40212],[12.471235,51.402139],[12.471225,51.40259],[12.471128,51.402995],[12.471056,51.403303],[12.471042,51.403359],[12.470955,51.403382],[12.47042,51.403457],[12.470342,51.403744],[12.47034,51.40376],[12.47034,51.403761],[12.47034,51.403761],[12.470323,51.403765],[12.470303,51.403771],[12.470252,51.403784],[12.470042,51.40376],[12.469628,51.403722],[12.468653,51.403633],[12.468005,51.403574],[12.467718,51.403547],[12.467507,51.403526],[12.467088,51.403482],[12.466716,51.403444],[12.466254,51.403397],[12.465925,51.403847],[12.465559,51.404283],[12.465483,51.40433],[12.465472,51.404339],[12.465433,51.404373],[12.46463,51.405065],[12.46407,51.405545],[12.464066,51.405549],[12.463309,51.4062],[12.461753,51.407536],[12.461631,51.40764],[12.460417,51.408179],[12.459241,51.408685],[12.459238,51.408686],[12.458085,51.409192],[12.45693,51.409696],[12.456777,51.409763],[12.456409,51.409772],[12.455809,51.409795],[12.454367,51.409849],[12.453839,51.409869],[12.452534,51.409918],[12.451932,51.409928],[12.451356,51.409948],[12.450748,51.40995],[12.450091,51.409931],[12.44967,51.409913],[12.449352,51.409913],[12.44888,51.409928],[12.448731,51.409928],[12.448274,51.409952],[12.447706,51.409965],[12.447282,51.409962],[12.446811,51.409983],[12.446327,51.409997],[12.44583,51.409988],[12.445488,51.409977],[12.445048,51.409958],[12.444517,51.409949],[12.444283,51.409934],[12.44413,51.409947],[12.443359,51.409917],[12.44288,51.409917],[12.44244,51.409951],[12.44149,51.410119],[12.441272,51.410159],[12.440325,51.410409],[12.439694,51.410584],[12.439243,51.41068],[12.438863,51.410733],[12.438569,51.410754],[12.437783,51.410781],[12.437585,51.410774],[12.437353,51.410781]]]}},{"type":"Feature","id":"leipzig-20","properties":{"city":"Leipzig","state":"Sachsen","code":"20","name":"Neustadt-Neuschönefeld","name_atlas":"Neustadt-Neuschönefeld","population_est":14153,"crime_total":{"cases":1835,"rate":12965.0},"homicide":{"cases":3,"rate":21.2},"sexual":{"cases":40,"rate":282.6},"violence_proxy":{"cases":294,"rate":2077.3},"property_total":{"cases":752,"rate":5313.4},"simple_theft":{"cases":300,"rate":2119.7},"aggravated_theft":{"cases":452,"rate":3193.7},"fraud":{"cases":188,"rate":1328.3},"other_stgb":{"cases":392,"rate":2769.7},"secondary_law":{"cases":166,"rate":1172.9}},"geometry":{"type":"Polygon","coordinates":[[[12.407871,51.339566],[12.407936,51.33965],[12.408029,51.339756],[12.408327,51.340051],[12.40817,51.340122],[12.408088,51.34016],[12.407526,51.340432],[12.407417,51.340493],[12.407372,51.34053],[12.40691,51.340902],[12.406407,51.341298],[12.406294,51.341419],[12.40624,51.341489],[12.406193,51.341552],[12.406141,51.341631],[12.406094,51.341729],[12.406059,51.341825],[12.406006,51.34209],[12.405997,51.342144],[12.405991,51.342183],[12.405959,51.342625],[12.405955,51.342683],[12.405937,51.343011],[12.405936,51.34303],[12.405932,51.343089],[12.405931,51.343137],[12.405912,51.343609],[12.405897,51.343947],[12.405887,51.343998],[12.405874,51.344072],[12.405863,51.344318],[12.405862,51.344426],[12.405873,51.344647],[12.405873,51.344647],[12.405881,51.344782],[12.405901,51.345195],[12.405912,51.345401],[12.405916,51.34543],[12.40593,51.34553],[12.40595,51.345619],[12.405968,51.345698],[12.406011,51.34602],[12.406042,51.346273],[12.406078,51.346583],[12.406111,51.346867],[12.406122,51.346962],[12.40618,51.347482],[12.406185,51.347528],[12.406191,51.347648],[12.406189,51.347736],[12.406179,51.347871],[12.40615,51.34812],[12.406144,51.348171],[12.406143,51.348184],[12.406067,51.348803],[12.406019,51.349168],[12.406015,51.349191],[12.405997,51.349329],[12.405795,51.349318],[12.405075,51.349277],[12.404967,51.349267],[12.403146,51.3491],[12.401519,51.348955],[12.401403,51.348912],[12.401394,51.348908],[12.400788,51.348672],[12.400296,51.348483],[12.400288,51.34848],[12.399274,51.34809],[12.398964,51.347969],[12.397535,51.347444],[12.397408,51.347397],[12.396114,51.346902],[12.394796,51.346398],[12.39474,51.346377],[12.394306,51.346146],[12.39423,51.346105],[12.393952,51.345978],[12.392539,51.34546],[12.392625,51.345403],[12.392626,51.345403],[12.392683,51.345366],[12.393191,51.345061],[12.393266,51.345012],[12.393332,51.344962],[12.393385,51.344918],[12.393482,51.344824],[12.393729,51.344573],[12.393899,51.344399],[12.394066,51.34423],[12.394211,51.34408],[12.394445,51.343829],[12.394493,51.343794],[12.394548,51.34376],[12.394602,51.343734],[12.394873,51.343625],[12.395005,51.343574],[12.395112,51.343532],[12.395349,51.34344],[12.395556,51.34336],[12.395683,51.343315],[12.395798,51.343276],[12.39612,51.343173],[12.396043,51.343111],[12.395994,51.343073],[12.395881,51.343006],[12.395682,51.342926],[12.395554,51.342887],[12.394942,51.342726],[12.394955,51.342648],[12.394956,51.342641],[12.394976,51.34253],[12.394993,51.342433],[12.395011,51.342332],[12.395026,51.342246],[12.39504,51.342219],[12.395084,51.342135],[12.395089,51.342119],[12.395098,51.342094],[12.395098,51.342094],[12.39526,51.341653],[12.39528,51.3416],[12.395288,51.341542],[12.395299,51.341463],[12.395306,51.341389],[12.395309,51.34136],[12.395309,51.341235],[12.395309,51.341133],[12.395309,51.341082],[12.39531,51.341024],[12.39531,51.341007],[12.395309,51.340896],[12.395309,51.340771],[12.395309,51.340618],[12.395309,51.340576],[12.395308,51.340465],[12.395308,51.340389],[12.395311,51.340312],[12.395313,51.340223],[12.395322,51.340158],[12.395339,51.340036],[12.395349,51.339988],[12.395377,51.339854],[12.395387,51.339806],[12.395394,51.339738],[12.395406,51.339621],[12.395414,51.339551],[12.395404,51.339471],[12.39538,51.339392],[12.39535,51.339328],[12.395317,51.33927],[12.395258,51.339212],[12.395195,51.339151],[12.395153,51.339109],[12.396148,51.339144],[12.396847,51.339188],[12.397198,51.3392],[12.397551,51.339213],[12.398295,51.339228],[12.399522,51.339268],[12.399941,51.339278],[12.400424,51.339299],[12.400724,51.339306],[12.400826,51.339308],[12.401103,51.339314],[12.401265,51.339306],[12.401436,51.339287],[12.40152,51.339265],[12.401665,51.33922],[12.402029,51.339093],[12.402635,51.338877],[12.40324,51.33867],[12.403916,51.338446],[12.404309,51.338315],[12.404664,51.338194],[12.404871,51.33815],[12.405061,51.338119],[12.405299,51.338089],[12.405497,51.338077],[12.405772,51.338079],[12.406415,51.338108],[12.406539,51.338112],[12.406837,51.33812],[12.40692,51.338334],[12.40693,51.338359],[12.40702,51.338473],[12.407472,51.339054],[12.407665,51.339299],[12.407788,51.33946],[12.407871,51.339566]]]}},{"type":"Feature","id":"leipzig-21","properties":{"city":"Leipzig","state":"Sachsen","code":"21","name":"Volkmarsdorf","name_atlas":"Volkmarsdorf","population_est":14158,"crime_total":{"cases":1999,"rate":14119.0},"homicide":{"cases":2,"rate":14.1},"sexual":{"cases":49,"rate":346.1},"violence_proxy":{"cases":354,"rate":2500.4},"property_total":{"cases":845,"rate":5968.4},"simple_theft":{"cases":484,"rate":3418.6},"aggravated_theft":{"cases":361,"rate":2549.8},"fraud":{"cases":155,"rate":1094.8},"other_stgb":{"cases":477,"rate":3369.1},"secondary_law":{"cases":117,"rate":826.4}},"geometry":{"type":"Polygon","coordinates":[[[12.416794,51.34752],[12.414953,51.348107],[12.41409,51.348342],[12.414025,51.348359],[12.409743,51.349515],[12.406203,51.349701],[12.406105,51.349706],[12.405943,51.349714],[12.405997,51.349329],[12.406015,51.349191],[12.406019,51.349168],[12.406067,51.348803],[12.406143,51.348184],[12.406144,51.348171],[12.40615,51.34812],[12.406179,51.347871],[12.406189,51.347736],[12.406191,51.347648],[12.406185,51.347528],[12.40618,51.347482],[12.406122,51.346962],[12.406111,51.346867],[12.406078,51.346583],[12.406042,51.346273],[12.406011,51.34602],[12.405968,51.345698],[12.40595,51.345619],[12.40593,51.34553],[12.405916,51.34543],[12.405912,51.345401],[12.405901,51.345195],[12.405881,51.344782],[12.405873,51.344647],[12.405873,51.344647],[12.405862,51.344426],[12.405863,51.344318],[12.405874,51.344072],[12.405887,51.343998],[12.405897,51.343947],[12.405912,51.343609],[12.405931,51.343137],[12.405932,51.343089],[12.405936,51.34303],[12.405937,51.343011],[12.405955,51.342683],[12.405959,51.342625],[12.405991,51.342183],[12.405997,51.342144],[12.406006,51.34209],[12.406059,51.341825],[12.406094,51.341729],[12.406141,51.341631],[12.406193,51.341552],[12.40624,51.341489],[12.406294,51.341419],[12.406407,51.341298],[12.40691,51.340902],[12.407372,51.34053],[12.407417,51.340493],[12.407526,51.340432],[12.408088,51.34016],[12.40817,51.340122],[12.408327,51.340051],[12.408415,51.340009],[12.40843,51.339998],[12.409371,51.339313],[12.409447,51.33926],[12.40952,51.339209],[12.411324,51.340181],[12.411426,51.340234],[12.412127,51.340596],[12.412214,51.340641],[12.413053,51.341055],[12.413235,51.341088],[12.413383,51.341096],[12.413702,51.341106],[12.413884,51.341111],[12.414062,51.341108],[12.414491,51.341051],[12.415278,51.34095],[12.415871,51.340869],[12.415979,51.340853],[12.416452,51.340772],[12.416645,51.340749],[12.416823,51.340715],[12.41697,51.340655],[12.417086,51.340591],[12.417276,51.340703],[12.417554,51.340519],[12.41761,51.340493],[12.417622,51.340487],[12.418581,51.340419],[12.419626,51.340359],[12.419626,51.340359],[12.420349,51.340318],[12.420953,51.340271],[12.421,51.340267],[12.421256,51.340243],[12.421478,51.340222],[12.42148,51.340225],[12.421966,51.34165],[12.421975,51.341676],[12.422339,51.342739],[12.422685,51.343741],[12.422987,51.344608],[12.423016,51.344692],[12.423022,51.344712],[12.423176,51.345294],[12.423215,51.345439],[12.423238,51.345566],[12.42325,51.345629],[12.423272,51.345862],[12.423281,51.346156],[12.42322,51.346514],[12.423105,51.346849],[12.422858,51.347286],[12.422541,51.347692],[12.422249,51.347964],[12.421899,51.34823],[12.421383,51.348547],[12.42108,51.348695],[12.420783,51.348824],[12.420651,51.348746],[12.420191,51.348476],[12.419431,51.34803],[12.41926,51.34793],[12.418201,51.347306],[12.418149,51.347275],[12.41791,51.347134],[12.416794,51.34752]]]}},{"type":"Feature","id":"leipzig-22","properties":{"city":"Leipzig","state":"Sachsen","code":"22","name":"Anger-Crottendorf","name_atlas":"Anger-Crottendorf","population_est":12798,"crime_total":{"cases":1070,"rate":8361.0},"homicide":{"cases":1,"rate":7.8},"sexual":{"cases":21,"rate":164.1},"violence_proxy":{"cases":118,"rate":922.0},"property_total":{"cases":376,"rate":2938.0},"simple_theft":{"cases":105,"rate":820.4},"aggravated_theft":{"cases":271,"rate":2117.5},"fraud":{"cases":336,"rate":2625.4},"other_stgb":{"cases":180,"rate":1406.5},"secondary_law":{"cases":38,"rate":296.9}},"geometry":{"type":"Polygon","coordinates":[[[12.41697,51.340655],[12.416823,51.340715],[12.416645,51.340749],[12.416452,51.340772],[12.415979,51.340853],[12.415871,51.340869],[12.415278,51.34095],[12.414491,51.341051],[12.414062,51.341108],[12.413884,51.341111],[12.413702,51.341106],[12.413383,51.341096],[12.413235,51.341088],[12.413053,51.341055],[12.412214,51.340641],[12.412127,51.340596],[12.411426,51.340234],[12.411324,51.340181],[12.40952,51.339209],[12.409447,51.33926],[12.409371,51.339313],[12.40843,51.339998],[12.408415,51.340009],[12.408327,51.340051],[12.408029,51.339756],[12.407936,51.33965],[12.407871,51.339566],[12.407788,51.33946],[12.407665,51.339299],[12.407472,51.339054],[12.40702,51.338473],[12.40693,51.338359],[12.40692,51.338334],[12.406837,51.33812],[12.406946,51.338114],[12.407105,51.338099],[12.407286,51.338064],[12.407469,51.338012],[12.407663,51.337945],[12.407779,51.337887],[12.407863,51.337846],[12.408027,51.337747],[12.40817,51.337631],[12.408277,51.337507],[12.408333,51.337444],[12.408388,51.337338],[12.408421,51.337236],[12.408453,51.33707],[12.408463,51.336895],[12.408456,51.336798],[12.40845,51.336692],[12.408426,51.336568],[12.408412,51.33647],[12.408358,51.336308],[12.408275,51.336119],[12.408215,51.336016],[12.408038,51.335745],[12.407981,51.335656],[12.407919,51.335587],[12.407919,51.335587],[12.407891,51.335557],[12.407835,51.335467],[12.407184,51.334301],[12.406672,51.333378],[12.40664,51.33332],[12.406622,51.333288],[12.406587,51.333222],[12.407861,51.332997],[12.40862,51.332858],[12.409045,51.33278],[12.410021,51.332565],[12.410721,51.332438],[12.411294,51.332321],[12.412046,51.33221],[12.413367,51.332042],[12.413935,51.332001],[12.414625,51.331965],[12.415635,51.331922],[12.416437,51.331905],[12.416485,51.331906],[12.416671,51.331908],[12.417249,51.331927],[12.417401,51.33194],[12.417497,51.331949],[12.417253,51.331644],[12.416039,51.330142],[12.415981,51.33007],[12.416342,51.329918],[12.416513,51.329846],[12.416712,51.329758],[12.416761,51.329737],[12.416892,51.329668],[12.41701,51.329592],[12.417136,51.329499],[12.417288,51.329373],[12.417407,51.329251],[12.417478,51.329165],[12.417623,51.328969],[12.418017,51.32841],[12.418071,51.328312],[12.418181,51.328068],[12.418182,51.328068],[12.418276,51.328081],[12.418287,51.328083],[12.419375,51.328185],[12.419996,51.328244],[12.420021,51.328081],[12.421141,51.328131],[12.421153,51.328131],[12.422465,51.327943],[12.423445,51.327801],[12.423471,51.327887],[12.424136,51.327797],[12.42503,51.32767],[12.42523,51.327641],[12.425402,51.327622],[12.425712,51.327586],[12.425719,51.327586],[12.426036,51.327563],[12.426353,51.327541],[12.426672,51.327518],[12.426766,51.327512],[12.426769,51.327485],[12.426984,51.327485],[12.427002,51.327485],[12.427245,51.327485],[12.427303,51.327485],[12.427382,51.327486],[12.427593,51.327487],[12.42769,51.327487],[12.428011,51.327489],[12.428079,51.327485],[12.428105,51.327779],[12.42811,51.327833],[12.428114,51.327882],[12.428154,51.328255],[12.428212,51.328533],[12.428246,51.32863],[12.428249,51.328639],[12.42827,51.328697],[12.428354,51.328933],[12.428518,51.329397],[12.428552,51.329495],[12.428639,51.329708],[12.428824,51.33003],[12.428984,51.330352],[12.429085,51.330607],[12.429157,51.330782],[12.429259,51.331018],[12.429273,51.331051],[12.429325,51.331042],[12.429812,51.330961],[12.429896,51.330945],[12.430121,51.330903],[12.430754,51.330776],[12.430909,51.330764],[12.431168,51.330796],[12.431168,51.330796],[12.431169,51.330797],[12.431172,51.330815],[12.431172,51.330817],[12.431173,51.330824],[12.431175,51.330842],[12.43125,51.331399],[12.431285,51.331663],[12.431293,51.331722],[12.43142,51.332679],[12.43142,51.33268],[12.43149,51.333191],[12.431534,51.333511],[12.431579,51.33386],[12.431589,51.333935],[12.431726,51.333926],[12.432497,51.333873],[12.432925,51.333855],[12.433661,51.33387],[12.434786,51.333893],[12.435166,51.333902],[12.435356,51.333907],[12.435527,51.33391],[12.435551,51.33391],[12.435827,51.333911],[12.435844,51.333911],[12.436075,51.333912],[12.436133,51.333909],[12.436145,51.333903],[12.436148,51.33391],[12.436154,51.333919],[12.436183,51.333967],[12.436175,51.333996],[12.436132,51.334077],[12.436112,51.334197],[12.436073,51.334313],[12.436018,51.334426],[12.435962,51.334511],[12.435856,51.334624],[12.43573,51.334753],[12.435617,51.334861],[12.435454,51.335002],[12.435343,51.335087],[12.435193,51.335192],[12.43517,51.335224],[12.435165,51.335252],[12.435171,51.335323],[12.435173,51.335342],[12.435113,51.335471],[12.435087,51.335511],[12.435039,51.335585],[12.434928,51.335782],[12.434787,51.336084],[12.434704,51.336245],[12.434639,51.336325],[12.434617,51.336352],[12.434596,51.336378],[12.434584,51.336395],[12.434561,51.336442],[12.434568,51.336472],[12.43463,51.336575],[12.434787,51.336934],[12.434791,51.336952],[12.434786,51.336963],[12.43478,51.336975],[12.434747,51.336999],[12.434709,51.337014],[12.434696,51.337018],[12.434661,51.337025],[12.434622,51.337032],[12.43445,51.337065],[12.43387,51.337176],[12.433802,51.337185],[12.433684,51.337202],[12.433518,51.337241],[12.433196,51.337314],[12.433155,51.337325],[12.433112,51.337336],[12.433042,51.337357],[12.432996,51.337371],[12.432927,51.33739],[12.432764,51.337412],[12.432608,51.337433],[12.432604,51.337433],[12.432567,51.337434],[12.432565,51.337434],[12.432534,51.337434],[12.432286,51.337358],[12.432153,51.337314],[12.432023,51.337275],[12.431953,51.337259],[12.431873,51.337255],[12.431824,51.337264],[12.431785,51.33727],[12.431436,51.337332],[12.431356,51.337348],[12.43132,51.337367],[12.431312,51.337371],[12.431308,51.337405],[12.431305,51.337424],[12.431299,51.337431],[12.431271,51.337463],[12.431271,51.337463],[12.431271,51.337464],[12.431247,51.337472],[12.431218,51.337481],[12.431155,51.337487],[12.431047,51.337498],[12.430895,51.337513],[12.430797,51.337514],[12.430725,51.337507],[12.430626,51.33751],[12.430597,51.337507],[12.430536,51.337501],[12.430405,51.337509],[12.430304,51.337514],[12.4302,51.337536],[12.430139,51.337575],[12.430128,51.337582],[12.429947,51.337655],[12.429686,51.337736],[12.429294,51.337832],[12.429149,51.337856],[12.429074,51.337871],[12.42901,51.337884],[12.428833,51.337929],[12.428547,51.338002],[12.428497,51.338016],[12.42828,51.33808],[12.428137,51.338129],[12.427946,51.338204],[12.427853,51.338247],[12.427837,51.338246],[12.427478,51.338234],[12.426976,51.338221],[12.426549,51.338189],[12.426451,51.338284],[12.426383,51.338328],[12.426187,51.33844],[12.426067,51.338659],[12.426032,51.338901],[12.426015,51.339001],[12.425983,51.339084],[12.425917,51.339204],[12.4257,51.339351],[12.425694,51.339356],[12.425559,51.339432],[12.425453,51.339492],[12.425173,51.339618],[12.425145,51.339631],[12.424832,51.339735],[12.42472,51.339774],[12.424659,51.339787],[12.424466,51.33983],[12.424004,51.339899],[12.42377,51.339932],[12.423569,51.339959],[12.423348,51.33999],[12.423182,51.340012],[12.423128,51.34002],[12.423003,51.340038],[12.422552,51.340099],[12.422434,51.340115],[12.422399,51.34012],[12.422368,51.340125],[12.42229,51.340136],[12.422162,51.340153],[12.422032,51.340172],[12.42198,51.340177],[12.421851,51.340189],[12.421797,51.340194],[12.421702,51.340204],[12.421478,51.340222],[12.421256,51.340243],[12.421,51.340267],[12.420953,51.340271],[12.420349,51.340318],[12.419626,51.340359],[12.419626,51.340359],[12.418581,51.340419],[12.417622,51.340487],[12.41761,51.340493],[12.417554,51.340519],[12.417276,51.340703],[12.417086,51.340591],[12.41697,51.340655]]]}},{"type":"Feature","id":"leipzig-23","properties":{"city":"Leipzig","state":"Sachsen","code":"23","name":"Sellerhausen-Stünz","name_atlas":"Sellerhausen-Stünz","population_est":9723,"crime_total":{"cases":866,"rate":8907.0},"homicide":{"cases":0,"rate":0.0},"sexual":{"cases":8,"rate":82.3},"violence_proxy":{"cases":136,"rate":1398.7},"property_total":{"cases":339,"rate":3486.6},"simple_theft":{"cases":113,"rate":1162.2},"aggravated_theft":{"cases":226,"rate":2324.4},"fraud":{"cases":136,"rate":1398.7},"other_stgb":{"cases":219,"rate":2252.4},"secondary_law":{"cases":28,"rate":288.0}},"geometry":{"type":"Polygon","coordinates":[[[12.457012,51.340135],[12.456789,51.340312],[12.456426,51.340535],[12.455991,51.340729],[12.455376,51.340989],[12.452966,51.341954],[12.448957,51.343492],[12.445102,51.343552],[12.445112,51.344253],[12.445119,51.344477],[12.445141,51.345092],[12.445149,51.345128],[12.44522,51.345322],[12.445276,51.34552],[12.445353,51.345805],[12.445359,51.345894],[12.445319,51.346195],[12.44531,51.34626],[12.445185,51.346369],[12.44519,51.346386],[12.445191,51.34639],[12.445203,51.346426],[12.445274,51.34661],[12.445444,51.346932],[12.445462,51.346981],[12.445539,51.347187],[12.445601,51.347309],[12.445655,51.347415],[12.445763,51.347707],[12.445784,51.347818],[12.445828,51.347925],[12.445857,51.347998],[12.44589,51.348081],[12.445941,51.348216],[12.445983,51.348315],[12.446032,51.348398],[12.446081,51.348467],[12.446278,51.348702],[12.446345,51.348783],[12.446588,51.349066],[12.446627,51.349114],[12.446786,51.34931],[12.446918,51.349512],[12.44701,51.349672],[12.447133,51.349953],[12.447148,51.349988],[12.447161,51.350018],[12.447182,51.350067],[12.447242,51.350286],[12.446973,51.350317],[12.446808,51.350344],[12.446304,51.350446],[12.446259,51.350455],[12.446216,51.350465],[12.446154,51.350479],[12.446126,51.350485],[12.446113,51.350488],[12.44606,51.350502],[12.445982,51.350522],[12.445859,51.350562],[12.445738,51.350613],[12.445647,51.350642],[12.445626,51.350649],[12.445517,51.350683],[12.445452,51.350699],[12.445432,51.350704],[12.445325,51.350731],[12.445294,51.350738],[12.445078,51.350778],[12.444946,51.350799],[12.444804,51.350811],[12.444707,51.350818],[12.444582,51.350826],[12.44443,51.35083],[12.443469,51.350825],[12.441814,51.350826],[12.441585,51.350825],[12.440712,51.35082],[12.439724,51.350804],[12.439654,51.350806],[12.439454,51.350825],[12.439246,51.350846],[12.43845,51.350905],[12.438262,51.350918],[12.438083,51.35093],[12.437426,51.350976],[12.437238,51.35099],[12.436968,51.351011],[12.438076,51.352813],[12.442093,51.359301],[12.441615,51.359093],[12.44135,51.358966],[12.44113,51.358849],[12.440142,51.358392],[12.438968,51.357831],[12.438491,51.357603],[12.437237,51.357006],[12.4364,51.356607],[12.436201,51.356512],[12.435349,51.356104],[12.435155,51.356013],[12.434637,51.355731],[12.433727,51.355298],[12.433522,51.355195],[12.433249,51.355056],[12.433224,51.355044],[12.432229,51.354567],[12.431935,51.354441],[12.430969,51.353982],[12.430654,51.353832],[12.430627,51.353819],[12.429618,51.353338],[12.428553,51.352827],[12.428184,51.352664],[12.427591,51.352381],[12.427448,51.352304],[12.427009,51.352072],[12.426437,51.351808],[12.426366,51.351775],[12.425458,51.351346],[12.424488,51.35087],[12.42389,51.350614],[12.423742,51.350534],[12.423369,51.350335],[12.423263,51.350279],[12.423201,51.350245],[12.422983,51.350117],[12.422417,51.349784],[12.421104,51.349013],[12.421011,51.348959],[12.420783,51.348824],[12.42108,51.348695],[12.421383,51.348547],[12.421899,51.34823],[12.422249,51.347964],[12.422541,51.347692],[12.422858,51.347286],[12.423105,51.346849],[12.42322,51.346514],[12.423281,51.346156],[12.423272,51.345862],[12.42325,51.345629],[12.423238,51.345566],[12.423215,51.345439],[12.423176,51.345294],[12.423022,51.344712],[12.423016,51.344692],[12.422987,51.344608],[12.422685,51.343741],[12.422339,51.342739],[12.421975,51.341676],[12.421966,51.34165],[12.42148,51.340225],[12.421478,51.340222],[12.421702,51.340204],[12.421797,51.340194],[12.421851,51.340189],[12.42198,51.340177],[12.422032,51.340172],[12.422162,51.340153],[12.42229,51.340136],[12.422368,51.340125],[12.422399,51.34012],[12.422434,51.340115],[12.422552,51.340099],[12.423003,51.340038],[12.423128,51.34002],[12.423182,51.340012],[12.423348,51.33999],[12.423569,51.339959],[12.42377,51.339932],[12.424004,51.339899],[12.424466,51.33983],[12.424659,51.339787],[12.42472,51.339774],[12.424832,51.339735],[12.425145,51.339631],[12.425173,51.339618],[12.425453,51.339492],[12.425559,51.339432],[12.425694,51.339356],[12.4257,51.339351],[12.425917,51.339204],[12.425983,51.339084],[12.426015,51.339001],[12.426032,51.338901],[12.426067,51.338659],[12.426187,51.33844],[12.426383,51.338328],[12.426451,51.338284],[12.426549,51.338189],[12.426976,51.338221],[12.427478,51.338234],[12.427837,51.338246],[12.427853,51.338247],[12.427946,51.338204],[12.428137,51.338129],[12.42828,51.33808],[12.428497,51.338016],[12.428547,51.338002],[12.428833,51.337929],[12.42901,51.337884],[12.429074,51.337871],[12.429149,51.337856],[12.429294,51.337832],[12.429686,51.337736],[12.429947,51.337655],[12.430128,51.337582],[12.430139,51.337575],[12.4302,51.337536],[12.430304,51.337514],[12.430405,51.337509],[12.430536,51.337501],[12.430597,51.337507],[12.430626,51.33751],[12.430725,51.337507],[12.430797,51.337514],[12.430895,51.337513],[12.431047,51.337498],[12.431155,51.337487],[12.431218,51.337481],[12.431247,51.337472],[12.431271,51.337464],[12.431271,51.337463],[12.431271,51.337463],[12.431299,51.337431],[12.431305,51.337424],[12.431308,51.337405],[12.431312,51.337371],[12.43132,51.337367],[12.431356,51.337348],[12.431436,51.337332],[12.431785,51.33727],[12.431824,51.337264],[12.431873,51.337255],[12.431953,51.337259],[12.432023,51.337275],[12.432153,51.337314],[12.432286,51.337358],[12.432534,51.337434],[12.432565,51.337434],[12.432567,51.337434],[12.432604,51.337433],[12.432608,51.337433],[12.432764,51.337412],[12.432927,51.33739],[12.432996,51.337371],[12.433042,51.337357],[12.433112,51.337336],[12.433155,51.337325],[12.433196,51.337314],[12.433518,51.337241],[12.433684,51.337202],[12.433802,51.337185],[12.43387,51.337176],[12.43445,51.337065],[12.434622,51.337032],[12.434661,51.337025],[12.434696,51.337018],[12.434709,51.337014],[12.434747,51.336999],[12.43478,51.336975],[12.434786,51.336963],[12.434791,51.336952],[12.434787,51.336934],[12.43463,51.336575],[12.434568,51.336472],[12.434561,51.336442],[12.434584,51.336395],[12.434596,51.336378],[12.434617,51.336352],[12.434639,51.336325],[12.434704,51.336245],[12.434787,51.336084],[12.434928,51.335782],[12.435039,51.335585],[12.435087,51.335511],[12.435113,51.335471],[12.435173,51.335342],[12.435171,51.335323],[12.435165,51.335252],[12.43517,51.335224],[12.435193,51.335192],[12.435343,51.335087],[12.435454,51.335002],[12.435617,51.334861],[12.43573,51.334753],[12.435856,51.334624],[12.435962,51.334511],[12.436018,51.334426],[12.436073,51.334313],[12.436112,51.334197],[12.436132,51.334077],[12.436175,51.333996],[12.436183,51.333967],[12.436154,51.333919],[12.436148,51.33391],[12.436145,51.333903],[12.436173,51.333887],[12.43623,51.333865],[12.436312,51.333849],[12.436376,51.333817],[12.436389,51.33381],[12.436414,51.333807],[12.43646,51.333816],[12.436499,51.333824],[12.436519,51.333819],[12.436529,51.333816],[12.4366,51.333799],[12.436653,51.333783],[12.436725,51.333761],[12.436892,51.333693],[12.436934,51.333675],[12.437049,51.333624],[12.437379,51.333479],[12.437589,51.333416],[12.437658,51.333407],[12.437667,51.333422],[12.437815,51.333652],[12.437929,51.333829],[12.438119,51.334114],[12.438138,51.334135],[12.438167,51.334167],[12.43865,51.334811],[12.438956,51.33524],[12.438982,51.335285],[12.439417,51.335908],[12.43945,51.335956],[12.440004,51.336749],[12.440221,51.337052],[12.44045,51.33728],[12.440457,51.33729],[12.440614,51.337516],[12.440842,51.337827],[12.440873,51.337868],[12.441029,51.338083],[12.441414,51.338404],[12.441693,51.338611],[12.441793,51.338833],[12.441857,51.338998],[12.441899,51.339118],[12.441921,51.339174],[12.441938,51.339243],[12.441968,51.339357],[12.442,51.339472],[12.44203,51.339588],[12.442074,51.339759],[12.442342,51.339763],[12.442473,51.339765],[12.442529,51.339766],[12.442715,51.33977],[12.442758,51.339771],[12.443078,51.339778],[12.443504,51.339787],[12.443982,51.3398],[12.444241,51.339807],[12.444279,51.339808],[12.444498,51.339816],[12.44461,51.33982],[12.445071,51.339844],[12.445151,51.339848],[12.445158,51.339849],[12.445189,51.339851],[12.445277,51.339855],[12.445311,51.339857],[12.446303,51.33986],[12.446306,51.33986],[12.446571,51.339858],[12.446834,51.339856],[12.447245,51.339853],[12.447401,51.339851],[12.448259,51.33985],[12.448648,51.339849],[12.448737,51.339848],[12.449428,51.339853],[12.450015,51.339851],[12.450473,51.339855],[12.451407,51.339838],[12.452029,51.339836],[12.452775,51.339864],[12.454891,51.33996],[12.455097,51.339958],[12.455659,51.339925],[12.456484,51.339874],[12.45658,51.339867],[12.456838,51.339848],[12.457123,51.339827],[12.45731,51.339808],[12.457184,51.339969],[12.457012,51.340135]]]}},{"type":"Feature","id":"leipzig-24","properties":{"city":"Leipzig","state":"Sachsen","code":"24","name":"Paunsdorf","name_atlas":"Paunsdorf","population_est":15946,"crime_total":{"cases":1601,"rate":10040.0},"homicide":{"cases":2,"rate":12.5},"sexual":{"cases":31,"rate":194.4},"violence_proxy":{"cases":347,"rate":2176.1},"property_total":{"cases":551,"rate":3455.4},"simple_theft":{"cases":326,"rate":2044.4},"aggravated_theft":{"cases":225,"rate":1411.0},"fraud":{"cases":271,"rate":1699.5},"other_stgb":{"cases":350,"rate":2194.9},"secondary_law":{"cases":49,"rate":307.3}},"geometry":{"type":"Polygon","coordinates":[[[12.452194,51.358971],[12.451633,51.359228],[12.449894,51.360022],[12.449805,51.360073],[12.448234,51.361395],[12.447836,51.361721],[12.447675,51.361853],[12.447637,51.361884],[12.446223,51.3612],[12.445974,51.361084],[12.445255,51.360741],[12.444704,51.360466],[12.44404,51.360109],[12.443772,51.360027],[12.443574,51.359913],[12.443234,51.359751],[12.442957,51.359637],[12.442531,51.359482],[12.442328,51.359404],[12.442093,51.359301],[12.438076,51.352813],[12.436968,51.351011],[12.437238,51.35099],[12.437426,51.350976],[12.438083,51.35093],[12.438262,51.350918],[12.43845,51.350905],[12.439246,51.350846],[12.439454,51.350825],[12.439654,51.350806],[12.439724,51.350804],[12.440712,51.35082],[12.441585,51.350825],[12.441814,51.350826],[12.443469,51.350825],[12.44443,51.35083],[12.444582,51.350826],[12.444707,51.350818],[12.444804,51.350811],[12.444946,51.350799],[12.445078,51.350778],[12.445294,51.350738],[12.445325,51.350731],[12.445432,51.350704],[12.445452,51.350699],[12.445517,51.350683],[12.445626,51.350649],[12.445647,51.350642],[12.445738,51.350613],[12.445859,51.350562],[12.445982,51.350522],[12.44606,51.350502],[12.446113,51.350488],[12.446126,51.350485],[12.446154,51.350479],[12.446216,51.350465],[12.446259,51.350455],[12.446304,51.350446],[12.446808,51.350344],[12.446973,51.350317],[12.447242,51.350286],[12.447182,51.350067],[12.447161,51.350018],[12.447148,51.349988],[12.447133,51.349953],[12.44701,51.349672],[12.446918,51.349512],[12.446786,51.34931],[12.446627,51.349114],[12.446588,51.349066],[12.446345,51.348783],[12.446278,51.348702],[12.446081,51.348467],[12.446032,51.348398],[12.445983,51.348315],[12.445941,51.348216],[12.44589,51.348081],[12.445857,51.347998],[12.445828,51.347925],[12.445784,51.347818],[12.445763,51.347707],[12.445655,51.347415],[12.445601,51.347309],[12.445539,51.347187],[12.445462,51.346981],[12.445444,51.346932],[12.445274,51.34661],[12.445203,51.346426],[12.445191,51.34639],[12.44519,51.346386],[12.445185,51.346369],[12.44531,51.34626],[12.445319,51.346195],[12.445359,51.345894],[12.445353,51.345805],[12.445276,51.34552],[12.44522,51.345322],[12.445149,51.345128],[12.445141,51.345092],[12.445119,51.344477],[12.445112,51.344253],[12.445102,51.343552],[12.448957,51.343492],[12.452966,51.341954],[12.455376,51.340989],[12.455991,51.340729],[12.456426,51.340535],[12.456789,51.340312],[12.457012,51.340135],[12.457184,51.339969],[12.45731,51.339808],[12.457613,51.339783],[12.45974,51.339572],[12.459736,51.339576],[12.459715,51.339613],[12.459715,51.339613],[12.459688,51.339659],[12.459649,51.339725],[12.45963,51.339757],[12.458475,51.341707],[12.457826,51.342797],[12.46024,51.344109],[12.460538,51.344271],[12.460672,51.344368],[12.460911,51.344539],[12.461189,51.344738],[12.461761,51.345159],[12.462024,51.345349],[12.462298,51.345521],[12.462393,51.345585],[12.462479,51.345642],[12.462455,51.345726],[12.462443,51.345764],[12.462731,51.34584],[12.462792,51.345856],[12.462845,51.34587],[12.463112,51.34594],[12.463135,51.345965],[12.463151,51.345977],[12.463198,51.345978],[12.463219,51.345978],[12.463236,51.345979],[12.46384,51.345992],[12.465205,51.345965],[12.465726,51.345956],[12.466364,51.345942],[12.467085,51.345927],[12.46748,51.345918],[12.467822,51.345911],[12.468752,51.345892],[12.468841,51.34589],[12.469615,51.345873],[12.470189,51.345859],[12.470199,51.345859],[12.470417,51.345855],[12.470436,51.345854],[12.470442,51.345854],[12.470452,51.345854],[12.470461,51.345854],[12.470467,51.345854],[12.471538,51.345832],[12.471507,51.345848],[12.473285,51.345809],[12.473444,51.345805],[12.473459,51.345805],[12.473514,51.345804],[12.47364,51.345801],[12.474819,51.345775],[12.475251,51.345765],[12.476434,51.345739],[12.476538,51.345738],[12.476578,51.345738],[12.476664,51.34574],[12.47675,51.345743],[12.476893,51.345752],[12.47803,51.345843],[12.478229,51.345859],[12.478806,51.345905],[12.479044,51.345924],[12.479196,51.345936],[12.479418,51.345953],[12.47945,51.345956],[12.479551,51.345964],[12.479623,51.345926],[12.479641,51.345916],[12.479765,51.345923],[12.479768,51.345923],[12.479892,51.345935],[12.480738,51.346001],[12.48115,51.346029],[12.481472,51.346052],[12.48144,51.346175],[12.481425,51.34623],[12.481407,51.346298],[12.481397,51.346339],[12.48138,51.346404],[12.481373,51.346431],[12.481303,51.346697],[12.481269,51.346826],[12.481262,51.346853],[12.481252,51.34689],[12.481224,51.346998],[12.481213,51.347039],[12.481196,51.347106],[12.481171,51.347195],[12.481135,51.347336],[12.481133,51.347346],[12.481063,51.347612],[12.481055,51.347643],[12.481047,51.347674],[12.481011,51.347806],[12.480977,51.347941],[12.480972,51.347959],[12.48094,51.34808],[12.48093,51.348118],[12.480912,51.348188],[12.480883,51.348296],[12.480855,51.348405],[12.480829,51.348508],[12.480807,51.348588],[12.480795,51.348633],[12.480774,51.348712],[12.48076,51.348766],[12.480742,51.348837],[12.480712,51.348951],[12.480711,51.348954],[12.480659,51.349154],[12.480623,51.349288],[12.480616,51.349315],[12.480613,51.349326],[12.48061,51.349341],[12.480585,51.349434],[12.480567,51.349502],[12.480562,51.349522],[12.480539,51.34961],[12.480518,51.34969],[12.480516,51.349698],[12.480486,51.349813],[12.480469,51.349877],[12.480455,51.349929],[12.480432,51.350017],[12.480427,51.350038],[12.480409,51.350105],[12.480383,51.350205],[12.480379,51.35022],[12.480343,51.350358],[12.480312,51.350479],[12.480333,51.350479],[12.480327,51.350503],[12.480311,51.350573],[12.480301,51.350615],[12.480224,51.350614],[12.47993,51.35061],[12.479648,51.350608],[12.479573,51.350608],[12.479348,51.350606],[12.479349,51.350702],[12.479358,51.351009],[12.479384,51.351325],[12.479388,51.351378],[12.479403,51.352082],[12.47704,51.351829],[12.476542,51.351775],[12.475897,51.351705],[12.475779,51.351692],[12.475279,51.351637],[12.475007,51.351608],[12.474955,51.351603],[12.474664,51.351575],[12.474368,51.351546],[12.47405,51.351516],[12.47364,51.351477],[12.472693,51.351374],[12.47267,51.351557],[12.472621,51.351941],[12.472617,51.351977],[12.472566,51.352158],[12.4725,51.352392],[12.472401,51.352651],[12.47229,51.352843],[12.472192,51.352974],[12.472125,51.353138],[12.472021,51.353553],[12.471993,51.353729],[12.471945,51.35385],[12.471927,51.353977],[12.471894,51.354057],[12.471762,51.354325],[12.471747,51.354473],[12.471741,51.354675],[12.471691,51.35492],[12.471592,51.355223],[12.471583,51.355249],[12.471541,51.355305],[12.47151,51.355343],[12.471721,51.355479],[12.471746,51.355502],[12.471723,51.355541],[12.471679,51.355591],[12.471607,51.355648],[12.471536,51.355727],[12.471487,51.355825],[12.471464,51.355944],[12.471464,51.356034],[12.4715,51.356085],[12.471408,51.356085],[12.471281,51.356086],[12.471174,51.356089],[12.470833,51.356097],[12.470084,51.356115],[12.469655,51.356118],[12.469227,51.356126],[12.469162,51.356142],[12.468713,51.356246],[12.468688,51.356252],[12.468273,51.356383],[12.468274,51.356401],[12.468274,51.356405],[12.468304,51.35777],[12.468365,51.358183],[12.468412,51.358498],[12.468411,51.359079],[12.468412,51.359175],[12.468413,51.359295],[12.468412,51.359401],[12.468392,51.359467],[12.468346,51.359542],[12.468262,51.359611],[12.468213,51.359636],[12.468123,51.359683],[12.467929,51.359785],[12.467262,51.359344],[12.466937,51.359185],[12.466636,51.359059],[12.466183,51.358884],[12.465865,51.358777],[12.465656,51.358715],[12.465317,51.358623],[12.465014,51.358552],[12.464717,51.358496],[12.464085,51.358379],[12.462935,51.358169],[12.462706,51.358125],[12.462521,51.358089],[12.46232,51.358044],[12.462234,51.358091],[12.462198,51.358112],[12.462168,51.358128],[12.461909,51.358262],[12.46173,51.358354],[12.461709,51.358364],[12.461682,51.358378],[12.461647,51.358386],[12.461626,51.358391],[12.460081,51.358746],[12.459156,51.358969],[12.458565,51.359097],[12.457737,51.359307],[12.456392,51.359597],[12.455393,51.359832],[12.454602,51.359995],[12.45404,51.360142],[12.453747,51.360169],[12.453689,51.360175],[12.453674,51.360164],[12.453553,51.360077],[12.452905,51.359529],[12.452502,51.359177],[12.452252,51.358945],[12.452194,51.358971]]]}},{"type":"Feature","id":"leipzig-25","properties":{"city":"Leipzig","state":"Sachsen","code":"25","name":"Heiterblick","name_atlas":"Heiterblick","population_est":3615,"crime_total":{"cases":292,"rate":8077.0},"homicide":{"cases":0,"rate":0.0},"sexual":{"cases":1,"rate":27.7},"violence_proxy":{"cases":20,"rate":553.3},"property_total":{"cases":135,"rate":3734.4},"simple_theft":{"cases":84,"rate":2323.7},"aggravated_theft":{"cases":51,"rate":1410.8},"fraud":{"cases":87,"rate":2406.6},"other_stgb":{"cases":45,"rate":1244.8},"secondary_law":{"cases":4,"rate":110.7}},"geometry":{"type":"Polygon","coordinates":[[[12.468499,51.368138],[12.468279,51.368193],[12.468154,51.368252],[12.467995,51.36836],[12.467644,51.368631],[12.467134,51.369028],[12.467126,51.369034],[12.467311,51.369107],[12.468074,51.369409],[12.468164,51.369444],[12.468406,51.36954],[12.468485,51.369572],[12.468138,51.369759],[12.468044,51.36981],[12.467867,51.369905],[12.467783,51.369951],[12.467771,51.369957],[12.467702,51.369994],[12.46769,51.370001],[12.467666,51.370014],[12.467652,51.370021],[12.46668,51.370556],[12.466227,51.370805],[12.466086,51.370882],[12.46585,51.371012],[12.465269,51.371336],[12.465234,51.371355],[12.465165,51.371394],[12.464215,51.371017],[12.459972,51.369348],[12.459953,51.36934],[12.457111,51.36822],[12.455227,51.367507],[12.45103,51.365845],[12.450219,51.365529],[12.449826,51.365372],[12.449184,51.36512],[12.448796,51.364971],[12.448672,51.364923],[12.448556,51.364877],[12.448309,51.364779],[12.448003,51.364657],[12.447819,51.364581],[12.447581,51.364478],[12.447013,51.364202],[12.44674,51.36407],[12.446515,51.36395],[12.446279,51.363819],[12.445919,51.363602],[12.445774,51.363515],[12.445616,51.363414],[12.445245,51.363157],[12.445001,51.362979],[12.444605,51.36266],[12.444354,51.362444],[12.444202,51.362301],[12.44407,51.362173],[12.443846,51.361932],[12.443734,51.361812],[12.443547,51.361582],[12.443436,51.361436],[12.443272,51.361218],[12.443067,51.36091],[12.442903,51.360663],[12.442719,51.360439],[12.442964,51.360379],[12.443183,51.360325],[12.443369,51.360255],[12.443772,51.360027],[12.44404,51.360109],[12.444704,51.360466],[12.445255,51.360741],[12.445974,51.361084],[12.446223,51.3612],[12.447637,51.361884],[12.447675,51.361853],[12.447836,51.361721],[12.448234,51.361395],[12.449805,51.360073],[12.449894,51.360022],[12.451633,51.359228],[12.452194,51.358971],[12.452252,51.358945],[12.452502,51.359177],[12.452905,51.359529],[12.453553,51.360077],[12.453674,51.360164],[12.453689,51.360175],[12.453747,51.360169],[12.45404,51.360142],[12.454602,51.359995],[12.455393,51.359832],[12.456392,51.359597],[12.457737,51.359307],[12.458565,51.359097],[12.459156,51.358969],[12.460081,51.358746],[12.461626,51.358391],[12.461647,51.358386],[12.461682,51.358378],[12.461709,51.358364],[12.46173,51.358354],[12.461909,51.358262],[12.462168,51.358128],[12.462198,51.358112],[12.462234,51.358091],[12.46232,51.358044],[12.462521,51.358089],[12.462706,51.358125],[12.462935,51.358169],[12.464085,51.358379],[12.464717,51.358496],[12.465014,51.358552],[12.465317,51.358623],[12.465656,51.358715],[12.465865,51.358777],[12.466183,51.358884],[12.466636,51.359059],[12.466937,51.359185],[12.467262,51.359344],[12.467929,51.359785],[12.468123,51.359683],[12.468213,51.359636],[12.468262,51.359611],[12.468346,51.359542],[12.468392,51.359467],[12.468412,51.359401],[12.468413,51.359295],[12.468412,51.359175],[12.468411,51.359079],[12.468412,51.358498],[12.468365,51.358183],[12.468304,51.35777],[12.468274,51.356405],[12.468274,51.356401],[12.468273,51.356383],[12.468688,51.356252],[12.468713,51.356246],[12.469162,51.356142],[12.469227,51.356126],[12.469655,51.356118],[12.470084,51.356115],[12.470833,51.356097],[12.471174,51.356089],[12.471281,51.356086],[12.471408,51.356085],[12.4715,51.356085],[12.471464,51.356034],[12.471464,51.355944],[12.471487,51.355825],[12.471536,51.355727],[12.471607,51.355648],[12.471679,51.355591],[12.471723,51.355541],[12.471746,51.355502],[12.471721,51.355479],[12.47151,51.355343],[12.471541,51.355305],[12.471583,51.355249],[12.471592,51.355223],[12.471691,51.35492],[12.471741,51.354675],[12.471747,51.354473],[12.471762,51.354325],[12.471894,51.354057],[12.471927,51.353977],[12.471945,51.35385],[12.471993,51.353729],[12.472021,51.353553],[12.472125,51.353138],[12.472192,51.352974],[12.47229,51.352843],[12.472401,51.352651],[12.4725,51.352392],[12.472566,51.352158],[12.472617,51.351977],[12.472621,51.351941],[12.47267,51.351557],[12.472693,51.351374],[12.47364,51.351477],[12.47405,51.351516],[12.474368,51.351546],[12.474664,51.351575],[12.474955,51.351603],[12.475007,51.351608],[12.475279,51.351637],[12.475779,51.351692],[12.475897,51.351705],[12.476542,51.351775],[12.47704,51.351829],[12.479403,51.352082],[12.479991,51.352133],[12.480852,51.352233],[12.481277,51.352299],[12.481943,51.352422],[12.482857,51.352606],[12.483584,51.352784],[12.484502,51.353041],[12.485477,51.353337],[12.487338,51.353969],[12.488145,51.35422],[12.48885,51.354429],[12.489646,51.354647],[12.489826,51.354696],[12.490282,51.354805],[12.490928,51.354948],[12.491098,51.354986],[12.491859,51.355154],[12.492079,51.355203],[12.492513,51.35528],[12.492729,51.355318],[12.493423,51.35544],[12.493696,51.355482],[12.493814,51.3555],[12.492208,51.35638],[12.491058,51.357011],[12.490918,51.357083],[12.490684,51.357204],[12.490489,51.357147],[12.490361,51.357218],[12.490216,51.357237],[12.490205,51.357379],[12.490161,51.357443],[12.490138,51.357479],[12.489982,51.357588],[12.485763,51.359889],[12.483721,51.361007],[12.482854,51.361483],[12.482009,51.361945],[12.481147,51.362417],[12.480251,51.362905],[12.479281,51.363431],[12.478415,51.363902],[12.47756,51.364366],[12.476852,51.364758],[12.47611,51.36517],[12.475779,51.365354],[12.475426,51.36555],[12.474743,51.365929],[12.474067,51.366304],[12.473928,51.366381],[12.47342,51.366663],[12.472761,51.367028],[12.472109,51.36739],[12.471458,51.367752],[12.471244,51.367858],[12.470737,51.36808],[12.470172,51.368315],[12.470024,51.368361],[12.469823,51.368377],[12.469717,51.368338],[12.46969,51.368331],[12.469679,51.368328],[12.469643,51.368327],[12.469548,51.368324],[12.469045,51.368163],[12.46884,51.368127],[12.468685,51.368123],[12.468499,51.368138]]]}},{"type":"Feature","id":"leipzig-26","properties":{"city":"Leipzig","state":"Sachsen","code":"26","name":"Mölkau","name_atlas":"Mölkau","population_est":5918,"crime_total":{"cases":227,"rate":3836.0},"homicide":{"cases":0,"rate":0.0},"sexual":{"cases":5,"rate":84.5},"violence_proxy":{"cases":47,"rate":794.2},"property_total":{"cases":69,"rate":1165.9},"simple_theft":{"cases":25,"rate":422.4},"aggravated_theft":{"cases":44,"rate":743.5},"fraud":{"cases":46,"rate":777.3},"other_stgb":{"cases":52,"rate":878.7},"secondary_law":{"cases":8,"rate":135.2}},"geometry":{"type":"Polygon","coordinates":[[[12.446571,51.339858],[12.446306,51.33986],[12.446303,51.33986],[12.445311,51.339857],[12.445277,51.339855],[12.445189,51.339851],[12.445158,51.339849],[12.445151,51.339848],[12.445071,51.339844],[12.44461,51.33982],[12.444498,51.339816],[12.444279,51.339808],[12.444241,51.339807],[12.443982,51.3398],[12.443504,51.339787],[12.443078,51.339778],[12.442758,51.339771],[12.442715,51.33977],[12.442529,51.339766],[12.442473,51.339765],[12.442342,51.339763],[12.442074,51.339759],[12.44203,51.339588],[12.442,51.339472],[12.441968,51.339357],[12.441938,51.339243],[12.441921,51.339174],[12.441899,51.339118],[12.441857,51.338998],[12.441793,51.338833],[12.441693,51.338611],[12.441414,51.338404],[12.441029,51.338083],[12.440873,51.337868],[12.440842,51.337827],[12.440614,51.337516],[12.440457,51.33729],[12.44045,51.33728],[12.440221,51.337052],[12.440004,51.336749],[12.43945,51.335956],[12.439417,51.335908],[12.438982,51.335285],[12.438956,51.33524],[12.43865,51.334811],[12.438167,51.334167],[12.438138,51.334135],[12.438119,51.334114],[12.437929,51.333829],[12.437815,51.333652],[12.437667,51.333422],[12.437658,51.333407],[12.437589,51.333416],[12.437379,51.333479],[12.437049,51.333624],[12.436934,51.333675],[12.436892,51.333693],[12.436725,51.333761],[12.436653,51.333783],[12.4366,51.333799],[12.436529,51.333816],[12.436519,51.333819],[12.436499,51.333824],[12.43646,51.333816],[12.436414,51.333807],[12.436389,51.33381],[12.436376,51.333817],[12.436312,51.333849],[12.43623,51.333865],[12.436173,51.333887],[12.436145,51.333903],[12.436133,51.333909],[12.436075,51.333912],[12.435844,51.333911],[12.435827,51.333911],[12.435551,51.33391],[12.435527,51.33391],[12.435356,51.333907],[12.435166,51.333902],[12.434786,51.333893],[12.433661,51.33387],[12.432925,51.333855],[12.432497,51.333873],[12.431726,51.333926],[12.431589,51.333935],[12.431579,51.33386],[12.431534,51.333511],[12.43149,51.333191],[12.43142,51.33268],[12.43142,51.332679],[12.431293,51.331722],[12.431285,51.331663],[12.43125,51.331399],[12.431175,51.330842],[12.431173,51.330824],[12.431172,51.330817],[12.431172,51.330815],[12.431169,51.330797],[12.431168,51.330796],[12.431168,51.330796],[12.430909,51.330764],[12.430754,51.330776],[12.430121,51.330903],[12.429896,51.330945],[12.429812,51.330961],[12.429325,51.331042],[12.429273,51.331051],[12.429259,51.331018],[12.429157,51.330782],[12.429085,51.330607],[12.428984,51.330352],[12.428824,51.33003],[12.428639,51.329708],[12.428552,51.329495],[12.428518,51.329397],[12.428354,51.328933],[12.42827,51.328697],[12.428249,51.328639],[12.428246,51.32863],[12.428212,51.328533],[12.428154,51.328255],[12.428114,51.327882],[12.42811,51.327833],[12.428105,51.327779],[12.428079,51.327485],[12.428114,51.327485],[12.428121,51.327485],[12.428844,51.327471],[12.429291,51.327452],[12.43022,51.32741],[12.430221,51.32741],[12.430221,51.32741],[12.430298,51.327407],[12.430947,51.327376],[12.431133,51.327367],[12.431227,51.327363],[12.431227,51.327363],[12.431475,51.32735],[12.431688,51.327342],[12.432781,51.327301],[12.432692,51.326638],[12.43268,51.326546],[12.432675,51.326467],[12.432659,51.326211],[12.432642,51.325946],[12.432643,51.325894],[12.432646,51.325668],[12.432661,51.325468],[12.432709,51.325008],[12.432789,51.324286],[12.432855,51.323832],[12.432958,51.32386],[12.43308,51.323892],[12.433089,51.32385],[12.433106,51.323792],[12.433113,51.323775],[12.433188,51.323582],[12.433442,51.323596],[12.433837,51.323581],[12.43434,51.323566],[12.434395,51.323564],[12.43445,51.323787],[12.434452,51.323795],[12.434566,51.324204],[12.434575,51.324246],[12.43458,51.324247],[12.43487,51.324278],[12.435161,51.32431],[12.43546,51.324342],[12.435746,51.324373],[12.436058,51.324408],[12.436065,51.324409],[12.436768,51.324482],[12.436895,51.324025],[12.43698,51.323726],[12.437024,51.323569],[12.437054,51.32345],[12.437124,51.323176],[12.437128,51.323147],[12.437133,51.323114],[12.437139,51.323087],[12.437189,51.322853],[12.437288,51.322386],[12.437307,51.322297],[12.437308,51.322293],[12.437309,51.322289],[12.437313,51.322271],[12.437347,51.322135],[12.437376,51.322019],[12.437391,51.321957],[12.437413,51.321881],[12.4375,51.321587],[12.437505,51.321569],[12.437605,51.321313],[12.437743,51.321015],[12.437768,51.320965],[12.437968,51.320554],[12.438014,51.320461],[12.438066,51.320354],[12.438118,51.32025],[12.438164,51.320157],[12.438211,51.320063],[12.438257,51.31997],[12.43831,51.319864],[12.438364,51.319755],[12.438415,51.319655],[12.438474,51.319535],[12.438535,51.319413],[12.438588,51.319308],[12.438594,51.319297],[12.438658,51.319183],[12.438727,51.319062],[12.438794,51.318943],[12.438859,51.318829],[12.438926,51.318709],[12.43899,51.318596],[12.439077,51.318443],[12.439119,51.318368],[12.439129,51.318351],[12.439202,51.318232],[12.439401,51.31791],[12.439451,51.317897],[12.441019,51.317922],[12.44103,51.317997],[12.441033,51.318262],[12.441023,51.318388],[12.441062,51.318416],[12.441064,51.318418],[12.441075,51.318419],[12.441172,51.318448],[12.441266,51.318488],[12.441311,51.318501],[12.44139,51.318532],[12.441558,51.318627],[12.441731,51.318768],[12.441821,51.318841],[12.441889,51.318882],[12.442003,51.318972],[12.442166,51.319064],[12.442344,51.319175],[12.442555,51.319299],[12.442597,51.319318],[12.44277,51.319386],[12.442888,51.319433],[12.442933,51.319447],[12.443097,51.319503],[12.443162,51.319521],[12.443283,51.319546],[12.443327,51.319558],[12.443472,51.319598],[12.443722,51.319688],[12.444018,51.319811],[12.444457,51.319956],[12.444555,51.31999],[12.444557,51.319979],[12.444643,51.319739],[12.44469,51.319518],[12.444728,51.319338],[12.444753,51.31913],[12.444772,51.318967],[12.444799,51.318737],[12.444943,51.318748],[12.445459,51.318789],[12.445551,51.318659],[12.445665,51.318498],[12.445879,51.318196],[12.445908,51.317976],[12.446945,51.317911],[12.447649,51.317903],[12.448241,51.317896],[12.448301,51.317402],[12.448809,51.317394],[12.448838,51.317901],[12.448795,51.318442],[12.449253,51.318435],[12.449376,51.31844],[12.449423,51.318189],[12.449445,51.317964],[12.44979,51.317978],[12.44992,51.317983],[12.450202,51.318011],[12.450281,51.317337],[12.450297,51.317213],[12.450296,51.317165],[12.450295,51.316758],[12.450594,51.316783],[12.450914,51.316811],[12.451076,51.316832],[12.451338,51.316865],[12.451419,51.316875],[12.451735,51.316914],[12.451817,51.316925],[12.451892,51.316927],[12.451938,51.316929],[12.451983,51.316947],[12.452354,51.317103],[12.452493,51.317166],[12.452683,51.317241],[12.453056,51.317398],[12.453206,51.317439],[12.453947,51.317569],[12.454466,51.317567],[12.454919,51.317562],[12.455689,51.317554],[12.455721,51.317905],[12.456667,51.317936],[12.456654,51.318334],[12.456952,51.318324],[12.457029,51.318322],[12.457342,51.318311],[12.457408,51.319102],[12.458053,51.319137],[12.458185,51.319146],[12.458567,51.319173],[12.459226,51.31921],[12.459884,51.31925],[12.460214,51.319267],[12.460233,51.319267],[12.460313,51.319271],[12.460465,51.319279],[12.460729,51.319293],[12.460918,51.319303],[12.461288,51.319323],[12.46135,51.319327],[12.461402,51.319329],[12.461947,51.319359],[12.461935,51.319501],[12.461928,51.319578],[12.461924,51.319621],[12.461907,51.319811],[12.461733,51.319805],[12.461818,51.319933],[12.461826,51.319945],[12.461887,51.320035],[12.461977,51.320168],[12.461989,51.320187],[12.462028,51.320242],[12.462657,51.321152],[12.46281,51.321372],[12.463043,51.321712],[12.463172,51.321912],[12.463784,51.321835],[12.464338,51.321766],[12.464491,51.322207],[12.464679,51.322744],[12.46469,51.322777],[12.464735,51.322775],[12.464837,51.322768],[12.465352,51.322739],[12.465833,51.322712],[12.466011,51.322701],[12.466037,51.3227],[12.466108,51.322694],[12.466112,51.322694],[12.466198,51.322687],[12.466521,51.322662],[12.466621,51.322653],[12.466663,51.322648],[12.467451,51.322563],[12.46752,51.322555],[12.467528,51.322555],[12.467546,51.322553],[12.467594,51.322548],[12.467812,51.322533],[12.467874,51.322529],[12.468096,51.322506],[12.46821,51.322494],[12.468389,51.322477],[12.468418,51.322474],[12.46914,51.322415],[12.46914,51.322415],[12.469606,51.322377],[12.470349,51.322322],[12.470393,51.322319],[12.470411,51.322317],[12.470676,51.322304],[12.470901,51.322304],[12.470955,51.322317],[12.47098,51.322332],[12.471,51.322345],[12.47107,51.32253],[12.471126,51.32268],[12.471182,51.32283],[12.471251,51.323017],[12.471312,51.323184],[12.471363,51.323344],[12.471417,51.32353],[12.471454,51.323673],[12.471495,51.323833],[12.471499,51.323849],[12.471505,51.323865],[12.471514,51.32389],[12.471526,51.32392],[12.471527,51.323925],[12.471531,51.323939],[12.47159,51.324167],[12.471632,51.324306],[12.471645,51.324352],[12.47171,51.32457],[12.471755,51.324726],[12.471776,51.324796],[12.471845,51.325031],[12.471917,51.325277],[12.471993,51.325536],[12.472074,51.325812],[12.472077,51.325825],[12.47215,51.326088],[12.472237,51.326401],[12.472254,51.326462],[12.472294,51.326641],[12.472316,51.326736],[12.472341,51.326846],[12.472394,51.327123],[12.472432,51.327159],[12.472435,51.32717],[12.472436,51.327174],[12.472437,51.327178],[12.472448,51.32721],[12.472658,51.327849],[12.472676,51.327901],[12.472747,51.328119],[12.472752,51.328134],[12.472688,51.328141],[12.472638,51.328156],[12.472509,51.328171],[12.472426,51.32817],[12.47209,51.328171],[12.471622,51.328206],[12.471513,51.328246],[12.471442,51.328292],[12.471384,51.328348],[12.471348,51.32842],[12.47134,51.328486],[12.471338,51.328504],[12.47133,51.328681],[12.471294,51.328771],[12.47128,51.328816],[12.471254,51.3289],[12.471231,51.328967],[12.471166,51.329],[12.471001,51.329083],[12.470799,51.329157],[12.47046,51.329246],[12.470094,51.329336],[12.470005,51.329358],[12.469804,51.32943],[12.469343,51.329607],[12.469124,51.32969],[12.469088,51.329699],[12.468373,51.329946],[12.468231,51.329993],[12.468144,51.330022],[12.467679,51.330149],[12.467352,51.330228],[12.467164,51.330267],[12.467035,51.330283],[12.466852,51.330295],[12.466867,51.330624],[12.466924,51.33141],[12.467022,51.332291],[12.467143,51.333389],[12.467142,51.33345],[12.46622,51.333605],[12.46545,51.333731],[12.464882,51.333802],[12.464834,51.333807],[12.464684,51.333821],[12.464259,51.333842],[12.464276,51.333872],[12.464299,51.333916],[12.464339,51.334007],[12.46436,51.334072],[12.464378,51.334137],[12.464392,51.334203],[12.4644,51.334267],[12.464405,51.334334],[12.464407,51.334401],[12.464402,51.334467],[12.464394,51.334534],[12.464357,51.334766],[12.464352,51.334801],[12.464342,51.33484],[12.46434,51.334849],[12.464319,51.33493],[12.464298,51.334996],[12.46427,51.33506],[12.464238,51.335122],[12.464203,51.335186],[12.464158,51.335257],[12.464107,51.335324],[12.464051,51.335389],[12.463988,51.335456],[12.463923,51.335519],[12.46387,51.335563],[12.463865,51.335568],[12.463865,51.335574],[12.463879,51.335774],[12.463879,51.335778],[12.463951,51.336765],[12.463951,51.336768],[12.46398,51.33717],[12.463505,51.337459],[12.462356,51.338158],[12.462356,51.338158],[12.461779,51.338488],[12.461584,51.338594],[12.4612,51.338802],[12.46096,51.338932],[12.460457,51.3389],[12.460461,51.338912],[12.460411,51.339192],[12.460415,51.339402],[12.460421,51.339415],[12.46052,51.339477],[12.460418,51.339511],[12.460305,51.339522],[12.460127,51.339541],[12.460111,51.339542],[12.459736,51.339576],[12.45974,51.339572],[12.457613,51.339783],[12.45731,51.339808],[12.457123,51.339827],[12.456838,51.339848],[12.45658,51.339867],[12.456484,51.339874],[12.455659,51.339925],[12.455097,51.339958],[12.454891,51.33996],[12.452775,51.339864],[12.452029,51.339836],[12.451407,51.339838],[12.450473,51.339855],[12.450015,51.339851],[12.449428,51.339853],[12.448737,51.339848],[12.448648,51.339849],[12.448259,51.33985],[12.447401,51.339851],[12.447245,51.339853],[12.446834,51.339856],[12.446571,51.339858]]]}},{"type":"Feature","id":"leipzig-27","properties":{"city":"Leipzig","state":"Sachsen","code":"27","name":"Engelsdorf","name_atlas":"Engelsdorf","population_est":9318,"crime_total":{"cases":508,"rate":5452.0},"homicide":{"cases":0,"rate":0.0},"sexual":{"cases":13,"rate":139.5},"violence_proxy":{"cases":52,"rate":558.1},"property_total":{"cases":204,"rate":2189.3},"simple_theft":{"cases":117,"rate":1255.6},"aggravated_theft":{"cases":87,"rate":933.7},"fraud":{"cases":86,"rate":922.9},"other_stgb":{"cases":141,"rate":1513.2},"secondary_law":{"cases":12,"rate":128.8}},"geometry":{"type":"Polygon","coordinates":[[[12.485109,51.360946],[12.484807,51.36096],[12.484562,51.360971],[12.483823,51.361004],[12.483721,51.361007],[12.485763,51.359889],[12.489982,51.357588],[12.490138,51.357479],[12.490161,51.357443],[12.490205,51.357379],[12.490216,51.357237],[12.490361,51.357218],[12.490489,51.357147],[12.490684,51.357204],[12.490918,51.357083],[12.491058,51.357011],[12.492208,51.35638],[12.493814,51.3555],[12.493696,51.355482],[12.493423,51.35544],[12.492729,51.355318],[12.492513,51.35528],[12.492079,51.355203],[12.491859,51.355154],[12.491098,51.354986],[12.490928,51.354948],[12.490282,51.354805],[12.489826,51.354696],[12.489646,51.354647],[12.48885,51.354429],[12.488145,51.35422],[12.487338,51.353969],[12.485477,51.353337],[12.484502,51.353041],[12.483584,51.352784],[12.482857,51.352606],[12.481943,51.352422],[12.481277,51.352299],[12.480852,51.352233],[12.479991,51.352133],[12.479403,51.352082],[12.479388,51.351378],[12.479384,51.351325],[12.479358,51.351009],[12.479349,51.350702],[12.479348,51.350606],[12.479573,51.350608],[12.479648,51.350608],[12.47993,51.35061],[12.480224,51.350614],[12.480301,51.350615],[12.480311,51.350573],[12.480327,51.350503],[12.480333,51.350479],[12.480312,51.350479],[12.480343,51.350358],[12.480379,51.35022],[12.480383,51.350205],[12.480409,51.350105],[12.480427,51.350038],[12.480432,51.350017],[12.480455,51.349929],[12.480469,51.349877],[12.480486,51.349813],[12.480516,51.349698],[12.480518,51.34969],[12.480539,51.34961],[12.480562,51.349522],[12.480567,51.349502],[12.480585,51.349434],[12.48061,51.349341],[12.480613,51.349326],[12.480616,51.349315],[12.480623,51.349288],[12.480659,51.349154],[12.480711,51.348954],[12.480712,51.348951],[12.480742,51.348837],[12.48076,51.348766],[12.480774,51.348712],[12.480795,51.348633],[12.480807,51.348588],[12.480829,51.348508],[12.480855,51.348405],[12.480883,51.348296],[12.480912,51.348188],[12.48093,51.348118],[12.48094,51.34808],[12.480972,51.347959],[12.480977,51.347941],[12.481011,51.347806],[12.481047,51.347674],[12.481055,51.347643],[12.481063,51.347612],[12.481133,51.347346],[12.481135,51.347336],[12.481171,51.347195],[12.481196,51.347106],[12.481213,51.347039],[12.481224,51.346998],[12.481252,51.34689],[12.481262,51.346853],[12.481269,51.346826],[12.481303,51.346697],[12.481373,51.346431],[12.48138,51.346404],[12.481397,51.346339],[12.481407,51.346298],[12.481425,51.34623],[12.48144,51.346175],[12.481472,51.346052],[12.48115,51.346029],[12.480738,51.346001],[12.479892,51.345935],[12.479768,51.345923],[12.479765,51.345923],[12.479641,51.345916],[12.479623,51.345926],[12.479551,51.345964],[12.47945,51.345956],[12.479418,51.345953],[12.479196,51.345936],[12.479044,51.345924],[12.478806,51.345905],[12.478229,51.345859],[12.47803,51.345843],[12.476893,51.345752],[12.47675,51.345743],[12.476664,51.34574],[12.476578,51.345738],[12.476538,51.345738],[12.476434,51.345739],[12.475251,51.345765],[12.474819,51.345775],[12.47364,51.345801],[12.473514,51.345804],[12.473459,51.345805],[12.473444,51.345805],[12.473285,51.345809],[12.471507,51.345848],[12.471538,51.345832],[12.470467,51.345854],[12.470461,51.345854],[12.470452,51.345854],[12.470442,51.345854],[12.470436,51.345854],[12.470417,51.345855],[12.470199,51.345859],[12.470189,51.345859],[12.469615,51.345873],[12.468841,51.34589],[12.468752,51.345892],[12.467822,51.345911],[12.46748,51.345918],[12.467085,51.345927],[12.466364,51.345942],[12.465726,51.345956],[12.465205,51.345965],[12.46384,51.345992],[12.463236,51.345979],[12.463219,51.345978],[12.463198,51.345978],[12.463151,51.345977],[12.463135,51.345965],[12.463112,51.34594],[12.462845,51.34587],[12.462792,51.345856],[12.462731,51.34584],[12.462443,51.345764],[12.462455,51.345726],[12.462479,51.345642],[12.462393,51.345585],[12.462298,51.345521],[12.462024,51.345349],[12.461761,51.345159],[12.461189,51.344738],[12.460911,51.344539],[12.460672,51.344368],[12.460538,51.344271],[12.46024,51.344109],[12.457826,51.342797],[12.458475,51.341707],[12.45963,51.339757],[12.459649,51.339725],[12.459688,51.339659],[12.459715,51.339613],[12.459715,51.339613],[12.459736,51.339576],[12.460111,51.339542],[12.460127,51.339541],[12.460305,51.339522],[12.460418,51.339511],[12.46052,51.339477],[12.460421,51.339415],[12.460415,51.339402],[12.460411,51.339192],[12.460461,51.338912],[12.460457,51.3389],[12.46096,51.338932],[12.4612,51.338802],[12.461584,51.338594],[12.461779,51.338488],[12.462356,51.338158],[12.462356,51.338158],[12.463505,51.337459],[12.46398,51.33717],[12.463951,51.336768],[12.463951,51.336765],[12.463879,51.335778],[12.463879,51.335774],[12.463865,51.335574],[12.463865,51.335568],[12.46387,51.335563],[12.463923,51.335519],[12.463988,51.335456],[12.464051,51.335389],[12.464107,51.335324],[12.464158,51.335257],[12.464203,51.335186],[12.464238,51.335122],[12.46427,51.33506],[12.464298,51.334996],[12.464319,51.33493],[12.46434,51.334849],[12.464342,51.33484],[12.464352,51.334801],[12.464357,51.334766],[12.464394,51.334534],[12.464402,51.334467],[12.464407,51.334401],[12.464405,51.334334],[12.4644,51.334267],[12.464392,51.334203],[12.464378,51.334137],[12.46436,51.334072],[12.464339,51.334007],[12.464299,51.333916],[12.464276,51.333872],[12.464259,51.333842],[12.464684,51.333821],[12.464834,51.333807],[12.464882,51.333802],[12.46545,51.333731],[12.46622,51.333605],[12.467142,51.33345],[12.467143,51.333389],[12.467022,51.332291],[12.466924,51.33141],[12.466867,51.330624],[12.466852,51.330295],[12.467035,51.330283],[12.467164,51.330267],[12.467352,51.330228],[12.467679,51.330149],[12.468144,51.330022],[12.468231,51.329993],[12.468373,51.329946],[12.469088,51.329699],[12.469124,51.32969],[12.469343,51.329607],[12.469804,51.32943],[12.470005,51.329358],[12.470094,51.329336],[12.47046,51.329246],[12.470799,51.329157],[12.471001,51.329083],[12.471166,51.329],[12.471231,51.328967],[12.471254,51.3289],[12.47128,51.328816],[12.471294,51.328771],[12.47133,51.328681],[12.471338,51.328504],[12.47134,51.328486],[12.471348,51.32842],[12.471384,51.328348],[12.471442,51.328292],[12.471513,51.328246],[12.471622,51.328206],[12.47209,51.328171],[12.472426,51.32817],[12.472509,51.328171],[12.472638,51.328156],[12.472688,51.328141],[12.472752,51.328134],[12.472773,51.328191],[12.472844,51.328421],[12.472895,51.328586],[12.473094,51.329187],[12.47328,51.329265],[12.473444,51.329318],[12.47356,51.329336],[12.473682,51.329356],[12.474161,51.329409],[12.474303,51.329416],[12.474396,51.329421],[12.474765,51.329435],[12.475537,51.329463],[12.475841,51.329467],[12.476024,51.329469],[12.476106,51.329467],[12.476308,51.329462],[12.476643,51.329453],[12.476892,51.32944],[12.476921,51.329438],[12.4772,51.329419],[12.477551,51.329396],[12.477932,51.329378],[12.478062,51.329378],[12.478729,51.329377],[12.478783,51.329377],[12.478794,51.329377],[12.478807,51.329377],[12.479757,51.329422],[12.480274,51.329418],[12.480446,51.329414],[12.480908,51.329412],[12.481045,51.329414],[12.481213,51.329411],[12.481262,51.329417],[12.481311,51.329422],[12.481357,51.329422],[12.481678,51.329424],[12.482034,51.329436],[12.482575,51.329456],[12.482668,51.329459],[12.48289,51.329466],[12.482949,51.329469],[12.483013,51.32947],[12.48336,51.329477],[12.48336,51.329477],[12.48394,51.329487],[12.484077,51.329497],[12.484983,51.329508],[12.48543,51.329525],[12.486036,51.32954],[12.486657,51.329564],[12.487099,51.329587],[12.487311,51.329592],[12.487664,51.329599],[12.487716,51.329597],[12.488212,51.329583],[12.488228,51.329582],[12.488248,51.32958],[12.488259,51.329578],[12.488291,51.329574],[12.488312,51.329573],[12.48834,51.329571],[12.489193,51.32951],[12.489571,51.329483],[12.490431,51.329432],[12.491187,51.329398],[12.491493,51.329387],[12.491917,51.329377],[12.492423,51.32937],[12.49258,51.329371],[12.493778,51.329356],[12.49505,51.329341],[12.495336,51.329328],[12.496031,51.329323],[12.496274,51.329322],[12.496559,51.329312],[12.496706,51.329308],[12.497506,51.329282],[12.497754,51.329274],[12.498685,51.329244],[12.498741,51.329242],[12.49965,51.329213],[12.499969,51.329203],[12.500429,51.329188],[12.500748,51.329177],[12.501027,51.329165],[12.501491,51.329144],[12.501568,51.32914],[12.501977,51.329121],[12.503486,51.329048],[12.503881,51.329017],[12.504377,51.328979],[12.504643,51.328954],[12.505251,51.328886],[12.50559,51.328831],[12.506092,51.328723],[12.506845,51.328548],[12.507295,51.328441],[12.507445,51.328408],[12.507519,51.328391],[12.507528,51.328389],[12.507554,51.328383],[12.507684,51.328352],[12.507785,51.328333],[12.508204,51.328253],[12.508738,51.328145],[12.509267,51.327972],[12.509718,51.32788],[12.509843,51.327862],[12.510044,51.327842],[12.510222,51.327806],[12.510984,51.327647],[12.511127,51.327618],[12.511367,51.327567],[12.511483,51.327543],[12.511878,51.327489],[12.511961,51.327474],[12.512105,51.327452],[12.512401,51.327538],[12.512873,51.327683],[12.513167,51.327787],[12.513323,51.327834],[12.513399,51.327857],[12.513629,51.327927],[12.513397,51.328511],[12.513262,51.328849],[12.513237,51.328912],[12.510983,51.33451],[12.509959,51.337053],[12.507425,51.343306],[12.507393,51.343386],[12.507383,51.343409],[12.507374,51.343431],[12.507325,51.343553],[12.507293,51.343632],[12.507293,51.343632],[12.50728,51.343661],[12.507278,51.343666],[12.507278,51.343666],[12.50727,51.343687],[12.506263,51.346141],[12.505967,51.346719],[12.505556,51.347394],[12.50504,51.348125],[12.504569,51.348695],[12.503574,51.349729],[12.503503,51.349802],[12.503503,51.349803],[12.503501,51.349805],[12.50395,51.349916],[12.504736,51.350111],[12.506385,51.350519],[12.506488,51.350545],[12.506488,51.350545],[12.506489,51.350545],[12.506436,51.350607],[12.506395,51.350657],[12.506307,51.350783],[12.506269,51.350837],[12.50611,51.351049],[12.506098,51.351067],[12.50561,51.351786],[12.505337,51.352169],[12.504948,51.352693],[12.504922,51.35273],[12.504869,51.352756],[12.504859,51.35277],[12.504857,51.352772],[12.504857,51.352772],[12.50482,51.35282],[12.504794,51.352854],[12.504353,51.353429],[12.504231,51.353588],[12.503564,51.354417],[12.503432,51.354579],[12.503139,51.354939],[12.502957,51.355162],[12.502835,51.355321],[12.502461,51.355806],[12.50242,51.35586],[12.502396,51.355892],[12.502322,51.355991],[12.50227,51.356059],[12.502246,51.356091],[12.501912,51.356534],[12.50155,51.35705],[12.501361,51.357319],[12.501206,51.357533],[12.50064,51.35825],[12.50043,51.358548],[12.500198,51.358835],[12.500007,51.359072],[12.499842,51.359263],[12.499741,51.359379],[12.499726,51.359396],[12.499475,51.359693],[12.499326,51.359899],[12.499073,51.360264],[12.499029,51.360326],[12.498899,51.360533],[12.498686,51.360512],[12.49801,51.360447],[12.497722,51.360429],[12.497312,51.360422],[12.497124,51.36042],[12.496954,51.360411],[12.496416,51.360403],[12.496377,51.360405],[12.496111,51.360421],[12.495544,51.360482],[12.495158,51.360513],[12.494675,51.360544],[12.494251,51.360581],[12.494035,51.360594],[12.49369,51.360601],[12.493679,51.360601],[12.492942,51.360606],[12.492512,51.360603],[12.491899,51.360626],[12.491858,51.360628],[12.491845,51.360628],[12.491813,51.36063],[12.491765,51.360632],[12.491742,51.360633],[12.491717,51.360634],[12.491693,51.360636],[12.491678,51.360637],[12.491628,51.36064],[12.491333,51.360659],[12.490078,51.360735],[12.489159,51.360785],[12.4891,51.360788],[12.488493,51.360825],[12.488266,51.360838],[12.488022,51.360847],[12.487302,51.360874],[12.486824,51.36087],[12.486818,51.360882],[12.486275,51.360911],[12.485735,51.36093],[12.485258,51.360941],[12.485251,51.36094],[12.485109,51.360946]]]}},{"type":"Feature","id":"leipzig-28","properties":{"city":"Leipzig","state":"Sachsen","code":"28","name":"Baalsdorf","name_atlas":"Baalsdorf","population_est":1832,"crime_total":{"cases":37,"rate":2020.0},"homicide":{"cases":0,"rate":0.0},"sexual":{"cases":1,"rate":54.6},"violence_proxy":{"cases":6,"rate":327.5},"property_total":{"cases":11,"rate":600.4},"simple_theft":{"cases":5,"rate":272.9},"aggravated_theft":{"cases":6,"rate":327.5},"fraud":{"cases":14,"rate":764.2},"other_stgb":{"cases":4,"rate":218.3},"secondary_law":{"cases":1,"rate":54.6}},"geometry":{"type":"Polygon","coordinates":[[[12.478794,51.329377],[12.478783,51.329377],[12.478729,51.329377],[12.478062,51.329378],[12.477932,51.329378],[12.477551,51.329396],[12.4772,51.329419],[12.476921,51.329438],[12.476892,51.32944],[12.476643,51.329453],[12.476308,51.329462],[12.476106,51.329467],[12.476024,51.329469],[12.475841,51.329467],[12.475537,51.329463],[12.474765,51.329435],[12.474396,51.329421],[12.474303,51.329416],[12.474161,51.329409],[12.473682,51.329356],[12.47356,51.329336],[12.473444,51.329318],[12.47328,51.329265],[12.473094,51.329187],[12.472895,51.328586],[12.472844,51.328421],[12.472773,51.328191],[12.472752,51.328134],[12.472747,51.328119],[12.472676,51.327901],[12.472658,51.327849],[12.472448,51.32721],[12.472437,51.327178],[12.472436,51.327174],[12.472435,51.32717],[12.472432,51.327159],[12.472394,51.327123],[12.472341,51.326846],[12.472316,51.326736],[12.472294,51.326641],[12.472254,51.326462],[12.472237,51.326401],[12.47215,51.326088],[12.472077,51.325825],[12.472074,51.325812],[12.471993,51.325536],[12.471917,51.325277],[12.471845,51.325031],[12.471776,51.324796],[12.471755,51.324726],[12.47171,51.32457],[12.471645,51.324352],[12.471632,51.324306],[12.47159,51.324167],[12.471531,51.323939],[12.471527,51.323925],[12.471526,51.32392],[12.471514,51.32389],[12.471505,51.323865],[12.471499,51.323849],[12.471495,51.323833],[12.471454,51.323673],[12.471417,51.32353],[12.471363,51.323344],[12.471312,51.323184],[12.471251,51.323017],[12.471182,51.32283],[12.471126,51.32268],[12.47107,51.32253],[12.471,51.322345],[12.47098,51.322332],[12.470955,51.322317],[12.470901,51.322304],[12.470676,51.322304],[12.470411,51.322317],[12.470393,51.322319],[12.470349,51.322322],[12.469606,51.322377],[12.46914,51.322415],[12.46914,51.322415],[12.468418,51.322474],[12.468389,51.322477],[12.46821,51.322494],[12.468096,51.322506],[12.467874,51.322529],[12.467812,51.322533],[12.467594,51.322548],[12.467546,51.322553],[12.467528,51.322555],[12.46752,51.322555],[12.467451,51.322563],[12.466663,51.322648],[12.466621,51.322653],[12.466521,51.322662],[12.466198,51.322687],[12.466112,51.322694],[12.466108,51.322694],[12.466037,51.3227],[12.466011,51.322701],[12.465833,51.322712],[12.465352,51.322739],[12.464837,51.322768],[12.464735,51.322775],[12.46469,51.322777],[12.464679,51.322744],[12.464491,51.322207],[12.464338,51.321766],[12.463784,51.321835],[12.463172,51.321912],[12.463043,51.321712],[12.46281,51.321372],[12.462657,51.321152],[12.462028,51.320242],[12.461989,51.320187],[12.461977,51.320168],[12.461887,51.320035],[12.461826,51.319945],[12.461818,51.319933],[12.461733,51.319805],[12.461907,51.319811],[12.461924,51.319621],[12.461928,51.319578],[12.461935,51.319501],[12.461947,51.319359],[12.462368,51.319299],[12.462865,51.319235],[12.463394,51.319136],[12.46385,51.31904],[12.463898,51.319032],[12.463943,51.319021],[12.464,51.319007],[12.464398,51.318918],[12.464429,51.31891],[12.465193,51.3187],[12.465384,51.318639],[12.465452,51.318617],[12.466033,51.31844],[12.466494,51.318301],[12.466643,51.318257],[12.466834,51.318195],[12.467271,51.318054],[12.467877,51.317898],[12.468038,51.317857],[12.469171,51.317611],[12.469234,51.317596],[12.469252,51.317592],[12.469304,51.31758],[12.469372,51.317564],[12.469534,51.317527],[12.469563,51.31752],[12.470101,51.317399],[12.470253,51.317364],[12.470471,51.317319],[12.470851,51.317241],[12.470921,51.317225],[12.471139,51.317174],[12.471174,51.317165],[12.471423,51.317107],[12.472058,51.316958],[12.472126,51.316942],[12.472892,51.316788],[12.473052,51.316763],[12.473124,51.316751],[12.473129,51.316751],[12.473166,51.316745],[12.473892,51.316656],[12.473945,51.316642],[12.473973,51.316635],[12.47398,51.316635],[12.473989,51.316635],[12.474582,51.316605],[12.474728,51.316602],[12.475377,51.316589],[12.476103,51.316588],[12.476103,51.316588],[12.47791,51.31662],[12.478957,51.31665],[12.478961,51.31665],[12.479482,51.316663],[12.480032,51.316682],[12.480092,51.316684],[12.481083,51.316715],[12.481655,51.316734],[12.483315,51.31679],[12.483955,51.316802],[12.484449,51.316816],[12.484847,51.316818],[12.485187,51.316821],[12.485728,51.316825],[12.4858,51.31683],[12.487334,51.316838],[12.488036,51.316833],[12.488192,51.316833],[12.490423,51.316858],[12.49106,51.316874],[12.493596,51.316945],[12.494196,51.316959],[12.495023,51.316984],[12.496568,51.317024],[12.49805,51.317058],[12.498138,51.317135],[12.498252,51.317239],[12.498342,51.317323],[12.498537,51.317432],[12.498705,51.317594],[12.498777,51.317702],[12.498847,51.317807],[12.498908,51.317877],[12.499489,51.31763],[12.49976,51.317542],[12.501235,51.317043],[12.50151,51.316952],[12.501847,51.316868],[12.502263,51.316767],[12.50273,51.316774],[12.502767,51.316801],[12.50284,51.316853],[12.503682,51.316929],[12.503822,51.316945],[12.504045,51.316941],[12.50483,51.316888],[12.50502,51.316802],[12.505254,51.316697],[12.505263,51.316705],[12.505282,51.316722],[12.505386,51.316818],[12.505427,51.316856],[12.505443,51.316871],[12.505535,51.316934],[12.505714,51.317057],[12.50582,51.317161],[12.505901,51.317229],[12.506992,51.318143],[12.507478,51.318505],[12.508155,51.319144],[12.508341,51.319445],[12.508503,51.319665],[12.508635,51.319843],[12.508767,51.320021],[12.508898,51.320198],[12.50906,51.320418],[12.509126,51.320489],[12.509173,51.320481],[12.509421,51.320461],[12.509408,51.32048],[12.509291,51.320648],[12.50911,51.32093],[12.509062,51.320992],[12.508866,51.321305],[12.508685,51.32166],[12.508554,51.321804],[12.508519,51.321849],[12.508518,51.321881],[12.508542,51.321907],[12.508623,51.321914],[12.50879,51.3221],[12.509582,51.322983],[12.509758,51.323318],[12.509879,51.323549],[12.509991,51.323808],[12.510256,51.324288],[12.510369,51.324492],[12.510494,51.324719],[12.510628,51.324986],[12.510783,51.325295],[12.510965,51.32566],[12.511078,51.325888],[12.511199,51.326063],[12.51131,51.326272],[12.511496,51.326624],[12.51157,51.326784],[12.511989,51.327425],[12.512105,51.327452],[12.511961,51.327474],[12.511878,51.327489],[12.511483,51.327543],[12.511367,51.327567],[12.511127,51.327618],[12.510984,51.327647],[12.510222,51.327806],[12.510044,51.327842],[12.509843,51.327862],[12.509718,51.32788],[12.509267,51.327972],[12.508738,51.328145],[12.508204,51.328253],[12.507785,51.328333],[12.507684,51.328352],[12.507554,51.328383],[12.507528,51.328389],[12.507519,51.328391],[12.507445,51.328408],[12.507295,51.328441],[12.506845,51.328548],[12.506092,51.328723],[12.50559,51.328831],[12.505251,51.328886],[12.504643,51.328954],[12.504377,51.328979],[12.503881,51.329017],[12.503486,51.329048],[12.501977,51.329121],[12.501568,51.32914],[12.501491,51.329144],[12.501027,51.329165],[12.500748,51.329177],[12.500429,51.329188],[12.499969,51.329203],[12.49965,51.329213],[12.498741,51.329242],[12.498685,51.329244],[12.497754,51.329274],[12.497506,51.329282],[12.496706,51.329308],[12.496559,51.329312],[12.496274,51.329322],[12.496031,51.329323],[12.495336,51.329328],[12.49505,51.329341],[12.493778,51.329356],[12.49258,51.329371],[12.492423,51.32937],[12.491917,51.329377],[12.491493,51.329387],[12.491187,51.329398],[12.490431,51.329432],[12.489571,51.329483],[12.489193,51.32951],[12.48834,51.329571],[12.488312,51.329573],[12.488291,51.329574],[12.488259,51.329578],[12.488248,51.32958],[12.488228,51.329582],[12.488212,51.329583],[12.487716,51.329597],[12.487664,51.329599],[12.487311,51.329592],[12.487099,51.329587],[12.486657,51.329564],[12.486036,51.32954],[12.48543,51.329525],[12.484983,51.329508],[12.484077,51.329497],[12.48394,51.329487],[12.48336,51.329477],[12.48336,51.329477],[12.483013,51.32947],[12.482949,51.329469],[12.48289,51.329466],[12.482668,51.329459],[12.482575,51.329456],[12.482034,51.329436],[12.481678,51.329424],[12.481357,51.329422],[12.481311,51.329422],[12.481262,51.329417],[12.481213,51.329411],[12.481045,51.329414],[12.480908,51.329412],[12.480446,51.329414],[12.480274,51.329418],[12.479757,51.329422],[12.478807,51.329377],[12.478794,51.329377]]]}},{"type":"Feature","id":"leipzig-29","properties":{"city":"Leipzig","state":"Sachsen","code":"29","name":"Althen-Kleinpösna","name_atlas":"Althen-Kleinpösna","population_est":2194,"crime_total":{"cases":50,"rate":2279.0},"homicide":{"cases":1,"rate":45.6},"sexual":{"cases":1,"rate":45.6},"violence_proxy":{"cases":9,"rate":410.2},"property_total":{"cases":25,"rate":1139.5},"simple_theft":{"cases":5,"rate":227.9},"aggravated_theft":{"cases":20,"rate":911.6},"fraud":{"cases":7,"rate":319.1},"other_stgb":{"cases":7,"rate":319.1},"secondary_law":{"cases":0,"rate":0.0}},"geometry":{"type":"Polygon","coordinates":[[[12.5121,51.34708],[12.511601,51.347096],[12.511456,51.347106],[12.510557,51.347171],[12.510431,51.347185],[12.50971,51.347252],[12.509088,51.347312],[12.509059,51.347371],[12.508667,51.347914],[12.508387,51.348281],[12.508081,51.348675],[12.507972,51.348822],[12.507477,51.349394],[12.507351,51.34954],[12.507106,51.349802],[12.506929,51.350014],[12.506884,51.350069],[12.506647,51.350354],[12.506553,51.350468],[12.506489,51.350545],[12.506488,51.350545],[12.506488,51.350545],[12.506385,51.350519],[12.504736,51.350111],[12.50395,51.349916],[12.503501,51.349805],[12.503503,51.349803],[12.503503,51.349802],[12.503574,51.349729],[12.504569,51.348695],[12.50504,51.348125],[12.505556,51.347394],[12.505967,51.346719],[12.506263,51.346141],[12.50727,51.343687],[12.507278,51.343666],[12.507278,51.343666],[12.50728,51.343661],[12.507293,51.343632],[12.507293,51.343632],[12.507325,51.343553],[12.507374,51.343431],[12.507383,51.343409],[12.507393,51.343386],[12.507425,51.343306],[12.509959,51.337053],[12.510983,51.33451],[12.513237,51.328912],[12.513262,51.328849],[12.513397,51.328511],[12.513629,51.327927],[12.513399,51.327857],[12.513323,51.327834],[12.513167,51.327787],[12.512873,51.327683],[12.512401,51.327538],[12.512105,51.327452],[12.511989,51.327425],[12.51157,51.326784],[12.511496,51.326624],[12.51131,51.326272],[12.511199,51.326063],[12.511078,51.325888],[12.510965,51.32566],[12.510783,51.325295],[12.510628,51.324986],[12.510494,51.324719],[12.510369,51.324492],[12.510256,51.324288],[12.509991,51.323808],[12.509879,51.323549],[12.509758,51.323318],[12.509582,51.322983],[12.50879,51.3221],[12.508623,51.321914],[12.508542,51.321907],[12.508518,51.321881],[12.508519,51.321849],[12.508554,51.321804],[12.508685,51.32166],[12.508866,51.321305],[12.509062,51.320992],[12.50911,51.32093],[12.509291,51.320648],[12.509408,51.32048],[12.509421,51.320461],[12.509173,51.320481],[12.509126,51.320489],[12.50906,51.320418],[12.508898,51.320198],[12.508767,51.320021],[12.508635,51.319843],[12.508503,51.319665],[12.508341,51.319445],[12.508155,51.319144],[12.507478,51.318505],[12.506992,51.318143],[12.505901,51.317229],[12.50582,51.317161],[12.505714,51.317057],[12.505535,51.316934],[12.505443,51.316871],[12.505427,51.316856],[12.505386,51.316818],[12.505282,51.316722],[12.505263,51.316705],[12.505254,51.316697],[12.505197,51.316644],[12.505013,51.316484],[12.504704,51.316215],[12.504523,51.316036],[12.504441,51.315949],[12.504379,51.315857],[12.504299,51.315739],[12.503844,51.315113],[12.503839,51.315107],[12.503703,51.314934],[12.503589,51.314789],[12.503417,51.31457],[12.503328,51.314444],[12.502716,51.313627],[12.502472,51.313293],[12.502327,51.313101],[12.502215,51.31293],[12.502114,51.312807],[12.501717,51.31234],[12.501403,51.312022],[12.50085,51.311467],[12.499915,51.310467],[12.499838,51.31039],[12.49976,51.310313],[12.499565,51.310117],[12.499496,51.310058],[12.499234,51.309792],[12.499143,51.309626],[12.499119,51.309416],[12.500358,51.309264],[12.5004,51.309252],[12.500572,51.308851],[12.500479,51.308491],[12.500443,51.308405],[12.500361,51.308179],[12.500209,51.307987],[12.500196,51.307957],[12.500065,51.307656],[12.49996,51.307414],[12.499777,51.307276],[12.499728,51.307267],[12.499307,51.307184],[12.498989,51.307083],[12.498745,51.307078],[12.498835,51.306952],[12.499208,51.30643],[12.49989,51.305474],[12.500542,51.30456],[12.500568,51.304524],[12.50086,51.304477],[12.503412,51.304071],[12.504186,51.303941],[12.504364,51.303912],[12.504913,51.30382],[12.504923,51.303819],[12.504927,51.303819],[12.505347,51.303787],[12.505728,51.303758],[12.506312,51.303713],[12.506606,51.303691],[12.506825,51.303673],[12.507181,51.303644],[12.507335,51.303634],[12.507488,51.303624],[12.507545,51.30362],[12.507774,51.303606],[12.508132,51.303585],[12.509245,51.303517],[12.509801,51.303504],[12.509868,51.303503],[12.509873,51.303503],[12.509928,51.30352],[12.510149,51.303634],[12.51033,51.303706],[12.510759,51.303841],[12.510924,51.303873],[12.511136,51.303883],[12.5114,51.303874],[12.511679,51.303871],[12.511832,51.303879],[12.511965,51.303886],[12.512499,51.303924],[12.512743,51.303941],[12.512819,51.303932],[12.512899,51.303954],[12.51325,51.304052],[12.513442,51.304146],[12.513473,51.304158],[12.51364,51.304222],[12.513852,51.304261],[12.51409,51.304293],[12.514256,51.304315],[12.514377,51.304318],[12.514608,51.304322],[12.514664,51.304321],[12.514951,51.304314],[12.51507,51.304311],[12.515138,51.304317],[12.515238,51.304325],[12.51524,51.304325],[12.515527,51.30432],[12.515982,51.304312],[12.516078,51.30431],[12.516941,51.304288],[12.516983,51.304287],[12.517012,51.304287],[12.517019,51.304287],[12.517042,51.304287],[12.517042,51.304287],[12.517085,51.304287],[12.517124,51.304287],[12.517128,51.304286],[12.517147,51.304286],[12.517168,51.304285],[12.517289,51.304279],[12.517289,51.304279],[12.517289,51.304279],[12.517873,51.304254],[12.517949,51.304251],[12.518166,51.304244],[12.518431,51.304252],[12.518734,51.304251],[12.51902,51.304254],[12.519352,51.304262],[12.519631,51.304273],[12.519713,51.304276],[12.520721,51.304388],[12.521163,51.304452],[12.521318,51.304468],[12.521514,51.304486],[12.521585,51.304493],[12.522109,51.304539],[12.522683,51.304589],[12.523234,51.304634],[12.523863,51.304677],[12.523941,51.304687],[12.524382,51.304751],[12.524649,51.304788],[12.525017,51.304836],[12.525275,51.304867],[12.525855,51.304934],[12.526829,51.30505],[12.527417,51.305126],[12.527809,51.305177],[12.528275,51.305237],[12.529117,51.305341],[12.529184,51.305349],[12.529707,51.305414],[12.529998,51.305449],[12.530256,51.305483],[12.530877,51.305542],[12.531727,51.305606],[12.532012,51.305629],[12.53248,51.305657],[12.533255,51.30571],[12.533409,51.30572],[12.533431,51.305727],[12.533462,51.305736],[12.533463,51.305736],[12.533466,51.305737],[12.533488,51.305743],[12.533502,51.305748],[12.533526,51.305755],[12.533599,51.305765],[12.533912,51.305794],[12.534177,51.305805],[12.534437,51.30582],[12.534979,51.305874],[12.535349,51.305899],[12.535705,51.30593],[12.536042,51.305955],[12.536238,51.305977],[12.536581,51.30598],[12.537137,51.30603],[12.537868,51.306056],[12.538378,51.306085],[12.538587,51.306102],[12.53882,51.306099],[12.538836,51.306114],[12.538903,51.306178],[12.538905,51.306244],[12.538902,51.30631],[12.538908,51.306387],[12.53893,51.306463],[12.538951,51.306549],[12.538977,51.30664],[12.538995,51.306709],[12.539036,51.306788],[12.539122,51.30687],[12.539131,51.306877],[12.539188,51.306924],[12.539188,51.306925],[12.539221,51.306979],[12.539229,51.306985],[12.539343,51.307074],[12.539345,51.307077],[12.539395,51.307128],[12.5394,51.307132],[12.539468,51.307183],[12.539472,51.307187],[12.539569,51.307277],[12.539599,51.307327],[12.539618,51.307416],[12.539652,51.307463],[12.539699,51.307545],[12.539742,51.307614],[12.539784,51.307717],[12.539752,51.307738],[12.539719,51.307764],[12.539693,51.30779],[12.539515,51.308012],[12.539332,51.308217],[12.539319,51.308231],[12.539314,51.308236],[12.539106,51.308452],[12.53851,51.309073],[12.538123,51.30945],[12.538097,51.309473],[12.537908,51.309685],[12.53772,51.309875],[12.537473,51.310152],[12.537444,51.310181],[12.537129,51.310553],[12.536993,51.310698],[12.536671,51.311099],[12.536204,51.311679],[12.536032,51.311892],[12.535683,51.312322],[12.535654,51.312358],[12.53554,51.312486],[12.535147,51.312962],[12.535086,51.313021],[12.534851,51.313248],[12.534574,51.313516],[12.534197,51.31388],[12.533981,51.314089],[12.533917,51.31416],[12.533897,51.314183],[12.533835,51.314252],[12.533698,51.314404],[12.533623,51.314493],[12.533591,51.314531],[12.533517,51.314618],[12.533448,51.314699],[12.533277,51.3149],[12.533194,51.314998],[12.53318,51.315015],[12.532893,51.315393],[12.532817,51.315493],[12.532614,51.315748],[12.53256,51.315813],[12.532432,51.315967],[12.532283,51.316148],[12.532166,51.31629],[12.532024,51.316477],[12.531893,51.31662],[12.5318,51.316722],[12.531661,51.316938],[12.531447,51.317198],[12.531322,51.317337],[12.531091,51.317583],[12.530926,51.317757],[12.530845,51.317842],[12.530846,51.317842],[12.530933,51.31781],[12.531072,51.317761],[12.531257,51.317623],[12.531261,51.31762],[12.531315,51.317534],[12.531373,51.317472],[12.531542,51.317341],[12.532686,51.316765],[12.532967,51.316644],[12.533094,51.31661],[12.533247,51.316593],[12.533428,51.3166],[12.533569,51.316622],[12.533774,51.316685],[12.533789,51.316689],[12.53394,51.316777],[12.534033,51.316866],[12.534164,51.317203],[12.534271,51.317334],[12.534412,51.317459],[12.534515,51.317511],[12.534637,51.31755],[12.534772,51.317596],[12.535046,51.317714],[12.535453,51.317897],[12.53554,51.317952],[12.535755,51.318087],[12.535945,51.318283],[12.536003,51.318387],[12.536051,51.318591],[12.536063,51.318807],[12.536195,51.318902],[12.53652,51.31908],[12.536571,51.319108],[12.536668,51.319132],[12.536676,51.319134],[12.536712,51.319157],[12.536782,51.319202],[12.536805,51.319215],[12.536856,51.319245],[12.536865,51.319255],[12.537179,51.31955],[12.537314,51.319666],[12.537314,51.319666],[12.537584,51.319907],[12.538364,51.320619],[12.538669,51.32089],[12.538755,51.320971],[12.538829,51.321047],[12.538859,51.321077],[12.539111,51.321282],[12.539732,51.321812],[12.539897,51.321957],[12.54003,51.32207],[12.540045,51.322083],[12.540134,51.322146],[12.540137,51.322148],[12.540171,51.322172],[12.540181,51.322179],[12.54021,51.322202],[12.54025,51.322232],[12.540263,51.322243],[12.540275,51.322253],[12.540485,51.322434],[12.540757,51.322677],[12.54106,51.322947],[12.541134,51.323013],[12.541386,51.323264],[12.541556,51.32338],[12.541658,51.323457],[12.541762,51.323535],[12.541938,51.323649],[12.541974,51.323678],[12.542041,51.323804],[12.542102,51.323822],[12.542279,51.32398],[12.542385,51.324056],[12.542492,51.324133],[12.542461,51.324151],[12.541987,51.324426],[12.541874,51.324477],[12.541417,51.324749],[12.541073,51.324924],[12.540762,51.325095],[12.540596,51.325198],[12.540247,51.325386],[12.539761,51.325657],[12.539219,51.325953],[12.538932,51.326096],[12.538443,51.326343],[12.537739,51.326678],[12.53719,51.326945],[12.536697,51.327186],[12.536556,51.327254],[12.536282,51.327387],[12.536036,51.327507],[12.535617,51.327701],[12.535166,51.327919],[12.534612,51.328184],[12.534117,51.328412],[12.534038,51.328449],[12.533196,51.32886],[12.532964,51.328983],[12.532943,51.328994],[12.532916,51.329012],[12.532861,51.329034],[12.532806,51.329055],[12.532791,51.329066],[12.532736,51.329091],[12.532633,51.329139],[12.531928,51.329385],[12.531389,51.329571],[12.529722,51.330179],[12.528363,51.33066],[12.52808,51.330763],[12.527064,51.331118],[12.526979,51.331153],[12.526831,51.331214],[12.526765,51.331241],[12.526775,51.331287],[12.526782,51.331324],[12.527002,51.331459],[12.527191,51.33155],[12.527579,51.33172],[12.527718,51.331807],[12.527777,51.331849],[12.528076,51.33191],[12.52856,51.331999],[12.528669,51.332019],[12.528839,51.33206],[12.529117,51.332101],[12.529268,51.332128],[12.529555,51.332192],[12.529656,51.332215],[12.529843,51.332288],[12.530044,51.332354],[12.530227,51.332409],[12.53053,51.332499],[12.530731,51.332555],[12.530978,51.332613],[12.531157,51.332655],[12.531387,51.332706],[12.531429,51.332719],[12.531749,51.332816],[12.532224,51.332984],[12.532264,51.332995],[12.532654,51.333114],[12.532911,51.333193],[12.53328,51.333281],[12.53347,51.33334],[12.533575,51.333368],[12.533629,51.333391],[12.533793,51.333469],[12.533958,51.333544],[12.534204,51.333656],[12.534312,51.333682],[12.534495,51.33375],[12.534545,51.333772],[12.53464,51.333824],[12.534817,51.333946],[12.534966,51.334041],[12.535012,51.334079],[12.535045,51.334093],[12.535134,51.33416],[12.535187,51.334197],[12.535223,51.334228],[12.535305,51.334285],[12.535447,51.33435],[12.535662,51.334453],[12.53586,51.334588],[12.536108,51.334734],[12.536178,51.334751],[12.536435,51.334762],[12.536835,51.334809],[12.537084,51.334869],[12.537232,51.334927],[12.537474,51.335003],[12.537498,51.335011],[12.537541,51.335023],[12.537634,51.335116],[12.537689,51.335146],[12.53773,51.335221],[12.537845,51.335334],[12.537868,51.335359],[12.537878,51.335404],[12.537878,51.335404],[12.537818,51.335449],[12.537749,51.335491],[12.53775,51.335491],[12.537779,51.335518],[12.537947,51.335645],[12.538032,51.335724],[12.538121,51.335905],[12.538171,51.335943],[12.538255,51.335987],[12.538295,51.336044],[12.538326,51.336097],[12.538484,51.336204],[12.538549,51.336275],[12.538573,51.336308],[12.538595,51.336346],[12.538621,51.336426],[12.538684,51.336568],[12.538717,51.336625],[12.538751,51.336673],[12.538814,51.336736],[12.538824,51.336788],[12.538823,51.336788],[12.538817,51.336828],[12.538817,51.336828],[12.538819,51.336869],[12.538893,51.337016],[12.538932,51.337074],[12.538925,51.337103],[12.538892,51.337152],[12.53879,51.337208],[12.538724,51.337244],[12.538685,51.337271],[12.538646,51.337306],[12.538624,51.337331],[12.538595,51.337378],[12.538585,51.337405],[12.538558,51.337439],[12.538534,51.337471],[12.538501,51.337488],[12.538489,51.337508],[12.538408,51.337495],[12.538359,51.337436],[12.538282,51.337291],[12.538224,51.337207],[12.538062,51.337079],[12.537932,51.337116],[12.537851,51.337131],[12.537832,51.337171],[12.537792,51.337276],[12.537792,51.337276],[12.537802,51.337304],[12.537802,51.337304],[12.537751,51.337429],[12.537677,51.337526],[12.537616,51.337532],[12.537562,51.337504],[12.537541,51.337282],[12.537539,51.337252],[12.537539,51.337252],[12.537539,51.337251],[12.537596,51.337146],[12.537597,51.337145],[12.537548,51.337077],[12.537517,51.337071],[12.537346,51.337116],[12.537208,51.337164],[12.537121,51.337224],[12.537122,51.337225],[12.53714,51.337279],[12.537322,51.337368],[12.537383,51.337398],[12.53742,51.337448],[12.537444,51.337515],[12.537444,51.337516],[12.537426,51.337576],[12.537365,51.337638],[12.537271,51.337688],[12.537184,51.337684],[12.537025,51.337658],[12.536907,51.337606],[12.536852,51.337591],[12.536816,51.337617],[12.536816,51.337617],[12.536912,51.337822],[12.537126,51.337893],[12.537487,51.337863],[12.537683,51.337906],[12.537757,51.33799],[12.537757,51.337991],[12.537732,51.338015],[12.537616,51.338081],[12.537432,51.338189],[12.537307,51.338315],[12.53715,51.33846],[12.537093,51.338503],[12.537093,51.338504],[12.537116,51.338591],[12.537155,51.338616],[12.537232,51.33863],[12.537365,51.338631],[12.537465,51.338653],[12.537512,51.338681],[12.537515,51.338682],[12.537533,51.338695],[12.537427,51.338745],[12.537421,51.338747],[12.5373,51.338805],[12.537104,51.338912],[12.536926,51.339027],[12.536643,51.339162],[12.536396,51.339268],[12.536185,51.339339],[12.536145,51.339352],[12.53618,51.33937],[12.536285,51.339423],[12.536479,51.339517],[12.536687,51.339618],[12.536801,51.339674],[12.537419,51.339983],[12.538574,51.340553],[12.53862,51.340575],[12.538584,51.340605],[12.538514,51.340689],[12.538412,51.340822],[12.538374,51.340856],[12.538309,51.340877],[12.538264,51.340897],[12.538194,51.340931],[12.538043,51.341003],[12.537912,51.34108],[12.537834,51.341108],[12.537749,51.341128],[12.5376,51.341155],[12.537458,51.341192],[12.537399,51.34122],[12.53734,51.341258],[12.537225,51.341309],[12.537125,51.341385],[12.537058,51.341462],[12.537006,51.341492],[12.536842,51.341587],[12.536654,51.341746],[12.536589,51.341789],[12.536552,51.341803],[12.53646,51.341819],[12.536309,51.341833],[12.536257,51.341834],[12.536186,51.341826],[12.536068,51.341802],[12.535966,51.341781],[12.535864,51.341739],[12.535631,51.341677],[12.53546,51.341638],[12.535309,51.34162],[12.53518,51.341632],[12.535087,51.341636],[12.535056,51.341638],[12.535013,51.341619],[12.534837,51.341543],[12.534646,51.34146],[12.534164,51.341251],[12.533918,51.341144],[12.533569,51.340992],[12.533533,51.341025],[12.533497,51.341058],[12.533496,51.341058],[12.533475,51.341048],[12.533391,51.341022],[12.533012,51.34096],[12.532967,51.340959],[12.532536,51.340948],[12.532504,51.340945],[12.532484,51.340943],[12.531846,51.341247],[12.531678,51.341315],[12.531632,51.341332],[12.5316,51.341366],[12.531585,51.341383],[12.531147,51.341514],[12.530822,51.341606],[12.530643,51.341647],[12.530646,51.341625],[12.530557,51.341652],[12.530369,51.341714],[12.530195,51.341778],[12.530174,51.341785],[12.530063,51.341826],[12.529962,51.341862],[12.529811,51.341942],[12.529324,51.342251],[12.529286,51.34225],[12.529092,51.342374],[12.528971,51.342451],[12.528247,51.342912],[12.528247,51.342912],[12.528258,51.342934],[12.528258,51.342935],[12.528061,51.343057],[12.527923,51.343155],[12.527825,51.343247],[12.527776,51.343313],[12.527701,51.343431],[12.527669,51.343489],[12.52764,51.343542],[12.527633,51.343567],[12.52763,51.343578],[12.527955,51.343754],[12.528113,51.343839],[12.528075,51.343946],[12.527688,51.343894],[12.527607,51.343881],[12.527627,51.34392],[12.52766,51.343982],[12.527736,51.344077],[12.527872,51.344176],[12.527917,51.344203],[12.527891,51.344226],[12.527831,51.344192],[12.5278,51.344157],[12.527767,51.344177],[12.527741,51.344209],[12.52755,51.344365],[12.52727,51.34445],[12.527155,51.344485],[12.526931,51.344556],[12.526754,51.344517],[12.526502,51.344512],[12.526435,51.344524],[12.526387,51.344533],[12.526218,51.344565],[12.526168,51.344603],[12.526165,51.344605],[12.526166,51.344607],[12.526183,51.344654],[12.52621,51.344733],[12.526213,51.34474],[12.526244,51.34478],[12.526537,51.345156],[12.526509,51.345405],[12.526498,51.3455],[12.526502,51.345556],[12.526512,51.345696],[12.526556,51.346308],[12.526532,51.346589],[12.526542,51.346665],[12.526574,51.346887],[12.526582,51.346951],[12.526675,51.347147],[12.526741,51.347246],[12.527009,51.347651],[12.527079,51.347801],[12.527101,51.347907],[12.527212,51.348109],[12.5272,51.348115],[12.527188,51.348121],[12.527141,51.348145],[12.527049,51.348192],[12.526786,51.348336],[12.526488,51.348498],[12.526426,51.348532],[12.526395,51.348547],[12.526351,51.348569],[12.526031,51.34874],[12.525777,51.348875],[12.524433,51.348653],[12.524366,51.348642],[12.522883,51.34841],[12.522688,51.348377],[12.522633,51.348368],[12.522605,51.348363],[12.522585,51.348363],[12.522548,51.348364],[12.522507,51.348364],[12.522491,51.348364],[12.522477,51.348362],[12.521321,51.348242],[12.520242,51.348119],[12.519885,51.348075],[12.519683,51.348049],[12.519596,51.348039],[12.519529,51.34803],[12.519451,51.34802],[12.519399,51.348014],[12.519389,51.348013],[12.519266,51.347997],[12.518648,51.347924],[12.518216,51.347873],[12.518173,51.347868],[12.517775,51.347821],[12.517416,51.347764],[12.51699,51.347696],[12.516601,51.347634],[12.516543,51.347625],[12.516328,51.34759],[12.515972,51.347531],[12.515924,51.347524],[12.515554,51.347463],[12.5154,51.347442],[12.51495,51.347381],[12.514868,51.34737],[12.514754,51.347354],[12.514151,51.347267],[12.514138,51.347266],[12.514051,51.347253],[12.513942,51.347238],[12.51375,51.34721],[12.513344,51.347176],[12.51328,51.347171],[12.51322,51.347166],[12.51317,51.347162],[12.512641,51.347109],[12.512284,51.347075],[12.5121,51.34708]]]}},{"type":"Feature","id":"leipzig-30","properties":{"city":"Leipzig","state":"Sachsen","code":"30","name":"Reudnitz-Thonberg","name_atlas":"Reudnitz-Thonberg","population_est":23956,"crime_total":{"cases":2667,"rate":11133.0},"homicide":{"cases":0,"rate":0.0},"sexual":{"cases":32,"rate":133.6},"violence_proxy":{"cases":261,"rate":1089.5},"property_total":{"cases":1531,"rate":6390.9},"simple_theft":{"cases":795,"rate":3318.6},"aggravated_theft":{"cases":736,"rate":3072.3},"fraud":{"cases":267,"rate":1114.5},"other_stgb":{"cases":490,"rate":2045.4},"secondary_law":{"cases":86,"rate":359.0}},"geometry":{"type":"Polygon","coordinates":[[[12.401265,51.339306],[12.401103,51.339314],[12.400826,51.339308],[12.400724,51.339306],[12.400424,51.339299],[12.399941,51.339278],[12.399522,51.339268],[12.398295,51.339228],[12.397551,51.339213],[12.397198,51.3392],[12.396847,51.339188],[12.396148,51.339144],[12.395153,51.339109],[12.394996,51.338926],[12.394922,51.338757],[12.394856,51.338405],[12.394452,51.337188],[12.394417,51.337048],[12.39441,51.336956],[12.394342,51.336807],[12.39433,51.336721],[12.394272,51.336568],[12.39413,51.336207],[12.394087,51.336124],[12.394042,51.336017],[12.393993,51.335934],[12.393803,51.335652],[12.393487,51.335187],[12.393361,51.335001],[12.392999,51.334503],[12.392684,51.334116],[12.392533,51.33402],[12.393936,51.332999],[12.394473,51.332612],[12.394872,51.332321],[12.394938,51.332272],[12.395006,51.332225],[12.395109,51.332153],[12.395262,51.33205],[12.395224,51.331919],[12.395233,51.331872],[12.395283,51.331601],[12.395339,51.331272],[12.395393,51.33081],[12.395414,51.330619],[12.395416,51.3306],[12.395813,51.330615],[12.395814,51.330615],[12.395988,51.330621],[12.395992,51.330621],[12.396285,51.330633],[12.396287,51.330633],[12.396386,51.330636],[12.397085,51.330048],[12.396992,51.329995],[12.396994,51.329971],[12.396995,51.329963],[12.397078,51.329199],[12.39709,51.329088],[12.397146,51.328555],[12.397202,51.32804],[12.397266,51.327427],[12.3973,51.327109],[12.397305,51.327069],[12.397342,51.326721],[12.397403,51.326148],[12.39752,51.325059],[12.397052,51.324756],[12.397019,51.324738],[12.397187,51.324636],[12.397375,51.324504],[12.397536,51.324351],[12.397607,51.324264],[12.397669,51.324168],[12.39772,51.324084],[12.397784,51.323869],[12.39934,51.323918],[12.400281,51.323953],[12.400407,51.32396],[12.400602,51.32397],[12.400805,51.323968],[12.401409,51.323965],[12.401793,51.323302],[12.402715,51.32231],[12.402755,51.322267],[12.403294,51.321744],[12.403447,51.321596],[12.403811,51.321723],[12.403842,51.321676],[12.403976,51.321525],[12.404113,51.32138],[12.404123,51.321369],[12.404247,51.321242],[12.404507,51.320963],[12.404689,51.320777],[12.404872,51.320596],[12.40547,51.320013],[12.405525,51.319964],[12.405613,51.319886],[12.4057,51.31982],[12.405779,51.319771],[12.405861,51.319724],[12.405909,51.319692],[12.406011,51.31962],[12.40617,51.319483],[12.406529,51.319179],[12.406738,51.319002],[12.407131,51.319364],[12.407267,51.319503],[12.407556,51.319835],[12.407903,51.320239],[12.408158,51.320535],[12.410331,51.323033],[12.411512,51.324507],[12.411829,51.324902],[12.412476,51.325671],[12.413241,51.326612],[12.414519,51.328194],[12.41467,51.328397],[12.415981,51.33007],[12.416039,51.330142],[12.417253,51.331644],[12.417497,51.331949],[12.417401,51.33194],[12.417249,51.331927],[12.416671,51.331908],[12.416485,51.331906],[12.416437,51.331905],[12.415635,51.331922],[12.414625,51.331965],[12.413935,51.332001],[12.413367,51.332042],[12.412046,51.33221],[12.411294,51.332321],[12.410721,51.332438],[12.410021,51.332565],[12.409045,51.33278],[12.40862,51.332858],[12.407861,51.332997],[12.406587,51.333222],[12.406622,51.333288],[12.40664,51.33332],[12.406672,51.333378],[12.407184,51.334301],[12.407835,51.335467],[12.407891,51.335557],[12.407919,51.335587],[12.407919,51.335587],[12.407981,51.335656],[12.408038,51.335745],[12.408215,51.336016],[12.408275,51.336119],[12.408358,51.336308],[12.408412,51.33647],[12.408426,51.336568],[12.40845,51.336692],[12.408456,51.336798],[12.408463,51.336895],[12.408453,51.33707],[12.408421,51.337236],[12.408388,51.337338],[12.408333,51.337444],[12.408277,51.337507],[12.40817,51.337631],[12.408027,51.337747],[12.407863,51.337846],[12.407779,51.337887],[12.407663,51.337945],[12.407469,51.338012],[12.407286,51.338064],[12.407105,51.338099],[12.406946,51.338114],[12.406837,51.33812],[12.406539,51.338112],[12.406415,51.338108],[12.405772,51.338079],[12.405497,51.338077],[12.405299,51.338089],[12.405061,51.338119],[12.404871,51.33815],[12.404664,51.338194],[12.404309,51.338315],[12.403916,51.338446],[12.40324,51.33867],[12.402635,51.338877],[12.402029,51.339093],[12.401665,51.33922],[12.40152,51.339265],[12.401436,51.339287],[12.401265,51.339306]]]}},{"type":"Feature","id":"leipzig-31","properties":{"city":"Leipzig","state":"Sachsen","code":"31","name":"Stötteritz","name_atlas":"Stötteritz","population_est":18248,"crime_total":{"cases":1000,"rate":5480.0},"homicide":{"cases":0,"rate":0.0},"sexual":{"cases":24,"rate":131.5},"violence_proxy":{"cases":117,"rate":641.2},"property_total":{"cases":438,"rate":2400.3},"simple_theft":{"cases":156,"rate":854.9},"aggravated_theft":{"cases":282,"rate":1545.4},"fraud":{"cases":116,"rate":635.7},"other_stgb":{"cases":276,"rate":1512.5},"secondary_law":{"cases":29,"rate":158.9}},"geometry":{"type":"Polygon","coordinates":[[[12.418071,51.328312],[12.418017,51.32841],[12.417623,51.328969],[12.417478,51.329165],[12.417407,51.329251],[12.417288,51.329373],[12.417136,51.329499],[12.41701,51.329592],[12.416892,51.329668],[12.416761,51.329737],[12.416712,51.329758],[12.416513,51.329846],[12.416342,51.329918],[12.415981,51.33007],[12.41467,51.328397],[12.414519,51.328194],[12.413241,51.326612],[12.412476,51.325671],[12.411829,51.324902],[12.411512,51.324507],[12.410331,51.323033],[12.408158,51.320535],[12.407903,51.320239],[12.407556,51.319835],[12.407267,51.319503],[12.407131,51.319364],[12.406738,51.319002],[12.406859,51.3189],[12.407,51.31878],[12.40708,51.318712],[12.407203,51.318609],[12.407248,51.318571],[12.40729,51.318535],[12.407346,51.318484],[12.407407,51.318421],[12.407497,51.318331],[12.407548,51.318283],[12.407601,51.318236],[12.408512,51.317469],[12.40899,51.317063],[12.40938,51.316735],[12.409488,51.316644],[12.409771,51.316404],[12.410157,51.316077],[12.410524,51.315766],[12.410881,51.315464],[12.410907,51.315442],[12.411136,51.31525],[12.411913,51.314571],[12.412098,51.314432],[12.412151,51.314393],[12.412252,51.314317],[12.412456,51.314182],[12.413007,51.313826],[12.413464,51.313529],[12.413783,51.313324],[12.413931,51.313227],[12.41441,51.312927],[12.414881,51.312629],[12.41536,51.312329],[12.415626,51.312161],[12.41582,51.312037],[12.416018,51.311911],[12.416078,51.311873],[12.417346,51.31105],[12.417619,51.310863],[12.418127,51.310534],[12.418369,51.310376],[12.418629,51.310206],[12.418785,51.310104],[12.418937,51.3102],[12.41906,51.310278],[12.419184,51.310268],[12.419388,51.310246],[12.419979,51.310149],[12.420232,51.310109],[12.420303,51.310093],[12.4204,51.310072],[12.420722,51.309967],[12.420809,51.309951],[12.420925,51.30995],[12.421345,51.310009],[12.422447,51.310167],[12.422661,51.310198],[12.422849,51.309696],[12.423061,51.309744],[12.423768,51.309906],[12.424361,51.310043],[12.425065,51.310197],[12.425208,51.31024],[12.425254,51.310254],[12.425375,51.310129],[12.425612,51.309888],[12.425843,51.309674],[12.425895,51.309629],[12.426003,51.30956],[12.426392,51.309486],[12.426851,51.309549],[12.426913,51.309558],[12.426995,51.309298],[12.426997,51.309295],[12.426997,51.309294],[12.427056,51.309295],[12.428129,51.309311],[12.429469,51.309325],[12.429984,51.309336],[12.430484,51.309343],[12.431147,51.309347],[12.431186,51.309347],[12.431229,51.309348],[12.431557,51.309017],[12.43156,51.309013],[12.432185,51.309222],[12.431557,51.310073],[12.431548,51.310085],[12.431539,51.310096],[12.431539,51.310096],[12.4325,51.310184],[12.433033,51.310247],[12.433213,51.310267],[12.433814,51.31035],[12.434384,51.310435],[12.434935,51.310546],[12.434943,51.310548],[12.43552,51.310685],[12.435944,51.310803],[12.436506,51.310958],[12.436929,51.311074],[12.437326,51.311194],[12.437968,51.311385],[12.438412,51.311517],[12.43881,51.311634],[12.438818,51.311636],[12.439243,51.311756],[12.439451,51.311812],[12.439936,51.311951],[12.44018,51.31202],[12.440928,51.312228],[12.441476,51.31238],[12.44192,51.312506],[12.442466,51.312658],[12.442937,51.312792],[12.443013,51.312814],[12.443082,51.312834],[12.443088,51.312836],[12.443163,51.312851],[12.443182,51.312855],[12.443244,51.312865],[12.443246,51.312867],[12.44331,51.312936],[12.443312,51.312938],[12.44331,51.312942],[12.443194,51.313192],[12.443044,51.313401],[12.442889,51.313606],[12.442883,51.313614],[12.442511,51.314101],[12.442432,51.31416],[12.442238,51.314277],[12.442182,51.314457],[12.44214,51.31497],[12.44213,51.315026],[12.442098,51.315177],[12.442069,51.315388],[12.442052,51.315458],[12.441945,51.315763],[12.44173,51.315741],[12.441467,51.31573],[12.441112,51.315739],[12.44109,51.315744],[12.441075,51.315758],[12.441058,51.315849],[12.441046,51.315891],[12.441031,51.315916],[12.441023,51.315929],[12.441005,51.315978],[12.440999,51.316013],[12.440994,51.316043],[12.44099,51.316084],[12.440998,51.31612],[12.440998,51.31612],[12.440998,51.316123],[12.440993,51.316147],[12.440975,51.316179],[12.440958,51.31632],[12.440956,51.316451],[12.440947,51.316598],[12.440969,51.316882],[12.440979,51.316982],[12.440991,51.317176],[12.440999,51.317254],[12.441002,51.317386],[12.440999,51.317409],[12.441,51.317445],[12.441002,51.317519],[12.441003,51.317535],[12.441003,51.317542],[12.441019,51.317922],[12.439451,51.317897],[12.439401,51.31791],[12.439202,51.318232],[12.439129,51.318351],[12.439119,51.318368],[12.439077,51.318443],[12.43899,51.318596],[12.438926,51.318709],[12.438859,51.318829],[12.438794,51.318943],[12.438727,51.319062],[12.438658,51.319183],[12.438594,51.319297],[12.438588,51.319308],[12.438535,51.319413],[12.438474,51.319535],[12.438415,51.319655],[12.438364,51.319755],[12.43831,51.319864],[12.438257,51.31997],[12.438211,51.320063],[12.438164,51.320157],[12.438118,51.32025],[12.438066,51.320354],[12.438014,51.320461],[12.437968,51.320554],[12.437768,51.320965],[12.437743,51.321015],[12.437605,51.321313],[12.437505,51.321569],[12.4375,51.321587],[12.437413,51.321881],[12.437391,51.321957],[12.437376,51.322019],[12.437347,51.322135],[12.437313,51.322271],[12.437309,51.322289],[12.437308,51.322293],[12.437307,51.322297],[12.437288,51.322386],[12.437189,51.322853],[12.437139,51.323087],[12.437133,51.323114],[12.437128,51.323147],[12.437124,51.323176],[12.437054,51.32345],[12.437024,51.323569],[12.43698,51.323726],[12.436895,51.324025],[12.436768,51.324482],[12.436065,51.324409],[12.436058,51.324408],[12.435746,51.324373],[12.43546,51.324342],[12.435161,51.32431],[12.43487,51.324278],[12.43458,51.324247],[12.434575,51.324246],[12.434566,51.324204],[12.434452,51.323795],[12.43445,51.323787],[12.434395,51.323564],[12.43434,51.323566],[12.433837,51.323581],[12.433442,51.323596],[12.433188,51.323582],[12.433113,51.323775],[12.433106,51.323792],[12.433089,51.32385],[12.43308,51.323892],[12.432958,51.32386],[12.432855,51.323832],[12.432789,51.324286],[12.432709,51.325008],[12.432661,51.325468],[12.432646,51.325668],[12.432643,51.325894],[12.432642,51.325946],[12.432659,51.326211],[12.432675,51.326467],[12.43268,51.326546],[12.432692,51.326638],[12.432781,51.327301],[12.431688,51.327342],[12.431475,51.32735],[12.431227,51.327363],[12.431227,51.327363],[12.431133,51.327367],[12.430947,51.327376],[12.430298,51.327407],[12.430221,51.32741],[12.430221,51.32741],[12.43022,51.32741],[12.429291,51.327452],[12.428844,51.327471],[12.428121,51.327485],[12.428114,51.327485],[12.428079,51.327485],[12.428011,51.327489],[12.42769,51.327487],[12.427593,51.327487],[12.427382,51.327486],[12.427303,51.327485],[12.427245,51.327485],[12.427002,51.327485],[12.426984,51.327485],[12.426769,51.327485],[12.426766,51.327512],[12.426672,51.327518],[12.426353,51.327541],[12.426036,51.327563],[12.425719,51.327586],[12.425712,51.327586],[12.425402,51.327622],[12.42523,51.327641],[12.42503,51.32767],[12.424136,51.327797],[12.423471,51.327887],[12.423445,51.327801],[12.422465,51.327943],[12.421153,51.328131],[12.421141,51.328131],[12.420021,51.328081],[12.419996,51.328244],[12.419375,51.328185],[12.418287,51.328083],[12.418276,51.328081],[12.418182,51.328068],[12.418181,51.328068],[12.418071,51.328312]]]}},{"type":"Feature","id":"leipzig-32","properties":{"city":"Leipzig","state":"Sachsen","code":"32","name":"Probstheida","name_atlas":"Probstheida","population_est":7168,"crime_total":{"cases":611,"rate":8524.0},"homicide":{"cases":1,"rate":14.0},"sexual":{"cases":13,"rate":181.4},"violence_proxy":{"cases":106,"rate":1478.8},"property_total":{"cases":220,"rate":3069.2},"simple_theft":{"cases":90,"rate":1255.6},"aggravated_theft":{"cases":130,"rate":1813.6},"fraud":{"cases":52,"rate":725.4},"other_stgb":{"cases":192,"rate":2678.6},"secondary_law":{"cases":27,"rate":376.7}},"geometry":{"type":"Polygon","coordinates":[[[12.418629,51.310206],[12.418369,51.310376],[12.418127,51.310534],[12.417619,51.310863],[12.417346,51.31105],[12.416078,51.311873],[12.416018,51.311911],[12.41582,51.312037],[12.415626,51.312161],[12.41536,51.312329],[12.414881,51.312629],[12.41441,51.312927],[12.413931,51.313227],[12.413783,51.313324],[12.413464,51.313529],[12.413007,51.313826],[12.412456,51.314182],[12.412252,51.314317],[12.412151,51.314393],[12.412098,51.314432],[12.411913,51.314571],[12.411136,51.31525],[12.410907,51.315442],[12.410881,51.315464],[12.410524,51.315766],[12.410157,51.316077],[12.409771,51.316404],[12.409488,51.316644],[12.40938,51.316735],[12.40899,51.317063],[12.408512,51.317469],[12.407601,51.318236],[12.407548,51.318283],[12.407497,51.318331],[12.407407,51.318421],[12.407346,51.318484],[12.40729,51.318535],[12.407248,51.318571],[12.407203,51.318609],[12.40708,51.318712],[12.407,51.31878],[12.406859,51.3189],[12.406738,51.319002],[12.404253,51.317128],[12.401926,51.315433],[12.401684,51.315256],[12.400411,51.314267],[12.400799,51.314247],[12.401124,51.314231],[12.401311,51.31422],[12.402112,51.314176],[12.403147,51.314119],[12.404183,51.31406],[12.405242,51.314],[12.405773,51.31397],[12.405926,51.313962],[12.405981,51.313958],[12.405873,51.313767],[12.40587,51.313761],[12.40577,51.313718],[12.404383,51.313105],[12.403744,51.312816],[12.403869,51.312739],[12.404835,51.31215],[12.40484,51.312136],[12.40484,51.312135],[12.404877,51.312044],[12.40518,51.311277],[12.406304,51.30842],[12.407155,51.306258],[12.407188,51.306167],[12.407218,51.306076],[12.407244,51.305985],[12.407265,51.305894],[12.407285,51.305801],[12.407299,51.305711],[12.407308,51.305619],[12.407318,51.305527],[12.407319,51.305482],[12.40732,51.305436],[12.407319,51.305346],[12.407316,51.305251],[12.407307,51.305159],[12.407296,51.305066],[12.40728,51.304975],[12.407313,51.304858],[12.407335,51.30478],[12.407415,51.30471],[12.407416,51.30471],[12.407434,51.30466],[12.407446,51.304644],[12.407533,51.304531],[12.407933,51.303424],[12.408266,51.302483],[12.408383,51.302123],[12.408473,51.301848],[12.408906,51.300517],[12.409187,51.299653],[12.409191,51.299642],[12.409437,51.299619],[12.410056,51.299559],[12.410132,51.299539],[12.410468,51.298947],[12.410471,51.298941],[12.410774,51.298337],[12.410919,51.298095],[12.41107,51.297838],[12.411086,51.297821],[12.411118,51.297786],[12.411143,51.297767],[12.411285,51.297564],[12.411542,51.297152],[12.411924,51.296532],[12.412386,51.295751],[12.412635,51.295252],[12.412914,51.294607],[12.413123,51.294081],[12.413221,51.293822],[12.413434,51.293857],[12.414075,51.293919],[12.41522,51.294022],[12.415395,51.29402],[12.415535,51.294066],[12.417295,51.294207],[12.417718,51.294241],[12.417755,51.294244],[12.418823,51.294322],[12.419536,51.294375],[12.419567,51.294377],[12.419874,51.2944],[12.42016,51.294408],[12.42096,51.294464],[12.421084,51.294473],[12.421716,51.294514],[12.421826,51.294522],[12.423134,51.294597],[12.424977,51.294704],[12.426598,51.294803],[12.427154,51.294842],[12.427234,51.294845],[12.427296,51.294847],[12.427339,51.294849],[12.427335,51.294862],[12.427293,51.29503],[12.427398,51.295035],[12.427428,51.295037],[12.427456,51.295038],[12.428687,51.295141],[12.428842,51.295152],[12.429146,51.295172],[12.42949,51.295195],[12.429895,51.295226],[12.43025,51.295249],[12.430398,51.295255],[12.431665,51.295291],[12.431681,51.295291],[12.431779,51.295291],[12.43195,51.295299],[12.432088,51.295303],[12.432366,51.295308],[12.433208,51.295301],[12.433351,51.295297],[12.433415,51.295297],[12.434769,51.295271],[12.434937,51.295266],[12.435361,51.295252],[12.435783,51.295216],[12.436097,51.29517],[12.436308,51.295132],[12.436435,51.295106],[12.436949,51.294999],[12.437201,51.294942],[12.437938,51.294792],[12.437968,51.294786],[12.438183,51.29474],[12.438305,51.294717],[12.438483,51.294704],[12.43864,51.294713],[12.438915,51.294779],[12.438989,51.294804],[12.439029,51.294818],[12.43908,51.294835],[12.43916,51.294863],[12.439203,51.294877],[12.439198,51.294886],[12.439192,51.294899],[12.439126,51.295034],[12.439054,51.295179],[12.439044,51.295317],[12.439037,51.295401],[12.439003,51.29585],[12.438973,51.296247],[12.438941,51.296433],[12.438856,51.296825],[12.438664,51.297466],[12.438443,51.298093],[12.438432,51.298123],[12.438397,51.298224],[12.437996,51.299623],[12.439267,51.299979],[12.439317,51.299993],[12.441273,51.300552],[12.442322,51.300875],[12.442759,51.30101],[12.44284,51.301059],[12.442902,51.301097],[12.443018,51.301167],[12.443036,51.301178],[12.443079,51.301204],[12.443162,51.301189],[12.443208,51.301181],[12.443249,51.301174],[12.443303,51.301193],[12.445607,51.302034],[12.445946,51.302157],[12.44753,51.302732],[12.447519,51.302744],[12.447434,51.302837],[12.447473,51.303063],[12.447527,51.303374],[12.448118,51.303635],[12.448183,51.303664],[12.448235,51.303702],[12.448249,51.303713],[12.448434,51.303958],[12.448555,51.304132],[12.448724,51.304485],[12.448859,51.304902],[12.448868,51.30493],[12.448841,51.305178],[12.448694,51.305753],[12.448674,51.305771],[12.448661,51.305781],[12.44861,51.305825],[12.44856,51.305848],[12.448535,51.305887],[12.448498,51.305931],[12.448496,51.305934],[12.448488,51.305944],[12.448428,51.305973],[12.448326,51.306024],[12.448185,51.306107],[12.447963,51.306313],[12.447844,51.306483],[12.447815,51.306684],[12.447814,51.306696],[12.447811,51.306905],[12.447784,51.306993],[12.447736,51.307088],[12.447529,51.307447],[12.447311,51.307821],[12.447256,51.307918],[12.447186,51.308073],[12.447095,51.308252],[12.446938,51.308594],[12.446875,51.308789],[12.446778,51.308968],[12.446711,51.309012],[12.446699,51.30902],[12.446609,51.309043],[12.446571,51.309053],[12.446385,51.309147],[12.446296,51.309208],[12.446232,51.309279],[12.44604,51.309594],[12.446038,51.309598],[12.445936,51.30977],[12.445866,51.309994],[12.44586,51.310079],[12.445838,51.310204],[12.445876,51.310408],[12.44587,51.310475],[12.445824,51.310561],[12.445768,51.310629],[12.445628,51.310704],[12.445261,51.310834],[12.445066,51.310963],[12.445038,51.310997],[12.44503,51.311023],[12.445052,51.311161],[12.445053,51.311254],[12.445053,51.3113],[12.445053,51.311357],[12.445061,51.311409],[12.445062,51.311421],[12.445067,51.311455],[12.445038,51.311642],[12.445011,51.311674],[12.44493,51.311754],[12.444892,51.311792],[12.444823,51.311852],[12.444809,51.311864],[12.444782,51.311869],[12.444672,51.311891],[12.444573,51.311914],[12.444519,51.311934],[12.444472,51.311961],[12.444405,51.31201],[12.444272,51.31216],[12.444142,51.312287],[12.44413,51.312299],[12.444119,51.31231],[12.444116,51.312325],[12.444118,51.312331],[12.444134,51.312385],[12.444136,51.312391],[12.444134,51.312391],[12.443991,51.312405],[12.443736,51.312429],[12.443621,51.312466],[12.443494,51.31254],[12.443369,51.312666],[12.443182,51.312855],[12.443163,51.312851],[12.443088,51.312836],[12.443082,51.312834],[12.443013,51.312814],[12.442937,51.312792],[12.442466,51.312658],[12.44192,51.312506],[12.441476,51.31238],[12.440928,51.312228],[12.44018,51.31202],[12.439936,51.311951],[12.439451,51.311812],[12.439243,51.311756],[12.438818,51.311636],[12.43881,51.311634],[12.438412,51.311517],[12.437968,51.311385],[12.437326,51.311194],[12.436929,51.311074],[12.436506,51.310958],[12.435944,51.310803],[12.43552,51.310685],[12.434943,51.310548],[12.434935,51.310546],[12.434384,51.310435],[12.433814,51.31035],[12.433213,51.310267],[12.433033,51.310247],[12.4325,51.310184],[12.431539,51.310096],[12.431539,51.310096],[12.431548,51.310085],[12.431557,51.310073],[12.432185,51.309222],[12.43156,51.309013],[12.431557,51.309017],[12.431229,51.309348],[12.431186,51.309347],[12.431147,51.309347],[12.430484,51.309343],[12.429984,51.309336],[12.429469,51.309325],[12.428129,51.309311],[12.427056,51.309295],[12.426997,51.309294],[12.426997,51.309295],[12.426995,51.309298],[12.426913,51.309558],[12.426851,51.309549],[12.426392,51.309486],[12.426003,51.30956],[12.425895,51.309629],[12.425843,51.309674],[12.425612,51.309888],[12.425375,51.310129],[12.425254,51.310254],[12.425208,51.31024],[12.425065,51.310197],[12.424361,51.310043],[12.423768,51.309906],[12.423061,51.309744],[12.422849,51.309696],[12.422661,51.310198],[12.422447,51.310167],[12.421345,51.310009],[12.420925,51.30995],[12.420809,51.309951],[12.420722,51.309967],[12.4204,51.310072],[12.420303,51.310093],[12.420232,51.310109],[12.419979,51.310149],[12.419388,51.310246],[12.419184,51.310268],[12.41906,51.310278],[12.418937,51.3102],[12.418785,51.310104],[12.418629,51.310206]]]}},{"type":"Feature","id":"leipzig-33","properties":{"city":"Leipzig","state":"Sachsen","code":"33","name":"Meusdorf","name_atlas":"Meusdorf","population_est":3896,"crime_total":{"cases":349,"rate":8958.0},"homicide":{"cases":0,"rate":0.0},"sexual":{"cases":6,"rate":154.0},"violence_proxy":{"cases":45,"rate":1155.0},"property_total":{"cases":36,"rate":924.0},"simple_theft":{"cases":14,"rate":359.3},"aggravated_theft":{"cases":22,"rate":564.7},"fraud":{"cases":30,"rate":770.0},"other_stgb":{"cases":44,"rate":1129.4},"secondary_law":{"cases":188,"rate":4825.5}},"geometry":{"type":"Polygon","coordinates":[[[12.432366,51.295308],[12.432088,51.295303],[12.43195,51.295299],[12.431779,51.295291],[12.431681,51.295291],[12.431665,51.295291],[12.430398,51.295255],[12.43025,51.295249],[12.429895,51.295226],[12.42949,51.295195],[12.429146,51.295172],[12.428842,51.295152],[12.428687,51.295141],[12.427456,51.295038],[12.427428,51.295037],[12.427398,51.295035],[12.427293,51.29503],[12.427335,51.294862],[12.427339,51.294849],[12.427296,51.294847],[12.427234,51.294845],[12.427154,51.294842],[12.426598,51.294803],[12.424977,51.294704],[12.423134,51.294597],[12.421826,51.294522],[12.421716,51.294514],[12.421084,51.294473],[12.42096,51.294464],[12.42016,51.294408],[12.419874,51.2944],[12.419567,51.294377],[12.419536,51.294375],[12.418823,51.294322],[12.418828,51.294304],[12.418899,51.29409],[12.419008,51.293758],[12.4191,51.293477],[12.419188,51.293211],[12.419279,51.292935],[12.419283,51.292922],[12.419462,51.292381],[12.419606,51.291946],[12.419652,51.291809],[12.419712,51.291626],[12.419978,51.290814],[12.419998,51.290752],[12.42032,51.289751],[12.420517,51.289184],[12.420522,51.28918],[12.420525,51.289177],[12.420535,51.289169],[12.420572,51.289136],[12.420102,51.288862],[12.420105,51.28885],[12.420371,51.287883],[12.420376,51.287865],[12.420674,51.286776],[12.420707,51.286655],[12.421118,51.285164],[12.421132,51.285112],[12.421483,51.285147],[12.422259,51.285233],[12.424855,51.285508],[12.425335,51.285562],[12.425955,51.285628],[12.426979,51.285742],[12.428084,51.285857],[12.429559,51.286018],[12.429677,51.286045],[12.429765,51.286066],[12.429766,51.286066],[12.43004,51.286058],[12.430354,51.285991],[12.430864,51.285903],[12.430876,51.285901],[12.431916,51.285711],[12.432003,51.285029],[12.432154,51.284968],[12.43225,51.284928],[12.432763,51.284757],[12.433089,51.284676],[12.433387,51.284618],[12.433725,51.284553],[12.434062,51.284465],[12.434133,51.284447],[12.434201,51.284429],[12.434545,51.284342],[12.435024,51.284239],[12.435153,51.284219],[12.435162,51.284217],[12.435422,51.284177],[12.435656,51.284151],[12.435666,51.28415],[12.435778,51.284135],[12.435907,51.284118],[12.436763,51.284008],[12.437521,51.283845],[12.437666,51.283813],[12.437811,51.283782],[12.437903,51.283762],[12.437919,51.283759],[12.437988,51.283746],[12.439309,51.283492],[12.440681,51.283227],[12.440693,51.283225],[12.441274,51.283123],[12.441403,51.283103],[12.441405,51.283102],[12.441501,51.283087],[12.441502,51.283087],[12.442261,51.282967],[12.442312,51.282958],[12.442577,51.282918],[12.442579,51.282918],[12.44268,51.282902],[12.442685,51.282902],[12.442691,51.282901],[12.442826,51.282881],[12.442827,51.282881],[12.442901,51.28287],[12.443085,51.282846],[12.44322,51.282829],[12.443321,51.282819],[12.443602,51.282791],[12.443704,51.282781],[12.444271,51.28275],[12.444911,51.282737],[12.445192,51.282744],[12.445388,51.282749],[12.445866,51.282778],[12.4462,51.282807],[12.446307,51.282816],[12.446326,51.282818],[12.446378,51.282822],[12.446384,51.282823],[12.446691,51.282853],[12.447067,51.282868],[12.447035,51.282975],[12.447005,51.283101],[12.446942,51.283306],[12.4469,51.283442],[12.446856,51.283588],[12.446854,51.283594],[12.446811,51.283733],[12.446771,51.283865],[12.446731,51.283997],[12.446691,51.284129],[12.446651,51.284261],[12.44663,51.284332],[12.446607,51.284392],[12.446558,51.284522],[12.446509,51.284653],[12.446506,51.28466],[12.446463,51.284784],[12.446417,51.284916],[12.446372,51.285047],[12.446326,51.285178],[12.446325,51.285182],[12.446289,51.28531],[12.446268,51.285383],[12.446248,51.285435],[12.446241,51.285455],[12.446188,51.285597],[12.446129,51.285752],[12.446128,51.285755],[12.446092,51.28591],[12.446055,51.286068],[12.446054,51.286074],[12.445998,51.286237],[12.445994,51.28625],[12.445938,51.286406],[12.445878,51.286575],[12.445825,51.286724],[12.445806,51.286777],[12.445733,51.286935],[12.445694,51.287018],[12.445654,51.287091],[12.44557,51.287246],[12.445566,51.287253],[12.445486,51.287401],[12.44545,51.287469],[12.44541,51.287557],[12.445337,51.287715],[12.445335,51.287719],[12.445261,51.28788],[12.445184,51.288046],[12.445127,51.288168],[12.445107,51.288213],[12.445033,51.288379],[12.444954,51.288557],[12.444951,51.288565],[12.444874,51.288742],[12.444793,51.288927],[12.444716,51.289105],[12.444713,51.289112],[12.444636,51.289298],[12.444634,51.289303],[12.444593,51.289409],[12.444569,51.289484],[12.44451,51.289673],[12.444484,51.289754],[12.444455,51.289862],[12.444414,51.290013],[12.444403,51.290057],[12.444355,51.290262],[12.444307,51.290469],[12.444305,51.290476],[12.444259,51.290675],[12.444258,51.290681],[12.444227,51.290795],[12.444191,51.290886],[12.444122,51.291058],[12.443976,51.291232],[12.443933,51.291282],[12.443835,51.291356],[12.443753,51.291417],[12.4437,51.291454],[12.44355,51.29156],[12.443538,51.291568],[12.443385,51.291673],[12.443229,51.291781],[12.443068,51.291892],[12.442902,51.292007],[12.442725,51.292129],[12.442718,51.292134],[12.442759,51.292159],[12.442791,51.292178],[12.442802,51.292183],[12.442881,51.292218],[12.442967,51.292255],[12.442846,51.292341],[12.442441,51.292625],[12.442426,51.292635],[12.441662,51.293159],[12.441546,51.293248],[12.441184,51.293493],[12.440636,51.293871],[12.440461,51.293997],[12.439274,51.294828],[12.439203,51.294877],[12.43916,51.294863],[12.43908,51.294835],[12.439029,51.294818],[12.438989,51.294804],[12.438915,51.294779],[12.43864,51.294713],[12.438483,51.294704],[12.438305,51.294717],[12.438183,51.29474],[12.437968,51.294786],[12.437938,51.294792],[12.437201,51.294942],[12.436949,51.294999],[12.436435,51.295106],[12.436308,51.295132],[12.436097,51.29517],[12.435783,51.295216],[12.435361,51.295252],[12.434937,51.295266],[12.434769,51.295271],[12.433415,51.295297],[12.433351,51.295297],[12.433208,51.295301],[12.432366,51.295308]]]}},{"type":"Feature","id":"leipzig-34","properties":{"city":"Leipzig","state":"Sachsen","code":"34","name":"Liebertwolkwitz","name_atlas":"Liebertwolkwitz","population_est":5469,"crime_total":{"cases":190,"rate":3474.0},"homicide":{"cases":0,"rate":0.0},"sexual":{"cases":11,"rate":201.1},"violence_proxy":{"cases":39,"rate":713.1},"property_total":{"cases":39,"rate":713.1},"simple_theft":{"cases":17,"rate":310.8},"aggravated_theft":{"cases":22,"rate":402.3},"fraud":{"cases":47,"rate":859.4},"other_stgb":{"cases":51,"rate":932.5},"secondary_law":{"cases":3,"rate":54.9}},"geometry":{"type":"Polygon","coordinates":[[[12.462,51.288615],[12.461951,51.288648],[12.461455,51.288814],[12.461381,51.288849],[12.461343,51.288867],[12.46131,51.288884],[12.461236,51.289256],[12.461236,51.28926],[12.461177,51.289717],[12.461166,51.289717],[12.460515,51.289704],[12.460501,51.289704],[12.459864,51.289691],[12.459651,51.289687],[12.458769,51.28967],[12.458751,51.28967],[12.457521,51.290631],[12.457322,51.290814],[12.456953,51.291154],[12.456828,51.291272],[12.456796,51.291303],[12.456399,51.291684],[12.455839,51.292221],[12.455777,51.292281],[12.455766,51.292291],[12.455481,51.292565],[12.455403,51.292609],[12.455336,51.292648],[12.455314,51.292661],[12.454802,51.293014],[12.454788,51.293025],[12.45408,51.293565],[12.454072,51.293571],[12.453445,51.294064],[12.453172,51.294284],[12.452892,51.294509],[12.451966,51.295241],[12.451501,51.295613],[12.451449,51.295655],[12.451143,51.295813],[12.451103,51.295795],[12.451081,51.295784],[12.451071,51.295779],[12.450374,51.295476],[12.450157,51.295382],[12.449927,51.295282],[12.449709,51.295187],[12.449697,51.295182],[12.449456,51.295077],[12.449246,51.294986],[12.449021,51.294888],[12.448795,51.29479],[12.448569,51.294692],[12.448393,51.294615],[12.44838,51.294609],[12.44819,51.294527],[12.447891,51.294398],[12.447504,51.29423],[12.447481,51.29422],[12.447315,51.294148],[12.447183,51.294091],[12.44713,51.294068],[12.446787,51.29392],[12.446582,51.293831],[12.446377,51.293742],[12.446118,51.29363],[12.445858,51.293518],[12.445563,51.29339],[12.445282,51.293268],[12.445268,51.293262],[12.444967,51.29313],[12.444955,51.293125],[12.444768,51.293043],[12.444521,51.292934],[12.444163,51.292777],[12.44415,51.292772],[12.443804,51.292623],[12.443756,51.292603],[12.443686,51.292572],[12.443022,51.292279],[12.442975,51.292259],[12.442967,51.292255],[12.442881,51.292218],[12.442802,51.292183],[12.442791,51.292178],[12.442759,51.292159],[12.442718,51.292134],[12.442725,51.292129],[12.442902,51.292007],[12.443068,51.291892],[12.443229,51.291781],[12.443385,51.291673],[12.443538,51.291568],[12.44355,51.29156],[12.4437,51.291454],[12.443753,51.291417],[12.443835,51.291356],[12.443933,51.291282],[12.443976,51.291232],[12.444122,51.291058],[12.444191,51.290886],[12.444227,51.290795],[12.444258,51.290681],[12.444259,51.290675],[12.444305,51.290476],[12.444307,51.290469],[12.444355,51.290262],[12.444403,51.290057],[12.444414,51.290013],[12.444455,51.289862],[12.444484,51.289754],[12.44451,51.289673],[12.444569,51.289484],[12.444593,51.289409],[12.444634,51.289303],[12.444636,51.289298],[12.444713,51.289112],[12.444716,51.289105],[12.444793,51.288927],[12.444874,51.288742],[12.444951,51.288565],[12.444954,51.288557],[12.445033,51.288379],[12.445107,51.288213],[12.445127,51.288168],[12.445184,51.288046],[12.445261,51.28788],[12.445335,51.287719],[12.445337,51.287715],[12.44541,51.287557],[12.44545,51.287469],[12.445486,51.287401],[12.445566,51.287253],[12.44557,51.287246],[12.445654,51.287091],[12.445694,51.287018],[12.445733,51.286935],[12.445806,51.286777],[12.445825,51.286724],[12.445878,51.286575],[12.445938,51.286406],[12.445994,51.28625],[12.445998,51.286237],[12.446054,51.286074],[12.446055,51.286068],[12.446092,51.28591],[12.446128,51.285755],[12.446129,51.285752],[12.446188,51.285597],[12.446241,51.285455],[12.446248,51.285435],[12.446268,51.285383],[12.446289,51.28531],[12.446325,51.285182],[12.446326,51.285178],[12.446372,51.285047],[12.446417,51.284916],[12.446463,51.284784],[12.446506,51.28466],[12.446509,51.284653],[12.446558,51.284522],[12.446607,51.284392],[12.44663,51.284332],[12.446651,51.284261],[12.446691,51.284129],[12.446731,51.283997],[12.446771,51.283865],[12.446811,51.283733],[12.446854,51.283594],[12.446856,51.283588],[12.4469,51.283442],[12.446942,51.283306],[12.447005,51.283101],[12.447035,51.282975],[12.447067,51.282868],[12.447086,51.282809],[12.447183,51.282508],[12.447354,51.28202],[12.447422,51.281808],[12.447474,51.281649],[12.447563,51.281384],[12.447786,51.280687],[12.447801,51.280641],[12.447816,51.280592],[12.447818,51.280588],[12.447829,51.280545],[12.44783,51.280539],[12.447835,51.28052],[12.447837,51.280514],[12.447842,51.280495],[12.447848,51.280467],[12.447878,51.280338],[12.448169,51.279091],[12.448536,51.27754],[12.448726,51.276741],[12.448832,51.276295],[12.44889,51.276051],[12.448891,51.276047],[12.448925,51.275906],[12.448941,51.275834],[12.448966,51.275726],[12.449012,51.275527],[12.44931,51.274244],[12.449316,51.274219],[12.449317,51.274214],[12.449305,51.274168],[12.449291,51.274113],[12.449279,51.274067],[12.449256,51.27398],[12.449225,51.273864],[12.449187,51.273718],[12.449138,51.273531],[12.449127,51.273489],[12.449106,51.273409],[12.449103,51.273397],[12.44906,51.273232],[12.449045,51.273174],[12.449023,51.273093],[12.448989,51.272966],[12.448918,51.272701],[12.448856,51.272475],[12.448843,51.272416],[12.448774,51.272117],[12.448774,51.272117],[12.448705,51.271817],[12.448657,51.271597],[12.448629,51.271471],[12.448582,51.271255],[12.448622,51.271252],[12.448686,51.271246],[12.448685,51.271237],[12.448495,51.270395],[12.448314,51.269546],[12.448195,51.268938],[12.448053,51.268277],[12.44812,51.26827],[12.448132,51.268269],[12.448249,51.268257],[12.448425,51.26824],[12.448574,51.268228],[12.448649,51.268226],[12.44887,51.268199],[12.449155,51.268125],[12.449248,51.2681],[12.449565,51.268018],[12.449718,51.267962],[12.4499,51.267901],[12.450035,51.267872],[12.450203,51.267835],[12.450327,51.267796],[12.450474,51.26775],[12.450476,51.267749],[12.45074,51.267668],[12.450765,51.267661],[12.450874,51.267627],[12.451689,51.267372],[12.451703,51.267367],[12.451801,51.267336],[12.451915,51.267299],[12.452319,51.267169],[12.45245,51.267127],[12.452479,51.267119],[12.45298,51.266987],[12.452991,51.266983],[12.453087,51.26695],[12.453573,51.266778],[12.454158,51.266572],[12.454324,51.266517],[12.455108,51.266238],[12.455197,51.266206],[12.455267,51.266184],[12.455673,51.266062],[12.456183,51.265912],[12.456233,51.265895],[12.456542,51.265784],[12.456565,51.265776],[12.456834,51.265678],[12.456946,51.265638],[12.457065,51.265589],[12.457839,51.265287],[12.458087,51.265191],[12.458401,51.265076],[12.458768,51.264958],[12.458938,51.264905],[12.458963,51.264897],[12.458972,51.264895],[12.459267,51.264819],[12.459297,51.264812],[12.459416,51.264782],[12.45955,51.264747],[12.459746,51.264697],[12.459884,51.264669],[12.460023,51.264638],[12.460163,51.264608],[12.460281,51.264576],[12.460395,51.264549],[12.46067,51.264462],[12.461,51.264353],[12.4613,51.264247],[12.461606,51.264137],[12.462165,51.263909],[12.462218,51.263887],[12.462384,51.263842],[12.462599,51.263802],[12.462623,51.263797],[12.46271,51.263781],[12.462864,51.263752],[12.462998,51.263719],[12.463083,51.263698],[12.463219,51.263665],[12.46333,51.263638],[12.463499,51.263583],[12.464356,51.2633],[12.464724,51.263202],[12.464828,51.263161],[12.464983,51.2631],[12.465202,51.262987],[12.465402,51.262878],[12.46553,51.262808],[12.465814,51.262702],[12.465857,51.262685],[12.465885,51.262679],[12.465956,51.262662],[12.465995,51.262652],[12.466032,51.262637],[12.466061,51.262625],[12.466248,51.262548],[12.466434,51.262494],[12.466966,51.26234],[12.467181,51.262263],[12.467315,51.262215],[12.467359,51.262192],[12.467422,51.262159],[12.467616,51.262029],[12.467761,51.261884],[12.467798,51.261876],[12.467974,51.26183],[12.46804,51.261817],[12.468138,51.261817],[12.468265,51.261807],[12.468274,51.261807],[12.468288,51.261806],[12.468398,51.261803],[12.468428,51.2618],[12.46856,51.261785],[12.46878,51.261742],[12.469086,51.26169],[12.469336,51.261647],[12.469812,51.2616],[12.469871,51.261594],[12.470252,51.261579],[12.4705,51.26157],[12.470543,51.261569],[12.471066,51.261573],[12.471336,51.261576],[12.471653,51.26158],[12.471658,51.261581],[12.47217,51.261642],[12.472365,51.261666],[12.472985,51.261785],[12.472992,51.261786],[12.473119,51.261813],[12.473603,51.261917],[12.473807,51.261951],[12.473816,51.261953],[12.474215,51.26202],[12.474283,51.262037],[12.47457,51.262102],[12.474774,51.26215],[12.475353,51.262303],[12.475389,51.262313],[12.475959,51.262467],[12.476,51.26248],[12.476252,51.262558],[12.476648,51.262682],[12.476887,51.262763],[12.477139,51.262849],[12.477196,51.262863],[12.478019,51.263151],[12.478129,51.263139],[12.478087,51.263104],[12.478067,51.263047],[12.478054,51.26284],[12.478051,51.262591],[12.478085,51.262375],[12.478077,51.262233],[12.478076,51.26221],[12.478064,51.262042],[12.478053,51.261995],[12.478042,51.261943],[12.478042,51.261942],[12.478042,51.261942],[12.478018,51.261831],[12.477988,51.261692],[12.477871,51.261366],[12.477785,51.261183],[12.477693,51.260952],[12.477687,51.260935],[12.477558,51.260611],[12.477316,51.25991],[12.477233,51.259696],[12.477164,51.259407],[12.477128,51.259206],[12.476999,51.258822],[12.477092,51.258671],[12.477092,51.25867],[12.477398,51.258387],[12.477593,51.258221],[12.477737,51.258122],[12.477751,51.258113],[12.477785,51.258061],[12.477817,51.257996],[12.477855,51.257966],[12.477876,51.257949],[12.477947,51.257923],[12.478318,51.257838],[12.478547,51.257764],[12.478718,51.257714],[12.479331,51.257683],[12.480741,51.257611],[12.481172,51.257634],[12.481761,51.257682],[12.482313,51.257715],[12.483093,51.257686],[12.483917,51.257673],[12.484828,51.257658],[12.486397,51.257633],[12.486482,51.257631],[12.486552,51.25763],[12.487203,51.257618],[12.487955,51.257603],[12.488164,51.257625],[12.488506,51.257994],[12.488608,51.258079],[12.488764,51.258209],[12.488904,51.258371],[12.489004,51.258587],[12.489642,51.258692],[12.490172,51.258864],[12.490192,51.258871],[12.49021,51.258884],[12.490568,51.259154],[12.49085,51.259327],[12.491386,51.259525],[12.491658,51.259704],[12.491837,51.259768],[12.492046,51.259798],[12.492171,51.259893],[12.4922,51.259993],[12.492331,51.260033],[12.492566,51.260183],[12.492795,51.260216],[12.493483,51.260197],[12.492951,51.260786],[12.492929,51.260809],[12.492371,51.261427],[12.491638,51.262229],[12.491616,51.262253],[12.49103,51.262894],[12.490399,51.262771],[12.48982,51.262637],[12.48971,51.262602],[12.488884,51.262337],[12.488675,51.262275],[12.488243,51.262149],[12.488158,51.262122],[12.487781,51.262004],[12.487417,51.261891],[12.487394,51.261884],[12.487378,51.261881],[12.486935,51.2618],[12.486565,51.261766],[12.486045,51.261757],[12.485513,51.261772],[12.485219,51.262636],[12.485138,51.263385],[12.485049,51.264216],[12.484485,51.264383],[12.484228,51.2645],[12.48424,51.264529],[12.484493,51.264854],[12.484702,51.265129],[12.484961,51.265461],[12.485184,51.265595],[12.485418,51.265735],[12.485448,51.265786],[12.485569,51.265994],[12.485863,51.266499],[12.485888,51.266543],[12.485925,51.266605],[12.486338,51.26731],[12.486446,51.267501],[12.486536,51.267662],[12.486563,51.26771],[12.4866,51.267773],[12.486679,51.267905],[12.486716,51.26797],[12.48673,51.267995],[12.486771,51.268066],[12.487046,51.268543],[12.487221,51.268847],[12.487307,51.268908],[12.487331,51.268925],[12.487352,51.268939],[12.48737,51.268979],[12.487381,51.269003],[12.487391,51.269026],[12.48741,51.269067],[12.487457,51.269161],[12.487501,51.269235],[12.487564,51.269361],[12.487669,51.26957],[12.488714,51.271448],[12.488889,51.271776],[12.488908,51.27181],[12.488934,51.271869],[12.489211,51.272491],[12.489252,51.272588],[12.489254,51.272591],[12.489257,51.272598],[12.489268,51.272624],[12.489275,51.272647],[12.489294,51.272706],[12.489367,51.272931],[12.489384,51.272982],[12.489391,51.273004],[12.489498,51.273161],[12.489502,51.273167],[12.490007,51.274232],[12.490514,51.275187],[12.490569,51.275235],[12.490593,51.275256],[12.490682,51.2754],[12.490818,51.275623],[12.490833,51.275623],[12.490921,51.275624],[12.490969,51.275798],[12.490999,51.275911],[12.491002,51.275921],[12.491092,51.276072],[12.491472,51.276712],[12.491679,51.27713],[12.491753,51.277281],[12.491826,51.277281],[12.491844,51.277281],[12.491948,51.27728],[12.492072,51.277293],[12.492277,51.277314],[12.49233,51.277315],[12.49289,51.277328],[12.493155,51.277334],[12.493404,51.277355],[12.493554,51.277368],[12.493525,51.277747],[12.493509,51.277969],[12.493504,51.27805],[12.49349,51.278274],[12.493471,51.278582],[12.493467,51.278653],[12.493431,51.278964],[12.493396,51.279272],[12.493378,51.279425],[12.493367,51.27952],[12.493427,51.279689],[12.493518,51.279946],[12.493598,51.280198],[12.493606,51.280223],[12.493647,51.280349],[12.493818,51.280812],[12.493937,51.281199],[12.493971,51.281305],[12.49406,51.28158],[12.493977,51.281653],[12.493809,51.2818],[12.493805,51.281803],[12.493782,51.281821],[12.493203,51.282283],[12.493011,51.282435],[12.492415,51.282906],[12.49143,51.283706],[12.490817,51.284148],[12.490445,51.284404],[12.490231,51.284551],[12.489762,51.284895],[12.489535,51.285061],[12.489469,51.28511],[12.489449,51.285125],[12.489448,51.285127],[12.48943,51.285157],[12.489422,51.285172],[12.489384,51.285237],[12.489375,51.285253],[12.489372,51.285258],[12.489357,51.285284],[12.489349,51.285345],[12.489345,51.285367],[12.489291,51.285468],[12.489276,51.285496],[12.489253,51.285624],[12.489256,51.285639],[12.489283,51.285757],[12.489332,51.285831],[12.489338,51.285849],[12.489391,51.286008],[12.48938,51.286087],[12.489301,51.286185],[12.489284,51.286196],[12.489123,51.286302],[12.489106,51.286313],[12.489061,51.286343],[12.489051,51.286347],[12.488975,51.286376],[12.488913,51.2864],[12.488766,51.286439],[12.488699,51.286453],[12.488416,51.286539],[12.488234,51.286586],[12.488155,51.286597],[12.48797,51.286658],[12.487903,51.2867],[12.487558,51.286951],[12.487551,51.286957],[12.487549,51.286958],[12.487261,51.287118],[12.487109,51.287142],[12.486807,51.287147],[12.486736,51.287161],[12.48646,51.28726],[12.486339,51.287284],[12.48631,51.287288],[12.486114,51.287312],[12.48602,51.287316],[12.485817,51.287302],[12.485611,51.287305],[12.485514,51.287325],[12.485477,51.287329],[12.485254,51.287356],[12.484916,51.287489],[12.48449,51.287824],[12.484432,51.28787],[12.484387,51.287894],[12.484375,51.287899],[12.484144,51.287988],[12.484024,51.288055],[12.483901,51.288223],[12.483897,51.288229],[12.483617,51.288522],[12.483611,51.288528],[12.483486,51.288645],[12.483347,51.288676],[12.483231,51.288746],[12.483155,51.288771],[12.483011,51.288879],[12.483005,51.288885],[12.482638,51.289227],[12.482572,51.289336],[12.48257,51.289342],[12.482518,51.289458],[12.482374,51.289723],[12.482319,51.289789],[12.482297,51.289889],[12.482295,51.289899],[12.482112,51.290112],[12.482069,51.290132],[12.482025,51.290172],[12.482019,51.290178],[12.481916,51.290253],[12.481762,51.290279],[12.481735,51.29031],[12.481718,51.290353],[12.481767,51.290407],[12.481761,51.29044],[12.481736,51.290573],[12.481736,51.290582],[12.481742,51.29077],[12.481768,51.290837],[12.481752,51.290879],[12.48177,51.291017],[12.48186,51.29113],[12.481864,51.291135],[12.481844,51.291133],[12.481535,51.291103],[12.480407,51.29098],[12.4804,51.290979],[12.477756,51.290636],[12.476759,51.290523],[12.476738,51.29052],[12.476707,51.290517],[12.475644,51.290402],[12.475584,51.290396],[12.474094,51.290235],[12.472581,51.290067],[12.472562,51.290065],[12.472439,51.290051],[12.470714,51.289855],[12.467988,51.28955],[12.467975,51.289548],[12.466375,51.289392],[12.46611,51.28847],[12.466107,51.288462],[12.466091,51.288446],[12.466048,51.288403],[12.465979,51.288369],[12.465937,51.288364],[12.465922,51.288362],[12.465848,51.288353],[12.465799,51.288344],[12.465791,51.288343],[12.465659,51.288329],[12.465479,51.288309],[12.464433,51.288198],[12.464423,51.2882],[12.464319,51.288225],[12.464311,51.288225],[12.463163,51.288174],[12.462891,51.288163],[12.462483,51.288146],[12.462456,51.288144],[12.462413,51.288143],[12.462,51.288615]]]}},{"type":"Feature","id":"leipzig-35","properties":{"city":"Leipzig","state":"Sachsen","code":"35","name":"Holzhausen","name_atlas":"Holzhausen","population_est":6727,"crime_total":{"cases":214,"rate":3181.0},"homicide":{"cases":0,"rate":0.0},"sexual":{"cases":2,"rate":29.7},"violence_proxy":{"cases":48,"rate":713.5},"property_total":{"cases":71,"rate":1055.4},"simple_theft":{"cases":25,"rate":371.6},"aggravated_theft":{"cases":46,"rate":683.8},"fraud":{"cases":28,"rate":416.2},"other_stgb":{"cases":56,"rate":832.5},"secondary_law":{"cases":9,"rate":133.8}},"geometry":{"type":"Polygon","coordinates":[[[12.444772,51.318967],[12.444753,51.31913],[12.444728,51.319338],[12.44469,51.319518],[12.444643,51.319739],[12.444557,51.319979],[12.444555,51.31999],[12.444457,51.319956],[12.444018,51.319811],[12.443722,51.319688],[12.443472,51.319598],[12.443327,51.319558],[12.443283,51.319546],[12.443162,51.319521],[12.443097,51.319503],[12.442933,51.319447],[12.442888,51.319433],[12.44277,51.319386],[12.442597,51.319318],[12.442555,51.319299],[12.442344,51.319175],[12.442166,51.319064],[12.442003,51.318972],[12.441889,51.318882],[12.441821,51.318841],[12.441731,51.318768],[12.441558,51.318627],[12.44139,51.318532],[12.441311,51.318501],[12.441266,51.318488],[12.441172,51.318448],[12.441075,51.318419],[12.441064,51.318418],[12.441062,51.318416],[12.441023,51.318388],[12.441033,51.318262],[12.44103,51.317997],[12.441019,51.317922],[12.441003,51.317542],[12.441003,51.317535],[12.441002,51.317519],[12.441,51.317445],[12.440999,51.317409],[12.441002,51.317386],[12.440999,51.317254],[12.440991,51.317176],[12.440979,51.316982],[12.440969,51.316882],[12.440947,51.316598],[12.440956,51.316451],[12.440958,51.31632],[12.440975,51.316179],[12.440993,51.316147],[12.440998,51.316123],[12.440998,51.31612],[12.440998,51.31612],[12.44099,51.316084],[12.440994,51.316043],[12.440999,51.316013],[12.441005,51.315978],[12.441023,51.315929],[12.441031,51.315916],[12.441046,51.315891],[12.441058,51.315849],[12.441075,51.315758],[12.44109,51.315744],[12.441112,51.315739],[12.441467,51.31573],[12.44173,51.315741],[12.441945,51.315763],[12.442052,51.315458],[12.442069,51.315388],[12.442098,51.315177],[12.44213,51.315026],[12.44214,51.31497],[12.442182,51.314457],[12.442238,51.314277],[12.442432,51.31416],[12.442511,51.314101],[12.442883,51.313614],[12.442889,51.313606],[12.443044,51.313401],[12.443194,51.313192],[12.44331,51.312942],[12.443312,51.312938],[12.44331,51.312936],[12.443246,51.312867],[12.443244,51.312865],[12.443182,51.312855],[12.443369,51.312666],[12.443494,51.31254],[12.443621,51.312466],[12.443736,51.312429],[12.443991,51.312405],[12.444134,51.312391],[12.444136,51.312391],[12.444134,51.312385],[12.444118,51.312331],[12.444116,51.312325],[12.444119,51.31231],[12.44413,51.312299],[12.444142,51.312287],[12.444272,51.31216],[12.444405,51.31201],[12.444472,51.311961],[12.444519,51.311934],[12.444573,51.311914],[12.444672,51.311891],[12.444782,51.311869],[12.444809,51.311864],[12.444823,51.311852],[12.444892,51.311792],[12.44493,51.311754],[12.445011,51.311674],[12.445038,51.311642],[12.445067,51.311455],[12.445062,51.311421],[12.445061,51.311409],[12.445053,51.311357],[12.445053,51.3113],[12.445053,51.311254],[12.445052,51.311161],[12.44503,51.311023],[12.445038,51.310997],[12.445066,51.310963],[12.445261,51.310834],[12.445628,51.310704],[12.445768,51.310629],[12.445824,51.310561],[12.44587,51.310475],[12.445876,51.310408],[12.445838,51.310204],[12.44586,51.310079],[12.445866,51.309994],[12.445936,51.30977],[12.446038,51.309598],[12.44604,51.309594],[12.446232,51.309279],[12.446296,51.309208],[12.446385,51.309147],[12.446571,51.309053],[12.446609,51.309043],[12.446699,51.30902],[12.446711,51.309012],[12.446778,51.308968],[12.446875,51.308789],[12.446938,51.308594],[12.447095,51.308252],[12.447186,51.308073],[12.447256,51.307918],[12.447311,51.307821],[12.447529,51.307447],[12.447736,51.307088],[12.447784,51.306993],[12.447811,51.306905],[12.447814,51.306696],[12.447815,51.306684],[12.447844,51.306483],[12.447963,51.306313],[12.448185,51.306107],[12.448326,51.306024],[12.448428,51.305973],[12.448488,51.305944],[12.448496,51.305934],[12.448498,51.305931],[12.448535,51.305887],[12.44856,51.305848],[12.44861,51.305825],[12.448661,51.305781],[12.448674,51.305771],[12.448694,51.305753],[12.448841,51.305178],[12.448868,51.30493],[12.448859,51.304902],[12.448724,51.304485],[12.448555,51.304132],[12.448434,51.303958],[12.448249,51.303713],[12.448235,51.303702],[12.448183,51.303664],[12.448118,51.303635],[12.447527,51.303374],[12.447473,51.303063],[12.447434,51.302837],[12.447519,51.302744],[12.44753,51.302732],[12.445946,51.302157],[12.445607,51.302034],[12.443303,51.301193],[12.443249,51.301174],[12.443208,51.301181],[12.443162,51.301189],[12.443079,51.301204],[12.443036,51.301178],[12.443018,51.301167],[12.442902,51.301097],[12.44284,51.301059],[12.442759,51.30101],[12.442322,51.300875],[12.441273,51.300552],[12.439317,51.299993],[12.439267,51.299979],[12.437996,51.299623],[12.438397,51.298224],[12.438432,51.298123],[12.438443,51.298093],[12.438664,51.297466],[12.438856,51.296825],[12.438941,51.296433],[12.438973,51.296247],[12.439003,51.29585],[12.439037,51.295401],[12.439044,51.295317],[12.439054,51.295179],[12.439126,51.295034],[12.439192,51.294899],[12.439198,51.294886],[12.439203,51.294877],[12.439274,51.294828],[12.440461,51.293997],[12.440636,51.293871],[12.441184,51.293493],[12.441546,51.293248],[12.441662,51.293159],[12.442426,51.292635],[12.442441,51.292625],[12.442846,51.292341],[12.442967,51.292255],[12.442975,51.292259],[12.443022,51.292279],[12.443686,51.292572],[12.443756,51.292603],[12.443804,51.292623],[12.44415,51.292772],[12.444163,51.292777],[12.444521,51.292934],[12.444768,51.293043],[12.444955,51.293125],[12.444967,51.29313],[12.445268,51.293262],[12.445282,51.293268],[12.445563,51.29339],[12.445858,51.293518],[12.446118,51.29363],[12.446377,51.293742],[12.446582,51.293831],[12.446787,51.29392],[12.44713,51.294068],[12.447183,51.294091],[12.447315,51.294148],[12.447481,51.29422],[12.447504,51.29423],[12.447891,51.294398],[12.44819,51.294527],[12.44838,51.294609],[12.448393,51.294615],[12.448569,51.294692],[12.448795,51.29479],[12.449021,51.294888],[12.449246,51.294986],[12.449456,51.295077],[12.449697,51.295182],[12.449709,51.295187],[12.449927,51.295282],[12.450157,51.295382],[12.450374,51.295476],[12.451071,51.295779],[12.451081,51.295784],[12.451103,51.295795],[12.451143,51.295813],[12.451449,51.295655],[12.451501,51.295613],[12.451966,51.295241],[12.452892,51.294509],[12.453172,51.294284],[12.453445,51.294064],[12.454072,51.293571],[12.45408,51.293565],[12.454788,51.293025],[12.454802,51.293014],[12.455314,51.292661],[12.455336,51.292648],[12.455403,51.292609],[12.455481,51.292565],[12.455766,51.292291],[12.455777,51.292281],[12.455839,51.292221],[12.456399,51.291684],[12.456796,51.291303],[12.456828,51.291272],[12.456953,51.291154],[12.457322,51.290814],[12.457521,51.290631],[12.458751,51.28967],[12.458769,51.28967],[12.459651,51.289687],[12.459864,51.289691],[12.460501,51.289704],[12.460515,51.289704],[12.461166,51.289717],[12.461177,51.289717],[12.461236,51.28926],[12.461236,51.289256],[12.46131,51.288884],[12.461343,51.288867],[12.461381,51.288849],[12.461455,51.288814],[12.461951,51.288648],[12.462,51.288615],[12.462413,51.288143],[12.462456,51.288144],[12.462483,51.288146],[12.462891,51.288163],[12.463163,51.288174],[12.464311,51.288225],[12.464319,51.288225],[12.464423,51.2882],[12.464433,51.288198],[12.465479,51.288309],[12.465659,51.288329],[12.465791,51.288343],[12.465799,51.288344],[12.465848,51.288353],[12.465922,51.288362],[12.465937,51.288364],[12.465979,51.288369],[12.466048,51.288403],[12.466091,51.288446],[12.466107,51.288462],[12.46611,51.28847],[12.466375,51.289392],[12.467975,51.289548],[12.467988,51.28955],[12.470714,51.289855],[12.472439,51.290051],[12.472562,51.290065],[12.472581,51.290067],[12.474094,51.290235],[12.475584,51.290396],[12.475644,51.290402],[12.476707,51.290517],[12.476738,51.29052],[12.476759,51.290523],[12.477756,51.290636],[12.4804,51.290979],[12.480407,51.29098],[12.481535,51.291103],[12.481844,51.291133],[12.481864,51.291135],[12.48186,51.29113],[12.48177,51.291017],[12.481752,51.290879],[12.481768,51.290837],[12.481742,51.29077],[12.481736,51.290582],[12.481736,51.290573],[12.481761,51.29044],[12.481767,51.290407],[12.481718,51.290353],[12.481735,51.29031],[12.481762,51.290279],[12.481916,51.290253],[12.482019,51.290178],[12.482025,51.290172],[12.482069,51.290132],[12.482112,51.290112],[12.482295,51.289899],[12.482297,51.289889],[12.482319,51.289789],[12.482374,51.289723],[12.482518,51.289458],[12.48257,51.289342],[12.482572,51.289336],[12.482638,51.289227],[12.483005,51.288885],[12.483011,51.288879],[12.483155,51.288771],[12.483231,51.288746],[12.483347,51.288676],[12.483486,51.288645],[12.483611,51.288528],[12.483617,51.288522],[12.483897,51.288229],[12.483901,51.288223],[12.484024,51.288055],[12.484144,51.287988],[12.484375,51.287899],[12.484387,51.287894],[12.484432,51.28787],[12.48449,51.287824],[12.484916,51.287489],[12.485254,51.287356],[12.485477,51.287329],[12.485514,51.287325],[12.485611,51.287305],[12.485817,51.287302],[12.48602,51.287316],[12.486114,51.287312],[12.48631,51.287288],[12.486339,51.287284],[12.48646,51.28726],[12.486736,51.287161],[12.486807,51.287147],[12.487109,51.287142],[12.487261,51.287118],[12.487549,51.286958],[12.487551,51.286957],[12.487558,51.286951],[12.487903,51.2867],[12.48797,51.286658],[12.488155,51.286597],[12.488234,51.286586],[12.488416,51.286539],[12.488699,51.286453],[12.488766,51.286439],[12.488913,51.2864],[12.488975,51.286376],[12.489051,51.286347],[12.489061,51.286343],[12.489106,51.286313],[12.489123,51.286302],[12.489284,51.286196],[12.489301,51.286185],[12.48938,51.286087],[12.489391,51.286008],[12.489338,51.285849],[12.489332,51.285831],[12.489283,51.285757],[12.489256,51.285639],[12.489253,51.285624],[12.489276,51.285496],[12.489291,51.285468],[12.489345,51.285367],[12.489349,51.285345],[12.489357,51.285284],[12.489372,51.285258],[12.489375,51.285253],[12.489384,51.285237],[12.489422,51.285172],[12.48943,51.285157],[12.489448,51.285127],[12.489449,51.285125],[12.489469,51.28511],[12.489535,51.285061],[12.489762,51.284895],[12.490231,51.284551],[12.490445,51.284404],[12.490817,51.284148],[12.49143,51.283706],[12.492415,51.282906],[12.493011,51.282435],[12.493203,51.282283],[12.493782,51.281821],[12.493805,51.281803],[12.493809,51.2818],[12.493977,51.281653],[12.49406,51.28158],[12.494103,51.281544],[12.494415,51.281579],[12.494649,51.281606],[12.494907,51.281647],[12.49499,51.28166],[12.495069,51.281672],[12.495137,51.281683],[12.495384,51.28173],[12.495407,51.281734],[12.495472,51.281746],[12.495514,51.281754],[12.495703,51.28179],[12.495859,51.281819],[12.495953,51.281837],[12.495983,51.281842],[12.496227,51.281867],[12.496286,51.281873],[12.496337,51.281878],[12.496502,51.281904],[12.496636,51.281924],[12.49676,51.281943],[12.49698,51.281977],[12.497272,51.282015],[12.497587,51.282065],[12.497864,51.282108],[12.497859,51.282497],[12.497852,51.282643],[12.497848,51.282735],[12.497845,51.282796],[12.497833,51.283046],[12.497944,51.283061],[12.498418,51.283128],[12.498613,51.283155],[12.498657,51.283161],[12.498801,51.283183],[12.499039,51.28322],[12.499297,51.283259],[12.499462,51.283284],[12.499485,51.283287],[12.499558,51.283298],[12.499723,51.283319],[12.499794,51.283328],[12.499956,51.283348],[12.500156,51.283377],[12.50028,51.283362],[12.500295,51.283397],[12.500301,51.283408],[12.500311,51.283432],[12.500333,51.28348],[12.500231,51.283565],[12.500174,51.283613],[12.500078,51.283694],[12.49999,51.283767],[12.499903,51.283839],[12.499882,51.283857],[12.499695,51.284012],[12.499532,51.284147],[12.499517,51.28416],[12.499335,51.284312],[12.49933,51.284316],[12.499297,51.284345],[12.499269,51.284368],[12.499242,51.28439],[12.499151,51.284466],[12.49907,51.284535],[12.49899,51.28462],[12.49885,51.284779],[12.498706,51.284935],[12.498582,51.285072],[12.498563,51.285095],[12.498286,51.285409],[12.498252,51.285454],[12.498164,51.28557],[12.498036,51.285733],[12.49801,51.28576],[12.497924,51.285894],[12.49782,51.286059],[12.497708,51.286224],[12.497604,51.28639],[12.49752,51.286518],[12.497498,51.286553],[12.497423,51.286725],[12.49735,51.286894],[12.497273,51.287068],[12.497196,51.287234],[12.497178,51.28728],[12.497137,51.287412],[12.497081,51.287581],[12.497021,51.287757],[12.497011,51.287791],[12.496971,51.287935],[12.49692,51.288103],[12.496818,51.288435],[12.496774,51.288576],[12.496766,51.288605],[12.496702,51.28878],[12.496624,51.288998],[12.496578,51.289125],[12.497693,51.289363],[12.497964,51.289421],[12.498831,51.289367],[12.499521,51.289313],[12.499631,51.289301],[12.500423,51.289214],[12.500505,51.289739],[12.500569,51.290382],[12.500647,51.290444],[12.500821,51.290496],[12.501042,51.290496],[12.501215,51.291069],[12.501386,51.291614],[12.501597,51.292055],[12.501658,51.292193],[12.501829,51.292599],[12.501974,51.292942],[12.502,51.293028],[12.502,51.293028],[12.502001,51.293029],[12.502011,51.293064],[12.502056,51.293194],[12.502101,51.293324],[12.502146,51.293453],[12.502202,51.293616],[12.502224,51.29368],[12.502327,51.29407],[12.50234,51.294111],[12.502385,51.294231],[12.502529,51.294607],[12.502599,51.294824],[12.502722,51.295206],[12.502736,51.295233],[12.502793,51.295391],[12.502874,51.295618],[12.50301,51.296003],[12.503072,51.296106],[12.503295,51.296544],[12.503379,51.296701],[12.503407,51.296759],[12.503629,51.297219],[12.50364,51.297239],[12.50375,51.297465],[12.503828,51.297596],[12.503913,51.297738],[12.504153,51.298129],[12.504275,51.298337],[12.504479,51.298666],[12.504522,51.298758],[12.504603,51.298866],[12.504672,51.298959],[12.504751,51.299064],[12.504839,51.299177],[12.504937,51.299303],[12.505087,51.299503],[12.505125,51.299577],[12.505205,51.299736],[12.505211,51.299759],[12.505226,51.299784],[12.505229,51.299919],[12.505232,51.300025],[12.505176,51.300307],[12.504997,51.300922],[12.504915,51.301524],[12.504883,51.301754],[12.504882,51.301765],[12.504881,51.301855],[12.504876,51.302229],[12.504871,51.302436],[12.504895,51.302881],[12.504895,51.302888],[12.504887,51.303738],[12.504912,51.303817],[12.504913,51.30382],[12.504364,51.303912],[12.504186,51.303941],[12.503412,51.304071],[12.50086,51.304477],[12.500568,51.304524],[12.500542,51.30456],[12.49989,51.305474],[12.499208,51.30643],[12.498835,51.306952],[12.498745,51.307078],[12.498989,51.307083],[12.499307,51.307184],[12.499728,51.307267],[12.499777,51.307276],[12.49996,51.307414],[12.500065,51.307656],[12.500196,51.307957],[12.500209,51.307987],[12.500361,51.308179],[12.500443,51.308405],[12.500479,51.308491],[12.500572,51.308851],[12.5004,51.309252],[12.500358,51.309264],[12.499119,51.309416],[12.499143,51.309626],[12.499234,51.309792],[12.499496,51.310058],[12.499565,51.310117],[12.49976,51.310313],[12.499838,51.31039],[12.499915,51.310467],[12.50085,51.311467],[12.501403,51.312022],[12.501717,51.31234],[12.502114,51.312807],[12.502215,51.31293],[12.502327,51.313101],[12.502472,51.313293],[12.502716,51.313627],[12.503328,51.314444],[12.503417,51.31457],[12.503589,51.314789],[12.503703,51.314934],[12.503839,51.315107],[12.503844,51.315113],[12.504299,51.315739],[12.504379,51.315857],[12.504441,51.315949],[12.504523,51.316036],[12.504704,51.316215],[12.505013,51.316484],[12.505197,51.316644],[12.505254,51.316697],[12.50502,51.316802],[12.50483,51.316888],[12.504045,51.316941],[12.503822,51.316945],[12.503682,51.316929],[12.50284,51.316853],[12.502767,51.316801],[12.50273,51.316774],[12.502263,51.316767],[12.501847,51.316868],[12.50151,51.316952],[12.501235,51.317043],[12.49976,51.317542],[12.499489,51.31763],[12.498908,51.317877],[12.498847,51.317807],[12.498777,51.317702],[12.498705,51.317594],[12.498537,51.317432],[12.498342,51.317323],[12.498252,51.317239],[12.498138,51.317135],[12.49805,51.317058],[12.496568,51.317024],[12.495023,51.316984],[12.494196,51.316959],[12.493596,51.316945],[12.49106,51.316874],[12.490423,51.316858],[12.488192,51.316833],[12.488036,51.316833],[12.487334,51.316838],[12.4858,51.31683],[12.485728,51.316825],[12.485187,51.316821],[12.484847,51.316818],[12.484449,51.316816],[12.483955,51.316802],[12.483315,51.31679],[12.481655,51.316734],[12.481083,51.316715],[12.480092,51.316684],[12.480032,51.316682],[12.479482,51.316663],[12.478961,51.31665],[12.478957,51.31665],[12.47791,51.31662],[12.476103,51.316588],[12.476103,51.316588],[12.475377,51.316589],[12.474728,51.316602],[12.474582,51.316605],[12.473989,51.316635],[12.47398,51.316635],[12.473973,51.316635],[12.473945,51.316642],[12.473892,51.316656],[12.473166,51.316745],[12.473129,51.316751],[12.473124,51.316751],[12.473052,51.316763],[12.472892,51.316788],[12.472126,51.316942],[12.472058,51.316958],[12.471423,51.317107],[12.471174,51.317165],[12.471139,51.317174],[12.470921,51.317225],[12.470851,51.317241],[12.470471,51.317319],[12.470253,51.317364],[12.470101,51.317399],[12.469563,51.31752],[12.469534,51.317527],[12.469372,51.317564],[12.469304,51.31758],[12.469252,51.317592],[12.469234,51.317596],[12.469171,51.317611],[12.468038,51.317857],[12.467877,51.317898],[12.467271,51.318054],[12.466834,51.318195],[12.466643,51.318257],[12.466494,51.318301],[12.466033,51.31844],[12.465452,51.318617],[12.465384,51.318639],[12.465193,51.3187],[12.464429,51.31891],[12.464398,51.318918],[12.464,51.319007],[12.463943,51.319021],[12.463898,51.319032],[12.46385,51.31904],[12.463394,51.319136],[12.462865,51.319235],[12.462368,51.319299],[12.461947,51.319359],[12.461402,51.319329],[12.46135,51.319327],[12.461288,51.319323],[12.460918,51.319303],[12.460729,51.319293],[12.460465,51.319279],[12.460313,51.319271],[12.460233,51.319267],[12.460214,51.319267],[12.459884,51.31925],[12.459226,51.31921],[12.458567,51.319173],[12.458185,51.319146],[12.458053,51.319137],[12.457408,51.319102],[12.457342,51.318311],[12.457029,51.318322],[12.456952,51.318324],[12.456654,51.318334],[12.456667,51.317936],[12.455721,51.317905],[12.455689,51.317554],[12.454919,51.317562],[12.454466,51.317567],[12.453947,51.317569],[12.453206,51.317439],[12.453056,51.317398],[12.452683,51.317241],[12.452493,51.317166],[12.452354,51.317103],[12.451983,51.316947],[12.451938,51.316929],[12.451892,51.316927],[12.451817,51.316925],[12.451735,51.316914],[12.451419,51.316875],[12.451338,51.316865],[12.451076,51.316832],[12.450914,51.316811],[12.450594,51.316783],[12.450295,51.316758],[12.450296,51.317165],[12.450297,51.317213],[12.450281,51.317337],[12.450202,51.318011],[12.44992,51.317983],[12.44979,51.317978],[12.449445,51.317964],[12.449423,51.318189],[12.449376,51.31844],[12.449253,51.318435],[12.448795,51.318442],[12.448838,51.317901],[12.448809,51.317394],[12.448301,51.317402],[12.448241,51.317896],[12.447649,51.317903],[12.446945,51.317911],[12.445908,51.317976],[12.445879,51.318196],[12.445665,51.318498],[12.445551,51.318659],[12.445459,51.318789],[12.444943,51.318748],[12.444799,51.318737],[12.444772,51.318967]]]}},{"type":"Feature","id":"leipzig-40","properties":{"city":"Leipzig","state":"Sachsen","code":"40","name":"Südvorstadt","name_atlas":"Südvorstadt","population_est":26710,"crime_total":{"cases":1597,"rate":5979.0},"homicide":{"cases":0,"rate":0.0},"sexual":{"cases":20,"rate":74.9},"violence_proxy":{"cases":177,"rate":662.7},"property_total":{"cases":614,"rate":2298.8},"simple_theft":{"cases":206,"rate":771.2},"aggravated_theft":{"cases":408,"rate":1527.5},"fraud":{"cases":201,"rate":752.5},"other_stgb":{"cases":545,"rate":2040.4},"secondary_law":{"cases":40,"rate":149.8}},"geometry":{"type":"Polygon","coordinates":[[[12.364116,51.326767],[12.363942,51.326832],[12.363345,51.327116],[12.363255,51.327184],[12.362975,51.327394],[12.362607,51.327632],[12.362282,51.327781],[12.361906,51.327905],[12.361489,51.328004],[12.360949,51.328062],[12.360507,51.328064],[12.360163,51.328024],[12.359703,51.327938],[12.359632,51.327915],[12.359375,51.327829],[12.359013,51.327673],[12.358591,51.32741],[12.358371,51.327213],[12.358082,51.326865],[12.357603,51.326441],[12.357427,51.326406],[12.3572,51.326397],[12.357044,51.326361],[12.356705,51.326296],[12.356395,51.326236],[12.356395,51.326236],[12.356118,51.326182],[12.356117,51.326182],[12.355794,51.326119],[12.355793,51.326119],[12.355771,51.326115],[12.35579,51.326076],[12.356124,51.325395],[12.356621,51.324366],[12.356698,51.324182],[12.356737,51.324014],[12.356799,51.323583],[12.3568,51.323273],[12.356747,51.322996],[12.356632,51.322621],[12.356491,51.322355],[12.356133,51.321945],[12.355794,51.321666],[12.355579,51.321506],[12.354795,51.320967],[12.354481,51.320735],[12.35405,51.320346],[12.354025,51.320319],[12.353887,51.320168],[12.353399,51.319638],[12.35443,51.31989],[12.355023,51.320036],[12.355127,51.32006],[12.355249,51.320088],[12.356988,51.320486],[12.35747,51.320578],[12.357592,51.320602],[12.35771,51.320624],[12.358948,51.320861],[12.360092,51.321102],[12.360559,51.321158],[12.360805,51.321174],[12.360961,51.321173],[12.361297,51.321171],[12.362083,51.321134],[12.362267,51.32112],[12.36179,51.320708],[12.361554,51.320511],[12.361365,51.320353],[12.361257,51.320249],[12.361207,51.320201],[12.360913,51.319918],[12.360755,51.319766],[12.360394,51.319388],[12.360229,51.319156],[12.359995,51.318773],[12.359838,51.318437],[12.359809,51.318351],[12.359704,51.318042],[12.359624,51.317643],[12.35963,51.317317],[12.3597,51.316944],[12.359771,51.316692],[12.359895,51.316388],[12.360095,51.316041],[12.360204,51.31589],[12.360268,51.315801],[12.360409,51.315633],[12.360612,51.315422],[12.360732,51.315298],[12.361446,51.314618],[12.3619,51.314158],[12.362793,51.314285],[12.363475,51.314356],[12.365605,51.314425],[12.366842,51.31449],[12.368356,51.314577],[12.369903,51.314673],[12.371496,51.31477],[12.373317,51.314874],[12.376589,51.314869],[12.378319,51.314876],[12.381593,51.314891],[12.382728,51.314895],[12.383494,51.314813],[12.388522,51.314827],[12.388531,51.314827],[12.388865,51.314829],[12.387055,51.318225],[12.386836,51.318652],[12.385878,51.320521],[12.385796,51.32068],[12.38579,51.320692],[12.385712,51.320844],[12.383933,51.324313],[12.383643,51.325],[12.383356,51.325846],[12.382437,51.325659],[12.382434,51.325658],[12.382352,51.325642],[12.382359,51.325109],[12.382315,51.324845],[12.382153,51.324854],[12.380649,51.324934],[12.380649,51.324934],[12.380521,51.324941],[12.380394,51.324947],[12.380393,51.324947],[12.378995,51.325017],[12.378994,51.325017],[12.378873,51.325023],[12.378749,51.325029],[12.378748,51.325029],[12.377024,51.325117],[12.377023,51.325117],[12.376912,51.325123],[12.376903,51.325123],[12.376778,51.325129],[12.376778,51.325129],[12.375796,51.325179],[12.374985,51.32522],[12.374852,51.325227],[12.37366,51.325273],[12.370189,51.325459],[12.370189,51.325459],[12.370063,51.325465],[12.36998,51.325369],[12.369979,51.325369],[12.369897,51.325273],[12.369638,51.325258],[12.369638,51.325258],[12.369502,51.32525],[12.368834,51.325212],[12.368355,51.325236],[12.368174,51.325247],[12.36764,51.32529],[12.367363,51.325312],[12.36735,51.325318],[12.36735,51.325318],[12.367227,51.325379],[12.367226,51.325379],[12.367073,51.325455],[12.366886,51.325536],[12.366884,51.325537],[12.364935,51.326389],[12.36472,51.326508],[12.364592,51.326599],[12.364503,51.326793],[12.364329,51.326759],[12.364271,51.326754],[12.364223,51.32675],[12.364116,51.326767]]]}},{"type":"Feature","id":"leipzig-41","properties":{"city":"Leipzig","state":"Sachsen","code":"41","name":"Connewitz","name_atlas":"Connewitz","population_est":19946,"crime_total":{"cases":1470,"rate":7370.0},"homicide":{"cases":0,"rate":0.0},"sexual":{"cases":23,"rate":115.3},"violence_proxy":{"cases":227,"rate":1138.1},"property_total":{"cases":513,"rate":2571.9},"simple_theft":{"cases":231,"rate":1158.1},"aggravated_theft":{"cases":282,"rate":1413.8},"fraud":{"cases":148,"rate":742.0},"other_stgb":{"cases":525,"rate":2632.1},"secondary_law":{"cases":34,"rate":170.5}},"geometry":{"type":"Polygon","coordinates":[[[12.361446,51.314618],[12.360732,51.315298],[12.360612,51.315422],[12.360409,51.315633],[12.360268,51.315801],[12.360204,51.31589],[12.360095,51.316041],[12.359895,51.316388],[12.359771,51.316692],[12.3597,51.316944],[12.35963,51.317317],[12.359624,51.317643],[12.359704,51.318042],[12.359809,51.318351],[12.359838,51.318437],[12.359995,51.318773],[12.360229,51.319156],[12.360394,51.319388],[12.360755,51.319766],[12.360913,51.319918],[12.361207,51.320201],[12.361257,51.320249],[12.361365,51.320353],[12.361554,51.320511],[12.36179,51.320708],[12.362267,51.32112],[12.362083,51.321134],[12.361297,51.321171],[12.360961,51.321173],[12.360805,51.321174],[12.360559,51.321158],[12.360092,51.321102],[12.358948,51.320861],[12.35771,51.320624],[12.357592,51.320602],[12.35747,51.320578],[12.356988,51.320486],[12.355249,51.320088],[12.355127,51.32006],[12.355023,51.320036],[12.35443,51.31989],[12.353399,51.319638],[12.353215,51.319378],[12.353214,51.319377],[12.353211,51.319372],[12.353203,51.319361],[12.353041,51.319125],[12.352919,51.31895],[12.352888,51.318898],[12.352833,51.318829],[12.352825,51.318821],[12.35277,51.318766],[12.352715,51.318683],[12.352698,51.318657],[12.352562,51.318521],[12.352466,51.318434],[12.352435,51.318303],[12.352404,51.318248],[12.352163,51.317895],[12.351673,51.317228],[12.351566,51.317056],[12.351531,51.316999],[12.351343,51.316706],[12.351093,51.31631],[12.350809,51.315829],[12.350606,51.315484],[12.350445,51.315219],[12.350287,51.31496],[12.350076,51.314603],[12.349771,51.31409],[12.349583,51.313764],[12.349492,51.31362],[12.349415,51.3135],[12.349407,51.313486],[12.349239,51.3132],[12.349044,51.312871],[12.34895,51.312726],[12.348772,51.312474],[12.34856,51.312195],[12.348315,51.311895],[12.348087,51.311644],[12.347792,51.311313],[12.347749,51.31123],[12.347639,51.311017],[12.347634,51.311007],[12.347373,51.310737],[12.346833,51.310157],[12.346656,51.309983],[12.346624,51.309956],[12.346522,51.309868],[12.346408,51.309791],[12.346337,51.309753],[12.346176,51.309561],[12.346048,51.309426],[12.345919,51.309317],[12.345564,51.308924],[12.345302,51.308621],[12.34487,51.308159],[12.344429,51.307673],[12.343745,51.306969],[12.343555,51.30679],[12.342982,51.306293],[12.341908,51.305587],[12.341908,51.305587],[12.341615,51.305395],[12.341381,51.305224],[12.340615,51.304647],[12.340292,51.304356],[12.340215,51.304133],[12.340231,51.303614],[12.340199,51.303441],[12.339798,51.30185],[12.339794,51.301816],[12.339775,51.301684],[12.340554,51.30122],[12.340806,51.301072],[12.342508,51.300077],[12.343307,51.299614],[12.345908,51.298108],[12.348737,51.296457],[12.349526,51.296],[12.349596,51.29606],[12.349778,51.296162],[12.349986,51.29625],[12.350109,51.296275],[12.350247,51.29627],[12.350365,51.296245],[12.350577,51.296228],[12.350646,51.29624],[12.350712,51.296279],[12.350851,51.296362],[12.351102,51.296434],[12.351331,51.296464],[12.3514,51.296452],[12.351467,51.296417],[12.351611,51.296293],[12.351718,51.296213],[12.352025,51.296144],[12.352138,51.296114],[12.352219,51.296078],[12.352262,51.29603],[12.352424,51.295824],[12.352621,51.295749],[12.35271,51.295739],[12.352747,51.295762],[12.352791,51.29587],[12.352812,51.295966],[12.352799,51.296037],[12.352821,51.296141],[12.352862,51.296157],[12.353146,51.296154],[12.353523,51.296092],[12.35367,51.2961],[12.353791,51.2961],[12.35411,51.296062],[12.354226,51.296073],[12.354295,51.296113],[12.354346,51.296148],[12.35437,51.296237],[12.354432,51.296293],[12.354476,51.296316],[12.354537,51.296317],[12.354733,51.296311],[12.354847,51.296317],[12.354982,51.296316],[12.355119,51.296317],[12.355156,51.29631],[12.355191,51.296265],[12.355174,51.2962],[12.355135,51.296169],[12.355066,51.296127],[12.354948,51.296068],[12.354857,51.296013],[12.354825,51.295979],[12.354806,51.295959],[12.354713,51.295816],[12.354699,51.29577],[12.354725,51.295733],[12.354928,51.295653],[12.355088,51.295559],[12.355087,51.295507],[12.355138,51.295389],[12.355219,51.295349],[12.355264,51.295349],[12.355504,51.295437],[12.355708,51.295466],[12.355735,51.295469],[12.355755,51.295463],[12.355938,51.295405],[12.355966,51.295395],[12.35594,51.295296],[12.355959,51.295026],[12.355997,51.294716],[12.356022,51.294539],[12.356153,51.29426],[12.356334,51.294061],[12.35635,51.294034],[12.356365,51.29401],[12.356381,51.293984],[12.356389,51.293969],[12.3564,51.293947],[12.356403,51.293941],[12.356598,51.293896],[12.357407,51.293709],[12.358212,51.293523],[12.358982,51.293344],[12.358993,51.293342],[12.359047,51.293329],[12.359053,51.293328],[12.359064,51.293325],[12.359254,51.293282],[12.359264,51.29328],[12.359373,51.293255],[12.359459,51.293235],[12.359561,51.29321],[12.359568,51.293209],[12.359826,51.293148],[12.360017,51.293104],[12.360284,51.293043],[12.360586,51.292972],[12.360632,51.292961],[12.360856,51.292882],[12.360911,51.292863],[12.360971,51.292809],[12.360999,51.292725],[12.361247,51.292631],[12.361257,51.292627],[12.361479,51.292522],[12.361607,51.292461],[12.361665,51.292424],[12.36177,51.292357],[12.361804,51.292336],[12.361832,51.292314],[12.361965,51.292209],[12.361978,51.292198],[12.361998,51.292172],[12.362003,51.292166],[12.362027,51.292134],[12.36204,51.292038],[12.362058,51.292009],[12.362064,51.291999],[12.362069,51.291992],[12.362143,51.291907],[12.362208,51.291842],[12.362224,51.291826],[12.362434,51.291681],[12.36263,51.291546],[12.36271,51.291492],[12.36283,51.29142],[12.362916,51.291369],[12.363038,51.291317],[12.36315,51.291269],[12.363304,51.291214],[12.363393,51.291182],[12.363513,51.291139],[12.363533,51.291131],[12.363548,51.291124],[12.363777,51.291028],[12.363939,51.29096],[12.363993,51.290931],[12.364102,51.290871],[12.364162,51.290829],[12.364204,51.2908],[12.364259,51.290737],[12.364294,51.290626],[12.364287,51.290596],[12.364264,51.290495],[12.364264,51.290437],[12.364326,51.29031],[12.364328,51.290306],[12.364344,51.290276],[12.364354,51.290254],[12.364366,51.290228],[12.364379,51.290199],[12.36439,51.290174],[12.364396,51.29016],[12.364398,51.290156],[12.364405,51.290139],[12.364414,51.290118],[12.364409,51.290052],[12.364398,51.290028],[12.364334,51.289971],[12.364279,51.289939],[12.364141,51.289846],[12.364112,51.289823],[12.364078,51.289796],[12.364065,51.289786],[12.364038,51.289767],[12.364013,51.289748],[12.363969,51.289718],[12.363933,51.289693],[12.363826,51.289661],[12.363801,51.289655],[12.363695,51.289631],[12.363627,51.289623],[12.363543,51.289586],[12.363422,51.289535],[12.363405,51.289528],[12.363389,51.289519],[12.363267,51.289446],[12.363191,51.289397],[12.363092,51.289329],[12.36306,51.289297],[12.363057,51.289289],[12.363035,51.289269],[12.36304,51.289247],[12.363043,51.289213],[12.363085,51.289053],[12.363094,51.289017],[12.363127,51.288896],[12.363148,51.288813],[12.363159,51.288765],[12.36316,51.288762],[12.363181,51.28867],[12.363188,51.288555],[12.363185,51.288501],[12.363193,51.288476],[12.363194,51.288472],[12.363235,51.288437],[12.363242,51.288432],[12.363292,51.288426],[12.36335,51.288418],[12.363418,51.28841],[12.363446,51.288403],[12.363609,51.288367],[12.363671,51.28835],[12.363742,51.288331],[12.363788,51.288318],[12.363813,51.288311],[12.363843,51.288302],[12.363882,51.288289],[12.363991,51.288254],[12.3641,51.288218],[12.364123,51.28821],[12.364171,51.288197],[12.364242,51.288178],[12.364254,51.288175],[12.364261,51.288172],[12.36431,51.288155],[12.36433,51.288149],[12.36444,51.288111],[12.364476,51.288103],[12.364482,51.288102],[12.364489,51.2881],[12.364509,51.288096],[12.364542,51.288088],[12.364594,51.288076],[12.364662,51.288061],[12.364725,51.287999],[12.364859,51.287869],[12.364874,51.287855],[12.364888,51.287841],[12.364896,51.287833],[12.364927,51.287804],[12.365604,51.287145],[12.365641,51.287114],[12.365642,51.287114],[12.365686,51.287087],[12.365725,51.28707],[12.365766,51.287055],[12.365925,51.287007],[12.365967,51.286994],[12.366005,51.286983],[12.366531,51.286823],[12.366631,51.286792],[12.366733,51.286761],[12.366832,51.286731],[12.366834,51.286734],[12.366916,51.28684],[12.366944,51.286876],[12.367023,51.286978],[12.367036,51.286996],[12.36705,51.287013],[12.367199,51.287199],[12.367233,51.287242],[12.367328,51.287361],[12.367425,51.287492],[12.367587,51.287705],[12.367597,51.287719],[12.367602,51.287726],[12.368115,51.28839],[12.36828,51.288604],[12.368562,51.288973],[12.368579,51.288995],[12.36856,51.289001],[12.368643,51.289128],[12.3692,51.289848],[12.369785,51.290607],[12.370365,51.291357],[12.370746,51.29187],[12.371139,51.292359],[12.371164,51.292352],[12.371394,51.292661],[12.371473,51.292768],[12.371482,51.29278],[12.371516,51.292825],[12.371546,51.292868],[12.37155,51.292873],[12.371572,51.292923],[12.371583,51.29295],[12.371598,51.293001],[12.371616,51.293063],[12.371621,51.293078],[12.371633,51.293128],[12.371645,51.293178],[12.371664,51.293261],[12.371727,51.293515],[12.371731,51.293536],[12.371763,51.293657],[12.371775,51.293657],[12.372007,51.293654],[12.372087,51.293653],[12.372168,51.293652],[12.372249,51.293651],[12.372374,51.29365],[12.372643,51.293647],[12.37288,51.293644],[12.372972,51.293643],[12.373091,51.293641],[12.373132,51.293641],[12.373748,51.293633],[12.373796,51.293363],[12.373832,51.293165],[12.373842,51.293145],[12.37392,51.292986],[12.374003,51.292817],[12.374062,51.292699],[12.374106,51.292629],[12.374121,51.292604],[12.374182,51.292529],[12.374381,51.292286],[12.374527,51.292088],[12.375681,51.293347],[12.376582,51.294153],[12.377072,51.294549],[12.377262,51.294702],[12.377783,51.295087],[12.378287,51.295439],[12.378618,51.295651],[12.379462,51.296181],[12.379509,51.296211],[12.379554,51.296237],[12.380779,51.296935],[12.382232,51.297751],[12.383487,51.298499],[12.38387,51.29876],[12.384498,51.299202],[12.384701,51.299344],[12.38475,51.299379],[12.385696,51.300033],[12.386275,51.300491],[12.386337,51.300549],[12.387041,51.301217],[12.387428,51.301628],[12.388071,51.302451],[12.388497,51.3031],[12.388903,51.303748],[12.389247,51.3043],[12.389454,51.304696],[12.389621,51.305049],[12.389746,51.30533],[12.38992,51.305767],[12.390215,51.306556],[12.390318,51.306857],[12.390425,51.3072],[12.390462,51.307384],[12.390498,51.307651],[12.390568,51.308215],[12.390571,51.308581],[12.390531,51.309296],[12.390514,51.309557],[12.390481,51.310132],[12.390417,51.310732],[12.3903,51.311427],[12.390162,51.311992],[12.389984,51.312706],[12.389819,51.313157],[12.389644,51.31352],[12.38951,51.313759],[12.389217,51.314227],[12.389109,51.314403],[12.388956,51.314654],[12.388865,51.314829],[12.388531,51.314827],[12.388522,51.314827],[12.383494,51.314813],[12.382728,51.314895],[12.381593,51.314891],[12.378319,51.314876],[12.376589,51.314869],[12.373317,51.314874],[12.371496,51.31477],[12.369903,51.314673],[12.368356,51.314577],[12.366842,51.31449],[12.365605,51.314425],[12.363475,51.314356],[12.362793,51.314285],[12.3619,51.314158],[12.361446,51.314618]]]}},{"type":"Feature","id":"leipzig-42","properties":{"city":"Leipzig","state":"Sachsen","code":"42","name":"Marienbrunn","name_atlas":"Marienbrunn","population_est":6142,"crime_total":{"cases":285,"rate":4640.0},"homicide":{"cases":0,"rate":0.0},"sexual":{"cases":9,"rate":146.5},"violence_proxy":{"cases":43,"rate":700.1},"property_total":{"cases":95,"rate":1546.7},"simple_theft":{"cases":32,"rate":521.0},"aggravated_theft":{"cases":63,"rate":1025.7},"fraud":{"cases":30,"rate":488.4},"other_stgb":{"cases":102,"rate":1660.7},"secondary_law":{"cases":6,"rate":97.7}},"geometry":{"type":"Polygon","coordinates":[[[12.394221,51.311979],[12.393715,51.312004],[12.393221,51.312061],[12.392774,51.312144],[12.392365,51.312249],[12.391956,51.312375],[12.391623,51.312499],[12.391196,51.312688],[12.390768,51.31291],[12.390387,51.313159],[12.389948,51.313504],[12.3896,51.313812],[12.38917,51.314382],[12.389149,51.314413],[12.388865,51.314829],[12.388956,51.314654],[12.389109,51.314403],[12.389217,51.314227],[12.38951,51.313759],[12.389644,51.31352],[12.389819,51.313157],[12.389984,51.312706],[12.390162,51.311992],[12.3903,51.311427],[12.390417,51.310732],[12.390481,51.310132],[12.390514,51.309557],[12.390531,51.309296],[12.390571,51.308581],[12.390568,51.308215],[12.390498,51.307651],[12.390462,51.307384],[12.390425,51.3072],[12.390318,51.306857],[12.390215,51.306556],[12.38992,51.305767],[12.389746,51.30533],[12.389621,51.305049],[12.389454,51.304696],[12.389247,51.3043],[12.388903,51.303748],[12.388497,51.3031],[12.388766,51.303022],[12.388832,51.303003],[12.389131,51.302992],[12.38933,51.302985],[12.389379,51.302983],[12.390184,51.302954],[12.391075,51.3031],[12.391744,51.303204],[12.392361,51.3033],[12.392586,51.303322],[12.392699,51.303334],[12.392979,51.303358],[12.393179,51.303373],[12.39397,51.303428],[12.394034,51.303433],[12.394776,51.303485],[12.39501,51.303498],[12.395317,51.303515],[12.396339,51.303541],[12.397174,51.303561],[12.397705,51.303569],[12.398073,51.303568],[12.398373,51.303554],[12.399076,51.303494],[12.3993,51.303475],[12.40097,51.303335],[12.401167,51.303315],[12.401673,51.303264],[12.402076,51.303263],[12.402398,51.303281],[12.402735,51.303318],[12.402972,51.30336],[12.403402,51.303458],[12.40375,51.30355],[12.403923,51.303595],[12.404181,51.303663],[12.404682,51.303794],[12.405111,51.303906],[12.405383,51.303984],[12.405669,51.304078],[12.405984,51.304187],[12.406534,51.304424],[12.406778,51.304522],[12.407074,51.304616],[12.4072,51.30465],[12.407416,51.30471],[12.407415,51.30471],[12.407335,51.30478],[12.407313,51.304858],[12.40728,51.304975],[12.407296,51.305066],[12.407307,51.305159],[12.407316,51.305251],[12.407319,51.305346],[12.40732,51.305436],[12.407319,51.305482],[12.407318,51.305527],[12.407308,51.305619],[12.407299,51.305711],[12.407285,51.305801],[12.407265,51.305894],[12.407244,51.305985],[12.407218,51.306076],[12.407188,51.306167],[12.407155,51.306258],[12.406304,51.30842],[12.40518,51.311277],[12.404877,51.312044],[12.40484,51.312135],[12.40484,51.312136],[12.404835,51.31215],[12.403869,51.312739],[12.403744,51.312816],[12.404383,51.313105],[12.40577,51.313718],[12.40587,51.313761],[12.405873,51.313767],[12.405981,51.313958],[12.405926,51.313962],[12.405773,51.31397],[12.405242,51.314],[12.404183,51.31406],[12.403147,51.314119],[12.402112,51.314176],[12.401311,51.31422],[12.401124,51.314231],[12.400799,51.314247],[12.400411,51.314267],[12.400052,51.314006],[12.399658,51.313708],[12.398953,51.313232],[12.398516,51.313],[12.398079,51.312811],[12.397653,51.312636],[12.397299,51.312507],[12.396901,51.312379],[12.396403,51.312256],[12.395815,51.31212],[12.395463,51.312052],[12.395215,51.312008],[12.395014,51.311986],[12.394807,51.311977],[12.394221,51.311979]]]}},{"type":"Feature","id":"leipzig-43","properties":{"city":"Leipzig","state":"Sachsen","code":"43","name":"Lößnig","name_atlas":"Lößnig","population_est":10406,"crime_total":{"cases":666,"rate":6400.0},"homicide":{"cases":1,"rate":9.6},"sexual":{"cases":14,"rate":134.5},"violence_proxy":{"cases":96,"rate":922.5},"property_total":{"cases":299,"rate":2873.3},"simple_theft":{"cases":135,"rate":1297.3},"aggravated_theft":{"cases":164,"rate":1576.0},"fraud":{"cases":64,"rate":615.0},"other_stgb":{"cases":166,"rate":1595.2},"secondary_law":{"cases":26,"rate":249.9}},"geometry":{"type":"Polygon","coordinates":[[[12.407933,51.303424],[12.407533,51.304531],[12.407446,51.304644],[12.407434,51.30466],[12.407416,51.30471],[12.4072,51.30465],[12.407074,51.304616],[12.406778,51.304522],[12.406534,51.304424],[12.405984,51.304187],[12.405669,51.304078],[12.405383,51.303984],[12.405111,51.303906],[12.404682,51.303794],[12.404181,51.303663],[12.403923,51.303595],[12.40375,51.30355],[12.403402,51.303458],[12.402972,51.30336],[12.402735,51.303318],[12.402398,51.303281],[12.402076,51.303263],[12.401673,51.303264],[12.401167,51.303315],[12.40097,51.303335],[12.3993,51.303475],[12.399076,51.303494],[12.398373,51.303554],[12.398073,51.303568],[12.397705,51.303569],[12.397174,51.303561],[12.396339,51.303541],[12.395317,51.303515],[12.39501,51.303498],[12.394776,51.303485],[12.394034,51.303433],[12.39397,51.303428],[12.393179,51.303373],[12.392979,51.303358],[12.392699,51.303334],[12.392586,51.303322],[12.392361,51.3033],[12.391744,51.303204],[12.391075,51.3031],[12.390184,51.302954],[12.389379,51.302983],[12.38933,51.302985],[12.389131,51.302992],[12.388832,51.303003],[12.388766,51.303022],[12.388497,51.3031],[12.388071,51.302451],[12.387428,51.301628],[12.387041,51.301217],[12.386337,51.300549],[12.386275,51.300491],[12.385696,51.300033],[12.38475,51.299379],[12.384701,51.299344],[12.384498,51.299202],[12.38387,51.29876],[12.383487,51.298499],[12.382232,51.297751],[12.380779,51.296935],[12.379554,51.296237],[12.379509,51.296211],[12.379655,51.296072],[12.379851,51.295891],[12.380081,51.29572],[12.380561,51.295576],[12.380746,51.295507],[12.380954,51.29547],[12.381196,51.295444],[12.381507,51.295416],[12.381738,51.295352],[12.382246,51.295143],[12.382621,51.295045],[12.383351,51.294888],[12.383986,51.29457],[12.384045,51.294541],[12.384071,51.294528],[12.384093,51.294517],[12.384239,51.294377],[12.384287,51.294168],[12.384385,51.294163],[12.384491,51.29411],[12.384538,51.294118],[12.384605,51.294148],[12.384922,51.294068],[12.385156,51.294022],[12.38533,51.294006],[12.385431,51.294005],[12.385499,51.294006],[12.385519,51.294008],[12.385621,51.293995],[12.385706,51.293987],[12.385853,51.29402],[12.38593,51.293998],[12.386155,51.293933],[12.386847,51.294184],[12.38698,51.294236],[12.387103,51.294117],[12.387698,51.293546],[12.38783,51.293599],[12.387833,51.2936],[12.388127,51.293717],[12.388246,51.29375],[12.388376,51.293775],[12.388791,51.293805],[12.388826,51.293807],[12.389011,51.293818],[12.389136,51.293825],[12.389189,51.293828],[12.389513,51.293843],[12.391237,51.293839],[12.391255,51.29384],[12.391422,51.293844],[12.39151,51.293849],[12.391553,51.293854],[12.391906,51.293934],[12.39194,51.29396],[12.391941,51.294052],[12.391955,51.294089],[12.391988,51.294121],[12.392025,51.29414],[12.392088,51.294162],[12.39214,51.29417],[12.392267,51.294188],[12.392533,51.294234],[12.392865,51.294296],[12.393124,51.294333],[12.393223,51.294342],[12.393578,51.294363],[12.393806,51.294385],[12.394256,51.294406],[12.394722,51.294424],[12.394841,51.294427],[12.395407,51.294438],[12.396121,51.294457],[12.396304,51.294463],[12.397633,51.294482],[12.397651,51.294483],[12.398906,51.294515],[12.39892,51.294516],[12.399098,51.294522],[12.399478,51.294534],[12.400822,51.294579],[12.401046,51.294579],[12.404951,51.294581],[12.405027,51.294597],[12.405132,51.294648],[12.40535,51.294758],[12.406186,51.295185],[12.406591,51.29541],[12.407384,51.29585],[12.40795,51.296157],[12.40861,51.296557],[12.409067,51.296867],[12.409861,51.297444],[12.409935,51.297485],[12.410052,51.297512],[12.41069,51.297636],[12.410955,51.297713],[12.411118,51.297786],[12.411086,51.297821],[12.41107,51.297838],[12.410919,51.298095],[12.410774,51.298337],[12.410471,51.298941],[12.410468,51.298947],[12.410132,51.299539],[12.410056,51.299559],[12.409437,51.299619],[12.409191,51.299642],[12.409187,51.299653],[12.408906,51.300517],[12.408473,51.301848],[12.408383,51.302123],[12.408266,51.302483],[12.407933,51.303424]]]}},{"type":"Feature","id":"leipzig-44","properties":{"city":"Leipzig","state":"Sachsen","code":"44","name":"Dölitz-Dösen","name_atlas":"Dölitz-Dösen","population_est":4874,"crime_total":{"cases":368,"rate":7550.0},"homicide":{"cases":0,"rate":0.0},"sexual":{"cases":3,"rate":61.6},"violence_proxy":{"cases":64,"rate":1313.1},"property_total":{"cases":145,"rate":2975.0},"simple_theft":{"cases":57,"rate":1169.5},"aggravated_theft":{"cases":88,"rate":1805.5},"fraud":{"cases":29,"rate":595.0},"other_stgb":{"cases":114,"rate":2338.9},"secondary_law":{"cases":13,"rate":266.7}},"geometry":{"type":"Polygon","coordinates":[[[12.412635,51.295252],[12.412386,51.295751],[12.411924,51.296532],[12.411542,51.297152],[12.411285,51.297564],[12.411143,51.297767],[12.411118,51.297786],[12.410955,51.297713],[12.41069,51.297636],[12.410052,51.297512],[12.409935,51.297485],[12.409861,51.297444],[12.409067,51.296867],[12.40861,51.296557],[12.40795,51.296157],[12.407384,51.29585],[12.406591,51.29541],[12.406186,51.295185],[12.40535,51.294758],[12.405132,51.294648],[12.405027,51.294597],[12.404951,51.294581],[12.401046,51.294579],[12.400822,51.294579],[12.399478,51.294534],[12.399098,51.294522],[12.39892,51.294516],[12.398906,51.294515],[12.397651,51.294483],[12.397633,51.294482],[12.396304,51.294463],[12.396121,51.294457],[12.395407,51.294438],[12.394841,51.294427],[12.394722,51.294424],[12.394256,51.294406],[12.393806,51.294385],[12.393578,51.294363],[12.393223,51.294342],[12.393124,51.294333],[12.392865,51.294296],[12.392533,51.294234],[12.392267,51.294188],[12.39214,51.29417],[12.392088,51.294162],[12.392025,51.29414],[12.391988,51.294121],[12.391955,51.294089],[12.391941,51.294052],[12.39194,51.29396],[12.391906,51.293934],[12.391553,51.293854],[12.39151,51.293849],[12.391422,51.293844],[12.391255,51.29384],[12.391237,51.293839],[12.389513,51.293843],[12.389189,51.293828],[12.389136,51.293825],[12.389011,51.293818],[12.388826,51.293807],[12.388791,51.293805],[12.388376,51.293775],[12.388246,51.29375],[12.388127,51.293717],[12.387833,51.2936],[12.38783,51.293599],[12.387698,51.293546],[12.387103,51.294117],[12.38698,51.294236],[12.386847,51.294184],[12.386155,51.293933],[12.38593,51.293998],[12.385853,51.29402],[12.385706,51.293987],[12.385621,51.293995],[12.385519,51.294008],[12.385499,51.294006],[12.385431,51.294005],[12.38533,51.294006],[12.385156,51.294022],[12.384922,51.294068],[12.384605,51.294148],[12.384538,51.294118],[12.384491,51.29411],[12.384385,51.294163],[12.384287,51.294168],[12.384239,51.294377],[12.384093,51.294517],[12.384071,51.294528],[12.384045,51.294541],[12.383986,51.29457],[12.383351,51.294888],[12.382621,51.295045],[12.382246,51.295143],[12.381738,51.295352],[12.381507,51.295416],[12.381196,51.295444],[12.380954,51.29547],[12.380746,51.295507],[12.380561,51.295576],[12.380081,51.29572],[12.379851,51.295891],[12.379655,51.296072],[12.379509,51.296211],[12.379462,51.296181],[12.378618,51.295651],[12.378287,51.295439],[12.377783,51.295087],[12.377262,51.294702],[12.377072,51.294549],[12.376582,51.294153],[12.375681,51.293347],[12.374527,51.292088],[12.374674,51.29189],[12.374729,51.291823],[12.37478,51.291762],[12.374948,51.291582],[12.37524,51.291307],[12.375376,51.291077],[12.375377,51.291075],[12.375426,51.291145],[12.375448,51.291141],[12.375898,51.291057],[12.376042,51.291169],[12.37613,51.291238],[12.376157,51.291259],[12.376216,51.291305],[12.37637,51.291425],[12.376394,51.291426],[12.376466,51.291428],[12.376468,51.291133],[12.376473,51.290233],[12.376476,51.29016],[12.376479,51.290099],[12.376496,51.289965],[12.376524,51.289832],[12.376562,51.289699],[12.376981,51.288436],[12.37702,51.288328],[12.377067,51.288221],[12.377121,51.288115],[12.377146,51.288073],[12.377158,51.288052],[12.377177,51.288021],[12.377194,51.287992],[12.377262,51.287891],[12.377336,51.287792],[12.377417,51.287694],[12.37749,51.287594],[12.377617,51.287437],[12.378318,51.286645],[12.379719,51.285062],[12.379698,51.285054],[12.379789,51.284985],[12.379773,51.284967],[12.379917,51.284802],[12.379978,51.284685],[12.380082,51.284553],[12.38009,51.284543],[12.380128,51.284496],[12.380131,51.284492],[12.3803,51.284282],[12.380495,51.284102],[12.38057,51.284034],[12.38083,51.283741],[12.380866,51.283651],[12.380882,51.283609],[12.380917,51.283522],[12.380972,51.28347],[12.381032,51.283441],[12.381162,51.283308],[12.381169,51.283305],[12.381219,51.283283],[12.381395,51.283194],[12.381502,51.283157],[12.381527,51.283148],[12.381681,51.283094],[12.381885,51.282979],[12.381918,51.282964],[12.382061,51.282893],[12.382126,51.282871],[12.382204,51.282845],[12.382361,51.28281],[12.382366,51.282809],[12.382376,51.282807],[12.382391,51.282803],[12.382494,51.282781],[12.382592,51.282766],[12.382703,51.28275],[12.383107,51.282702],[12.383387,51.282665],[12.383406,51.282663],[12.383566,51.282686],[12.383571,51.282687],[12.383713,51.282681],[12.383846,51.282662],[12.383892,51.282655],[12.383956,51.282631],[12.383993,51.282617],[12.384137,51.282563],[12.384154,51.282574],[12.38417,51.282585],[12.384213,51.282557],[12.384224,51.282519],[12.384181,51.28247],[12.384128,51.282399],[12.384105,51.282307],[12.384057,51.282226],[12.384032,51.282131],[12.384032,51.282047],[12.384027,51.282012],[12.384014,51.281955],[12.384016,51.281858],[12.384046,51.281748],[12.384071,51.281703],[12.384266,51.281598],[12.384273,51.281594],[12.384278,51.281598],[12.384292,51.281608],[12.384343,51.281599],[12.384478,51.281576],[12.384709,51.281633],[12.384768,51.28171],[12.384797,51.281749],[12.384799,51.281752],[12.384855,51.281784],[12.384877,51.281772],[12.384904,51.281772],[12.384926,51.281771],[12.384942,51.281802],[12.385008,51.281853],[12.385117,51.28195],[12.385131,51.281953],[12.385154,51.281959],[12.38516,51.281958],[12.38519,51.281951],[12.385186,51.281939],[12.385183,51.281925],[12.38517,51.28191],[12.38513,51.281859],[12.385083,51.281823],[12.385008,51.281766],[12.384976,51.281742],[12.384911,51.28169],[12.384862,51.281697],[12.384825,51.28167],[12.384716,51.281532],[12.384709,51.281511],[12.384664,51.28138],[12.384663,51.281378],[12.384674,51.281372],[12.384795,51.281344],[12.384826,51.281337],[12.384664,51.281159],[12.384607,51.281078],[12.384603,51.281055],[12.384594,51.281],[12.384641,51.28094],[12.384667,51.280908],[12.384881,51.280811],[12.385213,51.280761],[12.385734,51.280735],[12.386261,51.280717],[12.386315,51.280718],[12.38706,51.280728],[12.387107,51.280724],[12.387117,51.280841],[12.387856,51.280803],[12.388001,51.28077],[12.388016,51.280767],[12.388048,51.280759],[12.387666,51.280923],[12.387952,51.280909],[12.387991,51.280907],[12.388215,51.280896],[12.388261,51.280893],[12.388473,51.28088],[12.388652,51.28087],[12.389233,51.280842],[12.389902,51.280804],[12.38989,51.280932],[12.389879,51.281516],[12.389921,51.281519],[12.39143,51.281648],[12.391459,51.281463],[12.391433,51.281293],[12.391422,51.281193],[12.391382,51.281068],[12.391342,51.280928],[12.391315,51.280736],[12.391285,51.280614],[12.39125,51.280506],[12.391237,51.280377],[12.391214,51.280196],[12.391205,51.280147],[12.39121,51.280087],[12.39121,51.279951],[12.391234,51.279852],[12.391357,51.279701],[12.391435,51.279623],[12.391491,51.279559],[12.391527,51.279518],[12.391914,51.279562],[12.39196,51.279567],[12.392196,51.279594],[12.392383,51.279628],[12.392523,51.279644],[12.392682,51.279652],[12.393063,51.279673],[12.393075,51.279672],[12.393116,51.279666],[12.393183,51.279757],[12.393222,51.279848],[12.393244,51.279971],[12.393252,51.280139],[12.393254,51.280393],[12.393256,51.280417],[12.39327,51.280539],[12.393292,51.280677],[12.393312,51.280789],[12.393321,51.280823],[12.39334,51.280884],[12.393394,51.280977],[12.3935,51.281193],[12.393596,51.281283],[12.393657,51.281339],[12.393707,51.281404],[12.393759,51.281512],[12.393806,51.281703],[12.393845,51.281891],[12.393917,51.282078],[12.393979,51.282238],[12.394043,51.282404],[12.39424,51.282422],[12.394394,51.282432],[12.39453,51.282441],[12.394676,51.282452],[12.394798,51.282461],[12.395078,51.282483],[12.395277,51.282507],[12.395295,51.282507],[12.395417,51.282492],[12.395462,51.282486],[12.395502,51.282489],[12.395536,51.282491],[12.395557,51.282493],[12.395986,51.28252],[12.396219,51.282535],[12.396293,51.282538],[12.396495,51.282546],[12.396963,51.282566],[12.397049,51.28257],[12.397094,51.282571],[12.397099,51.282571],[12.397105,51.282572],[12.397134,51.282573],[12.397322,51.28258],[12.397751,51.282597],[12.397814,51.2826],[12.397859,51.282601],[12.398427,51.282624],[12.398525,51.282628],[12.398588,51.282631],[12.398674,51.282636],[12.398677,51.282636],[12.398681,51.282636],[12.398686,51.282636],[12.398759,51.28264],[12.399222,51.282665],[12.399425,51.282689],[12.399645,51.282715],[12.400241,51.282786],[12.400335,51.282798],[12.400648,51.282835],[12.401205,51.282902],[12.401272,51.282682],[12.401288,51.282632],[12.401304,51.282578],[12.401372,51.282353],[12.401381,51.282324],[12.401393,51.282325],[12.401708,51.282363],[12.40282,51.282498],[12.402965,51.28251],[12.403064,51.28251],[12.40311,51.282509],[12.403281,51.282491],[12.403444,51.28246],[12.403578,51.282417],[12.403701,51.282366],[12.404376,51.281922],[12.404441,51.281878],[12.405048,51.281486],[12.405077,51.281502],[12.405771,51.281895],[12.406014,51.282032],[12.406036,51.282034],[12.406093,51.282042],[12.406149,51.28205],[12.406183,51.282056],[12.406325,51.28207],[12.406776,51.282115],[12.406961,51.282125],[12.406996,51.282126],[12.407018,51.282128],[12.40737,51.282157],[12.407417,51.282163],[12.407672,51.282184],[12.407886,51.282201],[12.4081,51.282219],[12.408304,51.282235],[12.408383,51.282242],[12.408509,51.282249],[12.408745,51.282265],[12.408982,51.282281],[12.40921,51.282296],[12.40946,51.282314],[12.40951,51.282317],[12.409603,51.281922],[12.409632,51.281795],[12.409671,51.281632],[12.409675,51.281611],[12.409713,51.281402],[12.409783,51.281035],[12.409874,51.280375],[12.410774,51.280398],[12.411116,51.280405],[12.412288,51.280429],[12.412288,51.280428],[12.4123,51.279981],[12.41259,51.279977],[12.412519,51.279103],[12.412514,51.279045],[12.412512,51.279014],[12.412572,51.279013],[12.412607,51.279021],[12.412663,51.279018],[12.412697,51.279022],[12.412717,51.279002],[12.412743,51.279],[12.412764,51.279009],[12.412796,51.278986],[12.412839,51.278974],[12.41285,51.27901],[12.412874,51.279034],[12.412883,51.279096],[12.412898,51.279127],[12.412947,51.279107],[12.41297,51.279087],[12.412994,51.279083],[12.413034,51.27907],[12.413045,51.279045],[12.413166,51.279028],[12.41322,51.279038],[12.413253,51.279047],[12.413302,51.279093],[12.413332,51.279089],[12.413353,51.279075],[12.413383,51.279088],[12.41342,51.279074],[12.413458,51.279077],[12.413501,51.27911],[12.413553,51.279125],[12.413594,51.27915],[12.413629,51.279154],[12.413672,51.279206],[12.413725,51.279214],[12.41378,51.279243],[12.413808,51.279257],[12.413835,51.279254],[12.41386,51.279251],[12.413916,51.279265],[12.413936,51.279263],[12.413845,51.279437],[12.413795,51.279609],[12.413754,51.279783],[12.413714,51.280017],[12.414929,51.280114],[12.414749,51.281356],[12.414667,51.281963],[12.414516,51.282936],[12.414375,51.283746],[12.414377,51.28376],[12.414808,51.283734],[12.415287,51.283687],[12.415778,51.283629],[12.416018,51.283588],[12.41603,51.283586],[12.416158,51.283564],[12.416754,51.283443],[12.416738,51.283559],[12.416739,51.283571],[12.416742,51.283639],[12.416743,51.283651],[12.416727,51.283829],[12.41668,51.284339],[12.416666,51.284496],[12.416665,51.284509],[12.416654,51.284624],[12.416652,51.284729],[12.41665,51.284799],[12.417202,51.284752],[12.417789,51.284778],[12.418913,51.284868],[12.419021,51.284887],[12.419711,51.284956],[12.420599,51.285052],[12.42073,51.285057],[12.421015,51.285101],[12.421132,51.285112],[12.421118,51.285164],[12.420707,51.286655],[12.420674,51.286776],[12.420376,51.287865],[12.420371,51.287883],[12.420105,51.28885],[12.420102,51.288862],[12.420572,51.289136],[12.420535,51.289169],[12.420525,51.289177],[12.420522,51.28918],[12.420517,51.289184],[12.42032,51.289751],[12.419998,51.290752],[12.419978,51.290814],[12.419712,51.291626],[12.419652,51.291809],[12.419606,51.291946],[12.419462,51.292381],[12.419283,51.292922],[12.419279,51.292935],[12.419188,51.293211],[12.4191,51.293477],[12.419008,51.293758],[12.418899,51.29409],[12.418828,51.294304],[12.418823,51.294322],[12.417755,51.294244],[12.417718,51.294241],[12.417295,51.294207],[12.415535,51.294066],[12.415395,51.29402],[12.41522,51.294022],[12.414075,51.293919],[12.413434,51.293857],[12.413221,51.293822],[12.413123,51.294081],[12.412914,51.294607],[12.412635,51.295252]]]}},{"type":"Feature","id":"leipzig-50","properties":{"city":"Leipzig","state":"Sachsen","code":"50","name":"Schleußig","name_atlas":"Schleußig","population_est":12527,"crime_total":{"cases":702,"rate":5604.0},"homicide":{"cases":0,"rate":0.0},"sexual":{"cases":7,"rate":55.9},"violence_proxy":{"cases":59,"rate":471.0},"property_total":{"cases":370,"rate":2953.6},"simple_theft":{"cases":108,"rate":862.1},"aggravated_theft":{"cases":262,"rate":2091.5},"fraud":{"cases":80,"rate":638.6},"other_stgb":{"cases":176,"rate":1405.0},"secondary_law":{"cases":10,"rate":79.8}},"geometry":{"type":"Polygon","coordinates":[[[12.351872,51.332415],[12.351537,51.332652],[12.351238,51.332889],[12.351134,51.332972],[12.350478,51.332618],[12.349711,51.332205],[12.349626,51.332168],[12.349531,51.332142],[12.349456,51.332134],[12.349396,51.332132],[12.349393,51.332132],[12.349157,51.332138],[12.349116,51.331966],[12.349058,51.331797],[12.348959,51.331613],[12.348643,51.33112],[12.348504,51.330877],[12.348285,51.330499],[12.348161,51.330336],[12.348048,51.330225],[12.347877,51.330111],[12.347708,51.330026],[12.347627,51.329986],[12.34729,51.329886],[12.347013,51.329822],[12.346724,51.329754],[12.346489,51.329697],[12.346244,51.329594],[12.346141,51.329534],[12.345983,51.329433],[12.34589,51.329363],[12.345748,51.329148],[12.345617,51.328812],[12.345567,51.32865],[12.345421,51.328482],[12.345156,51.328321],[12.344757,51.328178],[12.344106,51.328008],[12.343518,51.327841],[12.342971,51.327662],[12.342328,51.32742],[12.341899,51.327239],[12.341419,51.327003],[12.341042,51.326805],[12.340697,51.326586],[12.340244,51.326276],[12.340243,51.326275],[12.339969,51.326063],[12.339903,51.326011],[12.339586,51.325765],[12.338707,51.324877],[12.338297,51.324361],[12.337951,51.323814],[12.337599,51.323182],[12.33758,51.323111],[12.337442,51.322605],[12.337395,51.322291],[12.337419,51.322115],[12.337437,51.321918],[12.337447,51.321753],[12.337494,51.321594],[12.337448,51.321356],[12.33742,51.321218],[12.337147,51.320544],[12.33696,51.320113],[12.336967,51.320015],[12.337017,51.319765],[12.337087,51.31963],[12.337269,51.319454],[12.337523,51.319336],[12.337898,51.319278],[12.338157,51.319203],[12.338463,51.319153],[12.339015,51.319033],[12.339488,51.318913],[12.339824,51.318803],[12.340063,51.318662],[12.340141,51.318594],[12.340231,51.318486],[12.340236,51.318476],[12.340288,51.318375],[12.340337,51.318264],[12.340378,51.318171],[12.340381,51.318125],[12.340385,51.318028],[12.34037,51.317951],[12.340314,51.317822],[12.340252,51.31773],[12.340144,51.317622],[12.339859,51.317411],[12.339745,51.317298],[12.339679,51.317167],[12.339655,51.31707],[12.339651,51.316982],[12.339696,51.316854],[12.339783,51.316725],[12.339899,51.316627],[12.340002,51.316529],[12.34031,51.316342],[12.340461,51.316165],[12.340457,51.316034],[12.340516,51.315811],[12.340527,51.315773],[12.340636,51.315582],[12.340634,51.315382],[12.340578,51.315233],[12.340534,51.315175],[12.340466,51.315087],[12.340276,51.314884],[12.340167,51.314597],[12.34009,51.314353],[12.340086,51.314179],[12.340106,51.313949],[12.340164,51.313589],[12.340338,51.313242],[12.340605,51.312821],[12.340858,51.3125],[12.341152,51.312022],[12.341455,51.311553],[12.341535,51.311429],[12.341683,51.311178],[12.341863,51.310889],[12.342047,51.310569],[12.342296,51.310349],[12.342499,51.310217],[12.342953,51.310065],[12.343116,51.309985],[12.34327,51.309873],[12.343352,51.309781],[12.343369,51.309639],[12.34336,51.309529],[12.343339,51.309402],[12.343322,51.309351],[12.34311,51.309121],[12.342977,51.309041],[12.342763,51.308973],[12.342472,51.308968],[12.342149,51.308986],[12.341885,51.308973],[12.341753,51.308916],[12.341675,51.308825],[12.341642,51.308714],[12.341682,51.308574],[12.34179,51.308403],[12.341961,51.308226],[12.342136,51.308051],[12.342377,51.307811],[12.342572,51.307685],[12.342802,51.307505],[12.342924,51.307364],[12.342986,51.30719],[12.342994,51.307059],[12.342975,51.306894],[12.342892,51.30678],[12.342718,51.306646],[12.342271,51.306383],[12.342122,51.30621],[12.342019,51.30597],[12.341901,51.30571],[12.341615,51.305395],[12.341908,51.305587],[12.341908,51.305587],[12.342982,51.306293],[12.343555,51.30679],[12.343745,51.306969],[12.344429,51.307673],[12.34487,51.308159],[12.345302,51.308621],[12.345564,51.308924],[12.345919,51.309317],[12.346048,51.309426],[12.346176,51.309561],[12.346337,51.309753],[12.346408,51.309791],[12.346522,51.309868],[12.346624,51.309956],[12.346656,51.309983],[12.346833,51.310157],[12.347373,51.310737],[12.347634,51.311007],[12.347639,51.311017],[12.347749,51.31123],[12.347792,51.311313],[12.348087,51.311644],[12.348315,51.311895],[12.34856,51.312195],[12.348772,51.312474],[12.34895,51.312726],[12.349044,51.312871],[12.349239,51.3132],[12.349407,51.313486],[12.349415,51.3135],[12.349492,51.31362],[12.349583,51.313764],[12.349771,51.31409],[12.350076,51.314603],[12.350287,51.31496],[12.350445,51.315219],[12.350606,51.315484],[12.350809,51.315829],[12.351093,51.31631],[12.351343,51.316706],[12.351531,51.316999],[12.351566,51.317056],[12.351673,51.317228],[12.352163,51.317895],[12.352404,51.318248],[12.352435,51.318303],[12.352466,51.318434],[12.352562,51.318521],[12.352698,51.318657],[12.352715,51.318683],[12.35277,51.318766],[12.352825,51.318821],[12.352833,51.318829],[12.352888,51.318898],[12.352919,51.31895],[12.353041,51.319125],[12.353203,51.319361],[12.353211,51.319372],[12.353214,51.319377],[12.353215,51.319378],[12.353399,51.319638],[12.353887,51.320168],[12.354025,51.320319],[12.35405,51.320346],[12.354481,51.320735],[12.354795,51.320967],[12.355579,51.321506],[12.355794,51.321666],[12.356133,51.321945],[12.356491,51.322355],[12.356632,51.322621],[12.356747,51.322996],[12.3568,51.323273],[12.356799,51.323583],[12.356737,51.324014],[12.356698,51.324182],[12.356621,51.324366],[12.356124,51.325395],[12.35579,51.326076],[12.355771,51.326115],[12.355748,51.326159],[12.35568,51.326289],[12.355102,51.327412],[12.354796,51.328055],[12.354792,51.328061],[12.354771,51.328105],[12.354517,51.328639],[12.353981,51.329737],[12.353767,51.330183],[12.353571,51.330584],[12.353438,51.330828],[12.353266,51.33106],[12.353018,51.331354],[12.352565,51.33184],[12.352406,51.331979],[12.35218,51.332169],[12.351872,51.332415]]]}},{"type":"Feature","id":"leipzig-51","properties":{"city":"Leipzig","state":"Sachsen","code":"51","name":"Plagwitz","name_atlas":"Plagwitz","population_est":17208,"crime_total":{"cases":1758,"rate":10216.0},"homicide":{"cases":1,"rate":5.8},"sexual":{"cases":18,"rate":104.6},"violence_proxy":{"cases":166,"rate":964.7},"property_total":{"cases":921,"rate":5352.2},"simple_theft":{"cases":398,"rate":2312.9},"aggravated_theft":{"cases":523,"rate":3039.3},"fraud":{"cases":219,"rate":1272.7},"other_stgb":{"cases":399,"rate":2318.7},"secondary_law":{"cases":34,"rate":197.6}},"geometry":{"type":"Polygon","coordinates":[[[12.34589,51.329363],[12.345983,51.329433],[12.346141,51.329534],[12.346244,51.329594],[12.346489,51.329697],[12.346724,51.329754],[12.347013,51.329822],[12.34729,51.329886],[12.347627,51.329986],[12.347708,51.330026],[12.347877,51.330111],[12.348048,51.330225],[12.348161,51.330336],[12.348285,51.330499],[12.348504,51.330877],[12.348643,51.33112],[12.348959,51.331613],[12.349058,51.331797],[12.349116,51.331966],[12.349157,51.332138],[12.34886,51.332144],[12.348689,51.332148],[12.347785,51.332169],[12.347155,51.332183],[12.344616,51.332239],[12.344389,51.332244],[12.344321,51.332245],[12.342285,51.332292],[12.3412,51.332316],[12.339385,51.332356],[12.338782,51.33237],[12.337693,51.332394],[12.33761,51.332396],[12.337544,51.332393],[12.337465,51.332383],[12.337347,51.332358],[12.337159,51.332309],[12.336352,51.332096],[12.336262,51.332072],[12.336182,51.332051],[12.335865,51.331967],[12.335327,51.331824],[12.334248,51.331535],[12.33332,51.331281],[12.332157,51.330977],[12.330983,51.330664],[12.330287,51.330479],[12.330049,51.330415],[12.329786,51.330345],[12.327147,51.329638],[12.323982,51.328795],[12.323553,51.328683],[12.323343,51.328683],[12.323342,51.328683],[12.323314,51.328684],[12.322456,51.328774],[12.322196,51.328803],[12.322151,51.328614],[12.321969,51.327824],[12.321838,51.327239],[12.32165,51.326394],[12.321483,51.325866],[12.319841,51.320674],[12.319756,51.320405],[12.322239,51.320387],[12.322339,51.320386],[12.323762,51.320376],[12.323852,51.320375],[12.323964,51.320374],[12.325798,51.320361],[12.326777,51.320353],[12.327844,51.320345],[12.328849,51.320338],[12.329742,51.320332],[12.329865,51.32032],[12.329995,51.320295],[12.330046,51.320284],[12.33018,51.320255],[12.330475,51.320191],[12.331594,51.319949],[12.332641,51.319717],[12.334174,51.319378],[12.334318,51.319348],[12.334481,51.31932],[12.334785,51.319288],[12.335257,51.319248],[12.335623,51.319214],[12.336143,51.319163],[12.336392,51.319128],[12.336647,51.319085],[12.336985,51.319018],[12.337422,51.318931],[12.337611,51.318887],[12.337844,51.318823],[12.338243,51.318707],[12.338512,51.318629],[12.33885,51.31853],[12.339199,51.318429],[12.339351,51.31839],[12.339484,51.318368],[12.339587,51.318355],[12.339599,51.318354],[12.339722,51.318347],[12.339875,51.318348],[12.340061,51.318357],[12.340288,51.318375],[12.340236,51.318476],[12.340231,51.318486],[12.340141,51.318594],[12.340063,51.318662],[12.339824,51.318803],[12.339488,51.318913],[12.339015,51.319033],[12.338463,51.319153],[12.338157,51.319203],[12.337898,51.319278],[12.337523,51.319336],[12.337269,51.319454],[12.337087,51.31963],[12.337017,51.319765],[12.336967,51.320015],[12.33696,51.320113],[12.337147,51.320544],[12.33742,51.321218],[12.337448,51.321356],[12.337494,51.321594],[12.337447,51.321753],[12.337437,51.321918],[12.337419,51.322115],[12.337395,51.322291],[12.337442,51.322605],[12.33758,51.323111],[12.337599,51.323182],[12.337951,51.323814],[12.338297,51.324361],[12.338707,51.324877],[12.339586,51.325765],[12.339903,51.326011],[12.339969,51.326063],[12.340243,51.326275],[12.340244,51.326276],[12.340697,51.326586],[12.341042,51.326805],[12.341419,51.327003],[12.341899,51.327239],[12.342328,51.32742],[12.342971,51.327662],[12.343518,51.327841],[12.344106,51.328008],[12.344757,51.328178],[12.345156,51.328321],[12.345421,51.328482],[12.345567,51.32865],[12.345617,51.328812],[12.345748,51.329148],[12.34589,51.329363]]]}},{"type":"Feature","id":"leipzig-52","properties":{"city":"Leipzig","state":"Sachsen","code":"52","name":"Kleinzschocher","name_atlas":"Kleinzschocher","population_est":11031,"crime_total":{"cases":829,"rate":7515.0},"homicide":{"cases":2,"rate":18.1},"sexual":{"cases":19,"rate":172.2},"violence_proxy":{"cases":120,"rate":1087.8},"property_total":{"cases":326,"rate":2955.3},"simple_theft":{"cases":129,"rate":1169.4},"aggravated_theft":{"cases":197,"rate":1785.9},"fraud":{"cases":143,"rate":1296.3},"other_stgb":{"cases":202,"rate":1831.2},"secondary_law":{"cases":17,"rate":154.1}},"geometry":{"type":"Polygon","coordinates":[[[12.339722,51.318347],[12.339599,51.318354],[12.339587,51.318355],[12.339484,51.318368],[12.339351,51.31839],[12.339199,51.318429],[12.33885,51.31853],[12.338512,51.318629],[12.338243,51.318707],[12.337844,51.318823],[12.337611,51.318887],[12.337422,51.318931],[12.336985,51.319018],[12.336647,51.319085],[12.336392,51.319128],[12.336143,51.319163],[12.335623,51.319214],[12.335257,51.319248],[12.334785,51.319288],[12.334481,51.31932],[12.334318,51.319348],[12.334174,51.319378],[12.332641,51.319717],[12.331594,51.319949],[12.330475,51.320191],[12.33018,51.320255],[12.330046,51.320284],[12.329995,51.320295],[12.329865,51.32032],[12.329742,51.320332],[12.328849,51.320338],[12.327844,51.320345],[12.326777,51.320353],[12.325798,51.320361],[12.323964,51.320374],[12.323852,51.320375],[12.323762,51.320376],[12.322339,51.320386],[12.322239,51.320387],[12.319756,51.320405],[12.319356,51.320407],[12.319185,51.320406],[12.317859,51.3204],[12.31401,51.320434],[12.313713,51.32044],[12.312068,51.320465],[12.311461,51.320511],[12.310969,51.320568],[12.310415,51.320681],[12.309642,51.320854],[12.309229,51.320917],[12.308686,51.320966],[12.308498,51.32097],[12.308292,51.320974],[12.308576,51.320468],[12.309049,51.319695],[12.309443,51.319032],[12.30951,51.318917],[12.309686,51.318647],[12.309909,51.318306],[12.310336,51.317735],[12.31019,51.317679],[12.309599,51.317449],[12.309444,51.317402],[12.309146,51.317312],[12.308875,51.317268],[12.307954,51.317119],[12.3063,51.316824],[12.305992,51.316769],[12.305777,51.316731],[12.305639,51.316707],[12.304502,51.316508],[12.304376,51.316486],[12.304665,51.315796],[12.304684,51.315751],[12.304501,51.315727],[12.304398,51.315713],[12.303059,51.315536],[12.301892,51.315379],[12.301745,51.315344],[12.301437,51.315269],[12.301658,51.315163],[12.30205,51.314956],[12.302466,51.314735],[12.302933,51.314488],[12.303119,51.314389],[12.303951,51.313934],[12.30464,51.313545],[12.304739,51.313491],[12.305249,51.313221],[12.306076,51.312782],[12.306603,51.312506],[12.307339,51.312158],[12.307522,51.31207],[12.307782,51.311925],[12.30785,51.311887],[12.307988,51.311808],[12.307991,51.311806],[12.308007,51.311812],[12.308082,51.311839],[12.308189,51.311878],[12.308377,51.311926],[12.30938,51.312075],[12.310714,51.312271],[12.311215,51.312325],[12.311648,51.312367],[12.311915,51.31238],[12.312194,51.312393],[12.313846,51.312504],[12.31423,51.31253],[12.314649,51.312584],[12.314991,51.312647],[12.315334,51.312729],[12.315634,51.312832],[12.315885,51.312936],[12.315929,51.312953],[12.31613,51.313029],[12.316449,51.313193],[12.316729,51.313367],[12.316972,51.31355],[12.317243,51.313802],[12.317416,51.314003],[12.31763,51.314309],[12.317792,51.314615],[12.317858,51.314762],[12.317859,51.314768],[12.318645,51.314862],[12.318587,51.314748],[12.318477,51.31446],[12.31837,51.31401],[12.318336,51.313712],[12.318301,51.313281],[12.318309,51.312801],[12.318406,51.312282],[12.318503,51.311949],[12.318615,51.311682],[12.318701,51.311538],[12.318783,51.3114],[12.318902,51.31124],[12.3191,51.311024],[12.319338,51.310826],[12.31972,51.310569],[12.320014,51.310413],[12.320373,51.310272],[12.320859,51.310113],[12.322214,51.309736],[12.323594,51.309361],[12.323852,51.309291],[12.326476,51.308484],[12.326969,51.30834],[12.327523,51.308143],[12.328163,51.307879],[12.329525,51.30722],[12.330753,51.306634],[12.33089,51.306566],[12.331259,51.306383],[12.332387,51.305833],[12.333077,51.305462],[12.33389,51.305024],[12.334529,51.304679],[12.335836,51.303951],[12.336922,51.303329],[12.337361,51.303074],[12.338118,51.302636],[12.339162,51.302043],[12.33958,51.301795],[12.339775,51.301684],[12.339794,51.301816],[12.339798,51.30185],[12.340199,51.303441],[12.340231,51.303614],[12.340215,51.304133],[12.340292,51.304356],[12.340615,51.304647],[12.341381,51.305224],[12.341615,51.305395],[12.341901,51.30571],[12.342019,51.30597],[12.342122,51.30621],[12.342271,51.306383],[12.342718,51.306646],[12.342892,51.30678],[12.342975,51.306894],[12.342994,51.307059],[12.342986,51.30719],[12.342924,51.307364],[12.342802,51.307505],[12.342572,51.307685],[12.342377,51.307811],[12.342136,51.308051],[12.341961,51.308226],[12.34179,51.308403],[12.341682,51.308574],[12.341642,51.308714],[12.341675,51.308825],[12.341753,51.308916],[12.341885,51.308973],[12.342149,51.308986],[12.342472,51.308968],[12.342763,51.308973],[12.342977,51.309041],[12.34311,51.309121],[12.343322,51.309351],[12.343339,51.309402],[12.34336,51.309529],[12.343369,51.309639],[12.343352,51.309781],[12.34327,51.309873],[12.343116,51.309985],[12.342953,51.310065],[12.342499,51.310217],[12.342296,51.310349],[12.342047,51.310569],[12.341863,51.310889],[12.341683,51.311178],[12.341535,51.311429],[12.341455,51.311553],[12.341152,51.312022],[12.340858,51.3125],[12.340605,51.312821],[12.340338,51.313242],[12.340164,51.313589],[12.340106,51.313949],[12.340086,51.314179],[12.34009,51.314353],[12.340167,51.314597],[12.340276,51.314884],[12.340466,51.315087],[12.340534,51.315175],[12.340578,51.315233],[12.340634,51.315382],[12.340636,51.315582],[12.340527,51.315773],[12.340516,51.315811],[12.340457,51.316034],[12.340461,51.316165],[12.34031,51.316342],[12.340002,51.316529],[12.339899,51.316627],[12.339783,51.316725],[12.339696,51.316854],[12.339651,51.316982],[12.339655,51.31707],[12.339679,51.317167],[12.339745,51.317298],[12.339859,51.317411],[12.340144,51.317622],[12.340252,51.31773],[12.340314,51.317822],[12.34037,51.317951],[12.340385,51.318028],[12.340381,51.318125],[12.340378,51.318171],[12.340337,51.318264],[12.340288,51.318375],[12.340061,51.318357],[12.339875,51.318348],[12.339722,51.318347]]]}},{"type":"Feature","id":"leipzig-53","properties":{"city":"Leipzig","state":"Sachsen","code":"53","name":"Großzschocher","name_atlas":"Großzschocher","population_est":9293,"crime_total":{"cases":897,"rate":9652.0},"homicide":{"cases":0,"rate":0.0},"sexual":{"cases":18,"rate":193.7},"violence_proxy":{"cases":87,"rate":936.2},"property_total":{"cases":540,"rate":5810.8},"simple_theft":{"cases":371,"rate":3992.3},"aggravated_theft":{"cases":169,"rate":1818.6},"fraud":{"cases":83,"rate":893.1},"other_stgb":{"cases":160,"rate":1721.7},"secondary_law":{"cases":9,"rate":96.8}},"geometry":{"type":"Polygon","coordinates":[[[12.318406,51.312282],[12.318309,51.312801],[12.318301,51.313281],[12.318336,51.313712],[12.31837,51.31401],[12.318477,51.31446],[12.318587,51.314748],[12.318645,51.314862],[12.317859,51.314768],[12.317858,51.314762],[12.317792,51.314615],[12.31763,51.314309],[12.317416,51.314003],[12.317243,51.313802],[12.316972,51.31355],[12.316729,51.313367],[12.316449,51.313193],[12.31613,51.313029],[12.315929,51.312953],[12.315885,51.312936],[12.315634,51.312832],[12.315334,51.312729],[12.314991,51.312647],[12.314649,51.312584],[12.31423,51.31253],[12.313846,51.312504],[12.312194,51.312393],[12.311915,51.31238],[12.311648,51.312367],[12.311215,51.312325],[12.310714,51.312271],[12.30938,51.312075],[12.308377,51.311926],[12.308189,51.311878],[12.308082,51.311839],[12.308007,51.311812],[12.307991,51.311806],[12.307988,51.311808],[12.30785,51.311887],[12.307782,51.311925],[12.307736,51.311915],[12.30756,51.311875],[12.305243,51.311457],[12.304669,51.311352],[12.303914,51.311239],[12.30247,51.311041],[12.300083,51.310717],[12.300078,51.310716],[12.298114,51.310439],[12.297917,51.310407],[12.295125,51.309947],[12.29501,51.309928],[12.294625,51.309864],[12.294586,51.309858],[12.294525,51.309847],[12.294375,51.309822],[12.292644,51.30953],[12.291331,51.309307],[12.291256,51.309294],[12.291172,51.309279],[12.291063,51.309261],[12.290641,51.309189],[12.289921,51.309067],[12.288929,51.308897],[12.287889,51.308721],[12.286687,51.308517],[12.286559,51.308495],[12.28551,51.308318],[12.284884,51.308212],[12.284874,51.30821],[12.284233,51.308097],[12.284225,51.308096],[12.283432,51.307956],[12.283222,51.307921],[12.283156,51.307914],[12.283154,51.307914],[12.283054,51.307903],[12.282434,51.307794],[12.281314,51.307606],[12.281195,51.307581],[12.281189,51.30758],[12.280915,51.307522],[12.280595,51.307447],[12.28059,51.307446],[12.280411,51.307403],[12.280404,51.307402],[12.280431,51.307282],[12.280439,51.307245],[12.280458,51.307156],[12.280483,51.307042],[12.280513,51.306903],[12.280573,51.306633],[12.280663,51.306225],[12.280733,51.305908],[12.28079,51.305647],[12.280859,51.305337],[12.280877,51.305253],[12.280944,51.304952],[12.280967,51.304848],[12.281022,51.304604],[12.281054,51.304461],[12.281063,51.304402],[12.281079,51.304331],[12.281154,51.303992],[12.28123,51.303598],[12.281263,51.303424],[12.281266,51.303408],[12.28127,51.303384],[12.281277,51.303347],[12.281297,51.303245],[12.281332,51.30307],[12.281368,51.302886],[12.281405,51.30269],[12.281318,51.30269],[12.280353,51.302474],[12.279469,51.302272],[12.279258,51.302222],[12.279041,51.30217],[12.278344,51.302014],[12.277574,51.301843],[12.276848,51.301682],[12.27589,51.301476],[12.275861,51.301469],[12.275532,51.301387],[12.275045,51.301275],[12.274098,51.301077],[12.273692,51.300992],[12.273371,51.300912],[12.272711,51.30079],[12.27267,51.300783],[12.272664,51.300782],[12.272643,51.300778],[12.272616,51.300773],[12.27229,51.300715],[12.270975,51.300465],[12.269711,51.300207],[12.268628,51.299993],[12.267499,51.299765],[12.266269,51.29955],[12.265631,51.29945],[12.265085,51.299365],[12.264625,51.299288],[12.264165,51.299228],[12.264009,51.299259],[12.263555,51.29913],[12.263212,51.299037],[12.263126,51.299013],[12.262722,51.298904],[12.262161,51.29876],[12.261673,51.298664],[12.26162,51.298647],[12.261407,51.298578],[12.261167,51.298545],[12.261181,51.298411],[12.261191,51.29832],[12.261205,51.298198],[12.26122,51.298066],[12.261229,51.297983],[12.261238,51.297899],[12.261245,51.297835],[12.261296,51.297384],[12.261315,51.297211],[12.261383,51.296601],[12.261414,51.296317],[12.261447,51.296024],[12.261449,51.296005],[12.261555,51.29505],[12.261586,51.29477],[12.261649,51.294206],[12.261696,51.293782],[12.261731,51.293469],[12.261733,51.293448],[12.261752,51.293282],[12.261767,51.293147],[12.261807,51.292784],[12.261833,51.292545],[12.261848,51.292417],[12.261849,51.292401],[12.261889,51.292046],[12.261961,51.291398],[12.261994,51.291097],[12.262025,51.290824],[12.262061,51.290501],[12.262091,51.290231],[12.262174,51.289484],[12.262246,51.289437],[12.262304,51.289425],[12.262671,51.28935],[12.262866,51.289303],[12.264033,51.28901],[12.264225,51.288962],[12.264443,51.288907],[12.264633,51.288854],[12.265048,51.288732],[12.26509,51.288722],[12.265329,51.288661],[12.265391,51.288645],[12.265496,51.288613],[12.266515,51.28832],[12.266572,51.288297],[12.26658,51.288294],[12.268132,51.287921],[12.268164,51.287911],[12.271944,51.287006],[12.272018,51.286988],[12.272315,51.28689],[12.272322,51.286888],[12.272351,51.286875],[12.272844,51.286668],[12.273095,51.286536],[12.273137,51.28651],[12.273235,51.286452],[12.273527,51.286278],[12.273533,51.286275],[12.273578,51.286279],[12.274427,51.28636],[12.275324,51.286438],[12.27682,51.286555],[12.279585,51.286816],[12.280905,51.286945],[12.282023,51.287044],[12.284606,51.287279],[12.28525,51.287333],[12.285467,51.287352],[12.286275,51.287423],[12.286481,51.287437],[12.286672,51.287451],[12.286856,51.287464],[12.286873,51.287465],[12.287626,51.287512],[12.287638,51.287512],[12.28769,51.287521],[12.288795,51.287608],[12.289455,51.287656],[12.290843,51.287758],[12.292657,51.287891],[12.293634,51.28796],[12.294467,51.28802],[12.294479,51.288021],[12.294518,51.288023],[12.295119,51.288062],[12.295482,51.288069],[12.2961,51.288075],[12.296473,51.288073],[12.29738,51.288049],[12.298425,51.288009],[12.299338,51.287985],[12.300093,51.287986],[12.300328,51.287989],[12.301692,51.288003],[12.30217,51.28801],[12.302792,51.288019],[12.303386,51.288016],[12.303599,51.288011],[12.303608,51.288011],[12.303618,51.288011],[12.303656,51.288012],[12.303668,51.288012],[12.304163,51.288001],[12.304978,51.287962],[12.306218,51.287891],[12.307328,51.287831],[12.30881,51.287774],[12.30973,51.287717],[12.311,51.287651],[12.311208,51.287647],[12.311413,51.287636],[12.311427,51.287635],[12.311564,51.287634],[12.311661,51.287633],[12.311678,51.287633],[12.312478,51.287602],[12.313211,51.287565],[12.313711,51.287529],[12.314072,51.287498],[12.314168,51.287491],[12.31458,51.28747],[12.314592,51.287469],[12.314761,51.287459],[12.314822,51.287456],[12.314936,51.287449],[12.315047,51.287439],[12.315052,51.287438],[12.315062,51.287437],[12.315995,51.287333],[12.316003,51.287327],[12.316058,51.287291],[12.316047,51.28723],[12.316051,51.28723],[12.316159,51.287223],[12.316227,51.287219],[12.316239,51.287219],[12.316852,51.287171],[12.3182,51.28698],[12.318804,51.286884],[12.319368,51.28679],[12.319383,51.286787],[12.320465,51.286499],[12.32145,51.286231],[12.32178,51.285746],[12.321807,51.285707],[12.321824,51.285717],[12.321992,51.28581],[12.322112,51.285928],[12.322331,51.286029],[12.322692,51.286092],[12.323259,51.286178],[12.324127,51.286137],[12.325261,51.286066],[12.325519,51.286113],[12.325691,51.286249],[12.32573,51.286396],[12.325645,51.286723],[12.325599,51.287144],[12.32528,51.287596],[12.325201,51.287875],[12.325281,51.287973],[12.325591,51.288116],[12.325779,51.28814],[12.326771,51.288193],[12.327287,51.288297],[12.327443,51.28834],[12.327472,51.288348],[12.327666,51.288402],[12.327858,51.288403],[12.327893,51.288355],[12.327931,51.288304],[12.32811,51.288064],[12.328304,51.288004],[12.328663,51.287999],[12.330015,51.288292],[12.330385,51.288442],[12.330628,51.288601],[12.330854,51.288813],[12.331272,51.289058],[12.331434,51.289205],[12.331526,51.289407],[12.331494,51.289594],[12.331421,51.289708],[12.331569,51.289717],[12.332151,51.289651],[12.33214,51.289582],[12.332102,51.289339],[12.332123,51.289087],[12.332153,51.28899],[12.332213,51.288906],[12.332371,51.288765],[12.332979,51.288279],[12.333137,51.288159],[12.333239,51.288099],[12.333383,51.288044],[12.333787,51.287839],[12.333949,51.287698],[12.334156,51.287372],[12.334305,51.287136],[12.33435,51.286971],[12.334317,51.286693],[12.334324,51.286598],[12.334377,51.286519],[12.334701,51.286346],[12.335761,51.285763],[12.335695,51.285663],[12.334494,51.284475],[12.334506,51.284455],[12.333928,51.283866],[12.3335,51.283447],[12.333345,51.283299],[12.333171,51.283133],[12.332314,51.282192],[12.331792,51.281607],[12.33137,51.281133],[12.330941,51.280625],[12.33074,51.280392],[12.330665,51.280292],[12.330563,51.280188],[12.330504,51.280199],[12.329488,51.27902],[12.329245,51.278713],[12.329113,51.27854],[12.328861,51.278146],[12.328779,51.277976],[12.32867,51.277729],[12.327898,51.275993],[12.3273,51.274585],[12.326877,51.273591],[12.326849,51.273525],[12.326797,51.273425],[12.326465,51.272794],[12.326446,51.272757],[12.326361,51.272595],[12.326047,51.271998],[12.325911,51.271788],[12.325691,51.27142],[12.324647,51.269961],[12.324249,51.269444],[12.324254,51.269443],[12.32426,51.269441],[12.324363,51.269404],[12.32433,51.269344],[12.324397,51.269302],[12.324518,51.269345],[12.324626,51.269537],[12.325005,51.269455],[12.325133,51.269342],[12.325365,51.269252],[12.325569,51.269205],[12.325404,51.269464],[12.325564,51.269912],[12.325684,51.27007],[12.325818,51.270409],[12.326074,51.270784],[12.326161,51.270835],[12.326616,51.270913],[12.326806,51.270927],[12.327002,51.270884],[12.327126,51.270995],[12.32724,51.271065],[12.327269,51.271124],[12.327338,51.271205],[12.327578,51.271192],[12.327595,51.271191],[12.327671,51.271187],[12.331873,51.270944],[12.331874,51.270928],[12.331929,51.270424],[12.331989,51.269881],[12.332047,51.269346],[12.332104,51.268807],[12.33215,51.268375],[12.332704,51.268445],[12.332975,51.268471],[12.333421,51.268474],[12.333709,51.268463],[12.334371,51.268421],[12.334656,51.26838],[12.334853,51.268341],[12.334947,51.268322],[12.335054,51.268293],[12.335334,51.268267],[12.335579,51.268339],[12.335779,51.268441],[12.335868,51.268498],[12.336112,51.268653],[12.336175,51.268596],[12.336521,51.268164],[12.336718,51.268097],[12.336315,51.267474],[12.336095,51.267153],[12.336071,51.267118],[12.336064,51.267103],[12.336042,51.267073],[12.336392,51.267032],[12.336511,51.267027],[12.33662,51.267031],[12.336789,51.267045],[12.336818,51.267048],[12.336841,51.267052],[12.336992,51.267078],[12.337128,51.267119],[12.337196,51.267155],[12.337213,51.267164],[12.33722,51.267185],[12.337228,51.267212],[12.33726,51.267311],[12.33726,51.267311],[12.337269,51.26734],[12.337284,51.267385],[12.337305,51.267399],[12.337348,51.267427],[12.337397,51.267463],[12.337416,51.267477],[12.337643,51.267572],[12.337726,51.267592],[12.337845,51.267619],[12.337937,51.26764],[12.338287,51.267669],[12.338402,51.267663],[12.338549,51.267639],[12.338689,51.26762],[12.339118,51.267528],[12.339347,51.267499],[12.339597,51.267467],[12.340008,51.267364],[12.340066,51.267375],[12.340146,51.267429],[12.340411,51.267608],[12.340452,51.267636],[12.340608,51.267698],[12.340638,51.267699],[12.340691,51.267701],[12.340721,51.267701],[12.340725,51.267695],[12.340827,51.267545],[12.340845,51.267517],[12.340905,51.267476],[12.341014,51.267502],[12.341178,51.267657],[12.341499,51.267954],[12.341492,51.268058],[12.341436,51.268135],[12.341246,51.268269],[12.341195,51.268319],[12.341089,51.268456],[12.341064,51.268496],[12.341004,51.268594],[12.340912,51.268743],[12.340911,51.268745],[12.340914,51.268753],[12.340931,51.268804],[12.340937,51.268822],[12.340974,51.268861],[12.340983,51.268871],[12.34102,51.26891],[12.341083,51.268944],[12.341237,51.268985],[12.341374,51.269007],[12.341498,51.268987],[12.341765,51.268893],[12.341859,51.26886],[12.342027,51.268812],[12.342182,51.268742],[12.342317,51.268643],[12.342413,51.268394],[12.342522,51.268317],[12.34263,51.268323],[12.342896,51.268347],[12.343073,51.268365],[12.343241,51.268385],[12.343448,51.268348],[12.343499,51.268317],[12.34352,51.268305],[12.343657,51.268221],[12.34379,51.268199],[12.343898,51.268185],[12.34419,51.268222],[12.344436,51.268241],[12.344538,51.268267],[12.344676,51.268302],[12.344785,51.26833],[12.344938,51.268392],[12.344948,51.268396],[12.344964,51.268405],[12.345119,51.268486],[12.345252,51.268652],[12.345312,51.268725],[12.345256,51.268736],[12.345024,51.268774],[12.344984,51.26882],[12.344955,51.268901],[12.344942,51.268938],[12.344934,51.26895],[12.344903,51.269005],[12.344943,51.269111],[12.344997,51.269185],[12.345133,51.269261],[12.345236,51.269432],[12.345165,51.269504],[12.345146,51.269523],[12.345086,51.269584],[12.344974,51.269637],[12.344917,51.269702],[12.344859,51.269747],[12.344866,51.269761],[12.344889,51.269812],[12.344908,51.269855],[12.344872,51.269873],[12.344823,51.269897],[12.344705,51.269902],[12.344656,51.269904],[12.344513,51.269933],[12.344387,51.269982],[12.343868,51.270233],[12.343733,51.270258],[12.343692,51.270237],[12.343452,51.270062],[12.343222,51.269971],[12.343193,51.269975],[12.343039,51.269996],[12.342973,51.270005],[12.342836,51.270109],[12.342825,51.270174],[12.342891,51.270227],[12.343215,51.270327],[12.343232,51.270376],[12.343188,51.270397],[12.343075,51.27045],[12.342869,51.270433],[12.342594,51.270375],[12.342564,51.270377],[12.342469,51.270383],[12.342447,51.270384],[12.342428,51.270435],[12.342419,51.270458],[12.342418,51.27046],[12.34246,51.270632],[12.342412,51.270673],[12.342172,51.270617],[12.34205,51.270604],[12.341959,51.270616],[12.341952,51.270628],[12.341854,51.270784],[12.341847,51.270796],[12.341814,51.270867],[12.341643,51.270875],[12.34159,51.270833],[12.341578,51.270754],[12.341574,51.270726],[12.34158,51.270691],[12.34159,51.270643],[12.341503,51.270515],[12.341338,51.270404],[12.341166,51.270364],[12.340979,51.270361],[12.340798,51.270407],[12.340741,51.270578],[12.340678,51.270673],[12.340632,51.270816],[12.340653,51.270927],[12.340706,51.271009],[12.340927,51.271146],[12.341233,51.27129],[12.341437,51.27135],[12.341619,51.271374],[12.341932,51.271392],[12.342108,51.271413],[12.34225,51.271459],[12.342369,51.271556],[12.342466,51.271604],[12.342582,51.271621],[12.342809,51.271576],[12.342985,51.271504],[12.343079,51.271475],[12.343174,51.271454],[12.3433,51.271467],[12.343493,51.271538],[12.343636,51.271661],[12.343567,51.271737],[12.343539,51.271815],[12.343563,51.271926],[12.343822,51.271989],[12.34392,51.272036],[12.34409,51.272259],[12.344131,51.272313],[12.344164,51.272357],[12.344322,51.272388],[12.344526,51.272277],[12.344685,51.272214],[12.344967,51.272151],[12.345105,51.2721],[12.345187,51.272042],[12.345289,51.272004],[12.345298,51.271964],[12.3453,51.271914],[12.345191,51.271882],[12.34508,51.271888],[12.345031,51.271883],[12.344983,51.271878],[12.344983,51.271875],[12.344994,51.271777],[12.345059,51.271714],[12.345144,51.271564],[12.345208,51.271533],[12.345281,51.271516],[12.345459,51.271544],[12.345708,51.271893],[12.345738,51.271911],[12.346026,51.272086],[12.346063,51.272108],[12.346275,51.272247],[12.34624,51.272293],[12.346132,51.272272],[12.345917,51.272279],[12.345807,51.272344],[12.345771,51.272416],[12.345839,51.272619],[12.345739,51.272866],[12.345674,51.272933],[12.34531,51.273159],[12.345252,51.27316],[12.345115,51.273119],[12.344951,51.273099],[12.344635,51.273138],[12.344422,51.273096],[12.344308,51.273087],[12.344261,51.273151],[12.344286,51.273205],[12.344311,51.27326],[12.344329,51.2733],[12.344393,51.273445],[12.344554,51.273594],[12.344639,51.273723],[12.344798,51.273863],[12.344934,51.273867],[12.345017,51.273785],[12.345122,51.273742],[12.345182,51.273765],[12.345227,51.27386],[12.34514,51.274126],[12.345188,51.274246],[12.34525,51.274271],[12.3453,51.274254],[12.345514,51.27418],[12.345666,51.274128],[12.345762,51.274048],[12.345833,51.273801],[12.345871,51.273756],[12.345992,51.273729],[12.346209,51.27368],[12.346312,51.273657],[12.346346,51.273598],[12.346325,51.273449],[12.346388,51.273437],[12.346514,51.27349],[12.346674,51.273567],[12.346814,51.273609],[12.347042,51.273631],[12.347135,51.273635],[12.347431,51.273643],[12.347561,51.27362],[12.347758,51.273584],[12.347871,51.27361],[12.348006,51.273629],[12.348113,51.273654],[12.348167,51.273674],[12.348198,51.273686],[12.34823,51.273756],[12.348247,51.273785],[12.348253,51.273797],[12.348251,51.273821],[12.348245,51.273865],[12.348232,51.273934],[12.348244,51.273979],[12.348307,51.274136],[12.348319,51.274166],[12.348333,51.274198],[12.34831,51.274235],[12.348291,51.274267],[12.347994,51.274483],[12.347859,51.274704],[12.347458,51.274966],[12.346895,51.275371],[12.346831,51.275421],[12.346773,51.275518],[12.346644,51.275666],[12.346605,51.275815],[12.346602,51.275861],[12.346664,51.275991],[12.346712,51.276051],[12.346765,51.276087],[12.346825,51.276118],[12.346884,51.276136],[12.34699,51.276164],[12.34724,51.276211],[12.347207,51.27624],[12.348391,51.276875],[12.348298,51.277037],[12.348371,51.277891],[12.348421,51.278211],[12.34844,51.278501],[12.348442,51.27859],[12.348447,51.27863],[12.348468,51.278944],[12.348775,51.278913],[12.349295,51.279353],[12.35,51.279941],[12.350014,51.279953],[12.350017,51.279955],[12.350032,51.27997],[12.350082,51.280122],[12.350143,51.280307],[12.350007,51.280334],[12.350029,51.280448],[12.350195,51.280414],[12.350257,51.28041],[12.350294,51.280409],[12.350635,51.280403],[12.350743,51.280613],[12.350794,51.280832],[12.350847,51.280916],[12.350898,51.280967],[12.350983,51.281006],[12.351068,51.281021],[12.35192,51.281067],[12.352121,51.281064],[12.352321,51.281046],[12.352415,51.281037],[12.352476,51.281027],[12.352558,51.281015],[12.352573,51.281047],[12.352573,51.281047],[12.352576,51.281054],[12.352589,51.281081],[12.352621,51.28116],[12.352724,51.281492],[12.352741,51.281525],[12.352714,51.281617],[12.352734,51.281791],[12.352828,51.281937],[12.352866,51.28197],[12.352959,51.282102],[12.352959,51.282152],[12.352984,51.282189],[12.352994,51.282259],[12.352969,51.282384],[12.352934,51.282484],[12.352911,51.282559],[12.352923,51.2827],[12.352946,51.282728],[12.352975,51.282764],[12.353009,51.282806],[12.353021,51.282813],[12.353129,51.282877],[12.353141,51.282887],[12.353262,51.282988],[12.353318,51.283005],[12.35345,51.283046],[12.353466,51.283095],[12.35347,51.283105],[12.353516,51.283165],[12.353509,51.283222],[12.35343,51.283293],[12.353317,51.283355],[12.353266,51.283424],[12.353206,51.283445],[12.353091,51.283413],[12.352894,51.283376],[12.352864,51.283355],[12.352842,51.283335],[12.352842,51.283334],[12.352791,51.283188],[12.352781,51.28314],[12.352825,51.283085],[12.352781,51.282959],[12.352764,51.282914],[12.352762,51.282902],[12.35276,51.282891],[12.352747,51.282868],[12.352693,51.282873],[12.352538,51.282955],[12.352456,51.283031],[12.352334,51.283281],[12.35226,51.283329],[12.35195,51.283364],[12.351899,51.283402],[12.35188,51.283417],[12.351788,51.283485],[12.351771,51.283519],[12.351733,51.283591],[12.351663,51.283727],[12.351598,51.283892],[12.35158,51.283965],[12.351595,51.284084],[12.351599,51.284169],[12.351586,51.284273],[12.351565,51.284382],[12.351562,51.2844],[12.35156,51.284439],[12.35156,51.284449],[12.351561,51.284475],[12.351561,51.284485],[12.351561,51.284498],[12.351574,51.284565],[12.351655,51.284652],[12.351676,51.284675],[12.351922,51.284821],[12.352035,51.284991],[12.352021,51.285185],[12.35203,51.285261],[12.351882,51.285372],[12.351711,51.285449],[12.351219,51.285686],[12.351318,51.285843],[12.351625,51.285994],[12.352063,51.286033],[12.352132,51.286131],[12.351967,51.286329],[12.351731,51.286366],[12.351463,51.28707],[12.351196,51.287772],[12.350953,51.28842],[12.35052,51.288381],[12.350373,51.288733],[12.350228,51.289078],[12.350055,51.289488],[12.34985,51.289859],[12.350799,51.289872],[12.351057,51.289752],[12.351581,51.289644],[12.351606,51.289809],[12.351673,51.289856],[12.351772,51.289895],[12.351875,51.289918],[12.352001,51.289918],[12.352257,51.289847],[12.352362,51.289816],[12.35255,51.289766],[12.352634,51.289782],[12.352673,51.289779],[12.352821,51.28973],[12.35287,51.289736],[12.352912,51.289763],[12.352986,51.289859],[12.353024,51.289917],[12.353184,51.290026],[12.353122,51.290081],[12.353076,51.290103],[12.352991,51.29014],[12.352962,51.290164],[12.352979,51.29022],[12.353018,51.290234],[12.353055,51.290239],[12.353206,51.290203],[12.353252,51.290207],[12.353278,51.290222],[12.353289,51.290247],[12.353272,51.290275],[12.353198,51.290302],[12.353078,51.290339],[12.352942,51.290388],[12.352877,51.290414],[12.3528,51.290485],[12.352809,51.290514],[12.352842,51.290543],[12.352912,51.290555],[12.353277,51.290579],[12.353436,51.290585],[12.353479,51.290595],[12.353492,51.290622],[12.353486,51.290642],[12.353471,51.290679],[12.353406,51.29073],[12.35335,51.290746],[12.353288,51.290752],[12.353241,51.290738],[12.353147,51.290706],[12.353112,51.290711],[12.35305,51.290726],[12.352851,51.290794],[12.352808,51.290805],[12.352758,51.290799],[12.35273,51.290777],[12.352662,51.290698],[12.352586,51.29064],[12.352399,51.290554],[12.352273,51.290491],[12.352159,51.290427],[12.352109,51.290363],[12.352066,51.290347],[12.352029,51.290351],[12.351918,51.290437],[12.351881,51.290465],[12.351828,51.290473],[12.351741,51.290457],[12.351693,51.290424],[12.351666,51.2904],[12.351626,51.290365],[12.351574,51.290337],[12.351494,51.290309],[12.351465,51.290309],[12.351422,51.290321],[12.351353,51.290349],[12.351282,51.290388],[12.351241,51.290419],[12.351226,51.290447],[12.35123,51.290476],[12.35124,51.290518],[12.351288,51.290556],[12.351623,51.290749],[12.35168,51.290765],[12.351727,51.290777],[12.351826,51.290775],[12.351853,51.290779],[12.351892,51.290801],[12.351912,51.290823],[12.351918,51.290856],[12.351899,51.290893],[12.351856,51.290922],[12.351821,51.290948],[12.351725,51.290983],[12.351618,51.291057],[12.351559,51.291137],[12.351537,51.291187],[12.351511,51.291237],[12.351447,51.291281],[12.351347,51.291346],[12.351316,51.291367],[12.351316,51.291376],[12.351235,51.291468],[12.351106,51.291637],[12.351035,51.291812],[12.351006,51.291991],[12.351018,51.292169],[12.351051,51.292346],[12.351086,51.292528],[12.351111,51.292708],[12.351122,51.292885],[12.35112,51.293067],[12.351098,51.293246],[12.351055,51.293427],[12.35099,51.293604],[12.350915,51.293781],[12.350837,51.293953],[12.350779,51.294128],[12.350729,51.294307],[12.350716,51.294485],[12.350747,51.294665],[12.35075,51.294671],[12.350761,51.294703],[12.350783,51.294763],[12.350809,51.294837],[12.350812,51.294842],[12.35092,51.295002],[12.351241,51.295114],[12.351391,51.295167],[12.351444,51.295228],[12.351419,51.295242],[12.351122,51.295345],[12.350952,51.295363],[12.350814,51.295351],[12.35064,51.29535],[12.350558,51.295352],[12.35044,51.295389],[12.350308,51.295462],[12.350121,51.295581],[12.350039,51.295594],[12.349961,51.295587],[12.349945,51.295579],[12.349926,51.295417],[12.349906,51.295371],[12.34989,51.295335],[12.349834,51.295325],[12.349727,51.295306],[12.34968,51.295298],[12.349542,51.295359],[12.34949,51.29541],[12.349462,51.295438],[12.34945,51.295468],[12.349414,51.295563],[12.349411,51.295573],[12.34941,51.295574],[12.349403,51.295593],[12.349399,51.295666],[12.349395,51.295753],[12.349405,51.295898],[12.349487,51.295967],[12.349526,51.296],[12.348737,51.296457],[12.345908,51.298108],[12.343307,51.299614],[12.342508,51.300077],[12.340806,51.301072],[12.340554,51.30122],[12.339775,51.301684],[12.33958,51.301795],[12.339162,51.302043],[12.338118,51.302636],[12.337361,51.303074],[12.336922,51.303329],[12.335836,51.303951],[12.334529,51.304679],[12.33389,51.305024],[12.333077,51.305462],[12.332387,51.305833],[12.331259,51.306383],[12.33089,51.306566],[12.330753,51.306634],[12.329525,51.30722],[12.328163,51.307879],[12.327523,51.308143],[12.326969,51.30834],[12.326476,51.308484],[12.323852,51.309291],[12.323594,51.309361],[12.322214,51.309736],[12.320859,51.310113],[12.320373,51.310272],[12.320014,51.310413],[12.31972,51.310569],[12.319338,51.310826],[12.3191,51.311024],[12.318902,51.31124],[12.318783,51.3114],[12.318701,51.311538],[12.318615,51.311682],[12.318503,51.311949],[12.318406,51.312282]]]}},{"type":"Feature","id":"leipzig-54","properties":{"city":"Leipzig","state":"Sachsen","code":"54","name":"Knautkleeberg-Knauthain","name_atlas":"Knautkleeberg-Knauthain","population_est":5765,"crime_total":{"cases":193,"rate":3348.0},"homicide":{"cases":0,"rate":0.0},"sexual":{"cases":6,"rate":104.1},"violence_proxy":{"cases":36,"rate":624.5},"property_total":{"cases":55,"rate":954.0},"simple_theft":{"cases":26,"rate":451.0},"aggravated_theft":{"cases":29,"rate":503.0},"fraud":{"cases":35,"rate":607.1},"other_stgb":{"cases":55,"rate":954.0},"secondary_law":{"cases":6,"rate":104.1}},"geometry":{"type":"Polygon","coordinates":[[[12.333137,51.288159],[12.332979,51.288279],[12.332371,51.288765],[12.332213,51.288906],[12.332153,51.28899],[12.332123,51.289087],[12.332102,51.289339],[12.33214,51.289582],[12.332151,51.289651],[12.331569,51.289717],[12.331421,51.289708],[12.331494,51.289594],[12.331526,51.289407],[12.331434,51.289205],[12.331272,51.289058],[12.330854,51.288813],[12.330628,51.288601],[12.330385,51.288442],[12.330015,51.288292],[12.328663,51.287999],[12.328304,51.288004],[12.32811,51.288064],[12.327931,51.288304],[12.327893,51.288355],[12.327858,51.288403],[12.327666,51.288402],[12.327472,51.288348],[12.327443,51.28834],[12.327287,51.288297],[12.326771,51.288193],[12.325779,51.28814],[12.325591,51.288116],[12.325281,51.287973],[12.325201,51.287875],[12.32528,51.287596],[12.325599,51.287144],[12.325645,51.286723],[12.32573,51.286396],[12.325691,51.286249],[12.325519,51.286113],[12.325261,51.286066],[12.324127,51.286137],[12.323259,51.286178],[12.322692,51.286092],[12.322331,51.286029],[12.322112,51.285928],[12.321992,51.28581],[12.321824,51.285717],[12.321807,51.285707],[12.32178,51.285746],[12.32145,51.286231],[12.320465,51.286499],[12.319383,51.286787],[12.319368,51.28679],[12.318804,51.286884],[12.3182,51.28698],[12.316852,51.287171],[12.316239,51.287219],[12.316227,51.287219],[12.316159,51.287223],[12.316051,51.28723],[12.316047,51.28723],[12.316058,51.287291],[12.316003,51.287327],[12.315995,51.287333],[12.315062,51.287437],[12.315052,51.287438],[12.315047,51.287439],[12.314936,51.287449],[12.314822,51.287456],[12.314761,51.287459],[12.314592,51.287469],[12.31458,51.28747],[12.314168,51.287491],[12.314072,51.287498],[12.313711,51.287529],[12.313211,51.287565],[12.312478,51.287602],[12.311678,51.287633],[12.311661,51.287633],[12.311564,51.287634],[12.311427,51.287635],[12.311413,51.287636],[12.311208,51.287647],[12.311,51.287651],[12.30973,51.287717],[12.30881,51.287774],[12.307328,51.287831],[12.306218,51.287891],[12.304978,51.287962],[12.304163,51.288001],[12.303668,51.288012],[12.303656,51.288012],[12.303618,51.288011],[12.303608,51.288011],[12.303599,51.288011],[12.303386,51.288016],[12.302792,51.288019],[12.30217,51.28801],[12.301692,51.288003],[12.300328,51.287989],[12.300093,51.287986],[12.299338,51.287985],[12.298425,51.288009],[12.29738,51.288049],[12.296473,51.288073],[12.2961,51.288075],[12.295482,51.288069],[12.295119,51.288062],[12.294518,51.288023],[12.294479,51.288021],[12.294467,51.28802],[12.293634,51.28796],[12.292657,51.287891],[12.290843,51.287758],[12.289455,51.287656],[12.288795,51.287608],[12.28769,51.287521],[12.287638,51.287512],[12.287626,51.287512],[12.286873,51.287465],[12.286856,51.287464],[12.286672,51.287451],[12.286481,51.287437],[12.286275,51.287423],[12.285467,51.287352],[12.28525,51.287333],[12.284606,51.287279],[12.282023,51.287044],[12.280905,51.286945],[12.279585,51.286816],[12.27682,51.286555],[12.275324,51.286438],[12.274427,51.28636],[12.273578,51.286279],[12.273533,51.286275],[12.273615,51.286232],[12.274052,51.286003],[12.274612,51.285671],[12.275071,51.285395],[12.275963,51.284817],[12.276229,51.28463],[12.276676,51.284315],[12.276822,51.284204],[12.277373,51.283783],[12.277565,51.283618],[12.278131,51.283137],[12.2789,51.282544],[12.279245,51.282277],[12.279414,51.282151],[12.279907,51.281783],[12.280488,51.281404],[12.280686,51.281275],[12.281064,51.281051],[12.281171,51.280993],[12.281248,51.280951],[12.28134,51.280902],[12.28138,51.280885],[12.28149,51.280838],[12.281498,51.280835],[12.281578,51.280801],[12.281629,51.280779],[12.281653,51.280769],[12.281818,51.280722],[12.282705,51.280468],[12.283926,51.280116],[12.284834,51.279836],[12.285354,51.279654],[12.285359,51.279652],[12.285364,51.27965],[12.285376,51.27961],[12.285464,51.279322],[12.285715,51.27854],[12.286268,51.277003],[12.285608,51.276954],[12.284791,51.276866],[12.28411,51.276762],[12.283813,51.276699],[12.283755,51.276684],[12.283878,51.276466],[12.284169,51.276017],[12.284287,51.27583],[12.284509,51.275439],[12.284642,51.275138],[12.284771,51.274709],[12.284879,51.27429],[12.284938,51.273955],[12.284918,51.273905],[12.284933,51.273616],[12.285139,51.273637],[12.285538,51.273682],[12.286365,51.273798],[12.286545,51.273819],[12.287865,51.273996],[12.287998,51.272699],[12.288229,51.270453],[12.288266,51.270001],[12.288444,51.26835],[12.28855,51.26731],[12.289294,51.26734],[12.289644,51.267363],[12.289924,51.26737],[12.290594,51.267373],[12.290415,51.266441],[12.290241,51.265535],[12.290931,51.265487],[12.290879,51.265333],[12.291556,51.265289],[12.291624,51.265594],[12.292085,51.265609],[12.29227,51.265623],[12.292249,51.265323],[12.292175,51.264606],[12.292152,51.264316],[12.292143,51.263996],[12.29215,51.263817],[12.292181,51.263605],[12.292206,51.263495],[12.292226,51.263406],[12.292249,51.263337],[12.292274,51.263264],[12.292391,51.263277],[12.29246,51.263284],[12.292975,51.263308],[12.293109,51.263306],[12.293486,51.26329],[12.293794,51.26327],[12.294669,51.263205],[12.295292,51.263172],[12.295807,51.263137],[12.296327,51.263088],[12.296329,51.263093],[12.296329,51.263103],[12.296355,51.263281],[12.296354,51.263289],[12.296376,51.263469],[12.296415,51.263794],[12.296416,51.263813],[12.296795,51.263819],[12.297159,51.263822],[12.297492,51.263823],[12.297453,51.264329],[12.297422,51.264621],[12.297713,51.264617],[12.298348,51.264589],[12.298634,51.264573],[12.298795,51.264565],[12.299175,51.264535],[12.299476,51.2645],[12.299648,51.264481],[12.299996,51.264429],[12.300164,51.264403],[12.30048,51.26435],[12.300502,51.264388],[12.300718,51.264839],[12.300782,51.26499],[12.300883,51.265319],[12.300899,51.265423],[12.300904,51.265524],[12.300906,51.265535],[12.302109,51.265459],[12.302147,51.265456],[12.302605,51.26542],[12.30281,51.265409],[12.302989,51.2654],[12.303497,51.26538],[12.304244,51.265373],[12.304906,51.265372],[12.305002,51.265385],[12.305131,51.265403],[12.305435,51.265431],[12.305291,51.265793],[12.305303,51.265827],[12.305376,51.265829],[12.305579,51.265843],[12.305847,51.265881],[12.306348,51.265967],[12.307485,51.26616],[12.309042,51.266417],[12.309042,51.266659],[12.309045,51.266835],[12.309061,51.26743],[12.309041,51.26769],[12.309104,51.267696],[12.309215,51.267705],[12.309334,51.267697],[12.309345,51.267688],[12.309327,51.267526],[12.30935,51.267361],[12.309386,51.267138],[12.310046,51.267299],[12.311015,51.267536],[12.311028,51.267512],[12.311049,51.267471],[12.311124,51.267414],[12.311213,51.267309],[12.311295,51.267223],[12.31135,51.267166],[12.311435,51.267086],[12.311458,51.267039],[12.311413,51.267021],[12.311463,51.266969],[12.311499,51.266893],[12.311558,51.266794],[12.31158,51.266738],[12.311598,51.266665],[12.311602,51.266651],[12.311646,51.266398],[12.311692,51.266209],[12.311749,51.266098],[12.312068,51.265591],[12.312089,51.265532],[12.312132,51.265302],[12.312073,51.264873],[12.312068,51.264794],[12.312073,51.264765],[12.312114,51.264603],[12.312224,51.264342],[12.312244,51.264308],[12.312241,51.264294],[12.31228,51.264246],[12.312367,51.264154],[12.312463,51.264081],[12.312587,51.264031],[12.312698,51.263993],[12.312783,51.263983],[12.313176,51.263951],[12.313309,51.263942],[12.313552,51.26398],[12.313914,51.264002],[12.314127,51.264013],[12.314717,51.264153],[12.314926,51.264174],[12.31509,51.26415],[12.315296,51.264081],[12.315406,51.263985],[12.315428,51.263913],[12.315414,51.26382],[12.315385,51.263786],[12.314763,51.263353],[12.314541,51.263056],[12.314454,51.262973],[12.314408,51.262889],[12.314366,51.2629],[12.314313,51.26288],[12.314247,51.262773],[12.314284,51.262694],[12.314366,51.26257],[12.314519,51.262473],[12.31471,51.262418],[12.315206,51.262337],[12.315391,51.262278],[12.315518,51.262252],[12.315591,51.2622],[12.315593,51.262128],[12.315566,51.262065],[12.315356,51.26186],[12.315175,51.261762],[12.315045,51.261771],[12.314856,51.261805],[12.314486,51.261921],[12.3144,51.261978],[12.314068,51.262024],[12.31364,51.262041],[12.313478,51.261989],[12.313409,51.261923],[12.313329,51.261867],[12.313289,51.261763],[12.313239,51.261668],[12.313248,51.261623],[12.313392,51.261534],[12.313578,51.261397],[12.31372,51.261264],[12.313713,51.261204],[12.31376,51.261076],[12.313768,51.260988],[12.313578,51.260286],[12.313548,51.26012],[12.313583,51.260002],[12.313761,51.259747],[12.313747,51.259743],[12.313817,51.259625],[12.313867,51.259563],[12.313926,51.259507],[12.313702,51.259428],[12.313371,51.259372],[12.313164,51.259313],[12.312949,51.259231],[12.312678,51.259086],[12.312497,51.259035],[12.312385,51.258961],[12.312208,51.258865],[12.312072,51.258704],[12.312047,51.258712],[12.31189,51.258457],[12.311847,51.258058],[12.311848,51.257844],[12.311836,51.257719],[12.311814,51.257623],[12.311898,51.257627],[12.312101,51.257666],[12.312297,51.257364],[12.312472,51.257214],[12.312474,51.257116],[12.312492,51.257065],[12.312494,51.257003],[12.312578,51.256867],[12.31266,51.256822],[12.312828,51.256748],[12.313014,51.25672],[12.31324,51.256738],[12.313408,51.256741],[12.313756,51.256797],[12.313831,51.256802],[12.313953,51.256803],[12.314186,51.256765],[12.314362,51.256704],[12.314374,51.256699],[12.314457,51.256666],[12.314648,51.25652],[12.31467,51.256408],[12.314593,51.256282],[12.314541,51.256238],[12.314528,51.256111],[12.314498,51.256012],[12.314591,51.255818],[12.314632,51.255597],[12.314673,51.255537],[12.314732,51.255498],[12.314927,51.255429],[12.314936,51.255434],[12.314943,51.255438],[12.315384,51.25569],[12.315572,51.255797],[12.31608,51.256094],[12.316441,51.256304],[12.316659,51.256431],[12.316734,51.256474],[12.317105,51.256691],[12.317338,51.256826],[12.31735,51.256833],[12.317369,51.256844],[12.317379,51.25685],[12.317416,51.256871],[12.317705,51.257039],[12.318032,51.257232],[12.31863,51.257211],[12.318702,51.257207],[12.318716,51.257206],[12.319716,51.257172],[12.320714,51.257137],[12.320785,51.257135],[12.321683,51.257104],[12.321793,51.2571],[12.321909,51.257097],[12.321917,51.257096],[12.321942,51.257095],[12.32197,51.257095],[12.322023,51.257093],[12.322095,51.25709],[12.322886,51.257063],[12.32293,51.25706],[12.322906,51.257302],[12.322896,51.257347],[12.322885,51.257457],[12.322883,51.257476],[12.322883,51.257478],[12.322883,51.25748],[12.322882,51.257495],[12.322751,51.258808],[12.322724,51.259088],[12.322707,51.259311],[12.322691,51.259443],[12.322968,51.259413],[12.322885,51.260063],[12.322858,51.260241],[12.32284,51.260353],[12.32277,51.260752],[12.322738,51.260962],[12.322702,51.261171],[12.322654,51.261442],[12.322557,51.261737],[12.322424,51.262139],[12.322299,51.262507],[12.322657,51.262686],[12.322647,51.26283],[12.322581,51.263234],[12.322404,51.264043],[12.322238,51.264882],[12.322353,51.265217],[12.322361,51.26524],[12.322781,51.266489],[12.322789,51.266515],[12.322815,51.266593],[12.32295,51.266971],[12.323084,51.267356],[12.323125,51.267473],[12.323213,51.267822],[12.323246,51.267952],[12.323261,51.268001],[12.323143,51.268582],[12.323123,51.26893],[12.323124,51.268941],[12.323125,51.268966],[12.323121,51.268982],[12.323112,51.269016],[12.323112,51.26902],[12.323112,51.269023],[12.323113,51.269095],[12.323113,51.269102],[12.32319,51.269322],[12.323325,51.269542],[12.323435,51.269563],[12.323483,51.26957],[12.324095,51.269498],[12.324249,51.269444],[12.324647,51.269961],[12.325691,51.27142],[12.325911,51.271788],[12.326047,51.271998],[12.326361,51.272595],[12.326446,51.272757],[12.326465,51.272794],[12.326797,51.273425],[12.326849,51.273525],[12.326877,51.273591],[12.3273,51.274585],[12.327898,51.275993],[12.32867,51.277729],[12.328779,51.277976],[12.328861,51.278146],[12.329113,51.27854],[12.329245,51.278713],[12.329488,51.27902],[12.330504,51.280199],[12.330563,51.280188],[12.330665,51.280292],[12.33074,51.280392],[12.330941,51.280625],[12.33137,51.281133],[12.331792,51.281607],[12.332314,51.282192],[12.333171,51.283133],[12.333345,51.283299],[12.3335,51.283447],[12.333928,51.283866],[12.334506,51.284455],[12.334494,51.284475],[12.335695,51.285663],[12.335761,51.285763],[12.334701,51.286346],[12.334377,51.286519],[12.334324,51.286598],[12.334317,51.286693],[12.33435,51.286971],[12.334305,51.287136],[12.334156,51.287372],[12.333949,51.287698],[12.333787,51.287839],[12.333383,51.288044],[12.333239,51.288099],[12.333137,51.288159]]]}},{"type":"Feature","id":"leipzig-55","properties":{"city":"Leipzig","state":"Sachsen","code":"55","name":"Hartmannsdorf-Knautnaundorf","name_atlas":"Hartmannsdorf-Knautnaundorf","population_est":1340,"crime_total":{"cases":90,"rate":6716.0},"homicide":{"cases":0,"rate":0.0},"sexual":{"cases":2,"rate":149.3},"violence_proxy":{"cases":10,"rate":746.3},"property_total":{"cases":49,"rate":3656.7},"simple_theft":{"cases":18,"rate":1343.3},"aggravated_theft":{"cases":31,"rate":2313.4},"fraud":{"cases":9,"rate":671.6},"other_stgb":{"cases":16,"rate":1194.0},"secondary_law":{"cases":4,"rate":298.5}},"geometry":{"type":"Polygon","coordinates":[[[12.251035,51.28612],[12.250989,51.286127],[12.250005,51.286095],[12.250004,51.286095],[12.250061,51.285862],[12.250121,51.285633],[12.250152,51.285563],[12.250196,51.285457],[12.250272,51.285176],[12.250328,51.284979],[12.250328,51.284898],[12.250315,51.284762],[12.250255,51.284606],[12.250236,51.284552],[12.250181,51.284494],[12.250148,51.284459],[12.250144,51.284438],[12.249836,51.28387],[12.249821,51.283803],[12.249804,51.283687],[12.249801,51.283587],[12.249808,51.283492],[12.249816,51.283406],[12.24981,51.283377],[12.249875,51.282975],[12.250284,51.282826],[12.250457,51.282768],[12.250636,51.282725],[12.251193,51.282614],[12.251213,51.28261],[12.251498,51.282551],[12.251519,51.282545],[12.251592,51.282522],[12.25165,51.282504],[12.251887,51.282419],[12.252202,51.282306],[12.252169,51.282276],[12.252132,51.282243],[12.252155,51.282189],[12.252387,51.281647],[12.252741,51.28082],[12.25314,51.279864],[12.253168,51.279796],[12.253189,51.279774],[12.253003,51.279695],[12.252612,51.279561],[12.25245,51.279511],[12.252148,51.279432],[12.251843,51.279361],[12.251292,51.279282],[12.25064,51.279176],[12.249993,51.279102],[12.249989,51.279091],[12.249356,51.279048],[12.248803,51.279013],[12.248745,51.279005],[12.24869,51.278997],[12.248682,51.278996],[12.248816,51.278443],[12.248868,51.278241],[12.248372,51.278202],[12.247915,51.278151],[12.247858,51.278144],[12.24784,51.278142],[12.247996,51.277749],[12.248035,51.277676],[12.248161,51.277419],[12.248306,51.277124],[12.2484,51.276902],[12.248523,51.276642],[12.248625,51.276419],[12.248681,51.276273],[12.248822,51.276007],[12.248852,51.275941],[12.249115,51.275461],[12.24926,51.275199],[12.249326,51.275095],[12.249464,51.274807],[12.249472,51.274789],[12.249592,51.27457],[12.249599,51.274534],[12.249614,51.274502],[12.249698,51.274314],[12.249769,51.274136],[12.249854,51.27392],[12.249866,51.273896],[12.250108,51.273485],[12.250072,51.273424],[12.250037,51.273374],[12.250047,51.273347],[12.250111,51.273171],[12.250121,51.27315],[12.25016,51.27305],[12.250269,51.272714],[12.250287,51.272683],[12.250418,51.272388],[12.250472,51.272242],[12.25055,51.272111],[12.25056,51.272081],[12.250632,51.271896],[12.25069,51.271779],[12.250755,51.271628],[12.250824,51.271495],[12.250889,51.271368],[12.250955,51.271241],[12.250962,51.271221],[12.251008,51.271094],[12.251112,51.27081],[12.251182,51.270617],[12.251301,51.270294],[12.251377,51.270162],[12.251463,51.270001],[12.251502,51.269918],[12.251603,51.269698],[12.251669,51.269554],[12.251765,51.269428],[12.251855,51.269332],[12.251911,51.269231],[12.251956,51.269146],[12.252025,51.268985],[12.252031,51.268827],[12.252029,51.268762],[12.25203,51.26871],[12.252062,51.268547],[12.252079,51.268284],[12.252075,51.268177],[12.252056,51.268063],[12.252048,51.268028],[12.252046,51.268018],[12.25204,51.267997],[12.252003,51.267832],[12.251981,51.267715],[12.251952,51.26752],[12.251952,51.267518],[12.251954,51.267463],[12.251938,51.267452],[12.251906,51.267428],[12.251921,51.267389],[12.251924,51.267368],[12.251942,51.267248],[12.251947,51.267212],[12.251962,51.267194],[12.250966,51.266957],[12.249915,51.266627],[12.248673,51.266237],[12.248208,51.266073],[12.24795,51.265991],[12.247782,51.265935],[12.24775,51.265925],[12.247728,51.265922],[12.248486,51.26553],[12.248807,51.265319],[12.249132,51.265129],[12.249179,51.265141],[12.249502,51.265227],[12.250382,51.265442],[12.250426,51.265361],[12.250463,51.265265],[12.250553,51.265],[12.250634,51.264731],[12.250861,51.263965],[12.250877,51.263915],[12.250893,51.263865],[12.250987,51.26359],[12.251069,51.263334],[12.25123,51.262808],[12.251253,51.262759],[12.251555,51.261767],[12.251778,51.260967],[12.251951,51.260345],[12.25199,51.260235],[12.252016,51.26016],[12.252026,51.260132],[12.252184,51.259786],[12.252191,51.259772],[12.25221,51.259749],[12.252557,51.25987],[12.252793,51.259959],[12.253316,51.260155],[12.253331,51.26016],[12.253337,51.260148],[12.253342,51.260139],[12.253343,51.260138],[12.253563,51.259729],[12.253769,51.25928],[12.254101,51.258446],[12.254299,51.257932],[12.25464,51.256835],[12.254836,51.256265],[12.255025,51.255781],[12.255157,51.255505],[12.25527,51.25532],[12.255279,51.255306],[12.255285,51.255296],[12.25529,51.255288],[12.255295,51.255278],[12.255296,51.255277],[12.255306,51.25526],[12.255319,51.255238],[12.255678,51.254747],[12.255984,51.254362],[12.256407,51.253882],[12.256942,51.253314],[12.257496,51.252732],[12.258582,51.251565],[12.258886,51.251257],[12.257658,51.250887],[12.258085,51.250429],[12.258089,51.250425],[12.258097,51.250415],[12.25812,51.250386],[12.258122,51.250385],[12.258137,51.250368],[12.258266,51.250235],[12.258292,51.250208],[12.257782,51.250079],[12.256793,51.249864],[12.256222,51.249721],[12.255921,51.249628],[12.255571,51.249491],[12.255148,51.249332],[12.254664,51.249148],[12.253703,51.248815],[12.253695,51.248812],[12.25371,51.248789],[12.253724,51.24877],[12.253824,51.248626],[12.254038,51.248318],[12.254338,51.247849],[12.254737,51.247174],[12.25501,51.24668],[12.255028,51.246645],[12.25503,51.246641],[12.255046,51.246614],[12.255059,51.246592],[12.255072,51.246568],[12.255077,51.24656],[12.255082,51.246551],[12.255265,51.246217],[12.255486,51.245799],[12.255862,51.245109],[12.256098,51.244698],[12.255879,51.244631],[12.255504,51.244511],[12.25487,51.244287],[12.25447,51.244175],[12.253781,51.243991],[12.253321,51.243859],[12.253273,51.243846],[12.253217,51.243829],[12.252973,51.243761],[12.25262,51.243679],[12.251861,51.243475],[12.251486,51.24337],[12.251658,51.243012],[12.252114,51.242106],[12.252371,51.241605],[12.252486,51.241359],[12.252914,51.240511],[12.253332,51.23967],[12.253363,51.239612],[12.253565,51.239218],[12.253586,51.239176],[12.252401,51.238932],[12.251317,51.238708],[12.251317,51.238708],[12.251406,51.238562],[12.251653,51.238158],[12.251682,51.238092],[12.251683,51.238092],[12.253244,51.238387],[12.253872,51.238492],[12.254518,51.238605],[12.254677,51.238635],[12.255616,51.238817],[12.255645,51.238823],[12.256132,51.238928],[12.256583,51.239048],[12.25661,51.239055],[12.257175,51.239216],[12.257539,51.239327],[12.257703,51.239118],[12.257781,51.238969],[12.257787,51.238958],[12.257787,51.238958],[12.25794,51.238583],[12.257967,51.238517],[12.258044,51.238282],[12.258062,51.23823],[12.258218,51.238253],[12.258335,51.238271],[12.258765,51.238332],[12.258945,51.238354],[12.259,51.238361],[12.259303,51.238398],[12.259376,51.238408],[12.259411,51.238413],[12.259685,51.238464],[12.260541,51.238641],[12.260752,51.23869],[12.261783,51.238935],[12.261984,51.238995],[12.262374,51.239131],[12.262669,51.239245],[12.262911,51.239347],[12.263156,51.239443],[12.263489,51.239566],[12.263513,51.239575],[12.263601,51.239607],[12.263645,51.239623],[12.264126,51.239801],[12.264489,51.239933],[12.264743,51.240017],[12.264963,51.240085],[12.265387,51.240197],[12.265541,51.240229],[12.26571,51.240257],[12.265934,51.240294],[12.265976,51.240301],[12.266498,51.240412],[12.266767,51.24048],[12.266882,51.240516],[12.267043,51.240566],[12.267292,51.240644],[12.267425,51.240689],[12.267559,51.240735],[12.267582,51.240742],[12.267756,51.2408],[12.26798,51.240875],[12.26813,51.240925],[12.268298,51.240987],[12.268341,51.241003],[12.268553,51.241081],[12.268608,51.241098],[12.268654,51.241114],[12.269155,51.241246],[12.269337,51.241295],[12.269455,51.241325],[12.269493,51.241333],[12.269563,51.241349],[12.269664,51.241372],[12.269965,51.241441],[12.270227,51.241493],[12.270256,51.241499],[12.270401,51.241528],[12.270543,51.241557],[12.270588,51.241566],[12.27069,51.241586],[12.271298,51.241704],[12.27301,51.241942],[12.273614,51.241978],[12.274133,51.242009],[12.27426,51.242024],[12.274403,51.242017],[12.274411,51.241993],[12.274557,51.24205],[12.274825,51.242156],[12.275287,51.242236],[12.275533,51.242279],[12.27567,51.242301],[12.275753,51.242313],[12.276474,51.24243],[12.277391,51.242573],[12.277634,51.242606],[12.278111,51.242675],[12.278261,51.242695],[12.280033,51.242825],[12.2806,51.242867],[12.280663,51.242872],[12.282491,51.243021],[12.282988,51.243062],[12.282697,51.243839],[12.282475,51.244435],[12.282469,51.244451],[12.283899,51.244099],[12.285336,51.243735],[12.285616,51.243669],[12.286132,51.243566],[12.286656,51.243484],[12.2869,51.243461],[12.287414,51.243418],[12.288242,51.243368],[12.288676,51.243315],[12.28883,51.243297],[12.288865,51.243293],[12.28915,51.24327],[12.28926,51.243207],[12.290071,51.242885],[12.29035,51.242766],[12.291253,51.242435],[12.291849,51.242239],[12.293052,51.241925],[12.29347,51.241818],[12.294007,51.24168],[12.294066,51.241669],[12.294547,51.241535],[12.294755,51.241485],[12.294791,51.241479],[12.294946,51.241544],[12.295045,51.24156],[12.295743,51.241675],[12.296008,51.241717],[12.296097,51.24173],[12.296247,51.241756],[12.29647,51.241794],[12.296796,51.241855],[12.297148,51.241921],[12.297298,51.241943],[12.297606,51.241972],[12.297672,51.241981],[12.29794,51.242009],[12.298625,51.242075],[12.298823,51.242121],[12.299038,51.242158],[12.299156,51.242196],[12.299609,51.242375],[12.300122,51.242477],[12.300143,51.242481],[12.300228,51.242441],[12.300314,51.242449],[12.30081,51.242492],[12.30094,51.242616],[12.301114,51.242753],[12.301501,51.24294],[12.30175,51.24305],[12.301832,51.243094],[12.302131,51.243257],[12.302478,51.243329],[12.303066,51.243379],[12.303305,51.243404],[12.303617,51.243427],[12.304021,51.243464],[12.304185,51.243479],[12.304482,51.243545],[12.304758,51.243579],[12.304835,51.24357],[12.305062,51.243541],[12.305082,51.243539],[12.305209,51.243526],[12.305246,51.243519],[12.30531,51.243509],[12.305593,51.243473],[12.305783,51.243454],[12.306114,51.243437],[12.306335,51.24341],[12.306791,51.243438],[12.307295,51.243452],[12.307654,51.243428],[12.307552,51.243317],[12.307408,51.243253],[12.307349,51.243179],[12.307339,51.243166],[12.307309,51.24296],[12.3073,51.24291],[12.307316,51.242809],[12.307291,51.242574],[12.307297,51.242492],[12.307403,51.242385],[12.307568,51.242405],[12.308472,51.242515],[12.308705,51.242762],[12.308924,51.242997],[12.309047,51.242996],[12.309088,51.242996],[12.310799,51.242931],[12.311905,51.242891],[12.312738,51.242861],[12.31313,51.242848],[12.313264,51.242938],[12.313431,51.243055],[12.313514,51.243108],[12.31372,51.24325],[12.314036,51.243467],[12.3141,51.243511],[12.31453,51.243803],[12.314861,51.244027],[12.315072,51.244172],[12.3152,51.244257],[12.315309,51.244351],[12.315518,51.244572],[12.315591,51.244681],[12.315706,51.244853],[12.315771,51.244967],[12.315832,51.245115],[12.315881,51.245283],[12.315895,51.245505],[12.315867,51.24569],[12.315812,51.245913],[12.315786,51.245975],[12.315748,51.24606],[12.315725,51.246151],[12.315724,51.246154],[12.31572,51.246157],[12.315668,51.246209],[12.315616,51.246286],[12.315546,51.246379],[12.315446,51.246495],[12.315005,51.24701],[12.314746,51.247281],[12.314675,51.247355],[12.314558,51.247511],[12.314483,51.247615],[12.314458,51.247717],[12.31439,51.247836],[12.314311,51.248019],[12.314273,51.248097],[12.314266,51.248113],[12.314209,51.248244],[12.314185,51.248414],[12.314191,51.248465],[12.314194,51.248491],[12.314201,51.248549],[12.314183,51.248729],[12.314097,51.24882],[12.31407,51.248838],[12.31404,51.248857],[12.31393,51.248896],[12.313838,51.248907],[12.313767,51.248916],[12.313652,51.248909],[12.313542,51.248902],[12.313273,51.248833],[12.31308,51.24876],[12.312957,51.248735],[12.312747,51.248711],[12.31248,51.248715],[12.312452,51.2487],[12.312301,51.248714],[12.311991,51.248787],[12.311778,51.248909],[12.31168,51.248961],[12.311578,51.249013],[12.311465,51.249109],[12.311334,51.249222],[12.311275,51.249329],[12.311248,51.249415],[12.311238,51.249449],[12.311222,51.249509],[12.311255,51.249615],[12.311365,51.249723],[12.311481,51.249796],[12.31156,51.249833],[12.31185,51.249973],[12.311875,51.249984],[12.312009,51.250022],[12.312229,51.250053],[12.312505,51.250045],[12.312704,51.250047],[12.312731,51.250049],[12.312927,51.25006],[12.313221,51.250092],[12.313491,51.250141],[12.313525,51.250147],[12.313817,51.2502],[12.31397,51.250228],[12.314129,51.250264],[12.314167,51.250269],[12.314285,51.250284],[12.314821,51.250313],[12.314947,51.25035],[12.315053,51.250414],[12.315136,51.250497],[12.315201,51.250603],[12.315213,51.250698],[12.315193,51.250763],[12.315151,51.250815],[12.315056,51.250877],[12.31493,51.250923],[12.314816,51.250942],[12.314743,51.25096],[12.314702,51.25097],[12.314433,51.250961],[12.314289,51.250956],[12.314168,51.250954],[12.314136,51.250953],[12.314061,51.25095],[12.31394,51.25098],[12.313841,51.251009],[12.31373,51.251064],[12.313635,51.251097],[12.313601,51.251125],[12.313455,51.251161],[12.313408,51.251181],[12.313257,51.251229],[12.313166,51.251268],[12.31308,51.251317],[12.313,51.251363],[12.31294,51.251415],[12.312928,51.251454],[12.312921,51.25152],[12.312912,51.251571],[12.312913,51.251577],[12.312913,51.251578],[12.312928,51.251652],[12.312939,51.251706],[12.312953,51.251753],[12.312953,51.251754],[12.312955,51.251762],[12.312981,51.251809],[12.313016,51.25186],[12.313061,51.251915],[12.313072,51.251923],[12.313074,51.251924],[12.313115,51.251954],[12.313189,51.251977],[12.313291,51.251975],[12.313427,51.251981],[12.313556,51.251992],[12.31375,51.251996],[12.31388,51.252008],[12.314004,51.252027],[12.314108,51.25205],[12.3142,51.252091],[12.314273,51.252128],[12.314359,51.252188],[12.314463,51.252241],[12.314533,51.252281],[12.314602,51.252334],[12.314667,51.252395],[12.314716,51.252459],[12.314841,51.252623],[12.314882,51.252726],[12.314891,51.25281],[12.314884,51.25289],[12.314834,51.253009],[12.314803,51.253063],[12.314765,51.253134],[12.314655,51.253305],[12.314551,51.253435],[12.314453,51.253533],[12.314398,51.253579],[12.314303,51.253664],[12.314222,51.253728],[12.314077,51.253811],[12.314016,51.25386],[12.313966,51.253896],[12.313946,51.25394],[12.313973,51.25401],[12.31402,51.25405],[12.314088,51.254096],[12.314177,51.254138],[12.314285,51.254142],[12.31435,51.254144],[12.314452,51.254153],[12.31459,51.254135],[12.314652,51.25411],[12.314773,51.254101],[12.31487,51.254086],[12.314946,51.25408],[12.315081,51.25408],[12.315178,51.254096],[12.315286,51.254127],[12.315364,51.254137],[12.315403,51.254156],[12.315461,51.254207],[12.315518,51.254233],[12.31555,51.254269],[12.31564,51.254325],[12.315632,51.254343],[12.315647,51.254405],[12.315661,51.254463],[12.315676,51.254544],[12.315649,51.254599],[12.315604,51.254667],[12.315435,51.254894],[12.315457,51.254921],[12.315432,51.25498],[12.315407,51.255021],[12.315289,51.255186],[12.315162,51.255267],[12.315034,51.25536],[12.314945,51.255423],[12.314934,51.255427],[12.314927,51.255429],[12.314732,51.255498],[12.314673,51.255537],[12.314632,51.255597],[12.314591,51.255818],[12.314498,51.256012],[12.314528,51.256111],[12.314541,51.256238],[12.314593,51.256282],[12.31467,51.256408],[12.314648,51.25652],[12.314457,51.256666],[12.314374,51.256699],[12.314362,51.256704],[12.314186,51.256765],[12.313953,51.256803],[12.313831,51.256802],[12.313756,51.256797],[12.313408,51.256741],[12.31324,51.256738],[12.313014,51.25672],[12.312828,51.256748],[12.31266,51.256822],[12.312578,51.256867],[12.312494,51.257003],[12.312492,51.257065],[12.312474,51.257116],[12.312472,51.257214],[12.312297,51.257364],[12.312101,51.257666],[12.311898,51.257627],[12.311814,51.257623],[12.311836,51.257719],[12.311848,51.257844],[12.311847,51.258058],[12.31189,51.258457],[12.312047,51.258712],[12.312072,51.258704],[12.312208,51.258865],[12.312385,51.258961],[12.312497,51.259035],[12.312678,51.259086],[12.312949,51.259231],[12.313164,51.259313],[12.313371,51.259372],[12.313702,51.259428],[12.313926,51.259507],[12.313867,51.259563],[12.313817,51.259625],[12.313747,51.259743],[12.313761,51.259747],[12.313583,51.260002],[12.313548,51.26012],[12.313578,51.260286],[12.313768,51.260988],[12.31376,51.261076],[12.313713,51.261204],[12.31372,51.261264],[12.313578,51.261397],[12.313392,51.261534],[12.313248,51.261623],[12.313239,51.261668],[12.313289,51.261763],[12.313329,51.261867],[12.313409,51.261923],[12.313478,51.261989],[12.31364,51.262041],[12.314068,51.262024],[12.3144,51.261978],[12.314486,51.261921],[12.314856,51.261805],[12.315045,51.261771],[12.315175,51.261762],[12.315356,51.26186],[12.315566,51.262065],[12.315593,51.262128],[12.315591,51.2622],[12.315518,51.262252],[12.315391,51.262278],[12.315206,51.262337],[12.31471,51.262418],[12.314519,51.262473],[12.314366,51.26257],[12.314284,51.262694],[12.314247,51.262773],[12.314313,51.26288],[12.314366,51.2629],[12.314408,51.262889],[12.314454,51.262973],[12.314541,51.263056],[12.314763,51.263353],[12.315385,51.263786],[12.315414,51.26382],[12.315428,51.263913],[12.315406,51.263985],[12.315296,51.264081],[12.31509,51.26415],[12.314926,51.264174],[12.314717,51.264153],[12.314127,51.264013],[12.313914,51.264002],[12.313552,51.26398],[12.313309,51.263942],[12.313176,51.263951],[12.312783,51.263983],[12.312698,51.263993],[12.312587,51.264031],[12.312463,51.264081],[12.312367,51.264154],[12.31228,51.264246],[12.312241,51.264294],[12.312244,51.264308],[12.312224,51.264342],[12.312114,51.264603],[12.312073,51.264765],[12.312068,51.264794],[12.312073,51.264873],[12.312132,51.265302],[12.312089,51.265532],[12.312068,51.265591],[12.311749,51.266098],[12.311692,51.266209],[12.311646,51.266398],[12.311602,51.266651],[12.311598,51.266665],[12.31158,51.266738],[12.311558,51.266794],[12.311499,51.266893],[12.311463,51.266969],[12.311413,51.267021],[12.311458,51.267039],[12.311435,51.267086],[12.31135,51.267166],[12.311295,51.267223],[12.311213,51.267309],[12.311124,51.267414],[12.311049,51.267471],[12.311028,51.267512],[12.311015,51.267536],[12.310046,51.267299],[12.309386,51.267138],[12.30935,51.267361],[12.309327,51.267526],[12.309345,51.267688],[12.309334,51.267697],[12.309215,51.267705],[12.309104,51.267696],[12.309041,51.26769],[12.309061,51.26743],[12.309045,51.266835],[12.309042,51.266659],[12.309042,51.266417],[12.307485,51.26616],[12.306348,51.265967],[12.305847,51.265881],[12.305579,51.265843],[12.305376,51.265829],[12.305303,51.265827],[12.305291,51.265793],[12.305435,51.265431],[12.305131,51.265403],[12.305002,51.265385],[12.304906,51.265372],[12.304244,51.265373],[12.303497,51.26538],[12.302989,51.2654],[12.30281,51.265409],[12.302605,51.26542],[12.302147,51.265456],[12.302109,51.265459],[12.300906,51.265535],[12.300904,51.265524],[12.300899,51.265423],[12.300883,51.265319],[12.300782,51.26499],[12.300718,51.264839],[12.300502,51.264388],[12.30048,51.26435],[12.300164,51.264403],[12.299996,51.264429],[12.299648,51.264481],[12.299476,51.2645],[12.299175,51.264535],[12.298795,51.264565],[12.298634,51.264573],[12.298348,51.264589],[12.297713,51.264617],[12.297422,51.264621],[12.297453,51.264329],[12.297492,51.263823],[12.297159,51.263822],[12.296795,51.263819],[12.296416,51.263813],[12.296415,51.263794],[12.296376,51.263469],[12.296354,51.263289],[12.296355,51.263281],[12.296329,51.263103],[12.296329,51.263093],[12.296327,51.263088],[12.295807,51.263137],[12.295292,51.263172],[12.294669,51.263205],[12.293794,51.26327],[12.293486,51.26329],[12.293109,51.263306],[12.292975,51.263308],[12.29246,51.263284],[12.292391,51.263277],[12.292274,51.263264],[12.292249,51.263337],[12.292226,51.263406],[12.292206,51.263495],[12.292181,51.263605],[12.29215,51.263817],[12.292143,51.263996],[12.292152,51.264316],[12.292175,51.264606],[12.292249,51.265323],[12.29227,51.265623],[12.292085,51.265609],[12.291624,51.265594],[12.291556,51.265289],[12.290879,51.265333],[12.290931,51.265487],[12.290241,51.265535],[12.290415,51.266441],[12.290594,51.267373],[12.289924,51.26737],[12.289644,51.267363],[12.289294,51.26734],[12.28855,51.26731],[12.288444,51.26835],[12.288266,51.270001],[12.288229,51.270453],[12.287998,51.272699],[12.287865,51.273996],[12.286545,51.273819],[12.286365,51.273798],[12.285538,51.273682],[12.285139,51.273637],[12.284933,51.273616],[12.284918,51.273905],[12.284938,51.273955],[12.284879,51.27429],[12.284771,51.274709],[12.284642,51.275138],[12.284509,51.275439],[12.284287,51.27583],[12.284169,51.276017],[12.283878,51.276466],[12.283755,51.276684],[12.283813,51.276699],[12.28411,51.276762],[12.284791,51.276866],[12.285608,51.276954],[12.286268,51.277003],[12.285715,51.27854],[12.285464,51.279322],[12.285376,51.27961],[12.285364,51.27965],[12.285359,51.279652],[12.285354,51.279654],[12.284834,51.279836],[12.283926,51.280116],[12.282705,51.280468],[12.281818,51.280722],[12.281653,51.280769],[12.281631,51.280754],[12.281546,51.280758],[12.281442,51.280762],[12.281075,51.280779],[12.280617,51.280802],[12.279914,51.280839],[12.279365,51.280866],[12.278444,51.280914],[12.278117,51.280931],[12.276868,51.280994],[12.276039,51.281036],[12.274442,51.281118],[12.273496,51.281166],[12.273095,51.281188],[12.272223,51.281231],[12.271641,51.281261],[12.270504,51.281319],[12.270068,51.28134],[12.270068,51.28134],[12.270053,51.281341],[12.270025,51.281341],[12.269934,51.281341],[12.269244,51.281341],[12.267346,51.281354],[12.266293,51.281353],[12.265413,51.281361],[12.264521,51.281363],[12.263393,51.281365],[12.263346,51.28136],[12.263314,51.281357],[12.263299,51.28141],[12.263337,51.281629],[12.263313,51.282042],[12.263303,51.282481],[12.263246,51.283122],[12.263173,51.283829],[12.263156,51.283971],[12.263136,51.284136],[12.263046,51.284304],[12.26304,51.28436],[12.262993,51.284525],[12.262972,51.284598],[12.262914,51.284815],[12.262815,51.285146],[12.262803,51.28519],[12.262781,51.285314],[12.26277,51.285389],[12.262766,51.285422],[12.26275,51.285434],[12.262744,51.285462],[12.262716,51.285537],[12.262709,51.28561],[12.262705,51.285677],[12.262653,51.285757],[12.259543,51.285903],[12.257798,51.28598],[12.257569,51.28599],[12.257458,51.285995],[12.255737,51.286073],[12.254408,51.28615],[12.254317,51.286155],[12.253914,51.286166],[12.252993,51.286159],[12.252748,51.286152],[12.251526,51.286134],[12.251359,51.286125],[12.251097,51.286112],[12.251035,51.28612]]]}},{"type":"Feature","id":"leipzig-60","properties":{"city":"Leipzig","state":"Sachsen","code":"60","name":"Schönau","name_atlas":"Schönau","population_est":5786,"crime_total":{"cases":564,"rate":9748.0},"homicide":{"cases":0,"rate":0.0},"sexual":{"cases":16,"rate":276.5},"violence_proxy":{"cases":111,"rate":1918.4},"property_total":{"cases":203,"rate":3508.5},"simple_theft":{"cases":125,"rate":2160.4},"aggravated_theft":{"cases":78,"rate":1348.1},"fraud":{"cases":76,"rate":1313.5},"other_stgb":{"cases":135,"rate":2333.2},"secondary_law":{"cases":23,"rate":397.5}},"geometry":{"type":"Polygon","coordinates":[[[12.295881,51.338095],[12.295483,51.338313],[12.295434,51.33834],[12.295297,51.338415],[12.295292,51.338418],[12.294787,51.338694],[12.294622,51.338918],[12.294421,51.339151],[12.294414,51.339159],[12.294279,51.339127],[12.294253,51.339114],[12.293998,51.338995],[12.293726,51.338878],[12.293569,51.338825],[12.293381,51.338736],[12.293128,51.338619],[12.292988,51.338557],[12.292982,51.338554],[12.292813,51.33848],[12.292607,51.338397],[12.292464,51.338343],[12.292326,51.338282],[12.292089,51.338179],[12.29207,51.33817],[12.291902,51.338083],[12.291548,51.337919],[12.291208,51.337751],[12.291166,51.337725],[12.291134,51.337708],[12.291029,51.337653],[12.290949,51.337609],[12.290932,51.3376],[12.290692,51.337476],[12.290353,51.337304],[12.289892,51.337059],[12.289573,51.336898],[12.289181,51.336712],[12.288924,51.336602],[12.288811,51.336558],[12.28856,51.336461],[12.288463,51.336412],[12.28813,51.336214],[12.287869,51.336095],[12.287746,51.336031],[12.28748,51.335906],[12.287384,51.335852],[12.287221,51.335761],[12.286944,51.335612],[12.286803,51.335536],[12.286695,51.33547],[12.286578,51.335409],[12.286426,51.335308],[12.286222,51.335188],[12.285532,51.334715],[12.285274,51.334529],[12.28503,51.334309],[12.284956,51.334248],[12.284861,51.334185],[12.284599,51.334022],[12.284034,51.333657],[12.283716,51.333506],[12.283383,51.333295],[12.283236,51.333211],[12.283031,51.33311],[12.282893,51.333034],[12.282383,51.332713],[12.28227,51.332589],[12.282075,51.33246],[12.281573,51.332166],[12.281137,51.331844],[12.280672,51.331594],[12.280312,51.331555],[12.280271,51.331548],[12.2802,51.331535],[12.280155,51.331527],[12.279355,51.331691],[12.279064,51.331751],[12.278913,51.331461],[12.278964,51.331339],[12.277788,51.331147],[12.277686,51.331131],[12.277602,51.331114],[12.276562,51.330933],[12.276506,51.330926],[12.27586,51.330841],[12.27572,51.33082],[12.275299,51.330758],[12.275112,51.330723],[12.274446,51.330598],[12.274292,51.330567],[12.272868,51.330397],[12.272543,51.330358],[12.272424,51.330344],[12.269885,51.330041],[12.269892,51.330036],[12.270114,51.329796],[12.270398,51.329432],[12.270629,51.329121],[12.270913,51.328778],[12.271446,51.328246],[12.271921,51.327684],[12.272232,51.327268],[12.272638,51.327364],[12.272724,51.327355],[12.272787,51.327324],[12.272931,51.327232],[12.272951,51.327194],[12.272973,51.327151],[12.273024,51.327052],[12.273106,51.326894],[12.273144,51.326782],[12.273466,51.32612],[12.273681,51.325759],[12.273952,51.325391],[12.274116,51.325051],[12.274194,51.32488],[12.274277,51.324655],[12.274469,51.324258],[12.274719,51.323734],[12.275065,51.323143],[12.275449,51.322536],[12.275849,51.321969],[12.276689,51.320779],[12.276743,51.320637],[12.277735,51.319149],[12.277859,51.318998],[12.278088,51.319058],[12.279449,51.319447],[12.280008,51.319651],[12.280241,51.319717],[12.280637,51.319865],[12.281109,51.320047],[12.282206,51.320479],[12.282351,51.320542],[12.283463,51.321011],[12.284188,51.321329],[12.286067,51.322159],[12.287026,51.322598],[12.288767,51.323351],[12.289562,51.323688],[12.290119,51.323884],[12.291055,51.324138],[12.291112,51.324153],[12.291118,51.324154],[12.292397,51.324495],[12.293451,51.324692],[12.293463,51.324694],[12.293894,51.324769],[12.294187,51.324811],[12.29445,51.324841],[12.294715,51.324871],[12.295136,51.324903],[12.295457,51.324927],[12.296003,51.324964],[12.296035,51.324966],[12.296771,51.325013],[12.29713,51.325035],[12.298081,51.325097],[12.29829,51.325111],[12.298823,51.325147],[12.298988,51.325163],[12.29914,51.32519],[12.299328,51.325232],[12.299661,51.325329],[12.299971,51.325423],[12.30021,51.325494],[12.300448,51.325565],[12.301764,51.325934],[12.3018,51.325944],[12.302824,51.326226],[12.303501,51.326413],[12.30353,51.326421],[12.304032,51.32654],[12.304605,51.326705],[12.305229,51.326901],[12.306236,51.327189],[12.307497,51.327533],[12.308158,51.327772],[12.309122,51.328119],[12.310167,51.328502],[12.310396,51.328596],[12.310605,51.328683],[12.311162,51.328891],[12.311081,51.328975],[12.309609,51.330515],[12.309403,51.330726],[12.309024,51.331112],[12.308711,51.331395],[12.308362,51.331682],[12.308002,51.331977],[12.30798,51.331991],[12.307162,51.332541],[12.306701,51.332825],[12.305695,51.333375],[12.305474,51.3335],[12.305317,51.333588],[12.303686,51.334477],[12.30179,51.335506],[12.300316,51.336324],[12.300073,51.33645],[12.29975,51.336563],[12.299429,51.336669],[12.297717,51.337229],[12.297501,51.337311],[12.297173,51.337452],[12.296731,51.337694],[12.29628,51.337951],[12.296142,51.338056],[12.296081,51.337986],[12.295881,51.338095]]]}},{"type":"Feature","id":"leipzig-61","properties":{"city":"Leipzig","state":"Sachsen","code":"61","name":"Grünau-Ost","name_atlas":"Grünau-Ost","population_est":7832,"crime_total":{"cases":611,"rate":7801.0},"homicide":{"cases":0,"rate":0.0},"sexual":{"cases":16,"rate":204.3},"violence_proxy":{"cases":165,"rate":2106.7},"property_total":{"cases":193,"rate":2464.2},"simple_theft":{"cases":74,"rate":944.8},"aggravated_theft":{"cases":119,"rate":1519.4},"fraud":{"cases":46,"rate":587.3},"other_stgb":{"cases":171,"rate":2183.4},"secondary_law":{"cases":20,"rate":255.4}},"geometry":{"type":"Polygon","coordinates":[[[12.301745,51.315344],[12.301892,51.315379],[12.303059,51.315536],[12.304398,51.315713],[12.304501,51.315727],[12.304684,51.315751],[12.304665,51.315796],[12.304376,51.316486],[12.304502,51.316508],[12.305639,51.316707],[12.305777,51.316731],[12.305992,51.316769],[12.3063,51.316824],[12.307954,51.317119],[12.308875,51.317268],[12.309146,51.317312],[12.309444,51.317402],[12.309599,51.317449],[12.31019,51.317679],[12.310336,51.317735],[12.309909,51.318306],[12.309686,51.318647],[12.30951,51.318917],[12.309443,51.319032],[12.309049,51.319695],[12.308576,51.320468],[12.308292,51.320974],[12.308112,51.321312],[12.307841,51.321799],[12.307828,51.321821],[12.307801,51.32187],[12.307783,51.321902],[12.307769,51.321927],[12.307699,51.322061],[12.307665,51.322123],[12.307142,51.323082],[12.306621,51.32411],[12.306055,51.325219],[12.305265,51.326828],[12.305229,51.326901],[12.304605,51.326705],[12.304032,51.32654],[12.30353,51.326421],[12.303501,51.326413],[12.302824,51.326226],[12.3018,51.325944],[12.301764,51.325934],[12.300448,51.325565],[12.30021,51.325494],[12.299971,51.325423],[12.299661,51.325329],[12.299328,51.325232],[12.29914,51.32519],[12.298988,51.325163],[12.298823,51.325147],[12.29829,51.325111],[12.298081,51.325097],[12.29713,51.325035],[12.296771,51.325013],[12.296035,51.324966],[12.296003,51.324964],[12.295457,51.324927],[12.295136,51.324903],[12.294715,51.324871],[12.29445,51.324841],[12.294187,51.324811],[12.293894,51.324769],[12.293463,51.324694],[12.293451,51.324692],[12.292397,51.324495],[12.291118,51.324154],[12.291112,51.324153],[12.291055,51.324138],[12.291322,51.323154],[12.291458,51.322654],[12.291483,51.322477],[12.29154,51.322207],[12.291786,51.32145],[12.291809,51.321327],[12.291875,51.321248],[12.291891,51.321216],[12.292243,51.320665],[12.292476,51.320406],[12.292553,51.320321],[12.292667,51.320203],[12.292732,51.320143],[12.292858,51.320026],[12.293008,51.319896],[12.293229,51.319716],[12.293387,51.319598],[12.293391,51.319595],[12.293454,51.319551],[12.293594,51.319453],[12.293749,51.319351],[12.293917,51.31924],[12.294448,51.318914],[12.29457,51.318839],[12.295182,51.318558],[12.296489,51.317953],[12.296671,51.31787],[12.296879,51.317775],[12.297318,51.317544],[12.297626,51.317374],[12.298329,51.31694],[12.299048,51.316529],[12.299524,51.316274],[12.300718,51.315624],[12.301267,51.315325],[12.301437,51.315269],[12.301745,51.315344]]]}},{"type":"Feature","id":"leipzig-62","properties":{"city":"Leipzig","state":"Sachsen","code":"62","name":"Grünau-Mitte","name_atlas":"Grünau-Mitte","population_est":14046,"crime_total":{"cases":1530,"rate":10893.0},"homicide":{"cases":0,"rate":0.0},"sexual":{"cases":42,"rate":299.0},"violence_proxy":{"cases":344,"rate":2449.1},"property_total":{"cases":531,"rate":3780.4},"simple_theft":{"cases":342,"rate":2434.9},"aggravated_theft":{"cases":189,"rate":1345.6},"fraud":{"cases":198,"rate":1409.7},"other_stgb":{"cases":385,"rate":2741.0},"secondary_law":{"cases":30,"rate":213.6}},"geometry":{"type":"Polygon","coordinates":[[[12.301829,51.314135],[12.302035,51.314176],[12.302805,51.314328],[12.303069,51.314379],[12.303119,51.314389],[12.302933,51.314488],[12.302466,51.314735],[12.30205,51.314956],[12.301658,51.315163],[12.301437,51.315269],[12.301267,51.315325],[12.300718,51.315624],[12.299524,51.316274],[12.299048,51.316529],[12.298329,51.31694],[12.297626,51.317374],[12.297318,51.317544],[12.296879,51.317775],[12.296671,51.31787],[12.296489,51.317953],[12.295182,51.318558],[12.29457,51.318839],[12.294448,51.318914],[12.293917,51.31924],[12.293749,51.319351],[12.293594,51.319453],[12.293454,51.319551],[12.293391,51.319595],[12.293387,51.319598],[12.293229,51.319716],[12.293008,51.319896],[12.292858,51.320026],[12.292732,51.320143],[12.292667,51.320203],[12.292553,51.320321],[12.292476,51.320406],[12.292243,51.320665],[12.291891,51.321216],[12.291875,51.321248],[12.291809,51.321327],[12.291786,51.32145],[12.29154,51.322207],[12.291483,51.322477],[12.291458,51.322654],[12.291322,51.323154],[12.291055,51.324138],[12.290119,51.323884],[12.289562,51.323688],[12.288767,51.323351],[12.287026,51.322598],[12.286067,51.322159],[12.284188,51.321329],[12.283463,51.321011],[12.282351,51.320542],[12.282206,51.320479],[12.281109,51.320047],[12.280637,51.319865],[12.280241,51.319717],[12.280008,51.319651],[12.279449,51.319447],[12.278088,51.319058],[12.277859,51.318998],[12.277909,51.318815],[12.278279,51.318146],[12.278376,51.317945],[12.278389,51.317918],[12.278406,51.317822],[12.278571,51.317312],[12.278587,51.317264],[12.278628,51.317134],[12.278668,51.317012],[12.278692,51.316936],[12.278781,51.31666],[12.278894,51.316333],[12.278965,51.316148],[12.279005,51.316055],[12.279027,51.315955],[12.279197,51.31559],[12.279425,51.315085],[12.279565,51.314794],[12.279613,51.314679],[12.279627,51.31465],[12.27999,51.313911],[12.2803,51.313329],[12.280384,51.313172],[12.28053,51.312926],[12.280687,51.312678],[12.280833,51.31246],[12.280987,51.312236],[12.281326,51.31176],[12.2814,51.311646],[12.281449,51.311571],[12.281879,51.311649],[12.282083,51.31169],[12.28279,51.311832],[12.283357,51.311954],[12.284761,51.312199],[12.286072,51.312457],[12.286662,51.312587],[12.287125,51.312681],[12.288414,51.312934],[12.288452,51.312942],[12.288907,51.313025],[12.289303,51.313084],[12.289344,51.31309],[12.289962,51.313175],[12.290211,51.313198],[12.2906,51.313238],[12.291278,51.313292],[12.29163,51.313317],[12.292438,51.31338],[12.292597,51.313384],[12.293067,51.313396],[12.293073,51.313396],[12.294,51.313447],[12.294675,51.313495],[12.296175,51.313563],[12.296486,51.313577],[12.296816,51.313592],[12.2969,51.313596],[12.296926,51.313597],[12.297219,51.31361],[12.298584,51.313743],[12.298633,51.313748],[12.29902,51.31379],[12.299598,51.313861],[12.300404,51.313976],[12.300904,51.314058],[12.301039,51.313981],[12.301829,51.314135]]]}},{"type":"Feature","id":"leipzig-63","properties":{"city":"Leipzig","state":"Sachsen","code":"63","name":"Grünau-Siedlung","name_atlas":"Grünau-Siedlung","population_est":3864,"crime_total":{"cases":212,"rate":5487.0},"homicide":{"cases":0,"rate":0.0},"sexual":{"cases":6,"rate":155.3},"violence_proxy":{"cases":30,"rate":776.4},"property_total":{"cases":70,"rate":1811.6},"simple_theft":{"cases":43,"rate":1112.8},"aggravated_theft":{"cases":27,"rate":698.8},"fraud":{"cases":45,"rate":1164.6},"other_stgb":{"cases":53,"rate":1371.6},"secondary_law":{"cases":8,"rate":207.0}},"geometry":{"type":"Polygon","coordinates":[[[12.2814,51.311646],[12.281326,51.31176],[12.280987,51.312236],[12.280833,51.31246],[12.280687,51.312678],[12.28053,51.312926],[12.280384,51.313172],[12.2803,51.313329],[12.27999,51.313911],[12.279627,51.31465],[12.279613,51.314679],[12.279565,51.314794],[12.279425,51.315085],[12.279197,51.31559],[12.279027,51.315955],[12.279005,51.316055],[12.278965,51.316148],[12.278894,51.316333],[12.278781,51.31666],[12.278692,51.316936],[12.278668,51.317012],[12.278628,51.317134],[12.278587,51.317264],[12.278571,51.317312],[12.278406,51.317822],[12.278389,51.317918],[12.278376,51.317945],[12.278279,51.318146],[12.277909,51.318815],[12.277859,51.318998],[12.276424,51.318701],[12.276,51.318618],[12.275624,51.318542],[12.274521,51.3183],[12.27235,51.317882],[12.271077,51.317623],[12.270918,51.317588],[12.270696,51.317545],[12.270144,51.317429],[12.269689,51.317354],[12.269177,51.317288],[12.268436,51.31716],[12.26851,51.31697],[12.26862,51.316687],[12.268622,51.316654],[12.268624,51.316597],[12.26869,51.316461],[12.268708,51.316408],[12.268879,51.315925],[12.268949,51.315727],[12.269009,51.315557],[12.26907,51.315382],[12.269091,51.315322],[12.269692,51.313619],[12.269695,51.313612],[12.269711,51.31358],[12.269716,51.313569],[12.270115,51.312623],[12.270188,51.312431],[12.270211,51.31237],[12.270272,51.312264],[12.270289,51.31223],[12.270512,51.311843],[12.270534,51.311805],[12.271098,51.310877],[12.271342,51.31045],[12.271977,51.309404],[12.272046,51.309292],[12.272084,51.309232],[12.272109,51.309191],[12.272181,51.309075],[12.2723,51.308884],[12.272409,51.308684],[12.272536,51.308452],[12.272762,51.307628],[12.272817,51.307439],[12.272822,51.30742],[12.272828,51.307399],[12.27283,51.307391],[12.272612,51.307278],[12.272581,51.307261],[12.272528,51.307195],[12.272492,51.30704],[12.272464,51.306946],[12.272451,51.306833],[12.272431,51.306737],[12.27239,51.306602],[12.272308,51.306462],[12.27225,51.306381],[12.272128,51.306239],[12.272016,51.306137],[12.271957,51.306086],[12.271902,51.306049],[12.271845,51.306018],[12.271678,51.305938],[12.271541,51.305873],[12.271354,51.305794],[12.271173,51.305726],[12.271072,51.305689],[12.271049,51.305681],[12.270972,51.305652],[12.270835,51.3056],[12.270684,51.305538],[12.270476,51.305442],[12.270404,51.305403],[12.270332,51.305359],[12.270278,51.305321],[12.270235,51.305281],[12.270204,51.305246],[12.270303,51.305043],[12.270313,51.305021],[12.271179,51.305237],[12.271577,51.305333],[12.272187,51.305481],[12.27288,51.305652],[12.273347,51.305766],[12.27367,51.305844],[12.274016,51.305924],[12.274068,51.305937],[12.274169,51.305964],[12.274584,51.306065],[12.274761,51.306116],[12.275194,51.30624],[12.275207,51.306244],[12.275663,51.306357],[12.275948,51.306427],[12.276838,51.306635],[12.277487,51.306791],[12.277807,51.306855],[12.278394,51.306971],[12.278443,51.30698],[12.278644,51.307018],[12.278994,51.307084],[12.279187,51.307123],[12.279718,51.30724],[12.280404,51.307402],[12.280411,51.307403],[12.28059,51.307446],[12.280595,51.307447],[12.280915,51.307522],[12.281189,51.30758],[12.281195,51.307581],[12.281314,51.307606],[12.282434,51.307794],[12.283054,51.307903],[12.283154,51.307914],[12.283156,51.307914],[12.283222,51.307921],[12.283432,51.307956],[12.284225,51.308096],[12.284233,51.308097],[12.284874,51.30821],[12.284884,51.308212],[12.28551,51.308318],[12.286559,51.308495],[12.286687,51.308517],[12.287889,51.308721],[12.288929,51.308897],[12.289921,51.309067],[12.290641,51.309189],[12.291063,51.309261],[12.291172,51.309279],[12.291256,51.309294],[12.291331,51.309307],[12.292644,51.30953],[12.294375,51.309822],[12.294525,51.309847],[12.294586,51.309858],[12.294625,51.309864],[12.29501,51.309928],[12.295125,51.309947],[12.297917,51.310407],[12.298114,51.310439],[12.300078,51.310716],[12.300083,51.310717],[12.30247,51.311041],[12.303914,51.311239],[12.304669,51.311352],[12.305243,51.311457],[12.30756,51.311875],[12.307736,51.311915],[12.307782,51.311925],[12.307522,51.31207],[12.307339,51.312158],[12.306603,51.312506],[12.306076,51.312782],[12.305249,51.313221],[12.304739,51.313491],[12.30464,51.313545],[12.303951,51.313934],[12.303119,51.314389],[12.303069,51.314379],[12.302805,51.314328],[12.302035,51.314176],[12.301829,51.314135],[12.301039,51.313981],[12.300904,51.314058],[12.300404,51.313976],[12.299598,51.313861],[12.29902,51.31379],[12.298633,51.313748],[12.298584,51.313743],[12.297219,51.31361],[12.296926,51.313597],[12.2969,51.313596],[12.296816,51.313592],[12.296486,51.313577],[12.296175,51.313563],[12.294675,51.313495],[12.294,51.313447],[12.293073,51.313396],[12.293067,51.313396],[12.292597,51.313384],[12.292438,51.31338],[12.29163,51.313317],[12.291278,51.313292],[12.2906,51.313238],[12.290211,51.313198],[12.289962,51.313175],[12.289344,51.31309],[12.289303,51.313084],[12.288907,51.313025],[12.288452,51.312942],[12.288414,51.312934],[12.287125,51.312681],[12.286662,51.312587],[12.286072,51.312457],[12.284761,51.312199],[12.283357,51.311954],[12.28279,51.311832],[12.282083,51.31169],[12.281879,51.311649],[12.281449,51.311571],[12.2814,51.311646]]]}},{"type":"Feature","id":"leipzig-64","properties":{"city":"Leipzig","state":"Sachsen","code":"64","name":"Lausen-Grünau","name_atlas":"Lausen-Grünau","population_est":14536,"crime_total":{"cases":880,"rate":6054.0},"homicide":{"cases":0,"rate":0.0},"sexual":{"cases":42,"rate":288.9},"violence_proxy":{"cases":184,"rate":1265.8},"property_total":{"cases":265,"rate":1823.1},"simple_theft":{"cases":121,"rate":832.4},"aggravated_theft":{"cases":144,"rate":990.6},"fraud":{"cases":100,"rate":687.9},"other_stgb":{"cases":258,"rate":1774.9},"secondary_law":{"cases":31,"rate":213.3}},"geometry":{"type":"Polygon","coordinates":[[[12.257011,51.320012],[12.256184,51.319838],[12.256151,51.3199],[12.25615,51.319901],[12.256145,51.319911],[12.253362,51.31933],[12.250799,51.318795],[12.250753,51.318786],[12.250058,51.31864],[12.24997,51.318622],[12.249943,51.318616],[12.249902,51.318608],[12.249769,51.31858],[12.249551,51.318534],[12.249508,51.318525],[12.249507,51.318525],[12.249507,51.318525],[12.249504,51.318524],[12.248807,51.318379],[12.247514,51.318093],[12.247506,51.31811],[12.247469,51.318187],[12.247464,51.318199],[12.247442,51.318244],[12.247439,51.318252],[12.247434,51.318263],[12.247434,51.318264],[12.247432,51.318267],[12.247315,51.318517],[12.247349,51.318553],[12.247358,51.318568],[12.247287,51.318551],[12.247217,51.318535],[12.247088,51.318513],[12.246136,51.318334],[12.245559,51.318244],[12.245291,51.318203],[12.245009,51.318158],[12.244116,51.318019],[12.243954,51.317999],[12.243057,51.317888],[12.242866,51.317776],[12.242657,51.317755],[12.242121,51.317433],[12.241285,51.31693],[12.240947,51.316727],[12.239866,51.316079],[12.239959,51.316018],[12.240048,51.31596],[12.240132,51.315904],[12.240145,51.315895],[12.240354,51.315748],[12.240462,51.315672],[12.240858,51.315394],[12.241853,51.314758],[12.242835,51.314096],[12.243897,51.313426],[12.24403,51.313314],[12.244567,51.312351],[12.244578,51.31233],[12.246741,51.308291],[12.246222,51.30815],[12.246208,51.30805],[12.246187,51.307973],[12.246258,51.307917],[12.246956,51.306632],[12.247757,51.305157],[12.247779,51.305112],[12.249073,51.30555],[12.249132,51.305496],[12.249785,51.303844],[12.250125,51.303003],[12.250146,51.302948],[12.250736,51.301443],[12.250749,51.301413],[12.251261,51.300127],[12.25163,51.29919],[12.251583,51.299153],[12.250972,51.29871],[12.250456,51.298199],[12.250436,51.298128],[12.250312,51.297775],[12.250399,51.297738],[12.25043,51.297739],[12.251266,51.297771],[12.252287,51.29781],[12.252865,51.297829],[12.253713,51.297878],[12.253776,51.297881],[12.254228,51.297908],[12.25432,51.297913],[12.254367,51.298001],[12.254394,51.297998],[12.254464,51.298005],[12.254594,51.298012],[12.254644,51.298015],[12.255017,51.298039],[12.255112,51.298044],[12.255274,51.298055],[12.255308,51.298059],[12.25542,51.298074],[12.256395,51.298142],[12.256854,51.298175],[12.257575,51.298235],[12.257604,51.29824],[12.257645,51.298241],[12.258341,51.298304],[12.259749,51.298426],[12.260719,51.298511],[12.260998,51.298535],[12.261074,51.298542],[12.26112,51.298543],[12.261167,51.298545],[12.261407,51.298578],[12.26162,51.298647],[12.261673,51.298664],[12.262161,51.29876],[12.262722,51.298904],[12.263126,51.299013],[12.263212,51.299037],[12.263555,51.29913],[12.264009,51.299259],[12.264165,51.299228],[12.264625,51.299288],[12.265085,51.299365],[12.265631,51.29945],[12.266269,51.29955],[12.267499,51.299765],[12.268628,51.299993],[12.269711,51.300207],[12.270975,51.300465],[12.27229,51.300715],[12.272616,51.300773],[12.272643,51.300778],[12.272664,51.300782],[12.27267,51.300783],[12.272711,51.30079],[12.273371,51.300912],[12.273692,51.300992],[12.274098,51.301077],[12.275045,51.301275],[12.275532,51.301387],[12.275861,51.301469],[12.27589,51.301476],[12.276848,51.301682],[12.277574,51.301843],[12.278344,51.302014],[12.279041,51.30217],[12.279258,51.302222],[12.279469,51.302272],[12.280353,51.302474],[12.281318,51.30269],[12.281405,51.30269],[12.281368,51.302886],[12.281332,51.30307],[12.281297,51.303245],[12.281277,51.303347],[12.28127,51.303384],[12.281266,51.303408],[12.281263,51.303424],[12.28123,51.303598],[12.281154,51.303992],[12.281079,51.304331],[12.281063,51.304402],[12.281054,51.304461],[12.281022,51.304604],[12.280967,51.304848],[12.280944,51.304952],[12.280877,51.305253],[12.280859,51.305337],[12.28079,51.305647],[12.280733,51.305908],[12.280663,51.306225],[12.280573,51.306633],[12.280513,51.306903],[12.280483,51.307042],[12.280458,51.307156],[12.280439,51.307245],[12.280431,51.307282],[12.280404,51.307402],[12.279718,51.30724],[12.279187,51.307123],[12.278994,51.307084],[12.278644,51.307018],[12.278443,51.30698],[12.278394,51.306971],[12.277807,51.306855],[12.277487,51.306791],[12.276838,51.306635],[12.275948,51.306427],[12.275663,51.306357],[12.275207,51.306244],[12.275194,51.30624],[12.274761,51.306116],[12.274584,51.306065],[12.274169,51.305964],[12.274068,51.305937],[12.274016,51.305924],[12.27367,51.305844],[12.273347,51.305766],[12.27288,51.305652],[12.272187,51.305481],[12.271577,51.305333],[12.271179,51.305237],[12.270313,51.305021],[12.270303,51.305043],[12.270204,51.305246],[12.270235,51.305281],[12.270278,51.305321],[12.270332,51.305359],[12.270404,51.305403],[12.270476,51.305442],[12.270684,51.305538],[12.270835,51.3056],[12.270972,51.305652],[12.271049,51.305681],[12.271072,51.305689],[12.271173,51.305726],[12.271354,51.305794],[12.271541,51.305873],[12.271678,51.305938],[12.271845,51.306018],[12.271902,51.306049],[12.271957,51.306086],[12.272016,51.306137],[12.272128,51.306239],[12.27225,51.306381],[12.272308,51.306462],[12.27239,51.306602],[12.272431,51.306737],[12.272451,51.306833],[12.272464,51.306946],[12.272492,51.30704],[12.272528,51.307195],[12.272581,51.307261],[12.272612,51.307278],[12.27283,51.307391],[12.272828,51.307399],[12.272822,51.30742],[12.272817,51.307439],[12.272762,51.307628],[12.272536,51.308452],[12.272409,51.308684],[12.2723,51.308884],[12.272181,51.309075],[12.272109,51.309191],[12.272084,51.309232],[12.272046,51.309292],[12.271977,51.309404],[12.271342,51.31045],[12.271098,51.310877],[12.270534,51.311805],[12.270512,51.311843],[12.270289,51.31223],[12.270272,51.312264],[12.270211,51.31237],[12.270188,51.312431],[12.270115,51.312623],[12.269716,51.313569],[12.269711,51.31358],[12.269695,51.313612],[12.269692,51.313619],[12.269091,51.315322],[12.26907,51.315382],[12.269009,51.315557],[12.268949,51.315727],[12.268879,51.315925],[12.268708,51.316408],[12.26869,51.316461],[12.268624,51.316597],[12.268622,51.316654],[12.26862,51.316687],[12.26851,51.31697],[12.268436,51.31716],[12.268248,51.317136],[12.265897,51.316795],[12.264486,51.31659],[12.263902,51.316509],[12.262699,51.316323],[12.261958,51.31622],[12.261616,51.316165],[12.261519,51.31615],[12.261513,51.316149],[12.261502,51.316147],[12.261499,51.316147],[12.261494,51.316146],[12.26149,51.316134],[12.261475,51.31608],[12.261465,51.31606],[12.261457,51.316044],[12.261226,51.315583],[12.261219,51.315569],[12.261168,51.315468],[12.260981,51.315092],[12.260724,51.314579],[12.260564,51.314255],[12.259944,51.313011],[12.259897,51.312918],[12.259889,51.312901],[12.259516,51.312116],[12.259151,51.311352],[12.259126,51.311302],[12.259027,51.311301],[12.258937,51.311273],[12.258695,51.311223],[12.257661,51.311003],[12.25754,51.310981],[12.257461,51.311089],[12.257339,51.311288],[12.257244,51.311483],[12.257212,51.311646],[12.257215,51.31184],[12.257185,51.311943],[12.257184,51.311944],[12.257176,51.311971],[12.257124,51.312084],[12.257051,51.312306],[12.256954,51.312578],[12.256905,51.312652],[12.256789,51.312801],[12.256608,51.312982],[12.256164,51.313413],[12.255661,51.314042],[12.255251,51.314558],[12.255222,51.314609],[12.255197,51.314675],[12.255149,51.31485],[12.255136,51.314945],[12.255136,51.31499],[12.255156,51.315036],[12.255158,51.31504],[12.255253,51.31519],[12.25555,51.315589],[12.255527,51.315588],[12.255513,51.315588],[12.255527,51.315612],[12.255529,51.315621],[12.255539,51.315657],[12.255542,51.315667],[12.255543,51.31567],[12.255546,51.315681],[12.25555,51.315686],[12.255582,51.315735],[12.255611,51.315778],[12.25566,51.315857],[12.25567,51.315919],[12.255602,51.316196],[12.255544,51.316277],[12.255501,51.316363],[12.255416,51.316472],[12.255395,51.316581],[12.255398,51.316627],[12.25539,51.316771],[12.255382,51.316852],[12.255367,51.316955],[12.255358,51.317014],[12.255346,51.317062],[12.255346,51.317064],[12.255319,51.317172],[12.255306,51.317223],[12.255344,51.317282],[12.255409,51.317314],[12.255464,51.317359],[12.255549,51.317421],[12.255598,51.317466],[12.255666,51.317527],[12.255721,51.31763],[12.255733,51.317704],[12.255768,51.31779],[12.255839,51.317867],[12.255938,51.317915],[12.256018,51.318006],[12.256098,51.318095],[12.256218,51.318189],[12.256297,51.318311],[12.256362,51.318371],[12.256422,51.318427],[12.256484,51.318491],[12.256566,51.318563],[12.256667,51.318656],[12.256821,51.318765],[12.256912,51.31886],[12.256996,51.318954],[12.25712,51.319038],[12.257235,51.319134],[12.257346,51.319231],[12.257387,51.319308],[12.257523,51.319408],[12.257615,51.319486],[12.257681,51.31954],[12.257718,51.319615],[12.257796,51.31968],[12.257925,51.319765],[12.257995,51.319833],[12.258023,51.319859],[12.258058,51.319892],[12.258191,51.320017],[12.258201,51.320027],[12.258129,51.320012],[12.257569,51.319895],[12.256832,51.319741],[12.257011,51.320012]]]}},{"type":"Feature","id":"leipzig-65","properties":{"city":"Leipzig","state":"Sachsen","code":"65","name":"Grünau-Nord","name_atlas":"Grünau-Nord","population_est":9318,"crime_total":{"cases":770,"rate":8264.0},"homicide":{"cases":0,"rate":0.0},"sexual":{"cases":36,"rate":386.3},"violence_proxy":{"cases":186,"rate":1996.1},"property_total":{"cases":259,"rate":2779.6},"simple_theft":{"cases":147,"rate":1577.6},"aggravated_theft":{"cases":112,"rate":1202.0},"fraud":{"cases":80,"rate":858.6},"other_stgb":{"cases":183,"rate":1963.9},"secondary_law":{"cases":26,"rate":279.0}},"geometry":{"type":"Polygon","coordinates":[[[12.275849,51.321969],[12.275449,51.322536],[12.275065,51.323143],[12.274719,51.323734],[12.274469,51.324258],[12.274277,51.324655],[12.274194,51.32488],[12.274116,51.325051],[12.273952,51.325391],[12.273681,51.325759],[12.273466,51.32612],[12.273144,51.326782],[12.273106,51.326894],[12.273024,51.327052],[12.272973,51.327151],[12.272951,51.327194],[12.272931,51.327232],[12.272787,51.327324],[12.272724,51.327355],[12.272638,51.327364],[12.272232,51.327268],[12.272222,51.327261],[12.272212,51.327254],[12.27164,51.327138],[12.271352,51.32708],[12.270741,51.326957],[12.270235,51.326856],[12.270148,51.326849],[12.26929,51.326777],[12.268131,51.32668],[12.266915,51.326579],[12.265704,51.326479],[12.265286,51.326444],[12.265112,51.32643],[12.265036,51.326424],[12.26493,51.326415],[12.264844,51.326408],[12.264786,51.326403],[12.263026,51.326255],[12.263025,51.326249],[12.263023,51.326237],[12.263006,51.326141],[12.262886,51.325463],[12.262886,51.32545],[12.262874,51.324528],[12.262873,51.324282],[12.262871,51.324038],[12.26287,51.324004],[12.26287,51.323981],[12.262868,51.32391],[12.2628,51.323722],[12.262786,51.323684],[12.262652,51.32363],[12.262538,51.323584],[12.262156,51.323433],[12.26206,51.323396],[12.262251,51.323149],[12.262044,51.32306],[12.2618,51.322954],[12.262012,51.322741],[12.26238,51.32224],[12.262606,51.321832],[12.262672,51.321677],[12.262789,51.321376],[12.262801,51.321346],[12.26284,51.321251],[12.262846,51.321235],[12.262861,51.321213],[12.263281,51.321078],[12.2632,51.321029],[12.262985,51.320975],[12.262529,51.320977],[12.262609,51.320379],[12.262199,51.320354],[12.26239,51.318907],[12.262406,51.318802],[12.262492,51.318318],[12.262432,51.31832],[12.262422,51.318321],[12.261728,51.318281],[12.26172,51.318281],[12.261738,51.318187],[12.261843,51.317645],[12.26187,51.317223],[12.261881,51.317059],[12.261854,51.316947],[12.261836,51.316871],[12.261745,51.316494],[12.261767,51.316353],[12.261798,51.316314],[12.261827,51.316304],[12.26166,51.316266],[12.261623,51.31626],[12.261622,51.31626],[12.261618,51.316259],[12.261609,51.316257],[12.261521,51.316242],[12.261496,51.316154],[12.261494,51.316146],[12.261499,51.316147],[12.261502,51.316147],[12.261513,51.316149],[12.261519,51.31615],[12.261616,51.316165],[12.261958,51.31622],[12.262699,51.316323],[12.263902,51.316509],[12.264486,51.31659],[12.265897,51.316795],[12.268248,51.317136],[12.268436,51.31716],[12.269177,51.317288],[12.269689,51.317354],[12.270144,51.317429],[12.270696,51.317545],[12.270918,51.317588],[12.271077,51.317623],[12.27235,51.317882],[12.274521,51.3183],[12.275624,51.318542],[12.276,51.318618],[12.276424,51.318701],[12.277859,51.318998],[12.277735,51.319149],[12.276743,51.320637],[12.276689,51.320779],[12.275849,51.321969]]]}},{"type":"Feature","id":"leipzig-66","properties":{"city":"Leipzig","state":"Sachsen","code":"66","name":"Miltitz","name_atlas":"Miltitz","population_est":1850,"crime_total":{"cases":107,"rate":5784.0},"homicide":{"cases":0,"rate":0.0},"sexual":{"cases":2,"rate":108.1},"violence_proxy":{"cases":15,"rate":810.8},"property_total":{"cases":30,"rate":1621.6},"simple_theft":{"cases":7,"rate":378.4},"aggravated_theft":{"cases":23,"rate":1243.2},"fraud":{"cases":21,"rate":1135.1},"other_stgb":{"cases":32,"rate":1729.7},"secondary_law":{"cases":7,"rate":378.4}},"geometry":{"type":"Polygon","coordinates":[[[12.260302,51.33521],[12.259516,51.33522],[12.259511,51.33522],[12.259506,51.33522],[12.259472,51.335224],[12.259469,51.335159],[12.259387,51.335007],[12.259268,51.334742],[12.258727,51.333492],[12.25864,51.333183],[12.258492,51.332968],[12.258229,51.332691],[12.258211,51.332674],[12.258151,51.332561],[12.258128,51.33243],[12.258054,51.332449],[12.257933,51.332481],[12.257928,51.332483],[12.257791,51.33238],[12.257773,51.332367],[12.257708,51.3324],[12.257377,51.332568],[12.257166,51.332535],[12.257053,51.332726],[12.257047,51.332737],[12.257006,51.332807],[12.256937,51.332794],[12.255894,51.3326],[12.255477,51.332522],[12.254378,51.332311],[12.253788,51.332197],[12.253798,51.332176],[12.252508,51.33194],[12.252322,51.331905],[12.251487,51.33175],[12.251347,51.331725],[12.251191,51.331696],[12.251144,51.331685],[12.251092,51.331673],[12.251074,51.331671],[12.251035,51.331664],[12.250973,51.331652],[12.250188,51.331507],[12.249711,51.331414],[12.249572,51.331387],[12.249268,51.331329],[12.248806,51.33124],[12.247551,51.331004],[12.247396,51.330973],[12.247891,51.329936],[12.247238,51.329858],[12.246844,51.329812],[12.246494,51.329771],[12.246023,51.32971],[12.24503,51.329589],[12.244883,51.329571],[12.244775,51.329558],[12.244647,51.331718],[12.24423,51.33158],[12.244002,51.331504],[12.243986,51.331496],[12.243871,51.331437],[12.243827,51.331386],[12.243803,51.331319],[12.24391,51.328954],[12.243988,51.327511],[12.243987,51.327504],[12.243979,51.327413],[12.243891,51.327318],[12.243716,51.327277],[12.24367,51.327265],[12.2408,51.326874],[12.239374,51.326679],[12.238703,51.326588],[12.23775,51.326458],[12.237603,51.326438],[12.237379,51.326407],[12.239055,51.32304],[12.238661,51.32299],[12.238518,51.322972],[12.238444,51.322963],[12.238202,51.322932],[12.239474,51.320412],[12.239555,51.320393],[12.239509,51.320351],[12.239486,51.32033],[12.239446,51.320294],[12.238262,51.320067],[12.237829,51.319984],[12.236843,51.319795],[12.236667,51.319762],[12.237395,51.31825],[12.237483,51.318049],[12.237489,51.318036],[12.237503,51.318009],[12.237969,51.317072],[12.238125,51.317104],[12.238488,51.317185],[12.238931,51.317296],[12.239093,51.31734],[12.239521,51.317437],[12.239612,51.317462],[12.241306,51.317749],[12.242595,51.317919],[12.242612,51.317921],[12.242682,51.317864],[12.242841,51.317871],[12.243057,51.317888],[12.243954,51.317999],[12.244116,51.318019],[12.245009,51.318158],[12.245291,51.318203],[12.245559,51.318244],[12.246136,51.318334],[12.247088,51.318513],[12.247217,51.318535],[12.247287,51.318551],[12.247358,51.318568],[12.247349,51.318553],[12.247315,51.318517],[12.247432,51.318267],[12.247434,51.318264],[12.247434,51.318263],[12.247439,51.318252],[12.247442,51.318244],[12.247464,51.318199],[12.247469,51.318187],[12.247506,51.31811],[12.247514,51.318093],[12.248807,51.318379],[12.249504,51.318524],[12.249507,51.318525],[12.249507,51.318525],[12.249508,51.318525],[12.249551,51.318534],[12.249769,51.31858],[12.249902,51.318608],[12.249943,51.318616],[12.24997,51.318622],[12.250058,51.31864],[12.250753,51.318786],[12.250799,51.318795],[12.253362,51.31933],[12.256145,51.319911],[12.25615,51.319901],[12.256151,51.3199],[12.256184,51.319838],[12.257011,51.320012],[12.256832,51.319741],[12.257569,51.319895],[12.258129,51.320012],[12.258201,51.320027],[12.258191,51.320017],[12.258058,51.319892],[12.258023,51.319859],[12.257995,51.319833],[12.257925,51.319765],[12.257796,51.31968],[12.257718,51.319615],[12.257681,51.31954],[12.257615,51.319486],[12.257523,51.319408],[12.257387,51.319308],[12.257346,51.319231],[12.257235,51.319134],[12.25712,51.319038],[12.256996,51.318954],[12.256912,51.31886],[12.256821,51.318765],[12.256667,51.318656],[12.256566,51.318563],[12.256484,51.318491],[12.256422,51.318427],[12.256362,51.318371],[12.256297,51.318311],[12.256218,51.318189],[12.256098,51.318095],[12.256018,51.318006],[12.255938,51.317915],[12.255839,51.317867],[12.255768,51.31779],[12.255733,51.317704],[12.255721,51.31763],[12.255666,51.317527],[12.255598,51.317466],[12.255549,51.317421],[12.255464,51.317359],[12.255409,51.317314],[12.255344,51.317282],[12.255306,51.317223],[12.255319,51.317172],[12.255346,51.317064],[12.255346,51.317062],[12.255358,51.317014],[12.255367,51.316955],[12.255382,51.316852],[12.25539,51.316771],[12.255398,51.316627],[12.255395,51.316581],[12.255416,51.316472],[12.255501,51.316363],[12.255544,51.316277],[12.255602,51.316196],[12.25567,51.315919],[12.25566,51.315857],[12.255611,51.315778],[12.255582,51.315735],[12.25555,51.315686],[12.255546,51.315681],[12.255543,51.31567],[12.255542,51.315667],[12.255539,51.315657],[12.255529,51.315621],[12.255527,51.315612],[12.255513,51.315588],[12.255527,51.315588],[12.25555,51.315589],[12.255253,51.31519],[12.255158,51.31504],[12.255156,51.315036],[12.255136,51.31499],[12.255136,51.314945],[12.255149,51.31485],[12.255197,51.314675],[12.255222,51.314609],[12.255251,51.314558],[12.255661,51.314042],[12.256164,51.313413],[12.256608,51.312982],[12.256789,51.312801],[12.256905,51.312652],[12.256954,51.312578],[12.257051,51.312306],[12.257124,51.312084],[12.257176,51.311971],[12.257184,51.311944],[12.257185,51.311943],[12.257215,51.31184],[12.257212,51.311646],[12.257244,51.311483],[12.257339,51.311288],[12.257461,51.311089],[12.25754,51.310981],[12.257661,51.311003],[12.258695,51.311223],[12.258937,51.311273],[12.259027,51.311301],[12.259126,51.311302],[12.259151,51.311352],[12.259516,51.312116],[12.259889,51.312901],[12.259897,51.312918],[12.259944,51.313011],[12.260564,51.314255],[12.260724,51.314579],[12.260981,51.315092],[12.261168,51.315468],[12.261219,51.315569],[12.261226,51.315583],[12.261457,51.316044],[12.261465,51.31606],[12.261475,51.31608],[12.26149,51.316134],[12.261494,51.316146],[12.261496,51.316154],[12.261521,51.316242],[12.261609,51.316257],[12.261618,51.316259],[12.261622,51.31626],[12.261623,51.31626],[12.26166,51.316266],[12.261827,51.316304],[12.261798,51.316314],[12.261767,51.316353],[12.261745,51.316494],[12.261836,51.316871],[12.261854,51.316947],[12.261881,51.317059],[12.26187,51.317223],[12.261843,51.317645],[12.261738,51.318187],[12.26172,51.318281],[12.261728,51.318281],[12.262422,51.318321],[12.262432,51.31832],[12.262492,51.318318],[12.262406,51.318802],[12.26239,51.318907],[12.262199,51.320354],[12.262609,51.320379],[12.262529,51.320977],[12.262985,51.320975],[12.2632,51.321029],[12.263281,51.321078],[12.262861,51.321213],[12.262846,51.321235],[12.26284,51.321251],[12.262801,51.321346],[12.262789,51.321376],[12.262672,51.321677],[12.262606,51.321832],[12.26238,51.32224],[12.262012,51.322741],[12.2618,51.322954],[12.262044,51.32306],[12.262251,51.323149],[12.26206,51.323396],[12.262156,51.323433],[12.262538,51.323584],[12.262652,51.32363],[12.262786,51.323684],[12.2628,51.323722],[12.262868,51.32391],[12.26287,51.323981],[12.26287,51.324004],[12.262871,51.324038],[12.262873,51.324282],[12.262874,51.324528],[12.262886,51.32545],[12.262886,51.325463],[12.263006,51.326141],[12.263023,51.326237],[12.263025,51.326249],[12.263026,51.326255],[12.264786,51.326403],[12.264844,51.326408],[12.26493,51.326415],[12.265036,51.326424],[12.265112,51.32643],[12.265286,51.326444],[12.265704,51.326479],[12.266915,51.326579],[12.268131,51.32668],[12.26929,51.326777],[12.270148,51.326849],[12.270235,51.326856],[12.270741,51.326957],[12.271352,51.32708],[12.27164,51.327138],[12.272212,51.327254],[12.272222,51.327261],[12.272232,51.327268],[12.271921,51.327684],[12.271446,51.328246],[12.270913,51.328778],[12.270629,51.329121],[12.270398,51.329432],[12.270114,51.329796],[12.269892,51.330036],[12.269885,51.330041],[12.269701,51.330196],[12.269431,51.330454],[12.269318,51.330536],[12.269018,51.330735],[12.268941,51.330782],[12.268609,51.330984],[12.268159,51.331293],[12.268103,51.331335],[12.267885,51.331511],[12.267581,51.331742],[12.267571,51.331745],[12.267208,51.332066],[12.267056,51.332223],[12.267,51.33228],[12.266887,51.332403],[12.266773,51.332528],[12.266705,51.33259],[12.266652,51.332666],[12.266281,51.333123],[12.26626,51.33315],[12.26618,51.333302],[12.266142,51.333583],[12.266071,51.333827],[12.265994,51.334007],[12.265975,51.334049],[12.265922,51.334131],[12.265841,51.334242],[12.26583,51.334437],[12.265833,51.334492],[12.265825,51.33455],[12.26457,51.334706],[12.264469,51.334719],[12.264417,51.334723],[12.264366,51.334728],[12.263649,51.334816],[12.263649,51.334816],[12.261658,51.335042],[12.2609,51.335151],[12.260742,51.33521],[12.260671,51.335236],[12.260601,51.335229],[12.260407,51.335208],[12.260302,51.33521]]]}},{"type":"Feature","id":"leipzig-70","properties":{"city":"Leipzig","state":"Sachsen","code":"70","name":"Lindenau","name_atlas":"Lindenau","population_est":8794,"crime_total":{"cases":929,"rate":10564.0},"homicide":{"cases":0,"rate":0.0},"sexual":{"cases":13,"rate":147.8},"violence_proxy":{"cases":140,"rate":1592.0},"property_total":{"cases":464,"rate":5276.3},"simple_theft":{"cases":179,"rate":2035.5},"aggravated_theft":{"cases":285,"rate":3240.8},"fraud":{"cases":68,"rate":773.3},"other_stgb":{"cases":216,"rate":2456.2},"secondary_law":{"cases":28,"rate":318.4}},"geometry":{"type":"Polygon","coordinates":[[[12.347994,51.335599],[12.347836,51.335718],[12.347706,51.335847],[12.347419,51.336359],[12.347132,51.336871],[12.346846,51.337383],[12.346564,51.337895],[12.346279,51.338404],[12.345999,51.338915],[12.345804,51.339138],[12.345717,51.339309],[12.345707,51.339307],[12.344892,51.339137],[12.343547,51.338849],[12.343547,51.338849],[12.343059,51.338742],[12.342732,51.338667],[12.342508,51.338604],[12.342469,51.338586],[12.342448,51.338577],[12.342469,51.338521],[12.342501,51.338433],[12.342561,51.338119],[12.342588,51.337919],[12.342584,51.337715],[12.342562,51.337521],[12.342562,51.33746],[12.342527,51.33732],[12.34212,51.336234],[12.342059,51.336113],[12.341974,51.336002],[12.341856,51.335886],[12.341642,51.335748],[12.341388,51.335639],[12.341213,51.335592],[12.340999,51.335541],[12.340087,51.335354],[12.339884,51.335339],[12.33959,51.335318],[12.339387,51.335315],[12.33922,51.33532],[12.338883,51.335352],[12.338719,51.335358],[12.338468,51.335368],[12.338109,51.335383],[12.337847,51.335379],[12.337049,51.335369],[12.336877,51.335377],[12.336749,51.335382],[12.336702,51.335385],[12.336375,51.33541],[12.336101,51.335467],[12.335707,51.335561],[12.335596,51.335591],[12.335467,51.335625],[12.335123,51.335708],[12.334759,51.335804],[12.334297,51.335919],[12.333998,51.335982],[12.333928,51.335997],[12.333895,51.336002],[12.333706,51.336035],[12.333482,51.336055],[12.333216,51.33606],[12.332952,51.336051],[12.332326,51.335965],[12.33216,51.335942],[12.33215,51.335941],[12.332144,51.33594],[12.331949,51.335913],[12.330305,51.335717],[12.330297,51.335716],[12.330291,51.335715],[12.330121,51.335695],[12.329887,51.335666],[12.329651,51.335643],[12.32936,51.335598],[12.329177,51.33556],[12.329087,51.335541],[12.328894,51.335494],[12.328839,51.33548],[12.328461,51.335378],[12.32797,51.335223],[12.327718,51.335142],[12.327465,51.33505],[12.326927,51.334841],[12.32655,51.334683],[12.325883,51.334383],[12.325415,51.334154],[12.324124,51.33349],[12.324032,51.333428],[12.32391,51.333373],[12.323805,51.333331],[12.323173,51.333078],[12.322793,51.332934],[12.322294,51.332745],[12.322195,51.332731],[12.322052,51.332682],[12.322254,51.332177],[12.322367,51.331769],[12.322435,51.331342],[12.322452,51.331169],[12.322471,51.330988],[12.322481,51.330685],[12.322486,51.330173],[12.322468,51.329935],[12.322445,51.329769],[12.322304,51.329197],[12.322196,51.328803],[12.322456,51.328774],[12.323314,51.328684],[12.323342,51.328683],[12.323343,51.328683],[12.323553,51.328683],[12.323982,51.328795],[12.327147,51.329638],[12.329786,51.330345],[12.330049,51.330415],[12.330287,51.330479],[12.330983,51.330664],[12.332157,51.330977],[12.33332,51.331281],[12.334248,51.331535],[12.335327,51.331824],[12.335865,51.331967],[12.336182,51.332051],[12.336262,51.332072],[12.336352,51.332096],[12.337159,51.332309],[12.337347,51.332358],[12.337465,51.332383],[12.337544,51.332393],[12.33761,51.332396],[12.337693,51.332394],[12.338782,51.33237],[12.339385,51.332356],[12.3412,51.332316],[12.342285,51.332292],[12.344321,51.332245],[12.344389,51.332244],[12.344616,51.332239],[12.347155,51.332183],[12.347785,51.332169],[12.348689,51.332148],[12.34886,51.332144],[12.349157,51.332138],[12.349393,51.332132],[12.349396,51.332132],[12.349456,51.332134],[12.349531,51.332142],[12.349626,51.332168],[12.349711,51.332205],[12.350478,51.332618],[12.351134,51.332972],[12.351027,51.333048],[12.351027,51.333048],[12.350826,51.333193],[12.35065,51.333329],[12.350342,51.33359],[12.350014,51.333912],[12.349772,51.334223],[12.349461,51.334614],[12.349437,51.334644],[12.349291,51.334827],[12.349145,51.335011],[12.349067,51.335091],[12.349056,51.335101],[12.349056,51.335101],[12.349042,51.335112],[12.349039,51.335115],[12.349026,51.335125],[12.348986,51.335158],[12.348913,51.335218],[12.348781,51.335292],[12.348651,51.335348],[12.348531,51.33539],[12.348357,51.335446],[12.348203,51.335496],[12.347994,51.335599]]]}},{"type":"Feature","id":"leipzig-71","properties":{"city":"Leipzig","state":"Sachsen","code":"71","name":"Altlindenau","name_atlas":"Altlindenau","population_est":19008,"crime_total":{"cases":2078,"rate":10932.0},"homicide":{"cases":0,"rate":0.0},"sexual":{"cases":28,"rate":147.3},"violence_proxy":{"cases":278,"rate":1462.5},"property_total":{"cases":1018,"rate":5355.6},"simple_theft":{"cases":515,"rate":2709.4},"aggravated_theft":{"cases":503,"rate":2646.3},"fraud":{"cases":250,"rate":1315.2},"other_stgb":{"cases":427,"rate":2246.4},"secondary_law":{"cases":77,"rate":405.1}},"geometry":{"type":"Polygon","coordinates":[[[12.34232,51.345613],[12.34193,51.34633],[12.341538,51.347045],[12.34143,51.34724],[12.34143,51.347241],[12.34132,51.347458],[12.339973,51.349915],[12.339847,51.350076],[12.339796,51.350168],[12.339469,51.350105],[12.338907,51.350053],[12.334097,51.349815],[12.334051,51.349813],[12.333999,51.34981],[12.331477,51.349666],[12.331414,51.349662],[12.331422,51.349633],[12.331432,51.349599],[12.331464,51.349486],[12.332733,51.345109],[12.332679,51.345103],[12.332532,51.345091],[12.331861,51.345103],[12.331531,51.345091],[12.331385,51.34508],[12.331073,51.345027],[12.330434,51.344916],[12.329664,51.344827],[12.329359,51.344782],[12.328515,51.344646],[12.328243,51.344602],[12.328112,51.34458],[12.3278,51.344529],[12.326747,51.344454],[12.326611,51.344423],[12.326461,51.344403],[12.326038,51.344637],[12.325122,51.345155],[12.324115,51.345745],[12.323984,51.345816],[12.322288,51.344677],[12.322206,51.344613],[12.322044,51.34458],[12.320501,51.34417],[12.32041,51.344145],[12.320314,51.34411],[12.319118,51.343671],[12.317854,51.343212],[12.317781,51.343174],[12.317699,51.343036],[12.317589,51.343019],[12.317137,51.342428],[12.31695,51.342361],[12.316731,51.342283],[12.316545,51.342217],[12.315961,51.34202],[12.31581,51.34197],[12.315032,51.341716],[12.314373,51.341501],[12.3142,51.341444],[12.314007,51.341382],[12.314108,51.341272],[12.314254,51.341074],[12.314345,51.3409],[12.314389,51.340762],[12.314365,51.340524],[12.31263,51.34085],[12.312284,51.340918],[12.312301,51.340906],[12.314779,51.339224],[12.315274,51.338892],[12.316607,51.337981],[12.316629,51.337965],[12.318629,51.336604],[12.318934,51.3364],[12.319376,51.336065],[12.319754,51.335754],[12.319805,51.335712],[12.320211,51.33533],[12.320286,51.335253],[12.320609,51.334919],[12.320804,51.334692],[12.320977,51.334476],[12.321121,51.334305],[12.32123,51.33415],[12.321462,51.333812],[12.32177,51.333284],[12.321951,51.332896],[12.322052,51.332682],[12.322195,51.332731],[12.322294,51.332745],[12.322793,51.332934],[12.323173,51.333078],[12.323805,51.333331],[12.32391,51.333373],[12.324032,51.333428],[12.324124,51.33349],[12.325415,51.334154],[12.325883,51.334383],[12.32655,51.334683],[12.326927,51.334841],[12.327465,51.33505],[12.327718,51.335142],[12.32797,51.335223],[12.328461,51.335378],[12.328839,51.33548],[12.328894,51.335494],[12.329087,51.335541],[12.329177,51.33556],[12.32936,51.335598],[12.329651,51.335643],[12.329887,51.335666],[12.330121,51.335695],[12.330291,51.335715],[12.330297,51.335716],[12.330305,51.335717],[12.331949,51.335913],[12.332144,51.33594],[12.33215,51.335941],[12.33216,51.335942],[12.332326,51.335965],[12.332952,51.336051],[12.333216,51.33606],[12.333482,51.336055],[12.333706,51.336035],[12.333895,51.336002],[12.333928,51.335997],[12.333998,51.335982],[12.334297,51.335919],[12.334759,51.335804],[12.335123,51.335708],[12.335467,51.335625],[12.335596,51.335591],[12.335707,51.335561],[12.336101,51.335467],[12.336375,51.33541],[12.336702,51.335385],[12.336749,51.335382],[12.336877,51.335377],[12.337049,51.335369],[12.337847,51.335379],[12.338109,51.335383],[12.338468,51.335368],[12.338719,51.335358],[12.338883,51.335352],[12.33922,51.33532],[12.339387,51.335315],[12.33959,51.335318],[12.339884,51.335339],[12.340087,51.335354],[12.340999,51.335541],[12.341213,51.335592],[12.341388,51.335639],[12.341642,51.335748],[12.341856,51.335886],[12.341974,51.336002],[12.342059,51.336113],[12.34212,51.336234],[12.342527,51.33732],[12.342562,51.33746],[12.342562,51.337521],[12.342584,51.337715],[12.342588,51.337919],[12.342561,51.338119],[12.342501,51.338433],[12.342469,51.338521],[12.342448,51.338577],[12.342469,51.338586],[12.342508,51.338604],[12.342732,51.338667],[12.343059,51.338742],[12.343547,51.338849],[12.343547,51.338849],[12.344892,51.339137],[12.345707,51.339307],[12.345717,51.339309],[12.345717,51.339309],[12.345714,51.339315],[12.345666,51.339415],[12.345649,51.339445],[12.345628,51.339483],[12.345355,51.340089],[12.34499,51.34075],[12.3439,51.342739],[12.343172,51.344064],[12.34281,51.344725],[12.34232,51.345613]]]}},{"type":"Feature","id":"leipzig-72","properties":{"city":"Leipzig","state":"Sachsen","code":"72","name":"Neulindenau","name_atlas":"Neulindenau","population_est":8431,"crime_total":{"cases":869,"rate":10307.0},"homicide":{"cases":1,"rate":11.9},"sexual":{"cases":14,"rate":166.1},"violence_proxy":{"cases":128,"rate":1518.2},"property_total":{"cases":387,"rate":4590.2},"simple_theft":{"cases":171,"rate":2028.2},"aggravated_theft":{"cases":216,"rate":2562.0},"fraud":{"cases":124,"rate":1470.8},"other_stgb":{"cases":174,"rate":2063.8},"secondary_law":{"cases":41,"rate":486.3}},"geometry":{"type":"Polygon","coordinates":[[[12.303217,51.342506],[12.303063,51.342527],[12.302296,51.342597],[12.302186,51.342607],[12.30212,51.342613],[12.30197,51.342626],[12.301962,51.342627],[12.301956,51.34262],[12.301956,51.34262],[12.301683,51.342309],[12.301559,51.342167],[12.301517,51.342118],[12.301481,51.342077],[12.30141,51.341996],[12.3011,51.341641],[12.300784,51.34128],[12.300408,51.341185],[12.299373,51.340818],[12.299239,51.34074],[12.298751,51.340568],[12.298214,51.340379],[12.2982,51.340374],[12.298153,51.340358],[12.298094,51.340289],[12.297895,51.340061],[12.297788,51.339938],[12.297634,51.339763],[12.297392,51.339486],[12.297151,51.33921],[12.29691,51.338934],[12.296665,51.338655],[12.296428,51.338383],[12.296142,51.338056],[12.29628,51.337951],[12.296731,51.337694],[12.297173,51.337452],[12.297501,51.337311],[12.297717,51.337229],[12.299429,51.336669],[12.29975,51.336563],[12.300073,51.33645],[12.300316,51.336324],[12.30179,51.335506],[12.303686,51.334477],[12.305317,51.333588],[12.305474,51.3335],[12.305695,51.333375],[12.306701,51.332825],[12.307162,51.332541],[12.30798,51.331991],[12.308002,51.331977],[12.308362,51.331682],[12.308711,51.331395],[12.309024,51.331112],[12.309403,51.330726],[12.309609,51.330515],[12.311081,51.328975],[12.311162,51.328891],[12.310605,51.328683],[12.310396,51.328596],[12.310167,51.328502],[12.309122,51.328119],[12.308158,51.327772],[12.307497,51.327533],[12.306236,51.327189],[12.305229,51.326901],[12.305265,51.326828],[12.306055,51.325219],[12.306621,51.32411],[12.307142,51.323082],[12.307665,51.322123],[12.307699,51.322061],[12.307769,51.321927],[12.307783,51.321902],[12.307801,51.32187],[12.307828,51.321821],[12.307841,51.321799],[12.308112,51.321312],[12.308292,51.320974],[12.308498,51.32097],[12.308686,51.320966],[12.309229,51.320917],[12.309642,51.320854],[12.310415,51.320681],[12.310969,51.320568],[12.311461,51.320511],[12.312068,51.320465],[12.313713,51.32044],[12.31401,51.320434],[12.317859,51.3204],[12.319185,51.320406],[12.319356,51.320407],[12.319756,51.320405],[12.319841,51.320674],[12.321483,51.325866],[12.32165,51.326394],[12.321838,51.327239],[12.321969,51.327824],[12.322151,51.328614],[12.322196,51.328803],[12.322304,51.329197],[12.322445,51.329769],[12.322468,51.329935],[12.322486,51.330173],[12.322481,51.330685],[12.322471,51.330988],[12.322452,51.331169],[12.322435,51.331342],[12.322367,51.331769],[12.322254,51.332177],[12.322052,51.332682],[12.321951,51.332896],[12.32177,51.333284],[12.321462,51.333812],[12.32123,51.33415],[12.321121,51.334305],[12.320977,51.334476],[12.320804,51.334692],[12.320609,51.334919],[12.320286,51.335253],[12.320211,51.33533],[12.319805,51.335712],[12.319754,51.335754],[12.319376,51.336065],[12.318934,51.3364],[12.318629,51.336604],[12.316629,51.337965],[12.316607,51.337981],[12.315274,51.338892],[12.314779,51.339224],[12.312301,51.340906],[12.312284,51.340918],[12.311963,51.34098],[12.309189,51.341502],[12.307532,51.341803],[12.306476,51.342007],[12.305335,51.342228],[12.304931,51.342291],[12.304393,51.342366],[12.30383,51.342435],[12.303825,51.342425],[12.303217,51.342506]]]}},{"type":"Feature","id":"leipzig-73","properties":{"city":"Leipzig","state":"Sachsen","code":"73","name":"Leutzsch","name_atlas":"Leutzsch","population_est":11047,"crime_total":{"cases":981,"rate":8880.0},"homicide":{"cases":0,"rate":0.0},"sexual":{"cases":20,"rate":181.0},"violence_proxy":{"cases":156,"rate":1412.1},"property_total":{"cases":341,"rate":3086.8},"simple_theft":{"cases":163,"rate":1475.5},"aggravated_theft":{"cases":178,"rate":1611.3},"fraud":{"cases":123,"rate":1113.4},"other_stgb":{"cases":316,"rate":2860.5},"secondary_law":{"cases":25,"rate":226.3}},"geometry":{"type":"Polygon","coordinates":[[[12.323119,51.364528],[12.323081,51.364538],[12.322996,51.364562],[12.32294,51.364581],[12.32262,51.364703],[12.322399,51.364753],[12.322236,51.364762],[12.321782,51.364707],[12.321586,51.364658],[12.321423,51.364654],[12.321115,51.364602],[12.320931,51.364554],[12.320813,51.364516],[12.320492,51.364438],[12.320387,51.364434],[12.320273,51.36442],[12.32003,51.364364],[12.31979,51.364276],[12.319579,51.364221],[12.319352,51.364173],[12.319133,51.364157],[12.318937,51.364204],[12.318725,51.364239],[12.318397,51.364323],[12.318232,51.364389],[12.318177,51.364434],[12.318052,51.364486],[12.317975,51.364511],[12.317905,51.364534],[12.317779,51.364575],[12.317673,51.364605],[12.317639,51.364626],[12.317597,51.364634],[12.317487,51.364636],[12.317336,51.364618],[12.317028,51.364485],[12.316631,51.364294],[12.316479,51.364224],[12.316275,51.364138],[12.316204,51.36412],[12.315812,51.364015],[12.315685,51.364004],[12.315475,51.364],[12.315236,51.364016],[12.315022,51.364053],[12.314885,51.36408],[12.31471,51.364115],[12.314365,51.364221],[12.314258,51.364231],[12.314235,51.364233],[12.314194,51.364234],[12.313921,51.364239],[12.313836,51.364212],[12.313811,51.364204],[12.31376,51.364188],[12.313748,51.364165],[12.313717,51.36415],[12.31371,51.364147],[12.31368,51.364131],[12.313661,51.364122],[12.313631,51.364112],[12.313601,51.364093],[12.313553,51.364068],[12.313493,51.364022],[12.313412,51.363969],[12.313408,51.363966],[12.313393,51.363957],[12.313357,51.363894],[12.313303,51.36381],[12.313288,51.363758],[12.313279,51.363708],[12.313292,51.363558],[12.313341,51.363462],[12.313364,51.363408],[12.313408,51.36337],[12.313437,51.363323],[12.313446,51.363268],[12.313453,51.363221],[12.313444,51.363157],[12.313429,51.363097],[12.313405,51.36305],[12.313376,51.363011],[12.313333,51.362987],[12.313149,51.3629],[12.313059,51.362869],[12.312908,51.362825],[12.312734,51.362796],[12.312683,51.362789],[12.312602,51.362781],[12.312534,51.362776],[12.312344,51.362783],[12.312212,51.362786],[12.312163,51.362783],[12.312094,51.362778],[12.312054,51.362768],[12.312011,51.362754],[12.31195,51.362697],[12.311897,51.362633],[12.311545,51.362178],[12.311515,51.362128],[12.311501,51.362096],[12.311462,51.362024],[12.311433,51.361842],[12.311415,51.361788],[12.311398,51.361735],[12.311379,51.36169],[12.311354,51.361653],[12.311264,51.361524],[12.311232,51.361492],[12.311228,51.361487],[12.311204,51.361456],[12.311204,51.361454],[12.311176,51.361425],[12.311075,51.361343],[12.310998,51.361321],[12.310974,51.361314],[12.310877,51.361295],[12.310749,51.361286],[12.310699,51.361288],[12.310648,51.361283],[12.310579,51.361261],[12.310515,51.361265],[12.310451,51.361277],[12.310404,51.361278],[12.310275,51.361259],[12.310192,51.361251],[12.31015,51.361253],[12.310113,51.361256],[12.310015,51.361259],[12.309874,51.361251],[12.309793,51.36125],[12.30963,51.361269],[12.309479,51.361309],[12.309279,51.36133],[12.309225,51.361322],[12.309156,51.361315],[12.309085,51.361314],[12.309048,51.361308],[12.308998,51.361291],[12.308902,51.361254],[12.308859,51.361231],[12.308783,51.36119],[12.308712,51.361145],[12.308636,51.361097],[12.308572,51.361034],[12.308526,51.361],[12.308403,51.3609],[12.308305,51.3609],[12.308203,51.360898],[12.307994,51.360917],[12.307859,51.36092],[12.307776,51.360953],[12.307602,51.360963],[12.307463,51.360968],[12.307427,51.360973],[12.307398,51.360974],[12.307368,51.360973],[12.307325,51.36097],[12.307267,51.360958],[12.307192,51.360943],[12.307095,51.36093],[12.306973,51.360923],[12.30687,51.360924],[12.30675,51.36091],[12.306629,51.360899],[12.30659,51.360897],[12.306408,51.360881],[12.306378,51.360893],[12.306306,51.360891],[12.306248,51.360891],[12.306173,51.360883],[12.306032,51.360876],[12.305985,51.360882],[12.305866,51.360893],[12.305759,51.360906],[12.305687,51.360923],[12.305596,51.360954],[12.305469,51.361005],[12.305308,51.361068],[12.305236,51.361099],[12.305192,51.361117],[12.305144,51.361126],[12.305083,51.361146],[12.30491,51.361191],[12.304779,51.361215],[12.304621,51.361249],[12.304522,51.361273],[12.304455,51.361269],[12.304357,51.361289],[12.304257,51.361273],[12.30421,51.361262],[12.304139,51.361249],[12.304103,51.361243],[12.304042,51.36123],[12.303998,51.361216],[12.303954,51.361193],[12.303954,51.361193],[12.303895,51.361178],[12.303832,51.361138],[12.303748,51.361085],[12.303693,51.361042],[12.303568,51.36099],[12.303564,51.360988],[12.303497,51.360958],[12.303363,51.360956],[12.303179,51.360967],[12.303043,51.360968],[12.302968,51.360964],[12.302841,51.360913],[12.302742,51.36091],[12.30267,51.360908],[12.302662,51.360908],[12.302593,51.360901],[12.302537,51.360902],[12.302459,51.360922],[12.302345,51.360947],[12.302241,51.360968],[12.302153,51.360967],[12.30213,51.360969],[12.302124,51.360969],[12.3021,51.360967],[12.301875,51.360948],[12.301822,51.360921],[12.301823,51.36087],[12.301814,51.360717],[12.301877,51.360663],[12.301974,51.360628],[12.302069,51.360616],[12.302293,51.360672],[12.302154,51.360409],[12.301877,51.360173],[12.301862,51.36016],[12.301837,51.360138],[12.301773,51.360082],[12.301704,51.360024],[12.301503,51.359849],[12.301439,51.359796],[12.301378,51.359747],[12.301292,51.359673],[12.301284,51.359666],[12.301256,51.35962],[12.301245,51.359589],[12.301252,51.359565],[12.301268,51.35954],[12.301318,51.359481],[12.301373,51.359418],[12.301423,51.359359],[12.301419,51.359337],[12.301403,51.359317],[12.301356,51.359291],[12.301333,51.359268],[12.301328,51.359255],[12.301282,51.359139],[12.301313,51.359133],[12.301673,51.359073],[12.302555,51.358927],[12.303309,51.35884],[12.30335,51.358836],[12.303954,51.358768],[12.304556,51.35866],[12.304616,51.358626],[12.304727,51.358364],[12.304813,51.358159],[12.304935,51.357679],[12.304935,51.357679],[12.304945,51.357642],[12.304956,51.357623],[12.304968,51.357612],[12.305024,51.357621],[12.305029,51.357622],[12.305149,51.357636],[12.305364,51.357665],[12.30561,51.357698],[12.30598,51.357747],[12.30608,51.357735],[12.306512,51.357685],[12.306659,51.357668],[12.307345,51.357589],[12.307539,51.357565],[12.30765,51.357551],[12.307912,51.357521],[12.308153,51.357492],[12.308249,51.35748],[12.308272,51.357478],[12.308202,51.357316],[12.308189,51.357287],[12.308159,51.357169],[12.308282,51.357014],[12.308367,51.356907],[12.308453,51.3568],[12.308053,51.356596],[12.307977,51.356557],[12.308102,51.356461],[12.308027,51.356423],[12.307716,51.356264],[12.307583,51.356195],[12.307802,51.356027],[12.307894,51.355957],[12.307971,51.355818],[12.307899,51.355802],[12.307935,51.355736],[12.307966,51.355681],[12.307924,51.355672],[12.307902,51.355667],[12.307855,51.355657],[12.306858,51.355443],[12.306537,51.355359],[12.306386,51.35532],[12.305932,51.355171],[12.305871,51.355151],[12.305377,51.354978],[12.304884,51.35478],[12.30415,51.354448],[12.303673,51.354221],[12.303426,51.35409],[12.302969,51.353857],[12.30281,51.35377],[12.302706,51.353699],[12.302687,51.353686],[12.302667,51.353673],[12.302653,51.353639],[12.302676,51.3536],[12.302604,51.353565],[12.302579,51.353553],[12.302576,51.353552],[12.302576,51.353551],[12.302574,51.353551],[12.302472,51.353501],[12.30242,51.353538],[12.302346,51.353557],[12.302273,51.353556],[12.302179,51.35352],[12.301928,51.353391],[12.301676,51.353262],[12.301406,51.353125],[12.301136,51.352987],[12.300826,51.352828],[12.300515,51.352669],[12.300495,51.352659],[12.300417,51.35262],[12.300325,51.352572],[12.30002,51.352413],[12.299795,51.352296],[12.299748,51.352266],[12.299765,51.352232],[12.299838,51.352098],[12.299909,51.35197],[12.299942,51.351908],[12.300074,51.35157],[12.300075,51.351568],[12.300125,51.351441],[12.300196,51.351256],[12.300196,51.351256],[12.300202,51.351242],[12.300205,51.351234],[12.300217,51.351196],[12.300308,51.350951],[12.300333,51.350883],[12.300359,51.350814],[12.300438,51.3506],[12.300494,51.350448],[12.300573,51.350233],[12.300574,51.350233],[12.300591,51.350185],[12.300611,51.350132],[12.300623,51.350098],[12.300683,51.349936],[12.300693,51.349909],[12.300785,51.34966],[12.30085,51.349483],[12.300869,51.349431],[12.30087,51.34943],[12.301042,51.348963],[12.301105,51.348792],[12.301163,51.34881],[12.301225,51.348832],[12.301287,51.348853],[12.301338,51.348873],[12.301348,51.348877],[12.301407,51.348901],[12.301466,51.348926],[12.301524,51.348952],[12.30158,51.34898],[12.301635,51.349008],[12.301689,51.349037],[12.301742,51.349066],[12.301794,51.349097],[12.301843,51.349129],[12.301891,51.349161],[12.301939,51.349194],[12.301986,51.349229],[12.302031,51.349262],[12.302075,51.349298],[12.302117,51.349334],[12.302156,51.34937],[12.302196,51.349408],[12.302232,51.349446],[12.302268,51.349484],[12.302302,51.349523],[12.302334,51.349563],[12.302339,51.34957],[12.302364,51.349604],[12.302392,51.349644],[12.30242,51.349686],[12.302493,51.34968],[12.302568,51.349681],[12.30256,51.349637],[12.302555,51.349591],[12.302551,51.349546],[12.30255,51.3495],[12.302551,51.349455],[12.302553,51.349409],[12.302557,51.349365],[12.302562,51.349319],[12.302568,51.349275],[12.302576,51.349229],[12.302584,51.349184],[12.302595,51.349139],[12.302605,51.349094],[12.302618,51.34905],[12.302631,51.349006],[12.302646,51.348961],[12.302677,51.348882],[12.30271,51.348804],[12.302741,51.348727],[12.302788,51.348616],[12.302842,51.348486],[12.302849,51.348468],[12.302864,51.348434],[12.302878,51.348402],[12.302883,51.348392],[12.302895,51.348347],[12.302901,51.348329],[12.30291,51.348304],[12.302913,51.34829],[12.302918,51.348272],[12.302921,51.34826],[12.302931,51.348219],[12.302933,51.348209],[12.302935,51.348198],[12.302949,51.348118],[12.302958,51.34804],[12.302958,51.34804],[12.302961,51.347959],[12.302958,51.347881],[12.302958,51.34788],[12.303031,51.347879],[12.303098,51.347885],[12.303137,51.347807],[12.303178,51.347731],[12.303232,51.34764],[12.303306,51.347515],[12.30335,51.347439],[12.303361,51.347419],[12.303373,51.347397],[12.303395,51.347355],[12.303476,51.347343],[12.303546,51.347356],[12.30362,51.346662],[12.30362,51.346662],[12.303621,51.346632],[12.303581,51.34662],[12.303581,51.346607],[12.303581,51.346569],[12.30358,51.346488],[12.303577,51.346406],[12.303573,51.346326],[12.303568,51.346244],[12.303565,51.346199],[12.30356,51.346154],[12.303555,51.346109],[12.303548,51.346064],[12.303539,51.346019],[12.30353,51.345974],[12.30352,51.34593],[12.30351,51.345885],[12.303498,51.345841],[12.303475,51.34576],[12.303451,51.345681],[12.303424,51.345602],[12.303305,51.345259],[12.303296,51.345227],[12.303296,51.345227],[12.303281,51.345179],[12.303268,51.345132],[12.303259,51.3451],[12.303256,51.345086],[12.303241,51.345019],[12.303217,51.344898],[12.30321,51.344864],[12.303199,51.344802],[12.303191,51.34476],[12.303185,51.344731],[12.303185,51.344727],[12.303119,51.344748],[12.303002,51.344784],[12.302709,51.344384],[12.302393,51.34395],[12.302361,51.343901],[12.302044,51.343417],[12.301973,51.343272],[12.301913,51.343149],[12.301791,51.343185],[12.30181,51.342894],[12.301819,51.342782],[12.303237,51.342655],[12.303516,51.342552],[12.303635,51.342507],[12.303636,51.342507],[12.30383,51.342435],[12.304393,51.342366],[12.304931,51.342291],[12.305335,51.342228],[12.306476,51.342007],[12.307532,51.341803],[12.309189,51.341502],[12.311963,51.34098],[12.312284,51.340918],[12.31263,51.34085],[12.314365,51.340524],[12.314389,51.340762],[12.314345,51.3409],[12.314254,51.341074],[12.314108,51.341272],[12.314007,51.341382],[12.3142,51.341444],[12.314373,51.341501],[12.315032,51.341716],[12.31581,51.34197],[12.315961,51.34202],[12.316545,51.342217],[12.316731,51.342283],[12.31695,51.342361],[12.317137,51.342428],[12.317589,51.343019],[12.317699,51.343036],[12.317781,51.343174],[12.317854,51.343212],[12.319118,51.343671],[12.320314,51.34411],[12.32041,51.344145],[12.320501,51.34417],[12.322044,51.34458],[12.322206,51.344613],[12.322288,51.344677],[12.323984,51.345816],[12.324115,51.345745],[12.325122,51.345155],[12.326038,51.344637],[12.326461,51.344403],[12.326611,51.344423],[12.326747,51.344454],[12.3278,51.344529],[12.328112,51.34458],[12.328243,51.344602],[12.328515,51.344646],[12.329359,51.344782],[12.329664,51.344827],[12.330434,51.344916],[12.331073,51.345027],[12.331385,51.34508],[12.331531,51.345091],[12.331861,51.345103],[12.332532,51.345091],[12.332679,51.345103],[12.332733,51.345109],[12.331464,51.349486],[12.331432,51.349599],[12.331422,51.349633],[12.331414,51.349662],[12.331477,51.349666],[12.333999,51.34981],[12.334051,51.349813],[12.334097,51.349815],[12.338907,51.350053],[12.339469,51.350105],[12.339796,51.350168],[12.339705,51.350252],[12.339705,51.350253],[12.339663,51.350414],[12.339584,51.350712],[12.339533,51.350871],[12.339232,51.351478],[12.338636,51.352514],[12.33813,51.353242],[12.337986,51.353439],[12.337653,51.353898],[12.337248,51.354393],[12.33697,51.35464],[12.336724,51.354818],[12.33649,51.354944],[12.335859,51.355262],[12.335669,51.355359],[12.335077,51.355589],[12.334819,51.355704],[12.334303,51.35593],[12.333792,51.356141],[12.332721,51.356559],[12.332888,51.356727],[12.330407,51.357698],[12.32903,51.358233],[12.328472,51.358544],[12.328035,51.358922],[12.327843,51.359133],[12.327697,51.359513],[12.327669,51.359577],[12.327547,51.359762],[12.327518,51.359805],[12.327507,51.359828],[12.327506,51.359829],[12.327506,51.359829],[12.327191,51.360447],[12.327141,51.360546],[12.327075,51.360717],[12.327054,51.360756],[12.326718,51.361396],[12.326674,51.361482],[12.326572,51.361685],[12.326565,51.361686],[12.32652,51.361772],[12.325922,51.362905],[12.3258,51.363342],[12.325734,51.363892],[12.325607,51.364046],[12.324936,51.364223],[12.324557,51.364228],[12.323869,51.36427],[12.323268,51.364486],[12.323167,51.364517],[12.323167,51.364514],[12.323119,51.364528]]]}},{"type":"Feature","id":"leipzig-74","properties":{"city":"Leipzig","state":"Sachsen","code":"74","name":"Böhlitz-Ehrenberg","name_atlas":"Böhlitz-Ehrenberg","population_est":10248,"crime_total":{"cases":476,"rate":4645.0},"homicide":{"cases":1,"rate":9.8},"sexual":{"cases":13,"rate":126.9},"violence_proxy":{"cases":62,"rate":605.0},"property_total":{"cases":189,"rate":1844.3},"simple_theft":{"cases":88,"rate":858.7},"aggravated_theft":{"cases":101,"rate":985.6},"fraud":{"cases":93,"rate":907.5},"other_stgb":{"cases":94,"rate":917.3},"secondary_law":{"cases":24,"rate":234.2}},"geometry":{"type":"Polygon","coordinates":[[[12.247894,51.376123],[12.247847,51.376134],[12.247841,51.376147],[12.247852,51.376187],[12.247845,51.376214],[12.247836,51.376259],[12.247845,51.3763],[12.24784,51.376306],[12.247826,51.376322],[12.247822,51.376327],[12.247573,51.376159],[12.247446,51.376073],[12.247194,51.375904],[12.246666,51.375599],[12.246126,51.375303],[12.245564,51.375023],[12.245474,51.374976],[12.245383,51.37493],[12.244838,51.374673],[12.244183,51.374396],[12.243518,51.374112],[12.243452,51.374084],[12.24345,51.374083],[12.242659,51.373812],[12.241869,51.373577],[12.241677,51.373516],[12.241493,51.373473],[12.240822,51.373311],[12.240151,51.373151],[12.240081,51.373136],[12.239471,51.373005],[12.238787,51.372868],[12.238369,51.3728],[12.23767,51.3727],[12.237673,51.37269],[12.237689,51.372645],[12.237759,51.372445],[12.237937,51.371994],[12.237937,51.371991],[12.239108,51.372048],[12.240093,51.371978],[12.241056,51.371931],[12.241116,51.371879],[12.241184,51.371821],[12.241218,51.371838],[12.241278,51.371868],[12.241278,51.371868],[12.241698,51.371785],[12.24178,51.371772],[12.242074,51.371723],[12.242381,51.371595],[12.243386,51.371145],[12.243417,51.371131],[12.243391,51.371049],[12.243358,51.370961],[12.243293,51.370521],[12.243249,51.370322],[12.243162,51.370067],[12.243082,51.369838],[12.243016,51.369715],[12.242947,51.369609],[12.242876,51.369457],[12.242826,51.369165],[12.242782,51.368707],[12.24288,51.368271],[12.24297,51.367881],[12.242953,51.367796],[12.242752,51.36742],[12.242407,51.366963],[12.24191,51.366488],[12.242072,51.366289],[12.24232,51.366156],[12.242494,51.365983],[12.242429,51.365946],[12.242265,51.365924],[12.242101,51.36589],[12.242002,51.365879],[12.241983,51.365819],[12.241952,51.365756],[12.241909,51.365681],[12.241882,51.36565],[12.241893,51.3656],[12.241859,51.365561],[12.241813,51.365497],[12.241782,51.365465],[12.241732,51.365426],[12.24169,51.365384],[12.241659,51.365295],[12.241668,51.36525],[12.241633,51.365235],[12.241589,51.365222],[12.241576,51.365125],[12.241539,51.365082],[12.241518,51.365023],[12.241509,51.364943],[12.241469,51.364888],[12.241496,51.364851],[12.241491,51.364829],[12.241453,51.364805],[12.241515,51.364756],[12.241476,51.364677],[12.24147,51.364592],[12.241466,51.36453],[12.241438,51.364507],[12.241429,51.364447],[12.241472,51.364422],[12.241455,51.364398],[12.241444,51.364367],[12.241454,51.364298],[12.241464,51.36427],[12.241431,51.364251],[12.241433,51.364148],[12.241456,51.364094],[12.241418,51.364039],[12.241444,51.363975],[12.241437,51.36393],[12.241422,51.363849],[12.24143,51.363733],[12.2414,51.363622],[12.241398,51.363542],[12.241386,51.36349],[12.241301,51.36343],[12.241341,51.363369],[12.24133,51.363345],[12.241303,51.363299],[12.241303,51.363272],[12.241344,51.3632],[12.241286,51.363167],[12.24131,51.363085],[12.241315,51.363067],[12.241315,51.363029],[12.241316,51.362968],[12.24129,51.362869],[12.241347,51.362797],[12.241346,51.362745],[12.241347,51.362742],[12.241349,51.362687],[12.241359,51.362618],[12.241323,51.362529],[12.241288,51.362462],[12.241307,51.362381],[12.241282,51.362295],[12.241251,51.362225],[12.241219,51.362136],[12.241241,51.362088],[12.241226,51.362054],[12.241198,51.362014],[12.241251,51.361983],[12.241249,51.361964],[12.241204,51.361931],[12.241209,51.361871],[12.241183,51.361801],[12.241199,51.361758],[12.241195,51.361672],[12.2412,51.361603],[12.241185,51.361546],[12.241207,51.36149],[12.241193,51.361446],[12.241176,51.361424],[12.241184,51.361386],[12.241179,51.361286],[12.241174,51.361173],[12.241161,51.360997],[12.241158,51.360941],[12.241145,51.360846],[12.241136,51.360802],[12.241091,51.360703],[12.241083,51.360687],[12.241057,51.360301],[12.241064,51.360034],[12.241029,51.359944],[12.241093,51.359668],[12.241173,51.359457],[12.241164,51.359401],[12.241181,51.359342],[12.241236,51.359188],[12.241298,51.358919],[12.241265,51.35883],[12.24131,51.35862],[12.241302,51.358543],[12.241284,51.358507],[12.241294,51.358428],[12.241277,51.358344],[12.241317,51.358256],[12.241271,51.358134],[12.241269,51.358002],[12.24131,51.357883],[12.241226,51.357823],[12.241229,51.357695],[12.241283,51.357611],[12.241116,51.357586],[12.241136,51.357555],[12.241312,51.357578],[12.241567,51.357572],[12.24186,51.357563],[12.24211,51.357562],[12.242294,51.357553],[12.242438,51.357545],[12.242505,51.357543],[12.242613,51.357523],[12.242686,51.35751],[12.2427,51.357385],[12.242701,51.357342],[12.242708,51.35721],[12.242706,51.357096],[12.242712,51.356738],[12.242703,51.356695],[12.2427,51.356679],[12.243427,51.356832],[12.244384,51.356947],[12.245034,51.357],[12.246044,51.35705],[12.246172,51.357053],[12.246786,51.357071],[12.247385,51.357095],[12.24803,51.357187],[12.24858,51.357283],[12.248848,51.35733],[12.249418,51.35746],[12.249563,51.357496],[12.250691,51.357772],[12.250816,51.357594],[12.251038,51.357687],[12.252348,51.358231],[12.25243,51.358265],[12.252965,51.358487],[12.253057,51.358524],[12.25306,51.358526],[12.253513,51.35871],[12.253955,51.358891],[12.25409,51.358946],[12.254321,51.359188],[12.255325,51.359619],[12.256561,51.360083],[12.257251,51.360385],[12.257382,51.360326],[12.257521,51.360263],[12.257758,51.36028],[12.258896,51.360257],[12.259003,51.360235],[12.259086,51.360186],[12.259147,51.360132],[12.259182,51.360101],[12.259284,51.36014],[12.259323,51.360155],[12.259405,51.360083],[12.259698,51.359824],[12.259728,51.359787],[12.260179,51.359223],[12.260184,51.359223],[12.260235,51.359224],[12.260914,51.359245],[12.261311,51.359256],[12.261468,51.359261],[12.261513,51.359262],[12.261747,51.359269],[12.262386,51.359288],[12.263461,51.35932],[12.26382,51.359331],[12.26383,51.359331],[12.263841,51.359332],[12.264491,51.359351],[12.264517,51.359352],[12.264528,51.359352],[12.264528,51.35935],[12.264517,51.359165],[12.264536,51.358936],[12.26455,51.358724],[12.264557,51.358615],[12.264562,51.35853],[12.264562,51.358527],[12.264568,51.35844],[12.264674,51.358443],[12.265249,51.358459],[12.26527,51.35846],[12.265288,51.358468],[12.265517,51.358565],[12.265785,51.358321],[12.265821,51.358287],[12.265924,51.358194],[12.265955,51.358165],[12.266126,51.35801],[12.266145,51.358013],[12.266155,51.358015],[12.266185,51.358021],[12.266214,51.358026],[12.266241,51.358002],[12.266241,51.358001],[12.266343,51.357947],[12.266548,51.357838],[12.267234,51.357472],[12.267247,51.357473],[12.267291,51.357475],[12.267265,51.357456],[12.267247,51.357442],[12.267232,51.357432],[12.267211,51.357416],[12.267187,51.357398],[12.267198,51.357312],[12.26725,51.357301],[12.267262,51.357298],[12.267312,51.357287],[12.267355,51.357253],[12.267414,51.357239],[12.267478,51.357219],[12.267605,51.357152],[12.267807,51.357077],[12.268046,51.356954],[12.268218,51.356859],[12.268252,51.356845],[12.268286,51.356828],[12.268348,51.356798],[12.268396,51.356776],[12.268455,51.35675],[12.268514,51.356731],[12.268568,51.356717],[12.268629,51.356688],[12.268629,51.356688],[12.268594,51.356643],[12.268594,51.356643],[12.26867,51.356596],[12.268711,51.356549],[12.268768,51.356499],[12.26885,51.356469],[12.268864,51.356462],[12.268939,51.356419],[12.268998,51.356382],[12.269009,51.356376],[12.26909,51.356317],[12.269409,51.356225],[12.269962,51.35604],[12.26999,51.356015],[12.270036,51.355997],[12.270119,51.355971],[12.270148,51.355951],[12.270184,51.355947],[12.270284,51.355895],[12.270377,51.355855],[12.270625,51.355716],[12.27069,51.355668],[12.270748,51.35565],[12.270796,51.355602],[12.2709,51.355521],[12.270936,51.355489],[12.271042,51.355399],[12.271105,51.355353],[12.271148,51.355314],[12.271179,51.355274],[12.271265,51.355196],[12.271343,51.355139],[12.271428,51.35507],[12.271488,51.355023],[12.271562,51.354937],[12.271705,51.354788],[12.271719,51.354745],[12.27173,51.354695],[12.271773,51.354632],[12.271773,51.354632],[12.271757,51.354507],[12.271704,51.354475],[12.271668,51.354392],[12.271667,51.354392],[12.271713,51.354336],[12.271718,51.35415],[12.271718,51.354149],[12.271718,51.354149],[12.271728,51.354101],[12.271728,51.354101],[12.271717,51.354037],[12.271717,51.354036],[12.271735,51.354],[12.271801,51.353893],[12.271828,51.353866],[12.271845,51.353821],[12.271898,51.353768],[12.271913,51.353731],[12.271975,51.353655],[12.272052,51.353614],[12.272107,51.353609],[12.272257,51.353595],[12.27252,51.353582],[12.272764,51.35358],[12.272928,51.353594],[12.273233,51.353535],[12.273351,51.353502],[12.273598,51.353443],[12.273662,51.353401],[12.273801,51.35336],[12.27395,51.353338],[12.274065,51.353255],[12.274129,51.353206],[12.27417,51.35318],[12.274466,51.352846],[12.274681,51.352605],[12.274723,51.35251],[12.274794,51.352463],[12.274815,51.35239],[12.274863,51.352348],[12.274889,51.352328],[12.274942,51.35216],[12.274948,51.352044],[12.274948,51.352044],[12.274925,51.351941],[12.274917,51.351839],[12.274913,51.35175],[12.274909,51.351681],[12.274905,51.351612],[12.274905,51.351562],[12.274905,51.351562],[12.274905,51.351561],[12.274912,51.351512],[12.274912,51.351511],[12.27491,51.351434],[12.274909,51.351377],[12.274876,51.35129],[12.274876,51.35129],[12.274884,51.351257],[12.274884,51.351257],[12.274882,51.351177],[12.274941,51.351127],[12.274998,51.351073],[12.275073,51.351011],[12.275146,51.350934],[12.275228,51.350884],[12.27532,51.350819],[12.27544,51.350726],[12.275499,51.350685],[12.275637,51.350583],[12.275716,51.350543],[12.275856,51.350489],[12.275953,51.35044],[12.276116,51.35035],[12.276236,51.350229],[12.276303,51.350145],[12.276465,51.349966],[12.276551,51.34988],[12.276955,51.349646],[12.277126,51.349516],[12.277319,51.349558],[12.277475,51.349586],[12.277659,51.349423],[12.278081,51.349312],[12.278282,51.349256],[12.278538,51.349198],[12.278804,51.349139],[12.27907,51.34907],[12.279414,51.348981],[12.279731,51.348895],[12.279946,51.348851],[12.279938,51.348743],[12.279657,51.348738],[12.279453,51.348712],[12.278953,51.348667],[12.278897,51.348667],[12.27883,51.348672],[12.278663,51.348716],[12.278453,51.348705],[12.278282,51.348698],[12.278156,51.348659],[12.277901,51.348557],[12.277802,51.348518],[12.27766,51.34845],[12.27726,51.34823],[12.277157,51.348179],[12.277155,51.348178],[12.277116,51.348155],[12.277062,51.348122],[12.276818,51.347975],[12.276685,51.347953],[12.276649,51.347947],[12.276471,51.347917],[12.276447,51.347908],[12.276429,51.347899],[12.276372,51.347868],[12.276301,51.347808],[12.276299,51.347807],[12.276231,51.347745],[12.276075,51.347549],[12.275968,51.347417],[12.275895,51.347327],[12.275813,51.347226],[12.275737,51.347093],[12.275646,51.346937],[12.275584,51.346741],[12.275569,51.34668],[12.27556,51.346541],[12.275547,51.346506],[12.275522,51.346473],[12.275443,51.346396],[12.275313,51.346301],[12.275166,51.346246],[12.275164,51.346206],[12.275156,51.34606],[12.27505,51.345848],[12.274945,51.345612],[12.274883,51.345457],[12.274835,51.3453],[12.27481,51.345218],[12.27481,51.345214],[12.274797,51.345124],[12.274785,51.34504],[12.27482,51.345037],[12.274873,51.345033],[12.274901,51.345031],[12.275454,51.344989],[12.275891,51.345024],[12.27591,51.345026],[12.276357,51.345062],[12.277786,51.345111],[12.280738,51.345213],[12.281288,51.345232],[12.281406,51.345236],[12.281783,51.345249],[12.281899,51.345247],[12.282132,51.345241],[12.283545,51.345199],[12.283546,51.345199],[12.283546,51.345199],[12.283584,51.345198],[12.283621,51.345197],[12.283655,51.345195],[12.283799,51.345251],[12.283804,51.345253],[12.283958,51.345313],[12.284025,51.345293],[12.284741,51.345192],[12.28513,51.345142],[12.285242,51.345131],[12.285911,51.34507],[12.286209,51.345042],[12.286466,51.344933],[12.287348,51.344811],[12.287427,51.3448],[12.28749,51.344791],[12.287638,51.34477],[12.288517,51.344629],[12.288546,51.344625],[12.288677,51.344604],[12.288807,51.344584],[12.28883,51.344581],[12.289172,51.344529],[12.289492,51.344481],[12.28961,51.344463],[12.289731,51.344453],[12.289894,51.344425],[12.29117,51.344266],[12.292426,51.344118],[12.292714,51.344083],[12.293621,51.343985],[12.294365,51.343901],[12.294452,51.343888],[12.294705,51.343854],[12.294761,51.343849],[12.295355,51.343779],[12.295418,51.343776],[12.295813,51.343758],[12.296045,51.343743],[12.296399,51.343733],[12.296575,51.34373],[12.296729,51.343735],[12.296766,51.34373],[12.296933,51.343735],[12.297167,51.343748],[12.297244,51.343746],[12.297526,51.343751],[12.298126,51.343765],[12.298233,51.343776],[12.298239,51.343776],[12.298368,51.343781],[12.298407,51.343785],[12.298407,51.343785],[12.298431,51.343787],[12.298432,51.343787],[12.298496,51.343783],[12.298496,51.343783],[12.298703,51.343788],[12.298703,51.343788],[12.298985,51.343793],[12.298985,51.343793],[12.29924,51.34381],[12.299241,51.34381],[12.299284,51.343803],[12.299438,51.343818],[12.299438,51.343818],[12.299628,51.343811],[12.299628,51.343811],[12.299727,51.343814],[12.299727,51.343814],[12.299833,51.343794],[12.300029,51.343757],[12.300194,51.343716],[12.300243,51.343706],[12.300471,51.343629],[12.300745,51.343538],[12.30129,51.343352],[12.301342,51.343325],[12.301526,51.343269],[12.301571,51.343253],[12.301615,51.343237],[12.301668,51.343222],[12.301669,51.343221],[12.301791,51.343185],[12.301913,51.343149],[12.301973,51.343272],[12.302044,51.343417],[12.302361,51.343901],[12.302393,51.34395],[12.302709,51.344384],[12.303002,51.344784],[12.303119,51.344748],[12.303185,51.344727],[12.303185,51.344731],[12.303191,51.34476],[12.303199,51.344802],[12.30321,51.344864],[12.303217,51.344898],[12.303241,51.345019],[12.303256,51.345086],[12.303259,51.3451],[12.303268,51.345132],[12.303281,51.345179],[12.303296,51.345227],[12.303296,51.345227],[12.303305,51.345259],[12.303424,51.345602],[12.303451,51.345681],[12.303475,51.34576],[12.303498,51.345841],[12.30351,51.345885],[12.30352,51.34593],[12.30353,51.345974],[12.303539,51.346019],[12.303548,51.346064],[12.303555,51.346109],[12.30356,51.346154],[12.303565,51.346199],[12.303568,51.346244],[12.303573,51.346326],[12.303577,51.346406],[12.30358,51.346488],[12.303581,51.346569],[12.303581,51.346607],[12.303581,51.34662],[12.303621,51.346632],[12.30362,51.346662],[12.30362,51.346662],[12.303546,51.347356],[12.303476,51.347343],[12.303395,51.347355],[12.303373,51.347397],[12.303361,51.347419],[12.30335,51.347439],[12.303306,51.347515],[12.303232,51.34764],[12.303178,51.347731],[12.303137,51.347807],[12.303098,51.347885],[12.303031,51.347879],[12.302958,51.34788],[12.302958,51.347881],[12.302961,51.347959],[12.302958,51.34804],[12.302958,51.34804],[12.302949,51.348118],[12.302935,51.348198],[12.302933,51.348209],[12.302931,51.348219],[12.302921,51.34826],[12.302918,51.348272],[12.302913,51.34829],[12.30291,51.348304],[12.302901,51.348329],[12.302895,51.348347],[12.302883,51.348392],[12.302878,51.348402],[12.302864,51.348434],[12.302849,51.348468],[12.302842,51.348486],[12.302788,51.348616],[12.302741,51.348727],[12.30271,51.348804],[12.302677,51.348882],[12.302646,51.348961],[12.302631,51.349006],[12.302618,51.34905],[12.302605,51.349094],[12.302595,51.349139],[12.302584,51.349184],[12.302576,51.349229],[12.302568,51.349275],[12.302562,51.349319],[12.302557,51.349365],[12.302553,51.349409],[12.302551,51.349455],[12.30255,51.3495],[12.302551,51.349546],[12.302555,51.349591],[12.30256,51.349637],[12.302568,51.349681],[12.302493,51.34968],[12.30242,51.349686],[12.302392,51.349644],[12.302364,51.349604],[12.302339,51.34957],[12.302334,51.349563],[12.302302,51.349523],[12.302268,51.349484],[12.302232,51.349446],[12.302196,51.349408],[12.302156,51.34937],[12.302117,51.349334],[12.302075,51.349298],[12.302031,51.349262],[12.301986,51.349229],[12.301939,51.349194],[12.301891,51.349161],[12.301843,51.349129],[12.301794,51.349097],[12.301742,51.349066],[12.301689,51.349037],[12.301635,51.349008],[12.30158,51.34898],[12.301524,51.348952],[12.301466,51.348926],[12.301407,51.348901],[12.301348,51.348877],[12.301338,51.348873],[12.301287,51.348853],[12.301225,51.348832],[12.301163,51.34881],[12.301105,51.348792],[12.301042,51.348963],[12.30087,51.34943],[12.300869,51.349431],[12.30085,51.349483],[12.300785,51.34966],[12.300693,51.349909],[12.300683,51.349936],[12.300623,51.350098],[12.300611,51.350132],[12.300591,51.350185],[12.300574,51.350233],[12.300573,51.350233],[12.300494,51.350448],[12.300438,51.3506],[12.300359,51.350814],[12.300333,51.350883],[12.300308,51.350951],[12.300217,51.351196],[12.300205,51.351234],[12.300202,51.351242],[12.300196,51.351256],[12.300196,51.351256],[12.300125,51.351441],[12.300075,51.351568],[12.300074,51.35157],[12.299942,51.351908],[12.299909,51.35197],[12.299838,51.352098],[12.299765,51.352232],[12.299748,51.352266],[12.299795,51.352296],[12.30002,51.352413],[12.300325,51.352572],[12.300417,51.35262],[12.300495,51.352659],[12.300515,51.352669],[12.300826,51.352828],[12.301136,51.352987],[12.301406,51.353125],[12.301676,51.353262],[12.301928,51.353391],[12.302179,51.35352],[12.302273,51.353556],[12.302346,51.353557],[12.30242,51.353538],[12.302472,51.353501],[12.302574,51.353551],[12.302576,51.353551],[12.302576,51.353552],[12.302579,51.353553],[12.302604,51.353565],[12.302676,51.3536],[12.302653,51.353639],[12.302667,51.353673],[12.302687,51.353686],[12.302706,51.353699],[12.30281,51.35377],[12.302969,51.353857],[12.303426,51.35409],[12.303673,51.354221],[12.30415,51.354448],[12.304884,51.35478],[12.305377,51.354978],[12.305871,51.355151],[12.305932,51.355171],[12.306386,51.35532],[12.306537,51.355359],[12.306858,51.355443],[12.307855,51.355657],[12.307902,51.355667],[12.307924,51.355672],[12.307966,51.355681],[12.307935,51.355736],[12.307899,51.355802],[12.307971,51.355818],[12.307894,51.355957],[12.307802,51.356027],[12.307583,51.356195],[12.307716,51.356264],[12.308027,51.356423],[12.308102,51.356461],[12.307977,51.356557],[12.308053,51.356596],[12.308453,51.3568],[12.308367,51.356907],[12.308282,51.357014],[12.308159,51.357169],[12.308189,51.357287],[12.308202,51.357316],[12.308272,51.357478],[12.308249,51.35748],[12.308153,51.357492],[12.307912,51.357521],[12.30765,51.357551],[12.307539,51.357565],[12.307345,51.357589],[12.306659,51.357668],[12.306512,51.357685],[12.30608,51.357735],[12.30598,51.357747],[12.30561,51.357698],[12.305364,51.357665],[12.305149,51.357636],[12.305029,51.357622],[12.305024,51.357621],[12.304968,51.357612],[12.304956,51.357623],[12.304945,51.357642],[12.304935,51.357679],[12.304935,51.357679],[12.304813,51.358159],[12.304727,51.358364],[12.304616,51.358626],[12.304556,51.35866],[12.303954,51.358768],[12.30335,51.358836],[12.303309,51.35884],[12.302555,51.358927],[12.301673,51.359073],[12.301313,51.359133],[12.301282,51.359139],[12.301328,51.359255],[12.301333,51.359268],[12.301356,51.359291],[12.301403,51.359317],[12.301419,51.359337],[12.301423,51.359359],[12.301373,51.359418],[12.301318,51.359481],[12.301268,51.35954],[12.301252,51.359565],[12.301245,51.359589],[12.301256,51.35962],[12.301284,51.359666],[12.301292,51.359673],[12.301378,51.359747],[12.301439,51.359796],[12.301503,51.359849],[12.301704,51.360024],[12.301773,51.360082],[12.301837,51.360138],[12.301862,51.36016],[12.301877,51.360173],[12.302154,51.360409],[12.302293,51.360672],[12.302069,51.360616],[12.301974,51.360628],[12.301877,51.360663],[12.301814,51.360717],[12.301823,51.36087],[12.301822,51.360921],[12.301811,51.360954],[12.301761,51.361103],[12.301731,51.361347],[12.301661,51.361405],[12.301591,51.361432],[12.301471,51.361461],[12.301392,51.361524],[12.301227,51.361607],[12.300981,51.361589],[12.300823,51.361605],[12.300608,51.3617],[12.300327,51.36172],[12.300221,51.361748],[12.299893,51.361842],[12.29991,51.362212],[12.300014,51.362239],[12.300236,51.362443],[12.300349,51.362503],[12.300308,51.362569],[12.300252,51.362614],[12.300221,51.362645],[12.300219,51.362711],[12.300244,51.362757],[12.300242,51.362786],[12.30023,51.36281],[12.300204,51.362821],[12.30006,51.362822],[12.299977,51.362811],[12.299813,51.362741],[12.299782,51.362722],[12.299769,51.362707],[12.299771,51.362684],[12.29981,51.362621],[12.299807,51.362566],[12.299781,51.362525],[12.299723,51.362497],[12.299693,51.362491],[12.299657,51.362493],[12.299621,51.362505],[12.29958,51.362532],[12.299554,51.362559],[12.299536,51.362591],[12.299513,51.362661],[12.299428,51.36275],[12.299394,51.36276],[12.299357,51.362753],[12.299294,51.36272],[12.299164,51.362646],[12.29914,51.362616],[12.299094,51.362575],[12.299026,51.362542],[12.298984,51.362535],[12.298948,51.362537],[12.298853,51.362568],[12.298697,51.362655],[12.298619,51.362687],[12.298552,51.362725],[12.298508,51.362742],[12.298446,51.362724],[12.298336,51.362681],[12.298218,51.362664],[12.297982,51.362699],[12.297932,51.362716],[12.297794,51.362843],[12.297659,51.362946],[12.297598,51.363011],[12.297517,51.363113],[12.297464,51.363157],[12.29741,51.363191],[12.297345,51.363258],[12.29732,51.363324],[12.297286,51.363355],[12.297224,51.363375],[12.297172,51.363371],[12.296997,51.363307],[12.296895,51.363286],[12.296864,51.36328],[12.296821,51.363288],[12.296472,51.363088],[12.296451,51.363057],[12.296465,51.362943],[12.296392,51.362901],[12.296382,51.362898],[12.296382,51.362902],[12.296289,51.362876],[12.296243,51.362863],[12.296202,51.362846],[12.296011,51.362891],[12.295976,51.362951],[12.295862,51.362972],[12.295732,51.362961],[12.295732,51.36302],[12.295446,51.362977],[12.295292,51.3629],[12.295102,51.362758],[12.295014,51.362702],[12.294958,51.362688],[12.294879,51.362709],[12.294825,51.362752],[12.294779,51.362834],[12.294766,51.362885],[12.29472,51.362935],[12.294643,51.362956],[12.294545,51.362973],[12.294462,51.362999],[12.294373,51.363006],[12.294345,51.362996],[12.294226,51.362929],[12.294192,51.362889],[12.294152,51.362861],[12.294055,51.36282],[12.294001,51.362818],[12.293942,51.362837],[12.293883,51.362905],[12.293845,51.362994],[12.293784,51.363054],[12.29373,51.36307],[12.293687,51.363068],[12.293631,51.363047],[12.293544,51.362997],[12.293472,51.362972],[12.293369,51.362923],[12.293268,51.362912],[12.293089,51.362957],[12.293031,51.362966],[12.29293,51.362968],[12.292844,51.362962],[12.292826,51.362961],[12.292758,51.362951],[12.292614,51.362909],[12.292504,51.362866],[12.292448,51.362874],[12.292375,51.362903],[12.292357,51.362951],[12.292353,51.363124],[12.292381,51.363196],[12.292551,51.36329],[12.292549,51.363366],[12.29252,51.363472],[12.29254,51.363512],[12.292662,51.363501],[12.292939,51.363452],[12.292995,51.363556],[12.292973,51.363568],[12.292792,51.363612],[12.292729,51.363635],[12.292658,51.363715],[12.292589,51.363745],[12.292576,51.363792],[12.29259,51.363831],[12.292627,51.363889],[12.292682,51.363943],[12.292692,51.363964],[12.292676,51.364014],[12.292425,51.363968],[12.292338,51.363978],[12.292147,51.363936],[12.292054,51.363972],[12.292106,51.364118],[12.292212,51.364231],[12.292175,51.36427],[12.292007,51.364266],[12.291879,51.364279],[12.291778,51.364301],[12.291745,51.36438],[12.2918,51.364439],[12.291808,51.364485],[12.291719,51.36455],[12.291483,51.36456],[12.291344,51.364457],[12.291198,51.364439],[12.291001,51.36451],[12.290965,51.364615],[12.290995,51.364692],[12.290902,51.364756],[12.290761,51.364782],[12.290623,51.364727],[12.290508,51.36457],[12.290439,51.364549],[12.290289,51.364628],[12.290132,51.36477],[12.290054,51.364881],[12.290023,51.365061],[12.289987,51.365215],[12.289948,51.365292],[12.289917,51.365461],[12.28984,51.365464],[12.289374,51.365404],[12.289245,51.365455],[12.289146,51.365621],[12.289215,51.365779],[12.289284,51.36587],[12.289389,51.365981],[12.289571,51.366079],[12.289638,51.366138],[12.289683,51.366153],[12.289676,51.366157],[12.289494,51.366241],[12.289345,51.366284],[12.289288,51.366355],[12.289151,51.36645],[12.288884,51.366563],[12.28869,51.366598],[12.288537,51.366637],[12.288485,51.366622],[12.288421,51.366565],[12.288272,51.366385],[12.288171,51.366354],[12.288107,51.366335],[12.287974,51.366372],[12.287819,51.366378],[12.287761,51.366392],[12.287761,51.366433],[12.28782,51.366475],[12.287829,51.366503],[12.287681,51.366615],[12.287554,51.366776],[12.287518,51.366824],[12.28747,51.366837],[12.287337,51.36676],[12.287259,51.366704],[12.287203,51.366671],[12.287176,51.366626],[12.28721,51.366543],[12.287217,51.36641],[12.287136,51.366284],[12.287105,51.366198],[12.287042,51.366158],[12.286971,51.366145],[12.286825,51.366164],[12.286684,51.366531],[12.286489,51.36706],[12.286301,51.367585],[12.286104,51.368111],[12.285928,51.368577],[12.285398,51.368923],[12.284873,51.369266],[12.284846,51.369253],[12.284727,51.369289],[12.284611,51.36937],[12.284569,51.369382],[12.284297,51.369356],[12.284041,51.36935],[12.283755,51.369343],[12.283747,51.369338],[12.283638,51.36927],[12.283684,51.369049],[12.28373,51.368828],[12.283392,51.368869],[12.283176,51.368895],[12.282948,51.36895],[12.282816,51.368961],[12.28263,51.368977],[12.282562,51.368983],[12.282274,51.369003],[12.281961,51.369025],[12.281924,51.369026],[12.281392,51.369038],[12.281056,51.369046],[12.280979,51.369048],[12.280867,51.36905],[12.28072,51.36907],[12.280561,51.369086],[12.280239,51.369045],[12.280081,51.369026],[12.280069,51.369025],[12.27975,51.369184],[12.279617,51.36925],[12.279809,51.369552],[12.279849,51.369716],[12.279632,51.369807],[12.279394,51.369759],[12.278931,51.36977],[12.278881,51.369742],[12.278544,51.369725],[12.277658,51.36981],[12.277602,51.37004],[12.27742,51.370188],[12.277374,51.370129],[12.277112,51.369867],[12.276884,51.369645],[12.27648,51.369253],[12.276418,51.369202],[12.276379,51.36917],[12.276376,51.369168],[12.276371,51.369164],[12.276366,51.36916],[12.275905,51.368795],[12.275765,51.368678],[12.275586,51.368497],[12.275562,51.368475],[12.275381,51.368511],[12.27516,51.36876],[12.275125,51.3688],[12.275097,51.36903],[12.275488,51.36894],[12.275767,51.368963],[12.275973,51.369038],[12.276312,51.369314],[12.276361,51.369396],[12.275986,51.369993],[12.275782,51.370077],[12.27558,51.370067],[12.274569,51.369588],[12.274334,51.36956],[12.274092,51.369625],[12.274046,51.369671],[12.274044,51.369673],[12.274057,51.37002],[12.27399,51.370177],[12.273834,51.370225],[12.273663,51.370255],[12.273234,51.370647],[12.273289,51.370816],[12.273573,51.370966],[12.273813,51.371092],[12.273762,51.371213],[12.27368,51.371287],[12.273528,51.371323],[12.273279,51.371338],[12.273046,51.371307],[12.272738,51.371269],[12.272699,51.371252],[12.272655,51.371261],[12.272612,51.371368],[12.272614,51.371412],[12.27264,51.371462],[12.272736,51.371515],[12.272801,51.371534],[12.272928,51.371526],[12.273144,51.371457],[12.273197,51.371401],[12.273302,51.371375],[12.273512,51.371382],[12.27361,51.371404],[12.273645,51.371428],[12.273792,51.371525],[12.273923,51.371613],[12.273966,51.371654],[12.274,51.371819],[12.273909,51.371906],[12.273753,51.371955],[12.27357,51.372015],[12.273198,51.372044],[12.272962,51.372091],[12.270555,51.372556],[12.270129,51.372638],[12.269842,51.372692],[12.269509,51.372756],[12.268964,51.372824],[12.268678,51.372878],[12.268377,51.372873],[12.268232,51.372808],[12.267972,51.37279],[12.267835,51.372775],[12.267739,51.372705],[12.267728,51.372591],[12.267742,51.372483],[12.267815,51.372352],[12.267856,51.372219],[12.267907,51.371758],[12.267936,51.371621],[12.267897,51.371579],[12.267406,51.371654],[12.267043,51.371832],[12.266869,51.371926],[12.266695,51.371949],[12.266581,51.371964],[12.266474,51.371844],[12.266476,51.371742],[12.266477,51.371655],[12.266547,51.371543],[12.266592,51.371465],[12.266564,51.371426],[12.266234,51.371353],[12.265995,51.37156],[12.265783,51.371652],[12.265611,51.371656],[12.26543,51.371606],[12.265383,51.371586],[12.265323,51.371544],[12.265242,51.371377],[12.26514,51.371203],[12.264966,51.37106],[12.264797,51.371081],[12.264599,51.371184],[12.264473,51.371207],[12.264205,51.371176],[12.26393,51.370981],[12.263848,51.370895],[12.263741,51.370877],[12.263433,51.370778],[12.263365,51.370783],[12.263327,51.370807],[12.26308,51.37096],[12.263111,51.371048],[12.263093,51.371083],[12.263016,51.371201],[12.263131,51.371478],[12.263173,51.371736],[12.262993,51.371997],[12.262709,51.372154],[12.262393,51.372189],[12.262011,51.372132],[12.261796,51.372049],[12.261544,51.371932],[12.261484,51.371873],[12.261079,51.371459],[12.260877,51.371266],[12.26068,51.37117],[12.26054,51.371179],[12.26046,51.371253],[12.260326,51.371892],[12.260166,51.371949],[12.259991,51.372012],[12.260212,51.372157],[12.260523,51.372353],[12.260671,51.372608],[12.26057,51.372619],[12.260483,51.372769],[12.26054,51.372907],[12.260549,51.372961],[12.260557,51.37301],[12.260569,51.373085],[12.260571,51.373099],[12.260572,51.373102],[12.260574,51.373114],[12.260575,51.373133],[12.260487,51.37318],[12.260372,51.373188],[12.26027,51.373209],[12.260083,51.373138],[12.259882,51.373117],[12.259779,51.373238],[12.259349,51.373438],[12.259053,51.37347],[12.258958,51.373529],[12.258603,51.373768],[12.258101,51.37371],[12.257944,51.373584],[12.257548,51.373559],[12.257241,51.373661],[12.257016,51.373611],[12.256844,51.373469],[12.256355,51.373447],[12.25603,51.373473],[12.255797,51.37346],[12.255716,51.373418],[12.255604,51.3731],[12.255498,51.373076],[12.255091,51.373097],[12.255125,51.373285],[12.254863,51.37333],[12.254796,51.373345],[12.254715,51.373449],[12.25452,51.373482],[12.254232,51.37367],[12.253697,51.373798],[12.253711,51.373981],[12.253135,51.374148],[12.253173,51.37436],[12.253427,51.374631],[12.253411,51.374701],[12.252969,51.374797],[12.252883,51.37502],[12.252391,51.375167],[12.252387,51.375362],[12.252144,51.375389],[12.251668,51.375442],[12.2516,51.375497],[12.250982,51.375739],[12.250675,51.375846],[12.250453,51.375837],[12.250052,51.375888],[12.250013,51.375937],[12.249984,51.376134],[12.249696,51.376071],[12.249669,51.376087],[12.249694,51.376198],[12.249712,51.376253],[12.24971,51.376285],[12.249687,51.376305],[12.249656,51.376312],[12.249622,51.376308],[12.24957,51.376304],[12.249523,51.376293],[12.249481,51.376274],[12.249439,51.376249],[12.249398,51.376228],[12.249369,51.37623],[12.249321,51.376245],[12.249254,51.376244],[12.24917,51.37624],[12.24911,51.376221],[12.249038,51.376195],[12.248992,51.376178],[12.248943,51.376158],[12.248917,51.376166],[12.248891,51.376174],[12.248859,51.376169],[12.248802,51.376153],[12.248732,51.376138],[12.248675,51.376119],[12.248589,51.376115],[12.248539,51.376116],[12.248478,51.376147],[12.248429,51.37621],[12.24839,51.376242],[12.24834,51.376264],[12.248258,51.376276],[12.248198,51.376267],[12.248142,51.376247],[12.24808,51.376205],[12.248052,51.376173],[12.248023,51.376146],[12.247994,51.376119],[12.24794,51.37611],[12.247894,51.376123]]]}},{"type":"Feature","id":"leipzig-75","properties":{"city":"Leipzig","state":"Sachsen","code":"75","name":"Burghausen-Rückmarsdorf","name_atlas":"Burghausen-Rückmarsdorf","population_est":4792,"crime_total":{"cases":288,"rate":6010.0},"homicide":{"cases":0,"rate":0.0},"sexual":{"cases":5,"rate":104.3},"violence_proxy":{"cases":24,"rate":500.8},"property_total":{"cases":158,"rate":3297.2},"simple_theft":{"cases":66,"rate":1377.3},"aggravated_theft":{"cases":92,"rate":1919.9},"fraud":{"cases":45,"rate":939.1},"other_stgb":{"cases":46,"rate":959.9},"secondary_law":{"cases":10,"rate":208.7}},"geometry":{"type":"Polygon","coordinates":[[[12.257382,51.360326],[12.257251,51.360385],[12.256561,51.360083],[12.255325,51.359619],[12.254321,51.359188],[12.25409,51.358946],[12.253955,51.358891],[12.253513,51.35871],[12.25306,51.358526],[12.253057,51.358524],[12.252965,51.358487],[12.25243,51.358265],[12.252348,51.358231],[12.251038,51.357687],[12.250816,51.357594],[12.250691,51.357772],[12.249563,51.357496],[12.249418,51.35746],[12.248848,51.35733],[12.24858,51.357283],[12.24803,51.357187],[12.247385,51.357095],[12.246786,51.357071],[12.246172,51.357053],[12.246044,51.35705],[12.245034,51.357],[12.244384,51.356947],[12.243427,51.356832],[12.2427,51.356679],[12.242703,51.356695],[12.242712,51.356738],[12.242706,51.357096],[12.242708,51.35721],[12.242701,51.357342],[12.2427,51.357385],[12.242686,51.35751],[12.242613,51.357523],[12.242505,51.357543],[12.242438,51.357545],[12.242294,51.357553],[12.24211,51.357562],[12.24186,51.357563],[12.241567,51.357572],[12.241312,51.357578],[12.241136,51.357555],[12.241148,51.357547],[12.241176,51.357529],[12.241204,51.357511],[12.241219,51.357477],[12.241176,51.357369],[12.24123,51.357344],[12.241283,51.35728],[12.24126,51.357207],[12.241308,51.357141],[12.241259,51.357072],[12.241311,51.35701],[12.241289,51.356972],[12.241273,51.356924],[12.241313,51.356906],[12.241264,51.356865],[12.241253,51.356792],[12.241286,51.356666],[12.241294,51.356645],[12.241308,51.356607],[12.241357,51.356554],[12.241323,51.356499],[12.241365,51.356443],[12.241345,51.356324],[12.241327,51.356254],[12.241365,51.356206],[12.241388,51.356149],[12.241399,51.35611],[12.241404,51.356087],[12.241332,51.356019],[12.241364,51.355972],[12.241347,51.355908],[12.24142,51.355854],[12.241341,51.355797],[12.241421,51.355733],[12.241349,51.355626],[12.241367,51.355551],[12.241359,51.355511],[12.241415,51.355477],[12.241373,51.355397],[12.241374,51.355361],[12.241398,51.35529],[12.241407,51.355228],[12.241461,51.355183],[12.24145,51.355052],[12.241449,51.355032],[12.241516,51.354995],[12.241483,51.354943],[12.241465,51.354832],[12.241447,51.35479],[12.24149,51.354737],[12.241473,51.354672],[12.241484,51.354636],[12.241524,51.354607],[12.241517,51.354565],[12.241494,51.354459],[12.24153,51.354333],[12.241572,51.354305],[12.241572,51.354262],[12.241577,51.35423],[12.24161,51.3542],[12.241594,51.354075],[12.241641,51.354028],[12.24173,51.35394],[12.241803,51.353876],[12.241795,51.353817],[12.24189,51.353782],[12.241895,51.353709],[12.241979,51.35366],[12.242007,51.353595],[12.242051,51.353541],[12.242112,51.353513],[12.242157,51.353421],[12.242215,51.353375],[12.242267,51.353279],[12.242306,51.353241],[12.242311,51.353194],[12.242367,51.353177],[12.242386,51.35311],[12.242461,51.353057],[12.242537,51.352941],[12.242548,51.352926],[12.242524,51.352862],[12.24262,51.352724],[12.242596,51.352691],[12.242569,51.352656],[12.242648,51.352621],[12.24266,51.352578],[12.242681,51.352547],[12.242684,51.352523],[12.242662,51.35249],[12.24267,51.352455],[12.242641,51.352422],[12.242656,51.352386],[12.242626,51.352338],[12.24269,51.352282],[12.242703,51.352245],[12.242653,51.35221],[12.242705,51.352161],[12.242735,51.352087],[12.242709,51.352078],[12.24267,51.352064],[12.24267,51.352062],[12.242666,51.352051],[12.242681,51.352],[12.242678,51.351966],[12.242678,51.351908],[12.242693,51.351869],[12.242695,51.351845],[12.242673,51.351838],[12.242603,51.351818],[12.242606,51.351815],[12.242666,51.351745],[12.242641,51.351739],[12.242541,51.351715],[12.242547,51.351712],[12.242652,51.351648],[12.242605,51.351614],[12.242573,51.351584],[12.242591,51.351529],[12.242532,51.351475],[12.242539,51.351378],[12.242521,51.351296],[12.242484,51.351224],[12.242501,51.351176],[12.24248,51.351146],[12.242468,51.351098],[12.242443,51.351041],[12.242418,51.350972],[12.242449,51.350928],[12.242446,51.350891],[12.242438,51.350886],[12.242276,51.350801],[12.242276,51.350801],[12.242288,51.350727],[12.242283,51.350725],[12.242223,51.350701],[12.242222,51.3507],[12.242162,51.350547],[12.24216,51.350546],[12.242084,51.350507],[12.242084,51.350506],[12.242111,51.350469],[12.242085,51.350446],[12.242073,51.350436],[12.242026,51.350395],[12.242006,51.350345],[12.241991,51.350242],[12.241948,51.350181],[12.241954,51.350093],[12.241888,51.350014],[12.241905,51.349927],[12.241831,51.349853],[12.241791,51.34978],[12.241815,51.349721],[12.24176,51.349611],[12.241869,51.349572],[12.241843,51.349536],[12.241762,51.349497],[12.241808,51.349451],[12.241785,51.349406],[12.241884,51.349285],[12.241862,51.349207],[12.241925,51.349167],[12.241952,51.349081],[12.241996,51.349041],[12.241999,51.348954],[12.242107,51.34892],[12.242199,51.348791],[12.242284,51.34874],[12.242386,51.348659],[12.24246,51.348645],[12.242494,51.348555],[12.242575,51.348494],[12.242685,51.34846],[12.242698,51.3484],[12.242829,51.348273],[12.242978,51.348249],[12.242988,51.348148],[12.243056,51.348144],[12.243122,51.348054],[12.24319,51.348018],[12.243285,51.348024],[12.243319,51.347974],[12.243411,51.347982],[12.243432,51.347928],[12.243511,51.347879],[12.243553,51.347825],[12.243679,51.347817],[12.243731,51.347751],[12.243785,51.34775],[12.243888,51.347668],[12.243988,51.347649],[12.244045,51.347587],[12.244131,51.34758],[12.244155,51.347549],[12.244306,51.347408],[12.24456,51.34727],[12.244735,51.347193],[12.244929,51.347108],[12.24519,51.347031],[12.245382,51.346999],[12.245548,51.346982],[12.245725,51.347039],[12.245774,51.346991],[12.245821,51.346946],[12.24592,51.346851],[12.246189,51.346664],[12.246202,51.346619],[12.246237,51.346589],[12.246385,51.346461],[12.246444,51.346411],[12.246648,51.346243],[12.246678,51.346218],[12.247084,51.345911],[12.247291,51.345753],[12.24757,51.345542],[12.247736,51.345416],[12.247789,51.345322],[12.247846,51.345089],[12.247883,51.344941],[12.247934,51.34473],[12.248131,51.344245],[12.248237,51.3441],[12.248348,51.34395],[12.248493,51.343753],[12.248597,51.343613],[12.248629,51.343569],[12.248774,51.343385],[12.248846,51.343294],[12.248905,51.343216],[12.249159,51.342882],[12.24934,51.342642],[12.249444,51.342502],[12.249694,51.342163],[12.24973,51.342105],[12.249761,51.342055],[12.249808,51.341978],[12.249855,51.341864],[12.249873,51.34182],[12.24996,51.341606],[12.250002,51.341423],[12.250026,51.341215],[12.250022,51.341045],[12.250003,51.340888],[12.249992,51.340837],[12.249921,51.340504],[12.249878,51.340361],[12.249854,51.340255],[12.24984,51.34013],[12.249837,51.340111],[12.249835,51.340094],[12.249719,51.3397],[12.249607,51.339323],[12.249585,51.33916],[12.249576,51.339098],[12.249584,51.339019],[12.24958,51.338892],[12.249595,51.338671],[12.249646,51.338548],[12.249726,51.338408],[12.249759,51.338352],[12.249947,51.3382],[12.250267,51.338007],[12.251035,51.337556],[12.25115,51.337507],[12.251208,51.337482],[12.251301,51.337451],[12.251364,51.337429],[12.251448,51.3374],[12.251561,51.337361],[12.251584,51.337353],[12.251777,51.337315],[12.252005,51.337268],[12.252137,51.337246],[12.252491,51.337223],[12.252756,51.337211],[12.252799,51.337215],[12.252976,51.337232],[12.253201,51.337236],[12.253379,51.337236],[12.25353,51.337227],[12.253576,51.337219],[12.253728,51.337173],[12.254003,51.337053],[12.254164,51.337008],[12.254238,51.336988],[12.254345,51.336955],[12.254442,51.336941],[12.25516,51.3368],[12.25534,51.336751],[12.25604,51.336598],[12.256242,51.336548],[12.256565,51.336451],[12.256832,51.336352],[12.25701,51.33629],[12.257207,51.336221],[12.257466,51.336131],[12.257859,51.336002],[12.257915,51.335982],[12.258176,51.335889],[12.258538,51.335766],[12.258692,51.335713],[12.258973,51.335617],[12.259092,51.335577],[12.259279,51.335478],[12.25938,51.335399],[12.259439,51.335318],[12.259463,51.335278],[12.259469,51.335245],[12.259472,51.335224],[12.259506,51.33522],[12.259511,51.33522],[12.259516,51.33522],[12.260302,51.33521],[12.260407,51.335208],[12.260601,51.335229],[12.260671,51.335236],[12.260742,51.33521],[12.2609,51.335151],[12.261658,51.335042],[12.263649,51.334816],[12.263649,51.334816],[12.264366,51.334728],[12.264417,51.334723],[12.264469,51.334719],[12.26457,51.334706],[12.265825,51.33455],[12.265833,51.334492],[12.26583,51.334437],[12.265841,51.334242],[12.265922,51.334131],[12.265975,51.334049],[12.265994,51.334007],[12.266071,51.333827],[12.266142,51.333583],[12.26618,51.333302],[12.26626,51.33315],[12.266281,51.333123],[12.266652,51.332666],[12.266705,51.33259],[12.266773,51.332528],[12.266887,51.332403],[12.267,51.33228],[12.267056,51.332223],[12.267208,51.332066],[12.267571,51.331745],[12.267581,51.331742],[12.267885,51.331511],[12.268103,51.331335],[12.268159,51.331293],[12.268609,51.330984],[12.268941,51.330782],[12.269018,51.330735],[12.269318,51.330536],[12.269431,51.330454],[12.269701,51.330196],[12.269885,51.330041],[12.272424,51.330344],[12.272543,51.330358],[12.272868,51.330397],[12.274292,51.330567],[12.274446,51.330598],[12.275112,51.330723],[12.275299,51.330758],[12.27572,51.33082],[12.27586,51.330841],[12.276506,51.330926],[12.276562,51.330933],[12.277602,51.331114],[12.277686,51.331131],[12.277788,51.331147],[12.278964,51.331339],[12.278913,51.331461],[12.279064,51.331751],[12.279355,51.331691],[12.280155,51.331527],[12.2802,51.331535],[12.280271,51.331548],[12.280312,51.331555],[12.280672,51.331594],[12.281137,51.331844],[12.281573,51.332166],[12.282075,51.33246],[12.28227,51.332589],[12.282383,51.332713],[12.282893,51.333034],[12.283031,51.33311],[12.283236,51.333211],[12.283383,51.333295],[12.283716,51.333506],[12.284034,51.333657],[12.284599,51.334022],[12.284861,51.334185],[12.284956,51.334248],[12.28503,51.334309],[12.285274,51.334529],[12.285532,51.334715],[12.286222,51.335188],[12.286426,51.335308],[12.286578,51.335409],[12.286695,51.33547],[12.286803,51.335536],[12.286944,51.335612],[12.287221,51.335761],[12.287384,51.335852],[12.28748,51.335906],[12.287746,51.336031],[12.287869,51.336095],[12.28813,51.336214],[12.288463,51.336412],[12.28856,51.336461],[12.288811,51.336558],[12.288924,51.336602],[12.289181,51.336712],[12.289573,51.336898],[12.289892,51.337059],[12.290353,51.337304],[12.290692,51.337476],[12.290932,51.3376],[12.290949,51.337609],[12.291029,51.337653],[12.291134,51.337708],[12.291166,51.337725],[12.291208,51.337751],[12.291548,51.337919],[12.291902,51.338083],[12.29207,51.33817],[12.292089,51.338179],[12.292326,51.338282],[12.292464,51.338343],[12.292607,51.338397],[12.292813,51.33848],[12.292982,51.338554],[12.292988,51.338557],[12.293128,51.338619],[12.293381,51.338736],[12.293569,51.338825],[12.293726,51.338878],[12.293998,51.338995],[12.294253,51.339114],[12.294279,51.339127],[12.294414,51.339159],[12.294421,51.339151],[12.294622,51.338918],[12.294787,51.338694],[12.295292,51.338418],[12.295297,51.338415],[12.295434,51.33834],[12.295483,51.338313],[12.295881,51.338095],[12.296081,51.337986],[12.296142,51.338056],[12.296428,51.338383],[12.296665,51.338655],[12.29691,51.338934],[12.297151,51.33921],[12.297392,51.339486],[12.297634,51.339763],[12.297788,51.339938],[12.297895,51.340061],[12.298094,51.340289],[12.298153,51.340358],[12.2982,51.340374],[12.298214,51.340379],[12.298751,51.340568],[12.299239,51.34074],[12.299373,51.340818],[12.300408,51.341185],[12.300784,51.34128],[12.3011,51.341641],[12.30141,51.341996],[12.301481,51.342077],[12.301517,51.342118],[12.301559,51.342167],[12.301683,51.342309],[12.301956,51.34262],[12.301956,51.34262],[12.301962,51.342627],[12.30197,51.342626],[12.30212,51.342613],[12.302186,51.342607],[12.302296,51.342597],[12.303063,51.342527],[12.303217,51.342506],[12.303825,51.342425],[12.30383,51.342435],[12.303636,51.342507],[12.303635,51.342507],[12.303516,51.342552],[12.303237,51.342655],[12.301819,51.342782],[12.30181,51.342894],[12.301791,51.343185],[12.301669,51.343221],[12.301668,51.343222],[12.301615,51.343237],[12.301571,51.343253],[12.301526,51.343269],[12.301342,51.343325],[12.30129,51.343352],[12.300745,51.343538],[12.300471,51.343629],[12.300243,51.343706],[12.300194,51.343716],[12.300029,51.343757],[12.299833,51.343794],[12.299727,51.343814],[12.299727,51.343814],[12.299628,51.343811],[12.299628,51.343811],[12.299438,51.343818],[12.299438,51.343818],[12.299284,51.343803],[12.299241,51.34381],[12.29924,51.34381],[12.298985,51.343793],[12.298985,51.343793],[12.298703,51.343788],[12.298703,51.343788],[12.298496,51.343783],[12.298496,51.343783],[12.298432,51.343787],[12.298431,51.343787],[12.298407,51.343785],[12.298407,51.343785],[12.298368,51.343781],[12.298239,51.343776],[12.298233,51.343776],[12.298126,51.343765],[12.297526,51.343751],[12.297244,51.343746],[12.297167,51.343748],[12.296933,51.343735],[12.296766,51.34373],[12.296729,51.343735],[12.296575,51.34373],[12.296399,51.343733],[12.296045,51.343743],[12.295813,51.343758],[12.295418,51.343776],[12.295355,51.343779],[12.294761,51.343849],[12.294705,51.343854],[12.294452,51.343888],[12.294365,51.343901],[12.293621,51.343985],[12.292714,51.344083],[12.292426,51.344118],[12.29117,51.344266],[12.289894,51.344425],[12.289731,51.344453],[12.28961,51.344463],[12.289492,51.344481],[12.289172,51.344529],[12.28883,51.344581],[12.288807,51.344584],[12.288677,51.344604],[12.288546,51.344625],[12.288517,51.344629],[12.287638,51.34477],[12.28749,51.344791],[12.287427,51.3448],[12.287348,51.344811],[12.286466,51.344933],[12.286209,51.345042],[12.285911,51.34507],[12.285242,51.345131],[12.28513,51.345142],[12.284741,51.345192],[12.284025,51.345293],[12.283958,51.345313],[12.283804,51.345253],[12.283799,51.345251],[12.283655,51.345195],[12.283621,51.345197],[12.283584,51.345198],[12.283546,51.345199],[12.283546,51.345199],[12.283545,51.345199],[12.282132,51.345241],[12.281899,51.345247],[12.281783,51.345249],[12.281406,51.345236],[12.281288,51.345232],[12.280738,51.345213],[12.277786,51.345111],[12.276357,51.345062],[12.27591,51.345026],[12.275891,51.345024],[12.275454,51.344989],[12.274901,51.345031],[12.274873,51.345033],[12.27482,51.345037],[12.274785,51.34504],[12.274797,51.345124],[12.27481,51.345214],[12.27481,51.345218],[12.274835,51.3453],[12.274883,51.345457],[12.274945,51.345612],[12.27505,51.345848],[12.275156,51.34606],[12.275164,51.346206],[12.275166,51.346246],[12.275313,51.346301],[12.275443,51.346396],[12.275522,51.346473],[12.275547,51.346506],[12.27556,51.346541],[12.275569,51.34668],[12.275584,51.346741],[12.275646,51.346937],[12.275737,51.347093],[12.275813,51.347226],[12.275895,51.347327],[12.275968,51.347417],[12.276075,51.347549],[12.276231,51.347745],[12.276299,51.347807],[12.276301,51.347808],[12.276372,51.347868],[12.276429,51.347899],[12.276447,51.347908],[12.276471,51.347917],[12.276649,51.347947],[12.276685,51.347953],[12.276818,51.347975],[12.277062,51.348122],[12.277116,51.348155],[12.277155,51.348178],[12.277157,51.348179],[12.27726,51.34823],[12.27766,51.34845],[12.277802,51.348518],[12.277901,51.348557],[12.278156,51.348659],[12.278282,51.348698],[12.278453,51.348705],[12.278663,51.348716],[12.27883,51.348672],[12.278897,51.348667],[12.278953,51.348667],[12.279453,51.348712],[12.279657,51.348738],[12.279938,51.348743],[12.279946,51.348851],[12.279731,51.348895],[12.279414,51.348981],[12.27907,51.34907],[12.278804,51.349139],[12.278538,51.349198],[12.278282,51.349256],[12.278081,51.349312],[12.277659,51.349423],[12.277475,51.349586],[12.277319,51.349558],[12.277126,51.349516],[12.276955,51.349646],[12.276551,51.34988],[12.276465,51.349966],[12.276303,51.350145],[12.276236,51.350229],[12.276116,51.35035],[12.275953,51.35044],[12.275856,51.350489],[12.275716,51.350543],[12.275637,51.350583],[12.275499,51.350685],[12.27544,51.350726],[12.27532,51.350819],[12.275228,51.350884],[12.275146,51.350934],[12.275073,51.351011],[12.274998,51.351073],[12.274941,51.351127],[12.274882,51.351177],[12.274884,51.351257],[12.274884,51.351257],[12.274876,51.35129],[12.274876,51.35129],[12.274909,51.351377],[12.27491,51.351434],[12.274912,51.351511],[12.274912,51.351512],[12.274905,51.351561],[12.274905,51.351562],[12.274905,51.351562],[12.274905,51.351612],[12.274909,51.351681],[12.274913,51.35175],[12.274917,51.351839],[12.274925,51.351941],[12.274948,51.352044],[12.274948,51.352044],[12.274942,51.35216],[12.274889,51.352328],[12.274863,51.352348],[12.274815,51.35239],[12.274794,51.352463],[12.274723,51.35251],[12.274681,51.352605],[12.274466,51.352846],[12.27417,51.35318],[12.274129,51.353206],[12.274065,51.353255],[12.27395,51.353338],[12.273801,51.35336],[12.273662,51.353401],[12.273598,51.353443],[12.273351,51.353502],[12.273233,51.353535],[12.272928,51.353594],[12.272764,51.35358],[12.27252,51.353582],[12.272257,51.353595],[12.272107,51.353609],[12.272052,51.353614],[12.271975,51.353655],[12.271913,51.353731],[12.271898,51.353768],[12.271845,51.353821],[12.271828,51.353866],[12.271801,51.353893],[12.271735,51.354],[12.271717,51.354036],[12.271717,51.354037],[12.271728,51.354101],[12.271728,51.354101],[12.271718,51.354149],[12.271718,51.354149],[12.271718,51.35415],[12.271713,51.354336],[12.271667,51.354392],[12.271668,51.354392],[12.271704,51.354475],[12.271757,51.354507],[12.271773,51.354632],[12.271773,51.354632],[12.27173,51.354695],[12.271719,51.354745],[12.271705,51.354788],[12.271562,51.354937],[12.271488,51.355023],[12.271428,51.35507],[12.271343,51.355139],[12.271265,51.355196],[12.271179,51.355274],[12.271148,51.355314],[12.271105,51.355353],[12.271042,51.355399],[12.270936,51.355489],[12.2709,51.355521],[12.270796,51.355602],[12.270748,51.35565],[12.27069,51.355668],[12.270625,51.355716],[12.270377,51.355855],[12.270284,51.355895],[12.270184,51.355947],[12.270148,51.355951],[12.270119,51.355971],[12.270036,51.355997],[12.26999,51.356015],[12.269962,51.35604],[12.269409,51.356225],[12.26909,51.356317],[12.269009,51.356376],[12.268998,51.356382],[12.268939,51.356419],[12.268864,51.356462],[12.26885,51.356469],[12.268768,51.356499],[12.268711,51.356549],[12.26867,51.356596],[12.268594,51.356643],[12.268594,51.356643],[12.268629,51.356688],[12.268629,51.356688],[12.268568,51.356717],[12.268514,51.356731],[12.268455,51.35675],[12.268396,51.356776],[12.268348,51.356798],[12.268286,51.356828],[12.268252,51.356845],[12.268218,51.356859],[12.268046,51.356954],[12.267807,51.357077],[12.267605,51.357152],[12.267478,51.357219],[12.267414,51.357239],[12.267355,51.357253],[12.267312,51.357287],[12.267262,51.357298],[12.26725,51.357301],[12.267198,51.357312],[12.267187,51.357398],[12.267211,51.357416],[12.267232,51.357432],[12.267247,51.357442],[12.267265,51.357456],[12.267291,51.357475],[12.267247,51.357473],[12.267234,51.357472],[12.266548,51.357838],[12.266343,51.357947],[12.266241,51.358001],[12.266241,51.358002],[12.266214,51.358026],[12.266185,51.358021],[12.266155,51.358015],[12.266145,51.358013],[12.266126,51.35801],[12.265955,51.358165],[12.265924,51.358194],[12.265821,51.358287],[12.265785,51.358321],[12.265517,51.358565],[12.265288,51.358468],[12.26527,51.35846],[12.265249,51.358459],[12.264674,51.358443],[12.264568,51.35844],[12.264562,51.358527],[12.264562,51.35853],[12.264557,51.358615],[12.26455,51.358724],[12.264536,51.358936],[12.264517,51.359165],[12.264528,51.35935],[12.264528,51.359352],[12.264517,51.359352],[12.264491,51.359351],[12.263841,51.359332],[12.26383,51.359331],[12.26382,51.359331],[12.263461,51.35932],[12.262386,51.359288],[12.261747,51.359269],[12.261513,51.359262],[12.261468,51.359261],[12.261311,51.359256],[12.260914,51.359245],[12.260235,51.359224],[12.260184,51.359223],[12.260179,51.359223],[12.259728,51.359787],[12.259698,51.359824],[12.259405,51.360083],[12.259323,51.360155],[12.259284,51.36014],[12.259182,51.360101],[12.259147,51.360132],[12.259086,51.360186],[12.259003,51.360235],[12.258896,51.360257],[12.257758,51.36028],[12.257521,51.360263],[12.257382,51.360326]]]}},{"type":"Feature","id":"leipzig-80","properties":{"city":"Leipzig","state":"Sachsen","code":"80","name":"Möckern","name_atlas":"Möckern","population_est":17825,"crime_total":{"cases":1503,"rate":8432.0},"homicide":{"cases":3,"rate":16.8},"sexual":{"cases":43,"rate":241.2},"violence_proxy":{"cases":227,"rate":1273.5},"property_total":{"cases":578,"rate":3242.6},"simple_theft":{"cases":226,"rate":1267.9},"aggravated_theft":{"cases":352,"rate":1974.8},"fraud":{"cases":318,"rate":1784.0},"other_stgb":{"cases":262,"rate":1469.8},"secondary_law":{"cases":72,"rate":403.9}},"geometry":{"type":"Polygon","coordinates":[[[12.349481,51.386048],[12.349438,51.386077],[12.349368,51.386125],[12.349348,51.386138],[12.349324,51.386154],[12.349305,51.386167],[12.349197,51.38624],[12.349111,51.386243],[12.349092,51.386244],[12.349031,51.386247],[12.348357,51.386277],[12.348356,51.386275],[12.348271,51.385857],[12.34827,51.385851],[12.34822,51.385604],[12.347732,51.3856],[12.347406,51.385597],[12.347383,51.385437],[12.347363,51.38532],[12.347293,51.385321],[12.347141,51.385324],[12.346585,51.38535],[12.346306,51.385363],[12.346022,51.385381],[12.345939,51.38496],[12.345642,51.38497],[12.345567,51.384588],[12.34545,51.383981],[12.345423,51.383841],[12.345378,51.383615],[12.344884,51.383579],[12.344588,51.383557],[12.344187,51.383526],[12.343643,51.383489],[12.343171,51.383455],[12.342125,51.383375],[12.342204,51.382908],[12.342222,51.382803],[12.342284,51.382423],[12.342306,51.382299],[12.34231,51.382272],[12.342372,51.381909],[12.342373,51.381906],[12.342357,51.381838],[12.342335,51.381748],[12.342299,51.381576],[12.341706,51.381617],[12.341701,51.381617],[12.341443,51.381635],[12.341407,51.381638],[12.341104,51.381649],[12.341046,51.381651],[12.341001,51.381652],[12.340993,51.38165],[12.340991,51.38165],[12.340573,51.381445],[12.34032,51.381321],[12.339987,51.380975],[12.33958,51.380791],[12.339493,51.380751],[12.339413,51.380716],[12.338359,51.38025],[12.338286,51.380218],[12.337781,51.380038],[12.337487,51.379955],[12.33723,51.379883],[12.336982,51.379813],[12.336861,51.379779],[12.336703,51.379734],[12.336488,51.379674],[12.336435,51.37966],[12.33611,51.379573],[12.335883,51.379513],[12.335675,51.379458],[12.335454,51.3794],[12.335237,51.379342],[12.335039,51.37929],[12.335026,51.379293],[12.334884,51.379326],[12.334711,51.379367],[12.333215,51.378955],[12.332441,51.378753],[12.331196,51.378411],[12.33092,51.378324],[12.330635,51.378216],[12.330359,51.378082],[12.330224,51.378006],[12.330107,51.377936],[12.329903,51.377802],[12.329804,51.377727],[12.32967,51.377625],[12.329573,51.377544],[12.329411,51.377401],[12.329253,51.377249],[12.329071,51.377044],[12.328947,51.376873],[12.328747,51.376563],[12.328523,51.376132],[12.328405,51.375893],[12.328398,51.375877],[12.327224,51.373492],[12.327175,51.373392],[12.327119,51.373278],[12.326872,51.372775],[12.326813,51.372656],[12.326784,51.372598],[12.326754,51.372538],[12.326551,51.372139],[12.326487,51.372014],[12.326462,51.371966],[12.32643,51.371903],[12.325852,51.370768],[12.325274,51.369595],[12.325247,51.369539],[12.324738,51.368489],[12.324326,51.36762],[12.324137,51.367245],[12.324024,51.36702],[12.323869,51.366715],[12.323705,51.366393],[12.323588,51.366147],[12.323436,51.365848],[12.323391,51.365745],[12.323315,51.365508],[12.323221,51.365089],[12.323171,51.364787],[12.323165,51.364756],[12.32314,51.364631],[12.32312,51.364532],[12.323119,51.364528],[12.323167,51.364514],[12.323167,51.364517],[12.323268,51.364486],[12.323869,51.36427],[12.324557,51.364228],[12.324936,51.364223],[12.325607,51.364046],[12.325734,51.363892],[12.3258,51.363342],[12.325922,51.362905],[12.32652,51.361772],[12.326565,51.361686],[12.326572,51.361685],[12.326674,51.361482],[12.326718,51.361396],[12.327054,51.360756],[12.327075,51.360717],[12.327141,51.360546],[12.327191,51.360447],[12.327506,51.359829],[12.327506,51.359829],[12.327507,51.359828],[12.327518,51.359805],[12.327547,51.359762],[12.327669,51.359577],[12.327697,51.359513],[12.32778,51.359531],[12.327782,51.359531],[12.332629,51.360562],[12.332835,51.360593],[12.333463,51.36069],[12.335279,51.360868],[12.336053,51.360948],[12.338617,51.361198],[12.338618,51.361198],[12.33863,51.361199],[12.339593,51.361284],[12.341955,51.361491],[12.343078,51.361588],[12.344425,51.361746],[12.345527,51.361932],[12.346327,51.362103],[12.346829,51.362242],[12.3469,51.362262],[12.346948,51.362275],[12.347871,51.362531],[12.348854,51.362843],[12.349025,51.362917],[12.349315,51.36307],[12.349637,51.363235],[12.349962,51.363383],[12.3509,51.363811],[12.351657,51.364149],[12.352484,51.364512],[12.352935,51.364698],[12.353277,51.364825],[12.353761,51.364991],[12.353922,51.365045],[12.354092,51.365103],[12.354186,51.365134],[12.354221,51.365145],[12.354492,51.365232],[12.355394,51.365521],[12.35611,51.36576],[12.356853,51.365991],[12.357052,51.366053],[12.357623,51.366211],[12.358431,51.366403],[12.358953,51.366513],[12.359145,51.366551],[12.359794,51.366677],[12.360153,51.366743],[12.361586,51.367013],[12.361639,51.367023],[12.361811,51.367056],[12.360641,51.367459],[12.359654,51.367798],[12.359529,51.367838],[12.359472,51.367857],[12.359422,51.367874],[12.359132,51.367975],[12.356575,51.368847],[12.355734,51.369135],[12.355624,51.369172],[12.355735,51.369156],[12.35578,51.36935],[12.355673,51.369386],[12.355673,51.369387],[12.355482,51.369451],[12.355572,51.369499],[12.355621,51.369558],[12.355678,51.369679],[12.35577,51.369743],[12.355923,51.370471],[12.356039,51.371023],[12.356061,51.371126],[12.356213,51.371851],[12.35629,51.37222],[12.356327,51.372351],[12.356353,51.372534],[12.356826,51.374765],[12.356859,51.374994],[12.357119,51.3762],[12.357378,51.37748],[12.357765,51.379371],[12.357781,51.37945],[12.357808,51.379487],[12.357822,51.379504],[12.357882,51.379543],[12.358023,51.380047],[12.358172,51.380839],[12.358228,51.381158],[12.358484,51.382312],[12.358576,51.382748],[12.358656,51.383153],[12.358532,51.3832],[12.358449,51.38323],[12.358445,51.383231],[12.358402,51.383247],[12.358356,51.383246],[12.358147,51.3833],[12.358074,51.383321],[12.358028,51.383333],[12.357995,51.38334],[12.357963,51.383343],[12.357936,51.383344],[12.357901,51.383345],[12.357869,51.383344],[12.357841,51.383342],[12.357813,51.38334],[12.357688,51.383322],[12.357643,51.383314],[12.357607,51.383306],[12.357526,51.383288],[12.357494,51.383283],[12.35746,51.383282],[12.357434,51.383285],[12.357403,51.38329],[12.357174,51.383339],[12.357144,51.383345],[12.357104,51.383351],[12.357073,51.383356],[12.357038,51.383363],[12.357009,51.38337],[12.356976,51.383377],[12.356947,51.383384],[12.356912,51.383394],[12.356838,51.383416],[12.356811,51.383424],[12.356778,51.383437],[12.356751,51.383448],[12.356664,51.383486],[12.356633,51.3835],[12.356606,51.383512],[12.356594,51.38352],[12.356586,51.383527],[12.356574,51.383537],[12.356563,51.383547],[12.356556,51.38356],[12.35655,51.383574],[12.356523,51.383623],[12.356512,51.383641],[12.356495,51.383669],[12.356482,51.383694],[12.35647,51.38371],[12.35645,51.383742],[12.356436,51.383759],[12.356421,51.383778],[12.356407,51.383797],[12.356397,51.383812],[12.356387,51.383826],[12.356377,51.38385],[12.356367,51.383871],[12.356362,51.383889],[12.356356,51.383906],[12.356345,51.383931],[12.356335,51.383951],[12.356324,51.383975],[12.356313,51.383999],[12.356305,51.384017],[12.356292,51.384041],[12.356284,51.38406],[12.356278,51.384072],[12.356269,51.384085],[12.356259,51.384101],[12.356249,51.384117],[12.356234,51.384139],[12.356224,51.384156],[12.356207,51.384177],[12.356191,51.384201],[12.356179,51.384221],[12.356169,51.384239],[12.356159,51.384257],[12.356148,51.384279],[12.35614,51.384298],[12.356133,51.384315],[12.35612,51.384345],[12.356116,51.384361],[12.35611,51.384382],[12.356107,51.384405],[12.356105,51.384426],[12.356101,51.38444],[12.356089,51.384465],[12.35608,51.384482],[12.356061,51.384504],[12.356036,51.384534],[12.356018,51.384556],[12.355997,51.384581],[12.355983,51.384596],[12.355967,51.384609],[12.355947,51.38462],[12.355926,51.384629],[12.355897,51.384641],[12.355871,51.384652],[12.355846,51.38466],[12.355821,51.384673],[12.355799,51.384684],[12.355782,51.384693],[12.355763,51.384703],[12.355742,51.384712],[12.355688,51.384733],[12.35567,51.38474],[12.355651,51.384749],[12.355634,51.384763],[12.355621,51.384773],[12.355609,51.384785],[12.3556,51.384795],[12.355591,51.384809],[12.35558,51.384829],[12.355573,51.384845],[12.355561,51.384867],[12.355549,51.384887],[12.355543,51.384899],[12.355531,51.384915],[12.355509,51.384945],[12.355491,51.384966],[12.355477,51.384983],[12.355452,51.385017],[12.355437,51.385037],[12.35542,51.385055],[12.355405,51.385073],[12.355393,51.385087],[12.355385,51.385099],[12.355376,51.385108],[12.355368,51.385116],[12.355354,51.38513],[12.355336,51.385141],[12.355326,51.385148],[12.355306,51.385154],[12.355287,51.385158],[12.35527,51.38516],[12.355204,51.385164],[12.355183,51.385166],[12.355165,51.385168],[12.355146,51.385171],[12.355127,51.385177],[12.355113,51.385181],[12.355099,51.385186],[12.355084,51.385194],[12.355066,51.385201],[12.35505,51.385207],[12.355021,51.385216],[12.354999,51.385221],[12.354975,51.385226],[12.354951,51.38523],[12.354922,51.385235],[12.354895,51.385239],[12.354868,51.385244],[12.354845,51.385248],[12.354821,51.385251],[12.354789,51.385256],[12.354757,51.385261],[12.354726,51.385265],[12.354697,51.385268],[12.354667,51.38527],[12.354403,51.38528],[12.354371,51.38528],[12.35435,51.38528],[12.354335,51.385281],[12.354316,51.385285],[12.354277,51.385295],[12.35425,51.385303],[12.354228,51.38531],[12.354205,51.385318],[12.354189,51.385326],[12.35417,51.385338],[12.354155,51.38535],[12.35414,51.385363],[12.354127,51.385374],[12.354118,51.385387],[12.354103,51.385409],[12.354096,51.385425],[12.354086,51.385442],[12.354076,51.385452],[12.354059,51.385462],[12.354042,51.385468],[12.354016,51.385476],[12.353991,51.385481],[12.353947,51.38549],[12.353917,51.385496],[12.353889,51.385501],[12.353848,51.385508],[12.353814,51.385515],[12.353791,51.38552],[12.353774,51.385526],[12.353755,51.385529],[12.353737,51.38553],[12.353705,51.385529],[12.353684,51.385528],[12.353666,51.385526],[12.353647,51.385524],[12.353625,51.385522],[12.353602,51.385521],[12.353587,51.385521],[12.353563,51.385521],[12.353542,51.385523],[12.35354,51.385523],[12.353502,51.385529],[12.353491,51.385531],[12.353476,51.385533],[12.353457,51.385536],[12.353435,51.385537],[12.353406,51.385537],[12.353385,51.385537],[12.35335,51.385537],[12.353324,51.385538],[12.353302,51.38554],[12.353265,51.385545],[12.353246,51.385546],[12.353225,51.385548],[12.353206,51.385552],[12.353189,51.38556],[12.353174,51.38557],[12.35316,51.385582],[12.353149,51.385594],[12.353132,51.385608],[12.353107,51.385622],[12.353091,51.385631],[12.353071,51.385639],[12.353054,51.385644],[12.353033,51.385651],[12.352993,51.385663],[12.352965,51.385671],[12.352938,51.385679],[12.35291,51.385687],[12.352874,51.385695],[12.352842,51.3857],[12.352804,51.385704],[12.352774,51.385708],[12.352744,51.385714],[12.352714,51.385719],[12.352686,51.385724],[12.352656,51.385727],[12.352622,51.38573],[12.352597,51.385731],[12.352568,51.385732],[12.352509,51.385732],[12.352472,51.38573],[12.352442,51.385731],[12.352424,51.385732],[12.352397,51.385735],[12.352374,51.385738],[12.352333,51.385745],[12.352227,51.385766],[12.352173,51.385778],[12.352133,51.385786],[12.352101,51.385792],[12.352061,51.3858],[12.351992,51.385812],[12.351935,51.385822],[12.351895,51.385829],[12.351845,51.385837],[12.351801,51.385847],[12.351774,51.385853],[12.351742,51.385862],[12.351695,51.38588],[12.351669,51.385888],[12.351637,51.3859],[12.351608,51.38591],[12.351574,51.385921],[12.351546,51.385928],[12.351505,51.385936],[12.351466,51.385942],[12.351422,51.385947],[12.351392,51.385951],[12.351206,51.385983],[12.351028,51.386007],[12.350903,51.386024],[12.350884,51.386032],[12.350884,51.386032],[12.350884,51.386032],[12.350872,51.386037],[12.350847,51.386047],[12.350844,51.386048],[12.350842,51.386051],[12.350833,51.386066],[12.350795,51.386126],[12.35079,51.386132],[12.35077,51.386136],[12.350723,51.386144],[12.350708,51.386149],[12.350394,51.386198],[12.350386,51.3862],[12.350122,51.386242],[12.35005,51.386237],[12.350049,51.386236],[12.349954,51.386223],[12.349951,51.386223],[12.349936,51.38622],[12.349883,51.386212],[12.349838,51.386203],[12.349819,51.386197],[12.349819,51.386197],[12.349818,51.386196],[12.349793,51.386188],[12.349686,51.386122],[12.349621,51.386084],[12.3495,51.386035],[12.349481,51.386048]]]}},{"type":"Feature","id":"leipzig-81","properties":{"city":"Leipzig","state":"Sachsen","code":"81","name":"Wahren","name_atlas":"Wahren","population_est":7733,"crime_total":{"cases":541,"rate":6996.0},"homicide":{"cases":0,"rate":0.0},"sexual":{"cases":9,"rate":116.4},"violence_proxy":{"cases":97,"rate":1254.4},"property_total":{"cases":223,"rate":2883.7},"simple_theft":{"cases":75,"rate":969.9},"aggravated_theft":{"cases":148,"rate":1913.9},"fraud":{"cases":98,"rate":1267.3},"other_stgb":{"cases":105,"rate":1357.8},"secondary_law":{"cases":9,"rate":116.4}},"geometry":{"type":"Polygon","coordinates":[[[12.316629,51.384727],[12.316468,51.384733],[12.316457,51.384757],[12.316412,51.384854],[12.316349,51.384857],[12.316162,51.384865],[12.315959,51.385001],[12.315973,51.385175],[12.315622,51.385189],[12.31553,51.385177],[12.315529,51.385177],[12.315523,51.385177],[12.315518,51.385176],[12.315498,51.385174],[12.315426,51.385165],[12.315079,51.38513],[12.314643,51.385085],[12.314624,51.384913],[12.314621,51.384891],[12.314606,51.38476],[12.314606,51.384755],[12.314605,51.384749],[12.314588,51.3846],[12.314448,51.383177],[12.314444,51.383158],[12.314443,51.38312],[12.314699,51.382855],[12.314652,51.382678],[12.314612,51.382528],[12.314201,51.382607],[12.314059,51.382634],[12.31403,51.382516],[12.314029,51.382512],[12.313479,51.380253],[12.313476,51.380239],[12.313468,51.380205],[12.312658,51.376876],[12.311942,51.377023],[12.311456,51.377106],[12.31134,51.377125],[12.311339,51.377126],[12.311259,51.377139],[12.310792,51.37723],[12.310272,51.377328],[12.309951,51.377387],[12.309422,51.377486],[12.309393,51.377491],[12.308742,51.377604],[12.308244,51.377705],[12.308179,51.377718],[12.308174,51.377719],[12.307761,51.377802],[12.30753,51.377758],[12.307499,51.377752],[12.307366,51.377727],[12.307347,51.377688],[12.307191,51.377359],[12.307118,51.377203],[12.307106,51.377184],[12.307077,51.377135],[12.307004,51.377015],[12.306914,51.376864],[12.306776,51.376634],[12.306766,51.376607],[12.306725,51.376494],[12.306714,51.376458],[12.307051,51.376172],[12.307062,51.376144],[12.306759,51.375663],[12.306751,51.375611],[12.306727,51.37557],[12.306767,51.375567],[12.306842,51.375552],[12.307874,51.375302],[12.307922,51.375243],[12.307969,51.375188],[12.307865,51.375043],[12.307851,51.375024],[12.307743,51.374963],[12.308034,51.374729],[12.308226,51.374642],[12.308294,51.374593],[12.308515,51.374452],[12.308627,51.374374],[12.308686,51.374291],[12.308702,51.374103],[12.308591,51.373918],[12.308512,51.373842],[12.308367,51.37377],[12.30812,51.373695],[12.30812,51.373695],[12.307969,51.373643],[12.307739,51.373616],[12.30728,51.373514],[12.307008,51.37344],[12.306042,51.373259],[12.305793,51.373237],[12.305399,51.373217],[12.305398,51.373217],[12.30506,51.373207],[12.304968,51.373193],[12.304968,51.373193],[12.304968,51.373193],[12.304625,51.373141],[12.304471,51.373245],[12.304514,51.372975],[12.304427,51.372785],[12.304382,51.372634],[12.304378,51.372411],[12.30425,51.372235],[12.304229,51.372206],[12.304067,51.372093],[12.304032,51.372069],[12.304011,51.372057],[12.303862,51.371972],[12.303815,51.371868],[12.303773,51.371834],[12.303716,51.371765],[12.30359,51.371705],[12.303383,51.371663],[12.303269,51.371599],[12.303113,51.371578],[12.302823,51.371672],[12.30265,51.371732],[12.302524,51.371794],[12.302442,51.371751],[12.302396,51.371668],[12.302373,51.371471],[12.302364,51.37135],[12.302364,51.371344],[12.302389,51.371306],[12.302468,51.371189],[12.302431,51.371016],[12.3024,51.370867],[12.302313,51.37075],[12.302235,51.370674],[12.302061,51.370574],[12.301833,51.370508],[12.301631,51.370507],[12.301257,51.370583],[12.301143,51.37069],[12.301144,51.370863],[12.301006,51.371051],[12.30096,51.371121],[12.300825,51.371181],[12.300736,51.371208],[12.300714,51.371215],[12.300557,51.371239],[12.300542,51.371242],[12.300297,51.371287],[12.300204,51.371315],[12.30009,51.37135],[12.29997,51.371377],[12.299907,51.371443],[12.299812,51.371543],[12.29958,51.371581],[12.299221,51.371658],[12.299123,51.371924],[12.299126,51.371937],[12.299135,51.371983],[12.299154,51.372085],[12.299148,51.372091],[12.299042,51.372205],[12.298791,51.372261],[12.298577,51.372282],[12.298563,51.372283],[12.29853,51.37228],[12.298494,51.372276],[12.298317,51.372258],[12.298222,51.372211],[12.298153,51.372118],[12.298087,51.372029],[12.298081,51.372016],[12.298039,51.371918],[12.298019,51.37187],[12.298015,51.37186],[12.297871,51.371601],[12.297549,51.371482],[12.297261,51.371464],[12.297055,51.371442],[12.29681,51.371328],[12.296548,51.371318],[12.296447,51.371331],[12.296299,51.371354],[12.29611,51.371397],[12.295954,51.371443],[12.29577,51.371384],[12.295734,51.371453],[12.295643,51.371621],[12.295593,51.371713],[12.295571,51.371754],[12.29556,51.371774],[12.295369,51.372128],[12.295314,51.372324],[12.295306,51.372352],[12.295266,51.372611],[12.295205,51.372983],[12.295205,51.372987],[12.295165,51.372972],[12.294885,51.37287],[12.294657,51.372839],[12.293938,51.372782],[12.293885,51.372793],[12.293701,51.372829],[12.293685,51.372832],[12.293113,51.372927],[12.292818,51.372989],[12.29274,51.373007],[12.292587,51.373046],[12.292436,51.37312],[12.292273,51.373164],[12.292105,51.37328],[12.292093,51.373285],[12.291964,51.373332],[12.291848,51.373362],[12.291796,51.373386],[12.291732,51.373454],[12.291729,51.373458],[12.291684,51.373533],[12.291598,51.37359],[12.291546,51.373662],[12.291434,51.373717],[12.291369,51.373755],[12.291275,51.373789],[12.291219,51.373833],[12.291179,51.373966],[12.291131,51.374063],[12.291084,51.374162],[12.291022,51.374253],[12.291009,51.37429],[12.290965,51.37433],[12.29094,51.374411],[12.290997,51.374501],[12.291043,51.374764],[12.291046,51.374784],[12.290879,51.374799],[12.29061,51.374847],[12.290414,51.374918],[12.289918,51.375022],[12.28971,51.375137],[12.289575,51.375304],[12.289529,51.375439],[12.289337,51.375648],[12.289074,51.375348],[12.28889,51.375246],[12.288543,51.375034],[12.288461,51.374835],[12.28836,51.374592],[12.288207,51.374346],[12.288108,51.374235],[12.288056,51.373977],[12.288047,51.373927],[12.288194,51.373668],[12.288274,51.373457],[12.288276,51.373448],[12.288325,51.37324],[12.288333,51.373163],[12.28835,51.372998],[12.288353,51.372967],[12.28826,51.372932],[12.288173,51.372855],[12.28812,51.372833],[12.288031,51.372792],[12.287922,51.372747],[12.287858,51.372716],[12.287763,51.372675],[12.287697,51.37266],[12.28763,51.372647],[12.287526,51.372625],[12.287438,51.372615],[12.287349,51.37261],[12.287274,51.372601],[12.287198,51.372581],[12.287105,51.372572],[12.286971,51.372542],[12.286884,51.372531],[12.286782,51.372529],[12.286721,51.372377],[12.286716,51.372364],[12.286657,51.372222],[12.286576,51.372106],[12.286336,51.372106],[12.286154,51.372073],[12.286112,51.372065],[12.286107,51.372062],[12.286048,51.372017],[12.285958,51.371977],[12.285806,51.371979],[12.285748,51.371919],[12.285763,51.371827],[12.285716,51.371749],[12.285655,51.371709],[12.285621,51.371659],[12.285647,51.371509],[12.285645,51.371474],[12.285617,51.37144],[12.285525,51.371355],[12.285509,51.371341],[12.285468,51.371326],[12.285462,51.371324],[12.28537,51.371292],[12.285338,51.37126],[12.285368,51.371054],[12.285439,51.370935],[12.285471,51.370804],[12.285483,51.370778],[12.285536,51.370668],[12.2856,51.370589],[12.285613,51.370573],[12.28592,51.370305],[12.285615,51.370239],[12.285443,51.370215],[12.285351,51.370212],[12.284854,51.370228],[12.284581,51.370156],[12.284448,51.370153],[12.284329,51.370131],[12.284227,51.370071],[12.28415,51.369959],[12.283999,51.369811],[12.283971,51.369643],[12.283833,51.369525],[12.283751,51.369345],[12.283755,51.369343],[12.284041,51.36935],[12.284297,51.369356],[12.284569,51.369382],[12.284611,51.36937],[12.284727,51.369289],[12.284846,51.369253],[12.284873,51.369266],[12.285398,51.368923],[12.285928,51.368577],[12.286104,51.368111],[12.286301,51.367585],[12.286489,51.36706],[12.286684,51.366531],[12.286825,51.366164],[12.286971,51.366145],[12.287042,51.366158],[12.287105,51.366198],[12.287136,51.366284],[12.287217,51.36641],[12.28721,51.366543],[12.287176,51.366626],[12.287203,51.366671],[12.287259,51.366704],[12.287337,51.36676],[12.28747,51.366837],[12.287518,51.366824],[12.287554,51.366776],[12.287681,51.366615],[12.287829,51.366503],[12.28782,51.366475],[12.287761,51.366433],[12.287761,51.366392],[12.287819,51.366378],[12.287974,51.366372],[12.288107,51.366335],[12.288171,51.366354],[12.288272,51.366385],[12.288421,51.366565],[12.288485,51.366622],[12.288537,51.366637],[12.28869,51.366598],[12.288884,51.366563],[12.289151,51.36645],[12.289288,51.366355],[12.289345,51.366284],[12.289494,51.366241],[12.289676,51.366157],[12.289683,51.366153],[12.289638,51.366138],[12.289571,51.366079],[12.289389,51.365981],[12.289284,51.36587],[12.289215,51.365779],[12.289146,51.365621],[12.289245,51.365455],[12.289374,51.365404],[12.28984,51.365464],[12.289917,51.365461],[12.289948,51.365292],[12.289987,51.365215],[12.290023,51.365061],[12.290054,51.364881],[12.290132,51.36477],[12.290289,51.364628],[12.290439,51.364549],[12.290508,51.36457],[12.290623,51.364727],[12.290761,51.364782],[12.290902,51.364756],[12.290995,51.364692],[12.290965,51.364615],[12.291001,51.36451],[12.291198,51.364439],[12.291344,51.364457],[12.291483,51.36456],[12.291719,51.36455],[12.291808,51.364485],[12.2918,51.364439],[12.291745,51.36438],[12.291778,51.364301],[12.291879,51.364279],[12.292007,51.364266],[12.292175,51.36427],[12.292212,51.364231],[12.292106,51.364118],[12.292054,51.363972],[12.292147,51.363936],[12.292338,51.363978],[12.292425,51.363968],[12.292676,51.364014],[12.292692,51.363964],[12.292682,51.363943],[12.292627,51.363889],[12.29259,51.363831],[12.292576,51.363792],[12.292589,51.363745],[12.292658,51.363715],[12.292729,51.363635],[12.292792,51.363612],[12.292973,51.363568],[12.292995,51.363556],[12.292939,51.363452],[12.292662,51.363501],[12.29254,51.363512],[12.29252,51.363472],[12.292549,51.363366],[12.292551,51.36329],[12.292381,51.363196],[12.292353,51.363124],[12.292357,51.362951],[12.292375,51.362903],[12.292448,51.362874],[12.292504,51.362866],[12.292614,51.362909],[12.292758,51.362951],[12.292826,51.362961],[12.292844,51.362962],[12.29293,51.362968],[12.293031,51.362966],[12.293089,51.362957],[12.293268,51.362912],[12.293369,51.362923],[12.293472,51.362972],[12.293544,51.362997],[12.293631,51.363047],[12.293687,51.363068],[12.29373,51.36307],[12.293784,51.363054],[12.293845,51.362994],[12.293883,51.362905],[12.293942,51.362837],[12.294001,51.362818],[12.294055,51.36282],[12.294152,51.362861],[12.294192,51.362889],[12.294226,51.362929],[12.294345,51.362996],[12.294373,51.363006],[12.294462,51.362999],[12.294545,51.362973],[12.294643,51.362956],[12.29472,51.362935],[12.294766,51.362885],[12.294779,51.362834],[12.294825,51.362752],[12.294879,51.362709],[12.294958,51.362688],[12.295014,51.362702],[12.295102,51.362758],[12.295292,51.3629],[12.295446,51.362977],[12.295732,51.36302],[12.295732,51.362961],[12.295862,51.362972],[12.295976,51.362951],[12.296011,51.362891],[12.296202,51.362846],[12.296243,51.362863],[12.296289,51.362876],[12.296382,51.362902],[12.296382,51.362898],[12.296392,51.362901],[12.296465,51.362943],[12.296451,51.363057],[12.296472,51.363088],[12.296821,51.363288],[12.296864,51.36328],[12.296895,51.363286],[12.296997,51.363307],[12.297172,51.363371],[12.297224,51.363375],[12.297286,51.363355],[12.29732,51.363324],[12.297345,51.363258],[12.29741,51.363191],[12.297464,51.363157],[12.297517,51.363113],[12.297598,51.363011],[12.297659,51.362946],[12.297794,51.362843],[12.297932,51.362716],[12.297982,51.362699],[12.298218,51.362664],[12.298336,51.362681],[12.298446,51.362724],[12.298508,51.362742],[12.298552,51.362725],[12.298619,51.362687],[12.298697,51.362655],[12.298853,51.362568],[12.298948,51.362537],[12.298984,51.362535],[12.299026,51.362542],[12.299094,51.362575],[12.29914,51.362616],[12.299164,51.362646],[12.299294,51.36272],[12.299357,51.362753],[12.299394,51.36276],[12.299428,51.36275],[12.299513,51.362661],[12.299536,51.362591],[12.299554,51.362559],[12.29958,51.362532],[12.299621,51.362505],[12.299657,51.362493],[12.299693,51.362491],[12.299723,51.362497],[12.299781,51.362525],[12.299807,51.362566],[12.29981,51.362621],[12.299771,51.362684],[12.299769,51.362707],[12.299782,51.362722],[12.299813,51.362741],[12.299977,51.362811],[12.30006,51.362822],[12.300204,51.362821],[12.30023,51.36281],[12.300242,51.362786],[12.300244,51.362757],[12.300219,51.362711],[12.300221,51.362645],[12.300252,51.362614],[12.300308,51.362569],[12.300349,51.362503],[12.300236,51.362443],[12.300014,51.362239],[12.29991,51.362212],[12.299893,51.361842],[12.300221,51.361748],[12.300327,51.36172],[12.300608,51.3617],[12.300823,51.361605],[12.300981,51.361589],[12.301227,51.361607],[12.301392,51.361524],[12.301471,51.361461],[12.301591,51.361432],[12.301661,51.361405],[12.301731,51.361347],[12.301761,51.361103],[12.301811,51.360954],[12.301822,51.360921],[12.301875,51.360948],[12.3021,51.360967],[12.302124,51.360969],[12.30213,51.360969],[12.302153,51.360967],[12.302241,51.360968],[12.302345,51.360947],[12.302459,51.360922],[12.302537,51.360902],[12.302593,51.360901],[12.302662,51.360908],[12.30267,51.360908],[12.302742,51.36091],[12.302841,51.360913],[12.302968,51.360964],[12.303043,51.360968],[12.303179,51.360967],[12.303363,51.360956],[12.303497,51.360958],[12.303564,51.360988],[12.303568,51.36099],[12.303693,51.361042],[12.303748,51.361085],[12.303832,51.361138],[12.303895,51.361178],[12.303954,51.361193],[12.303954,51.361193],[12.303998,51.361216],[12.304042,51.36123],[12.304103,51.361243],[12.304139,51.361249],[12.30421,51.361262],[12.304257,51.361273],[12.304357,51.361289],[12.304455,51.361269],[12.304522,51.361273],[12.304621,51.361249],[12.304779,51.361215],[12.30491,51.361191],[12.305083,51.361146],[12.305144,51.361126],[12.305192,51.361117],[12.305236,51.361099],[12.305308,51.361068],[12.305469,51.361005],[12.305596,51.360954],[12.305687,51.360923],[12.305759,51.360906],[12.305866,51.360893],[12.305985,51.360882],[12.306032,51.360876],[12.306173,51.360883],[12.306248,51.360891],[12.306306,51.360891],[12.306378,51.360893],[12.306408,51.360881],[12.30659,51.360897],[12.306629,51.360899],[12.30675,51.36091],[12.30687,51.360924],[12.306973,51.360923],[12.307095,51.36093],[12.307192,51.360943],[12.307267,51.360958],[12.307325,51.36097],[12.307368,51.360973],[12.307398,51.360974],[12.307427,51.360973],[12.307463,51.360968],[12.307602,51.360963],[12.307776,51.360953],[12.307859,51.36092],[12.307994,51.360917],[12.308203,51.360898],[12.308305,51.3609],[12.308403,51.3609],[12.308526,51.361],[12.308572,51.361034],[12.308636,51.361097],[12.308712,51.361145],[12.308783,51.36119],[12.308859,51.361231],[12.308902,51.361254],[12.308998,51.361291],[12.309048,51.361308],[12.309085,51.361314],[12.309156,51.361315],[12.309225,51.361322],[12.309279,51.36133],[12.309479,51.361309],[12.30963,51.361269],[12.309793,51.36125],[12.309874,51.361251],[12.310015,51.361259],[12.310113,51.361256],[12.31015,51.361253],[12.310192,51.361251],[12.310275,51.361259],[12.310404,51.361278],[12.310451,51.361277],[12.310515,51.361265],[12.310579,51.361261],[12.310648,51.361283],[12.310699,51.361288],[12.310749,51.361286],[12.310877,51.361295],[12.310974,51.361314],[12.310998,51.361321],[12.311075,51.361343],[12.311176,51.361425],[12.311204,51.361454],[12.311204,51.361456],[12.311228,51.361487],[12.311232,51.361492],[12.311264,51.361524],[12.311354,51.361653],[12.311379,51.36169],[12.311398,51.361735],[12.311415,51.361788],[12.311433,51.361842],[12.311462,51.362024],[12.311501,51.362096],[12.311515,51.362128],[12.311545,51.362178],[12.311897,51.362633],[12.31195,51.362697],[12.312011,51.362754],[12.312054,51.362768],[12.312094,51.362778],[12.312163,51.362783],[12.312212,51.362786],[12.312344,51.362783],[12.312534,51.362776],[12.312602,51.362781],[12.312683,51.362789],[12.312734,51.362796],[12.312908,51.362825],[12.313059,51.362869],[12.313149,51.3629],[12.313333,51.362987],[12.313376,51.363011],[12.313405,51.36305],[12.313429,51.363097],[12.313444,51.363157],[12.313453,51.363221],[12.313446,51.363268],[12.313437,51.363323],[12.313408,51.36337],[12.313364,51.363408],[12.313341,51.363462],[12.313292,51.363558],[12.313279,51.363708],[12.313288,51.363758],[12.313303,51.36381],[12.313357,51.363894],[12.313393,51.363957],[12.313408,51.363966],[12.313412,51.363969],[12.313493,51.364022],[12.313553,51.364068],[12.313601,51.364093],[12.313631,51.364112],[12.313661,51.364122],[12.31368,51.364131],[12.31371,51.364147],[12.313717,51.36415],[12.313748,51.364165],[12.31376,51.364188],[12.313811,51.364204],[12.313836,51.364212],[12.313921,51.364239],[12.314194,51.364234],[12.314235,51.364233],[12.314258,51.364231],[12.314365,51.364221],[12.31471,51.364115],[12.314885,51.36408],[12.315022,51.364053],[12.315236,51.364016],[12.315475,51.364],[12.315685,51.364004],[12.315812,51.364015],[12.316204,51.36412],[12.316275,51.364138],[12.316479,51.364224],[12.316631,51.364294],[12.317028,51.364485],[12.317336,51.364618],[12.317487,51.364636],[12.317597,51.364634],[12.317639,51.364626],[12.317673,51.364605],[12.317779,51.364575],[12.317905,51.364534],[12.317975,51.364511],[12.318052,51.364486],[12.318177,51.364434],[12.318232,51.364389],[12.318397,51.364323],[12.318725,51.364239],[12.318937,51.364204],[12.319133,51.364157],[12.319352,51.364173],[12.319579,51.364221],[12.31979,51.364276],[12.32003,51.364364],[12.320273,51.36442],[12.320387,51.364434],[12.320492,51.364438],[12.320813,51.364516],[12.320931,51.364554],[12.321115,51.364602],[12.321423,51.364654],[12.321586,51.364658],[12.321782,51.364707],[12.322236,51.364762],[12.322399,51.364753],[12.32262,51.364703],[12.32294,51.364581],[12.322996,51.364562],[12.323081,51.364538],[12.323119,51.364528],[12.32312,51.364532],[12.32314,51.364631],[12.323165,51.364756],[12.323171,51.364787],[12.323221,51.365089],[12.323315,51.365508],[12.323391,51.365745],[12.323436,51.365848],[12.323588,51.366147],[12.323705,51.366393],[12.323869,51.366715],[12.324024,51.36702],[12.324137,51.367245],[12.324326,51.36762],[12.324738,51.368489],[12.325247,51.369539],[12.325274,51.369595],[12.325852,51.370768],[12.32643,51.371903],[12.326462,51.371966],[12.326487,51.372014],[12.326551,51.372139],[12.326754,51.372538],[12.326784,51.372598],[12.326813,51.372656],[12.326872,51.372775],[12.327119,51.373278],[12.327175,51.373392],[12.327224,51.373492],[12.328398,51.375877],[12.328405,51.375893],[12.328523,51.376132],[12.328747,51.376563],[12.328947,51.376873],[12.329071,51.377044],[12.329253,51.377249],[12.329411,51.377401],[12.329573,51.377544],[12.32967,51.377625],[12.329804,51.377727],[12.329903,51.377802],[12.330107,51.377936],[12.330224,51.378006],[12.330359,51.378082],[12.330635,51.378216],[12.33092,51.378324],[12.331196,51.378411],[12.332441,51.378753],[12.333215,51.378955],[12.334711,51.379367],[12.334884,51.379326],[12.335026,51.379293],[12.335039,51.37929],[12.335237,51.379342],[12.335454,51.3794],[12.335675,51.379458],[12.335883,51.379513],[12.33611,51.379573],[12.336435,51.37966],[12.336488,51.379674],[12.336703,51.379734],[12.336861,51.379779],[12.336982,51.379813],[12.33723,51.379883],[12.337487,51.379955],[12.337781,51.380038],[12.338286,51.380218],[12.338359,51.38025],[12.339413,51.380716],[12.339493,51.380751],[12.33958,51.380791],[12.339987,51.380975],[12.34032,51.381321],[12.340573,51.381445],[12.340991,51.38165],[12.34077,51.381664],[12.340736,51.381666],[12.340391,51.381678],[12.340374,51.381678],[12.340365,51.381679],[12.339916,51.381694],[12.339821,51.381697],[12.339503,51.381685],[12.33919,51.381665],[12.338976,51.381648],[12.338804,51.381634],[12.338645,51.381619],[12.338417,51.381598],[12.337964,51.381561],[12.337841,51.381551],[12.337494,51.381539],[12.337199,51.381529],[12.336935,51.381519],[12.336899,51.381518],[12.33688,51.381517],[12.336879,51.381517],[12.336861,51.381517],[12.336816,51.381516],[12.336448,51.381514],[12.336381,51.381514],[12.336085,51.381518],[12.336023,51.381518],[12.335896,51.381519],[12.335847,51.38152],[12.335837,51.381521],[12.335824,51.381521],[12.335803,51.381521],[12.33579,51.381521],[12.335346,51.381528],[12.33533,51.381528],[12.335299,51.381529],[12.335281,51.38153],[12.335237,51.38153],[12.335079,51.381532],[12.334997,51.381534],[12.334985,51.381534],[12.334727,51.381529],[12.334491,51.381526],[12.334406,51.381525],[12.334273,51.381517],[12.334228,51.381514],[12.334213,51.381513],[12.334208,51.381513],[12.334157,51.381509],[12.334061,51.381503],[12.333788,51.381491],[12.333601,51.381497],[12.333562,51.381498],[12.33345,51.381501],[12.333449,51.381501],[12.333106,51.381502],[12.332991,51.381502],[12.332945,51.381502],[12.332741,51.381499],[12.332526,51.381502],[12.332501,51.381504],[12.332008,51.381524],[12.331954,51.381527],[12.331904,51.38153],[12.331904,51.38153],[12.331904,51.38153],[12.331898,51.38153],[12.331894,51.38153],[12.33184,51.381534],[12.331594,51.381549],[12.331408,51.381561],[12.331294,51.381565],[12.331058,51.381577],[12.330781,51.381605],[12.330755,51.381611],[12.330729,51.381616],[12.330702,51.381621],[12.330699,51.381622],[12.330692,51.381623],[12.33065,51.381632],[12.330623,51.381644],[12.330567,51.381667],[12.330476,51.381732],[12.330401,51.381769],[12.330317,51.381793],[12.330029,51.381857],[12.329775,51.381903],[12.329598,51.381937],[12.329561,51.381944],[12.329555,51.381946],[12.329258,51.38203],[12.329099,51.382078],[12.328627,51.382157],[12.328386,51.382195],[12.328155,51.382233],[12.328015,51.38225],[12.327975,51.382255],[12.327697,51.38229],[12.327568,51.382302],[12.327385,51.38232],[12.327382,51.38232],[12.327379,51.382321],[12.327336,51.382324],[12.327235,51.382333],[12.327191,51.382338],[12.32717,51.382341],[12.327028,51.382357],[12.327012,51.382359],[12.326819,51.38239],[12.326817,51.38239],[12.326731,51.38241],[12.326644,51.38243],[12.326504,51.382462],[12.326185,51.382559],[12.326158,51.382567],[12.326158,51.382567],[12.326128,51.382577],[12.326106,51.382581],[12.325809,51.38265],[12.325728,51.382669],[12.325644,51.382687],[12.325426,51.382732],[12.325208,51.382778],[12.32499,51.382823],[12.324911,51.38284],[12.324766,51.382858],[12.324539,51.382888],[12.324312,51.382917],[12.324085,51.382947],[12.324037,51.382953],[12.32386,51.382978],[12.323799,51.382987],[12.323791,51.382988],[12.323664,51.382999],[12.323629,51.383],[12.323582,51.383],[12.323414,51.383002],[12.323201,51.382943],[12.323149,51.382929],[12.323146,51.382928],[12.323102,51.382915],[12.323081,51.382908],[12.323054,51.3829],[12.323029,51.382892],[12.322804,51.382823],[12.322714,51.382789],[12.322562,51.38345],[12.322251,51.383426],[12.322243,51.383465],[12.32218,51.383461],[12.322086,51.383454],[12.322078,51.383494],[12.321836,51.383475],[12.321681,51.383624],[12.321633,51.38367],[12.321462,51.383734],[12.321311,51.383794],[12.321111,51.383873],[12.320968,51.383927],[12.320883,51.383961],[12.32074,51.38402],[12.320384,51.384159],[12.320319,51.384187],[12.320277,51.384205],[12.320277,51.384205],[12.320272,51.384207],[12.320249,51.384216],[12.320245,51.384218],[12.320211,51.384232],[12.320175,51.384247],[12.319809,51.384391],[12.319662,51.384449],[12.319692,51.384499],[12.319563,51.384555],[12.319558,51.384557],[12.319411,51.384546],[12.319242,51.384533],[12.319226,51.384618],[12.319148,51.384612],[12.319147,51.384612],[12.319141,51.384611],[12.319055,51.384605],[12.31904,51.384687],[12.31904,51.384689],[12.31879,51.38467],[12.318765,51.384671],[12.3186,51.384677],[12.318374,51.384685],[12.31831,51.384687],[12.318099,51.384695],[12.318102,51.384722],[12.317981,51.384726],[12.317831,51.384731],[12.317807,51.384724],[12.317639,51.384686],[12.317558,51.384667],[12.317491,51.384651],[12.317488,51.384651],[12.317463,51.384692],[12.317451,51.384716],[12.317449,51.384719],[12.317388,51.384703],[12.317366,51.384697],[12.317365,51.384697],[12.317363,51.384696],[12.31732,51.384685],[12.317299,51.384721],[12.31728,51.384754],[12.317079,51.38471],[12.316629,51.384727]]]}},{"type":"Feature","id":"leipzig-82","properties":{"city":"Leipzig","state":"Sachsen","code":"82","name":"Lützschena-Stahmeln","name_atlas":"Lützschena-Stahmeln","population_est":4272,"crime_total":{"cases":358,"rate":8380.0},"homicide":{"cases":0,"rate":0.0},"sexual":{"cases":7,"rate":163.9},"violence_proxy":{"cases":37,"rate":866.1},"property_total":{"cases":125,"rate":2926.0},"simple_theft":{"cases":57,"rate":1334.3},"aggravated_theft":{"cases":68,"rate":1591.8},"fraud":{"cases":76,"rate":1779.0},"other_stgb":{"cases":64,"rate":1498.1},"secondary_law":{"cases":49,"rate":1147.0}},"geometry":{"type":"Polygon","coordinates":[[[12.276363,51.417135],[12.276351,51.417137],[12.274487,51.417385],[12.272549,51.417644],[12.270989,51.41785],[12.27112,51.417471],[12.272207,51.417321],[12.272208,51.417321],[12.272686,51.417255],[12.272741,51.417248],[12.27413,51.41707],[12.274184,51.416913],[12.274286,51.416619],[12.274316,51.416531],[12.274345,51.416447],[12.274372,51.416371],[12.2744,51.416288],[12.274452,51.416138],[12.274505,51.415986],[12.274548,51.41586],[12.274592,51.415734],[12.274449,51.415762],[12.274134,51.415817],[12.273783,51.415861],[12.273427,51.415899],[12.27244,51.415997],[12.272338,51.416007],[12.272321,51.416009],[12.271603,51.41608],[12.272475,51.41357],[12.272501,51.413494],[12.272524,51.413428],[12.270632,51.413028],[12.268842,51.412649],[12.267537,51.412373],[12.267252,51.412313],[12.265796,51.412005],[12.265692,51.411983],[12.263424,51.411504],[12.263599,51.410036],[12.263602,51.410011],[12.263797,51.408368],[12.263801,51.408337],[12.263805,51.408306],[12.263912,51.40741],[12.263963,51.406976],[12.264016,51.406528],[12.264185,51.405114],[12.264213,51.404876],[12.264215,51.404862],[12.264279,51.404319],[12.264385,51.403431],[12.264421,51.403126],[12.264539,51.402139],[12.264544,51.402096],[12.264395,51.402104],[12.261142,51.402273],[12.261085,51.402276],[12.261139,51.402206],[12.261387,51.40192],[12.261855,51.401381],[12.262029,51.40117],[12.262061,51.401131],[12.262138,51.401038],[12.261235,51.40134],[12.259828,51.401807],[12.259054,51.402052],[12.258272,51.402288],[12.257486,51.402511],[12.256694,51.402717],[12.255889,51.402908],[12.255074,51.403088],[12.254255,51.403252],[12.25343,51.4034],[12.2526,51.403533],[12.252443,51.403556],[12.252436,51.403557],[12.252666,51.403378],[12.252741,51.40332],[12.252932,51.403156],[12.253015,51.403084],[12.253025,51.403075],[12.253039,51.403063],[12.253356,51.402772],[12.253403,51.40273],[12.253424,51.40271],[12.253431,51.402704],[12.253519,51.4026],[12.253727,51.402378],[12.254047,51.402021],[12.254609,51.401335],[12.254882,51.400981],[12.255137,51.400638],[12.25545,51.400204],[12.255628,51.399956],[12.255697,51.399861],[12.25606,51.399927],[12.256401,51.399992],[12.256781,51.400063],[12.25708,51.400105],[12.257575,51.400132],[12.257789,51.400137],[12.25816,51.400125],[12.258576,51.400079],[12.258885,51.400056],[12.259315,51.400037],[12.259925,51.39998],[12.260228,51.39996],[12.260673,51.399936],[12.260828,51.399941],[12.261132,51.399967],[12.261736,51.400041],[12.262335,51.400127],[12.262492,51.400158],[12.262626,51.400184],[12.262835,51.400228],[12.262905,51.400242],[12.263159,51.400295],[12.263203,51.400301],[12.263326,51.400319],[12.26347,51.400212],[12.263506,51.400186],[12.263709,51.399957],[12.263764,51.399892],[12.263858,51.39979],[12.263879,51.399766],[12.264156,51.399454],[12.264445,51.399085],[12.264615,51.398864],[12.264766,51.398677],[12.265015,51.398409],[12.265068,51.398372],[12.265479,51.398284],[12.265766,51.398209],[12.266041,51.398126],[12.266336,51.398022],[12.266754,51.397861],[12.267008,51.397755],[12.267079,51.397725],[12.267384,51.397598],[12.267539,51.39752],[12.267629,51.397472],[12.267779,51.397392],[12.267788,51.397387],[12.267735,51.397312],[12.267696,51.397289],[12.267633,51.397229],[12.26763,51.397201],[12.267648,51.397163],[12.267662,51.397077],[12.267697,51.397034],[12.267718,51.396993],[12.267717,51.396972],[12.267666,51.396937],[12.267605,51.396885],[12.267591,51.396861],[12.267586,51.396833],[12.267609,51.396762],[12.267679,51.396576],[12.267692,51.396538],[12.267696,51.396452],[12.267684,51.39639],[12.26766,51.396332],[12.267639,51.396311],[12.267567,51.396261],[12.267434,51.396223],[12.26739,51.396205],[12.267345,51.39617],[12.267295,51.39614],[12.267227,51.396106],[12.267186,51.396079],[12.267147,51.396035],[12.267102,51.395971],[12.267027,51.395898],[12.266974,51.395855],[12.266972,51.395854],[12.266962,51.395845],[12.266936,51.395805],[12.266896,51.39574],[12.266858,51.395709],[12.26678,51.395654],[12.266699,51.395632],[12.266666,51.395618],[12.266608,51.395602],[12.266549,51.395589],[12.266489,51.395549],[12.266476,51.395518],[12.266435,51.395463],[12.266397,51.395396],[12.266339,51.395323],[12.266317,51.395277],[12.266324,51.39525],[12.266292,51.395197],[12.266247,51.395166],[12.266183,51.395136],[12.266173,51.395095],[12.266149,51.394994],[12.266133,51.394956],[12.266098,51.3949],[12.266063,51.394834],[12.26603,51.394793],[12.265991,51.394725],[12.265932,51.39464],[12.265894,51.394564],[12.26587,51.394494],[12.265857,51.394476],[12.265696,51.394261],[12.265491,51.394038],[12.265436,51.393982],[12.265316,51.393849],[12.265198,51.393718],[12.265054,51.393578],[12.264934,51.393451],[12.264854,51.393366],[12.264705,51.393251],[12.264427,51.393023],[12.264299,51.392941],[12.263824,51.392645],[12.263702,51.392571],[12.263327,51.392473],[12.263095,51.392415],[12.262959,51.392382],[12.262839,51.392352],[12.262753,51.392302],[12.262306,51.392008],[12.261792,51.391685],[12.261541,51.391546],[12.260981,51.391227],[12.260293,51.390825],[12.260122,51.390731],[12.25956,51.390418],[12.259014,51.39022],[12.258953,51.39017],[12.258896,51.390123],[12.258641,51.389917],[12.258202,51.389559],[12.257836,51.389262],[12.25739,51.388716],[12.257187,51.388467],[12.2569,51.388102],[12.256768,51.387934],[12.256626,51.387745],[12.25657,51.387614],[12.256532,51.387526],[12.256472,51.387341],[12.256454,51.387285],[12.256459,51.387242],[12.256403,51.386984],[12.256399,51.386956],[12.256395,51.386923],[12.256387,51.386861],[12.256384,51.386831],[12.256374,51.386753],[12.25635,51.386594],[12.256327,51.386444],[12.256318,51.386108],[12.256307,51.386016],[12.256689,51.385935],[12.256936,51.385873],[12.256966,51.385865],[12.257156,51.385845],[12.257155,51.385841],[12.257153,51.385828],[12.257146,51.385782],[12.257138,51.385735],[12.257131,51.385716],[12.257126,51.385704],[12.257172,51.385157],[12.257173,51.385149],[12.257427,51.385086],[12.257434,51.385085],[12.257427,51.385041],[12.257425,51.385028],[12.257417,51.384959],[12.257393,51.384963],[12.257292,51.384964],[12.257063,51.384928],[12.257064,51.384907],[12.257064,51.384904],[12.256976,51.384898],[12.256783,51.384863],[12.256771,51.38486],[12.256686,51.384838],[12.256636,51.384825],[12.256559,51.384792],[12.2565,51.384752],[12.256415,51.384693],[12.256386,51.384667],[12.256294,51.384605],[12.256294,51.384582],[12.256244,51.384541],[12.256186,51.384491],[12.256112,51.384421],[12.255992,51.384296],[12.25592,51.384189],[12.255874,51.3841],[12.255833,51.384012],[12.255802,51.383927],[12.25575,51.383865],[12.255718,51.383832],[12.255693,51.383815],[12.255602,51.383712],[12.255774,51.383676],[12.255864,51.383683],[12.255928,51.383684],[12.255972,51.383703],[12.256004,51.383705],[12.256038,51.383707],[12.256038,51.383707],[12.256127,51.383724],[12.256379,51.383753],[12.256384,51.383753],[12.256822,51.383785],[12.256831,51.383786],[12.256931,51.383796],[12.256973,51.383801],[12.257009,51.383817],[12.257079,51.383838],[12.25718,51.383862],[12.257368,51.383925],[12.257368,51.383924],[12.257367,51.383917],[12.257355,51.383858],[12.257352,51.383845],[12.257363,51.383803],[12.257361,51.383763],[12.257357,51.383691],[12.257335,51.383624],[12.257295,51.383585],[12.257212,51.383526],[12.25722,51.383471],[12.257247,51.383439],[12.257313,51.383293],[12.257336,51.383234],[12.257315,51.383173],[12.257278,51.383119],[12.257274,51.383113],[12.25727,51.383108],[12.257274,51.38302],[12.257352,51.382949],[12.25743,51.382929],[12.25749,51.38291],[12.257576,51.382914],[12.257661,51.382931],[12.257664,51.382937],[12.257884,51.382868],[12.257958,51.382844],[12.257995,51.382797],[12.258063,51.382702],[12.258109,51.382642],[12.258121,51.382598],[12.258139,51.382531],[12.258253,51.382379],[12.25834,51.382253],[12.258474,51.382179],[12.258569,51.382145],[12.258641,51.382117],[12.258745,51.382091],[12.258851,51.382064],[12.258898,51.382049],[12.258918,51.38204],[12.259001,51.381981],[12.259147,51.381934],[12.259363,51.381797],[12.259363,51.381742],[12.259327,51.381637],[12.259245,51.381449],[12.25919,51.38139],[12.259065,51.381276],[12.259005,51.381218],[12.258998,51.38121],[12.258943,51.381156],[12.258903,51.381118],[12.258847,51.381058],[12.2588,51.381008],[12.258761,51.380967],[12.258675,51.380871],[12.258671,51.380865],[12.258612,51.380795],[12.258599,51.380773],[12.258609,51.380736],[12.258626,51.380714],[12.25869,51.380675],[12.258751,51.380635],[12.258751,51.380635],[12.258742,51.380627],[12.258661,51.380595],[12.258544,51.380572],[12.258362,51.380525],[12.258221,51.380501],[12.258046,51.3805],[12.257846,51.380496],[12.25771,51.380516],[12.257528,51.380547],[12.257422,51.380577],[12.257194,51.380659],[12.256932,51.380824],[12.256903,51.380842],[12.256882,51.380867],[12.256857,51.380862],[12.25673,51.380847],[12.256193,51.380721],[12.255664,51.38058],[12.25514,51.380434],[12.254979,51.380376],[12.254618,51.380274],[12.254189,51.38012],[12.253947,51.380034],[12.25376,51.379967],[12.253572,51.379893],[12.25283,51.379598],[12.252826,51.379599],[12.252417,51.379794],[12.25241,51.379773],[12.252799,51.379586],[12.252799,51.379586],[12.252756,51.379566],[12.252323,51.379367],[12.251997,51.379207],[12.25097,51.378652],[12.250194,51.378166],[12.24946,51.377641],[12.249012,51.377283],[12.249057,51.377259],[12.248988,51.377207],[12.2487,51.376985],[12.248605,51.376913],[12.248198,51.376599],[12.247855,51.376351],[12.247845,51.376344],[12.247822,51.376327],[12.247826,51.376322],[12.24784,51.376306],[12.247845,51.3763],[12.247836,51.376259],[12.247845,51.376214],[12.247852,51.376187],[12.247841,51.376147],[12.247847,51.376134],[12.247894,51.376123],[12.24794,51.37611],[12.247994,51.376119],[12.248023,51.376146],[12.248052,51.376173],[12.24808,51.376205],[12.248142,51.376247],[12.248198,51.376267],[12.248258,51.376276],[12.24834,51.376264],[12.24839,51.376242],[12.248429,51.37621],[12.248478,51.376147],[12.248539,51.376116],[12.248589,51.376115],[12.248675,51.376119],[12.248732,51.376138],[12.248802,51.376153],[12.248859,51.376169],[12.248891,51.376174],[12.248917,51.376166],[12.248943,51.376158],[12.248992,51.376178],[12.249038,51.376195],[12.24911,51.376221],[12.24917,51.37624],[12.249254,51.376244],[12.249321,51.376245],[12.249369,51.37623],[12.249398,51.376228],[12.249439,51.376249],[12.249481,51.376274],[12.249523,51.376293],[12.24957,51.376304],[12.249622,51.376308],[12.249656,51.376312],[12.249687,51.376305],[12.24971,51.376285],[12.249712,51.376253],[12.249694,51.376198],[12.249669,51.376087],[12.249696,51.376071],[12.249984,51.376134],[12.250013,51.375937],[12.250052,51.375888],[12.250453,51.375837],[12.250675,51.375846],[12.250982,51.375739],[12.2516,51.375497],[12.251668,51.375442],[12.252144,51.375389],[12.252387,51.375362],[12.252391,51.375167],[12.252883,51.37502],[12.252969,51.374797],[12.253411,51.374701],[12.253427,51.374631],[12.253173,51.37436],[12.253135,51.374148],[12.253711,51.373981],[12.253697,51.373798],[12.254232,51.37367],[12.25452,51.373482],[12.254715,51.373449],[12.254796,51.373345],[12.254863,51.37333],[12.255125,51.373285],[12.255091,51.373097],[12.255498,51.373076],[12.255604,51.3731],[12.255716,51.373418],[12.255797,51.37346],[12.25603,51.373473],[12.256355,51.373447],[12.256844,51.373469],[12.257016,51.373611],[12.257241,51.373661],[12.257548,51.373559],[12.257944,51.373584],[12.258101,51.37371],[12.258603,51.373768],[12.258958,51.373529],[12.259053,51.37347],[12.259349,51.373438],[12.259779,51.373238],[12.259882,51.373117],[12.260083,51.373138],[12.26027,51.373209],[12.260372,51.373188],[12.260487,51.37318],[12.260575,51.373133],[12.260574,51.373114],[12.260572,51.373102],[12.260571,51.373099],[12.260569,51.373085],[12.260557,51.37301],[12.260549,51.372961],[12.26054,51.372907],[12.260483,51.372769],[12.26057,51.372619],[12.260671,51.372608],[12.260523,51.372353],[12.260212,51.372157],[12.259991,51.372012],[12.260166,51.371949],[12.260326,51.371892],[12.26046,51.371253],[12.26054,51.371179],[12.26068,51.37117],[12.260877,51.371266],[12.261079,51.371459],[12.261484,51.371873],[12.261544,51.371932],[12.261796,51.372049],[12.262011,51.372132],[12.262393,51.372189],[12.262709,51.372154],[12.262993,51.371997],[12.263173,51.371736],[12.263131,51.371478],[12.263016,51.371201],[12.263093,51.371083],[12.263111,51.371048],[12.26308,51.37096],[12.263327,51.370807],[12.263365,51.370783],[12.263433,51.370778],[12.263741,51.370877],[12.263848,51.370895],[12.26393,51.370981],[12.264205,51.371176],[12.264473,51.371207],[12.264599,51.371184],[12.264797,51.371081],[12.264966,51.37106],[12.26514,51.371203],[12.265242,51.371377],[12.265323,51.371544],[12.265383,51.371586],[12.26543,51.371606],[12.265611,51.371656],[12.265783,51.371652],[12.265995,51.37156],[12.266234,51.371353],[12.266564,51.371426],[12.266592,51.371465],[12.266547,51.371543],[12.266477,51.371655],[12.266476,51.371742],[12.266474,51.371844],[12.266581,51.371964],[12.266695,51.371949],[12.266869,51.371926],[12.267043,51.371832],[12.267406,51.371654],[12.267897,51.371579],[12.267936,51.371621],[12.267907,51.371758],[12.267856,51.372219],[12.267815,51.372352],[12.267742,51.372483],[12.267728,51.372591],[12.267739,51.372705],[12.267835,51.372775],[12.267972,51.37279],[12.268232,51.372808],[12.268377,51.372873],[12.268678,51.372878],[12.268964,51.372824],[12.269509,51.372756],[12.269842,51.372692],[12.270129,51.372638],[12.270555,51.372556],[12.272962,51.372091],[12.273198,51.372044],[12.27357,51.372015],[12.273753,51.371955],[12.273909,51.371906],[12.274,51.371819],[12.273966,51.371654],[12.273923,51.371613],[12.273792,51.371525],[12.273645,51.371428],[12.27361,51.371404],[12.273512,51.371382],[12.273302,51.371375],[12.273197,51.371401],[12.273144,51.371457],[12.272928,51.371526],[12.272801,51.371534],[12.272736,51.371515],[12.27264,51.371462],[12.272614,51.371412],[12.272612,51.371368],[12.272655,51.371261],[12.272699,51.371252],[12.272738,51.371269],[12.273046,51.371307],[12.273279,51.371338],[12.273528,51.371323],[12.27368,51.371287],[12.273762,51.371213],[12.273813,51.371092],[12.273573,51.370966],[12.273289,51.370816],[12.273234,51.370647],[12.273663,51.370255],[12.273834,51.370225],[12.27399,51.370177],[12.274057,51.37002],[12.274044,51.369673],[12.274046,51.369671],[12.274092,51.369625],[12.274334,51.36956],[12.274569,51.369588],[12.27558,51.370067],[12.275782,51.370077],[12.275986,51.369993],[12.276361,51.369396],[12.276312,51.369314],[12.275973,51.369038],[12.275767,51.368963],[12.275488,51.36894],[12.275097,51.36903],[12.275125,51.3688],[12.27516,51.36876],[12.275381,51.368511],[12.275562,51.368475],[12.275586,51.368497],[12.275765,51.368678],[12.275905,51.368795],[12.276366,51.36916],[12.276371,51.369164],[12.276376,51.369168],[12.276379,51.36917],[12.276418,51.369202],[12.27648,51.369253],[12.276884,51.369645],[12.277112,51.369867],[12.277374,51.370129],[12.27742,51.370188],[12.277602,51.37004],[12.277658,51.36981],[12.278544,51.369725],[12.278881,51.369742],[12.278931,51.36977],[12.279394,51.369759],[12.279632,51.369807],[12.279849,51.369716],[12.279809,51.369552],[12.279617,51.36925],[12.27975,51.369184],[12.280069,51.369025],[12.280081,51.369026],[12.280239,51.369045],[12.280561,51.369086],[12.28072,51.36907],[12.280867,51.36905],[12.280979,51.369048],[12.281056,51.369046],[12.281392,51.369038],[12.281924,51.369026],[12.281961,51.369025],[12.282274,51.369003],[12.282562,51.368983],[12.28263,51.368977],[12.282816,51.368961],[12.282948,51.36895],[12.283176,51.368895],[12.283392,51.368869],[12.28373,51.368828],[12.283684,51.369049],[12.283638,51.36927],[12.283747,51.369338],[12.283755,51.369343],[12.283751,51.369345],[12.283833,51.369525],[12.283971,51.369643],[12.283999,51.369811],[12.28415,51.369959],[12.284227,51.370071],[12.284329,51.370131],[12.284448,51.370153],[12.284581,51.370156],[12.284854,51.370228],[12.285351,51.370212],[12.285443,51.370215],[12.285615,51.370239],[12.28592,51.370305],[12.285613,51.370573],[12.2856,51.370589],[12.285536,51.370668],[12.285483,51.370778],[12.285471,51.370804],[12.285439,51.370935],[12.285368,51.371054],[12.285338,51.37126],[12.28537,51.371292],[12.285462,51.371324],[12.285468,51.371326],[12.285509,51.371341],[12.285525,51.371355],[12.285617,51.37144],[12.285645,51.371474],[12.285647,51.371509],[12.285621,51.371659],[12.285655,51.371709],[12.285716,51.371749],[12.285763,51.371827],[12.285748,51.371919],[12.285806,51.371979],[12.285958,51.371977],[12.286048,51.372017],[12.286107,51.372062],[12.286112,51.372065],[12.286154,51.372073],[12.286336,51.372106],[12.286576,51.372106],[12.286657,51.372222],[12.286716,51.372364],[12.286721,51.372377],[12.286782,51.372529],[12.286884,51.372531],[12.286971,51.372542],[12.287105,51.372572],[12.287198,51.372581],[12.287274,51.372601],[12.287349,51.37261],[12.287438,51.372615],[12.287526,51.372625],[12.28763,51.372647],[12.287697,51.37266],[12.287763,51.372675],[12.287858,51.372716],[12.287922,51.372747],[12.288031,51.372792],[12.28812,51.372833],[12.288173,51.372855],[12.28826,51.372932],[12.288353,51.372967],[12.28835,51.372998],[12.288333,51.373163],[12.288325,51.37324],[12.288276,51.373448],[12.288274,51.373457],[12.288194,51.373668],[12.288047,51.373927],[12.288056,51.373977],[12.288108,51.374235],[12.288207,51.374346],[12.28836,51.374592],[12.288461,51.374835],[12.288543,51.375034],[12.28889,51.375246],[12.289074,51.375348],[12.289337,51.375648],[12.289529,51.375439],[12.289575,51.375304],[12.28971,51.375137],[12.289918,51.375022],[12.290414,51.374918],[12.29061,51.374847],[12.290879,51.374799],[12.291046,51.374784],[12.291043,51.374764],[12.290997,51.374501],[12.29094,51.374411],[12.290965,51.37433],[12.291009,51.37429],[12.291022,51.374253],[12.291084,51.374162],[12.291131,51.374063],[12.291179,51.373966],[12.291219,51.373833],[12.291275,51.373789],[12.291369,51.373755],[12.291434,51.373717],[12.291546,51.373662],[12.291598,51.37359],[12.291684,51.373533],[12.291729,51.373458],[12.291732,51.373454],[12.291796,51.373386],[12.291848,51.373362],[12.291964,51.373332],[12.292093,51.373285],[12.292105,51.37328],[12.292273,51.373164],[12.292436,51.37312],[12.292587,51.373046],[12.29274,51.373007],[12.292818,51.372989],[12.293113,51.372927],[12.293685,51.372832],[12.293701,51.372829],[12.293885,51.372793],[12.293938,51.372782],[12.294657,51.372839],[12.294885,51.37287],[12.295165,51.372972],[12.295205,51.372987],[12.295205,51.372983],[12.295266,51.372611],[12.295306,51.372352],[12.295314,51.372324],[12.295369,51.372128],[12.29556,51.371774],[12.295571,51.371754],[12.295593,51.371713],[12.295643,51.371621],[12.295734,51.371453],[12.29577,51.371384],[12.295954,51.371443],[12.29611,51.371397],[12.296299,51.371354],[12.296447,51.371331],[12.296548,51.371318],[12.29681,51.371328],[12.297055,51.371442],[12.297261,51.371464],[12.297549,51.371482],[12.297871,51.371601],[12.298015,51.37186],[12.298019,51.37187],[12.298039,51.371918],[12.298081,51.372016],[12.298087,51.372029],[12.298153,51.372118],[12.298222,51.372211],[12.298317,51.372258],[12.298494,51.372276],[12.29853,51.37228],[12.298563,51.372283],[12.298577,51.372282],[12.298791,51.372261],[12.299042,51.372205],[12.299148,51.372091],[12.299154,51.372085],[12.299135,51.371983],[12.299126,51.371937],[12.299123,51.371924],[12.299221,51.371658],[12.29958,51.371581],[12.299812,51.371543],[12.299907,51.371443],[12.29997,51.371377],[12.30009,51.37135],[12.300204,51.371315],[12.300297,51.371287],[12.300542,51.371242],[12.300557,51.371239],[12.300714,51.371215],[12.300736,51.371208],[12.300825,51.371181],[12.30096,51.371121],[12.301006,51.371051],[12.301144,51.370863],[12.301143,51.37069],[12.301257,51.370583],[12.301631,51.370507],[12.301833,51.370508],[12.302061,51.370574],[12.302235,51.370674],[12.302313,51.37075],[12.3024,51.370867],[12.302431,51.371016],[12.302468,51.371189],[12.302389,51.371306],[12.302364,51.371344],[12.302364,51.37135],[12.302373,51.371471],[12.302396,51.371668],[12.302442,51.371751],[12.302524,51.371794],[12.30265,51.371732],[12.302823,51.371672],[12.303113,51.371578],[12.303269,51.371599],[12.303383,51.371663],[12.30359,51.371705],[12.303716,51.371765],[12.303773,51.371834],[12.303815,51.371868],[12.303862,51.371972],[12.304011,51.372057],[12.304032,51.372069],[12.304067,51.372093],[12.304229,51.372206],[12.30425,51.372235],[12.304378,51.372411],[12.304382,51.372634],[12.304427,51.372785],[12.304514,51.372975],[12.304471,51.373245],[12.304625,51.373141],[12.304968,51.373193],[12.304968,51.373193],[12.304968,51.373193],[12.30506,51.373207],[12.305398,51.373217],[12.305399,51.373217],[12.305793,51.373237],[12.306042,51.373259],[12.307008,51.37344],[12.30728,51.373514],[12.307739,51.373616],[12.307969,51.373643],[12.30812,51.373695],[12.30812,51.373695],[12.308367,51.37377],[12.308512,51.373842],[12.308591,51.373918],[12.308702,51.374103],[12.308686,51.374291],[12.308627,51.374374],[12.308515,51.374452],[12.308294,51.374593],[12.308226,51.374642],[12.308034,51.374729],[12.307743,51.374963],[12.307851,51.375024],[12.307865,51.375043],[12.307969,51.375188],[12.307922,51.375243],[12.307874,51.375302],[12.306842,51.375552],[12.306767,51.375567],[12.306727,51.37557],[12.306751,51.375611],[12.306759,51.375663],[12.307062,51.376144],[12.307051,51.376172],[12.306714,51.376458],[12.306725,51.376494],[12.306766,51.376607],[12.306776,51.376634],[12.306914,51.376864],[12.307004,51.377015],[12.307077,51.377135],[12.307106,51.377184],[12.307118,51.377203],[12.307191,51.377359],[12.307347,51.377688],[12.307366,51.377727],[12.307499,51.377752],[12.30753,51.377758],[12.307761,51.377802],[12.308174,51.377719],[12.308179,51.377718],[12.308244,51.377705],[12.308742,51.377604],[12.309393,51.377491],[12.309422,51.377486],[12.309951,51.377387],[12.310272,51.377328],[12.310792,51.37723],[12.311259,51.377139],[12.311339,51.377126],[12.31134,51.377125],[12.311456,51.377106],[12.311942,51.377023],[12.312658,51.376876],[12.313468,51.380205],[12.313476,51.380239],[12.313479,51.380253],[12.314029,51.382512],[12.31403,51.382516],[12.314059,51.382634],[12.314201,51.382607],[12.314612,51.382528],[12.314652,51.382678],[12.314699,51.382855],[12.314443,51.38312],[12.314444,51.383158],[12.314448,51.383177],[12.314588,51.3846],[12.314605,51.384749],[12.314606,51.384755],[12.314606,51.38476],[12.314621,51.384891],[12.314624,51.384913],[12.314643,51.385085],[12.314644,51.385093],[12.314668,51.385299],[12.314691,51.385486],[12.314717,51.385707],[12.314755,51.386027],[12.314648,51.386033],[12.313448,51.386083],[12.312766,51.386146],[12.312749,51.38615],[12.311905,51.386767],[12.311207,51.387265],[12.310926,51.387277],[12.310399,51.387312],[12.309658,51.38735],[12.309478,51.387409],[12.308723,51.38766],[12.308176,51.387845],[12.307331,51.388114],[12.307349,51.388141],[12.306789,51.388326],[12.306765,51.388298],[12.306758,51.388289],[12.306531,51.388007],[12.304806,51.388606],[12.304567,51.388685],[12.302993,51.389209],[12.30299,51.389495],[12.302985,51.389581],[12.302967,51.390448],[12.302967,51.390452],[12.302967,51.390458],[12.301647,51.390542],[12.300102,51.390641],[12.299979,51.390653],[12.299975,51.390653],[12.29996,51.390655],[12.299072,51.390742],[12.298282,51.39082],[12.298276,51.390831],[12.298261,51.390859],[12.298259,51.390862],[12.298259,51.390863],[12.298259,51.390863],[12.298259,51.390863],[12.298115,51.391133],[12.297869,51.391525],[12.297806,51.391665],[12.297805,51.391781],[12.297866,51.392029],[12.297915,51.392153],[12.29794,51.392219],[12.298259,51.392793],[12.298553,51.393234],[12.298734,51.393484],[12.298768,51.39353],[12.29877,51.393532],[12.298772,51.393536],[12.298794,51.393566],[12.298932,51.393756],[12.299084,51.39395],[12.299271,51.394191],[12.299566,51.394562],[12.299769,51.394816],[12.299909,51.395043],[12.299999,51.395196],[12.300025,51.395238],[12.300046,51.395275],[12.300328,51.395748],[12.300647,51.396307],[12.300666,51.396342],[12.300971,51.396996],[12.30103,51.397123],[12.301238,51.397602],[12.301474,51.398142],[12.301477,51.398148],[12.301748,51.398776],[12.301803,51.398904],[12.301827,51.398947],[12.301838,51.398966],[12.301854,51.398994],[12.301867,51.399006],[12.301895,51.399013],[12.302095,51.398913],[12.302259,51.398867],[12.3027,51.398805],[12.302964,51.398776],[12.304251,51.398657],[12.305197,51.398563],[12.30602,51.398501],[12.307234,51.398402],[12.308012,51.398354],[12.308785,51.398331],[12.309529,51.398316],[12.311295,51.398283],[12.312638,51.398286],[12.313669,51.398294],[12.314075,51.398285],[12.314866,51.398283],[12.315337,51.398313],[12.315488,51.398322],[12.315485,51.398339],[12.31548,51.398367],[12.315402,51.398692],[12.315359,51.398949],[12.315314,51.399209],[12.315262,51.399513],[12.315225,51.399737],[12.315184,51.399752],[12.315151,51.399962],[12.315132,51.400059],[12.315088,51.400288],[12.315044,51.400531],[12.315033,51.400598],[12.315001,51.400773],[12.314922,51.401179],[12.314841,51.401584],[12.314773,51.402212],[12.314723,51.402497],[12.31465,51.402908],[12.314643,51.402944],[12.314633,51.403001],[12.31457,51.403364],[12.31455,51.403772],[12.314486,51.404122],[12.314412,51.404523],[12.314289,51.405186],[12.314283,51.405217],[12.314264,51.405319],[12.314248,51.405598],[12.314244,51.40568],[12.314227,51.405982],[12.314215,51.406204],[12.314205,51.406398],[12.314171,51.406571],[12.314139,51.406763],[12.314139,51.406764],[12.314138,51.406767],[12.314133,51.4068],[12.314045,51.407276],[12.314042,51.407305],[12.314029,51.407365],[12.314013,51.407454],[12.314008,51.407486],[12.313986,51.40761],[12.313984,51.407622],[12.313977,51.407658],[12.31392,51.407982],[12.313867,51.40828],[12.31381,51.408589],[12.313807,51.408607],[12.313797,51.408664],[12.313792,51.40869],[12.313609,51.409694],[12.313605,51.409716],[12.313549,51.410027],[12.313527,51.410145],[12.313488,51.410369],[12.313422,51.410742],[12.313418,51.410766],[12.313335,51.411233],[12.313268,51.411605],[12.313259,51.411659],[12.313222,51.411835],[12.313135,51.412251],[12.313045,51.412733],[12.31296,51.413146],[12.312966,51.413183],[12.313054,51.413287],[12.312997,51.413594],[12.312982,51.413676],[12.312973,51.413726],[12.31292,51.413977],[12.31291,51.414035],[12.312887,51.414165],[12.31282,51.414549],[12.312798,51.414677],[12.312781,51.414749],[12.312716,51.415031],[12.312704,51.415087],[12.312698,51.415117],[12.312657,51.415117],[12.311444,51.415154],[12.310784,51.415174],[12.310138,51.415194],[12.309983,51.415325],[12.309819,51.415289],[12.309604,51.415293],[12.30952,51.415213],[12.308386,51.415246],[12.308067,51.415433],[12.307819,51.415579],[12.307648,51.415506],[12.307653,51.415503],[12.307728,51.415458],[12.30774,51.41535],[12.30768,51.415268],[12.307011,51.415292],[12.306912,51.415295],[12.306554,51.415308],[12.305628,51.415341],[12.305541,51.415343],[12.303664,51.415383],[12.303396,51.415388],[12.301894,51.415435],[12.301306,51.415454],[12.300537,51.415503],[12.299643,51.415583],[12.299503,51.415593],[12.299483,51.415594],[12.299356,51.415594],[12.29934,51.415584],[12.299222,51.415504],[12.297945,51.415544],[12.29645,51.415588],[12.295284,51.415629],[12.294014,51.415673],[12.293103,51.415709],[12.292117,51.415747],[12.292089,51.415748],[12.29204,51.415749],[12.29095,51.415772],[12.290035,51.415804],[12.28931,51.415835],[12.288966,51.41585],[12.287987,51.415898],[12.287257,51.415943],[12.286301,51.41601],[12.285564,51.416067],[12.285369,51.416081],[12.284337,51.416174],[12.284329,51.416173],[12.283419,51.41626],[12.282543,51.416347],[12.28237,51.416367],[12.281632,51.416453],[12.28164,51.416456],[12.281878,51.416552],[12.281594,51.416518],[12.28135,51.416507],[12.281305,51.416505],[12.280167,51.416644],[12.279463,51.416728],[12.279326,51.416748],[12.279102,51.416813],[12.278899,51.416889],[12.278811,51.416932],[12.278556,51.417058],[12.278402,51.417099],[12.278275,51.417081],[12.278205,51.417045],[12.278117,51.416998],[12.277991,51.417012],[12.277873,51.416931],[12.276363,51.417135]]]}},{"type":"Feature","id":"leipzig-83","properties":{"city":"Leipzig","state":"Sachsen","code":"83","name":"Lindenthal","name_atlas":"Lindenthal","population_est":6753,"crime_total":{"cases":327,"rate":4842.0},"homicide":{"cases":0,"rate":0.0},"sexual":{"cases":12,"rate":177.7},"violence_proxy":{"cases":39,"rate":577.5},"property_total":{"cases":149,"rate":2206.4},"simple_theft":{"cases":37,"rate":547.9},"aggravated_theft":{"cases":112,"rate":1658.5},"fraud":{"cases":38,"rate":562.7},"other_stgb":{"cases":80,"rate":1184.7},"secondary_law":{"cases":9,"rate":133.3}},"geometry":{"type":"Polygon","coordinates":[[[12.33191,51.419523],[12.331728,51.41955],[12.331682,51.419557],[12.33106,51.419502],[12.330507,51.419448],[12.330018,51.419397],[12.32972,51.419365],[12.329507,51.419342],[12.329281,51.419316],[12.328762,51.419274],[12.328368,51.419274],[12.327994,51.419281],[12.327551,51.419301],[12.327246,51.419271],[12.327067,51.41927],[12.326935,51.419269],[12.326706,51.419271],[12.326052,51.41932],[12.326051,51.4193],[12.326051,51.419295],[12.325948,51.419304],[12.325923,51.419307],[12.325905,51.419308],[12.325788,51.419303],[12.325724,51.419301],[12.325635,51.419297],[12.325595,51.419296],[12.325156,51.419289],[12.324995,51.419283],[12.324885,51.41929],[12.324853,51.419291],[12.32482,51.419293],[12.324664,51.419302],[12.323786,51.419231],[12.322541,51.419089],[12.321918,51.419021],[12.32063,51.41886],[12.320503,51.418848],[12.31999,51.4188],[12.318979,51.41869],[12.318955,51.418686],[12.318919,51.418679],[12.318872,51.418671],[12.318553,51.418666],[12.318483,51.418712],[12.318225,51.418732],[12.317935,51.418729],[12.317668,51.418725],[12.317576,51.418723],[12.317531,51.418727],[12.317504,51.4188],[12.317497,51.41882],[12.316813,51.418719],[12.31596,51.41864],[12.315453,51.418597],[12.315114,51.41856],[12.314289,51.418451],[12.313708,51.418339],[12.313272,51.418228],[12.31269,51.41806],[12.312487,51.41799],[12.311959,51.417783],[12.312074,51.417547],[12.312244,51.417111],[12.312331,51.416831],[12.312413,51.416451],[12.31257,51.415624],[12.312637,51.415388],[12.312656,51.415303],[12.312698,51.415117],[12.312704,51.415087],[12.312716,51.415031],[12.312781,51.414749],[12.312798,51.414677],[12.31282,51.414549],[12.312887,51.414165],[12.31291,51.414035],[12.31292,51.413977],[12.312973,51.413726],[12.312982,51.413676],[12.312997,51.413594],[12.313054,51.413287],[12.312966,51.413183],[12.31296,51.413146],[12.313045,51.412733],[12.313135,51.412251],[12.313222,51.411835],[12.313259,51.411659],[12.313268,51.411605],[12.313335,51.411233],[12.313418,51.410766],[12.313422,51.410742],[12.313488,51.410369],[12.313527,51.410145],[12.313549,51.410027],[12.313605,51.409716],[12.313609,51.409694],[12.313792,51.40869],[12.313797,51.408664],[12.313807,51.408607],[12.31381,51.408589],[12.313867,51.40828],[12.31392,51.407982],[12.313977,51.407658],[12.313984,51.407622],[12.313986,51.40761],[12.314008,51.407486],[12.314013,51.407454],[12.314029,51.407365],[12.314042,51.407305],[12.314045,51.407276],[12.314133,51.4068],[12.314138,51.406767],[12.314139,51.406764],[12.314139,51.406763],[12.314171,51.406571],[12.314205,51.406398],[12.314215,51.406204],[12.314227,51.405982],[12.314244,51.40568],[12.314248,51.405598],[12.314264,51.405319],[12.314283,51.405217],[12.314289,51.405186],[12.314412,51.404523],[12.314486,51.404122],[12.31455,51.403772],[12.31457,51.403364],[12.314633,51.403001],[12.314643,51.402944],[12.31465,51.402908],[12.314723,51.402497],[12.314773,51.402212],[12.314841,51.401584],[12.314922,51.401179],[12.315001,51.400773],[12.315033,51.400598],[12.315044,51.400531],[12.315088,51.400288],[12.315132,51.400059],[12.315151,51.399962],[12.315184,51.399752],[12.315225,51.399737],[12.315262,51.399513],[12.315314,51.399209],[12.315359,51.398949],[12.315402,51.398692],[12.31548,51.398367],[12.315485,51.398339],[12.315488,51.398322],[12.315337,51.398313],[12.314866,51.398283],[12.314075,51.398285],[12.313669,51.398294],[12.312638,51.398286],[12.311295,51.398283],[12.309529,51.398316],[12.308785,51.398331],[12.308012,51.398354],[12.307234,51.398402],[12.30602,51.398501],[12.305197,51.398563],[12.304251,51.398657],[12.302964,51.398776],[12.3027,51.398805],[12.302259,51.398867],[12.302095,51.398913],[12.301895,51.399013],[12.301867,51.399006],[12.301854,51.398994],[12.301838,51.398966],[12.301827,51.398947],[12.301803,51.398904],[12.301748,51.398776],[12.301477,51.398148],[12.301474,51.398142],[12.301238,51.397602],[12.30103,51.397123],[12.300971,51.396996],[12.300666,51.396342],[12.300647,51.396307],[12.300328,51.395748],[12.300046,51.395275],[12.300025,51.395238],[12.299999,51.395196],[12.299909,51.395043],[12.299769,51.394816],[12.299566,51.394562],[12.299271,51.394191],[12.299084,51.39395],[12.298932,51.393756],[12.298794,51.393566],[12.298772,51.393536],[12.29877,51.393532],[12.298768,51.39353],[12.298734,51.393484],[12.298553,51.393234],[12.298259,51.392793],[12.29794,51.392219],[12.297915,51.392153],[12.297866,51.392029],[12.297805,51.391781],[12.297806,51.391665],[12.297869,51.391525],[12.298115,51.391133],[12.298259,51.390863],[12.298259,51.390863],[12.298259,51.390863],[12.298259,51.390862],[12.298261,51.390859],[12.298276,51.390831],[12.298282,51.39082],[12.299072,51.390742],[12.29996,51.390655],[12.299975,51.390653],[12.299979,51.390653],[12.300102,51.390641],[12.301647,51.390542],[12.302967,51.390458],[12.302967,51.390452],[12.302967,51.390448],[12.302985,51.389581],[12.30299,51.389495],[12.302993,51.389209],[12.304567,51.388685],[12.304806,51.388606],[12.306531,51.388007],[12.306758,51.388289],[12.306765,51.388298],[12.306789,51.388326],[12.307349,51.388141],[12.307331,51.388114],[12.308176,51.387845],[12.308723,51.38766],[12.309478,51.387409],[12.309658,51.38735],[12.310399,51.387312],[12.310926,51.387277],[12.311207,51.387265],[12.311905,51.386767],[12.312749,51.38615],[12.312766,51.386146],[12.313448,51.386083],[12.314648,51.386033],[12.314755,51.386027],[12.314717,51.385707],[12.314691,51.385486],[12.314668,51.385299],[12.314644,51.385093],[12.314643,51.385085],[12.315079,51.38513],[12.315426,51.385165],[12.315498,51.385174],[12.315518,51.385176],[12.315523,51.385177],[12.315529,51.385177],[12.31553,51.385177],[12.315622,51.385189],[12.315973,51.385175],[12.315959,51.385001],[12.316162,51.384865],[12.316349,51.384857],[12.316412,51.384854],[12.316457,51.384757],[12.316468,51.384733],[12.316629,51.384727],[12.317079,51.38471],[12.31728,51.384754],[12.317299,51.384721],[12.31732,51.384685],[12.317363,51.384696],[12.317365,51.384697],[12.317366,51.384697],[12.317388,51.384703],[12.317449,51.384719],[12.317451,51.384716],[12.317463,51.384692],[12.317488,51.384651],[12.317491,51.384651],[12.317558,51.384667],[12.317639,51.384686],[12.317807,51.384724],[12.317831,51.384731],[12.317981,51.384726],[12.318102,51.384722],[12.318099,51.384695],[12.31831,51.384687],[12.318374,51.384685],[12.3186,51.384677],[12.318765,51.384671],[12.31879,51.38467],[12.31904,51.384689],[12.31904,51.384687],[12.319055,51.384605],[12.319141,51.384611],[12.319147,51.384612],[12.319148,51.384612],[12.319226,51.384618],[12.319242,51.384533],[12.319411,51.384546],[12.319558,51.384557],[12.319563,51.384555],[12.319692,51.384499],[12.319662,51.384449],[12.319809,51.384391],[12.320175,51.384247],[12.320211,51.384232],[12.320245,51.384218],[12.320249,51.384216],[12.320272,51.384207],[12.320277,51.384205],[12.320277,51.384205],[12.320319,51.384187],[12.320384,51.384159],[12.32074,51.38402],[12.320883,51.383961],[12.320968,51.383927],[12.321111,51.383873],[12.321311,51.383794],[12.321462,51.383734],[12.321633,51.38367],[12.321681,51.383624],[12.321836,51.383475],[12.322078,51.383494],[12.322086,51.383454],[12.32218,51.383461],[12.322243,51.383465],[12.322251,51.383426],[12.322562,51.38345],[12.322714,51.382789],[12.322804,51.382823],[12.323029,51.382892],[12.323054,51.3829],[12.323081,51.382908],[12.323102,51.382915],[12.323146,51.382928],[12.323149,51.382929],[12.323201,51.382943],[12.323414,51.383002],[12.323582,51.383],[12.323629,51.383],[12.323664,51.382999],[12.323791,51.382988],[12.323799,51.382987],[12.32386,51.382978],[12.324037,51.382953],[12.324085,51.382947],[12.324312,51.382917],[12.324539,51.382888],[12.324766,51.382858],[12.324911,51.38284],[12.32499,51.382823],[12.325208,51.382778],[12.325426,51.382732],[12.325644,51.382687],[12.325728,51.382669],[12.325809,51.38265],[12.326106,51.382581],[12.326128,51.382577],[12.326158,51.382567],[12.326158,51.382567],[12.326185,51.382559],[12.326504,51.382462],[12.326644,51.38243],[12.326731,51.38241],[12.326817,51.38239],[12.326819,51.38239],[12.327012,51.382359],[12.327028,51.382357],[12.32717,51.382341],[12.327191,51.382338],[12.327235,51.382333],[12.327336,51.382324],[12.327379,51.382321],[12.327382,51.38232],[12.327385,51.38232],[12.327568,51.382302],[12.327697,51.38229],[12.327975,51.382255],[12.328015,51.38225],[12.328155,51.382233],[12.328386,51.382195],[12.328627,51.382157],[12.329099,51.382078],[12.329258,51.38203],[12.329555,51.381946],[12.329561,51.381944],[12.329598,51.381937],[12.329775,51.381903],[12.330029,51.381857],[12.330317,51.381793],[12.330401,51.381769],[12.330476,51.381732],[12.330567,51.381667],[12.330623,51.381644],[12.33065,51.381632],[12.330692,51.381623],[12.330699,51.381622],[12.330702,51.381621],[12.330729,51.381616],[12.330755,51.381611],[12.330781,51.381605],[12.331058,51.381577],[12.331294,51.381565],[12.331408,51.381561],[12.331594,51.381549],[12.33184,51.381534],[12.331894,51.38153],[12.331898,51.38153],[12.331904,51.38153],[12.331904,51.38153],[12.331904,51.38153],[12.331954,51.381527],[12.332008,51.381524],[12.332501,51.381504],[12.332526,51.381502],[12.332741,51.381499],[12.332945,51.381502],[12.332991,51.381502],[12.333106,51.381502],[12.333449,51.381501],[12.33345,51.381501],[12.333562,51.381498],[12.333601,51.381497],[12.333788,51.381491],[12.334061,51.381503],[12.334157,51.381509],[12.334208,51.381513],[12.334213,51.381513],[12.334228,51.381514],[12.334273,51.381517],[12.334406,51.381525],[12.334491,51.381526],[12.334727,51.381529],[12.334985,51.381534],[12.334997,51.381534],[12.335079,51.381532],[12.335237,51.38153],[12.335281,51.38153],[12.335299,51.381529],[12.33533,51.381528],[12.335346,51.381528],[12.33579,51.381521],[12.335803,51.381521],[12.335824,51.381521],[12.335837,51.381521],[12.335847,51.38152],[12.335896,51.381519],[12.336023,51.381518],[12.336085,51.381518],[12.336381,51.381514],[12.336448,51.381514],[12.336816,51.381516],[12.336861,51.381517],[12.336879,51.381517],[12.33688,51.381517],[12.336899,51.381518],[12.336935,51.381519],[12.337199,51.381529],[12.337494,51.381539],[12.337841,51.381551],[12.337964,51.381561],[12.338417,51.381598],[12.338645,51.381619],[12.338804,51.381634],[12.338976,51.381648],[12.33919,51.381665],[12.339503,51.381685],[12.339821,51.381697],[12.339916,51.381694],[12.340365,51.381679],[12.340374,51.381678],[12.340391,51.381678],[12.340736,51.381666],[12.34077,51.381664],[12.340991,51.38165],[12.340993,51.38165],[12.341001,51.381652],[12.341046,51.381651],[12.341104,51.381649],[12.341407,51.381638],[12.341443,51.381635],[12.341701,51.381617],[12.341706,51.381617],[12.342299,51.381576],[12.342335,51.381748],[12.342357,51.381838],[12.342373,51.381906],[12.342372,51.381909],[12.34231,51.382272],[12.342306,51.382299],[12.342284,51.382423],[12.342222,51.382803],[12.342204,51.382908],[12.342125,51.383375],[12.343171,51.383455],[12.343643,51.383489],[12.344187,51.383526],[12.344588,51.383557],[12.344884,51.383579],[12.345378,51.383615],[12.345423,51.383841],[12.34545,51.383981],[12.345567,51.384588],[12.345642,51.38497],[12.345939,51.38496],[12.346022,51.385381],[12.346306,51.385363],[12.346585,51.38535],[12.347141,51.385324],[12.347293,51.385321],[12.347363,51.38532],[12.347383,51.385437],[12.347406,51.385597],[12.347732,51.3856],[12.34822,51.385604],[12.34827,51.385851],[12.348271,51.385857],[12.348356,51.386275],[12.348357,51.386277],[12.349031,51.386247],[12.349092,51.386244],[12.349111,51.386243],[12.349197,51.38624],[12.349305,51.386167],[12.349324,51.386154],[12.349348,51.386138],[12.349368,51.386125],[12.349438,51.386077],[12.349481,51.386048],[12.3495,51.386035],[12.349493,51.38605],[12.349488,51.386066],[12.349379,51.386399],[12.349366,51.386438],[12.34936,51.386455],[12.34934,51.386516],[12.349333,51.386539],[12.349317,51.386588],[12.349292,51.386663],[12.349363,51.38668],[12.349482,51.386709],[12.349981,51.386828],[12.350073,51.386849],[12.350095,51.386855],[12.350478,51.386958],[12.350589,51.386986],[12.350676,51.387008],[12.350746,51.38703],[12.351058,51.38712],[12.351127,51.387147],[12.35113,51.387149],[12.351142,51.387154],[12.351155,51.38716],[12.35119,51.387176],[12.351348,51.387238],[12.351578,51.387333],[12.351733,51.387399],[12.351909,51.387469],[12.352001,51.38751],[12.352164,51.387578],[12.352185,51.387586],[12.35223,51.387608],[12.352493,51.387731],[12.352588,51.387777],[12.352661,51.387808],[12.352772,51.387863],[12.353023,51.387993],[12.353014,51.388025],[12.352985,51.388124],[12.352942,51.388267],[12.352907,51.388389],[12.352895,51.38844],[12.352894,51.388444],[12.352863,51.388583],[12.352854,51.388623],[12.352828,51.388734],[12.35282,51.388768],[12.352815,51.388801],[12.3528,51.388886],[12.352784,51.38898],[12.352773,51.389039],[12.352751,51.389159],[12.352742,51.389204],[12.352731,51.389263],[12.352719,51.389337],[12.352716,51.389357],[12.352691,51.389516],[12.352674,51.389626],[12.352658,51.389731],[12.3526,51.390108],[12.352592,51.390142],[12.352591,51.39015],[12.352588,51.390181],[12.35258,51.390227],[12.352562,51.390332],[12.352555,51.39037],[12.352511,51.390633],[12.352488,51.390772],[12.352434,51.391119],[12.352398,51.391308],[12.352391,51.391348],[12.352389,51.391354],[12.352388,51.391358],[12.352383,51.39139],[12.352295,51.392024],[12.352226,51.392483],[12.352157,51.392918],[12.352134,51.393029],[12.35212,51.393116],[12.352086,51.39338],[12.35208,51.393424],[12.352037,51.393745],[12.352012,51.393935],[12.352019,51.39398],[12.35202,51.393987],[12.352017,51.394007],[12.352015,51.394019],[12.352014,51.394022],[12.351976,51.394234],[12.351969,51.394269],[12.351898,51.394664],[12.351854,51.394918],[12.351806,51.395246],[12.351771,51.395493],[12.351735,51.39574],[12.351699,51.395987],[12.351664,51.396232],[12.351634,51.396437],[12.351628,51.396473],[12.351628,51.396478],[12.351599,51.396661],[12.35156,51.396909],[12.351521,51.397157],[12.351473,51.397463],[12.351379,51.398063],[12.351369,51.398095],[12.351301,51.398328],[12.351274,51.398461],[12.351259,51.398568],[12.351185,51.399117],[12.351135,51.399361],[12.35108,51.399615],[12.351063,51.399671],[12.351484,51.399779],[12.352225,51.399984],[12.352454,51.400061],[12.35282,51.400244],[12.353284,51.400464],[12.353625,51.400622],[12.353667,51.400641],[12.354306,51.400866],[12.354391,51.400897],[12.354482,51.400945],[12.355359,51.401257],[12.355983,51.401432],[12.35687,51.401682],[12.357753,51.401906],[12.357857,51.401932],[12.358351,51.402058],[12.359641,51.402309],[12.36003,51.402377],[12.360151,51.402398],[12.360422,51.402431],[12.360816,51.402478],[12.360936,51.402493],[12.361213,51.402511],[12.361536,51.40253],[12.361608,51.402532],[12.361762,51.402535],[12.361922,51.402537],[12.362138,51.402529],[12.362481,51.402515],[12.362487,51.402515],[12.363045,51.402549],[12.363389,51.402601],[12.363528,51.402637],[12.363906,51.402735],[12.364177,51.402856],[12.364726,51.403266],[12.3649,51.403348],[12.365518,51.403488],[12.36554,51.403448],[12.365562,51.403407],[12.365739,51.403445],[12.366868,51.403686],[12.366962,51.403648],[12.367002,51.403632],[12.36698,51.403683],[12.366952,51.403751],[12.36695,51.403755],[12.366858,51.403819],[12.366823,51.403903],[12.366814,51.403987],[12.366763,51.404069],[12.365304,51.406266],[12.365264,51.406322],[12.364981,51.406723],[12.364926,51.406825],[12.364886,51.406888],[12.364883,51.406893],[12.364883,51.406893],[12.364881,51.406898],[12.364864,51.406925],[12.364781,51.40705],[12.364778,51.407055],[12.364584,51.40735],[12.364475,51.407516],[12.364465,51.40753],[12.364168,51.407983],[12.363864,51.408445],[12.362861,51.409973],[12.362637,51.410312],[12.362519,51.410493],[12.362458,51.410585],[12.362347,51.410754],[12.362347,51.410755],[12.362336,51.410772],[12.362062,51.411188],[12.36177,51.411633],[12.361762,51.411645],[12.361759,51.411649],[12.361742,51.411676],[12.359857,51.414544],[12.359814,51.414752],[12.359789,51.415329],[12.359789,51.415333],[12.359789,51.415339],[12.359809,51.41619],[12.35981,51.416465],[12.359872,51.417105],[12.359982,51.417694],[12.359982,51.417697],[12.359677,51.417695],[12.35959,51.417693],[12.359148,51.417683],[12.358618,51.417652],[12.358099,51.417627],[12.358001,51.417622],[12.357957,51.41762],[12.357859,51.417621],[12.356644,51.41762],[12.355321,51.417612],[12.354811,51.417612],[12.354217,51.417604],[12.354189,51.417765],[12.353429,51.417777],[12.352786,51.417761],[12.351889,51.417712],[12.351853,51.41771],[12.351826,51.417707],[12.350968,51.417593],[12.350274,51.417624],[12.350185,51.417628],[12.349254,51.417669],[12.347917,51.41773],[12.346406,51.417797],[12.344925,51.417862],[12.344463,51.417865],[12.343712,51.41787],[12.343682,51.41787],[12.343588,51.417871],[12.343287,51.417873],[12.343079,51.417875],[12.343046,51.417875],[12.342567,51.417878],[12.342052,51.417881],[12.341535,51.417884],[12.34135,51.417885],[12.340124,51.417946],[12.340054,51.417949],[12.340019,51.417951],[12.339941,51.417955],[12.339937,51.417955],[12.339842,51.417959],[12.339829,51.41796],[12.339302,51.417986],[12.338318,51.418036],[12.337113,51.418096],[12.336806,51.418111],[12.335093,51.418122],[12.335055,51.418122],[12.333379,51.418133],[12.333318,51.418434],[12.333306,51.418497],[12.333123,51.419567],[12.33282,51.419554],[12.331961,51.419515],[12.33191,51.419523]]]}},{"type":"Feature","id":"leipzig-90","properties":{"city":"Leipzig","state":"Sachsen","code":"90","name":"Gohlis-Süd","name_atlas":"Gohlis-Süd","population_est":18823,"crime_total":{"cases":1513,"rate":8038.0},"homicide":{"cases":1,"rate":5.3},"sexual":{"cases":25,"rate":132.8},"violence_proxy":{"cases":172,"rate":913.8},"property_total":{"cases":814,"rate":4324.5},"simple_theft":{"cases":441,"rate":2342.9},"aggravated_theft":{"cases":373,"rate":1981.6},"fraud":{"cases":221,"rate":1174.1},"other_stgb":{"cases":226,"rate":1200.7},"secondary_law":{"cases":54,"rate":286.9}},"geometry":{"type":"Polygon","coordinates":[[[12.378319,51.361482],[12.378207,51.361531],[12.377788,51.361713],[12.377533,51.361811],[12.377132,51.361957],[12.376656,51.362102],[12.376563,51.362133],[12.374667,51.362756],[12.373515,51.363145],[12.373296,51.363181],[12.372412,51.363413],[12.370551,51.364068],[12.369686,51.364358],[12.36956,51.3644],[12.369445,51.364439],[12.366508,51.365426],[12.366419,51.365458],[12.366263,51.365513],[12.362551,51.366803],[12.362121,51.36695],[12.361811,51.367056],[12.361639,51.367023],[12.361586,51.367013],[12.360153,51.366743],[12.359794,51.366677],[12.359145,51.366551],[12.358953,51.366513],[12.358431,51.366403],[12.357623,51.366211],[12.357052,51.366053],[12.356853,51.365991],[12.35611,51.36576],[12.355394,51.365521],[12.354492,51.365232],[12.354221,51.365145],[12.354186,51.365134],[12.354092,51.365103],[12.353922,51.365045],[12.353761,51.364991],[12.353277,51.364825],[12.352935,51.364698],[12.352484,51.364512],[12.351657,51.364149],[12.3509,51.363811],[12.349962,51.363383],[12.349637,51.363235],[12.349315,51.36307],[12.349025,51.362917],[12.348854,51.362843],[12.347871,51.362531],[12.346948,51.362275],[12.3469,51.362262],[12.346829,51.362242],[12.346327,51.362103],[12.345527,51.361932],[12.344425,51.361746],[12.343078,51.361588],[12.341955,51.361491],[12.341972,51.361415],[12.342022,51.361156],[12.342231,51.360948],[12.342362,51.360733],[12.342499,51.360601],[12.342621,51.360514],[12.342974,51.360307],[12.343198,51.360206],[12.343606,51.360077],[12.344112,51.359977],[12.344484,51.359913],[12.344645,51.359886],[12.344962,51.359784],[12.345052,51.359743],[12.345052,51.359743],[12.34535,51.359606],[12.345498,51.35954],[12.345781,51.359386],[12.345878,51.359333],[12.346128,51.359137],[12.346162,51.359103],[12.346536,51.35874],[12.346618,51.358658],[12.346748,51.358501],[12.346832,51.35834],[12.346898,51.358141],[12.346959,51.358022],[12.3473,51.357715],[12.347398,51.35763],[12.347739,51.357334],[12.347933,51.357202],[12.348019,51.357143],[12.348487,51.356888],[12.348724,51.356786],[12.349037,51.35668],[12.349399,51.356586],[12.349398,51.356586],[12.349688,51.356514],[12.349909,51.356467],[12.349986,51.356458],[12.35012,51.356452],[12.350284,51.356464],[12.350459,51.356519],[12.350698,51.35656],[12.350807,51.356581],[12.350941,51.356588],[12.351101,51.356585],[12.3513,51.356606],[12.351462,51.356648],[12.351536,51.356648],[12.351822,51.35662],[12.352054,51.356588],[12.352253,51.356556],[12.352533,51.356505],[12.352787,51.356449],[12.352925,51.356421],[12.35304,51.356391],[12.353238,51.356347],[12.353488,51.356242],[12.353704,51.35612],[12.35376,51.356101],[12.353831,51.356095],[12.353965,51.356109],[12.354044,51.356128],[12.354154,51.356161],[12.354287,51.356222],[12.354449,51.356301],[12.354583,51.356376],[12.354622,51.356404],[12.354692,51.356459],[12.354743,51.356494],[12.354832,51.356566],[12.354923,51.356637],[12.355056,51.356754],[12.355179,51.356836],[12.355255,51.356883],[12.355377,51.356941],[12.355518,51.357003],[12.355628,51.357027],[12.355723,51.357047],[12.355872,51.357075],[12.356097,51.357134],[12.356306,51.357173],[12.356605,51.35723],[12.357254,51.357351],[12.357381,51.357376],[12.357564,51.357384],[12.357715,51.357379],[12.357863,51.357365],[12.358021,51.357342],[12.358257,51.357294],[12.35839,51.35726],[12.358518,51.357218],[12.358667,51.357163],[12.359029,51.356995],[12.359254,51.356892],[12.359552,51.356757],[12.359583,51.356735],[12.359752,51.356617],[12.359835,51.356554],[12.360109,51.356311],[12.360292,51.35617],[12.36038,51.356112],[12.360494,51.35605],[12.360667,51.355968],[12.361447,51.355661],[12.36236,51.355303],[12.364167,51.354594],[12.364228,51.354658],[12.364247,51.354795],[12.364368,51.354816],[12.364471,51.35487],[12.364719,51.355015],[12.364963,51.355133],[12.365371,51.355274],[12.365779,51.355408],[12.36616,51.355103],[12.366894,51.354337],[12.368684,51.355209],[12.370001,51.355843],[12.370662,51.356172],[12.372084,51.356881],[12.373494,51.357559],[12.375774,51.358654],[12.37553,51.359087],[12.37526,51.359532],[12.375081,51.359769],[12.374908,51.35998],[12.375036,51.360051],[12.375861,51.360514],[12.375976,51.360583],[12.376698,51.360994],[12.376706,51.361001],[12.376849,51.361108],[12.376816,51.360977],[12.377312,51.360502],[12.37764,51.360812],[12.378319,51.361482]]]}},{"type":"Feature","id":"leipzig-91","properties":{"city":"Leipzig","state":"Sachsen","code":"91","name":"Gohlis-Mitte","name_atlas":"Gohlis-Mitte","population_est":18009,"crime_total":{"cases":671,"rate":3726.0},"homicide":{"cases":1,"rate":5.6},"sexual":{"cases":19,"rate":105.5},"violence_proxy":{"cases":88,"rate":488.6},"property_total":{"cases":242,"rate":1343.8},"simple_theft":{"cases":67,"rate":372.0},"aggravated_theft":{"cases":175,"rate":971.7},"fraud":{"cases":133,"rate":738.5},"other_stgb":{"cases":163,"rate":905.1},"secondary_law":{"cases":25,"rate":138.8}},"geometry":{"type":"Polygon","coordinates":[[[12.371454,51.371326],[12.371186,51.371334],[12.369189,51.371459],[12.36807,51.37157],[12.368064,51.37157],[12.366648,51.371647],[12.366643,51.371647],[12.365365,51.371725],[12.364792,51.371761],[12.364263,51.371794],[12.364049,51.37182],[12.363819,51.371876],[12.363491,51.371897],[12.36211,51.371987],[12.360632,51.372078],[12.35987,51.372123],[12.359555,51.372142],[12.358521,51.372207],[12.357916,51.372246],[12.356327,51.372351],[12.35629,51.37222],[12.356213,51.371851],[12.356061,51.371126],[12.356039,51.371023],[12.355923,51.370471],[12.35577,51.369743],[12.355678,51.369679],[12.355621,51.369558],[12.355572,51.369499],[12.355482,51.369451],[12.355673,51.369387],[12.355673,51.369386],[12.35578,51.36935],[12.355735,51.369156],[12.355624,51.369172],[12.355734,51.369135],[12.356575,51.368847],[12.359132,51.367975],[12.359422,51.367874],[12.359472,51.367857],[12.359529,51.367838],[12.359654,51.367798],[12.360641,51.367459],[12.361811,51.367056],[12.362121,51.36695],[12.362551,51.366803],[12.366263,51.365513],[12.366419,51.365458],[12.366508,51.365426],[12.369445,51.364439],[12.36956,51.3644],[12.369686,51.364358],[12.370551,51.364068],[12.372412,51.363413],[12.373296,51.363181],[12.373515,51.363145],[12.374667,51.362756],[12.376563,51.362133],[12.376656,51.362102],[12.377132,51.361957],[12.377533,51.361811],[12.377788,51.361713],[12.378207,51.361531],[12.378319,51.361482],[12.378951,51.362107],[12.379875,51.363029],[12.380383,51.363524],[12.380598,51.36374],[12.38088,51.364032],[12.38126,51.364477],[12.381401,51.364647],[12.381614,51.36494],[12.381823,51.365257],[12.381878,51.36535],[12.382097,51.365745],[12.382166,51.365895],[12.381158,51.366061],[12.380325,51.366192],[12.380388,51.366296],[12.380541,51.366632],[12.380616,51.366826],[12.380641,51.366899],[12.380677,51.366984],[12.380743,51.367174],[12.380794,51.367337],[12.380876,51.367662],[12.380937,51.367949],[12.380992,51.368387],[12.381006,51.36856],[12.381027,51.368846],[12.38103,51.369229],[12.381022,51.369457],[12.381007,51.369649],[12.380986,51.369784],[12.380956,51.370027],[12.380912,51.370259],[12.380851,51.370537],[12.380786,51.370756],[12.380701,51.371027],[12.380631,51.371206],[12.380547,51.37142],[12.380504,51.37153],[12.380422,51.371513],[12.3804,51.371509],[12.379336,51.371374],[12.379329,51.371373],[12.378429,51.371257],[12.377487,51.371137],[12.377228,51.371108],[12.377167,51.371105],[12.377099,51.371103],[12.37699,51.371104],[12.376794,51.37112],[12.376756,51.371123],[12.376038,51.371179],[12.375672,51.371218],[12.375626,51.371223],[12.373821,51.371375],[12.373339,51.371412],[12.372812,51.371411],[12.371941,51.371334],[12.371454,51.371326]]]}},{"type":"Feature","id":"leipzig-92","properties":{"city":"Leipzig","state":"Sachsen","code":"92","name":"Gohlis-Nord","name_atlas":"Gohlis-Nord","population_est":10340,"crime_total":{"cases":474,"rate":4584.0},"homicide":{"cases":0,"rate":0.0},"sexual":{"cases":20,"rate":193.4},"violence_proxy":{"cases":88,"rate":851.1},"property_total":{"cases":209,"rate":2021.3},"simple_theft":{"cases":110,"rate":1063.8},"aggravated_theft":{"cases":99,"rate":957.4},"fraud":{"cases":54,"rate":522.2},"other_stgb":{"cases":89,"rate":860.7},"secondary_law":{"cases":14,"rate":135.4}},"geometry":{"type":"Polygon","coordinates":[[[12.369584,51.384165],[12.369545,51.384165],[12.369494,51.38417],[12.369464,51.384178],[12.369415,51.384185],[12.369307,51.384192],[12.369287,51.384193],[12.369264,51.384193],[12.369248,51.384193],[12.369246,51.384193],[12.369174,51.384196],[12.369131,51.3842],[12.369095,51.384209],[12.369055,51.384221],[12.369005,51.38424],[12.368944,51.384266],[12.368906,51.384293],[12.368872,51.384311],[12.368763,51.384357],[12.368715,51.384368],[12.368655,51.384375],[12.368621,51.384383],[12.368552,51.384403],[12.368502,51.384418],[12.368425,51.384445],[12.368355,51.384464],[12.368324,51.384474],[12.368283,51.384479],[12.368232,51.384486],[12.368187,51.384492],[12.368159,51.384499],[12.368157,51.384499],[12.368148,51.384501],[12.368128,51.384506],[12.368121,51.384508],[12.368055,51.384536],[12.367954,51.384547],[12.36757,51.384548],[12.36736,51.384549],[12.366785,51.384548],[12.366675,51.38454],[12.366629,51.384537],[12.366615,51.384536],[12.366606,51.384536],[12.36659,51.384534],[12.36638,51.384516],[12.366239,51.3845],[12.366044,51.384469],[12.365989,51.384457],[12.365788,51.384414],[12.365428,51.384321],[12.365396,51.384313],[12.365378,51.384309],[12.36536,51.384304],[12.36485,51.384175],[12.364825,51.384169],[12.364631,51.384121],[12.364386,51.384063],[12.36426,51.384027],[12.36422,51.384012],[12.364219,51.384011],[12.364212,51.384009],[12.364204,51.384005],[12.364201,51.384004],[12.364168,51.383992],[12.364059,51.383943],[12.363967,51.383901],[12.363798,51.38382],[12.363631,51.383741],[12.363558,51.383709],[12.363512,51.383692],[12.363426,51.383667],[12.363359,51.383652],[12.363242,51.383618],[12.363151,51.38359],[12.363132,51.383584],[12.362981,51.38353],[12.362975,51.383528],[12.362968,51.383526],[12.362805,51.383468],[12.362592,51.383392],[12.362547,51.383376],[12.362299,51.383304],[12.362109,51.383248],[12.361908,51.383197],[12.361883,51.383191],[12.361847,51.383181],[12.361748,51.383156],[12.361556,51.383104],[12.361381,51.38305],[12.361286,51.38302],[12.361205,51.382998],[12.361133,51.382985],[12.361075,51.382973],[12.360891,51.382964],[12.360821,51.382958],[12.360763,51.382951],[12.360748,51.382949],[12.360681,51.382938],[12.360639,51.382926],[12.360632,51.382923],[12.360552,51.382894],[12.360529,51.38289],[12.360528,51.382889],[12.360527,51.382889],[12.360507,51.382884],[12.360485,51.382878],[12.360471,51.382874],[12.360457,51.382869],[12.36045,51.382866],[12.360443,51.382864],[12.360412,51.382851],[12.360352,51.382817],[12.360322,51.382806],[12.360297,51.38281],[12.360113,51.382893],[12.360053,51.382934],[12.359964,51.382995],[12.359932,51.383009],[12.359897,51.383014],[12.359701,51.38303],[12.359691,51.383032],[12.35951,51.383048],[12.359319,51.383054],[12.359299,51.38306],[12.358901,51.383085],[12.358841,51.383089],[12.358816,51.383088],[12.358803,51.383087],[12.358798,51.38309],[12.358656,51.383153],[12.358576,51.382748],[12.358484,51.382312],[12.358228,51.381158],[12.358172,51.380839],[12.358023,51.380047],[12.357882,51.379543],[12.357822,51.379504],[12.357808,51.379487],[12.357781,51.37945],[12.357765,51.379371],[12.357378,51.37748],[12.357119,51.3762],[12.356859,51.374994],[12.356826,51.374765],[12.356353,51.372534],[12.356327,51.372351],[12.357916,51.372246],[12.358521,51.372207],[12.359555,51.372142],[12.35987,51.372123],[12.360632,51.372078],[12.36211,51.371987],[12.363491,51.371897],[12.363819,51.371876],[12.364049,51.37182],[12.364263,51.371794],[12.364792,51.371761],[12.365365,51.371725],[12.366643,51.371647],[12.366648,51.371647],[12.368064,51.37157],[12.36807,51.37157],[12.369189,51.371459],[12.371186,51.371334],[12.371454,51.371326],[12.371941,51.371334],[12.372812,51.371411],[12.373339,51.371412],[12.373821,51.371375],[12.375626,51.371223],[12.375672,51.371218],[12.376038,51.371179],[12.376756,51.371123],[12.376794,51.37112],[12.37699,51.371104],[12.377099,51.371103],[12.377167,51.371105],[12.377228,51.371108],[12.377487,51.371137],[12.378429,51.371257],[12.379329,51.371373],[12.379336,51.371374],[12.3804,51.371509],[12.380422,51.371513],[12.380504,51.37153],[12.38047,51.371602],[12.380277,51.372127],[12.380076,51.372629],[12.380146,51.372648],[12.380746,51.372806],[12.38075,51.372861],[12.380754,51.372923],[12.380761,51.373032],[12.380793,51.37327],[12.380809,51.373418],[12.380818,51.373435],[12.380916,51.373608],[12.380984,51.373665],[12.380944,51.373687],[12.380919,51.373706],[12.380897,51.373725],[12.380872,51.37375],[12.380851,51.37378],[12.380834,51.373816],[12.380816,51.373843],[12.380799,51.373866],[12.380798,51.37389],[12.380799,51.37391],[12.3808,51.373919],[12.380802,51.373933],[12.380806,51.373953],[12.380817,51.373974],[12.380834,51.374007],[12.380844,51.37404],[12.380852,51.37407],[12.380856,51.37409],[12.380852,51.374115],[12.380842,51.37416],[12.380822,51.374226],[12.380814,51.374258],[12.380813,51.374276],[12.380812,51.374319],[12.380815,51.374399],[12.380812,51.374446],[12.380812,51.374447],[12.380797,51.37451],[12.380782,51.374548],[12.380757,51.374596],[12.38073,51.37464],[12.380709,51.37467],[12.380698,51.374698],[12.380696,51.37472],[12.380702,51.37475],[12.380703,51.374777],[12.380698,51.374815],[12.380693,51.374841],[12.38069,51.374859],[12.38069,51.374859],[12.38069,51.374883],[12.380693,51.3749],[12.380712,51.37494],[12.380737,51.374985],[12.380781,51.375063],[12.380798,51.375103],[12.380804,51.375124],[12.380808,51.375141],[12.380806,51.375161],[12.380799,51.375177],[12.380789,51.375193],[12.380757,51.375227],[12.380754,51.375238],[12.380752,51.375258],[12.380753,51.375298],[12.380751,51.375331],[12.380757,51.375348],[12.380805,51.3754],[12.380849,51.375427],[12.380918,51.375472],[12.380996,51.37552],[12.381073,51.375561],[12.381134,51.375593],[12.381246,51.375649],[12.381265,51.375661],[12.381292,51.375675],[12.381294,51.375684],[12.381313,51.375752],[12.381298,51.375793],[12.381259,51.375899],[12.381214,51.376033],[12.381143,51.376173],[12.3811,51.37624],[12.38106,51.376303],[12.381029,51.376346],[12.38037,51.376917],[12.380342,51.376952],[12.380274,51.377047],[12.380259,51.377082],[12.380262,51.377126],[12.380352,51.377441],[12.380396,51.377522],[12.380431,51.377616],[12.380442,51.377672],[12.380444,51.37769],[12.380452,51.377712],[12.380473,51.377735],[12.380705,51.377811],[12.380823,51.377847],[12.380949,51.377888],[12.381044,51.377911],[12.381108,51.377928],[12.381135,51.377938],[12.381146,51.377951],[12.381159,51.377963],[12.381191,51.377998],[12.38121,51.378024],[12.381214,51.378048],[12.381224,51.378131],[12.381223,51.378157],[12.38121,51.378202],[12.381151,51.378325],[12.3811,51.378415],[12.381037,51.378498],[12.381028,51.37852],[12.38101,51.378577],[12.381016,51.378619],[12.381137,51.37896],[12.38115,51.379022],[12.381159,51.37905],[12.38117,51.379073],[12.381203,51.379129],[12.381194,51.379157],[12.38117,51.379175],[12.381139,51.379186],[12.381042,51.379216],[12.380987,51.379229],[12.380954,51.379239],[12.380894,51.37926],[12.380789,51.379301],[12.380446,51.379445],[12.38038,51.379465],[12.38031,51.379493],[12.380212,51.379536],[12.380156,51.379567],[12.380082,51.37962],[12.379971,51.379728],[12.379921,51.379762],[12.37988,51.379783],[12.379847,51.379807],[12.379774,51.379902],[12.37971,51.379938],[12.379629,51.379964],[12.379571,51.379976],[12.37955,51.379975],[12.379514,51.379965],[12.379477,51.379932],[12.379414,51.379868],[12.379389,51.379846],[12.379341,51.379821],[12.379297,51.379812],[12.379297,51.379812],[12.379252,51.379803],[12.379237,51.379802],[12.379175,51.379799],[12.379149,51.379795],[12.379099,51.379801],[12.379035,51.379828],[12.378975,51.379856],[12.378912,51.379897],[12.378866,51.379924],[12.378827,51.379944],[12.378691,51.380005],[12.378605,51.380231],[12.378545,51.380447],[12.378491,51.380592],[12.37843,51.380788],[12.378378,51.38095],[12.378357,51.380969],[12.378328,51.380979],[12.378322,51.380981],[12.378253,51.380988],[12.378062,51.380992],[12.37804,51.381001],[12.378022,51.381019],[12.378014,51.381029],[12.378013,51.381029],[12.377986,51.381067],[12.377955,51.381116],[12.377931,51.381162],[12.377921,51.38118],[12.377892,51.38121],[12.377867,51.381227],[12.377837,51.381246],[12.377808,51.381284],[12.377649,51.381426],[12.377371,51.381699],[12.377315,51.381751],[12.377307,51.381758],[12.377193,51.381843],[12.377067,51.382001],[12.377051,51.382022],[12.377034,51.382036],[12.376912,51.382089],[12.376884,51.382098],[12.376777,51.382131],[12.376661,51.382152],[12.376613,51.382161],[12.376582,51.382171],[12.376516,51.382185],[12.376454,51.382196],[12.376362,51.3822],[12.376327,51.382206],[12.376296,51.382213],[12.376268,51.382221],[12.376243,51.38223],[12.376195,51.382257],[12.376147,51.382271],[12.376127,51.382275],[12.376107,51.382278],[12.376091,51.382279],[12.376065,51.38228],[12.376016,51.382277],[12.375943,51.382267],[12.375917,51.382261],[12.375832,51.382258],[12.375784,51.382252],[12.375747,51.382237],[12.375721,51.382212],[12.375672,51.382124],[12.37561,51.382014],[12.375534,51.381947],[12.375511,51.381925],[12.375492,51.381904],[12.375454,51.381885],[12.375421,51.38188],[12.375333,51.381869],[12.375291,51.381871],[12.375219,51.381882],[12.375179,51.381898],[12.375149,51.381914],[12.37511,51.381951],[12.375082,51.381966],[12.375034,51.381977],[12.37492,51.381987],[12.374893,51.381992],[12.374874,51.382002],[12.374832,51.382027],[12.37482,51.382042],[12.374814,51.382075],[12.374803,51.382088],[12.374799,51.382092],[12.37477,51.382104],[12.374743,51.382107],[12.374705,51.382109],[12.374667,51.382109],[12.374522,51.382131],[12.374431,51.382139],[12.374331,51.382136],[12.37427,51.382141],[12.374232,51.382149],[12.37422,51.382162],[12.374135,51.382187],[12.374065,51.382196],[12.373983,51.382196],[12.373937,51.382188],[12.373901,51.382193],[12.373779,51.382225],[12.37372,51.382253],[12.373668,51.382284],[12.373641,51.382294],[12.373597,51.382315],[12.373576,51.38232],[12.373412,51.382341],[12.373388,51.382349],[12.373373,51.382356],[12.373341,51.382385],[12.37331,51.382406],[12.373249,51.382429],[12.373153,51.382447],[12.372967,51.382477],[12.37285,51.382497],[12.372778,51.382508],[12.372745,51.382514],[12.37273,51.38252],[12.372705,51.382548],[12.372689,51.382576],[12.372673,51.382614],[12.372667,51.382636],[12.372666,51.382651],[12.372666,51.382668],[12.372674,51.382702],[12.372685,51.382731],[12.372686,51.382749],[12.372686,51.382768],[12.372678,51.382783],[12.372653,51.382825],[12.372647,51.38284],[12.372624,51.382915],[12.372614,51.382926],[12.372574,51.38295],[12.372509,51.382987],[12.372479,51.383008],[12.372462,51.383027],[12.372448,51.383044],[12.372434,51.383062],[12.372414,51.383083],[12.37241,51.383086],[12.372411,51.383086],[12.372381,51.383118],[12.372373,51.383135],[12.372362,51.383143],[12.372335,51.383171],[12.372307,51.383183],[12.372293,51.3832],[12.372258,51.38322],[12.372219,51.383245],[12.372185,51.38327],[12.372158,51.383294],[12.3721,51.383365],[12.372041,51.38343],[12.371972,51.38349],[12.371961,51.383503],[12.371949,51.38351],[12.371891,51.383556],[12.371873,51.383574],[12.371836,51.383618],[12.371779,51.383655],[12.371715,51.383701],[12.371626,51.38372],[12.371599,51.383725],[12.371579,51.383731],[12.371535,51.383741],[12.3715,51.383748],[12.37147,51.383753],[12.371452,51.383751],[12.37143,51.383756],[12.371416,51.383761],[12.371404,51.383776],[12.371392,51.3838],[12.371385,51.383816],[12.371358,51.38384],[12.371294,51.383887],[12.37126,51.383907],[12.371205,51.383936],[12.371053,51.383994],[12.370999,51.384011],[12.370882,51.384053],[12.370704,51.384129],[12.370675,51.384137],[12.370653,51.384139],[12.370595,51.384147],[12.370548,51.384149],[12.370449,51.384149],[12.370394,51.384155],[12.370261,51.384162],[12.370215,51.384165],[12.370188,51.384166],[12.37018,51.384166],[12.370124,51.384166],[12.370001,51.384163],[12.369923,51.384163],[12.369891,51.384165],[12.369852,51.384166],[12.369761,51.384161],[12.36968,51.384167],[12.36965,51.384169],[12.369616,51.384165],[12.369584,51.384165]]]}},{"type":"Feature","id":"leipzig-93","properties":{"city":"Leipzig","state":"Sachsen","code":"93","name":"Eutritzsch","name_atlas":"Eutritzsch","population_est":15562,"crime_total":{"cases":1204,"rate":7737.0},"homicide":{"cases":0,"rate":0.0},"sexual":{"cases":14,"rate":90.0},"violence_proxy":{"cases":152,"rate":976.7},"property_total":{"cases":406,"rate":2608.9},"simple_theft":{"cases":194,"rate":1246.6},"aggravated_theft":{"cases":212,"rate":1362.3},"fraud":{"cases":334,"rate":2146.3},"other_stgb":{"cases":257,"rate":1651.5},"secondary_law":{"cases":41,"rate":263.5}},"geometry":{"type":"Polygon","coordinates":[[[12.391755,51.388877],[12.391695,51.388916],[12.391654,51.388944],[12.391388,51.388849],[12.39129,51.388814],[12.391155,51.388814],[12.391124,51.388814],[12.39103,51.388815],[12.390966,51.388811],[12.390509,51.388786],[12.390299,51.388765],[12.390088,51.388744],[12.389665,51.388685],[12.389468,51.388652],[12.389352,51.388628],[12.389279,51.388627],[12.389277,51.388628],[12.389274,51.388629],[12.389261,51.388632],[12.389261,51.388632],[12.388974,51.388709],[12.388857,51.388734],[12.388775,51.38874],[12.388633,51.388738],[12.388462,51.388736],[12.388256,51.388733],[12.388034,51.38873],[12.387884,51.388728],[12.387815,51.388725],[12.387561,51.388716],[12.387309,51.388707],[12.387061,51.388697],[12.38681,51.388688],[12.386786,51.388687],[12.386558,51.388675],[12.386422,51.388667],[12.386419,51.388667],[12.386407,51.388666],[12.386398,51.388666],[12.386294,51.38866],[12.386162,51.388644],[12.386106,51.388639],[12.386083,51.388635],[12.385539,51.388576],[12.385275,51.388553],[12.384665,51.388515],[12.384414,51.388514],[12.38439,51.388512],[12.384188,51.388507],[12.383797,51.388541],[12.38356,51.388542],[12.383353,51.388541],[12.383309,51.388543],[12.38329,51.388543],[12.383238,51.388539],[12.383234,51.388539],[12.383152,51.388533],[12.383065,51.388527],[12.383052,51.388526],[12.383024,51.388524],[12.382951,51.388522],[12.382914,51.388518],[12.382827,51.38851],[12.382733,51.38851],[12.382647,51.388506],[12.38251,51.388509],[12.382433,51.388512],[12.382412,51.388515],[12.382195,51.388521],[12.382105,51.388525],[12.382036,51.388528],[12.381949,51.388529],[12.381932,51.388527],[12.381923,51.388526],[12.381895,51.388525],[12.381882,51.388527],[12.381852,51.38853],[12.381823,51.388531],[12.381711,51.388529],[12.381637,51.388528],[12.381565,51.388523],[12.381452,51.388518],[12.381411,51.388518],[12.381353,51.388515],[12.381284,51.388511],[12.381246,51.388509],[12.381116,51.388509],[12.381075,51.388506],[12.380992,51.388503],[12.380755,51.388495],[12.380658,51.388489],[12.380579,51.388482],[12.380539,51.388479],[12.38048,51.38847],[12.380415,51.388466],[12.380371,51.388461],[12.380249,51.388424],[12.380136,51.388384],[12.380103,51.388375],[12.37999,51.388348],[12.379898,51.388322],[12.379736,51.388261],[12.379721,51.388254],[12.379702,51.388243],[12.379602,51.388204],[12.37953,51.388181],[12.379494,51.388164],[12.379454,51.38815],[12.379405,51.38814],[12.379326,51.388108],[12.379325,51.388108],[12.379319,51.388105],[12.379235,51.388062],[12.379207,51.388046],[12.379159,51.388026],[12.37912,51.388],[12.379046,51.38796],[12.378995,51.387912],[12.378969,51.38788],[12.378951,51.387858],[12.378941,51.387847],[12.378911,51.387817],[12.3789,51.387808],[12.378802,51.387757],[12.378792,51.387752],[12.378784,51.387747],[12.378729,51.387719],[12.378685,51.387701],[12.378473,51.387521],[12.378373,51.387476],[12.3783,51.387422],[12.378255,51.387369],[12.37819,51.387335],[12.378028,51.387285],[12.377979,51.387248],[12.377513,51.387039],[12.377434,51.387313],[12.377374,51.387505],[12.377253,51.387717],[12.377211,51.387716],[12.377185,51.387724],[12.377167,51.387744],[12.377148,51.387754],[12.377121,51.387759],[12.377095,51.38776],[12.377049,51.387748],[12.377004,51.387744],[12.376967,51.387724],[12.376929,51.387698],[12.376834,51.387657],[12.376793,51.387647],[12.376726,51.387645],[12.376698,51.387647],[12.376675,51.387653],[12.376605,51.387656],[12.376528,51.387651],[12.376267,51.387672],[12.37625,51.387669],[12.376237,51.387661],[12.376231,51.387652],[12.376233,51.387642],[12.376247,51.387617],[12.376266,51.387595],[12.376292,51.387572],[12.376293,51.38757],[12.376307,51.387551],[12.37631,51.387515],[12.376321,51.387489],[12.376324,51.387447],[12.376317,51.387366],[12.376301,51.387221],[12.376287,51.387163],[12.376285,51.387125],[12.376249,51.387088],[12.376217,51.386985],[12.376146,51.386906],[12.376103,51.386842],[12.376046,51.386769],[12.376034,51.38673],[12.37602,51.386708],[12.375963,51.386648],[12.375926,51.386629],[12.37589,51.3866],[12.375857,51.386536],[12.375775,51.386425],[12.375745,51.38638],[12.375699,51.386283],[12.375698,51.38627],[12.3757,51.386252],[12.375698,51.386239],[12.375657,51.386181],[12.375642,51.386153],[12.375632,51.38613],[12.375613,51.386102],[12.375606,51.386082],[12.375594,51.386063],[12.375567,51.386034],[12.375555,51.386026],[12.37552,51.386014],[12.375376,51.385889],[12.375228,51.385754],[12.375143,51.385684],[12.374939,51.385536],[12.374829,51.385468],[12.374764,51.385424],[12.374659,51.385363],[12.374658,51.385363],[12.374546,51.385316],[12.37454,51.385313],[12.374537,51.385311],[12.374536,51.385311],[12.374534,51.38531],[12.374029,51.385062],[12.373782,51.384948],[12.373653,51.384886],[12.373341,51.384737],[12.373146,51.384639],[12.372718,51.38444],[12.372499,51.384331],[12.372436,51.384304],[12.372362,51.384267],[12.37226,51.384216],[12.372099,51.384137],[12.371871,51.384025],[12.371707,51.383951],[12.371612,51.383884],[12.371405,51.383804],[12.371392,51.3838],[12.371404,51.383776],[12.371416,51.383761],[12.37143,51.383756],[12.371452,51.383751],[12.37147,51.383753],[12.3715,51.383748],[12.371535,51.383741],[12.371579,51.383731],[12.371599,51.383725],[12.371626,51.38372],[12.371715,51.383701],[12.371779,51.383655],[12.371836,51.383618],[12.371873,51.383574],[12.371891,51.383556],[12.371949,51.38351],[12.371961,51.383503],[12.371972,51.38349],[12.372041,51.38343],[12.3721,51.383365],[12.372158,51.383294],[12.372185,51.38327],[12.372219,51.383245],[12.372258,51.38322],[12.372293,51.3832],[12.372307,51.383183],[12.372335,51.383171],[12.372362,51.383143],[12.372373,51.383135],[12.372381,51.383118],[12.372411,51.383086],[12.37241,51.383086],[12.372414,51.383083],[12.372434,51.383062],[12.372448,51.383044],[12.372462,51.383027],[12.372479,51.383008],[12.372509,51.382987],[12.372574,51.38295],[12.372614,51.382926],[12.372624,51.382915],[12.372647,51.38284],[12.372653,51.382825],[12.372678,51.382783],[12.372686,51.382768],[12.372686,51.382749],[12.372685,51.382731],[12.372674,51.382702],[12.372666,51.382668],[12.372666,51.382651],[12.372667,51.382636],[12.372673,51.382614],[12.372689,51.382576],[12.372705,51.382548],[12.37273,51.38252],[12.372745,51.382514],[12.372778,51.382508],[12.37285,51.382497],[12.372967,51.382477],[12.373153,51.382447],[12.373249,51.382429],[12.37331,51.382406],[12.373341,51.382385],[12.373373,51.382356],[12.373388,51.382349],[12.373412,51.382341],[12.373576,51.38232],[12.373597,51.382315],[12.373641,51.382294],[12.373668,51.382284],[12.37372,51.382253],[12.373779,51.382225],[12.373901,51.382193],[12.373937,51.382188],[12.373983,51.382196],[12.374065,51.382196],[12.374135,51.382187],[12.37422,51.382162],[12.374232,51.382149],[12.37427,51.382141],[12.374331,51.382136],[12.374431,51.382139],[12.374522,51.382131],[12.374667,51.382109],[12.374705,51.382109],[12.374743,51.382107],[12.37477,51.382104],[12.374799,51.382092],[12.374803,51.382088],[12.374814,51.382075],[12.37482,51.382042],[12.374832,51.382027],[12.374874,51.382002],[12.374893,51.381992],[12.37492,51.381987],[12.375034,51.381977],[12.375082,51.381966],[12.37511,51.381951],[12.375149,51.381914],[12.375179,51.381898],[12.375219,51.381882],[12.375291,51.381871],[12.375333,51.381869],[12.375421,51.38188],[12.375454,51.381885],[12.375492,51.381904],[12.375511,51.381925],[12.375534,51.381947],[12.37561,51.382014],[12.375672,51.382124],[12.375721,51.382212],[12.375747,51.382237],[12.375784,51.382252],[12.375832,51.382258],[12.375917,51.382261],[12.375943,51.382267],[12.376016,51.382277],[12.376065,51.38228],[12.376091,51.382279],[12.376107,51.382278],[12.376127,51.382275],[12.376147,51.382271],[12.376195,51.382257],[12.376243,51.38223],[12.376268,51.382221],[12.376296,51.382213],[12.376327,51.382206],[12.376362,51.3822],[12.376454,51.382196],[12.376516,51.382185],[12.376582,51.382171],[12.376613,51.382161],[12.376661,51.382152],[12.376777,51.382131],[12.376884,51.382098],[12.376912,51.382089],[12.377034,51.382036],[12.377051,51.382022],[12.377067,51.382001],[12.377193,51.381843],[12.377307,51.381758],[12.377315,51.381751],[12.377371,51.381699],[12.377649,51.381426],[12.377808,51.381284],[12.377837,51.381246],[12.377867,51.381227],[12.377892,51.38121],[12.377921,51.38118],[12.377931,51.381162],[12.377955,51.381116],[12.377986,51.381067],[12.378013,51.381029],[12.378014,51.381029],[12.378022,51.381019],[12.37804,51.381001],[12.378062,51.380992],[12.378253,51.380988],[12.378322,51.380981],[12.378328,51.380979],[12.378357,51.380969],[12.378378,51.38095],[12.37843,51.380788],[12.378491,51.380592],[12.378545,51.380447],[12.378605,51.380231],[12.378691,51.380005],[12.378827,51.379944],[12.378866,51.379924],[12.378912,51.379897],[12.378975,51.379856],[12.379035,51.379828],[12.379099,51.379801],[12.379149,51.379795],[12.379175,51.379799],[12.379237,51.379802],[12.379252,51.379803],[12.379297,51.379812],[12.379297,51.379812],[12.379341,51.379821],[12.379389,51.379846],[12.379414,51.379868],[12.379477,51.379932],[12.379514,51.379965],[12.37955,51.379975],[12.379571,51.379976],[12.379629,51.379964],[12.37971,51.379938],[12.379774,51.379902],[12.379847,51.379807],[12.37988,51.379783],[12.379921,51.379762],[12.379971,51.379728],[12.380082,51.37962],[12.380156,51.379567],[12.380212,51.379536],[12.38031,51.379493],[12.38038,51.379465],[12.380446,51.379445],[12.380789,51.379301],[12.380894,51.37926],[12.380954,51.379239],[12.380987,51.379229],[12.381042,51.379216],[12.381139,51.379186],[12.38117,51.379175],[12.381194,51.379157],[12.381203,51.379129],[12.38117,51.379073],[12.381159,51.37905],[12.38115,51.379022],[12.381137,51.37896],[12.381016,51.378619],[12.38101,51.378577],[12.381028,51.37852],[12.381037,51.378498],[12.3811,51.378415],[12.381151,51.378325],[12.38121,51.378202],[12.381223,51.378157],[12.381224,51.378131],[12.381214,51.378048],[12.38121,51.378024],[12.381191,51.377998],[12.381159,51.377963],[12.381146,51.377951],[12.381135,51.377938],[12.381108,51.377928],[12.381044,51.377911],[12.380949,51.377888],[12.380823,51.377847],[12.380705,51.377811],[12.380473,51.377735],[12.380452,51.377712],[12.380444,51.37769],[12.380442,51.377672],[12.380431,51.377616],[12.380396,51.377522],[12.380352,51.377441],[12.380262,51.377126],[12.380259,51.377082],[12.380274,51.377047],[12.380342,51.376952],[12.38037,51.376917],[12.381029,51.376346],[12.38106,51.376303],[12.3811,51.37624],[12.381143,51.376173],[12.381214,51.376033],[12.381259,51.375899],[12.381298,51.375793],[12.381313,51.375752],[12.381294,51.375684],[12.381292,51.375675],[12.381265,51.375661],[12.381246,51.375649],[12.381134,51.375593],[12.381073,51.375561],[12.380996,51.37552],[12.380918,51.375472],[12.380849,51.375427],[12.380805,51.3754],[12.380757,51.375348],[12.380751,51.375331],[12.380753,51.375298],[12.380752,51.375258],[12.380754,51.375238],[12.380757,51.375227],[12.380789,51.375193],[12.380799,51.375177],[12.380806,51.375161],[12.380808,51.375141],[12.380804,51.375124],[12.380798,51.375103],[12.380781,51.375063],[12.380737,51.374985],[12.380712,51.37494],[12.380693,51.3749],[12.38069,51.374883],[12.38069,51.374859],[12.38069,51.374859],[12.380693,51.374841],[12.380698,51.374815],[12.380703,51.374777],[12.380702,51.37475],[12.380696,51.37472],[12.380698,51.374698],[12.380709,51.37467],[12.38073,51.37464],[12.380757,51.374596],[12.380782,51.374548],[12.380797,51.37451],[12.380812,51.374447],[12.380812,51.374446],[12.380815,51.374399],[12.380812,51.374319],[12.380813,51.374276],[12.380814,51.374258],[12.380822,51.374226],[12.380842,51.37416],[12.380852,51.374115],[12.380856,51.37409],[12.380852,51.37407],[12.380844,51.37404],[12.380834,51.374007],[12.380817,51.373974],[12.380806,51.373953],[12.380802,51.373933],[12.3808,51.373919],[12.380799,51.37391],[12.380798,51.37389],[12.380799,51.373866],[12.380816,51.373843],[12.380834,51.373816],[12.380851,51.37378],[12.380872,51.37375],[12.380897,51.373725],[12.380919,51.373706],[12.380944,51.373687],[12.380984,51.373665],[12.380916,51.373608],[12.380818,51.373435],[12.380809,51.373418],[12.380793,51.37327],[12.380761,51.373032],[12.380754,51.372923],[12.38075,51.372861],[12.380746,51.372806],[12.380146,51.372648],[12.380076,51.372629],[12.380277,51.372127],[12.38047,51.371602],[12.380504,51.37153],[12.380547,51.37142],[12.380631,51.371206],[12.380701,51.371027],[12.380786,51.370756],[12.380851,51.370537],[12.380912,51.370259],[12.380956,51.370027],[12.380986,51.369784],[12.381007,51.369649],[12.381022,51.369457],[12.38103,51.369229],[12.381027,51.368846],[12.381006,51.36856],[12.380992,51.368387],[12.380937,51.367949],[12.380876,51.367662],[12.380794,51.367337],[12.380743,51.367174],[12.380677,51.366984],[12.380641,51.366899],[12.380616,51.366826],[12.380541,51.366632],[12.380388,51.366296],[12.380325,51.366192],[12.381158,51.366061],[12.382166,51.365895],[12.382097,51.365745],[12.381878,51.36535],[12.381823,51.365257],[12.381614,51.36494],[12.381401,51.364647],[12.38126,51.364477],[12.38088,51.364032],[12.380598,51.36374],[12.380383,51.363524],[12.379875,51.363029],[12.378951,51.362107],[12.378319,51.361482],[12.378416,51.361434],[12.379267,51.361018],[12.380123,51.360578],[12.380144,51.360567],[12.380237,51.360519],[12.380366,51.360438],[12.38057,51.360308],[12.381005,51.360035],[12.381302,51.3598],[12.38139,51.35973],[12.381415,51.35971],[12.381515,51.359626],[12.381699,51.35947],[12.381967,51.359277],[12.382265,51.359029],[12.382505,51.358837],[12.382683,51.358653],[12.38289,51.358426],[12.383082,51.358163],[12.383299,51.357814],[12.383645,51.357109],[12.383766,51.356746],[12.383892,51.356367],[12.384152,51.35558],[12.384854,51.354045],[12.385171,51.353466],[12.385478,51.35289],[12.385573,51.35275],[12.385574,51.352748],[12.385661,51.352619],[12.387561,51.353223],[12.387697,51.352977],[12.387771,51.352832],[12.387805,51.352668],[12.387862,51.352573],[12.387937,51.352473],[12.388016,51.352404],[12.388144,51.35231],[12.388299,51.352234],[12.38857,51.352121],[12.388643,51.35219],[12.388723,51.352264],[12.389689,51.353164],[12.399304,51.361329],[12.399849,51.361964],[12.400306,51.362516],[12.400425,51.362676],[12.400566,51.36287],[12.401027,51.363496],[12.401159,51.363693],[12.401232,51.363808],[12.40124,51.363826],[12.401253,51.363851],[12.40131,51.363965],[12.401385,51.364131],[12.401446,51.364286],[12.40149,51.364466],[12.401536,51.364659],[12.401563,51.364868],[12.401585,51.365269],[12.401569,51.365454],[12.401534,51.365657],[12.401482,51.365882],[12.401348,51.366254],[12.401193,51.366676],[12.400648,51.368012],[12.39992,51.369728],[12.399337,51.371255],[12.399314,51.371314],[12.39855,51.373145],[12.397842,51.374814],[12.397339,51.375972],[12.396983,51.376589],[12.396068,51.378822],[12.395643,51.379861],[12.395568,51.380046],[12.392303,51.388028],[12.391839,51.388746],[12.391755,51.388877]]]}},{"type":"Feature","id":"leipzig-94","properties":{"city":"Leipzig","state":"Sachsen","code":"94","name":"Seehausen","name_atlas":"Seehausen","population_est":2835,"crime_total":{"cases":566,"rate":19965.0},"homicide":{"cases":0,"rate":0.0},"sexual":{"cases":1,"rate":35.3},"violence_proxy":{"cases":39,"rate":1375.7},"property_total":{"cases":420,"rate":14814.8},"simple_theft":{"cases":341,"rate":12028.2},"aggravated_theft":{"cases":79,"rate":2786.6},"fraud":{"cases":51,"rate":1798.9},"other_stgb":{"cases":51,"rate":1798.9},"secondary_law":{"cases":4,"rate":141.1}},"geometry":{"type":"Polygon","coordinates":[[[12.449124,51.444323],[12.448977,51.444331],[12.448909,51.444334],[12.448829,51.444361],[12.448711,51.444401],[12.448446,51.444489],[12.448265,51.44455],[12.448221,51.444582],[12.448102,51.444681],[12.44748,51.445197],[12.44689,51.445686],[12.445594,51.446241],[12.445112,51.446445],[12.444985,51.446504],[12.444215,51.446822],[12.443009,51.447326],[12.441276,51.448033],[12.441082,51.447095],[12.440908,51.446333],[12.440722,51.445244],[12.440597,51.444576],[12.440512,51.444005],[12.440486,51.44353],[12.440472,51.443275],[12.440501,51.443041],[12.440517,51.44259],[12.440561,51.442379],[12.440643,51.44185],[12.4407,51.441678],[12.440768,51.441415],[12.440795,51.44118],[12.440855,51.441102],[12.441037,51.439977],[12.441054,51.439867],[12.441092,51.439619],[12.441139,51.439313],[12.441204,51.438892],[12.441271,51.438424],[12.441297,51.438286],[12.441381,51.437837],[12.441476,51.437327],[12.441409,51.437326],[12.44141,51.437323],[12.441423,51.437234],[12.441411,51.437216],[12.441389,51.437186],[12.441509,51.43652],[12.441619,51.435674],[12.44165,51.435299],[12.441828,51.434159],[12.441882,51.433787],[12.441909,51.433595],[12.442018,51.432916],[12.442127,51.432228],[12.44223,51.431473],[12.442225,51.430851],[12.442224,51.430695],[12.442222,51.430666],[12.442217,51.430589],[12.442193,51.430585],[12.442128,51.430573],[12.441533,51.430472],[12.44121,51.430417],[12.441124,51.430402],[12.439656,51.43015],[12.439709,51.429741],[12.4393,51.429695],[12.438895,51.429648],[12.438494,51.429602],[12.438094,51.429557],[12.437906,51.429535],[12.437796,51.429523],[12.437666,51.42952],[12.436823,51.42954],[12.436753,51.429539],[12.436063,51.429531],[12.435828,51.429535],[12.435496,51.429541],[12.435358,51.42954],[12.435261,51.429539],[12.435202,51.429535],[12.435144,51.429532],[12.434811,51.429558],[12.434431,51.429588],[12.434145,51.429592],[12.433962,51.429569],[12.43356,51.429481],[12.433326,51.429415],[12.433146,51.429352],[12.43282,51.429211],[12.432671,51.429169],[12.432517,51.429125],[12.4325,51.42912],[12.432117,51.429053],[12.431956,51.429016],[12.431699,51.428932],[12.431323,51.428829],[12.431209,51.428798],[12.430577,51.4285],[12.430318,51.428403],[12.430037,51.428304],[12.429874,51.428251],[12.429839,51.42824],[12.429651,51.428194],[12.429474,51.428155],[12.429416,51.428139],[12.429173,51.42807],[12.429003,51.42801],[12.42887,51.427946],[12.428603,51.427795],[12.428306,51.427649],[12.428208,51.427614],[12.428137,51.427581],[12.428074,51.427553],[12.427837,51.427471],[12.427666,51.427419],[12.427605,51.427404],[12.427488,51.427376],[12.427357,51.427344],[12.427241,51.427312],[12.42721,51.427303],[12.427115,51.427281],[12.42698,51.427266],[12.426782,51.42723],[12.426458,51.427183],[12.426264,51.427195],[12.42615,51.427216],[12.426003,51.427238],[12.42588,51.427244],[12.425633,51.4272],[12.425357,51.427143],[12.42519,51.427096],[12.425077,51.427065],[12.424836,51.426975],[12.424686,51.426926],[12.424264,51.426789],[12.424131,51.426759],[12.423976,51.426738],[12.423926,51.426735],[12.423684,51.426769],[12.423601,51.42678],[12.423496,51.426812],[12.423312,51.426871],[12.423122,51.426965],[12.423085,51.426987],[12.422688,51.427219],[12.422563,51.4273],[12.422432,51.427423],[12.422212,51.427551],[12.422146,51.42758],[12.422044,51.427624],[12.4219,51.427672],[12.421831,51.427698],[12.421798,51.427711],[12.421519,51.427812],[12.421473,51.427828],[12.421332,51.427872],[12.421112,51.427924],[12.420801,51.427942],[12.420683,51.427949],[12.420619,51.427944],[12.420493,51.427924],[12.420067,51.427816],[12.420038,51.427811],[12.419975,51.427801],[12.419862,51.427792],[12.419444,51.427735],[12.41916,51.427685],[12.418969,51.427696],[12.418533,51.427706],[12.418401,51.427723],[12.418019,51.427758],[12.417949,51.427767],[12.417828,51.427781],[12.417615,51.4278],[12.417593,51.427802],[12.417421,51.427832],[12.417394,51.427862],[12.417223,51.42813],[12.417212,51.428147],[12.417143,51.428318],[12.417105,51.428374],[12.417043,51.428423],[12.416961,51.428468],[12.416876,51.428532],[12.416812,51.428576],[12.416797,51.428586],[12.416679,51.428669],[12.4166,51.428737],[12.416414,51.428878],[12.416207,51.429001],[12.416166,51.429041],[12.416147,51.429025],[12.416117,51.429],[12.41505,51.429068],[12.414987,51.42907],[12.414947,51.42907],[12.414521,51.429082],[12.414214,51.429089],[12.41359,51.429108],[12.413195,51.429112],[12.412816,51.429105],[12.412659,51.429099],[12.412504,51.429093],[12.412352,51.429088],[12.412336,51.429087],[12.412,51.429077],[12.411463,51.429061],[12.410827,51.429034],[12.410225,51.429012],[12.409403,51.428993],[12.40891,51.428973],[12.408854,51.42897],[12.407982,51.428933],[12.407208,51.428901],[12.407169,51.4289],[12.407149,51.428899],[12.407128,51.428899],[12.407005,51.428893],[12.406867,51.428886],[12.406835,51.428885],[12.405754,51.428834],[12.405305,51.42776],[12.405284,51.427712],[12.405271,51.427619],[12.405269,51.427607],[12.405183,51.427533],[12.40496,51.427337],[12.404778,51.427138],[12.404614,51.426937],[12.404579,51.426895],[12.404157,51.426342],[12.404011,51.4261],[12.403904,51.425856],[12.403708,51.425305],[12.403681,51.425254],[12.403622,51.425139],[12.403483,51.424973],[12.403336,51.424845],[12.403214,51.424739],[12.40299,51.424554],[12.402784,51.424378],[12.402432,51.42407],[12.402279,51.423921],[12.402544,51.424286],[12.402598,51.424361],[12.403042,51.424978],[12.403193,51.425187],[12.403278,51.425307],[12.403309,51.42535],[12.403321,51.425367],[12.403484,51.425594],[12.403601,51.425968],[12.403628,51.426057],[12.403684,51.426242],[12.403449,51.425912],[12.40323,51.425604],[12.403094,51.425428],[12.403085,51.425416],[12.403054,51.425377],[12.402923,51.425207],[12.402808,51.425039],[12.402483,51.424561],[12.402397,51.424433],[12.402205,51.424165],[12.402172,51.424119],[12.401896,51.423733],[12.401851,51.423671],[12.401818,51.423638],[12.401735,51.423554],[12.401601,51.42337],[12.401601,51.42337],[12.401285,51.422939],[12.40127,51.422917],[12.401229,51.422859],[12.40117,51.422776],[12.401089,51.422661],[12.400807,51.422264],[12.400724,51.422152],[12.400615,51.422003],[12.400536,51.421895],[12.400441,51.42175],[12.400374,51.421648],[12.400344,51.421597],[12.400305,51.421487],[12.400213,51.421223],[12.400088,51.420879],[12.399967,51.420546],[12.399909,51.420394],[12.399798,51.420109],[12.39963,51.419672],[12.399475,51.419233],[12.399374,51.418943],[12.399273,51.41859],[12.399227,51.41841],[12.399227,51.41841],[12.399161,51.418147],[12.399062,51.417701],[12.399015,51.417483],[12.399015,51.417483],[12.398967,51.417255],[12.398933,51.417092],[12.398913,51.417001],[12.398911,51.416995],[12.398882,51.416918],[12.398845,51.416822],[12.398714,51.4166],[12.398524,51.416379],[12.398337,51.416227],[12.398033,51.416047],[12.397902,51.415996],[12.397681,51.415911],[12.397295,51.415818],[12.396455,51.415671],[12.396341,51.415671],[12.396247,51.415697],[12.396198,51.415737],[12.396302,51.415523],[12.396419,51.415287],[12.396554,51.414753],[12.396579,51.414384],[12.396568,51.414079],[12.396522,51.413764],[12.396321,51.41318],[12.395999,51.412499],[12.395542,51.411909],[12.39527,51.411441],[12.395069,51.411002],[12.394963,51.410995],[12.394796,51.410985],[12.394742,51.410982],[12.394695,51.410902],[12.394508,51.410702],[12.394449,51.410622],[12.394347,51.410508],[12.394223,51.41037],[12.394196,51.41034],[12.394121,51.410256],[12.393648,51.409729],[12.393628,51.409708],[12.393344,51.409405],[12.392811,51.408828],[12.392275,51.408252],[12.392253,51.408228],[12.39215,51.408119],[12.392004,51.407965],[12.39198,51.407938],[12.391828,51.407766],[12.391818,51.407755],[12.391762,51.407692],[12.391462,51.407344],[12.39124,51.40711],[12.391118,51.406975],[12.39061,51.406407],[12.390277,51.406051],[12.390253,51.406025],[12.390008,51.40575],[12.389904,51.405633],[12.389868,51.405593],[12.389312,51.404967],[12.388806,51.404307],[12.389001,51.404265],[12.389269,51.404178],[12.389292,51.404172],[12.389536,51.404105],[12.389747,51.404038],[12.389971,51.403948],[12.390185,51.403863],[12.390485,51.40375],[12.390679,51.403644],[12.390918,51.403629],[12.390905,51.40362],[12.390893,51.4036],[12.390755,51.403434],[12.390623,51.40328],[12.390509,51.403144],[12.390276,51.402869],[12.391822,51.403097],[12.391831,51.403044],[12.391843,51.402966],[12.391843,51.402964],[12.391903,51.402714],[12.391917,51.402674],[12.391979,51.402685],[12.39208,51.40272],[12.39214,51.40274],[12.39229,51.402399],[12.392415,51.402114],[12.39257,51.401706],[12.39276,51.40121],[12.392971,51.400742],[12.392995,51.400653],[12.39302,51.400565],[12.393096,51.400234],[12.393099,51.400221],[12.393177,51.399872],[12.393292,51.399291],[12.393364,51.399031],[12.393534,51.398476],[12.393662,51.39809],[12.393745,51.397846],[12.393832,51.397621],[12.393869,51.397485],[12.393979,51.397084],[12.394004,51.396978],[12.394377,51.395751],[12.394392,51.395707],[12.394446,51.395547],[12.394519,51.395365],[12.394601,51.395182],[12.394613,51.395144],[12.394742,51.39484],[12.394745,51.394832],[12.394759,51.394795],[12.394821,51.394629],[12.394849,51.39455],[12.394865,51.394482],[12.39487,51.39446],[12.394871,51.394457],[12.394878,51.394429],[12.394885,51.394338],[12.394867,51.394232],[12.394862,51.394205],[12.394812,51.394074],[12.39466,51.393778],[12.394939,51.393722],[12.395184,51.393672],[12.395721,51.393564],[12.396166,51.393474],[12.396555,51.393396],[12.396916,51.393323],[12.396938,51.393367],[12.396962,51.393417],[12.396983,51.393455],[12.396989,51.393465],[12.397243,51.393958],[12.397495,51.394236],[12.397856,51.394205],[12.39795,51.394197],[12.397994,51.394193],[12.398215,51.394174],[12.398303,51.394166],[12.405387,51.393554],[12.4089,51.393251],[12.409903,51.39321],[12.411337,51.393203],[12.412256,51.393198],[12.412344,51.393198],[12.412662,51.393196],[12.413237,51.393193],[12.414396,51.393187],[12.416498,51.393145],[12.418027,51.393159],[12.418733,51.393162],[12.418784,51.39316],[12.418943,51.393155],[12.418963,51.393154],[12.419035,51.393144],[12.419036,51.393153],[12.419038,51.393162],[12.419027,51.393185],[12.419003,51.393209],[12.418505,51.393661],[12.418495,51.393697],[12.418501,51.393828],[12.418531,51.393875],[12.419013,51.394635],[12.419452,51.395314],[12.419879,51.395971],[12.420109,51.396325],[12.419113,51.397171],[12.418326,51.397837],[12.418244,51.397907],[12.418137,51.397998],[12.418087,51.39804],[12.417718,51.398349],[12.417561,51.39848],[12.417202,51.398781],[12.417044,51.398912],[12.416928,51.399007],[12.416561,51.39931],[12.415507,51.400161],[12.414861,51.400668],[12.414158,51.401218],[12.413905,51.401416],[12.413296,51.401892],[12.413053,51.402081],[12.413105,51.402105],[12.413594,51.402338],[12.413918,51.402489],[12.414313,51.402678],[12.414512,51.402776],[12.414778,51.402907],[12.415294,51.403154],[12.415721,51.403356],[12.415881,51.403432],[12.416306,51.403601],[12.416629,51.403731],[12.416829,51.403817],[12.41708,51.403933],[12.417691,51.404211],[12.417779,51.404248],[12.417815,51.404259],[12.418371,51.404514],[12.419052,51.404836],[12.419285,51.404946],[12.419866,51.405217],[12.419902,51.405177],[12.420112,51.404946],[12.420178,51.404966],[12.420245,51.404987],[12.420325,51.404899],[12.420391,51.404931],[12.420586,51.404783],[12.420607,51.404767],[12.42119,51.404926],[12.421569,51.405025],[12.425528,51.406066],[12.426268,51.406263],[12.427756,51.406647],[12.428077,51.406731],[12.428318,51.406789],[12.428741,51.4069],[12.429025,51.406974],[12.429434,51.407079],[12.429925,51.407205],[12.430695,51.407411],[12.431506,51.407626],[12.43192,51.407158],[12.432188,51.406853],[12.432502,51.406462],[12.432571,51.406352],[12.432925,51.405882],[12.433998,51.406075],[12.435993,51.406438],[12.437229,51.406659],[12.437043,51.406993],[12.436546,51.40792],[12.435944,51.409074],[12.435428,51.410086],[12.435116,51.410722],[12.435396,51.41073],[12.435494,51.410736],[12.436081,51.410741],[12.436263,51.410742],[12.43666,51.410763],[12.437353,51.410781],[12.437585,51.410774],[12.437783,51.410781],[12.438569,51.410754],[12.438863,51.410733],[12.439243,51.41068],[12.439694,51.410584],[12.440325,51.410409],[12.441272,51.410159],[12.44149,51.410119],[12.44244,51.409951],[12.44288,51.409917],[12.443359,51.409917],[12.44413,51.409947],[12.444283,51.409934],[12.444517,51.409949],[12.445048,51.409958],[12.445488,51.409977],[12.44583,51.409988],[12.446327,51.409997],[12.446811,51.409983],[12.447282,51.409962],[12.447706,51.409965],[12.448274,51.409952],[12.448731,51.409928],[12.44888,51.409928],[12.449352,51.409913],[12.44967,51.409913],[12.450091,51.409931],[12.450748,51.40995],[12.451356,51.409948],[12.451932,51.409928],[12.452534,51.409918],[12.453839,51.409869],[12.454367,51.409849],[12.455809,51.409795],[12.456409,51.409772],[12.456777,51.409763],[12.45676,51.409963],[12.456747,51.410146],[12.456735,51.410317],[12.456712,51.410784],[12.456706,51.410936],[12.456701,51.41107],[12.456699,51.411112],[12.456691,51.411328],[12.456695,51.411513],[12.456698,51.41168],[12.456701,51.411849],[12.456702,51.411905],[12.456708,51.411988],[12.456729,51.412289],[12.456729,51.412297],[12.456736,51.412615],[12.456743,51.412965],[12.456746,51.413231],[12.456744,51.413536],[12.456747,51.414063],[12.45676,51.414295],[12.456758,51.414381],[12.457243,51.41438],[12.457268,51.414601],[12.457273,51.414618],[12.457316,51.414785],[12.457361,51.414917],[12.457382,51.414993],[12.457433,51.415158],[12.457585,51.415515],[12.457593,51.415533],[12.457612,51.415578],[12.457809,51.416061],[12.457899,51.416269],[12.458024,51.416584],[12.458133,51.416866],[12.458133,51.416867],[12.45819,51.417037],[12.45822,51.417126],[12.458267,51.41727],[12.458272,51.417292],[12.458274,51.417298],[12.45828,51.417314],[12.458294,51.417351],[12.458296,51.417355],[12.458298,51.417363],[12.4583,51.417368],[12.458304,51.417387],[12.458365,51.417668],[12.458445,51.418009],[12.458514,51.418292],[12.458588,51.418507],[12.458646,51.418764],[12.458668,51.418762],[12.458844,51.418738],[12.459586,51.418709],[12.459939,51.418688],[12.46023,51.418666],[12.460309,51.418657],[12.461083,51.418617],[12.461109,51.418732],[12.461136,51.418854],[12.461203,51.419141],[12.461236,51.419305],[12.461307,51.419503],[12.461455,51.419962],[12.461557,51.42036],[12.461566,51.420395],[12.461616,51.420398],[12.462121,51.420427],[12.462189,51.42045],[12.46221,51.420456],[12.462306,51.420447],[12.462376,51.42044],[12.462953,51.420381],[12.463693,51.42035],[12.464349,51.420353],[12.464933,51.420335],[12.465,51.420334],[12.465753,51.420316],[12.466007,51.42031],[12.466623,51.420278],[12.46786,51.420215],[12.468712,51.420141],[12.469093,51.420119],[12.469497,51.420091],[12.470128,51.420063],[12.470567,51.420059],[12.470953,51.420048],[12.471909,51.420028],[12.473083,51.419983],[12.473669,51.419945],[12.474261,51.419877],[12.474596,51.419841],[12.474911,51.419791],[12.474969,51.419787],[12.475019,51.419783],[12.475364,51.419755],[12.475385,51.419753],[12.47536,51.419026],[12.475335,51.418156],[12.475293,51.417197],[12.475293,51.417189],[12.475855,51.417179],[12.475922,51.417184],[12.476019,51.417191],[12.47692,51.417256],[12.477954,51.417357],[12.478229,51.417389],[12.479127,51.417496],[12.47937,51.417496],[12.4798,51.417516],[12.480223,51.41753],[12.480712,51.417527],[12.480819,51.417527],[12.481068,51.417526],[12.481121,51.41752],[12.481543,51.417499],[12.481854,51.417468],[12.482001,51.417449],[12.482151,51.41743],[12.482473,51.417391],[12.482698,51.417374],[12.482774,51.417379],[12.483045,51.417359],[12.483338,51.417349],[12.483479,51.417352],[12.483628,51.417355],[12.483644,51.417209],[12.483678,51.416897],[12.483681,51.416874],[12.483873,51.416901],[12.484061,51.416928],[12.484126,51.416937],[12.484316,51.416962],[12.484452,51.416981],[12.48482,51.417012],[12.484956,51.417014],[12.485131,51.417016],[12.485535,51.417018],[12.485947,51.41702],[12.486456,51.417019],[12.486485,51.417139],[12.486521,51.417293],[12.486531,51.417335],[12.486612,51.417669],[12.487698,51.41766],[12.487758,51.417659],[12.487919,51.417645],[12.487988,51.417639],[12.488803,51.417565],[12.488835,51.417563],[12.488912,51.417717],[12.488978,51.417848],[12.489106,51.418154],[12.489132,51.418244],[12.489169,51.418371],[12.489262,51.418768],[12.489331,51.418849],[12.489348,51.418869],[12.489357,51.419076],[12.48936,51.419236],[12.489347,51.419479],[12.489321,51.419617],[12.48926,51.419942],[12.489186,51.420329],[12.490074,51.420372],[12.491047,51.420416],[12.491069,51.420705],[12.491075,51.421034],[12.491344,51.42104],[12.491574,51.421046],[12.491868,51.421052],[12.492246,51.421065],[12.492843,51.421085],[12.492798,51.421281],[12.492776,51.421377],[12.49277,51.421393],[12.492736,51.421492],[12.492659,51.421712],[12.492591,51.421959],[12.492501,51.422173],[12.492458,51.422376],[12.492917,51.422395],[12.493989,51.422444],[12.493919,51.422729],[12.493741,51.423234],[12.493648,51.4236],[12.493632,51.423717],[12.493567,51.424056],[12.493518,51.424203],[12.493166,51.424184],[12.493082,51.424418],[12.49307,51.424445],[12.492985,51.424722],[12.492866,51.425204],[12.492825,51.425343],[12.492797,51.425438],[12.49273,51.425666],[12.492214,51.425638],[12.492161,51.42603],[12.492156,51.426074],[12.492135,51.426196],[12.492122,51.426277],[12.49208,51.426526],[12.492061,51.426868],[12.492059,51.426898],[12.49204,51.42713],[12.492024,51.427353],[12.492014,51.427618],[12.492027,51.428024],[12.493423,51.428101],[12.493424,51.428123],[12.493438,51.428436],[12.493436,51.428627],[12.493401,51.428965],[12.493343,51.429522],[12.493295,51.429875],[12.493241,51.430238],[12.493206,51.430415],[12.493203,51.430427],[12.493194,51.430472],[12.493191,51.430485],[12.493162,51.430599],[12.493044,51.43104],[12.493014,51.43117],[12.492849,51.431162],[12.492809,51.431518],[12.491241,51.431458],[12.48997,51.431403],[12.489136,51.431402],[12.489132,51.431589],[12.488473,51.431604],[12.487024,51.431656],[12.486986,51.431657],[12.486929,51.431661],[12.486887,51.431664],[12.486237,51.431705],[12.485294,51.431786],[12.484668,51.431835],[12.483567,51.431929],[12.482352,51.432026],[12.482184,51.432038],[12.481094,51.432108],[12.480623,51.432129],[12.480131,51.432152],[12.479224,51.432183],[12.479164,51.432186],[12.478019,51.432236],[12.477673,51.432249],[12.477242,51.432253],[12.477211,51.432253],[12.476361,51.432272],[12.47612,51.432277],[12.475288,51.432292],[12.475244,51.432293],[12.475209,51.432294],[12.474005,51.432299],[12.47323,51.432296],[12.473146,51.432296],[12.472387,51.432301],[12.472407,51.43265],[12.472427,51.432807],[12.472429,51.432826],[12.47243,51.43283],[12.472436,51.432871],[12.472442,51.432914],[12.472443,51.43292],[12.472493,51.433254],[12.472527,51.433473],[12.472566,51.433724],[12.47262,51.43405],[12.472298,51.434056],[12.472336,51.434206],[12.472403,51.434467],[12.472118,51.434481],[12.472205,51.434816],[12.471994,51.434836],[12.472093,51.435165],[12.471367,51.435199],[12.471376,51.435321],[12.471382,51.435421],[12.471462,51.436059],[12.47148,51.436227],[12.471515,51.436565],[12.471522,51.436627],[12.47156,51.43699],[12.471563,51.437024],[12.471561,51.437031],[12.471558,51.43705],[12.471676,51.437549],[12.471338,51.437572],[12.470586,51.437613],[12.469485,51.437689],[12.469596,51.438003],[12.46975,51.438417],[12.470138,51.439421],[12.470352,51.439984],[12.470583,51.440617],[12.47084,51.441321],[12.47099,51.441742],[12.471104,51.442096],[12.471256,51.44256],[12.471275,51.44258],[12.471275,51.44258],[12.471088,51.442705],[12.470935,51.442769],[12.470921,51.442775],[12.470732,51.442795],[12.470429,51.442827],[12.469406,51.442902],[12.469322,51.442908],[12.468135,51.442995],[12.466615,51.443146],[12.465083,51.443273],[12.464353,51.443291],[12.46423,51.443294],[12.464204,51.443295],[12.464204,51.443295],[12.464202,51.443295],[12.463782,51.443348],[12.463417,51.443386],[12.463391,51.443389],[12.461986,51.443473],[12.461343,51.443525],[12.461236,51.44353],[12.460863,51.443546],[12.460256,51.443568],[12.460062,51.443575],[12.459981,51.443576],[12.459628,51.443584],[12.458669,51.443581],[12.458069,51.443585],[12.45792,51.443586],[12.457249,51.443559],[12.457029,51.443546],[12.456451,51.443549],[12.455747,51.443563],[12.455,51.4436],[12.453971,51.443651],[12.45323,51.443687],[12.452851,51.443709],[12.452549,51.443719],[12.451998,51.443781],[12.451435,51.443845],[12.451253,51.443881],[12.451104,51.443919],[12.450972,51.443954],[12.450903,51.443976],[12.450648,51.444056],[12.450433,51.444124],[12.450171,51.444206],[12.45002,51.444233],[12.449821,51.44427],[12.449727,51.444287],[12.449532,51.444281],[12.449124,51.444323]]]}},{"type":"Feature","id":"leipzig-95","properties":{"city":"Leipzig","state":"Sachsen","code":"95","name":"Wiederitzsch","name_atlas":"Wiederitzsch","population_est":9230,"crime_total":{"cases":572,"rate":6197.0},"homicide":{"cases":0,"rate":0.0},"sexual":{"cases":16,"rate":173.3},"violence_proxy":{"cases":83,"rate":899.2},"property_total":{"cases":186,"rate":2015.2},"simple_theft":{"cases":58,"rate":628.4},"aggravated_theft":{"cases":128,"rate":1386.8},"fraud":{"cases":146,"rate":1581.8},"other_stgb":{"cases":120,"rate":1300.1},"secondary_law":{"cases":21,"rate":227.5}},"geometry":{"type":"Polygon","coordinates":[[[12.377968,51.422326],[12.377968,51.422326],[12.377895,51.422339],[12.377759,51.422363],[12.377659,51.422386],[12.377512,51.422434],[12.377355,51.422503],[12.377225,51.422552],[12.377102,51.422583],[12.37696,51.422592],[12.376779,51.422611],[12.376635,51.42265],[12.37646,51.422721],[12.376155,51.422851],[12.375756,51.423049],[12.375387,51.423241],[12.375101,51.423415],[12.374835,51.423613],[12.37476,51.423676],[12.374657,51.423762],[12.374189,51.424162],[12.373885,51.424448],[12.373885,51.424448],[12.373779,51.424576],[12.373779,51.424576],[12.373474,51.425024],[12.373323,51.425303],[12.373316,51.425075],[12.373316,51.425048],[12.373316,51.424765],[12.373316,51.424432],[12.373315,51.423631],[12.373315,51.423608],[12.372494,51.423529],[12.372051,51.423442],[12.370865,51.423199],[12.370378,51.423082],[12.370377,51.423036],[12.369495,51.422844],[12.368526,51.422669],[12.368157,51.422603],[12.3681,51.422593],[12.36635,51.422236],[12.364562,51.421923],[12.364158,51.421855],[12.364234,51.421935],[12.364119,51.421909],[12.363646,51.421552],[12.363096,51.421118],[12.362057,51.420327],[12.361031,51.419541],[12.360365,51.419032],[12.360329,51.419004],[12.360284,51.418969],[12.360189,51.418893],[12.360212,51.418821],[12.360215,51.418813],[12.360286,51.418628],[12.360174,51.417711],[12.360171,51.417691],[12.360167,51.417662],[12.360091,51.417098],[12.360011,51.416458],[12.360008,51.416379],[12.360005,51.416184],[12.359991,51.41548],[12.359985,51.415343],[12.359985,51.415339],[12.359924,51.415337],[12.359864,51.415335],[12.359789,51.415333],[12.359789,51.415329],[12.359814,51.414752],[12.359857,51.414544],[12.361742,51.411676],[12.361759,51.411649],[12.361762,51.411645],[12.36177,51.411633],[12.362062,51.411188],[12.362336,51.410772],[12.362347,51.410755],[12.362347,51.410754],[12.362458,51.410585],[12.362519,51.410493],[12.362637,51.410312],[12.362861,51.409973],[12.363864,51.408445],[12.364168,51.407983],[12.364465,51.40753],[12.364475,51.407516],[12.364584,51.40735],[12.364778,51.407055],[12.364781,51.40705],[12.364864,51.406925],[12.364881,51.406898],[12.364883,51.406893],[12.364883,51.406893],[12.364886,51.406888],[12.364926,51.406825],[12.364981,51.406723],[12.365264,51.406322],[12.365304,51.406266],[12.366763,51.404069],[12.366814,51.403987],[12.366823,51.403903],[12.366858,51.403819],[12.36695,51.403755],[12.366952,51.403751],[12.36698,51.403683],[12.367002,51.403632],[12.366962,51.403648],[12.366868,51.403686],[12.365739,51.403445],[12.365562,51.403407],[12.36554,51.403448],[12.365518,51.403488],[12.3649,51.403348],[12.364726,51.403266],[12.364177,51.402856],[12.363906,51.402735],[12.363528,51.402637],[12.363389,51.402601],[12.363045,51.402549],[12.362487,51.402515],[12.362481,51.402515],[12.362138,51.402529],[12.361922,51.402537],[12.361762,51.402535],[12.361608,51.402532],[12.361536,51.40253],[12.361213,51.402511],[12.360936,51.402493],[12.360816,51.402478],[12.360422,51.402431],[12.360151,51.402398],[12.36003,51.402377],[12.359641,51.402309],[12.358351,51.402058],[12.357857,51.401932],[12.357753,51.401906],[12.35687,51.401682],[12.355983,51.401432],[12.355359,51.401257],[12.354482,51.400945],[12.354391,51.400897],[12.354306,51.400866],[12.353667,51.400641],[12.353625,51.400622],[12.353284,51.400464],[12.35282,51.400244],[12.352454,51.400061],[12.352225,51.399984],[12.351484,51.399779],[12.351063,51.399671],[12.35108,51.399615],[12.351135,51.399361],[12.351185,51.399117],[12.351259,51.398568],[12.351274,51.398461],[12.351301,51.398328],[12.351369,51.398095],[12.351379,51.398063],[12.351473,51.397463],[12.351521,51.397157],[12.35156,51.396909],[12.351599,51.396661],[12.351628,51.396478],[12.351628,51.396473],[12.351634,51.396437],[12.351664,51.396232],[12.351699,51.395987],[12.351735,51.39574],[12.351771,51.395493],[12.351806,51.395246],[12.351854,51.394918],[12.351898,51.394664],[12.351969,51.394269],[12.351976,51.394234],[12.352014,51.394022],[12.352015,51.394019],[12.352017,51.394007],[12.35202,51.393987],[12.352019,51.39398],[12.352012,51.393935],[12.352037,51.393745],[12.35208,51.393424],[12.352086,51.39338],[12.35212,51.393116],[12.352134,51.393029],[12.352157,51.392918],[12.352226,51.392483],[12.352295,51.392024],[12.352383,51.39139],[12.352388,51.391358],[12.352389,51.391354],[12.352391,51.391348],[12.352398,51.391308],[12.352434,51.391119],[12.352488,51.390772],[12.352511,51.390633],[12.352555,51.39037],[12.352562,51.390332],[12.35258,51.390227],[12.352588,51.390181],[12.352591,51.39015],[12.352592,51.390142],[12.3526,51.390108],[12.352658,51.389731],[12.352674,51.389626],[12.352691,51.389516],[12.352716,51.389357],[12.352719,51.389337],[12.352731,51.389263],[12.352742,51.389204],[12.352751,51.389159],[12.352773,51.389039],[12.352784,51.38898],[12.3528,51.388886],[12.352815,51.388801],[12.35282,51.388768],[12.352828,51.388734],[12.352854,51.388623],[12.352863,51.388583],[12.352894,51.388444],[12.352895,51.38844],[12.352907,51.388389],[12.352942,51.388267],[12.352985,51.388124],[12.353014,51.388025],[12.353023,51.387993],[12.352772,51.387863],[12.352661,51.387808],[12.352588,51.387777],[12.352493,51.387731],[12.35223,51.387608],[12.352185,51.387586],[12.352164,51.387578],[12.352001,51.38751],[12.351909,51.387469],[12.351733,51.387399],[12.351578,51.387333],[12.351348,51.387238],[12.35119,51.387176],[12.351155,51.38716],[12.351142,51.387154],[12.35113,51.387149],[12.351127,51.387147],[12.351058,51.38712],[12.350746,51.38703],[12.350676,51.387008],[12.350589,51.386986],[12.350478,51.386958],[12.350095,51.386855],[12.350073,51.386849],[12.349981,51.386828],[12.349482,51.386709],[12.349363,51.38668],[12.349292,51.386663],[12.349317,51.386588],[12.349333,51.386539],[12.34934,51.386516],[12.34936,51.386455],[12.349366,51.386438],[12.349379,51.386399],[12.349488,51.386066],[12.349493,51.38605],[12.3495,51.386035],[12.349621,51.386084],[12.349686,51.386122],[12.349793,51.386188],[12.349818,51.386196],[12.349819,51.386197],[12.349819,51.386197],[12.349838,51.386203],[12.349883,51.386212],[12.349936,51.38622],[12.349951,51.386223],[12.349954,51.386223],[12.350049,51.386236],[12.35005,51.386237],[12.350122,51.386242],[12.350386,51.3862],[12.350394,51.386198],[12.350708,51.386149],[12.350723,51.386144],[12.35077,51.386136],[12.35079,51.386132],[12.350795,51.386126],[12.350833,51.386066],[12.350842,51.386051],[12.350844,51.386048],[12.350847,51.386047],[12.350872,51.386037],[12.350884,51.386032],[12.350884,51.386032],[12.350884,51.386032],[12.350903,51.386024],[12.351028,51.386007],[12.351206,51.385983],[12.351392,51.385951],[12.351422,51.385947],[12.351466,51.385942],[12.351505,51.385936],[12.351546,51.385928],[12.351574,51.385921],[12.351608,51.38591],[12.351637,51.3859],[12.351669,51.385888],[12.351695,51.38588],[12.351742,51.385862],[12.351774,51.385853],[12.351801,51.385847],[12.351845,51.385837],[12.351895,51.385829],[12.351935,51.385822],[12.351992,51.385812],[12.352061,51.3858],[12.352101,51.385792],[12.352133,51.385786],[12.352173,51.385778],[12.352227,51.385766],[12.352333,51.385745],[12.352374,51.385738],[12.352397,51.385735],[12.352424,51.385732],[12.352442,51.385731],[12.352472,51.38573],[12.352509,51.385732],[12.352568,51.385732],[12.352597,51.385731],[12.352622,51.38573],[12.352656,51.385727],[12.352686,51.385724],[12.352714,51.385719],[12.352744,51.385714],[12.352774,51.385708],[12.352804,51.385704],[12.352842,51.3857],[12.352874,51.385695],[12.35291,51.385687],[12.352938,51.385679],[12.352965,51.385671],[12.352993,51.385663],[12.353033,51.385651],[12.353054,51.385644],[12.353071,51.385639],[12.353091,51.385631],[12.353107,51.385622],[12.353132,51.385608],[12.353149,51.385594],[12.35316,51.385582],[12.353174,51.38557],[12.353189,51.38556],[12.353206,51.385552],[12.353225,51.385548],[12.353246,51.385546],[12.353265,51.385545],[12.353302,51.38554],[12.353324,51.385538],[12.35335,51.385537],[12.353385,51.385537],[12.353406,51.385537],[12.353435,51.385537],[12.353457,51.385536],[12.353476,51.385533],[12.353491,51.385531],[12.353502,51.385529],[12.35354,51.385523],[12.353542,51.385523],[12.353563,51.385521],[12.353587,51.385521],[12.353602,51.385521],[12.353625,51.385522],[12.353647,51.385524],[12.353666,51.385526],[12.353684,51.385528],[12.353705,51.385529],[12.353737,51.38553],[12.353755,51.385529],[12.353774,51.385526],[12.353791,51.38552],[12.353814,51.385515],[12.353848,51.385508],[12.353889,51.385501],[12.353917,51.385496],[12.353947,51.38549],[12.353991,51.385481],[12.354016,51.385476],[12.354042,51.385468],[12.354059,51.385462],[12.354076,51.385452],[12.354086,51.385442],[12.354096,51.385425],[12.354103,51.385409],[12.354118,51.385387],[12.354127,51.385374],[12.35414,51.385363],[12.354155,51.38535],[12.35417,51.385338],[12.354189,51.385326],[12.354205,51.385318],[12.354228,51.38531],[12.35425,51.385303],[12.354277,51.385295],[12.354316,51.385285],[12.354335,51.385281],[12.35435,51.38528],[12.354371,51.38528],[12.354403,51.38528],[12.354667,51.38527],[12.354697,51.385268],[12.354726,51.385265],[12.354757,51.385261],[12.354789,51.385256],[12.354821,51.385251],[12.354845,51.385248],[12.354868,51.385244],[12.354895,51.385239],[12.354922,51.385235],[12.354951,51.38523],[12.354975,51.385226],[12.354999,51.385221],[12.355021,51.385216],[12.35505,51.385207],[12.355066,51.385201],[12.355084,51.385194],[12.355099,51.385186],[12.355113,51.385181],[12.355127,51.385177],[12.355146,51.385171],[12.355165,51.385168],[12.355183,51.385166],[12.355204,51.385164],[12.35527,51.38516],[12.355287,51.385158],[12.355306,51.385154],[12.355326,51.385148],[12.355336,51.385141],[12.355354,51.38513],[12.355368,51.385116],[12.355376,51.385108],[12.355385,51.385099],[12.355393,51.385087],[12.355405,51.385073],[12.35542,51.385055],[12.355437,51.385037],[12.355452,51.385017],[12.355477,51.384983],[12.355491,51.384966],[12.355509,51.384945],[12.355531,51.384915],[12.355543,51.384899],[12.355549,51.384887],[12.355561,51.384867],[12.355573,51.384845],[12.35558,51.384829],[12.355591,51.384809],[12.3556,51.384795],[12.355609,51.384785],[12.355621,51.384773],[12.355634,51.384763],[12.355651,51.384749],[12.35567,51.38474],[12.355688,51.384733],[12.355742,51.384712],[12.355763,51.384703],[12.355782,51.384693],[12.355799,51.384684],[12.355821,51.384673],[12.355846,51.38466],[12.355871,51.384652],[12.355897,51.384641],[12.355926,51.384629],[12.355947,51.38462],[12.355967,51.384609],[12.355983,51.384596],[12.355997,51.384581],[12.356018,51.384556],[12.356036,51.384534],[12.356061,51.384504],[12.35608,51.384482],[12.356089,51.384465],[12.356101,51.38444],[12.356105,51.384426],[12.356107,51.384405],[12.35611,51.384382],[12.356116,51.384361],[12.35612,51.384345],[12.356133,51.384315],[12.35614,51.384298],[12.356148,51.384279],[12.356159,51.384257],[12.356169,51.384239],[12.356179,51.384221],[12.356191,51.384201],[12.356207,51.384177],[12.356224,51.384156],[12.356234,51.384139],[12.356249,51.384117],[12.356259,51.384101],[12.356269,51.384085],[12.356278,51.384072],[12.356284,51.38406],[12.356292,51.384041],[12.356305,51.384017],[12.356313,51.383999],[12.356324,51.383975],[12.356335,51.383951],[12.356345,51.383931],[12.356356,51.383906],[12.356362,51.383889],[12.356367,51.383871],[12.356377,51.38385],[12.356387,51.383826],[12.356397,51.383812],[12.356407,51.383797],[12.356421,51.383778],[12.356436,51.383759],[12.35645,51.383742],[12.35647,51.38371],[12.356482,51.383694],[12.356495,51.383669],[12.356512,51.383641],[12.356523,51.383623],[12.35655,51.383574],[12.356556,51.38356],[12.356563,51.383547],[12.356574,51.383537],[12.356586,51.383527],[12.356594,51.38352],[12.356606,51.383512],[12.356633,51.3835],[12.356664,51.383486],[12.356751,51.383448],[12.356778,51.383437],[12.356811,51.383424],[12.356838,51.383416],[12.356912,51.383394],[12.356947,51.383384],[12.356976,51.383377],[12.357009,51.38337],[12.357038,51.383363],[12.357073,51.383356],[12.357104,51.383351],[12.357144,51.383345],[12.357174,51.383339],[12.357403,51.38329],[12.357434,51.383285],[12.35746,51.383282],[12.357494,51.383283],[12.357526,51.383288],[12.357607,51.383306],[12.357643,51.383314],[12.357688,51.383322],[12.357813,51.38334],[12.357841,51.383342],[12.357869,51.383344],[12.357901,51.383345],[12.357936,51.383344],[12.357963,51.383343],[12.357995,51.38334],[12.358028,51.383333],[12.358074,51.383321],[12.358147,51.3833],[12.358356,51.383246],[12.358402,51.383247],[12.358445,51.383231],[12.358449,51.38323],[12.358532,51.3832],[12.358656,51.383153],[12.358798,51.38309],[12.358803,51.383087],[12.358816,51.383088],[12.358841,51.383089],[12.358901,51.383085],[12.359299,51.38306],[12.359319,51.383054],[12.35951,51.383048],[12.359691,51.383032],[12.359701,51.38303],[12.359897,51.383014],[12.359932,51.383009],[12.359964,51.382995],[12.360053,51.382934],[12.360113,51.382893],[12.360297,51.38281],[12.360322,51.382806],[12.360352,51.382817],[12.360412,51.382851],[12.360443,51.382864],[12.36045,51.382866],[12.360457,51.382869],[12.360471,51.382874],[12.360485,51.382878],[12.360507,51.382884],[12.360527,51.382889],[12.360528,51.382889],[12.360529,51.38289],[12.360552,51.382894],[12.360632,51.382923],[12.360639,51.382926],[12.360681,51.382938],[12.360748,51.382949],[12.360763,51.382951],[12.360821,51.382958],[12.360891,51.382964],[12.361075,51.382973],[12.361133,51.382985],[12.361205,51.382998],[12.361286,51.38302],[12.361381,51.38305],[12.361556,51.383104],[12.361748,51.383156],[12.361847,51.383181],[12.361883,51.383191],[12.361908,51.383197],[12.362109,51.383248],[12.362299,51.383304],[12.362547,51.383376],[12.362592,51.383392],[12.362805,51.383468],[12.362968,51.383526],[12.362975,51.383528],[12.362981,51.38353],[12.363132,51.383584],[12.363151,51.38359],[12.363242,51.383618],[12.363359,51.383652],[12.363426,51.383667],[12.363512,51.383692],[12.363558,51.383709],[12.363631,51.383741],[12.363798,51.38382],[12.363967,51.383901],[12.364059,51.383943],[12.364168,51.383992],[12.364201,51.384004],[12.364204,51.384005],[12.364212,51.384009],[12.364219,51.384011],[12.36422,51.384012],[12.36426,51.384027],[12.364386,51.384063],[12.364631,51.384121],[12.364825,51.384169],[12.36485,51.384175],[12.36536,51.384304],[12.365378,51.384309],[12.365396,51.384313],[12.365428,51.384321],[12.365788,51.384414],[12.365989,51.384457],[12.366044,51.384469],[12.366239,51.3845],[12.36638,51.384516],[12.36659,51.384534],[12.366606,51.384536],[12.366615,51.384536],[12.366629,51.384537],[12.366675,51.38454],[12.366785,51.384548],[12.36736,51.384549],[12.36757,51.384548],[12.367954,51.384547],[12.368055,51.384536],[12.368121,51.384508],[12.368128,51.384506],[12.368148,51.384501],[12.368157,51.384499],[12.368159,51.384499],[12.368187,51.384492],[12.368232,51.384486],[12.368283,51.384479],[12.368324,51.384474],[12.368355,51.384464],[12.368425,51.384445],[12.368502,51.384418],[12.368552,51.384403],[12.368621,51.384383],[12.368655,51.384375],[12.368715,51.384368],[12.368763,51.384357],[12.368872,51.384311],[12.368906,51.384293],[12.368944,51.384266],[12.369005,51.38424],[12.369055,51.384221],[12.369095,51.384209],[12.369131,51.3842],[12.369174,51.384196],[12.369246,51.384193],[12.369248,51.384193],[12.369264,51.384193],[12.369287,51.384193],[12.369307,51.384192],[12.369415,51.384185],[12.369464,51.384178],[12.369494,51.38417],[12.369545,51.384165],[12.369584,51.384165],[12.369616,51.384165],[12.36965,51.384169],[12.36968,51.384167],[12.369761,51.384161],[12.369852,51.384166],[12.369891,51.384165],[12.369923,51.384163],[12.370001,51.384163],[12.370124,51.384166],[12.37018,51.384166],[12.370188,51.384166],[12.370215,51.384165],[12.370261,51.384162],[12.370394,51.384155],[12.370449,51.384149],[12.370548,51.384149],[12.370595,51.384147],[12.370653,51.384139],[12.370675,51.384137],[12.370704,51.384129],[12.370882,51.384053],[12.370999,51.384011],[12.371053,51.383994],[12.371205,51.383936],[12.37126,51.383907],[12.371294,51.383887],[12.371358,51.38384],[12.371385,51.383816],[12.371392,51.3838],[12.371405,51.383804],[12.371612,51.383884],[12.371707,51.383951],[12.371871,51.384025],[12.372099,51.384137],[12.37226,51.384216],[12.372362,51.384267],[12.372436,51.384304],[12.372499,51.384331],[12.372718,51.38444],[12.373146,51.384639],[12.373341,51.384737],[12.373653,51.384886],[12.373782,51.384948],[12.374029,51.385062],[12.374534,51.38531],[12.374536,51.385311],[12.374537,51.385311],[12.37454,51.385313],[12.374546,51.385316],[12.374658,51.385363],[12.374659,51.385363],[12.374764,51.385424],[12.374829,51.385468],[12.374939,51.385536],[12.375143,51.385684],[12.375228,51.385754],[12.375376,51.385889],[12.37552,51.386014],[12.375555,51.386026],[12.375567,51.386034],[12.375594,51.386063],[12.375606,51.386082],[12.375613,51.386102],[12.375632,51.38613],[12.375642,51.386153],[12.375657,51.386181],[12.375698,51.386239],[12.3757,51.386252],[12.375698,51.38627],[12.375699,51.386283],[12.375745,51.38638],[12.375775,51.386425],[12.375857,51.386536],[12.37589,51.3866],[12.375926,51.386629],[12.375963,51.386648],[12.37602,51.386708],[12.376034,51.38673],[12.376046,51.386769],[12.376103,51.386842],[12.376146,51.386906],[12.376217,51.386985],[12.376249,51.387088],[12.376285,51.387125],[12.376287,51.387163],[12.376301,51.387221],[12.376317,51.387366],[12.376324,51.387447],[12.376321,51.387489],[12.37631,51.387515],[12.376307,51.387551],[12.376293,51.38757],[12.376292,51.387572],[12.376266,51.387595],[12.376247,51.387617],[12.376233,51.387642],[12.376231,51.387652],[12.376237,51.387661],[12.37625,51.387669],[12.376267,51.387672],[12.376528,51.387651],[12.376605,51.387656],[12.376675,51.387653],[12.376698,51.387647],[12.376726,51.387645],[12.376793,51.387647],[12.376834,51.387657],[12.376929,51.387698],[12.376967,51.387724],[12.377004,51.387744],[12.377049,51.387748],[12.377095,51.38776],[12.377121,51.387759],[12.377148,51.387754],[12.377167,51.387744],[12.377185,51.387724],[12.377211,51.387716],[12.377253,51.387717],[12.377374,51.387505],[12.377434,51.387313],[12.377513,51.387039],[12.377979,51.387248],[12.378028,51.387285],[12.37819,51.387335],[12.378255,51.387369],[12.3783,51.387422],[12.378373,51.387476],[12.378473,51.387521],[12.378685,51.387701],[12.378729,51.387719],[12.378784,51.387747],[12.378792,51.387752],[12.378802,51.387757],[12.3789,51.387808],[12.378911,51.387817],[12.378941,51.387847],[12.378951,51.387858],[12.378969,51.38788],[12.378995,51.387912],[12.379046,51.38796],[12.37912,51.388],[12.379159,51.388026],[12.379207,51.388046],[12.379235,51.388062],[12.379319,51.388105],[12.379325,51.388108],[12.379326,51.388108],[12.379405,51.38814],[12.379454,51.38815],[12.379494,51.388164],[12.37953,51.388181],[12.379602,51.388204],[12.379702,51.388243],[12.379721,51.388254],[12.379736,51.388261],[12.379898,51.388322],[12.37999,51.388348],[12.380103,51.388375],[12.380136,51.388384],[12.380249,51.388424],[12.380371,51.388461],[12.380415,51.388466],[12.38048,51.38847],[12.380539,51.388479],[12.380579,51.388482],[12.380658,51.388489],[12.380755,51.388495],[12.380992,51.388503],[12.381075,51.388506],[12.381116,51.388509],[12.381246,51.388509],[12.381284,51.388511],[12.381353,51.388515],[12.381411,51.388518],[12.381452,51.388518],[12.381565,51.388523],[12.381637,51.388528],[12.381711,51.388529],[12.381823,51.388531],[12.381852,51.38853],[12.381882,51.388527],[12.381895,51.388525],[12.381923,51.388526],[12.381932,51.388527],[12.381949,51.388529],[12.382036,51.388528],[12.382105,51.388525],[12.382195,51.388521],[12.382412,51.388515],[12.382433,51.388512],[12.38251,51.388509],[12.382647,51.388506],[12.382733,51.38851],[12.382827,51.38851],[12.382914,51.388518],[12.382951,51.388522],[12.383024,51.388524],[12.383052,51.388526],[12.383065,51.388527],[12.383152,51.388533],[12.383234,51.388539],[12.383238,51.388539],[12.38329,51.388543],[12.383309,51.388543],[12.383353,51.388541],[12.38356,51.388542],[12.383797,51.388541],[12.384188,51.388507],[12.38439,51.388512],[12.384414,51.388514],[12.384665,51.388515],[12.385275,51.388553],[12.385539,51.388576],[12.386083,51.388635],[12.386106,51.388639],[12.386162,51.388644],[12.386294,51.38866],[12.386398,51.388666],[12.386407,51.388666],[12.386419,51.388667],[12.386422,51.388667],[12.386558,51.388675],[12.386786,51.388687],[12.38681,51.388688],[12.387061,51.388697],[12.387309,51.388707],[12.387561,51.388716],[12.387815,51.388725],[12.387884,51.388728],[12.388034,51.38873],[12.388256,51.388733],[12.388462,51.388736],[12.388633,51.388738],[12.388775,51.38874],[12.388857,51.388734],[12.388974,51.388709],[12.389261,51.388632],[12.389261,51.388632],[12.389274,51.388629],[12.389277,51.388628],[12.389279,51.388627],[12.389352,51.388628],[12.389468,51.388652],[12.389665,51.388685],[12.390088,51.388744],[12.390299,51.388765],[12.390509,51.388786],[12.390966,51.388811],[12.39103,51.388815],[12.391124,51.388814],[12.391155,51.388814],[12.39129,51.388814],[12.391388,51.388849],[12.391654,51.388944],[12.391728,51.389078],[12.392319,51.389728],[12.39238,51.389787],[12.392508,51.389946],[12.392537,51.389982],[12.392622,51.390089],[12.392625,51.390091],[12.392702,51.3902],[12.392802,51.390341],[12.392818,51.390364],[12.392824,51.390372],[12.392882,51.390454],[12.392931,51.390525],[12.393131,51.390833],[12.39322,51.390976],[12.393458,51.39142],[12.393534,51.391551],[12.393583,51.391635],[12.393605,51.391673],[12.393636,51.391735],[12.393675,51.391814],[12.394022,51.392511],[12.394203,51.392879],[12.39454,51.393542],[12.394588,51.393637],[12.394601,51.393661],[12.394605,51.393669],[12.39466,51.393778],[12.394812,51.394074],[12.394862,51.394205],[12.394867,51.394232],[12.394885,51.394338],[12.394878,51.394429],[12.394871,51.394457],[12.39487,51.39446],[12.394865,51.394482],[12.394849,51.39455],[12.394821,51.394629],[12.394759,51.394795],[12.394745,51.394832],[12.394742,51.39484],[12.394613,51.395144],[12.394601,51.395182],[12.394519,51.395365],[12.394446,51.395547],[12.394392,51.395707],[12.394377,51.395751],[12.394004,51.396978],[12.393979,51.397084],[12.393869,51.397485],[12.393832,51.397621],[12.393745,51.397846],[12.393662,51.39809],[12.393534,51.398476],[12.393364,51.399031],[12.393292,51.399291],[12.393177,51.399872],[12.393099,51.400221],[12.393096,51.400234],[12.39302,51.400565],[12.392995,51.400653],[12.392971,51.400742],[12.39276,51.40121],[12.39257,51.401706],[12.392415,51.402114],[12.39229,51.402399],[12.39214,51.40274],[12.39208,51.40272],[12.391979,51.402685],[12.391917,51.402674],[12.391903,51.402714],[12.391843,51.402964],[12.391843,51.402966],[12.391831,51.403044],[12.391822,51.403097],[12.390276,51.402869],[12.390509,51.403144],[12.390623,51.40328],[12.390755,51.403434],[12.390893,51.4036],[12.390905,51.40362],[12.390918,51.403629],[12.390679,51.403644],[12.390485,51.40375],[12.390185,51.403863],[12.389971,51.403948],[12.389747,51.404038],[12.389536,51.404105],[12.389292,51.404172],[12.389269,51.404178],[12.389001,51.404265],[12.388806,51.404307],[12.389312,51.404967],[12.389868,51.405593],[12.389904,51.405633],[12.390008,51.40575],[12.390253,51.406025],[12.390277,51.406051],[12.39061,51.406407],[12.391118,51.406975],[12.39124,51.40711],[12.391462,51.407344],[12.391762,51.407692],[12.391818,51.407755],[12.391828,51.407766],[12.39198,51.407938],[12.392004,51.407965],[12.39215,51.408119],[12.392253,51.408228],[12.392275,51.408252],[12.392811,51.408828],[12.393344,51.409405],[12.393628,51.409708],[12.393648,51.409729],[12.394121,51.410256],[12.394196,51.41034],[12.394223,51.41037],[12.394347,51.410508],[12.394449,51.410622],[12.394508,51.410702],[12.394695,51.410902],[12.394742,51.410982],[12.394796,51.410985],[12.394963,51.410995],[12.395069,51.411002],[12.39527,51.411441],[12.395542,51.411909],[12.395999,51.412499],[12.396321,51.41318],[12.396522,51.413764],[12.396568,51.414079],[12.396579,51.414384],[12.396554,51.414753],[12.396419,51.415287],[12.396302,51.415523],[12.396198,51.415737],[12.396174,51.415757],[12.395915,51.416188],[12.3957,51.416477],[12.395492,51.41671],[12.395287,51.416907],[12.394956,51.417191],[12.394579,51.417479],[12.394479,51.417572],[12.394079,51.417791],[12.394079,51.417791],[12.39357,51.418043],[12.393569,51.418044],[12.393314,51.418154],[12.392969,51.418286],[12.392967,51.418286],[12.392995,51.418376],[12.392995,51.418377],[12.389253,51.419302],[12.389252,51.419302],[12.389233,51.419322],[12.389117,51.419438],[12.38871,51.419848],[12.388709,51.419849],[12.38845,51.419602],[12.387982,51.419729],[12.387151,51.419951],[12.386554,51.420106],[12.385943,51.42026],[12.384889,51.420523],[12.384828,51.420538],[12.383833,51.42078],[12.382779,51.421025],[12.381874,51.421277],[12.381064,51.421496],[12.380969,51.421526],[12.380969,51.421526],[12.380904,51.421575],[12.380864,51.421625],[12.380844,51.42169],[12.380844,51.421691],[12.380713,51.421686],[12.380553,51.42168],[12.38041,51.421674],[12.379083,51.421984],[12.378646,51.422092],[12.378553,51.422092],[12.37847,51.422075],[12.378403,51.42205],[12.378354,51.422011],[12.378093,51.422071],[12.378093,51.422071],[12.377968,51.422326]]]}}]}
