{"type":"FeatureCollection","meta":{"status":"supplementary_public_violence_count_only","year":2025,"city":"Stuttgart","metric_scope":"public_space_violent_crime_only_NOT_all_violence","metric_names":{"public_violence":"公共场所暴力犯罪（PKS Gewaltkriminalität im öffentlichen Raum）","public_robbery":"公共场所抢劫及暴力勒索","public_serious_injury":"公共场所危险及严重伤害"},"source":"https://www.landtag-bw.de/resource/blob/620460/1a5fd7fcd9c3aea2600f92f0fca27952/17_10292_D.pdf","official_geometry_source":"https://www.stuttgart.de/medien/ibs/OpenData-KLGL-Generalsisiert.zip","source_coverage":"Baden-Württemberg Landtag DS 17/10292 printed pages 3-5","districts":23,"area_km2":207.4033,"city_totals":{"public_violence":1636,"public_robbery":358,"public_serious_injury":1243},"mapped_totals":{"public_violence":1577,"public_robbery":350,"public_serious_injury":1194},"unlocated_city_cases":{"public_violence":59,"public_robbery":8,"public_serious_injury":49},"no_population_rates":true,"limitation":"Counts of crimes in PUBLIC SPACE only; they are not the PKS all-settings Gewaltkriminalität category. Unallocated city cases do not map to districts."},"features":[{"type":"Feature","id":"stuttgart-16","properties":{"city":"Stuttgart","district_code":"16","name":"Plieningen","official_crime_values":null,"year":2025,"public_space_only":true,"metrics":{"public_violence":{"2025":5,"rate":null},"public_robbery":{"2025":1,"rate":null},"public_serious_injury":{"2025":3,"rate":null}}},"geometry":{"type":"MultiPolygon","coordinates":[[[[9.192034190334843,48.721734530708034],[9.191877605236938,48.72196584544785],[9.192779370741707,48.722454682164205],[9.193559643638986,48.72296074007542],[9.194173349052129,48.723752495858285],[9.194643448932494,48.724536558216506],[9.19484814592345,48.72481369018049],[9.195207340696513,48.72481307503629],[9.195937766767623,48.724827675569244],[9.196596789566824,48.72495338034527],[9.196766389323091,48.72545252210721],[9.196875150195618,48.72570601875242],[9.197002902056992,48.72614322630049],[9.19697299859156,48.72660497822486],[9.197165664440965,48.72724472319342],[9.197198178643854,48.727454526532576],[9.197232699733716,48.72817847677069],[9.19729039073955,48.72874499147274],[9.197331825036478,48.72920661302334],[9.19645837017471,48.729211619351155],[9.195276002888894,48.72966987985872],[9.19488242736001,48.7297734915225],[9.19437471906275,48.729856697068776],[9.193659601174632,48.729926531966505],[9.192851430486442,48.730058312938326],[9.191504679862778,48.73033513001295],[9.1907482517234,48.73045307505457],[9.190167874768868,48.73051581376068],[9.18923471368287,48.73051735718241],[9.188571394271083,48.73058708620833],[9.187628244514078,48.730691593602195],[9.186850866781578,48.73076150557801],[9.185735727561228,48.73076347123172],[9.184984220018471,48.7306890215569],[9.184237468403703,48.73063530065821],[9.183386781582657,48.73051309605421],[9.180004802244243,48.730024185084325],[9.179527529957669,48.729928831190975],[9.17907070331098,48.729751076651866],[9.178624666056182,48.72968999308687],[9.178964631854143,48.72908540625237],[9.179181749403496,48.72892031973356],[9.179168291250964,48.72808285987084],[9.179095060885674,48.727883942429074],[9.179172153433313,48.727671104704875],[9.179524821628121,48.72706853924903],[9.17987765739654,48.72653819268465],[9.180176736226601,48.72624272330928],[9.180476388932815,48.7261158301591],[9.181531882100312,48.72627674882109],[9.18480564262966,48.726229417240525],[9.185332507165842,48.72606600788891],[9.185768440147097,48.72590877370837],[9.185789726982462,48.725427039441776],[9.185261557996876,48.72550370226415],[9.184882947403043,48.72553347376473],[9.184372092875522,48.72552847814006],[9.183861273355758,48.725529327629154],[9.183314998924345,48.72547189545859],[9.183243708057407,48.72523877087971],[9.183172874929486,48.72513974429333],[9.182908433022302,48.725081842943354],[9.182705645382008,48.72502384144503],[9.182565496158679,48.72479253843895],[9.182422123404866,48.72456360721875],[9.182368523539735,48.72435376463179],[9.182296716500058,48.72398068141381],[9.182154466182476,48.72361353355324],[9.181985400509403,48.72314147265663],[9.18179051045311,48.72282689491461],[9.18166574021044,48.72243638752484],[9.18017561232124,48.72194308849044],[9.179707957494212,48.72168725120444],[9.179663250854663,48.72150655141521],[9.17961723707074,48.72094681366755],[9.179500613752822,48.720340534093204],[9.179420157548876,48.72000244169008],[9.179295815015564,48.719705239837566],[9.179100968635725,48.719390653702476],[9.178968027789479,48.71915177820805],[9.179080950229729,48.71871425286342],[9.179643499768913,48.718415950232774],[9.180046525224416,48.71783802484799],[9.180370656003616,48.71736518221512],[9.180729558506167,48.716769826041244],[9.18106258197366,48.71632612637328],[9.180665191796825,48.71600603134563],[9.180276610549491,48.71568591665141],[9.180114172726896,48.71548909381572],[9.179832672016033,48.71507647451095],[9.17978092881364,48.714860269960795],[9.179722690505574,48.714632199798885],[9.1794857469963,48.7141666122859],[9.179255864522048,48.713956232698045],[9.179000989730561,48.71387233484964],[9.178122809654539,48.713907408549055],[9.177893385244102,48.71382346620529],[9.175850513494671,48.714077493513614],[9.174903714632151,48.714300076901566],[9.174140781097574,48.714528848334375],[9.173607105909527,48.71479941699184],[9.173315370197054,48.7150948993519],[9.172808076866266,48.71564360190561],[9.172338507756058,48.716057365921294],[9.171868446845004,48.71632781688709],[9.17130897324327,48.71651410574873],[9.170444082251883,48.71672613561539],[9.17022738939115,48.71664215831554],[9.170061658972537,48.71656653741481],[9.16946157192292,48.71602792922197],[9.169194189395094,48.716011463525525],[9.16857064693402,48.71607138984349],[9.16796003092676,48.71619029914514],[9.16749744030673,48.714875957951584],[9.168036124636908,48.71475235209261],[9.16856593738002,48.71465521682862],[9.170745467096381,48.71172687386088],[9.169701294165561,48.711593541939195],[9.169636754513258,48.71132388069839],[9.169499941857493,48.710854745130746],[9.170267775719482,48.709937165689254],[9.171463359744848,48.710099430765496],[9.171947856557072,48.71010584983888],[9.172571890124377,48.70999084573332],[9.172516841453374,48.709620165656105],[9.17294706410981,48.70950543513805],[9.172329874949138,48.70847246671919],[9.172251698646807,48.70819605314029],[9.172150112829028,48.70753834773058],[9.172032372643494,48.70649070052818],[9.17258099553088,48.70637580435807],[9.172823748068678,48.70497081902442],[9.173054349036043,48.70416496073818],[9.173959823591058,48.70385263396864],[9.174784399475167,48.70355112455866],[9.175996664880323,48.70302381501829],[9.17719283482642,48.702496521918206],[9.178469840015223,48.701915497853214],[9.18034483153522,48.70106544069705],[9.183431383601793,48.699548463443435],[9.184832817725056,48.698885109757924],[9.185758482943042,48.698450911565615],[9.187939992613309,48.69741790090314],[9.188106202861167,48.697311757285696],[9.190406748690162,48.69613627783542],[9.190993444920439,48.69583648779397],[9.193094196007284,48.69491074816609],[9.193522548892124,48.694744820548394],[9.194465219778381,48.6943783801694],[9.195146769708572,48.6941137409221],[9.197054540366334,48.693531360577246],[9.198720206140976,48.69311019787313],[9.200321281398702,48.69275355527597],[9.201922741073036,48.692504133203315],[9.20352431858868,48.692286856921946],[9.20481900739391,48.692230950239434],[9.207796903499391,48.69213983895636],[9.211697579241399,48.69208983425225],[9.218046474311036,48.69207264877844],[9.218314150616436,48.692060109573184],[9.220198883017924,48.692065077161025],[9.222173870200821,48.69204418210366],[9.222785478668179,48.692059543092086],[9.223297127472794,48.69208477802578],[9.224355859874901,48.692125493165555],[9.22517068408605,48.69221907156657],[9.226008770922162,48.69230875993343],[9.227695504012528,48.69247405278502],[9.229382315906749,48.69265335921147],[9.231408797654177,48.692909218665655],[9.235085335678704,48.693351444091014],[9.245074505127628,48.69449243611722],[9.244957701808882,48.69481341548456],[9.244832529611719,48.6952264885345],[9.244121246455212,48.697609124198344],[9.242990900269314,48.69747608278677],[9.241989587880484,48.69732137740662],[9.240589922334586,48.697103340157014],[9.239577722204336,48.696927260010355],[9.239497048515886,48.698074940692116],[9.239457301939467,48.698773511062015],[9.239363735815866,48.699465076344694],[9.239259065661217,48.70008537135832],[9.239145783274978,48.700396117619924],[9.239000647058015,48.70086390810735],[9.238834308223497,48.70128353675118],[9.238675642068868,48.701677710972795],[9.238608860755525,48.701968249510486],[9.238485365638015,48.70261378148414],[9.238400280013105,48.703149514746585],[9.238350713464486,48.703658075496534],[9.238330900008231,48.704014491229124],[9.238472464325127,48.704370573035725],[9.238657699433048,48.7048619886298],[9.23874551645203,48.70523243207233],[9.238822543328807,48.705588645288195],[9.238900106706994,48.70606601392774],[9.238770086297006,48.70625694922029],[9.23855744401054,48.70642307242273],[9.23884967296938,48.70677169868197],[9.239217416756055,48.70716292131968],[9.239649792617211,48.70756113504519],[9.239984957130561,48.70788829795205],[9.240201765756987,48.708222846860544],[9.24054768191942,48.70854998748095],[9.240947691330176,48.7089340392113],[9.241111582695494,48.709109895447575],[9.240957597042582,48.709479913393224],[9.24084263551068,48.70987564490828],[9.240675344419826,48.71018549565831],[9.240482096386717,48.71049539582847],[9.240236023297804,48.7106162686174],[9.239951692470978,48.71088337987185],[9.239732565171797,48.71121053313947],[9.239551993995835,48.71145162848943],[9.238799035499923,48.71145319057655],[9.238579273621975,48.71165138684032],[9.238098999108752,48.71166957810768],[9.2376832797665,48.711610253553616],[9.237163852364846,48.711585524024954],[9.23661841661275,48.711543654062],[9.236371110139114,48.711406599025224],[9.23604659565162,48.71141586004845],[9.235838383646529,48.7113131148798],[9.235474180563605,48.71116769507151],[9.235201361922755,48.71112525823854],[9.234774000935115,48.71134966079462],[9.234565466630087,48.7111781308614],[9.234253248317382,48.71104119980354],[9.23382440303747,48.71094749060051],[9.233434773072743,48.71091388592915],[9.233239293641798,48.71075092828781],[9.233017523928265,48.71051924485206],[9.232796114541125,48.710364934640424],[9.23247101741002,48.7102452216658],[9.23211992077105,48.710116960799446],[9.231794780558957,48.709988650244696],[9.23136544997005,48.70978317004265],[9.231040514690736,48.70969784201756],[9.230728824722142,48.70967266943629],[9.2304304208929,48.70971624718079],[9.230145560360796,48.70988015656704],[9.230081326184699,48.710043625790405],[9.229218817895859,48.71164453651055],[9.228319828312207,48.71136409197188],[9.228157419109396,48.711711961866705],[9.228093861070839,48.71199236589896],[9.227991657436087,48.71266321490852],[9.227676295263715,48.71272481119538],[9.227361526214327,48.71292575736285],[9.227114254726027,48.713100765294676],[9.226811254114645,48.71340586489461],[9.226378534154845,48.713702837870485],[9.226130025614635,48.71401687232287],[9.22571043848193,48.71430511777633],[9.225054224710885,48.7146199595001],[9.22480585519852,48.71496012346006],[9.224663009370683,48.71536104933893],[9.224638523060575,48.715761748818295],[9.224297878482773,48.71605854059538],[9.223930977595193,48.71636409867127],[9.223486311271147,48.71693108286265],[9.222793010555227,48.71777722829049],[9.222165082272667,48.71855354815973],[9.221536653838692,48.71921664817259],[9.220710082628338,48.719662417816366],[9.22004112029327,48.72006432707553],[9.219582493801726,48.71971056182992],[9.216381645167223,48.7172726171372],[9.215963711210419,48.716935439624564],[9.21529742403892,48.71634462102264],[9.214506770887155,48.71621575790026],[9.212115827747015,48.71596472370492],[9.210577481363785,48.71581535796821],[9.208953142475538,48.71565384803292],[9.208005167083064,48.71555559531616],[9.206785107509104,48.71544840003145],[9.206493750232404,48.715247359289755],[9.206274346957494,48.71399776252639],[9.204479441330562,48.71454403580007],[9.205130929705287,48.715490295406],[9.205267057526562,48.71568849278877],[9.204629848596774,48.71590090878335],[9.20450365758534,48.71577310885596],[9.204025482664036,48.71594231888738],[9.203889273110562,48.71599199429192],[9.203340540856102,48.71616695694218],[9.202264069867937,48.71655809260188],[9.201459834867565,48.71685057832131],[9.200651832411099,48.71713714015958],[9.199039323583687,48.71772913968084],[9.198517158085659,48.71775667963737],[9.197545540962935,48.71779189224063],[9.195521270077618,48.71788291534379],[9.195395957325383,48.71800283226229],[9.195520878324643,48.719358340762874],[9.19413233708903,48.71942401363283],[9.19255848691897,48.72107566411864],[9.192034190334843,48.721734530708034]]]]}},{"type":"Feature","id":"stuttgart-23","properties":{"city":"Stuttgart","district_code":"23","name":"Zuffenhausen","official_crime_values":null,"year":2025,"public_space_only":true,"metrics":{"public_violence":{"2025":43,"rate":null},"public_robbery":{"2025":13,"rate":null},"public_serious_injury":{"2025":30,"rate":null}}},"geometry":{"type":"MultiPolygon","coordinates":[[[[9.194101383930743,48.82636644520436],[9.194267124651125,48.826662769697634],[9.195133140570086,48.82619660703225],[9.197293288996502,48.82754742708627],[9.198297374860473,48.82794119264118],[9.199122730335858,48.82853301138617],[9.200098000247323,48.829193760462914],[9.201400577708824,48.82937934176723],[9.203645614070364,48.82950391860431],[9.2036465274205,48.82973131782714],[9.203497262380077,48.82982055345928],[9.203438128774076,48.82999861993153],[9.203665750596365,48.830779288883456],[9.203070888776388,48.83167021153726],[9.20292501734125,48.83258997760082],[9.202597102053707,48.832906935139036],[9.200509699399525,48.83481897766301],[9.199167539622259,48.836017681737445],[9.198884301869729,48.83629503151449],[9.199424025887465,48.83653143838981],[9.199813796452805,48.83669885423571],[9.198664894393488,48.83756105626356],[9.198920246112346,48.83779790294475],[9.198951090730064,48.83802525651809],[9.198861645838642,48.838114396255875],[9.198712297430395,48.838193743721476],[9.198457988244723,48.83822382587685],[9.199686757926552,48.83860734481928],[9.200600880278456,48.83890229978981],[9.200705150854072,48.838783503187074],[9.20109333448465,48.83894157879361],[9.201439967494835,48.839148011060786],[9.203014190267142,48.839817592541486],[9.202745514410314,48.83999603252765],[9.202820703719453,48.84008489377007],[9.20228472140305,48.84077794289485],[9.20195491077238,48.840640102480414],[9.201553109556517,48.841194510607394],[9.201209056478096,48.84123466731713],[9.20233501906112,48.84207315503655],[9.202917210538688,48.84171617328544],[9.203967666457936,48.84239652071082],[9.2042213685692,48.842218101780226],[9.205360770007374,48.84269064338933],[9.20567471030554,48.842601087618775],[9.206276604961378,48.84339098501293],[9.2066517509806,48.84362760446342],[9.207162073308542,48.84397273093785],[9.20848047723516,48.84423725829897],[9.208496301471143,48.844444857926725],[9.209440152175521,48.844650752964476],[9.209411343011935,48.84491776576988],[9.209352460084967,48.84515516569692],[9.209622134336547,48.84521398185994],[9.209058258702997,48.8463718129168],[9.208983910179285,48.846490586974866],[9.209523325392569,48.84662801295321],[9.209495956521113,48.847241112860736],[9.20918331459875,48.847647053025916],[9.208720609812813,48.84796429228747],[9.207180450120525,48.848352690388936],[9.205292627703738,48.851549623430294],[9.202221606013248,48.85099149793202],[9.202117979449461,48.851278386607],[9.200156368306066,48.851133497537184],[9.19705844653112,48.851326759137635],[9.196920764024235,48.850644851112456],[9.193958864133046,48.851164014718954],[9.192816378981306,48.849930066579354],[9.19268191755854,48.84999950460223],[9.191494575918103,48.848765595602224],[9.190083099805213,48.84761120745672],[9.189605388306367,48.847948146911015],[9.186900681310002,48.84920822056918],[9.186494852513894,48.848764005472646],[9.18534318261692,48.84908225325309],[9.184879900580073,48.84930049534779],[9.183533535964884,48.84953995805032],[9.182766677338407,48.84859204918768],[9.180733367014525,48.849277492311465],[9.180147268625564,48.848645631823125],[9.178487569191189,48.84920197480762],[9.176887392052064,48.8496197157961],[9.176914139213904,48.848719888279106],[9.176515647178055,48.848735921548105],[9.176442036074487,48.848354234644034],[9.17625549505105,48.84737574782788],[9.176235566591778,48.847161475276764],[9.176031338057765,48.84659864719296],[9.175899361497594,48.84604524140232],[9.17560686167183,48.84503395750617],[9.173585013703777,48.84527564359283],[9.173466652475456,48.84447407334231],[9.172918773902667,48.8447994132083],[9.17122661257595,48.84427697146404],[9.168900442057913,48.844242231399384],[9.166632408859364,48.84431231605809],[9.166631811311367,48.84413096926259],[9.166126089218505,48.84411260623533],[9.16613581303488,48.842671403938816],[9.164748926740142,48.84268293239666],[9.165179662688123,48.84189009580656],[9.165295441836623,48.841695220572845],[9.16444680281463,48.84151477604784],[9.162845253743122,48.84121673835085],[9.161586660505524,48.841044264573014],[9.160193312150575,48.84087939675628],[9.16002177642809,48.841801898753005],[9.159821130987023,48.842308078640166],[9.159575346523736,48.8422511441931],[9.158418412212141,48.84189001006346],[9.157785949890918,48.84153546496442],[9.15725111484163,48.84113573914065],[9.156137617670263,48.8406737672626],[9.153300295147776,48.84067525213521],[9.150165419158464,48.84070807558161],[9.147130960458957,48.84046383957058],[9.144298380907797,48.840095061610064],[9.142044682291019,48.840078740466915],[9.141525516910141,48.840403929254855],[9.139838326740854,48.8414941751481],[9.139636338026078,48.84158986162987],[9.139532971039952,48.8414290965662],[9.138506017552595,48.8403599685291],[9.137839914298182,48.839778510892415],[9.138735075785025,48.83958655918786],[9.13838754873223,48.8392910864425],[9.139916450008013,48.83842060234992],[9.139783968120152,48.837523516366865],[9.138828895298149,48.83693296669425],[9.138625769965435,48.83661868830192],[9.137929681240427,48.83562649081897],[9.138116558385843,48.835301720103686],[9.138301958146172,48.834452001708044],[9.13864388891066,48.832771726304905],[9.138714563310893,48.83220846485189],[9.138713493478633,48.831807596979694],[9.137382920373417,48.83115066543328],[9.138727258399253,48.83154989332158],[9.138804660024034,48.83142911407265],[9.138815897960113,48.83110969446292],[9.1387832709992,48.83089125518296],[9.138652770258926,48.83070052401845],[9.13834788304198,48.83010911393305],[9.138388666192368,48.82916415409359],[9.138184834230609,48.828563090927105],[9.138226606290088,48.82799036973766],[9.138375279345858,48.8272269044849],[9.138520422828446,48.82660912985016],[9.138732303708474,48.82599126837596],[9.13907727057962,48.825205549010136],[9.139741682568475,48.82409308502598],[9.140766993715559,48.8231214061682],[9.140924592440221,48.82219487180202],[9.141055767353231,48.8213596777918],[9.141101273353115,48.82017114211429],[9.140845272705493,48.81957822577312],[9.140679055548517,48.81899508847128],[9.140541991346838,48.8181350600591],[9.140630362598335,48.817650487685526],[9.14148343544466,48.81777797736382],[9.141648500714156,48.81795574156271],[9.145705701721543,48.81898881686731],[9.146289471265574,48.81909683533009],[9.147158250231588,48.81946156330694],[9.148925112458645,48.819904149839644],[9.151125600537009,48.82033632799899],[9.152652774275836,48.82072977661956],[9.153774811984665,48.820728283582945],[9.156394171566596,48.8211400115568],[9.157188011287221,48.82143554383242],[9.157518899022236,48.8219887565826],[9.157760948520961,48.8228387054214],[9.158047266873716,48.82349083792779],[9.158287621505382,48.823797017284164],[9.15926110133927,48.824042814537364],[9.160099389555636,48.82417018768711],[9.161117524133894,48.8243961900244],[9.162239797360996,48.824444052145125],[9.163781612557418,48.82468908734643],[9.164994851716449,48.82510266906083],[9.16663900339004,48.82462574100362],[9.16653270512019,48.824151305270036],[9.167699086099184,48.823941954069696],[9.168087074420091,48.823981133795726],[9.170108570248795,48.824365746098465],[9.170259361551697,48.824412715073194],[9.171113043981318,48.824658613394995],[9.171723929753252,48.82389631478384],[9.171827641392847,48.82359954839295],[9.171811439868463,48.8232436327143],[9.171749443056905,48.822630710318904],[9.171823199278775,48.822333965100555],[9.172002144894249,48.82216561974352],[9.172166474895548,48.82209616088289],[9.172540310337599,48.82204616680211],[9.17285451648292,48.8220555933974],[9.173168997927869,48.822144106185426],[9.173317915045098,48.82194614439562],[9.173539369118197,48.8220402942921],[9.173707477429819,48.82211364107164],[9.174944568313279,48.82253595318163],[9.175339966097749,48.82262531777376],[9.175117274451823,48.82321939644145],[9.175671787962758,48.823376248200375],[9.17633011001604,48.82339503052526],[9.176718196830905,48.823147242456734],[9.176836617191297,48.82280098320652],[9.177120908610757,48.82281043146362],[9.177538853000193,48.82255269473832],[9.177820671852707,48.82188975815279],[9.17831281089667,48.821444057077755],[9.179011600874805,48.82016742068281],[9.181713772976828,48.81860088574857],[9.180786130169315,48.8185628171285],[9.180723672855432,48.817831258112236],[9.182055165143371,48.8178587865677],[9.18368456810996,48.817539756343855],[9.183327218260269,48.81799515471356],[9.184001511865931,48.818300561106156],[9.184747891773196,48.81787418837623],[9.185375378107448,48.81766549341446],[9.185943851703293,48.81767444099128],[9.185884628069124,48.81784261785682],[9.186168967888863,48.817861944617825],[9.185946945957578,48.81848523629046],[9.186022126264815,48.81858400251087],[9.185798470704169,48.81878211482455],[9.185588882652569,48.81874290282497],[9.184633626256474,48.81932783115909],[9.183067769393045,48.82068488677639],[9.182994034101029,48.82098158888857],[9.183159590355544,48.82124829108907],[9.184704655285943,48.8223480542325],[9.185342252664276,48.822859716299156],[9.185770185217148,48.82320656432177],[9.186504951198643,48.82364039537234],[9.187427630079712,48.822323875540135],[9.188305650882196,48.82107663094198],[9.188722439560578,48.82051237669486],[9.189203407416356,48.8210553376369],[9.190223925268102,48.82188417347078],[9.19218649718355,48.822573016283215],[9.192621755760571,48.82292822526644],[9.192847771051953,48.823343110767105],[9.192850244993371,48.82398577460568],[9.193211581137547,48.824568510437636],[9.193242601949411,48.82485517390933],[9.193874528750039,48.82574394299222],[9.194101383930743,48.82636644520436]]]]}},{"type":"Feature","id":"stuttgart-02","properties":{"city":"Stuttgart","district_code":"02","name":"Nord","official_crime_values":null,"year":2025,"public_space_only":true,"metrics":{"public_violence":{"2025":36,"rate":null},"public_robbery":{"2025":9,"rate":null},"public_serious_injury":{"2025":26,"rate":null}}},"geometry":{"type":"MultiPolygon","coordinates":[[[[9.177436421541952,48.787306036210346],[9.17839744345908,48.78696898294823],[9.17864191539372,48.78684133401469],[9.178728877846183,48.78670235920534],[9.178956485974474,48.78674828304587],[9.179235204385813,48.78642390556127],[9.179456420250993,48.78640422454354],[9.179543014138513,48.786257416902],[9.179741341232772,48.78634092133464],[9.180090216078602,48.78643466609386],[9.180351522455075,48.78641330593785],[9.180624535340653,48.787429100358054],[9.180704428393287,48.78761755554974],[9.180832465749514,48.78798402987806],[9.180848875987401,48.788141148167284],[9.180929552814709,48.78857053969014],[9.180993414671795,48.78870664176751],[9.181268871465951,48.790455803789094],[9.18130629771947,48.79056355420018],[9.181348911880825,48.79068616044423],[9.18149667645024,48.792100153208004],[9.18157638712873,48.79223622632588],[9.184284369095508,48.79182329398546],[9.1844267665253,48.79177068462199],[9.185458279481502,48.791108398500015],[9.186054880361194,48.79072048881868],[9.18622602343801,48.790588006144795],[9.186433203330418,48.790434677087276],[9.186689971889686,48.7902455075388],[9.186974165649838,48.789971713885485],[9.18784023004324,48.789198497986526],[9.187927693341834,48.78910711935758],[9.188146134425654,48.789308381208194],[9.188563045129197,48.78934215082944],[9.189101293463061,48.789335539515406],[9.189108155381772,48.78975041441086],[9.189676336054946,48.79006062472942],[9.190461700275351,48.790362507650336],[9.192130691003479,48.79140486934412],[9.195106182289946,48.79328269903637],[9.198263488487884,48.79530360883025],[9.201166713985819,48.797125546755],[9.202194964330078,48.797761993513035],[9.203585365838386,48.798413776868806],[9.203887956781344,48.798636631920054],[9.204037125380164,48.798828589612526],[9.2031662132811,48.79945370031721],[9.202422841599818,48.799940016038946],[9.202016264540141,48.800194779073976],[9.201435063362638,48.80046524249716],[9.199888615482463,48.80107609671935],[9.199563014502429,48.80119982333369],[9.199132461340895,48.801285262861846],[9.198690172260383,48.80134762034784],[9.19802640937262,48.80135648106972],[9.197735577448292,48.80143397743889],[9.197223922696043,48.801627329219556],[9.196735471216595,48.80179754835767],[9.19633993913794,48.80190601472643],[9.195885766091845,48.80190679282005],[9.195396452317878,48.80185373585523],[9.194860178459207,48.80170836256497],[9.194337538350158,48.80207879425058],[9.193803159123638,48.80243383594241],[9.193140560197447,48.80275829606313],[9.192489256896458,48.80298264835011],[9.191814513717379,48.803168544160236],[9.189847908137668,48.803572128706385],[9.189828380238346,48.80389859800507],[9.189826582757332,48.80409566671494],[9.189726316115964,48.80530452753919],[9.1895449784899,48.80724725964955],[9.189241723783336,48.80746021285658],[9.187357847243337,48.8080355290122],[9.1846982731748,48.808848763190696],[9.18375641443102,48.80912824872397],[9.182247462827137,48.810594046624836],[9.18154281814144,48.810266938766404],[9.181202806360153,48.80951652037872],[9.181098947342777,48.809306493889146],[9.18102941131924,48.809085061448606],[9.180917282728913,48.8089659461612],[9.180719334659171,48.80888103919037],[9.180060774837827,48.808672865983596],[9.179682616500425,48.80857632527994],[9.179454880477335,48.80852511450834],[9.178396818100476,48.80818601284105],[9.178319221262909,48.80815533176185],[9.177656917964615,48.80792022039708],[9.177071597818333,48.807631457647155],[9.176917773204154,48.80788164107314],[9.176818606318744,48.808179654541],[9.176713740345143,48.80851815109863],[9.176654951999561,48.808910203426144],[9.172787509292297,48.80884237070339],[9.172346124512123,48.809062762238256],[9.171646415139302,48.80941222995692],[9.17131118880466,48.80937863588739],[9.170468609174735,48.809215084203565],[9.170194013707517,48.80913462111741],[9.168532574835224,48.80830381219243],[9.167402474257695,48.80763887269946],[9.166350439285372,48.80650019829227],[9.16636281727709,48.80622828848723],[9.166508167755518,48.80604389154829],[9.166706766321697,48.805912047190105],[9.166641265189451,48.80586476395532],[9.166560497010263,48.80581578092343],[9.166334502435886,48.80568454632545],[9.166450485589413,48.80467940072257],[9.166530897122081,48.80457847351568],[9.166484638158225,48.8041575173985],[9.166383338545597,48.80335713660763],[9.166317862769528,48.80255077021851],[9.165593038430046,48.80228520402923],[9.16546462269899,48.802219930437715],[9.164961263273542,48.8019063556147],[9.164152093256988,48.80133230634025],[9.164089181426968,48.80129681699863],[9.163550766386745,48.80104831207331],[9.16284876903376,48.800675927040665],[9.162390962626008,48.80039197573275],[9.162262964234184,48.800655937461286],[9.161833714413433,48.800545865731145],[9.161373015518608,48.800415089109734],[9.1610274290145,48.800304912511386],[9.1606293570035,48.800132625428],[9.160377660380439,48.79992560880403],[9.160188705003167,48.79971846486792],[9.16009412389768,48.79958028736052],[9.160041396034677,48.799442042674485],[9.160051239409716,48.79924838969081],[9.159965484761855,48.79917011724338],[9.15936974389399,48.79876524820779],[9.15952633323464,48.79866821553252],[9.158174460239158,48.797861009110186],[9.157712330036889,48.79808937359595],[9.156836884836284,48.7978213187516],[9.155373478425707,48.79741721495777],[9.155092875497433,48.797355795248976],[9.15475893093989,48.797316517121246],[9.154291568399117,48.79731273924207],[9.153917764346847,48.79733531142372],[9.153564130047819,48.79741081911171],[9.153163047289935,48.797248068368155],[9.152935937261969,48.797213066255786],[9.152802384933802,48.79720882996585],[9.151931796497747,48.796283033759345],[9.151664434787971,48.79616861474818],[9.151530342254176,48.795974565151475],[9.151529558216238,48.79570971938834],[9.151127860074048,48.79532178492086],[9.150872800458774,48.79486307862311],[9.150484958262334,48.794642915148955],[9.15015095402966,48.794572746063636],[9.149937143364935,48.79451125194333],[9.149548789081082,48.79412337730284],[9.149107626151618,48.793929760595326],[9.148078480829625,48.793604499448065],[9.14737955741875,48.79345251183844],[9.147335431158849,48.79340541150966],[9.147093411045352,48.79305025665285],[9.147037326409489,48.7929452402793],[9.146702555796136,48.79251141995942],[9.146534653730752,48.792143899049336],[9.146514944122396,48.79173942136382],[9.146272894029586,48.791372005045986],[9.146271794939294,48.790992020304074],[9.146345444605032,48.79082032010995],[9.146530296074625,48.79063622067205],[9.147196337815027,48.790194096451046],[9.147585182116524,48.790046509156326],[9.147788638715033,48.78988689871295],[9.147936352301619,48.78969059121504],[9.148046961515341,48.78948206430604],[9.148639015267506,48.78910131247653],[9.149305084501549,48.78867143828713],[9.150137289057517,48.78800844501078],[9.150840422624483,48.78757851627327],[9.150895538028907,48.78740684991149],[9.150542328358341,48.7870640945283],[9.150021967724284,48.786611235627234],[9.150127233202067,48.786488086077284],[9.150758200410207,48.7860452219513],[9.150882257999886,48.78592480617769],[9.150948799279496,48.78577283132533],[9.151264600737788,48.785778747769],[9.151425588699787,48.78522162637256],[9.152822710052765,48.785226116483514],[9.152804357182998,48.78547930144755],[9.152981678860789,48.78549120447797],[9.153867678830917,48.78562203719687],[9.153954569312067,48.78548993158924],[9.154341588937323,48.78559666919734],[9.154478254643308,48.785423265360706],[9.154690540368453,48.78549722338714],[9.154759859714876,48.7854185326558],[9.154852120449995,48.78531552917419],[9.155139337250574,48.78542237655688],[9.155213833180945,48.78531504355136],[9.155475613070637,48.785265201274534],[9.155550869114045,48.78539707673109],[9.1559623252436,48.78534703035798],[9.155950441745004,48.78553675678369],[9.155888691271159,48.7857347963505],[9.156076161947999,48.78572686459973],[9.156237977529148,48.785742571813756],[9.156448426596071,48.785222644779516],[9.156535393640405,48.78510705009119],[9.157260210370284,48.7855514551062],[9.157610662857394,48.78573027214763],[9.158372117044118,48.786127299494126],[9.158310061329667,48.786226362752345],[9.158459827515847,48.786250902131286],[9.158883972980444,48.78626681413036],[9.15944528221731,48.78627427662018],[9.160256472606465,48.786413369793905],[9.160481115552262,48.78645429740088],[9.160468171492413,48.78629758697516],[9.159630267191874,48.7855976316803],[9.159878654007208,48.78525084139164],[9.160028422133262,48.78527537873322],[9.16048798257423,48.78465609760765],[9.160532650964756,48.78459813021543],[9.160699152322797,48.78437535616064],[9.161731437252275,48.784125719182285],[9.16272840007549,48.7839032204498],[9.162977761234828,48.78383456000037],[9.164044280431517,48.783582221647],[9.164449744995526,48.783488317961634],[9.164968011305945,48.78337501359162],[9.16659158502769,48.78298944324252],[9.166926531961511,48.78291312538053],[9.167191533241294,48.783023573335356],[9.168149412356037,48.783367028390494],[9.169443527948006,48.78380196356157],[9.169850388492929,48.78412218856022],[9.17036302752579,48.78440723273751],[9.171114032945349,48.78474436564008],[9.171352065370344,48.784703119084966],[9.171748942345003,48.78467909391415],[9.172057793605012,48.784713599680956],[9.172349127791227,48.78478314848591],[9.172695571624052,48.78492463024822],[9.172790361951193,48.78497024433214],[9.173189247097467,48.78524891351478],[9.173457217748048,48.78539176939791],[9.174257637683638,48.78594506302632],[9.174737976063378,48.786287573886],[9.175685498806823,48.78702541585809],[9.176019188711875,48.78728894255995],[9.176245123344543,48.787200601570774],[9.176497726024067,48.787129826189215],[9.176883614226789,48.78711164215429],[9.177136650490612,48.78716405172848],[9.177436421541952,48.787306036210346]]]]}},{"type":"Feature","id":"stuttgart-17","properties":{"city":"Stuttgart","district_code":"17","name":"Sillenbuch","official_crime_values":null,"year":2025,"public_space_only":true,"metrics":{"public_violence":{"2025":11,"rate":null},"public_robbery":{"2025":3,"rate":null},"public_serious_injury":{"2025":7,"rate":null}}},"geometry":{"type":"MultiPolygon","coordinates":[[[[9.219382139519112,48.73247993792223],[9.220039148026663,48.73244520014648],[9.220514032564937,48.732377367190516],[9.221484485447775,48.73235544932173],[9.221868292751576,48.73226772012428],[9.22226254999704,48.73226027718643],[9.22226920857787,48.7314705500651],[9.225403879987027,48.73160495047374],[9.226262503076214,48.73144264062417],[9.225983583055392,48.73238015133361],[9.22588846039474,48.733718903334754],[9.226373725188676,48.73371793307048],[9.226276450880894,48.73456758443223],[9.226136498672503,48.734922574878944],[9.226722614805718,48.734867854459395],[9.227814000104816,48.73477195424233],[9.229431207823698,48.7347218268651],[9.229755148505069,48.73480148730799],[9.231273315049975,48.735126331789694],[9.231569134315267,48.73568790300189],[9.232114567821979,48.73557301741591],[9.23301153084083,48.73712406125943],[9.233378933369135,48.73785287844257],[9.234277320376043,48.737553995539926],[9.235801133046449,48.73694187099445],[9.237314301167816,48.73622933074046],[9.239159199459404,48.737242830113665],[9.238998119093013,48.73739040696893],[9.239241279848406,48.73749698853857],[9.240202412473145,48.73764223716579],[9.2412940141618,48.73965449757398],[9.241945754465343,48.74061021015446],[9.24229158964598,48.741037303397604],[9.242699378726472,48.74173090120722],[9.242833008152203,48.74217904488445],[9.24276667995585,48.74309609245468],[9.243200003064754,48.74339829819956],[9.244433405814611,48.744063937939906],[9.245130414691413,48.74419491582617],[9.245363119788143,48.744317338723974],[9.24613244911514,48.745014807322185],[9.246669663160993,48.74570503570041],[9.247124918134356,48.74624948307259],[9.247011949911167,48.746879634122166],[9.246804930215538,48.747271852716906],[9.246818155374058,48.7476021349818],[9.246738610717374,48.747947981096736],[9.246786118226263,48.748175265531394],[9.2470879029718,48.74818230597176],[9.246883081900636,48.74901235355814],[9.2469437777269,48.7495576126538],[9.246817829027725,48.74991121914139],[9.246493226022519,48.749981038411875],[9.246214479639429,48.749935534189184],[9.245657441819308,48.749936705861856],[9.245158505109574,48.74997616605759],[9.244438562491661,48.749923922563504],[9.2440580949031,48.750469765336554],[9.243812129354401,48.750639824935554],[9.243363629864982,48.75088604216004],[9.24292986849552,48.751122281462486],[9.242831051494283,48.75117151891853],[9.24262155577155,48.751056762562904],[9.242032296464407,48.75164944835653],[9.241893725845971,48.75180336876562],[9.24159314899736,48.752057460229786],[9.24099140404742,48.75243509633342],[9.240934278675297,48.75261959180155],[9.240470874061911,48.752804929409336],[9.240251010626407,48.75294366121159],[9.240669025577787,48.752973479810315],[9.241006038831518,48.75304955199892],[9.241343177184016,48.75315635872082],[9.241455697291189,48.75354216356351],[9.241769480781432,48.75490688807159],[9.241920751501114,48.75498338486549],[9.242083599149636,48.75505216645221],[9.242801333744225,48.75465889733601],[9.242988072016544,48.75485821791405],[9.243105228144941,48.755088481930095],[9.243430273481794,48.755087798497634],[9.244058879537732,48.755432117314896],[9.244379861450419,48.75570738613361],[9.244127978276499,48.755743657532314],[9.24417708099137,48.75585432857452],[9.244528551368651,48.756537261185215],[9.24473784238083,48.756605960245025],[9.24452939396711,48.756713951805466],[9.243994860492124,48.75659216777924],[9.243577424362506,48.75669291729939],[9.243031657373999,48.756655668250865],[9.242881052235788,48.75672512187571],[9.2430570060916,48.757108836387935],[9.24284842561333,48.75718609121335],[9.242209429134505,48.75707222947301],[9.241224135027402,48.75738155916631],[9.24091060046903,48.75735918792624],[9.2406074288209,48.757075632902136],[9.240699380272275,48.75688340221092],[9.24051309863226,48.75676858644397],[9.239944640683118,48.75684661889026],[9.239678909169,48.75710834574242],[9.239516473435241,48.75712405582614],[9.239225760762608,48.75702482375625],[9.239108402886604,48.75676388980693],[9.23837803989437,48.75698048748105],[9.238368147754308,48.757341539310644],[9.238207220717477,48.75768751842543],[9.237463658627389,48.757573832073284],[9.236545315181614,48.757314555778756],[9.235798769210007,48.75660931163426],[9.23423027820482,48.75632829839128],[9.232032610448146,48.75554934644129],[9.231077960516078,48.75495988397123],[9.231053597047799,48.754706426144445],[9.229505944521796,48.753849085247495],[9.228927482660508,48.75427274066548],[9.228811098742137,48.7542038257567],[9.228751616444068,48.753919584414724],[9.228553394047978,48.75372023835079],[9.228494208768803,48.7534668453897],[9.228307389250626,48.75322137891065],[9.228189407020485,48.752799102233155],[9.227676211922814,48.75224701623022],[9.224534317983405,48.7530827389412],[9.224326053948971,48.75323676223209],[9.224187210083628,48.75333689264766],[9.223733272184592,48.75305354309945],[9.222898202545304,48.75320876458549],[9.222596568623667,48.7532477515706],[9.222306141265916,48.75323292989123],[9.221945690606884,48.75309534963184],[9.221375240295636,48.752712338685825],[9.220978930575878,48.75233666651059],[9.22074666997115,48.75231405935084],[9.220213368121414,48.75247638086652],[9.220133627901717,48.75282223379833],[9.219925536965121,48.75301469866446],[9.219682076276804,48.7530843036678],[9.219413206323512,48.75266990089103],[9.21919292531901,48.752731765541924],[9.219333387930646,48.752985060808626],[9.218822379143855,48.75292453909135],[9.217292164779948,48.75336527127549],[9.217043275288944,48.75284916498512],[9.217011088539413,48.752789636912],[9.216036342938992,48.75285290206584],[9.215027380179896,48.75305451761689],[9.214817580652658,48.75284749592432],[9.214401059421442,48.753170945036025],[9.213787513885215,48.75356387464065],[9.213252625694723,48.75334210553214],[9.212497121754344,48.753182189993716],[9.211777159184898,48.75311439802001],[9.210349264979206,48.75308631964251],[9.206460668740062,48.75309340658576],[9.204564356274444,48.75490648763763],[9.203125215249566,48.75497048131881],[9.202256221749138,48.755042575275226],[9.199620617008568,48.75609128859784],[9.197143992874386,48.757040279007064],[9.196459499199129,48.7573015502618],[9.195397246826317,48.75723643670672],[9.195073128378676,48.75712319892906],[9.194769974503892,48.75719733316659],[9.194404718472011,48.75691684634139],[9.193807679518622,48.75683755178512],[9.193210841208218,48.756805119384516],[9.192695070493507,48.75681269394362],[9.192068158047391,48.75685391841161],[9.191411324147046,48.75700227400427],[9.190996849687908,48.75705650857113],[9.19056186132609,48.75703716486669],[9.190146885279184,48.75696422339586],[9.19051102591469,48.75697031324523],[9.190783615229556,48.75684269029727],[9.1914192268787,48.7564333535507],[9.192053770364774,48.75574293124273],[9.192989973454164,48.754593223087774],[9.19318016346681,48.75409352161744],[9.19376512986398,48.753684268294315],[9.193941992072272,48.75337854726673],[9.194071428849,48.753151346537585],[9.194365561931248,48.7529102228522],[9.194681582496223,48.752665306497356],[9.195357405490663,48.75219564336796],[9.195871394824355,48.7517329444372],[9.196445020761692,48.75099678686107],[9.197421208528251,48.749776988114135],[9.197913677978327,48.74899975660371],[9.198254896324444,48.748330348571294],[9.199025742586716,48.74634693852899],[9.199506427793736,48.74516405971673],[9.199780700532193,48.744448623770296],[9.199967709432388,48.74418301834671],[9.200320573656615,48.74362950619157],[9.201306191897189,48.74253934141689],[9.20227283244343,48.7414152196998],[9.202988305867173,48.74088308162579],[9.204299503309171,48.74015787856291],[9.204844214350103,48.739795529286674],[9.20525686601277,48.73932274441207],[9.205477019683302,48.738793655196396],[9.205545700101325,48.73828249770566],[9.205570514023051,48.73691038890155],[9.205648342870028,48.73616221335039],[9.205848100682598,48.73558624248363],[9.206830436223205,48.73357647374858],[9.20751208774661,48.73218574732625],[9.207893602623496,48.73154926510168],[9.208437280779398,48.730996320679026],[9.20904157044824,48.73043295962147],[9.209302938247276,48.730060226041694],[9.20944257538643,48.72958474709381],[9.209390169108824,48.72912972683333],[9.209144596636158,48.72842744909514],[9.209081776174651,48.727908641215485],[9.209920588405025,48.72786026382958],[9.211377473711472,48.7267481264337],[9.21155268812613,48.72660118541462],[9.211704760109194,48.726707992439025],[9.212289890304382,48.726432512911934],[9.212704776966289,48.72653883952862],[9.212950993555836,48.727395072571355],[9.212701018864793,48.72804366649289],[9.212662589053147,48.72851892680968],[9.213009491090112,48.72927867446725],[9.213232952982906,48.729532590269486],[9.213577353517962,48.72969928614916],[9.213731257689464,48.730233892314146],[9.21419770754343,48.73056769355715],[9.214361310995951,48.73099724023699],[9.214635174139877,48.73121090472806],[9.214352582066802,48.73131848459549],[9.215223783785394,48.73174474592893],[9.21707674241555,48.73240401512262],[9.217663120926307,48.73240293509163],[9.218785174006584,48.73237402985518],[9.219382139519112,48.73247993792223]]]]}},{"type":"Feature","id":"stuttgart-22","properties":{"city":"Stuttgart","district_code":"22","name":"Weilimdorf","official_crime_values":null,"year":2025,"public_space_only":true,"metrics":{"public_violence":{"2025":27,"rate":null},"public_robbery":{"2025":5,"rate":null},"public_serious_injury":{"2025":22,"rate":null}}},"geometry":{"type":"MultiPolygon","coordinates":[[[[9.11345624385229,48.823877406148114],[9.11322530441963,48.82409957001844],[9.11305517184237,48.82433225207361],[9.112980262541418,48.82446258335972],[9.113345784532603,48.82459863919668],[9.113568354962444,48.82472433477817],[9.113282628092406,48.82476656735034],[9.11289385290559,48.82488233724896],[9.11246552563192,48.82507160309014],[9.11222399868631,48.825200540001994],[9.110703408154425,48.82497114590433],[9.108536475986185,48.82477699605037],[9.10885188400246,48.825203831770516],[9.10880991777735,48.82530992396634],[9.108708988544667,48.827306695876175],[9.108613850529299,48.828263322890905],[9.1084066352917,48.82938331335487],[9.10767224842175,48.82913002251926],[9.107487331905842,48.82918695012307],[9.10277759935959,48.82809566385018],[9.101661583581652,48.82926260850091],[9.099390049191358,48.82916075419146],[9.09932498886672,48.83014566360537],[9.099015259219602,48.830182052111475],[9.097370322054973,48.83277588476433],[9.097021337232851,48.83303014887445],[9.096821845394269,48.834103282983364],[9.095232759820634,48.83404908491631],[9.094991424846263,48.83441079866919],[9.094256153123121,48.83513446106954],[9.0937928071342,48.834967996024474],[9.09327810404881,48.83547593037332],[9.091877319891461,48.83483052785611],[9.09023414460296,48.83399758393194],[9.089012187463338,48.83328250688301],[9.08792702165881,48.83254642142033],[9.085819496927597,48.830886474652665],[9.086429085078079,48.83047583846839],[9.086554631159213,48.830031886461356],[9.086937657107134,48.82641661266524],[9.086948474440968,48.82625637061061],[9.085390492452806,48.82616690153054],[9.085390084510683,48.82592358728069],[9.085179647230746,48.82592374835527],[9.085302617081794,48.823990937646656],[9.08417709979643,48.82413778361469],[9.083933285243534,48.82303954738331],[9.084069956082766,48.82300464357769],[9.084016713088575,48.82262232264406],[9.083910087558904,48.82177425817551],[9.083591670350357,48.820078281338624],[9.083315589872676,48.819933163227645],[9.08329689497982,48.8191635162575],[9.08176642179721,48.81879702142383],[9.081801022458306,48.81869360517672],[9.081731422199544,48.818681958071096],[9.07995334948065,48.81833305027629],[9.080538722908498,48.81785078175726],[9.080587002187787,48.81778982326195],[9.079995762689556,48.81767535736773],[9.080360379178837,48.817387941929894],[9.08053383646884,48.81714659571196],[9.080562112454027,48.8170023940951],[9.080498903435236,48.81693790342983],[9.07999380787988,48.81682007762627],[9.079572930639486,48.81673700475857],[9.079961110749904,48.81609712997329],[9.079592881701622,48.81605567438261],[9.080170245551786,48.81529055926048],[9.079801889828323,48.81516567997339],[9.079591871394701,48.81538133832083],[9.076650395752987,48.81453176376067],[9.076828808656373,48.81426747743727],[9.07724892642406,48.81382919125679],[9.077994688934387,48.81314738025149],[9.07818416070708,48.81323067278007],[9.078373104722731,48.81298720419459],[9.078794079412807,48.81313290375884],[9.079067061177502,48.812819859756566],[9.079288431771232,48.8131186427286],[9.079624352467048,48.8127012653984],[9.080435009688989,48.81315952375804],[9.081862720392362,48.811402526583784],[9.083493499854935,48.81164464783817],[9.084100515246668,48.80986442786308],[9.084215339204874,48.809349886470095],[9.085414618738993,48.8094671915405],[9.086561145582705,48.80950803867569],[9.087192357815386,48.809590982098776],[9.08651396804576,48.808256159024275],[9.086290511007094,48.80779849811251],[9.085907337058277,48.806915976001854],[9.085693349119378,48.806508109090224],[9.085669756399705,48.806240219988865],[9.08562500221561,48.805936935942654],[9.085679247667125,48.80546717534118],[9.085668987051157,48.805387973865585],[9.085735891895961,48.805135715320006],[9.085835647198083,48.80443086711396],[9.085947174337125,48.80401536030009],[9.086126303252783,48.80378525296694],[9.085507815673164,48.80306612029159],[9.085372239244697,48.80253946337322],[9.08509100395127,48.80209791189008],[9.0850012744727,48.80171187374215],[9.08503023971683,48.80127996771903],[9.08499934934335,48.80057983367245],[9.084948746777899,48.7999189651097],[9.084654731242123,48.79872502714717],[9.085644941062686,48.798946776800356],[9.08606189934769,48.79906171674347],[9.086574363199698,48.79923061035875],[9.08700125482056,48.799277317883785],[9.08776981156151,48.79944601620341],[9.088524107480197,48.79959591705005],[9.08895105932243,48.799670823151274],[9.089463303549827,48.79970803871787],[9.089798135517754,48.79971949376377],[9.089950384343899,48.79971601147847],[9.091568992599747,48.79974398191452],[9.09319119283482,48.799911949298874],[9.09494038147585,48.798866798469255],[9.094988792628108,48.79883830534749],[9.094988532414225,48.79870193440387],[9.095030949523641,48.79856552738101],[9.09515860039063,48.79836322315782],[9.095564536770661,48.79861680656582],[9.095905960907071,48.798607114153306],[9.096142913424716,48.7983796074966],[9.096275198374395,48.79826823087018],[9.096459868666413,48.79812700673248],[9.096801210110952,48.79807969343535],[9.09744136320463,48.79806974251902],[9.09770757925407,48.79811394089405],[9.097549141607816,48.79862454218605],[9.097606374574651,48.79879377922089],[9.09781312436906,48.799033430157586],[9.098090882700737,48.799211880350136],[9.098375559496874,48.79929157560833],[9.099051582775695,48.799432060105865],[9.099371812262687,48.79950231709749],[9.099841612718286,48.79967589966676],[9.100696039441475,48.80012190341824],[9.100858834711246,48.79991222244634],[9.10148364170124,48.79886411026131],[9.101630948295991,48.79851287366955],[9.102117003205668,48.79776995471277],[9.10448663972058,48.79857358978403],[9.10612402027764,48.79888287377645],[9.10715083378361,48.798651676519334],[9.107429005572476,48.79844997524072],[9.108072034257365,48.79787955453148],[9.1089153242635,48.79733196352603],[9.109332411170767,48.796968955955755],[9.10997654186205,48.79692804409591],[9.110351033857294,48.79699674799662],[9.111874685899863,48.79706432938582],[9.112266544523093,48.797109994101206],[9.112545307230924,48.797190289871565],[9.112841721752085,48.79737418288613],[9.11315340458295,48.79707084201591],[9.113183966821984,48.79665421284982],[9.112993525989795,48.79602951303764],[9.111936467141103,48.79529109528449],[9.112897360760284,48.7952901536544],[9.112518559031264,48.79495724875506],[9.11236048293232,48.79470745614381],[9.111177741646964,48.79410454263889],[9.109522861693257,48.79367912735697],[9.107901627774138,48.793186843931394],[9.107397441602867,48.792537552202774],[9.10730450710068,48.79217202739085],[9.1066772416385,48.79189231218234],[9.1069161305281,48.79155084585742],[9.107062234690174,48.79091698543364],[9.107448845413277,48.790709445438104],[9.107467047172129,48.79059973639094],[9.107429747901723,48.79039259179991],[9.107041578696451,48.789868913789604],[9.106856887904666,48.78968628209139],[9.105805027295064,48.7890657286236],[9.10480836036594,48.788384166858435],[9.105526728250359,48.788188509791844],[9.10641078180224,48.787907389493505],[9.10723930886113,48.78751662463496],[9.108859573455005,48.78679605659757],[9.110203000761322,48.78591729665356],[9.110628081168308,48.78646530619231],[9.111108364443695,48.78696449745158],[9.112180375140344,48.78831619295822],[9.11256919498987,48.789095769955864],[9.114543080163408,48.79164329305936],[9.115254011667355,48.79257992226623],[9.116358622951592,48.79345366708346],[9.116580491360752,48.794036669635325],[9.11706938105869,48.79428612817714],[9.11889973901772,48.795617360400705],[9.12011044735972,48.796473514419716],[9.121172108172756,48.7972917802591],[9.12082603666958,48.79750043995565],[9.121094209999574,48.79765637028053],[9.12076397767549,48.79789626231921],[9.121426497712998,48.79827050072191],[9.121568027592067,48.798166202000026],[9.122167550976016,48.79854050434927],[9.122670846365967,48.798206688419945],[9.12612546136571,48.80008804204816],[9.12655123945658,48.80026461894078],[9.126980292762632,48.800434146833055],[9.127602985204327,48.80070024706253],[9.127828617587927,48.80079436439465],[9.129436575037966,48.801219563731664],[9.131422723398419,48.80166513563017],[9.131864317986514,48.80184167662274],[9.133566688762434,48.80219381442561],[9.133620082570967,48.802846410821026],[9.131957073579631,48.806534063547694],[9.13184699333713,48.807096266444844],[9.131527844396695,48.80764949609502],[9.131319180880505,48.80781559358828],[9.130400358619218,48.80826814189401],[9.129941431390204,48.80868330366448],[9.12939939923222,48.809310493541794],[9.129083855854667,48.80951525707154],[9.12868967034326,48.80979041694494],[9.128390773485096,48.81004813063438],[9.128138405433175,48.81079098838363],[9.128350374556634,48.81108658596267],[9.128300989718475,48.8115372913182],[9.128070585433395,48.81233981126489],[9.127996378760589,48.81361159279174],[9.128074626305324,48.813910234017484],[9.128052852119469,48.81423358384329],[9.12806321201525,48.81449062238306],[9.127509018454406,48.814918014375095],[9.127677286907401,48.8150629177585],[9.127264612117168,48.81527677684004],[9.126993987270335,48.81549047173953],[9.126968489403904,48.81561854219207],[9.126936352498982,48.815754300653246],[9.127521749659191,48.81636236627557],[9.127795491099818,48.81685935058079],[9.127964663713596,48.8170563603834],[9.130209231343006,48.817028076397115],[9.130858409911175,48.81719884017351],[9.132818445214413,48.81751385181523],[9.133392365422978,48.81761038001529],[9.134127621072956,48.81776215502446],[9.134610670965131,48.81781708322796],[9.135072578105229,48.81781653394325],[9.1362895345122,48.81752369544327],[9.137485819843251,48.81734184583252],[9.138556676852495,48.81738222286389],[9.140630362598335,48.817650487685526],[9.140541991346838,48.8181350600591],[9.140679055548517,48.81899508847128],[9.140845272705493,48.81957822577312],[9.141101273353115,48.82017114211429],[9.141055767353231,48.8213596777918],[9.140924592440221,48.82219487180202],[9.140766993715559,48.8231214061682],[9.139741682568475,48.82409308502598],[9.13907727057962,48.825205549010136],[9.138732303708474,48.82599126837596],[9.138520422828446,48.82660912985016],[9.138375279345858,48.8272269044849],[9.138226606290088,48.82799036973766],[9.13679351998488,48.8278893208465],[9.134820716321922,48.82767034773705],[9.13277343579748,48.82743910229362],[9.132047560034094,48.827353865118276],[9.130427645285128,48.82690084097445],[9.128317802571555,48.826316857343535],[9.125918022227795,48.82561132432257],[9.122968328659423,48.82472937812587],[9.122776580445827,48.82469151097312],[9.118795094138294,48.8240300321782],[9.118339388350465,48.82397028234448],[9.117189066937675,48.82390371203596],[9.11608698577579,48.8237693965668],[9.114035959981745,48.8235194704201],[9.1137964175116,48.82343609836897],[9.11345624385229,48.823877406148114]]]]}},{"type":"Feature","id":"stuttgart-04","properties":{"city":"Stuttgart","district_code":"04","name":"Süd","official_crime_values":null,"year":2025,"public_space_only":true,"metrics":{"public_violence":{"2025":70,"rate":null},"public_robbery":{"2025":21,"rate":null},"public_serious_injury":{"2025":47,"rate":null}}},"geometry":{"type":"MultiPolygon","coordinates":[[[[9.16428458832443,48.75759241443101],[9.1644958623513,48.75749473764536],[9.164633579541134,48.75740933806248],[9.164982012863153,48.75705583756481],[9.165773087554436,48.75704864357039],[9.165772591332203,48.75689038840688],[9.167192720525199,48.75689356089055],[9.167308905600754,48.75691260054213],[9.167245029086079,48.75707703493119],[9.167153593022528,48.75725368354551],[9.166972548475046,48.75736789385098],[9.16675834776799,48.757441754404525],[9.166560080781924,48.75753135702466],[9.166417412584915,48.757620882628544],[9.166140248220119,48.75787348632096],[9.166378970308699,48.75802553958564],[9.16660138547638,48.75804099995998],[9.166593625213686,48.75809881408189],[9.166237212836753,48.758388290171986],[9.166380524237287,48.75849318183611],[9.166460285855837,48.75859290606611],[9.16655624606104,48.758781915517716],[9.166755572366037,48.759007568103556],[9.167344397989359,48.7593220279754],[9.167574331077024,48.75920610608057],[9.167781560109752,48.759416008685434],[9.168027077298769,48.75921598749227],[9.168549270703096,48.758637253582],[9.168740167706813,48.75872631261296],[9.168930168185007,48.75854740159089],[9.168796607543802,48.75847271907948],[9.169431844540567,48.75795832848812],[9.169675609858528,48.7575116521288],[9.169970768040013,48.75773027523436],[9.170080288475873,48.757494810635784],[9.170214469328231,48.757291757184035],[9.170337785317173,48.75738142435646],[9.170448004857837,48.75742934142877],[9.170631380133274,48.75726678039376],[9.17123383943421,48.75769593081258],[9.17198021889211,48.75720794858877],[9.172359974898148,48.75708567254016],[9.172788415622529,48.756849735121364],[9.173204220042493,48.75650832075541],[9.173486747537419,48.75664584951103],[9.17362009457374,48.75619125424602],[9.173704680208807,48.75582599785334],[9.17372820779586,48.75553385850707],[9.173665299501248,48.75507145248024],[9.173647427900013,48.7549645852675],[9.173838618975696,48.75487215363552],[9.173979691884623,48.754864523543844],[9.17411121647586,48.75483718576064],[9.17438931101052,48.75473446629486],[9.174281706977862,48.754524826901985],[9.174919644014093,48.75359667427874],[9.175591875583258,48.75265722970161],[9.176503858516986,48.75273400827249],[9.17738188216404,48.75275498197337],[9.178022401331264,48.75245234999848],[9.178546711138692,48.752719617284036],[9.180371951124787,48.753275346229415],[9.181133456904215,48.75352366066797],[9.181250835201908,48.753553246612704],[9.1832621025197,48.75416447522183],[9.184648019266476,48.754586714439355],[9.185138259915782,48.75476463990404],[9.185983999510235,48.755198889083374],[9.189550782733432,48.75713254634194],[9.189873402045768,48.75686427889085],[9.190146885279184,48.75696422339586],[9.19056186132609,48.75703716486669],[9.190996849687908,48.75705650857113],[9.191411324147046,48.75700227400427],[9.192068158047391,48.75685391841161],[9.192695070493507,48.75681269394362],[9.193210841208218,48.756805119384516],[9.193807679518622,48.75683755178512],[9.194404718472011,48.75691684634139],[9.194769974503892,48.75719733316659],[9.194666113283176,48.75732789223157],[9.194793204045608,48.757432437751234],[9.194888846451638,48.75758941284583],[9.194985033882555,48.757893033479675],[9.195035708979034,48.75872048728508],[9.195084327856375,48.75901370522887],[9.195243429319486,48.75921246152868],[9.195545113613292,48.75943191935333],[9.19583070876044,48.759588563960065],[9.19954200497294,48.761174362943215],[9.199891059495751,48.761351825742736],[9.200113618002899,48.76157141324891],[9.200272963769265,48.7618225314017],[9.200305343729893,48.76200054909096],[9.200354400049033,48.76238803924],[9.200483094144513,48.76289060884778],[9.200642922586246,48.76325694449932],[9.20118545561489,48.76428253699579],[9.201223685761947,48.764454613981535],[9.201378913686318,48.76516219612648],[9.201380566793762,48.76559811470509],[9.20134446639635,48.765719162165865],[9.20125719255726,48.76584513523058],[9.201024149314255,48.76611169912773],[9.200798313199552,48.76634921272695],[9.20064527977614,48.76649949368061],[9.20067188928334,48.76660730836991],[9.200307291054495,48.766710324178426],[9.20012983893323,48.766539447767656],[9.200224172863601,48.76649462872761],[9.200115505510203,48.766334042929174],[9.200141906430698,48.76618215016802],[9.20028954456211,48.76595860510816],[9.200423471613052,48.76568150357168],[9.200516849017168,48.76539552320994],[9.200057650206853,48.76536949607718],[9.200017716086158,48.76551247301167],[9.199896941639187,48.76570024806972],[9.19973550755821,48.76585235869282],[9.19935806643692,48.766013768752906],[9.199019276133669,48.76571061635273],[9.198533454535339,48.76578290851926],[9.197709716449117,48.76576648371459],[9.198064019842713,48.76657874135103],[9.197375155177625,48.766526340321796],[9.196821375583916,48.766491557103],[9.196267752321512,48.76649250302781],[9.195795379923322,48.766555834013516],[9.195296185888076,48.766663864605725],[9.194985960717625,48.766753709249215],[9.19470280809684,48.766861367959685],[9.194392999768201,48.767058387607854],[9.194069938420506,48.76731795444895],[9.193854763053396,48.76754161139137],[9.193747702508784,48.767791887968855],[9.193735089220393,48.76802414238011],[9.193844185483778,48.768300850016615],[9.194020557258185,48.76851491230266],[9.194440531182819,48.76886256779659],[9.1940482578904,48.76869350526013],[9.193764366580776,48.76861358666534],[9.193210549880476,48.76856984955108],[9.192738260700914,48.76865994888546],[9.191942707034082,48.76896497473287],[9.191511407108184,48.76918007913807],[9.191241310449884,48.76917160631337],[9.191052389995598,48.76920765618863],[9.19041364587391,48.769581254968],[9.190294804597041,48.769595766558616],[9.190186578515052,48.76956019335963],[9.190455129937028,48.769109197692636],[9.190465556898506,48.76900906594215],[9.190378902608776,48.7689591464558],[9.189805339476298,48.768774186826604],[9.189858892690255,48.76864536696421],[9.189724085175918,48.76861739823735],[9.189566783927857,48.76857436479112],[9.189491754935755,48.768738981572014],[9.189026586806255,48.768639678590795],[9.189047897068114,48.768560979139735],[9.188647763965971,48.768511621598066],[9.188280585937559,48.768598080606644],[9.188236982434372,48.768505176518374],[9.187804840964738,48.76856312656313],[9.187286105032571,48.76858540901416],[9.187074326603511,48.76881536019735],[9.186911245537893,48.76875536878069],[9.186584043288818,48.76906289414675],[9.186425314411393,48.76892906495006],[9.18678316105977,48.76862654341302],[9.186540152844177,48.76855083454668],[9.186432449567903,48.76865111884442],[9.186064151129795,48.76845146517451],[9.18577323880512,48.76868792165024],[9.185208106433569,48.767895068567206],[9.185077555582367,48.767673607276436],[9.185033649044044,48.76749491311839],[9.184979186620092,48.76738774048714],[9.184751143532102,48.76710924684806],[9.184739749082683,48.76695195497076],[9.18468538145418,48.76686621947891],[9.18428562381448,48.76690978553601],[9.184133847990516,48.76679562794107],[9.183940174057316,48.76702475466018],[9.183757062208501,48.76719666411699],[9.183595378237685,48.7673113300626],[9.183552460562613,48.767397203948825],[9.183574394646902,48.76748296464378],[9.183812919648748,48.767675642851124],[9.183608079148065,48.76781897676699],[9.183413993478675,48.76794799228029],[9.18278699139014,48.76792753926541],[9.182885431055274,48.76824200602185],[9.181525550637957,48.768816314058725],[9.181396023601893,48.768866573453195],[9.180705278379293,48.76914654576368],[9.180325009090454,48.768767410055595],[9.17956609617127,48.76795414520808],[9.179435932443683,48.76782563156294],[9.17899314448856,48.767926433721165],[9.177813125077394,48.76824894922142],[9.177703078606473,48.76825917196427],[9.176466153471914,48.768559565581796],[9.17540789992153,48.76884718588815],[9.175732585990687,48.76896826930778],[9.17547329772578,48.76900440811263],[9.175289689486863,48.7690475884607],[9.175030621088819,48.76914093139711],[9.174664023606216,48.76939890403129],[9.175050532025875,48.76967125937022],[9.174626187993985,48.7700690676442],[9.174221661768104,48.76987470452307],[9.17404923343317,48.77013759735841],[9.173406792712957,48.771002495745705],[9.173134664504705,48.77123397832036],[9.172906006267938,48.7714076174532],[9.17182773606929,48.77213851343056],[9.169641514310719,48.770227830202884],[9.169344928365566,48.77066190146736],[9.169185806083359,48.77060300007654],[9.168987025642114,48.77056387041365],[9.16915517597785,48.77034680889459],[9.168618302413291,48.77019648020004],[9.168498785818404,48.77009810401039],[9.168289681955887,48.76994072615212],[9.167245686621676,48.76962689616811],[9.166877343563568,48.76937776817203],[9.166856845574666,48.76918724942961],[9.166190079464364,48.76881369741345],[9.165175877700046,48.76849977058139],[9.16500789265799,48.76876939145819],[9.163752227956396,48.76839256297615],[9.163436880151982,48.76827229887579],[9.163782992285332,48.767798741972435],[9.16343468399507,48.76759556011154],[9.162908367138973,48.76762916399806],[9.162142953020307,48.76744628535406],[9.161905126496103,48.767617456164714],[9.161625761770043,48.767230204945996],[9.161358257279097,48.76743426869091],[9.16112959210132,48.76736888732297],[9.160503436434976,48.767251481804244],[9.158286801002662,48.76674863206509],[9.156517633629006,48.76637652823649],[9.155941121230708,48.76624591253997],[9.154346335856108,48.765896613087875],[9.153992715403371,48.765890018872184],[9.154045808563518,48.76572688034375],[9.154345364990217,48.765570474733636],[9.154387958952848,48.76547823848837],[9.154334101357733,48.76538613052634],[9.154173080584465,48.76527997746815],[9.154102935374917,48.76525302214205],[9.153636822882826,48.76512472112636],[9.152489297503475,48.764835643203625],[9.15165273888541,48.7645815164094],[9.15132036721413,48.76451103699544],[9.15054866516621,48.764398448072576],[9.150237795250291,48.764342093535944],[9.149948316949725,48.76427867636576],[9.149229664032847,48.76401012885245],[9.1488436605308,48.76391847938563],[9.148448670005367,48.76386774317197],[9.147729235733001,48.763856978209105],[9.147531416720168,48.763863232832215],[9.14744135381388,48.763815768291444],[9.147206985478862,48.76361978435893],[9.146918859954015,48.76348931252271],[9.146414402153376,48.76315090816933],[9.14606314252444,48.76293126603631],[9.145442047441867,48.762682174337854],[9.144820791983257,48.76233777143811],[9.144640423050017,48.76217149201019],[9.14439736142732,48.76208260872573],[9.144001502932387,48.76201770944873],[9.14356966067411,48.7619469036933],[9.142867907515027,48.76182290686646],[9.142363972266516,48.76169863008928],[9.141733762917577,48.76143173554404],[9.141490961698175,48.76140824038202],[9.141077432447759,48.76141470267869],[9.140664128839003,48.76150444453126],[9.14005222253961,48.76130889266371],[9.140042714275832,48.76112448992962],[9.1399342808594,48.76092831554023],[9.139700035899617,48.7607501461679],[9.139348880013507,48.76056021333217],[9.139024702234222,48.76037619773137],[9.13871844111517,48.76016240989053],[9.137547693893367,48.75946187439623],[9.137079326158114,48.75915310507203],[9.136746112408053,48.75895719656165],[9.136358986022003,48.75876729813754],[9.135953853342901,48.75857743224486],[9.135842139503014,48.75868567968344],[9.135764054385026,48.75864891779],[9.135585810225477,48.75865650614597],[9.135363114749996,48.75870837527015],[9.133252997019795,48.76046533711166],[9.129350958524,48.76368841301017],[9.126806844673442,48.76395118394163],[9.124954859102068,48.76415127145212],[9.124094406674494,48.76426360207738],[9.124170132656305,48.76461014225642],[9.119262165532339,48.76513076237978],[9.116523867437104,48.76543824404229],[9.11579723777268,48.76567952099101],[9.115361401370121,48.76588842835383],[9.115118857898723,48.76582452589495],[9.115162719337262,48.765518905511286],[9.115286825980995,48.76507067423027],[9.115504390549509,48.76481388363149],[9.115818493961491,48.76438060679574],[9.115962966490152,48.76396353972339],[9.116058495761441,48.76335410740813],[9.116103121882691,48.76168634510364],[9.115907420723238,48.760900769965865],[9.115976200648776,48.759184843326615],[9.115832887791347,48.75906765357173],[9.115581063211012,48.75893268217424],[9.115415716064856,48.75880283773225],[9.115242447190326,48.75864698904559],[9.115139857470206,48.75846506477238],[9.115130536271145,48.75783057913766],[9.115263870111093,48.75771082966418],[9.11537380683647,48.75766911136464],[9.115562316022631,48.7576169157238],[9.11560923577517,48.75751285602489],[9.116088388680504,48.757392751867066],[9.116748579282243,48.75739209215996],[9.116835224462818,48.75747522094533],[9.117323195116386,48.75776597518328],[9.117520213872544,48.75799461016272],[9.1176935037751,48.758155657808004],[9.117929643308628,48.75830623522214],[9.118181418154617,48.758420398309255],[9.118566704213452,48.75849281527616],[9.119136039976937,48.75853083176072],[9.119583997814367,48.75848355894134],[9.119937541582933,48.758399973173006],[9.120180895326325,48.75825928583082],[9.120361245562757,48.758071854009245],[9.120486442807648,48.757827266819234],[9.120674393016042,48.75753060072232],[9.120893976918635,48.757311922529915],[9.121145211959051,48.75718162962864],[9.121380869062182,48.75711376683324],[9.121703088196467,48.75708221988793],[9.121921391572322,48.757083688491726],[9.122138311011865,48.757132767679956],[9.122307920433792,48.75723568376174],[9.122511587797966,48.75741028220055],[9.122823863211142,48.757669940497465],[9.123095355471063,48.75788032813797],[9.12330570112995,48.758010099056776],[9.123502321783494,48.75807264100777],[9.123725908831725,48.75808136660004],[9.123956063622876,48.75800491687625],[9.124436662100768,48.757825107798936],[9.124839363137397,48.757670258655146],[9.125103186090554,48.7574232042073],[9.12528572027135,48.75721213158317],[9.125238010740691,48.75711347752621],[9.124919246919031,48.757086907452674],[9.12435593954516,48.75689010663163],[9.124287573436039,48.75666585250975],[9.124171444399286,48.756316021551804],[9.124123323490478,48.75605136154384],[9.124102204294037,48.75574181116593],[9.12412883643585,48.75554437600508],[9.124223273388003,48.755342380558005],[9.124392249918726,48.75512684117611],[9.124601770287631,48.754857423824376],[9.12501444898165,48.75448459181308],[9.125440704886183,48.75411175341627],[9.12578568736309,48.753788345243144],[9.126157718996941,48.75343349865474],[9.126435000505943,48.753146049458806],[9.126705396739041,48.75281823307144],[9.126968895855464,48.75244555424207],[9.127117403051148,48.7521851711081],[9.127238550285444,48.75183059198914],[9.127278627407435,48.75158378091557],[9.127284508007254,48.751224844446575],[9.127263533281551,48.750969130845355],[9.127222267700672,48.75073587568056],[9.127137865210312,48.750524734403584],[9.12658216532436,48.74991116685435],[9.126565237274402,48.74970507782218],[9.126392609634,48.749499155151724],[9.12610490053919,48.74914690851419],[9.126661087887909,48.74875037412664],[9.126849276591251,48.748647111505164],[9.127078252335634,48.74846244905407],[9.12728255719224,48.74823985021306],[9.12737156995412,48.74780583989817],[9.12725631055213,48.747594425937855],[9.126445669702736,48.74781766825044],[9.125798303395618,48.747829226832046],[9.125667310475203,48.747878188423684],[9.124871615599863,48.74754822850752],[9.125083974357118,48.74726595243233],[9.123665151068995,48.746795620178716],[9.123714020011125,48.74667082086683],[9.123721392535598,48.746318241061644],[9.123090428616797,48.74632435212604],[9.122869186037292,48.74632459092551],[9.12257400259084,48.746243547092085],[9.12236063645884,48.746108179569546],[9.122048822243176,48.745924099066144],[9.121597903861359,48.745826943762324],[9.121220505433643,48.74563208549379],[9.120842712103247,48.745258249710396],[9.120325200087096,48.744727272233064],[9.120464015098765,48.74453184791267],[9.12061081881563,48.74424420675073],[9.12063667454279,48.74408573458027],[9.120691780919586,48.74384275463574],[9.120985705107111,48.743408553934486],[9.121124286225315,48.74311553657382],[9.12115675030938,48.742985330907125],[9.120779452167199,48.74281761739508],[9.120287517254699,48.742677157062985],[9.120082752459266,48.74270449812338],[9.119664955149304,48.74272663113224],[9.118755537645551,48.7427330180844],[9.118411504606062,48.74277132992041],[9.118173984320721,48.742809534251194],[9.118037128171776,48.742887720402884],[9.11787941148482,48.742983375516125],[9.117478272047103,48.74313563080257],[9.117076814302614,48.7431577413655],[9.116691563540815,48.74309305669437],[9.116347100886847,48.74294698393248],[9.115970130010828,48.7429256673065],[9.115740848328441,48.74299097953654],[9.115478646812821,48.742991238084144],[9.115273650911252,48.74292635530619],[9.114937248792652,48.74273143625632],[9.114575586468263,48.74272926492465],[9.114322687515616,48.7427211902724],[9.114076659606614,48.74262922845121],[9.11342041598629,48.742304430695455],[9.113183653356224,48.742662595429636],[9.112880271823819,48.74302473819848],[9.112226169967306,48.74317874303305],[9.112184765820068,48.74298351929936],[9.111707308142504,48.741975160144754],[9.111682231836632,48.74174739613734],[9.111427772363196,48.741536102761344],[9.111812684975224,48.741459818782076],[9.112173014192935,48.74138355654847],[9.112942767553504,48.74119844286919],[9.113860053784244,48.741034868682036],[9.114859192296706,48.74082780250972],[9.115637173878227,48.74064802244108],[9.115661443265912,48.74051239829028],[9.11615264392558,48.74033833490973],[9.116545305139306,48.740088439067556],[9.116585971456526,48.73996365362943],[9.116249772740666,48.73984466187682],[9.115921529035036,48.739617179846846],[9.116273641407428,48.73954089593521],[9.116026715535323,48.739052980769245],[9.11614895347159,48.738770810548516],[9.116262756506469,48.73838559018465],[9.116728963983727,48.738059677619354],[9.117228694271066,48.73805917213071],[9.11735979655864,48.73806988519995],[9.11746677053831,48.738275889636256],[9.117590335484923,48.738568667127126],[9.11768086406823,48.738742143194486],[9.117894307848967,48.7389317646177],[9.117951924190152,48.739045615167974],[9.118157259625463,48.73926237101636],[9.118387171311948,48.739479098546795],[9.118420463721186,48.739696026929956],[9.118657682300258,48.73953306097158],[9.119687896646818,48.73871837229132],[9.120057071345387,48.73894580279456],[9.120336052598757,48.739129942081355],[9.120557596074827,48.73926531664897],[9.12077904412283,48.73935184695461],[9.121041577779897,48.73947628972585],[9.121418901776531,48.739633143339596],[9.121681516013108,48.739800977799675],[9.12201804454106,48.74003925147252],[9.122272481701494,48.74020709323286],[9.12258408324062,48.74029891838217],[9.123267880379727,48.740520565334705],[9.123442497628513,48.7401542806226],[9.123507541646102,48.74005535808825],[9.123639899113718,48.73980433495218],[9.12373965540474,48.73964838249892],[9.124002436005606,48.73942725744457],[9.124756091949648,48.73893241630608],[9.12443983045813,48.738828197417206],[9.124255078936098,48.73864829177747],[9.123718210641234,48.73806782215991],[9.123480174297594,48.73763808611283],[9.123250864296725,48.73718508816763],[9.12305695609222,48.736854078607934],[9.122836051563919,48.73651938212223],[9.122616987469929,48.73620541909177],[9.122616623401747,48.73605459918661],[9.122853439309646,48.735859524362674],[9.121531658117341,48.73483667618134],[9.12183498893951,48.734672957290364],[9.121891532309338,48.734509512399136],[9.122051631035072,48.733987756374916],[9.122336501214381,48.73405027361989],[9.122953791373265,48.734206685620954],[9.123571080858639,48.734356819577705],[9.124112464715164,48.73451332473044],[9.124568403191706,48.734657357670706],[9.125119432498076,48.734876696659015],[9.126059778203372,48.73516473420383],[9.126387919595636,48.73483526832479],[9.126691046303286,48.73496464479182],[9.126691389770379,48.73510025604201],[9.127039132898567,48.73526495853351],[9.127253399025408,48.735471079453234],[9.12770006227073,48.7360130371827],[9.128037410893784,48.73558812922034],[9.128410488076414,48.735204451537804],[9.128774780415553,48.73487385004993],[9.129263529566025,48.734460553926084],[9.130324833355099,48.73504898028187],[9.131073942666475,48.73542546122135],[9.131403805859138,48.73554888627209],[9.131742492187422,48.735642827482515],[9.13207219368174,48.73571321918029],[9.132259486948296,48.7358191476743],[9.132554169290701,48.73611952399583],[9.132715067354605,48.736343404804],[9.13289409527047,48.73669698546454],[9.133099596089298,48.736956193863314],[9.133358473694248,48.737185854731685],[9.134081029037628,48.737615467388714],[9.134446199185032,48.73762094871548],[9.134812109067918,48.737903549854884],[9.135445994799355,48.73845116137285],[9.135838574873459,48.73870423887968],[9.136061389374197,48.73877473878279],[9.136854564094136,48.73901556962679],[9.137433787598459,48.73914460662446],[9.138485164438306,48.73929667894764],[9.13933151406629,48.739372302208984],[9.140275810378682,48.7394536546822],[9.140269656139303,48.73990591590369],[9.140296563743776,48.740809160744625],[9.140268782243936,48.74130955623418],[9.140188010057031,48.74238597492036],[9.140157090324578,48.74288305992758],[9.139657585833202,48.743268478435624],[9.139464175742923,48.74339697885466],[9.139205827229176,48.74339729482146],[9.139012169036624,48.743434950246886],[9.138722015243474,48.74361700964455],[9.138302512179976,48.74373509457383],[9.137761605749503,48.74374644233361],[9.137656986069311,48.743874826332316],[9.13745531522059,48.74393919429792],[9.137051589186859,48.7439236451375],[9.13669687003035,48.7441218034973],[9.136236923701677,48.74422388085934],[9.13597103974041,48.74443262278816],[9.135673136699051,48.74474828171269],[9.13574678366814,48.745116960726854],[9.135804720209983,48.745656667105365],[9.135838109294134,48.74606282676894],[9.136072982575724,48.74632977908424],[9.136154191191233,48.74650605458751],[9.136187614733695,48.746928241353245],[9.136325756948183,48.74725944808348],[9.137082589766012,48.749109355286976],[9.137331933730781,48.749904920368365],[9.137526479874778,48.750371005631386],[9.137903498070852,48.75106250215962],[9.13821205133868,48.751656296481926],[9.13829222471062,48.75187431304291],[9.138361795007713,48.75237064278894],[9.138385112059753,48.752581210442095],[9.138452092552503,48.752742828734675],[9.138611855167827,48.75292467989668],[9.138774796927157,48.75312329106281],[9.138909476127086,48.75322133551602],[9.13912708487265,48.75337916704124],[9.139323929809692,48.75349027280903],[9.139769053973543,48.75373972833881],[9.140229643466743,48.75396869650967],[9.141098315801774,48.75442451187067],[9.141221391353076,48.75447949313678],[9.142038198268377,48.75492251592874],[9.142584385024483,48.75518934395009],[9.142821449291331,48.75528914624193],[9.14318046462846,48.75540204231355],[9.143374029882725,48.75541133203262],[9.143604148733631,48.75535179873612],[9.143744734014836,48.75529660391103],[9.144096568483075,48.75422897747999],[9.14421360150416,48.753887797002044],[9.144590027527011,48.752842547975945],[9.144845328336228,48.7523378265973],[9.146377794996482,48.752325286715525],[9.14671571629622,48.75264874839699],[9.1467889514854,48.752993777989026],[9.146813900040186,48.75329638089628],[9.147479847645958,48.753290256237875],[9.147800363638748,48.75314650414039],[9.148554455857866,48.753108410727236],[9.149758050509078,48.7531281438103],[9.150395120664287,48.75298390972548],[9.151934252411808,48.75303977657192],[9.152350095825575,48.75306819383243],[9.152780403333256,48.75304826206445],[9.152592080595811,48.75348285321235],[9.152367259306423,48.75393191467759],[9.15244898449867,48.75441924529609],[9.15276271199039,48.7544381550815],[9.153113910709589,48.75477077241687],[9.153815219730783,48.755098091056944],[9.154662632920223,48.75550243292972],[9.155071903883936,48.75575770591449],[9.155589514973002,48.75566049193901],[9.156121650651755,48.75553912957746],[9.156646739604726,48.755504651446884],[9.156916447178599,48.75544637545335],[9.15776100193366,48.7549336421188],[9.15786709958017,48.75442101687809],[9.157958335901597,48.754159749495166],[9.15807626973453,48.754020317014024],[9.158364844067044,48.75376313970502],[9.158351114922189,48.75357601463094],[9.15829064850711,48.75317133942301],[9.158256583331475,48.752792741517105],[9.158327475350013,48.752331316207616],[9.158569805265707,48.7520089249833],[9.159355193538286,48.75288697935138],[9.159750141659611,48.75299523298029],[9.159725546612133,48.75354364482602],[9.159962882035567,48.75373045598507],[9.160194101678135,48.75405654773131],[9.160299960936507,48.75425224179963],[9.16050340534502,48.75469258571804],[9.160810290000889,48.75479929493714],[9.160989390758967,48.75474163507526],[9.161333570019652,48.754542350131885],[9.161461290180895,48.754438708196226],[9.161630220539283,48.754268271453235],[9.1617782722221,48.75411419961691],[9.161868107697975,48.753930288649485],[9.161932318355262,48.753814800362676],[9.16206420370486,48.753705986384574],[9.162760730845756,48.75311948790687],[9.162992663421594,48.75284951464947],[9.163168668956281,48.75328837785259],[9.163659046896,48.75374988389447],[9.163905373062224,48.75432730867032],[9.164723049760397,48.75521205510848],[9.164257935464839,48.755366813340196],[9.164036835001745,48.75539025878811],[9.16385066480005,48.75541365325512],[9.163312205137164,48.75551832950619],[9.16312845085497,48.75558554881606],[9.163000066536382,48.755707468001425],[9.162982095571278,48.75584139714157],[9.162993611445245,48.75657784588323],[9.163039859471752,48.75666298340772],[9.163113719189102,48.75674809083147],[9.163344102687859,48.75688166372948],[9.163841572768145,48.757118319787956],[9.164053544917218,48.757245831638244],[9.164155045843698,48.75734915192393],[9.16428458832443,48.75759241443101]]]]}},{"type":"Feature","id":"stuttgart-11","properties":{"city":"Stuttgart","district_code":"11","name":"Hedelfingen","official_crime_values":null,"year":2025,"public_space_only":true,"metrics":{"public_violence":{"2025":8,"rate":null},"public_robbery":{"2025":5,"rate":null},"public_serious_injury":{"2025":3,"rate":null}}},"geometry":{"type":"MultiPolygon","coordinates":[[[[9.241503607644669,48.7624743085546],[9.23925471324489,48.76323183650418],[9.23846832234529,48.76389408022365],[9.23849257130581,48.76411679971257],[9.238202203773865,48.76409435067788],[9.237717015016027,48.764617704076436],[9.237788201351478,48.76498040800066],[9.237568706784506,48.76521130386599],[9.23638497274993,48.76532893515955],[9.235200911770294,48.7653774432313],[9.233613001050465,48.76597207399417],[9.23255864982314,48.766458098990235],[9.231770486045944,48.766759217239475],[9.230726755881356,48.76703011168506],[9.230705501526982,48.76747563120893],[9.23035794201174,48.76764528011114],[9.230636947224125,48.76771387069426],[9.230081834755108,48.76819119464229],[9.228254949691996,48.767311566757904],[9.226977662492413,48.76728337342922],[9.226466838838698,48.76733042609602],[9.22613092378474,48.76750776242504],[9.225631865989156,48.76755483418139],[9.22469256142992,48.767817845334605],[9.22447291371834,48.76803335845722],[9.224228988626885,48.76801078735973],[9.223892856280056,48.76814203650767],[9.223486623725663,48.76818123512845],[9.223010397838763,48.768143754622876],[9.222708949085934,48.768244195701364],[9.221408685968976,48.76829279009699],[9.220561274699067,48.76834051217212],[9.217795644012236,48.76784647809316],[9.217016217571821,48.767517558069336],[9.216470615222608,48.767541624662314],[9.215378017014622,48.76726713492894],[9.214681491013588,48.76729916746662],[9.214008857617536,48.76748477594235],[9.213637278709294,48.7674777827469],[9.212707405218845,48.76724137252693],[9.212242775863652,48.76719613815409],[9.212495328929466,48.766512004519825],[9.211821595446363,48.766436433385245],[9.211193390812458,48.766145669950525],[9.211307718414336,48.76572297084707],[9.21059855019722,48.76550150384668],[9.210202095649457,48.76511039546477],[9.21060746929317,48.764871524271584],[9.211676134256805,48.76499248229941],[9.211291226350813,48.764570694474926],[9.211522696482795,48.76439359845882],[9.211208441080037,48.76420981269167],[9.21029164820991,48.76431134560502],[9.210161539712692,48.763735465957126],[9.21171549039057,48.76330554231951],[9.213560091584972,48.76297182580354],[9.213630594860653,48.763171417947646],[9.215672355762338,48.76279123797533],[9.219293729657942,48.76252319281711],[9.220755959187137,48.762382217313416],[9.221964144823968,48.762556600621515],[9.22356630022711,48.76256121517757],[9.224423214330452,48.76206028529504],[9.224573417360935,48.76189868815264],[9.224989539312169,48.76149074191003],[9.225244376420068,48.76136733988448],[9.225974830579355,48.7611643527715],[9.226183246548004,48.761041039672804],[9.226286997637805,48.76087185063538],[9.2263209406245,48.76067207096741],[9.225716353007948,48.76046586014834],[9.22568081762724,48.76030462513876],[9.225320181894748,48.760136319300074],[9.224927602556104,48.76062102335229],[9.224078970562974,48.760356914828044],[9.223206520580693,48.759959181786186],[9.223333817684193,48.759866747743295],[9.223182309952037,48.75973645617868],[9.222846232756385,48.7598677086769],[9.222403354472172,48.759476773900296],[9.222007754195463,48.75927779480305],[9.221230041256202,48.759294654608404],[9.221252249773913,48.759064151473176],[9.220557598445179,48.75948799643509],[9.220431640739774,48.759880015108465],[9.214497227686863,48.75944552674343],[9.214229410524846,48.75925397194173],[9.213719281210347,48.75941622638884],[9.213554334677438,48.75884040567303],[9.213124993207924,48.758887293268515],[9.212787481062254,48.75868818407826],[9.212044016805848,48.75857432997898],[9.211403827786798,48.758168382063246],[9.210948357912935,48.757516291173516],[9.210831439135841,48.75731677852327],[9.209729762489193,48.75764133051718],[9.208778294749019,48.75775058914523],[9.20786043773059,48.75756789044946],[9.206675759353468,48.757424080688416],[9.205921099768235,48.75740238741403],[9.20593826377388,48.75591983300313],[9.205529138723165,48.7552215466061],[9.205551360193994,48.754975702747934],[9.205388273863933,48.75483772936339],[9.204564356274444,48.75490648763763],[9.206460668740062,48.75309340658576],[9.210349264979206,48.75308631964251],[9.211777159184898,48.75311439802001],[9.212497121754344,48.753182189993716],[9.213252625694723,48.75334210553214],[9.213787513885215,48.75356387464065],[9.214401059421442,48.753170945036025],[9.214817580652658,48.75284749592432],[9.215027380179896,48.75305451761689],[9.216036342938992,48.75285290206584],[9.217011088539413,48.752789636912],[9.217043275288944,48.75284916498512],[9.217292164779948,48.75336527127549],[9.218822379143855,48.75292453909135],[9.219333387930646,48.752985060808626],[9.21919292531901,48.752731765541924],[9.219413206323512,48.75266990089103],[9.219682076276804,48.7530843036678],[9.219925536965121,48.75301469866446],[9.220133627901717,48.75282223379833],[9.220213368121414,48.75247638086652],[9.22074666997115,48.75231405935084],[9.220978930575878,48.75233666651059],[9.221375240295636,48.752712338685825],[9.221945690606884,48.75309534963184],[9.222306141265916,48.75323292989123],[9.222596568623667,48.7532477515706],[9.222898202545304,48.75320876458549],[9.223733272184592,48.75305354309945],[9.224187210083628,48.75333689264766],[9.224326053948971,48.75323676223209],[9.224534317983405,48.7530827389412],[9.227676211922814,48.75224701623022],[9.228189407020485,48.752799102233155],[9.228307389250626,48.75322137891065],[9.228494208768803,48.7534668453897],[9.228553394047978,48.75372023835079],[9.228751616444068,48.753919584414724],[9.228811098742137,48.7542038257567],[9.228927482660508,48.75427274066548],[9.229505944521796,48.753849085247495],[9.231053597047799,48.754706426144445],[9.231077960516078,48.75495988397123],[9.232032610448146,48.75554934644129],[9.23423027820482,48.75632829839128],[9.235798769210007,48.75660931163426],[9.236545315181614,48.757314555778756],[9.237463658627389,48.757573832073284],[9.238207220717477,48.75768751842543],[9.238368147754308,48.757341539310644],[9.23837803989437,48.75698048748105],[9.239108402886604,48.75676388980693],[9.239225760762608,48.75702482375625],[9.239516473435241,48.75712405582614],[9.239678909169,48.75710834574242],[9.239944640683118,48.75684661889026],[9.24051309863226,48.75676858644397],[9.240699380272275,48.75688340221092],[9.2406074288209,48.757075632902136],[9.24091060046903,48.75735918792624],[9.241224135027402,48.75738155916631],[9.242209429134505,48.75707222947301],[9.24284842561333,48.75718609121335],[9.2430570060916,48.757108836387935],[9.242881052235788,48.75672512187571],[9.243031657373999,48.756655668250865],[9.243577424362506,48.75669291729939],[9.243994860492124,48.75659216777924],[9.24452939396711,48.756713951805466],[9.24473784238083,48.756605960245025],[9.244528551368651,48.756537261185215],[9.24417708099137,48.75585432857452],[9.244127978276499,48.755743657532314],[9.244379861450419,48.75570738613361],[9.244058879537732,48.755432117314896],[9.243430273481794,48.755087798497634],[9.243105228144941,48.755088481930095],[9.242988072016544,48.75485821791405],[9.242801333744225,48.75465889733601],[9.242083599149636,48.75505216645221],[9.241920751501114,48.75498338486549],[9.241769480781432,48.75490688807159],[9.241455697291189,48.75354216356351],[9.241343177184016,48.75315635872082],[9.241006038831518,48.75304955199892],[9.240669025577787,48.752973479810315],[9.240251010626407,48.75294366121159],[9.240470874061911,48.752804929409336],[9.240934278675297,48.75261959180155],[9.24099140404742,48.75243509633342],[9.24159314899736,48.752057460229786],[9.241893725845971,48.75180336876562],[9.242032296464407,48.75164944835653],[9.24262155577155,48.751056762562904],[9.242831051494283,48.75117151891853],[9.24292986849552,48.751122281462486],[9.243363629864982,48.75088604216004],[9.243812129354401,48.750639824935554],[9.2440580949031,48.750469765336554],[9.244438562491661,48.749923922563504],[9.245158505109574,48.74997616605759],[9.245657441819308,48.749936705861856],[9.246214479639429,48.749935534189184],[9.246493226022519,48.749981038411875],[9.246817829027725,48.74991121914139],[9.2469437777269,48.7495576126538],[9.246883081900636,48.74901235355814],[9.2470879029718,48.74818230597176],[9.246786118226263,48.748175265531394],[9.246738610717374,48.747947981096736],[9.246818155374058,48.7476021349818],[9.246804930215538,48.747271852716906],[9.247011949911167,48.746879634122166],[9.247124918134356,48.74624948307259],[9.246669663160993,48.74570503570041],[9.24613244911514,48.745014807322185],[9.245363119788143,48.744317338723974],[9.245130414691413,48.74419491582617],[9.245453610596927,48.74384675628094],[9.24584481752902,48.74316229699056],[9.24628297669111,48.742592950818214],[9.246629306817335,48.74222350869071],[9.247324300746872,48.741960869778765],[9.248159409138648,48.74187460169186],[9.24950410467488,48.741526018349454],[9.24941997120616,48.74095008820713],[9.25013775574664,48.74061057118323],[9.25097182749023,48.740316888547135],[9.25150525888327,48.74023892641164],[9.251935319551068,48.74036857434114],[9.252724410660134,48.740359180074925],[9.25241990809895,48.74211121598584],[9.255579600688982,48.74271886319482],[9.256656126383945,48.74217113023837],[9.256364926716625,48.741956712973234],[9.256676059153946,48.741525867864134],[9.257156905454886,48.74252329970332],[9.257890284063702,48.74292885809375],[9.258925101985165,48.74331058810708],[9.259436421781487,48.74344769540498],[9.260157493098644,48.743745642116515],[9.260935157645285,48.74376692630313],[9.259676320746918,48.74496041409425],[9.258957813661764,48.74516175263695],[9.259006130128771,48.74553043171331],[9.259377573411207,48.745544965991606],[9.260864768597171,48.745871922495446],[9.262484775145197,48.7471741395003],[9.264430624067561,48.74837345801125],[9.264579200214948,48.74846118806416],[9.265442181160397,48.74896498154375],[9.264575583085755,48.75047196017816],[9.265007534257757,48.75058780079869],[9.266526229546908,48.75103184323884],[9.266895633396253,48.751145387091945],[9.266358378280248,48.75198561948951],[9.266188187989144,48.75249703959854],[9.266236999965853,48.75301557689953],[9.266377994052547,48.753526271577094],[9.267150179850713,48.75352447424085],[9.267415410574367,48.75355436638461],[9.267738770164272,48.7536756582438],[9.268210565171344,48.75352966056271],[9.270716940257353,48.75672320537038],[9.269375407730506,48.756589273964344],[9.26916853079258,48.75656386411526],[9.265961583910881,48.76119665086203],[9.2659164676769,48.76152257401715],[9.265425979098751,48.76186503283226],[9.264390011866986,48.763263851676186],[9.260667546320166,48.768866490049426],[9.25979308582138,48.769814893064606],[9.25923299358577,48.77045479926469],[9.258888036859721,48.771024182255836],[9.258481556526183,48.77156663952402],[9.258096263304875,48.77125614378265],[9.257645076737678,48.77106425502217],[9.25751183177801,48.77102393862551],[9.257435672243846,48.771135793047335],[9.256595348286835,48.77089394048625],[9.255734515558741,48.77063860633099],[9.254771322923684,48.77036995669136],[9.253705516433156,48.77004737267093],[9.25266030584769,48.76975181156086],[9.2516157636795,48.76944239197713],[9.252517770495665,48.76821060345486],[9.253541240349888,48.76668823163378],[9.254361099609682,48.76540856291926],[9.255684459337342,48.76345572966179],[9.25554470573195,48.76341083922767],[9.253614520516031,48.76278463177803],[9.25281220538541,48.762532878266036],[9.251153545796708,48.76469840965152],[9.251093369182986,48.76476621405777],[9.250741210668357,48.764672421142095],[9.250349159499708,48.76452970542046],[9.250128212314825,48.7644533665392],[9.249398849402922,48.76486975977897],[9.24872684491427,48.76518611686432],[9.24723403981548,48.76621863082347],[9.246957045124283,48.76584446596652],[9.246660790068052,48.765702722587676],[9.246527627476338,48.765633942556164],[9.246268389173874,48.765463543199225],[9.245998852090011,48.76528411616619],[9.245510280755806,48.76509312585575],[9.244963685010713,48.764917640867395],[9.244520060113986,48.76442699762389],[9.243751855065216,48.76402911180843],[9.242884530870707,48.763500982418265],[9.242074322618068,48.762857182798165],[9.241503607644669,48.7624743085546]]]]}},{"type":"Feature","id":"stuttgart-13","properties":{"city":"Stuttgart","district_code":"13","name":"Mühlhausen","official_crime_values":null,"year":2025,"public_space_only":true,"metrics":{"public_violence":{"2025":25,"rate":null},"public_robbery":{"2025":2,"rate":null},"public_serious_injury":{"2025":21,"rate":null}}},"geometry":{"type":"MultiPolygon","coordinates":[[[[9.223026238299928,48.82987853471444],[9.223231858916694,48.8298308399446],[9.22381316263082,48.82974100708501],[9.224331896441836,48.8296690275651],[9.224823830081888,48.82960892667633],[9.226998218987765,48.82955141461201],[9.229226485421266,48.82953521469304],[9.23098362350495,48.82953136748114],[9.23146368855016,48.82951896095908],[9.231669501342102,48.82951855115529],[9.231930418227599,48.82950245374972],[9.232295967950327,48.829523214348974],[9.233393598449354,48.82947691216675],[9.234595912751363,48.829530396608796],[9.23467799119245,48.829873162913785],[9.234835779941683,48.829885731823715],[9.234928565047131,48.82987264987021],[9.236396320805834,48.829875558050134],[9.236843440060246,48.829882296759884],[9.2372198123722,48.82990343152479],[9.23874139860587,48.829929869066085],[9.238911473641046,48.8299413382421],[9.239187617294574,48.829668797290616],[9.239411463806803,48.82968606445729],[9.239787761944786,48.829773972911035],[9.240352100788805,48.83000188446852],[9.240585575983488,48.830104020828585],[9.240984732114475,48.83034048532513],[9.241452360817469,48.83067943378674],[9.241813134331995,48.83099935870107],[9.24210594626488,48.83132585007833],[9.242330909030185,48.831671731841084],[9.24255635223947,48.832126661218815],[9.242645462210122,48.83249207027589],[9.242676658171563,48.8329217400542],[9.242726596104898,48.833210260825666],[9.24282499778754,48.83348585315726],[9.24303974263103,48.83372912444883],[9.243380595128768,48.833946479204464],[9.243711377813154,48.83408688721972],[9.244012817118403,48.83418886659042],[9.244314187249755,48.83427160401524],[9.244624927974016,48.83428376872476],[9.244896734946714,48.83427676770657],[9.245187717599888,48.834224833990596],[9.245459210878783,48.83415370243084],[9.245856603233017,48.8340181566373],[9.246044822799815,48.8342166325824],[9.246168739016172,48.83431252239878],[9.244705481872087,48.8348800880355],[9.244055978080674,48.835080306275174],[9.24150570467409,48.83572072509067],[9.240516445820083,48.8359408425726],[9.239323487657527,48.836225508037],[9.23943197794587,48.8365844524182],[9.239551448517828,48.837225562996586],[9.238299552423273,48.83735642879171],[9.238642770508832,48.8380740606769],[9.239069426732737,48.83796413496943],[9.240199351651615,48.83870583836047],[9.239260666694104,48.83936844129412],[9.239552767631478,48.83952818447297],[9.23932042056263,48.839676193119715],[9.239107155920598,48.83974719838398],[9.238903634461924,48.839831003988834],[9.238680953671878,48.83996616318514],[9.238303549981628,48.8402363317335],[9.23867296835609,48.8403317829731],[9.238634456900288,48.840396002396375],[9.238548004004727,48.84059501177753],[9.23837436112521,48.84083267945344],[9.238142529174617,48.84108329608353],[9.23777486853882,48.841359850480195],[9.237469599355684,48.841811134315535],[9.237108725226534,48.84217577906215],[9.237779874037214,48.84241812925],[9.238052241451959,48.84252018672894],[9.238353503784824,48.842570874065736],[9.238683757596531,48.84259585066503],[9.238878129084988,48.84262751929529],[9.239170084736491,48.842761604732885],[9.239754480287395,48.84313881045309],[9.241225307399882,48.84408498600429],[9.241507746438199,48.84425756614553],[9.242228839295704,48.84478841555653],[9.242999185028065,48.84544743502206],[9.243526321264184,48.84601717187596],[9.243917705275265,48.846625672470786],[9.243987134449762,48.846926977088955],[9.244027515463888,48.84724117034173],[9.241405540284694,48.84724667744809],[9.241142305410301,48.84725249538815],[9.240473219689635,48.847140517042774],[9.240237502114486,48.84696796574587],[9.240110084194225,48.8467713206373],[9.240001046254486,48.84663430851133],[9.239810718041536,48.84650939121121],[9.23955701781225,48.84635478038454],[9.2393858946644,48.84646253298004],[9.239157881600107,48.84657692714364],[9.238832414018999,48.84678035426019],[9.238349816845048,48.84641939792203],[9.236981084598229,48.84786262221706],[9.236769148641443,48.847981239018395],[9.235095203293367,48.84876757901148],[9.233733698365757,48.84940557652767],[9.234084476485577,48.850276483842364],[9.232987695123485,48.85012356816117],[9.233372940016174,48.85119384428921],[9.23290341639785,48.85123911899014],[9.233435331788575,48.85258976909968],[9.233301253308479,48.8526195891725],[9.233766253640143,48.85398519799179],[9.232737973542715,48.854157161343466],[9.231274265834516,48.854499890849574],[9.229866319859013,48.85480555631203],[9.230625737593975,48.85696829520617],[9.230380021425853,48.857050030650925],[9.229855158061357,48.85723573418875],[9.229397355778937,48.85741392353189],[9.229622544372429,48.857731091745094],[9.228528648435843,48.85823555185847],[9.229219336125313,48.86005124207454],[9.23048067512979,48.8638101944528],[9.230179962343222,48.863851894442675],[9.228479441275095,48.864101901140394],[9.228116248010515,48.86409577530996],[9.227649365950032,48.8641035600574],[9.227275923578143,48.86412486843326],[9.226819666101143,48.86418741083861],[9.223107613593458,48.865031686192985],[9.222549264508627,48.86519295857323],[9.221295746686383,48.865592344822055],[9.220421480262592,48.86587959491482],[9.21973670128146,48.866075922636774],[9.219220312210153,48.866202272411776],[9.218661542420072,48.866286916393],[9.217458998467395,48.86631704797298],[9.216984334646735,48.86633188032249],[9.217034532746498,48.865746750704155],[9.215652799212336,48.865798059238706],[9.215997594978624,48.86503829214182],[9.215602877909454,48.86401527578948],[9.215145887321183,48.86319423716636],[9.21456723290943,48.86355050083691],[9.214072427965828,48.86377425466325],[9.212740529326101,48.86308024750081],[9.212285106675843,48.86264231478597],[9.211250776490163,48.86251186044104],[9.211217883910821,48.86221941015167],[9.207776511968486,48.86157095541039],[9.206552021256662,48.86132939781327],[9.206108261528955,48.86114215541603],[9.206675011468201,48.85969505195526],[9.206674067229809,48.859466367586464],[9.206319234334595,48.857397429467056],[9.20679521996384,48.85735653084348],[9.206582504982,48.85615626229145],[9.207654541101332,48.85580560252827],[9.207558961924805,48.85572001538318],[9.205207438606982,48.85441503126955],[9.207676493961998,48.85275837616171],[9.204994253333126,48.851797310077416],[9.202117979449461,48.851278386607],[9.202221606013248,48.85099149793202],[9.205292627703738,48.851549623430294],[9.207180450120525,48.848352690388936],[9.208720609812813,48.84796429228747],[9.20918331459875,48.847647053025916],[9.209495956521113,48.847241112860736],[9.209523325392569,48.84662801295321],[9.208983910179285,48.846490586974866],[9.209058258702997,48.8463718129168],[9.209622134336547,48.84521398185994],[9.209352460084967,48.84515516569692],[9.209411343011935,48.84491776576988],[9.209440152175521,48.844650752964476],[9.208496301471143,48.844444857926725],[9.20848047723516,48.84423725829897],[9.207162073308542,48.84397273093785],[9.2066517509806,48.84362760446342],[9.206276604961378,48.84339098501293],[9.20567471030554,48.842601087618775],[9.205360770007374,48.84269064338933],[9.2042213685692,48.842218101780226],[9.203967666457936,48.84239652071082],[9.202917210538688,48.84171617328544],[9.20233501906112,48.84207315503655],[9.201209056478096,48.84123466731713],[9.201553109556517,48.841194510607394],[9.20195491077238,48.840640102480414],[9.20228472140305,48.84077794289485],[9.202820703719453,48.84008489377007],[9.202745514410314,48.83999603252765],[9.203014190267142,48.839817592541486],[9.201439967494835,48.839148011060786],[9.20109333448465,48.83894157879361],[9.200705150854072,48.838783503187074],[9.200600880278456,48.83890229978981],[9.199686757926552,48.83860734481928],[9.198457988244723,48.83822382587685],[9.198712297430395,48.838193743721476],[9.198861645838642,48.838114396255875],[9.198951090730064,48.83802525651809],[9.198920246112346,48.83779790294475],[9.198664894393488,48.83756105626356],[9.199813796452805,48.83669885423571],[9.199424025887465,48.83653143838981],[9.198884301869729,48.83629503151449],[9.199167539622259,48.836017681737445],[9.200509699399525,48.83481897766301],[9.202597102053707,48.832906935139036],[9.20292501734125,48.83258997760082],[9.203070888776388,48.83167021153726],[9.203521899461965,48.831690247106316],[9.204028377317867,48.831805353857895],[9.204183491632465,48.831859664489095],[9.204938178416624,48.83206987269663],[9.205423716195153,48.832116760537126],[9.205630478786828,48.83217099427113],[9.205023611048489,48.83275893527534],[9.206224446608324,48.83347329241928],[9.206122534334321,48.833801031940204],[9.205864530407975,48.833842435904145],[9.205761648558349,48.833938163960575],[9.205256565555413,48.83417107805777],[9.205236312788323,48.8342666584989],[9.205423643950926,48.83462117199305],[9.205568809119983,48.83476420956948],[9.205755125485412,48.834866233261074],[9.2060447323555,48.83497488647651],[9.207575104458074,48.835442987533206],[9.207637776933344,48.83561346538984],[9.207741436900509,48.835702005934024],[9.208041372255156,48.83590695621531],[9.208714897196216,48.836348490055386],[9.208591367618341,48.83644425977236],[9.20868493737109,48.836594200204644],[9.208892325873496,48.836791719603646],[9.209594067274548,48.83730027039799],[9.209855580749988,48.83745870508979],[9.21006326404383,48.83773128703247],[9.211170310498396,48.83820013951471],[9.211498620596627,48.837680901904456],[9.21153051523603,48.83758129229144],[9.212235902513468,48.83689293558678],[9.211722670557798,48.83668477989912],[9.211164033149123,48.836426896700125],[9.210484361079535,48.83605974384745],[9.209895035445546,48.835672497540386],[9.209290413627581,48.835225540607155],[9.20880638008728,48.83478832147381],[9.20854895157457,48.834490054823846],[9.20810982021135,48.83397307942968],[9.20788218487756,48.83358516834638],[9.207623507641093,48.83297825027735],[9.207516758136352,48.832669770221244],[9.20749999483038,48.83226155984446],[9.20752558450114,48.83114628362731],[9.207535100196091,48.829792114255014],[9.20762231697229,48.82901532028556],[9.207651057193035,48.828676724293615],[9.207851538201611,48.8279743810576],[9.207970754421975,48.82765553237894],[9.208112978202829,48.82743621129226],[9.208307954751504,48.827221778440205],[9.20863082442271,48.82696728184492],[9.208976342610374,48.826727684563764],[9.209382084570949,48.82648297605254],[9.209735515153758,48.82633299541907],[9.210170679090188,48.826194769890826],[9.210617219593017,48.82610752057292],[9.210856907214534,48.82607826677],[9.211074718593139,48.826034652791115],[9.211438089057756,48.82603966872776],[9.211880647321331,48.826026679351195],[9.212397083326646,48.82603791037974],[9.213015036632164,48.82606724291999],[9.213937431043535,48.82612646409567],[9.21445400668539,48.8261681538561],[9.214961209842272,48.826173301250506],[9.215233008127473,48.82616084037997],[9.215864838690832,48.826159435934244],[9.21643650611369,48.826140087126],[9.216915911761188,48.826114803601776],[9.217247723085913,48.82607151844842],[9.217662438485334,48.82600979977552],[9.218252146528402,48.82590511509097],[9.21878646768661,48.82578834397126],[9.219237863808733,48.825690005968724],[9.219652265706577,48.82556126038229],[9.220167876558508,48.82538356948234],[9.220904242827476,48.82507750299433],[9.221392035767455,48.82486329966399],[9.22191664466804,48.82463075092316],[9.222426355606217,48.82520251418074],[9.223491094801233,48.82642407350917],[9.223118907699696,48.82655527992945],[9.22277049868993,48.826686046078215],[9.222691752267956,48.827094190030685],[9.222657054908147,48.82734260496245],[9.222552723730074,48.828034624978436],[9.222504891153264,48.828235822338385],[9.222527187529467,48.82833032525737],[9.222528306582088,48.82858458485754],[9.222555932305353,48.828761917068235],[9.222556534618779,48.82889792122671],[9.222629049259151,48.82910473444706],[9.222674499337726,48.829264291390466],[9.222737734682859,48.82939425434623],[9.223026238299928,48.82987853471444]]]]}},{"type":"Feature","id":"stuttgart-05","properties":{"city":"Stuttgart","district_code":"05","name":"West","official_crime_values":null,"year":2025,"public_space_only":true,"metrics":{"public_violence":{"2025":28,"rate":null},"public_robbery":{"2025":7,"rate":null},"public_serious_injury":{"2025":19,"rate":null}}},"geometry":{"type":"MultiPolygon","coordinates":[[[[9.163752227956396,48.76839256297615],[9.16500789265799,48.76876939145819],[9.165175877700046,48.76849977058139],[9.166190079464364,48.76881369741345],[9.166856845574666,48.76918724942961],[9.166877343563568,48.76937776817203],[9.167245686621676,48.76962689616811],[9.168289681955887,48.76994072615212],[9.168498785818404,48.77009810401039],[9.168618302413291,48.77019648020004],[9.16915517597785,48.77034680889459],[9.168987025642114,48.77056387041365],[9.169185806083359,48.77060300007654],[9.169344928365566,48.77066190146736],[9.169641514310719,48.770227830202884],[9.17182773606929,48.77213851343056],[9.17103249783232,48.772630695889305],[9.170760402929567,48.7728693776149],[9.16915862257185,48.77375989809221],[9.169005743611587,48.77374568742539],[9.168307627119365,48.77391279811206],[9.16773687413396,48.774666939664044],[9.167355827613699,48.77524759540034],[9.166942032420627,48.775723960158885],[9.166316935895024,48.77662943319792],[9.168284436895004,48.7772363152243],[9.168507572381236,48.77730969320258],[9.16865985136243,48.777403278651896],[9.168605739101373,48.777494268403515],[9.168180658557029,48.77800071396145],[9.167677316743962,48.77846205984465],[9.167304546530492,48.77898854904839],[9.167211545654851,48.77911861817084],[9.166386260444517,48.78029490708391],[9.165580943940968,48.78159148756489],[9.165010943295876,48.78246663976905],[9.164396492495523,48.78338922335411],[9.164449744995526,48.783488317961634],[9.164044280431517,48.783582221647],[9.162977761234828,48.78383456000037],[9.16272840007549,48.7839032204498],[9.161731437252275,48.784125719182285],[9.160699152322797,48.78437535616064],[9.160532650964756,48.78459813021543],[9.16048798257423,48.78465609760765],[9.160028422133262,48.78527537873322],[9.159878654007208,48.78525084139164],[9.159630267191874,48.7855976316803],[9.160468171492413,48.78629758697516],[9.160481115552262,48.78645429740088],[9.160256472606465,48.786413369793905],[9.15944528221731,48.78627427662018],[9.158883972980444,48.78626681413036],[9.158459827515847,48.786250902131286],[9.158310061329667,48.786226362752345],[9.158372117044118,48.786127299494126],[9.157610662857394,48.78573027214763],[9.157260210370284,48.7855514551062],[9.156535393640405,48.78510705009119],[9.156448426596071,48.785222644779516],[9.156237977529148,48.785742571813756],[9.156076161947999,48.78572686459973],[9.155888691271159,48.7857347963505],[9.155950441745004,48.78553675678369],[9.1559623252436,48.78534703035798],[9.155550869114045,48.78539707673109],[9.155475613070637,48.785265201274534],[9.155213833180945,48.78531504355136],[9.155139337250574,48.78542237655688],[9.154852120449995,48.78531552917419],[9.154759859714876,48.7854185326558],[9.154690540368453,48.78549722338714],[9.154478254643308,48.785423265360706],[9.154341588937323,48.78559666919734],[9.153954569312067,48.78548993158924],[9.153867678830917,48.78562203719687],[9.152981678860789,48.78549120447797],[9.152804357182998,48.78547930144755],[9.152822710052765,48.785226116483514],[9.151425588699787,48.78522162637256],[9.151264600737788,48.785778747769],[9.150948799279496,48.78577283132533],[9.150882257999886,48.78592480617769],[9.150758200410207,48.7860452219513],[9.150127233202067,48.786488086077284],[9.150021967724284,48.786611235627234],[9.150542328358341,48.7870640945283],[9.150895538028907,48.78740684991149],[9.150840422624483,48.78757851627327],[9.150137289057517,48.78800844501078],[9.149305084501549,48.78867143828713],[9.148639015267506,48.78910131247653],[9.148046961515341,48.78948206430604],[9.147936352301619,48.78969059121504],[9.147788638715033,48.78988689871295],[9.147585182116524,48.790046509156326],[9.147196337815027,48.790194096451046],[9.146530296074625,48.79063622067205],[9.146345444605032,48.79082032010995],[9.146271794939294,48.790992020304074],[9.146272894029586,48.791372005045986],[9.146514944122396,48.79173942136382],[9.146534653730752,48.792143899049336],[9.146702555796136,48.79251141995942],[9.147037326409489,48.7929452402793],[9.147093411045352,48.79305025665285],[9.147335431158849,48.79340541150966],[9.14737955741875,48.79345251183844],[9.147194313602775,48.79343048897803],[9.147063201849893,48.793385134155244],[9.146795724274597,48.79322658603754],[9.146179899420368,48.79263593655797],[9.145912420431841,48.792477382775246],[9.145738416756823,48.79231870931876],[9.145443563166753,48.791921846845774],[9.14520273378271,48.791736784495825],[9.145028500471367,48.79149865713274],[9.14478637210902,48.791119735560954],[9.144048938430055,48.790520315798375],[9.143656244695254,48.790055028030594],[9.142888683033343,48.7898696678909],[9.141023346196894,48.78899219003369],[9.140051687562835,48.78858971471999],[9.139769375663436,48.78839339330072],[9.13848268209013,48.787266732464296],[9.138278313200994,48.786946103845395],[9.138293514145428,48.78678047369018],[9.138542899450561,48.786397182232015],[9.138823756915658,48.78607596128253],[9.138885884778317,48.78589991924967],[9.138681144028828,48.78544472660468],[9.138352540502757,48.785476176447645],[9.13747483484757,48.785052839691225],[9.13607948544585,48.78421601648695],[9.13535763168704,48.78353367377357],[9.134948259234987,48.78263358983823],[9.134648322949396,48.78167128908698],[9.134597828437856,48.78032569320798],[9.134424156897614,48.77975659346014],[9.13439021338384,48.77877330020335],[9.134192003903253,48.778570900589564],[9.13416808625233,48.77828774978],[9.134028437031908,48.77800474078583],[9.133691762438207,48.77762248829411],[9.13319341722947,48.77733226338374],[9.13363157256214,48.77671941406992],[9.134138536371106,48.775915117968054],[9.134531415424442,48.77573095782404],[9.134495806593774,48.77538655711945],[9.134390749568455,48.77501927336297],[9.134424819221797,48.774766636612746],[9.134700625779143,48.7740085126842],[9.134583978359453,48.7736489260233],[9.134042029251946,48.77319735150942],[9.133258163965431,48.77281556717882],[9.133121951644005,48.77279320765966],[9.13295168721701,48.772759635098296],[9.132373100432444,48.772760312766536],[9.13153891158753,48.77262618695633],[9.13080707910275,48.7725932417729],[9.129240383511279,48.77217850181499],[9.128763236228444,48.77192014695154],[9.12777523404283,48.771527320766495],[9.12716180034613,48.77120158914603],[9.126769711737422,48.77092062687267],[9.126896602612605,48.77078401463754],[9.126795011519496,48.77057610972509],[9.126523987413934,48.76998206208831],[9.125792056409113,48.7692473455969],[9.124602567115058,48.76966468563859],[9.124154101388676,48.76999206014301],[9.123166478261478,48.77029772277827],[9.123009500299426,48.770409334418225],[9.12308886854182,48.77072128780836],[9.123325730516884,48.771144515788684],[9.12280919784899,48.77119706769018],[9.123282306149152,48.77177606278297],[9.1232379165295,48.77200642165938],[9.122855590159027,48.77182109349784],[9.122450696229444,48.77158378319612],[9.122034507751616,48.77132419408856],[9.121494883920564,48.771101878046444],[9.121191320003744,48.77096846433585],[9.120938140383004,48.77079364065223],[9.120887525688746,48.77073103496186],[9.120831180661247,48.770649365580574],[9.120763273429251,48.77041912439923],[9.120582867671443,48.770107268851426],[9.120233757130064,48.76968413432631],[9.120065407884008,48.76972888401003],[9.117428041853456,48.77067520038581],[9.118317739025816,48.77171440992528],[9.119260435538346,48.771379107318396],[9.119744304865886,48.77177237213446],[9.120419193506747,48.77220257446211],[9.120509938297076,48.772588810007086],[9.12083563339617,48.77257361214763],[9.121161344813363,48.772565843126976],[9.12148713484596,48.772595212989025],[9.121813119159926,48.772713737241205],[9.122026749837337,48.77281009474868],[9.122073941953149,48.772884881393836],[9.121263291050626,48.7735011338006],[9.121231905617098,48.77356896677718],[9.120515549132003,48.77404430784975],[9.119909309928447,48.77442043837711],[9.11922435342507,48.774838365064696],[9.118713249683614,48.775422980382444],[9.118320127512458,48.77588752364369],[9.117911060012311,48.77628429000934],[9.117572440453,48.776461955487626],[9.1173991899448,48.77655600592933],[9.116100697999295,48.77763690042983],[9.114975081432101,48.77842545926612],[9.11409184722578,48.77837417113802],[9.113855265012626,48.77835875300177],[9.112876895662684,48.77808330794088],[9.112632370339904,48.7780418274597],[9.112269631713485,48.778026537378274],[9.112144172263717,48.77833434136625],[9.111885351279916,48.77894998444049],[9.111727687457131,48.77897100172501],[9.111594228202383,48.77923710302557],[9.111398064588103,48.77967014171859],[9.111335832017353,48.780056106213294],[9.111281568111188,48.78048379162882],[9.113087368028296,48.780471670651984],[9.113702477790575,48.78049194692076],[9.11423878399792,48.78053315607962],[9.114712024966796,48.78058486084302],[9.115358919397845,48.7807094093211],[9.11728402145203,48.78117683172125],[9.11733216598104,48.78153139454136],[9.117353967711791,48.781900392974784],[9.11691809829877,48.782575855927604],[9.116705206720233,48.78295932025474],[9.11644977218611,48.782858312892294],[9.11606107450672,48.782816364562414],[9.115437391325177,48.782633763883545],[9.11483714001011,48.78260382311002],[9.11414456359809,48.782573964381676],[9.113589993551798,48.78233020446602],[9.113174378159023,48.78228479958308],[9.112759110998272,48.78239208309157],[9.112343544914497,48.78236195480321],[9.111742986761145,48.78219456603118],[9.110750262545551,48.78213444701454],[9.110404079835838,48.782165325814994],[9.1098500723451,48.7821658614473],[9.109480635745914,48.78212041181865],[9.10911070197641,48.781845917123405],[9.10874116534136,48.78175465328681],[9.108163989310714,48.78170940063639],[9.107748103399008,48.78152656852989],[9.107424871292364,48.78149634784641],[9.107008946470293,48.78129824245863],[9.106616310968278,48.78119172979738],[9.106385094438284,48.78100871549205],[9.105922913900358,48.78076482702161],[9.104677263358004,48.78113262605572],[9.103339191114584,48.78146966444213],[9.103477953177935,48.78160696134871],[9.106436400868462,48.783436460041735],[9.106991400147278,48.78389400147772],[9.110203000761322,48.78591729665356],[9.108859573455005,48.78679605659757],[9.10723930886113,48.78751662463496],[9.10641078180224,48.787907389493505],[9.105526728250359,48.788188509791844],[9.10480836036594,48.788384166858435],[9.105805027295064,48.7890657286236],[9.106856887904666,48.78968628209139],[9.107041578696451,48.789868913789604],[9.107429747901723,48.79039259179991],[9.107467047172129,48.79059973639094],[9.107448845413277,48.790709445438104],[9.107062234690174,48.79091698543364],[9.1069161305281,48.79155084585742],[9.1066772416385,48.79189231218234],[9.10730450710068,48.79217202739085],[9.107397441602867,48.792537552202774],[9.107901627774138,48.793186843931394],[9.109522861693257,48.79367912735697],[9.111177741646964,48.79410454263889],[9.11236048293232,48.79470745614381],[9.112518559031264,48.79495724875506],[9.112897360760284,48.7952901536544],[9.111936467141103,48.79529109528449],[9.112993525989795,48.79602951303764],[9.113183966821984,48.79665421284982],[9.11315340458295,48.79707084201591],[9.112841721752085,48.79737418288613],[9.112545307230924,48.797190289871565],[9.112266544523093,48.797109994101206],[9.111874685899863,48.79706432938582],[9.110351033857294,48.79699674799662],[9.10997654186205,48.79692804409591],[9.109332411170767,48.796968955955755],[9.1089153242635,48.79733196352603],[9.108072034257365,48.79787955453148],[9.107429005572476,48.79844997524072],[9.10715083378361,48.798651676519334],[9.10612402027764,48.79888287377645],[9.10448663972058,48.79857358978403],[9.102117003205668,48.79776995471277],[9.101630948295991,48.79851287366955],[9.10148364170124,48.79886411026131],[9.100858834711246,48.79991222244634],[9.100696039441475,48.80012190341824],[9.099841612718286,48.79967589966676],[9.099371812262687,48.79950231709749],[9.099051582775695,48.799432060105865],[9.098375559496874,48.79929157560833],[9.098090882700737,48.799211880350136],[9.09781312436906,48.799033430157586],[9.097606374574651,48.79879377922089],[9.097549141607816,48.79862454218605],[9.09770757925407,48.79811394089405],[9.09744136320463,48.79806974251902],[9.096801210110952,48.79807969343535],[9.096459868666413,48.79812700673248],[9.096275198374395,48.79826823087018],[9.096142913424716,48.7983796074966],[9.095905960907071,48.798607114153306],[9.095564536770661,48.79861680656582],[9.09515860039063,48.79836322315782],[9.095030949523641,48.79856552738101],[9.094988532414225,48.79870193440387],[9.094988792628108,48.79883830534749],[9.09494038147585,48.798866798469255],[9.09319119283482,48.799911949298874],[9.091568992599747,48.79974398191452],[9.089950384343899,48.79971601147847],[9.089798135517754,48.79971949376377],[9.089463303549827,48.79970803871787],[9.08895105932243,48.799670823151274],[9.088524107480197,48.79959591705005],[9.08776981156151,48.79944601620341],[9.08700125482056,48.799277317883785],[9.086574363199698,48.79923061035875],[9.08606189934769,48.79906171674347],[9.085644941062686,48.798946776800356],[9.084654731242123,48.79872502714717],[9.084358958413716,48.79859911739947],[9.084775830755445,48.797981266771636],[9.084490665087086,48.797902952432935],[9.084132605415865,48.79685108839338],[9.083135021239809,48.79688321341401],[9.08303961142402,48.79663203377785],[9.082398466935622,48.79677380834604],[9.08213743144343,48.79693102321538],[9.081263854486314,48.79633273791532],[9.080839693964707,48.7958965937664],[9.080614870666638,48.795509688391576],[9.08040281231726,48.795312193936105],[9.079978617983796,48.794867790993685],[9.079778296359217,48.79420910316258],[9.079454397937788,48.794176393645486],[9.07950503640076,48.79470342455627],[9.079742467827716,48.79519737060151],[9.080129129226346,48.795534747920605],[9.079306498672741,48.79518944369685],[9.078234425988496,48.794621972108686],[9.07763481303662,48.793485909555386],[9.076971655008506,48.791460393268416],[9.076410263433747,48.79084309890074],[9.076247193267866,48.79007729562927],[9.075349592564772,48.78949317361698],[9.075348677390851,48.78888376170163],[9.075408450971468,48.78726135522866],[9.0845062599713,48.78361484562133],[9.086061799731105,48.782987788295564],[9.08637268002533,48.78273225405086],[9.088301596123905,48.78200605367754],[9.087055172247268,48.78133169578701],[9.086283083685961,48.78131581014966],[9.085821758241382,48.78097025897166],[9.085766616618134,48.780722165310074],[9.085862986532312,48.780472601351015],[9.08594269913968,48.7801701048842],[9.08664971587269,48.77955074233023],[9.086800913401968,48.779241209689005],[9.08669852099167,48.7785221061629],[9.085116335241649,48.77754485090551],[9.08489896679935,48.776968063869774],[9.083485135936487,48.77554893994665],[9.08342462432541,48.77502300557952],[9.084179655632111,48.774812066033455],[9.084378106192558,48.77461468065584],[9.084755152065298,48.774233065672206],[9.085172147063114,48.773969770026724],[9.085708223594853,48.77360119355851],[9.085050798171528,48.77274696053095],[9.084970982086428,48.772549660319804],[9.085049818943208,48.77215511877994],[9.085069319987044,48.771931562498274],[9.084989605812831,48.77181327115284],[9.084790702347506,48.771734523846874],[9.084452720266373,48.771695326444195],[9.08385584045431,48.771353874689915],[9.083536973796138,48.77085442022256],[9.082441950981362,48.76976379596791],[9.082441765411975,48.76964545399845],[9.08279855326065,48.76904032476639],[9.083175447299281,48.76857982443189],[9.08180350371217,48.76827836149198],[9.080550243135058,48.76760861717411],[9.075998031959925,48.76717778492531],[9.076969056730706,48.765244056459075],[9.07760317910556,48.76402072848555],[9.077621763142261,48.76317914666066],[9.07742244179308,48.76279794704481],[9.076425698821364,48.76078664631787],[9.07612577657687,48.75957710407446],[9.07648125025204,48.75810412076248],[9.077374013485027,48.75714361500416],[9.077293582399374,48.75652564025119],[9.077258602488735,48.756361794377916],[9.077464870753385,48.755994817028984],[9.077207778013758,48.755595320637326],[9.078134653294253,48.75589164674359],[9.078557090058935,48.755909991181156],[9.080035534042969,48.755936911898694],[9.080697418842483,48.756010975000926],[9.081401541498737,48.75608501616984],[9.082204078822944,48.75606580680769],[9.083485126491178,48.75592512856134],[9.083963814093229,48.75590614558646],[9.084344028836771,48.755933820321935],[9.084921514523463,48.75605451118887],[9.086006307063336,48.75640776950362],[9.086442968604782,48.75650993692724],[9.086865459017487,48.756556207737546],[9.08768205123054,48.75651832521818],[9.0890055436392,48.75648936010249],[9.089850326096082,48.75647007205896],[9.090216324756696,48.756423203943946],[9.090680731400823,48.756292403760135],[9.091130907572609,48.75607775583723],[9.091566947356371,48.75583515960826],[9.09198894212574,48.755611221640734],[9.092298598365014,48.75555506840717],[9.092706780214867,48.75548020170839],[9.093481125671163,48.7554516256249],[9.094002119347332,48.75546983976078],[9.094424675058622,48.75555334964961],[9.094931712703378,48.755636788428504],[9.09548083277867,48.75563633928973],[9.096057963191303,48.75556132152397],[9.097268401404468,48.755336693544216],[9.09764842491253,48.755271152059265],[9.098127089530545,48.7552427922116],[9.09876073853414,48.75527019792178],[9.099295966787611,48.755372226761644],[9.100112930797938,48.75553922703081],[9.100986086714176,48.755640937774494],[9.101366291004283,48.75566854376805],[9.10201393174035,48.75564933258965],[9.104590359380557,48.755535263142114],[9.107532852962523,48.7554300582886],[9.109644659224546,48.75534418883894],[9.110461291965887,48.755343392807625],[9.111094987172898,48.75538935598094],[9.111883733106279,48.75550966923702],[9.112531758949725,48.755667408411185],[9.113151823352075,48.75590907260432],[9.113687564971396,48.7562160412728],[9.11409659081016,48.75652311766416],[9.114379017356544,48.75688622844557],[9.114563081510992,48.75733328894461],[9.114676361269385,48.75761269367084],[9.11480359585417,48.75783618953408],[9.115130536271145,48.75783057913766],[9.115139857470206,48.75846506477238],[9.115242447190326,48.75864698904559],[9.115415716064856,48.75880283773225],[9.115581063211012,48.75893268217424],[9.115832887791347,48.75906765357173],[9.115976200648776,48.759184843326615],[9.115907420723238,48.760900769965865],[9.116103121882691,48.76168634510364],[9.116058495761441,48.76335410740813],[9.115962966490152,48.76396353972339],[9.115818493961491,48.76438060679574],[9.115504390549509,48.76481388363149],[9.115286825980995,48.76507067423027],[9.115162719337262,48.765518905511286],[9.115118857898723,48.76582452589495],[9.115361401370121,48.76588842835383],[9.11579723777268,48.76567952099101],[9.116523867437104,48.76543824404229],[9.119262165532339,48.76513076237978],[9.124170132656305,48.76461014225642],[9.124094406674494,48.76426360207738],[9.124954859102068,48.76415127145212],[9.126806844673442,48.76395118394163],[9.129350958524,48.76368841301017],[9.133252997019795,48.76046533711166],[9.135363114749996,48.75870837527015],[9.135585810225477,48.75865650614597],[9.135764054385026,48.75864891779],[9.135842139503014,48.75868567968344],[9.135953853342901,48.75857743224486],[9.136358986022003,48.75876729813754],[9.136746112408053,48.75895719656165],[9.137079326158114,48.75915310507203],[9.137547693893367,48.75946187439623],[9.13871844111517,48.76016240989053],[9.139024702234222,48.76037619773137],[9.139348880013507,48.76056021333217],[9.139700035899617,48.7607501461679],[9.1399342808594,48.76092831554023],[9.140042714275832,48.76112448992962],[9.14005222253961,48.76130889266371],[9.140664128839003,48.76150444453126],[9.141077432447759,48.76141470267869],[9.141490961698175,48.76140824038202],[9.141733762917577,48.76143173554404],[9.142363972266516,48.76169863008928],[9.142867907515027,48.76182290686646],[9.14356966067411,48.7619469036933],[9.144001502932387,48.76201770944873],[9.14439736142732,48.76208260872573],[9.144640423050017,48.76217149201019],[9.144820791983257,48.76233777143811],[9.145442047441867,48.762682174337854],[9.14606314252444,48.76293126603631],[9.146414402153376,48.76315090816933],[9.146918859954015,48.76348931252271],[9.147206985478862,48.76361978435893],[9.14744135381388,48.763815768291444],[9.147531416720168,48.763863232832215],[9.147729235733001,48.763856978209105],[9.148448670005367,48.76386774317197],[9.1488436605308,48.76391847938563],[9.149229664032847,48.76401012885245],[9.149948316949725,48.76427867636576],[9.150237795250291,48.764342093535944],[9.15054866516621,48.764398448072576],[9.15132036721413,48.76451103699544],[9.15165273888541,48.7645815164094],[9.152489297503475,48.764835643203625],[9.153636822882826,48.76512472112636],[9.154102935374917,48.76525302214205],[9.154173080584465,48.76527997746815],[9.154334101357733,48.76538613052634],[9.154387958952848,48.76547823848837],[9.154345364990217,48.765570474733636],[9.154045808563518,48.76572688034375],[9.153992715403371,48.765890018872184],[9.154346335856108,48.765896613087875],[9.155941121230708,48.76624591253997],[9.156517633629006,48.76637652823649],[9.158286801002662,48.76674863206509],[9.160503436434976,48.767251481804244],[9.16112959210132,48.76736888732297],[9.161358257279097,48.76743426869091],[9.161625761770043,48.767230204945996],[9.161905126496103,48.767617456164714],[9.162142953020307,48.76744628535406],[9.162908367138973,48.76762916399806],[9.16343468399507,48.76759556011154],[9.163782992285332,48.767798741972435],[9.163436880151982,48.76827229887579],[9.163752227956396,48.76839256297615]]]]}},{"type":"Feature","id":"stuttgart-14","properties":{"city":"Stuttgart","district_code":"14","name":"Münster","official_crime_values":null,"year":2025,"public_space_only":true,"metrics":{"public_violence":{"2025":5,"rate":null},"public_robbery":{"2025":0,"rate":null},"public_serious_injury":{"2025":5,"rate":null}}},"geometry":{"type":"MultiPolygon","coordinates":[[[[9.227284026796095,48.82073901207818],[9.227137820990839,48.82103786808594],[9.226982086260909,48.82126361853244],[9.226771292771124,48.82154432241713],[9.22660608059834,48.82171526003466],[9.226339757110447,48.82195341996287],[9.226055062967673,48.82220379934226],[9.225834607387492,48.82238701830274],[9.22562317372976,48.822527575894625],[9.225292269530009,48.82275366219494],[9.22486939623274,48.82303476509306],[9.224382083301405,48.82334035906696],[9.224023420913543,48.82354822053706],[9.223902049906346,48.823608196315654],[9.223324357966934,48.82392122457243],[9.222891915994916,48.82413532372009],[9.222349077641217,48.82441056165032],[9.22191664466804,48.82463075092316],[9.221392035767455,48.82486329966399],[9.220904242827476,48.82507750299433],[9.220167876558508,48.82538356948234],[9.219652265706577,48.82556126038229],[9.219237863808733,48.825690005968724],[9.21878646768661,48.82578834397126],[9.218252146528402,48.82590511509097],[9.217662438485334,48.82600979977552],[9.217247723085913,48.82607151844842],[9.216915911761188,48.826114803601776],[9.21643650611369,48.826140087126],[9.215864838690832,48.826159435934244],[9.215233008127473,48.82616084037997],[9.214961209842272,48.826173301250506],[9.21445400668539,48.8261681538561],[9.213937431043535,48.82612646409567],[9.213015036632164,48.82606724291999],[9.212397083326646,48.82603791037974],[9.211880647321331,48.826026679351195],[9.211438089057756,48.82603966872776],[9.211074718593139,48.826034652791115],[9.210856907214534,48.82607826677],[9.210617219593017,48.82610752057292],[9.210170679090188,48.826194769890826],[9.209735515153758,48.82633299541907],[9.209382084570949,48.82648297605254],[9.208976342610374,48.826727684563764],[9.20863082442271,48.82696728184492],[9.208307954751504,48.827221778440205],[9.208112978202829,48.82743621129226],[9.207970754421975,48.82765553237894],[9.207851538201611,48.8279743810576],[9.207651057193035,48.828676724293615],[9.20762231697229,48.82901532028556],[9.207535100196091,48.829792114255014],[9.20752558450114,48.83114628362731],[9.20749999483038,48.83226155984446],[9.207516758136352,48.832669770221244],[9.207623507641093,48.83297825027735],[9.20788218487756,48.83358516834638],[9.20810982021135,48.83397307942968],[9.20854895157457,48.834490054823846],[9.20880638008728,48.83478832147381],[9.209290413627581,48.835225540607155],[9.209895035445546,48.835672497540386],[9.210484361079535,48.83605974384745],[9.211164033149123,48.836426896700125],[9.211722670557798,48.83668477989912],[9.212235902513468,48.83689293558678],[9.21153051523603,48.83758129229144],[9.211498620596627,48.837680901904456],[9.211170310498396,48.83820013951471],[9.21006326404383,48.83773128703247],[9.209855580749988,48.83745870508979],[9.209594067274548,48.83730027039799],[9.208892325873496,48.836791719603646],[9.20868493737109,48.836594200204644],[9.208591367618341,48.83644425977236],[9.208714897196216,48.836348490055386],[9.208041372255156,48.83590695621531],[9.207741436900509,48.835702005934024],[9.207637776933344,48.83561346538984],[9.207575104458074,48.835442987533206],[9.2060447323555,48.83497488647651],[9.205755125485412,48.834866233261074],[9.205568809119983,48.83476420956948],[9.205423643950926,48.83462117199305],[9.205236312788323,48.8342666584989],[9.205256565555413,48.83417107805777],[9.205761648558349,48.833938163960575],[9.205864530407975,48.833842435904145],[9.206122534334321,48.833801031940204],[9.206224446608324,48.83347329241928],[9.205023611048489,48.83275893527534],[9.205630478786828,48.83217099427113],[9.205423716195153,48.832116760537126],[9.204938178416624,48.83206987269663],[9.204183491632465,48.831859664489095],[9.204028377317867,48.831805353857895],[9.203521899461965,48.831690247106316],[9.203070888776388,48.83167021153726],[9.203665750596365,48.830779288883456],[9.203438128774076,48.82999861993153],[9.203497262380077,48.82982055345928],[9.2036465274205,48.82973131782714],[9.203645614070364,48.82950391860431],[9.201400577708824,48.82937934176723],[9.200098000247323,48.829193760462914],[9.199122730335858,48.82853301138617],[9.198297374860473,48.82794119264118],[9.197293288996502,48.82754742708627],[9.195133140570086,48.82619660703225],[9.194267124651125,48.826662769697634],[9.194101383930743,48.82636644520436],[9.193874528750039,48.82574394299222],[9.193242601949411,48.82485517390933],[9.193211581137547,48.824568510437636],[9.192850244993371,48.82398577460568],[9.192847771051953,48.823343110767105],[9.192621755760571,48.82292822526644],[9.19218649718355,48.822573016283215],[9.190223925268102,48.82188417347078],[9.189203407416356,48.8210553376369],[9.188722439560578,48.82051237669486],[9.191550680839917,48.82073994755512],[9.193384606108884,48.820756750478644],[9.193652007601779,48.820775111137436],[9.194368350278637,48.82111759949548],[9.19493499076855,48.82056887851491],[9.197604520386218,48.82171356928534],[9.198192899655151,48.822582568264274],[9.199929127473816,48.821913713357425],[9.2005629823972,48.82193411704772],[9.201050581489069,48.82195476521833],[9.201155814934845,48.81980637219727],[9.201236722674537,48.81972030838968],[9.201448351227448,48.819816590789756],[9.201934235203979,48.81941834832121],[9.202552341757952,48.819567624226686],[9.20333268474543,48.81863735555778],[9.203586998358832,48.81825544959996],[9.205096660871956,48.818967122513754],[9.205361548324824,48.819079304899205],[9.205749904912945,48.81868121278043],[9.207589854047583,48.81959086569355],[9.20772580625921,48.819643100222486],[9.209885443135628,48.82065004502309],[9.209739414786682,48.82070401725244],[9.210569798769056,48.82109992458797],[9.21110719260117,48.82137821421403],[9.211496523679727,48.821216395639375],[9.211577349025646,48.82140572357251],[9.211671346826133,48.821639882635594],[9.211999498237859,48.821571683516034],[9.212209209776464,48.82150725222889],[9.212327305760487,48.82142163665561],[9.212533671690217,48.82119641183635],[9.212762541124,48.821218662942094],[9.21288832433119,48.82121086607197],[9.212808914202354,48.82136979041214],[9.213231437615601,48.821202683474574],[9.21347104190219,48.82105861771263],[9.213790901913455,48.82095977528946],[9.214282081150875,48.82080014318057],[9.2149216830838,48.82057218462677],[9.2155954588322,48.820313922464855],[9.216166369190105,48.82007851357081],[9.216782662191898,48.81975985023932],[9.217250215218346,48.81944148648421],[9.217626418945342,48.819153524949186],[9.217933670101536,48.81879766457909],[9.218286075447054,48.818298097272404],[9.21837741397338,48.81826012616805],[9.218948514378754,48.81807762867564],[9.219460364955028,48.81741908398245],[9.219858928860347,48.81701772038765],[9.220621583025954,48.81617726941727],[9.221160014678174,48.81637278131722],[9.222241438092723,48.8152141760166],[9.222436631597212,48.81505152132633],[9.223425785950141,48.81564672399603],[9.223943271221245,48.81591381611426],[9.224913306270937,48.81635670628752],[9.225550817547328,48.81666619035701],[9.225985240948297,48.816915147066766],[9.22621628254913,48.817036549851096],[9.22642886313233,48.81715189819984],[9.22670654511549,48.817388983969074],[9.226975292109962,48.817687011465694],[9.227151494711398,48.81791211274055],[9.227346771774192,48.81827731352259],[9.227505297243038,48.81867304753888],[9.22759927883461,48.81906890965885],[9.227619374998383,48.81943445833698],[9.227630203508134,48.819793920665084],[9.22753019847032,48.82011095577512],[9.227466341397296,48.82026341399767],[9.227430216986487,48.82043407646521],[9.227338810987538,48.820617045497734],[9.227284026796095,48.82073901207818]]]]}},{"type":"Feature","id":"stuttgart-15","properties":{"city":"Stuttgart","district_code":"15","name":"Obertürkheim","official_crime_values":null,"year":2025,"public_space_only":true,"metrics":{"public_violence":{"2025":1,"rate":null},"public_robbery":{"2025":0,"rate":null},"public_serious_injury":{"2025":1,"rate":null}}},"geometry":{"type":"MultiPolygon","coordinates":[[[[9.276104765000959,48.769724131464756],[9.276573327139282,48.76962991928234],[9.276691801358716,48.76984686021805],[9.277277271546527,48.76969030920242],[9.277367282757176,48.768991874998974],[9.277670572195069,48.76907093375518],[9.2780953203984,48.76917636462582],[9.280880341951512,48.768114547322604],[9.281305242443644,48.76861001340764],[9.281986263395087,48.76876349137305],[9.28306378164607,48.76852809033991],[9.28393056926882,48.76835526282291],[9.284587509842703,48.768400174312504],[9.285433551981269,48.76870839351724],[9.286370959502356,48.76858192340036],[9.288928729817451,48.768823784080034],[9.289001631937904,48.76927357999518],[9.289308460736125,48.76961417034632],[9.289661141717076,48.76976843838613],[9.290272108402341,48.76996860578337],[9.290976266562014,48.77005995217223],[9.292689164784088,48.77019529119399],[9.293935328068882,48.77073521229897],[9.294925306391715,48.77158605104858],[9.29593593699739,48.771940301724634],[9.296500176956304,48.772171573302685],[9.297254454837182,48.772805776357984],[9.296605449411176,48.77362590606778],[9.298274920074812,48.77431979595416],[9.29994433754426,48.774998161657116],[9.301872011298014,48.77570684695666],[9.302199655276459,48.77558186894246],[9.302434959508187,48.77570537113516],[9.303346845966992,48.775221998966686],[9.30308770759007,48.77503649080293],[9.303297051910334,48.77474114343832],[9.30425845674656,48.774692069629104],[9.304585686831985,48.7745050144867],[9.304723910420053,48.77408573568977],[9.304980705861858,48.77388335292341],[9.305777680438403,48.77380366525433],[9.306433583490417,48.773662289307815],[9.30675997125063,48.77333559625269],[9.306828914477059,48.77310267210598],[9.307532742342834,48.773131829695046],[9.308327640770823,48.77271079417843],[9.308539955647051,48.772911931381344],[9.308495715916242,48.77334648411779],[9.308146154792095,48.77371978389971],[9.308921429702378,48.773919413855154],[9.310000534731426,48.773947554394724],[9.311245181857242,48.774192456830825],[9.31187789045803,48.774097653283],[9.312512335486035,48.7742821229012],[9.31448381935577,48.774478465722055],[9.31434832688622,48.77531667570935],[9.315127890933832,48.77619892966203],[9.31543776438822,48.77698939039867],[9.315441174960581,48.77753242631142],[9.315773754573492,48.77819868916749],[9.315403002519908,48.77892892039641],[9.314418095806234,48.778978163798456],[9.313478069311323,48.77870144499828],[9.312891634077896,48.77870302680587],[9.312140436669567,48.778611977738684],[9.3076576205622,48.778220617891826],[9.307251783427079,48.78090589462863],[9.305324826334736,48.780352451510886],[9.303424152500854,48.78026437055143],[9.303000777712443,48.78007929458483],[9.302343317699075,48.779972410861006],[9.301919385580488,48.77969424199617],[9.299615132726148,48.778800354845494],[9.298796904945142,48.77926794349621],[9.298846682450273,48.77974879521241],[9.299130105790153,48.78007388890138],[9.298213686050854,48.779812501589234],[9.294352686202464,48.78145152599766],[9.293747366545833,48.782244360671754],[9.29554150702825,48.784148186021234],[9.296247234587904,48.78447221103746],[9.297609645067494,48.784763509098056],[9.299209391148805,48.785504122981116],[9.298649573150595,48.78604862189939],[9.295309365137596,48.78855522523971],[9.29352160832393,48.787768491407114],[9.292483678205146,48.78680914362063],[9.291333177714849,48.78665690031583],[9.288969127913465,48.78762479625714],[9.287226053189054,48.785852516409754],[9.285857294306972,48.784444029870805],[9.284639957726482,48.784897008313266],[9.283677830960185,48.78484505364577],[9.282962428508222,48.78486231491369],[9.282750169077106,48.78466112730821],[9.282257600456104,48.78467784364326],[9.281694157424015,48.784601621037766],[9.28104824043413,48.78449456161756],[9.27858146461,48.783864510852396],[9.277852112163508,48.78349400375978],[9.276782529783272,48.78310098120646],[9.275749851529396,48.78305696345763],[9.274786050499088,48.78270239329518],[9.274632557778311,48.782516549728086],[9.27379743075284,48.782091811787744],[9.273283849377904,48.78255847410528],[9.272804588242684,48.78284667626961],[9.272511847875771,48.78292495901906],[9.271996503311827,48.78303484313035],[9.271445102042666,48.782989634773045],[9.271231028162292,48.782454834414786],[9.271043608783135,48.78250183394802],[9.270704072259557,48.78261124115226],[9.270444322871494,48.78232482727647],[9.27004231227461,48.78172840136858],[9.26932238127396,48.780899970807596],[9.269027050455941,48.78051281352516],[9.269015465349542,48.77948455390774],[9.268869447625619,48.77850751151951],[9.268907744521739,48.776924815539715],[9.268590991712935,48.77691778520023],[9.268682398981904,48.77645985850829],[9.269006601218523,48.775683327597285],[9.269175539431775,48.774379686125855],[9.267639855987627,48.774491909631166],[9.266175011595017,48.77469702602538],[9.265832500062821,48.77424015219791],[9.26671681496305,48.77293375531233],[9.265729160139408,48.772485322501055],[9.2649179016393,48.77208381275889],[9.264048858829781,48.77161346824726],[9.262907719384156,48.77114983654115],[9.262380446013935,48.77122863390338],[9.262680182425179,48.77025828346155],[9.261810946914474,48.770011972010764],[9.261636281015221,48.770245089496434],[9.261285454424355,48.770122526076314],[9.260673109949499,48.76992924396304],[9.260215047214919,48.769782902278976],[9.25979308582138,48.769814893064606],[9.260667546320166,48.768866490049426],[9.264390011866986,48.763263851676186],[9.265425979098751,48.76186503283226],[9.2659164676769,48.76152257401715],[9.265961583910881,48.76119665086203],[9.26916853079258,48.75656386411526],[9.269375407730506,48.756589273964344],[9.270716940257353,48.75672320537038],[9.271714005298149,48.75682176086491],[9.272587447171581,48.75574138587838],[9.272998135243277,48.755810265091505],[9.273449757161341,48.75585964761951],[9.273668741092525,48.75625478952979],[9.273885746375049,48.756277559288435],[9.274114408246216,48.75628864657987],[9.27481702254046,48.7561356783142],[9.2752859660594,48.75613842109163],[9.275610215213671,48.756478997984416],[9.275244148323555,48.75706947324154],[9.274919082158045,48.75765207601841],[9.274856438682225,48.75798580557442],[9.27494675795851,48.758423888291425],[9.27509328875014,48.75949796423224],[9.275312100248621,48.75985428722788],[9.27476285004355,48.760181418967534],[9.274957051910162,48.76031669653808],[9.274806046921825,48.76057692791893],[9.275077209146307,48.76085165233599],[9.274763849025115,48.761449751640065],[9.274276893002908,48.76138496456039],[9.273755285348406,48.76141335828407],[9.272989071119216,48.761744908090925],[9.272639098227373,48.7620832108033],[9.272365576626195,48.76246787979385],[9.272325392219678,48.762630886954156],[9.272479461039353,48.762940844373745],[9.272726967376117,48.7631729899884],[9.27308042173669,48.763407807770704],[9.273280074447522,48.763544056643354],[9.27367490032066,48.763903885455214],[9.273805028627677,48.76411692460976],[9.273870109177023,48.76422150320333],[9.273484876892656,48.76454435242553],[9.274062089476361,48.765031705093016],[9.27382843769704,48.765195150115126],[9.27318988205459,48.765293609094755],[9.272767036823673,48.765567291916646],[9.272558863880224,48.7656907507058],[9.27275861550959,48.76577173239053],[9.273915670897392,48.76614519991576],[9.27328124886896,48.76699235659823],[9.272745044597686,48.76757937489523],[9.272997561958006,48.76765247131557],[9.273491009643298,48.76782197432254],[9.274124577761027,48.767882518997055],[9.275014401204087,48.767632148369884],[9.275415661900396,48.768096656404644],[9.276104765000959,48.769724131464756]]]]}},{"type":"Feature","id":"stuttgart-18","properties":{"city":"Stuttgart","district_code":"18","name":"Stammheim","official_crime_values":null,"year":2025,"public_space_only":true,"metrics":{"public_violence":{"2025":8,"rate":null},"public_robbery":{"2025":5,"rate":null},"public_serious_injury":{"2025":3,"rate":null}}},"geometry":{"type":"MultiPolygon","coordinates":[[[[9.166126089218505,48.84411260623533],[9.166631811311367,48.84413096926259],[9.166632408859364,48.84431231605809],[9.168900442057913,48.844242231399384],[9.17122661257595,48.84427697146404],[9.172918773902667,48.8447994132083],[9.173466652475456,48.84447407334231],[9.173585013703777,48.84527564359283],[9.17560686167183,48.84503395750617],[9.175899361497594,48.84604524140232],[9.176031338057765,48.84659864719296],[9.176235566591778,48.847161475276764],[9.17625549505105,48.84737574782788],[9.175408657645887,48.847639082437745],[9.174417913508599,48.847997954136545],[9.173105940735358,48.84876978897511],[9.171416134469267,48.84899187288664],[9.171322222112009,48.84913561156188],[9.170711603646195,48.850014205327916],[9.170064610268183,48.850969594819624],[9.169808392228806,48.852115298569565],[9.16917236102162,48.85204945102467],[9.168419229388178,48.85154471492803],[9.168130777798707,48.851716933344036],[9.168045749497384,48.851751058033244],[9.167275584192963,48.851283350016466],[9.166675408065911,48.851000315409735],[9.16609547259532,48.85093229623421],[9.165776388120442,48.85096284929271],[9.165295505142897,48.851311936573794],[9.164911933792029,48.85153616146056],[9.1646319692567,48.851575265319035],[9.16426702716087,48.85151986040806],[9.164025710657725,48.85142556937435],[9.162594586335073,48.852008270709206],[9.160747495189694,48.852879679234036],[9.160078071099244,48.8533752879624],[9.15957830310002,48.85393951590843],[9.161532820519682,48.85607471882517],[9.158468284510512,48.857218771176825],[9.158415941756342,48.85714570958258],[9.15587588250509,48.8572954412021],[9.15554251668219,48.856930264273714],[9.154937470337654,48.85717626965125],[9.15422312995798,48.858847281394894],[9.15370809832183,48.86057563924293],[9.153984303660769,48.86110976118478],[9.153375843599047,48.8606238432949],[9.150975883472476,48.86039793167965],[9.147795067180367,48.85996289560001],[9.147173919632946,48.860059100890076],[9.147018674258346,48.85991659973146],[9.146840866525798,48.859840004534334],[9.145513454989741,48.86059570335948],[9.143722764373432,48.86106562586604],[9.143505121311307,48.860779545918284],[9.142320842395318,48.8610864350764],[9.141209255209482,48.86155545937815],[9.14124809077583,48.8599710206587],[9.140453818337384,48.860191500198205],[9.140587763630842,48.856382999286254],[9.135171702156665,48.85757300337315],[9.13351018249632,48.857727636488676],[9.13378956174335,48.85408127209305],[9.13378697353056,48.85309816190126],[9.137254336275848,48.852817306595234],[9.137729846708321,48.85246488213756],[9.138321383505897,48.851976097770084],[9.138942248520284,48.8517939993755],[9.139399180389312,48.84980819779796],[9.140190450314872,48.84856640122725],[9.141960293829648,48.84595848956128],[9.143100197478873,48.844782698401815],[9.143271138638971,48.84462057135547],[9.142757734277627,48.84442806069886],[9.1419263570634,48.8441831950588],[9.141680073780375,48.843935331748405],[9.140914440613418,48.84395536828143],[9.139974609072818,48.84367018014402],[9.138329987851218,48.843794780533614],[9.136998981920632,48.84389336140851],[9.136017100504636,48.8440950174852],[9.135626022882194,48.843732781123194],[9.133981560960251,48.84470823176521],[9.133516926692849,48.843849744030216],[9.134151451209817,48.84340995798249],[9.135418881566606,48.841976711262106],[9.136440206231207,48.840362440775976],[9.136915658278498,48.83989418631671],[9.137839914298182,48.839778510892415],[9.138506017552595,48.8403599685291],[9.139532971039952,48.8414290965662],[9.139636338026078,48.84158986162987],[9.139838326740854,48.8414941751481],[9.141525516910141,48.840403929254855],[9.142044682291019,48.840078740466915],[9.144298380907797,48.840095061610064],[9.147130960458957,48.84046383957058],[9.150165419158464,48.84070807558161],[9.153300295147776,48.84067525213521],[9.156137617670263,48.8406737672626],[9.15725111484163,48.84113573914065],[9.157785949890918,48.84153546496442],[9.158418412212141,48.84189001006346],[9.159575346523736,48.8422511441931],[9.159821130987023,48.842308078640166],[9.16002177642809,48.841801898753005],[9.160193312150575,48.84087939675628],[9.161586660505524,48.841044264573014],[9.162845253743122,48.84121673835085],[9.16444680281463,48.84151477604784],[9.165295441836623,48.841695220572845],[9.165179662688123,48.84189009580656],[9.164748926740142,48.84268293239666],[9.16613581303488,48.842671403938816],[9.166126089218505,48.84411260623533]]]]}},{"type":"Feature","id":"stuttgart-21","properties":{"city":"Stuttgart","district_code":"21","name":"Wangen","official_crime_values":null,"year":2025,"public_space_only":true,"metrics":{"public_violence":{"2025":12,"rate":null},"public_robbery":{"2025":5,"rate":null},"public_serious_injury":{"2025":7,"rate":null}}},"geometry":{"type":"MultiPolygon","coordinates":[[[[9.242884530870707,48.763500982418265],[9.243751855065216,48.76402911180843],[9.244520060113986,48.76442699762389],[9.244963685010713,48.764917640867395],[9.245510280755806,48.76509312585575],[9.245998852090011,48.76528411616619],[9.246268389173874,48.765463543199225],[9.246527627476338,48.765633942556164],[9.246660790068052,48.765702722587676],[9.246957045124283,48.76584446596652],[9.24723403981548,48.76621863082347],[9.24872684491427,48.76518611686432],[9.249398849402922,48.76486975977897],[9.250128212314825,48.7644533665392],[9.250349159499708,48.76452970542046],[9.250741210668357,48.764672421142095],[9.251093369182986,48.76476621405777],[9.251153545796708,48.76469840965152],[9.25281220538541,48.762532878266036],[9.253614520516031,48.76278463177803],[9.25554470573195,48.76341083922767],[9.255684459337342,48.76345572966179],[9.254361099609682,48.76540856291926],[9.253541240349888,48.76668823163378],[9.252517770495665,48.76821060345486],[9.2516157636795,48.76944239197713],[9.25266030584769,48.76975181156086],[9.253705516433156,48.77004737267093],[9.254771322923684,48.77036995669136],[9.255734515558741,48.77063860633099],[9.256595348286835,48.77089394048625],[9.257435672243846,48.771135793047335],[9.25751183177801,48.77102393862551],[9.257645076737678,48.77106425502217],[9.258096263304875,48.77125614378265],[9.258481556526183,48.77156663952402],[9.257563646631056,48.77215081214907],[9.256542479911392,48.77255922332464],[9.255541337508626,48.77288634278312],[9.254159487500415,48.77325814010959],[9.25212824286616,48.77380094362303],[9.251862522302181,48.77386921936738],[9.251596009671799,48.773775038679645],[9.251023641613045,48.77391163846278],[9.250328946341137,48.77414327472235],[9.249675239730593,48.77438835424971],[9.248940076135677,48.77471483703234],[9.248307139142844,48.77502756945393],[9.248019872197434,48.774879267625664],[9.246959082968097,48.775585532171895],[9.245021374546473,48.77694349414635],[9.244863795253215,48.77704812299151],[9.239961826812726,48.78036582707783],[9.237655360389063,48.78172440495339],[9.233959162106288,48.78364080320934],[9.233297843376182,48.78325595046237],[9.23285463545186,48.782849745940524],[9.232550765351206,48.78243557608593],[9.232327616780227,48.78189376805421],[9.232313266265582,48.78129468885639],[9.23243948181967,48.78095645582012],[9.232194840525148,48.7807956277941],[9.231787143879135,48.78054294825938],[9.231017606668125,48.779891555792446],[9.230923840413372,48.77970738925331],[9.230095849479234,48.77901760938367],[9.229817856135144,48.779179473501365],[9.229619824754291,48.779049288057855],[9.228807328076666,48.779127690791604],[9.228053735412253,48.77941336529636],[9.22756693680438,48.77963705782387],[9.226395754169703,48.78000045624364],[9.225282909839898,48.780432833061845],[9.224979759175952,48.78016454914482],[9.224837225471322,48.78012197587132],[9.224363144040487,48.77992755579644],[9.223860726833925,48.779244773236094],[9.22391705877617,48.778852855947214],[9.223461664209857,48.77830059539765],[9.223460522931825,48.77803948858567],[9.223179541835897,48.777525451606934],[9.222922439693605,48.777191940323526],[9.22289774305381,48.77686938702491],[9.222977919693447,48.776623422308774],[9.222708713459783,48.776155385595665],[9.222775271855502,48.775451636628844],[9.22244758999883,48.774883828978794],[9.222235361728544,48.774162149155785],[9.222186872824304,48.773701330916055],[9.222278242497225,48.77336165183329],[9.22282130791525,48.77273836467799],[9.222030119591695,48.77239148078179],[9.222070901984138,48.77110857319945],[9.223547164916239,48.7714436858073],[9.223631958330545,48.77223472343307],[9.22328507271726,48.77257340832662],[9.224980345819239,48.77253167713217],[9.224892887697193,48.77114915078848],[9.223987348852704,48.77120285970909],[9.22347625354136,48.771173135065204],[9.221720981641365,48.77076174460867],[9.221163279733643,48.77069369460022],[9.221208477652521,48.770409394105364],[9.221114402209107,48.77014072960217],[9.221408685968976,48.76829279009699],[9.222708949085934,48.768244195701364],[9.223010397838763,48.768143754622876],[9.223486623725663,48.76818123512845],[9.223892856280056,48.76814203650767],[9.224228988626885,48.76801078735973],[9.22447291371834,48.76803335845722],[9.22469256142992,48.767817845334605],[9.225631865989156,48.76755483418139],[9.22613092378474,48.76750776242504],[9.226466838838698,48.76733042609602],[9.226977662492413,48.76728337342922],[9.228254949691996,48.767311566757904],[9.230081834755108,48.76819119464229],[9.230636947224125,48.76771387069426],[9.23035794201174,48.76764528011114],[9.230705501526982,48.76747563120893],[9.230726755881356,48.76703011168506],[9.231770486045944,48.766759217239475],[9.23255864982314,48.766458098990235],[9.233613001050465,48.76597207399417],[9.235200911770294,48.7653774432313],[9.23638497274993,48.76532893515955],[9.237568706784506,48.76521130386599],[9.237788201351478,48.76498040800066],[9.237717015016027,48.764617704076436],[9.238202203773865,48.76409435067788],[9.23849257130581,48.76411679971257],[9.23846832234529,48.76389408022365],[9.23925471324489,48.76323183650418],[9.241503607644669,48.7624743085546],[9.242074322618068,48.762857182798165],[9.242884530870707,48.763500982418265]]]]}},{"type":"Feature","id":"stuttgart-08","properties":{"city":"Stuttgart","district_code":"08","name":"Botnang","official_crime_values":null,"year":2025,"public_space_only":true,"metrics":{"public_violence":{"2025":11,"rate":null},"public_robbery":{"2025":3,"rate":null},"public_serious_injury":{"2025":8,"rate":null}}},"geometry":{"type":"MultiPolygon","coordinates":[[[[9.133121951644005,48.77279320765966],[9.133258163965431,48.77281556717882],[9.134042029251946,48.77319735150942],[9.134583978359453,48.7736489260233],[9.134700625779143,48.7740085126842],[9.134424819221797,48.774766636612746],[9.134390749568455,48.77501927336297],[9.134495806593774,48.77538655711945],[9.134531415424442,48.77573095782404],[9.134138536371106,48.775915117968054],[9.13363157256214,48.77671941406992],[9.13319341722947,48.77733226338374],[9.133691762438207,48.77762248829411],[9.134028437031908,48.77800474078583],[9.13416808625233,48.77828774978],[9.134192003903253,48.778570900589564],[9.13439021338384,48.77877330020335],[9.134424156897614,48.77975659346014],[9.134597828437856,48.78032569320798],[9.134648322949396,48.78167128908698],[9.134948259234987,48.78263358983823],[9.13535763168704,48.78353367377357],[9.13607948544585,48.78421601648695],[9.13747483484757,48.785052839691225],[9.138352540502757,48.785476176447645],[9.138681144028828,48.78544472660468],[9.138885884778317,48.78589991924967],[9.138823756915658,48.78607596128253],[9.138542899450561,48.786397182232015],[9.138293514145428,48.78678047369018],[9.138278313200994,48.786946103845395],[9.13848268209013,48.787266732464296],[9.138091450240427,48.78729826487382],[9.137794074877974,48.787308982302015],[9.1375283872024,48.787464566175125],[9.137278424212147,48.787640840287274],[9.136981114861058,48.78768261946296],[9.13649592014096,48.78770394602195],[9.136370971032868,48.7878076040508],[9.136214641047923,48.78788023870639],[9.136057914773952,48.787807966814334],[9.135713279720084,48.78771519573162],[9.135556314363667,48.787693205415735],[9.13417509390171,48.787365339364925],[9.133762683986236,48.787224533660186],[9.133396013469191,48.78706349652656],[9.133136020386964,48.78684180577657],[9.131655564200088,48.786682057707324],[9.13113656919935,48.78660191605599],[9.130604162516924,48.786455299964956],[9.13040363278465,48.786400935061586],[9.12971654546392,48.78623015300654],[9.128648114589659,48.78609009598761],[9.12772095580605,48.78605230504894],[9.12615562803354,48.78576841726626],[9.125464454706309,48.78574379859913],[9.125147589631712,48.78569971655052],[9.124599970736098,48.78550354040128],[9.12406178560078,48.785237531177685],[9.123572082524488,48.78517457996312],[9.123312726267725,48.785105036512874],[9.12324539725908,48.78504797610647],[9.12268870278475,48.785054912165876],[9.122477397790407,48.78499800177516],[9.122208266119582,48.78483959247182],[9.121679983410992,48.784681451911744],[9.120652765107955,48.78463174867923],[9.120336179343232,48.784714602248734],[9.119932762053624,48.7846071189188],[9.118856715284986,48.78420833087311],[9.118241401574561,48.783796365036636],[9.116598702270416,48.78322674386906],[9.116700395052135,48.78301002635306],[9.116705206720233,48.78295932025474],[9.11691809829877,48.782575855927604],[9.117353967711791,48.781900392974784],[9.11733216598104,48.78153139454136],[9.11728402145203,48.78117683172125],[9.115358919397845,48.7807094093211],[9.114712024966796,48.78058486084302],[9.11423878399792,48.78053315607962],[9.113702477790575,48.78049194692076],[9.113087368028296,48.780471670651984],[9.111281568111188,48.78048379162882],[9.111335832017353,48.780056106213294],[9.111398064588103,48.77967014171859],[9.111594228202383,48.77923710302557],[9.111727687457131,48.77897100172501],[9.111885351279916,48.77894998444049],[9.112144172263717,48.77833434136625],[9.112269631713485,48.778026537378274],[9.112632370339904,48.7780418274597],[9.112876895662684,48.77808330794088],[9.113855265012626,48.77835875300177],[9.11409184722578,48.77837417113802],[9.114975081432101,48.77842545926612],[9.116100697999295,48.77763690042983],[9.1173991899448,48.77655600592933],[9.117572440453,48.776461955487626],[9.117911060012311,48.77628429000934],[9.118320127512458,48.77588752364369],[9.118713249683614,48.775422980382444],[9.11922435342507,48.774838365064696],[9.119909309928447,48.77442043837711],[9.120515549132003,48.77404430784975],[9.121231905617098,48.77356896677718],[9.121263291050626,48.7735011338006],[9.122073941953149,48.772884881393836],[9.122026749837337,48.77281009474868],[9.121813119159926,48.772713737241205],[9.12148713484596,48.772595212989025],[9.121161344813363,48.772565843126976],[9.12083563339617,48.77257361214763],[9.120509938297076,48.772588810007086],[9.120419193506747,48.77220257446211],[9.119744304865886,48.77177237213446],[9.119260435538346,48.771379107318396],[9.118317739025816,48.77171440992528],[9.117428041853456,48.77067520038581],[9.120065407884008,48.76972888401003],[9.120233757130064,48.76968413432631],[9.120582867671443,48.770107268851426],[9.120763273429251,48.77041912439923],[9.120831180661247,48.770649365580574],[9.120887525688746,48.77073103496186],[9.120938140383004,48.77079364065223],[9.121191320003744,48.77096846433585],[9.121494883920564,48.771101878046444],[9.122034507751616,48.77132419408856],[9.122450696229444,48.77158378319612],[9.122855590159027,48.77182109349784],[9.1232379165295,48.77200642165938],[9.123282306149152,48.77177606278297],[9.12280919784899,48.77119706769018],[9.123325730516884,48.771144515788684],[9.12308886854182,48.77072128780836],[9.123009500299426,48.770409334418225],[9.123166478261478,48.77029772277827],[9.124154101388676,48.76999206014301],[9.124602567115058,48.76966468563859],[9.125792056409113,48.7692473455969],[9.126523987413934,48.76998206208831],[9.126795011519496,48.77057610972509],[9.126896602612605,48.77078401463754],[9.126769711737422,48.77092062687267],[9.12716180034613,48.77120158914603],[9.12777523404283,48.771527320766495],[9.128763236228444,48.77192014695154],[9.129240383511279,48.77217850181499],[9.13080707910275,48.7725932417729],[9.13153891158753,48.77262618695633],[9.132373100432444,48.772760312766536],[9.13295168721701,48.772759635098296],[9.133121951644005,48.77279320765966]]]]}},{"type":"Feature","id":"stuttgart-07","properties":{"city":"Stuttgart","district_code":"07","name":"Birkach","official_crime_values":null,"year":2025,"public_space_only":true,"metrics":{"public_violence":{"2025":2,"rate":null},"public_robbery":{"2025":0,"rate":null},"public_serious_injury":{"2025":2,"rate":null}}},"geometry":{"type":"MultiPolygon","coordinates":[[[[9.21155268812613,48.72660118541462],[9.211377473711472,48.7267481264337],[9.209920588405025,48.72786026382958],[9.209081776174651,48.727908641215485],[9.209144596636158,48.72842744909514],[9.209390169108824,48.72912972683333],[9.20944257538643,48.72958474709381],[9.209302938247276,48.730060226041694],[9.20904157044824,48.73043295962147],[9.208437280779398,48.730996320679026],[9.207893602623496,48.73154926510168],[9.20751208774661,48.73218574732625],[9.206830436223205,48.73357647374858],[9.205848100682598,48.73558624248363],[9.205648342870028,48.73616221335039],[9.205570514023051,48.73691038890155],[9.205545700101325,48.73828249770566],[9.205477019683302,48.738793655196396],[9.20525686601277,48.73932274441207],[9.204844214350103,48.739795529286674],[9.204299503309171,48.74015787856291],[9.202988305867173,48.74088308162579],[9.20227283244343,48.7414152196998],[9.201306191897189,48.74253934141689],[9.196385275859804,48.739246830318514],[9.197649669626335,48.7373938713915],[9.197952804370471,48.73748688733778],[9.198173559559347,48.73715909810131],[9.199979012409493,48.73437634456882],[9.19631692349382,48.733885999943915],[9.195859575580268,48.73381561051648],[9.19546352287587,48.733201572706406],[9.194984311012648,48.73285491604923],[9.194813546913503,48.73248647778053],[9.194577292447445,48.732242985232205],[9.194309047299829,48.73166078301819],[9.19448246516617,48.73153176786778],[9.195084644332935,48.73115813380455],[9.19554241503755,48.73047993319173],[9.196768931064911,48.73012569689394],[9.19645837017471,48.729211619351155],[9.197331825036478,48.72920661302334],[9.19729039073955,48.72874499147274],[9.197232699733716,48.72817847677069],[9.197198178643854,48.727454526532576],[9.197165664440965,48.72724472319342],[9.19697299859156,48.72660497822486],[9.197002902056992,48.72614322630049],[9.196875150195618,48.72570601875242],[9.196766389323091,48.72545252210721],[9.196596789566824,48.72495338034527],[9.195937766767623,48.724827675569244],[9.195207340696513,48.72481307503629],[9.19484814592345,48.72481369018049],[9.194643448932494,48.724536558216506],[9.194173349052129,48.723752495858285],[9.193559643638986,48.72296074007542],[9.192779370741707,48.722454682164205],[9.191877605236938,48.72196584544785],[9.192034190334843,48.721734530708034],[9.19255848691897,48.72107566411864],[9.19413233708903,48.71942401363283],[9.195520878324643,48.719358340762874],[9.195395957325383,48.71800283226229],[9.195521270077618,48.71788291534379],[9.197545540962935,48.71779189224063],[9.198517158085659,48.71775667963737],[9.199039323583687,48.71772913968084],[9.200651832411099,48.71713714015958],[9.201459834867565,48.71685057832131],[9.202264069867937,48.71655809260188],[9.203340540856102,48.71616695694218],[9.203889273110562,48.71599199429192],[9.204025482664036,48.71594231888738],[9.20450365758534,48.71577310885596],[9.204629848596774,48.71590090878335],[9.205267057526562,48.71568849278877],[9.205130929705287,48.715490295406],[9.204479441330562,48.71454403580007],[9.206274346957494,48.71399776252639],[9.206493750232404,48.715247359289755],[9.206785107509104,48.71544840003145],[9.208005167083064,48.71555559531616],[9.208953142475538,48.71565384803292],[9.210577481363785,48.71581535796821],[9.212115827747015,48.71596472370492],[9.214506770887155,48.71621575790026],[9.21529742403892,48.71634462102264],[9.215963711210419,48.716935439624564],[9.216381645167223,48.7172726171372],[9.219582493801726,48.71971056182992],[9.22004112029327,48.72006432707553],[9.219530984007505,48.72025122627777],[9.219347693264833,48.72036487176657],[9.219170817673412,48.7204994862777],[9.218924997936924,48.720784739257276],[9.218873581011856,48.720896494267485],[9.218926323557836,48.721093953900805],[9.218914162030474,48.72128293839398],[9.218889159135774,48.721497714694],[9.218825009109064,48.72166102599508],[9.218656999172577,48.7217987633726],[9.218372538319032,48.72200543406552],[9.21799723999427,48.72220368919842],[9.217868122643104,48.72234135362304],[9.217635617812343,48.72256509320644],[9.217287474106165,48.723046711966994],[9.216964790233314,48.72341664240971],[9.216745310760764,48.7236575461921],[9.216447860218482,48.723864235592224],[9.216007804588019,48.724088376801745],[9.215684480348795,48.724312298780966],[9.21549065130168,48.72448443843576],[9.21536170870985,48.72466504144115],[9.215012369509543,48.72487182226323],[9.21374358204716,48.72544101525739],[9.2115818021135,48.72650135043588],[9.21155268812613,48.72660118541462]]]]}},{"type":"Feature","id":"stuttgart-06","properties":{"city":"Stuttgart","district_code":"06","name":"Bad Cannstatt","official_crime_values":null,"year":2025,"public_space_only":true,"metrics":{"public_violence":{"2025":431,"rate":null},"public_robbery":{"2025":40,"rate":null},"public_serious_injury":{"2025":389,"rate":null}}},"geometry":{"type":"MultiPolygon","coordinates":[[[[9.240300358461354,48.79124976619695],[9.240567906756045,48.79154704885305],[9.240651743887973,48.79195302405322],[9.240387279637817,48.792305578540685],[9.239796455252153,48.79291602856589],[9.241622452758506,48.79372449033605],[9.240113721977949,48.79504085017684],[9.240462457493745,48.79517550591595],[9.241465259297655,48.79507864265206],[9.242448668707718,48.795225531483645],[9.243472463495984,48.7952369205154],[9.244992180500196,48.79618137137792],[9.245420708435915,48.795882608463415],[9.24550143203621,48.795638746237664],[9.24613693193372,48.795799847885874],[9.246574745453698,48.79570108123228],[9.24734233092692,48.79600335758025],[9.248427738058766,48.796026338878946],[9.248964744556304,48.79617713619762],[9.250012102378182,48.79625084543184],[9.24961012476374,48.79673289181491],[9.249386291209234,48.79671297889691],[9.24947452976939,48.797396209067635],[9.24966750422405,48.79741618955725],[9.250718349532029,48.79774030584293],[9.250888146457301,48.79775524209515],[9.250821174642905,48.7978839273016],[9.2503349625074,48.79905758484585],[9.250516394434074,48.79909142204009],[9.252836812504798,48.79963413030623],[9.253147901716941,48.79970192284088],[9.253109575163892,48.7998047118762],[9.253641231801502,48.79996613948331],[9.25393941306438,48.800042501727496],[9.254314941745632,48.80005021726828],[9.254703328612898,48.8000407982909],[9.254536403622508,48.800315040356125],[9.255028931045324,48.800408097835295],[9.254861621619186,48.80061387579822],[9.254720230568948,48.800819602536514],[9.254553238027375,48.801085290497525],[9.25445126639131,48.80141074495122],[9.254453542942962,48.80187290540241],[9.255322121331078,48.802076371063656],[9.255240981319114,48.80395106836099],[9.255008129709607,48.80399437738544],[9.25410089173037,48.80383375771665],[9.253989215198931,48.8047840834234],[9.253872647295275,48.805772043324666],[9.253770017986527,48.806244391126725],[9.253773680387429,48.80696643789638],[9.253527856647182,48.808216699679285],[9.253208173485152,48.80981280759121],[9.253200640441573,48.81000870863018],[9.255175184527676,48.81040132056008],[9.256903410804306,48.81073956192757],[9.25682150859037,48.81092386672282],[9.25633100884921,48.81198772253044],[9.25671828435066,48.81205878222815],[9.256264334862959,48.81313046264799],[9.255199358143223,48.81294105555938],[9.254697354501147,48.814092840308156],[9.25507246832726,48.81415595120609],[9.25460649721257,48.81525160650773],[9.255610963423763,48.81543311985559],[9.255293055914901,48.81627594651456],[9.255074144772557,48.81685668926806],[9.2547717163452,48.8168254018571],[9.254553659380413,48.816745978248484],[9.254347540327903,48.816634560001766],[9.254117435892173,48.8165631595159],[9.25409380124798,48.81666710364469],[9.253604662994245,48.81794688434168],[9.253116200809908,48.819386149694544],[9.251965884931115,48.81908499738013],[9.250211331735478,48.818617946820844],[9.249744477215334,48.81946499406399],[9.248740912555055,48.819251649694834],[9.248632579990714,48.819331692418345],[9.247641196006576,48.82160053275819],[9.246275067467453,48.8213559764999],[9.246192021938105,48.82169241909667],[9.24591873592033,48.82259391722608],[9.245665026144765,48.82258647969098],[9.245606930040983,48.823057502234896],[9.243540131382117,48.822830425961435],[9.243258405687108,48.82450707908463],[9.243899055492719,48.82459353987005],[9.24353768683609,48.82585185976908],[9.242602616670723,48.825800100607786],[9.242564187950977,48.826256691007906],[9.241517414294202,48.82621860869073],[9.241320252102204,48.82747440641376],[9.24117792184851,48.82745455884678],[9.24115543933178,48.82752441134467],[9.240715258387274,48.82881462316398],[9.240581611046489,48.82927669202072],[9.240352100788805,48.83000188446852],[9.239787761944786,48.829773972911035],[9.239411463806803,48.82968606445729],[9.239187617294574,48.829668797290616],[9.238911473641046,48.8299413382421],[9.23874139860587,48.829929869066085],[9.2372198123722,48.82990343152479],[9.236843440060246,48.829882296759884],[9.236396320805834,48.829875558050134],[9.234928565047131,48.82987264987021],[9.234835779941683,48.829885731823715],[9.23467799119245,48.829873162913785],[9.234595912751363,48.829530396608796],[9.233393598449354,48.82947691216675],[9.232295967950327,48.829523214348974],[9.231930418227599,48.82950245374972],[9.231669501342102,48.82951855115529],[9.23146368855016,48.82951896095908],[9.23098362350495,48.82953136748114],[9.229226485421266,48.82953521469304],[9.226998218987765,48.82955141461201],[9.224823830081888,48.82960892667633],[9.224331896441836,48.8296690275651],[9.22381316263082,48.82974100708501],[9.223231858916694,48.8298308399446],[9.223026238299928,48.82987853471444],[9.222737734682859,48.82939425434623],[9.222674499337726,48.829264291390466],[9.222629049259151,48.82910473444706],[9.222556534618779,48.82889792122671],[9.222555932305353,48.828761917068235],[9.222528306582088,48.82858458485754],[9.222527187529467,48.82833032525737],[9.222504891153264,48.828235822338385],[9.222552723730074,48.828034624978436],[9.222657054908147,48.82734260496245],[9.222691752267956,48.827094190030685],[9.22277049868993,48.826686046078215],[9.223118907699696,48.82655527992945],[9.223491094801233,48.82642407350917],[9.222426355606217,48.82520251418074],[9.22191664466804,48.82463075092316],[9.222349077641217,48.82441056165032],[9.222891915994916,48.82413532372009],[9.223324357966934,48.82392122457243],[9.223902049906346,48.823608196315654],[9.224023420913543,48.82354822053706],[9.224382083301405,48.82334035906696],[9.22486939623274,48.82303476509306],[9.225292269530009,48.82275366219494],[9.22562317372976,48.822527575894625],[9.225834607387492,48.82238701830274],[9.226055062967673,48.82220379934226],[9.226339757110447,48.82195341996287],[9.22660608059834,48.82171526003466],[9.226771292771124,48.82154432241713],[9.226982086260909,48.82126361853244],[9.227137820990839,48.82103786808594],[9.227284026796095,48.82073901207818],[9.227338810987538,48.820617045497734],[9.227430216986487,48.82043407646521],[9.227466341397296,48.82026341399767],[9.22753019847032,48.82011095577512],[9.227630203508134,48.819793920665084],[9.227619374998383,48.81943445833698],[9.22759927883461,48.81906890965885],[9.227505297243038,48.81867304753888],[9.227346771774192,48.81827731352259],[9.227151494711398,48.81791211274055],[9.226975292109962,48.817687011465694],[9.22670654511549,48.817388983969074],[9.22642886313233,48.81715189819984],[9.22621628254913,48.817036549851096],[9.225985240948297,48.816915147066766],[9.225550817547328,48.81666619035701],[9.224913306270937,48.81635670628752],[9.223943271221245,48.81591381611426],[9.223425785950141,48.81564672399603],[9.222436631597212,48.81505152132633],[9.222241438092723,48.8152141760166],[9.221160014678174,48.81637278131722],[9.220621583025954,48.81617726941727],[9.219858928860347,48.81701772038765],[9.219460364955028,48.81741908398245],[9.218948514378754,48.81807762867564],[9.21837741397338,48.81826012616805],[9.218286075447054,48.818298097272404],[9.217933670101536,48.81879766457909],[9.217626418945342,48.819153524949186],[9.217250215218346,48.81944148648421],[9.216782662191898,48.81975985023932],[9.216166369190105,48.82007851357081],[9.2155954588322,48.820313922464855],[9.2149216830838,48.82057218462677],[9.214282081150875,48.82080014318057],[9.213790901913455,48.82095977528946],[9.21347104190219,48.82105861771263],[9.213231437615601,48.821202683474574],[9.212808914202354,48.82136979041214],[9.21288832433119,48.82121086607197],[9.212762541124,48.821218662942094],[9.212533671690217,48.82119641183635],[9.212327305760487,48.82142163665561],[9.212209209776464,48.82150725222889],[9.211999498237859,48.821571683516034],[9.211671346826133,48.821639882635594],[9.211577349025646,48.82140572357251],[9.211496523679727,48.821216395639375],[9.21110719260117,48.82137821421403],[9.210569798769056,48.82109992458797],[9.209739414786682,48.82070401725244],[9.209885443135628,48.82065004502309],[9.20772580625921,48.819643100222486],[9.207589854047583,48.81959086569355],[9.205749904912945,48.81868121278043],[9.205361548324824,48.819079304899205],[9.205096660871956,48.818967122513754],[9.203586998358832,48.81825544959996],[9.20333268474543,48.81863735555778],[9.202552341757952,48.819567624226686],[9.201934235203979,48.81941834832121],[9.201448351227448,48.819816590789756],[9.201236722674537,48.81972030838968],[9.201155814934845,48.81980637219727],[9.201050581489069,48.82195476521833],[9.2005629823972,48.82193411704772],[9.199929127473816,48.821913713357425],[9.198192899655151,48.822582568264274],[9.197604520386218,48.82171356928534],[9.19493499076855,48.82056887851491],[9.194368350278637,48.82111759949548],[9.193652007601779,48.820775111137436],[9.193384606108884,48.820756750478644],[9.191550680839917,48.82073994755512],[9.188722439560578,48.82051237669486],[9.188305650882196,48.82107663094198],[9.187427630079712,48.822323875540135],[9.186504951198643,48.82364039537234],[9.185770185217148,48.82320656432177],[9.185342252664276,48.822859716299156],[9.184704655285943,48.8223480542325],[9.183159590355544,48.82124829108907],[9.182994034101029,48.82098158888857],[9.183067769393045,48.82068488677639],[9.184633626256474,48.81932783115909],[9.185588882652569,48.81874290282497],[9.185798470704169,48.81878211482455],[9.186022126264815,48.81858400251087],[9.185946945957578,48.81848523629046],[9.186168967888863,48.817861944617825],[9.185884628069124,48.81784261785682],[9.185943851703293,48.81767444099128],[9.185375378107448,48.81766549341446],[9.184747891773196,48.81787418837623],[9.184001511865931,48.818300561106156],[9.183327218260269,48.81799515471356],[9.18368456810996,48.817539756343855],[9.182055165143371,48.8178587865677],[9.180723672855432,48.817831258112236],[9.18032150921587,48.817774401331285],[9.18033909209589,48.817667464654235],[9.180015551395295,48.817662030337765],[9.180014544233071,48.817376948871186],[9.180149227516514,48.81734704748069],[9.180237121181243,48.81678862216806],[9.180062630841825,48.81613899161682],[9.180199974676153,48.81574902466543],[9.180181757904307,48.8155083180508],[9.179431929000806,48.81439751905697],[9.179482702065016,48.81404206004641],[9.179394981727924,48.81375559756099],[9.179964070760853,48.81318953409088],[9.18236146148486,48.81064856242961],[9.182247462827137,48.810594046624836],[9.18375641443102,48.80912824872397],[9.1846982731748,48.808848763190696],[9.187357847243337,48.8080355290122],[9.189241723783336,48.80746021285658],[9.1895449784899,48.80724725964955],[9.189726316115964,48.80530452753919],[9.189826582757332,48.80409566671494],[9.189828380238346,48.80389859800507],[9.189847908137668,48.803572128706385],[9.191814513717379,48.803168544160236],[9.192489256896458,48.80298264835011],[9.193140560197447,48.80275829606313],[9.193803159123638,48.80243383594241],[9.194337538350158,48.80207879425058],[9.194860178459207,48.80170836256497],[9.195396452317878,48.80185373585523],[9.195885766091845,48.80190679282005],[9.19633993913794,48.80190601472643],[9.196735471216595,48.80179754835767],[9.197223922696043,48.801627329219556],[9.197735577448292,48.80143397743889],[9.19802640937262,48.80135648106972],[9.198690172260383,48.80134762034784],[9.199132461340895,48.801285262861846],[9.199563014502429,48.80119982333369],[9.199888615482463,48.80107609671935],[9.201435063362638,48.80046524249716],[9.202016264540141,48.800194779073976],[9.202422841599818,48.799940016038946],[9.2031662132811,48.79945370031721],[9.204037125380164,48.798828589612526],[9.204274253097225,48.79867583148903],[9.204744111864722,48.7984835318824],[9.205178616242101,48.7985066848846],[9.205794202740867,48.79854548718831],[9.206567324330448,48.79874355419243],[9.20705034781736,48.79882247256871],[9.207593645731004,48.79888531978888],[9.208197524455256,48.799003895539144],[9.208705874051635,48.79936995568863],[9.209101918860343,48.799389489589096],[9.209780395766616,48.79948767183467],[9.21009306609129,48.79921585772112],[9.210697202872455,48.79939824159276],[9.210958752134337,48.799190628118424],[9.211286595001626,48.798959082992106],[9.21175783749895,48.79862537656019],[9.212157341351675,48.79833255455133],[9.212648977753052,48.797958054382775],[9.213089396598079,48.79762438850592],[9.213335114119355,48.79741336688133],[9.213662608921052,48.7971070826648],[9.213959199187668,48.79678727909054],[9.214695578465427,48.79600476686435],[9.215166098479774,48.79551481506803],[9.215687625154615,48.794943262598764],[9.21638304162875,48.79418798372248],[9.216628597964776,48.79394978028038],[9.217267313413792,48.79326212786949],[9.217692373440869,48.79284735477215],[9.217860111294247,48.792666714939365],[9.218488106471609,48.79211753614009],[9.219104639138637,48.79161468591116],[9.219860960694106,48.79104980766459],[9.220419620248371,48.79067055172542],[9.221234452960118,48.790144157693646],[9.222387300059571,48.78950904676815],[9.223120980764284,48.78912942720832],[9.224239062342228,48.788571516947805],[9.224529648242326,48.78830079366651],[9.225876950066802,48.787626564425494],[9.227300999044312,48.78690810220803],[9.229116398935927,48.78598439831305],[9.229282784344619,48.785960468347355],[9.230777786876564,48.785202568772],[9.233959162106288,48.78364080320934],[9.234625065884321,48.784027014692235],[9.234814482947119,48.78418146660722],[9.237019105634456,48.7857464052969],[9.237737752681712,48.78620520097028],[9.238845571241058,48.78670376443221],[9.240034837176418,48.78710751102164],[9.24077344031581,48.787444463310905],[9.241472127853406,48.78799809379826],[9.241925586863717,48.78863343429598],[9.2420117020982,48.78899011238243],[9.242047122147763,48.789266197715754],[9.242075027366646,48.78990570667372],[9.241198169569536,48.79062510731637],[9.240300358461354,48.79124976619695]]]]}},{"type":"Feature","id":"stuttgart-01","properties":{"city":"Stuttgart","district_code":"01","name":"Mitte","official_crime_values":null,"year":2025,"public_space_only":true,"metrics":{"public_violence":{"2025":623,"rate":null},"public_robbery":{"2025":171,"rate":null},"public_serious_injury":{"2025":436,"rate":null}}},"geometry":{"type":"MultiPolygon","coordinates":[[[[9.19160161581648,48.78003255564192],[9.191514814947139,48.78010468473972],[9.191537046206372,48.78022702174725],[9.191646909291503,48.78050038130756],[9.19183329039292,48.78086000708888],[9.192095955674825,48.78124108675701],[9.19238089125248,48.78173728778682],[9.192435718943681,48.78185239499384],[9.192775832335863,48.7825284383395],[9.193038777523515,48.78295990527655],[9.19327945222425,48.783269055737655],[9.193509004491835,48.78352063490044],[9.19388030875509,48.78382957009096],[9.194327959367158,48.78416712557126],[9.194716741965372,48.78441657245923],[9.19487426077788,48.78450573149951],[9.196029131453002,48.78510834220147],[9.196639826993389,48.78538440091606],[9.197078702294954,48.78556628732293],[9.196917540118482,48.785755505809874],[9.197108348498544,48.78583704559679],[9.197061040551285,48.78591899421516],[9.196727774469235,48.78594475759527],[9.196422839956853,48.7859074892251],[9.196356561806354,48.78600836589111],[9.196271273378803,48.78612186833266],[9.1960716431225,48.7862229754276],[9.195729761991439,48.78648176388853],[9.195568220585814,48.78658280271951],[9.194902184543736,48.78676026964041],[9.19530444695944,48.78733268429051],[9.195515434298747,48.78770390547965],[9.19532493776811,48.78770422755375],[9.19369601214645,48.78766288544781],[9.193316071797927,48.78793432226633],[9.193088134359945,48.788104744985],[9.192668119921562,48.787866121221406],[9.191680342241632,48.788591994680345],[9.191431935802484,48.78839717369858],[9.19120348467758,48.78843533769885],[9.190908282805689,48.78845472931415],[9.190918130183285,48.78853657709122],[9.189700206901078,48.78887236847298],[9.189343052514912,48.78898494005614],[9.189065384424708,48.78902557357485],[9.188778942382262,48.78904326491992],[9.188509647577163,48.78900350813722],[9.188177464100473,48.788816414226844],[9.187851675849277,48.7889081817087],[9.18793986328129,48.78900756468553],[9.187927693341834,48.78910711935758],[9.18784023004324,48.789198497986526],[9.186974165649838,48.789971713885485],[9.186689971889686,48.7902455075388],[9.186433203330418,48.790434677087276],[9.18622602343801,48.790588006144795],[9.186054880361194,48.79072048881868],[9.185458279481502,48.791108398500015],[9.1844267665253,48.79177068462199],[9.184284369095508,48.79182329398546],[9.18157638712873,48.79223622632588],[9.18149667645024,48.792100153208004],[9.181348911880825,48.79068616044423],[9.18130629771947,48.79056355420018],[9.181268871465951,48.790455803789094],[9.180993414671795,48.78870664176751],[9.180929552814709,48.78857053969014],[9.180848875987401,48.788141148167284],[9.180832465749514,48.78798402987806],[9.180704428393287,48.78761755554974],[9.180624535340653,48.787429100358054],[9.180351522455075,48.78641330593785],[9.180090216078602,48.78643466609386],[9.179741341232772,48.78634092133464],[9.179543014138513,48.786257416902],[9.179456420250993,48.78640422454354],[9.179235204385813,48.78642390556127],[9.178956485974474,48.78674828304587],[9.178728877846183,48.78670235920534],[9.17864191539372,48.78684133401469],[9.17839744345908,48.78696898294823],[9.177436421541952,48.787306036210346],[9.177136650490612,48.78716405172848],[9.176883614226789,48.78711164215429],[9.176497726024067,48.787129826189215],[9.176245123344543,48.787200601570774],[9.176019188711875,48.78728894255995],[9.175685498806823,48.78702541585809],[9.174737976063378,48.786287573886],[9.174257637683638,48.78594506302632],[9.173457217748048,48.78539176939791],[9.173189247097467,48.78524891351478],[9.172790361951193,48.78497024433214],[9.172695571624052,48.78492463024822],[9.172349127791227,48.78478314848591],[9.172057793605012,48.784713599680956],[9.171748942345003,48.78467909391415],[9.171352065370344,48.784703119084966],[9.171114032945349,48.78474436564008],[9.17036302752579,48.78440723273751],[9.169850388492929,48.78412218856022],[9.169443527948006,48.78380196356157],[9.168149412356037,48.783367028390494],[9.167191533241294,48.783023573335356],[9.166926531961511,48.78291312538053],[9.16659158502769,48.78298944324252],[9.164968011305945,48.78337501359162],[9.164449744995526,48.783488317961634],[9.164396492495523,48.78338922335411],[9.165010943295876,48.78246663976905],[9.165580943940968,48.78159148756489],[9.166386260444517,48.78029490708391],[9.167211545654851,48.77911861817084],[9.167304546530492,48.77898854904839],[9.167677316743962,48.77846205984465],[9.168180658557029,48.77800071396145],[9.168605739101373,48.777494268403515],[9.16865985136243,48.777403278651896],[9.168507572381236,48.77730969320258],[9.168284436895004,48.7772363152243],[9.166316935895024,48.77662943319792],[9.166942032420627,48.775723960158885],[9.167355827613699,48.77524759540034],[9.16773687413396,48.774666939664044],[9.168307627119365,48.77391279811206],[9.169005743611587,48.77374568742539],[9.16915862257185,48.77375989809221],[9.170760402929567,48.7728693776149],[9.17103249783232,48.772630695889305],[9.17182773606929,48.77213851343056],[9.172906006267938,48.7714076174532],[9.173134664504705,48.77123397832036],[9.173406792712957,48.771002495745705],[9.17404923343317,48.77013759735841],[9.174221661768104,48.76987470452307],[9.174626187993985,48.7700690676442],[9.175050532025875,48.76967125937022],[9.174664023606216,48.76939890403129],[9.175030621088819,48.76914093139711],[9.175289689486863,48.7690475884607],[9.17547329772578,48.76900440811263],[9.175732585990687,48.76896826930778],[9.17540789992153,48.76884718588815],[9.176466153471914,48.768559565581796],[9.177703078606473,48.76825917196427],[9.177813125077394,48.76824894922142],[9.17899314448856,48.767926433721165],[9.179435932443683,48.76782563156294],[9.17956609617127,48.76795414520808],[9.180325009090454,48.768767410055595],[9.180705278379293,48.76914654576368],[9.181396023601893,48.768866573453195],[9.181525550637957,48.768816314058725],[9.182885431055274,48.76824200602185],[9.18278699139014,48.76792753926541],[9.183413993478675,48.76794799228029],[9.183608079148065,48.76781897676699],[9.183812919648748,48.767675642851124],[9.183574394646902,48.76748296464378],[9.183552460562613,48.767397203948825],[9.183595378237685,48.7673113300626],[9.183757062208501,48.76719666411699],[9.183940174057316,48.76702475466018],[9.184133847990516,48.76679562794107],[9.18428562381448,48.76690978553601],[9.18468538145418,48.76686621947891],[9.184739749082683,48.76695195497076],[9.184751143532102,48.76710924684806],[9.184979186620092,48.76738774048714],[9.185033649044044,48.76749491311839],[9.185077555582367,48.767673607276436],[9.185208106433569,48.767895068567206],[9.18577323880512,48.76868792165024],[9.186064151129795,48.76845146517451],[9.186432449567903,48.76865111884442],[9.186540152844177,48.76855083454668],[9.18678316105977,48.76862654341302],[9.186425314411393,48.76892906495006],[9.186584043288818,48.76906289414675],[9.186911245537893,48.76875536878069],[9.187074326603511,48.76881536019735],[9.187286105032571,48.76858540901416],[9.187804840964738,48.76856312656313],[9.188236982434372,48.768505176518374],[9.188280585937559,48.768598080606644],[9.188647763965971,48.768511621598066],[9.189047897068114,48.768560979139735],[9.189026586806255,48.768639678590795],[9.189491754935755,48.768738981572014],[9.189566783927857,48.76857436479112],[9.189724085175918,48.76861739823735],[9.189858892690255,48.76864536696421],[9.189805339476298,48.768774186826604],[9.190378902608776,48.7689591464558],[9.190465556898506,48.76900906594215],[9.190455129937028,48.769109197692636],[9.190186578515052,48.76956019335963],[9.190294804597041,48.769595766558616],[9.19041364587391,48.769581254968],[9.191052389995598,48.76920765618863],[9.191391681161257,48.769662621126216],[9.191108729593227,48.76983281428832],[9.190960841530737,48.77001171245832],[9.190558017791009,48.77062872098059],[9.190464260693403,48.77083432530791],[9.190424588181992,48.771057698128274],[9.190425798691617,48.77137924670093],[9.190467387675993,48.77166500999106],[9.190589999452074,48.77194171438499],[9.19082146446242,48.77243260637107],[9.190998450528692,48.77280745905091],[9.19109335074495,48.77290555223135],[9.191255817318257,48.77301246803752],[9.191566670809303,48.773074472937004],[9.191837150547546,48.773172269935934],[9.192121315339751,48.77332363343191],[9.192311131983784,48.77351981602256],[9.192109295724588,48.773716653572706],[9.192339524037415,48.773885967021506],[9.19247519007974,48.774046509455125],[9.19252993376204,48.77423398414793],[9.19247645743611,48.77437697726006],[9.192355854873039,48.77462727395311],[9.192248915243304,48.77492221633914],[9.19203367633829,48.775154816173554],[9.191697102113919,48.77545906620213],[9.191872914101967,48.77551238696607],[9.192008373312813,48.77561043611085],[9.19179304732835,48.7758162357035],[9.191698972798678,48.77594145334887],[9.191659409383233,48.77618271650829],[9.19175492033116,48.77642378288448],[9.191944913606404,48.776646815064524],[9.19236593753614,48.777244546844564],[9.192596949706124,48.77761929129033],[9.192705728444052,48.777815607578745],[9.19295139654974,48.77852079465865],[9.193033848445744,48.778886897837815],[9.193186592762688,48.77891409402257],[9.193197913261065,48.779029254047174],[9.193144442475406,48.77928130457661],[9.193134250259881,48.779461288717734],[9.193058808666116,48.779655776613545],[9.192820045685405,48.77984334641778],[9.19271143063312,48.77990831613693],[9.192559311662642,48.77998055971439],[9.19237439538543,48.780016865866905],[9.192134980975053,48.78003166326382],[9.19186285496474,48.78003212197141],[9.19160161581648,48.78003255564192]]]]}},{"type":"Feature","id":"stuttgart-12","properties":{"city":"Stuttgart","district_code":"12","name":"Möhringen","official_crime_values":null,"year":2025,"public_space_only":true,"metrics":{"public_violence":{"2025":24,"rate":null},"public_robbery":{"2025":7,"rate":null},"public_serious_injury":{"2025":16,"rate":null}}},"geometry":{"type":"MultiPolygon","coordinates":[[[[9.16796003092676,48.71619029914514],[9.16857064693402,48.71607138984349],[9.169194189395094,48.716011463525525],[9.16946157192292,48.71602792922197],[9.170061658972537,48.71656653741481],[9.17022738939115,48.71664215831554],[9.170444082251883,48.71672613561539],[9.17130897324327,48.71651410574873],[9.171868446845004,48.71632781688709],[9.172338507756058,48.716057365921294],[9.172808076866266,48.71564360190561],[9.173315370197054,48.7150948993519],[9.173607105909527,48.71479941699184],[9.174140781097574,48.714528848334375],[9.174903714632151,48.714300076901566],[9.175850513494671,48.714077493513614],[9.177893385244102,48.71382346620529],[9.178122809654539,48.713907408549055],[9.179000989730561,48.71387233484964],[9.179255864522048,48.713956232698045],[9.1794857469963,48.7141666122859],[9.179722690505574,48.714632199798885],[9.17978092881364,48.714860269960795],[9.179832672016033,48.71507647451095],[9.180114172726896,48.71548909381572],[9.180276610549491,48.71568591665141],[9.180665191796825,48.71600603134563],[9.18106258197366,48.71632612637328],[9.180729558506167,48.716769826041244],[9.180370656003616,48.71736518221512],[9.180046525224416,48.71783802484799],[9.179643499768913,48.718415950232774],[9.179080950229729,48.71871425286342],[9.178968027789479,48.71915177820805],[9.179100968635725,48.719390653702476],[9.179295815015564,48.719705239837566],[9.179420157548876,48.72000244169008],[9.179500613752822,48.720340534093204],[9.17961723707074,48.72094681366755],[9.179663250854663,48.72150655141521],[9.179707957494212,48.72168725120444],[9.18017561232124,48.72194308849044],[9.18166574021044,48.72243638752484],[9.18179051045311,48.72282689491461],[9.181985400509403,48.72314147265663],[9.182154466182476,48.72361353355324],[9.182296716500058,48.72398068141381],[9.182368523539735,48.72435376463179],[9.182422123404866,48.72456360721875],[9.182565496158679,48.72479253843895],[9.182705645382008,48.72502384144503],[9.182908433022302,48.725081842943354],[9.183172874929486,48.72513974429333],[9.183243708057407,48.72523877087971],[9.183314998924345,48.72547189545859],[9.183861273355758,48.725529327629154],[9.184372092875522,48.72552847814006],[9.184882947403043,48.72553347376473],[9.185261557996876,48.72550370226415],[9.185789726982462,48.725427039441776],[9.185768440147097,48.72590877370837],[9.185332507165842,48.72606600788891],[9.18480564262966,48.726229417240525],[9.181531882100312,48.72627674882109],[9.180476388932815,48.7261158301591],[9.180176736226601,48.72624272330928],[9.17987765739654,48.72653819268465],[9.179524821628121,48.72706853924903],[9.179172153433313,48.727671104704875],[9.179095060885674,48.727883942429074],[9.179168291250964,48.72808285987084],[9.179181749403496,48.72892031973356],[9.178964631854143,48.72908540625237],[9.178624666056182,48.72968999308687],[9.177445403103269,48.731168958441366],[9.179271047835476,48.73153141612554],[9.179316590466836,48.73181428790951],[9.179442316033292,48.732120588265374],[9.179507341910986,48.732344862672434],[9.17762523610084,48.73232359425042],[9.177061819952508,48.73231145847042],[9.176861664950462,48.73235594270891],[9.176697642536567,48.73244460023826],[9.17663142985015,48.73259776939593],[9.176601393461972,48.732808723120996],[9.175846516717813,48.732677724797746],[9.1751012731255,48.73261043934496],[9.174038619683733,48.73252407060667],[9.17288002869368,48.73241831103227],[9.171588577001389,48.732283416924595],[9.170326694519941,48.732158306309124],[9.170068357753031,48.73211474670411],[9.16957368253229,48.73198850918235],[9.169389001785472,48.731910633089335],[9.16851431383646,48.73286934261617],[9.16802030365474,48.73294823418],[9.168110002206186,48.73331934653915],[9.167689451353349,48.73329554134839],[9.167438460341993,48.73323728272842],[9.166773604110363,48.73293050763596],[9.16652373654541,48.73349488020569],[9.166275049828467,48.734022297445],[9.165999436269068,48.73452013883326],[9.165732372224298,48.73489361680075],[9.16555424769654,48.735124837098255],[9.165126616344544,48.735652473564464],[9.164992959727327,48.73580662856558],[9.16450298541748,48.73641728184277],[9.163689435507598,48.737499203156176],[9.163499596381506,48.73781655942378],[9.163351686786118,48.738211784956725],[9.163168303427152,48.73916667119213],[9.163083200977264,48.73975931516497],[9.162924102152644,48.740524884554205],[9.162727062585478,48.74109295984515],[9.162504493194717,48.74171787795287],[9.162178137827812,48.74237053247802],[9.161880077409014,48.742837710309665],[9.16159135047416,48.74319618608294],[9.16132175582208,48.74349071668208],[9.16110981608908,48.74368925404555],[9.160984799997085,48.743874878170686],[9.160930356524572,48.74399753761686],[9.160823433235347,48.74427917422344],[9.16023853645019,48.744339978971105],[9.16030088744259,48.74471594485566],[9.160371573705662,48.74486788646472],[9.160461388485395,48.74501557146421],[9.160634358673333,48.7452222578586],[9.160743229890848,48.74541568062012],[9.160852567585952,48.74561051499656],[9.160832019299384,48.745888061891996],[9.161047575426624,48.74630254391548],[9.161063996463021,48.74647052881487],[9.161057309716936,48.74685380362931],[9.161036286305178,48.74772536088069],[9.161007128953084,48.74851825290783],[9.160142718825895,48.74860343156161],[9.159143500940283,48.74870983614895],[9.157866725056293,48.748853313664505],[9.156780681505905,48.749101467008465],[9.156273261634471,48.749201873429286],[9.155940165972561,48.7492338070914],[9.155361063208302,48.749245055214224],[9.154290119664369,48.74926218125685],[9.151529391856316,48.74926597119279],[9.15116456616171,48.74929795975491],[9.15072844988694,48.7493615426674],[9.150362283284466,48.74893676323431],[9.14996254192074,48.74787681225825],[9.149248252577722,48.74773076533312],[9.148692951684474,48.74772099560673],[9.147344274107471,48.74767545381655],[9.146955489797959,48.74764969447732],[9.14659028292319,48.74755041088344],[9.146137801776389,48.74745124223453],[9.145709334863641,48.74742028342855],[9.144932207367727,48.747521015724836],[9.144559411545913,48.747542489663694],[9.144122768480287,48.747427543010154],[9.143837032126628,48.74737539385456],[9.143122985097266,48.74736052005366],[9.142250219697065,48.747314347299906],[9.141742314960709,48.74724671854802],[9.14102807205519,48.74714784339861],[9.140535956316922,48.74704869315207],[9.140123219307313,48.7469704428148],[9.139409145943631,48.74692931095143],[9.139028091100718,48.746830019857306],[9.136862469399324,48.746848342580606],[9.136187614733695,48.746928241353245],[9.136154191191233,48.74650605458751],[9.136072982575724,48.74632977908424],[9.135838109294134,48.74606282676894],[9.135804720209983,48.745656667105365],[9.13574678366814,48.745116960726854],[9.135673136699051,48.74474828171269],[9.13597103974041,48.74443262278816],[9.136236923701677,48.74422388085934],[9.13669687003035,48.7441218034973],[9.137051589186859,48.7439236451375],[9.13745531522059,48.74393919429792],[9.137656986069311,48.743874826332316],[9.137761605749503,48.74374644233361],[9.138302512179976,48.74373509457383],[9.138722015243474,48.74361700964455],[9.139012169036624,48.743434950246886],[9.139205827229176,48.74339729482146],[9.139464175742923,48.74339697885466],[9.139657585833202,48.743268478435624],[9.140157090324578,48.74288305992758],[9.140188010057031,48.74238597492036],[9.140268782243936,48.74130955623418],[9.140296563743776,48.740809160744625],[9.140269656139303,48.73990591590369],[9.140275810378682,48.7394536546822],[9.13933151406629,48.739372302208984],[9.138485164438306,48.73929667894764],[9.137433787598459,48.73914460662446],[9.136854564094136,48.73901556962679],[9.136061389374197,48.73877473878279],[9.135838574873459,48.73870423887968],[9.135445994799355,48.73845116137285],[9.134812109067918,48.737903549854884],[9.134446199185032,48.73762094871548],[9.134081029037628,48.737615467388714],[9.133358473694248,48.737185854731685],[9.133099596089298,48.736956193863314],[9.13289409527047,48.73669698546454],[9.132715067354605,48.736343404804],[9.132554169290701,48.73611952399583],[9.132259486948296,48.7358191476743],[9.13207219368174,48.73571321918029],[9.131742492187422,48.735642827482515],[9.131403805859138,48.73554888627209],[9.131073942666475,48.73542546122135],[9.130324833355099,48.73504898028187],[9.129263529566025,48.734460553926084],[9.128774780415553,48.73487385004993],[9.128410488076414,48.735204451537804],[9.128037410893784,48.73558812922034],[9.12770006227073,48.7360130371827],[9.127253399025408,48.735471079453234],[9.127039132898567,48.73526495853351],[9.126691389770379,48.73510025604201],[9.126691046303286,48.73496464479182],[9.126387919595636,48.73483526832479],[9.126760631792932,48.734304170198136],[9.126999975797604,48.73386166871145],[9.127089771605862,48.7335752240554],[9.127123693217595,48.73348415843621],[9.126989426262135,48.73321895485721],[9.127122269780102,48.732941660245444],[9.12720158270041,48.73264082616103],[9.127254207465864,48.732351807192266],[9.127306781994305,48.73201565528982],[9.127270316889676,48.73165018286834],[9.127189402557773,48.731314253901516],[9.127099954494815,48.73114929233859],[9.126930027983887,48.730842918843926],[9.126786508818892,48.73066714305643],[9.126715641676675,48.7305719439287],[9.126894476227257,48.73055850945764],[9.128457565701018,48.73047895190891],[9.12800234711397,48.72897397422985],[9.127462005503952,48.72693625717579],[9.12699097623558,48.726936788038564],[9.126048997153674,48.726975092935334],[9.125121056342513,48.727004073875136],[9.12411577522255,48.7270610481057],[9.124020806811423,48.72684094780719],[9.123791739259756,48.72626918940166],[9.123696883175002,48.725998894331376],[9.123570500730533,48.72568183193589],[9.123459959457113,48.72543755564544],[9.12328635297355,48.725094539512526],[9.123033959921703,48.72465281351637],[9.122758276299388,48.724304712967694],[9.122537778552742,48.72405014889081],[9.12217580141797,48.72370734376479],[9.121680051591788,48.72326587607174],[9.121428235514651,48.72303214536983],[9.12097965491107,48.722601020737734],[9.120482613521308,48.72213585086158],[9.120294959811805,48.72192574974096],[9.119877814375261,48.72149978314107],[9.119460699410661,48.72109461475163],[9.119255975383437,48.72085043094531],[9.119109528959711,48.72068867678419],[9.118977999347846,48.7205083319719],[9.119291431615183,48.720361254323706],[9.119813264138998,48.720123420285354],[9.120007736143823,48.71978848267623],[9.120431794303753,48.71940004741931],[9.121567207164025,48.718668554083244],[9.12184257215434,48.71853894396534],[9.122221384268032,48.71843204831001],[9.122692101908072,48.718332659752],[9.123059467372418,48.71824859923036],[9.123277503747207,48.71817229367131],[9.1236906079378,48.71801970686986],[9.124080797879182,48.71788996267037],[9.124413683986454,48.717813533021264],[9.124781133893896,48.71777509583585],[9.126225535917763,48.717740286640286],[9.126273649402778,48.716918888904985],[9.126467145670128,48.716885441635334],[9.126248772176421,48.715589565038655],[9.125560763184277,48.715704287074765],[9.122198172261536,48.71566515655621],[9.122382329031938,48.71534620352237],[9.12250377795719,48.715142330667206],[9.12234301902074,48.71506148919814],[9.121990863424973,48.71487958788009],[9.121355415206166,48.71453089485323],[9.12084998988838,48.71419725186346],[9.120077299891278,48.7140056581027],[9.119656701004802,48.71397065474526],[9.118717486990567,48.714493151675704],[9.118848683362778,48.715009467102895],[9.117747209638862,48.71482833136946],[9.117273575215112,48.715011103489715],[9.11681504860954,48.715117908157],[9.116226319364314,48.71512863758111],[9.115232028148926,48.715003069685615],[9.114490316364025,48.71498863360067],[9.113427159211035,48.71484287558847],[9.112960623592528,48.71479271664088],[9.112777017380047,48.71475239710492],[9.112569469347724,48.714643429197366],[9.112422484122039,48.71447228400018],[9.112215163279481,48.71430690089318],[9.111913243872541,48.71425009020139],[9.111671616141908,48.71415894978335],[9.111490115457816,48.71394782142272],[9.111472536962752,48.71378794142759],[9.111411736696207,48.71357670509137],[9.111264682806413,48.71334841632754],[9.111350206309526,48.71301712635442],[9.111470449288321,48.7127943043058],[9.111719122502636,48.712512669110396],[9.110892617438022,48.71243527008663],[9.110565395905267,48.712285227835494],[9.10955744165901,48.712280157879206],[9.108329800361707,48.71143335261812],[9.107822160147276,48.71184877434158],[9.107322513471837,48.71174099199907],[9.107035652816105,48.71158063309299],[9.107011356449755,48.71138553357862],[9.107162303756779,48.71121664048447],[9.108353212252977,48.71015814187264],[9.1099513349592,48.70984402606591],[9.111703525989817,48.70949791339717],[9.113812002155182,48.70911956487693],[9.115092398239693,48.708875909064126],[9.116353555840538,48.70864503736468],[9.117480040186798,48.70848445413898],[9.119232573519987,48.70833596568182],[9.120840701742761,48.7082194994911],[9.122285284371806,48.708179692577424],[9.123662553720829,48.70819093407855],[9.124596887941864,48.70824093435015],[9.125637223266832,48.70832274488278],[9.126648652157273,48.70839181416541],[9.128912719936716,48.70867633030178],[9.131051506774204,48.7089162879827],[9.131957058212,48.70901093221739],[9.133854818740577,48.70920649490351],[9.13542500313387,48.709319495884046],[9.137322567587205,48.70939382004508],[9.1390754680745,48.70939167977982],[9.139622913563331,48.7093870918049],[9.139936847263781,48.709391443791496],[9.140760787184943,48.70933225174216],[9.142233856464907,48.70922388960662],[9.142596141759242,48.70917943570827],[9.142868210605968,48.70915540121217],[9.1436121616929,48.70908405775716],[9.14455528815016,48.70895963302304],[9.145227694311316,48.7088650663332],[9.145378801633608,48.70882656238131],[9.146946289990915,48.70861335145113],[9.148075383404347,48.70844463915849],[9.149563196796878,48.7082402337634],[9.153282621712048,48.70774236505456],[9.154677355102903,48.707546811942336],[9.156269422397273,48.70729752065965],[9.157625046847343,48.7071001955586],[9.15968236234102,48.70679623958498],[9.161888935065852,48.70649723696967],[9.16225805221054,48.70644914107185],[9.163773068481365,48.70622506333822],[9.16548740266215,48.705963709264005],[9.167994941287661,48.70552674000655],[9.168620687334586,48.70539909900602],[9.170629328755922,48.70490475417112],[9.171266953504963,48.704734723123124],[9.172247182107126,48.70444793935007],[9.173054349036043,48.70416496073818],[9.172823748068678,48.70497081902442],[9.17258099553088,48.70637580435807],[9.172032372643494,48.70649070052818],[9.172150112829028,48.70753834773058],[9.172251698646807,48.70819605314029],[9.172329874949138,48.70847246671919],[9.17294706410981,48.70950543513805],[9.172516841453374,48.709620165656105],[9.172571890124377,48.70999084573332],[9.171947856557072,48.71010584983888],[9.171463359744848,48.710099430765496],[9.170267775719482,48.709937165689254],[9.169499941857493,48.710854745130746],[9.169636754513258,48.71132388069839],[9.169701294165561,48.711593541939195],[9.170745467096381,48.71172687386088],[9.16856593738002,48.71465521682862],[9.168036124636908,48.71475235209261],[9.16749744030673,48.714875957951584],[9.16796003092676,48.71619029914514]]]]}},{"type":"Feature","id":"stuttgart-19","properties":{"city":"Stuttgart","district_code":"19","name":"Untertürkheim","official_crime_values":null,"year":2025,"public_space_only":true,"metrics":{"public_violence":{"2025":36,"rate":null},"public_robbery":{"2025":3,"rate":null},"public_serious_injury":{"2025":32,"rate":null}}},"geometry":{"type":"MultiPolygon","coordinates":[[[[9.253039587277957,48.794002173290764],[9.252309522524278,48.79354660301793],[9.251374149101682,48.79287449094468],[9.250457552334693,48.79339867427578],[9.249948873196644,48.79379426710878],[9.249667154669712,48.793626038048224],[9.24946345289872,48.793744670594414],[9.248876382188511,48.793788150464856],[9.24839429387019,48.7944223694304],[9.248040083679884,48.795090072092556],[9.246927981652757,48.794822318687885],[9.246800838937272,48.79493233616887],[9.246597576185808,48.79514383055497],[9.246574745453698,48.79570108123228],[9.24613693193372,48.795799847885874],[9.24550143203621,48.795638746237664],[9.245420708435915,48.795882608463415],[9.244992180500196,48.79618137137792],[9.243472463495984,48.7952369205154],[9.242448668707718,48.795225531483645],[9.241465259297655,48.79507864265206],[9.240462457493745,48.79517550591595],[9.240113721977949,48.79504085017684],[9.241622452758506,48.79372449033605],[9.239796455252153,48.79291602856589],[9.240387279637817,48.792305578540685],[9.240651743887973,48.79195302405322],[9.240567906756045,48.79154704885305],[9.240300358461354,48.79124976619695],[9.241198169569536,48.79062510731637],[9.242075027366646,48.78990570667372],[9.242047122147763,48.789266197715754],[9.2420117020982,48.78899011238243],[9.241925586863717,48.78863343429598],[9.241472127853406,48.78799809379826],[9.24077344031581,48.787444463310905],[9.240034837176418,48.78710751102164],[9.238845571241058,48.78670376443221],[9.237737752681712,48.78620520097028],[9.237019105634456,48.7857464052969],[9.234814482947119,48.78418146660722],[9.234625065884321,48.784027014692235],[9.233959162106288,48.78364080320934],[9.237655360389063,48.78172440495339],[9.239961826812726,48.78036582707783],[9.244863795253215,48.77704812299151],[9.245021374546473,48.77694349414635],[9.246959082968097,48.775585532171895],[9.248019872197434,48.774879267625664],[9.248307139142844,48.77502756945393],[9.248940076135677,48.77471483703234],[9.249675239730593,48.77438835424971],[9.250328946341137,48.77414327472235],[9.251023641613045,48.77391163846278],[9.251596009671799,48.773775038679645],[9.251862522302181,48.77386921936738],[9.25212824286616,48.77380094362303],[9.254159487500415,48.77325814010959],[9.255541337508626,48.77288634278312],[9.256542479911392,48.77255922332464],[9.257563646631056,48.77215081214907],[9.258481556526183,48.77156663952402],[9.258888036859721,48.771024182255836],[9.25923299358577,48.77045479926469],[9.25979308582138,48.769814893064606],[9.260215047214919,48.769782902278976],[9.260673109949499,48.76992924396304],[9.261285454424355,48.770122526076314],[9.261636281015221,48.770245089496434],[9.261810946914474,48.770011972010764],[9.262680182425179,48.77025828346155],[9.262380446013935,48.77122863390338],[9.262907719384156,48.77114983654115],[9.264048858829781,48.77161346824726],[9.2649179016393,48.77208381275889],[9.265729160139408,48.772485322501055],[9.26671681496305,48.77293375531233],[9.265832500062821,48.77424015219791],[9.266175011595017,48.77469702602538],[9.267639855987627,48.774491909631166],[9.269175539431775,48.774379686125855],[9.269006601218523,48.775683327597285],[9.268682398981904,48.77645985850829],[9.268590991712935,48.77691778520023],[9.268907744521739,48.776924815539715],[9.268869447625619,48.77850751151951],[9.269015465349542,48.77948455390774],[9.269027050455941,48.78051281352516],[9.26932238127396,48.780899970807596],[9.27004231227461,48.78172840136858],[9.270444322871494,48.78232482727647],[9.270704072259557,48.78261124115226],[9.271043608783135,48.78250183394802],[9.271231028162292,48.782454834414786],[9.271445102042666,48.782989634773045],[9.271996503311827,48.78303484313035],[9.272511847875771,48.78292495901906],[9.272804588242684,48.78284667626961],[9.273283849377904,48.78255847410528],[9.27379743075284,48.782091811787744],[9.274632557778311,48.782516549728086],[9.274786050499088,48.78270239329518],[9.275749851529396,48.78305696345763],[9.276782529783272,48.78310098120646],[9.277852112163508,48.78349400375978],[9.27858146461,48.783864510852396],[9.28104824043413,48.78449456161756],[9.281694157424015,48.784601621037766],[9.282257600456104,48.78467784364326],[9.282750169077106,48.78466112730821],[9.282962428508222,48.78486231491369],[9.283677830960185,48.78484505364577],[9.284639957726482,48.784897008313266],[9.285857294306972,48.784444029870805],[9.287226053189054,48.785852516409754],[9.288969127913465,48.78762479625714],[9.291871787905627,48.79051895396831],[9.290282200797636,48.791547000706004],[9.28854045481122,48.790604879425715],[9.287200665888589,48.79018927018636],[9.28692006989435,48.790360643055855],[9.286287181135853,48.79047079527163],[9.286144645612088,48.790160841663194],[9.284237975025722,48.789948286115504],[9.280954128364126,48.79011153914407],[9.279335064948198,48.79010002186441],[9.278231498521045,48.7899629918557],[9.277387017026983,48.7899960444006],[9.27703449600126,48.78988830198976],[9.276075499977704,48.79043363951485],[9.275512366224865,48.790419490496255],[9.275392627979988,48.78996986083914],[9.273957172247359,48.78921295921204],[9.273323201368623,48.78912141097191],[9.274406434567746,48.79055466612839],[9.274703411324841,48.79116179313167],[9.274667332177481,48.79158401080426],[9.274493013762207,48.79239497790788],[9.274123420072367,48.79251406882138],[9.27324720230996,48.793410991306125],[9.2731343622825,48.79379959157277],[9.272917227466783,48.793783219588256],[9.272613283799691,48.79423982224646],[9.271718981028817,48.79413219764748],[9.27189613195424,48.79383629704371],[9.271281983999032,48.7935929174328],[9.270693042296717,48.79329037643196],[9.269182223128615,48.79249186948619],[9.268888160500007,48.792408142301824],[9.268517787469813,48.792383690189325],[9.268007941968756,48.79253685264377],[9.267738758965818,48.792334856030415],[9.267023586249662,48.79228588398877],[9.266948303436129,48.79253090756429],[9.265505009299437,48.79240758258363],[9.265885731015578,48.79197612079686],[9.265884471027482,48.791739726183415],[9.2658448186216,48.79148653380521],[9.265562951803366,48.791301442246606],[9.265256550310163,48.79130213517729],[9.264797810494146,48.79146357346219],[9.263944612693628,48.791879229173496],[9.26302846544032,48.792462740072935],[9.263118319277668,48.79255540922867],[9.26390198193934,48.79349557048409],[9.26449036430137,48.79368840221296],[9.262399957487707,48.79435148659799],[9.262376819650331,48.794798988874696],[9.262850935084739,48.795118752857995],[9.262494955959264,48.795406613141566],[9.262379152619474,48.795238005729914],[9.261969692003834,48.79507006957351],[9.261625035696799,48.79508772337381],[9.260975221458308,48.795342463025996],[9.260198033040503,48.79565660707725],[9.259483454045847,48.795742623310225],[9.258666132394191,48.79571068503861],[9.257911800791339,48.79550976857523],[9.25763679296474,48.79541202907136],[9.256466461967015,48.79502336015765],[9.255098793435108,48.794739361315926],[9.25499705349411,48.794815561729756],[9.25486925378607,48.794790515385934],[9.25433230343444,48.79464816922153],[9.25403763644508,48.7944377533362],[9.253039587277957,48.794002173290764]]]]}},{"type":"Feature","id":"stuttgart-10","properties":{"city":"Stuttgart","district_code":"10","name":"Feuerbach","official_crime_values":null,"year":2025,"public_space_only":true,"metrics":{"public_violence":{"2025":54,"rate":null},"public_robbery":{"2025":18,"rate":null},"public_serious_injury":{"2025":34,"rate":null}}},"geometry":{"type":"MultiPolygon","coordinates":[[[[9.155373478425707,48.79741721495777],[9.156836884836284,48.7978213187516],[9.157712330036889,48.79808937359595],[9.158174460239158,48.797861009110186],[9.15952633323464,48.79866821553252],[9.15936974389399,48.79876524820779],[9.159965484761855,48.79917011724338],[9.160051239409716,48.79924838969081],[9.160041396034677,48.799442042674485],[9.16009412389768,48.79958028736052],[9.160188705003167,48.79971846486792],[9.160377660380439,48.79992560880403],[9.1606293570035,48.800132625428],[9.1610274290145,48.800304912511386],[9.161373015518608,48.800415089109734],[9.161833714413433,48.800545865731145],[9.162262964234184,48.800655937461286],[9.162390962626008,48.80039197573275],[9.16284876903376,48.800675927040665],[9.163550766386745,48.80104831207331],[9.164089181426968,48.80129681699863],[9.164152093256988,48.80133230634025],[9.164961263273542,48.8019063556147],[9.16546462269899,48.802219930437715],[9.165593038430046,48.80228520402923],[9.166317862769528,48.80255077021851],[9.166383338545597,48.80335713660763],[9.166484638158225,48.8041575173985],[9.166530897122081,48.80457847351568],[9.166450485589413,48.80467940072257],[9.166334502435886,48.80568454632545],[9.166560497010263,48.80581578092343],[9.166641265189451,48.80586476395532],[9.166706766321697,48.805912047190105],[9.166508167755518,48.80604389154829],[9.16636281727709,48.80622828848723],[9.166350439285372,48.80650019829227],[9.167402474257695,48.80763887269946],[9.168532574835224,48.80830381219243],[9.170194013707517,48.80913462111741],[9.170468609174735,48.809215084203565],[9.17131118880466,48.80937863588739],[9.171646415139302,48.80941222995692],[9.172346124512123,48.809062762238256],[9.172787509292297,48.80884237070339],[9.176654951999561,48.808910203426144],[9.176713740345143,48.80851815109863],[9.176818606318744,48.808179654541],[9.176917773204154,48.80788164107314],[9.177071597818333,48.807631457647155],[9.177656917964615,48.80792022039708],[9.178319221262909,48.80815533176185],[9.178396818100476,48.80818601284105],[9.179454880477335,48.80852511450834],[9.179682616500425,48.80857632527994],[9.180060774837827,48.808672865983596],[9.180719334659171,48.80888103919037],[9.180917282728913,48.8089659461612],[9.18102941131924,48.809085061448606],[9.181098947342777,48.809306493889146],[9.181202806360153,48.80951652037872],[9.18154281814144,48.810266938766404],[9.182247462827137,48.810594046624836],[9.18236146148486,48.81064856242961],[9.179964070760853,48.81318953409088],[9.179394981727924,48.81375559756099],[9.179482702065016,48.81404206004641],[9.179431929000806,48.81439751905697],[9.180181757904307,48.8155083180508],[9.180199974676153,48.81574902466543],[9.180062630841825,48.81613899161682],[9.180237121181243,48.81678862216806],[9.180149227516514,48.81734704748069],[9.180014544233071,48.817376948871186],[9.180015551395295,48.817662030337765],[9.18033909209589,48.817667464654235],[9.18032150921587,48.817774401331285],[9.180723672855432,48.817831258112236],[9.180786130169315,48.8185628171285],[9.181713772976828,48.81860088574857],[9.179011600874805,48.82016742068281],[9.17831281089667,48.821444057077755],[9.177820671852707,48.82188975815279],[9.177538853000193,48.82255269473832],[9.177120908610757,48.82281043146362],[9.176836617191297,48.82280098320652],[9.176718196830905,48.823147242456734],[9.17633011001604,48.82339503052526],[9.175671787962758,48.823376248200375],[9.175117274451823,48.82321939644145],[9.175339966097749,48.82262531777376],[9.174944568313279,48.82253595318163],[9.173707477429819,48.82211364107164],[9.173539369118197,48.8220402942921],[9.173317915045098,48.82194614439562],[9.173168997927869,48.822144106185426],[9.17285451648292,48.8220555933974],[9.172540310337599,48.82204616680211],[9.172166474895548,48.82209616088289],[9.172002144894249,48.82216561974352],[9.171823199278775,48.822333965100555],[9.171749443056905,48.822630710318904],[9.171811439868463,48.8232436327143],[9.171827641392847,48.82359954839295],[9.171723929753252,48.82389631478384],[9.171113043981318,48.824658613394995],[9.170259361551697,48.824412715073194],[9.170108570248795,48.824365746098465],[9.168087074420091,48.823981133795726],[9.167699086099184,48.823941954069696],[9.16653270512019,48.824151305270036],[9.16663900339004,48.82462574100362],[9.164994851716449,48.82510266906083],[9.163781612557418,48.82468908734643],[9.162239797360996,48.824444052145125],[9.161117524133894,48.8243961900244],[9.160099389555636,48.82417018768711],[9.15926110133927,48.824042814537364],[9.158287621505382,48.823797017284164],[9.158047266873716,48.82349083792779],[9.157760948520961,48.8228387054214],[9.157518899022236,48.8219887565826],[9.157188011287221,48.82143554383242],[9.156394171566596,48.8211400115568],[9.153774811984665,48.820728283582945],[9.152652774275836,48.82072977661956],[9.151125600537009,48.82033632799899],[9.148925112458645,48.819904149839644],[9.147158250231588,48.81946156330694],[9.146289471265574,48.81909683533009],[9.145705701721543,48.81898881686731],[9.141648500714156,48.81795574156271],[9.14148343544466,48.81777797736382],[9.140630362598335,48.817650487685526],[9.138556676852495,48.81738222286389],[9.137485819843251,48.81734184583252],[9.1362895345122,48.81752369544327],[9.135072578105229,48.81781653394325],[9.134610670965131,48.81781708322796],[9.134127621072956,48.81776215502446],[9.133392365422978,48.81761038001529],[9.132818445214413,48.81751385181523],[9.130858409911175,48.81719884017351],[9.130209231343006,48.817028076397115],[9.127964663713596,48.8170563603834],[9.127795491099818,48.81685935058079],[9.127521749659191,48.81636236627557],[9.126936352498982,48.815754300653246],[9.126968489403904,48.81561854219207],[9.126993987270335,48.81549047173953],[9.127264612117168,48.81527677684004],[9.127677286907401,48.8150629177585],[9.127509018454406,48.814918014375095],[9.12806321201525,48.81449062238306],[9.128052852119469,48.81423358384329],[9.128074626305324,48.813910234017484],[9.127996378760589,48.81361159279174],[9.128070585433395,48.81233981126489],[9.128300989718475,48.8115372913182],[9.128350374556634,48.81108658596267],[9.128138405433175,48.81079098838363],[9.128390773485096,48.81004813063438],[9.12868967034326,48.80979041694494],[9.129083855854667,48.80951525707154],[9.12939939923222,48.809310493541794],[9.129941431390204,48.80868330366448],[9.130400358619218,48.80826814189401],[9.131319180880505,48.80781559358828],[9.131527844396695,48.80764949609502],[9.13184699333713,48.807096266444844],[9.131957073579631,48.806534063547694],[9.133620082570967,48.802846410821026],[9.133566688762434,48.80219381442561],[9.131864317986514,48.80184167662274],[9.131422723398419,48.80166513563017],[9.129436575037966,48.801219563731664],[9.127828617587927,48.80079436439465],[9.127602985204327,48.80070024706253],[9.126980292762632,48.800434146833055],[9.12655123945658,48.80026461894078],[9.12612546136571,48.80008804204816],[9.122670846365967,48.798206688419945],[9.122167550976016,48.79854050434927],[9.121568027592067,48.798166202000026],[9.121426497712998,48.79827050072191],[9.12076397767549,48.79789626231921],[9.121094209999574,48.79765637028053],[9.12082603666958,48.79750043995565],[9.121172108172756,48.7972917802591],[9.12011044735972,48.796473514419716],[9.11889973901772,48.795617360400705],[9.11706938105869,48.79428612817714],[9.116580491360752,48.794036669635325],[9.116358622951592,48.79345366708346],[9.115254011667355,48.79257992226623],[9.114543080163408,48.79164329305936],[9.11256919498987,48.789095769955864],[9.112180375140344,48.78831619295822],[9.111108364443695,48.78696449745158],[9.110628081168308,48.78646530619231],[9.110203000761322,48.78591729665356],[9.106991400147278,48.78389400147772],[9.106436400868462,48.783436460041735],[9.103477953177935,48.78160696134871],[9.103339191114584,48.78146966444213],[9.104677263358004,48.78113262605572],[9.105922913900358,48.78076482702161],[9.106385094438284,48.78100871549205],[9.106616310968278,48.78119172979738],[9.107008946470293,48.78129824245863],[9.107424871292364,48.78149634784641],[9.107748103399008,48.78152656852989],[9.108163989310714,48.78170940063639],[9.10874116534136,48.78175465328681],[9.10911070197641,48.781845917123405],[9.109480635745914,48.78212041181865],[9.1098500723451,48.7821658614473],[9.110404079835838,48.782165325814994],[9.110750262545551,48.78213444701454],[9.111742986761145,48.78219456603118],[9.112343544914497,48.78236195480321],[9.112759110998272,48.78239208309157],[9.113174378159023,48.78228479958308],[9.113589993551798,48.78233020446602],[9.11414456359809,48.782573964381676],[9.11483714001011,48.78260382311002],[9.115437391325177,48.782633763883545],[9.11606107450672,48.782816364562414],[9.11644977218611,48.782858312892294],[9.116705206720233,48.78295932025474],[9.116700395052135,48.78301002635306],[9.116598702270416,48.78322674386906],[9.118241401574561,48.783796365036636],[9.118856715284986,48.78420833087311],[9.119932762053624,48.7846071189188],[9.120336179343232,48.784714602248734],[9.120652765107955,48.78463174867923],[9.121679983410992,48.784681451911744],[9.122208266119582,48.78483959247182],[9.122477397790407,48.78499800177516],[9.12268870278475,48.785054912165876],[9.12324539725908,48.78504797610647],[9.123312726267725,48.785105036512874],[9.123572082524488,48.78517457996312],[9.12406178560078,48.785237531177685],[9.124599970736098,48.78550354040128],[9.125147589631712,48.78569971655052],[9.125464454706309,48.78574379859913],[9.12615562803354,48.78576841726626],[9.12772095580605,48.78605230504894],[9.128648114589659,48.78609009598761],[9.12971654546392,48.78623015300654],[9.13040363278465,48.786400935061586],[9.130604162516924,48.786455299964956],[9.13113656919935,48.78660191605599],[9.131655564200088,48.786682057707324],[9.133136020386964,48.78684180577657],[9.133396013469191,48.78706349652656],[9.133762683986236,48.787224533660186],[9.13417509390171,48.787365339364925],[9.135556314363667,48.787693205415735],[9.135713279720084,48.78771519573162],[9.136057914773952,48.787807966814334],[9.136214641047923,48.78788023870639],[9.136370971032868,48.7878076040508],[9.13649592014096,48.78770394602195],[9.136981114861058,48.78768261946296],[9.137278424212147,48.787640840287274],[9.1375283872024,48.787464566175125],[9.137794074877974,48.787308982302015],[9.138091450240427,48.78729826487382],[9.13848268209013,48.787266732464296],[9.139769375663436,48.78839339330072],[9.140051687562835,48.78858971471999],[9.141023346196894,48.78899219003369],[9.142888683033343,48.7898696678909],[9.143656244695254,48.790055028030594],[9.144048938430055,48.790520315798375],[9.14478637210902,48.791119735560954],[9.145028500471367,48.79149865713274],[9.14520273378271,48.791736784495825],[9.145443563166753,48.791921846845774],[9.145738416756823,48.79231870931876],[9.145912420431841,48.792477382775246],[9.146179899420368,48.79263593655797],[9.146795724274597,48.79322658603754],[9.147063201849893,48.793385134155244],[9.147194313602775,48.79343048897803],[9.14737955741875,48.79345251183844],[9.148078480829625,48.793604499448065],[9.149107626151618,48.793929760595326],[9.149548789081082,48.79412337730284],[9.149937143364935,48.79451125194333],[9.15015095402966,48.794572746063636],[9.150484958262334,48.794642915148955],[9.150872800458774,48.79486307862311],[9.151127860074048,48.79532178492086],[9.151529558216238,48.79570971938834],[9.151530342254176,48.795974565151475],[9.151664434787971,48.79616861474818],[9.151931796497747,48.796283033759345],[9.152802384933802,48.79720882996585],[9.152935937261969,48.797213066255786],[9.153163047289935,48.797248068368155],[9.153564130047819,48.79741081911171],[9.153917764346847,48.79733531142372],[9.154291568399117,48.79731273924207],[9.15475893093989,48.797316517121246],[9.155092875497433,48.797355795248976],[9.155373478425707,48.79741721495777]]]]}},{"type":"Feature","id":"stuttgart-20","properties":{"city":"Stuttgart","district_code":"20","name":"Vaihingen","official_crime_values":null,"year":2025,"public_space_only":true,"metrics":{"public_violence":{"2025":22,"rate":null},"public_robbery":{"2025":8,"rate":null},"public_serious_injury":{"2025":13,"rate":null}}},"geometry":{"type":"MultiPolygon","coordinates":[[[[9.112960623592528,48.71479271664088],[9.113427159211035,48.71484287558847],[9.114490316364025,48.71498863360067],[9.115232028148926,48.715003069685615],[9.116226319364314,48.71512863758111],[9.11681504860954,48.715117908157],[9.117273575215112,48.715011103489715],[9.117747209638862,48.71482833136946],[9.118848683362778,48.715009467102895],[9.118717486990567,48.714493151675704],[9.119656701004802,48.71397065474526],[9.120077299891278,48.7140056581027],[9.12084998988838,48.71419725186346],[9.121355415206166,48.71453089485323],[9.121990863424973,48.71487958788009],[9.12234301902074,48.71506148919814],[9.12250377795719,48.715142330667206],[9.122382329031938,48.71534620352237],[9.122198172261536,48.71566515655621],[9.125560763184277,48.715704287074765],[9.126248772176421,48.715589565038655],[9.126467145670128,48.716885441635334],[9.126273649402778,48.716918888904985],[9.126225535917763,48.717740286640286],[9.124781133893896,48.71777509583585],[9.124413683986454,48.717813533021264],[9.124080797879182,48.71788996267037],[9.1236906079378,48.71801970686986],[9.123277503747207,48.71817229367131],[9.123059467372418,48.71824859923036],[9.122692101908072,48.718332659752],[9.122221384268032,48.71843204831001],[9.12184257215434,48.71853894396534],[9.121567207164025,48.718668554083244],[9.120431794303753,48.71940004741931],[9.120007736143823,48.71978848267623],[9.119813264138998,48.720123420285354],[9.119291431615183,48.720361254323706],[9.118977999347846,48.7205083319719],[9.119109528959711,48.72068867678419],[9.119255975383437,48.72085043094531],[9.119460699410661,48.72109461475163],[9.119877814375261,48.72149978314107],[9.120294959811805,48.72192574974096],[9.120482613521308,48.72213585086158],[9.12097965491107,48.722601020737734],[9.121428235514651,48.72303214536983],[9.121680051591788,48.72326587607174],[9.12217580141797,48.72370734376479],[9.122537778552742,48.72405014889081],[9.122758276299388,48.724304712967694],[9.123033959921703,48.72465281351637],[9.12328635297355,48.725094539512526],[9.123459959457113,48.72543755564544],[9.123570500730533,48.72568183193589],[9.123696883175002,48.725998894331376],[9.123791739259756,48.72626918940166],[9.124020806811423,48.72684094780719],[9.12411577522255,48.7270610481057],[9.125121056342513,48.727004073875136],[9.126048997153674,48.726975092935334],[9.12699097623558,48.726936788038564],[9.127462005503952,48.72693625717579],[9.12800234711397,48.72897397422985],[9.128457565701018,48.73047895190891],[9.126894476227257,48.73055850945764],[9.126715641676675,48.7305719439287],[9.126786508818892,48.73066714305643],[9.126930027983887,48.730842918843926],[9.127099954494815,48.73114929233859],[9.127189402557773,48.731314253901516],[9.127270316889676,48.73165018286834],[9.127306781994305,48.73201565528982],[9.127254207465864,48.732351807192266],[9.12720158270041,48.73264082616103],[9.127122269780102,48.732941660245444],[9.126989426262135,48.73321895485721],[9.127123693217595,48.73348415843621],[9.127089771605862,48.7335752240554],[9.126999975797604,48.73386166871145],[9.126760631792932,48.734304170198136],[9.126387919595636,48.73483526832479],[9.126059778203372,48.73516473420383],[9.125119432498076,48.734876696659015],[9.124568403191706,48.734657357670706],[9.124112464715164,48.73451332473044],[9.123571080858639,48.734356819577705],[9.122953791373265,48.734206685620954],[9.122336501214381,48.73405027361989],[9.122051631035072,48.733987756374916],[9.121891532309338,48.734509512399136],[9.12183498893951,48.734672957290364],[9.121531658117341,48.73483667618134],[9.122853439309646,48.735859524362674],[9.122616623401747,48.73605459918661],[9.122616987469929,48.73620541909177],[9.122836051563919,48.73651938212223],[9.12305695609222,48.736854078607934],[9.123250864296725,48.73718508816763],[9.123480174297594,48.73763808611283],[9.123718210641234,48.73806782215991],[9.124255078936098,48.73864829177747],[9.12443983045813,48.738828197417206],[9.124756091949648,48.73893241630608],[9.124002436005606,48.73942725744457],[9.12373965540474,48.73964838249892],[9.123639899113718,48.73980433495218],[9.123507541646102,48.74005535808825],[9.123442497628513,48.7401542806226],[9.123267880379727,48.740520565334705],[9.12258408324062,48.74029891838217],[9.122272481701494,48.74020709323286],[9.12201804454106,48.74003925147252],[9.121681516013108,48.739800977799675],[9.121418901776531,48.739633143339596],[9.121041577779897,48.73947628972585],[9.12077904412283,48.73935184695461],[9.120557596074827,48.73926531664897],[9.120336052598757,48.739129942081355],[9.120057071345387,48.73894580279456],[9.119687896646818,48.73871837229132],[9.118657682300258,48.73953306097158],[9.118420463721186,48.739696026929956],[9.118387171311948,48.739479098546795],[9.118157259625463,48.73926237101636],[9.117951924190152,48.739045615167974],[9.117894307848967,48.7389317646177],[9.11768086406823,48.738742143194486],[9.117590335484923,48.738568667127126],[9.11746677053831,48.738275889636256],[9.11735979655864,48.73806988519995],[9.117228694271066,48.73805917213071],[9.116728963983727,48.738059677619354],[9.116262756506469,48.73838559018465],[9.11614895347159,48.738770810548516],[9.116026715535323,48.739052980769245],[9.116273641407428,48.73954089593521],[9.115921529035036,48.739617179846846],[9.116249772740666,48.73984466187682],[9.116585971456526,48.73996365362943],[9.116545305139306,48.740088439067556],[9.11615264392558,48.74033833490973],[9.115661443265912,48.74051239829028],[9.115637173878227,48.74064802244108],[9.114859192296706,48.74082780250972],[9.113860053784244,48.741034868682036],[9.112942767553504,48.74119844286919],[9.112173014192935,48.74138355654847],[9.111812684975224,48.741459818782076],[9.111427772363196,48.741536102761344],[9.111682231836632,48.74174739613734],[9.111707308142504,48.741975160144754],[9.112184765820068,48.74298351929936],[9.112226169967306,48.74317874303305],[9.112880271823819,48.74302473819848],[9.113183653356224,48.742662595429636],[9.11342041598629,48.742304430695455],[9.114076659606614,48.74262922845121],[9.114322687515616,48.7427211902724],[9.114575586468263,48.74272926492465],[9.114937248792652,48.74273143625632],[9.115273650911252,48.74292635530619],[9.115478646812821,48.742991238084144],[9.115740848328441,48.74299097953654],[9.115970130010828,48.7429256673065],[9.116347100886847,48.74294698393248],[9.116691563540815,48.74309305669437],[9.117076814302614,48.7431577413655],[9.117478272047103,48.74313563080257],[9.11787941148482,48.742983375516125],[9.118037128171776,48.742887720402884],[9.118173984320721,48.742809534251194],[9.118411504606062,48.74277132992041],[9.118755537645551,48.7427330180844],[9.119664955149304,48.74272663113224],[9.120082752459266,48.74270449812338],[9.120287517254699,48.742677157062985],[9.120779452167199,48.74281761739508],[9.12115675030938,48.742985330907125],[9.121124286225315,48.74311553657382],[9.120985705107111,48.743408553934486],[9.120691780919586,48.74384275463574],[9.12063667454279,48.74408573458027],[9.12061081881563,48.74424420675073],[9.120464015098765,48.74453184791267],[9.120325200087096,48.744727272233064],[9.120842712103247,48.745258249710396],[9.121220505433643,48.74563208549379],[9.121597903861359,48.745826943762324],[9.122048822243176,48.745924099066144],[9.12236063645884,48.746108179569546],[9.12257400259084,48.746243547092085],[9.122869186037292,48.74632459092551],[9.123090428616797,48.74632435212604],[9.123721392535598,48.746318241061644],[9.123714020011125,48.74667082086683],[9.123665151068995,48.746795620178716],[9.125083974357118,48.74726595243233],[9.124871615599863,48.74754822850752],[9.125667310475203,48.747878188423684],[9.125798303395618,48.747829226832046],[9.126445669702736,48.74781766825044],[9.12725631055213,48.747594425937855],[9.12737156995412,48.74780583989817],[9.12728255719224,48.74823985021306],[9.127078252335634,48.74846244905407],[9.126849276591251,48.748647111505164],[9.126661087887909,48.74875037412664],[9.12610490053919,48.74914690851419],[9.126392609634,48.749499155151724],[9.126565237274402,48.74970507782218],[9.12658216532436,48.74991116685435],[9.127137865210312,48.750524734403584],[9.127222267700672,48.75073587568056],[9.127263533281551,48.750969130845355],[9.127284508007254,48.751224844446575],[9.127278627407435,48.75158378091557],[9.127238550285444,48.75183059198914],[9.127117403051148,48.7521851711081],[9.126968895855464,48.75244555424207],[9.126705396739041,48.75281823307144],[9.126435000505943,48.753146049458806],[9.126157718996941,48.75343349865474],[9.12578568736309,48.753788345243144],[9.125440704886183,48.75411175341627],[9.12501444898165,48.75448459181308],[9.124601770287631,48.754857423824376],[9.124392249918726,48.75512684117611],[9.124223273388003,48.755342380558005],[9.12412883643585,48.75554437600508],[9.124102204294037,48.75574181116593],[9.124123323490478,48.75605136154384],[9.124171444399286,48.756316021551804],[9.124287573436039,48.75666585250975],[9.12435593954516,48.75689010663163],[9.124919246919031,48.757086907452674],[9.125238010740691,48.75711347752621],[9.12528572027135,48.75721213158317],[9.125103186090554,48.7574232042073],[9.124839363137397,48.757670258655146],[9.124436662100768,48.757825107798936],[9.123956063622876,48.75800491687625],[9.123725908831725,48.75808136660004],[9.123502321783494,48.75807264100777],[9.12330570112995,48.758010099056776],[9.123095355471063,48.75788032813797],[9.122823863211142,48.757669940497465],[9.122511587797966,48.75741028220055],[9.122307920433792,48.75723568376174],[9.122138311011865,48.757132767679956],[9.121921391572322,48.757083688491726],[9.121703088196467,48.75708221988793],[9.121380869062182,48.75711376683324],[9.121145211959051,48.75718162962864],[9.120893976918635,48.757311922529915],[9.120674393016042,48.75753060072232],[9.120486442807648,48.757827266819234],[9.120361245562757,48.758071854009245],[9.120180895326325,48.75825928583082],[9.119937541582933,48.758399973173006],[9.119583997814367,48.75848355894134],[9.119136039976937,48.75853083176072],[9.118566704213452,48.75849281527616],[9.118181418154617,48.758420398309255],[9.117929643308628,48.75830623522214],[9.1176935037751,48.758155657808004],[9.117520213872544,48.75799461016272],[9.117323195116386,48.75776597518328],[9.116835224462818,48.75747522094533],[9.116748579282243,48.75739209215996],[9.116088388680504,48.757392751867066],[9.11560923577517,48.75751285602489],[9.115562316022631,48.7576169157238],[9.11537380683647,48.75766911136464],[9.115263870111093,48.75771082966418],[9.115130536271145,48.75783057913766],[9.11480359585417,48.75783618953408],[9.114676361269385,48.75761269367084],[9.114563081510992,48.75733328894461],[9.114379017356544,48.75688622844557],[9.11409659081016,48.75652311766416],[9.113687564971396,48.7562160412728],[9.113151823352075,48.75590907260432],[9.112531758949725,48.755667408411185],[9.111883733106279,48.75550966923702],[9.111094987172898,48.75538935598094],[9.110461291965887,48.755343392807625],[9.109644659224546,48.75534418883894],[9.107532852962523,48.7554300582886],[9.104590359380557,48.755535263142114],[9.10201393174035,48.75564933258965],[9.101366291004283,48.75566854376805],[9.100986086714176,48.755640937774494],[9.100112930797938,48.75553922703081],[9.099295966787611,48.755372226761644],[9.09876073853414,48.75527019792178],[9.098127089530545,48.7552427922116],[9.09764842491253,48.755271152059265],[9.097268401404468,48.755336693544216],[9.096057963191303,48.75556132152397],[9.09548083277867,48.75563633928973],[9.094931712703378,48.755636788428504],[9.094424675058622,48.75555334964961],[9.094002119347332,48.75546983976078],[9.093481125671163,48.7554516256249],[9.092706780214867,48.75548020170839],[9.092298598365014,48.75555506840717],[9.09198894212574,48.755611221640734],[9.091566947356371,48.75583515960826],[9.091130907572609,48.75607775583723],[9.090680731400823,48.756292403760135],[9.090216324756696,48.756423203943946],[9.089850326096082,48.75647007205896],[9.0890055436392,48.75648936010249],[9.08768205123054,48.75651832521818],[9.086865459017487,48.756556207737546],[9.086442968604782,48.75650993692724],[9.086006307063336,48.75640776950362],[9.084921514523463,48.75605451118887],[9.084344028836771,48.755933820321935],[9.083963814093229,48.75590614558646],[9.083485126491178,48.75592512856134],[9.082204078822944,48.75606580680769],[9.081401541498737,48.75608501616984],[9.080697418842483,48.756010975000926],[9.080035534042969,48.755936911898694],[9.078557090058935,48.755909991181156],[9.078134653294253,48.75589164674359],[9.077207778013758,48.755595320637326],[9.077008762521336,48.75530527428494],[9.076719004482733,48.755185022777276],[9.075602144353345,48.75524053031608],[9.075179576988154,48.75483018065401],[9.074368936342923,48.75494569981312],[9.074278001739854,48.75499503495753],[9.07358389851588,48.7555977544176],[9.073426797889173,48.75566355331142],[9.072963514507153,48.755691228680206],[9.0726656693018,48.75569690262601],[9.072425679419112,48.75566420659945],[9.0720036167485,48.75559330640749],[9.071780216493329,48.75558798069733],[9.070398534483493,48.755610758041584],[9.070200012278036,48.755643736131795],[9.069166219055191,48.75595648913946],[9.068934609295505,48.75599495896677],[9.067387503743463,48.756050605650664],[9.067528269104088,48.75613812720128],[9.069108929623098,48.756416463785534],[9.069117599252221,48.756701153172116],[9.068141251442361,48.75667982843242],[9.067735872859187,48.75670742783723],[9.06769422901656,48.756499399137184],[9.066998880819623,48.7562315006962],[9.066353132660506,48.7559307368002],[9.065276930680126,48.75544953101677],[9.065111260173435,48.755290850717515],[9.064614275257684,48.75484764555593],[9.064166848236544,48.75433323336442],[9.063644877426572,48.75374220563761],[9.063321668494195,48.753304383548844],[9.063147581650549,48.75301977262551],[9.0630231048474,48.75271870040398],[9.062915205558099,48.75243953055395],[9.062773574591082,48.751640242477926],[9.062682085655695,48.75124608275028],[9.06262374753157,48.750901179647265],[9.06249932394131,48.750632969139254],[9.062283663156066,48.75016770617581],[9.062680114774833,48.74964734376309],[9.063051594343985,48.74901201918871],[9.063414851537287,48.74842598162129],[9.063571600201543,48.74809191381473],[9.06697192787653,48.74839662417202],[9.067973043585212,48.748511012461364],[9.068386781085307,48.748592894074],[9.068982585369758,48.74872941238786],[9.0689576020981,48.74860897704283],[9.068750450532882,48.748362728834465],[9.068410920436316,48.74809464731598],[9.068129390267424,48.74789771416066],[9.06763272827296,48.747662573857035],[9.067574444467615,48.74738338438992],[9.066375082355671,48.74747168010385],[9.066300978634846,48.74773452419235],[9.066177004778531,48.747816720951576],[9.065688986778913,48.747849847302206],[9.065589690242279,48.747828001267365],[9.065250197745778,48.74757634071136],[9.065167398651335,48.74752711369986],[9.061602100246917,48.74751806175718],[9.060129230493596,48.74722871913469],[9.059947079095808,48.74710290672386],[9.059831149666925,48.74700989151268],[9.059467077600052,48.74693891249104],[9.05894584009065,48.746868012815824],[9.058606656913224,48.74685176898294],[9.058300583424296,48.74685739830705],[9.058027653986718,48.746906812625994],[9.056993827164458,48.747082548415094],[9.056638176884771,48.74713200212113],[9.05643141578282,48.74717043017007],[9.056108880576986,48.747247248986596],[9.05579468590807,48.74738427857604],[9.055430920810052,48.74757608449275],[9.054976135268873,48.74775151049082],[9.05453781313939,48.74786122991923],[9.053892663232201,48.7479436598256],[9.053487371705907,48.74799313420019],[9.052987523669195,48.748050876617846],[9.052557348492387,48.7481292453539],[9.052177709644816,48.74812942596384],[9.05090368778657,48.74802391838168],[9.050102192709067,48.74799078017063],[9.049790000112726,48.74794625207451],[9.048844996914713,48.74782383573041],[9.048195339633393,48.74776269707714],[9.047545603208652,48.7476289722648],[9.047056249716608,48.74757892589117],[9.046533189989164,48.74757356255521],[9.045993028541927,48.74732253875034],[9.045638504686325,48.74710493929002],[9.045300758728114,48.746786831368325],[9.044988206292096,48.746345875626346],[9.044717956258019,48.7460277386865],[9.044523816257719,48.745916149918074],[9.044245300292186,48.7457878453645],[9.043654526708455,48.74552007846263],[9.043173397001029,48.74521876812973],[9.04253186750005,48.744789100539435],[9.041983266591288,48.74449898043748],[9.041181559774408,48.74414752992277],[9.040101373520484,48.743673352907415],[9.040042130968512,48.74345004283856],[9.039982825575903,48.743148561840414],[9.039830702254902,48.74283037042154],[9.039568995479193,48.74259038378586],[9.03926515570429,48.74238948962413],[9.039189125847626,48.742261099105455],[9.039070738981337,48.74192056073441],[9.038850929156585,48.74132322092339],[9.039264148586946,48.741189078817634],[9.039491845369554,48.74112199953349],[9.040023013001539,48.740820319064845],[9.040723066612843,48.740758651655526],[9.04118694815436,48.74071380804356],[9.041912236179437,48.74059628786771],[9.042308739608913,48.740668713898586],[9.043186121344124,48.740813539271926],[9.043818980032484,48.74101987874516],[9.044561475387075,48.74119824603918],[9.04593655053128,48.74127027432229],[9.046358203424518,48.74114726747814],[9.04691476371846,48.74096836952776],[9.047656845306106,48.740711224962155],[9.048348408808044,48.740565764456356],[9.048744828308735,48.740515347465006],[9.04910754680428,48.740509607835044],[9.049504073396733,48.740570852231954],[9.049993457829473,48.740699050204356],[9.05028874260367,48.74074358518082],[9.051402219404672,48.740743084893474],[9.051638304752602,48.74064247846727],[9.051908091632754,48.74050835608627],[9.05234646716805,48.74026248446531],[9.052894402730775,48.739932819633104],[9.053501310852273,48.73953611791597],[9.054065953384764,48.73906685197265],[9.054723198934637,48.738446785661836],[9.055017968899575,48.73803905778593],[9.054570821844647,48.73794435960901],[9.054292522228609,48.73799474287585],[9.054098231045309,48.73772683627475],[9.054089662771306,48.737604007624654],[9.054266451311701,48.737291256731375],[9.054409419303502,48.73690593615871],[9.054552087452189,48.736269393277425],[9.054813309952658,48.73603477967873],[9.054981465685032,48.735543367820114],[9.055099194438174,48.735219475125206],[9.055545502977232,48.73457159147558],[9.05591612487882,48.734135907943326],[9.056529233708096,48.73325426818404],[9.058487264159055,48.73359668317099],[9.060570440819445,48.73362333369791],[9.060980507511042,48.73373388200334],[9.06243663774813,48.734087558589614],[9.06273785342459,48.73411508748207],[9.064093086125775,48.734070048797676],[9.065004959252152,48.73404739786643],[9.065691008401297,48.73406916514831],[9.06611771589522,48.734102152457645],[9.066753667014577,48.734201471768884],[9.067488285457598,48.73301038084092],[9.067529918909035,48.73286637399168],[9.067621109849547,48.732246068069415],[9.06766233902586,48.73179746724792],[9.067603302233584,48.731443070585975],[9.06749420157238,48.731182847654054],[9.06729288878612,48.73077315712141],[9.066840695661236,48.73043006125571],[9.066179369027804,48.73008708389406],[9.065199886289248,48.72952276735246],[9.064706213159521,48.72943997347697],[9.063484610393628,48.72925235502274],[9.063148929581525,48.72843846869464],[9.06300628875909,48.728111814079355],[9.062972452409994,48.72777400773744],[9.062955361407234,48.72745834317905],[9.063323347059292,48.727391686863136],[9.06412624239705,48.727252796413325],[9.065338962134213,48.72706383331942],[9.066033122271394,48.72694714394061],[9.066854340338356,48.72680367376812],[9.06784243434061,48.726579544515666],[9.068344708569235,48.726453838320744],[9.068838620663435,48.72630633930753],[9.069390124825897,48.72612608668288],[9.06993337724448,48.72592947710894],[9.070542436021436,48.72567284894956],[9.071324252631992,48.72527979993438],[9.07210601707646,48.72485402428986],[9.072459862948076,48.724657513928804],[9.073184004998685,48.72424811926236],[9.074418226557011,48.72348935213996],[9.074558070445784,48.72338020980681],[9.073964502162397,48.72294446735824],[9.075955314828484,48.721563629313735],[9.076762114472004,48.72143222276449],[9.078827078308096,48.72016581409312],[9.080521666191741,48.71909592783082],[9.082393021012397,48.717941041133486],[9.084013401537868,48.716928649949836],[9.085047787089582,48.71636230148189],[9.086021824063533,48.715864536043036],[9.086892440066128,48.71546965458015],[9.087970032077346,48.71506316478112],[9.088926953772306,48.71473101698755],[9.089901244039552,48.714427519036605],[9.090979123421237,48.71413531110677],[9.092238108217439,48.71383151693868],[9.093462556615387,48.713533449517406],[9.094592142993347,48.713252581792496],[9.096506342930581,48.71276537047114],[9.097515186867554,48.71251885553348],[9.098670595228898,48.71223221340625],[9.099757051159896,48.71197989712005],[9.101628159968309,48.711549780023695],[9.10260253063921,48.7113375250135],[9.103732099091543,48.7110965695052],[9.10542223593911,48.71078653321539],[9.107362311421575,48.710356311047896],[9.108353212252977,48.71015814187264],[9.107162303756779,48.71121664048447],[9.107011356449755,48.71138553357862],[9.107035652816105,48.71158063309299],[9.107322513471837,48.71174099199907],[9.107822160147276,48.71184877434158],[9.108329800361707,48.71143335261812],[9.10955744165901,48.712280157879206],[9.110565395905267,48.712285227835494],[9.110892617438022,48.71243527008663],[9.111719122502636,48.712512669110396],[9.111470449288321,48.7127943043058],[9.111350206309526,48.71301712635442],[9.111264682806413,48.71334841632754],[9.111411736696207,48.71357670509137],[9.111472536962752,48.71378794142759],[9.111490115457816,48.71394782142272],[9.111671616141908,48.71415894978335],[9.111913243872541,48.71425009020139],[9.112215163279481,48.71430690089318],[9.112422484122039,48.71447228400018],[9.112569469347724,48.714643429197366],[9.112777017380047,48.71475239710492],[9.112960623592528,48.71479271664088]]]]}},{"type":"Feature","id":"stuttgart-03","properties":{"city":"Stuttgart","district_code":"03","name":"Ost","official_crime_values":null,"year":2025,"public_space_only":true,"metrics":{"public_violence":{"2025":67,"rate":null},"public_robbery":{"2025":21,"rate":null},"public_serious_injury":{"2025":45,"rate":null}}},"geometry":{"type":"MultiPolygon","coordinates":[[[[9.209101918860343,48.799389489589096],[9.208705874051635,48.79936995568863],[9.208197524455256,48.799003895539144],[9.207593645731004,48.79888531978888],[9.20705034781736,48.79882247256871],[9.206567324330448,48.79874355419243],[9.205794202740867,48.79854548718831],[9.205178616242101,48.7985066848846],[9.204744111864722,48.7984835318824],[9.204274253097225,48.79867583148903],[9.204037125380164,48.798828589612526],[9.203887956781344,48.798636631920054],[9.203585365838386,48.798413776868806],[9.202194964330078,48.797761993513035],[9.201166713985819,48.797125546755],[9.198263488487884,48.79530360883025],[9.195106182289946,48.79328269903637],[9.192130691003479,48.79140486934412],[9.190461700275351,48.790362507650336],[9.189676336054946,48.79006062472942],[9.189108155381772,48.78975041441086],[9.189101293463061,48.789335539515406],[9.188563045129197,48.78934215082944],[9.188146134425654,48.789308381208194],[9.187927693341834,48.78910711935758],[9.18793986328129,48.78900756468553],[9.187851675849277,48.7889081817087],[9.188177464100473,48.788816414226844],[9.188509647577163,48.78900350813722],[9.188778942382262,48.78904326491992],[9.189065384424708,48.78902557357485],[9.189343052514912,48.78898494005614],[9.189700206901078,48.78887236847298],[9.190918130183285,48.78853657709122],[9.190908282805689,48.78845472931415],[9.19120348467758,48.78843533769885],[9.191431935802484,48.78839717369858],[9.191680342241632,48.788591994680345],[9.192668119921562,48.787866121221406],[9.193088134359945,48.788104744985],[9.193316071797927,48.78793432226633],[9.19369601214645,48.78766288544781],[9.19532493776811,48.78770422755375],[9.195515434298747,48.78770390547965],[9.19530444695944,48.78733268429051],[9.194902184543736,48.78676026964041],[9.195568220585814,48.78658280271951],[9.195729761991439,48.78648176388853],[9.1960716431225,48.7862229754276],[9.196271273378803,48.78612186833266],[9.196356561806354,48.78600836589111],[9.196422839956853,48.7859074892251],[9.196727774469235,48.78594475759527],[9.197061040551285,48.78591899421516],[9.197108348498544,48.78583704559679],[9.196917540118482,48.785755505809874],[9.197078702294954,48.78556628732293],[9.196639826993389,48.78538440091606],[9.196029131453002,48.78510834220147],[9.19487426077788,48.78450573149951],[9.194716741965372,48.78441657245923],[9.194327959367158,48.78416712557126],[9.19388030875509,48.78382957009096],[9.193509004491835,48.78352063490044],[9.19327945222425,48.783269055737655],[9.193038777523515,48.78295990527655],[9.192775832335863,48.7825284383395],[9.192435718943681,48.78185239499384],[9.19238089125248,48.78173728778682],[9.192095955674825,48.78124108675701],[9.19183329039292,48.78086000708888],[9.191646909291503,48.78050038130756],[9.191537046206372,48.78022702174725],[9.191514814947139,48.78010468473972],[9.19160161581648,48.78003255564192],[9.19186285496474,48.78003212197141],[9.192134980975053,48.78003166326382],[9.19237439538543,48.780016865866905],[9.192559311662642,48.77998055971439],[9.19271143063312,48.77990831613693],[9.192820045685405,48.77984334641778],[9.193058808666116,48.779655776613545],[9.193134250259881,48.779461288717734],[9.193144442475406,48.77928130457661],[9.193197913261065,48.779029254047174],[9.193186592762688,48.77891409402257],[9.193033848445744,48.778886897837815],[9.19295139654974,48.77852079465865],[9.192705728444052,48.777815607578745],[9.192596949706124,48.77761929129033],[9.19236593753614,48.777244546844564],[9.191944913606404,48.776646815064524],[9.19175492033116,48.77642378288448],[9.191659409383233,48.77618271650829],[9.191698972798678,48.77594145334887],[9.19179304732835,48.7758162357035],[9.192008373312813,48.77561043611085],[9.191872914101967,48.77551238696607],[9.191697102113919,48.77545906620213],[9.19203367633829,48.775154816173554],[9.192248915243304,48.77492221633914],[9.192355854873039,48.77462727395311],[9.19247645743611,48.77437697726006],[9.19252993376204,48.77423398414793],[9.19247519007974,48.774046509455125],[9.192339524037415,48.773885967021506],[9.192109295724588,48.773716653572706],[9.192311131983784,48.77351981602256],[9.192121315339751,48.77332363343191],[9.191837150547546,48.773172269935934],[9.191566670809303,48.773074472937004],[9.191255817318257,48.77301246803752],[9.19109335074495,48.77290555223135],[9.190998450528692,48.77280745905091],[9.19082146446242,48.77243260637107],[9.190589999452074,48.77194171438499],[9.190467387675993,48.77166500999106],[9.190425798691617,48.77137924670093],[9.190424588181992,48.771057698128274],[9.190464260693403,48.77083432530791],[9.190558017791009,48.77062872098059],[9.190960841530737,48.77001171245832],[9.191108729593227,48.76983281428832],[9.191391681161257,48.769662621126216],[9.191052389995598,48.76920765618863],[9.191241310449884,48.76917160631337],[9.191511407108184,48.76918007913807],[9.191942707034082,48.76896497473287],[9.192738260700914,48.76865994888546],[9.193210549880476,48.76856984955108],[9.193764366580776,48.76861358666534],[9.1940482578904,48.76869350526013],[9.194440531182819,48.76886256779659],[9.194020557258185,48.76851491230266],[9.193844185483778,48.768300850016615],[9.193735089220393,48.76802414238011],[9.193747702508784,48.767791887968855],[9.193854763053396,48.76754161139137],[9.194069938420506,48.76731795444895],[9.194392999768201,48.767058387607854],[9.19470280809684,48.766861367959685],[9.194985960717625,48.766753709249215],[9.195296185888076,48.766663864605725],[9.195795379923322,48.766555834013516],[9.196267752321512,48.76649250302781],[9.196821375583916,48.766491557103],[9.197375155177625,48.766526340321796],[9.198064019842713,48.76657874135103],[9.197709716449117,48.76576648371459],[9.198533454535339,48.76578290851926],[9.199019276133669,48.76571061635273],[9.19935806643692,48.766013768752906],[9.19973550755821,48.76585235869282],[9.199896941639187,48.76570024806972],[9.200017716086158,48.76551247301167],[9.200057650206853,48.76536949607718],[9.200516849017168,48.76539552320994],[9.200423471613052,48.76568150357168],[9.20028954456211,48.76595860510816],[9.200141906430698,48.76618215016802],[9.200115505510203,48.766334042929174],[9.200224172863601,48.76649462872761],[9.20012983893323,48.766539447767656],[9.200307291054495,48.766710324178426],[9.20067188928334,48.76660730836991],[9.20064527977614,48.76649949368061],[9.200798313199552,48.76634921272695],[9.201024149314255,48.76611169912773],[9.20125719255726,48.76584513523058],[9.20134446639635,48.765719162165865],[9.201380566793762,48.76559811470509],[9.201378913686318,48.76516219612648],[9.201223685761947,48.764454613981535],[9.20118545561489,48.76428253699579],[9.200642922586246,48.76325694449932],[9.200483094144513,48.76289060884778],[9.200354400049033,48.76238803924],[9.200305343729893,48.76200054909096],[9.200272963769265,48.7618225314017],[9.200113618002899,48.76157141324891],[9.199891059495751,48.761351825742736],[9.19954200497294,48.761174362943215],[9.19583070876044,48.759588563960065],[9.195545113613292,48.75943191935333],[9.195243429319486,48.75921246152868],[9.195084327856375,48.75901370522887],[9.195035708979034,48.75872048728508],[9.194985033882555,48.757893033479675],[9.194888846451638,48.75758941284583],[9.194793204045608,48.757432437751234],[9.194666113283176,48.75732789223157],[9.194769974503892,48.75719733316659],[9.195073128378676,48.75712319892906],[9.195397246826317,48.75723643670672],[9.196459499199129,48.7573015502618],[9.197143992874386,48.757040279007064],[9.199620617008568,48.75609128859784],[9.202256221749138,48.755042575275226],[9.203125215249566,48.75497048131881],[9.204564356274444,48.75490648763763],[9.205388273863933,48.75483772936339],[9.205551360193994,48.754975702747934],[9.205529138723165,48.7552215466061],[9.20593826377388,48.75591983300313],[9.205921099768235,48.75740238741403],[9.206675759353468,48.757424080688416],[9.20786043773059,48.75756789044946],[9.208778294749019,48.75775058914523],[9.209729762489193,48.75764133051718],[9.210831439135841,48.75731677852327],[9.210948357912935,48.757516291173516],[9.211403827786798,48.758168382063246],[9.212044016805848,48.75857432997898],[9.212787481062254,48.75868818407826],[9.213124993207924,48.758887293268515],[9.213554334677438,48.75884040567303],[9.213719281210347,48.75941622638884],[9.214229410524846,48.75925397194173],[9.214497227686863,48.75944552674343],[9.220431640739774,48.759880015108465],[9.220557598445179,48.75948799643509],[9.221252249773913,48.759064151473176],[9.221230041256202,48.759294654608404],[9.222007754195463,48.75927779480305],[9.222403354472172,48.759476773900296],[9.222846232756385,48.7598677086769],[9.223182309952037,48.75973645617868],[9.223333817684193,48.759866747743295],[9.223206520580693,48.759959181786186],[9.224078970562974,48.760356914828044],[9.224927602556104,48.76062102335229],[9.225320181894748,48.760136319300074],[9.22568081762724,48.76030462513876],[9.225716353007948,48.76046586014834],[9.2263209406245,48.76067207096741],[9.226286997637805,48.76087185063538],[9.226183246548004,48.761041039672804],[9.225974830579355,48.7611643527715],[9.225244376420068,48.76136733988448],[9.224989539312169,48.76149074191003],[9.224573417360935,48.76189868815264],[9.224423214330452,48.76206028529504],[9.22356630022711,48.76256121517757],[9.221964144823968,48.762556600621515],[9.220755959187137,48.762382217313416],[9.219293729657942,48.76252319281711],[9.215672355762338,48.76279123797533],[9.213630594860653,48.763171417947646],[9.213560091584972,48.76297182580354],[9.21171549039057,48.76330554231951],[9.210161539712692,48.763735465957126],[9.21029164820991,48.76431134560502],[9.211208441080037,48.76420981269167],[9.211522696482795,48.76439359845882],[9.211291226350813,48.764570694474926],[9.211676134256805,48.76499248229941],[9.21060746929317,48.764871524271584],[9.210202095649457,48.76511039546477],[9.21059855019722,48.76550150384668],[9.211307718414336,48.76572297084707],[9.211193390812458,48.766145669950525],[9.211821595446363,48.766436433385245],[9.212495328929466,48.766512004519825],[9.212242775863652,48.76719613815409],[9.212707405218845,48.76724137252693],[9.213637278709294,48.7674777827469],[9.214008857617536,48.76748477594235],[9.214681491013588,48.76729916746662],[9.215378017014622,48.76726713492894],[9.216470615222608,48.767541624662314],[9.217016217571821,48.767517558069336],[9.217795644012236,48.76784647809316],[9.220561274699067,48.76834051217212],[9.221408685968976,48.76829279009699],[9.221114402209107,48.77014072960217],[9.221208477652521,48.770409394105364],[9.221163279733643,48.77069369460022],[9.221720981641365,48.77076174460867],[9.22347625354136,48.771173135065204],[9.223987348852704,48.77120285970909],[9.224892887697193,48.77114915078848],[9.224980345819239,48.77253167713217],[9.22328507271726,48.77257340832662],[9.223631958330545,48.77223472343307],[9.223547164916239,48.7714436858073],[9.222070901984138,48.77110857319945],[9.222030119591695,48.77239148078179],[9.22282130791525,48.77273836467799],[9.222278242497225,48.77336165183329],[9.222186872824304,48.773701330916055],[9.222235361728544,48.774162149155785],[9.22244758999883,48.774883828978794],[9.222775271855502,48.775451636628844],[9.222708713459783,48.776155385595665],[9.222977919693447,48.776623422308774],[9.22289774305381,48.77686938702491],[9.222922439693605,48.777191940323526],[9.223179541835897,48.777525451606934],[9.223460522931825,48.77803948858567],[9.223461664209857,48.77830059539765],[9.22391705877617,48.778852855947214],[9.223860726833925,48.779244773236094],[9.224363144040487,48.77992755579644],[9.224837225471322,48.78012197587132],[9.224979759175952,48.78016454914482],[9.225282909839898,48.780432833061845],[9.226395754169703,48.78000045624364],[9.22756693680438,48.77963705782387],[9.228053735412253,48.77941336529636],[9.228807328076666,48.779127690791604],[9.229619824754291,48.779049288057855],[9.229817856135144,48.779179473501365],[9.230095849479234,48.77901760938367],[9.230923840413372,48.77970738925331],[9.231017606668125,48.779891555792446],[9.231787143879135,48.78054294825938],[9.232194840525148,48.7807956277941],[9.23243948181967,48.78095645582012],[9.232313266265582,48.78129468885639],[9.232327616780227,48.78189376805421],[9.232550765351206,48.78243557608593],[9.23285463545186,48.782849745940524],[9.233297843376182,48.78325595046237],[9.233959162106288,48.78364080320934],[9.230777786876564,48.785202568772],[9.229282784344619,48.785960468347355],[9.229116398935927,48.78598439831305],[9.227300999044312,48.78690810220803],[9.225876950066802,48.787626564425494],[9.224529648242326,48.78830079366651],[9.224239062342228,48.788571516947805],[9.223120980764284,48.78912942720832],[9.222387300059571,48.78950904676815],[9.221234452960118,48.790144157693646],[9.220419620248371,48.79067055172542],[9.219860960694106,48.79104980766459],[9.219104639138637,48.79161468591116],[9.218488106471609,48.79211753614009],[9.217860111294247,48.792666714939365],[9.217692373440869,48.79284735477215],[9.217267313413792,48.79326212786949],[9.216628597964776,48.79394978028038],[9.21638304162875,48.79418798372248],[9.215687625154615,48.794943262598764],[9.215166098479774,48.79551481506803],[9.214695578465427,48.79600476686435],[9.213959199187668,48.79678727909054],[9.213662608921052,48.7971070826648],[9.213335114119355,48.79741336688133],[9.213089396598079,48.79762438850592],[9.212648977753052,48.797958054382775],[9.212157341351675,48.79833255455133],[9.21175783749895,48.79862537656019],[9.211286595001626,48.798959082992106],[9.210958752134337,48.799190628118424],[9.210697202872455,48.79939824159276],[9.21009306609129,48.79921585772112],[9.209780395766616,48.79948767183467],[9.209101918860343,48.799389489589096]]]]}},{"type":"Feature","id":"stuttgart-09","properties":{"city":"Stuttgart","district_code":"09","name":"Degerloch","official_crime_values":null,"year":2025,"public_space_only":true,"metrics":{"public_violence":{"2025":28,"rate":null},"public_robbery":{"2025":3,"rate":null},"public_serious_injury":{"2025":25,"rate":null}}},"geometry":{"type":"MultiPolygon","coordinates":[[[[9.194309047299829,48.73166078301819],[9.194577292447445,48.732242985232205],[9.194813546913503,48.73248647778053],[9.194984311012648,48.73285491604923],[9.19546352287587,48.733201572706406],[9.195859575580268,48.73381561051648],[9.19631692349382,48.733885999943915],[9.199979012409493,48.73437634456882],[9.198173559559347,48.73715909810131],[9.197952804370471,48.73748688733778],[9.197649669626335,48.7373938713915],[9.196385275859804,48.739246830318514],[9.201306191897189,48.74253934141689],[9.200320573656615,48.74362950619157],[9.199967709432388,48.74418301834671],[9.199780700532193,48.744448623770296],[9.199506427793736,48.74516405971673],[9.199025742586716,48.74634693852899],[9.198254896324444,48.748330348571294],[9.197913677978327,48.74899975660371],[9.197421208528251,48.749776988114135],[9.196445020761692,48.75099678686107],[9.195871394824355,48.7517329444372],[9.195357405490663,48.75219564336796],[9.194681582496223,48.752665306497356],[9.194365561931248,48.7529102228522],[9.194071428849,48.753151346537585],[9.193941992072272,48.75337854726673],[9.19376512986398,48.753684268294315],[9.19318016346681,48.75409352161744],[9.192989973454164,48.754593223087774],[9.192053770364774,48.75574293124273],[9.1914192268787,48.7564333535507],[9.190783615229556,48.75684269029727],[9.19051102591469,48.75697031324523],[9.190146885279184,48.75696422339586],[9.189873402045768,48.75686427889085],[9.189550782733432,48.75713254634194],[9.185983999510235,48.755198889083374],[9.185138259915782,48.75476463990404],[9.184648019266476,48.754586714439355],[9.1832621025197,48.75416447522183],[9.181250835201908,48.753553246612704],[9.181133456904215,48.75352366066797],[9.180371951124787,48.753275346229415],[9.178546711138692,48.752719617284036],[9.178022401331264,48.75245234999848],[9.17738188216404,48.75275498197337],[9.176503858516986,48.75273400827249],[9.175591875583258,48.75265722970161],[9.174919644014093,48.75359667427874],[9.174281706977862,48.754524826901985],[9.17438931101052,48.75473446629486],[9.17411121647586,48.75483718576064],[9.173979691884623,48.754864523543844],[9.173838618975696,48.75487215363552],[9.173647427900013,48.7549645852675],[9.173665299501248,48.75507145248024],[9.17372820779586,48.75553385850707],[9.173704680208807,48.75582599785334],[9.17362009457374,48.75619125424602],[9.173486747537419,48.75664584951103],[9.173204220042493,48.75650832075541],[9.172788415622529,48.756849735121364],[9.172359974898148,48.75708567254016],[9.17198021889211,48.75720794858877],[9.17123383943421,48.75769593081258],[9.170631380133274,48.75726678039376],[9.170448004857837,48.75742934142877],[9.170337785317173,48.75738142435646],[9.170214469328231,48.757291757184035],[9.170080288475873,48.757494810635784],[9.169970768040013,48.75773027523436],[9.169675609858528,48.7575116521288],[9.169431844540567,48.75795832848812],[9.168796607543802,48.75847271907948],[9.168930168185007,48.75854740159089],[9.168740167706813,48.75872631261296],[9.168549270703096,48.758637253582],[9.168027077298769,48.75921598749227],[9.167781560109752,48.759416008685434],[9.167574331077024,48.75920610608057],[9.167344397989359,48.7593220279754],[9.166755572366037,48.759007568103556],[9.16655624606104,48.758781915517716],[9.166460285855837,48.75859290606611],[9.166380524237287,48.75849318183611],[9.166237212836753,48.758388290171986],[9.166593625213686,48.75809881408189],[9.16660138547638,48.75804099995998],[9.166378970308699,48.75802553958564],[9.166140248220119,48.75787348632096],[9.166417412584915,48.757620882628544],[9.166560080781924,48.75753135702466],[9.16675834776799,48.757441754404525],[9.166972548475046,48.75736789385098],[9.167153593022528,48.75725368354551],[9.167245029086079,48.75707703493119],[9.167308905600754,48.75691260054213],[9.167192720525199,48.75689356089055],[9.165772591332203,48.75689038840688],[9.165773087554436,48.75704864357039],[9.164982012863153,48.75705583756481],[9.164633579541134,48.75740933806248],[9.1644958623513,48.75749473764536],[9.16428458832443,48.75759241443101],[9.164155045843698,48.75734915192393],[9.164053544917218,48.757245831638244],[9.163841572768145,48.757118319787956],[9.163344102687859,48.75688166372948],[9.163113719189102,48.75674809083147],[9.163039859471752,48.75666298340772],[9.162993611445245,48.75657784588323],[9.162982095571278,48.75584139714157],[9.163000066536382,48.755707468001425],[9.16312845085497,48.75558554881606],[9.163312205137164,48.75551832950619],[9.16385066480005,48.75541365325512],[9.164036835001745,48.75539025878811],[9.164257935464839,48.755366813340196],[9.164723049760397,48.75521205510848],[9.163905373062224,48.75432730867032],[9.163659046896,48.75374988389447],[9.163168668956281,48.75328837785259],[9.162992663421594,48.75284951464947],[9.162760730845756,48.75311948790687],[9.16206420370486,48.753705986384574],[9.161932318355262,48.753814800362676],[9.161868107697975,48.753930288649485],[9.1617782722221,48.75411419961691],[9.161630220539283,48.754268271453235],[9.161461290180895,48.754438708196226],[9.161333570019652,48.754542350131885],[9.160989390758967,48.75474163507526],[9.160810290000889,48.75479929493714],[9.16050340534502,48.75469258571804],[9.160299960936507,48.75425224179963],[9.160194101678135,48.75405654773131],[9.159962882035567,48.75373045598507],[9.159725546612133,48.75354364482602],[9.159750141659611,48.75299523298029],[9.159355193538286,48.75288697935138],[9.158569805265707,48.7520089249833],[9.158327475350013,48.752331316207616],[9.158256583331475,48.752792741517105],[9.15829064850711,48.75317133942301],[9.158351114922189,48.75357601463094],[9.158364844067044,48.75376313970502],[9.15807626973453,48.754020317014024],[9.157958335901597,48.754159749495166],[9.15786709958017,48.75442101687809],[9.15776100193366,48.7549336421188],[9.156916447178599,48.75544637545335],[9.156646739604726,48.755504651446884],[9.156121650651755,48.75553912957746],[9.155589514973002,48.75566049193901],[9.155071903883936,48.75575770591449],[9.154662632920223,48.75550243292972],[9.153815219730783,48.755098091056944],[9.153113910709589,48.75477077241687],[9.15276271199039,48.7544381550815],[9.15244898449867,48.75441924529609],[9.152367259306423,48.75393191467759],[9.152592080595811,48.75348285321235],[9.152780403333256,48.75304826206445],[9.152350095825575,48.75306819383243],[9.151934252411808,48.75303977657192],[9.150395120664287,48.75298390972548],[9.149758050509078,48.7531281438103],[9.148554455857866,48.753108410727236],[9.147800363638748,48.75314650414039],[9.147479847645958,48.753290256237875],[9.146813900040186,48.75329638089628],[9.1467889514854,48.752993777989026],[9.14671571629622,48.75264874839699],[9.146377794996482,48.752325286715525],[9.144845328336228,48.7523378265973],[9.144590027527011,48.752842547975945],[9.14421360150416,48.753887797002044],[9.144096568483075,48.75422897747999],[9.143744734014836,48.75529660391103],[9.143604148733631,48.75535179873612],[9.143374029882725,48.75541133203262],[9.14318046462846,48.75540204231355],[9.142821449291331,48.75528914624193],[9.142584385024483,48.75518934395009],[9.142038198268377,48.75492251592874],[9.141221391353076,48.75447949313678],[9.141098315801774,48.75442451187067],[9.140229643466743,48.75396869650967],[9.139769053973543,48.75373972833881],[9.139323929809692,48.75349027280903],[9.13912708487265,48.75337916704124],[9.138909476127086,48.75322133551602],[9.138774796927157,48.75312329106281],[9.138611855167827,48.75292467989668],[9.138452092552503,48.752742828734675],[9.138385112059753,48.752581210442095],[9.138361795007713,48.75237064278894],[9.13829222471062,48.75187431304291],[9.13821205133868,48.751656296481926],[9.137903498070852,48.75106250215962],[9.137526479874778,48.750371005631386],[9.137331933730781,48.749904920368365],[9.137082589766012,48.749109355286976],[9.136325756948183,48.74725944808348],[9.136187614733695,48.746928241353245],[9.136862469399324,48.746848342580606],[9.139028091100718,48.746830019857306],[9.139409145943631,48.74692931095143],[9.140123219307313,48.7469704428148],[9.140535956316922,48.74704869315207],[9.14102807205519,48.74714784339861],[9.141742314960709,48.74724671854802],[9.142250219697065,48.747314347299906],[9.143122985097266,48.74736052005366],[9.143837032126628,48.74737539385456],[9.144122768480287,48.747427543010154],[9.144559411545913,48.747542489663694],[9.144932207367727,48.747521015724836],[9.145709334863641,48.74742028342855],[9.146137801776389,48.74745124223453],[9.14659028292319,48.74755041088344],[9.146955489797959,48.74764969447732],[9.147344274107471,48.74767545381655],[9.148692951684474,48.74772099560673],[9.149248252577722,48.74773076533312],[9.14996254192074,48.74787681225825],[9.150362283284466,48.74893676323431],[9.15072844988694,48.7493615426674],[9.15116456616171,48.74929795975491],[9.151529391856316,48.74926597119279],[9.154290119664369,48.74926218125685],[9.155361063208302,48.749245055214224],[9.155940165972561,48.7492338070914],[9.156273261634471,48.749201873429286],[9.156780681505905,48.749101467008465],[9.157866725056293,48.748853313664505],[9.159143500940283,48.74870983614895],[9.160142718825895,48.74860343156161],[9.161007128953084,48.74851825290783],[9.161036286305178,48.74772536088069],[9.161057309716936,48.74685380362931],[9.161063996463021,48.74647052881487],[9.161047575426624,48.74630254391548],[9.160832019299384,48.745888061891996],[9.160852567585952,48.74561051499656],[9.160743229890848,48.74541568062012],[9.160634358673333,48.7452222578586],[9.160461388485395,48.74501557146421],[9.160371573705662,48.74486788646472],[9.16030088744259,48.74471594485566],[9.16023853645019,48.744339978971105],[9.160823433235347,48.74427917422344],[9.160930356524572,48.74399753761686],[9.160984799997085,48.743874878170686],[9.16110981608908,48.74368925404555],[9.16132175582208,48.74349071668208],[9.16159135047416,48.74319618608294],[9.161880077409014,48.742837710309665],[9.162178137827812,48.74237053247802],[9.162504493194717,48.74171787795287],[9.162727062585478,48.74109295984515],[9.162924102152644,48.740524884554205],[9.163083200977264,48.73975931516497],[9.163168303427152,48.73916667119213],[9.163351686786118,48.738211784956725],[9.163499596381506,48.73781655942378],[9.163689435507598,48.737499203156176],[9.16450298541748,48.73641728184277],[9.164992959727327,48.73580662856558],[9.165126616344544,48.735652473564464],[9.16555424769654,48.735124837098255],[9.165732372224298,48.73489361680075],[9.165999436269068,48.73452013883326],[9.166275049828467,48.734022297445],[9.16652373654541,48.73349488020569],[9.166773604110363,48.73293050763596],[9.167438460341993,48.73323728272842],[9.167689451353349,48.73329554134839],[9.168110002206186,48.73331934653915],[9.16802030365474,48.73294823418],[9.16851431383646,48.73286934261617],[9.169389001785472,48.731910633089335],[9.16957368253229,48.73198850918235],[9.170068357753031,48.73211474670411],[9.170326694519941,48.732158306309124],[9.171588577001389,48.732283416924595],[9.17288002869368,48.73241831103227],[9.174038619683733,48.73252407060667],[9.1751012731255,48.73261043934496],[9.175846516717813,48.732677724797746],[9.176601393461972,48.732808723120996],[9.17663142985015,48.73259776939593],[9.176697642536567,48.73244460023826],[9.176861664950462,48.73235594270891],[9.177061819952508,48.73231145847042],[9.17762523610084,48.73232359425042],[9.179507341910986,48.732344862672434],[9.179442316033292,48.732120588265374],[9.179316590466836,48.73181428790951],[9.179271047835476,48.73153141612554],[9.177445403103269,48.731168958441366],[9.178624666056182,48.72968999308687],[9.17907070331098,48.729751076651866],[9.179527529957669,48.729928831190975],[9.180004802244243,48.730024185084325],[9.183386781582657,48.73051309605421],[9.184237468403703,48.73063530065821],[9.184984220018471,48.7306890215569],[9.185735727561228,48.73076347123172],[9.186850866781578,48.73076150557801],[9.187628244514078,48.730691593602195],[9.188571394271083,48.73058708620833],[9.18923471368287,48.73051735718241],[9.190167874768868,48.73051581376068],[9.1907482517234,48.73045307505457],[9.191504679862778,48.73033513001295],[9.192851430486442,48.730058312938326],[9.193659601174632,48.729926531966505],[9.19437471906275,48.729856697068776],[9.19488242736001,48.7297734915225],[9.195276002888894,48.72966987985872],[9.19645837017471,48.729211619351155],[9.196768931064911,48.73012569689394],[9.19554241503755,48.73047993319173],[9.195084644332935,48.73115813380455],[9.19448246516617,48.73153176786778],[9.194309047299829,48.73166078301819]]]]}}]}
