ags8,name_de,state_code,county_ags5,geometry_parts,present_in_2025_atlas,present_in_2024_integrated_debt,reference_date,source_id
01001000,Flensburg,01,01001,2,true,true,2026-01-01,BKG_VG250_2026_01_01
01002000,Kiel,01,01002,2,true,true,2026-01-01,BKG_VG250_2026_01_01
01003000,Lübeck,01,01003,2,true,true,2026-01-01,BKG_VG250_2026_01_01
01004000,Neumünster,01,01004,1,true,true,2026-01-01,BKG_VG250_2026_01_01
01051001,Albersdorf,01,01051,1,true,true,2026-01-01,BKG_VG250_2026_01_01
01051002,Arkebek,01,01051,1,true,true,2026-01-01,BKG_VG250_2026_01_01
01051003,Averlak,01,01051,1,true,true,2026-01-01,BKG_VG250_2026_01_01
01051004,Bargenstedt,01,01051,1,true,true,2026-01-01,BKG_VG250_2026_01_01
01051005,Barkenholm,01,01051,1,true,true,2026-01-01,BKG_VG250_2026_01_01
01051006,Barlt,01,01051,1,true,true,2026-01-01,BKG_VG250_2026_01_01
01051008,Bergewöhrden,01,01051,1,true,true,2026-01-01,BKG_VG250_2026_01_01
01051010,Brickeln,01,01051,1,true,true,2026-01-01,BKG_VG250_2026_01_01
01051011,Brunsbüttel,01,01051,2,true,true,2026-01-01,BKG_VG250_2026_01_01
01051012,Buchholz,01,01051,1,true,true,2026-01-01,BKG_VG250_2026_01_01
01051013,Büsum,01,01051,2,true,true,2026-01-01,BKG_VG250_2026_01_01
01051014,Büsumer Deichhausen,01,01051,1,true,true,2026-01-01,BKG_VG250_2026_01_01
01051015,Bunsoh,01,01051,1,true,true,2026-01-01,BKG_VG250_2026_01_01
01051016,Burg (Dithmarschen),01,01051,1,true,true,2026-01-01,BKG_VG250_2026_01_01
01051017,Busenwurth,01,01051,1,true,true,2026-01-01,BKG_VG250_2026_01_01
01051019,Dellstedt,01,01051,1,true,true,2026-01-01,BKG_VG250_2026_01_01
01051020,Delve,01,01051,1,true,true,2026-01-01,BKG_VG250_2026_01_01
01051021,Diekhusen-Fahrstedt,01,01051,1,true,true,2026-01-01,BKG_VG250_2026_01_01
01051022,Dingen,01,01051,1,true,true,2026-01-01,BKG_VG250_2026_01_01
01051023,Dörpling,01,01051,1,true,true,2026-01-01,BKG_VG250_2026_01_01
01051024,Eddelak,01,01051,1,true,true,2026-01-01,BKG_VG250_2026_01_01
01051026,Eggstedt,01,01051,1,true,true,2026-01-01,BKG_VG250_2026_01_01
01051027,Elpersbüttel,01,01051,1,true,true,2026-01-01,BKG_VG250_2026_01_01
01051028,Epenwöhrden,01,01051,1,true,true,2026-01-01,BKG_VG250_2026_01_01
01051030,Fedderingen,01,01051,1,true,true,2026-01-01,BKG_VG250_2026_01_01
01051032,Frestedt,01,01051,1,true,true,2026-01-01,BKG_VG250_2026_01_01
01051033,Friedrichsgabekoog,01,01051,1,true,true,2026-01-01,BKG_VG250_2026_01_01
01051034,Friedrichskoog,01,01051,1,true,true,2026-01-01,BKG_VG250_2026_01_01
01051035,Gaushorn,01,01051,1,true,true,2026-01-01,BKG_VG250_2026_01_01
01051036,Glüsing,01,01051,1,true,true,2026-01-01,BKG_VG250_2026_01_01
01051037,Großenrade,01,01051,1,true,true,2026-01-01,BKG_VG250_2026_01_01
01051038,Groven,01,01051,1,true,true,2026-01-01,BKG_VG250_2026_01_01
01051039,Gudendorf,01,01051,1,true,true,2026-01-01,BKG_VG250_2026_01_01
01051043,Hedwigenkoog,01,01051,1,true,true,2026-01-01,BKG_VG250_2026_01_01
01051044,Heide,01,01051,1,true,true,2026-01-01,BKG_VG250_2026_01_01
01051045,Hellschen-Heringsand-Unterschaar,01,01051,1,true,true,2026-01-01,BKG_VG250_2026_01_01
01051046,Helse,01,01051,1,true,true,2026-01-01,BKG_VG250_2026_01_01
01051047,Hemme,01,01051,1,true,true,2026-01-01,BKG_VG250_2026_01_01
01051048,Hemmingstedt,01,01051,1,true,true,2026-01-01,BKG_VG250_2026_01_01
01051049,Hennstedt,01,01051,1,true,true,2026-01-01,BKG_VG250_2026_01_01
01051050,Hillgroven,01,01051,1,true,true,2026-01-01,BKG_VG250_2026_01_01
01051051,Hochdonn,01,01051,1,true,true,2026-01-01,BKG_VG250_2026_01_01
01051052,Hövede,01,01051,1,true,true,2026-01-01,BKG_VG250_2026_01_01
01051053,Hollingstedt,01,01051,1,true,true,2026-01-01,BKG_VG250_2026_01_01
01051054,Immenstedt,01,01051,1,true,true,2026-01-01,BKG_VG250_2026_01_01
01051057,Kaiser-Wilhelm-Koog,01,01051,1,true,true,2026-01-01,BKG_VG250_2026_01_01
01051058,Karolinenkoog,01,01051,1,true,true,2026-01-01,BKG_VG250_2026_01_01
01051060,Kleve,01,01051,1,true,true,2026-01-01,BKG_VG250_2026_01_01
01051061,Krempel,01,01051,1,true,true,2026-01-01,BKG_VG250_2026_01_01
01051062,Kronprinzenkoog,01,01051,1,true,true,2026-01-01,BKG_VG250_2026_01_01
01051063,Krumstedt,01,01051,1,true,true,2026-01-01,BKG_VG250_2026_01_01
01051064,Kuden,01,01051,1,true,true,2026-01-01,BKG_VG250_2026_01_01
01051065,Lehe,01,01051,1,true,true,2026-01-01,BKG_VG250_2026_01_01
01051067,Lieth,01,01051,1,true,true,2026-01-01,BKG_VG250_2026_01_01
01051068,Linden,01,01051,1,true,true,2026-01-01,BKG_VG250_2026_01_01
01051069,Lohe-Rickelshof,01,01051,1,true,true,2026-01-01,BKG_VG250_2026_01_01
01051071,Lunden,01,01051,1,true,true,2026-01-01,BKG_VG250_2026_01_01
01051072,Marne,01,01051,1,true,true,2026-01-01,BKG_VG250_2026_01_01
01051073,Marnerdeich,01,01051,1,true,true,2026-01-01,BKG_VG250_2026_01_01
01051074,Meldorf,01,01051,1,true,true,2026-01-01,BKG_VG250_2026_01_01
01051075,Neuenkirchen,01,01051,1,true,true,2026-01-01,BKG_VG250_2026_01_01
01051076,Neufeld,01,01051,1,true,true,2026-01-01,BKG_VG250_2026_01_01
01051077,Neufelderkoog,01,01051,1,true,true,2026-01-01,BKG_VG250_2026_01_01
01051078,Nindorf,01,01051,1,true,true,2026-01-01,BKG_VG250_2026_01_01
01051079,Norddeich,01,01051,1,true,true,2026-01-01,BKG_VG250_2026_01_01
01051080,Norderheistedt,01,01051,1,true,true,2026-01-01,BKG_VG250_2026_01_01
01051081,Norderwöhrden,01,01051,1,true,true,2026-01-01,BKG_VG250_2026_01_01
01051082,Nordhastedt,01,01051,1,true,true,2026-01-01,BKG_VG250_2026_01_01
01051083,Odderade,01,01051,1,true,true,2026-01-01,BKG_VG250_2026_01_01
01051084,Oesterdeichstrich,01,01051,1,true,true,2026-01-01,BKG_VG250_2026_01_01
01051085,Offenbüttel,01,01051,1,true,true,2026-01-01,BKG_VG250_2026_01_01
01051086,Osterrade,01,01051,1,true,true,2026-01-01,BKG_VG250_2026_01_01
01051087,Ostrohe,01,01051,1,true,true,2026-01-01,BKG_VG250_2026_01_01
01051088,Pahlen,01,01051,1,true,true,2026-01-01,BKG_VG250_2026_01_01
01051089,Quickborn,01,01051,1,true,true,2026-01-01,BKG_VG250_2026_01_01
01051090,Ramhusen,01,01051,1,true,true,2026-01-01,BKG_VG250_2026_01_01
01051092,Rehm-Flehde-Bargen,01,01051,1,true,true,2026-01-01,BKG_VG250_2026_01_01
01051093,Reinsbüttel,01,01051,1,true,true,2026-01-01,BKG_VG250_2026_01_01
01051096,Sankt Annen,01,01051,1,true,true,2026-01-01,BKG_VG250_2026_01_01
01051097,Sankt Michaelisdonn,01,01051,1,true,true,2026-01-01,BKG_VG250_2026_01_01
01051098,Sarzbüttel,01,01051,1,true,true,2026-01-01,BKG_VG250_2026_01_01
01051099,Schafstedt,01,01051,1,true,true,2026-01-01,BKG_VG250_2026_01_01
01051100,Schalkholz,01,01051,1,true,true,2026-01-01,BKG_VG250_2026_01_01
01051102,Schlichting,01,01051,1,true,true,2026-01-01,BKG_VG250_2026_01_01
01051103,Schmedeswurth,01,01051,1,true,true,2026-01-01,BKG_VG250_2026_01_01
01051104,Schrum,01,01051,1,true,true,2026-01-01,BKG_VG250_2026_01_01
01051105,Schülp,01,01051,1,true,true,2026-01-01,BKG_VG250_2026_01_01
01051107,Stelle-Wittenwurth,01,01051,1,true,true,2026-01-01,BKG_VG250_2026_01_01
01051108,Strübbel,01,01051,1,true,true,2026-01-01,BKG_VG250_2026_01_01
01051109,Süderdeich,01,01051,1,true,true,2026-01-01,BKG_VG250_2026_01_01
01051110,Süderhastedt,01,01051,1,true,true,2026-01-01,BKG_VG250_2026_01_01
01051113,Wöhrden,01,01051,1,true,true,2026-01-01,BKG_VG250_2026_01_01
01051114,Tellingstedt,01,01051,1,true,true,2026-01-01,BKG_VG250_2026_01_01
01051117,Tielenhemme,01,01051,1,true,true,2026-01-01,BKG_VG250_2026_01_01
01051118,Trennewurth,01,01051,1,true,true,2026-01-01,BKG_VG250_2026_01_01
01051119,Volsemenhusen,01,01051,1,true,true,2026-01-01,BKG_VG250_2026_01_01
01051120,Wallen,01,01051,1,true,true,2026-01-01,BKG_VG250_2026_01_01
01051121,Warwerort,01,01051,1,true,true,2026-01-01,BKG_VG250_2026_01_01
01051122,Weddingstedt,01,01051,1,true,true,2026-01-01,BKG_VG250_2026_01_01
01051125,Welmbüttel,01,01051,1,true,true,2026-01-01,BKG_VG250_2026_01_01
01051126,Wennbüttel,01,01051,1,true,true,2026-01-01,BKG_VG250_2026_01_01
01051127,Wesselburen,01,01051,1,true,true,2026-01-01,BKG_VG250_2026_01_01
01051128,Wesselburener Deichhausen,01,01051,1,true,true,2026-01-01,BKG_VG250_2026_01_01
01051129,Wesselburenerkoog,01,01051,1,true,true,2026-01-01,BKG_VG250_2026_01_01
01051130,Wesseln,01,01051,1,true,true,2026-01-01,BKG_VG250_2026_01_01
01051131,Westerborstel,01,01051,1,true,true,2026-01-01,BKG_VG250_2026_01_01
01051132,Westerdeichstrich,01,01051,1,true,true,2026-01-01,BKG_VG250_2026_01_01
01051133,Wiemerstedt,01,01051,1,true,true,2026-01-01,BKG_VG250_2026_01_01
01051134,Windbergen,01,01051,1,true,true,2026-01-01,BKG_VG250_2026_01_01
01051135,Wolmersdorf,01,01051,1,true,true,2026-01-01,BKG_VG250_2026_01_01
01051136,Wrohm,01,01051,1,true,true,2026-01-01,BKG_VG250_2026_01_01
01051137,Nordermeldorf,01,01051,1,true,true,2026-01-01,BKG_VG250_2026_01_01
01051138,Tensbüttel-Röst,01,01051,1,true,true,2026-01-01,BKG_VG250_2026_01_01
01051139,Süderdorf,01,01051,1,true,true,2026-01-01,BKG_VG250_2026_01_01
01051140,Oesterwurth,01,01051,1,true,true,2026-01-01,BKG_VG250_2026_01_01
01051141,Süderheistedt,01,01051,1,true,true,2026-01-01,BKG_VG250_2026_01_01
01053001,Albsfelde,01,01053,1,true,true,2026-01-01,BKG_VG250_2026_01_01
01053002,Alt-Mölln,01,01053,1,true,true,2026-01-01,BKG_VG250_2026_01_01
01053003,Aumühle,01,01053,1,true,true,2026-01-01,BKG_VG250_2026_01_01
01053004,Bäk,01,01053,1,true,true,2026-01-01,BKG_VG250_2026_01_01
01053005,Bälau,01,01053,1,true,true,2026-01-01,BKG_VG250_2026_01_01
01053006,Basedow,01,01053,1,true,true,2026-01-01,BKG_VG250_2026_01_01
01053007,Basthorst,01,01053,1,true,true,2026-01-01,BKG_VG250_2026_01_01
01053008,Behlendorf,01,01053,1,true,true,2026-01-01,BKG_VG250_2026_01_01
01053009,Berkenthin,01,01053,1,true,true,2026-01-01,BKG_VG250_2026_01_01
01053010,Besenthal,01,01053,1,true,true,2026-01-01,BKG_VG250_2026_01_01
01053011,Bliestorf,01,01053,1,true,true,2026-01-01,BKG_VG250_2026_01_01
01053012,Börnsen,01,01053,1,true,true,2026-01-01,BKG_VG250_2026_01_01
01053013,Borstorf,01,01053,1,true,true,2026-01-01,BKG_VG250_2026_01_01
01053014,Breitenfelde,01,01053,1,true,true,2026-01-01,BKG_VG250_2026_01_01
01053015,Bröthen,01,01053,1,true,true,2026-01-01,BKG_VG250_2026_01_01
01053016,Brunsmark,01,01053,1,true,true,2026-01-01,BKG_VG250_2026_01_01
01053017,Brunstorf,01,01053,1,true,true,2026-01-01,BKG_VG250_2026_01_01
01053018,Buchholz,01,01053,1,true,true,2026-01-01,BKG_VG250_2026_01_01
01053019,Buchhorst,01,01053,1,true,true,2026-01-01,BKG_VG250_2026_01_01
01053020,Büchen,01,01053,1,true,true,2026-01-01,BKG_VG250_2026_01_01
01053021,Dahmker,01,01053,1,true,true,2026-01-01,BKG_VG250_2026_01_01
01053022,Dalldorf,01,01053,1,true,true,2026-01-01,BKG_VG250_2026_01_01
01053023,Dassendorf,01,01053,1,true,true,2026-01-01,BKG_VG250_2026_01_01
01053024,Düchelsdorf,01,01053,1,true,true,2026-01-01,BKG_VG250_2026_01_01
01053025,Duvensee,01,01053,1,true,true,2026-01-01,BKG_VG250_2026_01_01
01053026,Einhaus,01,01053,1,true,true,2026-01-01,BKG_VG250_2026_01_01
01053027,Elmenhorst,01,01053,1,true,true,2026-01-01,BKG_VG250_2026_01_01
01053028,Escheburg,01,01053,1,true,true,2026-01-01,BKG_VG250_2026_01_01
01053029,Fitzen,01,01053,1,true,true,2026-01-01,BKG_VG250_2026_01_01
01053030,Fredeburg,01,01053,1,true,true,2026-01-01,BKG_VG250_2026_01_01
01053031,Fuhlenhagen,01,01053,1,true,true,2026-01-01,BKG_VG250_2026_01_01
01053032,Geesthacht,01,01053,1,true,true,2026-01-01,BKG_VG250_2026_01_01
01053033,Giesensdorf,01,01053,1,true,true,2026-01-01,BKG_VG250_2026_01_01
01053034,Göldenitz,01,01053,1,true,true,2026-01-01,BKG_VG250_2026_01_01
01053035,Göttin,01,01053,1,true,true,2026-01-01,BKG_VG250_2026_01_01
01053036,Grabau,01,01053,1,true,true,2026-01-01,BKG_VG250_2026_01_01
01053037,Grambek,01,01053,1,true,true,2026-01-01,BKG_VG250_2026_01_01
01053038,Grinau,01,01053,1,true,true,2026-01-01,BKG_VG250_2026_01_01
01053039,Groß Boden,01,01053,1,true,true,2026-01-01,BKG_VG250_2026_01_01
01053040,Groß Disnack,01,01053,1,true,true,2026-01-01,BKG_VG250_2026_01_01
01053041,Groß Grönau,01,01053,1,true,true,2026-01-01,BKG_VG250_2026_01_01
01053042,Groß Pampau,01,01053,1,true,true,2026-01-01,BKG_VG250_2026_01_01
01053043,Groß Sarau,01,01053,1,true,true,2026-01-01,BKG_VG250_2026_01_01
01053044,Groß Schenkenberg,01,01053,1,true,true,2026-01-01,BKG_VG250_2026_01_01
01053045,Grove,01,01053,1,true,true,2026-01-01,BKG_VG250_2026_01_01
01053046,Gudow,01,01053,1,true,true,2026-01-01,BKG_VG250_2026_01_01
01053047,Gülzow,01,01053,1,true,true,2026-01-01,BKG_VG250_2026_01_01
01053048,Güster,01,01053,1,true,true,2026-01-01,BKG_VG250_2026_01_01
01053049,Hamfelde,01,01053,1,true,true,2026-01-01,BKG_VG250_2026_01_01
01053050,Hamwarde,01,01053,1,true,true,2026-01-01,BKG_VG250_2026_01_01
01053051,Harmsdorf,01,01053,1,true,true,2026-01-01,BKG_VG250_2026_01_01
01053052,Havekost,01,01053,1,true,true,2026-01-01,BKG_VG250_2026_01_01
01053053,Hohenhorn,01,01053,1,true,true,2026-01-01,BKG_VG250_2026_01_01
01053054,Hollenbek,01,01053,1,true,true,2026-01-01,BKG_VG250_2026_01_01
01053056,Hornbek,01,01053,1,true,true,2026-01-01,BKG_VG250_2026_01_01
01053057,Horst,01,01053,1,true,true,2026-01-01,BKG_VG250_2026_01_01
01053058,Juliusburg,01,01053,1,true,true,2026-01-01,BKG_VG250_2026_01_01
01053059,Kankelau,01,01053,1,true,true,2026-01-01,BKG_VG250_2026_01_01
01053060,Kasseburg,01,01053,1,true,true,2026-01-01,BKG_VG250_2026_01_01
01053061,Kastorf,01,01053,1,true,true,2026-01-01,BKG_VG250_2026_01_01
01053062,Kittlitz,01,01053,1,true,true,2026-01-01,BKG_VG250_2026_01_01
01053064,Klein Pampau,01,01053,1,true,true,2026-01-01,BKG_VG250_2026_01_01
01053066,Klein Zecher,01,01053,1,true,true,2026-01-01,BKG_VG250_2026_01_01
01053067,Klempau,01,01053,1,true,true,2026-01-01,BKG_VG250_2026_01_01
01053068,Klinkrade,01,01053,1,true,true,2026-01-01,BKG_VG250_2026_01_01
01053069,Koberg,01,01053,1,true,true,2026-01-01,BKG_VG250_2026_01_01
01053070,Köthel,01,01053,1,true,true,2026-01-01,BKG_VG250_2026_01_01
01053071,Kollow,01,01053,1,true,true,2026-01-01,BKG_VG250_2026_01_01
01053072,Kröppelshagen-Fahrendorf,01,01053,1,true,true,2026-01-01,BKG_VG250_2026_01_01
01053073,Krüzen,01,01053,1,true,true,2026-01-01,BKG_VG250_2026_01_01
01053074,Krukow,01,01053,1,true,true,2026-01-01,BKG_VG250_2026_01_01
01053075,Krummesse,01,01053,1,true,true,2026-01-01,BKG_VG250_2026_01_01
01053076,Kuddewörde,01,01053,1,true,true,2026-01-01,BKG_VG250_2026_01_01
01053077,Kühsen,01,01053,1,true,true,2026-01-01,BKG_VG250_2026_01_01
01053078,Kulpin,01,01053,1,true,true,2026-01-01,BKG_VG250_2026_01_01
01053079,Labenz,01,01053,1,true,true,2026-01-01,BKG_VG250_2026_01_01
01053080,Langenlehsten,01,01053,1,true,true,2026-01-01,BKG_VG250_2026_01_01
01053081,Lankau,01,01053,1,true,true,2026-01-01,BKG_VG250_2026_01_01
01053082,Lanze,01,01053,1,true,true,2026-01-01,BKG_VG250_2026_01_01
01053083,Lauenburg/Elbe,01,01053,1,true,true,2026-01-01,BKG_VG250_2026_01_01
01053084,Lehmrade,01,01053,1,true,true,2026-01-01,BKG_VG250_2026_01_01
01053085,Linau,01,01053,1,true,true,2026-01-01,BKG_VG250_2026_01_01
01053086,Lüchow,01,01053,1,true,true,2026-01-01,BKG_VG250_2026_01_01
01053087,Lütau,01,01053,1,true,true,2026-01-01,BKG_VG250_2026_01_01
01053088,Mechow,01,01053,1,true,true,2026-01-01,BKG_VG250_2026_01_01
01053089,Möhnsen,01,01053,1,true,true,2026-01-01,BKG_VG250_2026_01_01
01053090,Mölln,01,01053,1,true,true,2026-01-01,BKG_VG250_2026_01_01
01053091,Mühlenrade,01,01053,1,true,true,2026-01-01,BKG_VG250_2026_01_01
01053092,Müssen,01,01053,1,true,true,2026-01-01,BKG_VG250_2026_01_01
01053093,Mustin,01,01053,1,true,true,2026-01-01,BKG_VG250_2026_01_01
01053094,Niendorf bei Berkenthin,01,01053,1,true,true,2026-01-01,BKG_VG250_2026_01_01
01053095,Niendorf/Stecknitz,01,01053,1,true,true,2026-01-01,BKG_VG250_2026_01_01
01053096,Nusse,01,01053,1,true,true,2026-01-01,BKG_VG250_2026_01_01
01053097,Panten,01,01053,1,true,true,2026-01-01,BKG_VG250_2026_01_01
01053098,Pogeez,01,01053,1,true,true,2026-01-01,BKG_VG250_2026_01_01
01053099,Poggensee,01,01053,1,true,true,2026-01-01,BKG_VG250_2026_01_01
01053100,Ratzeburg,01,01053,1,true,true,2026-01-01,BKG_VG250_2026_01_01
01053101,Ritzerau,01,01053,1,true,true,2026-01-01,BKG_VG250_2026_01_01
01053102,Römnitz,01,01053,1,true,true,2026-01-01,BKG_VG250_2026_01_01
01053103,Rondeshagen,01,01053,1,true,true,2026-01-01,BKG_VG250_2026_01_01
01053104,Roseburg,01,01053,1,true,true,2026-01-01,BKG_VG250_2026_01_01
01053106,Sahms,01,01053,1,true,true,2026-01-01,BKG_VG250_2026_01_01
01053107,Salem,01,01053,1,true,true,2026-01-01,BKG_VG250_2026_01_01
01053108,Sandesneben,01,01053,1,true,true,2026-01-01,BKG_VG250_2026_01_01
01053109,Schiphorst,01,01053,1,true,true,2026-01-01,BKG_VG250_2026_01_01
01053110,Schmilau,01,01053,1,true,true,2026-01-01,BKG_VG250_2026_01_01
01053111,Schnakenbek,01,01053,1,true,true,2026-01-01,BKG_VG250_2026_01_01
01053112,Schönberg,01,01053,1,true,true,2026-01-01,BKG_VG250_2026_01_01
01053113,Schretstaken,01,01053,1,true,true,2026-01-01,BKG_VG250_2026_01_01
01053114,Schürensöhlen,01,01053,1,true,true,2026-01-01,BKG_VG250_2026_01_01
01053115,Schulendorf,01,01053,1,true,true,2026-01-01,BKG_VG250_2026_01_01
01053116,Schwarzenbek,01,01053,1,true,true,2026-01-01,BKG_VG250_2026_01_01
01053117,Seedorf,01,01053,1,true,true,2026-01-01,BKG_VG250_2026_01_01
01053118,Siebenbäumen,01,01053,1,true,true,2026-01-01,BKG_VG250_2026_01_01
01053119,Siebeneichen,01,01053,1,true,true,2026-01-01,BKG_VG250_2026_01_01
01053120,Sierksrade,01,01053,1,true,true,2026-01-01,BKG_VG250_2026_01_01
01053121,Sirksfelde,01,01053,1,true,true,2026-01-01,BKG_VG250_2026_01_01
01053122,Steinhorst,01,01053,1,true,true,2026-01-01,BKG_VG250_2026_01_01
01053123,Sterley,01,01053,1,true,true,2026-01-01,BKG_VG250_2026_01_01
01053124,Stubben,01,01053,1,true,true,2026-01-01,BKG_VG250_2026_01_01
01053125,Talkau,01,01053,1,true,true,2026-01-01,BKG_VG250_2026_01_01
01053126,Tramm,01,01053,1,true,true,2026-01-01,BKG_VG250_2026_01_01
01053127,Walksfelde,01,01053,1,true,true,2026-01-01,BKG_VG250_2026_01_01
01053128,Wangelau,01,01053,1,true,true,2026-01-01,BKG_VG250_2026_01_01
01053129,Wentorf bei Hamburg,01,01053,1,true,true,2026-01-01,BKG_VG250_2026_01_01
01053130,Wentorf (Amt Sandesneben),01,01053,1,true,true,2026-01-01,BKG_VG250_2026_01_01
01053131,Wiershop,01,01053,1,true,true,2026-01-01,BKG_VG250_2026_01_01
01053132,Witzeeze,01,01053,1,true,true,2026-01-01,BKG_VG250_2026_01_01
01053133,Wohltorf,01,01053,1,true,true,2026-01-01,BKG_VG250_2026_01_01
01053134,Woltersdorf,01,01053,1,true,true,2026-01-01,BKG_VG250_2026_01_01
01053135,Worth,01,01053,1,true,true,2026-01-01,BKG_VG250_2026_01_01
01053136,Ziethen,01,01053,1,true,true,2026-01-01,BKG_VG250_2026_01_01
01054001,Achtrup,01,01054,1,true,true,2026-01-01,BKG_VG250_2026_01_01
01054002,Ahrenshöft,01,01054,1,true,true,2026-01-01,BKG_VG250_2026_01_01
01054003,Ahrenviöl,01,01054,1,true,true,2026-01-01,BKG_VG250_2026_01_01
01054004,Ahrenviölfeld,01,01054,1,true,true,2026-01-01,BKG_VG250_2026_01_01
01054005,Alkersum,01,01054,1,true,true,2026-01-01,BKG_VG250_2026_01_01
01054006,Almdorf,01,01054,1,true,true,2026-01-01,BKG_VG250_2026_01_01
01054007,Arlewatt,01,01054,1,true,true,2026-01-01,BKG_VG250_2026_01_01
01054009,Aventoft,01,01054,1,true,true,2026-01-01,BKG_VG250_2026_01_01
01054010,Bargum,01,01054,1,true,true,2026-01-01,BKG_VG250_2026_01_01
01054011,Behrendorf,01,01054,1,true,true,2026-01-01,BKG_VG250_2026_01_01
01054012,Bohmstedt,01,01054,1,true,true,2026-01-01,BKG_VG250_2026_01_01
01054013,Bondelum,01,01054,1,true,true,2026-01-01,BKG_VG250_2026_01_01
01054014,Bordelum,01,01054,1,true,true,2026-01-01,BKG_VG250_2026_01_01
01054015,Borgsum,01,01054,1,true,true,2026-01-01,BKG_VG250_2026_01_01
01054016,Bosbüll,01,01054,1,true,true,2026-01-01,BKG_VG250_2026_01_01
01054017,Braderup,01,01054,1,true,true,2026-01-01,BKG_VG250_2026_01_01
01054018,Bramstedtlund,01,01054,1,true,true,2026-01-01,BKG_VG250_2026_01_01
01054019,Bredstedt,01,01054,1,true,true,2026-01-01,BKG_VG250_2026_01_01
01054020,Breklum,01,01054,1,true,true,2026-01-01,BKG_VG250_2026_01_01
01054022,Dagebüll,01,01054,1,true,true,2026-01-01,BKG_VG250_2026_01_01
01054023,Drage,01,01054,1,true,true,2026-01-01,BKG_VG250_2026_01_01
01054024,Drelsdorf,01,01054,1,true,true,2026-01-01,BKG_VG250_2026_01_01
01054025,Dunsum,01,01054,1,true,true,2026-01-01,BKG_VG250_2026_01_01
01054026,Elisabeth-Sophien-Koog,01,01054,1,true,true,2026-01-01,BKG_VG250_2026_01_01
01054027,Ellhöft,01,01054,1,true,true,2026-01-01,BKG_VG250_2026_01_01
01054032,Fresendelf,01,01054,1,true,true,2026-01-01,BKG_VG250_2026_01_01
01054033,Friedrichstadt,01,01054,1,true,true,2026-01-01,BKG_VG250_2026_01_01
01054034,Friedrich-Wilhelm-Lübke-Koog,01,01054,1,true,true,2026-01-01,BKG_VG250_2026_01_01
01054035,Kirchspiel Garding,01,01054,1,true,true,2026-01-01,BKG_VG250_2026_01_01
01054036,Garding,01,01054,1,true,true,2026-01-01,BKG_VG250_2026_01_01
01054037,Goldebek,01,01054,1,true,true,2026-01-01,BKG_VG250_2026_01_01
01054038,Goldelund,01,01054,1,true,true,2026-01-01,BKG_VG250_2026_01_01
01054039,Gröde,01,01054,2,true,true,2026-01-01,BKG_VG250_2026_01_01
01054040,Grothusenkoog,01,01054,1,true,true,2026-01-01,BKG_VG250_2026_01_01
01054041,Haselund,01,01054,1,true,true,2026-01-01,BKG_VG250_2026_01_01
01054042,Hattstedt,01,01054,1,true,true,2026-01-01,BKG_VG250_2026_01_01
01054043,Hattstedtermarsch,01,01054,1,true,true,2026-01-01,BKG_VG250_2026_01_01
01054045,Högel,01,01054,1,true,true,2026-01-01,BKG_VG250_2026_01_01
01054046,Hörnum (Sylt),01,01054,2,true,true,2026-01-01,BKG_VG250_2026_01_01
01054048,Holm,01,01054,1,true,true,2026-01-01,BKG_VG250_2026_01_01
01054050,Hallig Hooge,01,01054,1,true,true,2026-01-01,BKG_VG250_2026_01_01
01054052,Horstedt,01,01054,1,true,true,2026-01-01,BKG_VG250_2026_01_01
01054054,Hude,01,01054,1,true,true,2026-01-01,BKG_VG250_2026_01_01
01054055,Humptrup,01,01054,1,true,true,2026-01-01,BKG_VG250_2026_01_01
01054056,Husum,01,01054,2,true,true,2026-01-01,BKG_VG250_2026_01_01
01054057,Immenstedt,01,01054,1,true,true,2026-01-01,BKG_VG250_2026_01_01
01054059,Joldelund,01,01054,1,true,true,2026-01-01,BKG_VG250_2026_01_01
01054061,Kampen (Sylt),01,01054,1,true,true,2026-01-01,BKG_VG250_2026_01_01
01054062,Karlum,01,01054,1,true,true,2026-01-01,BKG_VG250_2026_01_01
01054063,Katharinenheerd,01,01054,1,true,true,2026-01-01,BKG_VG250_2026_01_01
01054065,Klanxbüll,01,01054,1,true,true,2026-01-01,BKG_VG250_2026_01_01
01054068,Klixbüll,01,01054,1,true,true,2026-01-01,BKG_VG250_2026_01_01
01054070,Koldenbüttel,01,01054,1,true,true,2026-01-01,BKG_VG250_2026_01_01
01054071,Kolkerheide,01,01054,1,true,true,2026-01-01,BKG_VG250_2026_01_01
01054072,Kotzenbüll,01,01054,1,true,true,2026-01-01,BKG_VG250_2026_01_01
01054073,Ladelund,01,01054,1,true,true,2026-01-01,BKG_VG250_2026_01_01
01054074,Langeneß,01,01054,2,true,true,2026-01-01,BKG_VG250_2026_01_01
01054075,Langenhorn,01,01054,1,true,true,2026-01-01,BKG_VG250_2026_01_01
01054076,Leck,01,01054,1,true,true,2026-01-01,BKG_VG250_2026_01_01
01054077,Lexgaard,01,01054,1,true,true,2026-01-01,BKG_VG250_2026_01_01
01054078,List auf Sylt,01,01054,1,true,true,2026-01-01,BKG_VG250_2026_01_01
01054079,Löwenstedt,01,01054,1,true,true,2026-01-01,BKG_VG250_2026_01_01
01054080,Lütjenholm,01,01054,1,true,true,2026-01-01,BKG_VG250_2026_01_01
01054083,Midlum,01,01054,2,true,true,2026-01-01,BKG_VG250_2026_01_01
01054084,Mildstedt,01,01054,1,true,true,2026-01-01,BKG_VG250_2026_01_01
01054085,Nebel,01,01054,1,true,true,2026-01-01,BKG_VG250_2026_01_01
01054086,Neukirchen,01,01054,1,true,true,2026-01-01,BKG_VG250_2026_01_01
01054087,Nieblum,01,01054,1,true,true,2026-01-01,BKG_VG250_2026_01_01
01054088,Niebüll,01,01054,1,true,true,2026-01-01,BKG_VG250_2026_01_01
01054089,Norddorf auf Amrum,01,01054,2,true,true,2026-01-01,BKG_VG250_2026_01_01
01054090,Norderfriedrichskoog,01,01054,1,true,true,2026-01-01,BKG_VG250_2026_01_01
01054091,Nordstrand,01,01054,2,true,true,2026-01-01,BKG_VG250_2026_01_01
01054092,Norstedt,01,01054,1,true,true,2026-01-01,BKG_VG250_2026_01_01
01054093,Ockholm,01,01054,1,true,true,2026-01-01,BKG_VG250_2026_01_01
01054094,Oevenum,01,01054,1,true,true,2026-01-01,BKG_VG250_2026_01_01
01054095,Oldenswort,01,01054,1,true,true,2026-01-01,BKG_VG250_2026_01_01
01054096,Oldersbek,01,01054,1,true,true,2026-01-01,BKG_VG250_2026_01_01
01054097,Olderup,01,01054,1,true,true,2026-01-01,BKG_VG250_2026_01_01
01054098,Oldsum,01,01054,1,true,true,2026-01-01,BKG_VG250_2026_01_01
01054099,Ostenfeld (Husum),01,01054,1,true,true,2026-01-01,BKG_VG250_2026_01_01
01054100,Osterhever,01,01054,1,true,true,2026-01-01,BKG_VG250_2026_01_01
01054101,Oster-Ohrstedt,01,01054,1,true,true,2026-01-01,BKG_VG250_2026_01_01
01054103,Pellworm,01,01054,1,true,true,2026-01-01,BKG_VG250_2026_01_01
01054104,Poppenbüll,01,01054,1,true,true,2026-01-01,BKG_VG250_2026_01_01
01054105,Ramstedt,01,01054,1,true,true,2026-01-01,BKG_VG250_2026_01_01
01054106,Rantrum,01,01054,1,true,true,2026-01-01,BKG_VG250_2026_01_01
01054108,Reußenköge,01,01054,1,true,true,2026-01-01,BKG_VG250_2026_01_01
01054109,Risum-Lindholm,01,01054,1,true,true,2026-01-01,BKG_VG250_2026_01_01
01054110,Rodenäs,01,01054,1,true,true,2026-01-01,BKG_VG250_2026_01_01
01054113,Sankt Peter-Ording,01,01054,1,true,true,2026-01-01,BKG_VG250_2026_01_01
01054116,Schwabstedt,01,01054,1,true,true,2026-01-01,BKG_VG250_2026_01_01
01054118,Schwesing,01,01054,1,true,true,2026-01-01,BKG_VG250_2026_01_01
01054119,Seeth,01,01054,1,true,true,2026-01-01,BKG_VG250_2026_01_01
01054120,Simonsberg,01,01054,1,true,true,2026-01-01,BKG_VG250_2026_01_01
01054121,Sönnebüll,01,01054,1,true,true,2026-01-01,BKG_VG250_2026_01_01
01054123,Sollwitt,01,01054,1,true,true,2026-01-01,BKG_VG250_2026_01_01
01054124,Sprakebüll,01,01054,1,true,true,2026-01-01,BKG_VG250_2026_01_01
01054125,Stadum,01,01054,1,true,true,2026-01-01,BKG_VG250_2026_01_01
01054126,Stedesand,01,01054,1,true,true,2026-01-01,BKG_VG250_2026_01_01
01054128,Struckum,01,01054,1,true,true,2026-01-01,BKG_VG250_2026_01_01
01054129,Süderende,01,01054,1,true,true,2026-01-01,BKG_VG250_2026_01_01
01054130,Süderhöft,01,01054,1,true,true,2026-01-01,BKG_VG250_2026_01_01
01054131,Süderlügum,01,01054,1,true,true,2026-01-01,BKG_VG250_2026_01_01
01054132,Südermarsch,01,01054,1,true,true,2026-01-01,BKG_VG250_2026_01_01
01054134,Tating,01,01054,1,true,true,2026-01-01,BKG_VG250_2026_01_01
01054135,Tetenbüll,01,01054,1,true,true,2026-01-01,BKG_VG250_2026_01_01
01054136,Tinningstedt,01,01054,1,true,true,2026-01-01,BKG_VG250_2026_01_01
01054138,Tönning,01,01054,1,true,true,2026-01-01,BKG_VG250_2026_01_01
01054140,Tümlauer Koog,01,01054,1,true,true,2026-01-01,BKG_VG250_2026_01_01
01054141,Uelvesbüll,01,01054,1,true,true,2026-01-01,BKG_VG250_2026_01_01
01054142,Uphusum,01,01054,1,true,true,2026-01-01,BKG_VG250_2026_01_01
01054143,Utersum,01,01054,1,true,true,2026-01-01,BKG_VG250_2026_01_01
01054144,Viöl,01,01054,1,true,true,2026-01-01,BKG_VG250_2026_01_01
01054145,Vollerwiek,01,01054,1,true,true,2026-01-01,BKG_VG250_2026_01_01
01054146,Vollstedt,01,01054,1,true,true,2026-01-01,BKG_VG250_2026_01_01
01054148,Welt,01,01054,1,true,true,2026-01-01,BKG_VG250_2026_01_01
01054149,Wenningstedt-Braderup (Sylt),01,01054,1,true,true,2026-01-01,BKG_VG250_2026_01_01
01054150,Westerhever,01,01054,2,true,true,2026-01-01,BKG_VG250_2026_01_01
01054152,Wester-Ohrstedt,01,01054,1,true,true,2026-01-01,BKG_VG250_2026_01_01
01054154,Westre,01,01054,1,true,true,2026-01-01,BKG_VG250_2026_01_01
01054156,Winnert,01,01054,1,true,true,2026-01-01,BKG_VG250_2026_01_01
01054157,Wisch,01,01054,1,true,true,2026-01-01,BKG_VG250_2026_01_01
01054158,Witsum,01,01054,1,true,true,2026-01-01,BKG_VG250_2026_01_01
01054159,Wittbek,01,01054,1,true,true,2026-01-01,BKG_VG250_2026_01_01
01054160,Wittdün auf Amrum,01,01054,2,true,true,2026-01-01,BKG_VG250_2026_01_01
01054161,Witzwort,01,01054,1,true,true,2026-01-01,BKG_VG250_2026_01_01
01054162,Wobbenbüll,01,01054,1,true,true,2026-01-01,BKG_VG250_2026_01_01
01054163,Wrixum,01,01054,1,true,true,2026-01-01,BKG_VG250_2026_01_01
01054164,Wyk auf Föhr,01,01054,2,true,true,2026-01-01,BKG_VG250_2026_01_01
01054165,Galmsbüll,01,01054,1,true,true,2026-01-01,BKG_VG250_2026_01_01
01054166,Emmelsbüll-Horsbüll,01,01054,1,true,true,2026-01-01,BKG_VG250_2026_01_01
01054167,Enge-Sande,01,01054,1,true,true,2026-01-01,BKG_VG250_2026_01_01
01054168,Sylt,01,01054,1,true,true,2026-01-01,BKG_VG250_2026_01_01
01055001,Ahrensbök,01,01055,1,true,true,2026-01-01,BKG_VG250_2026_01_01
01055002,Altenkrempe,01,01055,1,true,true,2026-01-01,BKG_VG250_2026_01_01
01055004,Bad Schwartau,01,01055,1,true,true,2026-01-01,BKG_VG250_2026_01_01
01055006,Beschendorf,01,01055,1,true,true,2026-01-01,BKG_VG250_2026_01_01
01055007,Bosau,01,01055,1,true,true,2026-01-01,BKG_VG250_2026_01_01
01055010,Dahme,01,01055,1,true,true,2026-01-01,BKG_VG250_2026_01_01
01055011,Damlos,01,01055,1,true,true,2026-01-01,BKG_VG250_2026_01_01
01055012,Eutin,01,01055,1,true,true,2026-01-01,BKG_VG250_2026_01_01
01055014,Göhl,01,01055,1,true,true,2026-01-01,BKG_VG250_2026_01_01
01055015,Gremersdorf,01,01055,1,true,true,2026-01-01,BKG_VG250_2026_01_01
01055016,Grömitz,01,01055,2,true,true,2026-01-01,BKG_VG250_2026_01_01
01055017,Großenbrode,01,01055,2,true,true,2026-01-01,BKG_VG250_2026_01_01
01055018,Grube,01,01055,1,true,true,2026-01-01,BKG_VG250_2026_01_01
01055020,Harmsdorf,01,01055,1,true,true,2026-01-01,BKG_VG250_2026_01_01
01055021,Heiligenhafen,01,01055,2,true,true,2026-01-01,BKG_VG250_2026_01_01
01055022,Heringsdorf,01,01055,1,true,true,2026-01-01,BKG_VG250_2026_01_01
01055023,Kabelhorst,01,01055,1,true,true,2026-01-01,BKG_VG250_2026_01_01
01055024,Kasseedorf,01,01055,1,true,true,2026-01-01,BKG_VG250_2026_01_01
01055025,Kellenhusen (Ostsee),01,01055,1,true,true,2026-01-01,BKG_VG250_2026_01_01
01055027,Lensahn,01,01055,1,true,true,2026-01-01,BKG_VG250_2026_01_01
01055028,Malente,01,01055,1,true,true,2026-01-01,BKG_VG250_2026_01_01
01055029,Manhagen,01,01055,1,true,true,2026-01-01,BKG_VG250_2026_01_01
01055031,Neukirchen,01,01055,2,true,true,2026-01-01,BKG_VG250_2026_01_01
01055032,Neustadt in Holstein,01,01055,2,true,true,2026-01-01,BKG_VG250_2026_01_01
01055033,Oldenburg in Holstein,01,01055,1,true,true,2026-01-01,BKG_VG250_2026_01_01
01055035,Ratekau,01,01055,1,true,true,2026-01-01,BKG_VG250_2026_01_01
01055036,Riepsdorf,01,01055,1,true,true,2026-01-01,BKG_VG250_2026_01_01
01055037,Schashagen,01,01055,1,true,true,2026-01-01,BKG_VG250_2026_01_01
01055038,Schönwalde am Bungsberg,01,01055,1,true,true,2026-01-01,BKG_VG250_2026_01_01
01055039,Sierksdorf,01,01055,1,true,true,2026-01-01,BKG_VG250_2026_01_01
01055040,Stockelsdorf,01,01055,1,true,true,2026-01-01,BKG_VG250_2026_01_01
01055041,Süsel,01,01055,1,true,true,2026-01-01,BKG_VG250_2026_01_01
01055042,Timmendorfer Strand,01,01055,1,true,true,2026-01-01,BKG_VG250_2026_01_01
01055043,Wangels,01,01055,1,true,true,2026-01-01,BKG_VG250_2026_01_01
01055044,Scharbeutz,01,01055,2,true,true,2026-01-01,BKG_VG250_2026_01_01
01055046,Fehmarn,01,01055,2,true,true,2026-01-01,BKG_VG250_2026_01_01
01056001,Appen,01,01056,1,true,true,2026-01-01,BKG_VG250_2026_01_01
01056002,Barmstedt,01,01056,1,true,true,2026-01-01,BKG_VG250_2026_01_01
01056003,Bevern,01,01056,1,true,true,2026-01-01,BKG_VG250_2026_01_01
01056004,Bilsen,01,01056,1,true,true,2026-01-01,BKG_VG250_2026_01_01
01056005,Bönningstedt,01,01056,1,true,true,2026-01-01,BKG_VG250_2026_01_01
01056006,Bokel,01,01056,1,true,true,2026-01-01,BKG_VG250_2026_01_01
01056008,Bokholt-Hanredder,01,01056,1,true,true,2026-01-01,BKG_VG250_2026_01_01
01056009,Borstel-Hohenraden,01,01056,1,true,true,2026-01-01,BKG_VG250_2026_01_01
01056010,Brande-Hörnerkirchen,01,01056,1,true,true,2026-01-01,BKG_VG250_2026_01_01
01056011,Bullenkuhlen,01,01056,1,true,true,2026-01-01,BKG_VG250_2026_01_01
01056013,Ellerbek,01,01056,1,true,true,2026-01-01,BKG_VG250_2026_01_01
01056014,Ellerhoop,01,01056,1,true,true,2026-01-01,BKG_VG250_2026_01_01
01056015,Elmshorn,01,01056,1,true,true,2026-01-01,BKG_VG250_2026_01_01
01056016,Groß Nordende,01,01056,1,true,true,2026-01-01,BKG_VG250_2026_01_01
01056017,Groß Offenseth-Aspern,01,01056,1,true,true,2026-01-01,BKG_VG250_2026_01_01
01056018,Halstenbek,01,01056,1,true,true,2026-01-01,BKG_VG250_2026_01_01
01056019,Haselau,01,01056,2,true,true,2026-01-01,BKG_VG250_2026_01_01
01056020,Haseldorf,01,01056,1,true,true,2026-01-01,BKG_VG250_2026_01_01
01056021,Hasloh,01,01056,1,true,true,2026-01-01,BKG_VG250_2026_01_01
01056022,Heede,01,01056,1,true,true,2026-01-01,BKG_VG250_2026_01_01
01056023,Heidgraben,01,01056,1,true,true,2026-01-01,BKG_VG250_2026_01_01
01056024,Heist,01,01056,1,true,true,2026-01-01,BKG_VG250_2026_01_01
01056025,Helgoland,01,01056,2,true,true,2026-01-01,BKG_VG250_2026_01_01
01056026,Hemdingen,01,01056,1,true,true,2026-01-01,BKG_VG250_2026_01_01
01056027,Hetlingen,01,01056,2,true,true,2026-01-01,BKG_VG250_2026_01_01
01056028,Holm,01,01056,1,true,true,2026-01-01,BKG_VG250_2026_01_01
01056029,Klein Nordende,01,01056,1,true,true,2026-01-01,BKG_VG250_2026_01_01
01056030,Klein Offenseth-Sparrieshoop,01,01056,1,true,true,2026-01-01,BKG_VG250_2026_01_01
01056031,Kölln-Reisiek,01,01056,1,true,true,2026-01-01,BKG_VG250_2026_01_01
01056032,Kummerfeld,01,01056,1,true,true,2026-01-01,BKG_VG250_2026_01_01
01056033,Seester,01,01056,1,true,true,2026-01-01,BKG_VG250_2026_01_01
01056034,Langeln,01,01056,1,true,true,2026-01-01,BKG_VG250_2026_01_01
01056035,Lutzhorn,01,01056,1,true,true,2026-01-01,BKG_VG250_2026_01_01
01056036,Moorrege,01,01056,1,true,true,2026-01-01,BKG_VG250_2026_01_01
01056037,Neuendeich,01,01056,1,true,true,2026-01-01,BKG_VG250_2026_01_01
01056038,Osterhorn,01,01056,1,true,true,2026-01-01,BKG_VG250_2026_01_01
01056039,Pinneberg,01,01056,1,true,true,2026-01-01,BKG_VG250_2026_01_01
01056040,Prisdorf,01,01056,1,true,true,2026-01-01,BKG_VG250_2026_01_01
01056041,Quickborn,01,01056,1,true,true,2026-01-01,BKG_VG250_2026_01_01
01056042,Raa-Besenbek,01,01056,1,true,true,2026-01-01,BKG_VG250_2026_01_01
01056043,Rellingen,01,01056,1,true,true,2026-01-01,BKG_VG250_2026_01_01
01056044,Schenefeld,01,01056,1,true,true,2026-01-01,BKG_VG250_2026_01_01
01056045,Seestermühe,01,01056,2,true,true,2026-01-01,BKG_VG250_2026_01_01
01056046,Seeth-Ekholt,01,01056,1,true,true,2026-01-01,BKG_VG250_2026_01_01
01056047,Tangstedt,01,01056,1,true,true,2026-01-01,BKG_VG250_2026_01_01
01056048,Tornesch,01,01056,1,true,true,2026-01-01,BKG_VG250_2026_01_01
01056049,Uetersen,01,01056,1,true,true,2026-01-01,BKG_VG250_2026_01_01
01056050,Wedel,01,01056,2,true,true,2026-01-01,BKG_VG250_2026_01_01
01056051,Westerhorn,01,01056,1,true,true,2026-01-01,BKG_VG250_2026_01_01
01057001,Ascheberg (Holstein),01,01057,1,true,true,2026-01-01,BKG_VG250_2026_01_01
01057002,Barmissen,01,01057,1,true,true,2026-01-01,BKG_VG250_2026_01_01
01057003,Barsbek,01,01057,1,true,true,2026-01-01,BKG_VG250_2026_01_01
01057004,Behrensdorf (Ostsee),01,01057,1,true,true,2026-01-01,BKG_VG250_2026_01_01
01057005,Belau,01,01057,1,true,true,2026-01-01,BKG_VG250_2026_01_01
01057006,Bendfeld,01,01057,1,true,true,2026-01-01,BKG_VG250_2026_01_01
01057007,Blekendorf,01,01057,1,true,true,2026-01-01,BKG_VG250_2026_01_01
01057008,Bönebüttel,01,01057,1,true,true,2026-01-01,BKG_VG250_2026_01_01
01057009,Bösdorf,01,01057,1,true,true,2026-01-01,BKG_VG250_2026_01_01
01057010,Boksee,01,01057,1,true,true,2026-01-01,BKG_VG250_2026_01_01
01057011,Bothkamp,01,01057,1,true,true,2026-01-01,BKG_VG250_2026_01_01
01057012,Brodersdorf,01,01057,1,true,true,2026-01-01,BKG_VG250_2026_01_01
01057013,Dannau,01,01057,1,true,true,2026-01-01,BKG_VG250_2026_01_01
01057015,Dersau,01,01057,1,true,true,2026-01-01,BKG_VG250_2026_01_01
01057016,Dobersdorf,01,01057,1,true,true,2026-01-01,BKG_VG250_2026_01_01
01057017,Dörnick,01,01057,1,true,true,2026-01-01,BKG_VG250_2026_01_01
01057018,Fahren,01,01057,1,true,true,2026-01-01,BKG_VG250_2026_01_01
01057020,Fiefbergen,01,01057,1,true,true,2026-01-01,BKG_VG250_2026_01_01
01057021,Giekau,01,01057,1,true,true,2026-01-01,BKG_VG250_2026_01_01
01057022,Grebin,01,01057,1,true,true,2026-01-01,BKG_VG250_2026_01_01
01057023,Großbarkau,01,01057,1,true,true,2026-01-01,BKG_VG250_2026_01_01
01057024,Großharrie,01,01057,1,true,true,2026-01-01,BKG_VG250_2026_01_01
01057025,Heikendorf,01,01057,1,true,true,2026-01-01,BKG_VG250_2026_01_01
01057026,Helmstorf,01,01057,1,true,true,2026-01-01,BKG_VG250_2026_01_01
01057027,Högsdorf,01,01057,1,true,true,2026-01-01,BKG_VG250_2026_01_01
01057028,Höhndorf,01,01057,1,true,true,2026-01-01,BKG_VG250_2026_01_01
01057029,Hohenfelde,01,01057,1,true,true,2026-01-01,BKG_VG250_2026_01_01
01057030,Hohwacht (Ostsee),01,01057,1,true,true,2026-01-01,BKG_VG250_2026_01_01
01057031,Honigsee,01,01057,1,true,true,2026-01-01,BKG_VG250_2026_01_01
01057032,Kalübbe,01,01057,1,true,true,2026-01-01,BKG_VG250_2026_01_01
01057033,Kirchbarkau,01,01057,1,true,true,2026-01-01,BKG_VG250_2026_01_01
01057034,Kirchnüchel,01,01057,1,true,true,2026-01-01,BKG_VG250_2026_01_01
01057035,Klamp,01,01057,1,true,true,2026-01-01,BKG_VG250_2026_01_01
01057037,Klein Barkau,01,01057,1,true,true,2026-01-01,BKG_VG250_2026_01_01
01057038,Kletkamp,01,01057,1,true,true,2026-01-01,BKG_VG250_2026_01_01
01057039,Köhn,01,01057,1,true,true,2026-01-01,BKG_VG250_2026_01_01
01057040,Krokau,01,01057,1,true,true,2026-01-01,BKG_VG250_2026_01_01
01057041,Krummbek,01,01057,1,true,true,2026-01-01,BKG_VG250_2026_01_01
01057042,Kühren,01,01057,1,true,true,2026-01-01,BKG_VG250_2026_01_01
01057043,Laboe,01,01057,2,true,true,2026-01-01,BKG_VG250_2026_01_01
01057044,Lammershagen,01,01057,1,true,true,2026-01-01,BKG_VG250_2026_01_01
01057045,Lebrade,01,01057,1,true,true,2026-01-01,BKG_VG250_2026_01_01
01057046,Lehmkuhlen,01,01057,1,true,true,2026-01-01,BKG_VG250_2026_01_01
01057047,Löptin,01,01057,1,true,true,2026-01-01,BKG_VG250_2026_01_01
01057048,Lütjenburg,01,01057,1,true,true,2026-01-01,BKG_VG250_2026_01_01
01057049,Lutterbek,01,01057,1,true,true,2026-01-01,BKG_VG250_2026_01_01
01057050,Martensrade,01,01057,1,true,true,2026-01-01,BKG_VG250_2026_01_01
01057051,Mönkeberg,01,01057,1,true,true,2026-01-01,BKG_VG250_2026_01_01
01057052,Mucheln,01,01057,1,true,true,2026-01-01,BKG_VG250_2026_01_01
01057053,Nehmten,01,01057,1,true,true,2026-01-01,BKG_VG250_2026_01_01
01057054,Nettelsee,01,01057,1,true,true,2026-01-01,BKG_VG250_2026_01_01
01057055,Panker,01,01057,1,true,true,2026-01-01,BKG_VG250_2026_01_01
01057056,Passade,01,01057,1,true,true,2026-01-01,BKG_VG250_2026_01_01
01057057,Plön,01,01057,1,true,true,2026-01-01,BKG_VG250_2026_01_01
01057058,Pohnsdorf,01,01057,1,true,true,2026-01-01,BKG_VG250_2026_01_01
01057059,Postfeld,01,01057,1,true,true,2026-01-01,BKG_VG250_2026_01_01
01057060,Prasdorf,01,01057,1,true,true,2026-01-01,BKG_VG250_2026_01_01
01057062,Preetz,01,01057,1,true,true,2026-01-01,BKG_VG250_2026_01_01
01057063,Probsteierhagen,01,01057,1,true,true,2026-01-01,BKG_VG250_2026_01_01
01057065,Rantzau,01,01057,1,true,true,2026-01-01,BKG_VG250_2026_01_01
01057066,Rastorf,01,01057,1,true,true,2026-01-01,BKG_VG250_2026_01_01
01057067,Rathjensdorf,01,01057,1,true,true,2026-01-01,BKG_VG250_2026_01_01
01057068,Rendswühren,01,01057,1,true,true,2026-01-01,BKG_VG250_2026_01_01
01057069,Ruhwinkel,01,01057,1,true,true,2026-01-01,BKG_VG250_2026_01_01
01057070,Schellhorn,01,01057,1,true,true,2026-01-01,BKG_VG250_2026_01_01
01057071,Schillsdorf,01,01057,1,true,true,2026-01-01,BKG_VG250_2026_01_01
01057072,Schlesen,01,01057,1,true,true,2026-01-01,BKG_VG250_2026_01_01
01057073,Schönberg (Holstein),01,01057,1,true,true,2026-01-01,BKG_VG250_2026_01_01
01057074,Schönkirchen,01,01057,1,true,true,2026-01-01,BKG_VG250_2026_01_01
01057076,Schwartbuck,01,01057,1,true,true,2026-01-01,BKG_VG250_2026_01_01
01057077,Selent,01,01057,1,true,true,2026-01-01,BKG_VG250_2026_01_01
01057078,Stakendorf,01,01057,1,true,true,2026-01-01,BKG_VG250_2026_01_01
01057079,Stein,01,01057,2,true,true,2026-01-01,BKG_VG250_2026_01_01
01057080,Stolpe,01,01057,1,true,true,2026-01-01,BKG_VG250_2026_01_01
01057081,Stoltenberg,01,01057,1,true,true,2026-01-01,BKG_VG250_2026_01_01
01057082,Tröndel,01,01057,1,true,true,2026-01-01,BKG_VG250_2026_01_01
01057083,Tasdorf,01,01057,1,true,true,2026-01-01,BKG_VG250_2026_01_01
01057084,Wahlstorf,01,01057,1,true,true,2026-01-01,BKG_VG250_2026_01_01
01057085,Wankendorf,01,01057,1,true,true,2026-01-01,BKG_VG250_2026_01_01
01057086,Warnau,01,01057,1,true,true,2026-01-01,BKG_VG250_2026_01_01
01057087,Wendtorf,01,01057,2,true,true,2026-01-01,BKG_VG250_2026_01_01
01057088,Wisch,01,01057,1,true,true,2026-01-01,BKG_VG250_2026_01_01
01057089,Wittmoldt,01,01057,1,true,true,2026-01-01,BKG_VG250_2026_01_01
01057090,Fargau-Pratjau,01,01057,1,true,true,2026-01-01,BKG_VG250_2026_01_01
01057091,Schwentinental,01,01057,1,true,true,2026-01-01,BKG_VG250_2026_01_01
01058001,Achterwehr,01,01058,1,true,true,2026-01-01,BKG_VG250_2026_01_01
01058003,Alt Duvenstedt,01,01058,1,true,true,2026-01-01,BKG_VG250_2026_01_01
01058004,Altenhof,01,01058,2,true,true,2026-01-01,BKG_VG250_2026_01_01
01058005,Altenholz,01,01058,1,true,true,2026-01-01,BKG_VG250_2026_01_01
01058007,Arpsdorf,01,01058,1,true,true,2026-01-01,BKG_VG250_2026_01_01
01058008,Ascheffel,01,01058,1,true,true,2026-01-01,BKG_VG250_2026_01_01
01058009,Aukrug,01,01058,1,true,true,2026-01-01,BKG_VG250_2026_01_01
01058010,Bargstall,01,01058,1,true,true,2026-01-01,BKG_VG250_2026_01_01
01058011,Bargstedt,01,01058,1,true,true,2026-01-01,BKG_VG250_2026_01_01
01058012,Barkelsby,01,01058,1,true,true,2026-01-01,BKG_VG250_2026_01_01
01058013,Beldorf,01,01058,1,true,true,2026-01-01,BKG_VG250_2026_01_01
01058014,Bendorf,01,01058,1,true,true,2026-01-01,BKG_VG250_2026_01_01
01058015,Beringstedt,01,01058,1,true,true,2026-01-01,BKG_VG250_2026_01_01
01058016,Bissee,01,01058,1,true,true,2026-01-01,BKG_VG250_2026_01_01
01058018,Blumenthal,01,01058,1,true,true,2026-01-01,BKG_VG250_2026_01_01
01058019,Böhnhusen,01,01058,1,true,true,2026-01-01,BKG_VG250_2026_01_01
01058021,Bokel,01,01058,1,true,true,2026-01-01,BKG_VG250_2026_01_01
01058022,Bordesholm,01,01058,1,true,true,2026-01-01,BKG_VG250_2026_01_01
01058023,Borgdorf-Seedorf,01,01058,1,true,true,2026-01-01,BKG_VG250_2026_01_01
01058024,Borgstedt,01,01058,1,true,true,2026-01-01,BKG_VG250_2026_01_01
01058025,Bornholt,01,01058,1,true,true,2026-01-01,BKG_VG250_2026_01_01
01058026,Bovenau,01,01058,1,true,true,2026-01-01,BKG_VG250_2026_01_01
01058027,Brammer,01,01058,1,true,true,2026-01-01,BKG_VG250_2026_01_01
01058028,Bredenbek,01,01058,1,true,true,2026-01-01,BKG_VG250_2026_01_01
01058029,Breiholz,01,01058,1,true,true,2026-01-01,BKG_VG250_2026_01_01
01058030,Brekendorf,01,01058,1,true,true,2026-01-01,BKG_VG250_2026_01_01
01058031,Brinjahe,01,01058,1,true,true,2026-01-01,BKG_VG250_2026_01_01
01058032,Brodersby,01,01058,1,true,true,2026-01-01,BKG_VG250_2026_01_01
01058033,Brügge,01,01058,1,true,true,2026-01-01,BKG_VG250_2026_01_01
01058034,Büdelsdorf,01,01058,1,true,true,2026-01-01,BKG_VG250_2026_01_01
01058035,Bünsdorf,01,01058,1,true,true,2026-01-01,BKG_VG250_2026_01_01
01058036,Christiansholm,01,01058,1,true,true,2026-01-01,BKG_VG250_2026_01_01
01058037,Dänischenhagen,01,01058,1,true,true,2026-01-01,BKG_VG250_2026_01_01
01058038,Dätgen,01,01058,1,true,true,2026-01-01,BKG_VG250_2026_01_01
01058039,Damendorf,01,01058,1,true,true,2026-01-01,BKG_VG250_2026_01_01
01058040,Damp,01,01058,2,true,true,2026-01-01,BKG_VG250_2026_01_01
01058042,Dörphof,01,01058,1,true,true,2026-01-01,BKG_VG250_2026_01_01
01058043,Eckernförde,01,01058,2,true,true,2026-01-01,BKG_VG250_2026_01_01
01058044,Ehndorf,01,01058,1,true,true,2026-01-01,BKG_VG250_2026_01_01
01058045,Eisendorf,01,01058,1,true,true,2026-01-01,BKG_VG250_2026_01_01
01058046,Ellerdorf,01,01058,1,true,true,2026-01-01,BKG_VG250_2026_01_01
01058047,Elsdorf-Westermühlen,01,01058,1,true,true,2026-01-01,BKG_VG250_2026_01_01
01058048,Embühren,01,01058,1,true,true,2026-01-01,BKG_VG250_2026_01_01
01058049,Emkendorf,01,01058,1,true,true,2026-01-01,BKG_VG250_2026_01_01
01058050,Felde,01,01058,1,true,true,2026-01-01,BKG_VG250_2026_01_01
01058051,Felm,01,01058,1,true,true,2026-01-01,BKG_VG250_2026_01_01
01058052,Fleckeby,01,01058,2,true,true,2026-01-01,BKG_VG250_2026_01_01
01058053,Flintbek,01,01058,1,true,true,2026-01-01,BKG_VG250_2026_01_01
01058054,Fockbek,01,01058,1,true,true,2026-01-01,BKG_VG250_2026_01_01
01058055,Friedrichsgraben,01,01058,1,true,true,2026-01-01,BKG_VG250_2026_01_01
01058056,Friedrichsholm,01,01058,1,true,true,2026-01-01,BKG_VG250_2026_01_01
01058057,Gammelby,01,01058,1,true,true,2026-01-01,BKG_VG250_2026_01_01
01058058,Gettorf,01,01058,1,true,true,2026-01-01,BKG_VG250_2026_01_01
01058059,Gnutz,01,01058,1,true,true,2026-01-01,BKG_VG250_2026_01_01
01058061,Gokels,01,01058,1,true,true,2026-01-01,BKG_VG250_2026_01_01
01058062,Grauel,01,01058,1,true,true,2026-01-01,BKG_VG250_2026_01_01
01058063,Grevenkrug,01,01058,1,true,true,2026-01-01,BKG_VG250_2026_01_01
01058064,Groß Buchwald,01,01058,1,true,true,2026-01-01,BKG_VG250_2026_01_01
01058065,Groß Vollstedt,01,01058,1,true,true,2026-01-01,BKG_VG250_2026_01_01
01058066,Groß Wittensee,01,01058,1,true,true,2026-01-01,BKG_VG250_2026_01_01
01058067,Güby,01,01058,2,true,true,2026-01-01,BKG_VG250_2026_01_01
01058068,Haale,01,01058,1,true,true,2026-01-01,BKG_VG250_2026_01_01
01058069,Haby,01,01058,1,true,true,2026-01-01,BKG_VG250_2026_01_01
01058070,Hamdorf,01,01058,1,true,true,2026-01-01,BKG_VG250_2026_01_01
01058071,Hamweddel,01,01058,1,true,true,2026-01-01,BKG_VG250_2026_01_01
01058072,Hanerau-Hademarschen,01,01058,1,true,true,2026-01-01,BKG_VG250_2026_01_01
01058073,Haßmoor,01,01058,1,true,true,2026-01-01,BKG_VG250_2026_01_01
01058074,Heinkenborstel,01,01058,1,true,true,2026-01-01,BKG_VG250_2026_01_01
01058075,Hörsten,01,01058,1,true,true,2026-01-01,BKG_VG250_2026_01_01
01058076,Hoffeld,01,01058,1,true,true,2026-01-01,BKG_VG250_2026_01_01
01058077,Hohenwestedt,01,01058,1,true,true,2026-01-01,BKG_VG250_2026_01_01
01058078,Hohn,01,01058,1,true,true,2026-01-01,BKG_VG250_2026_01_01
01058080,Holtsee,01,01058,1,true,true,2026-01-01,BKG_VG250_2026_01_01
01058081,Holzbunge,01,01058,1,true,true,2026-01-01,BKG_VG250_2026_01_01
01058082,Holzdorf,01,01058,1,true,true,2026-01-01,BKG_VG250_2026_01_01
01058083,Hütten,01,01058,1,true,true,2026-01-01,BKG_VG250_2026_01_01
01058084,Hummelfeld,01,01058,1,true,true,2026-01-01,BKG_VG250_2026_01_01
01058085,Jahrsdorf,01,01058,1,true,true,2026-01-01,BKG_VG250_2026_01_01
01058086,Jevenstedt,01,01058,1,true,true,2026-01-01,BKG_VG250_2026_01_01
01058087,Karby,01,01058,1,true,true,2026-01-01,BKG_VG250_2026_01_01
01058088,Klein Wittensee,01,01058,1,true,true,2026-01-01,BKG_VG250_2026_01_01
01058089,Königshügel,01,01058,1,true,true,2026-01-01,BKG_VG250_2026_01_01
01058090,Kosel,01,01058,2,true,true,2026-01-01,BKG_VG250_2026_01_01
01058091,Krogaspe,01,01058,1,true,true,2026-01-01,BKG_VG250_2026_01_01
01058092,Kronshagen,01,01058,1,true,true,2026-01-01,BKG_VG250_2026_01_01
01058093,Krummwisch,01,01058,1,true,true,2026-01-01,BKG_VG250_2026_01_01
01058094,Langwedel,01,01058,1,true,true,2026-01-01,BKG_VG250_2026_01_01
01058096,Lindau,01,01058,1,true,true,2026-01-01,BKG_VG250_2026_01_01
01058097,Lohe-Föhrden,01,01058,1,true,true,2026-01-01,BKG_VG250_2026_01_01
01058098,Loop,01,01058,1,true,true,2026-01-01,BKG_VG250_2026_01_01
01058099,Loose,01,01058,1,true,true,2026-01-01,BKG_VG250_2026_01_01
01058100,Lütjenwestedt,01,01058,1,true,true,2026-01-01,BKG_VG250_2026_01_01
01058101,Luhnstedt,01,01058,1,true,true,2026-01-01,BKG_VG250_2026_01_01
01058102,Goosefeld,01,01058,1,true,true,2026-01-01,BKG_VG250_2026_01_01
01058103,Meezen,01,01058,1,true,true,2026-01-01,BKG_VG250_2026_01_01
01058104,Melsdorf,01,01058,1,true,true,2026-01-01,BKG_VG250_2026_01_01
01058105,Mielkendorf,01,01058,1,true,true,2026-01-01,BKG_VG250_2026_01_01
01058106,Mörel,01,01058,1,true,true,2026-01-01,BKG_VG250_2026_01_01
01058107,Molfsee,01,01058,1,true,true,2026-01-01,BKG_VG250_2026_01_01
01058108,Mühbrook,01,01058,1,true,true,2026-01-01,BKG_VG250_2026_01_01
01058109,Negenharrie,01,01058,1,true,true,2026-01-01,BKG_VG250_2026_01_01
01058110,Neudorf-Bornstein,01,01058,1,true,true,2026-01-01,BKG_VG250_2026_01_01
01058111,Neu Duvenstedt,01,01058,1,true,true,2026-01-01,BKG_VG250_2026_01_01
01058112,Neuwittenbek,01,01058,1,true,true,2026-01-01,BKG_VG250_2026_01_01
01058113,Nienborstel,01,01058,1,true,true,2026-01-01,BKG_VG250_2026_01_01
01058115,Nindorf,01,01058,1,true,true,2026-01-01,BKG_VG250_2026_01_01
01058116,Noer,01,01058,1,true,true,2026-01-01,BKG_VG250_2026_01_01
01058117,Nortorf,01,01058,1,true,true,2026-01-01,BKG_VG250_2026_01_01
01058118,Nübbel,01,01058,1,true,true,2026-01-01,BKG_VG250_2026_01_01
01058119,Oldenbüttel,01,01058,1,true,true,2026-01-01,BKG_VG250_2026_01_01
01058120,Oldenhütten,01,01058,1,true,true,2026-01-01,BKG_VG250_2026_01_01
01058121,Osdorf,01,01058,1,true,true,2026-01-01,BKG_VG250_2026_01_01
01058122,Ostenfeld (Rendsburg),01,01058,1,true,true,2026-01-01,BKG_VG250_2026_01_01
01058123,Osterby,01,01058,1,true,true,2026-01-01,BKG_VG250_2026_01_01
01058124,Osterrönfeld,01,01058,1,true,true,2026-01-01,BKG_VG250_2026_01_01
01058125,Osterstedt,01,01058,1,true,true,2026-01-01,BKG_VG250_2026_01_01
01058126,Ottendorf,01,01058,1,true,true,2026-01-01,BKG_VG250_2026_01_01
01058127,Owschlag,01,01058,1,true,true,2026-01-01,BKG_VG250_2026_01_01
01058128,Padenstedt,01,01058,1,true,true,2026-01-01,BKG_VG250_2026_01_01
01058129,Prinzenmoor,01,01058,1,true,true,2026-01-01,BKG_VG250_2026_01_01
01058130,Quarnbek,01,01058,1,true,true,2026-01-01,BKG_VG250_2026_01_01
01058131,Rade b.Hohenwestedt,01,01058,1,true,true,2026-01-01,BKG_VG250_2026_01_01
01058132,Rade b.Rendsburg,01,01058,1,true,true,2026-01-01,BKG_VG250_2026_01_01
01058133,Reesdorf,01,01058,1,true,true,2026-01-01,BKG_VG250_2026_01_01
01058134,Remmels,01,01058,1,true,true,2026-01-01,BKG_VG250_2026_01_01
01058135,Rendsburg,01,01058,1,true,true,2026-01-01,BKG_VG250_2026_01_01
01058136,Rickert,01,01058,1,true,true,2026-01-01,BKG_VG250_2026_01_01
01058137,Rieseby,01,01058,2,true,true,2026-01-01,BKG_VG250_2026_01_01
01058138,Rodenbek,01,01058,1,true,true,2026-01-01,BKG_VG250_2026_01_01
01058139,Rumohr,01,01058,1,true,true,2026-01-01,BKG_VG250_2026_01_01
01058140,Schacht-Audorf,01,01058,1,true,true,2026-01-01,BKG_VG250_2026_01_01
01058141,Schierensee,01,01058,1,true,true,2026-01-01,BKG_VG250_2026_01_01
01058142,Schinkel,01,01058,1,true,true,2026-01-01,BKG_VG250_2026_01_01
01058143,Schmalstede,01,01058,1,true,true,2026-01-01,BKG_VG250_2026_01_01
01058144,Schönbek,01,01058,1,true,true,2026-01-01,BKG_VG250_2026_01_01
01058145,Schönhorst,01,01058,1,true,true,2026-01-01,BKG_VG250_2026_01_01
01058146,Schülldorf,01,01058,1,true,true,2026-01-01,BKG_VG250_2026_01_01
01058147,Schülp b.Nortorf,01,01058,1,true,true,2026-01-01,BKG_VG250_2026_01_01
01058148,Schülp b.Rendsburg,01,01058,1,true,true,2026-01-01,BKG_VG250_2026_01_01
01058150,Schwedeneck,01,01058,1,true,true,2026-01-01,BKG_VG250_2026_01_01
01058151,Seefeld,01,01058,1,true,true,2026-01-01,BKG_VG250_2026_01_01
01058152,Sehestedt,01,01058,1,true,true,2026-01-01,BKG_VG250_2026_01_01
01058153,Sören,01,01058,1,true,true,2026-01-01,BKG_VG250_2026_01_01
01058154,Sophienhamm,01,01058,1,true,true,2026-01-01,BKG_VG250_2026_01_01
01058155,Stafstedt,01,01058,1,true,true,2026-01-01,BKG_VG250_2026_01_01
01058156,Steenfeld,01,01058,1,true,true,2026-01-01,BKG_VG250_2026_01_01
01058157,Strande,01,01058,1,true,true,2026-01-01,BKG_VG250_2026_01_01
01058158,Tackesdorf,01,01058,1,true,true,2026-01-01,BKG_VG250_2026_01_01
01058159,Tappendorf,01,01058,1,true,true,2026-01-01,BKG_VG250_2026_01_01
01058160,Techelsdorf,01,01058,1,true,true,2026-01-01,BKG_VG250_2026_01_01
01058161,Thaden,01,01058,1,true,true,2026-01-01,BKG_VG250_2026_01_01
01058162,Thumby,01,01058,2,true,true,2026-01-01,BKG_VG250_2026_01_01
01058163,Timmaspe,01,01058,1,true,true,2026-01-01,BKG_VG250_2026_01_01
01058164,Todenbüttel,01,01058,1,true,true,2026-01-01,BKG_VG250_2026_01_01
01058165,Tüttendorf,01,01058,1,true,true,2026-01-01,BKG_VG250_2026_01_01
01058166,Waabs,01,01058,1,true,true,2026-01-01,BKG_VG250_2026_01_01
01058167,Wapelfeld,01,01058,1,true,true,2026-01-01,BKG_VG250_2026_01_01
01058168,Warder,01,01058,1,true,true,2026-01-01,BKG_VG250_2026_01_01
01058169,Wasbek,01,01058,1,true,true,2026-01-01,BKG_VG250_2026_01_01
01058170,Wattenbek,01,01058,1,true,true,2026-01-01,BKG_VG250_2026_01_01
01058171,Westensee,01,01058,1,true,true,2026-01-01,BKG_VG250_2026_01_01
01058172,Westerrönfeld,01,01058,1,true,true,2026-01-01,BKG_VG250_2026_01_01
01058173,Windeby,01,01058,1,true,true,2026-01-01,BKG_VG250_2026_01_01
01058174,Winnemark,01,01058,2,true,true,2026-01-01,BKG_VG250_2026_01_01
01058175,Ahlefeld-Bistensee,01,01058,1,true,true,2026-01-01,BKG_VG250_2026_01_01
01059001,Alt Bennebek,01,01059,1,true,true,2026-01-01,BKG_VG250_2026_01_01
01059002,Arnis,01,01059,2,true,true,2026-01-01,BKG_VG250_2026_01_01
01059005,Bergenhusen,01,01059,1,true,true,2026-01-01,BKG_VG250_2026_01_01
01059006,Böel,01,01059,1,true,true,2026-01-01,BKG_VG250_2026_01_01
01059008,Böklund,01,01059,1,true,true,2026-01-01,BKG_VG250_2026_01_01
01059009,Börm,01,01059,1,true,true,2026-01-01,BKG_VG250_2026_01_01
01059010,Bollingstedt,01,01059,1,true,true,2026-01-01,BKG_VG250_2026_01_01
01059012,Borgwedel,01,01059,2,true,true,2026-01-01,BKG_VG250_2026_01_01
01059018,Busdorf,01,01059,1,true,true,2026-01-01,BKG_VG250_2026_01_01
01059019,Dannewerk,01,01059,1,true,true,2026-01-01,BKG_VG250_2026_01_01
01059020,Dörpstedt,01,01059,1,true,true,2026-01-01,BKG_VG250_2026_01_01
01059023,Ellingstedt,01,01059,1,true,true,2026-01-01,BKG_VG250_2026_01_01
01059024,Erfde,01,01059,1,true,true,2026-01-01,BKG_VG250_2026_01_01
01059026,Fahrdorf,01,01059,2,true,true,2026-01-01,BKG_VG250_2026_01_01
01059032,Geltorf,01,01059,1,true,true,2026-01-01,BKG_VG250_2026_01_01
01059034,Grödersby,01,01059,2,true,true,2026-01-01,BKG_VG250_2026_01_01
01059035,Groß Rheide,01,01059,1,true,true,2026-01-01,BKG_VG250_2026_01_01
01059037,Havetoft,01,01059,1,true,true,2026-01-01,BKG_VG250_2026_01_01
01059039,Hollingstedt,01,01059,1,true,true,2026-01-01,BKG_VG250_2026_01_01
01059041,Hüsby,01,01059,1,true,true,2026-01-01,BKG_VG250_2026_01_01
01059042,Idstedt,01,01059,1,true,true,2026-01-01,BKG_VG250_2026_01_01
01059043,Jagel,01,01059,1,true,true,2026-01-01,BKG_VG250_2026_01_01
01059044,Jübek,01,01059,1,true,true,2026-01-01,BKG_VG250_2026_01_01
01059045,Kappeln,01,01059,2,true,true,2026-01-01,BKG_VG250_2026_01_01
01059049,Klappholz,01,01059,1,true,true,2026-01-01,BKG_VG250_2026_01_01
01059050,Klein Bennebek,01,01059,1,true,true,2026-01-01,BKG_VG250_2026_01_01
01059051,Klein Rheide,01,01059,1,true,true,2026-01-01,BKG_VG250_2026_01_01
01059053,Kropp,01,01059,1,true,true,2026-01-01,BKG_VG250_2026_01_01
01059055,Loit,01,01059,1,true,true,2026-01-01,BKG_VG250_2026_01_01
01059056,Lottorf,01,01059,1,true,true,2026-01-01,BKG_VG250_2026_01_01
01059057,Lürschau,01,01059,1,true,true,2026-01-01,BKG_VG250_2026_01_01
01059058,Meggerdorf,01,01059,1,true,true,2026-01-01,BKG_VG250_2026_01_01
01059060,Mohrkirch,01,01059,1,true,true,2026-01-01,BKG_VG250_2026_01_01
01059062,Neuberend,01,01059,1,true,true,2026-01-01,BKG_VG250_2026_01_01
01059063,Norderbrarup,01,01059,1,true,true,2026-01-01,BKG_VG250_2026_01_01
01059065,Nottfeld,01,01059,1,true,true,2026-01-01,BKG_VG250_2026_01_01
01059067,Oersberg,01,01059,1,true,true,2026-01-01,BKG_VG250_2026_01_01
01059068,Rabenkirchen-Faulück,01,01059,2,true,true,2026-01-01,BKG_VG250_2026_01_01
01059070,Rügge,01,01059,1,true,true,2026-01-01,BKG_VG250_2026_01_01
01059072,Saustrup,01,01059,1,true,true,2026-01-01,BKG_VG250_2026_01_01
01059073,Schaalby,01,01059,2,true,true,2026-01-01,BKG_VG250_2026_01_01
01059074,Scheggerott,01,01059,1,true,true,2026-01-01,BKG_VG250_2026_01_01
01059075,Schleswig,01,01059,2,true,true,2026-01-01,BKG_VG250_2026_01_01
01059076,Schnarup-Thumby,01,01059,1,true,true,2026-01-01,BKG_VG250_2026_01_01
01059077,Schuby,01,01059,1,true,true,2026-01-01,BKG_VG250_2026_01_01
01059078,Selk,01,01059,1,true,true,2026-01-01,BKG_VG250_2026_01_01
01059079,Silberstedt,01,01059,1,true,true,2026-01-01,BKG_VG250_2026_01_01
01059080,Steinfeld,01,01059,1,true,true,2026-01-01,BKG_VG250_2026_01_01
01059081,Stolk,01,01059,1,true,true,2026-01-01,BKG_VG250_2026_01_01
01059082,Struxdorf,01,01059,1,true,true,2026-01-01,BKG_VG250_2026_01_01
01059083,Süderbrarup,01,01059,1,true,true,2026-01-01,BKG_VG250_2026_01_01
01059084,Süderfahrenstedt,01,01059,1,true,true,2026-01-01,BKG_VG250_2026_01_01
01059086,Taarstedt,01,01059,1,true,true,2026-01-01,BKG_VG250_2026_01_01
01059087,Tetenhusen,01,01059,1,true,true,2026-01-01,BKG_VG250_2026_01_01
01059088,Tielen,01,01059,1,true,true,2026-01-01,BKG_VG250_2026_01_01
01059090,Tolk,01,01059,1,true,true,2026-01-01,BKG_VG250_2026_01_01
01059092,Treia,01,01059,1,true,true,2026-01-01,BKG_VG250_2026_01_01
01059093,Uelsby,01,01059,1,true,true,2026-01-01,BKG_VG250_2026_01_01
01059094,Ulsnis,01,01059,2,true,true,2026-01-01,BKG_VG250_2026_01_01
01059095,Wagersrott,01,01059,1,true,true,2026-01-01,BKG_VG250_2026_01_01
01059096,Wohlde,01,01059,1,true,true,2026-01-01,BKG_VG250_2026_01_01
01059097,Twedt,01,01059,1,true,true,2026-01-01,BKG_VG250_2026_01_01
01059098,Nübel,01,01059,1,true,true,2026-01-01,BKG_VG250_2026_01_01
01059102,Ahneby,01,01059,1,true,true,2026-01-01,BKG_VG250_2026_01_01
01059103,Ausacker,01,01059,1,true,true,2026-01-01,BKG_VG250_2026_01_01
01059105,Böxlund,01,01059,1,true,true,2026-01-01,BKG_VG250_2026_01_01
01059106,Dollerup,01,01059,1,true,true,2026-01-01,BKG_VG250_2026_01_01
01059107,Eggebek,01,01059,1,true,true,2026-01-01,BKG_VG250_2026_01_01
01059109,Esgrus,01,01059,1,true,true,2026-01-01,BKG_VG250_2026_01_01
01059112,Gelting,01,01059,2,true,true,2026-01-01,BKG_VG250_2026_01_01
01059113,Glücksburg (Ostsee),01,01059,2,true,true,2026-01-01,BKG_VG250_2026_01_01
01059115,Großenwiehe,01,01059,1,true,true,2026-01-01,BKG_VG250_2026_01_01
01059116,Großsolt,01,01059,1,true,true,2026-01-01,BKG_VG250_2026_01_01
01059118,Grundhof,01,01059,1,true,true,2026-01-01,BKG_VG250_2026_01_01
01059120,Harrislee,01,01059,2,true,true,2026-01-01,BKG_VG250_2026_01_01
01059121,Hasselberg,01,01059,1,true,true,2026-01-01,BKG_VG250_2026_01_01
01059123,Hörup,01,01059,1,true,true,2026-01-01,BKG_VG250_2026_01_01
01059124,Holt,01,01059,1,true,true,2026-01-01,BKG_VG250_2026_01_01
01059126,Hürup,01,01059,1,true,true,2026-01-01,BKG_VG250_2026_01_01
01059127,Husby,01,01059,1,true,true,2026-01-01,BKG_VG250_2026_01_01
01059128,Janneby,01,01059,1,true,true,2026-01-01,BKG_VG250_2026_01_01
01059129,Jardelund,01,01059,1,true,true,2026-01-01,BKG_VG250_2026_01_01
01059131,Jerrishoe,01,01059,1,true,true,2026-01-01,BKG_VG250_2026_01_01
01059132,Jörl,01,01059,1,true,true,2026-01-01,BKG_VG250_2026_01_01
01059136,Kronsgaard,01,01059,1,true,true,2026-01-01,BKG_VG250_2026_01_01
01059137,Langballig,01,01059,2,true,true,2026-01-01,BKG_VG250_2026_01_01
01059138,Langstedt,01,01059,1,true,true,2026-01-01,BKG_VG250_2026_01_01
01059142,Maasholm,01,01059,2,true,true,2026-01-01,BKG_VG250_2026_01_01
01059143,Medelby,01,01059,1,true,true,2026-01-01,BKG_VG250_2026_01_01
01059144,Meyn,01,01059,1,true,true,2026-01-01,BKG_VG250_2026_01_01
01059145,Munkbrarup,01,01059,2,true,true,2026-01-01,BKG_VG250_2026_01_01
01059147,Nieby,01,01059,1,true,true,2026-01-01,BKG_VG250_2026_01_01
01059148,Niesgrau,01,01059,2,true,true,2026-01-01,BKG_VG250_2026_01_01
01059149,Nordhackstedt,01,01059,1,true,true,2026-01-01,BKG_VG250_2026_01_01
01059151,Osterby,01,01059,1,true,true,2026-01-01,BKG_VG250_2026_01_01
01059152,Pommerby,01,01059,1,true,true,2026-01-01,BKG_VG250_2026_01_01
01059154,Rabel,01,01059,2,true,true,2026-01-01,BKG_VG250_2026_01_01
01059155,Rabenholz,01,01059,1,true,true,2026-01-01,BKG_VG250_2026_01_01
01059157,Ringsberg,01,01059,1,true,true,2026-01-01,BKG_VG250_2026_01_01
01059158,Schafflund,01,01059,1,true,true,2026-01-01,BKG_VG250_2026_01_01
01059159,Sieverstedt,01,01059,1,true,true,2026-01-01,BKG_VG250_2026_01_01
01059161,Sörup,01,01059,1,true,true,2026-01-01,BKG_VG250_2026_01_01
01059162,Sollerup,01,01059,1,true,true,2026-01-01,BKG_VG250_2026_01_01
01059163,Stangheck,01,01059,1,true,true,2026-01-01,BKG_VG250_2026_01_01
01059164,Steinberg,01,01059,2,true,true,2026-01-01,BKG_VG250_2026_01_01
01059167,Sterup,01,01059,1,true,true,2026-01-01,BKG_VG250_2026_01_01
01059168,Stoltebüll,01,01059,1,true,true,2026-01-01,BKG_VG250_2026_01_01
01059169,Süderhackstedt,01,01059,1,true,true,2026-01-01,BKG_VG250_2026_01_01
01059171,Tarp,01,01059,1,true,true,2026-01-01,BKG_VG250_2026_01_01
01059173,Wallsbüll,01,01059,1,true,true,2026-01-01,BKG_VG250_2026_01_01
01059174,Wanderup,01,01059,1,true,true,2026-01-01,BKG_VG250_2026_01_01
01059176,Wees,01,01059,1,true,true,2026-01-01,BKG_VG250_2026_01_01
01059177,Weesby,01,01059,1,true,true,2026-01-01,BKG_VG250_2026_01_01
01059178,Westerholz,01,01059,2,true,true,2026-01-01,BKG_VG250_2026_01_01
01059179,Lindewitt,01,01059,1,true,true,2026-01-01,BKG_VG250_2026_01_01
01059182,Freienwill,01,01059,1,true,true,2026-01-01,BKG_VG250_2026_01_01
01059183,Handewitt,01,01059,1,true,true,2026-01-01,BKG_VG250_2026_01_01
01059184,Oeversee,01,01059,1,true,true,2026-01-01,BKG_VG250_2026_01_01
01059185,Mittelangeln,01,01059,1,true,true,2026-01-01,BKG_VG250_2026_01_01
01059186,Steinbergkirche,01,01059,2,true,true,2026-01-01,BKG_VG250_2026_01_01
01059187,Boren,01,01059,2,true,true,2026-01-01,BKG_VG250_2026_01_01
01059188,Stapel,01,01059,1,true,true,2026-01-01,BKG_VG250_2026_01_01
01059189,Brodersby-Goltoft,01,01059,2,true,true,2026-01-01,BKG_VG250_2026_01_01
01060002,Alveslohe,01,01060,1,true,true,2026-01-01,BKG_VG250_2026_01_01
01060003,Armstedt,01,01060,1,true,true,2026-01-01,BKG_VG250_2026_01_01
01060004,Bad Bramstedt,01,01060,1,true,true,2026-01-01,BKG_VG250_2026_01_01
01060005,Bad Segeberg,01,01060,1,true,true,2026-01-01,BKG_VG250_2026_01_01
01060006,Bahrenhof,01,01060,1,true,true,2026-01-01,BKG_VG250_2026_01_01
01060007,Bark,01,01060,1,true,true,2026-01-01,BKG_VG250_2026_01_01
01060008,Bebensee,01,01060,1,true,true,2026-01-01,BKG_VG250_2026_01_01
01060009,Bimöhlen,01,01060,1,true,true,2026-01-01,BKG_VG250_2026_01_01
01060010,Blunk,01,01060,1,true,true,2026-01-01,BKG_VG250_2026_01_01
01060011,Boostedt,01,01060,1,true,true,2026-01-01,BKG_VG250_2026_01_01
01060012,Bornhöved,01,01060,1,true,true,2026-01-01,BKG_VG250_2026_01_01
01060013,Borstel,01,01060,1,true,true,2026-01-01,BKG_VG250_2026_01_01
01060015,Bühnsdorf,01,01060,1,true,true,2026-01-01,BKG_VG250_2026_01_01
01060016,Daldorf,01,01060,1,true,true,2026-01-01,BKG_VG250_2026_01_01
01060017,Damsdorf,01,01060,1,true,true,2026-01-01,BKG_VG250_2026_01_01
01060018,Dreggers,01,01060,1,true,true,2026-01-01,BKG_VG250_2026_01_01
01060019,Ellerau,01,01060,1,true,true,2026-01-01,BKG_VG250_2026_01_01
01060020,Fahrenkrug,01,01060,1,true,true,2026-01-01,BKG_VG250_2026_01_01
01060021,Föhrden-Barl,01,01060,1,true,true,2026-01-01,BKG_VG250_2026_01_01
01060022,Fredesdorf,01,01060,1,true,true,2026-01-01,BKG_VG250_2026_01_01
01060023,Fuhlendorf,01,01060,1,true,true,2026-01-01,BKG_VG250_2026_01_01
01060024,Geschendorf,01,01060,1,true,true,2026-01-01,BKG_VG250_2026_01_01
01060025,Glasau,01,01060,1,true,true,2026-01-01,BKG_VG250_2026_01_01
01060026,Gönnebek,01,01060,1,true,true,2026-01-01,BKG_VG250_2026_01_01
01060027,Großenaspe,01,01060,1,true,true,2026-01-01,BKG_VG250_2026_01_01
01060028,Groß Kummerfeld,01,01060,1,true,true,2026-01-01,BKG_VG250_2026_01_01
01060029,Groß Niendorf,01,01060,1,true,true,2026-01-01,BKG_VG250_2026_01_01
01060030,Groß Rönnau,01,01060,1,true,true,2026-01-01,BKG_VG250_2026_01_01
01060031,Hagen,01,01060,1,true,true,2026-01-01,BKG_VG250_2026_01_01
01060033,Hardebek,01,01060,1,true,true,2026-01-01,BKG_VG250_2026_01_01
01060034,Hartenholm,01,01060,1,true,true,2026-01-01,BKG_VG250_2026_01_01
01060035,Hasenkrug,01,01060,1,true,true,2026-01-01,BKG_VG250_2026_01_01
01060036,Hasenmoor,01,01060,1,true,true,2026-01-01,BKG_VG250_2026_01_01
01060037,Heidmoor,01,01060,1,true,true,2026-01-01,BKG_VG250_2026_01_01
01060038,Heidmühlen,01,01060,1,true,true,2026-01-01,BKG_VG250_2026_01_01
01060039,Henstedt-Ulzburg,01,01060,1,true,true,2026-01-01,BKG_VG250_2026_01_01
01060040,Hitzhusen,01,01060,1,true,true,2026-01-01,BKG_VG250_2026_01_01
01060041,Högersdorf,01,01060,1,true,true,2026-01-01,BKG_VG250_2026_01_01
01060042,Hüttblek,01,01060,1,true,true,2026-01-01,BKG_VG250_2026_01_01
01060043,Itzstedt,01,01060,1,true,true,2026-01-01,BKG_VG250_2026_01_01
01060044,Kaltenkirchen,01,01060,1,true,true,2026-01-01,BKG_VG250_2026_01_01
01060045,Kattendorf,01,01060,1,true,true,2026-01-01,BKG_VG250_2026_01_01
01060046,Kayhude,01,01060,1,true,true,2026-01-01,BKG_VG250_2026_01_01
01060047,Kisdorf,01,01060,1,true,true,2026-01-01,BKG_VG250_2026_01_01
01060048,Klein Gladebrügge,01,01060,1,true,true,2026-01-01,BKG_VG250_2026_01_01
01060049,Klein Rönnau,01,01060,1,true,true,2026-01-01,BKG_VG250_2026_01_01
01060050,Krems II,01,01060,1,true,true,2026-01-01,BKG_VG250_2026_01_01
01060051,Kükels,01,01060,1,true,true,2026-01-01,BKG_VG250_2026_01_01
01060052,Latendorf,01,01060,1,true,true,2026-01-01,BKG_VG250_2026_01_01
01060053,Leezen,01,01060,1,true,true,2026-01-01,BKG_VG250_2026_01_01
01060054,Lentföhrden,01,01060,1,true,true,2026-01-01,BKG_VG250_2026_01_01
01060056,Mönkloh,01,01060,1,true,true,2026-01-01,BKG_VG250_2026_01_01
01060057,Mözen,01,01060,1,true,true,2026-01-01,BKG_VG250_2026_01_01
01060058,Nahe,01,01060,1,true,true,2026-01-01,BKG_VG250_2026_01_01
01060059,Negernbötel,01,01060,1,true,true,2026-01-01,BKG_VG250_2026_01_01
01060060,Nehms,01,01060,1,true,true,2026-01-01,BKG_VG250_2026_01_01
01060061,Neuengörs,01,01060,1,true,true,2026-01-01,BKG_VG250_2026_01_01
01060062,Neversdorf,01,01060,1,true,true,2026-01-01,BKG_VG250_2026_01_01
01060063,Norderstedt,01,01060,1,true,true,2026-01-01,BKG_VG250_2026_01_01
01060064,Nützen,01,01060,1,true,true,2026-01-01,BKG_VG250_2026_01_01
01060065,Oering,01,01060,1,true,true,2026-01-01,BKG_VG250_2026_01_01
01060066,Oersdorf,01,01060,1,true,true,2026-01-01,BKG_VG250_2026_01_01
01060067,Pronstorf,01,01060,1,true,true,2026-01-01,BKG_VG250_2026_01_01
01060068,Rickling,01,01060,1,true,true,2026-01-01,BKG_VG250_2026_01_01
01060069,Rohlstorf,01,01060,1,true,true,2026-01-01,BKG_VG250_2026_01_01
01060070,Schackendorf,01,01060,1,true,true,2026-01-01,BKG_VG250_2026_01_01
01060071,Schieren,01,01060,1,true,true,2026-01-01,BKG_VG250_2026_01_01
01060072,Schmalensee,01,01060,1,true,true,2026-01-01,BKG_VG250_2026_01_01
01060073,Schmalfeld,01,01060,1,true,true,2026-01-01,BKG_VG250_2026_01_01
01060074,Schwissel,01,01060,1,true,true,2026-01-01,BKG_VG250_2026_01_01
01060075,Seedorf,01,01060,1,true,true,2026-01-01,BKG_VG250_2026_01_01
01060076,Seth,01,01060,1,true,true,2026-01-01,BKG_VG250_2026_01_01
01060077,Sievershütten,01,01060,1,true,true,2026-01-01,BKG_VG250_2026_01_01
01060079,Stipsdorf,01,01060,1,true,true,2026-01-01,BKG_VG250_2026_01_01
01060080,Stocksee,01,01060,1,true,true,2026-01-01,BKG_VG250_2026_01_01
01060081,Strukdorf,01,01060,1,true,true,2026-01-01,BKG_VG250_2026_01_01
01060082,Struvenhütten,01,01060,1,true,true,2026-01-01,BKG_VG250_2026_01_01
01060084,Stuvenborn,01,01060,1,true,true,2026-01-01,BKG_VG250_2026_01_01
01060085,Sülfeld,01,01060,1,true,true,2026-01-01,BKG_VG250_2026_01_01
01060086,Tarbek,01,01060,1,true,true,2026-01-01,BKG_VG250_2026_01_01
01060087,Tensfeld,01,01060,1,true,true,2026-01-01,BKG_VG250_2026_01_01
01060088,Todesfelde,01,01060,1,true,true,2026-01-01,BKG_VG250_2026_01_01
01060089,Trappenkamp,01,01060,1,true,true,2026-01-01,BKG_VG250_2026_01_01
01060090,Travenhorst,01,01060,1,true,true,2026-01-01,BKG_VG250_2026_01_01
01060091,Traventhal,01,01060,1,true,true,2026-01-01,BKG_VG250_2026_01_01
01060092,Wahlstedt,01,01060,1,true,true,2026-01-01,BKG_VG250_2026_01_01
01060093,Wakendorf I,01,01060,1,true,true,2026-01-01,BKG_VG250_2026_01_01
01060094,Wakendorf II,01,01060,1,true,true,2026-01-01,BKG_VG250_2026_01_01
01060095,Weddelbrook,01,01060,1,true,true,2026-01-01,BKG_VG250_2026_01_01
01060096,Weede,01,01060,1,true,true,2026-01-01,BKG_VG250_2026_01_01
01060097,Wensin,01,01060,1,true,true,2026-01-01,BKG_VG250_2026_01_01
01060098,Westerrade,01,01060,1,true,true,2026-01-01,BKG_VG250_2026_01_01
01060099,Wiemersdorf,01,01060,1,true,true,2026-01-01,BKG_VG250_2026_01_01
01060100,Winsen,01,01060,1,true,true,2026-01-01,BKG_VG250_2026_01_01
01060101,Wittenborn,01,01060,1,true,true,2026-01-01,BKG_VG250_2026_01_01
01061001,Aasbüttel,01,01061,1,true,true,2026-01-01,BKG_VG250_2026_01_01
01061002,Aebtissinwisch,01,01061,1,true,true,2026-01-01,BKG_VG250_2026_01_01
01061003,Agethorst,01,01061,1,true,true,2026-01-01,BKG_VG250_2026_01_01
01061004,Altenmoor,01,01061,1,true,true,2026-01-01,BKG_VG250_2026_01_01
01061005,Auufer,01,01061,1,true,true,2026-01-01,BKG_VG250_2026_01_01
01061006,Bahrenfleth,01,01061,1,true,true,2026-01-01,BKG_VG250_2026_01_01
01061007,Beidenfleth,01,01061,1,true,true,2026-01-01,BKG_VG250_2026_01_01
01061008,Bekdorf,01,01061,1,true,true,2026-01-01,BKG_VG250_2026_01_01
01061010,Bekmünde,01,01061,1,true,true,2026-01-01,BKG_VG250_2026_01_01
01061011,Besdorf,01,01061,1,true,true,2026-01-01,BKG_VG250_2026_01_01
01061012,Blomesche Wildnis,01,01061,1,true,true,2026-01-01,BKG_VG250_2026_01_01
01061013,Bokelrehm,01,01061,1,true,true,2026-01-01,BKG_VG250_2026_01_01
01061014,Bokhorst,01,01061,1,true,true,2026-01-01,BKG_VG250_2026_01_01
01061015,Borsfleth,01,01061,2,true,true,2026-01-01,BKG_VG250_2026_01_01
01061016,Breitenberg,01,01061,1,true,true,2026-01-01,BKG_VG250_2026_01_01
01061017,Breitenburg,01,01061,1,true,true,2026-01-01,BKG_VG250_2026_01_01
01061018,Brokdorf,01,01061,2,true,true,2026-01-01,BKG_VG250_2026_01_01
01061019,Brokstedt,01,01061,1,true,true,2026-01-01,BKG_VG250_2026_01_01
01061020,Büttel,01,01061,2,true,true,2026-01-01,BKG_VG250_2026_01_01
01061021,Christinenthal,01,01061,1,true,true,2026-01-01,BKG_VG250_2026_01_01
01061022,Dägeling,01,01061,1,true,true,2026-01-01,BKG_VG250_2026_01_01
01061023,Dammfleth,01,01061,1,true,true,2026-01-01,BKG_VG250_2026_01_01
01061024,Drage,01,01061,1,true,true,2026-01-01,BKG_VG250_2026_01_01
01061025,Ecklak,01,01061,1,true,true,2026-01-01,BKG_VG250_2026_01_01
01061026,Elskop,01,01061,1,true,true,2026-01-01,BKG_VG250_2026_01_01
01061027,Engelbrechtsche Wildnis,01,01061,1,true,true,2026-01-01,BKG_VG250_2026_01_01
01061028,Fitzbek,01,01061,1,true,true,2026-01-01,BKG_VG250_2026_01_01
01061029,Glückstadt,01,01061,2,true,true,2026-01-01,BKG_VG250_2026_01_01
01061030,Grevenkop,01,01061,1,true,true,2026-01-01,BKG_VG250_2026_01_01
01061031,Gribbohm,01,01061,1,true,true,2026-01-01,BKG_VG250_2026_01_01
01061033,Hadenfeld,01,01061,1,true,true,2026-01-01,BKG_VG250_2026_01_01
01061034,Heiligenstedten,01,01061,1,true,true,2026-01-01,BKG_VG250_2026_01_01
01061035,Heiligenstedtenerkamp,01,01061,1,true,true,2026-01-01,BKG_VG250_2026_01_01
01061036,Hennstedt,01,01061,1,true,true,2026-01-01,BKG_VG250_2026_01_01
01061037,Herzhorn,01,01061,1,true,true,2026-01-01,BKG_VG250_2026_01_01
01061038,Hingstheide,01,01061,1,true,true,2026-01-01,BKG_VG250_2026_01_01
01061039,Hodorf,01,01061,1,true,true,2026-01-01,BKG_VG250_2026_01_01
01061040,Hohenaspe,01,01061,1,true,true,2026-01-01,BKG_VG250_2026_01_01
01061041,Hohenfelde,01,01061,1,true,true,2026-01-01,BKG_VG250_2026_01_01
01061042,Hohenlockstedt,01,01061,1,true,true,2026-01-01,BKG_VG250_2026_01_01
01061043,Holstenniendorf,01,01061,1,true,true,2026-01-01,BKG_VG250_2026_01_01
01061044,Horst (Holstein),01,01061,1,true,true,2026-01-01,BKG_VG250_2026_01_01
01061045,Huje,01,01061,1,true,true,2026-01-01,BKG_VG250_2026_01_01
01061046,Itzehoe,01,01061,1,true,true,2026-01-01,BKG_VG250_2026_01_01
01061047,Kaaks,01,01061,1,true,true,2026-01-01,BKG_VG250_2026_01_01
01061048,Kaisborstel,01,01061,1,true,true,2026-01-01,BKG_VG250_2026_01_01
01061049,Kellinghusen,01,01061,1,true,true,2026-01-01,BKG_VG250_2026_01_01
01061050,Kiebitzreihe,01,01061,1,true,true,2026-01-01,BKG_VG250_2026_01_01
01061052,Kleve,01,01061,1,true,true,2026-01-01,BKG_VG250_2026_01_01
01061053,Kollmoor,01,01061,1,true,true,2026-01-01,BKG_VG250_2026_01_01
01061054,Krempdorf,01,01061,1,true,true,2026-01-01,BKG_VG250_2026_01_01
01061055,Krempe,01,01061,1,true,true,2026-01-01,BKG_VG250_2026_01_01
01061056,Kremperheide,01,01061,1,true,true,2026-01-01,BKG_VG250_2026_01_01
01061057,Krempermoor,01,01061,1,true,true,2026-01-01,BKG_VG250_2026_01_01
01061058,Kronsmoor,01,01061,1,true,true,2026-01-01,BKG_VG250_2026_01_01
01061059,Krummendiek,01,01061,1,true,true,2026-01-01,BKG_VG250_2026_01_01
01061060,Kudensee,01,01061,1,true,true,2026-01-01,BKG_VG250_2026_01_01
01061061,Lägerdorf,01,01061,1,true,true,2026-01-01,BKG_VG250_2026_01_01
01061062,Landrecht,01,01061,1,true,true,2026-01-01,BKG_VG250_2026_01_01
01061063,Landscheide,01,01061,1,true,true,2026-01-01,BKG_VG250_2026_01_01
01061064,Lockstedt,01,01061,1,true,true,2026-01-01,BKG_VG250_2026_01_01
01061065,Lohbarbek,01,01061,1,true,true,2026-01-01,BKG_VG250_2026_01_01
01061066,Looft,01,01061,1,true,true,2026-01-01,BKG_VG250_2026_01_01
01061067,Mehlbek,01,01061,1,true,true,2026-01-01,BKG_VG250_2026_01_01
01061068,Moordiek,01,01061,1,true,true,2026-01-01,BKG_VG250_2026_01_01
01061070,Moorhusen,01,01061,1,true,true,2026-01-01,BKG_VG250_2026_01_01
01061071,Mühlenbarbek,01,01061,1,true,true,2026-01-01,BKG_VG250_2026_01_01
01061072,Münsterdorf,01,01061,1,true,true,2026-01-01,BKG_VG250_2026_01_01
01061073,Neuenbrook,01,01061,1,true,true,2026-01-01,BKG_VG250_2026_01_01
01061074,Neuendorf b.Elmshorn,01,01061,2,true,true,2026-01-01,BKG_VG250_2026_01_01
01061076,Nienbüttel,01,01061,1,true,true,2026-01-01,BKG_VG250_2026_01_01
01061077,Nortorf,01,01061,1,true,true,2026-01-01,BKG_VG250_2026_01_01
01061078,Nutteln,01,01061,1,true,true,2026-01-01,BKG_VG250_2026_01_01
01061079,Oelixdorf,01,01061,1,true,true,2026-01-01,BKG_VG250_2026_01_01
01061080,Oeschebüttel,01,01061,1,true,true,2026-01-01,BKG_VG250_2026_01_01
01061081,Oldenborstel,01,01061,1,true,true,2026-01-01,BKG_VG250_2026_01_01
01061082,Oldendorf,01,01061,1,true,true,2026-01-01,BKG_VG250_2026_01_01
01061083,Ottenbüttel,01,01061,1,true,true,2026-01-01,BKG_VG250_2026_01_01
01061084,Peissen,01,01061,1,true,true,2026-01-01,BKG_VG250_2026_01_01
01061085,Pöschendorf,01,01061,1,true,true,2026-01-01,BKG_VG250_2026_01_01
01061086,Poyenberg,01,01061,1,true,true,2026-01-01,BKG_VG250_2026_01_01
01061087,Puls,01,01061,1,true,true,2026-01-01,BKG_VG250_2026_01_01
01061088,Quarnstedt,01,01061,1,true,true,2026-01-01,BKG_VG250_2026_01_01
01061089,Rade,01,01061,1,true,true,2026-01-01,BKG_VG250_2026_01_01
01061091,Reher,01,01061,1,true,true,2026-01-01,BKG_VG250_2026_01_01
01061092,Rethwisch,01,01061,1,true,true,2026-01-01,BKG_VG250_2026_01_01
01061093,Rosdorf,01,01061,1,true,true,2026-01-01,BKG_VG250_2026_01_01
01061095,Sankt Margarethen,01,01061,2,true,true,2026-01-01,BKG_VG250_2026_01_01
01061096,Sarlhusen,01,01061,1,true,true,2026-01-01,BKG_VG250_2026_01_01
01061097,Schenefeld,01,01061,1,true,true,2026-01-01,BKG_VG250_2026_01_01
01061098,Schlotfeld,01,01061,1,true,true,2026-01-01,BKG_VG250_2026_01_01
01061100,Silzen,01,01061,1,true,true,2026-01-01,BKG_VG250_2026_01_01
01061101,Sommerland,01,01061,1,true,true,2026-01-01,BKG_VG250_2026_01_01
01061102,Stördorf,01,01061,1,true,true,2026-01-01,BKG_VG250_2026_01_01
01061103,Störkathen,01,01061,1,true,true,2026-01-01,BKG_VG250_2026_01_01
01061104,Süderau,01,01061,1,true,true,2026-01-01,BKG_VG250_2026_01_01
01061105,Vaale,01,01061,1,true,true,2026-01-01,BKG_VG250_2026_01_01
01061106,Vaalermoor,01,01061,1,true,true,2026-01-01,BKG_VG250_2026_01_01
01061107,Wacken,01,01061,1,true,true,2026-01-01,BKG_VG250_2026_01_01
01061108,Warringholz,01,01061,1,true,true,2026-01-01,BKG_VG250_2026_01_01
01061109,Westermoor,01,01061,1,true,true,2026-01-01,BKG_VG250_2026_01_01
01061110,Wewelsfleth,01,01061,2,true,true,2026-01-01,BKG_VG250_2026_01_01
01061111,Wiedenborstel,01,01061,1,true,true,2026-01-01,BKG_VG250_2026_01_01
01061112,Willenscharen,01,01061,1,true,true,2026-01-01,BKG_VG250_2026_01_01
01061113,Wilster,01,01061,1,true,true,2026-01-01,BKG_VG250_2026_01_01
01061114,Winseldorf,01,01061,1,true,true,2026-01-01,BKG_VG250_2026_01_01
01061115,Wittenbergen,01,01061,1,true,true,2026-01-01,BKG_VG250_2026_01_01
01061116,Wrist,01,01061,1,true,true,2026-01-01,BKG_VG250_2026_01_01
01061117,Wulfsmoor,01,01061,1,true,true,2026-01-01,BKG_VG250_2026_01_01
01061118,Kollmar,01,01061,2,true,true,2026-01-01,BKG_VG250_2026_01_01
01061119,Neuendorf-Sachsenbande,01,01061,1,true,true,2026-01-01,BKG_VG250_2026_01_01
01062001,Ahrensburg,01,01062,1,true,true,2026-01-01,BKG_VG250_2026_01_01
01062003,Badendorf,01,01062,1,true,true,2026-01-01,BKG_VG250_2026_01_01
01062004,Bad Oldesloe,01,01062,1,true,true,2026-01-01,BKG_VG250_2026_01_01
01062005,Bargfeld-Stegen,01,01062,1,true,true,2026-01-01,BKG_VG250_2026_01_01
01062006,Bargteheide,01,01062,1,true,true,2026-01-01,BKG_VG250_2026_01_01
01062008,Barnitz,01,01062,1,true,true,2026-01-01,BKG_VG250_2026_01_01
01062009,Barsbüttel,01,01062,1,true,true,2026-01-01,BKG_VG250_2026_01_01
01062011,Braak,01,01062,1,true,true,2026-01-01,BKG_VG250_2026_01_01
01062014,Delingsdorf,01,01062,1,true,true,2026-01-01,BKG_VG250_2026_01_01
01062016,Elmenhorst,01,01062,1,true,true,2026-01-01,BKG_VG250_2026_01_01
01062018,Glinde,01,01062,1,true,true,2026-01-01,BKG_VG250_2026_01_01
01062019,Grabau,01,01062,1,true,true,2026-01-01,BKG_VG250_2026_01_01
01062020,Grande,01,01062,1,true,true,2026-01-01,BKG_VG250_2026_01_01
01062021,Grönwohld,01,01062,1,true,true,2026-01-01,BKG_VG250_2026_01_01
01062022,Großensee,01,01062,1,true,true,2026-01-01,BKG_VG250_2026_01_01
01062023,Großhansdorf,01,01062,1,true,true,2026-01-01,BKG_VG250_2026_01_01
01062025,Hamberge,01,01062,1,true,true,2026-01-01,BKG_VG250_2026_01_01
01062026,Hamfelde,01,01062,1,true,true,2026-01-01,BKG_VG250_2026_01_01
01062027,Hammoor,01,01062,1,true,true,2026-01-01,BKG_VG250_2026_01_01
01062031,Heidekamp,01,01062,1,true,true,2026-01-01,BKG_VG250_2026_01_01
01062032,Heilshoop,01,01062,1,true,true,2026-01-01,BKG_VG250_2026_01_01
01062033,Hohenfelde,01,01062,1,true,true,2026-01-01,BKG_VG250_2026_01_01
01062035,Hoisdorf,01,01062,1,true,true,2026-01-01,BKG_VG250_2026_01_01
01062036,Jersbek,01,01062,1,true,true,2026-01-01,BKG_VG250_2026_01_01
01062039,Klein Wesenberg,01,01062,1,true,true,2026-01-01,BKG_VG250_2026_01_01
01062040,Köthel,01,01062,1,true,true,2026-01-01,BKG_VG250_2026_01_01
01062045,Lütjensee,01,01062,1,true,true,2026-01-01,BKG_VG250_2026_01_01
01062046,Meddewade,01,01062,1,true,true,2026-01-01,BKG_VG250_2026_01_01
01062048,Mönkhagen,01,01062,1,true,true,2026-01-01,BKG_VG250_2026_01_01
01062050,Neritz,01,01062,1,true,true,2026-01-01,BKG_VG250_2026_01_01
01062051,Nienwohld,01,01062,1,true,true,2026-01-01,BKG_VG250_2026_01_01
01062053,Oststeinbek,01,01062,1,true,true,2026-01-01,BKG_VG250_2026_01_01
01062056,Pölitz,01,01062,1,true,true,2026-01-01,BKG_VG250_2026_01_01
01062058,Rausdorf,01,01062,1,true,true,2026-01-01,BKG_VG250_2026_01_01
01062059,Rehhorst,01,01062,1,true,true,2026-01-01,BKG_VG250_2026_01_01
01062060,Reinbek,01,01062,1,true,true,2026-01-01,BKG_VG250_2026_01_01
01062061,Reinfeld (Holstein),01,01062,1,true,true,2026-01-01,BKG_VG250_2026_01_01
01062062,Rethwisch,01,01062,1,true,true,2026-01-01,BKG_VG250_2026_01_01
01062065,Rümpel,01,01062,1,true,true,2026-01-01,BKG_VG250_2026_01_01
01062069,Siek,01,01062,1,true,true,2026-01-01,BKG_VG250_2026_01_01
01062071,Stapelfeld,01,01062,1,true,true,2026-01-01,BKG_VG250_2026_01_01
01062076,Tangstedt,01,01062,1,true,true,2026-01-01,BKG_VG250_2026_01_01
01062078,Todendorf,01,01062,1,true,true,2026-01-01,BKG_VG250_2026_01_01
01062081,Tremsbüttel,01,01062,1,true,true,2026-01-01,BKG_VG250_2026_01_01
01062082,Trittau,01,01062,1,true,true,2026-01-01,BKG_VG250_2026_01_01
01062083,Westerau,01,01062,1,true,true,2026-01-01,BKG_VG250_2026_01_01
01062086,Witzhave,01,01062,1,true,true,2026-01-01,BKG_VG250_2026_01_01
01062087,Zarpen,01,01062,1,true,true,2026-01-01,BKG_VG250_2026_01_01
01062088,Brunsbek,01,01062,1,true,true,2026-01-01,BKG_VG250_2026_01_01
01062089,Lasbek,01,01062,1,true,true,2026-01-01,BKG_VG250_2026_01_01
01062090,Ammersbek,01,01062,1,true,true,2026-01-01,BKG_VG250_2026_01_01
01062091,Steinburg,01,01062,1,true,true,2026-01-01,BKG_VG250_2026_01_01
01062092,Travenbrück,01,01062,1,true,true,2026-01-01,BKG_VG250_2026_01_01
01062093,Feldhorst,01,01062,1,true,true,2026-01-01,BKG_VG250_2026_01_01
01062094,Wesenberg,01,01062,1,true,true,2026-01-01,BKG_VG250_2026_01_01
02000000,Hamburg,02,02000,2,true,false,2026-01-01,BKG_VG250_2026_01_01
03101000,Braunschweig,03,03101,1,true,true,2026-01-01,BKG_VG250_2026_01_01
03102000,Salzgitter,03,03102,1,true,true,2026-01-01,BKG_VG250_2026_01_01
03103000,Wolfsburg,03,03103,1,true,true,2026-01-01,BKG_VG250_2026_01_01
03151001,Adenbüttel,03,03151,1,true,true,2026-01-01,BKG_VG250_2026_01_01
03151002,Barwedel,03,03151,1,true,true,2026-01-01,BKG_VG250_2026_01_01
03151003,Bergfeld,03,03151,1,true,true,2026-01-01,BKG_VG250_2026_01_01
03151004,Bokensdorf,03,03151,1,true,true,2026-01-01,BKG_VG250_2026_01_01
03151005,Brome,03,03151,1,true,true,2026-01-01,BKG_VG250_2026_01_01
03151006,Calberlah,03,03151,1,true,true,2026-01-01,BKG_VG250_2026_01_01
03151007,Dedelstorf,03,03151,1,true,true,2026-01-01,BKG_VG250_2026_01_01
03151008,Ehra-Lessien,03,03151,1,true,true,2026-01-01,BKG_VG250_2026_01_01
03151009,Gifhorn,03,03151,1,true,true,2026-01-01,BKG_VG250_2026_01_01
03151010,Groß Oesingen,03,03151,1,true,true,2026-01-01,BKG_VG250_2026_01_01
03151011,Hankensbüttel,03,03151,1,true,true,2026-01-01,BKG_VG250_2026_01_01
03151012,Hillerse,03,03151,1,true,true,2026-01-01,BKG_VG250_2026_01_01
03151013,Isenbüttel,03,03151,1,true,true,2026-01-01,BKG_VG250_2026_01_01
03151014,Jembke,03,03151,1,true,true,2026-01-01,BKG_VG250_2026_01_01
03151015,Leiferde,03,03151,1,true,true,2026-01-01,BKG_VG250_2026_01_01
03151016,Meine,03,03151,1,true,true,2026-01-01,BKG_VG250_2026_01_01
03151017,Meinersen,03,03151,1,true,true,2026-01-01,BKG_VG250_2026_01_01
03151018,Müden (Aller),03,03151,1,true,true,2026-01-01,BKG_VG250_2026_01_01
03151019,Obernholz,03,03151,1,true,true,2026-01-01,BKG_VG250_2026_01_01
03151020,Osloß,03,03151,1,true,true,2026-01-01,BKG_VG250_2026_01_01
03151021,Parsau,03,03151,1,true,true,2026-01-01,BKG_VG250_2026_01_01
03151022,Ribbesbüttel,03,03151,1,true,true,2026-01-01,BKG_VG250_2026_01_01
03151023,Rötgesbüttel,03,03151,1,true,true,2026-01-01,BKG_VG250_2026_01_01
03151024,Rühen,03,03151,1,true,true,2026-01-01,BKG_VG250_2026_01_01
03151025,Sassenburg,03,03151,1,true,true,2026-01-01,BKG_VG250_2026_01_01
03151026,Schönewörde,03,03151,1,true,true,2026-01-01,BKG_VG250_2026_01_01
03151027,Schwülper,03,03151,1,true,true,2026-01-01,BKG_VG250_2026_01_01
03151028,Sprakensehl,03,03151,1,true,true,2026-01-01,BKG_VG250_2026_01_01
03151029,Steinhorst,03,03151,1,true,true,2026-01-01,BKG_VG250_2026_01_01
03151030,Tappenbeck,03,03151,1,true,true,2026-01-01,BKG_VG250_2026_01_01
03151031,Tiddische,03,03151,1,true,true,2026-01-01,BKG_VG250_2026_01_01
03151032,Tülau,03,03151,1,true,true,2026-01-01,BKG_VG250_2026_01_01
03151033,Ummern,03,03151,1,true,true,2026-01-01,BKG_VG250_2026_01_01
03151034,Vordorf,03,03151,1,true,true,2026-01-01,BKG_VG250_2026_01_01
03151035,Wagenhoff,03,03151,1,true,true,2026-01-01,BKG_VG250_2026_01_01
03151036,Wahrenholz,03,03151,1,true,true,2026-01-01,BKG_VG250_2026_01_01
03151037,Wasbüttel,03,03151,1,true,true,2026-01-01,BKG_VG250_2026_01_01
03151038,Wesendorf,03,03151,1,true,true,2026-01-01,BKG_VG250_2026_01_01
03151039,Weyhausen,03,03151,1,true,true,2026-01-01,BKG_VG250_2026_01_01
03151040,Wittingen,03,03151,1,true,true,2026-01-01,BKG_VG250_2026_01_01
03151041,Didderse,03,03151,1,true,true,2026-01-01,BKG_VG250_2026_01_01
03151501,Giebel,03,03151,1,true,false,2026-01-01,BKG_VG250_2026_01_01
03153002,Bad Harzburg,03,03153,1,true,true,2026-01-01,BKG_VG250_2026_01_01
03153008,Liebenburg,03,03153,1,true,true,2026-01-01,BKG_VG250_2026_01_01
03153012,Seesen,03,03153,1,true,true,2026-01-01,BKG_VG250_2026_01_01
03153016,Braunlage,03,03153,1,true,true,2026-01-01,BKG_VG250_2026_01_01
03153017,Goslar,03,03153,1,true,true,2026-01-01,BKG_VG250_2026_01_01
03153018,Clausthal-Zellerfeld,03,03153,1,true,true,2026-01-01,BKG_VG250_2026_01_01
03153019,Langelsheim,03,03153,1,true,true,2026-01-01,BKG_VG250_2026_01_01
03153504,Harz (Landkreis Goslar),03,03153,1,true,false,2026-01-01,BKG_VG250_2026_01_01
03154001,Bahrdorf,03,03154,1,true,true,2026-01-01,BKG_VG250_2026_01_01
03154002,Beierstedt,03,03154,1,true,true,2026-01-01,BKG_VG250_2026_01_01
03154004,Danndorf,03,03154,1,true,true,2026-01-01,BKG_VG250_2026_01_01
03154005,Frellstedt,03,03154,1,true,true,2026-01-01,BKG_VG250_2026_01_01
03154006,Gevensleben,03,03154,1,true,true,2026-01-01,BKG_VG250_2026_01_01
03154007,Grafhorst,03,03154,1,true,true,2026-01-01,BKG_VG250_2026_01_01
03154008,Grasleben,03,03154,1,true,true,2026-01-01,BKG_VG250_2026_01_01
03154009,Groß Twülpstedt,03,03154,1,true,true,2026-01-01,BKG_VG250_2026_01_01
03154012,Jerxheim,03,03154,1,true,true,2026-01-01,BKG_VG250_2026_01_01
03154013,Königslutter am Elm,03,03154,1,true,true,2026-01-01,BKG_VG250_2026_01_01
03154014,Lehre,03,03154,1,true,true,2026-01-01,BKG_VG250_2026_01_01
03154015,Mariental,03,03154,1,true,true,2026-01-01,BKG_VG250_2026_01_01
03154016,Querenhorst,03,03154,1,true,true,2026-01-01,BKG_VG250_2026_01_01
03154017,Räbke,03,03154,1,true,true,2026-01-01,BKG_VG250_2026_01_01
03154018,Rennau,03,03154,1,true,true,2026-01-01,BKG_VG250_2026_01_01
03154019,Schöningen,03,03154,1,true,true,2026-01-01,BKG_VG250_2026_01_01
03154021,Süpplingen,03,03154,1,true,true,2026-01-01,BKG_VG250_2026_01_01
03154022,Süpplingenburg,03,03154,1,true,true,2026-01-01,BKG_VG250_2026_01_01
03154024,Velpke,03,03154,1,true,true,2026-01-01,BKG_VG250_2026_01_01
03154025,Warberg,03,03154,1,true,true,2026-01-01,BKG_VG250_2026_01_01
03154026,Wolsdorf,03,03154,1,true,true,2026-01-01,BKG_VG250_2026_01_01
03154027,Söllingen,03,03154,1,true,true,2026-01-01,BKG_VG250_2026_01_01
03154028,Helmstedt,03,03154,1,true,true,2026-01-01,BKG_VG250_2026_01_01
03154501,Brunsleberfeld,03,03154,1,true,false,2026-01-01,BKG_VG250_2026_01_01
03154502,Helmstedt,03,03154,1,true,false,2026-01-01,BKG_VG250_2026_01_01
03154503,Königslutter,03,03154,1,true,false,2026-01-01,BKG_VG250_2026_01_01
03154504,Mariental,03,03154,1,true,false,2026-01-01,BKG_VG250_2026_01_01
03154506,Schöningen,03,03154,1,true,false,2026-01-01,BKG_VG250_2026_01_01
03155001,Bad Gandersheim,03,03155,1,true,true,2026-01-01,BKG_VG250_2026_01_01
03155002,Bodenfelde,03,03155,1,true,true,2026-01-01,BKG_VG250_2026_01_01
03155003,Dassel,03,03155,1,true,true,2026-01-01,BKG_VG250_2026_01_01
03155005,Hardegsen,03,03155,1,true,true,2026-01-01,BKG_VG250_2026_01_01
03155006,Kalefeld,03,03155,1,true,true,2026-01-01,BKG_VG250_2026_01_01
03155007,Katlenburg-Lindau,03,03155,1,true,true,2026-01-01,BKG_VG250_2026_01_01
03155009,Moringen,03,03155,1,true,true,2026-01-01,BKG_VG250_2026_01_01
03155010,Nörten-Hardenberg,03,03155,1,true,true,2026-01-01,BKG_VG250_2026_01_01
03155011,Northeim,03,03155,1,true,true,2026-01-01,BKG_VG250_2026_01_01
03155012,Uslar,03,03155,1,true,true,2026-01-01,BKG_VG250_2026_01_01
03155013,Einbeck,03,03155,1,true,true,2026-01-01,BKG_VG250_2026_01_01
03155501,Solling (Landkreis Northeim),03,03155,1,true,false,2026-01-01,BKG_VG250_2026_01_01
03157001,Edemissen,03,03157,1,true,true,2026-01-01,BKG_VG250_2026_01_01
03157002,Hohenhameln,03,03157,1,true,true,2026-01-01,BKG_VG250_2026_01_01
03157005,Lengede,03,03157,1,true,true,2026-01-01,BKG_VG250_2026_01_01
03157006,Peine,03,03157,1,true,true,2026-01-01,BKG_VG250_2026_01_01
03157007,Vechelde,03,03157,1,true,true,2026-01-01,BKG_VG250_2026_01_01
03157008,Wendeburg,03,03157,1,true,true,2026-01-01,BKG_VG250_2026_01_01
03157009,Ilsede,03,03157,1,true,true,2026-01-01,BKG_VG250_2026_01_01
03158002,Baddeckenstedt,03,03158,1,true,true,2026-01-01,BKG_VG250_2026_01_01
03158004,Burgdorf,03,03158,1,true,true,2026-01-01,BKG_VG250_2026_01_01
03158005,Cramme,03,03158,1,true,true,2026-01-01,BKG_VG250_2026_01_01
03158006,Cremlingen,03,03158,1,true,true,2026-01-01,BKG_VG250_2026_01_01
03158007,Dahlum,03,03158,1,true,true,2026-01-01,BKG_VG250_2026_01_01
03158008,Denkte,03,03158,1,true,true,2026-01-01,BKG_VG250_2026_01_01
03158009,Dettum,03,03158,1,true,true,2026-01-01,BKG_VG250_2026_01_01
03158010,Dorstadt,03,03158,1,true,true,2026-01-01,BKG_VG250_2026_01_01
03158011,Elbe,03,03158,1,true,true,2026-01-01,BKG_VG250_2026_01_01
03158012,Erkerode,03,03158,1,true,true,2026-01-01,BKG_VG250_2026_01_01
03158013,Evessen,03,03158,1,true,true,2026-01-01,BKG_VG250_2026_01_01
03158014,Flöthe,03,03158,1,true,true,2026-01-01,BKG_VG250_2026_01_01
03158016,Haverlah,03,03158,1,true,true,2026-01-01,BKG_VG250_2026_01_01
03158017,Hedeper,03,03158,1,true,true,2026-01-01,BKG_VG250_2026_01_01
03158018,Heere,03,03158,1,true,true,2026-01-01,BKG_VG250_2026_01_01
03158019,Heiningen,03,03158,1,true,true,2026-01-01,BKG_VG250_2026_01_01
03158021,Kissenbrück,03,03158,1,true,true,2026-01-01,BKG_VG250_2026_01_01
03158022,Kneitlingen,03,03158,1,true,true,2026-01-01,BKG_VG250_2026_01_01
03158023,Ohrum,03,03158,1,true,true,2026-01-01,BKG_VG250_2026_01_01
03158025,Roklum,03,03158,1,true,true,2026-01-01,BKG_VG250_2026_01_01
03158027,Schöppenstedt,03,03158,1,true,true,2026-01-01,BKG_VG250_2026_01_01
03158028,Sehlde,03,03158,1,true,true,2026-01-01,BKG_VG250_2026_01_01
03158030,Sickte,03,03158,1,true,true,2026-01-01,BKG_VG250_2026_01_01
03158031,Uehrde,03,03158,1,true,true,2026-01-01,BKG_VG250_2026_01_01
03158032,Vahlberg,03,03158,1,true,true,2026-01-01,BKG_VG250_2026_01_01
03158033,Veltheim (Ohe),03,03158,1,true,true,2026-01-01,BKG_VG250_2026_01_01
03158035,Winnigstedt,03,03158,1,true,true,2026-01-01,BKG_VG250_2026_01_01
03158036,Wittmar,03,03158,1,true,true,2026-01-01,BKG_VG250_2026_01_01
03158037,Wolfenbüttel,03,03158,1,true,true,2026-01-01,BKG_VG250_2026_01_01
03158038,Börßum,03,03158,1,true,true,2026-01-01,BKG_VG250_2026_01_01
03158039,Schladen-Werla,03,03158,1,true,true,2026-01-01,BKG_VG250_2026_01_01
03158040,Remlingen-Semmenstedt,03,03158,1,true,true,2026-01-01,BKG_VG250_2026_01_01
03158501,Am Großen Rhode,03,03158,1,true,false,2026-01-01,BKG_VG250_2026_01_01
03158502,Barnstorf-Warle,03,03158,1,true,false,2026-01-01,BKG_VG250_2026_01_01
03158503,Voigtsdahlum,03,03158,1,true,false,2026-01-01,BKG_VG250_2026_01_01
03159001,Adelebsen,03,03159,1,true,true,2026-01-01,BKG_VG250_2026_01_01
03159002,Bad Grund (Harz),03,03159,1,true,true,2026-01-01,BKG_VG250_2026_01_01
03159003,Bad Lauterberg im Harz,03,03159,1,true,true,2026-01-01,BKG_VG250_2026_01_01
03159004,Bad Sachsa,03,03159,1,true,true,2026-01-01,BKG_VG250_2026_01_01
03159005,Bilshausen,03,03159,1,true,true,2026-01-01,BKG_VG250_2026_01_01
03159006,Bodensee,03,03159,1,true,true,2026-01-01,BKG_VG250_2026_01_01
03159007,Bovenden,03,03159,1,true,true,2026-01-01,BKG_VG250_2026_01_01
03159008,Bühren,03,03159,1,true,true,2026-01-01,BKG_VG250_2026_01_01
03159009,Dransfeld,03,03159,1,true,true,2026-01-01,BKG_VG250_2026_01_01
03159010,Duderstadt,03,03159,1,true,true,2026-01-01,BKG_VG250_2026_01_01
03159011,Ebergötzen,03,03159,1,true,true,2026-01-01,BKG_VG250_2026_01_01
03159012,Elbingerode,03,03159,1,true,true,2026-01-01,BKG_VG250_2026_01_01
03159013,Friedland,03,03159,1,true,true,2026-01-01,BKG_VG250_2026_01_01
03159014,Gieboldehausen,03,03159,1,true,true,2026-01-01,BKG_VG250_2026_01_01
03159015,Gleichen,03,03159,1,true,true,2026-01-01,BKG_VG250_2026_01_01
03159016,Göttingen,03,03159,1,true,true,2026-01-01,BKG_VG250_2026_01_01
03159017,Hann.Münden,03,03159,1,true,true,2026-01-01,BKG_VG250_2026_01_01
03159018,Hattorf am Harz,03,03159,1,true,true,2026-01-01,BKG_VG250_2026_01_01
03159019,Herzberg am Harz,03,03159,1,true,true,2026-01-01,BKG_VG250_2026_01_01
03159020,Hörden am Harz,03,03159,1,true,true,2026-01-01,BKG_VG250_2026_01_01
03159021,Jühnde,03,03159,1,true,true,2026-01-01,BKG_VG250_2026_01_01
03159022,Krebeck,03,03159,1,true,true,2026-01-01,BKG_VG250_2026_01_01
03159023,Landolfshausen,03,03159,1,true,true,2026-01-01,BKG_VG250_2026_01_01
03159024,Niemetal,03,03159,1,true,true,2026-01-01,BKG_VG250_2026_01_01
03159025,Obernfeld,03,03159,1,true,true,2026-01-01,BKG_VG250_2026_01_01
03159026,Osterode am Harz,03,03159,1,true,true,2026-01-01,BKG_VG250_2026_01_01
03159027,Rhumspringe,03,03159,1,true,true,2026-01-01,BKG_VG250_2026_01_01
03159028,Rollshausen,03,03159,1,true,true,2026-01-01,BKG_VG250_2026_01_01
03159029,Rosdorf,03,03159,1,true,true,2026-01-01,BKG_VG250_2026_01_01
03159030,Rüdershausen,03,03159,1,true,true,2026-01-01,BKG_VG250_2026_01_01
03159031,Scheden,03,03159,1,true,true,2026-01-01,BKG_VG250_2026_01_01
03159032,Seeburg,03,03159,1,true,true,2026-01-01,BKG_VG250_2026_01_01
03159033,Seulingen,03,03159,1,true,true,2026-01-01,BKG_VG250_2026_01_01
03159034,Staufenberg,03,03159,1,true,true,2026-01-01,BKG_VG250_2026_01_01
03159035,Waake,03,03159,1,true,true,2026-01-01,BKG_VG250_2026_01_01
03159036,Walkenried,03,03159,1,true,true,2026-01-01,BKG_VG250_2026_01_01
03159037,Wollbrandshausen,03,03159,1,true,true,2026-01-01,BKG_VG250_2026_01_01
03159038,Wollershausen,03,03159,1,true,true,2026-01-01,BKG_VG250_2026_01_01
03159039,Wulften am Harz,03,03159,1,true,true,2026-01-01,BKG_VG250_2026_01_01
03159501,Harz (Landkreis Göttingen),03,03159,1,true,false,2026-01-01,BKG_VG250_2026_01_01
03241001,Hannover,03,03241,1,true,true,2026-01-01,BKG_VG250_2026_01_01
03241002,Barsinghausen,03,03241,1,true,true,2026-01-01,BKG_VG250_2026_01_01
03241003,Burgdorf,03,03241,1,true,true,2026-01-01,BKG_VG250_2026_01_01
03241004,Burgwedel,03,03241,1,true,true,2026-01-01,BKG_VG250_2026_01_01
03241005,Garbsen,03,03241,1,true,true,2026-01-01,BKG_VG250_2026_01_01
03241006,Gehrden,03,03241,1,true,true,2026-01-01,BKG_VG250_2026_01_01
03241007,Hemmingen,03,03241,1,true,true,2026-01-01,BKG_VG250_2026_01_01
03241008,Isernhagen,03,03241,1,true,true,2026-01-01,BKG_VG250_2026_01_01
03241009,Laatzen,03,03241,1,true,true,2026-01-01,BKG_VG250_2026_01_01
03241010,Langenhagen,03,03241,1,true,true,2026-01-01,BKG_VG250_2026_01_01
03241011,Lehrte,03,03241,1,true,true,2026-01-01,BKG_VG250_2026_01_01
03241012,Neustadt am Rübenberge,03,03241,1,true,true,2026-01-01,BKG_VG250_2026_01_01
03241013,Pattensen,03,03241,1,true,true,2026-01-01,BKG_VG250_2026_01_01
03241014,Ronnenberg,03,03241,1,true,true,2026-01-01,BKG_VG250_2026_01_01
03241015,Seelze,03,03241,1,true,true,2026-01-01,BKG_VG250_2026_01_01
03241016,Sehnde,03,03241,1,true,true,2026-01-01,BKG_VG250_2026_01_01
03241017,Springe,03,03241,1,true,true,2026-01-01,BKG_VG250_2026_01_01
03241018,Uetze,03,03241,1,true,true,2026-01-01,BKG_VG250_2026_01_01
03241019,Wedemark,03,03241,1,true,true,2026-01-01,BKG_VG250_2026_01_01
03241020,Wennigsen (Deister),03,03241,1,true,true,2026-01-01,BKG_VG250_2026_01_01
03241021,Wunstorf,03,03241,1,true,true,2026-01-01,BKG_VG250_2026_01_01
03251001,Affinghausen,03,03251,1,true,true,2026-01-01,BKG_VG250_2026_01_01
03251002,Asendorf,03,03251,1,true,true,2026-01-01,BKG_VG250_2026_01_01
03251003,Bahrenborstel,03,03251,1,true,true,2026-01-01,BKG_VG250_2026_01_01
03251004,Barenburg,03,03251,1,true,true,2026-01-01,BKG_VG250_2026_01_01
03251005,Barnstorf,03,03251,1,true,true,2026-01-01,BKG_VG250_2026_01_01
03251006,Barver,03,03251,1,true,true,2026-01-01,BKG_VG250_2026_01_01
03251007,Bassum,03,03251,1,true,true,2026-01-01,BKG_VG250_2026_01_01
03251008,Borstel,03,03251,1,true,true,2026-01-01,BKG_VG250_2026_01_01
03251009,Brockum,03,03251,1,true,true,2026-01-01,BKG_VG250_2026_01_01
03251011,Dickel,03,03251,1,true,true,2026-01-01,BKG_VG250_2026_01_01
03251012,Diepholz,03,03251,1,true,true,2026-01-01,BKG_VG250_2026_01_01
03251013,Drebber,03,03251,1,true,true,2026-01-01,BKG_VG250_2026_01_01
03251014,Drentwede,03,03251,1,true,true,2026-01-01,BKG_VG250_2026_01_01
03251015,Ehrenburg,03,03251,1,true,true,2026-01-01,BKG_VG250_2026_01_01
03251017,Eydelstedt,03,03251,1,true,true,2026-01-01,BKG_VG250_2026_01_01
03251018,Freistatt,03,03251,1,true,true,2026-01-01,BKG_VG250_2026_01_01
03251019,Hemsloh,03,03251,1,true,true,2026-01-01,BKG_VG250_2026_01_01
03251020,Hüde,03,03251,1,true,true,2026-01-01,BKG_VG250_2026_01_01
03251021,Kirchdorf,03,03251,1,true,true,2026-01-01,BKG_VG250_2026_01_01
03251022,Lembruch,03,03251,1,true,true,2026-01-01,BKG_VG250_2026_01_01
03251023,Lemförde,03,03251,1,true,true,2026-01-01,BKG_VG250_2026_01_01
03251024,Maasen,03,03251,1,true,true,2026-01-01,BKG_VG250_2026_01_01
03251025,Marl,03,03251,1,true,true,2026-01-01,BKG_VG250_2026_01_01
03251026,Martfeld,03,03251,1,true,true,2026-01-01,BKG_VG250_2026_01_01
03251027,Mellinghausen,03,03251,1,true,true,2026-01-01,BKG_VG250_2026_01_01
03251028,Neuenkirchen,03,03251,1,true,true,2026-01-01,BKG_VG250_2026_01_01
03251029,Quernheim,03,03251,1,true,true,2026-01-01,BKG_VG250_2026_01_01
03251030,Rehden,03,03251,1,true,true,2026-01-01,BKG_VG250_2026_01_01
03251031,Scholen,03,03251,1,true,true,2026-01-01,BKG_VG250_2026_01_01
03251032,Schwaförden,03,03251,1,true,true,2026-01-01,BKG_VG250_2026_01_01
03251033,Schwarme,03,03251,1,true,true,2026-01-01,BKG_VG250_2026_01_01
03251034,Siedenburg,03,03251,1,true,true,2026-01-01,BKG_VG250_2026_01_01
03251035,Staffhorst,03,03251,1,true,true,2026-01-01,BKG_VG250_2026_01_01
03251036,Stemshorn,03,03251,1,true,true,2026-01-01,BKG_VG250_2026_01_01
03251037,Stuhr,03,03251,1,true,true,2026-01-01,BKG_VG250_2026_01_01
03251038,Sudwalde,03,03251,1,true,true,2026-01-01,BKG_VG250_2026_01_01
03251040,Sulingen,03,03251,1,true,true,2026-01-01,BKG_VG250_2026_01_01
03251041,Syke,03,03251,1,true,true,2026-01-01,BKG_VG250_2026_01_01
03251042,Twistringen,03,03251,1,true,true,2026-01-01,BKG_VG250_2026_01_01
03251043,Varrel,03,03251,1,true,true,2026-01-01,BKG_VG250_2026_01_01
03251044,Wagenfeld,03,03251,1,true,true,2026-01-01,BKG_VG250_2026_01_01
03251045,Wehrbleck,03,03251,1,true,true,2026-01-01,BKG_VG250_2026_01_01
03251046,Wetschen,03,03251,1,true,true,2026-01-01,BKG_VG250_2026_01_01
03251047,Weyhe,03,03251,1,true,true,2026-01-01,BKG_VG250_2026_01_01
03251049,Bruchhausen-Vilsen,03,03251,1,true,true,2026-01-01,BKG_VG250_2026_01_01
03252001,Aerzen,03,03252,1,true,true,2026-01-01,BKG_VG250_2026_01_01
03252002,Bad Münder am Deister,03,03252,1,true,true,2026-01-01,BKG_VG250_2026_01_01
03252003,Bad Pyrmont,03,03252,1,true,true,2026-01-01,BKG_VG250_2026_01_01
03252004,Coppenbrügge,03,03252,1,true,true,2026-01-01,BKG_VG250_2026_01_01
03252005,Emmerthal,03,03252,1,true,true,2026-01-01,BKG_VG250_2026_01_01
03252006,Hameln,03,03252,1,true,true,2026-01-01,BKG_VG250_2026_01_01
03252007,Hessisch Oldendorf,03,03252,1,true,true,2026-01-01,BKG_VG250_2026_01_01
03252008,Salzhemmendorf,03,03252,1,true,true,2026-01-01,BKG_VG250_2026_01_01
03254002,Alfeld (Leine),03,03254,1,true,true,2026-01-01,BKG_VG250_2026_01_01
03254003,Algermissen,03,03254,1,true,true,2026-01-01,BKG_VG250_2026_01_01
03254005,Bad Salzdetfurth,03,03254,1,true,true,2026-01-01,BKG_VG250_2026_01_01
03254008,Bockenem,03,03254,1,true,true,2026-01-01,BKG_VG250_2026_01_01
03254011,Diekholzen,03,03254,1,true,true,2026-01-01,BKG_VG250_2026_01_01
03254013,Eime,03,03254,1,true,true,2026-01-01,BKG_VG250_2026_01_01
03254014,Elze,03,03254,1,true,true,2026-01-01,BKG_VG250_2026_01_01
03254017,Giesen,03,03254,1,true,true,2026-01-01,BKG_VG250_2026_01_01
03254020,Harsum,03,03254,1,true,true,2026-01-01,BKG_VG250_2026_01_01
03254021,Hildesheim,03,03254,1,true,true,2026-01-01,BKG_VG250_2026_01_01
03254022,Holle,03,03254,1,true,true,2026-01-01,BKG_VG250_2026_01_01
03254026,Nordstemmen,03,03254,1,true,true,2026-01-01,BKG_VG250_2026_01_01
03254028,Sarstedt,03,03254,1,true,true,2026-01-01,BKG_VG250_2026_01_01
03254029,Schellerten,03,03254,1,true,true,2026-01-01,BKG_VG250_2026_01_01
03254032,Söhlde,03,03254,1,true,true,2026-01-01,BKG_VG250_2026_01_01
03254041,Duingen,03,03254,1,true,true,2026-01-01,BKG_VG250_2026_01_01
03254042,Freden (Leine),03,03254,1,true,true,2026-01-01,BKG_VG250_2026_01_01
03254043,Gronau (Leine),03,03254,1,true,true,2026-01-01,BKG_VG250_2026_01_01
03254044,Lamspringe,03,03254,1,true,true,2026-01-01,BKG_VG250_2026_01_01
03254045,Sibbesse,03,03254,1,true,true,2026-01-01,BKG_VG250_2026_01_01
03255001,Arholzen,03,03255,1,true,true,2026-01-01,BKG_VG250_2026_01_01
03255002,Bevern,03,03255,1,true,true,2026-01-01,BKG_VG250_2026_01_01
03255003,Bodenwerder,03,03255,1,true,true,2026-01-01,BKG_VG250_2026_01_01
03255004,Boffzen,03,03255,1,true,true,2026-01-01,BKG_VG250_2026_01_01
03255005,Brevörde,03,03255,1,true,true,2026-01-01,BKG_VG250_2026_01_01
03255007,Deensen,03,03255,1,true,true,2026-01-01,BKG_VG250_2026_01_01
03255008,Delligsen,03,03255,1,true,true,2026-01-01,BKG_VG250_2026_01_01
03255009,Derental,03,03255,1,true,true,2026-01-01,BKG_VG250_2026_01_01
03255010,Dielmissen,03,03255,1,true,true,2026-01-01,BKG_VG250_2026_01_01
03255012,Eimen,03,03255,1,true,true,2026-01-01,BKG_VG250_2026_01_01
03255013,Eschershausen,03,03255,1,true,true,2026-01-01,BKG_VG250_2026_01_01
03255014,Fürstenberg,03,03255,1,true,true,2026-01-01,BKG_VG250_2026_01_01
03255015,Golmbach,03,03255,1,true,true,2026-01-01,BKG_VG250_2026_01_01
03255016,Halle,03,03255,1,true,true,2026-01-01,BKG_VG250_2026_01_01
03255017,Hehlen,03,03255,1,true,true,2026-01-01,BKG_VG250_2026_01_01
03255018,Heinade,03,03255,1,true,true,2026-01-01,BKG_VG250_2026_01_01
03255019,Heinsen,03,03255,1,true,true,2026-01-01,BKG_VG250_2026_01_01
03255020,Heyen,03,03255,1,true,true,2026-01-01,BKG_VG250_2026_01_01
03255021,Holenberg,03,03255,1,true,true,2026-01-01,BKG_VG250_2026_01_01
03255022,Holzen,03,03255,1,true,true,2026-01-01,BKG_VG250_2026_01_01
03255023,Holzminden,03,03255,1,true,true,2026-01-01,BKG_VG250_2026_01_01
03255025,Kirchbrak,03,03255,1,true,true,2026-01-01,BKG_VG250_2026_01_01
03255026,Lauenförde,03,03255,1,true,true,2026-01-01,BKG_VG250_2026_01_01
03255027,Lenne,03,03255,1,true,true,2026-01-01,BKG_VG250_2026_01_01
03255028,Lüerdissen,03,03255,1,true,true,2026-01-01,BKG_VG250_2026_01_01
03255030,Negenborn,03,03255,1,true,true,2026-01-01,BKG_VG250_2026_01_01
03255031,Ottenstein,03,03255,1,true,true,2026-01-01,BKG_VG250_2026_01_01
03255032,Pegestorf,03,03255,1,true,true,2026-01-01,BKG_VG250_2026_01_01
03255033,Polle,03,03255,1,true,true,2026-01-01,BKG_VG250_2026_01_01
03255034,Stadtoldendorf,03,03255,1,true,true,2026-01-01,BKG_VG250_2026_01_01
03255035,Vahlbruch,03,03255,1,true,true,2026-01-01,BKG_VG250_2026_01_01
03255036,Wangelnstedt,03,03255,1,true,true,2026-01-01,BKG_VG250_2026_01_01
03255501,Boffzen,03,03255,1,true,false,2026-01-01,BKG_VG250_2026_01_01
03255502,Eimen,03,03255,1,true,false,2026-01-01,BKG_VG250_2026_01_01
03255503,Eschershausen,03,03255,1,true,false,2026-01-01,BKG_VG250_2026_01_01
03255504,Grünenplan,03,03255,1,true,false,2026-01-01,BKG_VG250_2026_01_01
03255505,Holzminden,03,03255,1,true,false,2026-01-01,BKG_VG250_2026_01_01
03255506,Merxhausen,03,03255,1,true,false,2026-01-01,BKG_VG250_2026_01_01
03255508,Wenzen,03,03255,1,true,false,2026-01-01,BKG_VG250_2026_01_01
03256001,Balge,03,03256,1,true,true,2026-01-01,BKG_VG250_2026_01_01
03256002,Binnen,03,03256,1,true,true,2026-01-01,BKG_VG250_2026_01_01
03256003,Bücken,03,03256,1,true,true,2026-01-01,BKG_VG250_2026_01_01
03256004,Diepenau,03,03256,1,true,true,2026-01-01,BKG_VG250_2026_01_01
03256005,Drakenburg,03,03256,1,true,true,2026-01-01,BKG_VG250_2026_01_01
03256006,Estorf,03,03256,1,true,true,2026-01-01,BKG_VG250_2026_01_01
03256007,Eystrup,03,03256,1,true,true,2026-01-01,BKG_VG250_2026_01_01
03256008,Gandesbergen,03,03256,1,true,true,2026-01-01,BKG_VG250_2026_01_01
03256009,Hämelhausen,03,03256,1,true,true,2026-01-01,BKG_VG250_2026_01_01
03256010,Hassel (Weser),03,03256,1,true,true,2026-01-01,BKG_VG250_2026_01_01
03256011,Haßbergen,03,03256,1,true,true,2026-01-01,BKG_VG250_2026_01_01
03256012,Heemsen,03,03256,1,true,true,2026-01-01,BKG_VG250_2026_01_01
03256013,Hilgermissen,03,03256,1,true,true,2026-01-01,BKG_VG250_2026_01_01
03256014,Hoya,03,03256,1,true,true,2026-01-01,BKG_VG250_2026_01_01
03256015,Hoyerhagen,03,03256,1,true,true,2026-01-01,BKG_VG250_2026_01_01
03256016,Husum,03,03256,1,true,true,2026-01-01,BKG_VG250_2026_01_01
03256017,Landesbergen,03,03256,1,true,true,2026-01-01,BKG_VG250_2026_01_01
03256018,Leese,03,03256,1,true,true,2026-01-01,BKG_VG250_2026_01_01
03256019,Liebenau,03,03256,1,true,true,2026-01-01,BKG_VG250_2026_01_01
03256020,Linsburg,03,03256,1,true,true,2026-01-01,BKG_VG250_2026_01_01
03256021,Marklohe,03,03256,1,true,true,2026-01-01,BKG_VG250_2026_01_01
03256022,Nienburg (Weser),03,03256,1,true,true,2026-01-01,BKG_VG250_2026_01_01
03256023,Pennigsehl,03,03256,1,true,true,2026-01-01,BKG_VG250_2026_01_01
03256024,Raddestorf,03,03256,1,true,true,2026-01-01,BKG_VG250_2026_01_01
03256025,Rehburg-Loccum,03,03256,1,true,true,2026-01-01,BKG_VG250_2026_01_01
03256026,Rodewald,03,03256,1,true,true,2026-01-01,BKG_VG250_2026_01_01
03256027,Rohrsen,03,03256,1,true,true,2026-01-01,BKG_VG250_2026_01_01
03256028,Schweringen,03,03256,1,true,true,2026-01-01,BKG_VG250_2026_01_01
03256029,Steimbke,03,03256,1,true,true,2026-01-01,BKG_VG250_2026_01_01
03256030,Steyerberg,03,03256,1,true,true,2026-01-01,BKG_VG250_2026_01_01
03256031,Stöckse,03,03256,1,true,true,2026-01-01,BKG_VG250_2026_01_01
03256032,Stolzenau,03,03256,1,true,true,2026-01-01,BKG_VG250_2026_01_01
03256033,Uchte,03,03256,1,true,true,2026-01-01,BKG_VG250_2026_01_01
03256034,Warmsen,03,03256,1,true,true,2026-01-01,BKG_VG250_2026_01_01
03256035,Warpe,03,03256,1,true,true,2026-01-01,BKG_VG250_2026_01_01
03256036,Wietzen,03,03256,1,true,true,2026-01-01,BKG_VG250_2026_01_01
03257001,Ahnsen,03,03257,1,true,true,2026-01-01,BKG_VG250_2026_01_01
03257002,Apelern,03,03257,1,true,true,2026-01-01,BKG_VG250_2026_01_01
03257003,Auetal,03,03257,1,true,true,2026-01-01,BKG_VG250_2026_01_01
03257004,Auhagen,03,03257,1,true,true,2026-01-01,BKG_VG250_2026_01_01
03257005,Bad Eilsen,03,03257,1,true,true,2026-01-01,BKG_VG250_2026_01_01
03257006,Bad Nenndorf,03,03257,1,true,true,2026-01-01,BKG_VG250_2026_01_01
03257007,Beckedorf,03,03257,1,true,true,2026-01-01,BKG_VG250_2026_01_01
03257008,Buchholz,03,03257,1,true,true,2026-01-01,BKG_VG250_2026_01_01
03257009,Bückeburg,03,03257,1,true,true,2026-01-01,BKG_VG250_2026_01_01
03257010,Hagenburg,03,03257,1,true,true,2026-01-01,BKG_VG250_2026_01_01
03257011,Haste,03,03257,1,true,true,2026-01-01,BKG_VG250_2026_01_01
03257012,Heeßen,03,03257,1,true,true,2026-01-01,BKG_VG250_2026_01_01
03257013,Helpsen,03,03257,1,true,true,2026-01-01,BKG_VG250_2026_01_01
03257014,Hespe,03,03257,1,true,true,2026-01-01,BKG_VG250_2026_01_01
03257015,Heuerßen,03,03257,1,true,true,2026-01-01,BKG_VG250_2026_01_01
03257016,Hohnhorst,03,03257,1,true,true,2026-01-01,BKG_VG250_2026_01_01
03257017,Hülsede,03,03257,1,true,true,2026-01-01,BKG_VG250_2026_01_01
03257018,Lauenau,03,03257,1,true,true,2026-01-01,BKG_VG250_2026_01_01
03257019,Lauenhagen,03,03257,1,true,true,2026-01-01,BKG_VG250_2026_01_01
03257020,Lindhorst,03,03257,1,true,true,2026-01-01,BKG_VG250_2026_01_01
03257021,Lüdersfeld,03,03257,1,true,true,2026-01-01,BKG_VG250_2026_01_01
03257022,Luhden,03,03257,1,true,true,2026-01-01,BKG_VG250_2026_01_01
03257023,Meerbeck,03,03257,1,true,true,2026-01-01,BKG_VG250_2026_01_01
03257024,Messenkamp,03,03257,1,true,true,2026-01-01,BKG_VG250_2026_01_01
03257025,Niedernwöhren,03,03257,1,true,true,2026-01-01,BKG_VG250_2026_01_01
03257026,Nienstädt,03,03257,1,true,true,2026-01-01,BKG_VG250_2026_01_01
03257027,Nordsehl,03,03257,1,true,true,2026-01-01,BKG_VG250_2026_01_01
03257028,Obernkirchen,03,03257,1,true,true,2026-01-01,BKG_VG250_2026_01_01
03257029,Pohle,03,03257,1,true,true,2026-01-01,BKG_VG250_2026_01_01
03257030,Pollhagen,03,03257,1,true,true,2026-01-01,BKG_VG250_2026_01_01
03257031,Rinteln,03,03257,1,true,true,2026-01-01,BKG_VG250_2026_01_01
03257032,Rodenberg,03,03257,1,true,true,2026-01-01,BKG_VG250_2026_01_01
03257033,Sachsenhagen,03,03257,1,true,true,2026-01-01,BKG_VG250_2026_01_01
03257034,Seggebruch,03,03257,1,true,true,2026-01-01,BKG_VG250_2026_01_01
03257035,Stadthagen,03,03257,1,true,true,2026-01-01,BKG_VG250_2026_01_01
03257036,Suthfeld,03,03257,1,true,true,2026-01-01,BKG_VG250_2026_01_01
03257037,Wiedensahl,03,03257,1,true,true,2026-01-01,BKG_VG250_2026_01_01
03257038,Wölpinghausen,03,03257,1,true,true,2026-01-01,BKG_VG250_2026_01_01
03351001,Adelheidsdorf,03,03351,1,true,true,2026-01-01,BKG_VG250_2026_01_01
03351002,Ahnsbeck,03,03351,1,true,true,2026-01-01,BKG_VG250_2026_01_01
03351003,Beedenbostel,03,03351,1,true,true,2026-01-01,BKG_VG250_2026_01_01
03351004,Bergen,03,03351,1,true,true,2026-01-01,BKG_VG250_2026_01_01
03351005,Bröckel,03,03351,1,true,true,2026-01-01,BKG_VG250_2026_01_01
03351006,Celle,03,03351,1,true,true,2026-01-01,BKG_VG250_2026_01_01
03351007,Eicklingen,03,03351,1,true,true,2026-01-01,BKG_VG250_2026_01_01
03351008,Eldingen,03,03351,1,true,true,2026-01-01,BKG_VG250_2026_01_01
03351010,Faßberg,03,03351,1,true,true,2026-01-01,BKG_VG250_2026_01_01
03351012,Hambühren,03,03351,1,true,true,2026-01-01,BKG_VG250_2026_01_01
03351015,Hohne,03,03351,1,true,true,2026-01-01,BKG_VG250_2026_01_01
03351016,Lachendorf,03,03351,1,true,true,2026-01-01,BKG_VG250_2026_01_01
03351017,Langlingen,03,03351,1,true,true,2026-01-01,BKG_VG250_2026_01_01
03351018,Nienhagen,03,03351,1,true,true,2026-01-01,BKG_VG250_2026_01_01
03351021,Wathlingen,03,03351,1,true,true,2026-01-01,BKG_VG250_2026_01_01
03351022,Wienhausen,03,03351,1,true,true,2026-01-01,BKG_VG250_2026_01_01
03351023,Wietze,03,03351,1,true,true,2026-01-01,BKG_VG250_2026_01_01
03351024,Winsen (Aller),03,03351,1,true,true,2026-01-01,BKG_VG250_2026_01_01
03351025,Eschede,03,03351,1,true,true,2026-01-01,BKG_VG250_2026_01_01
03351026,Südheide,03,03351,1,true,true,2026-01-01,BKG_VG250_2026_01_01
03351501,Lohheide,03,03351,1,true,true,2026-01-01,BKG_VG250_2026_01_01
03352002,Armstorf,03,03352,1,true,true,2026-01-01,BKG_VG250_2026_01_01
03352004,Belum,03,03352,2,true,true,2026-01-01,BKG_VG250_2026_01_01
03352008,Bülkau,03,03352,1,true,true,2026-01-01,BKG_VG250_2026_01_01
03352011,Cuxhaven,03,03352,1,true,true,2026-01-01,BKG_VG250_2026_01_01
03352020,Hechthausen,03,03352,1,true,true,2026-01-01,BKG_VG250_2026_01_01
03352022,Hemmoor,03,03352,1,true,true,2026-01-01,BKG_VG250_2026_01_01
03352024,Hollnseth,03,03352,1,true,true,2026-01-01,BKG_VG250_2026_01_01
03352025,Ihlienworth,03,03352,1,true,true,2026-01-01,BKG_VG250_2026_01_01
03352029,Lamstedt,03,03352,1,true,true,2026-01-01,BKG_VG250_2026_01_01
03352032,Loxstedt,03,03352,1,true,true,2026-01-01,BKG_VG250_2026_01_01
03352036,Mittelstenahe,03,03352,1,true,true,2026-01-01,BKG_VG250_2026_01_01
03352038,Neuenkirchen,03,03352,1,true,true,2026-01-01,BKG_VG250_2026_01_01
03352039,Neuhaus (Oste),03,03352,1,true,true,2026-01-01,BKG_VG250_2026_01_01
03352041,Nordleda,03,03352,1,true,true,2026-01-01,BKG_VG250_2026_01_01
03352042,Oberndorf,03,03352,1,true,true,2026-01-01,BKG_VG250_2026_01_01
03352043,Odisheim,03,03352,1,true,true,2026-01-01,BKG_VG250_2026_01_01
03352044,Osten,03,03352,1,true,true,2026-01-01,BKG_VG250_2026_01_01
03352045,Osterbruch,03,03352,1,true,true,2026-01-01,BKG_VG250_2026_01_01
03352046,Otterndorf,03,03352,1,true,true,2026-01-01,BKG_VG250_2026_01_01
03352050,Schiffdorf,03,03352,1,true,true,2026-01-01,BKG_VG250_2026_01_01
03352051,Steinau,03,03352,1,true,true,2026-01-01,BKG_VG250_2026_01_01
03352052,Stinstedt,03,03352,1,true,true,2026-01-01,BKG_VG250_2026_01_01
03352055,Wanna,03,03352,1,true,true,2026-01-01,BKG_VG250_2026_01_01
03352056,Wingst,03,03352,1,true,true,2026-01-01,BKG_VG250_2026_01_01
03352059,Beverstedt,03,03352,1,true,true,2026-01-01,BKG_VG250_2026_01_01
03352060,Hagen im Bremischen,03,03352,1,true,true,2026-01-01,BKG_VG250_2026_01_01
03352061,Wurster Nordseeküste,03,03352,2,true,true,2026-01-01,BKG_VG250_2026_01_01
03352062,Geestland,03,03352,1,true,true,2026-01-01,BKG_VG250_2026_01_01
03352063,Cadenberge,03,03352,1,true,true,2026-01-01,BKG_VG250_2026_01_01
03353001,Appel,03,03353,1,true,true,2026-01-01,BKG_VG250_2026_01_01
03353002,Asendorf,03,03353,1,true,true,2026-01-01,BKG_VG250_2026_01_01
03353003,Bendestorf,03,03353,1,true,true,2026-01-01,BKG_VG250_2026_01_01
03353004,Brackel,03,03353,1,true,true,2026-01-01,BKG_VG250_2026_01_01
03353005,Buchholz in der Nordheide,03,03353,1,true,true,2026-01-01,BKG_VG250_2026_01_01
03353006,Dohren,03,03353,1,true,true,2026-01-01,BKG_VG250_2026_01_01
03353007,Drage,03,03353,1,true,true,2026-01-01,BKG_VG250_2026_01_01
03353008,Drestedt,03,03353,1,true,true,2026-01-01,BKG_VG250_2026_01_01
03353009,Egestorf,03,03353,1,true,true,2026-01-01,BKG_VG250_2026_01_01
03353010,Eyendorf,03,03353,1,true,true,2026-01-01,BKG_VG250_2026_01_01
03353011,Garlstorf,03,03353,1,true,true,2026-01-01,BKG_VG250_2026_01_01
03353012,Garstedt,03,03353,1,true,true,2026-01-01,BKG_VG250_2026_01_01
03353013,Gödenstorf,03,03353,1,true,true,2026-01-01,BKG_VG250_2026_01_01
03353014,Halvesbostel,03,03353,1,true,true,2026-01-01,BKG_VG250_2026_01_01
03353015,Handeloh,03,03353,1,true,true,2026-01-01,BKG_VG250_2026_01_01
03353016,Hanstedt,03,03353,1,true,true,2026-01-01,BKG_VG250_2026_01_01
03353017,Harmstorf,03,03353,1,true,true,2026-01-01,BKG_VG250_2026_01_01
03353018,Heidenau,03,03353,1,true,true,2026-01-01,BKG_VG250_2026_01_01
03353019,Hollenstedt,03,03353,1,true,true,2026-01-01,BKG_VG250_2026_01_01
03353020,Jesteburg,03,03353,1,true,true,2026-01-01,BKG_VG250_2026_01_01
03353021,Kakenstorf,03,03353,1,true,true,2026-01-01,BKG_VG250_2026_01_01
03353022,Königsmoor,03,03353,1,true,true,2026-01-01,BKG_VG250_2026_01_01
03353023,Marschacht,03,03353,1,true,true,2026-01-01,BKG_VG250_2026_01_01
03353024,Marxen,03,03353,1,true,true,2026-01-01,BKG_VG250_2026_01_01
03353025,Moisburg,03,03353,1,true,true,2026-01-01,BKG_VG250_2026_01_01
03353026,Neu Wulmstorf,03,03353,1,true,true,2026-01-01,BKG_VG250_2026_01_01
03353027,Otter,03,03353,1,true,true,2026-01-01,BKG_VG250_2026_01_01
03353028,Regesbostel,03,03353,1,true,true,2026-01-01,BKG_VG250_2026_01_01
03353029,Rosengarten,03,03353,1,true,true,2026-01-01,BKG_VG250_2026_01_01
03353030,Salzhausen,03,03353,1,true,true,2026-01-01,BKG_VG250_2026_01_01
03353031,Seevetal,03,03353,1,true,true,2026-01-01,BKG_VG250_2026_01_01
03353032,Stelle,03,03353,1,true,true,2026-01-01,BKG_VG250_2026_01_01
03353033,Tespe,03,03353,1,true,true,2026-01-01,BKG_VG250_2026_01_01
03353034,Toppenstedt,03,03353,1,true,true,2026-01-01,BKG_VG250_2026_01_01
03353035,Tostedt,03,03353,1,true,true,2026-01-01,BKG_VG250_2026_01_01
03353036,Undeloh,03,03353,1,true,true,2026-01-01,BKG_VG250_2026_01_01
03353037,Vierhöfen,03,03353,1,true,true,2026-01-01,BKG_VG250_2026_01_01
03353038,Welle,03,03353,1,true,true,2026-01-01,BKG_VG250_2026_01_01
03353039,Wenzendorf,03,03353,1,true,true,2026-01-01,BKG_VG250_2026_01_01
03353040,Winsen (Luhe),03,03353,1,true,true,2026-01-01,BKG_VG250_2026_01_01
03353041,Wistedt,03,03353,1,true,true,2026-01-01,BKG_VG250_2026_01_01
03353042,Wulfsen,03,03353,1,true,true,2026-01-01,BKG_VG250_2026_01_01
03354001,Bergen an der Dumme,03,03354,1,true,true,2026-01-01,BKG_VG250_2026_01_01
03354002,Clenze,03,03354,1,true,true,2026-01-01,BKG_VG250_2026_01_01
03354003,Damnatz,03,03354,1,true,true,2026-01-01,BKG_VG250_2026_01_01
03354004,Dannenberg (Elbe),03,03354,1,true,true,2026-01-01,BKG_VG250_2026_01_01
03354005,Gartow,03,03354,1,true,true,2026-01-01,BKG_VG250_2026_01_01
03354006,Göhrde,03,03354,1,true,true,2026-01-01,BKG_VG250_2026_01_01
03354007,Gorleben,03,03354,1,true,true,2026-01-01,BKG_VG250_2026_01_01
03354008,Gusborn,03,03354,1,true,true,2026-01-01,BKG_VG250_2026_01_01
03354009,Hitzacker (Elbe),03,03354,1,true,true,2026-01-01,BKG_VG250_2026_01_01
03354010,Höhbeck,03,03354,1,true,true,2026-01-01,BKG_VG250_2026_01_01
03354011,Jameln,03,03354,1,true,true,2026-01-01,BKG_VG250_2026_01_01
03354012,Karwitz,03,03354,1,true,true,2026-01-01,BKG_VG250_2026_01_01
03354013,Küsten,03,03354,1,true,true,2026-01-01,BKG_VG250_2026_01_01
03354014,Langendorf,03,03354,1,true,true,2026-01-01,BKG_VG250_2026_01_01
03354015,Lemgow,03,03354,1,true,true,2026-01-01,BKG_VG250_2026_01_01
03354016,Luckau (Wendland),03,03354,1,true,true,2026-01-01,BKG_VG250_2026_01_01
03354017,Lübbow,03,03354,1,true,true,2026-01-01,BKG_VG250_2026_01_01
03354018,Lüchow (Wendland),03,03354,1,true,true,2026-01-01,BKG_VG250_2026_01_01
03354019,Neu Darchau,03,03354,1,true,true,2026-01-01,BKG_VG250_2026_01_01
03354020,Prezelle,03,03354,1,true,true,2026-01-01,BKG_VG250_2026_01_01
03354021,Schnackenburg,03,03354,1,true,true,2026-01-01,BKG_VG250_2026_01_01
03354022,Schnega,03,03354,1,true,true,2026-01-01,BKG_VG250_2026_01_01
03354023,Trebel,03,03354,1,true,true,2026-01-01,BKG_VG250_2026_01_01
03354024,Waddeweitz,03,03354,1,true,true,2026-01-01,BKG_VG250_2026_01_01
03354025,Woltersdorf,03,03354,1,true,true,2026-01-01,BKG_VG250_2026_01_01
03354026,Wustrow (Wendland),03,03354,1,true,true,2026-01-01,BKG_VG250_2026_01_01
03354027,Zernien,03,03354,1,true,true,2026-01-01,BKG_VG250_2026_01_01
03354501,Gartow,03,03354,1,true,false,2026-01-01,BKG_VG250_2026_01_01
03354502,Göhrde,03,03354,1,true,false,2026-01-01,BKG_VG250_2026_01_01
03355001,Adendorf,03,03355,1,true,true,2026-01-01,BKG_VG250_2026_01_01
03355002,Amelinghausen,03,03355,1,true,true,2026-01-01,BKG_VG250_2026_01_01
03355003,Artlenburg,03,03355,1,true,true,2026-01-01,BKG_VG250_2026_01_01
03355004,Bardowick,03,03355,1,true,true,2026-01-01,BKG_VG250_2026_01_01
03355005,Barendorf,03,03355,1,true,true,2026-01-01,BKG_VG250_2026_01_01
03355006,Barnstedt,03,03355,1,true,true,2026-01-01,BKG_VG250_2026_01_01
03355007,Barum,03,03355,1,true,true,2026-01-01,BKG_VG250_2026_01_01
03355008,Betzendorf,03,03355,1,true,true,2026-01-01,BKG_VG250_2026_01_01
03355009,Bleckede,03,03355,1,true,true,2026-01-01,BKG_VG250_2026_01_01
03355010,Boitze,03,03355,1,true,true,2026-01-01,BKG_VG250_2026_01_01
03355011,Brietlingen,03,03355,1,true,true,2026-01-01,BKG_VG250_2026_01_01
03355012,Dahlem,03,03355,1,true,true,2026-01-01,BKG_VG250_2026_01_01
03355013,Dahlenburg,03,03355,1,true,true,2026-01-01,BKG_VG250_2026_01_01
03355014,Deutsch Evern,03,03355,1,true,true,2026-01-01,BKG_VG250_2026_01_01
03355015,Echem,03,03355,1,true,true,2026-01-01,BKG_VG250_2026_01_01
03355016,Embsen,03,03355,1,true,true,2026-01-01,BKG_VG250_2026_01_01
03355017,Handorf,03,03355,1,true,true,2026-01-01,BKG_VG250_2026_01_01
03355018,Hittbergen,03,03355,1,true,true,2026-01-01,BKG_VG250_2026_01_01
03355019,Hohnstorf (Elbe),03,03355,1,true,true,2026-01-01,BKG_VG250_2026_01_01
03355020,Kirchgellersen,03,03355,1,true,true,2026-01-01,BKG_VG250_2026_01_01
03355021,Lüdersburg,03,03355,1,true,true,2026-01-01,BKG_VG250_2026_01_01
03355022,Lüneburg,03,03355,1,true,true,2026-01-01,BKG_VG250_2026_01_01
03355023,Mechtersen,03,03355,1,true,true,2026-01-01,BKG_VG250_2026_01_01
03355024,Melbeck,03,03355,1,true,true,2026-01-01,BKG_VG250_2026_01_01
03355025,Nahrendorf,03,03355,1,true,true,2026-01-01,BKG_VG250_2026_01_01
03355026,Neetze,03,03355,1,true,true,2026-01-01,BKG_VG250_2026_01_01
03355027,Oldendorf (Luhe),03,03355,1,true,true,2026-01-01,BKG_VG250_2026_01_01
03355028,Radbruch,03,03355,1,true,true,2026-01-01,BKG_VG250_2026_01_01
03355029,Rehlingen,03,03355,1,true,true,2026-01-01,BKG_VG250_2026_01_01
03355030,Reinstorf,03,03355,1,true,true,2026-01-01,BKG_VG250_2026_01_01
03355031,Reppenstedt,03,03355,1,true,true,2026-01-01,BKG_VG250_2026_01_01
03355032,Rullstorf,03,03355,1,true,true,2026-01-01,BKG_VG250_2026_01_01
03355033,Scharnebeck,03,03355,1,true,true,2026-01-01,BKG_VG250_2026_01_01
03355034,Soderstorf,03,03355,1,true,true,2026-01-01,BKG_VG250_2026_01_01
03355035,Südergellersen,03,03355,1,true,true,2026-01-01,BKG_VG250_2026_01_01
03355036,Thomasburg,03,03355,1,true,true,2026-01-01,BKG_VG250_2026_01_01
03355037,Tosterglope,03,03355,1,true,true,2026-01-01,BKG_VG250_2026_01_01
03355038,Vastorf,03,03355,1,true,true,2026-01-01,BKG_VG250_2026_01_01
03355039,Vögelsen,03,03355,1,true,true,2026-01-01,BKG_VG250_2026_01_01
03355040,Wendisch Evern,03,03355,1,true,true,2026-01-01,BKG_VG250_2026_01_01
03355041,Westergellersen,03,03355,1,true,true,2026-01-01,BKG_VG250_2026_01_01
03355042,Wittorf,03,03355,1,true,true,2026-01-01,BKG_VG250_2026_01_01
03355049,Amt Neuhaus,03,03355,1,true,true,2026-01-01,BKG_VG250_2026_01_01
03356001,Axstedt,03,03356,1,true,true,2026-01-01,BKG_VG250_2026_01_01
03356002,Grasberg,03,03356,1,true,true,2026-01-01,BKG_VG250_2026_01_01
03356003,Hambergen,03,03356,1,true,true,2026-01-01,BKG_VG250_2026_01_01
03356004,Holste,03,03356,1,true,true,2026-01-01,BKG_VG250_2026_01_01
03356005,Lilienthal,03,03356,1,true,true,2026-01-01,BKG_VG250_2026_01_01
03356006,Lübberstedt,03,03356,1,true,true,2026-01-01,BKG_VG250_2026_01_01
03356007,Osterholz-Scharmbeck,03,03356,1,true,true,2026-01-01,BKG_VG250_2026_01_01
03356008,Ritterhude,03,03356,1,true,true,2026-01-01,BKG_VG250_2026_01_01
03356009,Schwanewede,03,03356,1,true,true,2026-01-01,BKG_VG250_2026_01_01
03356010,Vollersode,03,03356,1,true,true,2026-01-01,BKG_VG250_2026_01_01
03356011,Worpswede,03,03356,1,true,true,2026-01-01,BKG_VG250_2026_01_01
03357001,Ahausen,03,03357,1,true,true,2026-01-01,BKG_VG250_2026_01_01
03357002,Alfstedt,03,03357,1,true,true,2026-01-01,BKG_VG250_2026_01_01
03357003,Anderlingen,03,03357,1,true,true,2026-01-01,BKG_VG250_2026_01_01
03357004,Basdahl,03,03357,1,true,true,2026-01-01,BKG_VG250_2026_01_01
03357005,Bötersen,03,03357,1,true,true,2026-01-01,BKG_VG250_2026_01_01
03357006,Bothel,03,03357,1,true,true,2026-01-01,BKG_VG250_2026_01_01
03357007,Breddorf,03,03357,1,true,true,2026-01-01,BKG_VG250_2026_01_01
03357008,Bremervörde,03,03357,1,true,true,2026-01-01,BKG_VG250_2026_01_01
03357009,Brockel,03,03357,1,true,true,2026-01-01,BKG_VG250_2026_01_01
03357010,Bülstedt,03,03357,1,true,true,2026-01-01,BKG_VG250_2026_01_01
03357011,Deinstedt,03,03357,1,true,true,2026-01-01,BKG_VG250_2026_01_01
03357012,Ebersdorf,03,03357,1,true,true,2026-01-01,BKG_VG250_2026_01_01
03357013,Elsdorf,03,03357,1,true,true,2026-01-01,BKG_VG250_2026_01_01
03357014,Farven,03,03357,1,true,true,2026-01-01,BKG_VG250_2026_01_01
03357015,Fintel,03,03357,1,true,true,2026-01-01,BKG_VG250_2026_01_01
03357016,Gnarrenburg,03,03357,1,true,true,2026-01-01,BKG_VG250_2026_01_01
03357017,Groß Meckelsen,03,03357,1,true,true,2026-01-01,BKG_VG250_2026_01_01
03357018,Gyhum,03,03357,1,true,true,2026-01-01,BKG_VG250_2026_01_01
03357019,Hamersen,03,03357,1,true,true,2026-01-01,BKG_VG250_2026_01_01
03357020,Hassendorf,03,03357,1,true,true,2026-01-01,BKG_VG250_2026_01_01
03357021,Heeslingen,03,03357,1,true,true,2026-01-01,BKG_VG250_2026_01_01
03357022,Hellwege,03,03357,1,true,true,2026-01-01,BKG_VG250_2026_01_01
03357023,Helvesiek,03,03357,1,true,true,2026-01-01,BKG_VG250_2026_01_01
03357024,Hemsbünde,03,03357,1,true,true,2026-01-01,BKG_VG250_2026_01_01
03357025,Hemslingen,03,03357,1,true,true,2026-01-01,BKG_VG250_2026_01_01
03357026,Hepstedt,03,03357,1,true,true,2026-01-01,BKG_VG250_2026_01_01
03357027,Hipstedt,03,03357,1,true,true,2026-01-01,BKG_VG250_2026_01_01
03357028,Horstedt,03,03357,1,true,true,2026-01-01,BKG_VG250_2026_01_01
03357029,Kalbe,03,03357,1,true,true,2026-01-01,BKG_VG250_2026_01_01
03357030,Kirchtimke,03,03357,1,true,true,2026-01-01,BKG_VG250_2026_01_01
03357031,Kirchwalsede,03,03357,1,true,true,2026-01-01,BKG_VG250_2026_01_01
03357032,Klein Meckelsen,03,03357,1,true,true,2026-01-01,BKG_VG250_2026_01_01
03357033,Lauenbrück,03,03357,1,true,true,2026-01-01,BKG_VG250_2026_01_01
03357034,Lengenbostel,03,03357,1,true,true,2026-01-01,BKG_VG250_2026_01_01
03357035,Oerel,03,03357,1,true,true,2026-01-01,BKG_VG250_2026_01_01
03357036,Ostereistedt,03,03357,1,true,true,2026-01-01,BKG_VG250_2026_01_01
03357037,Reeßum,03,03357,1,true,true,2026-01-01,BKG_VG250_2026_01_01
03357038,Rhade,03,03357,1,true,true,2026-01-01,BKG_VG250_2026_01_01
03357039,Rotenburg (Wümme),03,03357,1,true,true,2026-01-01,BKG_VG250_2026_01_01
03357040,Sandbostel,03,03357,1,true,true,2026-01-01,BKG_VG250_2026_01_01
03357041,Scheeßel,03,03357,1,true,true,2026-01-01,BKG_VG250_2026_01_01
03357042,Seedorf,03,03357,1,true,true,2026-01-01,BKG_VG250_2026_01_01
03357043,Selsingen,03,03357,1,true,true,2026-01-01,BKG_VG250_2026_01_01
03357044,Sittensen,03,03357,1,true,true,2026-01-01,BKG_VG250_2026_01_01
03357045,Sottrum,03,03357,1,true,true,2026-01-01,BKG_VG250_2026_01_01
03357046,Stemmen,03,03357,1,true,true,2026-01-01,BKG_VG250_2026_01_01
03357047,Tarmstedt,03,03357,1,true,true,2026-01-01,BKG_VG250_2026_01_01
03357048,Tiste,03,03357,1,true,true,2026-01-01,BKG_VG250_2026_01_01
03357049,Vahlde,03,03357,1,true,true,2026-01-01,BKG_VG250_2026_01_01
03357050,Vierden,03,03357,1,true,true,2026-01-01,BKG_VG250_2026_01_01
03357051,Visselhövede,03,03357,1,true,true,2026-01-01,BKG_VG250_2026_01_01
03357052,Vorwerk,03,03357,1,true,true,2026-01-01,BKG_VG250_2026_01_01
03357053,Westertimke,03,03357,1,true,true,2026-01-01,BKG_VG250_2026_01_01
03357054,Westerwalsede,03,03357,1,true,true,2026-01-01,BKG_VG250_2026_01_01
03357055,Wilstedt,03,03357,1,true,true,2026-01-01,BKG_VG250_2026_01_01
03357056,Wohnste,03,03357,1,true,true,2026-01-01,BKG_VG250_2026_01_01
03357057,Zeven,03,03357,1,true,true,2026-01-01,BKG_VG250_2026_01_01
03358001,Ahlden (Aller),03,03358,1,true,true,2026-01-01,BKG_VG250_2026_01_01
03358002,Bispingen,03,03358,1,true,true,2026-01-01,BKG_VG250_2026_01_01
03358003,Böhme,03,03358,1,true,true,2026-01-01,BKG_VG250_2026_01_01
03358005,Buchholz (Aller),03,03358,1,true,true,2026-01-01,BKG_VG250_2026_01_01
03358006,Eickeloh,03,03358,1,true,true,2026-01-01,BKG_VG250_2026_01_01
03358007,Essel,03,03358,1,true,true,2026-01-01,BKG_VG250_2026_01_01
03358008,Bad Fallingbostel,03,03358,1,true,true,2026-01-01,BKG_VG250_2026_01_01
03358009,Frankenfeld,03,03358,1,true,true,2026-01-01,BKG_VG250_2026_01_01
03358010,Gilten,03,03358,1,true,true,2026-01-01,BKG_VG250_2026_01_01
03358011,Grethem,03,03358,1,true,true,2026-01-01,BKG_VG250_2026_01_01
03358012,Hademstorf,03,03358,1,true,true,2026-01-01,BKG_VG250_2026_01_01
03358013,Häuslingen,03,03358,1,true,true,2026-01-01,BKG_VG250_2026_01_01
03358014,Hodenhagen,03,03358,1,true,true,2026-01-01,BKG_VG250_2026_01_01
03358015,Lindwedel,03,03358,1,true,true,2026-01-01,BKG_VG250_2026_01_01
03358016,Munster,03,03358,1,true,true,2026-01-01,BKG_VG250_2026_01_01
03358017,Neuenkirchen,03,03358,1,true,true,2026-01-01,BKG_VG250_2026_01_01
03358018,Rethem (Aller),03,03358,1,true,true,2026-01-01,BKG_VG250_2026_01_01
03358019,Schneverdingen,03,03358,1,true,true,2026-01-01,BKG_VG250_2026_01_01
03358020,Schwarmstedt,03,03358,1,true,true,2026-01-01,BKG_VG250_2026_01_01
03358021,Soltau,03,03358,1,true,true,2026-01-01,BKG_VG250_2026_01_01
03358023,Wietzendorf,03,03358,1,true,true,2026-01-01,BKG_VG250_2026_01_01
03358024,Walsrode,03,03358,1,true,true,2026-01-01,BKG_VG250_2026_01_01
03358501,Osterheide,03,03358,1,true,true,2026-01-01,BKG_VG250_2026_01_01
03359001,Agathenburg,03,03359,1,true,true,2026-01-01,BKG_VG250_2026_01_01
03359002,Ahlerstedt,03,03359,1,true,true,2026-01-01,BKG_VG250_2026_01_01
03359003,Apensen,03,03359,1,true,true,2026-01-01,BKG_VG250_2026_01_01
03359004,Balje,03,03359,2,true,true,2026-01-01,BKG_VG250_2026_01_01
03359005,Bargstedt,03,03359,1,true,true,2026-01-01,BKG_VG250_2026_01_01
03359006,Beckdorf,03,03359,1,true,true,2026-01-01,BKG_VG250_2026_01_01
03359007,Bliedersdorf,03,03359,1,true,true,2026-01-01,BKG_VG250_2026_01_01
03359008,Brest,03,03359,1,true,true,2026-01-01,BKG_VG250_2026_01_01
03359009,Burweg,03,03359,1,true,true,2026-01-01,BKG_VG250_2026_01_01
03359010,Buxtehude,03,03359,1,true,true,2026-01-01,BKG_VG250_2026_01_01
03359011,Deinste,03,03359,1,true,true,2026-01-01,BKG_VG250_2026_01_01
03359012,Dollern,03,03359,1,true,true,2026-01-01,BKG_VG250_2026_01_01
03359013,Drochtersen,03,03359,2,true,true,2026-01-01,BKG_VG250_2026_01_01
03359014,Düdenbüttel,03,03359,1,true,true,2026-01-01,BKG_VG250_2026_01_01
03359015,Engelschoff,03,03359,1,true,true,2026-01-01,BKG_VG250_2026_01_01
03359016,Estorf,03,03359,1,true,true,2026-01-01,BKG_VG250_2026_01_01
03359017,Fredenbeck,03,03359,1,true,true,2026-01-01,BKG_VG250_2026_01_01
03359018,Freiburg (Elbe),03,03359,2,true,true,2026-01-01,BKG_VG250_2026_01_01
03359019,Großenwörden,03,03359,1,true,true,2026-01-01,BKG_VG250_2026_01_01
03359020,Grünendeich,03,03359,2,true,true,2026-01-01,BKG_VG250_2026_01_01
03359021,Guderhandviertel,03,03359,1,true,true,2026-01-01,BKG_VG250_2026_01_01
03359022,Hammah,03,03359,1,true,true,2026-01-01,BKG_VG250_2026_01_01
03359023,Harsefeld,03,03359,1,true,true,2026-01-01,BKG_VG250_2026_01_01
03359024,Heinbockel,03,03359,1,true,true,2026-01-01,BKG_VG250_2026_01_01
03359025,Himmelpforten,03,03359,1,true,true,2026-01-01,BKG_VG250_2026_01_01
03359026,Hollern-Twielenfleth,03,03359,2,true,true,2026-01-01,BKG_VG250_2026_01_01
03359027,Horneburg,03,03359,1,true,true,2026-01-01,BKG_VG250_2026_01_01
03359028,Jork,03,03359,2,true,true,2026-01-01,BKG_VG250_2026_01_01
03359029,Kranenburg,03,03359,1,true,true,2026-01-01,BKG_VG250_2026_01_01
03359030,Krummendeich,03,03359,1,true,true,2026-01-01,BKG_VG250_2026_01_01
03359031,Kutenholz,03,03359,1,true,true,2026-01-01,BKG_VG250_2026_01_01
03359032,Mittelnkirchen,03,03359,1,true,true,2026-01-01,BKG_VG250_2026_01_01
03359033,Neuenkirchen,03,03359,1,true,true,2026-01-01,BKG_VG250_2026_01_01
03359034,Nottensdorf,03,03359,1,true,true,2026-01-01,BKG_VG250_2026_01_01
03359035,Oederquart,03,03359,1,true,true,2026-01-01,BKG_VG250_2026_01_01
03359036,Oldendorf,03,03359,1,true,true,2026-01-01,BKG_VG250_2026_01_01
03359037,Sauensiek,03,03359,1,true,true,2026-01-01,BKG_VG250_2026_01_01
03359038,Stade,03,03359,2,true,true,2026-01-01,BKG_VG250_2026_01_01
03359039,Steinkirchen,03,03359,2,true,true,2026-01-01,BKG_VG250_2026_01_01
03359040,Wischhafen,03,03359,2,true,true,2026-01-01,BKG_VG250_2026_01_01
03360001,Altenmedingen,03,03360,1,true,true,2026-01-01,BKG_VG250_2026_01_01
03360002,Bad Bevensen,03,03360,1,true,true,2026-01-01,BKG_VG250_2026_01_01
03360003,Barum,03,03360,1,true,true,2026-01-01,BKG_VG250_2026_01_01
03360004,Bienenbüttel,03,03360,1,true,true,2026-01-01,BKG_VG250_2026_01_01
03360005,Bad Bodenteich,03,03360,1,true,true,2026-01-01,BKG_VG250_2026_01_01
03360006,Ebstorf,03,03360,1,true,true,2026-01-01,BKG_VG250_2026_01_01
03360007,Eimke,03,03360,1,true,true,2026-01-01,BKG_VG250_2026_01_01
03360008,Emmendorf,03,03360,1,true,true,2026-01-01,BKG_VG250_2026_01_01
03360009,Gerdau,03,03360,1,true,true,2026-01-01,BKG_VG250_2026_01_01
03360010,Hanstedt,03,03360,1,true,true,2026-01-01,BKG_VG250_2026_01_01
03360011,Himbergen,03,03360,1,true,true,2026-01-01,BKG_VG250_2026_01_01
03360012,Jelmstorf,03,03360,1,true,true,2026-01-01,BKG_VG250_2026_01_01
03360013,Lüder,03,03360,1,true,true,2026-01-01,BKG_VG250_2026_01_01
03360014,Natendorf,03,03360,1,true,true,2026-01-01,BKG_VG250_2026_01_01
03360015,Oetzen,03,03360,1,true,true,2026-01-01,BKG_VG250_2026_01_01
03360016,Rätzlingen,03,03360,1,true,true,2026-01-01,BKG_VG250_2026_01_01
03360017,Römstedt,03,03360,1,true,true,2026-01-01,BKG_VG250_2026_01_01
03360018,Rosche,03,03360,1,true,true,2026-01-01,BKG_VG250_2026_01_01
03360019,Schwienau,03,03360,1,true,true,2026-01-01,BKG_VG250_2026_01_01
03360020,Soltendieck,03,03360,1,true,true,2026-01-01,BKG_VG250_2026_01_01
03360022,Stoetze,03,03360,1,true,true,2026-01-01,BKG_VG250_2026_01_01
03360023,Suderburg,03,03360,1,true,true,2026-01-01,BKG_VG250_2026_01_01
03360024,Suhlendorf,03,03360,1,true,true,2026-01-01,BKG_VG250_2026_01_01
03360025,Uelzen,03,03360,1,true,true,2026-01-01,BKG_VG250_2026_01_01
03360026,Weste,03,03360,1,true,true,2026-01-01,BKG_VG250_2026_01_01
03360029,Wriedel,03,03360,1,true,true,2026-01-01,BKG_VG250_2026_01_01
03360030,Wrestedt,03,03360,1,true,true,2026-01-01,BKG_VG250_2026_01_01
03361001,Achim,03,03361,1,true,true,2026-01-01,BKG_VG250_2026_01_01
03361002,Blender,03,03361,1,true,true,2026-01-01,BKG_VG250_2026_01_01
03361003,Dörverden,03,03361,1,true,true,2026-01-01,BKG_VG250_2026_01_01
03361004,Emtinghausen,03,03361,1,true,true,2026-01-01,BKG_VG250_2026_01_01
03361005,Kirchlinteln,03,03361,1,true,true,2026-01-01,BKG_VG250_2026_01_01
03361006,Langwedel,03,03361,1,true,true,2026-01-01,BKG_VG250_2026_01_01
03361008,Ottersberg,03,03361,1,true,true,2026-01-01,BKG_VG250_2026_01_01
03361009,Oyten,03,03361,1,true,true,2026-01-01,BKG_VG250_2026_01_01
03361010,Riede,03,03361,1,true,true,2026-01-01,BKG_VG250_2026_01_01
03361012,Verden (Aller),03,03361,1,true,true,2026-01-01,BKG_VG250_2026_01_01
03361013,Thedinghausen,03,03361,1,true,true,2026-01-01,BKG_VG250_2026_01_01
03401000,Delmenhorst,03,03401,1,true,true,2026-01-01,BKG_VG250_2026_01_01
03402000,Emden,03,03402,2,true,true,2026-01-01,BKG_VG250_2026_01_01
03403000,Oldenburg (Oldb),03,03403,1,true,true,2026-01-01,BKG_VG250_2026_01_01
03404000,Osnabrück,03,03404,1,true,true,2026-01-01,BKG_VG250_2026_01_01
03405000,Wilhelmshaven,03,03405,2,true,true,2026-01-01,BKG_VG250_2026_01_01
03451001,Apen,03,03451,1,true,true,2026-01-01,BKG_VG250_2026_01_01
03451002,Bad Zwischenahn,03,03451,1,true,true,2026-01-01,BKG_VG250_2026_01_01
03451004,Edewecht,03,03451,1,true,true,2026-01-01,BKG_VG250_2026_01_01
03451005,Rastede,03,03451,1,true,true,2026-01-01,BKG_VG250_2026_01_01
03451007,Westerstede,03,03451,1,true,true,2026-01-01,BKG_VG250_2026_01_01
03451008,Wiefelstede,03,03451,1,true,true,2026-01-01,BKG_VG250_2026_01_01
03452001,Aurich,03,03452,1,true,true,2026-01-01,BKG_VG250_2026_01_01
03452002,Baltrum,03,03452,2,true,true,2026-01-01,BKG_VG250_2026_01_01
03452003,Berumbur,03,03452,1,true,true,2026-01-01,BKG_VG250_2026_01_01
03452006,Großefehn,03,03452,1,true,true,2026-01-01,BKG_VG250_2026_01_01
03452007,Großheide,03,03452,1,true,true,2026-01-01,BKG_VG250_2026_01_01
03452008,Hage,03,03452,1,true,true,2026-01-01,BKG_VG250_2026_01_01
03452009,Hagermarsch,03,03452,1,true,true,2026-01-01,BKG_VG250_2026_01_01
03452010,Halbemond,03,03452,1,true,true,2026-01-01,BKG_VG250_2026_01_01
03452011,Hinte,03,03452,1,true,true,2026-01-01,BKG_VG250_2026_01_01
03452012,Ihlow,03,03452,1,true,true,2026-01-01,BKG_VG250_2026_01_01
03452013,Juist,03,03452,2,true,true,2026-01-01,BKG_VG250_2026_01_01
03452014,Krummhörn,03,03452,2,true,true,2026-01-01,BKG_VG250_2026_01_01
03452015,Leezdorf,03,03452,1,true,true,2026-01-01,BKG_VG250_2026_01_01
03452016,Lütetsburg,03,03452,1,true,true,2026-01-01,BKG_VG250_2026_01_01
03452017,Marienhafe,03,03452,1,true,true,2026-01-01,BKG_VG250_2026_01_01
03452019,Norden,03,03452,2,true,true,2026-01-01,BKG_VG250_2026_01_01
03452020,Norderney,03,03452,2,true,true,2026-01-01,BKG_VG250_2026_01_01
03452021,Osteel,03,03452,1,true,true,2026-01-01,BKG_VG250_2026_01_01
03452022,Rechtsupweg,03,03452,1,true,true,2026-01-01,BKG_VG250_2026_01_01
03452023,Südbrookmerland,03,03452,1,true,true,2026-01-01,BKG_VG250_2026_01_01
03452024,Upgant-Schott,03,03452,1,true,true,2026-01-01,BKG_VG250_2026_01_01
03452025,Wiesmoor,03,03452,1,true,true,2026-01-01,BKG_VG250_2026_01_01
03452026,Wirdum,03,03452,1,true,true,2026-01-01,BKG_VG250_2026_01_01
03452027,Dornum,03,03452,1,true,true,2026-01-01,BKG_VG250_2026_01_01
03452501,Nordseeinsel Memmert,03,03452,1,true,false,2026-01-01,BKG_VG250_2026_01_01
03453001,Barßel,03,03453,1,true,true,2026-01-01,BKG_VG250_2026_01_01
03453002,Bösel,03,03453,1,true,true,2026-01-01,BKG_VG250_2026_01_01
03453003,Cappeln (Oldenburg),03,03453,1,true,true,2026-01-01,BKG_VG250_2026_01_01
03453004,Cloppenburg,03,03453,1,true,true,2026-01-01,BKG_VG250_2026_01_01
03453005,Emstek,03,03453,1,true,true,2026-01-01,BKG_VG250_2026_01_01
03453006,Essen (Oldenburg),03,03453,1,true,true,2026-01-01,BKG_VG250_2026_01_01
03453007,Friesoythe,03,03453,1,true,true,2026-01-01,BKG_VG250_2026_01_01
03453008,Garrel,03,03453,1,true,true,2026-01-01,BKG_VG250_2026_01_01
03453009,Lastrup,03,03453,1,true,true,2026-01-01,BKG_VG250_2026_01_01
03453010,Lindern (Oldenburg),03,03453,1,true,true,2026-01-01,BKG_VG250_2026_01_01
03453011,Löningen,03,03453,1,true,true,2026-01-01,BKG_VG250_2026_01_01
03453012,Molbergen,03,03453,1,true,true,2026-01-01,BKG_VG250_2026_01_01
03453013,Saterland,03,03453,1,true,true,2026-01-01,BKG_VG250_2026_01_01
03454001,Andervenne,03,03454,1,true,true,2026-01-01,BKG_VG250_2026_01_01
03454002,Bawinkel,03,03454,1,true,true,2026-01-01,BKG_VG250_2026_01_01
03454003,Beesten,03,03454,1,true,true,2026-01-01,BKG_VG250_2026_01_01
03454004,Bockhorst,03,03454,1,true,true,2026-01-01,BKG_VG250_2026_01_01
03454005,Börger,03,03454,1,true,true,2026-01-01,BKG_VG250_2026_01_01
03454006,Breddenberg,03,03454,1,true,true,2026-01-01,BKG_VG250_2026_01_01
03454007,Dersum,03,03454,1,true,true,2026-01-01,BKG_VG250_2026_01_01
03454008,Dörpen,03,03454,1,true,true,2026-01-01,BKG_VG250_2026_01_01
03454009,Dohren,03,03454,1,true,true,2026-01-01,BKG_VG250_2026_01_01
03454010,Emsbüren,03,03454,1,true,true,2026-01-01,BKG_VG250_2026_01_01
03454011,Esterwegen,03,03454,1,true,true,2026-01-01,BKG_VG250_2026_01_01
03454012,Freren,03,03454,1,true,true,2026-01-01,BKG_VG250_2026_01_01
03454013,Fresenburg,03,03454,1,true,true,2026-01-01,BKG_VG250_2026_01_01
03454014,Geeste,03,03454,1,true,true,2026-01-01,BKG_VG250_2026_01_01
03454015,Gersten,03,03454,1,true,true,2026-01-01,BKG_VG250_2026_01_01
03454016,Groß Berßen,03,03454,1,true,true,2026-01-01,BKG_VG250_2026_01_01
03454017,Handrup,03,03454,1,true,true,2026-01-01,BKG_VG250_2026_01_01
03454018,Haren (Ems),03,03454,1,true,true,2026-01-01,BKG_VG250_2026_01_01
03454019,Haselünne,03,03454,1,true,true,2026-01-01,BKG_VG250_2026_01_01
03454020,Heede,03,03454,1,true,true,2026-01-01,BKG_VG250_2026_01_01
03454021,Herzlake,03,03454,1,true,true,2026-01-01,BKG_VG250_2026_01_01
03454022,Hilkenbrook,03,03454,1,true,true,2026-01-01,BKG_VG250_2026_01_01
03454023,Hüven,03,03454,1,true,true,2026-01-01,BKG_VG250_2026_01_01
03454024,Klein Berßen,03,03454,1,true,true,2026-01-01,BKG_VG250_2026_01_01
03454025,Kluse,03,03454,1,true,true,2026-01-01,BKG_VG250_2026_01_01
03454026,Lähden,03,03454,1,true,true,2026-01-01,BKG_VG250_2026_01_01
03454027,Lahn,03,03454,1,true,true,2026-01-01,BKG_VG250_2026_01_01
03454028,Langen,03,03454,1,true,true,2026-01-01,BKG_VG250_2026_01_01
03454029,Lathen,03,03454,1,true,true,2026-01-01,BKG_VG250_2026_01_01
03454030,Lehe,03,03454,1,true,true,2026-01-01,BKG_VG250_2026_01_01
03454031,Lengerich,03,03454,1,true,true,2026-01-01,BKG_VG250_2026_01_01
03454032,Lingen (Ems),03,03454,1,true,true,2026-01-01,BKG_VG250_2026_01_01
03454033,Lorup,03,03454,1,true,true,2026-01-01,BKG_VG250_2026_01_01
03454034,Lünne,03,03454,1,true,true,2026-01-01,BKG_VG250_2026_01_01
03454035,Meppen,03,03454,1,true,true,2026-01-01,BKG_VG250_2026_01_01
03454036,Messingen,03,03454,1,true,true,2026-01-01,BKG_VG250_2026_01_01
03454037,Neubörger,03,03454,1,true,true,2026-01-01,BKG_VG250_2026_01_01
03454038,Neulehe,03,03454,1,true,true,2026-01-01,BKG_VG250_2026_01_01
03454039,Niederlangen,03,03454,1,true,true,2026-01-01,BKG_VG250_2026_01_01
03454040,Oberlangen,03,03454,1,true,true,2026-01-01,BKG_VG250_2026_01_01
03454041,Papenburg,03,03454,1,true,true,2026-01-01,BKG_VG250_2026_01_01
03454042,Rastdorf,03,03454,1,true,true,2026-01-01,BKG_VG250_2026_01_01
03454043,Renkenberge,03,03454,1,true,true,2026-01-01,BKG_VG250_2026_01_01
03454044,Rhede (Ems),03,03454,1,true,true,2026-01-01,BKG_VG250_2026_01_01
03454045,Salzbergen,03,03454,1,true,true,2026-01-01,BKG_VG250_2026_01_01
03454046,Schapen,03,03454,1,true,true,2026-01-01,BKG_VG250_2026_01_01
03454047,Sögel,03,03454,1,true,true,2026-01-01,BKG_VG250_2026_01_01
03454048,Spahnharrenstätte,03,03454,1,true,true,2026-01-01,BKG_VG250_2026_01_01
03454049,Spelle,03,03454,1,true,true,2026-01-01,BKG_VG250_2026_01_01
03454050,Stavern,03,03454,1,true,true,2026-01-01,BKG_VG250_2026_01_01
03454051,Surwold,03,03454,1,true,true,2026-01-01,BKG_VG250_2026_01_01
03454052,Sustrum,03,03454,1,true,true,2026-01-01,BKG_VG250_2026_01_01
03454053,Thuine,03,03454,1,true,true,2026-01-01,BKG_VG250_2026_01_01
03454054,Twist,03,03454,1,true,true,2026-01-01,BKG_VG250_2026_01_01
03454055,Vrees,03,03454,1,true,true,2026-01-01,BKG_VG250_2026_01_01
03454056,Walchum,03,03454,1,true,true,2026-01-01,BKG_VG250_2026_01_01
03454057,Werlte,03,03454,1,true,true,2026-01-01,BKG_VG250_2026_01_01
03454058,Werpeloh,03,03454,1,true,true,2026-01-01,BKG_VG250_2026_01_01
03454059,Wettrup,03,03454,1,true,true,2026-01-01,BKG_VG250_2026_01_01
03454060,Wippingen,03,03454,1,true,true,2026-01-01,BKG_VG250_2026_01_01
03455007,Jever,03,03455,1,true,true,2026-01-01,BKG_VG250_2026_01_01
03455014,Sande,03,03455,1,true,true,2026-01-01,BKG_VG250_2026_01_01
03455015,Schortens,03,03455,1,true,true,2026-01-01,BKG_VG250_2026_01_01
03455020,Wangerland,03,03455,2,true,true,2026-01-01,BKG_VG250_2026_01_01
03455021,Wangerooge,03,03455,1,true,true,2026-01-01,BKG_VG250_2026_01_01
03455025,Bockhorn,03,03455,1,true,true,2026-01-01,BKG_VG250_2026_01_01
03455026,Varel,03,03455,1,true,true,2026-01-01,BKG_VG250_2026_01_01
03455027,Zetel,03,03455,1,true,true,2026-01-01,BKG_VG250_2026_01_01
03456001,Bad Bentheim,03,03456,1,true,true,2026-01-01,BKG_VG250_2026_01_01
03456002,Emlichheim,03,03456,1,true,true,2026-01-01,BKG_VG250_2026_01_01
03456003,Engden,03,03456,1,true,true,2026-01-01,BKG_VG250_2026_01_01
03456004,Esche,03,03456,1,true,true,2026-01-01,BKG_VG250_2026_01_01
03456005,Georgsdorf,03,03456,1,true,true,2026-01-01,BKG_VG250_2026_01_01
03456006,Getelo,03,03456,1,true,true,2026-01-01,BKG_VG250_2026_01_01
03456007,Gölenkamp,03,03456,1,true,true,2026-01-01,BKG_VG250_2026_01_01
03456008,Halle,03,03456,1,true,true,2026-01-01,BKG_VG250_2026_01_01
03456009,Hoogstede,03,03456,1,true,true,2026-01-01,BKG_VG250_2026_01_01
03456010,Isterberg,03,03456,1,true,true,2026-01-01,BKG_VG250_2026_01_01
03456011,Itterbeck,03,03456,1,true,true,2026-01-01,BKG_VG250_2026_01_01
03456012,Laar,03,03456,1,true,true,2026-01-01,BKG_VG250_2026_01_01
03456013,Lage,03,03456,1,true,true,2026-01-01,BKG_VG250_2026_01_01
03456014,Neuenhaus,03,03456,1,true,true,2026-01-01,BKG_VG250_2026_01_01
03456015,Nordhorn,03,03456,1,true,true,2026-01-01,BKG_VG250_2026_01_01
03456016,Ohne,03,03456,1,true,true,2026-01-01,BKG_VG250_2026_01_01
03456017,Osterwald,03,03456,1,true,true,2026-01-01,BKG_VG250_2026_01_01
03456018,Quendorf,03,03456,1,true,true,2026-01-01,BKG_VG250_2026_01_01
03456019,Ringe,03,03456,1,true,true,2026-01-01,BKG_VG250_2026_01_01
03456020,Samern,03,03456,1,true,true,2026-01-01,BKG_VG250_2026_01_01
03456023,Uelsen,03,03456,1,true,true,2026-01-01,BKG_VG250_2026_01_01
03456024,Wielen,03,03456,1,true,true,2026-01-01,BKG_VG250_2026_01_01
03456025,Wietmarschen,03,03456,1,true,true,2026-01-01,BKG_VG250_2026_01_01
03456026,Wilsum,03,03456,1,true,true,2026-01-01,BKG_VG250_2026_01_01
03456027,Schüttorf,03,03456,1,true,true,2026-01-01,BKG_VG250_2026_01_01
03457002,Borkum,03,03457,2,true,true,2026-01-01,BKG_VG250_2026_01_01
03457003,Brinkum,03,03457,1,true,true,2026-01-01,BKG_VG250_2026_01_01
03457006,Detern,03,03457,1,true,true,2026-01-01,BKG_VG250_2026_01_01
03457008,Filsum,03,03457,1,true,true,2026-01-01,BKG_VG250_2026_01_01
03457009,Firrel,03,03457,1,true,true,2026-01-01,BKG_VG250_2026_01_01
03457010,Hesel,03,03457,1,true,true,2026-01-01,BKG_VG250_2026_01_01
03457011,Holtland,03,03457,1,true,true,2026-01-01,BKG_VG250_2026_01_01
03457012,Jemgum,03,03457,2,true,true,2026-01-01,BKG_VG250_2026_01_01
03457013,Leer (Ostfriesland),03,03457,1,true,true,2026-01-01,BKG_VG250_2026_01_01
03457014,Moormerland,03,03457,2,true,true,2026-01-01,BKG_VG250_2026_01_01
03457015,Neukamperfehn,03,03457,1,true,true,2026-01-01,BKG_VG250_2026_01_01
03457016,Nortmoor,03,03457,1,true,true,2026-01-01,BKG_VG250_2026_01_01
03457017,Ostrhauderfehn,03,03457,1,true,true,2026-01-01,BKG_VG250_2026_01_01
03457018,Rhauderfehn,03,03457,1,true,true,2026-01-01,BKG_VG250_2026_01_01
03457019,Schwerinsdorf,03,03457,1,true,true,2026-01-01,BKG_VG250_2026_01_01
03457020,Uplengen,03,03457,1,true,true,2026-01-01,BKG_VG250_2026_01_01
03457021,Weener,03,03457,1,true,true,2026-01-01,BKG_VG250_2026_01_01
03457022,Westoverledingen,03,03457,1,true,true,2026-01-01,BKG_VG250_2026_01_01
03457024,Bunde,03,03457,2,true,true,2026-01-01,BKG_VG250_2026_01_01
03457501,Insel Lütje Hörn,03,03457,1,true,false,2026-01-01,BKG_VG250_2026_01_01
03458001,Beckeln,03,03458,1,true,true,2026-01-01,BKG_VG250_2026_01_01
03458002,Colnrade,03,03458,1,true,true,2026-01-01,BKG_VG250_2026_01_01
03458003,Dötlingen,03,03458,1,true,true,2026-01-01,BKG_VG250_2026_01_01
03458004,Dünsen,03,03458,1,true,true,2026-01-01,BKG_VG250_2026_01_01
03458005,Ganderkesee,03,03458,1,true,true,2026-01-01,BKG_VG250_2026_01_01
03458006,Groß Ippener,03,03458,1,true,true,2026-01-01,BKG_VG250_2026_01_01
03458007,Großenkneten,03,03458,1,true,true,2026-01-01,BKG_VG250_2026_01_01
03458008,Harpstedt,03,03458,1,true,true,2026-01-01,BKG_VG250_2026_01_01
03458009,Hatten,03,03458,1,true,true,2026-01-01,BKG_VG250_2026_01_01
03458010,Hude (Oldb),03,03458,1,true,true,2026-01-01,BKG_VG250_2026_01_01
03458011,Kirchseelte,03,03458,1,true,true,2026-01-01,BKG_VG250_2026_01_01
03458012,Prinzhöfte,03,03458,1,true,true,2026-01-01,BKG_VG250_2026_01_01
03458013,Wardenburg,03,03458,1,true,true,2026-01-01,BKG_VG250_2026_01_01
03458014,Wildeshausen,03,03458,1,true,true,2026-01-01,BKG_VG250_2026_01_01
03458015,Winkelsett,03,03458,1,true,true,2026-01-01,BKG_VG250_2026_01_01
03459001,Alfhausen,03,03459,1,true,true,2026-01-01,BKG_VG250_2026_01_01
03459002,Ankum,03,03459,1,true,true,2026-01-01,BKG_VG250_2026_01_01
03459003,Bad Essen,03,03459,1,true,true,2026-01-01,BKG_VG250_2026_01_01
03459004,Bad Iburg,03,03459,1,true,true,2026-01-01,BKG_VG250_2026_01_01
03459005,Bad Laer,03,03459,1,true,true,2026-01-01,BKG_VG250_2026_01_01
03459006,Bad Rothenfelde,03,03459,1,true,true,2026-01-01,BKG_VG250_2026_01_01
03459007,Badbergen,03,03459,1,true,true,2026-01-01,BKG_VG250_2026_01_01
03459008,Belm,03,03459,1,true,true,2026-01-01,BKG_VG250_2026_01_01
03459009,Berge,03,03459,1,true,true,2026-01-01,BKG_VG250_2026_01_01
03459010,Bersenbrück,03,03459,1,true,true,2026-01-01,BKG_VG250_2026_01_01
03459011,Bippen,03,03459,1,true,true,2026-01-01,BKG_VG250_2026_01_01
03459012,Bissendorf,03,03459,1,true,true,2026-01-01,BKG_VG250_2026_01_01
03459013,Bohmte,03,03459,1,true,true,2026-01-01,BKG_VG250_2026_01_01
03459014,Bramsche,03,03459,1,true,true,2026-01-01,BKG_VG250_2026_01_01
03459015,Dissen am Teutoburger Wald,03,03459,1,true,true,2026-01-01,BKG_VG250_2026_01_01
03459016,Eggermühlen,03,03459,1,true,true,2026-01-01,BKG_VG250_2026_01_01
03459017,Fürstenau,03,03459,1,true,true,2026-01-01,BKG_VG250_2026_01_01
03459018,Gehrde,03,03459,1,true,true,2026-01-01,BKG_VG250_2026_01_01
03459019,Georgsmarienhütte,03,03459,1,true,true,2026-01-01,BKG_VG250_2026_01_01
03459020,Hagen am Teutoburger Wald,03,03459,1,true,true,2026-01-01,BKG_VG250_2026_01_01
03459021,Hasbergen,03,03459,1,true,true,2026-01-01,BKG_VG250_2026_01_01
03459022,Hilter am Teutoburger Wald,03,03459,1,true,true,2026-01-01,BKG_VG250_2026_01_01
03459023,Kettenkamp,03,03459,1,true,true,2026-01-01,BKG_VG250_2026_01_01
03459024,Melle,03,03459,1,true,true,2026-01-01,BKG_VG250_2026_01_01
03459025,Menslage,03,03459,1,true,true,2026-01-01,BKG_VG250_2026_01_01
03459026,Merzen,03,03459,1,true,true,2026-01-01,BKG_VG250_2026_01_01
03459027,Neuenkirchen,03,03459,1,true,true,2026-01-01,BKG_VG250_2026_01_01
03459028,Nortrup,03,03459,1,true,true,2026-01-01,BKG_VG250_2026_01_01
03459029,Ostercappeln,03,03459,1,true,true,2026-01-01,BKG_VG250_2026_01_01
03459030,Quakenbrück,03,03459,1,true,true,2026-01-01,BKG_VG250_2026_01_01
03459031,Rieste,03,03459,1,true,true,2026-01-01,BKG_VG250_2026_01_01
03459032,Voltlage,03,03459,1,true,true,2026-01-01,BKG_VG250_2026_01_01
03459033,Wallenhorst,03,03459,1,true,true,2026-01-01,BKG_VG250_2026_01_01
03459034,Glandorf,03,03459,1,true,true,2026-01-01,BKG_VG250_2026_01_01
03460001,Bakum,03,03460,1,true,true,2026-01-01,BKG_VG250_2026_01_01
03460002,Damme,03,03460,1,true,true,2026-01-01,BKG_VG250_2026_01_01
03460003,Dinklage,03,03460,1,true,true,2026-01-01,BKG_VG250_2026_01_01
03460004,Goldenstedt,03,03460,1,true,true,2026-01-01,BKG_VG250_2026_01_01
03460005,Holdorf,03,03460,1,true,true,2026-01-01,BKG_VG250_2026_01_01
03460006,Lohne (Oldenburg),03,03460,1,true,true,2026-01-01,BKG_VG250_2026_01_01
03460007,Neuenkirchen-Vörden,03,03460,1,true,true,2026-01-01,BKG_VG250_2026_01_01
03460008,Steinfeld (Oldenburg),03,03460,1,true,true,2026-01-01,BKG_VG250_2026_01_01
03460009,Vechta,03,03460,1,true,true,2026-01-01,BKG_VG250_2026_01_01
03460010,Visbek,03,03460,1,true,true,2026-01-01,BKG_VG250_2026_01_01
03461001,Berne,03,03461,1,true,true,2026-01-01,BKG_VG250_2026_01_01
03461002,Brake (Unterweser),03,03461,1,true,true,2026-01-01,BKG_VG250_2026_01_01
03461003,Butjadingen,03,03461,1,true,true,2026-01-01,BKG_VG250_2026_01_01
03461004,Elsfleth,03,03461,1,true,true,2026-01-01,BKG_VG250_2026_01_01
03461005,Jade,03,03461,1,true,true,2026-01-01,BKG_VG250_2026_01_01
03461006,Lemwerder,03,03461,1,true,true,2026-01-01,BKG_VG250_2026_01_01
03461007,Nordenham,03,03461,1,true,true,2026-01-01,BKG_VG250_2026_01_01
03461008,Ovelgönne,03,03461,1,true,true,2026-01-01,BKG_VG250_2026_01_01
03461009,Stadland,03,03461,1,true,true,2026-01-01,BKG_VG250_2026_01_01
03462001,Blomberg,03,03462,1,true,true,2026-01-01,BKG_VG250_2026_01_01
03462002,Dunum,03,03462,1,true,true,2026-01-01,BKG_VG250_2026_01_01
03462003,Esens,03,03462,1,true,true,2026-01-01,BKG_VG250_2026_01_01
03462004,Eversmeer,03,03462,1,true,true,2026-01-01,BKG_VG250_2026_01_01
03462005,Friedeburg,03,03462,1,true,true,2026-01-01,BKG_VG250_2026_01_01
03462006,Holtgast,03,03462,1,true,true,2026-01-01,BKG_VG250_2026_01_01
03462007,Langeoog,03,03462,2,true,true,2026-01-01,BKG_VG250_2026_01_01
03462008,Moorweg,03,03462,1,true,true,2026-01-01,BKG_VG250_2026_01_01
03462009,Nenndorf,03,03462,1,true,true,2026-01-01,BKG_VG250_2026_01_01
03462010,Neuharlingersiel,03,03462,1,true,true,2026-01-01,BKG_VG250_2026_01_01
03462011,Neuschoo,03,03462,1,true,true,2026-01-01,BKG_VG250_2026_01_01
03462012,Ochtersum,03,03462,1,true,true,2026-01-01,BKG_VG250_2026_01_01
03462013,Schweindorf,03,03462,1,true,true,2026-01-01,BKG_VG250_2026_01_01
03462014,Spiekeroog,03,03462,2,true,true,2026-01-01,BKG_VG250_2026_01_01
03462015,Stedesdorf,03,03462,1,true,true,2026-01-01,BKG_VG250_2026_01_01
03462016,Utarp,03,03462,1,true,true,2026-01-01,BKG_VG250_2026_01_01
03462017,Werdum,03,03462,1,true,true,2026-01-01,BKG_VG250_2026_01_01
03462018,Westerholt,03,03462,1,true,true,2026-01-01,BKG_VG250_2026_01_01
03462019,Wittmund,03,03462,2,true,true,2026-01-01,BKG_VG250_2026_01_01
04011000,Bremen,04,04011,2,true,false,2026-01-01,BKG_VG250_2026_01_01
04012000,Bremerhaven,04,04012,2,true,false,2026-01-01,BKG_VG250_2026_01_01
05111000,Düsseldorf,05,05111,1,true,true,2026-01-01,BKG_VG250_2026_01_01
05112000,Duisburg,05,05112,1,true,true,2026-01-01,BKG_VG250_2026_01_01
05113000,Essen,05,05113,1,true,true,2026-01-01,BKG_VG250_2026_01_01
05114000,Krefeld,05,05114,1,true,true,2026-01-01,BKG_VG250_2026_01_01
05116000,Mönchengladbach,05,05116,1,true,true,2026-01-01,BKG_VG250_2026_01_01
05117000,Mülheim an der Ruhr,05,05117,1,true,true,2026-01-01,BKG_VG250_2026_01_01
05119000,Oberhausen,05,05119,1,true,true,2026-01-01,BKG_VG250_2026_01_01
05120000,Remscheid,05,05120,1,true,true,2026-01-01,BKG_VG250_2026_01_01
05122000,Solingen,05,05122,1,true,true,2026-01-01,BKG_VG250_2026_01_01
05124000,Wuppertal,05,05124,1,true,true,2026-01-01,BKG_VG250_2026_01_01
05154004,Bedburg-Hau,05,05154,1,true,true,2026-01-01,BKG_VG250_2026_01_01
05154008,Emmerich am Rhein,05,05154,1,true,true,2026-01-01,BKG_VG250_2026_01_01
05154012,Geldern,05,05154,1,true,true,2026-01-01,BKG_VG250_2026_01_01
05154016,Goch,05,05154,1,true,true,2026-01-01,BKG_VG250_2026_01_01
05154020,Issum,05,05154,1,true,true,2026-01-01,BKG_VG250_2026_01_01
05154024,Kalkar,05,05154,1,true,true,2026-01-01,BKG_VG250_2026_01_01
05154028,Kerken,05,05154,1,true,true,2026-01-01,BKG_VG250_2026_01_01
05154032,Kevelaer,05,05154,1,true,true,2026-01-01,BKG_VG250_2026_01_01
05154036,Kleve,05,05154,1,true,true,2026-01-01,BKG_VG250_2026_01_01
05154040,Kranenburg,05,05154,1,true,true,2026-01-01,BKG_VG250_2026_01_01
05154044,Rees,05,05154,1,true,true,2026-01-01,BKG_VG250_2026_01_01
05154048,Rheurdt,05,05154,1,true,true,2026-01-01,BKG_VG250_2026_01_01
05154052,Straelen,05,05154,1,true,true,2026-01-01,BKG_VG250_2026_01_01
05154056,Uedem,05,05154,1,true,true,2026-01-01,BKG_VG250_2026_01_01
05154060,Wachtendonk,05,05154,1,true,true,2026-01-01,BKG_VG250_2026_01_01
05154064,Weeze,05,05154,1,true,true,2026-01-01,BKG_VG250_2026_01_01
05158004,Erkrath,05,05158,1,true,true,2026-01-01,BKG_VG250_2026_01_01
05158008,Haan,05,05158,1,true,true,2026-01-01,BKG_VG250_2026_01_01
05158012,Heiligenhaus,05,05158,1,true,true,2026-01-01,BKG_VG250_2026_01_01
05158016,Hilden,05,05158,1,true,true,2026-01-01,BKG_VG250_2026_01_01
05158020,Langenfeld (Rhld.),05,05158,1,true,true,2026-01-01,BKG_VG250_2026_01_01
05158024,Mettmann,05,05158,1,true,true,2026-01-01,BKG_VG250_2026_01_01
05158026,Monheim am Rhein,05,05158,1,true,true,2026-01-01,BKG_VG250_2026_01_01
05158028,Ratingen,05,05158,1,true,true,2026-01-01,BKG_VG250_2026_01_01
05158032,Velbert,05,05158,1,true,true,2026-01-01,BKG_VG250_2026_01_01
05158036,Wülfrath,05,05158,1,true,true,2026-01-01,BKG_VG250_2026_01_01
05162004,Dormagen,05,05162,1,true,true,2026-01-01,BKG_VG250_2026_01_01
05162008,Grevenbroich,05,05162,1,true,true,2026-01-01,BKG_VG250_2026_01_01
05162012,Jüchen,05,05162,1,true,true,2026-01-01,BKG_VG250_2026_01_01
05162016,Kaarst,05,05162,1,true,true,2026-01-01,BKG_VG250_2026_01_01
05162020,Korschenbroich,05,05162,1,true,true,2026-01-01,BKG_VG250_2026_01_01
05162022,Meerbusch,05,05162,1,true,true,2026-01-01,BKG_VG250_2026_01_01
05162024,Neuss,05,05162,1,true,true,2026-01-01,BKG_VG250_2026_01_01
05162028,Rommerskirchen,05,05162,1,true,true,2026-01-01,BKG_VG250_2026_01_01
05166004,Brüggen,05,05166,1,true,true,2026-01-01,BKG_VG250_2026_01_01
05166008,Grefrath,05,05166,1,true,true,2026-01-01,BKG_VG250_2026_01_01
05166012,Kempen,05,05166,1,true,true,2026-01-01,BKG_VG250_2026_01_01
05166016,Nettetal,05,05166,1,true,true,2026-01-01,BKG_VG250_2026_01_01
05166020,Niederkrüchten,05,05166,1,true,true,2026-01-01,BKG_VG250_2026_01_01
05166024,Schwalmtal,05,05166,1,true,true,2026-01-01,BKG_VG250_2026_01_01
05166028,Tönisvorst,05,05166,1,true,true,2026-01-01,BKG_VG250_2026_01_01
05166032,Viersen,05,05166,1,true,true,2026-01-01,BKG_VG250_2026_01_01
05166036,Willich,05,05166,1,true,true,2026-01-01,BKG_VG250_2026_01_01
05170004,Alpen,05,05170,1,true,true,2026-01-01,BKG_VG250_2026_01_01
05170008,Dinslaken,05,05170,1,true,true,2026-01-01,BKG_VG250_2026_01_01
05170012,Hamminkeln,05,05170,1,true,true,2026-01-01,BKG_VG250_2026_01_01
05170016,Hünxe,05,05170,1,true,true,2026-01-01,BKG_VG250_2026_01_01
05170020,Kamp-Lintfort,05,05170,1,true,true,2026-01-01,BKG_VG250_2026_01_01
05170024,Moers,05,05170,1,true,true,2026-01-01,BKG_VG250_2026_01_01
05170028,Neukirchen-Vluyn,05,05170,1,true,true,2026-01-01,BKG_VG250_2026_01_01
05170032,Rheinberg,05,05170,1,true,true,2026-01-01,BKG_VG250_2026_01_01
05170036,Schermbeck,05,05170,1,true,true,2026-01-01,BKG_VG250_2026_01_01
05170040,Sonsbeck,05,05170,1,true,true,2026-01-01,BKG_VG250_2026_01_01
05170044,Voerde (Niederrhein),05,05170,1,true,true,2026-01-01,BKG_VG250_2026_01_01
05170048,Wesel,05,05170,1,true,true,2026-01-01,BKG_VG250_2026_01_01
05170052,Xanten,05,05170,1,true,true,2026-01-01,BKG_VG250_2026_01_01
05314000,Bonn,05,05314,1,true,true,2026-01-01,BKG_VG250_2026_01_01
05315000,Köln,05,05315,1,true,true,2026-01-01,BKG_VG250_2026_01_01
05316000,Leverkusen,05,05316,1,true,true,2026-01-01,BKG_VG250_2026_01_01
05334002,Aachen,05,05334,1,true,true,2026-01-01,BKG_VG250_2026_01_01
05334004,Alsdorf,05,05334,1,true,true,2026-01-01,BKG_VG250_2026_01_01
05334008,Baesweiler,05,05334,1,true,true,2026-01-01,BKG_VG250_2026_01_01
05334012,Eschweiler,05,05334,1,true,true,2026-01-01,BKG_VG250_2026_01_01
05334016,Herzogenrath,05,05334,1,true,true,2026-01-01,BKG_VG250_2026_01_01
05334020,Monschau,05,05334,1,true,true,2026-01-01,BKG_VG250_2026_01_01
05334024,Roetgen,05,05334,1,true,true,2026-01-01,BKG_VG250_2026_01_01
05334028,Simmerath,05,05334,1,true,true,2026-01-01,BKG_VG250_2026_01_01
05334032,Stolberg (Rhld.),05,05334,1,true,true,2026-01-01,BKG_VG250_2026_01_01
05334036,Würselen,05,05334,1,true,true,2026-01-01,BKG_VG250_2026_01_01
05358004,Aldenhoven,05,05358,1,true,true,2026-01-01,BKG_VG250_2026_01_01
05358008,Düren,05,05358,1,true,true,2026-01-01,BKG_VG250_2026_01_01
05358012,Heimbach,05,05358,1,true,true,2026-01-01,BKG_VG250_2026_01_01
05358016,Hürtgenwald,05,05358,1,true,true,2026-01-01,BKG_VG250_2026_01_01
05358020,Inden,05,05358,1,true,true,2026-01-01,BKG_VG250_2026_01_01
05358024,Jülich,05,05358,1,true,true,2026-01-01,BKG_VG250_2026_01_01
05358028,Kreuzau,05,05358,1,true,true,2026-01-01,BKG_VG250_2026_01_01
05358032,Langerwehe,05,05358,1,true,true,2026-01-01,BKG_VG250_2026_01_01
05358036,Linnich,05,05358,1,true,true,2026-01-01,BKG_VG250_2026_01_01
05358040,Merzenich,05,05358,1,true,true,2026-01-01,BKG_VG250_2026_01_01
05358044,Nideggen,05,05358,1,true,true,2026-01-01,BKG_VG250_2026_01_01
05358048,Niederzier,05,05358,1,true,true,2026-01-01,BKG_VG250_2026_01_01
05358052,Nörvenich,05,05358,1,true,true,2026-01-01,BKG_VG250_2026_01_01
05358056,Titz,05,05358,1,true,true,2026-01-01,BKG_VG250_2026_01_01
05358060,Vettweiß,05,05358,1,true,true,2026-01-01,BKG_VG250_2026_01_01
05362004,Bedburg,05,05362,1,true,true,2026-01-01,BKG_VG250_2026_01_01
05362008,Bergheim,05,05362,1,true,true,2026-01-01,BKG_VG250_2026_01_01
05362012,Brühl,05,05362,1,true,true,2026-01-01,BKG_VG250_2026_01_01
05362016,Elsdorf,05,05362,1,true,true,2026-01-01,BKG_VG250_2026_01_01
05362020,Erftstadt,05,05362,1,true,true,2026-01-01,BKG_VG250_2026_01_01
05362024,Frechen,05,05362,1,true,true,2026-01-01,BKG_VG250_2026_01_01
05362028,Hürth,05,05362,1,true,true,2026-01-01,BKG_VG250_2026_01_01
05362032,Kerpen,05,05362,1,true,true,2026-01-01,BKG_VG250_2026_01_01
05362036,Pulheim,05,05362,1,true,true,2026-01-01,BKG_VG250_2026_01_01
05362040,Wesseling,05,05362,1,true,true,2026-01-01,BKG_VG250_2026_01_01
05366004,Bad Münstereifel,05,05366,1,true,true,2026-01-01,BKG_VG250_2026_01_01
05366008,Blankenheim,05,05366,1,true,true,2026-01-01,BKG_VG250_2026_01_01
05366012,Dahlem,05,05366,1,true,true,2026-01-01,BKG_VG250_2026_01_01
05366016,Euskirchen,05,05366,1,true,true,2026-01-01,BKG_VG250_2026_01_01
05366020,Hellenthal,05,05366,1,true,true,2026-01-01,BKG_VG250_2026_01_01
05366024,Kall,05,05366,1,true,true,2026-01-01,BKG_VG250_2026_01_01
05366028,Mechernich,05,05366,1,true,true,2026-01-01,BKG_VG250_2026_01_01
05366032,Nettersheim,05,05366,1,true,true,2026-01-01,BKG_VG250_2026_01_01
05366036,Schleiden,05,05366,1,true,true,2026-01-01,BKG_VG250_2026_01_01
05366040,Weilerswist,05,05366,1,true,true,2026-01-01,BKG_VG250_2026_01_01
05366044,Zülpich,05,05366,1,true,true,2026-01-01,BKG_VG250_2026_01_01
05370004,Erkelenz,05,05370,1,true,true,2026-01-01,BKG_VG250_2026_01_01
05370008,Gangelt,05,05370,1,true,true,2026-01-01,BKG_VG250_2026_01_01
05370012,Geilenkirchen,05,05370,1,true,true,2026-01-01,BKG_VG250_2026_01_01
05370016,Heinsberg,05,05370,1,true,true,2026-01-01,BKG_VG250_2026_01_01
05370020,Hückelhoven,05,05370,1,true,true,2026-01-01,BKG_VG250_2026_01_01
05370024,Selfkant,05,05370,1,true,true,2026-01-01,BKG_VG250_2026_01_01
05370028,Übach-Palenberg,05,05370,1,true,true,2026-01-01,BKG_VG250_2026_01_01
05370032,Waldfeucht,05,05370,1,true,true,2026-01-01,BKG_VG250_2026_01_01
05370036,Wassenberg,05,05370,1,true,true,2026-01-01,BKG_VG250_2026_01_01
05370040,Wegberg,05,05370,1,true,true,2026-01-01,BKG_VG250_2026_01_01
05374004,Bergneustadt,05,05374,1,true,true,2026-01-01,BKG_VG250_2026_01_01
05374008,Engelskirchen,05,05374,1,true,true,2026-01-01,BKG_VG250_2026_01_01
05374012,Gummersbach,05,05374,1,true,true,2026-01-01,BKG_VG250_2026_01_01
05374016,Hückeswagen,05,05374,1,true,true,2026-01-01,BKG_VG250_2026_01_01
05374020,Lindlar,05,05374,1,true,true,2026-01-01,BKG_VG250_2026_01_01
05374024,Marienheide,05,05374,1,true,true,2026-01-01,BKG_VG250_2026_01_01
05374028,Morsbach,05,05374,1,true,true,2026-01-01,BKG_VG250_2026_01_01
05374032,Nümbrecht,05,05374,1,true,true,2026-01-01,BKG_VG250_2026_01_01
05374036,Radevormwald,05,05374,1,true,true,2026-01-01,BKG_VG250_2026_01_01
05374040,Reichshof,05,05374,1,true,true,2026-01-01,BKG_VG250_2026_01_01
05374044,Waldbröl,05,05374,1,true,true,2026-01-01,BKG_VG250_2026_01_01
05374048,Wiehl,05,05374,1,true,true,2026-01-01,BKG_VG250_2026_01_01
05374052,Wipperfürth,05,05374,1,true,true,2026-01-01,BKG_VG250_2026_01_01
05378004,Bergisch Gladbach,05,05378,1,true,true,2026-01-01,BKG_VG250_2026_01_01
05378008,Burscheid,05,05378,1,true,true,2026-01-01,BKG_VG250_2026_01_01
05378012,Kürten,05,05378,1,true,true,2026-01-01,BKG_VG250_2026_01_01
05378016,Leichlingen (Rhld.),05,05378,1,true,true,2026-01-01,BKG_VG250_2026_01_01
05378020,Odenthal,05,05378,1,true,true,2026-01-01,BKG_VG250_2026_01_01
05378024,Overath,05,05378,1,true,true,2026-01-01,BKG_VG250_2026_01_01
05378028,Rösrath,05,05378,1,true,true,2026-01-01,BKG_VG250_2026_01_01
05378032,Wermelskirchen,05,05378,1,true,true,2026-01-01,BKG_VG250_2026_01_01
05382004,Alfter,05,05382,1,true,true,2026-01-01,BKG_VG250_2026_01_01
05382008,Bad Honnef,05,05382,1,true,true,2026-01-01,BKG_VG250_2026_01_01
05382012,Bornheim,05,05382,1,true,true,2026-01-01,BKG_VG250_2026_01_01
05382016,Eitorf,05,05382,1,true,true,2026-01-01,BKG_VG250_2026_01_01
05382020,Hennef (Sieg),05,05382,1,true,true,2026-01-01,BKG_VG250_2026_01_01
05382024,Königswinter,05,05382,1,true,true,2026-01-01,BKG_VG250_2026_01_01
05382028,Lohmar,05,05382,1,true,true,2026-01-01,BKG_VG250_2026_01_01
05382032,Meckenheim,05,05382,1,true,true,2026-01-01,BKG_VG250_2026_01_01
05382036,Much,05,05382,1,true,true,2026-01-01,BKG_VG250_2026_01_01
05382040,Neunkirchen-Seelscheid,05,05382,1,true,true,2026-01-01,BKG_VG250_2026_01_01
05382044,Niederkassel,05,05382,1,true,true,2026-01-01,BKG_VG250_2026_01_01
05382048,Rheinbach,05,05382,1,true,true,2026-01-01,BKG_VG250_2026_01_01
05382052,Ruppichteroth,05,05382,1,true,true,2026-01-01,BKG_VG250_2026_01_01
05382056,Sankt Augustin,05,05382,1,true,true,2026-01-01,BKG_VG250_2026_01_01
05382060,Siegburg,05,05382,1,true,true,2026-01-01,BKG_VG250_2026_01_01
05382064,Swisttal,05,05382,1,true,true,2026-01-01,BKG_VG250_2026_01_01
05382068,Troisdorf,05,05382,1,true,true,2026-01-01,BKG_VG250_2026_01_01
05382072,Wachtberg,05,05382,1,true,true,2026-01-01,BKG_VG250_2026_01_01
05382076,Windeck,05,05382,1,true,true,2026-01-01,BKG_VG250_2026_01_01
05512000,Bottrop,05,05512,1,true,true,2026-01-01,BKG_VG250_2026_01_01
05513000,Gelsenkirchen,05,05513,1,true,true,2026-01-01,BKG_VG250_2026_01_01
05515000,Münster,05,05515,1,true,true,2026-01-01,BKG_VG250_2026_01_01
05554004,Ahaus,05,05554,1,true,true,2026-01-01,BKG_VG250_2026_01_01
05554008,Bocholt,05,05554,1,true,true,2026-01-01,BKG_VG250_2026_01_01
05554012,Borken,05,05554,1,true,true,2026-01-01,BKG_VG250_2026_01_01
05554016,Gescher,05,05554,1,true,true,2026-01-01,BKG_VG250_2026_01_01
05554020,Gronau (Westf.),05,05554,1,true,true,2026-01-01,BKG_VG250_2026_01_01
05554024,Heek,05,05554,1,true,true,2026-01-01,BKG_VG250_2026_01_01
05554028,Heiden,05,05554,1,true,true,2026-01-01,BKG_VG250_2026_01_01
05554032,Isselburg,05,05554,1,true,true,2026-01-01,BKG_VG250_2026_01_01
05554036,Legden,05,05554,1,true,true,2026-01-01,BKG_VG250_2026_01_01
05554040,Raesfeld,05,05554,1,true,true,2026-01-01,BKG_VG250_2026_01_01
05554044,Reken,05,05554,1,true,true,2026-01-01,BKG_VG250_2026_01_01
05554048,Rhede,05,05554,1,true,true,2026-01-01,BKG_VG250_2026_01_01
05554052,Schöppingen,05,05554,1,true,true,2026-01-01,BKG_VG250_2026_01_01
05554056,Stadtlohn,05,05554,1,true,true,2026-01-01,BKG_VG250_2026_01_01
05554060,Südlohn,05,05554,1,true,true,2026-01-01,BKG_VG250_2026_01_01
05554064,Velen,05,05554,1,true,true,2026-01-01,BKG_VG250_2026_01_01
05554068,Vreden,05,05554,1,true,true,2026-01-01,BKG_VG250_2026_01_01
05558004,Ascheberg,05,05558,1,true,true,2026-01-01,BKG_VG250_2026_01_01
05558008,Billerbeck,05,05558,1,true,true,2026-01-01,BKG_VG250_2026_01_01
05558012,Coesfeld,05,05558,1,true,true,2026-01-01,BKG_VG250_2026_01_01
05558016,Dülmen,05,05558,1,true,true,2026-01-01,BKG_VG250_2026_01_01
05558020,Havixbeck,05,05558,1,true,true,2026-01-01,BKG_VG250_2026_01_01
05558024,Lüdinghausen,05,05558,1,true,true,2026-01-01,BKG_VG250_2026_01_01
05558028,Nordkirchen,05,05558,1,true,true,2026-01-01,BKG_VG250_2026_01_01
05558032,Nottuln,05,05558,1,true,true,2026-01-01,BKG_VG250_2026_01_01
05558036,Olfen,05,05558,1,true,true,2026-01-01,BKG_VG250_2026_01_01
05558040,Rosendahl,05,05558,1,true,true,2026-01-01,BKG_VG250_2026_01_01
05558044,Senden,05,05558,1,true,true,2026-01-01,BKG_VG250_2026_01_01
05562004,Castrop-Rauxel,05,05562,1,true,true,2026-01-01,BKG_VG250_2026_01_01
05562008,Datteln,05,05562,1,true,true,2026-01-01,BKG_VG250_2026_01_01
05562012,Dorsten,05,05562,1,true,true,2026-01-01,BKG_VG250_2026_01_01
05562014,Gladbeck,05,05562,1,true,true,2026-01-01,BKG_VG250_2026_01_01
05562016,Haltern am See,05,05562,1,true,true,2026-01-01,BKG_VG250_2026_01_01
05562020,Herten,05,05562,1,true,true,2026-01-01,BKG_VG250_2026_01_01
05562024,Marl,05,05562,1,true,true,2026-01-01,BKG_VG250_2026_01_01
05562028,Oer-Erkenschwick,05,05562,1,true,true,2026-01-01,BKG_VG250_2026_01_01
05562032,Recklinghausen,05,05562,1,true,true,2026-01-01,BKG_VG250_2026_01_01
05562036,Waltrop,05,05562,1,true,true,2026-01-01,BKG_VG250_2026_01_01
05566004,Altenberge,05,05566,1,true,true,2026-01-01,BKG_VG250_2026_01_01
05566008,Emsdetten,05,05566,1,true,true,2026-01-01,BKG_VG250_2026_01_01
05566012,Greven,05,05566,1,true,true,2026-01-01,BKG_VG250_2026_01_01
05566016,Hörstel,05,05566,1,true,true,2026-01-01,BKG_VG250_2026_01_01
05566020,Hopsten,05,05566,1,true,true,2026-01-01,BKG_VG250_2026_01_01
05566024,Horstmar,05,05566,1,true,true,2026-01-01,BKG_VG250_2026_01_01
05566028,Ibbenbüren,05,05566,1,true,true,2026-01-01,BKG_VG250_2026_01_01
05566032,Ladbergen,05,05566,1,true,true,2026-01-01,BKG_VG250_2026_01_01
05566036,Laer,05,05566,1,true,true,2026-01-01,BKG_VG250_2026_01_01
05566040,Lengerich,05,05566,1,true,true,2026-01-01,BKG_VG250_2026_01_01
05566044,Lienen,05,05566,1,true,true,2026-01-01,BKG_VG250_2026_01_01
05566048,Lotte,05,05566,1,true,true,2026-01-01,BKG_VG250_2026_01_01
05566052,Metelen,05,05566,1,true,true,2026-01-01,BKG_VG250_2026_01_01
05566056,Mettingen,05,05566,1,true,true,2026-01-01,BKG_VG250_2026_01_01
05566060,Neuenkirchen,05,05566,1,true,true,2026-01-01,BKG_VG250_2026_01_01
05566064,Nordwalde,05,05566,1,true,true,2026-01-01,BKG_VG250_2026_01_01
05566068,Ochtrup,05,05566,1,true,true,2026-01-01,BKG_VG250_2026_01_01
05566072,Recke,05,05566,1,true,true,2026-01-01,BKG_VG250_2026_01_01
05566076,Rheine,05,05566,1,true,true,2026-01-01,BKG_VG250_2026_01_01
05566080,Saerbeck,05,05566,1,true,true,2026-01-01,BKG_VG250_2026_01_01
05566084,Steinfurt,05,05566,1,true,true,2026-01-01,BKG_VG250_2026_01_01
05566088,Tecklenburg,05,05566,1,true,true,2026-01-01,BKG_VG250_2026_01_01
05566092,Westerkappeln,05,05566,1,true,true,2026-01-01,BKG_VG250_2026_01_01
05566096,Wettringen,05,05566,1,true,true,2026-01-01,BKG_VG250_2026_01_01
05570004,Ahlen,05,05570,1,true,true,2026-01-01,BKG_VG250_2026_01_01
05570008,Beckum,05,05570,1,true,true,2026-01-01,BKG_VG250_2026_01_01
05570012,Beelen,05,05570,1,true,true,2026-01-01,BKG_VG250_2026_01_01
05570016,Drensteinfurt,05,05570,1,true,true,2026-01-01,BKG_VG250_2026_01_01
05570020,Ennigerloh,05,05570,1,true,true,2026-01-01,BKG_VG250_2026_01_01
05570024,Everswinkel,05,05570,1,true,true,2026-01-01,BKG_VG250_2026_01_01
05570028,Oelde,05,05570,1,true,true,2026-01-01,BKG_VG250_2026_01_01
05570032,Ostbevern,05,05570,1,true,true,2026-01-01,BKG_VG250_2026_01_01
05570036,Sassenberg,05,05570,1,true,true,2026-01-01,BKG_VG250_2026_01_01
05570040,Sendenhorst,05,05570,1,true,true,2026-01-01,BKG_VG250_2026_01_01
05570044,Telgte,05,05570,1,true,true,2026-01-01,BKG_VG250_2026_01_01
05570048,Wadersloh,05,05570,1,true,true,2026-01-01,BKG_VG250_2026_01_01
05570052,Warendorf,05,05570,1,true,true,2026-01-01,BKG_VG250_2026_01_01
05711000,Bielefeld,05,05711,1,true,true,2026-01-01,BKG_VG250_2026_01_01
05754004,Borgholzhausen,05,05754,1,true,true,2026-01-01,BKG_VG250_2026_01_01
05754008,Gütersloh,05,05754,1,true,true,2026-01-01,BKG_VG250_2026_01_01
05754012,Halle (Westf.),05,05754,1,true,true,2026-01-01,BKG_VG250_2026_01_01
05754016,Harsewinkel,05,05754,1,true,true,2026-01-01,BKG_VG250_2026_01_01
05754020,Herzebrock-Clarholz,05,05754,1,true,true,2026-01-01,BKG_VG250_2026_01_01
05754024,Langenberg,05,05754,1,true,true,2026-01-01,BKG_VG250_2026_01_01
05754028,Rheda-Wiedenbrück,05,05754,1,true,true,2026-01-01,BKG_VG250_2026_01_01
05754032,Rietberg,05,05754,1,true,true,2026-01-01,BKG_VG250_2026_01_01
05754036,Schloß Holte-Stukenbrock,05,05754,1,true,true,2026-01-01,BKG_VG250_2026_01_01
05754040,Steinhagen,05,05754,1,true,true,2026-01-01,BKG_VG250_2026_01_01
05754044,Verl,05,05754,1,true,true,2026-01-01,BKG_VG250_2026_01_01
05754048,Versmold,05,05754,1,true,true,2026-01-01,BKG_VG250_2026_01_01
05754052,Werther (Westf.),05,05754,1,true,true,2026-01-01,BKG_VG250_2026_01_01
05758004,Bünde,05,05758,1,true,true,2026-01-01,BKG_VG250_2026_01_01
05758008,Enger,05,05758,1,true,true,2026-01-01,BKG_VG250_2026_01_01
05758012,Herford,05,05758,1,true,true,2026-01-01,BKG_VG250_2026_01_01
05758016,Hiddenhausen,05,05758,1,true,true,2026-01-01,BKG_VG250_2026_01_01
05758020,Kirchlengern,05,05758,1,true,true,2026-01-01,BKG_VG250_2026_01_01
05758024,Löhne,05,05758,1,true,true,2026-01-01,BKG_VG250_2026_01_01
05758028,Rödinghausen,05,05758,1,true,true,2026-01-01,BKG_VG250_2026_01_01
05758032,Spenge,05,05758,1,true,true,2026-01-01,BKG_VG250_2026_01_01
05758036,Vlotho,05,05758,1,true,true,2026-01-01,BKG_VG250_2026_01_01
05762004,Bad Driburg,05,05762,1,true,true,2026-01-01,BKG_VG250_2026_01_01
05762008,Beverungen,05,05762,1,true,true,2026-01-01,BKG_VG250_2026_01_01
05762012,Borgentreich,05,05762,1,true,true,2026-01-01,BKG_VG250_2026_01_01
05762016,Brakel,05,05762,1,true,true,2026-01-01,BKG_VG250_2026_01_01
05762020,Höxter,05,05762,1,true,true,2026-01-01,BKG_VG250_2026_01_01
05762024,Marienmünster,05,05762,1,true,true,2026-01-01,BKG_VG250_2026_01_01
05762028,Nieheim,05,05762,1,true,true,2026-01-01,BKG_VG250_2026_01_01
05762032,Steinheim,05,05762,1,true,true,2026-01-01,BKG_VG250_2026_01_01
05762036,Warburg,05,05762,1,true,true,2026-01-01,BKG_VG250_2026_01_01
05762040,Willebadessen,05,05762,1,true,true,2026-01-01,BKG_VG250_2026_01_01
05766004,Augustdorf,05,05766,1,true,true,2026-01-01,BKG_VG250_2026_01_01
05766008,Bad Salzuflen,05,05766,1,true,true,2026-01-01,BKG_VG250_2026_01_01
05766012,Barntrup,05,05766,1,true,true,2026-01-01,BKG_VG250_2026_01_01
05766016,Blomberg,05,05766,1,true,true,2026-01-01,BKG_VG250_2026_01_01
05766020,Detmold,05,05766,1,true,true,2026-01-01,BKG_VG250_2026_01_01
05766024,Dörentrup,05,05766,1,true,true,2026-01-01,BKG_VG250_2026_01_01
05766028,Extertal,05,05766,1,true,true,2026-01-01,BKG_VG250_2026_01_01
05766032,Horn-Bad Meinberg,05,05766,1,true,true,2026-01-01,BKG_VG250_2026_01_01
05766036,Kalletal,05,05766,1,true,true,2026-01-01,BKG_VG250_2026_01_01
05766040,Lage,05,05766,1,true,true,2026-01-01,BKG_VG250_2026_01_01
05766044,Lemgo,05,05766,1,true,true,2026-01-01,BKG_VG250_2026_01_01
05766048,Leopoldshöhe,05,05766,1,true,true,2026-01-01,BKG_VG250_2026_01_01
05766052,Lügde,05,05766,1,true,true,2026-01-01,BKG_VG250_2026_01_01
05766056,Oerlinghausen,05,05766,1,true,true,2026-01-01,BKG_VG250_2026_01_01
05766060,Schieder-Schwalenberg,05,05766,1,true,true,2026-01-01,BKG_VG250_2026_01_01
05766064,Schlangen,05,05766,1,true,true,2026-01-01,BKG_VG250_2026_01_01
05770004,Bad Oeynhausen,05,05770,1,true,true,2026-01-01,BKG_VG250_2026_01_01
05770008,Espelkamp,05,05770,1,true,true,2026-01-01,BKG_VG250_2026_01_01
05770012,Hille,05,05770,1,true,true,2026-01-01,BKG_VG250_2026_01_01
05770016,Hüllhorst,05,05770,1,true,true,2026-01-01,BKG_VG250_2026_01_01
05770020,Lübbecke,05,05770,1,true,true,2026-01-01,BKG_VG250_2026_01_01
05770024,Minden,05,05770,1,true,true,2026-01-01,BKG_VG250_2026_01_01
05770028,Petershagen,05,05770,1,true,true,2026-01-01,BKG_VG250_2026_01_01
05770032,Porta Westfalica,05,05770,1,true,true,2026-01-01,BKG_VG250_2026_01_01
05770036,Preußisch Oldendorf,05,05770,1,true,true,2026-01-01,BKG_VG250_2026_01_01
05770040,Rahden,05,05770,1,true,true,2026-01-01,BKG_VG250_2026_01_01
05770044,Stemwede,05,05770,1,true,true,2026-01-01,BKG_VG250_2026_01_01
05774004,Altenbeken,05,05774,1,true,true,2026-01-01,BKG_VG250_2026_01_01
05774008,Bad Lippspringe,05,05774,1,true,true,2026-01-01,BKG_VG250_2026_01_01
05774012,Borchen,05,05774,1,true,true,2026-01-01,BKG_VG250_2026_01_01
05774016,Büren,05,05774,1,true,true,2026-01-01,BKG_VG250_2026_01_01
05774020,Delbrück,05,05774,1,true,true,2026-01-01,BKG_VG250_2026_01_01
05774024,Hövelhof,05,05774,1,true,true,2026-01-01,BKG_VG250_2026_01_01
05774028,Lichtenau,05,05774,1,true,true,2026-01-01,BKG_VG250_2026_01_01
05774032,Paderborn,05,05774,1,true,true,2026-01-01,BKG_VG250_2026_01_01
05774036,Salzkotten,05,05774,1,true,true,2026-01-01,BKG_VG250_2026_01_01
05774040,Bad Wünnenberg,05,05774,1,true,true,2026-01-01,BKG_VG250_2026_01_01
05911000,Bochum,05,05911,1,true,true,2026-01-01,BKG_VG250_2026_01_01
05913000,Dortmund,05,05913,1,true,true,2026-01-01,BKG_VG250_2026_01_01
05914000,Hagen,05,05914,1,true,true,2026-01-01,BKG_VG250_2026_01_01
05915000,Hamm,05,05915,1,true,true,2026-01-01,BKG_VG250_2026_01_01
05916000,Herne,05,05916,1,true,true,2026-01-01,BKG_VG250_2026_01_01
05954004,Breckerfeld,05,05954,1,true,true,2026-01-01,BKG_VG250_2026_01_01
05954008,Ennepetal,05,05954,1,true,true,2026-01-01,BKG_VG250_2026_01_01
05954012,Gevelsberg,05,05954,1,true,true,2026-01-01,BKG_VG250_2026_01_01
05954016,Hattingen,05,05954,1,true,true,2026-01-01,BKG_VG250_2026_01_01
05954020,Herdecke,05,05954,1,true,true,2026-01-01,BKG_VG250_2026_01_01
05954024,Schwelm,05,05954,1,true,true,2026-01-01,BKG_VG250_2026_01_01
05954028,Sprockhövel,05,05954,1,true,true,2026-01-01,BKG_VG250_2026_01_01
05954032,Wetter (Ruhr),05,05954,1,true,true,2026-01-01,BKG_VG250_2026_01_01
05954036,Witten,05,05954,1,true,true,2026-01-01,BKG_VG250_2026_01_01
05958004,Arnsberg,05,05958,1,true,true,2026-01-01,BKG_VG250_2026_01_01
05958008,Bestwig,05,05958,1,true,true,2026-01-01,BKG_VG250_2026_01_01
05958012,Brilon,05,05958,1,true,true,2026-01-01,BKG_VG250_2026_01_01
05958016,Eslohe (Sauerland),05,05958,1,true,true,2026-01-01,BKG_VG250_2026_01_01
05958020,Hallenberg,05,05958,1,true,true,2026-01-01,BKG_VG250_2026_01_01
05958024,Marsberg,05,05958,1,true,true,2026-01-01,BKG_VG250_2026_01_01
05958028,Medebach,05,05958,1,true,true,2026-01-01,BKG_VG250_2026_01_01
05958032,Meschede,05,05958,1,true,true,2026-01-01,BKG_VG250_2026_01_01
05958036,Olsberg,05,05958,1,true,true,2026-01-01,BKG_VG250_2026_01_01
05958040,Schmallenberg,05,05958,1,true,true,2026-01-01,BKG_VG250_2026_01_01
05958044,Sundern (Sauerland),05,05958,1,true,true,2026-01-01,BKG_VG250_2026_01_01
05958048,Winterberg,05,05958,1,true,true,2026-01-01,BKG_VG250_2026_01_01
05962004,Altena,05,05962,1,true,true,2026-01-01,BKG_VG250_2026_01_01
05962008,Balve,05,05962,1,true,true,2026-01-01,BKG_VG250_2026_01_01
05962012,Halver,05,05962,1,true,true,2026-01-01,BKG_VG250_2026_01_01
05962016,Hemer,05,05962,1,true,true,2026-01-01,BKG_VG250_2026_01_01
05962020,Herscheid,05,05962,1,true,true,2026-01-01,BKG_VG250_2026_01_01
05962024,Iserlohn,05,05962,1,true,true,2026-01-01,BKG_VG250_2026_01_01
05962028,Kierspe,05,05962,1,true,true,2026-01-01,BKG_VG250_2026_01_01
05962032,Lüdenscheid,05,05962,1,true,true,2026-01-01,BKG_VG250_2026_01_01
05962036,Meinerzhagen,05,05962,1,true,true,2026-01-01,BKG_VG250_2026_01_01
05962040,Menden (Sauerland),05,05962,1,true,true,2026-01-01,BKG_VG250_2026_01_01
05962044,Nachrodt-Wiblingwerde,05,05962,1,true,true,2026-01-01,BKG_VG250_2026_01_01
05962048,Neuenrade,05,05962,1,true,true,2026-01-01,BKG_VG250_2026_01_01
05962052,Plettenberg,05,05962,1,true,true,2026-01-01,BKG_VG250_2026_01_01
05962056,Schalksmühle,05,05962,1,true,true,2026-01-01,BKG_VG250_2026_01_01
05962060,Werdohl,05,05962,1,true,true,2026-01-01,BKG_VG250_2026_01_01
05966004,Attendorn,05,05966,1,true,true,2026-01-01,BKG_VG250_2026_01_01
05966008,Drolshagen,05,05966,1,true,true,2026-01-01,BKG_VG250_2026_01_01
05966012,Finnentrop,05,05966,1,true,true,2026-01-01,BKG_VG250_2026_01_01
05966016,Kirchhundem,05,05966,1,true,true,2026-01-01,BKG_VG250_2026_01_01
05966020,Lennestadt,05,05966,1,true,true,2026-01-01,BKG_VG250_2026_01_01
05966024,Olpe,05,05966,1,true,true,2026-01-01,BKG_VG250_2026_01_01
05966028,Wenden,05,05966,1,true,true,2026-01-01,BKG_VG250_2026_01_01
05970004,Bad Berleburg,05,05970,1,true,true,2026-01-01,BKG_VG250_2026_01_01
05970008,Burbach,05,05970,1,true,true,2026-01-01,BKG_VG250_2026_01_01
05970012,Erndtebrück,05,05970,1,true,true,2026-01-01,BKG_VG250_2026_01_01
05970016,Freudenberg,05,05970,1,true,true,2026-01-01,BKG_VG250_2026_01_01
05970020,Hilchenbach,05,05970,1,true,true,2026-01-01,BKG_VG250_2026_01_01
05970024,Kreuztal,05,05970,1,true,true,2026-01-01,BKG_VG250_2026_01_01
05970028,Bad Laasphe,05,05970,1,true,true,2026-01-01,BKG_VG250_2026_01_01
05970032,Netphen,05,05970,1,true,true,2026-01-01,BKG_VG250_2026_01_01
05970036,Neunkirchen,05,05970,1,true,true,2026-01-01,BKG_VG250_2026_01_01
05970040,Siegen,05,05970,1,true,true,2026-01-01,BKG_VG250_2026_01_01
05970044,Wilnsdorf,05,05970,1,true,true,2026-01-01,BKG_VG250_2026_01_01
05974004,Anröchte,05,05974,1,true,true,2026-01-01,BKG_VG250_2026_01_01
05974008,Bad Sassendorf,05,05974,1,true,true,2026-01-01,BKG_VG250_2026_01_01
05974012,Ense,05,05974,1,true,true,2026-01-01,BKG_VG250_2026_01_01
05974016,Erwitte,05,05974,1,true,true,2026-01-01,BKG_VG250_2026_01_01
05974020,Geseke,05,05974,1,true,true,2026-01-01,BKG_VG250_2026_01_01
05974024,Lippetal,05,05974,1,true,true,2026-01-01,BKG_VG250_2026_01_01
05974028,Lippstadt,05,05974,1,true,true,2026-01-01,BKG_VG250_2026_01_01
05974032,Möhnesee,05,05974,1,true,true,2026-01-01,BKG_VG250_2026_01_01
05974036,Rüthen,05,05974,1,true,true,2026-01-01,BKG_VG250_2026_01_01
05974040,Soest,05,05974,1,true,true,2026-01-01,BKG_VG250_2026_01_01
05974044,Warstein,05,05974,1,true,true,2026-01-01,BKG_VG250_2026_01_01
05974048,Welver,05,05974,1,true,true,2026-01-01,BKG_VG250_2026_01_01
05974052,Werl,05,05974,1,true,true,2026-01-01,BKG_VG250_2026_01_01
05974056,Wickede (Ruhr),05,05974,1,true,true,2026-01-01,BKG_VG250_2026_01_01
05978004,Bergkamen,05,05978,1,true,true,2026-01-01,BKG_VG250_2026_01_01
05978008,Bönen,05,05978,1,true,true,2026-01-01,BKG_VG250_2026_01_01
05978012,Fröndenberg/Ruhr,05,05978,1,true,true,2026-01-01,BKG_VG250_2026_01_01
05978016,Holzwickede,05,05978,1,true,true,2026-01-01,BKG_VG250_2026_01_01
05978020,Kamen,05,05978,1,true,true,2026-01-01,BKG_VG250_2026_01_01
05978024,Lünen,05,05978,1,true,true,2026-01-01,BKG_VG250_2026_01_01
05978028,Schwerte,05,05978,1,true,true,2026-01-01,BKG_VG250_2026_01_01
05978032,Selm,05,05978,1,true,true,2026-01-01,BKG_VG250_2026_01_01
05978036,Unna,05,05978,1,true,true,2026-01-01,BKG_VG250_2026_01_01
05978040,Werne,05,05978,1,true,true,2026-01-01,BKG_VG250_2026_01_01
06411000,Darmstadt,06,06411,1,true,true,2026-01-01,BKG_VG250_2026_01_01
06412000,Frankfurt am Main,06,06412,1,true,true,2026-01-01,BKG_VG250_2026_01_01
06413000,Offenbach am Main,06,06413,1,true,true,2026-01-01,BKG_VG250_2026_01_01
06414000,Wiesbaden,06,06414,1,true,true,2026-01-01,BKG_VG250_2026_01_01
06415000,Hanau,06,06415,1,false,false,2026-01-01,BKG_VG250_2026_01_01
06431001,Abtsteinach,06,06431,1,true,true,2026-01-01,BKG_VG250_2026_01_01
06431002,Bensheim,06,06431,1,true,true,2026-01-01,BKG_VG250_2026_01_01
06431003,Biblis,06,06431,1,true,true,2026-01-01,BKG_VG250_2026_01_01
06431004,Birkenau,06,06431,1,true,true,2026-01-01,BKG_VG250_2026_01_01
06431005,Bürstadt,06,06431,1,true,true,2026-01-01,BKG_VG250_2026_01_01
06431006,Einhausen,06,06431,1,true,true,2026-01-01,BKG_VG250_2026_01_01
06431007,Fürth,06,06431,1,true,true,2026-01-01,BKG_VG250_2026_01_01
06431008,Gorxheimertal,06,06431,1,true,true,2026-01-01,BKG_VG250_2026_01_01
06431009,Grasellenbach,06,06431,1,true,true,2026-01-01,BKG_VG250_2026_01_01
06431010,Groß-Rohrheim,06,06431,1,true,true,2026-01-01,BKG_VG250_2026_01_01
06431011,Heppenheim (Bergstraße),06,06431,1,true,true,2026-01-01,BKG_VG250_2026_01_01
06431012,Hirschhorn (Neckar),06,06431,1,true,true,2026-01-01,BKG_VG250_2026_01_01
06431013,Lampertheim,06,06431,1,true,true,2026-01-01,BKG_VG250_2026_01_01
06431014,Lautertal (Odenwald),06,06431,1,true,true,2026-01-01,BKG_VG250_2026_01_01
06431015,Lindenfels,06,06431,1,true,true,2026-01-01,BKG_VG250_2026_01_01
06431016,Lorsch,06,06431,1,true,true,2026-01-01,BKG_VG250_2026_01_01
06431017,Mörlenbach,06,06431,1,true,true,2026-01-01,BKG_VG250_2026_01_01
06431018,Neckarsteinach,06,06431,1,true,true,2026-01-01,BKG_VG250_2026_01_01
06431019,Rimbach,06,06431,1,true,true,2026-01-01,BKG_VG250_2026_01_01
06431020,Viernheim,06,06431,1,true,true,2026-01-01,BKG_VG250_2026_01_01
06431021,Wald-Michelbach,06,06431,1,true,true,2026-01-01,BKG_VG250_2026_01_01
06431022,Zwingenberg,06,06431,1,true,true,2026-01-01,BKG_VG250_2026_01_01
06431200,Michelbuch,06,06431,1,true,false,2026-01-01,BKG_VG250_2026_01_01
06432001,Alsbach-Hähnlein,06,06432,1,true,true,2026-01-01,BKG_VG250_2026_01_01
06432002,Babenhausen,06,06432,1,true,true,2026-01-01,BKG_VG250_2026_01_01
06432003,Bickenbach,06,06432,1,true,true,2026-01-01,BKG_VG250_2026_01_01
06432004,Dieburg,06,06432,1,true,true,2026-01-01,BKG_VG250_2026_01_01
06432005,Eppertshausen,06,06432,1,true,true,2026-01-01,BKG_VG250_2026_01_01
06432006,Erzhausen,06,06432,1,true,true,2026-01-01,BKG_VG250_2026_01_01
06432007,Fischbachtal,06,06432,1,true,true,2026-01-01,BKG_VG250_2026_01_01
06432008,Griesheim,06,06432,1,true,true,2026-01-01,BKG_VG250_2026_01_01
06432009,Groß-Bieberau,06,06432,1,true,true,2026-01-01,BKG_VG250_2026_01_01
06432010,Groß-Umstadt,06,06432,1,true,true,2026-01-01,BKG_VG250_2026_01_01
06432011,Groß-Zimmern,06,06432,1,true,true,2026-01-01,BKG_VG250_2026_01_01
06432012,Messel,06,06432,1,true,true,2026-01-01,BKG_VG250_2026_01_01
06432013,Modautal,06,06432,1,true,true,2026-01-01,BKG_VG250_2026_01_01
06432014,Mühltal,06,06432,1,true,true,2026-01-01,BKG_VG250_2026_01_01
06432015,Münster (Hessen),06,06432,1,true,true,2026-01-01,BKG_VG250_2026_01_01
06432016,Ober-Ramstadt,06,06432,1,true,true,2026-01-01,BKG_VG250_2026_01_01
06432017,Otzberg,06,06432,1,true,true,2026-01-01,BKG_VG250_2026_01_01
06432018,Pfungstadt,06,06432,1,true,true,2026-01-01,BKG_VG250_2026_01_01
06432019,Reinheim,06,06432,1,true,true,2026-01-01,BKG_VG250_2026_01_01
06432020,Roßdorf,06,06432,1,true,true,2026-01-01,BKG_VG250_2026_01_01
06432021,Schaafheim,06,06432,1,true,true,2026-01-01,BKG_VG250_2026_01_01
06432022,Seeheim-Jugenheim,06,06432,1,true,true,2026-01-01,BKG_VG250_2026_01_01
06432023,Weiterstadt,06,06432,1,true,true,2026-01-01,BKG_VG250_2026_01_01
06433001,Biebesheim am Rhein,06,06433,1,true,true,2026-01-01,BKG_VG250_2026_01_01
06433002,Bischofsheim,06,06433,1,true,true,2026-01-01,BKG_VG250_2026_01_01
06433003,Büttelborn,06,06433,1,true,true,2026-01-01,BKG_VG250_2026_01_01
06433004,Gernsheim,06,06433,1,true,true,2026-01-01,BKG_VG250_2026_01_01
06433005,Ginsheim-Gustavsburg,06,06433,1,true,true,2026-01-01,BKG_VG250_2026_01_01
06433006,Groß-Gerau,06,06433,1,true,true,2026-01-01,BKG_VG250_2026_01_01
06433007,Kelsterbach,06,06433,1,true,true,2026-01-01,BKG_VG250_2026_01_01
06433008,Mörfelden-Walldorf,06,06433,1,true,true,2026-01-01,BKG_VG250_2026_01_01
06433009,Nauheim,06,06433,1,true,true,2026-01-01,BKG_VG250_2026_01_01
06433010,Raunheim,06,06433,1,true,true,2026-01-01,BKG_VG250_2026_01_01
06433011,Riedstadt,06,06433,1,true,true,2026-01-01,BKG_VG250_2026_01_01
06433012,Rüsselsheim am Main,06,06433,1,true,true,2026-01-01,BKG_VG250_2026_01_01
06433013,Stockstadt am Rhein,06,06433,1,true,true,2026-01-01,BKG_VG250_2026_01_01
06433014,Trebur,06,06433,1,true,true,2026-01-01,BKG_VG250_2026_01_01
06434001,Bad Homburg v.d.Höhe,06,06434,1,true,true,2026-01-01,BKG_VG250_2026_01_01
06434002,Friedrichsdorf,06,06434,1,true,true,2026-01-01,BKG_VG250_2026_01_01
06434003,Glashütten,06,06434,1,true,true,2026-01-01,BKG_VG250_2026_01_01
06434004,Grävenwiesbach,06,06434,1,true,true,2026-01-01,BKG_VG250_2026_01_01
06434005,Königstein im Taunus,06,06434,1,true,true,2026-01-01,BKG_VG250_2026_01_01
06434006,Kronberg im Taunus,06,06434,1,true,true,2026-01-01,BKG_VG250_2026_01_01
06434007,Neu-Anspach,06,06434,1,true,true,2026-01-01,BKG_VG250_2026_01_01
06434008,Oberursel (Taunus),06,06434,1,true,true,2026-01-01,BKG_VG250_2026_01_01
06434009,Schmitten im Taunus,06,06434,1,true,true,2026-01-01,BKG_VG250_2026_01_01
06434010,Steinbach (Taunus),06,06434,1,true,true,2026-01-01,BKG_VG250_2026_01_01
06434011,Usingen,06,06434,1,true,true,2026-01-01,BKG_VG250_2026_01_01
06434012,Wehrheim,06,06434,1,true,true,2026-01-01,BKG_VG250_2026_01_01
06434013,Weilrod,06,06434,1,true,true,2026-01-01,BKG_VG250_2026_01_01
06435001,Bad Orb,06,06435,1,true,true,2026-01-01,BKG_VG250_2026_01_01
06435002,Bad Soden-Salmünster,06,06435,1,true,true,2026-01-01,BKG_VG250_2026_01_01
06435003,Biebergemünd,06,06435,1,true,true,2026-01-01,BKG_VG250_2026_01_01
06435004,Birstein,06,06435,1,true,true,2026-01-01,BKG_VG250_2026_01_01
06435005,Brachttal,06,06435,1,true,true,2026-01-01,BKG_VG250_2026_01_01
06435006,Bruchköbel,06,06435,1,true,true,2026-01-01,BKG_VG250_2026_01_01
06435007,Erlensee,06,06435,1,true,true,2026-01-01,BKG_VG250_2026_01_01
06435008,Flörsbachtal,06,06435,1,true,true,2026-01-01,BKG_VG250_2026_01_01
06435009,Freigericht,06,06435,1,true,true,2026-01-01,BKG_VG250_2026_01_01
06435010,Gelnhausen,06,06435,1,true,true,2026-01-01,BKG_VG250_2026_01_01
06435011,Großkrotzenburg,06,06435,1,true,true,2026-01-01,BKG_VG250_2026_01_01
06435012,Gründau,06,06435,1,true,true,2026-01-01,BKG_VG250_2026_01_01
06435013,Hammersbach,06,06435,1,true,true,2026-01-01,BKG_VG250_2026_01_01
06435015,Hasselroth,06,06435,1,true,true,2026-01-01,BKG_VG250_2026_01_01
06435016,Jossgrund,06,06435,1,true,true,2026-01-01,BKG_VG250_2026_01_01
06435017,Langenselbold,06,06435,1,true,true,2026-01-01,BKG_VG250_2026_01_01
06435018,Linsengericht,06,06435,1,true,true,2026-01-01,BKG_VG250_2026_01_01
06435019,Maintal,06,06435,1,true,true,2026-01-01,BKG_VG250_2026_01_01
06435020,Neuberg,06,06435,1,true,true,2026-01-01,BKG_VG250_2026_01_01
06435021,Nidderau,06,06435,1,true,true,2026-01-01,BKG_VG250_2026_01_01
06435022,Niederdorfelden,06,06435,1,true,true,2026-01-01,BKG_VG250_2026_01_01
06435023,Rodenbach,06,06435,1,true,true,2026-01-01,BKG_VG250_2026_01_01
06435024,Ronneburg,06,06435,1,true,true,2026-01-01,BKG_VG250_2026_01_01
06435025,Schlüchtern,06,06435,1,true,true,2026-01-01,BKG_VG250_2026_01_01
06435026,Schöneck,06,06435,1,true,true,2026-01-01,BKG_VG250_2026_01_01
06435027,Sinntal,06,06435,1,true,true,2026-01-01,BKG_VG250_2026_01_01
06435028,Steinau an der Straße,06,06435,1,true,true,2026-01-01,BKG_VG250_2026_01_01
06435029,Wächtersbach,06,06435,1,true,true,2026-01-01,BKG_VG250_2026_01_01
06435200,Gutsbezirk Spessart,06,06435,1,true,false,2026-01-01,BKG_VG250_2026_01_01
06436001,Bad Soden am Taunus,06,06436,1,true,true,2026-01-01,BKG_VG250_2026_01_01
06436002,Eppstein,06,06436,1,true,true,2026-01-01,BKG_VG250_2026_01_01
06436003,Eschborn,06,06436,1,true,true,2026-01-01,BKG_VG250_2026_01_01
06436004,Flörsheim am Main,06,06436,1,true,true,2026-01-01,BKG_VG250_2026_01_01
06436005,Hattersheim am Main,06,06436,1,true,true,2026-01-01,BKG_VG250_2026_01_01
06436006,Hochheim am Main,06,06436,1,true,true,2026-01-01,BKG_VG250_2026_01_01
06436007,Hofheim am Taunus,06,06436,1,true,true,2026-01-01,BKG_VG250_2026_01_01
06436008,Kelkheim (Taunus),06,06436,1,true,true,2026-01-01,BKG_VG250_2026_01_01
06436009,Kriftel,06,06436,1,true,true,2026-01-01,BKG_VG250_2026_01_01
06436010,Liederbach am Taunus,06,06436,1,true,true,2026-01-01,BKG_VG250_2026_01_01
06436011,Schwalbach am Taunus,06,06436,1,true,true,2026-01-01,BKG_VG250_2026_01_01
06436012,Sulzbach (Taunus),06,06436,1,true,true,2026-01-01,BKG_VG250_2026_01_01
06437001,Bad König,06,06437,1,true,true,2026-01-01,BKG_VG250_2026_01_01
06437003,Brensbach,06,06437,1,true,true,2026-01-01,BKG_VG250_2026_01_01
06437004,Breuberg,06,06437,1,true,true,2026-01-01,BKG_VG250_2026_01_01
06437005,Brombachtal,06,06437,1,true,true,2026-01-01,BKG_VG250_2026_01_01
06437006,Erbach,06,06437,1,true,true,2026-01-01,BKG_VG250_2026_01_01
06437007,Fränkisch-Crumbach,06,06437,1,true,true,2026-01-01,BKG_VG250_2026_01_01
06437009,Höchst i.Odw.,06,06437,1,true,true,2026-01-01,BKG_VG250_2026_01_01
06437010,Lützelbach,06,06437,1,true,true,2026-01-01,BKG_VG250_2026_01_01
06437011,Michelstadt,06,06437,1,true,true,2026-01-01,BKG_VG250_2026_01_01
06437012,Mossautal,06,06437,1,true,true,2026-01-01,BKG_VG250_2026_01_01
06437013,Reichelsheim (Odenwald),06,06437,1,true,true,2026-01-01,BKG_VG250_2026_01_01
06437016,Oberzent,06,06437,1,true,true,2026-01-01,BKG_VG250_2026_01_01
06438001,Dietzenbach,06,06438,1,true,true,2026-01-01,BKG_VG250_2026_01_01
06438002,Dreieich,06,06438,1,true,true,2026-01-01,BKG_VG250_2026_01_01
06438003,Egelsbach,06,06438,1,true,true,2026-01-01,BKG_VG250_2026_01_01
06438004,Hainburg,06,06438,1,true,true,2026-01-01,BKG_VG250_2026_01_01
06438005,Heusenstamm,06,06438,1,true,true,2026-01-01,BKG_VG250_2026_01_01
06438006,Langen (Hessen),06,06438,1,true,true,2026-01-01,BKG_VG250_2026_01_01
06438007,Mainhausen,06,06438,1,true,true,2026-01-01,BKG_VG250_2026_01_01
06438008,Mühlheim am Main,06,06438,1,true,true,2026-01-01,BKG_VG250_2026_01_01
06438009,Neu-Isenburg,06,06438,1,true,true,2026-01-01,BKG_VG250_2026_01_01
06438010,Obertshausen,06,06438,1,true,true,2026-01-01,BKG_VG250_2026_01_01
06438011,Rodgau,06,06438,1,true,true,2026-01-01,BKG_VG250_2026_01_01
06438012,Rödermark,06,06438,1,true,true,2026-01-01,BKG_VG250_2026_01_01
06438013,Seligenstadt,06,06438,1,true,true,2026-01-01,BKG_VG250_2026_01_01
06439001,Aarbergen,06,06439,1,true,true,2026-01-01,BKG_VG250_2026_01_01
06439002,Bad Schwalbach,06,06439,1,true,true,2026-01-01,BKG_VG250_2026_01_01
06439003,Eltville am Rhein,06,06439,1,true,true,2026-01-01,BKG_VG250_2026_01_01
06439004,Geisenheim,06,06439,1,true,true,2026-01-01,BKG_VG250_2026_01_01
06439005,Heidenrod,06,06439,1,true,true,2026-01-01,BKG_VG250_2026_01_01
06439006,Hohenstein,06,06439,1,true,true,2026-01-01,BKG_VG250_2026_01_01
06439007,Hünstetten,06,06439,1,true,true,2026-01-01,BKG_VG250_2026_01_01
06439008,Idstein,06,06439,1,true,true,2026-01-01,BKG_VG250_2026_01_01
06439009,Kiedrich,06,06439,1,true,true,2026-01-01,BKG_VG250_2026_01_01
06439010,Lorch,06,06439,1,true,true,2026-01-01,BKG_VG250_2026_01_01
06439011,Niedernhausen,06,06439,1,true,true,2026-01-01,BKG_VG250_2026_01_01
06439012,Oestrich-Winkel,06,06439,1,true,true,2026-01-01,BKG_VG250_2026_01_01
06439013,Rüdesheim am Rhein,06,06439,1,true,true,2026-01-01,BKG_VG250_2026_01_01
06439014,Schlangenbad,06,06439,1,true,true,2026-01-01,BKG_VG250_2026_01_01
06439015,Taunusstein,06,06439,1,true,true,2026-01-01,BKG_VG250_2026_01_01
06439016,Waldems,06,06439,1,true,true,2026-01-01,BKG_VG250_2026_01_01
06439017,Walluf,06,06439,1,true,true,2026-01-01,BKG_VG250_2026_01_01
06440001,Altenstadt,06,06440,1,true,true,2026-01-01,BKG_VG250_2026_01_01
06440002,Bad Nauheim,06,06440,1,true,true,2026-01-01,BKG_VG250_2026_01_01
06440003,Bad Vilbel,06,06440,1,true,true,2026-01-01,BKG_VG250_2026_01_01
06440004,Büdingen,06,06440,1,true,true,2026-01-01,BKG_VG250_2026_01_01
06440005,Butzbach,06,06440,1,true,true,2026-01-01,BKG_VG250_2026_01_01
06440006,Echzell,06,06440,1,true,true,2026-01-01,BKG_VG250_2026_01_01
06440007,Florstadt,06,06440,1,true,true,2026-01-01,BKG_VG250_2026_01_01
06440008,Friedberg (Hessen),06,06440,1,true,true,2026-01-01,BKG_VG250_2026_01_01
06440009,Gedern,06,06440,1,true,true,2026-01-01,BKG_VG250_2026_01_01
06440010,Glauburg,06,06440,1,true,true,2026-01-01,BKG_VG250_2026_01_01
06440011,Hirzenhain,06,06440,1,true,true,2026-01-01,BKG_VG250_2026_01_01
06440012,Karben,06,06440,1,true,true,2026-01-01,BKG_VG250_2026_01_01
06440013,Kefenrod,06,06440,1,true,true,2026-01-01,BKG_VG250_2026_01_01
06440014,Limeshain,06,06440,1,true,true,2026-01-01,BKG_VG250_2026_01_01
06440015,Münzenberg,06,06440,1,true,true,2026-01-01,BKG_VG250_2026_01_01
06440016,Nidda,06,06440,1,true,true,2026-01-01,BKG_VG250_2026_01_01
06440017,Niddatal,06,06440,1,true,true,2026-01-01,BKG_VG250_2026_01_01
06440018,Ober-Mörlen,06,06440,1,true,true,2026-01-01,BKG_VG250_2026_01_01
06440019,Ortenberg,06,06440,1,true,true,2026-01-01,BKG_VG250_2026_01_01
06440020,Ranstadt,06,06440,1,true,true,2026-01-01,BKG_VG250_2026_01_01
06440021,Reichelsheim (Wetterau),06,06440,1,true,true,2026-01-01,BKG_VG250_2026_01_01
06440022,Rockenberg,06,06440,1,true,true,2026-01-01,BKG_VG250_2026_01_01
06440023,Rosbach v.d.Höhe,06,06440,1,true,true,2026-01-01,BKG_VG250_2026_01_01
06440024,Wölfersheim,06,06440,1,true,true,2026-01-01,BKG_VG250_2026_01_01
06440025,Wöllstadt,06,06440,1,true,true,2026-01-01,BKG_VG250_2026_01_01
06531001,Allendorf (Lumda),06,06531,1,true,true,2026-01-01,BKG_VG250_2026_01_01
06531002,Biebertal,06,06531,1,true,true,2026-01-01,BKG_VG250_2026_01_01
06531003,Buseck,06,06531,1,true,true,2026-01-01,BKG_VG250_2026_01_01
06531004,Fernwald,06,06531,1,true,true,2026-01-01,BKG_VG250_2026_01_01
06531005,Gießen,06,06531,1,true,true,2026-01-01,BKG_VG250_2026_01_01
06531006,Grünberg,06,06531,1,true,true,2026-01-01,BKG_VG250_2026_01_01
06531007,Heuchelheim a.d.Lahn,06,06531,1,true,true,2026-01-01,BKG_VG250_2026_01_01
06531008,Hungen,06,06531,1,true,true,2026-01-01,BKG_VG250_2026_01_01
06531009,Langgöns,06,06531,1,true,true,2026-01-01,BKG_VG250_2026_01_01
06531010,Laubach,06,06531,1,true,true,2026-01-01,BKG_VG250_2026_01_01
06531011,Lich,06,06531,1,true,true,2026-01-01,BKG_VG250_2026_01_01
06531012,Linden,06,06531,1,true,true,2026-01-01,BKG_VG250_2026_01_01
06531013,Lollar,06,06531,1,true,true,2026-01-01,BKG_VG250_2026_01_01
06531014,Pohlheim,06,06531,1,true,true,2026-01-01,BKG_VG250_2026_01_01
06531015,Rabenau,06,06531,1,true,true,2026-01-01,BKG_VG250_2026_01_01
06531016,Reiskirchen,06,06531,1,true,true,2026-01-01,BKG_VG250_2026_01_01
06531017,Staufenberg,06,06531,1,true,true,2026-01-01,BKG_VG250_2026_01_01
06531018,Wettenberg,06,06531,1,true,true,2026-01-01,BKG_VG250_2026_01_01
06532001,Aßlar,06,06532,1,true,true,2026-01-01,BKG_VG250_2026_01_01
06532002,Bischoffen,06,06532,1,true,true,2026-01-01,BKG_VG250_2026_01_01
06532003,Braunfels,06,06532,1,true,true,2026-01-01,BKG_VG250_2026_01_01
06532004,Breitscheid,06,06532,1,true,true,2026-01-01,BKG_VG250_2026_01_01
06532005,Dietzhölztal,06,06532,1,true,true,2026-01-01,BKG_VG250_2026_01_01
06532006,Dillenburg,06,06532,1,true,true,2026-01-01,BKG_VG250_2026_01_01
06532007,Driedorf,06,06532,1,true,true,2026-01-01,BKG_VG250_2026_01_01
06532008,Ehringshausen,06,06532,1,true,true,2026-01-01,BKG_VG250_2026_01_01
06532009,Eschenburg,06,06532,1,true,true,2026-01-01,BKG_VG250_2026_01_01
06532010,Greifenstein,06,06532,1,true,true,2026-01-01,BKG_VG250_2026_01_01
06532011,Haiger,06,06532,1,true,true,2026-01-01,BKG_VG250_2026_01_01
06532012,Herborn,06,06532,1,true,true,2026-01-01,BKG_VG250_2026_01_01
06532013,Hohenahr,06,06532,1,true,true,2026-01-01,BKG_VG250_2026_01_01
06532014,Hüttenberg,06,06532,1,true,true,2026-01-01,BKG_VG250_2026_01_01
06532015,Lahnau,06,06532,1,true,true,2026-01-01,BKG_VG250_2026_01_01
06532016,Leun,06,06532,1,true,true,2026-01-01,BKG_VG250_2026_01_01
06532017,Mittenaar,06,06532,1,true,true,2026-01-01,BKG_VG250_2026_01_01
06532018,Schöffengrund,06,06532,1,true,true,2026-01-01,BKG_VG250_2026_01_01
06532019,Siegbach,06,06532,1,true,true,2026-01-01,BKG_VG250_2026_01_01
06532020,Sinn,06,06532,1,true,true,2026-01-01,BKG_VG250_2026_01_01
06532021,Solms,06,06532,1,true,true,2026-01-01,BKG_VG250_2026_01_01
06532022,Waldsolms,06,06532,1,true,true,2026-01-01,BKG_VG250_2026_01_01
06532023,Wetzlar,06,06532,1,true,true,2026-01-01,BKG_VG250_2026_01_01
06533001,Beselich,06,06533,1,true,true,2026-01-01,BKG_VG250_2026_01_01
06533002,Brechen,06,06533,1,true,true,2026-01-01,BKG_VG250_2026_01_01
06533003,Bad Camberg,06,06533,1,true,true,2026-01-01,BKG_VG250_2026_01_01
06533004,Dornburg,06,06533,1,true,true,2026-01-01,BKG_VG250_2026_01_01
06533005,Elbtal,06,06533,1,true,true,2026-01-01,BKG_VG250_2026_01_01
06533006,Elz,06,06533,1,true,true,2026-01-01,BKG_VG250_2026_01_01
06533007,Hadamar,06,06533,1,true,true,2026-01-01,BKG_VG250_2026_01_01
06533008,Hünfelden,06,06533,1,true,true,2026-01-01,BKG_VG250_2026_01_01
06533009,Limburg a.d.Lahn,06,06533,1,true,true,2026-01-01,BKG_VG250_2026_01_01
06533010,Löhnberg,06,06533,1,true,true,2026-01-01,BKG_VG250_2026_01_01
06533011,Mengerskirchen,06,06533,1,true,true,2026-01-01,BKG_VG250_2026_01_01
06533012,Merenberg,06,06533,1,true,true,2026-01-01,BKG_VG250_2026_01_01
06533013,Runkel,06,06533,1,true,true,2026-01-01,BKG_VG250_2026_01_01
06533014,Selters (Taunus),06,06533,1,true,true,2026-01-01,BKG_VG250_2026_01_01
06533015,Villmar,06,06533,1,true,true,2026-01-01,BKG_VG250_2026_01_01
06533016,Waldbrunn (Westerwald),06,06533,1,true,true,2026-01-01,BKG_VG250_2026_01_01
06533017,Weilburg,06,06533,1,true,true,2026-01-01,BKG_VG250_2026_01_01
06533018,Weilmünster,06,06533,1,true,true,2026-01-01,BKG_VG250_2026_01_01
06533019,Weinbach,06,06533,1,true,true,2026-01-01,BKG_VG250_2026_01_01
06534001,Amöneburg,06,06534,1,true,true,2026-01-01,BKG_VG250_2026_01_01
06534002,Angelburg,06,06534,1,true,true,2026-01-01,BKG_VG250_2026_01_01
06534003,Bad Endbach,06,06534,1,true,true,2026-01-01,BKG_VG250_2026_01_01
06534004,Biedenkopf,06,06534,1,true,true,2026-01-01,BKG_VG250_2026_01_01
06534005,Breidenbach,06,06534,1,true,true,2026-01-01,BKG_VG250_2026_01_01
06534006,Cölbe,06,06534,1,true,true,2026-01-01,BKG_VG250_2026_01_01
06534007,Dautphetal,06,06534,1,true,true,2026-01-01,BKG_VG250_2026_01_01
06534008,Ebsdorfergrund,06,06534,1,true,true,2026-01-01,BKG_VG250_2026_01_01
06534009,Fronhausen,06,06534,1,true,true,2026-01-01,BKG_VG250_2026_01_01
06534010,Gladenbach,06,06534,1,true,true,2026-01-01,BKG_VG250_2026_01_01
06534011,Kirchhain,06,06534,1,true,true,2026-01-01,BKG_VG250_2026_01_01
06534012,Lahntal,06,06534,1,true,true,2026-01-01,BKG_VG250_2026_01_01
06534013,Lohra,06,06534,1,true,true,2026-01-01,BKG_VG250_2026_01_01
06534014,Marburg,06,06534,1,true,true,2026-01-01,BKG_VG250_2026_01_01
06534015,Münchhausen,06,06534,1,true,true,2026-01-01,BKG_VG250_2026_01_01
06534016,Neustadt (Hessen),06,06534,1,true,true,2026-01-01,BKG_VG250_2026_01_01
06534017,Rauschenberg,06,06534,1,true,true,2026-01-01,BKG_VG250_2026_01_01
06534018,Stadtallendorf,06,06534,1,true,true,2026-01-01,BKG_VG250_2026_01_01
06534019,Steffenberg,06,06534,1,true,true,2026-01-01,BKG_VG250_2026_01_01
06534020,Weimar (Lahn),06,06534,1,true,true,2026-01-01,BKG_VG250_2026_01_01
06534021,Wetter (Hessen),06,06534,1,true,true,2026-01-01,BKG_VG250_2026_01_01
06534022,Wohratal,06,06534,1,true,true,2026-01-01,BKG_VG250_2026_01_01
06535001,Alsfeld,06,06535,1,true,true,2026-01-01,BKG_VG250_2026_01_01
06535002,Antrifttal,06,06535,1,true,true,2026-01-01,BKG_VG250_2026_01_01
06535003,Feldatal,06,06535,1,true,true,2026-01-01,BKG_VG250_2026_01_01
06535004,Freiensteinau,06,06535,1,true,true,2026-01-01,BKG_VG250_2026_01_01
06535005,Gemünden (Felda),06,06535,1,true,true,2026-01-01,BKG_VG250_2026_01_01
06535006,Grebenau,06,06535,1,true,true,2026-01-01,BKG_VG250_2026_01_01
06535007,Grebenhain,06,06535,1,true,true,2026-01-01,BKG_VG250_2026_01_01
06535008,Herbstein,06,06535,1,true,true,2026-01-01,BKG_VG250_2026_01_01
06535009,Homberg (Ohm),06,06535,1,true,true,2026-01-01,BKG_VG250_2026_01_01
06535010,Kirtorf,06,06535,1,true,true,2026-01-01,BKG_VG250_2026_01_01
06535011,Lauterbach (Hessen),06,06535,1,true,true,2026-01-01,BKG_VG250_2026_01_01
06535012,Lautertal (Vogelsberg),06,06535,1,true,true,2026-01-01,BKG_VG250_2026_01_01
06535013,Mücke,06,06535,1,true,true,2026-01-01,BKG_VG250_2026_01_01
06535014,Romrod,06,06535,1,true,true,2026-01-01,BKG_VG250_2026_01_01
06535015,Schlitz,06,06535,1,true,true,2026-01-01,BKG_VG250_2026_01_01
06535016,Schotten,06,06535,1,true,true,2026-01-01,BKG_VG250_2026_01_01
06535017,Schwalmtal,06,06535,1,true,true,2026-01-01,BKG_VG250_2026_01_01
06535018,Ulrichstein,06,06535,1,true,true,2026-01-01,BKG_VG250_2026_01_01
06535019,Wartenberg,06,06535,1,true,true,2026-01-01,BKG_VG250_2026_01_01
06611000,Kassel,06,06611,1,true,true,2026-01-01,BKG_VG250_2026_01_01
06631001,Bad Salzschlirf,06,06631,1,true,true,2026-01-01,BKG_VG250_2026_01_01
06631002,Burghaun,06,06631,1,true,true,2026-01-01,BKG_VG250_2026_01_01
06631003,Dipperz,06,06631,1,true,true,2026-01-01,BKG_VG250_2026_01_01
06631004,Ebersburg,06,06631,1,true,true,2026-01-01,BKG_VG250_2026_01_01
06631005,Ehrenberg (Rhön),06,06631,1,true,true,2026-01-01,BKG_VG250_2026_01_01
06631006,Eichenzell,06,06631,1,true,true,2026-01-01,BKG_VG250_2026_01_01
06631007,Eiterfeld,06,06631,1,true,true,2026-01-01,BKG_VG250_2026_01_01
06631008,Flieden,06,06631,1,true,true,2026-01-01,BKG_VG250_2026_01_01
06631009,Fulda,06,06631,1,true,true,2026-01-01,BKG_VG250_2026_01_01
06631010,Gersfeld (Rhön),06,06631,1,true,true,2026-01-01,BKG_VG250_2026_01_01
06631011,Großenlüder,06,06631,1,true,true,2026-01-01,BKG_VG250_2026_01_01
06631012,Hilders,06,06631,1,true,true,2026-01-01,BKG_VG250_2026_01_01
06631013,Hofbieber,06,06631,1,true,true,2026-01-01,BKG_VG250_2026_01_01
06631014,Hosenfeld,06,06631,1,true,true,2026-01-01,BKG_VG250_2026_01_01
06631015,Hünfeld,06,06631,1,true,true,2026-01-01,BKG_VG250_2026_01_01
06631016,Kalbach,06,06631,1,true,true,2026-01-01,BKG_VG250_2026_01_01
06631017,Künzell,06,06631,1,true,true,2026-01-01,BKG_VG250_2026_01_01
06631018,Neuhof,06,06631,1,true,true,2026-01-01,BKG_VG250_2026_01_01
06631019,Nüsttal,06,06631,1,true,true,2026-01-01,BKG_VG250_2026_01_01
06631020,Petersberg,06,06631,1,true,true,2026-01-01,BKG_VG250_2026_01_01
06631021,Poppenhausen (Wasserkuppe),06,06631,1,true,true,2026-01-01,BKG_VG250_2026_01_01
06631022,Rasdorf,06,06631,1,true,true,2026-01-01,BKG_VG250_2026_01_01
06631023,Tann (Rhön),06,06631,1,true,true,2026-01-01,BKG_VG250_2026_01_01
06632001,Alheim,06,06632,1,true,true,2026-01-01,BKG_VG250_2026_01_01
06632002,Bad Hersfeld,06,06632,1,true,true,2026-01-01,BKG_VG250_2026_01_01
06632003,Bebra,06,06632,1,true,true,2026-01-01,BKG_VG250_2026_01_01
06632004,Breitenbach a.Herzberg,06,06632,1,true,true,2026-01-01,BKG_VG250_2026_01_01
06632005,Cornberg,06,06632,1,true,true,2026-01-01,BKG_VG250_2026_01_01
06632006,Friedewald,06,06632,1,true,true,2026-01-01,BKG_VG250_2026_01_01
06632007,Hauneck,06,06632,1,true,true,2026-01-01,BKG_VG250_2026_01_01
06632008,Haunetal,06,06632,1,true,true,2026-01-01,BKG_VG250_2026_01_01
06632009,Heringen (Werra),06,06632,1,true,true,2026-01-01,BKG_VG250_2026_01_01
06632010,Hohenroda,06,06632,1,true,true,2026-01-01,BKG_VG250_2026_01_01
06632011,Kirchheim,06,06632,1,true,true,2026-01-01,BKG_VG250_2026_01_01
06632012,Ludwigsau,06,06632,1,true,true,2026-01-01,BKG_VG250_2026_01_01
06632013,Nentershausen,06,06632,1,true,true,2026-01-01,BKG_VG250_2026_01_01
06632014,Neuenstein,06,06632,1,true,true,2026-01-01,BKG_VG250_2026_01_01
06632015,Niederaula,06,06632,1,true,true,2026-01-01,BKG_VG250_2026_01_01
06632016,Philippsthal (Werra),06,06632,1,true,true,2026-01-01,BKG_VG250_2026_01_01
06632017,Ronshausen,06,06632,1,true,true,2026-01-01,BKG_VG250_2026_01_01
06632018,Rotenburg a.d.Fulda,06,06632,1,true,true,2026-01-01,BKG_VG250_2026_01_01
06632019,Schenklengsfeld,06,06632,1,true,true,2026-01-01,BKG_VG250_2026_01_01
06632020,Wildeck,06,06632,1,true,true,2026-01-01,BKG_VG250_2026_01_01
06633001,Ahnatal,06,06633,1,true,true,2026-01-01,BKG_VG250_2026_01_01
06633002,Bad Karlshafen,06,06633,1,true,true,2026-01-01,BKG_VG250_2026_01_01
06633003,Baunatal,06,06633,1,true,true,2026-01-01,BKG_VG250_2026_01_01
06633004,Breuna,06,06633,1,true,true,2026-01-01,BKG_VG250_2026_01_01
06633005,Calden,06,06633,1,true,true,2026-01-01,BKG_VG250_2026_01_01
06633006,Bad Emstal,06,06633,1,true,true,2026-01-01,BKG_VG250_2026_01_01
06633007,Espenau,06,06633,1,true,true,2026-01-01,BKG_VG250_2026_01_01
06633008,Fuldabrück,06,06633,1,true,true,2026-01-01,BKG_VG250_2026_01_01
06633009,Fuldatal,06,06633,1,true,true,2026-01-01,BKG_VG250_2026_01_01
06633010,Grebenstein,06,06633,1,true,true,2026-01-01,BKG_VG250_2026_01_01
06633011,Habichtswald,06,06633,1,true,true,2026-01-01,BKG_VG250_2026_01_01
06633012,Helsa,06,06633,1,true,true,2026-01-01,BKG_VG250_2026_01_01
06633013,Hofgeismar,06,06633,1,true,true,2026-01-01,BKG_VG250_2026_01_01
06633014,Immenhausen,06,06633,1,true,true,2026-01-01,BKG_VG250_2026_01_01
06633015,Kaufungen,06,06633,1,true,true,2026-01-01,BKG_VG250_2026_01_01
06633016,Liebenau,06,06633,1,true,true,2026-01-01,BKG_VG250_2026_01_01
06633017,Lohfelden,06,06633,1,true,true,2026-01-01,BKG_VG250_2026_01_01
06633018,Naumburg,06,06633,1,true,true,2026-01-01,BKG_VG250_2026_01_01
06633019,Nieste,06,06633,1,true,true,2026-01-01,BKG_VG250_2026_01_01
06633020,Niestetal,06,06633,1,true,true,2026-01-01,BKG_VG250_2026_01_01
06633022,Reinhardshagen,06,06633,1,true,true,2026-01-01,BKG_VG250_2026_01_01
06633023,Schauenburg,06,06633,1,true,true,2026-01-01,BKG_VG250_2026_01_01
06633024,Söhrewald,06,06633,1,true,true,2026-01-01,BKG_VG250_2026_01_01
06633025,Trendelburg,06,06633,1,true,true,2026-01-01,BKG_VG250_2026_01_01
06633026,Vellmar,06,06633,1,true,true,2026-01-01,BKG_VG250_2026_01_01
06633028,Wolfhagen,06,06633,1,true,true,2026-01-01,BKG_VG250_2026_01_01
06633029,Zierenberg,06,06633,1,true,true,2026-01-01,BKG_VG250_2026_01_01
06633030,Wesertal,06,06633,1,true,true,2026-01-01,BKG_VG250_2026_01_01
06633200,Gutsbezirk Reinhardswald,06,06633,1,true,false,2026-01-01,BKG_VG250_2026_01_01
06634001,Borken (Hessen),06,06634,1,true,true,2026-01-01,BKG_VG250_2026_01_01
06634002,Edermünde,06,06634,1,true,true,2026-01-01,BKG_VG250_2026_01_01
06634003,Felsberg,06,06634,1,true,true,2026-01-01,BKG_VG250_2026_01_01
06634004,Frielendorf,06,06634,1,true,true,2026-01-01,BKG_VG250_2026_01_01
06634005,Fritzlar,06,06634,1,true,true,2026-01-01,BKG_VG250_2026_01_01
06634006,Gilserberg,06,06634,1,true,true,2026-01-01,BKG_VG250_2026_01_01
06634007,Gudensberg,06,06634,1,true,true,2026-01-01,BKG_VG250_2026_01_01
06634008,Guxhagen,06,06634,1,true,true,2026-01-01,BKG_VG250_2026_01_01
06634009,Homberg (Efze),06,06634,1,true,true,2026-01-01,BKG_VG250_2026_01_01
06634010,Jesberg,06,06634,1,true,true,2026-01-01,BKG_VG250_2026_01_01
06634011,Knüllwald,06,06634,1,true,true,2026-01-01,BKG_VG250_2026_01_01
06634012,Körle,06,06634,1,true,true,2026-01-01,BKG_VG250_2026_01_01
06634013,Malsfeld,06,06634,1,true,true,2026-01-01,BKG_VG250_2026_01_01
06634014,Melsungen,06,06634,1,true,true,2026-01-01,BKG_VG250_2026_01_01
06634015,Morschen,06,06634,1,true,true,2026-01-01,BKG_VG250_2026_01_01
06634016,Neuental,06,06634,1,true,true,2026-01-01,BKG_VG250_2026_01_01
06634017,Neukirchen,06,06634,1,true,true,2026-01-01,BKG_VG250_2026_01_01
06634018,Niedenstein,06,06634,1,true,true,2026-01-01,BKG_VG250_2026_01_01
06634019,Oberaula,06,06634,1,true,true,2026-01-01,BKG_VG250_2026_01_01
06634020,Ottrau,06,06634,1,true,true,2026-01-01,BKG_VG250_2026_01_01
06634021,Schrecksbach,06,06634,1,true,true,2026-01-01,BKG_VG250_2026_01_01
06634022,Schwalmstadt,06,06634,1,true,true,2026-01-01,BKG_VG250_2026_01_01
06634023,Schwarzenborn,06,06634,1,true,true,2026-01-01,BKG_VG250_2026_01_01
06634024,Spangenberg,06,06634,1,true,true,2026-01-01,BKG_VG250_2026_01_01
06634025,Wabern,06,06634,1,true,true,2026-01-01,BKG_VG250_2026_01_01
06634026,Willingshausen,06,06634,1,true,true,2026-01-01,BKG_VG250_2026_01_01
06634027,Bad Zwesten,06,06634,1,true,true,2026-01-01,BKG_VG250_2026_01_01
06635001,Allendorf (Eder),06,06635,1,true,true,2026-01-01,BKG_VG250_2026_01_01
06635002,Bad Arolsen,06,06635,1,true,true,2026-01-01,BKG_VG250_2026_01_01
06635003,Bad Wildungen,06,06635,1,true,true,2026-01-01,BKG_VG250_2026_01_01
06635004,Battenberg (Eder),06,06635,1,true,true,2026-01-01,BKG_VG250_2026_01_01
06635006,Burgwald,06,06635,1,true,true,2026-01-01,BKG_VG250_2026_01_01
06635007,Diemelsee,06,06635,1,true,true,2026-01-01,BKG_VG250_2026_01_01
06635008,Diemelstadt,06,06635,1,true,true,2026-01-01,BKG_VG250_2026_01_01
06635009,Edertal,06,06635,1,true,true,2026-01-01,BKG_VG250_2026_01_01
06635010,Frankenau,06,06635,1,true,true,2026-01-01,BKG_VG250_2026_01_01
06635011,Frankenberg (Eder),06,06635,1,true,true,2026-01-01,BKG_VG250_2026_01_01
06635012,Gemünden (Wohra),06,06635,1,true,true,2026-01-01,BKG_VG250_2026_01_01
06635013,Haina (Kloster),06,06635,1,true,true,2026-01-01,BKG_VG250_2026_01_01
06635014,Hatzfeld (Eder),06,06635,1,true,true,2026-01-01,BKG_VG250_2026_01_01
06635015,Korbach,06,06635,1,true,true,2026-01-01,BKG_VG250_2026_01_01
06635016,Lichtenfels,06,06635,1,true,true,2026-01-01,BKG_VG250_2026_01_01
06635017,Rosenthal,06,06635,1,true,true,2026-01-01,BKG_VG250_2026_01_01
06635018,Twistetal,06,06635,1,true,true,2026-01-01,BKG_VG250_2026_01_01
06635019,Vöhl,06,06635,1,true,true,2026-01-01,BKG_VG250_2026_01_01
06635020,Volkmarsen,06,06635,1,true,true,2026-01-01,BKG_VG250_2026_01_01
06635021,Waldeck,06,06635,1,true,true,2026-01-01,BKG_VG250_2026_01_01
06635022,Willingen (Upland),06,06635,1,true,true,2026-01-01,BKG_VG250_2026_01_01
06636001,Bad Sooden-Allendorf,06,06636,1,true,true,2026-01-01,BKG_VG250_2026_01_01
06636002,Berkatal,06,06636,1,true,true,2026-01-01,BKG_VG250_2026_01_01
06636003,Eschwege,06,06636,1,true,true,2026-01-01,BKG_VG250_2026_01_01
06636004,Großalmerode,06,06636,1,true,true,2026-01-01,BKG_VG250_2026_01_01
06636005,Herleshausen,06,06636,1,true,true,2026-01-01,BKG_VG250_2026_01_01
06636006,Hessisch Lichtenau,06,06636,1,true,true,2026-01-01,BKG_VG250_2026_01_01
06636007,Meinhard,06,06636,1,true,true,2026-01-01,BKG_VG250_2026_01_01
06636008,Meißner,06,06636,1,true,true,2026-01-01,BKG_VG250_2026_01_01
06636009,Neu-Eichenberg,06,06636,1,true,true,2026-01-01,BKG_VG250_2026_01_01
06636010,Ringgau,06,06636,1,true,true,2026-01-01,BKG_VG250_2026_01_01
06636011,Sontra,06,06636,1,true,true,2026-01-01,BKG_VG250_2026_01_01
06636012,Waldkappel,06,06636,1,true,true,2026-01-01,BKG_VG250_2026_01_01
06636013,Wanfried,06,06636,1,true,true,2026-01-01,BKG_VG250_2026_01_01
06636014,Wehretal,06,06636,1,true,true,2026-01-01,BKG_VG250_2026_01_01
06636015,Weißenborn,06,06636,1,true,true,2026-01-01,BKG_VG250_2026_01_01
06636016,Witzenhausen,06,06636,1,true,true,2026-01-01,BKG_VG250_2026_01_01
06636200,Gutsbezirk Kaufunger Wald,06,06636,1,true,false,2026-01-01,BKG_VG250_2026_01_01
07111000,Koblenz,07,07111,1,true,true,2026-01-01,BKG_VG250_2026_01_01
07131001,Adenau,07,07131,1,true,true,2026-01-01,BKG_VG250_2026_01_01
07131002,Ahrbrück,07,07131,1,true,true,2026-01-01,BKG_VG250_2026_01_01
07131003,Altenahr,07,07131,1,true,true,2026-01-01,BKG_VG250_2026_01_01
07131004,Antweiler,07,07131,1,true,true,2026-01-01,BKG_VG250_2026_01_01
07131005,Aremberg,07,07131,1,true,true,2026-01-01,BKG_VG250_2026_01_01
07131006,Bad Breisig,07,07131,1,true,true,2026-01-01,BKG_VG250_2026_01_01
07131007,Bad Neuenahr-Ahrweiler,07,07131,1,true,true,2026-01-01,BKG_VG250_2026_01_01
07131008,Barweiler,07,07131,1,true,true,2026-01-01,BKG_VG250_2026_01_01
07131009,Bauler,07,07131,1,true,true,2026-01-01,BKG_VG250_2026_01_01
07131011,Berg,07,07131,1,true,true,2026-01-01,BKG_VG250_2026_01_01
07131014,Brohl-Lützing,07,07131,1,true,true,2026-01-01,BKG_VG250_2026_01_01
07131015,Dankerath,07,07131,1,true,true,2026-01-01,BKG_VG250_2026_01_01
07131016,Dedenbach,07,07131,1,true,true,2026-01-01,BKG_VG250_2026_01_01
07131017,Dernau,07,07131,1,true,true,2026-01-01,BKG_VG250_2026_01_01
07131018,Dorsel,07,07131,1,true,true,2026-01-01,BKG_VG250_2026_01_01
07131021,Eichenbach,07,07131,1,true,true,2026-01-01,BKG_VG250_2026_01_01
07131022,Fuchshofen,07,07131,1,true,true,2026-01-01,BKG_VG250_2026_01_01
07131025,Gönnersdorf,07,07131,1,true,true,2026-01-01,BKG_VG250_2026_01_01
07131026,Harscheid,07,07131,1,true,true,2026-01-01,BKG_VG250_2026_01_01
07131027,Heckenbach,07,07131,1,true,true,2026-01-01,BKG_VG250_2026_01_01
07131028,Herschbroich,07,07131,1,true,true,2026-01-01,BKG_VG250_2026_01_01
07131029,Hönningen,07,07131,1,true,true,2026-01-01,BKG_VG250_2026_01_01
07131030,Hoffeld,07,07131,1,true,true,2026-01-01,BKG_VG250_2026_01_01
07131032,Honerath,07,07131,1,true,true,2026-01-01,BKG_VG250_2026_01_01
07131033,Hümmel,07,07131,1,true,true,2026-01-01,BKG_VG250_2026_01_01
07131034,Insul,07,07131,1,true,true,2026-01-01,BKG_VG250_2026_01_01
07131036,Kalenborn,07,07131,1,true,true,2026-01-01,BKG_VG250_2026_01_01
07131037,Kaltenborn,07,07131,1,true,true,2026-01-01,BKG_VG250_2026_01_01
07131039,Kesseling,07,07131,1,true,true,2026-01-01,BKG_VG250_2026_01_01
07131040,Kirchsahr,07,07131,1,true,true,2026-01-01,BKG_VG250_2026_01_01
07131041,Königsfeld,07,07131,1,true,true,2026-01-01,BKG_VG250_2026_01_01
07131042,Kottenborn,07,07131,1,true,true,2026-01-01,BKG_VG250_2026_01_01
07131044,Leimbach,07,07131,1,true,true,2026-01-01,BKG_VG250_2026_01_01
07131047,Lind,07,07131,1,true,true,2026-01-01,BKG_VG250_2026_01_01
07131049,Mayschoß,07,07131,1,true,true,2026-01-01,BKG_VG250_2026_01_01
07131050,Meuspath,07,07131,1,true,true,2026-01-01,BKG_VG250_2026_01_01
07131051,Müllenbach,07,07131,1,true,true,2026-01-01,BKG_VG250_2026_01_01
07131052,Müsch,07,07131,1,true,true,2026-01-01,BKG_VG250_2026_01_01
07131054,Niederdürenbach,07,07131,1,true,true,2026-01-01,BKG_VG250_2026_01_01
07131055,Niederzissen,07,07131,1,true,true,2026-01-01,BKG_VG250_2026_01_01
07131058,Nürburg,07,07131,1,true,true,2026-01-01,BKG_VG250_2026_01_01
07131059,Oberdürenbach,07,07131,1,true,true,2026-01-01,BKG_VG250_2026_01_01
07131060,Oberzissen,07,07131,1,true,true,2026-01-01,BKG_VG250_2026_01_01
07131062,Ohlenhard,07,07131,1,true,true,2026-01-01,BKG_VG250_2026_01_01
07131065,Pomster,07,07131,1,true,true,2026-01-01,BKG_VG250_2026_01_01
07131066,Quiddelbach,07,07131,1,true,true,2026-01-01,BKG_VG250_2026_01_01
07131068,Rech,07,07131,1,true,true,2026-01-01,BKG_VG250_2026_01_01
07131069,Reifferscheid,07,07131,1,true,true,2026-01-01,BKG_VG250_2026_01_01
07131070,Remagen,07,07131,1,true,true,2026-01-01,BKG_VG250_2026_01_01
07131072,Rodder,07,07131,1,true,true,2026-01-01,BKG_VG250_2026_01_01
07131073,Schalkenbach,07,07131,1,true,true,2026-01-01,BKG_VG250_2026_01_01
07131074,Schuld,07,07131,1,true,true,2026-01-01,BKG_VG250_2026_01_01
07131075,Senscheid,07,07131,1,true,true,2026-01-01,BKG_VG250_2026_01_01
07131076,Sierscheid,07,07131,1,true,true,2026-01-01,BKG_VG250_2026_01_01
07131077,Sinzig,07,07131,1,true,true,2026-01-01,BKG_VG250_2026_01_01
07131079,Trierscheid,07,07131,1,true,true,2026-01-01,BKG_VG250_2026_01_01
07131081,Waldorf,07,07131,1,true,true,2026-01-01,BKG_VG250_2026_01_01
07131082,Wershofen,07,07131,1,true,true,2026-01-01,BKG_VG250_2026_01_01
07131083,Wiesemscheid,07,07131,1,true,true,2026-01-01,BKG_VG250_2026_01_01
07131084,Wimbach,07,07131,1,true,true,2026-01-01,BKG_VG250_2026_01_01
07131085,Winnerath,07,07131,1,true,true,2026-01-01,BKG_VG250_2026_01_01
07131086,Wirft,07,07131,1,true,true,2026-01-01,BKG_VG250_2026_01_01
07131090,Grafschaft,07,07131,1,true,true,2026-01-01,BKG_VG250_2026_01_01
07131201,Brenk,07,07131,1,true,true,2026-01-01,BKG_VG250_2026_01_01
07131202,Burgbrohl,07,07131,1,true,true,2026-01-01,BKG_VG250_2026_01_01
07131204,Galenberg,07,07131,1,true,true,2026-01-01,BKG_VG250_2026_01_01
07131205,Glees,07,07131,1,true,true,2026-01-01,BKG_VG250_2026_01_01
07131206,Hohenleimbach,07,07131,1,true,true,2026-01-01,BKG_VG250_2026_01_01
07131208,Spessart,07,07131,1,true,true,2026-01-01,BKG_VG250_2026_01_01
07131209,Wassenach,07,07131,1,true,true,2026-01-01,BKG_VG250_2026_01_01
07131210,Wehr,07,07131,1,true,true,2026-01-01,BKG_VG250_2026_01_01
07131211,Weibern,07,07131,1,true,true,2026-01-01,BKG_VG250_2026_01_01
07131501,Dümpelfeld,07,07131,1,true,true,2026-01-01,BKG_VG250_2026_01_01
07131502,Kempenich,07,07131,1,true,true,2026-01-01,BKG_VG250_2026_01_01
07132001,Almersbach,07,07132,1,true,true,2026-01-01,BKG_VG250_2026_01_01
07132002,Alsdorf,07,07132,1,true,true,2026-01-01,BKG_VG250_2026_01_01
07132004,Bachenberg,07,07132,1,true,true,2026-01-01,BKG_VG250_2026_01_01
07132005,Berzhausen,07,07132,1,true,true,2026-01-01,BKG_VG250_2026_01_01
07132006,Betzdorf,07,07132,1,true,true,2026-01-01,BKG_VG250_2026_01_01
07132007,Birkenbeul,07,07132,1,true,true,2026-01-01,BKG_VG250_2026_01_01
07132008,Birken-Honigsessen,07,07132,1,true,true,2026-01-01,BKG_VG250_2026_01_01
07132009,Birnbach,07,07132,1,true,true,2026-01-01,BKG_VG250_2026_01_01
07132010,Bitzen,07,07132,1,true,true,2026-01-01,BKG_VG250_2026_01_01
07132011,Mittelhof,07,07132,1,true,true,2026-01-01,BKG_VG250_2026_01_01
07132012,Brachbach,07,07132,1,true,true,2026-01-01,BKG_VG250_2026_01_01
07132013,Breitscheidt,07,07132,1,true,true,2026-01-01,BKG_VG250_2026_01_01
07132014,Bruchertseifen,07,07132,1,true,true,2026-01-01,BKG_VG250_2026_01_01
07132015,Bürdenbach,07,07132,1,true,true,2026-01-01,BKG_VG250_2026_01_01
07132016,Burglahr,07,07132,1,true,true,2026-01-01,BKG_VG250_2026_01_01
07132017,Busenhausen,07,07132,1,true,true,2026-01-01,BKG_VG250_2026_01_01
07132018,Daaden,07,07132,1,true,true,2026-01-01,BKG_VG250_2026_01_01
07132019,Derschen,07,07132,1,true,true,2026-01-01,BKG_VG250_2026_01_01
07132020,Dickendorf,07,07132,1,true,true,2026-01-01,BKG_VG250_2026_01_01
07132022,Eichelhardt,07,07132,1,true,true,2026-01-01,BKG_VG250_2026_01_01
07132023,Eichen,07,07132,1,true,true,2026-01-01,BKG_VG250_2026_01_01
07132024,Elben,07,07132,1,true,true,2026-01-01,BKG_VG250_2026_01_01
07132025,Elkenroth,07,07132,1,true,true,2026-01-01,BKG_VG250_2026_01_01
07132026,Emmerzhausen,07,07132,1,true,true,2026-01-01,BKG_VG250_2026_01_01
07132027,Ersfeld,07,07132,1,true,true,2026-01-01,BKG_VG250_2026_01_01
07132028,Etzbach,07,07132,1,true,true,2026-01-01,BKG_VG250_2026_01_01
07132029,Eulenberg,07,07132,1,true,true,2026-01-01,BKG_VG250_2026_01_01
07132030,Fensdorf,07,07132,1,true,true,2026-01-01,BKG_VG250_2026_01_01
07132031,Fiersbach,07,07132,1,true,true,2026-01-01,BKG_VG250_2026_01_01
07132032,Flammersfeld,07,07132,1,true,true,2026-01-01,BKG_VG250_2026_01_01
07132033,Fluterschen,07,07132,1,true,true,2026-01-01,BKG_VG250_2026_01_01
07132034,Forst,07,07132,1,true,true,2026-01-01,BKG_VG250_2026_01_01
07132035,Forstmehren,07,07132,1,true,true,2026-01-01,BKG_VG250_2026_01_01
07132036,Friedewald,07,07132,1,true,true,2026-01-01,BKG_VG250_2026_01_01
07132037,Friesenhagen,07,07132,1,true,true,2026-01-01,BKG_VG250_2026_01_01
07132038,Fürthen,07,07132,1,true,true,2026-01-01,BKG_VG250_2026_01_01
07132039,Gebhardshain,07,07132,1,true,true,2026-01-01,BKG_VG250_2026_01_01
07132040,Gieleroth,07,07132,1,true,true,2026-01-01,BKG_VG250_2026_01_01
07132041,Giershausen,07,07132,1,true,true,2026-01-01,BKG_VG250_2026_01_01
07132042,Grünebach,07,07132,1,true,true,2026-01-01,BKG_VG250_2026_01_01
07132043,Güllesheim,07,07132,1,true,true,2026-01-01,BKG_VG250_2026_01_01
07132044,Hamm (Sieg),07,07132,1,true,true,2026-01-01,BKG_VG250_2026_01_01
07132045,Harbach,07,07132,1,true,true,2026-01-01,BKG_VG250_2026_01_01
07132046,Hasselbach,07,07132,1,true,true,2026-01-01,BKG_VG250_2026_01_01
07132047,Helmenzen,07,07132,1,true,true,2026-01-01,BKG_VG250_2026_01_01
07132048,Helmeroth,07,07132,1,true,true,2026-01-01,BKG_VG250_2026_01_01
07132049,Hemmelzen,07,07132,1,true,true,2026-01-01,BKG_VG250_2026_01_01
07132050,Herdorf,07,07132,1,true,true,2026-01-01,BKG_VG250_2026_01_01
07132051,Heupelzen,07,07132,1,true,true,2026-01-01,BKG_VG250_2026_01_01
07132052,Hilgenroth,07,07132,1,true,true,2026-01-01,BKG_VG250_2026_01_01
07132053,Hirz-Maulsbach,07,07132,1,true,true,2026-01-01,BKG_VG250_2026_01_01
07132054,Hövels,07,07132,1,true,true,2026-01-01,BKG_VG250_2026_01_01
07132055,Horhausen (Westerwald),07,07132,1,true,true,2026-01-01,BKG_VG250_2026_01_01
07132056,Idelberg,07,07132,1,true,true,2026-01-01,BKG_VG250_2026_01_01
07132057,Ingelbach,07,07132,1,true,true,2026-01-01,BKG_VG250_2026_01_01
07132058,Isert,07,07132,1,true,true,2026-01-01,BKG_VG250_2026_01_01
07132059,Kausen,07,07132,1,true,true,2026-01-01,BKG_VG250_2026_01_01
07132060,Kescheid,07,07132,1,true,true,2026-01-01,BKG_VG250_2026_01_01
07132061,Kettenhausen,07,07132,1,true,true,2026-01-01,BKG_VG250_2026_01_01
07132062,Kircheib,07,07132,1,true,true,2026-01-01,BKG_VG250_2026_01_01
07132063,Kirchen (Sieg),07,07132,1,true,true,2026-01-01,BKG_VG250_2026_01_01
07132064,Kraam,07,07132,1,true,true,2026-01-01,BKG_VG250_2026_01_01
07132065,Krunkel,07,07132,1,true,true,2026-01-01,BKG_VG250_2026_01_01
07132066,Malberg,07,07132,1,true,true,2026-01-01,BKG_VG250_2026_01_01
07132067,Mammelzen,07,07132,1,true,true,2026-01-01,BKG_VG250_2026_01_01
07132068,Mauden,07,07132,1,true,true,2026-01-01,BKG_VG250_2026_01_01
07132069,Mehren,07,07132,1,true,true,2026-01-01,BKG_VG250_2026_01_01
07132070,Michelbach (Westerwald),07,07132,1,true,true,2026-01-01,BKG_VG250_2026_01_01
07132071,Molzhain,07,07132,1,true,true,2026-01-01,BKG_VG250_2026_01_01
07132072,Mudersbach,07,07132,1,true,true,2026-01-01,BKG_VG250_2026_01_01
07132073,Nauroth,07,07132,1,true,true,2026-01-01,BKG_VG250_2026_01_01
07132075,Niederdreisbach,07,07132,1,true,true,2026-01-01,BKG_VG250_2026_01_01
07132076,Niederfischbach,07,07132,1,true,true,2026-01-01,BKG_VG250_2026_01_01
07132077,Niederirsen,07,07132,1,true,true,2026-01-01,BKG_VG250_2026_01_01
07132078,Niedersteinebach,07,07132,1,true,true,2026-01-01,BKG_VG250_2026_01_01
07132079,Nisterberg,07,07132,1,true,true,2026-01-01,BKG_VG250_2026_01_01
07132080,Katzwinkel (Sieg),07,07132,1,true,true,2026-01-01,BKG_VG250_2026_01_01
07132081,Obererbach (Westerwald),07,07132,1,true,true,2026-01-01,BKG_VG250_2026_01_01
07132082,Oberirsen,07,07132,1,true,true,2026-01-01,BKG_VG250_2026_01_01
07132083,Oberlahr,07,07132,1,true,true,2026-01-01,BKG_VG250_2026_01_01
07132085,Obersteinebach,07,07132,1,true,true,2026-01-01,BKG_VG250_2026_01_01
07132086,Oberwambach,07,07132,1,true,true,2026-01-01,BKG_VG250_2026_01_01
07132087,Ölsen,07,07132,1,true,true,2026-01-01,BKG_VG250_2026_01_01
07132088,Orfgen,07,07132,1,true,true,2026-01-01,BKG_VG250_2026_01_01
07132089,Peterslahr,07,07132,1,true,true,2026-01-01,BKG_VG250_2026_01_01
07132090,Pleckhausen,07,07132,1,true,true,2026-01-01,BKG_VG250_2026_01_01
07132091,Pracht,07,07132,1,true,true,2026-01-01,BKG_VG250_2026_01_01
07132092,Racksen,07,07132,1,true,true,2026-01-01,BKG_VG250_2026_01_01
07132093,Reiferscheid,07,07132,1,true,true,2026-01-01,BKG_VG250_2026_01_01
07132094,Rettersen,07,07132,1,true,true,2026-01-01,BKG_VG250_2026_01_01
07132095,Rosenheim (Landkreis Altenkirchen),07,07132,1,true,true,2026-01-01,BKG_VG250_2026_01_01
07132096,Roth,07,07132,1,true,true,2026-01-01,BKG_VG250_2026_01_01
07132097,Rott,07,07132,1,true,true,2026-01-01,BKG_VG250_2026_01_01
07132098,Scheuerfeld,07,07132,1,true,true,2026-01-01,BKG_VG250_2026_01_01
07132099,Schöneberg,07,07132,1,true,true,2026-01-01,BKG_VG250_2026_01_01
07132100,Schürdt,07,07132,1,true,true,2026-01-01,BKG_VG250_2026_01_01
07132101,Schutzbach,07,07132,1,true,true,2026-01-01,BKG_VG250_2026_01_01
07132102,Seelbach bei Hamm (Sieg),07,07132,1,true,true,2026-01-01,BKG_VG250_2026_01_01
07132103,Seelbach (Westerwald),07,07132,1,true,true,2026-01-01,BKG_VG250_2026_01_01
07132104,Seifen,07,07132,1,true,true,2026-01-01,BKG_VG250_2026_01_01
07132105,Selbach (Sieg),07,07132,1,true,true,2026-01-01,BKG_VG250_2026_01_01
07132106,Sörth,07,07132,1,true,true,2026-01-01,BKG_VG250_2026_01_01
07132107,Steinebach/Sieg,07,07132,1,true,true,2026-01-01,BKG_VG250_2026_01_01
07132108,Steineroth,07,07132,1,true,true,2026-01-01,BKG_VG250_2026_01_01
07132109,Stürzelbach,07,07132,1,true,true,2026-01-01,BKG_VG250_2026_01_01
07132110,Volkerzen,07,07132,1,true,true,2026-01-01,BKG_VG250_2026_01_01
07132111,Wallmenroth,07,07132,1,true,true,2026-01-01,BKG_VG250_2026_01_01
07132112,Walterschen,07,07132,1,true,true,2026-01-01,BKG_VG250_2026_01_01
07132113,Weitefeld,07,07132,1,true,true,2026-01-01,BKG_VG250_2026_01_01
07132114,Werkhausen,07,07132,1,true,true,2026-01-01,BKG_VG250_2026_01_01
07132115,Weyerbusch,07,07132,1,true,true,2026-01-01,BKG_VG250_2026_01_01
07132116,Willroth,07,07132,1,true,true,2026-01-01,BKG_VG250_2026_01_01
07132117,Wissen,07,07132,1,true,true,2026-01-01,BKG_VG250_2026_01_01
07132118,Wölmersen,07,07132,1,true,true,2026-01-01,BKG_VG250_2026_01_01
07132119,Ziegenhain,07,07132,1,true,true,2026-01-01,BKG_VG250_2026_01_01
07132201,Berod bei Hachenburg,07,07132,1,true,true,2026-01-01,BKG_VG250_2026_01_01
07132501,Altenkirchen (Westerwald),07,07132,1,true,true,2026-01-01,BKG_VG250_2026_01_01
07132502,Neitersen,07,07132,1,true,true,2026-01-01,BKG_VG250_2026_01_01
07133001,Abtweiler,07,07133,1,true,true,2026-01-01,BKG_VG250_2026_01_01
07133002,Allenfeld,07,07133,1,true,true,2026-01-01,BKG_VG250_2026_01_01
07133003,Altenbamberg,07,07133,1,true,true,2026-01-01,BKG_VG250_2026_01_01
07133004,Argenschwang,07,07133,1,true,true,2026-01-01,BKG_VG250_2026_01_01
07133005,Auen,07,07133,1,true,true,2026-01-01,BKG_VG250_2026_01_01
07133006,Bad Kreuznach,07,07133,1,true,true,2026-01-01,BKG_VG250_2026_01_01
07133008,Bärenbach,07,07133,1,true,true,2026-01-01,BKG_VG250_2026_01_01
07133009,Bärweiler,07,07133,1,true,true,2026-01-01,BKG_VG250_2026_01_01
07133010,Becherbach bei Kirn,07,07133,1,true,true,2026-01-01,BKG_VG250_2026_01_01
07133011,Becherbach,07,07133,1,true,true,2026-01-01,BKG_VG250_2026_01_01
07133012,Biebelsheim,07,07133,1,true,true,2026-01-01,BKG_VG250_2026_01_01
07133013,Bockenau,07,07133,1,true,true,2026-01-01,BKG_VG250_2026_01_01
07133014,Boos,07,07133,1,true,true,2026-01-01,BKG_VG250_2026_01_01
07133015,Braunweiler,07,07133,1,true,true,2026-01-01,BKG_VG250_2026_01_01
07133016,Brauweiler,07,07133,1,true,true,2026-01-01,BKG_VG250_2026_01_01
07133017,Breitenheim,07,07133,1,true,true,2026-01-01,BKG_VG250_2026_01_01
07133018,Bretzenheim,07,07133,1,true,true,2026-01-01,BKG_VG250_2026_01_01
07133019,Burgsponheim,07,07133,1,true,true,2026-01-01,BKG_VG250_2026_01_01
07133020,Callbach,07,07133,1,true,true,2026-01-01,BKG_VG250_2026_01_01
07133021,Dalberg,07,07133,1,true,true,2026-01-01,BKG_VG250_2026_01_01
07133022,Daubach,07,07133,1,true,true,2026-01-01,BKG_VG250_2026_01_01
07133023,Daxweiler,07,07133,1,true,true,2026-01-01,BKG_VG250_2026_01_01
07133024,Desloch,07,07133,1,true,true,2026-01-01,BKG_VG250_2026_01_01
07133025,Dörrebach,07,07133,1,true,true,2026-01-01,BKG_VG250_2026_01_01
07133026,Dorsheim,07,07133,1,true,true,2026-01-01,BKG_VG250_2026_01_01
07133027,Duchroth,07,07133,1,true,true,2026-01-01,BKG_VG250_2026_01_01
07133028,Eckenroth,07,07133,1,true,true,2026-01-01,BKG_VG250_2026_01_01
07133030,Feilbingert,07,07133,1,true,true,2026-01-01,BKG_VG250_2026_01_01
07133031,Frei-Laubersheim,07,07133,1,true,true,2026-01-01,BKG_VG250_2026_01_01
07133032,Fürfeld,07,07133,1,true,true,2026-01-01,BKG_VG250_2026_01_01
07133033,Gebroth,07,07133,1,true,true,2026-01-01,BKG_VG250_2026_01_01
07133035,Guldental,07,07133,1,true,true,2026-01-01,BKG_VG250_2026_01_01
07133036,Gutenberg,07,07133,1,true,true,2026-01-01,BKG_VG250_2026_01_01
07133037,Hackenheim,07,07133,1,true,true,2026-01-01,BKG_VG250_2026_01_01
07133038,Hahnenbach,07,07133,1,true,true,2026-01-01,BKG_VG250_2026_01_01
07133039,Hallgarten,07,07133,1,true,true,2026-01-01,BKG_VG250_2026_01_01
07133040,Hargesheim,07,07133,1,true,true,2026-01-01,BKG_VG250_2026_01_01
07133041,Heimweiler,07,07133,1,true,true,2026-01-01,BKG_VG250_2026_01_01
07133042,Heinzenberg,07,07133,1,true,true,2026-01-01,BKG_VG250_2026_01_01
07133043,Hennweiler,07,07133,1,true,true,2026-01-01,BKG_VG250_2026_01_01
07133044,Hergenfeld,07,07133,1,true,true,2026-01-01,BKG_VG250_2026_01_01
07133045,Hochstätten,07,07133,1,true,true,2026-01-01,BKG_VG250_2026_01_01
07133046,Hochstetten-Dhaun,07,07133,1,true,true,2026-01-01,BKG_VG250_2026_01_01
07133047,Horbach,07,07133,1,true,true,2026-01-01,BKG_VG250_2026_01_01
07133048,Hüffelsheim,07,07133,1,true,true,2026-01-01,BKG_VG250_2026_01_01
07133049,Hundsbach,07,07133,1,true,true,2026-01-01,BKG_VG250_2026_01_01
07133050,Ippenschied,07,07133,1,true,true,2026-01-01,BKG_VG250_2026_01_01
07133051,Jeckenbach,07,07133,1,true,true,2026-01-01,BKG_VG250_2026_01_01
07133052,Kirn,07,07133,1,true,true,2026-01-01,BKG_VG250_2026_01_01
07133053,Kirschroth,07,07133,1,true,true,2026-01-01,BKG_VG250_2026_01_01
07133054,Langenlonsheim,07,07133,1,true,true,2026-01-01,BKG_VG250_2026_01_01
07133055,Langenthal,07,07133,1,true,true,2026-01-01,BKG_VG250_2026_01_01
07133056,Laubenheim,07,07133,1,true,true,2026-01-01,BKG_VG250_2026_01_01
07133057,Lauschied,07,07133,1,true,true,2026-01-01,BKG_VG250_2026_01_01
07133058,Lettweiler,07,07133,1,true,true,2026-01-01,BKG_VG250_2026_01_01
07133059,Limbach,07,07133,1,true,true,2026-01-01,BKG_VG250_2026_01_01
07133060,Löllbach,07,07133,1,true,true,2026-01-01,BKG_VG250_2026_01_01
07133061,Mandel,07,07133,1,true,true,2026-01-01,BKG_VG250_2026_01_01
07133062,Martinstein,07,07133,1,true,true,2026-01-01,BKG_VG250_2026_01_01
07133063,Meckenbach,07,07133,1,true,true,2026-01-01,BKG_VG250_2026_01_01
07133064,Meddersheim,07,07133,1,true,true,2026-01-01,BKG_VG250_2026_01_01
07133065,Meisenheim,07,07133,1,true,true,2026-01-01,BKG_VG250_2026_01_01
07133066,Merxheim,07,07133,1,true,true,2026-01-01,BKG_VG250_2026_01_01
07133067,Monzingen,07,07133,1,true,true,2026-01-01,BKG_VG250_2026_01_01
07133068,Münchwald,07,07133,1,true,true,2026-01-01,BKG_VG250_2026_01_01
07133069,Neu-Bamberg,07,07133,1,true,true,2026-01-01,BKG_VG250_2026_01_01
07133070,Niederhausen,07,07133,1,true,true,2026-01-01,BKG_VG250_2026_01_01
07133071,Norheim,07,07133,1,true,true,2026-01-01,BKG_VG250_2026_01_01
07133072,Nußbaum,07,07133,1,true,true,2026-01-01,BKG_VG250_2026_01_01
07133073,Oberhausen bei Kirn,07,07133,1,true,true,2026-01-01,BKG_VG250_2026_01_01
07133074,Oberhausen an der Nahe,07,07133,1,true,true,2026-01-01,BKG_VG250_2026_01_01
07133075,Oberstreit,07,07133,1,true,true,2026-01-01,BKG_VG250_2026_01_01
07133076,Odernheim am Glan,07,07133,1,true,true,2026-01-01,BKG_VG250_2026_01_01
07133077,Otzweiler,07,07133,1,true,true,2026-01-01,BKG_VG250_2026_01_01
07133078,Pfaffen-Schwabenheim,07,07133,1,true,true,2026-01-01,BKG_VG250_2026_01_01
07133080,Pleitersheim,07,07133,1,true,true,2026-01-01,BKG_VG250_2026_01_01
07133081,Raumbach,07,07133,1,true,true,2026-01-01,BKG_VG250_2026_01_01
07133082,Rehbach,07,07133,1,true,true,2026-01-01,BKG_VG250_2026_01_01
07133083,Rehborn,07,07133,1,true,true,2026-01-01,BKG_VG250_2026_01_01
07133084,Reiffelbach,07,07133,1,true,true,2026-01-01,BKG_VG250_2026_01_01
07133085,Roth,07,07133,1,true,true,2026-01-01,BKG_VG250_2026_01_01
07133086,Roxheim,07,07133,1,true,true,2026-01-01,BKG_VG250_2026_01_01
07133087,Rümmelsheim,07,07133,1,true,true,2026-01-01,BKG_VG250_2026_01_01
07133088,Sankt Katharinen,07,07133,1,true,true,2026-01-01,BKG_VG250_2026_01_01
07133089,Schloßböckelheim,07,07133,1,true,true,2026-01-01,BKG_VG250_2026_01_01
07133090,Schmittweiler,07,07133,1,true,true,2026-01-01,BKG_VG250_2026_01_01
07133091,Schöneberg,07,07133,1,true,true,2026-01-01,BKG_VG250_2026_01_01
07133092,Schweinschied,07,07133,1,true,true,2026-01-01,BKG_VG250_2026_01_01
07133093,Schweppenhausen,07,07133,1,true,true,2026-01-01,BKG_VG250_2026_01_01
07133094,Seesbach,07,07133,1,true,true,2026-01-01,BKG_VG250_2026_01_01
07133095,Seibersbach,07,07133,1,true,true,2026-01-01,BKG_VG250_2026_01_01
07133096,Simmertal,07,07133,1,true,true,2026-01-01,BKG_VG250_2026_01_01
07133098,Sommerloch,07,07133,1,true,true,2026-01-01,BKG_VG250_2026_01_01
07133099,Spabrücken,07,07133,1,true,true,2026-01-01,BKG_VG250_2026_01_01
07133100,Spall,07,07133,1,true,true,2026-01-01,BKG_VG250_2026_01_01
07133101,Sponheim,07,07133,1,true,true,2026-01-01,BKG_VG250_2026_01_01
07133102,Staudernheim,07,07133,1,true,true,2026-01-01,BKG_VG250_2026_01_01
07133103,Stromberg,07,07133,1,true,true,2026-01-01,BKG_VG250_2026_01_01
07133104,Tiefenthal,07,07133,1,true,true,2026-01-01,BKG_VG250_2026_01_01
07133105,Traisen,07,07133,1,true,true,2026-01-01,BKG_VG250_2026_01_01
07133106,Volxheim,07,07133,1,true,true,2026-01-01,BKG_VG250_2026_01_01
07133107,Waldböckelheim,07,07133,1,true,true,2026-01-01,BKG_VG250_2026_01_01
07133108,Waldlaubersheim,07,07133,1,true,true,2026-01-01,BKG_VG250_2026_01_01
07133109,Wallhausen,07,07133,1,true,true,2026-01-01,BKG_VG250_2026_01_01
07133110,Warmsroth,07,07133,1,true,true,2026-01-01,BKG_VG250_2026_01_01
07133111,Weiler bei Monzingen,07,07133,1,true,true,2026-01-01,BKG_VG250_2026_01_01
07133112,Weinsheim,07,07133,1,true,true,2026-01-01,BKG_VG250_2026_01_01
07133113,Weitersborn,07,07133,1,true,true,2026-01-01,BKG_VG250_2026_01_01
07133114,Windesheim,07,07133,1,true,true,2026-01-01,BKG_VG250_2026_01_01
07133115,Winterbach,07,07133,1,true,true,2026-01-01,BKG_VG250_2026_01_01
07133116,Winterburg,07,07133,1,true,true,2026-01-01,BKG_VG250_2026_01_01
07133117,Rüdesheim,07,07133,1,true,true,2026-01-01,BKG_VG250_2026_01_01
07133201,Bruschied,07,07133,1,true,true,2026-01-01,BKG_VG250_2026_01_01
07133202,Kellenbach,07,07133,1,true,true,2026-01-01,BKG_VG250_2026_01_01
07133203,Königsau,07,07133,1,true,true,2026-01-01,BKG_VG250_2026_01_01
07133204,Schneppenbach,07,07133,1,true,true,2026-01-01,BKG_VG250_2026_01_01
07133205,Schwarzerden,07,07133,1,true,true,2026-01-01,BKG_VG250_2026_01_01
07133501,Bad Sobernheim,07,07133,1,true,true,2026-01-01,BKG_VG250_2026_01_01
07134001,Abentheuer,07,07134,1,true,true,2026-01-01,BKG_VG250_2026_01_01
07134002,Achtelsbach,07,07134,1,true,true,2026-01-01,BKG_VG250_2026_01_01
07134003,Allenbach,07,07134,1,true,true,2026-01-01,BKG_VG250_2026_01_01
07134004,Asbach,07,07134,1,true,true,2026-01-01,BKG_VG250_2026_01_01
07134005,Baumholder,07,07134,1,true,true,2026-01-01,BKG_VG250_2026_01_01
07134006,Bergen,07,07134,1,true,true,2026-01-01,BKG_VG250_2026_01_01
07134007,Berglangenbach,07,07134,1,true,true,2026-01-01,BKG_VG250_2026_01_01
07134008,Berschweiler bei Baumholder,07,07134,1,true,true,2026-01-01,BKG_VG250_2026_01_01
07134009,Berschweiler bei Kirn,07,07134,1,true,true,2026-01-01,BKG_VG250_2026_01_01
07134010,Birkenfeld,07,07134,1,true,true,2026-01-01,BKG_VG250_2026_01_01
07134011,Börfink,07,07134,1,true,true,2026-01-01,BKG_VG250_2026_01_01
07134012,Bollenbach,07,07134,1,true,true,2026-01-01,BKG_VG250_2026_01_01
07134013,Breitenthal,07,07134,1,true,true,2026-01-01,BKG_VG250_2026_01_01
07134014,Bruchweiler,07,07134,1,true,true,2026-01-01,BKG_VG250_2026_01_01
07134015,Brücken,07,07134,1,true,true,2026-01-01,BKG_VG250_2026_01_01
07134016,Buhlenberg,07,07134,1,true,true,2026-01-01,BKG_VG250_2026_01_01
07134017,Bundenbach,07,07134,1,true,true,2026-01-01,BKG_VG250_2026_01_01
07134018,Dambach,07,07134,1,true,true,2026-01-01,BKG_VG250_2026_01_01
07134019,Dickesbach,07,07134,1,true,true,2026-01-01,BKG_VG250_2026_01_01
07134020,Dienstweiler,07,07134,1,true,true,2026-01-01,BKG_VG250_2026_01_01
07134021,Eckersweiler,07,07134,1,true,true,2026-01-01,BKG_VG250_2026_01_01
07134022,Elchweiler,07,07134,1,true,true,2026-01-01,BKG_VG250_2026_01_01
07134023,Ellenberg,07,07134,1,true,true,2026-01-01,BKG_VG250_2026_01_01
07134024,Ellweiler,07,07134,1,true,true,2026-01-01,BKG_VG250_2026_01_01
07134025,Fischbach,07,07134,1,true,true,2026-01-01,BKG_VG250_2026_01_01
07134026,Fohren-Linden,07,07134,1,true,true,2026-01-01,BKG_VG250_2026_01_01
07134027,Frauenberg,07,07134,1,true,true,2026-01-01,BKG_VG250_2026_01_01
07134028,Gerach,07,07134,1,true,true,2026-01-01,BKG_VG250_2026_01_01
07134029,Gimbweiler,07,07134,1,true,true,2026-01-01,BKG_VG250_2026_01_01
07134030,Gösenroth,07,07134,1,true,true,2026-01-01,BKG_VG250_2026_01_01
07134031,Gollenberg,07,07134,1,true,true,2026-01-01,BKG_VG250_2026_01_01
07134032,Griebelschied,07,07134,1,true,true,2026-01-01,BKG_VG250_2026_01_01
07134033,Hahnweiler,07,07134,1,true,true,2026-01-01,BKG_VG250_2026_01_01
07134034,Hattgenstein,07,07134,1,true,true,2026-01-01,BKG_VG250_2026_01_01
07134035,Hausen,07,07134,1,true,true,2026-01-01,BKG_VG250_2026_01_01
07134036,Heimbach,07,07134,1,true,true,2026-01-01,BKG_VG250_2026_01_01
07134037,Hellertshausen,07,07134,1,true,true,2026-01-01,BKG_VG250_2026_01_01
07134038,Herborn,07,07134,1,true,true,2026-01-01,BKG_VG250_2026_01_01
07134039,Herrstein,07,07134,1,true,true,2026-01-01,BKG_VG250_2026_01_01
07134040,Hettenrodt,07,07134,1,true,true,2026-01-01,BKG_VG250_2026_01_01
07134041,Hintertiefenbach,07,07134,1,true,true,2026-01-01,BKG_VG250_2026_01_01
07134042,Hoppstädten-Weiersbach,07,07134,1,true,true,2026-01-01,BKG_VG250_2026_01_01
07134043,Horbruch,07,07134,1,true,true,2026-01-01,BKG_VG250_2026_01_01
07134044,Hottenbach,07,07134,1,true,true,2026-01-01,BKG_VG250_2026_01_01
07134045,Idar-Oberstein,07,07134,1,true,true,2026-01-01,BKG_VG250_2026_01_01
07134046,Kempfeld,07,07134,1,true,true,2026-01-01,BKG_VG250_2026_01_01
07134047,Kirschweiler,07,07134,1,true,true,2026-01-01,BKG_VG250_2026_01_01
07134048,Kronweiler,07,07134,1,true,true,2026-01-01,BKG_VG250_2026_01_01
07134049,Krummenau,07,07134,1,true,true,2026-01-01,BKG_VG250_2026_01_01
07134050,Leisel,07,07134,1,true,true,2026-01-01,BKG_VG250_2026_01_01
07134051,Leitzweiler,07,07134,1,true,true,2026-01-01,BKG_VG250_2026_01_01
07134052,Mackenrodt,07,07134,1,true,true,2026-01-01,BKG_VG250_2026_01_01
07134053,Meckenbach,07,07134,1,true,true,2026-01-01,BKG_VG250_2026_01_01
07134054,Mettweiler,07,07134,1,true,true,2026-01-01,BKG_VG250_2026_01_01
07134055,Mittelreidenbach,07,07134,1,true,true,2026-01-01,BKG_VG250_2026_01_01
07134056,Mörschied,07,07134,1,true,true,2026-01-01,BKG_VG250_2026_01_01
07134057,Niederbrombach,07,07134,1,true,true,2026-01-01,BKG_VG250_2026_01_01
07134058,Niederhambach,07,07134,1,true,true,2026-01-01,BKG_VG250_2026_01_01
07134059,Niederhosenbach,07,07134,1,true,true,2026-01-01,BKG_VG250_2026_01_01
07134060,Niederwörresbach,07,07134,1,true,true,2026-01-01,BKG_VG250_2026_01_01
07134061,Nohen,07,07134,1,true,true,2026-01-01,BKG_VG250_2026_01_01
07134062,Oberbrombach,07,07134,1,true,true,2026-01-01,BKG_VG250_2026_01_01
07134063,Oberhambach,07,07134,1,true,true,2026-01-01,BKG_VG250_2026_01_01
07134064,Oberhosenbach,07,07134,1,true,true,2026-01-01,BKG_VG250_2026_01_01
07134065,Oberkirn,07,07134,1,true,true,2026-01-01,BKG_VG250_2026_01_01
07134066,Oberreidenbach,07,07134,1,true,true,2026-01-01,BKG_VG250_2026_01_01
07134067,Oberwörresbach,07,07134,1,true,true,2026-01-01,BKG_VG250_2026_01_01
07134068,Reichenbach,07,07134,1,true,true,2026-01-01,BKG_VG250_2026_01_01
07134069,Rhaunen,07,07134,1,true,true,2026-01-01,BKG_VG250_2026_01_01
07134070,Rimsberg,07,07134,1,true,true,2026-01-01,BKG_VG250_2026_01_01
07134071,Rinzenberg,07,07134,1,true,true,2026-01-01,BKG_VG250_2026_01_01
07134072,Rötsweiler-Nockenthal,07,07134,1,true,true,2026-01-01,BKG_VG250_2026_01_01
07134073,Rohrbach,07,07134,1,true,true,2026-01-01,BKG_VG250_2026_01_01
07134074,Rückweiler,07,07134,1,true,true,2026-01-01,BKG_VG250_2026_01_01
07134075,Ruschberg,07,07134,1,true,true,2026-01-01,BKG_VG250_2026_01_01
07134076,Schauren,07,07134,1,true,true,2026-01-01,BKG_VG250_2026_01_01
07134077,Schmidthachenbach,07,07134,1,true,true,2026-01-01,BKG_VG250_2026_01_01
07134078,Schmißberg,07,07134,1,true,true,2026-01-01,BKG_VG250_2026_01_01
07134079,Schwerbach,07,07134,1,true,true,2026-01-01,BKG_VG250_2026_01_01
07134080,Schwollen,07,07134,1,true,true,2026-01-01,BKG_VG250_2026_01_01
07134081,Sensweiler,07,07134,1,true,true,2026-01-01,BKG_VG250_2026_01_01
07134082,Sien,07,07134,1,true,true,2026-01-01,BKG_VG250_2026_01_01
07134083,Sienhachenbach,07,07134,1,true,true,2026-01-01,BKG_VG250_2026_01_01
07134084,Siesbach,07,07134,1,true,true,2026-01-01,BKG_VG250_2026_01_01
07134085,Sonnenberg-Winnenberg,07,07134,1,true,true,2026-01-01,BKG_VG250_2026_01_01
07134086,Sonnschied,07,07134,1,true,true,2026-01-01,BKG_VG250_2026_01_01
07134087,Stipshausen,07,07134,1,true,true,2026-01-01,BKG_VG250_2026_01_01
07134088,Sulzbach,07,07134,1,true,true,2026-01-01,BKG_VG250_2026_01_01
07134089,Veitsrodt,07,07134,1,true,true,2026-01-01,BKG_VG250_2026_01_01
07134090,Vollmersbach,07,07134,1,true,true,2026-01-01,BKG_VG250_2026_01_01
07134091,Weiden,07,07134,1,true,true,2026-01-01,BKG_VG250_2026_01_01
07134092,Weitersbach,07,07134,1,true,true,2026-01-01,BKG_VG250_2026_01_01
07134093,Wickenrodt,07,07134,1,true,true,2026-01-01,BKG_VG250_2026_01_01
07134094,Wilzenberg-Hußweiler,07,07134,1,true,true,2026-01-01,BKG_VG250_2026_01_01
07134095,Wirschweiler,07,07134,1,true,true,2026-01-01,BKG_VG250_2026_01_01
07134502,Langweiler,07,07134,1,true,true,2026-01-01,BKG_VG250_2026_01_01
07135001,Alf,07,07135,1,true,true,2026-01-01,BKG_VG250_2026_01_01
07135002,Alflen,07,07135,1,true,true,2026-01-01,BKG_VG250_2026_01_01
07135003,Altlay,07,07135,1,true,true,2026-01-01,BKG_VG250_2026_01_01
07135004,Altstrimmig,07,07135,1,true,true,2026-01-01,BKG_VG250_2026_01_01
07135005,Auderath,07,07135,1,true,true,2026-01-01,BKG_VG250_2026_01_01
07135007,Beilstein,07,07135,1,true,true,2026-01-01,BKG_VG250_2026_01_01
07135008,Beuren,07,07135,1,true,true,2026-01-01,BKG_VG250_2026_01_01
07135009,Binningen,07,07135,1,true,true,2026-01-01,BKG_VG250_2026_01_01
07135010,Blankenrath,07,07135,1,true,true,2026-01-01,BKG_VG250_2026_01_01
07135011,Brachtendorf,07,07135,1,true,true,2026-01-01,BKG_VG250_2026_01_01
07135012,Bremm,07,07135,1,true,true,2026-01-01,BKG_VG250_2026_01_01
07135013,Briedel,07,07135,1,true,true,2026-01-01,BKG_VG250_2026_01_01
07135014,Brieden,07,07135,1,true,true,2026-01-01,BKG_VG250_2026_01_01
07135015,Briedern,07,07135,1,true,true,2026-01-01,BKG_VG250_2026_01_01
07135016,Brohl,07,07135,1,true,true,2026-01-01,BKG_VG250_2026_01_01
07135017,Bruttig-Fankel,07,07135,1,true,true,2026-01-01,BKG_VG250_2026_01_01
07135018,Büchel,07,07135,1,true,true,2026-01-01,BKG_VG250_2026_01_01
07135019,Bullay,07,07135,1,true,true,2026-01-01,BKG_VG250_2026_01_01
07135020,Cochem,07,07135,1,true,true,2026-01-01,BKG_VG250_2026_01_01
07135021,Dohr,07,07135,1,true,true,2026-01-01,BKG_VG250_2026_01_01
07135022,Dünfus,07,07135,1,true,true,2026-01-01,BKG_VG250_2026_01_01
07135023,Düngenheim,07,07135,1,true,true,2026-01-01,BKG_VG250_2026_01_01
07135024,Ediger-Eller,07,07135,1,true,true,2026-01-01,BKG_VG250_2026_01_01
07135025,Ellenz-Poltersdorf,07,07135,1,true,true,2026-01-01,BKG_VG250_2026_01_01
07135026,Eppenberg,07,07135,1,true,true,2026-01-01,BKG_VG250_2026_01_01
07135027,Ernst,07,07135,1,true,true,2026-01-01,BKG_VG250_2026_01_01
07135028,Eulgem,07,07135,1,true,true,2026-01-01,BKG_VG250_2026_01_01
07135029,Faid,07,07135,1,true,true,2026-01-01,BKG_VG250_2026_01_01
07135030,Filz,07,07135,1,true,true,2026-01-01,BKG_VG250_2026_01_01
07135031,Forst (Eifel),07,07135,1,true,true,2026-01-01,BKG_VG250_2026_01_01
07135032,Forst (Hunsrück),07,07135,1,true,true,2026-01-01,BKG_VG250_2026_01_01
07135033,Gamlen,07,07135,1,true,true,2026-01-01,BKG_VG250_2026_01_01
07135034,Gevenich,07,07135,1,true,true,2026-01-01,BKG_VG250_2026_01_01
07135035,Gillenbeuren,07,07135,1,true,true,2026-01-01,BKG_VG250_2026_01_01
07135036,Greimersburg,07,07135,1,true,true,2026-01-01,BKG_VG250_2026_01_01
07135037,Grenderich,07,07135,1,true,true,2026-01-01,BKG_VG250_2026_01_01
07135038,Hambuch,07,07135,1,true,true,2026-01-01,BKG_VG250_2026_01_01
07135039,Haserich,07,07135,1,true,true,2026-01-01,BKG_VG250_2026_01_01
07135040,Hauroth,07,07135,1,true,true,2026-01-01,BKG_VG250_2026_01_01
07135041,Hesweiler,07,07135,1,true,true,2026-01-01,BKG_VG250_2026_01_01
07135042,Illerich,07,07135,1,true,true,2026-01-01,BKG_VG250_2026_01_01
07135043,Kaifenheim,07,07135,1,true,true,2026-01-01,BKG_VG250_2026_01_01
07135044,Kail,07,07135,1,true,true,2026-01-01,BKG_VG250_2026_01_01
07135045,Kaisersesch,07,07135,1,true,true,2026-01-01,BKG_VG250_2026_01_01
07135046,Kalenborn,07,07135,1,true,true,2026-01-01,BKG_VG250_2026_01_01
07135048,Kliding,07,07135,1,true,true,2026-01-01,BKG_VG250_2026_01_01
07135049,Klotten,07,07135,1,true,true,2026-01-01,BKG_VG250_2026_01_01
07135051,Landkern,07,07135,1,true,true,2026-01-01,BKG_VG250_2026_01_01
07135052,Laubach,07,07135,1,true,true,2026-01-01,BKG_VG250_2026_01_01
07135053,Lieg,07,07135,1,true,true,2026-01-01,BKG_VG250_2026_01_01
07135054,Liesenich,07,07135,1,true,true,2026-01-01,BKG_VG250_2026_01_01
07135056,Lütz,07,07135,1,true,true,2026-01-01,BKG_VG250_2026_01_01
07135057,Lutzerath,07,07135,1,true,true,2026-01-01,BKG_VG250_2026_01_01
07135058,Masburg,07,07135,1,true,true,2026-01-01,BKG_VG250_2026_01_01
07135060,Mesenich,07,07135,1,true,true,2026-01-01,BKG_VG250_2026_01_01
07135061,Mittelstrimmig,07,07135,1,true,true,2026-01-01,BKG_VG250_2026_01_01
07135062,Möntenich,07,07135,1,true,true,2026-01-01,BKG_VG250_2026_01_01
07135064,Moritzheim,07,07135,1,true,true,2026-01-01,BKG_VG250_2026_01_01
07135065,Moselkern,07,07135,1,true,true,2026-01-01,BKG_VG250_2026_01_01
07135066,Müden (Mosel),07,07135,1,true,true,2026-01-01,BKG_VG250_2026_01_01
07135067,Müllenbach,07,07135,1,true,true,2026-01-01,BKG_VG250_2026_01_01
07135068,Neef,07,07135,1,true,true,2026-01-01,BKG_VG250_2026_01_01
07135069,Nehren,07,07135,1,true,true,2026-01-01,BKG_VG250_2026_01_01
07135070,Panzweiler,07,07135,1,true,true,2026-01-01,BKG_VG250_2026_01_01
07135071,Peterswald-Löffelscheid,07,07135,1,true,true,2026-01-01,BKG_VG250_2026_01_01
07135072,Pommern,07,07135,1,true,true,2026-01-01,BKG_VG250_2026_01_01
07135073,Pünderich,07,07135,1,true,true,2026-01-01,BKG_VG250_2026_01_01
07135074,Reidenhausen,07,07135,1,true,true,2026-01-01,BKG_VG250_2026_01_01
07135075,Roes,07,07135,1,true,true,2026-01-01,BKG_VG250_2026_01_01
07135076,Sankt Aldegund,07,07135,1,true,true,2026-01-01,BKG_VG250_2026_01_01
07135077,Schauren,07,07135,1,true,true,2026-01-01,BKG_VG250_2026_01_01
07135078,Schmitt,07,07135,1,true,true,2026-01-01,BKG_VG250_2026_01_01
07135079,Senheim,07,07135,1,true,true,2026-01-01,BKG_VG250_2026_01_01
07135080,Sosberg,07,07135,1,true,true,2026-01-01,BKG_VG250_2026_01_01
07135081,Tellig,07,07135,1,true,true,2026-01-01,BKG_VG250_2026_01_01
07135082,Treis-Karden,07,07135,1,true,true,2026-01-01,BKG_VG250_2026_01_01
07135083,Ulmen,07,07135,1,true,true,2026-01-01,BKG_VG250_2026_01_01
07135084,Urmersbach,07,07135,1,true,true,2026-01-01,BKG_VG250_2026_01_01
07135085,Urschmitt,07,07135,1,true,true,2026-01-01,BKG_VG250_2026_01_01
07135086,Valwig,07,07135,1,true,true,2026-01-01,BKG_VG250_2026_01_01
07135087,Wagenhausen,07,07135,1,true,true,2026-01-01,BKG_VG250_2026_01_01
07135088,Walhausen,07,07135,1,true,true,2026-01-01,BKG_VG250_2026_01_01
07135089,Weiler,07,07135,1,true,true,2026-01-01,BKG_VG250_2026_01_01
07135090,Wirfus,07,07135,1,true,true,2026-01-01,BKG_VG250_2026_01_01
07135091,Wollmerath,07,07135,1,true,true,2026-01-01,BKG_VG250_2026_01_01
07135092,Zell (Mosel),07,07135,1,true,true,2026-01-01,BKG_VG250_2026_01_01
07135093,Zettingen,07,07135,1,true,true,2026-01-01,BKG_VG250_2026_01_01
07135501,Bad Bertrich,07,07135,1,true,true,2026-01-01,BKG_VG250_2026_01_01
07135502,Leienkaul,07,07135,1,true,true,2026-01-01,BKG_VG250_2026_01_01
07137001,Acht,07,07137,1,true,true,2026-01-01,BKG_VG250_2026_01_01
07137003,Andernach,07,07137,1,true,true,2026-01-01,BKG_VG250_2026_01_01
07137004,Anschau,07,07137,1,true,true,2026-01-01,BKG_VG250_2026_01_01
07137006,Arft,07,07137,1,true,true,2026-01-01,BKG_VG250_2026_01_01
07137007,Baar,07,07137,1,true,true,2026-01-01,BKG_VG250_2026_01_01
07137008,Bell,07,07137,1,true,true,2026-01-01,BKG_VG250_2026_01_01
07137011,Bermel,07,07137,1,true,true,2026-01-01,BKG_VG250_2026_01_01
07137014,Boos,07,07137,1,true,true,2026-01-01,BKG_VG250_2026_01_01
07137019,Ditscheid,07,07137,1,true,true,2026-01-01,BKG_VG250_2026_01_01
07137023,Einig,07,07137,1,true,true,2026-01-01,BKG_VG250_2026_01_01
07137025,Ettringen,07,07137,1,true,true,2026-01-01,BKG_VG250_2026_01_01
07137027,Gappenach,07,07137,1,true,true,2026-01-01,BKG_VG250_2026_01_01
07137029,Gering,07,07137,1,true,true,2026-01-01,BKG_VG250_2026_01_01
07137030,Gierschnach,07,07137,1,true,true,2026-01-01,BKG_VG250_2026_01_01
07137034,Hausten,07,07137,1,true,true,2026-01-01,BKG_VG250_2026_01_01
07137035,Herresbach,07,07137,1,true,true,2026-01-01,BKG_VG250_2026_01_01
07137036,Hirten,07,07137,1,true,true,2026-01-01,BKG_VG250_2026_01_01
07137041,Kalt,07,07137,1,true,true,2026-01-01,BKG_VG250_2026_01_01
07137043,Kehrig,07,07137,1,true,true,2026-01-01,BKG_VG250_2026_01_01
07137048,Kerben,07,07137,1,true,true,2026-01-01,BKG_VG250_2026_01_01
07137049,Kirchwald,07,07137,1,true,true,2026-01-01,BKG_VG250_2026_01_01
07137053,Kollig,07,07137,1,true,true,2026-01-01,BKG_VG250_2026_01_01
07137055,Kottenheim,07,07137,1,true,true,2026-01-01,BKG_VG250_2026_01_01
07137056,Kretz,07,07137,1,true,true,2026-01-01,BKG_VG250_2026_01_01
07137057,Kruft,07,07137,1,true,true,2026-01-01,BKG_VG250_2026_01_01
07137060,Langenfeld,07,07137,1,true,true,2026-01-01,BKG_VG250_2026_01_01
07137061,Langscheid,07,07137,1,true,true,2026-01-01,BKG_VG250_2026_01_01
07137063,Lind,07,07137,1,true,true,2026-01-01,BKG_VG250_2026_01_01
07137065,Lonnig,07,07137,1,true,true,2026-01-01,BKG_VG250_2026_01_01
07137066,Luxem,07,07137,1,true,true,2026-01-01,BKG_VG250_2026_01_01
07137068,Mayen,07,07137,1,true,true,2026-01-01,BKG_VG250_2026_01_01
07137069,Mendig,07,07137,1,true,true,2026-01-01,BKG_VG250_2026_01_01
07137070,Mertloch,07,07137,1,true,true,2026-01-01,BKG_VG250_2026_01_01
07137074,Monreal,07,07137,1,true,true,2026-01-01,BKG_VG250_2026_01_01
07137077,Münk,07,07137,1,true,true,2026-01-01,BKG_VG250_2026_01_01
07137079,Nachtsheim,07,07137,1,true,true,2026-01-01,BKG_VG250_2026_01_01
07137080,Naunheim,07,07137,1,true,true,2026-01-01,BKG_VG250_2026_01_01
07137081,Nickenich,07,07137,1,true,true,2026-01-01,BKG_VG250_2026_01_01
07137086,Ochtendung,07,07137,1,true,true,2026-01-01,BKG_VG250_2026_01_01
07137087,Pillig,07,07137,1,true,true,2026-01-01,BKG_VG250_2026_01_01
07137088,Plaidt,07,07137,1,true,true,2026-01-01,BKG_VG250_2026_01_01
07137089,Polch,07,07137,1,true,true,2026-01-01,BKG_VG250_2026_01_01
07137092,Reudelsterz,07,07137,1,true,true,2026-01-01,BKG_VG250_2026_01_01
07137093,Rieden,07,07137,1,true,true,2026-01-01,BKG_VG250_2026_01_01
07137095,Rüber,07,07137,1,true,true,2026-01-01,BKG_VG250_2026_01_01
07137096,Saffig,07,07137,1,true,true,2026-01-01,BKG_VG250_2026_01_01
07137097,Sankt Johann,07,07137,1,true,true,2026-01-01,BKG_VG250_2026_01_01
07137099,Siebenbach,07,07137,1,true,true,2026-01-01,BKG_VG250_2026_01_01
07137101,Thür,07,07137,1,true,true,2026-01-01,BKG_VG250_2026_01_01
07137102,Trimbs,07,07137,1,true,true,2026-01-01,BKG_VG250_2026_01_01
07137105,Virneburg,07,07137,1,true,true,2026-01-01,BKG_VG250_2026_01_01
07137106,Volkesfeld,07,07137,1,true,true,2026-01-01,BKG_VG250_2026_01_01
07137110,Weiler,07,07137,1,true,true,2026-01-01,BKG_VG250_2026_01_01
07137112,Welling,07,07137,1,true,true,2026-01-01,BKG_VG250_2026_01_01
07137113,Welschenbach,07,07137,1,true,true,2026-01-01,BKG_VG250_2026_01_01
07137114,Wierschem,07,07137,1,true,true,2026-01-01,BKG_VG250_2026_01_01
07137201,Alken,07,07137,1,true,true,2026-01-01,BKG_VG250_2026_01_01
07137202,Bassenheim,07,07137,1,true,true,2026-01-01,BKG_VG250_2026_01_01
07137203,Bendorf,07,07137,1,true,true,2026-01-01,BKG_VG250_2026_01_01
07137204,Brey,07,07137,1,true,true,2026-01-01,BKG_VG250_2026_01_01
07137205,Brodenbach,07,07137,1,true,true,2026-01-01,BKG_VG250_2026_01_01
07137206,Burgen,07,07137,1,true,true,2026-01-01,BKG_VG250_2026_01_01
07137207,Dieblich,07,07137,1,true,true,2026-01-01,BKG_VG250_2026_01_01
07137208,Hatzenport,07,07137,1,true,true,2026-01-01,BKG_VG250_2026_01_01
07137209,Kaltenengers,07,07137,1,true,true,2026-01-01,BKG_VG250_2026_01_01
07137211,Kettig,07,07137,1,true,true,2026-01-01,BKG_VG250_2026_01_01
07137212,Kobern-Gondorf,07,07137,1,true,true,2026-01-01,BKG_VG250_2026_01_01
07137214,Löf,07,07137,1,true,true,2026-01-01,BKG_VG250_2026_01_01
07137215,Macken,07,07137,1,true,true,2026-01-01,BKG_VG250_2026_01_01
07137216,Mülheim-Kärlich,07,07137,1,true,true,2026-01-01,BKG_VG250_2026_01_01
07137217,Niederfell,07,07137,1,true,true,2026-01-01,BKG_VG250_2026_01_01
07137218,Niederwerth,07,07137,1,true,true,2026-01-01,BKG_VG250_2026_01_01
07137219,Nörtershausen,07,07137,1,true,true,2026-01-01,BKG_VG250_2026_01_01
07137220,Oberfell,07,07137,1,true,true,2026-01-01,BKG_VG250_2026_01_01
07137221,Rhens,07,07137,1,true,true,2026-01-01,BKG_VG250_2026_01_01
07137222,Sankt Sebastian,07,07137,1,true,true,2026-01-01,BKG_VG250_2026_01_01
07137223,Spay,07,07137,1,true,true,2026-01-01,BKG_VG250_2026_01_01
07137224,Urbar,07,07137,1,true,true,2026-01-01,BKG_VG250_2026_01_01
07137225,Urmitz,07,07137,1,true,true,2026-01-01,BKG_VG250_2026_01_01
07137226,Vallendar,07,07137,1,true,true,2026-01-01,BKG_VG250_2026_01_01
07137227,Waldesch,07,07137,1,true,true,2026-01-01,BKG_VG250_2026_01_01
07137228,Weißenthurm,07,07137,1,true,true,2026-01-01,BKG_VG250_2026_01_01
07137229,Weitersburg,07,07137,1,true,true,2026-01-01,BKG_VG250_2026_01_01
07137230,Winningen,07,07137,1,true,true,2026-01-01,BKG_VG250_2026_01_01
07137231,Wolken,07,07137,1,true,true,2026-01-01,BKG_VG250_2026_01_01
07137501,Münstermaifeld,07,07137,1,true,true,2026-01-01,BKG_VG250_2026_01_01
07137504,Lehmen,07,07137,1,true,true,2026-01-01,BKG_VG250_2026_01_01
07138002,Anhausen,07,07138,1,true,true,2026-01-01,BKG_VG250_2026_01_01
07138003,Asbach,07,07138,1,true,true,2026-01-01,BKG_VG250_2026_01_01
07138004,Bad Hönningen,07,07138,1,true,true,2026-01-01,BKG_VG250_2026_01_01
07138005,Bonefeld,07,07138,1,true,true,2026-01-01,BKG_VG250_2026_01_01
07138006,Breitscheid,07,07138,1,true,true,2026-01-01,BKG_VG250_2026_01_01
07138007,Hausen (Wied),07,07138,1,true,true,2026-01-01,BKG_VG250_2026_01_01
07138008,Bruchhausen,07,07138,1,true,true,2026-01-01,BKG_VG250_2026_01_01
07138009,Dattenberg,07,07138,1,true,true,2026-01-01,BKG_VG250_2026_01_01
07138010,Datzeroth,07,07138,1,true,true,2026-01-01,BKG_VG250_2026_01_01
07138011,Dernbach,07,07138,1,true,true,2026-01-01,BKG_VG250_2026_01_01
07138012,Dierdorf,07,07138,1,true,true,2026-01-01,BKG_VG250_2026_01_01
07138013,Döttesfeld,07,07138,1,true,true,2026-01-01,BKG_VG250_2026_01_01
07138014,Dürrholz,07,07138,1,true,true,2026-01-01,BKG_VG250_2026_01_01
07138015,Ehlscheid,07,07138,1,true,true,2026-01-01,BKG_VG250_2026_01_01
07138019,Erpel,07,07138,1,true,true,2026-01-01,BKG_VG250_2026_01_01
07138023,Großmaischeid,07,07138,1,true,true,2026-01-01,BKG_VG250_2026_01_01
07138024,Hammerstein,07,07138,1,true,true,2026-01-01,BKG_VG250_2026_01_01
07138025,Hanroth,07,07138,1,true,true,2026-01-01,BKG_VG250_2026_01_01
07138026,Hardert,07,07138,1,true,true,2026-01-01,BKG_VG250_2026_01_01
07138027,Harschbach,07,07138,1,true,true,2026-01-01,BKG_VG250_2026_01_01
07138030,Hümmerich,07,07138,1,true,true,2026-01-01,BKG_VG250_2026_01_01
07138031,Isenburg,07,07138,1,true,true,2026-01-01,BKG_VG250_2026_01_01
07138034,Kleinmaischeid,07,07138,1,true,true,2026-01-01,BKG_VG250_2026_01_01
07138036,Kurtscheid,07,07138,1,true,true,2026-01-01,BKG_VG250_2026_01_01
07138037,Leubsdorf,07,07138,1,true,true,2026-01-01,BKG_VG250_2026_01_01
07138038,Leutesdorf,07,07138,1,true,true,2026-01-01,BKG_VG250_2026_01_01
07138040,Linkenbach,07,07138,1,true,true,2026-01-01,BKG_VG250_2026_01_01
07138041,Linz am Rhein,07,07138,1,true,true,2026-01-01,BKG_VG250_2026_01_01
07138042,Meinborn,07,07138,1,true,true,2026-01-01,BKG_VG250_2026_01_01
07138043,Melsbach,07,07138,1,true,true,2026-01-01,BKG_VG250_2026_01_01
07138044,Neustadt (Wied),07,07138,1,true,true,2026-01-01,BKG_VG250_2026_01_01
07138045,Neuwied,07,07138,1,true,true,2026-01-01,BKG_VG250_2026_01_01
07138047,Niederbreitbach,07,07138,1,true,true,2026-01-01,BKG_VG250_2026_01_01
07138048,Niederhofen,07,07138,1,true,true,2026-01-01,BKG_VG250_2026_01_01
07138050,Niederwambach,07,07138,1,true,true,2026-01-01,BKG_VG250_2026_01_01
07138052,Oberdreis,07,07138,1,true,true,2026-01-01,BKG_VG250_2026_01_01
07138053,Oberhonnefeld-Gierend,07,07138,1,true,true,2026-01-01,BKG_VG250_2026_01_01
07138054,Oberraden,07,07138,1,true,true,2026-01-01,BKG_VG250_2026_01_01
07138055,Ockenfels,07,07138,1,true,true,2026-01-01,BKG_VG250_2026_01_01
07138057,Puderbach,07,07138,1,true,true,2026-01-01,BKG_VG250_2026_01_01
07138058,Ratzert,07,07138,1,true,true,2026-01-01,BKG_VG250_2026_01_01
07138059,Raubach,07,07138,1,true,true,2026-01-01,BKG_VG250_2026_01_01
07138061,Rengsdorf,07,07138,1,true,true,2026-01-01,BKG_VG250_2026_01_01
07138062,Rheinbreitbach,07,07138,1,true,true,2026-01-01,BKG_VG250_2026_01_01
07138063,Rheinbrohl,07,07138,1,true,true,2026-01-01,BKG_VG250_2026_01_01
07138064,Rodenbach bei Puderbach,07,07138,1,true,true,2026-01-01,BKG_VG250_2026_01_01
07138065,Roßbach,07,07138,1,true,true,2026-01-01,BKG_VG250_2026_01_01
07138066,Rüscheid,07,07138,1,true,true,2026-01-01,BKG_VG250_2026_01_01
07138068,Sankt Katharinen (Landkreis Neuwied),07,07138,1,true,true,2026-01-01,BKG_VG250_2026_01_01
07138069,Stebach,07,07138,1,true,true,2026-01-01,BKG_VG250_2026_01_01
07138070,Steimel,07,07138,1,true,true,2026-01-01,BKG_VG250_2026_01_01
07138071,Straßenhaus,07,07138,1,true,true,2026-01-01,BKG_VG250_2026_01_01
07138072,Thalhausen,07,07138,1,true,true,2026-01-01,BKG_VG250_2026_01_01
07138073,Unkel,07,07138,1,true,true,2026-01-01,BKG_VG250_2026_01_01
07138074,Urbach,07,07138,1,true,true,2026-01-01,BKG_VG250_2026_01_01
07138075,Vettelschoß,07,07138,1,true,true,2026-01-01,BKG_VG250_2026_01_01
07138076,Waldbreitbach,07,07138,1,true,true,2026-01-01,BKG_VG250_2026_01_01
07138077,Windhagen,07,07138,1,true,true,2026-01-01,BKG_VG250_2026_01_01
07138078,Woldert,07,07138,1,true,true,2026-01-01,BKG_VG250_2026_01_01
07138080,Buchholz (Westerwald),07,07138,1,true,true,2026-01-01,BKG_VG250_2026_01_01
07138201,Marienhausen,07,07138,1,true,true,2026-01-01,BKG_VG250_2026_01_01
07138501,Kasbach-Ohlenberg,07,07138,1,true,true,2026-01-01,BKG_VG250_2026_01_01
07140001,Alterkülz,07,07140,1,true,true,2026-01-01,BKG_VG250_2026_01_01
07140002,Altweidelbach,07,07140,1,true,true,2026-01-01,BKG_VG250_2026_01_01
07140003,Argenthal,07,07140,1,true,true,2026-01-01,BKG_VG250_2026_01_01
07140005,Badenhard,07,07140,1,true,true,2026-01-01,BKG_VG250_2026_01_01
07140006,Bärenbach,07,07140,1,true,true,2026-01-01,BKG_VG250_2026_01_01
07140007,Belg,07,07140,1,true,true,2026-01-01,BKG_VG250_2026_01_01
07140008,Belgweiler,07,07140,1,true,true,2026-01-01,BKG_VG250_2026_01_01
07140009,Bell (Hunsrück),07,07140,1,true,true,2026-01-01,BKG_VG250_2026_01_01
07140010,Beltheim,07,07140,1,true,true,2026-01-01,BKG_VG250_2026_01_01
07140011,Benzweiler,07,07140,1,true,true,2026-01-01,BKG_VG250_2026_01_01
07140012,Bergenhausen,07,07140,1,true,true,2026-01-01,BKG_VG250_2026_01_01
07140014,Bickenbach,07,07140,1,true,true,2026-01-01,BKG_VG250_2026_01_01
07140015,Biebern,07,07140,1,true,true,2026-01-01,BKG_VG250_2026_01_01
07140016,Birkheim,07,07140,1,true,true,2026-01-01,BKG_VG250_2026_01_01
07140018,Braunshorn,07,07140,1,true,true,2026-01-01,BKG_VG250_2026_01_01
07140020,Bubach,07,07140,1,true,true,2026-01-01,BKG_VG250_2026_01_01
07140021,Buch,07,07140,1,true,true,2026-01-01,BKG_VG250_2026_01_01
07140023,Budenbach,07,07140,1,true,true,2026-01-01,BKG_VG250_2026_01_01
07140024,Büchenbeuren,07,07140,1,true,true,2026-01-01,BKG_VG250_2026_01_01
07140025,Damscheid,07,07140,1,true,true,2026-01-01,BKG_VG250_2026_01_01
07140027,Dichtelbach,07,07140,1,true,true,2026-01-01,BKG_VG250_2026_01_01
07140028,Dickenschied,07,07140,1,true,true,2026-01-01,BKG_VG250_2026_01_01
07140029,Dill,07,07140,1,true,true,2026-01-01,BKG_VG250_2026_01_01
07140030,Dillendorf,07,07140,1,true,true,2026-01-01,BKG_VG250_2026_01_01
07140031,Dörth,07,07140,1,true,true,2026-01-01,BKG_VG250_2026_01_01
07140035,Ellern (Hunsrück),07,07140,1,true,true,2026-01-01,BKG_VG250_2026_01_01
07140036,Emmelshausen,07,07140,1,true,true,2026-01-01,BKG_VG250_2026_01_01
07140037,Erbach,07,07140,1,true,true,2026-01-01,BKG_VG250_2026_01_01
07140039,Fronhofen,07,07140,1,true,true,2026-01-01,BKG_VG250_2026_01_01
07140040,Gehlweiler,07,07140,1,true,true,2026-01-01,BKG_VG250_2026_01_01
07140041,Gemünden,07,07140,1,true,true,2026-01-01,BKG_VG250_2026_01_01
07140042,Gödenroth,07,07140,1,true,true,2026-01-01,BKG_VG250_2026_01_01
07140043,Gondershausen,07,07140,1,true,true,2026-01-01,BKG_VG250_2026_01_01
07140044,Hahn,07,07140,1,true,true,2026-01-01,BKG_VG250_2026_01_01
07140045,Halsenbach,07,07140,1,true,true,2026-01-01,BKG_VG250_2026_01_01
07140046,Hasselbach,07,07140,1,true,true,2026-01-01,BKG_VG250_2026_01_01
07140047,Hausbay,07,07140,1,true,true,2026-01-01,BKG_VG250_2026_01_01
07140048,Hecken,07,07140,1,true,true,2026-01-01,BKG_VG250_2026_01_01
07140049,Heinzenbach,07,07140,1,true,true,2026-01-01,BKG_VG250_2026_01_01
07140050,Henau,07,07140,1,true,true,2026-01-01,BKG_VG250_2026_01_01
07140053,Hirschfeld (Hunsrück),07,07140,1,true,true,2026-01-01,BKG_VG250_2026_01_01
07140055,Hollnich,07,07140,1,true,true,2026-01-01,BKG_VG250_2026_01_01
07140056,Holzbach,07,07140,1,true,true,2026-01-01,BKG_VG250_2026_01_01
07140058,Horn,07,07140,1,true,true,2026-01-01,BKG_VG250_2026_01_01
07140060,Hungenroth,07,07140,1,true,true,2026-01-01,BKG_VG250_2026_01_01
07140062,Kappel,07,07140,1,true,true,2026-01-01,BKG_VG250_2026_01_01
07140063,Karbach,07,07140,1,true,true,2026-01-01,BKG_VG250_2026_01_01
07140064,Kastellaun,07,07140,1,true,true,2026-01-01,BKG_VG250_2026_01_01
07140065,Keidelheim,07,07140,1,true,true,2026-01-01,BKG_VG250_2026_01_01
07140067,Kirchberg (Hunsrück),07,07140,1,true,true,2026-01-01,BKG_VG250_2026_01_01
07140068,Kisselbach,07,07140,1,true,true,2026-01-01,BKG_VG250_2026_01_01
07140070,Klosterkumbd,07,07140,1,true,true,2026-01-01,BKG_VG250_2026_01_01
07140071,Kludenbach,07,07140,1,true,true,2026-01-01,BKG_VG250_2026_01_01
07140073,Korweiler,07,07140,1,true,true,2026-01-01,BKG_VG250_2026_01_01
07140075,Kratzenburg,07,07140,1,true,true,2026-01-01,BKG_VG250_2026_01_01
07140076,Külz (Hunsrück),07,07140,1,true,true,2026-01-01,BKG_VG250_2026_01_01
07140077,Kümbdchen,07,07140,1,true,true,2026-01-01,BKG_VG250_2026_01_01
07140079,Laubach,07,07140,1,true,true,2026-01-01,BKG_VG250_2026_01_01
07140080,Laudert,07,07140,1,true,true,2026-01-01,BKG_VG250_2026_01_01
07140081,Laufersweiler,07,07140,1,true,true,2026-01-01,BKG_VG250_2026_01_01
07140082,Lautzenhausen,07,07140,1,true,true,2026-01-01,BKG_VG250_2026_01_01
07140084,Leiningen,07,07140,1,true,true,2026-01-01,BKG_VG250_2026_01_01
07140085,Liebshausen,07,07140,1,true,true,2026-01-01,BKG_VG250_2026_01_01
07140086,Lindenschied,07,07140,1,true,true,2026-01-01,BKG_VG250_2026_01_01
07140087,Lingerhahn,07,07140,1,true,true,2026-01-01,BKG_VG250_2026_01_01
07140089,Maisborn,07,07140,1,true,true,2026-01-01,BKG_VG250_2026_01_01
07140090,Maitzborn,07,07140,1,true,true,2026-01-01,BKG_VG250_2026_01_01
07140092,Mengerschied,07,07140,1,true,true,2026-01-01,BKG_VG250_2026_01_01
07140093,Mermuth,07,07140,1,true,true,2026-01-01,BKG_VG250_2026_01_01
07140094,Metzenhausen,07,07140,1,true,true,2026-01-01,BKG_VG250_2026_01_01
07140095,Michelbach,07,07140,1,true,true,2026-01-01,BKG_VG250_2026_01_01
07140096,Mörschbach,07,07140,1,true,true,2026-01-01,BKG_VG250_2026_01_01
07140098,Mühlpfad,07,07140,1,true,true,2026-01-01,BKG_VG250_2026_01_01
07140099,Mutterschied,07,07140,1,true,true,2026-01-01,BKG_VG250_2026_01_01
07140100,Nannhausen,07,07140,1,true,true,2026-01-01,BKG_VG250_2026_01_01
07140101,Neuerkirch,07,07140,1,true,true,2026-01-01,BKG_VG250_2026_01_01
07140102,Ney,07,07140,1,true,true,2026-01-01,BKG_VG250_2026_01_01
07140104,Niederburg,07,07140,1,true,true,2026-01-01,BKG_VG250_2026_01_01
07140105,Nieder Kostenz,07,07140,1,true,true,2026-01-01,BKG_VG250_2026_01_01
07140106,Niederkumbd,07,07140,1,true,true,2026-01-01,BKG_VG250_2026_01_01
07140107,Niedersohren,07,07140,1,true,true,2026-01-01,BKG_VG250_2026_01_01
07140108,Niedert,07,07140,1,true,true,2026-01-01,BKG_VG250_2026_01_01
07140109,Niederweiler,07,07140,1,true,true,2026-01-01,BKG_VG250_2026_01_01
07140110,Norath,07,07140,1,true,true,2026-01-01,BKG_VG250_2026_01_01
07140111,Ober Kostenz,07,07140,1,true,true,2026-01-01,BKG_VG250_2026_01_01
07140112,Oberwesel,07,07140,1,true,true,2026-01-01,BKG_VG250_2026_01_01
07140113,Ohlweiler,07,07140,1,true,true,2026-01-01,BKG_VG250_2026_01_01
07140115,Oppertshausen,07,07140,1,true,true,2026-01-01,BKG_VG250_2026_01_01
07140116,Perscheid,07,07140,1,true,true,2026-01-01,BKG_VG250_2026_01_01
07140117,Pfalzfeld,07,07140,1,true,true,2026-01-01,BKG_VG250_2026_01_01
07140118,Pleizenhausen,07,07140,1,true,true,2026-01-01,BKG_VG250_2026_01_01
07140119,Ravengiersburg,07,07140,1,true,true,2026-01-01,BKG_VG250_2026_01_01
07140120,Raversbeuren,07,07140,1,true,true,2026-01-01,BKG_VG250_2026_01_01
07140121,Rayerschied,07,07140,1,true,true,2026-01-01,BKG_VG250_2026_01_01
07140122,Reckershausen,07,07140,1,true,true,2026-01-01,BKG_VG250_2026_01_01
07140123,Reich,07,07140,1,true,true,2026-01-01,BKG_VG250_2026_01_01
07140125,Rheinböllen,07,07140,1,true,true,2026-01-01,BKG_VG250_2026_01_01
07140126,Riegenroth,07,07140,1,true,true,2026-01-01,BKG_VG250_2026_01_01
07140127,Riesweiler,07,07140,1,true,true,2026-01-01,BKG_VG250_2026_01_01
07140128,Rödelhausen,07,07140,1,true,true,2026-01-01,BKG_VG250_2026_01_01
07140129,Rödern,07,07140,1,true,true,2026-01-01,BKG_VG250_2026_01_01
07140130,Rohrbach,07,07140,1,true,true,2026-01-01,BKG_VG250_2026_01_01
07140131,Roth,07,07140,1,true,true,2026-01-01,BKG_VG250_2026_01_01
07140133,Sankt Goar,07,07140,1,true,true,2026-01-01,BKG_VG250_2026_01_01
07140134,Sargenroth,07,07140,1,true,true,2026-01-01,BKG_VG250_2026_01_01
07140135,Schlierschied,07,07140,1,true,true,2026-01-01,BKG_VG250_2026_01_01
07140138,Schnorbach,07,07140,1,true,true,2026-01-01,BKG_VG250_2026_01_01
07140139,Schönborn,07,07140,1,true,true,2026-01-01,BKG_VG250_2026_01_01
07140140,Schwall,07,07140,1,true,true,2026-01-01,BKG_VG250_2026_01_01
07140141,Schwarzen,07,07140,1,true,true,2026-01-01,BKG_VG250_2026_01_01
07140144,Simmern/Hunsrück,07,07140,1,true,true,2026-01-01,BKG_VG250_2026_01_01
07140145,Sohren,07,07140,1,true,true,2026-01-01,BKG_VG250_2026_01_01
07140146,Sohrschied,07,07140,1,true,true,2026-01-01,BKG_VG250_2026_01_01
07140147,Spesenroth,07,07140,1,true,true,2026-01-01,BKG_VG250_2026_01_01
07140148,Steinbach,07,07140,1,true,true,2026-01-01,BKG_VG250_2026_01_01
07140149,Thörlingen,07,07140,1,true,true,2026-01-01,BKG_VG250_2026_01_01
07140150,Tiefenbach,07,07140,1,true,true,2026-01-01,BKG_VG250_2026_01_01
07140151,Todenroth,07,07140,1,true,true,2026-01-01,BKG_VG250_2026_01_01
07140153,Uhler,07,07140,1,true,true,2026-01-01,BKG_VG250_2026_01_01
07140154,Unzenberg,07,07140,1,true,true,2026-01-01,BKG_VG250_2026_01_01
07140155,Urbar,07,07140,1,true,true,2026-01-01,BKG_VG250_2026_01_01
07140156,Utzenhain,07,07140,1,true,true,2026-01-01,BKG_VG250_2026_01_01
07140158,Wahlbach,07,07140,1,true,true,2026-01-01,BKG_VG250_2026_01_01
07140159,Wahlenau,07,07140,1,true,true,2026-01-01,BKG_VG250_2026_01_01
07140161,Wiebelsheim,07,07140,1,true,true,2026-01-01,BKG_VG250_2026_01_01
07140163,Womrath,07,07140,1,true,true,2026-01-01,BKG_VG250_2026_01_01
07140164,Woppenroth,07,07140,1,true,true,2026-01-01,BKG_VG250_2026_01_01
07140165,Würrich,07,07140,1,true,true,2026-01-01,BKG_VG250_2026_01_01
07140166,Wüschheim,07,07140,1,true,true,2026-01-01,BKG_VG250_2026_01_01
07140201,Beulich,07,07140,1,true,true,2026-01-01,BKG_VG250_2026_01_01
07140202,Dommershausen,07,07140,1,true,true,2026-01-01,BKG_VG250_2026_01_01
07140204,Mastershausen,07,07140,1,true,true,2026-01-01,BKG_VG250_2026_01_01
07140205,Morshausen,07,07140,1,true,true,2026-01-01,BKG_VG250_2026_01_01
07140501,Boppard,07,07140,1,true,true,2026-01-01,BKG_VG250_2026_01_01
07140502,Lahr,07,07140,1,true,true,2026-01-01,BKG_VG250_2026_01_01
07140503,Mörsdorf,07,07140,1,true,true,2026-01-01,BKG_VG250_2026_01_01
07140504,Zilshausen,07,07140,1,true,true,2026-01-01,BKG_VG250_2026_01_01
07141001,Allendorf,07,07141,1,true,true,2026-01-01,BKG_VG250_2026_01_01
07141002,Altendiez,07,07141,1,true,true,2026-01-01,BKG_VG250_2026_01_01
07141003,Attenhausen,07,07141,1,true,true,2026-01-01,BKG_VG250_2026_01_01
07141004,Auel,07,07141,1,true,true,2026-01-01,BKG_VG250_2026_01_01
07141005,Aull,07,07141,1,true,true,2026-01-01,BKG_VG250_2026_01_01
07141006,Bad Ems,07,07141,1,true,true,2026-01-01,BKG_VG250_2026_01_01
07141008,Becheln,07,07141,1,true,true,2026-01-01,BKG_VG250_2026_01_01
07141009,Berg,07,07141,1,true,true,2026-01-01,BKG_VG250_2026_01_01
07141010,Berghausen,07,07141,1,true,true,2026-01-01,BKG_VG250_2026_01_01
07141011,Berndroth,07,07141,1,true,true,2026-01-01,BKG_VG250_2026_01_01
07141012,Bettendorf,07,07141,1,true,true,2026-01-01,BKG_VG250_2026_01_01
07141013,Biebrich,07,07141,1,true,true,2026-01-01,BKG_VG250_2026_01_01
07141014,Birlenbach,07,07141,1,true,true,2026-01-01,BKG_VG250_2026_01_01
07141015,Bogel,07,07141,1,true,true,2026-01-01,BKG_VG250_2026_01_01
07141016,Bornich,07,07141,1,true,true,2026-01-01,BKG_VG250_2026_01_01
07141018,Bremberg,07,07141,1,true,true,2026-01-01,BKG_VG250_2026_01_01
07141019,Buch,07,07141,1,true,true,2026-01-01,BKG_VG250_2026_01_01
07141020,Burgschwalbach,07,07141,1,true,true,2026-01-01,BKG_VG250_2026_01_01
07141021,Charlottenberg,07,07141,1,true,true,2026-01-01,BKG_VG250_2026_01_01
07141022,Cramberg,07,07141,1,true,true,2026-01-01,BKG_VG250_2026_01_01
07141023,Dachsenhausen,07,07141,1,true,true,2026-01-01,BKG_VG250_2026_01_01
07141024,Dahlheim,07,07141,1,true,true,2026-01-01,BKG_VG250_2026_01_01
07141025,Dausenau,07,07141,1,true,true,2026-01-01,BKG_VG250_2026_01_01
07141026,Dessighofen,07,07141,1,true,true,2026-01-01,BKG_VG250_2026_01_01
07141027,Dienethal,07,07141,1,true,true,2026-01-01,BKG_VG250_2026_01_01
07141029,Diez,07,07141,1,true,true,2026-01-01,BKG_VG250_2026_01_01
07141030,Dörnberg,07,07141,1,true,true,2026-01-01,BKG_VG250_2026_01_01
07141031,Dörscheid,07,07141,1,true,true,2026-01-01,BKG_VG250_2026_01_01
07141032,Dörsdorf,07,07141,1,true,true,2026-01-01,BKG_VG250_2026_01_01
07141033,Dornholzhausen,07,07141,1,true,true,2026-01-01,BKG_VG250_2026_01_01
07141034,Ebertshausen,07,07141,1,true,true,2026-01-01,BKG_VG250_2026_01_01
07141035,Ehr,07,07141,1,true,true,2026-01-01,BKG_VG250_2026_01_01
07141036,Eisighofen,07,07141,1,true,true,2026-01-01,BKG_VG250_2026_01_01
07141037,Endlichhofen,07,07141,1,true,true,2026-01-01,BKG_VG250_2026_01_01
07141038,Eppenrod,07,07141,1,true,true,2026-01-01,BKG_VG250_2026_01_01
07141039,Ergeshausen,07,07141,1,true,true,2026-01-01,BKG_VG250_2026_01_01
07141040,Eschbach,07,07141,1,true,true,2026-01-01,BKG_VG250_2026_01_01
07141041,Fachbach,07,07141,1,true,true,2026-01-01,BKG_VG250_2026_01_01
07141042,Filsen,07,07141,1,true,true,2026-01-01,BKG_VG250_2026_01_01
07141043,Flacht,07,07141,1,true,true,2026-01-01,BKG_VG250_2026_01_01
07141044,Frücht,07,07141,1,true,true,2026-01-01,BKG_VG250_2026_01_01
07141045,Geilnau,07,07141,1,true,true,2026-01-01,BKG_VG250_2026_01_01
07141046,Geisig,07,07141,1,true,true,2026-01-01,BKG_VG250_2026_01_01
07141047,Gemmerich,07,07141,1,true,true,2026-01-01,BKG_VG250_2026_01_01
07141049,Gückingen,07,07141,1,true,true,2026-01-01,BKG_VG250_2026_01_01
07141050,Gutenacker,07,07141,1,true,true,2026-01-01,BKG_VG250_2026_01_01
07141051,Hahnstätten,07,07141,1,true,true,2026-01-01,BKG_VG250_2026_01_01
07141052,Hambach,07,07141,1,true,true,2026-01-01,BKG_VG250_2026_01_01
07141053,Heistenbach,07,07141,1,true,true,2026-01-01,BKG_VG250_2026_01_01
07141054,Herold,07,07141,1,true,true,2026-01-01,BKG_VG250_2026_01_01
07141055,Himmighofen,07,07141,1,true,true,2026-01-01,BKG_VG250_2026_01_01
07141057,Hirschberg,07,07141,1,true,true,2026-01-01,BKG_VG250_2026_01_01
07141058,Hömberg,07,07141,1,true,true,2026-01-01,BKG_VG250_2026_01_01
07141059,Holzappel,07,07141,1,true,true,2026-01-01,BKG_VG250_2026_01_01
07141060,Holzhausen an der Haide,07,07141,1,true,true,2026-01-01,BKG_VG250_2026_01_01
07141061,Holzheim,07,07141,1,true,true,2026-01-01,BKG_VG250_2026_01_01
07141062,Horhausen,07,07141,1,true,true,2026-01-01,BKG_VG250_2026_01_01
07141063,Hunzel,07,07141,1,true,true,2026-01-01,BKG_VG250_2026_01_01
07141064,Isselbach,07,07141,1,true,true,2026-01-01,BKG_VG250_2026_01_01
07141065,Kaltenholzhausen,07,07141,1,true,true,2026-01-01,BKG_VG250_2026_01_01
07141066,Kamp-Bornhofen,07,07141,1,true,true,2026-01-01,BKG_VG250_2026_01_01
07141067,Kasdorf,07,07141,1,true,true,2026-01-01,BKG_VG250_2026_01_01
07141068,Katzenelnbogen,07,07141,1,true,true,2026-01-01,BKG_VG250_2026_01_01
07141069,Kaub,07,07141,1,true,true,2026-01-01,BKG_VG250_2026_01_01
07141070,Kehlbach,07,07141,1,true,true,2026-01-01,BKG_VG250_2026_01_01
07141071,Kemmenau,07,07141,1,true,true,2026-01-01,BKG_VG250_2026_01_01
07141072,Kestert,07,07141,1,true,true,2026-01-01,BKG_VG250_2026_01_01
07141073,Klingelbach,07,07141,1,true,true,2026-01-01,BKG_VG250_2026_01_01
07141074,Kördorf,07,07141,1,true,true,2026-01-01,BKG_VG250_2026_01_01
07141075,Lahnstein,07,07141,1,true,true,2026-01-01,BKG_VG250_2026_01_01
07141076,Langenscheid,07,07141,1,true,true,2026-01-01,BKG_VG250_2026_01_01
07141077,Laurenburg,07,07141,1,true,true,2026-01-01,BKG_VG250_2026_01_01
07141078,Lautert,07,07141,1,true,true,2026-01-01,BKG_VG250_2026_01_01
07141079,Lierschied,07,07141,1,true,true,2026-01-01,BKG_VG250_2026_01_01
07141080,Lipporn,07,07141,1,true,true,2026-01-01,BKG_VG250_2026_01_01
07141081,Lohrheim,07,07141,1,true,true,2026-01-01,BKG_VG250_2026_01_01
07141082,Lollschied,07,07141,1,true,true,2026-01-01,BKG_VG250_2026_01_01
07141083,Lykershausen,07,07141,1,true,true,2026-01-01,BKG_VG250_2026_01_01
07141084,Marienfels,07,07141,1,true,true,2026-01-01,BKG_VG250_2026_01_01
07141085,Miehlen,07,07141,1,true,true,2026-01-01,BKG_VG250_2026_01_01
07141086,Miellen,07,07141,1,true,true,2026-01-01,BKG_VG250_2026_01_01
07141087,Misselberg,07,07141,1,true,true,2026-01-01,BKG_VG250_2026_01_01
07141088,Mittelfischbach,07,07141,1,true,true,2026-01-01,BKG_VG250_2026_01_01
07141089,Mudershausen,07,07141,1,true,true,2026-01-01,BKG_VG250_2026_01_01
07141091,Nassau,07,07141,1,true,true,2026-01-01,BKG_VG250_2026_01_01
07141092,Nastätten,07,07141,1,true,true,2026-01-01,BKG_VG250_2026_01_01
07141093,Netzbach,07,07141,1,true,true,2026-01-01,BKG_VG250_2026_01_01
07141094,Niederbachheim,07,07141,1,true,true,2026-01-01,BKG_VG250_2026_01_01
07141095,Niederneisen,07,07141,1,true,true,2026-01-01,BKG_VG250_2026_01_01
07141096,Niedertiefenbach,07,07141,1,true,true,2026-01-01,BKG_VG250_2026_01_01
07141097,Niederwallmenach,07,07141,1,true,true,2026-01-01,BKG_VG250_2026_01_01
07141098,Nievern,07,07141,1,true,true,2026-01-01,BKG_VG250_2026_01_01
07141099,Nochern,07,07141,1,true,true,2026-01-01,BKG_VG250_2026_01_01
07141100,Oberbachheim,07,07141,1,true,true,2026-01-01,BKG_VG250_2026_01_01
07141101,Oberfischbach,07,07141,1,true,true,2026-01-01,BKG_VG250_2026_01_01
07141102,Oberneisen,07,07141,1,true,true,2026-01-01,BKG_VG250_2026_01_01
07141103,Obernhof,07,07141,1,true,true,2026-01-01,BKG_VG250_2026_01_01
07141104,Obertiefenbach,07,07141,1,true,true,2026-01-01,BKG_VG250_2026_01_01
07141105,Oberwallmenach,07,07141,1,true,true,2026-01-01,BKG_VG250_2026_01_01
07141106,Oberwies,07,07141,1,true,true,2026-01-01,BKG_VG250_2026_01_01
07141107,Oelsberg,07,07141,1,true,true,2026-01-01,BKG_VG250_2026_01_01
07141108,Osterspai,07,07141,1,true,true,2026-01-01,BKG_VG250_2026_01_01
07141109,Patersberg,07,07141,1,true,true,2026-01-01,BKG_VG250_2026_01_01
07141110,Hainau,07,07141,1,true,true,2026-01-01,BKG_VG250_2026_01_01
07141111,Pohl,07,07141,1,true,true,2026-01-01,BKG_VG250_2026_01_01
07141112,Prath,07,07141,1,true,true,2026-01-01,BKG_VG250_2026_01_01
07141113,Reckenroth,07,07141,1,true,true,2026-01-01,BKG_VG250_2026_01_01
07141114,Reichenberg,07,07141,1,true,true,2026-01-01,BKG_VG250_2026_01_01
07141115,Reitzenhain,07,07141,1,true,true,2026-01-01,BKG_VG250_2026_01_01
07141116,Rettershain,07,07141,1,true,true,2026-01-01,BKG_VG250_2026_01_01
07141117,Rettert,07,07141,1,true,true,2026-01-01,BKG_VG250_2026_01_01
07141118,Roth,07,07141,1,true,true,2026-01-01,BKG_VG250_2026_01_01
07141120,Ruppertshofen,07,07141,1,true,true,2026-01-01,BKG_VG250_2026_01_01
07141121,Sankt Goarshausen,07,07141,1,true,true,2026-01-01,BKG_VG250_2026_01_01
07141122,Sauerthal,07,07141,1,true,true,2026-01-01,BKG_VG250_2026_01_01
07141124,Scheidt,07,07141,1,true,true,2026-01-01,BKG_VG250_2026_01_01
07141125,Schiesheim,07,07141,1,true,true,2026-01-01,BKG_VG250_2026_01_01
07141126,Schönborn,07,07141,1,true,true,2026-01-01,BKG_VG250_2026_01_01
07141127,Schweighausen,07,07141,1,true,true,2026-01-01,BKG_VG250_2026_01_01
07141128,Seelbach,07,07141,1,true,true,2026-01-01,BKG_VG250_2026_01_01
07141129,Singhofen,07,07141,1,true,true,2026-01-01,BKG_VG250_2026_01_01
07141130,Steinsberg,07,07141,1,true,true,2026-01-01,BKG_VG250_2026_01_01
07141131,Strüth,07,07141,1,true,true,2026-01-01,BKG_VG250_2026_01_01
07141132,Sulzbach,07,07141,1,true,true,2026-01-01,BKG_VG250_2026_01_01
07141133,Wasenbach,07,07141,1,true,true,2026-01-01,BKG_VG250_2026_01_01
07141134,Weidenbach,07,07141,1,true,true,2026-01-01,BKG_VG250_2026_01_01
07141135,Weinähr,07,07141,1,true,true,2026-01-01,BKG_VG250_2026_01_01
07141136,Weisel,07,07141,1,true,true,2026-01-01,BKG_VG250_2026_01_01
07141137,Welterod,07,07141,1,true,true,2026-01-01,BKG_VG250_2026_01_01
07141138,Weyer,07,07141,1,true,true,2026-01-01,BKG_VG250_2026_01_01
07141139,Winden,07,07141,1,true,true,2026-01-01,BKG_VG250_2026_01_01
07141140,Winterwerb,07,07141,1,true,true,2026-01-01,BKG_VG250_2026_01_01
07141141,Zimmerschied,07,07141,1,true,true,2026-01-01,BKG_VG250_2026_01_01
07141201,Arzbach,07,07141,1,true,true,2026-01-01,BKG_VG250_2026_01_01
07141501,Braubach,07,07141,1,true,true,2026-01-01,BKG_VG250_2026_01_01
07141502,Diethardt,07,07141,1,true,true,2026-01-01,BKG_VG250_2026_01_01
07141503,Balduinstein,07,07141,1,true,true,2026-01-01,BKG_VG250_2026_01_01
07143001,Alsbach,07,07143,1,true,true,2026-01-01,BKG_VG250_2026_01_01
07143003,Bannberscheid,07,07143,1,true,true,2026-01-01,BKG_VG250_2026_01_01
07143005,Boden,07,07143,1,true,true,2026-01-01,BKG_VG250_2026_01_01
07143006,Breitenau,07,07143,1,true,true,2026-01-01,BKG_VG250_2026_01_01
07143007,Caan,07,07143,1,true,true,2026-01-01,BKG_VG250_2026_01_01
07143008,Daubach,07,07143,1,true,true,2026-01-01,BKG_VG250_2026_01_01
07143009,Deesen,07,07143,1,true,true,2026-01-01,BKG_VG250_2026_01_01
07143010,Dernbach (Westerwald),07,07143,1,true,true,2026-01-01,BKG_VG250_2026_01_01
07143011,Dreikirchen,07,07143,1,true,true,2026-01-01,BKG_VG250_2026_01_01
07143012,Ebernhahn,07,07143,1,true,true,2026-01-01,BKG_VG250_2026_01_01
07143013,Eitelborn,07,07143,1,true,true,2026-01-01,BKG_VG250_2026_01_01
07143015,Ellenhausen,07,07143,1,true,true,2026-01-01,BKG_VG250_2026_01_01
07143018,Freilingen,07,07143,1,true,true,2026-01-01,BKG_VG250_2026_01_01
07143019,Freirachdorf,07,07143,1,true,true,2026-01-01,BKG_VG250_2026_01_01
07143020,Gackenbach,07,07143,1,true,true,2026-01-01,BKG_VG250_2026_01_01
07143021,Girod,07,07143,1,true,true,2026-01-01,BKG_VG250_2026_01_01
07143022,Goddert,07,07143,1,true,true,2026-01-01,BKG_VG250_2026_01_01
07143023,Görgeshausen,07,07143,1,true,true,2026-01-01,BKG_VG250_2026_01_01
07143024,Großholbach,07,07143,1,true,true,2026-01-01,BKG_VG250_2026_01_01
07143025,Hartenfels,07,07143,1,true,true,2026-01-01,BKG_VG250_2026_01_01
07143026,Heilberscheid,07,07143,1,true,true,2026-01-01,BKG_VG250_2026_01_01
07143027,Heiligenroth,07,07143,1,true,true,2026-01-01,BKG_VG250_2026_01_01
07143028,Helferskirchen,07,07143,1,true,true,2026-01-01,BKG_VG250_2026_01_01
07143029,Herschbach,07,07143,1,true,true,2026-01-01,BKG_VG250_2026_01_01
07143030,Hilgert,07,07143,1,true,true,2026-01-01,BKG_VG250_2026_01_01
07143031,Hillscheid,07,07143,1,true,true,2026-01-01,BKG_VG250_2026_01_01
07143032,Höhr-Grenzhausen,07,07143,1,true,true,2026-01-01,BKG_VG250_2026_01_01
07143033,Holler,07,07143,1,true,true,2026-01-01,BKG_VG250_2026_01_01
07143034,Horbach,07,07143,1,true,true,2026-01-01,BKG_VG250_2026_01_01
07143036,Hübingen,07,07143,1,true,true,2026-01-01,BKG_VG250_2026_01_01
07143037,Hundsangen,07,07143,1,true,true,2026-01-01,BKG_VG250_2026_01_01
07143038,Hundsdorf,07,07143,1,true,true,2026-01-01,BKG_VG250_2026_01_01
07143039,Kadenbach,07,07143,1,true,true,2026-01-01,BKG_VG250_2026_01_01
07143040,Kammerforst,07,07143,1,true,true,2026-01-01,BKG_VG250_2026_01_01
07143041,Krümmel,07,07143,1,true,true,2026-01-01,BKG_VG250_2026_01_01
07143042,Leuterod,07,07143,1,true,true,2026-01-01,BKG_VG250_2026_01_01
07143044,Marienrachdorf,07,07143,1,true,true,2026-01-01,BKG_VG250_2026_01_01
07143045,Maroth,07,07143,1,true,true,2026-01-01,BKG_VG250_2026_01_01
07143046,Maxsain,07,07143,1,true,true,2026-01-01,BKG_VG250_2026_01_01
07143047,Mogendorf,07,07143,1,true,true,2026-01-01,BKG_VG250_2026_01_01
07143048,Montabaur,07,07143,1,true,true,2026-01-01,BKG_VG250_2026_01_01
07143049,Moschheim,07,07143,1,true,true,2026-01-01,BKG_VG250_2026_01_01
07143050,Nauort,07,07143,1,true,true,2026-01-01,BKG_VG250_2026_01_01
07143051,Nentershausen,07,07143,1,true,true,2026-01-01,BKG_VG250_2026_01_01
07143052,Neuhäusel,07,07143,1,true,true,2026-01-01,BKG_VG250_2026_01_01
07143053,Niederelbert,07,07143,1,true,true,2026-01-01,BKG_VG250_2026_01_01
07143054,Niedererbach,07,07143,1,true,true,2026-01-01,BKG_VG250_2026_01_01
07143055,Nomborn,07,07143,1,true,true,2026-01-01,BKG_VG250_2026_01_01
07143056,Nordhofen,07,07143,1,true,true,2026-01-01,BKG_VG250_2026_01_01
07143057,Oberelbert,07,07143,1,true,true,2026-01-01,BKG_VG250_2026_01_01
07143058,Obererbach,07,07143,1,true,true,2026-01-01,BKG_VG250_2026_01_01
07143059,Oberhaid,07,07143,1,true,true,2026-01-01,BKG_VG250_2026_01_01
07143060,Ötzingen,07,07143,1,true,true,2026-01-01,BKG_VG250_2026_01_01
07143061,Quirnbach,07,07143,1,true,true,2026-01-01,BKG_VG250_2026_01_01
07143062,Ransbach-Baumbach,07,07143,1,true,true,2026-01-01,BKG_VG250_2026_01_01
07143064,Rückeroth,07,07143,1,true,true,2026-01-01,BKG_VG250_2026_01_01
07143065,Ruppach-Goldhausen,07,07143,1,true,true,2026-01-01,BKG_VG250_2026_01_01
07143066,Schenkelberg,07,07143,1,true,true,2026-01-01,BKG_VG250_2026_01_01
07143067,Selters (Westerwald),07,07143,1,true,true,2026-01-01,BKG_VG250_2026_01_01
07143068,Sessenbach,07,07143,1,true,true,2026-01-01,BKG_VG250_2026_01_01
07143069,Sessenhausen,07,07143,1,true,true,2026-01-01,BKG_VG250_2026_01_01
07143070,Siershahn,07,07143,1,true,true,2026-01-01,BKG_VG250_2026_01_01
07143071,Simmern,07,07143,1,true,true,2026-01-01,BKG_VG250_2026_01_01
07143072,Stahlhofen,07,07143,1,true,true,2026-01-01,BKG_VG250_2026_01_01
07143073,Staudt,07,07143,1,true,true,2026-01-01,BKG_VG250_2026_01_01
07143074,Steinefrenz,07,07143,1,true,true,2026-01-01,BKG_VG250_2026_01_01
07143075,Steinen,07,07143,1,true,true,2026-01-01,BKG_VG250_2026_01_01
07143077,Untershausen,07,07143,1,true,true,2026-01-01,BKG_VG250_2026_01_01
07143078,Vielbach,07,07143,1,true,true,2026-01-01,BKG_VG250_2026_01_01
07143079,Welschneudorf,07,07143,1,true,true,2026-01-01,BKG_VG250_2026_01_01
07143080,Weroth,07,07143,1,true,true,2026-01-01,BKG_VG250_2026_01_01
07143081,Wirges,07,07143,1,true,true,2026-01-01,BKG_VG250_2026_01_01
07143082,Wirscheid,07,07143,1,true,true,2026-01-01,BKG_VG250_2026_01_01
07143084,Wittgert,07,07143,1,true,true,2026-01-01,BKG_VG250_2026_01_01
07143085,Wölferlingen,07,07143,1,true,true,2026-01-01,BKG_VG250_2026_01_01
07143200,Ailertchen,07,07143,1,true,true,2026-01-01,BKG_VG250_2026_01_01
07143202,Alpenrod,07,07143,1,true,true,2026-01-01,BKG_VG250_2026_01_01
07143203,Arnshöfen,07,07143,1,true,true,2026-01-01,BKG_VG250_2026_01_01
07143204,Astert,07,07143,1,true,true,2026-01-01,BKG_VG250_2026_01_01
07143205,Atzelgift,07,07143,1,true,true,2026-01-01,BKG_VG250_2026_01_01
07143206,Bad Marienberg (Westerwald),07,07143,1,true,true,2026-01-01,BKG_VG250_2026_01_01
07143207,Bellingen,07,07143,1,true,true,2026-01-01,BKG_VG250_2026_01_01
07143208,Berod bei Wallmerod,07,07143,1,true,true,2026-01-01,BKG_VG250_2026_01_01
07143209,Berzhahn,07,07143,1,true,true,2026-01-01,BKG_VG250_2026_01_01
07143210,Bilkheim,07,07143,1,true,true,2026-01-01,BKG_VG250_2026_01_01
07143211,Bölsberg,07,07143,1,true,true,2026-01-01,BKG_VG250_2026_01_01
07143212,Borod,07,07143,1,true,true,2026-01-01,BKG_VG250_2026_01_01
07143213,Brandscheid,07,07143,1,true,true,2026-01-01,BKG_VG250_2026_01_01
07143214,Bretthausen,07,07143,1,true,true,2026-01-01,BKG_VG250_2026_01_01
07143215,Dreifelden,07,07143,1,true,true,2026-01-01,BKG_VG250_2026_01_01
07143216,Dreisbach,07,07143,1,true,true,2026-01-01,BKG_VG250_2026_01_01
07143218,Elsoff (Westerwald),07,07143,1,true,true,2026-01-01,BKG_VG250_2026_01_01
07143219,Enspel,07,07143,1,true,true,2026-01-01,BKG_VG250_2026_01_01
07143220,Ettinghausen,07,07143,1,true,true,2026-01-01,BKG_VG250_2026_01_01
07143221,Ewighausen,07,07143,1,true,true,2026-01-01,BKG_VG250_2026_01_01
07143222,Fehl-Ritzhausen,07,07143,1,true,true,2026-01-01,BKG_VG250_2026_01_01
07143223,Gehlert,07,07143,1,true,true,2026-01-01,BKG_VG250_2026_01_01
07143224,Gemünden,07,07143,1,true,true,2026-01-01,BKG_VG250_2026_01_01
07143225,Giesenhausen,07,07143,1,true,true,2026-01-01,BKG_VG250_2026_01_01
07143226,Girkenroth,07,07143,1,true,true,2026-01-01,BKG_VG250_2026_01_01
07143227,Großseifen,07,07143,1,true,true,2026-01-01,BKG_VG250_2026_01_01
07143228,Guckheim,07,07143,1,true,true,2026-01-01,BKG_VG250_2026_01_01
07143229,Hachenburg,07,07143,1,true,true,2026-01-01,BKG_VG250_2026_01_01
07143230,Härtlingen,07,07143,1,true,true,2026-01-01,BKG_VG250_2026_01_01
07143231,Hahn bei Marienberg,07,07143,1,true,true,2026-01-01,BKG_VG250_2026_01_01
07143232,Hahn am See,07,07143,1,true,true,2026-01-01,BKG_VG250_2026_01_01
07143233,Halbs,07,07143,1,true,true,2026-01-01,BKG_VG250_2026_01_01
07143234,Hardt,07,07143,1,true,true,2026-01-01,BKG_VG250_2026_01_01
07143235,Hattert,07,07143,1,true,true,2026-01-01,BKG_VG250_2026_01_01
07143236,Heimborn,07,07143,1,true,true,2026-01-01,BKG_VG250_2026_01_01
07143237,Hellenhahn-Schellenberg,07,07143,1,true,true,2026-01-01,BKG_VG250_2026_01_01
07143238,Hergenroth,07,07143,1,true,true,2026-01-01,BKG_VG250_2026_01_01
07143239,Herschbach (Oberwesterwald),07,07143,1,true,true,2026-01-01,BKG_VG250_2026_01_01
07143240,Heuzert,07,07143,1,true,true,2026-01-01,BKG_VG250_2026_01_01
07143241,Höchstenbach,07,07143,1,true,true,2026-01-01,BKG_VG250_2026_01_01
07143242,Höhn,07,07143,1,true,true,2026-01-01,BKG_VG250_2026_01_01
07143243,Hof,07,07143,1,true,true,2026-01-01,BKG_VG250_2026_01_01
07143244,Homberg,07,07143,1,true,true,2026-01-01,BKG_VG250_2026_01_01
07143245,Hüblingen,07,07143,1,true,true,2026-01-01,BKG_VG250_2026_01_01
07143246,Irmtraut,07,07143,1,true,true,2026-01-01,BKG_VG250_2026_01_01
07143247,Kaden,07,07143,1,true,true,2026-01-01,BKG_VG250_2026_01_01
07143248,Kirburg,07,07143,1,true,true,2026-01-01,BKG_VG250_2026_01_01
07143249,Kölbingen,07,07143,1,true,true,2026-01-01,BKG_VG250_2026_01_01
07143250,Kroppach,07,07143,1,true,true,2026-01-01,BKG_VG250_2026_01_01
07143251,Kuhnhöfen,07,07143,1,true,true,2026-01-01,BKG_VG250_2026_01_01
07143252,Kundert,07,07143,1,true,true,2026-01-01,BKG_VG250_2026_01_01
07143253,Langenbach bei Kirburg,07,07143,1,true,true,2026-01-01,BKG_VG250_2026_01_01
07143254,Langenhahn,07,07143,1,true,true,2026-01-01,BKG_VG250_2026_01_01
07143255,Lautzenbrücken,07,07143,1,true,true,2026-01-01,BKG_VG250_2026_01_01
07143256,Liebenscheid,07,07143,1,true,true,2026-01-01,BKG_VG250_2026_01_01
07143257,Limbach,07,07143,1,true,true,2026-01-01,BKG_VG250_2026_01_01
07143258,Linden,07,07143,1,true,true,2026-01-01,BKG_VG250_2026_01_01
07143259,Lochum,07,07143,1,true,true,2026-01-01,BKG_VG250_2026_01_01
07143260,Luckenbach,07,07143,1,true,true,2026-01-01,BKG_VG250_2026_01_01
07143261,Marzhausen,07,07143,1,true,true,2026-01-01,BKG_VG250_2026_01_01
07143262,Merkelbach,07,07143,1,true,true,2026-01-01,BKG_VG250_2026_01_01
07143263,Meudt,07,07143,1,true,true,2026-01-01,BKG_VG250_2026_01_01
07143264,Mörlen,07,07143,1,true,true,2026-01-01,BKG_VG250_2026_01_01
07143265,Mörsbach,07,07143,1,true,true,2026-01-01,BKG_VG250_2026_01_01
07143266,Molsberg,07,07143,1,true,true,2026-01-01,BKG_VG250_2026_01_01
07143267,Mudenbach,07,07143,1,true,true,2026-01-01,BKG_VG250_2026_01_01
07143268,Mündersbach,07,07143,1,true,true,2026-01-01,BKG_VG250_2026_01_01
07143269,Müschenbach,07,07143,1,true,true,2026-01-01,BKG_VG250_2026_01_01
07143270,Neunkhausen,07,07143,1,true,true,2026-01-01,BKG_VG250_2026_01_01
07143271,Neunkirchen,07,07143,1,true,true,2026-01-01,BKG_VG250_2026_01_01
07143272,Neustadt/Westerwald,07,07143,1,true,true,2026-01-01,BKG_VG250_2026_01_01
07143273,Niederahr,07,07143,1,true,true,2026-01-01,BKG_VG250_2026_01_01
07143274,Niederroßbach,07,07143,1,true,true,2026-01-01,BKG_VG250_2026_01_01
07143275,Niedersayn,07,07143,1,true,true,2026-01-01,BKG_VG250_2026_01_01
07143276,Nister,07,07143,1,true,true,2026-01-01,BKG_VG250_2026_01_01
07143277,Nisterau,07,07143,1,true,true,2026-01-01,BKG_VG250_2026_01_01
07143278,Nister-Möhrendorf,07,07143,1,true,true,2026-01-01,BKG_VG250_2026_01_01
07143279,Nistertal,07,07143,1,true,true,2026-01-01,BKG_VG250_2026_01_01
07143280,Norken,07,07143,1,true,true,2026-01-01,BKG_VG250_2026_01_01
07143281,Oberahr,07,07143,1,true,true,2026-01-01,BKG_VG250_2026_01_01
07143282,Oberrod,07,07143,1,true,true,2026-01-01,BKG_VG250_2026_01_01
07143283,Oberroßbach,07,07143,1,true,true,2026-01-01,BKG_VG250_2026_01_01
07143284,Pottum,07,07143,1,true,true,2026-01-01,BKG_VG250_2026_01_01
07143285,Rehe,07,07143,1,true,true,2026-01-01,BKG_VG250_2026_01_01
07143286,Rennerod,07,07143,1,true,true,2026-01-01,BKG_VG250_2026_01_01
07143287,Roßbach,07,07143,1,true,true,2026-01-01,BKG_VG250_2026_01_01
07143288,Rotenhain,07,07143,1,true,true,2026-01-01,BKG_VG250_2026_01_01
07143289,Rothenbach,07,07143,1,true,true,2026-01-01,BKG_VG250_2026_01_01
07143290,Salz,07,07143,1,true,true,2026-01-01,BKG_VG250_2026_01_01
07143291,Salzburg,07,07143,1,true,true,2026-01-01,BKG_VG250_2026_01_01
07143292,Seck,07,07143,1,true,true,2026-01-01,BKG_VG250_2026_01_01
07143293,Stahlhofen am Wiesensee,07,07143,1,true,true,2026-01-01,BKG_VG250_2026_01_01
07143294,Steinebach an der Wied,07,07143,1,true,true,2026-01-01,BKG_VG250_2026_01_01
07143295,Stein-Neukirch,07,07143,1,true,true,2026-01-01,BKG_VG250_2026_01_01
07143296,Stein-Wingert,07,07143,1,true,true,2026-01-01,BKG_VG250_2026_01_01
07143297,Stockhausen-Illfurth,07,07143,1,true,true,2026-01-01,BKG_VG250_2026_01_01
07143298,Stockum-Püschen,07,07143,1,true,true,2026-01-01,BKG_VG250_2026_01_01
07143299,Streithausen,07,07143,1,true,true,2026-01-01,BKG_VG250_2026_01_01
07143300,Unnau,07,07143,1,true,true,2026-01-01,BKG_VG250_2026_01_01
07143301,Wahlrod,07,07143,1,true,true,2026-01-01,BKG_VG250_2026_01_01
07143302,Waigandshain,07,07143,1,true,true,2026-01-01,BKG_VG250_2026_01_01
07143303,Waldmühlen,07,07143,1,true,true,2026-01-01,BKG_VG250_2026_01_01
07143304,Wallmerod,07,07143,1,true,true,2026-01-01,BKG_VG250_2026_01_01
07143305,Weidenhahn,07,07143,1,true,true,2026-01-01,BKG_VG250_2026_01_01
07143306,Welkenbach,07,07143,1,true,true,2026-01-01,BKG_VG250_2026_01_01
07143307,Weltersburg,07,07143,1,true,true,2026-01-01,BKG_VG250_2026_01_01
07143308,Westerburg,07,07143,1,true,true,2026-01-01,BKG_VG250_2026_01_01
07143309,Westernohe,07,07143,1,true,true,2026-01-01,BKG_VG250_2026_01_01
07143310,Wied,07,07143,1,true,true,2026-01-01,BKG_VG250_2026_01_01
07143311,Willingen,07,07143,1,true,true,2026-01-01,BKG_VG250_2026_01_01
07143312,Willmenrod,07,07143,1,true,true,2026-01-01,BKG_VG250_2026_01_01
07143313,Winkelbach,07,07143,1,true,true,2026-01-01,BKG_VG250_2026_01_01
07143314,Winnen,07,07143,1,true,true,2026-01-01,BKG_VG250_2026_01_01
07143315,Zehnhausen bei Rennerod,07,07143,1,true,true,2026-01-01,BKG_VG250_2026_01_01
07143316,Zehnhausen bei Wallmerod,07,07143,1,true,true,2026-01-01,BKG_VG250_2026_01_01
07143501,Elbingen,07,07143,1,true,true,2026-01-01,BKG_VG250_2026_01_01
07143502,Mähren,07,07143,1,true,true,2026-01-01,BKG_VG250_2026_01_01
07211000,Trier,07,07211,1,true,true,2026-01-01,BKG_VG250_2026_01_01
07231001,Altrich,07,07231,1,true,true,2026-01-01,BKG_VG250_2026_01_01
07231003,Arenrath,07,07231,1,true,true,2026-01-01,BKG_VG250_2026_01_01
07231004,Bausendorf,07,07231,1,true,true,2026-01-01,BKG_VG250_2026_01_01
07231005,Bengel,07,07231,1,true,true,2026-01-01,BKG_VG250_2026_01_01
07231006,Berglicht,07,07231,1,true,true,2026-01-01,BKG_VG250_2026_01_01
07231007,Bergweiler,07,07231,1,true,true,2026-01-01,BKG_VG250_2026_01_01
07231008,Bernkastel-Kues,07,07231,1,true,true,2026-01-01,BKG_VG250_2026_01_01
07231009,Bettenfeld,07,07231,1,true,true,2026-01-01,BKG_VG250_2026_01_01
07231010,Binsfeld,07,07231,1,true,true,2026-01-01,BKG_VG250_2026_01_01
07231012,Brauneberg,07,07231,1,true,true,2026-01-01,BKG_VG250_2026_01_01
07231013,Bruch,07,07231,1,true,true,2026-01-01,BKG_VG250_2026_01_01
07231014,Burg (Mosel),07,07231,1,true,true,2026-01-01,BKG_VG250_2026_01_01
07231016,Burgen,07,07231,1,true,true,2026-01-01,BKG_VG250_2026_01_01
07231017,Burtscheid,07,07231,1,true,true,2026-01-01,BKG_VG250_2026_01_01
07231018,Deuselbach,07,07231,1,true,true,2026-01-01,BKG_VG250_2026_01_01
07231019,Dhronecken,07,07231,1,true,true,2026-01-01,BKG_VG250_2026_01_01
07231020,Diefenbach,07,07231,1,true,true,2026-01-01,BKG_VG250_2026_01_01
07231021,Dierfeld,07,07231,1,true,true,2026-01-01,BKG_VG250_2026_01_01
07231022,Dierscheid,07,07231,1,true,true,2026-01-01,BKG_VG250_2026_01_01
07231023,Dodenburg,07,07231,1,true,true,2026-01-01,BKG_VG250_2026_01_01
07231024,Dreis,07,07231,1,true,true,2026-01-01,BKG_VG250_2026_01_01
07231025,Eckfeld,07,07231,1,true,true,2026-01-01,BKG_VG250_2026_01_01
07231026,Eisenschmitt,07,07231,1,true,true,2026-01-01,BKG_VG250_2026_01_01
07231029,Enkirch,07,07231,1,true,true,2026-01-01,BKG_VG250_2026_01_01
07231030,Erden,07,07231,1,true,true,2026-01-01,BKG_VG250_2026_01_01
07231031,Esch,07,07231,1,true,true,2026-01-01,BKG_VG250_2026_01_01
07231032,Etgert,07,07231,1,true,true,2026-01-01,BKG_VG250_2026_01_01
07231033,Flußbach,07,07231,1,true,true,2026-01-01,BKG_VG250_2026_01_01
07231035,Gielert,07,07231,1,true,true,2026-01-01,BKG_VG250_2026_01_01
07231036,Gipperath,07,07231,1,true,true,2026-01-01,BKG_VG250_2026_01_01
07231037,Gladbach,07,07231,1,true,true,2026-01-01,BKG_VG250_2026_01_01
07231040,Gornhausen,07,07231,1,true,true,2026-01-01,BKG_VG250_2026_01_01
07231041,Graach an der Mosel,07,07231,1,true,true,2026-01-01,BKG_VG250_2026_01_01
07231042,Gräfendhron,07,07231,1,true,true,2026-01-01,BKG_VG250_2026_01_01
07231044,Greimerath,07,07231,1,true,true,2026-01-01,BKG_VG250_2026_01_01
07231046,Großlittgen,07,07231,1,true,true,2026-01-01,BKG_VG250_2026_01_01
07231049,Hasborn,07,07231,1,true,true,2026-01-01,BKG_VG250_2026_01_01
07231050,Heckenmünster,07,07231,1,true,true,2026-01-01,BKG_VG250_2026_01_01
07231051,Heidweiler,07,07231,1,true,true,2026-01-01,BKG_VG250_2026_01_01
07231053,Hetzerath,07,07231,1,true,true,2026-01-01,BKG_VG250_2026_01_01
07231054,Hilscheid,07,07231,1,true,true,2026-01-01,BKG_VG250_2026_01_01
07231056,Hochscheid,07,07231,1,true,true,2026-01-01,BKG_VG250_2026_01_01
07231057,Hontheim,07,07231,1,true,true,2026-01-01,BKG_VG250_2026_01_01
07231058,Horath,07,07231,1,true,true,2026-01-01,BKG_VG250_2026_01_01
07231062,Hupperath,07,07231,1,true,true,2026-01-01,BKG_VG250_2026_01_01
07231064,Immert,07,07231,1,true,true,2026-01-01,BKG_VG250_2026_01_01
07231065,Karl,07,07231,1,true,true,2026-01-01,BKG_VG250_2026_01_01
07231066,Kesten,07,07231,1,true,true,2026-01-01,BKG_VG250_2026_01_01
07231067,Kinderbeuern,07,07231,1,true,true,2026-01-01,BKG_VG250_2026_01_01
07231068,Kinheim,07,07231,1,true,true,2026-01-01,BKG_VG250_2026_01_01
07231069,Klausen,07,07231,1,true,true,2026-01-01,BKG_VG250_2026_01_01
07231070,Kleinich,07,07231,1,true,true,2026-01-01,BKG_VG250_2026_01_01
07231071,Kommen,07,07231,1,true,true,2026-01-01,BKG_VG250_2026_01_01
07231072,Kröv,07,07231,1,true,true,2026-01-01,BKG_VG250_2026_01_01
07231074,Laufeld,07,07231,1,true,true,2026-01-01,BKG_VG250_2026_01_01
07231075,Lieser,07,07231,1,true,true,2026-01-01,BKG_VG250_2026_01_01
07231076,Lösnich,07,07231,1,true,true,2026-01-01,BKG_VG250_2026_01_01
07231077,Longkamp,07,07231,1,true,true,2026-01-01,BKG_VG250_2026_01_01
07231078,Lückenburg,07,07231,1,true,true,2026-01-01,BKG_VG250_2026_01_01
07231079,Malborn,07,07231,1,true,true,2026-01-01,BKG_VG250_2026_01_01
07231080,Manderscheid,07,07231,1,true,true,2026-01-01,BKG_VG250_2026_01_01
07231081,Maring-Noviand,07,07231,1,true,true,2026-01-01,BKG_VG250_2026_01_01
07231082,Meerfeld,07,07231,1,true,true,2026-01-01,BKG_VG250_2026_01_01
07231083,Merschbach,07,07231,1,true,true,2026-01-01,BKG_VG250_2026_01_01
07231085,Minderlittgen,07,07231,1,true,true,2026-01-01,BKG_VG250_2026_01_01
07231086,Minheim,07,07231,1,true,true,2026-01-01,BKG_VG250_2026_01_01
07231087,Monzelfeld,07,07231,1,true,true,2026-01-01,BKG_VG250_2026_01_01
07231090,Mülheim an der Mosel,07,07231,1,true,true,2026-01-01,BKG_VG250_2026_01_01
07231091,Musweiler,07,07231,1,true,true,2026-01-01,BKG_VG250_2026_01_01
07231092,Neumagen-Dhron,07,07231,1,true,true,2026-01-01,BKG_VG250_2026_01_01
07231093,Neunkirchen,07,07231,1,true,true,2026-01-01,BKG_VG250_2026_01_01
07231095,Niederöfflingen,07,07231,1,true,true,2026-01-01,BKG_VG250_2026_01_01
07231096,Niederscheidweiler,07,07231,1,true,true,2026-01-01,BKG_VG250_2026_01_01
07231100,Oberöfflingen,07,07231,1,true,true,2026-01-01,BKG_VG250_2026_01_01
07231101,Oberscheidweiler,07,07231,1,true,true,2026-01-01,BKG_VG250_2026_01_01
07231103,Osann-Monzel,07,07231,1,true,true,2026-01-01,BKG_VG250_2026_01_01
07231104,Pantenburg,07,07231,1,true,true,2026-01-01,BKG_VG250_2026_01_01
07231105,Piesport,07,07231,1,true,true,2026-01-01,BKG_VG250_2026_01_01
07231107,Platten,07,07231,1,true,true,2026-01-01,BKG_VG250_2026_01_01
07231108,Plein,07,07231,1,true,true,2026-01-01,BKG_VG250_2026_01_01
07231110,Reil,07,07231,1,true,true,2026-01-01,BKG_VG250_2026_01_01
07231111,Rivenich,07,07231,1,true,true,2026-01-01,BKG_VG250_2026_01_01
07231112,Rorodt,07,07231,1,true,true,2026-01-01,BKG_VG250_2026_01_01
07231113,Salmtal,07,07231,1,true,true,2026-01-01,BKG_VG250_2026_01_01
07231114,Schladt,07,07231,1,true,true,2026-01-01,BKG_VG250_2026_01_01
07231115,Schönberg,07,07231,1,true,true,2026-01-01,BKG_VG250_2026_01_01
07231116,Schwarzenborn,07,07231,1,true,true,2026-01-01,BKG_VG250_2026_01_01
07231117,Sehlem,07,07231,1,true,true,2026-01-01,BKG_VG250_2026_01_01
07231120,Starkenburg,07,07231,1,true,true,2026-01-01,BKG_VG250_2026_01_01
07231122,Talling,07,07231,1,true,true,2026-01-01,BKG_VG250_2026_01_01
07231123,Thalfang,07,07231,1,true,true,2026-01-01,BKG_VG250_2026_01_01
07231124,Traben-Trarbach,07,07231,1,true,true,2026-01-01,BKG_VG250_2026_01_01
07231125,Ürzig,07,07231,1,true,true,2026-01-01,BKG_VG250_2026_01_01
07231126,Veldenz,07,07231,1,true,true,2026-01-01,BKG_VG250_2026_01_01
07231127,Wallscheid,07,07231,1,true,true,2026-01-01,BKG_VG250_2026_01_01
07231132,Willwerscheid,07,07231,1,true,true,2026-01-01,BKG_VG250_2026_01_01
07231133,Wintrich,07,07231,1,true,true,2026-01-01,BKG_VG250_2026_01_01
07231134,Wittlich,07,07231,1,true,true,2026-01-01,BKG_VG250_2026_01_01
07231136,Zeltingen-Rachtig,07,07231,1,true,true,2026-01-01,BKG_VG250_2026_01_01
07231202,Breit,07,07231,1,true,true,2026-01-01,BKG_VG250_2026_01_01
07231203,Büdlich,07,07231,1,true,true,2026-01-01,BKG_VG250_2026_01_01
07231204,Heidenburg,07,07231,1,true,true,2026-01-01,BKG_VG250_2026_01_01
07231206,Lötzbeuren,07,07231,1,true,true,2026-01-01,BKG_VG250_2026_01_01
07231501,Irmenach,07,07231,1,true,true,2026-01-01,BKG_VG250_2026_01_01
07231502,Morbach,07,07231,1,true,true,2026-01-01,BKG_VG250_2026_01_01
07231503,Landscheid,07,07231,1,true,true,2026-01-01,BKG_VG250_2026_01_01
07231504,Niersbach,07,07231,1,true,true,2026-01-01,BKG_VG250_2026_01_01
07232001,Affler,07,07232,1,true,true,2026-01-01,BKG_VG250_2026_01_01
07232002,Alsdorf,07,07232,1,true,true,2026-01-01,BKG_VG250_2026_01_01
07232003,Altscheid,07,07232,1,true,true,2026-01-01,BKG_VG250_2026_01_01
07232004,Ammeldingen an der Our,07,07232,1,true,true,2026-01-01,BKG_VG250_2026_01_01
07232005,Ammeldingen bei Neuerburg,07,07232,1,true,true,2026-01-01,BKG_VG250_2026_01_01
07232006,Auw an der Kyll,07,07232,1,true,true,2026-01-01,BKG_VG250_2026_01_01
07232007,Badem,07,07232,1,true,true,2026-01-01,BKG_VG250_2026_01_01
07232008,Bauler,07,07232,1,true,true,2026-01-01,BKG_VG250_2026_01_01
07232009,Baustert,07,07232,1,true,true,2026-01-01,BKG_VG250_2026_01_01
07232010,Beilingen,07,07232,1,true,true,2026-01-01,BKG_VG250_2026_01_01
07232011,Berkoth,07,07232,1,true,true,2026-01-01,BKG_VG250_2026_01_01
07232012,Berscheid,07,07232,1,true,true,2026-01-01,BKG_VG250_2026_01_01
07232013,Bettingen,07,07232,1,true,true,2026-01-01,BKG_VG250_2026_01_01
07232014,Bickendorf,07,07232,1,true,true,2026-01-01,BKG_VG250_2026_01_01
07232015,Biersdorf am See,07,07232,1,true,true,2026-01-01,BKG_VG250_2026_01_01
07232016,Biesdorf,07,07232,1,true,true,2026-01-01,BKG_VG250_2026_01_01
07232017,Birtlingen,07,07232,1,true,true,2026-01-01,BKG_VG250_2026_01_01
07232018,Bitburg,07,07232,1,true,true,2026-01-01,BKG_VG250_2026_01_01
07232019,Bollendorf,07,07232,1,true,true,2026-01-01,BKG_VG250_2026_01_01
07232020,Brecht,07,07232,1,true,true,2026-01-01,BKG_VG250_2026_01_01
07232022,Burg,07,07232,1,true,true,2026-01-01,BKG_VG250_2026_01_01
07232024,Dahlem,07,07232,1,true,true,2026-01-01,BKG_VG250_2026_01_01
07232025,Dauwelshausen,07,07232,1,true,true,2026-01-01,BKG_VG250_2026_01_01
07232026,Dockendorf,07,07232,1,true,true,2026-01-01,BKG_VG250_2026_01_01
07232027,Dudeldorf,07,07232,1,true,true,2026-01-01,BKG_VG250_2026_01_01
07232028,Echternacherbrück,07,07232,1,true,true,2026-01-01,BKG_VG250_2026_01_01
07232029,Echtershausen,07,07232,1,true,true,2026-01-01,BKG_VG250_2026_01_01
07232030,Ehlenz,07,07232,1,true,true,2026-01-01,BKG_VG250_2026_01_01
07232031,Emmelbaum,07,07232,1,true,true,2026-01-01,BKG_VG250_2026_01_01
07232032,Enzen,07,07232,1,true,true,2026-01-01,BKG_VG250_2026_01_01
07232033,Ernzen,07,07232,1,true,true,2026-01-01,BKG_VG250_2026_01_01
07232034,Eßlingen,07,07232,1,true,true,2026-01-01,BKG_VG250_2026_01_01
07232035,Etteldorf,07,07232,1,true,true,2026-01-01,BKG_VG250_2026_01_01
07232036,Feilsdorf,07,07232,1,true,true,2026-01-01,BKG_VG250_2026_01_01
07232037,Ferschweiler,07,07232,1,true,true,2026-01-01,BKG_VG250_2026_01_01
07232038,Fischbach-Oberraden,07,07232,1,true,true,2026-01-01,BKG_VG250_2026_01_01
07232039,Fließem,07,07232,1,true,true,2026-01-01,BKG_VG250_2026_01_01
07232040,Geichlingen,07,07232,1,true,true,2026-01-01,BKG_VG250_2026_01_01
07232041,Gemünd,07,07232,1,true,true,2026-01-01,BKG_VG250_2026_01_01
07232042,Gentingen,07,07232,1,true,true,2026-01-01,BKG_VG250_2026_01_01
07232043,Gindorf,07,07232,1,true,true,2026-01-01,BKG_VG250_2026_01_01
07232044,Gondorf,07,07232,1,true,true,2026-01-01,BKG_VG250_2026_01_01
07232045,Halsdorf,07,07232,1,true,true,2026-01-01,BKG_VG250_2026_01_01
07232046,Hamm,07,07232,1,true,true,2026-01-01,BKG_VG250_2026_01_01
07232047,Heilbach,07,07232,1,true,true,2026-01-01,BKG_VG250_2026_01_01
07232048,Heilenbach,07,07232,1,true,true,2026-01-01,BKG_VG250_2026_01_01
07232049,Herbstmühle,07,07232,1,true,true,2026-01-01,BKG_VG250_2026_01_01
07232050,Herforst,07,07232,1,true,true,2026-01-01,BKG_VG250_2026_01_01
07232053,Holsthum,07,07232,1,true,true,2026-01-01,BKG_VG250_2026_01_01
07232054,Hommerdingen,07,07232,1,true,true,2026-01-01,BKG_VG250_2026_01_01
07232055,Hosten,07,07232,1,true,true,2026-01-01,BKG_VG250_2026_01_01
07232056,Hütten,07,07232,1,true,true,2026-01-01,BKG_VG250_2026_01_01
07232057,Hütterscheid,07,07232,1,true,true,2026-01-01,BKG_VG250_2026_01_01
07232058,Hüttingen an der Kyll,07,07232,1,true,true,2026-01-01,BKG_VG250_2026_01_01
07232059,Hüttingen bei Lahr,07,07232,1,true,true,2026-01-01,BKG_VG250_2026_01_01
07232060,Idenheim,07,07232,1,true,true,2026-01-01,BKG_VG250_2026_01_01
07232061,Idesheim,07,07232,1,true,true,2026-01-01,BKG_VG250_2026_01_01
07232062,Ingendorf,07,07232,1,true,true,2026-01-01,BKG_VG250_2026_01_01
07232063,Irrel,07,07232,1,true,true,2026-01-01,BKG_VG250_2026_01_01
07232064,Karlshausen,07,07232,1,true,true,2026-01-01,BKG_VG250_2026_01_01
07232065,Kaschenbach,07,07232,1,true,true,2026-01-01,BKG_VG250_2026_01_01
07232066,Keppeshausen,07,07232,1,true,true,2026-01-01,BKG_VG250_2026_01_01
07232067,Körperich,07,07232,1,true,true,2026-01-01,BKG_VG250_2026_01_01
07232068,Koxhausen,07,07232,1,true,true,2026-01-01,BKG_VG250_2026_01_01
07232069,Kruchten,07,07232,1,true,true,2026-01-01,BKG_VG250_2026_01_01
07232070,Kyllburg,07,07232,1,true,true,2026-01-01,BKG_VG250_2026_01_01
07232071,Kyllburgweiler,07,07232,1,true,true,2026-01-01,BKG_VG250_2026_01_01
07232072,Lahr,07,07232,1,true,true,2026-01-01,BKG_VG250_2026_01_01
07232073,Leimbach,07,07232,1,true,true,2026-01-01,BKG_VG250_2026_01_01
07232074,Ließem,07,07232,1,true,true,2026-01-01,BKG_VG250_2026_01_01
07232075,Malberg,07,07232,1,true,true,2026-01-01,BKG_VG250_2026_01_01
07232076,Malbergweich,07,07232,1,true,true,2026-01-01,BKG_VG250_2026_01_01
07232077,Meckel,07,07232,1,true,true,2026-01-01,BKG_VG250_2026_01_01
07232078,Menningen,07,07232,1,true,true,2026-01-01,BKG_VG250_2026_01_01
07232079,Messerich,07,07232,1,true,true,2026-01-01,BKG_VG250_2026_01_01
07232080,Mettendorf,07,07232,1,true,true,2026-01-01,BKG_VG250_2026_01_01
07232081,Metterich,07,07232,1,true,true,2026-01-01,BKG_VG250_2026_01_01
07232082,Minden,07,07232,1,true,true,2026-01-01,BKG_VG250_2026_01_01
07232083,Mülbach,07,07232,1,true,true,2026-01-01,BKG_VG250_2026_01_01
07232084,Muxerath,07,07232,1,true,true,2026-01-01,BKG_VG250_2026_01_01
07232085,Nasingen,07,07232,1,true,true,2026-01-01,BKG_VG250_2026_01_01
07232086,Nattenheim,07,07232,1,true,true,2026-01-01,BKG_VG250_2026_01_01
07232087,Neidenbach,07,07232,1,true,true,2026-01-01,BKG_VG250_2026_01_01
07232088,Neuerburg,07,07232,1,true,true,2026-01-01,BKG_VG250_2026_01_01
07232090,Niederraden,07,07232,1,true,true,2026-01-01,BKG_VG250_2026_01_01
07232091,Niederstedem,07,07232,1,true,true,2026-01-01,BKG_VG250_2026_01_01
07232092,Niederweiler,07,07232,1,true,true,2026-01-01,BKG_VG250_2026_01_01
07232093,Niederweis,07,07232,1,true,true,2026-01-01,BKG_VG250_2026_01_01
07232094,Niehl,07,07232,1,true,true,2026-01-01,BKG_VG250_2026_01_01
07232095,Nusbaum,07,07232,1,true,true,2026-01-01,BKG_VG250_2026_01_01
07232097,Oberstedem,07,07232,1,true,true,2026-01-01,BKG_VG250_2026_01_01
07232098,Oberweiler,07,07232,1,true,true,2026-01-01,BKG_VG250_2026_01_01
07232099,Oberweis,07,07232,1,true,true,2026-01-01,BKG_VG250_2026_01_01
07232100,Olsdorf,07,07232,1,true,true,2026-01-01,BKG_VG250_2026_01_01
07232101,Orsfeld,07,07232,1,true,true,2026-01-01,BKG_VG250_2026_01_01
07232102,Utscheid,07,07232,1,true,true,2026-01-01,BKG_VG250_2026_01_01
07232103,Peffingen,07,07232,1,true,true,2026-01-01,BKG_VG250_2026_01_01
07232104,Philippsheim,07,07232,1,true,true,2026-01-01,BKG_VG250_2026_01_01
07232105,Pickließem,07,07232,1,true,true,2026-01-01,BKG_VG250_2026_01_01
07232106,Plascheid,07,07232,1,true,true,2026-01-01,BKG_VG250_2026_01_01
07232107,Preist,07,07232,1,true,true,2026-01-01,BKG_VG250_2026_01_01
07232108,Prümzurlay,07,07232,1,true,true,2026-01-01,BKG_VG250_2026_01_01
07232109,Rittersdorf,07,07232,1,true,true,2026-01-01,BKG_VG250_2026_01_01
07232110,Rodershausen,07,07232,1,true,true,2026-01-01,BKG_VG250_2026_01_01
07232111,Röhl,07,07232,1,true,true,2026-01-01,BKG_VG250_2026_01_01
07232112,Roth an der Our,07,07232,1,true,true,2026-01-01,BKG_VG250_2026_01_01
07232113,Sankt Thomas,07,07232,1,true,true,2026-01-01,BKG_VG250_2026_01_01
07232114,Schankweiler,07,07232,1,true,true,2026-01-01,BKG_VG250_2026_01_01
07232115,Scharfbillig,07,07232,1,true,true,2026-01-01,BKG_VG250_2026_01_01
07232116,Scheitenkorb,07,07232,1,true,true,2026-01-01,BKG_VG250_2026_01_01
07232117,Scheuern,07,07232,1,true,true,2026-01-01,BKG_VG250_2026_01_01
07232118,Schleid,07,07232,1,true,true,2026-01-01,BKG_VG250_2026_01_01
07232119,Seffern,07,07232,1,true,true,2026-01-01,BKG_VG250_2026_01_01
07232120,Sefferweich,07,07232,1,true,true,2026-01-01,BKG_VG250_2026_01_01
07232121,Sevenig bei Neuerburg,07,07232,1,true,true,2026-01-01,BKG_VG250_2026_01_01
07232122,Sinspelt,07,07232,1,true,true,2026-01-01,BKG_VG250_2026_01_01
07232123,Speicher,07,07232,1,true,true,2026-01-01,BKG_VG250_2026_01_01
07232124,Stockem,07,07232,1,true,true,2026-01-01,BKG_VG250_2026_01_01
07232125,Sülm,07,07232,1,true,true,2026-01-01,BKG_VG250_2026_01_01
07232126,Trimport,07,07232,1,true,true,2026-01-01,BKG_VG250_2026_01_01
07232127,Übereisenbach,07,07232,1,true,true,2026-01-01,BKG_VG250_2026_01_01
07232128,Uppershausen,07,07232,1,true,true,2026-01-01,BKG_VG250_2026_01_01
07232129,Usch,07,07232,1,true,true,2026-01-01,BKG_VG250_2026_01_01
07232130,Waldhof-Falkenstein,07,07232,1,true,true,2026-01-01,BKG_VG250_2026_01_01
07232131,Wallendorf,07,07232,1,true,true,2026-01-01,BKG_VG250_2026_01_01
07232132,Weidingen,07,07232,1,true,true,2026-01-01,BKG_VG250_2026_01_01
07232133,Wettlingen,07,07232,1,true,true,2026-01-01,BKG_VG250_2026_01_01
07232134,Wiersdorf,07,07232,1,true,true,2026-01-01,BKG_VG250_2026_01_01
07232135,Wilsecker,07,07232,1,true,true,2026-01-01,BKG_VG250_2026_01_01
07232137,Wolsfeld,07,07232,1,true,true,2026-01-01,BKG_VG250_2026_01_01
07232138,Zweifelscheid,07,07232,1,true,true,2026-01-01,BKG_VG250_2026_01_01
07232201,Arzfeld,07,07232,1,true,true,2026-01-01,BKG_VG250_2026_01_01
07232202,Auw bei Prüm,07,07232,1,true,true,2026-01-01,BKG_VG250_2026_01_01
07232203,Balesfeld,07,07232,1,true,true,2026-01-01,BKG_VG250_2026_01_01
07232206,Bleialf,07,07232,1,true,true,2026-01-01,BKG_VG250_2026_01_01
07232207,Brandscheid,07,07232,1,true,true,2026-01-01,BKG_VG250_2026_01_01
07232208,Buchet,07,07232,1,true,true,2026-01-01,BKG_VG250_2026_01_01
07232209,Büdesheim,07,07232,1,true,true,2026-01-01,BKG_VG250_2026_01_01
07232210,Burbach,07,07232,1,true,true,2026-01-01,BKG_VG250_2026_01_01
07232211,Dackscheid,07,07232,1,true,true,2026-01-01,BKG_VG250_2026_01_01
07232212,Dahnen,07,07232,1,true,true,2026-01-01,BKG_VG250_2026_01_01
07232213,Daleiden,07,07232,1,true,true,2026-01-01,BKG_VG250_2026_01_01
07232214,Dasburg,07,07232,1,true,true,2026-01-01,BKG_VG250_2026_01_01
07232216,Dingdorf,07,07232,1,true,true,2026-01-01,BKG_VG250_2026_01_01
07232217,Eilscheid,07,07232,1,true,true,2026-01-01,BKG_VG250_2026_01_01
07232218,Eisenach,07,07232,1,true,true,2026-01-01,BKG_VG250_2026_01_01
07232220,Eschfeld,07,07232,1,true,true,2026-01-01,BKG_VG250_2026_01_01
07232221,Euscheid,07,07232,1,true,true,2026-01-01,BKG_VG250_2026_01_01
07232222,Feuerscheid,07,07232,1,true,true,2026-01-01,BKG_VG250_2026_01_01
07232223,Fleringen,07,07232,1,true,true,2026-01-01,BKG_VG250_2026_01_01
07232224,Giesdorf,07,07232,1,true,true,2026-01-01,BKG_VG250_2026_01_01
07232225,Gilzem,07,07232,1,true,true,2026-01-01,BKG_VG250_2026_01_01
07232226,Weinsheim,07,07232,1,true,true,2026-01-01,BKG_VG250_2026_01_01
07232227,Gondenbrett,07,07232,1,true,true,2026-01-01,BKG_VG250_2026_01_01
07232228,Gransdorf,07,07232,1,true,true,2026-01-01,BKG_VG250_2026_01_01
07232229,Großkampenberg,07,07232,1,true,true,2026-01-01,BKG_VG250_2026_01_01
07232230,Großlangenfeld,07,07232,1,true,true,2026-01-01,BKG_VG250_2026_01_01
07232231,Habscheid,07,07232,1,true,true,2026-01-01,BKG_VG250_2026_01_01
07232233,Hargarten,07,07232,1,true,true,2026-01-01,BKG_VG250_2026_01_01
07232234,Harspelt,07,07232,1,true,true,2026-01-01,BKG_VG250_2026_01_01
07232236,Heckhuscheid,07,07232,1,true,true,2026-01-01,BKG_VG250_2026_01_01
07232238,Heisdorf,07,07232,1,true,true,2026-01-01,BKG_VG250_2026_01_01
07232240,Herzfeld,07,07232,1,true,true,2026-01-01,BKG_VG250_2026_01_01
07232245,Irrhausen,07,07232,1,true,true,2026-01-01,BKG_VG250_2026_01_01
07232246,Jucken,07,07232,1,true,true,2026-01-01,BKG_VG250_2026_01_01
07232247,Kesfeld,07,07232,1,true,true,2026-01-01,BKG_VG250_2026_01_01
07232248,Kickeshausen,07,07232,1,true,true,2026-01-01,BKG_VG250_2026_01_01
07232249,Kinzenburg,07,07232,1,true,true,2026-01-01,BKG_VG250_2026_01_01
07232250,Kleinlangenfeld,07,07232,1,true,true,2026-01-01,BKG_VG250_2026_01_01
07232253,Krautscheid,07,07232,1,true,true,2026-01-01,BKG_VG250_2026_01_01
07232254,Lambertsberg,07,07232,1,true,true,2026-01-01,BKG_VG250_2026_01_01
07232255,Lascheid,07,07232,1,true,true,2026-01-01,BKG_VG250_2026_01_01
07232256,Lasel,07,07232,1,true,true,2026-01-01,BKG_VG250_2026_01_01
07232258,Lauperath,07,07232,1,true,true,2026-01-01,BKG_VG250_2026_01_01
07232259,Leidenborn,07,07232,1,true,true,2026-01-01,BKG_VG250_2026_01_01
07232260,Lichtenborn,07,07232,1,true,true,2026-01-01,BKG_VG250_2026_01_01
07232261,Lierfeld,07,07232,1,true,true,2026-01-01,BKG_VG250_2026_01_01
07232262,Lünebach,07,07232,1,true,true,2026-01-01,BKG_VG250_2026_01_01
07232263,Lützkampen,07,07232,1,true,true,2026-01-01,BKG_VG250_2026_01_01
07232264,Manderscheid,07,07232,1,true,true,2026-01-01,BKG_VG250_2026_01_01
07232265,Masthorn,07,07232,1,true,true,2026-01-01,BKG_VG250_2026_01_01
07232266,Matzerath,07,07232,1,true,true,2026-01-01,BKG_VG250_2026_01_01
07232267,Mauel,07,07232,1,true,true,2026-01-01,BKG_VG250_2026_01_01
07232270,Merlscheid,07,07232,1,true,true,2026-01-01,BKG_VG250_2026_01_01
07232271,Mützenich,07,07232,1,true,true,2026-01-01,BKG_VG250_2026_01_01
07232272,Neuendorf,07,07232,1,true,true,2026-01-01,BKG_VG250_2026_01_01
07232273,Neuheilenbach,07,07232,1,true,true,2026-01-01,BKG_VG250_2026_01_01
07232276,Niederlauch,07,07232,1,true,true,2026-01-01,BKG_VG250_2026_01_01
07232277,Niederpierscheid,07,07232,1,true,true,2026-01-01,BKG_VG250_2026_01_01
07232279,Nimshuscheid,07,07232,1,true,true,2026-01-01,BKG_VG250_2026_01_01
07232280,Nimsreuland,07,07232,1,true,true,2026-01-01,BKG_VG250_2026_01_01
07232282,Oberkail,07,07232,1,true,true,2026-01-01,BKG_VG250_2026_01_01
07232283,Oberlascheid,07,07232,1,true,true,2026-01-01,BKG_VG250_2026_01_01
07232284,Oberlauch,07,07232,1,true,true,2026-01-01,BKG_VG250_2026_01_01
07232285,Oberpierscheid,07,07232,1,true,true,2026-01-01,BKG_VG250_2026_01_01
07232287,Olmscheid,07,07232,1,true,true,2026-01-01,BKG_VG250_2026_01_01
07232288,Olzheim,07,07232,1,true,true,2026-01-01,BKG_VG250_2026_01_01
07232289,Orenhofen,07,07232,1,true,true,2026-01-01,BKG_VG250_2026_01_01
07232290,Orlenbach,07,07232,1,true,true,2026-01-01,BKG_VG250_2026_01_01
07232291,Pintesfeld,07,07232,1,true,true,2026-01-01,BKG_VG250_2026_01_01
07232292,Pittenbach,07,07232,1,true,true,2026-01-01,BKG_VG250_2026_01_01
07232293,Plütscheid,07,07232,1,true,true,2026-01-01,BKG_VG250_2026_01_01
07232294,Preischeid,07,07232,1,true,true,2026-01-01,BKG_VG250_2026_01_01
07232295,Pronsfeld,07,07232,1,true,true,2026-01-01,BKG_VG250_2026_01_01
07232296,Prüm,07,07232,1,true,true,2026-01-01,BKG_VG250_2026_01_01
07232297,Reiff,07,07232,1,true,true,2026-01-01,BKG_VG250_2026_01_01
07232298,Reipeldingen,07,07232,1,true,true,2026-01-01,BKG_VG250_2026_01_01
07232300,Rommersheim,07,07232,1,true,true,2026-01-01,BKG_VG250_2026_01_01
07232301,Roscheid,07,07232,1,true,true,2026-01-01,BKG_VG250_2026_01_01
07232302,Roth bei Prüm,07,07232,1,true,true,2026-01-01,BKG_VG250_2026_01_01
07232304,Schönecken,07,07232,1,true,true,2026-01-01,BKG_VG250_2026_01_01
07232305,Schwirzheim,07,07232,1,true,true,2026-01-01,BKG_VG250_2026_01_01
07232306,Seinsfeld,07,07232,1,true,true,2026-01-01,BKG_VG250_2026_01_01
07232307,Seiwerath,07,07232,1,true,true,2026-01-01,BKG_VG250_2026_01_01
07232308,Sellerich,07,07232,1,true,true,2026-01-01,BKG_VG250_2026_01_01
07232309,Sengerich,07,07232,1,true,true,2026-01-01,BKG_VG250_2026_01_01
07232310,Sevenig (Our),07,07232,1,true,true,2026-01-01,BKG_VG250_2026_01_01
07232311,Spangdahlem,07,07232,1,true,true,2026-01-01,BKG_VG250_2026_01_01
07232313,Steinborn,07,07232,1,true,true,2026-01-01,BKG_VG250_2026_01_01
07232315,Strickscheid,07,07232,1,true,true,2026-01-01,BKG_VG250_2026_01_01
07232318,Wallersheim,07,07232,1,true,true,2026-01-01,BKG_VG250_2026_01_01
07232320,Watzerath,07,07232,1,true,true,2026-01-01,BKG_VG250_2026_01_01
07232321,Wawern,07,07232,1,true,true,2026-01-01,BKG_VG250_2026_01_01
07232322,Waxweiler,07,07232,1,true,true,2026-01-01,BKG_VG250_2026_01_01
07232327,Winringen,07,07232,1,true,true,2026-01-01,BKG_VG250_2026_01_01
07232328,Winterscheid,07,07232,1,true,true,2026-01-01,BKG_VG250_2026_01_01
07232329,Winterspelt,07,07232,1,true,true,2026-01-01,BKG_VG250_2026_01_01
07232331,Zendscheid,07,07232,1,true,true,2026-01-01,BKG_VG250_2026_01_01
07232332,Hersdorf,07,07232,1,true,true,2026-01-01,BKG_VG250_2026_01_01
07232333,Üttfeld,07,07232,1,true,true,2026-01-01,BKG_VG250_2026_01_01
07232501,Wißmannsdorf,07,07232,1,true,true,2026-01-01,BKG_VG250_2026_01_01
07232502,Brimingen,07,07232,1,true,true,2026-01-01,BKG_VG250_2026_01_01
07232503,Obergeckler,07,07232,1,true,false,2026-01-01,BKG_VG250_2026_01_01
07233002,Basberg,07,07233,1,true,true,2026-01-01,BKG_VG250_2026_01_01
07233003,Beinhausen,07,07233,1,true,true,2026-01-01,BKG_VG250_2026_01_01
07233004,Berlingen,07,07233,1,true,true,2026-01-01,BKG_VG250_2026_01_01
07233005,Berndorf,07,07233,1,true,true,2026-01-01,BKG_VG250_2026_01_01
07233006,Betteldorf,07,07233,1,true,true,2026-01-01,BKG_VG250_2026_01_01
07233007,Birgel,07,07233,1,true,true,2026-01-01,BKG_VG250_2026_01_01
07233008,Bleckhausen,07,07233,1,true,true,2026-01-01,BKG_VG250_2026_01_01
07233010,Boxberg,07,07233,1,true,true,2026-01-01,BKG_VG250_2026_01_01
07233011,Brockscheid,07,07233,1,true,true,2026-01-01,BKG_VG250_2026_01_01
07233014,Darscheid,07,07233,1,true,true,2026-01-01,BKG_VG250_2026_01_01
07233016,Demerath,07,07233,1,true,true,2026-01-01,BKG_VG250_2026_01_01
07233017,Deudesfeld,07,07233,1,true,true,2026-01-01,BKG_VG250_2026_01_01
07233018,Dockweiler,07,07233,1,true,true,2026-01-01,BKG_VG250_2026_01_01
07233019,Dohm-Lammersdorf,07,07233,1,true,true,2026-01-01,BKG_VG250_2026_01_01
07233020,Dreis-Brück,07,07233,1,true,true,2026-01-01,BKG_VG250_2026_01_01
07233021,Ellscheid,07,07233,1,true,true,2026-01-01,BKG_VG250_2026_01_01
07233022,Esch,07,07233,1,true,true,2026-01-01,BKG_VG250_2026_01_01
07233023,Feusdorf,07,07233,1,true,true,2026-01-01,BKG_VG250_2026_01_01
07233025,Gefell,07,07233,1,true,true,2026-01-01,BKG_VG250_2026_01_01
07233026,Gerolstein,07,07233,1,true,true,2026-01-01,BKG_VG250_2026_01_01
07233027,Gillenfeld,07,07233,1,true,true,2026-01-01,BKG_VG250_2026_01_01
07233028,Gönnersdorf,07,07233,1,true,true,2026-01-01,BKG_VG250_2026_01_01
07233029,Hillesheim,07,07233,1,true,true,2026-01-01,BKG_VG250_2026_01_01
07233030,Hinterweiler,07,07233,1,true,true,2026-01-01,BKG_VG250_2026_01_01
07233031,Hörscheid,07,07233,1,true,true,2026-01-01,BKG_VG250_2026_01_01
07233032,Hörschhausen,07,07233,1,true,true,2026-01-01,BKG_VG250_2026_01_01
07233033,Hohenfels-Essingen,07,07233,1,true,true,2026-01-01,BKG_VG250_2026_01_01
07233034,Immerath,07,07233,1,true,true,2026-01-01,BKG_VG250_2026_01_01
07233035,Jünkerath,07,07233,1,true,true,2026-01-01,BKG_VG250_2026_01_01
07233036,Kalenborn-Scheuern,07,07233,1,true,true,2026-01-01,BKG_VG250_2026_01_01
07233037,Katzwinkel,07,07233,1,true,true,2026-01-01,BKG_VG250_2026_01_01
07233038,Kerpen (Eifel),07,07233,1,true,true,2026-01-01,BKG_VG250_2026_01_01
07233039,Kirchweiler,07,07233,1,true,true,2026-01-01,BKG_VG250_2026_01_01
07233040,Kradenbach,07,07233,1,true,true,2026-01-01,BKG_VG250_2026_01_01
07233041,Lissendorf,07,07233,1,true,true,2026-01-01,BKG_VG250_2026_01_01
07233042,Mehren,07,07233,1,true,true,2026-01-01,BKG_VG250_2026_01_01
07233043,Meisburg,07,07233,1,true,true,2026-01-01,BKG_VG250_2026_01_01
07233046,Mückeln,07,07233,1,true,true,2026-01-01,BKG_VG250_2026_01_01
07233048,Neichen,07,07233,1,true,true,2026-01-01,BKG_VG250_2026_01_01
07233049,Nerdlen,07,07233,1,true,true,2026-01-01,BKG_VG250_2026_01_01
07233050,Neroth,07,07233,1,true,true,2026-01-01,BKG_VG250_2026_01_01
07233052,Niederstadtfeld,07,07233,1,true,true,2026-01-01,BKG_VG250_2026_01_01
07233053,Oberbettingen,07,07233,1,true,true,2026-01-01,BKG_VG250_2026_01_01
07233054,Oberehe-Stroheich,07,07233,1,true,true,2026-01-01,BKG_VG250_2026_01_01
07233055,Oberstadtfeld,07,07233,1,true,true,2026-01-01,BKG_VG250_2026_01_01
07233056,Pelm,07,07233,1,true,true,2026-01-01,BKG_VG250_2026_01_01
07233058,Rockeskyll,07,07233,1,true,true,2026-01-01,BKG_VG250_2026_01_01
07233060,Salm,07,07233,1,true,true,2026-01-01,BKG_VG250_2026_01_01
07233061,Sarmersbach,07,07233,1,true,true,2026-01-01,BKG_VG250_2026_01_01
07233062,Saxler,07,07233,1,true,true,2026-01-01,BKG_VG250_2026_01_01
07233063,Schalkenmehren,07,07233,1,true,true,2026-01-01,BKG_VG250_2026_01_01
07233064,Schönbach,07,07233,1,true,true,2026-01-01,BKG_VG250_2026_01_01
07233065,Schutz,07,07233,1,true,true,2026-01-01,BKG_VG250_2026_01_01
07233067,Steineberg,07,07233,1,true,true,2026-01-01,BKG_VG250_2026_01_01
07233068,Steiningen,07,07233,1,true,true,2026-01-01,BKG_VG250_2026_01_01
07233070,Strohn,07,07233,1,true,true,2026-01-01,BKG_VG250_2026_01_01
07233071,Strotzbüsch,07,07233,1,true,true,2026-01-01,BKG_VG250_2026_01_01
07233074,Udler,07,07233,1,true,true,2026-01-01,BKG_VG250_2026_01_01
07233075,Üdersdorf,07,07233,1,true,true,2026-01-01,BKG_VG250_2026_01_01
07233076,Üxheim,07,07233,1,true,true,2026-01-01,BKG_VG250_2026_01_01
07233077,Utzerath,07,07233,1,true,true,2026-01-01,BKG_VG250_2026_01_01
07233079,Wallenborn,07,07233,1,true,true,2026-01-01,BKG_VG250_2026_01_01
07233080,Walsdorf,07,07233,1,true,true,2026-01-01,BKG_VG250_2026_01_01
07233081,Weidenbach,07,07233,1,true,true,2026-01-01,BKG_VG250_2026_01_01
07233083,Wiesbaum,07,07233,1,true,true,2026-01-01,BKG_VG250_2026_01_01
07233084,Winkel (Eifel),07,07233,1,true,true,2026-01-01,BKG_VG250_2026_01_01
07233201,Arbach,07,07233,1,true,true,2026-01-01,BKG_VG250_2026_01_01
07233202,Bereborn,07,07233,1,true,true,2026-01-01,BKG_VG250_2026_01_01
07233203,Berenbach,07,07233,1,true,true,2026-01-01,BKG_VG250_2026_01_01
07233204,Birresborn,07,07233,1,true,true,2026-01-01,BKG_VG250_2026_01_01
07233205,Bodenbach,07,07233,1,true,true,2026-01-01,BKG_VG250_2026_01_01
07233206,Bongard,07,07233,1,true,true,2026-01-01,BKG_VG250_2026_01_01
07233207,Borler,07,07233,1,true,true,2026-01-01,BKG_VG250_2026_01_01
07233208,Brücktal,07,07233,1,true,true,2026-01-01,BKG_VG250_2026_01_01
07233209,Densborn,07,07233,1,true,true,2026-01-01,BKG_VG250_2026_01_01
07233210,Drees,07,07233,1,true,true,2026-01-01,BKG_VG250_2026_01_01
07233211,Duppach,07,07233,1,true,true,2026-01-01,BKG_VG250_2026_01_01
07233212,Gelenberg,07,07233,1,true,true,2026-01-01,BKG_VG250_2026_01_01
07233213,Gunderath,07,07233,1,true,true,2026-01-01,BKG_VG250_2026_01_01
07233214,Hallschlag,07,07233,1,true,true,2026-01-01,BKG_VG250_2026_01_01
07233215,Höchstberg,07,07233,1,true,true,2026-01-01,BKG_VG250_2026_01_01
07233216,Horperath,07,07233,1,true,true,2026-01-01,BKG_VG250_2026_01_01
07233217,Kaperich,07,07233,1,true,true,2026-01-01,BKG_VG250_2026_01_01
07233218,Kelberg,07,07233,1,true,true,2026-01-01,BKG_VG250_2026_01_01
07233219,Kerschenbach,07,07233,1,true,true,2026-01-01,BKG_VG250_2026_01_01
07233220,Kirsbach,07,07233,1,true,true,2026-01-01,BKG_VG250_2026_01_01
07233221,Kötterichen,07,07233,1,true,true,2026-01-01,BKG_VG250_2026_01_01
07233222,Kolverath,07,07233,1,true,true,2026-01-01,BKG_VG250_2026_01_01
07233223,Kopp,07,07233,1,true,true,2026-01-01,BKG_VG250_2026_01_01
07233224,Lirstal,07,07233,1,true,true,2026-01-01,BKG_VG250_2026_01_01
07233225,Mannebach,07,07233,1,true,true,2026-01-01,BKG_VG250_2026_01_01
07233226,Mosbruch,07,07233,1,true,true,2026-01-01,BKG_VG250_2026_01_01
07233227,Mürlenbach,07,07233,1,true,true,2026-01-01,BKG_VG250_2026_01_01
07233228,Nitz,07,07233,1,true,true,2026-01-01,BKG_VG250_2026_01_01
07233229,Nohn,07,07233,1,true,true,2026-01-01,BKG_VG250_2026_01_01
07233230,Oberelz,07,07233,1,true,true,2026-01-01,BKG_VG250_2026_01_01
07233232,Ormont,07,07233,1,true,true,2026-01-01,BKG_VG250_2026_01_01
07233233,Reimerath,07,07233,1,true,true,2026-01-01,BKG_VG250_2026_01_01
07233234,Retterath,07,07233,1,true,true,2026-01-01,BKG_VG250_2026_01_01
07233235,Reuth,07,07233,1,true,true,2026-01-01,BKG_VG250_2026_01_01
07233236,Sassen,07,07233,1,true,true,2026-01-01,BKG_VG250_2026_01_01
07233237,Scheid,07,07233,1,true,true,2026-01-01,BKG_VG250_2026_01_01
07233239,Schüller,07,07233,1,true,true,2026-01-01,BKG_VG250_2026_01_01
07233240,Stadtkyll,07,07233,1,true,true,2026-01-01,BKG_VG250_2026_01_01
07233241,Steffeln,07,07233,1,true,true,2026-01-01,BKG_VG250_2026_01_01
07233242,Uersfeld,07,07233,1,true,true,2026-01-01,BKG_VG250_2026_01_01
07233243,Ueß,07,07233,1,true,true,2026-01-01,BKG_VG250_2026_01_01
07233244,Welcherath,07,07233,1,true,true,2026-01-01,BKG_VG250_2026_01_01
07233501,Daun,07,07233,1,true,true,2026-01-01,BKG_VG250_2026_01_01
07235001,Aach,07,07235,1,true,true,2026-01-01,BKG_VG250_2026_01_01
07235002,Ayl,07,07235,1,true,true,2026-01-01,BKG_VG250_2026_01_01
07235003,Baldringen,07,07235,1,true,true,2026-01-01,BKG_VG250_2026_01_01
07235004,Bekond,07,07235,1,true,true,2026-01-01,BKG_VG250_2026_01_01
07235005,Bescheid,07,07235,1,true,true,2026-01-01,BKG_VG250_2026_01_01
07235008,Beuren (Hochwald),07,07235,1,true,true,2026-01-01,BKG_VG250_2026_01_01
07235010,Bonerath,07,07235,1,true,true,2026-01-01,BKG_VG250_2026_01_01
07235014,Damflos,07,07235,1,true,true,2026-01-01,BKG_VG250_2026_01_01
07235015,Detzem,07,07235,1,true,true,2026-01-01,BKG_VG250_2026_01_01
07235019,Ensch,07,07235,1,true,true,2026-01-01,BKG_VG250_2026_01_01
07235021,Farschweiler,07,07235,1,true,true,2026-01-01,BKG_VG250_2026_01_01
07235022,Fell,07,07235,1,true,true,2026-01-01,BKG_VG250_2026_01_01
07235025,Fisch,07,07235,1,true,true,2026-01-01,BKG_VG250_2026_01_01
07235026,Föhren,07,07235,1,true,true,2026-01-01,BKG_VG250_2026_01_01
07235027,Franzenheim,07,07235,1,true,true,2026-01-01,BKG_VG250_2026_01_01
07235028,Freudenburg,07,07235,1,true,true,2026-01-01,BKG_VG250_2026_01_01
07235030,Geisfeld,07,07235,1,true,true,2026-01-01,BKG_VG250_2026_01_01
07235033,Greimerath,07,07235,1,true,true,2026-01-01,BKG_VG250_2026_01_01
07235035,Grimburg,07,07235,1,true,true,2026-01-01,BKG_VG250_2026_01_01
07235036,Gusenburg,07,07235,1,true,true,2026-01-01,BKG_VG250_2026_01_01
07235037,Gusterath,07,07235,1,true,true,2026-01-01,BKG_VG250_2026_01_01
07235038,Gutweiler,07,07235,1,true,true,2026-01-01,BKG_VG250_2026_01_01
07235040,Heddert,07,07235,1,true,true,2026-01-01,BKG_VG250_2026_01_01
07235043,Hentern,07,07235,1,true,true,2026-01-01,BKG_VG250_2026_01_01
07235044,Herl,07,07235,1,true,true,2026-01-01,BKG_VG250_2026_01_01
07235045,Hermeskeil,07,07235,1,true,true,2026-01-01,BKG_VG250_2026_01_01
07235046,Hinzenburg,07,07235,1,true,true,2026-01-01,BKG_VG250_2026_01_01
07235047,Hinzert-Pölert,07,07235,1,true,true,2026-01-01,BKG_VG250_2026_01_01
07235048,Hockweiler,07,07235,1,true,true,2026-01-01,BKG_VG250_2026_01_01
07235050,Holzerath,07,07235,1,true,true,2026-01-01,BKG_VG250_2026_01_01
07235051,Igel,07,07235,1,true,true,2026-01-01,BKG_VG250_2026_01_01
07235052,Irsch,07,07235,1,true,true,2026-01-01,BKG_VG250_2026_01_01
07235055,Kanzem,07,07235,1,true,true,2026-01-01,BKG_VG250_2026_01_01
07235056,Kasel,07,07235,1,true,true,2026-01-01,BKG_VG250_2026_01_01
07235057,Kastel-Staadt,07,07235,1,true,true,2026-01-01,BKG_VG250_2026_01_01
07235058,Kell am See,07,07235,1,true,true,2026-01-01,BKG_VG250_2026_01_01
07235060,Kenn,07,07235,1,true,true,2026-01-01,BKG_VG250_2026_01_01
07235062,Kirf,07,07235,1,true,true,2026-01-01,BKG_VG250_2026_01_01
07235063,Klüsserath,07,07235,1,true,true,2026-01-01,BKG_VG250_2026_01_01
07235067,Köwerich,07,07235,1,true,true,2026-01-01,BKG_VG250_2026_01_01
07235068,Konz,07,07235,1,true,true,2026-01-01,BKG_VG250_2026_01_01
07235069,Kordel,07,07235,1,true,true,2026-01-01,BKG_VG250_2026_01_01
07235070,Korlingen,07,07235,1,true,true,2026-01-01,BKG_VG250_2026_01_01
07235072,Lampaden,07,07235,1,true,true,2026-01-01,BKG_VG250_2026_01_01
07235073,Langsur,07,07235,1,true,true,2026-01-01,BKG_VG250_2026_01_01
07235074,Leiwen,07,07235,1,true,true,2026-01-01,BKG_VG250_2026_01_01
07235077,Longen,07,07235,1,true,true,2026-01-01,BKG_VG250_2026_01_01
07235078,Longuich,07,07235,1,true,true,2026-01-01,BKG_VG250_2026_01_01
07235080,Lorscheid,07,07235,1,true,true,2026-01-01,BKG_VG250_2026_01_01
07235081,Mandern,07,07235,1,true,true,2026-01-01,BKG_VG250_2026_01_01
07235082,Mannebach,07,07235,1,true,true,2026-01-01,BKG_VG250_2026_01_01
07235083,Mehring,07,07235,1,true,true,2026-01-01,BKG_VG250_2026_01_01
07235085,Mertesdorf,07,07235,1,true,true,2026-01-01,BKG_VG250_2026_01_01
07235090,Morscheid,07,07235,1,true,true,2026-01-01,BKG_VG250_2026_01_01
07235091,Naurath (Eifel),07,07235,1,true,true,2026-01-01,BKG_VG250_2026_01_01
07235092,Naurath (Wald),07,07235,1,true,true,2026-01-01,BKG_VG250_2026_01_01
07235093,Neuhütten,07,07235,1,true,true,2026-01-01,BKG_VG250_2026_01_01
07235094,Newel,07,07235,1,true,true,2026-01-01,BKG_VG250_2026_01_01
07235095,Nittel,07,07235,1,true,true,2026-01-01,BKG_VG250_2026_01_01
07235096,Oberbillig,07,07235,1,true,true,2026-01-01,BKG_VG250_2026_01_01
07235098,Ockfen,07,07235,1,true,true,2026-01-01,BKG_VG250_2026_01_01
07235100,Ollmuth,07,07235,1,true,true,2026-01-01,BKG_VG250_2026_01_01
07235101,Onsdorf,07,07235,1,true,true,2026-01-01,BKG_VG250_2026_01_01
07235103,Osburg,07,07235,1,true,true,2026-01-01,BKG_VG250_2026_01_01
07235104,Palzem,07,07235,1,true,true,2026-01-01,BKG_VG250_2026_01_01
07235105,Paschel,07,07235,1,true,true,2026-01-01,BKG_VG250_2026_01_01
07235106,Pellingen,07,07235,1,true,true,2026-01-01,BKG_VG250_2026_01_01
07235107,Pluwig,07,07235,1,true,true,2026-01-01,BKG_VG250_2026_01_01
07235108,Pölich,07,07235,1,true,true,2026-01-01,BKG_VG250_2026_01_01
07235111,Ralingen,07,07235,1,true,true,2026-01-01,BKG_VG250_2026_01_01
07235112,Rascheid,07,07235,1,true,true,2026-01-01,BKG_VG250_2026_01_01
07235114,Reinsfeld,07,07235,1,true,true,2026-01-01,BKG_VG250_2026_01_01
07235115,Riol,07,07235,1,true,true,2026-01-01,BKG_VG250_2026_01_01
07235116,Riveris,07,07235,1,true,true,2026-01-01,BKG_VG250_2026_01_01
07235118,Saarburg,07,07235,1,true,true,2026-01-01,BKG_VG250_2026_01_01
07235119,Schillingen,07,07235,1,true,true,2026-01-01,BKG_VG250_2026_01_01
07235120,Schleich,07,07235,1,true,true,2026-01-01,BKG_VG250_2026_01_01
07235122,Schoden,07,07235,1,true,true,2026-01-01,BKG_VG250_2026_01_01
07235123,Schömerich,07,07235,1,true,true,2026-01-01,BKG_VG250_2026_01_01
07235124,Schöndorf,07,07235,1,true,true,2026-01-01,BKG_VG250_2026_01_01
07235125,Schweich,07,07235,1,true,true,2026-01-01,BKG_VG250_2026_01_01
07235126,Serrig,07,07235,1,true,true,2026-01-01,BKG_VG250_2026_01_01
07235129,Sommerau,07,07235,1,true,true,2026-01-01,BKG_VG250_2026_01_01
07235131,Taben-Rodt,07,07235,1,true,true,2026-01-01,BKG_VG250_2026_01_01
07235132,Tawern,07,07235,1,true,true,2026-01-01,BKG_VG250_2026_01_01
07235133,Temmels,07,07235,1,true,true,2026-01-01,BKG_VG250_2026_01_01
07235134,Thörnich,07,07235,1,true,true,2026-01-01,BKG_VG250_2026_01_01
07235135,Thomm,07,07235,1,true,true,2026-01-01,BKG_VG250_2026_01_01
07235136,Trassem,07,07235,1,true,true,2026-01-01,BKG_VG250_2026_01_01
07235137,Trierweiler,07,07235,1,true,true,2026-01-01,BKG_VG250_2026_01_01
07235140,Vierherrenborn,07,07235,1,true,true,2026-01-01,BKG_VG250_2026_01_01
07235141,Waldrach,07,07235,1,true,true,2026-01-01,BKG_VG250_2026_01_01
07235142,Waldweiler,07,07235,1,true,true,2026-01-01,BKG_VG250_2026_01_01
07235143,Wasserliesch,07,07235,1,true,true,2026-01-01,BKG_VG250_2026_01_01
07235144,Wawern,07,07235,1,true,true,2026-01-01,BKG_VG250_2026_01_01
07235146,Wellen,07,07235,1,true,true,2026-01-01,BKG_VG250_2026_01_01
07235148,Wiltingen,07,07235,1,true,true,2026-01-01,BKG_VG250_2026_01_01
07235149,Wincheringen,07,07235,1,true,true,2026-01-01,BKG_VG250_2026_01_01
07235151,Zemmer,07,07235,1,true,true,2026-01-01,BKG_VG250_2026_01_01
07235152,Zerf,07,07235,1,true,true,2026-01-01,BKG_VG250_2026_01_01
07235153,Züsch,07,07235,1,true,true,2026-01-01,BKG_VG250_2026_01_01
07235154,Merzkirchen,07,07235,1,true,true,2026-01-01,BKG_VG250_2026_01_01
07235207,Trittenheim,07,07235,1,true,true,2026-01-01,BKG_VG250_2026_01_01
07235501,Welschbillig,07,07235,1,true,true,2026-01-01,BKG_VG250_2026_01_01
07311000,Frankenthal (Pfalz),07,07311,1,true,true,2026-01-01,BKG_VG250_2026_01_01
07312000,Kaiserslautern,07,07312,1,true,true,2026-01-01,BKG_VG250_2026_01_01
07313000,Landau in der Pfalz,07,07313,1,true,true,2026-01-01,BKG_VG250_2026_01_01
07314000,Ludwigshafen am Rhein,07,07314,1,true,true,2026-01-01,BKG_VG250_2026_01_01
07315000,Mainz,07,07315,1,true,true,2026-01-01,BKG_VG250_2026_01_01
07316000,Neustadt an der Weinstraße,07,07316,1,true,true,2026-01-01,BKG_VG250_2026_01_01
07317000,Pirmasens,07,07317,1,true,true,2026-01-01,BKG_VG250_2026_01_01
07318000,Speyer,07,07318,1,true,true,2026-01-01,BKG_VG250_2026_01_01
07319000,Worms,07,07319,1,true,true,2026-01-01,BKG_VG250_2026_01_01
07320000,Zweibrücken,07,07320,1,true,true,2026-01-01,BKG_VG250_2026_01_01
07331001,Albig,07,07331,1,true,true,2026-01-01,BKG_VG250_2026_01_01
07331002,Alsheim,07,07331,1,true,true,2026-01-01,BKG_VG250_2026_01_01
07331003,Alzey,07,07331,1,true,true,2026-01-01,BKG_VG250_2026_01_01
07331004,Armsheim,07,07331,1,true,true,2026-01-01,BKG_VG250_2026_01_01
07331005,Bechenheim,07,07331,1,true,true,2026-01-01,BKG_VG250_2026_01_01
07331006,Bechtheim,07,07331,1,true,true,2026-01-01,BKG_VG250_2026_01_01
07331007,Bechtolsheim,07,07331,1,true,true,2026-01-01,BKG_VG250_2026_01_01
07331008,Bermersheim vor der Höhe,07,07331,1,true,true,2026-01-01,BKG_VG250_2026_01_01
07331009,Bermersheim,07,07331,1,true,true,2026-01-01,BKG_VG250_2026_01_01
07331010,Biebelnheim,07,07331,1,true,true,2026-01-01,BKG_VG250_2026_01_01
07331011,Hochborn,07,07331,1,true,true,2026-01-01,BKG_VG250_2026_01_01
07331012,Bornheim,07,07331,1,true,true,2026-01-01,BKG_VG250_2026_01_01
07331014,Dintesheim,07,07331,1,true,true,2026-01-01,BKG_VG250_2026_01_01
07331015,Dittelsheim-Heßloch,07,07331,1,true,true,2026-01-01,BKG_VG250_2026_01_01
07331017,Eckelsheim,07,07331,1,true,true,2026-01-01,BKG_VG250_2026_01_01
07331018,Eich,07,07331,1,true,true,2026-01-01,BKG_VG250_2026_01_01
07331019,Ensheim,07,07331,1,true,true,2026-01-01,BKG_VG250_2026_01_01
07331020,Eppelsheim,07,07331,1,true,true,2026-01-01,BKG_VG250_2026_01_01
07331021,Erbes-Büdesheim,07,07331,1,true,true,2026-01-01,BKG_VG250_2026_01_01
07331022,Esselborn,07,07331,1,true,true,2026-01-01,BKG_VG250_2026_01_01
07331023,Flörsheim-Dalsheim,07,07331,1,true,true,2026-01-01,BKG_VG250_2026_01_01
07331024,Flomborn,07,07331,1,true,true,2026-01-01,BKG_VG250_2026_01_01
07331025,Flonheim,07,07331,1,true,true,2026-01-01,BKG_VG250_2026_01_01
07331026,Framersheim,07,07331,1,true,true,2026-01-01,BKG_VG250_2026_01_01
07331027,Freimersheim,07,07331,1,true,true,2026-01-01,BKG_VG250_2026_01_01
07331028,Frettenheim,07,07331,1,true,true,2026-01-01,BKG_VG250_2026_01_01
07331029,Gabsheim,07,07331,1,true,true,2026-01-01,BKG_VG250_2026_01_01
07331030,Gau-Bickelheim,07,07331,1,true,true,2026-01-01,BKG_VG250_2026_01_01
07331031,Gau-Heppenheim,07,07331,1,true,true,2026-01-01,BKG_VG250_2026_01_01
07331032,Gau-Odernheim,07,07331,1,true,true,2026-01-01,BKG_VG250_2026_01_01
07331033,Gau-Weinheim,07,07331,1,true,true,2026-01-01,BKG_VG250_2026_01_01
07331034,Gimbsheim,07,07331,1,true,true,2026-01-01,BKG_VG250_2026_01_01
07331035,Gumbsheim,07,07331,1,true,true,2026-01-01,BKG_VG250_2026_01_01
07331036,Gundersheim,07,07331,1,true,true,2026-01-01,BKG_VG250_2026_01_01
07331037,Gundheim,07,07331,1,true,true,2026-01-01,BKG_VG250_2026_01_01
07331038,Hamm am Rhein,07,07331,1,true,true,2026-01-01,BKG_VG250_2026_01_01
07331039,Hangen-Weisheim,07,07331,1,true,true,2026-01-01,BKG_VG250_2026_01_01
07331041,Hohen-Sülzen,07,07331,1,true,true,2026-01-01,BKG_VG250_2026_01_01
07331042,Kettenheim,07,07331,1,true,true,2026-01-01,BKG_VG250_2026_01_01
07331043,Lonsheim,07,07331,1,true,true,2026-01-01,BKG_VG250_2026_01_01
07331044,Mauchenheim,07,07331,1,true,true,2026-01-01,BKG_VG250_2026_01_01
07331045,Mettenheim,07,07331,1,true,true,2026-01-01,BKG_VG250_2026_01_01
07331046,Mölsheim,07,07331,1,true,true,2026-01-01,BKG_VG250_2026_01_01
07331047,Mörstadt,07,07331,1,true,true,2026-01-01,BKG_VG250_2026_01_01
07331048,Monsheim,07,07331,1,true,true,2026-01-01,BKG_VG250_2026_01_01
07331049,Monzernheim,07,07331,1,true,true,2026-01-01,BKG_VG250_2026_01_01
07331050,Nack,07,07331,1,true,true,2026-01-01,BKG_VG250_2026_01_01
07331051,Nieder-Wiesen,07,07331,1,true,true,2026-01-01,BKG_VG250_2026_01_01
07331052,Ober-Flörsheim,07,07331,1,true,true,2026-01-01,BKG_VG250_2026_01_01
07331053,Offenheim,07,07331,1,true,true,2026-01-01,BKG_VG250_2026_01_01
07331054,Offstein,07,07331,1,true,true,2026-01-01,BKG_VG250_2026_01_01
07331055,Osthofen,07,07331,1,true,true,2026-01-01,BKG_VG250_2026_01_01
07331056,Partenheim,07,07331,1,true,true,2026-01-01,BKG_VG250_2026_01_01
07331058,Saulheim,07,07331,1,true,true,2026-01-01,BKG_VG250_2026_01_01
07331059,Schornsheim,07,07331,1,true,true,2026-01-01,BKG_VG250_2026_01_01
07331060,Siefersheim,07,07331,1,true,true,2026-01-01,BKG_VG250_2026_01_01
07331061,Spiesheim,07,07331,1,true,true,2026-01-01,BKG_VG250_2026_01_01
07331062,Stein-Bockenheim,07,07331,1,true,true,2026-01-01,BKG_VG250_2026_01_01
07331063,Sulzheim,07,07331,1,true,true,2026-01-01,BKG_VG250_2026_01_01
07331064,Udenheim,07,07331,1,true,true,2026-01-01,BKG_VG250_2026_01_01
07331065,Vendersheim,07,07331,1,true,true,2026-01-01,BKG_VG250_2026_01_01
07331066,Wachenheim,07,07331,1,true,true,2026-01-01,BKG_VG250_2026_01_01
07331067,Wahlheim,07,07331,1,true,true,2026-01-01,BKG_VG250_2026_01_01
07331068,Wallertheim,07,07331,1,true,true,2026-01-01,BKG_VG250_2026_01_01
07331070,Wendelsheim,07,07331,1,true,true,2026-01-01,BKG_VG250_2026_01_01
07331071,Westhofen,07,07331,1,true,true,2026-01-01,BKG_VG250_2026_01_01
07331072,Wöllstein,07,07331,1,true,true,2026-01-01,BKG_VG250_2026_01_01
07331073,Wörrstadt,07,07331,1,true,true,2026-01-01,BKG_VG250_2026_01_01
07331075,Wonsheim,07,07331,1,true,true,2026-01-01,BKG_VG250_2026_01_01
07332001,Altleiningen,07,07332,1,true,true,2026-01-01,BKG_VG250_2026_01_01
07332002,Bad Dürkheim,07,07332,1,true,true,2026-01-01,BKG_VG250_2026_01_01
07332003,Battenberg (Pfalz),07,07332,1,true,true,2026-01-01,BKG_VG250_2026_01_01
07332004,Bissersheim,07,07332,1,true,true,2026-01-01,BKG_VG250_2026_01_01
07332005,Bobenheim am Berg,07,07332,1,true,true,2026-01-01,BKG_VG250_2026_01_01
07332006,Bockenheim an der Weinstraße,07,07332,1,true,true,2026-01-01,BKG_VG250_2026_01_01
07332007,Carlsberg,07,07332,1,true,true,2026-01-01,BKG_VG250_2026_01_01
07332008,Dackenheim,07,07332,1,true,true,2026-01-01,BKG_VG250_2026_01_01
07332009,Deidesheim,07,07332,1,true,true,2026-01-01,BKG_VG250_2026_01_01
07332010,Dirmstein,07,07332,1,true,true,2026-01-01,BKG_VG250_2026_01_01
07332012,Ebertsheim,07,07332,1,true,true,2026-01-01,BKG_VG250_2026_01_01
07332013,Ellerstadt,07,07332,1,true,true,2026-01-01,BKG_VG250_2026_01_01
07332014,Elmstein,07,07332,1,true,true,2026-01-01,BKG_VG250_2026_01_01
07332015,Erpolzheim,07,07332,1,true,true,2026-01-01,BKG_VG250_2026_01_01
07332016,Esthal,07,07332,1,true,true,2026-01-01,BKG_VG250_2026_01_01
07332017,Forst an der Weinstraße,07,07332,1,true,true,2026-01-01,BKG_VG250_2026_01_01
07332018,Frankeneck,07,07332,1,true,true,2026-01-01,BKG_VG250_2026_01_01
07332019,Freinsheim,07,07332,1,true,true,2026-01-01,BKG_VG250_2026_01_01
07332020,Friedelsheim,07,07332,1,true,true,2026-01-01,BKG_VG250_2026_01_01
07332021,Gerolsheim,07,07332,1,true,true,2026-01-01,BKG_VG250_2026_01_01
07332022,Gönnheim,07,07332,1,true,true,2026-01-01,BKG_VG250_2026_01_01
07332023,Großkarlbach,07,07332,1,true,true,2026-01-01,BKG_VG250_2026_01_01
07332024,Grünstadt,07,07332,1,true,true,2026-01-01,BKG_VG250_2026_01_01
07332025,Haßloch,07,07332,1,true,true,2026-01-01,BKG_VG250_2026_01_01
07332026,Herxheim am Berg,07,07332,1,true,true,2026-01-01,BKG_VG250_2026_01_01
07332027,Hettenleidelheim,07,07332,1,true,true,2026-01-01,BKG_VG250_2026_01_01
07332028,Kallstadt,07,07332,1,true,true,2026-01-01,BKG_VG250_2026_01_01
07332029,Kindenheim,07,07332,1,true,true,2026-01-01,BKG_VG250_2026_01_01
07332030,Kirchheim an der Weinstraße,07,07332,1,true,true,2026-01-01,BKG_VG250_2026_01_01
07332031,Kleinkarlbach,07,07332,1,true,true,2026-01-01,BKG_VG250_2026_01_01
07332032,Lambrecht (Pfalz),07,07332,1,true,true,2026-01-01,BKG_VG250_2026_01_01
07332033,Laumersheim,07,07332,1,true,true,2026-01-01,BKG_VG250_2026_01_01
07332034,Lindenberg,07,07332,1,true,true,2026-01-01,BKG_VG250_2026_01_01
07332035,Meckenheim,07,07332,1,true,true,2026-01-01,BKG_VG250_2026_01_01
07332036,Mertesheim,07,07332,1,true,true,2026-01-01,BKG_VG250_2026_01_01
07332037,Neidenfels,07,07332,1,true,true,2026-01-01,BKG_VG250_2026_01_01
07332038,Neuleiningen,07,07332,1,true,true,2026-01-01,BKG_VG250_2026_01_01
07332039,Niederkirchen bei Deidesheim,07,07332,1,true,true,2026-01-01,BKG_VG250_2026_01_01
07332040,Obersülzen,07,07332,1,true,true,2026-01-01,BKG_VG250_2026_01_01
07332041,Obrigheim (Pfalz),07,07332,1,true,true,2026-01-01,BKG_VG250_2026_01_01
07332042,Quirnheim,07,07332,1,true,true,2026-01-01,BKG_VG250_2026_01_01
07332043,Ruppertsberg,07,07332,1,true,true,2026-01-01,BKG_VG250_2026_01_01
07332044,Tiefenthal,07,07332,1,true,true,2026-01-01,BKG_VG250_2026_01_01
07332046,Wachenheim an der Weinstraße,07,07332,1,true,true,2026-01-01,BKG_VG250_2026_01_01
07332047,Wattenheim,07,07332,1,true,true,2026-01-01,BKG_VG250_2026_01_01
07332048,Weidenthal,07,07332,1,true,true,2026-01-01,BKG_VG250_2026_01_01
07332049,Weisenheim am Berg,07,07332,1,true,true,2026-01-01,BKG_VG250_2026_01_01
07332050,Weisenheim am Sand,07,07332,1,true,true,2026-01-01,BKG_VG250_2026_01_01
07333001,Albisheim (Pfrimm),07,07333,1,true,true,2026-01-01,BKG_VG250_2026_01_01
07333003,Alsenz,07,07333,1,true,true,2026-01-01,BKG_VG250_2026_01_01
07333004,Bayerfeld-Steckweiler,07,07333,1,true,true,2026-01-01,BKG_VG250_2026_01_01
07333005,Bennhausen,07,07333,1,true,true,2026-01-01,BKG_VG250_2026_01_01
07333006,Biedesheim,07,07333,1,true,true,2026-01-01,BKG_VG250_2026_01_01
07333007,Bischheim,07,07333,1,true,true,2026-01-01,BKG_VG250_2026_01_01
07333008,Bisterschied,07,07333,1,true,true,2026-01-01,BKG_VG250_2026_01_01
07333009,Börrstadt,07,07333,1,true,true,2026-01-01,BKG_VG250_2026_01_01
07333010,Bolanden,07,07333,1,true,true,2026-01-01,BKG_VG250_2026_01_01
07333011,Breunigweiler,07,07333,1,true,true,2026-01-01,BKG_VG250_2026_01_01
07333012,Bubenheim,07,07333,1,true,true,2026-01-01,BKG_VG250_2026_01_01
07333013,Dannenfels,07,07333,1,true,true,2026-01-01,BKG_VG250_2026_01_01
07333014,Dielkirchen,07,07333,1,true,true,2026-01-01,BKG_VG250_2026_01_01
07333016,Dörrmoschel,07,07333,1,true,true,2026-01-01,BKG_VG250_2026_01_01
07333017,Dreisen,07,07333,1,true,true,2026-01-01,BKG_VG250_2026_01_01
07333018,Einselthum,07,07333,1,true,true,2026-01-01,BKG_VG250_2026_01_01
07333019,Eisenberg (Pfalz),07,07333,1,true,true,2026-01-01,BKG_VG250_2026_01_01
07333020,Falkenstein,07,07333,1,true,true,2026-01-01,BKG_VG250_2026_01_01
07333021,Finkenbach-Gersweiler,07,07333,1,true,true,2026-01-01,BKG_VG250_2026_01_01
07333022,Gauersheim,07,07333,1,true,true,2026-01-01,BKG_VG250_2026_01_01
07333023,Gaugrehweiler,07,07333,1,true,true,2026-01-01,BKG_VG250_2026_01_01
07333024,Gehrweiler,07,07333,1,true,true,2026-01-01,BKG_VG250_2026_01_01
07333025,Gerbach,07,07333,1,true,true,2026-01-01,BKG_VG250_2026_01_01
07333026,Göllheim,07,07333,1,true,true,2026-01-01,BKG_VG250_2026_01_01
07333027,Gonbach,07,07333,1,true,true,2026-01-01,BKG_VG250_2026_01_01
07333028,Gundersweiler,07,07333,1,true,true,2026-01-01,BKG_VG250_2026_01_01
07333030,Höringen,07,07333,1,true,true,2026-01-01,BKG_VG250_2026_01_01
07333031,Ilbesheim,07,07333,1,true,true,2026-01-01,BKG_VG250_2026_01_01
07333032,Immesheim,07,07333,1,true,true,2026-01-01,BKG_VG250_2026_01_01
07333033,Imsbach,07,07333,1,true,true,2026-01-01,BKG_VG250_2026_01_01
07333034,Imsweiler,07,07333,1,true,true,2026-01-01,BKG_VG250_2026_01_01
07333035,Jakobsweiler,07,07333,1,true,true,2026-01-01,BKG_VG250_2026_01_01
07333036,Kalkofen,07,07333,1,true,true,2026-01-01,BKG_VG250_2026_01_01
07333037,Katzenbach,07,07333,1,true,true,2026-01-01,BKG_VG250_2026_01_01
07333038,Kerzenheim,07,07333,1,true,true,2026-01-01,BKG_VG250_2026_01_01
07333039,Kirchheimbolanden,07,07333,1,true,true,2026-01-01,BKG_VG250_2026_01_01
07333040,Kriegsfeld,07,07333,1,true,true,2026-01-01,BKG_VG250_2026_01_01
07333041,Lautersheim,07,07333,1,true,true,2026-01-01,BKG_VG250_2026_01_01
07333042,Lohnsfeld,07,07333,1,true,true,2026-01-01,BKG_VG250_2026_01_01
07333043,Mannweiler-Cölln,07,07333,1,true,true,2026-01-01,BKG_VG250_2026_01_01
07333045,Marnheim,07,07333,1,true,true,2026-01-01,BKG_VG250_2026_01_01
07333046,Mörsfeld,07,07333,1,true,true,2026-01-01,BKG_VG250_2026_01_01
07333047,Morschheim,07,07333,1,true,true,2026-01-01,BKG_VG250_2026_01_01
07333048,Münchweiler an der Alsenz,07,07333,1,true,true,2026-01-01,BKG_VG250_2026_01_01
07333049,Münsterappel,07,07333,1,true,true,2026-01-01,BKG_VG250_2026_01_01
07333050,Niederhausen an der Appel,07,07333,1,true,true,2026-01-01,BKG_VG250_2026_01_01
07333051,Niedermoschel,07,07333,1,true,true,2026-01-01,BKG_VG250_2026_01_01
07333053,Oberhausen an der Appel,07,07333,1,true,true,2026-01-01,BKG_VG250_2026_01_01
07333054,Obermoschel,07,07333,1,true,true,2026-01-01,BKG_VG250_2026_01_01
07333055,Oberndorf,07,07333,1,true,true,2026-01-01,BKG_VG250_2026_01_01
07333056,Oberwiesen,07,07333,1,true,true,2026-01-01,BKG_VG250_2026_01_01
07333057,Orbis,07,07333,1,true,true,2026-01-01,BKG_VG250_2026_01_01
07333058,Ottersheim,07,07333,1,true,true,2026-01-01,BKG_VG250_2026_01_01
07333060,Ramsen,07,07333,1,true,true,2026-01-01,BKG_VG250_2026_01_01
07333061,Ransweiler,07,07333,1,true,true,2026-01-01,BKG_VG250_2026_01_01
07333062,Rittersheim,07,07333,1,true,true,2026-01-01,BKG_VG250_2026_01_01
07333064,Rüssingen,07,07333,1,true,true,2026-01-01,BKG_VG250_2026_01_01
07333065,Ruppertsecken,07,07333,1,true,true,2026-01-01,BKG_VG250_2026_01_01
07333066,Sankt Alban,07,07333,1,true,true,2026-01-01,BKG_VG250_2026_01_01
07333067,Schiersfeld,07,07333,1,true,true,2026-01-01,BKG_VG250_2026_01_01
07333068,Schönborn,07,07333,1,true,true,2026-01-01,BKG_VG250_2026_01_01
07333069,Schweisweiler,07,07333,1,true,true,2026-01-01,BKG_VG250_2026_01_01
07333071,Sippersfeld,07,07333,1,true,true,2026-01-01,BKG_VG250_2026_01_01
07333072,Sitters,07,07333,1,true,true,2026-01-01,BKG_VG250_2026_01_01
07333073,Stahlberg,07,07333,1,true,true,2026-01-01,BKG_VG250_2026_01_01
07333074,Standenbühl,07,07333,1,true,true,2026-01-01,BKG_VG250_2026_01_01
07333075,Steinbach am Donnersberg,07,07333,1,true,true,2026-01-01,BKG_VG250_2026_01_01
07333076,Stetten,07,07333,1,true,true,2026-01-01,BKG_VG250_2026_01_01
07333077,Teschenmoschel,07,07333,1,true,true,2026-01-01,BKG_VG250_2026_01_01
07333078,Unkenbach,07,07333,1,true,true,2026-01-01,BKG_VG250_2026_01_01
07333079,Waldgrehweiler,07,07333,1,true,true,2026-01-01,BKG_VG250_2026_01_01
07333080,Wartenberg-Rohrbach,07,07333,1,true,true,2026-01-01,BKG_VG250_2026_01_01
07333081,Weitersweiler,07,07333,1,true,true,2026-01-01,BKG_VG250_2026_01_01
07333083,Winterborn,07,07333,1,true,true,2026-01-01,BKG_VG250_2026_01_01
07333084,Würzweiler,07,07333,1,true,true,2026-01-01,BKG_VG250_2026_01_01
07333201,Rathskirchen,07,07333,1,true,true,2026-01-01,BKG_VG250_2026_01_01
07333202,Reichsthal,07,07333,1,true,true,2026-01-01,BKG_VG250_2026_01_01
07333203,Seelen,07,07333,1,true,true,2026-01-01,BKG_VG250_2026_01_01
07333501,Zellertal,07,07333,1,true,true,2026-01-01,BKG_VG250_2026_01_01
07333502,Rockenhausen,07,07333,1,true,true,2026-01-01,BKG_VG250_2026_01_01
07333503,Winnweiler,07,07333,1,true,true,2026-01-01,BKG_VG250_2026_01_01
07334001,Bellheim,07,07334,1,true,true,2026-01-01,BKG_VG250_2026_01_01
07334002,Berg (Pfalz),07,07334,1,true,true,2026-01-01,BKG_VG250_2026_01_01
07334004,Erlenbach bei Kandel,07,07334,1,true,true,2026-01-01,BKG_VG250_2026_01_01
07334005,Freckenfeld,07,07334,1,true,true,2026-01-01,BKG_VG250_2026_01_01
07334006,Freisbach,07,07334,1,true,true,2026-01-01,BKG_VG250_2026_01_01
07334007,Germersheim,07,07334,1,true,true,2026-01-01,BKG_VG250_2026_01_01
07334008,Hagenbach,07,07334,1,true,true,2026-01-01,BKG_VG250_2026_01_01
07334009,Hatzenbühl,07,07334,1,true,true,2026-01-01,BKG_VG250_2026_01_01
07334011,Hördt,07,07334,1,true,true,2026-01-01,BKG_VG250_2026_01_01
07334012,Jockgrim,07,07334,1,true,true,2026-01-01,BKG_VG250_2026_01_01
07334013,Kandel,07,07334,1,true,true,2026-01-01,BKG_VG250_2026_01_01
07334014,Knittelsheim,07,07334,1,true,true,2026-01-01,BKG_VG250_2026_01_01
07334015,Kuhardt,07,07334,1,true,true,2026-01-01,BKG_VG250_2026_01_01
07334016,Leimersheim,07,07334,1,true,true,2026-01-01,BKG_VG250_2026_01_01
07334017,Lingenfeld,07,07334,1,true,true,2026-01-01,BKG_VG250_2026_01_01
07334018,Lustadt,07,07334,1,true,true,2026-01-01,BKG_VG250_2026_01_01
07334020,Minfeld,07,07334,1,true,true,2026-01-01,BKG_VG250_2026_01_01
07334021,Neuburg am Rhein,07,07334,1,true,true,2026-01-01,BKG_VG250_2026_01_01
07334022,Neupotz,07,07334,1,true,true,2026-01-01,BKG_VG250_2026_01_01
07334023,Ottersheim bei Landau,07,07334,1,true,true,2026-01-01,BKG_VG250_2026_01_01
07334024,Rheinzabern,07,07334,1,true,true,2026-01-01,BKG_VG250_2026_01_01
07334025,Rülzheim,07,07334,1,true,true,2026-01-01,BKG_VG250_2026_01_01
07334027,Scheibenhardt,07,07334,1,true,true,2026-01-01,BKG_VG250_2026_01_01
07334028,Schwegenheim,07,07334,1,true,true,2026-01-01,BKG_VG250_2026_01_01
07334030,Steinweiler,07,07334,1,true,true,2026-01-01,BKG_VG250_2026_01_01
07334031,Vollmersweiler,07,07334,1,true,true,2026-01-01,BKG_VG250_2026_01_01
07334032,Weingarten (Pfalz),07,07334,1,true,true,2026-01-01,BKG_VG250_2026_01_01
07334033,Westheim (Pfalz),07,07334,1,true,true,2026-01-01,BKG_VG250_2026_01_01
07334034,Winden,07,07334,1,true,true,2026-01-01,BKG_VG250_2026_01_01
07334036,Zeiskam,07,07334,1,true,true,2026-01-01,BKG_VG250_2026_01_01
07334501,Wörth am Rhein,07,07334,1,true,true,2026-01-01,BKG_VG250_2026_01_01
07335002,Bann,07,07335,1,true,true,2026-01-01,BKG_VG250_2026_01_01
07335003,Bruchmühlbach-Miesau,07,07335,1,true,true,2026-01-01,BKG_VG250_2026_01_01
07335004,Enkenbach-Alsenborn,07,07335,1,true,true,2026-01-01,BKG_VG250_2026_01_01
07335005,Erzenhausen,07,07335,1,true,true,2026-01-01,BKG_VG250_2026_01_01
07335006,Eulenbis,07,07335,1,true,true,2026-01-01,BKG_VG250_2026_01_01
07335007,Fischbach,07,07335,1,true,true,2026-01-01,BKG_VG250_2026_01_01
07335009,Frankelbach,07,07335,1,true,true,2026-01-01,BKG_VG250_2026_01_01
07335010,Frankenstein,07,07335,1,true,true,2026-01-01,BKG_VG250_2026_01_01
07335011,Gerhardsbrunn,07,07335,1,true,true,2026-01-01,BKG_VG250_2026_01_01
07335012,Hauptstuhl,07,07335,1,true,true,2026-01-01,BKG_VG250_2026_01_01
07335013,Heiligenmoschel,07,07335,1,true,true,2026-01-01,BKG_VG250_2026_01_01
07335014,Hirschhorn/Pfalz,07,07335,1,true,true,2026-01-01,BKG_VG250_2026_01_01
07335015,Hochspeyer,07,07335,1,true,true,2026-01-01,BKG_VG250_2026_01_01
07335016,Hütschenhausen,07,07335,1,true,true,2026-01-01,BKG_VG250_2026_01_01
07335017,Katzweiler,07,07335,1,true,true,2026-01-01,BKG_VG250_2026_01_01
07335018,Kindsbach,07,07335,1,true,true,2026-01-01,BKG_VG250_2026_01_01
07335019,Kollweiler,07,07335,1,true,true,2026-01-01,BKG_VG250_2026_01_01
07335020,Kottweiler-Schwanden,07,07335,1,true,true,2026-01-01,BKG_VG250_2026_01_01
07335021,Krickenbach,07,07335,1,true,true,2026-01-01,BKG_VG250_2026_01_01
07335022,Landstuhl,07,07335,1,true,true,2026-01-01,BKG_VG250_2026_01_01
07335023,Linden,07,07335,1,true,true,2026-01-01,BKG_VG250_2026_01_01
07335024,Mackenbach,07,07335,1,true,true,2026-01-01,BKG_VG250_2026_01_01
07335025,Mehlbach,07,07335,1,true,true,2026-01-01,BKG_VG250_2026_01_01
07335026,Mehlingen,07,07335,1,true,true,2026-01-01,BKG_VG250_2026_01_01
07335027,Mittelbrunn,07,07335,1,true,true,2026-01-01,BKG_VG250_2026_01_01
07335028,Neuhemsbach,07,07335,1,true,true,2026-01-01,BKG_VG250_2026_01_01
07335029,Niederkirchen,07,07335,1,true,true,2026-01-01,BKG_VG250_2026_01_01
07335030,Niedermohr,07,07335,1,true,true,2026-01-01,BKG_VG250_2026_01_01
07335031,Oberarnbach,07,07335,1,true,true,2026-01-01,BKG_VG250_2026_01_01
07335033,Olsbrücken,07,07335,1,true,true,2026-01-01,BKG_VG250_2026_01_01
07335034,Otterbach,07,07335,1,true,true,2026-01-01,BKG_VG250_2026_01_01
07335035,Otterberg,07,07335,1,true,true,2026-01-01,BKG_VG250_2026_01_01
07335037,Queidersbach,07,07335,1,true,true,2026-01-01,BKG_VG250_2026_01_01
07335038,Ramstein-Miesenbach,07,07335,1,true,true,2026-01-01,BKG_VG250_2026_01_01
07335040,Rodenbach,07,07335,1,true,true,2026-01-01,BKG_VG250_2026_01_01
07335041,Schallodenbach,07,07335,1,true,true,2026-01-01,BKG_VG250_2026_01_01
07335042,Schneckenhausen,07,07335,1,true,true,2026-01-01,BKG_VG250_2026_01_01
07335043,Schwedelbach,07,07335,1,true,true,2026-01-01,BKG_VG250_2026_01_01
07335044,Steinwenden,07,07335,1,true,true,2026-01-01,BKG_VG250_2026_01_01
07335045,Stelzenberg,07,07335,1,true,true,2026-01-01,BKG_VG250_2026_01_01
07335046,Sulzbachtal,07,07335,1,true,true,2026-01-01,BKG_VG250_2026_01_01
07335047,Trippstadt,07,07335,1,true,true,2026-01-01,BKG_VG250_2026_01_01
07335048,Waldleiningen,07,07335,1,true,true,2026-01-01,BKG_VG250_2026_01_01
07335049,Weilerbach,07,07335,1,true,true,2026-01-01,BKG_VG250_2026_01_01
07335201,Lambsborn,07,07335,1,true,true,2026-01-01,BKG_VG250_2026_01_01
07335202,Langwieden,07,07335,1,true,true,2026-01-01,BKG_VG250_2026_01_01
07335203,Martinshöhe,07,07335,1,true,true,2026-01-01,BKG_VG250_2026_01_01
07335204,Schopp,07,07335,1,true,true,2026-01-01,BKG_VG250_2026_01_01
07335205,Sembach,07,07335,1,true,true,2026-01-01,BKG_VG250_2026_01_01
07335501,Reichenbach-Steegen,07,07335,1,true,true,2026-01-01,BKG_VG250_2026_01_01
07336001,Adenbach,07,07336,1,true,true,2026-01-01,BKG_VG250_2026_01_01
07336002,Albessen,07,07336,1,true,true,2026-01-01,BKG_VG250_2026_01_01
07336003,Altenglan,07,07336,1,true,true,2026-01-01,BKG_VG250_2026_01_01
07336004,Altenkirchen,07,07336,1,true,true,2026-01-01,BKG_VG250_2026_01_01
07336005,Aschbach,07,07336,1,true,true,2026-01-01,BKG_VG250_2026_01_01
07336006,Blaubach,07,07336,1,true,true,2026-01-01,BKG_VG250_2026_01_01
07336008,Börsborn,07,07336,1,true,true,2026-01-01,BKG_VG250_2026_01_01
07336009,Bosenbach,07,07336,1,true,true,2026-01-01,BKG_VG250_2026_01_01
07336010,Breitenbach,07,07336,1,true,true,2026-01-01,BKG_VG250_2026_01_01
07336011,Brücken (Pfalz),07,07336,1,true,true,2026-01-01,BKG_VG250_2026_01_01
07336012,Buborn,07,07336,1,true,true,2026-01-01,BKG_VG250_2026_01_01
07336013,Cronenberg,07,07336,1,true,true,2026-01-01,BKG_VG250_2026_01_01
07336014,Deimberg,07,07336,1,true,true,2026-01-01,BKG_VG250_2026_01_01
07336015,Dennweiler-Frohnbach,07,07336,1,true,true,2026-01-01,BKG_VG250_2026_01_01
07336016,Dittweiler,07,07336,1,true,true,2026-01-01,BKG_VG250_2026_01_01
07336017,Dunzweiler,07,07336,1,true,true,2026-01-01,BKG_VG250_2026_01_01
07336018,Ehweiler,07,07336,1,true,true,2026-01-01,BKG_VG250_2026_01_01
07336019,Einöllen,07,07336,1,true,true,2026-01-01,BKG_VG250_2026_01_01
07336021,Elzweiler,07,07336,1,true,true,2026-01-01,BKG_VG250_2026_01_01
07336022,Erdesbach,07,07336,1,true,true,2026-01-01,BKG_VG250_2026_01_01
07336023,Eßweiler,07,07336,1,true,true,2026-01-01,BKG_VG250_2026_01_01
07336024,Etschberg,07,07336,1,true,true,2026-01-01,BKG_VG250_2026_01_01
07336025,Föckelberg,07,07336,1,true,true,2026-01-01,BKG_VG250_2026_01_01
07336027,Frohnhofen,07,07336,1,true,true,2026-01-01,BKG_VG250_2026_01_01
07336029,Ginsweiler,07,07336,1,true,true,2026-01-01,BKG_VG250_2026_01_01
07336030,Glanbrücken,07,07336,1,true,true,2026-01-01,BKG_VG250_2026_01_01
07336031,Glan-Münchweiler,07,07336,1,true,true,2026-01-01,BKG_VG250_2026_01_01
07336032,Gries,07,07336,1,true,true,2026-01-01,BKG_VG250_2026_01_01
07336033,Grumbach,07,07336,1,true,true,2026-01-01,BKG_VG250_2026_01_01
07336034,Haschbach am Remigiusberg,07,07336,1,true,true,2026-01-01,BKG_VG250_2026_01_01
07336035,Hausweiler,07,07336,1,true,true,2026-01-01,BKG_VG250_2026_01_01
07336036,Hefersweiler,07,07336,1,true,true,2026-01-01,BKG_VG250_2026_01_01
07336037,Henschtal,07,07336,1,true,true,2026-01-01,BKG_VG250_2026_01_01
07336038,Heinzenhausen,07,07336,1,true,true,2026-01-01,BKG_VG250_2026_01_01
07336039,Herchweiler,07,07336,1,true,true,2026-01-01,BKG_VG250_2026_01_01
07336040,Herren-Sulzbach,07,07336,1,true,true,2026-01-01,BKG_VG250_2026_01_01
07336041,Herschweiler-Pettersheim,07,07336,1,true,true,2026-01-01,BKG_VG250_2026_01_01
07336042,Hinzweiler,07,07336,1,true,true,2026-01-01,BKG_VG250_2026_01_01
07336043,Hohenöllen,07,07336,1,true,true,2026-01-01,BKG_VG250_2026_01_01
07336044,Homberg,07,07336,1,true,true,2026-01-01,BKG_VG250_2026_01_01
07336045,Hoppstädten,07,07336,1,true,true,2026-01-01,BKG_VG250_2026_01_01
07336046,Horschbach,07,07336,1,true,true,2026-01-01,BKG_VG250_2026_01_01
07336047,Hüffler,07,07336,1,true,true,2026-01-01,BKG_VG250_2026_01_01
07336048,Jettenbach,07,07336,1,true,true,2026-01-01,BKG_VG250_2026_01_01
07336049,Kappeln,07,07336,1,true,true,2026-01-01,BKG_VG250_2026_01_01
07336050,Kirrweiler,07,07336,1,true,true,2026-01-01,BKG_VG250_2026_01_01
07336051,Körborn,07,07336,1,true,true,2026-01-01,BKG_VG250_2026_01_01
07336052,Konken,07,07336,1,true,true,2026-01-01,BKG_VG250_2026_01_01
07336053,Kreimbach-Kaulbach,07,07336,1,true,true,2026-01-01,BKG_VG250_2026_01_01
07336054,Krottelbach,07,07336,1,true,true,2026-01-01,BKG_VG250_2026_01_01
07336055,Kusel,07,07336,1,true,true,2026-01-01,BKG_VG250_2026_01_01
07336056,Langenbach,07,07336,1,true,true,2026-01-01,BKG_VG250_2026_01_01
07336057,Langweiler,07,07336,1,true,true,2026-01-01,BKG_VG250_2026_01_01
07336058,Lauterecken,07,07336,1,true,true,2026-01-01,BKG_VG250_2026_01_01
07336060,Lohnweiler,07,07336,1,true,true,2026-01-01,BKG_VG250_2026_01_01
07336061,Medard,07,07336,1,true,true,2026-01-01,BKG_VG250_2026_01_01
07336062,Merzweiler,07,07336,1,true,true,2026-01-01,BKG_VG250_2026_01_01
07336064,Nanzdietschweiler,07,07336,1,true,true,2026-01-01,BKG_VG250_2026_01_01
07336065,Nerzweiler,07,07336,1,true,true,2026-01-01,BKG_VG250_2026_01_01
07336066,Neunkirchen am Potzberg,07,07336,1,true,true,2026-01-01,BKG_VG250_2026_01_01
07336067,Niederalben,07,07336,1,true,true,2026-01-01,BKG_VG250_2026_01_01
07336068,Niederstaufenbach,07,07336,1,true,true,2026-01-01,BKG_VG250_2026_01_01
07336069,Nußbach,07,07336,1,true,true,2026-01-01,BKG_VG250_2026_01_01
07336070,Oberalben,07,07336,1,true,true,2026-01-01,BKG_VG250_2026_01_01
07336071,Oberstaufenbach,07,07336,1,true,true,2026-01-01,BKG_VG250_2026_01_01
07336072,Oberweiler im Tal,07,07336,1,true,true,2026-01-01,BKG_VG250_2026_01_01
07336073,Oberweiler-Tiefenbach,07,07336,1,true,true,2026-01-01,BKG_VG250_2026_01_01
07336074,Odenbach,07,07336,1,true,true,2026-01-01,BKG_VG250_2026_01_01
07336075,Offenbach-Hundheim,07,07336,1,true,true,2026-01-01,BKG_VG250_2026_01_01
07336076,Ohmbach,07,07336,1,true,true,2026-01-01,BKG_VG250_2026_01_01
07336077,Pfeffelbach,07,07336,1,true,true,2026-01-01,BKG_VG250_2026_01_01
07336079,Rammelsbach,07,07336,1,true,true,2026-01-01,BKG_VG250_2026_01_01
07336081,Rathsweiler,07,07336,1,true,true,2026-01-01,BKG_VG250_2026_01_01
07336082,Rehweiler,07,07336,1,true,true,2026-01-01,BKG_VG250_2026_01_01
07336084,Reichweiler,07,07336,1,true,true,2026-01-01,BKG_VG250_2026_01_01
07336085,Reipoltskirchen,07,07336,1,true,true,2026-01-01,BKG_VG250_2026_01_01
07336086,Relsberg,07,07336,1,true,true,2026-01-01,BKG_VG250_2026_01_01
07336087,Rothselberg,07,07336,1,true,true,2026-01-01,BKG_VG250_2026_01_01
07336088,Ruthweiler,07,07336,1,true,true,2026-01-01,BKG_VG250_2026_01_01
07336089,Rutsweiler am Glan,07,07336,1,true,true,2026-01-01,BKG_VG250_2026_01_01
07336090,Rutsweiler an der Lauter,07,07336,1,true,true,2026-01-01,BKG_VG250_2026_01_01
07336091,Schellweiler,07,07336,1,true,true,2026-01-01,BKG_VG250_2026_01_01
07336092,Schönenberg-Kübelberg,07,07336,1,true,true,2026-01-01,BKG_VG250_2026_01_01
07336094,Selchenbach,07,07336,1,true,true,2026-01-01,BKG_VG250_2026_01_01
07336095,Sankt Julian,07,07336,1,true,true,2026-01-01,BKG_VG250_2026_01_01
07336096,Steinbach am Glan,07,07336,1,true,true,2026-01-01,BKG_VG250_2026_01_01
07336097,Thallichtenberg,07,07336,1,true,true,2026-01-01,BKG_VG250_2026_01_01
07336098,Theisbergstegen,07,07336,1,true,true,2026-01-01,BKG_VG250_2026_01_01
07336099,Ulmet,07,07336,1,true,true,2026-01-01,BKG_VG250_2026_01_01
07336100,Unterjeckenbach,07,07336,1,true,true,2026-01-01,BKG_VG250_2026_01_01
07336101,Wahnwegen,07,07336,1,true,true,2026-01-01,BKG_VG250_2026_01_01
07336102,Waldmohr,07,07336,1,true,true,2026-01-01,BKG_VG250_2026_01_01
07336103,Welchweiler,07,07336,1,true,true,2026-01-01,BKG_VG250_2026_01_01
07336104,Wiesweiler,07,07336,1,true,true,2026-01-01,BKG_VG250_2026_01_01
07336105,Wolfstein,07,07336,1,true,true,2026-01-01,BKG_VG250_2026_01_01
07336106,Bedesbach,07,07336,1,true,true,2026-01-01,BKG_VG250_2026_01_01
07336107,Matzenbach,07,07336,1,true,true,2026-01-01,BKG_VG250_2026_01_01
07336501,Quirnbach/Pfalz,07,07336,1,true,true,2026-01-01,BKG_VG250_2026_01_01
07337001,Albersweiler,07,07337,1,true,true,2026-01-01,BKG_VG250_2026_01_01
07337002,Altdorf,07,07337,1,true,true,2026-01-01,BKG_VG250_2026_01_01
07337005,Bad Bergzabern,07,07337,1,true,true,2026-01-01,BKG_VG250_2026_01_01
07337006,Barbelroth,07,07337,1,true,true,2026-01-01,BKG_VG250_2026_01_01
07337007,Billigheim-Ingenheim,07,07337,1,true,true,2026-01-01,BKG_VG250_2026_01_01
07337008,Birkenhördt,07,07337,1,true,true,2026-01-01,BKG_VG250_2026_01_01
07337009,Birkweiler,07,07337,1,true,true,2026-01-01,BKG_VG250_2026_01_01
07337011,Böbingen,07,07337,1,true,true,2026-01-01,BKG_VG250_2026_01_01
07337012,Böchingen,07,07337,1,true,true,2026-01-01,BKG_VG250_2026_01_01
07337013,Böllenborn,07,07337,1,true,true,2026-01-01,BKG_VG250_2026_01_01
07337014,Bornheim,07,07337,1,true,true,2026-01-01,BKG_VG250_2026_01_01
07337015,Burrweiler,07,07337,1,true,true,2026-01-01,BKG_VG250_2026_01_01
07337017,Dernbach,07,07337,1,true,true,2026-01-01,BKG_VG250_2026_01_01
07337018,Dierbach,07,07337,1,true,true,2026-01-01,BKG_VG250_2026_01_01
07337019,Dörrenbach,07,07337,1,true,true,2026-01-01,BKG_VG250_2026_01_01
07337020,Edenkoben,07,07337,1,true,true,2026-01-01,BKG_VG250_2026_01_01
07337021,Edesheim,07,07337,1,true,true,2026-01-01,BKG_VG250_2026_01_01
07337022,Eschbach,07,07337,1,true,true,2026-01-01,BKG_VG250_2026_01_01
07337023,Essingen,07,07337,1,true,true,2026-01-01,BKG_VG250_2026_01_01
07337024,Eußerthal,07,07337,1,true,true,2026-01-01,BKG_VG250_2026_01_01
07337025,Flemlingen,07,07337,1,true,true,2026-01-01,BKG_VG250_2026_01_01
07337026,Frankweiler,07,07337,1,true,true,2026-01-01,BKG_VG250_2026_01_01
07337027,Freimersheim (Pfalz),07,07337,1,true,true,2026-01-01,BKG_VG250_2026_01_01
07337028,Gleisweiler,07,07337,1,true,true,2026-01-01,BKG_VG250_2026_01_01
07337029,Gleiszellen-Gleishorbach,07,07337,1,true,true,2026-01-01,BKG_VG250_2026_01_01
07337031,Göcklingen,07,07337,1,true,true,2026-01-01,BKG_VG250_2026_01_01
07337032,Gommersheim,07,07337,1,true,true,2026-01-01,BKG_VG250_2026_01_01
07337033,Gossersweiler-Stein,07,07337,1,true,true,2026-01-01,BKG_VG250_2026_01_01
07337035,Großfischlingen,07,07337,1,true,true,2026-01-01,BKG_VG250_2026_01_01
07337036,Hainfeld,07,07337,1,true,true,2026-01-01,BKG_VG250_2026_01_01
07337037,Hergersweiler,07,07337,1,true,true,2026-01-01,BKG_VG250_2026_01_01
07337038,Herxheim bei Landau/Pfalz,07,07337,1,true,true,2026-01-01,BKG_VG250_2026_01_01
07337039,Herxheimweyher,07,07337,1,true,true,2026-01-01,BKG_VG250_2026_01_01
07337040,Heuchelheim-Klingen,07,07337,1,true,true,2026-01-01,BKG_VG250_2026_01_01
07337041,Hochstadt (Pfalz),07,07337,1,true,true,2026-01-01,BKG_VG250_2026_01_01
07337042,Ilbesheim bei Landau in der Pfalz,07,07337,1,true,true,2026-01-01,BKG_VG250_2026_01_01
07337043,Impflingen,07,07337,1,true,true,2026-01-01,BKG_VG250_2026_01_01
07337044,Insheim,07,07337,1,true,true,2026-01-01,BKG_VG250_2026_01_01
07337045,Kapellen-Drusweiler,07,07337,1,true,true,2026-01-01,BKG_VG250_2026_01_01
07337046,Kapsweyer,07,07337,1,true,true,2026-01-01,BKG_VG250_2026_01_01
07337047,Kirrweiler (Pfalz),07,07337,1,true,true,2026-01-01,BKG_VG250_2026_01_01
07337048,Kleinfischlingen,07,07337,1,true,true,2026-01-01,BKG_VG250_2026_01_01
07337049,Klingenmünster,07,07337,1,true,true,2026-01-01,BKG_VG250_2026_01_01
07337050,Knöringen,07,07337,1,true,true,2026-01-01,BKG_VG250_2026_01_01
07337051,Leinsweiler,07,07337,1,true,true,2026-01-01,BKG_VG250_2026_01_01
07337052,Maikammer,07,07337,1,true,true,2026-01-01,BKG_VG250_2026_01_01
07337054,Münchweiler am Klingbach,07,07337,1,true,true,2026-01-01,BKG_VG250_2026_01_01
07337055,Niederhorbach,07,07337,1,true,true,2026-01-01,BKG_VG250_2026_01_01
07337056,Niederotterbach,07,07337,1,true,true,2026-01-01,BKG_VG250_2026_01_01
07337058,Oberhausen,07,07337,1,true,true,2026-01-01,BKG_VG250_2026_01_01
07337059,Oberotterbach,07,07337,1,true,true,2026-01-01,BKG_VG250_2026_01_01
07337060,Oberschlettenbach,07,07337,1,true,true,2026-01-01,BKG_VG250_2026_01_01
07337061,Offenbach an der Queich,07,07337,1,true,true,2026-01-01,BKG_VG250_2026_01_01
07337062,Pleisweiler-Oberhofen,07,07337,1,true,true,2026-01-01,BKG_VG250_2026_01_01
07337064,Ramberg,07,07337,1,true,true,2026-01-01,BKG_VG250_2026_01_01
07337065,Ranschbach,07,07337,1,true,true,2026-01-01,BKG_VG250_2026_01_01
07337066,Rhodt unter Rietburg,07,07337,1,true,true,2026-01-01,BKG_VG250_2026_01_01
07337067,Rinnthal,07,07337,1,true,true,2026-01-01,BKG_VG250_2026_01_01
07337068,Rohrbach,07,07337,1,true,true,2026-01-01,BKG_VG250_2026_01_01
07337069,Roschbach,07,07337,1,true,true,2026-01-01,BKG_VG250_2026_01_01
07337070,Sankt Martin,07,07337,1,true,true,2026-01-01,BKG_VG250_2026_01_01
07337071,Schweigen-Rechtenbach,07,07337,1,true,true,2026-01-01,BKG_VG250_2026_01_01
07337072,Schweighofen,07,07337,1,true,true,2026-01-01,BKG_VG250_2026_01_01
07337073,Siebeldingen,07,07337,1,true,true,2026-01-01,BKG_VG250_2026_01_01
07337074,Silz,07,07337,1,true,true,2026-01-01,BKG_VG250_2026_01_01
07337076,Steinfeld,07,07337,1,true,true,2026-01-01,BKG_VG250_2026_01_01
07337077,Venningen,07,07337,1,true,true,2026-01-01,BKG_VG250_2026_01_01
07337078,Völkersweiler,07,07337,1,true,true,2026-01-01,BKG_VG250_2026_01_01
07337079,Vorderweidenthal,07,07337,1,true,true,2026-01-01,BKG_VG250_2026_01_01
07337080,Waldhambach,07,07337,1,true,true,2026-01-01,BKG_VG250_2026_01_01
07337081,Waldrohrbach,07,07337,1,true,true,2026-01-01,BKG_VG250_2026_01_01
07337082,Walsheim,07,07337,1,true,true,2026-01-01,BKG_VG250_2026_01_01
07337083,Wernersberg,07,07337,1,true,true,2026-01-01,BKG_VG250_2026_01_01
07337084,Weyher in der Pfalz,07,07337,1,true,true,2026-01-01,BKG_VG250_2026_01_01
07337501,Annweiler am Trifels,07,07337,1,true,true,2026-01-01,BKG_VG250_2026_01_01
07338001,Altrip,07,07338,1,true,true,2026-01-01,BKG_VG250_2026_01_01
07338002,Beindersheim,07,07338,1,true,true,2026-01-01,BKG_VG250_2026_01_01
07338003,Birkenheide,07,07338,1,true,true,2026-01-01,BKG_VG250_2026_01_01
07338004,Bobenheim-Roxheim,07,07338,1,true,true,2026-01-01,BKG_VG250_2026_01_01
07338005,Böhl-Iggelheim,07,07338,1,true,true,2026-01-01,BKG_VG250_2026_01_01
07338006,Dannstadt-Schauernheim,07,07338,1,true,true,2026-01-01,BKG_VG250_2026_01_01
07338007,Dudenhofen,07,07338,1,true,true,2026-01-01,BKG_VG250_2026_01_01
07338008,Fußgönheim,07,07338,1,true,true,2026-01-01,BKG_VG250_2026_01_01
07338009,Großniedesheim,07,07338,1,true,true,2026-01-01,BKG_VG250_2026_01_01
07338010,Hanhofen,07,07338,1,true,true,2026-01-01,BKG_VG250_2026_01_01
07338011,Harthausen,07,07338,1,true,true,2026-01-01,BKG_VG250_2026_01_01
07338012,Heßheim,07,07338,1,true,true,2026-01-01,BKG_VG250_2026_01_01
07338013,Heuchelheim bei Frankenthal,07,07338,1,true,true,2026-01-01,BKG_VG250_2026_01_01
07338014,Hochdorf-Assenheim,07,07338,1,true,true,2026-01-01,BKG_VG250_2026_01_01
07338015,Kleinniedesheim,07,07338,1,true,true,2026-01-01,BKG_VG250_2026_01_01
07338016,Lambsheim,07,07338,1,true,true,2026-01-01,BKG_VG250_2026_01_01
07338017,Limburgerhof,07,07338,1,true,true,2026-01-01,BKG_VG250_2026_01_01
07338018,Maxdorf,07,07338,1,true,true,2026-01-01,BKG_VG250_2026_01_01
07338019,Mutterstadt,07,07338,1,true,true,2026-01-01,BKG_VG250_2026_01_01
07338020,Neuhofen,07,07338,1,true,true,2026-01-01,BKG_VG250_2026_01_01
07338021,Otterstadt,07,07338,1,true,true,2026-01-01,BKG_VG250_2026_01_01
07338022,Rödersheim-Gronau,07,07338,1,true,true,2026-01-01,BKG_VG250_2026_01_01
07338023,Römerberg,07,07338,1,true,true,2026-01-01,BKG_VG250_2026_01_01
07338025,Schifferstadt,07,07338,1,true,true,2026-01-01,BKG_VG250_2026_01_01
07338026,Waldsee,07,07338,1,true,true,2026-01-01,BKG_VG250_2026_01_01
07339001,Appenheim,07,07339,1,true,true,2026-01-01,BKG_VG250_2026_01_01
07339002,Aspisheim,07,07339,1,true,true,2026-01-01,BKG_VG250_2026_01_01
07339003,Bacharach,07,07339,1,true,true,2026-01-01,BKG_VG250_2026_01_01
07339004,Badenheim,07,07339,1,true,true,2026-01-01,BKG_VG250_2026_01_01
07339005,Bingen am Rhein,07,07339,1,true,true,2026-01-01,BKG_VG250_2026_01_01
07339006,Bodenheim,07,07339,1,true,true,2026-01-01,BKG_VG250_2026_01_01
07339007,Breitscheid,07,07339,1,true,true,2026-01-01,BKG_VG250_2026_01_01
07339008,Bubenheim,07,07339,1,true,true,2026-01-01,BKG_VG250_2026_01_01
07339009,Budenheim,07,07339,1,true,true,2026-01-01,BKG_VG250_2026_01_01
07339010,Dalheim,07,07339,1,true,true,2026-01-01,BKG_VG250_2026_01_01
07339011,Dexheim,07,07339,1,true,true,2026-01-01,BKG_VG250_2026_01_01
07339012,Dienheim,07,07339,1,true,true,2026-01-01,BKG_VG250_2026_01_01
07339013,Dolgesheim,07,07339,1,true,true,2026-01-01,BKG_VG250_2026_01_01
07339015,Eimsheim,07,07339,1,true,true,2026-01-01,BKG_VG250_2026_01_01
07339016,Engelstadt,07,07339,1,true,true,2026-01-01,BKG_VG250_2026_01_01
07339017,Essenheim,07,07339,1,true,true,2026-01-01,BKG_VG250_2026_01_01
07339018,Friesenheim,07,07339,1,true,true,2026-01-01,BKG_VG250_2026_01_01
07339019,Gau-Algesheim,07,07339,1,true,true,2026-01-01,BKG_VG250_2026_01_01
07339020,Gau-Bischofsheim,07,07339,1,true,true,2026-01-01,BKG_VG250_2026_01_01
07339021,Gensingen,07,07339,1,true,true,2026-01-01,BKG_VG250_2026_01_01
07339022,Grolsheim,07,07339,1,true,true,2026-01-01,BKG_VG250_2026_01_01
07339024,Guntersblum,07,07339,1,true,true,2026-01-01,BKG_VG250_2026_01_01
07339025,Hahnheim,07,07339,1,true,true,2026-01-01,BKG_VG250_2026_01_01
07339026,Harxheim,07,07339,1,true,true,2026-01-01,BKG_VG250_2026_01_01
07339028,Hillesheim,07,07339,1,true,true,2026-01-01,BKG_VG250_2026_01_01
07339029,Horrweiler,07,07339,1,true,true,2026-01-01,BKG_VG250_2026_01_01
07339030,Ingelheim am Rhein,07,07339,1,true,true,2026-01-01,BKG_VG250_2026_01_01
07339031,Jugenheim in Rheinhessen,07,07339,1,true,true,2026-01-01,BKG_VG250_2026_01_01
07339032,Klein-Winternheim,07,07339,1,true,true,2026-01-01,BKG_VG250_2026_01_01
07339033,Köngernheim,07,07339,1,true,true,2026-01-01,BKG_VG250_2026_01_01
07339034,Lörzweiler,07,07339,1,true,true,2026-01-01,BKG_VG250_2026_01_01
07339035,Ludwigshöhe,07,07339,1,true,true,2026-01-01,BKG_VG250_2026_01_01
07339036,Manubach,07,07339,1,true,true,2026-01-01,BKG_VG250_2026_01_01
07339037,Mommenheim,07,07339,1,true,true,2026-01-01,BKG_VG250_2026_01_01
07339038,Münster-Sarmsheim,07,07339,1,true,true,2026-01-01,BKG_VG250_2026_01_01
07339039,Nackenheim,07,07339,1,true,true,2026-01-01,BKG_VG250_2026_01_01
07339040,Niederheimbach,07,07339,1,true,true,2026-01-01,BKG_VG250_2026_01_01
07339041,Nieder-Hilbersheim,07,07339,1,true,true,2026-01-01,BKG_VG250_2026_01_01
07339042,Nieder-Olm,07,07339,1,true,true,2026-01-01,BKG_VG250_2026_01_01
07339043,Nierstein,07,07339,1,true,true,2026-01-01,BKG_VG250_2026_01_01
07339044,Oberdiebach,07,07339,1,true,true,2026-01-01,BKG_VG250_2026_01_01
07339045,Oberheimbach,07,07339,1,true,true,2026-01-01,BKG_VG250_2026_01_01
07339046,Ober-Hilbersheim,07,07339,1,true,true,2026-01-01,BKG_VG250_2026_01_01
07339047,Ober-Olm,07,07339,1,true,true,2026-01-01,BKG_VG250_2026_01_01
07339048,Ockenheim,07,07339,1,true,true,2026-01-01,BKG_VG250_2026_01_01
07339049,Oppenheim,07,07339,1,true,true,2026-01-01,BKG_VG250_2026_01_01
07339050,Sankt Johann,07,07339,1,true,true,2026-01-01,BKG_VG250_2026_01_01
07339051,Schwabenheim an der Selz,07,07339,1,true,true,2026-01-01,BKG_VG250_2026_01_01
07339053,Selzen,07,07339,1,true,true,2026-01-01,BKG_VG250_2026_01_01
07339054,Sörgenloch,07,07339,1,true,true,2026-01-01,BKG_VG250_2026_01_01
07339056,Sprendlingen,07,07339,1,true,true,2026-01-01,BKG_VG250_2026_01_01
07339057,Stadecken-Elsheim,07,07339,1,true,true,2026-01-01,BKG_VG250_2026_01_01
07339058,Trechtingshausen,07,07339,1,true,true,2026-01-01,BKG_VG250_2026_01_01
07339059,Uelversheim,07,07339,1,true,true,2026-01-01,BKG_VG250_2026_01_01
07339060,Undenheim,07,07339,1,true,true,2026-01-01,BKG_VG250_2026_01_01
07339062,Waldalgesheim,07,07339,1,true,true,2026-01-01,BKG_VG250_2026_01_01
07339063,Weiler bei Bingen,07,07339,1,true,true,2026-01-01,BKG_VG250_2026_01_01
07339064,Weinolsheim,07,07339,1,true,true,2026-01-01,BKG_VG250_2026_01_01
07339065,Welgesheim,07,07339,1,true,true,2026-01-01,BKG_VG250_2026_01_01
07339066,Wintersheim,07,07339,1,true,true,2026-01-01,BKG_VG250_2026_01_01
07339067,Zornheim,07,07339,1,true,true,2026-01-01,BKG_VG250_2026_01_01
07339068,Zotzenheim,07,07339,1,true,true,2026-01-01,BKG_VG250_2026_01_01
07339201,Dorn-Dürkheim,07,07339,1,true,true,2026-01-01,BKG_VG250_2026_01_01
07339202,Wolfsheim,07,07339,1,true,true,2026-01-01,BKG_VG250_2026_01_01
07340001,Bobenthal,07,07340,1,true,true,2026-01-01,BKG_VG250_2026_01_01
07340002,Busenberg,07,07340,1,true,true,2026-01-01,BKG_VG250_2026_01_01
07340003,Clausen,07,07340,1,true,true,2026-01-01,BKG_VG250_2026_01_01
07340004,Dahn,07,07340,1,true,true,2026-01-01,BKG_VG250_2026_01_01
07340005,Darstein,07,07340,1,true,true,2026-01-01,BKG_VG250_2026_01_01
07340006,Dimbach,07,07340,1,true,true,2026-01-01,BKG_VG250_2026_01_01
07340007,Donsieders,07,07340,1,true,true,2026-01-01,BKG_VG250_2026_01_01
07340008,Eppenbrunn,07,07340,1,true,true,2026-01-01,BKG_VG250_2026_01_01
07340009,Erfweiler,07,07340,1,true,true,2026-01-01,BKG_VG250_2026_01_01
07340010,Erlenbach bei Dahn,07,07340,1,true,true,2026-01-01,BKG_VG250_2026_01_01
07340011,Fischbach bei Dahn,07,07340,1,true,true,2026-01-01,BKG_VG250_2026_01_01
07340012,Geiselberg,07,07340,1,true,true,2026-01-01,BKG_VG250_2026_01_01
07340014,Hauenstein,07,07340,1,true,true,2026-01-01,BKG_VG250_2026_01_01
07340015,Heltersberg,07,07340,1,true,true,2026-01-01,BKG_VG250_2026_01_01
07340016,Hermersberg,07,07340,1,true,true,2026-01-01,BKG_VG250_2026_01_01
07340017,Herschberg,07,07340,1,true,true,2026-01-01,BKG_VG250_2026_01_01
07340018,Hettenhausen,07,07340,1,true,true,2026-01-01,BKG_VG250_2026_01_01
07340019,Hilst,07,07340,1,true,true,2026-01-01,BKG_VG250_2026_01_01
07340020,Hinterweidenthal,07,07340,1,true,true,2026-01-01,BKG_VG250_2026_01_01
07340021,Hirschthal,07,07340,1,true,true,2026-01-01,BKG_VG250_2026_01_01
07340022,Höheinöd,07,07340,1,true,true,2026-01-01,BKG_VG250_2026_01_01
07340023,Höheischweiler,07,07340,1,true,true,2026-01-01,BKG_VG250_2026_01_01
07340024,Höhfröschen,07,07340,1,true,true,2026-01-01,BKG_VG250_2026_01_01
07340025,Horbach,07,07340,1,true,true,2026-01-01,BKG_VG250_2026_01_01
07340026,Kröppen,07,07340,1,true,true,2026-01-01,BKG_VG250_2026_01_01
07340027,Leimen,07,07340,1,true,true,2026-01-01,BKG_VG250_2026_01_01
07340028,Lemberg,07,07340,1,true,true,2026-01-01,BKG_VG250_2026_01_01
07340029,Ludwigswinkel,07,07340,1,true,true,2026-01-01,BKG_VG250_2026_01_01
07340030,Lug,07,07340,1,true,true,2026-01-01,BKG_VG250_2026_01_01
07340031,Merzalben,07,07340,1,true,true,2026-01-01,BKG_VG250_2026_01_01
07340032,Münchweiler an der Rodalb,07,07340,1,true,true,2026-01-01,BKG_VG250_2026_01_01
07340033,Niederschlettenbach,07,07340,1,true,true,2026-01-01,BKG_VG250_2026_01_01
07340034,Nothweiler,07,07340,1,true,true,2026-01-01,BKG_VG250_2026_01_01
07340035,Nünschweiler,07,07340,1,true,true,2026-01-01,BKG_VG250_2026_01_01
07340036,Obersimten,07,07340,1,true,true,2026-01-01,BKG_VG250_2026_01_01
07340037,Petersberg,07,07340,1,true,true,2026-01-01,BKG_VG250_2026_01_01
07340038,Rodalben,07,07340,1,true,true,2026-01-01,BKG_VG250_2026_01_01
07340039,Rumbach,07,07340,1,true,true,2026-01-01,BKG_VG250_2026_01_01
07340040,Ruppertsweiler,07,07340,1,true,true,2026-01-01,BKG_VG250_2026_01_01
07340041,Saalstadt,07,07340,1,true,true,2026-01-01,BKG_VG250_2026_01_01
07340042,Schauerberg,07,07340,1,true,true,2026-01-01,BKG_VG250_2026_01_01
07340043,Schindhard,07,07340,1,true,true,2026-01-01,BKG_VG250_2026_01_01
07340044,Schmalenberg,07,07340,1,true,true,2026-01-01,BKG_VG250_2026_01_01
07340045,Schönau (Pfalz),07,07340,1,true,true,2026-01-01,BKG_VG250_2026_01_01
07340047,Schwanheim,07,07340,1,true,true,2026-01-01,BKG_VG250_2026_01_01
07340048,Schweix,07,07340,1,true,true,2026-01-01,BKG_VG250_2026_01_01
07340049,Spirkelbach,07,07340,1,true,true,2026-01-01,BKG_VG250_2026_01_01
07340050,Steinalben,07,07340,1,true,true,2026-01-01,BKG_VG250_2026_01_01
07340051,Thaleischweiler-Fröschen,07,07340,1,true,true,2026-01-01,BKG_VG250_2026_01_01
07340052,Trulben,07,07340,1,true,true,2026-01-01,BKG_VG250_2026_01_01
07340053,Vinningen,07,07340,1,true,true,2026-01-01,BKG_VG250_2026_01_01
07340054,Waldfischbach-Burgalben,07,07340,1,true,true,2026-01-01,BKG_VG250_2026_01_01
07340055,Weselberg,07,07340,1,true,true,2026-01-01,BKG_VG250_2026_01_01
07340057,Wilgartswiesen,07,07340,1,true,true,2026-01-01,BKG_VG250_2026_01_01
07340201,Althornbach,07,07340,1,true,true,2026-01-01,BKG_VG250_2026_01_01
07340202,Battweiler,07,07340,1,true,true,2026-01-01,BKG_VG250_2026_01_01
07340203,Bechhofen,07,07340,1,true,true,2026-01-01,BKG_VG250_2026_01_01
07340204,Biedershausen,07,07340,1,true,true,2026-01-01,BKG_VG250_2026_01_01
07340205,Bottenbach,07,07340,1,true,true,2026-01-01,BKG_VG250_2026_01_01
07340206,Contwig,07,07340,1,true,true,2026-01-01,BKG_VG250_2026_01_01
07340207,Dellfeld,07,07340,1,true,true,2026-01-01,BKG_VG250_2026_01_01
07340208,Dietrichingen,07,07340,1,true,true,2026-01-01,BKG_VG250_2026_01_01
07340209,Großbundenbach,07,07340,1,true,true,2026-01-01,BKG_VG250_2026_01_01
07340210,Großsteinhausen,07,07340,1,true,true,2026-01-01,BKG_VG250_2026_01_01
07340211,Hornbach,07,07340,1,true,true,2026-01-01,BKG_VG250_2026_01_01
07340212,Käshofen,07,07340,1,true,true,2026-01-01,BKG_VG250_2026_01_01
07340213,Kleinbundenbach,07,07340,1,true,true,2026-01-01,BKG_VG250_2026_01_01
07340214,Kleinsteinhausen,07,07340,1,true,true,2026-01-01,BKG_VG250_2026_01_01
07340215,Knopp-Labach,07,07340,1,true,true,2026-01-01,BKG_VG250_2026_01_01
07340216,Krähenberg,07,07340,1,true,true,2026-01-01,BKG_VG250_2026_01_01
07340217,Maßweiler,07,07340,1,true,true,2026-01-01,BKG_VG250_2026_01_01
07340218,Mauschbach,07,07340,1,true,true,2026-01-01,BKG_VG250_2026_01_01
07340219,Obernheim-Kirchenarnbach,07,07340,1,true,true,2026-01-01,BKG_VG250_2026_01_01
07340220,Reifenberg,07,07340,1,true,true,2026-01-01,BKG_VG250_2026_01_01
07340221,Riedelberg,07,07340,1,true,true,2026-01-01,BKG_VG250_2026_01_01
07340222,Rieschweiler-Mühlbach,07,07340,1,true,true,2026-01-01,BKG_VG250_2026_01_01
07340223,Rosenkopf,07,07340,1,true,true,2026-01-01,BKG_VG250_2026_01_01
07340224,Schmitshausen,07,07340,1,true,true,2026-01-01,BKG_VG250_2026_01_01
07340225,Wallhalben,07,07340,1,true,true,2026-01-01,BKG_VG250_2026_01_01
07340226,Walshausen,07,07340,1,true,true,2026-01-01,BKG_VG250_2026_01_01
07340227,Wiesbach,07,07340,1,true,true,2026-01-01,BKG_VG250_2026_01_01
07340228,Winterbach (Pfalz),07,07340,1,true,true,2026-01-01,BKG_VG250_2026_01_01
07340501,Bruchweiler-Bärenbach,07,07340,1,true,true,2026-01-01,BKG_VG250_2026_01_01
07340502,Bundenthal,07,07340,1,true,true,2026-01-01,BKG_VG250_2026_01_01
08111000,Stuttgart,08,08111,1,true,true,2026-01-01,BKG_VG250_2026_01_01
08115001,Aidlingen,08,08115,1,true,true,2026-01-01,BKG_VG250_2026_01_01
08115002,Altdorf,08,08115,1,true,true,2026-01-01,BKG_VG250_2026_01_01
08115003,Böblingen,08,08115,1,true,true,2026-01-01,BKG_VG250_2026_01_01
08115004,Bondorf,08,08115,1,true,true,2026-01-01,BKG_VG250_2026_01_01
08115010,Deckenpfronn,08,08115,1,true,true,2026-01-01,BKG_VG250_2026_01_01
08115013,Ehningen,08,08115,1,true,true,2026-01-01,BKG_VG250_2026_01_01
08115015,Gärtringen,08,08115,1,true,true,2026-01-01,BKG_VG250_2026_01_01
08115016,Gäufelden,08,08115,1,true,true,2026-01-01,BKG_VG250_2026_01_01
08115021,Herrenberg,08,08115,1,true,true,2026-01-01,BKG_VG250_2026_01_01
08115022,Hildrizhausen,08,08115,1,true,true,2026-01-01,BKG_VG250_2026_01_01
08115024,Holzgerlingen,08,08115,1,true,true,2026-01-01,BKG_VG250_2026_01_01
08115028,Leonberg,08,08115,1,true,true,2026-01-01,BKG_VG250_2026_01_01
08115029,Magstadt,08,08115,1,true,true,2026-01-01,BKG_VG250_2026_01_01
08115034,Mötzingen,08,08115,1,true,true,2026-01-01,BKG_VG250_2026_01_01
08115037,Nufringen,08,08115,1,true,true,2026-01-01,BKG_VG250_2026_01_01
08115041,Renningen,08,08115,1,true,true,2026-01-01,BKG_VG250_2026_01_01
08115042,Rutesheim,08,08115,1,true,true,2026-01-01,BKG_VG250_2026_01_01
08115044,Schönaich,08,08115,1,true,true,2026-01-01,BKG_VG250_2026_01_01
08115045,Sindelfingen,08,08115,1,true,true,2026-01-01,BKG_VG250_2026_01_01
08115046,Steinenbronn,08,08115,1,true,true,2026-01-01,BKG_VG250_2026_01_01
08115048,Waldenbuch,08,08115,1,true,true,2026-01-01,BKG_VG250_2026_01_01
08115050,Weil der Stadt,08,08115,1,true,true,2026-01-01,BKG_VG250_2026_01_01
08115051,Weil im Schönbuch,08,08115,1,true,true,2026-01-01,BKG_VG250_2026_01_01
08115052,Weissach,08,08115,1,true,true,2026-01-01,BKG_VG250_2026_01_01
08115053,Jettingen,08,08115,1,true,true,2026-01-01,BKG_VG250_2026_01_01
08115054,Grafenau,08,08115,1,true,true,2026-01-01,BKG_VG250_2026_01_01
08116004,Altbach,08,08116,1,true,true,2026-01-01,BKG_VG250_2026_01_01
08116005,Altdorf,08,08116,1,true,true,2026-01-01,BKG_VG250_2026_01_01
08116006,Altenriet,08,08116,1,true,true,2026-01-01,BKG_VG250_2026_01_01
08116007,Baltmannsweiler,08,08116,1,true,true,2026-01-01,BKG_VG250_2026_01_01
08116008,Bempflingen,08,08116,1,true,true,2026-01-01,BKG_VG250_2026_01_01
08116011,Beuren,08,08116,1,true,true,2026-01-01,BKG_VG250_2026_01_01
08116012,Bissingen an der Teck,08,08116,1,true,true,2026-01-01,BKG_VG250_2026_01_01
08116014,Deizisau,08,08116,1,true,true,2026-01-01,BKG_VG250_2026_01_01
08116015,Denkendorf,08,08116,1,true,true,2026-01-01,BKG_VG250_2026_01_01
08116016,Dettingen unter Teck,08,08116,1,true,true,2026-01-01,BKG_VG250_2026_01_01
08116018,Erkenbrechtsweiler,08,08116,1,true,true,2026-01-01,BKG_VG250_2026_01_01
08116019,Esslingen am Neckar,08,08116,1,true,true,2026-01-01,BKG_VG250_2026_01_01
08116020,Frickenhausen,08,08116,1,true,true,2026-01-01,BKG_VG250_2026_01_01
08116022,Großbettlingen,08,08116,1,true,true,2026-01-01,BKG_VG250_2026_01_01
08116027,Hochdorf,08,08116,1,true,true,2026-01-01,BKG_VG250_2026_01_01
08116029,Holzmaden,08,08116,1,true,true,2026-01-01,BKG_VG250_2026_01_01
08116033,Kirchheim unter Teck,08,08116,1,true,true,2026-01-01,BKG_VG250_2026_01_01
08116035,Köngen,08,08116,1,true,true,2026-01-01,BKG_VG250_2026_01_01
08116036,Kohlberg,08,08116,1,true,true,2026-01-01,BKG_VG250_2026_01_01
08116037,Lichtenwald,08,08116,1,true,true,2026-01-01,BKG_VG250_2026_01_01
08116041,Neckartailfingen,08,08116,1,true,true,2026-01-01,BKG_VG250_2026_01_01
08116042,Neckartenzlingen,08,08116,1,true,true,2026-01-01,BKG_VG250_2026_01_01
08116043,Neidlingen,08,08116,1,true,true,2026-01-01,BKG_VG250_2026_01_01
08116046,Neuffen,08,08116,1,true,true,2026-01-01,BKG_VG250_2026_01_01
08116047,Neuhausen auf den Fildern,08,08116,1,true,true,2026-01-01,BKG_VG250_2026_01_01
08116048,Notzingen,08,08116,1,true,true,2026-01-01,BKG_VG250_2026_01_01
08116049,Nürtingen,08,08116,1,true,true,2026-01-01,BKG_VG250_2026_01_01
08116050,Oberboihingen,08,08116,1,true,true,2026-01-01,BKG_VG250_2026_01_01
08116053,Ohmden,08,08116,1,true,true,2026-01-01,BKG_VG250_2026_01_01
08116054,Owen,08,08116,1,true,true,2026-01-01,BKG_VG250_2026_01_01
08116056,Plochingen,08,08116,1,true,true,2026-01-01,BKG_VG250_2026_01_01
08116058,Reichenbach an der Fils,08,08116,1,true,true,2026-01-01,BKG_VG250_2026_01_01
08116063,Schlaitdorf,08,08116,1,true,true,2026-01-01,BKG_VG250_2026_01_01
08116068,Unterensingen,08,08116,1,true,true,2026-01-01,BKG_VG250_2026_01_01
08116070,Weilheim an der Teck,08,08116,1,true,true,2026-01-01,BKG_VG250_2026_01_01
08116071,Wendlingen am Neckar,08,08116,1,true,true,2026-01-01,BKG_VG250_2026_01_01
08116072,Wernau (Neckar),08,08116,1,true,true,2026-01-01,BKG_VG250_2026_01_01
08116073,Wolfschlugen,08,08116,1,true,true,2026-01-01,BKG_VG250_2026_01_01
08116076,Aichwald,08,08116,1,true,true,2026-01-01,BKG_VG250_2026_01_01
08116077,Filderstadt,08,08116,1,true,true,2026-01-01,BKG_VG250_2026_01_01
08116078,Leinfelden-Echterdingen,08,08116,1,true,true,2026-01-01,BKG_VG250_2026_01_01
08116079,Lenningen,08,08116,1,true,true,2026-01-01,BKG_VG250_2026_01_01
08116080,Ostfildern,08,08116,1,true,true,2026-01-01,BKG_VG250_2026_01_01
08116081,Aichtal,08,08116,1,true,true,2026-01-01,BKG_VG250_2026_01_01
08117001,Adelberg,08,08117,1,true,true,2026-01-01,BKG_VG250_2026_01_01
08117002,Aichelberg,08,08117,1,true,true,2026-01-01,BKG_VG250_2026_01_01
08117003,Albershausen,08,08117,1,true,true,2026-01-01,BKG_VG250_2026_01_01
08117006,Bad Ditzenbach,08,08117,1,true,true,2026-01-01,BKG_VG250_2026_01_01
08117007,Bad Überkingen,08,08117,1,true,true,2026-01-01,BKG_VG250_2026_01_01
08117009,Birenbach,08,08117,1,true,true,2026-01-01,BKG_VG250_2026_01_01
08117010,Böhmenkirch,08,08117,1,true,true,2026-01-01,BKG_VG250_2026_01_01
08117011,Börtlingen,08,08117,1,true,true,2026-01-01,BKG_VG250_2026_01_01
08117012,Bad Boll,08,08117,1,true,true,2026-01-01,BKG_VG250_2026_01_01
08117014,Deggingen,08,08117,1,true,true,2026-01-01,BKG_VG250_2026_01_01
08117015,Donzdorf,08,08117,1,true,true,2026-01-01,BKG_VG250_2026_01_01
08117016,Drackenstein,08,08117,1,true,true,2026-01-01,BKG_VG250_2026_01_01
08117017,Dürnau,08,08117,1,true,true,2026-01-01,BKG_VG250_2026_01_01
08117018,Ebersbach an der Fils,08,08117,1,true,true,2026-01-01,BKG_VG250_2026_01_01
08117019,Eislingen/Fils,08,08117,1,true,true,2026-01-01,BKG_VG250_2026_01_01
08117020,Eschenbach,08,08117,1,true,true,2026-01-01,BKG_VG250_2026_01_01
08117023,Gammelshausen,08,08117,1,true,true,2026-01-01,BKG_VG250_2026_01_01
08117024,Geislingen an der Steige,08,08117,1,true,true,2026-01-01,BKG_VG250_2026_01_01
08117025,Gingen an der Fils,08,08117,1,true,true,2026-01-01,BKG_VG250_2026_01_01
08117026,Göppingen,08,08117,1,true,true,2026-01-01,BKG_VG250_2026_01_01
08117028,Gruibingen,08,08117,1,true,true,2026-01-01,BKG_VG250_2026_01_01
08117029,Hattenhofen,08,08117,1,true,true,2026-01-01,BKG_VG250_2026_01_01
08117030,Heiningen,08,08117,1,true,true,2026-01-01,BKG_VG250_2026_01_01
08117031,Hohenstadt,08,08117,1,true,true,2026-01-01,BKG_VG250_2026_01_01
08117033,Kuchen,08,08117,1,true,true,2026-01-01,BKG_VG250_2026_01_01
08117035,Mühlhausen im Täle,08,08117,1,true,true,2026-01-01,BKG_VG250_2026_01_01
08117037,Ottenbach,08,08117,1,true,true,2026-01-01,BKG_VG250_2026_01_01
08117038,Rechberghausen,08,08117,1,true,true,2026-01-01,BKG_VG250_2026_01_01
08117042,Salach,08,08117,1,true,true,2026-01-01,BKG_VG250_2026_01_01
08117043,Schlat,08,08117,1,true,true,2026-01-01,BKG_VG250_2026_01_01
08117044,Schlierbach,08,08117,1,true,true,2026-01-01,BKG_VG250_2026_01_01
08117049,Süßen,08,08117,1,true,true,2026-01-01,BKG_VG250_2026_01_01
08117051,Uhingen,08,08117,1,true,true,2026-01-01,BKG_VG250_2026_01_01
08117053,Wäschenbeuren,08,08117,1,true,true,2026-01-01,BKG_VG250_2026_01_01
08117055,Wangen,08,08117,1,true,true,2026-01-01,BKG_VG250_2026_01_01
08117058,Wiesensteig,08,08117,1,true,true,2026-01-01,BKG_VG250_2026_01_01
08117060,Zell unter Aichelberg,08,08117,1,true,true,2026-01-01,BKG_VG250_2026_01_01
08117061,Lauterstein,08,08117,1,true,true,2026-01-01,BKG_VG250_2026_01_01
08118001,Affalterbach,08,08118,1,true,true,2026-01-01,BKG_VG250_2026_01_01
08118003,Asperg,08,08118,1,true,true,2026-01-01,BKG_VG250_2026_01_01
08118006,Benningen am Neckar,08,08118,1,true,true,2026-01-01,BKG_VG250_2026_01_01
08118007,Besigheim,08,08118,1,true,true,2026-01-01,BKG_VG250_2026_01_01
08118010,Bönnigheim,08,08118,1,true,true,2026-01-01,BKG_VG250_2026_01_01
08118011,Ditzingen,08,08118,1,true,true,2026-01-01,BKG_VG250_2026_01_01
08118012,Eberdingen,08,08118,1,true,true,2026-01-01,BKG_VG250_2026_01_01
08118014,Erdmannhausen,08,08118,1,true,true,2026-01-01,BKG_VG250_2026_01_01
08118015,Erligheim,08,08118,1,true,true,2026-01-01,BKG_VG250_2026_01_01
08118016,Freudental,08,08118,1,true,true,2026-01-01,BKG_VG250_2026_01_01
08118018,Gemmrigheim,08,08118,1,true,true,2026-01-01,BKG_VG250_2026_01_01
08118019,Gerlingen,08,08118,1,true,true,2026-01-01,BKG_VG250_2026_01_01
08118021,Großbottwar,08,08118,1,true,true,2026-01-01,BKG_VG250_2026_01_01
08118027,Hemmingen,08,08118,1,true,true,2026-01-01,BKG_VG250_2026_01_01
08118028,Hessigheim,08,08118,1,true,true,2026-01-01,BKG_VG250_2026_01_01
08118040,Kirchheim am Neckar,08,08118,1,true,true,2026-01-01,BKG_VG250_2026_01_01
08118046,Kornwestheim,08,08118,1,true,true,2026-01-01,BKG_VG250_2026_01_01
08118047,Löchgau,08,08118,1,true,true,2026-01-01,BKG_VG250_2026_01_01
08118048,Ludwigsburg,08,08118,1,true,true,2026-01-01,BKG_VG250_2026_01_01
08118049,Marbach am Neckar,08,08118,1,true,true,2026-01-01,BKG_VG250_2026_01_01
08118050,Markgröningen,08,08118,1,true,true,2026-01-01,BKG_VG250_2026_01_01
08118051,Möglingen,08,08118,1,true,true,2026-01-01,BKG_VG250_2026_01_01
08118053,Mundelsheim,08,08118,1,true,true,2026-01-01,BKG_VG250_2026_01_01
08118054,Murr,08,08118,1,true,true,2026-01-01,BKG_VG250_2026_01_01
08118059,Oberriexingen,08,08118,1,true,true,2026-01-01,BKG_VG250_2026_01_01
08118060,Oberstenfeld,08,08118,1,true,true,2026-01-01,BKG_VG250_2026_01_01
08118063,Pleidelsheim,08,08118,1,true,true,2026-01-01,BKG_VG250_2026_01_01
08118067,Schwieberdingen,08,08118,1,true,true,2026-01-01,BKG_VG250_2026_01_01
08118068,Sersheim,08,08118,1,true,true,2026-01-01,BKG_VG250_2026_01_01
08118070,Steinheim an der Murr,08,08118,1,true,true,2026-01-01,BKG_VG250_2026_01_01
08118071,Tamm,08,08118,1,true,true,2026-01-01,BKG_VG250_2026_01_01
08118073,Vaihingen an der Enz,08,08118,1,true,true,2026-01-01,BKG_VG250_2026_01_01
08118074,Walheim,08,08118,1,true,true,2026-01-01,BKG_VG250_2026_01_01
08118076,Sachsenheim,08,08118,1,true,true,2026-01-01,BKG_VG250_2026_01_01
08118077,Ingersheim,08,08118,1,true,true,2026-01-01,BKG_VG250_2026_01_01
08118078,Freiberg am Neckar,08,08118,1,true,true,2026-01-01,BKG_VG250_2026_01_01
08118079,Bietigheim-Bissingen,08,08118,1,true,true,2026-01-01,BKG_VG250_2026_01_01
08118080,Korntal-Münchingen,08,08118,1,true,true,2026-01-01,BKG_VG250_2026_01_01
08118081,Remseck am Neckar,08,08118,1,true,true,2026-01-01,BKG_VG250_2026_01_01
08119001,Alfdorf,08,08119,1,true,true,2026-01-01,BKG_VG250_2026_01_01
08119003,Allmersbach im Tal,08,08119,1,true,true,2026-01-01,BKG_VG250_2026_01_01
08119004,Althütte,08,08119,1,true,true,2026-01-01,BKG_VG250_2026_01_01
08119006,Auenwald,08,08119,1,true,true,2026-01-01,BKG_VG250_2026_01_01
08119008,Backnang,08,08119,1,true,true,2026-01-01,BKG_VG250_2026_01_01
08119018,Burgstetten,08,08119,1,true,true,2026-01-01,BKG_VG250_2026_01_01
08119020,Fellbach,08,08119,1,true,true,2026-01-01,BKG_VG250_2026_01_01
08119024,Großerlach,08,08119,1,true,true,2026-01-01,BKG_VG250_2026_01_01
08119037,Kaisersbach,08,08119,1,true,true,2026-01-01,BKG_VG250_2026_01_01
08119038,Kirchberg an der Murr,08,08119,1,true,true,2026-01-01,BKG_VG250_2026_01_01
08119041,Korb,08,08119,1,true,true,2026-01-01,BKG_VG250_2026_01_01
08119042,Leutenbach,08,08119,1,true,true,2026-01-01,BKG_VG250_2026_01_01
08119044,Murrhardt,08,08119,1,true,true,2026-01-01,BKG_VG250_2026_01_01
08119053,Oppenweiler,08,08119,1,true,true,2026-01-01,BKG_VG250_2026_01_01
08119055,Plüderhausen,08,08119,1,true,true,2026-01-01,BKG_VG250_2026_01_01
08119061,Rudersberg,08,08119,1,true,true,2026-01-01,BKG_VG250_2026_01_01
08119067,Schorndorf,08,08119,1,true,true,2026-01-01,BKG_VG250_2026_01_01
08119068,Schwaikheim,08,08119,1,true,true,2026-01-01,BKG_VG250_2026_01_01
08119069,Spiegelberg,08,08119,1,true,true,2026-01-01,BKG_VG250_2026_01_01
08119075,Sulzbach an der Murr,08,08119,1,true,true,2026-01-01,BKG_VG250_2026_01_01
08119076,Urbach,08,08119,1,true,true,2026-01-01,BKG_VG250_2026_01_01
08119079,Waiblingen,08,08119,1,true,true,2026-01-01,BKG_VG250_2026_01_01
08119083,Weissach im Tal,08,08119,1,true,true,2026-01-01,BKG_VG250_2026_01_01
08119084,Welzheim,08,08119,1,true,true,2026-01-01,BKG_VG250_2026_01_01
08119085,Winnenden,08,08119,1,true,true,2026-01-01,BKG_VG250_2026_01_01
08119086,Winterbach,08,08119,1,true,true,2026-01-01,BKG_VG250_2026_01_01
08119087,Aspach,08,08119,1,true,true,2026-01-01,BKG_VG250_2026_01_01
08119089,Berglen,08,08119,1,true,true,2026-01-01,BKG_VG250_2026_01_01
08119090,Remshalden,08,08119,1,true,true,2026-01-01,BKG_VG250_2026_01_01
08119091,Weinstadt,08,08119,1,true,true,2026-01-01,BKG_VG250_2026_01_01
08119093,Kernen im Remstal,08,08119,1,true,true,2026-01-01,BKG_VG250_2026_01_01
08121000,Heilbronn,08,08121,1,true,true,2026-01-01,BKG_VG250_2026_01_01
08125001,Abstatt,08,08125,1,true,true,2026-01-01,BKG_VG250_2026_01_01
08125005,Bad Friedrichshall,08,08125,1,true,true,2026-01-01,BKG_VG250_2026_01_01
08125006,Bad Rappenau,08,08125,1,true,true,2026-01-01,BKG_VG250_2026_01_01
08125007,Bad Wimpfen,08,08125,1,true,true,2026-01-01,BKG_VG250_2026_01_01
08125008,Beilstein,08,08125,1,true,true,2026-01-01,BKG_VG250_2026_01_01
08125013,Brackenheim,08,08125,1,true,true,2026-01-01,BKG_VG250_2026_01_01
08125017,Cleebronn,08,08125,1,true,true,2026-01-01,BKG_VG250_2026_01_01
08125021,Eberstadt,08,08125,1,true,true,2026-01-01,BKG_VG250_2026_01_01
08125024,Ellhofen,08,08125,1,true,true,2026-01-01,BKG_VG250_2026_01_01
08125026,Eppingen,08,08125,1,true,true,2026-01-01,BKG_VG250_2026_01_01
08125027,Erlenbach,08,08125,1,true,true,2026-01-01,BKG_VG250_2026_01_01
08125030,Flein,08,08125,1,true,true,2026-01-01,BKG_VG250_2026_01_01
08125034,Gemmingen,08,08125,1,true,true,2026-01-01,BKG_VG250_2026_01_01
08125038,Güglingen,08,08125,1,true,true,2026-01-01,BKG_VG250_2026_01_01
08125039,Gundelsheim,08,08125,1,true,true,2026-01-01,BKG_VG250_2026_01_01
08125046,Ilsfeld,08,08125,1,true,true,2026-01-01,BKG_VG250_2026_01_01
08125047,Ittlingen,08,08125,1,true,true,2026-01-01,BKG_VG250_2026_01_01
08125048,Jagsthausen,08,08125,1,true,true,2026-01-01,BKG_VG250_2026_01_01
08125049,Kirchardt,08,08125,1,true,true,2026-01-01,BKG_VG250_2026_01_01
08125056,Lauffen am Neckar,08,08125,1,true,true,2026-01-01,BKG_VG250_2026_01_01
08125057,Lehrensteinsfeld,08,08125,1,true,true,2026-01-01,BKG_VG250_2026_01_01
08125058,Leingarten,08,08125,1,true,true,2026-01-01,BKG_VG250_2026_01_01
08125059,Löwenstein,08,08125,1,true,true,2026-01-01,BKG_VG250_2026_01_01
08125061,Massenbachhausen,08,08125,1,true,true,2026-01-01,BKG_VG250_2026_01_01
08125063,Möckmühl,08,08125,1,true,true,2026-01-01,BKG_VG250_2026_01_01
08125065,Neckarsulm,08,08125,1,true,true,2026-01-01,BKG_VG250_2026_01_01
08125066,Neckarwestheim,08,08125,1,true,true,2026-01-01,BKG_VG250_2026_01_01
08125068,Neudenau,08,08125,1,true,true,2026-01-01,BKG_VG250_2026_01_01
08125069,Neuenstadt am Kocher,08,08125,1,true,true,2026-01-01,BKG_VG250_2026_01_01
08125074,Nordheim,08,08125,1,true,true,2026-01-01,BKG_VG250_2026_01_01
08125078,Oedheim,08,08125,1,true,true,2026-01-01,BKG_VG250_2026_01_01
08125079,Offenau,08,08125,1,true,true,2026-01-01,BKG_VG250_2026_01_01
08125081,Pfaffenhofen,08,08125,1,true,true,2026-01-01,BKG_VG250_2026_01_01
08125084,Roigheim,08,08125,1,true,true,2026-01-01,BKG_VG250_2026_01_01
08125086,Schwaigern,08,08125,1,true,true,2026-01-01,BKG_VG250_2026_01_01
08125087,Siegelsbach,08,08125,1,true,true,2026-01-01,BKG_VG250_2026_01_01
08125094,Talheim,08,08125,1,true,true,2026-01-01,BKG_VG250_2026_01_01
08125096,Untereisesheim,08,08125,1,true,true,2026-01-01,BKG_VG250_2026_01_01
08125098,Untergruppenbach,08,08125,1,true,true,2026-01-01,BKG_VG250_2026_01_01
08125102,Weinsberg,08,08125,1,true,true,2026-01-01,BKG_VG250_2026_01_01
08125103,Widdern,08,08125,1,true,true,2026-01-01,BKG_VG250_2026_01_01
08125107,Wüstenrot,08,08125,1,true,true,2026-01-01,BKG_VG250_2026_01_01
08125108,Zaberfeld,08,08125,1,true,true,2026-01-01,BKG_VG250_2026_01_01
08125110,Obersulm,08,08125,1,true,true,2026-01-01,BKG_VG250_2026_01_01
08125111,Hardthausen am Kocher,08,08125,1,true,true,2026-01-01,BKG_VG250_2026_01_01
08125113,Langenbrettach,08,08125,1,true,true,2026-01-01,BKG_VG250_2026_01_01
08126011,Bretzfeld,08,08126,1,true,true,2026-01-01,BKG_VG250_2026_01_01
08126020,Dörzbach,08,08126,1,true,true,2026-01-01,BKG_VG250_2026_01_01
08126028,Forchtenberg,08,08126,1,true,true,2026-01-01,BKG_VG250_2026_01_01
08126039,Ingelfingen,08,08126,1,true,true,2026-01-01,BKG_VG250_2026_01_01
08126045,Krautheim,08,08126,1,true,true,2026-01-01,BKG_VG250_2026_01_01
08126046,Künzelsau,08,08126,1,true,true,2026-01-01,BKG_VG250_2026_01_01
08126047,Kupferzell,08,08126,1,true,true,2026-01-01,BKG_VG250_2026_01_01
08126056,Mulfingen,08,08126,1,true,true,2026-01-01,BKG_VG250_2026_01_01
08126058,Neuenstein,08,08126,1,true,true,2026-01-01,BKG_VG250_2026_01_01
08126060,Niedernhall,08,08126,1,true,true,2026-01-01,BKG_VG250_2026_01_01
08126066,Öhringen,08,08126,1,true,true,2026-01-01,BKG_VG250_2026_01_01
08126069,Pfedelbach,08,08126,1,true,true,2026-01-01,BKG_VG250_2026_01_01
08126072,Schöntal,08,08126,1,true,true,2026-01-01,BKG_VG250_2026_01_01
08126085,Waldenburg,08,08126,1,true,true,2026-01-01,BKG_VG250_2026_01_01
08126086,Weißbach,08,08126,1,true,true,2026-01-01,BKG_VG250_2026_01_01
08126094,Zweiflingen,08,08126,1,true,true,2026-01-01,BKG_VG250_2026_01_01
08127008,Blaufelden,08,08127,1,true,true,2026-01-01,BKG_VG250_2026_01_01
08127009,Braunsbach,08,08127,1,true,true,2026-01-01,BKG_VG250_2026_01_01
08127012,Bühlertann,08,08127,1,true,true,2026-01-01,BKG_VG250_2026_01_01
08127013,Bühlerzell,08,08127,1,true,true,2026-01-01,BKG_VG250_2026_01_01
08127014,Crailsheim,08,08127,1,true,true,2026-01-01,BKG_VG250_2026_01_01
08127023,Fichtenberg,08,08127,1,true,true,2026-01-01,BKG_VG250_2026_01_01
08127025,Gaildorf,08,08127,1,true,true,2026-01-01,BKG_VG250_2026_01_01
08127032,Gerabronn,08,08127,1,true,true,2026-01-01,BKG_VG250_2026_01_01
08127043,Ilshofen,08,08127,1,true,true,2026-01-01,BKG_VG250_2026_01_01
08127046,Kirchberg an der Jagst,08,08127,1,true,true,2026-01-01,BKG_VG250_2026_01_01
08127047,Langenburg,08,08127,1,true,true,2026-01-01,BKG_VG250_2026_01_01
08127052,Mainhardt,08,08127,1,true,true,2026-01-01,BKG_VG250_2026_01_01
08127056,Michelbach an der Bilz,08,08127,1,true,true,2026-01-01,BKG_VG250_2026_01_01
08127059,Michelfeld,08,08127,1,true,true,2026-01-01,BKG_VG250_2026_01_01
08127062,Oberrot,08,08127,1,true,true,2026-01-01,BKG_VG250_2026_01_01
08127063,Obersontheim,08,08127,1,true,true,2026-01-01,BKG_VG250_2026_01_01
08127071,Rot am See,08,08127,1,true,true,2026-01-01,BKG_VG250_2026_01_01
08127073,Satteldorf,08,08127,1,true,true,2026-01-01,BKG_VG250_2026_01_01
08127075,Schrozberg,08,08127,1,true,true,2026-01-01,BKG_VG250_2026_01_01
08127076,Schwäbisch Hall,08,08127,1,true,true,2026-01-01,BKG_VG250_2026_01_01
08127079,Sulzbach-Laufen,08,08127,1,true,true,2026-01-01,BKG_VG250_2026_01_01
08127086,Untermünkheim,08,08127,1,true,true,2026-01-01,BKG_VG250_2026_01_01
08127089,Vellberg,08,08127,1,true,true,2026-01-01,BKG_VG250_2026_01_01
08127091,Wallhausen,08,08127,1,true,true,2026-01-01,BKG_VG250_2026_01_01
08127099,Wolpertshausen,08,08127,1,true,true,2026-01-01,BKG_VG250_2026_01_01
08127100,Rosengarten,08,08127,1,true,true,2026-01-01,BKG_VG250_2026_01_01
08127101,Kreßberg,08,08127,1,true,true,2026-01-01,BKG_VG250_2026_01_01
08127102,Fichtenau,08,08127,1,true,true,2026-01-01,BKG_VG250_2026_01_01
08127103,Frankenhardt,08,08127,1,true,true,2026-01-01,BKG_VG250_2026_01_01
08127104,Stimpfach,08,08127,1,true,true,2026-01-01,BKG_VG250_2026_01_01
08128006,Assamstadt,08,08128,1,true,true,2026-01-01,BKG_VG250_2026_01_01
08128007,Bad Mergentheim,08,08128,1,true,true,2026-01-01,BKG_VG250_2026_01_01
08128014,Boxberg,08,08128,1,true,true,2026-01-01,BKG_VG250_2026_01_01
08128020,Creglingen,08,08128,1,true,true,2026-01-01,BKG_VG250_2026_01_01
08128039,Freudenberg,08,08128,1,true,true,2026-01-01,BKG_VG250_2026_01_01
08128045,Großrinderfeld,08,08128,1,true,true,2026-01-01,BKG_VG250_2026_01_01
08128047,Grünsfeld,08,08128,1,true,true,2026-01-01,BKG_VG250_2026_01_01
08128058,Igersheim,08,08128,1,true,true,2026-01-01,BKG_VG250_2026_01_01
08128061,Königheim,08,08128,1,true,true,2026-01-01,BKG_VG250_2026_01_01
08128064,Külsheim,08,08128,1,true,true,2026-01-01,BKG_VG250_2026_01_01
08128082,Niederstetten,08,08128,1,true,true,2026-01-01,BKG_VG250_2026_01_01
08128115,Tauberbischofsheim,08,08128,1,true,true,2026-01-01,BKG_VG250_2026_01_01
08128126,Weikersheim,08,08128,1,true,true,2026-01-01,BKG_VG250_2026_01_01
08128128,Werbach,08,08128,1,true,true,2026-01-01,BKG_VG250_2026_01_01
08128131,Wertheim,08,08128,1,true,true,2026-01-01,BKG_VG250_2026_01_01
08128137,Wittighausen,08,08128,1,true,true,2026-01-01,BKG_VG250_2026_01_01
08128138,Ahorn,08,08128,1,true,true,2026-01-01,BKG_VG250_2026_01_01
08128139,Lauda-Königshofen,08,08128,1,true,true,2026-01-01,BKG_VG250_2026_01_01
08135010,Dischingen,08,08135,1,true,true,2026-01-01,BKG_VG250_2026_01_01
08135015,Gerstetten,08,08135,1,true,true,2026-01-01,BKG_VG250_2026_01_01
08135016,Giengen an der Brenz,08,08135,1,true,true,2026-01-01,BKG_VG250_2026_01_01
08135019,Heidenheim an der Brenz,08,08135,1,true,true,2026-01-01,BKG_VG250_2026_01_01
08135020,Herbrechtingen,08,08135,1,true,true,2026-01-01,BKG_VG250_2026_01_01
08135021,Hermaringen,08,08135,1,true,true,2026-01-01,BKG_VG250_2026_01_01
08135025,Königsbronn,08,08135,1,true,true,2026-01-01,BKG_VG250_2026_01_01
08135026,Nattheim,08,08135,1,true,true,2026-01-01,BKG_VG250_2026_01_01
08135027,Niederstotzingen,08,08135,1,true,true,2026-01-01,BKG_VG250_2026_01_01
08135031,Sontheim an der Brenz,08,08135,1,true,true,2026-01-01,BKG_VG250_2026_01_01
08135032,Steinheim am Albuch,08,08135,1,true,true,2026-01-01,BKG_VG250_2026_01_01
08136002,Abtsgmünd,08,08136,1,true,true,2026-01-01,BKG_VG250_2026_01_01
08136003,Adelmannsfelden,08,08136,1,true,true,2026-01-01,BKG_VG250_2026_01_01
08136007,Bartholomä,08,08136,1,true,true,2026-01-01,BKG_VG250_2026_01_01
08136009,Böbingen an der Rems,08,08136,1,true,true,2026-01-01,BKG_VG250_2026_01_01
08136010,Bopfingen,08,08136,1,true,true,2026-01-01,BKG_VG250_2026_01_01
08136015,Durlangen,08,08136,1,true,true,2026-01-01,BKG_VG250_2026_01_01
08136018,Ellenberg,08,08136,1,true,true,2026-01-01,BKG_VG250_2026_01_01
08136019,Ellwangen (Jagst),08,08136,1,true,true,2026-01-01,BKG_VG250_2026_01_01
08136020,Eschach,08,08136,1,true,true,2026-01-01,BKG_VG250_2026_01_01
08136021,Essingen,08,08136,1,true,true,2026-01-01,BKG_VG250_2026_01_01
08136024,Göggingen,08,08136,1,true,true,2026-01-01,BKG_VG250_2026_01_01
08136027,Gschwend,08,08136,1,true,true,2026-01-01,BKG_VG250_2026_01_01
08136028,Heubach,08,08136,1,true,true,2026-01-01,BKG_VG250_2026_01_01
08136029,Heuchlingen,08,08136,1,true,true,2026-01-01,BKG_VG250_2026_01_01
08136033,Hüttlingen,08,08136,1,true,true,2026-01-01,BKG_VG250_2026_01_01
08136034,Iggingen,08,08136,1,true,true,2026-01-01,BKG_VG250_2026_01_01
08136035,Jagstzell,08,08136,1,true,true,2026-01-01,BKG_VG250_2026_01_01
08136037,Kirchheim am Ries,08,08136,1,true,true,2026-01-01,BKG_VG250_2026_01_01
08136038,Lauchheim,08,08136,1,true,true,2026-01-01,BKG_VG250_2026_01_01
08136040,Leinzell,08,08136,1,true,true,2026-01-01,BKG_VG250_2026_01_01
08136042,Lorch,08,08136,1,true,true,2026-01-01,BKG_VG250_2026_01_01
08136043,Mögglingen,08,08136,1,true,true,2026-01-01,BKG_VG250_2026_01_01
08136044,Mutlangen,08,08136,1,true,true,2026-01-01,BKG_VG250_2026_01_01
08136045,Neresheim,08,08136,1,true,true,2026-01-01,BKG_VG250_2026_01_01
08136046,Neuler,08,08136,1,true,true,2026-01-01,BKG_VG250_2026_01_01
08136049,Obergröningen,08,08136,1,true,true,2026-01-01,BKG_VG250_2026_01_01
08136050,Oberkochen,08,08136,1,true,true,2026-01-01,BKG_VG250_2026_01_01
08136060,Rosenberg,08,08136,1,true,true,2026-01-01,BKG_VG250_2026_01_01
08136061,Ruppertshofen,08,08136,1,true,true,2026-01-01,BKG_VG250_2026_01_01
08136062,Schechingen,08,08136,1,true,true,2026-01-01,BKG_VG250_2026_01_01
08136065,Schwäbisch Gmünd,08,08136,1,true,true,2026-01-01,BKG_VG250_2026_01_01
08136066,Spraitbach,08,08136,1,true,true,2026-01-01,BKG_VG250_2026_01_01
08136068,Stödtlen,08,08136,1,true,true,2026-01-01,BKG_VG250_2026_01_01
08136070,Täferrot,08,08136,1,true,true,2026-01-01,BKG_VG250_2026_01_01
08136071,Tannhausen,08,08136,1,true,true,2026-01-01,BKG_VG250_2026_01_01
08136075,Unterschneidheim,08,08136,1,true,true,2026-01-01,BKG_VG250_2026_01_01
08136079,Waldstetten,08,08136,1,true,true,2026-01-01,BKG_VG250_2026_01_01
08136082,Westhausen,08,08136,1,true,true,2026-01-01,BKG_VG250_2026_01_01
08136084,Wört,08,08136,1,true,true,2026-01-01,BKG_VG250_2026_01_01
08136087,Riesbürg,08,08136,1,true,true,2026-01-01,BKG_VG250_2026_01_01
08136088,Aalen,08,08136,1,true,true,2026-01-01,BKG_VG250_2026_01_01
08136089,Rainau,08,08136,1,true,true,2026-01-01,BKG_VG250_2026_01_01
08211000,Baden-Baden,08,08211,1,true,true,2026-01-01,BKG_VG250_2026_01_01
08212000,Karlsruhe,08,08212,1,true,true,2026-01-01,BKG_VG250_2026_01_01
08215007,Bretten,08,08215,1,true,true,2026-01-01,BKG_VG250_2026_01_01
08215009,Bruchsal,08,08215,1,true,true,2026-01-01,BKG_VG250_2026_01_01
08215017,Ettlingen,08,08215,1,true,true,2026-01-01,BKG_VG250_2026_01_01
08215021,Forst,08,08215,1,true,true,2026-01-01,BKG_VG250_2026_01_01
08215025,Gondelsheim,08,08215,1,true,true,2026-01-01,BKG_VG250_2026_01_01
08215029,Hambrücken,08,08215,1,true,true,2026-01-01,BKG_VG250_2026_01_01
08215039,Kronau,08,08215,1,true,true,2026-01-01,BKG_VG250_2026_01_01
08215040,Kürnbach,08,08215,1,true,true,2026-01-01,BKG_VG250_2026_01_01
08215046,Malsch,08,08215,1,true,true,2026-01-01,BKG_VG250_2026_01_01
08215047,Marxzell,08,08215,1,true,true,2026-01-01,BKG_VG250_2026_01_01
08215059,Oberderdingen,08,08215,1,true,true,2026-01-01,BKG_VG250_2026_01_01
08215064,Östringen,08,08215,1,true,true,2026-01-01,BKG_VG250_2026_01_01
08215066,Philippsburg,08,08215,1,true,true,2026-01-01,BKG_VG250_2026_01_01
08215082,Sulzfeld,08,08215,1,true,true,2026-01-01,BKG_VG250_2026_01_01
08215084,Ubstadt-Weiher,08,08215,1,true,true,2026-01-01,BKG_VG250_2026_01_01
08215089,Walzbachtal,08,08215,1,true,true,2026-01-01,BKG_VG250_2026_01_01
08215090,Weingarten (Baden),08,08215,1,true,true,2026-01-01,BKG_VG250_2026_01_01
08215094,Zaisenhausen,08,08215,1,true,true,2026-01-01,BKG_VG250_2026_01_01
08215096,Karlsbad,08,08215,1,true,true,2026-01-01,BKG_VG250_2026_01_01
08215097,Kraichtal,08,08215,1,true,true,2026-01-01,BKG_VG250_2026_01_01
08215099,Graben-Neudorf,08,08215,1,true,true,2026-01-01,BKG_VG250_2026_01_01
08215100,Bad Schönborn,08,08215,1,true,true,2026-01-01,BKG_VG250_2026_01_01
08215101,Pfinztal,08,08215,1,true,true,2026-01-01,BKG_VG250_2026_01_01
08215102,Eggenstein-Leopoldshafen,08,08215,1,true,true,2026-01-01,BKG_VG250_2026_01_01
08215103,Karlsdorf-Neuthard,08,08215,1,true,true,2026-01-01,BKG_VG250_2026_01_01
08215105,Linkenheim-Hochstetten,08,08215,1,true,true,2026-01-01,BKG_VG250_2026_01_01
08215106,Waghäusel,08,08215,1,true,true,2026-01-01,BKG_VG250_2026_01_01
08215107,Oberhausen-Rheinhausen,08,08215,1,true,true,2026-01-01,BKG_VG250_2026_01_01
08215108,Rheinstetten,08,08215,1,true,true,2026-01-01,BKG_VG250_2026_01_01
08215109,Stutensee,08,08215,1,true,true,2026-01-01,BKG_VG250_2026_01_01
08215110,Waldbronn,08,08215,1,true,true,2026-01-01,BKG_VG250_2026_01_01
08215111,Dettenheim,08,08215,1,true,true,2026-01-01,BKG_VG250_2026_01_01
08216002,Au am Rhein,08,08216,1,true,true,2026-01-01,BKG_VG250_2026_01_01
08216005,Bietigheim,08,08216,1,true,true,2026-01-01,BKG_VG250_2026_01_01
08216006,Bischweier,08,08216,1,true,true,2026-01-01,BKG_VG250_2026_01_01
08216007,Bühl,08,08216,1,true,true,2026-01-01,BKG_VG250_2026_01_01
08216008,Bühlertal,08,08216,1,true,true,2026-01-01,BKG_VG250_2026_01_01
08216009,Durmersheim,08,08216,1,true,true,2026-01-01,BKG_VG250_2026_01_01
08216012,Elchesheim-Illingen,08,08216,1,true,true,2026-01-01,BKG_VG250_2026_01_01
08216013,Forbach,08,08216,1,true,true,2026-01-01,BKG_VG250_2026_01_01
08216015,Gaggenau,08,08216,1,true,true,2026-01-01,BKG_VG250_2026_01_01
08216017,Gernsbach,08,08216,1,true,true,2026-01-01,BKG_VG250_2026_01_01
08216022,Hügelsheim,08,08216,1,true,true,2026-01-01,BKG_VG250_2026_01_01
08216023,Iffezheim,08,08216,1,true,true,2026-01-01,BKG_VG250_2026_01_01
08216024,Kuppenheim,08,08216,1,true,true,2026-01-01,BKG_VG250_2026_01_01
08216028,Lichtenau,08,08216,1,true,true,2026-01-01,BKG_VG250_2026_01_01
08216029,Loffenau,08,08216,1,true,true,2026-01-01,BKG_VG250_2026_01_01
08216033,Muggensturm,08,08216,1,true,true,2026-01-01,BKG_VG250_2026_01_01
08216039,Ötigheim,08,08216,1,true,true,2026-01-01,BKG_VG250_2026_01_01
08216041,Ottersweier,08,08216,1,true,true,2026-01-01,BKG_VG250_2026_01_01
08216043,Rastatt,08,08216,1,true,true,2026-01-01,BKG_VG250_2026_01_01
08216049,Sinzheim,08,08216,1,true,true,2026-01-01,BKG_VG250_2026_01_01
08216052,Steinmauern,08,08216,1,true,true,2026-01-01,BKG_VG250_2026_01_01
08216059,Weisenbach,08,08216,1,true,true,2026-01-01,BKG_VG250_2026_01_01
08216063,Rheinmünster,08,08216,1,true,true,2026-01-01,BKG_VG250_2026_01_01
08221000,Heidelberg,08,08221,1,true,true,2026-01-01,BKG_VG250_2026_01_01
08222000,Mannheim,08,08222,1,true,true,2026-01-01,BKG_VG250_2026_01_01
08225001,Adelsheim,08,08225,1,true,true,2026-01-01,BKG_VG250_2026_01_01
08225002,Aglasterhausen,08,08225,1,true,true,2026-01-01,BKG_VG250_2026_01_01
08225009,Billigheim,08,08225,1,true,true,2026-01-01,BKG_VG250_2026_01_01
08225010,Binau,08,08225,1,true,true,2026-01-01,BKG_VG250_2026_01_01
08225014,Buchen (Odenwald),08,08225,1,true,true,2026-01-01,BKG_VG250_2026_01_01
08225024,Fahrenbach,08,08225,1,true,true,2026-01-01,BKG_VG250_2026_01_01
08225032,Hardheim,08,08225,1,true,true,2026-01-01,BKG_VG250_2026_01_01
08225033,Haßmersheim,08,08225,1,true,true,2026-01-01,BKG_VG250_2026_01_01
08225039,Höpfingen,08,08225,1,true,true,2026-01-01,BKG_VG250_2026_01_01
08225042,Hüffenhardt,08,08225,1,true,true,2026-01-01,BKG_VG250_2026_01_01
08225052,Limbach,08,08225,1,true,true,2026-01-01,BKG_VG250_2026_01_01
08225058,Mosbach,08,08225,1,true,true,2026-01-01,BKG_VG250_2026_01_01
08225060,Mudau,08,08225,1,true,true,2026-01-01,BKG_VG250_2026_01_01
08225064,Neckargerach,08,08225,1,true,true,2026-01-01,BKG_VG250_2026_01_01
08225067,Neckarzimmern,08,08225,1,true,true,2026-01-01,BKG_VG250_2026_01_01
08225068,Neunkirchen,08,08225,1,true,true,2026-01-01,BKG_VG250_2026_01_01
08225074,Obrigheim,08,08225,1,true,true,2026-01-01,BKG_VG250_2026_01_01
08225075,Osterburken,08,08225,1,true,true,2026-01-01,BKG_VG250_2026_01_01
08225082,Rosenberg,08,08225,1,true,true,2026-01-01,BKG_VG250_2026_01_01
08225091,Seckach,08,08225,1,true,true,2026-01-01,BKG_VG250_2026_01_01
08225109,Walldürn,08,08225,1,true,true,2026-01-01,BKG_VG250_2026_01_01
08225113,Zwingenberg,08,08225,1,true,true,2026-01-01,BKG_VG250_2026_01_01
08225114,Ravenstein,08,08225,1,true,true,2026-01-01,BKG_VG250_2026_01_01
08225115,Schefflenz,08,08225,1,true,true,2026-01-01,BKG_VG250_2026_01_01
08225116,Schwarzach,08,08225,1,true,true,2026-01-01,BKG_VG250_2026_01_01
08225117,Elztal,08,08225,1,true,true,2026-01-01,BKG_VG250_2026_01_01
08225118,Waldbrunn,08,08225,1,true,true,2026-01-01,BKG_VG250_2026_01_01
08226003,Altlußheim,08,08226,1,true,true,2026-01-01,BKG_VG250_2026_01_01
08226006,Bammental,08,08226,1,true,true,2026-01-01,BKG_VG250_2026_01_01
08226009,Brühl,08,08226,1,true,true,2026-01-01,BKG_VG250_2026_01_01
08226010,Dielheim,08,08226,1,true,true,2026-01-01,BKG_VG250_2026_01_01
08226012,Dossenheim,08,08226,1,true,true,2026-01-01,BKG_VG250_2026_01_01
08226013,Eberbach,08,08226,1,true,true,2026-01-01,BKG_VG250_2026_01_01
08226017,Epfenbach,08,08226,1,true,true,2026-01-01,BKG_VG250_2026_01_01
08226018,Eppelheim,08,08226,1,true,true,2026-01-01,BKG_VG250_2026_01_01
08226020,Eschelbronn,08,08226,1,true,true,2026-01-01,BKG_VG250_2026_01_01
08226022,Gaiberg,08,08226,1,true,true,2026-01-01,BKG_VG250_2026_01_01
08226027,Heddesbach,08,08226,1,true,true,2026-01-01,BKG_VG250_2026_01_01
08226028,Heddesheim,08,08226,1,true,true,2026-01-01,BKG_VG250_2026_01_01
08226029,Heiligkreuzsteinach,08,08226,1,true,true,2026-01-01,BKG_VG250_2026_01_01
08226031,Hemsbach,08,08226,1,true,true,2026-01-01,BKG_VG250_2026_01_01
08226032,Hockenheim,08,08226,1,true,true,2026-01-01,BKG_VG250_2026_01_01
08226036,Ilvesheim,08,08226,1,true,true,2026-01-01,BKG_VG250_2026_01_01
08226037,Ketsch,08,08226,1,true,true,2026-01-01,BKG_VG250_2026_01_01
08226038,Ladenburg,08,08226,1,true,true,2026-01-01,BKG_VG250_2026_01_01
08226040,Laudenbach,08,08226,1,true,true,2026-01-01,BKG_VG250_2026_01_01
08226041,Leimen,08,08226,1,true,true,2026-01-01,BKG_VG250_2026_01_01
08226046,Malsch,08,08226,1,true,true,2026-01-01,BKG_VG250_2026_01_01
08226048,Mauer,08,08226,1,true,true,2026-01-01,BKG_VG250_2026_01_01
08226049,Meckesheim,08,08226,1,true,true,2026-01-01,BKG_VG250_2026_01_01
08226054,Mühlhausen,08,08226,1,true,true,2026-01-01,BKG_VG250_2026_01_01
08226055,Neckarbischofsheim,08,08226,1,true,true,2026-01-01,BKG_VG250_2026_01_01
08226056,Neckargemünd,08,08226,1,true,true,2026-01-01,BKG_VG250_2026_01_01
08226058,Neidenstein,08,08226,1,true,true,2026-01-01,BKG_VG250_2026_01_01
08226059,Neulußheim,08,08226,1,true,true,2026-01-01,BKG_VG250_2026_01_01
08226060,Nußloch,08,08226,1,true,true,2026-01-01,BKG_VG250_2026_01_01
08226062,Oftersheim,08,08226,1,true,true,2026-01-01,BKG_VG250_2026_01_01
08226063,Plankstadt,08,08226,1,true,true,2026-01-01,BKG_VG250_2026_01_01
08226065,Rauenberg,08,08226,1,true,true,2026-01-01,BKG_VG250_2026_01_01
08226066,Reichartshausen,08,08226,1,true,true,2026-01-01,BKG_VG250_2026_01_01
08226068,Reilingen,08,08226,1,true,true,2026-01-01,BKG_VG250_2026_01_01
08226076,Sandhausen,08,08226,1,true,true,2026-01-01,BKG_VG250_2026_01_01
08226080,Schönau,08,08226,1,true,true,2026-01-01,BKG_VG250_2026_01_01
08226081,Schönbrunn,08,08226,1,true,true,2026-01-01,BKG_VG250_2026_01_01
08226082,Schriesheim,08,08226,1,true,true,2026-01-01,BKG_VG250_2026_01_01
08226084,Schwetzingen,08,08226,1,true,true,2026-01-01,BKG_VG250_2026_01_01
08226085,Sinsheim,08,08226,1,true,true,2026-01-01,BKG_VG250_2026_01_01
08226086,Spechbach,08,08226,1,true,true,2026-01-01,BKG_VG250_2026_01_01
08226091,Waibstadt,08,08226,1,true,true,2026-01-01,BKG_VG250_2026_01_01
08226095,Walldorf,08,08226,1,true,true,2026-01-01,BKG_VG250_2026_01_01
08226096,Weinheim,08,08226,1,true,true,2026-01-01,BKG_VG250_2026_01_01
08226097,Wiesenbach,08,08226,1,true,true,2026-01-01,BKG_VG250_2026_01_01
08226098,Wiesloch,08,08226,1,true,true,2026-01-01,BKG_VG250_2026_01_01
08226099,Wilhelmsfeld,08,08226,1,true,true,2026-01-01,BKG_VG250_2026_01_01
08226101,Zuzenhausen,08,08226,1,true,true,2026-01-01,BKG_VG250_2026_01_01
08226102,Angelbachtal,08,08226,1,true,true,2026-01-01,BKG_VG250_2026_01_01
08226103,St. Leon-Rot,08,08226,1,true,true,2026-01-01,BKG_VG250_2026_01_01
08226104,Lobbach,08,08226,1,true,true,2026-01-01,BKG_VG250_2026_01_01
08226105,Edingen-Neckarhausen,08,08226,1,true,true,2026-01-01,BKG_VG250_2026_01_01
08226106,Helmstadt-Bargen,08,08226,1,true,true,2026-01-01,BKG_VG250_2026_01_01
08226107,Hirschberg an der Bergstraße,08,08226,1,true,true,2026-01-01,BKG_VG250_2026_01_01
08231000,Pforzheim,08,08231,1,true,true,2026-01-01,BKG_VG250_2026_01_01
08235006,Altensteig,08,08235,1,true,true,2026-01-01,BKG_VG250_2026_01_01
08235007,Althengstett,08,08235,1,true,true,2026-01-01,BKG_VG250_2026_01_01
08235008,Bad Liebenzell,08,08235,1,true,true,2026-01-01,BKG_VG250_2026_01_01
08235018,Dobel,08,08235,1,true,true,2026-01-01,BKG_VG250_2026_01_01
08235020,Ebhausen,08,08235,1,true,true,2026-01-01,BKG_VG250_2026_01_01
08235022,Egenhausen,08,08235,1,true,true,2026-01-01,BKG_VG250_2026_01_01
08235025,Enzklösterle,08,08235,1,true,true,2026-01-01,BKG_VG250_2026_01_01
08235029,Gechingen,08,08235,1,true,true,2026-01-01,BKG_VG250_2026_01_01
08235032,Haiterbach,08,08235,1,true,true,2026-01-01,BKG_VG250_2026_01_01
08235033,Bad Herrenalb,08,08235,1,true,true,2026-01-01,BKG_VG250_2026_01_01
08235035,Höfen an der Enz,08,08235,1,true,true,2026-01-01,BKG_VG250_2026_01_01
08235046,Nagold,08,08235,1,true,true,2026-01-01,BKG_VG250_2026_01_01
08235047,Neubulach,08,08235,1,true,true,2026-01-01,BKG_VG250_2026_01_01
08235050,Neuweiler,08,08235,1,true,true,2026-01-01,BKG_VG250_2026_01_01
08235055,Oberreichenbach,08,08235,1,true,true,2026-01-01,BKG_VG250_2026_01_01
08235057,Ostelsheim,08,08235,1,true,true,2026-01-01,BKG_VG250_2026_01_01
08235060,Rohrdorf,08,08235,1,true,true,2026-01-01,BKG_VG250_2026_01_01
08235065,Schömberg,08,08235,1,true,true,2026-01-01,BKG_VG250_2026_01_01
08235066,Simmersfeld,08,08235,1,true,true,2026-01-01,BKG_VG250_2026_01_01
08235067,Simmozheim,08,08235,1,true,true,2026-01-01,BKG_VG250_2026_01_01
08235073,Unterreichenbach,08,08235,1,true,true,2026-01-01,BKG_VG250_2026_01_01
08235079,Bad Wildbad,08,08235,1,true,true,2026-01-01,BKG_VG250_2026_01_01
08235080,Wildberg,08,08235,1,true,true,2026-01-01,BKG_VG250_2026_01_01
08235084,Bad Teinach-Zavelstein,08,08235,1,true,true,2026-01-01,BKG_VG250_2026_01_01
08235085,Calw,08,08235,1,true,true,2026-01-01,BKG_VG250_2026_01_01
08236004,Birkenfeld,08,08236,1,true,true,2026-01-01,BKG_VG250_2026_01_01
08236011,Eisingen,08,08236,1,true,true,2026-01-01,BKG_VG250_2026_01_01
08236013,Engelsbrand,08,08236,1,true,true,2026-01-01,BKG_VG250_2026_01_01
08236019,Friolzheim,08,08236,1,true,true,2026-01-01,BKG_VG250_2026_01_01
08236025,Heimsheim,08,08236,1,true,true,2026-01-01,BKG_VG250_2026_01_01
08236028,Illingen,08,08236,1,true,true,2026-01-01,BKG_VG250_2026_01_01
08236030,Ispringen,08,08236,1,true,true,2026-01-01,BKG_VG250_2026_01_01
08236031,Kieselbronn,08,08236,1,true,true,2026-01-01,BKG_VG250_2026_01_01
08236033,Knittlingen,08,08236,1,true,true,2026-01-01,BKG_VG250_2026_01_01
08236038,Maulbronn,08,08236,1,true,true,2026-01-01,BKG_VG250_2026_01_01
08236039,Mönsheim,08,08236,1,true,true,2026-01-01,BKG_VG250_2026_01_01
08236040,Mühlacker,08,08236,1,true,true,2026-01-01,BKG_VG250_2026_01_01
08236043,Neuenbürg,08,08236,1,true,true,2026-01-01,BKG_VG250_2026_01_01
08236044,Neuhausen,08,08236,1,true,true,2026-01-01,BKG_VG250_2026_01_01
08236046,Niefern-Öschelbronn,08,08236,1,true,true,2026-01-01,BKG_VG250_2026_01_01
08236050,Ötisheim,08,08236,1,true,true,2026-01-01,BKG_VG250_2026_01_01
08236061,Sternenfels,08,08236,1,true,true,2026-01-01,BKG_VG250_2026_01_01
08236062,Tiefenbronn,08,08236,1,true,true,2026-01-01,BKG_VG250_2026_01_01
08236065,Wiernsheim,08,08236,1,true,true,2026-01-01,BKG_VG250_2026_01_01
08236067,Wimsheim,08,08236,1,true,true,2026-01-01,BKG_VG250_2026_01_01
08236068,Wurmberg,08,08236,1,true,true,2026-01-01,BKG_VG250_2026_01_01
08236070,Keltern,08,08236,1,true,true,2026-01-01,BKG_VG250_2026_01_01
08236071,Remchingen,08,08236,1,true,true,2026-01-01,BKG_VG250_2026_01_01
08236072,Straubenhardt,08,08236,1,true,true,2026-01-01,BKG_VG250_2026_01_01
08236073,Neulingen,08,08236,1,true,true,2026-01-01,BKG_VG250_2026_01_01
08236074,Kämpfelbach,08,08236,1,true,true,2026-01-01,BKG_VG250_2026_01_01
08236075,Ölbronn-Dürrn,08,08236,1,true,true,2026-01-01,BKG_VG250_2026_01_01
08236076,Königsbach-Stein,08,08236,1,true,true,2026-01-01,BKG_VG250_2026_01_01
08237002,Alpirsbach,08,08237,1,true,true,2026-01-01,BKG_VG250_2026_01_01
08237004,Baiersbronn,08,08237,1,true,true,2026-01-01,BKG_VG250_2026_01_01
08237019,Dornstetten,08,08237,1,true,true,2026-01-01,BKG_VG250_2026_01_01
08237024,Empfingen,08,08237,1,true,true,2026-01-01,BKG_VG250_2026_01_01
08237027,Eutingen im Gäu,08,08237,1,true,true,2026-01-01,BKG_VG250_2026_01_01
08237028,Freudenstadt,08,08237,1,true,true,2026-01-01,BKG_VG250_2026_01_01
08237030,Glatten,08,08237,1,true,true,2026-01-01,BKG_VG250_2026_01_01
08237032,Grömbach,08,08237,1,true,true,2026-01-01,BKG_VG250_2026_01_01
08237040,Horb am Neckar,08,08237,1,true,true,2026-01-01,BKG_VG250_2026_01_01
08237045,Loßburg,08,08237,1,true,true,2026-01-01,BKG_VG250_2026_01_01
08237054,Pfalzgrafenweiler,08,08237,1,true,true,2026-01-01,BKG_VG250_2026_01_01
08237061,Schopfloch,08,08237,1,true,true,2026-01-01,BKG_VG250_2026_01_01
08237072,Wörnersberg,08,08237,1,true,true,2026-01-01,BKG_VG250_2026_01_01
08237073,Seewald,08,08237,1,true,true,2026-01-01,BKG_VG250_2026_01_01
08237074,Waldachtal,08,08237,1,true,true,2026-01-01,BKG_VG250_2026_01_01
08237075,Bad Rippoldsau-Schapbach,08,08237,1,true,true,2026-01-01,BKG_VG250_2026_01_01
08311000,Freiburg im Breisgau,08,08311,1,true,true,2026-01-01,BKG_VG250_2026_01_01
08315003,Au,08,08315,1,true,true,2026-01-01,BKG_VG250_2026_01_01
08315004,Auggen,08,08315,1,true,true,2026-01-01,BKG_VG250_2026_01_01
08315006,Bad Krozingen,08,08315,1,true,true,2026-01-01,BKG_VG250_2026_01_01
08315007,Badenweiler,08,08315,1,true,true,2026-01-01,BKG_VG250_2026_01_01
08315008,Ballrechten-Dottingen,08,08315,1,true,true,2026-01-01,BKG_VG250_2026_01_01
08315013,Bötzingen,08,08315,1,true,true,2026-01-01,BKG_VG250_2026_01_01
08315014,Bollschweil,08,08315,1,true,true,2026-01-01,BKG_VG250_2026_01_01
08315015,Breisach am Rhein,08,08315,1,true,true,2026-01-01,BKG_VG250_2026_01_01
08315016,Breitnau,08,08315,1,true,true,2026-01-01,BKG_VG250_2026_01_01
08315020,Buchenbach,08,08315,1,true,true,2026-01-01,BKG_VG250_2026_01_01
08315022,Buggingen,08,08315,1,true,true,2026-01-01,BKG_VG250_2026_01_01
08315028,Ebringen,08,08315,1,true,true,2026-01-01,BKG_VG250_2026_01_01
08315030,Eichstetten am Kaiserstuhl,08,08315,1,true,true,2026-01-01,BKG_VG250_2026_01_01
08315031,Eisenbach (Hochschwarzwald),08,08315,1,true,true,2026-01-01,BKG_VG250_2026_01_01
08315033,Eschbach,08,08315,1,true,true,2026-01-01,BKG_VG250_2026_01_01
08315037,Feldberg (Schwarzwald),08,08315,1,true,true,2026-01-01,BKG_VG250_2026_01_01
08315039,Friedenweiler,08,08315,1,true,true,2026-01-01,BKG_VG250_2026_01_01
08315041,Glottertal,08,08315,1,true,true,2026-01-01,BKG_VG250_2026_01_01
08315043,Gottenheim,08,08315,1,true,true,2026-01-01,BKG_VG250_2026_01_01
08315047,Gundelfingen,08,08315,1,true,true,2026-01-01,BKG_VG250_2026_01_01
08315048,Hartheim am Rhein,08,08315,1,true,true,2026-01-01,BKG_VG250_2026_01_01
08315050,Heitersheim,08,08315,1,true,true,2026-01-01,BKG_VG250_2026_01_01
08315051,Heuweiler,08,08315,1,true,true,2026-01-01,BKG_VG250_2026_01_01
08315052,Hinterzarten,08,08315,1,true,true,2026-01-01,BKG_VG250_2026_01_01
08315056,Horben,08,08315,1,true,true,2026-01-01,BKG_VG250_2026_01_01
08315059,Ihringen,08,08315,1,true,true,2026-01-01,BKG_VG250_2026_01_01
08315064,Kirchzarten,08,08315,1,true,true,2026-01-01,BKG_VG250_2026_01_01
08315068,Lenzkirch,08,08315,1,true,true,2026-01-01,BKG_VG250_2026_01_01
08315070,Löffingen,08,08315,1,true,true,2026-01-01,BKG_VG250_2026_01_01
08315072,Merdingen,08,08315,1,true,true,2026-01-01,BKG_VG250_2026_01_01
08315073,Merzhausen,08,08315,1,true,true,2026-01-01,BKG_VG250_2026_01_01
08315074,Müllheim im Markgräflerland,08,08315,1,true,true,2026-01-01,BKG_VG250_2026_01_01
08315076,Neuenburg am Rhein,08,08315,1,true,true,2026-01-01,BKG_VG250_2026_01_01
08315084,Oberried,08,08315,1,true,true,2026-01-01,BKG_VG250_2026_01_01
08315089,Pfaffenweiler,08,08315,1,true,true,2026-01-01,BKG_VG250_2026_01_01
08315094,St. Märgen,08,08315,1,true,true,2026-01-01,BKG_VG250_2026_01_01
08315095,St. Peter,08,08315,1,true,true,2026-01-01,BKG_VG250_2026_01_01
08315098,Schallstadt,08,08315,1,true,true,2026-01-01,BKG_VG250_2026_01_01
08315102,Schluchsee,08,08315,1,true,true,2026-01-01,BKG_VG250_2026_01_01
08315107,Sölden,08,08315,1,true,true,2026-01-01,BKG_VG250_2026_01_01
08315108,Staufen im Breisgau,08,08315,1,true,true,2026-01-01,BKG_VG250_2026_01_01
08315109,Stegen,08,08315,1,true,true,2026-01-01,BKG_VG250_2026_01_01
08315111,Sulzburg,08,08315,1,true,true,2026-01-01,BKG_VG250_2026_01_01
08315113,Titisee-Neustadt,08,08315,1,true,true,2026-01-01,BKG_VG250_2026_01_01
08315115,Umkirch,08,08315,1,true,true,2026-01-01,BKG_VG250_2026_01_01
08315125,Wittnau,08,08315,1,true,true,2026-01-01,BKG_VG250_2026_01_01
08315130,Münstertal/Schwarzwald,08,08315,1,true,true,2026-01-01,BKG_VG250_2026_01_01
08315131,Ehrenkirchen,08,08315,1,true,true,2026-01-01,BKG_VG250_2026_01_01
08315132,March,08,08315,1,true,true,2026-01-01,BKG_VG250_2026_01_01
08315133,Vogtsburg im Kaiserstuhl,08,08315,1,true,true,2026-01-01,BKG_VG250_2026_01_01
08316002,Bahlingen am Kaiserstuhl,08,08316,1,true,true,2026-01-01,BKG_VG250_2026_01_01
08316003,Biederbach,08,08316,1,true,true,2026-01-01,BKG_VG250_2026_01_01
08316009,Denzlingen,08,08316,1,true,true,2026-01-01,BKG_VG250_2026_01_01
08316010,Elzach,08,08316,1,true,true,2026-01-01,BKG_VG250_2026_01_01
08316011,Emmendingen,08,08316,1,true,true,2026-01-01,BKG_VG250_2026_01_01
08316012,Endingen am Kaiserstuhl,08,08316,1,true,true,2026-01-01,BKG_VG250_2026_01_01
08316013,Forchheim,08,08316,1,true,true,2026-01-01,BKG_VG250_2026_01_01
08316014,Gutach im Breisgau,08,08316,1,true,true,2026-01-01,BKG_VG250_2026_01_01
08316017,Herbolzheim,08,08316,1,true,true,2026-01-01,BKG_VG250_2026_01_01
08316020,Kenzingen,08,08316,1,true,true,2026-01-01,BKG_VG250_2026_01_01
08316024,Malterdingen,08,08316,1,true,true,2026-01-01,BKG_VG250_2026_01_01
08316036,Reute,08,08316,1,true,true,2026-01-01,BKG_VG250_2026_01_01
08316037,Riegel am Kaiserstuhl,08,08316,1,true,true,2026-01-01,BKG_VG250_2026_01_01
08316038,Sasbach am Kaiserstuhl,08,08316,1,true,true,2026-01-01,BKG_VG250_2026_01_01
08316039,Sexau,08,08316,1,true,true,2026-01-01,BKG_VG250_2026_01_01
08316042,Simonswald,08,08316,1,true,true,2026-01-01,BKG_VG250_2026_01_01
08316043,Teningen,08,08316,1,true,true,2026-01-01,BKG_VG250_2026_01_01
08316045,Vörstetten,08,08316,1,true,true,2026-01-01,BKG_VG250_2026_01_01
08316049,Weisweil,08,08316,1,true,true,2026-01-01,BKG_VG250_2026_01_01
08316051,Wyhl am Kaiserstuhl,08,08316,1,true,true,2026-01-01,BKG_VG250_2026_01_01
08316053,Rheinhausen im Breisgau,08,08316,1,true,true,2026-01-01,BKG_VG250_2026_01_01
08316054,Freiamt,08,08316,1,true,true,2026-01-01,BKG_VG250_2026_01_01
08316055,Winden im Elztal,08,08316,1,true,true,2026-01-01,BKG_VG250_2026_01_01
08316056,Waldkirch,08,08316,1,true,true,2026-01-01,BKG_VG250_2026_01_01
08317001,Achern,08,08317,1,true,true,2026-01-01,BKG_VG250_2026_01_01
08317005,Appenweier,08,08317,1,true,true,2026-01-01,BKG_VG250_2026_01_01
08317008,Bad Peterstal-Griesbach,08,08317,1,true,true,2026-01-01,BKG_VG250_2026_01_01
08317009,Berghaupten,08,08317,1,true,true,2026-01-01,BKG_VG250_2026_01_01
08317011,Biberach,08,08317,1,true,true,2026-01-01,BKG_VG250_2026_01_01
08317021,Durbach,08,08317,1,true,true,2026-01-01,BKG_VG250_2026_01_01
08317026,Ettenheim,08,08317,1,true,true,2026-01-01,BKG_VG250_2026_01_01
08317029,Fischerbach,08,08317,1,true,true,2026-01-01,BKG_VG250_2026_01_01
08317031,Friesenheim,08,08317,1,true,true,2026-01-01,BKG_VG250_2026_01_01
08317034,Gengenbach,08,08317,1,true,true,2026-01-01,BKG_VG250_2026_01_01
08317039,Gutach (Schwarzwaldbahn),08,08317,1,true,true,2026-01-01,BKG_VG250_2026_01_01
08317040,Haslach im Kinzigtal,08,08317,1,true,true,2026-01-01,BKG_VG250_2026_01_01
08317041,Hausach,08,08317,1,true,true,2026-01-01,BKG_VG250_2026_01_01
08317046,Hofstetten,08,08317,1,true,true,2026-01-01,BKG_VG250_2026_01_01
08317047,Hohberg,08,08317,1,true,true,2026-01-01,BKG_VG250_2026_01_01
08317051,Hornberg,08,08317,1,true,true,2026-01-01,BKG_VG250_2026_01_01
08317056,Kappelrodeck,08,08317,1,true,true,2026-01-01,BKG_VG250_2026_01_01
08317057,Kehl,08,08317,1,true,true,2026-01-01,BKG_VG250_2026_01_01
08317059,Kippenheim,08,08317,1,true,true,2026-01-01,BKG_VG250_2026_01_01
08317065,Lahr/Schwarzwald,08,08317,1,true,true,2026-01-01,BKG_VG250_2026_01_01
08317067,Lautenbach,08,08317,1,true,true,2026-01-01,BKG_VG250_2026_01_01
08317068,Lauf,08,08317,1,true,true,2026-01-01,BKG_VG250_2026_01_01
08317073,Mahlberg,08,08317,1,true,true,2026-01-01,BKG_VG250_2026_01_01
08317075,Meißenheim,08,08317,1,true,true,2026-01-01,BKG_VG250_2026_01_01
08317078,Mühlenbach,08,08317,1,true,true,2026-01-01,BKG_VG250_2026_01_01
08317085,Nordrach,08,08317,1,true,true,2026-01-01,BKG_VG250_2026_01_01
08317088,Oberharmersbach,08,08317,1,true,true,2026-01-01,BKG_VG250_2026_01_01
08317089,Oberkirch,08,08317,1,true,true,2026-01-01,BKG_VG250_2026_01_01
08317093,Oberwolfach,08,08317,1,true,true,2026-01-01,BKG_VG250_2026_01_01
08317096,Offenburg,08,08317,1,true,true,2026-01-01,BKG_VG250_2026_01_01
08317097,Ohlsbach,08,08317,1,true,true,2026-01-01,BKG_VG250_2026_01_01
08317098,Oppenau,08,08317,1,true,true,2026-01-01,BKG_VG250_2026_01_01
08317100,Ortenberg,08,08317,1,true,true,2026-01-01,BKG_VG250_2026_01_01
08317102,Ottenhöfen im Schwarzwald,08,08317,1,true,true,2026-01-01,BKG_VG250_2026_01_01
08317110,Renchen,08,08317,1,true,true,2026-01-01,BKG_VG250_2026_01_01
08317113,Ringsheim,08,08317,1,true,true,2026-01-01,BKG_VG250_2026_01_01
08317114,Rust,08,08317,1,true,true,2026-01-01,BKG_VG250_2026_01_01
08317116,Sasbach,08,08317,1,true,true,2026-01-01,BKG_VG250_2026_01_01
08317118,Sasbachwalden,08,08317,1,true,true,2026-01-01,BKG_VG250_2026_01_01
08317121,Schuttertal,08,08317,1,true,true,2026-01-01,BKG_VG250_2026_01_01
08317122,Schutterwald,08,08317,1,true,true,2026-01-01,BKG_VG250_2026_01_01
08317126,Seebach,08,08317,1,true,true,2026-01-01,BKG_VG250_2026_01_01
08317127,Seelbach,08,08317,1,true,true,2026-01-01,BKG_VG250_2026_01_01
08317129,Steinach,08,08317,1,true,true,2026-01-01,BKG_VG250_2026_01_01
08317141,Willstätt,08,08317,1,true,true,2026-01-01,BKG_VG250_2026_01_01
08317145,Wolfach,08,08317,1,true,true,2026-01-01,BKG_VG250_2026_01_01
08317146,Zell am Harmersbach,08,08317,1,true,true,2026-01-01,BKG_VG250_2026_01_01
08317150,Schwanau,08,08317,1,true,true,2026-01-01,BKG_VG250_2026_01_01
08317151,Neuried,08,08317,1,true,true,2026-01-01,BKG_VG250_2026_01_01
08317152,Kappel-Grafenhausen,08,08317,1,true,true,2026-01-01,BKG_VG250_2026_01_01
08317153,Rheinau,08,08317,1,true,true,2026-01-01,BKG_VG250_2026_01_01
08317971,Rheinau,08,08317,1,true,false,2026-01-01,BKG_VG250_2026_01_01
08325001,Aichhalden,08,08325,1,true,true,2026-01-01,BKG_VG250_2026_01_01
08325009,Bösingen,08,08325,1,true,true,2026-01-01,BKG_VG250_2026_01_01
08325011,Dietingen,08,08325,1,true,true,2026-01-01,BKG_VG250_2026_01_01
08325012,Dornhan,08,08325,1,true,true,2026-01-01,BKG_VG250_2026_01_01
08325014,Dunningen,08,08325,1,true,true,2026-01-01,BKG_VG250_2026_01_01
08325015,Epfendorf,08,08325,1,true,true,2026-01-01,BKG_VG250_2026_01_01
08325024,Hardt,08,08325,1,true,true,2026-01-01,BKG_VG250_2026_01_01
08325036,Lauterbach,08,08325,1,true,true,2026-01-01,BKG_VG250_2026_01_01
08325045,Oberndorf am Neckar,08,08325,1,true,true,2026-01-01,BKG_VG250_2026_01_01
08325049,Rottweil,08,08325,1,true,true,2026-01-01,BKG_VG250_2026_01_01
08325050,Schenkenzell,08,08325,1,true,true,2026-01-01,BKG_VG250_2026_01_01
08325051,Schiltach,08,08325,1,true,true,2026-01-01,BKG_VG250_2026_01_01
08325053,Schramberg,08,08325,1,true,true,2026-01-01,BKG_VG250_2026_01_01
08325057,Sulz am Neckar,08,08325,1,true,true,2026-01-01,BKG_VG250_2026_01_01
08325060,Villingendorf,08,08325,1,true,true,2026-01-01,BKG_VG250_2026_01_01
08325061,Vöhringen,08,08325,1,true,true,2026-01-01,BKG_VG250_2026_01_01
08325064,Wellendingen,08,08325,1,true,true,2026-01-01,BKG_VG250_2026_01_01
08325069,Zimmern ob Rottweil,08,08325,1,true,true,2026-01-01,BKG_VG250_2026_01_01
08325070,Fluorn-Winzeln,08,08325,1,true,true,2026-01-01,BKG_VG250_2026_01_01
08325071,Eschbronn,08,08325,1,true,true,2026-01-01,BKG_VG250_2026_01_01
08325072,Deißlingen,08,08325,1,true,true,2026-01-01,BKG_VG250_2026_01_01
08326003,Bad Dürrheim,08,08326,1,true,true,2026-01-01,BKG_VG250_2026_01_01
08326005,Blumberg,08,08326,1,true,true,2026-01-01,BKG_VG250_2026_01_01
08326006,Bräunlingen,08,08326,1,true,true,2026-01-01,BKG_VG250_2026_01_01
08326010,Dauchingen,08,08326,1,true,true,2026-01-01,BKG_VG250_2026_01_01
08326012,Donaueschingen,08,08326,1,true,true,2026-01-01,BKG_VG250_2026_01_01
08326017,Furtwangen im Schwarzwald,08,08326,1,true,true,2026-01-01,BKG_VG250_2026_01_01
08326020,Gütenbach,08,08326,1,true,true,2026-01-01,BKG_VG250_2026_01_01
08326027,Hüfingen,08,08326,1,true,true,2026-01-01,BKG_VG250_2026_01_01
08326031,Königsfeld im Schwarzwald,08,08326,1,true,true,2026-01-01,BKG_VG250_2026_01_01
08326037,Mönchweiler,08,08326,1,true,true,2026-01-01,BKG_VG250_2026_01_01
08326041,Niedereschach,08,08326,1,true,true,2026-01-01,BKG_VG250_2026_01_01
08326052,St. Georgen im Schwarzwald,08,08326,1,true,true,2026-01-01,BKG_VG250_2026_01_01
08326054,Schönwald im Schwarzwald,08,08326,1,true,true,2026-01-01,BKG_VG250_2026_01_01
08326055,Schonach im Schwarzwald,08,08326,1,true,true,2026-01-01,BKG_VG250_2026_01_01
08326060,Triberg im Schwarzwald,08,08326,1,true,true,2026-01-01,BKG_VG250_2026_01_01
08326061,Tuningen,08,08326,1,true,true,2026-01-01,BKG_VG250_2026_01_01
08326065,Unterkirnach,08,08326,1,true,true,2026-01-01,BKG_VG250_2026_01_01
08326068,Vöhrenbach,08,08326,1,true,true,2026-01-01,BKG_VG250_2026_01_01
08326074,Villingen-Schwenningen,08,08326,1,true,true,2026-01-01,BKG_VG250_2026_01_01
08326075,Brigachtal,08,08326,1,true,true,2026-01-01,BKG_VG250_2026_01_01
08327002,Aldingen,08,08327,1,true,true,2026-01-01,BKG_VG250_2026_01_01
08327004,Bärenthal,08,08327,1,true,true,2026-01-01,BKG_VG250_2026_01_01
08327005,Balgheim,08,08327,1,true,true,2026-01-01,BKG_VG250_2026_01_01
08327006,Böttingen,08,08327,1,true,true,2026-01-01,BKG_VG250_2026_01_01
08327007,Bubsheim,08,08327,1,true,true,2026-01-01,BKG_VG250_2026_01_01
08327008,Buchheim,08,08327,1,true,true,2026-01-01,BKG_VG250_2026_01_01
08327009,Deilingen,08,08327,1,true,true,2026-01-01,BKG_VG250_2026_01_01
08327010,Denkingen,08,08327,1,true,true,2026-01-01,BKG_VG250_2026_01_01
08327011,Dürbheim,08,08327,1,true,true,2026-01-01,BKG_VG250_2026_01_01
08327012,Durchhausen,08,08327,1,true,true,2026-01-01,BKG_VG250_2026_01_01
08327013,Egesheim,08,08327,1,true,true,2026-01-01,BKG_VG250_2026_01_01
08327016,Fridingen an der Donau,08,08327,1,true,true,2026-01-01,BKG_VG250_2026_01_01
08327017,Frittlingen,08,08327,1,true,true,2026-01-01,BKG_VG250_2026_01_01
08327018,Geisingen,08,08327,1,true,true,2026-01-01,BKG_VG250_2026_01_01
08327019,Gosheim,08,08327,1,true,true,2026-01-01,BKG_VG250_2026_01_01
08327020,Gunningen,08,08327,1,true,true,2026-01-01,BKG_VG250_2026_01_01
08327023,Hausen ob Verena,08,08327,1,true,true,2026-01-01,BKG_VG250_2026_01_01
08327025,Immendingen,08,08327,1,true,true,2026-01-01,BKG_VG250_2026_01_01
08327027,Irndorf,08,08327,1,true,true,2026-01-01,BKG_VG250_2026_01_01
08327029,Königsheim,08,08327,1,true,true,2026-01-01,BKG_VG250_2026_01_01
08327030,Kolbingen,08,08327,1,true,true,2026-01-01,BKG_VG250_2026_01_01
08327033,Mahlstetten,08,08327,1,true,true,2026-01-01,BKG_VG250_2026_01_01
08327036,Mühlheim an der Donau,08,08327,1,true,true,2026-01-01,BKG_VG250_2026_01_01
08327038,Neuhausen ob Eck,08,08327,1,true,true,2026-01-01,BKG_VG250_2026_01_01
08327040,Reichenbach am Heuberg,08,08327,1,true,true,2026-01-01,BKG_VG250_2026_01_01
08327041,Renquishausen,08,08327,1,true,true,2026-01-01,BKG_VG250_2026_01_01
08327046,Spaichingen,08,08327,1,true,true,2026-01-01,BKG_VG250_2026_01_01
08327048,Talheim,08,08327,1,true,true,2026-01-01,BKG_VG250_2026_01_01
08327049,Trossingen,08,08327,1,true,true,2026-01-01,BKG_VG250_2026_01_01
08327050,Tuttlingen,08,08327,1,true,true,2026-01-01,BKG_VG250_2026_01_01
08327051,Wehingen,08,08327,1,true,true,2026-01-01,BKG_VG250_2026_01_01
08327054,Wurmlingen,08,08327,1,true,true,2026-01-01,BKG_VG250_2026_01_01
08327055,Seitingen-Oberflacht,08,08327,1,true,true,2026-01-01,BKG_VG250_2026_01_01
08327056,Rietheim-Weilheim,08,08327,1,true,true,2026-01-01,BKG_VG250_2026_01_01
08327057,Emmingen-Liptingen,08,08327,1,true,true,2026-01-01,BKG_VG250_2026_01_01
08335001,Aach,08,08335,1,true,true,2026-01-01,BKG_VG250_2026_01_01
08335002,Allensbach,08,08335,2,true,true,2026-01-01,BKG_VG250_2026_01_01
08335015,Büsingen am Hochrhein,08,08335,1,true,true,2026-01-01,BKG_VG250_2026_01_01
08335021,Eigeltingen,08,08335,1,true,true,2026-01-01,BKG_VG250_2026_01_01
08335022,Engen,08,08335,1,true,true,2026-01-01,BKG_VG250_2026_01_01
08335025,Gaienhofen,08,08335,1,true,true,2026-01-01,BKG_VG250_2026_01_01
08335026,Gailingen am Hochrhein,08,08335,1,true,true,2026-01-01,BKG_VG250_2026_01_01
08335028,Gottmadingen,08,08335,1,true,true,2026-01-01,BKG_VG250_2026_01_01
08335035,Hilzingen,08,08335,1,true,true,2026-01-01,BKG_VG250_2026_01_01
08335043,Konstanz,08,08335,2,true,true,2026-01-01,BKG_VG250_2026_01_01
08335055,Moos,08,08335,1,true,true,2026-01-01,BKG_VG250_2026_01_01
08335057,Mühlingen,08,08335,1,true,true,2026-01-01,BKG_VG250_2026_01_01
08335061,Öhningen,08,08335,1,true,true,2026-01-01,BKG_VG250_2026_01_01
08335063,Radolfzell am Bodensee,08,08335,2,true,true,2026-01-01,BKG_VG250_2026_01_01
08335066,Reichenau,08,08335,2,true,true,2026-01-01,BKG_VG250_2026_01_01
08335075,Singen (Hohentwiel),08,08335,1,true,true,2026-01-01,BKG_VG250_2026_01_01
08335077,Steißlingen,08,08335,1,true,true,2026-01-01,BKG_VG250_2026_01_01
08335079,Stockach,08,08335,1,true,true,2026-01-01,BKG_VG250_2026_01_01
08335080,Tengen,08,08335,1,true,true,2026-01-01,BKG_VG250_2026_01_01
08335081,Volkertshausen,08,08335,1,true,true,2026-01-01,BKG_VG250_2026_01_01
08335096,Hohenfels,08,08335,1,true,true,2026-01-01,BKG_VG250_2026_01_01
08335097,Mühlhausen-Ehingen,08,08335,1,true,true,2026-01-01,BKG_VG250_2026_01_01
08335098,Bodman-Ludwigshafen,08,08335,1,true,true,2026-01-01,BKG_VG250_2026_01_01
08335099,Orsingen-Nenzingen,08,08335,1,true,true,2026-01-01,BKG_VG250_2026_01_01
08335100,Rielasingen-Worblingen,08,08335,1,true,true,2026-01-01,BKG_VG250_2026_01_01
08336004,Aitern,08,08336,1,true,true,2026-01-01,BKG_VG250_2026_01_01
08336006,Bad Bellingen,08,08336,1,true,true,2026-01-01,BKG_VG250_2026_01_01
08336008,Binzen,08,08336,1,true,true,2026-01-01,BKG_VG250_2026_01_01
08336010,Böllen,08,08336,1,true,true,2026-01-01,BKG_VG250_2026_01_01
08336014,Efringen-Kirchen,08,08336,1,true,true,2026-01-01,BKG_VG250_2026_01_01
08336019,Eimeldingen,08,08336,1,true,true,2026-01-01,BKG_VG250_2026_01_01
08336024,Fischingen,08,08336,1,true,true,2026-01-01,BKG_VG250_2026_01_01
08336025,Fröhnd,08,08336,1,true,true,2026-01-01,BKG_VG250_2026_01_01
08336034,Hasel,08,08336,1,true,true,2026-01-01,BKG_VG250_2026_01_01
08336036,Hausen im Wiesental,08,08336,1,true,true,2026-01-01,BKG_VG250_2026_01_01
08336043,Inzlingen,08,08336,1,true,true,2026-01-01,BKG_VG250_2026_01_01
08336045,Kandern,08,08336,1,true,true,2026-01-01,BKG_VG250_2026_01_01
08336050,Lörrach,08,08336,1,true,true,2026-01-01,BKG_VG250_2026_01_01
08336057,Maulburg,08,08336,1,true,true,2026-01-01,BKG_VG250_2026_01_01
08336069,Rheinfelden (Baden),08,08336,1,true,true,2026-01-01,BKG_VG250_2026_01_01
08336073,Rümmingen,08,08336,1,true,true,2026-01-01,BKG_VG250_2026_01_01
08336075,Schallbach,08,08336,1,true,true,2026-01-01,BKG_VG250_2026_01_01
08336078,Schliengen,08,08336,1,true,true,2026-01-01,BKG_VG250_2026_01_01
08336079,Schönau im Schwarzwald,08,08336,1,true,true,2026-01-01,BKG_VG250_2026_01_01
08336080,Schönenberg,08,08336,1,true,true,2026-01-01,BKG_VG250_2026_01_01
08336081,Schopfheim,08,08336,1,true,true,2026-01-01,BKG_VG250_2026_01_01
08336082,Schwörstadt,08,08336,1,true,true,2026-01-01,BKG_VG250_2026_01_01
08336084,Steinen,08,08336,1,true,true,2026-01-01,BKG_VG250_2026_01_01
08336087,Todtnau,08,08336,1,true,true,2026-01-01,BKG_VG250_2026_01_01
08336089,Tunau,08,08336,1,true,true,2026-01-01,BKG_VG250_2026_01_01
08336090,Utzenfeld,08,08336,1,true,true,2026-01-01,BKG_VG250_2026_01_01
08336091,Weil am Rhein,08,08336,1,true,true,2026-01-01,BKG_VG250_2026_01_01
08336094,Wembach,08,08336,1,true,true,2026-01-01,BKG_VG250_2026_01_01
08336096,Wieden,08,08336,1,true,true,2026-01-01,BKG_VG250_2026_01_01
08336100,Wittlingen,08,08336,1,true,true,2026-01-01,BKG_VG250_2026_01_01
08336103,Zell im Wiesental,08,08336,1,true,true,2026-01-01,BKG_VG250_2026_01_01
08336104,Malsburg-Marzell,08,08336,1,true,true,2026-01-01,BKG_VG250_2026_01_01
08336105,Grenzach-Wyhlen,08,08336,1,true,true,2026-01-01,BKG_VG250_2026_01_01
08336106,Häg-Ehrsberg,08,08336,1,true,true,2026-01-01,BKG_VG250_2026_01_01
08336107,Kleines Wiesental,08,08336,1,true,true,2026-01-01,BKG_VG250_2026_01_01
08337002,Albbruck,08,08337,1,true,true,2026-01-01,BKG_VG250_2026_01_01
08337013,Bernau im Schwarzwald,08,08337,1,true,true,2026-01-01,BKG_VG250_2026_01_01
08337022,Bonndorf im Schwarzwald,08,08337,1,true,true,2026-01-01,BKG_VG250_2026_01_01
08337027,Dachsberg (Südschwarzwald),08,08337,1,true,true,2026-01-01,BKG_VG250_2026_01_01
08337030,Dettighofen,08,08337,1,true,true,2026-01-01,BKG_VG250_2026_01_01
08337032,Dogern,08,08337,1,true,true,2026-01-01,BKG_VG250_2026_01_01
08337038,Görwihl,08,08337,1,true,true,2026-01-01,BKG_VG250_2026_01_01
08337039,Grafenhausen,08,08337,1,true,true,2026-01-01,BKG_VG250_2026_01_01
08337045,Häusern,08,08337,1,true,true,2026-01-01,BKG_VG250_2026_01_01
08337049,Herrischried,08,08337,1,true,true,2026-01-01,BKG_VG250_2026_01_01
08337051,Höchenschwand,08,08337,1,true,true,2026-01-01,BKG_VG250_2026_01_01
08337053,Hohentengen am Hochrhein,08,08337,1,true,true,2026-01-01,BKG_VG250_2026_01_01
08337059,Ibach,08,08337,1,true,true,2026-01-01,BKG_VG250_2026_01_01
08337060,Jestetten,08,08337,1,true,true,2026-01-01,BKG_VG250_2026_01_01
08337062,Klettgau,08,08337,1,true,true,2026-01-01,BKG_VG250_2026_01_01
08337065,Lauchringen,08,08337,1,true,true,2026-01-01,BKG_VG250_2026_01_01
08337066,Laufenburg (Baden),08,08337,1,true,true,2026-01-01,BKG_VG250_2026_01_01
08337070,Lottstetten,08,08337,1,true,true,2026-01-01,BKG_VG250_2026_01_01
08337076,Murg,08,08337,1,true,true,2026-01-01,BKG_VG250_2026_01_01
08337090,Rickenbach,08,08337,1,true,true,2026-01-01,BKG_VG250_2026_01_01
08337096,Bad Säckingen,08,08337,1,true,true,2026-01-01,BKG_VG250_2026_01_01
08337097,St. Blasien,08,08337,1,true,true,2026-01-01,BKG_VG250_2026_01_01
08337106,Stühlingen,08,08337,1,true,true,2026-01-01,BKG_VG250_2026_01_01
08337108,Todtmoos,08,08337,1,true,true,2026-01-01,BKG_VG250_2026_01_01
08337116,Wehr,08,08337,1,true,true,2026-01-01,BKG_VG250_2026_01_01
08337118,Weilheim,08,08337,1,true,true,2026-01-01,BKG_VG250_2026_01_01
08337123,Wutöschingen,08,08337,1,true,true,2026-01-01,BKG_VG250_2026_01_01
08337124,Eggingen,08,08337,1,true,true,2026-01-01,BKG_VG250_2026_01_01
08337125,Küssaberg,08,08337,1,true,true,2026-01-01,BKG_VG250_2026_01_01
08337126,Waldshut-Tiengen,08,08337,1,true,true,2026-01-01,BKG_VG250_2026_01_01
08337127,Wutach,08,08337,1,true,true,2026-01-01,BKG_VG250_2026_01_01
08337128,Ühlingen-Birkendorf,08,08337,1,true,true,2026-01-01,BKG_VG250_2026_01_01
08415014,Dettingen an der Erms,08,08415,1,true,true,2026-01-01,BKG_VG250_2026_01_01
08415019,Eningen unter Achalm,08,08415,1,true,true,2026-01-01,BKG_VG250_2026_01_01
08415027,Gomadingen,08,08415,1,true,true,2026-01-01,BKG_VG250_2026_01_01
08415028,Grabenstetten,08,08415,1,true,true,2026-01-01,BKG_VG250_2026_01_01
08415029,Grafenberg,08,08415,1,true,true,2026-01-01,BKG_VG250_2026_01_01
08415034,Hayingen,08,08415,1,true,true,2026-01-01,BKG_VG250_2026_01_01
08415039,Hülben,08,08415,1,true,true,2026-01-01,BKG_VG250_2026_01_01
08415048,Mehrstetten,08,08415,1,true,true,2026-01-01,BKG_VG250_2026_01_01
08415050,Metzingen,08,08415,1,true,true,2026-01-01,BKG_VG250_2026_01_01
08415053,Münsingen,08,08415,1,true,true,2026-01-01,BKG_VG250_2026_01_01
08415058,Pfronstetten,08,08415,1,true,true,2026-01-01,BKG_VG250_2026_01_01
08415059,Pfullingen,08,08415,1,true,true,2026-01-01,BKG_VG250_2026_01_01
08415060,Pliezhausen,08,08415,1,true,true,2026-01-01,BKG_VG250_2026_01_01
08415061,Reutlingen,08,08415,1,true,true,2026-01-01,BKG_VG250_2026_01_01
08415062,Riederich,08,08415,1,true,true,2026-01-01,BKG_VG250_2026_01_01
08415073,Trochtelfingen,08,08415,1,true,true,2026-01-01,BKG_VG250_2026_01_01
08415078,Bad Urach,08,08415,1,true,true,2026-01-01,BKG_VG250_2026_01_01
08415080,Wannweil,08,08415,1,true,true,2026-01-01,BKG_VG250_2026_01_01
08415085,Zwiefalten,08,08415,1,true,true,2026-01-01,BKG_VG250_2026_01_01
08415087,Walddorfhäslach,08,08415,1,true,true,2026-01-01,BKG_VG250_2026_01_01
08415088,Römerstein,08,08415,1,true,true,2026-01-01,BKG_VG250_2026_01_01
08415089,Engstingen,08,08415,1,true,true,2026-01-01,BKG_VG250_2026_01_01
08415090,Hohenstein,08,08415,1,true,true,2026-01-01,BKG_VG250_2026_01_01
08415091,Sonnenbühl,08,08415,1,true,true,2026-01-01,BKG_VG250_2026_01_01
08415092,Lichtenstein,08,08415,1,true,true,2026-01-01,BKG_VG250_2026_01_01
08415093,St. Johann,08,08415,1,true,true,2026-01-01,BKG_VG250_2026_01_01
08415971,Gutsbezirk Münsingen,08,08415,1,true,false,2026-01-01,BKG_VG250_2026_01_01
08416006,Bodelshausen,08,08416,1,true,true,2026-01-01,BKG_VG250_2026_01_01
08416009,Dettenhausen,08,08416,1,true,true,2026-01-01,BKG_VG250_2026_01_01
08416011,Dußlingen,08,08416,1,true,true,2026-01-01,BKG_VG250_2026_01_01
08416015,Gomaringen,08,08416,1,true,true,2026-01-01,BKG_VG250_2026_01_01
08416018,Hirrlingen,08,08416,1,true,true,2026-01-01,BKG_VG250_2026_01_01
08416022,Kirchentellinsfurt,08,08416,1,true,true,2026-01-01,BKG_VG250_2026_01_01
08416023,Kusterdingen,08,08416,1,true,true,2026-01-01,BKG_VG250_2026_01_01
08416025,Mössingen,08,08416,1,true,true,2026-01-01,BKG_VG250_2026_01_01
08416026,Nehren,08,08416,1,true,true,2026-01-01,BKG_VG250_2026_01_01
08416031,Ofterdingen,08,08416,1,true,true,2026-01-01,BKG_VG250_2026_01_01
08416036,Rottenburg am Neckar,08,08416,1,true,true,2026-01-01,BKG_VG250_2026_01_01
08416041,Tübingen,08,08416,1,true,true,2026-01-01,BKG_VG250_2026_01_01
08416048,Ammerbuch,08,08416,1,true,true,2026-01-01,BKG_VG250_2026_01_01
08416049,Neustetten,08,08416,1,true,true,2026-01-01,BKG_VG250_2026_01_01
08416050,Starzach,08,08416,1,true,true,2026-01-01,BKG_VG250_2026_01_01
08417002,Balingen,08,08417,1,true,true,2026-01-01,BKG_VG250_2026_01_01
08417008,Bisingen,08,08417,1,true,true,2026-01-01,BKG_VG250_2026_01_01
08417010,Bitz,08,08417,1,true,true,2026-01-01,BKG_VG250_2026_01_01
08417013,Burladingen,08,08417,1,true,true,2026-01-01,BKG_VG250_2026_01_01
08417014,Dautmergen,08,08417,1,true,true,2026-01-01,BKG_VG250_2026_01_01
08417015,Dormettingen,08,08417,1,true,true,2026-01-01,BKG_VG250_2026_01_01
08417016,Dotternhausen,08,08417,1,true,true,2026-01-01,BKG_VG250_2026_01_01
08417022,Geislingen,08,08417,1,true,true,2026-01-01,BKG_VG250_2026_01_01
08417023,Grosselfingen,08,08417,1,true,true,2026-01-01,BKG_VG250_2026_01_01
08417025,Haigerloch,08,08417,1,true,true,2026-01-01,BKG_VG250_2026_01_01
08417029,Hausen am Tann,08,08417,1,true,true,2026-01-01,BKG_VG250_2026_01_01
08417031,Hechingen,08,08417,1,true,true,2026-01-01,BKG_VG250_2026_01_01
08417036,Jungingen,08,08417,1,true,true,2026-01-01,BKG_VG250_2026_01_01
08417044,Meßstetten,08,08417,1,true,true,2026-01-01,BKG_VG250_2026_01_01
08417045,Nusplingen,08,08417,1,true,true,2026-01-01,BKG_VG250_2026_01_01
08417047,Obernheim,08,08417,1,true,true,2026-01-01,BKG_VG250_2026_01_01
08417051,Rangendingen,08,08417,1,true,true,2026-01-01,BKG_VG250_2026_01_01
08417052,Ratshausen,08,08417,1,true,true,2026-01-01,BKG_VG250_2026_01_01
08417054,Rosenfeld,08,08417,1,true,true,2026-01-01,BKG_VG250_2026_01_01
08417057,Schömberg,08,08417,1,true,true,2026-01-01,BKG_VG250_2026_01_01
08417063,Straßberg,08,08417,1,true,true,2026-01-01,BKG_VG250_2026_01_01
08417071,Weilen unter den Rinnen,08,08417,1,true,true,2026-01-01,BKG_VG250_2026_01_01
08417075,Winterlingen,08,08417,1,true,true,2026-01-01,BKG_VG250_2026_01_01
08417078,Zimmern unter der Burg,08,08417,1,true,true,2026-01-01,BKG_VG250_2026_01_01
08417079,Albstadt,08,08417,1,true,true,2026-01-01,BKG_VG250_2026_01_01
08421000,Ulm,08,08421,1,true,true,2026-01-01,BKG_VG250_2026_01_01
08425002,Allmendingen,08,08425,1,true,true,2026-01-01,BKG_VG250_2026_01_01
08425004,Altheim,08,08425,1,true,true,2026-01-01,BKG_VG250_2026_01_01
08425005,Altheim (Alb),08,08425,1,true,true,2026-01-01,BKG_VG250_2026_01_01
08425008,Amstetten,08,08425,1,true,true,2026-01-01,BKG_VG250_2026_01_01
08425011,Asselfingen,08,08425,1,true,true,2026-01-01,BKG_VG250_2026_01_01
08425013,Ballendorf,08,08425,1,true,true,2026-01-01,BKG_VG250_2026_01_01
08425014,Beimerstetten,08,08425,1,true,true,2026-01-01,BKG_VG250_2026_01_01
08425017,Berghülen,08,08425,1,true,true,2026-01-01,BKG_VG250_2026_01_01
08425019,Bernstadt,08,08425,1,true,true,2026-01-01,BKG_VG250_2026_01_01
08425020,Blaubeuren,08,08425,1,true,true,2026-01-01,BKG_VG250_2026_01_01
08425022,Börslingen,08,08425,1,true,true,2026-01-01,BKG_VG250_2026_01_01
08425024,Breitingen,08,08425,1,true,true,2026-01-01,BKG_VG250_2026_01_01
08425028,Dietenheim,08,08425,1,true,true,2026-01-01,BKG_VG250_2026_01_01
08425031,Dornstadt,08,08425,1,true,true,2026-01-01,BKG_VG250_2026_01_01
08425033,Ehingen (Donau),08,08425,1,true,true,2026-01-01,BKG_VG250_2026_01_01
08425035,Emeringen,08,08425,1,true,true,2026-01-01,BKG_VG250_2026_01_01
08425036,Emerkingen,08,08425,1,true,true,2026-01-01,BKG_VG250_2026_01_01
08425039,Erbach,08,08425,1,true,true,2026-01-01,BKG_VG250_2026_01_01
08425050,Griesingen,08,08425,1,true,true,2026-01-01,BKG_VG250_2026_01_01
08425052,Grundsheim,08,08425,1,true,true,2026-01-01,BKG_VG250_2026_01_01
08425055,Hausen am Bussen,08,08425,1,true,true,2026-01-01,BKG_VG250_2026_01_01
08425062,Holzkirch,08,08425,1,true,true,2026-01-01,BKG_VG250_2026_01_01
08425064,Hüttisheim,08,08425,1,true,true,2026-01-01,BKG_VG250_2026_01_01
08425066,Illerrieden,08,08425,1,true,true,2026-01-01,BKG_VG250_2026_01_01
08425071,Laichingen,08,08425,1,true,true,2026-01-01,BKG_VG250_2026_01_01
08425072,Langenau,08,08425,1,true,true,2026-01-01,BKG_VG250_2026_01_01
08425073,Lauterach,08,08425,1,true,true,2026-01-01,BKG_VG250_2026_01_01
08425075,Lonsee,08,08425,1,true,true,2026-01-01,BKG_VG250_2026_01_01
08425079,Merklingen,08,08425,1,true,true,2026-01-01,BKG_VG250_2026_01_01
08425081,Munderkingen,08,08425,1,true,true,2026-01-01,BKG_VG250_2026_01_01
08425083,Neenstetten,08,08425,1,true,true,2026-01-01,BKG_VG250_2026_01_01
08425084,Nellingen,08,08425,1,true,true,2026-01-01,BKG_VG250_2026_01_01
08425085,Nerenstetten,08,08425,1,true,true,2026-01-01,BKG_VG250_2026_01_01
08425088,Oberdischingen,08,08425,1,true,true,2026-01-01,BKG_VG250_2026_01_01
08425090,Obermarchtal,08,08425,1,true,true,2026-01-01,BKG_VG250_2026_01_01
08425091,Oberstadion,08,08425,1,true,true,2026-01-01,BKG_VG250_2026_01_01
08425092,Öllingen,08,08425,1,true,true,2026-01-01,BKG_VG250_2026_01_01
08425093,Öpfingen,08,08425,1,true,true,2026-01-01,BKG_VG250_2026_01_01
08425097,Rammingen,08,08425,1,true,true,2026-01-01,BKG_VG250_2026_01_01
08425098,Rechtenstein,08,08425,1,true,true,2026-01-01,BKG_VG250_2026_01_01
08425104,Rottenacker,08,08425,1,true,true,2026-01-01,BKG_VG250_2026_01_01
08425108,Schelklingen,08,08425,1,true,true,2026-01-01,BKG_VG250_2026_01_01
08425110,Schnürpflingen,08,08425,1,true,true,2026-01-01,BKG_VG250_2026_01_01
08425112,Setzingen,08,08425,1,true,true,2026-01-01,BKG_VG250_2026_01_01
08425123,Untermarchtal,08,08425,1,true,true,2026-01-01,BKG_VG250_2026_01_01
08425124,Unterstadion,08,08425,1,true,true,2026-01-01,BKG_VG250_2026_01_01
08425125,Unterwachingen,08,08425,1,true,true,2026-01-01,BKG_VG250_2026_01_01
08425130,Weidenstetten,08,08425,1,true,true,2026-01-01,BKG_VG250_2026_01_01
08425134,Westerheim,08,08425,1,true,true,2026-01-01,BKG_VG250_2026_01_01
08425135,Westerstetten,08,08425,1,true,true,2026-01-01,BKG_VG250_2026_01_01
08425137,Illerkirchberg,08,08425,1,true,true,2026-01-01,BKG_VG250_2026_01_01
08425138,Staig,08,08425,1,true,true,2026-01-01,BKG_VG250_2026_01_01
08425139,Heroldstatt,08,08425,1,true,true,2026-01-01,BKG_VG250_2026_01_01
08425140,Balzheim,08,08425,1,true,true,2026-01-01,BKG_VG250_2026_01_01
08425141,Blaustein,08,08425,1,true,true,2026-01-01,BKG_VG250_2026_01_01
08426001,Achstetten,08,08426,1,true,true,2026-01-01,BKG_VG250_2026_01_01
08426005,Alleshausen,08,08426,1,true,true,2026-01-01,BKG_VG250_2026_01_01
08426006,Allmannsweiler,08,08426,1,true,true,2026-01-01,BKG_VG250_2026_01_01
08426008,Altheim,08,08426,1,true,true,2026-01-01,BKG_VG250_2026_01_01
08426011,Attenweiler,08,08426,1,true,true,2026-01-01,BKG_VG250_2026_01_01
08426013,Bad Buchau,08,08426,1,true,true,2026-01-01,BKG_VG250_2026_01_01
08426014,Bad Schussenried,08,08426,1,true,true,2026-01-01,BKG_VG250_2026_01_01
08426019,Berkheim,08,08426,1,true,true,2026-01-01,BKG_VG250_2026_01_01
08426020,Betzenweiler,08,08426,1,true,true,2026-01-01,BKG_VG250_2026_01_01
08426021,Biberach an der Riß,08,08426,1,true,true,2026-01-01,BKG_VG250_2026_01_01
08426028,Burgrieden,08,08426,1,true,true,2026-01-01,BKG_VG250_2026_01_01
08426031,Dettingen an der Iller,08,08426,1,true,true,2026-01-01,BKG_VG250_2026_01_01
08426035,Dürmentingen,08,08426,1,true,true,2026-01-01,BKG_VG250_2026_01_01
08426036,Dürnau,08,08426,1,true,true,2026-01-01,BKG_VG250_2026_01_01
08426038,Eberhardzell,08,08426,1,true,true,2026-01-01,BKG_VG250_2026_01_01
08426043,Erlenmoos,08,08426,1,true,true,2026-01-01,BKG_VG250_2026_01_01
08426044,Erolzheim,08,08426,1,true,true,2026-01-01,BKG_VG250_2026_01_01
08426045,Ertingen,08,08426,1,true,true,2026-01-01,BKG_VG250_2026_01_01
08426058,Hochdorf,08,08426,1,true,true,2026-01-01,BKG_VG250_2026_01_01
08426062,Ingoldingen,08,08426,1,true,true,2026-01-01,BKG_VG250_2026_01_01
08426064,Kanzach,08,08426,1,true,true,2026-01-01,BKG_VG250_2026_01_01
08426065,Kirchberg an der Iller,08,08426,1,true,true,2026-01-01,BKG_VG250_2026_01_01
08426066,Kirchdorf an der Iller,08,08426,1,true,true,2026-01-01,BKG_VG250_2026_01_01
08426067,Langenenslingen,08,08426,1,true,true,2026-01-01,BKG_VG250_2026_01_01
08426070,Laupheim,08,08426,1,true,true,2026-01-01,BKG_VG250_2026_01_01
08426071,Maselheim,08,08426,1,true,true,2026-01-01,BKG_VG250_2026_01_01
08426073,Mietingen,08,08426,1,true,true,2026-01-01,BKG_VG250_2026_01_01
08426074,Mittelbiberach,08,08426,1,true,true,2026-01-01,BKG_VG250_2026_01_01
08426078,Moosburg,08,08426,1,true,true,2026-01-01,BKG_VG250_2026_01_01
08426087,Ochsenhausen,08,08426,1,true,true,2026-01-01,BKG_VG250_2026_01_01
08426090,Oggelshausen,08,08426,1,true,true,2026-01-01,BKG_VG250_2026_01_01
08426097,Riedlingen,08,08426,1,true,true,2026-01-01,BKG_VG250_2026_01_01
08426100,Rot an der Rot,08,08426,1,true,true,2026-01-01,BKG_VG250_2026_01_01
08426108,Schwendi,08,08426,1,true,true,2026-01-01,BKG_VG250_2026_01_01
08426109,Seekirch,08,08426,1,true,true,2026-01-01,BKG_VG250_2026_01_01
08426113,Steinhausen an der Rottum,08,08426,1,true,true,2026-01-01,BKG_VG250_2026_01_01
08426117,Tannheim,08,08426,1,true,true,2026-01-01,BKG_VG250_2026_01_01
08426118,Tiefenbach,08,08426,1,true,true,2026-01-01,BKG_VG250_2026_01_01
08426120,Ummendorf,08,08426,1,true,true,2026-01-01,BKG_VG250_2026_01_01
08426121,Unlingen,08,08426,1,true,true,2026-01-01,BKG_VG250_2026_01_01
08426124,Uttenweiler,08,08426,1,true,true,2026-01-01,BKG_VG250_2026_01_01
08426125,Wain,08,08426,1,true,true,2026-01-01,BKG_VG250_2026_01_01
08426128,Warthausen,08,08426,1,true,true,2026-01-01,BKG_VG250_2026_01_01
08426134,Schemmerhofen,08,08426,1,true,true,2026-01-01,BKG_VG250_2026_01_01
08426135,Gutenzell-Hürbel,08,08426,1,true,true,2026-01-01,BKG_VG250_2026_01_01
08435005,Bermatingen,08,08435,1,true,true,2026-01-01,BKG_VG250_2026_01_01
08435010,Daisendorf,08,08435,1,true,true,2026-01-01,BKG_VG250_2026_01_01
08435013,Eriskirch,08,08435,1,true,true,2026-01-01,BKG_VG250_2026_01_01
08435015,Frickingen,08,08435,1,true,true,2026-01-01,BKG_VG250_2026_01_01
08435016,Friedrichshafen,08,08435,1,true,true,2026-01-01,BKG_VG250_2026_01_01
08435018,Hagnau am Bodensee,08,08435,1,true,true,2026-01-01,BKG_VG250_2026_01_01
08435020,Heiligenberg,08,08435,1,true,true,2026-01-01,BKG_VG250_2026_01_01
08435024,Immenstaad am Bodensee,08,08435,1,true,true,2026-01-01,BKG_VG250_2026_01_01
08435029,Kressbronn am Bodensee,08,08435,2,true,true,2026-01-01,BKG_VG250_2026_01_01
08435030,Langenargen,08,08435,2,true,true,2026-01-01,BKG_VG250_2026_01_01
08435034,Markdorf,08,08435,1,true,true,2026-01-01,BKG_VG250_2026_01_01
08435035,Meckenbeuren,08,08435,1,true,true,2026-01-01,BKG_VG250_2026_01_01
08435036,Meersburg,08,08435,1,true,true,2026-01-01,BKG_VG250_2026_01_01
08435042,Neukirch,08,08435,1,true,true,2026-01-01,BKG_VG250_2026_01_01
08435045,Oberteuringen,08,08435,1,true,true,2026-01-01,BKG_VG250_2026_01_01
08435047,Owingen,08,08435,1,true,true,2026-01-01,BKG_VG250_2026_01_01
08435052,Salem,08,08435,1,true,true,2026-01-01,BKG_VG250_2026_01_01
08435053,Sipplingen,08,08435,1,true,true,2026-01-01,BKG_VG250_2026_01_01
08435054,Stetten,08,08435,1,true,true,2026-01-01,BKG_VG250_2026_01_01
08435057,Tettnang,08,08435,1,true,true,2026-01-01,BKG_VG250_2026_01_01
08435059,Überlingen,08,08435,1,true,true,2026-01-01,BKG_VG250_2026_01_01
08435066,Uhldingen-Mühlhofen,08,08435,1,true,true,2026-01-01,BKG_VG250_2026_01_01
08435067,Deggenhausertal,08,08435,1,true,true,2026-01-01,BKG_VG250_2026_01_01
08436001,Achberg,08,08436,1,true,true,2026-01-01,BKG_VG250_2026_01_01
08436003,Aichstetten,08,08436,1,true,true,2026-01-01,BKG_VG250_2026_01_01
08436004,Aitrach,08,08436,1,true,true,2026-01-01,BKG_VG250_2026_01_01
08436005,Altshausen,08,08436,1,true,true,2026-01-01,BKG_VG250_2026_01_01
08436006,Amtzell,08,08436,1,true,true,2026-01-01,BKG_VG250_2026_01_01
08436008,Aulendorf,08,08436,1,true,true,2026-01-01,BKG_VG250_2026_01_01
08436009,Bad Waldsee,08,08436,1,true,true,2026-01-01,BKG_VG250_2026_01_01
08436010,Bad Wurzach,08,08436,1,true,true,2026-01-01,BKG_VG250_2026_01_01
08436011,Baienfurt,08,08436,1,true,true,2026-01-01,BKG_VG250_2026_01_01
08436012,Baindt,08,08436,1,true,true,2026-01-01,BKG_VG250_2026_01_01
08436013,Berg,08,08436,1,true,true,2026-01-01,BKG_VG250_2026_01_01
08436014,Bergatreute,08,08436,1,true,true,2026-01-01,BKG_VG250_2026_01_01
08436018,Bodnegg,08,08436,1,true,true,2026-01-01,BKG_VG250_2026_01_01
08436019,Boms,08,08436,1,true,true,2026-01-01,BKG_VG250_2026_01_01
08436024,Ebenweiler,08,08436,1,true,true,2026-01-01,BKG_VG250_2026_01_01
08436027,Eichstegen,08,08436,1,true,true,2026-01-01,BKG_VG250_2026_01_01
08436032,Fleischwangen,08,08436,1,true,true,2026-01-01,BKG_VG250_2026_01_01
08436039,Grünkraut,08,08436,1,true,true,2026-01-01,BKG_VG250_2026_01_01
08436040,Guggenhausen,08,08436,1,true,true,2026-01-01,BKG_VG250_2026_01_01
08436047,Hoßkirch,08,08436,1,true,true,2026-01-01,BKG_VG250_2026_01_01
08436049,Isny im Allgäu,08,08436,1,true,true,2026-01-01,BKG_VG250_2026_01_01
08436052,Kißlegg,08,08436,1,true,true,2026-01-01,BKG_VG250_2026_01_01
08436053,Königseggwald,08,08436,1,true,true,2026-01-01,BKG_VG250_2026_01_01
08436055,Leutkirch im Allgäu,08,08436,1,true,true,2026-01-01,BKG_VG250_2026_01_01
08436064,Ravensburg,08,08436,1,true,true,2026-01-01,BKG_VG250_2026_01_01
08436067,Riedhausen,08,08436,1,true,true,2026-01-01,BKG_VG250_2026_01_01
08436069,Schlier,08,08436,1,true,true,2026-01-01,BKG_VG250_2026_01_01
08436077,Unterwaldhausen,08,08436,1,true,true,2026-01-01,BKG_VG250_2026_01_01
08436078,Vogt,08,08436,1,true,true,2026-01-01,BKG_VG250_2026_01_01
08436079,Waldburg,08,08436,1,true,true,2026-01-01,BKG_VG250_2026_01_01
08436081,Wangen im Allgäu,08,08436,1,true,true,2026-01-01,BKG_VG250_2026_01_01
08436082,Weingarten,08,08436,1,true,true,2026-01-01,BKG_VG250_2026_01_01
08436083,Wilhelmsdorf,08,08436,1,true,true,2026-01-01,BKG_VG250_2026_01_01
08436085,Wolfegg,08,08436,1,true,true,2026-01-01,BKG_VG250_2026_01_01
08436087,Wolpertswende,08,08436,1,true,true,2026-01-01,BKG_VG250_2026_01_01
08436093,Ebersbach-Musbach,08,08436,1,true,true,2026-01-01,BKG_VG250_2026_01_01
08436094,Argenbühl,08,08436,1,true,true,2026-01-01,BKG_VG250_2026_01_01
08436095,Horgenzell,08,08436,1,true,true,2026-01-01,BKG_VG250_2026_01_01
08436096,Fronreute,08,08436,1,true,true,2026-01-01,BKG_VG250_2026_01_01
08437005,Beuron,08,08437,1,true,true,2026-01-01,BKG_VG250_2026_01_01
08437008,Bingen,08,08437,1,true,true,2026-01-01,BKG_VG250_2026_01_01
08437031,Gammertingen,08,08437,1,true,true,2026-01-01,BKG_VG250_2026_01_01
08437044,Herbertingen,08,08437,1,true,true,2026-01-01,BKG_VG250_2026_01_01
08437047,Hettingen,08,08437,1,true,true,2026-01-01,BKG_VG250_2026_01_01
08437053,Hohentengen,08,08437,1,true,true,2026-01-01,BKG_VG250_2026_01_01
08437056,Illmensee,08,08437,1,true,true,2026-01-01,BKG_VG250_2026_01_01
08437059,Inzigkofen,08,08437,1,true,true,2026-01-01,BKG_VG250_2026_01_01
08437065,Krauchenwies,08,08437,1,true,true,2026-01-01,BKG_VG250_2026_01_01
08437072,Leibertingen,08,08437,1,true,true,2026-01-01,BKG_VG250_2026_01_01
08437076,Mengen,08,08437,1,true,true,2026-01-01,BKG_VG250_2026_01_01
08437078,Meßkirch,08,08437,1,true,true,2026-01-01,BKG_VG250_2026_01_01
08437082,Neufra,08,08437,1,true,true,2026-01-01,BKG_VG250_2026_01_01
08437086,Ostrach,08,08437,1,true,true,2026-01-01,BKG_VG250_2026_01_01
08437088,Pfullendorf,08,08437,1,true,true,2026-01-01,BKG_VG250_2026_01_01
08437100,Bad Saulgau,08,08437,1,true,true,2026-01-01,BKG_VG250_2026_01_01
08437101,Scheer,08,08437,1,true,true,2026-01-01,BKG_VG250_2026_01_01
08437102,Schwenningen,08,08437,1,true,true,2026-01-01,BKG_VG250_2026_01_01
08437104,Sigmaringen,08,08437,1,true,true,2026-01-01,BKG_VG250_2026_01_01
08437105,Sigmaringendorf,08,08437,1,true,true,2026-01-01,BKG_VG250_2026_01_01
08437107,Stetten am kalten Markt,08,08437,1,true,true,2026-01-01,BKG_VG250_2026_01_01
08437114,Veringenstadt,08,08437,1,true,true,2026-01-01,BKG_VG250_2026_01_01
08437118,Wald,08,08437,1,true,true,2026-01-01,BKG_VG250_2026_01_01
08437123,Sauldorf,08,08437,1,true,true,2026-01-01,BKG_VG250_2026_01_01
08437124,Herdwangen-Schönach,08,08437,1,true,true,2026-01-01,BKG_VG250_2026_01_01
09161000,Ingolstadt,09,09161,1,true,true,2026-01-01,BKG_VG250_2026_01_01
09162000,München,09,09162,1,true,true,2026-01-01,BKG_VG250_2026_01_01
09163000,Rosenheim,09,09163,1,true,true,2026-01-01,BKG_VG250_2026_01_01
09171111,Altötting,09,09171,1,true,true,2026-01-01,BKG_VG250_2026_01_01
09171112,Burghausen,09,09171,1,true,true,2026-01-01,BKG_VG250_2026_01_01
09171113,Burgkirchen a.d.Alz,09,09171,1,true,true,2026-01-01,BKG_VG250_2026_01_01
09171114,Emmerting,09,09171,1,true,true,2026-01-01,BKG_VG250_2026_01_01
09171115,Erlbach,09,09171,1,true,true,2026-01-01,BKG_VG250_2026_01_01
09171116,Feichten a.d.Alz,09,09171,1,true,true,2026-01-01,BKG_VG250_2026_01_01
09171117,Garching a.d.Alz,09,09171,1,true,true,2026-01-01,BKG_VG250_2026_01_01
09171118,Haiming,09,09171,1,true,true,2026-01-01,BKG_VG250_2026_01_01
09171119,Halsbach,09,09171,1,true,true,2026-01-01,BKG_VG250_2026_01_01
09171121,Kastl,09,09171,1,true,true,2026-01-01,BKG_VG250_2026_01_01
09171122,Kirchweidach,09,09171,1,true,true,2026-01-01,BKG_VG250_2026_01_01
09171123,Marktl,09,09171,1,true,true,2026-01-01,BKG_VG250_2026_01_01
09171124,Mehring,09,09171,1,true,true,2026-01-01,BKG_VG250_2026_01_01
09171125,Neuötting,09,09171,1,true,true,2026-01-01,BKG_VG250_2026_01_01
09171126,Perach,09,09171,1,true,true,2026-01-01,BKG_VG250_2026_01_01
09171127,Pleiskirchen,09,09171,1,true,true,2026-01-01,BKG_VG250_2026_01_01
09171129,Reischach,09,09171,1,true,true,2026-01-01,BKG_VG250_2026_01_01
09171130,Stammham,09,09171,1,true,true,2026-01-01,BKG_VG250_2026_01_01
09171131,Teising,09,09171,1,true,true,2026-01-01,BKG_VG250_2026_01_01
09171132,Töging a.Inn,09,09171,1,true,true,2026-01-01,BKG_VG250_2026_01_01
09171133,Tüßling,09,09171,1,true,true,2026-01-01,BKG_VG250_2026_01_01
09171134,Tyrlaching,09,09171,1,true,true,2026-01-01,BKG_VG250_2026_01_01
09171135,Unterneukirchen,09,09171,1,true,true,2026-01-01,BKG_VG250_2026_01_01
09171137,Winhöring,09,09171,1,true,true,2026-01-01,BKG_VG250_2026_01_01
09172111,Ainring,09,09172,1,true,true,2026-01-01,BKG_VG250_2026_01_01
09172112,Anger,09,09172,1,true,true,2026-01-01,BKG_VG250_2026_01_01
09172114,Bad Reichenhall,09,09172,1,true,true,2026-01-01,BKG_VG250_2026_01_01
09172115,Bayerisch Gmain,09,09172,1,true,true,2026-01-01,BKG_VG250_2026_01_01
09172116,Berchtesgaden,09,09172,1,true,true,2026-01-01,BKG_VG250_2026_01_01
09172117,Bischofswiesen,09,09172,1,true,true,2026-01-01,BKG_VG250_2026_01_01
09172118,Freilassing,09,09172,1,true,true,2026-01-01,BKG_VG250_2026_01_01
09172122,Laufen,09,09172,1,true,true,2026-01-01,BKG_VG250_2026_01_01
09172124,Marktschellenberg,09,09172,1,true,true,2026-01-01,BKG_VG250_2026_01_01
09172128,Piding,09,09172,1,true,true,2026-01-01,BKG_VG250_2026_01_01
09172129,Ramsau b.Berchtesgaden,09,09172,1,true,true,2026-01-01,BKG_VG250_2026_01_01
09172130,Saaldorf-Surheim,09,09172,1,true,true,2026-01-01,BKG_VG250_2026_01_01
09172131,Schneizlreuth,09,09172,1,true,true,2026-01-01,BKG_VG250_2026_01_01
09172132,Schönau a.Königssee,09,09172,1,true,true,2026-01-01,BKG_VG250_2026_01_01
09172134,Teisendorf,09,09172,1,true,true,2026-01-01,BKG_VG250_2026_01_01
09172452,Eck,09,09172,1,true,false,2026-01-01,BKG_VG250_2026_01_01
09172454,Schellenberger Forst,09,09172,1,true,false,2026-01-01,BKG_VG250_2026_01_01
09173111,Bad Heilbrunn,09,09173,1,true,true,2026-01-01,BKG_VG250_2026_01_01
09173112,Bad Tölz,09,09173,1,true,true,2026-01-01,BKG_VG250_2026_01_01
09173113,Benediktbeuern,09,09173,1,true,true,2026-01-01,BKG_VG250_2026_01_01
09173115,Bichl,09,09173,1,true,true,2026-01-01,BKG_VG250_2026_01_01
09173118,Dietramszell,09,09173,1,true,true,2026-01-01,BKG_VG250_2026_01_01
09173120,Egling,09,09173,1,true,true,2026-01-01,BKG_VG250_2026_01_01
09173123,Eurasburg,09,09173,1,true,true,2026-01-01,BKG_VG250_2026_01_01
09173124,Gaißach,09,09173,1,true,true,2026-01-01,BKG_VG250_2026_01_01
09173126,Geretsried,09,09173,1,true,true,2026-01-01,BKG_VG250_2026_01_01
09173127,Greiling,09,09173,1,true,true,2026-01-01,BKG_VG250_2026_01_01
09173130,Icking,09,09173,1,true,true,2026-01-01,BKG_VG250_2026_01_01
09173131,Jachenau,09,09173,1,true,true,2026-01-01,BKG_VG250_2026_01_01
09173133,Kochel a.See,09,09173,1,true,true,2026-01-01,BKG_VG250_2026_01_01
09173134,Königsdorf,09,09173,1,true,true,2026-01-01,BKG_VG250_2026_01_01
09173135,Lenggries,09,09173,1,true,true,2026-01-01,BKG_VG250_2026_01_01
09173137,Münsing,09,09173,1,true,true,2026-01-01,BKG_VG250_2026_01_01
09173140,Reichersbeuern,09,09173,1,true,true,2026-01-01,BKG_VG250_2026_01_01
09173141,Sachsenkam,09,09173,1,true,true,2026-01-01,BKG_VG250_2026_01_01
09173142,Schlehdorf,09,09173,1,true,true,2026-01-01,BKG_VG250_2026_01_01
09173145,Wackersberg,09,09173,1,true,true,2026-01-01,BKG_VG250_2026_01_01
09173147,Wolfratshausen,09,09173,1,true,true,2026-01-01,BKG_VG250_2026_01_01
09173451,Pupplinger Au,09,09173,1,true,false,2026-01-01,BKG_VG250_2026_01_01
09173452,Wolfratshauser Forst,09,09173,1,true,false,2026-01-01,BKG_VG250_2026_01_01
09174111,Altomünster,09,09174,1,true,true,2026-01-01,BKG_VG250_2026_01_01
09174113,Bergkirchen,09,09174,1,true,true,2026-01-01,BKG_VG250_2026_01_01
09174115,Dachau,09,09174,1,true,true,2026-01-01,BKG_VG250_2026_01_01
09174118,Erdweg,09,09174,1,true,true,2026-01-01,BKG_VG250_2026_01_01
09174121,Haimhausen,09,09174,1,true,true,2026-01-01,BKG_VG250_2026_01_01
09174122,Hebertshausen,09,09174,1,true,true,2026-01-01,BKG_VG250_2026_01_01
09174126,Karlsfeld,09,09174,1,true,true,2026-01-01,BKG_VG250_2026_01_01
09174131,Markt Indersdorf,09,09174,1,true,true,2026-01-01,BKG_VG250_2026_01_01
09174135,Odelzhausen,09,09174,1,true,true,2026-01-01,BKG_VG250_2026_01_01
09174136,Petershausen,09,09174,1,true,true,2026-01-01,BKG_VG250_2026_01_01
09174137,Pfaffenhofen a.d.Glonn,09,09174,1,true,true,2026-01-01,BKG_VG250_2026_01_01
09174141,Röhrmoos,09,09174,1,true,true,2026-01-01,BKG_VG250_2026_01_01
09174143,Schwabhausen,09,09174,1,true,true,2026-01-01,BKG_VG250_2026_01_01
09174146,Sulzemoos,09,09174,1,true,true,2026-01-01,BKG_VG250_2026_01_01
09174147,Hilgertshausen-Tandern,09,09174,1,true,true,2026-01-01,BKG_VG250_2026_01_01
09174150,Vierkirchen,09,09174,1,true,true,2026-01-01,BKG_VG250_2026_01_01
09174151,Weichs,09,09174,1,true,true,2026-01-01,BKG_VG250_2026_01_01
09175111,Anzing,09,09175,1,true,true,2026-01-01,BKG_VG250_2026_01_01
09175112,Aßling,09,09175,1,true,true,2026-01-01,BKG_VG250_2026_01_01
09175113,Baiern,09,09175,1,true,true,2026-01-01,BKG_VG250_2026_01_01
09175114,Bruck,09,09175,1,true,true,2026-01-01,BKG_VG250_2026_01_01
09175115,Ebersberg,09,09175,1,true,true,2026-01-01,BKG_VG250_2026_01_01
09175116,Egmating,09,09175,1,true,true,2026-01-01,BKG_VG250_2026_01_01
09175118,Forstinning,09,09175,1,true,true,2026-01-01,BKG_VG250_2026_01_01
09175119,Frauenneuharting,09,09175,1,true,true,2026-01-01,BKG_VG250_2026_01_01
09175121,Glonn,09,09175,1,true,true,2026-01-01,BKG_VG250_2026_01_01
09175122,Grafing b.München,09,09175,1,true,true,2026-01-01,BKG_VG250_2026_01_01
09175123,Hohenlinden,09,09175,1,true,true,2026-01-01,BKG_VG250_2026_01_01
09175124,Kirchseeon,09,09175,1,true,true,2026-01-01,BKG_VG250_2026_01_01
09175127,Markt Schwaben,09,09175,1,true,true,2026-01-01,BKG_VG250_2026_01_01
09175128,Moosach,09,09175,1,true,true,2026-01-01,BKG_VG250_2026_01_01
09175131,Oberpframmern,09,09175,1,true,true,2026-01-01,BKG_VG250_2026_01_01
09175132,Vaterstetten,09,09175,1,true,true,2026-01-01,BKG_VG250_2026_01_01
09175133,Pliening,09,09175,1,true,true,2026-01-01,BKG_VG250_2026_01_01
09175135,Poing,09,09175,1,true,true,2026-01-01,BKG_VG250_2026_01_01
09175136,Emmering,09,09175,1,true,true,2026-01-01,BKG_VG250_2026_01_01
09175137,Steinhöring,09,09175,1,true,true,2026-01-01,BKG_VG250_2026_01_01
09175139,Zorneding,09,09175,1,true,true,2026-01-01,BKG_VG250_2026_01_01
09175451,Anzinger Forst,09,09175,1,true,false,2026-01-01,BKG_VG250_2026_01_01
09175452,Ebersberger Forst,09,09175,1,true,false,2026-01-01,BKG_VG250_2026_01_01
09175453,Eglhartinger Forst,09,09175,1,true,false,2026-01-01,BKG_VG250_2026_01_01
09176111,Adelschlag,09,09176,1,true,true,2026-01-01,BKG_VG250_2026_01_01
09176112,Altmannstein,09,09176,1,true,true,2026-01-01,BKG_VG250_2026_01_01
09176114,Beilngries,09,09176,1,true,true,2026-01-01,BKG_VG250_2026_01_01
09176116,Böhmfeld,09,09176,1,true,true,2026-01-01,BKG_VG250_2026_01_01
09176118,Buxheim,09,09176,1,true,true,2026-01-01,BKG_VG250_2026_01_01
09176120,Denkendorf,09,09176,1,true,true,2026-01-01,BKG_VG250_2026_01_01
09176121,Dollnstein,09,09176,1,true,true,2026-01-01,BKG_VG250_2026_01_01
09176122,Egweil,09,09176,1,true,true,2026-01-01,BKG_VG250_2026_01_01
09176123,Eichstätt,09,09176,1,true,true,2026-01-01,BKG_VG250_2026_01_01
09176124,Eitensheim,09,09176,1,true,true,2026-01-01,BKG_VG250_2026_01_01
09176126,Gaimersheim,09,09176,1,true,true,2026-01-01,BKG_VG250_2026_01_01
09176129,Großmehring,09,09176,1,true,true,2026-01-01,BKG_VG250_2026_01_01
09176131,Hepberg,09,09176,1,true,true,2026-01-01,BKG_VG250_2026_01_01
09176132,Hitzhofen,09,09176,1,true,true,2026-01-01,BKG_VG250_2026_01_01
09176137,Kinding,09,09176,1,true,true,2026-01-01,BKG_VG250_2026_01_01
09176138,Kipfenberg,09,09176,1,true,true,2026-01-01,BKG_VG250_2026_01_01
09176139,Kösching,09,09176,1,true,true,2026-01-01,BKG_VG250_2026_01_01
09176143,Lenting,09,09176,1,true,true,2026-01-01,BKG_VG250_2026_01_01
09176147,Mindelstetten,09,09176,1,true,true,2026-01-01,BKG_VG250_2026_01_01
09176148,Mörnsheim,09,09176,1,true,true,2026-01-01,BKG_VG250_2026_01_01
09176149,Nassenfels,09,09176,1,true,true,2026-01-01,BKG_VG250_2026_01_01
09176150,Oberdolling,09,09176,1,true,true,2026-01-01,BKG_VG250_2026_01_01
09176153,Pförring,09,09176,1,true,true,2026-01-01,BKG_VG250_2026_01_01
09176155,Pollenfeld,09,09176,1,true,true,2026-01-01,BKG_VG250_2026_01_01
09176160,Schernfeld,09,09176,1,true,true,2026-01-01,BKG_VG250_2026_01_01
09176161,Stammham,09,09176,1,true,true,2026-01-01,BKG_VG250_2026_01_01
09176164,Titting,09,09176,1,true,true,2026-01-01,BKG_VG250_2026_01_01
09176165,Walting,09,09176,1,true,true,2026-01-01,BKG_VG250_2026_01_01
09176166,Wellheim,09,09176,1,true,true,2026-01-01,BKG_VG250_2026_01_01
09176167,Wettstetten,09,09176,1,true,true,2026-01-01,BKG_VG250_2026_01_01
09176451,Haunstetter Forst,09,09176,1,true,false,2026-01-01,BKG_VG250_2026_01_01
09177112,Berglern,09,09177,1,true,true,2026-01-01,BKG_VG250_2026_01_01
09177113,Bockhorn,09,09177,1,true,true,2026-01-01,BKG_VG250_2026_01_01
09177114,Buch a.Buchrain,09,09177,1,true,true,2026-01-01,BKG_VG250_2026_01_01
09177115,Dorfen,09,09177,1,true,true,2026-01-01,BKG_VG250_2026_01_01
09177116,Eitting,09,09177,1,true,true,2026-01-01,BKG_VG250_2026_01_01
09177117,Erding,09,09177,1,true,true,2026-01-01,BKG_VG250_2026_01_01
09177118,Finsing,09,09177,1,true,true,2026-01-01,BKG_VG250_2026_01_01
09177119,Forstern,09,09177,1,true,true,2026-01-01,BKG_VG250_2026_01_01
09177120,Fraunberg,09,09177,1,true,true,2026-01-01,BKG_VG250_2026_01_01
09177121,Hohenpolding,09,09177,1,true,true,2026-01-01,BKG_VG250_2026_01_01
09177122,Inning a.Holz,09,09177,1,true,true,2026-01-01,BKG_VG250_2026_01_01
09177123,Isen,09,09177,1,true,true,2026-01-01,BKG_VG250_2026_01_01
09177124,Kirchberg,09,09177,1,true,true,2026-01-01,BKG_VG250_2026_01_01
09177126,Langenpreising,09,09177,1,true,true,2026-01-01,BKG_VG250_2026_01_01
09177127,Lengdorf,09,09177,1,true,true,2026-01-01,BKG_VG250_2026_01_01
09177130,Moosinning,09,09177,1,true,true,2026-01-01,BKG_VG250_2026_01_01
09177131,Neuching,09,09177,1,true,true,2026-01-01,BKG_VG250_2026_01_01
09177133,Oberding,09,09177,1,true,true,2026-01-01,BKG_VG250_2026_01_01
09177134,Ottenhofen,09,09177,1,true,true,2026-01-01,BKG_VG250_2026_01_01
09177135,Pastetten,09,09177,1,true,true,2026-01-01,BKG_VG250_2026_01_01
09177137,Sankt Wolfgang,09,09177,1,true,true,2026-01-01,BKG_VG250_2026_01_01
09177138,Steinkirchen,09,09177,1,true,true,2026-01-01,BKG_VG250_2026_01_01
09177139,Taufkirchen (Vils),09,09177,1,true,true,2026-01-01,BKG_VG250_2026_01_01
09177142,Walpertskirchen,09,09177,1,true,true,2026-01-01,BKG_VG250_2026_01_01
09177143,Wartenberg,09,09177,1,true,true,2026-01-01,BKG_VG250_2026_01_01
09177144,Wörth,09,09177,1,true,true,2026-01-01,BKG_VG250_2026_01_01
09178113,Allershausen,09,09178,1,true,true,2026-01-01,BKG_VG250_2026_01_01
09178115,Attenkirchen,09,09178,1,true,true,2026-01-01,BKG_VG250_2026_01_01
09178116,Au i.d.Hallertau,09,09178,1,true,true,2026-01-01,BKG_VG250_2026_01_01
09178120,Eching,09,09178,1,true,true,2026-01-01,BKG_VG250_2026_01_01
09178122,Rudelzhausen,09,09178,1,true,true,2026-01-01,BKG_VG250_2026_01_01
09178123,Fahrenzhausen,09,09178,1,true,true,2026-01-01,BKG_VG250_2026_01_01
09178124,Freising,09,09178,1,true,true,2026-01-01,BKG_VG250_2026_01_01
09178125,Gammelsdorf,09,09178,1,true,true,2026-01-01,BKG_VG250_2026_01_01
09178129,Haag a.d.Amper,09,09178,1,true,true,2026-01-01,BKG_VG250_2026_01_01
09178130,Hallbergmoos,09,09178,1,true,true,2026-01-01,BKG_VG250_2026_01_01
09178132,Hörgertshausen,09,09178,1,true,true,2026-01-01,BKG_VG250_2026_01_01
09178133,Hohenkammer,09,09178,1,true,true,2026-01-01,BKG_VG250_2026_01_01
09178136,Kirchdorf a.d.Amper,09,09178,1,true,true,2026-01-01,BKG_VG250_2026_01_01
09178137,Kranzberg,09,09178,1,true,true,2026-01-01,BKG_VG250_2026_01_01
09178138,Langenbach,09,09178,1,true,true,2026-01-01,BKG_VG250_2026_01_01
09178140,Marzling,09,09178,1,true,true,2026-01-01,BKG_VG250_2026_01_01
09178142,Mauern,09,09178,1,true,true,2026-01-01,BKG_VG250_2026_01_01
09178143,Moosburg a.d.Isar,09,09178,1,true,true,2026-01-01,BKG_VG250_2026_01_01
09178144,Nandlstadt,09,09178,1,true,true,2026-01-01,BKG_VG250_2026_01_01
09178145,Neufahrn b.Freising,09,09178,1,true,true,2026-01-01,BKG_VG250_2026_01_01
09178150,Paunzhausen,09,09178,1,true,true,2026-01-01,BKG_VG250_2026_01_01
09178155,Wang,09,09178,1,true,true,2026-01-01,BKG_VG250_2026_01_01
09178156,Wolfersdorf,09,09178,1,true,true,2026-01-01,BKG_VG250_2026_01_01
09178157,Zolling,09,09178,1,true,true,2026-01-01,BKG_VG250_2026_01_01
09179111,Adelshofen,09,09179,1,true,true,2026-01-01,BKG_VG250_2026_01_01
09179113,Alling,09,09179,1,true,true,2026-01-01,BKG_VG250_2026_01_01
09179114,Althegnenberg,09,09179,1,true,true,2026-01-01,BKG_VG250_2026_01_01
09179117,Egenhofen,09,09179,1,true,true,2026-01-01,BKG_VG250_2026_01_01
09179118,Eichenau,09,09179,1,true,true,2026-01-01,BKG_VG250_2026_01_01
09179119,Emmering,09,09179,1,true,true,2026-01-01,BKG_VG250_2026_01_01
09179121,Fürstenfeldbruck,09,09179,1,true,true,2026-01-01,BKG_VG250_2026_01_01
09179123,Germering,09,09179,1,true,true,2026-01-01,BKG_VG250_2026_01_01
09179125,Grafrath,09,09179,1,true,true,2026-01-01,BKG_VG250_2026_01_01
09179126,Gröbenzell,09,09179,1,true,true,2026-01-01,BKG_VG250_2026_01_01
09179128,Hattenhofen,09,09179,1,true,true,2026-01-01,BKG_VG250_2026_01_01
09179130,Jesenwang,09,09179,1,true,true,2026-01-01,BKG_VG250_2026_01_01
09179131,Kottgeisering,09,09179,1,true,true,2026-01-01,BKG_VG250_2026_01_01
09179132,Landsberied,09,09179,1,true,true,2026-01-01,BKG_VG250_2026_01_01
09179134,Maisach,09,09179,1,true,true,2026-01-01,BKG_VG250_2026_01_01
09179136,Mammendorf,09,09179,1,true,true,2026-01-01,BKG_VG250_2026_01_01
09179137,Mittelstetten,09,09179,1,true,true,2026-01-01,BKG_VG250_2026_01_01
09179138,Moorenweis,09,09179,1,true,true,2026-01-01,BKG_VG250_2026_01_01
09179140,Oberschweinbach,09,09179,1,true,true,2026-01-01,BKG_VG250_2026_01_01
09179142,Olching,09,09179,1,true,true,2026-01-01,BKG_VG250_2026_01_01
09179145,Puchheim,09,09179,1,true,true,2026-01-01,BKG_VG250_2026_01_01
09179147,Schöngeising,09,09179,1,true,true,2026-01-01,BKG_VG250_2026_01_01
09179149,Türkenfeld,09,09179,1,true,true,2026-01-01,BKG_VG250_2026_01_01
09180112,Bad Kohlgrub,09,09180,1,true,true,2026-01-01,BKG_VG250_2026_01_01
09180113,Bad Bayersoien,09,09180,1,true,true,2026-01-01,BKG_VG250_2026_01_01
09180114,Eschenlohe,09,09180,1,true,true,2026-01-01,BKG_VG250_2026_01_01
09180115,Ettal,09,09180,1,true,true,2026-01-01,BKG_VG250_2026_01_01
09180116,Farchant,09,09180,1,true,true,2026-01-01,BKG_VG250_2026_01_01
09180117,Garmisch-Partenkirchen,09,09180,1,true,true,2026-01-01,BKG_VG250_2026_01_01
09180118,Grainau,09,09180,1,true,true,2026-01-01,BKG_VG250_2026_01_01
09180119,Großweil,09,09180,1,true,true,2026-01-01,BKG_VG250_2026_01_01
09180122,Krün,09,09180,1,true,true,2026-01-01,BKG_VG250_2026_01_01
09180123,Mittenwald,09,09180,1,true,true,2026-01-01,BKG_VG250_2026_01_01
09180124,Murnau a.Staffelsee,09,09180,1,true,true,2026-01-01,BKG_VG250_2026_01_01
09180125,Oberammergau,09,09180,1,true,true,2026-01-01,BKG_VG250_2026_01_01
09180126,Oberau,09,09180,1,true,true,2026-01-01,BKG_VG250_2026_01_01
09180127,Ohlstadt,09,09180,1,true,true,2026-01-01,BKG_VG250_2026_01_01
09180128,Riegsee,09,09180,1,true,true,2026-01-01,BKG_VG250_2026_01_01
09180129,Saulgrub,09,09180,1,true,true,2026-01-01,BKG_VG250_2026_01_01
09180131,Schwaigen,09,09180,1,true,true,2026-01-01,BKG_VG250_2026_01_01
09180132,Seehausen a.Staffelsee,09,09180,1,true,true,2026-01-01,BKG_VG250_2026_01_01
09180133,Spatzenhausen,09,09180,1,true,true,2026-01-01,BKG_VG250_2026_01_01
09180134,Uffing a.Staffelsee,09,09180,1,true,true,2026-01-01,BKG_VG250_2026_01_01
09180135,Unterammergau,09,09180,1,true,true,2026-01-01,BKG_VG250_2026_01_01
09180136,Wallgau,09,09180,1,true,true,2026-01-01,BKG_VG250_2026_01_01
09180451,Ettaler Forst,09,09180,1,true,false,2026-01-01,BKG_VG250_2026_01_01
09181111,Apfeldorf,09,09181,1,true,true,2026-01-01,BKG_VG250_2026_01_01
09181113,Denklingen,09,09181,1,true,true,2026-01-01,BKG_VG250_2026_01_01
09181114,Dießen am Ammersee,09,09181,1,true,true,2026-01-01,BKG_VG250_2026_01_01
09181115,Eching am Ammersee,09,09181,1,true,true,2026-01-01,BKG_VG250_2026_01_01
09181116,Egling a.d.Paar,09,09181,1,true,true,2026-01-01,BKG_VG250_2026_01_01
09181118,Eresing,09,09181,1,true,true,2026-01-01,BKG_VG250_2026_01_01
09181120,Finning,09,09181,1,true,true,2026-01-01,BKG_VG250_2026_01_01
09181121,Fuchstal,09,09181,1,true,true,2026-01-01,BKG_VG250_2026_01_01
09181122,Geltendorf,09,09181,1,true,true,2026-01-01,BKG_VG250_2026_01_01
09181123,Greifenberg,09,09181,1,true,true,2026-01-01,BKG_VG250_2026_01_01
09181124,Hofstetten,09,09181,1,true,true,2026-01-01,BKG_VG250_2026_01_01
09181126,Hurlach,09,09181,1,true,true,2026-01-01,BKG_VG250_2026_01_01
09181127,Igling,09,09181,1,true,true,2026-01-01,BKG_VG250_2026_01_01
09181128,Kaufering,09,09181,1,true,true,2026-01-01,BKG_VG250_2026_01_01
09181129,Kinsau,09,09181,1,true,true,2026-01-01,BKG_VG250_2026_01_01
09181130,Landsberg am Lech,09,09181,1,true,true,2026-01-01,BKG_VG250_2026_01_01
09181131,Obermeitingen,09,09181,1,true,true,2026-01-01,BKG_VG250_2026_01_01
09181132,Penzing,09,09181,1,true,true,2026-01-01,BKG_VG250_2026_01_01
09181133,Vilgertshofen,09,09181,1,true,true,2026-01-01,BKG_VG250_2026_01_01
09181134,Prittriching,09,09181,1,true,true,2026-01-01,BKG_VG250_2026_01_01
09181135,Reichling,09,09181,1,true,true,2026-01-01,BKG_VG250_2026_01_01
09181137,Rott,09,09181,1,true,true,2026-01-01,BKG_VG250_2026_01_01
09181138,Scheuring,09,09181,1,true,true,2026-01-01,BKG_VG250_2026_01_01
09181139,Schondorf am Ammersee,09,09181,1,true,true,2026-01-01,BKG_VG250_2026_01_01
09181140,Schwifting,09,09181,1,true,true,2026-01-01,BKG_VG250_2026_01_01
09181141,Pürgen,09,09181,1,true,true,2026-01-01,BKG_VG250_2026_01_01
09181142,Thaining,09,09181,1,true,true,2026-01-01,BKG_VG250_2026_01_01
09181143,Unterdießen,09,09181,1,true,true,2026-01-01,BKG_VG250_2026_01_01
09181144,Utting am Ammersee,09,09181,1,true,true,2026-01-01,BKG_VG250_2026_01_01
09181145,Weil,09,09181,1,true,true,2026-01-01,BKG_VG250_2026_01_01
09181146,Windach,09,09181,1,true,true,2026-01-01,BKG_VG250_2026_01_01
09181451,Ammersee,09,09181,1,true,false,2026-01-01,BKG_VG250_2026_01_01
09182111,Bad Wiessee,09,09182,1,true,true,2026-01-01,BKG_VG250_2026_01_01
09182112,Bayrischzell,09,09182,1,true,true,2026-01-01,BKG_VG250_2026_01_01
09182114,Fischbachau,09,09182,1,true,true,2026-01-01,BKG_VG250_2026_01_01
09182116,Gmund a.Tegernsee,09,09182,1,true,true,2026-01-01,BKG_VG250_2026_01_01
09182119,Hausham,09,09182,1,true,true,2026-01-01,BKG_VG250_2026_01_01
09182120,Holzkirchen,09,09182,1,true,true,2026-01-01,BKG_VG250_2026_01_01
09182123,Irschenberg,09,09182,1,true,true,2026-01-01,BKG_VG250_2026_01_01
09182124,Kreuth,09,09182,1,true,true,2026-01-01,BKG_VG250_2026_01_01
09182125,Miesbach,09,09182,1,true,true,2026-01-01,BKG_VG250_2026_01_01
09182127,Otterfing,09,09182,1,true,true,2026-01-01,BKG_VG250_2026_01_01
09182129,Rottach-Egern,09,09182,1,true,true,2026-01-01,BKG_VG250_2026_01_01
09182131,Schliersee,09,09182,1,true,true,2026-01-01,BKG_VG250_2026_01_01
09182132,Tegernsee,09,09182,1,true,true,2026-01-01,BKG_VG250_2026_01_01
09182133,Valley,09,09182,1,true,true,2026-01-01,BKG_VG250_2026_01_01
09182134,Waakirchen,09,09182,1,true,true,2026-01-01,BKG_VG250_2026_01_01
09182136,Warngau,09,09182,1,true,true,2026-01-01,BKG_VG250_2026_01_01
09182137,Weyarn,09,09182,1,true,true,2026-01-01,BKG_VG250_2026_01_01
09183112,Ampfing,09,09183,1,true,true,2026-01-01,BKG_VG250_2026_01_01
09183113,Aschau a.Inn,09,09183,1,true,true,2026-01-01,BKG_VG250_2026_01_01
09183114,Buchbach,09,09183,1,true,true,2026-01-01,BKG_VG250_2026_01_01
09183115,Egglkofen,09,09183,1,true,true,2026-01-01,BKG_VG250_2026_01_01
09183116,Erharting,09,09183,1,true,true,2026-01-01,BKG_VG250_2026_01_01
09183118,Gars a.Inn,09,09183,1,true,true,2026-01-01,BKG_VG250_2026_01_01
09183119,Haag i.OB,09,09183,1,true,true,2026-01-01,BKG_VG250_2026_01_01
09183120,Heldenstein,09,09183,1,true,true,2026-01-01,BKG_VG250_2026_01_01
09183122,Jettenbach,09,09183,1,true,true,2026-01-01,BKG_VG250_2026_01_01
09183123,Kirchdorf,09,09183,1,true,true,2026-01-01,BKG_VG250_2026_01_01
09183124,Kraiburg a.Inn,09,09183,1,true,true,2026-01-01,BKG_VG250_2026_01_01
09183125,Lohkirchen,09,09183,1,true,true,2026-01-01,BKG_VG250_2026_01_01
09183126,Maitenbeth,09,09183,1,true,true,2026-01-01,BKG_VG250_2026_01_01
09183127,Mettenheim,09,09183,1,true,true,2026-01-01,BKG_VG250_2026_01_01
09183128,Mühldorf a.Inn,09,09183,1,true,true,2026-01-01,BKG_VG250_2026_01_01
09183129,Neumarkt-Sankt Veit,09,09183,1,true,true,2026-01-01,BKG_VG250_2026_01_01
09183130,Niederbergkirchen,09,09183,1,true,true,2026-01-01,BKG_VG250_2026_01_01
09183131,Niedertaufkirchen,09,09183,1,true,true,2026-01-01,BKG_VG250_2026_01_01
09183132,Oberbergkirchen,09,09183,1,true,true,2026-01-01,BKG_VG250_2026_01_01
09183134,Oberneukirchen,09,09183,1,true,true,2026-01-01,BKG_VG250_2026_01_01
09183135,Obertaufkirchen,09,09183,1,true,true,2026-01-01,BKG_VG250_2026_01_01
09183136,Polling,09,09183,1,true,true,2026-01-01,BKG_VG250_2026_01_01
09183138,Rattenkirchen,09,09183,1,true,true,2026-01-01,BKG_VG250_2026_01_01
09183139,Rechtmehring,09,09183,1,true,true,2026-01-01,BKG_VG250_2026_01_01
09183140,Reichertsheim,09,09183,1,true,true,2026-01-01,BKG_VG250_2026_01_01
09183143,Schönberg,09,09183,1,true,true,2026-01-01,BKG_VG250_2026_01_01
09183144,Schwindegg,09,09183,1,true,true,2026-01-01,BKG_VG250_2026_01_01
09183145,Taufkirchen,09,09183,1,true,true,2026-01-01,BKG_VG250_2026_01_01
09183147,Unterreit,09,09183,1,true,true,2026-01-01,BKG_VG250_2026_01_01
09183148,Waldkraiburg,09,09183,1,true,true,2026-01-01,BKG_VG250_2026_01_01
09183151,Zangberg,09,09183,1,true,true,2026-01-01,BKG_VG250_2026_01_01
09183451,Mühldorfer Hart,09,09183,1,true,false,2026-01-01,BKG_VG250_2026_01_01
09184112,Aschheim,09,09184,1,true,true,2026-01-01,BKG_VG250_2026_01_01
09184113,Baierbrunn,09,09184,1,true,true,2026-01-01,BKG_VG250_2026_01_01
09184114,Brunnthal,09,09184,1,true,true,2026-01-01,BKG_VG250_2026_01_01
09184118,Feldkirchen,09,09184,1,true,true,2026-01-01,BKG_VG250_2026_01_01
09184119,Garching b.München,09,09184,1,true,true,2026-01-01,BKG_VG250_2026_01_01
09184120,Gräfelfing,09,09184,1,true,true,2026-01-01,BKG_VG250_2026_01_01
09184121,Grasbrunn,09,09184,1,true,true,2026-01-01,BKG_VG250_2026_01_01
09184122,Grünwald,09,09184,1,true,true,2026-01-01,BKG_VG250_2026_01_01
09184123,Haar,09,09184,1,true,true,2026-01-01,BKG_VG250_2026_01_01
09184127,Höhenkirchen-Siegertsbrunn,09,09184,1,true,true,2026-01-01,BKG_VG250_2026_01_01
09184129,Hohenbrunn,09,09184,1,true,true,2026-01-01,BKG_VG250_2026_01_01
09184130,Ismaning,09,09184,1,true,true,2026-01-01,BKG_VG250_2026_01_01
09184131,Kirchheim b.München,09,09184,1,true,true,2026-01-01,BKG_VG250_2026_01_01
09184132,Neuried,09,09184,1,true,true,2026-01-01,BKG_VG250_2026_01_01
09184134,Oberhaching,09,09184,1,true,true,2026-01-01,BKG_VG250_2026_01_01
09184135,Oberschleißheim,09,09184,1,true,true,2026-01-01,BKG_VG250_2026_01_01
09184136,Ottobrunn,09,09184,1,true,true,2026-01-01,BKG_VG250_2026_01_01
09184137,Aying,09,09184,1,true,true,2026-01-01,BKG_VG250_2026_01_01
09184138,Planegg,09,09184,1,true,true,2026-01-01,BKG_VG250_2026_01_01
09184139,Pullach i.Isartal,09,09184,1,true,true,2026-01-01,BKG_VG250_2026_01_01
09184140,Putzbrunn,09,09184,1,true,true,2026-01-01,BKG_VG250_2026_01_01
09184141,Sauerlach,09,09184,1,true,true,2026-01-01,BKG_VG250_2026_01_01
09184142,Schäftlarn,09,09184,1,true,true,2026-01-01,BKG_VG250_2026_01_01
09184144,Straßlach-Dingharting,09,09184,1,true,true,2026-01-01,BKG_VG250_2026_01_01
09184145,Taufkirchen,09,09184,1,true,true,2026-01-01,BKG_VG250_2026_01_01
09184146,Neubiberg,09,09184,1,true,true,2026-01-01,BKG_VG250_2026_01_01
09184147,Unterföhring,09,09184,1,true,true,2026-01-01,BKG_VG250_2026_01_01
09184148,Unterhaching,09,09184,1,true,true,2026-01-01,BKG_VG250_2026_01_01
09184149,Unterschleißheim,09,09184,1,true,true,2026-01-01,BKG_VG250_2026_01_01
09184452,Forstenrieder Park,09,09184,1,true,false,2026-01-01,BKG_VG250_2026_01_01
09184454,Grünwalder Forst,09,09184,1,true,false,2026-01-01,BKG_VG250_2026_01_01
09184457,Perlacher Forst,09,09184,1,true,false,2026-01-01,BKG_VG250_2026_01_01
09185113,Aresing,09,09185,1,true,true,2026-01-01,BKG_VG250_2026_01_01
09185116,Berg im Gau,09,09185,1,true,true,2026-01-01,BKG_VG250_2026_01_01
09185118,Bergheim,09,09185,1,true,true,2026-01-01,BKG_VG250_2026_01_01
09185123,Brunnen,09,09185,1,true,true,2026-01-01,BKG_VG250_2026_01_01
09185125,Burgheim,09,09185,1,true,true,2026-01-01,BKG_VG250_2026_01_01
09185127,Ehekirchen,09,09185,1,true,true,2026-01-01,BKG_VG250_2026_01_01
09185131,Gachenbach,09,09185,1,true,true,2026-01-01,BKG_VG250_2026_01_01
09185139,Karlshuld,09,09185,1,true,true,2026-01-01,BKG_VG250_2026_01_01
09185140,Karlskron,09,09185,1,true,true,2026-01-01,BKG_VG250_2026_01_01
09185143,Langenmosen,09,09185,1,true,true,2026-01-01,BKG_VG250_2026_01_01
09185149,Neuburg a.d.Donau,09,09185,1,true,true,2026-01-01,BKG_VG250_2026_01_01
09185150,Oberhausen,09,09185,1,true,true,2026-01-01,BKG_VG250_2026_01_01
09185153,Rennertshofen,09,09185,1,true,true,2026-01-01,BKG_VG250_2026_01_01
09185157,Rohrenfels,09,09185,1,true,true,2026-01-01,BKG_VG250_2026_01_01
09185158,Schrobenhausen,09,09185,1,true,true,2026-01-01,BKG_VG250_2026_01_01
09185163,Königsmoos,09,09185,1,true,true,2026-01-01,BKG_VG250_2026_01_01
09185166,Waidhofen,09,09185,1,true,true,2026-01-01,BKG_VG250_2026_01_01
09185168,Weichering,09,09185,1,true,true,2026-01-01,BKG_VG250_2026_01_01
09186113,Baar-Ebenhausen,09,09186,1,true,true,2026-01-01,BKG_VG250_2026_01_01
09186116,Ernsgaden,09,09186,1,true,true,2026-01-01,BKG_VG250_2026_01_01
09186122,Geisenfeld,09,09186,1,true,true,2026-01-01,BKG_VG250_2026_01_01
09186125,Gerolsbach,09,09186,1,true,true,2026-01-01,BKG_VG250_2026_01_01
09186126,Hettenshausen,09,09186,1,true,true,2026-01-01,BKG_VG250_2026_01_01
09186128,Hohenwart,09,09186,1,true,true,2026-01-01,BKG_VG250_2026_01_01
09186130,Ilmmünster,09,09186,1,true,true,2026-01-01,BKG_VG250_2026_01_01
09186132,Jetzendorf,09,09186,1,true,true,2026-01-01,BKG_VG250_2026_01_01
09186137,Manching,09,09186,1,true,true,2026-01-01,BKG_VG250_2026_01_01
09186139,Münchsmünster,09,09186,1,true,true,2026-01-01,BKG_VG250_2026_01_01
09186143,Pfaffenhofen a.d.Ilm,09,09186,1,true,true,2026-01-01,BKG_VG250_2026_01_01
09186144,Pörnbach,09,09186,1,true,true,2026-01-01,BKG_VG250_2026_01_01
09186146,Reichertshausen,09,09186,1,true,true,2026-01-01,BKG_VG250_2026_01_01
09186147,Reichertshofen,09,09186,1,true,true,2026-01-01,BKG_VG250_2026_01_01
09186149,Rohrbach,09,09186,1,true,true,2026-01-01,BKG_VG250_2026_01_01
09186151,Scheyern,09,09186,1,true,true,2026-01-01,BKG_VG250_2026_01_01
09186152,Schweitenkirchen,09,09186,1,true,true,2026-01-01,BKG_VG250_2026_01_01
09186158,Vohburg a.d.Donau,09,09186,1,true,true,2026-01-01,BKG_VG250_2026_01_01
09186162,Wolnzach,09,09186,1,true,true,2026-01-01,BKG_VG250_2026_01_01
09187113,Amerang,09,09187,1,true,true,2026-01-01,BKG_VG250_2026_01_01
09187114,Aschau i.Chiemgau,09,09187,1,true,true,2026-01-01,BKG_VG250_2026_01_01
09187116,Babensham,09,09187,1,true,true,2026-01-01,BKG_VG250_2026_01_01
09187117,Bad Aibling,09,09187,1,true,true,2026-01-01,BKG_VG250_2026_01_01
09187118,Bernau a.Chiemsee,09,09187,1,true,true,2026-01-01,BKG_VG250_2026_01_01
09187120,Brannenburg,09,09187,1,true,true,2026-01-01,BKG_VG250_2026_01_01
09187121,Breitbrunn a.Chiemsee,09,09187,1,true,true,2026-01-01,BKG_VG250_2026_01_01
09187122,Bruckmühl,09,09187,1,true,true,2026-01-01,BKG_VG250_2026_01_01
09187123,Chiemsee,09,09187,1,true,true,2026-01-01,BKG_VG250_2026_01_01
09187124,Edling,09,09187,1,true,true,2026-01-01,BKG_VG250_2026_01_01
09187125,Eggstätt,09,09187,1,true,true,2026-01-01,BKG_VG250_2026_01_01
09187126,Eiselfing,09,09187,1,true,true,2026-01-01,BKG_VG250_2026_01_01
09187128,Bad Endorf,09,09187,1,true,true,2026-01-01,BKG_VG250_2026_01_01
09187129,Bad Feilnbach,09,09187,1,true,true,2026-01-01,BKG_VG250_2026_01_01
09187130,Feldkirchen-Westerham,09,09187,1,true,true,2026-01-01,BKG_VG250_2026_01_01
09187131,Flintsbach a.Inn,09,09187,1,true,true,2026-01-01,BKG_VG250_2026_01_01
09187132,Frasdorf,09,09187,1,true,true,2026-01-01,BKG_VG250_2026_01_01
09187134,Griesstätt,09,09187,1,true,true,2026-01-01,BKG_VG250_2026_01_01
09187137,Großkarolinenfeld,09,09187,1,true,true,2026-01-01,BKG_VG250_2026_01_01
09187138,Gstadt a.Chiemsee,09,09187,1,true,true,2026-01-01,BKG_VG250_2026_01_01
09187139,Halfing,09,09187,1,true,true,2026-01-01,BKG_VG250_2026_01_01
09187142,Schechen,09,09187,1,true,true,2026-01-01,BKG_VG250_2026_01_01
09187145,Höslwang,09,09187,1,true,true,2026-01-01,BKG_VG250_2026_01_01
09187148,Kiefersfelden,09,09187,1,true,true,2026-01-01,BKG_VG250_2026_01_01
09187150,Kolbermoor,09,09187,1,true,true,2026-01-01,BKG_VG250_2026_01_01
09187154,Neubeuern,09,09187,1,true,true,2026-01-01,BKG_VG250_2026_01_01
09187156,Nußdorf a.Inn,09,09187,1,true,true,2026-01-01,BKG_VG250_2026_01_01
09187157,Oberaudorf,09,09187,1,true,true,2026-01-01,BKG_VG250_2026_01_01
09187159,Pfaffing,09,09187,1,true,true,2026-01-01,BKG_VG250_2026_01_01
09187162,Prien a.Chiemsee,09,09187,1,true,true,2026-01-01,BKG_VG250_2026_01_01
09187163,Prutting,09,09187,1,true,true,2026-01-01,BKG_VG250_2026_01_01
09187164,Ramerberg,09,09187,1,true,true,2026-01-01,BKG_VG250_2026_01_01
09187165,Raubling,09,09187,1,true,true,2026-01-01,BKG_VG250_2026_01_01
09187167,Riedering,09,09187,1,true,true,2026-01-01,BKG_VG250_2026_01_01
09187168,Rimsting,09,09187,1,true,true,2026-01-01,BKG_VG250_2026_01_01
09187169,Rohrdorf,09,09187,1,true,true,2026-01-01,BKG_VG250_2026_01_01
09187170,Rott a.Inn,09,09187,1,true,true,2026-01-01,BKG_VG250_2026_01_01
09187172,Samerberg,09,09187,1,true,true,2026-01-01,BKG_VG250_2026_01_01
09187173,Schonstett,09,09187,1,true,true,2026-01-01,BKG_VG250_2026_01_01
09187174,Söchtenau,09,09187,1,true,true,2026-01-01,BKG_VG250_2026_01_01
09187176,Soyen,09,09187,1,true,true,2026-01-01,BKG_VG250_2026_01_01
09187177,Stephanskirchen,09,09187,1,true,true,2026-01-01,BKG_VG250_2026_01_01
09187179,Tuntenhausen,09,09187,1,true,true,2026-01-01,BKG_VG250_2026_01_01
09187181,Vogtareuth,09,09187,1,true,true,2026-01-01,BKG_VG250_2026_01_01
09187182,Wasserburg a.Inn,09,09187,1,true,true,2026-01-01,BKG_VG250_2026_01_01
09187186,Albaching,09,09187,1,true,true,2026-01-01,BKG_VG250_2026_01_01
09187451,Rotter Forst-Nord,09,09187,1,true,false,2026-01-01,BKG_VG250_2026_01_01
09187452,Rotter Forst-Süd,09,09187,1,true,false,2026-01-01,BKG_VG250_2026_01_01
09188113,Berg,09,09188,1,true,true,2026-01-01,BKG_VG250_2026_01_01
09188117,Andechs,09,09188,1,true,true,2026-01-01,BKG_VG250_2026_01_01
09188118,Feldafing,09,09188,1,true,true,2026-01-01,BKG_VG250_2026_01_01
09188120,Gauting,09,09188,1,true,true,2026-01-01,BKG_VG250_2026_01_01
09188121,Gilching,09,09188,1,true,true,2026-01-01,BKG_VG250_2026_01_01
09188124,Herrsching a.Ammersee,09,09188,1,true,true,2026-01-01,BKG_VG250_2026_01_01
09188126,Inning a.Ammersee,09,09188,1,true,true,2026-01-01,BKG_VG250_2026_01_01
09188127,Krailling,09,09188,1,true,true,2026-01-01,BKG_VG250_2026_01_01
09188132,Seefeld,09,09188,1,true,true,2026-01-01,BKG_VG250_2026_01_01
09188137,Pöcking,09,09188,1,true,true,2026-01-01,BKG_VG250_2026_01_01
09188139,Starnberg,09,09188,1,true,true,2026-01-01,BKG_VG250_2026_01_01
09188141,Tutzing,09,09188,1,true,true,2026-01-01,BKG_VG250_2026_01_01
09188144,Weßling,09,09188,1,true,true,2026-01-01,BKG_VG250_2026_01_01
09188145,Wörthsee,09,09188,1,true,true,2026-01-01,BKG_VG250_2026_01_01
09188451,Starnberger See,09,09188,1,true,false,2026-01-01,BKG_VG250_2026_01_01
09189111,Altenmarkt a.d.Alz,09,09189,1,true,true,2026-01-01,BKG_VG250_2026_01_01
09189113,Bergen,09,09189,1,true,true,2026-01-01,BKG_VG250_2026_01_01
09189114,Chieming,09,09189,1,true,true,2026-01-01,BKG_VG250_2026_01_01
09189115,Engelsberg,09,09189,1,true,true,2026-01-01,BKG_VG250_2026_01_01
09189118,Fridolfing,09,09189,1,true,true,2026-01-01,BKG_VG250_2026_01_01
09189119,Grabenstätt,09,09189,1,true,true,2026-01-01,BKG_VG250_2026_01_01
09189120,Grassau,09,09189,1,true,true,2026-01-01,BKG_VG250_2026_01_01
09189124,Inzell,09,09189,1,true,true,2026-01-01,BKG_VG250_2026_01_01
09189126,Kienberg,09,09189,1,true,true,2026-01-01,BKG_VG250_2026_01_01
09189127,Kirchanschöring,09,09189,1,true,true,2026-01-01,BKG_VG250_2026_01_01
09189129,Marquartstein,09,09189,1,true,true,2026-01-01,BKG_VG250_2026_01_01
09189130,Nußdorf,09,09189,1,true,true,2026-01-01,BKG_VG250_2026_01_01
09189133,Obing,09,09189,1,true,true,2026-01-01,BKG_VG250_2026_01_01
09189134,Palling,09,09189,1,true,true,2026-01-01,BKG_VG250_2026_01_01
09189135,Petting,09,09189,1,true,true,2026-01-01,BKG_VG250_2026_01_01
09189137,Pittenhart,09,09189,1,true,true,2026-01-01,BKG_VG250_2026_01_01
09189139,Reit im Winkl,09,09189,1,true,true,2026-01-01,BKG_VG250_2026_01_01
09189140,Ruhpolding,09,09189,1,true,true,2026-01-01,BKG_VG250_2026_01_01
09189141,Schleching,09,09189,1,true,true,2026-01-01,BKG_VG250_2026_01_01
09189142,Schnaitsee,09,09189,1,true,true,2026-01-01,BKG_VG250_2026_01_01
09189143,Seeon-Seebruck,09,09189,1,true,true,2026-01-01,BKG_VG250_2026_01_01
09189145,Siegsdorf,09,09189,1,true,true,2026-01-01,BKG_VG250_2026_01_01
09189146,Staudach-Egerndach,09,09189,1,true,true,2026-01-01,BKG_VG250_2026_01_01
09189148,Surberg,09,09189,1,true,true,2026-01-01,BKG_VG250_2026_01_01
09189149,Tacherting,09,09189,1,true,true,2026-01-01,BKG_VG250_2026_01_01
09189150,Taching a.See,09,09189,1,true,true,2026-01-01,BKG_VG250_2026_01_01
09189152,Tittmoning,09,09189,1,true,true,2026-01-01,BKG_VG250_2026_01_01
09189154,Traunreut,09,09189,1,true,true,2026-01-01,BKG_VG250_2026_01_01
09189155,Traunstein,09,09189,1,true,true,2026-01-01,BKG_VG250_2026_01_01
09189157,Trostberg,09,09189,1,true,true,2026-01-01,BKG_VG250_2026_01_01
09189159,Übersee,09,09189,1,true,true,2026-01-01,BKG_VG250_2026_01_01
09189160,Unterwössen,09,09189,1,true,true,2026-01-01,BKG_VG250_2026_01_01
09189161,Vachendorf,09,09189,1,true,true,2026-01-01,BKG_VG250_2026_01_01
09189162,Waging a.See,09,09189,1,true,true,2026-01-01,BKG_VG250_2026_01_01
09189165,Wonneberg,09,09189,1,true,true,2026-01-01,BKG_VG250_2026_01_01
09189451,Chiemsee (See),09,09189,1,true,false,2026-01-01,BKG_VG250_2026_01_01
09189452,Waginger See,09,09189,1,true,false,2026-01-01,BKG_VG250_2026_01_01
09190111,Altenstadt,09,09190,1,true,true,2026-01-01,BKG_VG250_2026_01_01
09190113,Antdorf,09,09190,1,true,true,2026-01-01,BKG_VG250_2026_01_01
09190114,Bernbeuren,09,09190,1,true,true,2026-01-01,BKG_VG250_2026_01_01
09190115,Bernried am Starnberger See,09,09190,1,true,true,2026-01-01,BKG_VG250_2026_01_01
09190117,Böbing,09,09190,1,true,true,2026-01-01,BKG_VG250_2026_01_01
09190118,Burggen,09,09190,1,true,true,2026-01-01,BKG_VG250_2026_01_01
09190120,Eberfing,09,09190,1,true,true,2026-01-01,BKG_VG250_2026_01_01
09190121,Eglfing,09,09190,1,true,true,2026-01-01,BKG_VG250_2026_01_01
09190126,Habach,09,09190,1,true,true,2026-01-01,BKG_VG250_2026_01_01
09190129,Hohenfurch,09,09190,1,true,true,2026-01-01,BKG_VG250_2026_01_01
09190130,Hohenpeißenberg,09,09190,1,true,true,2026-01-01,BKG_VG250_2026_01_01
09190131,Huglfing,09,09190,1,true,true,2026-01-01,BKG_VG250_2026_01_01
09190132,Iffeldorf,09,09190,1,true,true,2026-01-01,BKG_VG250_2026_01_01
09190133,Ingenried,09,09190,1,true,true,2026-01-01,BKG_VG250_2026_01_01
09190135,Oberhausen,09,09190,1,true,true,2026-01-01,BKG_VG250_2026_01_01
09190136,Obersöchering,09,09190,1,true,true,2026-01-01,BKG_VG250_2026_01_01
09190138,Pähl,09,09190,1,true,true,2026-01-01,BKG_VG250_2026_01_01
09190139,Peißenberg,09,09190,1,true,true,2026-01-01,BKG_VG250_2026_01_01
09190140,Peiting,09,09190,1,true,true,2026-01-01,BKG_VG250_2026_01_01
09190141,Penzberg,09,09190,1,true,true,2026-01-01,BKG_VG250_2026_01_01
09190142,Polling,09,09190,1,true,true,2026-01-01,BKG_VG250_2026_01_01
09190143,Prem,09,09190,1,true,true,2026-01-01,BKG_VG250_2026_01_01
09190144,Raisting,09,09190,1,true,true,2026-01-01,BKG_VG250_2026_01_01
09190145,Rottenbuch,09,09190,1,true,true,2026-01-01,BKG_VG250_2026_01_01
09190148,Schongau,09,09190,1,true,true,2026-01-01,BKG_VG250_2026_01_01
09190149,Schwabbruck,09,09190,1,true,true,2026-01-01,BKG_VG250_2026_01_01
09190151,Schwabsoien,09,09190,1,true,true,2026-01-01,BKG_VG250_2026_01_01
09190152,Seeshaupt,09,09190,1,true,true,2026-01-01,BKG_VG250_2026_01_01
09190153,Sindelsdorf,09,09190,1,true,true,2026-01-01,BKG_VG250_2026_01_01
09190154,Steingaden,09,09190,1,true,true,2026-01-01,BKG_VG250_2026_01_01
09190157,Weilheim i.OB,09,09190,1,true,true,2026-01-01,BKG_VG250_2026_01_01
09190158,Wessobrunn,09,09190,1,true,true,2026-01-01,BKG_VG250_2026_01_01
09190159,Wielenbach,09,09190,1,true,true,2026-01-01,BKG_VG250_2026_01_01
09190160,Wildsteig,09,09190,1,true,true,2026-01-01,BKG_VG250_2026_01_01
09261000,Landshut,09,09261,1,true,true,2026-01-01,BKG_VG250_2026_01_01
09262000,Passau,09,09262,1,true,true,2026-01-01,BKG_VG250_2026_01_01
09263000,Straubing,09,09263,1,true,true,2026-01-01,BKG_VG250_2026_01_01
09271111,Aholming,09,09271,1,true,true,2026-01-01,BKG_VG250_2026_01_01
09271113,Auerbach,09,09271,1,true,true,2026-01-01,BKG_VG250_2026_01_01
09271114,Außernzell,09,09271,1,true,true,2026-01-01,BKG_VG250_2026_01_01
09271116,Bernried,09,09271,1,true,true,2026-01-01,BKG_VG250_2026_01_01
09271118,Buchhofen,09,09271,1,true,true,2026-01-01,BKG_VG250_2026_01_01
09271119,Deggendorf,09,09271,1,true,true,2026-01-01,BKG_VG250_2026_01_01
09271122,Grafling,09,09271,1,true,true,2026-01-01,BKG_VG250_2026_01_01
09271123,Grattersdorf,09,09271,1,true,true,2026-01-01,BKG_VG250_2026_01_01
09271125,Hengersberg,09,09271,1,true,true,2026-01-01,BKG_VG250_2026_01_01
09271126,Hunding,09,09271,1,true,true,2026-01-01,BKG_VG250_2026_01_01
09271127,Iggensbach,09,09271,1,true,true,2026-01-01,BKG_VG250_2026_01_01
09271128,Künzing,09,09271,1,true,true,2026-01-01,BKG_VG250_2026_01_01
09271130,Lalling,09,09271,1,true,true,2026-01-01,BKG_VG250_2026_01_01
09271132,Metten,09,09271,1,true,true,2026-01-01,BKG_VG250_2026_01_01
09271135,Moos,09,09271,1,true,true,2026-01-01,BKG_VG250_2026_01_01
09271138,Niederalteich,09,09271,1,true,true,2026-01-01,BKG_VG250_2026_01_01
09271139,Oberpöring,09,09271,1,true,true,2026-01-01,BKG_VG250_2026_01_01
09271140,Offenberg,09,09271,1,true,true,2026-01-01,BKG_VG250_2026_01_01
09271141,Osterhofen,09,09271,1,true,true,2026-01-01,BKG_VG250_2026_01_01
09271143,Otzing,09,09271,1,true,true,2026-01-01,BKG_VG250_2026_01_01
09271146,Plattling,09,09271,1,true,true,2026-01-01,BKG_VG250_2026_01_01
09271148,Schaufling,09,09271,1,true,true,2026-01-01,BKG_VG250_2026_01_01
09271149,Schöllnach,09,09271,1,true,true,2026-01-01,BKG_VG250_2026_01_01
09271151,Stephansposching,09,09271,1,true,true,2026-01-01,BKG_VG250_2026_01_01
09271152,Wallerfing,09,09271,1,true,true,2026-01-01,BKG_VG250_2026_01_01
09271153,Winzer,09,09271,1,true,true,2026-01-01,BKG_VG250_2026_01_01
09272116,Eppenschlag,09,09272,1,true,true,2026-01-01,BKG_VG250_2026_01_01
09272118,Freyung,09,09272,1,true,true,2026-01-01,BKG_VG250_2026_01_01
09272119,Fürsteneck,09,09272,1,true,true,2026-01-01,BKG_VG250_2026_01_01
09272120,Grafenau,09,09272,1,true,true,2026-01-01,BKG_VG250_2026_01_01
09272121,Grainet,09,09272,1,true,true,2026-01-01,BKG_VG250_2026_01_01
09272122,Haidmühle,09,09272,1,true,true,2026-01-01,BKG_VG250_2026_01_01
09272126,Hinterschmiding,09,09272,1,true,true,2026-01-01,BKG_VG250_2026_01_01
09272127,Hohenau,09,09272,1,true,true,2026-01-01,BKG_VG250_2026_01_01
09272128,Innernzell,09,09272,1,true,true,2026-01-01,BKG_VG250_2026_01_01
09272129,Jandelsbrunn,09,09272,1,true,true,2026-01-01,BKG_VG250_2026_01_01
09272134,Mauth,09,09272,1,true,true,2026-01-01,BKG_VG250_2026_01_01
09272136,Neureichenau,09,09272,1,true,true,2026-01-01,BKG_VG250_2026_01_01
09272138,Perlesreut,09,09272,1,true,true,2026-01-01,BKG_VG250_2026_01_01
09272139,Philippsreut,09,09272,1,true,true,2026-01-01,BKG_VG250_2026_01_01
09272140,Ringelai,09,09272,1,true,true,2026-01-01,BKG_VG250_2026_01_01
09272141,Röhrnbach,09,09272,1,true,true,2026-01-01,BKG_VG250_2026_01_01
09272142,Saldenburg,09,09272,1,true,true,2026-01-01,BKG_VG250_2026_01_01
09272143,Sankt Oswald-Riedlhütte,09,09272,1,true,true,2026-01-01,BKG_VG250_2026_01_01
09272145,Schöfweg,09,09272,1,true,true,2026-01-01,BKG_VG250_2026_01_01
09272146,Neuschönau,09,09272,1,true,true,2026-01-01,BKG_VG250_2026_01_01
09272147,Schönberg,09,09272,1,true,true,2026-01-01,BKG_VG250_2026_01_01
09272149,Spiegelau,09,09272,1,true,true,2026-01-01,BKG_VG250_2026_01_01
09272150,Thurmansbang,09,09272,1,true,true,2026-01-01,BKG_VG250_2026_01_01
09272151,Waldkirchen,09,09272,1,true,true,2026-01-01,BKG_VG250_2026_01_01
09272152,Zenting,09,09272,1,true,true,2026-01-01,BKG_VG250_2026_01_01
09272451,Annathaler Wald,09,09272,1,true,false,2026-01-01,BKG_VG250_2026_01_01
09272452,Frauenberger und Duschlberger Wald,09,09272,1,true,false,2026-01-01,BKG_VG250_2026_01_01
09272453,Graineter Wald,09,09272,1,true,false,2026-01-01,BKG_VG250_2026_01_01
09272455,Leopoldsreuter Wald,09,09272,1,true,false,2026-01-01,BKG_VG250_2026_01_01
09272456,Mauther Forst,09,09272,1,true,false,2026-01-01,BKG_VG250_2026_01_01
09272457,Philippsreuter Wald,09,09272,1,true,false,2026-01-01,BKG_VG250_2026_01_01
09272458,Pleckensteiner Wald,09,09272,1,true,false,2026-01-01,BKG_VG250_2026_01_01
09272459,Sankt Oswald,09,09272,1,true,false,2026-01-01,BKG_VG250_2026_01_01
09272460,Schlichtenberger Wald,09,09272,1,true,false,2026-01-01,BKG_VG250_2026_01_01
09272461,Schönbrunner Wald,09,09272,1,true,false,2026-01-01,BKG_VG250_2026_01_01
09272463,Waldhäuserwald,09,09272,1,true,false,2026-01-01,BKG_VG250_2026_01_01
09273111,Abensberg,09,09273,1,true,true,2026-01-01,BKG_VG250_2026_01_01
09273113,Aiglsbach,09,09273,1,true,true,2026-01-01,BKG_VG250_2026_01_01
09273115,Attenhofen,09,09273,1,true,true,2026-01-01,BKG_VG250_2026_01_01
09273116,Bad Abbach,09,09273,1,true,true,2026-01-01,BKG_VG250_2026_01_01
09273119,Biburg,09,09273,1,true,true,2026-01-01,BKG_VG250_2026_01_01
09273121,Essing,09,09273,1,true,true,2026-01-01,BKG_VG250_2026_01_01
09273125,Hausen,09,09273,1,true,true,2026-01-01,BKG_VG250_2026_01_01
09273127,Herrngiersdorf,09,09273,1,true,true,2026-01-01,BKG_VG250_2026_01_01
09273133,Ihrlerstein,09,09273,1,true,true,2026-01-01,BKG_VG250_2026_01_01
09273137,Kelheim,09,09273,1,true,true,2026-01-01,BKG_VG250_2026_01_01
09273139,Kirchdorf,09,09273,1,true,true,2026-01-01,BKG_VG250_2026_01_01
09273141,Langquaid,09,09273,1,true,true,2026-01-01,BKG_VG250_2026_01_01
09273147,Mainburg,09,09273,1,true,true,2026-01-01,BKG_VG250_2026_01_01
09273152,Neustadt a.d.Donau,09,09273,1,true,true,2026-01-01,BKG_VG250_2026_01_01
09273159,Painten,09,09273,1,true,true,2026-01-01,BKG_VG250_2026_01_01
09273163,Elsendorf,09,09273,1,true,true,2026-01-01,BKG_VG250_2026_01_01
09273164,Riedenburg,09,09273,1,true,true,2026-01-01,BKG_VG250_2026_01_01
09273165,Rohr i.NB,09,09273,1,true,true,2026-01-01,BKG_VG250_2026_01_01
09273166,Saal a.d.Donau,09,09273,1,true,true,2026-01-01,BKG_VG250_2026_01_01
09273172,Siegenburg,09,09273,1,true,true,2026-01-01,BKG_VG250_2026_01_01
09273175,Teugn,09,09273,1,true,true,2026-01-01,BKG_VG250_2026_01_01
09273177,Train,09,09273,1,true,true,2026-01-01,BKG_VG250_2026_01_01
09273178,Volkenschwand,09,09273,1,true,true,2026-01-01,BKG_VG250_2026_01_01
09273181,Wildenberg,09,09273,1,true,true,2026-01-01,BKG_VG250_2026_01_01
09273451,Dürnbucher Forst,09,09273,1,true,false,2026-01-01,BKG_VG250_2026_01_01
09273453,Hacklberg,09,09273,1,true,false,2026-01-01,BKG_VG250_2026_01_01
09274111,Adlkofen,09,09274,1,true,true,2026-01-01,BKG_VG250_2026_01_01
09274112,Aham,09,09274,1,true,true,2026-01-01,BKG_VG250_2026_01_01
09274113,Altdorf,09,09274,1,true,true,2026-01-01,BKG_VG250_2026_01_01
09274114,Altfraunhofen,09,09274,1,true,true,2026-01-01,BKG_VG250_2026_01_01
09274118,Baierbach,09,09274,1,true,true,2026-01-01,BKG_VG250_2026_01_01
09274119,Bayerbach b.Ergoldsbach,09,09274,1,true,true,2026-01-01,BKG_VG250_2026_01_01
09274120,Bodenkirchen,09,09274,1,true,true,2026-01-01,BKG_VG250_2026_01_01
09274121,Buch a.Erlbach,09,09274,1,true,true,2026-01-01,BKG_VG250_2026_01_01
09274124,Eching,09,09274,1,true,true,2026-01-01,BKG_VG250_2026_01_01
09274126,Ergolding,09,09274,1,true,true,2026-01-01,BKG_VG250_2026_01_01
09274127,Ergoldsbach,09,09274,1,true,true,2026-01-01,BKG_VG250_2026_01_01
09274128,Essenbach,09,09274,1,true,true,2026-01-01,BKG_VG250_2026_01_01
09274132,Furth,09,09274,1,true,true,2026-01-01,BKG_VG250_2026_01_01
09274134,Geisenhausen,09,09274,1,true,true,2026-01-01,BKG_VG250_2026_01_01
09274135,Gerzen,09,09274,1,true,true,2026-01-01,BKG_VG250_2026_01_01
09274141,Hohenthann,09,09274,1,true,true,2026-01-01,BKG_VG250_2026_01_01
09274145,Kröning,09,09274,1,true,true,2026-01-01,BKG_VG250_2026_01_01
09274146,Kumhausen,09,09274,1,true,true,2026-01-01,BKG_VG250_2026_01_01
09274153,Neufahrn i.NB,09,09274,1,true,true,2026-01-01,BKG_VG250_2026_01_01
09274154,Neufraunhofen,09,09274,1,true,true,2026-01-01,BKG_VG250_2026_01_01
09274156,Niederaichbach,09,09274,1,true,true,2026-01-01,BKG_VG250_2026_01_01
09274165,Obersüßbach,09,09274,1,true,true,2026-01-01,BKG_VG250_2026_01_01
09274172,Pfeffenhausen,09,09274,1,true,true,2026-01-01,BKG_VG250_2026_01_01
09274174,Postau,09,09274,1,true,true,2026-01-01,BKG_VG250_2026_01_01
09274176,Rottenburg a.d.Laaber,09,09274,1,true,true,2026-01-01,BKG_VG250_2026_01_01
09274179,Schalkham,09,09274,1,true,true,2026-01-01,BKG_VG250_2026_01_01
09274182,Tiefenbach,09,09274,1,true,true,2026-01-01,BKG_VG250_2026_01_01
09274183,Velden,09,09274,1,true,true,2026-01-01,BKG_VG250_2026_01_01
09274184,Vilsbiburg,09,09274,1,true,true,2026-01-01,BKG_VG250_2026_01_01
09274185,Vilsheim,09,09274,1,true,true,2026-01-01,BKG_VG250_2026_01_01
09274187,Weihmichl,09,09274,1,true,true,2026-01-01,BKG_VG250_2026_01_01
09274188,Weng,09,09274,1,true,true,2026-01-01,BKG_VG250_2026_01_01
09274191,Wörth a.d.Isar,09,09274,1,true,true,2026-01-01,BKG_VG250_2026_01_01
09274193,Wurmsham,09,09274,1,true,true,2026-01-01,BKG_VG250_2026_01_01
09274194,Bruckberg,09,09274,1,true,true,2026-01-01,BKG_VG250_2026_01_01
09275111,Aicha vorm Wald,09,09275,1,true,true,2026-01-01,BKG_VG250_2026_01_01
09275112,Aidenbach,09,09275,1,true,true,2026-01-01,BKG_VG250_2026_01_01
09275114,Aldersbach,09,09275,1,true,true,2026-01-01,BKG_VG250_2026_01_01
09275116,Bad Füssing,09,09275,1,true,true,2026-01-01,BKG_VG250_2026_01_01
09275117,Beutelsbach,09,09275,1,true,true,2026-01-01,BKG_VG250_2026_01_01
09275118,Breitenberg,09,09275,1,true,true,2026-01-01,BKG_VG250_2026_01_01
09275119,Büchlberg,09,09275,1,true,true,2026-01-01,BKG_VG250_2026_01_01
09275120,Eging a.See,09,09275,1,true,true,2026-01-01,BKG_VG250_2026_01_01
09275121,Fürstenstein,09,09275,1,true,true,2026-01-01,BKG_VG250_2026_01_01
09275122,Fürstenzell,09,09275,1,true,true,2026-01-01,BKG_VG250_2026_01_01
09275124,Bad Griesbach i.Rottal,09,09275,1,true,true,2026-01-01,BKG_VG250_2026_01_01
09275125,Haarbach,09,09275,1,true,true,2026-01-01,BKG_VG250_2026_01_01
09275126,Hauzenberg,09,09275,1,true,true,2026-01-01,BKG_VG250_2026_01_01
09275127,Hofkirchen,09,09275,1,true,true,2026-01-01,BKG_VG250_2026_01_01
09275128,Hutthurm,09,09275,1,true,true,2026-01-01,BKG_VG250_2026_01_01
09275130,Kirchham,09,09275,1,true,true,2026-01-01,BKG_VG250_2026_01_01
09275131,Kößlarn,09,09275,1,true,true,2026-01-01,BKG_VG250_2026_01_01
09275132,Malching,09,09275,1,true,true,2026-01-01,BKG_VG250_2026_01_01
09275133,Neuburg a.Inn,09,09275,1,true,true,2026-01-01,BKG_VG250_2026_01_01
09275134,Neuhaus a.Inn,09,09275,1,true,true,2026-01-01,BKG_VG250_2026_01_01
09275135,Neukirchen vorm Wald,09,09275,1,true,true,2026-01-01,BKG_VG250_2026_01_01
09275137,Obernzell,09,09275,1,true,true,2026-01-01,BKG_VG250_2026_01_01
09275138,Ortenburg,09,09275,1,true,true,2026-01-01,BKG_VG250_2026_01_01
09275141,Pocking,09,09275,1,true,true,2026-01-01,BKG_VG250_2026_01_01
09275143,Rotthalmünster,09,09275,1,true,true,2026-01-01,BKG_VG250_2026_01_01
09275144,Ruderting,09,09275,1,true,true,2026-01-01,BKG_VG250_2026_01_01
09275145,Ruhstorf a.d.Rott,09,09275,1,true,true,2026-01-01,BKG_VG250_2026_01_01
09275146,Salzweg,09,09275,1,true,true,2026-01-01,BKG_VG250_2026_01_01
09275148,Sonnen,09,09275,1,true,true,2026-01-01,BKG_VG250_2026_01_01
09275149,Tettenweis,09,09275,1,true,true,2026-01-01,BKG_VG250_2026_01_01
09275150,Thyrnau,09,09275,1,true,true,2026-01-01,BKG_VG250_2026_01_01
09275151,Tiefenbach,09,09275,1,true,true,2026-01-01,BKG_VG250_2026_01_01
09275152,Tittling,09,09275,1,true,true,2026-01-01,BKG_VG250_2026_01_01
09275153,Untergriesbach,09,09275,1,true,true,2026-01-01,BKG_VG250_2026_01_01
09275154,Vilshofen an der Donau,09,09275,1,true,true,2026-01-01,BKG_VG250_2026_01_01
09275156,Wegscheid,09,09275,1,true,true,2026-01-01,BKG_VG250_2026_01_01
09275159,Windorf,09,09275,1,true,true,2026-01-01,BKG_VG250_2026_01_01
09275160,Witzmannsberg,09,09275,1,true,true,2026-01-01,BKG_VG250_2026_01_01
09276111,Achslach,09,09276,1,true,true,2026-01-01,BKG_VG250_2026_01_01
09276113,Arnbruck,09,09276,1,true,true,2026-01-01,BKG_VG250_2026_01_01
09276115,Bayerisch Eisenstein,09,09276,1,true,true,2026-01-01,BKG_VG250_2026_01_01
09276116,Bischofsmais,09,09276,1,true,true,2026-01-01,BKG_VG250_2026_01_01
09276117,Bodenmais,09,09276,1,true,true,2026-01-01,BKG_VG250_2026_01_01
09276118,Böbrach,09,09276,1,true,true,2026-01-01,BKG_VG250_2026_01_01
09276120,Drachselsried,09,09276,1,true,true,2026-01-01,BKG_VG250_2026_01_01
09276121,Frauenau,09,09276,1,true,true,2026-01-01,BKG_VG250_2026_01_01
09276122,Geiersthal,09,09276,1,true,true,2026-01-01,BKG_VG250_2026_01_01
09276123,Gotteszell,09,09276,1,true,true,2026-01-01,BKG_VG250_2026_01_01
09276126,Kirchberg i.Wald,09,09276,1,true,true,2026-01-01,BKG_VG250_2026_01_01
09276127,Kirchdorf i.Wald,09,09276,1,true,true,2026-01-01,BKG_VG250_2026_01_01
09276128,Kollnburg,09,09276,1,true,true,2026-01-01,BKG_VG250_2026_01_01
09276129,Langdorf,09,09276,1,true,true,2026-01-01,BKG_VG250_2026_01_01
09276130,Lindberg,09,09276,1,true,true,2026-01-01,BKG_VG250_2026_01_01
09276134,Patersdorf,09,09276,1,true,true,2026-01-01,BKG_VG250_2026_01_01
09276135,Prackenbach,09,09276,1,true,true,2026-01-01,BKG_VG250_2026_01_01
09276138,Regen,09,09276,1,true,true,2026-01-01,BKG_VG250_2026_01_01
09276139,Rinchnach,09,09276,1,true,true,2026-01-01,BKG_VG250_2026_01_01
09276142,Ruhmannsfelden,09,09276,1,true,true,2026-01-01,BKG_VG250_2026_01_01
09276143,Teisnach,09,09276,1,true,true,2026-01-01,BKG_VG250_2026_01_01
09276144,Viechtach,09,09276,1,true,true,2026-01-01,BKG_VG250_2026_01_01
09276146,Zachenberg,09,09276,1,true,true,2026-01-01,BKG_VG250_2026_01_01
09276148,Zwiesel,09,09276,1,true,true,2026-01-01,BKG_VG250_2026_01_01
09277111,Arnstorf,09,09277,1,true,true,2026-01-01,BKG_VG250_2026_01_01
09277112,Bayerbach,09,09277,1,true,true,2026-01-01,BKG_VG250_2026_01_01
09277113,Bad Birnbach,09,09277,1,true,true,2026-01-01,BKG_VG250_2026_01_01
09277114,Dietersburg,09,09277,1,true,true,2026-01-01,BKG_VG250_2026_01_01
09277116,Eggenfelden,09,09277,1,true,true,2026-01-01,BKG_VG250_2026_01_01
09277117,Egglham,09,09277,1,true,true,2026-01-01,BKG_VG250_2026_01_01
09277118,Ering,09,09277,1,true,true,2026-01-01,BKG_VG250_2026_01_01
09277119,Falkenberg,09,09277,1,true,true,2026-01-01,BKG_VG250_2026_01_01
09277121,Gangkofen,09,09277,1,true,true,2026-01-01,BKG_VG250_2026_01_01
09277122,Geratskirchen,09,09277,1,true,true,2026-01-01,BKG_VG250_2026_01_01
09277124,Hebertsfelden,09,09277,1,true,true,2026-01-01,BKG_VG250_2026_01_01
09277126,Johanniskirchen,09,09277,1,true,true,2026-01-01,BKG_VG250_2026_01_01
09277127,Julbach,09,09277,1,true,true,2026-01-01,BKG_VG250_2026_01_01
09277128,Kirchdorf a.Inn,09,09277,1,true,true,2026-01-01,BKG_VG250_2026_01_01
09277131,Malgersdorf,09,09277,1,true,true,2026-01-01,BKG_VG250_2026_01_01
09277133,Massing,09,09277,1,true,true,2026-01-01,BKG_VG250_2026_01_01
09277134,Mitterskirchen,09,09277,1,true,true,2026-01-01,BKG_VG250_2026_01_01
09277138,Pfarrkirchen,09,09277,1,true,true,2026-01-01,BKG_VG250_2026_01_01
09277139,Postmünster,09,09277,1,true,true,2026-01-01,BKG_VG250_2026_01_01
09277140,Reut,09,09277,1,true,true,2026-01-01,BKG_VG250_2026_01_01
09277141,Rimbach,09,09277,1,true,true,2026-01-01,BKG_VG250_2026_01_01
09277142,Roßbach,09,09277,1,true,true,2026-01-01,BKG_VG250_2026_01_01
09277144,Schönau,09,09277,1,true,true,2026-01-01,BKG_VG250_2026_01_01
09277145,Simbach a.Inn,09,09277,1,true,true,2026-01-01,BKG_VG250_2026_01_01
09277147,Stubenberg,09,09277,1,true,true,2026-01-01,BKG_VG250_2026_01_01
09277148,Tann,09,09277,1,true,true,2026-01-01,BKG_VG250_2026_01_01
09277149,Triftern,09,09277,1,true,true,2026-01-01,BKG_VG250_2026_01_01
09277151,Unterdietfurt,09,09277,1,true,true,2026-01-01,BKG_VG250_2026_01_01
09277152,Wittibreut,09,09277,1,true,true,2026-01-01,BKG_VG250_2026_01_01
09277153,Wurmannsquick,09,09277,1,true,true,2026-01-01,BKG_VG250_2026_01_01
09277154,Zeilarn,09,09277,1,true,true,2026-01-01,BKG_VG250_2026_01_01
09278112,Aholfing,09,09278,1,true,true,2026-01-01,BKG_VG250_2026_01_01
09278113,Aiterhofen,09,09278,1,true,true,2026-01-01,BKG_VG250_2026_01_01
09278116,Ascha,09,09278,1,true,true,2026-01-01,BKG_VG250_2026_01_01
09278117,Atting,09,09278,1,true,true,2026-01-01,BKG_VG250_2026_01_01
09278118,Bogen,09,09278,1,true,true,2026-01-01,BKG_VG250_2026_01_01
09278120,Falkenfels,09,09278,1,true,true,2026-01-01,BKG_VG250_2026_01_01
09278121,Feldkirchen,09,09278,1,true,true,2026-01-01,BKG_VG250_2026_01_01
09278123,Geiselhöring,09,09278,1,true,true,2026-01-01,BKG_VG250_2026_01_01
09278129,Haibach,09,09278,1,true,true,2026-01-01,BKG_VG250_2026_01_01
09278134,Haselbach,09,09278,1,true,true,2026-01-01,BKG_VG250_2026_01_01
09278139,Hunderdorf,09,09278,1,true,true,2026-01-01,BKG_VG250_2026_01_01
09278140,Irlbach,09,09278,1,true,true,2026-01-01,BKG_VG250_2026_01_01
09278141,Kirchroth,09,09278,1,true,true,2026-01-01,BKG_VG250_2026_01_01
09278143,Konzell,09,09278,1,true,true,2026-01-01,BKG_VG250_2026_01_01
09278144,Laberweinting,09,09278,1,true,true,2026-01-01,BKG_VG250_2026_01_01
09278146,Leiblfing,09,09278,1,true,true,2026-01-01,BKG_VG250_2026_01_01
09278147,Loitzendorf,09,09278,1,true,true,2026-01-01,BKG_VG250_2026_01_01
09278148,Mallersdorf-Pfaffenberg,09,09278,1,true,true,2026-01-01,BKG_VG250_2026_01_01
09278149,Mariaposching,09,09278,1,true,true,2026-01-01,BKG_VG250_2026_01_01
09278151,Mitterfels,09,09278,1,true,true,2026-01-01,BKG_VG250_2026_01_01
09278154,Neukirchen,09,09278,1,true,true,2026-01-01,BKG_VG250_2026_01_01
09278159,Niederwinkling,09,09278,1,true,true,2026-01-01,BKG_VG250_2026_01_01
09278167,Oberschneiding,09,09278,1,true,true,2026-01-01,BKG_VG250_2026_01_01
09278170,Parkstetten,09,09278,1,true,true,2026-01-01,BKG_VG250_2026_01_01
09278171,Perasdorf,09,09278,1,true,true,2026-01-01,BKG_VG250_2026_01_01
09278172,Perkam,09,09278,1,true,true,2026-01-01,BKG_VG250_2026_01_01
09278177,Rain,09,09278,1,true,true,2026-01-01,BKG_VG250_2026_01_01
09278178,Rattenberg,09,09278,1,true,true,2026-01-01,BKG_VG250_2026_01_01
09278179,Rattiszell,09,09278,1,true,true,2026-01-01,BKG_VG250_2026_01_01
09278182,Salching,09,09278,1,true,true,2026-01-01,BKG_VG250_2026_01_01
09278184,Sankt Englmar,09,09278,1,true,true,2026-01-01,BKG_VG250_2026_01_01
09278187,Schwarzach,09,09278,1,true,true,2026-01-01,BKG_VG250_2026_01_01
09278189,Stallwang,09,09278,1,true,true,2026-01-01,BKG_VG250_2026_01_01
09278190,Steinach,09,09278,1,true,true,2026-01-01,BKG_VG250_2026_01_01
09278192,Straßkirchen,09,09278,1,true,true,2026-01-01,BKG_VG250_2026_01_01
09278197,Wiesenfelden,09,09278,1,true,true,2026-01-01,BKG_VG250_2026_01_01
09278198,Windberg,09,09278,1,true,true,2026-01-01,BKG_VG250_2026_01_01
09279112,Dingolfing,09,09279,1,true,true,2026-01-01,BKG_VG250_2026_01_01
09279113,Eichendorf,09,09279,1,true,true,2026-01-01,BKG_VG250_2026_01_01
09279115,Frontenhausen,09,09279,1,true,true,2026-01-01,BKG_VG250_2026_01_01
09279116,Gottfrieding,09,09279,1,true,true,2026-01-01,BKG_VG250_2026_01_01
09279122,Landau a.d.Isar,09,09279,1,true,true,2026-01-01,BKG_VG250_2026_01_01
09279124,Loiching,09,09279,1,true,true,2026-01-01,BKG_VG250_2026_01_01
09279125,Mamming,09,09279,1,true,true,2026-01-01,BKG_VG250_2026_01_01
09279126,Marklkofen,09,09279,1,true,true,2026-01-01,BKG_VG250_2026_01_01
09279127,Mengkofen,09,09279,1,true,true,2026-01-01,BKG_VG250_2026_01_01
09279128,Moosthenning,09,09279,1,true,true,2026-01-01,BKG_VG250_2026_01_01
09279130,Niederviehbach,09,09279,1,true,true,2026-01-01,BKG_VG250_2026_01_01
09279132,Pilsting,09,09279,1,true,true,2026-01-01,BKG_VG250_2026_01_01
09279134,Reisbach,09,09279,1,true,true,2026-01-01,BKG_VG250_2026_01_01
09279135,Simbach,09,09279,1,true,true,2026-01-01,BKG_VG250_2026_01_01
09279137,Wallersdorf,09,09279,1,true,true,2026-01-01,BKG_VG250_2026_01_01
09361000,Amberg,09,09361,1,true,true,2026-01-01,BKG_VG250_2026_01_01
09362000,Regensburg,09,09362,1,true,true,2026-01-01,BKG_VG250_2026_01_01
09363000,Weiden i.d.OPf.,09,09363,1,true,true,2026-01-01,BKG_VG250_2026_01_01
09371111,Ammerthal,09,09371,1,true,true,2026-01-01,BKG_VG250_2026_01_01
09371113,Auerbach i.d.OPf.,09,09371,1,true,true,2026-01-01,BKG_VG250_2026_01_01
09371116,Birgland,09,09371,1,true,true,2026-01-01,BKG_VG250_2026_01_01
09371118,Ebermannsdorf,09,09371,1,true,true,2026-01-01,BKG_VG250_2026_01_01
09371119,Edelsfeld,09,09371,1,true,true,2026-01-01,BKG_VG250_2026_01_01
09371120,Ensdorf,09,09371,1,true,true,2026-01-01,BKG_VG250_2026_01_01
09371121,Freihung,09,09371,1,true,true,2026-01-01,BKG_VG250_2026_01_01
09371122,Freudenberg,09,09371,1,true,true,2026-01-01,BKG_VG250_2026_01_01
09371123,Gebenbach,09,09371,1,true,true,2026-01-01,BKG_VG250_2026_01_01
09371126,Hahnbach,09,09371,1,true,true,2026-01-01,BKG_VG250_2026_01_01
09371127,Hirschau,09,09371,1,true,true,2026-01-01,BKG_VG250_2026_01_01
09371128,Hirschbach,09,09371,1,true,true,2026-01-01,BKG_VG250_2026_01_01
09371129,Hohenburg,09,09371,1,true,true,2026-01-01,BKG_VG250_2026_01_01
09371131,Illschwang,09,09371,1,true,true,2026-01-01,BKG_VG250_2026_01_01
09371132,Kastl,09,09371,1,true,true,2026-01-01,BKG_VG250_2026_01_01
09371135,Königstein,09,09371,1,true,true,2026-01-01,BKG_VG250_2026_01_01
09371136,Kümmersbruck,09,09371,1,true,true,2026-01-01,BKG_VG250_2026_01_01
09371140,Etzelwang,09,09371,1,true,true,2026-01-01,BKG_VG250_2026_01_01
09371141,Neukirchen b.Sulzbach-Rosenberg,09,09371,1,true,true,2026-01-01,BKG_VG250_2026_01_01
09371144,Poppenricht,09,09371,1,true,true,2026-01-01,BKG_VG250_2026_01_01
09371146,Rieden,09,09371,1,true,true,2026-01-01,BKG_VG250_2026_01_01
09371148,Schmidmühlen,09,09371,1,true,true,2026-01-01,BKG_VG250_2026_01_01
09371150,Schnaittenbach,09,09371,1,true,true,2026-01-01,BKG_VG250_2026_01_01
09371151,Sulzbach-Rosenberg,09,09371,1,true,true,2026-01-01,BKG_VG250_2026_01_01
09371154,Ursensollen,09,09371,1,true,true,2026-01-01,BKG_VG250_2026_01_01
09371156,Vilseck,09,09371,1,true,true,2026-01-01,BKG_VG250_2026_01_01
09371157,Weigendorf,09,09371,1,true,true,2026-01-01,BKG_VG250_2026_01_01
09371452,Eichen,09,09371,1,true,false,2026-01-01,BKG_VG250_2026_01_01
09372112,Arnschwang,09,09372,1,true,true,2026-01-01,BKG_VG250_2026_01_01
09372113,Arrach,09,09372,1,true,true,2026-01-01,BKG_VG250_2026_01_01
09372115,Blaibach,09,09372,1,true,true,2026-01-01,BKG_VG250_2026_01_01
09372116,Cham,09,09372,1,true,true,2026-01-01,BKG_VG250_2026_01_01
09372117,Chamerau,09,09372,1,true,true,2026-01-01,BKG_VG250_2026_01_01
09372124,Eschlkam,09,09372,1,true,true,2026-01-01,BKG_VG250_2026_01_01
09372125,Falkenstein,09,09372,1,true,true,2026-01-01,BKG_VG250_2026_01_01
09372126,Furth im Wald,09,09372,1,true,true,2026-01-01,BKG_VG250_2026_01_01
09372128,Gleißenberg,09,09372,1,true,true,2026-01-01,BKG_VG250_2026_01_01
09372130,Grafenwiesen,09,09372,1,true,true,2026-01-01,BKG_VG250_2026_01_01
09372135,Hohenwarth,09,09372,1,true,true,2026-01-01,BKG_VG250_2026_01_01
09372137,Bad Kötzting,09,09372,1,true,true,2026-01-01,BKG_VG250_2026_01_01
09372138,Lam,09,09372,1,true,true,2026-01-01,BKG_VG250_2026_01_01
09372142,Michelsneukirchen,09,09372,1,true,true,2026-01-01,BKG_VG250_2026_01_01
09372143,Miltach,09,09372,1,true,true,2026-01-01,BKG_VG250_2026_01_01
09372144,Neukirchen b.Hl.Blut,09,09372,1,true,true,2026-01-01,BKG_VG250_2026_01_01
09372146,Pemfling,09,09372,1,true,true,2026-01-01,BKG_VG250_2026_01_01
09372147,Pösing,09,09372,1,true,true,2026-01-01,BKG_VG250_2026_01_01
09372149,Reichenbach,09,09372,1,true,true,2026-01-01,BKG_VG250_2026_01_01
09372150,Rettenbach,09,09372,1,true,true,2026-01-01,BKG_VG250_2026_01_01
09372151,Rimbach,09,09372,1,true,true,2026-01-01,BKG_VG250_2026_01_01
09372153,Roding,09,09372,1,true,true,2026-01-01,BKG_VG250_2026_01_01
09372154,Rötz,09,09372,1,true,true,2026-01-01,BKG_VG250_2026_01_01
09372155,Runding,09,09372,1,true,true,2026-01-01,BKG_VG250_2026_01_01
09372157,Schönthal,09,09372,1,true,true,2026-01-01,BKG_VG250_2026_01_01
09372158,Schorndorf,09,09372,1,true,true,2026-01-01,BKG_VG250_2026_01_01
09372161,Stamsried,09,09372,1,true,true,2026-01-01,BKG_VG250_2026_01_01
09372163,Tiefenbach,09,09372,1,true,true,2026-01-01,BKG_VG250_2026_01_01
09372164,Traitsching,09,09372,1,true,true,2026-01-01,BKG_VG250_2026_01_01
09372165,Treffelstein,09,09372,1,true,true,2026-01-01,BKG_VG250_2026_01_01
09372167,Zell,09,09372,1,true,true,2026-01-01,BKG_VG250_2026_01_01
09372168,Waffenbrunn,09,09372,1,true,true,2026-01-01,BKG_VG250_2026_01_01
09372169,Wald,09,09372,1,true,true,2026-01-01,BKG_VG250_2026_01_01
09372170,Walderbach,09,09372,1,true,true,2026-01-01,BKG_VG250_2026_01_01
09372171,Waldmünchen,09,09372,1,true,true,2026-01-01,BKG_VG250_2026_01_01
09372174,Weiding,09,09372,1,true,true,2026-01-01,BKG_VG250_2026_01_01
09372175,Willmering,09,09372,1,true,true,2026-01-01,BKG_VG250_2026_01_01
09372177,Zandt,09,09372,1,true,true,2026-01-01,BKG_VG250_2026_01_01
09372178,Lohberg,09,09372,1,true,true,2026-01-01,BKG_VG250_2026_01_01
09373112,Berching,09,09373,1,true,true,2026-01-01,BKG_VG250_2026_01_01
09373113,Berg b.Neumarkt i.d.OPf.,09,09373,1,true,true,2026-01-01,BKG_VG250_2026_01_01
09373114,Berngau,09,09373,1,true,true,2026-01-01,BKG_VG250_2026_01_01
09373115,Breitenbrunn,09,09373,1,true,true,2026-01-01,BKG_VG250_2026_01_01
09373119,Deining,09,09373,1,true,true,2026-01-01,BKG_VG250_2026_01_01
09373121,Dietfurt a.d.Altmühl,09,09373,1,true,true,2026-01-01,BKG_VG250_2026_01_01
09373126,Freystadt,09,09373,1,true,true,2026-01-01,BKG_VG250_2026_01_01
09373134,Hohenfels,09,09373,1,true,true,2026-01-01,BKG_VG250_2026_01_01
09373140,Lauterhofen,09,09373,1,true,true,2026-01-01,BKG_VG250_2026_01_01
09373143,Lupburg,09,09373,1,true,true,2026-01-01,BKG_VG250_2026_01_01
09373146,Mühlhausen,09,09373,1,true,true,2026-01-01,BKG_VG250_2026_01_01
09373147,Neumarkt i.d.OPf.,09,09373,1,true,true,2026-01-01,BKG_VG250_2026_01_01
09373151,Parsberg,09,09373,1,true,true,2026-01-01,BKG_VG250_2026_01_01
09373153,Pilsach,09,09373,1,true,true,2026-01-01,BKG_VG250_2026_01_01
09373155,Postbauer-Heng,09,09373,1,true,true,2026-01-01,BKG_VG250_2026_01_01
09373156,Pyrbaum,09,09373,1,true,true,2026-01-01,BKG_VG250_2026_01_01
09373159,Sengenthal,09,09373,1,true,true,2026-01-01,BKG_VG250_2026_01_01
09373160,Seubersdorf i.d.OPf.,09,09373,1,true,true,2026-01-01,BKG_VG250_2026_01_01
09373167,Velburg,09,09373,1,true,true,2026-01-01,BKG_VG250_2026_01_01
09374111,Altenstadt a.d.Waldnaab,09,09374,1,true,true,2026-01-01,BKG_VG250_2026_01_01
09374117,Eschenbach i.d.OPf.,09,09374,1,true,true,2026-01-01,BKG_VG250_2026_01_01
09374118,Eslarn,09,09374,1,true,true,2026-01-01,BKG_VG250_2026_01_01
09374119,Etzenricht,09,09374,1,true,true,2026-01-01,BKG_VG250_2026_01_01
09374121,Floß,09,09374,1,true,true,2026-01-01,BKG_VG250_2026_01_01
09374122,Flossenbürg,09,09374,1,true,true,2026-01-01,BKG_VG250_2026_01_01
09374123,Georgenberg,09,09374,1,true,true,2026-01-01,BKG_VG250_2026_01_01
09374124,Grafenwöhr,09,09374,1,true,true,2026-01-01,BKG_VG250_2026_01_01
09374127,Irchenrieth,09,09374,1,true,true,2026-01-01,BKG_VG250_2026_01_01
09374128,Kirchendemenreuth,09,09374,1,true,true,2026-01-01,BKG_VG250_2026_01_01
09374129,Kirchenthumbach,09,09374,1,true,true,2026-01-01,BKG_VG250_2026_01_01
09374131,Kohlberg,09,09374,1,true,true,2026-01-01,BKG_VG250_2026_01_01
09374132,Leuchtenberg,09,09374,1,true,true,2026-01-01,BKG_VG250_2026_01_01
09374133,Luhe-Wildenau,09,09374,1,true,true,2026-01-01,BKG_VG250_2026_01_01
09374134,Mantel,09,09374,1,true,true,2026-01-01,BKG_VG250_2026_01_01
09374137,Moosbach,09,09374,1,true,true,2026-01-01,BKG_VG250_2026_01_01
09374139,Neustadt a.d.Waldnaab,09,09374,1,true,true,2026-01-01,BKG_VG250_2026_01_01
09374140,Neustadt am Kulm,09,09374,1,true,true,2026-01-01,BKG_VG250_2026_01_01
09374144,Parkstein,09,09374,1,true,true,2026-01-01,BKG_VG250_2026_01_01
09374146,Pirk,09,09374,1,true,true,2026-01-01,BKG_VG250_2026_01_01
09374147,Pleystein,09,09374,1,true,true,2026-01-01,BKG_VG250_2026_01_01
09374148,Trabitz,09,09374,1,true,true,2026-01-01,BKG_VG250_2026_01_01
09374149,Pressath,09,09374,1,true,true,2026-01-01,BKG_VG250_2026_01_01
09374150,Püchersreuth,09,09374,1,true,true,2026-01-01,BKG_VG250_2026_01_01
09374154,Schirmitz,09,09374,1,true,true,2026-01-01,BKG_VG250_2026_01_01
09374155,Schlammersdorf,09,09374,1,true,true,2026-01-01,BKG_VG250_2026_01_01
09374156,Schwarzenbach,09,09374,1,true,true,2026-01-01,BKG_VG250_2026_01_01
09374157,Speinshart,09,09374,1,true,true,2026-01-01,BKG_VG250_2026_01_01
09374158,Störnstein,09,09374,1,true,true,2026-01-01,BKG_VG250_2026_01_01
09374159,Tännesberg,09,09374,1,true,true,2026-01-01,BKG_VG250_2026_01_01
09374160,Theisseil,09,09374,1,true,true,2026-01-01,BKG_VG250_2026_01_01
09374162,Vohenstrauß,09,09374,1,true,true,2026-01-01,BKG_VG250_2026_01_01
09374163,Vorbach,09,09374,1,true,true,2026-01-01,BKG_VG250_2026_01_01
09374164,Waidhaus,09,09374,1,true,true,2026-01-01,BKG_VG250_2026_01_01
09374165,Waldthurn,09,09374,1,true,true,2026-01-01,BKG_VG250_2026_01_01
09374166,Weiherhammer,09,09374,1,true,true,2026-01-01,BKG_VG250_2026_01_01
09374168,Windischeschenbach,09,09374,1,true,true,2026-01-01,BKG_VG250_2026_01_01
09374170,Bechtsrieth,09,09374,1,true,true,2026-01-01,BKG_VG250_2026_01_01
09374452,Manteler Forst,09,09374,1,true,false,2026-01-01,BKG_VG250_2026_01_01
09374458,Speinsharter Forst,09,09374,1,true,false,2026-01-01,BKG_VG250_2026_01_01
09375113,Alteglofsheim,09,09375,1,true,true,2026-01-01,BKG_VG250_2026_01_01
09375114,Altenthann,09,09375,1,true,true,2026-01-01,BKG_VG250_2026_01_01
09375115,Aufhausen,09,09375,1,true,true,2026-01-01,BKG_VG250_2026_01_01
09375116,Bach a.d.Donau,09,09375,1,true,true,2026-01-01,BKG_VG250_2026_01_01
09375117,Barbing,09,09375,1,true,true,2026-01-01,BKG_VG250_2026_01_01
09375118,Beratzhausen,09,09375,1,true,true,2026-01-01,BKG_VG250_2026_01_01
09375119,Bernhardswald,09,09375,1,true,true,2026-01-01,BKG_VG250_2026_01_01
09375120,Brennberg,09,09375,1,true,true,2026-01-01,BKG_VG250_2026_01_01
09375122,Brunn,09,09375,1,true,true,2026-01-01,BKG_VG250_2026_01_01
09375127,Deuerling,09,09375,1,true,true,2026-01-01,BKG_VG250_2026_01_01
09375130,Donaustauf,09,09375,1,true,true,2026-01-01,BKG_VG250_2026_01_01
09375131,Duggendorf,09,09375,1,true,true,2026-01-01,BKG_VG250_2026_01_01
09375143,Hagelstadt,09,09375,1,true,true,2026-01-01,BKG_VG250_2026_01_01
09375148,Hemau,09,09375,1,true,true,2026-01-01,BKG_VG250_2026_01_01
09375153,Holzheim a.Forst,09,09375,1,true,true,2026-01-01,BKG_VG250_2026_01_01
09375156,Kallmünz,09,09375,1,true,true,2026-01-01,BKG_VG250_2026_01_01
09375161,Köfering,09,09375,1,true,true,2026-01-01,BKG_VG250_2026_01_01
09375162,Laaber,09,09375,1,true,true,2026-01-01,BKG_VG250_2026_01_01
09375165,Lappersdorf,09,09375,1,true,true,2026-01-01,BKG_VG250_2026_01_01
09375170,Mintraching,09,09375,1,true,true,2026-01-01,BKG_VG250_2026_01_01
09375171,Mötzing,09,09375,1,true,true,2026-01-01,BKG_VG250_2026_01_01
09375174,Neutraubling,09,09375,1,true,true,2026-01-01,BKG_VG250_2026_01_01
09375175,Nittendorf,09,09375,1,true,true,2026-01-01,BKG_VG250_2026_01_01
09375179,Obertraubling,09,09375,1,true,true,2026-01-01,BKG_VG250_2026_01_01
09375180,Pentling,09,09375,1,true,true,2026-01-01,BKG_VG250_2026_01_01
09375181,Pettendorf,09,09375,1,true,true,2026-01-01,BKG_VG250_2026_01_01
09375182,Pfakofen,09,09375,1,true,true,2026-01-01,BKG_VG250_2026_01_01
09375183,Pfatter,09,09375,1,true,true,2026-01-01,BKG_VG250_2026_01_01
09375184,Pielenhofen,09,09375,1,true,true,2026-01-01,BKG_VG250_2026_01_01
09375190,Regenstauf,09,09375,1,true,true,2026-01-01,BKG_VG250_2026_01_01
09375191,Riekofen,09,09375,1,true,true,2026-01-01,BKG_VG250_2026_01_01
09375196,Schierling,09,09375,1,true,true,2026-01-01,BKG_VG250_2026_01_01
09375199,Sinzing,09,09375,1,true,true,2026-01-01,BKG_VG250_2026_01_01
09375201,Sünching,09,09375,1,true,true,2026-01-01,BKG_VG250_2026_01_01
09375204,Tegernheim,09,09375,1,true,true,2026-01-01,BKG_VG250_2026_01_01
09375205,Thalmassing,09,09375,1,true,true,2026-01-01,BKG_VG250_2026_01_01
09375208,Wenzenbach,09,09375,1,true,true,2026-01-01,BKG_VG250_2026_01_01
09375209,Wiesent,09,09375,1,true,true,2026-01-01,BKG_VG250_2026_01_01
09375210,Wörth a.d.Donau,09,09375,1,true,true,2026-01-01,BKG_VG250_2026_01_01
09375211,Wolfsegg,09,09375,1,true,true,2026-01-01,BKG_VG250_2026_01_01
09375213,Zeitlarn,09,09375,1,true,true,2026-01-01,BKG_VG250_2026_01_01
09375451,Forstmühler Forst,09,09375,1,true,false,2026-01-01,BKG_VG250_2026_01_01
09375452,Kreuther Forst,09,09375,1,true,false,2026-01-01,BKG_VG250_2026_01_01
09376112,Altendorf,09,09376,1,true,true,2026-01-01,BKG_VG250_2026_01_01
09376116,Bodenwöhr,09,09376,1,true,true,2026-01-01,BKG_VG250_2026_01_01
09376117,Bruck i.d.OPf.,09,09376,1,true,true,2026-01-01,BKG_VG250_2026_01_01
09376119,Burglengenfeld,09,09376,1,true,true,2026-01-01,BKG_VG250_2026_01_01
09376122,Dieterskirchen,09,09376,1,true,true,2026-01-01,BKG_VG250_2026_01_01
09376125,Fensterbach,09,09376,1,true,true,2026-01-01,BKG_VG250_2026_01_01
09376131,Gleiritsch,09,09376,1,true,true,2026-01-01,BKG_VG250_2026_01_01
09376133,Guteneck,09,09376,1,true,true,2026-01-01,BKG_VG250_2026_01_01
09376141,Maxhütte-Haidhof,09,09376,1,true,true,2026-01-01,BKG_VG250_2026_01_01
09376144,Nabburg,09,09376,1,true,true,2026-01-01,BKG_VG250_2026_01_01
09376146,Neukirchen-Balbini,09,09376,1,true,true,2026-01-01,BKG_VG250_2026_01_01
09376147,Neunburg vorm Wald,09,09376,1,true,true,2026-01-01,BKG_VG250_2026_01_01
09376148,Niedermurach,09,09376,1,true,true,2026-01-01,BKG_VG250_2026_01_01
09376149,Nittenau,09,09376,1,true,true,2026-01-01,BKG_VG250_2026_01_01
09376150,Wernberg-Köblitz,09,09376,1,true,true,2026-01-01,BKG_VG250_2026_01_01
09376151,Oberviechtach,09,09376,1,true,true,2026-01-01,BKG_VG250_2026_01_01
09376153,Pfreimd,09,09376,1,true,true,2026-01-01,BKG_VG250_2026_01_01
09376159,Schmidgaden,09,09376,1,true,true,2026-01-01,BKG_VG250_2026_01_01
09376160,Schönsee,09,09376,1,true,true,2026-01-01,BKG_VG250_2026_01_01
09376161,Schwandorf,09,09376,1,true,true,2026-01-01,BKG_VG250_2026_01_01
09376162,Schwarzach b.Nabburg,09,09376,1,true,true,2026-01-01,BKG_VG250_2026_01_01
09376163,Schwarzenfeld,09,09376,1,true,true,2026-01-01,BKG_VG250_2026_01_01
09376164,Schwarzhofen,09,09376,1,true,true,2026-01-01,BKG_VG250_2026_01_01
09376167,Stadlern,09,09376,1,true,true,2026-01-01,BKG_VG250_2026_01_01
09376168,Steinberg am See,09,09376,1,true,true,2026-01-01,BKG_VG250_2026_01_01
09376169,Stulln,09,09376,1,true,true,2026-01-01,BKG_VG250_2026_01_01
09376170,Teublitz,09,09376,1,true,true,2026-01-01,BKG_VG250_2026_01_01
09376171,Teunz,09,09376,1,true,true,2026-01-01,BKG_VG250_2026_01_01
09376172,Thanstein,09,09376,1,true,true,2026-01-01,BKG_VG250_2026_01_01
09376173,Trausnitz,09,09376,1,true,true,2026-01-01,BKG_VG250_2026_01_01
09376175,Wackersdorf,09,09376,1,true,true,2026-01-01,BKG_VG250_2026_01_01
09376176,Weiding,09,09376,1,true,true,2026-01-01,BKG_VG250_2026_01_01
09376178,Winklarn,09,09376,1,true,true,2026-01-01,BKG_VG250_2026_01_01
09376455,Wolferlohe,09,09376,1,true,false,2026-01-01,BKG_VG250_2026_01_01
09377112,Bärnau,09,09377,1,true,true,2026-01-01,BKG_VG250_2026_01_01
09377113,Brand,09,09377,1,true,true,2026-01-01,BKG_VG250_2026_01_01
09377115,Ebnath,09,09377,1,true,true,2026-01-01,BKG_VG250_2026_01_01
09377116,Erbendorf,09,09377,1,true,true,2026-01-01,BKG_VG250_2026_01_01
09377117,Falkenberg,09,09377,1,true,true,2026-01-01,BKG_VG250_2026_01_01
09377118,Friedenfels,09,09377,1,true,true,2026-01-01,BKG_VG250_2026_01_01
09377119,Fuchsmühl,09,09377,1,true,true,2026-01-01,BKG_VG250_2026_01_01
09377127,Immenreuth,09,09377,1,true,true,2026-01-01,BKG_VG250_2026_01_01
09377128,Kastl,09,09377,1,true,true,2026-01-01,BKG_VG250_2026_01_01
09377129,Kemnath,09,09377,1,true,true,2026-01-01,BKG_VG250_2026_01_01
09377131,Konnersreuth,09,09377,1,true,true,2026-01-01,BKG_VG250_2026_01_01
09377132,Krummennaab,09,09377,1,true,true,2026-01-01,BKG_VG250_2026_01_01
09377133,Kulmain,09,09377,1,true,true,2026-01-01,BKG_VG250_2026_01_01
09377137,Leonberg,09,09377,1,true,true,2026-01-01,BKG_VG250_2026_01_01
09377139,Mähring,09,09377,1,true,true,2026-01-01,BKG_VG250_2026_01_01
09377141,Mitterteich,09,09377,1,true,true,2026-01-01,BKG_VG250_2026_01_01
09377142,Bad Neualbenreuth,09,09377,1,true,true,2026-01-01,BKG_VG250_2026_01_01
09377143,Neusorg,09,09377,1,true,true,2026-01-01,BKG_VG250_2026_01_01
09377145,Pechbrunn,09,09377,1,true,true,2026-01-01,BKG_VG250_2026_01_01
09377146,Plößberg,09,09377,1,true,true,2026-01-01,BKG_VG250_2026_01_01
09377148,Pullenreuth,09,09377,1,true,true,2026-01-01,BKG_VG250_2026_01_01
09377149,Reuth b.Erbendorf,09,09377,1,true,true,2026-01-01,BKG_VG250_2026_01_01
09377154,Tirschenreuth,09,09377,1,true,true,2026-01-01,BKG_VG250_2026_01_01
09377157,Waldershof,09,09377,1,true,true,2026-01-01,BKG_VG250_2026_01_01
09377158,Waldsassen,09,09377,1,true,true,2026-01-01,BKG_VG250_2026_01_01
09377159,Wiesau,09,09377,1,true,true,2026-01-01,BKG_VG250_2026_01_01
09461000,Bamberg,09,09461,1,true,true,2026-01-01,BKG_VG250_2026_01_01
09462000,Bayreuth,09,09462,1,true,true,2026-01-01,BKG_VG250_2026_01_01
09463000,Coburg,09,09463,1,true,true,2026-01-01,BKG_VG250_2026_01_01
09464000,Hof,09,09464,1,true,true,2026-01-01,BKG_VG250_2026_01_01
09471111,Altendorf,09,09471,1,true,true,2026-01-01,BKG_VG250_2026_01_01
09471115,Baunach,09,09471,1,true,true,2026-01-01,BKG_VG250_2026_01_01
09471117,Bischberg,09,09471,1,true,true,2026-01-01,BKG_VG250_2026_01_01
09471119,Breitengüßbach,09,09471,1,true,true,2026-01-01,BKG_VG250_2026_01_01
09471120,Burgebrach,09,09471,1,true,true,2026-01-01,BKG_VG250_2026_01_01
09471122,Burgwindheim,09,09471,1,true,true,2026-01-01,BKG_VG250_2026_01_01
09471123,Buttenheim,09,09471,1,true,true,2026-01-01,BKG_VG250_2026_01_01
09471128,Ebrach,09,09471,1,true,true,2026-01-01,BKG_VG250_2026_01_01
09471131,Frensdorf,09,09471,1,true,true,2026-01-01,BKG_VG250_2026_01_01
09471133,Gerach,09,09471,1,true,true,2026-01-01,BKG_VG250_2026_01_01
09471137,Gundelsheim,09,09471,1,true,true,2026-01-01,BKG_VG250_2026_01_01
09471140,Hallstadt,09,09471,1,true,true,2026-01-01,BKG_VG250_2026_01_01
09471142,Heiligenstadt i.OFr.,09,09471,1,true,true,2026-01-01,BKG_VG250_2026_01_01
09471145,Hirschaid,09,09471,1,true,true,2026-01-01,BKG_VG250_2026_01_01
09471150,Kemmern,09,09471,1,true,true,2026-01-01,BKG_VG250_2026_01_01
09471151,Königsfeld,09,09471,1,true,true,2026-01-01,BKG_VG250_2026_01_01
09471152,Lauter,09,09471,1,true,true,2026-01-01,BKG_VG250_2026_01_01
09471154,Lisberg,09,09471,1,true,true,2026-01-01,BKG_VG250_2026_01_01
09471155,Litzendorf,09,09471,1,true,true,2026-01-01,BKG_VG250_2026_01_01
09471159,Memmelsdorf,09,09471,1,true,true,2026-01-01,BKG_VG250_2026_01_01
09471165,Oberhaid,09,09471,1,true,true,2026-01-01,BKG_VG250_2026_01_01
09471169,Pettstadt,09,09471,1,true,true,2026-01-01,BKG_VG250_2026_01_01
09471172,Pommersfelden,09,09471,1,true,true,2026-01-01,BKG_VG250_2026_01_01
09471173,Priesendorf,09,09471,1,true,true,2026-01-01,BKG_VG250_2026_01_01
09471174,Rattelsdorf,09,09471,1,true,true,2026-01-01,BKG_VG250_2026_01_01
09471175,Reckendorf,09,09471,1,true,true,2026-01-01,BKG_VG250_2026_01_01
09471185,Scheßlitz,09,09471,1,true,true,2026-01-01,BKG_VG250_2026_01_01
09471186,Schönbrunn i.Steigerwald,09,09471,1,true,true,2026-01-01,BKG_VG250_2026_01_01
09471189,Stadelhofen,09,09471,1,true,true,2026-01-01,BKG_VG250_2026_01_01
09471191,Stegaurach,09,09471,1,true,true,2026-01-01,BKG_VG250_2026_01_01
09471195,Strullendorf,09,09471,1,true,true,2026-01-01,BKG_VG250_2026_01_01
09471207,Viereth-Trunstadt,09,09471,1,true,true,2026-01-01,BKG_VG250_2026_01_01
09471208,Walsdorf,09,09471,1,true,true,2026-01-01,BKG_VG250_2026_01_01
09471209,Wattendorf,09,09471,1,true,true,2026-01-01,BKG_VG250_2026_01_01
09471214,Zapfendorf,09,09471,1,true,true,2026-01-01,BKG_VG250_2026_01_01
09471220,Schlüsselfeld,09,09471,1,true,true,2026-01-01,BKG_VG250_2026_01_01
09471452,Ebracher Forst,09,09471,1,true,false,2026-01-01,BKG_VG250_2026_01_01
09471453,Eichwald,09,09471,1,true,false,2026-01-01,BKG_VG250_2026_01_01
09471454,Geisberger Forst,09,09471,1,true,false,2026-01-01,BKG_VG250_2026_01_01
09471455,Hauptsmoor,09,09471,1,true,false,2026-01-01,BKG_VG250_2026_01_01
09471456,Koppenwinder Forst,09,09471,1,true,false,2026-01-01,BKG_VG250_2026_01_01
09471457,Lindach,09,09471,1,true,false,2026-01-01,BKG_VG250_2026_01_01
09471459,Semberg,09,09471,1,true,false,2026-01-01,BKG_VG250_2026_01_01
09471460,Steinachsrangen,09,09471,1,true,false,2026-01-01,BKG_VG250_2026_01_01
09471461,Winkelhofer Forst,09,09471,1,true,false,2026-01-01,BKG_VG250_2026_01_01
09471462,Zückshuter Forst,09,09471,1,true,false,2026-01-01,BKG_VG250_2026_01_01
09472111,Ahorntal,09,09472,1,true,true,2026-01-01,BKG_VG250_2026_01_01
09472115,Aufseß,09,09472,1,true,true,2026-01-01,BKG_VG250_2026_01_01
09472116,Bad Berneck i.Fichtelgebirge,09,09472,1,true,true,2026-01-01,BKG_VG250_2026_01_01
09472118,Betzenstein,09,09472,1,true,true,2026-01-01,BKG_VG250_2026_01_01
09472119,Bindlach,09,09472,1,true,true,2026-01-01,BKG_VG250_2026_01_01
09472121,Bischofsgrün,09,09472,1,true,true,2026-01-01,BKG_VG250_2026_01_01
09472127,Creußen,09,09472,1,true,true,2026-01-01,BKG_VG250_2026_01_01
09472131,Eckersdorf,09,09472,1,true,true,2026-01-01,BKG_VG250_2026_01_01
09472133,Emtmannsberg,09,09472,1,true,true,2026-01-01,BKG_VG250_2026_01_01
09472138,Fichtelberg,09,09472,1,true,true,2026-01-01,BKG_VG250_2026_01_01
09472139,Gefrees,09,09472,1,true,true,2026-01-01,BKG_VG250_2026_01_01
09472140,Gesees,09,09472,1,true,true,2026-01-01,BKG_VG250_2026_01_01
09472141,Glashütten,09,09472,1,true,true,2026-01-01,BKG_VG250_2026_01_01
09472143,Goldkronach,09,09472,1,true,true,2026-01-01,BKG_VG250_2026_01_01
09472146,Haag,09,09472,1,true,true,2026-01-01,BKG_VG250_2026_01_01
09472150,Heinersreuth,09,09472,1,true,true,2026-01-01,BKG_VG250_2026_01_01
09472154,Hollfeld,09,09472,1,true,true,2026-01-01,BKG_VG250_2026_01_01
09472155,Hummeltal,09,09472,1,true,true,2026-01-01,BKG_VG250_2026_01_01
09472156,Kirchenpingarten,09,09472,1,true,true,2026-01-01,BKG_VG250_2026_01_01
09472164,Mehlmeisel,09,09472,1,true,true,2026-01-01,BKG_VG250_2026_01_01
09472166,Mistelbach,09,09472,1,true,true,2026-01-01,BKG_VG250_2026_01_01
09472167,Mistelgau,09,09472,1,true,true,2026-01-01,BKG_VG250_2026_01_01
09472175,Pegnitz,09,09472,1,true,true,2026-01-01,BKG_VG250_2026_01_01
09472176,Plankenfels,09,09472,1,true,true,2026-01-01,BKG_VG250_2026_01_01
09472177,Plech,09,09472,1,true,true,2026-01-01,BKG_VG250_2026_01_01
09472179,Pottenstein,09,09472,1,true,true,2026-01-01,BKG_VG250_2026_01_01
09472180,Prebitz,09,09472,1,true,true,2026-01-01,BKG_VG250_2026_01_01
09472184,Schnabelwaid,09,09472,1,true,true,2026-01-01,BKG_VG250_2026_01_01
09472188,Seybothenreuth,09,09472,1,true,true,2026-01-01,BKG_VG250_2026_01_01
09472190,Speichersdorf,09,09472,1,true,true,2026-01-01,BKG_VG250_2026_01_01
09472197,Waischenfeld,09,09472,1,true,true,2026-01-01,BKG_VG250_2026_01_01
09472198,Warmensteinach,09,09472,1,true,true,2026-01-01,BKG_VG250_2026_01_01
09472199,Weidenberg,09,09472,1,true,true,2026-01-01,BKG_VG250_2026_01_01
09472451,Bischofsgrüner Forst,09,09472,1,true,false,2026-01-01,BKG_VG250_2026_01_01
09472453,Fichtelberg,09,09472,1,true,false,2026-01-01,BKG_VG250_2026_01_01
09472454,Forst Neustädtlein a.Forst,09,09472,1,true,false,2026-01-01,BKG_VG250_2026_01_01
09472456,Glashüttener Forst,09,09472,1,true,false,2026-01-01,BKG_VG250_2026_01_01
09472458,Heinersreuther Forst,09,09472,1,true,false,2026-01-01,BKG_VG250_2026_01_01
09472463,Neubauer Forst-Nord,09,09472,1,true,false,2026-01-01,BKG_VG250_2026_01_01
09472464,Prüll,09,09472,1,true,false,2026-01-01,BKG_VG250_2026_01_01
09472468,Veldensteiner Forst,09,09472,1,true,false,2026-01-01,BKG_VG250_2026_01_01
09472469,Waidacher Forst,09,09472,1,true,false,2026-01-01,BKG_VG250_2026_01_01
09472470,Warmensteinacher Forst-Nord,09,09472,1,true,false,2026-01-01,BKG_VG250_2026_01_01
09473112,Ahorn,09,09473,1,true,true,2026-01-01,BKG_VG250_2026_01_01
09473120,Dörfles-Esbach,09,09473,1,true,true,2026-01-01,BKG_VG250_2026_01_01
09473121,Ebersdorf b.Coburg,09,09473,1,true,true,2026-01-01,BKG_VG250_2026_01_01
09473132,Großheirath,09,09473,1,true,true,2026-01-01,BKG_VG250_2026_01_01
09473134,Grub a.Forst,09,09473,1,true,true,2026-01-01,BKG_VG250_2026_01_01
09473138,Itzgrund,09,09473,1,true,true,2026-01-01,BKG_VG250_2026_01_01
09473141,Lautertal,09,09473,1,true,true,2026-01-01,BKG_VG250_2026_01_01
09473144,Meeder,09,09473,1,true,true,2026-01-01,BKG_VG250_2026_01_01
09473151,Neustadt b.Coburg,09,09473,1,true,true,2026-01-01,BKG_VG250_2026_01_01
09473153,Niederfüllbach,09,09473,1,true,true,2026-01-01,BKG_VG250_2026_01_01
09473158,Bad Rodach,09,09473,1,true,true,2026-01-01,BKG_VG250_2026_01_01
09473159,Rödental,09,09473,1,true,true,2026-01-01,BKG_VG250_2026_01_01
09473165,Seßlach,09,09473,1,true,true,2026-01-01,BKG_VG250_2026_01_01
09473166,Sonnefeld,09,09473,1,true,true,2026-01-01,BKG_VG250_2026_01_01
09473170,Untersiemau,09,09473,1,true,true,2026-01-01,BKG_VG250_2026_01_01
09473174,Weidhausen b.Coburg,09,09473,1,true,true,2026-01-01,BKG_VG250_2026_01_01
09473175,Weitramsdorf,09,09473,1,true,true,2026-01-01,BKG_VG250_2026_01_01
09473452,Callenberger Forst-West,09,09473,1,true,false,2026-01-01,BKG_VG250_2026_01_01
09473454,Köllnholz,09,09473,1,true,false,2026-01-01,BKG_VG250_2026_01_01
09474119,Dormitz,09,09474,1,true,true,2026-01-01,BKG_VG250_2026_01_01
09474121,Ebermannstadt,09,09474,1,true,true,2026-01-01,BKG_VG250_2026_01_01
09474122,Effeltrich,09,09474,1,true,true,2026-01-01,BKG_VG250_2026_01_01
09474123,Eggolsheim,09,09474,1,true,true,2026-01-01,BKG_VG250_2026_01_01
09474124,Egloffstein,09,09474,1,true,true,2026-01-01,BKG_VG250_2026_01_01
09474126,Forchheim,09,09474,1,true,true,2026-01-01,BKG_VG250_2026_01_01
09474129,Gößweinstein,09,09474,1,true,true,2026-01-01,BKG_VG250_2026_01_01
09474132,Gräfenberg,09,09474,1,true,true,2026-01-01,BKG_VG250_2026_01_01
09474133,Hallerndorf,09,09474,1,true,true,2026-01-01,BKG_VG250_2026_01_01
09474134,Hausen,09,09474,1,true,true,2026-01-01,BKG_VG250_2026_01_01
09474135,Heroldsbach,09,09474,1,true,true,2026-01-01,BKG_VG250_2026_01_01
09474137,Hetzles,09,09474,1,true,true,2026-01-01,BKG_VG250_2026_01_01
09474138,Hiltpoltstein,09,09474,1,true,true,2026-01-01,BKG_VG250_2026_01_01
09474140,Igensdorf,09,09474,1,true,true,2026-01-01,BKG_VG250_2026_01_01
09474143,Kirchehrenbach,09,09474,1,true,true,2026-01-01,BKG_VG250_2026_01_01
09474144,Kleinsendelbach,09,09474,1,true,true,2026-01-01,BKG_VG250_2026_01_01
09474145,Kunreuth,09,09474,1,true,true,2026-01-01,BKG_VG250_2026_01_01
09474146,Langensendelbach,09,09474,1,true,true,2026-01-01,BKG_VG250_2026_01_01
09474147,Leutenbach,09,09474,1,true,true,2026-01-01,BKG_VG250_2026_01_01
09474154,Neunkirchen a.Brand,09,09474,1,true,true,2026-01-01,BKG_VG250_2026_01_01
09474156,Obertrubach,09,09474,1,true,true,2026-01-01,BKG_VG250_2026_01_01
09474158,Pinzberg,09,09474,1,true,true,2026-01-01,BKG_VG250_2026_01_01
09474160,Poxdorf,09,09474,1,true,true,2026-01-01,BKG_VG250_2026_01_01
09474161,Pretzfeld,09,09474,1,true,true,2026-01-01,BKG_VG250_2026_01_01
09474168,Unterleinleiter,09,09474,1,true,true,2026-01-01,BKG_VG250_2026_01_01
09474171,Weilersbach,09,09474,1,true,true,2026-01-01,BKG_VG250_2026_01_01
09474173,Weißenohe,09,09474,1,true,true,2026-01-01,BKG_VG250_2026_01_01
09474175,Wiesenthau,09,09474,1,true,true,2026-01-01,BKG_VG250_2026_01_01
09474176,Wiesenttal,09,09474,1,true,true,2026-01-01,BKG_VG250_2026_01_01
09475112,Bad Steben,09,09475,1,true,true,2026-01-01,BKG_VG250_2026_01_01
09475113,Berg,09,09475,1,true,true,2026-01-01,BKG_VG250_2026_01_01
09475120,Döhlau,09,09475,1,true,true,2026-01-01,BKG_VG250_2026_01_01
09475123,Feilitzsch,09,09475,1,true,true,2026-01-01,BKG_VG250_2026_01_01
09475127,Gattendorf,09,09475,1,true,true,2026-01-01,BKG_VG250_2026_01_01
09475128,Geroldsgrün,09,09475,1,true,true,2026-01-01,BKG_VG250_2026_01_01
09475136,Helmbrechts,09,09475,1,true,true,2026-01-01,BKG_VG250_2026_01_01
09475137,Issigau,09,09475,1,true,true,2026-01-01,BKG_VG250_2026_01_01
09475141,Köditz,09,09475,1,true,true,2026-01-01,BKG_VG250_2026_01_01
09475142,Konradsreuth,09,09475,1,true,true,2026-01-01,BKG_VG250_2026_01_01
09475145,Leupoldsgrün,09,09475,1,true,true,2026-01-01,BKG_VG250_2026_01_01
09475146,Lichtenberg,09,09475,1,true,true,2026-01-01,BKG_VG250_2026_01_01
09475154,Münchberg,09,09475,1,true,true,2026-01-01,BKG_VG250_2026_01_01
09475156,Naila,09,09475,1,true,true,2026-01-01,BKG_VG250_2026_01_01
09475158,Oberkotzau,09,09475,1,true,true,2026-01-01,BKG_VG250_2026_01_01
09475161,Regnitzlosau,09,09475,1,true,true,2026-01-01,BKG_VG250_2026_01_01
09475162,Rehau,09,09475,1,true,true,2026-01-01,BKG_VG250_2026_01_01
09475165,Schauenstein,09,09475,1,true,true,2026-01-01,BKG_VG250_2026_01_01
09475168,Schwarzenbach a.d.Saale,09,09475,1,true,true,2026-01-01,BKG_VG250_2026_01_01
09475169,Schwarzenbach a.Wald,09,09475,1,true,true,2026-01-01,BKG_VG250_2026_01_01
09475171,Selbitz,09,09475,1,true,true,2026-01-01,BKG_VG250_2026_01_01
09475174,Sparneck,09,09475,1,true,true,2026-01-01,BKG_VG250_2026_01_01
09475175,Stammbach,09,09475,1,true,true,2026-01-01,BKG_VG250_2026_01_01
09475181,Töpen,09,09475,1,true,true,2026-01-01,BKG_VG250_2026_01_01
09475182,Trogen,09,09475,1,true,true,2026-01-01,BKG_VG250_2026_01_01
09475184,Weißdorf,09,09475,1,true,true,2026-01-01,BKG_VG250_2026_01_01
09475189,Zell im Fichtelgebirge,09,09475,1,true,true,2026-01-01,BKG_VG250_2026_01_01
09475454,Martinlamitzer Forst-Nord,09,09475,1,true,false,2026-01-01,BKG_VG250_2026_01_01
09476145,Kronach,09,09476,1,true,true,2026-01-01,BKG_VG250_2026_01_01
09476146,Küps,09,09476,1,true,true,2026-01-01,BKG_VG250_2026_01_01
09476152,Ludwigsstadt,09,09476,1,true,true,2026-01-01,BKG_VG250_2026_01_01
09476154,Mitwitz,09,09476,1,true,true,2026-01-01,BKG_VG250_2026_01_01
09476159,Nordhalben,09,09476,1,true,true,2026-01-01,BKG_VG250_2026_01_01
09476164,Pressig,09,09476,1,true,true,2026-01-01,BKG_VG250_2026_01_01
09476166,Reichenbach,09,09476,1,true,true,2026-01-01,BKG_VG250_2026_01_01
09476171,Schneckenlohe,09,09476,1,true,true,2026-01-01,BKG_VG250_2026_01_01
09476175,Steinbach a.Wald,09,09476,1,true,true,2026-01-01,BKG_VG250_2026_01_01
09476177,Steinwiesen,09,09476,1,true,true,2026-01-01,BKG_VG250_2026_01_01
09476178,Stockheim,09,09476,1,true,true,2026-01-01,BKG_VG250_2026_01_01
09476179,Tettau,09,09476,1,true,true,2026-01-01,BKG_VG250_2026_01_01
09476180,Teuschnitz,09,09476,1,true,true,2026-01-01,BKG_VG250_2026_01_01
09476182,Tschirn,09,09476,1,true,true,2026-01-01,BKG_VG250_2026_01_01
09476183,Marktrodach,09,09476,1,true,true,2026-01-01,BKG_VG250_2026_01_01
09476184,Wallenfels,09,09476,1,true,true,2026-01-01,BKG_VG250_2026_01_01
09476185,Weißenbrunn,09,09476,1,true,true,2026-01-01,BKG_VG250_2026_01_01
09476189,Wilhelmsthal,09,09476,1,true,true,2026-01-01,BKG_VG250_2026_01_01
09476451,Birnbaum,09,09476,1,true,false,2026-01-01,BKG_VG250_2026_01_01
09477117,Grafengehaig,09,09477,1,true,true,2026-01-01,BKG_VG250_2026_01_01
09477118,Guttenberg,09,09477,1,true,true,2026-01-01,BKG_VG250_2026_01_01
09477119,Harsdorf,09,09477,1,true,true,2026-01-01,BKG_VG250_2026_01_01
09477121,Himmelkron,09,09477,1,true,true,2026-01-01,BKG_VG250_2026_01_01
09477124,Kasendorf,09,09477,1,true,true,2026-01-01,BKG_VG250_2026_01_01
09477127,Ködnitz,09,09477,1,true,true,2026-01-01,BKG_VG250_2026_01_01
09477128,Kulmbach,09,09477,1,true,true,2026-01-01,BKG_VG250_2026_01_01
09477129,Kupferberg,09,09477,1,true,true,2026-01-01,BKG_VG250_2026_01_01
09477135,Ludwigschorgast,09,09477,1,true,true,2026-01-01,BKG_VG250_2026_01_01
09477136,Mainleus,09,09477,1,true,true,2026-01-01,BKG_VG250_2026_01_01
09477138,Marktleugast,09,09477,1,true,true,2026-01-01,BKG_VG250_2026_01_01
09477139,Marktschorgast,09,09477,1,true,true,2026-01-01,BKG_VG250_2026_01_01
09477142,Neudrossenfeld,09,09477,1,true,true,2026-01-01,BKG_VG250_2026_01_01
09477143,Neuenmarkt,09,09477,1,true,true,2026-01-01,BKG_VG250_2026_01_01
09477148,Presseck,09,09477,1,true,true,2026-01-01,BKG_VG250_2026_01_01
09477151,Rugendorf,09,09477,1,true,true,2026-01-01,BKG_VG250_2026_01_01
09477156,Stadtsteinach,09,09477,1,true,true,2026-01-01,BKG_VG250_2026_01_01
09477157,Thurnau,09,09477,1,true,true,2026-01-01,BKG_VG250_2026_01_01
09477158,Trebgast,09,09477,1,true,true,2026-01-01,BKG_VG250_2026_01_01
09477159,Untersteinach,09,09477,1,true,true,2026-01-01,BKG_VG250_2026_01_01
09477163,Wirsberg,09,09477,1,true,true,2026-01-01,BKG_VG250_2026_01_01
09477164,Wonsees,09,09477,1,true,true,2026-01-01,BKG_VG250_2026_01_01
09478111,Altenkunstadt,09,09478,1,true,true,2026-01-01,BKG_VG250_2026_01_01
09478116,Burgkunstadt,09,09478,1,true,true,2026-01-01,BKG_VG250_2026_01_01
09478120,Ebensfeld,09,09478,1,true,true,2026-01-01,BKG_VG250_2026_01_01
09478127,Hochstadt a.Main,09,09478,1,true,true,2026-01-01,BKG_VG250_2026_01_01
09478139,Lichtenfels,09,09478,1,true,true,2026-01-01,BKG_VG250_2026_01_01
09478143,Marktgraitz,09,09478,1,true,true,2026-01-01,BKG_VG250_2026_01_01
09478144,Marktzeuln,09,09478,1,true,true,2026-01-01,BKG_VG250_2026_01_01
09478145,Michelau i.OFr.,09,09478,1,true,true,2026-01-01,BKG_VG250_2026_01_01
09478155,Redwitz a.d.Rodach,09,09478,1,true,true,2026-01-01,BKG_VG250_2026_01_01
09478165,Bad Staffelstein,09,09478,1,true,true,2026-01-01,BKG_VG250_2026_01_01
09478176,Weismain,09,09478,1,true,true,2026-01-01,BKG_VG250_2026_01_01
09478451,Breitengüßbacher Forst,09,09478,1,true,false,2026-01-01,BKG_VG250_2026_01_01
09478453,Neuensorger Forst,09,09478,1,true,false,2026-01-01,BKG_VG250_2026_01_01
09479111,Bad Alexandersbad,09,09479,1,true,true,2026-01-01,BKG_VG250_2026_01_01
09479112,Arzberg,09,09479,1,true,true,2026-01-01,BKG_VG250_2026_01_01
09479126,Höchstädt i.Fichtelgebirge,09,09479,1,true,true,2026-01-01,BKG_VG250_2026_01_01
09479127,Hohenberg a.d.Eger,09,09479,1,true,true,2026-01-01,BKG_VG250_2026_01_01
09479129,Kirchenlamitz,09,09479,1,true,true,2026-01-01,BKG_VG250_2026_01_01
09479135,Marktleuthen,09,09479,1,true,true,2026-01-01,BKG_VG250_2026_01_01
09479136,Marktredwitz,09,09479,1,true,true,2026-01-01,BKG_VG250_2026_01_01
09479138,Nagel,09,09479,1,true,true,2026-01-01,BKG_VG250_2026_01_01
09479145,Röslau,09,09479,1,true,true,2026-01-01,BKG_VG250_2026_01_01
09479147,Schirnding,09,09479,1,true,true,2026-01-01,BKG_VG250_2026_01_01
09479150,Schönwald,09,09479,1,true,true,2026-01-01,BKG_VG250_2026_01_01
09479152,Selb,09,09479,1,true,true,2026-01-01,BKG_VG250_2026_01_01
09479158,Thiersheim,09,09479,1,true,true,2026-01-01,BKG_VG250_2026_01_01
09479159,Thierstein,09,09479,1,true,true,2026-01-01,BKG_VG250_2026_01_01
09479161,Tröstau,09,09479,1,true,true,2026-01-01,BKG_VG250_2026_01_01
09479166,Bad Weißenstadt,09,09479,1,true,true,2026-01-01,BKG_VG250_2026_01_01
09479169,Wunsiedel,09,09479,1,true,true,2026-01-01,BKG_VG250_2026_01_01
09479455,Martinlamitzer Forst-Süd,09,09479,1,true,false,2026-01-01,BKG_VG250_2026_01_01
09479457,Neubauer Forst-Süd,09,09479,1,true,false,2026-01-01,BKG_VG250_2026_01_01
09479459,Tröstauer Forst-Ost,09,09479,1,true,false,2026-01-01,BKG_VG250_2026_01_01
09479460,Tröstauer Forst-West,09,09479,1,true,false,2026-01-01,BKG_VG250_2026_01_01
09479461,Vordorfer Forst,09,09479,1,true,false,2026-01-01,BKG_VG250_2026_01_01
09561000,Ansbach,09,09561,1,true,true,2026-01-01,BKG_VG250_2026_01_01
09562000,Erlangen,09,09562,1,true,true,2026-01-01,BKG_VG250_2026_01_01
09563000,Fürth,09,09563,1,true,true,2026-01-01,BKG_VG250_2026_01_01
09564000,Nürnberg,09,09564,1,true,true,2026-01-01,BKG_VG250_2026_01_01
09565000,Schwabach,09,09565,1,true,true,2026-01-01,BKG_VG250_2026_01_01
09571111,Adelshofen,09,09571,1,true,true,2026-01-01,BKG_VG250_2026_01_01
09571113,Arberg,09,09571,1,true,true,2026-01-01,BKG_VG250_2026_01_01
09571114,Aurach,09,09571,1,true,true,2026-01-01,BKG_VG250_2026_01_01
09571115,Bechhofen,09,09571,1,true,true,2026-01-01,BKG_VG250_2026_01_01
09571122,Bruckberg,09,09571,1,true,true,2026-01-01,BKG_VG250_2026_01_01
09571125,Buch a.Wald,09,09571,1,true,true,2026-01-01,BKG_VG250_2026_01_01
09571127,Burgoberbach,09,09571,1,true,true,2026-01-01,BKG_VG250_2026_01_01
09571128,Burk,09,09571,1,true,true,2026-01-01,BKG_VG250_2026_01_01
09571130,Colmberg,09,09571,1,true,true,2026-01-01,BKG_VG250_2026_01_01
09571132,Dentlein a.Forst,09,09571,1,true,true,2026-01-01,BKG_VG250_2026_01_01
09571134,Diebach,09,09571,1,true,true,2026-01-01,BKG_VG250_2026_01_01
09571135,Dietenhofen,09,09571,1,true,true,2026-01-01,BKG_VG250_2026_01_01
09571136,Dinkelsbühl,09,09571,1,true,true,2026-01-01,BKG_VG250_2026_01_01
09571137,Dombühl,09,09571,1,true,true,2026-01-01,BKG_VG250_2026_01_01
09571139,Dürrwangen,09,09571,1,true,true,2026-01-01,BKG_VG250_2026_01_01
09571141,Ehingen,09,09571,1,true,true,2026-01-01,BKG_VG250_2026_01_01
09571145,Feuchtwangen,09,09571,1,true,true,2026-01-01,BKG_VG250_2026_01_01
09571146,Flachslanden,09,09571,1,true,true,2026-01-01,BKG_VG250_2026_01_01
09571152,Gebsattel,09,09571,1,true,true,2026-01-01,BKG_VG250_2026_01_01
09571154,Gerolfingen,09,09571,1,true,true,2026-01-01,BKG_VG250_2026_01_01
09571155,Geslau,09,09571,1,true,true,2026-01-01,BKG_VG250_2026_01_01
09571165,Heilsbronn,09,09571,1,true,true,2026-01-01,BKG_VG250_2026_01_01
09571166,Herrieden,09,09571,1,true,true,2026-01-01,BKG_VG250_2026_01_01
09571169,Insingen,09,09571,1,true,true,2026-01-01,BKG_VG250_2026_01_01
09571170,Langfurth,09,09571,1,true,true,2026-01-01,BKG_VG250_2026_01_01
09571171,Lehrberg,09,09571,1,true,true,2026-01-01,BKG_VG250_2026_01_01
09571174,Leutershausen,09,09571,1,true,true,2026-01-01,BKG_VG250_2026_01_01
09571175,Lichtenau,09,09571,1,true,true,2026-01-01,BKG_VG250_2026_01_01
09571177,Merkendorf,09,09571,1,true,true,2026-01-01,BKG_VG250_2026_01_01
09571178,Mitteleschenbach,09,09571,1,true,true,2026-01-01,BKG_VG250_2026_01_01
09571179,Mönchsroth,09,09571,1,true,true,2026-01-01,BKG_VG250_2026_01_01
09571180,Neuendettelsau,09,09571,1,true,true,2026-01-01,BKG_VG250_2026_01_01
09571181,Neusitz,09,09571,1,true,true,2026-01-01,BKG_VG250_2026_01_01
09571183,Oberdachstetten,09,09571,1,true,true,2026-01-01,BKG_VG250_2026_01_01
09571188,Ohrenbach,09,09571,1,true,true,2026-01-01,BKG_VG250_2026_01_01
09571189,Ornbau,09,09571,1,true,true,2026-01-01,BKG_VG250_2026_01_01
09571190,Petersaurach,09,09571,1,true,true,2026-01-01,BKG_VG250_2026_01_01
09571192,Röckingen,09,09571,1,true,true,2026-01-01,BKG_VG250_2026_01_01
09571193,Rothenburg ob der Tauber,09,09571,1,true,true,2026-01-01,BKG_VG250_2026_01_01
09571194,Rügland,09,09571,1,true,true,2026-01-01,BKG_VG250_2026_01_01
09571196,Sachsen b.Ansbach,09,09571,1,true,true,2026-01-01,BKG_VG250_2026_01_01
09571198,Schillingsfürst,09,09571,1,true,true,2026-01-01,BKG_VG250_2026_01_01
09571199,Schnelldorf,09,09571,1,true,true,2026-01-01,BKG_VG250_2026_01_01
09571200,Schopfloch,09,09571,1,true,true,2026-01-01,BKG_VG250_2026_01_01
09571205,Steinsfeld,09,09571,1,true,true,2026-01-01,BKG_VG250_2026_01_01
09571208,Unterschwaningen,09,09571,1,true,true,2026-01-01,BKG_VG250_2026_01_01
09571214,Wassertrüdingen,09,09571,1,true,true,2026-01-01,BKG_VG250_2026_01_01
09571216,Weidenbach,09,09571,1,true,true,2026-01-01,BKG_VG250_2026_01_01
09571217,Weihenzell,09,09571,1,true,true,2026-01-01,BKG_VG250_2026_01_01
09571218,Weiltingen,09,09571,1,true,true,2026-01-01,BKG_VG250_2026_01_01
09571222,Wettringen,09,09571,1,true,true,2026-01-01,BKG_VG250_2026_01_01
09571223,Wieseth,09,09571,1,true,true,2026-01-01,BKG_VG250_2026_01_01
09571224,Wilburgstetten,09,09571,1,true,true,2026-01-01,BKG_VG250_2026_01_01
09571225,Windelsbach,09,09571,1,true,true,2026-01-01,BKG_VG250_2026_01_01
09571226,Windsbach,09,09571,1,true,true,2026-01-01,BKG_VG250_2026_01_01
09571227,Wittelshofen,09,09571,1,true,true,2026-01-01,BKG_VG250_2026_01_01
09571228,Wörnitz,09,09571,1,true,true,2026-01-01,BKG_VG250_2026_01_01
09571229,Wolframs-Eschenbach,09,09571,1,true,true,2026-01-01,BKG_VG250_2026_01_01
09571451,Unterer Wald,09,09571,1,true,false,2026-01-01,BKG_VG250_2026_01_01
09572111,Adelsdorf,09,09572,1,true,true,2026-01-01,BKG_VG250_2026_01_01
09572114,Aurachtal,09,09572,1,true,true,2026-01-01,BKG_VG250_2026_01_01
09572115,Baiersdorf,09,09572,1,true,true,2026-01-01,BKG_VG250_2026_01_01
09572119,Bubenreuth,09,09572,1,true,true,2026-01-01,BKG_VG250_2026_01_01
09572120,Buckenhof,09,09572,1,true,true,2026-01-01,BKG_VG250_2026_01_01
09572121,Eckental,09,09572,1,true,true,2026-01-01,BKG_VG250_2026_01_01
09572126,Gremsdorf,09,09572,1,true,true,2026-01-01,BKG_VG250_2026_01_01
09572127,Großenseebach,09,09572,1,true,true,2026-01-01,BKG_VG250_2026_01_01
09572130,Hemhofen,09,09572,1,true,true,2026-01-01,BKG_VG250_2026_01_01
09572131,Heroldsberg,09,09572,1,true,true,2026-01-01,BKG_VG250_2026_01_01
09572132,Herzogenaurach,09,09572,1,true,true,2026-01-01,BKG_VG250_2026_01_01
09572133,Heßdorf,09,09572,1,true,true,2026-01-01,BKG_VG250_2026_01_01
09572135,Höchstadt a.d.Aisch,09,09572,1,true,true,2026-01-01,BKG_VG250_2026_01_01
09572137,Kalchreuth,09,09572,1,true,true,2026-01-01,BKG_VG250_2026_01_01
09572139,Lonnerstadt,09,09572,1,true,true,2026-01-01,BKG_VG250_2026_01_01
09572141,Marloffstein,09,09572,1,true,true,2026-01-01,BKG_VG250_2026_01_01
09572142,Möhrendorf,09,09572,1,true,true,2026-01-01,BKG_VG250_2026_01_01
09572143,Mühlhausen,09,09572,1,true,true,2026-01-01,BKG_VG250_2026_01_01
09572147,Oberreichenbach,09,09572,1,true,true,2026-01-01,BKG_VG250_2026_01_01
09572149,Röttenbach,09,09572,1,true,true,2026-01-01,BKG_VG250_2026_01_01
09572154,Spardorf,09,09572,1,true,true,2026-01-01,BKG_VG250_2026_01_01
09572158,Uttenreuth,09,09572,1,true,true,2026-01-01,BKG_VG250_2026_01_01
09572159,Vestenbergsgreuth,09,09572,1,true,true,2026-01-01,BKG_VG250_2026_01_01
09572160,Wachenroth,09,09572,1,true,true,2026-01-01,BKG_VG250_2026_01_01
09572164,Weisendorf,09,09572,1,true,true,2026-01-01,BKG_VG250_2026_01_01
09572451,Birkach,09,09572,1,true,false,2026-01-01,BKG_VG250_2026_01_01
09572452,Buckenhofer Forst,09,09572,1,true,false,2026-01-01,BKG_VG250_2026_01_01
09572453,Dormitzer Forst,09,09572,1,true,false,2026-01-01,BKG_VG250_2026_01_01
09572454,Erlenstegener Forst,09,09572,1,true,false,2026-01-01,BKG_VG250_2026_01_01
09572455,Forst Tennenlohe,09,09572,1,true,false,2026-01-01,BKG_VG250_2026_01_01
09572456,Geschaidt,09,09572,1,true,false,2026-01-01,BKG_VG250_2026_01_01
09572457,Kalchreuther Forst,09,09572,1,true,false,2026-01-01,BKG_VG250_2026_01_01
09572458,Kraftshofer Forst,09,09572,1,true,false,2026-01-01,BKG_VG250_2026_01_01
09572459,Mark,09,09572,1,true,false,2026-01-01,BKG_VG250_2026_01_01
09572460,Neunhofer Forst,09,09572,1,true,false,2026-01-01,BKG_VG250_2026_01_01
09573111,Ammerndorf,09,09573,1,true,true,2026-01-01,BKG_VG250_2026_01_01
09573114,Cadolzburg,09,09573,1,true,true,2026-01-01,BKG_VG250_2026_01_01
09573115,Großhabersdorf,09,09573,1,true,true,2026-01-01,BKG_VG250_2026_01_01
09573120,Langenzenn,09,09573,1,true,true,2026-01-01,BKG_VG250_2026_01_01
09573122,Oberasbach,09,09573,1,true,true,2026-01-01,BKG_VG250_2026_01_01
09573123,Obermichelbach,09,09573,1,true,true,2026-01-01,BKG_VG250_2026_01_01
09573124,Puschendorf,09,09573,1,true,true,2026-01-01,BKG_VG250_2026_01_01
09573125,Roßtal,09,09573,1,true,true,2026-01-01,BKG_VG250_2026_01_01
09573126,Seukendorf,09,09573,1,true,true,2026-01-01,BKG_VG250_2026_01_01
09573127,Stein,09,09573,1,true,true,2026-01-01,BKG_VG250_2026_01_01
09573129,Tuchenbach,09,09573,1,true,true,2026-01-01,BKG_VG250_2026_01_01
09573130,Veitsbronn,09,09573,1,true,true,2026-01-01,BKG_VG250_2026_01_01
09573133,Wilhermsdorf,09,09573,1,true,true,2026-01-01,BKG_VG250_2026_01_01
09573134,Zirndorf,09,09573,1,true,true,2026-01-01,BKG_VG250_2026_01_01
09574111,Alfeld,09,09574,1,true,true,2026-01-01,BKG_VG250_2026_01_01
09574112,Altdorf b.Nürnberg,09,09574,1,true,true,2026-01-01,BKG_VG250_2026_01_01
09574117,Burgthann,09,09574,1,true,true,2026-01-01,BKG_VG250_2026_01_01
09574120,Engelthal,09,09574,1,true,true,2026-01-01,BKG_VG250_2026_01_01
09574123,Feucht,09,09574,1,true,true,2026-01-01,BKG_VG250_2026_01_01
09574128,Happurg,09,09574,1,true,true,2026-01-01,BKG_VG250_2026_01_01
09574129,Hartenstein,09,09574,1,true,true,2026-01-01,BKG_VG250_2026_01_01
09574131,Henfenfeld,09,09574,1,true,true,2026-01-01,BKG_VG250_2026_01_01
09574132,Hersbruck,09,09574,1,true,true,2026-01-01,BKG_VG250_2026_01_01
09574135,Kirchensittenbach,09,09574,1,true,true,2026-01-01,BKG_VG250_2026_01_01
09574138,Lauf a.d.Pegnitz,09,09574,1,true,true,2026-01-01,BKG_VG250_2026_01_01
09574139,Leinburg,09,09574,1,true,true,2026-01-01,BKG_VG250_2026_01_01
09574140,Neuhaus a.d.Pegnitz,09,09574,1,true,true,2026-01-01,BKG_VG250_2026_01_01
09574141,Neunkirchen a.Sand,09,09574,1,true,true,2026-01-01,BKG_VG250_2026_01_01
09574145,Offenhausen,09,09574,1,true,true,2026-01-01,BKG_VG250_2026_01_01
09574146,Ottensoos,09,09574,1,true,true,2026-01-01,BKG_VG250_2026_01_01
09574147,Pommelsbrunn,09,09574,1,true,true,2026-01-01,BKG_VG250_2026_01_01
09574150,Reichenschwand,09,09574,1,true,true,2026-01-01,BKG_VG250_2026_01_01
09574152,Röthenbach a.d.Pegnitz,09,09574,1,true,true,2026-01-01,BKG_VG250_2026_01_01
09574154,Rückersdorf,09,09574,1,true,true,2026-01-01,BKG_VG250_2026_01_01
09574155,Schnaittach,09,09574,1,true,true,2026-01-01,BKG_VG250_2026_01_01
09574156,Schwaig b.Nürnberg,09,09574,1,true,true,2026-01-01,BKG_VG250_2026_01_01
09574157,Schwarzenbruck,09,09574,1,true,true,2026-01-01,BKG_VG250_2026_01_01
09574158,Simmelsdorf,09,09574,1,true,true,2026-01-01,BKG_VG250_2026_01_01
09574160,Velden,09,09574,1,true,true,2026-01-01,BKG_VG250_2026_01_01
09574161,Vorra,09,09574,1,true,true,2026-01-01,BKG_VG250_2026_01_01
09574164,Winkelhaid,09,09574,1,true,true,2026-01-01,BKG_VG250_2026_01_01
09574451,Behringersdorfer Forst,09,09574,1,true,false,2026-01-01,BKG_VG250_2026_01_01
09574452,Brunn,09,09574,1,true,false,2026-01-01,BKG_VG250_2026_01_01
09574453,Engelthaler Forst,09,09574,1,true,false,2026-01-01,BKG_VG250_2026_01_01
09574454,Feuchter Forst,09,09574,1,true,false,2026-01-01,BKG_VG250_2026_01_01
09574455,Fischbach,09,09574,1,true,false,2026-01-01,BKG_VG250_2026_01_01
09574456,Forsthof,09,09574,1,true,false,2026-01-01,BKG_VG250_2026_01_01
09574457,Günthersbühler Forst,09,09574,1,true,false,2026-01-01,BKG_VG250_2026_01_01
09574458,Haimendorfer Forst,09,09574,1,true,false,2026-01-01,BKG_VG250_2026_01_01
09574460,Laufamholzer Forst,09,09574,1,true,false,2026-01-01,BKG_VG250_2026_01_01
09574461,Leinburg,09,09574,1,true,false,2026-01-01,BKG_VG250_2026_01_01
09574462,Rückersdorfer Forst,09,09574,1,true,false,2026-01-01,BKG_VG250_2026_01_01
09574463,Schönberg,09,09574,1,true,false,2026-01-01,BKG_VG250_2026_01_01
09574464,Winkelhaid,09,09574,1,true,false,2026-01-01,BKG_VG250_2026_01_01
09574465,Zerzabelshofer Forst,09,09574,1,true,false,2026-01-01,BKG_VG250_2026_01_01
09575112,Bad Windsheim,09,09575,1,true,true,2026-01-01,BKG_VG250_2026_01_01
09575113,Baudenbach,09,09575,1,true,true,2026-01-01,BKG_VG250_2026_01_01
09575115,Burgbernheim,09,09575,1,true,true,2026-01-01,BKG_VG250_2026_01_01
09575116,Burghaslach,09,09575,1,true,true,2026-01-01,BKG_VG250_2026_01_01
09575117,Dachsbach,09,09575,1,true,true,2026-01-01,BKG_VG250_2026_01_01
09575118,Diespeck,09,09575,1,true,true,2026-01-01,BKG_VG250_2026_01_01
09575119,Dietersheim,09,09575,1,true,true,2026-01-01,BKG_VG250_2026_01_01
09575121,Emskirchen,09,09575,1,true,true,2026-01-01,BKG_VG250_2026_01_01
09575122,Ergersheim,09,09575,1,true,true,2026-01-01,BKG_VG250_2026_01_01
09575124,Gallmersgarten,09,09575,1,true,true,2026-01-01,BKG_VG250_2026_01_01
09575125,Gerhardshofen,09,09575,1,true,true,2026-01-01,BKG_VG250_2026_01_01
09575127,Gollhofen,09,09575,1,true,true,2026-01-01,BKG_VG250_2026_01_01
09575128,Gutenstetten,09,09575,1,true,true,2026-01-01,BKG_VG250_2026_01_01
09575129,Hagenbüchach,09,09575,1,true,true,2026-01-01,BKG_VG250_2026_01_01
09575130,Hemmersheim,09,09575,1,true,true,2026-01-01,BKG_VG250_2026_01_01
09575133,Illesheim,09,09575,1,true,true,2026-01-01,BKG_VG250_2026_01_01
09575134,Ippesheim,09,09575,1,true,true,2026-01-01,BKG_VG250_2026_01_01
09575135,Ipsheim,09,09575,1,true,true,2026-01-01,BKG_VG250_2026_01_01
09575138,Langenfeld,09,09575,1,true,true,2026-01-01,BKG_VG250_2026_01_01
09575143,Marktbergel,09,09575,1,true,true,2026-01-01,BKG_VG250_2026_01_01
09575144,Markt Bibart,09,09575,1,true,true,2026-01-01,BKG_VG250_2026_01_01
09575145,Markt Erlbach,09,09575,1,true,true,2026-01-01,BKG_VG250_2026_01_01
09575146,Markt Nordheim,09,09575,1,true,true,2026-01-01,BKG_VG250_2026_01_01
09575147,Markt Taschendorf,09,09575,1,true,true,2026-01-01,BKG_VG250_2026_01_01
09575150,Münchsteinach,09,09575,1,true,true,2026-01-01,BKG_VG250_2026_01_01
09575152,Neuhof a.d.Zenn,09,09575,1,true,true,2026-01-01,BKG_VG250_2026_01_01
09575153,Neustadt a.d.Aisch,09,09575,1,true,true,2026-01-01,BKG_VG250_2026_01_01
09575155,Oberickelsheim,09,09575,1,true,true,2026-01-01,BKG_VG250_2026_01_01
09575156,Obernzenn,09,09575,1,true,true,2026-01-01,BKG_VG250_2026_01_01
09575157,Oberscheinfeld,09,09575,1,true,true,2026-01-01,BKG_VG250_2026_01_01
09575161,Scheinfeld,09,09575,1,true,true,2026-01-01,BKG_VG250_2026_01_01
09575163,Simmershofen,09,09575,1,true,true,2026-01-01,BKG_VG250_2026_01_01
09575165,Sugenheim,09,09575,1,true,true,2026-01-01,BKG_VG250_2026_01_01
09575166,Trautskirchen,09,09575,1,true,true,2026-01-01,BKG_VG250_2026_01_01
09575167,Uehlfeld,09,09575,1,true,true,2026-01-01,BKG_VG250_2026_01_01
09575168,Uffenheim,09,09575,1,true,true,2026-01-01,BKG_VG250_2026_01_01
09575179,Weigenheim,09,09575,1,true,true,2026-01-01,BKG_VG250_2026_01_01
09575181,Wilhelmsdorf,09,09575,1,true,true,2026-01-01,BKG_VG250_2026_01_01
09575451,Osing,09,09575,1,true,false,2026-01-01,BKG_VG250_2026_01_01
09576111,Abenberg,09,09576,1,true,true,2026-01-01,BKG_VG250_2026_01_01
09576113,Allersberg,09,09576,1,true,true,2026-01-01,BKG_VG250_2026_01_01
09576117,Büchenbach,09,09576,1,true,true,2026-01-01,BKG_VG250_2026_01_01
09576121,Georgensgmünd,09,09576,1,true,true,2026-01-01,BKG_VG250_2026_01_01
09576122,Greding,09,09576,1,true,true,2026-01-01,BKG_VG250_2026_01_01
09576126,Heideck,09,09576,1,true,true,2026-01-01,BKG_VG250_2026_01_01
09576127,Hilpoltstein,09,09576,1,true,true,2026-01-01,BKG_VG250_2026_01_01
09576128,Kammerstein,09,09576,1,true,true,2026-01-01,BKG_VG250_2026_01_01
09576132,Schwanstetten,09,09576,1,true,true,2026-01-01,BKG_VG250_2026_01_01
09576137,Rednitzhembach,09,09576,1,true,true,2026-01-01,BKG_VG250_2026_01_01
09576141,Röttenbach,09,09576,1,true,true,2026-01-01,BKG_VG250_2026_01_01
09576142,Rohr,09,09576,1,true,true,2026-01-01,BKG_VG250_2026_01_01
09576143,Roth,09,09576,1,true,true,2026-01-01,BKG_VG250_2026_01_01
09576147,Spalt,09,09576,1,true,true,2026-01-01,BKG_VG250_2026_01_01
09576148,Thalmässing,09,09576,1,true,true,2026-01-01,BKG_VG250_2026_01_01
09576151,Wendelstein,09,09576,1,true,true,2026-01-01,BKG_VG250_2026_01_01
09576451,Abenberger Wald,09,09576,1,true,false,2026-01-01,BKG_VG250_2026_01_01
09576452,Dechenwald,09,09576,1,true,false,2026-01-01,BKG_VG250_2026_01_01
09576453,Forst Kleinschwarzenlohe,09,09576,1,true,false,2026-01-01,BKG_VG250_2026_01_01
09576454,Heidenberg,09,09576,1,true,false,2026-01-01,BKG_VG250_2026_01_01
09576455,Soos,09,09576,1,true,false,2026-01-01,BKG_VG250_2026_01_01
09577111,Absberg,09,09577,1,true,true,2026-01-01,BKG_VG250_2026_01_01
09577113,Alesheim,09,09577,1,true,true,2026-01-01,BKG_VG250_2026_01_01
09577114,Muhr a.See,09,09577,1,true,true,2026-01-01,BKG_VG250_2026_01_01
09577115,Bergen,09,09577,1,true,true,2026-01-01,BKG_VG250_2026_01_01
09577120,Burgsalach,09,09577,1,true,true,2026-01-01,BKG_VG250_2026_01_01
09577122,Dittenheim,09,09577,1,true,true,2026-01-01,BKG_VG250_2026_01_01
09577125,Ellingen,09,09577,1,true,true,2026-01-01,BKG_VG250_2026_01_01
09577127,Ettenstatt,09,09577,1,true,true,2026-01-01,BKG_VG250_2026_01_01
09577133,Gnotzheim,09,09577,1,true,true,2026-01-01,BKG_VG250_2026_01_01
09577136,Gunzenhausen,09,09577,1,true,true,2026-01-01,BKG_VG250_2026_01_01
09577138,Haundorf,09,09577,1,true,true,2026-01-01,BKG_VG250_2026_01_01
09577140,Heidenheim,09,09577,1,true,true,2026-01-01,BKG_VG250_2026_01_01
09577141,Höttingen,09,09577,1,true,true,2026-01-01,BKG_VG250_2026_01_01
09577148,Langenaltheim,09,09577,1,true,true,2026-01-01,BKG_VG250_2026_01_01
09577149,Markt Berolzheim,09,09577,1,true,true,2026-01-01,BKG_VG250_2026_01_01
09577150,Meinheim,09,09577,1,true,true,2026-01-01,BKG_VG250_2026_01_01
09577151,Nennslingen,09,09577,1,true,true,2026-01-01,BKG_VG250_2026_01_01
09577158,Pappenheim,09,09577,1,true,true,2026-01-01,BKG_VG250_2026_01_01
09577159,Pfofeld,09,09577,1,true,true,2026-01-01,BKG_VG250_2026_01_01
09577161,Pleinfeld,09,09577,1,true,true,2026-01-01,BKG_VG250_2026_01_01
09577162,Polsingen,09,09577,1,true,true,2026-01-01,BKG_VG250_2026_01_01
09577163,Raitenbuch,09,09577,1,true,true,2026-01-01,BKG_VG250_2026_01_01
09577168,Solnhofen,09,09577,1,true,true,2026-01-01,BKG_VG250_2026_01_01
09577172,Theilenhofen,09,09577,1,true,true,2026-01-01,BKG_VG250_2026_01_01
09577173,Treuchtlingen,09,09577,1,true,true,2026-01-01,BKG_VG250_2026_01_01
09577177,Weißenburg i.Bay.,09,09577,1,true,true,2026-01-01,BKG_VG250_2026_01_01
09577179,Westheim,09,09577,1,true,true,2026-01-01,BKG_VG250_2026_01_01
09661000,Aschaffenburg,09,09661,1,true,true,2026-01-01,BKG_VG250_2026_01_01
09662000,Schweinfurt,09,09662,1,true,true,2026-01-01,BKG_VG250_2026_01_01
09663000,Würzburg,09,09663,1,true,true,2026-01-01,BKG_VG250_2026_01_01
09671111,Alzenau,09,09671,1,true,true,2026-01-01,BKG_VG250_2026_01_01
09671112,Bessenbach,09,09671,1,true,true,2026-01-01,BKG_VG250_2026_01_01
09671113,Blankenbach,09,09671,1,true,true,2026-01-01,BKG_VG250_2026_01_01
09671114,Karlstein a.Main,09,09671,1,true,true,2026-01-01,BKG_VG250_2026_01_01
09671119,Geiselbach,09,09671,1,true,true,2026-01-01,BKG_VG250_2026_01_01
09671120,Glattbach,09,09671,1,true,true,2026-01-01,BKG_VG250_2026_01_01
09671121,Goldbach,09,09671,1,true,true,2026-01-01,BKG_VG250_2026_01_01
09671122,Großostheim,09,09671,1,true,true,2026-01-01,BKG_VG250_2026_01_01
09671124,Haibach,09,09671,1,true,true,2026-01-01,BKG_VG250_2026_01_01
09671126,Heigenbrücken,09,09671,1,true,true,2026-01-01,BKG_VG250_2026_01_01
09671127,Heimbuchenthal,09,09671,1,true,true,2026-01-01,BKG_VG250_2026_01_01
09671128,Heinrichsthal,09,09671,1,true,true,2026-01-01,BKG_VG250_2026_01_01
09671130,Hösbach,09,09671,1,true,true,2026-01-01,BKG_VG250_2026_01_01
09671133,Johannesberg,09,09671,1,true,true,2026-01-01,BKG_VG250_2026_01_01
09671134,Kahl a.Main,09,09671,1,true,true,2026-01-01,BKG_VG250_2026_01_01
09671135,Kleinkahl,09,09671,1,true,true,2026-01-01,BKG_VG250_2026_01_01
09671136,Kleinostheim,09,09671,1,true,true,2026-01-01,BKG_VG250_2026_01_01
09671138,Krombach,09,09671,1,true,true,2026-01-01,BKG_VG250_2026_01_01
09671139,Laufach,09,09671,1,true,true,2026-01-01,BKG_VG250_2026_01_01
09671140,Mainaschaff,09,09671,1,true,true,2026-01-01,BKG_VG250_2026_01_01
09671141,Mespelbrunn,09,09671,1,true,true,2026-01-01,BKG_VG250_2026_01_01
09671143,Mömbris,09,09671,1,true,true,2026-01-01,BKG_VG250_2026_01_01
09671148,Rothenbuch,09,09671,1,true,true,2026-01-01,BKG_VG250_2026_01_01
09671150,Sailauf,09,09671,1,true,true,2026-01-01,BKG_VG250_2026_01_01
09671152,Schöllkrippen,09,09671,1,true,true,2026-01-01,BKG_VG250_2026_01_01
09671153,Sommerkahl,09,09671,1,true,true,2026-01-01,BKG_VG250_2026_01_01
09671155,Stockstadt a.Main,09,09671,1,true,true,2026-01-01,BKG_VG250_2026_01_01
09671156,Waldaschaff,09,09671,1,true,true,2026-01-01,BKG_VG250_2026_01_01
09671157,Weibersbrunn,09,09671,1,true,true,2026-01-01,BKG_VG250_2026_01_01
09671159,Westerngrund,09,09671,1,true,true,2026-01-01,BKG_VG250_2026_01_01
09671160,Dammbach,09,09671,1,true,true,2026-01-01,BKG_VG250_2026_01_01
09671162,Wiesen,09,09671,1,true,true,2026-01-01,BKG_VG250_2026_01_01
09671451,Forst Hain i.Spessart,09,09671,1,true,false,2026-01-01,BKG_VG250_2026_01_01
09671453,Heinrichsthaler Forst,09,09671,1,true,false,2026-01-01,BKG_VG250_2026_01_01
09671456,Rohrbrunner Forst,09,09671,1,true,false,2026-01-01,BKG_VG250_2026_01_01
09671457,Rothenbucher Forst,09,09671,1,true,false,2026-01-01,BKG_VG250_2026_01_01
09671458,Sailaufer Forst,09,09671,1,true,false,2026-01-01,BKG_VG250_2026_01_01
09671459,Schöllkrippener Forst,09,09671,1,true,false,2026-01-01,BKG_VG250_2026_01_01
09671460,Waldaschaffer Forst,09,09671,1,true,false,2026-01-01,BKG_VG250_2026_01_01
09671461,Wiesener Forst,09,09671,1,true,false,2026-01-01,BKG_VG250_2026_01_01
09672111,Aura a.d.Saale,09,09672,1,true,true,2026-01-01,BKG_VG250_2026_01_01
09672112,Bad Bocklet,09,09672,1,true,true,2026-01-01,BKG_VG250_2026_01_01
09672113,Bad Brückenau,09,09672,1,true,true,2026-01-01,BKG_VG250_2026_01_01
09672114,Bad Kissingen,09,09672,1,true,true,2026-01-01,BKG_VG250_2026_01_01
09672117,Burkardroth,09,09672,1,true,true,2026-01-01,BKG_VG250_2026_01_01
09672121,Elfershausen,09,09672,1,true,true,2026-01-01,BKG_VG250_2026_01_01
09672122,Euerdorf,09,09672,1,true,true,2026-01-01,BKG_VG250_2026_01_01
09672124,Fuchsstadt,09,09672,1,true,true,2026-01-01,BKG_VG250_2026_01_01
09672126,Geroda,09,09672,1,true,true,2026-01-01,BKG_VG250_2026_01_01
09672127,Hammelburg,09,09672,1,true,true,2026-01-01,BKG_VG250_2026_01_01
09672131,Maßbach,09,09672,1,true,true,2026-01-01,BKG_VG250_2026_01_01
09672134,Motten,09,09672,1,true,true,2026-01-01,BKG_VG250_2026_01_01
09672135,Münnerstadt,09,09672,1,true,true,2026-01-01,BKG_VG250_2026_01_01
09672136,Nüdlingen,09,09672,1,true,true,2026-01-01,BKG_VG250_2026_01_01
09672138,Oberleichtersbach,09,09672,1,true,true,2026-01-01,BKG_VG250_2026_01_01
09672139,Oberthulba,09,09672,1,true,true,2026-01-01,BKG_VG250_2026_01_01
09672140,Oerlenbach,09,09672,1,true,true,2026-01-01,BKG_VG250_2026_01_01
09672142,Ramsthal,09,09672,1,true,true,2026-01-01,BKG_VG250_2026_01_01
09672143,Rannungen,09,09672,1,true,true,2026-01-01,BKG_VG250_2026_01_01
09672145,Riedenberg,09,09672,1,true,true,2026-01-01,BKG_VG250_2026_01_01
09672149,Schondra,09,09672,1,true,true,2026-01-01,BKG_VG250_2026_01_01
09672155,Sulzthal,09,09672,1,true,true,2026-01-01,BKG_VG250_2026_01_01
09672157,Thundorf i.UFr.,09,09672,1,true,true,2026-01-01,BKG_VG250_2026_01_01
09672161,Wartmannsroth,09,09672,1,true,true,2026-01-01,BKG_VG250_2026_01_01
09672163,Wildflecken,09,09672,1,true,true,2026-01-01,BKG_VG250_2026_01_01
09672166,Zeitlofs,09,09672,1,true,true,2026-01-01,BKG_VG250_2026_01_01
09672451,Dreistelzer Forst,09,09672,1,true,false,2026-01-01,BKG_VG250_2026_01_01
09672454,Forst Detter-Süd,09,09672,1,true,false,2026-01-01,BKG_VG250_2026_01_01
09672455,Geiersnest-Ost,09,09672,1,true,false,2026-01-01,BKG_VG250_2026_01_01
09672456,Geiersnest-West,09,09672,1,true,false,2026-01-01,BKG_VG250_2026_01_01
09672458,Kälberberg,09,09672,1,true,false,2026-01-01,BKG_VG250_2026_01_01
09672461,Mottener Forst-Süd,09,09672,1,true,false,2026-01-01,BKG_VG250_2026_01_01
09672462,Neuwirtshauser Forst,09,09672,1,true,false,2026-01-01,BKG_VG250_2026_01_01
09672463,Omerz u.Roter Berg,09,09672,1,true,false,2026-01-01,BKG_VG250_2026_01_01
09672464,Römershager Forst-Nord,09,09672,1,true,false,2026-01-01,BKG_VG250_2026_01_01
09672465,Römershager Forst-Ost,09,09672,1,true,false,2026-01-01,BKG_VG250_2026_01_01
09672466,Roßbacher Forst,09,09672,1,true,false,2026-01-01,BKG_VG250_2026_01_01
09672468,Waldfensterer Forst,09,09672,1,true,false,2026-01-01,BKG_VG250_2026_01_01
09673113,Aubstadt,09,09673,1,true,true,2026-01-01,BKG_VG250_2026_01_01
09673114,Bad Neustadt a.d.Saale,09,09673,1,true,true,2026-01-01,BKG_VG250_2026_01_01
09673116,Bastheim,09,09673,1,true,true,2026-01-01,BKG_VG250_2026_01_01
09673117,Bischofsheim i.d.Rhön,09,09673,1,true,true,2026-01-01,BKG_VG250_2026_01_01
09673123,Fladungen,09,09673,1,true,true,2026-01-01,BKG_VG250_2026_01_01
09673126,Großbardorf,09,09673,1,true,true,2026-01-01,BKG_VG250_2026_01_01
09673127,Großeibstadt,09,09673,1,true,true,2026-01-01,BKG_VG250_2026_01_01
09673129,Hausen,09,09673,1,true,true,2026-01-01,BKG_VG250_2026_01_01
09673130,Hendungen,09,09673,1,true,true,2026-01-01,BKG_VG250_2026_01_01
09673131,Herbstadt,09,09673,1,true,true,2026-01-01,BKG_VG250_2026_01_01
09673133,Heustreu,09,09673,1,true,true,2026-01-01,BKG_VG250_2026_01_01
09673134,Höchheim,09,09673,1,true,true,2026-01-01,BKG_VG250_2026_01_01
09673135,Hohenroth,09,09673,1,true,true,2026-01-01,BKG_VG250_2026_01_01
09673136,Hollstadt,09,09673,1,true,true,2026-01-01,BKG_VG250_2026_01_01
09673141,Bad Königshofen i.Grabfeld,09,09673,1,true,true,2026-01-01,BKG_VG250_2026_01_01
09673142,Mellrichstadt,09,09673,1,true,true,2026-01-01,BKG_VG250_2026_01_01
09673146,Niederlauer,09,09673,1,true,true,2026-01-01,BKG_VG250_2026_01_01
09673147,Nordheim v.d.Rhön,09,09673,1,true,true,2026-01-01,BKG_VG250_2026_01_01
09673149,Oberelsbach,09,09673,1,true,true,2026-01-01,BKG_VG250_2026_01_01
09673151,Oberstreu,09,09673,1,true,true,2026-01-01,BKG_VG250_2026_01_01
09673153,Ostheim v.d.Rhön,09,09673,1,true,true,2026-01-01,BKG_VG250_2026_01_01
09673156,Rödelmaier,09,09673,1,true,true,2026-01-01,BKG_VG250_2026_01_01
09673160,Saal a.d.Saale,09,09673,1,true,true,2026-01-01,BKG_VG250_2026_01_01
09673161,Salz,09,09673,1,true,true,2026-01-01,BKG_VG250_2026_01_01
09673162,Sandberg,09,09673,1,true,true,2026-01-01,BKG_VG250_2026_01_01
09673163,Schönau a.d.Brend,09,09673,1,true,true,2026-01-01,BKG_VG250_2026_01_01
09673167,Sondheim v.d.Rhön,09,09673,1,true,true,2026-01-01,BKG_VG250_2026_01_01
09673170,Stockheim,09,09673,1,true,true,2026-01-01,BKG_VG250_2026_01_01
09673171,Strahlungen,09,09673,1,true,true,2026-01-01,BKG_VG250_2026_01_01
09673172,Sulzdorf a.d.Lederhecke,09,09673,1,true,true,2026-01-01,BKG_VG250_2026_01_01
09673173,Sulzfeld,09,09673,1,true,true,2026-01-01,BKG_VG250_2026_01_01
09673174,Trappstadt,09,09673,1,true,true,2026-01-01,BKG_VG250_2026_01_01
09673175,Unsleben,09,09673,1,true,true,2026-01-01,BKG_VG250_2026_01_01
09673182,Willmars,09,09673,1,true,true,2026-01-01,BKG_VG250_2026_01_01
09673183,Wollbach,09,09673,1,true,true,2026-01-01,BKG_VG250_2026_01_01
09673184,Wülfershausen a.d.Saale,09,09673,1,true,true,2026-01-01,BKG_VG250_2026_01_01
09673186,Burglauer,09,09673,1,true,true,2026-01-01,BKG_VG250_2026_01_01
09673451,Bundorfer Forst,09,09673,1,true,false,2026-01-01,BKG_VG250_2026_01_01
09673452,Burgwallbacher Forst,09,09673,1,true,false,2026-01-01,BKG_VG250_2026_01_01
09673453,Forst Schmalwasser-Nord,09,09673,1,true,false,2026-01-01,BKG_VG250_2026_01_01
09673454,Forst Schmalwasser-Süd,09,09673,1,true,false,2026-01-01,BKG_VG250_2026_01_01
09673455,Mellrichstadter Forst,09,09673,1,true,false,2026-01-01,BKG_VG250_2026_01_01
09673456,Steinacher Forst r.d.Saale,09,09673,1,true,false,2026-01-01,BKG_VG250_2026_01_01
09673457,Sulzfelder Forst,09,09673,1,true,false,2026-01-01,BKG_VG250_2026_01_01
09673458,Weigler,09,09673,1,true,false,2026-01-01,BKG_VG250_2026_01_01
09674111,Aidhausen,09,09674,1,true,true,2026-01-01,BKG_VG250_2026_01_01
09674118,Breitbrunn,09,09674,1,true,true,2026-01-01,BKG_VG250_2026_01_01
09674120,Bundorf,09,09674,1,true,true,2026-01-01,BKG_VG250_2026_01_01
09674121,Burgpreppach,09,09674,1,true,true,2026-01-01,BKG_VG250_2026_01_01
09674129,Ebelsbach,09,09674,1,true,true,2026-01-01,BKG_VG250_2026_01_01
09674130,Ebern,09,09674,1,true,true,2026-01-01,BKG_VG250_2026_01_01
09674133,Eltmann,09,09674,1,true,true,2026-01-01,BKG_VG250_2026_01_01
09674139,Gädheim,09,09674,1,true,true,2026-01-01,BKG_VG250_2026_01_01
09674147,Haßfurt,09,09674,1,true,true,2026-01-01,BKG_VG250_2026_01_01
09674149,Hofheim i.UFr.,09,09674,1,true,true,2026-01-01,BKG_VG250_2026_01_01
09674153,Riedbach,09,09674,1,true,true,2026-01-01,BKG_VG250_2026_01_01
09674159,Oberaurach,09,09674,1,true,true,2026-01-01,BKG_VG250_2026_01_01
09674160,Kirchlauter,09,09674,1,true,true,2026-01-01,BKG_VG250_2026_01_01
09674163,Knetzgau,09,09674,1,true,true,2026-01-01,BKG_VG250_2026_01_01
09674164,Königsberg i.Bay.,09,09674,1,true,true,2026-01-01,BKG_VG250_2026_01_01
09674171,Maroldsweisach,09,09674,1,true,true,2026-01-01,BKG_VG250_2026_01_01
09674180,Theres,09,09674,1,true,true,2026-01-01,BKG_VG250_2026_01_01
09674184,Pfarrweisach,09,09674,1,true,true,2026-01-01,BKG_VG250_2026_01_01
09674187,Rauhenebrach,09,09674,1,true,true,2026-01-01,BKG_VG250_2026_01_01
09674190,Rentweinsdorf,09,09674,1,true,true,2026-01-01,BKG_VG250_2026_01_01
09674195,Sand a.Main,09,09674,1,true,true,2026-01-01,BKG_VG250_2026_01_01
09674201,Stettfeld,09,09674,1,true,true,2026-01-01,BKG_VG250_2026_01_01
09674210,Untermerzbach,09,09674,1,true,true,2026-01-01,BKG_VG250_2026_01_01
09674219,Wonfurt,09,09674,1,true,true,2026-01-01,BKG_VG250_2026_01_01
09674221,Zeil a.Main,09,09674,1,true,true,2026-01-01,BKG_VG250_2026_01_01
09674223,Ermershausen,09,09674,1,true,true,2026-01-01,BKG_VG250_2026_01_01
09675111,Abtswind,09,09675,1,true,true,2026-01-01,BKG_VG250_2026_01_01
09675112,Albertshofen,09,09675,1,true,true,2026-01-01,BKG_VG250_2026_01_01
09675113,Biebelried,09,09675,1,true,true,2026-01-01,BKG_VG250_2026_01_01
09675114,Buchbrunn,09,09675,1,true,true,2026-01-01,BKG_VG250_2026_01_01
09675116,Castell,09,09675,1,true,true,2026-01-01,BKG_VG250_2026_01_01
09675117,Dettelbach,09,09675,1,true,true,2026-01-01,BKG_VG250_2026_01_01
09675127,Geiselwind,09,09675,1,true,true,2026-01-01,BKG_VG250_2026_01_01
09675131,Großlangheim,09,09675,1,true,true,2026-01-01,BKG_VG250_2026_01_01
09675139,Iphofen,09,09675,1,true,true,2026-01-01,BKG_VG250_2026_01_01
09675141,Kitzingen,09,09675,1,true,true,2026-01-01,BKG_VG250_2026_01_01
09675142,Kleinlangheim,09,09675,1,true,true,2026-01-01,BKG_VG250_2026_01_01
09675144,Mainbernheim,09,09675,1,true,true,2026-01-01,BKG_VG250_2026_01_01
09675146,Mainstockheim,09,09675,1,true,true,2026-01-01,BKG_VG250_2026_01_01
09675147,Marktbreit,09,09675,1,true,true,2026-01-01,BKG_VG250_2026_01_01
09675148,Markt Einersheim,09,09675,1,true,true,2026-01-01,BKG_VG250_2026_01_01
09675149,Marktsteft,09,09675,1,true,true,2026-01-01,BKG_VG250_2026_01_01
09675150,Martinsheim,09,09675,1,true,true,2026-01-01,BKG_VG250_2026_01_01
09675155,Nordheim a.Main,09,09675,1,true,true,2026-01-01,BKG_VG250_2026_01_01
09675156,Obernbreit,09,09675,1,true,true,2026-01-01,BKG_VG250_2026_01_01
09675158,Prichsenstadt,09,09675,1,true,true,2026-01-01,BKG_VG250_2026_01_01
09675161,Rödelsee,09,09675,1,true,true,2026-01-01,BKG_VG250_2026_01_01
09675162,Rüdenhausen,09,09675,1,true,true,2026-01-01,BKG_VG250_2026_01_01
09675165,Schwarzach a.Main,09,09675,1,true,true,2026-01-01,BKG_VG250_2026_01_01
09675166,Segnitz,09,09675,1,true,true,2026-01-01,BKG_VG250_2026_01_01
09675167,Seinsheim,09,09675,1,true,true,2026-01-01,BKG_VG250_2026_01_01
09675169,Sommerach,09,09675,1,true,true,2026-01-01,BKG_VG250_2026_01_01
09675170,Sulzfeld a.Main,09,09675,1,true,true,2026-01-01,BKG_VG250_2026_01_01
09675174,Volkach,09,09675,1,true,true,2026-01-01,BKG_VG250_2026_01_01
09675177,Wiesenbronn,09,09675,1,true,true,2026-01-01,BKG_VG250_2026_01_01
09675178,Wiesentheid,09,09675,1,true,true,2026-01-01,BKG_VG250_2026_01_01
09675179,Willanzheim,09,09675,1,true,true,2026-01-01,BKG_VG250_2026_01_01
09676111,Altenbuch,09,09676,1,true,true,2026-01-01,BKG_VG250_2026_01_01
09676112,Amorbach,09,09676,1,true,true,2026-01-01,BKG_VG250_2026_01_01
09676116,Bürgstadt,09,09676,1,true,true,2026-01-01,BKG_VG250_2026_01_01
09676117,Collenberg,09,09676,1,true,true,2026-01-01,BKG_VG250_2026_01_01
09676118,Dorfprozelten,09,09676,1,true,true,2026-01-01,BKG_VG250_2026_01_01
09676119,Eichenbühl,09,09676,1,true,true,2026-01-01,BKG_VG250_2026_01_01
09676121,Elsenfeld,09,09676,1,true,true,2026-01-01,BKG_VG250_2026_01_01
09676122,Erlenbach a.Main,09,09676,1,true,true,2026-01-01,BKG_VG250_2026_01_01
09676123,Eschau,09,09676,1,true,true,2026-01-01,BKG_VG250_2026_01_01
09676124,Faulbach,09,09676,1,true,true,2026-01-01,BKG_VG250_2026_01_01
09676125,Großheubach,09,09676,1,true,true,2026-01-01,BKG_VG250_2026_01_01
09676126,Großwallstadt,09,09676,1,true,true,2026-01-01,BKG_VG250_2026_01_01
09676128,Hausen,09,09676,1,true,true,2026-01-01,BKG_VG250_2026_01_01
09676131,Kirchzell,09,09676,1,true,true,2026-01-01,BKG_VG250_2026_01_01
09676132,Kleinheubach,09,09676,1,true,true,2026-01-01,BKG_VG250_2026_01_01
09676133,Kleinwallstadt,09,09676,1,true,true,2026-01-01,BKG_VG250_2026_01_01
09676134,Klingenberg a.Main,09,09676,1,true,true,2026-01-01,BKG_VG250_2026_01_01
09676135,Laudenbach,09,09676,1,true,true,2026-01-01,BKG_VG250_2026_01_01
09676136,Leidersbach,09,09676,1,true,true,2026-01-01,BKG_VG250_2026_01_01
09676139,Miltenberg,09,09676,1,true,true,2026-01-01,BKG_VG250_2026_01_01
09676140,Mömlingen,09,09676,1,true,true,2026-01-01,BKG_VG250_2026_01_01
09676141,Mönchberg,09,09676,1,true,true,2026-01-01,BKG_VG250_2026_01_01
09676143,Neunkirchen,09,09676,1,true,true,2026-01-01,BKG_VG250_2026_01_01
09676144,Niedernberg,09,09676,1,true,true,2026-01-01,BKG_VG250_2026_01_01
09676145,Obernburg a.Main,09,09676,1,true,true,2026-01-01,BKG_VG250_2026_01_01
09676151,Röllbach,09,09676,1,true,true,2026-01-01,BKG_VG250_2026_01_01
09676153,Rüdenau,09,09676,1,true,true,2026-01-01,BKG_VG250_2026_01_01
09676156,Schneeberg,09,09676,1,true,true,2026-01-01,BKG_VG250_2026_01_01
09676158,Stadtprozelten,09,09676,1,true,true,2026-01-01,BKG_VG250_2026_01_01
09676160,Sulzbach a.Main,09,09676,1,true,true,2026-01-01,BKG_VG250_2026_01_01
09676165,Weilbach,09,09676,1,true,true,2026-01-01,BKG_VG250_2026_01_01
09676169,Wörth a.Main,09,09676,1,true,true,2026-01-01,BKG_VG250_2026_01_01
09676452,Forstwald,09,09676,1,true,false,2026-01-01,BKG_VG250_2026_01_01
09676455,Hohe Wart,09,09676,1,true,false,2026-01-01,BKG_VG250_2026_01_01
09677114,Arnstein,09,09677,1,true,true,2026-01-01,BKG_VG250_2026_01_01
09677116,Aura i.Sinngrund,09,09677,1,true,true,2026-01-01,BKG_VG250_2026_01_01
09677119,Birkenfeld,09,09677,1,true,true,2026-01-01,BKG_VG250_2026_01_01
09677120,Bischbrunn,09,09677,1,true,true,2026-01-01,BKG_VG250_2026_01_01
09677122,Burgsinn,09,09677,1,true,true,2026-01-01,BKG_VG250_2026_01_01
09677125,Erlenbach b.Marktheidenfeld,09,09677,1,true,true,2026-01-01,BKG_VG250_2026_01_01
09677126,Esselbach,09,09677,1,true,true,2026-01-01,BKG_VG250_2026_01_01
09677127,Eußenheim,09,09677,1,true,true,2026-01-01,BKG_VG250_2026_01_01
09677128,Fellen,09,09677,1,true,true,2026-01-01,BKG_VG250_2026_01_01
09677129,Frammersbach,09,09677,1,true,true,2026-01-01,BKG_VG250_2026_01_01
09677131,Gemünden a.Main,09,09677,1,true,true,2026-01-01,BKG_VG250_2026_01_01
09677132,Gössenheim,09,09677,1,true,true,2026-01-01,BKG_VG250_2026_01_01
09677133,Gräfendorf,09,09677,1,true,true,2026-01-01,BKG_VG250_2026_01_01
09677135,Hafenlohr,09,09677,1,true,true,2026-01-01,BKG_VG250_2026_01_01
09677137,Hasloch,09,09677,1,true,true,2026-01-01,BKG_VG250_2026_01_01
09677142,Himmelstadt,09,09677,1,true,true,2026-01-01,BKG_VG250_2026_01_01
09677146,Karbach,09,09677,1,true,true,2026-01-01,BKG_VG250_2026_01_01
09677148,Karlstadt,09,09677,1,true,true,2026-01-01,BKG_VG250_2026_01_01
09677149,Karsbach,09,09677,1,true,true,2026-01-01,BKG_VG250_2026_01_01
09677151,Kreuzwertheim,09,09677,1,true,true,2026-01-01,BKG_VG250_2026_01_01
09677154,Triefenstein,09,09677,1,true,true,2026-01-01,BKG_VG250_2026_01_01
09677155,Lohr a.Main,09,09677,1,true,true,2026-01-01,BKG_VG250_2026_01_01
09677157,Marktheidenfeld,09,09677,1,true,true,2026-01-01,BKG_VG250_2026_01_01
09677159,Mittelsinn,09,09677,1,true,true,2026-01-01,BKG_VG250_2026_01_01
09677164,Neuendorf,09,09677,1,true,true,2026-01-01,BKG_VG250_2026_01_01
09677165,Neuhütten,09,09677,1,true,true,2026-01-01,BKG_VG250_2026_01_01
09677166,Neustadt a.Main,09,09677,1,true,true,2026-01-01,BKG_VG250_2026_01_01
09677169,Obersinn,09,09677,1,true,true,2026-01-01,BKG_VG250_2026_01_01
09677170,Partenstein,09,09677,1,true,true,2026-01-01,BKG_VG250_2026_01_01
09677172,Rechtenbach,09,09677,1,true,true,2026-01-01,BKG_VG250_2026_01_01
09677175,Retzstadt,09,09677,1,true,true,2026-01-01,BKG_VG250_2026_01_01
09677177,Rieneck,09,09677,1,true,true,2026-01-01,BKG_VG250_2026_01_01
09677178,Roden,09,09677,1,true,true,2026-01-01,BKG_VG250_2026_01_01
09677181,Rothenfels,09,09677,1,true,true,2026-01-01,BKG_VG250_2026_01_01
09677182,Schollbrunn,09,09677,1,true,true,2026-01-01,BKG_VG250_2026_01_01
09677186,Steinfeld,09,09677,1,true,true,2026-01-01,BKG_VG250_2026_01_01
09677189,Thüngen,09,09677,1,true,true,2026-01-01,BKG_VG250_2026_01_01
09677193,Urspringen,09,09677,1,true,true,2026-01-01,BKG_VG250_2026_01_01
09677200,Wiesthal,09,09677,1,true,true,2026-01-01,BKG_VG250_2026_01_01
09677203,Zellingen,09,09677,1,true,true,2026-01-01,BKG_VG250_2026_01_01
09677452,Burgjoß,09,09677,1,true,false,2026-01-01,BKG_VG250_2026_01_01
09677453,Forst Aura,09,09677,1,true,false,2026-01-01,BKG_VG250_2026_01_01
09677454,Forst Lohrerstraße,09,09677,1,true,false,2026-01-01,BKG_VG250_2026_01_01
09677455,Frammersbacher Forst,09,09677,1,true,false,2026-01-01,BKG_VG250_2026_01_01
09677456,Fürstl.Löwenstein'scher Park,09,09677,1,true,false,2026-01-01,BKG_VG250_2026_01_01
09677457,Haurain,09,09677,1,true,false,2026-01-01,BKG_VG250_2026_01_01
09677458,Herrnwald,09,09677,1,true,false,2026-01-01,BKG_VG250_2026_01_01
09677459,Langenprozeltener Forst,09,09677,1,true,false,2026-01-01,BKG_VG250_2026_01_01
09677461,Partensteiner Forst,09,09677,1,true,false,2026-01-01,BKG_VG250_2026_01_01
09677463,Ruppertshüttener Forst,09,09677,1,true,false,2026-01-01,BKG_VG250_2026_01_01
09678115,Bergrheinfeld,09,09678,1,true,true,2026-01-01,BKG_VG250_2026_01_01
09678122,Dingolshausen,09,09678,1,true,true,2026-01-01,BKG_VG250_2026_01_01
09678123,Dittelbrunn,09,09678,1,true,true,2026-01-01,BKG_VG250_2026_01_01
09678124,Donnersdorf,09,09678,1,true,true,2026-01-01,BKG_VG250_2026_01_01
09678128,Euerbach,09,09678,1,true,true,2026-01-01,BKG_VG250_2026_01_01
09678130,Frankenwinheim,09,09678,1,true,true,2026-01-01,BKG_VG250_2026_01_01
09678132,Geldersheim,09,09678,1,true,true,2026-01-01,BKG_VG250_2026_01_01
09678134,Gerolzhofen,09,09678,1,true,true,2026-01-01,BKG_VG250_2026_01_01
09678135,Gochsheim,09,09678,1,true,true,2026-01-01,BKG_VG250_2026_01_01
09678136,Grafenrheinfeld,09,09678,1,true,true,2026-01-01,BKG_VG250_2026_01_01
09678138,Grettstadt,09,09678,1,true,true,2026-01-01,BKG_VG250_2026_01_01
09678150,Kolitzheim,09,09678,1,true,true,2026-01-01,BKG_VG250_2026_01_01
09678153,Lülsfeld,09,09678,1,true,true,2026-01-01,BKG_VG250_2026_01_01
09678157,Michelau i.Steigerwald,09,09678,1,true,true,2026-01-01,BKG_VG250_2026_01_01
09678160,Niederwerrn,09,09678,1,true,true,2026-01-01,BKG_VG250_2026_01_01
09678164,Oberschwarzach,09,09678,1,true,true,2026-01-01,BKG_VG250_2026_01_01
09678168,Poppenhausen,09,09678,1,true,true,2026-01-01,BKG_VG250_2026_01_01
09678170,Röthlein,09,09678,1,true,true,2026-01-01,BKG_VG250_2026_01_01
09678174,Schonungen,09,09678,1,true,true,2026-01-01,BKG_VG250_2026_01_01
09678175,Schwanfeld,09,09678,1,true,true,2026-01-01,BKG_VG250_2026_01_01
09678176,Schwebheim,09,09678,1,true,true,2026-01-01,BKG_VG250_2026_01_01
09678178,Sennfeld,09,09678,1,true,true,2026-01-01,BKG_VG250_2026_01_01
09678181,Stadtlauringen,09,09678,1,true,true,2026-01-01,BKG_VG250_2026_01_01
09678183,Sulzheim,09,09678,1,true,true,2026-01-01,BKG_VG250_2026_01_01
09678186,Üchtelhausen,09,09678,1,true,true,2026-01-01,BKG_VG250_2026_01_01
09678190,Waigolshausen,09,09678,1,true,true,2026-01-01,BKG_VG250_2026_01_01
09678192,Wasserlosen,09,09678,1,true,true,2026-01-01,BKG_VG250_2026_01_01
09678193,Werneck,09,09678,1,true,true,2026-01-01,BKG_VG250_2026_01_01
09678196,Wipfeld,09,09678,1,true,true,2026-01-01,BKG_VG250_2026_01_01
09678451,Bürgerwald,09,09678,1,true,false,2026-01-01,BKG_VG250_2026_01_01
09678452,Geiersberg,09,09678,1,true,false,2026-01-01,BKG_VG250_2026_01_01
09678453,Hundelshausen,09,09678,1,true,false,2026-01-01,BKG_VG250_2026_01_01
09678454,Nonnenkloster,09,09678,1,true,false,2026-01-01,BKG_VG250_2026_01_01
09678455,Stollbergerforst,09,09678,1,true,false,2026-01-01,BKG_VG250_2026_01_01
09678456,Vollburg,09,09678,1,true,false,2026-01-01,BKG_VG250_2026_01_01
09678457,Wustvieler Forst,09,09678,1,true,false,2026-01-01,BKG_VG250_2026_01_01
09679114,Aub,09,09679,1,true,true,2026-01-01,BKG_VG250_2026_01_01
09679117,Bergtheim,09,09679,1,true,true,2026-01-01,BKG_VG250_2026_01_01
09679118,Bieberehren,09,09679,1,true,true,2026-01-01,BKG_VG250_2026_01_01
09679122,Bütthard,09,09679,1,true,true,2026-01-01,BKG_VG250_2026_01_01
09679124,Eibelstadt,09,09679,1,true,true,2026-01-01,BKG_VG250_2026_01_01
09679126,Eisingen,09,09679,1,true,true,2026-01-01,BKG_VG250_2026_01_01
09679128,Erlabrunn,09,09679,1,true,true,2026-01-01,BKG_VG250_2026_01_01
09679130,Estenfeld,09,09679,1,true,true,2026-01-01,BKG_VG250_2026_01_01
09679131,Frickenhausen a.Main,09,09679,1,true,true,2026-01-01,BKG_VG250_2026_01_01
09679134,Gaukönigshofen,09,09679,1,true,true,2026-01-01,BKG_VG250_2026_01_01
09679135,Gelchsheim,09,09679,1,true,true,2026-01-01,BKG_VG250_2026_01_01
09679136,Gerbrunn,09,09679,1,true,true,2026-01-01,BKG_VG250_2026_01_01
09679137,Geroldshausen,09,09679,1,true,true,2026-01-01,BKG_VG250_2026_01_01
09679138,Giebelstadt,09,09679,1,true,true,2026-01-01,BKG_VG250_2026_01_01
09679141,Greußenheim,09,09679,1,true,true,2026-01-01,BKG_VG250_2026_01_01
09679142,Güntersleben,09,09679,1,true,true,2026-01-01,BKG_VG250_2026_01_01
09679143,Hausen b.Würzburg,09,09679,1,true,true,2026-01-01,BKG_VG250_2026_01_01
09679144,Helmstadt,09,09679,1,true,true,2026-01-01,BKG_VG250_2026_01_01
09679146,Hettstadt,09,09679,1,true,true,2026-01-01,BKG_VG250_2026_01_01
09679147,Höchberg,09,09679,1,true,true,2026-01-01,BKG_VG250_2026_01_01
09679149,Holzkirchen,09,09679,1,true,true,2026-01-01,BKG_VG250_2026_01_01
09679153,Kirchheim,09,09679,1,true,true,2026-01-01,BKG_VG250_2026_01_01
09679154,Kist,09,09679,1,true,true,2026-01-01,BKG_VG250_2026_01_01
09679155,Kleinrinderfeld,09,09679,1,true,true,2026-01-01,BKG_VG250_2026_01_01
09679156,Kürnach,09,09679,1,true,true,2026-01-01,BKG_VG250_2026_01_01
09679161,Margetshöchheim,09,09679,1,true,true,2026-01-01,BKG_VG250_2026_01_01
09679164,Neubrunn,09,09679,1,true,true,2026-01-01,BKG_VG250_2026_01_01
09679165,Altertheim,09,09679,1,true,true,2026-01-01,BKG_VG250_2026_01_01
09679167,Eisenheim,09,09679,1,true,true,2026-01-01,BKG_VG250_2026_01_01
09679169,Oberpleichfeld,09,09679,1,true,true,2026-01-01,BKG_VG250_2026_01_01
09679170,Ochsenfurt,09,09679,1,true,true,2026-01-01,BKG_VG250_2026_01_01
09679174,Prosselsheim,09,09679,1,true,true,2026-01-01,BKG_VG250_2026_01_01
09679175,Randersacker,09,09679,1,true,true,2026-01-01,BKG_VG250_2026_01_01
09679176,Reichenberg,09,09679,1,true,true,2026-01-01,BKG_VG250_2026_01_01
09679177,Remlingen,09,09679,1,true,true,2026-01-01,BKG_VG250_2026_01_01
09679179,Riedenheim,09,09679,1,true,true,2026-01-01,BKG_VG250_2026_01_01
09679180,Rimpar,09,09679,1,true,true,2026-01-01,BKG_VG250_2026_01_01
09679182,Röttingen,09,09679,1,true,true,2026-01-01,BKG_VG250_2026_01_01
09679185,Rottendorf,09,09679,1,true,true,2026-01-01,BKG_VG250_2026_01_01
09679187,Sommerhausen,09,09679,1,true,true,2026-01-01,BKG_VG250_2026_01_01
09679188,Sonderhofen,09,09679,1,true,true,2026-01-01,BKG_VG250_2026_01_01
09679192,Tauberrettersheim,09,09679,1,true,true,2026-01-01,BKG_VG250_2026_01_01
09679193,Theilheim,09,09679,1,true,true,2026-01-01,BKG_VG250_2026_01_01
09679194,Thüngersheim,09,09679,1,true,true,2026-01-01,BKG_VG250_2026_01_01
09679196,Uettingen,09,09679,1,true,true,2026-01-01,BKG_VG250_2026_01_01
09679200,Leinach,09,09679,1,true,true,2026-01-01,BKG_VG250_2026_01_01
09679201,Unterpleichfeld,09,09679,1,true,true,2026-01-01,BKG_VG250_2026_01_01
09679202,Veitshöchheim,09,09679,1,true,true,2026-01-01,BKG_VG250_2026_01_01
09679204,Waldbrunn,09,09679,1,true,true,2026-01-01,BKG_VG250_2026_01_01
09679205,Waldbüttelbrunn,09,09679,1,true,true,2026-01-01,BKG_VG250_2026_01_01
09679206,Winterhausen,09,09679,1,true,true,2026-01-01,BKG_VG250_2026_01_01
09679209,Zell a.Main,09,09679,1,true,true,2026-01-01,BKG_VG250_2026_01_01
09679451,Gramschatzer Wald,09,09679,1,true,false,2026-01-01,BKG_VG250_2026_01_01
09679452,Guttenberger Wald,09,09679,1,true,false,2026-01-01,BKG_VG250_2026_01_01
09679453,Irtenberger Wald,09,09679,1,true,false,2026-01-01,BKG_VG250_2026_01_01
09761000,Augsburg,09,09761,1,true,true,2026-01-01,BKG_VG250_2026_01_01
09762000,Kaufbeuren,09,09762,1,true,true,2026-01-01,BKG_VG250_2026_01_01
09763000,Kempten (Allgäu),09,09763,1,true,true,2026-01-01,BKG_VG250_2026_01_01
09764000,Memmingen,09,09764,1,true,true,2026-01-01,BKG_VG250_2026_01_01
09771111,Adelzhausen,09,09771,1,true,true,2026-01-01,BKG_VG250_2026_01_01
09771112,Affing,09,09771,1,true,true,2026-01-01,BKG_VG250_2026_01_01
09771113,Aichach,09,09771,1,true,true,2026-01-01,BKG_VG250_2026_01_01
09771114,Aindling,09,09771,1,true,true,2026-01-01,BKG_VG250_2026_01_01
09771122,Dasing,09,09771,1,true,true,2026-01-01,BKG_VG250_2026_01_01
09771129,Eurasburg,09,09771,1,true,true,2026-01-01,BKG_VG250_2026_01_01
09771130,Friedberg,09,09771,1,true,true,2026-01-01,BKG_VG250_2026_01_01
09771140,Hollenbach,09,09771,1,true,true,2026-01-01,BKG_VG250_2026_01_01
09771141,Inchenhofen,09,09771,1,true,true,2026-01-01,BKG_VG250_2026_01_01
09771142,Kissing,09,09771,1,true,true,2026-01-01,BKG_VG250_2026_01_01
09771144,Kühbach,09,09771,1,true,true,2026-01-01,BKG_VG250_2026_01_01
09771145,Merching,09,09771,1,true,true,2026-01-01,BKG_VG250_2026_01_01
09771146,Mering,09,09771,1,true,true,2026-01-01,BKG_VG250_2026_01_01
09771149,Obergriesbach,09,09771,1,true,true,2026-01-01,BKG_VG250_2026_01_01
09771155,Petersdorf,09,09771,1,true,true,2026-01-01,BKG_VG250_2026_01_01
09771156,Pöttmes,09,09771,1,true,true,2026-01-01,BKG_VG250_2026_01_01
09771158,Rehling,09,09771,1,true,true,2026-01-01,BKG_VG250_2026_01_01
09771160,Ried,09,09771,1,true,true,2026-01-01,BKG_VG250_2026_01_01
09771162,Schiltberg,09,09771,1,true,true,2026-01-01,BKG_VG250_2026_01_01
09771163,Schmiechen,09,09771,1,true,true,2026-01-01,BKG_VG250_2026_01_01
09771165,Sielenbach,09,09771,1,true,true,2026-01-01,BKG_VG250_2026_01_01
09771168,Steindorf,09,09771,1,true,true,2026-01-01,BKG_VG250_2026_01_01
09771169,Todtenweis,09,09771,1,true,true,2026-01-01,BKG_VG250_2026_01_01
09771176,Baar (Schwaben),09,09771,1,true,true,2026-01-01,BKG_VG250_2026_01_01
09772111,Adelsried,09,09772,1,true,true,2026-01-01,BKG_VG250_2026_01_01
09772114,Allmannshofen,09,09772,1,true,true,2026-01-01,BKG_VG250_2026_01_01
09772115,Altenmünster,09,09772,1,true,true,2026-01-01,BKG_VG250_2026_01_01
09772117,Aystetten,09,09772,1,true,true,2026-01-01,BKG_VG250_2026_01_01
09772121,Biberbach,09,09772,1,true,true,2026-01-01,BKG_VG250_2026_01_01
09772125,Bobingen,09,09772,1,true,true,2026-01-01,BKG_VG250_2026_01_01
09772126,Bonstetten,09,09772,1,true,true,2026-01-01,BKG_VG250_2026_01_01
09772130,Diedorf,09,09772,1,true,true,2026-01-01,BKG_VG250_2026_01_01
09772131,Dinkelscherben,09,09772,1,true,true,2026-01-01,BKG_VG250_2026_01_01
09772134,Ehingen,09,09772,1,true,true,2026-01-01,BKG_VG250_2026_01_01
09772136,Ellgau,09,09772,1,true,true,2026-01-01,BKG_VG250_2026_01_01
09772137,Emersacker,09,09772,1,true,true,2026-01-01,BKG_VG250_2026_01_01
09772141,Fischach,09,09772,1,true,true,2026-01-01,BKG_VG250_2026_01_01
09772145,Gablingen,09,09772,1,true,true,2026-01-01,BKG_VG250_2026_01_01
09772147,Gersthofen,09,09772,1,true,true,2026-01-01,BKG_VG250_2026_01_01
09772148,Gessertshausen,09,09772,1,true,true,2026-01-01,BKG_VG250_2026_01_01
09772149,Graben,09,09772,1,true,true,2026-01-01,BKG_VG250_2026_01_01
09772151,Großaitingen,09,09772,1,true,true,2026-01-01,BKG_VG250_2026_01_01
09772156,Heretsried,09,09772,1,true,true,2026-01-01,BKG_VG250_2026_01_01
09772157,Hiltenfingen,09,09772,1,true,true,2026-01-01,BKG_VG250_2026_01_01
09772159,Horgau,09,09772,1,true,true,2026-01-01,BKG_VG250_2026_01_01
09772160,Kleinaitingen,09,09772,1,true,true,2026-01-01,BKG_VG250_2026_01_01
09772162,Klosterlechfeld,09,09772,1,true,true,2026-01-01,BKG_VG250_2026_01_01
09772163,Königsbrunn,09,09772,1,true,true,2026-01-01,BKG_VG250_2026_01_01
09772166,Kühlenthal,09,09772,1,true,true,2026-01-01,BKG_VG250_2026_01_01
09772167,Kutzenhausen,09,09772,1,true,true,2026-01-01,BKG_VG250_2026_01_01
09772168,Langenneufnach,09,09772,1,true,true,2026-01-01,BKG_VG250_2026_01_01
09772170,Langerringen,09,09772,1,true,true,2026-01-01,BKG_VG250_2026_01_01
09772171,Langweid a.Lech,09,09772,1,true,true,2026-01-01,BKG_VG250_2026_01_01
09772177,Meitingen,09,09772,1,true,true,2026-01-01,BKG_VG250_2026_01_01
09772178,Mickhausen,09,09772,1,true,true,2026-01-01,BKG_VG250_2026_01_01
09772179,Mittelneufnach,09,09772,1,true,true,2026-01-01,BKG_VG250_2026_01_01
09772184,Neusäß,09,09772,1,true,true,2026-01-01,BKG_VG250_2026_01_01
09772185,Nordendorf,09,09772,1,true,true,2026-01-01,BKG_VG250_2026_01_01
09772186,Oberottmarshausen,09,09772,1,true,true,2026-01-01,BKG_VG250_2026_01_01
09772197,Scherstetten,09,09772,1,true,true,2026-01-01,BKG_VG250_2026_01_01
09772200,Schwabmünchen,09,09772,1,true,true,2026-01-01,BKG_VG250_2026_01_01
09772202,Stadtbergen,09,09772,1,true,true,2026-01-01,BKG_VG250_2026_01_01
09772207,Thierhaupten,09,09772,1,true,true,2026-01-01,BKG_VG250_2026_01_01
09772209,Untermeitingen,09,09772,1,true,true,2026-01-01,BKG_VG250_2026_01_01
09772211,Ustersbach,09,09772,1,true,true,2026-01-01,BKG_VG250_2026_01_01
09772214,Walkertshofen,09,09772,1,true,true,2026-01-01,BKG_VG250_2026_01_01
09772215,Wehringen,09,09772,1,true,true,2026-01-01,BKG_VG250_2026_01_01
09772216,Welden,09,09772,1,true,true,2026-01-01,BKG_VG250_2026_01_01
09772217,Westendorf,09,09772,1,true,true,2026-01-01,BKG_VG250_2026_01_01
09772223,Zusmarshausen,09,09772,1,true,true,2026-01-01,BKG_VG250_2026_01_01
09772451,Schmellerforst,09,09772,1,true,false,2026-01-01,BKG_VG250_2026_01_01
09773111,Aislingen,09,09773,1,true,true,2026-01-01,BKG_VG250_2026_01_01
09773112,Bachhagel,09,09773,1,true,true,2026-01-01,BKG_VG250_2026_01_01
09773113,Bächingen a.d.Brenz,09,09773,1,true,true,2026-01-01,BKG_VG250_2026_01_01
09773116,Binswangen,09,09773,1,true,true,2026-01-01,BKG_VG250_2026_01_01
09773117,Bissingen,09,09773,1,true,true,2026-01-01,BKG_VG250_2026_01_01
09773119,Blindheim,09,09773,1,true,true,2026-01-01,BKG_VG250_2026_01_01
09773122,Buttenwiesen,09,09773,1,true,true,2026-01-01,BKG_VG250_2026_01_01
09773125,Dillingen a.d.Donau,09,09773,1,true,true,2026-01-01,BKG_VG250_2026_01_01
09773133,Glött,09,09773,1,true,true,2026-01-01,BKG_VG250_2026_01_01
09773136,Gundelfingen a.d.Donau,09,09773,1,true,true,2026-01-01,BKG_VG250_2026_01_01
09773137,Haunsheim,09,09773,1,true,true,2026-01-01,BKG_VG250_2026_01_01
09773139,Höchstädt a.d.Donau,09,09773,1,true,true,2026-01-01,BKG_VG250_2026_01_01
09773140,Holzheim,09,09773,1,true,true,2026-01-01,BKG_VG250_2026_01_01
09773143,Laugna,09,09773,1,true,true,2026-01-01,BKG_VG250_2026_01_01
09773144,Lauingen (Donau),09,09773,1,true,true,2026-01-01,BKG_VG250_2026_01_01
09773146,Lutzingen,09,09773,1,true,true,2026-01-01,BKG_VG250_2026_01_01
09773147,Mödingen,09,09773,1,true,true,2026-01-01,BKG_VG250_2026_01_01
09773150,Finningen,09,09773,1,true,true,2026-01-01,BKG_VG250_2026_01_01
09773153,Medlingen,09,09773,1,true,true,2026-01-01,BKG_VG250_2026_01_01
09773164,Schwenningen,09,09773,1,true,true,2026-01-01,BKG_VG250_2026_01_01
09773170,Syrgenstein,09,09773,1,true,true,2026-01-01,BKG_VG250_2026_01_01
09773179,Villenbach,09,09773,1,true,true,2026-01-01,BKG_VG250_2026_01_01
09773182,Wertingen,09,09773,1,true,true,2026-01-01,BKG_VG250_2026_01_01
09773183,Wittislingen,09,09773,1,true,true,2026-01-01,BKG_VG250_2026_01_01
09773186,Ziertheim,09,09773,1,true,true,2026-01-01,BKG_VG250_2026_01_01
09773187,Zöschingen,09,09773,1,true,true,2026-01-01,BKG_VG250_2026_01_01
09773188,Zusamaltheim,09,09773,1,true,true,2026-01-01,BKG_VG250_2026_01_01
09774111,Aletshausen,09,09774,1,true,true,2026-01-01,BKG_VG250_2026_01_01
09774115,Balzhausen,09,09774,1,true,true,2026-01-01,BKG_VG250_2026_01_01
09774116,Ursberg,09,09774,1,true,true,2026-01-01,BKG_VG250_2026_01_01
09774117,Breitenthal,09,09774,1,true,true,2026-01-01,BKG_VG250_2026_01_01
09774118,Bubesheim,09,09774,1,true,true,2026-01-01,BKG_VG250_2026_01_01
09774119,Bibertal,09,09774,1,true,true,2026-01-01,BKG_VG250_2026_01_01
09774121,Burgau,09,09774,1,true,true,2026-01-01,BKG_VG250_2026_01_01
09774122,Burtenbach,09,09774,1,true,true,2026-01-01,BKG_VG250_2026_01_01
09774124,Deisenhausen,09,09774,1,true,true,2026-01-01,BKG_VG250_2026_01_01
09774127,Dürrlauingen,09,09774,1,true,true,2026-01-01,BKG_VG250_2026_01_01
09774129,Ebershausen,09,09774,1,true,true,2026-01-01,BKG_VG250_2026_01_01
09774133,Ellzee,09,09774,1,true,true,2026-01-01,BKG_VG250_2026_01_01
09774135,Günzburg,09,09774,1,true,true,2026-01-01,BKG_VG250_2026_01_01
09774136,Gundremmingen,09,09774,1,true,true,2026-01-01,BKG_VG250_2026_01_01
09774140,Haldenwang,09,09774,1,true,true,2026-01-01,BKG_VG250_2026_01_01
09774143,Ichenhausen,09,09774,1,true,true,2026-01-01,BKG_VG250_2026_01_01
09774144,Jettingen-Scheppach,09,09774,1,true,true,2026-01-01,BKG_VG250_2026_01_01
09774145,Kammeltal,09,09774,1,true,true,2026-01-01,BKG_VG250_2026_01_01
09774148,Kötz,09,09774,1,true,true,2026-01-01,BKG_VG250_2026_01_01
09774150,Krumbach (Schwaben),09,09774,1,true,true,2026-01-01,BKG_VG250_2026_01_01
09774151,Landensberg,09,09774,1,true,true,2026-01-01,BKG_VG250_2026_01_01
09774155,Leipheim,09,09774,1,true,true,2026-01-01,BKG_VG250_2026_01_01
09774160,Münsterhausen,09,09774,1,true,true,2026-01-01,BKG_VG250_2026_01_01
09774162,Neuburg a.d.Kammel,09,09774,1,true,true,2026-01-01,BKG_VG250_2026_01_01
09774166,Aichen,09,09774,1,true,true,2026-01-01,BKG_VG250_2026_01_01
09774171,Offingen,09,09774,1,true,true,2026-01-01,BKG_VG250_2026_01_01
09774174,Rettenbach,09,09774,1,true,true,2026-01-01,BKG_VG250_2026_01_01
09774178,Röfingen,09,09774,1,true,true,2026-01-01,BKG_VG250_2026_01_01
09774185,Thannhausen,09,09774,1,true,true,2026-01-01,BKG_VG250_2026_01_01
09774189,Wiesenbach,09,09774,1,true,true,2026-01-01,BKG_VG250_2026_01_01
09774191,Waldstetten,09,09774,1,true,true,2026-01-01,BKG_VG250_2026_01_01
09774192,Waltenhausen,09,09774,1,true,true,2026-01-01,BKG_VG250_2026_01_01
09774196,Winterbach,09,09774,1,true,true,2026-01-01,BKG_VG250_2026_01_01
09774198,Ziemetshausen,09,09774,1,true,true,2026-01-01,BKG_VG250_2026_01_01
09774451,Ebershauser-Nattenhauser Wald,09,09774,1,true,false,2026-01-01,BKG_VG250_2026_01_01
09774452,Winzerwald,09,09774,1,true,false,2026-01-01,BKG_VG250_2026_01_01
09775111,Altenstadt,09,09775,1,true,true,2026-01-01,BKG_VG250_2026_01_01
09775115,Bellenberg,09,09775,1,true,true,2026-01-01,BKG_VG250_2026_01_01
09775118,Buch,09,09775,1,true,true,2026-01-01,BKG_VG250_2026_01_01
09775126,Holzheim,09,09775,1,true,true,2026-01-01,BKG_VG250_2026_01_01
09775129,Illertissen,09,09775,1,true,true,2026-01-01,BKG_VG250_2026_01_01
09775132,Kellmünz a.d.Iller,09,09775,1,true,true,2026-01-01,BKG_VG250_2026_01_01
09775134,Nersingen,09,09775,1,true,true,2026-01-01,BKG_VG250_2026_01_01
09775135,Neu-Ulm,09,09775,1,true,true,2026-01-01,BKG_VG250_2026_01_01
09775139,Elchingen,09,09775,1,true,true,2026-01-01,BKG_VG250_2026_01_01
09775141,Oberroth,09,09775,1,true,true,2026-01-01,BKG_VG250_2026_01_01
09775142,Osterberg,09,09775,1,true,true,2026-01-01,BKG_VG250_2026_01_01
09775143,Pfaffenhofen a.d.Roth,09,09775,1,true,true,2026-01-01,BKG_VG250_2026_01_01
09775149,Roggenburg,09,09775,1,true,true,2026-01-01,BKG_VG250_2026_01_01
09775152,Senden,09,09775,1,true,true,2026-01-01,BKG_VG250_2026_01_01
09775161,Unterroth,09,09775,1,true,true,2026-01-01,BKG_VG250_2026_01_01
09775162,Vöhringen,09,09775,1,true,true,2026-01-01,BKG_VG250_2026_01_01
09775164,Weißenhorn,09,09775,1,true,true,2026-01-01,BKG_VG250_2026_01_01
09775451,Auwald,09,09775,1,true,false,2026-01-01,BKG_VG250_2026_01_01
09775452,Oberroggenburger Wald,09,09775,1,true,false,2026-01-01,BKG_VG250_2026_01_01
09775454,Stoffenrieder Forst,09,09775,1,true,false,2026-01-01,BKG_VG250_2026_01_01
09775455,Unterroggenburger Wald,09,09775,1,true,false,2026-01-01,BKG_VG250_2026_01_01
09776111,Bodolz,09,09776,1,true,true,2026-01-01,BKG_VG250_2026_01_01
09776112,Gestratz,09,09776,1,true,true,2026-01-01,BKG_VG250_2026_01_01
09776113,Grünenbach,09,09776,1,true,true,2026-01-01,BKG_VG250_2026_01_01
09776114,Heimenkirch,09,09776,1,true,true,2026-01-01,BKG_VG250_2026_01_01
09776115,Hergensweiler,09,09776,1,true,true,2026-01-01,BKG_VG250_2026_01_01
09776116,Lindau (Bodensee),09,09776,1,true,true,2026-01-01,BKG_VG250_2026_01_01
09776117,Lindenberg i.Allgäu,09,09776,1,true,true,2026-01-01,BKG_VG250_2026_01_01
09776118,Maierhöfen,09,09776,1,true,true,2026-01-01,BKG_VG250_2026_01_01
09776120,Nonnenhorn,09,09776,1,true,true,2026-01-01,BKG_VG250_2026_01_01
09776121,Oberreute,09,09776,1,true,true,2026-01-01,BKG_VG250_2026_01_01
09776122,Opfenbach,09,09776,1,true,true,2026-01-01,BKG_VG250_2026_01_01
09776124,Röthenbach (Allgäu),09,09776,1,true,true,2026-01-01,BKG_VG250_2026_01_01
09776125,Scheidegg,09,09776,1,true,true,2026-01-01,BKG_VG250_2026_01_01
09776126,Sigmarszell,09,09776,1,true,true,2026-01-01,BKG_VG250_2026_01_01
09776127,Stiefenhofen,09,09776,1,true,true,2026-01-01,BKG_VG250_2026_01_01
09776128,Wasserburg (Bodensee),09,09776,1,true,true,2026-01-01,BKG_VG250_2026_01_01
09776129,Weiler-Simmerberg,09,09776,1,true,true,2026-01-01,BKG_VG250_2026_01_01
09776130,Weißensberg,09,09776,1,true,true,2026-01-01,BKG_VG250_2026_01_01
09776131,Hergatz,09,09776,1,true,true,2026-01-01,BKG_VG250_2026_01_01
09777111,Aitrang,09,09777,1,true,true,2026-01-01,BKG_VG250_2026_01_01
09777112,Biessenhofen,09,09777,1,true,true,2026-01-01,BKG_VG250_2026_01_01
09777114,Baisweil,09,09777,1,true,true,2026-01-01,BKG_VG250_2026_01_01
09777118,Bidingen,09,09777,1,true,true,2026-01-01,BKG_VG250_2026_01_01
09777121,Buchloe,09,09777,1,true,true,2026-01-01,BKG_VG250_2026_01_01
09777124,Eggenthal,09,09777,1,true,true,2026-01-01,BKG_VG250_2026_01_01
09777125,Eisenberg,09,09777,1,true,true,2026-01-01,BKG_VG250_2026_01_01
09777128,Friesenried,09,09777,1,true,true,2026-01-01,BKG_VG250_2026_01_01
09777129,Füssen,09,09777,1,true,true,2026-01-01,BKG_VG250_2026_01_01
09777130,Germaringen,09,09777,1,true,true,2026-01-01,BKG_VG250_2026_01_01
09777131,Görisried,09,09777,1,true,true,2026-01-01,BKG_VG250_2026_01_01
09777135,Hopferau,09,09777,1,true,true,2026-01-01,BKG_VG250_2026_01_01
09777138,Günzach,09,09777,1,true,true,2026-01-01,BKG_VG250_2026_01_01
09777139,Irsee,09,09777,1,true,true,2026-01-01,BKG_VG250_2026_01_01
09777140,Jengen,09,09777,1,true,true,2026-01-01,BKG_VG250_2026_01_01
09777141,Kaltental,09,09777,1,true,true,2026-01-01,BKG_VG250_2026_01_01
09777144,Kraftisried,09,09777,1,true,true,2026-01-01,BKG_VG250_2026_01_01
09777145,Lamerdingen,09,09777,1,true,true,2026-01-01,BKG_VG250_2026_01_01
09777147,Lechbruck am See,09,09777,1,true,true,2026-01-01,BKG_VG250_2026_01_01
09777149,Lengenwang,09,09777,1,true,true,2026-01-01,BKG_VG250_2026_01_01
09777151,Marktoberdorf,09,09777,1,true,true,2026-01-01,BKG_VG250_2026_01_01
09777152,Mauerstetten,09,09777,1,true,true,2026-01-01,BKG_VG250_2026_01_01
09777153,Nesselwang,09,09777,1,true,true,2026-01-01,BKG_VG250_2026_01_01
09777154,Obergünzburg,09,09777,1,true,true,2026-01-01,BKG_VG250_2026_01_01
09777155,Oberostendorf,09,09777,1,true,true,2026-01-01,BKG_VG250_2026_01_01
09777157,Osterzell,09,09777,1,true,true,2026-01-01,BKG_VG250_2026_01_01
09777158,Pforzen,09,09777,1,true,true,2026-01-01,BKG_VG250_2026_01_01
09777159,Pfronten,09,09777,1,true,true,2026-01-01,BKG_VG250_2026_01_01
09777163,Rieden am Forggensee,09,09777,1,true,true,2026-01-01,BKG_VG250_2026_01_01
09777164,Rieden,09,09777,1,true,true,2026-01-01,BKG_VG250_2026_01_01
09777165,Ronsberg,09,09777,1,true,true,2026-01-01,BKG_VG250_2026_01_01
09777166,Roßhaupten,09,09777,1,true,true,2026-01-01,BKG_VG250_2026_01_01
09777167,Ruderatshofen,09,09777,1,true,true,2026-01-01,BKG_VG250_2026_01_01
09777168,Rückholz,09,09777,1,true,true,2026-01-01,BKG_VG250_2026_01_01
09777169,Schwangau,09,09777,1,true,true,2026-01-01,BKG_VG250_2026_01_01
09777170,Seeg,09,09777,1,true,true,2026-01-01,BKG_VG250_2026_01_01
09777171,Stötten a.Auerberg,09,09777,1,true,true,2026-01-01,BKG_VG250_2026_01_01
09777172,Stöttwang,09,09777,1,true,true,2026-01-01,BKG_VG250_2026_01_01
09777173,Halblech,09,09777,1,true,true,2026-01-01,BKG_VG250_2026_01_01
09777175,Unterthingau,09,09777,1,true,true,2026-01-01,BKG_VG250_2026_01_01
09777176,Untrasried,09,09777,1,true,true,2026-01-01,BKG_VG250_2026_01_01
09777177,Waal,09,09777,1,true,true,2026-01-01,BKG_VG250_2026_01_01
09777179,Wald,09,09777,1,true,true,2026-01-01,BKG_VG250_2026_01_01
09777182,Westendorf,09,09777,1,true,true,2026-01-01,BKG_VG250_2026_01_01
09777183,Rettenbach a.Auerberg,09,09777,1,true,true,2026-01-01,BKG_VG250_2026_01_01
09778111,Amberg,09,09778,1,true,true,2026-01-01,BKG_VG250_2026_01_01
09778113,Apfeltrach,09,09778,1,true,true,2026-01-01,BKG_VG250_2026_01_01
09778115,Babenhausen,09,09778,1,true,true,2026-01-01,BKG_VG250_2026_01_01
09778116,Bad Wörishofen,09,09778,1,true,true,2026-01-01,BKG_VG250_2026_01_01
09778118,Benningen,09,09778,1,true,true,2026-01-01,BKG_VG250_2026_01_01
09778119,Böhen,09,09778,1,true,true,2026-01-01,BKG_VG250_2026_01_01
09778120,Boos,09,09778,1,true,true,2026-01-01,BKG_VG250_2026_01_01
09778121,Breitenbrunn,09,09778,1,true,true,2026-01-01,BKG_VG250_2026_01_01
09778123,Buxheim,09,09778,1,true,true,2026-01-01,BKG_VG250_2026_01_01
09778127,Dirlewang,09,09778,1,true,true,2026-01-01,BKG_VG250_2026_01_01
09778130,Egg a.d.Günz,09,09778,1,true,true,2026-01-01,BKG_VG250_2026_01_01
09778134,Eppishausen,09,09778,1,true,true,2026-01-01,BKG_VG250_2026_01_01
09778136,Erkheim,09,09778,1,true,true,2026-01-01,BKG_VG250_2026_01_01
09778137,Ettringen,09,09778,1,true,true,2026-01-01,BKG_VG250_2026_01_01
09778139,Fellheim,09,09778,1,true,true,2026-01-01,BKG_VG250_2026_01_01
09778144,Bad Grönenbach,09,09778,1,true,true,2026-01-01,BKG_VG250_2026_01_01
09778149,Hawangen,09,09778,1,true,true,2026-01-01,BKG_VG250_2026_01_01
09778150,Heimertingen,09,09778,1,true,true,2026-01-01,BKG_VG250_2026_01_01
09778151,Holzgünz,09,09778,1,true,true,2026-01-01,BKG_VG250_2026_01_01
09778157,Kirchhaslach,09,09778,1,true,true,2026-01-01,BKG_VG250_2026_01_01
09778158,Kirchheim i.Schw.,09,09778,1,true,true,2026-01-01,BKG_VG250_2026_01_01
09778161,Kronburg,09,09778,1,true,true,2026-01-01,BKG_VG250_2026_01_01
09778162,Lachen,09,09778,1,true,true,2026-01-01,BKG_VG250_2026_01_01
09778163,Lauben,09,09778,1,true,true,2026-01-01,BKG_VG250_2026_01_01
09778164,Lautrach,09,09778,1,true,true,2026-01-01,BKG_VG250_2026_01_01
09778165,Legau,09,09778,1,true,true,2026-01-01,BKG_VG250_2026_01_01
09778168,Markt Rettenbach,09,09778,1,true,true,2026-01-01,BKG_VG250_2026_01_01
09778169,Markt Wald,09,09778,1,true,true,2026-01-01,BKG_VG250_2026_01_01
09778171,Memmingerberg,09,09778,1,true,true,2026-01-01,BKG_VG250_2026_01_01
09778173,Mindelheim,09,09778,1,true,true,2026-01-01,BKG_VG250_2026_01_01
09778177,Niederrieden,09,09778,1,true,true,2026-01-01,BKG_VG250_2026_01_01
09778180,Kammlach,09,09778,1,true,true,2026-01-01,BKG_VG250_2026_01_01
09778183,Oberrieden,09,09778,1,true,true,2026-01-01,BKG_VG250_2026_01_01
09778184,Oberschönegg,09,09778,1,true,true,2026-01-01,BKG_VG250_2026_01_01
09778186,Ottobeuren,09,09778,1,true,true,2026-01-01,BKG_VG250_2026_01_01
09778187,Pfaffenhausen,09,09778,1,true,true,2026-01-01,BKG_VG250_2026_01_01
09778188,Pleß,09,09778,1,true,true,2026-01-01,BKG_VG250_2026_01_01
09778190,Salgen,09,09778,1,true,true,2026-01-01,BKG_VG250_2026_01_01
09778196,Sontheim,09,09778,1,true,true,2026-01-01,BKG_VG250_2026_01_01
09778199,Stetten,09,09778,1,true,true,2026-01-01,BKG_VG250_2026_01_01
09778202,Trunkelsberg,09,09778,1,true,true,2026-01-01,BKG_VG250_2026_01_01
09778203,Türkheim,09,09778,1,true,true,2026-01-01,BKG_VG250_2026_01_01
09778204,Tussenhausen,09,09778,1,true,true,2026-01-01,BKG_VG250_2026_01_01
09778205,Ungerhausen,09,09778,1,true,true,2026-01-01,BKG_VG250_2026_01_01
09778207,Unteregg,09,09778,1,true,true,2026-01-01,BKG_VG250_2026_01_01
09778209,Rammingen,09,09778,1,true,true,2026-01-01,BKG_VG250_2026_01_01
09778214,Westerheim,09,09778,1,true,true,2026-01-01,BKG_VG250_2026_01_01
09778216,Wiedergeltingen,09,09778,1,true,true,2026-01-01,BKG_VG250_2026_01_01
09778217,Winterrieden,09,09778,1,true,true,2026-01-01,BKG_VG250_2026_01_01
09778218,Wolfertschwenden,09,09778,1,true,true,2026-01-01,BKG_VG250_2026_01_01
09778219,Woringen,09,09778,1,true,true,2026-01-01,BKG_VG250_2026_01_01
09778221,Kettershausen,09,09778,1,true,true,2026-01-01,BKG_VG250_2026_01_01
09778451,Ungerhauser Wald,09,09778,1,true,false,2026-01-01,BKG_VG250_2026_01_01
09779111,Alerheim,09,09779,1,true,true,2026-01-01,BKG_VG250_2026_01_01
09779112,Amerdingen,09,09779,1,true,true,2026-01-01,BKG_VG250_2026_01_01
09779115,Asbach-Bäumenheim,09,09779,1,true,true,2026-01-01,BKG_VG250_2026_01_01
09779117,Auhausen,09,09779,1,true,true,2026-01-01,BKG_VG250_2026_01_01
09779126,Buchdorf,09,09779,1,true,true,2026-01-01,BKG_VG250_2026_01_01
09779129,Daiting,09,09779,1,true,true,2026-01-01,BKG_VG250_2026_01_01
09779130,Deiningen,09,09779,1,true,true,2026-01-01,BKG_VG250_2026_01_01
09779131,Donauwörth,09,09779,1,true,true,2026-01-01,BKG_VG250_2026_01_01
09779136,Ederheim,09,09779,1,true,true,2026-01-01,BKG_VG250_2026_01_01
09779138,Ehingen a.Ries,09,09779,1,true,true,2026-01-01,BKG_VG250_2026_01_01
09779146,Forheim,09,09779,1,true,true,2026-01-01,BKG_VG250_2026_01_01
09779147,Fremdingen,09,09779,1,true,true,2026-01-01,BKG_VG250_2026_01_01
09779148,Fünfstetten,09,09779,1,true,true,2026-01-01,BKG_VG250_2026_01_01
09779149,Genderkingen,09,09779,1,true,true,2026-01-01,BKG_VG250_2026_01_01
09779154,Hainsfarth,09,09779,1,true,true,2026-01-01,BKG_VG250_2026_01_01
09779155,Harburg (Schwaben),09,09779,1,true,true,2026-01-01,BKG_VG250_2026_01_01
09779162,Hohenaltheim,09,09779,1,true,true,2026-01-01,BKG_VG250_2026_01_01
09779163,Holzheim,09,09779,1,true,true,2026-01-01,BKG_VG250_2026_01_01
09779167,Huisheim,09,09779,1,true,true,2026-01-01,BKG_VG250_2026_01_01
09779169,Kaisheim,09,09779,1,true,true,2026-01-01,BKG_VG250_2026_01_01
09779176,Maihingen,09,09779,1,true,true,2026-01-01,BKG_VG250_2026_01_01
09779177,Marktoffingen,09,09779,1,true,true,2026-01-01,BKG_VG250_2026_01_01
09779178,Marxheim,09,09779,1,true,true,2026-01-01,BKG_VG250_2026_01_01
09779180,Megesheim,09,09779,1,true,true,2026-01-01,BKG_VG250_2026_01_01
09779181,Mertingen,09,09779,1,true,true,2026-01-01,BKG_VG250_2026_01_01
09779184,Mönchsdeggingen,09,09779,1,true,true,2026-01-01,BKG_VG250_2026_01_01
09779185,Möttingen,09,09779,1,true,true,2026-01-01,BKG_VG250_2026_01_01
09779186,Monheim,09,09779,1,true,true,2026-01-01,BKG_VG250_2026_01_01
09779187,Münster,09,09779,1,true,true,2026-01-01,BKG_VG250_2026_01_01
09779188,Munningen,09,09779,1,true,true,2026-01-01,BKG_VG250_2026_01_01
09779192,Niederschönenfeld,09,09779,1,true,true,2026-01-01,BKG_VG250_2026_01_01
09779194,Nördlingen,09,09779,1,true,true,2026-01-01,BKG_VG250_2026_01_01
09779196,Oberndorf a.Lech,09,09779,1,true,true,2026-01-01,BKG_VG250_2026_01_01
09779197,Oettingen i.Bay.,09,09779,1,true,true,2026-01-01,BKG_VG250_2026_01_01
09779198,Otting,09,09779,1,true,true,2026-01-01,BKG_VG250_2026_01_01
09779201,Rain,09,09779,1,true,true,2026-01-01,BKG_VG250_2026_01_01
09779203,Reimlingen,09,09779,1,true,true,2026-01-01,BKG_VG250_2026_01_01
09779206,Rögling,09,09779,1,true,true,2026-01-01,BKG_VG250_2026_01_01
09779217,Tagmersheim,09,09779,1,true,true,2026-01-01,BKG_VG250_2026_01_01
09779218,Tapfheim,09,09779,1,true,true,2026-01-01,BKG_VG250_2026_01_01
09779224,Wallerstein,09,09779,1,true,true,2026-01-01,BKG_VG250_2026_01_01
09779226,Wechingen,09,09779,1,true,true,2026-01-01,BKG_VG250_2026_01_01
09779228,Wemding,09,09779,1,true,true,2026-01-01,BKG_VG250_2026_01_01
09779231,Wolferstadt,09,09779,1,true,true,2026-01-01,BKG_VG250_2026_01_01
09779452,Dornstadt-Linkersbaindt,09,09779,1,true,false,2026-01-01,BKG_VG250_2026_01_01
09779453,Esterholz,09,09779,1,true,false,2026-01-01,BKG_VG250_2026_01_01
09780112,Altusried,09,09780,1,true,true,2026-01-01,BKG_VG250_2026_01_01
09780113,Balderschwang,09,09780,1,true,true,2026-01-01,BKG_VG250_2026_01_01
09780114,Betzigau,09,09780,1,true,true,2026-01-01,BKG_VG250_2026_01_01
09780115,Blaichach,09,09780,1,true,true,2026-01-01,BKG_VG250_2026_01_01
09780116,Bolsterlang,09,09780,1,true,true,2026-01-01,BKG_VG250_2026_01_01
09780117,Buchenberg,09,09780,1,true,true,2026-01-01,BKG_VG250_2026_01_01
09780118,Burgberg i.Allgäu,09,09780,1,true,true,2026-01-01,BKG_VG250_2026_01_01
09780119,Dietmannsried,09,09780,1,true,true,2026-01-01,BKG_VG250_2026_01_01
09780120,Durach,09,09780,1,true,true,2026-01-01,BKG_VG250_2026_01_01
09780121,Fischen i.Allgäu,09,09780,1,true,true,2026-01-01,BKG_VG250_2026_01_01
09780122,Haldenwang,09,09780,1,true,true,2026-01-01,BKG_VG250_2026_01_01
09780123,Bad Hindelang,09,09780,1,true,true,2026-01-01,BKG_VG250_2026_01_01
09780124,Immenstadt i.Allgäu,09,09780,1,true,true,2026-01-01,BKG_VG250_2026_01_01
09780125,Lauben,09,09780,1,true,true,2026-01-01,BKG_VG250_2026_01_01
09780127,Missen-Wilhams,09,09780,1,true,true,2026-01-01,BKG_VG250_2026_01_01
09780128,Oy-Mittelberg,09,09780,1,true,true,2026-01-01,BKG_VG250_2026_01_01
09780131,Obermaiselstein,09,09780,1,true,true,2026-01-01,BKG_VG250_2026_01_01
09780132,Oberstaufen,09,09780,1,true,true,2026-01-01,BKG_VG250_2026_01_01
09780133,Oberstdorf,09,09780,1,true,true,2026-01-01,BKG_VG250_2026_01_01
09780134,Ofterschwang,09,09780,1,true,true,2026-01-01,BKG_VG250_2026_01_01
09780137,Rettenberg,09,09780,1,true,true,2026-01-01,BKG_VG250_2026_01_01
09780139,Sonthofen,09,09780,1,true,true,2026-01-01,BKG_VG250_2026_01_01
09780140,Sulzberg,09,09780,1,true,true,2026-01-01,BKG_VG250_2026_01_01
09780143,Waltenhofen,09,09780,1,true,true,2026-01-01,BKG_VG250_2026_01_01
09780144,Weitnau,09,09780,1,true,true,2026-01-01,BKG_VG250_2026_01_01
09780145,Wertach,09,09780,1,true,true,2026-01-01,BKG_VG250_2026_01_01
09780146,Wiggensbach,09,09780,1,true,true,2026-01-01,BKG_VG250_2026_01_01
09780147,Wildpoldsried,09,09780,1,true,true,2026-01-01,BKG_VG250_2026_01_01
09780451,Kempter Wald,09,09780,1,true,false,2026-01-01,BKG_VG250_2026_01_01
10041100,Saarbrücken,10,10041,1,true,true,2026-01-01,BKG_VG250_2026_01_01
10041511,Friedrichsthal,10,10041,1,true,true,2026-01-01,BKG_VG250_2026_01_01
10041512,Großrosseln,10,10041,1,true,true,2026-01-01,BKG_VG250_2026_01_01
10041513,Heusweiler,10,10041,1,true,true,2026-01-01,BKG_VG250_2026_01_01
10041514,Kleinblittersdorf,10,10041,1,true,true,2026-01-01,BKG_VG250_2026_01_01
10041515,Püttlingen,10,10041,1,true,true,2026-01-01,BKG_VG250_2026_01_01
10041516,Quierschied,10,10041,1,true,true,2026-01-01,BKG_VG250_2026_01_01
10041517,Riegelsberg,10,10041,1,true,true,2026-01-01,BKG_VG250_2026_01_01
10041518,Sulzbach/Saar,10,10041,1,true,true,2026-01-01,BKG_VG250_2026_01_01
10041519,Völklingen,10,10041,1,true,true,2026-01-01,BKG_VG250_2026_01_01
10042111,Beckingen,10,10042,1,true,true,2026-01-01,BKG_VG250_2026_01_01
10042112,Losheim am See,10,10042,1,true,true,2026-01-01,BKG_VG250_2026_01_01
10042113,Merzig,10,10042,1,true,true,2026-01-01,BKG_VG250_2026_01_01
10042114,Mettlach,10,10042,1,true,true,2026-01-01,BKG_VG250_2026_01_01
10042115,Perl,10,10042,1,true,true,2026-01-01,BKG_VG250_2026_01_01
10042116,Wadern,10,10042,1,true,true,2026-01-01,BKG_VG250_2026_01_01
10042117,Weiskirchen,10,10042,1,true,true,2026-01-01,BKG_VG250_2026_01_01
10043111,Eppelborn,10,10043,1,true,true,2026-01-01,BKG_VG250_2026_01_01
10043112,Illingen,10,10043,1,true,true,2026-01-01,BKG_VG250_2026_01_01
10043113,Merchweiler,10,10043,1,true,true,2026-01-01,BKG_VG250_2026_01_01
10043114,Neunkirchen,10,10043,1,true,true,2026-01-01,BKG_VG250_2026_01_01
10043115,Ottweiler,10,10043,1,true,true,2026-01-01,BKG_VG250_2026_01_01
10043116,Schiffweiler,10,10043,1,true,true,2026-01-01,BKG_VG250_2026_01_01
10043117,Spiesen-Elversberg,10,10043,1,true,true,2026-01-01,BKG_VG250_2026_01_01
10044111,Dillingen/Saar,10,10044,1,true,true,2026-01-01,BKG_VG250_2026_01_01
10044112,Lebach,10,10044,1,true,true,2026-01-01,BKG_VG250_2026_01_01
10044113,Nalbach,10,10044,1,true,true,2026-01-01,BKG_VG250_2026_01_01
10044114,Rehlingen-Siersburg,10,10044,1,true,true,2026-01-01,BKG_VG250_2026_01_01
10044115,Saarlouis,10,10044,1,true,true,2026-01-01,BKG_VG250_2026_01_01
10044116,Saarwellingen,10,10044,1,true,true,2026-01-01,BKG_VG250_2026_01_01
10044117,Schmelz,10,10044,1,true,true,2026-01-01,BKG_VG250_2026_01_01
10044118,Schwalbach,10,10044,1,true,true,2026-01-01,BKG_VG250_2026_01_01
10044119,Überherrn,10,10044,1,true,true,2026-01-01,BKG_VG250_2026_01_01
10044120,Wadgassen,10,10044,1,true,true,2026-01-01,BKG_VG250_2026_01_01
10044121,Wallerfangen,10,10044,1,true,true,2026-01-01,BKG_VG250_2026_01_01
10044122,Bous,10,10044,1,true,true,2026-01-01,BKG_VG250_2026_01_01
10044123,Ensdorf,10,10044,1,true,true,2026-01-01,BKG_VG250_2026_01_01
10045111,Bexbach,10,10045,1,true,true,2026-01-01,BKG_VG250_2026_01_01
10045112,Blieskastel,10,10045,1,true,true,2026-01-01,BKG_VG250_2026_01_01
10045113,Gersheim,10,10045,1,true,true,2026-01-01,BKG_VG250_2026_01_01
10045114,Homburg,10,10045,1,true,true,2026-01-01,BKG_VG250_2026_01_01
10045115,Kirkel,10,10045,1,true,true,2026-01-01,BKG_VG250_2026_01_01
10045116,Mandelbachtal,10,10045,1,true,true,2026-01-01,BKG_VG250_2026_01_01
10045117,St. Ingbert,10,10045,1,true,true,2026-01-01,BKG_VG250_2026_01_01
10046111,Freisen,10,10046,1,true,true,2026-01-01,BKG_VG250_2026_01_01
10046112,Marpingen,10,10046,1,true,true,2026-01-01,BKG_VG250_2026_01_01
10046113,Namborn,10,10046,1,true,true,2026-01-01,BKG_VG250_2026_01_01
10046114,Nohfelden,10,10046,1,true,true,2026-01-01,BKG_VG250_2026_01_01
10046115,Nonnweiler,10,10046,1,true,true,2026-01-01,BKG_VG250_2026_01_01
10046116,Oberthal,10,10046,1,true,true,2026-01-01,BKG_VG250_2026_01_01
10046117,St. Wendel,10,10046,1,true,true,2026-01-01,BKG_VG250_2026_01_01
10046118,Tholey,10,10046,1,true,true,2026-01-01,BKG_VG250_2026_01_01
11000000,Berlin,11,11000,1,true,false,2026-01-01,BKG_VG250_2026_01_01
12051000,Brandenburg an der Havel,12,12051,1,true,true,2026-01-01,BKG_VG250_2026_01_01
12052000,Cottbus,12,12052,1,true,true,2026-01-01,BKG_VG250_2026_01_01
12053000,Frankfurt (Oder),12,12053,1,true,true,2026-01-01,BKG_VG250_2026_01_01
12054000,Potsdam,12,12054,1,true,true,2026-01-01,BKG_VG250_2026_01_01
12060005,Ahrensfelde,12,12060,1,true,true,2026-01-01,BKG_VG250_2026_01_01
12060012,Althüttendorf,12,12060,1,true,true,2026-01-01,BKG_VG250_2026_01_01
12060020,Bernau bei Berlin,12,12060,1,true,true,2026-01-01,BKG_VG250_2026_01_01
12060024,Biesenthal,12,12060,1,true,true,2026-01-01,BKG_VG250_2026_01_01
12060034,Breydin,12,12060,1,true,true,2026-01-01,BKG_VG250_2026_01_01
12060036,Britz,12,12060,1,true,true,2026-01-01,BKG_VG250_2026_01_01
12060045,Chorin,12,12060,1,true,true,2026-01-01,BKG_VG250_2026_01_01
12060052,Eberswalde,12,12060,1,true,true,2026-01-01,BKG_VG250_2026_01_01
12060068,Friedrichswalde,12,12060,1,true,true,2026-01-01,BKG_VG250_2026_01_01
12060092,Hohenfinow,12,12060,1,true,true,2026-01-01,BKG_VG250_2026_01_01
12060100,Joachimsthal,12,12060,1,true,true,2026-01-01,BKG_VG250_2026_01_01
12060128,Liepe,12,12060,1,true,true,2026-01-01,BKG_VG250_2026_01_01
12060149,Lunow-Stolzenhagen,12,12060,1,true,true,2026-01-01,BKG_VG250_2026_01_01
12060154,Marienwerder,12,12060,1,true,true,2026-01-01,BKG_VG250_2026_01_01
12060161,Melchow,12,12060,1,true,true,2026-01-01,BKG_VG250_2026_01_01
12060172,Niederfinow,12,12060,1,true,true,2026-01-01,BKG_VG250_2026_01_01
12060176,Oderberg,12,12060,1,true,true,2026-01-01,BKG_VG250_2026_01_01
12060181,Panketal,12,12060,1,true,true,2026-01-01,BKG_VG250_2026_01_01
12060185,Parsteinsee,12,12060,1,true,true,2026-01-01,BKG_VG250_2026_01_01
12060192,Rüdnitz,12,12060,1,true,true,2026-01-01,BKG_VG250_2026_01_01
12060198,Schorfheide,12,12060,1,true,true,2026-01-01,BKG_VG250_2026_01_01
12060250,Sydower Fließ,12,12060,1,true,true,2026-01-01,BKG_VG250_2026_01_01
12060269,Wandlitz,12,12060,1,true,true,2026-01-01,BKG_VG250_2026_01_01
12060280,Werneuchen,12,12060,1,true,true,2026-01-01,BKG_VG250_2026_01_01
12060296,Ziethen,12,12060,1,true,true,2026-01-01,BKG_VG250_2026_01_01
12061005,Alt Zauche-Wußwerk,12,12061,1,true,true,2026-01-01,BKG_VG250_2026_01_01
12061017,Bersteland,12,12061,1,true,true,2026-01-01,BKG_VG250_2026_01_01
12061020,Bestensee,12,12061,1,true,true,2026-01-01,BKG_VG250_2026_01_01
12061061,Byhleguhre-Byhlen,12,12061,1,true,true,2026-01-01,BKG_VG250_2026_01_01
12061097,Drahnsdorf,12,12061,1,true,true,2026-01-01,BKG_VG250_2026_01_01
12061112,Eichwalde,12,12061,1,true,true,2026-01-01,BKG_VG250_2026_01_01
12061164,Golßen,12,12061,1,true,true,2026-01-01,BKG_VG250_2026_01_01
12061192,Groß Köris,12,12061,1,true,true,2026-01-01,BKG_VG250_2026_01_01
12061216,Halbe,12,12061,1,true,true,2026-01-01,BKG_VG250_2026_01_01
12061217,Heidesee,12,12061,1,true,true,2026-01-01,BKG_VG250_2026_01_01
12061219,Heideblick,12,12061,1,true,true,2026-01-01,BKG_VG250_2026_01_01
12061224,Jamlitz,12,12061,1,true,true,2026-01-01,BKG_VG250_2026_01_01
12061244,Kasel-Golzig,12,12061,1,true,true,2026-01-01,BKG_VG250_2026_01_01
12061260,Königs Wusterhausen,12,12061,1,true,true,2026-01-01,BKG_VG250_2026_01_01
12061265,Krausnick-Groß Wasserburg,12,12061,1,true,true,2026-01-01,BKG_VG250_2026_01_01
12061308,Lieberose,12,12061,1,true,true,2026-01-01,BKG_VG250_2026_01_01
12061316,Lübben (Spreewald),12,12061,1,true,true,2026-01-01,BKG_VG250_2026_01_01
12061320,Luckau,12,12061,1,true,true,2026-01-01,BKG_VG250_2026_01_01
12061328,Märkisch Buchholz,12,12061,1,true,true,2026-01-01,BKG_VG250_2026_01_01
12061329,Märkische Heide,12,12061,1,true,true,2026-01-01,BKG_VG250_2026_01_01
12061332,Mittenwalde,12,12061,1,true,true,2026-01-01,BKG_VG250_2026_01_01
12061344,Münchehofe,12,12061,1,true,true,2026-01-01,BKG_VG250_2026_01_01
12061352,Neu Zauche,12,12061,1,true,true,2026-01-01,BKG_VG250_2026_01_01
12061405,Rietzneuendorf-Staakow,12,12061,1,true,true,2026-01-01,BKG_VG250_2026_01_01
12061428,Schlepzig,12,12061,1,true,true,2026-01-01,BKG_VG250_2026_01_01
12061433,Schönefeld,12,12061,1,true,true,2026-01-01,BKG_VG250_2026_01_01
12061435,Schönwald,12,12061,1,true,true,2026-01-01,BKG_VG250_2026_01_01
12061444,Schulzendorf,12,12061,1,true,true,2026-01-01,BKG_VG250_2026_01_01
12061448,Schwerin,12,12061,1,true,true,2026-01-01,BKG_VG250_2026_01_01
12061450,Schwielochsee,12,12061,1,true,true,2026-01-01,BKG_VG250_2026_01_01
12061470,Spreewaldheide,12,12061,1,true,true,2026-01-01,BKG_VG250_2026_01_01
12061471,Steinreich,12,12061,1,true,true,2026-01-01,BKG_VG250_2026_01_01
12061476,Straupitz (Spreewald),12,12061,1,true,true,2026-01-01,BKG_VG250_2026_01_01
12061492,Teupitz,12,12061,1,true,true,2026-01-01,BKG_VG250_2026_01_01
12061510,Unterspreewald,12,12061,1,true,true,2026-01-01,BKG_VG250_2026_01_01
12061540,Wildau,12,12061,1,true,true,2026-01-01,BKG_VG250_2026_01_01
12061572,Zeuthen,12,12061,1,true,true,2026-01-01,BKG_VG250_2026_01_01
12062024,Bad Liebenwerda,12,12062,1,true,true,2026-01-01,BKG_VG250_2026_01_01
12062088,Crinitz,12,12062,1,true,true,2026-01-01,BKG_VG250_2026_01_01
12062092,Doberlug-Kirchhain,12,12062,1,true,true,2026-01-01,BKG_VG250_2026_01_01
12062124,Elsterwerda,12,12062,1,true,true,2026-01-01,BKG_VG250_2026_01_01
12062128,Falkenberg/Elster,12,12062,1,true,true,2026-01-01,BKG_VG250_2026_01_01
12062134,Fichtwald,12,12062,1,true,true,2026-01-01,BKG_VG250_2026_01_01
12062140,Finsterwalde,12,12062,1,true,true,2026-01-01,BKG_VG250_2026_01_01
12062177,Gorden-Staupitz,12,12062,1,true,true,2026-01-01,BKG_VG250_2026_01_01
12062196,Gröden,12,12062,1,true,true,2026-01-01,BKG_VG250_2026_01_01
12062208,Großthiemig,12,12062,1,true,true,2026-01-01,BKG_VG250_2026_01_01
12062219,Heideland,12,12062,1,true,true,2026-01-01,BKG_VG250_2026_01_01
12062224,Herzberg (Elster),12,12062,1,true,true,2026-01-01,BKG_VG250_2026_01_01
12062232,Hirschfeld,12,12062,1,true,true,2026-01-01,BKG_VG250_2026_01_01
12062237,Hohenbucko,12,12062,1,true,true,2026-01-01,BKG_VG250_2026_01_01
12062240,Hohenleipisch,12,12062,1,true,true,2026-01-01,BKG_VG250_2026_01_01
12062282,Kremitzaue,12,12062,1,true,true,2026-01-01,BKG_VG250_2026_01_01
12062289,Lebusa,12,12062,1,true,true,2026-01-01,BKG_VG250_2026_01_01
12062293,Lichterfeld-Schacksdorf,12,12062,1,true,true,2026-01-01,BKG_VG250_2026_01_01
12062333,Massen-Niederlausitz,12,12062,1,true,true,2026-01-01,BKG_VG250_2026_01_01
12062336,Merzdorf,12,12062,1,true,true,2026-01-01,BKG_VG250_2026_01_01
12062341,Mühlberg/Elbe,12,12062,1,true,true,2026-01-01,BKG_VG250_2026_01_01
12062372,Plessa,12,12062,1,true,true,2026-01-01,BKG_VG250_2026_01_01
12062410,Röderland,12,12062,1,true,true,2026-01-01,BKG_VG250_2026_01_01
12062417,Rückersdorf,12,12062,1,true,true,2026-01-01,BKG_VG250_2026_01_01
12062425,Sallgast,12,12062,1,true,true,2026-01-01,BKG_VG250_2026_01_01
12062440,Schilda,12,12062,1,true,true,2026-01-01,BKG_VG250_2026_01_01
12062445,Schlieben,12,12062,1,true,true,2026-01-01,BKG_VG250_2026_01_01
12062453,Schönborn,12,12062,1,true,true,2026-01-01,BKG_VG250_2026_01_01
12062461,Schönewalde,12,12062,1,true,true,2026-01-01,BKG_VG250_2026_01_01
12062464,Schraden,12,12062,1,true,true,2026-01-01,BKG_VG250_2026_01_01
12062469,Sonnewalde,12,12062,1,true,true,2026-01-01,BKG_VG250_2026_01_01
12062492,Tröbitz,12,12062,1,true,true,2026-01-01,BKG_VG250_2026_01_01
12062500,Uebigau-Wahrenbrück,12,12062,1,true,true,2026-01-01,BKG_VG250_2026_01_01
12063036,Brieselang,12,12063,1,true,true,2026-01-01,BKG_VG250_2026_01_01
12063056,Dallgow-Döberitz,12,12063,1,true,true,2026-01-01,BKG_VG250_2026_01_01
12063080,Falkensee,12,12063,1,true,true,2026-01-01,BKG_VG250_2026_01_01
12063088,Friesack,12,12063,1,true,true,2026-01-01,BKG_VG250_2026_01_01
12063094,Gollenberg,12,12063,1,true,true,2026-01-01,BKG_VG250_2026_01_01
12063112,Großderschau,12,12063,1,true,true,2026-01-01,BKG_VG250_2026_01_01
12063134,Havelaue,12,12063,1,true,true,2026-01-01,BKG_VG250_2026_01_01
12063142,Wiesenaue,12,12063,1,true,true,2026-01-01,BKG_VG250_2026_01_01
12063148,Ketzin/Havel,12,12063,1,true,true,2026-01-01,BKG_VG250_2026_01_01
12063161,Kleßen-Görne,12,12063,1,true,true,2026-01-01,BKG_VG250_2026_01_01
12063165,Kotzen,12,12063,1,true,true,2026-01-01,BKG_VG250_2026_01_01
12063186,Märkisch Luch,12,12063,1,true,true,2026-01-01,BKG_VG250_2026_01_01
12063189,Milower Land,12,12063,1,true,true,2026-01-01,BKG_VG250_2026_01_01
12063202,Mühlenberge,12,12063,1,true,true,2026-01-01,BKG_VG250_2026_01_01
12063208,Nauen,12,12063,1,true,true,2026-01-01,BKG_VG250_2026_01_01
12063212,Nennhausen,12,12063,1,true,true,2026-01-01,BKG_VG250_2026_01_01
12063228,Paulinenaue,12,12063,1,true,true,2026-01-01,BKG_VG250_2026_01_01
12063240,Pessin,12,12063,1,true,true,2026-01-01,BKG_VG250_2026_01_01
12063244,Premnitz,12,12063,1,true,true,2026-01-01,BKG_VG250_2026_01_01
12063252,Rathenow,12,12063,1,true,true,2026-01-01,BKG_VG250_2026_01_01
12063256,Retzow,12,12063,1,true,true,2026-01-01,BKG_VG250_2026_01_01
12063260,Rhinow,12,12063,1,true,true,2026-01-01,BKG_VG250_2026_01_01
12063273,Schönwalde-Glien,12,12063,1,true,true,2026-01-01,BKG_VG250_2026_01_01
12063274,Seeblick,12,12063,1,true,true,2026-01-01,BKG_VG250_2026_01_01
12063293,Stechow-Ferchesar,12,12063,1,true,true,2026-01-01,BKG_VG250_2026_01_01
12063357,Wustermark,12,12063,1,true,true,2026-01-01,BKG_VG250_2026_01_01
12064009,Alt Tucheband,12,12064,1,true,true,2026-01-01,BKG_VG250_2026_01_01
12064029,Altlandsberg,12,12064,1,true,true,2026-01-01,BKG_VG250_2026_01_01
12064044,Bad Freienwalde (Oder),12,12064,1,true,true,2026-01-01,BKG_VG250_2026_01_01
12064053,Beiersdorf-Freudenberg,12,12064,1,true,true,2026-01-01,BKG_VG250_2026_01_01
12064057,Bleyen-Genschmar,12,12064,1,true,true,2026-01-01,BKG_VG250_2026_01_01
12064061,Bliesdorf,12,12064,1,true,true,2026-01-01,BKG_VG250_2026_01_01
12064084,Buckow (Märkische Schweiz),12,12064,1,true,true,2026-01-01,BKG_VG250_2026_01_01
12064125,Falkenberg,12,12064,1,true,true,2026-01-01,BKG_VG250_2026_01_01
12064128,Falkenhagen (Mark),12,12064,1,true,true,2026-01-01,BKG_VG250_2026_01_01
12064130,Fichtenhöhe,12,12064,1,true,true,2026-01-01,BKG_VG250_2026_01_01
12064136,Fredersdorf-Vogelsdorf,12,12064,1,true,true,2026-01-01,BKG_VG250_2026_01_01
12064153,Garzau-Garzin,12,12064,1,true,true,2026-01-01,BKG_VG250_2026_01_01
12064172,Golzow,12,12064,1,true,true,2026-01-01,BKG_VG250_2026_01_01
12064190,Gusow-Platkow,12,12064,1,true,true,2026-01-01,BKG_VG250_2026_01_01
12064205,Heckelberg-Brunow,12,12064,1,true,true,2026-01-01,BKG_VG250_2026_01_01
12064222,Höhenland,12,12064,1,true,true,2026-01-01,BKG_VG250_2026_01_01
12064227,Hoppegarten,12,12064,1,true,true,2026-01-01,BKG_VG250_2026_01_01
12064266,Küstriner Vorland,12,12064,1,true,true,2026-01-01,BKG_VG250_2026_01_01
12064268,Lebus,12,12064,1,true,true,2026-01-01,BKG_VG250_2026_01_01
12064274,Letschin,12,12064,1,true,true,2026-01-01,BKG_VG250_2026_01_01
12064288,Lietzen,12,12064,1,true,true,2026-01-01,BKG_VG250_2026_01_01
12064290,Lindendorf,12,12064,1,true,true,2026-01-01,BKG_VG250_2026_01_01
12064303,Märkische Höhe,12,12064,1,true,true,2026-01-01,BKG_VG250_2026_01_01
12064317,Müncheberg,12,12064,1,true,true,2026-01-01,BKG_VG250_2026_01_01
12064336,Neuenhagen bei Berlin,12,12064,1,true,true,2026-01-01,BKG_VG250_2026_01_01
12064340,Neuhardenberg,12,12064,1,true,true,2026-01-01,BKG_VG250_2026_01_01
12064349,Neulewin,12,12064,1,true,true,2026-01-01,BKG_VG250_2026_01_01
12064365,Neutrebbin,12,12064,1,true,true,2026-01-01,BKG_VG250_2026_01_01
12064370,Oberbarnim,12,12064,1,true,true,2026-01-01,BKG_VG250_2026_01_01
12064371,Oderaue,12,12064,1,true,true,2026-01-01,BKG_VG250_2026_01_01
12064380,Petershagen/Eggersdorf,12,12064,1,true,true,2026-01-01,BKG_VG250_2026_01_01
12064388,Podelzig,12,12064,1,true,true,2026-01-01,BKG_VG250_2026_01_01
12064393,Prötzel,12,12064,1,true,true,2026-01-01,BKG_VG250_2026_01_01
12064408,Rehfelde,12,12064,1,true,true,2026-01-01,BKG_VG250_2026_01_01
12064417,Reichenow-Möglin,12,12064,1,true,true,2026-01-01,BKG_VG250_2026_01_01
12064420,Reitwein,12,12064,1,true,true,2026-01-01,BKG_VG250_2026_01_01
12064428,Rüdersdorf bei Berlin,12,12064,1,true,true,2026-01-01,BKG_VG250_2026_01_01
12064448,Seelow,12,12064,1,true,true,2026-01-01,BKG_VG250_2026_01_01
12064472,Strausberg,12,12064,1,true,true,2026-01-01,BKG_VG250_2026_01_01
12064480,Treplin,12,12064,1,true,true,2026-01-01,BKG_VG250_2026_01_01
12064482,Vierlinden,12,12064,1,true,true,2026-01-01,BKG_VG250_2026_01_01
12064484,Waldsieversdorf,12,12064,1,true,true,2026-01-01,BKG_VG250_2026_01_01
12064512,Wriezen,12,12064,1,true,true,2026-01-01,BKG_VG250_2026_01_01
12064538,Zechin,12,12064,1,true,true,2026-01-01,BKG_VG250_2026_01_01
12064539,Zeschdorf,12,12064,1,true,true,2026-01-01,BKG_VG250_2026_01_01
12065036,Birkenwerder,12,12065,1,true,true,2026-01-01,BKG_VG250_2026_01_01
12065084,Fürstenberg/Havel,12,12065,1,true,true,2026-01-01,BKG_VG250_2026_01_01
12065096,Glienicke/Nordbahn,12,12065,1,true,true,2026-01-01,BKG_VG250_2026_01_01
12065100,Gransee,12,12065,1,true,true,2026-01-01,BKG_VG250_2026_01_01
12065117,Großwoltersdorf,12,12065,1,true,true,2026-01-01,BKG_VG250_2026_01_01
12065136,Hennigsdorf,12,12065,1,true,true,2026-01-01,BKG_VG250_2026_01_01
12065144,Hohen Neuendorf,12,12065,1,true,true,2026-01-01,BKG_VG250_2026_01_01
12065165,Kremmen,12,12065,1,true,true,2026-01-01,BKG_VG250_2026_01_01
12065180,Leegebruch,12,12065,1,true,true,2026-01-01,BKG_VG250_2026_01_01
12065193,Liebenwalde,12,12065,1,true,true,2026-01-01,BKG_VG250_2026_01_01
12065198,Löwenberger Land,12,12065,1,true,true,2026-01-01,BKG_VG250_2026_01_01
12065225,Mühlenbecker Land,12,12065,1,true,true,2026-01-01,BKG_VG250_2026_01_01
12065251,Oberkrämer,12,12065,1,true,true,2026-01-01,BKG_VG250_2026_01_01
12065256,Oranienburg,12,12065,1,true,true,2026-01-01,BKG_VG250_2026_01_01
12065276,Schönermark,12,12065,1,true,true,2026-01-01,BKG_VG250_2026_01_01
12065301,Sonnenberg,12,12065,1,true,true,2026-01-01,BKG_VG250_2026_01_01
12065310,Stechlin,12,12065,1,true,true,2026-01-01,BKG_VG250_2026_01_01
12065332,Velten,12,12065,1,true,true,2026-01-01,BKG_VG250_2026_01_01
12065356,Zehdenick,12,12065,1,true,true,2026-01-01,BKG_VG250_2026_01_01
12066008,Altdöbern,12,12066,1,true,true,2026-01-01,BKG_VG250_2026_01_01
12066041,Bronkow,12,12066,1,true,true,2026-01-01,BKG_VG250_2026_01_01
12066052,Calau,12,12066,1,true,true,2026-01-01,BKG_VG250_2026_01_01
12066064,Frauendorf,12,12066,1,true,true,2026-01-01,BKG_VG250_2026_01_01
12066104,Großkmehlen,12,12066,1,true,true,2026-01-01,BKG_VG250_2026_01_01
12066112,Großräschen,12,12066,1,true,true,2026-01-01,BKG_VG250_2026_01_01
12066116,Grünewald,12,12066,1,true,true,2026-01-01,BKG_VG250_2026_01_01
12066120,Guteborn,12,12066,1,true,true,2026-01-01,BKG_VG250_2026_01_01
12066124,Hermsdorf,12,12066,1,true,true,2026-01-01,BKG_VG250_2026_01_01
12066132,Hohenbocka,12,12066,1,true,true,2026-01-01,BKG_VG250_2026_01_01
12066168,Kroppen,12,12066,1,true,true,2026-01-01,BKG_VG250_2026_01_01
12066176,Lauchhammer,12,12066,1,true,true,2026-01-01,BKG_VG250_2026_01_01
12066188,Lindenau,12,12066,1,true,true,2026-01-01,BKG_VG250_2026_01_01
12066196,Lübbenau/Spreewald,12,12066,1,true,true,2026-01-01,BKG_VG250_2026_01_01
12066202,Luckaitztal,12,12066,1,true,true,2026-01-01,BKG_VG250_2026_01_01
12066226,Neu-Seeland,12,12066,1,true,true,2026-01-01,BKG_VG250_2026_01_01
12066228,Neupetershain,12,12066,1,true,true,2026-01-01,BKG_VG250_2026_01_01
12066240,Ortrand,12,12066,1,true,true,2026-01-01,BKG_VG250_2026_01_01
12066272,Ruhland,12,12066,1,true,true,2026-01-01,BKG_VG250_2026_01_01
12066285,Schipkau,12,12066,1,true,true,2026-01-01,BKG_VG250_2026_01_01
12066292,Schwarzbach,12,12066,1,true,true,2026-01-01,BKG_VG250_2026_01_01
12066296,Schwarzheide,12,12066,1,true,true,2026-01-01,BKG_VG250_2026_01_01
12066304,Senftenberg,12,12066,1,true,true,2026-01-01,BKG_VG250_2026_01_01
12066316,Tettau,12,12066,1,true,true,2026-01-01,BKG_VG250_2026_01_01
12066320,Vetschau/Spreewald,12,12066,1,true,true,2026-01-01,BKG_VG250_2026_01_01
12067024,Bad Saarow,12,12067,1,true,true,2026-01-01,BKG_VG250_2026_01_01
12067036,Beeskow,12,12067,1,true,true,2026-01-01,BKG_VG250_2026_01_01
12067040,Berkenbrück,12,12067,1,true,true,2026-01-01,BKG_VG250_2026_01_01
12067072,Briesen (Mark),12,12067,1,true,true,2026-01-01,BKG_VG250_2026_01_01
12067076,Brieskow-Finkenheerd,12,12067,1,true,true,2026-01-01,BKG_VG250_2026_01_01
12067112,Diensdorf-Radlow,12,12067,1,true,true,2026-01-01,BKG_VG250_2026_01_01
12067120,Eisenhüttenstadt,12,12067,1,true,true,2026-01-01,BKG_VG250_2026_01_01
12067124,Erkner,12,12067,1,true,true,2026-01-01,BKG_VG250_2026_01_01
12067137,Friedland,12,12067,1,true,true,2026-01-01,BKG_VG250_2026_01_01
12067144,Fürstenwalde/Spree,12,12067,1,true,true,2026-01-01,BKG_VG250_2026_01_01
12067173,Gosen-Neu Zittau,12,12067,1,true,true,2026-01-01,BKG_VG250_2026_01_01
12067180,Groß Lindow,12,12067,1,true,true,2026-01-01,BKG_VG250_2026_01_01
12067201,Grünheide (Mark),12,12067,1,true,true,2026-01-01,BKG_VG250_2026_01_01
12067205,Grunow-Dammendorf,12,12067,1,true,true,2026-01-01,BKG_VG250_2026_01_01
12067237,Jacobsdorf,12,12067,1,true,true,2026-01-01,BKG_VG250_2026_01_01
12067288,Langewahl,12,12067,1,true,true,2026-01-01,BKG_VG250_2026_01_01
12067292,Lawitz,12,12067,1,true,true,2026-01-01,BKG_VG250_2026_01_01
12067324,Mixdorf,12,12067,1,true,true,2026-01-01,BKG_VG250_2026_01_01
12067336,Müllrose,12,12067,1,true,true,2026-01-01,BKG_VG250_2026_01_01
12067338,Neißemünde,12,12067,1,true,true,2026-01-01,BKG_VG250_2026_01_01
12067357,Neuzelle,12,12067,1,true,true,2026-01-01,BKG_VG250_2026_01_01
12067397,Ragow-Merz,12,12067,1,true,true,2026-01-01,BKG_VG250_2026_01_01
12067408,Rauen,12,12067,1,true,true,2026-01-01,BKG_VG250_2026_01_01
12067413,Reichenwalde,12,12067,1,true,true,2026-01-01,BKG_VG250_2026_01_01
12067426,Rietz-Neuendorf,12,12067,1,true,true,2026-01-01,BKG_VG250_2026_01_01
12067438,Schlaubetal,12,12067,1,true,true,2026-01-01,BKG_VG250_2026_01_01
12067440,Schöneiche bei Berlin,12,12067,1,true,true,2026-01-01,BKG_VG250_2026_01_01
12067458,Siehdichum,12,12067,1,true,true,2026-01-01,BKG_VG250_2026_01_01
12067469,Spreenhagen,12,12067,1,true,true,2026-01-01,BKG_VG250_2026_01_01
12067473,Steinhöfel,12,12067,1,true,true,2026-01-01,BKG_VG250_2026_01_01
12067481,Storkow (Mark),12,12067,1,true,true,2026-01-01,BKG_VG250_2026_01_01
12067493,Tauche,12,12067,1,true,true,2026-01-01,BKG_VG250_2026_01_01
12067508,Vogelsang,12,12067,1,true,true,2026-01-01,BKG_VG250_2026_01_01
12067520,Wendisch Rietz,12,12067,1,true,true,2026-01-01,BKG_VG250_2026_01_01
12067528,Wiesenau,12,12067,1,true,true,2026-01-01,BKG_VG250_2026_01_01
12067544,Woltersdorf,12,12067,1,true,true,2026-01-01,BKG_VG250_2026_01_01
12067552,Ziltendorf,12,12067,1,true,true,2026-01-01,BKG_VG250_2026_01_01
12068052,Breddin,12,12068,1,true,true,2026-01-01,BKG_VG250_2026_01_01
12068072,Dabergotz,12,12068,1,true,true,2026-01-01,BKG_VG250_2026_01_01
12068109,Dreetz,12,12068,1,true,true,2026-01-01,BKG_VG250_2026_01_01
12068117,Fehrbellin,12,12068,1,true,true,2026-01-01,BKG_VG250_2026_01_01
12068181,Heiligengrabe,12,12068,1,true,true,2026-01-01,BKG_VG250_2026_01_01
12068188,Herzberg (Mark),12,12068,1,true,true,2026-01-01,BKG_VG250_2026_01_01
12068264,Kyritz,12,12068,1,true,true,2026-01-01,BKG_VG250_2026_01_01
12068280,Lindow (Mark),12,12068,1,true,true,2026-01-01,BKG_VG250_2026_01_01
12068306,Märkisch Linden,12,12068,1,true,true,2026-01-01,BKG_VG250_2026_01_01
12068320,Neuruppin,12,12068,1,true,true,2026-01-01,BKG_VG250_2026_01_01
12068324,Neustadt (Dosse),12,12068,1,true,true,2026-01-01,BKG_VG250_2026_01_01
12068353,Rheinsberg,12,12068,1,true,true,2026-01-01,BKG_VG250_2026_01_01
12068372,Rüthnick,12,12068,1,true,true,2026-01-01,BKG_VG250_2026_01_01
12068409,Sieversdorf-Hohenofen,12,12068,1,true,true,2026-01-01,BKG_VG250_2026_01_01
12068413,Storbeck-Frankendorf,12,12068,1,true,true,2026-01-01,BKG_VG250_2026_01_01
12068417,Stüdenitz-Schönermark,12,12068,1,true,true,2026-01-01,BKG_VG250_2026_01_01
12068425,Temnitzquell,12,12068,1,true,true,2026-01-01,BKG_VG250_2026_01_01
12068426,Temnitztal,12,12068,1,true,true,2026-01-01,BKG_VG250_2026_01_01
12068437,Vielitzsee,12,12068,1,true,true,2026-01-01,BKG_VG250_2026_01_01
12068452,Walsleben,12,12068,1,true,true,2026-01-01,BKG_VG250_2026_01_01
12068468,Wittstock/Dosse,12,12068,1,true,true,2026-01-01,BKG_VG250_2026_01_01
12068477,Wusterhausen/Dosse,12,12068,1,true,true,2026-01-01,BKG_VG250_2026_01_01
12068501,Zernitz-Lohm,12,12068,1,true,true,2026-01-01,BKG_VG250_2026_01_01
12069017,Beelitz,12,12069,1,true,true,2026-01-01,BKG_VG250_2026_01_01
12069018,Beetzsee,12,12069,1,true,true,2026-01-01,BKG_VG250_2026_01_01
12069019,Beetzseeheide,12,12069,1,true,true,2026-01-01,BKG_VG250_2026_01_01
12069020,Bad Belzig,12,12069,1,true,true,2026-01-01,BKG_VG250_2026_01_01
12069028,Bensdorf,12,12069,1,true,true,2026-01-01,BKG_VG250_2026_01_01
12069052,Borkheide,12,12069,1,true,true,2026-01-01,BKG_VG250_2026_01_01
12069056,Borkwalde,12,12069,1,true,true,2026-01-01,BKG_VG250_2026_01_01
12069076,Brück,12,12069,1,true,true,2026-01-01,BKG_VG250_2026_01_01
12069089,Buckautal,12,12069,1,true,true,2026-01-01,BKG_VG250_2026_01_01
12069216,Golzow,12,12069,1,true,true,2026-01-01,BKG_VG250_2026_01_01
12069224,Görzke,12,12069,1,true,true,2026-01-01,BKG_VG250_2026_01_01
12069232,Gräben,12,12069,1,true,true,2026-01-01,BKG_VG250_2026_01_01
12069249,Groß Kreutz (Havel),12,12069,1,true,true,2026-01-01,BKG_VG250_2026_01_01
12069270,Havelsee,12,12069,1,true,true,2026-01-01,BKG_VG250_2026_01_01
12069304,Kleinmachnow,12,12069,1,true,true,2026-01-01,BKG_VG250_2026_01_01
12069306,Kloster Lehnin,12,12069,1,true,true,2026-01-01,BKG_VG250_2026_01_01
12069345,Linthe,12,12069,1,true,true,2026-01-01,BKG_VG250_2026_01_01
12069397,Michendorf,12,12069,1,true,true,2026-01-01,BKG_VG250_2026_01_01
12069402,Mühlenfließ,12,12069,1,true,true,2026-01-01,BKG_VG250_2026_01_01
12069448,Niemegk,12,12069,1,true,true,2026-01-01,BKG_VG250_2026_01_01
12069454,Nuthetal,12,12069,1,true,true,2026-01-01,BKG_VG250_2026_01_01
12069460,Päwesin,12,12069,1,true,true,2026-01-01,BKG_VG250_2026_01_01
12069470,Planebruch,12,12069,1,true,true,2026-01-01,BKG_VG250_2026_01_01
12069474,Planetal,12,12069,1,true,true,2026-01-01,BKG_VG250_2026_01_01
12069485,Rabenstein/Fläming,12,12069,1,true,true,2026-01-01,BKG_VG250_2026_01_01
12069537,Rosenau,12,12069,1,true,true,2026-01-01,BKG_VG250_2026_01_01
12069541,Roskow,12,12069,1,true,true,2026-01-01,BKG_VG250_2026_01_01
12069590,Schwielowsee,12,12069,1,true,true,2026-01-01,BKG_VG250_2026_01_01
12069596,Seddiner See,12,12069,1,true,true,2026-01-01,BKG_VG250_2026_01_01
12069604,Stahnsdorf,12,12069,1,true,true,2026-01-01,BKG_VG250_2026_01_01
12069616,Teltow,12,12069,1,true,true,2026-01-01,BKG_VG250_2026_01_01
12069632,Treuenbrietzen,12,12069,1,true,true,2026-01-01,BKG_VG250_2026_01_01
12069648,Wenzlow,12,12069,1,true,true,2026-01-01,BKG_VG250_2026_01_01
12069656,Werder (Havel),12,12069,1,true,true,2026-01-01,BKG_VG250_2026_01_01
12069665,Wiesenburg/Mark,12,12069,1,true,true,2026-01-01,BKG_VG250_2026_01_01
12069680,Wollin,12,12069,1,true,true,2026-01-01,BKG_VG250_2026_01_01
12069688,Wusterwitz,12,12069,1,true,true,2026-01-01,BKG_VG250_2026_01_01
12069696,Ziesar,12,12069,1,true,true,2026-01-01,BKG_VG250_2026_01_01
12070008,Bad Wilsnack,12,12070,1,true,true,2026-01-01,BKG_VG250_2026_01_01
12070028,Berge,12,12070,1,true,true,2026-01-01,BKG_VG250_2026_01_01
12070052,Breese,12,12070,1,true,true,2026-01-01,BKG_VG250_2026_01_01
12070060,Cumlosen,12,12070,1,true,true,2026-01-01,BKG_VG250_2026_01_01
12070096,Gerdshagen,12,12070,1,true,true,2026-01-01,BKG_VG250_2026_01_01
12070125,Groß Pankow (Prignitz),12,12070,1,true,true,2026-01-01,BKG_VG250_2026_01_01
12070145,Gülitz-Reetz,12,12070,1,true,true,2026-01-01,BKG_VG250_2026_01_01
12070149,Gumtow,12,12070,1,true,true,2026-01-01,BKG_VG250_2026_01_01
12070153,Halenbeck-Rohlsdorf,12,12070,1,true,true,2026-01-01,BKG_VG250_2026_01_01
12070173,Karstädt,12,12070,1,true,true,2026-01-01,BKG_VG250_2026_01_01
12070222,Kümmernitztal,12,12070,1,true,true,2026-01-01,BKG_VG250_2026_01_01
12070236,Lanz,12,12070,1,true,true,2026-01-01,BKG_VG250_2026_01_01
12070241,Legde/Quitzöbel,12,12070,1,true,true,2026-01-01,BKG_VG250_2026_01_01
12070244,Lenzen (Elbe),12,12070,1,true,true,2026-01-01,BKG_VG250_2026_01_01
12070246,Lenzerwische,12,12070,1,true,true,2026-01-01,BKG_VG250_2026_01_01
12070266,Marienfließ,12,12070,1,true,true,2026-01-01,BKG_VG250_2026_01_01
12070280,Meyenburg,12,12070,1,true,true,2026-01-01,BKG_VG250_2026_01_01
12070296,Perleberg,12,12070,1,true,true,2026-01-01,BKG_VG250_2026_01_01
12070300,Pirow,12,12070,1,true,true,2026-01-01,BKG_VG250_2026_01_01
12070302,Plattenburg,12,12070,1,true,true,2026-01-01,BKG_VG250_2026_01_01
12070316,Pritzwalk,12,12070,1,true,true,2026-01-01,BKG_VG250_2026_01_01
12070325,Putlitz,12,12070,1,true,true,2026-01-01,BKG_VG250_2026_01_01
12070348,Rühstädt,12,12070,1,true,true,2026-01-01,BKG_VG250_2026_01_01
12070393,Triglitz,12,12070,1,true,true,2026-01-01,BKG_VG250_2026_01_01
12070416,Weisen,12,12070,1,true,true,2026-01-01,BKG_VG250_2026_01_01
12070424,Wittenberge,12,12070,1,true,true,2026-01-01,BKG_VG250_2026_01_01
12071028,Briesen,12,12071,1,true,true,2026-01-01,BKG_VG250_2026_01_01
12071032,Burg (Spreewald),12,12071,1,true,true,2026-01-01,BKG_VG250_2026_01_01
12071041,Dissen-Striesow,12,12071,1,true,true,2026-01-01,BKG_VG250_2026_01_01
12071044,Döbern,12,12071,1,true,true,2026-01-01,BKG_VG250_2026_01_01
12071052,Drachhausen,12,12071,1,true,true,2026-01-01,BKG_VG250_2026_01_01
12071057,Drebkau,12,12071,1,true,true,2026-01-01,BKG_VG250_2026_01_01
12071060,Drehnow,12,12071,1,true,true,2026-01-01,BKG_VG250_2026_01_01
12071074,Felixsee,12,12071,1,true,true,2026-01-01,BKG_VG250_2026_01_01
12071076,Forst (Lausitz),12,12071,1,true,true,2026-01-01,BKG_VG250_2026_01_01
12071153,Groß Schacksdorf-Simmersdorf,12,12071,1,true,true,2026-01-01,BKG_VG250_2026_01_01
12071160,Guben,12,12071,1,true,true,2026-01-01,BKG_VG250_2026_01_01
12071164,Guhrow,12,12071,1,true,true,2026-01-01,BKG_VG250_2026_01_01
12071176,Heinersbrück,12,12071,1,true,true,2026-01-01,BKG_VG250_2026_01_01
12071189,Jämlitz-Klein Düben,12,12071,1,true,true,2026-01-01,BKG_VG250_2026_01_01
12071193,Jänschwalde,12,12071,1,true,true,2026-01-01,BKG_VG250_2026_01_01
12071244,Kolkwitz,12,12071,1,true,true,2026-01-01,BKG_VG250_2026_01_01
12071294,Neiße-Malxetal,12,12071,1,true,true,2026-01-01,BKG_VG250_2026_01_01
12071301,Neuhausen/Spree,12,12071,1,true,true,2026-01-01,BKG_VG250_2026_01_01
12071304,Peitz,12,12071,1,true,true,2026-01-01,BKG_VG250_2026_01_01
12071337,Schenkendöbern,12,12071,1,true,true,2026-01-01,BKG_VG250_2026_01_01
12071341,Schmogrow-Fehrow,12,12071,1,true,true,2026-01-01,BKG_VG250_2026_01_01
12071372,Spremberg,12,12071,1,true,true,2026-01-01,BKG_VG250_2026_01_01
12071384,Tauer,12,12071,1,true,true,2026-01-01,BKG_VG250_2026_01_01
12071386,Teichland,12,12071,1,true,true,2026-01-01,BKG_VG250_2026_01_01
12071392,Tschernitz,12,12071,1,true,true,2026-01-01,BKG_VG250_2026_01_01
12071401,Turnow-Preilack,12,12071,1,true,true,2026-01-01,BKG_VG250_2026_01_01
12071408,Welzow,12,12071,1,true,true,2026-01-01,BKG_VG250_2026_01_01
12071412,Werben,12,12071,1,true,true,2026-01-01,BKG_VG250_2026_01_01
12071414,Wiesengrund,12,12071,1,true,true,2026-01-01,BKG_VG250_2026_01_01
12072002,Am Mellensee,12,12072,1,true,true,2026-01-01,BKG_VG250_2026_01_01
12072014,Baruth/Mark,12,12072,1,true,true,2026-01-01,BKG_VG250_2026_01_01
12072017,Blankenfelde-Mahlow,12,12072,1,true,true,2026-01-01,BKG_VG250_2026_01_01
12072053,Dahme/Mark,12,12072,1,true,true,2026-01-01,BKG_VG250_2026_01_01
12072055,Dahmetal,12,12072,1,true,true,2026-01-01,BKG_VG250_2026_01_01
12072120,Großbeeren,12,12072,1,true,true,2026-01-01,BKG_VG250_2026_01_01
12072157,Ihlow,12,12072,1,true,true,2026-01-01,BKG_VG250_2026_01_01
12072169,Jüterbog,12,12072,1,true,true,2026-01-01,BKG_VG250_2026_01_01
12072232,Luckenwalde,12,12072,1,true,true,2026-01-01,BKG_VG250_2026_01_01
12072240,Ludwigsfelde,12,12072,1,true,true,2026-01-01,BKG_VG250_2026_01_01
12072297,Niedergörsdorf,12,12072,1,true,true,2026-01-01,BKG_VG250_2026_01_01
12072298,Niederer Fläming,12,12072,1,true,true,2026-01-01,BKG_VG250_2026_01_01
12072312,Nuthe-Urstromtal,12,12072,1,true,true,2026-01-01,BKG_VG250_2026_01_01
12072340,Rangsdorf,12,12072,1,true,true,2026-01-01,BKG_VG250_2026_01_01
12072426,Trebbin,12,12072,1,true,true,2026-01-01,BKG_VG250_2026_01_01
12072477,Zossen,12,12072,1,true,true,2026-01-01,BKG_VG250_2026_01_01
12073008,Angermünde,12,12073,1,true,true,2026-01-01,BKG_VG250_2026_01_01
12073069,Boitzenburger Land,12,12073,1,true,true,2026-01-01,BKG_VG250_2026_01_01
12073085,Brüssow,12,12073,1,true,true,2026-01-01,BKG_VG250_2026_01_01
12073093,Carmzow-Wallmow,12,12073,1,true,true,2026-01-01,BKG_VG250_2026_01_01
12073097,Casekow,12,12073,1,true,true,2026-01-01,BKG_VG250_2026_01_01
12073157,Flieth-Stegelitz,12,12073,1,true,true,2026-01-01,BKG_VG250_2026_01_01
12073189,Gartz (Oder),12,12073,1,true,true,2026-01-01,BKG_VG250_2026_01_01
12073201,Gerswalde,12,12073,1,true,true,2026-01-01,BKG_VG250_2026_01_01
12073216,Göritz,12,12073,1,true,true,2026-01-01,BKG_VG250_2026_01_01
12073225,Gramzow,12,12073,1,true,true,2026-01-01,BKG_VG250_2026_01_01
12073261,Grünow,12,12073,1,true,true,2026-01-01,BKG_VG250_2026_01_01
12073309,Hohenselchow-Groß Pinnow,12,12073,1,true,true,2026-01-01,BKG_VG250_2026_01_01
12073384,Lychen,12,12073,1,true,true,2026-01-01,BKG_VG250_2026_01_01
12073393,Mescherin,12,12073,1,true,true,2026-01-01,BKG_VG250_2026_01_01
12073396,Milmersdorf,12,12073,1,true,true,2026-01-01,BKG_VG250_2026_01_01
12073404,Mittenwalde,12,12073,1,true,true,2026-01-01,BKG_VG250_2026_01_01
12073429,Nordwestuckermark,12,12073,1,true,true,2026-01-01,BKG_VG250_2026_01_01
12073430,Oberuckersee,12,12073,1,true,true,2026-01-01,BKG_VG250_2026_01_01
12073440,Pinnow,12,12073,1,true,true,2026-01-01,BKG_VG250_2026_01_01
12073452,Prenzlau,12,12073,1,true,true,2026-01-01,BKG_VG250_2026_01_01
12073458,Randowtal,12,12073,1,true,true,2026-01-01,BKG_VG250_2026_01_01
12073490,Schenkenberg,12,12073,1,true,true,2026-01-01,BKG_VG250_2026_01_01
12073520,Schönfeld,12,12073,1,true,true,2026-01-01,BKG_VG250_2026_01_01
12073532,Schwedt/Oder,12,12073,1,true,true,2026-01-01,BKG_VG250_2026_01_01
12073565,Tantow,12,12073,1,true,true,2026-01-01,BKG_VG250_2026_01_01
12073569,Temmen-Ringenwalde,12,12073,1,true,true,2026-01-01,BKG_VG250_2026_01_01
12073572,Templin,12,12073,1,true,true,2026-01-01,BKG_VG250_2026_01_01
12073578,Uckerfelde,12,12073,1,true,true,2026-01-01,BKG_VG250_2026_01_01
12073579,Uckerland,12,12073,1,true,true,2026-01-01,BKG_VG250_2026_01_01
12073645,Zichow,12,12073,1,true,true,2026-01-01,BKG_VG250_2026_01_01
13003000,Rostock,13,13003,2,true,true,2026-01-01,BKG_VG250_2026_01_01
13004000,Schwerin,13,13004,1,true,true,2026-01-01,BKG_VG250_2026_01_01
13071001,Alt Schwerin,13,13071,1,true,true,2026-01-01,BKG_VG250_2026_01_01
13071002,Altenhagen,13,13071,1,true,true,2026-01-01,BKG_VG250_2026_01_01
13071003,Altenhof,13,13071,1,true,true,2026-01-01,BKG_VG250_2026_01_01
13071004,Altentreptow,13,13071,1,true,true,2026-01-01,BKG_VG250_2026_01_01
13071005,Ankershagen,13,13071,1,true,true,2026-01-01,BKG_VG250_2026_01_01
13071006,Bartow,13,13071,1,true,true,2026-01-01,BKG_VG250_2026_01_01
13071007,Basedow,13,13071,1,true,true,2026-01-01,BKG_VG250_2026_01_01
13071008,Beggerow,13,13071,1,true,true,2026-01-01,BKG_VG250_2026_01_01
13071009,Beseritz,13,13071,1,true,true,2026-01-01,BKG_VG250_2026_01_01
13071010,Blankenhof,13,13071,1,true,true,2026-01-01,BKG_VG250_2026_01_01
13071011,Blankensee,13,13071,1,true,true,2026-01-01,BKG_VG250_2026_01_01
13071012,Blumenholz,13,13071,1,true,true,2026-01-01,BKG_VG250_2026_01_01
13071013,Bollewick,13,13071,1,true,true,2026-01-01,BKG_VG250_2026_01_01
13071014,Borrentin,13,13071,1,true,true,2026-01-01,BKG_VG250_2026_01_01
13071015,Bredenfelde,13,13071,1,true,true,2026-01-01,BKG_VG250_2026_01_01
13071016,Breesen,13,13071,1,true,true,2026-01-01,BKG_VG250_2026_01_01
13071018,Briggow,13,13071,1,true,true,2026-01-01,BKG_VG250_2026_01_01
13071019,Brunn,13,13071,1,true,true,2026-01-01,BKG_VG250_2026_01_01
13071020,Buchholz,13,13071,1,true,true,2026-01-01,BKG_VG250_2026_01_01
13071021,Burg Stargard,13,13071,1,true,true,2026-01-01,BKG_VG250_2026_01_01
13071022,Burow,13,13071,1,true,true,2026-01-01,BKG_VG250_2026_01_01
13071023,Bütow,13,13071,1,true,true,2026-01-01,BKG_VG250_2026_01_01
13071025,Carpin,13,13071,1,true,true,2026-01-01,BKG_VG250_2026_01_01
13071026,Cölpin,13,13071,1,true,true,2026-01-01,BKG_VG250_2026_01_01
13071027,Dargun,13,13071,1,true,true,2026-01-01,BKG_VG250_2026_01_01
13071028,Datzetal,13,13071,1,true,true,2026-01-01,BKG_VG250_2026_01_01
13071029,Demmin,13,13071,1,true,true,2026-01-01,BKG_VG250_2026_01_01
13071032,Faulenrost,13,13071,1,true,true,2026-01-01,BKG_VG250_2026_01_01
13071033,Feldberger Seenlandschaft,13,13071,1,true,true,2026-01-01,BKG_VG250_2026_01_01
13071034,Fincken,13,13071,1,true,true,2026-01-01,BKG_VG250_2026_01_01
13071035,Friedland,13,13071,1,true,true,2026-01-01,BKG_VG250_2026_01_01
13071036,Fünfseen,13,13071,1,true,true,2026-01-01,BKG_VG250_2026_01_01
13071037,Galenbeck,13,13071,1,true,true,2026-01-01,BKG_VG250_2026_01_01
13071039,Gielow,13,13071,1,true,true,2026-01-01,BKG_VG250_2026_01_01
13071041,Gnevkow,13,13071,1,true,true,2026-01-01,BKG_VG250_2026_01_01
13071042,Godendorf,13,13071,1,true,true,2026-01-01,BKG_VG250_2026_01_01
13071043,Göhren-Lebbin,13,13071,1,true,true,2026-01-01,BKG_VG250_2026_01_01
13071044,Golchen,13,13071,1,true,true,2026-01-01,BKG_VG250_2026_01_01
13071045,Gotthun,13,13071,1,true,true,2026-01-01,BKG_VG250_2026_01_01
13071047,Grabowhöfe,13,13071,1,true,true,2026-01-01,BKG_VG250_2026_01_01
13071048,Grammentin,13,13071,1,true,true,2026-01-01,BKG_VG250_2026_01_01
13071049,Grapzow,13,13071,1,true,true,2026-01-01,BKG_VG250_2026_01_01
13071050,Grischow,13,13071,1,true,true,2026-01-01,BKG_VG250_2026_01_01
13071053,Groß Kelle,13,13071,1,true,true,2026-01-01,BKG_VG250_2026_01_01
13071054,Groß Miltzow,13,13071,1,true,true,2026-01-01,BKG_VG250_2026_01_01
13071055,Groß Nemerow,13,13071,1,true,true,2026-01-01,BKG_VG250_2026_01_01
13071056,Groß Plasten,13,13071,1,true,true,2026-01-01,BKG_VG250_2026_01_01
13071057,Groß Teetzleben,13,13071,1,true,true,2026-01-01,BKG_VG250_2026_01_01
13071058,Grünow,13,13071,1,true,true,2026-01-01,BKG_VG250_2026_01_01
13071059,Gültz,13,13071,1,true,true,2026-01-01,BKG_VG250_2026_01_01
13071060,Gülzow,13,13071,1,true,true,2026-01-01,BKG_VG250_2026_01_01
13071063,Hohen Wangelin,13,13071,1,true,true,2026-01-01,BKG_VG250_2026_01_01
13071064,Hohenbollentin,13,13071,1,true,true,2026-01-01,BKG_VG250_2026_01_01
13071065,Hohenmocker,13,13071,1,true,true,2026-01-01,BKG_VG250_2026_01_01
13071066,Hohenzieritz,13,13071,1,true,true,2026-01-01,BKG_VG250_2026_01_01
13071067,Holldorf,13,13071,1,true,true,2026-01-01,BKG_VG250_2026_01_01
13071068,Ivenack,13,13071,1,true,true,2026-01-01,BKG_VG250_2026_01_01
13071069,Jabel,13,13071,1,true,true,2026-01-01,BKG_VG250_2026_01_01
13071070,Jürgenstorf,13,13071,1,true,true,2026-01-01,BKG_VG250_2026_01_01
13071071,Kargow,13,13071,1,true,true,2026-01-01,BKG_VG250_2026_01_01
13071072,Kentzlin,13,13071,1,true,true,2026-01-01,BKG_VG250_2026_01_01
13071073,Kieve,13,13071,1,true,true,2026-01-01,BKG_VG250_2026_01_01
13071074,Kittendorf,13,13071,1,true,true,2026-01-01,BKG_VG250_2026_01_01
13071075,Klein Vielen,13,13071,1,true,true,2026-01-01,BKG_VG250_2026_01_01
13071076,Kletzin,13,13071,1,true,true,2026-01-01,BKG_VG250_2026_01_01
13071077,Klink,13,13071,1,true,true,2026-01-01,BKG_VG250_2026_01_01
13071078,Klocksin,13,13071,1,true,true,2026-01-01,BKG_VG250_2026_01_01
13071079,Knorrendorf,13,13071,1,true,true,2026-01-01,BKG_VG250_2026_01_01
13071080,Kratzeburg,13,13071,1,true,true,2026-01-01,BKG_VG250_2026_01_01
13071081,Kriesow,13,13071,1,true,true,2026-01-01,BKG_VG250_2026_01_01
13071083,Kublank,13,13071,1,true,true,2026-01-01,BKG_VG250_2026_01_01
13071084,Kummerow,13,13071,1,true,true,2026-01-01,BKG_VG250_2026_01_01
13071087,Lärz,13,13071,1,true,true,2026-01-01,BKG_VG250_2026_01_01
13071088,Leizen,13,13071,1,true,true,2026-01-01,BKG_VG250_2026_01_01
13071089,Lindenberg,13,13071,1,true,true,2026-01-01,BKG_VG250_2026_01_01
13071090,Lindetal,13,13071,1,true,true,2026-01-01,BKG_VG250_2026_01_01
13071092,Malchin,13,13071,1,true,true,2026-01-01,BKG_VG250_2026_01_01
13071093,Malchow,13,13071,1,true,true,2026-01-01,BKG_VG250_2026_01_01
13071096,Meesiger,13,13071,1,true,true,2026-01-01,BKG_VG250_2026_01_01
13071097,Melz,13,13071,1,true,true,2026-01-01,BKG_VG250_2026_01_01
13071099,Mirow,13,13071,1,true,true,2026-01-01,BKG_VG250_2026_01_01
13071100,Möllenbeck,13,13071,1,true,true,2026-01-01,BKG_VG250_2026_01_01
13071101,Möllenhagen,13,13071,1,true,true,2026-01-01,BKG_VG250_2026_01_01
13071102,Mölln,13,13071,1,true,true,2026-01-01,BKG_VG250_2026_01_01
13071103,Moltzow,13,13071,1,true,true,2026-01-01,BKG_VG250_2026_01_01
13071104,Neddemin,13,13071,1,true,true,2026-01-01,BKG_VG250_2026_01_01
13071105,Neetzka,13,13071,1,true,true,2026-01-01,BKG_VG250_2026_01_01
13071107,Neubrandenburg,13,13071,1,true,true,2026-01-01,BKG_VG250_2026_01_01
13071108,Neuenkirchen,13,13071,1,true,true,2026-01-01,BKG_VG250_2026_01_01
13071109,Neukalen,13,13071,1,true,true,2026-01-01,BKG_VG250_2026_01_01
13071110,Neustrelitz,13,13071,1,true,true,2026-01-01,BKG_VG250_2026_01_01
13071111,Neverin,13,13071,1,true,true,2026-01-01,BKG_VG250_2026_01_01
13071112,Nossendorf,13,13071,1,true,true,2026-01-01,BKG_VG250_2026_01_01
13071113,Nossentiner Hütte,13,13071,1,true,true,2026-01-01,BKG_VG250_2026_01_01
13071115,Penzlin,13,13071,1,true,true,2026-01-01,BKG_VG250_2026_01_01
13071117,Pragsdorf,13,13071,1,true,true,2026-01-01,BKG_VG250_2026_01_01
13071118,Priborn,13,13071,1,true,true,2026-01-01,BKG_VG250_2026_01_01
13071119,Priepert,13,13071,1,true,true,2026-01-01,BKG_VG250_2026_01_01
13071120,Pripsleben,13,13071,1,true,true,2026-01-01,BKG_VG250_2026_01_01
13071122,Rechlin,13,13071,1,true,true,2026-01-01,BKG_VG250_2026_01_01
13071123,Ritzerow,13,13071,1,true,true,2026-01-01,BKG_VG250_2026_01_01
13071124,Röbel/Müritz,13,13071,1,true,true,2026-01-01,BKG_VG250_2026_01_01
13071125,Röckwitz,13,13071,1,true,true,2026-01-01,BKG_VG250_2026_01_01
13071127,Rosenow,13,13071,1,true,true,2026-01-01,BKG_VG250_2026_01_01
13071128,Sarow,13,13071,1,true,true,2026-01-01,BKG_VG250_2026_01_01
13071130,Schönbeck,13,13071,1,true,true,2026-01-01,BKG_VG250_2026_01_01
13071131,Schönfeld,13,13071,1,true,true,2026-01-01,BKG_VG250_2026_01_01
13071132,Schönhausen,13,13071,1,true,true,2026-01-01,BKG_VG250_2026_01_01
13071133,Schwarz,13,13071,1,true,true,2026-01-01,BKG_VG250_2026_01_01
13071135,Siedenbollentin,13,13071,1,true,true,2026-01-01,BKG_VG250_2026_01_01
13071136,Siedenbrünzow,13,13071,1,true,true,2026-01-01,BKG_VG250_2026_01_01
13071137,Sietow,13,13071,1,true,true,2026-01-01,BKG_VG250_2026_01_01
13071138,Silz,13,13071,1,true,true,2026-01-01,BKG_VG250_2026_01_01
13071139,Sommersdorf,13,13071,1,true,true,2026-01-01,BKG_VG250_2026_01_01
13071140,Sponholz,13,13071,1,true,true,2026-01-01,BKG_VG250_2026_01_01
13071141,Staven,13,13071,1,true,true,2026-01-01,BKG_VG250_2026_01_01
13071142,Stavenhagen,13,13071,1,true,true,2026-01-01,BKG_VG250_2026_01_01
13071143,Stuer,13,13071,1,true,true,2026-01-01,BKG_VG250_2026_01_01
13071144,Torgelow am See,13,13071,1,true,true,2026-01-01,BKG_VG250_2026_01_01
13071145,Trollenhagen,13,13071,1,true,true,2026-01-01,BKG_VG250_2026_01_01
13071146,Tützpatz,13,13071,1,true,true,2026-01-01,BKG_VG250_2026_01_01
13071147,Userin,13,13071,1,true,true,2026-01-01,BKG_VG250_2026_01_01
13071148,Utzedel,13,13071,1,true,true,2026-01-01,BKG_VG250_2026_01_01
13071150,Verchen,13,13071,1,true,true,2026-01-01,BKG_VG250_2026_01_01
13071153,Voigtsdorf,13,13071,1,true,true,2026-01-01,BKG_VG250_2026_01_01
13071154,Vollrathsruhe,13,13071,1,true,true,2026-01-01,BKG_VG250_2026_01_01
13071155,Walow,13,13071,1,true,true,2026-01-01,BKG_VG250_2026_01_01
13071156,Waren (Müritz),13,13071,1,true,true,2026-01-01,BKG_VG250_2026_01_01
13071157,Warrenzin,13,13071,1,true,true,2026-01-01,BKG_VG250_2026_01_01
13071158,Werder,13,13071,1,true,true,2026-01-01,BKG_VG250_2026_01_01
13071159,Wesenberg,13,13071,1,true,true,2026-01-01,BKG_VG250_2026_01_01
13071160,Wildberg,13,13071,1,true,true,2026-01-01,BKG_VG250_2026_01_01
13071161,Woggersin,13,13071,1,true,true,2026-01-01,BKG_VG250_2026_01_01
13071162,Wokuhl-Dabelow,13,13071,1,true,true,2026-01-01,BKG_VG250_2026_01_01
13071163,Wolde,13,13071,1,true,true,2026-01-01,BKG_VG250_2026_01_01
13071164,Woldegk,13,13071,1,true,true,2026-01-01,BKG_VG250_2026_01_01
13071166,Wulkenzin,13,13071,1,true,true,2026-01-01,BKG_VG250_2026_01_01
13071167,Wustrow,13,13071,1,true,true,2026-01-01,BKG_VG250_2026_01_01
13071169,Zettemin,13,13071,1,true,true,2026-01-01,BKG_VG250_2026_01_01
13071170,Zirzow,13,13071,1,true,true,2026-01-01,BKG_VG250_2026_01_01
13071171,Zislow,13,13071,1,true,true,2026-01-01,BKG_VG250_2026_01_01
13071172,Peenehagen,13,13071,1,true,true,2026-01-01,BKG_VG250_2026_01_01
13071173,Kuckssee,13,13071,1,true,true,2026-01-01,BKG_VG250_2026_01_01
13071174,Schloen-Dratow,13,13071,1,true,true,2026-01-01,BKG_VG250_2026_01_01
13071175,Eldetal,13,13071,1,true,true,2026-01-01,BKG_VG250_2026_01_01
13071176,Südmüritz,13,13071,1,true,true,2026-01-01,BKG_VG250_2026_01_01
13072001,Admannshagen-Bargeshagen,13,13072,1,true,true,2026-01-01,BKG_VG250_2026_01_01
13072002,Alt Bukow,13,13072,1,true,true,2026-01-01,BKG_VG250_2026_01_01
13072003,Alt Sührkow,13,13072,1,true,true,2026-01-01,BKG_VG250_2026_01_01
13072004,Altkalen,13,13072,1,true,true,2026-01-01,BKG_VG250_2026_01_01
13072005,Am Salzhaff,13,13072,1,true,true,2026-01-01,BKG_VG250_2026_01_01
13072006,Bad Doberan,13,13072,1,true,true,2026-01-01,BKG_VG250_2026_01_01
13072007,Bartenshagen-Parkentin,13,13072,1,true,true,2026-01-01,BKG_VG250_2026_01_01
13072008,Bastorf,13,13072,1,true,true,2026-01-01,BKG_VG250_2026_01_01
13072009,Baumgarten,13,13072,1,true,true,2026-01-01,BKG_VG250_2026_01_01
13072010,Behren-Lübchin,13,13072,1,true,true,2026-01-01,BKG_VG250_2026_01_01
13072011,Benitz,13,13072,1,true,true,2026-01-01,BKG_VG250_2026_01_01
13072012,Bentwisch,13,13072,1,true,true,2026-01-01,BKG_VG250_2026_01_01
13072013,Bernitt,13,13072,1,true,true,2026-01-01,BKG_VG250_2026_01_01
13072014,Biendorf,13,13072,1,true,true,2026-01-01,BKG_VG250_2026_01_01
13072015,Blankenhagen,13,13072,1,true,true,2026-01-01,BKG_VG250_2026_01_01
13072017,Börgerende-Rethwisch,13,13072,1,true,true,2026-01-01,BKG_VG250_2026_01_01
13072018,Bröbberow,13,13072,1,true,true,2026-01-01,BKG_VG250_2026_01_01
13072019,Broderstorf,13,13072,1,true,true,2026-01-01,BKG_VG250_2026_01_01
13072020,Bützow,13,13072,1,true,true,2026-01-01,BKG_VG250_2026_01_01
13072021,Cammin,13,13072,1,true,true,2026-01-01,BKG_VG250_2026_01_01
13072022,Carinerland,13,13072,1,true,true,2026-01-01,BKG_VG250_2026_01_01
13072023,Dahmen,13,13072,1,true,true,2026-01-01,BKG_VG250_2026_01_01
13072024,Dalkendorf,13,13072,1,true,true,2026-01-01,BKG_VG250_2026_01_01
13072026,Dobbin-Linstow,13,13072,1,true,true,2026-01-01,BKG_VG250_2026_01_01
13072027,Dolgen am See,13,13072,1,true,true,2026-01-01,BKG_VG250_2026_01_01
13072028,Dreetz,13,13072,1,true,true,2026-01-01,BKG_VG250_2026_01_01
13072029,Dummerstorf,13,13072,1,true,true,2026-01-01,BKG_VG250_2026_01_01
13072030,Elmenhorst/Lichtenhagen,13,13072,1,true,true,2026-01-01,BKG_VG250_2026_01_01
13072031,Finkenthal,13,13072,1,true,true,2026-01-01,BKG_VG250_2026_01_01
13072032,Gelbensande,13,13072,1,true,true,2026-01-01,BKG_VG250_2026_01_01
13072033,Glasewitz,13,13072,1,true,true,2026-01-01,BKG_VG250_2026_01_01
13072034,Gnewitz,13,13072,1,true,true,2026-01-01,BKG_VG250_2026_01_01
13072035,Gnoien,13,13072,1,true,true,2026-01-01,BKG_VG250_2026_01_01
13072036,Graal-Müritz,13,13072,1,true,true,2026-01-01,BKG_VG250_2026_01_01
13072037,Grammow,13,13072,1,true,true,2026-01-01,BKG_VG250_2026_01_01
13072038,Groß Roge,13,13072,1,true,true,2026-01-01,BKG_VG250_2026_01_01
13072039,Groß Schwiesow,13,13072,1,true,true,2026-01-01,BKG_VG250_2026_01_01
13072040,Groß Wokern,13,13072,1,true,true,2026-01-01,BKG_VG250_2026_01_01
13072041,Groß Wüstenfelde,13,13072,1,true,true,2026-01-01,BKG_VG250_2026_01_01
13072042,Gülzow-Prüzen,13,13072,1,true,true,2026-01-01,BKG_VG250_2026_01_01
13072043,Güstrow,13,13072,1,true,true,2026-01-01,BKG_VG250_2026_01_01
13072044,Gutow,13,13072,1,true,true,2026-01-01,BKG_VG250_2026_01_01
13072045,Hohen Demzin,13,13072,1,true,true,2026-01-01,BKG_VG250_2026_01_01
13072046,Hohen Sprenz,13,13072,1,true,true,2026-01-01,BKG_VG250_2026_01_01
13072047,Hohenfelde,13,13072,1,true,true,2026-01-01,BKG_VG250_2026_01_01
13072048,Hoppenrade,13,13072,1,true,true,2026-01-01,BKG_VG250_2026_01_01
13072049,Jördenstorf,13,13072,1,true,true,2026-01-01,BKG_VG250_2026_01_01
13072050,Jürgenshagen,13,13072,1,true,true,2026-01-01,BKG_VG250_2026_01_01
13072051,Kassow,13,13072,1,true,true,2026-01-01,BKG_VG250_2026_01_01
13072053,Klein Belitz,13,13072,1,true,true,2026-01-01,BKG_VG250_2026_01_01
13072055,Klein Upahl,13,13072,1,true,true,2026-01-01,BKG_VG250_2026_01_01
13072056,Krakow am See,13,13072,1,true,true,2026-01-01,BKG_VG250_2026_01_01
13072057,Kritzmow,13,13072,1,true,true,2026-01-01,BKG_VG250_2026_01_01
13072058,Kröpelin,13,13072,1,true,true,2026-01-01,BKG_VG250_2026_01_01
13072059,Kuchelmiß,13,13072,1,true,true,2026-01-01,BKG_VG250_2026_01_01
13072060,Kühlungsborn,13,13072,2,true,true,2026-01-01,BKG_VG250_2026_01_01
13072061,Kuhs,13,13072,1,true,true,2026-01-01,BKG_VG250_2026_01_01
13072062,Laage,13,13072,1,true,true,2026-01-01,BKG_VG250_2026_01_01
13072063,Lalendorf,13,13072,1,true,true,2026-01-01,BKG_VG250_2026_01_01
13072064,Lambrechtshagen,13,13072,1,true,true,2026-01-01,BKG_VG250_2026_01_01
13072066,Lelkendorf,13,13072,1,true,true,2026-01-01,BKG_VG250_2026_01_01
13072067,Lohmen,13,13072,1,true,true,2026-01-01,BKG_VG250_2026_01_01
13072069,Lüssow,13,13072,1,true,true,2026-01-01,BKG_VG250_2026_01_01
13072071,Mistorf,13,13072,1,true,true,2026-01-01,BKG_VG250_2026_01_01
13072072,Mönchhagen,13,13072,1,true,true,2026-01-01,BKG_VG250_2026_01_01
13072073,Mühl Rosin,13,13072,1,true,true,2026-01-01,BKG_VG250_2026_01_01
13072074,Neubukow,13,13072,1,true,true,2026-01-01,BKG_VG250_2026_01_01
13072075,Nienhagen,13,13072,1,true,true,2026-01-01,BKG_VG250_2026_01_01
13072076,Nustrow,13,13072,1,true,true,2026-01-01,BKG_VG250_2026_01_01
13072077,Papendorf,13,13072,1,true,true,2026-01-01,BKG_VG250_2026_01_01
13072078,Penzin,13,13072,1,true,true,2026-01-01,BKG_VG250_2026_01_01
13072079,Plaaz,13,13072,1,true,true,2026-01-01,BKG_VG250_2026_01_01
13072080,Pölchow,13,13072,1,true,true,2026-01-01,BKG_VG250_2026_01_01
13072081,Poppendorf,13,13072,1,true,true,2026-01-01,BKG_VG250_2026_01_01
13072082,Prebberede,13,13072,1,true,true,2026-01-01,BKG_VG250_2026_01_01
13072083,Reddelich,13,13072,1,true,true,2026-01-01,BKG_VG250_2026_01_01
13072084,Reimershagen,13,13072,1,true,true,2026-01-01,BKG_VG250_2026_01_01
13072085,Rerik,13,13072,2,true,true,2026-01-01,BKG_VG250_2026_01_01
13072086,Retschow,13,13072,1,true,true,2026-01-01,BKG_VG250_2026_01_01
13072087,Roggentin,13,13072,1,true,true,2026-01-01,BKG_VG250_2026_01_01
13072088,Rövershagen,13,13072,1,true,true,2026-01-01,BKG_VG250_2026_01_01
13072089,Rühn,13,13072,1,true,true,2026-01-01,BKG_VG250_2026_01_01
13072090,Rukieten,13,13072,1,true,true,2026-01-01,BKG_VG250_2026_01_01
13072091,Sanitz,13,13072,1,true,true,2026-01-01,BKG_VG250_2026_01_01
13072092,Sarmstorf,13,13072,1,true,true,2026-01-01,BKG_VG250_2026_01_01
13072093,Satow,13,13072,1,true,true,2026-01-01,BKG_VG250_2026_01_01
13072094,Schorssow,13,13072,1,true,true,2026-01-01,BKG_VG250_2026_01_01
13072095,Schwaan,13,13072,1,true,true,2026-01-01,BKG_VG250_2026_01_01
13072096,Schwasdorf,13,13072,1,true,true,2026-01-01,BKG_VG250_2026_01_01
13072097,Selpin,13,13072,1,true,true,2026-01-01,BKG_VG250_2026_01_01
13072098,Stäbelow,13,13072,1,true,true,2026-01-01,BKG_VG250_2026_01_01
13072099,Steffenshagen,13,13072,1,true,true,2026-01-01,BKG_VG250_2026_01_01
13072101,Steinhagen,13,13072,1,true,true,2026-01-01,BKG_VG250_2026_01_01
13072102,Stubbendorf,13,13072,1,true,true,2026-01-01,BKG_VG250_2026_01_01
13072103,Sukow-Levitzow,13,13072,1,true,true,2026-01-01,BKG_VG250_2026_01_01
13072104,Tarnow,13,13072,1,true,true,2026-01-01,BKG_VG250_2026_01_01
13072105,Tessin,13,13072,1,true,true,2026-01-01,BKG_VG250_2026_01_01
13072106,Teterow,13,13072,1,true,true,2026-01-01,BKG_VG250_2026_01_01
13072107,Thelkow,13,13072,1,true,true,2026-01-01,BKG_VG250_2026_01_01
13072108,Thulendorf,13,13072,1,true,true,2026-01-01,BKG_VG250_2026_01_01
13072109,Thürkow,13,13072,1,true,true,2026-01-01,BKG_VG250_2026_01_01
13072110,Vorbeck,13,13072,1,true,true,2026-01-01,BKG_VG250_2026_01_01
13072111,Walkendorf,13,13072,1,true,true,2026-01-01,BKG_VG250_2026_01_01
13072112,Wardow,13,13072,1,true,true,2026-01-01,BKG_VG250_2026_01_01
13072113,Warnkenhagen,13,13072,1,true,true,2026-01-01,BKG_VG250_2026_01_01
13072114,Warnow,13,13072,1,true,true,2026-01-01,BKG_VG250_2026_01_01
13072116,Wiendorf,13,13072,1,true,true,2026-01-01,BKG_VG250_2026_01_01
13072117,Wittenbeck,13,13072,1,true,true,2026-01-01,BKG_VG250_2026_01_01
13072118,Zarnewanz,13,13072,1,true,true,2026-01-01,BKG_VG250_2026_01_01
13072119,Zehna,13,13072,1,true,true,2026-01-01,BKG_VG250_2026_01_01
13072120,Zepelin,13,13072,1,true,true,2026-01-01,BKG_VG250_2026_01_01
13072121,Ziesendorf,13,13072,1,true,true,2026-01-01,BKG_VG250_2026_01_01
13073001,Ahrenshagen-Daskow,13,13073,1,true,true,2026-01-01,BKG_VG250_2026_01_01
13073002,Ahrenshoop,13,13073,1,true,true,2026-01-01,BKG_VG250_2026_01_01
13073003,Altefähr,13,13073,1,true,true,2026-01-01,BKG_VG250_2026_01_01
13073004,Altenkirchen,13,13073,1,true,true,2026-01-01,BKG_VG250_2026_01_01
13073005,Altenpleen,13,13073,1,true,true,2026-01-01,BKG_VG250_2026_01_01
13073006,Baabe,13,13073,1,true,true,2026-01-01,BKG_VG250_2026_01_01
13073007,Bad Sülze,13,13073,1,true,true,2026-01-01,BKG_VG250_2026_01_01
13073009,Barth,13,13073,2,true,true,2026-01-01,BKG_VG250_2026_01_01
13073010,Bergen auf Rügen,13,13073,1,true,true,2026-01-01,BKG_VG250_2026_01_01
13073011,Binz,13,13073,1,true,true,2026-01-01,BKG_VG250_2026_01_01
13073012,Born a.Darß,13,13073,2,true,true,2026-01-01,BKG_VG250_2026_01_01
13073013,Breege,13,13073,2,true,true,2026-01-01,BKG_VG250_2026_01_01
13073014,Buschvitz,13,13073,1,true,true,2026-01-01,BKG_VG250_2026_01_01
13073015,Dettmannsdorf,13,13073,1,true,true,2026-01-01,BKG_VG250_2026_01_01
13073016,Deyelsdorf,13,13073,1,true,true,2026-01-01,BKG_VG250_2026_01_01
13073017,Dierhagen,13,13073,1,true,true,2026-01-01,BKG_VG250_2026_01_01
13073018,Divitz-Spoldershagen,13,13073,1,true,true,2026-01-01,BKG_VG250_2026_01_01
13073019,Dranske,13,13073,2,true,true,2026-01-01,BKG_VG250_2026_01_01
13073020,Drechow,13,13073,1,true,true,2026-01-01,BKG_VG250_2026_01_01
13073021,Dreschvitz,13,13073,2,true,true,2026-01-01,BKG_VG250_2026_01_01
13073022,Eixen,13,13073,1,true,true,2026-01-01,BKG_VG250_2026_01_01
13073023,Elmenhorst,13,13073,1,true,true,2026-01-01,BKG_VG250_2026_01_01
13073024,Franzburg,13,13073,1,true,true,2026-01-01,BKG_VG250_2026_01_01
13073025,Fuhlendorf,13,13073,1,true,true,2026-01-01,BKG_VG250_2026_01_01
13073027,Garz/Rügen,13,13073,1,true,true,2026-01-01,BKG_VG250_2026_01_01
13073028,Gingst,13,13073,2,true,true,2026-01-01,BKG_VG250_2026_01_01
13073029,Glewitz,13,13073,1,true,true,2026-01-01,BKG_VG250_2026_01_01
13073030,Glowe,13,13073,2,true,true,2026-01-01,BKG_VG250_2026_01_01
13073031,Göhren,13,13073,2,true,true,2026-01-01,BKG_VG250_2026_01_01
13073032,Grammendorf,13,13073,1,true,true,2026-01-01,BKG_VG250_2026_01_01
13073033,Gransebieth,13,13073,1,true,true,2026-01-01,BKG_VG250_2026_01_01
13073034,Gremersdorf-Buchholz,13,13073,1,true,true,2026-01-01,BKG_VG250_2026_01_01
13073035,Grimmen,13,13073,1,true,true,2026-01-01,BKG_VG250_2026_01_01
13073036,Groß Kordshagen,13,13073,1,true,true,2026-01-01,BKG_VG250_2026_01_01
13073037,Groß Mohrdorf,13,13073,1,true,true,2026-01-01,BKG_VG250_2026_01_01
13073038,Gustow,13,13073,2,true,true,2026-01-01,BKG_VG250_2026_01_01
13073039,Hugoldsdorf,13,13073,1,true,true,2026-01-01,BKG_VG250_2026_01_01
13073040,Insel Hiddensee,13,13073,1,true,true,2026-01-01,BKG_VG250_2026_01_01
13073041,Jakobsdorf,13,13073,1,true,true,2026-01-01,BKG_VG250_2026_01_01
13073042,Karnin,13,13073,1,true,true,2026-01-01,BKG_VG250_2026_01_01
13073043,Kenz-Küstrow,13,13073,1,true,true,2026-01-01,BKG_VG250_2026_01_01
13073044,Klausdorf,13,13073,1,true,true,2026-01-01,BKG_VG250_2026_01_01
13073045,Kluis,13,13073,1,true,true,2026-01-01,BKG_VG250_2026_01_01
13073046,Kramerhof,13,13073,2,true,true,2026-01-01,BKG_VG250_2026_01_01
13073048,Lancken-Granitz,13,13073,1,true,true,2026-01-01,BKG_VG250_2026_01_01
13073049,Lietzow,13,13073,1,true,true,2026-01-01,BKG_VG250_2026_01_01
13073050,Lindholz,13,13073,1,true,true,2026-01-01,BKG_VG250_2026_01_01
13073051,Löbnitz,13,13073,1,true,true,2026-01-01,BKG_VG250_2026_01_01
13073052,Lohme,13,13073,1,true,true,2026-01-01,BKG_VG250_2026_01_01
13073053,Lüdershagen,13,13073,1,true,true,2026-01-01,BKG_VG250_2026_01_01
13073054,Lüssow,13,13073,1,true,true,2026-01-01,BKG_VG250_2026_01_01
13073055,Marlow,13,13073,1,true,true,2026-01-01,BKG_VG250_2026_01_01
13073057,Millienhagen-Oebelitz,13,13073,1,true,true,2026-01-01,BKG_VG250_2026_01_01
13073059,Neuenkirchen,13,13073,1,true,true,2026-01-01,BKG_VG250_2026_01_01
13073060,Niepars,13,13073,1,true,true,2026-01-01,BKG_VG250_2026_01_01
13073061,Pantelitz,13,13073,1,true,true,2026-01-01,BKG_VG250_2026_01_01
13073062,Papenhagen,13,13073,1,true,true,2026-01-01,BKG_VG250_2026_01_01
13073063,Parchtitz,13,13073,1,true,true,2026-01-01,BKG_VG250_2026_01_01
13073064,Patzig,13,13073,1,true,true,2026-01-01,BKG_VG250_2026_01_01
13073065,Poseritz,13,13073,1,true,true,2026-01-01,BKG_VG250_2026_01_01
13073066,Preetz,13,13073,1,true,true,2026-01-01,BKG_VG250_2026_01_01
13073067,Prerow,13,13073,2,true,true,2026-01-01,BKG_VG250_2026_01_01
13073068,Prohn,13,13073,1,true,true,2026-01-01,BKG_VG250_2026_01_01
13073069,Pruchten,13,13073,1,true,true,2026-01-01,BKG_VG250_2026_01_01
13073070,Putbus,13,13073,2,true,true,2026-01-01,BKG_VG250_2026_01_01
13073071,Putgarten,13,13073,1,true,true,2026-01-01,BKG_VG250_2026_01_01
13073072,Ralswiek,13,13073,2,true,true,2026-01-01,BKG_VG250_2026_01_01
13073073,Rambin,13,13073,1,true,true,2026-01-01,BKG_VG250_2026_01_01
13073074,Rappin,13,13073,2,true,true,2026-01-01,BKG_VG250_2026_01_01
13073075,Ribnitz-Damgarten,13,13073,2,true,true,2026-01-01,BKG_VG250_2026_01_01
13073076,Richtenberg,13,13073,1,true,true,2026-01-01,BKG_VG250_2026_01_01
13073077,Saal,13,13073,1,true,true,2026-01-01,BKG_VG250_2026_01_01
13073078,Sagard,13,13073,1,true,true,2026-01-01,BKG_VG250_2026_01_01
13073079,Samtens,13,13073,1,true,true,2026-01-01,BKG_VG250_2026_01_01
13073080,Sassnitz,13,13073,2,true,true,2026-01-01,BKG_VG250_2026_01_01
13073081,Schaprode,13,13073,2,true,true,2026-01-01,BKG_VG250_2026_01_01
13073082,Schlemmin,13,13073,1,true,true,2026-01-01,BKG_VG250_2026_01_01
13073083,Sehlen,13,13073,1,true,true,2026-01-01,BKG_VG250_2026_01_01
13073084,Sellin,13,13073,2,true,true,2026-01-01,BKG_VG250_2026_01_01
13073085,Semlow,13,13073,1,true,true,2026-01-01,BKG_VG250_2026_01_01
13073086,Splietsdorf,13,13073,1,true,true,2026-01-01,BKG_VG250_2026_01_01
13073087,Steinhagen,13,13073,1,true,true,2026-01-01,BKG_VG250_2026_01_01
13073088,Stralsund,13,13073,2,true,true,2026-01-01,BKG_VG250_2026_01_01
13073089,Süderholz,13,13073,1,true,true,2026-01-01,BKG_VG250_2026_01_01
13073090,Sundhagen,13,13073,1,true,true,2026-01-01,BKG_VG250_2026_01_01
13073092,Trent,13,13073,1,true,true,2026-01-01,BKG_VG250_2026_01_01
13073093,Tribsees,13,13073,1,true,true,2026-01-01,BKG_VG250_2026_01_01
13073094,Trinwillershagen,13,13073,1,true,true,2026-01-01,BKG_VG250_2026_01_01
13073095,Ummanz,13,13073,2,true,true,2026-01-01,BKG_VG250_2026_01_01
13073096,Velgast,13,13073,1,true,true,2026-01-01,BKG_VG250_2026_01_01
13073097,Weitenhagen,13,13073,1,true,true,2026-01-01,BKG_VG250_2026_01_01
13073098,Wendisch Baggendorf,13,13073,1,true,true,2026-01-01,BKG_VG250_2026_01_01
13073099,Wendorf,13,13073,1,true,true,2026-01-01,BKG_VG250_2026_01_01
13073100,Wieck a.Darß,13,13073,1,true,true,2026-01-01,BKG_VG250_2026_01_01
13073101,Wiek,13,13073,2,true,true,2026-01-01,BKG_VG250_2026_01_01
13073102,Wittenhagen,13,13073,1,true,true,2026-01-01,BKG_VG250_2026_01_01
13073103,Wustrow,13,13073,1,true,true,2026-01-01,BKG_VG250_2026_01_01
13073104,Zarrendorf,13,13073,1,true,true,2026-01-01,BKG_VG250_2026_01_01
13073105,Zingst,13,13073,1,true,true,2026-01-01,BKG_VG250_2026_01_01
13073106,Zirkow,13,13073,1,true,true,2026-01-01,BKG_VG250_2026_01_01
13073107,Mönchgut,13,13073,2,true,true,2026-01-01,BKG_VG250_2026_01_01
13074001,Alt Meteln,13,13074,1,true,true,2026-01-01,BKG_VG250_2026_01_01
13074002,Bad Kleinen,13,13074,1,true,true,2026-01-01,BKG_VG250_2026_01_01
13074003,Barnekow,13,13074,1,true,true,2026-01-01,BKG_VG250_2026_01_01
13074004,Benz,13,13074,1,true,true,2026-01-01,BKG_VG250_2026_01_01
13074005,Bernstorf,13,13074,1,true,true,2026-01-01,BKG_VG250_2026_01_01
13074006,Bibow,13,13074,1,true,true,2026-01-01,BKG_VG250_2026_01_01
13074007,Blowatz,13,13074,1,true,true,2026-01-01,BKG_VG250_2026_01_01
13074008,Bobitz,13,13074,1,true,true,2026-01-01,BKG_VG250_2026_01_01
13074009,Boiensdorf,13,13074,1,true,true,2026-01-01,BKG_VG250_2026_01_01
13074010,Boltenhagen,13,13074,2,true,true,2026-01-01,BKG_VG250_2026_01_01
13074012,Brüsewitz,13,13074,1,true,true,2026-01-01,BKG_VG250_2026_01_01
13074013,Carlow,13,13074,1,true,true,2026-01-01,BKG_VG250_2026_01_01
13074014,Cramonshagen,13,13074,1,true,true,2026-01-01,BKG_VG250_2026_01_01
13074015,Dalberg-Wendelstorf,13,13074,1,true,true,2026-01-01,BKG_VG250_2026_01_01
13074016,Damshagen,13,13074,1,true,true,2026-01-01,BKG_VG250_2026_01_01
13074017,Dassow,13,13074,1,true,true,2026-01-01,BKG_VG250_2026_01_01
13074018,Dechow,13,13074,1,true,true,2026-01-01,BKG_VG250_2026_01_01
13074019,Dorf Mecklenburg,13,13074,1,true,true,2026-01-01,BKG_VG250_2026_01_01
13074020,Dragun,13,13074,1,true,true,2026-01-01,BKG_VG250_2026_01_01
13074021,Gadebusch,13,13074,1,true,true,2026-01-01,BKG_VG250_2026_01_01
13074022,Gägelow,13,13074,1,true,true,2026-01-01,BKG_VG250_2026_01_01
13074023,Glasin,13,13074,1,true,true,2026-01-01,BKG_VG250_2026_01_01
13074024,Gottesgabe,13,13074,1,true,true,2026-01-01,BKG_VG250_2026_01_01
13074025,Grambow,13,13074,1,true,true,2026-01-01,BKG_VG250_2026_01_01
13074026,Grevesmühlen,13,13074,1,true,true,2026-01-01,BKG_VG250_2026_01_01
13074027,Grieben,13,13074,1,true,true,2026-01-01,BKG_VG250_2026_01_01
13074028,Groß Molzahn,13,13074,1,true,true,2026-01-01,BKG_VG250_2026_01_01
13074030,Groß Stieten,13,13074,1,true,true,2026-01-01,BKG_VG250_2026_01_01
13074031,Hohen Viecheln,13,13074,1,true,true,2026-01-01,BKG_VG250_2026_01_01
13074032,Hohenkirchen,13,13074,2,true,true,2026-01-01,BKG_VG250_2026_01_01
13074033,Holdorf,13,13074,1,true,true,2026-01-01,BKG_VG250_2026_01_01
13074034,Hornstorf,13,13074,1,true,true,2026-01-01,BKG_VG250_2026_01_01
13074035,Insel Poel,13,13074,2,true,true,2026-01-01,BKG_VG250_2026_01_01
13074036,Jesendorf,13,13074,1,true,true,2026-01-01,BKG_VG250_2026_01_01
13074037,Kalkhorst,13,13074,1,true,true,2026-01-01,BKG_VG250_2026_01_01
13074038,Klein Trebbow,13,13074,1,true,true,2026-01-01,BKG_VG250_2026_01_01
13074039,Klütz,13,13074,2,true,true,2026-01-01,BKG_VG250_2026_01_01
13074040,Kneese,13,13074,1,true,true,2026-01-01,BKG_VG250_2026_01_01
13074042,Königsfeld,13,13074,1,true,true,2026-01-01,BKG_VG250_2026_01_01
13074043,Krembz,13,13074,1,true,true,2026-01-01,BKG_VG250_2026_01_01
13074044,Krusenhagen,13,13074,1,true,true,2026-01-01,BKG_VG250_2026_01_01
13074046,Lübberstorf,13,13074,1,true,true,2026-01-01,BKG_VG250_2026_01_01
13074047,Lübow,13,13074,1,true,true,2026-01-01,BKG_VG250_2026_01_01
13074048,Lübstorf,13,13074,1,true,true,2026-01-01,BKG_VG250_2026_01_01
13074049,Lüdersdorf,13,13074,1,true,true,2026-01-01,BKG_VG250_2026_01_01
13074050,Lützow,13,13074,1,true,true,2026-01-01,BKG_VG250_2026_01_01
13074052,Menzendorf,13,13074,1,true,true,2026-01-01,BKG_VG250_2026_01_01
13074053,Metelsdorf,13,13074,1,true,true,2026-01-01,BKG_VG250_2026_01_01
13074054,Mühlen Eichsen,13,13074,1,true,true,2026-01-01,BKG_VG250_2026_01_01
13074056,Neuburg,13,13074,1,true,true,2026-01-01,BKG_VG250_2026_01_01
13074057,Neukloster,13,13074,1,true,true,2026-01-01,BKG_VG250_2026_01_01
13074060,Passee,13,13074,1,true,true,2026-01-01,BKG_VG250_2026_01_01
13074061,Perlin,13,13074,1,true,true,2026-01-01,BKG_VG250_2026_01_01
13074062,Pingelshagen,13,13074,1,true,true,2026-01-01,BKG_VG250_2026_01_01
13074064,Pokrent,13,13074,1,true,true,2026-01-01,BKG_VG250_2026_01_01
13074065,Rehna,13,13074,1,true,true,2026-01-01,BKG_VG250_2026_01_01
13074066,Rieps,13,13074,1,true,true,2026-01-01,BKG_VG250_2026_01_01
13074067,Roduchelstorf,13,13074,1,true,true,2026-01-01,BKG_VG250_2026_01_01
13074068,Roggendorf,13,13074,1,true,true,2026-01-01,BKG_VG250_2026_01_01
13074069,Roggenstorf,13,13074,1,true,true,2026-01-01,BKG_VG250_2026_01_01
13074070,Rögnitz,13,13074,1,true,true,2026-01-01,BKG_VG250_2026_01_01
13074071,Rüting,13,13074,1,true,true,2026-01-01,BKG_VG250_2026_01_01
13074072,Schildetal,13,13074,1,true,true,2026-01-01,BKG_VG250_2026_01_01
13074073,Schlagsdorf,13,13074,1,true,true,2026-01-01,BKG_VG250_2026_01_01
13074074,Schönberg,13,13074,1,true,true,2026-01-01,BKG_VG250_2026_01_01
13074075,Seehof,13,13074,1,true,true,2026-01-01,BKG_VG250_2026_01_01
13074076,Selmsdorf,13,13074,1,true,true,2026-01-01,BKG_VG250_2026_01_01
13074077,Testorf-Steinfort,13,13074,1,true,true,2026-01-01,BKG_VG250_2026_01_01
13074078,Thandorf,13,13074,1,true,true,2026-01-01,BKG_VG250_2026_01_01
13074079,Upahl,13,13074,1,true,true,2026-01-01,BKG_VG250_2026_01_01
13074080,Utecht,13,13074,1,true,true,2026-01-01,BKG_VG250_2026_01_01
13074081,Veelböken,13,13074,1,true,true,2026-01-01,BKG_VG250_2026_01_01
13074082,Ventschow,13,13074,1,true,true,2026-01-01,BKG_VG250_2026_01_01
13074084,Warin,13,13074,1,true,true,2026-01-01,BKG_VG250_2026_01_01
13074085,Warnow,13,13074,1,true,true,2026-01-01,BKG_VG250_2026_01_01
13074087,Wismar,13,13074,2,true,true,2026-01-01,BKG_VG250_2026_01_01
13074088,Zickhusen,13,13074,1,true,true,2026-01-01,BKG_VG250_2026_01_01
13074089,Zierow,13,13074,1,true,true,2026-01-01,BKG_VG250_2026_01_01
13074090,Zurow,13,13074,1,true,true,2026-01-01,BKG_VG250_2026_01_01
13074091,Züsow,13,13074,1,true,true,2026-01-01,BKG_VG250_2026_01_01
13074092,Wedendorfersee,13,13074,1,true,true,2026-01-01,BKG_VG250_2026_01_01
13074093,Stepenitztal,13,13074,1,true,true,2026-01-01,BKG_VG250_2026_01_01
13074094,Siemz-Niendorf,13,13074,1,true,true,2026-01-01,BKG_VG250_2026_01_01
13075001,Ahlbeck,13,13075,1,true,true,2026-01-01,BKG_VG250_2026_01_01
13075002,Alt Tellin,13,13075,1,true,true,2026-01-01,BKG_VG250_2026_01_01
13075003,Altwarp,13,13075,2,true,true,2026-01-01,BKG_VG250_2026_01_01
13075004,Altwigshagen,13,13075,1,true,true,2026-01-01,BKG_VG250_2026_01_01
13075005,Anklam,13,13075,2,true,true,2026-01-01,BKG_VG250_2026_01_01
13075006,Bandelin,13,13075,1,true,true,2026-01-01,BKG_VG250_2026_01_01
13075007,Bargischow,13,13075,2,true,true,2026-01-01,BKG_VG250_2026_01_01
13075008,Behrenhoff,13,13075,1,true,true,2026-01-01,BKG_VG250_2026_01_01
13075009,Bentzin,13,13075,1,true,true,2026-01-01,BKG_VG250_2026_01_01
13075010,Benz,13,13075,1,true,true,2026-01-01,BKG_VG250_2026_01_01
13075011,Bergholz,13,13075,1,true,true,2026-01-01,BKG_VG250_2026_01_01
13075012,Blankensee,13,13075,1,true,true,2026-01-01,BKG_VG250_2026_01_01
13075013,Blesewitz,13,13075,1,true,true,2026-01-01,BKG_VG250_2026_01_01
13075015,Boldekow,13,13075,1,true,true,2026-01-01,BKG_VG250_2026_01_01
13075016,Boock,13,13075,1,true,true,2026-01-01,BKG_VG250_2026_01_01
13075017,Brietzig,13,13075,1,true,true,2026-01-01,BKG_VG250_2026_01_01
13075018,Brünzow,13,13075,2,true,true,2026-01-01,BKG_VG250_2026_01_01
13075020,Bugewitz,13,13075,2,true,true,2026-01-01,BKG_VG250_2026_01_01
13075021,Buggenhagen,13,13075,1,true,true,2026-01-01,BKG_VG250_2026_01_01
13075022,Butzow,13,13075,1,true,true,2026-01-01,BKG_VG250_2026_01_01
13075023,Daberkow,13,13075,1,true,true,2026-01-01,BKG_VG250_2026_01_01
13075025,Dargelin,13,13075,1,true,true,2026-01-01,BKG_VG250_2026_01_01
13075026,Dargen,13,13075,1,true,true,2026-01-01,BKG_VG250_2026_01_01
13075027,Dersekow,13,13075,1,true,true,2026-01-01,BKG_VG250_2026_01_01
13075029,Ducherow,13,13075,1,true,true,2026-01-01,BKG_VG250_2026_01_01
13075031,Eggesin,13,13075,1,true,true,2026-01-01,BKG_VG250_2026_01_01
13075032,Fahrenwalde,13,13075,1,true,true,2026-01-01,BKG_VG250_2026_01_01
13075033,Ferdinandshof,13,13075,1,true,true,2026-01-01,BKG_VG250_2026_01_01
13075034,Garz,13,13075,1,true,true,2026-01-01,BKG_VG250_2026_01_01
13075035,Glasow,13,13075,1,true,true,2026-01-01,BKG_VG250_2026_01_01
13075036,Görmin,13,13075,1,true,true,2026-01-01,BKG_VG250_2026_01_01
13075037,Grambin,13,13075,2,true,true,2026-01-01,BKG_VG250_2026_01_01
13075038,Grambow,13,13075,1,true,true,2026-01-01,BKG_VG250_2026_01_01
13075039,Greifswald,13,13075,2,true,true,2026-01-01,BKG_VG250_2026_01_01
13075040,Gribow,13,13075,1,true,true,2026-01-01,BKG_VG250_2026_01_01
13075041,Groß Kiesow,13,13075,1,true,true,2026-01-01,BKG_VG250_2026_01_01
13075042,Groß Luckow,13,13075,1,true,true,2026-01-01,BKG_VG250_2026_01_01
13075043,Groß Polzin,13,13075,1,true,true,2026-01-01,BKG_VG250_2026_01_01
13075044,Gützkow,13,13075,1,true,true,2026-01-01,BKG_VG250_2026_01_01
13075045,Hammer a.d.Uecker,13,13075,1,true,true,2026-01-01,BKG_VG250_2026_01_01
13075046,Hanshagen,13,13075,1,true,true,2026-01-01,BKG_VG250_2026_01_01
13075048,Heinrichswalde,13,13075,1,true,true,2026-01-01,BKG_VG250_2026_01_01
13075049,Heringsdorf,13,13075,1,true,true,2026-01-01,BKG_VG250_2026_01_01
13075050,Hinrichshagen,13,13075,1,true,true,2026-01-01,BKG_VG250_2026_01_01
13075051,Hintersee,13,13075,1,true,true,2026-01-01,BKG_VG250_2026_01_01
13075053,Iven,13,13075,1,true,true,2026-01-01,BKG_VG250_2026_01_01
13075054,Jarmen,13,13075,1,true,true,2026-01-01,BKG_VG250_2026_01_01
13075055,Jatznick,13,13075,1,true,true,2026-01-01,BKG_VG250_2026_01_01
13075056,Kamminke,13,13075,2,true,true,2026-01-01,BKG_VG250_2026_01_01
13075058,Karlshagen,13,13075,2,true,true,2026-01-01,BKG_VG250_2026_01_01
13075059,Katzow,13,13075,1,true,true,2026-01-01,BKG_VG250_2026_01_01
13075060,Kemnitz,13,13075,1,true,true,2026-01-01,BKG_VG250_2026_01_01
13075061,Klein Bünzow,13,13075,1,true,true,2026-01-01,BKG_VG250_2026_01_01
13075063,Koblentz,13,13075,1,true,true,2026-01-01,BKG_VG250_2026_01_01
13075065,Korswandt,13,13075,1,true,true,2026-01-01,BKG_VG250_2026_01_01
13075066,Koserow,13,13075,1,true,true,2026-01-01,BKG_VG250_2026_01_01
13075067,Krackow,13,13075,1,true,true,2026-01-01,BKG_VG250_2026_01_01
13075068,Krien,13,13075,1,true,true,2026-01-01,BKG_VG250_2026_01_01
13075069,Kröslin,13,13075,2,true,true,2026-01-01,BKG_VG250_2026_01_01
13075070,Kruckow,13,13075,1,true,true,2026-01-01,BKG_VG250_2026_01_01
13075071,Krugsdorf,13,13075,1,true,true,2026-01-01,BKG_VG250_2026_01_01
13075072,Krummin,13,13075,1,true,true,2026-01-01,BKG_VG250_2026_01_01
13075073,Krusenfelde,13,13075,1,true,true,2026-01-01,BKG_VG250_2026_01_01
13075074,Lassan,13,13075,1,true,true,2026-01-01,BKG_VG250_2026_01_01
13075075,Leopoldshagen,13,13075,1,true,true,2026-01-01,BKG_VG250_2026_01_01
13075076,Levenhagen,13,13075,1,true,true,2026-01-01,BKG_VG250_2026_01_01
13075078,Liepgarten,13,13075,1,true,true,2026-01-01,BKG_VG250_2026_01_01
13075079,Löcknitz,13,13075,1,true,true,2026-01-01,BKG_VG250_2026_01_01
13075080,Loddin,13,13075,1,true,true,2026-01-01,BKG_VG250_2026_01_01
13075081,Loissin,13,13075,1,true,true,2026-01-01,BKG_VG250_2026_01_01
13075082,Loitz,13,13075,1,true,true,2026-01-01,BKG_VG250_2026_01_01
13075083,Lubmin,13,13075,2,true,true,2026-01-01,BKG_VG250_2026_01_01
13075084,Lübs,13,13075,1,true,true,2026-01-01,BKG_VG250_2026_01_01
13075085,Luckow,13,13075,2,true,true,2026-01-01,BKG_VG250_2026_01_01
13075087,Lütow,13,13075,1,true,true,2026-01-01,BKG_VG250_2026_01_01
13075088,Medow,13,13075,1,true,true,2026-01-01,BKG_VG250_2026_01_01
13075089,Meiersberg,13,13075,1,true,true,2026-01-01,BKG_VG250_2026_01_01
13075090,Mellenthin,13,13075,1,true,true,2026-01-01,BKG_VG250_2026_01_01
13075091,Mesekenhagen,13,13075,1,true,true,2026-01-01,BKG_VG250_2026_01_01
13075092,Mölschow,13,13075,1,true,true,2026-01-01,BKG_VG250_2026_01_01
13075093,Mönkebude,13,13075,2,true,true,2026-01-01,BKG_VG250_2026_01_01
13075094,Murchin,13,13075,2,true,true,2026-01-01,BKG_VG250_2026_01_01
13075095,Nadrensee,13,13075,1,true,true,2026-01-01,BKG_VG250_2026_01_01
13075097,Neu Boltenhagen,13,13075,1,true,true,2026-01-01,BKG_VG250_2026_01_01
13075098,Neu Kosenow,13,13075,1,true,true,2026-01-01,BKG_VG250_2026_01_01
13075101,Neuenkirchen,13,13075,1,true,true,2026-01-01,BKG_VG250_2026_01_01
13075102,Neuenkirchen,13,13075,2,true,true,2026-01-01,BKG_VG250_2026_01_01
13075103,Nieden,13,13075,1,true,true,2026-01-01,BKG_VG250_2026_01_01
13075104,Papendorf,13,13075,1,true,true,2026-01-01,BKG_VG250_2026_01_01
13075105,Pasewalk,13,13075,1,true,true,2026-01-01,BKG_VG250_2026_01_01
13075106,Peenemünde,13,13075,2,true,true,2026-01-01,BKG_VG250_2026_01_01
13075107,Penkun,13,13075,1,true,true,2026-01-01,BKG_VG250_2026_01_01
13075108,Plöwen,13,13075,1,true,true,2026-01-01,BKG_VG250_2026_01_01
13075109,Polzow,13,13075,1,true,true,2026-01-01,BKG_VG250_2026_01_01
13075110,Postlow,13,13075,1,true,true,2026-01-01,BKG_VG250_2026_01_01
13075111,Pudagla,13,13075,1,true,true,2026-01-01,BKG_VG250_2026_01_01
13075113,Ramin,13,13075,1,true,true,2026-01-01,BKG_VG250_2026_01_01
13075114,Rankwitz,13,13075,1,true,true,2026-01-01,BKG_VG250_2026_01_01
13075115,Rollwitz,13,13075,1,true,true,2026-01-01,BKG_VG250_2026_01_01
13075116,Rossin,13,13075,1,true,true,2026-01-01,BKG_VG250_2026_01_01
13075117,Rossow,13,13075,1,true,true,2026-01-01,BKG_VG250_2026_01_01
13075118,Rothemühl,13,13075,1,true,true,2026-01-01,BKG_VG250_2026_01_01
13075119,Rothenklempenow,13,13075,1,true,true,2026-01-01,BKG_VG250_2026_01_01
13075120,Rubenow,13,13075,1,true,true,2026-01-01,BKG_VG250_2026_01_01
13075121,Rubkow,13,13075,1,true,true,2026-01-01,BKG_VG250_2026_01_01
13075122,Sarnow,13,13075,1,true,true,2026-01-01,BKG_VG250_2026_01_01
13075123,Sassen-Trantow,13,13075,1,true,true,2026-01-01,BKG_VG250_2026_01_01
13075124,Sauzin,13,13075,1,true,true,2026-01-01,BKG_VG250_2026_01_01
13075125,Schmatzin,13,13075,1,true,true,2026-01-01,BKG_VG250_2026_01_01
13075126,Schönwalde,13,13075,1,true,true,2026-01-01,BKG_VG250_2026_01_01
13075127,Spantekow,13,13075,1,true,true,2026-01-01,BKG_VG250_2026_01_01
13075128,Stolpe an der Peene,13,13075,1,true,true,2026-01-01,BKG_VG250_2026_01_01
13075129,Stolpe auf Usedom,13,13075,1,true,true,2026-01-01,BKG_VG250_2026_01_01
13075130,Strasburg (Uckermark),13,13075,1,true,true,2026-01-01,BKG_VG250_2026_01_01
13075131,Torgelow,13,13075,1,true,true,2026-01-01,BKG_VG250_2026_01_01
13075133,Trassenheide,13,13075,1,true,true,2026-01-01,BKG_VG250_2026_01_01
13075134,Tutow,13,13075,1,true,true,2026-01-01,BKG_VG250_2026_01_01
13075135,Ückeritz,13,13075,2,true,true,2026-01-01,BKG_VG250_2026_01_01
13075136,Ueckermünde,13,13075,2,true,true,2026-01-01,BKG_VG250_2026_01_01
13075137,Usedom,13,13075,2,true,true,2026-01-01,BKG_VG250_2026_01_01
13075138,Viereck,13,13075,1,true,true,2026-01-01,BKG_VG250_2026_01_01
13075139,Vogelsang-Warsin,13,13075,2,true,true,2026-01-01,BKG_VG250_2026_01_01
13075140,Völschow,13,13075,1,true,true,2026-01-01,BKG_VG250_2026_01_01
13075141,Wackerow,13,13075,1,true,true,2026-01-01,BKG_VG250_2026_01_01
13075142,Weitenhagen,13,13075,1,true,true,2026-01-01,BKG_VG250_2026_01_01
13075143,Wilhelmsburg,13,13075,1,true,true,2026-01-01,BKG_VG250_2026_01_01
13075144,Wolgast,13,13075,2,true,true,2026-01-01,BKG_VG250_2026_01_01
13075145,Wrangelsburg,13,13075,1,true,true,2026-01-01,BKG_VG250_2026_01_01
13075146,Wusterhusen,13,13075,1,true,true,2026-01-01,BKG_VG250_2026_01_01
13075147,Zemitz,13,13075,1,true,true,2026-01-01,BKG_VG250_2026_01_01
13075148,Zempin,13,13075,1,true,true,2026-01-01,BKG_VG250_2026_01_01
13075149,Zerrenthin,13,13075,1,true,true,2026-01-01,BKG_VG250_2026_01_01
13075150,Ziethen,13,13075,1,true,true,2026-01-01,BKG_VG250_2026_01_01
13075151,Zinnowitz,13,13075,1,true,true,2026-01-01,BKG_VG250_2026_01_01
13075152,Zirchow,13,13075,1,true,true,2026-01-01,BKG_VG250_2026_01_01
13075154,Züssow,13,13075,1,true,true,2026-01-01,BKG_VG250_2026_01_01
13075155,Neetzow-Liepen,13,13075,1,true,true,2026-01-01,BKG_VG250_2026_01_01
13075156,Karlsburg,13,13075,1,true,true,2026-01-01,BKG_VG250_2026_01_01
13076001,Alt Krenzlin,13,13076,1,true,true,2026-01-01,BKG_VG250_2026_01_01
13076002,Alt Zachun,13,13076,1,true,true,2026-01-01,BKG_VG250_2026_01_01
13076003,Balow,13,13076,1,true,true,2026-01-01,BKG_VG250_2026_01_01
13076004,Bandenitz,13,13076,1,true,true,2026-01-01,BKG_VG250_2026_01_01
13076005,Banzkow,13,13076,1,true,true,2026-01-01,BKG_VG250_2026_01_01
13076006,Barkhagen,13,13076,1,true,true,2026-01-01,BKG_VG250_2026_01_01
13076007,Barnin,13,13076,1,true,true,2026-01-01,BKG_VG250_2026_01_01
13076008,Belsch,13,13076,1,true,true,2026-01-01,BKG_VG250_2026_01_01
13076009,Bengerstorf,13,13076,1,true,true,2026-01-01,BKG_VG250_2026_01_01
13076010,Besitz,13,13076,1,true,true,2026-01-01,BKG_VG250_2026_01_01
13076011,Blankenberg,13,13076,1,true,true,2026-01-01,BKG_VG250_2026_01_01
13076012,Blievenstorf,13,13076,1,true,true,2026-01-01,BKG_VG250_2026_01_01
13076013,Bobzin,13,13076,1,true,true,2026-01-01,BKG_VG250_2026_01_01
13076014,Boizenburg/Elbe,13,13076,1,true,true,2026-01-01,BKG_VG250_2026_01_01
13076015,Borkow,13,13076,1,true,true,2026-01-01,BKG_VG250_2026_01_01
13076016,Brahlstorf,13,13076,1,true,true,2026-01-01,BKG_VG250_2026_01_01
13076017,Brenz,13,13076,1,true,true,2026-01-01,BKG_VG250_2026_01_01
13076018,Bresegard bei Eldena,13,13076,1,true,true,2026-01-01,BKG_VG250_2026_01_01
13076019,Bresegard bei Picher,13,13076,1,true,true,2026-01-01,BKG_VG250_2026_01_01
13076020,Brüel,13,13076,1,true,true,2026-01-01,BKG_VG250_2026_01_01
13076021,Brunow,13,13076,1,true,true,2026-01-01,BKG_VG250_2026_01_01
13076023,Bülow,13,13076,1,true,true,2026-01-01,BKG_VG250_2026_01_01
13076024,Cambs,13,13076,1,true,true,2026-01-01,BKG_VG250_2026_01_01
13076025,Crivitz,13,13076,1,true,true,2026-01-01,BKG_VG250_2026_01_01
13076026,Dabel,13,13076,1,true,true,2026-01-01,BKG_VG250_2026_01_01
13076027,Dambeck,13,13076,1,true,true,2026-01-01,BKG_VG250_2026_01_01
13076029,Demen,13,13076,1,true,true,2026-01-01,BKG_VG250_2026_01_01
13076030,Dersenow,13,13076,1,true,true,2026-01-01,BKG_VG250_2026_01_01
13076032,Dobbertin,13,13076,1,true,true,2026-01-01,BKG_VG250_2026_01_01
13076033,Dobin am See,13,13076,1,true,true,2026-01-01,BKG_VG250_2026_01_01
13076034,Dömitz,13,13076,1,true,true,2026-01-01,BKG_VG250_2026_01_01
13076035,Domsühl,13,13076,1,true,true,2026-01-01,BKG_VG250_2026_01_01
13076036,Dümmer,13,13076,1,true,true,2026-01-01,BKG_VG250_2026_01_01
13076037,Eldena,13,13076,1,true,true,2026-01-01,BKG_VG250_2026_01_01
13076038,Friedrichsruhe,13,13076,1,true,true,2026-01-01,BKG_VG250_2026_01_01
13076039,Gallin,13,13076,1,true,true,2026-01-01,BKG_VG250_2026_01_01
13076040,Gallin-Kuppentin,13,13076,1,true,true,2026-01-01,BKG_VG250_2026_01_01
13076041,Gammelin,13,13076,1,true,true,2026-01-01,BKG_VG250_2026_01_01
13076044,Gneven,13,13076,1,true,true,2026-01-01,BKG_VG250_2026_01_01
13076046,Göhlen,13,13076,1,true,true,2026-01-01,BKG_VG250_2026_01_01
13076048,Goldberg,13,13076,1,true,true,2026-01-01,BKG_VG250_2026_01_01
13076049,Gorlosen,13,13076,1,true,true,2026-01-01,BKG_VG250_2026_01_01
13076050,Grabow,13,13076,1,true,true,2026-01-01,BKG_VG250_2026_01_01
13076051,Granzin,13,13076,1,true,true,2026-01-01,BKG_VG250_2026_01_01
13076053,Grebs-Niendorf,13,13076,1,true,true,2026-01-01,BKG_VG250_2026_01_01
13076054,Gresse,13,13076,1,true,true,2026-01-01,BKG_VG250_2026_01_01
13076055,Greven,13,13076,1,true,true,2026-01-01,BKG_VG250_2026_01_01
13076056,Groß Godems,13,13076,1,true,true,2026-01-01,BKG_VG250_2026_01_01
13076057,Groß Krams,13,13076,1,true,true,2026-01-01,BKG_VG250_2026_01_01
13076058,Groß Laasch,13,13076,1,true,true,2026-01-01,BKG_VG250_2026_01_01
13076060,Hagenow,13,13076,1,true,true,2026-01-01,BKG_VG250_2026_01_01
13076062,Hohen Pritz,13,13076,1,true,true,2026-01-01,BKG_VG250_2026_01_01
13076063,Holthusen,13,13076,1,true,true,2026-01-01,BKG_VG250_2026_01_01
13076064,Hoort,13,13076,1,true,true,2026-01-01,BKG_VG250_2026_01_01
13076065,Hülseburg,13,13076,1,true,true,2026-01-01,BKG_VG250_2026_01_01
13076067,Karenz,13,13076,1,true,true,2026-01-01,BKG_VG250_2026_01_01
13076068,Karrenzin,13,13076,1,true,true,2026-01-01,BKG_VG250_2026_01_01
13076069,Karstädt,13,13076,1,true,true,2026-01-01,BKG_VG250_2026_01_01
13076070,Kirch Jesar,13,13076,1,true,true,2026-01-01,BKG_VG250_2026_01_01
13076071,Klein Rogahn,13,13076,1,true,true,2026-01-01,BKG_VG250_2026_01_01
13076072,Kobrow,13,13076,1,true,true,2026-01-01,BKG_VG250_2026_01_01
13076073,Kogel,13,13076,1,true,true,2026-01-01,BKG_VG250_2026_01_01
13076075,Kreien,13,13076,1,true,true,2026-01-01,BKG_VG250_2026_01_01
13076076,Kremmin,13,13076,1,true,true,2026-01-01,BKG_VG250_2026_01_01
13076077,Kritzow,13,13076,1,true,true,2026-01-01,BKG_VG250_2026_01_01
13076078,Kuhlen-Wendorf,13,13076,1,true,true,2026-01-01,BKG_VG250_2026_01_01
13076079,Kuhstorf,13,13076,1,true,true,2026-01-01,BKG_VG250_2026_01_01
13076080,Langen Brütz,13,13076,1,true,true,2026-01-01,BKG_VG250_2026_01_01
13076082,Leezen,13,13076,1,true,true,2026-01-01,BKG_VG250_2026_01_01
13076085,Lewitzrand,13,13076,1,true,true,2026-01-01,BKG_VG250_2026_01_01
13076086,Lübesse,13,13076,1,true,true,2026-01-01,BKG_VG250_2026_01_01
13076087,Lüblow,13,13076,1,true,true,2026-01-01,BKG_VG250_2026_01_01
13076088,Lübtheen,13,13076,1,true,true,2026-01-01,BKG_VG250_2026_01_01
13076089,Lübz,13,13076,1,true,true,2026-01-01,BKG_VG250_2026_01_01
13076090,Ludwigslust,13,13076,1,true,true,2026-01-01,BKG_VG250_2026_01_01
13076092,Lüttow-Valluhn,13,13076,1,true,true,2026-01-01,BKG_VG250_2026_01_01
13076093,Malk Göhren,13,13076,1,true,true,2026-01-01,BKG_VG250_2026_01_01
13076094,Malliß,13,13076,1,true,true,2026-01-01,BKG_VG250_2026_01_01
13076096,Mestlin,13,13076,1,true,true,2026-01-01,BKG_VG250_2026_01_01
13076097,Milow,13,13076,1,true,true,2026-01-01,BKG_VG250_2026_01_01
13076098,Möllenbeck,13,13076,1,true,true,2026-01-01,BKG_VG250_2026_01_01
13076099,Moraas,13,13076,1,true,true,2026-01-01,BKG_VG250_2026_01_01
13076100,Muchow,13,13076,1,true,true,2026-01-01,BKG_VG250_2026_01_01
13076101,Mustin,13,13076,1,true,true,2026-01-01,BKG_VG250_2026_01_01
13076102,Neu Gülze,13,13076,1,true,true,2026-01-01,BKG_VG250_2026_01_01
13076103,Neu Kaliß,13,13076,1,true,true,2026-01-01,BKG_VG250_2026_01_01
13076104,Neu Poserin,13,13076,1,true,true,2026-01-01,BKG_VG250_2026_01_01
13076105,Neustadt-Glewe,13,13076,1,true,true,2026-01-01,BKG_VG250_2026_01_01
13076106,Nostorf,13,13076,1,true,true,2026-01-01,BKG_VG250_2026_01_01
13076107,Pampow,13,13076,1,true,true,2026-01-01,BKG_VG250_2026_01_01
13076108,Parchim,13,13076,1,true,true,2026-01-01,BKG_VG250_2026_01_01
13076109,Passow,13,13076,1,true,true,2026-01-01,BKG_VG250_2026_01_01
13076110,Pätow-Steegen,13,13076,1,true,true,2026-01-01,BKG_VG250_2026_01_01
13076111,Picher,13,13076,1,true,true,2026-01-01,BKG_VG250_2026_01_01
13076112,Pinnow,13,13076,1,true,true,2026-01-01,BKG_VG250_2026_01_01
13076113,Plate,13,13076,1,true,true,2026-01-01,BKG_VG250_2026_01_01
13076114,Plau am See,13,13076,1,true,true,2026-01-01,BKG_VG250_2026_01_01
13076115,Prislich,13,13076,1,true,true,2026-01-01,BKG_VG250_2026_01_01
13076116,Pritzier,13,13076,1,true,true,2026-01-01,BKG_VG250_2026_01_01
13076117,Raben Steinfeld,13,13076,1,true,true,2026-01-01,BKG_VG250_2026_01_01
13076118,Rastow,13,13076,1,true,true,2026-01-01,BKG_VG250_2026_01_01
13076119,Redefin,13,13076,1,true,true,2026-01-01,BKG_VG250_2026_01_01
13076120,Rom,13,13076,1,true,true,2026-01-01,BKG_VG250_2026_01_01
13076121,Schossin,13,13076,1,true,true,2026-01-01,BKG_VG250_2026_01_01
13076122,Schwanheide,13,13076,1,true,true,2026-01-01,BKG_VG250_2026_01_01
13076125,Siggelkow,13,13076,1,true,true,2026-01-01,BKG_VG250_2026_01_01
13076126,Spornitz,13,13076,1,true,true,2026-01-01,BKG_VG250_2026_01_01
13076128,Sternberg,13,13076,1,true,true,2026-01-01,BKG_VG250_2026_01_01
13076129,Stolpe,13,13076,1,true,true,2026-01-01,BKG_VG250_2026_01_01
13076130,Stralendorf,13,13076,1,true,true,2026-01-01,BKG_VG250_2026_01_01
13076131,Strohkirchen,13,13076,1,true,true,2026-01-01,BKG_VG250_2026_01_01
13076133,Sukow,13,13076,1,true,true,2026-01-01,BKG_VG250_2026_01_01
13076134,Sülstorf,13,13076,1,true,true,2026-01-01,BKG_VG250_2026_01_01
13076135,Techentin,13,13076,1,true,true,2026-01-01,BKG_VG250_2026_01_01
13076136,Teldau,13,13076,1,true,true,2026-01-01,BKG_VG250_2026_01_01
13076138,Tessin b.Boizenburg,13,13076,1,true,true,2026-01-01,BKG_VG250_2026_01_01
13076140,Tramm,13,13076,1,true,true,2026-01-01,BKG_VG250_2026_01_01
13076141,Uelitz,13,13076,1,true,true,2026-01-01,BKG_VG250_2026_01_01
13076142,Vellahn,13,13076,1,true,true,2026-01-01,BKG_VG250_2026_01_01
13076143,Vielank,13,13076,1,true,true,2026-01-01,BKG_VG250_2026_01_01
13076145,Warlitz,13,13076,1,true,true,2026-01-01,BKG_VG250_2026_01_01
13076146,Warlow,13,13076,1,true,true,2026-01-01,BKG_VG250_2026_01_01
13076147,Warsow,13,13076,1,true,true,2026-01-01,BKG_VG250_2026_01_01
13076148,Weitendorf,13,13076,1,true,true,2026-01-01,BKG_VG250_2026_01_01
13076151,Werder,13,13076,1,true,true,2026-01-01,BKG_VG250_2026_01_01
13076152,Wittenburg,13,13076,1,true,true,2026-01-01,BKG_VG250_2026_01_01
13076153,Wittendörp,13,13076,1,true,true,2026-01-01,BKG_VG250_2026_01_01
13076154,Wittenförden,13,13076,1,true,true,2026-01-01,BKG_VG250_2026_01_01
13076155,Witzin,13,13076,1,true,true,2026-01-01,BKG_VG250_2026_01_01
13076156,Wöbbelin,13,13076,1,true,true,2026-01-01,BKG_VG250_2026_01_01
13076158,Zapel,13,13076,1,true,true,2026-01-01,BKG_VG250_2026_01_01
13076159,Zarrentin am Schaalsee,13,13076,1,true,true,2026-01-01,BKG_VG250_2026_01_01
13076160,Ziegendorf,13,13076,1,true,true,2026-01-01,BKG_VG250_2026_01_01
13076161,Zierzow,13,13076,1,true,true,2026-01-01,BKG_VG250_2026_01_01
13076162,Zölkow,13,13076,1,true,true,2026-01-01,BKG_VG250_2026_01_01
13076163,Zülow,13,13076,1,true,true,2026-01-01,BKG_VG250_2026_01_01
13076164,Obere Warnow,13,13076,1,true,true,2026-01-01,BKG_VG250_2026_01_01
13076165,Gehlsbach,13,13076,1,true,true,2026-01-01,BKG_VG250_2026_01_01
13076166,Ganzlin,13,13076,1,true,true,2026-01-01,BKG_VG250_2026_01_01
13076167,Kloster Tempzin,13,13076,1,true,true,2026-01-01,BKG_VG250_2026_01_01
13076168,Ruhner Berge,13,13076,1,true,true,2026-01-01,BKG_VG250_2026_01_01
13076169,Toddin,13,13076,1,true,true,2026-01-01,BKG_VG250_2026_01_01
14511000,Chemnitz,14,14511,1,true,true,2026-01-01,BKG_VG250_2026_01_01
14521010,Amtsberg,14,14521,1,true,true,2026-01-01,BKG_VG250_2026_01_01
14521020,Annaberg-Buchholz,14,14521,1,true,true,2026-01-01,BKG_VG250_2026_01_01
14521035,Aue-Bad Schlema,14,14521,1,true,true,2026-01-01,BKG_VG250_2026_01_01
14521040,Auerbach,14,14521,1,true,true,2026-01-01,BKG_VG250_2026_01_01
14521060,Bärenstein,14,14521,1,true,true,2026-01-01,BKG_VG250_2026_01_01
14521080,Bockau,14,14521,1,true,true,2026-01-01,BKG_VG250_2026_01_01
14521090,Börnichen/Erzgeb.,14,14521,1,true,true,2026-01-01,BKG_VG250_2026_01_01
14521110,Breitenbrunn/Erzgeb.,14,14521,1,true,true,2026-01-01,BKG_VG250_2026_01_01
14521120,Burkhardtsdorf,14,14521,1,true,true,2026-01-01,BKG_VG250_2026_01_01
14521130,Crottendorf,14,14521,1,true,true,2026-01-01,BKG_VG250_2026_01_01
14521140,Deutschneudorf,14,14521,1,true,true,2026-01-01,BKG_VG250_2026_01_01
14521150,Drebach,14,14521,1,true,true,2026-01-01,BKG_VG250_2026_01_01
14521160,Ehrenfriedersdorf,14,14521,1,true,true,2026-01-01,BKG_VG250_2026_01_01
14521170,Eibenstock,14,14521,1,true,true,2026-01-01,BKG_VG250_2026_01_01
14521180,Elterlein,14,14521,1,true,true,2026-01-01,BKG_VG250_2026_01_01
14521200,Gelenau/Erzgeb.,14,14521,1,true,true,2026-01-01,BKG_VG250_2026_01_01
14521210,Geyer,14,14521,1,true,true,2026-01-01,BKG_VG250_2026_01_01
14521220,Gornau/Erzgeb.,14,14521,1,true,true,2026-01-01,BKG_VG250_2026_01_01
14521230,Gornsdorf,14,14521,1,true,true,2026-01-01,BKG_VG250_2026_01_01
14521240,Großolbersdorf,14,14521,1,true,true,2026-01-01,BKG_VG250_2026_01_01
14521250,Großrückerswalde,14,14521,1,true,true,2026-01-01,BKG_VG250_2026_01_01
14521260,Grünhain-Beierfeld,14,14521,1,true,true,2026-01-01,BKG_VG250_2026_01_01
14521270,Grünhainichen,14,14521,1,true,true,2026-01-01,BKG_VG250_2026_01_01
14521280,Heidersdorf,14,14521,1,true,true,2026-01-01,BKG_VG250_2026_01_01
14521290,Hohndorf,14,14521,1,true,true,2026-01-01,BKG_VG250_2026_01_01
14521310,Jahnsdorf/Erzgeb.,14,14521,1,true,true,2026-01-01,BKG_VG250_2026_01_01
14521320,Johanngeorgenstadt,14,14521,1,true,true,2026-01-01,BKG_VG250_2026_01_01
14521330,Jöhstadt,14,14521,1,true,true,2026-01-01,BKG_VG250_2026_01_01
14521340,Königswalde,14,14521,1,true,true,2026-01-01,BKG_VG250_2026_01_01
14521355,Lauter-Bernsbach,14,14521,1,true,true,2026-01-01,BKG_VG250_2026_01_01
14521370,Lößnitz,14,14521,1,true,true,2026-01-01,BKG_VG250_2026_01_01
14521380,Lugau/Erzgeb.,14,14521,1,true,true,2026-01-01,BKG_VG250_2026_01_01
14521390,Marienberg,14,14521,1,true,true,2026-01-01,BKG_VG250_2026_01_01
14521400,Mildenau,14,14521,1,true,true,2026-01-01,BKG_VG250_2026_01_01
14521410,Neukirchen/Erzgeb.,14,14521,1,true,true,2026-01-01,BKG_VG250_2026_01_01
14521420,Niederdorf,14,14521,1,true,true,2026-01-01,BKG_VG250_2026_01_01
14521430,Niederwürschnitz,14,14521,1,true,true,2026-01-01,BKG_VG250_2026_01_01
14521440,Oberwiesenthal,14,14521,1,true,true,2026-01-01,BKG_VG250_2026_01_01
14521450,Oelsnitz/Erzgeb.,14,14521,1,true,true,2026-01-01,BKG_VG250_2026_01_01
14521460,Olbernhau,14,14521,1,true,true,2026-01-01,BKG_VG250_2026_01_01
14521495,Pockau-Lengefeld,14,14521,1,true,true,2026-01-01,BKG_VG250_2026_01_01
14521500,Raschau-Markersbach,14,14521,1,true,true,2026-01-01,BKG_VG250_2026_01_01
14521510,Scheibenberg,14,14521,1,true,true,2026-01-01,BKG_VG250_2026_01_01
14521520,Schlettau,14,14521,1,true,true,2026-01-01,BKG_VG250_2026_01_01
14521530,Schneeberg,14,14521,1,true,true,2026-01-01,BKG_VG250_2026_01_01
14521540,Schönheide,14,14521,1,true,true,2026-01-01,BKG_VG250_2026_01_01
14521550,Schwarzenberg/Erzgeb.,14,14521,1,true,true,2026-01-01,BKG_VG250_2026_01_01
14521560,Sehmatal,14,14521,1,true,true,2026-01-01,BKG_VG250_2026_01_01
14521570,Seiffen/Erzgeb.,14,14521,1,true,true,2026-01-01,BKG_VG250_2026_01_01
14521590,Stollberg/Erzgeb.,14,14521,1,true,true,2026-01-01,BKG_VG250_2026_01_01
14521600,Stützengrün,14,14521,1,true,true,2026-01-01,BKG_VG250_2026_01_01
14521610,Tannenberg,14,14521,1,true,true,2026-01-01,BKG_VG250_2026_01_01
14521620,Thalheim/Erzgeb.,14,14521,1,true,true,2026-01-01,BKG_VG250_2026_01_01
14521630,Thermalbad Wiesenbad,14,14521,1,true,true,2026-01-01,BKG_VG250_2026_01_01
14521640,Thum,14,14521,1,true,true,2026-01-01,BKG_VG250_2026_01_01
14521670,Wolkenstein,14,14521,1,true,true,2026-01-01,BKG_VG250_2026_01_01
14521690,Zschopau,14,14521,1,true,true,2026-01-01,BKG_VG250_2026_01_01
14521700,Zschorlau,14,14521,1,true,true,2026-01-01,BKG_VG250_2026_01_01
14521710,Zwönitz,14,14521,1,true,true,2026-01-01,BKG_VG250_2026_01_01
14522010,Altmittweida,14,14522,1,true,true,2026-01-01,BKG_VG250_2026_01_01
14522020,Augustusburg,14,14522,1,true,true,2026-01-01,BKG_VG250_2026_01_01
14522035,Bobritzsch-Hilbersdorf,14,14522,1,true,true,2026-01-01,BKG_VG250_2026_01_01
14522050,Brand-Erbisdorf,14,14522,1,true,true,2026-01-01,BKG_VG250_2026_01_01
14522060,Burgstädt,14,14522,1,true,true,2026-01-01,BKG_VG250_2026_01_01
14522070,Claußnitz,14,14522,1,true,true,2026-01-01,BKG_VG250_2026_01_01
14522080,Döbeln,14,14522,1,true,true,2026-01-01,BKG_VG250_2026_01_01
14522090,Dorfchemnitz,14,14522,1,true,true,2026-01-01,BKG_VG250_2026_01_01
14522110,Eppendorf,14,14522,1,true,true,2026-01-01,BKG_VG250_2026_01_01
14522120,Erlau,14,14522,1,true,true,2026-01-01,BKG_VG250_2026_01_01
14522140,Flöha,14,14522,1,true,true,2026-01-01,BKG_VG250_2026_01_01
14522150,Frankenberg/Sa.,14,14522,1,true,true,2026-01-01,BKG_VG250_2026_01_01
14522170,Frauenstein,14,14522,1,true,true,2026-01-01,BKG_VG250_2026_01_01
14522180,Freiberg,14,14522,1,true,true,2026-01-01,BKG_VG250_2026_01_01
14522190,Geringswalde,14,14522,1,true,true,2026-01-01,BKG_VG250_2026_01_01
14522200,Großhartmannsdorf,14,14522,1,true,true,2026-01-01,BKG_VG250_2026_01_01
14522210,Großschirma,14,14522,1,true,true,2026-01-01,BKG_VG250_2026_01_01
14522220,Großweitzschen,14,14522,1,true,true,2026-01-01,BKG_VG250_2026_01_01
14522230,Hainichen,14,14522,1,true,true,2026-01-01,BKG_VG250_2026_01_01
14522240,Halsbrücke,14,14522,1,true,true,2026-01-01,BKG_VG250_2026_01_01
14522250,Hartha,14,14522,1,true,true,2026-01-01,BKG_VG250_2026_01_01
14522260,Hartmannsdorf,14,14522,1,true,true,2026-01-01,BKG_VG250_2026_01_01
14522275,Jahnatal,14,14522,1,true,true,2026-01-01,BKG_VG250_2026_01_01
14522280,Königsfeld,14,14522,1,true,true,2026-01-01,BKG_VG250_2026_01_01
14522290,Königshain-Wiederau,14,14522,1,true,true,2026-01-01,BKG_VG250_2026_01_01
14522300,Kriebstein,14,14522,1,true,true,2026-01-01,BKG_VG250_2026_01_01
14522310,Leisnig,14,14522,1,true,true,2026-01-01,BKG_VG250_2026_01_01
14522320,Leubsdorf,14,14522,1,true,true,2026-01-01,BKG_VG250_2026_01_01
14522330,Lichtenau,14,14522,1,true,true,2026-01-01,BKG_VG250_2026_01_01
14522340,Lichtenberg/Erzgeb.,14,14522,1,true,true,2026-01-01,BKG_VG250_2026_01_01
14522350,Lunzenau,14,14522,1,true,true,2026-01-01,BKG_VG250_2026_01_01
14522360,Mittweida,14,14522,1,true,true,2026-01-01,BKG_VG250_2026_01_01
14522380,Mühlau,14,14522,1,true,true,2026-01-01,BKG_VG250_2026_01_01
14522390,Mulda/Sa.,14,14522,1,true,true,2026-01-01,BKG_VG250_2026_01_01
14522400,Neuhausen/Erzgeb.,14,14522,1,true,true,2026-01-01,BKG_VG250_2026_01_01
14522420,Niederwiesa,14,14522,1,true,true,2026-01-01,BKG_VG250_2026_01_01
14522430,Oberschöna,14,14522,1,true,true,2026-01-01,BKG_VG250_2026_01_01
14522440,Oederan,14,14522,1,true,true,2026-01-01,BKG_VG250_2026_01_01
14522460,Penig,14,14522,1,true,true,2026-01-01,BKG_VG250_2026_01_01
14522470,Rechenberg-Bienenmühle,14,14522,1,true,true,2026-01-01,BKG_VG250_2026_01_01
14522480,Reinsberg,14,14522,1,true,true,2026-01-01,BKG_VG250_2026_01_01
14522490,Rochlitz,14,14522,1,true,true,2026-01-01,BKG_VG250_2026_01_01
14522500,Rossau,14,14522,1,true,true,2026-01-01,BKG_VG250_2026_01_01
14522510,Roßwein,14,14522,1,true,true,2026-01-01,BKG_VG250_2026_01_01
14522520,Sayda,14,14522,1,true,true,2026-01-01,BKG_VG250_2026_01_01
14522530,Seelitz,14,14522,1,true,true,2026-01-01,BKG_VG250_2026_01_01
14522540,Striegistal,14,14522,1,true,true,2026-01-01,BKG_VG250_2026_01_01
14522550,Taura,14,14522,1,true,true,2026-01-01,BKG_VG250_2026_01_01
14522570,Waldheim,14,14522,1,true,true,2026-01-01,BKG_VG250_2026_01_01
14522580,Wechselburg,14,14522,1,true,true,2026-01-01,BKG_VG250_2026_01_01
14522590,Weißenborn/Erzgeb.,14,14522,1,true,true,2026-01-01,BKG_VG250_2026_01_01
14522600,Zettlitz,14,14522,1,true,true,2026-01-01,BKG_VG250_2026_01_01
14523010,Adorf/Vogtl.,14,14523,1,true,true,2026-01-01,BKG_VG250_2026_01_01
14523020,Auerbach/Vogtl.,14,14523,1,true,true,2026-01-01,BKG_VG250_2026_01_01
14523030,Bad Brambach,14,14523,1,true,true,2026-01-01,BKG_VG250_2026_01_01
14523040,Bad Elster,14,14523,1,true,true,2026-01-01,BKG_VG250_2026_01_01
14523050,Bergen,14,14523,1,true,true,2026-01-01,BKG_VG250_2026_01_01
14523060,Bösenbrunn,14,14523,1,true,true,2026-01-01,BKG_VG250_2026_01_01
14523080,Eichigt,14,14523,1,true,true,2026-01-01,BKG_VG250_2026_01_01
14523090,Ellefeld,14,14523,1,true,true,2026-01-01,BKG_VG250_2026_01_01
14523100,Elsterberg,14,14523,1,true,true,2026-01-01,BKG_VG250_2026_01_01
14523120,Falkenstein/Vogtl.,14,14523,1,true,true,2026-01-01,BKG_VG250_2026_01_01
14523130,Grünbach,14,14523,1,true,true,2026-01-01,BKG_VG250_2026_01_01
14523150,Heinsdorfergrund,14,14523,1,true,true,2026-01-01,BKG_VG250_2026_01_01
14523160,Klingenthal,14,14523,1,true,true,2026-01-01,BKG_VG250_2026_01_01
14523170,Lengenfeld,14,14523,1,true,true,2026-01-01,BKG_VG250_2026_01_01
14523190,Limbach,14,14523,1,true,true,2026-01-01,BKG_VG250_2026_01_01
14523200,Markneukirchen,14,14523,1,true,true,2026-01-01,BKG_VG250_2026_01_01
14523230,Mühlental,14,14523,1,true,true,2026-01-01,BKG_VG250_2026_01_01
14523245,Muldenhammer,14,14523,1,true,true,2026-01-01,BKG_VG250_2026_01_01
14523260,Netzschkau,14,14523,1,true,true,2026-01-01,BKG_VG250_2026_01_01
14523270,Neuensalz,14,14523,1,true,true,2026-01-01,BKG_VG250_2026_01_01
14523280,Neumark,14,14523,1,true,true,2026-01-01,BKG_VG250_2026_01_01
14523290,Neustadt/Vogtl.,14,14523,1,true,true,2026-01-01,BKG_VG250_2026_01_01
14523300,Oelsnitz/Vogtl.,14,14523,1,true,true,2026-01-01,BKG_VG250_2026_01_01
14523310,Pausa-Mühltroff,14,14523,1,true,true,2026-01-01,BKG_VG250_2026_01_01
14523320,Plauen,14,14523,1,true,true,2026-01-01,BKG_VG250_2026_01_01
14523330,Pöhl,14,14523,1,true,true,2026-01-01,BKG_VG250_2026_01_01
14523340,Reichenbach im Vogtland,14,14523,1,true,true,2026-01-01,BKG_VG250_2026_01_01
14523360,Rodewisch,14,14523,1,true,true,2026-01-01,BKG_VG250_2026_01_01
14523365,Rosenbach/Vogtl.,14,14523,1,true,true,2026-01-01,BKG_VG250_2026_01_01
14523370,Schöneck/Vogtl.,14,14523,1,true,true,2026-01-01,BKG_VG250_2026_01_01
14523380,Steinberg,14,14523,1,true,true,2026-01-01,BKG_VG250_2026_01_01
14523410,Theuma,14,14523,1,true,true,2026-01-01,BKG_VG250_2026_01_01
14523420,Tirpersdorf,14,14523,1,true,true,2026-01-01,BKG_VG250_2026_01_01
14523430,Treuen,14,14523,1,true,true,2026-01-01,BKG_VG250_2026_01_01
14523440,Triebel/Vogtl.,14,14523,1,true,true,2026-01-01,BKG_VG250_2026_01_01
14523450,Weischlitz,14,14523,1,true,true,2026-01-01,BKG_VG250_2026_01_01
14523460,Werda,14,14523,1,true,true,2026-01-01,BKG_VG250_2026_01_01
14524010,Bernsdorf,14,14524,1,true,true,2026-01-01,BKG_VG250_2026_01_01
14524020,Callenberg,14,14524,1,true,true,2026-01-01,BKG_VG250_2026_01_01
14524030,Crimmitschau,14,14524,1,true,true,2026-01-01,BKG_VG250_2026_01_01
14524040,Crinitzberg,14,14524,1,true,true,2026-01-01,BKG_VG250_2026_01_01
14524050,Dennheritz,14,14524,1,true,true,2026-01-01,BKG_VG250_2026_01_01
14524060,Fraureuth,14,14524,1,true,true,2026-01-01,BKG_VG250_2026_01_01
14524070,Gersdorf,14,14524,1,true,true,2026-01-01,BKG_VG250_2026_01_01
14524080,Glauchau,14,14524,1,true,true,2026-01-01,BKG_VG250_2026_01_01
14524090,Hartenstein,14,14524,1,true,true,2026-01-01,BKG_VG250_2026_01_01
14524100,Hartmannsdorf b.Kirchberg,14,14524,1,true,true,2026-01-01,BKG_VG250_2026_01_01
14524110,Hirschfeld,14,14524,1,true,true,2026-01-01,BKG_VG250_2026_01_01
14524120,Hohenstein-Ernstthal,14,14524,1,true,true,2026-01-01,BKG_VG250_2026_01_01
14524130,Kirchberg,14,14524,1,true,true,2026-01-01,BKG_VG250_2026_01_01
14524140,Langenbernsdorf,14,14524,1,true,true,2026-01-01,BKG_VG250_2026_01_01
14524150,Langenweißbach,14,14524,1,true,true,2026-01-01,BKG_VG250_2026_01_01
14524160,Lichtenstein/Sa.,14,14524,1,true,true,2026-01-01,BKG_VG250_2026_01_01
14524170,Lichtentanne,14,14524,1,true,true,2026-01-01,BKG_VG250_2026_01_01
14524180,Limbach-Oberfrohna,14,14524,1,true,true,2026-01-01,BKG_VG250_2026_01_01
14524190,Meerane,14,14524,1,true,true,2026-01-01,BKG_VG250_2026_01_01
14524200,Mülsen,14,14524,1,true,true,2026-01-01,BKG_VG250_2026_01_01
14524210,Neukirchen/Pleiße,14,14524,1,true,true,2026-01-01,BKG_VG250_2026_01_01
14524220,Niederfrohna,14,14524,1,true,true,2026-01-01,BKG_VG250_2026_01_01
14524230,Oberlungwitz,14,14524,1,true,true,2026-01-01,BKG_VG250_2026_01_01
14524240,Oberwiera,14,14524,1,true,true,2026-01-01,BKG_VG250_2026_01_01
14524250,Reinsdorf,14,14524,1,true,true,2026-01-01,BKG_VG250_2026_01_01
14524260,Remse,14,14524,1,true,true,2026-01-01,BKG_VG250_2026_01_01
14524270,Schönberg,14,14524,1,true,true,2026-01-01,BKG_VG250_2026_01_01
14524280,St. Egidien,14,14524,1,true,true,2026-01-01,BKG_VG250_2026_01_01
14524290,Waldenburg,14,14524,1,true,true,2026-01-01,BKG_VG250_2026_01_01
14524300,Werdau,14,14524,1,true,true,2026-01-01,BKG_VG250_2026_01_01
14524310,Wildenfels,14,14524,1,true,true,2026-01-01,BKG_VG250_2026_01_01
14524320,Wilkau-Haßlau,14,14524,1,true,true,2026-01-01,BKG_VG250_2026_01_01
14524330,Zwickau,14,14524,1,true,true,2026-01-01,BKG_VG250_2026_01_01
14612000,Dresden,14,14612,1,true,true,2026-01-01,BKG_VG250_2026_01_01
14625010,Arnsdorf,14,14625,1,true,true,2026-01-01,BKG_VG250_2026_01_01
14625020,Bautzen,14,14625,1,true,true,2026-01-01,BKG_VG250_2026_01_01
14625030,Bernsdorf,14,14625,1,true,true,2026-01-01,BKG_VG250_2026_01_01
14625040,Bischofswerda,14,14625,1,true,true,2026-01-01,BKG_VG250_2026_01_01
14625060,Burkau,14,14625,1,true,true,2026-01-01,BKG_VG250_2026_01_01
14625080,Crostwitz,14,14625,1,true,true,2026-01-01,BKG_VG250_2026_01_01
14625090,Cunewalde,14,14625,1,true,true,2026-01-01,BKG_VG250_2026_01_01
14625100,Demitz-Thumitz,14,14625,1,true,true,2026-01-01,BKG_VG250_2026_01_01
14625110,Doberschau-Gaußig,14,14625,1,true,true,2026-01-01,BKG_VG250_2026_01_01
14625120,Elsterheide,14,14625,1,true,true,2026-01-01,BKG_VG250_2026_01_01
14625130,Elstra,14,14625,1,true,true,2026-01-01,BKG_VG250_2026_01_01
14625140,Frankenthal,14,14625,1,true,true,2026-01-01,BKG_VG250_2026_01_01
14625150,Göda,14,14625,1,true,true,2026-01-01,BKG_VG250_2026_01_01
14625160,Großdubrau,14,14625,1,true,true,2026-01-01,BKG_VG250_2026_01_01
14625170,Großharthau,14,14625,1,true,true,2026-01-01,BKG_VG250_2026_01_01
14625180,Großnaundorf,14,14625,1,true,true,2026-01-01,BKG_VG250_2026_01_01
14625190,Großpostwitz/O.L.,14,14625,1,true,true,2026-01-01,BKG_VG250_2026_01_01
14625200,Großröhrsdorf,14,14625,1,true,true,2026-01-01,BKG_VG250_2026_01_01
14625220,Haselbachtal,14,14625,1,true,true,2026-01-01,BKG_VG250_2026_01_01
14625230,Hochkirch,14,14625,1,true,true,2026-01-01,BKG_VG250_2026_01_01
14625240,Hoyerswerda,14,14625,1,true,true,2026-01-01,BKG_VG250_2026_01_01
14625250,Kamenz,14,14625,1,true,true,2026-01-01,BKG_VG250_2026_01_01
14625270,Königsbrück,14,14625,1,true,true,2026-01-01,BKG_VG250_2026_01_01
14625280,Königswartha,14,14625,1,true,true,2026-01-01,BKG_VG250_2026_01_01
14625290,Kubschütz,14,14625,1,true,true,2026-01-01,BKG_VG250_2026_01_01
14625300,Laußnitz,14,14625,1,true,true,2026-01-01,BKG_VG250_2026_01_01
14625310,Lauta,14,14625,1,true,true,2026-01-01,BKG_VG250_2026_01_01
14625320,Lichtenberg,14,14625,1,true,true,2026-01-01,BKG_VG250_2026_01_01
14625330,Lohsa,14,14625,1,true,true,2026-01-01,BKG_VG250_2026_01_01
14625340,Malschwitz,14,14625,1,true,true,2026-01-01,BKG_VG250_2026_01_01
14625350,Nebelschütz,14,14625,1,true,true,2026-01-01,BKG_VG250_2026_01_01
14625360,Neschwitz,14,14625,1,true,true,2026-01-01,BKG_VG250_2026_01_01
14625370,Neukirch,14,14625,1,true,true,2026-01-01,BKG_VG250_2026_01_01
14625380,Neukirch/Lausitz,14,14625,1,true,true,2026-01-01,BKG_VG250_2026_01_01
14625390,Obergurig,14,14625,1,true,true,2026-01-01,BKG_VG250_2026_01_01
14625410,Ohorn,14,14625,1,true,true,2026-01-01,BKG_VG250_2026_01_01
14625420,Oßling,14,14625,1,true,true,2026-01-01,BKG_VG250_2026_01_01
14625430,Ottendorf-Okrilla,14,14625,1,true,true,2026-01-01,BKG_VG250_2026_01_01
14625440,Panschwitz-Kuckau,14,14625,1,true,true,2026-01-01,BKG_VG250_2026_01_01
14625450,Pulsnitz,14,14625,1,true,true,2026-01-01,BKG_VG250_2026_01_01
14625460,Puschwitz,14,14625,1,true,true,2026-01-01,BKG_VG250_2026_01_01
14625470,Räckelwitz,14,14625,1,true,true,2026-01-01,BKG_VG250_2026_01_01
14625480,Radeberg,14,14625,1,true,true,2026-01-01,BKG_VG250_2026_01_01
14625490,Radibor,14,14625,1,true,true,2026-01-01,BKG_VG250_2026_01_01
14625500,Ralbitz-Rosenthal,14,14625,1,true,true,2026-01-01,BKG_VG250_2026_01_01
14625510,Rammenau,14,14625,1,true,true,2026-01-01,BKG_VG250_2026_01_01
14625525,Schirgiswalde-Kirschau,14,14625,1,true,true,2026-01-01,BKG_VG250_2026_01_01
14625530,Schmölln-Putzkau,14,14625,1,true,true,2026-01-01,BKG_VG250_2026_01_01
14625550,Schwepnitz,14,14625,1,true,true,2026-01-01,BKG_VG250_2026_01_01
14625560,Sohland a.d.Spree,14,14625,1,true,true,2026-01-01,BKG_VG250_2026_01_01
14625570,Spreetal,14,14625,1,true,true,2026-01-01,BKG_VG250_2026_01_01
14625580,Steina,14,14625,1,true,true,2026-01-01,BKG_VG250_2026_01_01
14625590,Steinigtwolmsdorf,14,14625,1,true,true,2026-01-01,BKG_VG250_2026_01_01
14625600,Wachau,14,14625,1,true,true,2026-01-01,BKG_VG250_2026_01_01
14625610,Weißenberg,14,14625,1,true,true,2026-01-01,BKG_VG250_2026_01_01
14625630,Wilthen,14,14625,1,true,true,2026-01-01,BKG_VG250_2026_01_01
14625640,Wittichenau,14,14625,1,true,true,2026-01-01,BKG_VG250_2026_01_01
14626010,Bad Muskau,14,14626,1,true,true,2026-01-01,BKG_VG250_2026_01_01
14626020,Beiersdorf,14,14626,1,true,true,2026-01-01,BKG_VG250_2026_01_01
14626030,Bernstadt a.d.Eigen,14,14626,1,true,true,2026-01-01,BKG_VG250_2026_01_01
14626050,Bertsdorf-Hörnitz,14,14626,1,true,true,2026-01-01,BKG_VG250_2026_01_01
14626060,Boxberg/O.L.,14,14626,1,true,true,2026-01-01,BKG_VG250_2026_01_01
14626070,Dürrhennersdorf,14,14626,1,true,true,2026-01-01,BKG_VG250_2026_01_01
14626085,Ebersbach-Neugersdorf,14,14626,1,true,true,2026-01-01,BKG_VG250_2026_01_01
14626100,Gablenz,14,14626,1,true,true,2026-01-01,BKG_VG250_2026_01_01
14626110,Görlitz,14,14626,1,true,true,2026-01-01,BKG_VG250_2026_01_01
14626120,Groß Düben,14,14626,1,true,true,2026-01-01,BKG_VG250_2026_01_01
14626140,Großschönau,14,14626,1,true,true,2026-01-01,BKG_VG250_2026_01_01
14626150,Großschweidnitz,14,14626,1,true,true,2026-01-01,BKG_VG250_2026_01_01
14626160,Hähnichen,14,14626,1,true,true,2026-01-01,BKG_VG250_2026_01_01
14626170,Hainewalde,14,14626,1,true,true,2026-01-01,BKG_VG250_2026_01_01
14626180,Herrnhut,14,14626,1,true,true,2026-01-01,BKG_VG250_2026_01_01
14626190,Hohendubrau,14,14626,1,true,true,2026-01-01,BKG_VG250_2026_01_01
14626200,Horka,14,14626,1,true,true,2026-01-01,BKG_VG250_2026_01_01
14626210,Jonsdorf,14,14626,1,true,true,2026-01-01,BKG_VG250_2026_01_01
14626230,Kodersdorf,14,14626,1,true,true,2026-01-01,BKG_VG250_2026_01_01
14626240,Königshain,14,14626,1,true,true,2026-01-01,BKG_VG250_2026_01_01
14626245,Kottmar,14,14626,1,true,true,2026-01-01,BKG_VG250_2026_01_01
14626250,Krauschwitz i.d.O.L.,14,14626,1,true,true,2026-01-01,BKG_VG250_2026_01_01
14626260,Kreba-Neudorf,14,14626,1,true,true,2026-01-01,BKG_VG250_2026_01_01
14626270,Lawalde,14,14626,1,true,true,2026-01-01,BKG_VG250_2026_01_01
14626280,Leutersdorf,14,14626,1,true,true,2026-01-01,BKG_VG250_2026_01_01
14626290,Löbau,14,14626,1,true,true,2026-01-01,BKG_VG250_2026_01_01
14626300,Markersdorf,14,14626,1,true,true,2026-01-01,BKG_VG250_2026_01_01
14626310,Mittelherwigsdorf,14,14626,1,true,true,2026-01-01,BKG_VG250_2026_01_01
14626320,Mücka,14,14626,1,true,true,2026-01-01,BKG_VG250_2026_01_01
14626330,Neißeaue,14,14626,1,true,true,2026-01-01,BKG_VG250_2026_01_01
14626350,Neusalza-Spremberg,14,14626,1,true,true,2026-01-01,BKG_VG250_2026_01_01
14626370,Niesky,14,14626,1,true,true,2026-01-01,BKG_VG250_2026_01_01
14626390,Oderwitz,14,14626,1,true,true,2026-01-01,BKG_VG250_2026_01_01
14626400,Olbersdorf,14,14626,1,true,true,2026-01-01,BKG_VG250_2026_01_01
14626410,Oppach,14,14626,1,true,true,2026-01-01,BKG_VG250_2026_01_01
14626420,Ostritz,14,14626,1,true,true,2026-01-01,BKG_VG250_2026_01_01
14626430,Oybin,14,14626,1,true,true,2026-01-01,BKG_VG250_2026_01_01
14626440,Quitzdorf am See,14,14626,1,true,true,2026-01-01,BKG_VG250_2026_01_01
14626450,Reichenbach/O.L.,14,14626,1,true,true,2026-01-01,BKG_VG250_2026_01_01
14626460,Rietschen,14,14626,1,true,true,2026-01-01,BKG_VG250_2026_01_01
14626470,Rosenbach,14,14626,1,true,true,2026-01-01,BKG_VG250_2026_01_01
14626480,Rothenburg/O.L.,14,14626,1,true,true,2026-01-01,BKG_VG250_2026_01_01
14626490,Schleife,14,14626,1,true,true,2026-01-01,BKG_VG250_2026_01_01
14626500,Schönau-Berzdorf a.d.Eigen,14,14626,1,true,true,2026-01-01,BKG_VG250_2026_01_01
14626510,Schönbach,14,14626,1,true,true,2026-01-01,BKG_VG250_2026_01_01
14626520,Schöpstal,14,14626,1,true,true,2026-01-01,BKG_VG250_2026_01_01
14626530,Seifhennersdorf,14,14626,1,true,true,2026-01-01,BKG_VG250_2026_01_01
14626560,Trebendorf,14,14626,1,true,true,2026-01-01,BKG_VG250_2026_01_01
14626570,Vierkirchen,14,14626,1,true,true,2026-01-01,BKG_VG250_2026_01_01
14626580,Waldhufen,14,14626,1,true,true,2026-01-01,BKG_VG250_2026_01_01
14626590,Weißkeißel,14,14626,1,true,true,2026-01-01,BKG_VG250_2026_01_01
14626600,Weißwasser/O.L.,14,14626,1,true,true,2026-01-01,BKG_VG250_2026_01_01
14626610,Zittau,14,14626,1,true,true,2026-01-01,BKG_VG250_2026_01_01
14627010,Coswig,14,14627,1,true,true,2026-01-01,BKG_VG250_2026_01_01
14627020,Diera-Zehren,14,14627,1,true,true,2026-01-01,BKG_VG250_2026_01_01
14627030,Ebersbach,14,14627,1,true,true,2026-01-01,BKG_VG250_2026_01_01
14627040,Glaubitz,14,14627,1,true,true,2026-01-01,BKG_VG250_2026_01_01
14627050,Gröditz,14,14627,1,true,true,2026-01-01,BKG_VG250_2026_01_01
14627060,Großenhain,14,14627,1,true,true,2026-01-01,BKG_VG250_2026_01_01
14627070,Hirschstein,14,14627,1,true,true,2026-01-01,BKG_VG250_2026_01_01
14627080,Käbschütztal,14,14627,1,true,true,2026-01-01,BKG_VG250_2026_01_01
14627100,Klipphausen,14,14627,1,true,true,2026-01-01,BKG_VG250_2026_01_01
14627110,Lampertswalde,14,14627,1,true,true,2026-01-01,BKG_VG250_2026_01_01
14627130,Lommatzsch,14,14627,1,true,true,2026-01-01,BKG_VG250_2026_01_01
14627140,Meißen,14,14627,1,true,true,2026-01-01,BKG_VG250_2026_01_01
14627150,Moritzburg,14,14627,1,true,true,2026-01-01,BKG_VG250_2026_01_01
14627170,Niederau,14,14627,1,true,true,2026-01-01,BKG_VG250_2026_01_01
14627180,Nossen,14,14627,1,true,true,2026-01-01,BKG_VG250_2026_01_01
14627190,Nünchritz,14,14627,1,true,true,2026-01-01,BKG_VG250_2026_01_01
14627200,Priestewitz,14,14627,1,true,true,2026-01-01,BKG_VG250_2026_01_01
14627210,Radebeul,14,14627,1,true,true,2026-01-01,BKG_VG250_2026_01_01
14627220,Radeburg,14,14627,1,true,true,2026-01-01,BKG_VG250_2026_01_01
14627230,Riesa,14,14627,1,true,true,2026-01-01,BKG_VG250_2026_01_01
14627240,Röderaue,14,14627,1,true,true,2026-01-01,BKG_VG250_2026_01_01
14627250,Schönfeld,14,14627,1,true,true,2026-01-01,BKG_VG250_2026_01_01
14627260,Stauchitz,14,14627,1,true,true,2026-01-01,BKG_VG250_2026_01_01
14627270,Strehla,14,14627,1,true,true,2026-01-01,BKG_VG250_2026_01_01
14627290,Thiendorf,14,14627,1,true,true,2026-01-01,BKG_VG250_2026_01_01
14627310,Weinböhla,14,14627,1,true,true,2026-01-01,BKG_VG250_2026_01_01
14627340,Wülknitz,14,14627,1,true,true,2026-01-01,BKG_VG250_2026_01_01
14627360,Zeithain,14,14627,1,true,true,2026-01-01,BKG_VG250_2026_01_01
14628010,Altenberg,14,14628,1,true,true,2026-01-01,BKG_VG250_2026_01_01
14628020,Bad Gottleuba-Berggießhübel,14,14628,1,true,true,2026-01-01,BKG_VG250_2026_01_01
14628030,Bad Schandau,14,14628,1,true,true,2026-01-01,BKG_VG250_2026_01_01
14628040,Bahretal,14,14628,1,true,true,2026-01-01,BKG_VG250_2026_01_01
14628050,Bannewitz,14,14628,1,true,true,2026-01-01,BKG_VG250_2026_01_01
14628060,Dippoldiswalde,14,14628,1,true,true,2026-01-01,BKG_VG250_2026_01_01
14628070,Dohma,14,14628,1,true,true,2026-01-01,BKG_VG250_2026_01_01
14628080,Dohna,14,14628,1,true,true,2026-01-01,BKG_VG250_2026_01_01
14628090,Dorfhain,14,14628,1,true,true,2026-01-01,BKG_VG250_2026_01_01
14628100,Dürrröhrsdorf-Dittersbach,14,14628,1,true,true,2026-01-01,BKG_VG250_2026_01_01
14628110,Freital,14,14628,1,true,true,2026-01-01,BKG_VG250_2026_01_01
14628130,Glashütte,14,14628,1,true,true,2026-01-01,BKG_VG250_2026_01_01
14628140,Gohrisch,14,14628,1,true,true,2026-01-01,BKG_VG250_2026_01_01
14628150,Hartmannsdorf-Reichenau,14,14628,1,true,true,2026-01-01,BKG_VG250_2026_01_01
14628160,Heidenau,14,14628,1,true,true,2026-01-01,BKG_VG250_2026_01_01
14628170,Hermsdorf/Erzgeb.,14,14628,1,true,true,2026-01-01,BKG_VG250_2026_01_01
14628190,Hohnstein,14,14628,1,true,true,2026-01-01,BKG_VG250_2026_01_01
14628205,Klingenberg,14,14628,1,true,true,2026-01-01,BKG_VG250_2026_01_01
14628210,Königstein/Sächs.Schw.,14,14628,1,true,true,2026-01-01,BKG_VG250_2026_01_01
14628220,Kreischa,14,14628,1,true,true,2026-01-01,BKG_VG250_2026_01_01
14628230,Liebstadt,14,14628,1,true,true,2026-01-01,BKG_VG250_2026_01_01
14628240,Lohmen,14,14628,1,true,true,2026-01-01,BKG_VG250_2026_01_01
14628250,Müglitztal,14,14628,1,true,true,2026-01-01,BKG_VG250_2026_01_01
14628260,Neustadt in Sachsen,14,14628,1,true,true,2026-01-01,BKG_VG250_2026_01_01
14628270,Pirna,14,14628,1,true,true,2026-01-01,BKG_VG250_2026_01_01
14628300,Rabenau,14,14628,1,true,true,2026-01-01,BKG_VG250_2026_01_01
14628310,Rathen,14,14628,1,true,true,2026-01-01,BKG_VG250_2026_01_01
14628320,Rathmannsdorf,14,14628,1,true,true,2026-01-01,BKG_VG250_2026_01_01
14628330,Reinhardtsdorf-Schöna,14,14628,1,true,true,2026-01-01,BKG_VG250_2026_01_01
14628340,Rosenthal-Bielatal,14,14628,1,true,true,2026-01-01,BKG_VG250_2026_01_01
14628360,Sebnitz,14,14628,1,true,true,2026-01-01,BKG_VG250_2026_01_01
14628370,Stadt Wehlen,14,14628,1,true,true,2026-01-01,BKG_VG250_2026_01_01
14628380,Stolpen,14,14628,1,true,true,2026-01-01,BKG_VG250_2026_01_01
14628390,Struppen,14,14628,1,true,true,2026-01-01,BKG_VG250_2026_01_01
14628400,Tharandt,14,14628,1,true,true,2026-01-01,BKG_VG250_2026_01_01
14628410,Wilsdruff,14,14628,1,true,true,2026-01-01,BKG_VG250_2026_01_01
14713000,Leipzig,14,14713,1,true,true,2026-01-01,BKG_VG250_2026_01_01
14729010,Bad Lausick,14,14729,1,true,true,2026-01-01,BKG_VG250_2026_01_01
14729020,Belgershain,14,14729,1,true,true,2026-01-01,BKG_VG250_2026_01_01
14729030,Bennewitz,14,14729,1,true,true,2026-01-01,BKG_VG250_2026_01_01
14729040,Böhlen,14,14729,1,true,true,2026-01-01,BKG_VG250_2026_01_01
14729050,Borna,14,14729,1,true,true,2026-01-01,BKG_VG250_2026_01_01
14729060,Borsdorf,14,14729,1,true,true,2026-01-01,BKG_VG250_2026_01_01
14729070,Brandis,14,14729,1,true,true,2026-01-01,BKG_VG250_2026_01_01
14729080,Colditz,14,14729,1,true,true,2026-01-01,BKG_VG250_2026_01_01
14729100,Elstertrebnitz,14,14729,1,true,true,2026-01-01,BKG_VG250_2026_01_01
14729140,Frohburg,14,14729,1,true,true,2026-01-01,BKG_VG250_2026_01_01
14729150,Geithain,14,14729,1,true,true,2026-01-01,BKG_VG250_2026_01_01
14729160,Grimma,14,14729,1,true,true,2026-01-01,BKG_VG250_2026_01_01
14729170,Groitzsch,14,14729,1,true,true,2026-01-01,BKG_VG250_2026_01_01
14729190,Großpösna,14,14729,1,true,true,2026-01-01,BKG_VG250_2026_01_01
14729220,Kitzscher,14,14729,1,true,true,2026-01-01,BKG_VG250_2026_01_01
14729245,Lossatal,14,14729,1,true,true,2026-01-01,BKG_VG250_2026_01_01
14729250,Machern,14,14729,1,true,true,2026-01-01,BKG_VG250_2026_01_01
14729260,Markkleeberg,14,14729,1,true,true,2026-01-01,BKG_VG250_2026_01_01
14729270,Markranstädt,14,14729,1,true,true,2026-01-01,BKG_VG250_2026_01_01
14729300,Naunhof,14,14729,1,true,true,2026-01-01,BKG_VG250_2026_01_01
14729320,Neukieritzsch,14,14729,1,true,true,2026-01-01,BKG_VG250_2026_01_01
14729330,Otterwisch,14,14729,1,true,true,2026-01-01,BKG_VG250_2026_01_01
14729340,Parthenstein,14,14729,1,true,true,2026-01-01,BKG_VG250_2026_01_01
14729350,Pegau,14,14729,1,true,true,2026-01-01,BKG_VG250_2026_01_01
14729360,Regis-Breitingen,14,14729,1,true,true,2026-01-01,BKG_VG250_2026_01_01
14729370,Rötha,14,14729,1,true,true,2026-01-01,BKG_VG250_2026_01_01
14729380,Thallwitz,14,14729,1,true,true,2026-01-01,BKG_VG250_2026_01_01
14729400,Trebsen/Mulde,14,14729,1,true,true,2026-01-01,BKG_VG250_2026_01_01
14729410,Wurzen,14,14729,1,true,true,2026-01-01,BKG_VG250_2026_01_01
14729430,Zwenkau,14,14729,1,true,true,2026-01-01,BKG_VG250_2026_01_01
14730010,Arzberg,14,14730,1,true,true,2026-01-01,BKG_VG250_2026_01_01
14730020,Bad Düben,14,14730,1,true,true,2026-01-01,BKG_VG250_2026_01_01
14730030,Beilrode,14,14730,1,true,true,2026-01-01,BKG_VG250_2026_01_01
14730045,Belgern-Schildau,14,14730,1,true,true,2026-01-01,BKG_VG250_2026_01_01
14730050,Cavertitz,14,14730,1,true,true,2026-01-01,BKG_VG250_2026_01_01
14730060,Dahlen,14,14730,1,true,true,2026-01-01,BKG_VG250_2026_01_01
14730070,Delitzsch,14,14730,1,true,true,2026-01-01,BKG_VG250_2026_01_01
14730080,Doberschütz,14,14730,1,true,true,2026-01-01,BKG_VG250_2026_01_01
14730090,Dommitzsch,14,14730,1,true,true,2026-01-01,BKG_VG250_2026_01_01
14730100,Dreiheide,14,14730,1,true,true,2026-01-01,BKG_VG250_2026_01_01
14730110,Eilenburg,14,14730,1,true,true,2026-01-01,BKG_VG250_2026_01_01
14730120,Elsnig,14,14730,1,true,true,2026-01-01,BKG_VG250_2026_01_01
14730140,Jesewitz,14,14730,1,true,true,2026-01-01,BKG_VG250_2026_01_01
14730150,Krostitz,14,14730,1,true,true,2026-01-01,BKG_VG250_2026_01_01
14730160,Laußig,14,14730,1,true,true,2026-01-01,BKG_VG250_2026_01_01
14730170,Liebschützberg,14,14730,1,true,true,2026-01-01,BKG_VG250_2026_01_01
14730180,Löbnitz,14,14730,1,true,true,2026-01-01,BKG_VG250_2026_01_01
14730190,Mockrehna,14,14730,1,true,true,2026-01-01,BKG_VG250_2026_01_01
14730200,Mügeln,14,14730,1,true,true,2026-01-01,BKG_VG250_2026_01_01
14730210,Naundorf,14,14730,1,true,true,2026-01-01,BKG_VG250_2026_01_01
14730230,Oschatz,14,14730,1,true,true,2026-01-01,BKG_VG250_2026_01_01
14730250,Rackwitz,14,14730,1,true,true,2026-01-01,BKG_VG250_2026_01_01
14730270,Schkeuditz,14,14730,1,true,true,2026-01-01,BKG_VG250_2026_01_01
14730280,Schönwölkau,14,14730,1,true,true,2026-01-01,BKG_VG250_2026_01_01
14730300,Taucha,14,14730,1,true,true,2026-01-01,BKG_VG250_2026_01_01
14730310,Torgau,14,14730,1,true,true,2026-01-01,BKG_VG250_2026_01_01
14730320,Trossin,14,14730,1,true,true,2026-01-01,BKG_VG250_2026_01_01
14730330,Wermsdorf,14,14730,1,true,true,2026-01-01,BKG_VG250_2026_01_01
14730340,Wiedemar,14,14730,1,true,true,2026-01-01,BKG_VG250_2026_01_01
14730360,Zschepplin,14,14730,1,true,true,2026-01-01,BKG_VG250_2026_01_01
15001000,Dessau-Roßlau,15,15001,1,true,true,2026-01-01,BKG_VG250_2026_01_01
15002000,Halle (Saale),15,15002,1,true,true,2026-01-01,BKG_VG250_2026_01_01
15003000,Magdeburg,15,15003,1,true,true,2026-01-01,BKG_VG250_2026_01_01
15081026,Apenburg-Winterfeld,15,15081,1,true,true,2026-01-01,BKG_VG250_2026_01_01
15081030,Arendsee (Altmark),15,15081,1,true,true,2026-01-01,BKG_VG250_2026_01_01
15081045,Beetzendorf,15,15081,1,true,true,2026-01-01,BKG_VG250_2026_01_01
15081095,Dähre,15,15081,1,true,true,2026-01-01,BKG_VG250_2026_01_01
15081105,Diesdorf,15,15081,1,true,true,2026-01-01,BKG_VG250_2026_01_01
15081135,Gardelegen,15,15081,1,true,true,2026-01-01,BKG_VG250_2026_01_01
15081225,Jübar,15,15081,1,true,true,2026-01-01,BKG_VG250_2026_01_01
15081240,Kalbe (Milde),15,15081,1,true,true,2026-01-01,BKG_VG250_2026_01_01
15081280,Klötze,15,15081,1,true,true,2026-01-01,BKG_VG250_2026_01_01
15081290,Kuhfelde,15,15081,1,true,true,2026-01-01,BKG_VG250_2026_01_01
15081440,Rohrberg,15,15081,1,true,true,2026-01-01,BKG_VG250_2026_01_01
15081455,Salzwedel,15,15081,1,true,true,2026-01-01,BKG_VG250_2026_01_01
15081545,Wallstawe,15,15081,1,true,true,2026-01-01,BKG_VG250_2026_01_01
15082005,Aken (Elbe),15,15082,1,true,true,2026-01-01,BKG_VG250_2026_01_01
15082015,Bitterfeld-Wolfen,15,15082,1,true,true,2026-01-01,BKG_VG250_2026_01_01
15082180,Köthen (Anhalt),15,15082,1,true,true,2026-01-01,BKG_VG250_2026_01_01
15082241,Muldestausee,15,15082,1,true,true,2026-01-01,BKG_VG250_2026_01_01
15082256,Osternienburger Land,15,15082,1,true,true,2026-01-01,BKG_VG250_2026_01_01
15082301,Raguhn-Jeßnitz,15,15082,1,true,true,2026-01-01,BKG_VG250_2026_01_01
15082340,Sandersdorf-Brehna,15,15082,1,true,true,2026-01-01,BKG_VG250_2026_01_01
15082377,Südliches Anhalt,15,15082,1,true,true,2026-01-01,BKG_VG250_2026_01_01
15082430,Zerbst/Anhalt,15,15082,1,true,true,2026-01-01,BKG_VG250_2026_01_01
15082440,Zörbig,15,15082,1,true,true,2026-01-01,BKG_VG250_2026_01_01
15083020,Altenhausen,15,15083,1,true,true,2026-01-01,BKG_VG250_2026_01_01
15083025,Am Großen Bruch,15,15083,1,true,true,2026-01-01,BKG_VG250_2026_01_01
15083030,Angern,15,15083,1,true,true,2026-01-01,BKG_VG250_2026_01_01
15083035,Ausleben,15,15083,1,true,true,2026-01-01,BKG_VG250_2026_01_01
15083040,Barleben,15,15083,1,true,true,2026-01-01,BKG_VG250_2026_01_01
15083060,Beendorf,15,15083,1,true,true,2026-01-01,BKG_VG250_2026_01_01
15083115,Bülstringen,15,15083,1,true,true,2026-01-01,BKG_VG250_2026_01_01
15083120,Burgstall,15,15083,1,true,true,2026-01-01,BKG_VG250_2026_01_01
15083125,Calvörde,15,15083,1,true,true,2026-01-01,BKG_VG250_2026_01_01
15083130,Colbitz,15,15083,1,true,true,2026-01-01,BKG_VG250_2026_01_01
15083190,Eilsleben,15,15083,1,true,true,2026-01-01,BKG_VG250_2026_01_01
15083205,Erxleben,15,15083,1,true,true,2026-01-01,BKG_VG250_2026_01_01
15083230,Flechtingen,15,15083,1,true,true,2026-01-01,BKG_VG250_2026_01_01
15083245,Gröningen,15,15083,1,true,true,2026-01-01,BKG_VG250_2026_01_01
15083270,Haldensleben,15,15083,1,true,true,2026-01-01,BKG_VG250_2026_01_01
15083275,Harbke,15,15083,1,true,true,2026-01-01,BKG_VG250_2026_01_01
15083298,Hohe Börde,15,15083,1,true,true,2026-01-01,BKG_VG250_2026_01_01
15083320,Hötensleben,15,15083,1,true,true,2026-01-01,BKG_VG250_2026_01_01
15083323,Ingersleben,15,15083,1,true,true,2026-01-01,BKG_VG250_2026_01_01
15083355,Kroppenstedt,15,15083,1,true,true,2026-01-01,BKG_VG250_2026_01_01
15083361,Loitsche-Heinrichsberg,15,15083,1,true,true,2026-01-01,BKG_VG250_2026_01_01
15083390,Niedere Börde,15,15083,1,true,true,2026-01-01,BKG_VG250_2026_01_01
15083411,Oebisfelde-Weferlingen,15,15083,1,true,true,2026-01-01,BKG_VG250_2026_01_01
15083415,Oschersleben (Bode),15,15083,1,true,true,2026-01-01,BKG_VG250_2026_01_01
15083440,Rogätz,15,15083,1,true,true,2026-01-01,BKG_VG250_2026_01_01
15083485,Sommersdorf,15,15083,1,true,true,2026-01-01,BKG_VG250_2026_01_01
15083490,Sülzetal,15,15083,1,true,true,2026-01-01,BKG_VG250_2026_01_01
15083505,Ummendorf,15,15083,1,true,true,2026-01-01,BKG_VG250_2026_01_01
15083515,Völpke,15,15083,1,true,true,2026-01-01,BKG_VG250_2026_01_01
15083531,Wanzleben-Börde,15,15083,1,true,true,2026-01-01,BKG_VG250_2026_01_01
15083535,Wefensleben,15,15083,1,true,true,2026-01-01,BKG_VG250_2026_01_01
15083557,Westheide,15,15083,1,true,true,2026-01-01,BKG_VG250_2026_01_01
15083565,Wolmirstedt,15,15083,1,true,true,2026-01-01,BKG_VG250_2026_01_01
15083580,Zielitz,15,15083,1,true,true,2026-01-01,BKG_VG250_2026_01_01
15084012,An der Poststraße,15,15084,1,true,true,2026-01-01,BKG_VG250_2026_01_01
15084013,Meineweh,15,15084,1,true,true,2026-01-01,BKG_VG250_2026_01_01
15084015,Bad Bibra,15,15084,1,true,true,2026-01-01,BKG_VG250_2026_01_01
15084025,Balgstädt,15,15084,1,true,true,2026-01-01,BKG_VG250_2026_01_01
15084115,Droyßig,15,15084,1,true,true,2026-01-01,BKG_VG250_2026_01_01
15084125,Eckartsberga,15,15084,1,true,true,2026-01-01,BKG_VG250_2026_01_01
15084130,Elsteraue,15,15084,1,true,true,2026-01-01,BKG_VG250_2026_01_01
15084132,Finne,15,15084,1,true,true,2026-01-01,BKG_VG250_2026_01_01
15084133,Finneland,15,15084,1,true,true,2026-01-01,BKG_VG250_2026_01_01
15084135,Freyburg (Unstrut),15,15084,1,true,true,2026-01-01,BKG_VG250_2026_01_01
15084150,Gleina,15,15084,1,true,true,2026-01-01,BKG_VG250_2026_01_01
15084170,Goseck,15,15084,1,true,true,2026-01-01,BKG_VG250_2026_01_01
15084207,Gutenborn,15,15084,1,true,true,2026-01-01,BKG_VG250_2026_01_01
15084235,Hohenmölsen,15,15084,1,true,true,2026-01-01,BKG_VG250_2026_01_01
15084246,Kaiserpfalz,15,15084,1,true,true,2026-01-01,BKG_VG250_2026_01_01
15084250,Karsdorf,15,15084,1,true,true,2026-01-01,BKG_VG250_2026_01_01
15084275,Kretzschau,15,15084,1,true,true,2026-01-01,BKG_VG250_2026_01_01
15084282,Lanitz-Hassel-Tal,15,15084,1,true,true,2026-01-01,BKG_VG250_2026_01_01
15084285,Laucha an der Unstrut,15,15084,1,true,true,2026-01-01,BKG_VG250_2026_01_01
15084315,Lützen,15,15084,1,true,true,2026-01-01,BKG_VG250_2026_01_01
15084335,Mertendorf,15,15084,1,true,true,2026-01-01,BKG_VG250_2026_01_01
15084341,Molauer Land,15,15084,1,true,true,2026-01-01,BKG_VG250_2026_01_01
15084355,Naumburg (Saale),15,15084,1,true,true,2026-01-01,BKG_VG250_2026_01_01
15084360,Nebra (Unstrut),15,15084,1,true,true,2026-01-01,BKG_VG250_2026_01_01
15084375,Osterfeld,15,15084,1,true,true,2026-01-01,BKG_VG250_2026_01_01
15084442,Schnaudertal,15,15084,1,true,true,2026-01-01,BKG_VG250_2026_01_01
15084445,Schönburg,15,15084,1,true,true,2026-01-01,BKG_VG250_2026_01_01
15084470,Stößen,15,15084,1,true,true,2026-01-01,BKG_VG250_2026_01_01
15084490,Teuchern,15,15084,1,true,true,2026-01-01,BKG_VG250_2026_01_01
15084550,Weißenfels,15,15084,1,true,true,2026-01-01,BKG_VG250_2026_01_01
15084560,Wethau,15,15084,1,true,true,2026-01-01,BKG_VG250_2026_01_01
15084565,Wetterzeube,15,15084,1,true,true,2026-01-01,BKG_VG250_2026_01_01
15084590,Zeitz,15,15084,1,true,true,2026-01-01,BKG_VG250_2026_01_01
15085040,Ballenstedt,15,15085,1,true,true,2026-01-01,BKG_VG250_2026_01_01
15085055,Blankenburg (Harz),15,15085,1,true,true,2026-01-01,BKG_VG250_2026_01_01
15085090,Ditfurt,15,15085,1,true,true,2026-01-01,BKG_VG250_2026_01_01
15085110,Falkenstein/Harz,15,15085,1,true,true,2026-01-01,BKG_VG250_2026_01_01
15085125,Groß Quenstedt,15,15085,1,true,true,2026-01-01,BKG_VG250_2026_01_01
15085135,Halberstadt,15,15085,1,true,true,2026-01-01,BKG_VG250_2026_01_01
15085140,Harsleben,15,15085,1,true,true,2026-01-01,BKG_VG250_2026_01_01
15085145,Harzgerode,15,15085,1,true,true,2026-01-01,BKG_VG250_2026_01_01
15085160,Hedersleben,15,15085,1,true,true,2026-01-01,BKG_VG250_2026_01_01
15085185,Huy,15,15085,1,true,true,2026-01-01,BKG_VG250_2026_01_01
15085190,Ilsenburg (Harz),15,15085,1,true,true,2026-01-01,BKG_VG250_2026_01_01
15085227,Nordharz,15,15085,1,true,true,2026-01-01,BKG_VG250_2026_01_01
15085228,Oberharz am Brocken,15,15085,1,true,true,2026-01-01,BKG_VG250_2026_01_01
15085230,Osterwieck,15,15085,1,true,true,2026-01-01,BKG_VG250_2026_01_01
15085235,Quedlinburg,15,15085,1,true,true,2026-01-01,BKG_VG250_2026_01_01
15085285,Schwanebeck,15,15085,1,true,true,2026-01-01,BKG_VG250_2026_01_01
15085287,Selke-Aue,15,15085,1,true,true,2026-01-01,BKG_VG250_2026_01_01
15085330,Thale,15,15085,1,true,true,2026-01-01,BKG_VG250_2026_01_01
15085365,Wegeleben,15,15085,1,true,true,2026-01-01,BKG_VG250_2026_01_01
15085370,Wernigerode,15,15085,1,true,true,2026-01-01,BKG_VG250_2026_01_01
15086005,Biederitz,15,15086,1,true,true,2026-01-01,BKG_VG250_2026_01_01
15086015,Burg,15,15086,1,true,true,2026-01-01,BKG_VG250_2026_01_01
15086035,Elbe-Parey,15,15086,1,true,true,2026-01-01,BKG_VG250_2026_01_01
15086040,Genthin,15,15086,1,true,true,2026-01-01,BKG_VG250_2026_01_01
15086055,Gommern,15,15086,1,true,true,2026-01-01,BKG_VG250_2026_01_01
15086080,Jerichow,15,15086,1,true,true,2026-01-01,BKG_VG250_2026_01_01
15086140,Möckern,15,15086,1,true,true,2026-01-01,BKG_VG250_2026_01_01
15086145,Möser,15,15086,1,true,true,2026-01-01,BKG_VG250_2026_01_01
15087010,Ahlsdorf,15,15087,1,true,true,2026-01-01,BKG_VG250_2026_01_01
15087015,Allstedt,15,15087,1,true,true,2026-01-01,BKG_VG250_2026_01_01
15087031,Arnstein,15,15087,1,true,true,2026-01-01,BKG_VG250_2026_01_01
15087045,Benndorf,15,15087,1,true,true,2026-01-01,BKG_VG250_2026_01_01
15087055,Berga,15,15087,1,true,true,2026-01-01,BKG_VG250_2026_01_01
15087070,Blankenheim,15,15087,1,true,true,2026-01-01,BKG_VG250_2026_01_01
15087075,Bornstedt,15,15087,1,true,true,2026-01-01,BKG_VG250_2026_01_01
15087101,Brücken-Hackpfüffel,15,15087,1,true,true,2026-01-01,BKG_VG250_2026_01_01
15087125,Edersleben,15,15087,1,true,true,2026-01-01,BKG_VG250_2026_01_01
15087130,Eisleben,15,15087,1,true,true,2026-01-01,BKG_VG250_2026_01_01
15087165,Gerbstedt,15,15087,1,true,true,2026-01-01,BKG_VG250_2026_01_01
15087205,Helbra,15,15087,1,true,true,2026-01-01,BKG_VG250_2026_01_01
15087210,Hergisdorf,15,15087,1,true,true,2026-01-01,BKG_VG250_2026_01_01
15087220,Hettstedt,15,15087,1,true,true,2026-01-01,BKG_VG250_2026_01_01
15087250,Kelbra (Kyffhäuser),15,15087,1,true,true,2026-01-01,BKG_VG250_2026_01_01
15087260,Klostermansfeld,15,15087,1,true,true,2026-01-01,BKG_VG250_2026_01_01
15087275,Mansfeld,15,15087,1,true,true,2026-01-01,BKG_VG250_2026_01_01
15087370,Sangerhausen,15,15087,1,true,true,2026-01-01,BKG_VG250_2026_01_01
15087386,Seegebiet Mansfelder Land,15,15087,1,true,true,2026-01-01,BKG_VG250_2026_01_01
15087412,Südharz,15,15087,1,true,true,2026-01-01,BKG_VG250_2026_01_01
15087440,Wallhausen,15,15087,1,true,true,2026-01-01,BKG_VG250_2026_01_01
15087470,Wimmelburg,15,15087,1,true,true,2026-01-01,BKG_VG250_2026_01_01
15088020,Bad Dürrenberg,15,15088,1,true,true,2026-01-01,BKG_VG250_2026_01_01
15088025,Bad Lauchstädt,15,15088,1,true,true,2026-01-01,BKG_VG250_2026_01_01
15088030,Barnstädt,15,15088,1,true,true,2026-01-01,BKG_VG250_2026_01_01
15088065,Braunsbedra,15,15088,1,true,true,2026-01-01,BKG_VG250_2026_01_01
15088100,Farnstädt,15,15088,1,true,true,2026-01-01,BKG_VG250_2026_01_01
15088150,Kabelsketal,15,15088,1,true,true,2026-01-01,BKG_VG250_2026_01_01
15088195,Landsberg,15,15088,1,true,true,2026-01-01,BKG_VG250_2026_01_01
15088205,Leuna,15,15088,1,true,true,2026-01-01,BKG_VG250_2026_01_01
15088216,Wettin-Löbejün,15,15088,1,true,true,2026-01-01,BKG_VG250_2026_01_01
15088220,Merseburg,15,15088,1,true,true,2026-01-01,BKG_VG250_2026_01_01
15088235,Mücheln (Geiseltal),15,15088,1,true,true,2026-01-01,BKG_VG250_2026_01_01
15088250,Nemsdorf-Göhrendorf,15,15088,1,true,true,2026-01-01,BKG_VG250_2026_01_01
15088265,Obhausen,15,15088,1,true,true,2026-01-01,BKG_VG250_2026_01_01
15088295,Petersberg,15,15088,1,true,true,2026-01-01,BKG_VG250_2026_01_01
15088305,Querfurt,15,15088,1,true,true,2026-01-01,BKG_VG250_2026_01_01
15088319,Salzatal,15,15088,1,true,true,2026-01-01,BKG_VG250_2026_01_01
15088330,Schkopau,15,15088,1,true,true,2026-01-01,BKG_VG250_2026_01_01
15088340,Schraplau,15,15088,1,true,true,2026-01-01,BKG_VG250_2026_01_01
15088355,Steigra,15,15088,1,true,true,2026-01-01,BKG_VG250_2026_01_01
15088365,Teutschenthal,15,15088,1,true,true,2026-01-01,BKG_VG250_2026_01_01
15089005,Alsleben (Saale),15,15089,1,true,true,2026-01-01,BKG_VG250_2026_01_01
15089015,Aschersleben,15,15089,1,true,true,2026-01-01,BKG_VG250_2026_01_01
15089026,Barby,15,15089,1,true,true,2026-01-01,BKG_VG250_2026_01_01
15089030,Bernburg (Saale),15,15089,1,true,true,2026-01-01,BKG_VG250_2026_01_01
15089041,Bördeaue,15,15089,1,true,true,2026-01-01,BKG_VG250_2026_01_01
15089042,Bördeland,15,15089,1,true,true,2026-01-01,BKG_VG250_2026_01_01
15089043,Börde-Hakel,15,15089,1,true,true,2026-01-01,BKG_VG250_2026_01_01
15089045,Borne,15,15089,1,true,true,2026-01-01,BKG_VG250_2026_01_01
15089055,Calbe (Saale),15,15089,1,true,true,2026-01-01,BKG_VG250_2026_01_01
15089075,Egeln,15,15089,1,true,true,2026-01-01,BKG_VG250_2026_01_01
15089130,Giersleben,15,15089,1,true,true,2026-01-01,BKG_VG250_2026_01_01
15089165,Güsten,15,15089,1,true,true,2026-01-01,BKG_VG250_2026_01_01
15089175,Hecklingen,15,15089,1,true,true,2026-01-01,BKG_VG250_2026_01_01
15089185,Ilberstedt,15,15089,1,true,true,2026-01-01,BKG_VG250_2026_01_01
15089195,Könnern,15,15089,1,true,true,2026-01-01,BKG_VG250_2026_01_01
15089235,Nienburg (Saale),15,15089,1,true,true,2026-01-01,BKG_VG250_2026_01_01
15089245,Plötzkau,15,15089,1,true,true,2026-01-01,BKG_VG250_2026_01_01
15089305,Schönebeck (Elbe),15,15089,1,true,true,2026-01-01,BKG_VG250_2026_01_01
15089307,Seeland,15,15089,1,true,true,2026-01-01,BKG_VG250_2026_01_01
15089310,Staßfurt,15,15089,1,true,true,2026-01-01,BKG_VG250_2026_01_01
15089365,Wolmirsleben,15,15089,1,true,true,2026-01-01,BKG_VG250_2026_01_01
15090003,Aland,15,15090,1,true,true,2026-01-01,BKG_VG250_2026_01_01
15090007,Altmärkische Höhe,15,15090,1,true,true,2026-01-01,BKG_VG250_2026_01_01
15090008,Altmärkische Wische,15,15090,1,true,true,2026-01-01,BKG_VG250_2026_01_01
15090010,Arneburg,15,15090,1,true,true,2026-01-01,BKG_VG250_2026_01_01
15090070,Bismark (Altmark),15,15090,1,true,true,2026-01-01,BKG_VG250_2026_01_01
15090135,Eichstedt (Altmark),15,15090,1,true,true,2026-01-01,BKG_VG250_2026_01_01
15090180,Goldbeck,15,15090,1,true,true,2026-01-01,BKG_VG250_2026_01_01
15090220,Hassel,15,15090,1,true,true,2026-01-01,BKG_VG250_2026_01_01
15090225,Havelberg,15,15090,1,true,true,2026-01-01,BKG_VG250_2026_01_01
15090245,Hohenberg-Krusemark,15,15090,1,true,true,2026-01-01,BKG_VG250_2026_01_01
15090270,Iden,15,15090,1,true,true,2026-01-01,BKG_VG250_2026_01_01
15090285,Kamern,15,15090,1,true,true,2026-01-01,BKG_VG250_2026_01_01
15090310,Klietz,15,15090,1,true,true,2026-01-01,BKG_VG250_2026_01_01
15090415,Osterburg (Altmark),15,15090,1,true,true,2026-01-01,BKG_VG250_2026_01_01
15090435,Rochau,15,15090,1,true,true,2026-01-01,BKG_VG250_2026_01_01
15090445,Sandau (Elbe),15,15090,1,true,true,2026-01-01,BKG_VG250_2026_01_01
15090485,Schollene,15,15090,1,true,true,2026-01-01,BKG_VG250_2026_01_01
15090500,Schönhausen (Elbe),15,15090,1,true,true,2026-01-01,BKG_VG250_2026_01_01
15090520,Seehausen (Altmark),15,15090,1,true,true,2026-01-01,BKG_VG250_2026_01_01
15090535,Stendal,15,15090,1,true,true,2026-01-01,BKG_VG250_2026_01_01
15090546,Tangerhütte,15,15090,1,true,true,2026-01-01,BKG_VG250_2026_01_01
15090550,Tangermünde,15,15090,1,true,true,2026-01-01,BKG_VG250_2026_01_01
15090610,Werben (Elbe),15,15090,1,true,true,2026-01-01,BKG_VG250_2026_01_01
15090631,Wust-Fischbeck,15,15090,1,true,true,2026-01-01,BKG_VG250_2026_01_01
15090635,Zehrental,15,15090,1,true,true,2026-01-01,BKG_VG250_2026_01_01
15091010,Annaburg,15,15091,1,true,true,2026-01-01,BKG_VG250_2026_01_01
15091020,Bad Schmiedeberg,15,15091,1,true,true,2026-01-01,BKG_VG250_2026_01_01
15091060,Coswig (Anhalt),15,15091,1,true,true,2026-01-01,BKG_VG250_2026_01_01
15091110,Gräfenhainichen,15,15091,1,true,true,2026-01-01,BKG_VG250_2026_01_01
15091145,Jessen (Elster),15,15091,1,true,true,2026-01-01,BKG_VG250_2026_01_01
15091160,Kemberg,15,15091,1,true,true,2026-01-01,BKG_VG250_2026_01_01
15091241,Oranienbaum-Wörlitz,15,15091,1,true,true,2026-01-01,BKG_VG250_2026_01_01
15091375,Wittenberg,15,15091,1,true,true,2026-01-01,BKG_VG250_2026_01_01
15091391,Zahna-Elster,15,15091,1,true,true,2026-01-01,BKG_VG250_2026_01_01
16051000,Erfurt,16,16051,1,true,true,2026-01-01,BKG_VG250_2026_01_01
16052000,Gera,16,16052,1,true,true,2026-01-01,BKG_VG250_2026_01_01
16053000,Jena,16,16053,1,true,true,2026-01-01,BKG_VG250_2026_01_01
16054000,Suhl,16,16054,1,true,true,2026-01-01,BKG_VG250_2026_01_01
16055000,Weimar,16,16055,1,true,true,2026-01-01,BKG_VG250_2026_01_01
16061001,Arenshausen,16,16061,1,true,true,2026-01-01,BKG_VG250_2026_01_01
16061002,Asbach-Sickenberg,16,16061,1,true,true,2026-01-01,BKG_VG250_2026_01_01
16061003,Berlingerode,16,16061,1,true,true,2026-01-01,BKG_VG250_2026_01_01
16061012,Bodenrode-Westhausen,16,16061,1,true,true,2026-01-01,BKG_VG250_2026_01_01
16061014,Bornhagen,16,16061,1,true,true,2026-01-01,BKG_VG250_2026_01_01
16061015,Brehme,16,16061,1,true,true,2026-01-01,BKG_VG250_2026_01_01
16061017,Breitenworbis,16,16061,1,true,true,2026-01-01,BKG_VG250_2026_01_01
16061018,Büttstedt,16,16061,1,true,true,2026-01-01,BKG_VG250_2026_01_01
16061019,Buhla,16,16061,1,true,true,2026-01-01,BKG_VG250_2026_01_01
16061021,Burgwalde,16,16061,1,true,true,2026-01-01,BKG_VG250_2026_01_01
16061023,Dieterode,16,16061,1,true,true,2026-01-01,BKG_VG250_2026_01_01
16061024,Dietzenrode/Vatterode,16,16061,1,true,true,2026-01-01,BKG_VG250_2026_01_01
16061026,Ecklingerode,16,16061,1,true,true,2026-01-01,BKG_VG250_2026_01_01
16061027,Effelder,16,16061,1,true,true,2026-01-01,BKG_VG250_2026_01_01
16061031,Ferna,16,16061,1,true,true,2026-01-01,BKG_VG250_2026_01_01
16061032,Freienhagen,16,16061,1,true,true,2026-01-01,BKG_VG250_2026_01_01
16061033,Fretterode,16,16061,1,true,true,2026-01-01,BKG_VG250_2026_01_01
16061034,Geisleden,16,16061,1,true,true,2026-01-01,BKG_VG250_2026_01_01
16061035,Geismar,16,16061,1,true,true,2026-01-01,BKG_VG250_2026_01_01
16061036,Gerbershausen,16,16061,1,true,true,2026-01-01,BKG_VG250_2026_01_01
16061037,Gernrode,16,16061,1,true,true,2026-01-01,BKG_VG250_2026_01_01
16061041,Großbartloff,16,16061,1,true,true,2026-01-01,BKG_VG250_2026_01_01
16061044,Haynrode,16,16061,1,true,true,2026-01-01,BKG_VG250_2026_01_01
16061045,Heilbad Heiligenstadt,16,16061,1,true,true,2026-01-01,BKG_VG250_2026_01_01
16061047,Heuthen,16,16061,1,true,true,2026-01-01,BKG_VG250_2026_01_01
16061048,Hohengandern,16,16061,1,true,true,2026-01-01,BKG_VG250_2026_01_01
16061056,Kella,16,16061,1,true,true,2026-01-01,BKG_VG250_2026_01_01
16061057,Kirchgandern,16,16061,1,true,true,2026-01-01,BKG_VG250_2026_01_01
16061058,Kirchworbis,16,16061,1,true,true,2026-01-01,BKG_VG250_2026_01_01
16061062,Krombach,16,16061,1,true,true,2026-01-01,BKG_VG250_2026_01_01
16061063,Küllstedt,16,16061,1,true,true,2026-01-01,BKG_VG250_2026_01_01
16061066,Lindewerra,16,16061,1,true,true,2026-01-01,BKG_VG250_2026_01_01
16061069,Marth,16,16061,1,true,true,2026-01-01,BKG_VG250_2026_01_01
16061074,Niederorschel,16,16061,1,true,true,2026-01-01,BKG_VG250_2026_01_01
16061075,Pfaffschwende,16,16061,1,true,true,2026-01-01,BKG_VG250_2026_01_01
16061076,Reinholterode,16,16061,1,true,true,2026-01-01,BKG_VG250_2026_01_01
16061078,Rohrberg,16,16061,1,true,true,2026-01-01,BKG_VG250_2026_01_01
16061082,Rustenfelde,16,16061,1,true,true,2026-01-01,BKG_VG250_2026_01_01
16061083,Schachtebich,16,16061,1,true,true,2026-01-01,BKG_VG250_2026_01_01
16061085,Schwobfeld,16,16061,1,true,true,2026-01-01,BKG_VG250_2026_01_01
16061086,Sickerode,16,16061,1,true,true,2026-01-01,BKG_VG250_2026_01_01
16061089,Steinbach,16,16061,1,true,true,2026-01-01,BKG_VG250_2026_01_01
16061094,Tastungen,16,16061,1,true,true,2026-01-01,BKG_VG250_2026_01_01
16061098,Volkerode,16,16061,1,true,true,2026-01-01,BKG_VG250_2026_01_01
16061101,Wachstedt,16,16061,1,true,true,2026-01-01,BKG_VG250_2026_01_01
16061102,Wahlhausen,16,16061,1,true,true,2026-01-01,BKG_VG250_2026_01_01
16061103,Wehnde,16,16061,1,true,true,2026-01-01,BKG_VG250_2026_01_01
16061105,Wiesenfeld,16,16061,1,true,true,2026-01-01,BKG_VG250_2026_01_01
16061107,Wingerode,16,16061,1,true,true,2026-01-01,BKG_VG250_2026_01_01
16061113,Schimberg,16,16061,1,true,true,2026-01-01,BKG_VG250_2026_01_01
16061114,Teistungen,16,16061,1,true,true,2026-01-01,BKG_VG250_2026_01_01
16061115,Leinefelde-Worbis,16,16061,1,true,true,2026-01-01,BKG_VG250_2026_01_01
16061116,Am Ohmberg,16,16061,1,true,true,2026-01-01,BKG_VG250_2026_01_01
16061117,Sonnenstein,16,16061,1,true,true,2026-01-01,BKG_VG250_2026_01_01
16061118,Dingelstädt,16,16061,1,true,true,2026-01-01,BKG_VG250_2026_01_01
16061119,Uder,16,16061,1,true,true,2026-01-01,BKG_VG250_2026_01_01
16062005,Ellrich,16,16062,1,true,true,2026-01-01,BKG_VG250_2026_01_01
16062008,Görsbach,16,16062,1,true,true,2026-01-01,BKG_VG250_2026_01_01
16062009,Großlohra,16,16062,1,true,true,2026-01-01,BKG_VG250_2026_01_01
16062024,Kehmstedt,16,16062,1,true,true,2026-01-01,BKG_VG250_2026_01_01
16062026,Kleinfurra,16,16062,1,true,true,2026-01-01,BKG_VG250_2026_01_01
16062033,Lipprechterode,16,16062,1,true,true,2026-01-01,BKG_VG250_2026_01_01
16062037,Niedergebra,16,16062,1,true,true,2026-01-01,BKG_VG250_2026_01_01
16062041,Nordhausen,16,16062,1,true,true,2026-01-01,BKG_VG250_2026_01_01
16062049,Sollstedt,16,16062,1,true,true,2026-01-01,BKG_VG250_2026_01_01
16062054,Urbach,16,16062,1,true,true,2026-01-01,BKG_VG250_2026_01_01
16062062,Hohenstein,16,16062,1,true,true,2026-01-01,BKG_VG250_2026_01_01
16062063,Werther,16,16062,1,true,true,2026-01-01,BKG_VG250_2026_01_01
16062064,Heringen/Helme,16,16062,1,true,true,2026-01-01,BKG_VG250_2026_01_01
16062065,Harztor,16,16062,1,true,true,2026-01-01,BKG_VG250_2026_01_01
16062066,Bleicherode,16,16062,1,true,true,2026-01-01,BKG_VG250_2026_01_01
16063003,Bad Salzungen,16,16063,1,true,true,2026-01-01,BKG_VG250_2026_01_01
16063004,Barchfeld-Immelborn,16,16063,1,true,true,2026-01-01,BKG_VG250_2026_01_01
16063006,Berka v.d.Hainich,16,16063,1,true,true,2026-01-01,BKG_VG250_2026_01_01
16063008,Bischofroda,16,16063,1,true,true,2026-01-01,BKG_VG250_2026_01_01
16063011,Buttlar,16,16063,1,true,true,2026-01-01,BKG_VG250_2026_01_01
16063015,Dermbach,16,16063,1,true,true,2026-01-01,BKG_VG250_2026_01_01
16063023,Empfertshausen,16,16063,1,true,true,2026-01-01,BKG_VG250_2026_01_01
16063032,Geisa,16,16063,1,true,true,2026-01-01,BKG_VG250_2026_01_01
16063033,Gerstengrund,16,16063,1,true,true,2026-01-01,BKG_VG250_2026_01_01
16063046,Krauthausen,16,16063,1,true,true,2026-01-01,BKG_VG250_2026_01_01
16063049,Lauterbach,16,16063,1,true,true,2026-01-01,BKG_VG250_2026_01_01
16063051,Leimbach,16,16063,1,true,true,2026-01-01,BKG_VG250_2026_01_01
16063058,Nazza,16,16063,1,true,true,2026-01-01,BKG_VG250_2026_01_01
16063062,Oechsen,16,16063,1,true,true,2026-01-01,BKG_VG250_2026_01_01
16063066,Ruhla,16,16063,1,true,true,2026-01-01,BKG_VG250_2026_01_01
16063068,Schleid,16,16063,1,true,true,2026-01-01,BKG_VG250_2026_01_01
16063071,Seebach,16,16063,1,true,true,2026-01-01,BKG_VG250_2026_01_01
16063076,Treffurt,16,16063,1,true,true,2026-01-01,BKG_VG250_2026_01_01
16063078,Unterbreizbach,16,16063,1,true,true,2026-01-01,BKG_VG250_2026_01_01
16063082,Vacha,16,16063,1,true,true,2026-01-01,BKG_VG250_2026_01_01
16063084,Weilar,16,16063,1,true,true,2026-01-01,BKG_VG250_2026_01_01
16063086,Wiesenthal,16,16063,1,true,true,2026-01-01,BKG_VG250_2026_01_01
16063092,Wutha-Farnroda,16,16063,1,true,true,2026-01-01,BKG_VG250_2026_01_01
16063097,Gerstungen,16,16063,1,true,true,2026-01-01,BKG_VG250_2026_01_01
16063098,Hörselberg-Hainich,16,16063,1,true,true,2026-01-01,BKG_VG250_2026_01_01
16063099,Bad Liebenstein,16,16063,1,true,true,2026-01-01,BKG_VG250_2026_01_01
16063101,Krayenberggemeinde,16,16063,1,true,true,2026-01-01,BKG_VG250_2026_01_01
16063103,Werra-Suhl-Tal,16,16063,1,true,true,2026-01-01,BKG_VG250_2026_01_01
16063104,Amt Creuzburg,16,16063,1,true,true,2026-01-01,BKG_VG250_2026_01_01
16063105,Eisenach,16,16063,1,true,true,2026-01-01,BKG_VG250_2026_01_01
16064003,Bad Langensalza,16,16064,1,true,true,2026-01-01,BKG_VG250_2026_01_01
16064004,Bad Tennstedt,16,16064,1,true,true,2026-01-01,BKG_VG250_2026_01_01
16064005,Ballhausen,16,16064,1,true,true,2026-01-01,BKG_VG250_2026_01_01
16064007,Blankenburg,16,16064,1,true,true,2026-01-01,BKG_VG250_2026_01_01
16064009,Bruchstedt,16,16064,1,true,true,2026-01-01,BKG_VG250_2026_01_01
16064019,Großvargula,16,16064,1,true,true,2026-01-01,BKG_VG250_2026_01_01
16064021,Haussömmern,16,16064,1,true,true,2026-01-01,BKG_VG250_2026_01_01
16064022,Herbsleben,16,16064,1,true,true,2026-01-01,BKG_VG250_2026_01_01
16064027,Hornsömmern,16,16064,1,true,true,2026-01-01,BKG_VG250_2026_01_01
16064032,Kammerforst,16,16064,1,true,true,2026-01-01,BKG_VG250_2026_01_01
16064033,Kirchheilingen,16,16064,1,true,true,2026-01-01,BKG_VG250_2026_01_01
16064037,Körner,16,16064,1,true,true,2026-01-01,BKG_VG250_2026_01_01
16064038,Kutzleben,16,16064,1,true,true,2026-01-01,BKG_VG250_2026_01_01
16064043,Marolterode,16,16064,1,true,true,2026-01-01,BKG_VG250_2026_01_01
16064045,Mittelsömmern,16,16064,1,true,true,2026-01-01,BKG_VG250_2026_01_01
16064046,Mühlhausen/Thüringen,16,16064,1,true,true,2026-01-01,BKG_VG250_2026_01_01
16064053,Oppershausen,16,16064,1,true,true,2026-01-01,BKG_VG250_2026_01_01
16064061,Sundhausen,16,16064,1,true,true,2026-01-01,BKG_VG250_2026_01_01
16064062,Tottleben,16,16064,1,true,true,2026-01-01,BKG_VG250_2026_01_01
16064064,Urleben,16,16064,1,true,true,2026-01-01,BKG_VG250_2026_01_01
16064071,Unstruttal,16,16064,1,true,true,2026-01-01,BKG_VG250_2026_01_01
16064074,Südeichsfeld,16,16064,1,true,true,2026-01-01,BKG_VG250_2026_01_01
16064075,Vogtei,16,16064,1,true,true,2026-01-01,BKG_VG250_2026_01_01
16064076,Unstrut-Hainich,16,16064,1,true,true,2026-01-01,BKG_VG250_2026_01_01
16064077,Nottertal-Heilinger Höhen,16,16064,1,true,true,2026-01-01,BKG_VG250_2026_01_01
16065001,Abtsbessingen,16,16065,1,true,true,2026-01-01,BKG_VG250_2026_01_01
16065003,Bad Frankenhausen/Kyffhäuser,16,16065,1,true,true,2026-01-01,BKG_VG250_2026_01_01
16065005,Bellstedt,16,16065,1,true,true,2026-01-01,BKG_VG250_2026_01_01
16065008,Borxleben,16,16065,1,true,true,2026-01-01,BKG_VG250_2026_01_01
16065012,Clingen,16,16065,1,true,true,2026-01-01,BKG_VG250_2026_01_01
16065014,Ebeleben,16,16065,1,true,true,2026-01-01,BKG_VG250_2026_01_01
16065016,Etzleben,16,16065,1,true,true,2026-01-01,BKG_VG250_2026_01_01
16065018,Freienbessingen,16,16065,1,true,true,2026-01-01,BKG_VG250_2026_01_01
16065019,Gehofen,16,16065,1,true,true,2026-01-01,BKG_VG250_2026_01_01
16065032,Helbedündorf,16,16065,1,true,true,2026-01-01,BKG_VG250_2026_01_01
16065038,Holzsußra,16,16065,1,true,true,2026-01-01,BKG_VG250_2026_01_01
16065042,Kalbsrieth,16,16065,1,true,true,2026-01-01,BKG_VG250_2026_01_01
16065046,Mönchpfiffel-Nikolausrieth,16,16065,1,true,true,2026-01-01,BKG_VG250_2026_01_01
16065048,Niederbösa,16,16065,1,true,true,2026-01-01,BKG_VG250_2026_01_01
16065051,Oberbösa,16,16065,1,true,true,2026-01-01,BKG_VG250_2026_01_01
16065052,Oberheldrungen,16,16065,1,true,true,2026-01-01,BKG_VG250_2026_01_01
16065056,Reinsdorf,16,16065,1,true,true,2026-01-01,BKG_VG250_2026_01_01
16065058,Rockstedt,16,16065,1,true,true,2026-01-01,BKG_VG250_2026_01_01
16065067,Sondershausen,16,16065,1,true,true,2026-01-01,BKG_VG250_2026_01_01
16065074,Topfstedt,16,16065,1,true,true,2026-01-01,BKG_VG250_2026_01_01
16065075,Trebra,16,16065,1,true,true,2026-01-01,BKG_VG250_2026_01_01
16065077,Wasserthaleben,16,16065,1,true,true,2026-01-01,BKG_VG250_2026_01_01
16065079,Westgreußen,16,16065,1,true,true,2026-01-01,BKG_VG250_2026_01_01
16065085,Kyffhäuserland,16,16065,1,true,true,2026-01-01,BKG_VG250_2026_01_01
16065086,Artern,16,16065,1,true,true,2026-01-01,BKG_VG250_2026_01_01
16065087,Roßleben-Wiehe,16,16065,1,true,true,2026-01-01,BKG_VG250_2026_01_01
16065088,An der Schmücke,16,16065,1,true,true,2026-01-01,BKG_VG250_2026_01_01
16065089,Greußen,16,16065,1,true,true,2026-01-01,BKG_VG250_2026_01_01
16066005,Belrieth,16,16066,1,true,true,2026-01-01,BKG_VG250_2026_01_01
16066012,Birx,16,16066,1,true,true,2026-01-01,BKG_VG250_2026_01_01
16066013,Breitungen/Werra,16,16066,1,true,true,2026-01-01,BKG_VG250_2026_01_01
16066015,Christes,16,16066,1,true,true,2026-01-01,BKG_VG250_2026_01_01
16066016,Dillstädt,16,16066,1,true,true,2026-01-01,BKG_VG250_2026_01_01
16066017,Einhausen,16,16066,1,true,true,2026-01-01,BKG_VG250_2026_01_01
16066018,Ellingshausen,16,16066,1,true,true,2026-01-01,BKG_VG250_2026_01_01
16066019,Erbenhausen,16,16066,1,true,true,2026-01-01,BKG_VG250_2026_01_01
16066022,Fambach,16,16066,1,true,true,2026-01-01,BKG_VG250_2026_01_01
16066023,Floh-Seligenthal,16,16066,1,true,true,2026-01-01,BKG_VG250_2026_01_01
16066024,Frankenheim/Rhön,16,16066,1,true,true,2026-01-01,BKG_VG250_2026_01_01
16066025,Friedelshausen,16,16066,1,true,true,2026-01-01,BKG_VG250_2026_01_01
16066038,Kühndorf,16,16066,1,true,true,2026-01-01,BKG_VG250_2026_01_01
16066039,Leutersdorf,16,16066,1,true,true,2026-01-01,BKG_VG250_2026_01_01
16066041,Mehmels,16,16066,1,true,true,2026-01-01,BKG_VG250_2026_01_01
16066042,Meiningen,16,16066,1,true,true,2026-01-01,BKG_VG250_2026_01_01
16066045,Neubrunn,16,16066,1,true,true,2026-01-01,BKG_VG250_2026_01_01
16066047,Oberhof,16,16066,1,true,true,2026-01-01,BKG_VG250_2026_01_01
16066049,Obermaßfeld-Grimmenthal,16,16066,1,true,true,2026-01-01,BKG_VG250_2026_01_01
16066052,Oberweid,16,16066,1,true,true,2026-01-01,BKG_VG250_2026_01_01
16066056,Rippershausen,16,16066,1,true,true,2026-01-01,BKG_VG250_2026_01_01
16066057,Ritschenhausen,16,16066,1,true,true,2026-01-01,BKG_VG250_2026_01_01
16066058,Rohr,16,16066,1,true,true,2026-01-01,BKG_VG250_2026_01_01
16066059,Rosa,16,16066,1,true,true,2026-01-01,BKG_VG250_2026_01_01
16066061,Roßdorf,16,16066,1,true,true,2026-01-01,BKG_VG250_2026_01_01
16066063,Schmalkalden,16,16066,1,true,true,2026-01-01,BKG_VG250_2026_01_01
16066064,Schwallungen,16,16066,1,true,true,2026-01-01,BKG_VG250_2026_01_01
16066065,Schwarza,16,16066,1,true,true,2026-01-01,BKG_VG250_2026_01_01
16066069,Steinbach-Hallenberg,16,16066,1,true,true,2026-01-01,BKG_VG250_2026_01_01
16066074,Brotterode-Trusetal,16,16066,1,true,true,2026-01-01,BKG_VG250_2026_01_01
16066076,Untermaßfeld,16,16066,1,true,true,2026-01-01,BKG_VG250_2026_01_01
16066079,Utendorf,16,16066,1,true,true,2026-01-01,BKG_VG250_2026_01_01
16066081,Vachdorf,16,16066,1,true,true,2026-01-01,BKG_VG250_2026_01_01
16066086,Wasungen,16,16066,1,true,true,2026-01-01,BKG_VG250_2026_01_01
16066092,Zella-Mehlis,16,16066,1,true,true,2026-01-01,BKG_VG250_2026_01_01
16066093,Rhönblick,16,16066,1,true,true,2026-01-01,BKG_VG250_2026_01_01
16066094,Grabfeld,16,16066,1,true,true,2026-01-01,BKG_VG250_2026_01_01
16066095,Kaltennordheim,16,16066,1,true,true,2026-01-01,BKG_VG250_2026_01_01
16067004,Bienstädt,16,16067,1,true,true,2026-01-01,BKG_VG250_2026_01_01
16067009,Dachwig,16,16067,1,true,true,2026-01-01,BKG_VG250_2026_01_01
16067011,Döllstädt,16,16067,1,true,true,2026-01-01,BKG_VG250_2026_01_01
16067013,Emleben,16,16067,1,true,true,2026-01-01,BKG_VG250_2026_01_01
16067016,Eschenbergen,16,16067,1,true,true,2026-01-01,BKG_VG250_2026_01_01
16067019,Friedrichroda,16,16067,1,true,true,2026-01-01,BKG_VG250_2026_01_01
16067022,Friemar,16,16067,1,true,true,2026-01-01,BKG_VG250_2026_01_01
16067026,Gierstädt,16,16067,1,true,true,2026-01-01,BKG_VG250_2026_01_01
16067029,Gotha,16,16067,1,true,true,2026-01-01,BKG_VG250_2026_01_01
16067033,Großfahner,16,16067,1,true,true,2026-01-01,BKG_VG250_2026_01_01
16067044,Luisenthal,16,16067,1,true,true,2026-01-01,BKG_VG250_2026_01_01
16067047,Molschleben,16,16067,1,true,true,2026-01-01,BKG_VG250_2026_01_01
16067052,Nottleben,16,16067,1,true,true,2026-01-01,BKG_VG250_2026_01_01
16067053,Ohrdruf,16,16067,1,true,true,2026-01-01,BKG_VG250_2026_01_01
16067055,Pferdingsleben,16,16067,1,true,true,2026-01-01,BKG_VG250_2026_01_01
16067059,Schwabhausen,16,16067,1,true,true,2026-01-01,BKG_VG250_2026_01_01
16067063,Sonneborn,16,16067,1,true,true,2026-01-01,BKG_VG250_2026_01_01
16067064,Bad Tabarz,16,16067,1,true,true,2026-01-01,BKG_VG250_2026_01_01
16067065,Tambach-Dietharz/Thür.Wald,16,16067,1,true,true,2026-01-01,BKG_VG250_2026_01_01
16067067,Tonna,16,16067,1,true,true,2026-01-01,BKG_VG250_2026_01_01
16067068,Tröchtelborn,16,16067,1,true,true,2026-01-01,BKG_VG250_2026_01_01
16067071,Tüttleben,16,16067,1,true,true,2026-01-01,BKG_VG250_2026_01_01
16067072,Waltershausen,16,16067,1,true,true,2026-01-01,BKG_VG250_2026_01_01
16067082,Zimmernsupra,16,16067,1,true,true,2026-01-01,BKG_VG250_2026_01_01
16067087,Nesse-Apfelstädt,16,16067,1,true,true,2026-01-01,BKG_VG250_2026_01_01
16067088,Hörsel,16,16067,1,true,true,2026-01-01,BKG_VG250_2026_01_01
16067089,Drei Gleichen,16,16067,1,true,true,2026-01-01,BKG_VG250_2026_01_01
16067091,Nessetal,16,16067,1,true,true,2026-01-01,BKG_VG250_2026_01_01
16067092,Georgenthal,16,16067,1,true,true,2026-01-01,BKG_VG250_2026_01_01
16068001,Alperstedt,16,16068,1,true,true,2026-01-01,BKG_VG250_2026_01_01
16068002,Andisleben,16,16068,1,true,true,2026-01-01,BKG_VG250_2026_01_01
16068005,Büchel,16,16068,1,true,true,2026-01-01,BKG_VG250_2026_01_01
16068007,Eckstedt,16,16068,1,true,true,2026-01-01,BKG_VG250_2026_01_01
16068009,Elxleben,16,16068,1,true,true,2026-01-01,BKG_VG250_2026_01_01
16068013,Gangloffsömmern,16,16068,1,true,true,2026-01-01,BKG_VG250_2026_01_01
16068014,Gebesee,16,16068,1,true,true,2026-01-01,BKG_VG250_2026_01_01
16068015,Griefstedt,16,16068,1,true,true,2026-01-01,BKG_VG250_2026_01_01
16068017,Großmölsen,16,16068,1,true,true,2026-01-01,BKG_VG250_2026_01_01
16068019,Großneuhausen,16,16068,1,true,true,2026-01-01,BKG_VG250_2026_01_01
16068021,Großrudestedt,16,16068,1,true,true,2026-01-01,BKG_VG250_2026_01_01
16068022,Günstedt,16,16068,1,true,true,2026-01-01,BKG_VG250_2026_01_01
16068025,Haßleben,16,16068,1,true,true,2026-01-01,BKG_VG250_2026_01_01
16068032,Kleinmölsen,16,16068,1,true,true,2026-01-01,BKG_VG250_2026_01_01
16068033,Kleinneuhausen,16,16068,1,true,true,2026-01-01,BKG_VG250_2026_01_01
16068034,Kölleda,16,16068,1,true,true,2026-01-01,BKG_VG250_2026_01_01
16068036,Markvippach,16,16068,1,true,true,2026-01-01,BKG_VG250_2026_01_01
16068037,Nöda,16,16068,1,true,true,2026-01-01,BKG_VG250_2026_01_01
16068039,Ollendorf,16,16068,1,true,true,2026-01-01,BKG_VG250_2026_01_01
16068041,Ostramondra,16,16068,1,true,true,2026-01-01,BKG_VG250_2026_01_01
16068042,Rastenberg,16,16068,1,true,true,2026-01-01,BKG_VG250_2026_01_01
16068044,Riethnordhausen,16,16068,1,true,true,2026-01-01,BKG_VG250_2026_01_01
16068045,Ringleben,16,16068,1,true,true,2026-01-01,BKG_VG250_2026_01_01
16068048,Schloßvippach,16,16068,1,true,true,2026-01-01,BKG_VG250_2026_01_01
16068049,Schwerstedt,16,16068,1,true,true,2026-01-01,BKG_VG250_2026_01_01
16068051,Sömmerda,16,16068,1,true,true,2026-01-01,BKG_VG250_2026_01_01
16068052,Sprötau,16,16068,1,true,true,2026-01-01,BKG_VG250_2026_01_01
16068053,Straußfurt,16,16068,1,true,true,2026-01-01,BKG_VG250_2026_01_01
16068055,Udestedt,16,16068,1,true,true,2026-01-01,BKG_VG250_2026_01_01
16068056,Vogelsberg,16,16068,1,true,true,2026-01-01,BKG_VG250_2026_01_01
16068057,Walschleben,16,16068,1,true,true,2026-01-01,BKG_VG250_2026_01_01
16068058,Weißensee,16,16068,1,true,true,2026-01-01,BKG_VG250_2026_01_01
16068059,Werningshausen,16,16068,1,true,true,2026-01-01,BKG_VG250_2026_01_01
16068061,Witterda,16,16068,1,true,true,2026-01-01,BKG_VG250_2026_01_01
16068062,Wundersleben,16,16068,1,true,true,2026-01-01,BKG_VG250_2026_01_01
16068063,Buttstädt,16,16068,1,true,true,2026-01-01,BKG_VG250_2026_01_01
16068064,Kindelbrück,16,16068,1,true,true,2026-01-01,BKG_VG250_2026_01_01
16069001,Ahlstädt,16,16069,1,true,true,2026-01-01,BKG_VG250_2026_01_01
16069003,Beinerstadt,16,16069,1,true,true,2026-01-01,BKG_VG250_2026_01_01
16069004,Bischofrod,16,16069,1,true,true,2026-01-01,BKG_VG250_2026_01_01
16069006,Brünn/Thür.,16,16069,1,true,true,2026-01-01,BKG_VG250_2026_01_01
16069008,Dingsleben,16,16069,1,true,true,2026-01-01,BKG_VG250_2026_01_01
16069009,Ehrenberg,16,16069,1,true,true,2026-01-01,BKG_VG250_2026_01_01
16069011,Eichenberg,16,16069,1,true,true,2026-01-01,BKG_VG250_2026_01_01
16069012,Eisfeld,16,16069,1,true,true,2026-01-01,BKG_VG250_2026_01_01
16069016,Grimmelshausen,16,16069,1,true,true,2026-01-01,BKG_VG250_2026_01_01
16069017,Grub,16,16069,1,true,true,2026-01-01,BKG_VG250_2026_01_01
16069021,Henfstädt,16,16069,1,true,true,2026-01-01,BKG_VG250_2026_01_01
16069024,Hildburghausen,16,16069,1,true,true,2026-01-01,BKG_VG250_2026_01_01
16069025,Kloster Veßra,16,16069,1,true,true,2026-01-01,BKG_VG250_2026_01_01
16069026,Lengfeld,16,16069,1,true,true,2026-01-01,BKG_VG250_2026_01_01
16069028,Marisfeld,16,16069,1,true,true,2026-01-01,BKG_VG250_2026_01_01
16069035,Oberstadt,16,16069,1,true,true,2026-01-01,BKG_VG250_2026_01_01
16069037,Reurieth,16,16069,1,true,true,2026-01-01,BKG_VG250_2026_01_01
16069041,Schlechtsart,16,16069,1,true,true,2026-01-01,BKG_VG250_2026_01_01
16069042,Schleusegrund,16,16069,1,true,true,2026-01-01,BKG_VG250_2026_01_01
16069043,Schleusingen,16,16069,1,true,true,2026-01-01,BKG_VG250_2026_01_01
16069044,Schmeheim,16,16069,1,true,true,2026-01-01,BKG_VG250_2026_01_01
16069046,Schweickershausen,16,16069,1,true,true,2026-01-01,BKG_VG250_2026_01_01
16069047,St. Bernhard,16,16069,1,true,true,2026-01-01,BKG_VG250_2026_01_01
16069049,Straufhain,16,16069,1,true,true,2026-01-01,BKG_VG250_2026_01_01
16069051,Themar,16,16069,1,true,true,2026-01-01,BKG_VG250_2026_01_01
16069052,Ummerstadt,16,16069,1,true,true,2026-01-01,BKG_VG250_2026_01_01
16069053,Veilsdorf,16,16069,1,true,true,2026-01-01,BKG_VG250_2026_01_01
16069056,Westhausen,16,16069,1,true,true,2026-01-01,BKG_VG250_2026_01_01
16069058,Auengrund,16,16069,1,true,true,2026-01-01,BKG_VG250_2026_01_01
16069061,Masserberg,16,16069,1,true,true,2026-01-01,BKG_VG250_2026_01_01
16069062,Römhild,16,16069,1,true,true,2026-01-01,BKG_VG250_2026_01_01
16069063,Heldburg,16,16069,1,true,true,2026-01-01,BKG_VG250_2026_01_01
16070001,Alkersleben,16,16070,1,true,true,2026-01-01,BKG_VG250_2026_01_01
16070004,Arnstadt,16,16070,1,true,true,2026-01-01,BKG_VG250_2026_01_01
16070006,Bösleben-Wüllersleben,16,16070,1,true,true,2026-01-01,BKG_VG250_2026_01_01
16070008,Dornheim,16,16070,1,true,true,2026-01-01,BKG_VG250_2026_01_01
16070011,Elgersburg,16,16070,1,true,true,2026-01-01,BKG_VG250_2026_01_01
16070012,Elleben,16,16070,1,true,true,2026-01-01,BKG_VG250_2026_01_01
16070013,Elxleben,16,16070,1,true,true,2026-01-01,BKG_VG250_2026_01_01
16070028,Amt Wachsenburg,16,16070,1,true,true,2026-01-01,BKG_VG250_2026_01_01
16070029,Ilmenau,16,16070,1,true,true,2026-01-01,BKG_VG250_2026_01_01
16070034,Martinroda,16,16070,1,true,true,2026-01-01,BKG_VG250_2026_01_01
16070041,Osthausen-Wülfershausen,16,16070,1,true,true,2026-01-01,BKG_VG250_2026_01_01
16070043,Plaue,16,16070,1,true,true,2026-01-01,BKG_VG250_2026_01_01
16070048,Stadtilm,16,16070,1,true,true,2026-01-01,BKG_VG250_2026_01_01
16070054,Witzleben,16,16070,1,true,true,2026-01-01,BKG_VG250_2026_01_01
16070057,Geratal,16,16070,1,true,true,2026-01-01,BKG_VG250_2026_01_01
16070058,Großbreitenbach,16,16070,1,true,true,2026-01-01,BKG_VG250_2026_01_01
16071001,Apolda,16,16071,1,true,true,2026-01-01,BKG_VG250_2026_01_01
16071003,Bad Berka,16,16071,1,true,true,2026-01-01,BKG_VG250_2026_01_01
16071004,Bad Sulza,16,16071,1,true,true,2026-01-01,BKG_VG250_2026_01_01
16071005,Ballstedt,16,16071,1,true,true,2026-01-01,BKG_VG250_2026_01_01
16071008,Blankenhain,16,16071,1,true,true,2026-01-01,BKG_VG250_2026_01_01
16071009,Buchfart,16,16071,1,true,true,2026-01-01,BKG_VG250_2026_01_01
16071013,Döbritschen,16,16071,1,true,true,2026-01-01,BKG_VG250_2026_01_01
16071015,Eberstedt,16,16071,1,true,true,2026-01-01,BKG_VG250_2026_01_01
16071017,Ettersburg,16,16071,1,true,true,2026-01-01,BKG_VG250_2026_01_01
16071019,Frankendorf,16,16071,1,true,true,2026-01-01,BKG_VG250_2026_01_01
16071022,Großheringen,16,16071,1,true,true,2026-01-01,BKG_VG250_2026_01_01
16071025,Großschwabhausen,16,16071,1,true,true,2026-01-01,BKG_VG250_2026_01_01
16071027,Hammerstedt,16,16071,1,true,true,2026-01-01,BKG_VG250_2026_01_01
16071031,Hetschburg,16,16071,1,true,true,2026-01-01,BKG_VG250_2026_01_01
16071032,Hohenfelden,16,16071,1,true,true,2026-01-01,BKG_VG250_2026_01_01
16071037,Kapellendorf,16,16071,1,true,true,2026-01-01,BKG_VG250_2026_01_01
16071043,Klettbach,16,16071,1,true,true,2026-01-01,BKG_VG250_2026_01_01
16071046,Kranichfeld,16,16071,1,true,true,2026-01-01,BKG_VG250_2026_01_01
16071049,Lehnstedt,16,16071,1,true,true,2026-01-01,BKG_VG250_2026_01_01
16071053,Magdala,16,16071,1,true,true,2026-01-01,BKG_VG250_2026_01_01
16071056,Mellingen,16,16071,1,true,true,2026-01-01,BKG_VG250_2026_01_01
16071059,Nauendorf,16,16071,1,true,true,2026-01-01,BKG_VG250_2026_01_01
16071061,Neumark,16,16071,1,true,true,2026-01-01,BKG_VG250_2026_01_01
16071064,Niedertrebra,16,16071,1,true,true,2026-01-01,BKG_VG250_2026_01_01
16071069,Obertrebra,16,16071,1,true,true,2026-01-01,BKG_VG250_2026_01_01
16071071,Oettern,16,16071,1,true,true,2026-01-01,BKG_VG250_2026_01_01
16071079,Rittersdorf,16,16071,1,true,true,2026-01-01,BKG_VG250_2026_01_01
16071083,Schmiedehausen,16,16071,1,true,true,2026-01-01,BKG_VG250_2026_01_01
16071087,Tonndorf,16,16071,1,true,true,2026-01-01,BKG_VG250_2026_01_01
16071089,Umpferstedt,16,16071,1,true,true,2026-01-01,BKG_VG250_2026_01_01
16071093,Vollersroda,16,16071,1,true,true,2026-01-01,BKG_VG250_2026_01_01
16071095,Wiegendorf,16,16071,1,true,true,2026-01-01,BKG_VG250_2026_01_01
16071101,Ilmtal-Weinstraße,16,16071,1,true,true,2026-01-01,BKG_VG250_2026_01_01
16071102,Am Ettersberg,16,16071,1,true,true,2026-01-01,BKG_VG250_2026_01_01
16071103,Grammetal,16,16071,1,true,true,2026-01-01,BKG_VG250_2026_01_01
16072006,Goldisthal,16,16072,1,true,true,2026-01-01,BKG_VG250_2026_01_01
16072011,Lauscha,16,16072,1,true,true,2026-01-01,BKG_VG250_2026_01_01
16072013,Neuhaus am Rennweg,16,16072,1,true,true,2026-01-01,BKG_VG250_2026_01_01
16072015,Schalkau,16,16072,1,true,true,2026-01-01,BKG_VG250_2026_01_01
16072018,Sonneberg,16,16072,1,true,true,2026-01-01,BKG_VG250_2026_01_01
16072019,Steinach,16,16072,1,true,true,2026-01-01,BKG_VG250_2026_01_01
16072023,Frankenblick,16,16072,1,true,true,2026-01-01,BKG_VG250_2026_01_01
16072024,Föritztal,16,16072,1,true,true,2026-01-01,BKG_VG250_2026_01_01
16073001,Allendorf,16,16073,1,true,true,2026-01-01,BKG_VG250_2026_01_01
16073002,Altenbeuthen,16,16073,1,true,true,2026-01-01,BKG_VG250_2026_01_01
16073005,Bad Blankenburg,16,16073,1,true,true,2026-01-01,BKG_VG250_2026_01_01
16073006,Bechstedt,16,16073,1,true,true,2026-01-01,BKG_VG250_2026_01_01
16073013,Cursdorf,16,16073,1,true,true,2026-01-01,BKG_VG250_2026_01_01
16073014,Deesbach,16,16073,1,true,true,2026-01-01,BKG_VG250_2026_01_01
16073017,Döschnitz,16,16073,1,true,true,2026-01-01,BKG_VG250_2026_01_01
16073028,Gräfenthal,16,16073,1,true,true,2026-01-01,BKG_VG250_2026_01_01
16073035,Hohenwarte,16,16073,1,true,true,2026-01-01,BKG_VG250_2026_01_01
16073037,Katzhütte,16,16073,1,true,true,2026-01-01,BKG_VG250_2026_01_01
16073038,Kaulsdorf,16,16073,1,true,true,2026-01-01,BKG_VG250_2026_01_01
16073046,Lehesten,16,16073,1,true,true,2026-01-01,BKG_VG250_2026_01_01
16073055,Meura,16,16073,1,true,true,2026-01-01,BKG_VG250_2026_01_01
16073067,Probstzella,16,16073,1,true,true,2026-01-01,BKG_VG250_2026_01_01
16073074,Rohrbach,16,16073,1,true,true,2026-01-01,BKG_VG250_2026_01_01
16073076,Rudolstadt,16,16073,1,true,true,2026-01-01,BKG_VG250_2026_01_01
16073077,Saalfeld/Saale,16,16073,1,true,true,2026-01-01,BKG_VG250_2026_01_01
16073082,Schwarzburg,16,16073,1,true,true,2026-01-01,BKG_VG250_2026_01_01
16073084,Sitzendorf,16,16073,1,true,true,2026-01-01,BKG_VG250_2026_01_01
16073094,Unterweißbach,16,16073,1,true,true,2026-01-01,BKG_VG250_2026_01_01
16073106,Leutenberg,16,16073,1,true,true,2026-01-01,BKG_VG250_2026_01_01
16073107,Drognitz,16,16073,1,true,true,2026-01-01,BKG_VG250_2026_01_01
16073109,Uhlstädt-Kirchhasel,16,16073,1,true,true,2026-01-01,BKG_VG250_2026_01_01
16073111,Unterwellenborn,16,16073,1,true,true,2026-01-01,BKG_VG250_2026_01_01
16073112,Königsee,16,16073,1,true,true,2026-01-01,BKG_VG250_2026_01_01
16073113,Schwarzatal,16,16073,1,true,true,2026-01-01,BKG_VG250_2026_01_01
16074001,Albersdorf,16,16074,1,true,true,2026-01-01,BKG_VG250_2026_01_01
16074002,Altenberga,16,16074,1,true,true,2026-01-01,BKG_VG250_2026_01_01
16074003,Bad Klosterlausnitz,16,16074,1,true,true,2026-01-01,BKG_VG250_2026_01_01
16074004,Bibra,16,16074,1,true,true,2026-01-01,BKG_VG250_2026_01_01
16074005,Bobeck,16,16074,1,true,true,2026-01-01,BKG_VG250_2026_01_01
16074007,Bremsnitz,16,16074,1,true,true,2026-01-01,BKG_VG250_2026_01_01
16074008,Bucha,16,16074,1,true,true,2026-01-01,BKG_VG250_2026_01_01
16074009,Bürgel,16,16074,1,true,true,2026-01-01,BKG_VG250_2026_01_01
16074011,Dornburg-Camburg,16,16074,1,true,true,2026-01-01,BKG_VG250_2026_01_01
16074012,Crossen an der Elster,16,16074,1,true,true,2026-01-01,BKG_VG250_2026_01_01
16074016,Eichenberg,16,16074,1,true,true,2026-01-01,BKG_VG250_2026_01_01
16074017,Eineborn,16,16074,1,true,true,2026-01-01,BKG_VG250_2026_01_01
16074018,Eisenberg,16,16074,1,true,true,2026-01-01,BKG_VG250_2026_01_01
16074019,Frauenprießnitz,16,16074,1,true,true,2026-01-01,BKG_VG250_2026_01_01
16074021,Freienorla,16,16074,1,true,true,2026-01-01,BKG_VG250_2026_01_01
16074022,Geisenhain,16,16074,1,true,true,2026-01-01,BKG_VG250_2026_01_01
16074024,Gneus,16,16074,1,true,true,2026-01-01,BKG_VG250_2026_01_01
16074025,Gösen,16,16074,1,true,true,2026-01-01,BKG_VG250_2026_01_01
16074026,Golmsdorf,16,16074,1,true,true,2026-01-01,BKG_VG250_2026_01_01
16074028,Graitschen b.Bürgel,16,16074,1,true,true,2026-01-01,BKG_VG250_2026_01_01
16074029,Großbockedra,16,16074,1,true,true,2026-01-01,BKG_VG250_2026_01_01
16074031,Großeutersdorf,16,16074,1,true,true,2026-01-01,BKG_VG250_2026_01_01
16074032,Großlöbichau,16,16074,1,true,true,2026-01-01,BKG_VG250_2026_01_01
16074033,Großpürschütz,16,16074,1,true,true,2026-01-01,BKG_VG250_2026_01_01
16074034,Gumperda,16,16074,1,true,true,2026-01-01,BKG_VG250_2026_01_01
16074036,Hainichen,16,16074,1,true,true,2026-01-01,BKG_VG250_2026_01_01
16074037,Hainspitz,16,16074,1,true,true,2026-01-01,BKG_VG250_2026_01_01
16074038,Hartmannsdorf,16,16074,1,true,true,2026-01-01,BKG_VG250_2026_01_01
16074039,Heideland,16,16074,1,true,true,2026-01-01,BKG_VG250_2026_01_01
16074041,Hermsdorf,16,16074,1,true,true,2026-01-01,BKG_VG250_2026_01_01
16074042,Hummelshain,16,16074,1,true,true,2026-01-01,BKG_VG250_2026_01_01
16074043,Jenalöbnitz,16,16074,1,true,true,2026-01-01,BKG_VG250_2026_01_01
16074044,Kahla,16,16074,1,true,true,2026-01-01,BKG_VG250_2026_01_01
16074045,Karlsdorf,16,16074,1,true,true,2026-01-01,BKG_VG250_2026_01_01
16074046,Kleinbockedra,16,16074,1,true,true,2026-01-01,BKG_VG250_2026_01_01
16074047,Kleinebersdorf,16,16074,1,true,true,2026-01-01,BKG_VG250_2026_01_01
16074048,Kleineutersdorf,16,16074,1,true,true,2026-01-01,BKG_VG250_2026_01_01
16074049,Laasdorf,16,16074,1,true,true,2026-01-01,BKG_VG250_2026_01_01
16074051,Lehesten,16,16074,1,true,true,2026-01-01,BKG_VG250_2026_01_01
16074052,Lindig,16,16074,1,true,true,2026-01-01,BKG_VG250_2026_01_01
16074053,Lippersdorf-Erdmannsdorf,16,16074,1,true,true,2026-01-01,BKG_VG250_2026_01_01
16074054,Löberschütz,16,16074,1,true,true,2026-01-01,BKG_VG250_2026_01_01
16074055,Mertendorf,16,16074,1,true,true,2026-01-01,BKG_VG250_2026_01_01
16074056,Meusebach,16,16074,1,true,true,2026-01-01,BKG_VG250_2026_01_01
16074057,Milda,16,16074,1,true,true,2026-01-01,BKG_VG250_2026_01_01
16074058,Möckern,16,16074,1,true,true,2026-01-01,BKG_VG250_2026_01_01
16074059,Mörsdorf,16,16074,1,true,true,2026-01-01,BKG_VG250_2026_01_01
16074061,Nausnitz,16,16074,1,true,true,2026-01-01,BKG_VG250_2026_01_01
16074063,Neuengönna,16,16074,1,true,true,2026-01-01,BKG_VG250_2026_01_01
16074064,Oberbodnitz,16,16074,1,true,true,2026-01-01,BKG_VG250_2026_01_01
16074065,Orlamünde,16,16074,1,true,true,2026-01-01,BKG_VG250_2026_01_01
16074066,Ottendorf,16,16074,1,true,true,2026-01-01,BKG_VG250_2026_01_01
16074067,Petersberg,16,16074,1,true,true,2026-01-01,BKG_VG250_2026_01_01
16074068,Poxdorf,16,16074,1,true,true,2026-01-01,BKG_VG250_2026_01_01
16074071,Rattelsdorf,16,16074,1,true,true,2026-01-01,BKG_VG250_2026_01_01
16074072,Rauda,16,16074,1,true,true,2026-01-01,BKG_VG250_2026_01_01
16074073,Rauschwitz,16,16074,1,true,true,2026-01-01,BKG_VG250_2026_01_01
16074074,Rausdorf,16,16074,1,true,true,2026-01-01,BKG_VG250_2026_01_01
16074075,Reichenbach,16,16074,1,true,true,2026-01-01,BKG_VG250_2026_01_01
16074076,Reinstädt,16,16074,1,true,true,2026-01-01,BKG_VG250_2026_01_01
16074077,Renthendorf,16,16074,1,true,true,2026-01-01,BKG_VG250_2026_01_01
16074079,Rothenstein,16,16074,1,true,true,2026-01-01,BKG_VG250_2026_01_01
16074081,Ruttersdorf-Lotschen,16,16074,1,true,true,2026-01-01,BKG_VG250_2026_01_01
16074082,Scheiditz,16,16074,1,true,true,2026-01-01,BKG_VG250_2026_01_01
16074084,Schleifreisen,16,16074,1,true,true,2026-01-01,BKG_VG250_2026_01_01
16074085,Schlöben,16,16074,1,true,true,2026-01-01,BKG_VG250_2026_01_01
16074086,Schöngleina,16,16074,1,true,true,2026-01-01,BKG_VG250_2026_01_01
16074087,Schöps,16,16074,1,true,true,2026-01-01,BKG_VG250_2026_01_01
16074089,Seitenroda,16,16074,1,true,true,2026-01-01,BKG_VG250_2026_01_01
16074091,Serba,16,16074,1,true,true,2026-01-01,BKG_VG250_2026_01_01
16074092,Silbitz,16,16074,1,true,true,2026-01-01,BKG_VG250_2026_01_01
16074093,St. Gangloff,16,16074,1,true,true,2026-01-01,BKG_VG250_2026_01_01
16074094,Stadtroda,16,16074,1,true,true,2026-01-01,BKG_VG250_2026_01_01
16074095,Sulza,16,16074,1,true,true,2026-01-01,BKG_VG250_2026_01_01
16074096,Tautenburg,16,16074,1,true,true,2026-01-01,BKG_VG250_2026_01_01
16074097,Tautendorf,16,16074,1,true,true,2026-01-01,BKG_VG250_2026_01_01
16074098,Tautenhain,16,16074,1,true,true,2026-01-01,BKG_VG250_2026_01_01
16074099,Thierschneck,16,16074,1,true,true,2026-01-01,BKG_VG250_2026_01_01
16074101,Tissa,16,16074,1,true,true,2026-01-01,BKG_VG250_2026_01_01
16074102,Trockenborn-Wolfersdorf,16,16074,1,true,true,2026-01-01,BKG_VG250_2026_01_01
16074103,Tröbnitz,16,16074,1,true,true,2026-01-01,BKG_VG250_2026_01_01
16074104,Unterbodnitz,16,16074,1,true,true,2026-01-01,BKG_VG250_2026_01_01
16074105,Waldeck,16,16074,1,true,true,2026-01-01,BKG_VG250_2026_01_01
16074106,Walpernhain,16,16074,1,true,true,2026-01-01,BKG_VG250_2026_01_01
16074107,Waltersdorf,16,16074,1,true,true,2026-01-01,BKG_VG250_2026_01_01
16074108,Weißbach,16,16074,1,true,true,2026-01-01,BKG_VG250_2026_01_01
16074109,Weißenborn,16,16074,1,true,true,2026-01-01,BKG_VG250_2026_01_01
16074112,Wichmar,16,16074,1,true,true,2026-01-01,BKG_VG250_2026_01_01
16074113,Zimmern,16,16074,1,true,true,2026-01-01,BKG_VG250_2026_01_01
16074114,Zöllnitz,16,16074,1,true,true,2026-01-01,BKG_VG250_2026_01_01
16074116,Schkölen,16,16074,1,true,true,2026-01-01,BKG_VG250_2026_01_01
16075006,Bodelwitz,16,16075,1,true,true,2026-01-01,BKG_VG250_2026_01_01
16075014,Dittersdorf,16,16075,1,true,true,2026-01-01,BKG_VG250_2026_01_01
16075016,Döbritz,16,16075,1,true,true,2026-01-01,BKG_VG250_2026_01_01
16075019,Dreitzsch,16,16075,1,true,true,2026-01-01,BKG_VG250_2026_01_01
16075023,Eßbach,16,16075,1,true,true,2026-01-01,BKG_VG250_2026_01_01
16075029,Geroda,16,16075,1,true,true,2026-01-01,BKG_VG250_2026_01_01
16075031,Gertewitz,16,16075,1,true,true,2026-01-01,BKG_VG250_2026_01_01
16075033,Görkwitz,16,16075,1,true,true,2026-01-01,BKG_VG250_2026_01_01
16075034,Göschitz,16,16075,1,true,true,2026-01-01,BKG_VG250_2026_01_01
16075035,Gössitz,16,16075,1,true,true,2026-01-01,BKG_VG250_2026_01_01
16075039,Grobengereuth,16,16075,1,true,true,2026-01-01,BKG_VG250_2026_01_01
16075046,Hirschberg,16,16075,1,true,true,2026-01-01,BKG_VG250_2026_01_01
16075047,Keila,16,16075,1,true,true,2026-01-01,BKG_VG250_2026_01_01
16075048,Kirschkau,16,16075,1,true,true,2026-01-01,BKG_VG250_2026_01_01
16075051,Kospoda,16,16075,1,true,true,2026-01-01,BKG_VG250_2026_01_01
16075054,Langenorla,16,16075,1,true,true,2026-01-01,BKG_VG250_2026_01_01
16075056,Lausnitz b.Neustadt an der Orla,16,16075,1,true,true,2026-01-01,BKG_VG250_2026_01_01
16075057,Lemnitz,16,16075,1,true,true,2026-01-01,BKG_VG250_2026_01_01
16075062,Bad Lobenstein,16,16075,1,true,true,2026-01-01,BKG_VG250_2026_01_01
16075063,Löhma,16,16075,1,true,true,2026-01-01,BKG_VG250_2026_01_01
16075065,Miesitz,16,16075,1,true,true,2026-01-01,BKG_VG250_2026_01_01
16075066,Mittelpöllnitz,16,16075,1,true,true,2026-01-01,BKG_VG250_2026_01_01
16075068,Moßbach,16,16075,1,true,true,2026-01-01,BKG_VG250_2026_01_01
16075069,Moxa,16,16075,1,true,true,2026-01-01,BKG_VG250_2026_01_01
16075072,Neundorf (bei Schleiz),16,16075,1,true,true,2026-01-01,BKG_VG250_2026_01_01
16075073,Neustadt an der Orla,16,16075,1,true,true,2026-01-01,BKG_VG250_2026_01_01
16075074,Nimritz,16,16075,1,true,true,2026-01-01,BKG_VG250_2026_01_01
16075075,Oberoppurg,16,16075,1,true,true,2026-01-01,BKG_VG250_2026_01_01
16075076,Oettersdorf,16,16075,1,true,true,2026-01-01,BKG_VG250_2026_01_01
16075077,Oppurg,16,16075,1,true,true,2026-01-01,BKG_VG250_2026_01_01
16075079,Paska,16,16075,1,true,true,2026-01-01,BKG_VG250_2026_01_01
16075081,Peuschen,16,16075,1,true,true,2026-01-01,BKG_VG250_2026_01_01
16075083,Plothen,16,16075,1,true,true,2026-01-01,BKG_VG250_2026_01_01
16075084,Pörmitz,16,16075,1,true,true,2026-01-01,BKG_VG250_2026_01_01
16075085,Pößneck,16,16075,1,true,true,2026-01-01,BKG_VG250_2026_01_01
16075087,Quaschwitz,16,16075,1,true,true,2026-01-01,BKG_VG250_2026_01_01
16075088,Ranis,16,16075,1,true,true,2026-01-01,BKG_VG250_2026_01_01
16075093,Rosendorf,16,16075,1,true,true,2026-01-01,BKG_VG250_2026_01_01
16075098,Schleiz,16,16075,1,true,true,2026-01-01,BKG_VG250_2026_01_01
16075099,Schmieritz,16,16075,1,true,true,2026-01-01,BKG_VG250_2026_01_01
16075101,Schmorda,16,16075,1,true,true,2026-01-01,BKG_VG250_2026_01_01
16075102,Schöndorf,16,16075,1,true,true,2026-01-01,BKG_VG250_2026_01_01
16075103,Seisla,16,16075,1,true,true,2026-01-01,BKG_VG250_2026_01_01
16075105,Solkwitz,16,16075,1,true,true,2026-01-01,BKG_VG250_2026_01_01
16075109,Tegau,16,16075,1,true,true,2026-01-01,BKG_VG250_2026_01_01
16075114,Tömmelsdorf,16,16075,1,true,true,2026-01-01,BKG_VG250_2026_01_01
16075116,Triptis,16,16075,1,true,true,2026-01-01,BKG_VG250_2026_01_01
16075119,Volkmannsdorf,16,16075,1,true,true,2026-01-01,BKG_VG250_2026_01_01
16075121,Weira,16,16075,1,true,true,2026-01-01,BKG_VG250_2026_01_01
16075124,Wernburg,16,16075,1,true,true,2026-01-01,BKG_VG250_2026_01_01
16075125,Wilhelmsdorf,16,16075,1,true,true,2026-01-01,BKG_VG250_2026_01_01
16075127,Ziegenrück,16,16075,1,true,true,2026-01-01,BKG_VG250_2026_01_01
16075129,Krölpa,16,16075,1,true,true,2026-01-01,BKG_VG250_2026_01_01
16075131,Gefell,16,16075,1,true,true,2026-01-01,BKG_VG250_2026_01_01
16075132,Tanna,16,16075,1,true,true,2026-01-01,BKG_VG250_2026_01_01
16075133,Wurzbach,16,16075,1,true,true,2026-01-01,BKG_VG250_2026_01_01
16075134,Remptendorf,16,16075,1,true,true,2026-01-01,BKG_VG250_2026_01_01
16075135,Saalburg-Ebersdorf,16,16075,1,true,true,2026-01-01,BKG_VG250_2026_01_01
16075136,Rosenthal am Rennsteig,16,16075,1,true,true,2026-01-01,BKG_VG250_2026_01_01
16076003,Bad Köstritz,16,16076,1,true,true,2026-01-01,BKG_VG250_2026_01_01
16076006,Bethenhausen,16,16076,1,true,true,2026-01-01,BKG_VG250_2026_01_01
16076007,Bocka,16,16076,1,true,true,2026-01-01,BKG_VG250_2026_01_01
16076008,Brahmenau,16,16076,1,true,true,2026-01-01,BKG_VG250_2026_01_01
16076009,Braunichswalde,16,16076,1,true,true,2026-01-01,BKG_VG250_2026_01_01
16076012,Caaschwitz,16,16076,1,true,true,2026-01-01,BKG_VG250_2026_01_01
16076014,Crimla,16,16076,1,true,true,2026-01-01,BKG_VG250_2026_01_01
16076017,Endschütz,16,16076,1,true,true,2026-01-01,BKG_VG250_2026_01_01
16076019,Gauern,16,16076,1,true,true,2026-01-01,BKG_VG250_2026_01_01
16076022,Greiz,16,16076,1,true,true,2026-01-01,BKG_VG250_2026_01_01
16076023,Großenstein,16,16076,1,true,true,2026-01-01,BKG_VG250_2026_01_01
16076027,Hilbersdorf,16,16076,1,true,true,2026-01-01,BKG_VG250_2026_01_01
16076028,Hirschfeld,16,16076,1,true,true,2026-01-01,BKG_VG250_2026_01_01
16076029,Hohenleuben,16,16076,1,true,true,2026-01-01,BKG_VG250_2026_01_01
16076033,Hundhaupten,16,16076,1,true,true,2026-01-01,BKG_VG250_2026_01_01
16076034,Kauern,16,16076,1,true,true,2026-01-01,BKG_VG250_2026_01_01
16076036,Korbußen,16,16076,1,true,true,2026-01-01,BKG_VG250_2026_01_01
16076039,Langenwetzendorf,16,16076,1,true,true,2026-01-01,BKG_VG250_2026_01_01
16076041,Langenwolschendorf,16,16076,1,true,true,2026-01-01,BKG_VG250_2026_01_01
16076042,Lederhose,16,16076,1,true,true,2026-01-01,BKG_VG250_2026_01_01
16076043,Linda b.Weida,16,16076,1,true,true,2026-01-01,BKG_VG250_2026_01_01
16076044,Lindenkreuz,16,16076,1,true,true,2026-01-01,BKG_VG250_2026_01_01
16076049,Münchenbernsdorf,16,16076,1,true,true,2026-01-01,BKG_VG250_2026_01_01
16076055,Paitzdorf,16,16076,1,true,true,2026-01-01,BKG_VG250_2026_01_01
16076058,Pölzig,16,16076,1,true,true,2026-01-01,BKG_VG250_2026_01_01
16076059,Reichstädt,16,16076,1,true,true,2026-01-01,BKG_VG250_2026_01_01
16076061,Ronneburg,16,16076,1,true,true,2026-01-01,BKG_VG250_2026_01_01
16076062,Rückersdorf,16,16076,1,true,true,2026-01-01,BKG_VG250_2026_01_01
16076064,Saara,16,16076,1,true,true,2026-01-01,BKG_VG250_2026_01_01
16076067,Schwaara,16,16076,1,true,true,2026-01-01,BKG_VG250_2026_01_01
16076068,Schwarzbach,16,16076,1,true,true,2026-01-01,BKG_VG250_2026_01_01
16076069,Seelingstädt,16,16076,1,true,true,2026-01-01,BKG_VG250_2026_01_01
16076074,Teichwitz,16,16076,1,true,true,2026-01-01,BKG_VG250_2026_01_01
16076079,Weida,16,16076,1,true,true,2026-01-01,BKG_VG250_2026_01_01
16076081,Weißendorf,16,16076,1,true,true,2026-01-01,BKG_VG250_2026_01_01
16076086,Zedlitz,16,16076,1,true,true,2026-01-01,BKG_VG250_2026_01_01
16076087,Zeulenroda-Triebes,16,16076,1,true,true,2026-01-01,BKG_VG250_2026_01_01
16076088,Harth-Pöllnitz,16,16076,1,true,true,2026-01-01,BKG_VG250_2026_01_01
16076089,Kraftsdorf,16,16076,1,true,true,2026-01-01,BKG_VG250_2026_01_01
16076092,Auma-Weidatal,16,16076,1,true,true,2026-01-01,BKG_VG250_2026_01_01
16076093,Mohlsdorf-Teichwolframsdorf,16,16076,1,true,true,2026-01-01,BKG_VG250_2026_01_01
16076094,Berga-Wünschendorf,16,16076,1,true,true,2026-01-01,BKG_VG250_2026_01_01
16077001,Altenburg,16,16077,1,true,true,2026-01-01,BKG_VG250_2026_01_01
16077005,Fockendorf,16,16077,1,true,true,2026-01-01,BKG_VG250_2026_01_01
16077007,Gerstenberg,16,16077,1,true,true,2026-01-01,BKG_VG250_2026_01_01
16077008,Göhren,16,16077,1,true,true,2026-01-01,BKG_VG250_2026_01_01
16077009,Göllnitz,16,16077,1,true,true,2026-01-01,BKG_VG250_2026_01_01
16077011,Göpfersdorf,16,16077,1,true,true,2026-01-01,BKG_VG250_2026_01_01
16077012,Gößnitz,16,16077,1,true,true,2026-01-01,BKG_VG250_2026_01_01
16077015,Haselbach,16,16077,1,true,true,2026-01-01,BKG_VG250_2026_01_01
16077016,Heukewalde,16,16077,1,true,true,2026-01-01,BKG_VG250_2026_01_01
16077017,Heyersdorf,16,16077,1,true,true,2026-01-01,BKG_VG250_2026_01_01
16077018,Jonaswalde,16,16077,1,true,true,2026-01-01,BKG_VG250_2026_01_01
16077022,Kriebitzsch,16,16077,1,true,true,2026-01-01,BKG_VG250_2026_01_01
16077023,Langenleuba-Niederhain,16,16077,1,true,true,2026-01-01,BKG_VG250_2026_01_01
16077026,Löbichau,16,16077,1,true,true,2026-01-01,BKG_VG250_2026_01_01
16077027,Lödla,16,16077,1,true,true,2026-01-01,BKG_VG250_2026_01_01
16077028,Lucka,16,16077,1,true,true,2026-01-01,BKG_VG250_2026_01_01
16077031,Mehna,16,16077,1,true,true,2026-01-01,BKG_VG250_2026_01_01
16077032,Meuselwitz,16,16077,1,true,true,2026-01-01,BKG_VG250_2026_01_01
16077034,Monstab,16,16077,1,true,true,2026-01-01,BKG_VG250_2026_01_01
16077036,Nobitz,16,16077,1,true,true,2026-01-01,BKG_VG250_2026_01_01
16077039,Ponitz,16,16077,1,true,true,2026-01-01,BKG_VG250_2026_01_01
16077041,Posterstein,16,16077,1,true,true,2026-01-01,BKG_VG250_2026_01_01
16077042,Rositz,16,16077,1,true,true,2026-01-01,BKG_VG250_2026_01_01
16077043,Schmölln,16,16077,1,true,true,2026-01-01,BKG_VG250_2026_01_01
16077044,Starkenberg,16,16077,1,true,true,2026-01-01,BKG_VG250_2026_01_01
16077047,Thonhausen,16,16077,1,true,true,2026-01-01,BKG_VG250_2026_01_01
16077048,Treben,16,16077,1,true,true,2026-01-01,BKG_VG250_2026_01_01
16077049,Vollmershain,16,16077,1,true,true,2026-01-01,BKG_VG250_2026_01_01
16077052,Windischleuba,16,16077,1,true,true,2026-01-01,BKG_VG250_2026_01_01
