report_year,state_code,county_ags5,reporting_unit_class,original_region_key,municipality_ags8_candidate,ags_match_2024_atlas,name_de,legal_form_de,population_2023_06_30,total_integrated_debt_eur,integrated_debt_eur_per_person,core_budget_debt_eur,extra_budget_proportional_debt_eur,public_enterprise_proportional_debt_eur,source_id
2023,01,01001,municipality,010010000000,01001000,matched,"Flensburg, Stadt",kreisfreie Stadt,92323,437050633.51,4733.93,32122291.00,196868944.63,208059397.88,STATISTIKPORTAL_INTEGRATED_2023_T1
2023,01,01002,municipality,010020000000,01002000,matched,"Kiel, Landeshauptstadt",kreisfreie Stadt,248034,1102397047.89,4444.54,549867972.00,30583632.70,521945443.19,STATISTIKPORTAL_INTEGRATED_2023_T1
2023,01,01003,municipality,010030000000,01003000,matched,"Lübeck, Hansestadt",kreisfreie Stadt,218062,1123041995.98,5150.10,379218368.00,70104790.63,673718837.35,STATISTIKPORTAL_INTEGRATED_2023_T1
2023,01,01004,municipality,010040000000,01004000,matched,"Neumünster, Stadt",kreisfreie Stadt,79711,460718488.16,5779.86,107739806.00,10577849.47,342400832.69,STATISTIKPORTAL_INTEGRATED_2023_T1
2023,01,01051,county_administration,01051,,not_applicable,Kreisverwaltung Dithmarschen,Kreisverwaltung,135462,63235989.91,466.82,44335667.00,31528.62,18868794.29,STATISTIKPORTAL_INTEGRATED_2023_T1
2023,01,01051,municipality,010510011011,01051011,matched,"Brunsbüttel, Stadt",amtsfreie Gemeinde,12594,63155054.51,5014.69,29706584.00,3347167.68,30101302.83,STATISTIKPORTAL_INTEGRATED_2023_T1
2023,01,01051,municipality,010510044044,01051044,matched,"Heide, Stadt",amtsfreie Gemeinde,22252,53835429.42,2419.35,26646248.00,7121175.98,20068005.44,STATISTIKPORTAL_INTEGRATED_2023_T1
2023,01,01051,joint_administration,010515163,,not_applicable,Amtsverwaltung Burg-St. Michaelisdonn,Amtsverwaltung,15806,786603.17,49.77,758200.00,28403.17,0.00,STATISTIKPORTAL_INTEGRATED_2023_T1
2023,01,01051,municipality,010515163003,01051003,matched,Averlak,amtsangehörige Gemeinde,587,2379636.32,4053.89,532868.00,1110770.16,735998.16,STATISTIKPORTAL_INTEGRATED_2023_T1
2023,01,01051,municipality,010515163010,01051010,matched,Brickeln,amtsangehörige Gemeinde,195,1635054.10,8384.89,186547.00,1110770.16,337736.94,STATISTIKPORTAL_INTEGRATED_2023_T1
2023,01,01051,municipality,010515163012,01051012,matched,Buchholz,amtsangehörige Gemeinde,1003,3827671.10,3816.22,2379164.00,1110770.16,337736.94,STATISTIKPORTAL_INTEGRATED_2023_T1
2023,01,01051,municipality,010515163016,01051016,matched,Burg (Dithmarschen),amtsangehörige Gemeinde,4204,14462184.79,3440.10,6385761.00,1110770.16,6965653.63,STATISTIKPORTAL_INTEGRATED_2023_T1
2023,01,01051,municipality,010515163022,01051022,matched,Dingen,amtsangehörige Gemeinde,650,2398730.78,3690.36,617257.00,1110770.16,670703.62,STATISTIKPORTAL_INTEGRATED_2023_T1
2023,01,01051,municipality,010515163024,01051024,matched,Eddelak,amtsangehörige Gemeinde,1363,3740748.94,2744.50,1698097.00,1110770.16,931881.78,STATISTIKPORTAL_INTEGRATED_2023_T1
2023,01,01051,municipality,010515163026,01051026,matched,Eggstedt,amtsangehörige Gemeinde,744,2187755.10,2940.53,739248.00,1110770.16,337736.94,STATISTIKPORTAL_INTEGRATED_2023_T1
2023,01,01051,municipality,010515163032,01051032,matched,Frestedt,amtsangehörige Gemeinde,359,1858697.10,5177.43,410190.00,1110770.16,337736.94,STATISTIKPORTAL_INTEGRATED_2023_T1
2023,01,01051,municipality,010515163037,01051037,matched,Großenrade,amtsangehörige Gemeinde,480,1780502.10,3709.38,331995.00,1110770.16,337736.94,STATISTIKPORTAL_INTEGRATED_2023_T1
2023,01,01051,municipality,010515163051,01051051,matched,Hochdonn,amtsangehörige Gemeinde,1080,2829434.60,2619.85,714220.00,1110770.16,1004444.44,STATISTIKPORTAL_INTEGRATED_2023_T1
2023,01,01051,municipality,010515163064,01051064,matched,Kuden,amtsangehörige Gemeinde,628,2228816.10,3549.07,780309.00,1110770.16,337736.94,STATISTIKPORTAL_INTEGRATED_2023_T1
2023,01,01051,municipality,010515163089,01051089,matched,Quickborn,amtsangehörige Gemeinde,177,1446977.83,8175.02,0.00,1110770.16,336207.67,STATISTIKPORTAL_INTEGRATED_2023_T1
2023,01,01051,municipality,010515163097,01051097,matched,Sankt Michaelisdonn,amtsangehörige Gemeinde,3537,7755869.25,2192.78,568392.00,1110770.16,6076707.09,STATISTIKPORTAL_INTEGRATED_2023_T1
2023,01,01051,municipality,010515163110,01051110,matched,Süderhastedt,amtsangehörige Gemeinde,799,2259248.83,2827.60,812271.00,1110770.16,336207.67,STATISTIKPORTAL_INTEGRATED_2023_T1
2023,01,01051,joint_administration,010515166,,not_applicable,Amtsverwaltung Marne-Nordsee,Amtsverwaltung,13381,8439202.06,630.69,8313114.00,28403.17,97684.89,STATISTIKPORTAL_INTEGRATED_2023_T1
2023,01,01051,municipality,010515166021,01051021,matched,Diekhusen-Fahrstedt,amtsangehörige Gemeinde,700,1911779.89,2731.11,358837.00,1110770.16,442172.73,STATISTIKPORTAL_INTEGRATED_2023_T1
2023,01,01051,municipality,010515166034,01051034,matched,Friedrichskoog,amtsangehörige Gemeinde,2500,4545105.41,1818.04,1598447.00,1110770.16,1835888.25,STATISTIKPORTAL_INTEGRATED_2023_T1
2023,01,01051,municipality,010515166046,01051046,matched,Helse,amtsangehörige Gemeinde,838,1849362.89,2206.88,296420.00,1110770.16,442172.73,STATISTIKPORTAL_INTEGRATED_2023_T1
2023,01,01051,municipality,010515166057,01051057,matched,Kaiser-Wilhelm-Koog,amtsangehörige Gemeinde,374,1552942.89,4152.25,0.00,1110770.16,442172.73,STATISTIKPORTAL_INTEGRATED_2023_T1
2023,01,01051,municipality,010515166062,01051062,matched,Kronprinzenkoog,amtsangehörige Gemeinde,854,1552942.89,1818.43,0.00,1110770.16,442172.73,STATISTIKPORTAL_INTEGRATED_2023_T1
2023,01,01051,municipality,010515166072,01051072,matched,"Marne, Stadt",amtsangehörige Gemeinde,6009,7094888.93,1180.71,3795889.00,2207994.35,1091005.58,STATISTIKPORTAL_INTEGRATED_2023_T1
2023,01,01051,municipality,010515166073,01051073,matched,Marnerdeich,amtsangehörige Gemeinde,406,2553219.89,6288.72,1000277.00,1110770.16,442172.73,STATISTIKPORTAL_INTEGRATED_2023_T1
2023,01,01051,municipality,010515166076,01051076,matched,Neufeld,amtsangehörige Gemeinde,622,1552942.89,2496.69,0.00,1110770.16,442172.73,STATISTIKPORTAL_INTEGRATED_2023_T1
2023,01,01051,municipality,010515166077,01051077,matched,Neufelderkoog,amtsangehörige Gemeinde,113,1552942.89,13742.86,0.00,1110770.16,442172.73,STATISTIKPORTAL_INTEGRATED_2023_T1
2023,01,01051,municipality,010515166090,01051090,matched,Ramhusen,amtsangehörige Gemeinde,174,1551413.62,8916.17,0.00,1110770.16,440643.46,STATISTIKPORTAL_INTEGRATED_2023_T1
2023,01,01051,municipality,010515166103,01051103,matched,Schmedeswurth,amtsangehörige Gemeinde,193,1551413.62,8038.41,0.00,1110770.16,440643.46,STATISTIKPORTAL_INTEGRATED_2023_T1
2023,01,01051,municipality,010515166118,01051118,matched,Trennewurth,amtsangehörige Gemeinde,247,1551413.62,6281.03,0.00,1110770.16,440643.46,STATISTIKPORTAL_INTEGRATED_2023_T1
2023,01,01051,municipality,010515166119,01051119,matched,Volsemenhusen,amtsangehörige Gemeinde,351,1551413.62,4419.98,0.00,1110770.16,440643.46,STATISTIKPORTAL_INTEGRATED_2023_T1
2023,01,01051,joint_administration,010515169,,not_applicable,Amtsverwaltung KLG Eider,Amtsverwaltung,18780,10644795.17,566.82,10616392.00,28403.17,0.00,STATISTIKPORTAL_INTEGRATED_2023_T1
2023,01,01051,municipality,010515169005,01051005,matched,Barkenholm,amtsangehörige Gemeinde,167,1172474.97,7020.81,50000.00,1110770.16,11704.81,STATISTIKPORTAL_INTEGRATED_2023_T1
2023,01,01051,municipality,010515169008,01051008,matched,Bergewöhrden,amtsangehörige Gemeinde,35,1280463.97,36584.68,157989.00,1110770.16,11704.81,STATISTIKPORTAL_INTEGRATED_2023_T1
2023,01,01051,municipality,010515169019,01051019,matched,Dellstedt,amtsangehörige Gemeinde,715,2320778.83,3245.84,1082098.00,1110770.16,127910.67,STATISTIKPORTAL_INTEGRATED_2023_T1
2023,01,01051,municipality,010515169020,01051020,matched,Delve,amtsangehörige Gemeinde,761,1522474.97,2000.62,400000.00,1110770.16,11704.81,STATISTIKPORTAL_INTEGRATED_2023_T1
2023,01,01051,municipality,010515169023,01051023,matched,Dörpling,amtsangehörige Gemeinde,669,1702728.97,2545.19,580254.00,1110770.16,11704.81,STATISTIKPORTAL_INTEGRATED_2023_T1
2023,01,01051,municipality,010515169030,01051030,matched,Fedderingen,amtsangehörige Gemeinde,276,1371274.97,4968.39,248800.00,1110770.16,11704.81,STATISTIKPORTAL_INTEGRATED_2023_T1
2023,01,01051,municipality,010515169035,01051035,matched,Gaushorn,amtsangehörige Gemeinde,174,1122474.97,6451.01,0.00,1110770.16,11704.81,STATISTIKPORTAL_INTEGRATED_2023_T1
2023,01,01051,municipality,010515169036,01051036,matched,Glüsing,amtsangehörige Gemeinde,112,1222474.97,10914.96,100000.00,1110770.16,11704.81,STATISTIKPORTAL_INTEGRATED_2023_T1
2023,01,01051,municipality,010515169038,01051038,matched,Groven,amtsangehörige Gemeinde,88,1282474.97,14573.58,160000.00,1110770.16,11704.81,STATISTIKPORTAL_INTEGRATED_2023_T1
2023,01,01051,municipality,010515169047,01051047,matched,Hemme,amtsangehörige Gemeinde,507,1122474.97,2213.95,0.00,1110770.16,11704.81,STATISTIKPORTAL_INTEGRATED_2023_T1
2023,01,01051,municipality,010515169049,01051049,matched,Hennstedt,amtsangehörige Gemeinde,2080,4493530.97,2160.35,3371056.00,1110770.16,11704.81,STATISTIKPORTAL_INTEGRATED_2023_T1
2023,01,01051,municipality,010515169052,01051052,matched,Hövede,amtsangehörige Gemeinde,62,1352474.97,21814.11,230000.00,1110770.16,11704.81,STATISTIKPORTAL_INTEGRATED_2023_T1
2023,01,01051,municipality,010515169053,01051053,matched,Hollingstedt,amtsangehörige Gemeinde,305,1366474.97,4480.25,244000.00,1110770.16,11704.81,STATISTIKPORTAL_INTEGRATED_2023_T1
2023,01,01051,municipality,010515169058,01051058,matched,Karolinenkoog,amtsangehörige Gemeinde,138,1122474.97,8133.88,0.00,1110770.16,11704.81,STATISTIKPORTAL_INTEGRATED_2023_T1
2023,01,01051,municipality,010515169060,01051060,matched,Kleve,amtsangehörige Gemeinde,413,1451474.97,3514.47,329000.00,1110770.16,11704.81,STATISTIKPORTAL_INTEGRATED_2023_T1
2023,01,01051,municipality,010515169061,01051061,matched,Krempel,amtsangehörige Gemeinde,610,1505974.97,2468.81,383500.00,1110770.16,11704.81,STATISTIKPORTAL_INTEGRATED_2023_T1
2023,01,01051,municipality,010515169065,01051065,matched,Lehe,amtsangehörige Gemeinde,1064,1969635.97,1851.16,847161.00,1110770.16,11704.81,STATISTIKPORTAL_INTEGRATED_2023_T1
2023,01,01051,municipality,010515169068,01051068,matched,Linden,amtsangehörige Gemeinde,847,1892343.97,2234.17,769869.00,1110770.16,11704.81,STATISTIKPORTAL_INTEGRATED_2023_T1
2023,01,01051,municipality,010515169071,01051071,matched,Lunden,amtsangehörige Gemeinde,1649,5775289.97,3502.30,4652815.00,1110770.16,11704.81,STATISTIKPORTAL_INTEGRATED_2023_T1
2023,01,01051,municipality,010515169080,01051080,matched,Norderheistedt,amtsangehörige Gemeinde,126,1346717.97,10688.24,224243.00,1110770.16,11704.81,STATISTIKPORTAL_INTEGRATED_2023_T1
2023,01,01051,municipality,010515169088,01051088,matched,Pahlen,amtsangehörige Gemeinde,1149,3249320.62,2827.96,1836331.00,1110770.16,302219.46,STATISTIKPORTAL_INTEGRATED_2023_T1
2023,01,01051,municipality,010515169092,01051092,matched,Rehm-Flehde-Bargen,amtsangehörige Gemeinde,547,1584138.97,2896.05,461664.00,1110770.16,11704.81,STATISTIKPORTAL_INTEGRATED_2023_T1
2023,01,01051,municipality,010515169096,01051096,matched,Sankt Annen,amtsangehörige Gemeinde,308,1401863.97,4551.51,279389.00,1110770.16,11704.81,STATISTIKPORTAL_INTEGRATED_2023_T1
2023,01,01051,municipality,010515169100,01051100,matched,Schalkholz,amtsangehörige Gemeinde,568,1122474.97,1976.19,0.00,1110770.16,11704.81,STATISTIKPORTAL_INTEGRATED_2023_T1
2023,01,01051,municipality,010515169102,01051102,matched,Schlichting,amtsangehörige Gemeinde,244,1426474.97,5846.21,304000.00,1110770.16,11704.81,STATISTIKPORTAL_INTEGRATED_2023_T1
2023,01,01051,municipality,010515169114,01051114,matched,Tellingstedt,amtsangehörige Gemeinde,2732,6859817.84,2510.91,2774002.00,1110770.16,2975045.68,STATISTIKPORTAL_INTEGRATED_2023_T1
2023,01,01051,municipality,010515169117,01051117,matched,Tielenhemme,amtsangehörige Gemeinde,165,1338066.41,8109.49,215500.00,1110770.16,11796.25,STATISTIKPORTAL_INTEGRATED_2023_T1
2023,01,01051,municipality,010515169120,01051120,matched,Wallen,amtsangehörige Gemeinde,29,1341966.41,46274.70,219400.00,1110770.16,11796.25,STATISTIKPORTAL_INTEGRATED_2023_T1
2023,01,01051,municipality,010515169125,01051125,matched,Welmbüttel,amtsangehörige Gemeinde,387,1569081.06,4054.47,156000.00,1110770.16,302310.90,STATISTIKPORTAL_INTEGRATED_2023_T1
2023,01,01051,municipality,010515169131,01051131,matched,Westerborstel,amtsangehörige Gemeinde,110,1278454.41,11622.31,155888.00,1110770.16,11796.25,STATISTIKPORTAL_INTEGRATED_2023_T1
2023,01,01051,municipality,010515169133,01051133,matched,Wiemerstedt,amtsangehörige Gemeinde,150,1546688.41,10311.26,424122.00,1110770.16,11796.25,STATISTIKPORTAL_INTEGRATED_2023_T1
2023,01,01051,municipality,010515169136,01051136,matched,Wrohm,amtsangehörige Gemeinde,721,2650293.27,3675.86,1411521.00,1110770.16,128002.11,STATISTIKPORTAL_INTEGRATED_2023_T1
2023,01,01051,municipality,010515169139,01051139,matched,Süderdorf,amtsangehörige Gemeinde,355,1605474.97,4522.46,483000.00,1110770.16,11704.81,STATISTIKPORTAL_INTEGRATED_2023_T1
2023,01,01051,municipality,010515169141,01051141,matched,Süderheistedt,amtsangehörige Gemeinde,517,2141111.41,4141.41,1018545.00,1110770.16,11796.25,STATISTIKPORTAL_INTEGRATED_2023_T1
2023,01,01051,joint_administration,010515172,,not_applicable,Amtsverwaltung KLG Heider Umland,Amtsverwaltung,15872,1164931.17,73.40,1136528.00,28403.17,0.00,STATISTIKPORTAL_INTEGRATED_2023_T1
2023,01,01051,municipality,010515172048,01051048,matched,Hemmingstedt,amtsangehörige Gemeinde,2875,11191302.59,3892.63,8056406.00,1110770.16,2024126.43,STATISTIKPORTAL_INTEGRATED_2023_T1
2023,01,01051,municipality,010515172067,01051067,matched,Lieth,amtsangehörige Gemeinde,372,1432360.09,3850.43,0.00,1110770.16,321589.93,STATISTIKPORTAL_INTEGRATED_2023_T1
2023,01,01051,municipality,010515172069,01051069,matched,Lohe-Rickelshof,amtsangehörige Gemeinde,2085,11237883.84,5389.87,3197275.00,1110770.16,6929838.68,STATISTIKPORTAL_INTEGRATED_2023_T1
2023,01,01051,municipality,010515172075,01051075,matched,Neuenkirchen,amtsangehörige Gemeinde,998,4747558.61,4757.07,3086000.00,1649853.80,11704.81,STATISTIKPORTAL_INTEGRATED_2023_T1
2023,01,01051,municipality,010515172081,01051081,matched,Norderwöhrden,amtsangehörige Gemeinde,257,1122474.97,4367.61,0.00,1110770.16,11704.81,STATISTIKPORTAL_INTEGRATED_2023_T1
2023,01,01051,municipality,010515172082,01051082,matched,Nordhastedt,amtsangehörige Gemeinde,2824,3958348.55,1401.68,1147366.00,2423728.28,387254.27,STATISTIKPORTAL_INTEGRATED_2023_T1
2023,01,01051,municipality,010515172087,01051087,matched,Ostrohe,amtsangehörige Gemeinde,901,4429427.09,4916.12,566000.00,1649853.80,2213573.29,STATISTIKPORTAL_INTEGRATED_2023_T1
2023,01,01051,municipality,010515172107,01051107,matched,Stelle-Wittenwurth,amtsangehörige Gemeinde,470,1703558.61,3624.59,42000.00,1649853.80,11704.81,STATISTIKPORTAL_INTEGRATED_2023_T1
2023,01,01051,municipality,010515172113,01051113,matched,Wöhrden,amtsangehörige Gemeinde,1303,8589407.62,6592.02,2818399.00,1110770.16,4660238.46,STATISTIKPORTAL_INTEGRATED_2023_T1
2023,01,01051,municipality,010515172122,01051122,matched,Weddingstedt,amtsangehörige Gemeinde,2351,3787941.77,1611.20,1317704.00,2458441.52,11796.25,STATISTIKPORTAL_INTEGRATED_2023_T1
2023,01,01051,municipality,010515172130,01051130,matched,Wesseln,amtsangehörige Gemeinde,1436,2878522.13,2004.54,947368.00,1919357.88,11796.25,STATISTIKPORTAL_INTEGRATED_2023_T1
2023,01,01051,joint_administration,010515175,,not_applicable,Amtsverwaltung Mitteldithmarschen,Amtsverwaltung,23566,3647917.17,154.80,3619514.00,28403.17,0.00,STATISTIKPORTAL_INTEGRATED_2023_T1
2023,01,01051,municipality,010515175001,01051001,matched,Albersdorf,amtsangehörige Gemeinde,3823,14213041.87,3717.77,6207247.00,3080374.73,4925420.14,STATISTIKPORTAL_INTEGRATED_2023_T1
2023,01,01051,municipality,010515175002,01051002,matched,Arkebek,amtsangehörige Gemeinde,223,2273978.22,10197.21,201880.00,1767193.42,304904.80,STATISTIKPORTAL_INTEGRATED_2023_T1
2023,01,01051,municipality,010515175004,01051004,matched,Bargenstedt,amtsangehörige Gemeinde,985,4332716.37,4398.70,1246485.00,2781326.57,304904.80,STATISTIKPORTAL_INTEGRATED_2023_T1
2023,01,01051,municipality,010515175006,01051006,matched,Barlt,amtsangehörige Gemeinde,757,4363407.44,5764.08,1095792.00,2781326.57,486288.87,STATISTIKPORTAL_INTEGRATED_2023_T1
2023,01,01051,municipality,010515175015,01051015,matched,Bunsoh,amtsangehörige Gemeinde,760,3565464.08,4691.40,836831.00,2423728.28,304904.80,STATISTIKPORTAL_INTEGRATED_2023_T1
2023,01,01051,municipality,010515175017,01051017,matched,Busenwurth,amtsangehörige Gemeinde,315,3086231.37,9797.56,0.00,2781326.57,304904.80,STATISTIKPORTAL_INTEGRATED_2023_T1
2023,01,01051,municipality,010515175027,01051027,matched,Elpersbüttel,amtsangehörige Gemeinde,889,4132352.37,4648.32,1046121.00,2781326.57,304904.80,STATISTIKPORTAL_INTEGRATED_2023_T1
2023,01,01051,municipality,010515175028,01051028,matched,Epenwöhrden,amtsangehörige Gemeinde,781,3794467.37,4858.47,708236.00,2781326.57,304904.80,STATISTIKPORTAL_INTEGRATED_2023_T1
2023,01,01051,municipality,010515175039,01051039,matched,Gudendorf,amtsangehörige Gemeinde,429,2401287.97,5597.41,756591.00,1110770.16,533926.81,STATISTIKPORTAL_INTEGRATED_2023_T1
2023,01,01051,municipality,010515175054,01051054,matched,Immenstedt,amtsangehörige Gemeinde,108,2217650.22,20533.80,145552.00,1767193.42,304904.80,STATISTIKPORTAL_INTEGRATED_2023_T1
2023,01,01051,municipality,010515175063,01051063,matched,Krumstedt,amtsangehörige Gemeinde,513,4931309.87,9612.69,1178371.00,2781326.57,971612.30,STATISTIKPORTAL_INTEGRATED_2023_T1
2023,01,01051,municipality,010515175074,01051074,matched,"Meldorf, Stadt",amtsangehörige Gemeinde,7288,49731290.18,6823.72,31370067.00,16785015.01,1576208.17,STATISTIKPORTAL_INTEGRATED_2023_T1
2023,01,01051,municipality,010515175078,01051078,matched,Nindorf,amtsangehörige Gemeinde,1151,4785665.37,4157.83,1699434.00,2781326.57,304904.80,STATISTIKPORTAL_INTEGRATED_2023_T1
2023,01,01051,municipality,010515175083,01051083,matched,Odderade,amtsangehörige Gemeinde,327,2931655.22,8965.31,859557.00,1767193.42,304904.80,STATISTIKPORTAL_INTEGRATED_2023_T1
2023,01,01051,municipality,010515175085,01051085,matched,Offenbüttel,amtsangehörige Gemeinde,244,2618460.95,10731.40,547892.00,1767193.42,303375.53,STATISTIKPORTAL_INTEGRATED_2023_T1
2023,01,01051,municipality,010515175086,01051086,matched,Osterrade,amtsangehörige Gemeinde,421,3024870.95,7184.97,954302.00,1767193.42,303375.53,STATISTIKPORTAL_INTEGRATED_2023_T1
2023,01,01051,municipality,010515175098,01051098,matched,Sarzbüttel,amtsangehörige Gemeinde,715,4266824.10,5967.59,1182122.00,2781326.57,303375.53,STATISTIKPORTAL_INTEGRATED_2023_T1
2023,01,01051,municipality,010515175099,01051099,matched,Schafstedt,amtsangehörige Gemeinde,1326,5845669.81,4408.50,3118566.00,2423728.28,303375.53,STATISTIKPORTAL_INTEGRATED_2023_T1
2023,01,01051,municipality,010515175104,01051104,matched,Schrum,amtsangehörige Gemeinde,77,2284323.95,29666.54,213755.00,1767193.42,303375.53,STATISTIKPORTAL_INTEGRATED_2023_T1
2023,01,01051,municipality,010515175126,01051126,matched,Wennbüttel,amtsangehörige Gemeinde,76,2262567.95,29770.63,191999.00,1767193.42,303375.53,STATISTIKPORTAL_INTEGRATED_2023_T1
2023,01,01051,municipality,010515175134,01051134,matched,Windbergen,amtsangehörige Gemeinde,760,4426905.10,5824.88,1342203.00,2781326.57,303375.53,STATISTIKPORTAL_INTEGRATED_2023_T1
2023,01,01051,municipality,010515175135,01051135,matched,Wolmersdorf,amtsangehörige Gemeinde,318,3609692.10,11351.23,524990.00,2781326.57,303375.53,STATISTIKPORTAL_INTEGRATED_2023_T1
2023,01,01051,municipality,010515175137,01051137,matched,Nordermeldorf,amtsangehörige Gemeinde,601,4255311.22,7080.38,1004248.00,2946158.42,304904.80,STATISTIKPORTAL_INTEGRATED_2023_T1
2023,01,01051,municipality,010515175138,01051138,matched,Tensbüttel-Röst,amtsangehörige Gemeinde,679,3858627.95,5682.81,1788059.00,1767193.42,303375.53,STATISTIKPORTAL_INTEGRATED_2023_T1
2023,01,01051,joint_administration,010515178,,not_applicable,Amtsverwaltung Büsum-Wesselburen,Amtsverwaltung,13211,28403.17,2.15,0.00,28403.17,0.00,STATISTIKPORTAL_INTEGRATED_2023_T1
2023,01,01051,municipality,010515178013,01051013,matched,Büsum,amtsangehörige Gemeinde,5034,25282726.53,5022.39,3466444.00,1110770.16,20705512.37,STATISTIKPORTAL_INTEGRATED_2023_T1
2023,01,01051,municipality,010515178014,01051014,matched,Büsumer Deichhausen,amtsangehörige Gemeinde,365,1221509.58,3346.60,0.00,1110770.16,110739.42,STATISTIKPORTAL_INTEGRATED_2023_T1
2023,01,01051,municipality,010515178033,01051033,matched,Friedrichsgabekoog,amtsangehörige Gemeinde,58,1122474.97,19353.02,0.00,1110770.16,11704.81,STATISTIKPORTAL_INTEGRATED_2023_T1
2023,01,01051,municipality,010515178043,01051043,matched,Hedwigenkoog,amtsangehörige Gemeinde,215,1221509.58,5681.44,0.00,1110770.16,110739.42,STATISTIKPORTAL_INTEGRATED_2023_T1
2023,01,01051,municipality,010515178045,01051045,matched,Hellschen-Heringsand-Unterschaar,amtsangehörige Gemeinde,169,1280463.97,7576.71,157989.00,1110770.16,11704.81,STATISTIKPORTAL_INTEGRATED_2023_T1
2023,01,01051,municipality,010515178050,01051050,matched,Hillgroven,amtsangehörige Gemeinde,56,1122474.97,20044.20,0.00,1110770.16,11704.81,STATISTIKPORTAL_INTEGRATED_2023_T1
2023,01,01051,municipality,010515178079,01051079,matched,Norddeich,amtsangehörige Gemeinde,458,1122474.97,2450.82,0.00,1110770.16,11704.81,STATISTIKPORTAL_INTEGRATED_2023_T1
2023,01,01051,municipality,010515178084,01051084,matched,Oesterdeichstrich,amtsangehörige Gemeinde,279,1221509.58,4378.17,0.00,1110770.16,110739.42,STATISTIKPORTAL_INTEGRATED_2023_T1
2023,01,01051,municipality,010515178093,01051093,matched,Reinsbüttel,amtsangehörige Gemeinde,396,1402474.97,3541.60,280000.00,1110770.16,11704.81,STATISTIKPORTAL_INTEGRATED_2023_T1
2023,01,01051,municipality,010515178105,01051105,matched,Schülp,amtsangehörige Gemeinde,403,1122474.97,2785.30,0.00,1110770.16,11704.81,STATISTIKPORTAL_INTEGRATED_2023_T1
2023,01,01051,municipality,010515178108,01051108,matched,Strübbel,amtsangehörige Gemeinde,94,1122474.97,11941.22,0.00,1110770.16,11704.81,STATISTIKPORTAL_INTEGRATED_2023_T1
2023,01,01051,municipality,010515178109,01051109,matched,Süderdeich,amtsangehörige Gemeinde,444,1122474.97,2528.10,0.00,1110770.16,11704.81,STATISTIKPORTAL_INTEGRATED_2023_T1
2023,01,01051,municipality,010515178121,01051121,matched,Warwerort,amtsangehörige Gemeinde,245,1221601.02,4986.13,0.00,1110770.16,110830.86,STATISTIKPORTAL_INTEGRATED_2023_T1
2023,01,01051,municipality,010515178127,01051127,matched,"Wesselburen, Stadt",amtsangehörige Gemeinde,3613,1567500.41,433.85,444934.00,1110770.16,11796.25,STATISTIKPORTAL_INTEGRATED_2023_T1
2023,01,01051,municipality,010515178128,01051128,matched,Wesselburener Deichhausen,amtsangehörige Gemeinde,107,1122566.41,10491.27,0.00,1110770.16,11796.25,STATISTIKPORTAL_INTEGRATED_2023_T1
2023,01,01051,municipality,010515178129,01051129,matched,Wesselburenerkoog,amtsangehörige Gemeinde,173,1122566.41,6488.82,0.00,1110770.16,11796.25,STATISTIKPORTAL_INTEGRATED_2023_T1
2023,01,01051,municipality,010515178132,01051132,matched,Westerdeichstrich,amtsangehörige Gemeinde,852,1221601.02,1433.80,0.00,1110770.16,110830.86,STATISTIKPORTAL_INTEGRATED_2023_T1
2023,01,01051,municipality,010515178140,01051140,matched,Oesterwurth,amtsangehörige Gemeinde,250,1122474.97,4489.90,0.00,1110770.16,11704.81,STATISTIKPORTAL_INTEGRATED_2023_T1
2023,01,01053,county_administration,01053,,not_applicable,Kreisverwaltung Herzogtum Lauenburg,Kreisverwaltung,204293,68303441.76,334.34,5097950.00,1094623.88,62110867.88,STATISTIKPORTAL_INTEGRATED_2023_T1
2023,01,01053,municipality,010530032032,01053032,matched,"Geesthacht, Stadt",amtsfreie Gemeinde,32522,69458971.01,2135.75,5926466.00,5811430.15,57721074.86,STATISTIKPORTAL_INTEGRATED_2023_T1
2023,01,01053,municipality,010530083083,01053083,matched,"Lauenburg/Elbe, Stadt",amtsfreie Gemeinde,11957,58689198.16,4908.35,24114421.00,61890.15,34512887.01,STATISTIKPORTAL_INTEGRATED_2023_T1
2023,01,01053,municipality,010530090090,01053090,matched,"Mölln, Stadt",amtsfreie Gemeinde,19612,49650977.17,2531.66,5610349.00,304835.99,43735792.18,STATISTIKPORTAL_INTEGRATED_2023_T1
2023,01,01053,municipality,010530100100,01053100,matched,"Ratzeburg, Stadt",amtsfreie Gemeinde,14545,32584207.19,2240.23,2130709.00,1601859.92,28851638.27,STATISTIKPORTAL_INTEGRATED_2023_T1
2023,01,01053,municipality,010530116116,01053116,matched,"Schwarzenbek, Stadt",amtsfreie Gemeinde,17294,17325255.51,1001.81,9334497.00,167347.51,7823411.00,STATISTIKPORTAL_INTEGRATED_2023_T1
2023,01,01053,municipality,010530129129,01053129,matched,Wentorf bei Hamburg,amtsfreie Gemeinde,13517,11381874.38,842.04,8640489.00,28901.47,2712483.91,STATISTIKPORTAL_INTEGRATED_2023_T1
2023,01,01053,joint_administration,010535308,,not_applicable,Amtsverwaltung Berkenthin,Amtsverwaltung,8544,2087279.51,244.30,2057382.00,29897.51,0.00,STATISTIKPORTAL_INTEGRATED_2023_T1
2023,01,01053,municipality,010535308008,01053008,matched,Behlendorf,amtsangehörige Gemeinde,404,122329.66,302.80,0.00,48042.39,74287.27,STATISTIKPORTAL_INTEGRATED_2023_T1
2023,01,01053,municipality,010535308009,01053009,matched,Berkenthin,amtsangehörige Gemeinde,2210,4846349.84,2192.92,4024405.00,96084.78,725860.06,STATISTIKPORTAL_INTEGRATED_2023_T1
2023,01,01053,municipality,010535308011,01053011,matched,Bliestorf,amtsangehörige Gemeinde,656,774332.45,1180.38,430.00,48042.39,725860.06,STATISTIKPORTAL_INTEGRATED_2023_T1
2023,01,01053,municipality,010535308024,01053024,matched,Düchelsdorf,amtsangehörige Gemeinde,152,625238.72,4113.41,0.00,48042.39,577196.33,STATISTIKPORTAL_INTEGRATED_2023_T1
2023,01,01053,municipality,010535308034,01053034,matched,Göldenitz,amtsangehörige Gemeinde,233,624431.46,2679.96,0.00,48042.39,576389.07,STATISTIKPORTAL_INTEGRATED_2023_T1
2023,01,01053,municipality,010535308061,01053061,matched,Kastorf,amtsangehörige Gemeinde,1197,1140283.73,952.62,441565.00,48042.39,650676.34,STATISTIKPORTAL_INTEGRATED_2023_T1
2023,01,01053,municipality,010535308067,01053067,matched,Klempau,amtsangehörige Gemeinde,601,1106591.01,1841.25,333585.00,48042.39,724963.62,STATISTIKPORTAL_INTEGRATED_2023_T1
2023,01,01053,municipality,010535308075,01053075,matched,Krummesse,amtsangehörige Gemeinde,1669,1683676.58,1008.79,862539.00,96084.78,725052.80,STATISTIKPORTAL_INTEGRATED_2023_T1
2023,01,01053,municipality,010535308094,01053094,matched,Niendorf bei Berkenthin,amtsangehörige Gemeinde,183,624431.46,3412.19,0.00,48042.39,576389.07,STATISTIKPORTAL_INTEGRATED_2023_T1
2023,01,01053,municipality,010535308103,01053103,matched,Rondeshagen,amtsangehörige Gemeinde,786,773095.19,983.58,0.00,48042.39,725052.80,STATISTIKPORTAL_INTEGRATED_2023_T1
2023,01,01053,municipality,010535308120,01053120,matched,Sierksrade,amtsangehörige Gemeinde,453,624431.46,1378.44,0.00,48042.39,576389.07,STATISTIKPORTAL_INTEGRATED_2023_T1
2023,01,01053,joint_administration,010535313,,not_applicable,Amtsverwaltung Breitenfelde,Amtsverwaltung,6746,2697778.45,399.91,2695786.00,1992.45,0.00,STATISTIKPORTAL_INTEGRATED_2023_T1
2023,01,01053,municipality,010535313002,01053002,matched,Alt-Mölln,amtsangehörige Gemeinde,836,128500.00,153.71,128500.00,0.00,0.00,STATISTIKPORTAL_INTEGRATED_2023_T1
2023,01,01053,municipality,010535313005,01053005,matched,Bälau,amtsangehörige Gemeinde,218,0.00,0.00,0.00,0.00,0.00,STATISTIKPORTAL_INTEGRATED_2023_T1
2023,01,01053,municipality,010535313013,01053013,matched,Borstorf,amtsangehörige Gemeinde,316,0.00,0.00,0.00,0.00,0.00,STATISTIKPORTAL_INTEGRATED_2023_T1
2023,01,01053,municipality,010535313014,01053014,matched,Breitenfelde,amtsangehörige Gemeinde,2091,153300.00,73.31,153300.00,0.00,0.00,STATISTIKPORTAL_INTEGRATED_2023_T1
2023,01,01053,municipality,010535313037,01053037,matched,Grambek,amtsangehörige Gemeinde,505,0.00,0.00,0.00,0.00,0.00,STATISTIKPORTAL_INTEGRATED_2023_T1
2023,01,01053,municipality,010535313056,01053056,matched,Hornbek,amtsangehörige Gemeinde,202,0.00,0.00,0.00,0.00,0.00,STATISTIKPORTAL_INTEGRATED_2023_T1
2023,01,01053,municipality,010535313084,01053084,matched,Lehmrade,amtsangehörige Gemeinde,580,1921767.25,3313.39,1770500.00,151267.25,0.00,STATISTIKPORTAL_INTEGRATED_2023_T1
2023,01,01053,municipality,010535313095,01053095,matched,Niendorf/Stecknitz,amtsangehörige Gemeinde,654,0.00,0.00,0.00,0.00,0.00,STATISTIKPORTAL_INTEGRATED_2023_T1
2023,01,01053,municipality,010535313113,01053113,matched,Schretstaken,amtsangehörige Gemeinde,491,0.00,0.00,0.00,0.00,0.00,STATISTIKPORTAL_INTEGRATED_2023_T1
2023,01,01053,municipality,010535313125,01053125,matched,Talkau,amtsangehörige Gemeinde,516,1061375.00,2056.93,1061375.00,0.00,0.00,STATISTIKPORTAL_INTEGRATED_2023_T1
2023,01,01053,municipality,010535313134,01053134,matched,Woltersdorf,amtsangehörige Gemeinde,337,32250.00,95.70,32250.00,0.00,0.00,STATISTIKPORTAL_INTEGRATED_2023_T1
2023,01,01053,joint_administration,010535318,,not_applicable,Amtsverwaltung Büchen,Amtsverwaltung,15300,4978093.45,325.37,4976101.00,1992.45,0.00,STATISTIKPORTAL_INTEGRATED_2023_T1
2023,01,01053,municipality,010535318010,01053010,matched,Besenthal,amtsangehörige Gemeinde,97,603998.04,6226.78,0.00,603998.04,0.00,STATISTIKPORTAL_INTEGRATED_2023_T1
2023,01,01053,municipality,010535318015,01053015,matched,Bröthen,amtsangehörige Gemeinde,317,949448.04,2995.10,345450.00,603998.04,0.00,STATISTIKPORTAL_INTEGRATED_2023_T1
2023,01,01053,municipality,010535318020,01053020,matched,Büchen,amtsangehörige Gemeinde,6681,44174883.53,6612.02,38710498.00,5464385.53,0.00,STATISTIKPORTAL_INTEGRATED_2023_T1
2023,01,01053,municipality,010535318029,01053029,matched,Fitzen,amtsangehörige Gemeinde,379,876498.04,2312.66,272500.00,603998.04,0.00,STATISTIKPORTAL_INTEGRATED_2023_T1
2023,01,01053,municipality,010535318035,01053035,matched,Göttin,amtsangehörige Gemeinde,62,0.00,0.00,0.00,0.00,0.00,STATISTIKPORTAL_INTEGRATED_2023_T1
2023,01,01053,municipality,010535318046,01053046,matched,Gudow,amtsangehörige Gemeinde,1755,2440625.08,1390.67,1232629.00,1207996.08,0.00,STATISTIKPORTAL_INTEGRATED_2023_T1
2023,01,01053,municipality,010535318048,01053048,matched,Güster,amtsangehörige Gemeinde,1359,2249123.08,1654.98,1041127.00,1207996.08,0.00,STATISTIKPORTAL_INTEGRATED_2023_T1
2023,01,01053,municipality,010535318064,01053064,matched,Klein Pampau,amtsangehörige Gemeinde,681,942508.04,1384.01,338510.00,603998.04,0.00,STATISTIKPORTAL_INTEGRATED_2023_T1
2023,01,01053,municipality,010535318080,01053080,matched,Langenlehsten,amtsangehörige Gemeinde,175,603998.04,3451.42,0.00,603998.04,0.00,STATISTIKPORTAL_INTEGRATED_2023_T1
2023,01,01053,municipality,010535318092,01053092,matched,Müssen,amtsangehörige Gemeinde,1236,2485736.08,2011.11,913100.00,1572636.08,0.00,STATISTIKPORTAL_INTEGRATED_2023_T1
2023,01,01053,municipality,010535318104,01053104,matched,Roseburg,amtsangehörige Gemeinde,551,603998.04,1096.19,0.00,603998.04,0.00,STATISTIKPORTAL_INTEGRATED_2023_T1
2023,01,01053,municipality,010535318115,01053115,matched,Schulendorf,amtsangehörige Gemeinde,453,885118.04,1953.90,98800.00,786318.04,0.00,STATISTIKPORTAL_INTEGRATED_2023_T1
2023,01,01053,municipality,010535318119,01053119,matched,Siebeneichen,amtsangehörige Gemeinde,292,872213.04,2987.03,268215.00,603998.04,0.00,STATISTIKPORTAL_INTEGRATED_2023_T1
2023,01,01053,municipality,010535318126,01053126,matched,Tramm,amtsangehörige Gemeinde,346,603998.04,1745.66,0.00,603998.04,0.00,STATISTIKPORTAL_INTEGRATED_2023_T1
2023,01,01053,municipality,010535318132,01053132,matched,Witzeeze,amtsangehörige Gemeinde,916,603998.04,659.39,0.00,603998.04,0.00,STATISTIKPORTAL_INTEGRATED_2023_T1
2023,01,01053,joint_administration,010535323,,not_applicable,Amtsverwaltung Hohe Elbgeest,Amtsverwaltung,20978,6605388.17,314.87,6576985.00,28403.17,0.00,STATISTIKPORTAL_INTEGRATED_2023_T1
2023,01,01053,municipality,010535323003,01053003,matched,Aumühle,amtsangehörige Gemeinde,3311,972530.00,293.73,972530.00,0.00,0.00,STATISTIKPORTAL_INTEGRATED_2023_T1
2023,01,01053,municipality,010535323012,01053012,matched,Börnsen,amtsangehörige Gemeinde,4736,8631699.00,1822.57,6229708.00,0.00,2401991.00,STATISTIKPORTAL_INTEGRATED_2023_T1
2023,01,01053,municipality,010535323023,01053023,matched,Dassendorf,amtsangehörige Gemeinde,3398,835883.14,245.99,178985.00,656898.14,0.00,STATISTIKPORTAL_INTEGRATED_2023_T1
2023,01,01053,municipality,010535323028,01053028,matched,Escheburg,amtsangehörige Gemeinde,3874,269621.00,69.60,269621.00,0.00,0.00,STATISTIKPORTAL_INTEGRATED_2023_T1
2023,01,01053,municipality,010535323050,01053050,matched,Hamwarde,amtsangehörige Gemeinde,841,1961850.00,2332.76,1961850.00,0.00,0.00,STATISTIKPORTAL_INTEGRATED_2023_T1
2023,01,01053,municipality,010535323053,01053053,matched,Hohenhorn,amtsangehörige Gemeinde,550,656878.43,1194.32,0.00,656878.43,0.00,STATISTIKPORTAL_INTEGRATED_2023_T1
2023,01,01053,municipality,010535323072,01053072,matched,Kröppelshagen-Fahrendorf,amtsangehörige Gemeinde,1313,204550.00,155.79,204550.00,0.00,0.00,STATISTIKPORTAL_INTEGRATED_2023_T1
2023,01,01053,municipality,010535323131,01053131,matched,Wiershop,amtsangehörige Gemeinde,208,1075988.00,5173.02,1075988.00,0.00,0.00,STATISTIKPORTAL_INTEGRATED_2023_T1
2023,01,01053,municipality,010535323133,01053133,matched,Wohltorf,amtsangehörige Gemeinde,2578,3266230.00,1266.96,3266230.00,0.00,0.00,STATISTIKPORTAL_INTEGRATED_2023_T1
2023,01,01053,municipality,010535323135,01053135,matched,Worth,amtsangehörige Gemeinde,169,42813.00,253.33,42813.00,0.00,0.00,STATISTIKPORTAL_INTEGRATED_2023_T1
2023,01,01053,joint_administration,010535343,,not_applicable,Amtsverwaltung Lütau,Amtsverwaltung,3880,1494.34,0.39,0.00,1494.34,0.00,STATISTIKPORTAL_INTEGRATED_2023_T1
2023,01,01053,municipality,010535343006,01053006,matched,Basedow,amtsangehörige Gemeinde,629,0.00,0.00,0.00,0.00,0.00,STATISTIKPORTAL_INTEGRATED_2023_T1
2023,01,01053,municipality,010535343019,01053019,matched,Buchhorst,amtsangehörige Gemeinde,146,0.00,0.00,0.00,0.00,0.00,STATISTIKPORTAL_INTEGRATED_2023_T1
2023,01,01053,municipality,010535343022,01053022,matched,Dalldorf,amtsangehörige Gemeinde,350,20400.00,58.29,20400.00,0.00,0.00,STATISTIKPORTAL_INTEGRATED_2023_T1
2023,01,01053,municipality,010535343058,01053058,matched,Juliusburg,amtsangehörige Gemeinde,192,12500.00,65.10,12500.00,0.00,0.00,STATISTIKPORTAL_INTEGRATED_2023_T1
2023,01,01053,municipality,010535343073,01053073,matched,Krüzen,amtsangehörige Gemeinde,373,115400.00,309.38,115400.00,0.00,0.00,STATISTIKPORTAL_INTEGRATED_2023_T1
2023,01,01053,municipality,010535343074,01053074,matched,Krukow,amtsangehörige Gemeinde,156,0.00,0.00,0.00,0.00,0.00,STATISTIKPORTAL_INTEGRATED_2023_T1
2023,01,01053,municipality,010535343082,01053082,matched,Lanze,amtsangehörige Gemeinde,263,0.00,0.00,0.00,0.00,0.00,STATISTIKPORTAL_INTEGRATED_2023_T1
2023,01,01053,municipality,010535343087,01053087,matched,Lütau,amtsangehörige Gemeinde,687,0.00,0.00,0.00,0.00,0.00,STATISTIKPORTAL_INTEGRATED_2023_T1
2023,01,01053,municipality,010535343111,01053111,matched,Schnakenbek,amtsangehörige Gemeinde,876,0.00,0.00,0.00,0.00,0.00,STATISTIKPORTAL_INTEGRATED_2023_T1
2023,01,01053,municipality,010535343128,01053128,matched,Wangelau,amtsangehörige Gemeinde,208,0.00,0.00,0.00,0.00,0.00,STATISTIKPORTAL_INTEGRATED_2023_T1
2023,01,01053,joint_administration,010535358,,not_applicable,Amtsverwaltung Lauenburgische Seen,Amtsverwaltung,13905,6475413.62,465.69,6445018.00,30395.62,0.00,STATISTIKPORTAL_INTEGRATED_2023_T1
2023,01,01053,municipality,010535358001,01053001,matched,Albsfelde,amtsangehörige Gemeinde,71,81993.36,1154.84,0.00,81993.36,0.00,STATISTIKPORTAL_INTEGRATED_2023_T1
2023,01,01053,municipality,010535358004,01053004,matched,Bäk,amtsangehörige Gemeinde,893,456160.36,510.82,374167.00,81993.36,0.00,STATISTIKPORTAL_INTEGRATED_2023_T1
2023,01,01053,municipality,010535358016,01053016,matched,Brunsmark,amtsangehörige Gemeinde,143,233267.25,1631.24,82000.00,151267.25,0.00,STATISTIKPORTAL_INTEGRATED_2023_T1
2023,01,01053,municipality,010535358018,01053018,matched,Buchholz,amtsangehörige Gemeinde,233,597842.36,2565.85,515849.00,81993.36,0.00,STATISTIKPORTAL_INTEGRATED_2023_T1
2023,01,01053,municipality,010535358026,01053026,matched,Einhaus,amtsangehörige Gemeinde,438,297507.36,679.24,215514.00,81993.36,0.00,STATISTIKPORTAL_INTEGRATED_2023_T1
2023,01,01053,municipality,010535358030,01053030,matched,Fredeburg,amtsangehörige Gemeinde,45,81993.36,1822.07,0.00,81993.36,0.00,STATISTIKPORTAL_INTEGRATED_2023_T1
2023,01,01053,municipality,010535358033,01053033,matched,Giesensdorf,amtsangehörige Gemeinde,176,154519.36,877.95,72526.00,81993.36,0.00,STATISTIKPORTAL_INTEGRATED_2023_T1
2023,01,01053,municipality,010535358040,01053040,matched,Groß Disnack,amtsangehörige Gemeinde,80,81993.36,1024.92,0.00,81993.36,0.00,STATISTIKPORTAL_INTEGRATED_2023_T1
2023,01,01053,municipality,010535358041,01053041,matched,Groß Grönau,amtsangehörige Gemeinde,3834,1324587.00,345.48,1324587.00,0.00,0.00,STATISTIKPORTAL_INTEGRATED_2023_T1
2023,01,01053,municipality,010535358043,01053043,matched,Groß Sarau,amtsangehörige Gemeinde,1086,2342760.36,2157.24,2260767.00,81993.36,0.00,STATISTIKPORTAL_INTEGRATED_2023_T1
2023,01,01053,municipality,010535358051,01053051,matched,Harmsdorf,amtsangehörige Gemeinde,309,81993.36,265.35,0.00,81993.36,0.00,STATISTIKPORTAL_INTEGRATED_2023_T1
2023,01,01053,municipality,010535358054,01053054,matched,Hollenbek,amtsangehörige Gemeinde,441,987517.25,2239.27,836250.00,151267.25,0.00,STATISTIKPORTAL_INTEGRATED_2023_T1
2023,01,01053,municipality,010535358057,01053057,matched,Horst,amtsangehörige Gemeinde,241,250017.25,1037.42,98750.00,151267.25,0.00,STATISTIKPORTAL_INTEGRATED_2023_T1
2023,01,01053,municipality,010535358062,01053062,matched,Kittlitz,amtsangehörige Gemeinde,276,81993.36,297.08,0.00,81993.36,0.00,STATISTIKPORTAL_INTEGRATED_2023_T1
2023,01,01053,municipality,010535358066,01053066,matched,Klein Zecher,amtsangehörige Gemeinde,229,151267.25,660.56,0.00,151267.25,0.00,STATISTIKPORTAL_INTEGRATED_2023_T1
2023,01,01053,municipality,010535358078,01053078,matched,Kulpin,amtsangehörige Gemeinde,210,250409.36,1192.43,168416.00,81993.36,0.00,STATISTIKPORTAL_INTEGRATED_2023_T1
2023,01,01053,municipality,010535358088,01053088,matched,Mechow,amtsangehörige Gemeinde,125,81993.36,655.95,0.00,81993.36,0.00,STATISTIKPORTAL_INTEGRATED_2023_T1
2023,01,01053,municipality,010535358093,01053093,matched,Mustin,amtsangehörige Gemeinde,686,141993.36,206.99,60000.00,81993.36,0.00,STATISTIKPORTAL_INTEGRATED_2023_T1
2023,01,01053,municipality,010535358098,01053098,matched,Pogeez,amtsangehörige Gemeinde,507,1168527.36,2304.79,1086534.00,81993.36,0.00,STATISTIKPORTAL_INTEGRATED_2023_T1
2023,01,01053,municipality,010535358102,01053102,matched,Römnitz,amtsangehörige Gemeinde,64,81993.36,1281.15,0.00,81993.36,0.00,STATISTIKPORTAL_INTEGRATED_2023_T1
2023,01,01053,municipality,010535358107,01053107,matched,Salem,amtsangehörige Gemeinde,654,356257.25,544.74,204990.00,151267.25,0.00,STATISTIKPORTAL_INTEGRATED_2023_T1
2023,01,01053,municipality,010535358110,01053110,matched,Schmilau,amtsangehörige Gemeinde,549,750876.36,1367.72,668883.00,81993.36,0.00,STATISTIKPORTAL_INTEGRATED_2023_T1
2023,01,01053,municipality,010535358117,01053117,matched,Seedorf,amtsangehörige Gemeinde,541,262097.25,484.47,110830.00,151267.25,0.00,STATISTIKPORTAL_INTEGRATED_2023_T1
2023,01,01053,municipality,010535358123,01053123,matched,Sterley,amtsangehörige Gemeinde,928,204092.25,219.93,52825.00,151267.25,0.00,STATISTIKPORTAL_INTEGRATED_2023_T1
2023,01,01053,municipality,010535358136,01053136,matched,Ziethen,amtsangehörige Gemeinde,1146,81993.36,71.55,0.00,81993.36,0.00,STATISTIKPORTAL_INTEGRATED_2023_T1
2023,01,01053,joint_administration,010535373,,not_applicable,Amtsverwaltung Schwarzenbek-Land,Amtsverwaltung,9774,2206883.51,225.79,2176986.00,29897.51,0.00,STATISTIKPORTAL_INTEGRATED_2023_T1
2023,01,01053,municipality,010535373007,01053007,matched,Basthorst,amtsangehörige Gemeinde,405,877558.31,2166.81,489764.00,387794.31,0.00,STATISTIKPORTAL_INTEGRATED_2023_T1
2023,01,01053,municipality,010535373017,01053017,matched,Brunstorf,amtsangehörige Gemeinde,754,2604131.43,3453.76,1947253.00,656878.43,0.00,STATISTIKPORTAL_INTEGRATED_2023_T1
2023,01,01053,municipality,010535373021,01053021,matched,Dahmker,amtsangehörige Gemeinde,164,481054.58,2933.26,241376.00,239678.58,0.00,STATISTIKPORTAL_INTEGRATED_2023_T1
2023,01,01053,municipality,010535373027,01053027,matched,Elmenhorst,amtsangehörige Gemeinde,867,19340.27,22.31,0.00,19340.27,0.00,STATISTIKPORTAL_INTEGRATED_2023_T1
2023,01,01053,municipality,010535373031,01053031,matched,Fuhlenhagen,amtsangehörige Gemeinde,387,390203.27,1008.28,370863.00,19340.27,0.00,STATISTIKPORTAL_INTEGRATED_2023_T1
2023,01,01053,municipality,010535373036,01053036,matched,Grabau,amtsangehörige Gemeinde,353,1453642.00,4117.97,1453642.00,0.00,0.00,STATISTIKPORTAL_INTEGRATED_2023_T1
2023,01,01053,municipality,010535373042,01053042,matched,Groß Pampau,amtsangehörige Gemeinde,173,321385.00,1857.72,139065.00,182320.00,0.00,STATISTIKPORTAL_INTEGRATED_2023_T1
2023,01,01053,municipality,010535373045,01053045,matched,Grove,amtsangehörige Gemeinde,264,134400.27,509.09,115060.00,19340.27,0.00,STATISTIKPORTAL_INTEGRATED_2023_T1
2023,01,01053,municipality,010535373047,01053047,matched,Gülzow,amtsangehörige Gemeinde,1301,1701288.00,1307.68,1701288.00,0.00,0.00,STATISTIKPORTAL_INTEGRATED_2023_T1
2023,01,01053,municipality,010535373049,01053049,matched,Hamfelde,amtsangehörige Gemeinde,538,119829.10,222.73,0.00,119829.10,0.00,STATISTIKPORTAL_INTEGRATED_2023_T1
2023,01,01053,municipality,010535373052,01053052,matched,Havekost,amtsangehörige Gemeinde,200,19340.27,96.70,0.00,19340.27,0.00,STATISTIKPORTAL_INTEGRATED_2023_T1
2023,01,01053,municipality,010535373059,01053059,matched,Kankelau,amtsangehörige Gemeinde,221,501808.27,2270.63,482468.00,19340.27,0.00,STATISTIKPORTAL_INTEGRATED_2023_T1
2023,01,01053,municipality,010535373060,01053060,matched,Kasseburg,amtsangehörige Gemeinde,572,824407.58,1441.27,584729.00,239678.58,0.00,STATISTIKPORTAL_INTEGRATED_2023_T1
2023,01,01053,municipality,010535373070,01053070,matched,Köthel,amtsangehörige Gemeinde,299,2920053.73,9766.07,2771938.00,148115.73,0.00,STATISTIKPORTAL_INTEGRATED_2023_T1
2023,01,01053,municipality,010535373071,01053071,matched,Kollow,amtsangehörige Gemeinde,605,587966.00,971.84,587966.00,0.00,0.00,STATISTIKPORTAL_INTEGRATED_2023_T1
2023,01,01053,municipality,010535373076,01053076,matched,Kuddewörde,amtsangehörige Gemeinde,1522,4181521.27,2747.39,2652446.00,1106809.68,422265.59,STATISTIKPORTAL_INTEGRATED_2023_T1
2023,01,01053,municipality,010535373089,01053089,matched,Möhnsen,amtsangehörige Gemeinde,500,596768.27,1193.54,577428.00,19340.27,0.00,STATISTIKPORTAL_INTEGRATED_2023_T1
2023,01,01053,municipality,010535373091,01053091,matched,Mühlenrade,amtsangehörige Gemeinde,200,571610.73,2858.05,423495.00,148115.73,0.00,STATISTIKPORTAL_INTEGRATED_2023_T1
2023,01,01053,municipality,010535373106,01053106,matched,Sahms,amtsangehörige Gemeinde,449,766780.00,1707.75,584460.00,182320.00,0.00,STATISTIKPORTAL_INTEGRATED_2023_T1
2023,01,01053,joint_administration,010535391,,not_applicable,Amtsverwaltung Sandesneben-Nusse,Amtsverwaltung,15719,4108268.51,261.36,4078371.00,29897.51,0.00,STATISTIKPORTAL_INTEGRATED_2023_T1
2023,01,01053,municipality,010535391025,01053025,matched,Duvensee,amtsangehörige Gemeinde,561,0.00,0.00,0.00,0.00,0.00,STATISTIKPORTAL_INTEGRATED_2023_T1
2023,01,01053,municipality,010535391038,01053038,matched,Grinau,amtsangehörige Gemeinde,293,625238.72,2133.92,0.00,48042.39,577196.33,STATISTIKPORTAL_INTEGRATED_2023_T1
2023,01,01053,municipality,010535391039,01053039,matched,Groß Boden,amtsangehörige Gemeinde,222,72745.27,327.68,0.00,72745.27,0.00,STATISTIKPORTAL_INTEGRATED_2023_T1
2023,01,01053,municipality,010535391044,01053044,matched,Groß Schenkenberg,amtsangehörige Gemeinde,578,48042.39,83.12,0.00,48042.39,0.00,STATISTIKPORTAL_INTEGRATED_2023_T1
2023,01,01053,municipality,010535391068,01053068,matched,Klinkrade,amtsangehörige Gemeinde,588,576389.07,980.25,0.00,0.00,576389.07,STATISTIKPORTAL_INTEGRATED_2023_T1
2023,01,01053,municipality,010535391069,01053069,matched,Koberg,amtsangehörige Gemeinde,786,846409.00,1076.86,846409.00,0.00,0.00,STATISTIKPORTAL_INTEGRATED_2023_T1
2023,01,01053,municipality,010535391077,01053077,matched,Kühsen,amtsangehörige Gemeinde,348,0.00,0.00,0.00,0.00,0.00,STATISTIKPORTAL_INTEGRATED_2023_T1
2023,01,01053,municipality,010535391079,01053079,matched,Labenz,amtsangehörige Gemeinde,910,1093446.07,1201.59,517057.00,0.00,576389.07,STATISTIKPORTAL_INTEGRATED_2023_T1
2023,01,01053,municipality,010535391081,01053081,matched,Lankau,amtsangehörige Gemeinde,468,0.00,0.00,0.00,0.00,0.00,STATISTIKPORTAL_INTEGRATED_2023_T1
2023,01,01053,municipality,010535391085,01053085,matched,Linau,amtsangehörige Gemeinde,1194,0.00,0.00,0.00,0.00,0.00,STATISTIKPORTAL_INTEGRATED_2023_T1
2023,01,01053,municipality,010535391086,01053086,matched,Lüchow,amtsangehörige Gemeinde,276,0.00,0.00,0.00,0.00,0.00,STATISTIKPORTAL_INTEGRATED_2023_T1
2023,01,01053,municipality,010535391096,01053096,matched,Nusse,amtsangehörige Gemeinde,1159,425000.00,366.70,425000.00,0.00,0.00,STATISTIKPORTAL_INTEGRATED_2023_T1
2023,01,01053,municipality,010535391097,01053097,matched,Panten,amtsangehörige Gemeinde,670,0.00,0.00,0.00,0.00,0.00,STATISTIKPORTAL_INTEGRATED_2023_T1
2023,01,01053,municipality,010535391099,01053099,matched,Poggensee,amtsangehörige Gemeinde,380,65000.00,171.05,65000.00,0.00,0.00,STATISTIKPORTAL_INTEGRATED_2023_T1
2023,01,01053,municipality,010535391101,01053101,matched,Ritzerau,amtsangehörige Gemeinde,293,0.00,0.00,0.00,0.00,0.00,STATISTIKPORTAL_INTEGRATED_2023_T1
2023,01,01053,municipality,010535391108,01053108,matched,Sandesneben,amtsangehörige Gemeinde,1887,2448450.00,1297.54,2448450.00,0.00,0.00,STATISTIKPORTAL_INTEGRATED_2023_T1
2023,01,01053,municipality,010535391109,01053109,matched,Schiphorst,amtsangehörige Gemeinde,704,194444.00,276.20,194444.00,0.00,0.00,STATISTIKPORTAL_INTEGRATED_2023_T1
2023,01,01053,municipality,010535391112,01053112,matched,Schönberg,amtsangehörige Gemeinde,1435,393105.42,273.94,393104.00,0.00,1.42,STATISTIKPORTAL_INTEGRATED_2023_T1
2023,01,01053,municipality,010535391114,01053114,matched,Schürensöhlen,amtsangehörige Gemeinde,156,72729.27,466.21,0.00,72729.27,0.00,STATISTIKPORTAL_INTEGRATED_2023_T1
2023,01,01053,municipality,010535391118,01053118,matched,Siebenbäumen,amtsangehörige Gemeinde,593,576389.07,971.99,0.00,0.00,576389.07,STATISTIKPORTAL_INTEGRATED_2023_T1
2023,01,01053,municipality,010535391121,01053121,matched,Sirksfelde,amtsangehörige Gemeinde,351,345615.73,984.66,197500.00,148115.73,0.00,STATISTIKPORTAL_INTEGRATED_2023_T1
2023,01,01053,municipality,010535391122,01053122,matched,Steinhorst,amtsangehörige Gemeinde,568,0.00,0.00,0.00,0.00,0.00,STATISTIKPORTAL_INTEGRATED_2023_T1
2023,01,01053,municipality,010535391124,01053124,matched,Stubben,amtsangehörige Gemeinde,377,299107.87,793.39,0.00,299107.87,0.00,STATISTIKPORTAL_INTEGRATED_2023_T1
2023,01,01053,municipality,010535391127,01053127,matched,Walksfelde,amtsangehörige Gemeinde,216,470500.00,2178.24,470500.00,0.00,0.00,STATISTIKPORTAL_INTEGRATED_2023_T1
2023,01,01053,municipality,010535391130,01053130,matched,Wentorf (Amt Sandesneben-Nusse),amtsangehörige Gemeinde,706,119048.00,168.62,119048.00,0.00,0.00,STATISTIKPORTAL_INTEGRATED_2023_T1
2023,01,01054,county_administration,01054,,not_applicable,Kreisverwaltung Nordfriesland,Kreisverwaltung,170722,39326880.47,230.36,7500396.00,6530205.76,25296278.71,STATISTIKPORTAL_INTEGRATED_2023_T1
2023,01,01054,municipality,010540033033,01054033,matched,"Friedrichstadt, Stadt",amtsfreie Gemeinde,2560,31630451.71,12355.65,21088856.00,9272337.71,1269258.00,STATISTIKPORTAL_INTEGRATED_2023_T1
2023,01,01054,municipality,010540056056,01054056,matched,"Husum, Stadt",amtsfreie Gemeinde,23767,29962608.18,1260.68,14722114.00,343374.33,14897119.85,STATISTIKPORTAL_INTEGRATED_2023_T1
2023,01,01054,municipality,010540108108,01054108,matched,Reußenköge,amtsfreie Gemeinde,326,1146411.30,3516.60,162431.00,87814.18,896166.12,STATISTIKPORTAL_INTEGRATED_2023_T1
2023,01,01054,municipality,010540138138,01054138,matched,"Tönning, Stadt",amtsfreie Gemeinde,4931,36044308.46,7309.74,24648917.00,6578798.71,4816592.75,STATISTIKPORTAL_INTEGRATED_2023_T1
2023,01,01054,municipality,010540168168,01054168,matched,Sylt,amtsfreie Gemeinde,13969,167459498.51,11987.94,6267433.00,3839249.48,157352816.03,STATISTIKPORTAL_INTEGRATED_2023_T1
2023,01,01054,joint_administration,010545417,,not_applicable,Amtsverwaltung Eiderstedt,Amtsverwaltung,11450,16631022.01,1452.49,6900987.00,9730035.01,0.00,STATISTIKPORTAL_INTEGRATED_2023_T1
2023,01,01054,municipality,010545417035,01054035,matched,"Garding, Kirchspiel",amtsangehörige Gemeinde,309,234010.05,757.31,189625.00,44385.05,0.00,STATISTIKPORTAL_INTEGRATED_2023_T1
2023,01,01054,municipality,010545417036,01054036,matched,"Garding, Stadt",amtsangehörige Gemeinde,2835,17843401.69,6293.97,16772033.00,310695.32,760673.37,STATISTIKPORTAL_INTEGRATED_2023_T1
2023,01,01054,municipality,010545417040,01054040,matched,Grothusenkoog,amtsangehörige Gemeinde,24,251608.32,10483.68,206591.00,45017.32,0.00,STATISTIKPORTAL_INTEGRATED_2023_T1
2023,01,01054,municipality,010545417063,01054063,matched,Katharinenheerd,amtsangehörige Gemeinde,164,450000.05,2743.90,405615.00,44385.05,0.00,STATISTIKPORTAL_INTEGRATED_2023_T1
2023,01,01054,municipality,010545417072,01054072,matched,Kotzenbüll,amtsangehörige Gemeinde,184,101720.00,552.83,101720.00,0.00,0.00,STATISTIKPORTAL_INTEGRATED_2023_T1
2023,01,01054,municipality,010545417090,01054090,matched,Norderfriedrichskoog,amtsangehörige Gemeinde,46,0.00,0.00,0.00,0.00,0.00,STATISTIKPORTAL_INTEGRATED_2023_T1
2023,01,01054,municipality,010545417095,01054095,matched,Oldenswort,amtsangehörige Gemeinde,1320,12208890.00,9249.16,12208890.00,0.00,0.00,STATISTIKPORTAL_INTEGRATED_2023_T1
2023,01,01054,municipality,010545417100,01054100,matched,Osterhever,amtsangehörige Gemeinde,214,44385.05,207.41,0.00,44385.05,0.00,STATISTIKPORTAL_INTEGRATED_2023_T1
2023,01,01054,municipality,010545417104,01054104,matched,Poppenbüll,amtsangehörige Gemeinde,242,279147.05,1153.50,234762.00,44385.05,0.00,STATISTIKPORTAL_INTEGRATED_2023_T1
2023,01,01054,municipality,010545417113,01054113,matched,Sankt Peter-Ording,amtsangehörige Gemeinde,3906,18627073.41,4768.84,7901271.00,532767.04,10193035.37,STATISTIKPORTAL_INTEGRATED_2023_T1
2023,01,01054,municipality,010545417134,01054134,matched,Tating,amtsangehörige Gemeinde,973,3004755.05,3088.13,2840676.00,164079.05,0.00,STATISTIKPORTAL_INTEGRATED_2023_T1
2023,01,01054,municipality,010545417135,01054135,matched,Tetenbüll,amtsangehörige Gemeinde,631,1473260.18,2334.80,1295720.00,177540.18,0.00,STATISTIKPORTAL_INTEGRATED_2023_T1
2023,01,01054,municipality,010545417140,01054140,matched,Tümlauer Koog,amtsangehörige Gemeinde,103,124181.05,1205.64,0.00,124181.05,0.00,STATISTIKPORTAL_INTEGRATED_2023_T1
2023,01,01054,municipality,010545417145,01054145,matched,Vollerwiek,amtsangehörige Gemeinde,222,45017.32,202.78,0.00,45017.32,0.00,STATISTIKPORTAL_INTEGRATED_2023_T1
2023,01,01054,municipality,010545417148,01054148,matched,Welt,amtsangehörige Gemeinde,189,280563.51,1484.46,235546.00,45017.51,0.00,STATISTIKPORTAL_INTEGRATED_2023_T1
2023,01,01054,municipality,010545417150,01054150,matched,Westerhever,amtsangehörige Gemeinde,88,272976.05,3102.00,228591.00,44385.05,0.00,STATISTIKPORTAL_INTEGRATED_2023_T1
2023,01,01054,joint_administration,010545439,,not_applicable,Amtsverwaltung Landschaft Sylt,Amtsverwaltung,4715,0.00,0.00,0.00,0.00,0.00,STATISTIKPORTAL_INTEGRATED_2023_T1
2023,01,01054,municipality,010545439046,01054046,matched,Hörnum (Sylt),amtsangehörige Gemeinde,921,2477148.35,2689.63,2236531.00,224092.63,16524.72,STATISTIKPORTAL_INTEGRATED_2023_T1
2023,01,01054,municipality,010545439061,01054061,matched,Kampen (Sylt),amtsangehörige Gemeinde,476,4966552.43,10433.93,195000.00,224092.63,4547459.80,STATISTIKPORTAL_INTEGRATED_2023_T1
2023,01,01054,municipality,010545439078,01054078,matched,List,amtsangehörige Gemeinde,1684,11146737.79,6619.20,6132781.00,448288.37,4565668.42,STATISTIKPORTAL_INTEGRATED_2023_T1
2023,01,01054,municipality,010545439149,01054149,matched,Wenningstedt - Braderup (Sylt),amtsangehörige Gemeinde,1634,26347163.49,16124.34,13688666.00,448288.37,12210209.12,STATISTIKPORTAL_INTEGRATED_2023_T1
2023,01,01054,joint_administration,010545453,,not_applicable,Amtsverwaltung Viöl,Amtsverwaltung,9466,11199720.03,1183.15,1283030.00,9916690.03,0.00,STATISTIKPORTAL_INTEGRATED_2023_T1
2023,01,01054,municipality,010545453003,01054003,matched,Ahrenviöl,amtsangehörige Gemeinde,515,481810.64,935.55,0.00,88109.50,393701.14,STATISTIKPORTAL_INTEGRATED_2023_T1
2023,01,01054,municipality,010545453004,01054004,matched,Ahrenviölfeld,amtsangehörige Gemeinde,237,681810.64,2876.84,200000.00,88109.50,393701.14,STATISTIKPORTAL_INTEGRATED_2023_T1
2023,01,01054,municipality,010545453011,01054011,matched,Behrendorf,amtsangehörige Gemeinde,577,1669087.10,2892.70,1260128.00,88109.50,320849.60,STATISTIKPORTAL_INTEGRATED_2023_T1
2023,01,01054,municipality,010545453013,01054013,matched,Bondelum,amtsangehörige Gemeinde,170,470661.86,2768.60,200000.00,88109.50,182552.36,STATISTIKPORTAL_INTEGRATED_2023_T1
2023,01,01054,municipality,010545453041,01054041,matched,Haselund,amtsangehörige Gemeinde,928,2005206.53,2160.78,1154097.00,176219.00,674890.53,STATISTIKPORTAL_INTEGRATED_2023_T1
2023,01,01054,municipality,010545453057,01054057,matched,Immenstedt,amtsangehörige Gemeinde,678,1785133.77,2632.94,909622.00,88109.50,787402.27,STATISTIKPORTAL_INTEGRATED_2023_T1
2023,01,01054,municipality,010545453079,01054079,matched,Löwenstedt,amtsangehörige Gemeinde,703,1420409.20,2020.50,552704.00,176219.00,691486.20,STATISTIKPORTAL_INTEGRATED_2023_T1
2023,01,01054,municipality,010545453092,01054092,matched,Norstedt,amtsangehörige Gemeinde,376,548108.31,1457.73,200000.00,88109.50,259998.81,STATISTIKPORTAL_INTEGRATED_2023_T1
2023,01,01054,municipality,010545453101,01054101,matched,Oster-Ohrstedt,amtsangehörige Gemeinde,667,963621.27,1444.71,0.00,176219.00,787402.27,STATISTIKPORTAL_INTEGRATED_2023_T1
2023,01,01054,municipality,010545453118,01054118,matched,Schwesing,amtsangehörige Gemeinde,955,2390261.77,2502.89,1514750.00,88109.50,787402.27,STATISTIKPORTAL_INTEGRATED_2023_T1
2023,01,01054,municipality,010545453123,01054123,matched,Sollwitt,amtsangehörige Gemeinde,316,989289.44,3130.66,497352.00,88109.50,403827.94,STATISTIKPORTAL_INTEGRATED_2023_T1
2023,01,01054,municipality,010545453144,01054144,matched,Viöl,amtsangehörige Gemeinde,2248,16627723.47,7396.67,14708423.00,264328.50,1654971.97,STATISTIKPORTAL_INTEGRATED_2023_T1
2023,01,01054,municipality,010545453152,01054152,matched,Wester-Ohrstedt,amtsangehörige Gemeinde,1096,3060182.27,2792.14,2096561.00,176219.00,787402.27,STATISTIKPORTAL_INTEGRATED_2023_T1
2023,01,01054,joint_administration,010545459,,not_applicable,Amtsverwaltung Pellworm,Amtsverwaltung,1473,391878.97,266.04,317441.00,74437.97,0.00,STATISTIKPORTAL_INTEGRATED_2023_T1
2023,01,01054,municipality,010545459039,01054039,matched,Gröde,amtsangehörige Gemeinde,10,325030.78,32503.08,313967.00,0.00,11063.78,STATISTIKPORTAL_INTEGRATED_2023_T1
2023,01,01054,municipality,010545459050,01054050,matched,Hallig Hooge,amtsangehörige Gemeinde,105,1769789.35,16855.14,1637024.00,0.00,132765.35,STATISTIKPORTAL_INTEGRATED_2023_T1
2023,01,01054,municipality,010545459074,01054074,matched,Langeneß,amtsangehörige Gemeinde,130,2289775.00,17613.65,2289775.00,0.00,0.00,STATISTIKPORTAL_INTEGRATED_2023_T1
2023,01,01054,municipality,010545459103,01054103,matched,Pellworm,amtsangehörige Gemeinde,1228,5229292.47,4258.38,3665929.00,0.00,1563363.47,STATISTIKPORTAL_INTEGRATED_2023_T1
2023,01,01054,joint_administration,010545488,,not_applicable,Amtsverwaltung Föhr-Amrum,Amtsverwaltung,10797,22725171.17,2104.77,22696768.00,28403.17,0.00,STATISTIKPORTAL_INTEGRATED_2023_T1
2023,01,01054,municipality,010545488005,01054005,matched,Alkersum,amtsangehörige Gemeinde,386,106369.09,275.57,0.00,0.00,106369.09,STATISTIKPORTAL_INTEGRATED_2023_T1
2023,01,01054,municipality,010545488015,01054015,matched,Borgsum,amtsangehörige Gemeinde,331,320286.09,967.63,213917.00,0.00,106369.09,STATISTIKPORTAL_INTEGRATED_2023_T1
2023,01,01054,municipality,010545488025,01054025,matched,Dunsum,amtsangehörige Gemeinde,66,106369.09,1611.65,0.00,0.00,106369.09,STATISTIKPORTAL_INTEGRATED_2023_T1
2023,01,01054,municipality,010545488083,01054083,matched,Midlum,amtsangehörige Gemeinde,407,220260.09,541.18,113891.00,0.00,106369.09,STATISTIKPORTAL_INTEGRATED_2023_T1
2023,01,01054,municipality,010545488085,01054085,matched,Nebel,amtsangehörige Gemeinde,977,2404938.95,2461.55,356789.00,104450.89,1943699.06,STATISTIKPORTAL_INTEGRATED_2023_T1
2023,01,01054,municipality,010545488087,01054087,matched,Nieblum,amtsangehörige Gemeinde,603,549369.40,911.06,336429.00,0.00,212940.40,STATISTIKPORTAL_INTEGRATED_2023_T1
2023,01,01054,municipality,010545488089,01054089,matched,Norddorf auf Amrum,amtsangehörige Gemeinde,579,3857297.12,6662.00,191862.00,104419.56,3561015.56,STATISTIKPORTAL_INTEGRATED_2023_T1
2023,01,01054,municipality,010545488094,01054094,matched,Oevenum,amtsangehörige Gemeinde,478,585152.09,1224.17,478783.00,0.00,106369.09,STATISTIKPORTAL_INTEGRATED_2023_T1
2023,01,01054,municipality,010545488098,01054098,matched,Oldsum,amtsangehörige Gemeinde,530,734730.09,1386.28,628361.00,0.00,106369.09,STATISTIKPORTAL_INTEGRATED_2023_T1
2023,01,01054,municipality,010545488129,01054129,matched,Süderende,amtsangehörige Gemeinde,187,106369.09,568.82,0.00,0.00,106369.09,STATISTIKPORTAL_INTEGRATED_2023_T1
2023,01,01054,municipality,010545488143,01054143,matched,Utersum,amtsangehörige Gemeinde,398,1640843.31,4122.72,1534272.00,0.00,106571.31,STATISTIKPORTAL_INTEGRATED_2023_T1
2023,01,01054,municipality,010545488158,01054158,matched,Witsum,amtsangehörige Gemeinde,43,106571.31,2478.40,0.00,0.00,106571.31,STATISTIKPORTAL_INTEGRATED_2023_T1
2023,01,01054,municipality,010545488160,01054160,matched,Wittdün auf Amrum,amtsangehörige Gemeinde,824,3948709.95,4792.12,55874.00,104419.56,3788416.39,STATISTIKPORTAL_INTEGRATED_2023_T1
2023,01,01054,municipality,010545488163,01054163,matched,Wrixum,amtsangehörige Gemeinde,597,1271734.31,2130.21,1165163.00,0.00,106571.31,STATISTIKPORTAL_INTEGRATED_2023_T1
2023,01,01054,municipality,010545488164,01054164,matched,"Wyk auf Föhr, Stadt",amtsangehörige Gemeinde,4391,24873457.26,5664.65,3923696.00,0.00,20949761.26,STATISTIKPORTAL_INTEGRATED_2023_T1
2023,01,01054,joint_administration,010545489,,not_applicable,Amtsverwaltung Südtondern,Amtsverwaltung,40622,18761696.59,461.86,2738169.00,215121.66,15808405.93,STATISTIKPORTAL_INTEGRATED_2023_T1
2023,01,01054,municipality,010545489001,01054001,matched,Achtrup,amtsangehörige Gemeinde,1555,3437366.58,2210.53,1748888.00,543377.43,1145101.15,STATISTIKPORTAL_INTEGRATED_2023_T1
2023,01,01054,municipality,010545489009,01054009,matched,Aventoft,amtsangehörige Gemeinde,418,717210.20,1715.81,587285.00,129925.20,0.00,STATISTIKPORTAL_INTEGRATED_2023_T1
2023,01,01054,municipality,010545489016,01054016,matched,Bosbüll,amtsangehörige Gemeinde,257,267341.70,1040.24,209179.00,58162.70,0.00,STATISTIKPORTAL_INTEGRATED_2023_T1
2023,01,01054,municipality,010545489017,01054017,matched,Braderup,amtsangehörige Gemeinde,676,769925.20,1138.94,640000.00,129925.20,0.00,STATISTIKPORTAL_INTEGRATED_2023_T1
2023,01,01054,municipality,010545489018,01054018,matched,Bramstedtlund,amtsangehörige Gemeinde,213,926934.71,4351.81,4830.00,778275.58,143829.13,STATISTIKPORTAL_INTEGRATED_2023_T1
2023,01,01054,municipality,010545489022,01054022,matched,Dagebüll,amtsangehörige Gemeinde,916,285601.70,311.79,227439.00,58162.70,0.00,STATISTIKPORTAL_INTEGRATED_2023_T1
2023,01,01054,municipality,010545489027,01054027,matched,Ellhöft,amtsangehörige Gemeinde,110,129925.20,1181.14,0.00,129925.20,0.00,STATISTIKPORTAL_INTEGRATED_2023_T1
2023,01,01054,municipality,010545489034,01054034,matched,Friedrich-Wilhelm-Lübke-Koog,amtsangehörige Gemeinde,158,129925.20,822.31,0.00,129925.20,0.00,STATISTIKPORTAL_INTEGRATED_2023_T1
2023,01,01054,municipality,010545489048,01054048,matched,Holm,amtsangehörige Gemeinde,98,129925.20,1325.77,0.00,129925.20,0.00,STATISTIKPORTAL_INTEGRATED_2023_T1
2023,01,01054,municipality,010545489055,01054055,matched,Humptrup,amtsangehörige Gemeinde,761,279925.20,367.84,150000.00,129925.20,0.00,STATISTIKPORTAL_INTEGRATED_2023_T1
2023,01,01054,municipality,010545489062,01054062,matched,Karlum,amtsangehörige Gemeinde,207,918919.08,4439.22,166374.00,752545.08,0.00,STATISTIKPORTAL_INTEGRATED_2023_T1
2023,01,01054,municipality,010545489065,01054065,matched,Klanxbüll,amtsangehörige Gemeinde,1024,901318.20,880.19,771393.00,129925.20,0.00,STATISTIKPORTAL_INTEGRATED_2023_T1
2023,01,01054,municipality,010545489068,01054068,matched,Klixbüll,amtsangehörige Gemeinde,1057,1318679.01,1247.57,775488.00,543191.01,0.00,STATISTIKPORTAL_INTEGRATED_2023_T1
2023,01,01054,municipality,010545489073,01054073,matched,Ladelund,amtsangehörige Gemeinde,1457,4296333.64,2948.75,2343410.00,1222714.21,730209.43,STATISTIKPORTAL_INTEGRATED_2023_T1
2023,01,01054,municipality,010545489076,01054076,matched,Leck,amtsangehörige Gemeinde,7861,22426692.95,2852.91,16463024.00,3997670.41,1965998.54,STATISTIKPORTAL_INTEGRATED_2023_T1
2023,01,01054,municipality,010545489077,01054077,matched,Lexgaard,amtsangehörige Gemeinde,53,129925.20,2451.42,0.00,129925.20,0.00,STATISTIKPORTAL_INTEGRATED_2023_T1
2023,01,01054,municipality,010545489086,01054086,matched,Neukirchen,amtsangehörige Gemeinde,1129,1026711.70,909.40,825024.00,201687.70,0.00,STATISTIKPORTAL_INTEGRATED_2023_T1
2023,01,01054,municipality,010545489088,01054088,matched,"Niebüll, Stadt",amtsangehörige Gemeinde,10213,5208751.79,510.01,2489985.00,117443.91,2601322.88,STATISTIKPORTAL_INTEGRATED_2023_T1
2023,01,01054,municipality,010545489109,01054109,matched,Risum-Lindholm,amtsangehörige Gemeinde,3936,1770003.12,449.70,1711654.00,58349.12,0.00,STATISTIKPORTAL_INTEGRATED_2023_T1
2023,01,01054,municipality,010545489110,01054110,matched,Rodenäs,amtsangehörige Gemeinde,398,129925.20,326.45,0.00,129925.20,0.00,STATISTIKPORTAL_INTEGRATED_2023_T1
2023,01,01054,municipality,010545489124,01054124,matched,Sprakebüll,amtsangehörige Gemeinde,273,615524.51,2254.67,297363.00,58162.70,259998.81,STATISTIKPORTAL_INTEGRATED_2023_T1
2023,01,01054,municipality,010545489125,01054125,matched,Stadum,amtsangehörige Gemeinde,985,1367152.56,1387.97,700482.00,58162.70,608507.86,STATISTIKPORTAL_INTEGRATED_2023_T1
2023,01,01054,municipality,010545489126,01054126,matched,Stedesand,amtsangehörige Gemeinde,899,58162.70,64.70,0.00,58162.70,0.00,STATISTIKPORTAL_INTEGRATED_2023_T1
2023,01,01054,municipality,010545489131,01054131,matched,Süderlügum,amtsangehörige Gemeinde,2427,530570.62,218.61,256934.00,273636.62,0.00,STATISTIKPORTAL_INTEGRATED_2023_T1
2023,01,01054,municipality,010545489136,01054136,matched,Tinningstedt,amtsangehörige Gemeinde,249,590042.01,2369.65,46851.00,543191.01,0.00,STATISTIKPORTAL_INTEGRATED_2023_T1
2023,01,01054,municipality,010545489142,01054142,matched,Uphusum,amtsangehörige Gemeinde,341,234670.20,688.18,104745.00,129925.20,0.00,STATISTIKPORTAL_INTEGRATED_2023_T1
2023,01,01054,municipality,010545489154,01054154,matched,Westre,amtsangehörige Gemeinde,360,884236.17,2456.21,2643.00,881593.17,0.00,STATISTIKPORTAL_INTEGRATED_2023_T1
2023,01,01054,municipality,010545489165,01054165,matched,Galmsbüll,amtsangehörige Gemeinde,585,58162.70,99.42,0.00,58162.70,0.00,STATISTIKPORTAL_INTEGRATED_2023_T1
2023,01,01054,municipality,010545489166,01054166,matched,Emmelsbüll-Horsbüll,amtsangehörige Gemeinde,869,201425.20,231.79,71500.00,129925.20,0.00,STATISTIKPORTAL_INTEGRATED_2023_T1
2023,01,01054,municipality,010545489167,01054167,matched,Enge-Sande,amtsangehörige Gemeinde,1137,3273185.90,2878.79,2552788.00,543377.43,177020.47,STATISTIKPORTAL_INTEGRATED_2023_T1
2023,01,01054,joint_administration,010545492,,not_applicable,Amtsverwaltung Nordsee-Treene,Amtsverwaltung,25193,13351969.06,529.99,3367700.00,9984269.06,0.00,STATISTIKPORTAL_INTEGRATED_2023_T1
2023,01,01054,municipality,010545492007,01054007,matched,Arlewatt,amtsangehörige Gemeinde,340,709024.88,2085.37,300000.00,15323.74,393701.14,STATISTIKPORTAL_INTEGRATED_2023_T1
2023,01,01054,municipality,010545492023,01054023,matched,Drage,amtsangehörige Gemeinde,658,2117378.81,3217.90,716432.00,1389242.00,11704.81,STATISTIKPORTAL_INTEGRATED_2023_T1
2023,01,01054,municipality,010545492026,01054026,matched,Elisabeth-Sophien-Koog,amtsangehörige Gemeinde,58,437455.28,7542.33,0.00,0.00,437455.28,STATISTIKPORTAL_INTEGRATED_2023_T1
2023,01,01054,municipality,010545492032,01054032,matched,Fresendelf,amtsangehörige Gemeinde,86,626772.14,7288.05,190656.00,42415.00,393701.14,STATISTIKPORTAL_INTEGRATED_2023_T1
2023,01,01054,municipality,010545492042,01054042,matched,Hattstedt,amtsangehörige Gemeinde,2664,12869723.68,4830.98,10901218.00,0.00,1968505.68,STATISTIKPORTAL_INTEGRATED_2023_T1
2023,01,01054,municipality,010545492043,01054043,matched,Hattstedtermarsch,amtsangehörige Gemeinde,275,1119949.14,4072.54,726248.00,0.00,393701.14,STATISTIKPORTAL_INTEGRATED_2023_T1
2023,01,01054,municipality,010545492052,01054052,matched,Horstedt,amtsangehörige Gemeinde,821,810377.15,987.06,0.00,22974.88,787402.27,STATISTIKPORTAL_INTEGRATED_2023_T1
2023,01,01054,municipality,010545492054,01054054,matched,Hude,amtsangehörige Gemeinde,177,274817.00,1552.64,232402.00,42415.00,0.00,STATISTIKPORTAL_INTEGRATED_2023_T1
2023,01,01054,municipality,010545492070,01054070,matched,Koldenbüttel,amtsangehörige Gemeinde,905,2775603.81,3066.97,1374657.00,1389242.00,11704.81,STATISTIKPORTAL_INTEGRATED_2023_T1
2023,01,01054,municipality,010545492084,01054084,matched,Mildstedt,amtsangehörige Gemeinde,3904,7938476.00,2033.42,7938476.00,0.00,0.00,STATISTIKPORTAL_INTEGRATED_2023_T1
2023,01,01054,municipality,010545492091,01054091,matched,Nordstrand,amtsangehörige Gemeinde,2278,6614497.98,2903.64,4104538.00,0.00,2509959.98,STATISTIKPORTAL_INTEGRATED_2023_T1
2023,01,01054,municipality,010545492096,01054096,matched,Oldersbek,amtsangehörige Gemeinde,758,2746370.27,3623.18,1958968.00,0.00,787402.27,STATISTIKPORTAL_INTEGRATED_2023_T1
2023,01,01054,municipality,010545492097,01054097,matched,Olderup,amtsangehörige Gemeinde,469,625515.52,1333.72,216496.00,15318.38,393701.14,STATISTIKPORTAL_INTEGRATED_2023_T1
2023,01,01054,municipality,010545492099,01054099,matched,Ostenfeld (Husum),amtsangehörige Gemeinde,1560,5256968.98,3369.85,2774763.00,1301102.57,1181103.41,STATISTIKPORTAL_INTEGRATED_2023_T1
2023,01,01054,municipality,010545492105,01054105,matched,Ramstedt,amtsangehörige Gemeinde,438,1337563.14,3053.80,901447.00,42415.00,393701.14,STATISTIKPORTAL_INTEGRATED_2023_T1
2023,01,01054,municipality,010545492106,01054106,matched,Rantrum,amtsangehörige Gemeinde,1930,11183184.54,5794.40,9608380.00,0.00,1574804.54,STATISTIKPORTAL_INTEGRATED_2023_T1
2023,01,01054,municipality,010545492116,01054116,matched,Schwabstedt,amtsangehörige Gemeinde,1330,4796839.41,3606.65,3446076.00,169660.00,1181103.41,STATISTIKPORTAL_INTEGRATED_2023_T1
2023,01,01054,municipality,010545492119,01054119,matched,Seeth,amtsangehörige Gemeinde,2151,2245798.81,1044.07,844852.00,1389242.00,11704.81,STATISTIKPORTAL_INTEGRATED_2023_T1
2023,01,01054,municipality,010545492120,01054120,matched,Simonsberg,amtsangehörige Gemeinde,832,1768821.27,2125.99,811759.00,169660.00,787402.27,STATISTIKPORTAL_INTEGRATED_2023_T1
2023,01,01054,municipality,010545492130,01054130,matched,Süderhöft,amtsangehörige Gemeinde,17,656116.14,38595.07,220000.00,42415.00,393701.14,STATISTIKPORTAL_INTEGRATED_2023_T1
2023,01,01054,municipality,010545492132,01054132,matched,Südermarsch,amtsangehörige Gemeinde,138,0.00,0.00,0.00,0.00,0.00,STATISTIKPORTAL_INTEGRATED_2023_T1
2023,01,01054,municipality,010545492141,01054141,matched,Uelvesbüll,amtsangehörige Gemeinde,303,1702514.14,5618.86,1181568.00,127245.00,393701.14,STATISTIKPORTAL_INTEGRATED_2023_T1
2023,01,01054,municipality,010545492156,01054156,matched,Winnert,amtsangehörige Gemeinde,694,2799296.99,4033.57,1231216.00,780678.72,787402.27,STATISTIKPORTAL_INTEGRATED_2023_T1
2023,01,01054,municipality,010545492157,01054157,matched,Wisch,amtsangehörige Gemeinde,108,637110.14,5899.17,200994.00,42415.00,393701.14,STATISTIKPORTAL_INTEGRATED_2023_T1
2023,01,01054,municipality,010545492159,01054159,matched,Wittbek,amtsangehörige Gemeinde,812,2499926.99,3078.73,931846.00,780678.72,787402.27,STATISTIKPORTAL_INTEGRATED_2023_T1
2023,01,01054,municipality,010545492161,01054161,matched,Witzwort,amtsangehörige Gemeinde,1029,2296205.27,2231.49,1339143.00,169660.00,787402.27,STATISTIKPORTAL_INTEGRATED_2023_T1
2023,01,01054,municipality,010545492162,01054162,matched,Wobbenbüll,amtsangehörige Gemeinde,458,795582.14,1737.08,401881.00,0.00,393701.14,STATISTIKPORTAL_INTEGRATED_2023_T1
2023,01,01054,joint_administration,010545494,,not_applicable,Amtsverwaltung Mittleres Nordfriesland,Amtsverwaltung,21453,7780284.82,362.67,333834.00,282637.22,7163813.60,STATISTIKPORTAL_INTEGRATED_2023_T1
2023,01,01054,municipality,010545494002,01054002,matched,Ahrenshöft,amtsangehörige Gemeinde,546,322883.02,591.36,0.00,13097.20,309785.82,STATISTIKPORTAL_INTEGRATED_2023_T1
2023,01,01054,municipality,010545494006,01054006,matched,Almdorf,amtsangehörige Gemeinde,519,947361.85,1825.36,720291.00,11327.16,215743.69,STATISTIKPORTAL_INTEGRATED_2023_T1
2023,01,01054,municipality,010545494010,01054010,matched,Bargum,amtsangehörige Gemeinde,641,1710294.96,2668.17,1164700.00,36661.12,508933.84,STATISTIKPORTAL_INTEGRATED_2023_T1
2023,01,01054,municipality,010545494012,01054012,matched,Bohmstedt,amtsangehörige Gemeinde,798,416703.37,522.18,0.00,18407.32,398296.05,STATISTIKPORTAL_INTEGRATED_2023_T1
2023,01,01054,municipality,010545494014,01054014,matched,Bordelum,amtsangehörige Gemeinde,1999,2267253.41,1134.19,759618.00,80407.89,1427227.52,STATISTIKPORTAL_INTEGRATED_2023_T1
2023,01,01054,municipality,010545494019,01054019,matched,"Bredstedt, Stadt",amtsangehörige Gemeinde,5775,9886843.46,1712.01,7380916.00,155078.52,2350848.94,STATISTIKPORTAL_INTEGRATED_2023_T1
2023,01,01054,municipality,010545494020,01054020,matched,Breklum,amtsangehörige Gemeinde,2288,4146167.32,1812.14,2993954.00,67962.96,1084250.36,STATISTIKPORTAL_INTEGRATED_2023_T1
2023,01,01054,municipality,010545494024,01054024,matched,Drelsdorf,amtsangehörige Gemeinde,1276,1839085.66,1441.29,1170000.00,32918.36,636167.30,STATISTIKPORTAL_INTEGRATED_2023_T1
2023,01,01054,municipality,010545494037,01054037,matched,Goldebek,amtsangehörige Gemeinde,376,415511.30,1105.08,0.00,11683.36,403827.94,STATISTIKPORTAL_INTEGRATED_2023_T1
2023,01,01054,municipality,010545494038,01054038,matched,Goldelund,amtsangehörige Gemeinde,404,1097094.65,2715.58,623215.00,9200.92,464678.73,STATISTIKPORTAL_INTEGRATED_2023_T1
2023,01,01054,municipality,010545494045,01054045,matched,Högel,amtsangehörige Gemeinde,443,704315.77,1589.88,315757.00,12390.28,376168.49,STATISTIKPORTAL_INTEGRATED_2023_T1
2023,01,01054,municipality,010545494059,01054059,matched,Joldelund,amtsangehörige Gemeinde,800,565469.77,706.84,7636.00,21240.48,536593.29,STATISTIKPORTAL_INTEGRATED_2023_T1
2023,01,01054,municipality,010545494071,01054071,matched,Kolkerheide,amtsangehörige Gemeinde,83,172501.68,2078.33,0.00,89523.34,82978.34,STATISTIKPORTAL_INTEGRATED_2023_T1
2023,01,01054,municipality,010545494075,01054075,matched,Langenhorn,amtsangehörige Gemeinde,3360,2058173.19,612.55,45417.00,109786.17,1902970.02,STATISTIKPORTAL_INTEGRATED_2023_T1
2023,01,01054,municipality,010545494080,01054080,matched,Lütjenholm,amtsangehörige Gemeinde,346,270975.25,783.17,0.00,10976.44,259998.81,STATISTIKPORTAL_INTEGRATED_2023_T1
2023,01,01054,municipality,010545494093,01054093,matched,Ockholm,amtsangehörige Gemeinde,312,432573.03,1386.45,0.00,23213.20,409359.83,STATISTIKPORTAL_INTEGRATED_2023_T1
2023,01,01054,municipality,010545494121,01054121,matched,Sönnebüll,amtsangehörige Gemeinde,296,166220.07,561.55,0.00,11327.16,154892.91,STATISTIKPORTAL_INTEGRATED_2023_T1
2023,01,01054,municipality,010545494128,01054128,matched,Struckum,amtsangehörige Gemeinde,1003,1320578.37,1316.63,899628.00,22654.32,398296.05,STATISTIKPORTAL_INTEGRATED_2023_T1
2023,01,01054,municipality,010545494146,01054146,matched,Vollstedt,amtsangehörige Gemeinde,188,197863.14,1052.46,0.00,4247.00,193616.14,STATISTIKPORTAL_INTEGRATED_2023_T1
2023,01,01055,county_administration,01055,,not_applicable,Kreisverwaltung Ostholstein,Kreisverwaltung,204522,143929863.06,703.74,28964499.00,2612276.86,112353087.20,STATISTIKPORTAL_INTEGRATED_2023_T1
2023,01,01055,municipality,010550001001,01055001,matched,Ahrensbök,amtsfreie Gemeinde,8530,20715284.46,2428.52,4365403.00,30375.70,16319505.76,STATISTIKPORTAL_INTEGRATED_2023_T1
2023,01,01055,municipality,010550004004,01055004,matched,"Bad Schwartau, Stadt",amtsfreie Gemeinde,20243,16747690.29,827.33,11631075.00,28403.17,5088212.12,STATISTIKPORTAL_INTEGRATED_2023_T1
2023,01,01055,municipality,010550007007,01055007,matched,Bosau³,amtsfreie Gemeinde,3448,8049684.38,2334.60,1858820.00,847.39,6190016.99,STATISTIKPORTAL_INTEGRATED_2023_T1
2023,01,01055,municipality,010550010010,01055010,matched,Dahme,amtsfreie Gemeinde,1206,2936978.02,2435.31,525600.00,93.35,2411284.67,STATISTIKPORTAL_INTEGRATED_2023_T1
2023,01,01055,municipality,010550012012,01055012,matched,"Eutin, Stadt",amtsfreie Gemeinde,17213,118783807.35,6900.82,59702379.00,28901.47,59052526.88,STATISTIKPORTAL_INTEGRATED_2023_T1
2023,01,01055,municipality,010550016016,01055016,matched,Grömitz,amtsfreie Gemeinde,7316,45284711.32,6189.82,7261771.00,29415.63,37993524.69,STATISTIKPORTAL_INTEGRATED_2023_T1
2023,01,01055,municipality,010550018018,01055018,matched,Grube,amtsfreie Gemeinde,1100,1648232.41,1498.39,168600.00,113.58,1479518.83,STATISTIKPORTAL_INTEGRATED_2023_T1
2023,01,01055,municipality,010550021021,01055021,matched,"Heiligenhafen, Stadt",amtsfreie Gemeinde,9352,43656822.76,4668.18,26612918.00,6574616.25,10469288.51,STATISTIKPORTAL_INTEGRATED_2023_T1
2023,01,01055,municipality,010550025025,01055025,matched,Kellenhusen (Ostsee),amtsfreie Gemeinde,1254,1688169.77,1346.23,16000.00,76.59,1672093.18,STATISTIKPORTAL_INTEGRATED_2023_T1
2023,01,01055,municipality,010550028028,01055028,matched,Malente,amtsfreie Gemeinde,10913,27935679.78,2559.85,14961663.00,29887.59,12944129.19,STATISTIKPORTAL_INTEGRATED_2023_T1
2023,01,01055,municipality,010550032032,01055032,matched,"Neustadt in Holstein, Stadt",amtsfreie Gemeinde,15681,96806303.96,6173.48,51602781.00,1916714.86,43286808.10,STATISTIKPORTAL_INTEGRATED_2023_T1
2023,01,01055,municipality,010550033033,01055033,matched,"Oldenburg in Holstein, Stadt",amtsfreie Gemeinde,9982,50847491.89,5093.92,28550175.00,29513.03,22267803.86,STATISTIKPORTAL_INTEGRATED_2023_T1
2023,01,01055,municipality,010550035035,01055035,matched,Ratekau,amtsfreie Gemeinde,15363,27527160.06,1791.78,1961937.00,32228.03,25532995.03,STATISTIKPORTAL_INTEGRATED_2023_T1
2023,01,01055,municipality,010550040040,01055040,matched,Stockelsdorf,amtsfreie Gemeinde,17059,10556290.78,618.81,375000.00,28901.47,10152389.31,STATISTIKPORTAL_INTEGRATED_2023_T1
2023,01,01055,municipality,010550041041,01055041,matched,Süsel,amtsfreie Gemeinde,5069,16877349.34,3329.52,8500153.00,29960.13,8347236.21,STATISTIKPORTAL_INTEGRATED_2023_T1
2023,01,01055,municipality,010550042042,01055042,matched,Timmendorfer Strand,amtsfreie Gemeinde,8660,28219969.54,3258.66,2585714.00,30793.94,25603461.60,STATISTIKPORTAL_INTEGRATED_2023_T1
2023,01,01055,municipality,010550044044,01055044,matched,Scharbeutz,amtsfreie Gemeinde,11796,76569315.82,6491.13,34055507.00,37724.31,42476084.51,STATISTIKPORTAL_INTEGRATED_2023_T1
2023,01,01055,municipality,010550046046,01055046,matched,"Fehmarn, Stadt",amtsfreie Gemeinde,13385,34119129.74,2549.06,14449532.00,29556.09,19640041.65,STATISTIKPORTAL_INTEGRATED_2023_T1
2023,01,01055,joint_administration,010555543,,not_applicable,Amtsverwaltung Oldenburg-Land,Amtsverwaltung,9482,228568.17,24.11,200165.00,28403.17,0.00,STATISTIKPORTAL_INTEGRATED_2023_T1
2023,01,01055,municipality,010555543014,01055014,matched,Göhl,amtsangehörige Gemeinde,1149,3215667.65,2798.67,1025978.00,295.37,2189394.28,STATISTIKPORTAL_INTEGRATED_2023_T1
2023,01,01055,municipality,010555543015,01055015,matched,Gremersdorf,amtsangehörige Gemeinde,1527,3426954.68,2244.24,491912.00,397.40,2934645.28,STATISTIKPORTAL_INTEGRATED_2023_T1
2023,01,01055,municipality,010555543017,01055017,matched,Großenbrode,amtsangehörige Gemeinde,2240,7230800.41,3228.04,0.00,3181531.33,4049269.08,STATISTIKPORTAL_INTEGRATED_2023_T1
2023,01,01055,municipality,010555543022,01055022,matched,Heringsdorf,amtsangehörige Gemeinde,1161,2319561.95,1997.90,81962.00,280.92,2237319.03,STATISTIKPORTAL_INTEGRATED_2023_T1
2023,01,01055,municipality,010555543031,01055031,matched,Neukirchen,amtsangehörige Gemeinde,1166,2500913.43,2144.87,228876.00,306.64,2271730.79,STATISTIKPORTAL_INTEGRATED_2023_T1
2023,01,01055,municipality,010555543043,01055043,matched,Wangels,amtsangehörige Gemeinde,2239,4314717.82,1927.07,710334.00,489.01,3603894.81,STATISTIKPORTAL_INTEGRATED_2023_T1
2023,01,01055,joint_administration,010555546,,not_applicable,Amtsverwaltung Lensahn,Amtsverwaltung,8575,28403.17,3.31,0.00,28403.17,0.00,STATISTIKPORTAL_INTEGRATED_2023_T1
2023,01,01055,municipality,010555546006,01055006,matched,Beschendorf,amtsangehörige Gemeinde,542,473165.19,873.00,0.00,24.28,473140.91,STATISTIKPORTAL_INTEGRATED_2023_T1
2023,01,01055,municipality,010555546011,01055011,matched,Damlos,amtsangehörige Gemeinde,604,478547.54,792.30,0.00,28.61,478518.93,STATISTIKPORTAL_INTEGRATED_2023_T1
2023,01,01055,municipality,010555546020,01055020,matched,Harmsdorf,amtsangehörige Gemeinde,618,732767.30,1185.71,0.00,95.95,732671.35,STATISTIKPORTAL_INTEGRATED_2023_T1
2023,01,01055,municipality,010555546023,01055023,matched,Kabelhorst,amtsangehörige Gemeinde,404,405514.61,1003.75,0.00,19.36,405495.25,STATISTIKPORTAL_INTEGRATED_2023_T1
2023,01,01055,municipality,010555546027,01055027,matched,Lensahn,amtsangehörige Gemeinde,5123,7183239.08,1402.15,0.00,712.13,7182526.95,STATISTIKPORTAL_INTEGRATED_2023_T1
2023,01,01055,municipality,010555546029,01055029,matched,Manhagen,amtsangehörige Gemeinde,370,392845.72,1061.75,0.00,17.63,392828.09,STATISTIKPORTAL_INTEGRATED_2023_T1
2023,01,01055,municipality,010555546036,01055036,matched,Riepsdorf,amtsangehörige Gemeinde,914,872345.36,954.43,0.00,42.77,872302.59,STATISTIKPORTAL_INTEGRATED_2023_T1
2023,01,01055,joint_administration,010555591,,not_applicable,Amtsverwaltung Ostholstein-Mitte,Amtsverwaltung,8895,445797.17,50.12,417394.00,28403.17,0.00,STATISTIKPORTAL_INTEGRATED_2023_T1
2023,01,01055,municipality,010555591002,01055002,matched,Altenkrempe,amtsangehörige Gemeinde,1136,2397160.56,2110.18,216000.00,298.55,2180862.01,STATISTIKPORTAL_INTEGRATED_2023_T1
2023,01,01055,municipality,010555591024,01055024,matched,Kasseedorf,amtsangehörige Gemeinde,1463,3127002.70,2137.39,367213.00,373.41,2759416.29,STATISTIKPORTAL_INTEGRATED_2023_T1
2023,01,01055,municipality,010555591037,01055037,matched,Schashagen,amtsangehörige Gemeinde,2029,2028868.36,999.94,501975.00,96.24,1526797.12,STATISTIKPORTAL_INTEGRATED_2023_T1
2023,01,01055,municipality,010555591038,01055038,matched,Schönwalde am Bungsberg,amtsangehörige Gemeinde,2581,7126180.53,2761.02,926445.00,999858.95,5199876.58,STATISTIKPORTAL_INTEGRATED_2023_T1
2023,01,01055,municipality,010555591039,01055039,matched,Sierksdorf,amtsangehörige Gemeinde,1686,4418908.69,2620.94,1454938.00,6442.42,2957528.27,STATISTIKPORTAL_INTEGRATED_2023_T1
2023,01,01056,county_administration,01056,,not_applicable,Kreisverwaltung Pinneberg,Kreisverwaltung,322829,57508172.23,178.14,28980809.00,7700869.53,20826493.70,STATISTIKPORTAL_INTEGRATED_2023_T1
2023,01,01056,municipality,010560002002,01056002,matched,"Barmstedt, Stadt",amtsfreie Gemeinde,10707,67564919.73,6310.35,27080428.00,215703.80,40268787.93,STATISTIKPORTAL_INTEGRATED_2023_T1
2023,01,01056,municipality,010560005005,01056005,matched,Bönningstedt,amtsfreie Gemeinde,4585,7673439.43,1673.60,3398450.00,3050446.72,1224542.71,STATISTIKPORTAL_INTEGRATED_2023_T1
2023,01,01056,municipality,010560015015,01056015,matched,"Elmshorn, Stadt",amtsfreie Gemeinde,50696,164218452.13,3239.28,66408220.00,56484.09,97753748.04,STATISTIKPORTAL_INTEGRATED_2023_T1
2023,01,01056,municipality,010560018018,01056018,matched,Halstenbek,amtsfreie Gemeinde,17990,88551707.91,4922.27,63683871.00,29547.08,24838289.83,STATISTIKPORTAL_INTEGRATED_2023_T1
2023,01,01056,municipality,010560021021,01056021,matched,Hasloh,amtsfreie Gemeinde,3905,13609505.81,3485.15,8067775.00,4317188.10,1224542.71,STATISTIKPORTAL_INTEGRATED_2023_T1
2023,01,01056,municipality,010560025025,01056025,matched,Helgoland,amtsfreie Gemeinde,1316,5268912.84,4003.73,4015146.00,29224.13,1224542.71,STATISTIKPORTAL_INTEGRATED_2023_T1
2023,01,01056,municipality,010560039039,01056039,matched,"Pinneberg, Stadt",amtsfreie Gemeinde,44391,168551142.56,3796.97,103738849.00,1068460.34,63743833.22,STATISTIKPORTAL_INTEGRATED_2023_T1
2023,01,01056,municipality,010560041041,01056041,matched,"Quickborn, Stadt",amtsfreie Gemeinde,22269,110478842.86,4961.10,81669308.00,403179.78,28406355.08,STATISTIKPORTAL_INTEGRATED_2023_T1
2023,01,01056,municipality,010560043043,01056043,matched,Rellingen,amtsfreie Gemeinde,14745,64260731.45,4358.14,39939364.00,5622647.08,18698720.37,STATISTIKPORTAL_INTEGRATED_2023_T1
2023,01,01056,municipality,010560044044,01056044,matched,"Schenefeld, Stadt",amtsfreie Gemeinde,19821,4951818.85,249.83,1413784.00,29547.08,3508487.77,STATISTIKPORTAL_INTEGRATED_2023_T1
2023,01,01056,municipality,010560048048,01056048,matched,"Tornesch, Stadt",amtsfreie Gemeinde,14461,66562595.36,4602.90,33991303.00,14003289.88,18568002.48,STATISTIKPORTAL_INTEGRATED_2023_T1
2023,01,01056,municipality,010560049049,01056049,matched,"Uetersen, Stadt",amtsfreie Gemeinde,18641,36783601.96,1973.26,10710723.00,7717912.28,18354966.68,STATISTIKPORTAL_INTEGRATED_2023_T1
2023,01,01056,municipality,010560050050,01056050,matched,"Wedel, Stadt",amtsfreie Gemeinde,34531,164584184.94,4766.27,110322024.00,403502.44,53858658.50,STATISTIKPORTAL_INTEGRATED_2023_T1
2023,01,01056,joint_administration,010565616,,not_applicable,Amtsverwaltung Elmshorn-Land,Amtsverwaltung,13580,1253268.54,92.29,0.00,28725.83,1224542.71,STATISTIKPORTAL_INTEGRATED_2023_T1
2023,01,01056,municipality,010565616029,01056029,matched,Klein Nordende,amtsangehörige Gemeinde,3462,2953196.03,853.03,417900.00,1310753.32,1224542.71,STATISTIKPORTAL_INTEGRATED_2023_T1
2023,01,01056,municipality,010565616030,01056030,matched,Klein Offenseth-Sparrieshoop,amtsangehörige Gemeinde,3186,350000.00,109.86,350000.00,0.00,0.00,STATISTIKPORTAL_INTEGRATED_2023_T1
2023,01,01056,municipality,010565616031,01056031,matched,Kölln-Reisiek,amtsangehörige Gemeinde,3481,1264870.36,363.36,0.00,1264870.36,0.00,STATISTIKPORTAL_INTEGRATED_2023_T1
2023,01,01056,municipality,010565616033,01056033,matched,Seester,amtsangehörige Gemeinde,1020,1367995.36,1341.17,0.00,1367995.36,0.00,STATISTIKPORTAL_INTEGRATED_2023_T1
2023,01,01056,municipality,010565616042,01056042,matched,Raa-Besenbek,amtsangehörige Gemeinde,530,2081488.11,3927.34,0.00,1265085.48,816402.63,STATISTIKPORTAL_INTEGRATED_2023_T1
2023,01,01056,municipality,010565616045,01056045,matched,Seestermühe,amtsangehörige Gemeinde,936,3199260.73,3418.01,606400.00,1368318.02,1224542.71,STATISTIKPORTAL_INTEGRATED_2023_T1
2023,01,01056,municipality,010565616046,01056046,matched,Seeth-Ekholt,amtsangehörige Gemeinde,965,2559190.23,2652.01,0.00,1265193.02,1293997.21,STATISTIKPORTAL_INTEGRATED_2023_T1
2023,01,01056,joint_administration,010565636,,not_applicable,Amtsverwaltung Hörnerkirchen,Amtsverwaltung,4114,2834335.00,688.95,2834335.00,0.00,0.00,STATISTIKPORTAL_INTEGRATED_2023_T1
2023,01,01056,municipality,010565636006,01056006,matched,Bokel,amtsangehörige Gemeinde,574,19291.00,33.61,19291.00,0.00,0.00,STATISTIKPORTAL_INTEGRATED_2023_T1
2023,01,01056,municipality,010565636010,01056010,matched,Brande-Hörnerkirchen,amtsangehörige Gemeinde,1779,478617.00,269.04,478617.00,0.00,0.00,STATISTIKPORTAL_INTEGRATED_2023_T1
2023,01,01056,municipality,010565636038,01056038,matched,Osterhorn,amtsangehörige Gemeinde,421,1656.00,3.93,1656.00,0.00,0.00,STATISTIKPORTAL_INTEGRATED_2023_T1
2023,01,01056,municipality,010565636051,01056051,matched,Westerhorn,amtsangehörige Gemeinde,1340,8312.00,6.20,8312.00,0.00,0.00,STATISTIKPORTAL_INTEGRATED_2023_T1
2023,01,01056,joint_administration,010565660,,not_applicable,Amtsverwaltung Rantzau,Amtsverwaltung,9078,1439923.56,158.62,0.00,215380.85,1224542.71,STATISTIKPORTAL_INTEGRATED_2023_T1
2023,01,01056,municipality,010565660003,01056003,matched,Bevern,amtsangehörige Gemeinde,615,1687412.93,2743.76,0.00,322.66,1687090.27,STATISTIKPORTAL_INTEGRATED_2023_T1
2023,01,01056,municipality,010565660004,01056004,matched,Bilsen,amtsangehörige Gemeinde,818,1294319.87,1582.30,0.00,322.66,1293997.21,STATISTIKPORTAL_INTEGRATED_2023_T1
2023,01,01056,municipality,010565660008,01056008,matched,Bokholt-Hanredder,amtsangehörige Gemeinde,1313,1224865.37,932.88,0.00,322.66,1224542.71,STATISTIKPORTAL_INTEGRATED_2023_T1
2023,01,01056,municipality,010565660011,01056011,matched,Bullenkuhlen,amtsangehörige Gemeinde,389,428185.86,1100.73,0.00,0.00,428185.86,STATISTIKPORTAL_INTEGRATED_2023_T1
2023,01,01056,municipality,010565660014,01056014,matched,Ellerhoop,amtsangehörige Gemeinde,1544,2492014.78,1614.00,0.00,1267472.07,1224542.71,STATISTIKPORTAL_INTEGRATED_2023_T1
2023,01,01056,municipality,010565660017,01056017,matched,Groß Offenseth-Aspern,amtsangehörige Gemeinde,488,393093.06,805.52,0.00,0.00,393093.06,STATISTIKPORTAL_INTEGRATED_2023_T1
2023,01,01056,municipality,010565660022,01056022,matched,Heede,amtsangehörige Gemeinde,816,462547.56,566.85,0.00,0.00,462547.56,STATISTIKPORTAL_INTEGRATED_2023_T1
2023,01,01056,municipality,010565660026,01056026,matched,Hemdingen,amtsangehörige Gemeinde,1709,1756867.43,1028.01,0.00,322.66,1756544.77,STATISTIKPORTAL_INTEGRATED_2023_T1
2023,01,01056,municipality,010565660034,01056034,matched,Langeln,amtsangehörige Gemeinde,608,462547.56,760.77,0.00,0.00,462547.56,STATISTIKPORTAL_INTEGRATED_2023_T1
2023,01,01056,municipality,010565660035,01056035,matched,Lutzhorn,amtsangehörige Gemeinde,778,393093.06,505.26,0.00,0.00,393093.06,STATISTIKPORTAL_INTEGRATED_2023_T1
2023,01,01056,joint_administration,010565687,,not_applicable,Amtsverwaltung Pinnau,Amtsverwaltung,13747,40803.17,2.97,12400.00,28403.17,0.00,STATISTIKPORTAL_INTEGRATED_2023_T1
2023,01,01056,municipality,010565687009,01056009,matched,Borstel-Hohenraden,amtsangehörige Gemeinde,2447,4295129.37,1755.26,3070264.00,322.66,1224542.71,STATISTIKPORTAL_INTEGRATED_2023_T1
2023,01,01056,municipality,010565687013,01056013,matched,Ellerbek,amtsangehörige Gemeinde,4294,7851257.93,1828.43,3605578.00,3021137.22,1224542.71,STATISTIKPORTAL_INTEGRATED_2023_T1
2023,01,01056,municipality,010565687032,01056032,matched,Kummerfeld,amtsangehörige Gemeinde,2395,5239090.37,2187.51,4014225.00,322.66,1224542.71,STATISTIKPORTAL_INTEGRATED_2023_T1
2023,01,01056,municipality,010565687040,01056040,matched,Prisdorf,amtsangehörige Gemeinde,2301,4451091.37,1934.42,3226226.00,322.66,1224542.71,STATISTIKPORTAL_INTEGRATED_2023_T1
2023,01,01056,municipality,010565687047,01056047,matched,Tangstedt,amtsangehörige Gemeinde,2310,1224865.37,530.24,0.00,322.66,1224542.71,STATISTIKPORTAL_INTEGRATED_2023_T1
2023,01,01056,joint_administration,010565690,,not_applicable,Amtsverwaltung Geest und Marsch Südholstein,Amtsverwaltung,24252,215058.19,8.87,0.00,215058.19,0.00,STATISTIKPORTAL_INTEGRATED_2023_T1
2023,01,01056,municipality,010565690001,01056001,matched,Appen,amtsangehörige Gemeinde,4791,5423651.78,1132.05,2931637.00,1267472.07,1224542.71,STATISTIKPORTAL_INTEGRATED_2023_T1
2023,01,01056,municipality,010565690016,01056016,matched,Groß Nordende,amtsangehörige Gemeinde,828,2508865.78,3030.03,16851.00,1267472.07,1224542.71,STATISTIKPORTAL_INTEGRATED_2023_T1
2023,01,01056,municipality,010565690019,01056019,matched,Haselau,amtsangehörige Gemeinde,1116,3948759.99,3538.32,0.00,2724217.28,1224542.71,STATISTIKPORTAL_INTEGRATED_2023_T1
2023,01,01056,municipality,010565690020,01056020,matched,Haseldorf,amtsangehörige Gemeinde,1853,5646558.15,3047.25,969360.00,3452655.44,1224542.71,STATISTIKPORTAL_INTEGRATED_2023_T1
2023,01,01056,municipality,010565690023,01056023,matched,Heidgraben,amtsangehörige Gemeinde,2736,8029130.78,2934.62,5537116.00,1267472.07,1224542.71,STATISTIKPORTAL_INTEGRATED_2023_T1
2023,01,01056,municipality,010565690024,01056024,matched,Heist,amtsangehörige Gemeinde,3001,4677198.15,1558.55,0.00,3452655.44,1224542.71,STATISTIKPORTAL_INTEGRATED_2023_T1
2023,01,01056,municipality,010565690027,01056027,matched,Hetlingen,amtsangehörige Gemeinde,1428,1736694.37,1216.17,511829.00,322.66,1224542.71,STATISTIKPORTAL_INTEGRATED_2023_T1
2023,01,01056,municipality,010565690028,01056028,matched,Holm,amtsangehörige Gemeinde,3356,8849068.20,2636.79,3443563.00,4180962.49,1224542.71,STATISTIKPORTAL_INTEGRATED_2023_T1
2023,01,01056,municipality,010565690036,01056036,matched,Moorrege,amtsangehörige Gemeinde,4628,6859971.36,1482.28,0.00,5635428.65,1224542.71,STATISTIKPORTAL_INTEGRATED_2023_T1
2023,01,01056,municipality,010565690037,01056037,matched,Neuendeich,amtsangehörige Gemeinde,515,3301975.49,6411.60,707366.00,1265193.02,1329416.47,STATISTIKPORTAL_INTEGRATED_2023_T1
2023,01,01057,county_administration,01057,,not_applicable,Kreisverwaltung Plön,Kreisverwaltung,131234,52449427.38,399.66,26179897.00,1582464.45,24687065.93,STATISTIKPORTAL_INTEGRATED_2023_T1
2023,01,01057,municipality,010570001001,01057001,matched,Ascheberg (Holstein),amtsfreie Gemeinde,3050,4134445.87,1355.56,1133734.00,3000711.75,0.12,STATISTIKPORTAL_INTEGRATED_2023_T1
2023,01,01057,municipality,010570008008,01057008,matched,Bönebüttel,amtsfreie Gemeinde,2127,278403.17,130.89,250000.00,28403.17,0.00,STATISTIKPORTAL_INTEGRATED_2023_T1
2023,01,01057,municipality,010570009009,01057009,matched,Bösdorf,amtsfreie Gemeinde,1335,3223945.21,2414.94,835787.00,1638684.69,749473.52,STATISTIKPORTAL_INTEGRATED_2023_T1
2023,01,01057,municipality,010570057057,01057057,matched,"Plön, Stadt",amtsfreie Gemeinde,8949,20249114.85,2262.72,10884286.00,3351317.23,6013511.62,STATISTIKPORTAL_INTEGRATED_2023_T1
2023,01,01057,municipality,010570062062,01057062,matched,"Preetz, Stadt",amtsfreie Gemeinde,16095,24509803.04,1522.82,21016470.00,117695.93,3375637.11,STATISTIKPORTAL_INTEGRATED_2023_T1
2023,01,01057,municipality,010570091091,01057091,matched,"Schwentinental, Stadt",amtsfreie Gemeinde,14012,33484220.47,2389.68,27832486.00,28901.47,5622833.00,STATISTIKPORTAL_INTEGRATED_2023_T1
2023,01,01057,joint_administration,010575727,,not_applicable,Amtsverwaltung Lütjenburg,Amtsverwaltung,15549,3566885.83,229.40,3487034.00,79851.83,0.00,STATISTIKPORTAL_INTEGRATED_2023_T1
2023,01,01057,municipality,010575727004,01057004,matched,Behrensdorf (Ostsee),amtsangehörige Gemeinde,655,1482304.56,2263.06,15274.00,1103905.11,363125.45,STATISTIKPORTAL_INTEGRATED_2023_T1
2023,01,01057,municipality,010575727007,01057007,matched,Blekendorf,amtsangehörige Gemeinde,1686,2779051.93,1648.31,1272885.00,1103855.40,402311.53,STATISTIKPORTAL_INTEGRATED_2023_T1
2023,01,01057,municipality,010575727013,01057013,matched,Dannau,amtsangehörige Gemeinde,599,4178525.90,6975.84,3055412.00,1123113.90,0.00,STATISTIKPORTAL_INTEGRATED_2023_T1
2023,01,01057,municipality,010575727021,01057021,matched,Giekau,amtsangehörige Gemeinde,1002,1535401.40,1532.34,431546.00,1103855.40,0.00,STATISTIKPORTAL_INTEGRATED_2023_T1
2023,01,01057,municipality,010575727026,01057026,matched,Helmstorf,amtsangehörige Gemeinde,304,1175274.40,3866.03,71419.00,1103855.40,0.00,STATISTIKPORTAL_INTEGRATED_2023_T1
2023,01,01057,municipality,010575727027,01057027,matched,Högsdorf,amtsangehörige Gemeinde,403,2298708.40,5703.99,1194853.00,1103855.40,0.00,STATISTIKPORTAL_INTEGRATED_2023_T1
2023,01,01057,municipality,010575727029,01057029,matched,Hohenfelde,amtsangehörige Gemeinde,1018,2045616.73,2009.45,180400.00,1865216.52,0.21,STATISTIKPORTAL_INTEGRATED_2023_T1
2023,01,01057,municipality,010575727030,01057030,matched,Hohwacht (Ostsee),amtsangehörige Gemeinde,856,603639.09,705.19,413544.00,0.00,190095.09,STATISTIKPORTAL_INTEGRATED_2023_T1
2023,01,01057,municipality,010575727034,01057034,matched,Kirchnüchel,amtsangehörige Gemeinde,199,1103855.40,5547.01,0.00,1103855.40,0.00,STATISTIKPORTAL_INTEGRATED_2023_T1
2023,01,01057,municipality,010575727035,01057035,matched,Klamp,amtsangehörige Gemeinde,630,2349864.70,3729.94,876500.00,1103905.98,369458.72,STATISTIKPORTAL_INTEGRATED_2023_T1
2023,01,01057,municipality,010575727038,01057038,matched,Kletkamp,amtsangehörige Gemeinde,90,1103855.40,12265.06,0.00,1103855.40,0.00,STATISTIKPORTAL_INTEGRATED_2023_T1
2023,01,01057,municipality,010575727048,01057048,matched,"Lütjenburg, Stadt",amtsangehörige Gemeinde,5532,8997240.88,1626.40,3685369.00,85747.76,5226124.12,STATISTIKPORTAL_INTEGRATED_2023_T1
2023,01,01057,municipality,010575727055,01057055,matched,Panker,amtsangehörige Gemeinde,1397,1883688.40,1348.38,779833.00,1103855.40,0.00,STATISTIKPORTAL_INTEGRATED_2023_T1
2023,01,01057,municipality,010575727076,01057076,matched,Schwartbuck,amtsangehörige Gemeinde,811,4600085.52,5672.12,2734869.00,1865216.52,0.00,STATISTIKPORTAL_INTEGRATED_2023_T1
2023,01,01057,municipality,010575727082,01057082,matched,Tröndel,amtsangehörige Gemeinde,367,2786803.52,7593.47,921587.00,1865216.52,0.00,STATISTIKPORTAL_INTEGRATED_2023_T1
2023,01,01057,joint_administration,010575739,,not_applicable,Amt Großer Plöner See,Amtsverwaltung,4651,101195.50,21.76,47313.00,53882.50,0.00,STATISTIKPORTAL_INTEGRATED_2023_T1
2023,01,01057,municipality,010575739015,01057015,matched,Dersau,amtsangehörige Gemeinde,962,2233352.97,2321.57,880533.00,1352819.90,0.07,STATISTIKPORTAL_INTEGRATED_2023_T1
2023,01,01057,municipality,010575739017,01057017,matched,Dörnick,amtsangehörige Gemeinde,250,1494289.17,5977.16,0.00,1352839.26,141449.91,STATISTIKPORTAL_INTEGRATED_2023_T1
2023,01,01057,municipality,010575739022,01057022,matched,Grebin,amtsangehörige Gemeinde,1008,1963746.04,1948.16,49272.00,1352896.78,561577.26,STATISTIKPORTAL_INTEGRATED_2023_T1
2023,01,01057,municipality,010575739032,01057032,matched,Kalübbe,amtsangehörige Gemeinde,555,2469199.04,4449.01,786988.00,1352864.99,329346.05,STATISTIKPORTAL_INTEGRATED_2023_T1
2023,01,01057,municipality,010575739045,01057045,matched,Lebrade,amtsangehörige Gemeinde,600,1517400.28,2529.00,35780.00,1352837.53,128782.75,STATISTIKPORTAL_INTEGRATED_2023_T1
2023,01,01057,municipality,010575739053,01057053,matched,Nehmten,amtsangehörige Gemeinde,308,1403495.47,4556.80,0.00,1352826.84,50668.63,STATISTIKPORTAL_INTEGRATED_2023_T1
2023,01,01057,municipality,010575739065,01057065,matched,Rantzau,amtsangehörige Gemeinde,337,1333509.90,3957.00,210396.00,1123113.90,0.00,STATISTIKPORTAL_INTEGRATED_2023_T1
2023,01,01057,municipality,010575739067,01057067,matched,Rathjensdorf,amtsangehörige Gemeinde,473,1740619.90,3679.96,387800.00,1352819.90,0.00,STATISTIKPORTAL_INTEGRATED_2023_T1
2023,01,01057,municipality,010575739089,01057089,matched,Wittmoldt,amtsangehörige Gemeinde,158,1539521.58,9743.81,91685.00,1352832.91,95003.67,STATISTIKPORTAL_INTEGRATED_2023_T1
2023,01,01057,joint_administration,010575747,,not_applicable,Amtsverwaltung Preetz-Land,Amtsverwaltung,9188,3146984.83,342.51,3067133.00,79851.83,0.00,STATISTIKPORTAL_INTEGRATED_2023_T1
2023,01,01057,municipality,010575747002,01057002,matched,Barmissen,amtsangehörige Gemeinde,149,1103855.40,7408.43,0.00,1103855.40,0.00,STATISTIKPORTAL_INTEGRATED_2023_T1
2023,01,01057,municipality,010575747010,01057010,matched,Boksee,amtsangehörige Gemeinde,466,1373888.40,2948.26,270033.00,1103855.40,0.00,STATISTIKPORTAL_INTEGRATED_2023_T1
2023,01,01057,municipality,010575747011,01057011,matched,Bothkamp,amtsangehörige Gemeinde,250,1242060.69,4968.24,8662.00,1233398.69,0.00,STATISTIKPORTAL_INTEGRATED_2023_T1
2023,01,01057,municipality,010575747023,01057023,matched,Großbarkau,amtsangehörige Gemeinde,250,1318799.40,5275.20,214944.00,1103855.40,0.00,STATISTIKPORTAL_INTEGRATED_2023_T1
2023,01,01057,municipality,010575747031,01057031,matched,Honigsee,amtsangehörige Gemeinde,464,1103855.40,2379.00,0.00,1103855.40,0.00,STATISTIKPORTAL_INTEGRATED_2023_T1
2023,01,01057,municipality,010575747033,01057033,matched,Kirchbarkau,amtsangehörige Gemeinde,783,1103855.40,1409.78,0.00,1103855.40,0.00,STATISTIKPORTAL_INTEGRATED_2023_T1
2023,01,01057,municipality,010575747037,01057037,matched,Klein Barkau,amtsangehörige Gemeinde,271,1272178.40,4694.39,168323.00,1103855.40,0.00,STATISTIKPORTAL_INTEGRATED_2023_T1
2023,01,01057,municipality,010575747042,01057042,matched,Kühren,amtsangehörige Gemeinde,596,1103855.40,1852.11,0.00,1103855.40,0.00,STATISTIKPORTAL_INTEGRATED_2023_T1
2023,01,01057,municipality,010575747046,01057046,matched,Lehmkuhlen,amtsangehörige Gemeinde,1281,1103855.40,861.71,0.00,1103855.40,0.00,STATISTIKPORTAL_INTEGRATED_2023_T1
2023,01,01057,municipality,010575747047,01057047,matched,Löptin,amtsangehörige Gemeinde,280,1153855.40,4120.91,50000.00,1103855.40,0.00,STATISTIKPORTAL_INTEGRATED_2023_T1
2023,01,01057,municipality,010575747054,01057054,matched,Nettelsee,amtsangehörige Gemeinde,428,1382832.40,3230.92,278977.00,1103855.40,0.00,STATISTIKPORTAL_INTEGRATED_2023_T1
2023,01,01057,municipality,010575747058,01057058,matched,Pohnsdorf,amtsangehörige Gemeinde,392,1134271.43,2893.55,0.00,1103855.40,30416.03,STATISTIKPORTAL_INTEGRATED_2023_T1
2023,01,01057,municipality,010575747059,01057059,matched,Postfeld,amtsangehörige Gemeinde,424,1159994.40,2735.84,56139.00,1103855.40,0.00,STATISTIKPORTAL_INTEGRATED_2023_T1
2023,01,01057,municipality,010575747066,01057066,matched,Rastorf,amtsangehörige Gemeinde,788,1103855.40,1400.83,0.00,1103855.40,0.00,STATISTIKPORTAL_INTEGRATED_2023_T1
2023,01,01057,municipality,010575747070,01057070,matched,Schellhorn,amtsangehörige Gemeinde,1532,3419441.40,2232.01,2315586.00,1103855.40,0.00,STATISTIKPORTAL_INTEGRATED_2023_T1
2023,01,01057,municipality,010575747084,01057084,matched,Wahlstorf,amtsangehörige Gemeinde,454,1727268.40,3804.56,623413.00,1103855.40,0.00,STATISTIKPORTAL_INTEGRATED_2023_T1
2023,01,01057,municipality,010575747086,01057086,matched,Warnau,amtsangehörige Gemeinde,380,1437649.40,3783.29,333794.00,1103855.40,0.00,STATISTIKPORTAL_INTEGRATED_2023_T1
2023,01,01057,joint_administration,010575755,,not_applicable,Amtsverwaltung Probstei,Amtsverwaltung,22608,1380502.93,61.06,1300650.00,79851.83,1.10,STATISTIKPORTAL_INTEGRATED_2023_T1
2023,01,01057,municipality,010575755003,01057003,matched,Barsbek,amtsangehörige Gemeinde,564,2166947.19,3842.10,0.00,1852379.48,314567.71,STATISTIKPORTAL_INTEGRATED_2023_T1
2023,01,01057,municipality,010575755006,01057006,matched,Bendfeld,amtsangehörige Gemeinde,208,1665637.22,8007.87,178772.00,1372860.82,114004.40,STATISTIKPORTAL_INTEGRATED_2023_T1
2023,01,01057,municipality,010575755012,01057012,matched,Brodersdorf,amtsangehörige Gemeinde,405,2035411.50,5025.71,92690.00,611484.09,1331237.41,STATISTIKPORTAL_INTEGRATED_2023_T1
2023,01,01057,municipality,010575755018,01057018,matched,Fahren,amtsangehörige Gemeinde,134,648596.26,4840.27,0.00,648596.26,0.00,STATISTIKPORTAL_INTEGRATED_2023_T1
2023,01,01057,municipality,010575755020,01057020,matched,Fiefbergen,amtsangehörige Gemeinde,527,1977943.61,3753.21,305268.00,1372886.25,299789.36,STATISTIKPORTAL_INTEGRATED_2023_T1
2023,01,01057,municipality,010575755028,01057028,matched,Höhndorf,amtsangehörige Gemeinde,468,1641843.46,3508.21,9286.00,1372880.76,259676.70,STATISTIKPORTAL_INTEGRATED_2023_T1
2023,01,01057,municipality,010575755039,01057039,matched,Köhn,amtsangehörige Gemeinde,770,2069024.96,2687.05,263326.00,1372904.46,432794.50,STATISTIKPORTAL_INTEGRATED_2023_T1
2023,01,01057,municipality,010575755040,01057040,matched,Krokau,amtsangehörige Gemeinde,406,2109928.51,5196.87,17027.00,1852225.55,240675.96,STATISTIKPORTAL_INTEGRATED_2023_T1
2023,01,01057,municipality,010575755041,01057041,matched,Krummbek,amtsangehörige Gemeinde,385,1672443.21,4344.01,299598.00,1372845.21,0.00,STATISTIKPORTAL_INTEGRATED_2023_T1
2023,01,01057,municipality,010575755043,01057043,matched,Laboe,amtsangehörige Gemeinde,5546,12397027.65,2235.31,7814664.00,655582.94,3926780.71,STATISTIKPORTAL_INTEGRATED_2023_T1
2023,01,01057,municipality,010575755049,01057049,matched,Lutterbek,amtsangehörige Gemeinde,330,2595609.67,7865.48,615776.00,648596.26,1331237.41,STATISTIKPORTAL_INTEGRATED_2023_T1
2023,01,01057,municipality,010575755056,01057056,matched,Passade,amtsangehörige Gemeinde,363,849187.02,2339.36,0.00,648623.72,200563.30,STATISTIKPORTAL_INTEGRATED_2023_T1
2023,01,01057,municipality,010575755060,01057060,matched,Prasdorf,amtsangehörige Gemeinde,415,5221485.26,12581.89,4572889.00,648596.26,0.00,STATISTIKPORTAL_INTEGRATED_2023_T1
2023,01,01057,municipality,010575755063,01057063,matched,Probsteierhagen,amtsangehörige Gemeinde,2390,4389688.39,1836.69,3080997.00,111645.16,1197046.23,STATISTIKPORTAL_INTEGRATED_2023_T1
2023,01,01057,municipality,010575755073,01057073,matched,Schönberg (Holstein),amtsangehörige Gemeinde,6333,36298856.41,5731.70,17830892.00,10445584.41,8022380.00,STATISTIKPORTAL_INTEGRATED_2023_T1
2023,01,01057,municipality,010575755078,01057078,matched,Stakendorf,amtsangehörige Gemeinde,470,1861287.21,3960.19,488442.00,1372845.21,0.00,STATISTIKPORTAL_INTEGRATED_2023_T1
2023,01,01057,municipality,010575755079,01057079,matched,Stein,amtsangehörige Gemeinde,851,2967994.84,3487.66,951049.00,685708.43,1331237.41,STATISTIKPORTAL_INTEGRATED_2023_T1
2023,01,01057,municipality,010575755081,01057081,matched,Stoltenberg,amtsangehörige Gemeinde,329,1562748.59,4750.00,4093.00,1372870.64,185784.95,STATISTIKPORTAL_INTEGRATED_2023_T1
2023,01,01057,municipality,010575755087,01057087,matched,Wendtorf,amtsangehörige Gemeinde,1002,3540789.84,3533.72,1523844.00,685708.43,1331237.41,STATISTIKPORTAL_INTEGRATED_2023_T1
2023,01,01057,municipality,010575755088,01057088,matched,Wisch,amtsangehörige Gemeinde,712,2249151.15,3158.92,0.00,1852246.93,396904.22,STATISTIKPORTAL_INTEGRATED_2023_T1
2023,01,01057,joint_administration,010575775,,not_applicable,Amtsverwaltung Selent/Schlesen,Amtsverwaltung,5986,2223251.85,371.41,2179153.00,44098.85,0.00,STATISTIKPORTAL_INTEGRATED_2023_T1
2023,01,01057,municipality,010575775016,01057016,matched,Dobersdorf,amtsangehörige Gemeinde,1068,2321448.47,2173.64,535262.00,1178162.98,608023.49,STATISTIKPORTAL_INTEGRATED_2023_T1
2023,01,01057,municipality,010575775044,01057044,matched,Lammershagen,amtsangehörige Gemeinde,236,1431002.40,6063.57,327147.00,1103855.40,0.00,STATISTIKPORTAL_INTEGRATED_2023_T1
2023,01,01057,municipality,010575775050,01057050,matched,Martensrade,amtsangehörige Gemeinde,981,3566290.40,3635.36,2462435.00,1103855.40,0.00,STATISTIKPORTAL_INTEGRATED_2023_T1
2023,01,01057,municipality,010575775052,01057052,matched,Mucheln,amtsangehörige Gemeinde,573,1431135.06,2497.62,0.00,1103900.20,327234.86,STATISTIKPORTAL_INTEGRATED_2023_T1
2023,01,01057,municipality,010575775072,01057072,matched,Schlesen,amtsangehörige Gemeinde,559,1512809.40,2706.28,408954.00,1103855.40,0.00,STATISTIKPORTAL_INTEGRATED_2023_T1
2023,01,01057,municipality,010575775077,01057077,matched,Selent,amtsangehörige Gemeinde,1732,13659774.40,7886.71,12555919.00,1103855.40,0.00,STATISTIKPORTAL_INTEGRATED_2023_T1
2023,01,01057,municipality,010575775090,01057090,matched,Fargau-Pratjau,amtsangehörige Gemeinde,837,1928240.62,2303.75,84535.00,1372909.66,470795.96,STATISTIKPORTAL_INTEGRATED_2023_T1
2023,01,01057,joint_administration,010575782,,not_applicable,Amtsverwaltung Schrevenborn,Amtsverwaltung,19692,28403.17,1.44,0.00,28403.17,0.00,STATISTIKPORTAL_INTEGRATED_2023_T1
2023,01,01057,municipality,010575782025,01057025,matched,Heikendorf,amtsangehörige Gemeinde,8652,31890342.84,3685.89,26613801.00,174619.68,5101922.16,STATISTIKPORTAL_INTEGRATED_2023_T1
2023,01,01057,municipality,010575782051,01057051,matched,Mönkeberg,amtsangehörige Gemeinde,4108,27326800.43,6652.09,25888012.00,107551.02,1331237.41,STATISTIKPORTAL_INTEGRATED_2023_T1
2023,01,01057,municipality,010575782074,01057074,matched,Schönkirchen,amtsangehörige Gemeinde,6932,4229712.74,610.17,0.00,179174.76,4050537.98,STATISTIKPORTAL_INTEGRATED_2023_T1
2023,01,01057,joint_administration,010575785,,not_applicable,Amtsverwaltung Bokhorst-Wankendorf,Amtsverwaltung,7992,857403.87,107.28,716011.00,116600.87,24792.00,STATISTIKPORTAL_INTEGRATED_2023_T1
2023,01,01057,municipality,010575785005,01057005,matched,Belau,amtsangehörige Gemeinde,384,195060.00,507.97,174124.00,20936.00,0.00,STATISTIKPORTAL_INTEGRATED_2023_T1
2023,01,01057,municipality,010575785024,01057024,matched,Großharrie,amtsangehörige Gemeinde,487,0.00,0.00,0.00,0.00,0.00,STATISTIKPORTAL_INTEGRATED_2023_T1
2023,01,01057,municipality,010575785068,01057068,matched,Rendswühren,amtsangehörige Gemeinde,749,1511391.40,2017.88,386600.00,1124791.40,0.00,STATISTIKPORTAL_INTEGRATED_2023_T1
2023,01,01057,municipality,010575785069,01057069,matched,Ruhwinkel,amtsangehörige Gemeinde,961,313436.00,326.16,292500.00,20936.00,0.00,STATISTIKPORTAL_INTEGRATED_2023_T1
2023,01,01057,municipality,010575785071,01057071,matched,Schillsdorf,amtsangehörige Gemeinde,845,1103855.40,1306.34,0.00,1103855.40,0.00,STATISTIKPORTAL_INTEGRATED_2023_T1
2023,01,01057,municipality,010575785080,01057080,matched,Stolpe,amtsangehörige Gemeinde,1296,1849112.00,1426.78,1787151.00,20936.00,41025.00,STATISTIKPORTAL_INTEGRATED_2023_T1
2023,01,01057,municipality,010575785083,01057083,matched,Tasdorf,amtsangehörige Gemeinde,348,0.00,0.00,0.00,0.00,0.00,STATISTIKPORTAL_INTEGRATED_2023_T1
2023,01,01057,municipality,010575785085,01057085,matched,Wankendorf,amtsangehörige Gemeinde,2922,2127429.00,728.07,2072557.00,41872.00,13000.00,STATISTIKPORTAL_INTEGRATED_2023_T1
2023,01,01058,county_administration,01058,,not_applicable,Kreisverwaltung Rendsburg-Eckernförde,Kreisverwaltung,279158,11232653.06,40.24,146250.00,2543515.30,8542887.76,STATISTIKPORTAL_INTEGRATED_2023_T1
2023,01,01058,municipality,010580005005,01058005,matched,Altenholz,amtsfreie Gemeinde,9953,12207404.95,1226.51,12067255.00,112503.17,27646.78,STATISTIKPORTAL_INTEGRATED_2023_T1
2023,01,01058,municipality,010580034034,01058034,matched,"Büdelsdorf, Stadt",amtsfreie Gemeinde,10534,19155945.59,1818.49,15373306.00,28403.17,3754236.42,STATISTIKPORTAL_INTEGRATED_2023_T1
2023,01,01058,municipality,010580043043,01058043,matched,"Eckernförde, Stadt",amtsfreie Gemeinde,21503,29567257.62,1375.03,4282820.00,32114.18,25252323.44,STATISTIKPORTAL_INTEGRATED_2023_T1
2023,01,01058,municipality,010580092092,01058092,matched,Kronshagen,amtsfreie Gemeinde,11844,13157582.96,1110.91,2428943.00,215619.96,10513020.00,STATISTIKPORTAL_INTEGRATED_2023_T1
2023,01,01058,municipality,010580135135,01058135,matched,"Rendsburg, Stadt",amtsfreie Gemeinde,30116,126722514.80,4207.81,56746274.00,6080732.22,63895508.58,STATISTIKPORTAL_INTEGRATED_2023_T1
2023,01,01058,municipality,010580169169,01058169,matched,Wasbek,amtsfreie Gemeinde,2436,1792075.05,735.66,1532400.00,130028.73,129646.32,STATISTIKPORTAL_INTEGRATED_2023_T1
2023,01,01058,joint_administration,010585803,,not_applicable,Amtsverwaltung Achterwehr,Amtsverwaltung,11666,3080504.92,264.06,1710000.00,215058.19,1155446.73,STATISTIKPORTAL_INTEGRATED_2023_T1
2023,01,01058,municipality,010585803001,01058001,matched,Achterwehr,amtsangehörige Gemeinde,1008,388410.00,385.33,388410.00,0.00,0.00,STATISTIKPORTAL_INTEGRATED_2023_T1
2023,01,01058,municipality,010585803028,01058028,matched,Bredenbek,amtsangehörige Gemeinde,1563,1868820.00,1195.66,1868820.00,0.00,0.00,STATISTIKPORTAL_INTEGRATED_2023_T1
2023,01,01058,municipality,010585803050,01058050,matched,Felde,amtsangehörige Gemeinde,2093,2473330.00,1181.72,2473330.00,0.00,0.00,STATISTIKPORTAL_INTEGRATED_2023_T1
2023,01,01058,municipality,010585803093,01058093,matched,Krummwisch,amtsangehörige Gemeinde,722,140966.00,195.24,140966.00,0.00,0.00,STATISTIKPORTAL_INTEGRATED_2023_T1
2023,01,01058,municipality,010585803104,01058104,matched,Melsdorf,amtsangehörige Gemeinde,1987,4217410.00,2122.50,4217410.00,0.00,0.00,STATISTIKPORTAL_INTEGRATED_2023_T1
2023,01,01058,municipality,010585803126,01058126,matched,Ottendorf,amtsangehörige Gemeinde,990,281000.00,283.84,281000.00,0.00,0.00,STATISTIKPORTAL_INTEGRATED_2023_T1
2023,01,01058,municipality,010585803130,01058130,matched,Quarnbek,amtsangehörige Gemeinde,1761,1426216.00,809.89,1426216.00,0.00,0.00,STATISTIKPORTAL_INTEGRATED_2023_T1
2023,01,01058,municipality,010585803171,01058171,matched,Westensee,amtsangehörige Gemeinde,1542,1866192.00,1210.24,1866192.00,0.00,0.00,STATISTIKPORTAL_INTEGRATED_2023_T1
2023,01,01058,joint_administration,010585822,,not_applicable,Amtsverwaltung Dänischenhagen,Amtsverwaltung,9177,7278754.13,793.15,513926.00,6764828.13,0.00,STATISTIKPORTAL_INTEGRATED_2023_T1
2023,01,01058,municipality,010585822037,01058037,matched,Dänischenhagen,amtsangehörige Gemeinde,3791,4169602.14,1099.87,3207717.00,84100.00,877785.14,STATISTIKPORTAL_INTEGRATED_2023_T1
2023,01,01058,municipality,010585822116,01058116,matched,Noer,amtsangehörige Gemeinde,870,800974.21,920.66,321784.00,237280.92,241909.29,STATISTIKPORTAL_INTEGRATED_2023_T1
2023,01,01058,municipality,010585822150,01058150,matched,Schwedeneck,amtsangehörige Gemeinde,2995,5254170.75,1754.31,2705571.00,0.00,2548599.75,STATISTIKPORTAL_INTEGRATED_2023_T1
2023,01,01058,municipality,010585822157,01058157,matched,Strande,amtsangehörige Gemeinde,1521,8551529.28,5622.31,5912779.00,0.00,2638750.28,STATISTIKPORTAL_INTEGRATED_2023_T1
2023,01,01058,joint_administration,010585824,,not_applicable,Amtsverwaltung Dänischer Wohld,Amtsverwaltung,17289,7387323.15,427.28,435840.00,6951483.15,0.00,STATISTIKPORTAL_INTEGRATED_2023_T1
2023,01,01058,municipality,010585824051,01058051,matched,Felm,amtsangehörige Gemeinde,1180,920365.97,779.97,573492.00,57158.80,289715.17,STATISTIKPORTAL_INTEGRATED_2023_T1
2023,01,01058,municipality,010585824058,01058058,matched,Gettorf,amtsangehörige Gemeinde,7683,11301326.62,1470.95,6372954.00,3302972.58,1625400.04,STATISTIKPORTAL_INTEGRATED_2023_T1
2023,01,01058,municipality,010585824096,01058096,matched,Lindau,amtsangehörige Gemeinde,1418,1709688.02,1205.70,952226.00,474082.57,283379.45,STATISTIKPORTAL_INTEGRATED_2023_T1
2023,01,01058,municipality,010585824110,01058110,matched,Neudorf-Bornstein,amtsangehörige Gemeinde,1065,1313011.67,1232.87,878994.00,192108.38,241909.29,STATISTIKPORTAL_INTEGRATED_2023_T1
2023,01,01058,municipality,010585824112,01058112,matched,Neuwittenbek,amtsangehörige Gemeinde,1121,2095192.30,1869.04,1709865.00,114619.28,270708.02,STATISTIKPORTAL_INTEGRATED_2023_T1
2023,01,01058,municipality,010585824121,01058121,matched,Osdorf,amtsangehörige Gemeinde,2578,4576843.49,1775.35,3157460.00,892366.82,527016.67,STATISTIKPORTAL_INTEGRATED_2023_T1
2023,01,01058,municipality,010585824142,01058142,matched,Schinkel,amtsangehörige Gemeinde,1011,1401727.15,1386.48,1115448.00,286279.15,0.00,STATISTIKPORTAL_INTEGRATED_2023_T1
2023,01,01058,municipality,010585824165,01058165,matched,Tüttendorf,amtsangehörige Gemeinde,1233,748422.03,606.99,201340.00,287893.50,259188.53,STATISTIKPORTAL_INTEGRATED_2023_T1
2023,01,01058,joint_administration,010585833,,not_applicable,Amtsverwaltung Fockbek,Amtsverwaltung,11071,11262166.20,1017.27,869730.00,10392436.20,0.00,STATISTIKPORTAL_INTEGRATED_2023_T1
2023,01,01058,municipality,010585833003,01058003,matched,Alt Duvenstedt,amtsangehörige Gemeinde,1890,266668.32,141.09,120822.00,87.05,145759.27,STATISTIKPORTAL_INTEGRATED_2023_T1
2023,01,01058,municipality,010585833054,01058054,matched,Fockbek,amtsangehörige Gemeinde,6625,953475.31,143.92,0.00,29663.14,923812.17,STATISTIKPORTAL_INTEGRATED_2023_T1
2023,01,01058,municipality,010585833118,01058118,matched,Nübbel,amtsangehörige Gemeinde,1513,1304349.92,862.10,1073744.00,87.05,230518.87,STATISTIKPORTAL_INTEGRATED_2023_T1
2023,01,01058,municipality,010585833136,01058136,matched,Rickert,amtsangehörige Gemeinde,1043,56251.13,53.93,0.00,0.00,56251.13,STATISTIKPORTAL_INTEGRATED_2023_T1
2023,01,01058,joint_administration,010585847,,not_applicable,Amtsverwaltung Hohner Harde,Amtsverwaltung,9057,14784388.20,1632.37,4391952.00,10392436.20,0.00,STATISTIKPORTAL_INTEGRATED_2023_T1
2023,01,01058,municipality,010585847010,01058010,matched,Bargstall,amtsangehörige Gemeinde,174,480983.92,2764.28,361968.00,21.76,118994.16,STATISTIKPORTAL_INTEGRATED_2023_T1
2023,01,01058,municipality,010585847029,01058029,matched,Breiholz,amtsangehörige Gemeinde,1374,576784.13,419.78,480167.00,0.00,96617.13,STATISTIKPORTAL_INTEGRATED_2023_T1
2023,01,01058,municipality,010585847036,01058036,matched,Christiansholm,amtsangehörige Gemeinde,227,642165.92,2828.92,523150.00,21.76,118994.16,STATISTIKPORTAL_INTEGRATED_2023_T1
2023,01,01058,municipality,010585847047,01058047,matched,Elsdorf-Westermühlen,amtsangehörige Gemeinde,1644,1791131.90,1089.50,1560122.00,130.57,230879.33,STATISTIKPORTAL_INTEGRATED_2023_T1
2023,01,01058,municipality,010585847055,01058055,matched,Friedrichsgraben,amtsangehörige Gemeinde,50,164515.92,3290.32,45500.00,21.76,118994.16,STATISTIKPORTAL_INTEGRATED_2023_T1
2023,01,01058,municipality,010585847056,01058056,matched,Friedrichsholm,amtsangehörige Gemeinde,408,642067.72,1573.70,500653.00,43.52,141371.20,STATISTIKPORTAL_INTEGRATED_2023_T1
2023,01,01058,municipality,010585847070,01058070,matched,Hamdorf,amtsangehörige Gemeinde,1408,176583.52,125.41,12770.00,65.28,163748.24,STATISTIKPORTAL_INTEGRATED_2023_T1
2023,01,01058,municipality,010585847078,01058078,matched,Hohn,amtsangehörige Gemeinde,2702,2850495.47,1054.96,2462694.00,282.91,387518.56,STATISTIKPORTAL_INTEGRATED_2023_T1
2023,01,01058,municipality,010585847089,01058089,matched,Königshügel,amtsangehörige Gemeinde,176,218863.20,1243.54,100000.00,21.76,118841.44,STATISTIKPORTAL_INTEGRATED_2023_T1
2023,01,01058,municipality,010585847097,01058097,matched,Lohe-Föhrden,amtsangehörige Gemeinde,445,56502.40,126.97,0.00,43.52,56458.88,STATISTIKPORTAL_INTEGRATED_2023_T1
2023,01,01058,municipality,010585847129,01058129,matched,Prinzenmoor,amtsangehörige Gemeinde,164,309363.20,1886.36,190500.00,21.76,118841.44,STATISTIKPORTAL_INTEGRATED_2023_T1
2023,01,01058,municipality,010585847154,01058154,matched,Sophienhamm,amtsangehörige Gemeinde,285,141262.00,495.66,0.00,43.52,141218.48,STATISTIKPORTAL_INTEGRATED_2023_T1
2023,01,01058,joint_administration,010585853,,not_applicable,Amtsverwaltung Jevenstedt,Amtsverwaltung,11568,14631600.37,1264.83,4210761.00,10420839.37,0.00,STATISTIKPORTAL_INTEGRATED_2023_T1
2023,01,01058,municipality,010585853031,01058031,matched,Brinjahe,amtsangehörige Gemeinde,107,22398.79,209.33,0.00,21.76,22377.03,STATISTIKPORTAL_INTEGRATED_2023_T1
2023,01,01058,municipality,010585853048,01058048,matched,Embühren,amtsangehörige Gemeinde,204,39685.70,194.54,0.00,17308.67,22377.03,STATISTIKPORTAL_INTEGRATED_2023_T1
2023,01,01058,municipality,010585853068,01058068,matched,Haale,amtsangehörige Gemeinde,517,1544576.91,2987.58,1527290.00,17286.91,0.00,STATISTIKPORTAL_INTEGRATED_2023_T1
2023,01,01058,municipality,010585853071,01058071,matched,Hamweddel,amtsangehörige Gemeinde,454,22398.79,49.34,0.00,21.76,22377.03,STATISTIKPORTAL_INTEGRATED_2023_T1
2023,01,01058,municipality,010585853075,01058075,matched,Hörsten,amtsangehörige Gemeinde,60,107158.39,1785.97,0.00,21.76,107136.63,STATISTIKPORTAL_INTEGRATED_2023_T1
2023,01,01058,municipality,010585853086,01058086,matched,Jevenstedt,amtsangehörige Gemeinde,3418,7813109.86,2285.87,7415154.00,304.67,397651.19,STATISTIKPORTAL_INTEGRATED_2023_T1
2023,01,01058,municipality,010585853101,01058101,matched,Luhnstedt,amtsangehörige Gemeinde,379,195598.79,516.09,173200.00,21.76,22377.03,STATISTIKPORTAL_INTEGRATED_2023_T1
2023,01,01058,municipality,010585853148,01058148,matched,Schülp bei Rendsburg,amtsangehörige Gemeinde,1075,394746.32,367.21,248900.00,87.05,145759.27,STATISTIKPORTAL_INTEGRATED_2023_T1
2023,01,01058,municipality,010585853155,01058155,matched,Stafstedt,amtsangehörige Gemeinde,367,406298.79,1107.08,383900.00,21.76,22377.03,STATISTIKPORTAL_INTEGRATED_2023_T1
2023,01,01058,municipality,010585853172,01058172,matched,Westerrönfeld,amtsangehörige Gemeinde,4987,8179617.25,1640.19,8067115.00,0.00,112502.25,STATISTIKPORTAL_INTEGRATED_2023_T1
2023,01,01058,joint_administration,010585864,,not_applicable,Amtsverwaltung Nortorfer Land,Amtsverwaltung,18886,1107499.47,58.64,642164.00,28403.17,436932.30,STATISTIKPORTAL_INTEGRATED_2023_T1
2023,01,01058,municipality,010585864011,01058011,matched,Bargstedt,amtsangehörige Gemeinde,775,66811.24,86.21,0.00,66811.24,0.00,STATISTIKPORTAL_INTEGRATED_2023_T1
2023,01,01058,municipality,010585864021,01058021,matched,Bokel,amtsangehörige Gemeinde,604,66811.24,110.61,0.00,66811.24,0.00,STATISTIKPORTAL_INTEGRATED_2023_T1
2023,01,01058,municipality,010585864023,01058023,matched,Borgdorf-Seedorf,amtsangehörige Gemeinde,464,92936.24,200.29,26125.00,66811.24,0.00,STATISTIKPORTAL_INTEGRATED_2023_T1
2023,01,01058,municipality,010585864027,01058027,matched,Brammer,amtsangehörige Gemeinde,357,66811.24,187.15,0.00,66811.24,0.00,STATISTIKPORTAL_INTEGRATED_2023_T1
2023,01,01058,municipality,010585864038,01058038,matched,Dätgen,amtsangehörige Gemeinde,590,66811.24,113.24,0.00,66811.24,0.00,STATISTIKPORTAL_INTEGRATED_2023_T1
2023,01,01058,municipality,010585864045,01058045,matched,Eisendorf,amtsangehörige Gemeinde,277,66811.24,241.20,0.00,66811.24,0.00,STATISTIKPORTAL_INTEGRATED_2023_T1
2023,01,01058,municipality,010585864046,01058046,matched,Ellerdorf,amtsangehörige Gemeinde,478,4091651.24,8559.94,4024840.00,66811.24,0.00,STATISTIKPORTAL_INTEGRATED_2023_T1
2023,01,01058,municipality,010585864049,01058049,matched,Emkendorf,amtsangehörige Gemeinde,1363,1738944.48,1275.82,1605322.00,133622.48,0.00,STATISTIKPORTAL_INTEGRATED_2023_T1
2023,01,01058,municipality,010585864059,01058059,matched,Gnutz,amtsangehörige Gemeinde,1176,66811.24,56.81,0.00,66811.24,0.00,STATISTIKPORTAL_INTEGRATED_2023_T1
2023,01,01058,municipality,010585864065,01058065,matched,Groß Vollstedt,amtsangehörige Gemeinde,1003,740625.24,738.41,673814.00,66811.24,0.00,STATISTIKPORTAL_INTEGRATED_2023_T1
2023,01,01058,municipality,010585864091,01058091,matched,Krogaspe,amtsangehörige Gemeinde,444,66811.24,150.48,0.00,66811.24,0.00,STATISTIKPORTAL_INTEGRATED_2023_T1
2023,01,01058,municipality,010585864094,01058094,matched,Langwedel,amtsangehörige Gemeinde,1562,788617.48,504.88,654995.00,133622.48,0.00,STATISTIKPORTAL_INTEGRATED_2023_T1
2023,01,01058,municipality,010585864117,01058117,matched,"Nortorf, Stadt",amtsangehörige Gemeinde,7095,14313342.68,2017.38,827629.00,467678.68,13018035.00,STATISTIKPORTAL_INTEGRATED_2023_T1
2023,01,01058,municipality,010585864120,01058120,matched,Oldenhütten,amtsangehörige Gemeinde,154,131386.24,853.16,64575.00,66811.24,0.00,STATISTIKPORTAL_INTEGRATED_2023_T1
2023,01,01058,municipality,010585864147,01058147,matched,Schülp bei Nortorf,amtsangehörige Gemeinde,778,66811.24,85.88,0.00,66811.24,0.00,STATISTIKPORTAL_INTEGRATED_2023_T1
2023,01,01058,municipality,010585864163,01058163,matched,Timmaspe,amtsangehörige Gemeinde,1072,84502.24,78.83,17691.00,66811.24,0.00,STATISTIKPORTAL_INTEGRATED_2023_T1
2023,01,01058,municipality,010585864168,01058168,matched,Warder,amtsangehörige Gemeinde,694,66811.24,96.27,0.00,66811.24,0.00,STATISTIKPORTAL_INTEGRATED_2023_T1
2023,01,01058,joint_administration,010585888,,not_applicable,Amtsverwaltung Eiderkanal,Amtsverwaltung,13044,10420839.37,798.90,0.00,10420839.37,0.00,STATISTIKPORTAL_INTEGRATED_2023_T1
2023,01,01058,municipality,010585888026,01058026,matched,Bovenau,amtsangehörige Gemeinde,1126,325876.08,289.41,0.00,325876.08,0.00,STATISTIKPORTAL_INTEGRATED_2023_T1
2023,01,01058,municipality,010585888073,01058073,matched,Haßmoor,amtsangehörige Gemeinde,254,325876.08,1282.98,0.00,325876.08,0.00,STATISTIKPORTAL_INTEGRATED_2023_T1
2023,01,01058,municipality,010585888122,01058122,matched,Ostenfeld (Rendsburg),amtsangehörige Gemeinde,600,382127.21,636.88,0.00,325876.08,56251.13,STATISTIKPORTAL_INTEGRATED_2023_T1
2023,01,01058,municipality,010585888124,01058124,matched,Osterrönfeld,amtsangehörige Gemeinde,5170,3046382.99,589.24,0.00,2933880.74,112502.25,STATISTIKPORTAL_INTEGRATED_2023_T1
2023,01,01058,municipality,010585888132,01058132,matched,Rade bei Rendsburg,amtsangehörige Gemeinde,216,325840.23,1508.52,0.00,325840.23,0.00,STATISTIKPORTAL_INTEGRATED_2023_T1
2023,01,01058,municipality,010585888140,01058140,matched,Schacht-Audorf,amtsangehörige Gemeinde,4944,1552896.23,314.10,75268.00,977628.23,500000.00,STATISTIKPORTAL_INTEGRATED_2023_T1
2023,01,01058,municipality,010585888146,01058146,matched,Schülldorf,amtsangehörige Gemeinde,734,564620.21,769.24,182493.00,325876.08,56251.13,STATISTIKPORTAL_INTEGRATED_2023_T1
2023,01,01058,joint_administration,010585889,,not_applicable,Amtsverwaltung Bordesholm,Amtsverwaltung,14845,125622.17,8.46,97219.00,28403.17,0.00,STATISTIKPORTAL_INTEGRATED_2023_T1
2023,01,01058,municipality,010585889016,01058016,matched,Bissee,amtsangehörige Gemeinde,166,528309.20,3182.59,112500.00,129543.29,286265.91,STATISTIKPORTAL_INTEGRATED_2023_T1
2023,01,01058,municipality,010585889022,01058022,matched,Bordesholm,amtsangehörige Gemeinde,7838,23332248.07,2976.81,3387500.00,1554651.57,18390096.50,STATISTIKPORTAL_INTEGRATED_2023_T1
2023,01,01058,municipality,010585889033,01058033,matched,Brügge,amtsangehörige Gemeinde,1162,844667.29,726.91,299614.00,259130.62,285922.67,STATISTIKPORTAL_INTEGRATED_2023_T1
2023,01,01058,municipality,010585889063,01058063,matched,Grevenkrug,amtsangehörige Gemeinde,224,289958.05,1294.46,0.00,129543.29,160414.76,STATISTIKPORTAL_INTEGRATED_2023_T1
2023,01,01058,municipality,010585889064,01058064,matched,Groß Buchwald,amtsangehörige Gemeinde,365,129543.29,354.91,0.00,129543.29,0.00,STATISTIKPORTAL_INTEGRATED_2023_T1
2023,01,01058,municipality,010585889076,01058076,matched,Hoffeld,amtsangehörige Gemeinde,182,289958.05,1593.18,0.00,129543.29,160414.76,STATISTIKPORTAL_INTEGRATED_2023_T1
2023,01,01058,municipality,010585889098,01058098,matched,Loop,amtsangehörige Gemeinde,192,272043.29,1416.89,142500.00,129543.29,0.00,STATISTIKPORTAL_INTEGRATED_2023_T1
2023,01,01058,municipality,010585889108,01058108,matched,Mühbrook,amtsangehörige Gemeinde,554,429136.05,774.61,139178.00,129543.29,160414.76,STATISTIKPORTAL_INTEGRATED_2023_T1
2023,01,01058,municipality,010585889109,01058109,matched,Negenharrie,amtsangehörige Gemeinde,374,129543.29,346.37,0.00,129543.29,0.00,STATISTIKPORTAL_INTEGRATED_2023_T1
2023,01,01058,municipality,010585889133,01058133,matched,Reesdorf,amtsangehörige Gemeinde,159,695795.96,4376.08,280330.00,129543.29,285922.67,STATISTIKPORTAL_INTEGRATED_2023_T1
2023,01,01058,municipality,010585889143,01058143,matched,Schmalstede,amtsangehörige Gemeinde,299,297458.05,994.84,7500.00,129543.29,160414.76,STATISTIKPORTAL_INTEGRATED_2023_T1
2023,01,01058,municipality,010585889144,01058144,matched,Schönbek,amtsangehörige Gemeinde,220,394958.05,1795.26,105000.00,129543.29,160414.76,STATISTIKPORTAL_INTEGRATED_2023_T1
2023,01,01058,municipality,010585889153,01058153,matched,Sören,amtsangehörige Gemeinde,196,357458.05,1823.77,67500.00,129543.29,160414.76,STATISTIKPORTAL_INTEGRATED_2023_T1
2023,01,01058,municipality,010585889170,01058170,matched,Wattenbek,amtsangehörige Gemeinde,2914,2165907.01,743.28,530492.00,777303.76,858111.25,STATISTIKPORTAL_INTEGRATED_2023_T1
2023,01,01058,joint_administration,010585890,,not_applicable,Amtsverwaltung Hüttener Berge,Amtsverwaltung,15354,9527841.26,620.54,2760992.00,6766849.26,0.00,STATISTIKPORTAL_INTEGRATED_2023_T1
2023,01,01058,municipality,010585890008,01058008,matched,Ascheffel,amtsangehörige Gemeinde,1052,474198.43,450.76,471212.00,2986.43,0.00,STATISTIKPORTAL_INTEGRATED_2023_T1
2023,01,01058,municipality,010585890024,01058024,matched,Borgstedt,amtsangehörige Gemeinde,1825,2280573.94,1249.63,0.00,780573.94,1500000.00,STATISTIKPORTAL_INTEGRATED_2023_T1
2023,01,01058,municipality,010585890030,01058030,matched,Brekendorf,amtsangehörige Gemeinde,1020,1476190.43,1447.25,1473204.00,2986.43,0.00,STATISTIKPORTAL_INTEGRATED_2023_T1
2023,01,01058,municipality,010585890035,01058035,matched,Bünsdorf,amtsangehörige Gemeinde,621,371527.51,598.27,111344.00,260183.51,0.00,STATISTIKPORTAL_INTEGRATED_2023_T1
2023,01,01058,municipality,010585890039,01058039,matched,Damendorf,amtsangehörige Gemeinde,477,415851.64,871.81,412867.00,2984.64,0.00,STATISTIKPORTAL_INTEGRATED_2023_T1
2023,01,01058,municipality,010585890066,01058066,matched,Groß Wittensee,amtsangehörige Gemeinde,1355,3165177.00,2335.92,3165177.00,0.00,0.00,STATISTIKPORTAL_INTEGRATED_2023_T1
2023,01,01058,municipality,010585890069,01058069,matched,Haby,amtsangehörige Gemeinde,576,503761.00,874.59,503761.00,0.00,0.00,STATISTIKPORTAL_INTEGRATED_2023_T1
2023,01,01058,municipality,010585890080,01058080,matched,Holtsee,amtsangehörige Gemeinde,1299,1594690.97,1227.63,1594115.00,0.00,575.97,STATISTIKPORTAL_INTEGRATED_2023_T1
2023,01,01058,municipality,010585890081,01058081,matched,Holzbunge,amtsangehörige Gemeinde,353,351665.51,996.22,91482.00,260183.51,0.00,STATISTIKPORTAL_INTEGRATED_2023_T1
2023,01,01058,municipality,010585890083,01058083,matched,Hütten,amtsangehörige Gemeinde,226,2984.64,13.21,0.00,2984.64,0.00,STATISTIKPORTAL_INTEGRATED_2023_T1
2023,01,01058,municipality,010585890088,01058088,matched,Klein Wittensee,amtsangehörige Gemeinde,213,260183.51,1221.52,0.00,260183.51,0.00,STATISTIKPORTAL_INTEGRATED_2023_T1
2023,01,01058,municipality,010585890111,01058111,matched,Neu Duvenstedt,amtsangehörige Gemeinde,128,260183.51,2032.68,0.00,260183.51,0.00,STATISTIKPORTAL_INTEGRATED_2023_T1
2023,01,01058,municipality,010585890123,01058123,matched,Osterby,amtsangehörige Gemeinde,1083,887734.43,819.70,884748.00,2986.43,0.00,STATISTIKPORTAL_INTEGRATED_2023_T1
2023,01,01058,municipality,010585890127,01058127,matched,Owschlag,amtsangehörige Gemeinde,3783,3309053.00,874.72,3309053.00,0.00,0.00,STATISTIKPORTAL_INTEGRATED_2023_T1
2023,01,01058,municipality,010585890152,01058152,matched,Sehestedt,amtsangehörige Gemeinde,821,878872.02,1070.49,358505.00,520367.02,0.00,STATISTIKPORTAL_INTEGRATED_2023_T1
2023,01,01058,municipality,010585890175,01058175,matched,Ahlefeld-Bistensee,amtsangehörige Gemeinde,522,614471.43,1177.15,611485.00,2986.43,0.00,STATISTIKPORTAL_INTEGRATED_2023_T1
2023,01,01058,joint_administration,010585893,,not_applicable,Amtsverwaltung Schlei-Ostsee,Amtsverwaltung,19221,1402403.17,72.96,1374000.00,28403.17,0.00,STATISTIKPORTAL_INTEGRATED_2023_T1
2023,01,01058,municipality,010585893004,01058004,matched,Altenhof,amtsangehörige Gemeinde,332,1071012.30,3225.94,0.00,0.00,1071012.30,STATISTIKPORTAL_INTEGRATED_2023_T1
2023,01,01058,municipality,010585893012,01058012,matched,Barkelsby,amtsangehörige Gemeinde,1567,1028390.19,656.28,0.00,0.00,1028390.19,STATISTIKPORTAL_INTEGRATED_2023_T1
2023,01,01058,municipality,010585893032,01058032,matched,Brodersby,amtsangehörige Gemeinde,678,3299972.32,4867.22,1099950.00,1168632.13,1031390.19,STATISTIKPORTAL_INTEGRATED_2023_T1
2023,01,01058,municipality,010585893040,01058040,matched,Damp,amtsangehörige Gemeinde,1576,19529938.05,12392.09,9847522.00,0.00,9682416.05,STATISTIKPORTAL_INTEGRATED_2023_T1
2023,01,01058,municipality,010585893042,01058042,matched,Dörphof,amtsangehörige Gemeinde,758,4264020.03,5625.36,1938197.00,1294432.84,1031390.19,STATISTIKPORTAL_INTEGRATED_2023_T1
2023,01,01058,municipality,010585893052,01058052,matched,Fleckeby,amtsangehörige Gemeinde,2119,3564600.26,1682.21,784321.00,723498.88,2056780.38,STATISTIKPORTAL_INTEGRATED_2023_T1
2023,01,01058,municipality,010585893057,01058057,matched,Gammelby,amtsangehörige Gemeinde,492,1318015.19,2678.89,289625.00,0.00,1028390.19,STATISTIKPORTAL_INTEGRATED_2023_T1
2023,01,01058,municipality,010585893067,01058067,matched,Güby,amtsangehörige Gemeinde,765,1856271.70,2426.50,0.00,434180.37,1422091.33,STATISTIKPORTAL_INTEGRATED_2023_T1
2023,01,01058,municipality,010585893082,01058082,matched,Holzdorf,amtsangehörige Gemeinde,829,1527490.19,1842.57,499100.00,0.00,1028390.19,STATISTIKPORTAL_INTEGRATED_2023_T1
2023,01,01058,municipality,010585893084,01058084,matched,Hummelfeld,amtsangehörige Gemeinde,280,2017072.31,7203.83,699161.00,289521.12,1028390.19,STATISTIKPORTAL_INTEGRATED_2023_T1
2023,01,01058,municipality,010585893087,01058087,matched,Karby,amtsangehörige Gemeinde,581,2824321.03,4861.14,498498.00,1294432.84,1031390.19,STATISTIKPORTAL_INTEGRATED_2023_T1
2023,01,01058,municipality,010585893090,01058090,matched,Kosel,amtsangehörige Gemeinde,1418,1607229.82,1133.45,0.00,578839.63,1028390.19,STATISTIKPORTAL_INTEGRATED_2023_T1
2023,01,01058,municipality,010585893099,01058099,matched,Loose,amtsangehörige Gemeinde,861,3037590.19,3527.98,2009200.00,0.00,1028390.19,STATISTIKPORTAL_INTEGRATED_2023_T1
2023,01,01058,municipality,010585893102,01058102,matched,Goosefeld,amtsangehörige Gemeinde,720,1028390.19,1428.32,0.00,0.00,1028390.19,STATISTIKPORTAL_INTEGRATED_2023_T1
2023,01,01058,municipality,010585893137,01058137,matched,Rieseby,amtsangehörige Gemeinde,2834,10385540.38,3664.62,8328760.00,0.00,2056780.38,STATISTIKPORTAL_INTEGRATED_2023_T1
2023,01,01058,municipality,010585893162,01058162,matched,Thumby,amtsangehörige Gemeinde,395,1154190.90,2922.00,0.00,125800.71,1028390.19,STATISTIKPORTAL_INTEGRATED_2023_T1
2023,01,01058,municipality,010585893166,01058166,matched,Waabs,amtsangehörige Gemeinde,1452,2442790.19,1682.36,1414400.00,0.00,1028390.19,STATISTIKPORTAL_INTEGRATED_2023_T1
2023,01,01058,municipality,010585893173,01058173,matched,Windeby,amtsangehörige Gemeinde,1024,1288308.19,1258.11,259918.00,0.00,1028390.19,STATISTIKPORTAL_INTEGRATED_2023_T1
2023,01,01058,municipality,010585893174,01058174,matched,Winnemark,amtsangehörige Gemeinde,540,3025823.03,5603.38,700000.00,1294432.84,1031390.19,STATISTIKPORTAL_INTEGRATED_2023_T1
2023,01,01058,joint_administration,010585895,,not_applicable,Amtsverwaltung Mittelholstein,Amtsverwaltung,24464,11479349.37,469.23,1058510.00,10420839.37,0.00,STATISTIKPORTAL_INTEGRATED_2023_T1
2023,01,01058,municipality,010585895007,01058007,matched,Arpsdorf,amtsangehörige Gemeinde,301,496809.46,1650.53,463556.00,17047.66,16205.80,STATISTIKPORTAL_INTEGRATED_2023_T1
2023,01,01058,municipality,010585895009,01058009,matched,Aukrug,amtsangehörige Gemeinde,3935,8143888.06,2069.60,4801332.00,185.56,3342370.50,STATISTIKPORTAL_INTEGRATED_2023_T1
2023,01,01058,municipality,010585895013,01058013,matched,Beldorf,amtsangehörige Gemeinde,275,579418.91,2106.98,562132.00,17286.91,0.00,STATISTIKPORTAL_INTEGRATED_2023_T1
2023,01,01058,municipality,010585895014,01058014,matched,Bendorf,amtsangehörige Gemeinde,442,17286.91,39.11,0.00,17286.91,0.00,STATISTIKPORTAL_INTEGRATED_2023_T1
2023,01,01058,municipality,010585895015,01058015,matched,Beringstedt,amtsangehörige Gemeinde,746,920130.91,1233.42,902844.00,17286.91,0.00,STATISTIKPORTAL_INTEGRATED_2023_T1
2023,01,01058,municipality,010585895025,01058025,matched,Bornholt,amtsangehörige Gemeinde,171,117286.91,685.89,100000.00,17286.91,0.00,STATISTIKPORTAL_INTEGRATED_2023_T1
2023,01,01058,municipality,010585895044,01058044,matched,Ehndorf,amtsangehörige Gemeinde,585,64170.87,109.69,0.00,31759.29,32411.58,STATISTIKPORTAL_INTEGRATED_2023_T1
2023,01,01058,municipality,010585895061,01058061,matched,Gokels,amtsangehörige Gemeinde,585,806844.27,1379.22,621124.00,17286.91,168433.36,STATISTIKPORTAL_INTEGRATED_2023_T1
2023,01,01058,municipality,010585895062,01058062,matched,Grauel,amtsangehörige Gemeinde,272,674061.04,2478.17,312774.00,345081.24,16205.80,STATISTIKPORTAL_INTEGRATED_2023_T1
2023,01,01058,municipality,010585895072,01058072,matched,Hanerau-Hademarschen,amtsangehörige Gemeinde,3059,3452373.17,1128.60,3179640.00,17345.71,255387.46,STATISTIKPORTAL_INTEGRATED_2023_T1
2023,01,01058,municipality,010585895074,01058074,matched,Heinkenborstel,amtsangehörige Gemeinde,142,717798.04,5054.92,356511.00,345081.24,16205.80,STATISTIKPORTAL_INTEGRATED_2023_T1
2023,01,01058,municipality,010585895077,01058077,matched,Hohenwestedt,amtsangehörige Gemeinde,5409,27380886.68,5062.10,5140371.00,6211315.16,16029200.52,STATISTIKPORTAL_INTEGRATED_2023_T1
2023,01,01058,municipality,010585895085,01058085,matched,Jahrsdorf,amtsangehörige Gemeinde,226,722587.04,3197.29,361300.00,345081.24,16205.80,STATISTIKPORTAL_INTEGRATED_2023_T1
2023,01,01058,municipality,010585895100,01058100,matched,Lütjenwestedt,amtsangehörige Gemeinde,551,810196.91,1470.41,792910.00,17286.91,0.00,STATISTIKPORTAL_INTEGRATED_2023_T1
2023,01,01058,municipality,010585895103,01058103,matched,Meezen,amtsangehörige Gemeinde,349,932187.04,2671.02,570900.00,345081.24,16205.80,STATISTIKPORTAL_INTEGRATED_2023_T1
2023,01,01058,municipality,010585895106,01058106,matched,Mörel,amtsangehörige Gemeinde,249,702467.04,2821.15,341180.00,345081.24,16205.80,STATISTIKPORTAL_INTEGRATED_2023_T1
2023,01,01058,municipality,010585895113,01058113,matched,Nienborstel,amtsangehörige Gemeinde,590,744398.41,1261.69,694669.00,17317.83,32411.58,STATISTIKPORTAL_INTEGRATED_2023_T1
2023,01,01058,municipality,010585895115,01058115,matched,Nindorf,amtsangehörige Gemeinde,636,2030292.03,3192.28,1307718.00,690162.45,32411.58,STATISTIKPORTAL_INTEGRATED_2023_T1
2023,01,01058,municipality,010585895119,01058119,matched,Oldenbüttel,amtsangehörige Gemeinde,267,921890.10,3452.77,650745.00,17286.91,253858.19,STATISTIKPORTAL_INTEGRATED_2023_T1
2023,01,01058,municipality,010585895125,01058125,matched,Osterstedt,amtsangehörige Gemeinde,676,2121607.41,3138.47,2071878.00,17317.83,32411.58,STATISTIKPORTAL_INTEGRATED_2023_T1
2023,01,01058,municipality,010585895128,01058128,matched,Padenstedt,amtsangehörige Gemeinde,1831,682452.36,372.72,518991.00,66226.65,97234.71,STATISTIKPORTAL_INTEGRATED_2023_T1
2023,01,01058,municipality,010585895131,01058131,matched,Rade bei Hohenwestedt,amtsangehörige Gemeinde,99,361287.04,3649.36,0.00,345081.24,16205.80,STATISTIKPORTAL_INTEGRATED_2023_T1
2023,01,01058,municipality,010585895134,01058134,matched,Remmels,amtsangehörige Gemeinde,439,820970.04,1870.09,459683.00,345081.24,16205.80,STATISTIKPORTAL_INTEGRATED_2023_T1
2023,01,01058,municipality,010585895151,01058151,matched,Seefeld,amtsangehörige Gemeinde,349,425952.91,1220.50,408666.00,17286.91,0.00,STATISTIKPORTAL_INTEGRATED_2023_T1
2023,01,01058,municipality,010585895156,01058156,matched,Steenfeld,amtsangehörige Gemeinde,331,665972.10,2012.00,394827.00,17286.91,253858.19,STATISTIKPORTAL_INTEGRATED_2023_T1
2023,01,01058,municipality,010585895158,01058158,matched,Tackesdorf,amtsangehörige Gemeinde,65,314046.51,4831.48,212000.00,17286.91,84759.60,STATISTIKPORTAL_INTEGRATED_2023_T1
2023,01,01058,municipality,010585895159,01058159,matched,Tappendorf,amtsangehörige Gemeinde,323,958213.04,2966.60,596926.00,345081.24,16205.80,STATISTIKPORTAL_INTEGRATED_2023_T1
2023,01,01058,municipality,010585895161,01058161,matched,Thaden,amtsangehörige Gemeinde,235,708733.10,3015.89,437588.00,17286.91,253858.19,STATISTIKPORTAL_INTEGRATED_2023_T1
2023,01,01058,municipality,010585895164,01058164,matched,Todenbüttel,amtsangehörige Gemeinde,1000,2654451.49,2654.45,2588442.00,17392.10,48617.39,STATISTIKPORTAL_INTEGRATED_2023_T1
2023,01,01058,municipality,010585895167,01058167,matched,Wapelfeld,amtsangehörige Gemeinde,326,803491.04,2464.70,442204.00,345081.24,16205.80,STATISTIKPORTAL_INTEGRATED_2023_T1
2023,01,01058,joint_administration,010585896,,not_applicable,Amtsverwaltung Eidertal,Amtsverwaltung,17130,0.00,0.00,0.00,0.00,0.00,STATISTIKPORTAL_INTEGRATED_2023_T1
2023,01,01058,municipality,010585896018,01058018,matched,Blumenthal,amtsangehörige Gemeinde,677,3397166.38,5017.97,2977621.00,259130.62,160414.76,STATISTIKPORTAL_INTEGRATED_2023_T1
2023,01,01058,municipality,010585896019,01058019,matched,Böhnhusen,amtsangehörige Gemeinde,292,540664.00,1851.59,540664.00,0.00,0.00,STATISTIKPORTAL_INTEGRATED_2023_T1
2023,01,01058,municipality,010585896053,01058053,matched,Flintbek,amtsangehörige Gemeinde,7542,13190165.47,1748.89,13161264.00,28901.47,0.00,STATISTIKPORTAL_INTEGRATED_2023_T1
2023,01,01058,municipality,010585896105,01058105,matched,Mielkendorf,amtsangehörige Gemeinde,1389,4511425.59,3247.97,4269261.00,0.00,242164.59,STATISTIKPORTAL_INTEGRATED_2023_T1
2023,01,01058,municipality,010585896107,01058107,matched,Molfsee,amtsangehörige Gemeinde,5049,1596415.49,316.18,1380859.00,215556.49,0.00,STATISTIKPORTAL_INTEGRATED_2023_T1
2023,01,01058,municipality,010585896138,01058138,matched,Rodenbek,amtsangehörige Gemeinde,480,363595.76,757.49,203181.00,0.00,160414.76,STATISTIKPORTAL_INTEGRATED_2023_T1
2023,01,01058,municipality,010585896139,01058139,matched,Rumohr,amtsangehörige Gemeinde,848,1944664.59,2293.24,1702500.00,0.00,242164.59,STATISTIKPORTAL_INTEGRATED_2023_T1
2023,01,01058,municipality,010585896141,01058141,matched,Schierensee,amtsangehörige Gemeinde,375,974400.76,2598.40,813986.00,0.00,160414.76,STATISTIKPORTAL_INTEGRATED_2023_T1
2023,01,01058,municipality,010585896145,01058145,matched,Schönhorst,amtsangehörige Gemeinde,326,529278.00,1623.55,529278.00,0.00,0.00,STATISTIKPORTAL_INTEGRATED_2023_T1
2023,01,01058,municipality,010585896160,01058160,matched,Techelsdorf,amtsangehörige Gemeinde,152,201619.00,1326.44,201619.00,0.00,0.00,STATISTIKPORTAL_INTEGRATED_2023_T1
2023,01,01059,county_administration,01059,,not_applicable,Kreisverwaltung Schleswig-Flensburg,Kreisverwaltung,205996,43237336.86,209.89,9140500.00,8691233.42,25405603.44,STATISTIKPORTAL_INTEGRATED_2023_T1
2023,01,01059,municipality,010590045045,01059045,matched,"Kappeln, Stadt",amtsfreie Gemeinde,8638,21465193.29,2484.97,5557469.00,8368303.19,7539421.10,STATISTIKPORTAL_INTEGRATED_2023_T1
2023,01,01059,municipality,010590075075,01059075,matched,"Schleswig, Stadt",amtsfreie Gemeinde,25779,105168073.00,4079.60,42550694.00,3354157.87,59263221.13,STATISTIKPORTAL_INTEGRATED_2023_T1
2023,01,01059,municipality,010590113113,01059113,matched,"Glücksburg (Ostsee), Stadt",amtsfreie Gemeinde,6363,16866598.07,2650.73,15363797.00,66954.17,1435846.90,STATISTIKPORTAL_INTEGRATED_2023_T1
2023,01,01059,municipality,010590120120,01059120,matched,Harrislee,amtsfreie Gemeinde,11756,11607071.06,987.33,5046900.00,275944.47,6284226.59,STATISTIKPORTAL_INTEGRATED_2023_T1
2023,01,01059,municipality,010590183183,01059183,matched,Handewitt,amtsfreie Gemeinde,11335,20689461.67,1825.27,14509463.00,349387.03,5830611.64,STATISTIKPORTAL_INTEGRATED_2023_T1
2023,01,01059,joint_administration,010595912,,not_applicable,Amtsverwaltung Eggebek,Amtsverwaltung,9364,7814588.20,834.54,7739860.00,74728.20,0.00,STATISTIKPORTAL_INTEGRATED_2023_T1
2023,01,01059,municipality,010595912107,01059107,matched,Eggebek,amtsangehörige Gemeinde,2609,7712536.64,2956.13,5037019.00,0.00,2675517.64,STATISTIKPORTAL_INTEGRATED_2023_T1
2023,01,01059,municipality,010595912128,01059128,matched,Janneby,amtsangehörige Gemeinde,411,1305220.46,3175.72,310627.00,0.00,994593.46,STATISTIKPORTAL_INTEGRATED_2023_T1
2023,01,01059,municipality,010595912131,01059131,matched,Jerrishoe,amtsangehörige Gemeinde,1019,2120625.59,2081.08,781676.00,0.00,1338949.59,STATISTIKPORTAL_INTEGRATED_2023_T1
2023,01,01059,municipality,010595912132,01059132,matched,Jörl,amtsangehörige Gemeinde,795,2840631.17,3573.12,1496590.00,0.00,1344041.17,STATISTIKPORTAL_INTEGRATED_2023_T1
2023,01,01059,municipality,010595912138,01059138,matched,Langstedt,amtsangehörige Gemeinde,1032,3170230.28,3071.93,1709719.00,0.00,1460511.28,STATISTIKPORTAL_INTEGRATED_2023_T1
2023,01,01059,municipality,010595912162,01059162,matched,Sollerup,amtsangehörige Gemeinde,470,1960103.08,4170.43,735600.00,0.00,1224503.08,STATISTIKPORTAL_INTEGRATED_2023_T1
2023,01,01059,municipality,010595912169,01059169,matched,Süderhackstedt,amtsangehörige Gemeinde,351,1038061.34,2957.44,195815.00,0.00,842246.34,STATISTIKPORTAL_INTEGRATED_2023_T1
2023,01,01059,municipality,010595912174,01059174,matched,Wanderup,amtsangehörige Gemeinde,2677,5478755.73,2046.60,2397168.00,0.00,3081587.73,STATISTIKPORTAL_INTEGRATED_2023_T1
2023,01,01059,joint_administration,010595915,,not_applicable,Amtsverwaltung Haddeby,Amtsverwaltung,9051,7118743.03,786.51,7048151.00,70592.03,0.00,STATISTIKPORTAL_INTEGRATED_2023_T1
2023,01,01059,municipality,010595915012,01059012,matched,Borgwedel,amtsangehörige Gemeinde,751,1978632.62,2634.66,690721.00,32250.33,1255661.29,STATISTIKPORTAL_INTEGRATED_2023_T1
2023,01,01059,municipality,010595915018,01059018,matched,Busdorf,amtsangehörige Gemeinde,2075,4202157.54,2025.14,2741946.00,54825.56,1405385.98,STATISTIKPORTAL_INTEGRATED_2023_T1
2023,01,01059,municipality,010595915019,01059019,matched,Dannewerk,amtsangehörige Gemeinde,1135,1987865.76,1751.42,211736.00,51600.53,1724529.23,STATISTIKPORTAL_INTEGRATED_2023_T1
2023,01,01059,municipality,010595915026,01059026,matched,Fahrdorf,amtsangehörige Gemeinde,2650,5294253.74,1997.83,3814692.00,74175.76,1405385.98,STATISTIKPORTAL_INTEGRATED_2023_T1
2023,01,01059,municipality,010595915032,01059032,matched,Geltorf,amtsangehörige Gemeinde,370,884535.39,2390.64,0.00,22575.23,861960.16,STATISTIKPORTAL_INTEGRATED_2023_T1
2023,01,01059,municipality,010595915043,01059043,matched,Jagel,amtsangehörige Gemeinde,988,2655661.29,2687.92,1400000.00,0.00,1255661.29,STATISTIKPORTAL_INTEGRATED_2023_T1
2023,01,01059,municipality,010595915056,01059056,matched,Lottorf,amtsangehörige Gemeinde,238,878085.32,3689.43,0.00,16125.16,861960.16,STATISTIKPORTAL_INTEGRATED_2023_T1
2023,01,01059,municipality,010595915078,01059078,matched,Selk,amtsangehörige Gemeinde,844,1417130.65,1679.06,125994.00,35475.36,1255661.29,STATISTIKPORTAL_INTEGRATED_2023_T1
2023,01,01059,joint_administration,010595919,,not_applicable,Amtsverwaltung Hürup,Amtsverwaltung,8801,337424.13,38.34,78109.00,259315.13,0.00,STATISTIKPORTAL_INTEGRATED_2023_T1
2023,01,01059,municipality,010595919103,01059103,matched,Ausacker,amtsangehörige Gemeinde,523,2165698.99,4140.92,0.00,1972161.94,193537.05,STATISTIKPORTAL_INTEGRATED_2023_T1
2023,01,01059,municipality,010595919116,01059116,matched,Großsolt,amtsangehörige Gemeinde,1800,4356276.70,2420.15,1340515.00,2213637.71,802123.99,STATISTIKPORTAL_INTEGRATED_2023_T1
2023,01,01059,municipality,010595919126,01059126,matched,Hürup,amtsangehörige Gemeinde,2410,11206346.23,4649.94,5493938.00,4427855.89,1284552.34,STATISTIKPORTAL_INTEGRATED_2023_T1
2023,01,01059,municipality,010595919127,01059127,matched,Husby,amtsangehörige Gemeinde,2427,8971489.81,3696.53,3308981.00,4185799.65,1476709.16,STATISTIKPORTAL_INTEGRATED_2023_T1
2023,01,01059,municipality,010595919182,01059182,matched,Freienwill,amtsangehörige Gemeinde,1641,5052832.01,3079.12,2203027.00,2213637.71,636167.30,STATISTIKPORTAL_INTEGRATED_2023_T1
2023,01,01059,joint_administration,010595920,,not_applicable,Amtsverwaltung Kappeln-Land,Amtsverwaltung,1406,11994.87,8.53,0.00,11994.87,0.00,STATISTIKPORTAL_INTEGRATED_2023_T1
2023,01,01059,municipality,010595920002,01059002,matched,"Arnis, Stadt",amtsangehörige Gemeinde,259,1113957.84,4301.00,0.00,1113957.84,0.00,STATISTIKPORTAL_INTEGRATED_2023_T1
2023,01,01059,municipality,010595920034,01059034,matched,Grödersby,amtsangehörige Gemeinde,228,2488450.03,10914.25,346102.00,1113957.84,1028390.19,STATISTIKPORTAL_INTEGRATED_2023_T1
2023,01,01059,municipality,010595920067,01059067,matched,Oersberg,amtsangehörige Gemeinde,305,2569257.50,8423.80,404861.00,1113957.84,1050438.66,STATISTIKPORTAL_INTEGRATED_2023_T1
2023,01,01059,municipality,010595920068,01059068,matched,Rabenkirchen-Faulück,amtsangehörige Gemeinde,614,2780708.60,4528.84,637250.00,1113957.84,1029500.76,STATISTIKPORTAL_INTEGRATED_2023_T1
2023,01,01059,joint_administration,010595937,,not_applicable,Amtsverwaltung Langballig,Amtsverwaltung,8405,760387.51,90.47,506863.00,253524.51,0.00,STATISTIKPORTAL_INTEGRATED_2023_T1
2023,01,01059,municipality,010595937106,01059106,matched,Dollerup,amtsangehörige Gemeinde,1026,3251947.28,3169.54,783487.00,1730105.70,738354.58,STATISTIKPORTAL_INTEGRATED_2023_T1
2023,01,01059,municipality,010595937118,01059118,matched,Grundhof,amtsangehörige Gemeinde,906,2468460.28,2724.57,0.00,1730105.70,738354.58,STATISTIKPORTAL_INTEGRATED_2023_T1
2023,01,01059,municipality,010595937137,01059137,matched,Langballig,amtsangehörige Gemeinde,1589,2932901.57,1845.75,95264.00,1730105.70,1107531.87,STATISTIKPORTAL_INTEGRATED_2023_T1
2023,01,01059,municipality,010595937145,01059145,matched,Munkbrarup,amtsangehörige Gemeinde,1181,2468460.28,2090.14,0.00,1730105.70,738354.58,STATISTIKPORTAL_INTEGRATED_2023_T1
2023,01,01059,municipality,010595937157,01059157,matched,Ringsberg,amtsangehörige Gemeinde,557,2099282.99,3768.91,0.00,1730105.70,369177.29,STATISTIKPORTAL_INTEGRATED_2023_T1
2023,01,01059,municipality,010595937176,01059176,matched,Wees,amtsangehörige Gemeinde,2399,7158965.56,2984.15,1111592.00,3460211.40,2587162.16,STATISTIKPORTAL_INTEGRATED_2023_T1
2023,01,01059,municipality,010595937178,01059178,matched,Westerholz,amtsangehörige Gemeinde,747,2621969.28,3510.00,153509.00,1730105.70,738354.58,STATISTIKPORTAL_INTEGRATED_2023_T1
2023,01,01059,joint_administration,010595940,,not_applicable,Amtsverwaltung Oeversee,Amtsverwaltung,11421,279191.99,24.45,194537.00,84654.99,0.00,STATISTIKPORTAL_INTEGRATED_2023_T1
2023,01,01059,municipality,010595940159,01059159,matched,Sieverstedt,amtsangehörige Gemeinde,1666,3525697.58,2116.27,2452511.00,0.00,1073186.58,STATISTIKPORTAL_INTEGRATED_2023_T1
2023,01,01059,municipality,010595940171,01059171,matched,Tarp,amtsangehörige Gemeinde,6097,6616811.13,1085.26,4951708.00,0.00,1665103.13,STATISTIKPORTAL_INTEGRATED_2023_T1
2023,01,01059,municipality,010595940184,01059184,matched,Oeversee,amtsangehörige Gemeinde,3658,5959474.55,1629.16,4283312.00,0.00,1676162.55,STATISTIKPORTAL_INTEGRATED_2023_T1
2023,01,01059,joint_administration,010595949,,not_applicable,Amtsverwaltung Mittelangeln,Amtsverwaltung,10141,426985.50,42.10,209032.00,217953.50,0.00,STATISTIKPORTAL_INTEGRATED_2023_T1
2023,01,01059,municipality,010595949076,01059076,matched,Schnarup-Thumby,amtsangehörige Gemeinde,540,1156714.62,2142.06,433598.00,242056.24,481060.38,STATISTIKPORTAL_INTEGRATED_2023_T1
2023,01,01059,municipality,010595949161,01059161,matched,Sörup,amtsangehörige Gemeinde,4216,19729306.09,4679.63,10238510.00,1231455.54,8259340.55,STATISTIKPORTAL_INTEGRATED_2023_T1
2023,01,01059,municipality,010595949185,01059185,matched,Mittelangeln,amtsangehörige Gemeinde,5385,15373237.72,2854.83,5886771.00,1476407.09,8010059.63,STATISTIKPORTAL_INTEGRATED_2023_T1
2023,01,01059,joint_administration,010595952,,not_applicable,Amtsverwaltung Schafflund,Amtsverwaltung,13453,516333.15,38.38,427542.00,88791.15,0.00,STATISTIKPORTAL_INTEGRATED_2023_T1
2023,01,01059,municipality,010595952105,01059105,matched,Böxlund,amtsangehörige Gemeinde,126,356295.21,2827.74,0.00,256721.20,99574.01,STATISTIKPORTAL_INTEGRATED_2023_T1
2023,01,01059,municipality,010595952115,01059115,matched,Großenwiehe,amtsangehörige Gemeinde,3309,4416622.96,1334.73,3011523.00,0.00,1405099.96,STATISTIKPORTAL_INTEGRATED_2023_T1
2023,01,01059,municipality,010595952123,01059123,matched,Hörup,amtsangehörige Gemeinde,617,652852.45,1058.11,82442.00,61476.61,508933.84,STATISTIKPORTAL_INTEGRATED_2023_T1
2023,01,01059,municipality,010595952124,01059124,matched,Holt,amtsangehörige Gemeinde,151,417146.00,2762.56,0.00,256721.20,160424.80,STATISTIKPORTAL_INTEGRATED_2023_T1
2023,01,01059,municipality,010595952129,01059129,matched,Jardelund,amtsangehörige Gemeinde,301,864788.45,2873.05,52624.00,513442.41,298722.04,STATISTIKPORTAL_INTEGRATED_2023_T1
2023,01,01059,municipality,010595952143,01059143,matched,Medelby,amtsangehörige Gemeinde,1081,1995592.42,1846.06,827161.00,770135.37,398296.05,STATISTIKPORTAL_INTEGRATED_2023_T1
2023,01,01059,municipality,010595952144,01059144,matched,Meyn,amtsangehörige Gemeinde,791,593793.99,750.69,200404.00,61476.61,331913.38,STATISTIKPORTAL_INTEGRATED_2023_T1
2023,01,01059,municipality,010595952149,01059149,matched,Nordhackstedt,amtsangehörige Gemeinde,483,5420430.74,11222.42,53872.00,61476.61,5305082.13,STATISTIKPORTAL_INTEGRATED_2023_T1
2023,01,01059,municipality,010595952151,01059151,matched,Osterby,amtsangehörige Gemeinde,313,1258506.20,4020.79,634426.00,513442.41,110637.79,STATISTIKPORTAL_INTEGRATED_2023_T1
2023,01,01059,municipality,010595952158,01059158,matched,Schafflund,amtsangehörige Gemeinde,2848,4803968.28,1686.79,3642857.00,215158.16,945953.12,STATISTIKPORTAL_INTEGRATED_2023_T1
2023,01,01059,municipality,010595952173,01059173,matched,Wallsbüll,amtsangehörige Gemeinde,988,508849.60,515.03,188000.00,0.00,320849.60,STATISTIKPORTAL_INTEGRATED_2023_T1
2023,01,01059,municipality,010595952177,01059177,matched,Weesby,amtsangehörige Gemeinde,451,1019681.36,2260.93,52624.00,513442.41,453614.95,STATISTIKPORTAL_INTEGRATED_2023_T1
2023,01,01059,municipality,010595952179,01059179,matched,Lindewitt,amtsangehörige Gemeinde,1994,6080028.75,3049.16,4564291.00,0.00,1515737.75,STATISTIKPORTAL_INTEGRATED_2023_T1
2023,01,01059,joint_administration,010595974,,not_applicable,Amtsverwaltung Süderbrarup,Amtsverwaltung,11865,8120759.07,684.43,8034036.00,86723.07,0.00,STATISTIKPORTAL_INTEGRATED_2023_T1
2023,01,01059,municipality,010595974006,01059006,matched,Böel,amtsangehörige Gemeinde,709,912626.11,1287.20,767000.00,123577.64,22048.47,STATISTIKPORTAL_INTEGRATED_2023_T1
2023,01,01059,municipality,010595974055,01059055,matched,Loit,amtsangehörige Gemeinde,270,427762.53,1584.31,221000.00,123577.64,83184.89,STATISTIKPORTAL_INTEGRATED_2023_T1
2023,01,01059,municipality,010595974060,01059060,matched,Mohrkirch,amtsangehörige Gemeinde,1005,1119310.11,1113.74,973684.00,123577.64,22048.47,STATISTIKPORTAL_INTEGRATED_2023_T1
2023,01,01059,municipality,010595974063,01059063,matched,Norderbrarup,amtsangehörige Gemeinde,669,312274.11,466.78,166648.00,123577.64,22048.47,STATISTIKPORTAL_INTEGRATED_2023_T1
2023,01,01059,municipality,010595974065,01059065,matched,Nottfeld,amtsangehörige Gemeinde,116,206762.53,1782.44,0.00,123577.64,83184.89,STATISTIKPORTAL_INTEGRATED_2023_T1
2023,01,01059,municipality,010595974070,01059070,matched,Rügge,amtsangehörige Gemeinde,245,145626.11,594.39,0.00,123577.64,22048.47,STATISTIKPORTAL_INTEGRATED_2023_T1
2023,01,01059,municipality,010595974072,01059072,matched,Saustrup,amtsangehörige Gemeinde,187,424626.11,2270.73,279000.00,123577.64,22048.47,STATISTIKPORTAL_INTEGRATED_2023_T1
2023,01,01059,municipality,010595974074,01059074,matched,Scheggerott,amtsangehörige Gemeinde,354,145626.11,411.37,0.00,123577.64,22048.47,STATISTIKPORTAL_INTEGRATED_2023_T1
2023,01,01059,municipality,010595974080,01059080,matched,Steinfeld,amtsangehörige Gemeinde,849,1292340.53,1522.19,1085578.00,123577.64,83184.89,STATISTIKPORTAL_INTEGRATED_2023_T1
2023,01,01059,municipality,010595974083,01059083,matched,Süderbrarup,amtsangehörige Gemeinde,5346,7775845.59,1454.52,7074728.00,617932.70,83184.89,STATISTIKPORTAL_INTEGRATED_2023_T1
2023,01,01059,municipality,010595974094,01059094,matched,Ulsnis,amtsangehörige Gemeinde,693,884762.53,1276.71,678000.00,123577.64,83184.89,STATISTIKPORTAL_INTEGRATED_2023_T1
2023,01,01059,municipality,010595974095,01059095,matched,Wagersrott,amtsangehörige Gemeinde,225,409943.61,1821.97,264280.00,123577.64,22085.97,STATISTIKPORTAL_INTEGRATED_2023_T1
2023,01,01059,municipality,010595974187,01059187,matched,Boren,amtsangehörige Gemeinde,1197,1643171.14,1372.74,1312653.00,247333.25,83184.89,STATISTIKPORTAL_INTEGRATED_2023_T1
2023,01,01059,joint_administration,010595987,,not_applicable,Amtsverwaltung Südangeln,Amtsverwaltung,13609,2224489.04,163.46,1937048.00,287441.04,0.00,STATISTIKPORTAL_INTEGRATED_2023_T1
2023,01,01059,municipality,010595987008,01059008,matched,Böklund,amtsangehörige Gemeinde,1696,5043817.03,2973.95,3494232.00,202800.14,1346784.89,STATISTIKPORTAL_INTEGRATED_2023_T1
2023,01,01059,municipality,010595987037,01059037,matched,Havetoft,amtsangehörige Gemeinde,927,3211844.87,3464.77,2363212.00,134247.98,714384.89,STATISTIKPORTAL_INTEGRATED_2023_T1
2023,01,01059,municipality,010595987042,01059042,matched,Idstedt,amtsangehörige Gemeinde,892,1336962.30,1498.84,1077604.00,176173.41,83184.89,STATISTIKPORTAL_INTEGRATED_2023_T1
2023,01,01059,municipality,010595987049,01059049,matched,Klappholz,amtsangehörige Gemeinde,484,1111565.87,2296.62,262933.00,134247.98,714384.89,STATISTIKPORTAL_INTEGRATED_2023_T1
2023,01,01059,municipality,010595987062,01059062,matched,Neuberend,amtsangehörige Gemeinde,1174,1996460.22,1700.56,617425.00,32250.33,1346784.89,STATISTIKPORTAL_INTEGRATED_2023_T1
2023,01,01059,municipality,010595987073,01059073,matched,Schaalby,amtsangehörige Gemeinde,1573,3652474.68,2321.98,2228289.00,77400.79,1346784.89,STATISTIKPORTAL_INTEGRATED_2023_T1
2023,01,01059,municipality,010595987081,01059081,matched,Stolk,amtsangehörige Gemeinde,859,1974634.87,2298.76,1126002.00,134247.98,714384.89,STATISTIKPORTAL_INTEGRATED_2023_T1
2023,01,01059,municipality,010595987082,01059082,matched,Struxdorf,amtsangehörige Gemeinde,696,1120081.87,1609.31,271449.00,134247.98,714384.89,STATISTIKPORTAL_INTEGRATED_2023_T1
2023,01,01059,municipality,010595987084,01059084,matched,Süderfahrenstedt,amtsangehörige Gemeinde,473,1870870.87,3955.33,1022238.00,134247.98,714384.89,STATISTIKPORTAL_INTEGRATED_2023_T1
2023,01,01059,municipality,010595987086,01059086,matched,Taarstedt,amtsangehörige Gemeinde,904,2220017.32,2455.77,1463707.00,41925.43,714384.89,STATISTIKPORTAL_INTEGRATED_2023_T1
2023,01,01059,municipality,010595987090,01059090,matched,Tolk,amtsangehörige Gemeinde,1067,2786153.32,2611.20,1396243.00,41925.43,1347984.89,STATISTIKPORTAL_INTEGRATED_2023_T1
2023,01,01059,municipality,010595987093,01059093,matched,Ülsby,amtsangehörige Gemeinde,408,867118.40,2125.29,0.00,134247.98,732870.42,STATISTIKPORTAL_INTEGRATED_2023_T1
2023,01,01059,municipality,010595987097,01059097,matched,Twedt,amtsangehörige Gemeinde,482,734737.89,1524.35,20353.00,0.00,714384.89,STATISTIKPORTAL_INTEGRATED_2023_T1
2023,01,01059,municipality,010595987098,01059098,matched,Nübel,amtsangehörige Gemeinde,1294,1408060.52,1088.15,0.00,61275.63,1346784.89,STATISTIKPORTAL_INTEGRATED_2023_T1
2023,01,01059,municipality,010595987189,01059189,matched,Brodersby-Goltoft,amtsangehörige Gemeinde,680,2245846.89,3302.72,1531462.00,0.00,714384.89,STATISTIKPORTAL_INTEGRATED_2023_T1
2023,01,01059,joint_administration,010595990,,not_applicable,Amtsverwaltung Geltinger Bucht,Amtsverwaltung,12514,1679112.02,134.18,1578326.00,100786.02,0.00,STATISTIKPORTAL_INTEGRATED_2023_T1
2023,01,01059,municipality,010595990102,01059102,matched,Ahneby,amtsangehörige Gemeinde,200,1824935.09,9124.68,56500.00,1730105.70,38329.39,STATISTIKPORTAL_INTEGRATED_2023_T1
2023,01,01059,municipality,010595990109,01059109,matched,Esgrus,amtsangehörige Gemeinde,758,2292514.02,3024.42,478550.00,1730105.70,83858.32,STATISTIKPORTAL_INTEGRATED_2023_T1
2023,01,01059,municipality,010595990112,01059112,matched,Gelting,amtsangehörige Gemeinde,2156,4092658.25,1898.26,421089.00,3460211.40,211357.85,STATISTIKPORTAL_INTEGRATED_2023_T1
2023,01,01059,municipality,010595990121,01059121,matched,Hasselberg,amtsangehörige Gemeinde,880,2284918.70,2596.50,448990.00,1730105.70,105823.00,STATISTIKPORTAL_INTEGRATED_2023_T1
2023,01,01059,municipality,010595990136,01059136,matched,Kronsgaard,amtsangehörige Gemeinde,249,1762306.35,7077.54,0.00,1730105.70,32200.65,STATISTIKPORTAL_INTEGRATED_2023_T1
2023,01,01059,municipality,010595990142,01059142,matched,Maasholm,amtsangehörige Gemeinde,604,3949403.71,6538.75,135000.00,1730105.70,2084298.01,STATISTIKPORTAL_INTEGRATED_2023_T1
2023,01,01059,municipality,010595990147,01059147,matched,Nieby,amtsangehörige Gemeinde,130,1759568.85,13535.15,0.00,1730105.70,29463.15,STATISTIKPORTAL_INTEGRATED_2023_T1
2023,01,01059,municipality,010595990148,01059148,matched,Niesgrau,amtsangehörige Gemeinde,516,2148634.02,4164.02,338345.00,1730105.70,80183.32,STATISTIKPORTAL_INTEGRATED_2023_T1
2023,01,01059,municipality,010595990152,01059152,matched,Pommerby,amtsangehörige Gemeinde,151,1804191.12,11948.29,47792.00,1730105.70,26293.42,STATISTIKPORTAL_INTEGRATED_2023_T1
2023,01,01059,municipality,010595990154,01059154,matched,Rabel,amtsangehörige Gemeinde,619,2083906.41,3366.57,202500.00,1855906.41,25500.00,STATISTIKPORTAL_INTEGRATED_2023_T1
2023,01,01059,municipality,010595990155,01059155,matched,Rabenholz,amtsangehörige Gemeinde,277,2130292.54,7690.59,365825.00,1730105.70,34361.84,STATISTIKPORTAL_INTEGRATED_2023_T1
2023,01,01059,municipality,010595990163,01059163,matched,Stangheck,amtsangehörige Gemeinde,240,1770308.11,7376.28,0.00,1730105.70,40202.41,STATISTIKPORTAL_INTEGRATED_2023_T1
2023,01,01059,municipality,010595990164,01059164,matched,Steinberg,amtsangehörige Gemeinde,816,2738977.39,3356.59,888400.00,1730105.70,120471.69,STATISTIKPORTAL_INTEGRATED_2023_T1
2023,01,01059,municipality,010595990167,01059167,matched,Sterup,amtsangehörige Gemeinde,1413,3471331.11,2456.71,1611550.00,1730105.70,129675.41,STATISTIKPORTAL_INTEGRATED_2023_T1
2023,01,01059,municipality,010595990168,01059168,matched,Stoltebüll,amtsangehörige Gemeinde,681,1903492.38,2795.14,0.00,1855906.41,47585.97,STATISTIKPORTAL_INTEGRATED_2023_T1
2023,01,01059,municipality,010595990186,01059186,matched,Steinbergkirche,amtsangehörige Gemeinde,2824,6253240.72,2214.32,693615.00,3465921.32,2093704.40,STATISTIKPORTAL_INTEGRATED_2023_T1
2023,01,01059,joint_administration,010595993,,not_applicable,Amtsverwaltung Arensharde,Amtsverwaltung,14756,97063.48,6.58,0.00,97063.48,0.00,STATISTIKPORTAL_INTEGRATED_2023_T1
2023,01,01059,municipality,010595993010,01059010,matched,Bollingstedt,amtsangehörige Gemeinde,1498,4336390.57,2894.79,2403825.00,751462.16,1181103.41,STATISTIKPORTAL_INTEGRATED_2023_T1
2023,01,01059,municipality,010595993023,01059023,matched,Ellingstedt,amtsangehörige Gemeinde,742,2405689.99,3242.17,812000.00,806287.72,787402.27,STATISTIKPORTAL_INTEGRATED_2023_T1
2023,01,01059,municipality,010595993039,01059039,matched,Hollingstedt,amtsangehörige Gemeinde,1082,2274633.56,2102.25,476140.00,803062.69,995430.87,STATISTIKPORTAL_INTEGRATED_2023_T1
2023,01,01059,municipality,010595993041,01059041,matched,Hüsby,amtsangehörige Gemeinde,832,1571114.76,1888.36,0.00,783712.49,787402.27,STATISTIKPORTAL_INTEGRATED_2023_T1
2023,01,01059,municipality,010595993044,01059044,matched,Jübek,amtsangehörige Gemeinde,2718,3329056.69,1224.82,170702.00,1583550.15,1574804.54,STATISTIKPORTAL_INTEGRATED_2023_T1
2023,01,01059,municipality,010595993057,01059057,matched,Lürschau,amtsangehörige Gemeinde,1067,2293464.96,2149.45,703000.00,803062.69,787402.27,STATISTIKPORTAL_INTEGRATED_2023_T1
2023,01,01059,municipality,010595993077,01059077,matched,Schuby,amtsangehörige Gemeinde,2780,4056458.93,1459.16,201250.00,1886703.25,1968505.68,STATISTIKPORTAL_INTEGRATED_2023_T1
2023,01,01059,municipality,010595993079,01059079,matched,Silberstedt,amtsangehörige Gemeinde,2457,8111958.02,3301.57,4297392.00,1615800.48,2198765.54,STATISTIKPORTAL_INTEGRATED_2023_T1
2023,01,01059,municipality,010595993092,01059092,matched,Treia,amtsangehörige Gemeinde,1580,5230623.66,3310.52,2814400.00,819187.85,1597035.81,STATISTIKPORTAL_INTEGRATED_2023_T1
2023,01,01059,joint_administration,010595996,,not_applicable,Amtsverwaltung Kropp-Stapelholm,Amtsverwaltung,17339,118985.14,6.86,0.00,118985.14,0.00,STATISTIKPORTAL_INTEGRATED_2023_T1
2023,01,01059,municipality,010595996001,01059001,matched,Alt Bennebek,amtsangehörige Gemeinde,338,1225714.47,3626.37,420200.00,751462.16,54052.31,STATISTIKPORTAL_INTEGRATED_2023_T1
2023,01,01059,municipality,010595996005,01059005,matched,Bergenhusen,amtsangehörige Gemeinde,737,2333748.16,3166.55,1469800.00,767331.03,96617.13,STATISTIKPORTAL_INTEGRATED_2023_T1
2023,01,01059,municipality,010595996009,01059009,matched,Börm,amtsangehörige Gemeinde,758,3147820.43,4152.80,1608956.00,751462.16,787402.27,STATISTIKPORTAL_INTEGRATED_2023_T1
2023,01,01059,municipality,010595996020,01059020,matched,Dörpstedt,amtsangehörige Gemeinde,571,1812063.30,3173.49,666900.00,751462.16,393701.14,STATISTIKPORTAL_INTEGRATED_2023_T1
2023,01,01059,municipality,010595996024,01059024,matched,Erfde,amtsangehörige Gemeinde,2119,7761319.44,3662.73,6873570.00,791132.31,96617.13,STATISTIKPORTAL_INTEGRATED_2023_T1
2023,01,01059,municipality,010595996035,01059035,matched,Groß Rheide,amtsangehörige Gemeinde,931,2550191.74,2739.20,957275.00,751462.16,841454.58,STATISTIKPORTAL_INTEGRATED_2023_T1
2023,01,01059,municipality,010595996050,01059050,matched,Klein Bennebek,amtsangehörige Gemeinde,523,1816981.47,3474.15,1011467.00,751462.16,54052.31,STATISTIKPORTAL_INTEGRATED_2023_T1
2023,01,01059,municipality,010595996051,01059051,matched,Klein Rheide,amtsangehörige Gemeinde,342,1177914.47,3444.19,372400.00,751462.16,54052.31,STATISTIKPORTAL_INTEGRATED_2023_T1
2023,01,01059,municipality,010595996053,01059053,matched,Kropp,amtsangehörige Gemeinde,6694,25236640.04,3770.04,14453171.00,3188459.87,7595009.17,STATISTIKPORTAL_INTEGRATED_2023_T1
2023,01,01059,municipality,010595996058,01059058,matched,Meggerdorf,amtsangehörige Gemeinde,698,1948679.44,2791.80,1084884.00,767331.03,96464.41,STATISTIKPORTAL_INTEGRATED_2023_T1
2023,01,01059,municipality,010595996087,01059087,matched,Tetenhusen,amtsangehörige Gemeinde,940,2127848.16,2263.67,1376386.00,751462.16,0.00,STATISTIKPORTAL_INTEGRATED_2023_T1
2023,01,01059,municipality,010595996088,01059088,matched,Tielen,amtsangehörige Gemeinde,294,2055268.77,6990.71,1199317.00,759395.92,96555.85,STATISTIKPORTAL_INTEGRATED_2023_T1
2023,01,01059,municipality,010595996096,01059096,matched,Wohlde,amtsangehörige Gemeinde,524,2206487.17,4210.85,1045455.00,767331.03,393701.14,STATISTIKPORTAL_INTEGRATED_2023_T1
2023,01,01059,municipality,010595996188,01059188,matched,Stapel,amtsangehörige Gemeinde,1870,5287716.23,2827.66,3655128.00,791133.65,841454.58,STATISTIKPORTAL_INTEGRATED_2023_T1
2023,01,01060,county_administration,01060,,not_applicable,Kreisverwaltung Segeberg,Kreisverwaltung,285874,80158867.22,280.40,55567899.00,1048270.01,23542698.21,STATISTIKPORTAL_INTEGRATED_2023_T1
2023,01,01060,municipality,010600004004,01060004,matched,"Bad Bramstedt, Stadt",amtsfreie Gemeinde,15367,39143376.85,2547.24,22029310.00,3311903.17,13802163.68,STATISTIKPORTAL_INTEGRATED_2023_T1
2023,01,01060,municipality,010600005005,01060005,matched,"Bad Segeberg, Stadt",amtsfreie Gemeinde,18513,15553376.36,840.13,12818309.00,202256.04,2532811.32,STATISTIKPORTAL_INTEGRATED_2023_T1
2023,01,01060,municipality,010600019019,01060019,matched,Ellerau,amtsfreie Gemeinde,6339,10878010.35,1716.05,7299775.00,29224.13,3549011.22,STATISTIKPORTAL_INTEGRATED_2023_T1
2023,01,01060,municipality,010600039039,01060039,matched,Henstedt-Ulzburg,amtsfreie Gemeinde,28306,8156414.37,288.15,4000000.00,403179.78,3753234.59,STATISTIKPORTAL_INTEGRATED_2023_T1
2023,01,01060,municipality,010600044044,01060044,matched,"Kaltenkirchen, Stadt",amtsfreie Gemeinde,23489,42184347.33,1795.92,23682203.00,14748909.74,3753234.59,STATISTIKPORTAL_INTEGRATED_2023_T1
2023,01,01060,municipality,010600063063,01060063,matched,"Norderstedt, Stadt",amtsfreie Gemeinde,82010,357622369.20,4360.72,99534045.00,194549.40,257893774.80,STATISTIKPORTAL_INTEGRATED_2023_T1
2023,01,01060,municipality,010600092092,01060092,matched,"Wahlstedt, Stadt",amtsfreie Gemeinde,10061,15409038.07,1531.56,12857526.00,28901.47,2522610.60,STATISTIKPORTAL_INTEGRATED_2023_T1
2023,01,01060,joint_administration,010605005,,not_applicable,Amtsverwaltung Bad Bramstedt-Land,Amtsverwaltung,11252,3400103.17,302.18,3371700.00,28403.17,0.00,STATISTIKPORTAL_INTEGRATED_2023_T1
2023,01,01060,municipality,010605005003,01060003,matched,Armstedt,amtsangehörige Gemeinde,379,489528.51,1291.63,411000.00,0.00,78528.51,STATISTIKPORTAL_INTEGRATED_2023_T1
2023,01,01060,municipality,010605005009,01060009,matched,Bimöhlen,amtsangehörige Gemeinde,1038,354825.06,341.84,0.00,276296.55,78528.51,STATISTIKPORTAL_INTEGRATED_2023_T1
2023,01,01060,municipality,010605005013,01060013,matched,Borstel,amtsangehörige Gemeinde,139,632882.60,4553.11,462600.00,0.00,170282.60,STATISTIKPORTAL_INTEGRATED_2023_T1
2023,01,01060,municipality,010605005021,01060021,matched,Föhrden-Barl,amtsangehörige Gemeinde,291,766275.33,2633.25,411500.00,276246.82,78528.51,STATISTIKPORTAL_INTEGRATED_2023_T1
2023,01,01060,municipality,010605005023,01060023,matched,Fuhlendorf,amtsangehörige Gemeinde,420,1240886.33,2954.49,886111.00,276246.82,78528.51,STATISTIKPORTAL_INTEGRATED_2023_T1
2023,01,01060,municipality,010605005027,01060027,matched,Großenaspe,amtsangehörige Gemeinde,3090,905828.51,293.15,827300.00,0.00,78528.51,STATISTIKPORTAL_INTEGRATED_2023_T1
2023,01,01060,municipality,010605005031,01060031,matched,Hagen,amtsangehörige Gemeinde,479,3514103.06,7336.33,3159278.00,276296.55,78528.51,STATISTIKPORTAL_INTEGRATED_2023_T1
2023,01,01060,municipality,010605005033,01060033,matched,Hardebek,amtsangehörige Gemeinde,515,78528.51,152.48,0.00,0.00,78528.51,STATISTIKPORTAL_INTEGRATED_2023_T1
2023,01,01060,municipality,010605005035,01060035,matched,Hasenkrug,amtsangehörige Gemeinde,363,425528.51,1172.25,347000.00,0.00,78528.51,STATISTIKPORTAL_INTEGRATED_2023_T1
2023,01,01060,municipality,010605005037,01060037,matched,Heidmoor,amtsangehörige Gemeinde,284,850575.33,2994.98,495800.00,276246.82,78528.51,STATISTIKPORTAL_INTEGRATED_2023_T1
2023,01,01060,municipality,010605005040,01060040,matched,Hitzhusen,amtsangehörige Gemeinde,1251,1443825.06,1154.14,1089000.00,276296.55,78528.51,STATISTIKPORTAL_INTEGRATED_2023_T1
2023,01,01060,municipality,010605005056,01060056,matched,Mönkloh,amtsangehörige Gemeinde,248,810585.33,3268.49,455810.00,276246.82,78528.51,STATISTIKPORTAL_INTEGRATED_2023_T1
2023,01,01060,municipality,010605005095,01060095,matched,Weddelbrook,amtsangehörige Gemeinde,1045,3296302.90,3154.36,2940737.00,276296.55,79269.35,STATISTIKPORTAL_INTEGRATED_2023_T1
2023,01,01060,municipality,010605005099,01060099,matched,Wiemersdorf,amtsangehörige Gemeinde,1710,4202265.90,2457.47,3846700.00,276296.55,79269.35,STATISTIKPORTAL_INTEGRATED_2023_T1
2023,01,01060,joint_administration,010605024,,not_applicable,Amtsverwaltung Bornhöved,Amtsverwaltung,11181,28403.17,2.54,0.00,28403.17,0.00,STATISTIKPORTAL_INTEGRATED_2023_T1
2023,01,01060,municipality,010605024012,01060012,matched,Bornhöved,amtsangehörige Gemeinde,3374,2421996.36,717.84,2152817.00,190650.85,78528.51,STATISTIKPORTAL_INTEGRATED_2023_T1
2023,01,01060,municipality,010605024017,01060017,matched,Damsdorf,amtsangehörige Gemeinde,234,99464.51,425.06,0.00,20936.00,78528.51,STATISTIKPORTAL_INTEGRATED_2023_T1
2023,01,01060,municipality,010605024026,01060026,matched,Gönnebek,amtsangehörige Gemeinde,525,515386.51,981.69,415922.00,20936.00,78528.51,STATISTIKPORTAL_INTEGRATED_2023_T1
2023,01,01060,municipality,010605024072,01060072,matched,Schmalensee,amtsangehörige Gemeinde,491,100205.35,204.08,0.00,20936.00,79269.35,STATISTIKPORTAL_INTEGRATED_2023_T1
2023,01,01060,municipality,010605024080,01060080,matched,Stocksee,amtsangehörige Gemeinde,389,100205.35,257.60,0.00,20936.00,79269.35,STATISTIKPORTAL_INTEGRATED_2023_T1
2023,01,01060,municipality,010605024086,01060086,matched,Tarbek,amtsangehörige Gemeinde,169,100205.35,592.93,0.00,20936.00,79269.35,STATISTIKPORTAL_INTEGRATED_2023_T1
2023,01,01060,municipality,010605024087,01060087,matched,Tensfeld,amtsangehörige Gemeinde,685,763241.35,1114.22,642100.00,41872.00,79269.35,STATISTIKPORTAL_INTEGRATED_2023_T1
2023,01,01060,municipality,010605024089,01060089,matched,Trappenkamp,amtsangehörige Gemeinde,5314,24895012.20,4684.80,22869111.00,44098.85,1981802.35,STATISTIKPORTAL_INTEGRATED_2023_T1
2023,01,01060,joint_administration,010605034,,not_applicable,Amt Itzstedt,Amtsverwaltung,13072,2570200.17,196.62,0.00,28403.17,2541797.00,STATISTIKPORTAL_INTEGRATED_2023_T1
2023,01,01060,municipality,010605034043,01060043,matched,Itzstedt,amtsangehörige Gemeinde,2550,2930903.25,1149.37,2101742.00,750632.74,78528.51,STATISTIKPORTAL_INTEGRATED_2023_T1
2023,01,01060,municipality,010605034046,01060046,matched,Kayhude,amtsangehörige Gemeinde,1228,2080227.88,1694.00,1501230.00,500469.37,78528.51,STATISTIKPORTAL_INTEGRATED_2023_T1
2023,01,01060,municipality,010605034058,01060058,matched,Nahe,amtsangehörige Gemeinde,2616,5487372.17,2097.62,4408000.00,1000843.66,78528.51,STATISTIKPORTAL_INTEGRATED_2023_T1
2023,01,01060,municipality,010605034065,01060065,matched,Oering,amtsangehörige Gemeinde,1443,2849738.72,1974.87,2270000.00,500469.37,79269.35,STATISTIKPORTAL_INTEGRATED_2023_T1
2023,01,01060,municipality,010605034076,01060076,matched,Seth,amtsangehörige Gemeinde,1899,1059414.09,557.88,229512.00,750632.74,79269.35,STATISTIKPORTAL_INTEGRATED_2023_T1
2023,01,01060,municipality,010605034085,01060085,matched,Sülfeld,amtsangehörige Gemeinde,3336,1970371.46,590.64,640000.00,1251102.11,79269.35,STATISTIKPORTAL_INTEGRATED_2023_T1
2023,01,01060,joint_administration,010605043,,not_applicable,Amtsverwaltung Auenland Südholstein,Amtsverwaltung,11513,5062516.19,439.72,4847458.00,215058.19,0.00,STATISTIKPORTAL_INTEGRATED_2023_T1
2023,01,01060,municipality,010605043002,01060002,matched,Alveslohe,amtsangehörige Gemeinde,2822,5941626.58,2105.47,4428407.00,322.66,1512896.92,STATISTIKPORTAL_INTEGRATED_2023_T1
2023,01,01060,municipality,010605043034,01060034,matched,Hartenholm,amtsangehörige Gemeinde,1971,528528.51,268.15,450000.00,0.00,78528.51,STATISTIKPORTAL_INTEGRATED_2023_T1
2023,01,01060,municipality,010605043036,01060036,matched,Hasenmoor,amtsangehörige Gemeinde,751,1351470.51,1799.56,1272942.00,0.00,78528.51,STATISTIKPORTAL_INTEGRATED_2023_T1
2023,01,01060,municipality,010605043054,01060054,matched,Lentföhrden,amtsangehörige Gemeinde,2699,6111662.24,2264.42,3543398.00,1265193.02,1303071.22,STATISTIKPORTAL_INTEGRATED_2023_T1
2023,01,01060,municipality,010605043064,01060064,matched,Nützen,amtsangehörige Gemeinde,1287,79269.35,61.59,0.00,0.00,79269.35,STATISTIKPORTAL_INTEGRATED_2023_T1
2023,01,01060,municipality,010605043073,01060073,matched,Schmalfeld,amtsangehörige Gemeinde,1983,2486108.35,1253.71,2406839.00,0.00,79269.35,STATISTIKPORTAL_INTEGRATED_2023_T1
2023,01,01060,joint_administration,010605048,,not_applicable,Amtsverwaltung Kisdorf,Amtsverwaltung,10852,2840292.17,261.73,2316484.00,28403.17,495405.00,STATISTIKPORTAL_INTEGRATED_2023_T1
2023,01,01060,municipality,010605048042,01060042,matched,Hüttblek,amtsangehörige Gemeinde,401,149966.41,373.98,0.00,71437.90,78528.51,STATISTIKPORTAL_INTEGRATED_2023_T1
2023,01,01060,municipality,010605048045,01060045,matched,Kattendorf,amtsangehörige Gemeinde,836,354269.21,423.77,132972.00,142768.70,78528.51,STATISTIKPORTAL_INTEGRATED_2023_T1
2023,01,01060,municipality,010605048047,01060047,matched,Kisdorf,amtsangehörige Gemeinde,3999,435610.91,108.93,0.00,357082.40,78528.51,STATISTIKPORTAL_INTEGRATED_2023_T1
2023,01,01060,municipality,010605048066,01060066,matched,Oersdorf,amtsangehörige Gemeinde,920,353544.35,384.29,274275.00,0.00,79269.35,STATISTIKPORTAL_INTEGRATED_2023_T1
2023,01,01060,municipality,010605048077,01060077,matched,Sievershütten,amtsangehörige Gemeinde,1082,505051.05,466.78,283013.00,142768.70,79269.35,STATISTIKPORTAL_INTEGRATED_2023_T1
2023,01,01060,municipality,010605048082,01060082,matched,Struvenhütten,amtsangehörige Gemeinde,969,445385.05,459.63,223347.00,142768.70,79269.35,STATISTIKPORTAL_INTEGRATED_2023_T1
2023,01,01060,municipality,010605048084,01060084,matched,Stuvenborn,amtsangehörige Gemeinde,890,450641.05,506.34,228603.00,142768.70,79269.35,STATISTIKPORTAL_INTEGRATED_2023_T1
2023,01,01060,municipality,010605048094,01060094,matched,Wakendorf II,amtsangehörige Gemeinde,1404,79269.35,56.46,0.00,0.00,79269.35,STATISTIKPORTAL_INTEGRATED_2023_T1
2023,01,01060,municipality,010605048100,01060100,matched,Winsen,amtsangehörige Gemeinde,351,184509.25,525.67,33802.00,71437.90,79269.35,STATISTIKPORTAL_INTEGRATED_2023_T1
2023,01,01060,joint_administration,010605053,,not_applicable,Amtsverwaltung Leezen,Amtsverwaltung,9037,1699555.17,188.07,1671152.00,28403.17,0.00,STATISTIKPORTAL_INTEGRATED_2023_T1
2023,01,01060,municipality,010605053007,01060007,matched,Bark,amtsangehörige Gemeinde,1013,78528.51,77.52,0.00,0.00,78528.51,STATISTIKPORTAL_INTEGRATED_2023_T1
2023,01,01060,municipality,010605053008,01060008,matched,Bebensee,amtsangehörige Gemeinde,636,78528.51,123.47,0.00,0.00,78528.51,STATISTIKPORTAL_INTEGRATED_2023_T1
2023,01,01060,municipality,010605053022,01060022,matched,Fredesdorf,amtsangehörige Gemeinde,423,253520.51,599.34,174992.00,0.00,78528.51,STATISTIKPORTAL_INTEGRATED_2023_T1
2023,01,01060,municipality,010605053029,01060029,matched,Groß Niendorf,amtsangehörige Gemeinde,654,78528.51,120.07,0.00,0.00,78528.51,STATISTIKPORTAL_INTEGRATED_2023_T1
2023,01,01060,municipality,010605053041,01060041,matched,Högersdorf,amtsangehörige Gemeinde,414,402381.38,971.94,150000.00,173852.87,78528.51,STATISTIKPORTAL_INTEGRATED_2023_T1
2023,01,01060,municipality,010605053051,01060051,matched,Kükels,amtsangehörige Gemeinde,452,279649.51,618.69,201121.00,0.00,78528.51,STATISTIKPORTAL_INTEGRATED_2023_T1
2023,01,01060,municipality,010605053053,01060053,matched,Leezen,amtsangehörige Gemeinde,1835,78528.51,42.79,0.00,0.00,78528.51,STATISTIKPORTAL_INTEGRATED_2023_T1
2023,01,01060,municipality,010605053057,01060057,matched,Mözen,amtsangehörige Gemeinde,441,722028.51,1637.25,643500.00,0.00,78528.51,STATISTIKPORTAL_INTEGRATED_2023_T1
2023,01,01060,municipality,010605053062,01060062,matched,Neversdorf,amtsangehörige Gemeinde,713,78528.51,110.14,0.00,0.00,78528.51,STATISTIKPORTAL_INTEGRATED_2023_T1
2023,01,01060,municipality,010605053074,01060074,matched,Schwissel,amtsangehörige Gemeinde,260,80285.35,308.79,1016.00,0.00,79269.35,STATISTIKPORTAL_INTEGRATED_2023_T1
2023,01,01060,municipality,010605053088,01060088,matched,Todesfelde,amtsangehörige Gemeinde,1124,1479237.35,1316.05,1399968.00,0.00,79269.35,STATISTIKPORTAL_INTEGRATED_2023_T1
2023,01,01060,municipality,010605053101,01060101,matched,Wittenborn,amtsangehörige Gemeinde,1072,2871026.35,2678.20,2791757.00,0.00,79269.35,STATISTIKPORTAL_INTEGRATED_2023_T1
2023,01,01060,joint_administration,010605063,,not_applicable,Amtsverwaltung Boostedt-Rickling,Amtsverwaltung,14485,54574.17,3.77,26171.00,28403.17,0.00,STATISTIKPORTAL_INTEGRATED_2023_T1
2023,01,01060,municipality,010605063011,01060011,matched,Boostedt,amtsangehörige Gemeinde,7454,466928.51,62.64,388400.00,0.00,78528.51,STATISTIKPORTAL_INTEGRATED_2023_T1
2023,01,01060,municipality,010605063016,01060016,matched,Daldorf,amtsangehörige Gemeinde,626,476334.51,760.92,397806.00,0.00,78528.51,STATISTIKPORTAL_INTEGRATED_2023_T1
2023,01,01060,municipality,010605063028,01060028,matched,Groß Kummerfeld,amtsangehörige Gemeinde,1865,1055915.51,566.17,977387.00,0.00,78528.51,STATISTIKPORTAL_INTEGRATED_2023_T1
2023,01,01060,municipality,010605063038,01060038,matched,Heidmühlen,amtsangehörige Gemeinde,668,410096.51,613.92,331568.00,0.00,78528.51,STATISTIKPORTAL_INTEGRATED_2023_T1
2023,01,01060,municipality,010605063052,01060052,matched,Latendorf,amtsangehörige Gemeinde,611,78528.51,128.52,0.00,0.00,78528.51,STATISTIKPORTAL_INTEGRATED_2023_T1
2023,01,01060,municipality,010605063068,01060068,matched,Rickling,amtsangehörige Gemeinde,3261,4882085.35,1497.11,4802816.00,0.00,79269.35,STATISTIKPORTAL_INTEGRATED_2023_T1
2023,01,01060,joint_administration,010605086,,not_applicable,Amtsverwaltung Trave-Land,Amtsverwaltung,20397,520507.17,25.52,492104.00,28403.17,0.00,STATISTIKPORTAL_INTEGRATED_2023_T1
2023,01,01060,municipality,010605086006,01060006,matched,Bahrenhof,amtsangehörige Gemeinde,208,252381.38,1213.37,0.00,173852.87,78528.51,STATISTIKPORTAL_INTEGRATED_2023_T1
2023,01,01060,municipality,010605086010,01060010,matched,Blunk,amtsangehörige Gemeinde,579,851707.38,1471.00,599326.00,173852.87,78528.51,STATISTIKPORTAL_INTEGRATED_2023_T1
2023,01,01060,municipality,010605086015,01060015,matched,Bühnsdorf,amtsangehörige Gemeinde,377,252381.38,669.45,0.00,173852.87,78528.51,STATISTIKPORTAL_INTEGRATED_2023_T1
2023,01,01060,municipality,010605086018,01060018,matched,Dreggers,amtsangehörige Gemeinde,59,252381.38,4277.65,0.00,173852.87,78528.51,STATISTIKPORTAL_INTEGRATED_2023_T1
2023,01,01060,municipality,010605086020,01060020,matched,Fahrenkrug,amtsangehörige Gemeinde,1610,3798117.76,2359.08,1276248.00,0.00,2521869.76,STATISTIKPORTAL_INTEGRATED_2023_T1
2023,01,01060,municipality,010605086024,01060024,matched,Geschendorf,amtsangehörige Gemeinde,567,1162940.38,2051.04,910559.00,173852.87,78528.51,STATISTIKPORTAL_INTEGRATED_2023_T1
2023,01,01060,municipality,010605086025,01060025,matched,Glasau,amtsangehörige Gemeinde,885,1573217.69,1777.65,595198.00,123.12,977896.57,STATISTIKPORTAL_INTEGRATED_2023_T1
2023,01,01060,municipality,010605086030,01060030,matched,Groß Rönnau,amtsangehörige Gemeinde,568,252381.38,444.33,0.00,173852.87,78528.51,STATISTIKPORTAL_INTEGRATED_2023_T1
2023,01,01060,municipality,010605086048,01060048,matched,Klein Gladebrügge,amtsangehörige Gemeinde,625,252381.38,403.81,0.00,173852.87,78528.51,STATISTIKPORTAL_INTEGRATED_2023_T1
2023,01,01060,municipality,010605086049,01060049,matched,Klein Rönnau,amtsangehörige Gemeinde,1891,1320106.38,698.10,1067725.00,173852.87,78528.51,STATISTIKPORTAL_INTEGRATED_2023_T1
2023,01,01060,municipality,010605086050,01060050,matched,Krems II,amtsangehörige Gemeinde,374,836693.38,2237.15,584312.00,173852.87,78528.51,STATISTIKPORTAL_INTEGRATED_2023_T1
2023,01,01060,municipality,010605086059,01060059,matched,Negernbötel,amtsangehörige Gemeinde,993,833478.38,839.35,581097.00,173852.87,78528.51,STATISTIKPORTAL_INTEGRATED_2023_T1
2023,01,01060,municipality,010605086060,01060060,matched,Nehms,amtsangehörige Gemeinde,579,159341.29,275.20,0.00,80812.78,78528.51,STATISTIKPORTAL_INTEGRATED_2023_T1
2023,01,01060,municipality,010605086061,01060061,matched,Neuengörs,amtsangehörige Gemeinde,800,252381.38,315.48,0.00,173852.87,78528.51,STATISTIKPORTAL_INTEGRATED_2023_T1
2023,01,01060,municipality,010605086067,01060067,matched,Pronstorf,amtsangehörige Gemeinde,1614,1904300.88,1179.86,0.00,174078.88,1730222.00,STATISTIKPORTAL_INTEGRATED_2023_T1
2023,01,01060,municipality,010605086069,01060069,matched,Rohlstorf,amtsangehörige Gemeinde,1218,940704.22,772.34,687582.00,173852.87,79269.35,STATISTIKPORTAL_INTEGRATED_2023_T1
2023,01,01060,municipality,010605086070,01060070,matched,Schackendorf,amtsangehörige Gemeinde,910,2696463.47,2963.15,0.00,173852.87,2522610.60,STATISTIKPORTAL_INTEGRATED_2023_T1
2023,01,01060,municipality,010605086071,01060071,matched,Schieren,amtsangehörige Gemeinde,261,269330.49,1031.92,16250.00,173811.14,79269.35,STATISTIKPORTAL_INTEGRATED_2023_T1
2023,01,01060,municipality,010605086075,01060075,matched,Seedorf,amtsangehörige Gemeinde,2249,528925.85,235.18,207223.00,242433.50,79269.35,STATISTIKPORTAL_INTEGRATED_2023_T1
2023,01,01060,municipality,010605086079,01060079,matched,Stipsdorf,amtsangehörige Gemeinde,251,413545.49,1647.59,160465.00,173811.14,79269.35,STATISTIKPORTAL_INTEGRATED_2023_T1
2023,01,01060,municipality,010605086081,01060081,matched,Strukdorf,amtsangehörige Gemeinde,262,1467580.49,5601.45,1214500.00,173811.14,79269.35,STATISTIKPORTAL_INTEGRATED_2023_T1
2023,01,01060,municipality,010605086090,01060090,matched,Travenhorst,amtsangehörige Gemeinde,198,133142.92,672.44,0.00,53873.57,79269.35,STATISTIKPORTAL_INTEGRATED_2023_T1
2023,01,01060,municipality,010605086091,01060091,matched,Traventhal,amtsangehörige Gemeinde,518,253080.49,488.57,0.00,173811.14,79269.35,STATISTIKPORTAL_INTEGRATED_2023_T1
2023,01,01060,municipality,010605086093,01060093,matched,Wakendorf I,amtsangehörige Gemeinde,479,253080.49,528.35,0.00,173811.14,79269.35,STATISTIKPORTAL_INTEGRATED_2023_T1
2023,01,01060,municipality,010605086096,01060096,matched,Weede,amtsangehörige Gemeinde,991,946830.49,955.43,693750.00,173811.14,79269.35,STATISTIKPORTAL_INTEGRATED_2023_T1
2023,01,01060,municipality,010605086097,01060097,matched,Wensin,amtsangehörige Gemeinde,888,994463.63,1119.89,633636.00,281558.28,79269.35,STATISTIKPORTAL_INTEGRATED_2023_T1
2023,01,01060,municipality,010605086098,01060098,matched,Westerrade,amtsangehörige Gemeinde,443,503640.49,1136.89,250560.00,173811.14,79269.35,STATISTIKPORTAL_INTEGRATED_2023_T1
2023,01,01061,county_administration,01061,,not_applicable,Kreisverwaltung Steinburg,Kreisverwaltung,132601,106609746.53,803.99,48547039.00,31528.62,58031178.91,STATISTIKPORTAL_INTEGRATED_2023_T1
2023,01,01061,municipality,010610029029,01061029,matched,"Glückstadt, Stadt",amtsfreie Gemeinde,10788,31652789.45,2934.07,10994680.00,2632006.08,18026103.37,STATISTIKPORTAL_INTEGRATED_2023_T1
2023,01,01061,municipality,010610046046,01061046,matched,"Itzehoe, Stadt",amtsfreie Gemeinde,32252,107474428.45,3332.33,19683984.00,28901.47,87761542.98,STATISTIKPORTAL_INTEGRATED_2023_T1
2023,01,01061,municipality,010610113113,01061113,matched,"Wilster, Stadt",amtsfreie Gemeinde,4378,18801732.41,4294.59,9456863.00,28901.47,9315967.94,STATISTIKPORTAL_INTEGRATED_2023_T1
2023,01,01061,joint_administration,010615104,,not_applicable,Amtsverwaltung Breitenburg,Amtsverwaltung,8862,28403.17,3.21,0.00,28403.17,0.00,STATISTIKPORTAL_INTEGRATED_2023_T1
2023,01,01061,municipality,010615104005,01061005,matched,Auufer,amtsangehörige Gemeinde,135,2191475.69,16233.15,14370.00,897720.71,1279384.98,STATISTIKPORTAL_INTEGRATED_2023_T1
2023,01,01061,municipality,010615104016,01061016,matched,Breitenberg,amtsangehörige Gemeinde,339,2291357.82,6759.17,103975.00,907997.84,1279384.98,STATISTIKPORTAL_INTEGRATED_2023_T1
2023,01,01061,municipality,010615104017,01061017,matched,Breitenburg,amtsangehörige Gemeinde,1289,2410354.09,1869.94,2318600.00,0.00,91754.09,STATISTIKPORTAL_INTEGRATED_2023_T1
2023,01,01061,municipality,010615104053,01061053,matched,Kollmoor,amtsangehörige Gemeinde,36,1617584.98,44932.92,338200.00,0.00,1279384.98,STATISTIKPORTAL_INTEGRATED_2023_T1
2023,01,01061,municipality,010615104058,01061058,matched,Kronsmoor,amtsangehörige Gemeinde,171,2179299.07,12744.44,0.00,899914.09,1279384.98,STATISTIKPORTAL_INTEGRATED_2023_T1
2023,01,01061,municipality,010615104061,01061061,matched,Lägerdorf,amtsangehörige Gemeinde,2771,5921128.25,2136.82,4536732.00,0.00,1384396.25,STATISTIKPORTAL_INTEGRATED_2023_T1
2023,01,01061,municipality,010615104068,01061068,matched,Moordiek,amtsangehörige Gemeinde,117,2221871.84,18990.36,36000.00,896506.77,1289365.07,STATISTIKPORTAL_INTEGRATED_2023_T1
2023,01,01061,municipality,010615104072,01061072,matched,Münsterdorf,amtsangehörige Gemeinde,1877,2831160.25,1508.34,1446764.00,0.00,1384396.25,STATISTIKPORTAL_INTEGRATED_2023_T1
2023,01,01061,municipality,010615104079,01061079,matched,Oelixdorf,amtsangehörige Gemeinde,1547,2901556.07,1875.60,1612191.00,0.00,1289365.07,STATISTIKPORTAL_INTEGRATED_2023_T1
2023,01,01061,municipality,010615104109,01061109,matched,Westermoor,amtsangehörige Gemeinde,416,2408053.98,5788.59,207800.00,910888.91,1289365.07,STATISTIKPORTAL_INTEGRATED_2023_T1
2023,01,01061,municipality,010615104115,01061115,matched,Wittenbergen,amtsangehörige Gemeinde,164,2051270.79,12507.75,12500.00,899107.09,1139663.70,STATISTIKPORTAL_INTEGRATED_2023_T1
2023,01,01061,joint_administration,010615134,,not_applicable,Amtsverwaltung Horst-Herzhorn,Amtsverwaltung,16135,346647.19,21.48,131589.00,215058.19,0.00,STATISTIKPORTAL_INTEGRATED_2023_T1
2023,01,01061,municipality,010615134004,01061004,matched,Altenmoor,amtsangehörige Gemeinde,231,1706591.79,7387.84,0.00,123637.37,1582954.42,STATISTIKPORTAL_INTEGRATED_2023_T1
2023,01,01061,municipality,010615134012,01061012,matched,Blomesche Wildnis,amtsangehörige Gemeinde,630,2771414.94,4399.07,0.00,372057.90,2399357.04,STATISTIKPORTAL_INTEGRATED_2023_T1
2023,01,01061,municipality,010615134015,01061015,matched,Borsfleth,amtsangehörige Gemeinde,767,2171199.57,2830.77,624650.00,371735.24,1174814.33,STATISTIKPORTAL_INTEGRATED_2023_T1
2023,01,01061,municipality,010615134027,01061027,matched,Engelbrechtsche Wildnis,amtsangehörige Gemeinde,829,2771414.94,3343.08,0.00,372057.90,2399357.04,STATISTIKPORTAL_INTEGRATED_2023_T1
2023,01,01061,municipality,010615134037,01061037,matched,Herzhorn,amtsangehörige Gemeinde,1143,3514511.94,3074.81,743097.00,372057.90,2399357.04,STATISTIKPORTAL_INTEGRATED_2023_T1
2023,01,01061,municipality,010615134041,01061041,matched,Hohenfelde,amtsangehörige Gemeinde,905,1421851.75,1571.11,0.00,247037.42,1174814.33,STATISTIKPORTAL_INTEGRATED_2023_T1
2023,01,01061,municipality,010615134044,01061044,matched,Horst (Holstein),amtsangehörige Gemeinde,5899,8702507.06,1475.25,4757599.00,988472.33,2956435.73,STATISTIKPORTAL_INTEGRATED_2023_T1
2023,01,01061,municipality,010615134050,01061050,matched,Kiebitzreihe,amtsangehörige Gemeinde,2222,4093513.54,1842.27,1056269.00,617927.32,2419317.22,STATISTIKPORTAL_INTEGRATED_2023_T1
2023,01,01061,municipality,010615134054,01061054,matched,Krempdorf,amtsangehörige Gemeinde,241,1174814.33,4874.75,0.00,0.00,1174814.33,STATISTIKPORTAL_INTEGRATED_2023_T1
2023,01,01061,municipality,010615134074,01061074,matched,Neuendorf bei Elmshorn,amtsangehörige Gemeinde,831,2041727.57,2456.95,495178.00,371735.24,1174814.33,STATISTIKPORTAL_INTEGRATED_2023_T1
2023,01,01061,municipality,010615134101,01061101,matched,Sommerland,amtsangehörige Gemeinde,780,1421851.75,1822.89,0.00,247037.42,1174814.33,STATISTIKPORTAL_INTEGRATED_2023_T1
2023,01,01061,municipality,010615134118,01061118,matched,Kollmar,amtsangehörige Gemeinde,1657,3143462.48,1897.08,0.00,744105.44,2399357.04,STATISTIKPORTAL_INTEGRATED_2023_T1
2023,01,01061,joint_administration,010615138,,not_applicable,Amtsverwaltung Itzehoe-Land,Amtsverwaltung,10391,784915.17,75.54,756512.00,28403.17,0.00,STATISTIKPORTAL_INTEGRATED_2023_T1
2023,01,01061,municipality,010615138008,01061008,matched,Bekdorf,amtsangehörige Gemeinde,91,1249703.51,13733.01,130000.00,0.00,1119703.51,STATISTIKPORTAL_INTEGRATED_2023_T1
2023,01,01061,municipality,010615138010,01061010,matched,Bekmünde,amtsangehörige Gemeinde,148,91754.09,619.96,0.00,0.00,91754.09,STATISTIKPORTAL_INTEGRATED_2023_T1
2023,01,01061,municipality,010615138024,01061024,matched,Drage,amtsangehörige Gemeinde,229,1308360.24,5713.36,218597.00,0.00,1089763.24,STATISTIKPORTAL_INTEGRATED_2023_T1
2023,01,01061,municipality,010615138034,01061034,matched,Heiligenstedten,amtsangehörige Gemeinde,1555,600815.09,386.38,509061.00,0.00,91754.09,STATISTIKPORTAL_INTEGRATED_2023_T1
2023,01,01061,municipality,010615138035,01061035,matched,Heiligenstedtenerkamp,amtsangehörige Gemeinde,727,631854.09,869.13,540100.00,0.00,91754.09,STATISTIKPORTAL_INTEGRATED_2023_T1
2023,01,01061,municipality,010615138039,01061039,matched,Hodorf,amtsangehörige Gemeinde,199,386464.09,1942.03,294710.00,0.00,91754.09,STATISTIKPORTAL_INTEGRATED_2023_T1
2023,01,01061,municipality,010615138040,01061040,matched,Hohenaspe,amtsangehörige Gemeinde,1945,6182443.39,3178.63,4094671.00,0.00,2087772.39,STATISTIKPORTAL_INTEGRATED_2023_T1
2023,01,01061,municipality,010615138045,01061045,matched,Huje,amtsangehörige Gemeinde,261,291466.09,1116.73,199712.00,0.00,91754.09,STATISTIKPORTAL_INTEGRATED_2023_T1
2023,01,01061,municipality,010615138047,01061047,matched,Kaaks,amtsangehörige Gemeinde,447,1324038.58,2962.05,633479.00,0.00,690559.58,STATISTIKPORTAL_INTEGRATED_2023_T1
2023,01,01061,municipality,010615138052,01061052,matched,Kleve,amtsangehörige Gemeinde,546,420049.09,769.32,328295.00,0.00,91754.09,STATISTIKPORTAL_INTEGRATED_2023_T1
2023,01,01061,municipality,010615138059,01061059,matched,Krummendiek,amtsangehörige Gemeinde,86,1268850.24,14754.07,179087.00,0.00,1089763.24,STATISTIKPORTAL_INTEGRATED_2023_T1
2023,01,01061,municipality,010615138065,01061065,matched,Lohbarbek,amtsangehörige Gemeinde,813,1784589.69,2195.07,833945.00,160284.19,790360.50,STATISTIKPORTAL_INTEGRATED_2023_T1
2023,01,01061,municipality,010615138067,01061067,matched,Mehlbek,amtsangehörige Gemeinde,413,1023832.04,2479.01,283372.00,0.00,740460.04,STATISTIKPORTAL_INTEGRATED_2023_T1
2023,01,01061,municipality,010615138070,01061070,matched,Moorhusen,amtsangehörige Gemeinde,72,1119703.51,15551.44,0.00,0.00,1119703.51,STATISTIKPORTAL_INTEGRATED_2023_T1
2023,01,01061,municipality,010615138082,01061082,matched,Oldendorf,amtsangehörige Gemeinde,1106,3247594.09,2936.34,3155840.00,0.00,91754.09,STATISTIKPORTAL_INTEGRATED_2023_T1
2023,01,01061,municipality,010615138083,01061083,matched,Ottenbüttel,amtsangehörige Gemeinde,743,1523968.51,2051.10,404265.00,0.00,1119703.51,STATISTIKPORTAL_INTEGRATED_2023_T1
2023,01,01061,municipality,010615138084,01061084,matched,Peissen,amtsangehörige Gemeinde,303,1690471.29,5579.11,385313.00,690147.00,615011.29,STATISTIKPORTAL_INTEGRATED_2023_T1
2023,01,01061,municipality,010615138098,01061098,matched,Schlotfeld,amtsangehörige Gemeinde,228,850116.94,3728.58,198875.00,160284.19,490957.75,STATISTIKPORTAL_INTEGRATED_2023_T1
2023,01,01061,municipality,010615138100,01061100,matched,Silzen,amtsangehörige Gemeinde,159,624654.93,3928.65,209230.00,15.47,415409.46,STATISTIKPORTAL_INTEGRATED_2023_T1
2023,01,01061,municipality,010615138114,01061114,matched,Winseldorf,amtsangehörige Gemeinde,320,1175644.69,3673.89,225000.00,160284.19,790360.50,STATISTIKPORTAL_INTEGRATED_2023_T1
2023,01,01061,joint_administration,010615153,,not_applicable,Amtsverwaltung Krempermarsch,Amtsverwaltung,9337,330068.17,35.35,301665.00,28403.17,0.00,STATISTIKPORTAL_INTEGRATED_2023_T1
2023,01,01061,municipality,010615153006,01061006,matched,Bahrenfleth,amtsangehörige Gemeinde,580,1210413.42,2086.92,25619.00,0.00,1184794.42,STATISTIKPORTAL_INTEGRATED_2023_T1
2023,01,01061,municipality,010615153022,01061022,matched,Dägeling,amtsangehörige Gemeinde,1053,1089763.24,1034.91,0.00,0.00,1089763.24,STATISTIKPORTAL_INTEGRATED_2023_T1
2023,01,01061,municipality,010615153026,01061026,matched,Elskop,amtsangehörige Gemeinde,155,1184794.42,7643.83,0.00,0.00,1184794.42,STATISTIKPORTAL_INTEGRATED_2023_T1
2023,01,01061,municipality,010615153030,01061030,matched,Grevenkop,amtsangehörige Gemeinde,338,1205201.42,3565.68,20407.00,0.00,1184794.42,STATISTIKPORTAL_INTEGRATED_2023_T1
2023,01,01061,municipality,010615153055,01061055,matched,"Krempe, Stadt",amtsangehörige Gemeinde,2405,10959915.59,4557.14,9673387.00,0.00,1286528.59,STATISTIKPORTAL_INTEGRATED_2023_T1
2023,01,01061,municipality,010615153056,01061056,matched,Kremperheide,amtsangehörige Gemeinde,2300,804604.27,349.83,617819.00,0.00,186785.27,STATISTIKPORTAL_INTEGRATED_2023_T1
2023,01,01061,municipality,010615153057,01061057,matched,Krempermoor,amtsangehörige Gemeinde,543,212818.27,391.93,26033.00,0.00,186785.27,STATISTIKPORTAL_INTEGRATED_2023_T1
2023,01,01061,municipality,010615153073,01061073,matched,Neuenbrook,amtsangehörige Gemeinde,688,1669650.51,2426.82,474876.00,0.00,1194774.51,STATISTIKPORTAL_INTEGRATED_2023_T1
2023,01,01061,municipality,010615153092,01061092,matched,Rethwisch,amtsangehörige Gemeinde,556,2343577.51,4215.07,1148803.00,0.00,1194774.51,STATISTIKPORTAL_INTEGRATED_2023_T1
2023,01,01061,municipality,010615153104,01061104,matched,Süderau,amtsangehörige Gemeinde,719,1214574.51,1689.26,19800.00,0.00,1194774.51,STATISTIKPORTAL_INTEGRATED_2023_T1
2023,01,01061,joint_administration,010615168,,not_applicable,Amtsverwaltung Schenefeld,Amtsverwaltung,10978,648048.17,59.03,619645.00,28403.17,0.00,STATISTIKPORTAL_INTEGRATED_2023_T1
2023,01,01061,municipality,010615168001,01061001,matched,Aasbüttel,amtsangehörige Gemeinde,148,1159490.42,7834.39,3028.00,0.00,1156462.42,STATISTIKPORTAL_INTEGRATED_2023_T1
2023,01,01061,municipality,010615168003,01061003,matched,Agethorst,amtsangehörige Gemeinde,203,1088029.06,5359.75,100000.00,0.00,988029.06,STATISTIKPORTAL_INTEGRATED_2023_T1
2023,01,01061,municipality,010615168011,01061011,matched,Besdorf,amtsangehörige Gemeinde,238,988029.06,4151.38,0.00,0.00,988029.06,STATISTIKPORTAL_INTEGRATED_2023_T1
2023,01,01061,municipality,010615168013,01061013,matched,Bokelrehm,amtsangehörige Gemeinde,135,988029.06,7318.73,0.00,0.00,988029.06,STATISTIKPORTAL_INTEGRATED_2023_T1
2023,01,01061,municipality,010615168014,01061014,matched,Bokhorst,amtsangehörige Gemeinde,138,1156462.42,8380.16,0.00,0.00,1156462.42,STATISTIKPORTAL_INTEGRATED_2023_T1
2023,01,01061,municipality,010615168021,01061021,matched,Christinenthal,amtsangehörige Gemeinde,71,1079783.15,15208.21,0.00,0.00,1079783.15,STATISTIKPORTAL_INTEGRATED_2023_T1
2023,01,01061,municipality,010615168031,01061031,matched,Gribbohm,amtsangehörige Gemeinde,421,988029.06,2346.86,0.00,0.00,988029.06,STATISTIKPORTAL_INTEGRATED_2023_T1
2023,01,01061,municipality,010615168033,01061033,matched,Hadenfeld,amtsangehörige Gemeinde,151,1079783.15,7150.88,0.00,0.00,1079783.15,STATISTIKPORTAL_INTEGRATED_2023_T1
2023,01,01061,municipality,010615168043,01061043,matched,Holstenniendorf,amtsangehörige Gemeinde,446,1156462.42,2592.97,0.00,0.00,1156462.42,STATISTIKPORTAL_INTEGRATED_2023_T1
2023,01,01061,municipality,010615168048,01061048,matched,Kaisborstel,amtsangehörige Gemeinde,62,1079783.15,17415.86,0.00,0.00,1079783.15,STATISTIKPORTAL_INTEGRATED_2023_T1
2023,01,01061,municipality,010615168066,01061066,matched,Looft,amtsangehörige Gemeinde,397,1079783.15,2719.86,0.00,0.00,1079783.15,STATISTIKPORTAL_INTEGRATED_2023_T1
2023,01,01061,municipality,010615168076,01061076,matched,Nienbüttel,amtsangehörige Gemeinde,129,1273264.06,9870.26,285235.00,0.00,988029.06,STATISTIKPORTAL_INTEGRATED_2023_T1
2023,01,01061,municipality,010615168078,01061078,matched,Nutteln,amtsangehörige Gemeinde,260,1061154.06,4081.36,73125.00,0.00,988029.06,STATISTIKPORTAL_INTEGRATED_2023_T1
2023,01,01061,municipality,010615168081,01061081,matched,Oldenborstel,amtsangehörige Gemeinde,117,1156462.42,9884.29,0.00,0.00,1156462.42,STATISTIKPORTAL_INTEGRATED_2023_T1
2023,01,01061,municipality,010615168085,01061085,matched,Pöschendorf,amtsangehörige Gemeinde,265,1237366.15,4669.31,157583.00,0.00,1079783.15,STATISTIKPORTAL_INTEGRATED_2023_T1
2023,01,01061,municipality,010615168087,01061087,matched,Puls,amtsangehörige Gemeinde,568,1855212.42,3266.22,698750.00,0.00,1156462.42,STATISTIKPORTAL_INTEGRATED_2023_T1
2023,01,01061,municipality,010615168091,01061091,matched,Reher,amtsangehörige Gemeinde,731,1312025.42,1794.84,155563.00,0.00,1156462.42,STATISTIKPORTAL_INTEGRATED_2023_T1
2023,01,01061,municipality,010615168097,01061097,matched,Schenefeld,amtsangehörige Gemeinde,2732,2539968.00,929.71,709115.00,0.00,1830853.00,STATISTIKPORTAL_INTEGRATED_2023_T1
2023,01,01061,municipality,010615168105,01061105,matched,Vaale,amtsangehörige Gemeinde,1273,1083801.06,851.38,95772.00,0.00,988029.06,STATISTIKPORTAL_INTEGRATED_2023_T1
2023,01,01061,municipality,010615168106,01061106,matched,Vaalermoor,amtsangehörige Gemeinde,126,988029.06,7841.50,0.00,0.00,988029.06,STATISTIKPORTAL_INTEGRATED_2023_T1
2023,01,01061,municipality,010615168107,01061107,matched,Wacken,amtsangehörige Gemeinde,2067,930000.00,449.93,930000.00,0.00,0.00,STATISTIKPORTAL_INTEGRATED_2023_T1
2023,01,01061,municipality,010615168108,01061108,matched,Warringholz,amtsangehörige Gemeinde,300,1156462.42,3854.87,0.00,0.00,1156462.42,STATISTIKPORTAL_INTEGRATED_2023_T1
2023,01,01061,joint_administration,010615179,,not_applicable,Amtsverwaltung Wilstermarsch,Amtsverwaltung,6525,28403.17,4.35,0.00,28403.17,0.00,STATISTIKPORTAL_INTEGRATED_2023_T1
2023,01,01061,municipality,010615179002,01061002,matched,Aebtissinwisch,amtsangehörige Gemeinde,45,1059822.97,23551.62,0.00,0.00,1059822.97,STATISTIKPORTAL_INTEGRATED_2023_T1
2023,01,01061,municipality,010615179007,01061007,matched,Beidenfleth,amtsangehörige Gemeinde,839,1208822.97,1440.79,149000.00,0.00,1059822.97,STATISTIKPORTAL_INTEGRATED_2023_T1
2023,01,01061,municipality,010615179018,01061018,matched,Brokdorf,amtsangehörige Gemeinde,1020,1059822.97,1039.04,0.00,0.00,1059822.97,STATISTIKPORTAL_INTEGRATED_2023_T1
2023,01,01061,municipality,010615179020,01061020,matched,Büttel,amtsangehörige Gemeinde,31,968068.88,31228.03,0.00,0.00,968068.88,STATISTIKPORTAL_INTEGRATED_2023_T1
2023,01,01061,municipality,010615179023,01061023,matched,Dammfleth,amtsangehörige Gemeinde,278,1059822.97,3812.31,0.00,0.00,1059822.97,STATISTIKPORTAL_INTEGRATED_2023_T1
2023,01,01061,municipality,010615179025,01061025,matched,Ecklak,amtsangehörige Gemeinde,303,1059822.97,3497.77,0.00,0.00,1059822.97,STATISTIKPORTAL_INTEGRATED_2023_T1
2023,01,01061,municipality,010615179060,01061060,matched,Kudensee,amtsangehörige Gemeinde,113,974655.88,8625.27,6587.00,0.00,968068.88,STATISTIKPORTAL_INTEGRATED_2023_T1
2023,01,01061,municipality,010615179062,01061062,matched,Landrecht,amtsangehörige Gemeinde,110,1059822.97,9634.75,0.00,0.00,1059822.97,STATISTIKPORTAL_INTEGRATED_2023_T1
2023,01,01061,municipality,010615179063,01061063,matched,Landscheide,amtsangehörige Gemeinde,261,968068.88,3709.08,0.00,0.00,968068.88,STATISTIKPORTAL_INTEGRATED_2023_T1
2023,01,01061,municipality,010615179077,01061077,matched,Nortorf,amtsangehörige Gemeinde,830,1059822.97,1276.90,0.00,0.00,1059822.97,STATISTIKPORTAL_INTEGRATED_2023_T1
2023,01,01061,municipality,010615179095,01061095,matched,Sankt Margarethen,amtsangehörige Gemeinde,813,1903893.88,2341.81,935825.00,0.00,968068.88,STATISTIKPORTAL_INTEGRATED_2023_T1
2023,01,01061,municipality,010615179102,01061102,matched,Stördorf,amtsangehörige Gemeinde,123,1059822.97,8616.45,0.00,0.00,1059822.97,STATISTIKPORTAL_INTEGRATED_2023_T1
2023,01,01061,municipality,010615179110,01061110,matched,Wewelsfleth,amtsangehörige Gemeinde,1328,1059822.97,798.06,0.00,0.00,1059822.97,STATISTIKPORTAL_INTEGRATED_2023_T1
2023,01,01061,municipality,010615179119,01061119,matched,Neuendorf-Sachsenbande,amtsangehörige Gemeinde,431,1154854.15,2679.48,0.00,0.00,1154854.15,STATISTIKPORTAL_INTEGRATED_2023_T1
2023,01,01061,joint_administration,010615189,,not_applicable,Amtsverwaltung Kellinghusen,Amtsverwaltung,22955,2912635.17,126.88,2884232.00,28403.17,0.00,STATISTIKPORTAL_INTEGRATED_2023_T1
2023,01,01061,municipality,010615189019,01061019,matched,Brokstedt,amtsangehörige Gemeinde,2109,1174814.33,557.05,0.00,0.00,1174814.33,STATISTIKPORTAL_INTEGRATED_2023_T1
2023,01,01061,municipality,010615189028,01061028,matched,Fitzbek,amtsangehörige Gemeinde,401,1368028.15,3411.54,288245.00,0.00,1079783.15,STATISTIKPORTAL_INTEGRATED_2023_T1
2023,01,01061,municipality,010615189036,01061036,matched,Hennstedt,amtsangehörige Gemeinde,623,1174814.33,1885.74,0.00,0.00,1174814.33,STATISTIKPORTAL_INTEGRATED_2023_T1
2023,01,01061,municipality,010615189038,01061038,matched,Hingstheide,amtsangehörige Gemeinde,85,1970268.49,23179.63,0.00,890485.34,1079783.15,STATISTIKPORTAL_INTEGRATED_2023_T1
2023,01,01061,municipality,010615189042,01061042,matched,Hohenlockstedt,amtsangehörige Gemeinde,5969,10359581.81,1735.56,7234889.00,961849.42,2162843.39,STATISTIKPORTAL_INTEGRATED_2023_T1
2023,01,01061,municipality,010615189049,01061049,matched,"Kellinghusen, Stadt",amtsangehörige Gemeinde,8306,29682189.35,3573.58,11367593.00,12468291.00,5846305.35,STATISTIKPORTAL_INTEGRATED_2023_T1
2023,01,01061,municipality,010615189064,01061064,matched,Lockstedt,amtsangehörige Gemeinde,150,1079783.15,7198.55,0.00,0.00,1079783.15,STATISTIKPORTAL_INTEGRATED_2023_T1
2023,01,01061,municipality,010615189071,01061071,matched,Mühlenbarbek,amtsangehörige Gemeinde,261,2121232.95,8127.33,140735.00,890734.71,1089763.24,STATISTIKPORTAL_INTEGRATED_2023_T1
2023,01,01061,municipality,010615189080,01061080,matched,Oeschebüttel,amtsangehörige Gemeinde,179,1970517.86,11008.48,0.00,890734.71,1079783.15,STATISTIKPORTAL_INTEGRATED_2023_T1
2023,01,01061,municipality,010615189086,01061086,matched,Poyenberg,amtsangehörige Gemeinde,384,1004250.33,2615.24,0.00,15.47,1004234.86,STATISTIKPORTAL_INTEGRATED_2023_T1
2023,01,01061,municipality,010615189088,01061088,matched,Quarnstedt,amtsangehörige Gemeinde,447,1970517.86,4408.32,0.00,890734.71,1079783.15,STATISTIKPORTAL_INTEGRATED_2023_T1
2023,01,01061,municipality,010615189089,01061089,matched,Rade,amtsangehörige Gemeinde,103,1079783.15,10483.33,0.00,0.00,1079783.15,STATISTIKPORTAL_INTEGRATED_2023_T1
2023,01,01061,municipality,010615189093,01061093,matched,Rosdorf,amtsangehörige Gemeinde,350,1976517.86,5647.19,6000.00,890734.71,1079783.15,STATISTIKPORTAL_INTEGRATED_2023_T1
2023,01,01061,municipality,010615189096,01061096,matched,Sarlhusen,amtsangehörige Gemeinde,484,1316858.15,2720.78,237075.00,0.00,1079783.15,STATISTIKPORTAL_INTEGRATED_2023_T1
2023,01,01061,municipality,010615189103,01061103,matched,Störkathen,amtsangehörige Gemeinde,90,2075263.86,23058.49,104746.00,890734.71,1079783.15,STATISTIKPORTAL_INTEGRATED_2023_T1
2023,01,01061,municipality,010615189111,01061111,matched,Wiedenborstel,amtsangehörige Gemeinde,10,1153829.06,115382.91,165800.00,0.00,988029.06,STATISTIKPORTAL_INTEGRATED_2023_T1
2023,01,01061,municipality,010615189112,01061112,matched,Willenscharen,amtsangehörige Gemeinde,171,1079783.15,6314.52,0.00,0.00,1079783.15,STATISTIKPORTAL_INTEGRATED_2023_T1
2023,01,01061,municipality,010615189116,01061116,matched,Wrist,amtsangehörige Gemeinde,2435,4691274.67,1926.60,2625975.00,890485.34,1174814.33,STATISTIKPORTAL_INTEGRATED_2023_T1
2023,01,01061,municipality,010615189117,01061117,matched,Wulfsmoor,amtsangehörige Gemeinde,398,2106035.49,5291.55,135767.00,890485.34,1079783.15,STATISTIKPORTAL_INTEGRATED_2023_T1
2023,01,01062,county_administration,01062,,not_applicable,Kreisverwaltung Stormarn,Kreisverwaltung,247638,56666716.23,228.83,0.00,1271497.46,55395218.77,STATISTIKPORTAL_INTEGRATED_2023_T1
2023,01,01062,municipality,010620001001,01062001,matched,"Ahrensburg, Stadt",amtsfreie Gemeinde,34387,33821704.17,983.56,13029375.00,28403.17,20763926.00,STATISTIKPORTAL_INTEGRATED_2023_T1
2023,01,01062,municipality,010620004004,01062004,matched,"Bad Oldesloe, Stadt",amtsfreie Gemeinde,24966,59839056.74,2396.82,633012.00,832635.19,58373409.55,STATISTIKPORTAL_INTEGRATED_2023_T1
2023,01,01062,municipality,010620006006,01062006,matched,"Bargteheide, Stadt",amtsfreie Gemeinde,16300,13604428.34,834.63,0.00,152533.19,13451895.15,STATISTIKPORTAL_INTEGRATED_2023_T1
2023,01,01062,municipality,010620009009,01062009,matched,Barsbüttel,amtsfreie Gemeinde,13096,23908960.06,1825.67,23213777.00,28403.17,666779.89,STATISTIKPORTAL_INTEGRATED_2023_T1
2023,01,01062,municipality,010620018018,01062018,matched,"Glinde, Stadt",amtsfreie Gemeinde,18476,6915138.12,374.28,5634197.00,28901.47,1252039.65,STATISTIKPORTAL_INTEGRATED_2023_T1
2023,01,01062,municipality,010620023023,01062023,matched,Großhansdorf,amtsfreie Gemeinde,9482,12102535.47,1276.37,6028387.00,6074148.47,0.00,STATISTIKPORTAL_INTEGRATED_2023_T1
2023,01,01062,municipality,010620053053,01062053,matched,Oststeinbek,amtsfreie Gemeinde,8897,15406302.58,1731.63,14437500.00,28901.47,939901.11,STATISTIKPORTAL_INTEGRATED_2023_T1
2023,01,01062,municipality,010620060060,01062060,matched,"Reinbek, Stadt",amtsfreie Gemeinde,28501,33209006.77,1165.19,26032905.00,33031.49,7143070.28,STATISTIKPORTAL_INTEGRATED_2023_T1
2023,01,01062,municipality,010620061061,01062061,matched,"Reinfeld (Holstein), Stadt",amtsfreie Gemeinde,9055,21026792.60,2322.12,13357824.00,33028.60,7635940.00,STATISTIKPORTAL_INTEGRATED_2023_T1
2023,01,01062,municipality,010620076076,01062076,matched,Tangstedt⁴,amtsfreie Gemeinde,6491,2945099.00,453.72,2945099.00,0.00,0.00,STATISTIKPORTAL_INTEGRATED_2023_T1
2023,01,01062,municipality,010620090090,01062090,matched,Ammersbek,amtsfreie Gemeinde,10040,10469332.17,1042.76,10440929.00,28403.17,0.00,STATISTIKPORTAL_INTEGRATED_2023_T1
2023,01,01062,joint_administration,010625207,,not_applicable,Amtsverwaltung Bad Oldesloe-Land,Amtsverwaltung,11734,3384308.30,288.42,3351778.00,32530.30,0.00,STATISTIKPORTAL_INTEGRATED_2023_T1
2023,01,01062,municipality,010625207019,01062019,matched,Grabau,amtsangehörige Gemeinde,812,497880.27,613.15,425135.00,72745.27,0.00,STATISTIKPORTAL_INTEGRATED_2023_T1
2023,01,01062,municipality,010625207046,01062046,matched,Meddewade,amtsangehörige Gemeinde,940,570504.27,606.92,497759.00,72745.27,0.00,STATISTIKPORTAL_INTEGRATED_2023_T1
2023,01,01062,municipality,010625207050,01062050,matched,Neritz,amtsangehörige Gemeinde,358,93985.27,262.53,21240.00,72745.27,0.00,STATISTIKPORTAL_INTEGRATED_2023_T1
2023,01,01062,municipality,010625207056,01062056,matched,Pölitz,amtsangehörige Gemeinde,1220,829296.27,679.75,756567.00,72729.27,0.00,STATISTIKPORTAL_INTEGRATED_2023_T1
2023,01,01062,municipality,010625207062,01062062,matched,Rethwisch,amtsangehörige Gemeinde,1203,72729.27,60.46,0.00,72729.27,0.00,STATISTIKPORTAL_INTEGRATED_2023_T1
2023,01,01062,municipality,010625207065,01062065,matched,Rümpel,amtsangehörige Gemeinde,1286,1200915.27,933.84,1128186.00,72729.27,0.00,STATISTIKPORTAL_INTEGRATED_2023_T1
2023,01,01062,municipality,010625207089,01062089,matched,Lasbek,amtsangehörige Gemeinde,1350,2410439.00,1785.51,2101728.00,308711.00,0.00,STATISTIKPORTAL_INTEGRATED_2023_T1
2023,01,01062,municipality,010625207091,01062091,matched,Steinburg,amtsangehörige Gemeinde,2777,1468400.66,528.77,694488.00,773912.66,0.00,STATISTIKPORTAL_INTEGRATED_2023_T1
2023,01,01062,municipality,010625207092,01062092,matched,Travenbrück,amtsangehörige Gemeinde,1788,2313296.27,1293.79,2240567.00,72729.27,0.00,STATISTIKPORTAL_INTEGRATED_2023_T1
2023,01,01062,joint_administration,010625218,,not_applicable,Amtsverwaltung Bargteheide-Land,Amtsverwaltung,14951,11060955.05,739.81,7071985.00,32530.30,3956439.75,STATISTIKPORTAL_INTEGRATED_2023_T1
2023,01,01062,municipality,010625218005,01062005,matched,Bargfeld-Stegen,amtsangehörige Gemeinde,3076,2153835.30,700.21,1626310.00,0.00,527525.30,STATISTIKPORTAL_INTEGRATED_2023_T1
2023,01,01062,municipality,010625218014,01062014,matched,Delingsdorf,amtsangehörige Gemeinde,2257,4902235.25,2172.01,3583422.00,0.00,1318813.25,STATISTIKPORTAL_INTEGRATED_2023_T1
2023,01,01062,municipality,010625218016,01062016,matched,Elmenhorst,amtsangehörige Gemeinde,2863,1124947.00,392.93,1124947.00,0.00,0.00,STATISTIKPORTAL_INTEGRATED_2023_T1
2023,01,01062,municipality,010625218027,01062027,matched,Hammoor,amtsangehörige Gemeinde,1304,1098390.00,842.32,1098390.00,0.00,0.00,STATISTIKPORTAL_INTEGRATED_2023_T1
2023,01,01062,municipality,010625218036,01062036,matched,Jersbek,amtsangehörige Gemeinde,1781,0.00,0.00,0.00,0.00,0.00,STATISTIKPORTAL_INTEGRATED_2023_T1
2023,01,01062,municipality,010625218051,01062051,matched,Nienwohld,amtsangehörige Gemeinde,494,301125.00,609.56,301125.00,0.00,0.00,STATISTIKPORTAL_INTEGRATED_2023_T1
2023,01,01062,municipality,010625218078,01062078,matched,Todendorf,amtsangehörige Gemeinde,1263,2723833.73,2156.64,2487868.00,235965.73,0.00,STATISTIKPORTAL_INTEGRATED_2023_T1
2023,01,01062,municipality,010625218081,01062081,matched,Tremsbüttel,amtsangehörige Gemeinde,1913,1818800.00,950.76,1818800.00,0.00,0.00,STATISTIKPORTAL_INTEGRATED_2023_T1
2023,01,01062,joint_administration,010625244,,not_applicable,Amtsverwaltung Nordstormarn,Amtsverwaltung,11348,102653.17,9.05,74250.00,28403.17,0.00,STATISTIKPORTAL_INTEGRATED_2023_T1
2023,01,01062,municipality,010625244003,01062003,matched,Badendorf,amtsangehörige Gemeinde,929,0.00,0.00,0.00,0.00,0.00,STATISTIKPORTAL_INTEGRATED_2023_T1
2023,01,01062,municipality,010625244008,01062008,matched,Barnitz,amtsangehörige Gemeinde,842,0.00,0.00,0.00,0.00,0.00,STATISTIKPORTAL_INTEGRATED_2023_T1
2023,01,01062,municipality,010625244025,01062025,matched,Hamberge,amtsangehörige Gemeinde,1863,0.00,0.00,0.00,0.00,0.00,STATISTIKPORTAL_INTEGRATED_2023_T1
2023,01,01062,municipality,010625244031,01062031,matched,Heidekamp,amtsangehörige Gemeinde,530,0.00,0.00,0.00,0.00,0.00,STATISTIKPORTAL_INTEGRATED_2023_T1
2023,01,01062,municipality,010625244032,01062032,matched,Heilshoop,amtsangehörige Gemeinde,546,0.00,0.00,0.00,0.00,0.00,STATISTIKPORTAL_INTEGRATED_2023_T1
2023,01,01062,municipality,010625244039,01062039,matched,Klein Wesenberg,amtsangehörige Gemeinde,764,0.00,0.00,0.00,0.00,0.00,STATISTIKPORTAL_INTEGRATED_2023_T1
2023,01,01062,municipality,010625244048,01062048,matched,Mönkhagen,amtsangehörige Gemeinde,660,0.00,0.00,0.00,0.00,0.00,STATISTIKPORTAL_INTEGRATED_2023_T1
2023,01,01062,municipality,010625244059,01062059,matched,Rehhorst,amtsangehörige Gemeinde,729,0.00,0.00,0.00,0.00,0.00,STATISTIKPORTAL_INTEGRATED_2023_T1
2023,01,01062,municipality,010625244083,01062083,matched,Westerau,amtsangehörige Gemeinde,784,72729.27,92.77,0.00,72729.27,0.00,STATISTIKPORTAL_INTEGRATED_2023_T1
2023,01,01062,municipality,010625244087,01062087,matched,Zarpen,amtsangehörige Gemeinde,1480,104475.00,70.59,104475.00,0.00,0.00,STATISTIKPORTAL_INTEGRATED_2023_T1
2023,01,01062,municipality,010625244093,01062093,matched,Feldhorst,amtsangehörige Gemeinde,546,0.00,0.00,0.00,0.00,0.00,STATISTIKPORTAL_INTEGRATED_2023_T1
2023,01,01062,municipality,010625244094,01062094,matched,Wesenberg,amtsangehörige Gemeinde,1675,0.00,0.00,0.00,0.00,0.00,STATISTIKPORTAL_INTEGRATED_2023_T1
2023,01,01062,joint_administration,010625262,,not_applicable,Amtsverwaltung Siek,Amtsverwaltung,10615,28403.17,2.68,0.00,28403.17,0.00,STATISTIKPORTAL_INTEGRATED_2023_T1
2023,01,01062,municipality,010625262011,01062011,matched,Braak,amtsangehörige Gemeinde,937,2426470.00,2589.62,2426470.00,0.00,0.00,STATISTIKPORTAL_INTEGRATED_2023_T1
2023,01,01062,municipality,010625262035,01062035,matched,Hoisdorf,amtsangehörige Gemeinde,3555,5418098.80,1524.08,3000000.00,2418098.80,0.00,STATISTIKPORTAL_INTEGRATED_2023_T1
2023,01,01062,municipality,010625262069,01062069,matched,Siek,amtsangehörige Gemeinde,2515,3627148.20,1442.21,0.00,3627148.20,0.00,STATISTIKPORTAL_INTEGRATED_2023_T1
2023,01,01062,municipality,010625262071,01062071,matched,Stapelfeld,amtsangehörige Gemeinde,1857,0.00,0.00,0.00,0.00,0.00,STATISTIKPORTAL_INTEGRATED_2023_T1
2023,01,01062,municipality,010625262088,01062088,matched,Brunsbek,amtsangehörige Gemeinde,1751,272880.00,155.84,272880.00,0.00,0.00,STATISTIKPORTAL_INTEGRATED_2023_T1
2023,01,01062,joint_administration,010625270,,not_applicable,Amtsverwaltung Trittau,Amtsverwaltung,19299,2633480.00,136.46,2633480.00,0.00,0.00,STATISTIKPORTAL_INTEGRATED_2023_T1
2023,01,01062,municipality,010625270020,01062020,matched,Grande,amtsangehörige Gemeinde,708,810039.53,1144.12,0.00,387773.94,422265.59,STATISTIKPORTAL_INTEGRATED_2023_T1
2023,01,01062,municipality,010625270021,01062021,matched,Grönwohld,amtsangehörige Gemeinde,1516,1871553.69,1234.53,198121.00,148115.73,1525316.96,STATISTIKPORTAL_INTEGRATED_2023_T1
2023,01,01062,municipality,010625270022,01062022,matched,Großensee,amtsangehörige Gemeinde,1824,2959645.19,1622.61,0.00,2116084.73,843560.46,STATISTIKPORTAL_INTEGRATED_2023_T1
2023,01,01062,municipality,010625270026,01062026,matched,Hamfelde,amtsangehörige Gemeinde,544,570381.32,1048.50,0.00,148115.73,422265.59,STATISTIKPORTAL_INTEGRATED_2023_T1
2023,01,01062,municipality,010625270033,01062033,matched,Hohenfelde,amtsangehörige Gemeinde,44,570381.32,12963.21,0.00,148115.73,422265.59,STATISTIKPORTAL_INTEGRATED_2023_T1
2023,01,01062,municipality,010625270040,01062040,matched,Köthel,amtsangehörige Gemeinde,316,570381.32,1805.00,0.00,148115.73,422265.59,STATISTIKPORTAL_INTEGRATED_2023_T1
2023,01,01062,municipality,010625270045,01062045,matched,Lütjensee,amtsangehörige Gemeinde,3375,4277335.01,1267.36,65552.00,2264200.46,1947582.55,STATISTIKPORTAL_INTEGRATED_2023_T1
2023,01,01062,municipality,010625270058,01062058,matched,Rausdorf,amtsangehörige Gemeinde,224,584069.32,2607.45,13688.00,148115.73,422265.59,STATISTIKPORTAL_INTEGRATED_2023_T1
2023,01,01062,municipality,010625270082,01062082,matched,Trittau,amtsangehörige Gemeinde,9149,8808342.64,962.77,4765507.00,1510212.81,2532622.83,STATISTIKPORTAL_INTEGRATED_2023_T1
2023,01,01062,municipality,010625270086,01062086,matched,Witzhave,amtsangehörige Gemeinde,1599,718497.05,449.34,0.00,296231.46,422265.59,STATISTIKPORTAL_INTEGRATED_2023_T1
