report_year,state_code,county_ags5,reporting_unit_class,original_region_key,municipality_ags8_candidate,ags_match_2024_atlas,name_de,legal_form_de,population_2023_06_30,total_integrated_debt_eur,integrated_debt_eur_per_person,core_budget_debt_eur,extra_budget_proportional_debt_eur,public_enterprise_proportional_debt_eur,source_id
2023,08,08111,municipality,081110000000,08111000,matched,Landeshauptstadt Stuttgart,Stadtkreis,633475,1834354343.51,2895.70,0.00,420219163.83,1414135179.68,STATISTIKPORTAL_INTEGRATED_2023_T1
2023,08,08115,county_administration,08115,,not_applicable,Landratsamt Böblingen,Landkreis,400216,602477841.02,1505.38,69535080.00,83098856.86,449843904.16,STATISTIKPORTAL_INTEGRATED_2023_T1
2023,08,08115,municipality,081150003003,08115003,matched,Große Kreisstadt Böblingen,kreisangehörige Gemeinde,51658,188083943.98,3640.95,3650897.00,4312307.93,180120739.05,STATISTIKPORTAL_INTEGRATED_2023_T1
2023,08,08115,municipality,081150028028,08115028,matched,Große Kreisstadt Leonberg,kreisangehörige Gemeinde,49725,82382868.53,1656.77,57515657.00,1033249.59,23833961.94,STATISTIKPORTAL_INTEGRATED_2023_T1
2023,08,08115,municipality,081150029029,08115029,matched,Gemeinde Magstadt,kreisangehörige Gemeinde,9765,1512665.81,154.91,0.00,303440.22,1209225.59,STATISTIKPORTAL_INTEGRATED_2023_T1
2023,08,08115,municipality,081150041041,08115041,matched,Stadt Renningen,kreisangehörige Gemeinde,18649,2465712.72,132.22,205317.00,16.68,2260379.04,STATISTIKPORTAL_INTEGRATED_2023_T1
2023,08,08115,municipality,081150042042,08115042,matched,Stadt Rutesheim,kreisangehörige Gemeinde,11126,1046936.04,94.10,0.00,16.68,1046919.36,STATISTIKPORTAL_INTEGRATED_2023_T1
2023,08,08115,municipality,081150044044,08115044,matched,Gemeinde Schönaich,kreisangehörige Gemeinde,10982,14152855.34,1288.73,4004602.00,16.68,10148236.66,STATISTIKPORTAL_INTEGRATED_2023_T1
2023,08,08115,municipality,081150045045,08115045,matched,Große Kreisstadt Sindelfingen,kreisangehörige Gemeinde,65419,190502953.35,2912.04,0.00,4819391.60,185683561.75,STATISTIKPORTAL_INTEGRATED_2023_T1
2023,08,08115,municipality,081150050050,08115050,matched,Stadt Weil der Stadt,kreisangehörige Gemeinde,19366,23115534.66,1193.61,16936073.00,16.68,6179444.98,STATISTIKPORTAL_INTEGRATED_2023_T1
2023,08,08115,municipality,081150051051,08115051,matched,Gemeinde Weil im Schönbuch,kreisangehörige Gemeinde,10179,17813861.02,1750.06,690084.00,16.68,17123760.34,STATISTIKPORTAL_INTEGRATED_2023_T1
2023,08,08115,municipality,081150052052,08115052,matched,Gemeinde Weissach,kreisangehörige Gemeinde,7742,6145853.56,793.83,0.00,95487.65,6050365.91,STATISTIKPORTAL_INTEGRATED_2023_T1
2023,08,08115,municipality,081155001001,08115001,matched,Gemeinde Aidlingen,kreisangehörige Gemeinde,9405,3890295.83,413.64,3756724.00,16.68,133555.15,STATISTIKPORTAL_INTEGRATED_2023_T1
2023,08,08115,municipality,081155001054,08115054,matched,Gemeinde Grafenau,kreisangehörige Gemeinde,6845,4045794.55,591.06,2621929.00,118223.51,1305642.04,STATISTIKPORTAL_INTEGRATED_2023_T1
2023,08,08115,municipality,081155002013,08115013,matched,Gemeinde Ehningen,kreisangehörige Gemeinde,9365,20935284.71,2235.48,2625000.00,288584.27,18021700.44,STATISTIKPORTAL_INTEGRATED_2023_T1
2023,08,08115,municipality,081155002015,08115015,matched,Gemeinde Gärtringen,kreisangehörige Gemeinde,12832,9028161.77,703.57,2511760.00,16.68,6516385.09,STATISTIKPORTAL_INTEGRATED_2023_T1
2023,08,08115,municipality,081155003010,08115010,matched,Gemeinde Deckenpfronn,kreisangehörige Gemeinde,3465,2746431.95,792.62,2251507.00,0.00,494924.95,STATISTIKPORTAL_INTEGRATED_2023_T1
2023,08,08115,municipality,081155003021,08115021,matched,Große Kreisstadt Herrenberg,kreisangehörige Gemeinde,32822,57437278.37,1749.96,33786622.00,16.77,23650639.60,STATISTIKPORTAL_INTEGRATED_2023_T1
2023,08,08115,municipality,081155003037,08115037,matched,Gemeinde Nufringen,kreisangehörige Gemeinde,5935,287953.39,48.52,0.00,169023.81,118929.58,STATISTIKPORTAL_INTEGRATED_2023_T1
2023,08,08115,municipality,081155004002,08115002,matched,Gemeinde Altdorf (LKR Böblingen),kreisangehörige Gemeinde,4659,3780073.41,811.35,579753.00,119174.18,3081146.23,STATISTIKPORTAL_INTEGRATED_2023_T1
2023,08,08115,municipality,081155004022,08115022,matched,Gemeinde Hildrizhausen,kreisangehörige Gemeinde,3645,2453228.93,673.04,97500.00,0.00,2355728.93,STATISTIKPORTAL_INTEGRATED_2023_T1
2023,08,08115,municipality,081155004024,08115024,matched,Stadt Holzgerlingen,kreisangehörige Gemeinde,13825,9781079.67,707.49,368000.00,16.69,9413062.98,STATISTIKPORTAL_INTEGRATED_2023_T1
2023,08,08115,municipality,081155005004,08115004,matched,Gemeinde Bondorf,kreisangehörige Gemeinde,6302,2167274.39,343.90,0.00,16.68,2167257.71,STATISTIKPORTAL_INTEGRATED_2023_T1
2023,08,08115,municipality,081155005016,08115016,matched,Gemeinde Gäufelden,kreisangehörige Gemeinde,9237,9470491.20,1025.28,6711536.00,16.68,2758938.52,STATISTIKPORTAL_INTEGRATED_2023_T1
2023,08,08115,municipality,081155005034,08115034,matched,Gemeinde Mötzingen,kreisangehörige Gemeinde,3754,2751169.00,732.86,1591643.00,875.00,1158651.00,STATISTIKPORTAL_INTEGRATED_2023_T1
2023,08,08115,municipality,081155005053,08115053,matched,Gemeinde Jettingen,kreisangehörige Gemeinde,8234,1793342.45,217.80,0.00,2275.00,1791067.45,STATISTIKPORTAL_INTEGRATED_2023_T1
2023,08,08115,municipality,081155006046,08115046,matched,Gemeinde Steinenbronn,kreisangehörige Gemeinde,6481,1140874.37,176.03,0.00,16.68,1140857.69,STATISTIKPORTAL_INTEGRATED_2023_T1
2023,08,08115,municipality,081155006048,08115048,matched,Stadt Waldenbuch,kreisangehörige Gemeinde,8799,15716903.01,1786.21,5311571.00,1515288.68,8890043.33,STATISTIKPORTAL_INTEGRATED_2023_T1
2023,08,08116,county_administration,08116,,not_applicable,Landratsamt Esslingen,Landkreis,541772,248302050.98,458.31,153846667.00,1839313.25,92616070.73,STATISTIKPORTAL_INTEGRATED_2023_T1
2023,08,08116,municipality,081160015015,08116015,matched,Gemeinde Denkendorf,kreisangehörige Gemeinde,11262,1800013.29,159.83,0.00,773413.48,1026599.81,STATISTIKPORTAL_INTEGRATED_2023_T1
2023,08,08116,municipality,081160019019,08116019,matched,Große Kreisstadt Esslingen am Neckar,kreisangehörige Gemeinde,95271,395365615.68,4149.91,45340906.00,94722947.64,255301762.04,STATISTIKPORTAL_INTEGRATED_2023_T1
2023,08,08116,municipality,081160047047,08116047,matched,Gemeinde Neuhausen auf den Fildern,kreisangehörige Gemeinde,12429,11243594.07,904.63,9663864.00,95487.63,1484242.44,STATISTIKPORTAL_INTEGRATED_2023_T1
2023,08,08116,municipality,081160072072,08116072,matched,Stadt Wernau (Neckar),kreisangehörige Gemeinde,12444,18228330.60,1464.83,1722701.00,1070399.37,15435230.23,STATISTIKPORTAL_INTEGRATED_2023_T1
2023,08,08116,municipality,081160076076,08116076,matched,Gemeinde Aichwald,kreisangehörige Gemeinde,7620,1483801.24,194.72,0.00,39271.75,1444529.49,STATISTIKPORTAL_INTEGRATED_2023_T1
2023,08,08116,municipality,081160077077,08116077,matched,Große Kreisstadt Filderstadt,kreisangehörige Gemeinde,46451,33919686.06,730.23,0.00,8548390.76,25371295.30,STATISTIKPORTAL_INTEGRATED_2023_T1
2023,08,08116,municipality,081160078078,08116078,matched,Große Kreisstadt Leinfelden-Echterdingen,kreisangehörige Gemeinde,40593,75451843.17,1858.74,2079579.00,522494.70,72849769.47,STATISTIKPORTAL_INTEGRATED_2023_T1
2023,08,08116,municipality,081160080080,08116080,matched,Große Kreisstadt Ostfildern,kreisangehörige Gemeinde,39774,70265454.31,1766.62,25765510.00,331569.48,44168374.83,STATISTIKPORTAL_INTEGRATED_2023_T1
2023,08,08116,municipality,081160081081,08116081,matched,Stadt Aichtal,kreisangehörige Gemeinde,9978,11421407.52,1144.66,2375500.00,948058.64,8097848.88,STATISTIKPORTAL_INTEGRATED_2023_T1
2023,08,08116,municipality,081165001016,08116016,matched,Gemeinde Dettingen unter Teck,kreisangehörige Gemeinde,6354,11214434.44,1764.94,4053196.00,61858.38,7099380.06,STATISTIKPORTAL_INTEGRATED_2023_T1
2023,08,08116,municipality,081165001033,08116033,matched,Große Kreisstadt Kirchheim unter Teck,kreisangehörige Gemeinde,42002,27893746.25,664.11,157200.00,466312.26,27270233.99,STATISTIKPORTAL_INTEGRATED_2023_T1
2023,08,08116,municipality,081165001048,08116048,matched,Gemeinde Notzingen,kreisangehörige Gemeinde,3636,1899656.48,522.46,1270580.00,16927.47,612149.01,STATISTIKPORTAL_INTEGRATED_2023_T1
2023,08,08116,municipality,081165002018,08116018,matched,Gemeinde Erkenbrechtsweiler,kreisangehörige Gemeinde,2200,2735492.68,1243.41,1005813.00,5642.49,1724037.19,STATISTIKPORTAL_INTEGRATED_2023_T1
2023,08,08116,municipality,081165002054,08116054,matched,Stadt Owen,kreisangehörige Gemeinde,3500,3248773.87,928.22,0.00,0.00,3248773.87,STATISTIKPORTAL_INTEGRATED_2023_T1
2023,08,08116,municipality,081165002079,08116079,matched,Gemeinde Lenningen,kreisangehörige Gemeinde,8261,5548894.62,671.70,0.00,207886.06,5341008.56,STATISTIKPORTAL_INTEGRATED_2023_T1
2023,08,08116,municipality,081165003005,08116005,matched,Gemeinde Altdorf (LKR Esslingen),kreisangehörige Gemeinde,1698,592961.85,349.21,0.00,5642.49,587319.36,STATISTIKPORTAL_INTEGRATED_2023_T1
2023,08,08116,municipality,081165003006,08116006,matched,Gemeinde Altenriet,kreisangehörige Gemeinde,2011,1015154.36,504.80,424200.00,5642.49,585311.87,STATISTIKPORTAL_INTEGRATED_2023_T1
2023,08,08116,municipality,081165003008,08116008,matched,Gemeinde Bempflingen,kreisangehörige Gemeinde,3480,1826016.78,524.72,1670206.00,16927.47,138883.31,STATISTIKPORTAL_INTEGRATED_2023_T1
2023,08,08116,municipality,081165003041,08116041,matched,Gemeinde Neckartailfingen,kreisangehörige Gemeinde,3992,1527935.75,382.75,714155.00,27986.75,785794.00,STATISTIKPORTAL_INTEGRATED_2023_T1
2023,08,08116,municipality,081165003042,08116042,matched,Gemeinde Neckartenzlingen,kreisangehörige Gemeinde,6494,3416072.18,526.04,1151622.00,50556.72,2213893.46,STATISTIKPORTAL_INTEGRATED_2023_T1
2023,08,08116,municipality,081165003063,08116063,matched,Gemeinde Schlaitdorf,kreisangehörige Gemeinde,1967,642906.36,326.85,51952.00,5642.49,585311.87,STATISTIKPORTAL_INTEGRATED_2023_T1
2023,08,08116,municipality,081165004011,08116011,matched,Gemeinde Beuren,kreisangehörige Gemeinde,3710,18654817.69,5028.25,2640180.00,16.68,16014621.01,STATISTIKPORTAL_INTEGRATED_2023_T1
2023,08,08116,municipality,081165004036,08116036,matched,Gemeinde Kohlberg,kreisangehörige Gemeinde,2295,2380642.49,1037.32,1249580.00,5659.17,1125403.32,STATISTIKPORTAL_INTEGRATED_2023_T1
2023,08,08116,municipality,081165004046,08116046,matched,Stadt Neuffen,kreisangehörige Gemeinde,6334,11786974.60,1860.91,3091250.00,5642.49,8690082.11,STATISTIKPORTAL_INTEGRATED_2023_T1
2023,08,08116,municipality,081165005020,08116020,matched,Gemeinde Frickenhausen,kreisangehörige Gemeinde,9309,21595698.26,2319.87,5385328.00,84185.97,16126184.29,STATISTIKPORTAL_INTEGRATED_2023_T1
2023,08,08116,municipality,081165005022,08116022,matched,Gemeinde Großbettlingen,kreisangehörige Gemeinde,4358,3451639.09,792.02,1620007.00,16944.15,1814687.94,STATISTIKPORTAL_INTEGRATED_2023_T1
2023,08,08116,municipality,081165005049,08116049,matched,Große Kreisstadt Nürtingen,kreisangehörige Gemeinde,41354,76633049.26,1853.10,22452278.00,8261507.17,45919264.09,STATISTIKPORTAL_INTEGRATED_2023_T1
2023,08,08116,municipality,081165005050,08116050,matched,Gemeinde Oberboihingen,kreisangehörige Gemeinde,5732,3440222.86,600.18,2126250.00,39288.43,1274684.43,STATISTIKPORTAL_INTEGRATED_2023_T1
2023,08,08116,municipality,081165005068,08116068,matched,Gemeinde Unterensingen,kreisangehörige Gemeinde,5022,5400457.71,1075.36,2943415.00,16944.15,2440098.56,STATISTIKPORTAL_INTEGRATED_2023_T1
2023,08,08116,municipality,081165005073,08116073,matched,Gemeinde Wolfschlugen,kreisangehörige Gemeinde,6412,4925510.52,768.17,0.00,39288.43,4886222.09,STATISTIKPORTAL_INTEGRATED_2023_T1
2023,08,08116,municipality,081165006004,08116004,matched,Gemeinde Altbach,kreisangehörige Gemeinde,6457,4144350.22,641.84,3708314.00,73143.37,362892.85,STATISTIKPORTAL_INTEGRATED_2023_T1
2023,08,08116,municipality,081165006014,08116014,matched,Gemeinde Deizisau,kreisangehörige Gemeinde,6924,1555379.50,224.64,0.00,95487.63,1459891.87,STATISTIKPORTAL_INTEGRATED_2023_T1
2023,08,08116,municipality,081165006056,08116056,matched,Stadt Plochingen,kreisangehörige Gemeinde,14573,25094208.73,1721.97,3800786.00,129342.58,21164080.15,STATISTIKPORTAL_INTEGRATED_2023_T1
2023,08,08116,municipality,081165007007,08116007,matched,Gemeinde Baltmannsweiler,kreisangehörige Gemeinde,5698,1156413.28,202.95,0.00,16927.47,1139485.81,STATISTIKPORTAL_INTEGRATED_2023_T1
2023,08,08116,municipality,081165007027,08116027,matched,Gemeinde Hochdorf (LKR Esslingen),kreisangehörige Gemeinde,4990,3474959.16,696.38,1069047.00,177013.43,2228898.73,STATISTIKPORTAL_INTEGRATED_2023_T1
2023,08,08116,municipality,081165007037,08116037,matched,Gemeinde Lichtenwald,kreisangehörige Gemeinde,2663,862208.23,323.77,295725.00,5642.49,560840.74,STATISTIKPORTAL_INTEGRATED_2023_T1
2023,08,08116,municipality,081165007058,08116058,matched,Gemeinde Reichenbach an der Fils,kreisangehörige Gemeinde,8633,11885092.13,1376.70,1578756.00,222153.37,10084182.76,STATISTIKPORTAL_INTEGRATED_2023_T1
2023,08,08116,municipality,081165008012,08116012,matched,Gemeinde Bissingen an der Teck,kreisangehörige Gemeinde,3514,4527701.66,1288.48,712021.00,39271.75,3776408.91,STATISTIKPORTAL_INTEGRATED_2023_T1
2023,08,08116,municipality,081165008029,08116029,matched,Gemeinde Holzmaden,kreisangehörige Gemeinde,2380,3683844.84,1547.83,2404167.00,5659.17,1274018.67,STATISTIKPORTAL_INTEGRATED_2023_T1
2023,08,08116,municipality,081165008043,08116043,matched,Gemeinde Neidlingen,kreisangehörige Gemeinde,1806,330544.02,183.03,65908.00,0.00,264636.02,STATISTIKPORTAL_INTEGRATED_2023_T1
2023,08,08116,municipality,081165008053,08116053,matched,Gemeinde Ohmden,kreisangehörige Gemeinde,1759,2075480.54,1179.92,446503.00,5642.49,1623335.05,STATISTIKPORTAL_INTEGRATED_2023_T1
2023,08,08116,municipality,081165008070,08116070,matched,Stadt Weilheim an der Teck,kreisangehörige Gemeinde,10352,11825189.75,1142.31,1296837.00,95487.63,10432865.12,STATISTIKPORTAL_INTEGRATED_2023_T1
2023,08,08116,municipality,081165009035,08116035,matched,Gemeinde Köngen,kreisangehörige Gemeinde,9827,13238606.66,1347.17,0.00,84185.97,13154420.69,STATISTIKPORTAL_INTEGRATED_2023_T1
2023,08,08116,municipality,081165009071,08116071,matched,Stadt Wendlingen am Neckar,kreisangehörige Gemeinde,16253,14068825.59,865.61,0.00,140385.18,13928440.41,STATISTIKPORTAL_INTEGRATED_2023_T1
2023,08,08117,county_administration,08117,,not_applicable,Landratsamt Göppingen,Landkreis,262650,515098569.63,1961.16,179773318.00,4535070.09,330790181.54,STATISTIKPORTAL_INTEGRATED_2023_T1
2023,08,08117,municipality,081170010010,08117010,matched,Gemeinde Böhmenkirch,kreisangehörige Gemeinde,5672,8855322.34,1561.23,2631686.00,0.00,6223636.34,STATISTIKPORTAL_INTEGRATED_2023_T1
2023,08,08117,municipality,081175001006,08117006,matched,Gemeinde Bad Ditzenbach,kreisangehörige Gemeinde,3836,13312326.05,3470.37,7938226.00,180918.04,5193182.01,STATISTIKPORTAL_INTEGRATED_2023_T1
2023,08,08117,municipality,081175001014,08117014,matched,Gemeinde Deggingen,kreisangehörige Gemeinde,5316,6615703.19,1244.49,940518.00,253036.50,5422148.69,STATISTIKPORTAL_INTEGRATED_2023_T1
2023,08,08117,municipality,081175002018,08117018,matched,Stadt Ebersbach an der Fils,kreisangehörige Gemeinde,15768,33706226.80,2137.63,5591850.00,162955.15,27951421.65,STATISTIKPORTAL_INTEGRATED_2023_T1
2023,08,08117,municipality,081175002044,08117044,matched,Gemeinde Schlierbach,kreisangehörige Gemeinde,3928,424376.79,108.04,0.00,27986.75,396390.04,STATISTIKPORTAL_INTEGRATED_2023_T1
2023,08,08117,municipality,081175003019,08117019,matched,Große Kreisstadt Eislingen/Fils,kreisangehörige Gemeinde,21802,16546116.15,758.93,3649056.00,241515.39,12655544.76,STATISTIKPORTAL_INTEGRATED_2023_T1
2023,08,08117,municipality,081175003037,08117037,matched,Gemeinde Ottenbach,kreisangehörige Gemeinde,2423,1991355.59,821.86,1536676.00,5642.49,449037.10,STATISTIKPORTAL_INTEGRATED_2023_T1
2023,08,08117,municipality,081175003042,08117042,matched,Gemeinde Salach,kreisangehörige Gemeinde,8241,14145763.89,1716.51,6144842.00,73126.69,7927795.20,STATISTIKPORTAL_INTEGRATED_2023_T1
2023,08,08117,municipality,081175004007,08117007,matched,Gemeinde Bad Überkingen,kreisangehörige Gemeinde,3893,3070047.46,788.61,1509015.00,68777.10,1492255.36,STATISTIKPORTAL_INTEGRATED_2023_T1
2023,08,08117,municipality,081175004024,08117024,matched,Große Kreisstadt Geislingen an der Steige,kreisangehörige Gemeinde,29080,82634569.09,2841.63,9027191.00,17393959.51,56213418.58,STATISTIKPORTAL_INTEGRATED_2023_T1
2023,08,08117,municipality,081175004033,08117033,matched,Gemeinde Kuchen,kreisangehörige Gemeinde,5710,527683.15,92.41,0.00,91702.80,435980.35,STATISTIKPORTAL_INTEGRATED_2023_T1
2023,08,08117,municipality,081175005026,08117026,matched,Große Kreisstadt Göppingen,kreisangehörige Gemeinde,59073,315345780.56,5338.24,9150174.00,589995.67,305605610.89,STATISTIKPORTAL_INTEGRATED_2023_T1
2023,08,08117,municipality,081175005043,08117043,matched,Gemeinde Schlat,kreisangehörige Gemeinde,1702,487290.44,286.30,228470.00,5642.49,253177.95,STATISTIKPORTAL_INTEGRATED_2023_T1
2023,08,08117,municipality,081175005053,08117053,matched,Gemeinde Wäschenbeuren,kreisangehörige Gemeinde,3974,821643.04,206.75,0.00,5642.49,816000.55,STATISTIKPORTAL_INTEGRATED_2023_T1
2023,08,08117,municipality,081175005055,08117055,matched,Gemeinde Wangen,kreisangehörige Gemeinde,3228,1157163.13,358.48,900000.00,16927.47,240235.66,STATISTIKPORTAL_INTEGRATED_2023_T1
2023,08,08117,municipality,081175006015,08117015,matched,Stadt Donzdorf,kreisangehörige Gemeinde,10971,31631099.27,2883.16,9512060.00,50573.40,22068465.87,STATISTIKPORTAL_INTEGRATED_2023_T1
2023,08,08117,municipality,081175006025,08117025,matched,Gemeinde Gingen an der Fils,kreisangehörige Gemeinde,4607,2644074.68,573.93,784660.00,0.00,1859414.68,STATISTIKPORTAL_INTEGRATED_2023_T1
2023,08,08117,municipality,081175006049,08117049,matched,Stadt Süßen,kreisangehörige Gemeinde,10362,11805194.64,1139.28,4746307.00,84202.65,6974684.99,STATISTIKPORTAL_INTEGRATED_2023_T1
2023,08,08117,municipality,081175006061,08117061,matched,Stadt Lauterstein,kreisangehörige Gemeinde,2569,1069260.77,416.22,741742.00,0.00,327518.77,STATISTIKPORTAL_INTEGRATED_2023_T1
2023,08,08117,municipality,081175007016,08117016,matched,Gemeinde Drackenstein,kreisangehörige Gemeinde,458,1380374.87,3013.92,0.00,62948.18,1317426.69,STATISTIKPORTAL_INTEGRATED_2023_T1
2023,08,08117,municipality,081175007028,08117028,matched,Gemeinde Gruibingen,kreisangehörige Gemeinde,2186,3145465.60,1438.91,1148397.00,619388.69,1377679.91,STATISTIKPORTAL_INTEGRATED_2023_T1
2023,08,08117,municipality,081175007031,08117031,matched,Gemeinde Hohenstadt,kreisangehörige Gemeinde,774,1396426.69,1804.17,79000.00,0.00,1317426.69,STATISTIKPORTAL_INTEGRATED_2023_T1
2023,08,08117,municipality,081175007035,08117035,matched,Gemeinde Mühlhausen im Täle,kreisangehörige Gemeinde,1093,2933684.61,2684.07,787376.00,583329.46,1562979.15,STATISTIKPORTAL_INTEGRATED_2023_T1
2023,08,08117,municipality,081175007058,08117058,matched,Stadt Wiesensteig,kreisangehörige Gemeinde,2090,2771541.50,1326.10,1184500.00,108177.69,1478863.81,STATISTIKPORTAL_INTEGRATED_2023_T1
2023,08,08117,municipality,081175008001,08117001,matched,Gemeinde Adelberg,kreisangehörige Gemeinde,1998,4631343.61,2317.99,821700.00,36403.75,3773239.86,STATISTIKPORTAL_INTEGRATED_2023_T1
2023,08,08117,municipality,081175008009,08117009,matched,Gemeinde Birenbach,kreisangehörige Gemeinde,1908,2011517.58,1054.25,1029315.00,14059.49,968143.09,STATISTIKPORTAL_INTEGRATED_2023_T1
2023,08,08117,municipality,081175008011,08117011,matched,Gemeinde Börtlingen,kreisangehörige Gemeinde,1741,2258583.02,1297.29,1685804.00,14059.49,558719.53,STATISTIKPORTAL_INTEGRATED_2023_T1
2023,08,08117,municipality,081175008038,08117038,matched,Gemeinde Rechberghausen,kreisangehörige Gemeinde,5508,3448211.77,626.04,1246204.00,36420.43,2165587.34,STATISTIKPORTAL_INTEGRATED_2023_T1
2023,08,08117,municipality,081175009002,08117002,matched,Gemeinde Aichelberg,kreisangehörige Gemeinde,1329,1171074.49,881.17,626090.00,56299.62,488684.87,STATISTIKPORTAL_INTEGRATED_2023_T1
2023,08,08117,municipality,081175009012,08117012,matched,Gemeinde Bad Boll,kreisangehörige Gemeinde,5265,8362654.68,1588.35,4512464.00,67584.62,3782606.06,STATISTIKPORTAL_INTEGRATED_2023_T1
2023,08,08117,municipality,081175009017,08117017,matched,Gemeinde Dürnau (LKR Göppingen),kreisangehörige Gemeinde,2205,472962.17,214.50,157188.00,33957.06,281817.11,STATISTIKPORTAL_INTEGRATED_2023_T1
2023,08,08117,municipality,081175009023,08117023,matched,Gemeinde Gammelshausen,kreisangehörige Gemeinde,1510,783706.24,519.01,474665.00,33957.06,275084.18,STATISTIKPORTAL_INTEGRATED_2023_T1
2023,08,08117,municipality,081175009029,08117029,matched,Gemeinde Hattenhofen,kreisangehörige Gemeinde,2944,5182406.65,1760.33,837500.00,78871.29,4266035.36,STATISTIKPORTAL_INTEGRATED_2023_T1
2023,08,08117,municipality,081175009060,08117060,matched,Gemeinde Zell unter Aichelberg,kreisangehörige Gemeinde,3160,4175229.92,1321.28,3475210.00,45242.04,654777.88,STATISTIKPORTAL_INTEGRATED_2023_T1
2023,08,08117,municipality,081175010003,08117003,matched,Gemeinde Albershausen,kreisangehörige Gemeinde,4455,539384.51,121.07,0.00,27986.75,511397.76,STATISTIKPORTAL_INTEGRATED_2023_T1
2023,08,08117,municipality,081175010051,08117051,matched,Stadt Uhingen,kreisangehörige Gemeinde,14554,6080436.32,417.78,2237500.00,162955.15,3679981.17,STATISTIKPORTAL_INTEGRATED_2023_T1
2023,08,08117,municipality,081175011020,08117020,matched,Gemeinde Eschenbach,kreisangehörige Gemeinde,2121,425899.66,200.80,0.00,50556.72,375342.94,STATISTIKPORTAL_INTEGRATED_2023_T1
2023,08,08117,municipality,081175011030,08117030,matched,Gemeinde Heiningen,kreisangehörige Gemeinde,5196,3223534.40,620.39,2561438.00,16927.47,645168.93,STATISTIKPORTAL_INTEGRATED_2023_T1
2023,08,08118,county_administration,08118,,not_applicable,Landratsamt Ludwigsburg,Landkreis,552575,504621593.93,913.22,68308663.00,16348550.13,419964380.80,STATISTIKPORTAL_INTEGRATED_2023_T1
2023,08,08118,municipality,081180003003,08118003,matched,Stadt Asperg,kreisangehörige Gemeinde,13770,14281729.48,1037.16,8018945.00,106755.94,6156028.54,STATISTIKPORTAL_INTEGRATED_2023_T1
2023,08,08118,municipality,081180011011,08118011,matched,Große Kreisstadt Ditzingen,kreisangehörige Gemeinde,25275,47991726.86,1898.78,8000000.00,1313164.11,38678562.75,STATISTIKPORTAL_INTEGRATED_2023_T1
2023,08,08118,municipality,081180019019,08118019,matched,Stadt Gerlingen,kreisangehörige Gemeinde,19716,11905124.36,603.83,2213123.00,151686.85,9540314.51,STATISTIKPORTAL_INTEGRATED_2023_T1
2023,08,08118,municipality,081180021021,08118021,matched,Stadt Großbottwar,kreisangehörige Gemeinde,8534,21332136.12,2499.66,12861368.00,50573.40,8420194.72,STATISTIKPORTAL_INTEGRATED_2023_T1
2023,08,08118,municipality,081180046046,08118046,matched,Große Kreisstadt Kornwestheim,kreisangehörige Gemeinde,34289,99417465.72,2899.40,0.00,410113.04,99007352.68,STATISTIKPORTAL_INTEGRATED_2023_T1
2023,08,08118,municipality,081180048048,08118048,matched,Große Kreisstadt Ludwigsburg,kreisangehörige Gemeinde,94270,388798188.51,4124.30,19633450.00,10270533.98,358894204.53,STATISTIKPORTAL_INTEGRATED_2023_T1
2023,08,08118,municipality,081180050050,08118050,matched,Stadt Markgröningen,kreisangehörige Gemeinde,15082,39994928.78,2651.83,12628728.00,207869.38,27158331.40,STATISTIKPORTAL_INTEGRATED_2023_T1
2023,08,08118,municipality,081180051051,08118051,matched,Gemeinde Möglingen,kreisangehörige Gemeinde,11279,1375400.33,121.94,0.00,61841.70,1313558.63,STATISTIKPORTAL_INTEGRATED_2023_T1
2023,08,08118,municipality,081180060060,08118060,matched,Gemeinde Oberstenfeld,kreisangehörige Gemeinde,7949,9988442.63,1256.57,4162764.00,95487.63,5730191.00,STATISTIKPORTAL_INTEGRATED_2023_T1
2023,08,08118,municipality,081180076076,08118076,matched,Stadt Sachsenheim,kreisangehörige Gemeinde,19494,8705944.60,446.60,34084.00,118049.06,8553811.54,STATISTIKPORTAL_INTEGRATED_2023_T1
2023,08,08118,municipality,081180080080,08118080,matched,Stadt Korntal-Münchingen,kreisangehörige Gemeinde,20153,20771643.45,1030.70,6602526.00,3191014.93,10978102.52,STATISTIKPORTAL_INTEGRATED_2023_T1
2023,08,08118,municipality,081180081081,08118081,matched,Große Kreisstadt Remseck am Neckar,kreisangehörige Gemeinde,26658,46828918.08,1756.66,9834095.00,153735.86,36841087.22,STATISTIKPORTAL_INTEGRATED_2023_T1
2023,08,08118,municipality,081185001007,08118007,matched,Stadt Besigheim,kreisangehörige Gemeinde,12863,29960075.50,2329.17,10542995.00,34299.72,19382780.78,STATISTIKPORTAL_INTEGRATED_2023_T1
2023,08,08118,municipality,081185001016,08118016,matched,Gemeinde Freudental,kreisangehörige Gemeinde,2614,5712705.08,2185.43,3029794.00,7744.59,2675166.49,STATISTIKPORTAL_INTEGRATED_2023_T1
2023,08,08118,municipality,081185001018,08118018,matched,Gemeinde Gemmrigheim,kreisangehörige Gemeinde,4952,1322143.50,266.99,0.00,42427.74,1279715.76,STATISTIKPORTAL_INTEGRATED_2023_T1
2023,08,08118,municipality,081185001028,08118028,matched,Gemeinde Hessigheim,kreisangehörige Gemeinde,2547,1012344.86,397.47,13605.00,7745.76,990994.10,STATISTIKPORTAL_INTEGRATED_2023_T1
2023,08,08118,municipality,081185001047,08118047,matched,Gemeinde Löchgau,kreisangehörige Gemeinde,5970,2937039.66,491.97,1536846.00,42424.90,1357768.76,STATISTIKPORTAL_INTEGRATED_2023_T1
2023,08,08118,municipality,081185001053,08118053,matched,Gemeinde Mundelsheim,kreisangehörige Gemeinde,3526,1065370.27,302.15,322741.00,19032.41,723596.86,STATISTIKPORTAL_INTEGRATED_2023_T1
2023,08,08118,municipality,081185001074,08118074,matched,Gemeinde Walheim,kreisangehörige Gemeinde,3353,1190410.76,355.03,975000.00,41375.85,174034.91,STATISTIKPORTAL_INTEGRATED_2023_T1
2023,08,08118,municipality,081185002071,08118071,matched,Stadt Tamm,kreisangehörige Gemeinde,12653,17368368.10,1372.67,218736.00,129325.90,17020306.20,STATISTIKPORTAL_INTEGRATED_2023_T1
2023,08,08118,municipality,081185002077,08118077,matched,Gemeinde Ingersheim,kreisangehörige Gemeinde,6437,10002535.76,1553.91,4919822.00,3627986.75,1454727.01,STATISTIKPORTAL_INTEGRATED_2023_T1
2023,08,08118,municipality,081185002079,08118079,matched,Große Kreisstadt Bietigheim-Bissingen,kreisangehörige Gemeinde,43845,326543069.43,7447.67,0.00,14925776.23,311617293.20,STATISTIKPORTAL_INTEGRATED_2023_T1
2023,08,08118,municipality,081185003010,08118010,matched,Stadt Bönnigheim,kreisangehörige Gemeinde,8428,5678407.04,673.75,1173000.00,50562.28,4454844.76,STATISTIKPORTAL_INTEGRATED_2023_T1
2023,08,08118,municipality,081185003015,08118015,matched,Gemeinde Erligheim,kreisangehörige Gemeinde,3072,1186603.62,386.26,0.00,5648.05,1180955.57,STATISTIKPORTAL_INTEGRATED_2023_T1
2023,08,08118,municipality,081185003040,08118040,matched,Gemeinde Kirchheim am Neckar,kreisangehörige Gemeinde,6244,19907117.82,3188.20,11596745.00,5.56,8310367.26,STATISTIKPORTAL_INTEGRATED_2023_T1
2023,08,08118,municipality,081185004063,08118063,matched,Gemeinde Pleidelsheim,kreisangehörige Gemeinde,6431,20829651.55,3238.94,11600229.00,50556.72,9178865.83,STATISTIKPORTAL_INTEGRATED_2023_T1
2023,08,08118,municipality,081185004078,08118078,matched,Stadt Freiberg am Neckar,kreisangehörige Gemeinde,16262,75095772.46,4617.87,43684229.00,118057.60,31293485.86,STATISTIKPORTAL_INTEGRATED_2023_T1
2023,08,08118,municipality,081185005001,08118001,matched,Gemeinde Affalterbach,kreisangehörige Gemeinde,4524,751997.91,166.22,0.00,39288.43,712709.48,STATISTIKPORTAL_INTEGRATED_2023_T1
2023,08,08118,municipality,081185005006,08118006,matched,Gemeinde Benningen am Neckar,kreisangehörige Gemeinde,6701,17530551.88,2616.11,6404640.00,28003.43,11097908.45,STATISTIKPORTAL_INTEGRATED_2023_T1
2023,08,08118,municipality,081185005014,08118014,matched,Gemeinde Erdmannhausen,kreisangehörige Gemeinde,5321,4476983.26,841.38,1933500.00,16927.47,2526555.79,STATISTIKPORTAL_INTEGRATED_2023_T1
2023,08,08118,municipality,081185005049,08118049,matched,Stadt Marbach am Neckar,kreisangehörige Gemeinde,15962,34900619.45,2186.48,17190079.00,5642.49,17704897.96,STATISTIKPORTAL_INTEGRATED_2023_T1
2023,08,08118,municipality,081185006027,08118027,matched,Gemeinde Hemmingen,kreisangehörige Gemeinde,8190,4634646.17,565.89,0.00,2751921.27,1882724.90,STATISTIKPORTAL_INTEGRATED_2023_T1
2023,08,08118,municipality,081185006067,08118067,matched,Gemeinde Schwieberdingen,kreisangehörige Gemeinde,11646,5148958.96,442.12,1342100.00,2430685.11,1376173.85,STATISTIKPORTAL_INTEGRATED_2023_T1
2023,08,08118,municipality,081185007054,08118054,matched,Gemeinde Murr,kreisangehörige Gemeinde,6824,1665350.82,244.04,0.00,50573.40,1614777.42,STATISTIKPORTAL_INTEGRATED_2023_T1
2023,08,08118,municipality,081185007070,08118070,matched,Stadt Steinheim an der Murr,kreisangehörige Gemeinde,12218,12007593.58,982.78,3342116.00,61858.38,8603619.20,STATISTIKPORTAL_INTEGRATED_2023_T1
2023,08,08118,municipality,081185008012,08118012,matched,Gemeinde Eberdingen,kreisangehörige Gemeinde,6960,476687.46,68.49,0.00,39271.75,437415.71,STATISTIKPORTAL_INTEGRATED_2023_T1
2023,08,08118,municipality,081185008059,08118059,matched,Stadt Oberriexingen,kreisangehörige Gemeinde,3363,2553972.59,759.43,0.00,5644.62,2548327.97,STATISTIKPORTAL_INTEGRATED_2023_T1
2023,08,08118,municipality,081185008068,08118068,matched,Gemeinde Sersheim,kreisangehörige Gemeinde,5804,6265061.96,1079.44,0.00,39274.00,6225787.96,STATISTIKPORTAL_INTEGRATED_2023_T1
2023,08,08118,municipality,081185008073,08118073,matched,Große Kreisstadt Vaihingen an der Enz,kreisangehörige Gemeinde,29396,46930113.17,1596.48,13110753.00,140401.86,33678958.31,STATISTIKPORTAL_INTEGRATED_2023_T1
2023,08,08119,county_administration,08119,,not_applicable,Landratsamt Rems-Murr-Kreis,Landkreis,433184,648593615.01,1497.27,102559644.00,5564276.05,540469694.96,STATISTIKPORTAL_INTEGRATED_2023_T1
2023,08,08119,municipality,081190001001,08119001,matched,Gemeinde Alfdorf,kreisangehörige Gemeinde,7224,1178996.47,163.21,128000.00,0.00,1050996.47,STATISTIKPORTAL_INTEGRATED_2023_T1
2023,08,08119,municipality,081190020020,08119020,matched,Große Kreisstadt Fellbach,kreisangehörige Gemeinde,46070,155406774.76,3373.27,60349749.00,4650016.77,90407008.99,STATISTIKPORTAL_INTEGRATED_2023_T1
2023,08,08119,municipality,081190041041,08119041,matched,Gemeinde Korb,kreisangehörige Gemeinde,11134,18285820.39,1642.34,8099998.00,50556.72,10135265.67,STATISTIKPORTAL_INTEGRATED_2023_T1
2023,08,08119,municipality,081190044044,08119044,matched,Stadt Murrhardt,kreisangehörige Gemeinde,14184,22766480.06,1605.08,4253875.00,611360.12,17901244.94,STATISTIKPORTAL_INTEGRATED_2023_T1
2023,08,08119,municipality,081190061061,08119061,matched,Gemeinde Rudersberg,kreisangehörige Gemeinde,11402,25965631.05,2277.29,124448.00,95470.95,25745712.10,STATISTIKPORTAL_INTEGRATED_2023_T1
2023,08,08119,municipality,081190079079,08119079,matched,Große Kreisstadt Waiblingen,kreisangehörige Gemeinde,56010,97991530.25,1749.54,8172973.00,12152338.04,77666219.21,STATISTIKPORTAL_INTEGRATED_2023_T1
2023,08,08119,municipality,081190089089,08119089,matched,Gemeinde Berglen,kreisangehörige Gemeinde,6717,3097405.73,461.13,0.00,27986.75,3069418.98,STATISTIKPORTAL_INTEGRATED_2023_T1
2023,08,08119,municipality,081190090090,08119090,matched,Gemeinde Remshalden,kreisangehörige Gemeinde,14169,24233322.50,1710.31,9306609.00,120104.62,14806608.88,STATISTIKPORTAL_INTEGRATED_2023_T1
2023,08,08119,municipality,081190091091,08119091,matched,Große Kreisstadt Weinstadt,kreisangehörige Gemeinde,27074,65455834.44,2417.66,4912785.00,221220.06,60321829.38,STATISTIKPORTAL_INTEGRATED_2023_T1
2023,08,08119,municipality,081190093093,08119093,matched,Gemeinde Kernen im Remstal,kreisangehörige Gemeinde,15442,8163525.33,528.66,5778000.00,95487.63,2290037.70,STATISTIKPORTAL_INTEGRATED_2023_T1
2023,08,08119,municipality,081195001003,08119003,matched,Gemeinde Allmersbach im Tal,kreisangehörige Gemeinde,5070,4966173.28,979.52,2703397.00,229787.37,2032988.91,STATISTIKPORTAL_INTEGRATED_2023_T1
2023,08,08119,municipality,081195001004,08119004,matched,Gemeinde Althütte,kreisangehörige Gemeinde,4290,715099.94,166.69,0.00,16927.47,698172.47,STATISTIKPORTAL_INTEGRATED_2023_T1
2023,08,08119,municipality,081195001006,08119006,matched,Gemeinde Auenwald,kreisangehörige Gemeinde,6820,5800703.47,850.54,1743022.00,553057.85,3504623.62,STATISTIKPORTAL_INTEGRATED_2023_T1
2023,08,08119,municipality,081195001008,08119008,matched,Große Kreisstadt Backnang,kreisangehörige Gemeinde,37985,89416039.13,2353.98,2506350.00,6054513.04,80855176.09,STATISTIKPORTAL_INTEGRATED_2023_T1
2023,08,08119,municipality,081195001018,08119018,matched,Gemeinde Burgstetten,kreisangehörige Gemeinde,3741,6911011.07,1847.37,4489021.00,5642.49,2416347.58,STATISTIKPORTAL_INTEGRATED_2023_T1
2023,08,08119,municipality,081195001038,08119038,matched,Gemeinde Kirchberg an der Murr,kreisangehörige Gemeinde,4111,461978.39,112.38,0.00,27986.75,433991.64,STATISTIKPORTAL_INTEGRATED_2023_T1
2023,08,08119,municipality,081195001053,08119053,matched,Gemeinde Oppenweiler,kreisangehörige Gemeinde,4362,687765.21,157.67,0.00,39288.43,648476.78,STATISTIKPORTAL_INTEGRATED_2023_T1
2023,08,08119,municipality,081195001083,08119083,matched,Gemeinde Weissach im Tal,kreisangehörige Gemeinde,7441,7957284.05,1069.38,4333345.00,709138.43,2914800.62,STATISTIKPORTAL_INTEGRATED_2023_T1
2023,08,08119,municipality,081195001087,08119087,matched,Gemeinde Aspach,kreisangehörige Gemeinde,8230,11600549.35,1409.54,774100.00,50573.40,10775875.95,STATISTIKPORTAL_INTEGRATED_2023_T1
2023,08,08119,municipality,081195002055,08119055,matched,Gemeinde Plüderhausen,kreisangehörige Gemeinde,9727,14284699.57,1468.56,5860812.00,334440.38,8089447.19,STATISTIKPORTAL_INTEGRATED_2023_T1
2023,08,08119,municipality,081195002076,08119076,matched,Gemeinde Urbach,kreisangehörige Gemeinde,9141,8497493.88,929.60,3392224.00,368069.63,4737200.25,STATISTIKPORTAL_INTEGRATED_2023_T1
2023,08,08119,municipality,081195003067,08119067,matched,Große Kreisstadt Schorndorf,kreisangehörige Gemeinde,40265,182869657.70,4541.65,46765978.00,31284101.97,104819577.73,STATISTIKPORTAL_INTEGRATED_2023_T1
2023,08,08119,municipality,081195003086,08119086,matched,Gemeinde Winterbach,kreisangehörige Gemeinde,7739,3297379.73,426.07,413610.00,63890.72,2819879.01,STATISTIKPORTAL_INTEGRATED_2023_T1
2023,08,08119,municipality,081195004024,08119024,matched,Gemeinde Großerlach,kreisangehörige Gemeinde,2618,1163129.93,444.28,917707.00,5642.49,239780.44,STATISTIKPORTAL_INTEGRATED_2023_T1
2023,08,08119,municipality,081195004069,08119069,matched,Gemeinde Spiegelberg,kreisangehörige Gemeinde,2174,738335.93,339.62,597953.00,5642.49,134740.44,STATISTIKPORTAL_INTEGRATED_2023_T1
2023,08,08119,municipality,081195004075,08119075,matched,Gemeinde Sulzbach an der Murr,kreisangehörige Gemeinde,5311,3236121.27,609.32,1999205.00,328974.35,907941.92,STATISTIKPORTAL_INTEGRATED_2023_T1
2023,08,08119,municipality,081195005037,08119037,matched,Gemeinde Kaisersbach,kreisangehörige Gemeinde,2370,347725.33,146.72,61294.00,0.00,286431.33,STATISTIKPORTAL_INTEGRATED_2023_T1
2023,08,08119,municipality,081195005084,08119084,matched,Stadt Welzheim,kreisangehörige Gemeinde,11390,4152547.62,364.58,459999.00,16.68,3692531.94,STATISTIKPORTAL_INTEGRATED_2023_T1
2023,08,08119,municipality,081195006042,08119042,matched,Gemeinde Leutenbach,kreisangehörige Gemeinde,11809,12548383.06,1062.61,4979048.00,61858.38,7507476.68,STATISTIKPORTAL_INTEGRATED_2023_T1
2023,08,08119,municipality,081195006068,08119068,matched,Gemeinde Schwaikheim,kreisangehörige Gemeinde,9787,6615066.32,675.90,4524422.00,61858.38,2028785.94,STATISTIKPORTAL_INTEGRATED_2023_T1
2023,08,08119,municipality,081195006085,08119085,matched,Große Kreisstadt Winnenden,kreisangehörige Gemeinde,29377,80872316.61,2752.91,11000000.00,241515.30,69630801.31,STATISTIKPORTAL_INTEGRATED_2023_T1
2023,08,08121,municipality,081210000000,08121000,matched,"Stadt Heilbronn, Stadtkreis",Stadtkreis,128862,551924331.29,4283.07,1100000.00,352361.45,550471969.84,STATISTIKPORTAL_INTEGRATED_2023_T1
2023,08,08125,county_administration,08125,,not_applicable,Landratsamt Heilbronn,Landkreis,354839,113998645.14,321.27,38418030.00,835373.17,74745241.97,STATISTIKPORTAL_INTEGRATED_2023_T1
2023,08,08125,municipality,081250007007,08125007,matched,Stadt Bad Wimpfen,kreisangehörige Gemeinde,7497,18760936.78,2502.46,1669484.00,241498.62,16849954.16,STATISTIKPORTAL_INTEGRATED_2023_T1
2023,08,08125,municipality,081250039039,08125039,matched,Stadt Gundelsheim,kreisangehörige Gemeinde,7540,4782351.29,634.26,3639147.00,26840.00,1116364.29,STATISTIKPORTAL_INTEGRATED_2023_T1
2023,08,08125,municipality,081250058058,08125058,matched,Stadt Leingarten,kreisangehörige Gemeinde,11783,3017746.98,256.11,0.00,1198101.84,1819645.14,STATISTIKPORTAL_INTEGRATED_2023_T1
2023,08,08125,municipality,081250068068,08125068,matched,Stadt Neudenau,kreisangehörige Gemeinde,5578,1877958.22,336.67,794146.00,0.00,1083812.22,STATISTIKPORTAL_INTEGRATED_2023_T1
2023,08,08125,municipality,081250107107,08125107,matched,Gemeinde Wüstenrot,kreisangehörige Gemeinde,6791,10268621.28,1512.09,4448000.00,0.00,5820621.28,STATISTIKPORTAL_INTEGRATED_2023_T1
2023,08,08125,municipality,081255001005,08125005,matched,Stadt Bad Friedrichshall,kreisangehörige Gemeinde,19911,30006523.89,1507.03,2965932.00,0.00,27040591.89,STATISTIKPORTAL_INTEGRATED_2023_T1
2023,08,08125,municipality,081255001078,08125078,matched,Gemeinde Oedheim,kreisangehörige Gemeinde,6721,2299023.14,342.07,0.00,264293.32,2034729.82,STATISTIKPORTAL_INTEGRATED_2023_T1
2023,08,08125,municipality,081255001079,08125079,matched,Gemeinde Offenau,kreisangehörige Gemeinde,2951,6265649.37,2123.23,2341021.00,0.00,3924628.37,STATISTIKPORTAL_INTEGRATED_2023_T1
2023,08,08125,municipality,081255002006,08125006,matched,Große Kreisstadt Bad Rappenau,kreisangehörige Gemeinde,22476,60515996.27,2692.47,2224160.00,1013501.87,57278334.40,STATISTIKPORTAL_INTEGRATED_2023_T1
2023,08,08125,municipality,081255002049,08125049,matched,Gemeinde Kirchardt,kreisangehörige Gemeinde,6029,19365061.10,3211.99,3484508.00,372403.11,15508149.99,STATISTIKPORTAL_INTEGRATED_2023_T1
2023,08,08125,municipality,081255002087,08125087,matched,Gemeinde Siegelsbach,kreisangehörige Gemeinde,1727,6920148.64,4007.03,686539.00,49794.14,6183815.50,STATISTIKPORTAL_INTEGRATED_2023_T1
2023,08,08125,municipality,081255003013,08125013,matched,Stadt Brackenheim,kreisangehörige Gemeinde,16699,2041059.68,122.23,0.00,151670.17,1889389.51,STATISTIKPORTAL_INTEGRATED_2023_T1
2023,08,08125,municipality,081255003017,08125017,matched,Gemeinde Cleebronn,kreisangehörige Gemeinde,3229,1631112.71,505.14,1462232.00,27986.75,140893.96,STATISTIKPORTAL_INTEGRATED_2023_T1
2023,08,08125,municipality,081255004026,08125026,matched,Große Kreisstadt Eppingen,kreisangehörige Gemeinde,22253,46011105.69,2067.64,10134048.00,7544967.26,28332090.43,STATISTIKPORTAL_INTEGRATED_2023_T1
2023,08,08125,municipality,081255004034,08125034,matched,Gemeinde Gemmingen,kreisangehörige Gemeinde,5489,19457801.17,3544.87,2400902.00,351938.95,16704960.22,STATISTIKPORTAL_INTEGRATED_2023_T1
2023,08,08125,municipality,081255004047,08125047,matched,Gemeinde Ittlingen,kreisangehörige Gemeinde,2666,16914881.51,6344.67,1452539.00,423703.69,15038638.82,STATISTIKPORTAL_INTEGRATED_2023_T1
2023,08,08125,municipality,081255005030,08125030,matched,Gemeinde Flein,kreisangehörige Gemeinde,7377,1363565.05,184.84,0.00,27986.75,1335578.30,STATISTIKPORTAL_INTEGRATED_2023_T1
2023,08,08125,municipality,081255005094,08125094,matched,Gemeinde Talheim (LKR Heilbronn),kreisangehörige Gemeinde,5128,345350.89,67.35,0.00,50556.72,294794.17,STATISTIKPORTAL_INTEGRATED_2023_T1
2023,08,08125,municipality,081255006056,08125056,matched,Stadt Lauffen am Neckar,kreisangehörige Gemeinde,11869,12651116.01,1065.90,6451070.00,0.00,6200046.01,STATISTIKPORTAL_INTEGRATED_2023_T1
2023,08,08125,municipality,081255006066,08125066,matched,Gemeinde Neckarwestheim,kreisangehörige Gemeinde,4178,2820386.33,675.06,0.00,1065859.71,1754526.62,STATISTIKPORTAL_INTEGRATED_2023_T1
2023,08,08125,municipality,081255006074,08125074,matched,Gemeinde Nordheim,kreisangehörige Gemeinde,8448,6180625.38,731.61,5823023.00,39271.75,318330.63,STATISTIKPORTAL_INTEGRATED_2023_T1
2023,08,08125,municipality,081255007048,08125048,matched,Gemeinde Jagsthausen,kreisangehörige Gemeinde,2196,1909733.44,869.64,944799.00,0.01,964934.43,STATISTIKPORTAL_INTEGRATED_2023_T1
2023,08,08125,municipality,081255007063,08125063,matched,Stadt Möckmühl,kreisangehörige Gemeinde,8586,6145240.92,715.73,3691700.00,217414.56,2236126.36,STATISTIKPORTAL_INTEGRATED_2023_T1
2023,08,08125,municipality,081255007084,08125084,matched,Gemeinde Roigheim,kreisangehörige Gemeinde,1497,4021622.44,2686.45,693852.00,108715.44,3219055.00,STATISTIKPORTAL_INTEGRATED_2023_T1
2023,08,08125,municipality,081255007103,08125103,matched,Stadt Widdern an der Jagst,kreisangehörige Gemeinde,1829,2833236.00,1549.06,1723052.00,0.00,1110184.00,STATISTIKPORTAL_INTEGRATED_2023_T1
2023,08,08125,municipality,081255008027,08125027,matched,Gemeinde Erlenbach,kreisangehörige Gemeinde,5205,9846931.78,1891.82,2932676.00,0.01,6914255.77,STATISTIKPORTAL_INTEGRATED_2023_T1
2023,08,08125,municipality,081255008065,08125065,matched,Große Kreisstadt Neckarsulm,kreisangehörige Gemeinde,26506,28692886.48,1082.51,0.00,677660.77,28015225.71,STATISTIKPORTAL_INTEGRATED_2023_T1
2023,08,08125,municipality,081255008096,08125096,matched,Gemeinde Untereisesheim,kreisangehörige Gemeinde,4422,3184715.34,720.20,441196.00,5642.49,2737876.85,STATISTIKPORTAL_INTEGRATED_2023_T1
2023,08,08125,municipality,081255009069,08125069,matched,Stadt Neuenstadt am Kocher,kreisangehörige Gemeinde,10499,4161608.09,396.38,0.00,4083331.79,78276.30,STATISTIKPORTAL_INTEGRATED_2023_T1
2023,08,08125,municipality,081255009111,08125111,matched,Gemeinde Hardthausen am Kocher,kreisangehörige Gemeinde,4492,2848156.59,634.05,1249182.00,1598974.59,0.00,STATISTIKPORTAL_INTEGRATED_2023_T1
2023,08,08125,municipality,081255009113,08125113,matched,Gemeinde Langenbrettach,kreisangehörige Gemeinde,3900,112986.14,28.97,0.00,0.00,112986.14,STATISTIKPORTAL_INTEGRATED_2023_T1
2023,08,08125,municipality,081255010038,08125038,matched,Stadt Güglingen,kreisangehörige Gemeinde,6431,4564919.57,709.83,2698171.00,408023.57,1458725.00,STATISTIKPORTAL_INTEGRATED_2023_T1
2023,08,08125,municipality,081255010081,08125081,matched,Gemeinde Pfaffenhofen,kreisangehörige Gemeinde,2541,1073914.65,422.63,0.00,28977.35,1044937.30,STATISTIKPORTAL_INTEGRATED_2023_T1
2023,08,08125,municipality,081255010108,08125108,matched,Gemeinde Zaberfeld,kreisangehörige Gemeinde,4272,2011341.71,470.82,0.00,28977.71,1982364.00,STATISTIKPORTAL_INTEGRATED_2023_T1
2023,08,08125,municipality,081255011059,08125059,matched,Stadt Löwenstein,kreisangehörige Gemeinde,3419,2410076.23,704.91,1761445.00,0.00,648631.23,STATISTIKPORTAL_INTEGRATED_2023_T1
2023,08,08125,municipality,081255011110,08125110,matched,Gemeinde Obersulm,kreisangehörige Gemeinde,14000,20359222.08,1454.23,1349435.00,3785850.00,15223937.08,STATISTIKPORTAL_INTEGRATED_2023_T1
2023,08,08125,municipality,081255012001,08125001,matched,Gemeinde Abstatt,kreisangehörige Gemeinde,5043,2109851.61,418.37,0.00,887195.12,1222656.49,STATISTIKPORTAL_INTEGRATED_2023_T1
2023,08,08125,municipality,081255012008,08125008,matched,Stadt Beilstein,kreisangehörige Gemeinde,6254,4866207.45,778.10,3080559.00,27986.75,1757661.70,STATISTIKPORTAL_INTEGRATED_2023_T1
2023,08,08125,municipality,081255012046,08125046,matched,Gemeinde Ilsfeld,kreisangehörige Gemeinde,9868,50080029.06,5074.99,4450000.00,11349383.14,34280645.92,STATISTIKPORTAL_INTEGRATED_2023_T1
2023,08,08125,municipality,081255012098,08125098,matched,Gemeinde Untergruppenbach,kreisangehörige Gemeinde,8692,2818249.74,324.23,683549.00,1162997.40,971703.34,STATISTIKPORTAL_INTEGRATED_2023_T1
2023,08,08125,municipality,081255013061,08125061,matched,Gemeinde Massenbachhausen,kreisangehörige Gemeinde,3744,4158032.01,1110.59,119438.00,433368.88,3605225.13,STATISTIKPORTAL_INTEGRATED_2023_T1
2023,08,08125,municipality,081255013086,08125086,matched,Stadt Schwaigern,kreisangehörige Gemeinde,11761,6638614.42,564.46,2431333.00,1301674.34,2905607.08,STATISTIKPORTAL_INTEGRATED_2023_T1
2023,08,08125,municipality,081255014021,08125021,matched,Gemeinde Eberstadt,kreisangehörige Gemeinde,3224,5194955.37,1611.34,1793064.00,0.01,3401891.36,STATISTIKPORTAL_INTEGRATED_2023_T1
2023,08,08125,municipality,081255014024,08125024,matched,Gemeinde Ellhofen,kreisangehörige Gemeinde,3972,449562.31,113.18,0.00,0.00,449562.31,STATISTIKPORTAL_INTEGRATED_2023_T1
2023,08,08125,municipality,081255014057,08125057,matched,Gemeinde Lehrensteinsfeld,kreisangehörige Gemeinde,2738,1188620.40,434.12,0.00,0.01,1188620.39,STATISTIKPORTAL_INTEGRATED_2023_T1
2023,08,08125,municipality,081255014102,08125102,matched,Stadt Weinsberg,kreisangehörige Gemeinde,13408,8190078.08,610.84,0.00,0.00,8190078.08,STATISTIKPORTAL_INTEGRATED_2023_T1
2023,08,08126,county_administration,08126,,not_applicable,Landratsamt Hohenlohekreis,Landkreis,115410,61072178.24,529.18,10162572.00,1174796.84,49734809.40,STATISTIKPORTAL_INTEGRATED_2023_T1
2023,08,08126,municipality,081260011011,08126011,matched,Gemeinde Bretzfeld,kreisangehörige Gemeinde,12571,339513.69,27.01,0.00,0.00,339513.69,STATISTIKPORTAL_INTEGRATED_2023_T1
2023,08,08126,municipality,081260072072,08126072,matched,Gemeinde Schöntal,kreisangehörige Gemeinde,5660,1538000.53,271.73,346879.00,0.01,1191121.52,STATISTIKPORTAL_INTEGRATED_2023_T1
2023,08,08126,municipality,081265001047,08126047,matched,Gemeinde Kupferzell,kreisangehörige Gemeinde,6592,6042869.27,916.70,2707957.00,0.00,3334912.27,STATISTIKPORTAL_INTEGRATED_2023_T1
2023,08,08126,municipality,081265001058,08126058,matched,Stadt Neuenstein,kreisangehörige Gemeinde,6698,16694689.10,2492.49,306250.00,0.09,16388439.01,STATISTIKPORTAL_INTEGRATED_2023_T1
2023,08,08126,municipality,081265001085,08126085,matched,Stadt Waldenburg,kreisangehörige Gemeinde,3054,5096890.72,1668.92,1586409.00,0.01,3510481.71,STATISTIKPORTAL_INTEGRATED_2023_T1
2023,08,08126,municipality,081265002020,08126020,matched,Gemeinde Dörzbach,kreisangehörige Gemeinde,2602,3578365.84,1375.24,3130097.00,0.00,448268.84,STATISTIKPORTAL_INTEGRATED_2023_T1
2023,08,08126,municipality,081265002045,08126045,matched,Stadt Krautheim,kreisangehörige Gemeinde,4622,8913052.98,1928.40,3213450.00,49009.52,5650593.46,STATISTIKPORTAL_INTEGRATED_2023_T1
2023,08,08126,municipality,081265002056,08126056,matched,Gemeinde Mulfingen,kreisangehörige Gemeinde,3665,8461678.34,2308.78,7683308.00,0.00,778370.34,STATISTIKPORTAL_INTEGRATED_2023_T1
2023,08,08126,municipality,081265003039,08126039,matched,Stadt Ingelfingen,kreisangehörige Gemeinde,5463,3039184.08,556.32,2240677.00,0.00,798507.08,STATISTIKPORTAL_INTEGRATED_2023_T1
2023,08,08126,municipality,081265003046,08126046,matched,Stadt Künzelsau,kreisangehörige Gemeinde,16289,27902695.06,1712.98,0.00,0.01,27902695.05,STATISTIKPORTAL_INTEGRATED_2023_T1
2023,08,08126,municipality,081265004028,08126028,matched,Stadt Forchtenberg,kreisangehörige Gemeinde,5324,3578912.08,672.22,2936807.00,0.00,642105.08,STATISTIKPORTAL_INTEGRATED_2023_T1
2023,08,08126,municipality,081265004060,08126060,matched,Stadt Niedernhall,kreisangehörige Gemeinde,4228,4745637.08,1122.43,4163021.00,0.00,582616.08,STATISTIKPORTAL_INTEGRATED_2023_T1
2023,08,08126,municipality,081265004086,08126086,matched,Gemeinde Weißbach,kreisangehörige Gemeinde,2062,995080.14,482.58,644441.00,0.00,350639.14,STATISTIKPORTAL_INTEGRATED_2023_T1
2023,08,08126,municipality,081265005066,08126066,matched,Große Kreisstadt Öhringen,kreisangehörige Gemeinde,25472,66149334.98,2596.94,25421024.00,0.01,40728310.97,STATISTIKPORTAL_INTEGRATED_2023_T1
2023,08,08126,municipality,081265005069,08126069,matched,Gemeinde Pfedelbach,kreisangehörige Gemeinde,9316,226187.08,24.28,0.00,0.00,226187.08,STATISTIKPORTAL_INTEGRATED_2023_T1
2023,08,08126,municipality,081265005094,08126094,matched,Gemeinde Zweiflingen,kreisangehörige Gemeinde,1792,2732920.58,1525.07,1655000.00,0.01,1077920.57,STATISTIKPORTAL_INTEGRATED_2023_T1
2023,08,08127,county_administration,08127,,not_applicable,Landratsamt Schwäbisch Hall,Landkreis,203870,147253185.08,722.29,48993073.00,2457571.47,95802540.61,STATISTIKPORTAL_INTEGRATED_2023_T1
2023,08,08127,municipality,081270008008,08127008,matched,Gemeinde Blaufelden,kreisangehörige Gemeinde,5477,9913657.92,1810.05,7766663.00,196791.25,1950203.67,STATISTIKPORTAL_INTEGRATED_2023_T1
2023,08,08127,municipality,081270052052,08127052,matched,Gemeinde Mainhardt,kreisangehörige Gemeinde,6198,19540857.24,3152.77,13808643.00,0.00,5732214.24,STATISTIKPORTAL_INTEGRATED_2023_T1
2023,08,08127,municipality,081270075075,08127075,matched,Stadt Schrozberg,kreisangehörige Gemeinde,5907,7149608.62,1210.36,3484125.00,196909.38,3468574.24,STATISTIKPORTAL_INTEGRATED_2023_T1
2023,08,08127,municipality,081275001009,08127009,matched,Gemeinde Braunsbach,kreisangehörige Gemeinde,2584,4108153.19,1589.84,3004360.00,0.00,1103793.19,STATISTIKPORTAL_INTEGRATED_2023_T1
2023,08,08127,municipality,081275001086,08127086,matched,Gemeinde Untermünkheim,kreisangehörige Gemeinde,3113,1590435.13,510.90,994840.00,0.00,595595.13,STATISTIKPORTAL_INTEGRATED_2023_T1
2023,08,08127,municipality,081275002014,08127014,matched,Große Kreisstadt Crailsheim,kreisangehörige Gemeinde,36012,78573792.40,2181.88,30023087.00,22239.01,48528466.39,STATISTIKPORTAL_INTEGRATED_2023_T1
2023,08,08127,municipality,081275002073,08127073,matched,Gemeinde Satteldorf,kreisangehörige Gemeinde,5813,762722.14,131.21,0.00,146520.84,616201.30,STATISTIKPORTAL_INTEGRATED_2023_T1
2023,08,08127,municipality,081275002103,08127103,matched,Gemeinde Frankenhardt,kreisangehörige Gemeinde,5048,1505513.97,298.24,1300447.00,5178.73,199888.24,STATISTIKPORTAL_INTEGRATED_2023_T1
2023,08,08127,municipality,081275002104,08127104,matched,Gemeinde Stimpfach,kreisangehörige Gemeinde,3111,4992554.40,1604.81,4977384.00,15170.40,0.00,STATISTIKPORTAL_INTEGRATED_2023_T1
2023,08,08127,municipality,081275003101,08127101,matched,Gemeinde Kreßberg,kreisangehörige Gemeinde,4079,8375191.51,2053.25,5212569.00,0.00,3162622.51,STATISTIKPORTAL_INTEGRATED_2023_T1
2023,08,08127,municipality,081275003102,08127102,matched,Gemeinde Fichtenau,kreisangehörige Gemeinde,4551,9549384.30,2098.30,6586650.00,0.00,2962734.30,STATISTIKPORTAL_INTEGRATED_2023_T1
2023,08,08127,municipality,081275004032,08127032,matched,Stadt Gerabronn,kreisangehörige Gemeinde,4511,5048117.15,1119.07,2952198.00,145715.48,1950203.67,STATISTIKPORTAL_INTEGRATED_2023_T1
2023,08,08127,municipality,081275004047,08127047,matched,Stadt Langenburg,kreisangehörige Gemeinde,1905,7094783.23,3724.30,5740888.00,7322.09,1346573.14,STATISTIKPORTAL_INTEGRATED_2023_T1
2023,08,08127,municipality,081275005043,08127043,matched,Stadt Ilshofen,kreisangehörige Gemeinde,7139,1395173.01,195.43,144538.00,12473.85,1238161.16,STATISTIKPORTAL_INTEGRATED_2023_T1
2023,08,08127,municipality,081275005089,08127089,matched,Stadt Vellberg,kreisangehörige Gemeinde,4727,2257511.06,477.58,2091617.00,0.00,165894.06,STATISTIKPORTAL_INTEGRATED_2023_T1
2023,08,08127,municipality,081275005099,08127099,matched,Gemeinde Wolpertshausen,kreisangehörige Gemeinde,2423,1538722.14,635.05,1425736.00,0.00,112986.14,STATISTIKPORTAL_INTEGRATED_2023_T1
2023,08,08127,municipality,081275006023,08127023,matched,Gemeinde Fichtenberg,kreisangehörige Gemeinde,2965,112986.14,38.11,0.00,0.00,112986.14,STATISTIKPORTAL_INTEGRATED_2023_T1
2023,08,08127,municipality,081275006025,08127025,matched,Stadt Gaildorf,kreisangehörige Gemeinde,12417,34740045.37,2797.78,19028339.00,0.00,15711706.37,STATISTIKPORTAL_INTEGRATED_2023_T1
2023,08,08127,municipality,081275006062,08127062,matched,Gemeinde Oberrot,kreisangehörige Gemeinde,3606,511344.14,141.80,398358.00,0.00,112986.14,STATISTIKPORTAL_INTEGRATED_2023_T1
2023,08,08127,municipality,081275006079,08127079,matched,Gemeinde Sulzbach-Laufen,kreisangehörige Gemeinde,2541,1212247.14,477.07,1099261.00,0.00,112986.14,STATISTIKPORTAL_INTEGRATED_2023_T1
2023,08,08127,municipality,081275007012,08127012,matched,Gemeinde Bühlertann,kreisangehörige Gemeinde,3057,871633.36,285.13,253930.00,56800.00,560903.36,STATISTIKPORTAL_INTEGRATED_2023_T1
2023,08,08127,municipality,081275007013,08127013,matched,Gemeinde Bühlerzell,kreisangehörige Gemeinde,2117,4444706.30,2099.53,4180550.00,0.00,264156.30,STATISTIKPORTAL_INTEGRATED_2023_T1
2023,08,08127,municipality,081275007063,08127063,matched,Gemeinde Obersontheim,kreisangehörige Gemeinde,5533,3114303.57,562.86,2333945.00,56800.00,723558.57,STATISTIKPORTAL_INTEGRATED_2023_T1
2023,08,08127,municipality,081275008046,08127046,matched,Stadt Kirchberg an der Jagst,kreisangehörige Gemeinde,4498,5961767.74,1325.43,5509018.00,17196.94,435552.80,STATISTIKPORTAL_INTEGRATED_2023_T1
2023,08,08127,municipality,081275008071,08127071,matched,Gemeinde Rot am See,kreisangehörige Gemeinde,5696,2545377.41,446.87,230413.00,364760.74,1950203.67,STATISTIKPORTAL_INTEGRATED_2023_T1
2023,08,08127,municipality,081275008091,08127091,matched,Gemeinde Wallhausen,kreisangehörige Gemeinde,3892,7160450.41,1839.79,6128170.00,139265.84,893014.57,STATISTIKPORTAL_INTEGRATED_2023_T1
2023,08,08127,municipality,081275009056,08127056,matched,Gemeinde Michelbach an der Bilz,kreisangehörige Gemeinde,3561,345624.08,97.06,119437.00,0.00,226187.08,STATISTIKPORTAL_INTEGRATED_2023_T1
2023,08,08127,municipality,081275009059,08127059,matched,Gemeinde Michelfeld,kreisangehörige Gemeinde,3894,5075396.04,1303.39,1682061.00,0.01,3393335.03,STATISTIKPORTAL_INTEGRATED_2023_T1
2023,08,08127,municipality,081275009076,08127076,matched,Große Kreisstadt Schwäbisch Hall,kreisangehörige Gemeinde,42240,382525791.14,9056.01,0.00,2214215.00,380311576.14,STATISTIKPORTAL_INTEGRATED_2023_T1
2023,08,08127,municipality,081275009100,08127100,matched,Gemeinde Rosengarten,kreisangehörige Gemeinde,5255,3207326.02,610.34,0.00,0.00,3207326.02,STATISTIKPORTAL_INTEGRATED_2023_T1
2023,08,08128,county_administration,08128,,not_applicable,Landratsamt Main-Tauber-Kreis,Landkreis,134983,36948340.49,273.73,20766829.00,400224.98,15781286.51,STATISTIKPORTAL_INTEGRATED_2023_T1
2023,08,08128,municipality,081280020020,08128020,matched,Stadt Creglingen,kreisangehörige Gemeinde,4565,11499206.69,2518.99,1404472.00,0.00,10094734.69,STATISTIKPORTAL_INTEGRATED_2023_T1
2023,08,08128,municipality,081280039039,08128039,matched,Stadt Freudenberg,kreisangehörige Gemeinde,3692,9572481.66,2592.76,7175953.00,57875.55,2338653.11,STATISTIKPORTAL_INTEGRATED_2023_T1
2023,08,08128,municipality,081280064064,08128064,matched,Stadt Külsheim,kreisangehörige Gemeinde,5378,9761475.04,1815.08,4955582.00,57875.55,4748017.49,STATISTIKPORTAL_INTEGRATED_2023_T1
2023,08,08128,municipality,081280082082,08128082,matched,Stadt Niederstetten,kreisangehörige Gemeinde,4896,8187634.31,1672.31,808700.00,43660.01,7335274.30,STATISTIKPORTAL_INTEGRATED_2023_T1
2023,08,08128,municipality,081280126126,08128126,matched,Stadt Weikersheim,kreisangehörige Gemeinde,7728,22989215.68,2974.79,4479444.00,0.00,18509771.68,STATISTIKPORTAL_INTEGRATED_2023_T1
2023,08,08128,municipality,081280131131,08128131,matched,Große Kreisstadt Wertheim,kreisangehörige Gemeinde,23265,65046357.51,2795.89,3650350.00,13648174.28,47747833.23,STATISTIKPORTAL_INTEGRATED_2023_T1
2023,08,08128,municipality,081280139139,08128139,matched,Stadt Lauda-Königshofen,kreisangehörige Gemeinde,14593,38508623.17,2638.84,15750138.00,115751.13,22642734.04,STATISTIKPORTAL_INTEGRATED_2023_T1
2023,08,08128,municipality,081285001006,08128006,matched,Gemeinde Assamstadt,kreisangehörige Gemeinde,2256,5533736.92,2452.90,1631003.00,57875.55,3844858.37,STATISTIKPORTAL_INTEGRATED_2023_T1
2023,08,08128,municipality,081285001007,08128007,matched,Große Kreisstadt Bad Mergentheim,kreisangehörige Gemeinde,24587,87002348.33,3538.55,20747820.00,8156000.00,58098528.33,STATISTIKPORTAL_INTEGRATED_2023_T1
2023,08,08128,municipality,081285001058,08128058,matched,Gemeinde Igersheim,kreisangehörige Gemeinde,5575,5284970.89,947.98,3065426.00,0.00,2219544.89,STATISTIKPORTAL_INTEGRATED_2023_T1
2023,08,08128,municipality,081285002014,08128014,matched,Stadt Boxberg,kreisangehörige Gemeinde,6721,2972192.53,442.22,0.00,57875.55,2914316.98,STATISTIKPORTAL_INTEGRATED_2023_T1
2023,08,08128,municipality,081285002138,08128138,matched,Gemeinde Ahorn,kreisangehörige Gemeinde,2264,3016834.31,1332.52,940366.00,157724.95,1918743.36,STATISTIKPORTAL_INTEGRATED_2023_T1
2023,08,08128,municipality,081285003047,08128047,matched,Stadt Grünsfeld,kreisangehörige Gemeinde,3730,6431647.42,1724.30,889791.00,57875.55,5483980.87,STATISTIKPORTAL_INTEGRATED_2023_T1
2023,08,08128,municipality,081285003137,08128137,matched,Gemeinde Wittighausen,kreisangehörige Gemeinde,1739,5243312.32,3015.13,1847459.00,57875.55,3337977.77,STATISTIKPORTAL_INTEGRATED_2023_T1
2023,08,08128,municipality,081285004045,08128045,matched,Gemeinde Großrinderfeld,kreisangehörige Gemeinde,4098,7892697.51,1925.99,3197825.00,320329.75,4374542.76,STATISTIKPORTAL_INTEGRATED_2023_T1
2023,08,08128,municipality,081285004061,08128061,matched,Gemeinde Königheim,kreisangehörige Gemeinde,3044,7429175.66,2440.60,4911927.00,57875.55,2459373.11,STATISTIKPORTAL_INTEGRATED_2023_T1
2023,08,08128,municipality,081285004115,08128115,matched,Stadt Tauberbischofsheim,kreisangehörige Gemeinde,13561,38222318.49,2818.55,3703082.00,929359.14,33589877.35,STATISTIKPORTAL_INTEGRATED_2023_T1
2023,08,08128,municipality,081285004128,08128128,matched,Gemeinde Werbach,kreisangehörige Gemeinde,3291,6516425.74,1980.07,2024796.00,294084.33,4197545.41,STATISTIKPORTAL_INTEGRATED_2023_T1
2023,08,08135,county_administration,08135,,not_applicable,Landratsamt Heidenheim,Landkreis,135424,160184177.98,1182.83,44615452.00,2778581.10,112790144.88,STATISTIKPORTAL_INTEGRATED_2023_T1
2023,08,08135,municipality,081350010010,08135010,matched,Gemeinde Dischingen,kreisangehörige Gemeinde,4471,6668959.54,1491.60,1398388.00,626450.92,4644120.62,STATISTIKPORTAL_INTEGRATED_2023_T1
2023,08,08135,municipality,081350015015,08135015,matched,Gemeinde Gerstetten,kreisangehörige Gemeinde,11834,18813439.27,1589.78,847257.00,0.00,17966182.27,STATISTIKPORTAL_INTEGRATED_2023_T1
2023,08,08135,municipality,081350020020,08135020,matched,Stadt Herbrechtingen,kreisangehörige Gemeinde,13249,25436390.91,1919.87,10420444.00,0.00,15015946.91,STATISTIKPORTAL_INTEGRATED_2023_T1
2023,08,08135,municipality,081350025025,08135025,matched,Gemeinde Königsbronn,kreisangehörige Gemeinde,7025,18612488.56,2649.46,7445006.00,0.00,11167482.56,STATISTIKPORTAL_INTEGRATED_2023_T1
2023,08,08135,municipality,081350032032,08135032,matched,Gemeinde Steinheim am Albuch,kreisangehörige Gemeinde,8902,12234824.30,1374.39,3750.00,0.00,12231074.30,STATISTIKPORTAL_INTEGRATED_2023_T1
2023,08,08135,municipality,081355001016,08135016,matched,Große Kreisstadt Giengen an der Brenz,kreisangehörige Gemeinde,20299,40972474.00,2018.45,10518168.00,1282367.00,29171939.00,STATISTIKPORTAL_INTEGRATED_2023_T1
2023,08,08135,municipality,081355001021,08135021,matched,Gemeinde Hermaringen,kreisangehörige Gemeinde,2321,10129388.02,4364.23,5116639.00,0.00,5012749.02,STATISTIKPORTAL_INTEGRATED_2023_T1
2023,08,08135,municipality,081355002019,08135019,matched,Große Kreisstadt Heidenheim an der Brenz,kreisangehörige Gemeinde,50128,210584670.81,4200.94,38303167.00,287162.36,171994341.45,STATISTIKPORTAL_INTEGRATED_2023_T1
2023,08,08135,municipality,081355002026,08135026,matched,Gemeinde Nattheim,kreisangehörige Gemeinde,6432,6153158.17,956.65,4052150.00,0.00,2101008.17,STATISTIKPORTAL_INTEGRATED_2023_T1
2023,08,08135,municipality,081355003027,08135027,matched,Stadt Niederstotzingen,kreisangehörige Gemeinde,4850,2505475.52,516.59,1471221.00,0.00,1034254.52,STATISTIKPORTAL_INTEGRATED_2023_T1
2023,08,08135,municipality,081355003031,08135031,matched,Gemeinde Sontheim an der Brenz,kreisangehörige Gemeinde,5913,7883321.34,1333.22,2789267.00,634.57,5093419.77,STATISTIKPORTAL_INTEGRATED_2023_T1
2023,08,08136,county_administration,08136,,not_applicable,Landratsamt Ostalbkreis,Landkreis,320072,246866584.60,771.28,140523599.00,22073103.84,84269881.76,STATISTIKPORTAL_INTEGRATED_2023_T1
2023,08,08136,municipality,081360002002,08136002,matched,Gemeinde Abtsgmünd,kreisangehörige Gemeinde,7641,3532482.70,462.31,1499954.00,0.00,2032528.70,STATISTIKPORTAL_INTEGRATED_2023_T1
2023,08,08136,municipality,081360027027,08136027,matched,Gemeinde Gschwend,kreisangehörige Gemeinde,4902,1618861.54,330.25,800000.00,0.00,818861.54,STATISTIKPORTAL_INTEGRATED_2023_T1
2023,08,08136,municipality,081360042042,08136042,matched,Stadt Lorch,kreisangehörige Gemeinde,10981,686429.22,62.51,0.00,108804.95,577624.27,STATISTIKPORTAL_INTEGRATED_2023_T1
2023,08,08136,municipality,081360045045,08136045,matched,Stadt Neresheim,kreisangehörige Gemeinde,8051,10977951.21,1363.55,4005125.00,363884.90,6608941.31,STATISTIKPORTAL_INTEGRATED_2023_T1
2023,08,08136,municipality,081360050050,08136050,matched,Stadt Oberkochen,kreisangehörige Gemeinde,8097,11107364.59,1371.79,0.00,34439.93,11072924.66,STATISTIKPORTAL_INTEGRATED_2023_T1
2023,08,08136,municipality,081365001021,08136021,matched,Gemeinde Essingen,kreisangehörige Gemeinde,6488,9572905.24,1475.48,117205.00,365128.00,9090572.24,STATISTIKPORTAL_INTEGRATED_2023_T1
2023,08,08136,municipality,081365001033,08136033,matched,Gemeinde Hüttlingen,kreisangehörige Gemeinde,6199,967603.02,156.09,738500.00,17427.93,211675.09,STATISTIKPORTAL_INTEGRATED_2023_T1
2023,08,08136,municipality,081365001088,08136088,matched,Große Kreisstadt Aalen,kreisangehörige Gemeinde,68973,245385886.57,3557.71,34598833.00,497028.75,210290024.82,STATISTIKPORTAL_INTEGRATED_2023_T1
2023,08,08136,municipality,081365002010,08136010,matched,Stadt Bopfingen,kreisangehörige Gemeinde,11704,11085341.74,947.14,3760196.00,78965.43,7246180.31,STATISTIKPORTAL_INTEGRATED_2023_T1
2023,08,08136,municipality,081365002037,08136037,matched,Gemeinde Kirchheim am Ries,kreisangehörige Gemeinde,1848,3801247.55,2056.95,1918438.00,30832.06,1851977.49,STATISTIKPORTAL_INTEGRATED_2023_T1
2023,08,08136,municipality,081365002087,08136087,matched,Gemeinde Riesbürg,kreisangehörige Gemeinde,2301,1901459.64,826.36,1737215.00,32994.64,131250.00,STATISTIKPORTAL_INTEGRATED_2023_T1
2023,08,08136,municipality,081365003003,08136003,matched,Gemeinde Adelmannsfelden,kreisangehörige Gemeinde,1728,847111.00,490.23,847111.00,0.00,0.00,STATISTIKPORTAL_INTEGRATED_2023_T1
2023,08,08136,municipality,081365003018,08136018,matched,Gemeinde Ellenberg,kreisangehörige Gemeinde,1821,1069464.72,587.30,584794.00,0.00,484670.72,STATISTIKPORTAL_INTEGRATED_2023_T1
2023,08,08136,municipality,081365003019,08136019,matched,Große Kreisstadt Ellwangen (Jagst),kreisangehörige Gemeinde,25562,61336788.64,2399.53,12831253.00,5984270.62,42521265.02,STATISTIKPORTAL_INTEGRATED_2023_T1
2023,08,08136,municipality,081365003035,08136035,matched,Gemeinde Jagstzell,kreisangehörige Gemeinde,2356,1173127.03,497.93,588205.00,15497.68,569424.35,STATISTIKPORTAL_INTEGRATED_2023_T1
2023,08,08136,municipality,081365003046,08136046,matched,Gemeinde Neuler,kreisangehörige Gemeinde,3260,1364348.33,418.51,1283117.00,5809.31,75422.02,STATISTIKPORTAL_INTEGRATED_2023_T1
2023,08,08136,municipality,081365003060,08136060,matched,Gemeinde Rosenberg (LKR Ostalbkreis),kreisangehörige Gemeinde,2657,203090.45,76.44,0.00,3202.21,199888.24,STATISTIKPORTAL_INTEGRATED_2023_T1
2023,08,08136,municipality,081365003084,08136084,matched,Gemeinde Wört,kreisangehörige Gemeinde,1550,1484589.83,957.80,0.00,0.00,1484589.83,STATISTIKPORTAL_INTEGRATED_2023_T1
2023,08,08136,municipality,081365003089,08136089,matched,Gemeinde Rainau,kreisangehörige Gemeinde,3450,1758295.36,509.65,1596050.00,86823.34,75422.02,STATISTIKPORTAL_INTEGRATED_2023_T1
2023,08,08136,municipality,081365004038,08136038,matched,Stadt Lauchheim,kreisangehörige Gemeinde,4898,5364148.02,1095.17,4222916.00,48542.09,1092689.93,STATISTIKPORTAL_INTEGRATED_2023_T1
2023,08,08136,municipality,081365004082,08136082,matched,Gemeinde Westhausen,kreisangehörige Gemeinde,6218,4309190.47,693.02,3257819.00,35595.36,1015776.11,STATISTIKPORTAL_INTEGRATED_2023_T1
2023,08,08136,municipality,081365005020,08136020,matched,Gemeinde Eschach,kreisangehörige Gemeinde,1939,2406687.66,1241.20,1968806.00,0.00,437881.66,STATISTIKPORTAL_INTEGRATED_2023_T1
2023,08,08136,municipality,081365005024,08136024,matched,Gemeinde Göggingen,kreisangehörige Gemeinde,2570,131378.92,51.12,29280.00,0.00,102098.92,STATISTIKPORTAL_INTEGRATED_2023_T1
2023,08,08136,municipality,081365005034,08136034,matched,Gemeinde Iggingen,kreisangehörige Gemeinde,2635,142977.48,54.26,0.00,0.00,142977.48,STATISTIKPORTAL_INTEGRATED_2023_T1
2023,08,08136,municipality,081365005040,08136040,matched,Gemeinde Leinzell,kreisangehörige Gemeinde,2056,3120147.50,1517.58,2835830.00,0.00,284317.50,STATISTIKPORTAL_INTEGRATED_2023_T1
2023,08,08136,municipality,081365005049,08136049,matched,Gemeinde Obergröningen,kreisangehörige Gemeinde,435,312065.67,717.39,243750.00,0.00,68315.67,STATISTIKPORTAL_INTEGRATED_2023_T1
2023,08,08136,municipality,081365005062,08136062,matched,Gemeinde Schechingen,kreisangehörige Gemeinde,2238,521198.92,232.89,419100.00,0.00,102098.92,STATISTIKPORTAL_INTEGRATED_2023_T1
2023,08,08136,municipality,081365006007,08136007,matched,Gemeinde Bartholomä,kreisangehörige Gemeinde,2097,1708426.98,814.70,69906.00,0.00,1638520.98,STATISTIKPORTAL_INTEGRATED_2023_T1
2023,08,08136,municipality,081365006009,08136009,matched,Gemeinde Böbingen an der Rems,kreisangehörige Gemeinde,4695,532723.23,113.47,0.00,0.00,532723.23,STATISTIKPORTAL_INTEGRATED_2023_T1
2023,08,08136,municipality,081365006028,08136028,matched,Stadt Heubach,kreisangehörige Gemeinde,10094,9894785.35,980.26,5114653.00,0.00,4780132.35,STATISTIKPORTAL_INTEGRATED_2023_T1
2023,08,08136,municipality,081365006029,08136029,matched,Gemeinde Heuchlingen,kreisangehörige Gemeinde,1859,779694.64,419.42,660001.00,0.00,119693.64,STATISTIKPORTAL_INTEGRATED_2023_T1
2023,08,08136,municipality,081365006043,08136043,matched,Gemeinde Mögglingen,kreisangehörige Gemeinde,4334,1927577.67,444.76,1108364.00,13332.00,805881.67,STATISTIKPORTAL_INTEGRATED_2023_T1
2023,08,08136,municipality,081365007065,08136065,matched,Große Kreisstadt Schwäbisch Gmünd,kreisangehörige Gemeinde,62467,241290738.55,3862.69,64886887.00,6415010.00,169988841.55,STATISTIKPORTAL_INTEGRATED_2023_T1
2023,08,08136,municipality,081365007079,08136079,matched,Gemeinde Waldstetten,kreisangehörige Gemeinde,7223,7822410.53,1082.99,6550164.00,0.00,1272246.53,STATISTIKPORTAL_INTEGRATED_2023_T1
2023,08,08136,municipality,081365008015,08136015,matched,Gemeinde Durlangen,kreisangehörige Gemeinde,2815,2212332.66,785.91,1677181.00,3170.40,531981.26,STATISTIKPORTAL_INTEGRATED_2023_T1
2023,08,08136,municipality,081365008044,08136044,matched,Gemeinde Mutlangen,kreisangehörige Gemeinde,6882,6961266.78,1011.52,6576750.00,3170.40,381346.38,STATISTIKPORTAL_INTEGRATED_2023_T1
2023,08,08136,municipality,081365008061,08136061,matched,Gemeinde Ruppertshofen,kreisangehörige Gemeinde,1934,2694031.31,1392.98,1899193.00,3170.40,791667.91,STATISTIKPORTAL_INTEGRATED_2023_T1
2023,08,08136,municipality,081365008066,08136066,matched,Gemeinde Spraitbach,kreisangehörige Gemeinde,3395,976763.66,287.71,441612.00,3170.40,531981.26,STATISTIKPORTAL_INTEGRATED_2023_T1
2023,08,08136,municipality,081365008070,08136070,matched,Gemeinde Täferrot,kreisangehörige Gemeinde,1033,1036254.06,1003.15,490164.00,3170.40,542919.66,STATISTIKPORTAL_INTEGRATED_2023_T1
2023,08,08136,municipality,081365009068,08136068,matched,Gemeinde Stödtlen,kreisangehörige Gemeinde,1864,3057604.75,1640.35,1179121.00,26506.26,1851977.49,STATISTIKPORTAL_INTEGRATED_2023_T1
2023,08,08136,municipality,081365009071,08136071,matched,Gemeinde Tannhausen,kreisangehörige Gemeinde,1834,2187608.75,1192.81,309125.00,26506.26,1851977.49,STATISTIKPORTAL_INTEGRATED_2023_T1
2023,08,08136,municipality,081365009075,08136075,matched,Gemeinde Unterschneidheim,kreisangehörige Gemeinde,4988,4096143.09,821.20,1078808.00,54600.79,2962734.30,STATISTIKPORTAL_INTEGRATED_2023_T1
2023,08,08211,municipality,082110000000,08211000,matched,"Stadt Baden-Baden, Stadtkreis",Stadtkreis,57322,324631766.08,5663.30,25003517.00,10871680.15,288756568.93,STATISTIKPORTAL_INTEGRATED_2023_T1
2023,08,08212,municipality,082120000000,08212000,matched,"Stadt Karlsruhe, Stadtkreis",Stadtkreis,308714,3362769099.08,10892.83,602898364.00,1129092554.07,1630778181.01,STATISTIKPORTAL_INTEGRATED_2023_T1
2023,08,08215,county_administration,08215,,not_applicable,Landratsamt Karlsruhe,Landkreis,455511,182187456.13,399.96,105622434.00,6948847.00,69616175.13,STATISTIKPORTAL_INTEGRATED_2023_T1
2023,08,08215,municipality,082150017017,08215017,matched,Große Kreisstadt Ettlingen,kreisangehörige Gemeinde,39725,149094156.62,3753.16,6030873.00,71842.37,142991441.25,STATISTIKPORTAL_INTEGRATED_2023_T1
2023,08,08215,municipality,082150046046,08215046,matched,Gemeinde Malsch (LKR Karlsruhe),kreisangehörige Gemeinde,15015,19685553.49,1311.06,8752361.00,70600.24,10862592.25,STATISTIKPORTAL_INTEGRATED_2023_T1
2023,08,08215,municipality,082150047047,08215047,matched,Gemeinde Marxzell,kreisangehörige Gemeinde,5014,8651822.24,1725.53,2876429.00,70515.65,5704877.59,STATISTIKPORTAL_INTEGRATED_2023_T1
2023,08,08215,municipality,082150064064,08215064,matched,Stadt Östringen,kreisangehörige Gemeinde,13276,40041733.68,3016.10,15674368.00,1764532.29,22602833.39,STATISTIKPORTAL_INTEGRATED_2023_T1
2023,08,08215,municipality,082150084084,08215084,matched,Gemeinde Ubstadt-Weiher,kreisangehörige Gemeinde,13379,26877046.99,2008.90,6818046.00,2819216.14,17239784.85,STATISTIKPORTAL_INTEGRATED_2023_T1
2023,08,08215,municipality,082150089089,08215089,matched,Gemeinde Walzbachtal,kreisangehörige Gemeinde,9899,19228844.39,1942.50,9914799.00,49794.14,9264251.25,STATISTIKPORTAL_INTEGRATED_2023_T1
2023,08,08215,municipality,082150090090,08215090,matched,Gemeinde Weingarten (Baden),kreisangehörige Gemeinde,10543,52078128.30,4939.59,23472538.00,70345.54,28535244.76,STATISTIKPORTAL_INTEGRATED_2023_T1
2023,08,08215,municipality,082150096096,08215096,matched,Gemeinde Karlsbad,kreisangehörige Gemeinde,16096,9009475.93,559.73,3330833.00,70786.04,5607856.89,STATISTIKPORTAL_INTEGRATED_2023_T1
2023,08,08215,municipality,082150097097,08215097,matched,Stadt Kraichtal,kreisangehörige Gemeinde,14659,24489736.15,1670.63,8141054.00,435646.77,15913035.38,STATISTIKPORTAL_INTEGRATED_2023_T1
2023,08,08215,municipality,082150101101,08215101,matched,Gemeinde Pfinztal,kreisangehörige Gemeinde,18795,62114721.43,3304.85,24211230.00,70408.55,37833082.88,STATISTIKPORTAL_INTEGRATED_2023_T1
2023,08,08215,municipality,082150102102,08215102,matched,Gemeinde Eggenstein-Leopoldshafen,kreisangehörige Gemeinde,16802,23238763.30,1383.10,1499982.00,70345.54,21668435.76,STATISTIKPORTAL_INTEGRATED_2023_T1
2023,08,08215,municipality,082150105105,08215105,matched,Gemeinde Linkenheim-Hochstetten,kreisangehörige Gemeinde,12198,2946185.30,241.53,0.00,70345.54,2875839.76,STATISTIKPORTAL_INTEGRATED_2023_T1
2023,08,08215,municipality,082150106106,08215106,matched,Große Kreisstadt Waghäusel,kreisangehörige Gemeinde,21571,49675960.80,2302.90,30819068.00,97324.91,18759567.89,STATISTIKPORTAL_INTEGRATED_2023_T1
2023,08,08215,municipality,082150108108,08215108,matched,Große Kreisstadt Rheinstetten,kreisangehörige Gemeinde,20634,18273683.30,885.61,12582228.00,70345.54,5621109.76,STATISTIKPORTAL_INTEGRATED_2023_T1
2023,08,08215,municipality,082150109109,08215109,matched,Große Kreisstadt Stutensee,kreisangehörige Gemeinde,25286,30183485.24,1193.68,3384864.00,70345.54,26728275.70,STATISTIKPORTAL_INTEGRATED_2023_T1
2023,08,08215,municipality,082150110110,08215110,matched,Gemeinde Waldbronn,kreisangehörige Gemeinde,13318,25913834.59,1945.78,12638680.00,70688.61,13204465.98,STATISTIKPORTAL_INTEGRATED_2023_T1
2023,08,08215,municipality,082155001039,08215039,matched,Gemeinde Kronau,kreisangehörige Gemeinde,5971,4103587.22,687.25,146176.00,1393534.46,2563876.76,STATISTIKPORTAL_INTEGRATED_2023_T1
2023,08,08215,municipality,082155001100,08215100,matched,Gemeinde Bad Schönborn,kreisangehörige Gemeinde,13340,23985903.36,1798.04,7266599.00,3472857.74,13246446.62,STATISTIKPORTAL_INTEGRATED_2023_T1
2023,08,08215,municipality,082155002007,08215007,matched,Große Kreisstadt Bretten,kreisangehörige Gemeinde,29998,158624128.45,5287.82,20805031.00,37621186.57,100197910.88,STATISTIKPORTAL_INTEGRATED_2023_T1
2023,08,08215,municipality,082155002025,08215025,matched,Gemeinde Gondelsheim,kreisangehörige Gemeinde,4159,11760617.71,2827.75,3549461.00,6294769.46,1916387.25,STATISTIKPORTAL_INTEGRATED_2023_T1
2023,08,08215,municipality,082155003009,08215009,matched,Große Kreisstadt Bruchsal,kreisangehörige Gemeinde,46830,167487261.45,3576.50,25632330.00,7918652.71,133936278.74,STATISTIKPORTAL_INTEGRATED_2023_T1
2023,08,08215,municipality,082155003021,08215021,matched,Gemeinde Forst,kreisangehörige Gemeinde,8138,8305515.79,1020.58,1843402.00,49794.14,6412319.65,STATISTIKPORTAL_INTEGRATED_2023_T1
2023,08,08215,municipality,082155003029,08215029,matched,Gemeinde Hambrücken,kreisangehörige Gemeinde,5600,11430597.53,2041.18,1957240.00,49794.14,9423563.39,STATISTIKPORTAL_INTEGRATED_2023_T1
2023,08,08215,municipality,082155003103,08215103,matched,Gemeinde Karlsdorf-Neuthard,kreisangehörige Gemeinde,10910,21114018.28,1935.29,5133322.00,49794.14,15930902.14,STATISTIKPORTAL_INTEGRATED_2023_T1
2023,08,08215,municipality,082155004099,08215099,matched,Gemeinde Graben-Neudorf,kreisangehörige Gemeinde,12642,8294320.30,656.09,309880.00,70345.54,7914094.76,STATISTIKPORTAL_INTEGRATED_2023_T1
2023,08,08215,municipality,082155004111,08215111,matched,Gemeinde Dettenheim,kreisangehörige Gemeinde,6809,5704293.86,837.76,2002882.00,70345.54,3631066.32,STATISTIKPORTAL_INTEGRATED_2023_T1
2023,08,08215,municipality,082155005040,08215040,matched,Gemeinde Kürnbach,kreisangehörige Gemeinde,2355,4781028.92,2030.16,1476811.00,49794.14,3254423.78,STATISTIKPORTAL_INTEGRATED_2023_T1
2023,08,08215,municipality,082155005059,08215059,matched,Stadt Oberderdingen,kreisangehörige Gemeinde,11941,74305740.83,6222.74,15392480.00,6294769.46,52618491.37,STATISTIKPORTAL_INTEGRATED_2023_T1
2023,08,08215,municipality,082155006066,08215066,matched,Stadt Philippsburg,kreisangehörige Gemeinde,13874,3194885.30,230.28,0.00,70345.54,3124539.76,STATISTIKPORTAL_INTEGRATED_2023_T1
2023,08,08215,municipality,082155006107,08215107,matched,Gemeinde Oberhausen-Rheinhausen,kreisangehörige Gemeinde,9677,8116805.81,838.77,0.00,619122.81,7497683.00,STATISTIKPORTAL_INTEGRATED_2023_T1
2023,08,08215,municipality,082155007082,08215082,matched,Gemeinde Sulzfeld,kreisangehörige Gemeinde,5174,14544321.60,2811.04,7604431.00,49794.14,6890096.46,STATISTIKPORTAL_INTEGRATED_2023_T1
2023,08,08215,municipality,082155007094,08215094,matched,Gemeinde Zaisenhausen,kreisangehörige Gemeinde,1883,7774611.34,4128.84,5005365.00,47530.77,2721715.57,STATISTIKPORTAL_INTEGRATED_2023_T1
2023,08,08216,county_administration,08216,,not_applicable,Landratsamt Rastatt,Landkreis,235571,49976052.22,212.15,29419910.00,0.00,20556142.22,STATISTIKPORTAL_INTEGRATED_2023_T1
2023,08,08216,municipality,082160008008,08216008,matched,Gemeinde Bühlertal,kreisangehörige Gemeinde,8115,7506055.53,924.96,2579312.00,15628.03,4911115.50,STATISTIKPORTAL_INTEGRATED_2023_T1
2023,08,08216,municipality,082160013013,08216013,matched,Gemeinde Forbach,kreisangehörige Gemeinde,4666,9196377.67,1970.93,2322965.00,116236.15,6757176.52,STATISTIKPORTAL_INTEGRATED_2023_T1
2023,08,08216,municipality,082160015015,08216015,matched,Große Kreisstadt Gaggenau,kreisangehörige Gemeinde,30293,33602409.60,1109.25,825999.00,523205.18,32253205.42,STATISTIKPORTAL_INTEGRATED_2023_T1
2023,08,08216,municipality,082165001006,08216006,matched,Gemeinde Bischweier,kreisangehörige Gemeinde,2970,8825829.78,2971.66,678090.00,201171.35,7946568.43,STATISTIKPORTAL_INTEGRATED_2023_T1
2023,08,08216,municipality,082165001024,08216024,matched,Stadt Kuppenheim,kreisangehörige Gemeinde,8490,21665222.44,2551.85,1709084.00,2530495.71,17425642.73,STATISTIKPORTAL_INTEGRATED_2023_T1
2023,08,08216,municipality,082165002007,08216007,matched,Große Kreisstadt Bühl,kreisangehörige Gemeinde,29129,85547820.69,2936.86,11394785.00,21908294.59,52244741.10,STATISTIKPORTAL_INTEGRATED_2023_T1
2023,08,08216,municipality,082165002041,08216041,matched,Gemeinde Ottersweier,kreisangehörige Gemeinde,6538,9973192.23,1525.42,1215274.00,15628.03,8742290.20,STATISTIKPORTAL_INTEGRATED_2023_T1
2023,08,08216,municipality,082165003002,08216002,matched,Gemeinde Au am Rhein,kreisangehörige Gemeinde,3455,5970304.24,1728.02,2046442.00,96012.15,3827850.09,STATISTIKPORTAL_INTEGRATED_2023_T1
2023,08,08216,municipality,082165003005,08216005,matched,Gemeinde Bietigheim,kreisangehörige Gemeinde,6670,4016364.99,602.15,0.00,96012.15,3920352.84,STATISTIKPORTAL_INTEGRATED_2023_T1
2023,08,08216,municipality,082165003009,08216009,matched,Gemeinde Durmersheim,kreisangehörige Gemeinde,12231,6513436.18,532.54,1527125.00,96012.15,4890299.03,STATISTIKPORTAL_INTEGRATED_2023_T1
2023,08,08216,municipality,082165003012,08216012,matched,Gemeinde Elchesheim-Illingen,kreisangehörige Gemeinde,3265,6849888.35,2097.97,2949940.00,96012.15,3803936.20,STATISTIKPORTAL_INTEGRATED_2023_T1
2023,08,08216,municipality,082165004017,08216017,matched,Stadt Gernsbach,kreisangehörige Gemeinde,14432,46522619.50,3223.57,6829554.00,404357.13,39288708.37,STATISTIKPORTAL_INTEGRATED_2023_T1
2023,08,08216,municipality,082165004029,08216029,matched,Gemeinde Loffenau,kreisangehörige Gemeinde,2560,6083758.87,2376.47,704070.00,97676.20,5282012.67,STATISTIKPORTAL_INTEGRATED_2023_T1
2023,08,08216,municipality,082165004059,08216059,matched,Gemeinde Weisenbach,kreisangehörige Gemeinde,2527,6783433.63,2684.38,1006070.00,97676.34,5679687.29,STATISTIKPORTAL_INTEGRATED_2023_T1
2023,08,08216,municipality,082165005023,08216023,matched,Gemeinde Iffezheim,kreisangehörige Gemeinde,5303,5951288.19,1122.25,2193403.00,96012.15,3661873.04,STATISTIKPORTAL_INTEGRATED_2023_T1
2023,08,08216,municipality,082165005033,08216033,matched,Gemeinde Muggensturm,kreisangehörige Gemeinde,6203,10199962.15,1644.36,744274.00,96012.15,9359676.00,STATISTIKPORTAL_INTEGRATED_2023_T1
2023,08,08216,municipality,082165005039,08216039,matched,Gemeinde Ötigheim,kreisangehörige Gemeinde,5228,14937280.28,2857.17,3643311.00,96012.15,11197957.13,STATISTIKPORTAL_INTEGRATED_2023_T1
2023,08,08216,municipality,082165005043,08216043,matched,Große Kreisstadt Rastatt,kreisangehörige Gemeinde,51627,106967072.52,2071.92,26239790.00,576199.69,80151082.83,STATISTIKPORTAL_INTEGRATED_2023_T1
2023,08,08216,municipality,082165005052,08216052,matched,Gemeinde Steinmauern,kreisangehörige Gemeinde,3215,8119566.67,2525.53,4138172.00,96012.15,3885382.52,STATISTIKPORTAL_INTEGRATED_2023_T1
2023,08,08216,municipality,082165006028,08216028,matched,Stadt Lichtenau,kreisangehörige Gemeinde,5052,4618444.38,914.18,0.00,95942.96,4522501.42,STATISTIKPORTAL_INTEGRATED_2023_T1
2023,08,08216,municipality,082165006063,08216063,matched,Gemeinde Rheinmünster,kreisangehörige Gemeinde,6910,3894845.10,563.65,0.00,15628.03,3879217.07,STATISTIKPORTAL_INTEGRATED_2023_T1
2023,08,08216,municipality,082165007022,08216022,matched,Gemeinde Hügelsheim,kreisangehörige Gemeinde,5130,6521097.19,1271.17,2786702.00,96012.15,3638383.04,STATISTIKPORTAL_INTEGRATED_2023_T1
2023,08,08216,municipality,082165007049,08216049,matched,Gemeinde Sinzheim,kreisangehörige Gemeinde,11562,5937193.54,513.51,1775421.00,385888.92,3775883.62,STATISTIKPORTAL_INTEGRATED_2023_T1
2023,08,08221,municipality,082210000000,08221000,matched,"Stadt Heidelberg, Stadtkreis",Stadtkreis,163010,1480895425.68,9084.69,250804642.00,259697884.46,970392899.22,STATISTIKPORTAL_INTEGRATED_2023_T1
2023,08,08222,municipality,082220000000,08222000,matched,"Stadt Mannheim, Stadtkreis",Stadtkreis,315342,3069439766.54,9733.69,505031468.00,464300378.35,2100107920.19,STATISTIKPORTAL_INTEGRATED_2023_T1
2023,08,08225,county_administration,08225,,not_applicable,Landratsamt Neckar-Odenwald-Kreis,Landkreis,145701,36947984.73,253.59,8113173.00,0.00,28834811.73,STATISTIKPORTAL_INTEGRATED_2023_T1
2023,08,08225,municipality,082250014014,08225014,matched,Stadt Buchen (Odenwald),kreisangehörige Gemeinde,18088,21917804.85,1211.73,2171651.00,1861018.32,17885135.53,STATISTIKPORTAL_INTEGRATED_2023_T1
2023,08,08225,municipality,082250060060,08225060,matched,Gemeinde Mudau,kreisangehörige Gemeinde,5015,5568870.58,1110.44,1467998.00,49009.51,4051863.07,STATISTIKPORTAL_INTEGRATED_2023_T1
2023,08,08225,municipality,082255001032,08225032,matched,Gemeinde Hardheim,kreisangehörige Gemeinde,6912,18406474.19,2662.97,5734486.00,1438637.39,11233350.80,STATISTIKPORTAL_INTEGRATED_2023_T1
2023,08,08225,municipality,082255001039,08225039,matched,Gemeinde Höpfingen,kreisangehörige Gemeinde,3086,9172515.41,2972.30,1617030.00,846894.71,6708590.70,STATISTIKPORTAL_INTEGRATED_2023_T1
2023,08,08225,municipality,082255001109,08225109,matched,Stadt Walldürn,kreisangehörige Gemeinde,11737,32698886.78,2785.97,8467093.00,2317654.51,21914139.27,STATISTIKPORTAL_INTEGRATED_2023_T1
2023,08,08225,municipality,082255002033,08225033,matched,Gemeinde Haßmersheim,kreisangehörige Gemeinde,5139,5264110.51,1024.35,0.00,49009.51,5215101.00,STATISTIKPORTAL_INTEGRATED_2023_T1
2023,08,08225,municipality,082255002042,08225042,matched,Gemeinde Hüffenhardt,kreisangehörige Gemeinde,2051,4703528.44,2293.29,198000.00,49009.51,4456518.93,STATISTIKPORTAL_INTEGRATED_2023_T1
2023,08,08225,municipality,082255003002,08225002,matched,Gemeinde Aglasterhausen,kreisangehörige Gemeinde,4881,5820744.09,1192.53,1759206.00,252942.14,3808595.95,STATISTIKPORTAL_INTEGRATED_2023_T1
2023,08,08225,municipality,082255003068,08225068,matched,Gemeinde Neunkirchen,kreisangehörige Gemeinde,1874,5595681.89,2985.96,1375526.00,55869.44,4164286.45,STATISTIKPORTAL_INTEGRATED_2023_T1
2023,08,08225,municipality,082255003116,08225116,matched,Gemeinde Schwarzach,kreisangehörige Gemeinde,3028,9819080.51,3242.76,6448151.00,83061.76,3287867.75,STATISTIKPORTAL_INTEGRATED_2023_T1
2023,08,08225,municipality,082255004024,08225024,matched,Gemeinde Fahrenbach,kreisangehörige Gemeinde,2742,4809527.01,1754.02,2894511.00,49009.51,1866006.50,STATISTIKPORTAL_INTEGRATED_2023_T1
2023,08,08225,municipality,082255004052,08225052,matched,Gemeinde Limbach,kreisangehörige Gemeinde,4607,7879344.95,1710.30,5918271.00,49009.51,1912064.44,STATISTIKPORTAL_INTEGRATED_2023_T1
2023,08,08225,municipality,082255005058,08225058,matched,Große Kreisstadt Mosbach,kreisangehörige Gemeinde,23551,97440315.24,4137.42,33184452.00,4620530.03,59635333.21,STATISTIKPORTAL_INTEGRATED_2023_T1
2023,08,08225,municipality,082255005067,08225067,matched,Gemeinde Neckarzimmern,kreisangehörige Gemeinde,1465,3290078.63,2245.79,647266.00,49009.51,2593803.12,STATISTIKPORTAL_INTEGRATED_2023_T1
2023,08,08225,municipality,082255005074,08225074,matched,Gemeinde Obrigheim,kreisangehörige Gemeinde,5395,7616156.73,1411.71,0.00,61157.19,7554999.54,STATISTIKPORTAL_INTEGRATED_2023_T1
2023,08,08225,municipality,082255005117,08225117,matched,Gemeinde Elztal,kreisangehörige Gemeinde,5856,2022277.21,345.33,105000.00,49220.75,1868056.46,STATISTIKPORTAL_INTEGRATED_2023_T1
2023,08,08225,municipality,082255006010,08225010,matched,Gemeinde Binau,kreisangehörige Gemeinde,1346,2245417.66,1668.22,0.00,49009.51,2196408.15,STATISTIKPORTAL_INTEGRATED_2023_T1
2023,08,08225,municipality,082255006064,08225064,matched,Gemeinde Neckargerach,kreisangehörige Gemeinde,2326,6087998.08,2617.37,1843809.00,49009.51,4195179.57,STATISTIKPORTAL_INTEGRATED_2023_T1
2023,08,08225,municipality,082255006113,08225113,matched,Gemeinde Zwingenberg,kreisangehörige Gemeinde,671,3159486.08,4708.62,249663.00,49009.51,2860813.57,STATISTIKPORTAL_INTEGRATED_2023_T1
2023,08,08225,municipality,082255006118,08225118,matched,Gemeinde Waldbrunn,kreisangehörige Gemeinde,4751,8178634.50,1721.46,3403327.00,49220.75,4726086.75,STATISTIKPORTAL_INTEGRATED_2023_T1
2023,08,08225,municipality,082255007075,08225075,matched,Stadt Osterburken,kreisangehörige Gemeinde,6702,10678219.77,1593.29,1681359.00,299450.02,8697410.75,STATISTIKPORTAL_INTEGRATED_2023_T1
2023,08,08225,municipality,082255007082,08225082,matched,Gemeinde Rosenberg (LKR Neckar-Odenwald-Kreis),kreisangehörige Gemeinde,2069,4551627.34,2199.92,2385520.00,277154.22,1888953.12,STATISTIKPORTAL_INTEGRATED_2023_T1
2023,08,08225,municipality,082255007114,08225114,matched,Stadt Ravenstein,kreisangehörige Gemeinde,2977,3564967.19,1197.50,1185005.00,65471.12,2314491.07,STATISTIKPORTAL_INTEGRATED_2023_T1
2023,08,08225,municipality,082255008009,08225009,matched,Gemeinde Billigheim,kreisangehörige Gemeinde,6077,7068547.64,1163.16,5073000.00,49220.75,1946326.89,STATISTIKPORTAL_INTEGRATED_2023_T1
2023,08,08225,municipality,082255008115,08225115,matched,Gemeinde Schefflenz,kreisangehörige Gemeinde,3947,4258872.92,1079.02,1433831.00,49009.51,2776032.41,STATISTIKPORTAL_INTEGRATED_2023_T1
2023,08,08225,municipality,082255009001,08225001,matched,Stadt Adelsheim,kreisangehörige Gemeinde,5312,13492352.74,2539.98,6639761.00,402723.94,6449867.80,STATISTIKPORTAL_INTEGRATED_2023_T1
2023,08,08225,municipality,082255009091,08225091,matched,Gemeinde Seckach,kreisangehörige Gemeinde,4096,8332413.08,2034.28,1535201.00,285047.72,6512164.36,STATISTIKPORTAL_INTEGRATED_2023_T1
2023,08,08226,county_administration,08226,,not_applicable,Landratsamt Rhein-Neckar-Kreis,Landkreis,555939,215156814.65,387.02,8838709.00,15075739.69,191242365.96,STATISTIKPORTAL_INTEGRATED_2023_T1
2023,08,08226,municipality,082260009009,08226009,matched,Gemeinde Brühl,kreisangehörige Gemeinde,14244,9664419.74,678.49,4470263.00,1090759.48,4103397.26,STATISTIKPORTAL_INTEGRATED_2023_T1
2023,08,08226,municipality,082260012012,08226012,matched,Gemeinde Dossenheim,kreisangehörige Gemeinde,12479,9951496.89,797.46,1239752.00,550505.18,8161239.71,STATISTIKPORTAL_INTEGRATED_2023_T1
2023,08,08226,municipality,082260018018,08226018,matched,Stadt Eppelheim,kreisangehörige Gemeinde,15520,31499923.34,2029.63,18188350.00,625355.48,12686217.86,STATISTIKPORTAL_INTEGRATED_2023_T1
2023,08,08226,municipality,082260028028,08226028,matched,Gemeinde Heddesheim,kreisangehörige Gemeinde,11976,13858721.06,1157.21,4958236.00,638511.04,8261974.02,STATISTIKPORTAL_INTEGRATED_2023_T1
2023,08,08226,municipality,082260036036,08226036,matched,Gemeinde Ilvesheim,kreisangehörige Gemeinde,9291,6728637.38,724.21,781250.00,638511.04,5308876.34,STATISTIKPORTAL_INTEGRATED_2023_T1
2023,08,08226,municipality,082260037037,08226037,matched,Gemeinde Ketsch,kreisangehörige Gemeinde,13139,10307581.74,784.50,2094432.00,1090759.48,7122390.26,STATISTIKPORTAL_INTEGRATED_2023_T1
2023,08,08226,municipality,082260038038,08226038,matched,Stadt Ladenburg,kreisangehörige Gemeinde,12558,45172278.74,3597.09,6459995.00,638511.04,38073772.70,STATISTIKPORTAL_INTEGRATED_2023_T1
2023,08,08226,municipality,082260041041,08226041,matched,Große Kreisstadt Leimen,kreisangehörige Gemeinde,27267,89593799.88,3285.80,35644449.00,15504168.84,38445182.04,STATISTIKPORTAL_INTEGRATED_2023_T1
2023,08,08226,municipality,082260060060,08226060,matched,Gemeinde Nußloch,kreisangehörige Gemeinde,11389,19014325.32,1669.53,1458491.00,625355.48,16930478.84,STATISTIKPORTAL_INTEGRATED_2023_T1
2023,08,08226,municipality,082260062062,08226062,matched,Gemeinde Oftersheim,kreisangehörige Gemeinde,12155,16914624.94,1391.58,2933250.00,9877977.68,4103397.26,STATISTIKPORTAL_INTEGRATED_2023_T1
2023,08,08226,municipality,082260063063,08226063,matched,Gemeinde Plankstadt,kreisangehörige Gemeinde,10565,14330816.94,1356.44,251587.00,9877977.68,4201252.26,STATISTIKPORTAL_INTEGRATED_2023_T1
2023,08,08226,municipality,082260076076,08226076,matched,Gemeinde Sandhausen,kreisangehörige Gemeinde,15451,22892665.33,1481.63,0.00,625355.48,22267309.85,STATISTIKPORTAL_INTEGRATED_2023_T1
2023,08,08226,municipality,082260082082,08226082,matched,Stadt Schriesheim,kreisangehörige Gemeinde,15116,41172041.66,2723.74,17603509.00,638511.04,22930021.62,STATISTIKPORTAL_INTEGRATED_2023_T1
2023,08,08226,municipality,082260084084,08226084,matched,Große Kreisstadt Schwetzingen,kreisangehörige Gemeinde,21876,48428963.68,2213.79,1962227.00,22729589.08,23737147.60,STATISTIKPORTAL_INTEGRATED_2023_T1
2023,08,08226,municipality,082260095095,08226095,matched,Stadt Walldorf,kreisangehörige Gemeinde,16059,37692331.14,2347.12,0.00,999689.29,36692641.85,STATISTIKPORTAL_INTEGRATED_2023_T1
2023,08,08226,municipality,082260096096,08226096,matched,Große Kreisstadt Weinheim,kreisangehörige Gemeinde,45394,105753037.96,2329.67,25865181.00,2489442.13,77398414.83,STATISTIKPORTAL_INTEGRATED_2023_T1
2023,08,08226,municipality,082260103103,08226103,matched,Gemeinde Sankt Leon-Rot,kreisangehörige Gemeinde,13936,7376934.65,529.34,0.00,625355.48,6751579.17,STATISTIKPORTAL_INTEGRATED_2023_T1
2023,08,08226,municipality,082260105105,08226105,matched,Gemeinde Edingen-Neckarhausen,kreisangehörige Gemeinde,14148,18078089.38,1277.78,12231497.00,638511.04,5208081.34,STATISTIKPORTAL_INTEGRATED_2023_T1
2023,08,08226,municipality,082260107107,08226107,matched,Gemeinde Hirschberg an der Bergstraße,kreisangehörige Gemeinde,9809,14658860.46,1494.43,4063345.00,638511.04,9957004.42,STATISTIKPORTAL_INTEGRATED_2023_T1
2023,08,08226,municipality,082265001013,08226013,matched,Stadt Eberbach,kreisangehörige Gemeinde,14440,37703212.60,2611.03,15647914.00,698378.69,21356919.91,STATISTIKPORTAL_INTEGRATED_2023_T1
2023,08,08226,municipality,082265001081,08226081,matched,Gemeinde Schönbrunn,kreisangehörige Gemeinde,2897,5679315.61,1960.41,2356947.00,599514.69,2722853.92,STATISTIKPORTAL_INTEGRATED_2023_T1
2023,08,08226,municipality,082265002020,08226020,matched,Gemeinde Eschelbronn,kreisangehörige Gemeinde,2802,6457145.87,2304.48,866392.00,1483155.11,4107598.76,STATISTIKPORTAL_INTEGRATED_2023_T1
2023,08,08226,municipality,082265002048,08226048,matched,Gemeinde Mauer,kreisangehörige Gemeinde,4170,7151540.76,1715.00,1505878.00,1218629.34,4427033.42,STATISTIKPORTAL_INTEGRATED_2023_T1
2023,08,08226,municipality,082265002049,08226049,matched,Gemeinde Meckesheim,kreisangehörige Gemeinde,5261,14544077.18,2764.51,1463595.00,1640994.73,11439487.45,STATISTIKPORTAL_INTEGRATED_2023_T1
2023,08,08226,municipality,082265002086,08226086,matched,Gemeinde Spechbach,kreisangehörige Gemeinde,1755,4674329.26,2663.44,706035.00,609269.91,3359024.35,STATISTIKPORTAL_INTEGRATED_2023_T1
2023,08,08226,municipality,082265002104,08226104,matched,Gemeinde Lobbach,kreisangehörige Gemeinde,2349,6479041.33,2758.21,382353.00,843359.56,5253328.77,STATISTIKPORTAL_INTEGRATED_2023_T1
2023,08,08226,municipality,082265003031,08226031,matched,Stadt Hemsbach,kreisangehörige Gemeinde,11780,24830542.92,2107.86,11575589.00,3812000.04,9442953.88,STATISTIKPORTAL_INTEGRATED_2023_T1
2023,08,08226,municipality,082265003040,08226040,matched,Gemeinde Laudenbach,kreisangehörige Gemeinde,6476,12588691.52,1943.90,3240041.00,2225255.54,7123394.98,STATISTIKPORTAL_INTEGRATED_2023_T1
2023,08,08226,municipality,082265004003,08226003,matched,Gemeinde Altlußheim,kreisangehörige Gemeinde,6339,7306301.57,1152.60,2116234.00,1244478.29,3945589.28,STATISTIKPORTAL_INTEGRATED_2023_T1
2023,08,08226,municipality,082265004032,08226032,matched,Große Kreisstadt Hockenheim,kreisangehörige Gemeinde,21639,68455070.57,3163.50,13309207.00,625355.48,54520508.09,STATISTIKPORTAL_INTEGRATED_2023_T1
2023,08,08226,municipality,082265004059,08226059,matched,Gemeinde Neulußheim,kreisangehörige Gemeinde,7128,10895446.14,1528.54,3661003.00,1244496.86,5989946.28,STATISTIKPORTAL_INTEGRATED_2023_T1
2023,08,08226,municipality,082265004068,08226068,matched,Gemeinde Reilingen,kreisangehörige Gemeinde,8304,9873950.87,1189.06,3595064.00,625355.48,5653531.39,STATISTIKPORTAL_INTEGRATED_2023_T1
2023,08,08226,municipality,082265005006,08226006,matched,Gemeinde Bammental,kreisangehörige Gemeinde,6659,14185377.54,2130.26,4827768.00,1995333.13,7362276.41,STATISTIKPORTAL_INTEGRATED_2023_T1
2023,08,08226,municipality,082265005022,08226022,matched,Gemeinde Gaiberg,kreisangehörige Gemeinde,2439,4707707.19,1930.18,0.00,625355.48,4082351.71,STATISTIKPORTAL_INTEGRATED_2023_T1
2023,08,08226,municipality,082265005056,08226056,matched,Stadt Neckargemünd,kreisangehörige Gemeinde,13596,19969298.45,1468.76,3836532.00,1150695.79,14982070.66,STATISTIKPORTAL_INTEGRATED_2023_T1
2023,08,08226,municipality,082265005097,08226097,matched,Gemeinde Wiesenbach,kreisangehörige Gemeinde,3113,8821037.61,2833.61,3535425.00,674600.29,4611012.32,STATISTIKPORTAL_INTEGRATED_2023_T1
2023,08,08226,municipality,082265006046,08226046,matched,Gemeinde Malsch (LKR Rhein-Neckar-Kreis),kreisangehörige Gemeinde,3494,5868352.14,1679.55,354554.00,1446530.12,4067268.02,STATISTIKPORTAL_INTEGRATED_2023_T1
2023,08,08226,municipality,082265006054,08226054,matched,Gemeinde Mühlhausen,kreisangehörige Gemeinde,8843,14408528.84,1629.37,4641866.00,4526583.76,5240079.08,STATISTIKPORTAL_INTEGRATED_2023_T1
2023,08,08226,municipality,082265006065,08226065,matched,Stadt Rauenberg,kreisangehörige Gemeinde,8733,22443991.92,2570.02,7612924.00,3929365.84,10901702.08,STATISTIKPORTAL_INTEGRATED_2023_T1
2023,08,08226,municipality,082265007027,08226027,matched,Gemeinde Heddesbach,kreisangehörige Gemeinde,459,3783346.63,8242.59,264696.00,625355.48,2893295.15,STATISTIKPORTAL_INTEGRATED_2023_T1
2023,08,08226,municipality,082265007029,08226029,matched,Gemeinde Heiligkreuzsteinach,kreisangehörige Gemeinde,2622,4364009.49,1664.38,579055.00,625355.48,3159599.01,STATISTIKPORTAL_INTEGRATED_2023_T1
2023,08,08226,municipality,082265007080,08226080,matched,Stadt Schönau,kreisangehörige Gemeinde,4440,6020082.49,1355.87,1378800.00,625355.48,4015927.01,STATISTIKPORTAL_INTEGRATED_2023_T1
2023,08,08226,municipality,082265007099,08226099,matched,Gemeinde Wilhelmsfeld,kreisangehörige Gemeinde,3251,5024470.59,1545.52,1171451.00,625355.48,3227664.11,STATISTIKPORTAL_INTEGRATED_2023_T1
2023,08,08226,municipality,082265008085,08226085,matched,Große Kreisstadt Sinsheim,kreisangehörige Gemeinde,36787,101098901.87,2748.22,17684647.00,1720155.65,81694099.22,STATISTIKPORTAL_INTEGRATED_2023_T1
2023,08,08226,municipality,082265008101,08226101,matched,Gemeinde Zuzenhausen,kreisangehörige Gemeinde,2302,5481300.19,2381.10,0.00,709701.14,4771599.05,STATISTIKPORTAL_INTEGRATED_2023_T1
2023,08,08226,municipality,082265008102,08226102,matched,Gemeinde Angelbachtal,kreisangehörige Gemeinde,5182,7974281.42,1538.84,2210594.00,600299.32,5163388.10,STATISTIKPORTAL_INTEGRATED_2023_T1
2023,08,08226,municipality,082265009017,08226017,matched,Gemeinde Epfenbach,kreisangehörige Gemeinde,2398,5809558.51,2422.67,1837878.00,612656.16,3359024.35,STATISTIKPORTAL_INTEGRATED_2023_T1
2023,08,08226,municipality,082265009055,08226055,matched,Stadt Neckarbischofsheim,kreisangehörige Gemeinde,4227,12114119.11,2865.89,4182473.00,816537.14,7115108.97,STATISTIKPORTAL_INTEGRATED_2023_T1
2023,08,08226,municipality,082265009058,08226058,matched,Gemeinde Neidenstein,kreisangehörige Gemeinde,1734,6522812.77,3761.71,1376625.00,1198641.42,3947546.35,STATISTIKPORTAL_INTEGRATED_2023_T1
2023,08,08226,municipality,082265009066,08226066,matched,Gemeinde Reichartshausen,kreisangehörige Gemeinde,2111,5418116.36,2566.61,347311.00,614898.81,4455906.55,STATISTIKPORTAL_INTEGRATED_2023_T1
2023,08,08226,municipality,082265009091,08226091,matched,Stadt Waibstadt,kreisangehörige Gemeinde,5733,18051497.45,3148.70,4207278.00,2271649.57,11572569.88,STATISTIKPORTAL_INTEGRATED_2023_T1
2023,08,08226,municipality,082265009106,08226106,matched,Gemeinde Helmstadt-Bargen,kreisangehörige Gemeinde,3912,12079928.25,3087.92,3547568.00,1171643.81,7360716.44,STATISTIKPORTAL_INTEGRATED_2023_T1
2023,08,08226,municipality,082265010010,08226010,matched,Gemeinde Dielheim,kreisangehörige Gemeinde,9194,7318702.52,796.03,260000.00,3929365.84,3129336.68,STATISTIKPORTAL_INTEGRATED_2023_T1
2023,08,08226,municipality,082265010098,08226098,matched,Große Kreisstadt Wiesloch,kreisangehörige Gemeinde,26998,88238494.41,3268.33,33857858.00,10536924.02,43843712.39,STATISTIKPORTAL_INTEGRATED_2023_T1
2023,08,08231,municipality,082310000000,08231000,matched,"Stadt Pforzheim, Stadtkreis",Stadtkreis,128364,484233242.54,3772.34,91091784.00,5801495.83,387339962.71,STATISTIKPORTAL_INTEGRATED_2023_T1
2023,08,08235,county_administration,08235,,not_applicable,Landratsamt Calw,Landkreis,163398,325902978.01,1994.53,39112714.00,134370784.57,152419479.44,STATISTIKPORTAL_INTEGRATED_2023_T1
2023,08,08235,municipality,082350065065,08235065,matched,Gemeinde Schömberg (LKR Calw),kreisangehörige Gemeinde,8142,12817440.33,1574.24,10571350.00,266075.01,1980015.32,STATISTIKPORTAL_INTEGRATED_2023_T1
2023,08,08235,municipality,082350080080,08235080,matched,Stadt Wildberg,kreisangehörige Gemeinde,10393,20785666.69,1999.97,6752010.00,3260.00,14030396.69,STATISTIKPORTAL_INTEGRATED_2023_T1
2023,08,08235,municipality,082355001006,08235006,matched,Stadt Altensteig,kreisangehörige Gemeinde,10958,77306166.75,7054.77,22670571.00,433284.00,54202311.75,STATISTIKPORTAL_INTEGRATED_2023_T1
2023,08,08235,municipality,082355001022,08235022,matched,Gemeinde Egenhausen,kreisangehörige Gemeinde,2132,289224.89,135.66,0.00,288046.00,1178.89,STATISTIKPORTAL_INTEGRATED_2023_T1
2023,08,08235,municipality,082355001066,08235066,matched,Gemeinde Simmersfeld,kreisangehörige Gemeinde,2236,4967219.24,2221.48,1825000.00,0.02,3142219.22,STATISTIKPORTAL_INTEGRATED_2023_T1
2023,08,08235,municipality,082355002007,08235007,matched,Gemeinde Althengstett,kreisangehörige Gemeinde,7998,17848572.20,2231.63,8579977.00,7658291.70,1610303.50,STATISTIKPORTAL_INTEGRATED_2023_T1
2023,08,08235,municipality,082355002029,08235029,matched,Gemeinde Gechingen,kreisangehörige Gemeinde,3769,1822894.07,483.65,0.00,0.00,1822894.07,STATISTIKPORTAL_INTEGRATED_2023_T1
2023,08,08235,municipality,082355002057,08235057,matched,Gemeinde Ostelsheim,kreisangehörige Gemeinde,2611,3974928.89,1522.38,0.00,3829145.85,145783.04,STATISTIKPORTAL_INTEGRATED_2023_T1
2023,08,08235,municipality,082355002067,08235067,matched,Gemeinde Simmozheim,kreisangehörige Gemeinde,2913,1178.51,0.40,0.00,0.00,1178.51,STATISTIKPORTAL_INTEGRATED_2023_T1
2023,08,08235,municipality,082355003018,08235018,matched,Gemeinde Dobel,kreisangehörige Gemeinde,2426,6431597.46,2651.11,5214372.00,836.09,1216389.37,STATISTIKPORTAL_INTEGRATED_2023_T1
2023,08,08235,municipality,082355003033,08235033,matched,Stadt Bad Herrenalb,kreisangehörige Gemeinde,8237,29459932.01,3576.54,27293678.00,5274.39,2160979.62,STATISTIKPORTAL_INTEGRATED_2023_T1
2023,08,08235,municipality,082355004008,08235008,matched,Stadt Bad Liebenzell,kreisangehörige Gemeinde,9732,77437774.33,7957.03,44712873.00,214622.01,32510279.32,STATISTIKPORTAL_INTEGRATED_2023_T1
2023,08,08235,municipality,082355004073,08235073,matched,Gemeinde Unterreichenbach,kreisangehörige Gemeinde,2421,3075691.95,1270.42,2664046.00,0.00,411645.95,STATISTIKPORTAL_INTEGRATED_2023_T1
2023,08,08235,municipality,082355005047,08235047,matched,Stadt Neubulach,kreisangehörige Gemeinde,5807,7373353.62,1269.74,2280696.00,405.03,5092252.59,STATISTIKPORTAL_INTEGRATED_2023_T1
2023,08,08235,municipality,082355005050,08235050,matched,Gemeinde Neuweiler,kreisangehörige Gemeinde,3215,3364890.06,1046.62,2664124.00,405.00,700361.06,STATISTIKPORTAL_INTEGRATED_2023_T1
2023,08,08235,municipality,082355005084,08235084,matched,Stadt Bad Teinach-Zavelstein,kreisangehörige Gemeinde,3252,3019864.66,928.62,0.00,1215.01,3018649.65,STATISTIKPORTAL_INTEGRATED_2023_T1
2023,08,08235,municipality,082355006055,08235055,matched,Gemeinde Oberreichenbach,kreisangehörige Gemeinde,3073,654965.31,213.14,232113.00,0.00,422852.31,STATISTIKPORTAL_INTEGRATED_2023_T1
2023,08,08235,municipality,082355006085,08235085,matched,Große Kreisstadt Calw,kreisangehörige Gemeinde,24434,134408567.31,5500.88,24481115.00,26805640.95,83121811.36,STATISTIKPORTAL_INTEGRATED_2023_T1
2023,08,08235,municipality,082355007020,08235020,matched,Gemeinde Ebhausen,kreisangehörige Gemeinde,4827,7717614.16,1598.84,3327777.00,1225.00,4388612.16,STATISTIKPORTAL_INTEGRATED_2023_T1
2023,08,08235,municipality,082355007032,08235032,matched,Stadt Haiterbach,kreisangehörige Gemeinde,6005,18059947.11,3007.48,8346442.00,1400.03,9712105.08,STATISTIKPORTAL_INTEGRATED_2023_T1
2023,08,08235,municipality,082355007046,08235046,matched,Große Kreisstadt Nagold,kreisangehörige Gemeinde,23168,82435078.30,3558.14,9040268.00,9560.00,73385250.30,STATISTIKPORTAL_INTEGRATED_2023_T1
2023,08,08235,municipality,082355007060,08235060,matched,Gemeinde Rohrdorf,kreisangehörige Gemeinde,1966,1698741.74,864.06,453180.00,525.00,1245036.74,STATISTIKPORTAL_INTEGRATED_2023_T1
2023,08,08235,municipality,082355008025,08235025,matched,Gemeinde Enzklösterle,kreisangehörige Gemeinde,1424,4462486.31,3133.77,4249156.00,1620.00,211710.31,STATISTIKPORTAL_INTEGRATED_2023_T1
2023,08,08235,municipality,082355008035,08235035,matched,Gemeinde Höfen an der Enz,kreisangehörige Gemeinde,1725,4144792.50,2402.78,4144000.00,405.00,387.50,STATISTIKPORTAL_INTEGRATED_2023_T1
2023,08,08235,municipality,082355008079,08235079,matched,Stadt Bad Wildbad im Schwarzwald,kreisangehörige Gemeinde,10534,37916298.62,3599.42,23279249.00,586995.01,14050054.61,STATISTIKPORTAL_INTEGRATED_2023_T1
2023,08,08236,county_administration,08236,,not_applicable,Landratsamt Enzkreis,Landkreis,202944,171695869.54,846.03,17066513.00,5765569.54,148863787.00,STATISTIKPORTAL_INTEGRATED_2023_T1
2023,08,08236,municipality,082360004004,08236004,matched,Gemeinde Birkenfeld,kreisangehörige Gemeinde,10238,17208433.56,1680.84,0.00,69.61,17208363.95,STATISTIKPORTAL_INTEGRATED_2023_T1
2023,08,08236,municipality,082360028028,08236028,matched,Gemeinde Illingen,kreisangehörige Gemeinde,7974,449849.04,56.41,0.00,50556.72,399292.32,STATISTIKPORTAL_INTEGRATED_2023_T1
2023,08,08236,municipality,082360030030,08236030,matched,Gemeinde Ispringen,kreisangehörige Gemeinde,6081,1369044.29,225.13,0.00,467187.56,901856.73,STATISTIKPORTAL_INTEGRATED_2023_T1
2023,08,08236,municipality,082360033033,08236033,matched,Stadt Knittlingen,kreisangehörige Gemeinde,8230,17072579.75,2074.43,4123764.00,9367884.54,3580931.21,STATISTIKPORTAL_INTEGRATED_2023_T1
2023,08,08236,municipality,082360046046,08236046,matched,Gemeinde Niefern-Öschelbronn,kreisangehörige Gemeinde,12516,367740.66,29.38,0.00,0.00,367740.66,STATISTIKPORTAL_INTEGRATED_2023_T1
2023,08,08236,municipality,082360070070,08236070,matched,Gemeinde Keltern,kreisangehörige Gemeinde,9104,2007611.87,220.52,0.00,0.00,2007611.87,STATISTIKPORTAL_INTEGRATED_2023_T1
2023,08,08236,municipality,082360071071,08236071,matched,Gemeinde Remchingen,kreisangehörige Gemeinde,11964,7331058.63,612.76,2299408.00,94.53,5031556.10,STATISTIKPORTAL_INTEGRATED_2023_T1
2023,08,08236,municipality,082360072072,08236072,matched,Gemeinde Straubenhardt,kreisangehörige Gemeinde,11466,13331245.24,1162.68,688373.00,60.88,12642811.36,STATISTIKPORTAL_INTEGRATED_2023_T1
2023,08,08236,municipality,082365001019,08236019,matched,Gemeinde Friolzheim,kreisangehörige Gemeinde,4308,1271925.45,295.25,864311.00,0.00,407614.45,STATISTIKPORTAL_INTEGRATED_2023_T1
2023,08,08236,municipality,082365001025,08236025,matched,Stadt Heimsheim,kreisangehörige Gemeinde,5543,2661557.78,480.17,206761.00,0.00,2454796.78,STATISTIKPORTAL_INTEGRATED_2023_T1
2023,08,08236,municipality,082365001039,08236039,matched,Gemeinde Mönsheim,kreisangehörige Gemeinde,3041,6706845.88,2205.47,1557381.00,152217.25,4997247.63,STATISTIKPORTAL_INTEGRATED_2023_T1
2023,08,08236,municipality,082365001065,08236065,matched,Gemeinde Wiernsheim,kreisangehörige Gemeinde,6942,11344797.71,1634.23,6156150.00,152217.25,5036430.46,STATISTIKPORTAL_INTEGRATED_2023_T1
2023,08,08236,municipality,082365001067,08236067,matched,Gemeinde Wimsheim,kreisangehörige Gemeinde,2853,4836006.83,1695.06,4257585.00,152217.25,426204.58,STATISTIKPORTAL_INTEGRATED_2023_T1
2023,08,08236,municipality,082365001068,08236068,matched,Gemeinde Wurmberg,kreisangehörige Gemeinde,3295,1126864.37,341.99,477770.00,152217.25,496877.12,STATISTIKPORTAL_INTEGRATED_2023_T1
2023,08,08236,municipality,082365002011,08236011,matched,Gemeinde Eisingen,kreisangehörige Gemeinde,4822,2045373.99,424.18,0.00,467187.56,1578186.43,STATISTIKPORTAL_INTEGRATED_2023_T1
2023,08,08236,municipality,082365002074,08236074,matched,Gemeinde Kämpfelbach,kreisangehörige Gemeinde,6452,2980709.48,461.98,0.00,622916.75,2357792.73,STATISTIKPORTAL_INTEGRATED_2023_T1
2023,08,08236,municipality,082365002076,08236076,matched,Gemeinde Königsbach-Stein,kreisangehörige Gemeinde,10268,2454150.18,239.01,776250.00,934375.13,743525.05,STATISTIKPORTAL_INTEGRATED_2023_T1
2023,08,08236,municipality,082365003038,08236038,matched,Stadt Maulbronn,kreisangehörige Gemeinde,6678,7519477.26,1126.01,0.00,6244975.33,1274501.93,STATISTIKPORTAL_INTEGRATED_2023_T1
2023,08,08236,municipality,082365003061,08236061,matched,Gemeinde Sternenfels,kreisangehörige Gemeinde,2805,3083207.36,1099.18,468653.00,0.00,2614554.36,STATISTIKPORTAL_INTEGRATED_2023_T1
2023,08,08236,municipality,082365004040,08236040,matched,Große Kreisstadt Mühlacker,kreisangehörige Gemeinde,26591,64117673.18,2411.25,14301781.00,606067.00,49209825.18,STATISTIKPORTAL_INTEGRATED_2023_T1
2023,08,08236,municipality,082365004050,08236050,matched,Gemeinde Ötisheim,kreisangehörige Gemeinde,4774,2809136.87,588.42,0.00,0.01,2809136.86,STATISTIKPORTAL_INTEGRATED_2023_T1
2023,08,08236,municipality,082365005013,08236013,matched,Gemeinde Engelsbrand,kreisangehörige Gemeinde,4531,8259306.13,1822.84,3366747.00,0.00,4892559.13,STATISTIKPORTAL_INTEGRATED_2023_T1
2023,08,08236,municipality,082365005043,08236043,matched,Stadt Neuenbürg,kreisangehörige Gemeinde,8513,8968088.26,1053.46,162500.00,1538174.09,7267414.17,STATISTIKPORTAL_INTEGRATED_2023_T1
2023,08,08236,municipality,082365006031,08236031,matched,Gemeinde Kieselbronn,kreisangehörige Gemeinde,3021,957725.82,317.02,366887.00,0.00,590838.82,STATISTIKPORTAL_INTEGRATED_2023_T1
2023,08,08236,municipality,082365006073,08236073,matched,Gemeinde Neulingen,kreisangehörige Gemeinde,6694,13067194.87,1952.08,1299359.00,6708617.82,5059218.05,STATISTIKPORTAL_INTEGRATED_2023_T1
2023,08,08236,municipality,082365006075,08236075,matched,Gemeinde Ölbronn-Dürrn,kreisangehörige Gemeinde,3487,11083195.54,3178.43,1241533.00,6708617.82,3133044.72,STATISTIKPORTAL_INTEGRATED_2023_T1
2023,08,08236,municipality,082365007044,08236044,matched,Gemeinde Neuhausen,kreisangehörige Gemeinde,5290,2900971.62,548.39,382488.00,1395815.00,1122668.62,STATISTIKPORTAL_INTEGRATED_2023_T1
2023,08,08236,municipality,082365007062,08236062,matched,Gemeinde Tiefenbronn,kreisangehörige Gemeinde,5463,4742025.22,868.03,2275948.00,1395815.00,1070262.22,STATISTIKPORTAL_INTEGRATED_2023_T1
2023,08,08237,county_administration,08237,,not_applicable,Landratsamt Freudenstadt,Landkreis,121421,429893152.04,3540.52,75378262.00,18774743.84,335740146.20,STATISTIKPORTAL_INTEGRATED_2023_T1
2023,08,08237,municipality,082370002002,08237002,matched,Stadt Alpirsbach,kreisangehörige Gemeinde,6208,10427981.24,1679.77,2894888.00,0.00,7533093.24,STATISTIKPORTAL_INTEGRATED_2023_T1
2023,08,08237,municipality,082370004004,08237004,matched,Gemeinde Baiersbronn,kreisangehörige Gemeinde,15115,20461644.03,1353.73,3740675.00,0.00,16720969.03,STATISTIKPORTAL_INTEGRATED_2023_T1
2023,08,08237,municipality,082370045045,08237045,matched,Gemeinde Loßburg,kreisangehörige Gemeinde,7837,6859123.31,875.22,568333.00,0.00,6290790.31,STATISTIKPORTAL_INTEGRATED_2023_T1
2023,08,08237,municipality,082375001019,08237019,matched,Stadt Dornstetten,kreisangehörige Gemeinde,8307,1128885.35,135.90,539470.00,0.00,589415.35,STATISTIKPORTAL_INTEGRATED_2023_T1
2023,08,08237,municipality,082375001030,08237030,matched,Gemeinde Glatten,kreisangehörige Gemeinde,2508,884.62,0.35,0.00,0.00,884.62,STATISTIKPORTAL_INTEGRATED_2023_T1
2023,08,08237,municipality,082375001061,08237061,matched,Gemeinde Schopfloch,kreisangehörige Gemeinde,2601,1582.38,0.61,0.00,0.00,1582.38,STATISTIKPORTAL_INTEGRATED_2023_T1
2023,08,08237,municipality,082375001074,08237074,matched,Gemeinde Waldachtal,kreisangehörige Gemeinde,6318,9795607.69,1550.43,2283758.00,0.00,7511849.69,STATISTIKPORTAL_INTEGRATED_2023_T1
2023,08,08237,municipality,082375002028,08237028,matched,Große Kreisstadt Freudenstadt,kreisangehörige Gemeinde,24242,52107934.62,2149.49,11597393.00,1295122.00,39215419.62,STATISTIKPORTAL_INTEGRATED_2023_T1
2023,08,08237,municipality,082375002073,08237073,matched,Gemeinde Seewald,kreisangehörige Gemeinde,2170,115529.40,53.24,0.00,0.00,115529.40,STATISTIKPORTAL_INTEGRATED_2023_T1
2023,08,08237,municipality,082375002075,08237075,matched,Gemeinde Bad Rippoldsau-Schapbach,kreisangehörige Gemeinde,2062,7102653.55,3444.55,3269997.00,28022.67,3804633.88,STATISTIKPORTAL_INTEGRATED_2023_T1
2023,08,08237,municipality,082375003024,08237024,matched,Gemeinde Empfingen,kreisangehörige Gemeinde,4300,1095442.40,254.75,0.00,1095442.40,0.00,STATISTIKPORTAL_INTEGRATED_2023_T1
2023,08,08237,municipality,082375003027,08237027,matched,Gemeinde Eutingen im Gäu,kreisangehörige Gemeinde,6068,4051762.40,667.73,3176312.00,1866.50,873583.90,STATISTIKPORTAL_INTEGRATED_2023_T1
2023,08,08237,municipality,082375003040,08237040,matched,Große Kreisstadt Horb am Neckar,kreisangehörige Gemeinde,25633,82052749.77,3201.06,3918888.00,2190884.80,75942976.97,STATISTIKPORTAL_INTEGRATED_2023_T1
2023,08,08237,municipality,082375005032,08237032,matched,Gemeinde Grömbach,kreisangehörige Gemeinde,620,615.79,0.99,0.00,0.00,615.79,STATISTIKPORTAL_INTEGRATED_2023_T1
2023,08,08237,municipality,082375005054,08237054,matched,Gemeinde Pfalzgrafenweiler,kreisangehörige Gemeinde,7228,2771.30,0.38,0.00,0.00,2771.30,STATISTIKPORTAL_INTEGRATED_2023_T1
2023,08,08237,municipality,082375005072,08237072,matched,Gemeinde Wörnersberg,kreisangehörige Gemeinde,204,463.57,2.27,0.00,0.00,463.57,STATISTIKPORTAL_INTEGRATED_2023_T1
2023,08,08311,municipality,083110000000,08311000,matched,"Stadt Freiburg im Breisgau, Stadtkreis",Stadtkreis,235991,1484717901.84,6291.42,292390598.00,319330896.97,872996406.87,STATISTIKPORTAL_INTEGRATED_2023_T1
2023,08,08315,county_administration,08315,,not_applicable,Landratsamt Breisgau-Hochschwarzwald,Landkreis,272074,218373499.85,802.63,77148489.00,141088723.12,136287.73,STATISTIKPORTAL_INTEGRATED_2023_T1
2023,08,08315,municipality,083150068068,08315068,matched,Gemeinde Lenzkirch,kreisangehörige Gemeinde,5149,8218189.91,1596.07,3823398.00,630609.63,3764182.28,STATISTIKPORTAL_INTEGRATED_2023_T1
2023,08,08315,municipality,083150076076,08315076,matched,Stadt Neuenburg am Rhein,kreisangehörige Gemeinde,12500,55564751.26,4445.18,21335058.00,3910662.61,30319030.65,STATISTIKPORTAL_INTEGRATED_2023_T1
2023,08,08315,municipality,083150133133,08315133,matched,Stadt Vogtsburg im Kaiserstuhl,kreisangehörige Gemeinde,6175,14736531.48,2386.48,11446333.00,618986.74,2671211.74,STATISTIKPORTAL_INTEGRATED_2023_T1
2023,08,08315,municipality,083155001006,08315006,matched,Stadt Bad Krozingen,kreisangehörige Gemeinde,22807,35720790.27,1566.22,2913654.00,1016919.89,31790216.38,STATISTIKPORTAL_INTEGRATED_2023_T1
2023,08,08315,municipality,083155001048,08315048,matched,Gemeinde Hartheim am Rhein,kreisangehörige Gemeinde,5005,3969452.16,793.10,0.00,618986.80,3350465.36,STATISTIKPORTAL_INTEGRATED_2023_T1
2023,08,08315,municipality,083155002015,08315015,matched,Stadt Breisach am Rhein,kreisangehörige Gemeinde,15946,44067391.52,2763.54,17255931.00,681938.04,26129522.48,STATISTIKPORTAL_INTEGRATED_2023_T1
2023,08,08315,municipality,083155002059,08315059,matched,Gemeinde Ihringen,kreisangehörige Gemeinde,6311,24695820.33,3913.14,3486321.00,5697341.21,15512158.12,STATISTIKPORTAL_INTEGRATED_2023_T1
2023,08,08315,municipality,083155002072,08315072,matched,Gemeinde Merdingen,kreisangehörige Gemeinde,2608,3199511.11,1226.81,559277.00,618987.11,2021247.00,STATISTIKPORTAL_INTEGRATED_2023_T1
2023,08,08315,municipality,083155003020,08315020,matched,Gemeinde Buchenbach,kreisangehörige Gemeinde,3112,5533416.36,1778.09,2079787.00,1600958.81,1852670.55,STATISTIKPORTAL_INTEGRATED_2023_T1
2023,08,08315,municipality,083155003064,08315064,matched,Gemeinde Kirchzarten,kreisangehörige Gemeinde,10312,12794916.30,1240.78,2270478.00,3718381.66,6806056.64,STATISTIKPORTAL_INTEGRATED_2023_T1
2023,08,08315,municipality,083155003084,08315084,matched,Gemeinde Oberried,kreisangehörige Gemeinde,2846,11440718.50,4019.93,8231378.00,1556777.61,1652562.89,STATISTIKPORTAL_INTEGRATED_2023_T1
2023,08,08315,municipality,083155003109,08315109,matched,Gemeinde Stegen,kreisangehörige Gemeinde,4615,7728565.25,1674.66,0.00,1821865.88,5906699.37,STATISTIKPORTAL_INTEGRATED_2023_T1
2023,08,08315,municipality,083155004014,08315014,matched,Gemeinde Bollschweil,kreisangehörige Gemeinde,2291,6425864.93,2804.83,4416553.00,616578.84,1392733.09,STATISTIKPORTAL_INTEGRATED_2023_T1
2023,08,08315,municipality,083155004131,08315131,matched,Gemeinde Ehrenkirchen,kreisangehörige Gemeinde,7873,2602947.38,330.62,0.00,618986.74,1983960.64,STATISTIKPORTAL_INTEGRATED_2023_T1
2023,08,08315,municipality,083155005047,08315047,matched,Gemeinde Gundelfingen,kreisangehörige Gemeinde,12043,14479400.10,1202.31,7106119.00,4962364.40,2410916.70,STATISTIKPORTAL_INTEGRATED_2023_T1
2023,08,08315,municipality,083155005051,08315051,matched,Gemeinde Heuweiler,kreisangehörige Gemeinde,1181,3956143.41,3349.83,606879.00,945667.36,2403597.05,STATISTIKPORTAL_INTEGRATED_2023_T1
2023,08,08315,municipality,083155006008,08315008,matched,Gemeinde Ballrechten-Dottingen,kreisangehörige Gemeinde,2468,3200277.53,1296.71,1531398.00,117184.34,1551695.19,STATISTIKPORTAL_INTEGRATED_2023_T1
2023,08,08315,municipality,083155006033,08315033,matched,Gemeinde Eschbach,kreisangehörige Gemeinde,2541,8210508.08,3231.21,5923130.00,704699.28,1582678.80,STATISTIKPORTAL_INTEGRATED_2023_T1
2023,08,08315,municipality,083155006050,08315050,matched,Stadt Heitersheim,kreisangehörige Gemeinde,6530,8826072.67,1351.62,2887500.00,704699.86,5233872.81,STATISTIKPORTAL_INTEGRATED_2023_T1
2023,08,08315,municipality,083155007003,08315003,matched,Gemeinde Au,kreisangehörige Gemeinde,1504,4342068.77,2887.01,720700.00,1075802.98,2545565.79,STATISTIKPORTAL_INTEGRATED_2023_T1
2023,08,08315,municipality,083155007056,08315056,matched,Gemeinde Horben,kreisangehörige Gemeinde,1214,3117948.45,2568.33,0.00,901486.15,2216462.30,STATISTIKPORTAL_INTEGRATED_2023_T1
2023,08,08315,municipality,083155007073,08315073,matched,Gemeinde Merzhausen,kreisangehörige Gemeinde,5407,5180471.34,958.10,421074.00,2092741.20,2666656.14,STATISTIKPORTAL_INTEGRATED_2023_T1
2023,08,08315,municipality,083155007107,08315107,matched,Gemeinde Sölden,kreisangehörige Gemeinde,1291,3297730.40,2554.40,667587.00,49702.31,2580441.09,STATISTIKPORTAL_INTEGRATED_2023_T1
2023,08,08315,municipality,083155007125,08315125,matched,Gemeinde Wittnau,kreisangehörige Gemeinde,1526,4023518.70,2636.64,785352.00,637217.37,2600949.33,STATISTIKPORTAL_INTEGRATED_2023_T1
2023,08,08315,municipality,083155008016,08315016,matched,Gemeinde Breitnau,kreisangehörige Gemeinde,1752,5299926.88,3025.07,2568139.00,909679.30,1822108.58,STATISTIKPORTAL_INTEGRATED_2023_T1
2023,08,08315,municipality,083155008052,08315052,matched,Gemeinde Hinterzarten,kreisangehörige Gemeinde,2706,9272404.10,3426.61,2199069.00,1423443.32,5649891.78,STATISTIKPORTAL_INTEGRATED_2023_T1
2023,08,08315,municipality,083155009013,08315013,matched,Gemeinde Bötzingen,kreisangehörige Gemeinde,5508,5121668.18,929.86,0.00,2886365.57,2235302.61,STATISTIKPORTAL_INTEGRATED_2023_T1
2023,08,08315,municipality,083155009030,08315030,matched,Gemeinde Eichstetten am Kaiserstuhl,kreisangehörige Gemeinde,3729,3287816.32,881.69,0.00,1064232.60,2223583.72,STATISTIKPORTAL_INTEGRATED_2023_T1
2023,08,08315,municipality,083155009043,08315043,matched,Gemeinde Gottenheim,kreisangehörige Gemeinde,2997,7567090.50,2524.89,696868.00,1649486.74,5220735.76,STATISTIKPORTAL_INTEGRATED_2023_T1
2023,08,08315,municipality,083155010039,08315039,matched,Gemeinde Friedenweiler,kreisangehörige Gemeinde,2104,3795383.41,1803.89,1521002.00,630609.63,1643771.78,STATISTIKPORTAL_INTEGRATED_2023_T1
2023,08,08315,municipality,083155010070,08315070,matched,Stadt Löffingen,kreisangehörige Gemeinde,7791,22879114.50,2936.61,4874500.00,630730.76,17373883.74,STATISTIKPORTAL_INTEGRATED_2023_T1
2023,08,08315,municipality,083155011115,08315115,matched,Gemeinde Umkirch,kreisangehörige Gemeinde,5977,7640880.73,1278.38,950629.00,3211603.39,3478648.34,STATISTIKPORTAL_INTEGRATED_2023_T1
2023,08,08315,municipality,083155011132,08315132,matched,Gemeinde March,kreisangehörige Gemeinde,9293,15828192.75,1703.24,7987841.00,3768352.81,4071998.94,STATISTIKPORTAL_INTEGRATED_2023_T1
2023,08,08315,municipality,083155012004,08315004,matched,Gemeinde Auggen,kreisangehörige Gemeinde,2834,5671753.12,2001.32,1584664.00,613722.68,3473366.44,STATISTIKPORTAL_INTEGRATED_2023_T1
2023,08,08315,municipality,083155012007,08315007,matched,Gemeinde Badenweiler,kreisangehörige Gemeinde,4575,5374950.79,1174.85,0.00,28615.88,5346334.91,STATISTIKPORTAL_INTEGRATED_2023_T1
2023,08,08315,municipality,083155012022,08315022,matched,Gemeinde Buggingen,kreisangehörige Gemeinde,4467,12698117.58,2842.65,1226969.00,1949842.37,9521306.21,STATISTIKPORTAL_INTEGRATED_2023_T1
2023,08,08315,municipality,083155012074,08315074,matched,Stadt Müllheim,kreisangehörige Gemeinde,19678,50724131.71,2577.71,7040856.00,673361.46,43009914.25,STATISTIKPORTAL_INTEGRATED_2023_T1
2023,08,08315,municipality,083155012111,08315111,matched,Stadt Sulzburg,kreisangehörige Gemeinde,2757,5292297.16,1919.59,1386388.00,1063070.04,2842839.12,STATISTIKPORTAL_INTEGRATED_2023_T1
2023,08,08315,municipality,083155013041,08315041,matched,Gemeinde Glottertal,kreisangehörige Gemeinde,3249,9151483.10,2816.71,2637200.00,2269465.75,4244817.35,STATISTIKPORTAL_INTEGRATED_2023_T1
2023,08,08315,municipality,083155013094,08315094,matched,Gemeinde Sankt Märgen,kreisangehörige Gemeinde,1934,3006280.41,1554.44,731899.00,630609.63,1643771.78,STATISTIKPORTAL_INTEGRATED_2023_T1
2023,08,08315,municipality,083155013095,08315095,matched,Gemeinde Sankt Peter,kreisangehörige Gemeinde,2740,7725428.75,2819.50,2825414.00,630609.68,4269405.07,STATISTIKPORTAL_INTEGRATED_2023_T1
2023,08,08315,municipality,083155014028,08315028,matched,Gemeinde Ebringen,kreisangehörige Gemeinde,2937,5675539.28,1932.43,2952082.00,1412611.24,1310846.04,STATISTIKPORTAL_INTEGRATED_2023_T1
2023,08,08315,municipality,083155014089,08315089,matched,Gemeinde Pfaffenweiler,kreisangehörige Gemeinde,2560,4583247.84,1790.33,1356831.00,1280886.42,1945530.42,STATISTIKPORTAL_INTEGRATED_2023_T1
2023,08,08315,municipality,083155014098,08315098,matched,Gemeinde Schallstadt,kreisangehörige Gemeinde,6605,8929984.95,1352.00,3976548.00,2207053.91,2746383.04,STATISTIKPORTAL_INTEGRATED_2023_T1
2023,08,08315,municipality,083155015037,08315037,matched,Gemeinde Feldberg (Schwarzwald),kreisangehörige Gemeinde,1922,14468170.74,7527.66,8446238.00,843860.46,5178072.28,STATISTIKPORTAL_INTEGRATED_2023_T1
2023,08,08315,municipality,083155015102,08315102,matched,Gemeinde Schluchsee,kreisangehörige Gemeinde,2564,6244648.43,2435.51,3163106.00,21555.91,3059986.52,STATISTIKPORTAL_INTEGRATED_2023_T1
2023,08,08315,municipality,083155016108,08315108,matched,Stadt Staufen im Breisgau,kreisangehörige Gemeinde,8484,9817060.75,1157.13,0.00,117184.21,9699876.54,STATISTIKPORTAL_INTEGRATED_2023_T1
2023,08,08315,municipality,083155016130,08315130,matched,Gemeinde Münstertal/Schwarzwald,kreisangehörige Gemeinde,5095,5196157.26,1019.85,550199.00,31471.63,4614486.63,STATISTIKPORTAL_INTEGRATED_2023_T1
2023,08,08315,municipality,083155017031,08315031,matched,Gemeinde Eisenbach (Hochschwarzwald),kreisangehörige Gemeinde,2185,5671755.41,2595.77,2393518.00,630609.63,2647627.78,STATISTIKPORTAL_INTEGRATED_2023_T1
2023,08,08315,municipality,083155017113,08315113,matched,Stadt Titisee-Neustadt,kreisangehörige Gemeinde,12376,34253275.07,2767.72,7435248.00,2518945.34,24299081.73,STATISTIKPORTAL_INTEGRATED_2023_T1
2023,08,08316,county_administration,08316,,not_applicable,Landratsamt Emmendingen,Landkreis,171784,157336444.02,915.90,21032167.00,82993258.06,53311018.96,STATISTIKPORTAL_INTEGRATED_2023_T1
2023,08,08316,municipality,083165001009,08316009,matched,Gemeinde Denzlingen,kreisangehörige Gemeinde,13923,31079358.47,2232.23,11583089.00,7308580.00,12187689.47,STATISTIKPORTAL_INTEGRATED_2023_T1
2023,08,08316,municipality,083165001036,08316036,matched,Gemeinde Reute,kreisangehörige Gemeinde,2899,8715346.92,3006.33,1791353.00,4220808.09,2703185.83,STATISTIKPORTAL_INTEGRATED_2023_T1
2023,08,08316,municipality,083165001045,08316045,matched,Gemeinde Vörstetten,kreisangehörige Gemeinde,3146,11648808.26,3702.74,1500000.00,4265089.18,5883719.08,STATISTIKPORTAL_INTEGRATED_2023_T1
2023,08,08316,municipality,083165002003,08316003,matched,Gemeinde Biederbach,kreisangehörige Gemeinde,1712,2973832.19,1737.05,710176.00,49702.31,2213953.88,STATISTIKPORTAL_INTEGRATED_2023_T1
2023,08,08316,municipality,083165002010,08316010,matched,Stadt Elzach,kreisangehörige Gemeinde,7497,22091596.19,2946.72,6670180.00,49702.31,15371713.88,STATISTIKPORTAL_INTEGRATED_2023_T1
2023,08,08316,municipality,083165002055,08316055,matched,Gemeinde Winden im Elztal,kreisangehörige Gemeinde,2920,3305898.19,1132.16,40403.00,49702.31,3215792.88,STATISTIKPORTAL_INTEGRATED_2023_T1
2023,08,08316,municipality,083165003011,08316011,matched,Große Kreisstadt Emmendingen,kreisangehörige Gemeinde,28926,63841451.67,2207.06,4564960.00,99404.63,59177087.04,STATISTIKPORTAL_INTEGRATED_2023_T1
2023,08,08316,municipality,083165003024,08316024,matched,Gemeinde Malterdingen,kreisangehörige Gemeinde,3479,10891292.73,3130.58,7403085.00,887508.21,2600699.52,STATISTIKPORTAL_INTEGRATED_2023_T1
2023,08,08316,municipality,083165003039,08316039,matched,Gemeinde Sexau,kreisangehörige Gemeinde,3619,4742954.71,1310.57,811494.00,49702.36,3881758.35,STATISTIKPORTAL_INTEGRATED_2023_T1
2023,08,08316,municipality,083165003043,08316043,matched,Gemeinde Teningen,kreisangehörige Gemeinde,12278,16360730.82,1332.52,4240252.00,755782.67,11364696.15,STATISTIKPORTAL_INTEGRATED_2023_T1
2023,08,08316,municipality,083165003054,08316054,matched,Gemeinde Freiamt,kreisangehörige Gemeinde,4252,7022185.98,1651.50,2436908.00,172492.31,4412785.67,STATISTIKPORTAL_INTEGRATED_2023_T1
2023,08,08316,municipality,083165004017,08316017,matched,Stadt Herbolzheim,kreisangehörige Gemeinde,11303,34404968.22,3043.88,8174849.00,574005.06,25656114.16,STATISTIKPORTAL_INTEGRATED_2023_T1
2023,08,08316,municipality,083165004020,08316020,matched,Stadt Kenzingen,kreisangehörige Gemeinde,11049,18622030.81,1685.40,10846588.00,390887.06,7384555.75,STATISTIKPORTAL_INTEGRATED_2023_T1
2023,08,08316,municipality,083165004049,08316049,matched,Gemeinde Weisweil,kreisangehörige Gemeinde,2236,3233721.02,1446.21,348905.00,65837.86,2818978.16,STATISTIKPORTAL_INTEGRATED_2023_T1
2023,08,08316,municipality,083165004053,08316053,matched,Gemeinde Rheinhausen,kreisangehörige Gemeinde,4307,7074443.29,1642.55,1474491.00,81931.41,5518020.88,STATISTIKPORTAL_INTEGRATED_2023_T1
2023,08,08316,municipality,083165005002,08316002,matched,Gemeinde Bahlingen am Kaiserstuhl,kreisangehörige Gemeinde,4621,13593004.35,2941.57,9899225.00,1416863.69,2276915.66,STATISTIKPORTAL_INTEGRATED_2023_T1
2023,08,08316,municipality,083165005012,08316012,matched,Stadt Endingen am Kaiserstuhl,kreisangehörige Gemeinde,10552,17346284.19,1643.89,1498023.00,1946219.42,13902041.77,STATISTIKPORTAL_INTEGRATED_2023_T1
2023,08,08316,municipality,083165005013,08316013,matched,Gemeinde Forchheim,kreisangehörige Gemeinde,1460,0.00,0.00,0.00,0.00,0.00,STATISTIKPORTAL_INTEGRATED_2023_T1
2023,08,08316,municipality,083165005037,08316037,matched,Gemeinde Riegel am Kaiserstuhl,kreisangehörige Gemeinde,4128,4472995.70,1083.57,272545.00,1902038.31,2298412.39,STATISTIKPORTAL_INTEGRATED_2023_T1
2023,08,08316,municipality,083165005038,08316038,matched,Gemeinde Sasbach am Kaiserstuhl,kreisangehörige Gemeinde,3467,2304812.78,664.79,983638.00,31471.63,1289703.15,STATISTIKPORTAL_INTEGRATED_2023_T1
2023,08,08316,municipality,083165005051,08316051,matched,Gemeinde Wyhl am Kaiserstuhl,kreisangehörige Gemeinde,4016,2457470.19,611.92,183034.00,49702.31,2224733.88,STATISTIKPORTAL_INTEGRATED_2023_T1
2023,08,08316,municipality,083165006014,08316014,matched,Gemeinde Gutach im Breisgau,kreisangehörige Gemeinde,4705,4009845.06,852.25,245138.00,1416863.74,2347843.32,STATISTIKPORTAL_INTEGRATED_2023_T1
2023,08,08316,municipality,083165006042,08316042,matched,Gemeinde Simonswald,kreisangehörige Gemeinde,3054,3168062.19,1037.35,904406.00,49702.31,2213953.88,STATISTIKPORTAL_INTEGRATED_2023_T1
2023,08,08316,municipality,083165006056,08316056,matched,Große Kreisstadt Waldkirch,kreisangehörige Gemeinde,22235,81529243.37,3666.71,8680091.00,9651398.03,63197754.34,STATISTIKPORTAL_INTEGRATED_2023_T1
2023,08,08317,county_administration,08317,,not_applicable,Landratsamt Ortenaukreis,Landkreis,443215,133742250.98,301.75,2036824.00,2000000.00,129705426.98,STATISTIKPORTAL_INTEGRATED_2023_T1
2023,08,08317,municipality,083170005005,08317005,matched,Gemeinde Appenweier,kreisangehörige Gemeinde,10350,3810067.52,368.12,0.00,30178.27,3779889.25,STATISTIKPORTAL_INTEGRATED_2023_T1
2023,08,08317,municipality,083170031031,08317031,matched,Gemeinde Friesenheim,kreisangehörige Gemeinde,13893,8781246.42,632.06,113092.00,46023.60,8622130.82,STATISTIKPORTAL_INTEGRATED_2023_T1
2023,08,08317,municipality,083170051051,08317051,matched,Stadt Hornberg,kreisangehörige Gemeinde,4255,11445828.87,2689.97,3726715.00,1037750.08,6681363.79,STATISTIKPORTAL_INTEGRATED_2023_T1
2023,08,08317,municipality,083170057057,08317057,matched,Große Kreisstadt Kehl,kreisangehörige Gemeinde,38439,88434942.64,2300.66,4921635.00,1414924.08,82098383.56,STATISTIKPORTAL_INTEGRATED_2023_T1
2023,08,08317,municipality,083170141141,08317141,matched,Gemeinde Willstätt,kreisangehörige Gemeinde,10101,18654291.02,1846.78,4457111.00,433622.47,13763557.55,STATISTIKPORTAL_INTEGRATED_2023_T1
2023,08,08317,municipality,083170151151,08317151,matched,Gemeinde Neuried,kreisangehörige Gemeinde,10021,23352532.14,2330.36,0.00,761810.97,22590721.17,STATISTIKPORTAL_INTEGRATED_2023_T1
2023,08,08317,municipality,083170153153,08317153,matched,Stadt Rheinau,kreisangehörige Gemeinde,11312,20563848.63,1817.88,31440.00,2482457.21,18049951.42,STATISTIKPORTAL_INTEGRATED_2023_T1
2023,08,08317,municipality,083175001001,08317001,matched,Große Kreisstadt Achern,kreisangehörige Gemeinde,26567,41133021.40,1548.27,0.00,4727161.66,36405859.74,STATISTIKPORTAL_INTEGRATED_2023_T1
2023,08,08317,municipality,083175001068,08317068,matched,Gemeinde Lauf,kreisangehörige Gemeinde,4019,7609816.66,1893.46,3375286.00,2603855.03,1630675.63,STATISTIKPORTAL_INTEGRATED_2023_T1
2023,08,08317,municipality,083175001116,08317116,matched,Gemeinde Sasbach,kreisangehörige Gemeinde,5450,8297688.15,1522.51,2131734.00,1060564.42,5105389.73,STATISTIKPORTAL_INTEGRATED_2023_T1
2023,08,08317,municipality,083175001118,08317118,matched,Gemeinde Sasbachwalden,kreisangehörige Gemeinde,2572,11893204.69,4624.11,4916695.00,347194.52,6629315.17,STATISTIKPORTAL_INTEGRATED_2023_T1
2023,08,08317,municipality,083175002026,08317026,matched,Stadt Ettenheim,kreisangehörige Gemeinde,13890,22588142.17,1626.22,5803034.00,30178.89,16754929.28,STATISTIKPORTAL_INTEGRATED_2023_T1
2023,08,08317,municipality,083175002073,08317073,matched,Stadt Mahlberg,kreisangehörige Gemeinde,5400,2412455.50,446.75,0.00,30178.27,2382277.23,STATISTIKPORTAL_INTEGRATED_2023_T1
2023,08,08317,municipality,083175002113,08317113,matched,Gemeinde Ringsheim,kreisangehörige Gemeinde,2574,3951845.32,1535.29,79167.00,1127224.41,2745453.91,STATISTIKPORTAL_INTEGRATED_2023_T1
2023,08,08317,municipality,083175002114,08317114,matched,Gemeinde Rust,kreisangehörige Gemeinde,5121,19672526.67,3841.54,9389953.00,1127224.41,9155349.26,STATISTIKPORTAL_INTEGRATED_2023_T1
2023,08,08317,municipality,083175002152,08317152,matched,Gemeinde Kappel-Grafenhausen,kreisangehörige Gemeinde,5315,4045377.95,761.12,0.00,30178.27,4015199.68,STATISTIKPORTAL_INTEGRATED_2023_T1
2023,08,08317,municipality,083175003009,08317009,matched,Gemeinde Berghaupten,kreisangehörige Gemeinde,2529,5603930.15,2215.87,79392.00,140691.13,5383847.02,STATISTIKPORTAL_INTEGRATED_2023_T1
2023,08,08317,municipality,083175003034,08317034,matched,Stadt Gengenbach,kreisangehörige Gemeinde,11025,44701762.73,4054.58,6921098.00,142803.69,37637861.04,STATISTIKPORTAL_INTEGRATED_2023_T1
2023,08,08317,municipality,083175003097,08317097,matched,Gemeinde Ohlsbach,kreisangehörige Gemeinde,3382,6754258.54,1997.12,0.00,140691.08,6613567.46,STATISTIKPORTAL_INTEGRATED_2023_T1
2023,08,08317,municipality,083175004029,08317029,matched,Gemeinde Fischerbach,kreisangehörige Gemeinde,1758,7085492.45,4030.43,1069872.00,312110.69,5703509.76,STATISTIKPORTAL_INTEGRATED_2023_T1
2023,08,08317,municipality,083175004040,08317040,matched,Stadt Haslach im Kinzigtal,kreisangehörige Gemeinde,7245,14877924.94,2053.54,4139855.00,915188.30,9822881.64,STATISTIKPORTAL_INTEGRATED_2023_T1
2023,08,08317,municipality,083175004046,08317046,matched,Gemeinde Hofstetten,kreisangehörige Gemeinde,1808,10359949.47,5730.06,4343788.00,260863.62,5755297.85,STATISTIKPORTAL_INTEGRATED_2023_T1
2023,08,08317,municipality,083175004078,08317078,matched,Gemeinde Mühlenbach,kreisangehörige Gemeinde,1648,7155189.94,4341.74,1495277.00,312110.64,5347802.30,STATISTIKPORTAL_INTEGRATED_2023_T1
2023,08,08317,municipality,083175004129,08317129,matched,Gemeinde Steinach,kreisangehörige Gemeinde,3963,10119381.92,2553.47,4160945.00,561586.95,5396849.97,STATISTIKPORTAL_INTEGRATED_2023_T1
2023,08,08317,municipality,083175005039,08317039,matched,Gemeinde Gutach (Schwarzwaldbahn),kreisangehörige Gemeinde,2331,6338569.33,2719.25,683609.00,277298.10,5377662.23,STATISTIKPORTAL_INTEGRATED_2023_T1
2023,08,08317,municipality,083175005041,08317041,matched,Stadt Hausach,kreisangehörige Gemeinde,5781,14085738.36,2436.56,6673778.00,1233518.63,6178441.73,STATISTIKPORTAL_INTEGRATED_2023_T1
2023,08,08317,municipality,083175006056,08317056,matched,Gemeinde Kappelrodeck,kreisangehörige Gemeinde,6231,17191037.52,2758.95,3179555.00,1100177.65,12911304.87,STATISTIKPORTAL_INTEGRATED_2023_T1
2023,08,08317,municipality,083175006102,08317102,matched,Gemeinde Ottenhöfen im Schwarzwald,kreisangehörige Gemeinde,3174,5286512.69,1665.57,2615845.00,30178.27,2640489.42,STATISTIKPORTAL_INTEGRATED_2023_T1
2023,08,08317,municipality,083175006126,08317126,matched,Gemeinde Seebach,kreisangehörige Gemeinde,1427,5640316.35,3952.57,847546.00,2400918.27,2391852.08,STATISTIKPORTAL_INTEGRATED_2023_T1
2023,08,08317,municipality,083175007059,08317059,matched,Gemeinde Kippenheim,kreisangehörige Gemeinde,5612,3277990.88,584.10,0.00,30178.27,3247812.61,STATISTIKPORTAL_INTEGRATED_2023_T1
2023,08,08317,municipality,083175007065,08317065,matched,Große Kreisstadt Lahr/Schwarzwald,kreisangehörige Gemeinde,49272,150339963.30,3051.23,22963154.00,3685973.32,123690835.98,STATISTIKPORTAL_INTEGRATED_2023_T1
2023,08,08317,municipality,083175008008,08317008,matched,Gemeinde Bad Peterstal-Griesbach,kreisangehörige Gemeinde,2792,10065880.72,3605.26,4293477.00,698036.77,5074366.95,STATISTIKPORTAL_INTEGRATED_2023_T1
2023,08,08317,municipality,083175008098,08317098,matched,Stadt Oppenau,kreisangehörige Gemeinde,4964,33658257.09,6780.47,12423007.00,1292456.10,19942793.99,STATISTIKPORTAL_INTEGRATED_2023_T1
2023,08,08317,municipality,083175009067,08317067,matched,Gemeinde Lautenbach,kreisangehörige Gemeinde,1999,4311424.47,2156.79,1287885.00,30178.27,2993361.20,STATISTIKPORTAL_INTEGRATED_2023_T1
2023,08,08317,municipality,083175009089,08317089,matched,Große Kreisstadt Oberkirch,kreisangehörige Gemeinde,20193,62841063.34,3112.02,28011266.00,2224988.80,32604808.54,STATISTIKPORTAL_INTEGRATED_2023_T1
2023,08,08317,municipality,083175009110,08317110,matched,Stadt Renchen,kreisangehörige Gemeinde,7465,10497009.29,1406.16,0.00,1377580.82,9119428.47,STATISTIKPORTAL_INTEGRATED_2023_T1
2023,08,08317,municipality,083175010021,08317021,matched,Gemeinde Durbach,kreisangehörige Gemeinde,4082,5071688.02,1242.45,1278754.00,30178.27,3762755.75,STATISTIKPORTAL_INTEGRATED_2023_T1
2023,08,08317,municipality,083175010047,08317047,matched,Gemeinde Hohberg,kreisangehörige Gemeinde,8350,21068441.31,2523.17,9816147.00,40081.57,11212212.74,STATISTIKPORTAL_INTEGRATED_2023_T1
2023,08,08317,municipality,083175010096,08317096,matched,Große Kreisstadt Offenburg,kreisangehörige Gemeinde,61746,263686816.24,4270.51,9033226.00,331988.09,254321602.15,STATISTIKPORTAL_INTEGRATED_2023_T1
2023,08,08317,municipality,083175010100,08317100,matched,Gemeinde Ortenberg,kreisangehörige Gemeinde,3466,6417369.12,1851.52,1536280.00,2189428.27,2691660.85,STATISTIKPORTAL_INTEGRATED_2023_T1
2023,08,08317,municipality,083175010122,08317122,matched,Gemeinde Schutterwald,kreisangehörige Gemeinde,7425,12449938.80,1676.76,0.00,7257347.91,5192590.89,STATISTIKPORTAL_INTEGRATED_2023_T1
2023,08,08317,municipality,083175011121,08317121,matched,Gemeinde Schuttertal,kreisangehörige Gemeinde,3172,4830993.42,1523.01,634442.00,30178.27,4166373.15,STATISTIKPORTAL_INTEGRATED_2023_T1
2023,08,08317,municipality,083175011127,08317127,matched,Gemeinde Seelbach,kreisangehörige Gemeinde,4935,5007238.98,1014.64,1325227.00,30178.53,3651833.45,STATISTIKPORTAL_INTEGRATED_2023_T1
2023,08,08317,municipality,083175012075,08317075,matched,Gemeinde Meißenheim,kreisangehörige Gemeinde,4110,6050401.82,1472.12,1885355.00,36120.25,4128926.57,STATISTIKPORTAL_INTEGRATED_2023_T1
2023,08,08317,municipality,083175012150,08317150,matched,Gemeinde Schwanau,kreisangehörige Gemeinde,7285,5964315.30,818.71,0.00,30178.27,5934137.03,STATISTIKPORTAL_INTEGRATED_2023_T1
2023,08,08317,municipality,083175013093,08317093,matched,Gemeinde Oberwolfach,kreisangehörige Gemeinde,2593,7466835.51,2879.61,1785398.00,164629.74,5516807.77,STATISTIKPORTAL_INTEGRATED_2023_T1
2023,08,08317,municipality,083175013145,08317145,matched,Stadt Wolfach,kreisangehörige Gemeinde,5698,9147927.56,1605.46,2563949.00,574422.05,6009556.51,STATISTIKPORTAL_INTEGRATED_2023_T1
2023,08,08317,municipality,083175014011,08317011,matched,Gemeinde Biberach / Baden,kreisangehörige Gemeinde,3772,10508885.85,2786.02,4962668.00,140691.08,5405526.77,STATISTIKPORTAL_INTEGRATED_2023_T1
2023,08,08317,municipality,083175014085,08317085,matched,Gemeinde Nordrach,kreisangehörige Gemeinde,1981,7568578.17,3820.58,2107429.00,140691.08,5320458.09,STATISTIKPORTAL_INTEGRATED_2023_T1
2023,08,08317,municipality,083175014088,08317088,matched,Gemeinde Oberharmersbach,kreisangehörige Gemeinde,2496,10053137.65,4027.70,4463740.00,140691.08,5448706.57,STATISTIKPORTAL_INTEGRATED_2023_T1
2023,08,08317,municipality,083175014146,08317146,matched,Stadt Zell am Harmersbach,kreisangehörige Gemeinde,8226,13389550.67,1627.71,4103574.00,140691.77,9145284.90,STATISTIKPORTAL_INTEGRATED_2023_T1
2023,08,08325,county_administration,08325,,not_applicable,Landratsamt Rottweil,Landkreis,142925,440768391.78,3083.91,3450000.00,24788980.42,412529411.36,STATISTIKPORTAL_INTEGRATED_2023_T1
2023,08,08325,municipality,083250012012,08325012,matched,Stadt Dornhan,kreisangehörige Gemeinde,6202,1695467.35,273.37,495000.00,326777.37,873689.98,STATISTIKPORTAL_INTEGRATED_2023_T1
2023,08,08325,municipality,083255001014,08325014,matched,Gemeinde Dunningen,kreisangehörige Gemeinde,6654,2820689.29,423.91,197640.00,0.00,2623049.29,STATISTIKPORTAL_INTEGRATED_2023_T1
2023,08,08325,municipality,083255001071,08325071,matched,Gemeinde Eschbronn,kreisangehörige Gemeinde,2126,417437.65,196.35,49315.00,0.00,368122.65,STATISTIKPORTAL_INTEGRATED_2023_T1
2023,08,08325,municipality,083255002015,08325015,matched,Gemeinde Epfendorf,kreisangehörige Gemeinde,3261,2808328.46,861.19,650500.00,0.01,2157828.45,STATISTIKPORTAL_INTEGRATED_2023_T1
2023,08,08325,municipality,083255002045,08325045,matched,Stadt Oberndorf am Neckar,kreisangehörige Gemeinde,14666,9311274.31,634.89,246000.00,0.63,9065273.68,STATISTIKPORTAL_INTEGRATED_2023_T1
2023,08,08325,municipality,083255002070,08325070,matched,Gemeinde Fluorn-Winzeln,kreisangehörige Gemeinde,3211,210909.61,65.68,4500.00,0.13,206409.48,STATISTIKPORTAL_INTEGRATED_2023_T1
2023,08,08325,municipality,083255003011,08325011,matched,Gemeinde Dietingen,kreisangehörige Gemeinde,4303,5027892.27,1168.46,4450000.00,0.00,577892.27,STATISTIKPORTAL_INTEGRATED_2023_T1
2023,08,08325,municipality,083255003049,08325049,matched,Große Kreisstadt Rottweil,kreisangehörige Gemeinde,25591,80774948.41,3156.38,0.00,179189.01,80595759.40,STATISTIKPORTAL_INTEGRATED_2023_T1
2023,08,08325,municipality,083255003064,08325064,matched,Gemeinde Wellendingen,kreisangehörige Gemeinde,3372,2397079.84,710.88,1711111.00,298815.66,387153.18,STATISTIKPORTAL_INTEGRATED_2023_T1
2023,08,08325,municipality,083255003069,08325069,matched,Gemeinde Zimmern ob Rottweil,kreisangehörige Gemeinde,6421,1753445.15,273.08,983348.00,0.00,770097.15,STATISTIKPORTAL_INTEGRATED_2023_T1
2023,08,08325,municipality,083255003072,08325072,matched,Gemeinde Deißlingen,kreisangehörige Gemeinde,6384,4240393.50,664.22,1000000.00,0.00,3240393.50,STATISTIKPORTAL_INTEGRATED_2023_T1
2023,08,08325,municipality,083255004050,08325050,matched,Gemeinde Schenkenzell,kreisangehörige Gemeinde,1904,2905258.00,1525.87,1222547.00,28022.67,1654688.33,STATISTIKPORTAL_INTEGRATED_2023_T1
2023,08,08325,municipality,083255004051,08325051,matched,Stadt Schiltach,kreisangehörige Gemeinde,3705,2189772.35,591.03,0.00,164629.86,2025142.49,STATISTIKPORTAL_INTEGRATED_2023_T1
2023,08,08325,municipality,083255005001,08325001,matched,Gemeinde Aichhalden,kreisangehörige Gemeinde,4303,5209664.74,1210.71,0.00,0.00,5209664.74,STATISTIKPORTAL_INTEGRATED_2023_T1
2023,08,08325,municipality,083255005024,08325024,matched,Gemeinde Hardt,kreisangehörige Gemeinde,2551,1781045.54,698.18,1462500.00,0.00,318545.54,STATISTIKPORTAL_INTEGRATED_2023_T1
2023,08,08325,municipality,083255005036,08325036,matched,Gemeinde Lauterbach,kreisangehörige Gemeinde,2878,4415127.50,1534.10,2293795.00,0.00,2121332.50,STATISTIKPORTAL_INTEGRATED_2023_T1
2023,08,08325,municipality,083255005053,08325053,matched,Große Kreisstadt Schramberg,kreisangehörige Gemeinde,21177,54358999.04,2566.89,1100000.00,0.00,53258999.04,STATISTIKPORTAL_INTEGRATED_2023_T1
2023,08,08325,municipality,083255006057,08325057,matched,Stadt Sulz am Neckar,kreisangehörige Gemeinde,12753,13723048.45,1076.06,25000.00,624263.63,13073784.82,STATISTIKPORTAL_INTEGRATED_2023_T1
2023,08,08325,municipality,083255006061,08325061,matched,Gemeinde Vöhringen,kreisangehörige Gemeinde,4673,736906.24,157.69,52042.00,344167.00,340697.24,STATISTIKPORTAL_INTEGRATED_2023_T1
2023,08,08325,municipality,083255007009,08325009,matched,Gemeinde Bösingen,kreisangehörige Gemeinde,3397,201655.94,59.36,103625.00,342.50,97688.44,STATISTIKPORTAL_INTEGRATED_2023_T1
2023,08,08325,municipality,083255007060,08325060,matched,Gemeinde Villingendorf,kreisangehörige Gemeinde,3393,988008.19,291.19,827524.00,342.50,160141.69,STATISTIKPORTAL_INTEGRATED_2023_T1
2023,08,08326,county_administration,08326,,not_applicable,Landratsamt Schwarzwald-Baar-Kreis,Landkreis,217998,104505313.24,479.39,26224400.00,0.00,78280913.24,STATISTIKPORTAL_INTEGRATED_2023_T1
2023,08,08326,municipality,083260003003,08326003,matched,Stadt Bad Dürrheim,kreisangehörige Gemeinde,13761,22528509.62,1637.13,96000.00,109935.11,22322574.51,STATISTIKPORTAL_INTEGRATED_2023_T1
2023,08,08326,municipality,083260005005,08326005,matched,Stadt Blumberg,kreisangehörige Gemeinde,10315,28675438.65,2779.97,221764.00,6914536.11,21539138.54,STATISTIKPORTAL_INTEGRATED_2023_T1
2023,08,08326,municipality,083260031031,08326031,matched,Gemeinde Königsfeld im Schwarzwald,kreisangehörige Gemeinde,6068,7849904.76,1293.66,1641324.00,109935.11,6098645.65,STATISTIKPORTAL_INTEGRATED_2023_T1
2023,08,08326,municipality,083260052052,08326052,matched,Stadt Sankt Georgen im Schwarzwald,kreisangehörige Gemeinde,13111,7383442.13,563.15,1226630.00,109935.11,6046877.02,STATISTIKPORTAL_INTEGRATED_2023_T1
2023,08,08326,municipality,083260068068,08326068,matched,Stadt Vöhrenbach,kreisangehörige Gemeinde,3699,7434189.30,2009.78,2881288.00,109935.11,4442966.19,STATISTIKPORTAL_INTEGRATED_2023_T1
2023,08,08326,municipality,083265001006,08326006,matched,Stadt Bräunlingen,kreisangehörige Gemeinde,6058,19942767.26,3291.97,6600074.00,1718170.86,11624522.40,STATISTIKPORTAL_INTEGRATED_2023_T1
2023,08,08326,municipality,083265001012,08326012,matched,Große Kreisstadt Donaueschingen,kreisangehörige Gemeinde,22366,36543126.09,1633.87,0.00,7629470.61,28913655.48,STATISTIKPORTAL_INTEGRATED_2023_T1
2023,08,08326,municipality,083265001027,08326027,matched,Stadt Hüfingen,kreisangehörige Gemeinde,8002,6088319.12,760.85,0.00,1718170.86,4370148.26,STATISTIKPORTAL_INTEGRATED_2023_T1
2023,08,08326,municipality,083265002017,08326017,matched,Stadt Furtwangen im Schwarzwald,kreisangehörige Gemeinde,9035,34477964.30,3816.04,12708324.00,3623754.11,18145886.19,STATISTIKPORTAL_INTEGRATED_2023_T1
2023,08,08326,municipality,083265002020,08326020,matched,Gemeinde Gütenbach,kreisangehörige Gemeinde,1134,9021031.37,7955.05,4604423.00,109935.11,4306673.26,STATISTIKPORTAL_INTEGRATED_2023_T1
2023,08,08326,municipality,083265003054,08326054,matched,Gemeinde Schönwald im Schwarzwald,kreisangehörige Gemeinde,2669,16452059.27,6164.13,8112973.00,796708.11,7542378.16,STATISTIKPORTAL_INTEGRATED_2023_T1
2023,08,08326,municipality,083265003055,08326055,matched,Gemeinde Schonach im Schwarzwald,kreisangehörige Gemeinde,4056,8759543.27,2159.65,1204392.00,2623295.11,4931856.16,STATISTIKPORTAL_INTEGRATED_2023_T1
2023,08,08326,municipality,083265003060,08326060,matched,Stadt Triberg im Schwarzwald,kreisangehörige Gemeinde,4885,16105764.64,3296.98,4881913.00,909935.11,10313916.53,STATISTIKPORTAL_INTEGRATED_2023_T1
2023,08,08326,municipality,083265004010,08326010,matched,Gemeinde Dauchingen,kreisangehörige Gemeinde,3913,10442270.10,2668.61,3409369.00,109935.11,6922965.99,STATISTIKPORTAL_INTEGRATED_2023_T1
2023,08,08326,municipality,083265004037,08326037,matched,Gemeinde Mönchweiler,kreisangehörige Gemeinde,2971,4416608.37,1486.57,0.00,109935.11,4306673.26,STATISTIKPORTAL_INTEGRATED_2023_T1
2023,08,08326,municipality,083265004041,08326041,matched,Gemeinde Niedereschach,kreisangehörige Gemeinde,6045,10914045.46,1805.47,3525000.00,109935.11,7279110.35,STATISTIKPORTAL_INTEGRATED_2023_T1
2023,08,08326,municipality,083265004061,08326061,matched,Gemeinde Tuningen,kreisangehörige Gemeinde,3302,7506731.03,2273.39,2227338.00,705984.02,4573409.01,STATISTIKPORTAL_INTEGRATED_2023_T1
2023,08,08326,municipality,083265004065,08326065,matched,Gemeinde Unterkirnach,kreisangehörige Gemeinde,2657,5674404.02,2135.64,1011532.00,109935.11,4552936.91,STATISTIKPORTAL_INTEGRATED_2023_T1
2023,08,08326,municipality,083265004074,08326074,matched,Große Kreisstadt Villingen-Schwenningen,kreisangehörige Gemeinde,88705,267890219.03,3020.01,20261401.00,18583647.43,229045170.60,STATISTIKPORTAL_INTEGRATED_2023_T1
2023,08,08326,municipality,083265004075,08326075,matched,Gemeinde Brigachtal,kreisangehörige Gemeinde,5246,16529855.37,3150.94,1953199.00,2357724.11,12218932.26,STATISTIKPORTAL_INTEGRATED_2023_T1
2023,08,08327,county_administration,08327,,not_applicable,Landratsamt Tuttlingen,Landkreis,145299,123981344.37,853.28,21378650.00,4270623.93,98332070.44,STATISTIKPORTAL_INTEGRATED_2023_T1
2023,08,08327,municipality,083275001004,08327004,matched,Gemeinde Bärenthal,kreisangehörige Gemeinde,482,3115793.27,6464.30,2785611.00,101355.12,228827.15,STATISTIKPORTAL_INTEGRATED_2023_T1
2023,08,08327,municipality,083275001008,08327008,matched,Gemeinde Buchheim,kreisangehörige Gemeinde,754,620711.18,823.22,420055.00,108154.39,92501.79,STATISTIKPORTAL_INTEGRATED_2023_T1
2023,08,08327,municipality,083275001016,08327016,matched,Stadt Fridingen an der Donau,kreisangehörige Gemeinde,3147,4059724.81,1290.03,2726751.00,190703.22,1142270.59,STATISTIKPORTAL_INTEGRATED_2023_T1
2023,08,08327,municipality,083275001027,08327027,matched,Gemeinde Irndorf,kreisangehörige Gemeinde,685,1762407.01,2572.86,1227623.00,109869.86,424914.15,STATISTIKPORTAL_INTEGRATED_2023_T1
2023,08,08327,municipality,083275001030,08327030,matched,Gemeinde Kolbingen,kreisangehörige Gemeinde,1239,992930.93,801.40,375462.00,127299.14,490169.79,STATISTIKPORTAL_INTEGRATED_2023_T1
2023,08,08327,municipality,083275001036,08327036,matched,Stadt Mühlheim an der Donau,kreisangehörige Gemeinde,3593,4135417.21,1150.96,965505.00,205381.69,2964530.52,STATISTIKPORTAL_INTEGRATED_2023_T1
2023,08,08327,municipality,083275001041,08327041,matched,Gemeinde Renquishausen,kreisangehörige Gemeinde,779,1298854.30,1667.34,870478.00,110899.15,317477.15,STATISTIKPORTAL_INTEGRATED_2023_T1
2023,08,08327,municipality,083275002007,08327007,matched,Gemeinde Bubsheim,kreisangehörige Gemeinde,1427,2925343.57,2050.00,1687460.00,44121.98,1193761.59,STATISTIKPORTAL_INTEGRATED_2023_T1
2023,08,08327,municipality,083275002009,08327009,matched,Gemeinde Deilingen,kreisangehörige Gemeinde,1946,2218378.97,1139.97,0.00,58669.20,2159709.77,STATISTIKPORTAL_INTEGRATED_2023_T1
2023,08,08327,municipality,083275002013,08327013,matched,Gemeinde Egesheim,kreisangehörige Gemeinde,633,250442.11,395.64,0.00,21614.96,228827.15,STATISTIKPORTAL_INTEGRATED_2023_T1
2023,08,08327,municipality,083275002019,08327019,matched,Gemeinde Gosheim,kreisangehörige Gemeinde,3789,2585771.47,682.44,0.00,197234.55,2388536.92,STATISTIKPORTAL_INTEGRATED_2023_T1
2023,08,08327,municipality,083275002029,08327029,matched,Gemeinde Königsheim,kreisangehörige Gemeinde,604,1127600.88,1866.89,880178.00,18595.73,228827.15,STATISTIKPORTAL_INTEGRATED_2023_T1
2023,08,08327,municipality,083275002040,08327040,matched,Gemeinde Reichenbach am Heuberg,kreisangehörige Gemeinde,465,245570.17,528.11,0.00,16743.02,228827.15,STATISTIKPORTAL_INTEGRATED_2023_T1
2023,08,08327,municipality,083275002051,08327051,matched,Gemeinde Wehingen,kreisangehörige Gemeinde,3654,888596.68,243.18,12566.00,189549.22,686481.46,STATISTIKPORTAL_INTEGRATED_2023_T1
2023,08,08327,municipality,083275003018,08327018,matched,Stadt Geisingen,kreisangehörige Gemeinde,6374,16395337.23,2572.22,1363895.00,1758493.52,13272948.71,STATISTIKPORTAL_INTEGRATED_2023_T1
2023,08,08327,municipality,083275003025,08327025,matched,Gemeinde Immendingen,kreisangehörige Gemeinde,6560,5090965.48,776.06,684657.00,1704575.36,2701733.12,STATISTIKPORTAL_INTEGRATED_2023_T1
2023,08,08327,municipality,083275004002,08327002,matched,Gemeinde Aldingen,kreisangehörige Gemeinde,7756,4780755.11,616.39,0.00,789222.72,3991532.39,STATISTIKPORTAL_INTEGRATED_2023_T1
2023,08,08327,municipality,083275004005,08327005,matched,Gemeinde Balgheim,kreisangehörige Gemeinde,1293,1172730.68,906.98,43930.00,40210.77,1088589.91,STATISTIKPORTAL_INTEGRATED_2023_T1
2023,08,08327,municipality,083275004006,08327006,matched,Gemeinde Böttingen,kreisangehörige Gemeinde,1428,854309.59,598.26,502604.00,47278.44,304427.15,STATISTIKPORTAL_INTEGRATED_2023_T1
2023,08,08327,municipality,083275004010,08327010,matched,Gemeinde Denkingen,kreisangehörige Gemeinde,2935,1277438.52,435.24,723340.00,325271.37,228827.15,STATISTIKPORTAL_INTEGRATED_2023_T1
2023,08,08327,municipality,083275004011,08327011,matched,Gemeinde Dürbheim,kreisangehörige Gemeinde,1710,2751959.99,1609.33,558794.00,55032.52,2138133.47,STATISTIKPORTAL_INTEGRATED_2023_T1
2023,08,08327,municipality,083275004017,08327017,matched,Gemeinde Frittlingen,kreisangehörige Gemeinde,2190,3562859.00,1626.88,0.00,308802.84,3254056.16,STATISTIKPORTAL_INTEGRATED_2023_T1
2023,08,08327,municipality,083275004023,08327023,matched,Gemeinde Hausen ob Verena,kreisangehörige Gemeinde,843,924833.72,1097.07,670000.00,26006.57,228827.15,STATISTIKPORTAL_INTEGRATED_2023_T1
2023,08,08327,municipality,083275004033,08327033,matched,Gemeinde Mahlstetten,kreisangehörige Gemeinde,818,1309669.34,1601.06,1246000.00,25869.34,37800.00,STATISTIKPORTAL_INTEGRATED_2023_T1
2023,08,08327,municipality,083275004046,08327046,matched,Stadt Spaichingen,kreisangehörige Gemeinde,13633,3611297.93,264.89,1605854.00,425986.32,1579457.61,STATISTIKPORTAL_INTEGRATED_2023_T1
2023,08,08327,municipality,083275005012,08327012,matched,Gemeinde Durchhausen,kreisangehörige Gemeinde,1054,1661576.24,1576.45,377500.00,956703.95,327372.29,STATISTIKPORTAL_INTEGRATED_2023_T1
2023,08,08327,municipality,083275005020,08327020,matched,Gemeinde Gunningen,kreisangehörige Gemeinde,763,2858384.30,3746.24,576250.00,23879.40,2258254.90,STATISTIKPORTAL_INTEGRATED_2023_T1
2023,08,08327,municipality,083275005048,08327048,matched,Gemeinde Talheim (LKR Tuttlingen),kreisangehörige Gemeinde,1305,3263468.65,2500.74,0.00,40279.33,3223189.32,STATISTIKPORTAL_INTEGRATED_2023_T1
2023,08,08327,municipality,083275005049,08327049,matched,Stadt Trossingen,kreisangehörige Gemeinde,17605,62609216.70,3556.33,8382472.00,536051.08,53690693.62,STATISTIKPORTAL_INTEGRATED_2023_T1
2023,08,08327,municipality,083275006038,08327038,matched,Gemeinde Neuhausen ob Eck,kreisangehörige Gemeinde,4048,5015476.14,1239.00,964042.00,129689.92,3921744.22,STATISTIKPORTAL_INTEGRATED_2023_T1
2023,08,08327,municipality,083275006050,08327050,matched,Große Kreisstadt Tuttlingen,kreisangehörige Gemeinde,37570,117948983.58,3139.45,15826689.00,4866489.55,97255805.03,STATISTIKPORTAL_INTEGRATED_2023_T1
2023,08,08327,municipality,083275006054,08327054,matched,Gemeinde Wurmlingen,kreisangehörige Gemeinde,3886,773965.33,199.17,0.00,127494.43,646470.90,STATISTIKPORTAL_INTEGRATED_2023_T1
2023,08,08327,municipality,083275006055,08327055,matched,Gemeinde Seitingen-Oberflacht,kreisangehörige Gemeinde,2599,3302238.35,1270.58,0.00,79049.03,3223189.32,STATISTIKPORTAL_INTEGRATED_2023_T1
2023,08,08327,municipality,083275006056,08327056,matched,Gemeinde Rietheim-Weilheim,kreisangehörige Gemeinde,2887,1568502.20,543.30,0.00,90165.40,1478336.80,STATISTIKPORTAL_INTEGRATED_2023_T1
2023,08,08327,municipality,083275006057,08327057,matched,Gemeinde Emmingen-Liptingen,kreisangehörige Gemeinde,4845,10074235.36,2079.31,4460705.00,210890.21,5402640.15,STATISTIKPORTAL_INTEGRATED_2023_T1
2023,08,08335,county_administration,08335,,not_applicable,Landratsamt Konstanz,Landkreis,293521,71959820.24,245.16,32211087.00,241900.00,39506833.24,STATISTIKPORTAL_INTEGRATED_2023_T1
2023,08,08335,municipality,083350035035,08335035,matched,Gemeinde Hilzingen,kreisangehörige Gemeinde,9099,11329607.39,1245.15,3037983.00,53889.76,8237734.63,STATISTIKPORTAL_INTEGRATED_2023_T1
2023,08,08335,municipality,083350063063,08335063,matched,Große Kreisstadt Radolfzell am Bodensee,kreisangehörige Gemeinde,32269,41791303.67,1295.09,5358095.00,176306.07,36256902.60,STATISTIKPORTAL_INTEGRATED_2023_T1
2023,08,08335,municipality,083350080080,08335080,matched,Stadt Tengen,kreisangehörige Gemeinde,4930,7955429.88,1613.68,1961627.00,1536830.76,4456972.12,STATISTIKPORTAL_INTEGRATED_2023_T1
2023,08,08335,municipality,083355001001,08335001,matched,Stadt Aach,kreisangehörige Gemeinde,2417,2684744.85,1110.78,382429.00,53889.76,2248426.09,STATISTIKPORTAL_INTEGRATED_2023_T1
2023,08,08335,municipality,083355001022,08335022,matched,Stadt Engen,kreisangehörige Gemeinde,11357,9814685.31,864.20,0.00,53889.76,9760795.55,STATISTIKPORTAL_INTEGRATED_2023_T1
2023,08,08335,municipality,083355001097,08335097,matched,Gemeinde Mühlhausen-Ehingen,kreisangehörige Gemeinde,4009,3027084.39,755.07,617153.00,53889.76,2356041.63,STATISTIKPORTAL_INTEGRATED_2023_T1
2023,08,08335,municipality,083355002015,08335015,matched,Gemeinde Büsingen am Hochrhein,kreisangehörige Gemeinde,1609,2108607.88,1310.51,0.00,53889.76,2054718.12,STATISTIKPORTAL_INTEGRATED_2023_T1
2023,08,08335,municipality,083355002026,08335026,matched,Gemeinde Gailingen am Hochrhein,kreisangehörige Gemeinde,2966,4997926.34,1685.07,809223.00,53889.76,4134813.58,STATISTIKPORTAL_INTEGRATED_2023_T1
2023,08,08335,municipality,083355002028,08335028,matched,Gemeinde Gottmadingen,kreisangehörige Gemeinde,10978,11365778.53,1035.32,4859078.00,53889.76,6452810.77,STATISTIKPORTAL_INTEGRATED_2023_T1
2023,08,08335,municipality,083355003025,08335025,matched,Gemeinde Gaienhofen,kreisangehörige Gemeinde,3378,6210719.05,1838.58,1633976.00,108551.55,4468191.50,STATISTIKPORTAL_INTEGRATED_2023_T1
2023,08,08335,municipality,083355003055,08335055,matched,Gemeinde Moos,kreisangehörige Gemeinde,3481,7675978.48,2205.11,2001143.00,108551.55,5566283.93,STATISTIKPORTAL_INTEGRATED_2023_T1
2023,08,08335,municipality,083355003061,08335061,matched,Gemeinde Öhningen,kreisangehörige Gemeinde,3698,6794414.76,1837.32,2542615.00,108536.35,4143263.41,STATISTIKPORTAL_INTEGRATED_2023_T1
2023,08,08335,municipality,083355004002,08335002,matched,Gemeinde Allensbach,kreisangehörige Gemeinde,7323,19834249.21,2708.49,1235879.00,82451.33,18515918.88,STATISTIKPORTAL_INTEGRATED_2023_T1
2023,08,08335,municipality,083355004043,08335043,matched,"Große Kreisstadt Konstanz, Universitätsstadt",kreisangehörige Gemeinde,85591,506340505.56,5915.81,79793697.00,29682321.87,396864486.69,STATISTIKPORTAL_INTEGRATED_2023_T1
2023,08,08335,municipality,083355004066,08335066,matched,Gemeinde Reichenau,kreisangehörige Gemeinde,5577,13225945.21,2371.52,4633120.00,82451.33,8510373.88,STATISTIKPORTAL_INTEGRATED_2023_T1
2023,08,08335,municipality,083355005075,08335075,matched,Große Kreisstadt Singen (Hohentwiel),kreisangehörige Gemeinde,49549,129041048.26,2604.31,21038100.00,2856149.55,105146798.71,STATISTIKPORTAL_INTEGRATED_2023_T1
2023,08,08335,municipality,083355005077,08335077,matched,Gemeinde Steißlingen,kreisangehörige Gemeinde,5104,6452617.36,1264.23,0.00,108551.55,6344065.81,STATISTIKPORTAL_INTEGRATED_2023_T1
2023,08,08335,municipality,083355005081,08335081,matched,Gemeinde Volkertshausen,kreisangehörige Gemeinde,3282,4548553.94,1385.91,60000.00,108536.35,4380017.59,STATISTIKPORTAL_INTEGRATED_2023_T1
2023,08,08335,municipality,083355005100,08335100,matched,Gemeinde Rielasingen-Worblingen,kreisangehörige Gemeinde,12154,15428487.12,1269.42,1557954.00,108551.55,13761981.57,STATISTIKPORTAL_INTEGRATED_2023_T1
2023,08,08335,municipality,083355006021,08335021,matched,Gemeinde Eigeltingen,kreisangehörige Gemeinde,3908,5165792.12,1321.85,753061.00,210183.33,4202547.79,STATISTIKPORTAL_INTEGRATED_2023_T1
2023,08,08335,municipality,083355006057,08335057,matched,Gemeinde Mühlingen,kreisangehörige Gemeinde,2760,4252395.05,1540.72,0.00,108551.55,4143843.50,STATISTIKPORTAL_INTEGRATED_2023_T1
2023,08,08335,municipality,083355006079,08335079,matched,Stadt Stockach,kreisangehörige Gemeinde,17444,19216224.42,1101.60,1534626.00,955483.05,16726115.37,STATISTIKPORTAL_INTEGRATED_2023_T1
2023,08,08335,municipality,083355006096,08335096,matched,Gemeinde Hohenfels,kreisangehörige Gemeinde,2128,4472350.49,2101.67,0.00,269802.70,4202547.79,STATISTIKPORTAL_INTEGRATED_2023_T1
2023,08,08335,municipality,083355006098,08335098,matched,Gemeinde Bodman-Ludwigshafen,kreisangehörige Gemeinde,4845,10952517.27,2260.58,1636875.00,362631.00,8953011.27,STATISTIKPORTAL_INTEGRATED_2023_T1
2023,08,08335,municipality,083355006099,08335099,matched,Gemeinde Orsingen-Nenzingen,kreisangehörige Gemeinde,3665,4421781.35,1206.49,0.00,277937.85,4143843.50,STATISTIKPORTAL_INTEGRATED_2023_T1
2023,08,08336,county_administration,08336,,not_applicable,Landratsamt Lörrach,Landkreis,233887,87591136.96,374.50,36735477.00,400.50,50855259.46,STATISTIKPORTAL_INTEGRATED_2023_T1
2023,08,08336,municipality,083360014014,08336014,matched,Gemeinde Efringen-Kirchen,kreisangehörige Gemeinde,8765,30010155.94,3423.86,237703.00,28615.47,29743837.47,STATISTIKPORTAL_INTEGRATED_2023_T1
2023,08,08336,municipality,083360084084,08336084,matched,Gemeinde Steinen,kreisangehörige Gemeinde,10311,51801155.92,5023.87,17091807.00,124214.21,34585134.71,STATISTIKPORTAL_INTEGRATED_2023_T1
2023,08,08336,municipality,083360087087,08336087,matched,Stadt Todtnau,kreisangehörige Gemeinde,4867,27836750.99,5719.49,3596224.00,68233.06,24172293.93,STATISTIKPORTAL_INTEGRATED_2023_T1
2023,08,08336,municipality,083360091091,08336091,matched,Große Kreisstadt Weil am Rhein,kreisangehörige Gemeinde,30884,155610711.93,5038.55,2088950.00,143078.56,153378683.37,STATISTIKPORTAL_INTEGRATED_2023_T1
2023,08,08336,municipality,083360105105,08336105,matched,Gemeinde Grenzach-Wyhlen,kreisangehörige Gemeinde,15121,56430459.45,3731.93,12184900.00,28616.54,44216942.91,STATISTIKPORTAL_INTEGRATED_2023_T1
2023,08,08336,municipality,083360107107,08336107,matched,Gemeinde Kleines Wiesental,kreisangehörige Gemeinde,2778,12498210.02,4499.00,1854238.00,68233.06,10575738.96,STATISTIKPORTAL_INTEGRATED_2023_T1
2023,08,08336,municipality,083365001045,08336045,matched,Stadt Kandern,kreisangehörige Gemeinde,8410,37059275.00,4406.57,2293136.00,124213.75,34641925.25,STATISTIKPORTAL_INTEGRATED_2023_T1
2023,08,08336,municipality,083365001104,08336104,matched,Gemeinde Malsburg-Marzell,kreisangehörige Gemeinde,1488,7339480.20,4932.45,935293.00,28615.47,6375571.73,STATISTIKPORTAL_INTEGRATED_2023_T1
2023,08,08336,municipality,083365003043,08336043,matched,Gemeinde Inzlingen,kreisangehörige Gemeinde,2502,14033424.18,5608.88,3619078.00,124213.80,10290132.38,STATISTIKPORTAL_INTEGRATED_2023_T1
2023,08,08336,municipality,083365003050,08336050,matched,Große Kreisstadt Lörrach,kreisangehörige Gemeinde,50436,330697001.55,6556.77,16705192.00,3764800.54,310227009.01,STATISTIKPORTAL_INTEGRATED_2023_T1
2023,08,08336,municipality,083365004069,08336069,matched,Große Kreisstadt Rheinfelden (Baden),kreisangehörige Gemeinde,33682,176450803.02,5238.73,2831964.00,409910.49,173208928.53,STATISTIKPORTAL_INTEGRATED_2023_T1
2023,08,08336,municipality,083365004082,08336082,matched,Gemeinde Schwörstadt,kreisangehörige Gemeinde,2563,13061473.24,5096.17,770197.00,127178.39,12164097.85,STATISTIKPORTAL_INTEGRATED_2023_T1
2023,08,08336,municipality,083365005006,08336006,matched,Gemeinde Bad Bellingen,kreisangehörige Gemeinde,5163,12419676.18,2405.52,2337265.00,28615.55,10053795.63,STATISTIKPORTAL_INTEGRATED_2023_T1
2023,08,08336,municipality,083365005078,08336078,matched,Gemeinde Schliengen,kreisangehörige Gemeinde,6133,4908375.30,800.32,0.00,28615.47,4879759.83,STATISTIKPORTAL_INTEGRATED_2023_T1
2023,08,08336,municipality,083365006004,08336004,matched,Gemeinde Aitern,kreisangehörige Gemeinde,511,6239363.46,12210.10,369817.00,864652.35,5004894.11,STATISTIKPORTAL_INTEGRATED_2023_T1
2023,08,08336,municipality,083365006010,08336010,matched,Gemeinde Böllen,kreisangehörige Gemeinde,98,4014030.62,40959.50,0.00,223334.41,3790696.21,STATISTIKPORTAL_INTEGRATED_2023_T1
2023,08,08336,municipality,083365006025,08336025,matched,Gemeinde Fröhnd,kreisangehörige Gemeinde,492,6298384.70,12801.59,445394.00,848096.59,5004894.11,STATISTIKPORTAL_INTEGRATED_2023_T1
2023,08,08336,municipality,083365006079,08336079,matched,Stadt Schönau im Schwarzwald,kreisangehörige Gemeinde,2419,19644536.56,8120.93,7411113.00,3891742.75,8341680.81,STATISTIKPORTAL_INTEGRATED_2023_T1
2023,08,08336,municipality,083365006080,08336080,matched,Gemeinde Schönenberg,kreisangehörige Gemeinde,342,5680982.49,16611.06,80685.00,595403.38,5004894.11,STATISTIKPORTAL_INTEGRATED_2023_T1
2023,08,08336,municipality,083365006089,08336089,matched,Gemeinde Tunau,kreisangehörige Gemeinde,184,5892510.33,32024.51,530093.00,357523.22,5004894.11,STATISTIKPORTAL_INTEGRATED_2023_T1
2023,08,08336,municipality,083365006090,08336090,matched,Gemeinde Utzenfeld,kreisangehörige Gemeinde,615,6142002.44,9987.00,106027.00,1031081.33,5004894.11,STATISTIKPORTAL_INTEGRATED_2023_T1
2023,08,08336,municipality,083365006094,08336094,matched,Gemeinde Wembach,kreisangehörige Gemeinde,347,5811468.83,16747.75,198101.00,608473.72,5004894.11,STATISTIKPORTAL_INTEGRATED_2023_T1
2023,08,08336,municipality,083365006096,08336096,matched,Gemeinde Wieden,kreisangehörige Gemeinde,530,7538976.67,14224.48,410710.00,907348.79,6220917.88,STATISTIKPORTAL_INTEGRATED_2023_T1
2023,08,08336,municipality,083365007034,08336034,matched,Gemeinde Hasel,kreisangehörige Gemeinde,1187,5327424.17,4488.14,254297.00,68233.06,5004894.11,STATISTIKPORTAL_INTEGRATED_2023_T1
2023,08,08336,municipality,083365007036,08336036,matched,Gemeinde Hausen im Wiesental,kreisangehörige Gemeinde,2380,12403546.37,5211.57,7640001.00,68233.06,4695312.31,STATISTIKPORTAL_INTEGRATED_2023_T1
2023,08,08336,municipality,083365007057,08336057,matched,Gemeinde Maulburg,kreisangehörige Gemeinde,4275,8608871.62,2013.77,0.00,136254.88,8472616.74,STATISTIKPORTAL_INTEGRATED_2023_T1
2023,08,08336,municipality,083365007081,08336081,matched,Stadt Schopfheim,kreisangehörige Gemeinde,20211,103999648.50,5145.70,5551400.00,3828906.08,94619342.42,STATISTIKPORTAL_INTEGRATED_2023_T1
2023,08,08336,municipality,083365008008,08336008,matched,Gemeinde Binzen,kreisangehörige Gemeinde,2979,7917433.72,2657.75,3984509.00,245417.71,3687507.01,STATISTIKPORTAL_INTEGRATED_2023_T1
2023,08,08336,municipality,083365008019,08336019,matched,Gemeinde Eimeldingen,kreisangehörige Gemeinde,2525,6590568.76,2610.13,2271700.00,245287.10,4073581.66,STATISTIKPORTAL_INTEGRATED_2023_T1
2023,08,08336,municipality,083365008024,08336024,matched,Gemeinde Fischingen,kreisangehörige Gemeinde,792,10737290.19,13557.18,441176.00,340885.43,9955228.76,STATISTIKPORTAL_INTEGRATED_2023_T1
2023,08,08336,municipality,083365008073,08336073,matched,Gemeinde Rümmingen,kreisangehörige Gemeinde,1990,4556446.27,2289.67,270639.00,245417.16,4040390.11,STATISTIKPORTAL_INTEGRATED_2023_T1
2023,08,08336,municipality,083365008075,08336075,matched,Gemeinde Schallbach,kreisangehörige Gemeinde,824,9696323.51,11767.38,412500.00,341015.44,8942808.07,STATISTIKPORTAL_INTEGRATED_2023_T1
2023,08,08336,municipality,083365008100,08336100,matched,Gemeinde Wittlingen,kreisangehörige Gemeinde,961,9285532.58,9662.36,0.00,341015.44,8944517.14,STATISTIKPORTAL_INTEGRATED_2023_T1
2023,08,08336,municipality,083365009103,08336103,matched,Stadt Zell im Wiesental,kreisangehörige Gemeinde,6315,29569962.83,4682.50,4069184.00,136254.88,25364523.95,STATISTIKPORTAL_INTEGRATED_2023_T1
2023,08,08336,municipality,083365009106,08336106,matched,Gemeinde Häg-Ehrsberg,kreisangehörige Gemeinde,807,5969955.97,7397.71,2001893.00,68233.06,3899829.91,STATISTIKPORTAL_INTEGRATED_2023_T1
2023,08,08337,county_administration,08337,,not_applicable,Landratsamt Waldshut,Landkreis,174036,30212143.47,173.60,27623883.00,400.50,2587859.97,STATISTIKPORTAL_INTEGRATED_2023_T1
2023,08,08337,municipality,083370002002,08337002,matched,Gemeinde Albbruck,kreisangehörige Gemeinde,7522,8071149.64,1073.01,341738.00,82723.81,7646687.83,STATISTIKPORTAL_INTEGRATED_2023_T1
2023,08,08337,municipality,083370038038,08337038,matched,Gemeinde Görwihl,kreisangehörige Gemeinde,4200,7929664.81,1888.02,4778159.00,73828.97,3077676.84,STATISTIKPORTAL_INTEGRATED_2023_T1
2023,08,08337,municipality,083370062062,08337062,matched,Gemeinde Klettgau,kreisangehörige Gemeinde,7645,6364817.87,832.55,1093332.00,73829.16,5197656.71,STATISTIKPORTAL_INTEGRATED_2023_T1
2023,08,08337,municipality,083370066066,08337066,matched,Stadt Laufenburg (Baden),kreisangehörige Gemeinde,9191,10259700.95,1116.28,400611.00,84206.72,9774883.23,STATISTIKPORTAL_INTEGRATED_2023_T1
2023,08,08337,municipality,083370106106,08337106,matched,Stadt Stühlingen,kreisangehörige Gemeinde,5518,12180413.26,2207.40,1352016.00,7330998.85,3497398.41,STATISTIKPORTAL_INTEGRATED_2023_T1
2023,08,08337,municipality,083370116116,08337116,matched,Stadt Wehr,kreisangehörige Gemeinde,13118,21530803.88,1641.32,2533454.00,91620.48,18905729.40,STATISTIKPORTAL_INTEGRATED_2023_T1
2023,08,08337,municipality,083375001022,08337022,matched,Stadt Bonndorf im Schwarzwald,kreisangehörige Gemeinde,6999,2366441.62,338.11,0.00,25198.85,2341242.77,STATISTIKPORTAL_INTEGRATED_2023_T1
2023,08,08337,municipality,083375001127,08337127,matched,Gemeinde Wutach,kreisangehörige Gemeinde,1209,2454331.90,2030.05,414473.00,25047.96,2014810.94,STATISTIKPORTAL_INTEGRATED_2023_T1
2023,08,08337,municipality,083375002030,08337030,matched,Gemeinde Dettighofen,kreisangehörige Gemeinde,1229,3884333.37,3160.56,592162.00,73828.97,3218342.40,STATISTIKPORTAL_INTEGRATED_2023_T1
2023,08,08337,municipality,083375002060,08337060,matched,Gemeinde Jestetten,kreisangehörige Gemeinde,5368,7658731.40,1426.74,2703727.00,73828.97,4881175.43,STATISTIKPORTAL_INTEGRATED_2023_T1
2023,08,08337,municipality,083375002070,08337070,matched,Gemeinde Lottstetten,kreisangehörige Gemeinde,2419,6495777.28,2685.32,2768542.00,73829.02,3653406.26,STATISTIKPORTAL_INTEGRATED_2023_T1
2023,08,08337,municipality,083375003053,08337053,matched,Gemeinde Hohentengen am Hochrhein,kreisangehörige Gemeinde,4012,10528351.40,2624.22,877833.00,73828.97,9576689.43,STATISTIKPORTAL_INTEGRATED_2023_T1
2023,08,08337,municipality,083375003125,08337125,matched,Gemeinde Küssaberg,kreisangehörige Gemeinde,5496,5715168.29,1039.88,473481.00,76793.62,5164893.67,STATISTIKPORTAL_INTEGRATED_2023_T1
2023,08,08337,municipality,083375004039,08337039,matched,Gemeinde Grafenhausen,kreisangehörige Gemeinde,2309,8826491.33,3822.65,209982.00,4539874.85,4076634.48,STATISTIKPORTAL_INTEGRATED_2023_T1
2023,08,08337,municipality,083375004128,08337128,matched,Gemeinde Ühlingen-Birkendorf,kreisangehörige Gemeinde,5464,2523844.45,461.90,264531.00,25047.96,2234265.49,STATISTIKPORTAL_INTEGRATED_2023_T1
2023,08,08337,municipality,083375005049,08337049,matched,Gemeinde Herrischried,kreisangehörige Gemeinde,2734,5808920.81,2124.70,2924079.00,73828.97,2811012.84,STATISTIKPORTAL_INTEGRATED_2023_T1
2023,08,08337,municipality,083375005076,08337076,matched,Gemeinde Murg,kreisangehörige Gemeinde,7043,19137910.68,2717.30,6474436.00,84206.13,12579268.55,STATISTIKPORTAL_INTEGRATED_2023_T1
2023,08,08337,municipality,083375005090,08337090,matched,Gemeinde Rickenbach,kreisangehörige Gemeinde,3955,4007012.81,1013.15,1122171.00,73828.97,2811012.84,STATISTIKPORTAL_INTEGRATED_2023_T1
2023,08,08337,municipality,083375005096,08337096,matched,Stadt Bad Säckingen,kreisangehörige Gemeinde,17659,98131223.21,5557.01,34792562.00,92395.92,63246265.29,STATISTIKPORTAL_INTEGRATED_2023_T1
2023,08,08337,municipality,083375006013,08337013,matched,Gemeinde Bernau im Schwarzwald,kreisangehörige Gemeinde,1975,844341.64,427.51,0.00,21555.91,822785.73,STATISTIKPORTAL_INTEGRATED_2023_T1
2023,08,08337,municipality,083375006027,08337027,matched,Gemeinde Dachsberg (Südschwarzwald),kreisangehörige Gemeinde,1451,1241170.95,855.39,289680.00,21555.91,929935.04,STATISTIKPORTAL_INTEGRATED_2023_T1
2023,08,08337,municipality,083375006045,08337045,matched,Gemeinde Häusern,kreisangehörige Gemeinde,1330,3455297.68,2597.97,1973461.00,21555.91,1460280.77,STATISTIKPORTAL_INTEGRATED_2023_T1
2023,08,08337,municipality,083375006051,08337051,matched,Gemeinde Höchenschwand,kreisangehörige Gemeinde,2783,9837269.04,3534.77,195637.00,416789.91,9224842.13,STATISTIKPORTAL_INTEGRATED_2023_T1
2023,08,08337,municipality,083375006059,08337059,matched,Gemeinde Ibach,kreisangehörige Gemeinde,350,1019353.64,2912.44,175012.00,21555.91,822785.73,STATISTIKPORTAL_INTEGRATED_2023_T1
2023,08,08337,municipality,083375006097,08337097,matched,Stadt Sankt Blasien,kreisangehörige Gemeinde,4186,21589780.43,5157.62,10959937.00,43111.81,10586731.62,STATISTIKPORTAL_INTEGRATED_2023_T1
2023,08,08337,municipality,083375006108,08337108,matched,Gemeinde Todtmoos,kreisangehörige Gemeinde,2070,6633892.81,3204.78,1932610.00,73828.97,4627453.84,STATISTIKPORTAL_INTEGRATED_2023_T1
2023,08,08337,municipality,083375007032,08337032,matched,Gemeinde Dogern,kreisangehörige Gemeinde,2301,6074738.14,2640.04,2396667.00,76793.71,3601277.43,STATISTIKPORTAL_INTEGRATED_2023_T1
2023,08,08337,municipality,083375007065,08337065,matched,Gemeinde Lauchringen,kreisangehörige Gemeinde,8051,19920210.39,2474.25,2523694.00,73829.93,17322686.46,STATISTIKPORTAL_INTEGRATED_2023_T1
2023,08,08337,municipality,083375007118,08337118,matched,Gemeinde Weilheim,kreisangehörige Gemeinde,3107,9019294.70,2902.89,775257.00,73829.10,8170208.60,STATISTIKPORTAL_INTEGRATED_2023_T1
2023,08,08337,municipality,083375007126,08337126,matched,Große Kreisstadt Waldshut-Tiengen,kreisangehörige Gemeinde,24825,78253822.88,3152.22,11541139.00,103481.43,66609202.45,STATISTIKPORTAL_INTEGRATED_2023_T1
2023,08,08337,municipality,083375008123,08337123,matched,Gemeinde Wutöschingen,kreisangehörige Gemeinde,6736,8324771.41,1235.86,2511821.00,73829.21,5739121.20,STATISTIKPORTAL_INTEGRATED_2023_T1
2023,08,08337,municipality,083375008124,08337124,matched,Gemeinde Eggingen,kreisangehörige Gemeinde,1781,3631002.26,2038.74,378980.00,25198.85,3226823.41,STATISTIKPORTAL_INTEGRATED_2023_T1
2023,08,08415,county_administration,08415,,not_applicable,Landratsamt Reutlingen,Landkreis,292485,381154404.32,1303.16,59163059.00,15853876.77,306137468.55,STATISTIKPORTAL_INTEGRATED_2023_T1
2023,08,08415,municipality,084150014014,08415014,matched,Gemeinde Dettingen an der Erms,kreisangehörige Gemeinde,10077,13785020.84,1367.97,673266.00,331552.80,12780202.04,STATISTIKPORTAL_INTEGRATED_2023_T1
2023,08,08415,municipality,084150019019,08415019,matched,Gemeinde Eningen unter Achalm,kreisangehörige Gemeinde,11453,7474600.69,652.63,71969.00,110992.49,7291639.20,STATISTIKPORTAL_INTEGRATED_2023_T1
2023,08,08415,municipality,084150059059,08415059,matched,Stadt Pfullingen,kreisangehörige Gemeinde,19151,16801142.52,877.30,8741808.00,195650.00,7863684.52,STATISTIKPORTAL_INTEGRATED_2023_T1
2023,08,08415,municipality,084150061061,08415061,matched,Große Kreisstadt Reutlingen,kreisangehörige Gemeinde,117951,596724676.76,5059.09,125780900.00,14720936.57,456222840.19,STATISTIKPORTAL_INTEGRATED_2023_T1
2023,08,08415,municipality,084150073073,08415073,matched,Stadt Trochtelfingen,kreisangehörige Gemeinde,6244,4888195.93,782.86,2903390.00,0.00,1984805.93,STATISTIKPORTAL_INTEGRATED_2023_T1
2023,08,08415,municipality,084150080080,08415080,matched,Gemeinde Wannweil,kreisangehörige Gemeinde,5455,634120.57,116.25,0.00,632558.78,1561.79,STATISTIKPORTAL_INTEGRATED_2023_T1
2023,08,08415,municipality,084150091091,08415091,matched,Gemeinde Sonnenbühl,kreisangehörige Gemeinde,7142,3350172.34,469.08,0.00,0.00,3350172.34,STATISTIKPORTAL_INTEGRATED_2023_T1
2023,08,08415,municipality,084150092092,08415092,matched,Gemeinde Lichtenstein,kreisangehörige Gemeinde,9304,4608443.40,495.32,3639449.00,5642.49,963351.91,STATISTIKPORTAL_INTEGRATED_2023_T1
2023,08,08415,municipality,084150093093,08415093,matched,Gemeinde Sankt Johann,kreisangehörige Gemeinde,5268,7932351.00,1505.76,4664509.00,0.00,3267842.00,STATISTIKPORTAL_INTEGRATED_2023_T1
2023,08,08415,municipality,084155001089,08415089,matched,Gemeinde Engstingen,kreisangehörige Gemeinde,5245,4377726.35,834.65,2558373.00,0.00,1819353.35,STATISTIKPORTAL_INTEGRATED_2023_T1
2023,08,08415,municipality,084155001090,08415090,matched,Gemeinde Hohenstein,kreisangehörige Gemeinde,3801,1421016.22,373.85,0.00,0.00,1421016.22,STATISTIKPORTAL_INTEGRATED_2023_T1
2023,08,08415,municipality,084155002029,08415029,matched,Gemeinde Grafenberg,kreisangehörige Gemeinde,2778,3741377.45,1346.79,1508854.00,16927.47,2215595.98,STATISTIKPORTAL_INTEGRATED_2023_T1
2023,08,08415,municipality,084155002050,08415050,matched,Große Kreisstadt Metzingen,kreisangehörige Gemeinde,22492,18000252.48,800.30,2020063.00,466295.49,15513893.99,STATISTIKPORTAL_INTEGRATED_2023_T1
2023,08,08415,municipality,084155002062,08415062,matched,Gemeinde Riederich,kreisangehörige Gemeinde,4323,317114.15,73.36,0.00,50556.72,266557.43,STATISTIKPORTAL_INTEGRATED_2023_T1
2023,08,08415,municipality,084155003027,08415027,matched,Gemeinde Gomadingen,kreisangehörige Gemeinde,2327,380000.00,163.30,0.00,380000.00,0.00,STATISTIKPORTAL_INTEGRATED_2023_T1
2023,08,08415,municipality,084155003048,08415048,matched,Gemeinde Mehrstetten,kreisangehörige Gemeinde,1486,4188050.00,2818.34,4143050.00,0.00,45000.00,STATISTIKPORTAL_INTEGRATED_2023_T1
2023,08,08415,municipality,084155003053,08415053,matched,Stadt Münsingen,kreisangehörige Gemeinde,14725,13701688.11,930.51,8433406.00,0.00,5268282.11,STATISTIKPORTAL_INTEGRATED_2023_T1
2023,08,08415,municipality,084155004060,08415060,matched,Gemeinde Pliezhausen,kreisangehörige Gemeinde,9892,6292997.98,636.17,2322727.00,103226.69,3867044.29,STATISTIKPORTAL_INTEGRATED_2023_T1
2023,08,08415,municipality,084155004087,08415087,matched,Gemeinde Walddorfhäslach,kreisangehörige Gemeinde,5527,1902103.32,344.15,0.00,16927.47,1885175.85,STATISTIKPORTAL_INTEGRATED_2023_T1
2023,08,08415,municipality,084155005028,08415028,matched,Gemeinde Grabenstetten,kreisangehörige Gemeinde,1732,1986233.00,1146.79,1035428.00,0.00,950805.00,STATISTIKPORTAL_INTEGRATED_2023_T1
2023,08,08415,municipality,084155005039,08415039,matched,Gemeinde Hülben,kreisangehörige Gemeinde,3132,616162.46,196.73,205004.00,281981.49,129176.97,STATISTIKPORTAL_INTEGRATED_2023_T1
2023,08,08415,municipality,084155005078,08415078,matched,Stadt Bad Urach,kreisangehörige Gemeinde,12816,18359525.09,1432.55,2044622.00,106755.94,16208147.15,STATISTIKPORTAL_INTEGRATED_2023_T1
2023,08,08415,municipality,084155005088,08415088,matched,Gemeinde Römerstein,kreisangehörige Gemeinde,4081,4946427.39,1212.06,2842526.00,0.00,2103901.39,STATISTIKPORTAL_INTEGRATED_2023_T1
2023,08,08415,municipality,084155006034,08415034,matched,Stadt Hayingen,kreisangehörige Gemeinde,2245,1267722.00,564.69,100000.00,0.00,1167722.00,STATISTIKPORTAL_INTEGRATED_2023_T1
2023,08,08415,municipality,084155006058,08415058,matched,Gemeinde Pfronstetten,kreisangehörige Gemeinde,1517,1567238.20,1033.12,1139431.00,0.00,427807.20,STATISTIKPORTAL_INTEGRATED_2023_T1
2023,08,08415,municipality,084155006085,08415085,matched,Gemeinde Zwiefalten,kreisangehörige Gemeinde,2321,3101946.92,1336.47,1835625.00,0.00,1266321.92,STATISTIKPORTAL_INTEGRATED_2023_T1
2023,08,08416,county_administration,08416,,not_applicable,Landratsamt Tübingen,Landkreis,233330,306515536.02,1313.66,56536684.00,25571558.88,224407293.14,STATISTIKPORTAL_INTEGRATED_2023_T1
2023,08,08416,municipality,084160009009,08416009,matched,Gemeinde Dettenhausen,kreisangehörige Gemeinde,5623,12524125.43,2227.30,2543892.00,1515272.00,8464961.43,STATISTIKPORTAL_INTEGRATED_2023_T1
2023,08,08416,municipality,084160022022,08416022,matched,Gemeinde Kirchentellinsfurt,kreisangehörige Gemeinde,5727,7633107.84,1332.83,580260.00,614273.05,6438574.79,STATISTIKPORTAL_INTEGRATED_2023_T1
2023,08,08416,municipality,084160023023,08416023,matched,Gemeinde Kusterdingen,kreisangehörige Gemeinde,8888,3937298.54,442.99,0.00,879416.17,3057882.37,STATISTIKPORTAL_INTEGRATED_2023_T1
2023,08,08416,municipality,084160041041,08416041,matched,"Große Kreisstadt Tübingen, Universitätsstadt",kreisangehörige Gemeinde,92876,537175558.35,5783.79,57849927.00,10761237.57,468564393.78,STATISTIKPORTAL_INTEGRATED_2023_T1
2023,08,08416,municipality,084160048048,08416048,matched,Gemeinde Ammerbuch,kreisangehörige Gemeinde,11466,21721137.61,1894.40,13409448.00,0.00,8311689.61,STATISTIKPORTAL_INTEGRATED_2023_T1
2023,08,08416,municipality,084165001011,08416011,matched,Gemeinde Dußlingen,kreisangehörige Gemeinde,6396,15621267.63,2442.35,0.00,2131681.50,13489586.13,STATISTIKPORTAL_INTEGRATED_2023_T1
2023,08,08416,municipality,084165001015,08416015,matched,Gemeinde Gomaringen,kreisangehörige Gemeinde,9273,21300630.91,2297.06,2848128.00,3164022.45,15288480.46,STATISTIKPORTAL_INTEGRATED_2023_T1
2023,08,08416,municipality,084165001026,08416026,matched,Gemeinde Nehren,kreisangehörige Gemeinde,4549,12985804.21,2854.65,2690020.00,1540991.05,8754793.16,STATISTIKPORTAL_INTEGRATED_2023_T1
2023,08,08416,municipality,084165002006,08416006,matched,Gemeinde Bodelshausen,kreisangehörige Gemeinde,5886,19952239.49,3389.78,5445979.00,0.00,14506260.49,STATISTIKPORTAL_INTEGRATED_2023_T1
2023,08,08416,municipality,084165002025,08416025,matched,Große Kreisstadt Mössingen,kreisangehörige Gemeinde,20881,59394071.26,2844.41,651940.00,0.00,58742131.26,STATISTIKPORTAL_INTEGRATED_2023_T1
2023,08,08416,municipality,084165002031,08416031,matched,Gemeinde Ofterdingen,kreisangehörige Gemeinde,5533,20755062.17,3751.14,7581547.00,0.00,13173515.17,STATISTIKPORTAL_INTEGRATED_2023_T1
2023,08,08416,municipality,084165003018,08416018,matched,Gemeinde Hirrlingen,kreisangehörige Gemeinde,3209,1781974.03,555.31,157717.00,0.00,1624257.03,STATISTIKPORTAL_INTEGRATED_2023_T1
2023,08,08416,municipality,084165003036,08416036,matched,Große Kreisstadt Rottenburg am Neckar,kreisangehörige Gemeinde,44697,111693324.81,2498.90,5028172.00,1884474.00,104780678.81,STATISTIKPORTAL_INTEGRATED_2023_T1
2023,08,08416,municipality,084165003049,08416049,matched,Gemeinde Neustetten,kreisangehörige Gemeinde,3952,969522.72,245.32,0.00,0.00,969522.72,STATISTIKPORTAL_INTEGRATED_2023_T1
2023,08,08416,municipality,084165003050,08416050,matched,Gemeinde Starzach,kreisangehörige Gemeinde,4374,7022306.93,1605.47,5209536.00,1097308.90,715462.03,STATISTIKPORTAL_INTEGRATED_2023_T1
2023,08,08417,county_administration,08417,,not_applicable,Landratsamt Zollernalbkreis,Landkreis,193694,651957919.77,3365.92,10283210.00,36914786.42,604759923.35,STATISTIKPORTAL_INTEGRATED_2023_T1
2023,08,08417,municipality,084170013013,08417013,matched,Stadt Burladingen,kreisangehörige Gemeinde,12254,15106387.77,1232.77,6254119.00,0.00,8852268.77,STATISTIKPORTAL_INTEGRATED_2023_T1
2023,08,08417,municipality,084170025025,08417025,matched,Stadt Haigerloch,kreisangehörige Gemeinde,11049,21813449.90,1974.25,13956620.00,1095442.40,6761387.50,STATISTIKPORTAL_INTEGRATED_2023_T1
2023,08,08417,municipality,084170054054,08417054,matched,Stadt Rosenfeld,kreisangehörige Gemeinde,6566,5110064.04,778.26,0.00,0.02,5110064.02,STATISTIKPORTAL_INTEGRATED_2023_T1
2023,08,08417,municipality,084175001010,08417010,matched,Gemeinde Bitz,kreisangehörige Gemeinde,3777,1697326.85,449.38,1461700.00,0.00,235626.85,STATISTIKPORTAL_INTEGRATED_2023_T1
2023,08,08417,municipality,084175001079,08417079,matched,Große Kreisstadt Albstadt,kreisangehörige Gemeinde,46595,84935859.15,1822.85,47725725.00,0.00,37210134.15,STATISTIKPORTAL_INTEGRATED_2023_T1
2023,08,08417,municipality,084175002002,08417002,matched,Große Kreisstadt Balingen,kreisangehörige Gemeinde,35074,59671044.23,1701.29,21481879.00,0.00,38189165.23,STATISTIKPORTAL_INTEGRATED_2023_T1
2023,08,08417,municipality,084175002022,08417022,matched,Stadt Geislingen,kreisangehörige Gemeinde,5958,9758031.53,1637.80,3955481.00,0.02,5802550.51,STATISTIKPORTAL_INTEGRATED_2023_T1
2023,08,08417,municipality,084175003008,08417008,matched,Gemeinde Bisingen,kreisangehörige Gemeinde,9837,7962690.89,809.46,7304347.00,0.00,658343.89,STATISTIKPORTAL_INTEGRATED_2023_T1
2023,08,08417,municipality,084175003023,08417023,matched,Gemeinde Grosselfingen,kreisangehörige Gemeinde,2184,541811.50,248.08,0.00,0.00,541811.50,STATISTIKPORTAL_INTEGRATED_2023_T1
2023,08,08417,municipality,084175004031,08417031,matched,Stadt Hechingen,kreisangehörige Gemeinde,19511,64154725.71,3288.13,6053917.00,8697886.25,49402922.46,STATISTIKPORTAL_INTEGRATED_2023_T1
2023,08,08417,municipality,084175004036,08417036,matched,Gemeinde Jungingen,kreisangehörige Gemeinde,1416,541811.50,382.64,0.00,0.00,541811.50,STATISTIKPORTAL_INTEGRATED_2023_T1
2023,08,08417,municipality,084175004051,08417051,matched,Gemeinde Rangendingen,kreisangehörige Gemeinde,5336,2135482.25,400.20,0.00,872181.75,1263300.50,STATISTIKPORTAL_INTEGRATED_2023_T1
2023,08,08417,municipality,084175005044,08417044,matched,Stadt Meßstetten,kreisangehörige Gemeinde,11407,13749254.41,1205.33,0.00,0.05,13749254.36,STATISTIKPORTAL_INTEGRATED_2023_T1
2023,08,08417,municipality,084175005045,08417045,matched,Gemeinde Nusplingen,kreisangehörige Gemeinde,1887,1211200.16,641.87,0.00,0.01,1211200.15,STATISTIKPORTAL_INTEGRATED_2023_T1
2023,08,08417,municipality,084175005047,08417047,matched,Gemeinde Obernheim,kreisangehörige Gemeinde,1501,2915242.78,1942.20,755533.00,0.01,2159709.77,STATISTIKPORTAL_INTEGRATED_2023_T1
2023,08,08417,municipality,084175006014,08417014,matched,Gemeinde Dautmergen,kreisangehörige Gemeinde,458,1727987.30,3772.90,500000.00,104955.76,1123031.54,STATISTIKPORTAL_INTEGRATED_2023_T1
2023,08,08417,municipality,084175006015,08417015,matched,Gemeinde Dormettingen,kreisangehörige Gemeinde,1100,1062951.63,966.32,117125.00,104955.75,840870.88,STATISTIKPORTAL_INTEGRATED_2023_T1
2023,08,08417,municipality,084175006016,08417016,matched,Gemeinde Dotternhausen,kreisangehörige Gemeinde,1821,3799321.73,2086.39,869738.00,104955.75,2824627.98,STATISTIKPORTAL_INTEGRATED_2023_T1
2023,08,08417,municipality,084175006029,08417029,matched,Gemeinde Hausen am Tann,kreisangehörige Gemeinde,505,386282.90,764.92,0.00,104955.75,281327.15,STATISTIKPORTAL_INTEGRATED_2023_T1
2023,08,08417,municipality,084175006052,08417052,matched,Gemeinde Ratshausen,kreisangehörige Gemeinde,776,333782.90,430.13,0.00,104955.75,228827.15,STATISTIKPORTAL_INTEGRATED_2023_T1
2023,08,08417,municipality,084175006057,08417057,matched,Stadt Schömberg (LKR Zollernalbkreis),kreisangehörige Gemeinde,4793,3466261.54,723.19,2184300.00,284144.76,997816.78,STATISTIKPORTAL_INTEGRATED_2023_T1
2023,08,08417,municipality,084175006071,08417071,matched,Gemeinde Weilen unter den Rinnen,kreisangehörige Gemeinde,595,1298717.35,2182.72,0.00,104955.76,1193761.59,STATISTIKPORTAL_INTEGRATED_2023_T1
2023,08,08417,municipality,084175006078,08417078,matched,Gemeinde Zimmern unter der Burg,kreisangehörige Gemeinde,462,1312784.24,2841.52,117311.00,104955.76,1090517.48,STATISTIKPORTAL_INTEGRATED_2023_T1
2023,08,08417,municipality,084175007063,08417063,matched,Gemeinde Straßberg,kreisangehörige Gemeinde,2498,1191713.99,477.07,0.00,0.00,1191713.99,STATISTIKPORTAL_INTEGRATED_2023_T1
2023,08,08417,municipality,084175007075,08417075,matched,Gemeinde Winterlingen,kreisangehörige Gemeinde,6334,2932480.03,462.97,842500.00,0.00,2089980.03,STATISTIKPORTAL_INTEGRATED_2023_T1
2023,08,08421,municipality,084210000000,08421000,matched,"Stadt Ulm, Stadtkreis",Stadtkreis,129376,1345645271.75,10401.04,74544259.00,4076123.19,1267024889.56,STATISTIKPORTAL_INTEGRATED_2023_T1
2023,08,08425,county_administration,08425,,not_applicable,Landratsamt Alb-Donau-Kreis,Landkreis,203259,1267052946.53,6233.69,454000.00,76285963.72,1190312982.81,STATISTIKPORTAL_INTEGRATED_2023_T1
2023,08,08425,municipality,084250039039,08425039,matched,Stadt Erbach,kreisangehörige Gemeinde,13998,8114447.08,579.69,5400000.00,4728.78,2709718.30,STATISTIKPORTAL_INTEGRATED_2023_T1
2023,08,08425,municipality,084250108108,08425108,matched,Stadt Schelklingen,kreisangehörige Gemeinde,6938,1795906.29,258.85,1085477.00,0.00,710429.29,STATISTIKPORTAL_INTEGRATED_2023_T1
2023,08,08425,municipality,084250141141,08425141,matched,Stadt Blaustein,kreisangehörige Gemeinde,16625,18554645.30,1116.07,8747085.00,0.00,9807560.30,STATISTIKPORTAL_INTEGRATED_2023_T1
2023,08,08425,municipality,084255001002,08425002,matched,Gemeinde Allmendingen,kreisangehörige Gemeinde,4747,10723484.25,2259.00,9818691.00,0.00,904793.25,STATISTIKPORTAL_INTEGRATED_2023_T1
2023,08,08425,municipality,084255001004,08425004,matched,Gemeinde Altheim (LKR Alb-Donau-Kreis),kreisangehörige Gemeinde,588,0.00,0.00,0.00,0.00,0.00,STATISTIKPORTAL_INTEGRATED_2023_T1
2023,08,08425,municipality,084255002017,08425017,matched,Gemeinde Berghülen,kreisangehörige Gemeinde,2111,2122134.25,1005.27,0.00,0.00,2122134.25,STATISTIKPORTAL_INTEGRATED_2023_T1
2023,08,08425,municipality,084255002020,08425020,matched,Stadt Blaubeuren,kreisangehörige Gemeinde,12671,24160599.55,1906.76,3182645.00,0.00,20977954.55,STATISTIKPORTAL_INTEGRATED_2023_T1
2023,08,08425,municipality,084255003028,08425028,matched,Stadt Dietenheim,kreisangehörige Gemeinde,6985,2742916.72,392.69,964030.00,0.00,1778886.72,STATISTIKPORTAL_INTEGRATED_2023_T1
2023,08,08425,municipality,084255003066,08425066,matched,Gemeinde Illerrieden,kreisangehörige Gemeinde,3394,2063754.22,608.06,1393076.00,0.00,670678.22,STATISTIKPORTAL_INTEGRATED_2023_T1
2023,08,08425,municipality,084255003140,08425140,matched,Gemeinde Balzheim,kreisangehörige Gemeinde,2161,19023.68,8.80,0.00,0.00,19023.68,STATISTIKPORTAL_INTEGRATED_2023_T1
2023,08,08425,municipality,084255004014,08425014,matched,Gemeinde Beimerstetten,kreisangehörige Gemeinde,2594,3629463.76,1399.18,2667548.00,0.00,961915.76,STATISTIKPORTAL_INTEGRATED_2023_T1
2023,08,08425,municipality,084255004031,08425031,matched,Gemeinde Dornstadt,kreisangehörige Gemeinde,9357,17987851.75,1922.40,7723391.00,0.00,10264460.75,STATISTIKPORTAL_INTEGRATED_2023_T1
2023,08,08425,municipality,084255004135,08425135,matched,Gemeinde Westerstetten,kreisangehörige Gemeinde,2222,2222470.93,1000.21,1453125.00,0.00,769345.93,STATISTIKPORTAL_INTEGRATED_2023_T1
2023,08,08425,municipality,084255005033,08425033,matched,Große Kreisstadt Ehingen (Donau),kreisangehörige Gemeinde,27288,1049159.40,38.45,0.00,0.00,1049159.40,STATISTIKPORTAL_INTEGRATED_2023_T1
2023,08,08425,municipality,084255005050,08425050,matched,Gemeinde Griesingen,kreisangehörige Gemeinde,1043,1648416.00,1580.46,1648416.00,0.00,0.00,STATISTIKPORTAL_INTEGRATED_2023_T1
2023,08,08425,municipality,084255005088,08425088,matched,Gemeinde Oberdischingen,kreisangehörige Gemeinde,2294,2947502.00,1284.87,851580.00,0.00,2095922.00,STATISTIKPORTAL_INTEGRATED_2023_T1
2023,08,08425,municipality,084255005093,08425093,matched,Gemeinde Öpfingen,kreisangehörige Gemeinde,2371,2400000.00,1012.23,2400000.00,0.00,0.00,STATISTIKPORTAL_INTEGRATED_2023_T1
2023,08,08425,municipality,084255006064,08425064,matched,Gemeinde Hüttisheim,kreisangehörige Gemeinde,1563,1795736.50,1148.90,1599250.00,0.00,196486.50,STATISTIKPORTAL_INTEGRATED_2023_T1
2023,08,08425,municipality,084255006110,08425110,matched,Gemeinde Schnürpflingen,kreisangehörige Gemeinde,1441,1406245.35,975.88,853323.00,0.00,552922.35,STATISTIKPORTAL_INTEGRATED_2023_T1
2023,08,08425,municipality,084255006137,08425137,matched,Gemeinde Illerkirchberg,kreisangehörige Gemeinde,5022,5628502.88,1120.77,4006273.00,0.00,1622229.88,STATISTIKPORTAL_INTEGRATED_2023_T1
2023,08,08425,municipality,084255006138,08425138,matched,Gemeinde Staig,kreisangehörige Gemeinde,3312,3937563.04,1188.88,2671769.00,0.00,1265794.04,STATISTIKPORTAL_INTEGRATED_2023_T1
2023,08,08425,municipality,084255007071,08425071,matched,Stadt Laichingen,kreisangehörige Gemeinde,12407,14473200.83,1166.54,51134.00,0.00,14422066.83,STATISTIKPORTAL_INTEGRATED_2023_T1
2023,08,08425,municipality,084255007079,08425079,matched,Gemeinde Merklingen,kreisangehörige Gemeinde,2099,2271728.89,1082.29,764650.00,0.00,1507078.89,STATISTIKPORTAL_INTEGRATED_2023_T1
2023,08,08425,municipality,084255007084,08425084,matched,Gemeinde Nellingen,kreisangehörige Gemeinde,2122,4885017.97,2302.08,2540000.00,1165241.15,1179776.82,STATISTIKPORTAL_INTEGRATED_2023_T1
2023,08,08425,municipality,084255007134,08425134,matched,Gemeinde Westerheim,kreisangehörige Gemeinde,3065,1431652.04,467.10,244700.00,0.00,1186952.04,STATISTIKPORTAL_INTEGRATED_2023_T1
2023,08,08425,municipality,084255007139,08425139,matched,Gemeinde Heroldstatt,kreisangehörige Gemeinde,2979,1063106.99,356.87,0.00,0.00,1063106.99,STATISTIKPORTAL_INTEGRATED_2023_T1
2023,08,08425,municipality,084255008005,08425005,matched,Gemeinde Altheim (Alb),kreisangehörige Gemeinde,1728,2256437.98,1305.81,2197500.00,0.00,58937.98,STATISTIKPORTAL_INTEGRATED_2023_T1
2023,08,08425,municipality,084255008011,08425011,matched,Gemeinde Asselfingen,kreisangehörige Gemeinde,1036,75422.02,72.80,0.00,0.00,75422.02,STATISTIKPORTAL_INTEGRATED_2023_T1
2023,08,08425,municipality,084255008013,08425013,matched,Gemeinde Ballendorf,kreisangehörige Gemeinde,689,29468.99,42.77,0.00,0.00,29468.99,STATISTIKPORTAL_INTEGRATED_2023_T1
2023,08,08425,municipality,084255008019,08425019,matched,Gemeinde Bernstadt,kreisangehörige Gemeinde,2318,3864345.93,1667.10,3095000.00,0.00,769345.93,STATISTIKPORTAL_INTEGRATED_2023_T1
2023,08,08425,municipality,084255008022,08425022,matched,Gemeinde Börslingen,kreisangehörige Gemeinde,187,29468.99,157.59,0.00,0.00,29468.99,STATISTIKPORTAL_INTEGRATED_2023_T1
2023,08,08425,municipality,084255008024,08425024,matched,Gemeinde Breitingen,kreisangehörige Gemeinde,358,844970.93,2360.25,75625.00,0.00,769345.93,STATISTIKPORTAL_INTEGRATED_2023_T1
2023,08,08425,municipality,084255008062,08425062,matched,Gemeinde Holzkirch,kreisangehörige Gemeinde,275,99468.99,361.71,70000.00,0.00,29468.99,STATISTIKPORTAL_INTEGRATED_2023_T1
2023,08,08425,municipality,084255008072,08425072,matched,Stadt Langenau,kreisangehörige Gemeinde,15705,7515997.78,478.57,3506811.00,634.57,4008552.21,STATISTIKPORTAL_INTEGRATED_2023_T1
2023,08,08425,municipality,084255008083,08425083,matched,Gemeinde Neenstetten,kreisangehörige Gemeinde,838,29468.99,35.17,0.00,0.00,29468.99,STATISTIKPORTAL_INTEGRATED_2023_T1
2023,08,08425,municipality,084255008085,08425085,matched,Gemeinde Nerenstetten,kreisangehörige Gemeinde,366,219260.28,599.07,202500.00,0.00,16760.28,STATISTIKPORTAL_INTEGRATED_2023_T1
2023,08,08425,municipality,084255008092,08425092,matched,Gemeinde Öllingen,kreisangehörige Gemeinde,564,256760.28,455.25,240000.00,0.00,16760.28,STATISTIKPORTAL_INTEGRATED_2023_T1
2023,08,08425,municipality,084255008097,08425097,matched,Gemeinde Rammingen,kreisangehörige Gemeinde,1355,25141.18,18.55,0.00,0.00,25141.18,STATISTIKPORTAL_INTEGRATED_2023_T1
2023,08,08425,municipality,084255008112,08425112,matched,Gemeinde Setzingen,kreisangehörige Gemeinde,745,866760.28,1163.44,850000.00,0.00,16760.28,STATISTIKPORTAL_INTEGRATED_2023_T1
2023,08,08425,municipality,084255008130,08425130,matched,Gemeinde Weidenstetten,kreisangehörige Gemeinde,1423,58937.98,41.42,0.00,0.00,58937.98,STATISTIKPORTAL_INTEGRATED_2023_T1
2023,08,08425,municipality,084255009008,08425008,matched,Gemeinde Amstetten,kreisangehörige Gemeinde,4170,6594455.37,1581.40,2790741.00,2515138.01,1288576.36,STATISTIKPORTAL_INTEGRATED_2023_T1
2023,08,08425,municipality,084255009075,08425075,matched,Gemeinde Lonsee,kreisangehörige Gemeinde,5183,7226848.85,1394.34,1229961.00,2687058.84,3309829.01,STATISTIKPORTAL_INTEGRATED_2023_T1
2023,08,08425,municipality,084255010035,08425035,matched,Gemeinde Emeringen,kreisangehörige Gemeinde,168,331923.76,1975.74,320250.00,8623.25,3050.51,STATISTIKPORTAL_INTEGRATED_2023_T1
2023,08,08425,municipality,084255010036,08425036,matched,Gemeinde Emerkingen,kreisangehörige Gemeinde,865,206385.36,238.60,169938.00,27260.35,9187.01,STATISTIKPORTAL_INTEGRATED_2023_T1
2023,08,08425,municipality,084255010052,08425052,matched,Gemeinde Grundsheim,kreisangehörige Gemeinde,211,247744.38,1174.14,233125.00,14619.38,0.00,STATISTIKPORTAL_INTEGRATED_2023_T1
2023,08,08425,municipality,084255010055,08425055,matched,Gemeinde Hausen am Bussen,kreisangehörige Gemeinde,271,365039.76,1347.01,353366.00,8623.25,3050.51,STATISTIKPORTAL_INTEGRATED_2023_T1
2023,08,08425,municipality,084255010073,08425073,matched,Gemeinde Lauterach,kreisangehörige Gemeinde,629,973723.76,1548.05,944848.00,25825.25,3050.51,STATISTIKPORTAL_INTEGRATED_2023_T1
2023,08,08425,municipality,084255010081,08425081,matched,Stadt Munderkingen,kreisangehörige Gemeinde,5375,10329933.55,1921.85,5896531.00,249433.55,4183969.00,STATISTIKPORTAL_INTEGRATED_2023_T1
2023,08,08425,municipality,084255010090,08425090,matched,Gemeinde Obermarchtal,kreisangehörige Gemeinde,1321,399021.93,302.06,332119.00,51597.15,15305.78,STATISTIKPORTAL_INTEGRATED_2023_T1
2023,08,08425,municipality,084255010091,08425091,matched,Gemeinde Oberstadion,kreisangehörige Gemeinde,1622,2309362.65,1423.77,2228047.00,81315.65,0.00,STATISTIKPORTAL_INTEGRATED_2023_T1
2023,08,08425,municipality,084255010098,08425098,matched,Gemeinde Rechtenstein,kreisangehörige Gemeinde,303,353407.76,1166.36,336000.00,14357.25,3050.51,STATISTIKPORTAL_INTEGRATED_2023_T1
2023,08,08425,municipality,084255010104,08425104,matched,Gemeinde Rottenacker,kreisangehörige Gemeinde,2258,1159423.55,513.47,1000000.00,7213.60,152209.95,STATISTIKPORTAL_INTEGRATED_2023_T1
2023,08,08425,municipality,084255010123,08425123,matched,Gemeinde Untermarchtal,kreisangehörige Gemeinde,867,71665.88,82.66,20700.00,38728.35,12237.53,STATISTIKPORTAL_INTEGRATED_2023_T1
2023,08,08425,municipality,084255010124,08425124,matched,Gemeinde Unterstadion,kreisangehörige Gemeinde,834,586254.54,702.94,550000.00,36254.54,0.00,STATISTIKPORTAL_INTEGRATED_2023_T1
2023,08,08425,municipality,084255010125,08425125,matched,Gemeinde Unterwachingen,kreisangehörige Gemeinde,198,277673.76,1402.39,266000.00,8623.25,3050.51,STATISTIKPORTAL_INTEGRATED_2023_T1
2023,08,08426,county_administration,08426,,not_applicable,Landratsamt Biberach,Landkreis,207342,696692174.04,3360.11,0.00,43093426.82,653598747.22,STATISTIKPORTAL_INTEGRATED_2023_T1
2023,08,08426,municipality,084260134134,08426134,matched,Gemeinde Schemmerhofen,kreisangehörige Gemeinde,8723,2230071.39,255.65,746854.00,98722.21,1384495.18,STATISTIKPORTAL_INTEGRATED_2023_T1
2023,08,08426,municipality,084265001005,08426005,matched,Gemeinde Alleshausen,kreisangehörige Gemeinde,548,938659.79,1712.88,920000.00,10954.29,7705.50,STATISTIKPORTAL_INTEGRATED_2023_T1
2023,08,08426,municipality,084265001006,08426006,matched,Gemeinde Allmannsweiler,kreisangehörige Gemeinde,337,18659.79,55.37,0.00,10954.29,7705.50,STATISTIKPORTAL_INTEGRATED_2023_T1
2023,08,08426,municipality,084265001013,08426013,matched,Stadt Bad Buchau,kreisangehörige Gemeinde,4648,1392916.67,299.68,0.00,62859.72,1330056.95,STATISTIKPORTAL_INTEGRATED_2023_T1
2023,08,08426,municipality,084265001020,08426020,matched,Gemeinde Betzenweiler,kreisangehörige Gemeinde,761,35239.84,46.31,0.00,10954.29,24285.55,STATISTIKPORTAL_INTEGRATED_2023_T1
2023,08,08426,municipality,084265001036,08426036,matched,Gemeinde Dürnau (LKR Biberach),kreisangehörige Gemeinde,470,18659.79,39.70,0.00,10954.29,7705.50,STATISTIKPORTAL_INTEGRATED_2023_T1
2023,08,08426,municipality,084265001064,08426064,matched,Gemeinde Kanzach,kreisangehörige Gemeinde,512,62086.19,121.26,0.00,10954.29,51131.90,STATISTIKPORTAL_INTEGRATED_2023_T1
2023,08,08426,municipality,084265001078,08426078,matched,Gemeinde Moosburg,kreisangehörige Gemeinde,217,298662.79,1376.33,280003.00,10954.29,7705.50,STATISTIKPORTAL_INTEGRATED_2023_T1
2023,08,08426,municipality,084265001090,08426090,matched,Gemeinde Oggelshausen,kreisangehörige Gemeinde,979,18659.79,19.06,0.00,10954.29,7705.50,STATISTIKPORTAL_INTEGRATED_2023_T1
2023,08,08426,municipality,084265001109,08426109,matched,Gemeinde Seekirch,kreisangehörige Gemeinde,297,418659.79,1409.63,400000.00,10954.29,7705.50,STATISTIKPORTAL_INTEGRATED_2023_T1
2023,08,08426,municipality,084265001118,08426118,matched,Gemeinde Tiefenbach,kreisangehörige Gemeinde,539,58659.79,108.83,40000.00,10954.29,7705.50,STATISTIKPORTAL_INTEGRATED_2023_T1
2023,08,08426,municipality,084265002014,08426014,matched,Stadt Bad Schussenried,kreisangehörige Gemeinde,9187,16555327.42,1802.04,8391691.00,98722.21,8064914.21,STATISTIKPORTAL_INTEGRATED_2023_T1
2023,08,08426,municipality,084265002062,08426062,matched,Gemeinde Ingoldingen,kreisangehörige Gemeinde,3169,3216994.36,1015.14,3145000.00,43861.70,28132.66,STATISTIKPORTAL_INTEGRATED_2023_T1
2023,08,08426,municipality,084265003011,08426011,matched,Gemeinde Attenweiler,kreisangehörige Gemeinde,1957,746595.04,381.50,662302.00,30947.30,53345.74,STATISTIKPORTAL_INTEGRATED_2023_T1
2023,08,08426,municipality,084265003021,08426021,matched,Große Kreisstadt Biberach an der Riß,kreisangehörige Gemeinde,34142,34993279.41,1024.93,0.00,377575.46,34615703.95,STATISTIKPORTAL_INTEGRATED_2023_T1
2023,08,08426,municipality,084265003038,08426038,matched,Gemeinde Eberhardzell,kreisangehörige Gemeinde,4616,1870522.19,405.23,0.00,59583.63,1810938.56,STATISTIKPORTAL_INTEGRATED_2023_T1
2023,08,08426,municipality,084265003058,08426058,matched,Gemeinde Hochdorf (LKR Biberach),kreisangehörige Gemeinde,2426,2574125.97,1061.06,2513130.00,32907.40,28088.57,STATISTIKPORTAL_INTEGRATED_2023_T1
2023,08,08426,municipality,084265003071,08426071,matched,Gemeinde Maselheim,kreisangehörige Gemeinde,4779,1639421.11,343.05,640463.00,66847.01,932111.10,STATISTIKPORTAL_INTEGRATED_2023_T1
2023,08,08426,municipality,084265003074,08426074,matched,Gemeinde Mittelbiberach,kreisangehörige Gemeinde,4441,103298.98,23.26,0.00,54860.52,48438.46,STATISTIKPORTAL_INTEGRATED_2023_T1
2023,08,08426,municipality,084265003120,08426120,matched,Gemeinde Ummendorf,kreisangehörige Gemeinde,4500,149525.69,33.23,40566.00,54860.52,54099.17,STATISTIKPORTAL_INTEGRATED_2023_T1
2023,08,08426,municipality,084265003128,08426128,matched,Gemeinde Warthausen,kreisangehörige Gemeinde,5332,3721566.48,697.97,2699349.00,68214.17,954003.31,STATISTIKPORTAL_INTEGRATED_2023_T1
2023,08,08426,municipality,084265004019,08426019,matched,Gemeinde Berkheim,kreisangehörige Gemeinde,3209,4281295.76,1334.15,515780.00,1563818.76,2201697.00,STATISTIKPORTAL_INTEGRATED_2023_T1
2023,08,08426,municipality,084265004031,08426031,matched,Gemeinde Dettingen an der Iller,kreisangehörige Gemeinde,2743,64721.63,23.60,0.00,32907.40,31814.23,STATISTIKPORTAL_INTEGRATED_2023_T1
2023,08,08426,municipality,084265004044,08426044,matched,Gemeinde Erolzheim,kreisangehörige Gemeinde,3389,5348158.36,1578.09,1838606.00,1574773.06,1934779.30,STATISTIKPORTAL_INTEGRATED_2023_T1
2023,08,08426,municipality,084265004065,08426065,matched,Gemeinde Kirchberg an der Iller,kreisangehörige Gemeinde,2192,1936975.80,883.66,1890233.00,32907.40,13835.40,STATISTIKPORTAL_INTEGRATED_2023_T1
2023,08,08426,municipality,084265004066,08426066,matched,Gemeinde Kirchdorf an der Iller,kreisangehörige Gemeinde,4053,1574818.99,388.56,0.00,1574818.99,0.00,STATISTIKPORTAL_INTEGRATED_2023_T1
2023,08,08426,municipality,084265005001,08426001,matched,Gemeinde Achstetten,kreisangehörige Gemeinde,5167,379636.42,73.47,270000.00,59583.63,50052.79,STATISTIKPORTAL_INTEGRATED_2023_T1
2023,08,08426,municipality,084265005028,08426028,matched,Gemeinde Burgrieden,kreisangehörige Gemeinde,4243,610401.23,143.86,24000.00,54860.52,531540.71,STATISTIKPORTAL_INTEGRATED_2023_T1
2023,08,08426,municipality,084265005070,08426070,matched,Große Kreisstadt Laupheim,kreisangehörige Gemeinde,23011,25206030.31,1095.39,2136459.00,256944.66,22812626.65,STATISTIKPORTAL_INTEGRATED_2023_T1
2023,08,08426,municipality,084265005073,08426073,matched,Gemeinde Mietingen,kreisangehörige Gemeinde,4640,1601993.38,345.26,1354862.00,59583.63,187547.75,STATISTIKPORTAL_INTEGRATED_2023_T1
2023,08,08426,municipality,084265006043,08426043,matched,Gemeinde Erlenmoos,kreisangehörige Gemeinde,1814,2205291.42,1215.71,2114692.00,26676.22,63923.20,STATISTIKPORTAL_INTEGRATED_2023_T1
2023,08,08426,municipality,084265006087,08426087,matched,Stadt Ochsenhausen,kreisangehörige Gemeinde,9275,2406736.71,259.49,478213.00,118679.60,1809844.11,STATISTIKPORTAL_INTEGRATED_2023_T1
2023,08,08426,municipality,084265006113,08426113,matched,Gemeinde Steinhausen an der Rottum,kreisangehörige Gemeinde,2176,81777.03,37.58,0.00,37630.51,44146.52,STATISTIKPORTAL_INTEGRATED_2023_T1
2023,08,08426,municipality,084265006135,08426135,matched,Gemeinde Gutenzell-Hürbel,kreisangehörige Gemeinde,1863,1335118.02,716.65,1276335.00,26676.22,32106.80,STATISTIKPORTAL_INTEGRATED_2023_T1
2023,08,08426,municipality,084265007008,08426008,matched,Gemeinde Altheim (LKR Biberach),kreisangehörige Gemeinde,2134,128143.05,60.05,30263.00,32907.40,64972.65,STATISTIKPORTAL_INTEGRATED_2023_T1
2023,08,08426,municipality,084265007035,08426035,matched,Gemeinde Dürmentingen,kreisangehörige Gemeinde,2686,4202430.08,1564.57,4096260.00,32907.40,73262.68,STATISTIKPORTAL_INTEGRATED_2023_T1
2023,08,08426,municipality,084265007045,08426045,matched,Gemeinde Ertingen,kreisangehörige Gemeinde,5430,1843320.80,339.47,197250.00,65814.81,1580255.99,STATISTIKPORTAL_INTEGRATED_2023_T1
2023,08,08426,municipality,084265007067,08426067,matched,Gemeinde Langenenslingen,kreisangehörige Gemeinde,3633,1282031.78,352.89,1022305.00,43861.70,215865.08,STATISTIKPORTAL_INTEGRATED_2023_T1
2023,08,08426,municipality,084265007097,08426097,matched,Stadt Riedlingen,kreisangehörige Gemeinde,11096,12349324.57,1112.95,2848472.00,120630.79,9380221.78,STATISTIKPORTAL_INTEGRATED_2023_T1
2023,08,08426,municipality,084265007121,08426121,matched,Gemeinde Unlingen,kreisangehörige Gemeinde,2418,106170.08,43.91,0.00,32907.40,73262.68,STATISTIKPORTAL_INTEGRATED_2023_T1
2023,08,08426,municipality,084265007124,08426124,matched,Gemeinde Uttenweiler,kreisangehörige Gemeinde,3699,1278912.65,345.75,1157513.00,43861.70,77537.95,STATISTIKPORTAL_INTEGRATED_2023_T1
2023,08,08426,municipality,084265008100,08426100,matched,Gemeinde Rot an der Rot,kreisangehörige Gemeinde,4579,5006359.18,1093.33,1556700.00,54860.52,3394798.66,STATISTIKPORTAL_INTEGRATED_2023_T1
2023,08,08426,municipality,084265008117,08426117,matched,Gemeinde Tannheim,kreisangehörige Gemeinde,2535,62909.51,24.82,0.00,32907.40,30002.11,STATISTIKPORTAL_INTEGRATED_2023_T1
2023,08,08426,municipality,084265009108,08426108,matched,Gemeinde Schwendi,kreisangehörige Gemeinde,7065,6220841.27,880.52,3268603.00,81492.21,2870746.06,STATISTIKPORTAL_INTEGRATED_2023_T1
2023,08,08426,municipality,084265009125,08426125,matched,Gemeinde Wain,kreisangehörige Gemeinde,1712,30953.83,18.08,0.00,21953.11,9000.72,STATISTIKPORTAL_INTEGRATED_2023_T1
2023,08,08435,county_administration,08435,,not_applicable,Landratsamt Bodenseekreis,Landkreis,223768,892707445.24,3989.43,15277572.00,55553252.07,821876621.17,STATISTIKPORTAL_INTEGRATED_2023_T1
2023,08,08435,municipality,084350035035,08435035,matched,Gemeinde Meckenbeuren,kreisangehörige Gemeinde,13799,23946089.64,1735.35,9705856.00,4658640.65,9581592.99,STATISTIKPORTAL_INTEGRATED_2023_T1
2023,08,08435,municipality,084355001013,08435013,matched,Gemeinde Eriskirch,kreisangehörige Gemeinde,5007,6483740.54,1294.94,2314488.00,2329384.38,1839868.16,STATISTIKPORTAL_INTEGRATED_2023_T1
2023,08,08435,municipality,084355001029,08435029,matched,Gemeinde Kressbronn am Bodensee,kreisangehörige Gemeinde,8842,4066670.00,459.93,1070330.00,1474911.00,1521429.00,STATISTIKPORTAL_INTEGRATED_2023_T1
2023,08,08435,municipality,084355001030,08435030,matched,Gemeinde Langenargen,kreisangehörige Gemeinde,7834,5925809.09,756.42,0.00,1594911.00,4330898.09,STATISTIKPORTAL_INTEGRATED_2023_T1
2023,08,08435,municipality,084355002016,08435016,matched,Große Kreisstadt Friedrichshafen,kreisangehörige Gemeinde,63118,301903119.47,4783.15,20372560.00,57750.00,281472809.47,STATISTIKPORTAL_INTEGRATED_2023_T1
2023,08,08435,municipality,084355002024,08435024,matched,Gemeinde Immenstaad am Bodensee,kreisangehörige Gemeinde,6635,12352812.04,1861.77,201875.00,302084.45,11848852.59,STATISTIKPORTAL_INTEGRATED_2023_T1
2023,08,08435,municipality,084355003005,08435005,matched,Gemeinde Bermatingen,kreisangehörige Gemeinde,4257,14476678.13,3400.68,1793032.00,302084.45,12381561.68,STATISTIKPORTAL_INTEGRATED_2023_T1
2023,08,08435,municipality,084355003034,08435034,matched,Stadt Markdorf,kreisangehörige Gemeinde,14409,19639704.96,1363.02,3639342.00,211247.87,15789115.09,STATISTIKPORTAL_INTEGRATED_2023_T1
2023,08,08435,municipality,084355003045,08435045,matched,Gemeinde Oberteuringen,kreisangehörige Gemeinde,5082,9273502.84,1824.77,5882138.00,253150.00,3138214.84,STATISTIKPORTAL_INTEGRATED_2023_T1
2023,08,08435,municipality,084355003067,08435067,matched,Gemeinde Deggenhausertal,kreisangehörige Gemeinde,4416,13033817.04,2951.50,1350367.00,302084.45,11381365.59,STATISTIKPORTAL_INTEGRATED_2023_T1
2023,08,08435,municipality,084355004010,08435010,matched,Gemeinde Daisendorf,kreisangehörige Gemeinde,1572,9431071.74,5999.41,75141.00,349468.71,9006462.03,STATISTIKPORTAL_INTEGRATED_2023_T1
2023,08,08435,municipality,084355004018,08435018,matched,Gemeinde Hagnau am Bodensee,kreisangehörige Gemeinde,1505,11222805.92,7457.01,88255.00,349481.15,10785069.77,STATISTIKPORTAL_INTEGRATED_2023_T1
2023,08,08435,municipality,084355004036,08435036,matched,Stadt Meersburg,kreisangehörige Gemeinde,6239,23280611.58,3731.47,0.00,625910.39,22654701.19,STATISTIKPORTAL_INTEGRATED_2023_T1
2023,08,08435,municipality,084355004054,08435054,matched,Gemeinde Stetten,kreisangehörige Gemeinde,1055,9948346.74,9429.71,592416.00,349468.71,9006462.03,STATISTIKPORTAL_INTEGRATED_2023_T1
2023,08,08435,municipality,084355004066,08435066,matched,Gemeinde Uhldingen-Mühlhofen,kreisangehörige Gemeinde,8535,15896487.03,1862.51,920440.00,714634.49,14261412.54,STATISTIKPORTAL_INTEGRATED_2023_T1
2023,08,08435,municipality,084355005015,08435015,matched,Gemeinde Frickingen,kreisangehörige Gemeinde,3166,15170372.04,4791.65,947088.00,302084.45,13921199.59,STATISTIKPORTAL_INTEGRATED_2023_T1
2023,08,08435,municipality,084355005020,08435020,matched,Gemeinde Heiligenberg,kreisangehörige Gemeinde,3225,16961063.13,5259.24,925223.00,302084.45,15733755.68,STATISTIKPORTAL_INTEGRATED_2023_T1
2023,08,08435,municipality,084355005052,08435052,matched,Gemeinde Salem,kreisangehörige Gemeinde,12248,11683450.04,953.91,0.00,302084.45,11381365.59,STATISTIKPORTAL_INTEGRATED_2023_T1
2023,08,08435,municipality,084355006042,08435042,matched,Gemeinde Neukirch,kreisangehörige Gemeinde,2755,4065407.82,1475.65,2679997.00,0.00,1385410.82,STATISTIKPORTAL_INTEGRATED_2023_T1
2023,08,08435,municipality,084355006057,08435057,matched,Stadt Tettnang,kreisangehörige Gemeinde,20014,34811801.63,1739.37,17759179.00,12837920.96,4214701.67,STATISTIKPORTAL_INTEGRATED_2023_T1
2023,08,08435,municipality,084355007047,08435047,matched,Gemeinde Owingen,kreisangehörige Gemeinde,4582,9997072.99,2181.81,87617.00,211247.87,9698208.12,STATISTIKPORTAL_INTEGRATED_2023_T1
2023,08,08435,municipality,084355007053,08435053,matched,Gemeinde Sipplingen,kreisangehörige Gemeinde,2180,13228120.31,6067.95,13500.00,380634.17,12833986.14,STATISTIKPORTAL_INTEGRATED_2023_T1
2023,08,08435,municipality,084355007059,08435059,matched,Große Kreisstadt Überlingen,kreisangehörige Gemeinde,23293,32666328.39,1402.41,8018573.00,12242068.87,12405686.52,STATISTIKPORTAL_INTEGRATED_2023_T1
2023,08,08436,county_administration,08436,,not_applicable,Landratsamt Ravensburg,Landkreis,292446,1410192073.36,4822.06,76828402.00,94248743.00,1239114928.36,STATISTIKPORTAL_INTEGRATED_2023_T1
2023,08,08436,municipality,084360008008,08436008,matched,Stadt Aulendorf,kreisangehörige Gemeinde,10369,21335465.99,2057.62,20052826.00,641000.00,641639.99,STATISTIKPORTAL_INTEGRATED_2023_T1
2023,08,08436,municipality,084360010010,08436010,matched,Stadt Bad Wurzach,kreisangehörige Gemeinde,15085,6741568.28,446.91,2852553.00,649001.60,3240013.68,STATISTIKPORTAL_INTEGRATED_2023_T1
2023,08,08436,municipality,084360049049,08436049,matched,Stadt Isny im Allgäu,kreisangehörige Gemeinde,15121,36202911.00,2394.21,29539891.00,641000.00,6022020.00,STATISTIKPORTAL_INTEGRATED_2023_T1
2023,08,08436,municipality,084360052052,08436052,matched,Gemeinde Kißlegg,kreisangehörige Gemeinde,9355,4955801.50,529.75,1840947.00,2911426.50,203428.00,STATISTIKPORTAL_INTEGRATED_2023_T1
2023,08,08436,municipality,084360094094,08436094,matched,Gemeinde Argenbühl,kreisangehörige Gemeinde,6746,1397506.11,207.16,0.00,1397506.11,0.00,STATISTIKPORTAL_INTEGRATED_2023_T1
2023,08,08436,municipality,084365001005,08436005,matched,Gemeinde Altshausen,kreisangehörige Gemeinde,4115,1122262.96,272.72,0.00,641000.00,481262.96,STATISTIKPORTAL_INTEGRATED_2023_T1
2023,08,08436,municipality,084365001019,08436019,matched,Gemeinde Boms,kreisangehörige Gemeinde,756,1001647.56,1324.93,218951.00,641000.00,141696.56,STATISTIKPORTAL_INTEGRATED_2023_T1
2023,08,08436,municipality,084365001024,08436024,matched,Gemeinde Ebenweiler,kreisangehörige Gemeinde,1371,3499744.00,2552.69,2858744.00,641000.00,0.00,STATISTIKPORTAL_INTEGRATED_2023_T1
2023,08,08436,municipality,084365001027,08436027,matched,Gemeinde Eichstegen,kreisangehörige Gemeinde,546,782696.56,1433.51,0.00,641000.00,141696.56,STATISTIKPORTAL_INTEGRATED_2023_T1
2023,08,08436,municipality,084365001032,08436032,matched,Gemeinde Fleischwangen,kreisangehörige Gemeinde,671,2911501.05,4339.05,2253644.00,641000.00,16857.05,STATISTIKPORTAL_INTEGRATED_2023_T1
2023,08,08436,municipality,084365001040,08436040,matched,Gemeinde Guggenhausen,kreisangehörige Gemeinde,192,911848.28,4749.21,200000.00,641000.00,70848.28,STATISTIKPORTAL_INTEGRATED_2023_T1
2023,08,08436,municipality,084365001047,08436047,matched,Gemeinde Hoßkirch,kreisangehörige Gemeinde,736,1648764.28,2240.17,936916.00,641000.00,70848.28,STATISTIKPORTAL_INTEGRATED_2023_T1
2023,08,08436,municipality,084365001053,08436053,matched,Gemeinde Königseggwald,kreisangehörige Gemeinde,709,1146005.19,1616.37,498744.00,641000.00,6261.19,STATISTIKPORTAL_INTEGRATED_2023_T1
2023,08,08436,municipality,084365001067,08436067,matched,Gemeinde Riedhausen,kreisangehörige Gemeinde,776,1031000.00,1328.61,390000.00,641000.00,0.00,STATISTIKPORTAL_INTEGRATED_2023_T1
2023,08,08436,municipality,084365001077,08436077,matched,Gemeinde Unterwaldhausen,kreisangehörige Gemeinde,291,711848.28,2446.21,0.00,641000.00,70848.28,STATISTIKPORTAL_INTEGRATED_2023_T1
2023,08,08436,municipality,084365001093,08436093,matched,Gemeinde Ebersbach-Musbach,kreisangehörige Gemeinde,1727,1848698.00,1070.47,1207698.00,641000.00,0.00,STATISTIKPORTAL_INTEGRATED_2023_T1
2023,08,08436,municipality,084365002009,08436009,matched,Große Kreisstadt Bad Waldsee,kreisangehörige Gemeinde,20736,27554966.60,1328.85,2100000.00,4174925.20,21280041.40,STATISTIKPORTAL_INTEGRATED_2023_T1
2023,08,08436,municipality,084365002014,08436014,matched,Gemeinde Bergatreute,kreisangehörige Gemeinde,3270,15071654.92,4609.07,8016857.00,641000.00,6413797.92,STATISTIKPORTAL_INTEGRATED_2023_T1
2023,08,08436,municipality,084365003018,08436018,matched,Gemeinde Bodnegg,kreisangehörige Gemeinde,3280,3483125.41,1061.93,1783808.00,641000.00,1058317.41,STATISTIKPORTAL_INTEGRATED_2023_T1
2023,08,08436,municipality,084365003039,08436039,matched,Gemeinde Grünkraut,kreisangehörige Gemeinde,3217,4115081.50,1279.17,3450000.00,641000.00,24081.50,STATISTIKPORTAL_INTEGRATED_2023_T1
2023,08,08436,municipality,084365003069,08436069,matched,Gemeinde Schlier,kreisangehörige Gemeinde,4045,8554270.00,2114.78,7913270.00,641000.00,0.00,STATISTIKPORTAL_INTEGRATED_2023_T1
2023,08,08436,municipality,084365003079,08436079,matched,Gemeinde Waldburg,kreisangehörige Gemeinde,3318,3119925.00,940.30,2448202.00,641000.00,30723.00,STATISTIKPORTAL_INTEGRATED_2023_T1
2023,08,08436,municipality,084365004003,08436003,matched,Gemeinde Aichstetten,kreisangehörige Gemeinde,2884,771002.11,267.34,100000.00,641000.00,30002.11,STATISTIKPORTAL_INTEGRATED_2023_T1
2023,08,08436,municipality,084365004004,08436004,matched,Gemeinde Aitrach,kreisangehörige Gemeinde,2964,1769898.01,597.13,1098895.00,641000.00,30003.01,STATISTIKPORTAL_INTEGRATED_2023_T1
2023,08,08436,municipality,084365004055,08436055,matched,Große Kreisstadt Leutkirch im Allgäu,kreisangehörige Gemeinde,23406,12709392.00,543.00,952907.00,641000.00,11115485.00,STATISTIKPORTAL_INTEGRATED_2023_T1
2023,08,08436,municipality,084365005011,08436011,matched,Gemeinde Baienfurt,kreisangehörige Gemeinde,7406,2419405.72,326.68,0.00,641000.00,1778405.72,STATISTIKPORTAL_INTEGRATED_2023_T1
2023,08,08436,municipality,084365005012,08436012,matched,Gemeinde Baindt,kreisangehörige Gemeinde,5403,3747792.72,693.65,2939069.00,641000.00,167723.72,STATISTIKPORTAL_INTEGRATED_2023_T1
2023,08,08436,municipality,084365005013,08436013,matched,Gemeinde Berg,kreisangehörige Gemeinde,4606,1555394.36,337.69,47251.00,641000.00,867143.36,STATISTIKPORTAL_INTEGRATED_2023_T1
2023,08,08436,municipality,084365005064,08436064,matched,Große Kreisstadt Ravensburg,kreisangehörige Gemeinde,51412,95752198.60,1862.45,15933870.00,641000.00,79177328.60,STATISTIKPORTAL_INTEGRATED_2023_T1
2023,08,08436,municipality,084365005082,08436082,matched,Große Kreisstadt Weingarten,kreisangehörige Gemeinde,25288,49420982.81,1954.33,12530850.00,5041364.00,31848768.81,STATISTIKPORTAL_INTEGRATED_2023_T1
2023,08,08436,municipality,084365006078,08436078,matched,Gemeinde Vogt,kreisangehörige Gemeinde,4705,2832224.46,601.96,773172.00,641000.00,1418052.46,STATISTIKPORTAL_INTEGRATED_2023_T1
2023,08,08436,municipality,084365006085,08436085,matched,Gemeinde Wolfegg,kreisangehörige Gemeinde,3946,4874076.18,1235.19,3912973.00,641000.00,320103.18,STATISTIKPORTAL_INTEGRATED_2023_T1
2023,08,08436,municipality,084365007001,08436001,matched,Gemeinde Achberg,kreisangehörige Gemeinde,1763,1756408.50,996.26,0.00,642000.00,1114408.50,STATISTIKPORTAL_INTEGRATED_2023_T1
2023,08,08436,municipality,084365007006,08436006,matched,Gemeinde Amtzell,kreisangehörige Gemeinde,4329,3138745.21,725.05,700742.00,1397506.11,1040497.10,STATISTIKPORTAL_INTEGRATED_2023_T1
2023,08,08436,municipality,084365007081,08436081,matched,Große Kreisstadt Wangen im Allgäu,kreisangehörige Gemeinde,27418,48334634.51,1762.88,21881830.00,1398414.28,25054390.23,STATISTIKPORTAL_INTEGRATED_2023_T1
2023,08,08436,municipality,084365008083,08436083,matched,Gemeinde Wilhelmsdorf,kreisangehörige Gemeinde,5060,11545381.02,2281.70,5583522.00,641000.00,5320859.02,STATISTIKPORTAL_INTEGRATED_2023_T1
2023,08,08436,municipality,084365008095,08436095,matched,Gemeinde Horgenzell,kreisangehörige Gemeinde,6220,6013891.41,966.86,1676737.00,641000.00,3696154.41,STATISTIKPORTAL_INTEGRATED_2023_T1
2023,08,08436,municipality,084365009087,08436087,matched,Gemeinde Wolpertswende,kreisangehörige Gemeinde,4179,8890340.51,2127.38,7169420.00,641000.00,1079920.51,STATISTIKPORTAL_INTEGRATED_2023_T1
2023,08,08436,municipality,084365009096,08436096,matched,Gemeinde Fronreute,kreisangehörige Gemeinde,5025,10562099.93,2101.91,6456889.00,641000.00,3464210.93,STATISTIKPORTAL_INTEGRATED_2023_T1
2023,08,08437,county_administration,08437,,not_applicable,Landratsamt Sigmaringen,Landkreis,134742,394905815.97,2930.83,110000.00,25540575.56,369255240.41,STATISTIKPORTAL_INTEGRATED_2023_T1
2023,08,08437,municipality,084370086086,08437086,matched,Gemeinde Ostrach,kreisangehörige Gemeinde,7035,6319969.00,898.36,414720.00,0.00,5905249.00,STATISTIKPORTAL_INTEGRATED_2023_T1
2023,08,08437,municipality,084375001031,08437031,matched,Stadt Gammertingen,kreisangehörige Gemeinde,6322,4997639.48,790.52,3900784.00,0.00,1096855.48,STATISTIKPORTAL_INTEGRATED_2023_T1
2023,08,08437,municipality,084375001047,08437047,matched,Stadt Hettingen,kreisangehörige Gemeinde,1802,45163.17,25.06,0.00,0.00,45163.17,STATISTIKPORTAL_INTEGRATED_2023_T1
2023,08,08437,municipality,084375001082,08437082,matched,Gemeinde Neufra,kreisangehörige Gemeinde,1882,486776.92,258.65,479677.00,0.00,7099.92,STATISTIKPORTAL_INTEGRATED_2023_T1
2023,08,08437,municipality,084375001114,08437114,matched,Stadt Veringenstadt,kreisangehörige Gemeinde,2131,1770751.80,830.95,1727839.00,0.00,42912.80,STATISTIKPORTAL_INTEGRATED_2023_T1
2023,08,08437,municipality,084375002053,08437053,matched,Gemeinde Hohentengen,kreisangehörige Gemeinde,4393,2953646.00,672.35,91146.00,2862500.00,0.00,STATISTIKPORTAL_INTEGRATED_2023_T1
2023,08,08437,municipality,084375002076,08437076,matched,Stadt Mengen,kreisangehörige Gemeinde,10030,24032631.39,2396.07,3820747.00,4007500.00,16204384.39,STATISTIKPORTAL_INTEGRATED_2023_T1
2023,08,08437,municipality,084375002101,08437101,matched,Stadt Scheer,kreisangehörige Gemeinde,2560,3532105.00,1379.73,1933105.00,1374000.00,225000.00,STATISTIKPORTAL_INTEGRATED_2023_T1
2023,08,08437,municipality,084375003072,08437072,matched,Gemeinde Leibertingen,kreisangehörige Gemeinde,2161,18053830.32,8354.39,3880859.00,2336143.44,11836827.88,STATISTIKPORTAL_INTEGRATED_2023_T1
2023,08,08437,municipality,084375003078,08437078,matched,Stadt Meßkirch,kreisangehörige Gemeinde,8751,33451494.99,3822.59,6621795.00,2336143.44,24493556.55,STATISTIKPORTAL_INTEGRATED_2023_T1
2023,08,08437,municipality,084375003123,08437123,matched,Gemeinde Sauldorf,kreisangehörige Gemeinde,2569,12742412.86,4960.07,465000.00,2336143.44,9941269.42,STATISTIKPORTAL_INTEGRATED_2023_T1
2023,08,08437,municipality,084375004056,08437056,matched,Gemeinde Illmensee,kreisangehörige Gemeinde,2106,12152393.26,5770.37,751204.00,264059.84,11137129.42,STATISTIKPORTAL_INTEGRATED_2023_T1
2023,08,08437,municipality,084375004088,08437088,matched,Stadt Pfullendorf,kreisangehörige Gemeinde,13652,62584883.85,4584.30,4591623.00,264059.84,57729201.01,STATISTIKPORTAL_INTEGRATED_2023_T1
2023,08,08437,municipality,084375004118,08437118,matched,Gemeinde Wald,kreisangehörige Gemeinde,2811,6212476.78,2210.06,1050119.00,2072083.60,3090274.18,STATISTIKPORTAL_INTEGRATED_2023_T1
2023,08,08437,municipality,084375004124,08437124,matched,Gemeinde Herdwangen-Schönach,kreisangehörige Gemeinde,3484,10281887.26,2951.17,0.00,340617.84,9941269.42,STATISTIKPORTAL_INTEGRATED_2023_T1
2023,08,08437,municipality,084375005044,08437044,matched,Gemeinde Herbertingen,kreisangehörige Gemeinde,4807,6547853.50,1362.15,817207.00,3206000.00,2524646.50,STATISTIKPORTAL_INTEGRATED_2023_T1
2023,08,08437,municipality,084375005100,08437100,matched,Stadt Bad Saulgau,kreisangehörige Gemeinde,17761,27948620.93,1573.60,0.00,1127747.00,26820873.93,STATISTIKPORTAL_INTEGRATED_2023_T1
2023,08,08437,municipality,084375006005,08437005,matched,Gemeinde Beuron,kreisangehörige Gemeinde,668,742730.15,1111.87,378903.00,0.00,363827.15,STATISTIKPORTAL_INTEGRATED_2023_T1
2023,08,08437,municipality,084375006008,08437008,matched,Gemeinde Bingen,kreisangehörige Gemeinde,2738,1210931.54,442.27,622765.00,0.00,588166.54,STATISTIKPORTAL_INTEGRATED_2023_T1
2023,08,08437,municipality,084375006059,08437059,matched,Gemeinde Inzigkofen,kreisangehörige Gemeinde,3005,7578910.34,2522.10,1870071.00,2072083.60,3636755.74,STATISTIKPORTAL_INTEGRATED_2023_T1
2023,08,08437,municipality,084375006065,08437065,matched,Gemeinde Krauchenwies,kreisangehörige Gemeinde,5119,1923158.04,375.69,0.00,0.00,1923158.04,STATISTIKPORTAL_INTEGRATED_2023_T1
2023,08,08437,municipality,084375006104,08437104,matched,Stadt Sigmaringen,kreisangehörige Gemeinde,18708,66697054.80,3565.16,2844740.00,0.00,63852314.80,STATISTIKPORTAL_INTEGRATED_2023_T1
2023,08,08437,municipality,084375006105,08437105,matched,Gemeinde Sigmaringendorf,kreisangehörige Gemeinde,3761,2957785.46,786.44,1736665.00,0.00,1221120.46,STATISTIKPORTAL_INTEGRATED_2023_T1
2023,08,08437,municipality,084375007102,08437102,matched,Gemeinde Schwenningen,kreisangehörige Gemeinde,1664,10669398.07,6411.90,0.00,264059.84,10405338.23,STATISTIKPORTAL_INTEGRATED_2023_T1
2023,08,08437,municipality,084375007107,08437107,matched,Gemeinde Stetten am kalten Markt,kreisangehörige Gemeinde,4822,13602316.90,2820.89,502960.00,264059.84,12835297.06,STATISTIKPORTAL_INTEGRATED_2023_T1
