report_year,state_code,county_ags5,reporting_unit_class,original_region_key,municipality_ags8_candidate,ags_match_2024_atlas,name_de,legal_form_de,population_2023_06_30,total_integrated_debt_eur,integrated_debt_eur_per_person,core_budget_debt_eur,extra_budget_proportional_debt_eur,public_enterprise_proportional_debt_eur,source_id
2023,09,09161,municipality,091610000000,09161000,matched,"Ingolstadt, kreisfreie Stadt",kreisfreie Stadt,141900,747319936.77,5266.53,0.00,5386321.47,741933615.30,STATISTIKPORTAL_INTEGRATED_2023_T1
2023,09,09162,municipality,091620000000,09162000,matched,"München, Landeshauptstadt",kreisfreie Stadt,1502969,10351172777.02,6887.15,3959842948.00,366606119.58,6024723709.44,STATISTIKPORTAL_INTEGRATED_2023_T1
2023,09,09163,municipality,091630000000,09163000,matched,"Rosenheim, kreisfreie Stadt",kreisfreie Stadt,64734,396554577.93,6125.91,56537262.00,3791474.04,336225841.89,STATISTIKPORTAL_INTEGRATED_2023_T1
2023,09,09171,county_administration,09171,,not_applicable,Landkreis Altötting,Landkreis (Haushalt bzw. Verwaltung),114083,106184930.93,930.77,54746000.00,359532.86,51079398.07,STATISTIKPORTAL_INTEGRATED_2023_T1
2023,09,09171,municipality,091710111111,09171111,matched,"Altötting, Stadt",Einheitsgemeinde,13163,27805411.88,2112.39,27726471.00,1506.81,77434.07,STATISTIKPORTAL_INTEGRATED_2023_T1
2023,09,09171,municipality,091710112112,09171112,matched,"Burghausen, Stadt",Einheitsgemeinde,19362,66733349.91,3446.61,11300472.00,22564782.81,32868095.10,STATISTIKPORTAL_INTEGRATED_2023_T1
2023,09,09171,municipality,091710113113,09171113,matched,Burgkirchen a.d.Alz,Einheitsgemeinde,10924,18244736.02,1670.15,18038860.00,0.00,205876.02,STATISTIKPORTAL_INTEGRATED_2023_T1
2023,09,09171,municipality,091710117117,09171117,matched,Garching a.d.Alz,Einheitsgemeinde,8819,1955193.87,221.70,1908121.00,1.10,47071.77,STATISTIKPORTAL_INTEGRATED_2023_T1
2023,09,09171,municipality,091710118118,09171118,matched,Haiming,Einheitsgemeinde,2533,39968.45,15.78,0.00,0.00,39968.45,STATISTIKPORTAL_INTEGRATED_2023_T1
2023,09,09171,municipality,091710125125,09171125,matched,"Neuötting, Stadt",Einheitsgemeinde,9096,11639800.82,1279.66,11542639.00,0.00,97161.82,STATISTIKPORTAL_INTEGRATED_2023_T1
2023,09,09171,municipality,091710127127,09171127,matched,Pleiskirchen,Einheitsgemeinde,2467,427933.69,173.46,427761.00,0.00,172.69,STATISTIKPORTAL_INTEGRATED_2023_T1
2023,09,09171,municipality,091710131131,09171131,matched,Teising,Einheitsgemeinde,1809,20880.05,11.54,0.00,0.00,20880.05,STATISTIKPORTAL_INTEGRATED_2023_T1
2023,09,09171,municipality,091710132132,09171132,matched,"Töging a.Inn, Stadt",Einheitsgemeinde,9570,9319514.68,973.83,8742685.00,538028.00,38801.68,STATISTIKPORTAL_INTEGRATED_2023_T1
2023,09,09171,municipality,091710133133,09171133,matched,"Tüßling, Markt",Einheitsgemeinde,3362,442059.05,131.49,438095.00,0.00,3964.05,STATISTIKPORTAL_INTEGRATED_2023_T1
2023,09,09171,municipality,091710137137,09171137,matched,Winhöring,Einheitsgemeinde,4846,4586503.65,946.45,4558109.00,0.00,28394.65,STATISTIKPORTAL_INTEGRATED_2023_T1
2023,09,09171,joint_administration,091715101,,not_applicable,VG Emmerting,Verwaltungsgemeinschaft,6598,0.00,0.00,0.00,0.00,0.00,STATISTIKPORTAL_INTEGRATED_2023_T1
2023,09,09171,municipality,091715101114,09171114,matched,Emmerting,Mitgliedsgemeinde,4198,3816802.24,909.20,3809754.00,0.00,7048.24,STATISTIKPORTAL_INTEGRATED_2023_T1
2023,09,09171,municipality,091715101124,09171124,matched,Mehring,Mitgliedsgemeinde,2400,1059373.86,441.41,1057981.00,0.00,1392.86,STATISTIKPORTAL_INTEGRATED_2023_T1
2023,09,09171,joint_administration,091715102,,not_applicable,VG Kirchweidach,Verwaltungsgemeinschaft,6282,0.00,0.00,0.00,0.00,0.00,STATISTIKPORTAL_INTEGRATED_2023_T1
2023,09,09171,municipality,091715102116,09171116,matched,Feichten a.d.Alz,Mitgliedsgemeinde,1316,3486940.97,2649.65,2538529.00,920876.12,27535.85,STATISTIKPORTAL_INTEGRATED_2023_T1
2023,09,09171,municipality,091715102119,09171119,matched,Halsbach,Mitgliedsgemeinde,1077,2977119.50,2764.27,2018072.00,920879.54,38167.96,STATISTIKPORTAL_INTEGRATED_2023_T1
2023,09,09171,municipality,091715102122,09171122,matched,Kirchweidach,Mitgliedsgemeinde,2812,9687875.00,3445.19,8711172.00,920885.50,55817.50,STATISTIKPORTAL_INTEGRATED_2023_T1
2023,09,09171,municipality,091715102134,09171134,matched,Tyrlaching,Mitgliedsgemeinde,1077,2768312.70,2570.39,1807800.00,920880.20,39632.50,STATISTIKPORTAL_INTEGRATED_2023_T1
2023,09,09171,joint_administration,091715103,,not_applicable,VG Marktl,Verwaltungsgemeinschaft,3851,0.00,0.00,0.00,0.00,0.00,STATISTIKPORTAL_INTEGRATED_2023_T1
2023,09,09171,municipality,091715103123,09171123,matched,"Marktl, Markt",Mitgliedsgemeinde,2828,4450014.83,1573.56,4408579.00,610.25,40825.58,STATISTIKPORTAL_INTEGRATED_2023_T1
2023,09,09171,municipality,091715103130,09171130,matched,Stammham (Landkeis Altötting),Mitgliedsgemeinde,1023,58624.86,57.31,41850.00,610.25,16164.61,STATISTIKPORTAL_INTEGRATED_2023_T1
2023,09,09171,joint_administration,091715104,,not_applicable,VG Reischach,Verwaltungsgemeinschaft,5155,0.00,0.00,0.00,0.00,0.00,STATISTIKPORTAL_INTEGRATED_2023_T1
2023,09,09171,municipality,091715104115,09171115,matched,Erlbach,Mitgliedsgemeinde,1178,1977475.02,1678.67,1641500.00,308550.00,27425.02,STATISTIKPORTAL_INTEGRATED_2023_T1
2023,09,09171,municipality,091715104126,09171126,matched,Perach,Mitgliedsgemeinde,1320,1350388.48,1023.02,998436.00,308550.00,43402.48,STATISTIKPORTAL_INTEGRATED_2023_T1
2023,09,09171,municipality,091715104129,09171129,matched,Reischach,Mitgliedsgemeinde,2657,2630697.28,990.10,2271624.00,317900.00,41173.28,STATISTIKPORTAL_INTEGRATED_2023_T1
2023,09,09171,joint_administration,091715106,,not_applicable,VG Unterneukirchen,Verwaltungsgemeinschaft,6246,0.00,0.00,0.00,0.00,0.00,STATISTIKPORTAL_INTEGRATED_2023_T1
2023,09,09171,municipality,091715106121,09171121,matched,Kastl (Landkreis Altötting),Mitgliedsgemeinde,2836,0.00,0.00,0.00,0.00,0.00,STATISTIKPORTAL_INTEGRATED_2023_T1
2023,09,09171,municipality,091715106135,09171135,matched,Unterneukirchen,Mitgliedsgemeinde,3410,4628317.78,1357.28,4380000.00,0.00,248317.78,STATISTIKPORTAL_INTEGRATED_2023_T1
2023,09,09172,county_administration,09172,,not_applicable,Landkreis Berchtesgadener Land,Landkreis (Haushalt bzw. Verwaltung),108176,46024295.48,425.46,2433520.00,407334.78,43183440.70,STATISTIKPORTAL_INTEGRATED_2023_T1
2023,09,09172,municipality,091720111111,09172111,matched,Ainring,Einheitsgemeinde,9978,4284781.44,429.42,0.00,8.15,4284773.29,STATISTIKPORTAL_INTEGRATED_2023_T1
2023,09,09172,municipality,091720112112,09172112,matched,Anger,Einheitsgemeinde,4523,1187429.89,262.53,0.00,411.80,1187018.09,STATISTIKPORTAL_INTEGRATED_2023_T1
2023,09,09172,municipality,091720114114,09172114,matched,"Bad Reichenhall, Große Kreisstadt",große Kreisstadt,19090,40992201.11,2147.31,14804309.00,9321.45,26178570.66,STATISTIKPORTAL_INTEGRATED_2023_T1
2023,09,09172,municipality,091720115115,09172115,matched,Bayerisch Gmain,Einheitsgemeinde,3181,1387791.03,436.28,26450.00,0.00,1361341.03,STATISTIKPORTAL_INTEGRATED_2023_T1
2023,09,09172,municipality,091720116116,09172116,matched,"Berchtesgaden, Markt",Einheitsgemeinde,7655,29289573.75,3826.20,17096514.00,30026.30,12163033.45,STATISTIKPORTAL_INTEGRATED_2023_T1
2023,09,09172,municipality,091720117117,09172117,matched,Bischofswiesen,Einheitsgemeinde,7144,26691408.42,3736.20,23615734.00,2111.75,3073562.67,STATISTIKPORTAL_INTEGRATED_2023_T1
2023,09,09172,municipality,091720118118,09172118,matched,"Freilassing, Stadt",Einheitsgemeinde,17923,25022274.72,1396.10,18866713.00,50616.76,6104944.96,STATISTIKPORTAL_INTEGRATED_2023_T1
2023,09,09172,municipality,091720122122,09172122,matched,"Laufen, Stadt",Einheitsgemeinde,7497,7852598.15,1047.43,5936414.00,36927.07,1879257.08,STATISTIKPORTAL_INTEGRATED_2023_T1
2023,09,09172,municipality,091720124124,09172124,matched,"Marktschellenberg, Markt",Einheitsgemeinde,1751,4892595.50,2794.17,4451169.00,10948.06,430478.44,STATISTIKPORTAL_INTEGRATED_2023_T1
2023,09,09172,municipality,091720128128,09172128,matched,Piding,Einheitsgemeinde,5520,4544505.18,823.28,2889307.00,390.07,1654808.11,STATISTIKPORTAL_INTEGRATED_2023_T1
2023,09,09172,municipality,091720129129,09172129,matched,Ramsau b.Berchtesgaden,Einheitsgemeinde,1763,7485279.97,4245.76,6397358.00,10087.34,1077834.63,STATISTIKPORTAL_INTEGRATED_2023_T1
2023,09,09172,municipality,091720130130,09172130,matched,Saaldorf-Surheim,Einheitsgemeinde,5590,3307239.64,591.63,2810928.00,421.64,495890.00,STATISTIKPORTAL_INTEGRATED_2023_T1
2023,09,09172,municipality,091720131131,09172131,matched,Schneizlreuth,Einheitsgemeinde,1395,627479.63,449.81,291666.00,0.00,335813.63,STATISTIKPORTAL_INTEGRATED_2023_T1
2023,09,09172,municipality,091720132132,09172132,matched,Schönau a.Königssee,Einheitsgemeinde,5742,3287404.65,572.52,934499.00,31538.67,2321366.98,STATISTIKPORTAL_INTEGRATED_2023_T1
2023,09,09172,municipality,091720134134,09172134,matched,"Teisendorf, Markt",Einheitsgemeinde,9424,8434937.94,895.05,6245453.00,23275.04,2166209.90,STATISTIKPORTAL_INTEGRATED_2023_T1
2023,09,09173,county_administration,09173,,not_applicable,Landkreis Bad Tölz-Wolfratshausen,Landkreis (Haushalt bzw. Verwaltung),129916,46358823.03,356.84,28704932.00,249250.12,17404640.91,STATISTIKPORTAL_INTEGRATED_2023_T1
2023,09,09173,municipality,091730111111,09173111,matched,Bad Heilbrunn,Einheitsgemeinde,4026,5473031.54,1359.42,2082368.00,36680.07,3353983.47,STATISTIKPORTAL_INTEGRATED_2023_T1
2023,09,09173,municipality,091730112112,09173112,matched,"Bad Tölz, Stadt",Einheitsgemeinde,19266,26546399.21,1377.89,9281865.00,965490.14,16299044.07,STATISTIKPORTAL_INTEGRATED_2023_T1
2023,09,09173,municipality,091730118118,09173118,matched,Dietramszell,Einheitsgemeinde,5731,838583.71,146.32,823703.00,670.00,14210.71,STATISTIKPORTAL_INTEGRATED_2023_T1
2023,09,09173,municipality,091730120120,09173120,matched,Egling,Einheitsgemeinde,5410,2045192.11,378.04,1015050.00,890.00,1029252.11,STATISTIKPORTAL_INTEGRATED_2023_T1
2023,09,09173,municipality,091730123123,09173123,matched,Eurasburg (Landkreis Bad Tölz-Wolfratshausen),Einheitsgemeinde,4299,6423.94,1.49,0.00,0.00,6423.94,STATISTIKPORTAL_INTEGRATED_2023_T1
2023,09,09173,municipality,091730124124,09173124,matched,Gaißach,Einheitsgemeinde,3162,1881423.94,595.01,1875000.00,0.00,6423.94,STATISTIKPORTAL_INTEGRATED_2023_T1
2023,09,09173,municipality,091730126126,09173126,matched,"Geretsried, Stadt",Einheitsgemeinde,25916,22918193.90,884.33,7699346.00,0.00,15218847.90,STATISTIKPORTAL_INTEGRATED_2023_T1
2023,09,09173,municipality,091730130130,09173130,matched,Icking,Einheitsgemeinde,3717,1143423.40,307.62,1129211.00,0.00,14212.40,STATISTIKPORTAL_INTEGRATED_2023_T1
2023,09,09173,municipality,091730131131,09173131,matched,Jachenau,Einheitsgemeinde,803,1415829.94,1763.18,1408516.00,890.00,6423.94,STATISTIKPORTAL_INTEGRATED_2023_T1
2023,09,09173,municipality,091730134134,09173134,matched,Königsdorf,Einheitsgemeinde,3166,4114440.71,1299.57,4100000.00,230.00,14210.71,STATISTIKPORTAL_INTEGRATED_2023_T1
2023,09,09173,municipality,091730135135,09173135,matched,Lenggries,Einheitsgemeinde,10153,13594764.04,1338.99,6691658.00,58586.78,6844519.26,STATISTIKPORTAL_INTEGRATED_2023_T1
2023,09,09173,municipality,091730137137,09173137,matched,Münsing,Einheitsgemeinde,4346,8383740.88,1929.07,3633109.00,890.00,4749741.88,STATISTIKPORTAL_INTEGRATED_2023_T1
2023,09,09173,municipality,091730145145,09173145,matched,Wackersberg,Einheitsgemeinde,3694,6653.94,1.80,0.00,230.00,6423.94,STATISTIKPORTAL_INTEGRATED_2023_T1
2023,09,09173,municipality,091730147147,09173147,matched,"Wolfratshausen, Stadt",Einheitsgemeinde,19326,34499451.35,1785.13,3663689.00,0.00,30835762.35,STATISTIKPORTAL_INTEGRATED_2023_T1
2023,09,09173,joint_administration,091735107,,not_applicable,VG Benediktbeuern,Verwaltungsgemeinschaft,6088,0.00,0.00,0.00,0.00,0.00,STATISTIKPORTAL_INTEGRATED_2023_T1
2023,09,09173,municipality,091735107113,09173113,matched,Benediktbeuern,Mitgliedsgemeinde,3764,5228004.77,1388.95,3411813.00,183795.37,1632396.40,STATISTIKPORTAL_INTEGRATED_2023_T1
2023,09,09173,municipality,091735107115,09173115,matched,Bichl,Mitgliedsgemeinde,2324,433896.95,186.70,314072.00,113401.01,6423.94,STATISTIKPORTAL_INTEGRATED_2023_T1
2023,09,09173,joint_administration,091735108,,not_applicable,VG Kochel a.See,Verwaltungsgemeinschaft,5479,0.00,0.00,0.00,0.00,0.00,STATISTIKPORTAL_INTEGRATED_2023_T1
2023,09,09173,municipality,091735108133,09173133,matched,Kochel a.See,Mitgliedsgemeinde,4139,4929311.83,1190.94,3212870.00,84045.43,1632396.40,STATISTIKPORTAL_INTEGRATED_2023_T1
2023,09,09173,municipality,091735108142,09173142,matched,Schlehdorf,Mitgliedsgemeinde,1340,3429424.75,2559.27,906899.00,9990.13,2512535.62,STATISTIKPORTAL_INTEGRATED_2023_T1
2023,09,09173,joint_administration,091735109,,not_applicable,VG Reichersbeuern,Verwaltungsgemeinschaft,5334,0.00,0.00,0.00,0.00,0.00,STATISTIKPORTAL_INTEGRATED_2023_T1
2023,09,09173,municipality,091735109127,09173127,matched,Greiling,Mitgliedsgemeinde,1495,1181784.52,790.49,0.00,293.70,1181490.82,STATISTIKPORTAL_INTEGRATED_2023_T1
2023,09,09173,municipality,091735109140,09173140,matched,Reichersbeuern,Mitgliedsgemeinde,2515,1502717.64,597.50,605000.00,293.70,897423.94,STATISTIKPORTAL_INTEGRATED_2023_T1
2023,09,09173,municipality,091735109141,09173141,matched,Sachsenkam,Mitgliedsgemeinde,1324,993395.54,750.30,986669.00,302.60,6423.94,STATISTIKPORTAL_INTEGRATED_2023_T1
2023,09,09174,county_administration,09174,,not_applicable,Landkreis Dachau,Landkreis (Haushalt bzw. Verwaltung),157679,69560095.24,441.15,27155381.00,3723465.81,38681248.43,STATISTIKPORTAL_INTEGRATED_2023_T1
2023,09,09174,municipality,091740111111,09174111,matched,"Altomünster, Markt",Einheitsgemeinde,8099,21125904.35,2608.46,13076086.00,1669936.69,6379881.66,STATISTIKPORTAL_INTEGRATED_2023_T1
2023,09,09174,municipality,091740113113,09174113,matched,Bergkirchen,Einheitsgemeinde,7830,23617592.90,3016.30,3987770.00,0.00,19629822.90,STATISTIKPORTAL_INTEGRATED_2023_T1
2023,09,09174,municipality,091740115115,09174115,matched,"Dachau, Große Kreisstadt",große Kreisstadt,48303,84908237.33,1757.83,0.00,150589.83,84757647.50,STATISTIKPORTAL_INTEGRATED_2023_T1
2023,09,09174,municipality,091740118118,09174118,matched,Erdweg,Einheitsgemeinde,6339,10310670.57,1626.55,9420699.00,113055.84,776915.73,STATISTIKPORTAL_INTEGRATED_2023_T1
2023,09,09174,municipality,091740121121,09174121,matched,Haimhausen,Einheitsgemeinde,5920,29510184.82,4984.83,15449490.00,1402095.87,12658598.95,STATISTIKPORTAL_INTEGRATED_2023_T1
2023,09,09174,municipality,091740122122,09174122,matched,Hebertshausen,Einheitsgemeinde,6012,9569191.98,1591.68,6551822.00,308939.41,2708430.57,STATISTIKPORTAL_INTEGRATED_2023_T1
2023,09,09174,municipality,091740126126,09174126,matched,Karlsfeld,Einheitsgemeinde,22127,39982006.26,1806.93,26924231.00,0.00,13057775.26,STATISTIKPORTAL_INTEGRATED_2023_T1
2023,09,09174,municipality,091740131131,09174131,matched,"Markt Indersdorf, Markt",Einheitsgemeinde,10500,14645918.33,1394.85,5384555.00,1527110.23,7734253.10,STATISTIKPORTAL_INTEGRATED_2023_T1
2023,09,09174,municipality,091740135135,09174135,matched,Odelzhausen,Einheitsgemeinde,5696,12095866.00,2123.57,192500.00,6540995.20,5362370.80,STATISTIKPORTAL_INTEGRATED_2023_T1
2023,09,09174,municipality,091740136136,09174136,matched,Petershausen,Einheitsgemeinde,6624,45537683.28,6874.65,31714010.00,484168.90,13339504.38,STATISTIKPORTAL_INTEGRATED_2023_T1
2023,09,09174,municipality,091740137137,09174137,matched,Pfaffenhofen a.d.Glonn,Einheitsgemeinde,2275,12629277.59,5551.33,7186715.00,4905746.40,536816.19,STATISTIKPORTAL_INTEGRATED_2023_T1
2023,09,09174,municipality,091740141141,09174141,matched,Röhrmoos,Einheitsgemeinde,6663,5946349.79,892.44,2435407.00,286689.29,3224253.50,STATISTIKPORTAL_INTEGRATED_2023_T1
2023,09,09174,municipality,091740143143,09174143,matched,Schwabhausen,Einheitsgemeinde,6552,3646906.29,556.61,3302535.00,192774.18,151597.11,STATISTIKPORTAL_INTEGRATED_2023_T1
2023,09,09174,municipality,091740146146,09174146,matched,Sulzemoos,Einheitsgemeinde,3061,5075943.61,1658.26,0.00,4905746.40,170197.21,STATISTIKPORTAL_INTEGRATED_2023_T1
2023,09,09174,municipality,091740147147,09174147,matched,Hilgertshausen-Tandern,Einheitsgemeinde,3424,6992446.35,2042.19,5497800.00,545804.90,948841.45,STATISTIKPORTAL_INTEGRATED_2023_T1
2023,09,09174,municipality,091740150150,09174150,matched,Vierkirchen,Einheitsgemeinde,4685,8895684.21,1898.76,5397760.00,249886.55,3248037.66,STATISTIKPORTAL_INTEGRATED_2023_T1
2023,09,09174,municipality,091740151151,09174151,matched,Weichs,Einheitsgemeinde,3569,8642757.14,2421.62,6557249.00,406062.39,1679445.75,STATISTIKPORTAL_INTEGRATED_2023_T1
2023,09,09175,county_administration,09175,,not_applicable,Landkreis Ebersberg,Landkreis (Haushalt bzw. Verwaltung),147482,78959571.66,535.38,66073335.00,299667.27,12586569.39,STATISTIKPORTAL_INTEGRATED_2023_T1
2023,09,09175,municipality,091750111111,09175111,matched,Anzing,Einheitsgemeinde,4483,4172873.09,930.82,1114695.00,0.00,3058178.09,STATISTIKPORTAL_INTEGRATED_2023_T1
2023,09,09175,municipality,091750115115,09175115,matched,"Ebersberg, Stadt",Einheitsgemeinde,12641,28134864.52,2225.68,26720572.00,0.00,1414292.52,STATISTIKPORTAL_INTEGRATED_2023_T1
2023,09,09175,municipality,091750118118,09175118,matched,Forstinning,Einheitsgemeinde,3925,2118936.51,539.86,0.00,0.00,2118936.51,STATISTIKPORTAL_INTEGRATED_2023_T1
2023,09,09175,municipality,091750122122,09175122,matched,"Grafing b.München, Stadt",Einheitsgemeinde,14297,29402838.78,2056.57,16005144.00,0.00,13397694.78,STATISTIKPORTAL_INTEGRATED_2023_T1
2023,09,09175,municipality,091750123123,09175123,matched,Hohenlinden,Einheitsgemeinde,3439,4364650.43,1269.16,4039280.00,0.00,325370.43,STATISTIKPORTAL_INTEGRATED_2023_T1
2023,09,09175,municipality,091750124124,09175124,matched,"Kirchseeon, Markt",Einheitsgemeinde,10796,8063079.72,746.86,4822637.00,0.00,3240442.72,STATISTIKPORTAL_INTEGRATED_2023_T1
2023,09,09175,municipality,091750127127,09175127,matched,"Markt Schwaben, Markt",Einheitsgemeinde,13844,55087171.81,3979.14,47690594.00,0.00,7396577.81,STATISTIKPORTAL_INTEGRATED_2023_T1
2023,09,09175,municipality,091750132132,09175132,matched,Vaterstetten,Einheitsgemeinde,25570,29250162.10,1143.92,23597795.00,0.00,5652367.10,STATISTIKPORTAL_INTEGRATED_2023_T1
2023,09,09175,municipality,091750133133,09175133,matched,Pliening,Einheitsgemeinde,5994,2153541.21,359.28,302645.00,0.00,1850896.21,STATISTIKPORTAL_INTEGRATED_2023_T1
2023,09,09175,municipality,091750135135,09175135,matched,Poing,Einheitsgemeinde,16541,23537667.00,1422.99,20749221.00,0.00,2788446.00,STATISTIKPORTAL_INTEGRATED_2023_T1
2023,09,09175,municipality,091750137137,09175137,matched,Steinhöring,Einheitsgemeinde,4085,2594250.20,635.07,1969331.00,0.00,624919.20,STATISTIKPORTAL_INTEGRATED_2023_T1
2023,09,09175,municipality,091750139139,09175139,matched,Zorneding,Einheitsgemeinde,9508,2229136.78,234.45,0.00,0.00,2229136.78,STATISTIKPORTAL_INTEGRATED_2023_T1
2023,09,09175,joint_administration,091755112,,not_applicable,VG Aßling,Verwaltungsgemeinschaft,7704,0.00,0.00,0.00,0.00,0.00,STATISTIKPORTAL_INTEGRATED_2023_T1
2023,09,09175,municipality,091755112112,09175112,matched,Aßling,Mitgliedsgemeinde,4601,14749482.68,3205.71,14091139.00,534.00,657809.68,STATISTIKPORTAL_INTEGRATED_2023_T1
2023,09,09175,municipality,091755112119,09175119,matched,Frauenneuharting,Mitgliedsgemeinde,1587,3506930.32,2209.79,3144957.00,178.00,361795.32,STATISTIKPORTAL_INTEGRATED_2023_T1
2023,09,09175,municipality,091755112136,09175136,matched,Emmering (Landkreis Ebersberg),Mitgliedsgemeinde,1516,3780491.57,2493.73,3402073.00,178.00,378240.57,STATISTIKPORTAL_INTEGRATED_2023_T1
2023,09,09175,joint_administration,091755114,,not_applicable,VG Glonn,Verwaltungsgemeinschaft,14655,0.00,0.00,0.00,0.00,0.00,STATISTIKPORTAL_INTEGRATED_2023_T1
2023,09,09175,municipality,091755114113,09175113,matched,Baiern,Mitgliedsgemeinde,1534,0.00,0.00,0.00,0.00,0.00,STATISTIKPORTAL_INTEGRATED_2023_T1
2023,09,09175,municipality,091755114114,09175114,matched,Bruck,Mitgliedsgemeinde,1340,345350.09,257.72,0.00,0.00,345350.09,STATISTIKPORTAL_INTEGRATED_2023_T1
2023,09,09175,municipality,091755114116,09175116,matched,Egmating,Mitgliedsgemeinde,2381,3009389.61,1263.92,1470953.00,0.00,1538436.61,STATISTIKPORTAL_INTEGRATED_2023_T1
2023,09,09175,municipality,091755114121,09175121,matched,"Glonn, Markt",Mitgliedsgemeinde,5362,2488849.65,464.16,1765259.00,0.00,723590.65,STATISTIKPORTAL_INTEGRATED_2023_T1
2023,09,09175,municipality,091755114128,09175128,matched,Moosach,Mitgliedsgemeinde,1522,2383707.07,1566.17,1868124.00,0.00,515583.07,STATISTIKPORTAL_INTEGRATED_2023_T1
2023,09,09175,municipality,091755114131,09175131,matched,Oberpframmern,Mitgliedsgemeinde,2516,1655932.85,658.16,101051.00,0.00,1554881.85,STATISTIKPORTAL_INTEGRATED_2023_T1
2023,09,09176,county_administration,09176,,not_applicable,Landkreis Eichstätt,Landkreis (Haushalt bzw. Verwaltung),136273,27878537.05,204.58,662750.00,575070.24,26640716.81,STATISTIKPORTAL_INTEGRATED_2023_T1
2023,09,09176,municipality,091760112112,09176112,matched,"Altmannstein, Markt",Einheitsgemeinde,7146,4184031.27,585.51,3340217.00,46224.38,797589.89,STATISTIKPORTAL_INTEGRATED_2023_T1
2023,09,09176,municipality,091760114114,09176114,matched,"Beilngries, Stadt",Einheitsgemeinde,10273,13972694.84,1360.14,13626236.00,0.00,346458.84,STATISTIKPORTAL_INTEGRATED_2023_T1
2023,09,09176,municipality,091760118118,09176118,matched,Buxheim (Landkreis Eichstätt),Einheitsgemeinde,3756,0.00,0.00,0.00,0.00,0.00,STATISTIKPORTAL_INTEGRATED_2023_T1
2023,09,09176,municipality,091760120120,09176120,matched,Denkendorf,Einheitsgemeinde,4976,120625.00,24.24,0.00,0.00,120625.00,STATISTIKPORTAL_INTEGRATED_2023_T1
2023,09,09176,municipality,091760121121,09176121,matched,"Dollnstein, Markt",Einheitsgemeinde,2948,970560.46,329.23,780000.00,190560.46,0.00,STATISTIKPORTAL_INTEGRATED_2023_T1
2023,09,09176,municipality,091760123123,09176123,matched,"Eichstätt, Große Kreisstadt",große Kreisstadt,13867,26857878.53,1936.82,6833011.00,1026372.97,18998494.56,STATISTIKPORTAL_INTEGRATED_2023_T1
2023,09,09176,municipality,091760126126,09176126,matched,"Gaimersheim, Markt",Einheitsgemeinde,12402,661618.00,53.35,661618.00,0.00,0.00,STATISTIKPORTAL_INTEGRATED_2023_T1
2023,09,09176,municipality,091760129129,09176129,matched,Großmehring,Einheitsgemeinde,7551,5514450.00,730.29,5514450.00,0.00,0.00,STATISTIKPORTAL_INTEGRATED_2023_T1
2023,09,09176,municipality,091760131131,09176131,matched,Hepberg,Einheitsgemeinde,2973,9431272.00,3172.31,9431272.00,0.00,0.00,STATISTIKPORTAL_INTEGRATED_2023_T1
2023,09,09176,municipality,091760132132,09176132,matched,Hitzhofen,Einheitsgemeinde,3058,2945946.00,963.36,2945946.00,0.00,0.00,STATISTIKPORTAL_INTEGRATED_2023_T1
2023,09,09176,municipality,091760137137,09176137,matched,"Kinding, Markt",Einheitsgemeinde,2513,2741631.56,1090.98,1247600.00,0.00,1494031.56,STATISTIKPORTAL_INTEGRATED_2023_T1
2023,09,09176,municipality,091760138138,09176138,matched,"Kipfenberg, Markt",Einheitsgemeinde,5990,8499067.50,1418.88,7605400.00,0.00,893667.50,STATISTIKPORTAL_INTEGRATED_2023_T1
2023,09,09176,municipality,091760139139,09176139,matched,"Kösching, Markt",Einheitsgemeinde,9919,10371295.96,1045.60,10341433.00,0.00,29862.96,STATISTIKPORTAL_INTEGRATED_2023_T1
2023,09,09176,municipality,091760143143,09176143,matched,Lenting,Einheitsgemeinde,4972,2822013.00,567.58,2822013.00,0.00,0.00,STATISTIKPORTAL_INTEGRATED_2023_T1
2023,09,09176,municipality,091760148148,09176148,matched,"Mörnsheim, Markt",Einheitsgemeinde,1605,979112.46,610.04,788552.00,190560.46,0.00,STATISTIKPORTAL_INTEGRATED_2023_T1
2023,09,09176,municipality,091760161161,09176161,matched,Stammham (Landkreis Eichstätt),Einheitsgemeinde,4237,2112932.00,498.69,2112932.00,0.00,0.00,STATISTIKPORTAL_INTEGRATED_2023_T1
2023,09,09176,municipality,091760164164,09176164,matched,"Titting, Markt",Einheitsgemeinde,2686,6700736.13,2494.69,5233800.00,0.00,1466936.13,STATISTIKPORTAL_INTEGRATED_2023_T1
2023,09,09176,municipality,091760166166,09176166,matched,"Wellheim, Markt",Einheitsgemeinde,2754,2649560.46,962.08,2459000.00,190560.46,0.00,STATISTIKPORTAL_INTEGRATED_2023_T1
2023,09,09176,municipality,091760167167,09176167,matched,Wettstetten,Einheitsgemeinde,5083,1317170.00,259.13,1317170.00,0.00,0.00,STATISTIKPORTAL_INTEGRATED_2023_T1
2023,09,09176,joint_administration,091765115,,not_applicable,VG Eichstätt,Verwaltungsgemeinschaft,8864,0.00,0.00,0.00,0.00,0.00,STATISTIKPORTAL_INTEGRATED_2023_T1
2023,09,09176,municipality,091765115155,09176155,matched,Pollenfeld,Mitgliedsgemeinde,3118,1187516.43,380.86,0.00,958679.12,228837.31,STATISTIKPORTAL_INTEGRATED_2023_T1
2023,09,09176,municipality,091765115160,09176160,matched,Schernfeld,Mitgliedsgemeinde,3362,3564320.91,1060.18,2224498.00,1339822.91,0.00,STATISTIKPORTAL_INTEGRATED_2023_T1
2023,09,09176,municipality,091765115165,09176165,matched,Walting,Mitgliedsgemeinde,2384,4343812.41,1822.07,1564519.00,1149527.22,1629766.19,STATISTIKPORTAL_INTEGRATED_2023_T1
2023,09,09176,joint_administration,091765116,,not_applicable,VG Eitensheim,Verwaltungsgemeinschaft,4803,0.00,0.00,0.00,0.00,0.00,STATISTIKPORTAL_INTEGRATED_2023_T1
2023,09,09176,municipality,091765116116,09176116,matched,Böhmfeld,Mitgliedsgemeinde,1749,0.00,0.00,0.00,0.00,0.00,STATISTIKPORTAL_INTEGRATED_2023_T1
2023,09,09176,municipality,091765116124,09176124,matched,Eitensheim,Mitgliedsgemeinde,3054,0.00,0.00,0.00,0.00,0.00,STATISTIKPORTAL_INTEGRATED_2023_T1
2023,09,09176,joint_administration,091765118,,not_applicable,VG Nassenfels,Verwaltungsgemeinschaft,6613,0.00,0.00,0.00,0.00,0.00,STATISTIKPORTAL_INTEGRATED_2023_T1
2023,09,09176,municipality,091765118111,09176111,matched,Adelschlag,Mitgliedsgemeinde,3077,4281684.46,1391.51,3369999.00,808680.46,103005.00,STATISTIKPORTAL_INTEGRATED_2023_T1
2023,09,09176,municipality,091765118122,09176122,matched,Egweil,Mitgliedsgemeinde,1223,654320.46,535.01,0.00,654320.46,0.00,STATISTIKPORTAL_INTEGRATED_2023_T1
2023,09,09176,municipality,091765118149,09176149,matched,"Nassenfels, Markt",Mitgliedsgemeinde,2313,1448680.46,626.32,640000.00,808680.46,0.00,STATISTIKPORTAL_INTEGRATED_2023_T1
2023,09,09176,joint_administration,091765119,,not_applicable,VG Pförring,Verwaltungsgemeinschaft,7284,0.00,0.00,0.00,0.00,0.00,STATISTIKPORTAL_INTEGRATED_2023_T1
2023,09,09176,municipality,091765119147,09176147,matched,Mindelstetten,Mitgliedsgemeinde,1820,627952.78,345.03,0.00,403980.58,223972.20,STATISTIKPORTAL_INTEGRATED_2023_T1
2023,09,09176,municipality,091765119150,09176150,matched,Oberdolling,Mitgliedsgemeinde,1360,732490.58,538.60,328510.00,403980.58,0.00,STATISTIKPORTAL_INTEGRATED_2023_T1
2023,09,09176,municipality,091765119153,09176153,matched,"Pförring, Markt",Mitgliedsgemeinde,4104,819335.62,199.64,0.00,688263.21,131072.41,STATISTIKPORTAL_INTEGRATED_2023_T1
2023,09,09177,county_administration,09177,,not_applicable,Landkreis Erding,Landkreis (Haushalt bzw. Verwaltung),142242,27478664.37,193.18,1804849.00,147279.23,25526536.14,STATISTIKPORTAL_INTEGRATED_2023_T1
2023,09,09177,municipality,091770113113,09177113,matched,Bockhorn,Einheitsgemeinde,4201,783754.53,186.56,0.00,0.00,783754.53,STATISTIKPORTAL_INTEGRATED_2023_T1
2023,09,09177,municipality,091770115115,09177115,matched,"Dorfen, Stadt",Einheitsgemeinde,15194,26263831.14,1728.57,10372486.00,80816.15,15810528.99,STATISTIKPORTAL_INTEGRATED_2023_T1
2023,09,09177,municipality,091770117117,09177117,matched,"Erding, Große Kreisstadt",große Kreisstadt,37016,25600814.70,691.61,5415111.00,140549.83,20045153.87,STATISTIKPORTAL_INTEGRATED_2023_T1
2023,09,09177,municipality,091770118118,09177118,matched,Finsing,Einheitsgemeinde,4778,6017246.76,1259.37,4402754.00,0.00,1614492.76,STATISTIKPORTAL_INTEGRATED_2023_T1
2023,09,09177,municipality,091770119119,09177119,matched,Forstern,Einheitsgemeinde,3738,10947192.25,2928.62,9108387.00,0.00,1838805.25,STATISTIKPORTAL_INTEGRATED_2023_T1
2023,09,09177,municipality,091770120120,09177120,matched,Fraunberg,Einheitsgemeinde,3970,3780651.37,952.31,3075529.00,25713.90,679408.47,STATISTIKPORTAL_INTEGRATED_2023_T1
2023,09,09177,municipality,091770123123,09177123,matched,"Isen, Markt",Einheitsgemeinde,5787,15998153.29,2764.50,14451617.00,383575.00,1162961.29,STATISTIKPORTAL_INTEGRATED_2023_T1
2023,09,09177,municipality,091770127127,09177127,matched,Lengdorf,Einheitsgemeinde,2758,7941183.99,2879.33,7390488.00,188925.00,361770.99,STATISTIKPORTAL_INTEGRATED_2023_T1
2023,09,09177,municipality,091770130130,09177130,matched,Moosinning,Einheitsgemeinde,6232,12272027.30,1969.20,9386706.00,0.00,2885321.30,STATISTIKPORTAL_INTEGRATED_2023_T1
2023,09,09177,municipality,091770137137,09177137,matched,Sankt Wolfgang,Einheitsgemeinde,4539,2790784.94,614.85,1946258.00,383575.00,460951.94,STATISTIKPORTAL_INTEGRATED_2023_T1
2023,09,09177,municipality,091770139139,09177139,matched,Taufkirchen (Vils),Einheitsgemeinde,10880,24074195.83,2212.70,22523500.00,0.00,1550695.83,STATISTIKPORTAL_INTEGRATED_2023_T1
2023,09,09177,joint_administration,091775120,,not_applicable,VG Pastetten,Verwaltungsgemeinschaft,4534,0.00,0.00,0.00,0.00,0.00,STATISTIKPORTAL_INTEGRATED_2023_T1
2023,09,09177,municipality,091775120114,09177114,matched,Buch a.Buchrain,Mitgliedsgemeinde,1648,5369816.38,3258.38,5023570.00,188925.00,157321.38,STATISTIKPORTAL_INTEGRATED_2023_T1
2023,09,09177,municipality,091775120135,09177135,matched,Pastetten,Mitgliedsgemeinde,2886,590185.39,204.50,0.00,0.00,590185.39,STATISTIKPORTAL_INTEGRATED_2023_T1
2023,09,09177,joint_administration,091775121,,not_applicable,VG Hörlkofen,Verwaltungsgemeinschaft,6653,0.00,0.00,0.00,0.00,0.00,STATISTIKPORTAL_INTEGRATED_2023_T1
2023,09,09177,municipality,091775121142,09177142,matched,Walpertskirchen,Mitgliedsgemeinde,2171,3746749.77,1725.82,3524456.00,0.00,222293.77,STATISTIKPORTAL_INTEGRATED_2023_T1
2023,09,09177,municipality,091775121144,09177144,matched,Wörth (Landkreis Erding),Mitgliedsgemeinde,4482,1495116.53,333.58,982540.00,0.00,512576.53,STATISTIKPORTAL_INTEGRATED_2023_T1
2023,09,09177,joint_administration,091775123,,not_applicable,VG Oberding,Verwaltungsgemeinschaft,9797,0.00,0.00,0.00,0.00,0.00,STATISTIKPORTAL_INTEGRATED_2023_T1
2023,09,09177,municipality,091775123116,09177116,matched,Eitting,Mitgliedsgemeinde,3064,1507923.26,492.14,0.00,0.00,1507923.26,STATISTIKPORTAL_INTEGRATED_2023_T1
2023,09,09177,municipality,091775123133,09177133,matched,Oberding,Mitgliedsgemeinde,6733,5078021.63,754.20,0.00,2054951.00,3023070.63,STATISTIKPORTAL_INTEGRATED_2023_T1
2023,09,09177,joint_administration,091775124,,not_applicable,VG Oberneuching,Verwaltungsgemeinschaft,4685,0.00,0.00,0.00,0.00,0.00,STATISTIKPORTAL_INTEGRATED_2023_T1
2023,09,09177,municipality,091775124131,09177131,matched,Neuching,Mitgliedsgemeinde,2747,6948726.35,2529.57,5457409.00,0.00,1491317.35,STATISTIKPORTAL_INTEGRATED_2023_T1
2023,09,09177,municipality,091775124134,09177134,matched,Ottenhofen,Mitgliedsgemeinde,1938,3468228.47,1789.59,3134235.00,0.00,333993.47,STATISTIKPORTAL_INTEGRATED_2023_T1
2023,09,09177,joint_administration,091775125,,not_applicable,VG Steinkirchen,Verwaltungsgemeinschaft,5712,0.00,0.00,0.00,0.00,0.00,STATISTIKPORTAL_INTEGRATED_2023_T1
2023,09,09177,municipality,091775125121,09177121,matched,Hohenpolding,Mitgliedsgemeinde,1643,979958.62,596.44,828992.00,60600.00,90366.62,STATISTIKPORTAL_INTEGRATED_2023_T1
2023,09,09177,municipality,091775125122,09177122,matched,Inning a.Holz,Mitgliedsgemeinde,1576,506382.96,321.31,196940.00,60600.00,248842.96,STATISTIKPORTAL_INTEGRATED_2023_T1
2023,09,09177,municipality,091775125124,09177124,matched,Kirchberg,Mitgliedsgemeinde,1155,2287268.55,1980.32,2159915.00,60600.00,66753.55,STATISTIKPORTAL_INTEGRATED_2023_T1
2023,09,09177,municipality,091775125138,09177138,matched,Steinkirchen,Mitgliedsgemeinde,1338,1512858.72,1130.69,1371005.00,60600.00,81253.72,STATISTIKPORTAL_INTEGRATED_2023_T1
2023,09,09177,joint_administration,091775126,,not_applicable,VG Wartenberg,Verwaltungsgemeinschaft,11768,0.00,0.00,0.00,0.00,0.00,STATISTIKPORTAL_INTEGRATED_2023_T1
2023,09,09177,municipality,091775126112,09177112,matched,Berglern,Mitgliedsgemeinde,3084,2482999.75,805.12,1665206.00,12857.40,804936.35,STATISTIKPORTAL_INTEGRATED_2023_T1
2023,09,09177,municipality,091775126126,09177126,matched,Langenpreising,Mitgliedsgemeinde,2948,5922896.28,2009.12,5334360.00,12857.40,575678.88,STATISTIKPORTAL_INTEGRATED_2023_T1
2023,09,09177,municipality,091775126143,09177143,matched,"Wartenberg, Markt",Mitgliedsgemeinde,5736,9524686.59,1660.51,8520229.00,38571.30,965886.29,STATISTIKPORTAL_INTEGRATED_2023_T1
2023,09,09178,county_administration,09178,,not_applicable,Landkreis Freising,Landkreis (Haushalt bzw. Verwaltung),185341,19668386.86,106.12,4994371.00,249245.92,14424769.94,STATISTIKPORTAL_INTEGRATED_2023_T1
2023,09,09178,municipality,091780116116,09178116,matched,"Au i.d.Hallertau, Markt",Einheitsgemeinde,6352,2755501.17,433.80,578006.00,0.00,2177495.17,STATISTIKPORTAL_INTEGRATED_2023_T1
2023,09,09178,municipality,091780120120,09178120,matched,Eching (Landkreis Freising),Einheitsgemeinde,14504,7458200.35,514.22,4251188.00,165388.76,3041623.59,STATISTIKPORTAL_INTEGRATED_2023_T1
2023,09,09178,municipality,091780122122,09178122,matched,Rudelzhausen,Einheitsgemeinde,3512,2410260.82,686.29,660666.00,0.00,1749594.82,STATISTIKPORTAL_INTEGRATED_2023_T1
2023,09,09178,municipality,091780123123,09178123,matched,Fahrenzhausen,Einheitsgemeinde,5155,1503642.48,291.69,0.00,1503642.48,0.00,STATISTIKPORTAL_INTEGRATED_2023_T1
2023,09,09178,municipality,091780124124,09178124,matched,"Freising, Große Kreisstadt",große Kreisstadt,49469,230018308.99,4649.75,94272852.00,412570.89,135332886.10,STATISTIKPORTAL_INTEGRATED_2023_T1
2023,09,09178,municipality,091780130130,09178130,matched,Hallbergmoos,Einheitsgemeinde,11941,169.29,0.01,0.00,0.00,169.29,STATISTIKPORTAL_INTEGRATED_2023_T1
2023,09,09178,municipality,091780133133,09178133,matched,Hohenkammer,Einheitsgemeinde,2752,7018219.00,2550.22,0.00,0.00,7018219.00,STATISTIKPORTAL_INTEGRATED_2023_T1
2023,09,09178,municipality,091780136136,09178136,matched,Kirchdorf a.d.Amper,Einheitsgemeinde,3271,579320.31,177.11,0.00,0.00,579320.31,STATISTIKPORTAL_INTEGRATED_2023_T1
2023,09,09178,municipality,091780137137,09178137,matched,Kranzberg,Einheitsgemeinde,4241,3870190.00,912.57,3870190.00,0.00,0.00,STATISTIKPORTAL_INTEGRATED_2023_T1
2023,09,09178,municipality,091780138138,09178138,matched,Langenbach,Einheitsgemeinde,4092,4104262.94,1003.00,4104081.00,181.94,0.00,STATISTIKPORTAL_INTEGRATED_2023_T1
2023,09,09178,municipality,091780140140,09178140,matched,Marzling,Einheitsgemeinde,3325,6209786.69,1867.61,6209785.00,0.00,1.69,STATISTIKPORTAL_INTEGRATED_2023_T1
2023,09,09178,municipality,091780143143,09178143,matched,"Moosburg a.d.Isar, Stadt",Einheitsgemeinde,20007,21674957.82,1083.37,13067204.00,67250.29,8540503.53,STATISTIKPORTAL_INTEGRATED_2023_T1
2023,09,09178,municipality,091780144144,09178144,matched,"Nandlstadt, Markt",Einheitsgemeinde,5597,3244204.23,579.63,3241025.00,0.00,3179.23,STATISTIKPORTAL_INTEGRATED_2023_T1
2023,09,09178,municipality,091780145145,09178145,matched,Neufahrn b.Freising,Einheitsgemeinde,20701,14656221.17,708.00,11612832.00,1763.88,3041625.29,STATISTIKPORTAL_INTEGRATED_2023_T1
2023,09,09178,joint_administration,091785127,,not_applicable,VG Allershausen,Verwaltungsgemeinschaft,7754,0.00,0.00,0.00,0.00,0.00,STATISTIKPORTAL_INTEGRATED_2023_T1
2023,09,09178,municipality,091785127113,09178113,matched,Allershausen,Mitgliedsgemeinde,6165,36282.81,5.89,0.00,0.00,36282.81,STATISTIKPORTAL_INTEGRATED_2023_T1
2023,09,09178,municipality,091785127150,09178150,matched,Paunzhausen,Mitgliedsgemeinde,1589,198120.31,124.68,0.00,0.00,198120.31,STATISTIKPORTAL_INTEGRATED_2023_T1
2023,09,09178,joint_administration,091785129,,not_applicable,VG Mauern,Verwaltungsgemeinschaft,9305,0.00,0.00,0.00,0.00,0.00,STATISTIKPORTAL_INTEGRATED_2023_T1
2023,09,09178,municipality,091785129125,09178125,matched,Gammelsdorf,Mitgliedsgemeinde,1546,2237636.23,1447.37,2159402.00,0.00,78234.23,STATISTIKPORTAL_INTEGRATED_2023_T1
2023,09,09178,municipality,091785129132,09178132,matched,Hörgertshausen,Mitgliedsgemeinde,2023,406834.43,201.10,0.00,0.00,406834.43,STATISTIKPORTAL_INTEGRATED_2023_T1
2023,09,09178,municipality,091785129142,09178142,matched,Mauern,Mitgliedsgemeinde,3135,4821110.15,1537.83,4740721.00,0.00,80389.15,STATISTIKPORTAL_INTEGRATED_2023_T1
2023,09,09178,municipality,091785129155,09178155,matched,Wang,Mitgliedsgemeinde,2601,1956950.78,752.38,1910549.00,0.00,46401.78,STATISTIKPORTAL_INTEGRATED_2023_T1
2023,09,09178,joint_administration,091785130,,not_applicable,VG Zolling,Verwaltungsgemeinschaft,13363,0.00,0.00,0.00,0.00,0.00,STATISTIKPORTAL_INTEGRATED_2023_T1
2023,09,09178,municipality,091785130115,09178115,matched,Attenkirchen,Mitgliedsgemeinde,2750,3134893.51,1139.96,2868709.00,266184.51,0.00,STATISTIKPORTAL_INTEGRATED_2023_T1
2023,09,09178,municipality,091785130129,09178129,matched,Haag a.d.Amper,Mitgliedsgemeinde,2999,233980.37,78.02,0.00,233980.37,0.00,STATISTIKPORTAL_INTEGRATED_2023_T1
2023,09,09178,municipality,091785130156,09178156,matched,Wolfersdorf,Mitgliedsgemeinde,2559,4669800.42,1824.85,4155882.00,201776.23,312142.19,STATISTIKPORTAL_INTEGRATED_2023_T1
2023,09,09178,municipality,091785130157,09178157,matched,Zolling,Mitgliedsgemeinde,5055,1197884.88,236.97,0.00,1117138.00,80746.88,STATISTIKPORTAL_INTEGRATED_2023_T1
2023,09,09179,county_administration,09179,,not_applicable,Landkreis Fürstenfeldbruck,Landkreis (Haushalt bzw. Verwaltung),222380,127479865.87,573.25,98126400.00,5123995.09,24229470.78,STATISTIKPORTAL_INTEGRATED_2023_T1
2023,09,09179,municipality,091790113113,09179113,matched,Alling,Einheitsgemeinde,4072,4166183.38,1023.13,3967000.00,0.00,199183.38,STATISTIKPORTAL_INTEGRATED_2023_T1
2023,09,09179,municipality,091790117117,09179117,matched,Egenhofen,Einheitsgemeinde,3547,324830.49,91.58,0.00,100667.91,224162.58,STATISTIKPORTAL_INTEGRATED_2023_T1
2023,09,09179,municipality,091790118118,09179118,matched,Eichenau,Einheitsgemeinde,11836,11737027.83,991.64,9774462.00,0.00,1962565.83,STATISTIKPORTAL_INTEGRATED_2023_T1
2023,09,09179,municipality,091790119119,09179119,matched,Emmering (Landkreis Fürstenfeldbruck),Einheitsgemeinde,7040,123192.94,17.50,0.00,0.00,123192.94,STATISTIKPORTAL_INTEGRATED_2023_T1
2023,09,09179,municipality,091790121121,09179121,matched,"Fürstenfeldbruck, Große Kreisstadt",große Kreisstadt,38021,62818177.87,1652.20,23277582.00,393828.56,39146767.31,STATISTIKPORTAL_INTEGRATED_2023_T1
2023,09,09179,municipality,091790123123,09179123,matched,"Germering, Große Kreisstadt",große Kreisstadt,41558,32561559.55,783.52,28673874.00,0.00,3887685.55,STATISTIKPORTAL_INTEGRATED_2023_T1
2023,09,09179,municipality,091790126126,09179126,matched,Gröbenzell,Einheitsgemeinde,19738,16471263.11,834.50,13539660.00,0.00,2931603.11,STATISTIKPORTAL_INTEGRATED_2023_T1
2023,09,09179,municipality,091790134134,09179134,matched,Maisach,Einheitsgemeinde,14230,855633.64,60.13,35791.00,299602.10,520240.54,STATISTIKPORTAL_INTEGRATED_2023_T1
2023,09,09179,municipality,091790138138,09179138,matched,Moorenweis,Einheitsgemeinde,4233,440129.43,103.98,266666.00,0.00,173463.43,STATISTIKPORTAL_INTEGRATED_2023_T1
2023,09,09179,municipality,091790142142,09179142,matched,Olching,Einheitsgemeinde,28038,34291311.78,1223.03,24770300.00,0.00,9521011.78,STATISTIKPORTAL_INTEGRATED_2023_T1
2023,09,09179,municipality,091790145145,09179145,matched,Puchheim,Einheitsgemeinde,21413,11875165.04,554.58,730499.00,0.00,11144666.04,STATISTIKPORTAL_INTEGRATED_2023_T1
2023,09,09179,municipality,091790149149,09179149,matched,Türkenfeld,Einheitsgemeinde,3736,145995.20,39.08,0.00,0.00,145995.20,STATISTIKPORTAL_INTEGRATED_2023_T1
2023,09,09179,joint_administration,091795131,,not_applicable,VG Mammendorf,Verwaltungsgemeinschaft,17331,0.00,0.00,0.00,0.00,0.00,STATISTIKPORTAL_INTEGRATED_2023_T1
2023,09,09179,municipality,091795131111,09179111,matched,Adelshofen (Landkreis Fürstenfeldbruck),Mitgliedsgemeinde,1845,2988691.64,1619.89,2015000.00,457060.31,516631.33,STATISTIKPORTAL_INTEGRATED_2023_T1
2023,09,09179,municipality,091795131114,09179114,matched,Althegnenberg,Mitgliedsgemeinde,2122,454337.48,214.11,0.00,331315.53,123021.95,STATISTIKPORTAL_INTEGRATED_2023_T1
2023,09,09179,municipality,091795131128,09179128,matched,Hattenhofen,Mitgliedsgemeinde,1578,3130950.58,1984.13,2559942.00,245752.91,325255.67,STATISTIKPORTAL_INTEGRATED_2023_T1
2023,09,09179,municipality,091795131130,09179130,matched,Jesenwang,Mitgliedsgemeinde,1678,1658437.42,988.34,854998.00,461720.67,341718.75,STATISTIKPORTAL_INTEGRATED_2023_T1
2023,09,09179,municipality,091795131132,09179132,matched,Landsberied,Mitgliedsgemeinde,1644,1179295.69,717.33,275000.00,424367.49,479928.20,STATISTIKPORTAL_INTEGRATED_2023_T1
2023,09,09179,municipality,091795131136,09179136,matched,Mammendorf,Mitgliedsgemeinde,4959,13036977.37,2628.95,11695421.00,783320.52,558235.85,STATISTIKPORTAL_INTEGRATED_2023_T1
2023,09,09179,municipality,091795131137,09179137,matched,Mittelstetten,Mitgliedsgemeinde,1715,698852.09,407.49,0.00,272455.79,426396.30,STATISTIKPORTAL_INTEGRATED_2023_T1
2023,09,09179,municipality,091795131140,09179140,matched,Oberschweinbach,Mitgliedsgemeinde,1790,1756419.79,981.24,1483154.00,273265.79,0.00,STATISTIKPORTAL_INTEGRATED_2023_T1
2023,09,09179,joint_administration,091795132,,not_applicable,VG Grafrath,Verwaltungsgemeinschaft,7587,0.00,0.00,0.00,0.00,0.00,STATISTIKPORTAL_INTEGRATED_2023_T1
2023,09,09179,municipality,091795132125,09179125,matched,Grafrath,Mitgliedsgemeinde,4054,1740907.54,429.43,907881.00,806945.50,26081.04,STATISTIKPORTAL_INTEGRATED_2023_T1
2023,09,09179,municipality,091795132131,09179131,matched,Kottgeisering,Mitgliedsgemeinde,1624,368463.77,226.89,0.00,356581.05,11882.72,STATISTIKPORTAL_INTEGRATED_2023_T1
2023,09,09179,municipality,091795132147,09179147,matched,Schöngeising,Mitgliedsgemeinde,1909,1126544.41,590.12,660000.00,343522.46,123021.95,STATISTIKPORTAL_INTEGRATED_2023_T1
2023,09,09180,county_administration,09180,,not_applicable,Landkreis Garmisch-Partenkirchen,Landkreis (Haushalt bzw. Verwaltung),88967,52710129.66,592.47,25689329.00,294016.51,26726784.15,STATISTIKPORTAL_INTEGRATED_2023_T1
2023,09,09180,municipality,091800112112,09180112,matched,Bad Kohlgrub,Einheitsgemeinde,2861,1936546.90,676.88,1875700.00,890.00,59956.90,STATISTIKPORTAL_INTEGRATED_2023_T1
2023,09,09180,municipality,091800116116,09180116,matched,Farchant,Einheitsgemeinde,3565,6857003.00,1923.42,6856113.00,890.00,0.00,STATISTIKPORTAL_INTEGRATED_2023_T1
2023,09,09180,municipality,091800117117,09180117,matched,"Garmisch-Partenkirchen, Markt",Einheitsgemeinde,27536,90761087.00,3296.09,17204174.00,5508441.00,68048472.00,STATISTIKPORTAL_INTEGRATED_2023_T1
2023,09,09180,municipality,091800118118,09180118,matched,Grainau,Einheitsgemeinde,3629,3509669.09,967.12,3461477.00,890.00,47302.09,STATISTIKPORTAL_INTEGRATED_2023_T1
2023,09,09180,municipality,091800122122,09180122,matched,Krün,Einheitsgemeinde,1942,4060151.00,2090.71,4059261.00,890.00,0.00,STATISTIKPORTAL_INTEGRATED_2023_T1
2023,09,09180,municipality,091800123123,09180123,matched,"Mittenwald, Markt",Einheitsgemeinde,7260,2770160.29,381.56,2769101.00,890.00,169.29,STATISTIKPORTAL_INTEGRATED_2023_T1
2023,09,09180,municipality,091800124124,09180124,matched,"Murnau a.Staffelsee, Markt",Einheitsgemeinde,11902,27553243.63,2315.01,5646536.00,84479.20,21822228.43,STATISTIKPORTAL_INTEGRATED_2023_T1
2023,09,09180,municipality,091800125125,09180125,matched,Oberammergau,Einheitsgemeinde,5390,4554719.09,845.03,4506527.00,890.00,47302.09,STATISTIKPORTAL_INTEGRATED_2023_T1
2023,09,09180,municipality,091800126126,09180126,matched,Oberau,Einheitsgemeinde,3132,10349287.09,3304.37,10301095.00,890.00,47302.09,STATISTIKPORTAL_INTEGRATED_2023_T1
2023,09,09180,municipality,091800134134,09180134,matched,Uffing a.Staffelsee,Einheitsgemeinde,3065,4491980.37,1465.57,3455508.00,890.00,1035582.37,STATISTIKPORTAL_INTEGRATED_2023_T1
2023,09,09180,municipality,091800136136,09180136,matched,Wallgau,Einheitsgemeinde,1547,100890.00,65.22,100000.00,890.00,0.00,STATISTIKPORTAL_INTEGRATED_2023_T1
2023,09,09180,joint_administration,091805133,,not_applicable,VG Saulgrub,Verwaltungsgemeinschaft,3010,0.00,0.00,0.00,0.00,0.00,STATISTIKPORTAL_INTEGRATED_2023_T1
2023,09,09180,municipality,091805133113,09180113,matched,Bad Bayersoien,Mitgliedsgemeinde,1306,764189.24,585.14,716794.00,93.15,47302.09,STATISTIKPORTAL_INTEGRATED_2023_T1
2023,09,09180,municipality,091805133129,09180129,matched,Saulgrub,Mitgliedsgemeinde,1704,47438.94,27.84,0.00,136.85,47302.09,STATISTIKPORTAL_INTEGRATED_2023_T1
2023,09,09180,joint_administration,091805135,,not_applicable,VG Unterammergau,Verwaltungsgemeinschaft,2401,0.00,0.00,0.00,0.00,0.00,STATISTIKPORTAL_INTEGRATED_2023_T1
2023,09,09180,municipality,091805135115,09180115,matched,Ettal,Mitgliedsgemeinde,790,121411.09,153.68,73664.00,445.00,47302.09,STATISTIKPORTAL_INTEGRATED_2023_T1
2023,09,09180,municipality,091805135135,09180135,matched,Unterammergau,Mitgliedsgemeinde,1611,966002.09,599.63,918255.00,445.00,47302.09,STATISTIKPORTAL_INTEGRATED_2023_T1
2023,09,09180,joint_administration,091805136,,not_applicable,VG Ohlstadt,Verwaltungsgemeinschaft,7204,0.00,0.00,0.00,0.00,0.00,STATISTIKPORTAL_INTEGRATED_2023_T1
2023,09,09180,municipality,091805136114,09180114,matched,Eschenlohe,Mitgliedsgemeinde,1562,567524.59,363.33,520000.00,222.50,47302.09,STATISTIKPORTAL_INTEGRATED_2023_T1
2023,09,09180,municipality,091805136119,09180119,matched,Großweil,Mitgliedsgemeinde,1603,8483983.48,5292.57,3336180.00,222.50,5147580.98,STATISTIKPORTAL_INTEGRATED_2023_T1
2023,09,09180,municipality,091805136127,09180127,matched,Ohlstadt,Mitgliedsgemeinde,3407,211318.50,62.02,211096.00,222.50,0.00,STATISTIKPORTAL_INTEGRATED_2023_T1
2023,09,09180,municipality,091805136131,09180131,matched,Schwaigen,Mitgliedsgemeinde,632,1447524.59,2290.39,1400000.00,222.50,47302.09,STATISTIKPORTAL_INTEGRATED_2023_T1
2023,09,09180,joint_administration,091805137,,not_applicable,VG Seehausen a.Staffelsee,Verwaltungsgemeinschaft,4523,0.00,0.00,0.00,0.00,0.00,STATISTIKPORTAL_INTEGRATED_2023_T1
2023,09,09180,municipality,091805137128,09180128,matched,Riegsee,Mitgliedsgemeinde,1281,115298.35,90.01,0.00,333.75,114964.60,STATISTIKPORTAL_INTEGRATED_2023_T1
2023,09,09180,municipality,091805137132,09180132,matched,Seehausen a.Staffelsee,Mitgliedsgemeinde,2528,6868.94,2.72,0.00,445.00,6423.94,STATISTIKPORTAL_INTEGRATED_2023_T1
2023,09,09180,municipality,091805137133,09180133,matched,Spatzenhausen,Mitgliedsgemeinde,714,60900.57,85.29,0.00,111.25,60789.32,STATISTIKPORTAL_INTEGRATED_2023_T1
2023,09,09181,county_administration,09181,,not_applicable,Landkreis Landsberg a.Lech,Landkreis (Haushalt bzw. Verwaltung),123769,40120125.77,324.15,31993826.00,2655687.44,5470612.33,STATISTIKPORTAL_INTEGRATED_2023_T1
2023,09,09181,municipality,091810113113,09181113,matched,Denklingen,Einheitsgemeinde,2904,18447490.00,6352.44,18447490.00,0.00,0.00,STATISTIKPORTAL_INTEGRATED_2023_T1
2023,09,09181,municipality,091810114114,09181114,matched,"Dießen a.Ammersee, Markt",Einheitsgemeinde,10622,5652070.24,532.11,0.00,92753.23,5559317.01,STATISTIKPORTAL_INTEGRATED_2023_T1
2023,09,09181,municipality,091810116116,09181116,matched,Egling a.d.Paar,Einheitsgemeinde,2473,1858670.00,751.59,1858000.00,670.00,0.00,STATISTIKPORTAL_INTEGRATED_2023_T1
2023,09,09181,municipality,091810122122,09181122,matched,Geltendorf,Einheitsgemeinde,5932,7383669.37,1244.72,3517747.00,890.00,3865032.37,STATISTIKPORTAL_INTEGRATED_2023_T1
2023,09,09181,municipality,091810128128,09181128,matched,Kaufering,Einheitsgemeinde,10393,42640202.00,4102.78,24352375.00,890.00,18286937.00,STATISTIKPORTAL_INTEGRATED_2023_T1
2023,09,09181,municipality,091810130130,09181130,matched,"Landsberg a.Lech, Große Kreisstadt",große Kreisstadt,29650,58454872.64,1971.50,15857105.00,153105.37,42444662.27,STATISTIKPORTAL_INTEGRATED_2023_T1
2023,09,09181,municipality,091810132132,09181132,matched,Penzing,Einheitsgemeinde,4185,6327991.00,1512.06,3105408.00,670.00,3221913.00,STATISTIKPORTAL_INTEGRATED_2023_T1
2023,09,09181,municipality,091810144144,09181144,matched,Utting a.Ammersee,Einheitsgemeinde,4711,25223092.38,5354.08,22878272.00,890.00,2343930.38,STATISTIKPORTAL_INTEGRATED_2023_T1
2023,09,09181,municipality,091810145145,09181145,matched,Weil,Einheitsgemeinde,4002,6476764.00,1618.38,6476094.00,670.00,0.00,STATISTIKPORTAL_INTEGRATED_2023_T1
2023,09,09181,joint_administration,091815138,,not_applicable,VG Fuchstal,Verwaltungsgemeinschaft,5653,0.00,0.00,0.00,0.00,0.00,STATISTIKPORTAL_INTEGRATED_2023_T1
2023,09,09181,municipality,091815138121,09181121,matched,Fuchstal,Mitgliedsgemeinde,4191,9392964.89,2241.22,6027479.00,492.99,3364992.90,STATISTIKPORTAL_INTEGRATED_2023_T1
2023,09,09181,municipality,091815138143,09181143,matched,Unterdießen,Mitgliedsgemeinde,1462,2908453.70,1989.37,2307445.00,177.01,600831.69,STATISTIKPORTAL_INTEGRATED_2023_T1
2023,09,09181,joint_administration,091815139,,not_applicable,VG Igling,Verwaltungsgemeinschaft,6423,0.00,0.00,0.00,0.00,0.00,STATISTIKPORTAL_INTEGRATED_2023_T1
2023,09,09181,municipality,091815139126,09181126,matched,Hurlach,Mitgliedsgemeinde,2044,2688556.16,1315.34,1908000.00,399486.60,381069.56,STATISTIKPORTAL_INTEGRATED_2023_T1
2023,09,09181,municipality,091815139127,09181127,matched,Igling,Mitgliedsgemeinde,2596,6077721.80,2341.19,5545073.00,532648.80,0.00,STATISTIKPORTAL_INTEGRATED_2023_T1
2023,09,09181,municipality,091815139131,09181131,matched,Obermeitingen,Mitgliedsgemeinde,1783,2195665.12,1231.44,1058820.00,399486.60,737358.52,STATISTIKPORTAL_INTEGRATED_2023_T1
2023,09,09181,joint_administration,091815140,,not_applicable,VG Prittriching,Verwaltungsgemeinschaft,4629,0.00,0.00,0.00,0.00,0.00,STATISTIKPORTAL_INTEGRATED_2023_T1
2023,09,09181,municipality,091815140134,09181134,matched,Prittriching,Mitgliedsgemeinde,2652,3082101.00,1162.18,3082101.00,0.00,0.00,STATISTIKPORTAL_INTEGRATED_2023_T1
2023,09,09181,municipality,091815140138,09181138,matched,Scheuring,Mitgliedsgemeinde,1977,5620962.00,2843.18,5620962.00,0.00,0.00,STATISTIKPORTAL_INTEGRATED_2023_T1
2023,09,09181,joint_administration,091815141,,not_applicable,VG Pürgen,Verwaltungsgemeinschaft,6639,0.00,0.00,0.00,0.00,0.00,STATISTIKPORTAL_INTEGRATED_2023_T1
2023,09,09181,municipality,091815141124,09181124,matched,Hofstetten,Mitgliedsgemeinde,1937,1447682.73,747.38,1447500.00,182.73,0.00,STATISTIKPORTAL_INTEGRATED_2023_T1
2023,09,09181,municipality,091815141140,09181140,matched,Schwifting,Mitgliedsgemeinde,1042,182.73,0.18,0.00,182.73,0.00,STATISTIKPORTAL_INTEGRATED_2023_T1
2023,09,09181,municipality,091815141141,09181141,matched,Pürgen,Mitgliedsgemeinde,3660,304.54,0.08,0.00,304.54,0.00,STATISTIKPORTAL_INTEGRATED_2023_T1
2023,09,09181,joint_administration,091815142,,not_applicable,VG Reichling,Verwaltungsgemeinschaft,9554,0.00,0.00,0.00,0.00,0.00,STATISTIKPORTAL_INTEGRATED_2023_T1
2023,09,09181,municipality,091815142111,09181111,matched,Apfeldorf,Mitgliedsgemeinde,1238,5315113.58,4293.31,5315000.00,111.89,1.69,STATISTIKPORTAL_INTEGRATED_2023_T1
2023,09,09181,municipality,091815142129,09181129,matched,Kinsau,Mitgliedsgemeinde,1038,1000113.58,963.50,1000000.00,111.89,1.69,STATISTIKPORTAL_INTEGRATED_2023_T1
2023,09,09181,municipality,091815142133,09181133,matched,Vilgertshofen,Mitgliedsgemeinde,2726,2508447.42,920.19,2503046.00,111.89,5289.53,STATISTIKPORTAL_INTEGRATED_2023_T1
2023,09,09181,municipality,091815142135,09181135,matched,Reichling,Mitgliedsgemeinde,1706,3332865.42,1953.61,3327464.00,111.89,5289.53,STATISTIKPORTAL_INTEGRATED_2023_T1
2023,09,09181,municipality,091815142137,09181137,matched,Rott,Mitgliedsgemeinde,1755,973632.75,554.78,968232.00,111.22,5289.53,STATISTIKPORTAL_INTEGRATED_2023_T1
2023,09,09181,municipality,091815142142,09181142,matched,Thaining,Mitgliedsgemeinde,1091,2307762.91,2115.27,2307650.00,111.22,1.69,STATISTIKPORTAL_INTEGRATED_2023_T1
2023,09,09181,joint_administration,091815143,,not_applicable,VG Schondorf am Ammersee,Verwaltungsgemeinschaft,8109,0.00,0.00,0.00,0.00,0.00,STATISTIKPORTAL_INTEGRATED_2023_T1
2023,09,09181,municipality,091815143115,09181115,matched,Eching a.Ammersee,Mitgliedsgemeinde,1723,5576652.48,3236.59,2230820.00,1001902.10,2343930.38,STATISTIKPORTAL_INTEGRATED_2023_T1
2023,09,09181,municipality,091815143123,09181123,matched,Greifenberg,Mitgliedsgemeinde,2264,3646347.15,1610.58,0.00,1302416.77,2343930.38,STATISTIKPORTAL_INTEGRATED_2023_T1
2023,09,09181,municipality,091815143139,09181139,matched,Schondorf am Ammersee,Mitgliedsgemeinde,4122,4150093.11,1006.82,1805718.00,444.73,2343930.38,STATISTIKPORTAL_INTEGRATED_2023_T1
2023,09,09181,joint_administration,091815144,,not_applicable,VG Windach,Verwaltungsgemeinschaft,7890,0.00,0.00,0.00,0.00,0.00,STATISTIKPORTAL_INTEGRATED_2023_T1
2023,09,09181,municipality,091815144118,09181118,matched,Eresing,Mitgliedsgemeinde,2038,5539302.13,2718.01,1375860.00,1552365.28,2611076.85,STATISTIKPORTAL_INTEGRATED_2023_T1
2023,09,09181,municipality,091815144120,09181120,matched,Finning,Mitgliedsgemeinde,1992,852552.43,427.99,0.00,224.55,852327.88,STATISTIKPORTAL_INTEGRATED_2023_T1
2023,09,09181,municipality,091815144146,09181146,matched,Windach,Mitgliedsgemeinde,3860,9060994.45,2347.41,2555180.00,5653486.57,852327.88,STATISTIKPORTAL_INTEGRATED_2023_T1
2023,09,09182,county_administration,09182,,not_applicable,Landkreis Miesbach,Landkreis (Haushalt bzw. Verwaltung),101256,101955175.03,1006.91,64304448.00,670995.67,36979731.36,STATISTIKPORTAL_INTEGRATED_2023_T1
2023,09,09182,municipality,091820111111,09182111,matched,Bad Wiessee,Einheitsgemeinde,5140,28577206.40,5559.77,15038100.00,854123.43,12684982.97,STATISTIKPORTAL_INTEGRATED_2023_T1
2023,09,09182,municipality,091820112112,09182112,matched,Bayrischzell,Einheitsgemeinde,1704,3500167.69,2054.09,3499936.00,230.00,1.69,STATISTIKPORTAL_INTEGRATED_2023_T1
2023,09,09182,municipality,091820114114,09182114,matched,Fischbachau,Einheitsgemeinde,5799,6947432.00,1198.04,6946542.00,890.00,0.00,STATISTIKPORTAL_INTEGRATED_2023_T1
2023,09,09182,municipality,091820116116,09182116,matched,Gmund a.Tegernsee,Einheitsgemeinde,6137,12991600.50,2116.93,5347582.00,1149583.97,6494434.53,STATISTIKPORTAL_INTEGRATED_2023_T1
2023,09,09182,municipality,091820119119,09182119,matched,Hausham,Einheitsgemeinde,8428,18614764.60,2208.68,18541492.00,0.00,73272.60,STATISTIKPORTAL_INTEGRATED_2023_T1
2023,09,09182,municipality,091820120120,09182120,matched,"Holzkirchen, Markt",Einheitsgemeinde,16749,55751332.13,3328.64,14241775.00,890.00,41508667.13,STATISTIKPORTAL_INTEGRATED_2023_T1
2023,09,09182,municipality,091820123123,09182123,matched,Irschenberg,Einheitsgemeinde,3306,230.00,0.07,0.00,230.00,0.00,STATISTIKPORTAL_INTEGRATED_2023_T1
2023,09,09182,municipality,091820124124,09182124,matched,Kreuth,Einheitsgemeinde,3532,6839614.43,1936.47,3283972.00,2333031.77,1222610.66,STATISTIKPORTAL_INTEGRATED_2023_T1
2023,09,09182,municipality,091820125125,09182125,matched,"Miesbach, Stadt",Einheitsgemeinde,11953,33648894.09,2815.10,33574560.00,890.00,73444.09,STATISTIKPORTAL_INTEGRATED_2023_T1
2023,09,09182,municipality,091820127127,09182127,matched,Otterfing,Einheitsgemeinde,4815,3327810.00,691.13,3326920.00,890.00,0.00,STATISTIKPORTAL_INTEGRATED_2023_T1
2023,09,09182,municipality,091820129129,09182129,matched,Rottach-Egern,Einheitsgemeinde,5811,8050423.89,1385.38,2958237.00,2686515.14,2405671.75,STATISTIKPORTAL_INTEGRATED_2023_T1
2023,09,09182,municipality,091820131131,09182131,matched,"Schliersee, Markt",Einheitsgemeinde,6951,15284775.60,2198.93,15211503.00,0.00,73272.60,STATISTIKPORTAL_INTEGRATED_2023_T1
2023,09,09182,municipality,091820132132,09182132,matched,"Tegernsee, Stadt",Einheitsgemeinde,3933,10177235.63,2587.65,1353369.00,1020180.29,7803686.34,STATISTIKPORTAL_INTEGRATED_2023_T1
2023,09,09182,municipality,091820133133,09182133,matched,Valley,Einheitsgemeinde,3415,670.00,0.20,0.00,670.00,0.00,STATISTIKPORTAL_INTEGRATED_2023_T1
2023,09,09182,municipality,091820134134,09182134,matched,Waakirchen,Einheitsgemeinde,5872,14659284.00,2496.47,8782894.00,890.00,5875500.00,STATISTIKPORTAL_INTEGRATED_2023_T1
2023,09,09182,municipality,091820136136,09182136,matched,Warngau,Einheitsgemeinde,3782,630290.00,166.66,629620.00,670.00,0.00,STATISTIKPORTAL_INTEGRATED_2023_T1
2023,09,09182,municipality,091820137137,09182137,matched,Weyarn,Einheitsgemeinde,3929,1770997.57,450.75,651188.00,89184.57,1030625.00,STATISTIKPORTAL_INTEGRATED_2023_T1
2023,09,09183,county_administration,09183,,not_applicable,Landkreis Mühldorf a.Inn,Landkreis (Haushalt bzw. Verwaltung),120312,86100488.88,715.64,40414507.00,396232.98,45289748.90,STATISTIKPORTAL_INTEGRATED_2023_T1
2023,09,09183,municipality,091830112112,09183112,matched,Ampfing,Einheitsgemeinde,7082,8252756.85,1165.31,7220712.00,0.00,1032044.85,STATISTIKPORTAL_INTEGRATED_2023_T1
2023,09,09183,municipality,091830113113,09183113,matched,Aschau a.Inn,Einheitsgemeinde,3507,1031875.56,294.23,0.00,0.00,1031875.56,STATISTIKPORTAL_INTEGRATED_2023_T1
2023,09,09183,municipality,091830114114,09183114,matched,"Buchbach, Markt",Einheitsgemeinde,3345,1825064.00,545.61,1825064.00,0.00,0.00,STATISTIKPORTAL_INTEGRATED_2023_T1
2023,09,09183,municipality,091830119119,09183119,matched,"Haag i. Oberbayern, Markt",Einheitsgemeinde,6640,4384442.00,660.31,1022780.00,3361662.00,0.00,STATISTIKPORTAL_INTEGRATED_2023_T1
2023,09,09183,municipality,091830127127,09183127,matched,Mettenheim,Einheitsgemeinde,3529,1698385.67,481.27,1286131.00,0.00,412254.67,STATISTIKPORTAL_INTEGRATED_2023_T1
2023,09,09183,municipality,091830128128,09183128,matched,"Mühldorf a.Inn, Stadt",Einheitsgemeinde,21846,28379448.76,1299.07,16599554.00,0.00,11779894.76,STATISTIKPORTAL_INTEGRATED_2023_T1
2023,09,09183,municipality,091830135135,09183135,matched,Obertaufkirchen,Einheitsgemeinde,2705,813031.00,300.57,317984.00,0.00,495047.00,STATISTIKPORTAL_INTEGRATED_2023_T1
2023,09,09183,municipality,091830144144,09183144,matched,Schwindegg,Einheitsgemeinde,3659,8440345.00,2306.74,7450251.00,0.00,990094.00,STATISTIKPORTAL_INTEGRATED_2023_T1
2023,09,09183,municipality,091830148148,09183148,matched,"Waldkraiburg, Stadt",Einheitsgemeinde,24487,92946706.15,3795.76,10884808.00,0.00,82061898.15,STATISTIKPORTAL_INTEGRATED_2023_T1
2023,09,09183,joint_administration,091835145,,not_applicable,VG Heldenstein,Verwaltungsgemeinschaft,3879,0.00,0.00,0.00,0.00,0.00,STATISTIKPORTAL_INTEGRATED_2023_T1
2023,09,09183,municipality,091835145120,09183120,matched,Heldenstein,Mitgliedsgemeinde,2829,2761324.94,976.08,2699331.00,38877.53,23116.41,STATISTIKPORTAL_INTEGRATED_2023_T1
2023,09,09183,municipality,091835145138,09183138,matched,Rattenkirchen,Mitgliedsgemeinde,1050,559021.47,532.40,539583.00,19438.47,0.00,STATISTIKPORTAL_INTEGRATED_2023_T1
2023,09,09183,joint_administration,091835146,,not_applicable,VG Gars a.Inn,Verwaltungsgemeinschaft,5774,0.00,0.00,0.00,0.00,0.00,STATISTIKPORTAL_INTEGRATED_2023_T1
2023,09,09183,municipality,091835146118,09183118,matched,"Gars a.Inn, Markt",Mitgliedsgemeinde,3979,4415803.67,1109.78,3986358.00,429445.67,0.00,STATISTIKPORTAL_INTEGRATED_2023_T1
2023,09,09183,municipality,091835146147,09183147,matched,Unterreit,Mitgliedsgemeinde,1795,1712888.80,954.26,1390877.00,322011.80,0.00,STATISTIKPORTAL_INTEGRATED_2023_T1
2023,09,09183,joint_administration,091835147,,not_applicable,VG Reichertsheim,Verwaltungsgemeinschaft,3034,0.00,0.00,0.00,0.00,0.00,STATISTIKPORTAL_INTEGRATED_2023_T1
2023,09,09183,municipality,091835147123,09183123,matched,Kirchdorf (Landkreis Mühldorf a. Inn),Mitgliedsgemeinde,1339,2272855.08,1697.43,651502.00,1142965.08,478388.00,STATISTIKPORTAL_INTEGRATED_2023_T1
2023,09,09183,municipality,091835147140,09183140,matched,Reichertsheim,Mitgliedsgemeinde,1695,1742486.27,1028.02,1635149.00,107337.27,0.00,STATISTIKPORTAL_INTEGRATED_2023_T1
2023,09,09183,joint_administration,091835148,,not_applicable,VG Kraiburg a.Inn,Verwaltungsgemeinschaft,6168,0.00,0.00,0.00,0.00,0.00,STATISTIKPORTAL_INTEGRATED_2023_T1
2023,09,09183,municipality,091835148122,09183122,matched,Jettenbach,Mitgliedsgemeinde,723,107904.00,149.24,107904.00,0.00,0.00,STATISTIKPORTAL_INTEGRATED_2023_T1
2023,09,09183,municipality,091835148124,09183124,matched,"Kraiburg a.Inn, Markt",Mitgliedsgemeinde,4041,1730659.27,428.27,1623322.00,107337.27,0.00,STATISTIKPORTAL_INTEGRATED_2023_T1
2023,09,09183,municipality,091835148145,09183145,matched,Taufkirchen (Landkreis Mühldorf a. Inn),Mitgliedsgemeinde,1404,0.00,0.00,0.00,0.00,0.00,STATISTIKPORTAL_INTEGRATED_2023_T1
2023,09,09183,joint_administration,091835149,,not_applicable,VG Neumarkt-Sankt Veit,Verwaltungsgemeinschaft,7817,0.00,0.00,0.00,0.00,0.00,STATISTIKPORTAL_INTEGRATED_2023_T1
2023,09,09183,municipality,091835149115,09183115,matched,Egglkofen,Mitgliedsgemeinde,1278,471944.00,369.28,471944.00,0.00,0.00,STATISTIKPORTAL_INTEGRATED_2023_T1
2023,09,09183,municipality,091835149129,09183129,matched,"Neumarkt-Sankt Veit, Stadt",Mitgliedsgemeinde,6539,7947326.50,1215.37,4828648.00,0.00,3118678.50,STATISTIKPORTAL_INTEGRATED_2023_T1
2023,09,09183,joint_administration,091835150,,not_applicable,VG Oberbergkirchen,Verwaltungsgemeinschaft,4874,0.00,0.00,0.00,0.00,0.00,STATISTIKPORTAL_INTEGRATED_2023_T1
2023,09,09183,municipality,091835150125,09183125,matched,Lohkirchen,Mitgliedsgemeinde,862,363596.00,421.81,363596.00,0.00,0.00,STATISTIKPORTAL_INTEGRATED_2023_T1
2023,09,09183,municipality,091835150132,09183132,matched,Oberbergkirchen,Mitgliedsgemeinde,1726,318876.00,184.75,318876.00,0.00,0.00,STATISTIKPORTAL_INTEGRATED_2023_T1
2023,09,09183,municipality,091835150143,09183143,matched,Schönberg,Mitgliedsgemeinde,1128,3006465.00,2665.31,3006465.00,0.00,0.00,STATISTIKPORTAL_INTEGRATED_2023_T1
2023,09,09183,municipality,091835150151,09183151,matched,Zangberg,Mitgliedsgemeinde,1158,696789.00,601.72,696789.00,0.00,0.00,STATISTIKPORTAL_INTEGRATED_2023_T1
2023,09,09183,joint_administration,091835151,,not_applicable,VG Polling,Verwaltungsgemeinschaft,4209,0.00,0.00,0.00,0.00,0.00,STATISTIKPORTAL_INTEGRATED_2023_T1
2023,09,09183,municipality,091835151134,09183134,matched,Oberneukirchen,Mitgliedsgemeinde,863,0.00,0.00,0.00,0.00,0.00,STATISTIKPORTAL_INTEGRATED_2023_T1
2023,09,09183,municipality,091835151136,09183136,matched,Polling (Landkreis Mühldorf a. Inn),Mitgliedsgemeinde,3346,1203293.94,359.62,1196870.00,0.00,6423.94,STATISTIKPORTAL_INTEGRATED_2023_T1
2023,09,09183,joint_administration,091835152,,not_applicable,VG Rohrbach,Verwaltungsgemeinschaft,3618,0.00,0.00,0.00,0.00,0.00,STATISTIKPORTAL_INTEGRATED_2023_T1
2023,09,09183,municipality,091835152116,09183116,matched,Erharting,Mitgliedsgemeinde,950,120000.00,126.32,120000.00,0.00,0.00,STATISTIKPORTAL_INTEGRATED_2023_T1
2023,09,09183,municipality,091835152130,09183130,matched,Niederbergkirchen,Mitgliedsgemeinde,1217,157500.00,129.42,157500.00,0.00,0.00,STATISTIKPORTAL_INTEGRATED_2023_T1
2023,09,09183,municipality,091835152131,09183131,matched,Niedertaufkirchen,Mitgliedsgemeinde,1451,133326.00,91.89,133326.00,0.00,0.00,STATISTIKPORTAL_INTEGRATED_2023_T1
2023,09,09183,joint_administration,091835183,,not_applicable,VG Maitenbeth,Verwaltungsgemeinschaft,4139,0.00,0.00,0.00,0.00,0.00,STATISTIKPORTAL_INTEGRATED_2023_T1
2023,09,09183,municipality,091835183126,09183126,matched,Maitenbeth,Mitgliedsgemeinde,2053,3261175.11,1588.49,1673329.00,1142965.08,444881.03,STATISTIKPORTAL_INTEGRATED_2023_T1
2023,09,09183,municipality,091835183139,09183139,matched,Rechtmehring,Mitgliedsgemeinde,2086,1410025.84,675.95,334294.00,1075731.84,0.00,STATISTIKPORTAL_INTEGRATED_2023_T1
2023,09,09184,county_administration,09184,,not_applicable,Landkreis München,Landkreis (Haushalt bzw. Verwaltung),356943,279528166.65,783.12,129423962.00,33800851.53,116303353.12,STATISTIKPORTAL_INTEGRATED_2023_T1
2023,09,09184,municipality,091840112112,09184112,matched,Aschheim,Einheitsgemeinde,9455,26635295.60,2817.06,0.00,6009367.89,20625927.71,STATISTIKPORTAL_INTEGRATED_2023_T1
2023,09,09184,municipality,091840113113,09184113,matched,Baierbrunn,Einheitsgemeinde,3410,419354.15,122.98,0.00,0.00,419354.15,STATISTIKPORTAL_INTEGRATED_2023_T1
2023,09,09184,municipality,091840114114,09184114,matched,Brunnthal,Einheitsgemeinde,5634,4706130.47,835.31,1627040.00,2202731.84,876358.63,STATISTIKPORTAL_INTEGRATED_2023_T1
2023,09,09184,municipality,091840118118,09184118,matched,Feldkirchen (Landkreis München),Einheitsgemeinde,7612,33198088.24,4361.28,14753600.00,6009367.89,12435120.35,STATISTIKPORTAL_INTEGRATED_2023_T1
2023,09,09184,municipality,091840119119,09184119,matched,"Garching b.München, Stadt",Einheitsgemeinde,17516,23518262.23,1342.67,5708241.00,13586942.28,4223078.95,STATISTIKPORTAL_INTEGRATED_2023_T1
2023,09,09184,municipality,091840120120,09184120,matched,Gräfelfing,Einheitsgemeinde,13754,2539371.51,184.63,0.00,890.00,2538481.51,STATISTIKPORTAL_INTEGRATED_2023_T1
2023,09,09184,municipality,091840121121,09184121,matched,Grasbrunn,Einheitsgemeinde,6754,1277689.98,189.18,171990.00,8231.36,1097468.62,STATISTIKPORTAL_INTEGRATED_2023_T1
2023,09,09184,municipality,091840122122,09184122,matched,Grünwald,Einheitsgemeinde,11488,169.29,0.01,0.00,0.00,169.29,STATISTIKPORTAL_INTEGRATED_2023_T1
2023,09,09184,municipality,091840123123,09184123,matched,Haar,Einheitsgemeinde,22794,19074447.63,836.82,17960092.00,16463.80,1097891.83,STATISTIKPORTAL_INTEGRATED_2023_T1
2023,09,09184,municipality,091840127127,09184127,matched,Höhenkirchen-Siegertsbrunn,Einheitsgemeinde,11422,22822427.60,1998.11,14756132.00,5841927.20,2224368.40,STATISTIKPORTAL_INTEGRATED_2023_T1
2023,09,09184,municipality,091840129129,09184129,matched,Hohenbrunn,Einheitsgemeinde,8951,20731610.91,2316.12,13996636.00,5360315.60,1374659.31,STATISTIKPORTAL_INTEGRATED_2023_T1
2023,09,09184,municipality,091840130130,09184130,matched,Ismaning,Einheitsgemeinde,18132,70973737.28,3914.28,27581747.00,0.00,43391990.28,STATISTIKPORTAL_INTEGRATED_2023_T1
2023,09,09184,municipality,091840131131,09184131,matched,Kirchheim b.München,Einheitsgemeinde,12780,71495986.02,5594.37,49529507.00,6012072.38,15954406.64,STATISTIKPORTAL_INTEGRATED_2023_T1
2023,09,09184,municipality,091840132132,09184132,matched,Neuried,Einheitsgemeinde,9010,16928664.67,1878.88,16781035.00,890.00,146739.67,STATISTIKPORTAL_INTEGRATED_2023_T1
2023,09,09184,municipality,091840134134,09184134,matched,Oberhaching,Einheitsgemeinde,13872,122158489.43,8806.12,46982528.00,24548504.00,50627457.43,STATISTIKPORTAL_INTEGRATED_2023_T1
2023,09,09184,municipality,091840135135,09184135,matched,Oberschleißheim,Einheitsgemeinde,11986,12898929.40,1076.17,7394028.00,1172292.88,4332608.52,STATISTIKPORTAL_INTEGRATED_2023_T1
2023,09,09184,municipality,091840136136,09184136,matched,Ottobrunn,Einheitsgemeinde,22382,42854103.54,1914.67,20730426.00,10236454.84,11887222.70,STATISTIKPORTAL_INTEGRATED_2023_T1
2023,09,09184,municipality,091840137137,09184137,matched,Aying,Einheitsgemeinde,5630,6703219.44,1190.63,3760576.00,2233633.04,709010.40,STATISTIKPORTAL_INTEGRATED_2023_T1
2023,09,09184,municipality,091840138138,09184138,matched,Planegg,Einheitsgemeinde,11025,5933732.01,538.21,0.00,890.00,5932842.01,STATISTIKPORTAL_INTEGRATED_2023_T1
2023,09,09184,municipality,091840139139,09184139,matched,Pullach i.Isartal,Einheitsgemeinde,9024,11181609.90,1239.10,0.00,0.00,11181609.90,STATISTIKPORTAL_INTEGRATED_2023_T1
2023,09,09184,municipality,091840140140,09184140,matched,Putzbrunn,Einheitsgemeinde,6806,19783668.14,2906.80,13344434.00,5359425.60,1079808.54,STATISTIKPORTAL_INTEGRATED_2023_T1
2023,09,09184,municipality,091840141141,09184141,matched,Sauerlach,Einheitsgemeinde,8235,21748240.85,2640.95,16816614.00,890.00,4930736.85,STATISTIKPORTAL_INTEGRATED_2023_T1
2023,09,09184,municipality,091840142142,09184142,matched,Schäftlarn,Einheitsgemeinde,5980,4931193.16,824.61,4671600.00,890.00,258703.16,STATISTIKPORTAL_INTEGRATED_2023_T1
2023,09,09184,municipality,091840144144,09184144,matched,Straßlach-Dingharting,Einheitsgemeinde,3319,14672409.11,4420.73,6379262.00,0.00,8293147.11,STATISTIKPORTAL_INTEGRATED_2023_T1
2023,09,09184,municipality,091840145145,09184145,matched,Taufkirchen (Landkreis München),Einheitsgemeinde,18181,100030721.65,5501.94,37324978.00,8485202.69,54220540.96,STATISTIKPORTAL_INTEGRATED_2023_T1
2023,09,09184,municipality,091840146146,09184146,matched,Neubiberg,Einheitsgemeinde,14507,8783237.59,605.45,0.00,6459301.77,2323935.82,STATISTIKPORTAL_INTEGRATED_2023_T1
2023,09,09184,municipality,091840147147,09184147,matched,Unterföhring,Einheitsgemeinde,11702,18563069.08,1586.32,0.00,5962936.00,12600133.08,STATISTIKPORTAL_INTEGRATED_2023_T1
2023,09,09184,municipality,091840148148,09184148,matched,Unterhaching,Einheitsgemeinde,25978,66367296.89,2554.75,3607627.00,660.00,62759009.89,STATISTIKPORTAL_INTEGRATED_2023_T1
2023,09,09184,municipality,091840149149,09184149,matched,Unterschleißheim,Einheitsgemeinde,29604,29429129.84,994.09,2295719.00,11861690.00,15271720.84,STATISTIKPORTAL_INTEGRATED_2023_T1
2023,09,09185,county_administration,09185,,not_applicable,Landkreis Neuburg-Schrobenhausen,Landkreis (Haushalt bzw. Verwaltung),100578,50055492.42,497.68,46408856.00,204098.72,3442537.70,STATISTIKPORTAL_INTEGRATED_2023_T1
2023,09,09185,municipality,091850113113,09185113,matched,Aresing,Einheitsgemeinde,3029,7412961.20,2447.33,5843136.00,1425000.00,144825.20,STATISTIKPORTAL_INTEGRATED_2023_T1
2023,09,09185,municipality,091850125125,09185125,matched,"Burgheim, Markt",Einheitsgemeinde,4668,600000.00,128.53,600000.00,0.00,0.00,STATISTIKPORTAL_INTEGRATED_2023_T1
2023,09,09185,municipality,091850127127,09185127,matched,Ehekirchen,Einheitsgemeinde,3915,4813749.00,1229.57,4813749.00,0.00,0.00,STATISTIKPORTAL_INTEGRATED_2023_T1
2023,09,09185,municipality,091850139139,09185139,matched,Karlshuld,Einheitsgemeinde,6103,5763681.00,944.40,5763681.00,0.00,0.00,STATISTIKPORTAL_INTEGRATED_2023_T1
2023,09,09185,municipality,091850140140,09185140,matched,Karlskron,Einheitsgemeinde,5130,2330714.00,454.33,2330714.00,0.00,0.00,STATISTIKPORTAL_INTEGRATED_2023_T1
2023,09,09185,municipality,091850149149,09185149,matched,"Neuburg a.d.Donau, Große Kreisstadt",große Kreisstadt,30756,118712088.34,3859.80,29793585.00,120433.86,88798069.48,STATISTIKPORTAL_INTEGRATED_2023_T1
2023,09,09185,municipality,091850150150,09185150,matched,Oberhausen (Landkreis Neuburg-Schrobenhausen),Einheitsgemeinde,3284,20566341.00,6262.59,3758326.00,0.00,16808015.00,STATISTIKPORTAL_INTEGRATED_2023_T1
2023,09,09185,municipality,091850153153,09185153,matched,"Rennertshofen, Markt",Einheitsgemeinde,4936,5860267.96,1187.25,5850000.00,0.00,10267.96,STATISTIKPORTAL_INTEGRATED_2023_T1
2023,09,09185,municipality,091850158158,09185158,matched,"Schrobenhausen, Stadt",Einheitsgemeinde,17904,41029511.95,2291.64,8243586.00,2064866.57,30721059.38,STATISTIKPORTAL_INTEGRATED_2023_T1
2023,09,09185,municipality,091850163163,09185163,matched,Königsmoos,Einheitsgemeinde,5013,75264.00,15.01,75264.00,0.00,0.00,STATISTIKPORTAL_INTEGRATED_2023_T1
2023,09,09185,municipality,091850168168,09185168,matched,Weichering,Einheitsgemeinde,2484,2616651.00,1053.40,2616651.00,0.00,0.00,STATISTIKPORTAL_INTEGRATED_2023_T1
2023,09,09185,joint_administration,091855154,,not_applicable,VG Neuburg a.d.Donau,Verwaltungsgemeinschaft,3625,0.00,0.00,0.00,0.00,0.00,STATISTIKPORTAL_INTEGRATED_2023_T1
2023,09,09185,municipality,091855154118,09185118,matched,Bergheim,Mitgliedsgemeinde,1977,4024257.66,2035.54,1620521.00,0.00,2403736.66,STATISTIKPORTAL_INTEGRATED_2023_T1
2023,09,09185,municipality,091855154157,09185157,matched,Rohrenfels,Mitgliedsgemeinde,1648,2336358.00,1417.69,1889528.00,0.00,446830.00,STATISTIKPORTAL_INTEGRATED_2023_T1
2023,09,09185,joint_administration,091855155,,not_applicable,VG Schrobenhausen,Verwaltungsgemeinschaft,9731,0.00,0.00,0.00,0.00,0.00,STATISTIKPORTAL_INTEGRATED_2023_T1
2023,09,09185,municipality,091855155116,09185116,matched,Berg im Gau,Mitgliedsgemeinde,1397,2084377.59,1492.04,1627147.00,457230.59,0.00,STATISTIKPORTAL_INTEGRATED_2023_T1
2023,09,09185,municipality,091855155123,09185123,matched,Brunnen,Mitgliedsgemeinde,1781,7541892.40,4234.64,3502539.00,4039353.40,0.00,STATISTIKPORTAL_INTEGRATED_2023_T1
2023,09,09185,municipality,091855155131,09185131,matched,Gachenbach,Mitgliedsgemeinde,2604,6656140.10,2556.12,5618733.00,1014732.60,22674.50,STATISTIKPORTAL_INTEGRATED_2023_T1
2023,09,09185,municipality,091855155143,09185143,matched,Langenmosen,Mitgliedsgemeinde,1656,1388262.59,838.32,931032.00,457230.59,0.00,STATISTIKPORTAL_INTEGRATED_2023_T1
2023,09,09185,municipality,091855155166,09185166,matched,Waidhofen,Mitgliedsgemeinde,2293,4348342.65,1896.36,299923.00,3524916.65,523503.00,STATISTIKPORTAL_INTEGRATED_2023_T1
2023,09,09186,county_administration,09186,,not_applicable,Landkreis Pfaffenhofen a.d.Ilm,Landkreis (Haushalt bzw. Verwaltung),132120,59432539.18,449.84,34398982.00,455389.42,24578167.76,STATISTIKPORTAL_INTEGRATED_2023_T1
2023,09,09186,municipality,091860113113,09186113,matched,Baar-Ebenhausen,Einheitsgemeinde,5637,0.00,0.00,0.00,0.00,0.00,STATISTIKPORTAL_INTEGRATED_2023_T1
2023,09,09186,municipality,091860125125,09186125,matched,Gerolsbach,Einheitsgemeinde,3823,11865645.70,3103.75,2159798.00,0.00,9705847.70,STATISTIKPORTAL_INTEGRATED_2023_T1
2023,09,09186,municipality,091860128128,09186128,matched,"Hohenwart, Markt",Einheitsgemeinde,4957,28649891.15,5779.68,7699578.00,19903307.15,1047006.00,STATISTIKPORTAL_INTEGRATED_2023_T1
2023,09,09186,municipality,091860132132,09186132,matched,Jetzendorf,Einheitsgemeinde,3176,2477776.91,780.16,1875000.00,140176.87,462600.04,STATISTIKPORTAL_INTEGRATED_2023_T1
2023,09,09186,municipality,091860137137,09186137,matched,"Manching, Markt",Einheitsgemeinde,12805,4447358.99,347.31,4447188.00,0.00,170.99,STATISTIKPORTAL_INTEGRATED_2023_T1
2023,09,09186,municipality,091860139139,09186139,matched,Münchsmünster,Einheitsgemeinde,3205,271315.86,84.65,16660.00,0.00,254655.86,STATISTIKPORTAL_INTEGRATED_2023_T1
2023,09,09186,municipality,091860143143,09186143,matched,"Pfaffenhofen/Ilm, Stadt",Einheitsgemeinde,27017,118636920.03,4391.20,7887018.00,114354.81,110635547.22,STATISTIKPORTAL_INTEGRATED_2023_T1
2023,09,09186,municipality,091860146146,09186146,matched,Reichertshausen,Einheitsgemeinde,5177,6941591.62,1340.85,3907554.00,341983.66,2692053.96,STATISTIKPORTAL_INTEGRATED_2023_T1
2023,09,09186,municipality,091860149149,09186149,matched,Rohrbach,Einheitsgemeinde,6201,6717070.98,1083.22,6212099.00,46224.38,458747.60,STATISTIKPORTAL_INTEGRATED_2023_T1
2023,09,09186,municipality,091860151151,09186151,matched,Scheyern,Einheitsgemeinde,4988,5413106.00,1085.23,5413106.00,0.00,0.00,STATISTIKPORTAL_INTEGRATED_2023_T1
2023,09,09186,municipality,091860152152,09186152,matched,Schweitenkirchen,Einheitsgemeinde,5692,600410.94,105.48,0.00,0.00,600410.94,STATISTIKPORTAL_INTEGRATED_2023_T1
2023,09,09186,municipality,091860158158,09186158,matched,"Vohburg a.d.Donau, Stadt",Einheitsgemeinde,8794,2404493.87,273.42,1863765.00,46224.38,494504.49,STATISTIKPORTAL_INTEGRATED_2023_T1
2023,09,09186,municipality,091860162162,09186162,matched,"Wolnzach, Markt",Einheitsgemeinde,11942,19134873.58,1602.32,10217703.00,5836369.17,3080801.41,STATISTIKPORTAL_INTEGRATED_2023_T1
2023,09,09186,joint_administration,091865156,,not_applicable,VG Geisenfeld,Verwaltungsgemeinschaft,13477,0.00,0.00,0.00,0.00,0.00,STATISTIKPORTAL_INTEGRATED_2023_T1
2023,09,09186,municipality,091865156116,09186116,matched,Ernsgaden,Mitgliedsgemeinde,1812,1770953.89,977.35,1642101.00,19962.81,108890.08,STATISTIKPORTAL_INTEGRATED_2023_T1
2023,09,09186,municipality,091865156122,09186122,matched,"Geisenfeld, Stadt",Mitgliedsgemeinde,11665,9195577.99,788.31,1551740.00,206191.27,7437646.72,STATISTIKPORTAL_INTEGRATED_2023_T1
2023,09,09186,joint_administration,091865157,,not_applicable,VG Ilmmünster,Verwaltungsgemeinschaft,4507,0.00,0.00,0.00,0.00,0.00,STATISTIKPORTAL_INTEGRATED_2023_T1
2023,09,09186,municipality,091865157126,09186126,matched,Hettenshausen,Mitgliedsgemeinde,2297,92330.38,40.20,0.00,46439.75,45890.63,STATISTIKPORTAL_INTEGRATED_2023_T1
2023,09,09186,municipality,091865157130,09186130,matched,Ilmmünster,Mitgliedsgemeinde,2210,3286439.75,1487.08,3240000.00,46439.75,0.00,STATISTIKPORTAL_INTEGRATED_2023_T1
2023,09,09186,joint_administration,091865158,,not_applicable,VG Reichertshofen,Verwaltungsgemeinschaft,10722,0.00,0.00,0.00,0.00,0.00,STATISTIKPORTAL_INTEGRATED_2023_T1
2023,09,09186,municipality,091865158144,09186144,matched,Pörnbach,Mitgliedsgemeinde,2260,1888251.17,835.51,1875031.00,13220.17,0.00,STATISTIKPORTAL_INTEGRATED_2023_T1
2023,09,09186,municipality,091865158147,09186147,matched,"Reichertshofen, Markt",Mitgliedsgemeinde,8462,428805.20,50.67,395801.00,33004.20,0.00,STATISTIKPORTAL_INTEGRATED_2023_T1
2023,09,09187,county_administration,09187,,not_applicable,Landkreis Rosenheim,Landkreis (Haushalt bzw. Verwaltung),267832,105067867.67,392.29,63388513.00,686914.14,40992440.53,STATISTIKPORTAL_INTEGRATED_2023_T1
2023,09,09187,municipality,091870113113,09187113,matched,Amerang,Einheitsgemeinde,3766,5894459.11,1565.18,5165846.00,53423.43,675189.68,STATISTIKPORTAL_INTEGRATED_2023_T1
2023,09,09187,municipality,091870114114,09187114,matched,Aschau i.Chiemgau,Einheitsgemeinde,5762,7122684.79,1236.15,4953849.00,302303.99,1866531.80,STATISTIKPORTAL_INTEGRATED_2023_T1
2023,09,09187,municipality,091870116116,09187116,matched,Babensham,Einheitsgemeinde,3230,4639513.82,1436.38,3507422.00,132091.82,1000000.00,STATISTIKPORTAL_INTEGRATED_2023_T1
2023,09,09187,municipality,091870117117,09187117,matched,"Bad Aibling, Stadt",Einheitsgemeinde,19625,52605648.77,2680.54,41813606.00,435528.50,10356514.27,STATISTIKPORTAL_INTEGRATED_2023_T1
2023,09,09187,municipality,091870118118,09187118,matched,Bernau a.Chiemsee,Einheitsgemeinde,7163,5796689.37,809.25,5039200.00,602770.11,154719.26,STATISTIKPORTAL_INTEGRATED_2023_T1
2023,09,09187,municipality,091870120120,09187120,matched,Brannenburg,Einheitsgemeinde,6949,7411482.04,1066.55,3991646.00,1018248.56,2401587.48,STATISTIKPORTAL_INTEGRATED_2023_T1
2023,09,09187,municipality,091870122122,09187122,matched,"Bruckmühl, Markt",Einheitsgemeinde,17015,11114523.92,653.22,11114280.00,72.93,170.99,STATISTIKPORTAL_INTEGRATED_2023_T1
2023,09,09187,municipality,091870124124,09187124,matched,Edling,Einheitsgemeinde,4696,72.93,0.02,0.00,72.93,0.00,STATISTIKPORTAL_INTEGRATED_2023_T1
2023,09,09187,municipality,091870125125,09187125,matched,Eggstätt,Einheitsgemeinde,2950,888123.67,301.06,586403.00,301720.67,0.00,STATISTIKPORTAL_INTEGRATED_2023_T1
2023,09,09187,municipality,091870126126,09187126,matched,Eiselfing,Einheitsgemeinde,3257,2817679.01,865.11,2166682.00,52533.43,598463.58,STATISTIKPORTAL_INTEGRATED_2023_T1
2023,09,09187,municipality,091870128128,09187128,matched,"Bad Endorf, Markt",Einheitsgemeinde,8565,4341481.49,506.89,4154062.00,1400.50,186018.99,STATISTIKPORTAL_INTEGRATED_2023_T1
2023,09,09187,municipality,091870129129,09187129,matched,Bad Feilnbach,Einheitsgemeinde,8398,15014667.50,1787.89,12972705.00,1400.50,2040562.00,STATISTIKPORTAL_INTEGRATED_2023_T1
2023,09,09187,municipality,091870130130,09187130,matched,Feldkirchen-Westerham,Einheitsgemeinde,11206,2435314.16,217.32,2054543.00,380771.16,0.00,STATISTIKPORTAL_INTEGRATED_2023_T1
2023,09,09187,municipality,091870131131,09187131,matched,Flintsbach a.Inn,Einheitsgemeinde,3081,2360660.28,766.20,948251.00,144487.95,1267921.33,STATISTIKPORTAL_INTEGRATED_2023_T1
2023,09,09187,municipality,091870132132,09187132,matched,Frasdorf,Einheitsgemeinde,3109,694278.87,223.31,0.00,602405.47,91873.40,STATISTIKPORTAL_INTEGRATED_2023_T1
2023,09,09187,municipality,091870134134,09187134,matched,Griesstätt,Einheitsgemeinde,2911,2483222.43,853.05,2387751.00,95471.43,0.00,STATISTIKPORTAL_INTEGRATED_2023_T1
2023,09,09187,municipality,091870137137,09187137,matched,Großkarolinenfeld,Einheitsgemeinde,7435,8912858.93,1198.77,8912786.00,72.93,0.00,STATISTIKPORTAL_INTEGRATED_2023_T1
2023,09,09187,municipality,091870142142,09187142,matched,Schechen,Einheitsgemeinde,5306,1018237.62,191.90,541659.00,742.93,475835.69,STATISTIKPORTAL_INTEGRATED_2023_T1
2023,09,09187,municipality,091870148148,09187148,matched,Kiefersfelden,Einheitsgemeinde,6860,2314355.79,337.37,1641152.00,218.79,672985.00,STATISTIKPORTAL_INTEGRATED_2023_T1
2023,09,09187,municipality,091870150150,09187150,matched,"Kolbermoor, Stadt",Einheitsgemeinde,19153,21039907.62,1098.52,18461966.00,962.93,2576978.69,STATISTIKPORTAL_INTEGRATED_2023_T1
2023,09,09187,municipality,091870154154,09187154,matched,"Neubeuern, Markt",Einheitsgemeinde,4342,5443285.93,1253.64,5442323.00,962.93,0.00,STATISTIKPORTAL_INTEGRATED_2023_T1
2023,09,09187,municipality,091870156156,09187156,matched,Nußdorf a.Inn,Einheitsgemeinde,2652,4389588.14,1655.20,4278691.00,110897.14,0.00,STATISTIKPORTAL_INTEGRATED_2023_T1
2023,09,09187,municipality,091870157157,09187157,matched,Oberaudorf,Einheitsgemeinde,5340,7015134.37,1313.70,6226614.00,510.50,788009.87,STATISTIKPORTAL_INTEGRATED_2023_T1
2023,09,09187,municipality,091870162162,09187162,matched,"Prien a.Chiemsee, Markt",Einheitsgemeinde,11222,14615582.18,1302.40,13628972.00,603133.13,383477.05,STATISTIKPORTAL_INTEGRATED_2023_T1
2023,09,09187,municipality,091870163163,09187163,matched,Prutting,Einheitsgemeinde,2934,5212139.93,1776.46,5212067.00,72.93,0.00,STATISTIKPORTAL_INTEGRATED_2023_T1
2023,09,09187,municipality,091870165165,09187165,matched,Raubling,Einheitsgemeinde,11748,17298778.37,1472.49,6033476.00,742.93,11264559.44,STATISTIKPORTAL_INTEGRATED_2023_T1
2023,09,09187,municipality,091870167167,09187167,matched,Riedering,Einheitsgemeinde,5608,1906318.93,339.93,1906246.00,72.93,0.00,STATISTIKPORTAL_INTEGRATED_2023_T1
2023,09,09187,municipality,091870168168,09187168,matched,Rimsting,Einheitsgemeinde,4068,3903537.54,959.57,2927327.00,301793.60,674416.94,STATISTIKPORTAL_INTEGRATED_2023_T1
2023,09,09187,municipality,091870169169,09187169,matched,Rohrdorf,Einheitsgemeinde,5964,993984.99,166.66,0.00,815.86,993169.13,STATISTIKPORTAL_INTEGRATED_2023_T1
2023,09,09187,municipality,091870172172,09187172,matched,Samerberg,Einheitsgemeinde,2877,2052420.93,713.39,1999047.00,962.93,52411.00,STATISTIKPORTAL_INTEGRATED_2023_T1
2023,09,09187,municipality,091870174174,09187174,matched,Söchtenau,Einheitsgemeinde,2742,1224327.93,446.51,1224255.00,72.93,0.00,STATISTIKPORTAL_INTEGRATED_2023_T1
2023,09,09187,municipality,091870176176,09187176,matched,Soyen,Einheitsgemeinde,3000,1506833.93,502.28,1506761.00,72.93,0.00,STATISTIKPORTAL_INTEGRATED_2023_T1
2023,09,09187,municipality,091870177177,09187177,matched,Stephanskirchen,Einheitsgemeinde,10835,1515154.87,139.84,0.00,962.93,1514191.94,STATISTIKPORTAL_INTEGRATED_2023_T1
2023,09,09187,municipality,091870179179,09187179,matched,Tuntenhausen,Einheitsgemeinde,7494,962.93,0.13,0.00,962.93,0.00,STATISTIKPORTAL_INTEGRATED_2023_T1
2023,09,09187,municipality,091870181181,09187181,matched,Vogtareuth,Einheitsgemeinde,3236,4508462.93,1393.22,4507500.00,962.93,0.00,STATISTIKPORTAL_INTEGRATED_2023_T1
2023,09,09187,municipality,091870182182,09187182,matched,"Wasserburg a.Inn, Stadt",Einheitsgemeinde,13010,16326142.67,1254.89,4055572.00,152904.47,12117666.20,STATISTIKPORTAL_INTEGRATED_2023_T1
2023,09,09187,joint_administration,091875160,,not_applicable,VG Breitbrunn a.Chiemsee,Verwaltungsgemeinschaft,3092,0.00,0.00,0.00,0.00,0.00,STATISTIKPORTAL_INTEGRATED_2023_T1
2023,09,09187,municipality,091875160121,09187121,matched,Breitbrunn a.Chiemsee,Mitgliedsgemeinde,1593,3857243.69,2421.37,2500232.00,1309415.53,47596.16,STATISTIKPORTAL_INTEGRATED_2023_T1
2023,09,09187,municipality,091875160123,09187123,matched,Chiemsee,Mitgliedsgemeinde,248,1113618.15,4490.40,112680.00,973141.99,27796.16,STATISTIKPORTAL_INTEGRATED_2023_T1
2023,09,09187,municipality,091875160138,09187138,matched,Gstadt a.Chiemsee,Mitgliedsgemeinde,1251,1359741.53,1086.92,0.00,1309479.98,50261.55,STATISTIKPORTAL_INTEGRATED_2023_T1
2023,09,09187,joint_administration,091875162,,not_applicable,VG Halfing,Verwaltungsgemeinschaft,5535,0.00,0.00,0.00,0.00,0.00,STATISTIKPORTAL_INTEGRATED_2023_T1
2023,09,09187,municipality,091875162139,09187139,matched,Halfing,Mitgliedsgemeinde,2840,1712747.03,603.08,1712453.00,294.03,0.00,STATISTIKPORTAL_INTEGRATED_2023_T1
2023,09,09187,municipality,091875162145,09187145,matched,Höslwang,Mitgliedsgemeinde,1264,139861.19,110.65,137740.00,321.19,1800.00,STATISTIKPORTAL_INTEGRATED_2023_T1
2023,09,09187,municipality,091875162173,09187173,matched,Schonstett,Mitgliedsgemeinde,1431,730199.97,510.27,416570.00,52761.23,260868.74,STATISTIKPORTAL_INTEGRATED_2023_T1
2023,09,09187,joint_administration,091875165,,not_applicable,VG Rott a.Inn,Verwaltungsgemeinschaft,5649,0.00,0.00,0.00,0.00,0.00,STATISTIKPORTAL_INTEGRATED_2023_T1
2023,09,09187,municipality,091875165164,09187164,matched,Ramerberg,Mitgliedsgemeinde,1428,970460.71,679.59,927952.00,42508.71,0.00,STATISTIKPORTAL_INTEGRATED_2023_T1
2023,09,09187,municipality,091875165170,09187170,matched,Rott a.Inn,Mitgliedsgemeinde,4221,17174815.15,4068.90,17089704.00,85111.15,0.00,STATISTIKPORTAL_INTEGRATED_2023_T1
2023,09,09187,joint_administration,091875184,,not_applicable,VG Pfaffing,Verwaltungsgemeinschaft,6047,0.00,0.00,0.00,0.00,0.00,STATISTIKPORTAL_INTEGRATED_2023_T1
2023,09,09187,municipality,091875184159,09187159,matched,Pfaffing,Mitgliedsgemeinde,4258,4359220.27,1023.77,1112199.00,3247021.27,0.00,STATISTIKPORTAL_INTEGRATED_2023_T1
2023,09,09187,municipality,091875184186,09187186,matched,Albaching,Mitgliedsgemeinde,1789,1682803.59,940.64,59500.00,1623303.59,0.00,STATISTIKPORTAL_INTEGRATED_2023_T1
2023,09,09188,county_administration,09188,,not_applicable,Landkreis Starnberg,Landkreis (Haushalt bzw. Verwaltung),139156,117057655.83,841.20,36605110.00,3519630.10,76932915.73,STATISTIKPORTAL_INTEGRATED_2023_T1
2023,09,09188,municipality,091880113113,09188113,matched,Berg (Landkreis Starnberg),Einheitsgemeinde,8349,13723281.62,1643.70,0.00,72046.61,13651235.01,STATISTIKPORTAL_INTEGRATED_2023_T1
2023,09,09188,municipality,091880117117,09188117,matched,Andechs,Einheitsgemeinde,3856,11857134.50,3074.98,4490543.00,704223.67,6662367.83,STATISTIKPORTAL_INTEGRATED_2023_T1
2023,09,09188,municipality,091880118118,09188118,matched,Feldafing,Einheitsgemeinde,4357,14603165.56,3351.66,735100.00,640418.00,13227647.56,STATISTIKPORTAL_INTEGRATED_2023_T1
2023,09,09188,municipality,091880120120,09188120,matched,Gauting,Einheitsgemeinde,21436,28155016.03,1313.45,9089278.00,119960.81,18945777.22,STATISTIKPORTAL_INTEGRATED_2023_T1
2023,09,09188,municipality,091880121121,09188121,matched,Gilching,Einheitsgemeinde,19321,37887897.43,1960.97,12688861.00,6304382.24,18894654.19,STATISTIKPORTAL_INTEGRATED_2023_T1
2023,09,09188,municipality,091880124124,09188124,matched,Herrsching a.Ammersee,Einheitsgemeinde,11081,18609061.97,1679.37,1850000.00,3132759.70,13626302.27,STATISTIKPORTAL_INTEGRATED_2023_T1
2023,09,09188,municipality,091880126126,09188126,matched,Inning a.Ammersee,Einheitsgemeinde,4850,9143752.61,1885.31,1195277.00,1533612.10,6414863.51,STATISTIKPORTAL_INTEGRATED_2023_T1
2023,09,09188,municipality,091880127127,09188127,matched,Krailling,Einheitsgemeinde,7895,7292887.85,923.74,0.00,890.00,7291997.85,STATISTIKPORTAL_INTEGRATED_2023_T1
2023,09,09188,municipality,091880132132,09188132,matched,Seefeld,Einheitsgemeinde,7723,12193207.74,1578.82,0.00,2163616.12,10029591.62,STATISTIKPORTAL_INTEGRATED_2023_T1
2023,09,09188,municipality,091880137137,09188137,matched,Pöcking,Einheitsgemeinde,5672,16368278.41,2885.80,957173.00,890.00,15410215.41,STATISTIKPORTAL_INTEGRATED_2023_T1
2023,09,09188,municipality,091880139139,09188139,matched,"Starnberg, Stadt",Einheitsgemeinde,23909,29047173.51,1214.91,12353089.00,890.00,16693194.51,STATISTIKPORTAL_INTEGRATED_2023_T1
2023,09,09188,municipality,091880141141,09188141,matched,Tutzing,Einheitsgemeinde,10065,14841468.01,1474.56,1189343.00,890.00,13651235.01,STATISTIKPORTAL_INTEGRATED_2023_T1
2023,09,09188,municipality,091880144144,09188144,matched,Weßling,Einheitsgemeinde,5533,19930883.26,3602.18,11604030.00,1644078.56,6682774.70,STATISTIKPORTAL_INTEGRATED_2023_T1
2023,09,09188,municipality,091880145145,09188145,matched,Wörthsee,Einheitsgemeinde,5109,23539431.36,4607.44,2104905.00,1782161.63,19652364.73,STATISTIKPORTAL_INTEGRATED_2023_T1
2023,09,09189,county_administration,09189,,not_applicable,Landkreis Traunstein,Landkreis (Haushalt bzw. Verwaltung),181314,121596071.12,670.64,13757000.00,923301.88,106915769.24,STATISTIKPORTAL_INTEGRATED_2023_T1
2023,09,09189,municipality,091890111111,09189111,matched,Altenmarkt a.d.Alz,Einheitsgemeinde,4205,52587.39,12.51,0.00,272.26,52315.13,STATISTIKPORTAL_INTEGRATED_2023_T1
2023,09,09189,municipality,091890114114,09189114,matched,Chieming,Einheitsgemeinde,5071,7399710.20,1459.22,634315.00,6549707.44,215687.76,STATISTIKPORTAL_INTEGRATED_2023_T1
2023,09,09189,municipality,091890115115,09189115,matched,Engelsberg,Einheitsgemeinde,2588,2026892.39,783.19,871321.00,272.26,1155299.13,STATISTIKPORTAL_INTEGRATED_2023_T1
2023,09,09189,municipality,091890118118,09189118,matched,Fridolfing,Einheitsgemeinde,4502,166271.19,36.93,0.00,370.06,165901.13,STATISTIKPORTAL_INTEGRATED_2023_T1
2023,09,09189,municipality,091890119119,09189119,matched,Grabenstätt,Einheitsgemeinde,4467,1647430.10,368.80,0.00,546797.40,1100632.70,STATISTIKPORTAL_INTEGRATED_2023_T1
2023,09,09189,municipality,091890120120,09189120,matched,"Grassau, Markt",Einheitsgemeinde,7284,21295035.60,2923.54,11251193.00,379.47,10043463.13,STATISTIKPORTAL_INTEGRATED_2023_T1
2023,09,09189,municipality,091890124124,09189124,matched,Inzell,Einheitsgemeinde,4976,4798869.58,964.40,4798598.00,271.58,0.00,STATISTIKPORTAL_INTEGRATED_2023_T1
2023,09,09189,municipality,091890127127,09189127,matched,Kirchanschöring,Einheitsgemeinde,3344,3053524.68,913.14,3053036.00,488.68,0.00,STATISTIKPORTAL_INTEGRATED_2023_T1
2023,09,09189,municipality,091890130130,09189130,matched,Nußdorf,Einheitsgemeinde,2456,2410644.71,981.53,2410097.00,317.88,229.83,STATISTIKPORTAL_INTEGRATED_2023_T1
2023,09,09189,municipality,091890134134,09189134,matched,Palling,Einheitsgemeinde,3606,154876.84,42.95,0.00,305.71,154571.13,STATISTIKPORTAL_INTEGRATED_2023_T1
2023,09,09189,municipality,091890135135,09189135,matched,Petting,Einheitsgemeinde,2379,204473.32,85.95,0.00,283.32,204190.00,STATISTIKPORTAL_INTEGRATED_2023_T1
2023,09,09189,municipality,091890139139,09189139,matched,Reit im Winkl,Einheitsgemeinde,2368,3839194.39,1621.28,3786607.00,272.26,52315.13,STATISTIKPORTAL_INTEGRATED_2023_T1
2023,09,09189,municipality,091890140140,09189140,matched,Ruhpolding,Einheitsgemeinde,7198,13917778.45,1933.56,10984981.00,1012378.03,1920419.42,STATISTIKPORTAL_INTEGRATED_2023_T1
2023,09,09189,municipality,091890141141,09189141,matched,Schleching,Einheitsgemeinde,1898,598512.39,315.34,545925.00,272.26,52315.13,STATISTIKPORTAL_INTEGRATED_2023_T1
2023,09,09189,municipality,091890142142,09189142,matched,Schnaitsee,Einheitsgemeinde,3819,3617072.62,947.13,3562531.00,424.80,54116.82,STATISTIKPORTAL_INTEGRATED_2023_T1
2023,09,09189,municipality,091890143143,09189143,matched,Seeon-Seebruck,Einheitsgemeinde,4581,5375369.69,1173.41,5151720.00,71456.30,152193.39,STATISTIKPORTAL_INTEGRATED_2023_T1
2023,09,09189,municipality,091890145145,09189145,matched,Siegsdorf,Einheitsgemeinde,8567,1991525.85,232.46,1851421.00,276.33,139828.52,STATISTIKPORTAL_INTEGRATED_2023_T1
2023,09,09189,municipality,091890148148,09189148,matched,Surberg,Einheitsgemeinde,3377,473166.13,140.11,239522.00,282.44,233361.69,STATISTIKPORTAL_INTEGRATED_2023_T1
2023,09,09189,municipality,091890149149,09189149,matched,Tacherting,Einheitsgemeinde,5775,1382680.84,239.43,1382343.00,337.84,0.00,STATISTIKPORTAL_INTEGRATED_2023_T1
2023,09,09189,municipality,091890152152,09189152,matched,"Tittmoning, Stadt",Einheitsgemeinde,5920,7640246.91,1290.58,4938839.00,382.99,2701024.92,STATISTIKPORTAL_INTEGRATED_2023_T1
2023,09,09189,municipality,091890154154,09189154,matched,"Traunreut, Stadt",Einheitsgemeinde,21103,4796437.62,227.29,0.00,279.03,4796158.59,STATISTIKPORTAL_INTEGRATED_2023_T1
2023,09,09189,municipality,091890155155,09189155,matched,"Traunstein, Große Kreisstadt",große Kreisstadt,21377,15142864.38,708.37,13031331.00,272.26,2111261.12,STATISTIKPORTAL_INTEGRATED_2023_T1
2023,09,09189,municipality,091890157157,09189157,matched,"Trostberg, Stadt",Einheitsgemeinde,11481,2642134.66,230.13,2074534.00,285.90,567314.76,STATISTIKPORTAL_INTEGRATED_2023_T1
2023,09,09189,municipality,091890159159,09189159,matched,Übersee,Einheitsgemeinde,5103,3896137.26,763.50,3691496.00,272.26,204369.00,STATISTIKPORTAL_INTEGRATED_2023_T1
2023,09,09189,municipality,091890160160,09189160,matched,Unterwössen,Einheitsgemeinde,3684,2182867.39,592.53,2130280.00,272.26,52315.13,STATISTIKPORTAL_INTEGRATED_2023_T1
2023,09,09189,joint_administration,091895166,,not_applicable,VG Bergen,Verwaltungsgemeinschaft,6821,0.00,0.00,0.00,0.00,0.00,STATISTIKPORTAL_INTEGRATED_2023_T1
2023,09,09189,municipality,091895166113,09189113,matched,Bergen (Landkreis Traunstein),Mitgliedsgemeinde,4975,6058706.67,1217.83,6054302.00,271.58,4133.09,STATISTIKPORTAL_INTEGRATED_2023_T1
2023,09,09189,municipality,091895166161,09189161,matched,Vachendorf,Mitgliedsgemeinde,1846,277522.24,150.34,0.00,271.58,277250.66,STATISTIKPORTAL_INTEGRATED_2023_T1
2023,09,09189,joint_administration,091895169,,not_applicable,VG Marquartstein,Verwaltungsgemeinschaft,4563,0.00,0.00,0.00,0.00,0.00,STATISTIKPORTAL_INTEGRATED_2023_T1
2023,09,09189,municipality,091895169129,09189129,matched,Marquartstein,Mitgliedsgemeinde,3367,6152607.85,1827.33,0.00,292.72,6152315.13,STATISTIKPORTAL_INTEGRATED_2023_T1
2023,09,09189,municipality,091895169146,09189146,matched,Staudach-Egerndach,Mitgliedsgemeinde,1196,52603.98,43.98,0.00,288.85,52315.13,STATISTIKPORTAL_INTEGRATED_2023_T1
2023,09,09189,joint_administration,091895170,,not_applicable,VG Obing,Verwaltungsgemeinschaft,7866,0.00,0.00,0.00,0.00,0.00,STATISTIKPORTAL_INTEGRATED_2023_T1
2023,09,09189,municipality,091895170126,09189126,matched,Kienberg,Mitgliedsgemeinde,1389,935837.70,673.75,879974.00,1748.57,54115.13,STATISTIKPORTAL_INTEGRATED_2023_T1
2023,09,09189,municipality,091895170133,09189133,matched,Obing,Mitgliedsgemeinde,4546,823885.18,181.23,768091.00,1679.05,54115.13,STATISTIKPORTAL_INTEGRATED_2023_T1
2023,09,09189,municipality,091895170137,09189137,matched,Pittenhart,Mitgliedsgemeinde,1931,162914.73,84.37,107079.00,1720.60,54115.13,STATISTIKPORTAL_INTEGRATED_2023_T1
2023,09,09189,joint_administration,091895173,,not_applicable,VG Waging a.See,Verwaltungsgemeinschaft,10935,0.00,0.00,0.00,0.00,0.00,STATISTIKPORTAL_INTEGRATED_2023_T1
2023,09,09189,municipality,091895173150,09189150,matched,Taching a.See,Mitgliedsgemeinde,2126,2033144.21,956.32,1961660.00,286.58,71197.63,STATISTIKPORTAL_INTEGRATED_2023_T1
2023,09,09189,municipality,091895173162,09189162,matched,"Waging a.See, Markt",Mitgliedsgemeinde,7204,11115649.09,1542.98,2221938.00,298.46,8893412.63,STATISTIKPORTAL_INTEGRATED_2023_T1
2023,09,09189,municipality,091895173165,09189165,matched,Wonneberg,Mitgliedsgemeinde,1605,2423656.37,1510.07,2277528.00,278.37,145850.00,STATISTIKPORTAL_INTEGRATED_2023_T1
2023,09,09190,county_administration,09190,,not_applicable,Landkreis Weilheim-Schongau,Landkreis (Haushalt bzw. Verwaltung),138818,93281182.99,671.97,56525731.00,179119.73,36576332.26,STATISTIKPORTAL_INTEGRATED_2023_T1
2023,09,09190,municipality,091900115115,09190115,matched,Bernried am Starnberger See,Einheitsgemeinde,2464,12233790.30,4965.01,7002094.00,1116297.20,4115399.10,STATISTIKPORTAL_INTEGRATED_2023_T1
2023,09,09190,municipality,091900130130,09190130,matched,Hohenpeißenberg,Einheitsgemeinde,3882,3129425.00,806.14,3129425.00,0.00,0.00,STATISTIKPORTAL_INTEGRATED_2023_T1
2023,09,09190,municipality,091900138138,09190138,matched,Pähl,Einheitsgemeinde,2538,1647582.96,649.17,463098.00,0.00,1184484.96,STATISTIKPORTAL_INTEGRATED_2023_T1
2023,09,09190,municipality,091900139139,09190139,matched,"Peißenberg, Markt",Einheitsgemeinde,12842,32928235.56,2564.10,3975154.00,63581.91,28889499.65,STATISTIKPORTAL_INTEGRATED_2023_T1
2023,09,09190,municipality,091900140140,09190140,matched,"Peiting, Markt",Einheitsgemeinde,11782,1608654.00,136.53,1607764.00,890.00,0.00,STATISTIKPORTAL_INTEGRATED_2023_T1
2023,09,09190,municipality,091900141141,09190141,matched,"Penzberg, Stadt",Einheitsgemeinde,16785,99766955.90,5943.82,9000000.00,45922.83,90721033.07,STATISTIKPORTAL_INTEGRATED_2023_T1
2023,09,09190,municipality,091900142142,09190142,matched,Polling (Landkreis Weilheim-Schongau),Einheitsgemeinde,3636,881092.00,242.32,880202.00,890.00,0.00,STATISTIKPORTAL_INTEGRATED_2023_T1
2023,09,09190,municipality,091900144144,09190144,matched,Raisting,Einheitsgemeinde,2369,3135175.88,1323.42,2282848.00,0.00,852327.88,STATISTIKPORTAL_INTEGRATED_2023_T1
2023,09,09190,municipality,091900148148,09190148,matched,"Schongau, Stadt",Einheitsgemeinde,12662,21424834.99,1692.06,7487451.00,890.00,13936493.99,STATISTIKPORTAL_INTEGRATED_2023_T1
2023,09,09190,municipality,091900157157,09190157,matched,"Weilheim i. Oberbayern, Stadt",Einheitsgemeinde,23319,102604752.60,4400.05,14685903.00,294858.52,87623991.08,STATISTIKPORTAL_INTEGRATED_2023_T1
2023,09,09190,municipality,091900158158,09190158,matched,Wessobrunn,Einheitsgemeinde,2232,688725.00,308.57,688725.00,0.00,0.00,STATISTIKPORTAL_INTEGRATED_2023_T1
2023,09,09190,municipality,091900159159,09190159,matched,Wielenbach,Einheitsgemeinde,3413,7301066.28,2139.19,5587498.00,193184.60,1520383.68,STATISTIKPORTAL_INTEGRATED_2023_T1
2023,09,09190,joint_administration,091905174,,not_applicable,VG Altenstadt,Verwaltungsgemeinschaft,8545,0.00,0.00,0.00,0.00,0.00,STATISTIKPORTAL_INTEGRATED_2023_T1
2023,09,09190,municipality,091905174111,09190111,matched,Altenstadt,Mitgliedsgemeinde,3306,693952.49,209.91,675762.00,18190.49,0.00,STATISTIKPORTAL_INTEGRATED_2023_T1
2023,09,09190,municipality,091905174129,09190129,matched,Hohenfurch,Mitgliedsgemeinde,1689,127073.85,75.24,91005.00,36068.85,0.00,STATISTIKPORTAL_INTEGRATED_2023_T1
2023,09,09190,municipality,091905174133,09190133,matched,Ingenried,Mitgliedsgemeinde,1109,805169.33,726.03,805080.00,89.33,0.00,STATISTIKPORTAL_INTEGRATED_2023_T1
2023,09,09190,municipality,091905174149,09190149,matched,Schwabbruck,Mitgliedsgemeinde,989,448833.33,453.83,448744.00,89.33,0.00,STATISTIKPORTAL_INTEGRATED_2023_T1
2023,09,09190,municipality,091905174151,09190151,matched,Schwabsoien,Mitgliedsgemeinde,1452,129138.00,88.94,129004.00,134.00,0.00,STATISTIKPORTAL_INTEGRATED_2023_T1
2023,09,09190,joint_administration,091905175,,not_applicable,VG Bernbeuren,Verwaltungsgemeinschaft,4248,0.00,0.00,0.00,0.00,0.00,STATISTIKPORTAL_INTEGRATED_2023_T1
2023,09,09190,municipality,091905175114,09190114,matched,Bernbeuren,Mitgliedsgemeinde,2505,3924678.00,1566.74,3608005.00,316673.00,0.00,STATISTIKPORTAL_INTEGRATED_2023_T1
2023,09,09190,municipality,091905175118,09190118,matched,Burggen,Mitgliedsgemeinde,1743,3297619.00,1891.92,2980965.00,316654.00,0.00,STATISTIKPORTAL_INTEGRATED_2023_T1
2023,09,09190,joint_administration,091905176,,not_applicable,VG Habach,Verwaltungsgemeinschaft,5361,0.00,0.00,0.00,0.00,0.00,STATISTIKPORTAL_INTEGRATED_2023_T1
2023,09,09190,municipality,091905176113,09190113,matched,Antdorf,Mitgliedsgemeinde,1373,1006423.94,733.01,1000000.00,0.00,6423.94,STATISTIKPORTAL_INTEGRATED_2023_T1
2023,09,09190,municipality,091905176126,09190126,matched,Habach,Mitgliedsgemeinde,1187,218743.94,184.28,212320.00,0.00,6423.94,STATISTIKPORTAL_INTEGRATED_2023_T1
2023,09,09190,municipality,091905176136,09190136,matched,Obersöchering,Mitgliedsgemeinde,1573,1984532.48,1261.62,1850559.00,0.00,133973.48,STATISTIKPORTAL_INTEGRATED_2023_T1
2023,09,09190,municipality,091905176153,09190153,matched,Sindelsdorf,Mitgliedsgemeinde,1228,6423.94,5.23,0.00,0.00,6423.94,STATISTIKPORTAL_INTEGRATED_2023_T1
2023,09,09190,joint_administration,091905177,,not_applicable,VG Huglfing,Verwaltungsgemeinschaft,7721,0.00,0.00,0.00,0.00,0.00,STATISTIKPORTAL_INTEGRATED_2023_T1
2023,09,09190,municipality,091905177120,09190120,matched,Eberfing,Mitgliedsgemeinde,1517,872532.44,575.17,865886.00,222.50,6423.94,STATISTIKPORTAL_INTEGRATED_2023_T1
2023,09,09190,municipality,091905177121,09190121,matched,Eglfing,Mitgliedsgemeinde,1132,134195.98,118.55,0.00,222.50,133973.48,STATISTIKPORTAL_INTEGRATED_2023_T1
2023,09,09190,municipality,091905177131,09190131,matched,Huglfing,Mitgliedsgemeinde,2908,169742.57,58.37,0.00,222.50,169520.07,STATISTIKPORTAL_INTEGRATED_2023_T1
2023,09,09190,municipality,091905177135,09190135,matched,Oberhausen (Landkreis Weilheim-Schongau),Mitgliedsgemeinde,2164,204908.98,94.69,0.00,222.50,204686.48,STATISTIKPORTAL_INTEGRATED_2023_T1
2023,09,09190,joint_administration,091905178,,not_applicable,VG Rottenbuch,Verwaltungsgemeinschaft,3723,0.00,0.00,0.00,0.00,0.00,STATISTIKPORTAL_INTEGRATED_2023_T1
2023,09,09190,municipality,091905178117,09190117,matched,Böbing,Mitgliedsgemeinde,1901,156827.00,82.50,156382.00,445.00,0.00,STATISTIKPORTAL_INTEGRATED_2023_T1
2023,09,09190,municipality,091905178145,09190145,matched,Rottenbuch,Mitgliedsgemeinde,1822,259944.00,142.67,259499.00,445.00,0.00,STATISTIKPORTAL_INTEGRATED_2023_T1
2023,09,09190,joint_administration,091905179,,not_applicable,VG Seeshaupt,Verwaltungsgemeinschaft,6063,0.00,0.00,0.00,0.00,0.00,STATISTIKPORTAL_INTEGRATED_2023_T1
2023,09,09190,municipality,091905179132,09190132,matched,Iffeldorf,Mitgliedsgemeinde,2755,1919703.51,696.81,1045380.00,395.16,873928.35,STATISTIKPORTAL_INTEGRATED_2023_T1
2023,09,09190,municipality,091905179152,09190152,matched,Seeshaupt,Mitgliedsgemeinde,3308,6707712.30,2027.72,2032513.00,494.84,4674704.46,STATISTIKPORTAL_INTEGRATED_2023_T1
2023,09,09190,joint_administration,091905180,,not_applicable,VG Steingaden,Verwaltungsgemeinschaft,5233,0.00,0.00,0.00,0.00,0.00,STATISTIKPORTAL_INTEGRATED_2023_T1
2023,09,09190,municipality,091905180143,09190143,matched,Prem,Mitgliedsgemeinde,968,316824.12,327.30,0.00,316824.12,0.00,STATISTIKPORTAL_INTEGRATED_2023_T1
2023,09,09190,municipality,091905180154,09190154,matched,Steingaden,Mitgliedsgemeinde,2916,2561894.22,878.56,1928265.00,633629.22,0.00,STATISTIKPORTAL_INTEGRATED_2023_T1
2023,09,09190,municipality,091905180160,09190160,matched,Wildsteig,Mitgliedsgemeinde,1349,1930599.66,1431.13,1613700.00,316899.66,0.00,STATISTIKPORTAL_INTEGRATED_2023_T1
2023,09,09261,municipality,092610000000,09261000,matched,"Landshut, kreisfreie Stadt",kreisfreie Stadt,75091,305194724.02,4064.33,161644563.00,9003001.12,134547159.90,STATISTIKPORTAL_INTEGRATED_2023_T1
2023,09,09262,municipality,092620000000,09262000,matched,"Passau, kreisfreie Stadt",kreisfreie Stadt,54057,236168003.09,4368.87,138215878.00,20603334.38,77348790.71,STATISTIKPORTAL_INTEGRATED_2023_T1
2023,09,09263,municipality,092630000000,09263000,matched,"Straubing, kreisfreie Stadt",kreisfreie Stadt,49507,295568618.36,5970.24,107557150.00,5597956.42,182413511.94,STATISTIKPORTAL_INTEGRATED_2023_T1
2023,09,09271,county_administration,09271,,not_applicable,Landkreis Deggendorf,Landkreis (Haushalt bzw. Verwaltung),122585,131373309.42,1071.69,58635627.00,89085.64,72648596.78,STATISTIKPORTAL_INTEGRATED_2023_T1
2023,09,09271,municipality,092710111111,09271111,matched,Aholming,Einheitsgemeinde,2382,575000.00,241.39,575000.00,0.00,0.00,STATISTIKPORTAL_INTEGRATED_2023_T1
2023,09,09271,municipality,092710113113,09271113,matched,Auerbach,Einheitsgemeinde,2157,719183.17,333.42,0.00,718872.38,310.79,STATISTIKPORTAL_INTEGRATED_2023_T1
2023,09,09271,municipality,092710116116,09271116,matched,Bernried,Einheitsgemeinde,4765,2268916.73,476.16,2000000.00,253665.07,15251.66,STATISTIKPORTAL_INTEGRATED_2023_T1
2023,09,09271,municipality,092710119119,09271119,matched,"Deggendorf, Große Kreisstadt",große Kreisstadt,35458,95287101.43,2687.32,26925331.00,845501.29,67516269.14,STATISTIKPORTAL_INTEGRATED_2023_T1
2023,09,09271,municipality,092710122122,09271122,matched,Grafling,Einheitsgemeinde,2770,121898.48,44.01,121586.00,0.00,312.48,STATISTIKPORTAL_INTEGRATED_2023_T1
2023,09,09271,municipality,092710125125,09271125,matched,"Hengersberg, Markt",Einheitsgemeinde,8019,10794425.27,1346.11,424967.00,1473379.00,8896079.27,STATISTIKPORTAL_INTEGRATED_2023_T1
2023,09,09271,municipality,092710127127,09271127,matched,Iggensbach,Einheitsgemeinde,2209,1550976.79,702.12,1550666.00,0.00,310.79,STATISTIKPORTAL_INTEGRATED_2023_T1
2023,09,09271,municipality,092710128128,09271128,matched,Künzing,Einheitsgemeinde,3195,3499334.00,1095.25,3499334.00,0.00,0.00,STATISTIKPORTAL_INTEGRATED_2023_T1
2023,09,09271,municipality,092710132132,09271132,matched,"Metten, Markt",Einheitsgemeinde,4262,8214512.12,1927.38,3390011.00,253657.46,4570843.66,STATISTIKPORTAL_INTEGRATED_2023_T1
2023,09,09271,municipality,092710138138,09271138,matched,Niederalteich,Einheitsgemeinde,1803,1434477.46,795.61,478125.00,718872.38,237480.08,STATISTIKPORTAL_INTEGRATED_2023_T1
2023,09,09271,municipality,092710140140,09271140,matched,Offenberg,Einheitsgemeinde,3380,3913317.12,1157.79,0.00,253657.46,3659659.66,STATISTIKPORTAL_INTEGRATED_2023_T1
2023,09,09271,municipality,092710141141,09271141,matched,"Osterhofen, Stadt",Einheitsgemeinde,12116,14194450.72,1171.55,1031428.00,53451.38,13109571.34,STATISTIKPORTAL_INTEGRATED_2023_T1
2023,09,09271,municipality,092710146146,09271146,matched,"Plattling, Stadt",Einheitsgemeinde,13111,18917410.72,1442.87,3858360.00,53451.38,15005599.34,STATISTIKPORTAL_INTEGRATED_2023_T1
2023,09,09271,municipality,092710151151,09271151,matched,Stephansposching,Einheitsgemeinde,3236,1196681.00,369.80,1196681.00,0.00,0.00,STATISTIKPORTAL_INTEGRATED_2023_T1
2023,09,09271,municipality,092710153153,09271153,matched,"Winzer, Markt",Einheitsgemeinde,3805,7728222.79,2031.07,4622584.00,0.00,3105638.79,STATISTIKPORTAL_INTEGRATED_2023_T1
2023,09,09271,joint_administration,092715202,,not_applicable,VG Lalling,Verwaltungsgemeinschaft,5658,0.00,0.00,0.00,0.00,0.00,STATISTIKPORTAL_INTEGRATED_2023_T1
2023,09,09271,municipality,092715202123,09271123,matched,Grattersdorf,Mitgliedsgemeinde,1322,119624.99,90.49,100000.00,19314.20,310.79,STATISTIKPORTAL_INTEGRATED_2023_T1
2023,09,09271,municipality,092715202126,09271126,matched,Hunding,Mitgliedsgemeinde,1126,1436875.77,1276.09,705471.00,731093.98,310.79,STATISTIKPORTAL_INTEGRATED_2023_T1
2023,09,09271,municipality,092715202130,09271130,matched,Lalling,Mitgliedsgemeinde,1667,2449863.77,1469.62,1718459.00,731093.98,310.79,STATISTIKPORTAL_INTEGRATED_2023_T1
2023,09,09271,municipality,092715202148,09271148,matched,Schaufling,Mitgliedsgemeinde,1543,1793140.37,1162.11,1049514.00,743315.58,310.79,STATISTIKPORTAL_INTEGRATED_2023_T1
2023,09,09271,joint_administration,092715204,,not_applicable,VG Oberpöring,Verwaltungsgemeinschaft,4465,0.00,0.00,0.00,0.00,0.00,STATISTIKPORTAL_INTEGRATED_2023_T1
2023,09,09271,municipality,092715204139,09271139,matched,Oberpöring,Mitgliedsgemeinde,1204,0.00,0.00,0.00,0.00,0.00,STATISTIKPORTAL_INTEGRATED_2023_T1
2023,09,09271,municipality,092715204143,09271143,matched,Otzing,Mitgliedsgemeinde,1973,0.00,0.00,0.00,0.00,0.00,STATISTIKPORTAL_INTEGRATED_2023_T1
2023,09,09271,municipality,092715204152,09271152,matched,Wallerfing,Mitgliedsgemeinde,1288,1453430.00,1128.44,1453430.00,0.00,0.00,STATISTIKPORTAL_INTEGRATED_2023_T1
2023,09,09271,joint_administration,092715205,,not_applicable,VG Moos,Verwaltungsgemeinschaft,3310,0.00,0.00,0.00,0.00,0.00,STATISTIKPORTAL_INTEGRATED_2023_T1
2023,09,09271,municipality,092715205118,09271118,matched,Buchhofen,Mitgliedsgemeinde,945,1407923.00,1489.87,1407923.00,0.00,0.00,STATISTIKPORTAL_INTEGRATED_2023_T1
2023,09,09271,municipality,092715205135,09271135,matched,Moos,Mitgliedsgemeinde,2365,3937335.00,1664.84,3937335.00,0.00,0.00,STATISTIKPORTAL_INTEGRATED_2023_T1
2023,09,09271,joint_administration,092715206,,not_applicable,VG Schöllnach,Verwaltungsgemeinschaft,6484,0.00,0.00,0.00,0.00,0.00,STATISTIKPORTAL_INTEGRATED_2023_T1
2023,09,09271,municipality,092715206114,09271114,matched,Außernzell,Mitgliedsgemeinde,1541,3258054.39,2114.25,3250651.00,7092.60,310.79,STATISTIKPORTAL_INTEGRATED_2023_T1
2023,09,09271,municipality,092715206149,09271149,matched,"Schöllnach, Markt",Mitgliedsgemeinde,4943,6406547.99,1296.08,6392052.00,14185.20,310.79,STATISTIKPORTAL_INTEGRATED_2023_T1
2023,09,09272,county_administration,09272,,not_applicable,Landkreis Freyung-Grafenau,Landkreis (Haushalt bzw. Verwaltung),79354,36803792.99,463.79,24806011.00,183764.92,11814017.07,STATISTIKPORTAL_INTEGRATED_2023_T1
2023,09,09272,municipality,092720118118,09272118,matched,"Freyung, Stadt",Einheitsgemeinde,7235,25121565.57,3472.23,14212820.00,2625522.92,8283222.65,STATISTIKPORTAL_INTEGRATED_2023_T1
2023,09,09272,municipality,092720120120,09272120,matched,"Grafenau, Stadt",Einheitsgemeinde,8183,16644457.74,2034.03,11801300.00,2095226.57,2747931.17,STATISTIKPORTAL_INTEGRATED_2023_T1
2023,09,09272,municipality,092720121121,09272121,matched,Grainet,Einheitsgemeinde,2478,617303.79,249.11,406993.00,0.00,210310.79,STATISTIKPORTAL_INTEGRATED_2023_T1
2023,09,09272,municipality,092720122122,09272122,matched,Haidmühle,Einheitsgemeinde,1397,4018308.48,2876.38,4017996.00,0.00,312.48,STATISTIKPORTAL_INTEGRATED_2023_T1
2023,09,09272,municipality,092720127127,09272127,matched,Hohenau,Einheitsgemeinde,3297,5432815.79,1647.81,4910830.00,0.00,521985.79,STATISTIKPORTAL_INTEGRATED_2023_T1
2023,09,09272,municipality,092720129129,09272129,matched,Jandelsbrunn,Einheitsgemeinde,3336,2575241.48,771.95,2574929.00,0.00,312.48,STATISTIKPORTAL_INTEGRATED_2023_T1
2023,09,09272,municipality,092720134134,09272134,matched,Mauth,Einheitsgemeinde,2230,2000745.09,897.20,1994464.00,5970.30,310.79,STATISTIKPORTAL_INTEGRATED_2023_T1
2023,09,09272,municipality,092720136136,09272136,matched,Neureichenau,Einheitsgemeinde,4454,1983652.79,445.36,1983342.00,0.00,310.79,STATISTIKPORTAL_INTEGRATED_2023_T1
2023,09,09272,municipality,092720140140,09272140,matched,Ringelai,Einheitsgemeinde,1917,3225445.13,1682.55,3220362.00,4772.34,310.79,STATISTIKPORTAL_INTEGRATED_2023_T1
2023,09,09272,municipality,092720141141,09272141,matched,"Röhrnbach, Markt",Einheitsgemeinde,4356,4784881.48,1098.46,4784569.00,0.00,312.48,STATISTIKPORTAL_INTEGRATED_2023_T1
2023,09,09272,municipality,092720142142,09272142,matched,Saldenburg,Einheitsgemeinde,2004,1230008.48,613.78,1229696.00,0.00,312.48,STATISTIKPORTAL_INTEGRATED_2023_T1
2023,09,09272,municipality,092720143143,09272143,matched,St. Oswald-Riedlhütte,Einheitsgemeinde,2960,4332428.69,1463.66,4321065.00,0.00,11363.69,STATISTIKPORTAL_INTEGRATED_2023_T1
2023,09,09272,municipality,092720146146,09272146,matched,Neuschönau,Einheitsgemeinde,2202,2933041.79,1331.99,1761190.00,0.00,1171851.79,STATISTIKPORTAL_INTEGRATED_2023_T1
2023,09,09272,municipality,092720149149,09272149,matched,Spiegelau,Einheitsgemeinde,3836,5108770.89,1331.80,4884951.00,0.00,223819.89,STATISTIKPORTAL_INTEGRATED_2023_T1
2023,09,09272,municipality,092720151151,09272151,matched,"Waldkirchen, Stadt",Einheitsgemeinde,11184,26084249.57,2332.28,12535590.00,23202.92,13525456.65,STATISTIKPORTAL_INTEGRATED_2023_T1
2023,09,09272,joint_administration,092725211,,not_applicable,VG Schönberg,Verwaltungsgemeinschaft,7722,0.00,0.00,0.00,0.00,0.00,STATISTIKPORTAL_INTEGRATED_2023_T1
2023,09,09272,municipality,092725211116,09272116,matched,Eppenschlag,Mitgliedsgemeinde,966,1057592.35,1094.82,1015360.00,41921.56,310.79,STATISTIKPORTAL_INTEGRATED_2023_T1
2023,09,09272,municipality,092725211128,09272128,matched,Innernzell,Mitgliedsgemeinde,1572,2477037.04,1575.72,2430771.00,45955.25,310.79,STATISTIKPORTAL_INTEGRATED_2023_T1
2023,09,09272,municipality,092725211145,09272145,matched,Schöfweg,Mitgliedsgemeinde,1321,1446588.43,1095.07,1404348.00,41929.64,310.79,STATISTIKPORTAL_INTEGRATED_2023_T1
2023,09,09272,municipality,092725211147,09272147,matched,"Schönberg, Markt",Mitgliedsgemeinde,3863,7351098.70,1902.95,7189545.00,161242.91,310.79,STATISTIKPORTAL_INTEGRATED_2023_T1
2023,09,09272,joint_administration,092725212,,not_applicable,VG Hinterschmiding,Verwaltungsgemeinschaft,3074,0.00,0.00,0.00,0.00,0.00,STATISTIKPORTAL_INTEGRATED_2023_T1
2023,09,09272,municipality,092725212126,09272126,matched,Hinterschmiding,Mitgliedsgemeinde,2457,2394921.79,974.73,2394611.00,0.00,310.79,STATISTIKPORTAL_INTEGRATED_2023_T1
2023,09,09272,municipality,092725212139,09272139,matched,Philippsreut,Mitgliedsgemeinde,617,4545087.99,7366.43,2447250.00,2984.70,2094853.29,STATISTIKPORTAL_INTEGRATED_2023_T1
2023,09,09272,joint_administration,092725213,,not_applicable,VG Thurmansbang,Verwaltungsgemeinschaft,3739,0.00,0.00,0.00,0.00,0.00,STATISTIKPORTAL_INTEGRATED_2023_T1
2023,09,09272,municipality,092725213150,09272150,matched,Thurmansbang,Mitgliedsgemeinde,2606,426876.79,163.81,426566.00,0.00,310.79,STATISTIKPORTAL_INTEGRATED_2023_T1
2023,09,09272,municipality,092725213152,09272152,matched,Zenting,Mitgliedsgemeinde,1133,2346155.39,2070.75,2338752.00,7092.60,310.79,STATISTIKPORTAL_INTEGRATED_2023_T1
2023,09,09272,joint_administration,092725214,,not_applicable,VG Perlesreut,Verwaltungsgemeinschaft,3750,0.00,0.00,0.00,0.00,0.00,STATISTIKPORTAL_INTEGRATED_2023_T1
2023,09,09272,municipality,092725214119,09272119,matched,Fürsteneck,Mitgliedsgemeinde,845,1427685.09,1689.57,1408750.00,18551.99,383.10,STATISTIKPORTAL_INTEGRATED_2023_T1
2023,09,09272,municipality,092725214138,09272138,matched,"Perlesreut, Markt",Mitgliedsgemeinde,2905,5087761.16,1751.38,3520218.00,1567304.67,238.49,STATISTIKPORTAL_INTEGRATED_2023_T1
2023,09,09273,county_administration,09273,,not_applicable,Landkreis Kelheim,Landkreis (Haushalt bzw. Verwaltung),126273,30552142.50,241.95,7993341.00,4195418.76,18363382.74,STATISTIKPORTAL_INTEGRATED_2023_T1
2023,09,09273,municipality,092730111111,09273111,matched,"Abensberg, Stadt",Einheitsgemeinde,14652,9704712.94,662.35,1367591.00,612857.79,7724264.15,STATISTIKPORTAL_INTEGRATED_2023_T1
2023,09,09273,municipality,092730116116,09273116,matched,"Bad Abbach, Markt",Einheitsgemeinde,12714,18101952.73,1423.78,13468846.00,0.00,4633106.73,STATISTIKPORTAL_INTEGRATED_2023_T1
2023,09,09273,municipality,092730137137,09273137,matched,"Kelheim, Stadt",Einheitsgemeinde,17120,29916951.74,1747.49,8013949.00,397689.99,21505312.75,STATISTIKPORTAL_INTEGRATED_2023_T1
2023,09,09273,municipality,092730147147,09273147,matched,"Mainburg, Stadt",Einheitsgemeinde,15490,12115345.75,782.14,0.00,1961375.75,10153970.00,STATISTIKPORTAL_INTEGRATED_2023_T1
2023,09,09273,municipality,092730152152,09273152,matched,"Neustadt a.d.Donau, Stadt",Einheitsgemeinde,14894,3596160.28,241.45,910000.00,0.00,2686160.28,STATISTIKPORTAL_INTEGRATED_2023_T1
2023,09,09273,municipality,092730159159,09273159,matched,"Painten, Markt",Einheitsgemeinde,2285,1091014.00,477.47,978514.00,0.00,112500.00,STATISTIKPORTAL_INTEGRATED_2023_T1
2023,09,09273,municipality,092730164164,09273164,matched,"Riedenburg, Stadt",Einheitsgemeinde,6231,2818257.24,452.30,2674377.00,0.00,143880.24,STATISTIKPORTAL_INTEGRATED_2023_T1
2023,09,09273,municipality,092730165165,09273165,matched,"Rohr i. Niederbayern, Markt",Einheitsgemeinde,3314,2656646.36,801.64,719812.00,0.00,1936834.36,STATISTIKPORTAL_INTEGRATED_2023_T1
2023,09,09273,joint_administration,092735215,,not_applicable,VG Ihrlerstein,Verwaltungsgemeinschaft,5478,0.00,0.00,0.00,0.00,0.00,STATISTIKPORTAL_INTEGRATED_2023_T1
2023,09,09273,municipality,092735215121,09273121,matched,"Essing, Markt",Mitgliedsgemeinde,1148,233862.38,203.71,0.00,0.00,233862.38,STATISTIKPORTAL_INTEGRATED_2023_T1
2023,09,09273,municipality,092735215133,09273133,matched,Ihrlerstein,Mitgliedsgemeinde,4330,837553.64,193.43,0.00,0.00,837553.64,STATISTIKPORTAL_INTEGRATED_2023_T1
2023,09,09273,joint_administration,092735216,,not_applicable,VG Saal a.d.Donau,Verwaltungsgemeinschaft,7397,0.00,0.00,0.00,0.00,0.00,STATISTIKPORTAL_INTEGRATED_2023_T1
2023,09,09273,municipality,092735216166,09273166,matched,Saal a.d.Donau,Mitgliedsgemeinde,5667,1878337.80,331.45,0.00,417311.60,1461026.20,STATISTIKPORTAL_INTEGRATED_2023_T1
2023,09,09273,municipality,092735216175,09273175,matched,Teugn,Mitgliedsgemeinde,1730,1004428.70,580.59,0.00,208655.80,795772.90,STATISTIKPORTAL_INTEGRATED_2023_T1
2023,09,09273,joint_administration,092735217,,not_applicable,VG Langquaid,Verwaltungsgemeinschaft,9614,0.00,0.00,0.00,0.00,0.00,STATISTIKPORTAL_INTEGRATED_2023_T1
2023,09,09273,municipality,092735217125,09273125,matched,Hausen (Landkreis Kelheim),Mitgliedsgemeinde,2233,2326532.93,1041.89,1859375.00,208655.80,258502.13,STATISTIKPORTAL_INTEGRATED_2023_T1
2023,09,09273,municipality,092735217127,09273127,matched,Herrngiersdorf,Mitgliedsgemeinde,1396,125263.17,89.73,0.00,0.00,125263.17,STATISTIKPORTAL_INTEGRATED_2023_T1
2023,09,09273,municipality,092735217141,09273141,matched,"Langquaid, Markt",Mitgliedsgemeinde,5985,7147808.48,1194.29,4951971.00,32223.45,2163614.03,STATISTIKPORTAL_INTEGRATED_2023_T1
2023,09,09273,joint_administration,092735218,,not_applicable,VG Siegenburg,Verwaltungsgemeinschaft,9806,0.00,0.00,0.00,0.00,0.00,STATISTIKPORTAL_INTEGRATED_2023_T1
2023,09,09273,municipality,092735218119,09273119,matched,Biburg,Mitgliedsgemeinde,1430,174238.86,121.85,0.00,48904.21,125334.65,STATISTIKPORTAL_INTEGRATED_2023_T1
2023,09,09273,municipality,092735218139,09273139,matched,Kirchdorf (Landkreis Kelheim),Mitgliedsgemeinde,948,88731.85,93.60,0.00,0.00,88731.85,STATISTIKPORTAL_INTEGRATED_2023_T1
2023,09,09273,municipality,092735218172,09273172,matched,"Siegenburg, Markt",Mitgliedsgemeinde,4119,0.00,0.00,0.00,0.00,0.00,STATISTIKPORTAL_INTEGRATED_2023_T1
2023,09,09273,municipality,092735218177,09273177,matched,Train,Mitgliedsgemeinde,1875,0.00,0.00,0.00,0.00,0.00,STATISTIKPORTAL_INTEGRATED_2023_T1
2023,09,09273,municipality,092735218181,09273181,matched,Wildenberg,Mitgliedsgemeinde,1434,136315.81,95.06,0.00,0.00,136315.81,STATISTIKPORTAL_INTEGRATED_2023_T1
2023,09,09273,joint_administration,092735219,,not_applicable,VG Mainburg,Verwaltungsgemeinschaft,7278,0.00,0.00,0.00,0.00,0.00,STATISTIKPORTAL_INTEGRATED_2023_T1
2023,09,09273,municipality,092735219113,09273113,matched,Aiglsbach,Mitgliedsgemeinde,1897,2169534.89,1143.67,800000.00,319778.00,1049756.89,STATISTIKPORTAL_INTEGRATED_2023_T1
2023,09,09273,municipality,092735219115,09273115,matched,Attenhofen,Mitgliedsgemeinde,1398,1719453.86,1229.94,0.00,319778.00,1399675.86,STATISTIKPORTAL_INTEGRATED_2023_T1
2023,09,09273,municipality,092735219163,09273163,matched,Elsendorf,Mitgliedsgemeinde,2183,1369534.89,627.36,0.00,319778.00,1049756.89,STATISTIKPORTAL_INTEGRATED_2023_T1
2023,09,09273,municipality,092735219178,09273178,matched,Volkenschwand,Mitgliedsgemeinde,1800,4252864.89,2362.70,2883330.00,319778.00,1049756.89,STATISTIKPORTAL_INTEGRATED_2023_T1
2023,09,09274,county_administration,09274,,not_applicable,Landkreis Landshut,Landkreis (Haushalt bzw. Verwaltung),165107,183748544.27,1112.91,29068028.00,58353104.77,96327411.50,STATISTIKPORTAL_INTEGRATED_2023_T1
2023,09,09274,municipality,092740111111,09274111,matched,Adlkofen,Einheitsgemeinde,4493,4025239.16,895.89,4014078.00,0.00,11161.16,STATISTIKPORTAL_INTEGRATED_2023_T1
2023,09,09274,municipality,092740113113,09274113,matched,Altdorf,Einheitsgemeinde,11340,2650458.20,233.73,245420.00,2387594.00,17444.20,STATISTIKPORTAL_INTEGRATED_2023_T1
2023,09,09274,municipality,092740120120,09274120,matched,Bodenkirchen,Einheitsgemeinde,5397,0.00,0.00,0.00,0.00,0.00,STATISTIKPORTAL_INTEGRATED_2023_T1
2023,09,09274,municipality,092740121121,09274121,matched,Buch a.Erlbach,Einheitsgemeinde,4167,3205542.00,769.27,3205542.00,0.00,0.00,STATISTIKPORTAL_INTEGRATED_2023_T1
2023,09,09274,municipality,092740124124,09274124,matched,Eching (Landkreis Landshut),Einheitsgemeinde,4244,1956270.97,460.95,1946213.00,0.00,10057.97,STATISTIKPORTAL_INTEGRATED_2023_T1
2023,09,09274,municipality,092740126126,09274126,matched,"Ergolding, Markt",Einheitsgemeinde,13353,4236158.34,317.24,3761337.00,0.00,474821.34,STATISTIKPORTAL_INTEGRATED_2023_T1
2023,09,09274,municipality,092740128128,09274128,matched,"Essenbach, Markt",Einheitsgemeinde,12356,554263.53,44.86,0.00,0.00,554263.53,STATISTIKPORTAL_INTEGRATED_2023_T1
2023,09,09274,municipality,092740134134,09274134,matched,"Geisenhausen, Markt",Einheitsgemeinde,7424,181685.20,24.47,18988.00,162697.20,0.00,STATISTIKPORTAL_INTEGRATED_2023_T1
2023,09,09274,municipality,092740141141,09274141,matched,Hohenthann,Einheitsgemeinde,4317,2825518.53,654.51,1544401.00,864800.00,416317.53,STATISTIKPORTAL_INTEGRATED_2023_T1
2023,09,09274,municipality,092740146146,09274146,matched,Kumhausen,Einheitsgemeinde,5714,890846.77,155.91,877020.00,0.00,13826.77,STATISTIKPORTAL_INTEGRATED_2023_T1
2023,09,09274,municipality,092740153153,09274153,matched,Neufahrn i. Niederbayern,Einheitsgemeinde,4496,147413.27,32.79,0.00,0.00,147413.27,STATISTIKPORTAL_INTEGRATED_2023_T1
2023,09,09274,municipality,092740156156,09274156,matched,Niederaichbach,Einheitsgemeinde,4239,3022.91,0.71,0.00,0.00,3022.91,STATISTIKPORTAL_INTEGRATED_2023_T1
2023,09,09274,municipality,092740172172,09274172,matched,"Pfeffenhausen, Markt",Einheitsgemeinde,5246,7656456.89,1459.48,4315789.00,32223.45,3308444.44,STATISTIKPORTAL_INTEGRATED_2023_T1
2023,09,09274,municipality,092740176176,09274176,matched,"Rottenburg/Laaber, Stadt",Einheitsgemeinde,8608,11474484.05,1333.00,3723441.00,0.00,7751043.05,STATISTIKPORTAL_INTEGRATED_2023_T1
2023,09,09274,municipality,092740182182,09274182,matched,Tiefenbach (Landkreis Landshut),Einheitsgemeinde,4068,11701.78,2.88,0.00,0.00,11701.78,STATISTIKPORTAL_INTEGRATED_2023_T1
2023,09,09274,municipality,092740184184,09274184,matched,"Vilsbiburg, Stadt",Einheitsgemeinde,12575,11890246.21,945.55,6545540.00,909.92,5343796.29,STATISTIKPORTAL_INTEGRATED_2023_T1
2023,09,09274,municipality,092740185185,09274185,matched,Vilsheim,Einheitsgemeinde,2831,1518767.03,536.48,1511250.00,0.00,7517.03,STATISTIKPORTAL_INTEGRATED_2023_T1
2023,09,09274,municipality,092740194194,09274194,matched,Bruckberg (Landkreis Landshut),Einheitsgemeinde,5715,12644902.03,2212.58,11930462.00,0.00,714440.03,STATISTIKPORTAL_INTEGRATED_2023_T1
2023,09,09274,joint_administration,092745220,,not_applicable,VG Ergoldsbach,Verwaltungsgemeinschaft,10791,0.00,0.00,0.00,0.00,0.00,STATISTIKPORTAL_INTEGRATED_2023_T1
2023,09,09274,municipality,092745220119,09274119,matched,Bayerbach/Ergoldsbach,Mitgliedsgemeinde,2026,1718625.31,848.28,1561813.00,0.00,156812.31,STATISTIKPORTAL_INTEGRATED_2023_T1
2023,09,09274,municipality,092745220127,09274127,matched,"Ergoldsbach, Markt",Mitgliedsgemeinde,8765,1250792.58,142.70,434957.00,0.00,815835.58,STATISTIKPORTAL_INTEGRATED_2023_T1
2023,09,09274,joint_administration,092745221,,not_applicable,VG Furth,Verwaltungsgemeinschaft,7879,0.00,0.00,0.00,0.00,0.00,STATISTIKPORTAL_INTEGRATED_2023_T1
2023,09,09274,municipality,092745221132,09274132,matched,Furth,Mitgliedsgemeinde,3633,23712570.72,6526.99,8347554.00,0.00,15365016.72,STATISTIKPORTAL_INTEGRATED_2023_T1
2023,09,09274,municipality,092745221165,09274165,matched,Obersüßbach,Mitgliedsgemeinde,1723,4125660.89,2394.46,3075904.00,0.00,1049756.89,STATISTIKPORTAL_INTEGRATED_2023_T1
2023,09,09274,municipality,092745221187,09274187,matched,Weihmichl,Mitgliedsgemeinde,2523,1728599.40,685.14,1676178.00,0.00,52421.40,STATISTIKPORTAL_INTEGRATED_2023_T1
2023,09,09274,joint_administration,092745222,,not_applicable,VG Wörth a.d.Isar,Verwaltungsgemeinschaft,6488,0.00,0.00,0.00,0.00,0.00,STATISTIKPORTAL_INTEGRATED_2023_T1
2023,09,09274,municipality,092745222174,09274174,matched,Postau,Mitgliedsgemeinde,1693,156812.31,92.62,0.00,0.00,156812.31,STATISTIKPORTAL_INTEGRATED_2023_T1
2023,09,09274,municipality,092745222188,09274188,matched,Weng,Mitgliedsgemeinde,1521,743424.46,488.77,586902.00,0.00,156522.46,STATISTIKPORTAL_INTEGRATED_2023_T1
2023,09,09274,municipality,092745222191,09274191,matched,Wörth a.d.Isar,Mitgliedsgemeinde,3274,0.00,0.00,0.00,0.00,0.00,STATISTIKPORTAL_INTEGRATED_2023_T1
2023,09,09274,joint_administration,092745223,,not_applicable,VG Gerzen,Verwaltungsgemeinschaft,6876,0.00,0.00,0.00,0.00,0.00,STATISTIKPORTAL_INTEGRATED_2023_T1
2023,09,09274,municipality,092745223112,09274112,matched,Aham,Mitgliedsgemeinde,1936,10102457.44,5218.21,2307560.00,7053.06,7787844.38,STATISTIKPORTAL_INTEGRATED_2023_T1
2023,09,09274,municipality,092745223135,09274135,matched,Gerzen,Mitgliedsgemeinde,1956,6635476.58,3392.37,4980100.00,18429.41,1636947.17,STATISTIKPORTAL_INTEGRATED_2023_T1
2023,09,09274,municipality,092745223145,09274145,matched,Kröning,Mitgliedsgemeinde,2067,1987055.70,961.32,1973046.00,7962.98,6046.72,STATISTIKPORTAL_INTEGRATED_2023_T1
2023,09,09274,municipality,092745223179,09274179,matched,Schalkham,Mitgliedsgemeinde,917,2335033.62,2546.38,2323200.00,11833.62,0.00,STATISTIKPORTAL_INTEGRATED_2023_T1
2023,09,09274,joint_administration,092745226,,not_applicable,VG Altfraunhofen,Verwaltungsgemeinschaft,3349,0.00,0.00,0.00,0.00,0.00,STATISTIKPORTAL_INTEGRATED_2023_T1
2023,09,09274,municipality,092745226114,09274114,matched,Altfraunhofen,Mitgliedsgemeinde,2553,1480309.90,579.83,231673.00,1243260.23,5376.67,STATISTIKPORTAL_INTEGRATED_2023_T1
2023,09,09274,municipality,092745226118,09274118,matched,Baierbach,Mitgliedsgemeinde,796,1373912.11,1726.02,750000.00,621648.77,2263.34,STATISTIKPORTAL_INTEGRATED_2023_T1
2023,09,09274,joint_administration,092745227,,not_applicable,VG Velden,Verwaltungsgemeinschaft,9141,0.00,0.00,0.00,0.00,0.00,STATISTIKPORTAL_INTEGRATED_2023_T1
2023,09,09274,municipality,092745227154,09274154,matched,Neufraunhofen,Mitgliedsgemeinde,1127,1000000.00,887.31,1000000.00,0.00,0.00,STATISTIKPORTAL_INTEGRATED_2023_T1
2023,09,09274,municipality,092745227183,09274183,matched,"Velden, Markt",Mitgliedsgemeinde,6613,6275345.00,948.94,6275345.00,0.00,0.00,STATISTIKPORTAL_INTEGRATED_2023_T1
2023,09,09274,municipality,092745227193,09274193,matched,Wurmsham,Mitgliedsgemeinde,1401,1664336.00,1187.96,1664336.00,0.00,0.00,STATISTIKPORTAL_INTEGRATED_2023_T1
2023,09,09275,county_administration,09275,,not_applicable,Landkreis Passau,Landkreis (Haushalt bzw. Verwaltung),197301,125319624.76,635.17,19969373.00,32876373.56,72473878.20,STATISTIKPORTAL_INTEGRATED_2023_T1
2023,09,09275,municipality,092750111111,09275111,matched,Aicha vorm Wald,Einheitsgemeinde,2450,1265900.00,516.69,1265900.00,0.00,0.00,STATISTIKPORTAL_INTEGRATED_2023_T1
2023,09,09275,municipality,092750114114,09275114,matched,Aldersbach,Einheitsgemeinde,4403,0.00,0.00,0.00,0.00,0.00,STATISTIKPORTAL_INTEGRATED_2023_T1
2023,09,09275,municipality,092750116116,09275116,matched,Bad Füssing,Einheitsgemeinde,8183,12661022.73,1547.23,12292232.00,0.00,368790.73,STATISTIKPORTAL_INTEGRATED_2023_T1
2023,09,09275,municipality,092750118118,09275118,matched,Breitenberg,Einheitsgemeinde,2016,1421830.06,705.27,977756.00,444074.06,0.00,STATISTIKPORTAL_INTEGRATED_2023_T1
2023,09,09275,municipality,092750119119,09275119,matched,Büchlberg,Einheitsgemeinde,4261,1357167.63,318.51,1347092.00,0.00,10075.63,STATISTIKPORTAL_INTEGRATED_2023_T1
2023,09,09275,municipality,092750120120,09275120,matched,"Eging a.See, Markt",Einheitsgemeinde,4341,767100.00,176.71,767100.00,0.00,0.00,STATISTIKPORTAL_INTEGRATED_2023_T1
2023,09,09275,municipality,092750121121,09275121,matched,Fürstenstein,Einheitsgemeinde,3576,6301050.00,1762.04,6301050.00,0.00,0.00,STATISTIKPORTAL_INTEGRATED_2023_T1
2023,09,09275,municipality,092750122122,09275122,matched,"Fürstenzell, Markt",Einheitsgemeinde,8553,8716075.27,1019.07,3247342.00,882190.33,4586542.94,STATISTIKPORTAL_INTEGRATED_2023_T1
2023,09,09275,municipality,092750124124,09275124,matched,"Bad Griesbach i.R., Stadt",Einheitsgemeinde,9289,16959410.26,1825.75,15935122.00,940000.00,84288.26,STATISTIKPORTAL_INTEGRATED_2023_T1
2023,09,09275,municipality,092750125125,09275125,matched,Haarbach,Einheitsgemeinde,2537,82500.00,32.52,82500.00,0.00,0.00,STATISTIKPORTAL_INTEGRATED_2023_T1
2023,09,09275,municipality,092750126126,09275126,matched,"Hauzenberg, Stadt",Einheitsgemeinde,11768,9101402.43,773.40,6613000.00,2488400.74,1.69,STATISTIKPORTAL_INTEGRATED_2023_T1
2023,09,09275,municipality,092750127127,09275127,matched,"Hofkirchen, Markt",Einheitsgemeinde,3755,65491.60,17.44,0.00,0.00,65491.60,STATISTIKPORTAL_INTEGRATED_2023_T1
2023,09,09275,municipality,092750128128,09275128,matched,"Hutthurm, Markt",Einheitsgemeinde,6367,5789063.44,909.23,5770030.00,0.00,19033.44,STATISTIKPORTAL_INTEGRATED_2023_T1
2023,09,09275,municipality,092750130130,09275130,matched,Kirchham,Einheitsgemeinde,2587,249908.07,96.60,138100.00,89968.20,21839.87,STATISTIKPORTAL_INTEGRATED_2023_T1
2023,09,09275,municipality,092750131131,09275131,matched,"Kößlarn, Markt",Einheitsgemeinde,1907,240141.00,125.93,240141.00,0.00,0.00,STATISTIKPORTAL_INTEGRATED_2023_T1
2023,09,09275,municipality,092750133133,09275133,matched,Neuburg a.Inn,Einheitsgemeinde,4429,3094371.42,698.66,31915.00,216579.83,2845876.59,STATISTIKPORTAL_INTEGRATED_2023_T1
2023,09,09275,municipality,092750134134,09275134,matched,Neuhaus a.Inn,Einheitsgemeinde,3649,3553165.10,973.74,1414080.00,0.00,2139085.10,STATISTIKPORTAL_INTEGRATED_2023_T1
2023,09,09275,municipality,092750135135,09275135,matched,Neukirchen vorm Wald,Einheitsgemeinde,3041,2240660.00,736.82,2014940.00,225720.00,0.00,STATISTIKPORTAL_INTEGRATED_2023_T1
2023,09,09275,municipality,092750137137,09275137,matched,"Obernzell, Markt",Einheitsgemeinde,3839,6490813.00,1690.76,6228313.00,0.00,262500.00,STATISTIKPORTAL_INTEGRATED_2023_T1
2023,09,09275,municipality,092750138138,09275138,matched,"Ortenburg, Markt",Einheitsgemeinde,7464,5148014.66,689.71,4873318.00,274696.66,0.00,STATISTIKPORTAL_INTEGRATED_2023_T1
2023,09,09275,municipality,092750141141,09275141,matched,"Pocking, Stadt",Einheitsgemeinde,16443,369945.82,22.50,81806.00,0.00,288139.82,STATISTIKPORTAL_INTEGRATED_2023_T1
2023,09,09275,municipality,092750144144,09275144,matched,Ruderting,Einheitsgemeinde,3142,2948117.00,938.29,84662.00,25080.00,2838375.00,STATISTIKPORTAL_INTEGRATED_2023_T1
2023,09,09275,municipality,092750145145,09275145,matched,"Ruhstorf a.d.Rott, Markt",Einheitsgemeinde,7072,3653492.05,516.61,2616937.00,274680.18,761874.87,STATISTIKPORTAL_INTEGRATED_2023_T1
2023,09,09275,municipality,092750146146,09275146,matched,Salzweg,Einheitsgemeinde,6767,13231141.00,1955.24,9919162.00,0.00,3311979.00,STATISTIKPORTAL_INTEGRATED_2023_T1
2023,09,09275,municipality,092750148148,09275148,matched,Sonnen,Einheitsgemeinde,1411,561599.50,398.02,262246.00,299353.50,0.00,STATISTIKPORTAL_INTEGRATED_2023_T1
2023,09,09275,municipality,092750149149,09275149,matched,Tettenweis,Einheitsgemeinde,1826,8531.20,4.67,0.00,0.00,8531.20,STATISTIKPORTAL_INTEGRATED_2023_T1
2023,09,09275,municipality,092750150150,09275150,matched,Thyrnau,Einheitsgemeinde,4250,2874276.39,676.30,2141156.00,733118.70,1.69,STATISTIKPORTAL_INTEGRATED_2023_T1
2023,09,09275,municipality,092750151151,09275151,matched,Tiefenbach (Landkreis Passau),Einheitsgemeinde,6854,0.00,0.00,0.00,0.00,0.00,STATISTIKPORTAL_INTEGRATED_2023_T1
2023,09,09275,municipality,092750153153,09275153,matched,"Untergriesbach, Markt",Einheitsgemeinde,6079,10934186.00,1798.68,10934186.00,0.00,0.00,STATISTIKPORTAL_INTEGRATED_2023_T1
2023,09,09275,municipality,092750154154,09275154,matched,"Vilshofen, Stadt",Einheitsgemeinde,18080,16043983.54,887.39,4067500.00,89099.19,11887384.35,STATISTIKPORTAL_INTEGRATED_2023_T1
2023,09,09275,municipality,092750156156,09275156,matched,"Wegscheid, Markt",Einheitsgemeinde,5557,11619035.00,2090.88,11619035.00,0.00,0.00,STATISTIKPORTAL_INTEGRATED_2023_T1
2023,09,09275,municipality,092750159159,09275159,matched,"Windorf, Markt",Einheitsgemeinde,5043,1493609.00,296.17,1493609.00,0.00,0.00,STATISTIKPORTAL_INTEGRATED_2023_T1
2023,09,09275,joint_administration,092755229,,not_applicable,VG Tittling,Verwaltungsgemeinschaft,5810,0.00,0.00,0.00,0.00,0.00,STATISTIKPORTAL_INTEGRATED_2023_T1
2023,09,09275,municipality,092755229152,09275152,matched,"Tittling, Markt",Mitgliedsgemeinde,4267,57084.00,13.38,57084.00,0.00,0.00,STATISTIKPORTAL_INTEGRATED_2023_T1
2023,09,09275,municipality,092755229160,09275160,matched,Witzmannsberg,Mitgliedsgemeinde,1543,857500.00,555.74,857500.00,0.00,0.00,STATISTIKPORTAL_INTEGRATED_2023_T1
2023,09,09275,joint_administration,092755232,,not_applicable,VG Aidenbach,Verwaltungsgemeinschaft,4341,0.00,0.00,0.00,0.00,0.00,STATISTIKPORTAL_INTEGRATED_2023_T1
2023,09,09275,municipality,092755232112,09275112,matched,"Aidenbach, Markt",Mitgliedsgemeinde,3130,3190832.00,1019.44,3190832.00,0.00,0.00,STATISTIKPORTAL_INTEGRATED_2023_T1
2023,09,09275,municipality,092755232117,09275117,matched,Beutelsbach,Mitgliedsgemeinde,1211,330124.00,272.60,330124.00,0.00,0.00,STATISTIKPORTAL_INTEGRATED_2023_T1
2023,09,09275,joint_administration,092755234,,not_applicable,VG Rotthalmünster,Verwaltungsgemeinschaft,6211,0.00,0.00,0.00,0.00,0.00,STATISTIKPORTAL_INTEGRATED_2023_T1
2023,09,09275,municipality,092755234132,09275132,matched,Malching,Mitgliedsgemeinde,1239,184362.86,148.80,148231.00,29989.40,6142.46,STATISTIKPORTAL_INTEGRATED_2023_T1
2023,09,09275,municipality,092755234143,09275143,matched,"Rotthalmünster, Markt",Mitgliedsgemeinde,4972,6855482.40,1378.82,6825493.00,29989.40,0.00,STATISTIKPORTAL_INTEGRATED_2023_T1
2023,09,09276,county_administration,09276,,not_applicable,Landkreis Regen,Landkreis (Haushalt bzw. Verwaltung),77959,18548922.56,237.93,3774021.00,196643.30,14578258.26,STATISTIKPORTAL_INTEGRATED_2023_T1
2023,09,09276,municipality,092760113113,09276113,matched,Arnbruck,Einheitsgemeinde,2025,3975863.93,1963.39,3952142.00,0.00,23721.93,STATISTIKPORTAL_INTEGRATED_2023_T1
2023,09,09276,municipality,092760115115,09276115,matched,Bayerisch Eisenstein,Einheitsgemeinde,994,10665.26,10.73,0.00,0.00,10665.26,STATISTIKPORTAL_INTEGRATED_2023_T1
2023,09,09276,municipality,092760116116,09276116,matched,Bischofsmais,Einheitsgemeinde,3342,4044777.23,1210.29,4020435.00,0.00,24342.23,STATISTIKPORTAL_INTEGRATED_2023_T1
2023,09,09276,municipality,092760117117,09276117,matched,"Bodenmais, Markt",Einheitsgemeinde,3568,2415781.44,677.07,2389120.00,0.00,26661.44,STATISTIKPORTAL_INTEGRATED_2023_T1
2023,09,09276,municipality,092760118118,09276118,matched,Böbrach,Einheitsgemeinde,1606,966796.71,601.99,952252.00,0.00,14544.71,STATISTIKPORTAL_INTEGRATED_2023_T1
2023,09,09276,municipality,092760120120,09276120,matched,Drachselsried,Einheitsgemeinde,2439,1707635.36,700.14,1684800.00,0.00,22835.36,STATISTIKPORTAL_INTEGRATED_2023_T1
2023,09,09276,municipality,092760121121,09276121,matched,Frauenau,Einheitsgemeinde,2705,551917.71,204.04,530652.00,0.00,21265.71,STATISTIKPORTAL_INTEGRATED_2023_T1
2023,09,09276,municipality,092760122122,09276122,matched,Geiersthal,Einheitsgemeinde,2190,518378.52,236.70,500000.00,0.00,18378.52,STATISTIKPORTAL_INTEGRATED_2023_T1
2023,09,09276,municipality,092760126126,09276126,matched,Kirchberg i.Wald,Einheitsgemeinde,4509,2737908.19,607.21,2705993.00,0.00,31915.19,STATISTIKPORTAL_INTEGRATED_2023_T1
2023,09,09276,municipality,092760127127,09276127,matched,Kirchdorf i.Wald,Einheitsgemeinde,2085,995771.10,477.59,978508.00,0.00,17263.10,STATISTIKPORTAL_INTEGRATED_2023_T1
2023,09,09276,municipality,092760128128,09276128,matched,Kollnburg,Einheitsgemeinde,2797,1113701.59,398.18,457121.00,638710.00,17870.59,STATISTIKPORTAL_INTEGRATED_2023_T1
2023,09,09276,municipality,092760129129,09276129,matched,Langdorf,Einheitsgemeinde,1872,1183983.32,632.47,1168350.00,0.00,15633.32,STATISTIKPORTAL_INTEGRATED_2023_T1
2023,09,09276,municipality,092760130130,09276130,matched,Lindberg,Einheitsgemeinde,2319,465007.17,200.52,446250.00,0.00,18757.17,STATISTIKPORTAL_INTEGRATED_2023_T1
2023,09,09276,municipality,092760134134,09276134,matched,Patersdorf,Einheitsgemeinde,1764,15254.67,8.65,0.00,0.00,15254.67,STATISTIKPORTAL_INTEGRATED_2023_T1
2023,09,09276,municipality,092760135135,09276135,matched,Prackenbach,Einheitsgemeinde,2783,931705.55,334.78,927479.00,0.00,4226.55,STATISTIKPORTAL_INTEGRATED_2023_T1
2023,09,09276,municipality,092760138138,09276138,matched,"Regen, Stadt",Einheitsgemeinde,10992,18727481.14,1703.74,12374910.00,28091.90,6324479.24,STATISTIKPORTAL_INTEGRATED_2023_T1
2023,09,09276,municipality,092760139139,09276139,matched,Rinchnach,Einheitsgemeinde,3110,1068321.93,343.51,1044737.00,0.00,23584.93,STATISTIKPORTAL_INTEGRATED_2023_T1
2023,09,09276,municipality,092760143143,09276143,matched,"Teisnach, Markt",Einheitsgemeinde,2988,9383598.62,3140.43,1475000.00,0.00,7908598.62,STATISTIKPORTAL_INTEGRATED_2023_T1
2023,09,09276,municipality,092760144144,09276144,matched,"Viechtach, Stadt",Einheitsgemeinde,8530,17823187.32,2089.47,15623699.00,714881.90,1484606.42,STATISTIKPORTAL_INTEGRATED_2023_T1
2023,09,09276,municipality,092760148148,09276148,matched,"Zwiesel, Stadt",Einheitsgemeinde,9017,7081082.69,785.30,1492233.00,28091.90,5560757.79,STATISTIKPORTAL_INTEGRATED_2023_T1
2023,09,09276,joint_administration,092765238,,not_applicable,VG Ruhmannsfelden,Verwaltungsgemeinschaft,6324,0.00,0.00,0.00,0.00,0.00,STATISTIKPORTAL_INTEGRATED_2023_T1
2023,09,09276,municipality,092765238111,09276111,matched,Achslach,Mitgliedsgemeinde,994,902153.25,907.60,840624.00,55254.75,6274.50,STATISTIKPORTAL_INTEGRATED_2023_T1
2023,09,09276,municipality,092765238123,09276123,matched,Gotteszell,Mitgliedsgemeinde,1196,1511209.92,1263.55,1444061.00,55254.75,11894.17,STATISTIKPORTAL_INTEGRATED_2023_T1
2023,09,09276,municipality,092765238142,09276142,matched,"Ruhmannsfelden, Markt",Mitgliedsgemeinde,2035,6428406.99,3158.92,6355957.00,55254.75,17195.24,STATISTIKPORTAL_INTEGRATED_2023_T1
2023,09,09276,municipality,092765238146,09276146,matched,Zachenberg,Mitgliedsgemeinde,2099,2207755.99,1051.81,2135164.00,55254.75,17337.24,STATISTIKPORTAL_INTEGRATED_2023_T1
2023,09,09277,county_administration,09277,,not_applicable,Landkreis Rottal-Inn,Landkreis (Haushalt bzw. Verwaltung),124681,43802496.51,351.32,16868051.00,338670.78,26595774.73,STATISTIKPORTAL_INTEGRATED_2023_T1
2023,09,09277,municipality,092770111111,09277111,matched,"Arnstorf, Markt",Einheitsgemeinde,7593,8062086.00,1061.78,8062086.00,0.00,0.00,STATISTIKPORTAL_INTEGRATED_2023_T1
2023,09,09277,municipality,092770114114,09277114,matched,Dietersburg,Einheitsgemeinde,3121,6405615.62,2052.42,5737978.00,2816.00,664821.62,STATISTIKPORTAL_INTEGRATED_2023_T1
2023,09,09277,municipality,092770116116,09277116,matched,"Eggenfelden, Stadt",Einheitsgemeinde,14413,30374115.62,2107.41,24468882.00,201217.69,5704015.93,STATISTIKPORTAL_INTEGRATED_2023_T1
2023,09,09277,municipality,092770117117,09277117,matched,Egglham,Einheitsgemeinde,2353,6181023.30,2626.87,5649166.00,0.00,531857.30,STATISTIKPORTAL_INTEGRATED_2023_T1
2023,09,09277,municipality,092770121121,09277121,matched,"Gangkofen, Markt",Einheitsgemeinde,6472,5461187.00,843.82,5461187.00,0.00,0.00,STATISTIKPORTAL_INTEGRATED_2023_T1
2023,09,09277,municipality,092770124124,09277124,matched,Hebertsfelden,Einheitsgemeinde,3761,0.00,0.00,0.00,0.00,0.00,STATISTIKPORTAL_INTEGRATED_2023_T1
2023,09,09277,municipality,092770126126,09277126,matched,Johanniskirchen,Einheitsgemeinde,2508,4598689.00,1833.61,4598689.00,0.00,0.00,STATISTIKPORTAL_INTEGRATED_2023_T1
2023,09,09277,municipality,092770127127,09277127,matched,Julbach,Einheitsgemeinde,2399,1800610.25,750.57,1800000.00,610.25,0.00,STATISTIKPORTAL_INTEGRATED_2023_T1
2023,09,09277,municipality,092770128128,09277128,matched,Kirchdorf a.Inn,Einheitsgemeinde,5451,1861764.00,341.55,1310613.00,329481.00,221670.00,STATISTIKPORTAL_INTEGRATED_2023_T1
2023,09,09277,municipality,092770134134,09277134,matched,Mitterskirchen,Einheitsgemeinde,2242,0.00,0.00,0.00,0.00,0.00,STATISTIKPORTAL_INTEGRATED_2023_T1
2023,09,09277,municipality,092770138138,09277138,matched,"Pfarrkirchen, Stadt",Einheitsgemeinde,13599,19452142.15,1430.41,2964843.00,87304.97,16399994.18,STATISTIKPORTAL_INTEGRATED_2023_T1
2023,09,09277,municipality,092770139139,09277139,matched,Postmünster,Einheitsgemeinde,2410,1504813.30,624.40,968512.00,4444.00,531857.30,STATISTIKPORTAL_INTEGRATED_2023_T1
2023,09,09277,municipality,092770142142,09277142,matched,Roßbach,Einheitsgemeinde,2949,6510463.00,2207.68,6510463.00,0.00,0.00,STATISTIKPORTAL_INTEGRATED_2023_T1
2023,09,09277,municipality,092770144144,09277144,matched,Schönau,Einheitsgemeinde,1922,5616778.83,2922.36,3958430.00,0.44,1658348.39,STATISTIKPORTAL_INTEGRATED_2023_T1
2023,09,09277,municipality,092770145145,09277145,matched,"Simbach a.Inn, Stadt",Einheitsgemeinde,10409,15466776.33,1485.90,4920583.00,50565.41,10495627.92,STATISTIKPORTAL_INTEGRATED_2023_T1
2023,09,09277,municipality,092770149149,09277149,matched,"Triftern, Markt",Einheitsgemeinde,5288,4828895.46,913.18,1615758.00,23402.91,3189734.55,STATISTIKPORTAL_INTEGRATED_2023_T1
2023,09,09277,municipality,092770151151,09277151,matched,Unterdietfurt,Einheitsgemeinde,2178,1832735.00,841.48,1832735.00,0.00,0.00,STATISTIKPORTAL_INTEGRATED_2023_T1
2023,09,09277,municipality,092770152152,09277152,matched,Wittibreut,Einheitsgemeinde,1980,2684709.29,1355.91,2282221.00,0.00,402488.29,STATISTIKPORTAL_INTEGRATED_2023_T1
2023,09,09277,municipality,092770153153,09277153,matched,"Wurmannsquick, Markt",Einheitsgemeinde,3504,2775099.07,791.98,2657988.00,117111.07,0.00,STATISTIKPORTAL_INTEGRATED_2023_T1
2023,09,09277,municipality,092770154154,09277154,matched,Zeilarn,Einheitsgemeinde,2217,2541225.85,1146.25,1540314.00,469054.55,531857.30,STATISTIKPORTAL_INTEGRATED_2023_T1
2023,09,09277,joint_administration,092775239,,not_applicable,VG Falkenberg,Verwaltungsgemeinschaft,6165,0.00,0.00,0.00,0.00,0.00,STATISTIKPORTAL_INTEGRATED_2023_T1
2023,09,09277,municipality,092775239119,09277119,matched,Falkenberg,Mitgliedsgemeinde,3934,4070410.03,1034.67,278514.00,0.00,3791896.03,STATISTIKPORTAL_INTEGRATED_2023_T1
2023,09,09277,municipality,092775239131,09277131,matched,Malgersdorf,Mitgliedsgemeinde,1280,1821013.71,1422.67,734844.00,0.00,1086169.71,STATISTIKPORTAL_INTEGRATED_2023_T1
2023,09,09277,municipality,092775239141,09277141,matched,Rimbach (Landkreis Rottal-Inn),Mitgliedsgemeinde,951,1164292.76,1224.28,87821.00,0.00,1076471.76,STATISTIKPORTAL_INTEGRATED_2023_T1
2023,09,09277,joint_administration,092775240,,not_applicable,VG Massing,Verwaltungsgemeinschaft,5049,0.00,0.00,0.00,0.00,0.00,STATISTIKPORTAL_INTEGRATED_2023_T1
2023,09,09277,municipality,092775240122,09277122,matched,Geratskirchen,Mitgliedsgemeinde,864,542667.00,628.09,542667.00,0.00,0.00,STATISTIKPORTAL_INTEGRATED_2023_T1
2023,09,09277,municipality,092775240133,09277133,matched,"Massing, Markt",Mitgliedsgemeinde,4185,350534.00,83.76,350534.00,0.00,0.00,STATISTIKPORTAL_INTEGRATED_2023_T1
2023,09,09277,joint_administration,092775241,,not_applicable,VG Bad Birnbach,Verwaltungsgemeinschaft,7635,0.00,0.00,0.00,0.00,0.00,STATISTIKPORTAL_INTEGRATED_2023_T1
2023,09,09277,municipality,092775241112,09277112,matched,Bayerbach,Mitgliedsgemeinde,1689,4415344.00,2614.18,4415344.00,0.00,0.00,STATISTIKPORTAL_INTEGRATED_2023_T1
2023,09,09277,municipality,092775241113,09277113,matched,"Bad Birnbach, Markt",Mitgliedsgemeinde,5946,23520564.15,3955.70,22749133.00,0.00,771431.15,STATISTIKPORTAL_INTEGRATED_2023_T1
2023,09,09277,joint_administration,092775243,,not_applicable,VG Tann,Verwaltungsgemeinschaft,5771,0.00,0.00,0.00,0.00,0.00,STATISTIKPORTAL_INTEGRATED_2023_T1
2023,09,09277,municipality,092775243140,09277140,matched,Reut,Mitgliedsgemeinde,1685,804678.20,477.55,0.00,538749.55,265928.65,STATISTIKPORTAL_INTEGRATED_2023_T1
2023,09,09277,municipality,092775243148,09277148,matched,"Tann, Markt",Mitgliedsgemeinde,4086,8148602.10,1994.27,3263691.00,3677635.17,1207275.93,STATISTIKPORTAL_INTEGRATED_2023_T1
2023,09,09277,joint_administration,092775244,,not_applicable,VG Ering,Verwaltungsgemeinschaft,3292,0.00,0.00,0.00,0.00,0.00,STATISTIKPORTAL_INTEGRATED_2023_T1
2023,09,09277,municipality,092775244118,09277118,matched,Ering,Mitgliedsgemeinde,1861,4192809.76,2252.99,1800000.00,0.00,2392809.76,STATISTIKPORTAL_INTEGRATED_2023_T1
2023,09,09277,municipality,092775244147,09277147,matched,Stubenberg,Mitgliedsgemeinde,1431,1218400.00,851.43,1218400.00,0.00,0.00,STATISTIKPORTAL_INTEGRATED_2023_T1
2023,09,09278,county_administration,09278,,not_applicable,Landkreis Straubing-Bogen,Landkreis (Haushalt bzw. Verwaltung),104032,69503450.44,668.10,4543809.00,5722933.53,59236707.91,STATISTIKPORTAL_INTEGRATED_2023_T1
2023,09,09278,municipality,092780118118,09278118,matched,"Bogen, Stadt",Einheitsgemeinde,10357,27623987.02,2667.18,23827513.00,28304.65,3768169.37,STATISTIKPORTAL_INTEGRATED_2023_T1
2023,09,09278,municipality,092780121121,09278121,matched,Feldkirchen (Landkreis Straubing-Bogen),Einheitsgemeinde,2031,3023205.00,1488.53,1989705.00,0.00,1033500.00,STATISTIKPORTAL_INTEGRATED_2023_T1
2023,09,09278,municipality,092780123123,09278123,matched,"Geiselhöring, Stadt",Einheitsgemeinde,7029,4436080.99,631.11,4044314.00,0.00,391766.99,STATISTIKPORTAL_INTEGRATED_2023_T1
2023,09,09278,municipality,092780129129,09278129,matched,Haibach (Landkreis Straubing-Bogen),Einheitsgemeinde,2121,2968462.04,1399.56,1916668.00,0.00,1051794.04,STATISTIKPORTAL_INTEGRATED_2023_T1
2023,09,09278,municipality,092780141141,09278141,matched,Kirchroth,Einheitsgemeinde,3879,15251.66,3.93,0.00,0.00,15251.66,STATISTIKPORTAL_INTEGRATED_2023_T1
2023,09,09278,municipality,092780143143,09278143,matched,Konzell,Einheitsgemeinde,1865,22810.79,12.23,22500.00,0.00,310.79,STATISTIKPORTAL_INTEGRATED_2023_T1
2023,09,09278,municipality,092780144144,09278144,matched,Laberweinting,Einheitsgemeinde,3488,2235075.23,640.79,2000000.00,0.00,235075.23,STATISTIKPORTAL_INTEGRATED_2023_T1
2023,09,09278,municipality,092780146146,09278146,matched,Leiblfing,Einheitsgemeinde,4361,8733874.87,2002.72,8718934.00,0.00,14940.87,STATISTIKPORTAL_INTEGRATED_2023_T1
2023,09,09278,municipality,092780148148,09278148,matched,"Mallersdorf-Pfaffenberg, Markt",Einheitsgemeinde,7026,2391596.00,340.39,2000000.00,0.00,391596.00,STATISTIKPORTAL_INTEGRATED_2023_T1
2023,09,09278,municipality,092780167167,09278167,matched,Oberschneiding,Einheitsgemeinde,3295,5111250.00,1551.21,5111250.00,0.00,0.00,STATISTIKPORTAL_INTEGRATED_2023_T1
2023,09,09278,municipality,092780170170,09278170,matched,Parkstetten,Einheitsgemeinde,3340,4080927.67,1221.83,3892500.00,173176.01,15251.66,STATISTIKPORTAL_INTEGRATED_2023_T1
2023,09,09278,municipality,092780178178,09278178,matched,Rattenberg,Einheitsgemeinde,1710,310.79,0.18,0.00,0.00,310.79,STATISTIKPORTAL_INTEGRATED_2023_T1
2023,09,09278,municipality,092780184184,09278184,matched,Sankt Englmar,Einheitsgemeinde,1950,2799757.79,1435.77,2799447.00,0.00,310.79,STATISTIKPORTAL_INTEGRATED_2023_T1
2023,09,09278,municipality,092780190190,09278190,matched,Steinach,Einheitsgemeinde,3327,116622.65,35.05,0.00,101370.99,15251.66,STATISTIKPORTAL_INTEGRATED_2023_T1
2023,09,09278,municipality,092780197197,09278197,matched,Wiesenfelden,Einheitsgemeinde,3881,10656435.66,2745.80,10641184.00,0.00,15251.66,STATISTIKPORTAL_INTEGRATED_2023_T1
2023,09,09278,joint_administration,092785246,,not_applicable,VG Stallwang,Verwaltungsgemeinschaft,3652,0.00,0.00,0.00,0.00,0.00,STATISTIKPORTAL_INTEGRATED_2023_T1
2023,09,09278,municipality,092785246147,09278147,matched,Loitzendorf,Mitgliedsgemeinde,642,310.79,0.48,0.00,0.00,310.79,STATISTIKPORTAL_INTEGRATED_2023_T1
2023,09,09278,municipality,092785246179,09278179,matched,Rattiszell,Mitgliedsgemeinde,1549,6479973.66,4183.33,3262501.00,0.00,3217472.66,STATISTIKPORTAL_INTEGRATED_2023_T1
2023,09,09278,municipality,092785246189,09278189,matched,Stallwang,Mitgliedsgemeinde,1461,792462.79,542.41,792152.00,0.00,310.79,STATISTIKPORTAL_INTEGRATED_2023_T1
2023,09,09278,joint_administration,092785248,,not_applicable,VG Mitterfels,Verwaltungsgemeinschaft,7474,0.00,0.00,0.00,0.00,0.00,STATISTIKPORTAL_INTEGRATED_2023_T1
2023,09,09278,municipality,092785248116,09278116,matched,Ascha,Mitgliedsgemeinde,1628,3080914.04,1892.45,3024821.00,0.00,56093.04,STATISTIKPORTAL_INTEGRATED_2023_T1
2023,09,09278,municipality,092785248120,09278120,matched,Falkenfels,Mitgliedsgemeinde,1051,999876.66,951.36,984625.00,0.00,15251.66,STATISTIKPORTAL_INTEGRATED_2023_T1
2023,09,09278,municipality,092785248134,09278134,matched,Haselbach,Mitgliedsgemeinde,1947,1126816.16,578.74,1000000.00,0.00,126816.16,STATISTIKPORTAL_INTEGRATED_2023_T1
2023,09,09278,municipality,092785248151,09278151,matched,"Mitterfels, Markt",Mitgliedsgemeinde,2848,2448417.91,859.70,2154255.00,0.00,294162.91,STATISTIKPORTAL_INTEGRATED_2023_T1
2023,09,09278,joint_administration,092785249,,not_applicable,VG Hunderdorf,Verwaltungsgemeinschaft,6211,0.00,0.00,0.00,0.00,0.00,STATISTIKPORTAL_INTEGRATED_2023_T1
2023,09,09278,municipality,092785249139,09278139,matched,Hunderdorf,Mitgliedsgemeinde,3345,373332.04,111.61,94110.00,0.00,279222.04,STATISTIKPORTAL_INTEGRATED_2023_T1
2023,09,09278,municipality,092785249154,09278154,matched,Neukirchen,Mitgliedsgemeinde,1756,1190128.04,677.75,1134035.00,0.00,56093.04,STATISTIKPORTAL_INTEGRATED_2023_T1
2023,09,09278,municipality,092785249198,09278198,matched,Windberg,Mitgliedsgemeinde,1110,1180389.79,1063.41,1180079.00,0.00,310.79,STATISTIKPORTAL_INTEGRATED_2023_T1
2023,09,09278,joint_administration,092785250,,not_applicable,VG Rain,Verwaltungsgemeinschaft,8192,0.00,0.00,0.00,0.00,0.00,STATISTIKPORTAL_INTEGRATED_2023_T1
2023,09,09278,municipality,092785250112,09278112,matched,Aholfing,Mitgliedsgemeinde,1912,994266.39,520.01,0.00,994266.39,0.00,STATISTIKPORTAL_INTEGRATED_2023_T1
2023,09,09278,municipality,092785250117,09278117,matched,Atting,Mitgliedsgemeinde,1699,994296.22,585.22,0.00,994296.22,0.00,STATISTIKPORTAL_INTEGRATED_2023_T1
2023,09,09278,municipality,092785250172,09278172,matched,Perkam,Mitgliedsgemeinde,1615,914940.87,566.53,900000.00,0.00,14940.87,STATISTIKPORTAL_INTEGRATED_2023_T1
2023,09,09278,municipality,092785250177,09278177,matched,Rain,Mitgliedsgemeinde,2966,1847614.39,622.93,724798.00,994266.39,128550.00,STATISTIKPORTAL_INTEGRATED_2023_T1
2023,09,09278,joint_administration,092785252,,not_applicable,VG Schwarzach,Verwaltungsgemeinschaft,7887,0.00,0.00,0.00,0.00,0.00,STATISTIKPORTAL_INTEGRATED_2023_T1
2023,09,09278,municipality,092785252149,09278149,matched,Mariaposching,Mitgliedsgemeinde,1424,114446.66,80.37,99195.00,0.00,15251.66,STATISTIKPORTAL_INTEGRATED_2023_T1
2023,09,09278,municipality,092785252159,09278159,matched,Niederwinkling,Mitgliedsgemeinde,2980,70465.90,23.65,55199.00,0.00,15266.90,STATISTIKPORTAL_INTEGRATED_2023_T1
2023,09,09278,municipality,092785252171,09278171,matched,Perasdorf,Mitgliedsgemeinde,526,615251.66,1169.68,600000.00,0.00,15251.66,STATISTIKPORTAL_INTEGRATED_2023_T1
2023,09,09278,municipality,092785252187,09278187,matched,"Schwarzach, Markt",Mitgliedsgemeinde,2957,2094570.66,708.34,2079319.00,0.00,15251.66,STATISTIKPORTAL_INTEGRATED_2023_T1
2023,09,09278,joint_administration,092785256,,not_applicable,VG Aiterhofen,Verwaltungsgemeinschaft,6325,0.00,0.00,0.00,0.00,0.00,STATISTIKPORTAL_INTEGRATED_2023_T1
2023,09,09278,municipality,092785256113,09278113,matched,Aiterhofen,Mitgliedsgemeinde,3518,5032949.32,1430.63,0.00,0.00,5032949.32,STATISTIKPORTAL_INTEGRATED_2023_T1
2023,09,09278,municipality,092785256182,09278182,matched,Salching,Mitgliedsgemeinde,2807,1919686.69,683.89,0.00,0.00,1919686.69,STATISTIKPORTAL_INTEGRATED_2023_T1
2023,09,09278,joint_administration,092785257,,not_applicable,VG Straßkirchen,Verwaltungsgemeinschaft,4631,0.00,0.00,0.00,0.00,0.00,STATISTIKPORTAL_INTEGRATED_2023_T1
2023,09,09278,municipality,092785257140,09278140,matched,Irlbach,Mitgliedsgemeinde,1143,308842.00,270.20,308842.00,0.00,0.00,STATISTIKPORTAL_INTEGRATED_2023_T1
2023,09,09278,municipality,092785257192,09278192,matched,Straßkirchen,Mitgliedsgemeinde,3488,3073856.00,881.27,3073856.00,0.00,0.00,STATISTIKPORTAL_INTEGRATED_2023_T1
2023,09,09279,county_administration,09279,,not_applicable,Landkreis Dingolfing-Landau,Landkreis (Haushalt bzw. Verwaltung),100878,75880877.88,752.20,14211927.00,3230837.22,58438113.66,STATISTIKPORTAL_INTEGRATED_2023_T1
2023,09,09279,municipality,092790112112,09279112,matched,"Dingolfing, Stadt",Einheitsgemeinde,20786,25195536.06,1212.14,0.00,56617.22,25138918.84,STATISTIKPORTAL_INTEGRATED_2023_T1
2023,09,09279,municipality,092790113113,09279113,matched,"Eichendorf, Markt",Einheitsgemeinde,6686,2225273.00,332.83,2225273.00,0.00,0.00,STATISTIKPORTAL_INTEGRATED_2023_T1
2023,09,09279,municipality,092790115115,09279115,matched,"Frontenhausen, Markt",Einheitsgemeinde,4862,818208.19,168.29,0.00,0.00,818208.19,STATISTIKPORTAL_INTEGRATED_2023_T1
2023,09,09279,municipality,092790122122,09279122,matched,"Landau a.d.Isar, Stadt",Einheitsgemeinde,14216,11639471.32,818.76,6488000.00,56617.22,5094854.10,STATISTIKPORTAL_INTEGRATED_2023_T1
2023,09,09279,municipality,092790124124,09279124,matched,Loiching,Einheitsgemeinde,3748,4472916.13,1193.41,4462123.00,0.00,10793.13,STATISTIKPORTAL_INTEGRATED_2023_T1
2023,09,09279,municipality,092790126126,09279126,matched,Marklkofen,Einheitsgemeinde,3892,5682339.89,1460.01,1914912.00,0.00,3767427.89,STATISTIKPORTAL_INTEGRATED_2023_T1
2023,09,09279,municipality,092790127127,09279127,matched,Mengkofen,Einheitsgemeinde,6087,7315334.77,1201.80,7002000.00,0.00,313334.77,STATISTIKPORTAL_INTEGRATED_2023_T1
2023,09,09279,municipality,092790128128,09279128,matched,Moosthenning,Einheitsgemeinde,5118,313334.77,61.22,0.00,0.00,313334.77,STATISTIKPORTAL_INTEGRATED_2023_T1
2023,09,09279,municipality,092790130130,09279130,matched,Niederviehbach,Einheitsgemeinde,2705,1162906.53,429.91,1155177.00,0.00,7729.53,STATISTIKPORTAL_INTEGRATED_2023_T1
2023,09,09279,municipality,092790132132,09279132,matched,"Pilsting, Markt",Einheitsgemeinde,7167,10353451.31,1444.60,10196639.00,0.00,156812.31,STATISTIKPORTAL_INTEGRATED_2023_T1
2023,09,09279,municipality,092790134134,09279134,matched,"Reisbach, Markt",Einheitsgemeinde,7927,5985720.90,755.11,0.00,0.00,5985720.90,STATISTIKPORTAL_INTEGRATED_2023_T1
2023,09,09279,municipality,092790135135,09279135,matched,"Simbach, Markt",Einheitsgemeinde,4410,513991.02,116.55,0.00,0.00,513991.02,STATISTIKPORTAL_INTEGRATED_2023_T1
2023,09,09279,municipality,092790137137,09279137,matched,"Wallersdorf, Markt",Einheitsgemeinde,7356,0.00,0.00,0.00,0.00,0.00,STATISTIKPORTAL_INTEGRATED_2023_T1
2023,09,09279,joint_administration,092795208,,not_applicable,VG Mamming,Verwaltungsgemeinschaft,5918,0.00,0.00,0.00,0.00,0.00,STATISTIKPORTAL_INTEGRATED_2023_T1
2023,09,09279,municipality,092795208116,09279116,matched,Gottfrieding,Mitgliedsgemeinde,2510,4646508.57,1851.20,0.00,2191884.00,2454624.57,STATISTIKPORTAL_INTEGRATED_2023_T1
2023,09,09279,municipality,092795208125,09279125,matched,Mamming,Mitgliedsgemeinde,3408,10835382.42,3179.40,7747029.00,2191884.00,896469.42,STATISTIKPORTAL_INTEGRATED_2023_T1
2023,09,09361,municipality,093610000000,09361000,matched,"Amberg, kreisfreie Stadt",kreisfreie Stadt,42658,88992224.53,2086.18,20748318.00,1811293.01,66432613.52,STATISTIKPORTAL_INTEGRATED_2023_T1
2023,09,09362,municipality,093620000000,09362000,matched,"Regensburg, kreisfreie Stadt",kreisfreie Stadt,158366,561386524.16,3544.87,110587029.00,30463223.21,420336271.95,STATISTIKPORTAL_INTEGRATED_2023_T1
2023,09,09363,municipality,093630000000,09363000,matched,"Weiden i.d. Oberpfalz, kreisfreie Stadt",kreisfreie Stadt,43093,222440057.12,5161.86,74544430.00,575639.71,147319987.41,STATISTIKPORTAL_INTEGRATED_2023_T1
2023,09,09371,county_administration,09371,,not_applicable,Landkreis Amberg-Sulzbach,Landkreis (Haushalt bzw. Verwaltung),104643,41812995.09,399.58,11440786.00,3567346.58,26804862.51,STATISTIKPORTAL_INTEGRATED_2023_T1
2023,09,09371,municipality,093710111111,09371111,matched,Ammerthal,Einheitsgemeinde,2066,1642300.85,794.92,1625544.00,0.00,16756.85,STATISTIKPORTAL_INTEGRATED_2023_T1
2023,09,09371,municipality,093710113113,09371113,matched,"Auerbach i.d. Oberpfalz, Stadt",Einheitsgemeinde,9056,22587411.12,2494.19,19406524.00,56405.65,3124481.47,STATISTIKPORTAL_INTEGRATED_2023_T1
2023,09,09371,municipality,093710118118,09371118,matched,Ebermannsdorf,Einheitsgemeinde,2378,6349487.46,2670.10,6249994.00,0.00,99493.46,STATISTIKPORTAL_INTEGRATED_2023_T1
2023,09,09371,municipality,093710119119,09371119,matched,Edelsfeld,Einheitsgemeinde,2014,119184.22,59.18,0.00,0.00,119184.22,STATISTIKPORTAL_INTEGRATED_2023_T1
2023,09,09371,municipality,093710120120,09371120,matched,Ensdorf,Einheitsgemeinde,2063,72477.70,35.13,0.00,0.00,72477.70,STATISTIKPORTAL_INTEGRATED_2023_T1
2023,09,09371,municipality,093710121121,09371121,matched,"Freihung, Markt",Einheitsgemeinde,2572,7557903.52,2938.53,7523497.00,0.00,34406.52,STATISTIKPORTAL_INTEGRATED_2023_T1
2023,09,09371,municipality,093710122122,09371122,matched,Freudenberg,Einheitsgemeinde,4128,11642290.77,2820.32,11588337.00,2586.89,51366.88,STATISTIKPORTAL_INTEGRATED_2023_T1
2023,09,09371,municipality,093710127127,09371127,matched,"Hirschau, Stadt",Einheitsgemeinde,5674,8053585.21,1419.38,7274382.00,744795.00,34408.21,STATISTIKPORTAL_INTEGRATED_2023_T1
2023,09,09371,municipality,093710129129,09371129,matched,"Hohenburg, Markt",Einheitsgemeinde,1598,2571338.69,1609.10,2034495.00,0.00,536843.69,STATISTIKPORTAL_INTEGRATED_2023_T1
2023,09,09371,municipality,093710132132,09371132,matched,"Kastl, Markt",Einheitsgemeinde,2566,2191583.46,854.09,1347661.00,0.00,843922.46,STATISTIKPORTAL_INTEGRATED_2023_T1
2023,09,09371,municipality,093710136136,09371136,matched,Kümmersbruck,Einheitsgemeinde,9904,7092964.94,716.17,4630412.00,23119.27,2439433.67,STATISTIKPORTAL_INTEGRATED_2023_T1
2023,09,09371,municipality,093710144144,09371144,matched,Poppenricht,Einheitsgemeinde,3368,2203118.79,654.13,1561976.00,0.00,641142.79,STATISTIKPORTAL_INTEGRATED_2023_T1
2023,09,09371,municipality,093710146146,09371146,matched,"Rieden, Markt",Einheitsgemeinde,2649,4999275.00,1887.23,4993817.00,0.00,5458.00,STATISTIKPORTAL_INTEGRATED_2023_T1
2023,09,09371,municipality,093710148148,09371148,matched,"Schmidmühlen, Markt",Einheitsgemeinde,2354,5279889.00,2242.94,5279889.00,0.00,0.00,STATISTIKPORTAL_INTEGRATED_2023_T1
2023,09,09371,municipality,093710150150,09371150,matched,"Schnaittenbach, Stadt",Einheitsgemeinde,4275,9985998.40,2335.91,9258780.00,0.00,727218.40,STATISTIKPORTAL_INTEGRATED_2023_T1
2023,09,09371,municipality,093710151151,09371151,matched,"Sulzbach-Rosenberg, Stadt",Einheitsgemeinde,19373,57160020.51,2950.50,50433329.00,80342.83,6646348.68,STATISTIKPORTAL_INTEGRATED_2023_T1
2023,09,09371,municipality,093710154154,09371154,matched,Ursensollen,Einheitsgemeinde,3809,3723051.18,977.44,1000000.00,0.00,2723051.18,STATISTIKPORTAL_INTEGRATED_2023_T1
2023,09,09371,municipality,093710156156,09371156,matched,"Vilseck, Stadt",Einheitsgemeinde,6888,6473985.55,939.89,6334165.00,0.00,139820.55,STATISTIKPORTAL_INTEGRATED_2023_T1
2023,09,09371,joint_administration,093715301,,not_applicable,VG Hahnbach,Verwaltungsgemeinschaft,5928,0.00,0.00,0.00,0.00,0.00,STATISTIKPORTAL_INTEGRATED_2023_T1
2023,09,09371,municipality,093715301123,09371123,matched,Gebenbach,Mitgliedsgemeinde,871,4197167.52,4818.79,2806732.00,0.00,1390435.52,STATISTIKPORTAL_INTEGRATED_2023_T1
2023,09,09371,municipality,093715301126,09371126,matched,"Hahnbach, Markt",Mitgliedsgemeinde,5057,6096151.80,1205.49,5510186.00,0.00,585965.80,STATISTIKPORTAL_INTEGRATED_2023_T1
2023,09,09371,joint_administration,093715302,,not_applicable,VG Königstein,Verwaltungsgemeinschaft,2897,0.00,0.00,0.00,0.00,0.00,STATISTIKPORTAL_INTEGRATED_2023_T1
2023,09,09371,municipality,093715302128,09371128,matched,Hirschbach,Mitgliedsgemeinde,1175,1387866.71,1181.16,437115.00,155901.71,794850.00,STATISTIKPORTAL_INTEGRATED_2023_T1
2023,09,09371,municipality,093715302135,09371135,matched,"Königstein, Markt",Mitgliedsgemeinde,1722,1948585.29,1131.58,489369.00,216534.29,1242682.00,STATISTIKPORTAL_INTEGRATED_2023_T1
2023,09,09371,joint_administration,093715303,,not_applicable,VG Neukirchen b.Sulzbach-Rosenberg,Verwaltungsgemeinschaft,5177,0.00,0.00,0.00,0.00,0.00,STATISTIKPORTAL_INTEGRATED_2023_T1
2023,09,09371,municipality,093715303140,09371140,matched,Etzelwang,Mitgliedsgemeinde,1383,4686822.39,3388.88,3344999.00,0.00,1341823.39,STATISTIKPORTAL_INTEGRATED_2023_T1
2023,09,09371,municipality,093715303141,09371141,matched,Neukirchen b.Sulzbach-Rosenberg,Mitgliedsgemeinde,2536,5334688.85,2103.58,4458518.00,0.00,876170.85,STATISTIKPORTAL_INTEGRATED_2023_T1
2023,09,09371,municipality,093715303157,09371157,matched,Weigendorf,Mitgliedsgemeinde,1258,2170070.66,1725.02,567623.00,815065.50,787382.16,STATISTIKPORTAL_INTEGRATED_2023_T1
2023,09,09371,joint_administration,093715304,,not_applicable,VG Illschwang,Verwaltungsgemeinschaft,3906,0.00,0.00,0.00,0.00,0.00,STATISTIKPORTAL_INTEGRATED_2023_T1
2023,09,09371,municipality,093715304116,09371116,matched,Birgland,Mitgliedsgemeinde,1848,4515451.40,2443.43,2541549.00,215234.00,1758668.40,STATISTIKPORTAL_INTEGRATED_2023_T1
2023,09,09371,municipality,093715304131,09371131,matched,Illschwang,Mitgliedsgemeinde,2058,2707192.80,1315.45,349880.00,215234.00,2142078.80,STATISTIKPORTAL_INTEGRATED_2023_T1
2023,09,09372,county_administration,09372,,not_applicable,Landkreis Cham,Landkreis (Haushalt bzw. Verwaltung),130506,38900526.59,298.07,12116870.00,351403.06,26432253.53,STATISTIKPORTAL_INTEGRATED_2023_T1
2023,09,09372,municipality,093720112112,09372112,matched,Arnschwang,Einheitsgemeinde,2038,0.00,0.00,0.00,0.00,0.00,STATISTIKPORTAL_INTEGRATED_2023_T1
2023,09,09372,municipality,093720113113,09372113,matched,Arrach,Einheitsgemeinde,2360,1270660.00,538.42,1270660.00,0.00,0.00,STATISTIKPORTAL_INTEGRATED_2023_T1
2023,09,09372,municipality,093720115115,09372115,matched,Blaibach,Einheitsgemeinde,1945,894441.00,459.87,894441.00,0.00,0.00,STATISTIKPORTAL_INTEGRATED_2023_T1
2023,09,09372,municipality,093720116116,09372116,matched,"Cham, Stadt",Einheitsgemeinde,17489,15633900.43,893.93,4362475.00,1426849.44,9844575.99,STATISTIKPORTAL_INTEGRATED_2023_T1
2023,09,09372,municipality,093720117117,09372117,matched,Chamerau,Einheitsgemeinde,2572,878185.37,341.44,711004.00,167181.37,0.00,STATISTIKPORTAL_INTEGRATED_2023_T1
2023,09,09372,municipality,093720124124,09372124,matched,"Eschlkam, Markt",Einheitsgemeinde,3349,208243.00,62.18,208243.00,0.00,0.00,STATISTIKPORTAL_INTEGRATED_2023_T1
2023,09,09372,municipality,093720126126,09372126,matched,"Furth im Wald, Stadt",Einheitsgemeinde,8998,16620072.64,1847.09,8500000.00,63924.88,8056147.76,STATISTIKPORTAL_INTEGRATED_2023_T1
2023,09,09372,municipality,093720130130,09372130,matched,Grafenwiesen,Einheitsgemeinde,1479,1229029.00,830.99,1229029.00,0.00,0.00,STATISTIKPORTAL_INTEGRATED_2023_T1
2023,09,09372,municipality,093720135135,09372135,matched,Hohenwarth,Einheitsgemeinde,1936,773433.00,399.50,773433.00,0.00,0.00,STATISTIKPORTAL_INTEGRATED_2023_T1
2023,09,09372,municipality,093720137137,09372137,matched,"Bad Kötzting, Stadt",Einheitsgemeinde,7474,7455131.49,997.48,7340898.00,0.00,114233.49,STATISTIKPORTAL_INTEGRATED_2023_T1
2023,09,09372,municipality,093720138138,09372138,matched,"Lam, Markt",Einheitsgemeinde,2711,1373580.69,506.67,1373579.00,0.00,1.69,STATISTIKPORTAL_INTEGRATED_2023_T1
2023,09,09372,municipality,093720143143,09372143,matched,Miltach,Einheitsgemeinde,2346,498147.00,212.34,498147.00,0.00,0.00,STATISTIKPORTAL_INTEGRATED_2023_T1
2023,09,09372,municipality,093720144144,09372144,matched,"Neukirchen b.Hl.Blut, Markt",Einheitsgemeinde,3718,3210785.69,863.58,3210784.00,0.00,1.69,STATISTIKPORTAL_INTEGRATED_2023_T1
2023,09,09372,municipality,093720146146,09372146,matched,Pemfling,Einheitsgemeinde,2283,167181.37,73.23,0.00,167181.37,0.00,STATISTIKPORTAL_INTEGRATED_2023_T1
2023,09,09372,municipality,093720151151,09372151,matched,Rimbach (Landkreis Cham),Einheitsgemeinde,1813,0.00,0.00,0.00,0.00,0.00,STATISTIKPORTAL_INTEGRATED_2023_T1
2023,09,09372,municipality,093720153153,09372153,matched,"Roding, Stadt",Einheitsgemeinde,13090,33473404.92,2557.17,12389864.00,2630564.89,18452976.03,STATISTIKPORTAL_INTEGRATED_2023_T1
2023,09,09372,municipality,093720154154,09372154,matched,"Rötz, Stadt",Einheitsgemeinde,3354,4047895.00,1206.89,4047895.00,0.00,0.00,STATISTIKPORTAL_INTEGRATED_2023_T1
2023,09,09372,municipality,093720155155,09372155,matched,Runding,Einheitsgemeinde,2303,603113.37,261.88,435932.00,167181.37,0.00,STATISTIKPORTAL_INTEGRATED_2023_T1
2023,09,09372,municipality,093720157157,09372157,matched,Schönthal,Einheitsgemeinde,1971,995593.00,505.12,939353.00,0.00,56240.00,STATISTIKPORTAL_INTEGRATED_2023_T1
2023,09,09372,municipality,093720158158,09372158,matched,Schorndorf,Einheitsgemeinde,2972,1142870.00,384.55,1142870.00,0.00,0.00,STATISTIKPORTAL_INTEGRATED_2023_T1
2023,09,09372,municipality,093720164164,09372164,matched,Traitsching,Einheitsgemeinde,4359,3202346.39,734.65,2867890.00,334454.70,1.69,STATISTIKPORTAL_INTEGRATED_2023_T1
2023,09,09372,municipality,093720168168,09372168,matched,Waffenbrunn,Einheitsgemeinde,2074,1084198.87,522.76,624720.00,167181.37,292297.50,STATISTIKPORTAL_INTEGRATED_2023_T1
2023,09,09372,municipality,093720171171,09372171,matched,"Waldmünchen, Stadt",Einheitsgemeinde,6762,3058819.40,452.35,693731.00,0.00,2365088.40,STATISTIKPORTAL_INTEGRATED_2023_T1
2023,09,09372,municipality,093720175175,09372175,matched,Willmering,Einheitsgemeinde,2045,967858.87,473.28,443425.00,167181.37,357252.50,STATISTIKPORTAL_INTEGRATED_2023_T1
2023,09,09372,municipality,093720177177,09372177,matched,Zandt,Einheitsgemeinde,2075,0.00,0.00,0.00,0.00,0.00,STATISTIKPORTAL_INTEGRATED_2023_T1
2023,09,09372,municipality,093720178178,09372178,matched,Lohberg,Einheitsgemeinde,1860,6047.69,3.25,6046.00,0.00,1.69,STATISTIKPORTAL_INTEGRATED_2023_T1
2023,09,09372,joint_administration,093725308,,not_applicable,VG Tiefenbach,Verwaltungsgemeinschaft,2872,0.00,0.00,0.00,0.00,0.00,STATISTIKPORTAL_INTEGRATED_2023_T1
2023,09,09372,municipality,093725308163,09372163,matched,Tiefenbach (Landkreis Cham),Mitgliedsgemeinde,1881,290884.00,154.64,276824.00,0.00,14060.00,STATISTIKPORTAL_INTEGRATED_2023_T1
2023,09,09372,municipality,093725308165,09372165,matched,Treffelstein,Mitgliedsgemeinde,991,394234.00,397.81,394234.00,0.00,0.00,STATISTIKPORTAL_INTEGRATED_2023_T1
2023,09,09372,joint_administration,093725310,,not_applicable,VG Stamsried,Verwaltungsgemeinschaft,3266,0.00,0.00,0.00,0.00,0.00,STATISTIKPORTAL_INTEGRATED_2023_T1
2023,09,09372,municipality,093725310147,09372147,matched,Pösing,Mitgliedsgemeinde,998,955121.00,957.04,955121.00,0.00,0.00,STATISTIKPORTAL_INTEGRATED_2023_T1
2023,09,09372,municipality,093725310161,09372161,matched,"Stamsried, Markt",Mitgliedsgemeinde,2268,4546696.00,2004.72,4546696.00,0.00,0.00,STATISTIKPORTAL_INTEGRATED_2023_T1
2023,09,09372,joint_administration,093725312,,not_applicable,VG Weiding,Verwaltungsgemeinschaft,3312,0.00,0.00,0.00,0.00,0.00,STATISTIKPORTAL_INTEGRATED_2023_T1
2023,09,09372,municipality,093725312128,09372128,matched,Gleißenberg,Mitgliedsgemeinde,844,728266.53,862.88,721587.00,6679.53,0.00,STATISTIKPORTAL_INTEGRATED_2023_T1
2023,09,09372,municipality,093725312174,09372174,matched,Weiding (Landkreis Cham),Mitgliedsgemeinde,2468,4058169.47,1644.32,4044608.00,13561.47,0.00,STATISTIKPORTAL_INTEGRATED_2023_T1
2023,09,09372,joint_administration,093725313,,not_applicable,VG Walderbach,Verwaltungsgemeinschaft,3702,0.00,0.00,0.00,0.00,0.00,STATISTIKPORTAL_INTEGRATED_2023_T1
2023,09,09372,municipality,093725313149,09372149,matched,Reichenbach (Landkreis Cham),Mitgliedsgemeinde,1333,2884258.48,2163.73,1741822.00,1142436.48,0.00,STATISTIKPORTAL_INTEGRATED_2023_T1
2023,09,09372,municipality,093725313170,09372170,matched,Walderbach,Mitgliedsgemeinde,2369,1945976.52,821.43,422719.00,1523257.52,0.00,STATISTIKPORTAL_INTEGRATED_2023_T1
2023,09,09372,joint_administration,093725317,,not_applicable,VG Wald,Verwaltungsgemeinschaft,4917,0.00,0.00,0.00,0.00,0.00,STATISTIKPORTAL_INTEGRATED_2023_T1
2023,09,09372,municipality,093725317167,09372167,matched,Zell,Mitgliedsgemeinde,1867,1.69,0.00,0.00,0.00,1.69,STATISTIKPORTAL_INTEGRATED_2023_T1
2023,09,09372,municipality,093725317169,09372169,matched,Wald (Landkreis Cham),Mitgliedsgemeinde,3050,354635.00,116.27,354635.00,0.00,0.00,STATISTIKPORTAL_INTEGRATED_2023_T1
2023,09,09372,joint_administration,093725318,,not_applicable,VG Falkenstein,Verwaltungsgemeinschaft,7061,0.00,0.00,0.00,0.00,0.00,STATISTIKPORTAL_INTEGRATED_2023_T1
2023,09,09372,municipality,093725318125,09372125,matched,"Falkenstein, Markt",Mitgliedsgemeinde,3471,4075975.10,1174.29,3742021.00,0.00,333954.10,STATISTIKPORTAL_INTEGRATED_2023_T1
2023,09,09372,municipality,093725318142,09372142,matched,Michelsneukirchen,Mitgliedsgemeinde,1766,1078130.69,610.49,1078129.00,0.00,1.69,STATISTIKPORTAL_INTEGRATED_2023_T1
2023,09,09372,municipality,093725318150,09372150,matched,Rettenbach (Landkreis Cham),Mitgliedsgemeinde,1824,1453407.69,796.82,1453406.00,0.00,1.69,STATISTIKPORTAL_INTEGRATED_2023_T1
2023,09,09373,county_administration,09373,,not_applicable,Landkreis Neumarkt i.d. Oberpfalz,Landkreis (Haushalt bzw. Verwaltung),138631,15446475.24,111.42,2322797.00,235917.30,12887760.94,STATISTIKPORTAL_INTEGRATED_2023_T1
2023,09,09373,municipality,093730112112,09373112,matched,"Berching, Stadt",Einheitsgemeinde,9065,4448479.74,490.73,3879230.00,0.00,569249.74,STATISTIKPORTAL_INTEGRATED_2023_T1
2023,09,09373,municipality,093730113113,09373113,matched,Berg b.Neumarkt/ Oberpfalz,Einheitsgemeinde,8142,149983.87,18.42,0.00,0.00,149983.87,STATISTIKPORTAL_INTEGRATED_2023_T1
2023,09,09373,municipality,093730115115,09373115,matched,"Breitenbrunn, Markt",Einheitsgemeinde,3589,595963.67,166.05,463132.00,0.00,132831.67,STATISTIKPORTAL_INTEGRATED_2023_T1
2023,09,09373,municipality,093730119119,09373119,matched,Deining,Einheitsgemeinde,5347,1741632.00,325.72,1117506.00,0.00,624126.00,STATISTIKPORTAL_INTEGRATED_2023_T1
2023,09,09373,municipality,093730121121,09373121,matched,"Dietfurt/Altmühl, Stadt",Einheitsgemeinde,6235,2475412.00,397.02,2475412.00,0.00,0.00,STATISTIKPORTAL_INTEGRATED_2023_T1
2023,09,09373,municipality,093730126126,09373126,matched,"Freystadt, Stadt",Einheitsgemeinde,9306,12617901.85,1355.89,11488535.00,0.00,1129366.85,STATISTIKPORTAL_INTEGRATED_2023_T1
2023,09,09373,municipality,093730134134,09373134,matched,"Hohenfels, Markt",Einheitsgemeinde,2298,4374752.04,1903.72,2217664.00,156449.84,2000638.20,STATISTIKPORTAL_INTEGRATED_2023_T1
2023,09,09373,municipality,093730140140,09373140,matched,"Lauterhofen, Markt",Einheitsgemeinde,3771,3594583.84,953.22,2003342.00,0.00,1591241.84,STATISTIKPORTAL_INTEGRATED_2023_T1
2023,09,09373,municipality,093730143143,09373143,matched,"Lupburg, Markt",Einheitsgemeinde,2552,2676880.70,1048.93,279326.00,226982.11,2170572.59,STATISTIKPORTAL_INTEGRATED_2023_T1
2023,09,09373,municipality,093730146146,09373146,matched,Mühlhausen,Einheitsgemeinde,5212,98844.75,18.96,0.00,0.00,98844.75,STATISTIKPORTAL_INTEGRATED_2023_T1
2023,09,09373,municipality,093730147147,09373147,matched,"Neumarkt i.d. Oberpfalz, Große Kreisstadt",große Kreisstadt,41089,44741976.70,1088.90,1653070.00,352039.06,42736867.64,STATISTIKPORTAL_INTEGRATED_2023_T1
2023,09,09373,municipality,093730151151,09373151,matched,"Parsberg, Stadt",Einheitsgemeinde,7600,13576199.37,1786.34,5433150.00,941464.89,7201584.48,STATISTIKPORTAL_INTEGRATED_2023_T1
2023,09,09373,municipality,093730155155,09373155,matched,Postbauer-Heng,Einheitsgemeinde,8107,20678728.12,2550.73,19937071.00,163920.00,577737.12,STATISTIKPORTAL_INTEGRATED_2023_T1
2023,09,09373,municipality,093730156156,09373156,matched,"Pyrbaum, Markt",Einheitsgemeinde,5808,9682545.93,1667.11,6572021.00,109280.00,3001244.93,STATISTIKPORTAL_INTEGRATED_2023_T1
2023,09,09373,municipality,093730160160,09373160,matched,Seubersdorf i.d. Oberpfalz,Einheitsgemeinde,5379,4343312.10,807.46,3319040.00,0.00,1024272.10,STATISTIKPORTAL_INTEGRATED_2023_T1
2023,09,09373,municipality,093730167167,09373167,matched,"Velburg, Stadt",Einheitsgemeinde,5497,5526291.95,1005.33,3919500.00,0.00,1606791.95,STATISTIKPORTAL_INTEGRATED_2023_T1
2023,09,09373,joint_administration,093735321,,not_applicable,VG Neumarkt i.d. Oberpfalz,Verwaltungsgemeinschaft,9634,0.00,0.00,0.00,0.00,0.00,STATISTIKPORTAL_INTEGRATED_2023_T1
2023,09,09373,municipality,093735321114,09373114,matched,Berngau,Mitgliedsgemeinde,2609,1541331.67,590.77,862372.00,645603.00,33356.67,STATISTIKPORTAL_INTEGRATED_2023_T1
2023,09,09373,municipality,093735321153,09373153,matched,Pilsach,Mitgliedsgemeinde,2953,3282314.72,1111.52,2790861.00,0.00,491453.72,STATISTIKPORTAL_INTEGRATED_2023_T1
2023,09,09373,municipality,093735321159,09373159,matched,Sengenthal,Mitgliedsgemeinde,4072,1054528.00,258.97,0.00,430402.00,624126.00,STATISTIKPORTAL_INTEGRATED_2023_T1
2023,09,09374,county_administration,09374,,not_applicable,Landkreis Neustadt a.d.Waldnaab,Landkreis (Haushalt bzw. Verwaltung),96220,17045530.67,177.15,5887991.00,380404.34,10777135.33,STATISTIKPORTAL_INTEGRATED_2023_T1
2023,09,09374,municipality,093740111111,09374111,matched,Altenstadt/Waldnaab,Einheitsgemeinde,4702,737197.92,156.78,125284.00,64753.49,547160.43,STATISTIKPORTAL_INTEGRATED_2023_T1
2023,09,09374,municipality,093740118118,09374118,matched,"Eslarn, Markt",Einheitsgemeinde,2728,3423013.96,1254.77,2955884.00,9038.55,458091.41,STATISTIKPORTAL_INTEGRATED_2023_T1
2023,09,09374,municipality,093740121121,09374121,matched,"Floß, Markt",Einheitsgemeinde,3439,9110825.05,2649.27,2559271.00,29545.81,6522008.24,STATISTIKPORTAL_INTEGRATED_2023_T1
2023,09,09374,municipality,093740122122,09374122,matched,Flossenbürg,Einheitsgemeinde,1466,5716974.11,3899.71,868244.00,0.00,4848730.11,STATISTIKPORTAL_INTEGRATED_2023_T1
2023,09,09374,municipality,093740124124,09374124,matched,"Grafenwöhr, Stadt",Einheitsgemeinde,6672,5143274.19,770.87,2077964.00,28224.14,3037086.05,STATISTIKPORTAL_INTEGRATED_2023_T1
2023,09,09374,municipality,093740133133,09374133,matched,"Luhe-Wildenau, Markt",Einheitsgemeinde,3464,2795738.11,807.08,2794108.00,0.00,1630.11,STATISTIKPORTAL_INTEGRATED_2023_T1
2023,09,09374,municipality,093740134134,09374134,matched,"Mantel, Markt",Einheitsgemeinde,2764,720164.26,260.55,483476.00,0.00,236688.26,STATISTIKPORTAL_INTEGRATED_2023_T1
2023,09,09374,municipality,093740137137,09374137,matched,"Moosbach, Markt",Einheitsgemeinde,2382,2809838.76,1179.61,1223188.00,0.00,1586650.76,STATISTIKPORTAL_INTEGRATED_2023_T1
2023,09,09374,municipality,093740139139,09374139,matched,"Neustadt/Waldnaab, Stadt",Einheitsgemeinde,5959,8498953.82,1426.24,4390610.00,122165.17,3986178.65,STATISTIKPORTAL_INTEGRATED_2023_T1
2023,09,09374,municipality,093740162162,09374162,matched,"Vohenstrauß, Stadt",Einheitsgemeinde,7662,2966966.92,387.23,159804.00,54316.55,2752846.37,STATISTIKPORTAL_INTEGRATED_2023_T1
2023,09,09374,municipality,093740164164,09374164,matched,"Waidhaus, Markt",Einheitsgemeinde,2121,468755.31,221.01,0.00,9038.55,459716.76,STATISTIKPORTAL_INTEGRATED_2023_T1
2023,09,09374,municipality,093740165165,09374165,matched,"Waldthurn, Markt",Einheitsgemeinde,1893,2072677.11,1094.92,2071047.00,0.00,1630.11,STATISTIKPORTAL_INTEGRATED_2023_T1
2023,09,09374,municipality,093740168168,09374168,matched,"Windischeschenbach, Stadt",Einheitsgemeinde,4984,5170459.32,1037.41,5150134.00,0.00,20325.32,STATISTIKPORTAL_INTEGRATED_2023_T1
2023,09,09374,joint_administration,093745323,,not_applicable,VG Neustadt a.d.Waldnaab,Verwaltungsgemeinschaft,7720,0.00,0.00,0.00,0.00,0.00,STATISTIKPORTAL_INTEGRATED_2023_T1
2023,09,09374,municipality,093745323128,09374128,matched,Kirchendemenreuth,Mitgliedsgemeinde,877,1246876.11,1421.75,1245246.00,0.00,1630.11,STATISTIKPORTAL_INTEGRATED_2023_T1
2023,09,09374,municipality,093745323144,09374144,matched,"Parkstein, Markt",Mitgliedsgemeinde,2346,1630.11,0.69,0.00,0.00,1630.11,STATISTIKPORTAL_INTEGRATED_2023_T1
2023,09,09374,municipality,093745323150,09374150,matched,Püchersreuth,Mitgliedsgemeinde,1716,44913.76,26.17,44909.00,0.00,4.76,STATISTIKPORTAL_INTEGRATED_2023_T1
2023,09,09374,municipality,093745323158,09374158,matched,Störnstein,Mitgliedsgemeinde,1562,187574.91,120.09,0.00,19849.06,167725.85,STATISTIKPORTAL_INTEGRATED_2023_T1
2023,09,09374,municipality,093745323160,09374160,matched,Theisseil,Mitgliedsgemeinde,1219,486590.96,399.17,455837.00,3253.94,27500.02,STATISTIKPORTAL_INTEGRATED_2023_T1
2023,09,09374,joint_administration,093745324,,not_applicable,VG Pressath,Verwaltungsgemeinschaft,6702,0.00,0.00,0.00,0.00,0.00,STATISTIKPORTAL_INTEGRATED_2023_T1
2023,09,09374,municipality,093745324148,09374148,matched,Trabitz,Mitgliedsgemeinde,1287,871630.11,677.26,870000.00,0.00,1630.11,STATISTIKPORTAL_INTEGRATED_2023_T1
2023,09,09374,municipality,093745324149,09374149,matched,"Pressath, Stadt",Mitgliedsgemeinde,4253,4935876.70,1160.56,2691847.00,37603.77,2206425.93,STATISTIKPORTAL_INTEGRATED_2023_T1
2023,09,09374,municipality,093745324156,09374156,matched,Schwarzenbach,Mitgliedsgemeinde,1162,342219.11,294.51,340589.00,0.00,1630.11,STATISTIKPORTAL_INTEGRATED_2023_T1
2023,09,09374,joint_administration,093745325,,not_applicable,VG Weiherhammer,Verwaltungsgemeinschaft,6651,0.00,0.00,0.00,0.00,0.00,STATISTIKPORTAL_INTEGRATED_2023_T1
2023,09,09374,municipality,093745325119,09374119,matched,Etzenricht,Mitgliedsgemeinde,1563,228275.11,146.05,226645.00,0.00,1630.11,STATISTIKPORTAL_INTEGRATED_2023_T1
2023,09,09374,municipality,093745325131,09374131,matched,"Kohlberg, Markt",Mitgliedsgemeinde,1210,534617.11,441.83,532987.00,0.00,1630.11,STATISTIKPORTAL_INTEGRATED_2023_T1
2023,09,09374,municipality,093745325166,09374166,matched,Weiherhammer,Mitgliedsgemeinde,3878,3339091.61,861.03,3100778.00,0.00,238313.61,STATISTIKPORTAL_INTEGRATED_2023_T1
2023,09,09374,joint_administration,093745326,,not_applicable,VG Kirchenthumbach,Verwaltungsgemeinschaft,5150,0.00,0.00,0.00,0.00,0.00,STATISTIKPORTAL_INTEGRATED_2023_T1
2023,09,09374,municipality,093745326129,09374129,matched,"Kirchenthumbach, Markt",Mitgliedsgemeinde,3237,1502953.11,464.30,1235731.00,0.00,267222.11,STATISTIKPORTAL_INTEGRATED_2023_T1
2023,09,09374,municipality,093745326155,09374155,matched,Schlammersdorf,Mitgliedsgemeinde,851,4.76,0.01,0.00,0.00,4.76,STATISTIKPORTAL_INTEGRATED_2023_T1
2023,09,09374,municipality,093745326163,09374163,matched,Vorbach,Mitgliedsgemeinde,1062,1630.11,1.53,0.00,0.00,1630.11,STATISTIKPORTAL_INTEGRATED_2023_T1
2023,09,09374,joint_administration,093745327,,not_applicable,VG Eschenbach i.d. Oberpfalz,Verwaltungsgemeinschaft,6811,0.00,0.00,0.00,0.00,0.00,STATISTIKPORTAL_INTEGRATED_2023_T1
2023,09,09374,municipality,093745327117,09374117,matched,"Eschenbach i.d. Oberpfalz, Stadt",Mitgliedsgemeinde,4523,3576864.48,790.82,100930.00,56405.65,3419528.83,STATISTIKPORTAL_INTEGRATED_2023_T1
2023,09,09374,municipality,093745327140,09374140,matched,"Neustadt am Kulm, Stadt",Mitgliedsgemeinde,1147,2007227.11,1749.98,2005597.00,0.00,1630.11,STATISTIKPORTAL_INTEGRATED_2023_T1
2023,09,09374,municipality,093745327157,09374157,matched,Speinshart,Mitgliedsgemeinde,1141,603620.11,529.03,601990.00,0.00,1630.11,STATISTIKPORTAL_INTEGRATED_2023_T1
2023,09,09374,joint_administration,093745329,,not_applicable,VG Schirmitz,Verwaltungsgemeinschaft,6702,0.00,0.00,0.00,0.00,0.00,STATISTIKPORTAL_INTEGRATED_2023_T1
2023,09,09374,municipality,093745329127,09374127,matched,Irchenrieth,Mitgliedsgemeinde,1646,4.76,0.00,0.00,0.00,4.76,STATISTIKPORTAL_INTEGRATED_2023_T1
2023,09,09374,municipality,093745329146,09374146,matched,Pirk,Mitgliedsgemeinde,1953,3022550.76,1547.65,3022546.00,0.00,4.76,STATISTIKPORTAL_INTEGRATED_2023_T1
2023,09,09374,municipality,093745329154,09374154,matched,Schirmitz,Mitgliedsgemeinde,2019,154720.76,76.63,154716.00,0.00,4.76,STATISTIKPORTAL_INTEGRATED_2023_T1
2023,09,09374,municipality,093745329170,09374170,matched,Bechtsrieth,Mitgliedsgemeinde,1084,589102.76,543.45,589098.00,0.00,4.76,STATISTIKPORTAL_INTEGRATED_2023_T1
2023,09,09374,joint_administration,093745330,,not_applicable,VG Tännesberg,Verwaltungsgemeinschaft,2576,0.00,0.00,0.00,0.00,0.00,STATISTIKPORTAL_INTEGRATED_2023_T1
2023,09,09374,municipality,093745330132,09374132,matched,"Leuchtenberg, Markt",Mitgliedsgemeinde,1121,3066130.11,2735.17,3064500.00,0.00,1630.11,STATISTIKPORTAL_INTEGRATED_2023_T1
2023,09,09374,municipality,093745330159,09374159,matched,"Tännesberg, Markt",Mitgliedsgemeinde,1455,2864678.63,1968.85,0.00,1879020.00,985658.63,STATISTIKPORTAL_INTEGRATED_2023_T1
2023,09,09374,joint_administration,093745331,,not_applicable,VG Pleystein,Verwaltungsgemeinschaft,3672,0.00,0.00,0.00,0.00,0.00,STATISTIKPORTAL_INTEGRATED_2023_T1
2023,09,09374,municipality,093745331123,09374123,matched,Georgenberg,Mitgliedsgemeinde,1308,3169337.76,2423.04,3169333.00,0.00,4.76,STATISTIKPORTAL_INTEGRATED_2023_T1
2023,09,09374,municipality,093745331147,09374147,matched,"Pleystein, Stadt",Mitgliedsgemeinde,2364,5686232.31,2405.34,5217477.00,9038.55,459716.76,STATISTIKPORTAL_INTEGRATED_2023_T1
2023,09,09375,county_administration,09375,,not_applicable,Landkreis Regensburg,Landkreis (Haushalt bzw. Verwaltung),199031,43717744.80,219.65,16026939.00,1339939.23,26350866.57,STATISTIKPORTAL_INTEGRATED_2023_T1
2023,09,09375,municipality,093750117117,09375117,matched,Barbing,Einheitsgemeinde,5828,3831319.27,657.40,3396069.00,401893.60,33356.67,STATISTIKPORTAL_INTEGRATED_2023_T1
2023,09,09375,municipality,093750118118,09375118,matched,"Beratzhausen, Markt",Einheitsgemeinde,5684,11647206.67,2049.12,7696589.00,613866.37,3336751.30,STATISTIKPORTAL_INTEGRATED_2023_T1
2023,09,09375,municipality,093750119119,09375119,matched,Bernhardswald,Einheitsgemeinde,5468,6242667.73,1141.67,5925948.00,0.00,316719.73,STATISTIKPORTAL_INTEGRATED_2023_T1
2023,09,09375,municipality,093750143143,09375143,matched,Hagelstadt,Einheitsgemeinde,1961,3927235.93,2002.67,3552519.00,341360.26,33356.67,STATISTIKPORTAL_INTEGRATED_2023_T1
2023,09,09375,municipality,093750148148,09375148,matched,"Hemau, Stadt",Einheitsgemeinde,9684,3536823.66,365.22,1767619.00,190554.90,1578649.76,STATISTIKPORTAL_INTEGRATED_2023_T1
2023,09,09375,municipality,093750161161,09375161,matched,Köfering,Einheitsgemeinde,2836,4034998.53,1422.78,178637.00,682720.52,3173641.01,STATISTIKPORTAL_INTEGRATED_2023_T1
2023,09,09375,municipality,093750165165,09375165,matched,"Lappersdorf, Markt",Einheitsgemeinde,13485,4039842.51,299.58,2685865.00,0.00,1353977.51,STATISTIKPORTAL_INTEGRATED_2023_T1
2023,09,09375,municipality,093750170170,09375170,matched,Mintraching,Einheitsgemeinde,4968,9449344.98,1902.04,84375.00,683007.28,8681962.70,STATISTIKPORTAL_INTEGRATED_2023_T1
2023,09,09375,municipality,093750174174,09375174,matched,"Neutraubling, Stadt",Einheitsgemeinde,14428,33525.96,2.32,0.00,0.00,33525.96,STATISTIKPORTAL_INTEGRATED_2023_T1
2023,09,09375,municipality,093750175175,09375175,matched,Nittendorf,Einheitsgemeinde,9388,3978645.71,423.80,0.00,0.00,3978645.71,STATISTIKPORTAL_INTEGRATED_2023_T1
2023,09,09375,municipality,093750179179,09375179,matched,Obertraubling,Einheitsgemeinde,8760,4992458.10,569.92,2648152.00,0.00,2344306.10,STATISTIKPORTAL_INTEGRATED_2023_T1
2023,09,09375,municipality,093750180180,09375180,matched,Pentling,Einheitsgemeinde,6323,33356.67,5.28,0.00,0.00,33356.67,STATISTIKPORTAL_INTEGRATED_2023_T1
2023,09,09375,municipality,093750181181,09375181,matched,Pettendorf,Einheitsgemeinde,3503,6152342.79,1756.31,5238604.00,474004.05,439734.74,STATISTIKPORTAL_INTEGRATED_2023_T1
2023,09,09375,municipality,093750183183,09375183,matched,Pfatter,Einheitsgemeinde,3281,1667679.67,508.28,1634323.00,0.00,33356.67,STATISTIKPORTAL_INTEGRATED_2023_T1
2023,09,09375,municipality,093750190190,09375190,matched,"Regenstauf, Markt",Einheitsgemeinde,16619,7372703.96,443.63,5081215.00,0.00,2291488.96,STATISTIKPORTAL_INTEGRATED_2023_T1
2023,09,09375,municipality,093750196196,09375196,matched,"Schierling, Markt",Einheitsgemeinde,8534,6589144.45,772.11,6358739.00,0.00,230405.45,STATISTIKPORTAL_INTEGRATED_2023_T1
2023,09,09375,municipality,093750199199,09375199,matched,Sinzing,Einheitsgemeinde,7546,7129436.75,944.80,6767779.00,162759.04,198898.71,STATISTIKPORTAL_INTEGRATED_2023_T1
2023,09,09375,municipality,093750204204,09375204,matched,Tegernheim,Einheitsgemeinde,5779,4406760.32,762.55,3671360.00,0.00,735400.32,STATISTIKPORTAL_INTEGRATED_2023_T1
2023,09,09375,municipality,093750205205,09375205,matched,Thalmassing,Einheitsgemeinde,3593,8087403.59,2250.88,3619884.00,341360.26,4126159.33,STATISTIKPORTAL_INTEGRATED_2023_T1
2023,09,09375,municipality,093750208208,09375208,matched,Wenzenbach,Einheitsgemeinde,9023,726130.50,80.48,0.00,0.00,726130.50,STATISTIKPORTAL_INTEGRATED_2023_T1
2023,09,09375,municipality,093750209209,09375209,matched,Wiesent,Einheitsgemeinde,2711,1665209.67,614.24,711493.00,0.00,953716.67,STATISTIKPORTAL_INTEGRATED_2023_T1
2023,09,09375,municipality,093750213213,09375213,matched,Zeitlarn,Einheitsgemeinde,5691,33358.36,5.86,0.00,0.00,33358.36,STATISTIKPORTAL_INTEGRATED_2023_T1
2023,09,09375,joint_administration,093755332,,not_applicable,VG Kallmünz,Verwaltungsgemeinschaft,5490,0.00,0.00,0.00,0.00,0.00,STATISTIKPORTAL_INTEGRATED_2023_T1
2023,09,09375,municipality,093755332131,09375131,matched,Duggendorf,Mitgliedsgemeinde,1605,1984165.77,1236.24,451841.00,469506.75,1062818.02,STATISTIKPORTAL_INTEGRATED_2023_T1
2023,09,09375,municipality,093755332153,09375153,matched,Holzheim a.Forst,Mitgliedsgemeinde,1091,857529.30,786.00,243736.00,469506.75,144286.55,STATISTIKPORTAL_INTEGRATED_2023_T1
2023,09,09375,municipality,093755332156,09375156,matched,"Kallmünz, Markt",Mitgliedsgemeinde,2794,5972993.51,2137.79,3331482.00,632265.79,2009245.72,STATISTIKPORTAL_INTEGRATED_2023_T1
2023,09,09375,joint_administration,093755333,,not_applicable,VG Laaber,Verwaltungsgemeinschaft,8843,0.00,0.00,0.00,0.00,0.00,STATISTIKPORTAL_INTEGRATED_2023_T1
2023,09,09375,municipality,093755333122,09375122,matched,Brunn,Mitgliedsgemeinde,1510,1603766.21,1062.10,514387.00,55713.45,1033665.76,STATISTIKPORTAL_INTEGRATED_2023_T1
2023,09,09375,municipality,093755333127,09375127,matched,Deuerling,Mitgliedsgemeinde,1962,1061523.46,541.04,0.00,27857.70,1033665.76,STATISTIKPORTAL_INTEGRATED_2023_T1
2023,09,09375,municipality,093755333162,09375162,matched,"Laaber, Markt",Mitgliedsgemeinde,5371,6567078.78,1222.69,3478397.00,83571.15,3005110.63,STATISTIKPORTAL_INTEGRATED_2023_T1
2023,09,09375,joint_administration,093755334,,not_applicable,VG Pielenhofen-Wolfsegg,Verwaltungsgemeinschaft,3247,0.00,0.00,0.00,0.00,0.00,STATISTIKPORTAL_INTEGRATED_2023_T1
2023,09,09375,municipality,093755334184,09375184,matched,Pielenhofen,Mitgliedsgemeinde,1671,2447964.60,1464.97,1947523.00,286472.45,213969.15,STATISTIKPORTAL_INTEGRATED_2023_T1
2023,09,09375,municipality,093755334211,09375211,matched,Wolfsegg,Mitgliedsgemeinde,1576,1704924.83,1081.81,1002044.00,500746.25,202134.58,STATISTIKPORTAL_INTEGRATED_2023_T1
2023,09,09375,joint_administration,093755335,,not_applicable,VG Donaustauf,Verwaltungsgemeinschaft,7786,0.00,0.00,0.00,0.00,0.00,STATISTIKPORTAL_INTEGRATED_2023_T1
2023,09,09375,municipality,093755335114,09375114,matched,Altenthann,Mitgliedsgemeinde,1522,565515.67,371.56,532159.00,0.00,33356.67,STATISTIKPORTAL_INTEGRATED_2023_T1
2023,09,09375,municipality,093755335116,09375116,matched,Bach a.d.Donau,Mitgliedsgemeinde,1968,1515396.67,770.02,1482040.00,0.00,33356.67,STATISTIKPORTAL_INTEGRATED_2023_T1
2023,09,09375,municipality,093755335130,09375130,matched,"Donaustauf, Markt",Mitgliedsgemeinde,4296,3432367.67,798.97,3399011.00,0.00,33356.67,STATISTIKPORTAL_INTEGRATED_2023_T1
2023,09,09375,joint_administration,093755336,,not_applicable,VG Wörth a.d.Donau,Verwaltungsgemeinschaft,7142,0.00,0.00,0.00,0.00,0.00,STATISTIKPORTAL_INTEGRATED_2023_T1
2023,09,09375,municipality,093755336120,09375120,matched,Brennberg,Mitgliedsgemeinde,2116,1739511.67,822.08,1706155.00,0.00,33356.67,STATISTIKPORTAL_INTEGRATED_2023_T1
2023,09,09375,municipality,093755336210,09375210,matched,"Wörth a.d.Donau, Stadt",Mitgliedsgemeinde,5026,2851102.67,567.27,1295606.00,0.00,1555496.67,STATISTIKPORTAL_INTEGRATED_2023_T1
2023,09,09375,joint_administration,093755337,,not_applicable,VG Alteglofsheim,Verwaltungsgemeinschaft,5013,0.00,0.00,0.00,0.00,0.00,STATISTIKPORTAL_INTEGRATED_2023_T1
2023,09,09375,municipality,093755337113,09375113,matched,Alteglofsheim,Mitgliedsgemeinde,3336,4299464.47,1288.81,76848.00,341360.26,3881256.21,STATISTIKPORTAL_INTEGRATED_2023_T1
2023,09,09375,municipality,093755337182,09375182,matched,Pfakofen,Mitgliedsgemeinde,1677,548985.93,327.36,174269.00,341360.26,33356.67,STATISTIKPORTAL_INTEGRATED_2023_T1
2023,09,09375,joint_administration,093755338,,not_applicable,VG Sünching,Verwaltungsgemeinschaft,6417,0.00,0.00,0.00,0.00,0.00,STATISTIKPORTAL_INTEGRATED_2023_T1
2023,09,09375,municipality,093755338115,09375115,matched,Aufhausen,Mitgliedsgemeinde,1998,412425.93,206.42,37709.00,341360.26,33356.67,STATISTIKPORTAL_INTEGRATED_2023_T1
2023,09,09375,municipality,093755338171,09375171,matched,Mötzing,Mitgliedsgemeinde,1338,374716.93,280.06,0.00,341360.26,33356.67,STATISTIKPORTAL_INTEGRATED_2023_T1
2023,09,09375,municipality,093755338191,09375191,matched,Riekofen,Mitgliedsgemeinde,827,374716.93,453.10,0.00,341360.26,33356.67,STATISTIKPORTAL_INTEGRATED_2023_T1
2023,09,09375,municipality,093755338201,09375201,matched,Sünching,Mitgliedsgemeinde,2254,1395186.04,618.98,1020592.00,341237.37,33356.67,STATISTIKPORTAL_INTEGRATED_2023_T1
2023,09,09376,county_administration,09376,,not_applicable,Landkreis Schwandorf,Landkreis (Haushalt bzw. Verwaltung),151955,26966101.76,177.46,12079405.00,706580.51,14180116.25,STATISTIKPORTAL_INTEGRATED_2023_T1
2023,09,09376,municipality,093760116116,09376116,matched,Bodenwöhr,Einheitsgemeinde,4418,6036955.33,1366.45,4587475.00,70804.22,1378676.11,STATISTIKPORTAL_INTEGRATED_2023_T1
2023,09,09376,municipality,093760117117,09376117,matched,Markt Bruck i.d. Oberpfalz,Einheitsgemeinde,4495,2029073.40,451.41,907668.00,60927.29,1060478.11,STATISTIKPORTAL_INTEGRATED_2023_T1
2023,09,09376,municipality,093760119119,09376119,matched,"Burglengenfeld, Stadt",Einheitsgemeinde,14587,74652549.19,5117.75,18250663.00,162697.20,56239188.99,STATISTIKPORTAL_INTEGRATED_2023_T1
2023,09,09376,municipality,093760125125,09376125,matched,Fensterbach,Einheitsgemeinde,2433,1550313.79,637.20,736000.00,162759.04,651554.75,STATISTIKPORTAL_INTEGRATED_2023_T1
2023,09,09376,municipality,093760141141,09376141,matched,"Maxhütte-Haidhof, Stadt",Einheitsgemeinde,12268,37751099.23,3077.20,19398535.00,69728.77,18282835.46,STATISTIKPORTAL_INTEGRATED_2023_T1
2023,09,09376,municipality,093760147147,09376147,matched,"Neunburg vorm Wald, Stadt",Einheitsgemeinde,8432,35780663.77,4243.44,14725613.00,259143.24,20795907.53,STATISTIKPORTAL_INTEGRATED_2023_T1
2023,09,09376,municipality,093760149149,09376149,matched,"Nittenau, Stadt",Einheitsgemeinde,9523,12643559.25,1327.69,12192561.00,87614.28,363383.97,STATISTIKPORTAL_INTEGRATED_2023_T1
2023,09,09376,municipality,093760150150,09376150,matched,"Wernberg-Köblitz, Markt",Einheitsgemeinde,5614,6449718.32,1148.86,5843834.00,162697.20,443187.12,STATISTIKPORTAL_INTEGRATED_2023_T1
2023,09,09376,municipality,093760151151,09376151,matched,"Oberviechtach, Stadt",Einheitsgemeinde,4962,15446706.37,3113.00,15282681.00,164025.37,0.00,STATISTIKPORTAL_INTEGRATED_2023_T1
2023,09,09376,municipality,093760159159,09376159,matched,Schmidgaden,Einheitsgemeinde,3084,2042799.29,662.39,0.00,162759.04,1880040.25,STATISTIKPORTAL_INTEGRATED_2023_T1
2023,09,09376,municipality,093760161161,09376161,matched,"Schwandorf, Große Kreisstadt",große Kreisstadt,30123,34659549.06,1150.60,9874582.00,232267.73,24552699.33,STATISTIKPORTAL_INTEGRATED_2023_T1
2023,09,09376,municipality,093760170170,09376170,matched,"Teublitz, Stadt",Einheitsgemeinde,7832,15151758.96,1934.60,14208229.00,92968.43,850561.53,STATISTIKPORTAL_INTEGRATED_2023_T1
2023,09,09376,joint_administration,093765339,,not_applicable,VG Oberviechtach,Verwaltungsgemeinschaft,5117,0.00,0.00,0.00,0.00,0.00,STATISTIKPORTAL_INTEGRATED_2023_T1
2023,09,09376,municipality,093765339131,09376131,matched,Gleiritsch,Mitgliedsgemeinde,645,1153098.23,1787.75,546250.00,591691.23,15157.00,STATISTIKPORTAL_INTEGRATED_2023_T1
2023,09,09376,municipality,093765339148,09376148,matched,Niedermurach,Mitgliedsgemeinde,1245,1038183.36,833.88,525000.00,295369.07,217814.29,STATISTIKPORTAL_INTEGRATED_2023_T1
2023,09,09376,municipality,093765339171,09376171,matched,Teunz,Mitgliedsgemeinde,1844,2213393.16,1200.32,1121500.00,1091893.16,0.00,STATISTIKPORTAL_INTEGRATED_2023_T1
2023,09,09376,municipality,093765339178,09376178,matched,"Winklarn, Markt",Mitgliedsgemeinde,1383,652107.34,471.52,304878.00,238322.20,108907.14,STATISTIKPORTAL_INTEGRATED_2023_T1
2023,09,09376,joint_administration,093765341,,not_applicable,VG Nabburg,Verwaltungsgemeinschaft,8011,0.00,0.00,0.00,0.00,0.00,STATISTIKPORTAL_INTEGRATED_2023_T1
2023,09,09376,municipality,093765341112,09376112,matched,Altendorf (Landkreis Schwandorf),Mitgliedsgemeinde,874,975185.00,1115.77,543446.00,162759.04,268979.96,STATISTIKPORTAL_INTEGRATED_2023_T1
2023,09,09376,municipality,093765341133,09376133,matched,Guteneck,Mitgliedsgemeinde,830,673801.33,811.81,672535.00,1266.33,0.00,STATISTIKPORTAL_INTEGRATED_2023_T1
2023,09,09376,municipality,093765341144,09376144,matched,"Nabburg, Stadt",Mitgliedsgemeinde,6307,16152042.99,2560.97,14859852.00,236768.99,1055422.00,STATISTIKPORTAL_INTEGRATED_2023_T1
2023,09,09376,joint_administration,093765342,,not_applicable,VG Schwarzenfeld,Verwaltungsgemeinschaft,9540,0.00,0.00,0.00,0.00,0.00,STATISTIKPORTAL_INTEGRATED_2023_T1
2023,09,09376,municipality,093765342162,09376162,matched,Schwarzach b.Nabburg,Mitgliedsgemeinde,1402,584025.48,416.57,44088.00,72400.25,467537.23,STATISTIKPORTAL_INTEGRATED_2023_T1
2023,09,09376,municipality,093765342163,09376163,matched,"Schwarzenfeld, Markt",Mitgliedsgemeinde,6458,5474250.18,847.67,5020223.00,165800.06,288227.12,STATISTIKPORTAL_INTEGRATED_2023_T1
2023,09,09376,municipality,093765342169,09376169,matched,Stulln,Mitgliedsgemeinde,1680,108646.95,64.67,18350.00,90296.95,0.00,STATISTIKPORTAL_INTEGRATED_2023_T1
2023,09,09376,joint_administration,093765343,,not_applicable,VG Pfreimd,Verwaltungsgemeinschaft,6198,0.00,0.00,0.00,0.00,0.00,STATISTIKPORTAL_INTEGRATED_2023_T1
2023,09,09376,municipality,093765343153,09376153,matched,"Pfreimd, Stadt",Mitgliedsgemeinde,5255,8526548.66,1622.56,6145714.00,257457.46,2123377.20,STATISTIKPORTAL_INTEGRATED_2023_T1
2023,09,09376,municipality,093765343173,09376173,matched,Trausnitz,Mitgliedsgemeinde,943,1809994.69,1919.40,1809993.00,0.00,1.69,STATISTIKPORTAL_INTEGRATED_2023_T1
2023,09,09376,joint_administration,093765344,,not_applicable,VG Schönsee,Verwaltungsgemeinschaft,3357,0.00,0.00,0.00,0.00,0.00,STATISTIKPORTAL_INTEGRATED_2023_T1
2023,09,09376,municipality,093765344160,09376160,matched,"Schönsee, Stadt",Mitgliedsgemeinde,2376,162759.04,68.50,0.00,162759.04,0.00,STATISTIKPORTAL_INTEGRATED_2023_T1
2023,09,09376,municipality,093765344167,09376167,matched,Stadlern,Mitgliedsgemeinde,523,897997.20,1717.01,735300.00,162697.20,0.00,STATISTIKPORTAL_INTEGRATED_2023_T1
2023,09,09376,municipality,093765344176,09376176,matched,Weiding (Landkreis Schwandorf),Mitgliedsgemeinde,458,162759.04,355.37,0.00,162759.04,0.00,STATISTIKPORTAL_INTEGRATED_2023_T1
2023,09,09376,joint_administration,093765345,,not_applicable,VG Neunburg vorm Wald,Verwaltungsgemeinschaft,4573,0.00,0.00,0.00,0.00,0.00,STATISTIKPORTAL_INTEGRATED_2023_T1
2023,09,09376,municipality,093765345122,09376122,matched,Dieterskirchen,Mitgliedsgemeinde,1037,807063.08,778.27,339237.00,250011.79,217814.29,STATISTIKPORTAL_INTEGRATED_2023_T1
2023,09,09376,municipality,093765345146,09376146,matched,"Neukirchen-Balbini, Markt",Mitgliedsgemeinde,1134,1369572.93,1207.74,1010654.00,250011.79,108907.14,STATISTIKPORTAL_INTEGRATED_2023_T1
2023,09,09376,municipality,093765345164,09376164,matched,"Schwarzhofen, Markt",Mitgliedsgemeinde,1390,3196376.21,2299.55,2529983.00,250011.79,416381.42,STATISTIKPORTAL_INTEGRATED_2023_T1
2023,09,09376,municipality,093765345172,09376172,matched,Thanstein,Mitgliedsgemeinde,1012,1393126.08,1376.61,925300.00,250011.79,217814.29,STATISTIKPORTAL_INTEGRATED_2023_T1
2023,09,09376,joint_administration,093765346,,not_applicable,VG Wackersdorf,Verwaltungsgemeinschaft,7388,0.00,0.00,0.00,0.00,0.00,STATISTIKPORTAL_INTEGRATED_2023_T1
2023,09,09376,municipality,093765346168,09376168,matched,Steinberg,Mitgliedsgemeinde,2030,1151106.63,567.05,1149235.00,1871.63,0.00,STATISTIKPORTAL_INTEGRATED_2023_T1
2023,09,09376,municipality,093765346175,09376175,matched,Wackersdorf,Mitgliedsgemeinde,5358,42247.58,7.88,0.00,42247.58,0.00,STATISTIKPORTAL_INTEGRATED_2023_T1
2023,09,09377,county_administration,09377,,not_applicable,Landkreis Tirschenreuth,Landkreis (Haushalt bzw. Verwaltung),72121,57832668.87,801.88,34833479.00,401980.61,22597209.26,STATISTIKPORTAL_INTEGRATED_2023_T1
2023,09,09377,municipality,093770112112,09377112,matched,"Bärnau, Stadt",Einheitsgemeinde,3057,5240675.40,1714.32,3445224.00,0.00,1795451.40,STATISTIKPORTAL_INTEGRATED_2023_T1
2023,09,09377,municipality,093770116116,09377116,matched,"Erbendorf, Stadt",Einheitsgemeinde,5098,34014475.35,6672.12,11610592.00,29545.81,22374337.54,STATISTIKPORTAL_INTEGRATED_2023_T1
2023,09,09377,municipality,093770118118,09377118,matched,Friedenfels,Einheitsgemeinde,1212,641152.08,529.00,641150.00,0.00,2.08,STATISTIKPORTAL_INTEGRATED_2023_T1
2023,09,09377,municipality,093770119119,09377119,matched,"Fuchsmühl, Markt",Einheitsgemeinde,1557,976563.43,627.21,974936.00,0.00,1627.43,STATISTIKPORTAL_INTEGRATED_2023_T1
2023,09,09377,municipality,093770127127,09377127,matched,Immenreuth,Einheitsgemeinde,1886,4959757.41,2629.78,4254155.00,703969.19,1633.22,STATISTIKPORTAL_INTEGRATED_2023_T1
2023,09,09377,municipality,093770131131,09377131,matched,"Konnersreuth, Markt",Einheitsgemeinde,1813,1793921.33,989.48,1289462.00,0.00,504459.33,STATISTIKPORTAL_INTEGRATED_2023_T1
2023,09,09377,municipality,093770133133,09377133,matched,Kulmain,Einheitsgemeinde,2276,1512716.52,664.64,1376638.00,126309.02,9769.50,STATISTIKPORTAL_INTEGRATED_2023_T1
2023,09,09377,municipality,093770139139,09377139,matched,"Mähring, Markt",Einheitsgemeinde,1760,3801958.35,2160.20,3800333.00,0.00,1625.35,STATISTIKPORTAL_INTEGRATED_2023_T1
2023,09,09377,municipality,093770142142,09377142,matched,"Bad Neualbenreuth, Markt",Einheitsgemeinde,1363,1689591.82,1239.61,597281.00,1021527.00,70783.82,STATISTIKPORTAL_INTEGRATED_2023_T1
2023,09,09377,municipality,093770146146,09377146,matched,"Plößberg, Markt",Einheitsgemeinde,3128,2717872.76,868.89,2717868.00,0.00,4.76,STATISTIKPORTAL_INTEGRATED_2023_T1
2023,09,09377,municipality,093770154154,09377154,matched,"Tirschenreuth, Stadt",Einheitsgemeinde,8614,16063828.93,1864.85,5428619.00,30259.76,10604950.17,STATISTIKPORTAL_INTEGRATED_2023_T1
2023,09,09377,municipality,093770157157,09377157,matched,"Waldershof, Stadt",Einheitsgemeinde,4215,3608650.99,856.14,3051138.00,0.00,557512.99,STATISTIKPORTAL_INTEGRATED_2023_T1
2023,09,09377,municipality,093770158158,09377158,matched,"Waldsassen, Stadt",Einheitsgemeinde,6679,13938297.55,2086.88,10330458.00,26646.66,3581192.89,STATISTIKPORTAL_INTEGRATED_2023_T1
2023,09,09377,joint_administration,093775347,,not_applicable,VG Mitterteich,Verwaltungsgemeinschaft,8949,0.00,0.00,0.00,0.00,0.00,STATISTIKPORTAL_INTEGRATED_2023_T1
2023,09,09377,municipality,093775347137,09377137,matched,Leonberg,Mitgliedsgemeinde,1035,850405.19,821.65,236178.00,395764.11,218463.08,STATISTIKPORTAL_INTEGRATED_2023_T1
2023,09,09377,municipality,093775347141,09377141,matched,"Mitterteich, Stadt",Mitgliedsgemeinde,6605,10159655.22,1538.18,5320764.00,913926.92,3924964.30,STATISTIKPORTAL_INTEGRATED_2023_T1
2023,09,09377,municipality,093775347145,09377145,matched,Pechbrunn,Mitgliedsgemeinde,1309,1246622.63,952.35,946896.00,299726.63,0.00,STATISTIKPORTAL_INTEGRATED_2023_T1
2023,09,09377,joint_administration,093775348,,not_applicable,VG Kemnath,Verwaltungsgemeinschaft,7109,0.00,0.00,0.00,0.00,0.00,STATISTIKPORTAL_INTEGRATED_2023_T1
2023,09,09377,municipality,093775348128,09377128,matched,Kastl (Landkreis Tirschenreuth),Mitgliedsgemeinde,1431,1632.19,1.14,0.00,0.00,1632.19,STATISTIKPORTAL_INTEGRATED_2023_T1
2023,09,09377,municipality,093775348129,09377129,matched,"Kemnath, Stadt",Mitgliedsgemeinde,5678,2935675.49,517.03,899100.00,469695.07,1566880.42,STATISTIKPORTAL_INTEGRATED_2023_T1
2023,09,09377,joint_administration,093775349,,not_applicable,VG Neusorg,Verwaltungsgemeinschaft,5929,0.00,0.00,0.00,0.00,0.00,STATISTIKPORTAL_INTEGRATED_2023_T1
2023,09,09377,municipality,093775349113,09377113,matched,Brand,Mitgliedsgemeinde,1155,282779.17,244.83,253761.00,29010.30,7.87,STATISTIKPORTAL_INTEGRATED_2023_T1
2023,09,09377,municipality,093775349115,09377115,matched,Ebnath,Mitgliedsgemeinde,1273,343070.17,269.50,314052.00,29010.30,7.87,STATISTIKPORTAL_INTEGRATED_2023_T1
2023,09,09377,municipality,093775349143,09377143,matched,Neusorg,Mitgliedsgemeinde,1917,956181.97,498.79,924975.00,31199.10,7.87,STATISTIKPORTAL_INTEGRATED_2023_T1
2023,09,09377,municipality,093775349148,09377148,matched,Pullenreuth,Mitgliedsgemeinde,1584,1563523.52,987.07,1532880.00,29010.30,1633.22,STATISTIKPORTAL_INTEGRATED_2023_T1
2023,09,09377,joint_administration,093775350,,not_applicable,VG Krummennaab,Verwaltungsgemeinschaft,2528,0.00,0.00,0.00,0.00,0.00,STATISTIKPORTAL_INTEGRATED_2023_T1
2023,09,09377,municipality,093775350132,09377132,matched,Krummennaab,Mitgliedsgemeinde,1434,1364633.93,951.63,792312.00,570694.50,1627.43,STATISTIKPORTAL_INTEGRATED_2023_T1
2023,09,09377,municipality,093775350149,09377149,matched,Reuth b.Erbendorf,Mitgliedsgemeinde,1094,1223708.58,1118.56,653012.00,570694.50,2.08,STATISTIKPORTAL_INTEGRATED_2023_T1
2023,09,09377,joint_administration,093775351,,not_applicable,VG Wiesau,Verwaltungsgemeinschaft,4948,0.00,0.00,0.00,0.00,0.00,STATISTIKPORTAL_INTEGRATED_2023_T1
2023,09,09377,municipality,093775351117,09377117,matched,"Falkenberg, Markt",Mitgliedsgemeinde,936,262080.43,280.00,260453.00,0.00,1627.43,STATISTIKPORTAL_INTEGRATED_2023_T1
2023,09,09377,municipality,093775351159,09377159,matched,"Wiesau, Markt",Mitgliedsgemeinde,4012,6519660.77,1625.04,5974358.00,0.00,545302.77,STATISTIKPORTAL_INTEGRATED_2023_T1
2023,09,09461,municipality,094610000000,09461000,matched,"Bamberg, kreisfreie Stadt",kreisfreie Stadt,80087,218662391.26,2730.31,4528440.00,8313317.26,205820634.00,STATISTIKPORTAL_INTEGRATED_2023_T1
2023,09,09462,municipality,094620000000,09462000,matched,"Bayreuth, kreisfreie Stadt",kreisfreie Stadt,74398,143245239.62,1925.39,47621445.00,4492624.47,91131170.15,STATISTIKPORTAL_INTEGRATED_2023_T1
2023,09,09463,municipality,094630000000,09463000,matched,"Coburg, kreisfreie Stadt",kreisfreie Stadt,41969,194681439.61,4638.70,7620948.00,16134448.44,170926043.17,STATISTIKPORTAL_INTEGRATED_2023_T1
2023,09,09464,municipality,094640000000,09464000,matched,"Hof, kreisfreie Stadt",kreisfreie Stadt,46655,103784136.41,2224.50,72740582.00,6900083.72,24143470.69,STATISTIKPORTAL_INTEGRATED_2023_T1
2023,09,09471,county_administration,09471,,not_applicable,Landkreis Bamberg,Landkreis (Haushalt bzw. Verwaltung),149508,75990097.23,508.27,8797924.00,11401184.27,55790988.96,STATISTIKPORTAL_INTEGRATED_2023_T1
2023,09,09471,municipality,094710111111,09471111,matched,Altendorf (Landkreis Bamberg),Einheitsgemeinde,2141,5165222.43,2412.53,0.00,1520000.00,3645222.43,STATISTIKPORTAL_INTEGRATED_2023_T1
2023,09,09471,municipality,094710117117,09471117,matched,Bischberg,Einheitsgemeinde,6140,268167.92,43.68,0.00,0.00,268167.92,STATISTIKPORTAL_INTEGRATED_2023_T1
2023,09,09471,municipality,094710119119,09471119,matched,Breitengüßbach,Einheitsgemeinde,4516,7023380.42,1555.22,6983238.00,0.00,40142.42,STATISTIKPORTAL_INTEGRATED_2023_T1
2023,09,09471,municipality,094710123123,09471123,matched,"Buttenheim, Markt",Einheitsgemeinde,3735,13500645.10,3614.63,2077689.00,2280000.00,9142956.10,STATISTIKPORTAL_INTEGRATED_2023_T1
2023,09,09471,municipality,094710131131,09471131,matched,Frensdorf,Einheitsgemeinde,5212,3277851.75,628.90,3253383.00,0.00,24468.75,STATISTIKPORTAL_INTEGRATED_2023_T1
2023,09,09471,municipality,094710137137,09471137,matched,Gundelsheim,Einheitsgemeinde,3679,830129.29,225.64,579374.00,0.00,250755.29,STATISTIKPORTAL_INTEGRATED_2023_T1
2023,09,09471,municipality,094710140140,09471140,matched,"Hallstadt, Stadt",Einheitsgemeinde,8909,12123445.89,1360.81,11962500.00,0.00,160945.89,STATISTIKPORTAL_INTEGRATED_2023_T1
2023,09,09471,municipality,094710142142,09471142,matched,"Heiligenstadt i.OFr., Markt",Einheitsgemeinde,3665,8458410.92,2307.89,7531500.00,926910.92,0.00,STATISTIKPORTAL_INTEGRATED_2023_T1
2023,09,09471,municipality,094710145145,09471145,matched,"Hirschaid, Markt",Einheitsgemeinde,12527,20672094.60,1650.20,20243357.00,0.00,428737.60,STATISTIKPORTAL_INTEGRATED_2023_T1
2023,09,09471,municipality,094710150150,09471150,matched,Kemmern,Einheitsgemeinde,2546,622371.11,244.45,582227.00,0.00,40144.11,STATISTIKPORTAL_INTEGRATED_2023_T1
2023,09,09471,municipality,094710155155,09471155,matched,Litzendorf,Einheitsgemeinde,6305,745755.62,118.28,652021.00,0.00,93734.62,STATISTIKPORTAL_INTEGRATED_2023_T1
2023,09,09471,municipality,094710159159,09471159,matched,Memmelsdorf,Einheitsgemeinde,8788,1685720.85,191.82,1498043.00,0.00,187677.85,STATISTIKPORTAL_INTEGRATED_2023_T1
2023,09,09471,municipality,094710165165,09471165,matched,Oberhaid,Einheitsgemeinde,4701,1024219.00,217.87,1024219.00,0.00,0.00,STATISTIKPORTAL_INTEGRATED_2023_T1
2023,09,09471,municipality,094710169169,09471169,matched,Pettstadt,Einheitsgemeinde,2145,4055323.92,1890.59,1997518.00,0.00,2057805.92,STATISTIKPORTAL_INTEGRATED_2023_T1
2023,09,09471,municipality,094710172172,09471172,matched,Pommersfelden,Einheitsgemeinde,3088,221718.13,71.80,78750.00,128765.00,14203.13,STATISTIKPORTAL_INTEGRATED_2023_T1
2023,09,09471,municipality,094710174174,09471174,matched,"Rattelsdorf, Markt",Einheitsgemeinde,4626,112933.00,24.41,112933.00,0.00,0.00,STATISTIKPORTAL_INTEGRATED_2023_T1
2023,09,09471,municipality,094710185185,09471185,matched,"Scheßlitz, Stadt",Einheitsgemeinde,7363,6351194.40,862.58,6125863.00,0.00,225331.40,STATISTIKPORTAL_INTEGRATED_2023_T1
2023,09,09471,municipality,094710191191,09471191,matched,Stegaurach,Einheitsgemeinde,7139,673998.23,94.41,0.00,0.00,673998.23,STATISTIKPORTAL_INTEGRATED_2023_T1
2023,09,09471,municipality,094710195195,09471195,matched,Strullendorf,Einheitsgemeinde,7887,13040142.42,1653.37,13000000.00,0.00,40142.42,STATISTIKPORTAL_INTEGRATED_2023_T1
2023,09,09471,municipality,094710207207,09471207,matched,Viereth-Trunstadt,Einheitsgemeinde,3649,1968498.11,539.46,1928354.00,0.00,40144.11,STATISTIKPORTAL_INTEGRATED_2023_T1
2023,09,09471,municipality,094710208208,09471208,matched,Walsdorf,Einheitsgemeinde,2675,1291110.75,482.66,1279017.00,0.00,12093.75,STATISTIKPORTAL_INTEGRATED_2023_T1
2023,09,09471,municipality,094710214214,09471214,matched,"Zapfendorf, Markt",Einheitsgemeinde,5007,4990254.69,996.66,4990253.00,0.00,1.69,STATISTIKPORTAL_INTEGRATED_2023_T1
2023,09,09471,municipality,094710220220,09471220,matched,"Schlüsselfeld, Stadt",Einheitsgemeinde,6136,3330000.00,542.70,3330000.00,0.00,0.00,STATISTIKPORTAL_INTEGRATED_2023_T1
2023,09,09471,joint_administration,094715401,,not_applicable,VG Baunach,Verwaltungsgemeinschaft,8283,0.00,0.00,0.00,0.00,0.00,STATISTIKPORTAL_INTEGRATED_2023_T1
2023,09,09471,municipality,094715401115,09471115,matched,"Baunach, Stadt",Mitgliedsgemeinde,4074,2362719.95,579.95,312000.00,1994982.40,55737.55,STATISTIKPORTAL_INTEGRATED_2023_T1
2023,09,09471,municipality,094715401133,09471133,matched,Gerach,Mitgliedsgemeinde,1007,4044063.28,4015.95,3395694.00,648369.28,0.00,STATISTIKPORTAL_INTEGRATED_2023_T1
2023,09,09471,municipality,094715401152,09471152,matched,Lauter,Mitgliedsgemeinde,1192,1318097.20,1105.79,320606.00,997491.20,0.00,STATISTIKPORTAL_INTEGRATED_2023_T1
2023,09,09471,municipality,094715401175,09471175,matched,Reckendorf,Mitgliedsgemeinde,2010,3900433.99,1940.51,2352817.00,1346613.12,201003.87,STATISTIKPORTAL_INTEGRATED_2023_T1
2023,09,09471,joint_administration,094715403,,not_applicable,VG Steinfeld,Verwaltungsgemeinschaft,3164,0.00,0.00,0.00,0.00,0.00,STATISTIKPORTAL_INTEGRATED_2023_T1
2023,09,09471,municipality,094715403151,09471151,matched,Königsfeld,Mitgliedsgemeinde,1256,1563605.52,1244.91,26924.00,492953.63,1043727.89,STATISTIKPORTAL_INTEGRATED_2023_T1
2023,09,09471,municipality,094715403189,09471189,matched,Stadelhofen,Mitgliedsgemeinde,1267,481475.77,380.01,268628.00,212847.77,0.00,STATISTIKPORTAL_INTEGRATED_2023_T1
2023,09,09471,municipality,094715403209,09471209,matched,Wattendorf,Mitgliedsgemeinde,641,61929.54,96.61,22500.00,39429.54,0.00,STATISTIKPORTAL_INTEGRATED_2023_T1
2023,09,09471,joint_administration,094715407,,not_applicable,VG Ebrach,Verwaltungsgemeinschaft,3192,0.00,0.00,0.00,0.00,0.00,STATISTIKPORTAL_INTEGRATED_2023_T1
2023,09,09471,municipality,094715407122,09471122,matched,"Burgwindheim, Markt",Mitgliedsgemeinde,1287,505484.38,392.76,500000.00,0.00,5484.38,STATISTIKPORTAL_INTEGRATED_2023_T1
2023,09,09471,municipality,094715407128,09471128,matched,"Ebrach, Markt",Mitgliedsgemeinde,1905,475680.87,249.70,447232.00,28448.87,0.00,STATISTIKPORTAL_INTEGRATED_2023_T1
2023,09,09471,joint_administration,094715408,,not_applicable,VG Burgebrach,Verwaltungsgemeinschaft,9068,0.00,0.00,0.00,0.00,0.00,STATISTIKPORTAL_INTEGRATED_2023_T1
2023,09,09471,municipality,094715408120,09471120,matched,"Burgebrach, Markt",Mitgliedsgemeinde,7178,99809.30,13.90,0.00,0.00,99809.30,STATISTIKPORTAL_INTEGRATED_2023_T1
2023,09,09471,municipality,094715408186,09471186,matched,Schönbrunn/Steigerw.,Mitgliedsgemeinde,1890,978970.44,517.97,970250.00,0.00,8720.44,STATISTIKPORTAL_INTEGRATED_2023_T1
2023,09,09471,joint_administration,094715445,,not_applicable,VG Lisberg,Verwaltungsgemeinschaft,3222,0.00,0.00,0.00,0.00,0.00,STATISTIKPORTAL_INTEGRATED_2023_T1
2023,09,09471,municipality,094715445154,09471154,matched,Lisberg,Mitgliedsgemeinde,1696,3131585.83,1846.45,645070.00,2486515.83,0.00,STATISTIKPORTAL_INTEGRATED_2023_T1
2023,09,09471,municipality,094715445173,09471173,matched,Priesendorf,Mitgliedsgemeinde,1526,2655458.53,1740.14,386280.00,2213892.17,55286.36,STATISTIKPORTAL_INTEGRATED_2023_T1
2023,09,09472,county_administration,09472,,not_applicable,Landkreis Bayreuth,Landkreis (Haushalt bzw. Verwaltung),104743,78369974.06,748.21,21099082.00,8862748.39,48408143.67,STATISTIKPORTAL_INTEGRATED_2023_T1
2023,09,09472,municipality,094720111111,09472111,matched,Ahorntal,Einheitsgemeinde,2173,5373534.62,2472.86,4244848.00,193245.34,935441.28,STATISTIKPORTAL_INTEGRATED_2023_T1
2023,09,09472,municipality,094720116116,09472116,matched,"Bad Berneck/Ficht., Stadt",Einheitsgemeinde,4524,10143717.83,2242.20,10078756.00,21266.20,43695.63,STATISTIKPORTAL_INTEGRATED_2023_T1
2023,09,09472,municipality,094720119119,09472119,matched,Bindlach,Einheitsgemeinde,7338,6107336.89,832.29,6010700.00,0.00,96636.89,STATISTIKPORTAL_INTEGRATED_2023_T1
2023,09,09472,municipality,094720121121,09472121,matched,Bischofsgrün,Einheitsgemeinde,1943,3235238.39,1665.07,1692612.00,3250.59,1539375.80,STATISTIKPORTAL_INTEGRATED_2023_T1
2023,09,09472,municipality,094720131131,09472131,matched,Eckersdorf,Einheitsgemeinde,5096,3596134.48,705.68,3533143.00,0.00,62991.48,STATISTIKPORTAL_INTEGRATED_2023_T1
2023,09,09472,municipality,094720138138,09472138,matched,Fichtelberg,Einheitsgemeinde,1789,6443256.88,3601.60,1512046.00,428673.13,4502537.75,STATISTIKPORTAL_INTEGRATED_2023_T1
2023,09,09472,municipality,094720139139,09472139,matched,"Gefrees, Stadt",Einheitsgemeinde,4241,8894398.22,2097.24,8875253.00,17512.00,1633.22,STATISTIKPORTAL_INTEGRATED_2023_T1
2023,09,09472,municipality,094720143143,09472143,matched,"Goldkronach, Stadt",Einheitsgemeinde,3518,3305611.42,939.63,3181741.00,3754.21,120116.21,STATISTIKPORTAL_INTEGRATED_2023_T1
2023,09,09472,municipality,094720150150,09472150,matched,Heinersreuth,Einheitsgemeinde,3822,2753132.00,720.34,1544716.00,833416.00,375000.00,STATISTIKPORTAL_INTEGRATED_2023_T1
2023,09,09472,municipality,094720164164,09472164,matched,Mehlmeisel,Einheitsgemeinde,1337,2325075.50,1739.02,2315306.00,0.00,9769.50,STATISTIKPORTAL_INTEGRATED_2023_T1
2023,09,09472,municipality,094720175175,09472175,matched,"Pegnitz, Stadt",Einheitsgemeinde,13657,70705594.25,5177.24,15120083.00,660156.10,54925355.15,STATISTIKPORTAL_INTEGRATED_2023_T1
2023,09,09472,municipality,094720179179,09472179,matched,"Pottenstein, Stadt",Einheitsgemeinde,5255,5230266.85,995.29,2413392.00,2140.19,2814734.66,STATISTIKPORTAL_INTEGRATED_2023_T1
2023,09,09472,municipality,094720190190,09472190,matched,Speichersdorf,Einheitsgemeinde,5871,11146155.72,1898.51,5192428.00,451177.89,5502549.83,STATISTIKPORTAL_INTEGRATED_2023_T1
2023,09,09472,municipality,094720197197,09472197,matched,"Waischenfeld, Stadt",Einheitsgemeinde,3110,5562869.87,1788.70,2286468.00,537232.78,2739169.09,STATISTIKPORTAL_INTEGRATED_2023_T1
2023,09,09472,municipality,094720198198,09472198,matched,Warmensteinach,Einheitsgemeinde,2240,11109508.93,4959.60,808850.00,428673.13,9871985.80,STATISTIKPORTAL_INTEGRATED_2023_T1
2023,09,09472,joint_administration,094725412,,not_applicable,VG Hollfeld,Verwaltungsgemeinschaft,7069,0.00,0.00,0.00,0.00,0.00,STATISTIKPORTAL_INTEGRATED_2023_T1
2023,09,09472,municipality,094725412115,09472115,matched,Aufseß,Mitgliedsgemeinde,1277,788389.17,617.38,335250.00,426952.22,26186.95,STATISTIKPORTAL_INTEGRATED_2023_T1
2023,09,09472,municipality,094725412154,09472154,matched,"Hollfeld, Stadt",Mitgliedsgemeinde,4917,13136156.51,2671.58,6359283.00,2105372.69,4671500.82,STATISTIKPORTAL_INTEGRATED_2023_T1
2023,09,09472,municipality,094725412176,09472176,matched,Plankenfels,Mitgliedsgemeinde,875,2133063.37,2437.79,105886.00,250492.16,1776685.21,STATISTIKPORTAL_INTEGRATED_2023_T1
2023,09,09472,joint_administration,094725413,,not_applicable,VG Mistelgau,Verwaltungsgemeinschaft,5279,0.00,0.00,0.00,0.00,0.00,STATISTIKPORTAL_INTEGRATED_2023_T1
2023,09,09472,municipality,094725413141,09472141,matched,Glashütten,Mitgliedsgemeinde,1344,2438192.75,1814.13,2254087.00,0.00,184105.75,STATISTIKPORTAL_INTEGRATED_2023_T1
2023,09,09472,municipality,094725413167,09472167,matched,Mistelgau,Mitgliedsgemeinde,3935,13490324.73,3428.29,9514515.00,257591.13,3718218.60,STATISTIKPORTAL_INTEGRATED_2023_T1
2023,09,09472,joint_administration,094725414,,not_applicable,VG Mistelbach,Verwaltungsgemeinschaft,5256,0.00,0.00,0.00,0.00,0.00,STATISTIKPORTAL_INTEGRATED_2023_T1
2023,09,09472,municipality,094725414140,09472140,matched,Gesees,Mitgliedsgemeinde,1288,2140304.41,1661.73,0.00,420000.00,1720304.41,STATISTIKPORTAL_INTEGRATED_2023_T1
2023,09,09472,municipality,094725414155,09472155,matched,Hummeltal,Mitgliedsgemeinde,2457,3170473.54,1290.38,0.00,560000.00,2610473.54,STATISTIKPORTAL_INTEGRATED_2023_T1
2023,09,09472,municipality,094725414166,09472166,matched,Mistelbach,Mitgliedsgemeinde,1511,2141878.15,1417.52,0.00,420000.00,1721878.15,STATISTIKPORTAL_INTEGRATED_2023_T1
2023,09,09472,joint_administration,094725415,,not_applicable,VG Weidenberg,Verwaltungsgemeinschaft,9386,0.00,0.00,0.00,0.00,0.00,STATISTIKPORTAL_INTEGRATED_2023_T1
2023,09,09472,municipality,094725415133,09472133,matched,Emtmannsberg,Mitgliedsgemeinde,1019,3484547.09,3419.58,2178524.00,439550.38,866472.71,STATISTIKPORTAL_INTEGRATED_2023_T1
2023,09,09472,municipality,094725415156,09472156,matched,Kirchenpingarten,Mitgliedsgemeinde,1278,3680407.17,2879.82,3240851.00,439550.38,5.79,STATISTIKPORTAL_INTEGRATED_2023_T1
2023,09,09472,municipality,094725415188,09472188,matched,Seybothenreuth,Mitgliedsgemeinde,1289,4845831.14,3759.37,3193237.00,439550.38,1213043.76,STATISTIKPORTAL_INTEGRATED_2023_T1
2023,09,09472,municipality,094725415199,09472199,matched,"Weidenberg, Markt",Mitgliedsgemeinde,5800,11544172.80,1990.37,10660713.00,881826.58,1633.22,STATISTIKPORTAL_INTEGRATED_2023_T1
2023,09,09472,joint_administration,094725416,,not_applicable,VG Creußen,Verwaltungsgemeinschaft,7956,0.00,0.00,0.00,0.00,0.00,STATISTIKPORTAL_INTEGRATED_2023_T1
2023,09,09472,municipality,094725416127,09472127,matched,"Creußen, Stadt",Mitgliedsgemeinde,5073,18338485.07,3614.92,14110966.00,1424812.69,2802706.38,STATISTIKPORTAL_INTEGRATED_2023_T1
2023,09,09472,municipality,094725416146,09472146,matched,Haag,Mitgliedsgemeinde,966,864447.93,894.87,792802.00,71645.93,0.00,STATISTIKPORTAL_INTEGRATED_2023_T1
2023,09,09472,municipality,094725416180,09472180,matched,Prebitz,Mitgliedsgemeinde,972,1609415.29,1655.78,796767.00,246751.38,565896.91,STATISTIKPORTAL_INTEGRATED_2023_T1
2023,09,09472,municipality,094725416184,09472184,matched,"Schnabelwaid, Markt",Mitgliedsgemeinde,945,2913150.54,3082.70,2721842.00,191308.54,0.00,STATISTIKPORTAL_INTEGRATED_2023_T1
2023,09,09472,joint_administration,094725417,,not_applicable,VG Betzenstein,Verwaltungsgemeinschaft,3883,0.00,0.00,0.00,0.00,0.00,STATISTIKPORTAL_INTEGRATED_2023_T1
2023,09,09472,municipality,094725417118,09472118,matched,"Betzenstein, Stadt",Mitgliedsgemeinde,2546,3052522.21,1198.95,2264666.00,191308.54,596547.67,STATISTIKPORTAL_INTEGRATED_2023_T1
2023,09,09472,municipality,094725417177,09472177,matched,"Plech, Markt",Mitgliedsgemeinde,1337,1098797.14,821.84,411720.00,191308.54,495768.60,STATISTIKPORTAL_INTEGRATED_2023_T1
2023,09,09473,county_administration,09473,,not_applicable,Landkreis Coburg,Landkreis (Haushalt bzw. Verwaltung),87219,69622707.91,798.25,17715950.00,16271358.55,35635399.36,STATISTIKPORTAL_INTEGRATED_2023_T1
2023,09,09473,municipality,094730112112,09473112,matched,Ahorn,Einheitsgemeinde,4119,6878021.46,1669.83,3806391.00,0.00,3071630.46,STATISTIKPORTAL_INTEGRATED_2023_T1
2023,09,09473,municipality,094730120120,09473120,matched,Dörfles-Esbach,Einheitsgemeinde,3591,0.00,0.00,0.00,0.00,0.00,STATISTIKPORTAL_INTEGRATED_2023_T1
2023,09,09473,municipality,094730121121,09473121,matched,Ebersdorf b.Coburg,Einheitsgemeinde,6270,7335781.37,1169.98,6625815.00,0.00,709966.37,STATISTIKPORTAL_INTEGRATED_2023_T1
2023,09,09473,municipality,094730132132,09473132,matched,Großheirath,Einheitsgemeinde,2637,14246.76,5.40,0.00,0.00,14246.76,STATISTIKPORTAL_INTEGRATED_2023_T1
2023,09,09473,municipality,094730138138,09473138,matched,Itzgrund,Einheitsgemeinde,2375,87928.14,37.02,73336.00,0.00,14592.14,STATISTIKPORTAL_INTEGRATED_2023_T1
2023,09,09473,municipality,094730141141,09473141,matched,Lautertal,Einheitsgemeinde,4525,493019.00,108.95,493019.00,0.00,0.00,STATISTIKPORTAL_INTEGRATED_2023_T1
2023,09,09473,municipality,094730144144,09473144,matched,Meeder,Einheitsgemeinde,3617,3021987.00,835.50,3021987.00,0.00,0.00,STATISTIKPORTAL_INTEGRATED_2023_T1
2023,09,09473,municipality,094730151151,09473151,matched,"Neustadt b.Coburg, Große Kreisstadt",große Kreisstadt,15042,24724255.16,1643.68,7288196.00,315636.59,17120422.57,STATISTIKPORTAL_INTEGRATED_2023_T1
2023,09,09473,municipality,094730158158,09473158,matched,"Bad Rodach, Stadt",Einheitsgemeinde,6623,15734738.73,2375.77,9753275.00,38425.07,5943038.66,STATISTIKPORTAL_INTEGRATED_2023_T1
2023,09,09473,municipality,094730159159,09473159,matched,"Rödental, Stadt",Einheitsgemeinde,13035,30908879.79,2371.22,3554049.00,0.00,27354830.79,STATISTIKPORTAL_INTEGRATED_2023_T1
2023,09,09473,municipality,094730165165,09473165,matched,"Seßlach, Stadt",Einheitsgemeinde,3922,3830085.64,976.56,3606842.00,0.00,223243.64,STATISTIKPORTAL_INTEGRATED_2023_T1
2023,09,09473,municipality,094730166166,09473166,matched,Sonnefeld,Einheitsgemeinde,4537,10469986.00,2307.69,1829705.00,0.00,8640281.00,STATISTIKPORTAL_INTEGRATED_2023_T1
2023,09,09473,municipality,094730170170,09473170,matched,Untersiemau,Einheitsgemeinde,4267,1344879.38,315.18,314974.00,0.00,1029905.38,STATISTIKPORTAL_INTEGRATED_2023_T1
2023,09,09473,municipality,094730174174,09473174,matched,Weidhausen b.Coburg,Einheitsgemeinde,3197,4843555.96,1515.03,4304719.00,0.00,538836.96,STATISTIKPORTAL_INTEGRATED_2023_T1
2023,09,09473,municipality,094730175175,09473175,matched,Weitramsdorf,Einheitsgemeinde,5173,3578655.52,691.79,1337778.00,0.00,2240877.52,STATISTIKPORTAL_INTEGRATED_2023_T1
2023,09,09473,joint_administration,094735418,,not_applicable,VG Grub a.Forst,Verwaltungsgemeinschaft,4289,0.00,0.00,0.00,0.00,0.00,STATISTIKPORTAL_INTEGRATED_2023_T1
2023,09,09473,municipality,094735418134,09473134,matched,Grub a.Forst,Mitgliedsgemeinde,2789,2192163.19,786.00,1329134.00,0.00,863029.19,STATISTIKPORTAL_INTEGRATED_2023_T1
2023,09,09473,municipality,094735418153,09473153,matched,Niederfüllbach,Mitgliedsgemeinde,1500,1906624.34,1271.08,888723.00,0.00,1017901.34,STATISTIKPORTAL_INTEGRATED_2023_T1
2023,09,09474,county_administration,09474,,not_applicable,Landkreis Forchheim,Landkreis (Haushalt bzw. Verwaltung),118231,39538319.17,334.42,24612516.00,4392130.86,10533672.31,STATISTIKPORTAL_INTEGRATED_2023_T1
2023,09,09474,municipality,094740123123,09474123,matched,"Eggolsheim, Markt",Einheitsgemeinde,6565,19874798.98,3027.39,11144505.00,0.00,8730293.98,STATISTIKPORTAL_INTEGRATED_2023_T1
2023,09,09474,municipality,094740124124,09474124,matched,"Egloffstein, Markt",Einheitsgemeinde,2099,1078793.38,513.96,1032569.00,46224.38,0.00,STATISTIKPORTAL_INTEGRATED_2023_T1
2023,09,09474,municipality,094740126126,09474126,matched,"Forchheim, Große Kreisstadt",große Kreisstadt,33204,69454925.19,2091.76,5475224.00,150621.36,63829079.83,STATISTIKPORTAL_INTEGRATED_2023_T1
2023,09,09474,municipality,094740129129,09474129,matched,"Gößweinstein, Markt",Einheitsgemeinde,4414,1885703.98,427.21,701087.00,271512.95,913104.03,STATISTIKPORTAL_INTEGRATED_2023_T1
2023,09,09474,municipality,094740133133,09474133,matched,Hallerndorf,Einheitsgemeinde,4216,4717715.17,1119.00,4070864.00,46224.38,600626.79,STATISTIKPORTAL_INTEGRATED_2023_T1
2023,09,09474,municipality,094740134134,09474134,matched,Hausen (Landkreis Forchheim),Einheitsgemeinde,3813,6561294.40,1720.77,5238356.00,4608.80,1318329.60,STATISTIKPORTAL_INTEGRATED_2023_T1
2023,09,09474,municipality,094740135135,09474135,matched,Heroldsbach,Einheitsgemeinde,5184,2769663.98,534.27,704466.00,87703.58,1977494.40,STATISTIKPORTAL_INTEGRATED_2023_T1
2023,09,09474,municipality,094740140140,09474140,matched,"Igensdorf, Markt",Einheitsgemeinde,5191,3950513.98,761.03,3110600.00,618485.61,221428.37,STATISTIKPORTAL_INTEGRATED_2023_T1
2023,09,09474,municipality,094740146146,09474146,matched,Langensendelbach,Einheitsgemeinde,3057,1854300.75,606.58,1809640.00,44660.75,0.00,STATISTIKPORTAL_INTEGRATED_2023_T1
2023,09,09474,municipality,094740154154,09474154,matched,"Neunkirchen a.Brand, Markt",Einheitsgemeinde,8128,11517238.06,1416.98,11251333.00,122653.27,143251.79,STATISTIKPORTAL_INTEGRATED_2023_T1
2023,09,09474,municipality,094740156156,09474156,matched,Obertrubach,Einheitsgemeinde,2272,565585.45,248.94,188240.00,78258.94,299086.51,STATISTIKPORTAL_INTEGRATED_2023_T1
2023,09,09474,municipality,094740161161,09474161,matched,"Pretzfeld, Markt",Einheitsgemeinde,2362,509425.06,215.68,0.00,509425.06,0.00,STATISTIKPORTAL_INTEGRATED_2023_T1
2023,09,09474,municipality,094740176176,09474176,matched,"Wiesenttal, Markt",Einheitsgemeinde,2584,7901566.94,3057.88,7346718.00,463912.54,90936.40,STATISTIKPORTAL_INTEGRATED_2023_T1
2023,09,09474,joint_administration,094745420,,not_applicable,VG Ebermannstadt,Verwaltungsgemeinschaft,8188,0.00,0.00,0.00,0.00,0.00,STATISTIKPORTAL_INTEGRATED_2023_T1
2023,09,09474,municipality,094745420121,09474121,matched,"Ebermannstadt, Stadt",Mitgliedsgemeinde,7020,22572506.46,3215.46,5586132.00,2361511.28,14624863.18,STATISTIKPORTAL_INTEGRATED_2023_T1
2023,09,09474,municipality,094745420168,09474168,matched,Unterleinleiter,Mitgliedsgemeinde,1168,634895.76,543.58,159088.00,475806.07,1.69,STATISTIKPORTAL_INTEGRATED_2023_T1
2023,09,09474,joint_administration,094745422,,not_applicable,VG Gosberg,Verwaltungsgemeinschaft,5052,0.00,0.00,0.00,0.00,0.00,STATISTIKPORTAL_INTEGRATED_2023_T1
2023,09,09474,municipality,094745422145,09474145,matched,Kunreuth,Mitgliedsgemeinde,1415,108505.15,76.68,0.00,94678.54,13826.61,STATISTIKPORTAL_INTEGRATED_2023_T1
2023,09,09474,municipality,094745422158,09474158,matched,Pinzberg,Mitgliedsgemeinde,1991,1363968.07,685.07,1093925.00,15254.04,254789.03,STATISTIKPORTAL_INTEGRATED_2023_T1
2023,09,09474,municipality,094745422175,09474175,matched,Wiesenthau,Mitgliedsgemeinde,1646,403085.26,244.89,0.00,15716.29,387368.97,STATISTIKPORTAL_INTEGRATED_2023_T1
2023,09,09474,joint_administration,094745423,,not_applicable,VG Kirchehrenbach,Verwaltungsgemeinschaft,5904,0.00,0.00,0.00,0.00,0.00,STATISTIKPORTAL_INTEGRATED_2023_T1
2023,09,09474,municipality,094745423143,09474143,matched,Kirchehrenbach,Mitgliedsgemeinde,2227,135648.00,60.91,135648.00,0.00,0.00,STATISTIKPORTAL_INTEGRATED_2023_T1
2023,09,09474,municipality,094745423147,09474147,matched,Leutenbach,Mitgliedsgemeinde,1639,79424.50,48.46,0.00,79424.50,0.00,STATISTIKPORTAL_INTEGRATED_2023_T1
2023,09,09474,municipality,094745423171,09474171,matched,Weilersbach,Mitgliedsgemeinde,2038,2405875.00,1180.51,2405875.00,0.00,0.00,STATISTIKPORTAL_INTEGRATED_2023_T1
2023,09,09474,joint_administration,094745425,,not_applicable,VG Effeltrich,Verwaltungsgemeinschaft,4099,0.00,0.00,0.00,0.00,0.00,STATISTIKPORTAL_INTEGRATED_2023_T1
2023,09,09474,municipality,094745425122,09474122,matched,Effeltrich,Mitgliedsgemeinde,2568,1540856.94,600.02,1193502.00,102540.92,244814.02,STATISTIKPORTAL_INTEGRATED_2023_T1
2023,09,09474,municipality,094745425160,09474160,matched,Poxdorf,Mitgliedsgemeinde,1531,478580.49,312.59,295186.00,39433.39,143961.10,STATISTIKPORTAL_INTEGRATED_2023_T1
2023,09,09474,joint_administration,094745426,,not_applicable,VG Dormitz,Verwaltungsgemeinschaft,4896,0.00,0.00,0.00,0.00,0.00,STATISTIKPORTAL_INTEGRATED_2023_T1
2023,09,09474,municipality,094745426119,09474119,matched,Dormitz,Mitgliedsgemeinde,2071,3031099.09,1463.59,1848102.00,640048.79,542948.30,STATISTIKPORTAL_INTEGRATED_2023_T1
2023,09,09474,municipality,094745426137,09474137,matched,Hetzles,Mitgliedsgemeinde,1371,25488.18,18.59,0.00,25486.49,1.69,STATISTIKPORTAL_INTEGRATED_2023_T1
2023,09,09474,municipality,094745426144,09474144,matched,Kleinsendelbach,Mitgliedsgemeinde,1454,935004.01,643.06,145626.00,25486.49,763891.52,STATISTIKPORTAL_INTEGRATED_2023_T1
2023,09,09474,joint_administration,094745427,,not_applicable,VG Gräfenberg,Verwaltungsgemeinschaft,7003,0.00,0.00,0.00,0.00,0.00,STATISTIKPORTAL_INTEGRATED_2023_T1
2023,09,09474,municipality,094745427132,09474132,matched,"Gräfenberg, Stadt",Mitgliedsgemeinde,4281,9042262.54,2112.18,1918390.00,30816.40,7093056.14,STATISTIKPORTAL_INTEGRATED_2023_T1
2023,09,09474,municipality,094745427138,09474138,matched,"Hiltpoltstein, Markt",Mitgliedsgemeinde,1505,1421728.69,944.67,914404.00,11556.09,495768.60,STATISTIKPORTAL_INTEGRATED_2023_T1
2023,09,09474,municipality,094745427173,09474173,matched,Weißenohe,Mitgliedsgemeinde,1217,630692.59,518.24,112500.00,452514.02,65678.57,STATISTIKPORTAL_INTEGRATED_2023_T1
2023,09,09475,county_administration,09475,,not_applicable,Landkreis Hof,Landkreis (Haushalt bzw. Verwaltung),94479,56654477.16,599.65,30765754.00,9446539.74,16442183.42,STATISTIKPORTAL_INTEGRATED_2023_T1
2023,09,09475,municipality,094750112112,09475112,matched,"Bad Steben, Markt",Einheitsgemeinde,3407,3623190.23,1063.45,1743402.00,0.00,1879788.23,STATISTIKPORTAL_INTEGRATED_2023_T1
2023,09,09475,municipality,094750113113,09475113,matched,Berg (Landkreis Hof),Einheitsgemeinde,2010,11865675.00,5903.32,267686.00,0.00,11597989.00,STATISTIKPORTAL_INTEGRATED_2023_T1
2023,09,09475,municipality,094750120120,09475120,matched,Döhlau,Einheitsgemeinde,3799,2383694.77,627.45,2383691.00,0.00,3.77,STATISTIKPORTAL_INTEGRATED_2023_T1
2023,09,09475,municipality,094750128128,09475128,matched,Geroldsgrün,Einheitsgemeinde,2656,217611.68,81.93,32913.00,0.00,184698.68,STATISTIKPORTAL_INTEGRATED_2023_T1
2023,09,09475,municipality,094750136136,09475136,matched,"Helmbrechts, Stadt",Einheitsgemeinde,8427,32599967.52,3868.51,6018547.00,962641.79,25618778.73,STATISTIKPORTAL_INTEGRATED_2023_T1
2023,09,09475,municipality,094750141141,09475141,matched,Köditz,Einheitsgemeinde,2443,1178693.69,482.48,1178692.00,0.00,1.69,STATISTIKPORTAL_INTEGRATED_2023_T1
2023,09,09475,municipality,094750142142,09475142,matched,Konradsreuth,Einheitsgemeinde,3197,2692316.59,842.14,2576824.00,0.00,115492.59,STATISTIKPORTAL_INTEGRATED_2023_T1
2023,09,09475,municipality,094750154154,09475154,matched,"Münchberg, Stadt",Einheitsgemeinde,10211,16027073.98,1569.59,8161944.00,962641.79,6902488.19,STATISTIKPORTAL_INTEGRATED_2023_T1
2023,09,09475,municipality,094750156156,09475156,matched,"Naila, Stadt",Einheitsgemeinde,7690,10782055.21,1402.09,3601858.00,22963.16,7157234.05,STATISTIKPORTAL_INTEGRATED_2023_T1
2023,09,09475,municipality,094750158158,09475158,matched,"Oberkotzau, Markt",Einheitsgemeinde,5370,3390307.74,631.34,1046199.00,22963.16,2321145.58,STATISTIKPORTAL_INTEGRATED_2023_T1
2023,09,09475,municipality,094750161161,09475161,matched,Regnitzlosau,Einheitsgemeinde,2239,1366673.08,610.39,1366671.00,0.00,2.08,STATISTIKPORTAL_INTEGRATED_2023_T1
2023,09,09475,municipality,094750162162,09475162,matched,"Rehau, Stadt",Einheitsgemeinde,9356,32465152.68,3469.98,12935292.00,45926.29,19483934.39,STATISTIKPORTAL_INTEGRATED_2023_T1
2023,09,09475,municipality,094750168168,09475168,matched,"Schwarzenbach/Saale, Stadt",Einheitsgemeinde,6834,15807419.89,2313.06,3787191.00,45926.29,11974302.60,STATISTIKPORTAL_INTEGRATED_2023_T1
2023,09,09475,municipality,094750169169,09475169,matched,"Schwarzenbach/Wald, Stadt",Einheitsgemeinde,4327,3536087.00,817.21,3536087.00,0.00,0.00,STATISTIKPORTAL_INTEGRATED_2023_T1
2023,09,09475,municipality,094750171171,09475171,matched,"Selbitz, Stadt",Einheitsgemeinde,4253,6453949.61,1517.51,3134774.00,22963.16,3296212.45,STATISTIKPORTAL_INTEGRATED_2023_T1
2023,09,09475,municipality,094750175175,09475175,matched,"Stammbach, Markt",Einheitsgemeinde,2335,1972154.07,844.61,542872.00,0.00,1429282.07,STATISTIKPORTAL_INTEGRATED_2023_T1
2023,09,09475,municipality,094750189189,09475189,matched,Markt Zell im Fichtelgebirge,Einheitsgemeinde,1865,1364860.72,731.83,813178.00,1950.17,549732.55,STATISTIKPORTAL_INTEGRATED_2023_T1
2023,09,09475,joint_administration,094755428,,not_applicable,VG Lichtenberg,Verwaltungsgemeinschaft,1998,0.00,0.00,0.00,0.00,0.00,STATISTIKPORTAL_INTEGRATED_2023_T1
2023,09,09475,municipality,094755428137,09475137,matched,Issigau,Mitgliedsgemeinde,968,590261.01,609.77,278025.00,0.00,312236.01,STATISTIKPORTAL_INTEGRATED_2023_T1
2023,09,09475,municipality,094755428146,09475146,matched,"Lichtenberg, Stadt",Mitgliedsgemeinde,1030,2185080.95,2121.44,941000.00,22963.16,1221117.79,STATISTIKPORTAL_INTEGRATED_2023_T1
2023,09,09475,joint_administration,094755430,,not_applicable,VG Feilitzsch,Verwaltungsgemeinschaft,6184,0.00,0.00,0.00,0.00,0.00,STATISTIKPORTAL_INTEGRATED_2023_T1
2023,09,09475,municipality,094755430123,09475123,matched,Feilitzsch,Mitgliedsgemeinde,2710,3729088.98,1376.05,912986.00,2062836.72,753266.26,STATISTIKPORTAL_INTEGRATED_2023_T1
2023,09,09475,municipality,094755430127,09475127,matched,Gattendorf,Mitgliedsgemeinde,1052,3543972.64,3368.80,835890.00,2199291.76,508790.88,STATISTIKPORTAL_INTEGRATED_2023_T1
2023,09,09475,municipality,094755430181,09475181,matched,Töpen,Mitgliedsgemeinde,1005,2016803.90,2006.77,0.00,1645792.04,371011.86,STATISTIKPORTAL_INTEGRATED_2023_T1
2023,09,09475,municipality,094755430182,09475182,matched,Trogen,Mitgliedsgemeinde,1417,2290224.76,1616.25,759733.00,1530491.76,0.00,STATISTIKPORTAL_INTEGRATED_2023_T1
2023,09,09475,joint_administration,094755431,,not_applicable,VG Schauenstein,Verwaltungsgemeinschaft,3093,0.00,0.00,0.00,0.00,0.00,STATISTIKPORTAL_INTEGRATED_2023_T1
2023,09,09475,municipality,094755431145,09475145,matched,Leupoldsgrün,Mitgliedsgemeinde,1204,1529082.43,1270.00,1044798.00,0.00,484284.43,STATISTIKPORTAL_INTEGRATED_2023_T1
2023,09,09475,municipality,094755431165,09475165,matched,"Schauenstein, Stadt",Mitgliedsgemeinde,1889,3525548.23,1866.36,2762073.00,0.00,763475.23,STATISTIKPORTAL_INTEGRATED_2023_T1
2023,09,09475,joint_administration,094755432,,not_applicable,VG Sparneck,Verwaltungsgemeinschaft,2785,0.00,0.00,0.00,0.00,0.00,STATISTIKPORTAL_INTEGRATED_2023_T1
2023,09,09475,municipality,094755432174,09475174,matched,"Sparneck, Markt",Mitgliedsgemeinde,1570,2047629.93,1304.22,1597119.00,0.00,450510.93,STATISTIKPORTAL_INTEGRATED_2023_T1
2023,09,09475,municipality,094755432184,09475184,matched,Weißdorf,Mitgliedsgemeinde,1215,1073149.42,883.25,950186.00,0.00,122963.42,STATISTIKPORTAL_INTEGRATED_2023_T1
2023,09,09476,county_administration,09476,,not_applicable,Landkreis Kronach,Landkreis (Haushalt bzw. Verwaltung),66348,87446365.65,1318.00,5563110.00,165475.69,81717779.96,STATISTIKPORTAL_INTEGRATED_2023_T1
2023,09,09476,municipality,094760145145,09476145,matched,"Kronach, Stadt",Einheitsgemeinde,16930,25863719.15,1527.69,4615950.00,4788029.92,16459739.23,STATISTIKPORTAL_INTEGRATED_2023_T1
2023,09,09476,municipality,094760146146,09476146,matched,"Küps, Markt",Einheitsgemeinde,7821,13622858.48,1741.83,11475355.00,0.00,2147503.48,STATISTIKPORTAL_INTEGRATED_2023_T1
2023,09,09476,municipality,094760152152,09476152,matched,"Ludwigsstadt, Stadt",Einheitsgemeinde,3357,4010448.94,1194.65,2420406.00,0.00,1590042.94,STATISTIKPORTAL_INTEGRATED_2023_T1
2023,09,09476,municipality,094760159159,09476159,matched,"Nordhalben, Markt",Einheitsgemeinde,1614,3409056.01,2112.18,3295197.00,0.00,113859.01,STATISTIKPORTAL_INTEGRATED_2023_T1
2023,09,09476,municipality,094760164164,09476164,matched,"Pressig, Markt",Einheitsgemeinde,3891,6160700.81,1583.32,6096026.00,0.00,64674.81,STATISTIKPORTAL_INTEGRATED_2023_T1
2023,09,09476,municipality,094760175175,09476175,matched,Steinbach a.Wald,Einheitsgemeinde,3042,9204520.31,3025.81,3038373.00,0.00,6166147.31,STATISTIKPORTAL_INTEGRATED_2023_T1
2023,09,09476,municipality,094760177177,09476177,matched,"Steinwiesen, Markt",Einheitsgemeinde,3344,7065395.38,2112.86,2489291.00,0.00,4576104.38,STATISTIKPORTAL_INTEGRATED_2023_T1
2023,09,09476,municipality,094760178178,09476178,matched,Stockheim (Landkreis Kronach),Einheitsgemeinde,4802,738550.00,153.80,738550.00,0.00,0.00,STATISTIKPORTAL_INTEGRATED_2023_T1
2023,09,09476,municipality,094760179179,09476179,matched,"Tettau, Markt",Einheitsgemeinde,1993,6027848.94,3024.51,4437806.00,0.00,1590042.94,STATISTIKPORTAL_INTEGRATED_2023_T1
2023,09,09476,municipality,094760183183,09476183,matched,"Marktrodach, Markt",Einheitsgemeinde,3687,3748379.00,1016.65,3748379.00,0.00,0.00,STATISTIKPORTAL_INTEGRATED_2023_T1
2023,09,09476,municipality,094760184184,09476184,matched,"Wallenfels, Stadt",Einheitsgemeinde,2579,8516555.69,3302.27,8516554.00,0.00,1.69,STATISTIKPORTAL_INTEGRATED_2023_T1
2023,09,09476,municipality,094760185185,09476185,matched,Weißenbrunn,Einheitsgemeinde,2832,4572533.87,1614.60,3345394.00,0.00,1227139.87,STATISTIKPORTAL_INTEGRATED_2023_T1
2023,09,09476,municipality,094760189189,09476189,matched,Wilhelmsthal,Einheitsgemeinde,3536,10048866.83,2841.87,1401539.00,1020487.20,7626840.63,STATISTIKPORTAL_INTEGRATED_2023_T1
2023,09,09476,joint_administration,094765433,,not_applicable,VG Teuschnitz,Verwaltungsgemeinschaft,3090,0.00,0.00,0.00,0.00,0.00,STATISTIKPORTAL_INTEGRATED_2023_T1
2023,09,09476,municipality,094765433166,09476166,matched,Reichenbach (Landkreis Kronach),Mitgliedsgemeinde,661,3051453.12,4616.42,2454.00,1523630.99,1525368.13,STATISTIKPORTAL_INTEGRATED_2023_T1
2023,09,09476,municipality,094765433180,09476180,matched,"Teuschnitz, Stadt",Mitgliedsgemeinde,1927,9495477.64,4927.60,6442536.00,1527573.51,1525368.13,STATISTIKPORTAL_INTEGRATED_2023_T1
2023,09,09476,municipality,094765433182,09476182,matched,Tschirn,Mitgliedsgemeinde,502,1924321.51,3833.31,400748.00,1523573.51,0.00,STATISTIKPORTAL_INTEGRATED_2023_T1
2023,09,09476,joint_administration,094765434,,not_applicable,VG Mitwitz,Verwaltungsgemeinschaft,3830,0.00,0.00,0.00,0.00,0.00,STATISTIKPORTAL_INTEGRATED_2023_T1
2023,09,09476,municipality,094765434154,09476154,matched,"Mitwitz, Markt",Mitgliedsgemeinde,2822,7007602.14,2483.20,6579600.00,428002.14,0.00,STATISTIKPORTAL_INTEGRATED_2023_T1
2023,09,09476,municipality,094765434171,09476171,matched,Schneckenlohe,Mitgliedsgemeinde,1008,931247.86,923.86,620500.00,213997.86,96750.00,STATISTIKPORTAL_INTEGRATED_2023_T1
2023,09,09477,county_administration,09477,,not_applicable,Landkreis Kulmbach,Landkreis (Haushalt bzw. Verwaltung),71867,12605738.59,175.40,4513381.00,1471180.88,6621176.71,STATISTIKPORTAL_INTEGRATED_2023_T1
2023,09,09477,municipality,094770121121,09477121,matched,Himmelkron,Einheitsgemeinde,3465,4324448.20,1248.04,4273750.00,50696.51,1.69,STATISTIKPORTAL_INTEGRATED_2023_T1
2023,09,09477,municipality,094770128128,09477128,matched,"Kulmbach, Große Kreisstadt",große Kreisstadt,25876,54015889.32,2087.49,33152721.00,879824.60,19983343.72,STATISTIKPORTAL_INTEGRATED_2023_T1
2023,09,09477,municipality,094770136136,09477136,matched,Mainleus,Einheitsgemeinde,6559,21369804.00,3258.09,21098146.00,0.00,271658.00,STATISTIKPORTAL_INTEGRATED_2023_T1
2023,09,09477,municipality,094770139139,09477139,matched,"Marktschorgast, Markt",Einheitsgemeinde,1384,2123882.57,1534.60,698135.00,28080.72,1397666.85,STATISTIKPORTAL_INTEGRATED_2023_T1
2023,09,09477,municipality,094770142142,09477142,matched,Neudrossenfeld,Einheitsgemeinde,3768,737675.35,195.77,336050.00,0.00,401625.35,STATISTIKPORTAL_INTEGRATED_2023_T1
2023,09,09477,municipality,094770143143,09477143,matched,Neuenmarkt,Einheitsgemeinde,2926,3517305.19,1202.09,0.00,462142.05,3055163.14,STATISTIKPORTAL_INTEGRATED_2023_T1
2023,09,09477,municipality,094770148148,09477148,matched,"Presseck, Markt",Einheitsgemeinde,1717,7768186.54,4524.28,4279048.00,0.00,3489138.54,STATISTIKPORTAL_INTEGRATED_2023_T1
2023,09,09477,municipality,094770157157,09477157,matched,"Thurnau, Markt",Einheitsgemeinde,4111,6734313.70,1638.12,618289.00,28080.72,6087943.98,STATISTIKPORTAL_INTEGRATED_2023_T1
2023,09,09477,municipality,094770163163,09477163,matched,"Wirsberg, Markt",Einheitsgemeinde,1895,2217872.51,1170.38,608085.00,212124.43,1397663.08,STATISTIKPORTAL_INTEGRATED_2023_T1
2023,09,09477,joint_administration,094775435,,not_applicable,VG Stadtsteinach,Verwaltungsgemeinschaft,4142,0.00,0.00,0.00,0.00,0.00,STATISTIKPORTAL_INTEGRATED_2023_T1
2023,09,09477,municipality,094775435151,09477151,matched,Rugendorf,Mitgliedsgemeinde,967,385680.00,398.84,385680.00,0.00,0.00,STATISTIKPORTAL_INTEGRATED_2023_T1
2023,09,09477,municipality,094775435156,09477156,matched,"Stadtsteinach, Stadt",Mitgliedsgemeinde,3175,7117929.46,2241.87,348000.00,0.00,6769929.46,STATISTIKPORTAL_INTEGRATED_2023_T1
2023,09,09477,joint_administration,094775436,,not_applicable,VG Marktleugast,Verwaltungsgemeinschaft,3948,0.00,0.00,0.00,0.00,0.00,STATISTIKPORTAL_INTEGRATED_2023_T1
2023,09,09477,municipality,094775436117,09477117,matched,"Grafengehaig, Markt",Mitgliedsgemeinde,838,592315.23,706.82,382755.00,0.00,209560.23,STATISTIKPORTAL_INTEGRATED_2023_T1
2023,09,09477,municipality,094775436138,09477138,matched,"Marktleugast, Markt",Mitgliedsgemeinde,3110,935468.00,300.79,935468.00,0.00,0.00,STATISTIKPORTAL_INTEGRATED_2023_T1
2023,09,09477,joint_administration,094775437,,not_applicable,VG Untersteinach,Verwaltungsgemeinschaft,4332,0.00,0.00,0.00,0.00,0.00,STATISTIKPORTAL_INTEGRATED_2023_T1
2023,09,09477,municipality,094775437118,09477118,matched,Guttenberg,Mitgliedsgemeinde,470,205097.00,436.38,205097.00,0.00,0.00,STATISTIKPORTAL_INTEGRATED_2023_T1
2023,09,09477,municipality,094775437129,09477129,matched,"Kupferberg, Stadt",Mitgliedsgemeinde,1058,157617.00,148.98,157617.00,0.00,0.00,STATISTIKPORTAL_INTEGRATED_2023_T1
2023,09,09477,municipality,094775437135,09477135,matched,"Ludwigschorgast, Markt",Mitgliedsgemeinde,996,1042459.00,1046.65,1042459.00,0.00,0.00,STATISTIKPORTAL_INTEGRATED_2023_T1
2023,09,09477,municipality,094775437159,09477159,matched,Untersteinach,Mitgliedsgemeinde,1808,1965030.00,1086.85,1965030.00,0.00,0.00,STATISTIKPORTAL_INTEGRATED_2023_T1
2023,09,09477,joint_administration,094775438,,not_applicable,VG Kasendorf,Verwaltungsgemeinschaft,3688,0.00,0.00,0.00,0.00,0.00,STATISTIKPORTAL_INTEGRATED_2023_T1
2023,09,09477,municipality,094775438124,09477124,matched,"Kasendorf, Markt",Mitgliedsgemeinde,2473,3842667.60,1553.85,3745789.00,0.00,96878.60,STATISTIKPORTAL_INTEGRATED_2023_T1
2023,09,09477,municipality,094775438164,09477164,matched,"Wonsees, Markt",Mitgliedsgemeinde,1215,3408094.52,2805.02,1200000.00,449263.27,1758831.25,STATISTIKPORTAL_INTEGRATED_2023_T1
2023,09,09477,joint_administration,094775439,,not_applicable,VG Trebgast,Verwaltungsgemeinschaft,4056,0.00,0.00,0.00,0.00,0.00,STATISTIKPORTAL_INTEGRATED_2023_T1
2023,09,09477,municipality,094775439119,09477119,matched,Harsdorf,Mitgliedsgemeinde,967,3923438.50,4057.33,3906724.00,16714.50,0.00,STATISTIKPORTAL_INTEGRATED_2023_T1
2023,09,09477,municipality,094775439127,09477127,matched,Ködnitz,Mitgliedsgemeinde,1531,720645.50,470.70,703931.00,16714.50,0.00,STATISTIKPORTAL_INTEGRATED_2023_T1
2023,09,09477,municipality,094775439158,09477158,matched,Trebgast,Mitgliedsgemeinde,1558,922296.93,591.97,878609.00,35354.93,8333.00,STATISTIKPORTAL_INTEGRATED_2023_T1
2023,09,09478,county_administration,09478,,not_applicable,Landkreis Lichtenfels,Landkreis (Haushalt bzw. Verwaltung),67426,62244624.69,923.15,39186107.00,173318.43,22885199.26,STATISTIKPORTAL_INTEGRATED_2023_T1
2023,09,09478,municipality,094780111111,09478111,matched,Altenkunstadt,Einheitsgemeinde,5603,7631460.00,1362.03,7631460.00,0.00,0.00,STATISTIKPORTAL_INTEGRATED_2023_T1
2023,09,09478,municipality,094780116116,09478116,matched,"Burgkunstadt, Stadt",Einheitsgemeinde,6452,12457727.10,1930.83,10089519.00,40563.89,2327644.21,STATISTIKPORTAL_INTEGRATED_2023_T1
2023,09,09478,municipality,094780120120,09478120,matched,"Ebensfeld, Markt",Einheitsgemeinde,5583,2525211.00,452.30,2525211.00,0.00,0.00,STATISTIKPORTAL_INTEGRATED_2023_T1
2023,09,09478,municipality,094780139139,09478139,matched,"Lichtenfels, Stadt",Einheitsgemeinde,20278,25358668.39,1250.55,8992679.00,88503.03,16277486.36,STATISTIKPORTAL_INTEGRATED_2023_T1
2023,09,09478,municipality,094780145145,09478145,matched,Michelau i.OFr.,Einheitsgemeinde,6221,7706763.20,1238.83,7166107.00,0.00,540656.20,STATISTIKPORTAL_INTEGRATED_2023_T1
2023,09,09478,municipality,094780165165,09478165,matched,"Bad Staffelstein, Stadt",Einheitsgemeinde,10699,23121544.22,2161.09,11478761.00,36876.27,11605906.95,STATISTIKPORTAL_INTEGRATED_2023_T1
2023,09,09478,municipality,094780176176,09478176,matched,"Weismain, Stadt",Einheitsgemeinde,4804,24257386.69,5049.41,24233740.00,23646.69,0.00,STATISTIKPORTAL_INTEGRATED_2023_T1
2023,09,09478,joint_administration,094785441,,not_applicable,VG Redwitz a.d.Rodach,Verwaltungsgemeinschaft,4547,0.00,0.00,0.00,0.00,0.00,STATISTIKPORTAL_INTEGRATED_2023_T1
2023,09,09478,municipality,094785441143,09478143,matched,"Marktgraitz, Markt",Mitgliedsgemeinde,1172,337922.00,288.33,337922.00,0.00,0.00,STATISTIKPORTAL_INTEGRATED_2023_T1
2023,09,09478,municipality,094785441155,09478155,matched,Redwitz a.d.Rodach,Mitgliedsgemeinde,3375,1501432.00,444.87,1404682.00,0.00,96750.00,STATISTIKPORTAL_INTEGRATED_2023_T1
2023,09,09478,joint_administration,094785446,,not_applicable,VG Hochstadt-Marktzeuln,Verwaltungsgemeinschaft,3239,0.00,0.00,0.00,0.00,0.00,STATISTIKPORTAL_INTEGRATED_2023_T1
2023,09,09478,municipality,094785446127,09478127,matched,Hochstadt a.Main,Mitgliedsgemeinde,1617,1399179.00,865.29,1399179.00,0.00,0.00,STATISTIKPORTAL_INTEGRATED_2023_T1
2023,09,09478,municipality,094785446144,09478144,matched,"Marktzeuln, Markt",Mitgliedsgemeinde,1622,609786.80,375.95,378077.00,0.00,231709.80,STATISTIKPORTAL_INTEGRATED_2023_T1
2023,09,09479,county_administration,09479,,not_applicable,Landkreis Wunsiedel i.Fichtelgebirge,Landkreis (Haushalt bzw. Verwaltung),72036,69912471.71,970.52,32409060.00,3114198.20,34389213.51,STATISTIKPORTAL_INTEGRATED_2023_T1
2023,09,09479,municipality,094790112112,09479112,matched,"Arzberg, Stadt",Einheitsgemeinde,5076,22059295.93,4345.80,13684745.00,57492.35,8317058.58,STATISTIKPORTAL_INTEGRATED_2023_T1
2023,09,09479,municipality,094790129129,09479129,matched,"Kirchenlamitz, Stadt",Einheitsgemeinde,3151,9182223.92,2914.07,2215716.00,22963.16,6943544.76,STATISTIKPORTAL_INTEGRATED_2023_T1
2023,09,09479,municipality,094790135135,09479135,matched,"Marktleuthen, Stadt",Einheitsgemeinde,2898,8506754.94,2935.39,658310.00,22963.16,7825481.78,STATISTIKPORTAL_INTEGRATED_2023_T1
2023,09,09479,municipality,094790136136,09479136,matched,"Marktredwitz, Große Kreisstadt",große Kreisstadt,17286,93265525.16,5395.44,25451869.00,91852.60,67721803.56,STATISTIKPORTAL_INTEGRATED_2023_T1
2023,09,09479,municipality,094790145145,09479145,matched,Röslau,Einheitsgemeinde,2069,13727271.97,6634.74,2092603.00,0.00,11634668.97,STATISTIKPORTAL_INTEGRATED_2023_T1
2023,09,09479,municipality,094790150150,09479150,matched,"Schönwald, Stadt",Einheitsgemeinde,3163,3798758.82,1201.00,2554670.00,22963.16,1221125.66,STATISTIKPORTAL_INTEGRATED_2023_T1
2023,09,09479,municipality,094790152152,09479152,matched,"Selb, Große Kreisstadt",große Kreisstadt,14691,48072357.37,3272.23,14574376.00,91852.60,33406128.77,STATISTIKPORTAL_INTEGRATED_2023_T1
2023,09,09479,municipality,094790166166,09479166,matched,"Weißenstadt, Stadt",Einheitsgemeinde,3060,42026485.45,13734.15,7556018.00,21495227.16,12975240.29,STATISTIKPORTAL_INTEGRATED_2023_T1
2023,09,09479,municipality,094790169169,09479169,matched,"Wunsiedel, Stadt",Einheitsgemeinde,9310,113449836.60,12185.80,34598408.00,113811.34,78737617.26,STATISTIKPORTAL_INTEGRATED_2023_T1
2023,09,09479,joint_administration,094795442,,not_applicable,VG Thiersheim,Verwaltungsgemeinschaft,3929,0.00,0.00,0.00,0.00,0.00,STATISTIKPORTAL_INTEGRATED_2023_T1
2023,09,09479,municipality,094795442126,09479126,matched,Höchstädt/Fichtelgeb.,Mitgliedsgemeinde,1055,2247743.24,2130.56,2247689.00,0.00,54.24,STATISTIKPORTAL_INTEGRATED_2023_T1
2023,09,09479,municipality,094795442158,09479158,matched,"Thiersheim, Markt",Mitgliedsgemeinde,1755,4414998.29,2515.67,2406550.00,22963.16,1985485.13,STATISTIKPORTAL_INTEGRATED_2023_T1
2023,09,09479,municipality,094795442159,09479159,matched,"Thierstein, Markt",Mitgliedsgemeinde,1119,4604999.38,4115.28,4434672.00,0.00,170327.38,STATISTIKPORTAL_INTEGRATED_2023_T1
2023,09,09479,joint_administration,094795443,,not_applicable,VG Schirnding,Verwaltungsgemeinschaft,2590,0.00,0.00,0.00,0.00,0.00,STATISTIKPORTAL_INTEGRATED_2023_T1
2023,09,09479,municipality,094795443127,09479127,matched,"Hohenberg a.d.Eger, Stadt",Mitgliedsgemeinde,1436,5275040.11,3673.43,561089.00,24820.16,4689130.95,STATISTIKPORTAL_INTEGRATED_2023_T1
2023,09,09479,municipality,094795443147,09479147,matched,"Schirnding, Markt",Mitgliedsgemeinde,1154,2233316.19,1935.28,522201.00,1857.00,1709258.19,STATISTIKPORTAL_INTEGRATED_2023_T1
2023,09,09479,joint_administration,094795444,,not_applicable,VG Tröstau,Verwaltungsgemeinschaft,4813,0.00,0.00,0.00,0.00,0.00,STATISTIKPORTAL_INTEGRATED_2023_T1
2023,09,09479,municipality,094795444111,09479111,matched,Bad Alexandersbad,Mitgliedsgemeinde,949,16159496.87,17027.92,1176139.00,8674521.00,6308836.87,STATISTIKPORTAL_INTEGRATED_2023_T1
2023,09,09479,municipality,094795444138,09479138,matched,Nagel,Mitgliedsgemeinde,1710,4500868.35,2632.09,4278078.00,0.00,222790.35,STATISTIKPORTAL_INTEGRATED_2023_T1
2023,09,09479,municipality,094795444161,09479161,matched,Tröstau,Mitgliedsgemeinde,2154,6267138.52,2909.54,4992139.00,0.00,1274999.52,STATISTIKPORTAL_INTEGRATED_2023_T1
2023,09,09561,municipality,095610000000,09561000,matched,"Ansbach, kreisfreie Stadt",kreisfreie Stadt,42194,137905963.27,3268.38,18189109.00,8552865.95,111163988.32,STATISTIKPORTAL_INTEGRATED_2023_T1
2023,09,09562,municipality,095620000000,09562000,matched,"Erlangen, kreisfreie Stadt",kreisfreie Stadt,117151,769831240.30,6571.27,79007517.00,10711333.73,680112389.57,STATISTIKPORTAL_INTEGRATED_2023_T1
2023,09,09563,municipality,095630000000,09563000,matched,"Fürth, kreisfreie Stadt",kreisfreie Stadt,131572,537818503.95,4087.64,156041042.00,31609595.98,350167865.97,STATISTIKPORTAL_INTEGRATED_2023_T1
2023,09,09564,municipality,095640000000,09564000,matched,"Nürnberg, kreisfreie Stadt",kreisfreie Stadt,524514,4239314883.80,8082.37,1767438436.00,342175643.42,2129700804.38,STATISTIKPORTAL_INTEGRATED_2023_T1
2023,09,09565,municipality,095650000000,09565000,matched,"Schwabach, kreisfreie Stadt",kreisfreie Stadt,41226,90333968.95,2191.19,29513384.00,2001915.05,58818669.90,STATISTIKPORTAL_INTEGRATED_2023_T1
2023,09,09571,county_administration,09571,,not_applicable,Landkreis Ansbach,Landkreis (Haushalt bzw. Verwaltung),188975,56081969.08,296.77,15324904.00,5960048.39,34797016.69,STATISTIKPORTAL_INTEGRATED_2023_T1
2023,09,09571,municipality,095710113113,09571113,matched,"Arberg, Markt",Einheitsgemeinde,2216,1415630.15,638.82,1337298.00,0.00,78332.15,STATISTIKPORTAL_INTEGRATED_2023_T1
2023,09,09571,municipality,095710114114,09571114,matched,Aurach,Einheitsgemeinde,3171,8529328.51,2689.79,2385833.00,1943495.51,4200000.00,STATISTIKPORTAL_INTEGRATED_2023_T1
2023,09,09571,municipality,095710115115,09571115,matched,"Bechhofen, Markt",Einheitsgemeinde,6238,22477294.95,3603.29,6706798.00,0.00,15770496.95,STATISTIKPORTAL_INTEGRATED_2023_T1
2023,09,09571,municipality,095710127127,09571127,matched,Burgoberbach,Einheitsgemeinde,3737,4661775.22,1247.46,1209634.00,3346853.34,105287.88,STATISTIKPORTAL_INTEGRATED_2023_T1
2023,09,09571,municipality,095710130130,09571130,matched,"Colmberg, Markt",Einheitsgemeinde,2164,771713.50,356.61,571000.00,200713.50,0.00,STATISTIKPORTAL_INTEGRATED_2023_T1
2023,09,09571,municipality,095710135135,09571135,matched,"Dietenhofen, Markt",Einheitsgemeinde,5731,3460436.27,603.81,2721872.00,0.00,738564.27,STATISTIKPORTAL_INTEGRATED_2023_T1
2023,09,09571,municipality,095710136136,09571136,matched,"Dinkelsbühl, Große Kreisstadt",große Kreisstadt,12309,20267892.87,1646.59,13410809.00,35287.76,6821796.11,STATISTIKPORTAL_INTEGRATED_2023_T1
2023,09,09571,municipality,095710139139,09571139,matched,"Dürrwangen, Markt",Einheitsgemeinde,2623,1.69,0.00,0.00,0.00,1.69,STATISTIKPORTAL_INTEGRATED_2023_T1
2023,09,09571,municipality,095710145145,09571145,matched,"Feuchtwangen, Stadt",Einheitsgemeinde,12726,56354514.67,4428.30,7940812.00,15918727.47,32494975.20,STATISTIKPORTAL_INTEGRATED_2023_T1
2023,09,09571,municipality,095710146146,09571146,matched,"Flachslanden, Markt",Einheitsgemeinde,2390,4614916.00,1930.93,4198065.00,43750.00,373101.00,STATISTIKPORTAL_INTEGRATED_2023_T1
2023,09,09571,municipality,095710165165,09571165,matched,"Heilsbronn, Stadt",Einheitsgemeinde,9820,7730903.51,787.26,4902865.00,23744.16,2804294.35,STATISTIKPORTAL_INTEGRATED_2023_T1
2023,09,09571,municipality,095710166166,09571166,matched,"Herrieden, Stadt",Einheitsgemeinde,8306,7882245.44,948.98,4189795.00,3692281.15,169.29,STATISTIKPORTAL_INTEGRATED_2023_T1
2023,09,09571,municipality,095710170170,09571170,matched,Langfurth,Einheitsgemeinde,2041,5502094.00,2695.78,5502094.00,0.00,0.00,STATISTIKPORTAL_INTEGRATED_2023_T1
2023,09,09571,municipality,095710171171,09571171,matched,"Lehrberg, Markt",Einheitsgemeinde,3151,1452152.00,460.85,1364652.00,87500.00,0.00,STATISTIKPORTAL_INTEGRATED_2023_T1
2023,09,09571,municipality,095710174174,09571174,matched,"Leutershausen, Stadt",Einheitsgemeinde,5656,40848288.00,7222.12,12733421.00,0.00,28114867.00,STATISTIKPORTAL_INTEGRATED_2023_T1
2023,09,09571,municipality,095710175175,09571175,matched,"Lichtenau, Markt",Einheitsgemeinde,3868,4491034.87,1161.07,4432170.00,46224.38,12640.49,STATISTIKPORTAL_INTEGRATED_2023_T1
2023,09,09571,municipality,095710177177,09571177,matched,"Merkendorf, Stadt",Einheitsgemeinde,3054,1026786.47,336.21,0.00,18065.53,1008720.94,STATISTIKPORTAL_INTEGRATED_2023_T1
2023,09,09571,municipality,095710180180,09571180,matched,Neuendettelsau,Einheitsgemeinde,8203,3946686.48,481.13,48001.00,23744.16,3874941.32,STATISTIKPORTAL_INTEGRATED_2023_T1
2023,09,09571,municipality,095710183183,09571183,matched,Oberdachstetten,Einheitsgemeinde,1639,1599302.00,975.78,1555552.00,43750.00,0.00,STATISTIKPORTAL_INTEGRATED_2023_T1
2023,09,09571,municipality,095710190190,09571190,matched,Petersaurach,Einheitsgemeinde,5069,3113922.75,614.31,2005224.00,0.00,1108698.75,STATISTIKPORTAL_INTEGRATED_2023_T1
2023,09,09571,municipality,095710193193,09571193,matched,"Rothenburg/Tauber, Große Kreisstadt",große Kreisstadt,11431,48563867.09,4248.44,17826386.00,5215271.00,25522210.09,STATISTIKPORTAL_INTEGRATED_2023_T1
2023,09,09571,municipality,095710196196,09571196,matched,Sachsen b.Ansbach,Einheitsgemeinde,3636,2642251.00,726.69,2642251.00,0.00,0.00,STATISTIKPORTAL_INTEGRATED_2023_T1
2023,09,09571,municipality,095710199199,09571199,matched,Schnelldorf,Einheitsgemeinde,3663,10062201.50,2746.98,6291658.00,3770543.50,0.00,STATISTIKPORTAL_INTEGRATED_2023_T1
2023,09,09571,municipality,095710200200,09571200,matched,"Schopfloch, Markt",Einheitsgemeinde,2963,289012.50,97.54,0.00,289012.50,0.00,STATISTIKPORTAL_INTEGRATED_2023_T1
2023,09,09571,municipality,095710214214,09571214,matched,"Wassertrüdingen, Stadt",Einheitsgemeinde,6313,13915755.60,2204.30,11543053.00,144629.74,2228072.86,STATISTIKPORTAL_INTEGRATED_2023_T1
2023,09,09571,municipality,095710226226,09571226,matched,"Windsbach, Stadt",Einheitsgemeinde,6227,6508807.71,1045.26,3817797.00,23744.16,2667266.55,STATISTIKPORTAL_INTEGRATED_2023_T1
2023,09,09571,joint_administration,095715501,,not_applicable,VG Rothenburg ob der Tauber,Verwaltungsgemeinschaft,10243,0.00,0.00,0.00,0.00,0.00,STATISTIKPORTAL_INTEGRATED_2023_T1
2023,09,09571,municipality,095715501111,09571111,matched,Adelshofen (Landkreis Ansbach),Mitgliedsgemeinde,948,1602947.02,1690.87,1124833.00,478114.02,0.00,STATISTIKPORTAL_INTEGRATED_2023_T1
2023,09,09571,municipality,095715501152,09571152,matched,Gebsattel,Mitgliedsgemeinde,1757,1561083.20,888.49,643590.00,917493.20,0.00,STATISTIKPORTAL_INTEGRATED_2023_T1
2023,09,09571,municipality,095715501155,09571155,matched,Geslau,Mitgliedsgemeinde,1350,941218.90,697.20,15000.00,926218.90,0.00,STATISTIKPORTAL_INTEGRATED_2023_T1
2023,09,09571,municipality,095715501169,09571169,matched,Insingen,Mitgliedsgemeinde,1204,743211.80,617.29,313125.00,430086.80,0.00,STATISTIKPORTAL_INTEGRATED_2023_T1
2023,09,09571,municipality,095715501181,09571181,matched,Neusitz,Mitgliedsgemeinde,2087,2167997.00,1038.81,900795.00,1267202.00,0.00,STATISTIKPORTAL_INTEGRATED_2023_T1
2023,09,09571,municipality,095715501188,09571188,matched,Ohrenbach,Mitgliedsgemeinde,581,353529.88,608.49,85500.00,268029.88,0.00,STATISTIKPORTAL_INTEGRATED_2023_T1
2023,09,09571,municipality,095715501205,09571205,matched,Steinsfeld,Mitgliedsgemeinde,1249,5374693.71,4303.20,4725000.00,649693.71,0.00,STATISTIKPORTAL_INTEGRATED_2023_T1
2023,09,09571,municipality,095715501225,09571225,matched,Windelsbach,Mitgliedsgemeinde,1067,467567.20,438.21,0.00,467567.20,0.00,STATISTIKPORTAL_INTEGRATED_2023_T1
2023,09,09571,joint_administration,095715502,,not_applicable,VG Schillingsfürst,Verwaltungsgemeinschaft,9934,0.00,0.00,0.00,0.00,0.00,STATISTIKPORTAL_INTEGRATED_2023_T1
2023,09,09571,municipality,095715502125,09571125,matched,Buch a.Wald,Mitgliedsgemeinde,1043,1021078.24,978.98,823842.00,197236.24,0.00,STATISTIKPORTAL_INTEGRATED_2023_T1
2023,09,09571,municipality,095715502134,09571134,matched,Diebach,Mitgliedsgemeinde,1179,315097.61,267.26,0.00,315097.61,0.00,STATISTIKPORTAL_INTEGRATED_2023_T1
2023,09,09571,municipality,095715502137,09571137,matched,"Dombühl, Markt",Mitgliedsgemeinde,2006,2832430.40,1411.98,2211616.00,620814.40,0.00,STATISTIKPORTAL_INTEGRATED_2023_T1
2023,09,09571,municipality,095715502198,09571198,matched,"Schillingsfürst, Stadt",Mitgliedsgemeinde,2791,3875769.96,1388.67,3018325.00,857444.96,0.00,STATISTIKPORTAL_INTEGRATED_2023_T1
2023,09,09571,municipality,095715502222,09571222,matched,Wettringen,Mitgliedsgemeinde,994,2663361.72,2679.44,2347650.00,315711.72,0.00,STATISTIKPORTAL_INTEGRATED_2023_T1
2023,09,09571,municipality,095715502228,09571228,matched,Wörnitz,Mitgliedsgemeinde,1921,2776421.57,1445.30,1942800.00,833621.57,0.00,STATISTIKPORTAL_INTEGRATED_2023_T1
2023,09,09571,joint_administration,095715504,,not_applicable,VG Weihenzell,Verwaltungsgemeinschaft,5600,0.00,0.00,0.00,0.00,0.00,STATISTIKPORTAL_INTEGRATED_2023_T1
2023,09,09571,municipality,095715504122,09571122,matched,Bruckberg (Landkreis Ansbach),Mitgliedsgemeinde,1331,269998.00,202.85,269998.00,0.00,0.00,STATISTIKPORTAL_INTEGRATED_2023_T1
2023,09,09571,municipality,095715504194,09571194,matched,Rügland,Mitgliedsgemeinde,1286,245663.18,191.03,0.00,0.00,245663.18,STATISTIKPORTAL_INTEGRATED_2023_T1
2023,09,09571,municipality,095715504217,09571217,matched,Weihenzell,Mitgliedsgemeinde,2983,0.00,0.00,0.00,0.00,0.00,STATISTIKPORTAL_INTEGRATED_2023_T1
2023,09,09571,joint_administration,095715506,,not_applicable,VG Triesdorf,Verwaltungsgemeinschaft,4178,0.00,0.00,0.00,0.00,0.00,STATISTIKPORTAL_INTEGRATED_2023_T1
2023,09,09571,municipality,095715506189,09571189,matched,"Ornbau, Stadt",Mitgliedsgemeinde,1716,1389316.94,809.63,1328617.00,0.00,60699.94,STATISTIKPORTAL_INTEGRATED_2023_T1
2023,09,09571,municipality,095715506216,09571216,matched,"Weidenbach, Markt",Mitgliedsgemeinde,2462,1818114.53,738.47,1733795.00,0.00,84319.53,STATISTIKPORTAL_INTEGRATED_2023_T1
2023,09,09571,joint_administration,095715507,,not_applicable,VG Dentlein a.Forst,Verwaltungsgemeinschaft,4807,0.00,0.00,0.00,0.00,0.00,STATISTIKPORTAL_INTEGRATED_2023_T1
2023,09,09571,municipality,095715507128,09571128,matched,Burk,Mitgliedsgemeinde,1105,648727.00,587.08,648727.00,0.00,0.00,STATISTIKPORTAL_INTEGRATED_2023_T1
2023,09,09571,municipality,095715507132,09571132,matched,"Dentlein a.Forst, Markt",Mitgliedsgemeinde,2370,1654787.00,698.22,10359.00,1644428.00,0.00,STATISTIKPORTAL_INTEGRATED_2023_T1
2023,09,09571,municipality,095715507223,09571223,matched,Wieseth,Mitgliedsgemeinde,1332,1040000.00,780.78,1040000.00,0.00,0.00,STATISTIKPORTAL_INTEGRATED_2023_T1
2023,09,09571,joint_administration,095715508,,not_applicable,VG Wilburgstetten,Verwaltungsgemeinschaft,5232,0.00,0.00,0.00,0.00,0.00,STATISTIKPORTAL_INTEGRATED_2023_T1
2023,09,09571,municipality,095715508179,09571179,matched,Mönchsroth,Mitgliedsgemeinde,1678,2931472.00,1747.00,2931472.00,0.00,0.00,STATISTIKPORTAL_INTEGRATED_2023_T1
2023,09,09571,municipality,095715508218,09571218,matched,"Weiltingen, Markt",Mitgliedsgemeinde,1410,1981399.78,1405.25,1223278.00,0.00,758121.78,STATISTIKPORTAL_INTEGRATED_2023_T1
2023,09,09571,municipality,095715508224,09571224,matched,Wilburgstetten,Mitgliedsgemeinde,2144,326106.00,152.10,326106.00,0.00,0.00,STATISTIKPORTAL_INTEGRATED_2023_T1
2023,09,09571,joint_administration,095715509,,not_applicable,VG Hesselberg,Verwaltungsgemeinschaft,5775,0.00,0.00,0.00,0.00,0.00,STATISTIKPORTAL_INTEGRATED_2023_T1
2023,09,09571,municipality,095715509141,09571141,matched,Ehingen (Landkreis Ansbach),Mitgliedsgemeinde,1945,3581999.00,1841.64,3581999.00,0.00,0.00,STATISTIKPORTAL_INTEGRATED_2023_T1
2023,09,09571,municipality,095715509154,09571154,matched,Gerolfingen,Mitgliedsgemeinde,954,4060781.09,4256.58,3487330.00,0.00,573451.09,STATISTIKPORTAL_INTEGRATED_2023_T1
2023,09,09571,municipality,095715509192,09571192,matched,Röckingen,Mitgliedsgemeinde,742,1238325.05,1668.90,1095458.00,10897.05,131970.00,STATISTIKPORTAL_INTEGRATED_2023_T1
2023,09,09571,municipality,095715509208,09571208,matched,Unterschwaningen,Mitgliedsgemeinde,855,61707.21,72.17,0.00,17721.61,43985.60,STATISTIKPORTAL_INTEGRATED_2023_T1
2023,09,09571,municipality,095715509227,09571227,matched,Wittelshofen,Mitgliedsgemeinde,1279,427658.44,334.37,0.00,0.00,427658.44,STATISTIKPORTAL_INTEGRATED_2023_T1
2023,09,09571,joint_administration,095715538,,not_applicable,VG Wolframs-Eschenbach,Verwaltungsgemeinschaft,4861,0.00,0.00,0.00,0.00,0.00,STATISTIKPORTAL_INTEGRATED_2023_T1
2023,09,09571,municipality,095715538178,09571178,matched,Mitteleschenbach,Mitgliedsgemeinde,1661,154678.07,93.12,109321.00,0.00,45357.07,STATISTIKPORTAL_INTEGRATED_2023_T1
2023,09,09571,municipality,095715538229,09571229,matched,"Wolframs-Eschenbach, Stadt",Mitgliedsgemeinde,3200,5375617.45,1679.88,4347790.00,18065.53,1009761.92,STATISTIKPORTAL_INTEGRATED_2023_T1
2023,09,09572,county_administration,09572,,not_applicable,Landkreis Erlangen-Höchstadt,Landkreis (Haushalt bzw. Verwaltung),141201,36514571.06,258.60,10048789.00,415825.36,26049956.70,STATISTIKPORTAL_INTEGRATED_2023_T1
2023,09,09572,municipality,095720111111,09572111,matched,Adelsdorf,Einheitsgemeinde,9353,28587813.30,3056.54,18858075.00,9729738.30,0.00,STATISTIKPORTAL_INTEGRATED_2023_T1
2023,09,09572,municipality,095720115115,09572115,matched,"Baiersdorf, Stadt",Einheitsgemeinde,8109,12647785.09,1559.72,8046501.00,290430.20,4310853.89,STATISTIKPORTAL_INTEGRATED_2023_T1
2023,09,09572,municipality,095720119119,09572119,matched,Bubenreuth,Einheitsgemeinde,4620,8894771.05,1925.28,8155700.00,739071.05,0.00,STATISTIKPORTAL_INTEGRATED_2023_T1
2023,09,09572,municipality,095720121121,09572121,matched,"Eckental, Markt",Einheitsgemeinde,14716,10574677.87,718.58,4265836.00,0.00,6308841.87,STATISTIKPORTAL_INTEGRATED_2023_T1
2023,09,09572,municipality,095720130130,09572130,matched,Hemhofen,Einheitsgemeinde,5403,5140779.00,951.47,4435958.00,0.00,704821.00,STATISTIKPORTAL_INTEGRATED_2023_T1
2023,09,09572,municipality,095720131131,09572131,matched,"Heroldsberg, Markt",Einheitsgemeinde,8489,8647433.30,1018.66,8032871.00,614562.30,0.00,STATISTIKPORTAL_INTEGRATED_2023_T1
2023,09,09572,municipality,095720132132,09572132,matched,"Herzogenaurach, Stadt",Einheitsgemeinde,24593,10121154.56,411.55,0.00,1620458.08,8500696.48,STATISTIKPORTAL_INTEGRATED_2023_T1
2023,09,09572,municipality,095720135135,09572135,matched,"Höchstadt/Aisch, Stadt",Einheitsgemeinde,13962,7617973.88,545.62,7507367.00,110606.88,0.00,STATISTIKPORTAL_INTEGRATED_2023_T1
2023,09,09572,municipality,095720137137,09572137,matched,Kalchreuth,Einheitsgemeinde,3050,206400.00,67.67,206400.00,0.00,0.00,STATISTIKPORTAL_INTEGRATED_2023_T1
2023,09,09572,municipality,095720142142,09572142,matched,Möhrendorf,Einheitsgemeinde,4931,102178.38,20.72,0.00,102178.38,0.00,STATISTIKPORTAL_INTEGRATED_2023_T1
2023,09,09572,municipality,095720149149,09572149,matched,Röttenbach (Landkreis Erlangen-Höchstadt),Einheitsgemeinde,4772,1319383.30,276.48,0.00,614562.30,704821.00,STATISTIKPORTAL_INTEGRATED_2023_T1
2023,09,09572,municipality,095720160160,09572160,matched,"Wachenroth, Markt",Einheitsgemeinde,2375,1042983.50,439.15,849836.00,193147.50,0.00,STATISTIKPORTAL_INTEGRATED_2023_T1
2023,09,09572,municipality,095720164164,09572164,matched,"Weisendorf, Markt",Einheitsgemeinde,6806,660786.68,97.09,0.00,660786.68,0.00,STATISTIKPORTAL_INTEGRATED_2023_T1
2023,09,09572,joint_administration,095725510,,not_applicable,VG Höchstadt a.d.Aisch,Verwaltungsgemeinschaft,7219,0.00,0.00,0.00,0.00,0.00,STATISTIKPORTAL_INTEGRATED_2023_T1
2023,09,09572,municipality,095725510126,09572126,matched,Gremsdorf,Mitgliedsgemeinde,1671,1114693.00,667.08,1114693.00,0.00,0.00,STATISTIKPORTAL_INTEGRATED_2023_T1
2023,09,09572,municipality,095725510139,09572139,matched,"Lonnerstadt, Markt",Mitgliedsgemeinde,2098,1582920.00,754.49,1582920.00,0.00,0.00,STATISTIKPORTAL_INTEGRATED_2023_T1
2023,09,09572,municipality,095725510143,09572143,matched,"Mühlhausen, Markt",Mitgliedsgemeinde,1844,3691214.00,2001.74,3562449.00,128765.00,0.00,STATISTIKPORTAL_INTEGRATED_2023_T1
2023,09,09572,municipality,095725510159,09572159,matched,"Vestenbergsgreuth, Markt",Mitgliedsgemeinde,1606,1459052.00,908.50,1459052.00,0.00,0.00,STATISTIKPORTAL_INTEGRATED_2023_T1
2023,09,09572,joint_administration,095725512,,not_applicable,VG Aurachtal,Verwaltungsgemeinschaft,4500,0.00,0.00,0.00,0.00,0.00,STATISTIKPORTAL_INTEGRATED_2023_T1
2023,09,09572,municipality,095725512114,09572114,matched,Aurachtal,Mitgliedsgemeinde,3138,1942678.42,619.08,1910289.00,32389.42,0.00,STATISTIKPORTAL_INTEGRATED_2023_T1
2023,09,09572,municipality,095725512147,09572147,matched,Oberreichenbach,Mitgliedsgemeinde,1362,13834.96,10.16,0.00,13834.96,0.00,STATISTIKPORTAL_INTEGRATED_2023_T1
2023,09,09572,joint_administration,095725514,,not_applicable,VG Uttenreuth,Verwaltungsgemeinschaft,12070,0.00,0.00,0.00,0.00,0.00,STATISTIKPORTAL_INTEGRATED_2023_T1
2023,09,09572,municipality,095725514120,09572120,matched,Buckenhof,Mitgliedsgemeinde,3218,0.00,0.00,0.00,0.00,0.00,STATISTIKPORTAL_INTEGRATED_2023_T1
2023,09,09572,municipality,095725514141,09572141,matched,Marloffstein,Mitgliedsgemeinde,1573,691843.57,439.82,207307.00,19149.99,465386.58,STATISTIKPORTAL_INTEGRATED_2023_T1
2023,09,09572,municipality,095725514154,09572154,matched,Spardorf,Mitgliedsgemeinde,2254,0.00,0.00,0.00,0.00,0.00,STATISTIKPORTAL_INTEGRATED_2023_T1
2023,09,09572,municipality,095725514158,09572158,matched,Uttenreuth,Mitgliedsgemeinde,5025,9294755.59,1849.70,8447500.00,614562.30,232693.29,STATISTIKPORTAL_INTEGRATED_2023_T1
2023,09,09572,joint_administration,095725539,,not_applicable,VG Heßdorf,Verwaltungsgemeinschaft,6233,0.00,0.00,0.00,0.00,0.00,STATISTIKPORTAL_INTEGRATED_2023_T1
2023,09,09572,municipality,095725539127,09572127,matched,Großenseebach,Mitgliedsgemeinde,2473,23112.19,9.35,0.00,23112.19,0.00,STATISTIKPORTAL_INTEGRATED_2023_T1
2023,09,09572,municipality,095725539133,09572133,matched,Heßdorf,Mitgliedsgemeinde,3760,8638635.49,2297.51,8000961.00,637674.49,0.00,STATISTIKPORTAL_INTEGRATED_2023_T1
2023,09,09573,county_administration,09573,,not_applicable,Landkreis Fürth,Landkreis (Haushalt bzw. Verwaltung),119904,15321241.51,127.78,0.00,481284.79,14839956.72,STATISTIKPORTAL_INTEGRATED_2023_T1
2023,09,09573,municipality,095730111111,09573111,matched,"Ammerndorf, Markt",Einheitsgemeinde,2075,3587336.69,1728.84,1356871.00,7644.61,2222821.08,STATISTIKPORTAL_INTEGRATED_2023_T1
2023,09,09573,municipality,095730114114,09573114,matched,"Cadolzburg, Markt",Einheitsgemeinde,11341,27208756.50,2399.15,5575224.00,83279.61,21550252.89,STATISTIKPORTAL_INTEGRATED_2023_T1
2023,09,09573,municipality,095730115115,09573115,matched,Großhabersdorf,Einheitsgemeinde,4404,8632216.88,1960.09,6772438.00,15531.75,1844247.13,STATISTIKPORTAL_INTEGRATED_2023_T1
2023,09,09573,municipality,095730120120,09573120,matched,"Langenzenn, Stadt",Einheitsgemeinde,10946,41376914.40,3780.09,15882756.00,247074.94,25247083.46,STATISTIKPORTAL_INTEGRATED_2023_T1
2023,09,09573,municipality,095730122122,09573122,matched,"Oberasbach, Stadt",Einheitsgemeinde,17792,13110141.69,736.86,12587500.00,0.00,522641.69,STATISTIKPORTAL_INTEGRATED_2023_T1
2023,09,09573,municipality,095730124124,09573124,matched,Puschendorf,Einheitsgemeinde,2298,2300581.59,1001.12,2124516.00,176065.59,0.00,STATISTIKPORTAL_INTEGRATED_2023_T1
2023,09,09573,municipality,095730125125,09573125,matched,"Roßtal, Markt",Einheitsgemeinde,10023,21016982.53,2096.88,16741800.00,36686.92,4238495.61,STATISTIKPORTAL_INTEGRATED_2023_T1
2023,09,09573,municipality,095730127127,09573127,matched,"Stein, Stadt",Einheitsgemeinde,14685,26341139.20,1793.74,17888886.00,1778.66,8450474.54,STATISTIKPORTAL_INTEGRATED_2023_T1
2023,09,09573,municipality,095730133133,09573133,matched,"Wilhermsdorf, Markt",Einheitsgemeinde,5502,2398641.96,435.96,1072706.00,1221.70,1324714.26,STATISTIKPORTAL_INTEGRATED_2023_T1
2023,09,09573,municipality,095730134134,09573134,matched,"Zirndorf, Stadt",Einheitsgemeinde,26259,124529991.39,4742.37,29409843.00,2170901.27,92949247.12,STATISTIKPORTAL_INTEGRATED_2023_T1
2023,09,09573,joint_administration,095735517,,not_applicable,VG Veitsbronn,Verwaltungsgemeinschaft,9917,0.00,0.00,0.00,0.00,0.00,STATISTIKPORTAL_INTEGRATED_2023_T1
2023,09,09573,municipality,095735517126,09573126,matched,Seukendorf,Mitgliedsgemeinde,3177,5011979.24,1577.58,3544838.00,11776.82,1455364.42,STATISTIKPORTAL_INTEGRATED_2023_T1
2023,09,09573,municipality,095735517130,09573130,matched,Veitsbronn,Mitgliedsgemeinde,6740,15365676.70,2279.77,14632774.00,487239.52,245663.18,STATISTIKPORTAL_INTEGRATED_2023_T1
2023,09,09573,joint_administration,095735540,,not_applicable,VG Obermichelbach-Tuchenbach,Verwaltungsgemeinschaft,4662,0.00,0.00,0.00,0.00,0.00,STATISTIKPORTAL_INTEGRATED_2023_T1
2023,09,09573,municipality,095735540123,09573123,matched,Obermichelbach,Mitgliedsgemeinde,3279,4730633.52,1442.71,2032336.00,247664.92,2450632.60,STATISTIKPORTAL_INTEGRATED_2023_T1
2023,09,09573,municipality,095735540129,09573129,matched,Tuchenbach,Mitgliedsgemeinde,1383,2050264.27,1482.48,724628.00,100319.97,1225316.30,STATISTIKPORTAL_INTEGRATED_2023_T1
2023,09,09574,county_administration,09574,,not_applicable,Landkreis Nürnberger Land,Landkreis (Haushalt bzw. Verwaltung),172905,48227507.42,278.92,17277261.00,1274657.56,29675588.86,STATISTIKPORTAL_INTEGRATED_2023_T1
2023,09,09574,municipality,095740112112,09574112,matched,"Altdorf b.Nürnberg, Stadt",Einheitsgemeinde,15684,14257737.88,909.06,9457898.00,1018383.56,3781456.32,STATISTIKPORTAL_INTEGRATED_2023_T1
2023,09,09574,municipality,095740117117,09574117,matched,Burgthann,Einheitsgemeinde,11808,9064914.02,767.69,6222.00,0.00,9058692.02,STATISTIKPORTAL_INTEGRATED_2023_T1
2023,09,09574,municipality,095740123123,09574123,matched,"Feucht, Markt",Einheitsgemeinde,14139,11642168.34,823.41,8409688.00,778286.00,2454194.34,STATISTIKPORTAL_INTEGRATED_2023_T1
2023,09,09574,municipality,095740132132,09574132,matched,"Hersbruck, Stadt",Einheitsgemeinde,12643,36212145.76,2864.21,12057922.00,9469025.27,14685198.49,STATISTIKPORTAL_INTEGRATED_2023_T1
2023,09,09574,municipality,095740135135,09574135,matched,Kirchensittenbach,Einheitsgemeinde,2082,41176.77,19.78,0.00,41176.77,0.00,STATISTIKPORTAL_INTEGRATED_2023_T1
2023,09,09574,municipality,095740138138,09574138,matched,"Lauf a.d.Pegnitz, Stadt",Einheitsgemeinde,26456,42371695.80,1601.59,25620845.00,152185.21,16598665.59,STATISTIKPORTAL_INTEGRATED_2023_T1
2023,09,09574,municipality,095740139139,09574139,matched,Leinburg,Einheitsgemeinde,6878,6949607.03,1010.41,4998369.00,1339508.03,611730.00,STATISTIKPORTAL_INTEGRATED_2023_T1
2023,09,09574,municipality,095740140140,09574140,matched,"Neuhaus a.d.Pegnitz, Markt",Einheitsgemeinde,2840,6370922.00,2243.28,6370922.00,0.00,0.00,STATISTIKPORTAL_INTEGRATED_2023_T1
2023,09,09574,municipality,095740141141,09574141,matched,Neunkirchen a.Sand,Einheitsgemeinde,4751,748274.49,157.50,300000.00,0.00,448274.49,STATISTIKPORTAL_INTEGRATED_2023_T1
2023,09,09574,municipality,095740146146,09574146,matched,Ottensoos,Einheitsgemeinde,2030,120651.57,59.43,0.00,0.00,120651.57,STATISTIKPORTAL_INTEGRATED_2023_T1
2023,09,09574,municipality,095740147147,09574147,matched,Pommelsbrunn,Einheitsgemeinde,5444,4733507.43,869.49,3349600.00,897424.40,486483.03,STATISTIKPORTAL_INTEGRATED_2023_T1
2023,09,09574,municipality,095740150150,09574150,matched,Reichenschwand,Einheitsgemeinde,2426,184525.17,76.06,0.00,41176.77,143348.40,STATISTIKPORTAL_INTEGRATED_2023_T1
2023,09,09574,municipality,095740152152,09574152,matched,"Röthenbach/Pegnitz, Stadt",Einheitsgemeinde,12547,15016701.32,1196.84,5117019.00,3639440.08,6260242.24,STATISTIKPORTAL_INTEGRATED_2023_T1
2023,09,09574,municipality,095740154154,09574154,matched,Rückersdorf,Einheitsgemeinde,4789,908106.10,189.62,521431.00,386675.10,0.00,STATISTIKPORTAL_INTEGRATED_2023_T1
2023,09,09574,municipality,095740155155,09574155,matched,"Schnaittach, Markt",Einheitsgemeinde,8644,11141295.53,1288.91,6731801.00,76235.37,4333259.16,STATISTIKPORTAL_INTEGRATED_2023_T1
2023,09,09574,municipality,095740156156,09574156,matched,Schwaig b.Nürnberg,Einheitsgemeinde,9059,3003336.54,331.53,1948860.00,1054476.54,0.00,STATISTIKPORTAL_INTEGRATED_2023_T1
2023,09,09574,municipality,095740157157,09574157,matched,Schwarzenbruck,Einheitsgemeinde,8609,11371954.09,1320.94,2665085.00,323923.44,8382945.65,STATISTIKPORTAL_INTEGRATED_2023_T1
2023,09,09574,municipality,095740158158,09574158,matched,Simmelsdorf,Einheitsgemeinde,3396,852620.77,251.07,576669.00,0.00,275951.77,STATISTIKPORTAL_INTEGRATED_2023_T1
2023,09,09574,municipality,095740164164,09574164,matched,Winkelhaid,Einheitsgemeinde,4261,6481441.98,1521.11,5722747.00,648235.75,110459.23,STATISTIKPORTAL_INTEGRATED_2023_T1
2023,09,09574,joint_administration,095745527,,not_applicable,VG Velden,Verwaltungsgemeinschaft,5015,0.00,0.00,0.00,0.00,0.00,STATISTIKPORTAL_INTEGRATED_2023_T1
2023,09,09574,municipality,095745527129,09574129,matched,Hartenstein,Mitgliedsgemeinde,1464,0.00,0.00,0.00,0.00,0.00,STATISTIKPORTAL_INTEGRATED_2023_T1
2023,09,09574,municipality,095745527160,09574160,matched,"Velden, Stadt",Mitgliedsgemeinde,1798,1300073.00,723.07,1300073.00,0.00,0.00,STATISTIKPORTAL_INTEGRATED_2023_T1
2023,09,09574,municipality,095745527161,09574161,matched,Vorra,Mitgliedsgemeinde,1753,2334775.00,1331.87,2334775.00,0.00,0.00,STATISTIKPORTAL_INTEGRATED_2023_T1
2023,09,09574,joint_administration,095745528,,not_applicable,VG Happurg,Verwaltungsgemeinschaft,4917,0.00,0.00,0.00,0.00,0.00,STATISTIKPORTAL_INTEGRATED_2023_T1
2023,09,09574,municipality,095745528111,09574111,matched,Alfeld,Mitgliedsgemeinde,1130,2839406.17,2512.75,2200438.00,41176.77,597791.40,STATISTIKPORTAL_INTEGRATED_2023_T1
2023,09,09574,municipality,095745528128,09574128,matched,Happurg,Mitgliedsgemeinde,3787,3398041.11,897.29,3314000.00,82358.90,1682.21,STATISTIKPORTAL_INTEGRATED_2023_T1
2023,09,09574,joint_administration,095745529,,not_applicable,VG Henfenfeld,Verwaltungsgemeinschaft,4487,0.00,0.00,0.00,0.00,0.00,STATISTIKPORTAL_INTEGRATED_2023_T1
2023,09,09574,municipality,095745529120,09574120,matched,Engelthal,Mitgliedsgemeinde,1115,864949.20,775.74,751197.00,41176.77,72575.43,STATISTIKPORTAL_INTEGRATED_2023_T1
2023,09,09574,municipality,095745529131,09574131,matched,Henfenfeld,Mitgliedsgemeinde,1782,1208818.74,678.35,1084012.00,41176.77,83629.97,STATISTIKPORTAL_INTEGRATED_2023_T1
2023,09,09574,municipality,095745529145,09574145,matched,Offenhausen,Mitgliedsgemeinde,1590,989202.25,622.14,936250.00,41176.77,11775.48,STATISTIKPORTAL_INTEGRATED_2023_T1
2023,09,09575,county_administration,09575,,not_applicable,Landkreis Neustadt a.d.Aisch-Bad Windsheim,Landkreis (Haushalt bzw. Verwaltung),103537,51150036.97,494.03,0.00,3282714.34,47867322.63,STATISTIKPORTAL_INTEGRATED_2023_T1
2023,09,09575,municipality,095750112112,09575112,matched,"Bad Windsheim, Stadt",Einheitsgemeinde,12735,36913994.52,2898.63,16067246.00,60262.68,20786485.84,STATISTIKPORTAL_INTEGRATED_2023_T1
2023,09,09575,municipality,095750116116,09575116,matched,"Burghaslach, Markt",Einheitsgemeinde,2721,938.51,0.34,0.00,0.00,938.51,STATISTIKPORTAL_INTEGRATED_2023_T1
2023,09,09575,municipality,095750119119,09575119,matched,Dietersheim,Einheitsgemeinde,2205,2183000.00,990.02,2183000.00,0.00,0.00,STATISTIKPORTAL_INTEGRATED_2023_T1
2023,09,09575,municipality,095750121121,09575121,matched,"Emskirchen, Markt",Einheitsgemeinde,6125,11250919.02,1836.88,2044608.00,60262.68,9146048.34,STATISTIKPORTAL_INTEGRATED_2023_T1
2023,09,09575,municipality,095750135135,09575135,matched,"Ipsheim, Markt",Einheitsgemeinde,2251,3906262.00,1735.35,3906262.00,0.00,0.00,STATISTIKPORTAL_INTEGRATED_2023_T1
2023,09,09575,municipality,095750145145,09575145,matched,"Markt Erlbach, Markt",Einheitsgemeinde,5741,4092068.79,712.78,3202305.00,0.00,889763.79,STATISTIKPORTAL_INTEGRATED_2023_T1
2023,09,09575,municipality,095750153153,09575153,matched,"Neustadt a.d.Aisch, Stadt",Einheitsgemeinde,13452,23620020.69,1755.87,2575541.00,677575.97,20366903.72,STATISTIKPORTAL_INTEGRATED_2023_T1
2023,09,09575,municipality,095750156156,09575156,matched,"Obernzenn, Markt",Einheitsgemeinde,2559,1542180.00,602.65,1542180.00,0.00,0.00,STATISTIKPORTAL_INTEGRATED_2023_T1
2023,09,09575,joint_administration,095755518,,not_applicable,VG Scheinfeld,Verwaltungsgemeinschaft,12364,0.00,0.00,0.00,0.00,0.00,STATISTIKPORTAL_INTEGRATED_2023_T1
2023,09,09575,municipality,095755518138,09575138,matched,Langenfeld,Mitgliedsgemeinde,1057,2995093.17,2833.58,2947479.00,47614.17,0.00,STATISTIKPORTAL_INTEGRATED_2023_T1
2023,09,09575,municipality,095755518144,09575144,matched,"Markt Bibart, Markt",Mitgliedsgemeinde,1890,1877396.86,993.33,1526150.00,114633.00,236613.86,STATISTIKPORTAL_INTEGRATED_2023_T1
2023,09,09575,municipality,095755518147,09575147,matched,"Markt Taschendorf, Markt",Mitgliedsgemeinde,1025,8480.62,8.27,0.00,6603.61,1877.01,STATISTIKPORTAL_INTEGRATED_2023_T1
2023,09,09575,municipality,095755518157,09575157,matched,"Oberscheinfeld, Markt",Mitgliedsgemeinde,1124,1181660.37,1051.30,1131845.00,49815.37,0.00,STATISTIKPORTAL_INTEGRATED_2023_T1
2023,09,09575,municipality,095755518161,09575161,matched,"Scheinfeld, Stadt",Mitgliedsgemeinde,4893,8869191.43,1812.63,6242570.00,172966.12,2453655.31,STATISTIKPORTAL_INTEGRATED_2023_T1
2023,09,09575,municipality,095755518165,09575165,matched,"Sugenheim, Markt",Mitgliedsgemeinde,2375,2512391.12,1057.85,2409600.00,95227.87,7563.25,STATISTIKPORTAL_INTEGRATED_2023_T1
2023,09,09575,joint_administration,095755519,,not_applicable,VG Uffenheim,Verwaltungsgemeinschaft,14399,0.00,0.00,0.00,0.00,0.00,STATISTIKPORTAL_INTEGRATED_2023_T1
2023,09,09575,municipality,095755519122,09575122,matched,Ergersheim,Mitgliedsgemeinde,1089,2608812.03,2395.60,2315000.00,293812.03,0.00,STATISTIKPORTAL_INTEGRATED_2023_T1
2023,09,09575,municipality,095755519127,09575127,matched,Gollhofen,Mitgliedsgemeinde,896,470405.51,525.01,77000.00,393405.51,0.00,STATISTIKPORTAL_INTEGRATED_2023_T1
2023,09,09575,municipality,095755519130,09575130,matched,Hemmersheim,Mitgliedsgemeinde,646,162423.63,251.43,0.00,162423.63,0.00,STATISTIKPORTAL_INTEGRATED_2023_T1
2023,09,09575,municipality,095755519134,09575134,matched,"Ippesheim, Markt",Mitgliedsgemeinde,1116,608870.11,545.58,148000.00,395254.48,65615.63,STATISTIKPORTAL_INTEGRATED_2023_T1
2023,09,09575,municipality,095755519146,09575146,matched,"Markt Nordheim, Markt",Mitgliedsgemeinde,1172,1523508.09,1299.92,1325000.00,197569.58,938.51,STATISTIKPORTAL_INTEGRATED_2023_T1
2023,09,09575,municipality,095755519155,09575155,matched,Oberickelsheim,Mitgliedsgemeinde,739,1844148.41,2495.46,1662400.00,162423.63,19324.78,STATISTIKPORTAL_INTEGRATED_2023_T1
2023,09,09575,municipality,095755519163,09575163,matched,Simmershofen,Mitgliedsgemeinde,982,3822195.61,3892.26,3621275.00,200920.61,0.00,STATISTIKPORTAL_INTEGRATED_2023_T1
2023,09,09575,municipality,095755519168,09575168,matched,"Uffenheim, Stadt",Mitgliedsgemeinde,6740,14358106.23,2130.28,7882290.00,55360.89,6420455.34,STATISTIKPORTAL_INTEGRATED_2023_T1
2023,09,09575,municipality,095755519179,09575179,matched,Weigenheim,Mitgliedsgemeinde,1019,627407.09,615.71,425756.00,178321.09,23330.00,STATISTIKPORTAL_INTEGRATED_2023_T1
2023,09,09575,joint_administration,095755520,,not_applicable,VG Hagenbüchach - Wilhelmsdorf,Verwaltungsgemeinschaft,3180,0.00,0.00,0.00,0.00,0.00,STATISTIKPORTAL_INTEGRATED_2023_T1
2023,09,09575,municipality,095755520129,09575129,matched,Hagenbüchach,Mitgliedsgemeinde,1660,6266396.50,3774.94,6258270.00,8126.50,0.00,STATISTIKPORTAL_INTEGRATED_2023_T1
2023,09,09575,municipality,095755520181,09575181,matched,Wilhelmsdorf,Mitgliedsgemeinde,1520,1274146.16,838.25,489640.00,23162.80,761343.36,STATISTIKPORTAL_INTEGRATED_2023_T1
2023,09,09575,joint_administration,095755521,,not_applicable,VG Diespeck,Verwaltungsgemeinschaft,7859,0.00,0.00,0.00,0.00,0.00,STATISTIKPORTAL_INTEGRATED_2023_T1
2023,09,09575,municipality,095755521113,09575113,matched,"Baudenbach, Markt",Mitgliedsgemeinde,1226,95580.23,77.96,37500.00,58080.23,0.00,STATISTIKPORTAL_INTEGRATED_2023_T1
2023,09,09575,municipality,095755521118,09575118,matched,Diespeck,Mitgliedsgemeinde,3859,3341478.31,865.89,3244696.00,96782.31,0.00,STATISTIKPORTAL_INTEGRATED_2023_T1
2023,09,09575,municipality,095755521128,09575128,matched,Gutenstetten,Mitgliedsgemeinde,1320,2041297.23,1546.44,1983217.00,58080.23,0.00,STATISTIKPORTAL_INTEGRATED_2023_T1
2023,09,09575,municipality,095755521150,09575150,matched,Münchsteinach,Mitgliedsgemeinde,1454,1851827.23,1273.61,1793747.00,58080.23,0.00,STATISTIKPORTAL_INTEGRATED_2023_T1
2023,09,09575,joint_administration,095755522,,not_applicable,VG Uehlfeld,Verwaltungsgemeinschaft,7505,0.00,0.00,0.00,0.00,0.00,STATISTIKPORTAL_INTEGRATED_2023_T1
2023,09,09575,municipality,095755522117,09575117,matched,"Dachsbach, Markt",Mitgliedsgemeinde,1801,119090.48,66.12,0.00,119090.48,0.00,STATISTIKPORTAL_INTEGRATED_2023_T1
2023,09,09575,municipality,095755522125,09575125,matched,Gerhardshofen,Mitgliedsgemeinde,2547,119090.48,46.76,0.00,119090.48,0.00,STATISTIKPORTAL_INTEGRATED_2023_T1
2023,09,09575,municipality,095755522167,09575167,matched,"Uehlfeld, Markt",Mitgliedsgemeinde,3157,1111469.05,352.06,992375.00,119094.05,0.00,STATISTIKPORTAL_INTEGRATED_2023_T1
2023,09,09575,joint_administration,095755524,,not_applicable,VG Burgbernheim,Verwaltungsgemeinschaft,6851,0.00,0.00,0.00,0.00,0.00,STATISTIKPORTAL_INTEGRATED_2023_T1
2023,09,09575,municipality,095755524115,09575115,matched,"Burgbernheim, Stadt",Mitgliedsgemeinde,3448,6459224.16,1873.32,4979034.00,15036.30,1465153.86,STATISTIKPORTAL_INTEGRATED_2023_T1
2023,09,09575,municipality,095755524124,09575124,matched,Gallmersgarten,Mitgliedsgemeinde,824,438897.00,532.64,438897.00,0.00,0.00,STATISTIKPORTAL_INTEGRATED_2023_T1
2023,09,09575,municipality,095755524133,09575133,matched,Illesheim,Mitgliedsgemeinde,967,300000.00,310.24,0.00,0.00,300000.00,STATISTIKPORTAL_INTEGRATED_2023_T1
2023,09,09575,municipality,095755524143,09575143,matched,"Marktbergel, Markt",Mitgliedsgemeinde,1612,537924.00,333.70,537924.00,0.00,0.00,STATISTIKPORTAL_INTEGRATED_2023_T1
2023,09,09575,joint_administration,095755525,,not_applicable,VG Neuhof a.d.Zenn,Verwaltungsgemeinschaft,3590,0.00,0.00,0.00,0.00,0.00,STATISTIKPORTAL_INTEGRATED_2023_T1
2023,09,09575,municipality,095755525152,09575152,matched,"Neuhof a.d.Zenn, Markt",Mitgliedsgemeinde,2222,1688035.94,759.69,1328787.00,0.00,359248.94,STATISTIKPORTAL_INTEGRATED_2023_T1
2023,09,09575,municipality,095755525166,09575166,matched,Trautskirchen,Mitgliedsgemeinde,1368,454960.52,332.57,236594.00,0.00,218366.52,STATISTIKPORTAL_INTEGRATED_2023_T1
2023,09,09576,county_administration,09576,,not_applicable,Landkreis Roth,Landkreis (Haushalt bzw. Verwaltung),129144,23556892.95,182.41,0.00,932030.49,22624862.46,STATISTIKPORTAL_INTEGRATED_2023_T1
2023,09,09576,municipality,095760111111,09576111,matched,"Abenberg, Stadt",Einheitsgemeinde,5593,5553085.43,992.86,5314998.00,0.00,238087.43,STATISTIKPORTAL_INTEGRATED_2023_T1
2023,09,09576,municipality,095760113113,09576113,matched,"Allersberg, Markt",Einheitsgemeinde,8527,8512610.75,998.31,7274695.00,0.00,1237915.75,STATISTIKPORTAL_INTEGRATED_2023_T1
2023,09,09576,municipality,095760117117,09576117,matched,Büchenbach,Einheitsgemeinde,5382,1880006.00,349.31,1073737.00,735709.00,70560.00,STATISTIKPORTAL_INTEGRATED_2023_T1
2023,09,09576,municipality,095760121121,09576121,matched,Georgensgmünd,Einheitsgemeinde,6856,11104992.52,1619.75,10985636.00,0.00,119356.52,STATISTIKPORTAL_INTEGRATED_2023_T1
2023,09,09576,municipality,095760122122,09576122,matched,"Greding, Stadt",Einheitsgemeinde,7244,10321151.84,1424.79,9984543.00,0.00,336608.84,STATISTIKPORTAL_INTEGRATED_2023_T1
2023,09,09576,municipality,095760126126,09576126,matched,"Heideck, Stadt",Einheitsgemeinde,4673,4305444.00,921.34,4305444.00,0.00,0.00,STATISTIKPORTAL_INTEGRATED_2023_T1
2023,09,09576,municipality,095760127127,09576127,matched,"Hilpoltstein, Stadt",Einheitsgemeinde,13929,259356.17,18.62,224748.00,0.00,34608.17,STATISTIKPORTAL_INTEGRATED_2023_T1
2023,09,09576,municipality,095760128128,09576128,matched,Kammerstein,Einheitsgemeinde,3097,3855339.00,1244.86,3119630.00,735709.00,0.00,STATISTIKPORTAL_INTEGRATED_2023_T1
2023,09,09576,municipality,095760132132,09576132,matched,"Schwanstetten, Markt",Einheitsgemeinde,7275,9350623.60,1285.31,3340424.00,0.00,6010199.60,STATISTIKPORTAL_INTEGRATED_2023_T1
2023,09,09576,municipality,095760137137,09576137,matched,Rednitzhembach,Einheitsgemeinde,7124,0.00,0.00,0.00,0.00,0.00,STATISTIKPORTAL_INTEGRATED_2023_T1
2023,09,09576,municipality,095760141141,09576141,matched,Röttenbach (Landkreis Roth),Einheitsgemeinde,3447,6973036.00,2022.93,4917939.00,0.00,2055097.00,STATISTIKPORTAL_INTEGRATED_2023_T1
2023,09,09576,municipality,095760142142,09576142,matched,Rohr,Einheitsgemeinde,3796,5608644.07,1477.51,4867158.00,0.00,741486.07,STATISTIKPORTAL_INTEGRATED_2023_T1
2023,09,09576,municipality,095760143143,09576143,matched,"Roth, Stadt",Einheitsgemeinde,25335,11388787.43,449.53,2848854.00,77083.81,8462849.62,STATISTIKPORTAL_INTEGRATED_2023_T1
2023,09,09576,municipality,095760147147,09576147,matched,"Spalt, Stadt",Einheitsgemeinde,5231,15025471.55,2872.39,5848383.00,32118.25,9144970.30,STATISTIKPORTAL_INTEGRATED_2023_T1
2023,09,09576,municipality,095760148148,09576148,matched,"Thalmässing, Markt",Einheitsgemeinde,5420,528266.84,97.47,191658.00,0.00,336608.84,STATISTIKPORTAL_INTEGRATED_2023_T1
2023,09,09576,municipality,095760151151,09576151,matched,"Wendelstein, Markt",Einheitsgemeinde,16215,25874273.44,1595.70,545000.00,0.00,25329273.44,STATISTIKPORTAL_INTEGRATED_2023_T1
2023,09,09577,county_administration,09577,,not_applicable,Landkreis Weißenburg-Gunzenhausen,Landkreis (Haushalt bzw. Verwaltung),97336,9131083.58,93.81,748542.00,858396.89,7524144.69,STATISTIKPORTAL_INTEGRATED_2023_T1
2023,09,09577,municipality,095770114114,09577114,matched,Muhr a.See,Einheitsgemeinde,2460,1752484.03,712.39,1196972.00,0.00,555512.03,STATISTIKPORTAL_INTEGRATED_2023_T1
2023,09,09577,municipality,095770136136,09577136,matched,"Gunzenhausen, Stadt",Einheitsgemeinde,17269,36162356.27,2094.06,17036062.00,90327.65,19035966.62,STATISTIKPORTAL_INTEGRATED_2023_T1
2023,09,09577,municipality,095770148148,09577148,matched,Langenaltheim,Einheitsgemeinde,2321,2074642.51,893.86,1925297.00,14308.95,135036.56,STATISTIKPORTAL_INTEGRATED_2023_T1
2023,09,09577,municipality,095770158158,09577158,matched,"Pappenheim, Stadt",Einheitsgemeinde,4007,9297762.99,2320.38,5704056.00,52278.23,3541428.76,STATISTIKPORTAL_INTEGRATED_2023_T1
2023,09,09577,municipality,095770161161,09577161,matched,"Pleinfeld, Markt",Einheitsgemeinde,7806,6845322.94,876.93,5389899.00,45998.16,1409425.78,STATISTIKPORTAL_INTEGRATED_2023_T1
2023,09,09577,municipality,095770162162,09577162,matched,Polsingen,Einheitsgemeinde,1825,374885.51,205.42,0.00,22499.50,352386.01,STATISTIKPORTAL_INTEGRATED_2023_T1
2023,09,09577,municipality,095770168168,09577168,matched,Solnhofen,Einheitsgemeinde,1727,3154988.29,1826.86,3024923.00,11628.29,118437.00,STATISTIKPORTAL_INTEGRATED_2023_T1
2023,09,09577,municipality,095770173173,09577173,matched,"Treuchtlingen, Stadt",Einheitsgemeinde,13162,104163542.14,7913.96,39012347.00,167283.07,64983912.07,STATISTIKPORTAL_INTEGRATED_2023_T1
2023,09,09577,municipality,095770177177,09577177,matched,"Weißenburg i.Bay., Große Kreisstadt",große Kreisstadt,18887,33837490.01,1791.58,9632705.00,190957.67,24013827.34,STATISTIKPORTAL_INTEGRATED_2023_T1
2023,09,09577,joint_administration,095775532,,not_applicable,VG Gunzenhausen,Verwaltungsgemeinschaft,7163,0.00,0.00,0.00,0.00,0.00,STATISTIKPORTAL_INTEGRATED_2023_T1
2023,09,09577,municipality,095775532111,09577111,matched,"Absberg, Markt",Mitgliedsgemeinde,1478,2022048.88,1368.10,1278490.00,299859.75,443699.13,STATISTIKPORTAL_INTEGRATED_2023_T1
2023,09,09577,municipality,095775532138,09577138,matched,Haundorf,Mitgliedsgemeinde,2888,2185446.44,756.73,1712650.00,299859.75,172936.69,STATISTIKPORTAL_INTEGRATED_2023_T1
2023,09,09577,municipality,095775532159,09577159,matched,Pfofeld,Mitgliedsgemeinde,1636,2099255.87,1283.16,1080000.00,299859.75,719396.12,STATISTIKPORTAL_INTEGRATED_2023_T1
2023,09,09577,municipality,095775532172,09577172,matched,Theilenhofen,Mitgliedsgemeinde,1161,2800106.96,2411.81,2250248.00,299859.75,249999.21,STATISTIKPORTAL_INTEGRATED_2023_T1
2023,09,09577,joint_administration,095775533,,not_applicable,VG Altmühltal,Verwaltungsgemeinschaft,5060,0.00,0.00,0.00,0.00,0.00,STATISTIKPORTAL_INTEGRATED_2023_T1
2023,09,09577,municipality,095775533113,09577113,matched,Alesheim,Mitgliedsgemeinde,969,3158596.80,3259.65,3135677.00,0.00,22919.80,STATISTIKPORTAL_INTEGRATED_2023_T1
2023,09,09577,municipality,095775533122,09577122,matched,Dittenheim,Mitgliedsgemeinde,1907,2304809.92,1208.61,1559188.00,0.00,745621.92,STATISTIKPORTAL_INTEGRATED_2023_T1
2023,09,09577,municipality,095775533149,09577149,matched,"Markt Berolzheim, Markt",Mitgliedsgemeinde,1326,8719.07,6.58,0.00,0.00,8719.07,STATISTIKPORTAL_INTEGRATED_2023_T1
2023,09,09577,municipality,095775533150,09577150,matched,Meinheim,Mitgliedsgemeinde,858,3026878.02,3527.83,2902400.00,0.00,124478.02,STATISTIKPORTAL_INTEGRATED_2023_T1
2023,09,09577,joint_administration,095775534,,not_applicable,VG Ellingen,Verwaltungsgemeinschaft,5992,0.00,0.00,0.00,0.00,0.00,STATISTIKPORTAL_INTEGRATED_2023_T1
2023,09,09577,municipality,095775534125,09577125,matched,"Ellingen, Stadt",Mitgliedsgemeinde,4011,4166995.46,1038.89,2348743.00,157854.92,1660397.54,STATISTIKPORTAL_INTEGRATED_2023_T1
2023,09,09577,municipality,095775534127,09577127,matched,Ettenstatt,Mitgliedsgemeinde,853,559375.92,655.77,513375.00,46000.92,0.00,STATISTIKPORTAL_INTEGRATED_2023_T1
2023,09,09577,municipality,095775534141,09577141,matched,Höttingen,Mitgliedsgemeinde,1128,5419094.92,4804.16,5373094.00,46000.92,0.00,STATISTIKPORTAL_INTEGRATED_2023_T1
2023,09,09577,joint_administration,095775535,,not_applicable,VG Nennslingen,Verwaltungsgemeinschaft,5052,0.00,0.00,0.00,0.00,0.00,STATISTIKPORTAL_INTEGRATED_2023_T1
2023,09,09577,municipality,095775535115,09577115,matched,Bergen (Landkreis Weißenburg-Gunzenhausen),Mitgliedsgemeinde,1193,3478675.77,2915.91,2100000.00,794419.14,584256.63,STATISTIKPORTAL_INTEGRATED_2023_T1
2023,09,09577,municipality,095775535120,09577120,matched,Burgsalach,Mitgliedsgemeinde,1191,2481370.07,2083.43,894615.00,1212753.38,374001.69,STATISTIKPORTAL_INTEGRATED_2023_T1
2023,09,09577,municipality,095775535151,09577151,matched,"Nennslingen, Markt",Mitgliedsgemeinde,1438,3181347.93,2212.34,990000.00,1815346.24,376001.69,STATISTIKPORTAL_INTEGRATED_2023_T1
2023,09,09577,municipality,095775535163,09577163,matched,Raitenbuch,Mitgliedsgemeinde,1230,1756869.94,1428.35,0.00,1506868.25,250001.69,STATISTIKPORTAL_INTEGRATED_2023_T1
2023,09,09577,joint_administration,095775536,,not_applicable,VG Hahnenkamm,Verwaltungsgemeinschaft,4605,0.00,0.00,0.00,0.00,0.00,STATISTIKPORTAL_INTEGRATED_2023_T1
2023,09,09577,municipality,095775536133,09577133,matched,"Gnotzheim, Markt",Mitgliedsgemeinde,846,769258.70,909.29,0.00,1249.50,768009.20,STATISTIKPORTAL_INTEGRATED_2023_T1
2023,09,09577,municipality,095775536140,09577140,matched,"Heidenheim, Markt",Mitgliedsgemeinde,2597,8782966.18,3381.97,5501763.00,249315.73,3031887.45,STATISTIKPORTAL_INTEGRATED_2023_T1
2023,09,09577,municipality,095775536179,09577179,matched,Westheim,Mitgliedsgemeinde,1162,6316261.21,5435.68,5960125.00,3750.20,352386.01,STATISTIKPORTAL_INTEGRATED_2023_T1
2023,09,09661,municipality,096610000000,09661000,matched,"Aschaffenburg, kreisfreie Stadt",kreisfreie Stadt,72536,274524800.60,3784.67,36440336.00,5489220.18,232595244.42,STATISTIKPORTAL_INTEGRATED_2023_T1
2023,09,09662,municipality,096620000000,09662000,matched,"Schweinfurt, kreisfreie Stadt",kreisfreie Stadt,54765,194365853.48,3549.09,9912566.00,247624.40,184205663.08,STATISTIKPORTAL_INTEGRATED_2023_T1
2023,09,09663,municipality,096630000000,09663000,matched,"Würzburg, kreisfreie Stadt",kreisfreie Stadt,127752,875394896.81,6852.30,185871792.00,131784299.49,557738805.32,STATISTIKPORTAL_INTEGRATED_2023_T1
2023,09,09671,county_administration,09671,,not_applicable,Landkreis Aschaffenburg,Landkreis (Haushalt bzw. Verwaltung),177059,86661719.32,489.45,41237526.00,11621425.06,33802768.26,STATISTIKPORTAL_INTEGRATED_2023_T1
2023,09,09671,municipality,096710111111,09671111,matched,"Alzenau, Stadt",Einheitsgemeinde,18838,54695443.70,2903.46,19380846.00,24241005.00,11073592.70,STATISTIKPORTAL_INTEGRATED_2023_T1
2023,09,09671,municipality,096710112112,09671112,matched,Bessenbach,Einheitsgemeinde,5648,5685911.75,1006.71,396942.00,2596.75,5286373.00,STATISTIKPORTAL_INTEGRATED_2023_T1
2023,09,09671,municipality,096710114114,09671114,matched,Karlstein a.Main,Einheitsgemeinde,8076,6807377.11,842.91,4583333.00,0.00,2224044.11,STATISTIKPORTAL_INTEGRATED_2023_T1
2023,09,09671,municipality,096710119119,09671119,matched,Geiselbach,Einheitsgemeinde,2143,3956434.42,1846.21,3135491.00,153564.63,667378.79,STATISTIKPORTAL_INTEGRATED_2023_T1
2023,09,09671,municipality,096710120120,09671120,matched,Glattbach,Einheitsgemeinde,3405,1797971.61,528.04,1774042.00,0.00,23929.61,STATISTIKPORTAL_INTEGRATED_2023_T1
2023,09,09671,municipality,096710121121,09671121,matched,"Goldbach, Markt",Einheitsgemeinde,10256,20983098.98,2045.93,15363651.00,0.00,5619447.98,STATISTIKPORTAL_INTEGRATED_2023_T1
2023,09,09671,municipality,096710122122,09671122,matched,"Großostheim, Markt",Einheitsgemeinde,16340,6484518.40,396.85,5225000.00,3742.47,1255775.93,STATISTIKPORTAL_INTEGRATED_2023_T1
2023,09,09671,municipality,096710124124,09671124,matched,Haibach (Landkreis Aschaffenburg),Einheitsgemeinde,8600,73800.00,8.58,73800.00,0.00,0.00,STATISTIKPORTAL_INTEGRATED_2023_T1
2023,09,09671,municipality,096710130130,09671130,matched,"Hösbach, Markt",Einheitsgemeinde,13367,10779522.29,806.43,4696268.00,0.00,6083254.29,STATISTIKPORTAL_INTEGRATED_2023_T1
2023,09,09671,municipality,096710133133,09671133,matched,Johannesberg,Einheitsgemeinde,4012,2809210.31,700.20,1257210.00,0.00,1552000.31,STATISTIKPORTAL_INTEGRATED_2023_T1
2023,09,09671,municipality,096710134134,09671134,matched,Kahl a.Main,Einheitsgemeinde,8369,28283736.41,3379.58,3354719.00,0.00,24929017.41,STATISTIKPORTAL_INTEGRATED_2023_T1
2023,09,09671,municipality,096710136136,09671136,matched,Kleinostheim,Einheitsgemeinde,8373,9329317.69,1114.21,194839.00,0.00,9134478.69,STATISTIKPORTAL_INTEGRATED_2023_T1
2023,09,09671,municipality,096710139139,09671139,matched,Laufach,Einheitsgemeinde,5329,2376097.18,445.88,2232708.00,0.00,143389.18,STATISTIKPORTAL_INTEGRATED_2023_T1
2023,09,09671,municipality,096710140140,09671140,matched,Mainaschaff,Einheitsgemeinde,9102,2386233.95,262.17,0.00,0.00,2386233.95,STATISTIKPORTAL_INTEGRATED_2023_T1
2023,09,09671,municipality,096710143143,09671143,matched,"Mömbris, Markt",Einheitsgemeinde,11614,14059635.09,1210.58,10078755.00,0.00,3980880.09,STATISTIKPORTAL_INTEGRATED_2023_T1
2023,09,09671,municipality,096710148148,09671148,matched,Rothenbuch,Einheitsgemeinde,1761,2987989.00,1696.76,2987989.00,0.00,0.00,STATISTIKPORTAL_INTEGRATED_2023_T1
2023,09,09671,municipality,096710150150,09671150,matched,Sailauf,Einheitsgemeinde,3584,7483483.10,2088.03,7325068.00,0.00,158415.10,STATISTIKPORTAL_INTEGRATED_2023_T1
2023,09,09671,municipality,096710155155,09671155,matched,Stockstadt a.Main,Einheitsgemeinde,8090,4191464.55,518.10,767082.00,0.00,3424382.55,STATISTIKPORTAL_INTEGRATED_2023_T1
2023,09,09671,municipality,096710156156,09671156,matched,Waldaschaff,Einheitsgemeinde,4311,14560735.03,3377.58,14372674.00,0.00,188061.03,STATISTIKPORTAL_INTEGRATED_2023_T1
2023,09,09671,municipality,096710157157,09671157,matched,Weibersbrunn,Einheitsgemeinde,1971,1871236.00,949.38,1871236.00,0.00,0.00,STATISTIKPORTAL_INTEGRATED_2023_T1
2023,09,09671,joint_administration,096715602,,not_applicable,VG Heigenbrücken,Verwaltungsgemeinschaft,3148,0.00,0.00,0.00,0.00,0.00,STATISTIKPORTAL_INTEGRATED_2023_T1
2023,09,09671,municipality,096715602126,09671126,matched,Heigenbrücken,Mitgliedsgemeinde,2316,1334285.63,576.12,1180721.00,153564.63,0.00,STATISTIKPORTAL_INTEGRATED_2023_T1
2023,09,09671,municipality,096715602128,09671128,matched,Heinrichsthal,Mitgliedsgemeinde,832,154064.63,185.17,0.00,153564.63,500.00,STATISTIKPORTAL_INTEGRATED_2023_T1
2023,09,09671,joint_administration,096715603,,not_applicable,VG Mespelbrunn,Verwaltungsgemeinschaft,6483,0.00,0.00,0.00,0.00,0.00,STATISTIKPORTAL_INTEGRATED_2023_T1
2023,09,09671,municipality,096715603127,09671127,matched,Heimbuchenthal,Mitgliedsgemeinde,2231,426985.41,191.39,153322.00,0.00,273663.41,STATISTIKPORTAL_INTEGRATED_2023_T1
2023,09,09671,municipality,096715603141,09671141,matched,Mespelbrunn,Mitgliedsgemeinde,2291,365699.59,159.62,81551.00,0.00,284148.59,STATISTIKPORTAL_INTEGRATED_2023_T1
2023,09,09671,municipality,096715603160,09671160,matched,Dammbach,Mitgliedsgemeinde,1961,1409302.73,718.67,1173386.00,0.00,235916.73,STATISTIKPORTAL_INTEGRATED_2023_T1
2023,09,09671,joint_administration,096715604,,not_applicable,VG Schöllkrippen,Verwaltungsgemeinschaft,14239,0.00,0.00,0.00,0.00,0.00,STATISTIKPORTAL_INTEGRATED_2023_T1
2023,09,09671,municipality,096715604113,09671113,matched,Blankenbach,Mitgliedsgemeinde,1560,2958770.37,1896.65,2210678.00,153798.73,594293.64,STATISTIKPORTAL_INTEGRATED_2023_T1
2023,09,09671,municipality,096715604135,09671135,matched,Kleinkahl,Mitgliedsgemeinde,1879,2672943.22,1422.53,2410269.00,153564.63,109109.59,STATISTIKPORTAL_INTEGRATED_2023_T1
2023,09,09671,municipality,096715604138,09671138,matched,Krombach,Mitgliedsgemeinde,2132,1196431.57,561.18,192285.00,153564.63,850581.94,STATISTIKPORTAL_INTEGRATED_2023_T1
2023,09,09671,municipality,096715604152,09671152,matched,"Schöllkrippen, Markt",Mitgliedsgemeinde,4342,8571042.01,1973.98,8012301.00,307112.36,251628.65,STATISTIKPORTAL_INTEGRATED_2023_T1
2023,09,09671,municipality,096715604153,09671153,matched,Sommerkahl,Mitgliedsgemeinde,1294,724181.02,559.65,498346.00,154033.53,71801.49,STATISTIKPORTAL_INTEGRATED_2023_T1
2023,09,09671,municipality,096715604159,09671159,matched,Westerngrund,Mitgliedsgemeinde,1981,2280571.59,1151.22,2011691.00,153564.63,115315.96,STATISTIKPORTAL_INTEGRATED_2023_T1
2023,09,09671,municipality,096715604162,09671162,matched,Wiesen,Mitgliedsgemeinde,1051,189596.63,180.40,36032.00,153564.63,0.00,STATISTIKPORTAL_INTEGRATED_2023_T1
2023,09,09672,county_administration,09672,,not_applicable,Landkreis Bad Kissingen,Landkreis (Haushalt bzw. Verwaltung),104660,27375274.43,261.56,10937781.00,217822.12,16219671.31,STATISTIKPORTAL_INTEGRATED_2023_T1
2023,09,09672,municipality,096720112112,09672112,matched,"Bad Bocklet, Markt",Einheitsgemeinde,4694,1254000.35,267.15,562470.00,0.00,691530.35,STATISTIKPORTAL_INTEGRATED_2023_T1
2023,09,09672,municipality,096720113113,09672113,matched,"Bad Brückenau, Stadt",Einheitsgemeinde,6726,7838998.22,1165.48,602872.00,0.00,7236126.22,STATISTIKPORTAL_INTEGRATED_2023_T1
2023,09,09672,municipality,096720114114,09672114,matched,"Bad Kissingen, Große Kreisstadt",große Kreisstadt,23119,67873719.67,2935.84,18224433.00,163363.46,49485923.21,STATISTIKPORTAL_INTEGRATED_2023_T1
2023,09,09672,municipality,096720117117,09672117,matched,"Burkardroth, Markt",Einheitsgemeinde,7503,798827.69,106.47,0.00,0.00,798827.69,STATISTIKPORTAL_INTEGRATED_2023_T1
2023,09,09672,municipality,096720127127,09672127,matched,"Hammelburg, Stadt",Einheitsgemeinde,10851,20661013.78,1904.07,9090000.00,0.00,11571013.78,STATISTIKPORTAL_INTEGRATED_2023_T1
2023,09,09672,municipality,096720134134,09672134,matched,Motten,Einheitsgemeinde,1706,44061.00,25.83,44061.00,0.00,0.00,STATISTIKPORTAL_INTEGRATED_2023_T1
2023,09,09672,municipality,096720135135,09672135,matched,"Münnerstadt, Stadt",Einheitsgemeinde,7540,15400907.43,2042.56,15321429.00,0.00,79478.43,STATISTIKPORTAL_INTEGRATED_2023_T1
2023,09,09672,municipality,096720136136,09672136,matched,Nüdlingen,Einheitsgemeinde,3989,20956.26,5.25,0.00,0.00,20956.26,STATISTIKPORTAL_INTEGRATED_2023_T1
2023,09,09672,municipality,096720139139,09672139,matched,"Oberthulba, Markt",Einheitsgemeinde,5090,1182275.00,232.27,1175000.00,0.00,7275.00,STATISTIKPORTAL_INTEGRATED_2023_T1
2023,09,09672,municipality,096720140140,09672140,matched,Oerlenbach,Einheitsgemeinde,5028,7734353.46,1538.26,200000.00,0.00,7534353.46,STATISTIKPORTAL_INTEGRATED_2023_T1
2023,09,09672,municipality,096720161161,09672161,matched,Wartmannsroth,Einheitsgemeinde,2154,3480375.69,1615.77,3480374.00,0.00,1.69,STATISTIKPORTAL_INTEGRATED_2023_T1
2023,09,09672,municipality,096720163163,09672163,matched,"Wildflecken, Markt",Einheitsgemeinde,2935,2410876.00,821.42,2410876.00,0.00,0.00,STATISTIKPORTAL_INTEGRATED_2023_T1
2023,09,09672,municipality,096720166166,09672166,matched,"Zeitlofs, Markt",Einheitsgemeinde,2046,479620.00,234.42,479620.00,0.00,0.00,STATISTIKPORTAL_INTEGRATED_2023_T1
2023,09,09672,joint_administration,096725606,,not_applicable,VG Bad Brückenau,Verwaltungsgemeinschaft,5583,0.00,0.00,0.00,0.00,0.00,STATISTIKPORTAL_INTEGRATED_2023_T1
2023,09,09672,municipality,096725606126,09672126,matched,"Geroda, Markt",Mitgliedsgemeinde,796,0.00,0.00,0.00,0.00,0.00,STATISTIKPORTAL_INTEGRATED_2023_T1
2023,09,09672,municipality,096725606138,09672138,matched,Oberleichtersbach,Mitgliedsgemeinde,2089,80024.00,38.31,80024.00,0.00,0.00,STATISTIKPORTAL_INTEGRATED_2023_T1
2023,09,09672,municipality,096725606145,09672145,matched,Riedenberg,Mitgliedsgemeinde,966,7500.00,7.76,7500.00,0.00,0.00,STATISTIKPORTAL_INTEGRATED_2023_T1
2023,09,09672,municipality,096725606149,09672149,matched,"Schondra, Markt",Mitgliedsgemeinde,1732,122764.00,70.88,122764.00,0.00,0.00,STATISTIKPORTAL_INTEGRATED_2023_T1
2023,09,09672,joint_administration,096725607,,not_applicable,VG Elfershausen,Verwaltungsgemeinschaft,4757,0.00,0.00,0.00,0.00,0.00,STATISTIKPORTAL_INTEGRATED_2023_T1
2023,09,09672,municipality,096725607121,09672121,matched,"Elfershausen, Markt",Mitgliedsgemeinde,2856,1069541.25,374.49,1065000.00,0.00,4541.25,STATISTIKPORTAL_INTEGRATED_2023_T1
2023,09,09672,municipality,096725607124,09672124,matched,Fuchsstadt,Mitgliedsgemeinde,1901,2602876.25,1369.21,2600000.00,0.00,2876.25,STATISTIKPORTAL_INTEGRATED_2023_T1
2023,09,09672,joint_administration,096725608,,not_applicable,VG Euerdorf,Verwaltungsgemeinschaft,4383,0.00,0.00,0.00,0.00,0.00,STATISTIKPORTAL_INTEGRATED_2023_T1
2023,09,09672,municipality,096725608111,09672111,matched,Aura a.d.Saale,Mitgliedsgemeinde,881,1410364.44,1600.87,1356386.00,53976.75,1.69,STATISTIKPORTAL_INTEGRATED_2023_T1
2023,09,09672,municipality,096725608122,09672122,matched,"Euerdorf, Markt",Mitgliedsgemeinde,1517,2545889.44,1678.24,2491911.00,53976.75,1.69,STATISTIKPORTAL_INTEGRATED_2023_T1
2023,09,09672,municipality,096725608142,09672142,matched,Ramsthal,Mitgliedsgemeinde,1100,553978.44,503.62,500000.00,53976.75,1.69,STATISTIKPORTAL_INTEGRATED_2023_T1
2023,09,09672,municipality,096725608155,09672155,matched,"Sulzthal, Markt",Mitgliedsgemeinde,885,260228.44,294.04,206250.00,53976.75,1.69,STATISTIKPORTAL_INTEGRATED_2023_T1
2023,09,09672,joint_administration,096725609,,not_applicable,VG Maßbach,Verwaltungsgemeinschaft,6556,0.00,0.00,0.00,0.00,0.00,STATISTIKPORTAL_INTEGRATED_2023_T1
2023,09,09672,municipality,096725609131,09672131,matched,"Maßbach, Markt",Mitgliedsgemeinde,4382,666365.00,152.07,659435.00,0.00,6930.00,STATISTIKPORTAL_INTEGRATED_2023_T1
2023,09,09672,municipality,096725609143,09672143,matched,Rannungen,Mitgliedsgemeinde,1176,120900.00,102.81,120900.00,0.00,0.00,STATISTIKPORTAL_INTEGRATED_2023_T1
2023,09,09672,municipality,096725609157,09672157,matched,Thundorf i.UFr.,Mitgliedsgemeinde,998,44520.00,44.61,0.00,0.00,44520.00,STATISTIKPORTAL_INTEGRATED_2023_T1
2023,09,09673,county_administration,09673,,not_applicable,Landkreis Rhön-Grabfeld,Landkreis (Haushalt bzw. Verwaltung),80436,28407526.38,353.17,15010932.00,594835.42,12801758.96,STATISTIKPORTAL_INTEGRATED_2023_T1
2023,09,09673,municipality,096730114114,09673114,matched,"Bad Neustadt/Saale, Stadt",Einheitsgemeinde,15663,19409963.05,1239.22,7176273.00,223812.80,12009877.25,STATISTIKPORTAL_INTEGRATED_2023_T1
2023,09,09673,municipality,096730117117,09673117,matched,"Bischofsheim i.d. Rhön, Stadt",Einheitsgemeinde,4782,1401389.17,293.06,1397585.00,0.00,3804.17,STATISTIKPORTAL_INTEGRATED_2023_T1
2023,09,09673,municipality,096730141141,09673141,matched,"Bad Königshofen/G., Stadt",Einheitsgemeinde,6133,6805712.20,1109.69,5523881.00,0.00,1281831.20,STATISTIKPORTAL_INTEGRATED_2023_T1
2023,09,09673,municipality,096730149149,09673149,matched,"Oberelsbach, Markt",Einheitsgemeinde,2665,1592283.03,597.48,1587568.00,0.00,4715.03,STATISTIKPORTAL_INTEGRATED_2023_T1
2023,09,09673,municipality,096730162162,09673162,matched,Sandberg,Einheitsgemeinde,2378,2217306.76,932.43,2147111.00,0.00,70195.76,STATISTIKPORTAL_INTEGRATED_2023_T1
2023,09,09673,joint_administration,096735633,,not_applicable,VG Mellrichstadt,Verwaltungsgemeinschaft,11072,0.00,0.00,0.00,0.00,0.00,STATISTIKPORTAL_INTEGRATED_2023_T1
2023,09,09673,municipality,096735633116,09673116,matched,Bastheim,Mitgliedsgemeinde,2056,1898809.37,923.55,1895541.00,0.00,3268.37,STATISTIKPORTAL_INTEGRATED_2023_T1
2023,09,09673,municipality,096735633130,09673130,matched,Hendungen,Mitgliedsgemeinde,849,392351.39,462.13,0.00,0.00,392351.39,STATISTIKPORTAL_INTEGRATED_2023_T1
2023,09,09673,municipality,096735633142,09673142,matched,"Mellrichstadt, Stadt",Mitgliedsgemeinde,5628,4963038.72,881.85,3574869.00,0.00,1388169.72,STATISTIKPORTAL_INTEGRATED_2023_T1
2023,09,09673,municipality,096735633151,09673151,matched,Oberstreu,Mitgliedsgemeinde,1497,598779.19,399.99,0.00,0.00,598779.19,STATISTIKPORTAL_INTEGRATED_2023_T1
2023,09,09673,municipality,096735633170,09673170,matched,Stockheim (Landkreis Rhön-Grabfeld),Mitgliedsgemeinde,1042,1339.50,1.29,0.00,0.00,1339.50,STATISTIKPORTAL_INTEGRATED_2023_T1
2023,09,09673,joint_administration,096735634,,not_applicable,VG Bad Königshofen i.Grabfeld,Verwaltungsgemeinschaft,7152,0.00,0.00,0.00,0.00,0.00,STATISTIKPORTAL_INTEGRATED_2023_T1
2023,09,09673,municipality,096735634113,09673113,matched,Aubstadt,Mitgliedsgemeinde,732,3158332.00,4314.66,3158332.00,0.00,0.00,STATISTIKPORTAL_INTEGRATED_2023_T1
2023,09,09673,municipality,096735634126,09673126,matched,Großbardorf,Mitgliedsgemeinde,949,1203819.00,1268.51,1203819.00,0.00,0.00,STATISTIKPORTAL_INTEGRATED_2023_T1
2023,09,09673,municipality,096735634131,09673131,matched,Herbstadt,Mitgliedsgemeinde,612,87509.00,142.99,87509.00,0.00,0.00,STATISTIKPORTAL_INTEGRATED_2023_T1
2023,09,09673,municipality,096735634134,09673134,matched,Höchheim,Mitgliedsgemeinde,1060,266694.00,251.60,266694.00,0.00,0.00,STATISTIKPORTAL_INTEGRATED_2023_T1
2023,09,09673,municipality,096735634172,09673172,matched,Sulzdorf/Lederhecke,Mitgliedsgemeinde,1106,527640.53,477.07,100000.00,0.00,427640.53,STATISTIKPORTAL_INTEGRATED_2023_T1
2023,09,09673,municipality,096735634173,09673173,matched,Sulzfeld,Mitgliedsgemeinde,1771,1049562.00,592.64,1032082.00,0.00,17480.00,STATISTIKPORTAL_INTEGRATED_2023_T1
2023,09,09673,municipality,096735634174,09673174,matched,"Trappstadt, Markt",Mitgliedsgemeinde,922,350924.47,380.61,180550.00,0.00,170374.47,STATISTIKPORTAL_INTEGRATED_2023_T1
2023,09,09673,joint_administration,096735635,,not_applicable,VG Bad Neustadt a.d.Saale,Verwaltungsgemeinschaft,12524,0.00,0.00,0.00,0.00,0.00,STATISTIKPORTAL_INTEGRATED_2023_T1
2023,09,09673,municipality,096735635135,09673135,matched,Hohenroth,Mitgliedsgemeinde,3589,5595028.54,1558.94,5176425.00,414341.34,4262.20,STATISTIKPORTAL_INTEGRATED_2023_T1
2023,09,09673,municipality,096735635146,09673146,matched,Niederlauer,Mitgliedsgemeinde,1713,2632402.54,1536.72,2506672.00,123668.96,2061.58,STATISTIKPORTAL_INTEGRATED_2023_T1
2023,09,09673,municipality,096735635156,09673156,matched,Rödelmaier,Mitgliedsgemeinde,965,1290505.98,1337.31,998057.00,290743.76,1705.22,STATISTIKPORTAL_INTEGRATED_2023_T1
2023,09,09673,municipality,096735635161,09673161,matched,Salz,Mitgliedsgemeinde,2340,2863099.63,1223.55,2504563.00,355626.27,2910.36,STATISTIKPORTAL_INTEGRATED_2023_T1
2023,09,09673,municipality,096735635163,09673163,matched,Schönau a.d.Brend,Mitgliedsgemeinde,1197,3497517.67,2921.90,3172431.00,323220.71,1865.96,STATISTIKPORTAL_INTEGRATED_2023_T1
2023,09,09673,municipality,096735635171,09673171,matched,Strahlungen,Mitgliedsgemeinde,971,1145709.73,1179.93,1079378.00,64882.51,1449.22,STATISTIKPORTAL_INTEGRATED_2023_T1
2023,09,09673,municipality,096735635186,09673186,matched,Burglauer,Mitgliedsgemeinde,1749,455371.10,260.36,355521.00,97359.46,2490.64,STATISTIKPORTAL_INTEGRATED_2023_T1
2023,09,09673,joint_administration,096735637,,not_applicable,VG Fladungen,Verwaltungsgemeinschaft,3916,0.00,0.00,0.00,0.00,0.00,STATISTIKPORTAL_INTEGRATED_2023_T1
2023,09,09673,municipality,096735637123,09673123,matched,"Fladungen, Stadt",Mitgliedsgemeinde,2175,2818248.75,1295.75,2487200.00,326637.34,4411.41,STATISTIKPORTAL_INTEGRATED_2023_T1
2023,09,09673,municipality,096735637129,09673129,matched,Hausen (Landkreis Rhön-Grabfeld),Mitgliedsgemeinde,685,1660.98,2.42,0.00,0.00,1660.98,STATISTIKPORTAL_INTEGRATED_2023_T1
2023,09,09673,municipality,096735637147,09673147,matched,Nordheim v.d. Rhön,Mitgliedsgemeinde,1056,508399.20,481.44,506256.00,0.00,2143.20,STATISTIKPORTAL_INTEGRATED_2023_T1
2023,09,09673,joint_administration,096735638,,not_applicable,VG Heustreu,Verwaltungsgemeinschaft,5134,0.00,0.00,0.00,0.00,0.00,STATISTIKPORTAL_INTEGRATED_2023_T1
2023,09,09673,municipality,096735638133,09673133,matched,Heustreu,Mitgliedsgemeinde,1324,2386254.05,1802.31,1986230.00,0.00,400024.05,STATISTIKPORTAL_INTEGRATED_2023_T1
2023,09,09673,municipality,096735638136,09673136,matched,Hollstadt,Mitgliedsgemeinde,1425,2853572.75,2002.51,2843544.00,0.00,10028.75,STATISTIKPORTAL_INTEGRATED_2023_T1
2023,09,09673,municipality,096735638175,09673175,matched,Unsleben,Mitgliedsgemeinde,928,618566.44,666.56,216637.00,0.00,401929.44,STATISTIKPORTAL_INTEGRATED_2023_T1
2023,09,09673,municipality,096735638183,09673183,matched,Wollbach,Mitgliedsgemeinde,1457,1071.60,0.74,0.00,0.00,1071.60,STATISTIKPORTAL_INTEGRATED_2023_T1
2023,09,09673,joint_administration,096735639,,not_applicable,VG Ostheim v.d. Rhön,Verwaltungsgemeinschaft,4843,0.00,0.00,0.00,0.00,0.00,STATISTIKPORTAL_INTEGRATED_2023_T1
2023,09,09673,municipality,096735639153,09673153,matched,"Ostheim v.d. Rhön, Stadt",Mitgliedsgemeinde,3364,3482652.32,1035.27,2578263.00,17411.83,886977.49,STATISTIKPORTAL_INTEGRATED_2023_T1
2023,09,09673,municipality,096735639167,09673167,matched,Sondheim v.d. Rhön,Mitgliedsgemeinde,917,1062875.26,1159.08,1061250.00,0.00,1625.26,STATISTIKPORTAL_INTEGRATED_2023_T1
2023,09,09673,municipality,096735639182,09673182,matched,Willmars,Mitgliedsgemeinde,562,686375.22,1221.31,685000.00,0.00,1375.22,STATISTIKPORTAL_INTEGRATED_2023_T1
2023,09,09673,joint_administration,096735640,,not_applicable,VG Saal a.d.Saale,Verwaltungsgemeinschaft,4174,0.00,0.00,0.00,0.00,0.00,STATISTIKPORTAL_INTEGRATED_2023_T1
2023,09,09673,municipality,096735640127,09673127,matched,Großeibstadt,Mitgliedsgemeinde,1055,1518090.75,1438.95,1517674.00,416.75,0.00,STATISTIKPORTAL_INTEGRATED_2023_T1
2023,09,09673,municipality,096735640160,09673160,matched,"Saal a.d.Saale, Markt",Mitgliedsgemeinde,1583,904453.63,571.35,904037.00,416.63,0.00,STATISTIKPORTAL_INTEGRATED_2023_T1
2023,09,09673,municipality,096735640184,09673184,matched,Wülfershausen/Saale,Mitgliedsgemeinde,1536,2508553.85,1633.17,2507655.00,416.63,482.22,STATISTIKPORTAL_INTEGRATED_2023_T1
2023,09,09674,county_administration,09674,,not_applicable,Landkreis Haßberge,Landkreis (Haushalt bzw. Verwaltung),85157,39265564.36,461.10,22651716.00,969765.53,15644082.83,STATISTIKPORTAL_INTEGRATED_2023_T1
2023,09,09674,municipality,096740133133,09674133,matched,"Eltmann, Stadt",Einheitsgemeinde,5495,4239394.05,771.50,3627426.00,5260.20,606707.85,STATISTIKPORTAL_INTEGRATED_2023_T1
2023,09,09674,municipality,096740147147,09674147,matched,"Haßfurt, Stadt",Einheitsgemeinde,13956,32264560.50,2311.88,8528355.00,6145096.45,17591109.05,STATISTIKPORTAL_INTEGRATED_2023_T1
2023,09,09674,municipality,096740159159,09674159,matched,Oberaurach,Einheitsgemeinde,4020,83038.52,20.66,58000.00,3856.88,21181.64,STATISTIKPORTAL_INTEGRATED_2023_T1
2023,09,09674,municipality,096740163163,09674163,matched,Knetzgau,Einheitsgemeinde,6640,2587082.63,389.62,2580726.00,6356.63,0.00,STATISTIKPORTAL_INTEGRATED_2023_T1
2023,09,09674,municipality,096740164164,09674164,matched,"Königsberg i.Bay., Stadt",Einheitsgemeinde,3622,4717856.67,1302.56,927950.00,344071.57,3445835.10,STATISTIKPORTAL_INTEGRATED_2023_T1
2023,09,09674,municipality,096740171171,09674171,matched,"Maroldsweisach, Markt",Einheitsgemeinde,3187,3192397.38,1001.69,3073179.00,3118.50,116099.88,STATISTIKPORTAL_INTEGRATED_2023_T1
2023,09,09674,municipality,096740187187,09674187,matched,Rauhenebrach,Einheitsgemeinde,2850,2779.43,0.98,0.00,2779.43,0.00,STATISTIKPORTAL_INTEGRATED_2023_T1
2023,09,09674,municipality,096740195195,09674195,matched,Sand a.Main,Einheitsgemeinde,3105,640516.20,206.29,637500.00,3016.20,0.00,STATISTIKPORTAL_INTEGRATED_2023_T1
2023,09,09674,municipality,096740210210,09674210,matched,Untermerzbach,Einheitsgemeinde,1646,1456574.33,884.92,1139128.00,280279.43,37166.90,STATISTIKPORTAL_INTEGRATED_2023_T1
2023,09,09674,municipality,096740221221,09674221,matched,"Zeil a.Main, Stadt",Einheitsgemeinde,5685,4983371.27,876.58,3699950.00,5498.63,1277922.64,STATISTIKPORTAL_INTEGRATED_2023_T1
2023,09,09674,joint_administration,096745610,,not_applicable,VG Ebelsbach,Verwaltungsgemeinschaft,7165,0.00,0.00,0.00,0.00,0.00,STATISTIKPORTAL_INTEGRATED_2023_T1
2023,09,09674,municipality,096745610118,09674118,matched,Breitbrunn,Mitgliedsgemeinde,1010,198762.37,196.79,0.00,163047.38,35714.99,STATISTIKPORTAL_INTEGRATED_2023_T1
2023,09,09674,municipality,096745610129,09674129,matched,Ebelsbach,Mitgliedsgemeinde,3733,1159823.11,310.69,263773.00,164176.25,731873.86,STATISTIKPORTAL_INTEGRATED_2023_T1
2023,09,09674,municipality,096745610160,09674160,matched,Kirchlauter,Mitgliedsgemeinde,1312,198762.37,151.50,0.00,163047.38,35714.99,STATISTIKPORTAL_INTEGRATED_2023_T1
2023,09,09674,municipality,096745610201,09674201,matched,Stettfeld,Mitgliedsgemeinde,1110,877775.38,790.79,714728.00,163047.38,0.00,STATISTIKPORTAL_INTEGRATED_2023_T1
2023,09,09674,joint_administration,096745611,,not_applicable,VG Ebern,Verwaltungsgemeinschaft,10371,0.00,0.00,0.00,0.00,0.00,STATISTIKPORTAL_INTEGRATED_2023_T1
2023,09,09674,municipality,096745611130,09674130,matched,"Ebern, Stadt",Mitgliedsgemeinde,7307,5537154.30,757.79,4608848.00,871079.91,57226.39,STATISTIKPORTAL_INTEGRATED_2023_T1
2023,09,09674,municipality,096745611184,09674184,matched,Pfarrweisach,Mitgliedsgemeinde,1486,779503.00,524.56,662565.00,2040.39,114897.61,STATISTIKPORTAL_INTEGRATED_2023_T1
2023,09,09674,municipality,096745611190,09674190,matched,"Rentweinsdorf, Markt",Mitgliedsgemeinde,1578,1240313.08,786.00,959616.00,280695.39,1.69,STATISTIKPORTAL_INTEGRATED_2023_T1
2023,09,09674,joint_administration,096745612,,not_applicable,VG Hofheim i.UFr.,Verwaltungsgemeinschaft,11384,7125.00,0.63,0.00,0.00,7125.00,STATISTIKPORTAL_INTEGRATED_2023_T1
2023,09,09674,municipality,096745612111,09674111,matched,Aidhausen,Mitgliedsgemeinde,1680,2529794.51,1505.83,2378159.00,110755.51,40880.00,STATISTIKPORTAL_INTEGRATED_2023_T1
2023,09,09674,municipality,096745612120,09674120,matched,Bundorf,Mitgliedsgemeinde,896,804355.38,897.72,736233.00,68122.38,0.00,STATISTIKPORTAL_INTEGRATED_2023_T1
2023,09,09674,municipality,096745612121,09674121,matched,"Burgpreppach, Markt",Mitgliedsgemeinde,1375,1524474.20,1108.71,1186991.00,323743.20,13740.00,STATISTIKPORTAL_INTEGRATED_2023_T1
2023,09,09674,municipality,096745612149,09674149,matched,"Hofheim i.UFr., Stadt",Mitgliedsgemeinde,5148,4409987.15,856.64,4186939.00,223048.15,0.00,STATISTIKPORTAL_INTEGRATED_2023_T1
2023,09,09674,municipality,096745612153,09674153,matched,Riedbach,Mitgliedsgemeinde,1746,740235.33,423.96,243682.00,99885.33,396668.00,STATISTIKPORTAL_INTEGRATED_2023_T1
2023,09,09674,municipality,096745612223,09674223,matched,Ermershausen,Mitgliedsgemeinde,539,35174.32,65.26,0.00,35174.32,0.00,STATISTIKPORTAL_INTEGRATED_2023_T1
2023,09,09674,joint_administration,096745613,,not_applicable,VG Theres,Verwaltungsgemeinschaft,6031,0.00,0.00,0.00,0.00,0.00,STATISTIKPORTAL_INTEGRATED_2023_T1
2023,09,09674,municipality,096745613139,09674139,matched,Gädheim,Mitgliedsgemeinde,1312,3236675.00,2466.98,2696892.00,170523.25,369259.75,STATISTIKPORTAL_INTEGRATED_2023_T1
2023,09,09674,municipality,096745613180,09674180,matched,Theres,Mitgliedsgemeinde,2746,3346147.22,1218.55,2380091.00,227052.03,739004.19,STATISTIKPORTAL_INTEGRATED_2023_T1
2023,09,09674,municipality,096745613219,09674219,matched,Wonfurt,Mitgliedsgemeinde,1973,2609557.03,1322.63,2343755.00,227052.03,38750.00,STATISTIKPORTAL_INTEGRATED_2023_T1
2023,09,09675,county_administration,09675,,not_applicable,Landkreis Kitzingen,Landkreis (Haushalt bzw. Verwaltung),93634,22545583.12,240.78,8177407.00,341943.94,14026232.18,STATISTIKPORTAL_INTEGRATED_2023_T1
2023,09,09675,municipality,096750117117,09675117,matched,"Dettelbach, Stadt",Einheitsgemeinde,7263,1356112.29,186.72,1355943.00,0.00,169.29,STATISTIKPORTAL_INTEGRATED_2023_T1
2023,09,09675,municipality,096750127127,09675127,matched,"Geiselwind, Markt",Einheitsgemeinde,2741,2105787.44,768.26,1650000.00,455787.44,0.00,STATISTIKPORTAL_INTEGRATED_2023_T1
2023,09,09675,municipality,096750141141,09675141,matched,"Kitzingen, Große Kreisstadt",große Kreisstadt,23100,31049363.87,1344.13,7142205.00,1268749.26,22638409.61,STATISTIKPORTAL_INTEGRATED_2023_T1
2023,09,09675,municipality,096750144144,09675144,matched,"Mainbernheim, Stadt",Einheitsgemeinde,2322,788527.00,339.59,788527.00,0.00,0.00,STATISTIKPORTAL_INTEGRATED_2023_T1
2023,09,09675,municipality,096750158158,09675158,matched,"Prichsenstadt, Stadt",Einheitsgemeinde,3190,517723.70,162.30,251846.00,265876.01,1.69,STATISTIKPORTAL_INTEGRATED_2023_T1
2023,09,09675,municipality,096750165165,09675165,matched,"Schwarzach a.Main, Markt",Einheitsgemeinde,3704,533287.00,143.98,533287.00,0.00,0.00,STATISTIKPORTAL_INTEGRATED_2023_T1
2023,09,09675,joint_administration,096755614,,not_applicable,VG Wiesentheid,Verwaltungsgemeinschaft,7592,0.00,0.00,0.00,0.00,0.00,STATISTIKPORTAL_INTEGRATED_2023_T1
2023,09,09675,municipality,096755614111,09675111,matched,"Abtswind, Markt",Mitgliedsgemeinde,831,701748.44,844.46,378899.00,322849.44,0.00,STATISTIKPORTAL_INTEGRATED_2023_T1
2023,09,09675,municipality,096755614116,09675116,matched,Castell,Mitgliedsgemeinde,853,322849.44,378.49,0.00,322849.44,0.00,STATISTIKPORTAL_INTEGRATED_2023_T1
2023,09,09675,municipality,096755614162,09675162,matched,"Rüdenhausen, Markt",Mitgliedsgemeinde,895,411026.87,459.25,164142.00,246884.87,0.00,STATISTIKPORTAL_INTEGRATED_2023_T1
2023,09,09675,municipality,096755614178,09675178,matched,"Wiesentheid, Markt",Mitgliedsgemeinde,5013,2417325.80,482.21,0.00,2417325.80,0.00,STATISTIKPORTAL_INTEGRATED_2023_T1
2023,09,09675,joint_administration,096755615,,not_applicable,VG Großlangheim,Verwaltungsgemeinschaft,4361,0.00,0.00,0.00,0.00,0.00,STATISTIKPORTAL_INTEGRATED_2023_T1
2023,09,09675,municipality,096755615131,09675131,matched,"Großlangheim, Markt",Mitgliedsgemeinde,1584,1023902.58,646.40,815000.00,208902.58,0.00,STATISTIKPORTAL_INTEGRATED_2023_T1
2023,09,09675,municipality,096755615142,09675142,matched,"Kleinlangheim, Markt",Mitgliedsgemeinde,1652,927467.83,561.42,727840.00,199627.83,0.00,STATISTIKPORTAL_INTEGRATED_2023_T1
2023,09,09675,municipality,096755615177,09675177,matched,Wiesenbronn,Mitgliedsgemeinde,1125,189911.44,168.81,0.00,189911.44,0.00,STATISTIKPORTAL_INTEGRATED_2023_T1
2023,09,09675,joint_administration,096755616,,not_applicable,VG Iphofen,Verwaltungsgemeinschaft,9633,0.00,0.00,0.00,0.00,0.00,STATISTIKPORTAL_INTEGRATED_2023_T1
2023,09,09675,municipality,096755616139,09675139,matched,"Iphofen, Stadt",Mitgliedsgemeinde,4856,5254919.95,1082.15,4184483.00,36652.47,1033784.48,STATISTIKPORTAL_INTEGRATED_2023_T1
2023,09,09675,municipality,096755616148,09675148,matched,"Markt Einersheim, Markt",Mitgliedsgemeinde,1255,4879.41,3.89,0.00,4879.41,0.00,STATISTIKPORTAL_INTEGRATED_2023_T1
2023,09,09675,municipality,096755616161,09675161,matched,Rödelsee,Mitgliedsgemeinde,1919,2513951.17,1310.03,2506312.00,7639.17,0.00,STATISTIKPORTAL_INTEGRATED_2023_T1
2023,09,09675,municipality,096755616179,09675179,matched,"Willanzheim, Markt",Mitgliedsgemeinde,1603,1035139.56,645.75,984001.00,6519.93,44618.63,STATISTIKPORTAL_INTEGRATED_2023_T1
2023,09,09675,joint_administration,096755617,,not_applicable,VG Kitzingen,Verwaltungsgemeinschaft,7870,0.00,0.00,0.00,0.00,0.00,STATISTIKPORTAL_INTEGRATED_2023_T1
2023,09,09675,municipality,096755617112,09675112,matched,Albertshofen,Mitgliedsgemeinde,2297,269932.00,117.52,269932.00,0.00,0.00,STATISTIKPORTAL_INTEGRATED_2023_T1
2023,09,09675,municipality,096755617113,09675113,matched,Biebelried,Mitgliedsgemeinde,1221,106488.00,87.21,106488.00,0.00,0.00,STATISTIKPORTAL_INTEGRATED_2023_T1
2023,09,09675,municipality,096755617114,09675114,matched,Buchbrunn,Mitgliedsgemeinde,1132,0.00,0.00,0.00,0.00,0.00,STATISTIKPORTAL_INTEGRATED_2023_T1
2023,09,09675,municipality,096755617146,09675146,matched,Mainstockheim,Mitgliedsgemeinde,1977,1168286.00,590.94,1168286.00,0.00,0.00,STATISTIKPORTAL_INTEGRATED_2023_T1
2023,09,09675,municipality,096755617170,09675170,matched,Sulzfeld a.Main,Mitgliedsgemeinde,1243,687665.00,553.23,687665.00,0.00,0.00,STATISTIKPORTAL_INTEGRATED_2023_T1
2023,09,09675,joint_administration,096755618,,not_applicable,VG Marktbreit,Verwaltungsgemeinschaft,10546,0.00,0.00,0.00,0.00,0.00,STATISTIKPORTAL_INTEGRATED_2023_T1
2023,09,09675,municipality,096755618147,09675147,matched,"Marktbreit, Stadt",Mitgliedsgemeinde,4026,750444.34,186.40,0.00,645357.62,105086.72,STATISTIKPORTAL_INTEGRATED_2023_T1
2023,09,09675,municipality,096755618149,09675149,matched,"Marktsteft, Stadt",Mitgliedsgemeinde,1939,2879443.60,1485.01,2429500.00,449943.60,0.00,STATISTIKPORTAL_INTEGRATED_2023_T1
2023,09,09675,municipality,096755618150,09675150,matched,Martinsheim,Mitgliedsgemeinde,1000,168881.75,168.88,91100.00,62644.01,15137.74,STATISTIKPORTAL_INTEGRATED_2023_T1
2023,09,09675,municipality,096755618156,09675156,matched,"Obernbreit, Markt",Mitgliedsgemeinde,1687,959865.17,568.98,599816.00,315682.71,44366.46,STATISTIKPORTAL_INTEGRATED_2023_T1
2023,09,09675,municipality,096755618166,09675166,matched,Segnitz,Mitgliedsgemeinde,820,782232.97,953.94,626600.00,133651.04,21981.93,STATISTIKPORTAL_INTEGRATED_2023_T1
2023,09,09675,municipality,096755618167,09675167,matched,"Seinsheim, Markt",Mitgliedsgemeinde,1074,169636.64,157.95,39742.00,64279.01,65615.63,STATISTIKPORTAL_INTEGRATED_2023_T1
2023,09,09675,joint_administration,096755619,,not_applicable,VG Volkach,Verwaltungsgemeinschaft,11312,0.00,0.00,0.00,0.00,0.00,STATISTIKPORTAL_INTEGRATED_2023_T1
2023,09,09675,municipality,096755619155,09675155,matched,Nordheim a.Main,Mitgliedsgemeinde,1030,3590816.74,3486.23,3527718.00,63098.74,0.00,STATISTIKPORTAL_INTEGRATED_2023_T1
2023,09,09675,municipality,096755619169,09675169,matched,Sommerach,Mitgliedsgemeinde,1469,2435687.92,1658.06,2408081.00,27606.92,0.00,STATISTIKPORTAL_INTEGRATED_2023_T1
2023,09,09675,municipality,096755619174,09675174,matched,"Volkach, Stadt",Mitgliedsgemeinde,8813,14659236.27,1663.37,2657670.00,1925356.38,10076209.89,STATISTIKPORTAL_INTEGRATED_2023_T1
2023,09,09676,county_administration,09676,,not_applicable,Landkreis Miltenberg,Landkreis (Haushalt bzw. Verwaltung),130164,45964146.16,353.12,22619495.00,446670.23,22897980.93,STATISTIKPORTAL_INTEGRATED_2023_T1
2023,09,09676,municipality,096760112112,09676112,matched,"Amorbach, Stadt",Einheitsgemeinde,3939,3644496.30,925.23,1355964.00,992495.20,1296037.10,STATISTIKPORTAL_INTEGRATED_2023_T1
2023,09,09676,municipality,096760117117,09676117,matched,Collenberg,Einheitsgemeinde,2455,617836.69,251.66,0.00,0.00,617836.69,STATISTIKPORTAL_INTEGRATED_2023_T1
2023,09,09676,municipality,096760118118,09676118,matched,Dorfprozelten,Einheitsgemeinde,1714,1992394.75,1162.42,769656.00,361829.16,860909.59,STATISTIKPORTAL_INTEGRATED_2023_T1
2023,09,09676,municipality,096760119119,09676119,matched,Eichenbühl,Einheitsgemeinde,2529,1663677.69,657.84,1654676.00,0.00,9001.69,STATISTIKPORTAL_INTEGRATED_2023_T1
2023,09,09676,municipality,096760121121,09676121,matched,"Elsenfeld, Markt",Einheitsgemeinde,9311,5962025.05,640.32,4815994.00,0.00,1146031.05,STATISTIKPORTAL_INTEGRATED_2023_T1
2023,09,09676,municipality,096760122122,09676122,matched,"Erlenbach a.Main, Stadt",Einheitsgemeinde,10298,12017294.74,1166.95,8212574.00,0.00,3804720.74,STATISTIKPORTAL_INTEGRATED_2023_T1
2023,09,09676,municipality,096760123123,09676123,matched,"Eschau, Markt",Einheitsgemeinde,4036,7667697.09,1899.83,7188524.00,0.00,479173.09,STATISTIKPORTAL_INTEGRATED_2023_T1
2023,09,09676,municipality,096760124124,09676124,matched,Faulbach,Einheitsgemeinde,2577,2632392.06,1021.49,440625.00,1043744.52,1148022.54,STATISTIKPORTAL_INTEGRATED_2023_T1
2023,09,09676,municipality,096760125125,09676125,matched,"Großheubach, Markt",Einheitsgemeinde,5116,4681927.68,915.15,4579300.00,0.00,102627.68,STATISTIKPORTAL_INTEGRATED_2023_T1
2023,09,09676,municipality,096760126126,09676126,matched,Großwallstadt,Einheitsgemeinde,4087,508531.62,124.43,0.00,0.00,508531.62,STATISTIKPORTAL_INTEGRATED_2023_T1
2023,09,09676,municipality,096760131131,09676131,matched,"Kirchzell, Markt",Einheitsgemeinde,2220,3603750.28,1623.31,3341963.00,251545.40,10241.88,STATISTIKPORTAL_INTEGRATED_2023_T1
2023,09,09676,municipality,096760134134,09676134,matched,"Klingenberg a.Main, Stadt",Einheitsgemeinde,6307,19326977.88,3064.37,5529443.00,0.00,13797534.88,STATISTIKPORTAL_INTEGRATED_2023_T1
2023,09,09676,municipality,096760136136,09676136,matched,Leidersbach,Einheitsgemeinde,4805,1505646.05,313.35,314450.00,0.00,1191196.05,STATISTIKPORTAL_INTEGRATED_2023_T1
2023,09,09676,municipality,096760139139,09676139,matched,"Miltenberg, Stadt",Einheitsgemeinde,9663,2979399.52,308.33,689653.00,0.00,2289746.52,STATISTIKPORTAL_INTEGRATED_2023_T1
2023,09,09676,municipality,096760140140,09676140,matched,Mömlingen,Einheitsgemeinde,4925,3487146.88,708.05,2887129.00,0.00,600017.88,STATISTIKPORTAL_INTEGRATED_2023_T1
2023,09,09676,municipality,096760144144,09676144,matched,Niedernberg,Einheitsgemeinde,4892,0.00,0.00,0.00,0.00,0.00,STATISTIKPORTAL_INTEGRATED_2023_T1
2023,09,09676,municipality,096760145145,09676145,matched,"Obernburg a.Main, Stadt",Einheitsgemeinde,8802,5308540.85,603.11,3723542.00,0.00,1584998.85,STATISTIKPORTAL_INTEGRATED_2023_T1
2023,09,09676,municipality,096760156156,09676156,matched,"Schneeberg, Markt",Einheitsgemeinde,1735,1125373.15,648.63,500000.00,577815.00,47558.15,STATISTIKPORTAL_INTEGRATED_2023_T1
2023,09,09676,municipality,096760160160,09676160,matched,"Sulzbach a.Main, Markt",Einheitsgemeinde,7462,4058489.28,543.89,3150472.00,0.00,908017.28,STATISTIKPORTAL_INTEGRATED_2023_T1
2023,09,09676,municipality,096760165165,09676165,matched,"Weilbach, Markt",Einheitsgemeinde,2137,15157172.43,7092.73,3602242.00,251545.40,11303385.03,STATISTIKPORTAL_INTEGRATED_2023_T1
2023,09,09676,municipality,096760169169,09676169,matched,"Wörth a.Main, Stadt",Einheitsgemeinde,4766,10460535.52,2194.82,8548981.00,0.00,1911554.52,STATISTIKPORTAL_INTEGRATED_2023_T1
2023,09,09676,joint_administration,096765626,,not_applicable,VG Erftal,Verwaltungsgemeinschaft,5753,0.00,0.00,0.00,0.00,0.00,STATISTIKPORTAL_INTEGRATED_2023_T1
2023,09,09676,municipality,096765626116,09676116,matched,"Bürgstadt, Markt",Mitgliedsgemeinde,4306,2308019.04,536.00,1322643.00,0.00,985376.04,STATISTIKPORTAL_INTEGRATED_2023_T1
2023,09,09676,municipality,096765626143,09676143,matched,Neunkirchen,Mitgliedsgemeinde,1447,831327.00,574.52,831327.00,0.00,0.00,STATISTIKPORTAL_INTEGRATED_2023_T1
2023,09,09676,joint_administration,096765627,,not_applicable,VG Kleinheubach,Verwaltungsgemeinschaft,5967,0.00,0.00,0.00,0.00,0.00,STATISTIKPORTAL_INTEGRATED_2023_T1
2023,09,09676,municipality,096765627132,09676132,matched,"Kleinheubach, Markt",Mitgliedsgemeinde,3749,2556086.98,681.81,170000.00,2311451.07,74635.91,STATISTIKPORTAL_INTEGRATED_2023_T1
2023,09,09676,municipality,096765627135,09676135,matched,Laudenbach,Mitgliedsgemeinde,1489,2807171.32,1885.27,1627315.00,985268.49,194587.83,STATISTIKPORTAL_INTEGRATED_2023_T1
2023,09,09676,municipality,096765627153,09676153,matched,Rüdenau,Mitgliedsgemeinde,729,396407.20,543.77,0.00,368751.44,27655.76,STATISTIKPORTAL_INTEGRATED_2023_T1
2023,09,09676,joint_administration,096765630,,not_applicable,VG Kleinwallstadt,Verwaltungsgemeinschaft,7574,0.00,0.00,0.00,0.00,0.00,STATISTIKPORTAL_INTEGRATED_2023_T1
2023,09,09676,municipality,096765630128,09676128,matched,Hausen (Landkreis Miltenberg),Mitgliedsgemeinde,1888,1055691.21,559.16,600000.00,220823.00,234868.21,STATISTIKPORTAL_INTEGRATED_2023_T1
2023,09,09676,municipality,096765630133,09676133,matched,"Kleinwallstadt, Markt",Mitgliedsgemeinde,5686,1766653.76,310.70,840961.00,220823.00,704869.76,STATISTIKPORTAL_INTEGRATED_2023_T1
2023,09,09676,joint_administration,096765631,,not_applicable,VG Mönchberg,Verwaltungsgemeinschaft,4245,0.00,0.00,0.00,0.00,0.00,STATISTIKPORTAL_INTEGRATED_2023_T1
2023,09,09676,municipality,096765631141,09676141,matched,"Mönchberg, Markt",Mitgliedsgemeinde,2554,3323680.23,1301.36,2753004.00,0.00,570676.23,STATISTIKPORTAL_INTEGRATED_2023_T1
2023,09,09676,municipality,096765631151,09676151,matched,Röllbach,Mitgliedsgemeinde,1691,0.00,0.00,0.00,0.00,0.00,STATISTIKPORTAL_INTEGRATED_2023_T1
2023,09,09676,joint_administration,096765632,,not_applicable,VG Stadtprozelten,Verwaltungsgemeinschaft,2849,0.00,0.00,0.00,0.00,0.00,STATISTIKPORTAL_INTEGRATED_2023_T1
2023,09,09676,municipality,096765632111,09676111,matched,Altenbuch,Mitgliedsgemeinde,1264,1991855.75,1575.84,462937.00,668009.16,860909.59,STATISTIKPORTAL_INTEGRATED_2023_T1
2023,09,09676,municipality,096765632158,09676158,matched,"Stadtprozelten, Stadt",Mitgliedsgemeinde,1585,3246229.75,2048.09,2023491.00,361829.16,860909.59,STATISTIKPORTAL_INTEGRATED_2023_T1
2023,09,09677,county_administration,09677,,not_applicable,Landkreis Main-Spessart,Landkreis (Haushalt bzw. Verwaltung),127395,69378742.75,544.60,35799692.00,16184189.09,17394861.66,STATISTIKPORTAL_INTEGRATED_2023_T1
2023,09,09677,municipality,096770114114,09677114,matched,"Arnstein, Stadt",Einheitsgemeinde,8254,7678009.29,930.22,7315597.00,0.00,362412.29,STATISTIKPORTAL_INTEGRATED_2023_T1
2023,09,09677,municipality,096770127127,09677127,matched,Eußenheim,Einheitsgemeinde,3092,5203552.94,1682.91,4743216.00,0.00,460336.94,STATISTIKPORTAL_INTEGRATED_2023_T1
2023,09,09677,municipality,096770129129,09677129,matched,"Frammersbach, Markt",Einheitsgemeinde,4646,5449151.17,1172.87,5412433.00,0.00,36718.17,STATISTIKPORTAL_INTEGRATED_2023_T1
2023,09,09677,municipality,096770131131,09677131,matched,"Gemünden a.Main, Stadt",Einheitsgemeinde,9988,14998584.29,1501.66,2670943.00,0.00,12327641.29,STATISTIKPORTAL_INTEGRATED_2023_T1
2023,09,09677,municipality,096770148148,09677148,matched,"Karlstadt, Stadt",Einheitsgemeinde,15013,16195977.53,1078.80,4853113.00,0.00,11342864.53,STATISTIKPORTAL_INTEGRATED_2023_T1
2023,09,09677,municipality,096770154154,09677154,matched,"Triefenstein, Markt",Einheitsgemeinde,4444,3348541.41,753.50,3252817.00,35459.09,60265.32,STATISTIKPORTAL_INTEGRATED_2023_T1
2023,09,09677,municipality,096770155155,09677155,matched,"Lohr a.Main, Stadt",Einheitsgemeinde,15270,45145602.07,2956.49,8983763.00,11202233.23,24959605.84,STATISTIKPORTAL_INTEGRATED_2023_T1
2023,09,09677,municipality,096770157157,09677157,matched,"Marktheidenfeld, Stadt",Einheitsgemeinde,11514,6577583.09,571.27,6221679.00,156386.68,199517.41,STATISTIKPORTAL_INTEGRATED_2023_T1
2023,09,09677,municipality,096770177177,09677177,matched,"Rieneck, Stadt",Einheitsgemeinde,1926,1356133.00,704.12,1356133.00,0.00,0.00,STATISTIKPORTAL_INTEGRATED_2023_T1
2023,09,09677,joint_administration,096775620,,not_applicable,VG Kreuzwertheim,Verwaltungsgemeinschaft,6295,0.00,0.00,0.00,0.00,0.00,STATISTIKPORTAL_INTEGRATED_2023_T1
2023,09,09677,municipality,096775620137,09677137,matched,Hasloch,Mitgliedsgemeinde,1462,26451.70,18.09,0.00,14550.32,11901.38,STATISTIKPORTAL_INTEGRATED_2023_T1
2023,09,09677,municipality,096775620151,09677151,matched,"Kreuzwertheim, Markt",Mitgliedsgemeinde,3944,65595.76,16.63,0.00,7255.66,58340.10,STATISTIKPORTAL_INTEGRATED_2023_T1
2023,09,09677,municipality,096775620182,09677182,matched,Schollbrunn,Mitgliedsgemeinde,889,5461.25,6.14,0.00,5461.25,0.00,STATISTIKPORTAL_INTEGRATED_2023_T1
2023,09,09677,joint_administration,096775621,,not_applicable,VG Marktheidenfeld,Verwaltungsgemeinschaft,15371,0.00,0.00,0.00,0.00,0.00,STATISTIKPORTAL_INTEGRATED_2023_T1
2023,09,09677,municipality,096775621119,09677119,matched,Birkenfeld,Mitgliedsgemeinde,2201,25552.31,11.61,0.00,25552.31,0.00,STATISTIKPORTAL_INTEGRATED_2023_T1
2023,09,09677,municipality,096775621120,09677120,matched,Bischbrunn,Mitgliedsgemeinde,1822,3324395.72,1824.59,3242777.00,20011.57,61607.15,STATISTIKPORTAL_INTEGRATED_2023_T1
2023,09,09677,municipality,096775621125,09677125,matched,Erlenbach/Marktheiden.,Mitgliedsgemeinde,2489,2130384.52,855.92,2114937.00,15447.52,0.00,STATISTIKPORTAL_INTEGRATED_2023_T1
2023,09,09677,municipality,096775621126,09677126,matched,Esselbach,Mitgliedsgemeinde,2137,3432621.62,1606.28,3346266.00,17280.94,69074.68,STATISTIKPORTAL_INTEGRATED_2023_T1
2023,09,09677,municipality,096775621135,09677135,matched,Hafenlohr,Mitgliedsgemeinde,1781,5776147.78,3243.20,5677308.00,23639.39,75200.39,STATISTIKPORTAL_INTEGRATED_2023_T1
2023,09,09677,municipality,096775621146,09677146,matched,"Karbach, Markt",Mitgliedsgemeinde,1483,4679340.69,3155.32,4656519.00,22821.69,0.00,STATISTIKPORTAL_INTEGRATED_2023_T1
2023,09,09677,municipality,096775621178,09677178,matched,Roden,Mitgliedsgemeinde,1014,462489.70,456.10,270028.00,192461.70,0.00,STATISTIKPORTAL_INTEGRATED_2023_T1
2023,09,09677,municipality,096775621181,09677181,matched,"Rothenfels, Stadt",Mitgliedsgemeinde,1023,1214923.98,1187.61,1153607.00,13653.12,47663.86,STATISTIKPORTAL_INTEGRATED_2023_T1
2023,09,09677,municipality,096775621193,09677193,matched,Urspringen,Mitgliedsgemeinde,1421,4225679.77,2973.74,3837932.00,387747.77,0.00,STATISTIKPORTAL_INTEGRATED_2023_T1
2023,09,09677,joint_administration,096775622,,not_applicable,VG Burgsinn,Verwaltungsgemeinschaft,5948,0.00,0.00,0.00,0.00,0.00,STATISTIKPORTAL_INTEGRATED_2023_T1
2023,09,09677,municipality,096775622116,09677116,matched,Aura i.Sinngrund,Mitgliedsgemeinde,948,226000.00,238.40,226000.00,0.00,0.00,STATISTIKPORTAL_INTEGRATED_2023_T1
2023,09,09677,municipality,096775622122,09677122,matched,"Burgsinn, Markt",Mitgliedsgemeinde,2350,1157000.00,492.34,1157000.00,0.00,0.00,STATISTIKPORTAL_INTEGRATED_2023_T1
2023,09,09677,municipality,096775622128,09677128,matched,Fellen,Mitgliedsgemeinde,858,0.00,0.00,0.00,0.00,0.00,STATISTIKPORTAL_INTEGRATED_2023_T1
2023,09,09677,municipality,096775622159,09677159,matched,Mittelsinn,Mitgliedsgemeinde,855,258000.00,301.75,258000.00,0.00,0.00,STATISTIKPORTAL_INTEGRATED_2023_T1
2023,09,09677,municipality,096775622169,09677169,matched,"Obersinn, Markt",Mitgliedsgemeinde,937,8000.00,8.54,8000.00,0.00,0.00,STATISTIKPORTAL_INTEGRATED_2023_T1
2023,09,09677,joint_administration,096775623,,not_applicable,VG Gemünden a.Main,Verwaltungsgemeinschaft,4153,0.00,0.00,0.00,0.00,0.00,STATISTIKPORTAL_INTEGRATED_2023_T1
2023,09,09677,municipality,096775623132,09677132,matched,Gössenheim,Mitgliedsgemeinde,1098,85096.00,77.50,85096.00,0.00,0.00,STATISTIKPORTAL_INTEGRATED_2023_T1
2023,09,09677,municipality,096775623133,09677133,matched,Gräfendorf,Mitgliedsgemeinde,1329,1117620.00,840.95,1117620.00,0.00,0.00,STATISTIKPORTAL_INTEGRATED_2023_T1
2023,09,09677,municipality,096775623149,09677149,matched,Karsbach,Mitgliedsgemeinde,1726,450000.00,260.72,450000.00,0.00,0.00,STATISTIKPORTAL_INTEGRATED_2023_T1
2023,09,09677,joint_administration,096775624,,not_applicable,VG Lohr a.Main,Verwaltungsgemeinschaft,5230,0.00,0.00,0.00,0.00,0.00,STATISTIKPORTAL_INTEGRATED_2023_T1
2023,09,09677,municipality,096775624164,09677164,matched,Neuendorf,Mitgliedsgemeinde,814,439016.00,539.33,439016.00,0.00,0.00,STATISTIKPORTAL_INTEGRATED_2023_T1
2023,09,09677,municipality,096775624166,09677166,matched,Neustadt a.Main,Mitgliedsgemeinde,1265,3033088.00,2397.70,3033088.00,0.00,0.00,STATISTIKPORTAL_INTEGRATED_2023_T1
2023,09,09677,municipality,096775624172,09677172,matched,Rechtenbach,Mitgliedsgemeinde,1027,369583.00,359.87,369583.00,0.00,0.00,STATISTIKPORTAL_INTEGRATED_2023_T1
2023,09,09677,municipality,096775624186,09677186,matched,Steinfeld,Mitgliedsgemeinde,2124,805000.00,379.00,805000.00,0.00,0.00,STATISTIKPORTAL_INTEGRATED_2023_T1
2023,09,09677,joint_administration,096775625,,not_applicable,VG Zellingen,Verwaltungsgemeinschaft,11122,0.00,0.00,0.00,0.00,0.00,STATISTIKPORTAL_INTEGRATED_2023_T1
2023,09,09677,municipality,096775625142,09677142,matched,Himmelstadt,Mitgliedsgemeinde,1574,1278139.05,812.03,1167041.00,0.00,111098.05,STATISTIKPORTAL_INTEGRATED_2023_T1
2023,09,09677,municipality,096775625175,09677175,matched,Retzstadt,Mitgliedsgemeinde,1612,427848.31,265.41,0.00,0.00,427848.31,STATISTIKPORTAL_INTEGRATED_2023_T1
2023,09,09677,municipality,096775625189,09677189,matched,"Thüngen, Markt",Mitgliedsgemeinde,1429,2290004.51,1602.52,2275000.00,0.00,15004.51,STATISTIKPORTAL_INTEGRATED_2023_T1
2023,09,09677,municipality,096775625203,09677203,matched,"Zellingen, Markt",Mitgliedsgemeinde,6507,1567263.60,240.86,896750.00,0.00,670513.60,STATISTIKPORTAL_INTEGRATED_2023_T1
2023,09,09677,joint_administration,096775656,,not_applicable,VG Partenstein,Verwaltungsgemeinschaft,5129,23929.61,4.67,0.00,0.00,23929.61,STATISTIKPORTAL_INTEGRATED_2023_T1
2023,09,09677,municipality,096775656165,09677165,matched,Neuhütten,Mitgliedsgemeinde,1127,0.00,0.00,0.00,0.00,0.00,STATISTIKPORTAL_INTEGRATED_2023_T1
2023,09,09677,municipality,096775656170,09677170,matched,Partenstein,Mitgliedsgemeinde,2767,0.00,0.00,0.00,0.00,0.00,STATISTIKPORTAL_INTEGRATED_2023_T1
2023,09,09677,municipality,096775656200,09677200,matched,Wiesthal,Mitgliedsgemeinde,1235,500750.00,405.47,500750.00,0.00,0.00,STATISTIKPORTAL_INTEGRATED_2023_T1
2023,09,09678,county_administration,09678,,not_applicable,Landkreis Schweinfurt,Landkreis (Haushalt bzw. Verwaltung),116746,33630851.65,288.07,13687549.00,589545.59,19353757.06,STATISTIKPORTAL_INTEGRATED_2023_T1
2023,09,09678,municipality,096780115115,09678115,matched,Bergrheinfeld,Einheitsgemeinde,5412,1921667.04,355.08,1211286.00,0.00,710381.04,STATISTIKPORTAL_INTEGRATED_2023_T1
2023,09,09678,municipality,096780123123,09678123,matched,Dittelbrunn,Einheitsgemeinde,7553,5756994.53,762.21,4026497.00,0.00,1730497.53,STATISTIKPORTAL_INTEGRATED_2023_T1
2023,09,09678,municipality,096780128128,09678128,matched,Euerbach,Einheitsgemeinde,3000,6565232.97,2188.41,2388882.00,0.00,4176350.97,STATISTIKPORTAL_INTEGRATED_2023_T1
2023,09,09678,municipality,096780132132,09678132,matched,Geldersheim,Einheitsgemeinde,2937,6073167.23,2067.81,1977180.00,0.00,4095987.23,STATISTIKPORTAL_INTEGRATED_2023_T1
2023,09,09678,municipality,096780135135,09678135,matched,Gochsheim,Einheitsgemeinde,6414,3710050.88,578.43,2186803.00,0.00,1523247.88,STATISTIKPORTAL_INTEGRATED_2023_T1
2023,09,09678,municipality,096780136136,09678136,matched,Grafenrheinfeld,Einheitsgemeinde,3515,459080.24,130.61,0.00,0.00,459080.24,STATISTIKPORTAL_INTEGRATED_2023_T1
2023,09,09678,municipality,096780138138,09678138,matched,Grettstadt,Einheitsgemeinde,4313,975098.12,226.08,414936.00,0.00,560162.12,STATISTIKPORTAL_INTEGRATED_2023_T1
2023,09,09678,municipality,096780150150,09678150,matched,Kolitzheim,Einheitsgemeinde,5787,3524272.06,609.00,3500000.00,24272.06,0.00,STATISTIKPORTAL_INTEGRATED_2023_T1
2023,09,09678,municipality,096780160160,09678160,matched,Niederwerrn,Einheitsgemeinde,8528,9776217.28,1146.37,0.00,0.00,9776217.28,STATISTIKPORTAL_INTEGRATED_2023_T1
2023,09,09678,municipality,096780168168,09678168,matched,Poppenhausen,Einheitsgemeinde,4504,6087723.00,1351.63,0.00,0.00,6087723.00,STATISTIKPORTAL_INTEGRATED_2023_T1
2023,09,09678,municipality,096780170170,09678170,matched,Röthlein,Einheitsgemeinde,4477,684113.13,152.81,57967.00,0.00,626146.13,STATISTIKPORTAL_INTEGRATED_2023_T1
2023,09,09678,municipality,096780174174,09678174,matched,Schonungen,Einheitsgemeinde,7769,4872896.90,627.22,3734552.00,0.00,1138344.90,STATISTIKPORTAL_INTEGRATED_2023_T1
2023,09,09678,municipality,096780176176,09678176,matched,Schwebheim,Einheitsgemeinde,4196,651934.64,155.37,34212.00,0.00,617722.64,STATISTIKPORTAL_INTEGRATED_2023_T1
2023,09,09678,municipality,096780178178,09678178,matched,Sennfeld,Einheitsgemeinde,4581,696341.89,152.01,0.00,0.00,696341.89,STATISTIKPORTAL_INTEGRATED_2023_T1
2023,09,09678,municipality,096780181181,09678181,matched,"Stadtlauringen, Markt",Einheitsgemeinde,4159,327080.00,78.64,0.00,0.00,327080.00,STATISTIKPORTAL_INTEGRATED_2023_T1
2023,09,09678,municipality,096780186186,09678186,matched,Üchtelhausen,Einheitsgemeinde,3871,3528271.38,911.46,3088966.00,0.00,439305.38,STATISTIKPORTAL_INTEGRATED_2023_T1
2023,09,09678,municipality,096780190190,09678190,matched,Waigolshausen,Einheitsgemeinde,2694,1954481.32,725.49,1000781.00,602721.54,350978.78,STATISTIKPORTAL_INTEGRATED_2023_T1
2023,09,09678,municipality,096780192192,09678192,matched,Wasserlosen,Einheitsgemeinde,3371,1267374.10,375.96,337714.00,151124.30,778535.80,STATISTIKPORTAL_INTEGRATED_2023_T1
2023,09,09678,municipality,096780193193,09678193,matched,"Werneck, Markt",Einheitsgemeinde,10150,9283559.16,914.64,0.00,2226852.47,7056706.69,STATISTIKPORTAL_INTEGRATED_2023_T1
2023,09,09678,joint_administration,096785642,,not_applicable,VG Gerolzhofen,Verwaltungsgemeinschaft,16734,0.00,0.00,0.00,0.00,0.00,STATISTIKPORTAL_INTEGRATED_2023_T1
2023,09,09678,municipality,096785642122,09678122,matched,Dingolshausen,Mitgliedsgemeinde,1417,390085.45,275.29,355783.00,34302.45,0.00,STATISTIKPORTAL_INTEGRATED_2023_T1
2023,09,09678,municipality,096785642124,09678124,matched,Donnersdorf,Mitgliedsgemeinde,2002,1198012.39,598.41,1128035.00,41899.09,28078.30,STATISTIKPORTAL_INTEGRATED_2023_T1
2023,09,09678,municipality,096785642130,09678130,matched,Frankenwinheim,Mitgliedsgemeinde,984,47917.95,48.70,22111.00,25806.95,0.00,STATISTIKPORTAL_INTEGRATED_2023_T1
2023,09,09678,municipality,096785642134,09678134,matched,"Gerolzhofen, Stadt",Mitgliedsgemeinde,6875,7008359.63,1019.40,6735355.00,272835.34,169.29,STATISTIKPORTAL_INTEGRATED_2023_T1
2023,09,09678,municipality,096785642153,09678153,matched,Lülsfeld,Mitgliedsgemeinde,834,96020.36,115.13,77650.00,18370.36,0.00,STATISTIKPORTAL_INTEGRATED_2023_T1
2023,09,09678,municipality,096785642157,09678157,matched,Michelau i.Steigerwald,Mitgliedsgemeinde,1152,31166.88,27.05,0.00,31166.88,0.00,STATISTIKPORTAL_INTEGRATED_2023_T1
2023,09,09678,municipality,096785642164,09678164,matched,"Oberschwarzach, Markt",Mitgliedsgemeinde,1432,34004.86,23.75,0.00,34004.86,0.00,STATISTIKPORTAL_INTEGRATED_2023_T1
2023,09,09678,municipality,096785642183,09678183,matched,Sulzheim,Mitgliedsgemeinde,2038,288458.14,141.54,0.00,55408.23,233049.91,STATISTIKPORTAL_INTEGRATED_2023_T1
2023,09,09678,joint_administration,096785643,,not_applicable,VG Schwanfeld,Verwaltungsgemeinschaft,2781,0.00,0.00,0.00,0.00,0.00,STATISTIKPORTAL_INTEGRATED_2023_T1
2023,09,09678,municipality,096785643175,09678175,matched,Schwanfeld,Mitgliedsgemeinde,1752,384739.79,219.60,39696.00,345042.10,1.69,STATISTIKPORTAL_INTEGRATED_2023_T1
2023,09,09678,municipality,096785643196,09678196,matched,Wipfeld,Mitgliedsgemeinde,1029,546816.49,531.41,397754.00,149060.80,1.69,STATISTIKPORTAL_INTEGRATED_2023_T1
2023,09,09679,county_administration,09679,,not_applicable,Landkreis Würzburg,Landkreis (Haushalt bzw. Verwaltung),165559,121906426.59,736.33,22886246.00,1343325.78,97676854.81,STATISTIKPORTAL_INTEGRATED_2023_T1
2023,09,09679,municipality,096790126126,09679126,matched,Eisingen,Einheitsgemeinde,3437,7006053.01,2038.42,6982339.00,23714.01,0.00,STATISTIKPORTAL_INTEGRATED_2023_T1
2023,09,09679,municipality,096790134134,09679134,matched,Gaukönigshofen,Einheitsgemeinde,2552,3347389.24,1311.67,3281685.00,0.00,65704.24,STATISTIKPORTAL_INTEGRATED_2023_T1
2023,09,09679,municipality,096790136136,09679136,matched,Gerbrunn,Einheitsgemeinde,6589,4194513.69,636.59,4006844.00,0.00,187669.69,STATISTIKPORTAL_INTEGRATED_2023_T1
2023,09,09679,municipality,096790142142,09679142,matched,Güntersleben,Einheitsgemeinde,4537,108604.00,23.94,108604.00,0.00,0.00,STATISTIKPORTAL_INTEGRATED_2023_T1
2023,09,09679,municipality,096790143143,09679143,matched,Hausen b.Würzburg,Einheitsgemeinde,2501,4941237.22,1975.70,4500000.00,328555.00,112682.22,STATISTIKPORTAL_INTEGRATED_2023_T1
2023,09,09679,municipality,096790147147,09679147,matched,"Höchberg, Markt",Einheitsgemeinde,9616,85159.00,8.86,85159.00,0.00,0.00,STATISTIKPORTAL_INTEGRATED_2023_T1
2023,09,09679,municipality,096790155155,09679155,matched,Kleinrinderfeld,Einheitsgemeinde,2123,1470152.36,692.49,1189070.00,281082.36,0.00,STATISTIKPORTAL_INTEGRATED_2023_T1
2023,09,09679,municipality,096790156156,09679156,matched,Kürnach,Einheitsgemeinde,4930,6782742.00,1375.81,5385807.00,1396935.00,0.00,STATISTIKPORTAL_INTEGRATED_2023_T1
2023,09,09679,municipality,096790164164,09679164,matched,"Neubrunn, Markt",Einheitsgemeinde,2313,1502672.00,649.66,1502672.00,0.00,0.00,STATISTIKPORTAL_INTEGRATED_2023_T1
2023,09,09679,municipality,096790170170,09679170,matched,"Ochsenfurt, Stadt",Einheitsgemeinde,11479,25668606.80,2236.14,6608592.00,69443.90,18990570.90,STATISTIKPORTAL_INTEGRATED_2023_T1
2023,09,09679,municipality,096790175175,09679175,matched,"Randersacker, Markt",Einheitsgemeinde,3488,187250.00,53.68,187250.00,0.00,0.00,STATISTIKPORTAL_INTEGRATED_2023_T1
2023,09,09679,municipality,096790176176,09679176,matched,"Reichenberg, Markt",Einheitsgemeinde,4215,533179.00,126.50,533179.00,0.00,0.00,STATISTIKPORTAL_INTEGRATED_2023_T1
2023,09,09679,municipality,096790180180,09679180,matched,"Rimpar, Markt",Einheitsgemeinde,7839,16628505.00,2121.25,16628505.00,0.00,0.00,STATISTIKPORTAL_INTEGRATED_2023_T1
2023,09,09679,municipality,096790185185,09679185,matched,Rottendorf,Einheitsgemeinde,5511,0.00,0.00,0.00,0.00,0.00,STATISTIKPORTAL_INTEGRATED_2023_T1
2023,09,09679,municipality,096790193193,09679193,matched,Theilheim,Einheitsgemeinde,2441,5656733.00,2317.38,5656733.00,0.00,0.00,STATISTIKPORTAL_INTEGRATED_2023_T1
2023,09,09679,municipality,096790194194,09679194,matched,Thüngersheim,Einheitsgemeinde,2727,4652970.96,1706.26,4341205.00,0.00,311765.96,STATISTIKPORTAL_INTEGRATED_2023_T1
2023,09,09679,municipality,096790200200,09679200,matched,Leinach,Einheitsgemeinde,3212,3159213.37,983.57,1674167.00,1263164.55,221881.82,STATISTIKPORTAL_INTEGRATED_2023_T1
2023,09,09679,municipality,096790201201,09679201,matched,Unterpleichfeld,Einheitsgemeinde,3225,4368744.15,1354.65,3619419.00,328555.00,420770.15,STATISTIKPORTAL_INTEGRATED_2023_T1
2023,09,09679,municipality,096790202202,09679202,matched,Veitshöchheim,Einheitsgemeinde,9700,10165225.16,1047.96,8896098.00,0.00,1269127.16,STATISTIKPORTAL_INTEGRATED_2023_T1
2023,09,09679,municipality,096790204204,09679204,matched,Waldbrunn,Einheitsgemeinde,2927,20558.52,7.02,0.00,20558.52,0.00,STATISTIKPORTAL_INTEGRATED_2023_T1
2023,09,09679,municipality,096790205205,09679205,matched,Waldbüttelbrunn,Einheitsgemeinde,5091,5735740.51,1126.64,5663528.00,31268.07,40944.44,STATISTIKPORTAL_INTEGRATED_2023_T1
2023,09,09679,municipality,096790209209,09679209,matched,"Zell a.Main, Markt",Einheitsgemeinde,4473,1263164.55,282.40,0.00,1263164.55,0.00,STATISTIKPORTAL_INTEGRATED_2023_T1
2023,09,09679,joint_administration,096795644,,not_applicable,VG Aub,Verwaltungsgemeinschaft,3087,0.00,0.00,0.00,0.00,0.00,STATISTIKPORTAL_INTEGRATED_2023_T1
2023,09,09679,municipality,096795644114,09679114,matched,"Aub, Stadt",Mitgliedsgemeinde,1405,804605.00,572.67,804605.00,0.00,0.00,STATISTIKPORTAL_INTEGRATED_2023_T1
2023,09,09679,municipality,096795644135,09679135,matched,"Gelchsheim, Markt",Mitgliedsgemeinde,809,150890.25,186.51,129633.00,0.00,21257.25,STATISTIKPORTAL_INTEGRATED_2023_T1
2023,09,09679,municipality,096795644188,09679188,matched,Sonderhofen,Mitgliedsgemeinde,873,839756.01,961.92,817452.00,0.00,22304.01,STATISTIKPORTAL_INTEGRATED_2023_T1
2023,09,09679,joint_administration,096795645,,not_applicable,VG Bergtheim,Verwaltungsgemeinschaft,4991,0.00,0.00,0.00,0.00,0.00,STATISTIKPORTAL_INTEGRATED_2023_T1
2023,09,09679,municipality,096795645117,09679117,matched,Bergtheim,Mitgliedsgemeinde,3872,4193568.97,1083.05,3481966.00,328670.00,382932.97,STATISTIKPORTAL_INTEGRATED_2023_T1
2023,09,09679,municipality,096795645169,09679169,matched,Oberpleichfeld,Mitgliedsgemeinde,1119,582145.66,520.24,133341.00,328555.00,120249.66,STATISTIKPORTAL_INTEGRATED_2023_T1
2023,09,09679,joint_administration,096795646,,not_applicable,VG Eibelstadt,Verwaltungsgemeinschaft,7672,0.00,0.00,0.00,0.00,0.00,STATISTIKPORTAL_INTEGRATED_2023_T1
2023,09,09679,municipality,096795646124,09679124,matched,"Eibelstadt, Stadt",Mitgliedsgemeinde,3104,5558551.00,1790.77,5558551.00,0.00,0.00,STATISTIKPORTAL_INTEGRATED_2023_T1
2023,09,09679,municipality,096795646131,09679131,matched,"Frickenhausen a.Main, Markt",Mitgliedsgemeinde,1219,625073.32,512.78,593429.00,0.00,31644.32,STATISTIKPORTAL_INTEGRATED_2023_T1
2023,09,09679,municipality,096795646187,09679187,matched,"Sommerhausen, Markt",Mitgliedsgemeinde,1934,754714.22,390.23,705275.00,0.00,49439.22,STATISTIKPORTAL_INTEGRATED_2023_T1
2023,09,09679,municipality,096795646206,09679206,matched,"Winterhausen, Markt",Mitgliedsgemeinde,1415,0.00,0.00,0.00,0.00,0.00,STATISTIKPORTAL_INTEGRATED_2023_T1
2023,09,09679,joint_administration,096795647,,not_applicable,VG Estenfeld,Verwaltungsgemeinschaft,7985,0.00,0.00,0.00,0.00,0.00,STATISTIKPORTAL_INTEGRATED_2023_T1
2023,09,09679,municipality,096795647130,09679130,matched,Estenfeld,Mitgliedsgemeinde,5456,1369666.00,251.04,950000.00,328555.00,91111.00,STATISTIKPORTAL_INTEGRATED_2023_T1
2023,09,09679,municipality,096795647167,09679167,matched,"Eisenheim, Markt",Mitgliedsgemeinde,1361,928134.30,681.95,654846.00,231862.00,41426.30,STATISTIKPORTAL_INTEGRATED_2023_T1
2023,09,09679,municipality,096795647174,09679174,matched,Prosselsheim,Mitgliedsgemeinde,1168,622310.30,532.80,0.00,595650.00,26660.30,STATISTIKPORTAL_INTEGRATED_2023_T1
2023,09,09679,joint_administration,096795648,,not_applicable,VG Giebelstadt,Verwaltungsgemeinschaft,7011,0.00,0.00,0.00,0.00,0.00,STATISTIKPORTAL_INTEGRATED_2023_T1
2023,09,09679,municipality,096795648122,09679122,matched,"Bütthard, Markt",Mitgliedsgemeinde,1279,386515.00,302.20,386515.00,0.00,0.00,STATISTIKPORTAL_INTEGRATED_2023_T1
2023,09,09679,municipality,096795648138,09679138,matched,"Giebelstadt, Markt",Mitgliedsgemeinde,5732,1979602.06,345.36,1849700.00,0.00,129902.06,STATISTIKPORTAL_INTEGRATED_2023_T1
2023,09,09679,joint_administration,096795649,,not_applicable,VG Helmstadt,Verwaltungsgemeinschaft,7060,0.00,0.00,0.00,0.00,0.00,STATISTIKPORTAL_INTEGRATED_2023_T1
2023,09,09679,municipality,096795649144,09679144,matched,"Helmstadt, Markt",Mitgliedsgemeinde,2693,0.00,0.00,0.00,0.00,0.00,STATISTIKPORTAL_INTEGRATED_2023_T1
2023,09,09679,municipality,096795649149,09679149,matched,Holzkirchen,Mitgliedsgemeinde,945,0.00,0.00,0.00,0.00,0.00,STATISTIKPORTAL_INTEGRATED_2023_T1
2023,09,09679,municipality,096795649177,09679177,matched,"Remlingen, Markt",Mitgliedsgemeinde,1522,0.00,0.00,0.00,0.00,0.00,STATISTIKPORTAL_INTEGRATED_2023_T1
2023,09,09679,municipality,096795649196,09679196,matched,Uettingen,Mitgliedsgemeinde,1900,1839992.00,968.42,1839992.00,0.00,0.00,STATISTIKPORTAL_INTEGRATED_2023_T1
2023,09,09679,joint_administration,096795650,,not_applicable,VG Kirchheim,Verwaltungsgemeinschaft,3678,0.00,0.00,0.00,0.00,0.00,STATISTIKPORTAL_INTEGRATED_2023_T1
2023,09,09679,municipality,096795650137,09679137,matched,Geroldshausen,Mitgliedsgemeinde,1389,1954292.78,1406.98,1596710.00,327943.67,29639.11,STATISTIKPORTAL_INTEGRATED_2023_T1
2023,09,09679,municipality,096795650153,09679153,matched,Kirchheim,Mitgliedsgemeinde,2289,2085164.92,910.95,1694460.00,341314.97,49389.95,STATISTIKPORTAL_INTEGRATED_2023_T1
2023,09,09679,joint_administration,096795651,,not_applicable,VG Kist,Verwaltungsgemeinschaft,4767,0.00,0.00,0.00,0.00,0.00,STATISTIKPORTAL_INTEGRATED_2023_T1
2023,09,09679,municipality,096795651154,09679154,matched,Kist,Mitgliedsgemeinde,2712,0.00,0.00,0.00,0.00,0.00,STATISTIKPORTAL_INTEGRATED_2023_T1
2023,09,09679,municipality,096795651165,09679165,matched,Altertheim,Mitgliedsgemeinde,2055,582094.00,283.26,582094.00,0.00,0.00,STATISTIKPORTAL_INTEGRATED_2023_T1
2023,09,09679,joint_administration,096795652,,not_applicable,VG Margetshöchheim,Verwaltungsgemeinschaft,5033,0.00,0.00,0.00,0.00,0.00,STATISTIKPORTAL_INTEGRATED_2023_T1
2023,09,09679,municipality,096795652128,09679128,matched,Erlabrunn,Mitgliedsgemeinde,1868,3387979.00,1813.69,658566.00,2525445.15,203967.85,STATISTIKPORTAL_INTEGRATED_2023_T1
2023,09,09679,municipality,096795652161,09679161,matched,Margetshöchheim,Mitgliedsgemeinde,3165,7330285.75,2316.05,3542560.00,3787725.75,0.00,STATISTIKPORTAL_INTEGRATED_2023_T1
2023,09,09679,joint_administration,096795654,,not_applicable,VG Röttingen,Verwaltungsgemeinschaft,4099,0.00,0.00,0.00,0.00,0.00,STATISTIKPORTAL_INTEGRATED_2023_T1
2023,09,09679,municipality,096795654118,09679118,matched,Bieberehren,Mitgliedsgemeinde,883,664794.85,752.88,0.00,184794.85,480000.00,STATISTIKPORTAL_INTEGRATED_2023_T1
2023,09,09679,municipality,096795654179,09679179,matched,Riedenheim,Mitgliedsgemeinde,712,184794.85,259.54,0.00,184794.85,0.00,STATISTIKPORTAL_INTEGRATED_2023_T1
2023,09,09679,municipality,096795654182,09679182,matched,"Röttingen, Stadt",Mitgliedsgemeinde,1680,2534326.24,1508.53,620190.00,277275.44,1636860.80,STATISTIKPORTAL_INTEGRATED_2023_T1
2023,09,09679,municipality,096795654192,09679192,matched,Tauberrettersheim,Mitgliedsgemeinde,824,407075.85,494.02,222281.00,184794.85,0.00,STATISTIKPORTAL_INTEGRATED_2023_T1
2023,09,09679,joint_administration,096795655,,not_applicable,VG Hettstadt,Verwaltungsgemeinschaft,5250,0.00,0.00,0.00,0.00,0.00,STATISTIKPORTAL_INTEGRATED_2023_T1
2023,09,09679,municipality,096795655141,09679141,matched,Greußenheim,Mitgliedsgemeinde,1629,3531125.00,2167.66,3531125.00,0.00,0.00,STATISTIKPORTAL_INTEGRATED_2023_T1
2023,09,09679,municipality,096795655146,09679146,matched,Hettstadt,Mitgliedsgemeinde,3621,6219438.41,1717.60,6199358.00,20080.41,0.00,STATISTIKPORTAL_INTEGRATED_2023_T1
2023,09,09761,municipality,097610000000,09761000,matched,"Augsburg, kreisfreie Stadt",kreisfreie Stadt,301586,1843388441.82,6112.31,441866558.00,1845566.06,1399676317.76,STATISTIKPORTAL_INTEGRATED_2023_T1
2023,09,09762,municipality,097620000000,09762000,matched,"Kaufbeuren, kreisfreie Stadt",kreisfreie Stadt,45993,94177622.66,2047.65,43803217.00,2354191.00,48020214.66,STATISTIKPORTAL_INTEGRATED_2023_T1
2023,09,09763,municipality,097630000000,09763000,matched,"Kempten (Allgäu), kreisfreie Stadt",kreisfreie Stadt,70288,301277960.94,4286.34,0.00,21677330.57,279600630.37,STATISTIKPORTAL_INTEGRATED_2023_T1
2023,09,09764,municipality,097640000000,09764000,matched,"Memmingen, kreisfreie Stadt",kreisfreie Stadt,45998,81887262.40,1780.24,24690000.00,273171.34,56924091.06,STATISTIKPORTAL_INTEGRATED_2023_T1
2023,09,09771,county_administration,09771,,not_applicable,Landkreis Aichach-Friedberg,Landkreis (Haushalt bzw. Verwaltung),137944,56560496.46,410.03,4457040.00,77305.40,52026151.06,STATISTIKPORTAL_INTEGRATED_2023_T1
2023,09,09771,municipality,097710112112,09771112,matched,Affing,Einheitsgemeinde,5710,6322712.90,1107.31,3863710.00,2459002.90,0.00,STATISTIKPORTAL_INTEGRATED_2023_T1
2023,09,09771,municipality,097710113113,09771113,matched,"Aichach, Stadt",Einheitsgemeinde,22055,20720166.72,939.48,7333611.00,135977.89,13250577.83,STATISTIKPORTAL_INTEGRATED_2023_T1
2023,09,09771,municipality,097710130130,09771130,matched,"Friedberg, Stadt",Einheitsgemeinde,30501,58372923.16,1913.80,21353944.00,427421.14,36591558.02,STATISTIKPORTAL_INTEGRATED_2023_T1
2023,09,09771,municipality,097710140140,09771140,matched,Hollenbach,Einheitsgemeinde,2524,1720644.41,681.71,900000.00,0.00,820644.41,STATISTIKPORTAL_INTEGRATED_2023_T1
2023,09,09771,municipality,097710141141,09771141,matched,"Inchenhofen, Markt",Einheitsgemeinde,2731,1733616.58,634.79,607890.00,0.00,1125726.58,STATISTIKPORTAL_INTEGRATED_2023_T1
2023,09,09771,municipality,097710142142,09771142,matched,Kissing,Einheitsgemeinde,11730,10548368.71,899.26,7509737.00,0.00,3038631.71,STATISTIKPORTAL_INTEGRATED_2023_T1
2023,09,09771,municipality,097710145145,09771145,matched,Merching,Einheitsgemeinde,3272,240476.63,73.50,139336.00,0.00,101140.63,STATISTIKPORTAL_INTEGRATED_2023_T1
2023,09,09771,municipality,097710158158,09771158,matched,Rehling,Einheitsgemeinde,2599,4746327.87,1826.21,2814434.00,1228807.53,703086.34,STATISTIKPORTAL_INTEGRATED_2023_T1
2023,09,09771,municipality,097710160160,09771160,matched,Ried,Einheitsgemeinde,3216,3106748.70,966.03,2500000.00,0.00,606748.70,STATISTIKPORTAL_INTEGRATED_2023_T1
2023,09,09771,joint_administration,097715701,,not_applicable,VG Aindling,Verwaltungsgemeinschaft,7894,0.00,0.00,0.00,0.00,0.00,STATISTIKPORTAL_INTEGRATED_2023_T1
2023,09,09771,municipality,097715701114,09771114,matched,"Aindling, Markt",Mitgliedsgemeinde,4699,7256235.59,1544.21,4450892.00,2492865.16,312478.43,STATISTIKPORTAL_INTEGRATED_2023_T1
2023,09,09771,municipality,097715701155,09771155,matched,Petersdorf,Mitgliedsgemeinde,1738,3070119.22,1766.47,1769090.00,1301027.53,1.69,STATISTIKPORTAL_INTEGRATED_2023_T1
2023,09,09771,municipality,097715701169,09771169,matched,Todtenweis,Mitgliedsgemeinde,1457,2415138.22,1657.61,1186329.00,1228807.53,1.69,STATISTIKPORTAL_INTEGRATED_2023_T1
2023,09,09771,joint_administration,097715703,,not_applicable,VG Kühbach,Verwaltungsgemeinschaft,6295,0.00,0.00,0.00,0.00,0.00,STATISTIKPORTAL_INTEGRATED_2023_T1
2023,09,09771,municipality,097715703144,09771144,matched,"Kühbach, Markt",Mitgliedsgemeinde,4271,4959105.82,1161.11,0.00,0.00,4959105.82,STATISTIKPORTAL_INTEGRATED_2023_T1
2023,09,09771,municipality,097715703162,09771162,matched,Schiltberg,Mitgliedsgemeinde,2024,2604675.39,1286.89,1743750.00,0.00,860925.39,STATISTIKPORTAL_INTEGRATED_2023_T1
2023,09,09771,joint_administration,097715704,,not_applicable,VG Dasing,Verwaltungsgemeinschaft,13586,0.00,0.00,0.00,0.00,0.00,STATISTIKPORTAL_INTEGRATED_2023_T1
2023,09,09771,municipality,097715704111,09771111,matched,Adelzhausen,Mitgliedsgemeinde,1847,411410.49,222.75,0.00,6943.04,404467.45,STATISTIKPORTAL_INTEGRATED_2023_T1
2023,09,09771,municipality,097715704122,09771122,matched,Dasing,Mitgliedsgemeinde,5930,1584181.60,267.15,1062345.00,16226.83,505609.77,STATISTIKPORTAL_INTEGRATED_2023_T1
2023,09,09771,municipality,097715704129,09771129,matched,Eurasburg (Landkreis Aichach-Friedberg),Mitgliedsgemeinde,1875,564859.05,301.26,0.00,261532.23,303326.82,STATISTIKPORTAL_INTEGRATED_2023_T1
2023,09,09771,municipality,097715704149,09771149,matched,Obergriesbach,Mitgliedsgemeinde,2078,2232194.73,1074.20,2225250.00,6943.04,1.69,STATISTIKPORTAL_INTEGRATED_2023_T1
2023,09,09771,municipality,097715704165,09771165,matched,Sielenbach,Mitgliedsgemeinde,1856,310364.92,167.22,0.00,6943.04,303421.88,STATISTIKPORTAL_INTEGRATED_2023_T1
2023,09,09771,joint_administration,097715705,,not_applicable,VG Mering,Verwaltungsgemeinschaft,17527,0.00,0.00,0.00,0.00,0.00,STATISTIKPORTAL_INTEGRATED_2023_T1
2023,09,09771,municipality,097715705146,09771146,matched,"Mering, Markt",Mitgliedsgemeinde,15190,12768003.56,840.55,12463352.00,0.00,304651.56,STATISTIKPORTAL_INTEGRATED_2023_T1
2023,09,09771,municipality,097715705163,09771163,matched,Schmiechen,Mitgliedsgemeinde,1345,0.00,0.00,0.00,0.00,0.00,STATISTIKPORTAL_INTEGRATED_2023_T1
2023,09,09771,municipality,097715705168,09771168,matched,Steindorf,Mitgliedsgemeinde,992,303421.88,305.87,0.00,0.00,303421.88,STATISTIKPORTAL_INTEGRATED_2023_T1
2023,09,09771,joint_administration,097715771,,not_applicable,VG Pöttmes,Verwaltungsgemeinschaft,8304,0.00,0.00,0.00,0.00,0.00,STATISTIKPORTAL_INTEGRATED_2023_T1
2023,09,09771,municipality,097715771156,09771156,matched,"Pöttmes, Markt",Mitgliedsgemeinde,7068,4061381.99,574.62,2682179.00,56887.09,1322315.90,STATISTIKPORTAL_INTEGRATED_2023_T1
2023,09,09771,municipality,097715771176,09771176,matched,Baar (Schwaben),Mitgliedsgemeinde,1236,467395.40,378.15,258917.00,0.00,208478.40,STATISTIKPORTAL_INTEGRATED_2023_T1
2023,09,09772,county_administration,09772,,not_applicable,Landkreis Augsburg,Landkreis (Haushalt bzw. Verwaltung),262493,233934677.41,891.20,77988739.00,716928.48,155229009.93,STATISTIKPORTAL_INTEGRATED_2023_T1
2023,09,09772,municipality,097720111111,09772111,matched,Adelsried,Einheitsgemeinde,2543,573822.62,225.65,566827.00,4786.54,2209.08,STATISTIKPORTAL_INTEGRATED_2023_T1
2023,09,09772,municipality,097720115115,09772115,matched,Altenmünster,Einheitsgemeinde,4547,4618060.59,1015.63,4460200.00,6179.79,151680.80,STATISTIKPORTAL_INTEGRATED_2023_T1
2023,09,09772,municipality,097720117117,09772117,matched,Aystetten,Einheitsgemeinde,3072,776861.11,252.88,643568.00,3107.65,130185.46,STATISTIKPORTAL_INTEGRATED_2023_T1
2023,09,09772,municipality,097720121121,09772121,matched,"Biberbach, Markt",Einheitsgemeinde,3569,6690365.03,1874.58,6213600.00,177992.45,298772.58,STATISTIKPORTAL_INTEGRATED_2023_T1
2023,09,09772,municipality,097720125125,09772125,matched,"Bobingen, Stadt",Einheitsgemeinde,18001,38021224.83,2112.17,13655014.00,5256215.31,19109995.52,STATISTIKPORTAL_INTEGRATED_2023_T1
2023,09,09772,municipality,097720130130,09772130,matched,"Diedorf, Markt",Einheitsgemeinde,10762,16173040.03,1502.79,11864024.00,443823.03,3865193.00,STATISTIKPORTAL_INTEGRATED_2023_T1
2023,09,09772,municipality,097720131131,09772131,matched,"Dinkelscherben, Markt",Einheitsgemeinde,6707,8654299.13,1290.34,7939338.00,22080.00,692881.13,STATISTIKPORTAL_INTEGRATED_2023_T1
2023,09,09772,municipality,097720141141,09772141,matched,"Fischach, Markt",Einheitsgemeinde,5111,9414654.83,1842.04,8648555.00,50122.66,715977.17,STATISTIKPORTAL_INTEGRATED_2023_T1
2023,09,09772,municipality,097720145145,09772145,matched,Gablingen,Einheitsgemeinde,4829,2153710.65,446.00,2150603.00,3107.65,0.00,STATISTIKPORTAL_INTEGRATED_2023_T1
2023,09,09772,municipality,097720147147,09772147,matched,"Gersthofen, Stadt",Einheitsgemeinde,23374,40297207.73,1724.02,21128809.00,0.00,19168398.73,STATISTIKPORTAL_INTEGRATED_2023_T1
2023,09,09772,municipality,097720149149,09772149,matched,Graben,Einheitsgemeinde,4072,8936426.31,2194.60,7356326.00,3107.65,1576992.66,STATISTIKPORTAL_INTEGRATED_2023_T1
2023,09,09772,municipality,097720159159,09772159,matched,Horgau,Einheitsgemeinde,3021,3028208.15,1002.39,3003615.00,24593.15,0.00,STATISTIKPORTAL_INTEGRATED_2023_T1
2023,09,09772,municipality,097720163163,09772163,matched,"Königsbrunn, Stadt",Einheitsgemeinde,28266,120617244.76,4267.22,60018190.00,6215.31,60592839.45,STATISTIKPORTAL_INTEGRATED_2023_T1
2023,09,09772,municipality,097720167167,09772167,matched,Kutzenhausen,Einheitsgemeinde,2614,2024938.24,774.65,1966664.00,58274.24,0.00,STATISTIKPORTAL_INTEGRATED_2023_T1
2023,09,09772,municipality,097720171171,09772171,matched,Langweid a.Lech,Einheitsgemeinde,8875,15517931.10,1748.50,11750000.00,3107.65,3764823.45,STATISTIKPORTAL_INTEGRATED_2023_T1
2023,09,09772,municipality,097720177177,09772177,matched,"Meitingen, Markt",Einheitsgemeinde,12214,20304026.73,1662.36,7466688.00,707124.09,12130214.64,STATISTIKPORTAL_INTEGRATED_2023_T1
2023,09,09772,municipality,097720184184,09772184,matched,"Neusäß, Stadt",Einheitsgemeinde,23003,5728994.86,249.05,0.00,6215.31,5722779.55,STATISTIKPORTAL_INTEGRATED_2023_T1
2023,09,09772,municipality,097720200200,09772200,matched,"Schwabmünchen, Stadt",Einheitsgemeinde,14820,24891138.50,1679.56,6715886.00,112379.46,18062873.04,STATISTIKPORTAL_INTEGRATED_2023_T1
2023,09,09772,municipality,097720202202,09772202,matched,"Stadtbergen, Stadt",Einheitsgemeinde,15649,14842041.37,948.43,5415581.00,3107.65,9423352.72,STATISTIKPORTAL_INTEGRATED_2023_T1
2023,09,09772,municipality,097720207207,09772207,matched,"Thierhaupten, Markt",Einheitsgemeinde,4119,3587097.29,870.87,2941342.00,3107.65,642647.64,STATISTIKPORTAL_INTEGRATED_2023_T1
2023,09,09772,municipality,097720215215,09772215,matched,Wehringen,Einheitsgemeinde,3048,3765264.42,1235.32,3511208.00,0.00,254056.42,STATISTIKPORTAL_INTEGRATED_2023_T1
2023,09,09772,municipality,097720223223,09772223,matched,"Zusmarshausen, Markt",Einheitsgemeinde,6591,859888.50,130.46,399690.00,67565.86,392632.64,STATISTIKPORTAL_INTEGRATED_2023_T1
2023,09,09772,joint_administration,097725706,,not_applicable,VG Nordendorf,Verwaltungsgemeinschaft,8497,0.00,0.00,0.00,0.00,0.00,STATISTIKPORTAL_INTEGRATED_2023_T1
2023,09,09772,municipality,097725706114,09772114,matched,Allmannshofen,Mitgliedsgemeinde,973,919425.15,944.94,699150.00,57021.78,163253.37,STATISTIKPORTAL_INTEGRATED_2023_T1
2023,09,09772,municipality,097725706134,09772134,matched,Ehingen (Landkreis Augsburg),Mitgliedsgemeinde,1133,737323.56,650.77,500000.00,53229.33,184094.23,STATISTIKPORTAL_INTEGRATED_2023_T1
2023,09,09772,municipality,097725706136,09772136,matched,Ellgau,Mitgliedsgemeinde,1193,911736.29,764.24,642500.00,60827.73,208408.56,STATISTIKPORTAL_INTEGRATED_2023_T1
2023,09,09772,municipality,097725706166,09772166,matched,Kühlenthal,Mitgliedsgemeinde,865,1114672.97,1288.64,920680.00,34213.07,159779.90,STATISTIKPORTAL_INTEGRATED_2023_T1
2023,09,09772,municipality,097725706185,09772185,matched,Nordendorf,Mitgliedsgemeinde,2618,557488.85,212.94,0.00,140671.73,416817.12,STATISTIKPORTAL_INTEGRATED_2023_T1
2023,09,09772,municipality,097725706217,09772217,matched,Westendorf (Landkreis Augsburg),Mitgliedsgemeinde,1715,387376.38,225.88,0.00,121655.47,265720.91,STATISTIKPORTAL_INTEGRATED_2023_T1
2023,09,09772,joint_administration,097725707,,not_applicable,VG Welden,Verwaltungsgemeinschaft,7990,0.00,0.00,0.00,0.00,0.00,STATISTIKPORTAL_INTEGRATED_2023_T1
2023,09,09772,municipality,097725707126,09772126,matched,Bonstetten,Mitgliedsgemeinde,1631,2467.35,1.51,0.00,1396.43,1070.92,STATISTIKPORTAL_INTEGRATED_2023_T1
2023,09,09772,municipality,097725707137,09772137,matched,Emersacker,Mitgliedsgemeinde,1482,1750384.55,1181.10,1151804.00,1751.88,596828.67,STATISTIKPORTAL_INTEGRATED_2023_T1
2023,09,09772,municipality,097725707156,09772156,matched,Heretsried,Mitgliedsgemeinde,1030,736167.20,714.73,433947.00,3805.86,298414.34,STATISTIKPORTAL_INTEGRATED_2023_T1
2023,09,09772,municipality,097725707216,09772216,matched,"Welden, Markt",Mitgliedsgemeinde,3847,2471423.45,642.43,2448284.00,23139.45,0.00,STATISTIKPORTAL_INTEGRATED_2023_T1
2023,09,09772,joint_administration,097725708,,not_applicable,VG Gessertshausen,Verwaltungsgemeinschaft,5757,0.00,0.00,0.00,0.00,0.00,STATISTIKPORTAL_INTEGRATED_2023_T1
2023,09,09772,municipality,097725708148,09772148,matched,Gessertshausen,Mitgliedsgemeinde,4515,1660677.38,367.81,1533197.00,127480.38,0.00,STATISTIKPORTAL_INTEGRATED_2023_T1
2023,09,09772,municipality,097725708211,09772211,matched,Ustersbach,Mitgliedsgemeinde,1242,3170362.00,2552.63,3148282.00,22080.00,0.00,STATISTIKPORTAL_INTEGRATED_2023_T1
2023,09,09772,joint_administration,097725709,,not_applicable,VG Stauden,Verwaltungsgemeinschaft,6684,0.00,0.00,0.00,0.00,0.00,STATISTIKPORTAL_INTEGRATED_2023_T1
2023,09,09772,municipality,097725709168,09772168,matched,Langenneufnach,Mitgliedsgemeinde,1873,2217582.06,1183.97,2198031.00,19551.06,0.00,STATISTIKPORTAL_INTEGRATED_2023_T1
2023,09,09772,municipality,097725709178,09772178,matched,Mickhausen,Mitgliedsgemeinde,1402,1799992.53,1283.87,1789470.00,10522.53,0.00,STATISTIKPORTAL_INTEGRATED_2023_T1
2023,09,09772,municipality,097725709179,09772179,matched,Mittelneufnach,Mitgliedsgemeinde,1085,506084.00,466.44,506084.00,0.00,0.00,STATISTIKPORTAL_INTEGRATED_2023_T1
2023,09,09772,municipality,097725709197,09772197,matched,Scherstetten,Mitgliedsgemeinde,1125,0.00,0.00,0.00,0.00,0.00,STATISTIKPORTAL_INTEGRATED_2023_T1
2023,09,09772,municipality,097725709214,09772214,matched,Walkertshofen,Mitgliedsgemeinde,1199,58503.75,48.79,46478.00,12025.75,0.00,STATISTIKPORTAL_INTEGRATED_2023_T1
2023,09,09772,joint_administration,097725710,,not_applicable,VG Großaitingen,Verwaltungsgemeinschaft,8478,0.00,0.00,0.00,0.00,0.00,STATISTIKPORTAL_INTEGRATED_2023_T1
2023,09,09772,municipality,097725710151,09772151,matched,Großaitingen,Mitgliedsgemeinde,5341,3506765.00,656.57,3506765.00,0.00,0.00,STATISTIKPORTAL_INTEGRATED_2023_T1
2023,09,09772,municipality,097725710160,09772160,matched,Kleinaitingen,Mitgliedsgemeinde,1362,915503.00,672.18,0.00,0.00,915503.00,STATISTIKPORTAL_INTEGRATED_2023_T1
2023,09,09772,municipality,097725710186,09772186,matched,Oberottmarshausen,Mitgliedsgemeinde,1775,2622864.00,1477.67,1707361.00,0.00,915503.00,STATISTIKPORTAL_INTEGRATED_2023_T1
2023,09,09772,joint_administration,097725711,,not_applicable,VG Lechfeld,Verwaltungsgemeinschaft,10470,0.00,0.00,0.00,0.00,0.00,STATISTIKPORTAL_INTEGRATED_2023_T1
2023,09,09772,municipality,097725711162,09772162,matched,Klosterlechfeld,Mitgliedsgemeinde,2993,2634982.65,880.38,1716372.00,3107.65,915503.00,STATISTIKPORTAL_INTEGRATED_2023_T1
2023,09,09772,municipality,097725711209,09772209,matched,Untermeitingen,Mitgliedsgemeinde,7477,2583863.24,345.57,269446.00,0.00,2314417.24,STATISTIKPORTAL_INTEGRATED_2023_T1
2023,09,09772,joint_administration,097725712,,not_applicable,VG Langerringen,Verwaltungsgemeinschaft,5810,0.00,0.00,0.00,0.00,0.00,STATISTIKPORTAL_INTEGRATED_2023_T1
2023,09,09772,municipality,097725712157,09772157,matched,Hiltenfingen,Mitgliedsgemeinde,1662,2725619.49,1639.96,2312950.00,412669.49,0.00,STATISTIKPORTAL_INTEGRATED_2023_T1
2023,09,09772,municipality,097725712170,09772170,matched,Langerringen,Mitgliedsgemeinde,4148,5881639.49,1417.95,5468970.00,412669.49,0.00,STATISTIKPORTAL_INTEGRATED_2023_T1
2023,09,09773,county_administration,09773,,not_applicable,Landkreis Dillingen a.d.Donau,Landkreis (Haushalt bzw. Verwaltung),99688,46134390.95,462.79,18121182.00,3495891.51,24517317.44,STATISTIKPORTAL_INTEGRATED_2023_T1
2023,09,09773,municipality,097730117117,09773117,matched,"Bissingen, Markt",Einheitsgemeinde,3726,14889018.64,3995.98,4792156.00,9744476.63,352386.01,STATISTIKPORTAL_INTEGRATED_2023_T1
2023,09,09773,municipality,097730122122,09773122,matched,Buttenwiesen,Einheitsgemeinde,6097,7970705.33,1307.32,2918368.00,207780.54,4844556.79,STATISTIKPORTAL_INTEGRATED_2023_T1
2023,09,09773,municipality,097730125125,09773125,matched,"Dillingen/Donau, Große Kreisstadt",große Kreisstadt,19935,50597068.25,2538.10,15981557.00,89025.46,34526485.79,STATISTIKPORTAL_INTEGRATED_2023_T1
2023,09,09773,municipality,097730144144,09773144,matched,"Lauingen (Donau), Stadt",Einheitsgemeinde,11424,28225052.32,2470.68,10874384.00,654836.82,16695831.50,STATISTIKPORTAL_INTEGRATED_2023_T1
2023,09,09773,joint_administration,097735713,,not_applicable,VG Gundelfingen a.d.Donau,Verwaltungsgemeinschaft,12084,0.00,0.00,0.00,0.00,0.00,STATISTIKPORTAL_INTEGRATED_2023_T1
2023,09,09773,municipality,097735713113,09773113,matched,Bächingen a.d.Brenz,Mitgliedsgemeinde,1390,1541252.78,1108.81,1325136.00,53834.06,162282.72,STATISTIKPORTAL_INTEGRATED_2023_T1
2023,09,09773,municipality,097735713136,09773136,matched,"Gundelfingen/Donau, Stadt",Mitgliedsgemeinde,8046,4471327.01,555.72,1085398.00,39098.76,3346830.25,STATISTIKPORTAL_INTEGRATED_2023_T1
2023,09,09773,municipality,097735713137,09773137,matched,Haunsheim,Mitgliedsgemeinde,1631,2128104.56,1304.79,1211853.00,583423.30,332828.26,STATISTIKPORTAL_INTEGRATED_2023_T1
2023,09,09773,municipality,097735713153,09773153,matched,Medlingen,Mitgliedsgemeinde,1017,212023.94,208.48,0.00,49741.22,162282.72,STATISTIKPORTAL_INTEGRATED_2023_T1
2023,09,09773,joint_administration,097735714,,not_applicable,VG Syrgenstein,Verwaltungsgemeinschaft,6992,0.00,0.00,0.00,0.00,0.00,STATISTIKPORTAL_INTEGRATED_2023_T1
2023,09,09773,municipality,097735714112,09773112,matched,Bachhagel,Mitgliedsgemeinde,2301,1718280.89,746.75,1673775.00,44505.89,0.00,STATISTIKPORTAL_INTEGRATED_2023_T1
2023,09,09773,municipality,097735714170,09773170,matched,Syrgenstein,Mitgliedsgemeinde,3918,178863.42,45.65,178219.00,644.42,0.00,STATISTIKPORTAL_INTEGRATED_2023_T1
2023,09,09773,municipality,097735714187,09773187,matched,Zöschingen,Mitgliedsgemeinde,773,1193657.50,1544.19,1193021.00,636.50,0.00,STATISTIKPORTAL_INTEGRATED_2023_T1
2023,09,09773,joint_administration,097735715,,not_applicable,VG Wittislingen,Verwaltungsgemeinschaft,5007,0.00,0.00,0.00,0.00,0.00,STATISTIKPORTAL_INTEGRATED_2023_T1
2023,09,09773,municipality,097735715147,09773147,matched,Mödingen,Mitgliedsgemeinde,1415,870032.91,614.86,450854.00,41903.64,377275.27,STATISTIKPORTAL_INTEGRATED_2023_T1
2023,09,09773,municipality,097735715183,09773183,matched,"Wittislingen, Markt",Mitgliedsgemeinde,2538,2958806.70,1165.80,2892011.00,41906.44,24889.26,STATISTIKPORTAL_INTEGRATED_2023_T1
2023,09,09773,municipality,097735715186,09773186,matched,Ziertheim,Mitgliedsgemeinde,1054,305334.80,289.69,161116.00,43153.28,101065.52,STATISTIKPORTAL_INTEGRATED_2023_T1
2023,09,09773,joint_administration,097735716,,not_applicable,VG Höchstädt a.d.Donau,Verwaltungsgemeinschaft,13106,0.00,0.00,0.00,0.00,0.00,STATISTIKPORTAL_INTEGRATED_2023_T1
2023,09,09773,municipality,097735716119,09773119,matched,Blindheim,Mitgliedsgemeinde,1837,1995852.42,1086.47,545624.00,1097840.72,352387.70,STATISTIKPORTAL_INTEGRATED_2023_T1
2023,09,09773,municipality,097735716139,09773139,matched,"Höchstädt/Donau, Stadt",Mitgliedsgemeinde,7003,12829295.57,1831.97,5152448.00,5525104.20,2151743.37,STATISTIKPORTAL_INTEGRATED_2023_T1
2023,09,09773,municipality,097735716146,09773146,matched,Lutzingen,Mitgliedsgemeinde,978,1784188.38,1824.32,333962.00,1097838.68,352387.70,STATISTIKPORTAL_INTEGRATED_2023_T1
2023,09,09773,municipality,097735716150,09773150,matched,Finningen,Mitgliedsgemeinde,1859,3709780.89,1995.58,1162351.00,2195042.19,352387.70,STATISTIKPORTAL_INTEGRATED_2023_T1
2023,09,09773,municipality,097735716164,09773164,matched,Schwenningen,Mitgliedsgemeinde,1429,2012721.52,1408.48,562494.00,1097839.82,352387.70,STATISTIKPORTAL_INTEGRATED_2023_T1
2023,09,09773,joint_administration,097735718,,not_applicable,VG Wertingen,Verwaltungsgemeinschaft,15129,0.00,0.00,0.00,0.00,0.00,STATISTIKPORTAL_INTEGRATED_2023_T1
2023,09,09773,municipality,097735718116,09773116,matched,Binswangen,Mitgliedsgemeinde,1401,1509747.01,1077.62,808715.00,104203.34,596828.67,STATISTIKPORTAL_INTEGRATED_2023_T1
2023,09,09773,municipality,097735718143,09773143,matched,Laugna,Mitgliedsgemeinde,1600,2297700.78,1436.06,1596310.00,104203.87,597186.91,STATISTIKPORTAL_INTEGRATED_2023_T1
2023,09,09773,municipality,097735718179,09773179,matched,Villenbach,Mitgliedsgemeinde,1313,2199269.35,1675.00,1354507.00,104203.15,740559.20,STATISTIKPORTAL_INTEGRATED_2023_T1
2023,09,09773,municipality,097735718182,09773182,matched,"Wertingen, Stadt",Mitgliedsgemeinde,9565,8993429.66,940.24,5243763.00,349891.39,3399775.27,STATISTIKPORTAL_INTEGRATED_2023_T1
2023,09,09773,municipality,097735718188,09773188,matched,Zusamaltheim,Mitgliedsgemeinde,1250,818869.87,655.10,117480.00,104202.96,597186.91,STATISTIKPORTAL_INTEGRATED_2023_T1
2023,09,09773,joint_administration,097735719,,not_applicable,VG Holzheim,Verwaltungsgemeinschaft,6188,0.00,0.00,0.00,0.00,0.00,STATISTIKPORTAL_INTEGRATED_2023_T1
2023,09,09773,municipality,097735719111,09773111,matched,"Aislingen, Markt",Mitgliedsgemeinde,1311,312688.67,238.51,164090.00,637.92,147960.75,STATISTIKPORTAL_INTEGRATED_2023_T1
2023,09,09773,municipality,097735719133,09773133,matched,Glött,Mitgliedsgemeinde,1132,118371.48,104.57,0.00,2.88,118368.60,STATISTIKPORTAL_INTEGRATED_2023_T1
2023,09,09773,municipality,097735719140,09773140,matched,Holzheim (Landkreis Dillingen),Mitgliedsgemeinde,3745,125776.57,33.59,0.00,644.05,125132.52,STATISTIKPORTAL_INTEGRATED_2023_T1
2023,09,09774,county_administration,09774,,not_applicable,Landkreis Günzburg,Landkreis (Haushalt bzw. Verwaltung),131017,69349831.90,529.32,16848000.00,13830335.28,38671496.62,STATISTIKPORTAL_INTEGRATED_2023_T1
2023,09,09774,municipality,097740116116,09774116,matched,Ursberg,Einheitsgemeinde,3414,2498306.15,731.78,2335689.00,150446.65,12170.50,STATISTIKPORTAL_INTEGRATED_2023_T1
2023,09,09774,municipality,097740119119,09774119,matched,Bibertal,Einheitsgemeinde,4972,2057361.51,413.79,1455800.00,547098.01,54463.50,STATISTIKPORTAL_INTEGRATED_2023_T1
2023,09,09774,municipality,097740121121,09774121,matched,"Burgau, Stadt",Einheitsgemeinde,10575,1303984.19,123.31,60259.00,1096669.09,147056.10,STATISTIKPORTAL_INTEGRATED_2023_T1
2023,09,09774,municipality,097740122122,09774122,matched,"Burtenbach, Markt",Einheitsgemeinde,3537,565002.28,159.74,0.00,364943.53,200058.75,STATISTIKPORTAL_INTEGRATED_2023_T1
2023,09,09774,municipality,097740135135,09774135,matched,"Günzburg, Große Kreisstadt",große Kreisstadt,21845,53146401.24,2432.89,9331618.00,3039837.72,40774945.52,STATISTIKPORTAL_INTEGRATED_2023_T1
2023,09,09774,municipality,097740144144,09774144,matched,"Jettingen-Scheppach, Markt",Einheitsgemeinde,7212,4085948.96,566.55,3174542.00,911406.96,0.00,STATISTIKPORTAL_INTEGRATED_2023_T1
2023,09,09774,municipality,097740145145,09774145,matched,Kammeltal,Einheitsgemeinde,3325,2846731.21,856.16,2457286.00,364308.96,25136.25,STATISTIKPORTAL_INTEGRATED_2023_T1
2023,09,09774,municipality,097740150150,09774150,matched,"Krumbach(Schwaben), Stadt",Einheitsgemeinde,13861,23524658.55,1697.18,6706929.00,73818.75,16743910.80,STATISTIKPORTAL_INTEGRATED_2023_T1
2023,09,09774,municipality,097740155155,09774155,matched,"Leipheim, Stadt",Einheitsgemeinde,7651,13901873.43,1817.00,7358939.00,3692418.42,2850516.01,STATISTIKPORTAL_INTEGRATED_2023_T1
2023,09,09774,municipality,097740162162,09774162,matched,"Neuburg a.d.Kammel, Markt",Einheitsgemeinde,3228,493210.96,152.79,464446.00,634.57,28130.39,STATISTIKPORTAL_INTEGRATED_2023_T1
2023,09,09774,joint_administration,097745727,,not_applicable,VG Offingen,Verwaltungsgemeinschaft,7528,0.00,0.00,0.00,0.00,0.00,STATISTIKPORTAL_INTEGRATED_2023_T1
2023,09,09774,municipality,097745727136,09774136,matched,Gundremmingen,Mitgliedsgemeinde,1366,2854869.36,2089.95,1931976.00,914514.61,8378.75,STATISTIKPORTAL_INTEGRATED_2023_T1
2023,09,09774,municipality,097745727171,09774171,matched,"Offingen, Markt",Mitgliedsgemeinde,4430,2121911.42,478.99,1444535.00,550205.66,127170.76,STATISTIKPORTAL_INTEGRATED_2023_T1
2023,09,09774,municipality,097745727174,09774174,matched,Rettenbach (Landkreis Günzburg),Mitgliedsgemeinde,1732,1033813.98,596.89,834902.00,182154.48,16757.50,STATISTIKPORTAL_INTEGRATED_2023_T1
2023,09,09774,joint_administration,097745728,,not_applicable,VG Haldenwang,Verwaltungsgemeinschaft,6481,0.00,0.00,0.00,0.00,0.00,STATISTIKPORTAL_INTEGRATED_2023_T1
2023,09,09774,municipality,097745728127,09774127,matched,Dürrlauingen,Mitgliedsgemeinde,1715,1234588.20,719.88,833320.00,185896.70,215371.50,STATISTIKPORTAL_INTEGRATED_2023_T1
2023,09,09774,municipality,097745728140,09774140,matched,Haldenwang (Landkreis Günzburg),Mitgliedsgemeinde,2102,2004744.53,953.73,1869853.00,0.00,134891.53,STATISTIKPORTAL_INTEGRATED_2023_T1
2023,09,09774,municipality,097745728151,09774151,matched,Landensberg,Mitgliedsgemeinde,686,0.00,0.00,0.00,0.00,0.00,STATISTIKPORTAL_INTEGRATED_2023_T1
2023,09,09774,municipality,097745728178,09774178,matched,Röfingen,Mitgliedsgemeinde,1214,810741.44,667.83,736109.00,3107.65,71524.79,STATISTIKPORTAL_INTEGRATED_2023_T1
2023,09,09774,municipality,097745728196,09774196,matched,Winterbach,Mitgliedsgemeinde,764,500911.75,655.64,437500.00,0.00,63411.75,STATISTIKPORTAL_INTEGRATED_2023_T1
2023,09,09774,joint_administration,097745729,,not_applicable,VG Kötz,Verwaltungsgemeinschaft,4940,0.00,0.00,0.00,0.00,0.00,STATISTIKPORTAL_INTEGRATED_2023_T1
2023,09,09774,municipality,097745729118,09774118,matched,Bubesheim,Mitgliedsgemeinde,1619,991867.69,612.64,192592.00,745639.10,53636.59,STATISTIKPORTAL_INTEGRATED_2023_T1
2023,09,09774,municipality,097745729148,09774148,matched,Kötz,Mitgliedsgemeinde,3321,1954235.64,588.45,147829.00,625015.48,1181391.16,STATISTIKPORTAL_INTEGRATED_2023_T1
2023,09,09774,joint_administration,097745730,,not_applicable,VG Ichenhausen,Verwaltungsgemeinschaft,11833,0.00,0.00,0.00,0.00,0.00,STATISTIKPORTAL_INTEGRATED_2023_T1
2023,09,09774,municipality,097745730133,09774133,matched,Ellzee,Mitgliedsgemeinde,1223,744551.79,608.79,386960.00,0.00,357591.79,STATISTIKPORTAL_INTEGRATED_2023_T1
2023,09,09774,municipality,097745730143,09774143,matched,"Ichenhausen, Stadt",Mitgliedsgemeinde,9343,1231164.94,131.77,60114.00,3742.22,1167308.72,STATISTIKPORTAL_INTEGRATED_2023_T1
2023,09,09774,municipality,097745730191,09774191,matched,"Waldstetten, Markt",Mitgliedsgemeinde,1267,588931.86,464.82,0.00,634.57,588297.29,STATISTIKPORTAL_INTEGRATED_2023_T1
2023,09,09774,joint_administration,097745731,,not_applicable,VG Krumbach (Schwaben),Verwaltungsgemeinschaft,6377,0.00,0.00,0.00,0.00,0.00,STATISTIKPORTAL_INTEGRATED_2023_T1
2023,09,09774,municipality,097745731111,09774111,matched,Aletshausen,Mitgliedsgemeinde,1226,4578.56,3.73,0.00,4578.56,0.00,STATISTIKPORTAL_INTEGRATED_2023_T1
2023,09,09774,municipality,097745731117,09774117,matched,Breitenthal,Mitgliedsgemeinde,1236,137022.33,110.86,0.00,47607.62,89414.71,STATISTIKPORTAL_INTEGRATED_2023_T1
2023,09,09774,municipality,097745731124,09774124,matched,Deisenhausen,Mitgliedsgemeinde,1486,215223.90,144.83,59220.00,48674.82,107329.08,STATISTIKPORTAL_INTEGRATED_2023_T1
2023,09,09774,municipality,097745731129,09774129,matched,Ebershausen,Mitgliedsgemeinde,646,22329.79,34.57,0.00,3943.99,18385.80,STATISTIKPORTAL_INTEGRATED_2023_T1
2023,09,09774,municipality,097745731189,09774189,matched,Wiesenbach,Mitgliedsgemeinde,1024,2846944.27,2780.22,2300000.00,27064.01,519880.26,STATISTIKPORTAL_INTEGRATED_2023_T1
2023,09,09774,municipality,097745731192,09774192,matched,Waltenhausen,Mitgliedsgemeinde,759,400831.33,528.10,400000.00,831.33,0.00,STATISTIKPORTAL_INTEGRATED_2023_T1
2023,09,09774,joint_administration,097745732,,not_applicable,VG Thannhausen,Verwaltungsgemeinschaft,9788,0.00,0.00,0.00,0.00,0.00,STATISTIKPORTAL_INTEGRATED_2023_T1
2023,09,09774,municipality,097745732115,09774115,matched,Balzhausen,Mitgliedsgemeinde,1232,727693.92,590.66,565825.00,154450.71,7418.21,STATISTIKPORTAL_INTEGRATED_2023_T1
2023,09,09774,municipality,097745732160,09774160,matched,"Münsterhausen, Markt",Mitgliedsgemeinde,2054,259425.91,126.30,0.00,259425.91,0.00,STATISTIKPORTAL_INTEGRATED_2023_T1
2023,09,09774,municipality,097745732185,09774185,matched,"Thannhausen, Stadt",Mitgliedsgemeinde,6502,8026621.84,1234.49,0.00,971241.83,7055380.01,STATISTIKPORTAL_INTEGRATED_2023_T1
2023,09,09774,joint_administration,097745733,,not_applicable,VG Ziemetshausen,Verwaltungsgemeinschaft,4450,0.00,0.00,0.00,0.00,0.00,STATISTIKPORTAL_INTEGRATED_2023_T1
2023,09,09774,municipality,097745733166,09774166,matched,Aichen,Mitgliedsgemeinde,1204,130997.53,108.80,0.00,130997.53,0.00,STATISTIKPORTAL_INTEGRATED_2023_T1
2023,09,09774,municipality,097745733198,09774198,matched,"Ziemetshausen, Markt",Mitgliedsgemeinde,3246,1001869.02,308.65,0.00,292696.76,709172.26,STATISTIKPORTAL_INTEGRATED_2023_T1
2023,09,09775,county_administration,09775,,not_applicable,Landkreis Neu-Ulm,Landkreis (Haushalt bzw. Verwaltung),181496,57958336.11,319.34,22592979.00,275950.98,35089406.13,STATISTIKPORTAL_INTEGRATED_2023_T1
2023,09,09775,municipality,097750115115,09775115,matched,Bellenberg,Einheitsgemeinde,4642,1637096.69,352.67,1637095.00,0.00,1.69,STATISTIKPORTAL_INTEGRATED_2023_T1
2023,09,09775,municipality,097750129129,09775129,matched,"Illertissen, Stadt",Einheitsgemeinde,18457,7767052.82,420.82,3905850.00,104426.20,3756776.62,STATISTIKPORTAL_INTEGRATED_2023_T1
2023,09,09775,municipality,097750134134,09775134,matched,Nersingen,Einheitsgemeinde,9773,1188290.29,121.59,751674.00,634.57,435981.72,STATISTIKPORTAL_INTEGRATED_2023_T1
2023,09,09775,municipality,097750135135,09775135,matched,"Neu-Ulm, Große Kreisstadt",große Kreisstadt,61262,159195512.59,2598.60,23544254.00,5250012.54,130401246.05,STATISTIKPORTAL_INTEGRATED_2023_T1
2023,09,09775,municipality,097750139139,09775139,matched,Elchingen,Einheitsgemeinde,9872,9212573.79,933.20,8557578.00,0.00,654995.79,STATISTIKPORTAL_INTEGRATED_2023_T1
2023,09,09775,municipality,097750149149,09775149,matched,Roggenburg,Einheitsgemeinde,2807,2133246.74,759.97,2090882.00,10266.02,32098.72,STATISTIKPORTAL_INTEGRATED_2023_T1
2023,09,09775,municipality,097750152152,09775152,matched,"Senden, Stadt",Einheitsgemeinde,23054,61302198.50,2659.07,19280990.00,0.00,42021208.50,STATISTIKPORTAL_INTEGRATED_2023_T1
2023,09,09775,municipality,097750162162,09775162,matched,"Vöhringen, Stadt",Einheitsgemeinde,14028,9382655.41,668.85,6414737.00,55190.20,2912728.21,STATISTIKPORTAL_INTEGRATED_2023_T1
2023,09,09775,municipality,097750164164,09775164,matched,"Weißenhorn, Stadt",Einheitsgemeinde,14075,12956357.23,920.52,292208.00,60193.98,12603955.25,STATISTIKPORTAL_INTEGRATED_2023_T1
2023,09,09775,joint_administration,097755739,,not_applicable,VG Pfaffenhofen a.d.Roth,Verwaltungsgemeinschaft,9371,0.00,0.00,0.00,0.00,0.00,STATISTIKPORTAL_INTEGRATED_2023_T1
2023,09,09775,municipality,097755739126,09775126,matched,Holzheim (Landkreis Neu-Ulm),Mitgliedsgemeinde,1989,35687.00,17.94,35687.00,0.00,0.00,STATISTIKPORTAL_INTEGRATED_2023_T1
2023,09,09775,municipality,097755739143,09775143,matched,"Pfaffenhofen/Roth, Markt",Mitgliedsgemeinde,7382,3403564.78,461.06,1585677.00,0.00,1817887.78,STATISTIKPORTAL_INTEGRATED_2023_T1
2023,09,09775,joint_administration,097755740,,not_applicable,VG Altenstadt,Verwaltungsgemeinschaft,7777,0.00,0.00,0.00,0.00,0.00,STATISTIKPORTAL_INTEGRATED_2023_T1
2023,09,09775,municipality,097755740111,09775111,matched,"Altenstadt, Markt",Mitgliedsgemeinde,5323,1800957.56,338.34,1745688.00,0.00,55269.56,STATISTIKPORTAL_INTEGRATED_2023_T1
2023,09,09775,municipality,097755740132,09775132,matched,"Kellmünz a.d.Iller, Markt",Mitgliedsgemeinde,1527,120620.31,78.99,108118.00,0.00,12502.31,STATISTIKPORTAL_INTEGRATED_2023_T1
2023,09,09775,municipality,097755740142,09775142,matched,Osterberg,Mitgliedsgemeinde,927,1611730.00,1738.65,1611730.00,0.00,0.00,STATISTIKPORTAL_INTEGRATED_2023_T1
2023,09,09775,joint_administration,097755741,,not_applicable,VG Buch,Verwaltungsgemeinschaft,6378,0.00,0.00,0.00,0.00,0.00,STATISTIKPORTAL_INTEGRATED_2023_T1
2023,09,09775,municipality,097755741118,09775118,matched,"Buch, Markt",Mitgliedsgemeinde,4261,1658346.00,389.19,1658346.00,0.00,0.00,STATISTIKPORTAL_INTEGRATED_2023_T1
2023,09,09775,municipality,097755741141,09775141,matched,Oberroth,Mitgliedsgemeinde,992,0.00,0.00,0.00,0.00,0.00,STATISTIKPORTAL_INTEGRATED_2023_T1
2023,09,09775,municipality,097755741161,09775161,matched,Unterroth,Mitgliedsgemeinde,1125,1254169.00,1114.82,1254169.00,0.00,0.00,STATISTIKPORTAL_INTEGRATED_2023_T1
2023,09,09776,county_administration,09776,,not_applicable,Landkreis Lindau (Bodensee),Landkreis (Haushalt bzw. Verwaltung),83674,46783344.82,559.11,9917769.00,230211.99,36635363.83,STATISTIKPORTAL_INTEGRATED_2023_T1
2023,09,09776,municipality,097760111111,09776111,matched,Bodolz,Einheitsgemeinde,3061,1517643.52,495.80,225549.00,44.86,1292049.66,STATISTIKPORTAL_INTEGRATED_2023_T1
2023,09,09776,municipality,097760114114,09776114,matched,"Heimenkirch, Markt",Einheitsgemeinde,3544,4819839.54,1360.00,3501640.00,215263.34,1102936.20,STATISTIKPORTAL_INTEGRATED_2023_T1
2023,09,09776,municipality,097760116116,09776116,matched,"Lindau(Bodensee), Große Kreisstadt",große Kreisstadt,26052,228857055.59,8784.63,63786395.00,46762682.80,118307977.79,STATISTIKPORTAL_INTEGRATED_2023_T1
2023,09,09776,municipality,097760117117,09776117,matched,"Lindenberg/Allgäu, Stadt",Einheitsgemeinde,11815,21299156.63,1802.72,6828296.00,339176.78,14131683.85,STATISTIKPORTAL_INTEGRATED_2023_T1
2023,09,09776,municipality,097760120120,09776120,matched,Nonnenhorn,Einheitsgemeinde,1844,4113503.66,2230.75,2821454.00,0.00,1292049.66,STATISTIKPORTAL_INTEGRATED_2023_T1
2023,09,09776,municipality,097760122122,09776122,matched,Opfenbach,Einheitsgemeinde,2395,1236524.83,516.29,344092.00,157142.03,735290.80,STATISTIKPORTAL_INTEGRATED_2023_T1
2023,09,09776,municipality,097760125125,09776125,matched,"Scheidegg, Markt",Einheitsgemeinde,4414,2240191.75,507.52,1120857.00,435469.59,683865.16,STATISTIKPORTAL_INTEGRATED_2023_T1
2023,09,09776,municipality,097760128128,09776128,matched,Wasserburg (Bodensee),Einheitsgemeinde,3938,1333807.55,338.70,37833.00,44.86,1295929.69,STATISTIKPORTAL_INTEGRATED_2023_T1
2023,09,09776,municipality,097760129129,09776129,matched,"Weiler-Simmerberg, Markt",Einheitsgemeinde,6570,8740406.74,1330.35,6782997.00,522729.45,1434680.29,STATISTIKPORTAL_INTEGRATED_2023_T1
2023,09,09776,municipality,097760131131,09776131,matched,Hergatz,Einheitsgemeinde,2464,2729281.89,1107.66,526497.00,260604.95,1942179.94,STATISTIKPORTAL_INTEGRATED_2023_T1
2023,09,09776,joint_administration,097765735,,not_applicable,VG Sigmarszell,Verwaltungsgemeinschaft,7613,0.00,0.00,0.00,0.00,0.00,STATISTIKPORTAL_INTEGRATED_2023_T1
2023,09,09776,municipality,097765735115,09776115,matched,Hergensweiler,Mitgliedsgemeinde,1938,2217060.97,1143.99,108025.00,44.86,2108991.11,STATISTIKPORTAL_INTEGRATED_2023_T1
2023,09,09776,municipality,097765735126,09776126,matched,Sigmarszell,Mitgliedsgemeinde,2964,3597771.84,1213.82,489161.00,153640.25,2954970.59,STATISTIKPORTAL_INTEGRATED_2023_T1
2023,09,09776,municipality,097765735130,09776130,matched,Weißensberg,Mitgliedsgemeinde,2711,3207431.54,1183.12,0.00,23372.86,3184058.68,STATISTIKPORTAL_INTEGRATED_2023_T1
2023,09,09776,joint_administration,097765737,,not_applicable,VG Argental,Verwaltungsgemeinschaft,6397,0.00,0.00,0.00,0.00,0.00,STATISTIKPORTAL_INTEGRATED_2023_T1
2023,09,09776,municipality,097765737112,09776112,matched,Gestratz,Mitgliedsgemeinde,1284,1500.00,1.17,0.00,1500.00,0.00,STATISTIKPORTAL_INTEGRATED_2023_T1
2023,09,09776,municipality,097765737113,09776113,matched,Grünenbach,Mitgliedsgemeinde,1577,1370590.38,869.11,1359427.00,11163.38,0.00,STATISTIKPORTAL_INTEGRATED_2023_T1
2023,09,09776,municipality,097765737118,09776118,matched,Maierhöfen,Mitgliedsgemeinde,1544,27664.87,17.92,25434.00,2230.87,0.00,STATISTIKPORTAL_INTEGRATED_2023_T1
2023,09,09776,municipality,097765737124,09776124,matched,Röthenbach (Allgäu),Mitgliedsgemeinde,1992,711104.00,356.98,711104.00,0.00,0.00,STATISTIKPORTAL_INTEGRATED_2023_T1
2023,09,09776,joint_administration,097765738,,not_applicable,VG Stiefenhofen,Verwaltungsgemeinschaft,3567,0.00,0.00,0.00,0.00,0.00,STATISTIKPORTAL_INTEGRATED_2023_T1
2023,09,09776,municipality,097765738121,09776121,matched,Oberreute,Mitgliedsgemeinde,1673,1227923.15,733.96,486842.00,262854.95,478226.20,STATISTIKPORTAL_INTEGRATED_2023_T1
2023,09,09776,municipality,097765738127,09776127,matched,Stiefenhofen,Mitgliedsgemeinde,1894,1125916.50,594.46,1102878.00,23038.50,0.00,STATISTIKPORTAL_INTEGRATED_2023_T1
2023,09,09777,county_administration,09777,,not_applicable,Landkreis Ostallgäu,Landkreis (Haushalt bzw. Verwaltung),145838,55079778.78,377.68,4294096.00,241962.49,50543720.29,STATISTIKPORTAL_INTEGRATED_2023_T1
2023,09,09777,municipality,097770129129,09777129,matched,"Füssen, Stadt",Einheitsgemeinde,16102,56135202.37,3486.23,40538099.00,114777.31,15482326.06,STATISTIKPORTAL_INTEGRATED_2023_T1
2023,09,09777,municipality,097770130130,09777130,matched,Germaringen,Einheitsgemeinde,4054,1043991.57,257.52,0.00,901425.57,142566.00,STATISTIKPORTAL_INTEGRATED_2023_T1
2023,09,09777,municipality,097770147147,09777147,matched,Lechbruck am See,Einheitsgemeinde,2842,2872000.00,1010.56,2872000.00,0.00,0.00,STATISTIKPORTAL_INTEGRATED_2023_T1
2023,09,09777,municipality,097770151151,09777151,matched,"Marktoberdorf, Stadt",Einheitsgemeinde,18865,40284369.98,2135.40,17722685.00,269181.43,22292503.55,STATISTIKPORTAL_INTEGRATED_2023_T1
2023,09,09777,municipality,097770152152,09777152,matched,Mauerstetten,Einheitsgemeinde,3257,1063995.44,326.68,0.00,967389.44,96606.00,STATISTIKPORTAL_INTEGRATED_2023_T1
2023,09,09777,municipality,097770153153,09777153,matched,"Nesselwang, Markt",Einheitsgemeinde,3865,3070186.00,794.36,3070186.00,0.00,0.00,STATISTIKPORTAL_INTEGRATED_2023_T1
2023,09,09777,municipality,097770159159,09777159,matched,Pfronten,Einheitsgemeinde,8432,12089833.00,1433.80,12089833.00,0.00,0.00,STATISTIKPORTAL_INTEGRATED_2023_T1
2023,09,09777,municipality,097770165165,09777165,matched,"Ronsberg, Markt",Einheitsgemeinde,1716,5370256.56,3129.52,4608128.00,762128.56,0.00,STATISTIKPORTAL_INTEGRATED_2023_T1
2023,09,09777,municipality,097770169169,09777169,matched,Schwangau,Einheitsgemeinde,3488,1303088.37,373.59,1093439.00,943.85,208705.52,STATISTIKPORTAL_INTEGRATED_2023_T1
2023,09,09777,municipality,097770173173,09777173,matched,Halblech,Einheitsgemeinde,3593,81920.00,22.80,81030.00,890.00,0.00,STATISTIKPORTAL_INTEGRATED_2023_T1
2023,09,09777,joint_administration,097775748,,not_applicable,VG Buchloe,Verwaltungsgemeinschaft,21217,0.00,0.00,0.00,0.00,0.00,STATISTIKPORTAL_INTEGRATED_2023_T1
2023,09,09777,municipality,097775748121,09777121,matched,"Buchloe, Stadt",Mitgliedsgemeinde,13997,13401272.04,957.44,7997602.00,4898803.55,504866.49,STATISTIKPORTAL_INTEGRATED_2023_T1
2023,09,09777,municipality,097775748140,09777140,matched,Jengen,Mitgliedsgemeinde,2618,2207958.53,843.38,259373.00,1857127.53,91458.00,STATISTIKPORTAL_INTEGRATED_2023_T1
2023,09,09777,municipality,097775748145,09777145,matched,Lamerdingen,Mitgliedsgemeinde,2212,2479490.74,1120.93,1035140.00,1444350.74,0.00,STATISTIKPORTAL_INTEGRATED_2023_T1
2023,09,09777,municipality,097775748177,09777177,matched,"Waal, Markt",Mitgliedsgemeinde,2390,5444483.65,2278.03,3283242.00,1031681.25,1129560.40,STATISTIKPORTAL_INTEGRATED_2023_T1
2023,09,09777,joint_administration,097775749,,not_applicable,VG Pforzen,Verwaltungsgemeinschaft,5332,0.00,0.00,0.00,0.00,0.00,STATISTIKPORTAL_INTEGRATED_2023_T1
2023,09,09777,municipality,097775749139,09777139,matched,"Irsee, Markt",Mitgliedsgemeinde,1556,694266.99,446.19,342500.00,351766.99,0.00,STATISTIKPORTAL_INTEGRATED_2023_T1
2023,09,09777,municipality,097775749158,09777158,matched,Pforzen,Mitgliedsgemeinde,2408,3118044.71,1294.87,2282583.00,835461.71,0.00,STATISTIKPORTAL_INTEGRATED_2023_T1
2023,09,09777,municipality,097775749164,09777164,matched,Rieden,Mitgliedsgemeinde,1368,523202.83,382.46,17500.00,505702.83,0.00,STATISTIKPORTAL_INTEGRATED_2023_T1
2023,09,09777,joint_administration,097775751,,not_applicable,VG Westendorf,Verwaltungsgemeinschaft,7953,0.00,0.00,0.00,0.00,0.00,STATISTIKPORTAL_INTEGRATED_2023_T1
2023,09,09777,municipality,097775751141,09777141,matched,"Kaltental, Markt",Mitgliedsgemeinde,1786,3546862.19,1985.93,2500000.00,984336.19,62526.00,STATISTIKPORTAL_INTEGRATED_2023_T1
2023,09,09777,municipality,097775751155,09777155,matched,Oberostendorf,Mitgliedsgemeinde,1541,5699669.08,3698.68,139729.00,962328.08,4597612.00,STATISTIKPORTAL_INTEGRATED_2023_T1
2023,09,09777,municipality,097775751157,09777157,matched,Osterzell,Mitgliedsgemeinde,741,1391498.85,1877.87,710000.00,654516.85,26982.00,STATISTIKPORTAL_INTEGRATED_2023_T1
2023,09,09777,municipality,097775751172,09777172,matched,Stöttwang,Mitgliedsgemeinde,1961,2745919.34,1400.26,1858021.00,830400.34,57498.00,STATISTIKPORTAL_INTEGRATED_2023_T1
2023,09,09777,municipality,097775751182,09777182,matched,Westendorf (Landkreis Ostallgäu),Mitgliedsgemeinde,1924,1167395.46,606.75,0.00,1116203.46,51192.00,STATISTIKPORTAL_INTEGRATED_2023_T1
2023,09,09777,joint_administration,097775752,,not_applicable,VG Biessenhofen,Verwaltungsgemeinschaft,9998,0.00,0.00,0.00,0.00,0.00,STATISTIKPORTAL_INTEGRATED_2023_T1
2023,09,09777,municipality,097775752111,09777111,matched,Aitrang,Mitgliedsgemeinde,2101,1072469.13,510.46,1005265.00,0.00,67204.13,STATISTIKPORTAL_INTEGRATED_2023_T1
2023,09,09777,municipality,097775752112,09777112,matched,Biessenhofen,Mitgliedsgemeinde,4296,272768.40,63.49,240000.00,0.00,32768.40,STATISTIKPORTAL_INTEGRATED_2023_T1
2023,09,09777,municipality,097775752118,09777118,matched,Bidingen,Mitgliedsgemeinde,1850,2154857.49,1164.79,1742188.00,412669.49,0.00,STATISTIKPORTAL_INTEGRATED_2023_T1
2023,09,09777,municipality,097775752167,09777167,matched,Ruderatshofen,Mitgliedsgemeinde,1751,361063.88,206.20,269393.00,0.00,91670.88,STATISTIKPORTAL_INTEGRATED_2023_T1
2023,09,09777,joint_administration,097775753,,not_applicable,VG Eggenthal,Verwaltungsgemeinschaft,4420,0.00,0.00,0.00,0.00,0.00,STATISTIKPORTAL_INTEGRATED_2023_T1
2023,09,09777,municipality,097775753114,09777114,matched,Baisweil,Mitgliedsgemeinde,1372,18825.00,13.72,18825.00,0.00,0.00,STATISTIKPORTAL_INTEGRATED_2023_T1
2023,09,09777,municipality,097775753124,09777124,matched,Eggenthal,Mitgliedsgemeinde,1460,531277.70,363.89,318925.00,212352.70,0.00,STATISTIKPORTAL_INTEGRATED_2023_T1
2023,09,09777,municipality,097775753128,09777128,matched,Friesenried,Mitgliedsgemeinde,1588,1450300.00,913.29,1450300.00,0.00,0.00,STATISTIKPORTAL_INTEGRATED_2023_T1
2023,09,09777,joint_administration,097775754,,not_applicable,VG Obergünzburg,Verwaltungsgemeinschaft,9597,0.00,0.00,0.00,0.00,0.00,STATISTIKPORTAL_INTEGRATED_2023_T1
2023,09,09777,municipality,097775754138,09777138,matched,Günzach,Mitgliedsgemeinde,1414,3319637.11,2347.69,1795380.00,1524257.11,0.00,STATISTIKPORTAL_INTEGRATED_2023_T1
2023,09,09777,municipality,097775754154,09777154,matched,"Obergünzburg, Markt",Mitgliedsgemeinde,6538,25174914.21,3850.55,8995630.00,3049200.21,13130084.00,STATISTIKPORTAL_INTEGRATED_2023_T1
2023,09,09777,municipality,097775754176,09777176,matched,Untrasried,Mitgliedsgemeinde,1645,8336682.11,5067.89,6812425.00,1524257.11,0.00,STATISTIKPORTAL_INTEGRATED_2023_T1
2023,09,09777,joint_administration,097775755,,not_applicable,VG Unterthingau,Verwaltungsgemeinschaft,5219,0.00,0.00,0.00,0.00,0.00,STATISTIKPORTAL_INTEGRATED_2023_T1
2023,09,09777,municipality,097775755131,09777131,matched,Görisried,Mitgliedsgemeinde,1388,3415652.64,2460.84,777142.00,617066.64,2021444.00,STATISTIKPORTAL_INTEGRATED_2023_T1
2023,09,09777,municipality,097775755144,09777144,matched,Kraftisried,Mitgliedsgemeinde,929,4349802.20,4682.24,3835580.00,514222.20,0.00,STATISTIKPORTAL_INTEGRATED_2023_T1
2023,09,09777,municipality,097775755175,09777175,matched,"Unterthingau, Markt",Mitgliedsgemeinde,2902,5078685.16,1750.06,3638863.00,1439822.16,0.00,STATISTIKPORTAL_INTEGRATED_2023_T1
2023,09,09777,joint_administration,097775756,,not_applicable,VG Seeg,Verwaltungsgemeinschaft,9331,0.00,0.00,0.00,0.00,0.00,STATISTIKPORTAL_INTEGRATED_2023_T1
2023,09,09777,municipality,097775756125,09777125,matched,Eisenberg,Mitgliedsgemeinde,1268,1070223.83,844.03,1048916.00,0.00,21307.83,STATISTIKPORTAL_INTEGRATED_2023_T1
2023,09,09777,municipality,097775756135,09777135,matched,Hopferau,Mitgliedsgemeinde,1279,70410.44,55.05,42000.00,0.00,28410.44,STATISTIKPORTAL_INTEGRATED_2023_T1
2023,09,09777,municipality,097775756149,09777149,matched,Lengenwang,Mitgliedsgemeinde,1529,8733.30,5.71,0.00,8733.30,0.00,STATISTIKPORTAL_INTEGRATED_2023_T1
2023,09,09777,municipality,097775756168,09777168,matched,Rückholz,Mitgliedsgemeinde,993,811578.00,817.30,811578.00,0.00,0.00,STATISTIKPORTAL_INTEGRATED_2023_T1
2023,09,09777,municipality,097775756170,09777170,matched,Seeg,Mitgliedsgemeinde,3093,5763425.00,1863.38,5763425.00,0.00,0.00,STATISTIKPORTAL_INTEGRATED_2023_T1
2023,09,09777,municipality,097775756179,09777179,matched,Wald (Landkreis Ostallgäu),Mitgliedsgemeinde,1169,2552284.30,2183.31,2500215.00,52069.30,0.00,STATISTIKPORTAL_INTEGRATED_2023_T1
2023,09,09777,joint_administration,097775770,,not_applicable,VG Roßhaupten,Verwaltungsgemeinschaft,3651,0.00,0.00,0.00,0.00,0.00,STATISTIKPORTAL_INTEGRATED_2023_T1
2023,09,09777,municipality,097775770163,09777163,matched,Rieden am Forggensee,Mitgliedsgemeinde,1402,200400.00,142.94,200400.00,0.00,0.00,STATISTIKPORTAL_INTEGRATED_2023_T1
2023,09,09777,municipality,097775770166,09777166,matched,Roßhaupten,Mitgliedsgemeinde,2249,1220999.00,542.91,1220999.00,0.00,0.00,STATISTIKPORTAL_INTEGRATED_2023_T1
2023,09,09777,joint_administration,097775772,,not_applicable,VG Stötten a.Auerberg,Verwaltungsgemeinschaft,2906,0.00,0.00,0.00,0.00,0.00,STATISTIKPORTAL_INTEGRATED_2023_T1
2023,09,09777,municipality,097775772171,09777171,matched,Stötten a.Auerberg,Mitgliedsgemeinde,1997,1772165.30,887.41,1763782.00,8383.30,0.00,STATISTIKPORTAL_INTEGRATED_2023_T1
2023,09,09777,municipality,097775772183,09777183,matched,Rettenbach a.Auerberg,Mitgliedsgemeinde,909,3849.98,4.24,0.00,3849.98,0.00,STATISTIKPORTAL_INTEGRATED_2023_T1
2023,09,09778,county_administration,09778,,not_applicable,Landkreis Unterallgäu,Landkreis (Haushalt bzw. Verwaltung),151058,53548655.26,354.49,4178072.00,6700999.71,42669583.55,STATISTIKPORTAL_INTEGRATED_2023_T1
2023,09,09778,municipality,097780116116,09778116,matched,"Bad Wörishofen, Stadt",Einheitsgemeinde,17474,30714198.68,1757.71,22612092.00,0.00,8102106.68,STATISTIKPORTAL_INTEGRATED_2023_T1
2023,09,09778,municipality,097780123123,09778123,matched,Buxheim (Landkreis Unterallgäu),Einheitsgemeinde,3249,7344178.00,2260.44,7344178.00,0.00,0.00,STATISTIKPORTAL_INTEGRATED_2023_T1
2023,09,09778,municipality,097780137137,09778137,matched,Ettringen,Einheitsgemeinde,3555,140000.00,39.38,0.00,0.00,140000.00,STATISTIKPORTAL_INTEGRATED_2023_T1
2023,09,09778,municipality,097780168168,09778168,matched,"Markt Rettenbach, Markt",Einheitsgemeinde,3982,3379108.00,848.60,3379108.00,0.00,0.00,STATISTIKPORTAL_INTEGRATED_2023_T1
2023,09,09778,municipality,097780169169,09778169,matched,"Markt Wald, Markt",Einheitsgemeinde,2245,2083527.00,928.07,2083527.00,0.00,0.00,STATISTIKPORTAL_INTEGRATED_2023_T1
2023,09,09778,municipality,097780173173,09778173,matched,"Mindelheim, Stadt",Einheitsgemeinde,15822,14301098.82,903.87,4774030.00,1696010.11,7831058.71,STATISTIKPORTAL_INTEGRATED_2023_T1
2023,09,09778,municipality,097780196196,09778196,matched,Sontheim,Einheitsgemeinde,2775,2967461.00,1069.36,2964795.00,2666.00,0.00,STATISTIKPORTAL_INTEGRATED_2023_T1
2023,09,09778,municipality,097780204204,09778204,matched,"Tussenhausen, Markt",Einheitsgemeinde,3083,2087725.80,677.17,2083500.00,4225.80,0.00,STATISTIKPORTAL_INTEGRATED_2023_T1
2023,09,09778,joint_administration,097785757,,not_applicable,VG Ottobeuren,Verwaltungsgemeinschaft,10887,0.00,0.00,0.00,0.00,0.00,STATISTIKPORTAL_INTEGRATED_2023_T1
2023,09,09778,municipality,097785757119,09778119,matched,Böhen,Mitgliedsgemeinde,796,571382.86,717.82,167361.00,404021.86,0.00,STATISTIKPORTAL_INTEGRATED_2023_T1
2023,09,09778,municipality,097785757149,09778149,matched,Hawangen,Mitgliedsgemeinde,1301,5533245.20,4253.07,2296665.00,3236580.20,0.00,STATISTIKPORTAL_INTEGRATED_2023_T1
2023,09,09778,municipality,097785757186,09778186,matched,"Ottobeuren, Markt",Mitgliedsgemeinde,8790,10115016.34,1150.74,4947624.00,5167392.34,0.00,STATISTIKPORTAL_INTEGRATED_2023_T1
2023,09,09778,joint_administration,097785758,,not_applicable,VG Babenhausen,Verwaltungsgemeinschaft,12332,0.00,0.00,0.00,0.00,0.00,STATISTIKPORTAL_INTEGRATED_2023_T1
2023,09,09778,municipality,097785758115,09778115,matched,"Babenhausen, Markt",Mitgliedsgemeinde,5871,6267985.29,1067.62,5645079.00,622906.29,0.00,STATISTIKPORTAL_INTEGRATED_2023_T1
2023,09,09778,municipality,097785758130,09778130,matched,Egg a.d.Günz,Mitgliedsgemeinde,1252,81254.90,64.90,0.00,81254.90,0.00,STATISTIKPORTAL_INTEGRATED_2023_T1
2023,09,09778,municipality,097785758157,09778157,matched,Kirchhaslach,Mitgliedsgemeinde,1347,81254.90,60.32,0.00,81254.90,0.00,STATISTIKPORTAL_INTEGRATED_2023_T1
2023,09,09778,municipality,097785758184,09778184,matched,Oberschönegg,Mitgliedsgemeinde,1021,84362.55,82.63,0.00,84362.55,0.00,STATISTIKPORTAL_INTEGRATED_2023_T1
2023,09,09778,municipality,097785758217,09778217,matched,Winterrieden,Mitgliedsgemeinde,971,1191362.90,1226.94,1110108.00,81254.90,0.00,STATISTIKPORTAL_INTEGRATED_2023_T1
2023,09,09778,municipality,097785758221,09778221,matched,Kettershausen,Mitgliedsgemeinde,1870,881254.90,471.26,800000.00,81254.90,0.00,STATISTIKPORTAL_INTEGRATED_2023_T1
2023,09,09778,joint_administration,097785759,,not_applicable,VG Pfaffenhausen,Verwaltungsgemeinschaft,7873,0.00,0.00,0.00,0.00,0.00,STATISTIKPORTAL_INTEGRATED_2023_T1
2023,09,09778,municipality,097785759121,09778121,matched,Breitenbrunn,Mitgliedsgemeinde,2395,4415375.66,1843.58,2532269.00,649728.90,1233377.76,STATISTIKPORTAL_INTEGRATED_2023_T1
2023,09,09778,municipality,097785759183,09778183,matched,Oberrieden,Mitgliedsgemeinde,1249,2902996.70,2324.26,2441568.00,461428.70,0.00,STATISTIKPORTAL_INTEGRATED_2023_T1
2023,09,09778,municipality,097785759187,09778187,matched,"Pfaffenhausen, Markt",Mitgliedsgemeinde,2727,2964583.15,1087.12,1302224.00,1493433.12,168926.03,STATISTIKPORTAL_INTEGRATED_2023_T1
2023,09,09778,municipality,097785759190,09778190,matched,Salgen,Mitgliedsgemeinde,1502,1150857.27,766.22,0.00,1150857.27,0.00,STATISTIKPORTAL_INTEGRATED_2023_T1
2023,09,09778,joint_administration,097785760,,not_applicable,VG Kirchheim i.Schwaben,Verwaltungsgemeinschaft,4760,0.00,0.00,0.00,0.00,0.00,STATISTIKPORTAL_INTEGRATED_2023_T1
2023,09,09778,municipality,097785760134,09778134,matched,Eppishausen,Mitgliedsgemeinde,1996,140000.00,70.14,0.00,0.00,140000.00,STATISTIKPORTAL_INTEGRATED_2023_T1
2023,09,09778,municipality,097785760158,09778158,matched,"Kirchheim i.Schw., Markt",Mitgliedsgemeinde,2764,1860000.00,672.94,1860000.00,0.00,0.00,STATISTIKPORTAL_INTEGRATED_2023_T1
2023,09,09778,joint_administration,097785761,,not_applicable,VG Boos,Verwaltungsgemeinschaft,7840,0.00,0.00,0.00,0.00,0.00,STATISTIKPORTAL_INTEGRATED_2023_T1
2023,09,09778,municipality,097785761120,09778120,matched,Boos,Mitgliedsgemeinde,2237,1525000.90,681.72,1443746.00,81254.90,0.00,STATISTIKPORTAL_INTEGRATED_2023_T1
2023,09,09778,municipality,097785761139,09778139,matched,Fellheim,Mitgliedsgemeinde,1159,626753.00,540.77,626753.00,0.00,0.00,STATISTIKPORTAL_INTEGRATED_2023_T1
2023,09,09778,municipality,097785761150,09778150,matched,Heimertingen,Mitgliedsgemeinde,1927,361106.00,187.39,361106.00,0.00,0.00,STATISTIKPORTAL_INTEGRATED_2023_T1
2023,09,09778,municipality,097785761177,09778177,matched,Niederrieden,Mitgliedsgemeinde,1586,909926.90,573.72,828672.00,81254.90,0.00,STATISTIKPORTAL_INTEGRATED_2023_T1
2023,09,09778,municipality,097785761188,09778188,matched,Pleß,Mitgliedsgemeinde,931,1566178.00,1682.25,1566178.00,0.00,0.00,STATISTIKPORTAL_INTEGRATED_2023_T1
2023,09,09778,joint_administration,097785762,,not_applicable,VG Erkheim,Verwaltungsgemeinschaft,8833,0.00,0.00,0.00,0.00,0.00,STATISTIKPORTAL_INTEGRATED_2023_T1
2023,09,09778,municipality,097785762136,09778136,matched,"Erkheim, Markt",Mitgliedsgemeinde,3232,2750000.00,850.87,2750000.00,0.00,0.00,STATISTIKPORTAL_INTEGRATED_2023_T1
2023,09,09778,municipality,097785762163,09778163,matched,Lauben (Landkreis Unterallgäu),Mitgliedsgemeinde,1427,228226.00,159.93,228226.00,0.00,0.00,STATISTIKPORTAL_INTEGRATED_2023_T1
2023,09,09778,municipality,097785762180,09778180,matched,Kammlach,Mitgliedsgemeinde,1886,1884933.10,999.43,1560402.00,324531.10,0.00,STATISTIKPORTAL_INTEGRATED_2023_T1
2023,09,09778,municipality,097785762214,09778214,matched,Westerheim,Mitgliedsgemeinde,2288,2666.00,1.17,0.00,2666.00,0.00,STATISTIKPORTAL_INTEGRATED_2023_T1
2023,09,09778,joint_administration,097785764,,not_applicable,VG Türkheim,Verwaltungsgemeinschaft,12099,0.00,0.00,0.00,0.00,0.00,STATISTIKPORTAL_INTEGRATED_2023_T1
2023,09,09778,municipality,097785764111,09778111,matched,Amberg,Mitgliedsgemeinde,1491,1210595.00,811.93,622595.00,0.00,588000.00,STATISTIKPORTAL_INTEGRATED_2023_T1
2023,09,09778,municipality,097785764203,09778203,matched,"Türkheim, Markt",Mitgliedsgemeinde,7486,4128522.00,551.50,2822039.00,1306483.00,0.00,STATISTIKPORTAL_INTEGRATED_2023_T1
2023,09,09778,municipality,097785764209,09778209,matched,Rammingen,Mitgliedsgemeinde,1624,2395800.00,1475.25,1807800.00,0.00,588000.00,STATISTIKPORTAL_INTEGRATED_2023_T1
2023,09,09778,municipality,097785764216,09778216,matched,Wiedergeltingen,Mitgliedsgemeinde,1498,0.00,0.00,0.00,0.00,0.00,STATISTIKPORTAL_INTEGRATED_2023_T1
2023,09,09778,joint_administration,097785765,,not_applicable,VG Memmingerberg,Verwaltungsgemeinschaft,11447,0.00,0.00,0.00,0.00,0.00,STATISTIKPORTAL_INTEGRATED_2023_T1
2023,09,09778,municipality,097785765118,09778118,matched,Benningen,Mitgliedsgemeinde,2181,6046603.00,2772.40,2185507.00,3861096.00,0.00,STATISTIKPORTAL_INTEGRATED_2023_T1
2023,09,09778,municipality,097785765151,09778151,matched,Holzgünz,Mitgliedsgemeinde,1440,2666.00,1.85,0.00,2666.00,0.00,STATISTIKPORTAL_INTEGRATED_2023_T1
2023,09,09778,municipality,097785765162,09778162,matched,Lachen,Mitgliedsgemeinde,1726,206538.65,119.66,203431.00,3107.65,0.00,STATISTIKPORTAL_INTEGRATED_2023_T1
2023,09,09778,municipality,097785765171,09778171,matched,Memmingerberg,Mitgliedsgemeinde,3194,2091345.65,654.77,2088238.00,3107.65,0.00,STATISTIKPORTAL_INTEGRATED_2023_T1
2023,09,09778,municipality,097785765202,09778202,matched,Trunkelsberg,Mitgliedsgemeinde,1777,3485441.00,1961.42,3485441.00,0.00,0.00,STATISTIKPORTAL_INTEGRATED_2023_T1
2023,09,09778,municipality,097785765205,09778205,matched,Ungerhausen,Mitgliedsgemeinde,1129,3107.65,2.75,0.00,3107.65,0.00,STATISTIKPORTAL_INTEGRATED_2023_T1
2023,09,09778,joint_administration,097785766,,not_applicable,VG Dirlewang,Verwaltungsgemeinschaft,6170,0.00,0.00,0.00,0.00,0.00,STATISTIKPORTAL_INTEGRATED_2023_T1
2023,09,09778,municipality,097785766113,09778113,matched,Apfeltrach,Mitgliedsgemeinde,1009,334421.28,331.44,0.00,285268.66,49152.62,STATISTIKPORTAL_INTEGRATED_2023_T1
2023,09,09778,municipality,097785766127,09778127,matched,"Dirlewang, Markt",Mitgliedsgemeinde,2292,1564637.70,682.65,1352285.00,212352.70,0.00,STATISTIKPORTAL_INTEGRATED_2023_T1
2023,09,09778,municipality,097785766199,09778199,matched,Stetten,Mitgliedsgemeinde,1433,1251531.10,873.36,927000.00,324531.10,0.00,STATISTIKPORTAL_INTEGRATED_2023_T1
2023,09,09778,municipality,097785766207,09778207,matched,Unteregg,Mitgliedsgemeinde,1436,285715.14,198.97,34100.00,251615.14,0.00,STATISTIKPORTAL_INTEGRATED_2023_T1
2023,09,09778,joint_administration,097785767,,not_applicable,VG Illerwinkel,Verwaltungsgemeinschaft,6464,0.00,0.00,0.00,0.00,0.00,STATISTIKPORTAL_INTEGRATED_2023_T1
2023,09,09778,municipality,097785767161,09778161,matched,Kronburg,Mitgliedsgemeinde,1825,146894.10,80.49,131468.00,15426.10,0.00,STATISTIKPORTAL_INTEGRATED_2023_T1
2023,09,09778,municipality,097785767164,09778164,matched,Lautrach,Mitgliedsgemeinde,1264,1198125.00,947.88,1198125.00,0.00,0.00,STATISTIKPORTAL_INTEGRATED_2023_T1
2023,09,09778,municipality,097785767165,09778165,matched,"Legau, Markt",Mitgliedsgemeinde,3375,3279285.00,971.64,3279285.00,0.00,0.00,STATISTIKPORTAL_INTEGRATED_2023_T1
2023,09,09778,joint_administration,097785768,,not_applicable,VG Grönenbach,Verwaltungsgemeinschaft,10168,0.00,0.00,0.00,0.00,0.00,STATISTIKPORTAL_INTEGRATED_2023_T1
2023,09,09778,municipality,097785768144,09778144,matched,"Bad Grönenbach, Markt",Mitgliedsgemeinde,5850,3250299.10,555.61,2825182.00,425117.10,0.00,STATISTIKPORTAL_INTEGRATED_2023_T1
2023,09,09778,municipality,097785768218,09778218,matched,Wolfertschwenden,Mitgliedsgemeinde,2103,8797.50,4.18,0.00,8797.50,0.00,STATISTIKPORTAL_INTEGRATED_2023_T1
2023,09,09778,municipality,097785768219,09778219,matched,Woringen,Mitgliedsgemeinde,2215,1195165.40,539.58,215000.00,980165.40,0.00,STATISTIKPORTAL_INTEGRATED_2023_T1
2023,09,09779,county_administration,09779,,not_applicable,Landkreis Donau-Ries,Landkreis (Haushalt bzw. Verwaltung),137436,9909872.96,72.11,0.00,117685.65,9792187.31,STATISTIKPORTAL_INTEGRATED_2023_T1
2023,09,09779,municipality,097790115115,09779115,matched,Asbach-Bäumenheim,Einheitsgemeinde,4807,1790155.00,372.41,960205.00,0.00,829950.00,STATISTIKPORTAL_INTEGRATED_2023_T1
2023,09,09779,municipality,097790131131,09779131,matched,"Donauwörth, Große Kreisstadt",große Kreisstadt,20097,11590456.43,576.73,4483232.00,784681.39,6322543.04,STATISTIKPORTAL_INTEGRATED_2023_T1
2023,09,09779,municipality,097790147147,09779147,matched,Fremdingen,Einheitsgemeinde,2143,1409299.25,657.63,194444.00,861722.15,353133.10,STATISTIKPORTAL_INTEGRATED_2023_T1
2023,09,09779,municipality,097790155155,09779155,matched,"Harburg (Schwaben), Stadt",Einheitsgemeinde,5612,5663132.97,1009.11,4641134.00,106380.06,915618.91,STATISTIKPORTAL_INTEGRATED_2023_T1
2023,09,09779,municipality,097790169169,09779169,matched,"Kaisheim, Markt",Einheitsgemeinde,4039,9404901.82,2328.52,9098036.00,48115.82,258750.00,STATISTIKPORTAL_INTEGRATED_2023_T1
2023,09,09779,municipality,097790178178,09779178,matched,Marxheim,Einheitsgemeinde,2673,1948341.45,728.90,425000.00,1523341.45,0.00,STATISTIKPORTAL_INTEGRATED_2023_T1
2023,09,09779,municipality,097790181181,09779181,matched,Mertingen,Einheitsgemeinde,4058,9270451.33,2284.49,3403210.00,634.57,5866606.76,STATISTIKPORTAL_INTEGRATED_2023_T1
2023,09,09779,municipality,097790185185,09779185,matched,Möttingen,Einheitsgemeinde,2755,3456647.01,1254.68,3076153.00,28108.00,352386.01,STATISTIKPORTAL_INTEGRATED_2023_T1
2023,09,09779,municipality,097790194194,09779194,matched,"Nördlingen, Große Kreisstadt",große Kreisstadt,21030,32278505.99,1534.88,8603584.00,464470.10,23210451.89,STATISTIKPORTAL_INTEGRATED_2023_T1
2023,09,09779,municipality,097790196196,09779196,matched,Oberndorf a.Lech,Einheitsgemeinde,2658,6588605.75,2478.78,5802896.00,634.57,785075.18,STATISTIKPORTAL_INTEGRATED_2023_T1
2023,09,09779,municipality,097790201201,09779201,matched,"Rain, Stadt",Einheitsgemeinde,9310,15174175.01,1629.88,3595219.00,8559148.49,3019807.52,STATISTIKPORTAL_INTEGRATED_2023_T1
2023,09,09779,municipality,097790218218,09779218,matched,Tapfheim,Einheitsgemeinde,4067,2791380.23,686.35,2435252.00,3742.22,352386.01,STATISTIKPORTAL_INTEGRATED_2023_T1
2023,09,09779,joint_administration,097795720,,not_applicable,VG Wallerstein,Verwaltungsgemeinschaft,6034,0.00,0.00,0.00,0.00,0.00,STATISTIKPORTAL_INTEGRATED_2023_T1
2023,09,09779,municipality,097795720176,09779176,matched,Maihingen,Mitgliedsgemeinde,1235,1250796.01,1012.79,767710.00,130700.00,352386.01,STATISTIKPORTAL_INTEGRATED_2023_T1
2023,09,09779,municipality,097795720177,09779177,matched,Marktoffingen,Mitgliedsgemeinde,1292,2432010.01,1882.36,1948924.00,130700.00,352386.01,STATISTIKPORTAL_INTEGRATED_2023_T1
2023,09,09779,municipality,097795720224,09779224,matched,"Wallerstein, Markt",Mitgliedsgemeinde,3507,6406497.57,1826.77,5659036.00,392100.00,355361.57,STATISTIKPORTAL_INTEGRATED_2023_T1
2023,09,09779,joint_administration,097795721,,not_applicable,VG Oettingen i.Bay.,Verwaltungsgemeinschaft,11178,0.00,0.00,0.00,0.00,0.00,STATISTIKPORTAL_INTEGRATED_2023_T1
2023,09,09779,municipality,097795721117,09779117,matched,Auhausen,Mitgliedsgemeinde,1026,1219848.16,1188.94,5740.00,861722.15,352386.01,STATISTIKPORTAL_INTEGRATED_2023_T1
2023,09,09779,municipality,097795721138,09779138,matched,Ehingen a.Ries,Mitgliedsgemeinde,769,1219671.25,1586.05,4816.00,861722.15,353133.10,STATISTIKPORTAL_INTEGRATED_2023_T1
2023,09,09779,municipality,097795721154,09779154,matched,Hainsfarth,Mitgliedsgemeinde,1431,1661828.09,1161.31,446233.00,861722.15,353872.94,STATISTIKPORTAL_INTEGRATED_2023_T1
2023,09,09779,municipality,097795721180,09779180,matched,Megesheim,Mitgliedsgemeinde,839,1363943.16,1625.68,149835.00,861722.15,352386.01,STATISTIKPORTAL_INTEGRATED_2023_T1
2023,09,09779,municipality,097795721188,09779188,matched,Munningen,Mitgliedsgemeinde,1719,1326932.16,771.92,112824.00,861722.15,352386.01,STATISTIKPORTAL_INTEGRATED_2023_T1
2023,09,09779,municipality,097795721197,09779197,matched,"Oettingen i.Bay., Stadt",Mitgliedsgemeinde,5394,13328609.85,2471.01,7763448.00,2630112.31,2935049.54,STATISTIKPORTAL_INTEGRATED_2023_T1
2023,09,09779,joint_administration,097795722,,not_applicable,VG Ries,Verwaltungsgemeinschaft,10939,0.00,0.00,0.00,0.00,0.00,STATISTIKPORTAL_INTEGRATED_2023_T1
2023,09,09779,municipality,097795722111,09779111,matched,Alerheim,Mitgliedsgemeinde,1743,4200924.67,2410.17,3524173.00,83946.66,592805.01,STATISTIKPORTAL_INTEGRATED_2023_T1
2023,09,09779,municipality,097795722112,09779112,matched,Amerdingen,Mitgliedsgemeinde,865,572647.21,662.02,71875.00,148386.20,352386.01,STATISTIKPORTAL_INTEGRATED_2023_T1
2023,09,09779,municipality,097795722130,09779130,matched,Deiningen,Mitgliedsgemeinde,1832,1779193.35,971.18,1020000.00,166388.34,592805.01,STATISTIKPORTAL_INTEGRATED_2023_T1
2023,09,09779,municipality,097795722136,09779136,matched,Ederheim,Mitgliedsgemeinde,1118,1611761.51,1441.65,1177500.00,81875.50,352386.01,STATISTIKPORTAL_INTEGRATED_2023_T1
2023,09,09779,municipality,097795722146,09779146,matched,Forheim,Mitgliedsgemeinde,536,860772.21,1605.92,360000.00,148386.20,352386.01,STATISTIKPORTAL_INTEGRATED_2023_T1
2023,09,09779,municipality,097795722162,09779162,matched,Hohenaltheim,Mitgliedsgemeinde,615,493940.01,803.15,127500.00,14054.00,352386.01,STATISTIKPORTAL_INTEGRATED_2023_T1
2023,09,09779,municipality,097795722184,09779184,matched,Mönchsdeggingen,Mitgliedsgemeinde,1418,427975.26,301.82,0.00,75589.25,352386.01,STATISTIKPORTAL_INTEGRATED_2023_T1
2023,09,09779,municipality,097795722203,09779203,matched,Reimlingen,Mitgliedsgemeinde,1372,546822.51,398.56,83800.00,110636.50,352386.01,STATISTIKPORTAL_INTEGRATED_2023_T1
2023,09,09779,municipality,097795722226,09779226,matched,Wechingen,Mitgliedsgemeinde,1440,1355297.35,941.18,596104.00,166388.34,592805.01,STATISTIKPORTAL_INTEGRATED_2023_T1
2023,09,09779,joint_administration,097795723,,not_applicable,VG Wemding,Verwaltungsgemeinschaft,10724,0.00,0.00,0.00,0.00,0.00,STATISTIKPORTAL_INTEGRATED_2023_T1
2023,09,09779,municipality,097795723148,09779148,matched,Fünfstetten,Mitgliedsgemeinde,1321,372780.48,282.20,0.00,132359.79,240420.69,STATISTIKPORTAL_INTEGRATED_2023_T1
2023,09,09779,municipality,097795723167,09779167,matched,Huisheim,Mitgliedsgemeinde,1683,1362780.48,809.73,990000.00,132359.79,240420.69,STATISTIKPORTAL_INTEGRATED_2023_T1
2023,09,09779,municipality,097795723198,09779198,matched,Otting,Mitgliedsgemeinde,816,2152300.07,2637.62,1926632.00,225666.38,1.69,STATISTIKPORTAL_INTEGRATED_2023_T1
2023,09,09779,municipality,097795723228,09779228,matched,"Wemding, Stadt",Mitgliedsgemeinde,5799,20641581.14,3559.51,8682555.00,423562.97,11535463.17,STATISTIKPORTAL_INTEGRATED_2023_T1
2023,09,09779,municipality,097795723231,09779231,matched,Wolferstadt,Mitgliedsgemeinde,1105,258753.20,234.17,0.00,258753.20,0.00,STATISTIKPORTAL_INTEGRATED_2023_T1
2023,09,09779,joint_administration,097795724,,not_applicable,VG Monheim,Verwaltungsgemeinschaft,10104,0.00,0.00,0.00,0.00,0.00,STATISTIKPORTAL_INTEGRATED_2023_T1
2023,09,09779,municipality,097795724126,09779126,matched,Buchdorf,Mitgliedsgemeinde,2039,3354435.07,1645.14,3237500.00,116935.07,0.00,STATISTIKPORTAL_INTEGRATED_2023_T1
2023,09,09779,municipality,097795724129,09779129,matched,Daiting,Mitgliedsgemeinde,816,1901952.50,2330.82,1728320.00,167050.10,6582.40,STATISTIKPORTAL_INTEGRATED_2023_T1
2023,09,09779,municipality,097795724186,09779186,matched,"Monheim, Stadt",Mitgliedsgemeinde,5490,8959901.20,1632.04,7149455.00,1247213.30,563232.90,STATISTIKPORTAL_INTEGRATED_2023_T1
2023,09,09779,municipality,097795724206,09779206,matched,Rögling,Mitgliedsgemeinde,645,348075.52,539.65,270975.00,33410.02,43690.50,STATISTIKPORTAL_INTEGRATED_2023_T1
2023,09,09779,municipality,097795724217,09779217,matched,Tagmersheim,Mitgliedsgemeinde,1114,1680032.30,1508.11,1500000.00,116935.07,63097.23,STATISTIKPORTAL_INTEGRATED_2023_T1
2023,09,09779,joint_administration,097795725,,not_applicable,VG Rain,Verwaltungsgemeinschaft,5208,0.00,0.00,0.00,0.00,0.00,STATISTIKPORTAL_INTEGRATED_2023_T1
2023,09,09779,municipality,097795725149,09779149,matched,Genderkingen,Mitgliedsgemeinde,1257,4653766.16,3702.28,1612485.00,2668428.34,372852.82,STATISTIKPORTAL_INTEGRATED_2023_T1
2023,09,09779,municipality,097795725163,09779163,matched,Holzheim (Landkreis Donau-Ries),Mitgliedsgemeinde,1175,2479476.95,2110.19,491152.00,1713370.88,274954.07,STATISTIKPORTAL_INTEGRATED_2023_T1
2023,09,09779,municipality,097795725187,09779187,matched,Münster,Mitgliedsgemeinde,1288,3633845.11,2821.31,1735292.00,1713370.88,185182.23,STATISTIKPORTAL_INTEGRATED_2023_T1
2023,09,09779,municipality,097795725192,09779192,matched,Niederschönenfeld,Mitgliedsgemeinde,1488,5690191.73,3824.05,2039180.00,3651011.73,0.00,STATISTIKPORTAL_INTEGRATED_2023_T1
2023,09,09780,county_administration,09780,,not_applicable,Landkreis Oberallgäu,Landkreis (Haushalt bzw. Verwaltung),159209,129450171.36,813.08,11998050.00,13689329.54,103762791.82,STATISTIKPORTAL_INTEGRATED_2023_T1
2023,09,09780,municipality,097800112112,09780112,matched,"Altusried, Markt",Einheitsgemeinde,10365,19769368.16,1907.32,17085803.00,1160115.16,1523450.00,STATISTIKPORTAL_INTEGRATED_2023_T1
2023,09,09780,municipality,097800114114,09780114,matched,Betzigau,Einheitsgemeinde,2996,2390613.38,797.94,2256070.00,134543.38,0.00,STATISTIKPORTAL_INTEGRATED_2023_T1
2023,09,09780,municipality,097800115115,09780115,matched,Blaichach,Einheitsgemeinde,5812,7768170.48,1336.57,3635879.00,1811910.15,2320381.33,STATISTIKPORTAL_INTEGRATED_2023_T1
2023,09,09780,municipality,097800117117,09780117,matched,"Buchenberg, Markt",Einheitsgemeinde,4212,8545723.82,2028.90,7777039.00,287468.59,481216.23,STATISTIKPORTAL_INTEGRATED_2023_T1
2023,09,09780,municipality,097800118118,09780118,matched,Burgberg i.Allgäu,Einheitsgemeinde,3292,7472057.04,2269.76,6803246.00,298255.85,370555.19,STATISTIKPORTAL_INTEGRATED_2023_T1
2023,09,09780,municipality,097800119119,09780119,matched,"Dietmannsried, Markt",Einheitsgemeinde,8529,13769694.48,1614.46,11944610.00,1777184.48,47900.00,STATISTIKPORTAL_INTEGRATED_2023_T1
2023,09,09780,municipality,097800120120,09780120,matched,Durach,Einheitsgemeinde,7334,4631905.23,631.57,4106670.00,525235.23,0.00,STATISTIKPORTAL_INTEGRATED_2023_T1
2023,09,09780,municipality,097800122122,09780122,matched,Haldenwang (Landkreis Oberallgäu),Einheitsgemeinde,3909,296281.80,75.79,0.00,266081.80,30200.00,STATISTIKPORTAL_INTEGRATED_2023_T1
2023,09,09780,municipality,097800123123,09780123,matched,"Bad Hindelang, Markt",Einheitsgemeinde,5342,18214238.98,3409.63,11800126.00,0.00,6414112.98,STATISTIKPORTAL_INTEGRATED_2023_T1
2023,09,09780,municipality,097800124124,09780124,matched,"Immenstadt/Allgäu, Stadt",Einheitsgemeinde,14576,89001463.80,6106.03,26052040.00,201141.16,62748282.64,STATISTIKPORTAL_INTEGRATED_2023_T1
2023,09,09780,municipality,097800125125,09780125,matched,Lauben (Landkreis Oberallgäu),Einheitsgemeinde,3497,2685156.23,767.85,1021284.00,1663872.23,0.00,STATISTIKPORTAL_INTEGRATED_2023_T1
2023,09,09780,municipality,097800128128,09780128,matched,Oy-Mittelberg,Einheitsgemeinde,4622,2123479.97,459.43,2033856.00,89623.97,0.00,STATISTIKPORTAL_INTEGRATED_2023_T1
2023,09,09780,municipality,097800132132,09780132,matched,"Oberstaufen, Markt",Einheitsgemeinde,7849,9129219.88,1163.11,2943564.00,445711.50,5739944.38,STATISTIKPORTAL_INTEGRATED_2023_T1
2023,09,09780,municipality,097800133133,09780133,matched,"Oberstdorf, Markt",Einheitsgemeinde,9733,97412658.21,10008.49,32639808.00,13000178.00,51772672.21,STATISTIKPORTAL_INTEGRATED_2023_T1
2023,09,09780,municipality,097800137137,09780137,matched,Rettenberg,Einheitsgemeinde,4625,7297892.53,1577.92,7040533.00,1500.00,255859.53,STATISTIKPORTAL_INTEGRATED_2023_T1
2023,09,09780,municipality,097800139139,09780139,matched,"Sonthofen, Stadt",Einheitsgemeinde,21947,58894275.24,2683.48,27034338.00,111847.90,31748089.34,STATISTIKPORTAL_INTEGRATED_2023_T1
2023,09,09780,municipality,097800140140,09780140,matched,"Sulzberg, Markt",Einheitsgemeinde,5156,250469.12,48.58,0.00,215178.15,35290.97,STATISTIKPORTAL_INTEGRATED_2023_T1
2023,09,09780,municipality,097800143143,09780143,matched,Waltenhofen,Einheitsgemeinde,9973,13278766.24,1331.47,12224654.00,846358.09,207754.15,STATISTIKPORTAL_INTEGRATED_2023_T1
2023,09,09780,municipality,097800145145,09780145,matched,"Wertach, Markt",Einheitsgemeinde,2783,8227160.43,2956.22,8137433.00,1500.00,88227.43,STATISTIKPORTAL_INTEGRATED_2023_T1
2023,09,09780,municipality,097800146146,09780146,matched,"Wiggensbach, Markt",Einheitsgemeinde,5146,290463.37,56.44,0.00,290463.37,0.00,STATISTIKPORTAL_INTEGRATED_2023_T1
2023,09,09780,municipality,097800147147,09780147,matched,Wildpoldsried,Einheitsgemeinde,2577,5427818.34,2106.25,3280742.00,71661.34,2075415.00,STATISTIKPORTAL_INTEGRATED_2023_T1
2023,09,09780,joint_administration,097805742,,not_applicable,VG Hörnergruppe,Verwaltungsgemeinschaft,7947,0.00,0.00,0.00,0.00,0.00,STATISTIKPORTAL_INTEGRATED_2023_T1
2023,09,09780,municipality,097805742113,09780113,matched,Balderschwang,Mitgliedsgemeinde,381,2212634.55,5807.44,2003037.00,200774.81,8822.74,STATISTIKPORTAL_INTEGRATED_2023_T1
2023,09,09780,municipality,097805742116,09780116,matched,Bolsterlang,Mitgliedsgemeinde,1127,1830048.50,1623.82,1606024.00,153442.56,70581.94,STATISTIKPORTAL_INTEGRATED_2023_T1
2023,09,09780,municipality,097805742121,09780121,matched,Fischen i.Allgäu,Mitgliedsgemeinde,3325,6669114.09,2005.75,5744919.00,421298.76,502896.33,STATISTIKPORTAL_INTEGRATED_2023_T1
2023,09,09780,municipality,097805742131,09780131,matched,Obermaiselstein,Mitgliedsgemeinde,1040,982194.78,944.42,810393.00,145333.56,26468.22,STATISTIKPORTAL_INTEGRATED_2023_T1
2023,09,09780,municipality,097805742134,09780134,matched,Ofterschwang,Mitgliedsgemeinde,2074,3081895.19,1485.97,2654446.00,277462.56,149986.63,STATISTIKPORTAL_INTEGRATED_2023_T1
2023,09,09780,joint_administration,097805745,,not_applicable,VG Weitnau,Verwaltungsgemeinschaft,6987,0.00,0.00,0.00,0.00,0.00,STATISTIKPORTAL_INTEGRATED_2023_T1
2023,09,09780,municipality,097805745127,09780127,matched,Missen-Wilhams,Mitgliedsgemeinde,1529,239169.51,156.42,178479.00,16576.80,44113.71,STATISTIKPORTAL_INTEGRATED_2023_T1
2023,09,09780,municipality,097805745144,09780144,matched,"Weitnau, Markt",Mitgliedsgemeinde,5458,5087581.45,932.13,4707152.00,38679.20,341750.25,STATISTIKPORTAL_INTEGRATED_2023_T1
