report_year,state_code,county_ags5,reporting_unit_class,original_region_key,municipality_ags8_candidate,ags_match_2024_atlas,name_de,legal_form_de,population_2023_06_30,total_integrated_debt_eur,integrated_debt_eur_per_person,core_budget_debt_eur,extra_budget_proportional_debt_eur,public_enterprise_proportional_debt_eur,source_id
2023,16,16051,municipality,160510000000,16051000,matched,"Erfurt, Stadt",kreisfreie Stadt,214773,426748496.75,1986.97,65784058.00,78701346.11,282263092.64,STATISTIKPORTAL_INTEGRATED_2023_T1
2023,16,16052,municipality,160520000000,16052000,matched,"Gera, Stadt",kreisfreie Stadt,94326,199835239.46,2118.56,55216025.00,4769670.28,139849544.18,STATISTIKPORTAL_INTEGRATED_2023_T1
2023,16,16053,municipality,160530000000,16053000,matched,"Jena, Stadt",kreisfreie Stadt,110760,418287775.62,3776.52,0.00,85185583.20,333102192.42,STATISTIKPORTAL_INTEGRATED_2023_T1
2023,16,16054,municipality,160540000000,16054000,matched,"Suhl, Stadt",kreisfreie Stadt,36465,133994248.46,3674.60,5738800.00,6011746.89,122243701.57,STATISTIKPORTAL_INTEGRATED_2023_T1
2023,16,16055,municipality,160550000000,16055000,matched,"Weimar, Stadt",kreisfreie Stadt,65436,240322214.41,3672.63,42883774.00,3867095.21,193571345.20,STATISTIKPORTAL_INTEGRATED_2023_T1
2023,16,16061,county_administration,16061,,not_applicable,LKV Eichsfeld,Landkreisverwaltung,103820,95104293.24,916.05,6608957.00,775000.00,87720336.24,STATISTIKPORTAL_INTEGRATED_2023_T1
2023,16,16061,municipality,160610045045,16061045,matched,"Heilbad Heiligenstadt, Stadt",gemeinschaftsfreie Gemeinde,17282,54167047.63,3134.30,2656445.00,22867.50,51487735.13,STATISTIKPORTAL_INTEGRATED_2023_T1
2023,16,16061,municipality,160610074074,16061074,matched,Niederorschel,gemeinschaftsfreie Gemeinde,5483,13653923.91,2490.23,3423588.00,2091593.76,8138742.15,STATISTIKPORTAL_INTEGRATED_2023_T1
2023,16,16061,municipality,160610115115,16061115,matched,"Leinefelde-Worbis, Stadt",gemeinschaftsfreie Gemeinde,20103,98202185.80,4884.95,30106012.00,5305512.92,62790660.88,STATISTIKPORTAL_INTEGRATED_2023_T1
2023,16,16061,municipality,160610116116,16061116,matched,Am Ohmberg,gemeinschaftsfreie Gemeinde,3638,6877911.47,1890.57,769782.00,1045160.00,5062969.47,STATISTIKPORTAL_INTEGRATED_2023_T1
2023,16,16061,municipality,160610117117,16061117,matched,Sonnenstein,gemeinschaftsfreie Gemeinde,4360,7432512.57,1704.70,1259447.00,21471.41,6151594.16,STATISTIKPORTAL_INTEGRATED_2023_T1
2023,16,16061,municipality,160610118118,16061118,matched,"Dingelstädt, Stadt",gemeinschaftsfreie Gemeinde,10821,15835604.27,1463.41,3317104.00,3696154.10,8822346.17,STATISTIKPORTAL_INTEGRATED_2023_T1
2023,16,16061,joint_administration,160615001,,not_applicable,VGHH Lindenberg/Eichsfeld,Verwaltungsgemeinschaftshaushalt,6677,12706756.00,1903.06,8463869.00,0.00,4242887.00,STATISTIKPORTAL_INTEGRATED_2023_T1
2023,16,16061,municipality,160615001003,16061003,matched,Berlingerode,Mitgliedsgemeinde,1225,292938.97,239.13,93749.00,4572.50,194617.47,STATISTIKPORTAL_INTEGRATED_2023_T1
2023,16,16061,municipality,160615001015,16061015,matched,Brehme,Mitgliedsgemeinde,1098,769162.38,700.51,191250.00,315777.68,262134.70,STATISTIKPORTAL_INTEGRATED_2023_T1
2023,16,16061,municipality,160615001026,16061026,matched,Ecklingerode,Mitgliedsgemeinde,699,906973.00,1297.53,788207.00,3047.50,115718.50,STATISTIKPORTAL_INTEGRATED_2023_T1
2023,16,16061,municipality,160615001031,16061031,matched,Ferna,Mitgliedsgemeinde,536,357362.84,666.72,0.00,195088.96,162273.88,STATISTIKPORTAL_INTEGRATED_2023_T1
2023,16,16061,municipality,160615001094,16061094,matched,Tastungen,Mitgliedsgemeinde,260,59086.53,227.26,20742.00,1525.00,36819.53,STATISTIKPORTAL_INTEGRATED_2023_T1
2023,16,16061,municipality,160615001103,16061103,matched,Wehnde,Mitgliedsgemeinde,390,81946.49,210.12,0.00,3047.50,78898.99,STATISTIKPORTAL_INTEGRATED_2023_T1
2023,16,16061,municipality,160615001114,16061114,matched,Teistungen,Mitgliedsgemeinde,2469,2104923.66,852.54,708921.00,763550.64,632452.02,STATISTIKPORTAL_INTEGRATED_2023_T1
2023,16,16061,joint_administration,160615006,,not_applicable,VGHH Eichsfeld-Wipperaue,Verwaltungsgemeinschaftshaushalt,7127,0.00,0.00,0.00,0.00,0.00,STATISTIKPORTAL_INTEGRATED_2023_T1
2023,16,16061,municipality,160615006017,16061017,matched,Breitenworbis,Mitgliedsgemeinde,3166,6165325.96,1947.36,1088986.00,10942.50,5065397.46,STATISTIKPORTAL_INTEGRATED_2023_T1
2023,16,16061,municipality,160615006019,16061019,matched,Buhla,Mitgliedsgemeinde,470,1118207.53,2379.16,0.00,451.23,1117756.30,STATISTIKPORTAL_INTEGRATED_2023_T1
2023,16,16061,municipality,160615006037,16061037,matched,Gernrode,Mitgliedsgemeinde,1482,2892582.70,1951.81,100000.00,377602.26,2414980.44,STATISTIKPORTAL_INTEGRATED_2023_T1
2023,16,16061,municipality,160615006044,16061044,matched,Haynrode,Mitgliedsgemeinde,691,1445335.47,2091.66,342557.00,801.99,1101976.48,STATISTIKPORTAL_INTEGRATED_2023_T1
2023,16,16061,municipality,160615006058,16061058,matched,Kirchworbis,Mitgliedsgemeinde,1318,2162174.40,1640.50,0.00,300.82,2161873.58,STATISTIKPORTAL_INTEGRATED_2023_T1
2023,16,16061,joint_administration,160615008,,not_applicable,VGHH Hanstein-Rusteberg,Verwaltungsgemeinschaftshaushalt,5629,130000.00,23.09,130000.00,0.00,0.00,STATISTIKPORTAL_INTEGRATED_2023_T1
2023,16,16061,municipality,160615008001,16061001,matched,Arenshausen,Mitgliedsgemeinde,1027,2297360.81,2236.96,285011.00,191648.28,1820701.53,STATISTIKPORTAL_INTEGRATED_2023_T1
2023,16,16061,municipality,160615008014,16061014,matched,Bornhagen,Mitgliedsgemeinde,251,996358.72,3969.56,119700.00,132090.14,744568.58,STATISTIKPORTAL_INTEGRATED_2023_T1
2023,16,16061,municipality,160615008021,16061021,matched,Burgwalde,Mitgliedsgemeinde,228,697721.28,3060.18,14190.00,26340.89,657190.39,STATISTIKPORTAL_INTEGRATED_2023_T1
2023,16,16061,municipality,160615008032,16061032,matched,Freienhagen,Mitgliedsgemeinde,289,818287.62,2831.45,61764.00,66046.32,690477.30,STATISTIKPORTAL_INTEGRATED_2023_T1
2023,16,16061,municipality,160615008033,16061033,matched,Fretterode,Mitgliedsgemeinde,178,804536.12,4519.87,46490.00,67568.82,690477.30,STATISTIKPORTAL_INTEGRATED_2023_T1
2023,16,16061,municipality,160615008036,16061036,matched,Gerbershausen,Mitgliedsgemeinde,598,986147.27,1649.08,0.00,191648.28,794498.99,STATISTIKPORTAL_INTEGRATED_2023_T1
2023,16,16061,municipality,160615008048,16061048,matched,Hohengandern,Mitgliedsgemeinde,605,1324147.94,2188.67,219388.00,256169.61,848590.33,STATISTIKPORTAL_INTEGRATED_2023_T1
2023,16,16061,municipality,160615008057,16061057,matched,Kirchgandern,Mitgliedsgemeinde,604,1057617.16,1751.02,0.00,229831.21,827785.95,STATISTIKPORTAL_INTEGRATED_2023_T1
2023,16,16061,municipality,160615008066,16061066,matched,Lindewerra,Mitgliedsgemeinde,259,884260.30,3414.13,0.00,135530.82,748729.48,STATISTIKPORTAL_INTEGRATED_2023_T1
2023,16,16061,municipality,160615008069,16061069,matched,Marth,Mitgliedsgemeinde,314,3831327.49,12201.68,0.00,1738637.49,2092690.00,STATISTIKPORTAL_INTEGRATED_2023_T1
2023,16,16061,municipality,160615008078,16061078,matched,Rohrberg,Mitgliedsgemeinde,224,756523.62,3377.34,0.00,66046.32,690477.30,STATISTIKPORTAL_INTEGRATED_2023_T1
2023,16,16061,municipality,160615008082,16061082,matched,Rustenfelde,Mitgliedsgemeinde,529,933362.57,1764.39,284805.00,8010.68,640546.89,STATISTIKPORTAL_INTEGRATED_2023_T1
2023,16,16061,municipality,160615008083,16061083,matched,Schachtebich,Mitgliedsgemeinde,238,756523.62,3178.67,0.00,66046.32,690477.30,STATISTIKPORTAL_INTEGRATED_2023_T1
2023,16,16061,municipality,160615008102,16061102,matched,Wahlhausen,Mitgliedsgemeinde,285,1202683.99,4219.94,88800.00,261132.78,852751.21,STATISTIKPORTAL_INTEGRATED_2023_T1
2023,16,16061,joint_administration,160615009,,not_applicable,VGHH Leinetal,Verwaltungsgemeinschaftshaushalt,6645,0.00,0.00,0.00,0.00,0.00,STATISTIKPORTAL_INTEGRATED_2023_T1
2023,16,16061,municipality,160615009012,16061012,matched,Bodenrode-Westhausen,Mitgliedsgemeinde,1077,1934884.39,1796.55,720239.00,4572.50,1210072.89,STATISTIKPORTAL_INTEGRATED_2023_T1
2023,16,16061,municipality,160615009034,16061034,matched,Geisleden,Mitgliedsgemeinde,989,1812765.79,1832.93,897699.00,6100.00,908966.79,STATISTIKPORTAL_INTEGRATED_2023_T1
2023,16,16061,municipality,160615009039,16061039,not_in_2024_atlas,Glasehausen,Mitgliedsgemeinde,148,680247.54,4596.27,5517.00,1525.00,673205.54,STATISTIKPORTAL_INTEGRATED_2023_T1
2023,16,16061,municipality,160615009047,16061047,matched,Heuthen,Mitgliedsgemeinde,727,1520380.94,2091.31,414096.00,257694.61,848590.33,STATISTIKPORTAL_INTEGRATED_2023_T1
2023,16,16061,municipality,160615009049,16061049,not_in_2024_atlas,Hohes Kreuz,Mitgliedsgemeinde,1258,2273824.80,1807.49,747736.00,6100.00,1519988.80,STATISTIKPORTAL_INTEGRATED_2023_T1
2023,16,16061,municipality,160615009076,16061076,matched,Reinholterode,Mitgliedsgemeinde,778,1434126.50,1843.35,715794.00,3047.50,715285.00,STATISTIKPORTAL_INTEGRATED_2023_T1
2023,16,16061,municipality,160615009089,16061089,matched,Steinbach,Mitgliedsgemeinde,535,1008374.51,1884.81,368941.00,3047.50,636386.01,STATISTIKPORTAL_INTEGRATED_2023_T1
2023,16,16061,municipality,160615009107,16061107,matched,Wingerode,Mitgliedsgemeinde,1133,1403483.66,1238.73,290302.00,3047.50,1110134.16,STATISTIKPORTAL_INTEGRATED_2023_T1
2023,16,16061,joint_administration,160615012,,not_applicable,VGHH Uder,Verwaltungsgemeinschaftshaushalt,6367,0.00,0.00,0.00,0.00,0.00,STATISTIKPORTAL_INTEGRATED_2023_T1
2023,16,16061,municipality,160615012002,16061002,matched,Asbach-Sickenberg,Mitgliedsgemeinde,100,986147.27,9861.47,0.00,191648.28,794498.99,STATISTIKPORTAL_INTEGRATED_2023_T1
2023,16,16061,municipality,160615012007,16061007,not_in_2024_atlas,Birkenfelde,Mitgliedsgemeinde,531,1083799.12,2041.05,325753.00,67568.82,690477.30,STATISTIKPORTAL_INTEGRATED_2023_T1
2023,16,16061,municipality,160615012024,16061024,matched,Dietzenrode/Vatterode,Mitgliedsgemeinde,123,876658.72,7127.31,0.00,132090.14,744568.58,STATISTIKPORTAL_INTEGRATED_2023_T1
2023,16,16061,municipality,160615012028,16061028,not_in_2024_atlas,Eichstruth,Mitgliedsgemeinde,82,748802.48,9131.74,19651.00,51156.79,677994.69,STATISTIKPORTAL_INTEGRATED_2023_T1
2023,16,16061,municipality,160615012065,16061065,not_in_2024_atlas,Lenterode,Mitgliedsgemeinde,312,766404.62,2456.43,9881.00,66046.32,690477.30,STATISTIKPORTAL_INTEGRATED_2023_T1
2023,16,16061,municipality,160615012067,16061067,not_in_2024_atlas,Lutter,Mitgliedsgemeinde,705,876658.72,1243.49,0.00,132090.14,744568.58,STATISTIKPORTAL_INTEGRATED_2023_T1
2023,16,16061,municipality,160615012068,16061068,not_in_2024_atlas,Mackenrode,Mitgliedsgemeinde,309,1023879.18,3313.52,157867.00,125604.46,740407.72,STATISTIKPORTAL_INTEGRATED_2023_T1
2023,16,16061,municipality,160615012077,16061077,not_in_2024_atlas,Röhrig,Mitgliedsgemeinde,221,756523.62,3423.18,0.00,66046.32,690477.30,STATISTIKPORTAL_INTEGRATED_2023_T1
2023,16,16061,municipality,160615012084,16061084,not_in_2024_atlas,Schönhagen,Mitgliedsgemeinde,142,794685.62,5596.38,38162.00,66046.32,690477.30,STATISTIKPORTAL_INTEGRATED_2023_T1
2023,16,16061,municipality,160615012091,16061091,not_in_2024_atlas,Steinheuterode,Mitgliedsgemeinde,288,637911.01,2214.97,0.00,1525.00,636386.01,STATISTIKPORTAL_INTEGRATED_2023_T1
2023,16,16061,municipality,160615012096,16061096,not_in_2024_atlas,Thalwenden,Mitgliedsgemeinde,351,903684.62,2574.60,147161.00,66046.32,690477.30,STATISTIKPORTAL_INTEGRATED_2023_T1
2023,16,16061,municipality,160615012097,16061097,not_in_2024_atlas,Uder,Mitgliedsgemeinde,2642,3425804.84,1296.67,0.00,615043.46,2810761.38,STATISTIKPORTAL_INTEGRATED_2023_T1
2023,16,16061,municipality,160615012111,16061111,not_in_2024_atlas,Wüstheuterode,Mitgliedsgemeinde,561,984624.77,1755.12,0.00,190125.78,794498.99,STATISTIKPORTAL_INTEGRATED_2023_T1
2023,16,16061,joint_administration,160615013,,not_applicable,VGHH Westerwald-Obereichsfeld,Verwaltungsgemeinschaftshaushalt,4760,0.00,0.00,0.00,0.00,0.00,STATISTIKPORTAL_INTEGRATED_2023_T1
2023,16,16061,municipality,160615013018,16061018,matched,Büttstedt,Mitgliedsgemeinde,875,1062360.63,1214.13,591551.00,1525.00,469284.63,STATISTIKPORTAL_INTEGRATED_2023_T1
2023,16,16061,municipality,160615013027,16061027,matched,Effelder,Mitgliedsgemeinde,1208,1179034.37,976.02,367991.00,4572.50,806470.87,STATISTIKPORTAL_INTEGRATED_2023_T1
2023,16,16061,municipality,160615013041,16061041,matched,Großbartloff,Mitgliedsgemeinde,915,918499.10,1003.82,365743.00,4572.50,548183.60,STATISTIKPORTAL_INTEGRATED_2023_T1
2023,16,16061,municipality,160615013063,16061063,matched,Küllstedt,Mitgliedsgemeinde,1312,1187619.17,905.20,327024.00,1525.00,859070.17,STATISTIKPORTAL_INTEGRATED_2023_T1
2023,16,16061,municipality,160615013101,16061101,matched,Wachstedt,Mitgliedsgemeinde,450,940259.08,2089.46,5778.00,318780.25,615700.83,STATISTIKPORTAL_INTEGRATED_2023_T1
2023,16,16061,joint_administration,160615014,,not_applicable,VGHH Ershausen/Geismar,Verwaltungsgemeinschaftshaushalt,4928,0.00,0.00,0.00,0.00,0.00,STATISTIKPORTAL_INTEGRATED_2023_T1
2023,16,16061,municipality,160615014023,16061023,matched,Dieterode,Mitgliedsgemeinde,77,674730.54,8762.73,0.00,1525.00,673205.54,STATISTIKPORTAL_INTEGRATED_2023_T1
2023,16,16061,municipality,160615014035,16061035,matched,Geismar,Mitgliedsgemeinde,1052,2854319.18,2713.23,188592.00,760503.14,1905224.04,STATISTIKPORTAL_INTEGRATED_2023_T1
2023,16,16061,municipality,160615014056,16061056,matched,Kella,Mitgliedsgemeinde,480,885998.72,1845.83,9340.00,132090.14,744568.58,STATISTIKPORTAL_INTEGRATED_2023_T1
2023,16,16061,municipality,160615014062,16061062,matched,Krombach,Mitgliedsgemeinde,167,674730.54,4040.30,0.00,1525.00,673205.54,STATISTIKPORTAL_INTEGRATED_2023_T1
2023,16,16061,municipality,160615014075,16061075,matched,Pfaffschwende,Mitgliedsgemeinde,303,778993.50,2570.94,0.00,1525.00,777468.50,STATISTIKPORTAL_INTEGRATED_2023_T1
2023,16,16061,municipality,160615014085,16061085,matched,Schwobfeld,Mitgliedsgemeinde,105,697470.58,6642.58,28000.00,1525.00,667945.58,STATISTIKPORTAL_INTEGRATED_2023_T1
2023,16,16061,municipality,160615014086,16061086,matched,Sickerode,Mitgliedsgemeinde,137,737270.27,5381.53,41500.00,1525.00,694245.27,STATISTIKPORTAL_INTEGRATED_2023_T1
2023,16,16061,municipality,160615014098,16061098,matched,Volkerode,Mitgliedsgemeinde,229,669650.45,2924.24,24957.00,3047.50,641645.95,STATISTIKPORTAL_INTEGRATED_2023_T1
2023,16,16061,municipality,160615014105,16061105,matched,Wiesenfeld,Mitgliedsgemeinde,233,376756.69,1616.98,2613.00,3047.50,371096.19,STATISTIKPORTAL_INTEGRATED_2023_T1
2023,16,16061,municipality,160615014113,16061113,matched,Schimberg,Mitgliedsgemeinde,2145,2798373.43,1304.60,109665.00,9147.50,2679560.93,STATISTIKPORTAL_INTEGRATED_2023_T1
2023,16,16062,county_administration,16062,,not_applicable,LKV Nordhausen,Landkreisverwaltung,82415,113667411.24,1379.21,11176855.00,16572598.55,85917957.69,STATISTIKPORTAL_INTEGRATED_2023_T1
2023,16,16062,municipality,160620005005,16062005,matched,"Ellrich, Stadt",gemeinschaftsfreie Gemeinde,5501,15611164.57,2837.88,1067604.00,4212283.56,10331277.01,STATISTIKPORTAL_INTEGRATED_2023_T1
2023,16,16062,municipality,160620041041,16062041,matched,"Nordhausen, Stadt",gemeinschaftsfreie Gemeinde,41326,126155161.69,3052.68,33058061.00,6381109.27,86715991.42,STATISTIKPORTAL_INTEGRATED_2023_T1
2023,16,16062,municipality,160620049049,16062049,matched,Sollstedt,gemeinschaftsfreie Gemeinde,2993,19936524.05,6661.05,1452643.00,2502644.66,15981236.39,STATISTIKPORTAL_INTEGRATED_2023_T1
2023,16,16062,municipality,160620062062,16062062,matched,Hohenstein,gemeinschaftsfreie Gemeinde,2037,1367868.75,671.51,0.00,4632.47,1363236.28,STATISTIKPORTAL_INTEGRATED_2023_T1
2023,16,16062,municipality,160620063063,16062063,matched,Werther,gemeinschaftsfreie Gemeinde,3039,9321613.30,3067.33,1342297.00,3020720.02,4958596.28,STATISTIKPORTAL_INTEGRATED_2023_T1
2023,16,16062,municipality,160620065065,16062065,matched,Harztor,gemeinschaftsfreie Gemeinde,7483,23877201.83,3190.86,4642659.00,5524567.97,13709974.86,STATISTIKPORTAL_INTEGRATED_2023_T1
2023,16,16062,municipality,160625053008,16062008,matched,Görsbach,beauftragende Gemeinde,983,2283954.91,2323.45,14838.00,720061.58,1549055.33,STATISTIKPORTAL_INTEGRATED_2023_T1
2023,16,16062,municipality,160625053054,16062054,matched,Urbach,beauftragende Gemeinde,862,1135330.19,1317.09,259476.00,1353.09,874501.10,STATISTIKPORTAL_INTEGRATED_2023_T1
2023,16,16062,municipality,160625053064,16062064,matched,"Heringen/Helme, Stadt",erfüllende Gemeinde,4624,6971256.08,1507.62,1828237.00,1953888.68,3189130.40,STATISTIKPORTAL_INTEGRATED_2023_T1
2023,16,16062,municipality,160625054009,16062009,matched,Großlohra,beauftragende Gemeinde,844,2288529.95,2711.53,55159.00,551.10,2232819.85,STATISTIKPORTAL_INTEGRATED_2023_T1
2023,16,16062,municipality,160625054024,16062024,matched,Kehmstedt,beauftragende Gemeinde,442,2044388.01,4625.31,0.00,601.64,2043786.37,STATISTIKPORTAL_INTEGRATED_2023_T1
2023,16,16062,municipality,160625054026,16062026,matched,Kleinfurra,beauftragende Gemeinde,1002,5248862.93,5238.39,227500.00,720613.29,4300749.64,STATISTIKPORTAL_INTEGRATED_2023_T1
2023,16,16062,municipality,160625054033,16062033,matched,Lipprechterode,beauftragende Gemeinde,486,2065327.20,4249.64,0.00,501.17,2064826.03,STATISTIKPORTAL_INTEGRATED_2023_T1
2023,16,16062,municipality,160625054037,16062037,matched,Niedergebra,beauftragende Gemeinde,615,2861213.19,4652.38,0.00,400.69,2860812.50,STATISTIKPORTAL_INTEGRATED_2023_T1
2023,16,16062,municipality,160625054066,16062066,matched,"Bleicherode, Stadt",erfüllende Gemeinde,10178,33580219.48,3299.29,3526186.00,5544270.27,24509763.21,STATISTIKPORTAL_INTEGRATED_2023_T1
2023,16,16063,county_administration,16063,,not_applicable,LKV Wartburgkreis,Landkreisverwaltung,159438,68918371.80,432.26,0.00,2388489.43,66529882.37,STATISTIKPORTAL_INTEGRATED_2023_T1
2023,16,16063,municipality,160630004004,16063004,matched,Barchfeld-Immelborn,gemeinschaftsfreie Gemeinde,4457,9319984.12,2091.09,20203.00,6622.49,9293158.63,STATISTIKPORTAL_INTEGRATED_2023_T1
2023,16,16063,municipality,160630076076,16063076,matched,"Treffurt, Stadt",gemeinschaftsfreie Gemeinde,5805,10009713.29,1724.33,2127405.00,0.00,7882308.29,STATISTIKPORTAL_INTEGRATED_2023_T1
2023,16,16063,municipality,160630078078,16063078,matched,Unterbreizbach,gemeinschaftsfreie Gemeinde,3312,9660369.09,2916.78,0.00,964999.68,8695369.41,STATISTIKPORTAL_INTEGRATED_2023_T1
2023,16,16063,municipality,160630082082,16063082,matched,"Vacha, Stadt",gemeinschaftsfreie Gemeinde,4946,23019689.29,4654.20,3932165.00,901446.33,18186077.96,STATISTIKPORTAL_INTEGRATED_2023_T1
2023,16,16063,municipality,160630092092,16063092,matched,Wutha-Farnroda,gemeinschaftsfreie Gemeinde,6370,11756581.19,1845.62,10216.00,0.00,11746365.19,STATISTIKPORTAL_INTEGRATED_2023_T1
2023,16,16063,municipality,160630097097,16063097,matched,Gerstungen,gemeinschaftsfreie Gemeinde,8979,46935872.05,5227.29,2976875.00,2067586.16,41891410.89,STATISTIKPORTAL_INTEGRATED_2023_T1
2023,16,16063,municipality,160630098098,16063098,matched,Hörselberg-Hainich,gemeinschaftsfreie Gemeinde,6041,24716586.19,4091.47,8141763.00,2590779.20,13984043.99,STATISTIKPORTAL_INTEGRATED_2023_T1
2023,16,16063,municipality,160630099099,16063099,matched,"Bad Liebenstein, Stadt",gemeinschaftsfreie Gemeinde,7693,17326643.84,2252.26,24565.00,3318.63,17298760.21,STATISTIKPORTAL_INTEGRATED_2023_T1
2023,16,16063,municipality,160630101101,16063101,matched,Krayenberggemeinde,gemeinschaftsfreie Gemeinde,4987,12947544.77,2596.26,2064275.00,2212.59,10881057.18,STATISTIKPORTAL_INTEGRATED_2023_T1
2023,16,16063,municipality,160630103103,16063103,matched,"Werra-Suhl-Tal, Stadt",gemeinschaftsfreie Gemeinde,6272,22480583.46,3584.28,3504316.00,2149194.36,16827073.10,STATISTIKPORTAL_INTEGRATED_2023_T1
2023,16,16063,municipality,160630105105,16063105,matched,"Eisenach, Stadt",gemeinschaftsfreie Gemeinde,42644,135317050.62,3173.18,20249792.00,8021887.85,107045370.77,STATISTIKPORTAL_INTEGRATED_2023_T1
2023,16,16063,joint_administration,160635006,,not_applicable,VGHH Hainich-Werratal,Verwaltungsgemeinschaftshaushalt,9203,0.00,0.00,0.00,0.00,0.00,STATISTIKPORTAL_INTEGRATED_2023_T1
2023,16,16063,municipality,160635006006,16063006,matched,Berka v. d. Hainich,Mitgliedsgemeinde,701,673205.54,960.35,0.00,0.00,673205.54,STATISTIKPORTAL_INTEGRATED_2023_T1
2023,16,16063,municipality,160635006008,16063008,matched,Bischofroda,Mitgliedsgemeinde,627,710025.04,1132.42,0.00,0.00,710025.04,STATISTIKPORTAL_INTEGRATED_2023_T1
2023,16,16063,municipality,160635006028,16063028,not_in_2024_atlas,Frankenroda,Mitgliedsgemeinde,311,662685.71,2130.82,0.00,0.00,662685.71,STATISTIKPORTAL_INTEGRATED_2023_T1
2023,16,16063,municipality,160635006037,16063037,not_in_2024_atlas,Hallungen,Mitgliedsgemeinde,181,730785.71,4037.49,68100.00,0.00,662685.71,STATISTIKPORTAL_INTEGRATED_2023_T1
2023,16,16063,municipality,160635006046,16063046,matched,Krauthausen,Mitgliedsgemeinde,1546,3743755.04,2421.58,0.00,0.00,3743755.04,STATISTIKPORTAL_INTEGRATED_2023_T1
2023,16,16063,municipality,160635006049,16063049,matched,Lauterbach,Mitgliedsgemeinde,660,699505.19,1059.86,0.00,0.00,699505.19,STATISTIKPORTAL_INTEGRATED_2023_T1
2023,16,16063,municipality,160635006058,16063058,matched,Nazza,Mitgliedsgemeinde,529,788924.01,1491.35,0.00,0.00,788924.01,STATISTIKPORTAL_INTEGRATED_2023_T1
2023,16,16063,municipality,160635006104,16063104,matched,"Amt Creuzburg, Stadt",Mitgliedsgemeinde,4648,6045391.91,1300.64,687035.00,0.00,5358356.91,STATISTIKPORTAL_INTEGRATED_2023_T1
2023,16,16063,municipality,160635051003,16063003,matched,"Bad Salzungen, Stadt",erfüllende Gemeinde,23125,80281539.32,3471.63,6273164.00,1383442.69,72624932.63,STATISTIKPORTAL_INTEGRATED_2023_T1
2023,16,16063,municipality,160635051051,16063051,matched,Leimbach,beauftragende Gemeinde,1722,4246156.76,2465.83,0.00,367897.52,3878259.24,STATISTIKPORTAL_INTEGRATED_2023_T1
2023,16,16063,municipality,160635056011,16063011,matched,Buttlar,beauftragende Gemeinde,1237,3543083.21,2864.25,257620.00,1521.26,3283941.95,STATISTIKPORTAL_INTEGRATED_2023_T1
2023,16,16063,municipality,160635056032,16063032,matched,"Geisa, Stadt",erfüllende Gemeinde,4807,12622026.73,2625.76,4379184.00,4977.94,8237864.79,STATISTIKPORTAL_INTEGRATED_2023_T1
2023,16,16063,municipality,160635056033,16063033,matched,Gerstengrund,beauftragende Gemeinde,67,1639954.81,24476.94,0.00,345.67,1639609.14,STATISTIKPORTAL_INTEGRATED_2023_T1
2023,16,16063,municipality,160635056068,16063068,matched,Schleid,beauftragende Gemeinde,1014,3353163.58,3306.87,67500.00,1935.95,3283727.63,STATISTIKPORTAL_INTEGRATED_2023_T1
2023,16,16063,municipality,160635057066,16063066,matched,"Ruhla, Stadt",erfüllende Gemeinde,5274,13558195.97,2570.76,2299569.00,207.61,11258419.36,STATISTIKPORTAL_INTEGRATED_2023_T1
2023,16,16063,municipality,160635057071,16063071,matched,Seebach,beauftragende Gemeinde,1732,5265545.70,3040.15,190374.00,0.00,5075171.70,STATISTIKPORTAL_INTEGRATED_2023_T1
2023,16,16063,municipality,160635059015,16063015,matched,Dermbach,erfüllende Gemeinde,7104,17033636.17,2397.75,2220023.00,6360.61,14807252.56,STATISTIKPORTAL_INTEGRATED_2023_T1
2023,16,16063,municipality,160635059023,16063023,matched,Empfertshausen,beauftragende Gemeinde,515,1735130.88,3369.19,93100.00,345.67,1641685.21,STATISTIKPORTAL_INTEGRATED_2023_T1
2023,16,16063,municipality,160635059062,16063062,matched,Oechsen,beauftragende Gemeinde,603,1854062.58,3074.73,210639.00,898.95,1642524.63,STATISTIKPORTAL_INTEGRATED_2023_T1
2023,16,16063,municipality,160635059084,16063084,matched,Weilar,beauftragende Gemeinde,807,1911574.55,2368.74,267620.00,1037.00,1642917.55,STATISTIKPORTAL_INTEGRATED_2023_T1
2023,16,16063,municipality,160635059086,16063086,matched,Wiesenthal,beauftragende Gemeinde,722,2178845.23,3017.79,473948.00,967.98,1703929.25,STATISTIKPORTAL_INTEGRATED_2023_T1
2023,16,16064,county_administration,16064,,not_applicable,LKV Unstrut-Hainich-Kreis,Landkreisverwaltung,98290,106807822.09,1086.66,19543690.00,3144900.00,84119232.09,STATISTIKPORTAL_INTEGRATED_2023_T1
2023,16,16064,municipality,160640003003,16064003,matched,"Bad Langensalza, Stadt",gemeinschaftsfreie Gemeinde,17304,62123285.77,3590.11,8685923.00,1369837.28,52067525.49,STATISTIKPORTAL_INTEGRATED_2023_T1
2023,16,16064,municipality,160640046046,16064046,matched,"Mühlhausen/Thüringen, Stadt",gemeinschaftsfreie Gemeinde,36597,47079019.26,1286.42,3483949.00,3111912.94,40483157.32,STATISTIKPORTAL_INTEGRATED_2023_T1
2023,16,16064,municipality,160640071071,16064071,matched,Unstruttal,gemeinschaftsfreie Gemeinde,6146,17874724.94,2908.35,954035.00,4531382.01,12389307.93,STATISTIKPORTAL_INTEGRATED_2023_T1
2023,16,16064,joint_administration,160645001,,not_applicable,VGHH Bad Tennstedt,Verwaltungsgemeinschaftshaushalt,6586,0.00,0.00,0.00,0.00,0.00,STATISTIKPORTAL_INTEGRATED_2023_T1
2023,16,16064,municipality,160645001004,16064004,matched,"Bad Tennstedt, Stadt",Mitgliedsgemeinde,2493,8809318.72,3533.62,1330800.00,1742075.67,5736443.05,STATISTIKPORTAL_INTEGRATED_2023_T1
2023,16,16064,municipality,160645001005,16064005,matched,Ballhausen,Mitgliedsgemeinde,849,1605195.01,1890.69,23236.00,0.00,1581959.01,STATISTIKPORTAL_INTEGRATED_2023_T1
2023,16,16064,municipality,160645001007,16064007,matched,Blankenburg,Mitgliedsgemeinde,161,1508848.27,9371.73,0.00,129042.64,1379805.63,STATISTIKPORTAL_INTEGRATED_2023_T1
2023,16,16064,municipality,160645001009,16064009,matched,Bruchstedt,Mitgliedsgemeinde,283,1393625.05,4924.47,43103.00,0.00,1350522.05,STATISTIKPORTAL_INTEGRATED_2023_T1
2023,16,16064,municipality,160645001021,16064021,matched,Haussömmern,Mitgliedsgemeinde,208,1445944.56,6951.66,58603.00,0.00,1387341.56,STATISTIKPORTAL_INTEGRATED_2023_T1
2023,16,16064,municipality,160645001027,16064027,matched,Hornsömmern,Mitgliedsgemeinde,145,1350522.05,9313.95,0.00,0.00,1350522.05,STATISTIKPORTAL_INTEGRATED_2023_T1
2023,16,16064,municipality,160645001033,16064033,matched,Kirchheilingen,Mitgliedsgemeinde,770,1490187.26,1935.31,2907.00,0.00,1487280.26,STATISTIKPORTAL_INTEGRATED_2023_T1
2023,16,16064,municipality,160645001038,16064038,matched,Kutzleben,Mitgliedsgemeinde,593,1721212.19,2902.55,0.00,0.00,1721212.19,STATISTIKPORTAL_INTEGRATED_2023_T1
2023,16,16064,municipality,160645001045,16064045,matched,Mittelsömmern,Mitgliedsgemeinde,200,1315196.59,6575.98,6754.00,0.00,1308442.59,STATISTIKPORTAL_INTEGRATED_2023_T1
2023,16,16064,municipality,160645001061,16064061,matched,Sundhausen,Mitgliedsgemeinde,363,1705200.82,4697.52,86864.00,188600.78,1429736.04,STATISTIKPORTAL_INTEGRATED_2023_T1
2023,16,16064,municipality,160645001062,16064062,matched,Tottleben,Mitgliedsgemeinde,136,1314023.59,9661.94,5581.00,0.00,1308442.59,STATISTIKPORTAL_INTEGRATED_2023_T1
2023,16,16064,municipality,160645001064,16064064,matched,Urleben,Mitgliedsgemeinde,385,1618336.82,4203.47,0.00,188600.78,1429736.04,STATISTIKPORTAL_INTEGRATED_2023_T1
2023,16,16064,municipality,160645051019,16064019,matched,Großvargula,beauftragende Gemeinde,689,1968495.63,2857.03,0.00,511207.39,1457288.24,STATISTIKPORTAL_INTEGRATED_2023_T1
2023,16,16064,municipality,160645051022,16064022,matched,Herbsleben,erfüllende Gemeinde,2899,5172378.54,1784.19,0.00,1727186.13,3445192.41,STATISTIKPORTAL_INTEGRATED_2023_T1
2023,16,16064,municipality,160645052055,16064055,not_in_2024_atlas,Rodeberg,beauftragende Gemeinde,2035,3708203.51,1822.21,2131316.00,3047.50,1573840.01,STATISTIKPORTAL_INTEGRATED_2023_T1
2023,16,16064,municipality,160645052074,16064074,matched,Südeichsfeld,erfüllende Gemeinde,6393,10122787.79,1583.42,5701343.00,9147.50,4412297.29,STATISTIKPORTAL_INTEGRATED_2023_T1
2023,16,16064,municipality,160645053032,16064032,matched,Kammerforst,beauftragende Gemeinde,796,1869231.93,2348.28,50253.00,684918.64,1134060.29,STATISTIKPORTAL_INTEGRATED_2023_T1
2023,16,16064,municipality,160645053053,16064053,matched,Oppershausen,beauftragende Gemeinde,282,675578.92,2395.67,0.00,0.00,675578.92,STATISTIKPORTAL_INTEGRATED_2023_T1
2023,16,16064,municipality,160645053075,16064075,matched,Vogtei,erfüllende Gemeinde,4240,6279112.02,1480.92,367072.00,3072207.52,2839832.50,STATISTIKPORTAL_INTEGRATED_2023_T1
2023,16,16064,municipality,160645054058,16064058,not_in_2024_atlas,Schönstedt,beauftragende Gemeinde,1315,3056263.03,2324.15,297500.00,0.00,2758763.03,STATISTIKPORTAL_INTEGRATED_2023_T1
2023,16,16064,municipality,160645054076,16064076,matched,Unstrut-Hainich,erfüllende Gemeinde,5160,14625420.70,2834.38,2085998.00,3876242.44,8663180.26,STATISTIKPORTAL_INTEGRATED_2023_T1
2023,16,16064,municipality,160645055037,16064037,matched,Körner,beauftragende Gemeinde,1633,5998642.65,3673.39,2188226.00,1503843.10,2306573.55,STATISTIKPORTAL_INTEGRATED_2023_T1
2023,16,16064,municipality,160645055043,16064043,matched,Marolterode,beauftragende Gemeinde,297,1136751.48,3827.45,93912.00,282901.18,759938.30,STATISTIKPORTAL_INTEGRATED_2023_T1
2023,16,16064,municipality,160645055077,16064077,matched,"Nottertal-Heilinger Höhen, Stadt",erfüllende Gemeinde,5918,25801587.01,4359.85,10458063.00,3583414.91,11760109.10,STATISTIKPORTAL_INTEGRATED_2023_T1
2023,16,16065,county_administration,16065,,not_applicable,LKV Kyffhäuserkreis,Landkreisverwaltung,73714,127321961.85,1727.24,41091590.00,4683286.00,81547085.85,STATISTIKPORTAL_INTEGRATED_2023_T1
2023,16,16065,municipality,160650003003,16065003,matched,"Bad Frankenhausen/Kyffhäuser, Stadt",gemeinschaftsfreie Gemeinde,10036,16908573.19,1684.79,11707662.00,190419.41,5010491.78,STATISTIKPORTAL_INTEGRATED_2023_T1
2023,16,16065,municipality,160650032032,16065032,matched,Helbedündorf,gemeinschaftsfreie Gemeinde,2155,2645903.01,1227.80,0.00,1017477.09,1628425.92,STATISTIKPORTAL_INTEGRATED_2023_T1
2023,16,16065,municipality,160650067067,16065067,matched,"Sondershausen, Stadt",gemeinschaftsfreie Gemeinde,21351,57753059.06,2704.93,654393.00,2271184.93,54827481.13,STATISTIKPORTAL_INTEGRATED_2023_T1
2023,16,16065,municipality,160650085085,16065085,matched,Kyffhäuserland,gemeinschaftsfreie Gemeinde,3854,3419652.95,887.30,622820.00,481704.24,2315128.71,STATISTIKPORTAL_INTEGRATED_2023_T1
2023,16,16065,municipality,160650087087,16065087,matched,"Roßleben-Wiehe, Stadt",gemeinschaftsfreie Gemeinde,7261,5464184.11,752.54,2372551.00,7447.87,3084185.24,STATISTIKPORTAL_INTEGRATED_2023_T1
2023,16,16065,municipality,160650089089,16065089,matched,"Greußen, Stadt",gemeinschaftsfreie Gemeinde,5770,5688592.13,985.89,1687951.00,807798.10,3192843.03,STATISTIKPORTAL_INTEGRATED_2023_T1
2023,16,16065,joint_administration,160655002,,not_applicable,VGHH Greußen,Verwaltungsgemeinschaftshaushalt,3058,0.00,0.00,0.00,0.00,0.00,STATISTIKPORTAL_INTEGRATED_2023_T1
2023,16,16065,municipality,160655002012,16065012,matched,"Clingen, Stadt",Mitgliedsgemeinde,1049,2030380.85,1935.54,0.00,754403.14,1275977.71,STATISTIKPORTAL_INTEGRATED_2023_T1
2023,16,16065,municipality,160655002048,16065048,matched,Niederbösa,Mitgliedsgemeinde,118,440626.34,3734.12,0.00,64772.21,375854.13,STATISTIKPORTAL_INTEGRATED_2023_T1
2023,16,16065,municipality,160655002051,16065051,matched,Oberbösa,Mitgliedsgemeinde,310,559589.69,1805.13,0.00,129644.28,429945.41,STATISTIKPORTAL_INTEGRATED_2023_T1
2023,16,16065,municipality,160655002074,16065074,matched,Topfstedt,Mitgliedsgemeinde,557,1015340.86,1822.87,0.00,377351.98,637988.88,STATISTIKPORTAL_INTEGRATED_2023_T1
2023,16,16065,municipality,160655002075,16065075,matched,Trebra,Mitgliedsgemeinde,293,551042.60,1880.69,0.00,125258.05,425784.55,STATISTIKPORTAL_INTEGRATED_2023_T1
2023,16,16065,municipality,160655002077,16065077,matched,Wasserthaleben,Mitgliedsgemeinde,371,1079058.75,2908.51,0.00,411943.82,667114.93,STATISTIKPORTAL_INTEGRATED_2023_T1
2023,16,16065,municipality,160655002079,16065079,matched,Westgreußen,Mitgliedsgemeinde,360,887453.76,2465.15,0.00,307717.07,579736.69,STATISTIKPORTAL_INTEGRATED_2023_T1
2023,16,16065,municipality,160655052001,16065001,matched,Abtsbessingen,beauftragende Gemeinde,484,437481.34,903.89,0.00,0.00,437481.34,STATISTIKPORTAL_INTEGRATED_2023_T1
2023,16,16065,municipality,160655052005,16065005,matched,Bellstedt,beauftragende Gemeinde,161,440375.45,2735.25,0.00,64521.32,375854.13,STATISTIKPORTAL_INTEGRATED_2023_T1
2023,16,16065,municipality,160655052014,16065014,matched,"Ebeleben, Stadt",erfüllende Gemeinde,2704,6006398.57,2221.30,407136.00,2020013.67,3579248.90,STATISTIKPORTAL_INTEGRATED_2023_T1
2023,16,16065,municipality,160655052018,16065018,matched,Freienbessingen,beauftragende Gemeinde,207,558988.05,2700.43,0.00,129042.64,429945.41,STATISTIKPORTAL_INTEGRATED_2023_T1
2023,16,16065,municipality,160655052038,16065038,matched,Holzsußra,beauftragende Gemeinde,263,359211.54,1365.82,11149.00,0.00,348062.54,STATISTIKPORTAL_INTEGRATED_2023_T1
2023,16,16065,municipality,160655052058,16065058,matched,Rockstedt,beauftragende Gemeinde,201,387322.37,1926.98,28740.00,0.00,358582.37,STATISTIKPORTAL_INTEGRATED_2023_T1
2023,16,16065,municipality,160655055008,16065008,matched,Borxleben,beauftragende Gemeinde,278,385766.40,1387.65,0.00,203.25,385563.15,STATISTIKPORTAL_INTEGRATED_2023_T1
2023,16,16065,municipality,160655055019,16065019,matched,Gehofen,beauftragende Gemeinde,595,430701.29,723.87,44664.00,474.14,385563.15,STATISTIKPORTAL_INTEGRATED_2023_T1
2023,16,16065,municipality,160655055042,16065042,matched,Kalbsrieth,beauftragende Gemeinde,593,441357.33,744.28,55388.00,406.18,385563.15,STATISTIKPORTAL_INTEGRATED_2023_T1
2023,16,16065,municipality,160655055046,16065046,matched,Mönchpfiffel-Nikolausrieth,beauftragende Gemeinde,299,390301.68,1305.36,4400.00,338.53,385563.15,STATISTIKPORTAL_INTEGRATED_2023_T1
2023,16,16065,municipality,160655055056,16065056,matched,Reinsdorf,beauftragende Gemeinde,811,971433.76,1197.82,7669.00,406.18,963358.58,STATISTIKPORTAL_INTEGRATED_2023_T1
2023,16,16065,municipality,160655055086,16065086,matched,"Artern, Stadt",erfüllende Gemeinde,6628,15147957.15,2285.45,5946525.00,6499.91,9194932.24,STATISTIKPORTAL_INTEGRATED_2023_T1
2023,16,16065,municipality,160655056016,16065016,matched,Etzleben,beauftragende Gemeinde,266,1271108.49,4778.60,307513.00,236.91,963358.58,STATISTIKPORTAL_INTEGRATED_2023_T1
2023,16,16065,municipality,160655056052,16065052,matched,Oberheldrungen,beauftragende Gemeinde,742,963798.74,1298.92,0.00,440.16,963358.58,STATISTIKPORTAL_INTEGRATED_2023_T1
2023,16,16065,municipality,160655056088,16065088,matched,"An der Schmücke, Stadt",erfüllende Gemeinde,5997,6670495.24,1112.31,1399723.00,8322.71,5262449.53,STATISTIKPORTAL_INTEGRATED_2023_T1
2023,16,16066,county_administration,16066,,not_applicable,LKV Schmalkalden-Meiningen,Landkreisverwaltung,123562,79698351.31,645.01,0.00,3501147.00,76197204.31,STATISTIKPORTAL_INTEGRATED_2023_T1
2023,16,16066,municipality,160660023023,16066023,matched,Floh-Seligenthal,gemeinschaftsfreie Gemeinde,5826,10459910.36,1795.38,0.00,0.00,10459910.36,STATISTIKPORTAL_INTEGRATED_2023_T1
2023,16,16066,municipality,160660047047,16066047,matched,"Oberhof, Stadt",gemeinschaftsfreie Gemeinde,1628,16048633.29,9857.88,37699.00,8211861.77,7799072.52,STATISTIKPORTAL_INTEGRATED_2023_T1
2023,16,16066,municipality,160660063063,16066063,matched,"Schmalkalden, Kurort, Stadt",gemeinschaftsfreie Gemeinde,19855,80049034.21,4031.68,15767947.00,7057847.49,57223239.72,STATISTIKPORTAL_INTEGRATED_2023_T1
2023,16,16066,municipality,160660069069,16066069,matched,"Steinbach-Hallenberg, Kurort, Stadt",gemeinschaftsfreie Gemeinde,9367,25316756.49,2702.76,9698098.00,3856389.73,11762268.76,STATISTIKPORTAL_INTEGRATED_2023_T1
2023,16,16066,municipality,160660074074,16066074,matched,"Brotterode-Trusetal, Stadt",gemeinschaftsfreie Gemeinde,5733,14017592.93,2445.07,2344204.00,1752278.66,9921110.27,STATISTIKPORTAL_INTEGRATED_2023_T1
2023,16,16066,municipality,160660092092,16066092,matched,"Zella-Mehlis, Stadt",gemeinschaftsfreie Gemeinde,12477,15001036.79,1202.30,952807.00,2322519.23,11725710.56,STATISTIKPORTAL_INTEGRATED_2023_T1
2023,16,16066,municipality,160660093093,16066093,matched,Rhönblick,gemeinschaftsfreie Gemeinde,2605,4444218.21,1706.03,1174842.00,0.00,3269376.21,STATISTIKPORTAL_INTEGRATED_2023_T1
2023,16,16066,municipality,160660094094,16066094,matched,Grabfeld,gemeinschaftsfreie Gemeinde,5531,8458465.30,1529.28,123750.00,2400299.82,5934415.48,STATISTIKPORTAL_INTEGRATED_2023_T1
2023,16,16066,joint_administration,160665005,,not_applicable,VGHH Hohe Rhön,Verwaltungsgemeinschaftshaushalt,8005,0.00,0.00,0.00,0.00,0.00,STATISTIKPORTAL_INTEGRATED_2023_T1
2023,16,16066,municipality,160665005012,16066012,matched,Birx,Mitgliedsgemeinde,166,1741407.79,10490.41,101341.00,207.61,1639859.18,STATISTIKPORTAL_INTEGRATED_2023_T1
2023,16,16066,municipality,160665005019,16066019,matched,Erbenhausen,Mitgliedsgemeinde,561,1300079.24,2317.43,117998.00,33118.34,1148962.90,STATISTIKPORTAL_INTEGRATED_2023_T1
2023,16,16066,municipality,160665005024,16066024,matched,Frankenheim/Rhön,Mitgliedsgemeinde,1041,2733982.35,2626.30,962117.00,48803.17,1723062.18,STATISTIKPORTAL_INTEGRATED_2023_T1
2023,16,16066,municipality,160665005052,16066052,matched,Oberweid,Mitgliedsgemeinde,484,2159282.35,4461.33,516426.00,760.36,1642095.99,STATISTIKPORTAL_INTEGRATED_2023_T1
2023,16,16066,municipality,160665005095,16066095,matched,"Kaltennordheim, Stadt",Mitgliedsgemeinde,5753,12340609.04,2145.07,2822039.00,102271.93,9416298.11,STATISTIKPORTAL_INTEGRATED_2023_T1
2023,16,16066,joint_administration,160665013,,not_applicable,VGHH Wasungen-Amt Sand,Verwaltungsgemeinschaftshaushalt,8265,0.00,0.00,0.00,0.00,0.00,STATISTIKPORTAL_INTEGRATED_2023_T1
2023,16,16066,municipality,160665013025,16066025,matched,Friedelshausen,Mitgliedsgemeinde,290,1269872.10,4378.87,53620.00,52003.08,1164249.02,STATISTIKPORTAL_INTEGRATED_2023_T1
2023,16,16066,municipality,160665013041,16066041,matched,Mehmels,Mitgliedsgemeinde,336,1636113.05,4869.38,228325.00,156160.80,1251627.25,STATISTIKPORTAL_INTEGRATED_2023_T1
2023,16,16066,municipality,160665013064,16066064,matched,Schwallungen,Mitgliedsgemeinde,2192,3800598.72,1733.85,0.00,848334.71,2952264.01,STATISTIKPORTAL_INTEGRATED_2023_T1
2023,16,16066,municipality,160665013086,16066086,matched,"Wasungen, Stadt",Mitgliedsgemeinde,5447,14839683.05,2724.38,2795982.00,6181841.91,5861859.14,STATISTIKPORTAL_INTEGRATED_2023_T1
2023,16,16066,joint_administration,160665014,,not_applicable,VGHH Dolmar-Salzbrücke,Verwaltungsgemeinschaftshaushalt,8563,64597.00,7.54,64597.00,0.00,0.00,STATISTIKPORTAL_INTEGRATED_2023_T1
2023,16,16066,municipality,160665014005,16066005,matched,Belrieth,Mitgliedsgemeinde,328,1221504.41,3724.10,4998.00,32081.34,1184425.07,STATISTIKPORTAL_INTEGRATED_2023_T1
2023,16,16066,municipality,160665014015,16066015,matched,Christes,Mitgliedsgemeinde,530,377483.20,712.23,0.00,31179.11,346304.09,STATISTIKPORTAL_INTEGRATED_2023_T1
2023,16,16066,municipality,160665014016,16066016,matched,Dillstädt,Mitgliedsgemeinde,745,654492.76,878.51,0.00,43989.41,610503.35,STATISTIKPORTAL_INTEGRATED_2023_T1
2023,16,16066,municipality,160665014017,16066017,matched,Einhausen,Mitgliedsgemeinde,408,1487512.58,3645.86,281526.00,32081.34,1173905.24,STATISTIKPORTAL_INTEGRATED_2023_T1
2023,16,16066,municipality,160665014018,16066018,matched,Ellingshausen,Mitgliedsgemeinde,206,1346267.43,6535.28,57092.00,91639.48,1197535.95,STATISTIKPORTAL_INTEGRATED_2023_T1
2023,16,16066,municipality,160665014038,16066038,matched,Kühndorf,Mitgliedsgemeinde,892,1065966.81,1195.03,232000.00,52087.88,781878.93,STATISTIKPORTAL_INTEGRATED_2023_T1
2023,16,16066,municipality,160665014039,16066039,matched,Leutersdorf,Mitgliedsgemeinde,204,1239246.45,6074.74,28000.00,32081.34,1179165.11,STATISTIKPORTAL_INTEGRATED_2023_T1
2023,16,16066,municipality,160665014045,16066045,matched,Neubrunn,Mitgliedsgemeinde,500,1411123.84,2822.25,0.00,32081.34,1379042.50,STATISTIKPORTAL_INTEGRATED_2023_T1
2023,16,16066,municipality,160665014049,16066049,matched,Obermaßfeld-Grimmenthal,Mitgliedsgemeinde,1235,1926953.74,1560.29,0.00,48111.83,1878841.91,STATISTIKPORTAL_INTEGRATED_2023_T1
2023,16,16066,municipality,160665014057,16066057,matched,Ritschenhausen,Mitgliedsgemeinde,317,2044326.36,6448.98,0.00,473804.23,1570522.13,STATISTIKPORTAL_INTEGRATED_2023_T1
2023,16,16066,municipality,160665014058,16066058,matched,Rohr,Mitgliedsgemeinde,915,1259953.48,1377.00,489600.00,52492.81,717860.67,STATISTIKPORTAL_INTEGRATED_2023_T1
2023,16,16066,municipality,160665014065,16066065,matched,Schwarza,Mitgliedsgemeinde,1130,1737075.51,1537.23,364187.00,384676.67,988211.84,STATISTIKPORTAL_INTEGRATED_2023_T1
2023,16,16066,municipality,160665014079,16066079,matched,Utendorf,Mitgliedsgemeinde,418,1179686.88,2822.22,0.00,32081.34,1147605.54,STATISTIKPORTAL_INTEGRATED_2023_T1
2023,16,16066,municipality,160665014081,16066081,matched,Vachdorf,Mitgliedsgemeinde,735,1439414.45,1958.39,228168.00,32081.34,1179165.11,STATISTIKPORTAL_INTEGRATED_2023_T1
2023,16,16066,municipality,160665050042,16066042,matched,"Meiningen, Stadt",erfüllende Gemeinde,24929,55178599.03,2213.43,1117520.00,3577921.74,50483157.29,STATISTIKPORTAL_INTEGRATED_2023_T1
2023,16,16066,municipality,160665050056,16066056,matched,Rippershausen,beauftragende Gemeinde,804,1736253.76,2159.52,0.00,334835.23,1401418.53,STATISTIKPORTAL_INTEGRATED_2023_T1
2023,16,16066,municipality,160665050073,16066073,not_in_2024_atlas,Sülzfeld,beauftragende Gemeinde,823,2431864.41,2954.88,1639000.00,362312.03,430552.38,STATISTIKPORTAL_INTEGRATED_2023_T1
2023,16,16066,municipality,160665050076,16066076,matched,Untermaßfeld,beauftragende Gemeinde,1338,3046522.44,2276.92,0.00,742956.83,2303565.61,STATISTIKPORTAL_INTEGRATED_2023_T1
2023,16,16066,municipality,160665051013,16066013,matched,Breitungen/Werra,erfüllende Gemeinde,4572,10876403.42,2378.92,1250210.00,2834.90,9623358.52,STATISTIKPORTAL_INTEGRATED_2023_T1
2023,16,16066,municipality,160665051022,16066022,matched,Fambach,beauftragende Gemeinde,1977,3948122.03,1997.03,270625.00,0.00,3677497.03,STATISTIKPORTAL_INTEGRATED_2023_T1
2023,16,16066,municipality,160665051059,16066059,matched,Rosa,beauftragende Gemeinde,683,995440.43,1457.45,0.00,69.03,995371.40,STATISTIKPORTAL_INTEGRATED_2023_T1
2023,16,16066,municipality,160665051061,16066061,matched,Roßdorf,beauftragende Gemeinde,581,960235.72,1652.73,25863.00,345.67,934027.05,STATISTIKPORTAL_INTEGRATED_2023_T1
2023,16,16067,county_administration,16067,,not_applicable,LKV Gotha,Landkreisverwaltung,134810,101896424.01,755.85,17999745.00,15796.67,83880882.34,STATISTIKPORTAL_INTEGRATED_2023_T1
2023,16,16067,municipality,160670019019,16067019,matched,"Friedrichroda, Stadt",gemeinschaftsfreie Gemeinde,7129,15330791.91,2150.48,1008224.00,147762.00,14174805.91,STATISTIKPORTAL_INTEGRATED_2023_T1
2023,16,16067,municipality,160670029029,16067029,matched,"Gotha, Stadt",gemeinschaftsfreie Gemeinde,46158,151575790.64,3283.85,10183929.00,1100120.50,140291741.14,STATISTIKPORTAL_INTEGRATED_2023_T1
2023,16,16067,municipality,160670064064,16067064,matched,Bad Tabarz,gemeinschaftsfreie Gemeinde,4234,20614595.00,4868.82,7968187.00,0.00,12646408.00,STATISTIKPORTAL_INTEGRATED_2023_T1
2023,16,16067,municipality,160670065065,16067065,matched,"Tambach-Dietharz/Thür. Wald, Stadt",gemeinschaftsfreie Gemeinde,4283,10359846.63,2418.83,126962.00,0.00,10232884.63,STATISTIKPORTAL_INTEGRATED_2023_T1
2023,16,16067,municipality,160670072072,16067072,matched,"Waltershausen, Stadt",gemeinschaftsfreie Gemeinde,12594,34789367.68,2762.38,4671245.00,362381.06,29755741.62,STATISTIKPORTAL_INTEGRATED_2023_T1
2023,16,16067,municipality,160670087087,16067087,matched,Nesse-Apfelstädt,gemeinschaftsfreie Gemeinde,5931,27661177.97,4663.83,4265484.00,3623120.33,19772573.64,STATISTIKPORTAL_INTEGRATED_2023_T1
2023,16,16067,municipality,160670088088,16067088,matched,Hörsel,gemeinschaftsfreie Gemeinde,4667,14342525.51,3073.18,3750.00,1394653.17,12944122.34,STATISTIKPORTAL_INTEGRATED_2023_T1
2023,16,16067,joint_administration,160675007,,not_applicable,VGHH Nesseaue,Verwaltungsgemeinschaftshaushalt,5553,0.00,0.00,0.00,0.00,0.00,STATISTIKPORTAL_INTEGRATED_2023_T1
2023,16,16067,municipality,160675007004,16067004,matched,Bienstädt,Mitgliedsgemeinde,657,2364762.25,3599.33,34200.00,228306.21,2102256.04,STATISTIKPORTAL_INTEGRATED_2023_T1
2023,16,16067,municipality,160675007016,16067016,matched,Eschenbergen,Mitgliedsgemeinde,703,2910203.48,4139.69,707678.00,188600.78,2013924.70,STATISTIKPORTAL_INTEGRATED_2023_T1
2023,16,16067,municipality,160675007022,16067022,matched,Friemar,Mitgliedsgemeinde,985,2280063.11,2314.78,224374.00,0.00,2055689.11,STATISTIKPORTAL_INTEGRATED_2023_T1
2023,16,16067,municipality,160675007047,16067047,matched,Molschleben,Mitgliedsgemeinde,1012,2739162.34,2706.68,699253.00,0.00,2039909.34,STATISTIKPORTAL_INTEGRATED_2023_T1
2023,16,16067,municipality,160675007052,16067052,matched,Nottleben,Mitgliedsgemeinde,422,1005904.85,2383.66,0.00,0.00,1005904.85,STATISTIKPORTAL_INTEGRATED_2023_T1
2023,16,16067,municipality,160675007055,16067055,matched,Pferdingsleben,Mitgliedsgemeinde,378,1164231.07,3079.98,0.00,129042.64,1035188.43,STATISTIKPORTAL_INTEGRATED_2023_T1
2023,16,16067,municipality,160675007068,16067068,matched,Tröchtelborn,Mitgliedsgemeinde,302,1364110.07,4516.92,199879.00,129042.64,1035188.43,STATISTIKPORTAL_INTEGRATED_2023_T1
2023,16,16067,municipality,160675007071,16067071,matched,Tüttleben,Mitgliedsgemeinde,761,2664449.93,3501.25,571413.00,129042.64,1963994.29,STATISTIKPORTAL_INTEGRATED_2023_T1
2023,16,16067,municipality,160675007082,16067082,matched,Zimmernsupra,Mitgliedsgemeinde,333,1297193.97,3895.48,178283.00,74447.68,1044463.29,STATISTIKPORTAL_INTEGRATED_2023_T1
2023,16,16067,joint_administration,160675012,,not_applicable,VGHH Fahner Höhe,Verwaltungsgemeinschaftshaushalt,7233,0.00,0.00,0.00,0.00,0.00,STATISTIKPORTAL_INTEGRATED_2023_T1
2023,16,16067,municipality,160675012009,16067009,matched,Dachwig,Mitgliedsgemeinde,1632,4367915.23,2676.42,0.00,992635.71,3375279.52,STATISTIKPORTAL_INTEGRATED_2023_T1
2023,16,16067,municipality,160675012011,16067011,matched,Döllstädt,Mitgliedsgemeinde,1077,3826703.94,3553.11,584592.00,674992.28,2567119.66,STATISTIKPORTAL_INTEGRATED_2023_T1
2023,16,16067,municipality,160675012026,16067026,matched,Gierstädt,Mitgliedsgemeinde,785,1876679.35,2390.67,0.00,461575.60,1415103.75,STATISTIKPORTAL_INTEGRATED_2023_T1
2023,16,16067,municipality,160675012033,16067033,matched,Großfahner,Mitgliedsgemeinde,841,2214269.10,2632.90,0.00,645213.21,1569055.89,STATISTIKPORTAL_INTEGRATED_2023_T1
2023,16,16067,municipality,160675012067,16067067,matched,Tonna,Mitgliedsgemeinde,2898,7162738.50,2471.61,0.00,1821486.52,5341251.98,STATISTIKPORTAL_INTEGRATED_2023_T1
2023,16,16067,municipality,160675050044,16067044,matched,Luisenthal,beauftragende Gemeinde,1164,8851322.13,7604.23,416111.00,625360.50,7809850.63,STATISTIKPORTAL_INTEGRATED_2023_T1
2023,16,16067,municipality,160675050053,16067053,matched,"Ohrdruf, Stadt",erfüllende Gemeinde,9565,48833768.80,5105.46,3639850.00,4442044.79,40751874.01,STATISTIKPORTAL_INTEGRATED_2023_T1
2023,16,16067,municipality,160675052059,16067059,matched,Schwabhausen,beauftragende Gemeinde,776,2039483.04,2628.20,0.00,0.00,2039483.04,STATISTIKPORTAL_INTEGRATED_2023_T1
2023,16,16067,municipality,160675052089,16067089,matched,Drei Gleichen,erfüllende Gemeinde,7899,19675052.13,2490.83,1004533.00,1786744.27,16883774.86,STATISTIKPORTAL_INTEGRATED_2023_T1
2023,16,16067,municipality,160675053063,16067063,matched,Sonneborn,beauftragende Gemeinde,1210,5334604.53,4408.76,0.00,253122.11,5081482.42,STATISTIKPORTAL_INTEGRATED_2023_T1
2023,16,16067,municipality,160675053091,16067091,matched,Nessetal,erfüllende Gemeinde,7820,24351224.04,3113.97,1737061.00,2183798.56,20430364.48,STATISTIKPORTAL_INTEGRATED_2023_T1
2023,16,16067,municipality,160675054013,16067013,matched,Emleben,beauftragende Gemeinde,663,2202525.48,3322.06,0.00,188600.78,2013924.70,STATISTIKPORTAL_INTEGRATED_2023_T1
2023,16,16067,municipality,160675054036,16067036,not_in_2024_atlas,Herrenhof,beauftragende Gemeinde,717,4219916.37,5885.52,0.00,312680.25,3907236.12,STATISTIKPORTAL_INTEGRATED_2023_T1
2023,16,16067,municipality,160675054092,16067092,matched,Georgenthal,erfüllende Gemeinde,7214,22868774.47,3170.05,881280.00,1106788.81,20880705.66,STATISTIKPORTAL_INTEGRATED_2023_T1
2023,16,16068,county_administration,16068,,not_applicable,LKV Sömmerda,Landkreisverwaltung,69602,59392100.53,853.31,31391843.00,3312356.00,24687901.53,STATISTIKPORTAL_INTEGRATED_2023_T1
2023,16,16068,municipality,160680034034,16068034,matched,"Kölleda, Stadt",gemeinschaftsfreie Gemeinde,6516,20570974.50,3156.99,223830.00,4614459.55,15732684.95,STATISTIKPORTAL_INTEGRATED_2023_T1
2023,16,16068,municipality,160680051051,16068051,matched,"Sömmerda, Stadt",gemeinschaftsfreie Gemeinde,19196,48430775.13,2522.96,11963450.00,935922.10,35531403.03,STATISTIKPORTAL_INTEGRATED_2023_T1
2023,16,16068,municipality,160680058058,16068058,matched,"Weißensee, Stadt",gemeinschaftsfreie Gemeinde,3629,10938060.13,3014.07,8978105.00,253426.99,1706528.14,STATISTIKPORTAL_INTEGRATED_2023_T1
2023,16,16068,municipality,160680063063,16068063,matched,Buttstädt,gemeinschaftsfreie Gemeinde,6684,20316498.01,3039.57,11371258.00,2082822.52,6862417.49,STATISTIKPORTAL_INTEGRATED_2023_T1
2023,16,16068,joint_administration,160685002,,not_applicable,VGHH Gera-Aue,Verwaltungsgemeinschaftshaushalt,5097,867033.00,170.11,867033.00,0.00,0.00,STATISTIKPORTAL_INTEGRATED_2023_T1
2023,16,16068,municipality,160685002002,16068002,matched,Andisleben,Mitgliedsgemeinde,578,3069371.51,5310.33,1156196.00,481428.32,1431747.19,STATISTIKPORTAL_INTEGRATED_2023_T1
2023,16,16068,municipality,160685002014,16068014,matched,"Gebesee, Stadt",Mitgliedsgemeinde,2245,3686351.92,1642.03,139195.00,0.00,3547156.92,STATISTIKPORTAL_INTEGRATED_2023_T1
2023,16,16068,municipality,160685002045,16068045,matched,Ringleben,Mitgliedsgemeinde,484,1873602.66,3871.08,745521.00,0.00,1128081.66,STATISTIKPORTAL_INTEGRATED_2023_T1
2023,16,16068,municipality,160685002057,16068057,matched,Walschleben,Mitgliedsgemeinde,1790,6773451.67,3784.05,4325116.00,0.00,2448335.67,STATISTIKPORTAL_INTEGRATED_2023_T1
2023,16,16068,joint_administration,160685005,,not_applicable,VGHH Kindelbrück,Verwaltungsgemeinschaftshaushalt,5140,0.00,0.00,0.00,0.00,0.00,STATISTIKPORTAL_INTEGRATED_2023_T1
2023,16,16068,municipality,160685005005,16068005,matched,Büchel,Mitgliedsgemeinde,241,1110964.90,4609.81,522334.00,59795.05,528835.85,STATISTIKPORTAL_INTEGRATED_2023_T1
2023,16,16068,municipality,160685005015,16068015,matched,Griefstedt,Mitgliedsgemeinde,245,747697.90,3051.83,31364.00,129245.89,587088.01,STATISTIKPORTAL_INTEGRATED_2023_T1
2023,16,16068,municipality,160685005022,16068022,matched,Günstedt,Mitgliedsgemeinde,719,1570426.15,2184.18,1122.00,129144.27,1440159.88,STATISTIKPORTAL_INTEGRATED_2023_T1
2023,16,16068,municipality,160685005064,16068064,matched,"Kindelbrück, Stadt",Mitgliedsgemeinde,3935,8585182.63,2181.75,2462710.00,1789541.60,4332931.03,STATISTIKPORTAL_INTEGRATED_2023_T1
2023,16,16068,joint_administration,160685006,,not_applicable,VGHH Kölleda,Verwaltungsgemeinschaftshaushalt,4039,1301.92,0.32,0.00,1301.92,0.00,STATISTIKPORTAL_INTEGRATED_2023_T1
2023,16,16068,municipality,160685006019,16068019,matched,Großneuhausen,Mitgliedsgemeinde,632,1551415.74,2454.77,0.00,406.18,1551009.56,STATISTIKPORTAL_INTEGRATED_2023_T1
2023,16,16068,municipality,160685006033,16068033,matched,Kleinneuhausen,Mitgliedsgemeinde,436,1484820.19,3405.55,0.00,304.88,1484515.31,STATISTIKPORTAL_INTEGRATED_2023_T1
2023,16,16068,municipality,160685006041,16068041,matched,Ostramondra,Mitgliedsgemeinde,453,1907435.67,4210.67,0.00,313323.66,1594112.01,STATISTIKPORTAL_INTEGRATED_2023_T1
2023,16,16068,municipality,160685006042,16068042,matched,"Rastenberg, Stadt",Mitgliedsgemeinde,2518,3410127.99,1354.30,1503599.00,1219.18,1905309.81,STATISTIKPORTAL_INTEGRATED_2023_T1
2023,16,16068,joint_administration,160685009,,not_applicable,VGHH Straußfurt,Verwaltungsgemeinschaftshaushalt,6802,0.00,0.00,0.00,0.00,0.00,STATISTIKPORTAL_INTEGRATED_2023_T1
2023,16,16068,municipality,160685009013,16068013,matched,Gangloffsömmern,Mitgliedsgemeinde,951,1172333.05,1232.74,0.00,377201.57,795131.48,STATISTIKPORTAL_INTEGRATED_2023_T1
2023,16,16068,municipality,160685009025,16068025,matched,Haßleben,Mitgliedsgemeinde,953,1323650.82,1388.93,0.00,0.00,1323650.82,STATISTIKPORTAL_INTEGRATED_2023_T1
2023,16,16068,municipality,160685009044,16068044,matched,Riethnordhausen,Mitgliedsgemeinde,1003,1023834.75,1020.77,0.00,0.00,1023834.75,STATISTIKPORTAL_INTEGRATED_2023_T1
2023,16,16068,municipality,160685009049,16068049,matched,Schwerstedt,Mitgliedsgemeinde,568,1736949.49,3058.01,0.00,253122.11,1483827.38,STATISTIKPORTAL_INTEGRATED_2023_T1
2023,16,16068,municipality,160685009053,16068053,matched,Straußfurt,Mitgliedsgemeinde,2056,6019461.89,2927.75,1357792.00,1345123.01,3316546.88,STATISTIKPORTAL_INTEGRATED_2023_T1
2023,16,16068,municipality,160685009059,16068059,matched,Werningshausen,Mitgliedsgemeinde,637,1010291.24,1586.01,23276.00,0.00,987015.24,STATISTIKPORTAL_INTEGRATED_2023_T1
2023,16,16068,municipality,160685009062,16068062,matched,Wundersleben,Mitgliedsgemeinde,634,1588280.46,2505.17,164426.00,169.27,1423685.19,STATISTIKPORTAL_INTEGRATED_2023_T1
2023,16,16068,joint_administration,160685012,,not_applicable,VGHH Gramme-Vippach,Verwaltungsgemeinschaftshaushalt,9157,0.00,0.00,0.00,0.00,0.00,STATISTIKPORTAL_INTEGRATED_2023_T1
2023,16,16068,municipality,160685012001,16068001,matched,Alperstedt,Mitgliedsgemeinde,752,1693103.49,2251.47,586092.00,352385.68,754625.81,STATISTIKPORTAL_INTEGRATED_2023_T1
2023,16,16068,municipality,160685012007,16068007,matched,Eckstedt,Mitgliedsgemeinde,586,1453725.31,2480.76,0.00,540986.46,912738.85,STATISTIKPORTAL_INTEGRATED_2023_T1
2023,16,16068,municipality,160685012017,16068017,matched,Großmölsen,Mitgliedsgemeinde,232,419706.15,1809.08,0.00,228306.21,191399.94,STATISTIKPORTAL_INTEGRATED_2023_T1
2023,16,16068,municipality,160685012021,16068021,matched,Großrudestedt,Mitgliedsgemeinde,1903,1562779.50,821.22,575275.00,33.98,987470.52,STATISTIKPORTAL_INTEGRATED_2023_T1
2023,16,16068,municipality,160685012032,16068032,matched,Kleinmölsen,Mitgliedsgemeinde,296,118612.61,400.72,0.00,64521.32,54091.29,STATISTIKPORTAL_INTEGRATED_2023_T1
2023,16,16068,municipality,160685012036,16068036,matched,Markvippach,Mitgliedsgemeinde,549,700181.83,1275.38,0.00,0.00,700181.83,STATISTIKPORTAL_INTEGRATED_2023_T1
2023,16,16068,municipality,160685012037,16068037,matched,Nöda,Mitgliedsgemeinde,798,547269.59,685.80,255000.00,129042.64,163226.95,STATISTIKPORTAL_INTEGRATED_2023_T1
2023,16,16068,municipality,160685012039,16068039,matched,Ollendorf,Mitgliedsgemeinde,426,346713.76,813.88,0.00,188600.78,158112.98,STATISTIKPORTAL_INTEGRATED_2023_T1
2023,16,16068,municipality,160685012048,16068048,matched,Schloßvippach,Mitgliedsgemeinde,1349,3073938.05,2278.68,1108077.00,739581.24,1226279.81,STATISTIKPORTAL_INTEGRATED_2023_T1
2023,16,16068,municipality,160685012052,16068052,matched,Sprötau,Mitgliedsgemeinde,830,1281990.84,1544.57,0.00,436928.98,845061.86,STATISTIKPORTAL_INTEGRATED_2023_T1
2023,16,16068,municipality,160685012055,16068055,matched,Udestedt,Mitgliedsgemeinde,757,1334812.59,1763.29,0.00,506244.21,828568.38,STATISTIKPORTAL_INTEGRATED_2023_T1
2023,16,16068,municipality,160685012056,16068056,matched,Vogelsberg,Mitgliedsgemeinde,679,537204.86,791.17,0.00,440.16,536764.70,STATISTIKPORTAL_INTEGRATED_2023_T1
2023,16,16068,municipality,160685050009,16068009,matched,Elxleben Landkreis Sömmerda,erfüllende Gemeinde,2277,3836651.44,1684.96,3555430.00,0.00,281221.44,STATISTIKPORTAL_INTEGRATED_2023_T1
2023,16,16068,municipality,160685050061,16068061,matched,Witterda,beauftragende Gemeinde,1065,1003537.49,942.29,801215.00,0.00,202322.49,STATISTIKPORTAL_INTEGRATED_2023_T1
2023,16,16069,county_administration,16069,,not_applicable,LKV Hildburghausen,Landkreisverwaltung,61744,99754816.13,1615.62,12682870.00,6346564.51,80725381.62,STATISTIKPORTAL_INTEGRATED_2023_T1
2023,16,16069,municipality,160690012012,16069012,matched,"Eisfeld, Stadt",gemeinschaftsfreie Gemeinde,7388,12415671.01,1680.52,126105.00,4918375.99,7371190.02,STATISTIKPORTAL_INTEGRATED_2023_T1
2023,16,16069,municipality,160690024024,16069024,matched,"Hildburghausen, Stadt",gemeinschaftsfreie Gemeinde,11726,36543252.66,3116.43,1282211.00,12348194.74,22912846.92,STATISTIKPORTAL_INTEGRATED_2023_T1
2023,16,16069,municipality,160690042042,16069042,matched,Schleusegrund,gemeinschaftsfreie Gemeinde,2622,4035856.91,1539.23,0.00,1851217.23,2184639.68,STATISTIKPORTAL_INTEGRATED_2023_T1
2023,16,16069,municipality,160690043043,16069043,matched,"Schleusingen, Stadt",gemeinschaftsfreie Gemeinde,10521,23454138.57,2229.27,0.00,6134245.31,17319893.26,STATISTIKPORTAL_INTEGRATED_2023_T1
2023,16,16069,municipality,160690053053,16069053,matched,Veilsdorf,gemeinschaftsfreie Gemeinde,2730,4886060.67,1789.77,1288158.00,1612984.66,1984918.01,STATISTIKPORTAL_INTEGRATED_2023_T1
2023,16,16069,municipality,160690061061,16069061,matched,Masserberg,gemeinschaftsfreie Gemeinde,2084,12877023.27,6178.99,9531081.00,74399.31,3271542.96,STATISTIKPORTAL_INTEGRATED_2023_T1
2023,16,16069,municipality,160690062062,16069062,matched,"Römhild, Stadt",gemeinschaftsfreie Gemeinde,6627,11124252.07,1678.63,0.00,4335499.93,6788752.14,STATISTIKPORTAL_INTEGRATED_2023_T1
2023,16,16069,joint_administration,160695002,,not_applicable,VGHH Feldstein,Verwaltungsgemeinschaftshaushalt,7259,0.00,0.00,0.00,0.00,0.00,STATISTIKPORTAL_INTEGRATED_2023_T1
2023,16,16069,municipality,160695002001,16069001,matched,Ahlstädt,Mitgliedsgemeinde,126,309552.30,2456.76,0.00,130999.97,178552.33,STATISTIKPORTAL_INTEGRATED_2023_T1
2023,16,16069,municipality,160695002003,16069003,matched,Beinerstadt,Mitgliedsgemeinde,295,694488.24,2354.20,0.00,263037.30,431450.94,STATISTIKPORTAL_INTEGRATED_2023_T1
2023,16,16069,municipality,160695002004,16069004,matched,Bischofrod,Mitgliedsgemeinde,160,438944.62,2743.40,0.00,188061.29,250883.33,STATISTIKPORTAL_INTEGRATED_2023_T1
2023,16,16069,municipality,160695002008,16069008,matched,Dingsleben,Mitgliedsgemeinde,231,484481.26,2097.32,0.00,148869.31,335611.95,STATISTIKPORTAL_INTEGRATED_2023_T1
2023,16,16069,municipality,160695002009,16069009,matched,Ehrenberg,Mitgliedsgemeinde,184,365868.64,1988.42,0.00,84347.99,281520.65,STATISTIKPORTAL_INTEGRATED_2023_T1
2023,16,16069,municipality,160695002011,16069011,matched,Eichenberg Landkreis Hildburghausen,Mitgliedsgemeinde,159,222133.73,1397.07,0.00,69129.06,153004.67,STATISTIKPORTAL_INTEGRATED_2023_T1
2023,16,16069,municipality,160695002016,16069016,matched,Grimmelshausen,Mitgliedsgemeinde,179,365868.64,2043.96,0.00,84347.99,281520.65,STATISTIKPORTAL_INTEGRATED_2023_T1
2023,16,16069,municipality,160695002017,16069017,matched,Grub,Mitgliedsgemeinde,143,107012.92,748.34,0.00,9092.37,97920.55,STATISTIKPORTAL_INTEGRATED_2023_T1
2023,16,16069,municipality,160695002021,16069021,matched,Henfstädt,Mitgliedsgemeinde,355,366022.53,1031.05,0.00,84362.87,281659.66,STATISTIKPORTAL_INTEGRATED_2023_T1
2023,16,16069,municipality,160695002025,16069025,matched,Kloster Veßra,Mitgliedsgemeinde,275,694488.24,2525.41,0.00,263037.30,431450.94,STATISTIKPORTAL_INTEGRATED_2023_T1
2023,16,16069,municipality,160695002026,16069026,matched,Lengfeld,Mitgliedsgemeinde,385,366022.53,950.71,0.00,84362.87,281659.66,STATISTIKPORTAL_INTEGRATED_2023_T1
2023,16,16069,municipality,160695002028,16069028,matched,Marisfeld,Mitgliedsgemeinde,416,732997.97,1762.01,0.00,263301.01,469696.96,STATISTIKPORTAL_INTEGRATED_2023_T1
2023,16,16069,municipality,160695002035,16069035,matched,Oberstadt,Mitgliedsgemeinde,325,336078.66,1034.09,0.00,78810.41,257268.25,STATISTIKPORTAL_INTEGRATED_2023_T1
2023,16,16069,municipality,160695002037,16069037,matched,Reurieth,Mitgliedsgemeinde,765,1570396.76,2052.81,0.00,739502.44,830894.32,STATISTIKPORTAL_INTEGRATED_2023_T1
2023,16,16069,municipality,160695002044,16069044,matched,Schmeheim,Mitgliedsgemeinde,250,178499.28,714.00,0.00,15166.22,163333.06,STATISTIKPORTAL_INTEGRATED_2023_T1
2023,16,16069,municipality,160695002047,16069047,matched,St.Bernhard,Mitgliedsgemeinde,249,384184.01,1542.91,54011.00,24804.73,305368.28,STATISTIKPORTAL_INTEGRATED_2023_T1
2023,16,16069,municipality,160695002051,16069051,matched,"Themar, Stadt",Mitgliedsgemeinde,2762,6132483.85,2220.31,1147726.00,2367387.80,2617370.05,STATISTIKPORTAL_INTEGRATED_2023_T1
2023,16,16069,joint_administration,160695004,,not_applicable,VGHH Heldburger Unterland,Verwaltungsgemeinschaftshaushalt,7495,0.00,0.00,0.00,0.00,0.00,STATISTIKPORTAL_INTEGRATED_2023_T1
2023,16,16069,municipality,160695004041,16069041,matched,Schlechtsart,Mitgliedsgemeinde,146,322183.79,2206.74,39504.00,24789.85,257889.94,STATISTIKPORTAL_INTEGRATED_2023_T1
2023,16,16069,municipality,160695004046,16069046,matched,Schweickershausen,Mitgliedsgemeinde,162,256380.09,1582.59,0.00,24789.85,231590.24,STATISTIKPORTAL_INTEGRATED_2023_T1
2023,16,16069,municipality,160695004049,16069049,matched,Straufhain,Mitgliedsgemeinde,2706,3732714.63,1379.42,143936.00,1608021.48,1980757.15,STATISTIKPORTAL_INTEGRATED_2023_T1
2023,16,16069,municipality,160695004052,16069052,matched,"Ummerstadt, Stadt",Mitgliedsgemeinde,461,675455.68,1465.20,392622.00,24804.73,258028.95,STATISTIKPORTAL_INTEGRATED_2023_T1
2023,16,16069,municipality,160695004056,16069056,matched,Westhausen,Mitgliedsgemeinde,673,303886.34,451.54,13.00,24804.73,279068.61,STATISTIKPORTAL_INTEGRATED_2023_T1
2023,16,16069,municipality,160695004063,16069063,matched,"Heldburg, Stadt",Mitgliedsgemeinde,3347,4421819.88,1321.13,3001343.00,99204.04,1321272.84,STATISTIKPORTAL_INTEGRATED_2023_T1
2023,16,16069,municipality,160695051006,16069006,matched,Brünn/Thür.,beauftragende Gemeinde,427,377512.42,884.10,0.00,24804.73,352707.69,STATISTIKPORTAL_INTEGRATED_2023_T1
2023,16,16069,municipality,160695051058,16069058,matched,Auengrund,erfüllende Gemeinde,2865,4796664.45,1674.23,660443.00,1905812.19,2230409.26,STATISTIKPORTAL_INTEGRATED_2023_T1
2023,16,16070,county_administration,16070,,not_applicable,LKV Ilm-Kreis,Landkreisverwaltung,106723,132303071.71,1239.69,39595309.00,84500.00,92623262.71,STATISTIKPORTAL_INTEGRATED_2023_T1
2023,16,16070,municipality,160700004004,16070004,matched,"Arnstadt, Stadt",gemeinschaftsfreie Gemeinde,28165,92192225.55,3273.29,28245891.00,3273806.66,60672527.89,STATISTIKPORTAL_INTEGRATED_2023_T1
2023,16,16070,municipality,160700028028,16070028,matched,Amt Wachsenburg,gemeinschaftsfreie Gemeinde,7947,15634351.68,1967.33,679420.00,4308038.97,10646892.71,STATISTIKPORTAL_INTEGRATED_2023_T1
2023,16,16070,municipality,160700029029,16070029,matched,"Ilmenau, Stadt",gemeinschaftsfreie Gemeinde,39119,66688350.56,1704.76,8638830.00,10943460.83,47106059.73,STATISTIKPORTAL_INTEGRATED_2023_T1
2023,16,16070,municipality,160700048048,16070048,matched,"Stadtilm, Stadt",gemeinschaftsfreie Gemeinde,8354,16165358.43,1935.04,3212837.00,5176595.22,7775926.21,STATISTIKPORTAL_INTEGRATED_2023_T1
2023,16,16070,municipality,160700057057,16070057,matched,Geratal,gemeinschaftsfreie Gemeinde,8722,26995424.79,3095.10,8624450.00,6995400.77,11375574.02,STATISTIKPORTAL_INTEGRATED_2023_T1
2023,16,16070,municipality,160700058058,16070058,matched,"Großbreitenbach, Stadt",gemeinschaftsfreie Gemeinde,5954,17007146.72,2856.42,909463.00,5881790.77,10215892.95,STATISTIKPORTAL_INTEGRATED_2023_T1
2023,16,16070,joint_administration,160705002,,not_applicable,VGHH Geratal/Plaue,Verwaltungsgemeinschaftshaushalt,4369,280741.00,64.26,280741.00,0.00,0.00,STATISTIKPORTAL_INTEGRATED_2023_T1
2023,16,16070,municipality,160705002011,16070011,matched,Elgersburg,Mitgliedsgemeinde,1209,3150808.00,2606.13,820057.00,801141.86,1529609.14,STATISTIKPORTAL_INTEGRATED_2023_T1
2023,16,16070,municipality,160705002034,16070034,matched,Martinroda,Mitgliedsgemeinde,1159,3051991.04,2633.30,712116.00,806105.04,1533770.00,STATISTIKPORTAL_INTEGRATED_2023_T1
2023,16,16070,municipality,160705002043,16070043,matched,"Plaue, Stadt",Mitgliedsgemeinde,2001,5277261.95,2637.31,1897790.00,1310279.13,2069192.82,STATISTIKPORTAL_INTEGRATED_2023_T1
2023,16,16070,joint_administration,160705009,,not_applicable,VGHH Riechheimer Berg,Verwaltungsgemeinschaftshaushalt,4093,20000.00,4.89,20000.00,0.00,0.00,STATISTIKPORTAL_INTEGRATED_2023_T1
2023,16,16070,municipality,160705009001,16070001,matched,Alkersleben,Mitgliedsgemeinde,292,297940.04,1020.34,0.00,0.00,297940.04,STATISTIKPORTAL_INTEGRATED_2023_T1
2023,16,16070,municipality,160705009006,16070006,matched,Bösleben-Wüllersleben,Mitgliedsgemeinde,620,541080.74,872.71,0.00,0.00,541080.74,STATISTIKPORTAL_INTEGRATED_2023_T1
2023,16,16070,municipality,160705009008,16070008,matched,Dornheim,Mitgliedsgemeinde,565,504261.24,892.50,0.00,0.00,504261.24,STATISTIKPORTAL_INTEGRATED_2023_T1
2023,16,16070,municipality,160705009012,16070012,matched,Elleben,Mitgliedsgemeinde,881,1705931.30,1936.36,954895.00,188600.78,562435.52,STATISTIKPORTAL_INTEGRATED_2023_T1
2023,16,16070,municipality,160705009013,16070013,matched,Elxleben Landkreis Ilm-Kreis,Mitgliedsgemeinde,599,556860.54,929.65,0.00,0.00,556860.54,STATISTIKPORTAL_INTEGRATED_2023_T1
2023,16,16070,municipality,160705009041,16070041,matched,Osthausen-Wülfershausen,Mitgliedsgemeinde,510,566828.81,1111.43,8748.00,0.00,558080.81,STATISTIKPORTAL_INTEGRATED_2023_T1
2023,16,16070,municipality,160705009054,16070054,matched,Witzleben,Mitgliedsgemeinde,626,746387.65,1192.31,194787.00,0.00,551600.65,STATISTIKPORTAL_INTEGRATED_2023_T1
2023,16,16071,county_administration,16071,,not_applicable,LKV Weimarer Land,Landkreisverwaltung,83085,32565525.39,391.95,11943406.00,2066066.68,18556052.71,STATISTIKPORTAL_INTEGRATED_2023_T1
2023,16,16071,municipality,160710001001,16071001,matched,"Apolda, Stadt",gemeinschaftsfreie Gemeinde,22993,37428246.07,1627.81,6416249.00,0.00,31011997.07,STATISTIKPORTAL_INTEGRATED_2023_T1
2023,16,16071,municipality,160710003003,16071003,matched,"Bad Berka, Stadt",gemeinschaftsfreie Gemeinde,7303,22339549.15,3058.96,53998.00,5360232.82,16925318.33,STATISTIKPORTAL_INTEGRATED_2023_T1
2023,16,16071,municipality,160710008008,16071008,matched,"Blankenhain, Stadt",gemeinschaftsfreie Gemeinde,6584,20322775.13,3086.69,10696540.00,2561000.13,7065235.00,STATISTIKPORTAL_INTEGRATED_2023_T1
2023,16,16071,municipality,160710101101,16071101,matched,Ilmtal-Weinstraße,gemeinschaftsfreie Gemeinde,6317,12565562.75,1989.17,1078890.00,3891775.39,7594897.36,STATISTIKPORTAL_INTEGRATED_2023_T1
2023,16,16071,municipality,160710103103,16071103,matched,Grammetal,gemeinschaftsfreie Gemeinde,6480,8322314.37,1284.31,2914052.00,2407141.59,3001120.78,STATISTIKPORTAL_INTEGRATED_2023_T1
2023,16,16071,joint_administration,160715007,,not_applicable,VGHH Kranichfeld,Verwaltungsgemeinschaftshaushalt,6201,71695.00,11.56,71695.00,0.00,0.00,STATISTIKPORTAL_INTEGRATED_2023_T1
2023,16,16071,municipality,160715007032,16071032,matched,Hohenfelden,Mitgliedsgemeinde,384,914886.36,2382.52,171444.00,193563.96,549878.40,STATISTIKPORTAL_INTEGRATED_2023_T1
2023,16,16071,municipality,160715007043,16071043,matched,Klettbach,Mitgliedsgemeinde,1285,1518665.09,1181.84,715239.00,0.00,803426.09,STATISTIKPORTAL_INTEGRATED_2023_T1
2023,16,16071,municipality,160715007046,16071046,matched,"Kranichfeld, Stadt",Mitgliedsgemeinde,3310,8282289.92,2502.20,5046261.00,0.00,3236028.92,STATISTIKPORTAL_INTEGRATED_2023_T1
2023,16,16071,municipality,160715007059,16071059,matched,Nauendorf,Mitgliedsgemeinde,302,603307.96,1997.71,173624.00,0.00,429683.96,STATISTIKPORTAL_INTEGRATED_2023_T1
2023,16,16071,municipality,160715007079,16071079,matched,Rittersdorf,Mitgliedsgemeinde,269,663750.07,2467.47,166657.00,59558.14,437534.93,STATISTIKPORTAL_INTEGRATED_2023_T1
2023,16,16071,municipality,160715007087,16071087,matched,Tonndorf,Mitgliedsgemeinde,651,1293975.21,1987.67,562071.00,0.00,731904.21,STATISTIKPORTAL_INTEGRATED_2023_T1
2023,16,16071,joint_administration,160715008,,not_applicable,VGHH Mellingen,Verwaltungsgemeinschaftshaushalt,8335,0.00,0.00,0.00,0.00,0.00,STATISTIKPORTAL_INTEGRATED_2023_T1
2023,16,16071,municipality,160715008009,16071009,matched,Buchfart,Mitgliedsgemeinde,203,232902.87,1147.30,0.00,0.00,232902.87,STATISTIKPORTAL_INTEGRATED_2023_T1
2023,16,16071,municipality,160715008013,16071013,matched,Döbritschen,Mitgliedsgemeinde,234,431563.82,1844.29,0.00,0.00,431563.82,STATISTIKPORTAL_INTEGRATED_2023_T1
2023,16,16071,municipality,160715008019,16071019,matched,Frankendorf,Mitgliedsgemeinde,165,461900.33,2799.40,0.00,0.00,461900.33,STATISTIKPORTAL_INTEGRATED_2023_T1
2023,16,16071,municipality,160715008025,16071025,matched,Großschwabhausen,Mitgliedsgemeinde,1076,3719512.37,3456.80,1490275.00,570765.53,1658471.84,STATISTIKPORTAL_INTEGRATED_2023_T1
2023,16,16071,municipality,160715008027,16071027,matched,Hammerstedt,Mitgliedsgemeinde,189,580470.66,3071.27,52557.00,64521.32,463392.34,STATISTIKPORTAL_INTEGRATED_2023_T1
2023,16,16071,municipality,160715008031,16071031,matched,Hetschburg,Mitgliedsgemeinde,242,744174.51,3075.10,0.00,0.00,744174.51,STATISTIKPORTAL_INTEGRATED_2023_T1
2023,16,16071,municipality,160715008037,16071037,matched,Kapellendorf,Mitgliedsgemeinde,418,672237.23,1608.22,250000.00,0.00,422237.23,STATISTIKPORTAL_INTEGRATED_2023_T1
2023,16,16071,municipality,160715008038,16071038,matched,Kiliansroda,Mitgliedsgemeinde,179,391238.63,2185.69,22623.00,0.00,368615.63,STATISTIKPORTAL_INTEGRATED_2023_T1
2023,16,16071,municipality,160715008042,16071042,matched,Kleinschwabhausen,Mitgliedsgemeinde,233,637805.09,2737.36,227281.00,0.00,410524.09,STATISTIKPORTAL_INTEGRATED_2023_T1
2023,16,16071,municipality,160715008049,16071049,matched,Lehnstedt,Mitgliedsgemeinde,337,597705.92,1773.61,108876.00,0.00,488829.92,STATISTIKPORTAL_INTEGRATED_2023_T1
2023,16,16071,municipality,160715008053,16071053,matched,"Magdala, Stadt",Mitgliedsgemeinde,1993,4713523.91,2365.04,1078559.00,1111751.99,2523212.92,STATISTIKPORTAL_INTEGRATED_2023_T1
2023,16,16071,municipality,160715008055,16071055,matched,Mechelroda,Mitgliedsgemeinde,264,607210.63,2300.04,138968.00,0.00,468242.63,STATISTIKPORTAL_INTEGRATED_2023_T1
2023,16,16071,municipality,160715008056,16071056,matched,Mellingen,Mitgliedsgemeinde,1512,1591387.31,1052.50,22767.00,0.00,1568620.31,STATISTIKPORTAL_INTEGRATED_2023_T1
2023,16,16071,municipality,160715008071,16071071,matched,Oettern,Mitgliedsgemeinde,119,305948.85,2571.00,0.00,0.00,305948.85,STATISTIKPORTAL_INTEGRATED_2023_T1
2023,16,16071,municipality,160715008089,16071089,matched,Umpferstedt,Mitgliedsgemeinde,642,885944.90,1379.98,177555.00,0.00,708389.90,STATISTIKPORTAL_INTEGRATED_2023_T1
2023,16,16071,municipality,160715008093,16071093,matched,Vollersroda,Mitgliedsgemeinde,206,227642.95,1105.06,0.00,0.00,227642.95,STATISTIKPORTAL_INTEGRATED_2023_T1
2023,16,16071,municipality,160715008095,16071095,matched,Wiegendorf,Mitgliedsgemeinde,323,678198.26,2099.69,31672.00,129042.64,517483.62,STATISTIKPORTAL_INTEGRATED_2023_T1
2023,16,16071,municipality,160715051004,16071004,matched,"Bad Sulza, Stadt",erfüllende Gemeinde,8108,21453995.06,2646.03,6126689.00,5514091.36,9813214.70,STATISTIKPORTAL_INTEGRATED_2023_T1
2023,16,16071,municipality,160715051015,16071015,matched,Eberstedt,beauftragende Gemeinde,216,346657.04,1604.89,0.00,0.00,346657.04,STATISTIKPORTAL_INTEGRATED_2023_T1
2023,16,16071,municipality,160715051022,16071022,matched,Großheringen,beauftragende Gemeinde,623,473066.88,759.34,0.00,0.00,473066.88,STATISTIKPORTAL_INTEGRATED_2023_T1
2023,16,16071,municipality,160715051064,16071064,matched,Niedertrebra,beauftragende Gemeinde,761,1099083.58,1444.26,41278.00,377201.57,680604.01,STATISTIKPORTAL_INTEGRATED_2023_T1
2023,16,16071,municipality,160715051069,16071069,matched,Obertrebra,beauftragende Gemeinde,244,372956.75,1528.51,0.00,0.00,372956.75,STATISTIKPORTAL_INTEGRATED_2023_T1
2023,16,16071,municipality,160715051083,16071083,matched,Schmiedehausen,beauftragende Gemeinde,332,488675.23,1471.91,0.00,0.00,488675.23,STATISTIKPORTAL_INTEGRATED_2023_T1
2023,16,16071,municipality,160715053005,16071005,matched,Ballstedt,beauftragende Gemeinde,292,909147.22,3113.52,29136.00,129042.64,750968.58,STATISTIKPORTAL_INTEGRATED_2023_T1
2023,16,16071,municipality,160715053017,16071017,matched,Ettersburg,beauftragende Gemeinde,709,1218722.75,1718.93,0.00,64622.95,1154099.80,STATISTIKPORTAL_INTEGRATED_2023_T1
2023,16,16071,municipality,160715053061,16071061,matched,"Neumark, Stadt",beauftragende Gemeinde,480,1293947.52,2695.72,0.00,253156.09,1040791.43,STATISTIKPORTAL_INTEGRATED_2023_T1
2023,16,16071,municipality,160715053102,16071102,matched,"Am Ettersberg, Stadt",erfüllende Gemeinde,7107,13680611.50,1924.95,2745746.00,2190996.85,8743868.65,STATISTIKPORTAL_INTEGRATED_2023_T1
2023,16,16072,county_administration,16072,,not_applicable,LKV Sonneberg,Landkreisverwaltung,56660,106750302.07,1884.05,24889237.00,8470298.00,73390767.07,STATISTIKPORTAL_INTEGRATED_2023_T1
2023,16,16072,municipality,160720011011,16072011,matched,"Lauscha, Stadt",gemeinschaftsfreie Gemeinde,3181,7065200.23,2221.06,1717099.00,0.00,5348101.23,STATISTIKPORTAL_INTEGRATED_2023_T1
2023,16,16072,municipality,160720015015,16072015,matched,"Schalkau, Stadt",gemeinschaftsfreie Gemeinde,3244,5605026.54,1727.81,96242.00,302753.89,5206030.65,STATISTIKPORTAL_INTEGRATED_2023_T1
2023,16,16072,municipality,160720018018,16072018,matched,"Sonneberg, Stadt",gemeinschaftsfreie Gemeinde,23352,87711821.99,3756.07,20283590.00,2672582.20,64755649.79,STATISTIKPORTAL_INTEGRATED_2023_T1
2023,16,16072,municipality,160720019019,16072019,matched,"Steinach, Stadt",gemeinschaftsfreie Gemeinde,3605,11798135.44,3272.71,156000.00,3538746.30,8103389.14,STATISTIKPORTAL_INTEGRATED_2023_T1
2023,16,16072,municipality,160720023023,16072023,matched,Frankenblick,gemeinschaftsfreie Gemeinde,5580,16071495.22,2880.20,1304448.00,3841500.19,10925547.03,STATISTIKPORTAL_INTEGRATED_2023_T1
2023,16,16072,municipality,160720024024,16072024,matched,Föritztal,gemeinschaftsfreie Gemeinde,8388,18265439.47,2177.57,1023606.00,3092060.23,14149773.24,STATISTIKPORTAL_INTEGRATED_2023_T1
2023,16,16072,municipality,160725051006,16072006,matched,Goldisthal,beauftragende Gemeinde,343,1012769.20,2952.68,0.00,550912.82,461856.38,STATISTIKPORTAL_INTEGRATED_2023_T1
2023,16,16072,municipality,160725051013,16072013,matched,"Neuhaus am Rennweg, Stadt",erfüllende Gemeinde,8967,37902597.69,4226.90,4295056.00,7400099.20,26207442.49,STATISTIKPORTAL_INTEGRATED_2023_T1
2023,16,16073,county_administration,16073,,not_applicable,LKV Saalfeld-Rudolstadt,Landkreisverwaltung,101290,111987919.09,1105.62,14064556.00,4288627.25,93634735.84,STATISTIKPORTAL_INTEGRATED_2023_T1
2023,16,16073,municipality,160730005005,16073005,matched,"Bad Blankenburg, Stadt",gemeinschaftsfreie Gemeinde,6018,47546276.47,7900.68,5264236.00,7365356.95,34916683.52,STATISTIKPORTAL_INTEGRATED_2023_T1
2023,16,16073,municipality,160730076076,16073076,matched,"Rudolstadt, Stadt",gemeinschaftsfreie Gemeinde,24840,96883410.29,3900.30,14675915.00,4099585.47,78107909.82,STATISTIKPORTAL_INTEGRATED_2023_T1
2023,16,16073,municipality,160730077077,16073077,matched,"Saalfeld/Saale, Stadt",gemeinschaftsfreie Gemeinde,29153,101354950.51,3476.66,7151475.00,6878965.46,87324510.05,STATISTIKPORTAL_INTEGRATED_2023_T1
2023,16,16073,municipality,160730106106,16073106,matched,"Leutenberg, Stadt",gemeinschaftsfreie Gemeinde,2019,4914089.59,2433.92,0.00,484.43,4913605.16,STATISTIKPORTAL_INTEGRATED_2023_T1
2023,16,16073,municipality,160730109109,16073109,matched,Uhlstädt-Kirchhasel,gemeinschaftsfreie Gemeinde,5499,18821449.78,3422.70,1315854.00,6799598.56,10705997.22,STATISTIKPORTAL_INTEGRATED_2023_T1
2023,16,16073,municipality,160730111111,16073111,matched,Unterwellenborn,gemeinschaftsfreie Gemeinde,8315,31832494.47,3828.32,49084.00,9956973.13,21826437.34,STATISTIKPORTAL_INTEGRATED_2023_T1
2023,16,16073,joint_administration,160735005,,not_applicable,VGHH Schiefergebirge,Verwaltungsgemeinschaftshaushalt,6171,0.00,0.00,0.00,0.00,0.00,STATISTIKPORTAL_INTEGRATED_2023_T1
2023,16,16073,municipality,160735005028,16073028,matched,"Gräfenthal, Stadt",Mitgliedsgemeinde,1871,6223120.38,3326.09,143551.00,1677554.35,4402015.03,STATISTIKPORTAL_INTEGRATED_2023_T1
2023,16,16073,municipality,160735005046,16073046,matched,"Lehesten, Stadt",Mitgliedsgemeinde,1584,7864044.12,4964.67,324598.00,1359910.92,6179535.20,STATISTIKPORTAL_INTEGRATED_2023_T1
2023,16,16073,municipality,160735005067,16073067,matched,Probstzella,Mitgliedsgemeinde,2716,17050910.07,6277.95,644384.00,6149378.21,10257147.86,STATISTIKPORTAL_INTEGRATED_2023_T1
2023,16,16073,joint_administration,160735012,,not_applicable,VGHH Schwarzatal,Verwaltungsgemeinschaftshaushalt,8308,19600.00,2.36,19600.00,0.00,0.00,STATISTIKPORTAL_INTEGRATED_2023_T1
2023,16,16073,municipality,160735012013,16073013,matched,Cursdorf,Mitgliedsgemeinde,598,2399640.74,4012.78,503191.00,684918.64,1211531.10,STATISTIKPORTAL_INTEGRATED_2023_T1
2023,16,16073,municipality,160735012014,16073014,matched,Deesbach,Mitgliedsgemeinde,329,625777.71,1902.06,130858.00,0.00,494919.71,STATISTIKPORTAL_INTEGRATED_2023_T1
2023,16,16073,municipality,160735012017,16073017,matched,Döschnitz,Mitgliedsgemeinde,218,329357.41,1510.81,36572.00,0.00,292785.41,STATISTIKPORTAL_INTEGRATED_2023_T1
2023,16,16073,municipality,160735012037,16073037,matched,Katzhütte,Mitgliedsgemeinde,1255,5339627.15,4254.68,1063268.00,1578290.78,2698068.37,STATISTIKPORTAL_INTEGRATED_2023_T1
2023,16,16073,municipality,160735012055,16073055,matched,Meura,Mitgliedsgemeinde,388,477172.53,1229.83,0.00,0.00,477172.53,STATISTIKPORTAL_INTEGRATED_2023_T1
2023,16,16073,municipality,160735012074,16073074,matched,Rohrbach,Mitgliedsgemeinde,178,449842.47,2527.20,113953.00,0.00,335889.47,STATISTIKPORTAL_INTEGRATED_2023_T1
2023,16,16073,municipality,160735012082,16073082,matched,Schwarzburg,Mitgliedsgemeinde,496,1201912.60,2423.21,424444.00,0.00,777468.60,STATISTIKPORTAL_INTEGRATED_2023_T1
2023,16,16073,municipality,160735012084,16073084,matched,Sitzendorf,Mitgliedsgemeinde,746,1276237.46,1710.77,648262.00,10961.41,617014.05,STATISTIKPORTAL_INTEGRATED_2023_T1
2023,16,16073,municipality,160735012094,16073094,matched,Unterweißbach,Mitgliedsgemeinde,732,1868654.90,2552.81,801257.00,0.00,1067397.90,STATISTIKPORTAL_INTEGRATED_2023_T1
2023,16,16073,municipality,160735012113,16073113,matched,"Schwarzatal, Stadt",Mitgliedsgemeinde,3368,11715278.13,3478.41,1490868.00,3528819.94,6695590.19,STATISTIKPORTAL_INTEGRATED_2023_T1
2023,16,16073,municipality,160735051002,16073002,matched,Altenbeuthen,beauftragende Gemeinde,208,1497521.76,7199.62,0.00,352.55,1497169.21,STATISTIKPORTAL_INTEGRATED_2023_T1
2023,16,16073,municipality,160735051035,16073035,matched,Hohenwarte,beauftragende Gemeinde,157,2081329.71,13256.88,0.00,308.15,2081021.56,STATISTIKPORTAL_INTEGRATED_2023_T1
2023,16,16073,municipality,160735051038,16073038,matched,Kaulsdorf,erfüllende Gemeinde,2344,8297714.57,3539.98,0.00,2069821.73,6227892.84,STATISTIKPORTAL_INTEGRATED_2023_T1
2023,16,16073,municipality,160735051107,16073107,matched,Drognitz,beauftragende Gemeinde,622,1522645.38,2447.98,24375.00,1101.17,1497169.21,STATISTIKPORTAL_INTEGRATED_2023_T1
2023,16,16073,municipality,160735054001,16073001,matched,Allendorf,beauftragende Gemeinde,338,638495.29,1889.04,0.00,10961.41,627533.88,STATISTIKPORTAL_INTEGRATED_2023_T1
2023,16,16073,municipality,160735054006,16073006,matched,Bechstedt,beauftragende Gemeinde,140,480697.36,3433.55,0.00,10961.41,469735.95,STATISTIKPORTAL_INTEGRATED_2023_T1
2023,16,16073,municipality,160735054112,16073112,matched,"Königsee, Stadt",erfüllende Gemeinde,7158,11834848.12,1653.37,1510985.00,672523.42,9651339.70,STATISTIKPORTAL_INTEGRATED_2023_T1
2023,16,16074,county_administration,16074,,not_applicable,LKV Saale-Holzland-Kreis,Landkreisverwaltung,83211,106915706.30,1284.87,27194757.00,3756347.48,75964601.82,STATISTIKPORTAL_INTEGRATED_2023_T1
2023,16,16074,municipality,160740044044,16074044,matched,"Kahla, Stadt",gemeinschaftsfreie Gemeinde,6811,14265420.29,2094.47,3561660.00,0.00,10703760.29,STATISTIKPORTAL_INTEGRATED_2023_T1
2023,16,16074,joint_administration,160745005,,not_applicable,VGHH Heideland-Elstertal-Schkölen,Verwaltungsgemeinschaftshaushalt,7711,300475.00,38.97,300475.00,0.00,0.00,STATISTIKPORTAL_INTEGRATED_2023_T1
2023,16,16074,municipality,160745005012,16074012,matched,Crossen an der Elster,Mitgliedsgemeinde,1603,4680742.19,2919.99,219957.00,1846839.24,2613945.95,STATISTIKPORTAL_INTEGRATED_2023_T1
2023,16,16074,municipality,160745005038,16074038,matched,Hartmannsdorf,Mitgliedsgemeinde,664,1547738.80,2330.93,436792.00,313680.25,797266.55,STATISTIKPORTAL_INTEGRATED_2023_T1
2023,16,16074,municipality,160745005039,16074039,matched,Heideland,Mitgliedsgemeinde,1736,5019246.05,2891.27,547500.00,1853802.42,2617943.63,STATISTIKPORTAL_INTEGRATED_2023_T1
2023,16,16074,municipality,160745005072,16074072,matched,Rauda,Mitgliedsgemeinde,289,891580.27,3085.05,47281.00,314680.25,529619.02,STATISTIKPORTAL_INTEGRATED_2023_T1
2023,16,16074,municipality,160745005092,16074092,matched,Silbitz,Mitgliedsgemeinde,623,2393654.21,3842.14,237566.00,884482.60,1271605.61,STATISTIKPORTAL_INTEGRATED_2023_T1
2023,16,16074,municipality,160745005106,16074106,matched,Walpernhain,Mitgliedsgemeinde,172,983799.27,5719.76,140000.00,314180.25,529619.02,STATISTIKPORTAL_INTEGRATED_2023_T1
2023,16,16074,municipality,160745005116,16074116,matched,"Schkölen, Stadt",Mitgliedsgemeinde,2624,6657796.70,2537.27,180160.00,2650337.34,3827299.36,STATISTIKPORTAL_INTEGRATED_2023_T1
2023,16,16074,joint_administration,160745007,,not_applicable,VGHH Hügelland/Täler,Verwaltungsgemeinschaftshaushalt,4928,0.00,0.00,0.00,0.00,0.00,STATISTIKPORTAL_INTEGRATED_2023_T1
2023,16,16074,municipality,160745007007,16074007,matched,Bremsnitz,Mitgliedsgemeinde,148,282845.47,1911.12,0.00,153858.53,128986.94,STATISTIKPORTAL_INTEGRATED_2023_T1
2023,16,16074,municipality,160745007017,16074017,matched,Eineborn,Mitgliedsgemeinde,322,460751.45,1430.91,0.00,1000.00,459751.45,STATISTIKPORTAL_INTEGRATED_2023_T1
2023,16,16074,municipality,160745007022,16074022,matched,Geisenhain,Mitgliedsgemeinde,192,380852.49,1983.61,0.00,0.00,380852.49,STATISTIKPORTAL_INTEGRATED_2023_T1
2023,16,16074,municipality,160745007024,16074024,matched,Gneus,Mitgliedsgemeinde,146,453300.71,3104.80,0.00,153858.53,299442.18,STATISTIKPORTAL_INTEGRATED_2023_T1
2023,16,16074,municipality,160745007029,16074029,matched,Großbockedra,Mitgliedsgemeinde,161,745270.19,4629.01,0.00,312680.25,432589.94,STATISTIKPORTAL_INTEGRATED_2023_T1
2023,16,16074,municipality,160745007045,16074045,matched,Karlsdorf,Mitgliedsgemeinde,117,453300.71,3874.37,0.00,153858.53,299442.18,STATISTIKPORTAL_INTEGRATED_2023_T1
2023,16,16074,municipality,160745007046,16074046,matched,Kleinbockedra,Mitgliedsgemeinde,32,196754.94,6148.59,0.00,0.00,196754.94,STATISTIKPORTAL_INTEGRATED_2023_T1
2023,16,16074,municipality,160745007047,16074047,matched,Kleinebersdorf,Mitgliedsgemeinde,176,453300.71,2575.57,0.00,153858.53,299442.18,STATISTIKPORTAL_INTEGRATED_2023_T1
2023,16,16074,municipality,160745007053,16074053,matched,Lippersdorf-Erdmannsdorf,Mitgliedsgemeinde,454,1240997.85,2733.48,760325.00,168748.07,311924.78,STATISTIKPORTAL_INTEGRATED_2023_T1
2023,16,16074,municipality,160745007056,16074056,matched,Meusebach,Mitgliedsgemeinde,84,453300.71,5396.44,0.00,153858.53,299442.18,STATISTIKPORTAL_INTEGRATED_2023_T1
2023,16,16074,municipality,160745007064,16074064,matched,Oberbodnitz,Mitgliedsgemeinde,230,265134.01,1152.76,0.00,0.00,265134.01,STATISTIKPORTAL_INTEGRATED_2023_T1
2023,16,16074,municipality,160745007066,16074066,matched,Ottendorf,Mitgliedsgemeinde,400,216075.51,540.19,0.00,24815.89,191259.62,STATISTIKPORTAL_INTEGRATED_2023_T1
2023,16,16074,municipality,160745007071,16074071,matched,Rattelsdorf,Mitgliedsgemeinde,74,379085.03,5122.77,53521.00,84374.04,241189.99,STATISTIKPORTAL_INTEGRATED_2023_T1
2023,16,16074,municipality,160745007074,16074074,matched,Rausdorf,Mitgliedsgemeinde,201,453300.71,2255.23,0.00,153858.53,299442.18,STATISTIKPORTAL_INTEGRATED_2023_T1
2023,16,16074,municipality,160745007077,16074077,matched,Renthendorf,Mitgliedsgemeinde,389,729274.02,1874.74,20000.00,293327.53,415946.49,STATISTIKPORTAL_INTEGRATED_2023_T1
2023,16,16074,municipality,160745007097,16074097,matched,Tautendorf,Mitgliedsgemeinde,141,235074.42,1667.19,0.00,1500.00,233574.42,STATISTIKPORTAL_INTEGRATED_2023_T1
2023,16,16074,municipality,160745007101,16074101,matched,Tissa,Mitgliedsgemeinde,135,202014.81,1496.41,0.00,0.00,202014.81,STATISTIKPORTAL_INTEGRATED_2023_T1
2023,16,16074,municipality,160745007102,16074102,matched,Trockenborn-Wolfersdorf,Mitgliedsgemeinde,615,745270.19,1211.82,0.00,312680.25,432589.94,STATISTIKPORTAL_INTEGRATED_2023_T1
2023,16,16074,municipality,160745007103,16074103,matched,Tröbnitz,Mitgliedsgemeinde,451,852152.19,1889.47,106882.00,312680.25,432589.94,STATISTIKPORTAL_INTEGRATED_2023_T1
2023,16,16074,municipality,160745007104,16074104,matched,Unterbodnitz,Mitgliedsgemeinde,193,453300.71,2348.71,0.00,153858.53,299442.18,STATISTIKPORTAL_INTEGRATED_2023_T1
2023,16,16074,municipality,160745007107,16074107,matched,Waltersdorf,Mitgliedsgemeinde,141,453300.71,3214.90,0.00,153858.53,299442.18,STATISTIKPORTAL_INTEGRATED_2023_T1
2023,16,16074,municipality,160745007108,16074108,matched,Weißbach,Mitgliedsgemeinde,126,753090.19,5976.91,7820.00,312680.25,432589.94,STATISTIKPORTAL_INTEGRATED_2023_T1
2023,16,16074,joint_administration,160745011,,not_applicable,VGHH Südliches Saaletal,Verwaltungsgemeinschaftshaushalt,10738,116984.00,10.89,116984.00,0.00,0.00,STATISTIKPORTAL_INTEGRATED_2023_T1
2023,16,16074,municipality,160745011002,16074002,matched,Altenberga,Mitgliedsgemeinde,755,2500941.29,3312.51,0.00,610470.96,1890470.33,STATISTIKPORTAL_INTEGRATED_2023_T1
2023,16,16074,municipality,160745011004,16074004,matched,Bibra,Mitgliedsgemeinde,265,453300.71,1710.57,0.00,153858.53,299442.18,STATISTIKPORTAL_INTEGRATED_2023_T1
2023,16,16074,municipality,160745011008,16074008,matched,Bucha,Mitgliedsgemeinde,1154,3997306.11,3463.87,637752.00,327569.78,3031984.33,STATISTIKPORTAL_INTEGRATED_2023_T1
2023,16,16074,municipality,160745011016,16074016,matched,Eichenberg Landkreis Saale-Holzland-Kreis,Mitgliedsgemeinde,369,915285.01,2480.45,331346.00,317643.43,266295.58,STATISTIKPORTAL_INTEGRATED_2023_T1
2023,16,16074,municipality,160745011021,16074021,matched,Freienorla,Mitgliedsgemeinde,320,1049666.03,3280.21,12250.00,471678.24,565737.79,STATISTIKPORTAL_INTEGRATED_2023_T1
2023,16,16074,municipality,160745011031,16074031,matched,Großeutersdorf,Mitgliedsgemeinde,265,991619.47,3741.96,0.00,446686.07,544933.40,STATISTIKPORTAL_INTEGRATED_2023_T1
2023,16,16074,municipality,160745011033,16074033,matched,Großpürschütz,Mitgliedsgemeinde,366,744269.50,2033.52,135860.00,238232.57,370176.93,STATISTIKPORTAL_INTEGRATED_2023_T1
2023,16,16074,municipality,160745011034,16074034,matched,Gumperda,Mitgliedsgemeinde,393,265134.01,674.64,0.00,0.00,265134.01,STATISTIKPORTAL_INTEGRATED_2023_T1
2023,16,16074,municipality,160745011042,16074042,matched,Hummelshain,Mitgliedsgemeinde,600,1715490.32,2859.15,84835.00,794461.12,836194.20,STATISTIKPORTAL_INTEGRATED_2023_T1
2023,16,16074,municipality,160745011048,16074048,matched,Kleineutersdorf,Mitgliedsgemeinde,322,803734.25,2496.07,49340.00,317643.43,436750.82,STATISTIKPORTAL_INTEGRATED_2023_T1
2023,16,16074,municipality,160745011049,16074049,matched,Laasdorf,Mitgliedsgemeinde,544,2255117.19,4145.44,256948.00,337496.14,1660673.05,STATISTIKPORTAL_INTEGRATED_2023_T1
2023,16,16074,municipality,160745011052,16074052,matched,Lindig,Mitgliedsgemeinde,228,480672.85,2108.21,0.00,168748.07,311924.78,STATISTIKPORTAL_INTEGRATED_2023_T1
2023,16,16074,municipality,160745011057,16074057,matched,Milda,Mitgliedsgemeinde,718,1905110.51,2653.36,159602.00,0.00,1745508.51,STATISTIKPORTAL_INTEGRATED_2023_T1
2023,16,16074,municipality,160745011065,16074065,matched,"Orlamünde, Stadt",Mitgliedsgemeinde,1064,1635166.68,1536.81,557694.00,43.96,1077428.72,STATISTIKPORTAL_INTEGRATED_2023_T1
2023,16,16074,municipality,160745011076,16074076,matched,Reinstädt,Mitgliedsgemeinde,460,745270.19,1620.15,0.00,312680.25,432589.94,STATISTIKPORTAL_INTEGRATED_2023_T1
2023,16,16074,municipality,160745011079,16074079,matched,Rothenstein,Mitgliedsgemeinde,1133,4569456.11,4033.06,1591172.00,0.00,2978284.11,STATISTIKPORTAL_INTEGRATED_2023_T1
2023,16,16074,municipality,160745011087,16074087,matched,Schöps,Mitgliedsgemeinde,242,2172475.64,8977.17,0.00,431796.53,1740679.11,STATISTIKPORTAL_INTEGRATED_2023_T1
2023,16,16074,municipality,160745011089,16074089,matched,Seitenroda,Mitgliedsgemeinde,209,453300.71,2168.90,0.00,153858.53,299442.18,STATISTIKPORTAL_INTEGRATED_2023_T1
2023,16,16074,municipality,160745011095,16074095,matched,Sulza,Mitgliedsgemeinde,266,1531221.51,5756.47,0.00,0.00,1531221.51,STATISTIKPORTAL_INTEGRATED_2023_T1
2023,16,16074,municipality,160745011114,16074114,matched,Zöllnitz,Mitgliedsgemeinde,1065,2382953.86,2237.52,725494.00,0.00,1657459.86,STATISTIKPORTAL_INTEGRATED_2023_T1
2023,16,16074,joint_administration,160745014,,not_applicable,VGHH Hermsdorf,Verwaltungsgemeinschaftshaushalt,11286,0.00,0.00,0.00,0.00,0.00,STATISTIKPORTAL_INTEGRATED_2023_T1
2023,16,16074,municipality,160745014041,16074041,matched,"Hermsdorf, Stadt",Mitgliedsgemeinde,8310,4321796.05,520.07,1025318.00,3000.00,3293478.05,STATISTIKPORTAL_INTEGRATED_2023_T1
2023,16,16074,municipality,160745014059,16074059,matched,Mörsdorf,Mitgliedsgemeinde,547,793706.07,1451.02,493890.00,0.00,299816.07,STATISTIKPORTAL_INTEGRATED_2023_T1
2023,16,16074,municipality,160745014075,16074075,matched,Reichenbach,Mitgliedsgemeinde,853,1194715.49,1400.60,811363.00,2500.00,380852.49,STATISTIKPORTAL_INTEGRATED_2023_T1
2023,16,16074,municipality,160745014084,16074084,matched,Schleifreisen,Mitgliedsgemeinde,415,276653.88,666.64,0.00,1000.00,275653.88,STATISTIKPORTAL_INTEGRATED_2023_T1
2023,16,16074,municipality,160745014093,16074093,matched,St.Gangloff,Mitgliedsgemeinde,1161,1048331.44,902.96,924353.00,3000.00,120978.44,STATISTIKPORTAL_INTEGRATED_2023_T1
2023,16,16074,joint_administration,160745015,,not_applicable,VGHH Dornburg-Camburg,Verwaltungsgemeinschaftshaushalt,10105,0.00,0.00,0.00,0.00,0.00,STATISTIKPORTAL_INTEGRATED_2023_T1
2023,16,16074,municipality,160745015011,16074011,matched,"Dornburg-Camburg, Stadt",Mitgliedsgemeinde,5284,24159209.94,4572.14,8040242.00,4858951.79,11260016.15,STATISTIKPORTAL_INTEGRATED_2023_T1
2023,16,16074,municipality,160745015019,16074019,matched,Frauenprießnitz,Mitgliedsgemeinde,807,2409700.83,2986.00,0.00,560839.18,1848861.65,STATISTIKPORTAL_INTEGRATED_2023_T1
2023,16,16074,municipality,160745015026,16074026,matched,Golmsdorf,Mitgliedsgemeinde,703,2909228.95,4138.31,481280.00,570765.53,1857183.42,STATISTIKPORTAL_INTEGRATED_2023_T1
2023,16,16074,municipality,160745015032,16074032,matched,Großlöbichau,Mitgliedsgemeinde,714,2145103.51,3004.35,0.00,416907.00,1728196.51,STATISTIKPORTAL_INTEGRATED_2023_T1
2023,16,16074,municipality,160745015036,16074036,matched,Hainichen,Mitgliedsgemeinde,188,1561164.44,8304.07,0.00,99263.57,1461900.87,STATISTIKPORTAL_INTEGRATED_2023_T1
2023,16,16074,municipality,160745015043,16074043,matched,Jenalöbnitz,Mitgliedsgemeinde,147,1771017.52,12047.74,0.00,213416.68,1557600.84,STATISTIKPORTAL_INTEGRATED_2023_T1
2023,16,16074,municipality,160745015051,16074051,matched,Lehesten,Mitgliedsgemeinde,660,2044738.92,3098.09,0.00,362312.03,1682426.89,STATISTIKPORTAL_INTEGRATED_2023_T1
2023,16,16074,municipality,160745015054,16074054,matched,Löberschütz,Mitgliedsgemeinde,148,1953498.46,13199.31,0.00,312680.25,1640818.21,STATISTIKPORTAL_INTEGRATED_2023_T1
2023,16,16074,municipality,160745015063,16074063,matched,Neuengönna,Mitgliedsgemeinde,670,2386870.59,3562.49,22790.00,536023.28,1828057.31,STATISTIKPORTAL_INTEGRATED_2023_T1
2023,16,16074,municipality,160745015096,16074096,matched,Tautenburg,Mitgliedsgemeinde,279,1473362.28,5280.87,0.00,0.00,1473362.28,STATISTIKPORTAL_INTEGRATED_2023_T1
2023,16,16074,municipality,160745015099,16074099,matched,Thierschneck,Mitgliedsgemeinde,106,550329.79,5191.79,0.00,153858.53,396471.26,STATISTIKPORTAL_INTEGRATED_2023_T1
2023,16,16074,municipality,160745015112,16074112,matched,Wichmar,Mitgliedsgemeinde,223,2323837.02,10420.79,78369.00,471501.96,1773966.06,STATISTIKPORTAL_INTEGRATED_2023_T1
2023,16,16074,municipality,160745015113,16074113,matched,Zimmern,Mitgliedsgemeinde,176,1504888.03,8550.50,53515.00,0.00,1451373.03,STATISTIKPORTAL_INTEGRATED_2023_T1
2023,16,16074,municipality,160745050058,16074058,matched,Möckern,beauftragende Gemeinde,106,217794.60,2054.67,0.00,0.00,217794.60,STATISTIKPORTAL_INTEGRATED_2023_T1
2023,16,16074,municipality,160745050081,16074081,matched,Ruttersdorf-Lotschen,beauftragende Gemeinde,347,1473362.28,4246.00,0.00,0.00,1473362.28,STATISTIKPORTAL_INTEGRATED_2023_T1
2023,16,16074,municipality,160745050094,16074094,matched,"Stadtroda, Stadt",erfüllende Gemeinde,6641,18570221.32,2796.30,3561113.00,0.00,15009108.32,STATISTIKPORTAL_INTEGRATED_2023_T1
2023,16,16074,municipality,160745051009,16074009,matched,"Bürgel, Stadt",erfüllende Gemeinde,3045,10685950.24,3509.34,3213822.00,2734711.38,4737416.86,STATISTIKPORTAL_INTEGRATED_2023_T1
2023,16,16074,municipality,160745051028,16074028,matched,Graitschen b. Bürgel,beauftragende Gemeinde,408,1032986.47,2531.83,0.00,312680.25,720306.22,STATISTIKPORTAL_INTEGRATED_2023_T1
2023,16,16074,municipality,160745051061,16074061,matched,Nausnitz,beauftragende Gemeinde,74,478546.42,6466.84,0.00,0.00,478546.42,STATISTIKPORTAL_INTEGRATED_2023_T1
2023,16,16074,municipality,160745051068,16074068,matched,Poxdorf,beauftragende Gemeinde,92,645673.39,7018.19,0.00,153858.53,491814.86,STATISTIKPORTAL_INTEGRATED_2023_T1
2023,16,16074,municipality,160745052018,16074018,matched,"Eisenberg, Stadt",erfüllende Gemeinde,11050,18453865.11,1670.03,3829796.00,400161.71,14223907.40,STATISTIKPORTAL_INTEGRATED_2023_T1
2023,16,16074,municipality,160745052025,16074025,matched,Gösen,beauftragende Gemeinde,205,366803.85,1789.29,62000.00,500.00,304303.85,STATISTIKPORTAL_INTEGRATED_2023_T1
2023,16,16074,municipality,160745052037,16074037,matched,Hainspitz,beauftragende Gemeinde,642,1761120.60,2743.18,112355.00,606007.78,1042757.82,STATISTIKPORTAL_INTEGRATED_2023_T1
2023,16,16074,municipality,160745052055,16074055,matched,Mertendorf,beauftragende Gemeinde,141,842299.27,5973.75,0.00,312680.25,529619.02,STATISTIKPORTAL_INTEGRATED_2023_T1
2023,16,16074,municipality,160745052067,16074067,matched,Petersberg,beauftragende Gemeinde,282,390349.85,1384.22,11907.00,500.00,377942.85,STATISTIKPORTAL_INTEGRATED_2023_T1
2023,16,16074,municipality,160745052073,16074073,matched,Rauschwitz,beauftragende Gemeinde,217,559453.83,2578.13,0.00,158821.71,400632.12,STATISTIKPORTAL_INTEGRATED_2023_T1
2023,16,16074,municipality,160745053001,16074001,matched,Albersdorf,beauftragende Gemeinde,299,453300.71,1516.06,0.00,153858.53,299442.18,STATISTIKPORTAL_INTEGRATED_2023_T1
2023,16,16074,municipality,160745053003,16074003,matched,Bad Klosterlausnitz,erfüllende Gemeinde,3350,4824796.74,1440.24,286000.00,2100961.34,2437835.40,STATISTIKPORTAL_INTEGRATED_2023_T1
2023,16,16074,municipality,160745053005,16074005,matched,Bobeck,beauftragende Gemeinde,262,265634.01,1013.87,0.00,500.00,265134.01,STATISTIKPORTAL_INTEGRATED_2023_T1
2023,16,16074,municipality,160745053082,16074082,matched,Scheiditz,beauftragende Gemeinde,58,453300.71,7815.53,0.00,153858.53,299442.18,STATISTIKPORTAL_INTEGRATED_2023_T1
2023,16,16074,municipality,160745053085,16074085,matched,Schlöben,beauftragende Gemeinde,926,1126991.63,1217.05,108000.00,461575.60,557416.03,STATISTIKPORTAL_INTEGRATED_2023_T1
2023,16,16074,municipality,160745053086,16074086,matched,Schöngleina,beauftragende Gemeinde,517,637751.45,1233.56,178000.00,0.00,459751.45,STATISTIKPORTAL_INTEGRATED_2023_T1
2023,16,16074,municipality,160745053091,16074091,matched,Serba,beauftragende Gemeinde,699,1712633.91,2450.12,0.00,640750.03,1071883.88,STATISTIKPORTAL_INTEGRATED_2023_T1
2023,16,16074,municipality,160745053098,16074098,matched,Tautenhain,beauftragende Gemeinde,890,2045384.88,2298.19,0.00,1021951.60,1023433.28,STATISTIKPORTAL_INTEGRATED_2023_T1
2023,16,16074,municipality,160745053105,16074105,matched,Waldeck,beauftragende Gemeinde,219,316940.00,1447.21,0.00,79910.86,237029.14,STATISTIKPORTAL_INTEGRATED_2023_T1
2023,16,16074,municipality,160745053109,16074109,matched,Weißenborn,beauftragende Gemeinde,1162,1987117.83,1710.08,7875.00,893408.96,1085833.87,STATISTIKPORTAL_INTEGRATED_2023_T1
2023,16,16075,county_administration,16075,,not_applicable,LKV Saale-Orla-Kreis,Landkreisverwaltung,79061,111967847.82,1416.22,20969323.00,4860689.89,86137834.93,STATISTIKPORTAL_INTEGRATED_2023_T1
2023,16,16075,municipality,160750046046,16075046,matched,"Hirschberg, Stadt",gemeinschaftsfreie Gemeinde,2170,5211448.56,2401.59,3171910.00,1101.17,2038437.39,STATISTIKPORTAL_INTEGRATED_2023_T1
2023,16,16075,municipality,160750062062,16075062,matched,"Bad Lobenstein, Stadt",gemeinschaftsfreie Gemeinde,5713,27207348.44,4762.36,1909034.00,7655247.38,17643067.06,STATISTIKPORTAL_INTEGRATED_2023_T1
2023,16,16075,municipality,160750085085,16075085,matched,"Pößneck, Stadt",gemeinschaftsfreie Gemeinde,11845,46784674.95,3949.74,4313425.00,1057.21,42470192.74,STATISTIKPORTAL_INTEGRATED_2023_T1
2023,16,16075,municipality,160750098098,16075098,matched,"Schleiz, Stadt",gemeinschaftsfreie Gemeinde,8797,34617466.77,3935.14,4100719.00,10258507.83,20258239.94,STATISTIKPORTAL_INTEGRATED_2023_T1
2023,16,16075,municipality,160750131131,16075131,matched,"Gefell, Stadt",gemeinschaftsfreie Gemeinde,2382,8702670.38,3653.51,1322830.00,3509907.27,3869933.11,STATISTIKPORTAL_INTEGRATED_2023_T1
2023,16,16075,municipality,160750132132,16075132,matched,"Tanna, Stadt",gemeinschaftsfreie Gemeinde,3417,12783606.03,3741.18,4302044.00,3899971.45,4581590.58,STATISTIKPORTAL_INTEGRATED_2023_T1
2023,16,16075,municipality,160750133133,16075133,matched,"Wurzbach, Stadt",gemeinschaftsfreie Gemeinde,2986,12956987.51,4339.25,1164465.00,3479276.08,8313246.43,STATISTIKPORTAL_INTEGRATED_2023_T1
2023,16,16075,municipality,160750134134,16075134,matched,Remptendorf,gemeinschaftsfreie Gemeinde,3315,3839220.06,1158.14,19268.00,2775.13,3817176.93,STATISTIKPORTAL_INTEGRATED_2023_T1
2023,16,16075,municipality,160750135135,16075135,matched,"Saalburg-Ebersdorf, Stadt",gemeinschaftsfreie Gemeinde,3332,5905210.75,1772.27,529634.00,3215.60,5372361.15,STATISTIKPORTAL_INTEGRATED_2023_T1
2023,16,16075,municipality,160750136136,16075136,matched,Rosenthal am Rennsteig,gemeinschaftsfreie Gemeinde,3848,10884067.41,2828.50,39115.00,4215808.61,6629143.80,STATISTIKPORTAL_INTEGRATED_2023_T1
2023,16,16075,joint_administration,160755004,,not_applicable,VGHH Seenplatte,Verwaltungsgemeinschaftshaushalt,3953,0.00,0.00,0.00,0.00,0.00,STATISTIKPORTAL_INTEGRATED_2023_T1
2023,16,16075,municipality,160755004014,16075014,matched,Dittersdorf,Mitgliedsgemeinde,457,2395901.40,5242.67,167057.00,625580.73,1603263.67,STATISTIKPORTAL_INTEGRATED_2023_T1
2023,16,16075,municipality,160755004033,16075033,matched,Görkwitz,Mitgliedsgemeinde,317,397834.15,1255.00,21373.00,264.19,376196.96,STATISTIKPORTAL_INTEGRATED_2023_T1
2023,16,16075,municipality,160755004034,16075034,matched,Göschitz,Mitgliedsgemeinde,201,548629.37,2729.50,125093.00,0.00,423536.37,STATISTIKPORTAL_INTEGRATED_2023_T1
2023,16,16075,municipality,160755004048,16075048,matched,Kirschkau,Mitgliedsgemeinde,196,411250.17,2098.22,50833.00,0.00,360417.17,STATISTIKPORTAL_INTEGRATED_2023_T1
2023,16,16075,municipality,160755004063,16075063,matched,Löhma,Mitgliedsgemeinde,286,518000.70,1811.19,125936.00,87.92,391976.78,STATISTIKPORTAL_INTEGRATED_2023_T1
2023,16,16075,municipality,160755004068,16075068,matched,Moßbach,Mitgliedsgemeinde,398,1278092.11,3211.29,64158.00,481472.28,732461.83,STATISTIKPORTAL_INTEGRATED_2023_T1
2023,16,16075,municipality,160755004072,16075072,matched,Neundorf (bei Schleiz),Mitgliedsgemeinde,261,1195994.66,4582.36,0.00,471854.51,724140.15,STATISTIKPORTAL_INTEGRATED_2023_T1
2023,16,16075,municipality,160755004076,16075076,matched,Oettersdorf,Mitgliedsgemeinde,802,1362655.39,1699.07,444289.00,396.51,917969.88,STATISTIKPORTAL_INTEGRATED_2023_T1
2023,16,16075,municipality,160755004083,16075083,matched,Plothen,Mitgliedsgemeinde,263,722060.58,2745.48,124550.00,396.51,597114.07,STATISTIKPORTAL_INTEGRATED_2023_T1
2023,16,16075,municipality,160755004084,16075084,matched,Pörmitz,Mitgliedsgemeinde,162,1195950.26,7382.41,0.00,471810.11,724140.15,STATISTIKPORTAL_INTEGRATED_2023_T1
2023,16,16075,municipality,160755004109,16075109,matched,Tegau,Mitgliedsgemeinde,380,2058693.69,5417.61,131555.00,640250.03,1286888.66,STATISTIKPORTAL_INTEGRATED_2023_T1
2023,16,16075,municipality,160755004119,16075119,matched,Volkmannsdorf,Mitgliedsgemeinde,230,1196082.58,5200.36,0.00,471942.43,724140.15,STATISTIKPORTAL_INTEGRATED_2023_T1
2023,16,16075,joint_administration,160755005,,not_applicable,VGHH Oppurg,Verwaltungsgemeinschaftshaushalt,5363,0.00,0.00,0.00,0.00,0.00,STATISTIKPORTAL_INTEGRATED_2023_T1
2023,16,16075,municipality,160755005006,16075006,matched,Bodelwitz,Mitgliedsgemeinde,578,1086703.17,1880.11,1880.00,526317.16,558506.01,STATISTIKPORTAL_INTEGRATED_2023_T1
2023,16,16075,municipality,160755005016,16075016,matched,Döbritz,Mitgliedsgemeinde,169,187469.61,1109.29,22500.00,176.28,164793.33,STATISTIKPORTAL_INTEGRATED_2023_T1
2023,16,16075,municipality,160755005031,16075031,matched,Gertewitz,Mitgliedsgemeinde,122,249172.50,2042.40,0.00,220.23,248952.27,STATISTIKPORTAL_INTEGRATED_2023_T1
2023,16,16075,municipality,160755005039,16075039,matched,Grobengereuth,Mitgliedsgemeinde,189,349155.12,1847.38,0.00,264.19,348890.93,STATISTIKPORTAL_INTEGRATED_2023_T1
2023,16,16075,municipality,160755005054,16075054,matched,Langenorla,Mitgliedsgemeinde,1209,1549739.59,1281.84,0.00,715666.57,834073.02,STATISTIKPORTAL_INTEGRATED_2023_T1
2023,16,16075,municipality,160755005056,16075056,matched,Lausnitz b. Neustadt an der Orla,Mitgliedsgemeinde,309,402567.95,1302.81,90100.00,396.51,312071.44,STATISTIKPORTAL_INTEGRATED_2023_T1
2023,16,16075,municipality,160755005074,16075074,matched,Nimritz,Mitgliedsgemeinde,338,371632.68,1099.50,54169.00,132.32,317331.36,STATISTIKPORTAL_INTEGRATED_2023_T1
2023,16,16075,municipality,160755005075,16075075,matched,Oberoppurg,Mitgliedsgemeinde,154,165057.52,1071.80,0.00,264.19,164793.33,STATISTIKPORTAL_INTEGRATED_2023_T1
2023,16,16075,municipality,160755005077,16075077,matched,Oppurg,Mitgliedsgemeinde,1169,867029.32,741.68,77822.00,2006.58,787200.74,STATISTIKPORTAL_INTEGRATED_2023_T1
2023,16,16075,municipality,160755005087,16075087,matched,Quaschwitz,Mitgliedsgemeinde,69,212265.06,3076.31,0.00,132.32,212132.74,STATISTIKPORTAL_INTEGRATED_2023_T1
2023,16,16075,municipality,160755005105,16075105,matched,Solkwitz,Mitgliedsgemeinde,63,222475.32,3531.35,31250.00,132.32,191093.00,STATISTIKPORTAL_INTEGRATED_2023_T1
2023,16,16075,municipality,160755005121,16075121,matched,Weira,Mitgliedsgemeinde,373,355143.00,952.13,53000.00,660.70,301482.30,STATISTIKPORTAL_INTEGRATED_2023_T1
2023,16,16075,municipality,160755005124,16075124,matched,Wernburg,Mitgliedsgemeinde,621,780906.78,1257.50,88399.00,312988.40,379519.38,STATISTIKPORTAL_INTEGRATED_2023_T1
2023,16,16075,joint_administration,160755011,,not_applicable,VGHH Triptis,Verwaltungsgemeinschaftshaushalt,5868,3949.17,0.67,0.00,3949.17,0.00,STATISTIKPORTAL_INTEGRATED_2023_T1
2023,16,16075,municipality,160755011019,16075019,matched,Dreitzsch,Mitgliedsgemeinde,404,1870721.38,4630.50,6543.00,933430.12,930748.26,STATISTIKPORTAL_INTEGRATED_2023_T1
2023,16,16075,municipality,160755011029,16075029,matched,Geroda,Mitgliedsgemeinde,224,400299.44,1787.05,0.00,153858.53,246440.91,STATISTIKPORTAL_INTEGRATED_2023_T1
2023,16,16075,municipality,160755011057,16075057,matched,Lemnitz,Mitgliedsgemeinde,373,400607.59,1074.01,0.00,154166.68,246440.91,STATISTIKPORTAL_INTEGRATED_2023_T1
2023,16,16075,municipality,160755011065,16075065,matched,Miesitz,Mitgliedsgemeinde,276,400519.67,1451.16,0.00,154078.76,246440.91,STATISTIKPORTAL_INTEGRATED_2023_T1
2023,16,16075,municipality,160755011066,16075066,matched,Mittelpöllnitz,Mitgliedsgemeinde,269,413257.44,1536.27,12958.00,153858.53,246440.91,STATISTIKPORTAL_INTEGRATED_2023_T1
2023,16,16075,municipality,160755011093,16075093,matched,Rosendorf,Mitgliedsgemeinde,164,409511.40,2497.02,0.00,158909.63,250601.77,STATISTIKPORTAL_INTEGRATED_2023_T1
2023,16,16075,municipality,160755011099,16075099,matched,Schmieritz,Mitgliedsgemeinde,374,149497.97,399.73,0.00,484.43,149013.54,STATISTIKPORTAL_INTEGRATED_2023_T1
2023,16,16075,municipality,160755011114,16075114,matched,Tömmelsdorf,Mitgliedsgemeinde,123,400431.76,3255.54,0.00,153990.85,246440.91,STATISTIKPORTAL_INTEGRATED_2023_T1
2023,16,16075,municipality,160755011116,16075116,matched,"Triptis, Stadt",Mitgliedsgemeinde,3661,10887877.93,2974.02,99389.00,3295947.06,7492541.87,STATISTIKPORTAL_INTEGRATED_2023_T1
2023,16,16075,joint_administration,160755013,,not_applicable,VGHH Ranis-Ziegenrück,Verwaltungsgemeinschaftshaushalt,6673,0.00,0.00,0.00,0.00,0.00,STATISTIKPORTAL_INTEGRATED_2023_T1
2023,16,16075,municipality,160755013023,16075023,matched,Eßbach,Mitgliedsgemeinde,233,723967.26,3107.16,112000.00,154122.72,457844.54,STATISTIKPORTAL_INTEGRATED_2023_T1
2023,16,16075,municipality,160755013035,16075035,matched,Gössitz,Mitgliedsgemeinde,291,400872.23,1377.57,0.00,154431.32,246440.91,STATISTIKPORTAL_INTEGRATED_2023_T1
2023,16,16075,municipality,160755013047,16075047,matched,Keila,Mitgliedsgemeinde,72,400519.67,5562.77,0.00,154078.76,246440.91,STATISTIKPORTAL_INTEGRATED_2023_T1
2023,16,16075,municipality,160755013069,16075069,matched,Moxa,Mitgliedsgemeinde,80,692489.15,8656.11,0.00,312900.48,379588.67,STATISTIKPORTAL_INTEGRATED_2023_T1
2023,16,16075,municipality,160755013079,16075079,matched,Paska,Mitgliedsgemeinde,91,612011.22,6725.40,0.00,154166.68,457844.54,STATISTIKPORTAL_INTEGRATED_2023_T1
2023,16,16075,municipality,160755013081,16075081,matched,Peuschen,Mitgliedsgemeinde,443,1308122.66,2952.87,4190.00,645565.76,658366.90,STATISTIKPORTAL_INTEGRATED_2023_T1
2023,16,16075,municipality,160755013088,16075088,matched,"Ranis, Stadt",Mitgliedsgemeinde,1655,3976383.04,2402.65,903412.00,1544032.96,1528938.08,STATISTIKPORTAL_INTEGRATED_2023_T1
2023,16,16075,municipality,160755013101,16075101,matched,Schmorda,Mitgliedsgemeinde,79,212352.97,2688.01,0.00,220.23,212132.74,STATISTIKPORTAL_INTEGRATED_2023_T1
2023,16,16075,municipality,160755013102,16075102,matched,Schöndorf,Mitgliedsgemeinde,260,471360.19,1812.92,0.00,484.43,470875.76,STATISTIKPORTAL_INTEGRATED_2023_T1
2023,16,16075,municipality,160755013103,16075103,matched,Seisla,Mitgliedsgemeinde,126,400519.67,3178.73,0.00,154078.76,246440.91,STATISTIKPORTAL_INTEGRATED_2023_T1
2023,16,16075,municipality,160755013125,16075125,matched,Wilhelmsdorf,Mitgliedsgemeinde,211,454486.62,2153.97,53816.00,154299.00,246371.62,STATISTIKPORTAL_INTEGRATED_2023_T1
2023,16,16075,municipality,160755013127,16075127,matched,"Ziegenrück, Stadt",Mitgliedsgemeinde,614,1508385.93,2456.65,47750.00,615830.65,844805.28,STATISTIKPORTAL_INTEGRATED_2023_T1
2023,16,16075,municipality,160755013129,16075129,matched,Krölpa,Mitgliedsgemeinde,2518,10552137.73,4190.68,1900682.00,6192382.38,2459073.35,STATISTIKPORTAL_INTEGRATED_2023_T1
2023,16,16075,municipality,160755050051,16075051,matched,Kospoda,beauftragende Gemeinde,384,154581.65,402.56,0.00,308.15,154273.50,STATISTIKPORTAL_INTEGRATED_2023_T1
2023,16,16075,municipality,160755050073,16075073,matched,"Neustadt an der Orla, Stadt",erfüllende Gemeinde,9015,8309294.85,921.72,0.00,310359.89,7998934.96,STATISTIKPORTAL_INTEGRATED_2023_T1
2023,16,16076,county_administration,16076,,not_applicable,LKV Greiz,Landkreisverwaltung,96106,67976240.73,707.30,7524564.00,3099802.00,57351874.73,STATISTIKPORTAL_INTEGRATED_2023_T1
2023,16,16076,municipality,160760004004,16076004,not_in_2024_atlas,"Berga/Elster, Stadt",gemeinschaftsfreie Gemeinde,3207,12060937.12,3760.82,931245.00,5061595.00,6068097.12,STATISTIKPORTAL_INTEGRATED_2023_T1
2023,16,16076,municipality,160760022022,16076022,matched,"Greiz, Stadt",gemeinschaftsfreie Gemeinde,20395,32729758.25,1604.79,8257095.00,1084638.74,23388024.51,STATISTIKPORTAL_INTEGRATED_2023_T1
2023,16,16076,municipality,160760061061,16076061,matched,"Ronneburg, Stadt",gemeinschaftsfreie Gemeinde,5103,27820246.91,5451.74,4998420.00,6064077.82,16757749.09,STATISTIKPORTAL_INTEGRATED_2023_T1
2023,16,16076,municipality,160760088088,16076088,matched,Harth-Pöllnitz,gemeinschaftsfreie Gemeinde,2719,5730011.96,2107.40,1425536.00,1000.00,4303475.96,STATISTIKPORTAL_INTEGRATED_2023_T1
2023,16,16076,municipality,160760089089,16076089,matched,Kraftsdorf,gemeinschaftsfreie Gemeinde,3690,7965656.77,2158.71,369992.00,1897081.49,5698583.28,STATISTIKPORTAL_INTEGRATED_2023_T1
2023,16,16076,municipality,160760092092,16076092,matched,"Auma-Weidatal, Stadt",gemeinschaftsfreie Gemeinde,3349,12505259.16,3734.03,1005435.00,4347832.76,7151991.40,STATISTIKPORTAL_INTEGRATED_2023_T1
2023,16,16076,municipality,160760093093,16076093,matched,Mohlsdorf-Teichwolframsdorf,gemeinschaftsfreie Gemeinde,4599,22424699.73,4875.99,932662.00,7474546.88,14017490.85,STATISTIKPORTAL_INTEGRATED_2023_T1
2023,16,16076,joint_administration,160765004,,not_applicable,VGHH Wünschendorf/Elster,Verwaltungsgemeinschaftshaushalt,7359,0.00,0.00,0.00,0.00,0.00,STATISTIKPORTAL_INTEGRATED_2023_T1
2023,16,16076,municipality,160765004009,16076009,matched,Braunichswalde,Mitgliedsgemeinde,614,1908290.53,3107.97,36795.00,456612.43,1414883.10,STATISTIKPORTAL_INTEGRATED_2023_T1
2023,16,16076,municipality,160765004017,16076017,matched,Endschütz,Mitgliedsgemeinde,326,1898088.79,5822.36,0.00,472001.96,1426086.83,STATISTIKPORTAL_INTEGRATED_2023_T1
2023,16,16076,municipality,160765004019,16076019,matched,Gauern,Mitgliedsgemeinde,123,1313649.75,10680.08,0.00,153858.53,1159791.22,STATISTIKPORTAL_INTEGRATED_2023_T1
2023,16,16076,municipality,160765004027,16076027,matched,Hilbersdorf,Mitgliedsgemeinde,201,1361769.98,6774.98,0.00,181174.43,1180595.55,STATISTIKPORTAL_INTEGRATED_2023_T1
2023,16,16076,municipality,160765004034,16076034,matched,Kauern,Mitgliedsgemeinde,431,1348569.66,3128.93,117369.00,4500.00,1226700.66,STATISTIKPORTAL_INTEGRATED_2023_T1
2023,16,16076,municipality,160765004043,16076043,matched,Linda b. Weida,Mitgliedsgemeinde,421,1227700.66,2916.15,0.00,1000.00,1226700.66,STATISTIKPORTAL_INTEGRATED_2023_T1
2023,16,16076,municipality,160765004055,16076055,matched,Paitzdorf,Mitgliedsgemeinde,421,1637197.23,3888.83,31078.00,313180.25,1292938.98,STATISTIKPORTAL_INTEGRATED_2023_T1
2023,16,16076,municipality,160765004062,16076062,matched,Rückersdorf,Mitgliedsgemeinde,688,1325552.70,1926.68,0.00,160321.71,1165230.99,STATISTIKPORTAL_INTEGRATED_2023_T1
2023,16,16076,municipality,160765004069,16076069,matched,Seelingstädt,Mitgliedsgemeinde,1272,7358007.45,5784.60,2010463.00,1786744.27,3560800.18,STATISTIKPORTAL_INTEGRATED_2023_T1
2023,16,16076,municipality,160765004074,16076074,matched,Teichwitz,Mitgliedsgemeinde,99,1295401.68,13084.87,0.00,143932.18,1151469.50,STATISTIKPORTAL_INTEGRATED_2023_T1
2023,16,16076,municipality,160765004084,16076084,not_in_2024_atlas,Wünschendorf/Elster,Mitgliedsgemeinde,2763,4723884.02,1709.69,1109219.00,5500.00,3609165.02,STATISTIKPORTAL_INTEGRATED_2023_T1
2023,16,16076,joint_administration,160765006,,not_applicable,VGHH Münchenbernsdorf,Verwaltungsgemeinschaftshaushalt,5923,0.00,0.00,0.00,0.00,0.00,STATISTIKPORTAL_INTEGRATED_2023_T1
2023,16,16076,municipality,160765006007,16076007,matched,Bocka,Mitgliedsgemeinde,469,1889965.55,4029.78,807043.00,3500.00,1079422.55,STATISTIKPORTAL_INTEGRATED_2023_T1
2023,16,16076,municipality,160765006033,16076033,matched,Hundhaupten,Mitgliedsgemeinde,316,1151739.05,3644.74,22256.00,4000.00,1125483.05,STATISTIKPORTAL_INTEGRATED_2023_T1
2023,16,16076,municipality,160765006042,16076042,matched,Lederhose,Mitgliedsgemeinde,268,1843895.41,6880.21,9675.00,437259.71,1396960.70,STATISTIKPORTAL_INTEGRATED_2023_T1
2023,16,16076,municipality,160765006044,16076044,matched,Lindenkreuz,Mitgliedsgemeinde,425,1169554.76,2751.89,101412.00,4500.00,1063642.76,STATISTIKPORTAL_INTEGRATED_2023_T1
2023,16,16076,municipality,160765006049,16076049,matched,"Münchenbernsdorf, Stadt",Mitgliedsgemeinde,2934,9007891.16,3070.17,745452.00,8000.00,8254439.16,STATISTIKPORTAL_INTEGRATED_2023_T1
2023,16,16076,municipality,160765006064,16076064,matched,Saara,Mitgliedsgemeinde,581,1711543.14,2945.86,100145.00,317180.25,1294217.89,STATISTIKPORTAL_INTEGRATED_2023_T1
2023,16,16076,municipality,160765006068,16076068,matched,Schwarzbach,Mitgliedsgemeinde,215,1093923.46,5088.02,0.00,0.00,1093923.46,STATISTIKPORTAL_INTEGRATED_2023_T1
2023,16,16076,municipality,160765006086,16076086,matched,Zedlitz,Mitgliedsgemeinde,715,1164525.53,1628.71,204.00,6000.00,1158321.53,STATISTIKPORTAL_INTEGRATED_2023_T1
2023,16,16076,joint_administration,160765008,,not_applicable,VGHH Am Brahmetal,Verwaltungsgemeinschaftshaushalt,4395,0.00,0.00,0.00,0.00,0.00,STATISTIKPORTAL_INTEGRATED_2023_T1
2023,16,16076,municipality,160765008006,16076006,matched,Bethenhausen,Mitgliedsgemeinde,219,1074383.72,4905.86,0.00,1500.00,1072883.72,STATISTIKPORTAL_INTEGRATED_2023_T1
2023,16,16076,municipality,160765008008,16076008,matched,Brahmenau,Mitgliedsgemeinde,903,1234083.19,1366.65,198500.00,3500.00,1032083.19,STATISTIKPORTAL_INTEGRATED_2023_T1
2023,16,16076,municipality,160765008023,16076023,matched,Großenstein,Mitgliedsgemeinde,1198,2836552.00,2367.74,279466.00,269511.64,2287574.36,STATISTIKPORTAL_INTEGRATED_2023_T1
2023,16,16076,municipality,160765008028,16076028,matched,Hirschfeld,Mitgliedsgemeinde,98,1607619.23,16404.28,0.00,314680.25,1292938.98,STATISTIKPORTAL_INTEGRATED_2023_T1
2023,16,16076,municipality,160765008036,16076036,matched,Korbußen,Mitgliedsgemeinde,441,2885264.79,6542.55,0.00,1008525.24,1876739.55,STATISTIKPORTAL_INTEGRATED_2023_T1
2023,16,16076,municipality,160765008058,16076058,matched,Pölzig,Mitgliedsgemeinde,1069,5123443.27,4792.74,0.00,1666664.81,3456778.46,STATISTIKPORTAL_INTEGRATED_2023_T1
2023,16,16076,municipality,160765008059,16076059,matched,Reichstädt,Mitgliedsgemeinde,335,1030804.28,3077.03,0.00,0.00,1030804.28,STATISTIKPORTAL_INTEGRATED_2023_T1
2023,16,16076,municipality,160765008067,16076067,matched,Schwaara,Mitgliedsgemeinde,132,1064363.85,8063.36,0.00,2000.00,1062363.85,STATISTIKPORTAL_INTEGRATED_2023_T1
2023,16,16076,municipality,160765051003,16076003,matched,"Bad Köstritz, Stadt",erfüllende Gemeinde,3687,8637472.10,2342.68,2552317.00,10500.00,6074655.10,STATISTIKPORTAL_INTEGRATED_2023_T1
2023,16,16076,municipality,160765051012,16076012,matched,Caaschwitz,beauftragende Gemeinde,640,2561969.19,4003.08,760966.00,419407.00,1381596.19,STATISTIKPORTAL_INTEGRATED_2023_T1
2023,16,16076,municipality,160765053014,16076014,matched,Crimla,beauftragende Gemeinde,264,1126483.05,4266.98,0.00,1000.00,1125483.05,STATISTIKPORTAL_INTEGRATED_2023_T1
2023,16,16076,municipality,160765053079,16076079,matched,"Weida, Stadt",erfüllende Gemeinde,8126,18964177.42,2333.77,5262981.00,500.00,13700696.42,STATISTIKPORTAL_INTEGRATED_2023_T1
2023,16,16076,municipality,160765054041,16076041,matched,Langenwolschendorf,beauftragende Gemeinde,831,3520762.58,4236.78,69908.00,1469100.85,1981753.73,STATISTIKPORTAL_INTEGRATED_2023_T1
2023,16,16076,municipality,160765054081,16076081,matched,Weißendorf,beauftragende Gemeinde,328,1899766.57,5791.97,0.00,625360.50,1274406.07,STATISTIKPORTAL_INTEGRATED_2023_T1
2023,16,16076,municipality,160765054087,16076087,matched,"Zeulenroda-Triebes, Stadt",erfüllende Gemeinde,15971,47638912.42,2982.84,1533203.00,6556358.85,39549350.57,STATISTIKPORTAL_INTEGRATED_2023_T1
2023,16,16076,municipality,160765056029,16076029,matched,"Hohenleuben, Stadt",beauftragende Gemeinde,1454,2262929.04,1556.35,82223.00,0.00,2180706.04,STATISTIKPORTAL_INTEGRATED_2023_T1
2023,16,16076,municipality,160765056039,16076039,matched,Langenwetzendorf,erfüllende Gemeinde,4066,13122888.86,3227.47,211755.00,3910984.69,9000149.17,STATISTIKPORTAL_INTEGRATED_2023_T1
2023,16,16077,county_administration,16077,,not_applicable,LKV Altenburger Land,Landkreisverwaltung,88767,121115471.60,1364.42,28191553.00,1763831.16,91160087.44,STATISTIKPORTAL_INTEGRATED_2023_T1
2023,16,16077,municipality,160770001001,16077001,matched,"Altenburg, Stadt",gemeinschaftsfreie Gemeinde,31506,122077211.25,3874.73,9803429.00,4175641.25,108098141.00,STATISTIKPORTAL_INTEGRATED_2023_T1
2023,16,16077,municipality,160770028028,16077028,matched,"Lucka, Stadt",gemeinschaftsfreie Gemeinde,3492,5761838.89,1650.01,0.00,0.00,5761838.89,STATISTIKPORTAL_INTEGRATED_2023_T1
2023,16,16077,municipality,160770032032,16077032,matched,"Meuselwitz, Stadt",gemeinschaftsfreie Gemeinde,10071,17474300.53,1735.11,226044.00,0.00,17248256.53,STATISTIKPORTAL_INTEGRATED_2023_T1
2023,16,16077,joint_administration,160775004,,not_applicable,VGHH Pleißenaue,Verwaltungsgemeinschaftshaushalt,5120,28506.00,5.57,28506.00,0.00,0.00,STATISTIKPORTAL_INTEGRATED_2023_T1
2023,16,16077,municipality,160775004005,16077005,matched,Fockendorf,Mitgliedsgemeinde,766,730995.86,954.30,103488.00,0.00,627507.86,STATISTIKPORTAL_INTEGRATED_2023_T1
2023,16,16077,municipality,160775004007,16077007,matched,Gerstenberg,Mitgliedsgemeinde,478,627507.86,1312.78,0.00,0.00,627507.86,STATISTIKPORTAL_INTEGRATED_2023_T1
2023,16,16077,municipality,160775004015,16077015,matched,Haselbach,Mitgliedsgemeinde,808,871290.86,1078.33,243783.00,0.00,627507.86,STATISTIKPORTAL_INTEGRATED_2023_T1
2023,16,16077,municipality,160775004048,16077048,matched,Treben,Mitgliedsgemeinde,1190,1342515.72,1128.16,87500.00,0.00,1255015.72,STATISTIKPORTAL_INTEGRATED_2023_T1
2023,16,16077,municipality,160775004052,16077052,matched,Windischleuba,Mitgliedsgemeinde,1878,1265303.72,673.75,10288.00,0.00,1255015.72,STATISTIKPORTAL_INTEGRATED_2023_T1
2023,16,16077,joint_administration,160775005,,not_applicable,VGHH Rositz,Verwaltungsgemeinschaftshaushalt,7611,0.00,0.00,0.00,0.00,0.00,STATISTIKPORTAL_INTEGRATED_2023_T1
2023,16,16077,municipality,160775005008,16077008,matched,Göhren,Mitgliedsgemeinde,399,627507.86,1572.70,0.00,0.00,627507.86,STATISTIKPORTAL_INTEGRATED_2023_T1
2023,16,16077,municipality,160775005009,16077009,matched,Göllnitz,Mitgliedsgemeinde,314,291900.00,929.62,291900.00,0.00,0.00,STATISTIKPORTAL_INTEGRATED_2023_T1
2023,16,16077,municipality,160775005022,16077022,matched,Kriebitzsch,Mitgliedsgemeinde,1012,1468368.66,1450.96,12193.00,0.00,1456175.66,STATISTIKPORTAL_INTEGRATED_2023_T1
2023,16,16077,municipality,160775005027,16077027,matched,Lödla,Mitgliedsgemeinde,715,866507.86,1211.90,239000.00,0.00,627507.86,STATISTIKPORTAL_INTEGRATED_2023_T1
2023,16,16077,municipality,160775005031,16077031,matched,Mehna,Mitgliedsgemeinde,259,627507.86,2422.81,0.00,0.00,627507.86,STATISTIKPORTAL_INTEGRATED_2023_T1
2023,16,16077,municipality,160775005034,16077034,matched,Monstab,Mitgliedsgemeinde,374,634409.86,1696.28,6902.00,0.00,627507.86,STATISTIKPORTAL_INTEGRATED_2023_T1
2023,16,16077,municipality,160775005042,16077042,matched,Rositz,Mitgliedsgemeinde,2723,2611346.11,959.00,216110.00,0.00,2395236.11,STATISTIKPORTAL_INTEGRATED_2023_T1
2023,16,16077,municipality,160775005044,16077044,matched,Starkenberg,Mitgliedsgemeinde,1815,1255015.72,691.47,0.00,0.00,1255015.72,STATISTIKPORTAL_INTEGRATED_2023_T1
2023,16,16077,joint_administration,160775009,,not_applicable,VGHH Oberes Sprottental,Verwaltungsgemeinschaftshaushalt,2744,4088511.00,1489.98,0.00,0.00,4088511.00,STATISTIKPORTAL_INTEGRATED_2023_T1
2023,16,16077,municipality,160775009016,16077016,matched,Heukewalde,Mitgliedsgemeinde,185,0.00,0.00,0.00,0.00,0.00,STATISTIKPORTAL_INTEGRATED_2023_T1
2023,16,16077,municipality,160775009018,16077018,matched,Jonaswalde,Mitgliedsgemeinde,318,0.00,0.00,0.00,0.00,0.00,STATISTIKPORTAL_INTEGRATED_2023_T1
2023,16,16077,municipality,160775009026,16077026,matched,Löbichau,Mitgliedsgemeinde,964,500.00,0.52,0.00,500.00,0.00,STATISTIKPORTAL_INTEGRATED_2023_T1
2023,16,16077,municipality,160775009041,16077041,matched,Posterstein,Mitgliedsgemeinde,458,916899.00,2001.96,916399.00,500.00,0.00,STATISTIKPORTAL_INTEGRATED_2023_T1
2023,16,16077,municipality,160775009047,16077047,matched,Thonhausen,Mitgliedsgemeinde,514,76700.00,149.22,76700.00,0.00,0.00,STATISTIKPORTAL_INTEGRATED_2023_T1
2023,16,16077,municipality,160775009049,16077049,matched,Vollmershain,Mitgliedsgemeinde,305,0.00,0.00,0.00,0.00,0.00,STATISTIKPORTAL_INTEGRATED_2023_T1
2023,16,16077,municipality,160775050012,16077012,matched,"Gößnitz, Stadt",erfüllende Gemeinde,3454,6122326.29,1772.53,1596144.00,1096862.46,3429319.83,STATISTIKPORTAL_INTEGRATED_2023_T1
2023,16,16077,municipality,160775050017,16077017,matched,Heyersdorf,beauftragende Gemeinde,103,627507.86,6092.31,0.00,0.00,627507.86,STATISTIKPORTAL_INTEGRATED_2023_T1
2023,16,16077,municipality,160775050039,16077039,matched,Ponitz,beauftragende Gemeinde,1498,3246053.72,2166.93,1838500.00,0.00,1407553.72,STATISTIKPORTAL_INTEGRATED_2023_T1
2023,16,16077,municipality,160775051011,16077011,matched,Göpfersdorf,beauftragende Gemeinde,220,69021.00,313.73,69021.00,0.00,0.00,STATISTIKPORTAL_INTEGRATED_2023_T1
2023,16,16077,municipality,160775051023,16077023,matched,Langenleuba-Niederhain,beauftragende Gemeinde,1726,1255015.72,727.12,0.00,0.00,1255015.72,STATISTIKPORTAL_INTEGRATED_2023_T1
2023,16,16077,municipality,160775051036,16077036,matched,Nobitz,erfüllende Gemeinde,7137,5492082.00,769.52,461725.00,10294.12,5020062.88,STATISTIKPORTAL_INTEGRATED_2023_T1
2023,16,16077,municipality,160775052003,16077003,matched,Dobitschen,beauftragende Gemeinde,420,627507.86,1494.07,0.00,0.00,627507.86,STATISTIKPORTAL_INTEGRATED_2023_T1
2023,16,16077,municipality,160775052043,16077043,matched,"Schmölln, Stadt",erfüllende Gemeinde,13665,32549884.58,2381.99,3208424.00,5583575.86,23757884.72,STATISTIKPORTAL_INTEGRATED_2023_T1
