report_year,state_code,county_ags5,reporting_unit_class,original_region_key,municipality_ags8_candidate,ags_match_2024_atlas,name_de,legal_form_de,population_2023_06_30,total_integrated_debt_eur,integrated_debt_eur_per_person,core_budget_debt_eur,extra_budget_proportional_debt_eur,public_enterprise_proportional_debt_eur,source_id
2023,13,13003,municipality,130030000000,13003000,matched,"Rostock, Hanse- und Universitätsstadt",kreisfreie Stadt,209839,1537334713.21,7326.26,111245659.00,192931728.00,1233157326.21,STATISTIKPORTAL_INTEGRATED_2023_T1
2023,13,13004,municipality,130040000000,13004000,matched,"Schwerin, Landeshauptstadt",kreisfreie Stadt,98546,714120314.92,7246.57,161305300.00,17311194.50,535503820.42,STATISTIKPORTAL_INTEGRATED_2023_T1
2023,13,13071,county_administration,13071,,not_applicable,Landratsamt Mecklenburgische Seenplatte,Landratsamt,259481,132476761.51,510.55,108066853.00,4272653.80,20137254.71,STATISTIKPORTAL_INTEGRATED_2023_T1
2023,13,13071,municipality,130710027027,13071027,matched,"Dargun, Stadt",amtsfreie Gemeinde,4362,199359.01,45.70,0.00,0.00,199359.01,STATISTIKPORTAL_INTEGRATED_2023_T1
2023,13,13071,municipality,130710029029,13071029,matched,"Demmin, Hansestadt",amtsfreie Gemeinde,10345,19388872.39,1874.23,3840000.00,0.00,15548872.39,STATISTIKPORTAL_INTEGRATED_2023_T1
2023,13,13071,municipality,130710033033,13071033,matched,Feldberger Seenlandschaft,amtsfreie Gemeinde,4484,3835894.69,855.46,2895050.00,73544.00,867300.69,STATISTIKPORTAL_INTEGRATED_2023_T1
2023,13,13071,municipality,130710107107,13071107,matched,"Neubrandenburg, Vier-Tore-Stadt",amtsfreie Gemeinde,64230,438685181.54,6829.91,1319138.00,57980443.00,379385600.54,STATISTIKPORTAL_INTEGRATED_2023_T1
2023,13,13071,municipality,130710110110,13071110,matched,"Neustrelitz, Residenzstadt",amtsfreie Gemeinde,20395,75305671.95,3692.36,0.00,79342.20,75226329.75,STATISTIKPORTAL_INTEGRATED_2023_T1
2023,13,13071,municipality,130710156156,13071156,matched,"Waren (Müritz), Stadt",amtsfreie Gemeinde,21265,21601522.44,1015.83,1262070.00,0.00,20339452.44,STATISTIKPORTAL_INTEGRATED_2023_T1
2023,13,13071,joint_administration,130715151,,not_applicable,Amtsverwaltung Demmin-Land,Amtsverwaltung,6911,0.00,0.00,0.00,0.00,0.00,STATISTIKPORTAL_INTEGRATED_2023_T1
2023,13,13071,municipality,130715151008,13071008,matched,Beggerow,amtsangehörige Gemeinde,493,2617364.23,5309.06,2139236.00,0.00,478128.23,STATISTIKPORTAL_INTEGRATED_2023_T1
2023,13,13071,municipality,130715151014,13071014,matched,Borrentin,amtsangehörige Gemeinde,784,2021801.14,2578.83,1311093.00,0.00,710708.14,STATISTIKPORTAL_INTEGRATED_2023_T1
2023,13,13071,municipality,130715151064,13071064,matched,Hohenbollentin,amtsangehörige Gemeinde,106,139329.36,1314.43,0.00,0.00,139329.36,STATISTIKPORTAL_INTEGRATED_2023_T1
2023,13,13071,municipality,130715151065,13071065,matched,Hohenmocker,amtsangehörige Gemeinde,465,410965.25,883.80,0.00,0.00,410965.25,STATISTIKPORTAL_INTEGRATED_2023_T1
2023,13,13071,municipality,130715151072,13071072,matched,Kentzlin,amtsangehörige Gemeinde,197,224401.32,1139.09,0.00,0.00,224401.32,STATISTIKPORTAL_INTEGRATED_2023_T1
2023,13,13071,municipality,130715151076,13071076,matched,Kletzin,amtsangehörige Gemeinde,706,734347.68,1040.15,0.00,0.00,734347.68,STATISTIKPORTAL_INTEGRATED_2023_T1
2023,13,13071,municipality,130715151089,13071089,matched,Lindenberg,amtsangehörige Gemeinde,214,392136.83,1832.42,182456.00,0.00,209680.83,STATISTIKPORTAL_INTEGRATED_2023_T1
2023,13,13071,municipality,130715151096,13071096,matched,Meesiger,amtsangehörige Gemeinde,233,230821.82,990.65,0.00,0.00,230821.82,STATISTIKPORTAL_INTEGRATED_2023_T1
2023,13,13071,municipality,130715151112,13071112,matched,Nossendorf,amtsangehörige Gemeinde,669,814748.13,1217.86,203930.00,0.00,610818.13,STATISTIKPORTAL_INTEGRATED_2023_T1
2023,13,13071,municipality,130715151128,13071128,matched,Sarow,amtsangehörige Gemeinde,722,612466.15,848.29,0.00,0.00,612466.15,STATISTIKPORTAL_INTEGRATED_2023_T1
2023,13,13071,municipality,130715151131,13071131,matched,Schönfeld,amtsangehörige Gemeinde,364,343609.74,943.98,0.00,0.00,343609.74,STATISTIKPORTAL_INTEGRATED_2023_T1
2023,13,13071,municipality,130715151136,13071136,matched,Siedenbrünzow,amtsangehörige Gemeinde,471,477935.69,1014.73,0.00,0.00,477935.69,STATISTIKPORTAL_INTEGRATED_2023_T1
2023,13,13071,municipality,130715151139,13071139,matched,Sommersdorf,amtsangehörige Gemeinde,257,237254.28,923.17,0.00,0.00,237254.28,STATISTIKPORTAL_INTEGRATED_2023_T1
2023,13,13071,municipality,130715151148,13071148,matched,Utzedel,amtsangehörige Gemeinde,455,411181.73,903.70,0.00,0.00,411181.73,STATISTIKPORTAL_INTEGRATED_2023_T1
2023,13,13071,municipality,130715151150,13071150,matched,Verchen,amtsangehörige Gemeinde,393,350030.23,890.66,0.00,0.00,350030.23,STATISTIKPORTAL_INTEGRATED_2023_T1
2023,13,13071,municipality,130715151157,13071157,matched,Warrenzin,amtsangehörige Gemeinde,382,345464.25,904.36,0.00,0.00,345464.25,STATISTIKPORTAL_INTEGRATED_2023_T1
2023,13,13071,joint_administration,130715152,,not_applicable,Amtsverwaltung Friedland,Amtsverwaltung,8391,0.00,0.00,0.00,0.00,0.00,STATISTIKPORTAL_INTEGRATED_2023_T1
2023,13,13071,municipality,130715152028,13071028,matched,Datzetal,amtsangehörige Gemeinde,887,1196954.72,1349.44,0.00,0.00,1196954.72,STATISTIKPORTAL_INTEGRATED_2023_T1
2023,13,13071,municipality,130715152035,13071035,matched,"Friedland, Stadt",amtsangehörige Gemeinde,6416,17982542.40,2802.77,2287170.00,0.00,15695372.40,STATISTIKPORTAL_INTEGRATED_2023_T1
2023,13,13071,municipality,130715152037,13071037,matched,Galenbeck,amtsangehörige Gemeinde,1088,2829476.72,2600.62,469740.00,0.00,2359736.72,STATISTIKPORTAL_INTEGRATED_2023_T1
2023,13,13071,joint_administration,130715153,,not_applicable,Amtsverwaltung Malchin am Kummerower See,Amtsverwaltung,11933,0.00,0.00,0.00,0.00,0.00,STATISTIKPORTAL_INTEGRATED_2023_T1
2023,13,13071,municipality,130715153007,13071007,matched,Basedow,amtsangehörige Gemeinde,669,932413.82,1393.74,1410.00,0.00,931003.82,STATISTIKPORTAL_INTEGRATED_2023_T1
2023,13,13071,municipality,130715153032,13071032,matched,Faulenrost,amtsangehörige Gemeinde,634,1183767.82,1867.14,212964.00,0.00,970803.82,STATISTIKPORTAL_INTEGRATED_2023_T1
2023,13,13071,municipality,130715153039,13071039,matched,Gielow,amtsangehörige Gemeinde,1082,1830150.24,1691.45,72596.00,0.00,1757554.24,STATISTIKPORTAL_INTEGRATED_2023_T1
2023,13,13071,municipality,130715153084,13071084,matched,"Kummerow, Seegemeinde",amtsangehörige Gemeinde,544,1714737.82,3152.09,780409.00,0.00,934328.82,STATISTIKPORTAL_INTEGRATED_2023_T1
2023,13,13071,municipality,130715153092,13071092,matched,"Malchin, Stadt",amtsangehörige Gemeinde,7260,20203512.73,2782.85,1317034.00,0.00,18886478.73,STATISTIKPORTAL_INTEGRATED_2023_T1
2023,13,13071,municipality,130715153109,13071109,matched,"Neukalen, Peenestadt",amtsangehörige Gemeinde,1744,2475403.24,1419.38,664799.00,0.00,1810604.24,STATISTIKPORTAL_INTEGRATED_2023_T1
2023,13,13071,joint_administration,130715154,,not_applicable,Amtsverwaltung Malchow,Amtsverwaltung,10850,0.00,0.00,0.00,0.00,0.00,STATISTIKPORTAL_INTEGRATED_2023_T1
2023,13,13071,municipality,130715154001,13071001,matched,Alt Schwerin,amtsangehörige Gemeinde,563,21213.78,37.68,0.00,0.00,21213.78,STATISTIKPORTAL_INTEGRATED_2023_T1
2023,13,13071,municipality,130715154036,13071036,matched,Fünfseen,amtsangehörige Gemeinde,1068,767797.01,718.91,731868.00,0.00,35929.01,STATISTIKPORTAL_INTEGRATED_2023_T1
2023,13,13071,municipality,130715154043,13071043,matched,Göhren-Lebbin,amtsangehörige Gemeinde,669,125009.33,186.86,93357.00,1153.00,30499.33,STATISTIKPORTAL_INTEGRATED_2023_T1
2023,13,13071,municipality,130715154093,13071093,matched,"Malchow, Inselstadt",amtsangehörige Gemeinde,6568,42450985.92,6463.30,624885.00,0.00,41826100.92,STATISTIKPORTAL_INTEGRATED_2023_T1
2023,13,13071,municipality,130715154113,13071113,matched,Nossentiner Hütte,amtsangehörige Gemeinde,643,315461.25,490.61,287232.00,0.00,28229.25,STATISTIKPORTAL_INTEGRATED_2023_T1
2023,13,13071,municipality,130715154114,13071114,not_in_2024_atlas,Penkow,amtsangehörige Gemeinde,305,198508.02,650.85,184994.00,0.00,13514.02,STATISTIKPORTAL_INTEGRATED_2023_T1
2023,13,13071,municipality,130715154138,13071138,matched,Silz,amtsangehörige Gemeinde,342,14300.93,41.82,0.00,0.00,14300.93,STATISTIKPORTAL_INTEGRATED_2023_T1
2023,13,13071,municipality,130715154155,13071155,matched,Walow,amtsangehörige Gemeinde,498,323443.26,649.48,300565.00,0.00,22878.26,STATISTIKPORTAL_INTEGRATED_2023_T1
2023,13,13071,municipality,130715154171,13071171,matched,Zislow,amtsangehörige Gemeinde,194,234931.69,1210.99,79500.00,0.00,155431.69,STATISTIKPORTAL_INTEGRATED_2023_T1
2023,13,13071,joint_administration,130715155,,not_applicable,Amtsverwaltung Mecklenburgische Kleinseenplatte,Amtsverwaltung,7997,1644799.00,205.68,1644799.00,0.00,0.00,STATISTIKPORTAL_INTEGRATED_2023_T1
2023,13,13071,municipality,130715155099,13071099,matched,"Mirow, Stadt",amtsangehörige Gemeinde,3893,5120488.49,1315.31,1427933.00,0.00,3692555.49,STATISTIKPORTAL_INTEGRATED_2023_T1
2023,13,13071,municipality,130715155119,13071119,matched,Priepert,amtsangehörige Gemeinde,315,392011.81,1244.48,110877.00,0.00,281134.81,STATISTIKPORTAL_INTEGRATED_2023_T1
2023,13,13071,municipality,130715155159,13071159,matched,"Wesenberg, Stadt",amtsangehörige Gemeinde,3046,2617213.52,859.23,308883.00,0.00,2308330.52,STATISTIKPORTAL_INTEGRATED_2023_T1
2023,13,13071,municipality,130715155167,13071167,matched,Wustrow,amtsangehörige Gemeinde,743,534135.85,718.89,0.00,0.00,534135.85,STATISTIKPORTAL_INTEGRATED_2023_T1
2023,13,13071,joint_administration,130715156,,not_applicable,Amtsverwaltung Neustrelitz-Land,Amtsverwaltung,7438,0.00,0.00,0.00,0.00,0.00,STATISTIKPORTAL_INTEGRATED_2023_T1
2023,13,13071,municipality,130715156011,13071011,matched,Blankensee,amtsangehörige Gemeinde,1644,820871.42,499.31,191436.00,0.00,629435.42,STATISTIKPORTAL_INTEGRATED_2023_T1
2023,13,13071,municipality,130715156012,13071012,matched,Blumenholz,amtsangehörige Gemeinde,770,256277.54,332.83,0.00,0.00,256277.54,STATISTIKPORTAL_INTEGRATED_2023_T1
2023,13,13071,municipality,130715156025,13071025,matched,Carpin,amtsangehörige Gemeinde,820,456956.64,557.26,0.00,0.00,456956.64,STATISTIKPORTAL_INTEGRATED_2023_T1
2023,13,13071,municipality,130715156042,13071042,matched,Godendorf,amtsangehörige Gemeinde,233,177433.89,761.52,0.00,0.00,177433.89,STATISTIKPORTAL_INTEGRATED_2023_T1
2023,13,13071,municipality,130715156058,13071058,matched,Grünow,amtsangehörige Gemeinde,311,456956.64,1469.31,0.00,0.00,456956.64,STATISTIKPORTAL_INTEGRATED_2023_T1
2023,13,13071,municipality,130715156066,13071066,matched,Hohenzieritz,amtsangehörige Gemeinde,449,277249.54,617.48,20972.00,0.00,256277.54,STATISTIKPORTAL_INTEGRATED_2023_T1
2023,13,13071,municipality,130715156075,13071075,matched,Klein Vielen,amtsangehörige Gemeinde,643,177433.89,275.95,0.00,0.00,177433.89,STATISTIKPORTAL_INTEGRATED_2023_T1
2023,13,13071,municipality,130715156080,13071080,matched,Kratzeburg,amtsangehörige Gemeinde,550,177984.73,323.61,0.00,0.00,177984.73,STATISTIKPORTAL_INTEGRATED_2023_T1
2023,13,13071,municipality,130715156100,13071100,matched,Möllenbeck,amtsangehörige Gemeinde,744,857430.64,1152.46,400474.00,0.00,456956.64,STATISTIKPORTAL_INTEGRATED_2023_T1
2023,13,13071,municipality,130715156147,13071147,matched,Userin,amtsangehörige Gemeinde,699,177445.86,253.86,0.00,0.00,177445.86,STATISTIKPORTAL_INTEGRATED_2023_T1
2023,13,13071,municipality,130715156162,13071162,matched,Wokuhl-Dabelow,amtsangehörige Gemeinde,575,177445.86,308.60,0.00,0.00,177445.86,STATISTIKPORTAL_INTEGRATED_2023_T1
2023,13,13071,joint_administration,130715157,,not_applicable,Amtsverwaltung Neverin,Amtsverwaltung,8797,197156.44,22.41,0.00,0.00,197156.44,STATISTIKPORTAL_INTEGRATED_2023_T1
2023,13,13071,municipality,130715157009,13071009,matched,Beseritz,amtsangehörige Gemeinde,121,1122392.62,9275.97,0.00,0.00,1122392.62,STATISTIKPORTAL_INTEGRATED_2023_T1
2023,13,13071,municipality,130715157010,13071010,matched,Blankenhof,amtsangehörige Gemeinde,711,202376.33,284.64,0.00,0.00,202376.33,STATISTIKPORTAL_INTEGRATED_2023_T1
2023,13,13071,municipality,130715157019,13071019,matched,Brunn,amtsangehörige Gemeinde,1056,2899879.28,2746.10,634346.00,0.00,2265533.28,STATISTIKPORTAL_INTEGRATED_2023_T1
2023,13,13071,municipality,130715157104,13071104,matched,Neddemin,amtsangehörige Gemeinde,340,1121653.06,3298.98,0.00,0.00,1121653.06,STATISTIKPORTAL_INTEGRATED_2023_T1
2023,13,13071,municipality,130715157108,13071108,matched,Neuenkirchen,amtsangehörige Gemeinde,1145,202159.85,176.56,0.00,0.00,202159.85,STATISTIKPORTAL_INTEGRATED_2023_T1
2023,13,13071,municipality,130715157111,13071111,matched,Neverin,amtsangehörige Gemeinde,1001,203717.44,203.51,0.00,0.00,203717.44,STATISTIKPORTAL_INTEGRATED_2023_T1
2023,13,13071,municipality,130715157140,13071140,matched,Sponholz,amtsangehörige Gemeinde,761,1140219.41,1498.32,0.00,0.00,1140219.41,STATISTIKPORTAL_INTEGRATED_2023_T1
2023,13,13071,municipality,130715157141,13071141,matched,Staven,amtsangehörige Gemeinde,362,1342595.81,3708.83,208677.00,0.00,1133918.81,STATISTIKPORTAL_INTEGRATED_2023_T1
2023,13,13071,municipality,130715157145,13071145,matched,Trollenhagen,amtsangehörige Gemeinde,928,817162.35,880.56,590868.00,23100.00,203194.35,STATISTIKPORTAL_INTEGRATED_2023_T1
2023,13,13071,municipality,130715157161,13071161,matched,Woggersin,amtsangehörige Gemeinde,517,202580.83,391.84,0.00,0.00,202580.83,STATISTIKPORTAL_INTEGRATED_2023_T1
2023,13,13071,municipality,130715157166,13071166,matched,Wulkenzin,amtsangehörige Gemeinde,1508,202171.82,134.07,0.00,0.00,202171.82,STATISTIKPORTAL_INTEGRATED_2023_T1
2023,13,13071,municipality,130715157170,13071170,matched,Zirzow,amtsangehörige Gemeinde,347,202171.82,582.63,0.00,0.00,202171.82,STATISTIKPORTAL_INTEGRATED_2023_T1
2023,13,13071,joint_administration,130715158,,not_applicable,Amtsverwaltung Penzliner Land,Amtsverwaltung,6669,13733.00,2.06,13733.00,0.00,0.00,STATISTIKPORTAL_INTEGRATED_2023_T1
2023,13,13071,municipality,130715158005,13071005,matched,"Ankershagen, Schliemanngemeinde",amtsangehörige Gemeinde,523,5318.17,10.17,0.00,0.00,5318.17,STATISTIKPORTAL_INTEGRATED_2023_T1
2023,13,13071,municipality,130715158101,13071101,matched,Möllenhagen,amtsangehörige Gemeinde,1538,95686.41,62.21,21058.00,0.00,74628.41,STATISTIKPORTAL_INTEGRATED_2023_T1
2023,13,13071,municipality,130715158115,13071115,matched,"Penzlin, Stadt",amtsangehörige Gemeinde,4056,6039548.52,1489.04,5036871.00,0.00,1002677.52,STATISTIKPORTAL_INTEGRATED_2023_T1
2023,13,13071,municipality,130715158173,13071173,matched,Kuckssee,amtsangehörige Gemeinde,552,180836.27,327.60,99072.00,0.00,81764.27,STATISTIKPORTAL_INTEGRATED_2023_T1
2023,13,13071,joint_administration,130715159,,not_applicable,Amtsverwaltung Röbel-Müritz,Amtsverwaltung,14462,7279070.00,503.32,172868.00,0.00,7106202.00,STATISTIKPORTAL_INTEGRATED_2023_T1
2023,13,13071,municipality,130715159003,13071003,matched,Altenhof,amtsangehörige Gemeinde,349,20269.48,58.08,0.00,0.00,20269.48,STATISTIKPORTAL_INTEGRATED_2023_T1
2023,13,13071,municipality,130715159013,13071013,matched,Bollewick,amtsangehörige Gemeinde,641,35177.34,54.88,5701.00,0.00,29476.34,STATISTIKPORTAL_INTEGRATED_2023_T1
2023,13,13071,municipality,130715159020,13071020,matched,Buchholz,amtsangehörige Gemeinde,133,18459.59,138.79,0.00,0.00,18459.59,STATISTIKPORTAL_INTEGRATED_2023_T1
2023,13,13071,municipality,130715159023,13071023,matched,Bütow,amtsangehörige Gemeinde,480,28768.12,59.93,0.00,0.00,28768.12,STATISTIKPORTAL_INTEGRATED_2023_T1
2023,13,13071,municipality,130715159034,13071034,matched,Fincken,amtsangehörige Gemeinde,508,36794.61,72.43,0.00,0.00,36794.61,STATISTIKPORTAL_INTEGRATED_2023_T1
2023,13,13071,municipality,130715159045,13071045,matched,Gotthun,amtsangehörige Gemeinde,330,28492.90,86.34,0.00,0.00,28492.90,STATISTIKPORTAL_INTEGRATED_2023_T1
2023,13,13071,municipality,130715159053,13071053,matched,Groß Kelle,amtsangehörige Gemeinde,102,16059.62,157.45,4997.00,0.00,11062.62,STATISTIKPORTAL_INTEGRATED_2023_T1
2023,13,13071,municipality,130715159073,13071073,matched,Kieve,amtsangehörige Gemeinde,142,18380.90,129.44,0.00,0.00,18380.90,STATISTIKPORTAL_INTEGRATED_2023_T1
2023,13,13071,municipality,130715159087,13071087,matched,Lärz,amtsangehörige Gemeinde,501,317418.14,633.57,295024.00,0.00,22394.14,STATISTIKPORTAL_INTEGRATED_2023_T1
2023,13,13071,municipality,130715159088,13071088,matched,Leizen,amtsangehörige Gemeinde,470,30027.18,63.89,0.00,0.00,30027.18,STATISTIKPORTAL_INTEGRATED_2023_T1
2023,13,13071,municipality,130715159097,13071097,matched,Melz,amtsangehörige Gemeinde,322,25618.78,79.56,4405.00,0.00,21213.78,STATISTIKPORTAL_INTEGRATED_2023_T1
2023,13,13071,municipality,130715159118,13071118,matched,Priborn,amtsangehörige Gemeinde,352,27367.59,77.75,10942.00,0.00,16425.59,STATISTIKPORTAL_INTEGRATED_2023_T1
2023,13,13071,municipality,130715159122,13071122,matched,Rechlin,amtsangehörige Gemeinde,2057,35367.63,17.19,21518.00,0.00,13849.63,STATISTIKPORTAL_INTEGRATED_2023_T1
2023,13,13071,municipality,130715159124,13071124,matched,"Röbel/Müritz, Stadt",amtsangehörige Gemeinde,5071,6584464.09,1298.45,0.00,0.00,6584464.09,STATISTIKPORTAL_INTEGRATED_2023_T1
2023,13,13071,municipality,130715159133,13071133,matched,Schwarz,amtsangehörige Gemeinde,359,182324.71,507.87,0.00,0.00,182324.71,STATISTIKPORTAL_INTEGRATED_2023_T1
2023,13,13071,municipality,130715159137,13071137,matched,Sietow,amtsangehörige Gemeinde,632,19651.92,31.09,0.00,0.00,19651.92,STATISTIKPORTAL_INTEGRATED_2023_T1
2023,13,13071,municipality,130715159143,13071143,matched,Stuer,amtsangehörige Gemeinde,268,19067.75,71.15,3193.00,0.00,15874.75,STATISTIKPORTAL_INTEGRATED_2023_T1
2023,13,13071,municipality,130715159175,13071175,matched,Eldetal,amtsangehörige Gemeinde,879,70350.60,80.03,2473.00,0.00,67877.60,STATISTIKPORTAL_INTEGRATED_2023_T1
2023,13,13071,municipality,130715159176,13071176,matched,Südmüritz,amtsangehörige Gemeinde,866,84275.22,97.32,54000.00,0.00,30275.22,STATISTIKPORTAL_INTEGRATED_2023_T1
2023,13,13071,joint_administration,130715160,,not_applicable,Amtsverwaltung Seenlandschaft Waren,Amtsverwaltung,9597,0.00,0.00,0.00,0.00,0.00,STATISTIKPORTAL_INTEGRATED_2023_T1
2023,13,13071,municipality,130715160047,13071047,matched,Grabowhöfe,amtsangehörige Gemeinde,1384,64161.61,46.36,18691.00,0.00,45470.61,STATISTIKPORTAL_INTEGRATED_2023_T1
2023,13,13071,municipality,130715160056,13071056,matched,Groß Plasten,amtsangehörige Gemeinde,1042,106128.41,101.85,0.00,0.00,106128.41,STATISTIKPORTAL_INTEGRATED_2023_T1
2023,13,13071,municipality,130715160063,13071063,matched,Hohen Wangelin,amtsangehörige Gemeinde,664,1279585.82,1927.09,1254545.00,0.00,25040.82,STATISTIKPORTAL_INTEGRATED_2023_T1
2023,13,13071,municipality,130715160069,13071069,matched,Jabel,amtsangehörige Gemeinde,652,558246.17,856.21,522868.00,0.00,35378.17,STATISTIKPORTAL_INTEGRATED_2023_T1
2023,13,13071,municipality,130715160071,13071071,matched,Kargow,amtsangehörige Gemeinde,680,43914.25,64.58,0.00,0.00,43914.25,STATISTIKPORTAL_INTEGRATED_2023_T1
2023,13,13071,municipality,130715160077,13071077,matched,Klink,amtsangehörige Gemeinde,1165,566348.43,486.14,547338.00,0.00,19010.43,STATISTIKPORTAL_INTEGRATED_2023_T1
2023,13,13071,municipality,130715160078,13071078,matched,Klocksin,amtsangehörige Gemeinde,333,157731.91,473.67,98544.00,0.00,59187.91,STATISTIKPORTAL_INTEGRATED_2023_T1
2023,13,13071,municipality,130715160103,13071103,matched,Moltzow,amtsangehörige Gemeinde,908,779665.23,858.66,648763.00,0.00,130902.23,STATISTIKPORTAL_INTEGRATED_2023_T1
2023,13,13071,municipality,130715160144,13071144,matched,Torgelow am See,amtsangehörige Gemeinde,442,35337.53,79.95,0.00,0.00,35337.53,STATISTIKPORTAL_INTEGRATED_2023_T1
2023,13,13071,municipality,130715160154,13071154,matched,Vollrathsruhe,amtsangehörige Gemeinde,423,344924.38,815.42,281884.00,0.00,63040.38,STATISTIKPORTAL_INTEGRATED_2023_T1
2023,13,13071,municipality,130715160172,13071172,matched,Peenehagen,amtsangehörige Gemeinde,1045,149240.38,142.81,0.00,0.00,149240.38,STATISTIKPORTAL_INTEGRATED_2023_T1
2023,13,13071,municipality,130715160174,13071174,matched,Schloen-Dratow,amtsangehörige Gemeinde,859,71399.10,83.12,0.00,0.00,71399.10,STATISTIKPORTAL_INTEGRATED_2023_T1
2023,13,13071,joint_administration,130715161,,not_applicable,Amtsverwaltung Stargarder Land,Amtsverwaltung,9854,0.00,0.00,0.00,0.00,0.00,STATISTIKPORTAL_INTEGRATED_2023_T1
2023,13,13071,municipality,130715161021,13071021,matched,"Burg Stargard, Stadt",amtsangehörige Gemeinde,5277,3508560.31,664.88,1228357.00,0.00,2280203.31,STATISTIKPORTAL_INTEGRATED_2023_T1
2023,13,13071,municipality,130715161026,13071026,matched,Cölpin,amtsangehörige Gemeinde,921,795404.92,863.63,277563.00,0.00,517841.92,STATISTIKPORTAL_INTEGRATED_2023_T1
2023,13,13071,municipality,130715161055,13071055,matched,Groß Nemerow,amtsangehörige Gemeinde,1144,1864485.06,1629.79,1780638.00,0.00,83847.06,STATISTIKPORTAL_INTEGRATED_2023_T1
2023,13,13071,municipality,130715161067,13071067,matched,Holldorf,amtsangehörige Gemeinde,769,208920.06,271.68,125073.00,0.00,83847.06,STATISTIKPORTAL_INTEGRATED_2023_T1
2023,13,13071,municipality,130715161090,13071090,matched,Lindetal,amtsangehörige Gemeinde,1163,979903.20,842.57,0.00,0.00,979903.20,STATISTIKPORTAL_INTEGRATED_2023_T1
2023,13,13071,municipality,130715161117,13071117,matched,Pragsdorf,amtsangehörige Gemeinde,580,998569.68,1721.67,494135.00,0.00,504434.68,STATISTIKPORTAL_INTEGRATED_2023_T1
2023,13,13071,joint_administration,130715162,,not_applicable,Amtsverwaltung Stavenhagen,Amtsverwaltung,11641,0.00,0.00,0.00,0.00,0.00,STATISTIKPORTAL_INTEGRATED_2023_T1
2023,13,13071,municipality,130715162015,13071015,matched,Bredenfelde,amtsangehörige Gemeinde,188,998414.41,5310.71,117164.00,0.00,881250.41,STATISTIKPORTAL_INTEGRATED_2023_T1
2023,13,13071,municipality,130715162018,13071018,matched,Briggow,amtsangehörige Gemeinde,304,964907.41,3174.04,67082.00,0.00,897825.41,STATISTIKPORTAL_INTEGRATED_2023_T1
2023,13,13071,municipality,130715162048,13071048,matched,Grammentin,amtsangehörige Gemeinde,245,883104.92,3604.51,0.00,0.00,883104.92,STATISTIKPORTAL_INTEGRATED_2023_T1
2023,13,13071,municipality,130715162060,13071060,matched,Gülzow,amtsangehörige Gemeinde,402,976448.92,2428.98,96669.00,0.00,879779.92,STATISTIKPORTAL_INTEGRATED_2023_T1
2023,13,13071,municipality,130715162068,13071068,matched,Ivenack,amtsangehörige Gemeinde,812,1993909.97,2455.55,1135694.00,0.00,858215.97,STATISTIKPORTAL_INTEGRATED_2023_T1
2023,13,13071,municipality,130715162070,13071070,matched,Jürgenstorf,amtsangehörige Gemeinde,951,982253.92,1032.86,59349.00,0.00,922904.92,STATISTIKPORTAL_INTEGRATED_2023_T1
2023,13,13071,municipality,130715162074,13071074,matched,Kittendorf,amtsangehörige Gemeinde,281,1195638.41,4254.94,281238.00,0.00,914400.41,STATISTIKPORTAL_INTEGRATED_2023_T1
2023,13,13071,municipality,130715162079,13071079,matched,Knorrendorf,amtsangehörige Gemeinde,525,1627636.92,3100.26,771057.00,0.00,856579.92,STATISTIKPORTAL_INTEGRATED_2023_T1
2023,13,13071,municipality,130715162102,13071102,matched,Mölln,amtsangehörige Gemeinde,519,2294547.41,4421.09,1431547.00,0.00,863000.41,STATISTIKPORTAL_INTEGRATED_2023_T1
2023,13,13071,municipality,130715162123,13071123,matched,Ritzerow,amtsangehörige Gemeinde,372,1350932.42,3631.54,470948.00,0.00,879984.42,STATISTIKPORTAL_INTEGRATED_2023_T1
2023,13,13071,municipality,130715162127,13071127,matched,Rosenow,amtsangehörige Gemeinde,1000,2587593.15,2587.59,1528014.00,0.00,1059579.15,STATISTIKPORTAL_INTEGRATED_2023_T1
2023,13,13071,municipality,130715162142,13071142,matched,"Stavenhagen, Reuterstadt",amtsangehörige Gemeinde,5775,11225717.82,1943.85,0.00,0.00,11225717.82,STATISTIKPORTAL_INTEGRATED_2023_T1
2023,13,13071,municipality,130715162169,13071169,matched,Zettemin,amtsangehörige Gemeinde,267,1475106.74,5524.74,569480.00,0.00,905626.74,STATISTIKPORTAL_INTEGRATED_2023_T1
2023,13,13071,joint_administration,130715163,,not_applicable,Amtsverwaltung Treptower Tollensewinkel,Amtsverwaltung,13526,0.00,0.00,0.00,0.00,0.00,STATISTIKPORTAL_INTEGRATED_2023_T1
2023,13,13071,municipality,130715163002,13071002,matched,Altenhagen,amtsangehörige Gemeinde,318,314525.79,989.07,38091.00,0.00,276434.79,STATISTIKPORTAL_INTEGRATED_2023_T1
2023,13,13071,municipality,130715163004,13071004,matched,"Altentreptow, Stadt",amtsangehörige Gemeinde,5222,10317287.55,1975.73,3348540.00,0.00,6968747.55,STATISTIKPORTAL_INTEGRATED_2023_T1
2023,13,13071,municipality,130715163006,13071006,matched,Bartow,amtsangehörige Gemeinde,430,1369151.31,3184.07,958416.00,0.00,410735.31,STATISTIKPORTAL_INTEGRATED_2023_T1
2023,13,13071,municipality,130715163016,13071016,matched,Breesen,amtsangehörige Gemeinde,513,1313576.22,2560.58,902599.00,0.00,410977.22,STATISTIKPORTAL_INTEGRATED_2023_T1
2023,13,13071,municipality,130715163017,13071017,not_in_2024_atlas,Breest,amtsangehörige Gemeinde,119,343991.23,2890.68,204362.00,0.00,139629.23,STATISTIKPORTAL_INTEGRATED_2023_T1
2023,13,13071,municipality,130715163022,13071022,matched,Burow,amtsangehörige Gemeinde,942,4134398.53,4388.96,3387963.00,0.00,746435.53,STATISTIKPORTAL_INTEGRATED_2023_T1
2023,13,13071,municipality,130715163041,13071041,matched,Gnevkow,amtsangehörige Gemeinde,306,508317.17,1661.17,231378.00,0.00,276939.17,STATISTIKPORTAL_INTEGRATED_2023_T1
2023,13,13071,municipality,130715163044,13071044,matched,Golchen,amtsangehörige Gemeinde,288,373742.28,1297.72,100075.00,0.00,273667.28,STATISTIKPORTAL_INTEGRATED_2023_T1
2023,13,13071,municipality,130715163049,13071049,matched,Grapzow,amtsangehörige Gemeinde,383,1485656.10,3879.00,1141856.00,0.00,343800.10,STATISTIKPORTAL_INTEGRATED_2023_T1
2023,13,13071,municipality,130715163050,13071050,matched,Grischow,amtsangehörige Gemeinde,248,276545.87,1115.10,66829.00,0.00,209716.87,STATISTIKPORTAL_INTEGRATED_2023_T1
2023,13,13071,municipality,130715163057,13071057,matched,Groß Teetzleben,amtsangehörige Gemeinde,675,791820.70,1173.07,246734.00,0.00,545086.70,STATISTIKPORTAL_INTEGRATED_2023_T1
2023,13,13071,municipality,130715163059,13071059,matched,Gültz,amtsangehörige Gemeinde,530,1056699.85,1993.77,578561.00,0.00,478138.85,STATISTIKPORTAL_INTEGRATED_2023_T1
2023,13,13071,municipality,130715163081,13071081,matched,Kriesow,amtsangehörige Gemeinde,332,273871.78,824.92,0.00,0.00,273871.78,STATISTIKPORTAL_INTEGRATED_2023_T1
2023,13,13071,municipality,130715163120,13071120,matched,Pripsleben,amtsangehörige Gemeinde,241,483858.80,2007.71,274166.00,0.00,209692.80,STATISTIKPORTAL_INTEGRATED_2023_T1
2023,13,13071,municipality,130715163125,13071125,matched,Röckwitz,amtsangehörige Gemeinde,275,355960.77,1294.40,82498.00,0.00,273462.77,STATISTIKPORTAL_INTEGRATED_2023_T1
2023,13,13071,municipality,130715163135,13071135,matched,Siedenbollentin,amtsangehörige Gemeinde,551,2063006.58,3744.11,1585037.00,0.00,477969.58,STATISTIKPORTAL_INTEGRATED_2023_T1
2023,13,13071,municipality,130715163146,13071146,matched,Tützpatz,amtsangehörige Gemeinde,572,729067.22,1274.59,318090.00,0.00,410977.22,STATISTIKPORTAL_INTEGRATED_2023_T1
2023,13,13071,municipality,130715163158,13071158,matched,Werder,amtsangehörige Gemeinde,518,1750650.10,3379.63,1272067.00,0.00,478583.10,STATISTIKPORTAL_INTEGRATED_2023_T1
2023,13,13071,municipality,130715163160,13071160,matched,Wildberg,amtsangehörige Gemeinde,502,1458216.19,2904.81,980485.00,0.00,477731.19,STATISTIKPORTAL_INTEGRATED_2023_T1
2023,13,13071,municipality,130715163163,13071163,matched,Wolde,amtsangehörige Gemeinde,561,1632263.16,2909.56,1087369.00,0.00,544894.16,STATISTIKPORTAL_INTEGRATED_2023_T1
2023,13,13071,joint_administration,130715164,,not_applicable,Amtsverwaltung Woldegk,Amtsverwaltung,6334,0.00,0.00,0.00,0.00,0.00,STATISTIKPORTAL_INTEGRATED_2023_T1
2023,13,13071,municipality,130715164054,13071054,matched,Groß Miltzow,amtsangehörige Gemeinde,979,1057535.72,1080.22,0.00,0.00,1057535.72,STATISTIKPORTAL_INTEGRATED_2023_T1
2023,13,13071,municipality,130715164083,13071083,matched,Kublank,amtsangehörige Gemeinde,161,513054.16,3186.67,0.00,0.00,513054.16,STATISTIKPORTAL_INTEGRATED_2023_T1
2023,13,13071,municipality,130715164105,13071105,matched,Neetzka,amtsangehörige Gemeinde,220,509227.32,2314.67,0.00,0.00,509227.32,STATISTIKPORTAL_INTEGRATED_2023_T1
2023,13,13071,municipality,130715164130,13071130,matched,Schönbeck,amtsangehörige Gemeinde,461,542005.24,1175.72,10775.00,0.00,531230.24,STATISTIKPORTAL_INTEGRATED_2023_T1
2023,13,13071,municipality,130715164132,13071132,matched,Schönhausen,amtsangehörige Gemeinde,210,710488.74,3383.28,190713.00,0.00,519775.74,STATISTIKPORTAL_INTEGRATED_2023_T1
2023,13,13071,municipality,130715164153,13071153,matched,Voigtsdorf,amtsangehörige Gemeinde,97,513713.52,5296.02,7357.00,0.00,506356.52,STATISTIKPORTAL_INTEGRATED_2023_T1
2023,13,13071,municipality,130715164164,13071164,matched,"Woldegk, Windmühlenstadt",amtsangehörige Gemeinde,4206,6002414.51,1427.11,77951.00,0.00,5924463.51,STATISTIKPORTAL_INTEGRATED_2023_T1
2023,13,13072,county_administration,13072,,not_applicable,Landratsamt Rostock,Landratsamt,221246,43274544.16,195.59,34863995.00,2183101.48,6227447.68,STATISTIKPORTAL_INTEGRATED_2023_T1
2023,13,13072,municipality,130720006006,13072006,matched,"Bad Doberan, Stadt",amtsfreie Gemeinde,12983,30030121.40,2313.03,4188250.00,671985.92,25169885.48,STATISTIKPORTAL_INTEGRATED_2023_T1
2023,13,13072,municipality,130720029029,13072029,matched,Dummerstorf,amtsfreie Gemeinde,7674,22482807.61,2929.74,0.00,0.00,22482807.61,STATISTIKPORTAL_INTEGRATED_2023_T1
2023,13,13072,municipality,130720036036,13072036,matched,"Graal-Müritz, Ostseeheilbad",amtsfreie Gemeinde,4198,13474002.82,3209.62,4298309.00,0.00,9175693.82,STATISTIKPORTAL_INTEGRATED_2023_T1
2023,13,13072,municipality,130720043043,13072043,matched,"Güstrow, Barlachstadt",amtsfreie Gemeinde,29576,46141095.48,1560.09,3830828.00,1220757.00,41089510.48,STATISTIKPORTAL_INTEGRATED_2023_T1
2023,13,13072,municipality,130720058058,13072058,matched,"Kröpelin, Stadt",amtsfreie Gemeinde,4800,2207526.74,459.90,184416.00,0.00,2023110.74,STATISTIKPORTAL_INTEGRATED_2023_T1
2023,13,13072,municipality,130720060060,13072060,matched,"Kühlungsborn, Ostseebad, Stadt",amtsfreie Gemeinde,8098,16661957.97,2057.54,0.00,504842.22,16157115.75,STATISTIKPORTAL_INTEGRATED_2023_T1
2023,13,13072,municipality,130720074074,13072074,matched,"Neubukow, Schliemannstadt",amtsfreie Gemeinde,4023,4274330.74,1062.47,789150.00,0.00,3485180.74,STATISTIKPORTAL_INTEGRATED_2023_T1
2023,13,13072,municipality,130720091091,13072091,matched,Sanitz,amtsfreie Gemeinde,6570,18615028.35,2833.34,0.00,0.00,18615028.35,STATISTIKPORTAL_INTEGRATED_2023_T1
2023,13,13072,municipality,130720093093,13072093,matched,Satow,amtsfreie Gemeinde,6150,11286375.74,1835.18,5420087.00,0.00,5866288.74,STATISTIKPORTAL_INTEGRATED_2023_T1
2023,13,13072,municipality,130720106106,13072106,matched,"Teterow, Bergringstadt",amtsfreie Gemeinde,8541,16652147.25,1949.67,284774.00,0.00,16367373.25,STATISTIKPORTAL_INTEGRATED_2023_T1
2023,13,13072,joint_administration,130725251,,not_applicable,Amtsverwaltung Bad Doberan-Land,Amtsverwaltung,12315,745367.00,60.53,745367.00,0.00,0.00,STATISTIKPORTAL_INTEGRATED_2023_T1
2023,13,13072,municipality,130725251001,13072001,matched,Admannshagen-Bargeshagen,amtsangehörige Gemeinde,2863,1413938.92,493.87,198810.00,0.00,1215128.92,STATISTIKPORTAL_INTEGRATED_2023_T1
2023,13,13072,municipality,130725251007,13072007,matched,Bartenshagen-Parkentin,amtsangehörige Gemeinde,1354,1056454.82,780.25,248473.00,0.00,807981.82,STATISTIKPORTAL_INTEGRATED_2023_T1
2023,13,13072,municipality,130725251017,13072017,matched,"Börgerende-Rethwisch, Seebad",amtsangehörige Gemeinde,1698,807981.82,475.84,0.00,0.00,807981.82,STATISTIKPORTAL_INTEGRATED_2023_T1
2023,13,13072,municipality,130725251047,13072047,matched,Hohenfelde,amtsangehörige Gemeinde,788,403990.91,512.68,0.00,0.00,403990.91,STATISTIKPORTAL_INTEGRATED_2023_T1
2023,13,13072,municipality,130725251075,13072075,matched,"Nienhagen, Ostseebad",amtsangehörige Gemeinde,2191,1215128.92,554.60,0.00,0.00,1215128.92,STATISTIKPORTAL_INTEGRATED_2023_T1
2023,13,13072,municipality,130725251083,13072083,matched,Reddelich,amtsangehörige Gemeinde,1008,1728773.91,1715.05,1324783.00,0.00,403990.91,STATISTIKPORTAL_INTEGRATED_2023_T1
2023,13,13072,municipality,130725251086,13072086,matched,Retschow,amtsangehörige Gemeinde,934,1093212.91,1170.46,689222.00,0.00,403990.91,STATISTIKPORTAL_INTEGRATED_2023_T1
2023,13,13072,municipality,130725251099,13072099,matched,Steffenshagen,amtsangehörige Gemeinde,580,403990.91,696.54,0.00,0.00,403990.91,STATISTIKPORTAL_INTEGRATED_2023_T1
2023,13,13072,municipality,130725251117,13072117,matched,Wittenbeck,amtsangehörige Gemeinde,899,403990.91,449.38,0.00,0.00,403990.91,STATISTIKPORTAL_INTEGRATED_2023_T1
2023,13,13072,joint_administration,130725252,,not_applicable,Amtsverwaltung Bützow-Land,Amtsverwaltung,16686,0.00,0.00,0.00,0.00,0.00,STATISTIKPORTAL_INTEGRATED_2023_T1
2023,13,13072,municipality,130725252009,13072009,matched,Baumgarten,amtsangehörige Gemeinde,801,1889434.34,2358.84,0.00,316321.31,1573113.03,STATISTIKPORTAL_INTEGRATED_2023_T1
2023,13,13072,municipality,130725252013,13072013,matched,Bernitt,amtsangehörige Gemeinde,1635,2025233.49,1238.67,0.00,316321.31,1708912.18,STATISTIKPORTAL_INTEGRATED_2023_T1
2023,13,13072,municipality,130725252020,13072020,matched,"Bützow, Stadt",amtsangehörige Gemeinde,8202,20264006.70,2470.62,179717.00,316960.35,19767329.35,STATISTIKPORTAL_INTEGRATED_2023_T1
2023,13,13072,municipality,130725252028,13072028,matched,Dreetz,amtsangehörige Gemeinde,191,1807882.04,9465.35,0.00,316321.31,1491560.73,STATISTIKPORTAL_INTEGRATED_2023_T1
2023,13,13072,municipality,130725252050,13072050,matched,Jürgenshagen,amtsangehörige Gemeinde,1152,1943754.00,1687.29,0.00,316321.31,1627432.69,STATISTIKPORTAL_INTEGRATED_2023_T1
2023,13,13072,municipality,130725252053,13072053,matched,Klein Belitz,amtsangehörige Gemeinde,830,1916594.17,2309.15,0.00,316321.31,1600272.86,STATISTIKPORTAL_INTEGRATED_2023_T1
2023,13,13072,municipality,130725252078,13072078,matched,Penzin,amtsangehörige Gemeinde,134,1807882.04,13491.66,0.00,316321.31,1491560.73,STATISTIKPORTAL_INTEGRATED_2023_T1
2023,13,13072,municipality,130725252089,13072089,matched,Rühn,amtsangehörige Gemeinde,629,1889434.34,3003.87,0.00,316321.31,1573113.03,STATISTIKPORTAL_INTEGRATED_2023_T1
2023,13,13072,municipality,130725252101,13072101,matched,Steinhagen,amtsangehörige Gemeinde,652,1889434.34,2897.91,0.00,316321.31,1573113.03,STATISTIKPORTAL_INTEGRATED_2023_T1
2023,13,13072,municipality,130725252104,13072104,matched,Tarnow,amtsangehörige Gemeinde,1095,1992371.00,1819.52,48617.00,316321.31,1627432.69,STATISTIKPORTAL_INTEGRATED_2023_T1
2023,13,13072,municipality,130725252114,13072114,matched,Warnow,amtsangehörige Gemeinde,900,1916594.17,2129.55,0.00,316321.31,1600272.86,STATISTIKPORTAL_INTEGRATED_2023_T1
2023,13,13072,municipality,130725252120,13072120,matched,Zepelin,amtsangehörige Gemeinde,465,1862201.70,4004.73,0.00,316321.31,1545880.39,STATISTIKPORTAL_INTEGRATED_2023_T1
2023,13,13072,joint_administration,130725253,,not_applicable,Amtsverwaltung Carbäk,Amtsverwaltung,7963,561318.00,70.49,561318.00,0.00,0.00,STATISTIKPORTAL_INTEGRATED_2023_T1
2023,13,13072,municipality,130725253019,13072019,matched,Broderstorf,amtsangehörige Gemeinde,3818,6999559.55,1833.31,0.00,0.00,6999559.55,STATISTIKPORTAL_INTEGRATED_2023_T1
2023,13,13072,municipality,130725253081,13072081,matched,Poppendorf,amtsangehörige Gemeinde,710,1749561.76,2464.17,0.00,0.00,1749561.76,STATISTIKPORTAL_INTEGRATED_2023_T1
2023,13,13072,municipality,130725253087,13072087,matched,Roggentin,amtsangehörige Gemeinde,2737,7141519.79,2609.25,0.00,0.00,7141519.79,STATISTIKPORTAL_INTEGRATED_2023_T1
2023,13,13072,municipality,130725253108,13072108,matched,Thulendorf,amtsangehörige Gemeinde,698,1749561.76,2506.54,0.00,0.00,1749561.76,STATISTIKPORTAL_INTEGRATED_2023_T1
2023,13,13072,joint_administration,130725254,,not_applicable,Amtsverwaltung Gnoien,Amtsverwaltung,5799,185717.00,32.03,185717.00,0.00,0.00,STATISTIKPORTAL_INTEGRATED_2023_T1
2023,13,13072,municipality,130725254004,13072004,matched,Altkalen,amtsangehörige Gemeinde,773,50984.41,65.96,29406.00,0.00,21578.41,STATISTIKPORTAL_INTEGRATED_2023_T1
2023,13,13072,municipality,130725254010,13072010,matched,Behren-Lübchin,amtsangehörige Gemeinde,947,169786.41,179.29,164783.00,0.00,5003.41,STATISTIKPORTAL_INTEGRATED_2023_T1
2023,13,13072,municipality,130725254031,13072031,matched,Finkenthal,amtsangehörige Gemeinde,314,24293.38,77.37,14303.00,0.00,9990.38,STATISTIKPORTAL_INTEGRATED_2023_T1
2023,13,13072,municipality,130725254035,13072035,matched,"Gnoien, Warbelstadt",amtsangehörige Gemeinde,2848,1369243.41,480.77,272145.00,0.00,1097098.41,STATISTIKPORTAL_INTEGRATED_2023_T1
2023,13,13072,municipality,130725254111,13072111,matched,Walkendorf,amtsangehörige Gemeinde,917,454095.38,495.20,449080.00,0.00,5015.38,STATISTIKPORTAL_INTEGRATED_2023_T1
2023,13,13072,joint_administration,130725255,,not_applicable,Amtsverwaltung Güstrow-Land,Amtsverwaltung,9717,0.00,0.00,0.00,0.00,0.00,STATISTIKPORTAL_INTEGRATED_2023_T1
2023,13,13072,municipality,130725255033,13072033,matched,Glasewitz,amtsangehörige Gemeinde,422,1862201.70,4412.80,0.00,316321.31,1545880.39,STATISTIKPORTAL_INTEGRATED_2023_T1
2023,13,13072,municipality,130725255039,13072039,matched,Groß Schwiesow,amtsangehörige Gemeinde,308,1835041.87,5957.93,0.00,316321.31,1518720.56,STATISTIKPORTAL_INTEGRATED_2023_T1
2023,13,13072,municipality,130725255042,13072042,matched,Gülzow-Prüzen,amtsangehörige Gemeinde,1608,2048959.49,1274.23,23726.00,316321.31,1708912.18,STATISTIKPORTAL_INTEGRATED_2023_T1
2023,13,13072,municipality,130725255044,13072044,matched,Gutow,amtsangehörige Gemeinde,1022,1943754.00,1901.91,0.00,316321.31,1627432.69,STATISTIKPORTAL_INTEGRATED_2023_T1
2023,13,13072,municipality,130725255055,13072055,matched,Klein Upahl,amtsangehörige Gemeinde,232,1835041.87,7909.66,0.00,316321.31,1518720.56,STATISTIKPORTAL_INTEGRATED_2023_T1
2023,13,13072,municipality,130725255061,13072061,matched,Kuhs,amtsangehörige Gemeinde,310,1835041.87,5919.49,0.00,316321.31,1518720.56,STATISTIKPORTAL_INTEGRATED_2023_T1
2023,13,13072,municipality,130725255067,13072067,matched,Lohmen,amtsangehörige Gemeinde,805,2890912.34,3591.20,591329.00,316321.31,1983262.03,STATISTIKPORTAL_INTEGRATED_2023_T1
2023,13,13072,municipality,130725255069,13072069,matched,Lüssow,amtsangehörige Gemeinde,979,464989.96,474.96,329118.00,0.00,135871.96,STATISTIKPORTAL_INTEGRATED_2023_T1
2023,13,13072,municipality,130725255071,13072071,matched,Mistorf,amtsangehörige Gemeinde,624,1889434.34,3027.94,0.00,316321.31,1573113.03,STATISTIKPORTAL_INTEGRATED_2023_T1
2023,13,13072,municipality,130725255073,13072073,matched,Mühl Rosin,amtsangehörige Gemeinde,1111,163031.79,146.74,0.00,0.00,163031.79,STATISTIKPORTAL_INTEGRATED_2023_T1
2023,13,13072,municipality,130725255079,13072079,matched,Plaaz,amtsangehörige Gemeinde,745,1889434.34,2536.15,0.00,316321.31,1573113.03,STATISTIKPORTAL_INTEGRATED_2023_T1
2023,13,13072,municipality,130725255084,13072084,matched,Reimershagen,amtsangehörige Gemeinde,387,1835041.87,4741.71,0.00,316321.31,1518720.56,STATISTIKPORTAL_INTEGRATED_2023_T1
2023,13,13072,municipality,130725255092,13072092,matched,Sarmstorf,amtsangehörige Gemeinde,496,1862201.70,3754.44,0.00,316321.31,1545880.39,STATISTIKPORTAL_INTEGRATED_2023_T1
2023,13,13072,municipality,130725255119,13072119,matched,Zehna,amtsangehörige Gemeinde,668,1889434.34,2828.49,0.00,316321.31,1573113.03,STATISTIKPORTAL_INTEGRATED_2023_T1
2023,13,13072,joint_administration,130725256,,not_applicable,Amtsverwaltung Krakow am See,Amtsverwaltung,8837,0.00,0.00,0.00,0.00,0.00,STATISTIKPORTAL_INTEGRATED_2023_T1
2023,13,13072,municipality,130725256026,13072026,matched,Dobbin-Linstow,amtsangehörige Gemeinde,513,1893251.04,3690.55,19523.00,316321.31,1557406.73,STATISTIKPORTAL_INTEGRATED_2023_T1
2023,13,13072,municipality,130725256048,13072048,matched,Hoppenrade,amtsangehörige Gemeinde,628,1889434.34,3008.65,0.00,316321.31,1573113.03,STATISTIKPORTAL_INTEGRATED_2023_T1
2023,13,13072,municipality,130725256056,13072056,matched,"Krakow am See, Stadt",amtsangehörige Gemeinde,3492,6550850.17,1875.96,215847.00,316960.35,6018042.82,STATISTIKPORTAL_INTEGRATED_2023_T1
2023,13,13072,municipality,130725256059,13072059,matched,Kuchelmiß,amtsangehörige Gemeinde,639,2122501.34,3321.60,233067.00,316321.31,1573113.03,STATISTIKPORTAL_INTEGRATED_2023_T1
2023,13,13072,municipality,130725256063,13072063,matched,Lalendorf,amtsangehörige Gemeinde,3565,5964300.62,1673.02,53978.00,316960.35,5593362.27,STATISTIKPORTAL_INTEGRATED_2023_T1
2023,13,13072,joint_administration,130725257,,not_applicable,Amtsverwaltung Laage,Amtsverwaltung,9071,0.00,0.00,0.00,0.00,0.00,STATISTIKPORTAL_INTEGRATED_2023_T1
2023,13,13072,municipality,130725257027,13072027,matched,Dolgen am See,amtsangehörige Gemeinde,659,108712.13,164.97,0.00,0.00,108712.13,STATISTIKPORTAL_INTEGRATED_2023_T1
2023,13,13072,municipality,130725257046,13072046,matched,Hohen Sprenz,amtsangehörige Gemeinde,556,254995.49,458.62,173516.00,0.00,81479.49,STATISTIKPORTAL_INTEGRATED_2023_T1
2023,13,13072,municipality,130725257062,13072062,matched,"Laage, Stadt",amtsangehörige Gemeinde,6554,11669991.74,1780.59,2878844.00,316960.35,8474187.39,STATISTIKPORTAL_INTEGRATED_2023_T1
2023,13,13072,municipality,130725257112,13072112,matched,Wardow,amtsangehörige Gemeinde,1302,190191.62,146.08,0.00,0.00,190191.62,STATISTIKPORTAL_INTEGRATED_2023_T1
2023,13,13072,joint_administration,130725258,,not_applicable,Amtsverwaltung Mecklenburgische Schweiz,Amtsverwaltung,8171,38637.00,4.73,38637.00,0.00,0.00,STATISTIKPORTAL_INTEGRATED_2023_T1
2023,13,13072,municipality,130725258003,13072003,matched,Alt Sührkow,amtsangehörige Gemeinde,391,246909.41,631.48,235281.00,0.00,11628.41,STATISTIKPORTAL_INTEGRATED_2023_T1
2023,13,13072,municipality,130725258023,13072023,matched,Dahmen,amtsangehörige Gemeinde,455,265967.41,584.54,173089.00,0.00,92878.41,STATISTIKPORTAL_INTEGRATED_2023_T1
2023,13,13072,municipality,130725258024,13072024,matched,Dalkendorf,amtsangehörige Gemeinde,250,106863.41,427.45,101860.00,0.00,5003.41,STATISTIKPORTAL_INTEGRATED_2023_T1
2023,13,13072,municipality,130725258038,13072038,matched,Groß Roge,amtsangehörige Gemeinde,595,371232.41,623.92,366229.00,0.00,5003.41,STATISTIKPORTAL_INTEGRATED_2023_T1
2023,13,13072,municipality,130725258040,13072040,matched,Groß Wokern,amtsangehörige Gemeinde,1011,559249.41,553.16,542646.00,0.00,16603.41,STATISTIKPORTAL_INTEGRATED_2023_T1
2023,13,13072,municipality,130725258041,13072041,matched,Groß Wüstenfelde,amtsangehörige Gemeinde,788,123268.41,156.43,118265.00,0.00,5003.41,STATISTIKPORTAL_INTEGRATED_2023_T1
2023,13,13072,municipality,130725258045,13072045,matched,Hohen Demzin,amtsangehörige Gemeinde,375,251466.41,670.58,208338.00,0.00,43128.41,STATISTIKPORTAL_INTEGRATED_2023_T1
2023,13,13072,municipality,130725258049,13072049,matched,Jördenstorf,amtsangehörige Gemeinde,1077,1531570.41,1422.07,1526567.00,0.00,5003.41,STATISTIKPORTAL_INTEGRATED_2023_T1
2023,13,13072,municipality,130725258066,13072066,matched,Lelkendorf,amtsangehörige Gemeinde,417,251921.41,604.13,246918.00,0.00,5003.41,STATISTIKPORTAL_INTEGRATED_2023_T1
2023,13,13072,municipality,130725258082,13072082,matched,Prebberede,amtsangehörige Gemeinde,762,29878.38,39.21,24863.00,0.00,5015.38,STATISTIKPORTAL_INTEGRATED_2023_T1
2023,13,13072,municipality,130725258094,13072094,matched,Schorssow,amtsangehörige Gemeinde,449,403539.38,898.75,325574.00,0.00,77965.38,STATISTIKPORTAL_INTEGRATED_2023_T1
2023,13,13072,municipality,130725258096,13072096,matched,Schwasdorf,amtsangehörige Gemeinde,439,66555.38,151.61,61540.00,0.00,5015.38,STATISTIKPORTAL_INTEGRATED_2023_T1
2023,13,13072,municipality,130725258103,13072103,matched,Sukow-Levitzow,amtsangehörige Gemeinde,490,11855.38,24.19,6840.00,0.00,5015.38,STATISTIKPORTAL_INTEGRATED_2023_T1
2023,13,13072,municipality,130725258109,13072109,matched,Thürkow,amtsangehörige Gemeinde,365,69056.38,189.20,64041.00,0.00,5015.38,STATISTIKPORTAL_INTEGRATED_2023_T1
2023,13,13072,municipality,130725258113,13072113,matched,Warnkenhagen,amtsangehörige Gemeinde,307,50041.38,163.00,45026.00,0.00,5015.38,STATISTIKPORTAL_INTEGRATED_2023_T1
2023,13,13072,joint_administration,130725259,,not_applicable,Amtsverwaltung Neubukow-Salzhaff,Amtsverwaltung,6942,30137.00,4.34,30137.00,0.00,0.00,STATISTIKPORTAL_INTEGRATED_2023_T1
2023,13,13072,municipality,130725259002,13072002,matched,Alt Bukow,amtsangehörige Gemeinde,521,403990.91,775.41,0.00,0.00,403990.91,STATISTIKPORTAL_INTEGRATED_2023_T1
2023,13,13072,municipality,130725259005,13072005,matched,Am Salzhaff,amtsangehörige Gemeinde,524,403990.91,770.98,0.00,0.00,403990.91,STATISTIKPORTAL_INTEGRATED_2023_T1
2023,13,13072,municipality,130725259008,13072008,matched,Bastorf,amtsangehörige Gemeinde,1155,830033.82,718.64,22052.00,0.00,807981.82,STATISTIKPORTAL_INTEGRATED_2023_T1
2023,13,13072,municipality,130725259014,13072014,matched,Biendorf,amtsangehörige Gemeinde,1240,960664.82,774.73,152683.00,0.00,807981.82,STATISTIKPORTAL_INTEGRATED_2023_T1
2023,13,13072,municipality,130725259022,13072022,matched,Carinerland,amtsangehörige Gemeinde,1293,807981.82,624.89,0.00,0.00,807981.82,STATISTIKPORTAL_INTEGRATED_2023_T1
2023,13,13072,municipality,130725259085,13072085,matched,"Rerik, Ostseebad, Stadt",amtsangehörige Gemeinde,2209,1294839.92,586.17,79711.00,0.00,1215128.92,STATISTIKPORTAL_INTEGRATED_2023_T1
2023,13,13072,joint_administration,130725260,,not_applicable,Amtsverwaltung Rostocker Heide,Amtsverwaltung,10702,535991.00,50.08,535991.00,0.00,0.00,STATISTIKPORTAL_INTEGRATED_2023_T1
2023,13,13072,municipality,130725260012,13072012,matched,Bentwisch,amtsangehörige Gemeinde,3565,11554587.13,3241.12,1868420.00,0.00,9686167.13,STATISTIKPORTAL_INTEGRATED_2023_T1
2023,13,13072,municipality,130725260015,13072015,matched,Blankenhagen,amtsangehörige Gemeinde,1132,3760677.03,3322.15,260241.00,0.00,3500436.03,STATISTIKPORTAL_INTEGRATED_2023_T1
2023,13,13072,municipality,130725260032,13072032,matched,Gelbensande,amtsangehörige Gemeinde,1884,9294941.11,4933.62,0.00,0.00,9294941.11,STATISTIKPORTAL_INTEGRATED_2023_T1
2023,13,13072,municipality,130725260072,13072072,matched,Mönchhagen,amtsangehörige Gemeinde,1275,3949981.03,3098.02,449545.00,0.00,3500436.03,STATISTIKPORTAL_INTEGRATED_2023_T1
2023,13,13072,municipality,130725260088,13072088,matched,Rövershagen,amtsangehörige Gemeinde,2846,5249997.79,1844.69,0.00,0.00,5249997.79,STATISTIKPORTAL_INTEGRATED_2023_T1
2023,13,13072,joint_administration,130725261,,not_applicable,Amtsverwaltung Schwaan,Amtsverwaltung,8080,0.00,0.00,0.00,0.00,0.00,STATISTIKPORTAL_INTEGRATED_2023_T1
2023,13,13072,municipality,130725261011,13072011,matched,Benitz,amtsangehörige Gemeinde,416,2184713.12,5251.71,0.00,316321.31,1868391.81,STATISTIKPORTAL_INTEGRATED_2023_T1
2023,13,13072,municipality,130725261018,13072018,matched,Bröbberow,amtsangehörige Gemeinde,690,3445452.12,4993.41,1260739.00,316321.31,1868391.81,STATISTIKPORTAL_INTEGRATED_2023_T1
2023,13,13072,municipality,130725261051,13072051,matched,Kassow,amtsangehörige Gemeinde,357,2184713.12,6119.64,0.00,316321.31,1868391.81,STATISTIKPORTAL_INTEGRATED_2023_T1
2023,13,13072,municipality,130725261090,13072090,matched,Rukieten,amtsangehörige Gemeinde,375,2184713.12,5825.90,0.00,316321.31,1868391.81,STATISTIKPORTAL_INTEGRATED_2023_T1
2023,13,13072,municipality,130725261095,13072095,matched,"Schwaan, Stadt",amtsangehörige Gemeinde,5049,4860981.04,962.76,650001.00,316321.31,3894658.73,STATISTIKPORTAL_INTEGRATED_2023_T1
2023,13,13072,municipality,130725261110,13072110,matched,Vorbeck,amtsangehörige Gemeinde,391,2184713.12,5587.50,0.00,316321.31,1868391.81,STATISTIKPORTAL_INTEGRATED_2023_T1
2023,13,13072,municipality,130725261116,13072116,matched,Wiendorf,amtsangehörige Gemeinde,802,403990.91,503.73,0.00,0.00,403990.91,STATISTIKPORTAL_INTEGRATED_2023_T1
2023,13,13072,joint_administration,130725262,,not_applicable,Amtsverwaltung Tessin,Amtsverwaltung,6995,0.00,0.00,0.00,0.00,0.00,STATISTIKPORTAL_INTEGRATED_2023_T1
2023,13,13072,municipality,130725262021,13072021,matched,Cammin,amtsangehörige Gemeinde,815,2177646.94,2671.96,0.00,0.00,2177646.94,STATISTIKPORTAL_INTEGRATED_2023_T1
2023,13,13072,municipality,130725262034,13072034,matched,Gnewitz,amtsangehörige Gemeinde,256,1920021.02,7500.08,0.00,0.00,1920021.02,STATISTIKPORTAL_INTEGRATED_2023_T1
2023,13,13072,municipality,130725262037,13072037,matched,Grammow,amtsangehörige Gemeinde,153,1786365.46,11675.59,0.00,0.00,1786365.46,STATISTIKPORTAL_INTEGRATED_2023_T1
2023,13,13072,municipality,130725262076,13072076,matched,Nustrow,amtsangehörige Gemeinde,178,1847059.29,10376.74,0.00,0.00,1847059.29,STATISTIKPORTAL_INTEGRATED_2023_T1
2023,13,13072,municipality,130725262097,13072097,matched,Selpin,amtsangehörige Gemeinde,481,2558105.88,5318.31,34375.00,0.00,2523730.88,STATISTIKPORTAL_INTEGRATED_2023_T1
2023,13,13072,municipality,130725262102,13072102,matched,Stubbendorf,amtsangehörige Gemeinde,161,1857390.15,11536.58,0.00,0.00,1857390.15,STATISTIKPORTAL_INTEGRATED_2023_T1
2023,13,13072,municipality,130725262105,13072105,matched,"Tessin, Blumenstadt",amtsangehörige Gemeinde,4028,14669682.92,3641.93,1411764.00,0.00,13257918.92,STATISTIKPORTAL_INTEGRATED_2023_T1
2023,13,13072,municipality,130725262107,13072107,matched,Thelkow,amtsangehörige Gemeinde,465,2029140.77,4363.74,0.00,0.00,2029140.77,STATISTIKPORTAL_INTEGRATED_2023_T1
2023,13,13072,municipality,130725262118,13072118,matched,Zarnewanz,amtsangehörige Gemeinde,458,1804444.48,3939.84,0.00,0.00,1804444.48,STATISTIKPORTAL_INTEGRATED_2023_T1
2023,13,13072,joint_administration,130725263,,not_applicable,Amtsverwaltung Warnow-West,Amtsverwaltung,17355,310112.00,17.87,310112.00,0.00,0.00,STATISTIKPORTAL_INTEGRATED_2023_T1
2023,13,13072,municipality,130725263030,13072030,matched,Elmenhorst/Lichtenhagen,amtsangehörige Gemeinde,4182,8750433.82,2092.40,0.00,0.00,8750433.82,STATISTIKPORTAL_INTEGRATED_2023_T1
2023,13,13072,municipality,130725263057,13072057,matched,Kritzmow,amtsangehörige Gemeinde,3931,7026211.55,1787.39,26652.00,0.00,6999559.55,STATISTIKPORTAL_INTEGRATED_2023_T1
2023,13,13072,municipality,130725263064,13072064,matched,Lambrechtshagen,amtsangehörige Gemeinde,2960,5249997.79,1773.65,0.00,0.00,5249997.79,STATISTIKPORTAL_INTEGRATED_2023_T1
2023,13,13072,municipality,130725263077,13072077,matched,Papendorf,amtsangehörige Gemeinde,2505,5676339.79,2266.00,426342.00,0.00,5249997.79,STATISTIKPORTAL_INTEGRATED_2023_T1
2023,13,13072,municipality,130725263080,13072080,matched,Pölchow,amtsangehörige Gemeinde,935,1892690.76,2024.27,143129.00,0.00,1749561.76,STATISTIKPORTAL_INTEGRATED_2023_T1
2023,13,13072,municipality,130725263098,13072098,matched,Stäbelow,amtsangehörige Gemeinde,1407,3500436.03,2487.87,0.00,0.00,3500436.03,STATISTIKPORTAL_INTEGRATED_2023_T1
2023,13,13072,municipality,130725263121,13072121,matched,Ziesendorf,amtsangehörige Gemeinde,1435,3530323.03,2460.16,29887.00,0.00,3500436.03,STATISTIKPORTAL_INTEGRATED_2023_T1
2023,13,13073,county_administration,13073,,not_applicable,Landratsamt Vorpommern-Rügen,Landratsamt,228171,58182856.25,255.00,32898540.00,10890402.00,14393914.25,STATISTIKPORTAL_INTEGRATED_2023_T1
2023,13,13073,municipality,130730011011,13073011,matched,"Binz, Ostseebad",amtsfreie Gemeinde,5605,24760624.74,4417.60,1207493.00,0.00,23553131.74,STATISTIKPORTAL_INTEGRATED_2023_T1
2023,13,13073,municipality,130730035035,13073035,matched,"Grimmen, Stadt",amtsfreie Gemeinde,9570,38813212.55,4055.72,4610150.00,0.00,34203062.55,STATISTIKPORTAL_INTEGRATED_2023_T1
2023,13,13073,municipality,130730055055,13073055,matched,"Marlow, Stadt",amtsfreie Gemeinde,4660,7923933.19,1700.41,1878293.00,0.00,6045640.19,STATISTIKPORTAL_INTEGRATED_2023_T1
2023,13,13073,municipality,130730070070,13073070,matched,"Putbus, Stadt",amtsfreie Gemeinde,4524,16001441.37,3537.01,2128700.00,0.00,13872741.37,STATISTIKPORTAL_INTEGRATED_2023_T1
2023,13,13073,municipality,130730080080,13073080,matched,"Sassnitz, Stadt",amtsfreie Gemeinde,9225,45149109.51,4894.21,6859999.00,2391589.00,35897521.51,STATISTIKPORTAL_INTEGRATED_2023_T1
2023,13,13073,municipality,130730088088,13073088,matched,"Stralsund, Hansestadt",amtsfreie Gemeinde,59417,278502424.90,4687.25,87181713.00,236472.90,191084239.00,STATISTIKPORTAL_INTEGRATED_2023_T1
2023,13,13073,municipality,130730089089,13073089,matched,Süderholz,amtsfreie Gemeinde,4074,533568.47,130.97,327487.00,0.00,206081.47,STATISTIKPORTAL_INTEGRATED_2023_T1
2023,13,13073,municipality,130730105105,13073105,matched,"Zingst, Ostseeheilbad",amtsfreie Gemeinde,3168,14329621.34,4523.24,6541739.00,0.00,7787882.34,STATISTIKPORTAL_INTEGRATED_2023_T1
2023,13,13073,joint_administration,130735351,,not_applicable,Amtsverwaltung Altenpleen,Amtsverwaltung,7604,830314.00,109.19,830314.00,0.00,0.00,STATISTIKPORTAL_INTEGRATED_2023_T1
2023,13,13073,municipality,130735351005,13073005,matched,Altenpleen,amtsangehörige Gemeinde,1003,251631.25,250.88,0.00,0.00,251631.25,STATISTIKPORTAL_INTEGRATED_2023_T1
2023,13,13073,municipality,130735351037,13073037,matched,Groß Mohrdorf,amtsangehörige Gemeinde,752,268931.19,357.62,90273.00,0.00,178658.19,STATISTIKPORTAL_INTEGRATED_2023_T1
2023,13,13073,municipality,130735351044,13073044,matched,Klausdorf,amtsangehörige Gemeinde,696,811491.19,1165.94,632833.00,0.00,178658.19,STATISTIKPORTAL_INTEGRATED_2023_T1
2023,13,13073,municipality,130735351046,13073046,matched,Kramerhof,amtsangehörige Gemeinde,1980,178658.19,90.23,0.00,0.00,178658.19,STATISTIKPORTAL_INTEGRATED_2023_T1
2023,13,13073,municipality,130735351066,13073066,matched,Preetz,amtsangehörige Gemeinde,1029,178658.19,173.62,0.00,0.00,178658.19,STATISTIKPORTAL_INTEGRATED_2023_T1
2023,13,13073,municipality,130735351068,13073068,matched,Prohn,amtsangehörige Gemeinde,2144,1522979.94,710.35,0.00,0.00,1522979.94,STATISTIKPORTAL_INTEGRATED_2023_T1
2023,13,13073,joint_administration,130735352,,not_applicable,Amtsverwaltung Barth,Amtsverwaltung,15275,0.00,0.00,0.00,0.00,0.00,STATISTIKPORTAL_INTEGRATED_2023_T1
2023,13,13073,municipality,130735352009,13073009,matched,"Barth, Stadt",amtsangehörige Gemeinde,8756,36755009.93,4197.69,2017673.00,0.00,34737336.93,STATISTIKPORTAL_INTEGRATED_2023_T1
2023,13,13073,municipality,130735352018,13073018,matched,Divitz-Spoldershagen,amtsangehörige Gemeinde,472,1136794.14,2408.46,391924.00,0.00,744870.14,STATISTIKPORTAL_INTEGRATED_2023_T1
2023,13,13073,municipality,130735352025,13073025,matched,Fuhlendorf,amtsangehörige Gemeinde,819,1095032.07,1337.04,722597.00,0.00,372435.07,STATISTIKPORTAL_INTEGRATED_2023_T1
2023,13,13073,municipality,130735352042,13073042,matched,Karnin,amtsangehörige Gemeinde,225,247411.19,1099.61,68753.00,0.00,178658.19,STATISTIKPORTAL_INTEGRATED_2023_T1
2023,13,13073,municipality,130735352043,13073043,matched,Kenz-Küstrow,amtsangehörige Gemeinde,543,936620.14,1724.90,191750.00,0.00,744870.14,STATISTIKPORTAL_INTEGRATED_2023_T1
2023,13,13073,municipality,130735352051,13073051,matched,Löbnitz,amtsangehörige Gemeinde,596,1047430.07,1757.43,674995.00,0.00,372435.07,STATISTIKPORTAL_INTEGRATED_2023_T1
2023,13,13073,municipality,130735352053,13073053,matched,Lüdershagen,amtsangehörige Gemeinde,564,635382.07,1126.56,262947.00,0.00,372435.07,STATISTIKPORTAL_INTEGRATED_2023_T1
2023,13,13073,municipality,130735352069,13073069,matched,Pruchten,amtsangehörige Gemeinde,733,372435.07,508.10,0.00,0.00,372435.07,STATISTIKPORTAL_INTEGRATED_2023_T1
2023,13,13073,municipality,130735352077,13073077,matched,Saal,amtsangehörige Gemeinde,1406,1267207.15,901.29,447850.00,0.00,819357.15,STATISTIKPORTAL_INTEGRATED_2023_T1
2023,13,13073,municipality,130735352094,13073094,matched,Trinwillershagen,amtsangehörige Gemeinde,1161,1929472.14,1661.91,580878.00,0.00,1348594.14,STATISTIKPORTAL_INTEGRATED_2023_T1
2023,13,13073,joint_administration,130735353,,not_applicable,Amtsverwaltung Bergen auf Rügen,Amtsverwaltung,20680,0.00,0.00,0.00,0.00,0.00,STATISTIKPORTAL_INTEGRATED_2023_T1
2023,13,13073,municipality,130735353010,13073010,matched,"Bergen auf Rügen, Stadt",amtsangehörige Gemeinde,13706,55629934.51,4058.80,5828168.00,0.00,49801766.51,STATISTIKPORTAL_INTEGRATED_2023_T1
2023,13,13073,municipality,130735353014,13073014,matched,Buschvitz,amtsangehörige Gemeinde,239,1700169.45,7113.68,0.00,0.00,1700169.45,STATISTIKPORTAL_INTEGRATED_2023_T1
2023,13,13073,municipality,130735353027,13073027,matched,"Garz/Rügen, Stadt",amtsangehörige Gemeinde,2257,5351694.48,2371.15,254008.00,0.00,5097686.48,STATISTIKPORTAL_INTEGRATED_2023_T1
2023,13,13073,municipality,130735353038,13073038,matched,Gustow,amtsangehörige Gemeinde,614,1843243.45,3002.03,143074.00,0.00,1700169.45,STATISTIKPORTAL_INTEGRATED_2023_T1
2023,13,13073,municipality,130735353049,13073049,matched,Lietzow,amtsangehörige Gemeinde,245,1700169.45,6939.47,0.00,0.00,1700169.45,STATISTIKPORTAL_INTEGRATED_2023_T1
2023,13,13073,municipality,130735353063,13073063,matched,Parchtitz,amtsangehörige Gemeinde,758,1740509.45,2296.19,40340.00,0.00,1700169.45,STATISTIKPORTAL_INTEGRATED_2023_T1
2023,13,13073,municipality,130735353064,13073064,matched,Patzig,amtsangehörige Gemeinde,439,1810695.45,4124.59,110526.00,0.00,1700169.45,STATISTIKPORTAL_INTEGRATED_2023_T1
2023,13,13073,municipality,130735353065,13073065,matched,Poseritz,amtsangehörige Gemeinde,974,1877404.45,1927.52,177235.00,0.00,1700169.45,STATISTIKPORTAL_INTEGRATED_2023_T1
2023,13,13073,municipality,130735353072,13073072,matched,Ralswiek,amtsangehörige Gemeinde,256,2231506.45,8716.82,531337.00,0.00,1700169.45,STATISTIKPORTAL_INTEGRATED_2023_T1
2023,13,13073,municipality,130735353074,13073074,matched,Rappin,amtsangehörige Gemeinde,307,1755120.45,5717.00,54951.00,0.00,1700169.45,STATISTIKPORTAL_INTEGRATED_2023_T1
2023,13,13073,municipality,130735353083,13073083,matched,Sehlen,amtsangehörige Gemeinde,885,2174284.45,2456.82,474115.00,0.00,1700169.45,STATISTIKPORTAL_INTEGRATED_2023_T1
2023,13,13073,joint_administration,130735354,,not_applicable,Amtsverwaltung Darß/Fischland,Amtsverwaltung,6690,0.00,0.00,0.00,0.00,0.00,STATISTIKPORTAL_INTEGRATED_2023_T1
2023,13,13073,municipality,130735354002,13073002,matched,"Ahrenshoop, Ostseebad",amtsangehörige Gemeinde,683,3305417.16,4839.56,1825025.00,0.00,1480392.16,STATISTIKPORTAL_INTEGRATED_2023_T1
2023,13,13073,municipality,130735354012,13073012,matched,Born a. Darß,amtsangehörige Gemeinde,1119,2746317.08,2454.26,1116655.00,0.00,1629662.08,STATISTIKPORTAL_INTEGRATED_2023_T1
2023,13,13073,municipality,130735354017,13073017,matched,"Dierhagen, Ostseebad",amtsangehörige Gemeinde,1575,3190216.41,2025.53,1971113.00,0.00,1219103.41,STATISTIKPORTAL_INTEGRATED_2023_T1
2023,13,13073,municipality,130735354067,13073067,matched,"Prerow, Ostseebad",amtsangehörige Gemeinde,1495,3155924.11,2110.99,1611718.00,0.00,1544206.11,STATISTIKPORTAL_INTEGRATED_2023_T1
2023,13,13073,municipality,130735354100,13073100,matched,Wieck a. Darß,amtsangehörige Gemeinde,730,372435.07,510.19,0.00,0.00,372435.07,STATISTIKPORTAL_INTEGRATED_2023_T1
2023,13,13073,municipality,130735354103,13073103,matched,"Wustrow, Ostseebad",amtsangehörige Gemeinde,1088,1347091.38,1238.14,276962.00,0.00,1070129.38,STATISTIKPORTAL_INTEGRATED_2023_T1
2023,13,13073,joint_administration,130735355,,not_applicable,Amtsverwaltung Franzburg-Richtenberg,Amtsverwaltung,7760,0.00,0.00,0.00,0.00,0.00,STATISTIKPORTAL_INTEGRATED_2023_T1
2023,13,13073,municipality,130735355024,13073024,matched,"Franzburg, Stadt",amtsangehörige Gemeinde,1353,4072145.69,3009.72,1395775.00,0.00,2676370.69,STATISTIKPORTAL_INTEGRATED_2023_T1
2023,13,13073,municipality,130735355029,13073029,matched,Glewitz,amtsangehörige Gemeinde,552,123451.52,223.64,71990.00,0.00,51461.52,STATISTIKPORTAL_INTEGRATED_2023_T1
2023,13,13073,municipality,130735355034,13073034,matched,Gremersdorf-Buchholz,amtsangehörige Gemeinde,650,917157.31,1411.01,0.00,0.00,917157.31,STATISTIKPORTAL_INTEGRATED_2023_T1
2023,13,13073,municipality,130735355057,13073057,matched,Millienhagen-Oebelitz,amtsangehörige Gemeinde,331,549148.27,1659.06,29708.00,0.00,519440.27,STATISTIKPORTAL_INTEGRATED_2023_T1
2023,13,13073,municipality,130735355062,13073062,matched,Papenhagen,amtsangehörige Gemeinde,541,64809.52,119.80,13348.00,0.00,51461.52,STATISTIKPORTAL_INTEGRATED_2023_T1
2023,13,13073,municipality,130735355076,13073076,matched,"Richtenberg, Stadt",amtsangehörige Gemeinde,1343,1954062.94,1455.00,232538.00,0.00,1721524.94,STATISTIKPORTAL_INTEGRATED_2023_T1
2023,13,13073,municipality,130735355086,13073086,matched,Splietsdorf,amtsangehörige Gemeinde,503,51461.52,102.31,0.00,0.00,51461.52,STATISTIKPORTAL_INTEGRATED_2023_T1
2023,13,13073,municipality,130735355096,13073096,matched,Velgast,amtsangehörige Gemeinde,1701,1054916.38,620.17,335251.00,0.00,719665.38,STATISTIKPORTAL_INTEGRATED_2023_T1
2023,13,13073,municipality,130735355097,13073097,matched,Weitenhagen,amtsangehörige Gemeinde,234,560966.74,2397.29,125672.00,0.00,435294.74,STATISTIKPORTAL_INTEGRATED_2023_T1
2023,13,13073,municipality,130735355098,13073098,matched,Wendisch Baggendorf,amtsangehörige Gemeinde,552,51461.52,93.23,0.00,0.00,51461.52,STATISTIKPORTAL_INTEGRATED_2023_T1
2023,13,13073,joint_administration,130735356,,not_applicable,Amtsverwaltung Miltzow,Amtsverwaltung,7198,0.00,0.00,0.00,0.00,0.00,STATISTIKPORTAL_INTEGRATED_2023_T1
2023,13,13073,municipality,130735356023,13073023,matched,Elmenhorst,amtsangehörige Gemeinde,722,51461.52,71.28,0.00,0.00,51461.52,STATISTIKPORTAL_INTEGRATED_2023_T1
2023,13,13073,municipality,130735356090,13073090,matched,Sundhagen,amtsangehörige Gemeinde,5303,308800.00,58.23,0.00,0.00,308800.00,STATISTIKPORTAL_INTEGRATED_2023_T1
2023,13,13073,municipality,130735356102,13073102,matched,Wittenhagen,amtsangehörige Gemeinde,1173,302949.92,258.27,199996.00,0.00,102953.92,STATISTIKPORTAL_INTEGRATED_2023_T1
2023,13,13073,joint_administration,130735357,,not_applicable,Amtsverwaltung Mönchgut-Granitz,Amtsverwaltung,7838,606851.00,77.42,606851.00,0.00,0.00,STATISTIKPORTAL_INTEGRATED_2023_T1
2023,13,13073,municipality,130735357006,13073006,matched,"Baabe, Ostseebad",amtsangehörige Gemeinde,962,3532179.45,3671.70,346559.00,0.00,3185620.45,STATISTIKPORTAL_INTEGRATED_2023_T1
2023,13,13073,municipality,130735357031,13073031,matched,"Göhren, Ostseebad",amtsangehörige Gemeinde,1511,5809284.89,3844.66,725557.00,0.00,5083727.89,STATISTIKPORTAL_INTEGRATED_2023_T1
2023,13,13073,municipality,130735357048,13073048,matched,Lancken-Granitz,amtsangehörige Gemeinde,495,1902181.45,3842.79,202012.00,0.00,1700169.45,STATISTIKPORTAL_INTEGRATED_2023_T1
2023,13,13073,municipality,130735357084,13073084,matched,"Sellin, Ostseebad",amtsangehörige Gemeinde,2786,14431245.48,5179.92,2443356.00,0.00,11987889.48,STATISTIKPORTAL_INTEGRATED_2023_T1
2023,13,13073,municipality,130735357106,13073106,matched,Zirkow,amtsangehörige Gemeinde,713,2145421.45,3009.01,445252.00,0.00,1700169.45,STATISTIKPORTAL_INTEGRATED_2023_T1
2023,13,13073,municipality,130735357107,13073107,matched,"Mönchgut, Ostseebad",amtsangehörige Gemeinde,1371,11398819.89,8314.24,166197.00,0.00,11232622.89,STATISTIKPORTAL_INTEGRATED_2023_T1
2023,13,13073,joint_administration,130735358,,not_applicable,Amtsverwaltung Niepars,Amtsverwaltung,9659,0.00,0.00,0.00,0.00,0.00,STATISTIKPORTAL_INTEGRATED_2023_T1
2023,13,13073,municipality,130735358036,13073036,matched,Groß Kordshagen,amtsangehörige Gemeinde,307,423692.73,1380.11,0.00,0.00,423692.73,STATISTIKPORTAL_INTEGRATED_2023_T1
2023,13,13073,municipality,130735358041,13073041,matched,Jakobsdorf,amtsangehörige Gemeinde,459,339127.23,738.84,91089.00,0.00,248038.23,STATISTIKPORTAL_INTEGRATED_2023_T1
2023,13,13073,municipality,130735358054,13073054,matched,Lüssow,amtsangehörige Gemeinde,805,178658.19,221.94,0.00,0.00,178658.19,STATISTIKPORTAL_INTEGRATED_2023_T1
2023,13,13073,municipality,130735358060,13073060,matched,Niepars,amtsangehörige Gemeinde,2521,1829165.98,725.57,0.00,0.00,1829165.98,STATISTIKPORTAL_INTEGRATED_2023_T1
2023,13,13073,municipality,130735358061,13073061,matched,Pantelitz,amtsangehörige Gemeinde,914,294214.25,321.90,0.00,0.00,294214.25,STATISTIKPORTAL_INTEGRATED_2023_T1
2023,13,13073,municipality,130735358087,13073087,matched,Steinhagen,amtsangehörige Gemeinde,2684,1261626.71,470.05,200871.00,0.00,1060755.71,STATISTIKPORTAL_INTEGRATED_2023_T1
2023,13,13073,municipality,130735358099,13073099,matched,Wendorf,amtsangehörige Gemeinde,850,224834.21,264.51,0.00,0.00,224834.21,STATISTIKPORTAL_INTEGRATED_2023_T1
2023,13,13073,municipality,130735358104,13073104,matched,Zarrendorf,amtsangehörige Gemeinde,1119,0.00,0.00,0.00,0.00,0.00,STATISTIKPORTAL_INTEGRATED_2023_T1
2023,13,13073,joint_administration,130735359,,not_applicable,Amtsverwaltung Nord-Rügen,Amtsverwaltung,7826,0.00,0.00,0.00,0.00,0.00,STATISTIKPORTAL_INTEGRATED_2023_T1
2023,13,13073,municipality,130735359004,13073004,matched,Altenkirchen,amtsangehörige Gemeinde,925,4293840.45,4641.99,490369.00,0.00,3803471.45,STATISTIKPORTAL_INTEGRATED_2023_T1
2023,13,13073,municipality,130735359013,13073013,matched,Breege,amtsangehörige Gemeinde,591,2198020.45,3719.15,497851.00,0.00,1700169.45,STATISTIKPORTAL_INTEGRATED_2023_T1
2023,13,13073,municipality,130735359019,13073019,matched,Dranske,amtsangehörige Gemeinde,1159,3400338.89,2933.86,0.00,0.00,3400338.89,STATISTIKPORTAL_INTEGRATED_2023_T1
2023,13,13073,municipality,130735359030,13073030,matched,"Glowe, Seebad",amtsangehörige Gemeinde,1021,1739723.45,1703.94,39554.00,0.00,1700169.45,STATISTIKPORTAL_INTEGRATED_2023_T1
2023,13,13073,municipality,130735359052,13073052,matched,Lohme,amtsangehörige Gemeinde,467,4299499.45,9206.64,2599330.00,0.00,1700169.45,STATISTIKPORTAL_INTEGRATED_2023_T1
2023,13,13073,municipality,130735359071,13073071,matched,Putgarten,amtsangehörige Gemeinde,187,2104754.45,11255.37,293117.00,0.00,1811637.45,STATISTIKPORTAL_INTEGRATED_2023_T1
2023,13,13073,municipality,130735359078,13073078,matched,Sagard,amtsangehörige Gemeinde,2472,8203377.41,3318.52,532902.00,0.00,7670475.41,STATISTIKPORTAL_INTEGRATED_2023_T1
2023,13,13073,municipality,130735359101,13073101,matched,Wiek,amtsangehörige Gemeinde,1004,9522957.89,9485.02,6122619.00,0.00,3400338.89,STATISTIKPORTAL_INTEGRATED_2023_T1
2023,13,13073,joint_administration,130735360,,not_applicable,Amtsverwaltung Recknitz-Trebeltal,Amtsverwaltung,8770,238230.00,27.16,238230.00,0.00,0.00,STATISTIKPORTAL_INTEGRATED_2023_T1
2023,13,13073,municipality,130735360007,13073007,matched,"Bad Sülze, Stadt",amtsangehörige Gemeinde,1794,2088002.00,1163.88,0.00,0.00,2088002.00,STATISTIKPORTAL_INTEGRATED_2023_T1
2023,13,13073,municipality,130735360015,13073015,matched,Dettmannsdorf,amtsangehörige Gemeinde,1034,2749592.21,2659.18,1130375.00,0.00,1619217.21,STATISTIKPORTAL_INTEGRATED_2023_T1
2023,13,13073,municipality,130735360016,13073016,matched,Deyelsdorf,amtsangehörige Gemeinde,470,51461.52,109.49,0.00,0.00,51461.52,STATISTIKPORTAL_INTEGRATED_2023_T1
2023,13,13073,municipality,130735360020,13073020,matched,Drechow,amtsangehörige Gemeinde,220,224950.23,1022.50,0.00,0.00,224950.23,STATISTIKPORTAL_INTEGRATED_2023_T1
2023,13,13073,municipality,130735360022,13073022,matched,Eixen,amtsangehörige Gemeinde,734,1431211.94,1949.88,26902.00,0.00,1404309.94,STATISTIKPORTAL_INTEGRATED_2023_T1
2023,13,13073,municipality,130735360032,13073032,matched,Grammendorf,amtsangehörige Gemeinde,529,51461.52,97.28,0.00,0.00,51461.52,STATISTIKPORTAL_INTEGRATED_2023_T1
2023,13,13073,municipality,130735360033,13073033,matched,Gransebieth,amtsangehörige Gemeinde,560,51461.52,91.90,0.00,0.00,51461.52,STATISTIKPORTAL_INTEGRATED_2023_T1
2023,13,13073,municipality,130735360039,13073039,matched,Hugoldsdorf,amtsangehörige Gemeinde,133,309039.23,2323.60,61001.00,0.00,248038.23,STATISTIKPORTAL_INTEGRATED_2023_T1
2023,13,13073,municipality,130735360050,13073050,matched,Lindholz,amtsangehörige Gemeinde,637,1629783.34,2558.53,0.00,0.00,1629783.34,STATISTIKPORTAL_INTEGRATED_2023_T1
2023,13,13073,municipality,130735360093,13073093,matched,"Tribsees, Stadt",amtsangehörige Gemeinde,2659,4192489.07,1576.72,367309.00,0.00,3825180.07,STATISTIKPORTAL_INTEGRATED_2023_T1
2023,13,13073,joint_administration,130735361,,not_applicable,Amtsverwaltung Ribnitz-Damgarten,Amtsverwaltung,18968,0.00,0.00,0.00,0.00,0.00,STATISTIKPORTAL_INTEGRATED_2023_T1
2023,13,13073,municipality,130735361001,13073001,matched,Ahrenshagen-Daskow,amtsangehörige Gemeinde,2205,1709630.14,775.34,363570.00,0.00,1346060.14,STATISTIKPORTAL_INTEGRATED_2023_T1
2023,13,13073,municipality,130735361075,13073075,matched,"Ribnitz-Damgarten, Bernsteinstadt",amtsangehörige Gemeinde,15764,38026173.62,2412.22,5176480.00,0.00,32849693.62,STATISTIKPORTAL_INTEGRATED_2023_T1
2023,13,13073,municipality,130735361082,13073082,matched,Schlemmin,amtsangehörige Gemeinde,300,554849.07,1849.50,108043.00,0.00,446806.07,STATISTIKPORTAL_INTEGRATED_2023_T1
2023,13,13073,municipality,130735361085,13073085,matched,Semlow,amtsangehörige Gemeinde,699,2399155.08,3432.27,1443104.00,0.00,956051.08,STATISTIKPORTAL_INTEGRATED_2023_T1
2023,13,13073,joint_administration,130735362,,not_applicable,Amtsverwaltung West-Rügen,Amtsverwaltung,9660,0.00,0.00,0.00,0.00,0.00,STATISTIKPORTAL_INTEGRATED_2023_T1
2023,13,13073,municipality,130735362003,13073003,matched,Altefähr,amtsangehörige Gemeinde,1297,4562697.89,3517.89,52079.00,0.00,4510618.89,STATISTIKPORTAL_INTEGRATED_2023_T1
2023,13,13073,municipality,130735362021,13073021,matched,Dreschvitz,amtsangehörige Gemeinde,768,1962670.45,2555.56,262501.00,0.00,1700169.45,STATISTIKPORTAL_INTEGRATED_2023_T1
2023,13,13073,municipality,130735362028,13073028,matched,Gingst,amtsangehörige Gemeinde,1309,3865344.89,2952.90,465006.00,0.00,3400338.89,STATISTIKPORTAL_INTEGRATED_2023_T1
2023,13,13073,municipality,130735362040,13073040,matched,"Insel Hiddensee, Seebad",amtsangehörige Gemeinde,1013,6001760.45,5924.74,1876278.00,0.00,4125482.45,STATISTIKPORTAL_INTEGRATED_2023_T1
2023,13,13073,municipality,130735362045,13073045,matched,Kluis,amtsangehörige Gemeinde,404,1740363.45,4307.83,40194.00,0.00,1700169.45,STATISTIKPORTAL_INTEGRATED_2023_T1
2023,13,13073,municipality,130735362059,13073059,matched,Neuenkirchen,amtsangehörige Gemeinde,292,1972835.45,6756.29,272666.00,0.00,1700169.45,STATISTIKPORTAL_INTEGRATED_2023_T1
2023,13,13073,municipality,130735362073,13073073,matched,Rambin,amtsangehörige Gemeinde,946,1829694.45,1934.14,129525.00,0.00,1700169.45,STATISTIKPORTAL_INTEGRATED_2023_T1
2023,13,13073,municipality,130735362079,13073079,matched,Samtens,amtsangehörige Gemeinde,1982,3726303.89,1880.07,325965.00,0.00,3400338.89,STATISTIKPORTAL_INTEGRATED_2023_T1
2023,13,13073,municipality,130735362081,13073081,matched,Schaprode,amtsangehörige Gemeinde,429,1700169.45,3963.10,0.00,0.00,1700169.45,STATISTIKPORTAL_INTEGRATED_2023_T1
2023,13,13073,municipality,130735362092,13073092,matched,Trent,amtsangehörige Gemeinde,664,1762329.45,2654.11,62160.00,0.00,1700169.45,STATISTIKPORTAL_INTEGRATED_2023_T1
2023,13,13073,municipality,130735362095,13073095,matched,Ummanz,amtsangehörige Gemeinde,556,1994815.45,3587.80,294646.00,0.00,1700169.45,STATISTIKPORTAL_INTEGRATED_2023_T1
2023,13,13074,county_administration,13074,,not_applicable,Landratsamt Nordwestmecklenburg,Landratsamt,160142,75557396.60,471.81,50842063.00,9955507.00,14759826.60,STATISTIKPORTAL_INTEGRATED_2023_T1
2023,13,13074,municipality,130740026026,13074026,matched,"Grevesmühlen, Stadt",amtsfreie Gemeinde,10411,59538070.24,5718.77,15468986.00,0.00,44069084.24,STATISTIKPORTAL_INTEGRATED_2023_T1
2023,13,13074,municipality,130740035035,13074035,matched,"Insel Poel, Ostseebad",amtsfreie Gemeinde,2529,2686679.34,1062.35,1511027.00,0.00,1175652.34,STATISTIKPORTAL_INTEGRATED_2023_T1
2023,13,13074,municipality,130740087087,13074087,matched,"Wismar, Hansestadt",amtsfreie Gemeinde,44073,231685077.25,5256.85,69716134.00,4122105.75,157846837.50,STATISTIKPORTAL_INTEGRATED_2023_T1
2023,13,13074,joint_administration,130745451,,not_applicable,Amtsverwaltung Dorf Mecklenburg-Bad Kleinen,Amtsverwaltung,14405,0.00,0.00,0.00,0.00,0.00,STATISTIKPORTAL_INTEGRATED_2023_T1
2023,13,13074,municipality,130745451002,13074002,matched,Bad Kleinen,amtsangehörige Gemeinde,3748,5992877.52,1598.95,1541278.00,0.00,4451599.52,STATISTIKPORTAL_INTEGRATED_2023_T1
2023,13,13074,municipality,130745451003,13074003,matched,Barnekow,amtsangehörige Gemeinde,592,1017007.36,1717.92,180000.00,0.00,837007.36,STATISTIKPORTAL_INTEGRATED_2023_T1
2023,13,13074,municipality,130745451008,13074008,matched,Bobitz,amtsangehörige Gemeinde,2512,6338471.53,2523.28,2778350.00,0.00,3560121.53,STATISTIKPORTAL_INTEGRATED_2023_T1
2023,13,13074,municipality,130745451019,13074019,matched,Dorf Mecklenburg,amtsangehörige Gemeinde,3338,2478004.42,742.36,1780390.00,0.00,697614.42,STATISTIKPORTAL_INTEGRATED_2023_T1
2023,13,13074,municipality,130745451030,13074030,matched,Groß Stieten,amtsangehörige Gemeinde,629,749419.79,1191.45,572808.00,0.00,176611.79,STATISTIKPORTAL_INTEGRATED_2023_T1
2023,13,13074,municipality,130745451031,13074031,matched,Hohen Viecheln,amtsangehörige Gemeinde,738,1593858.26,2159.70,967575.00,0.00,626283.26,STATISTIKPORTAL_INTEGRATED_2023_T1
2023,13,13074,municipality,130745451047,13074047,matched,Lübow,amtsangehörige Gemeinde,1577,2536675.98,1608.55,1904900.00,0.00,631775.98,STATISTIKPORTAL_INTEGRATED_2023_T1
2023,13,13074,municipality,130745451053,13074053,matched,Metelsdorf,amtsangehörige Gemeinde,508,191844.29,377.65,0.00,0.00,191844.29,STATISTIKPORTAL_INTEGRATED_2023_T1
2023,13,13074,municipality,130745451082,13074082,matched,Ventschow,amtsangehörige Gemeinde,763,4056724.58,5316.81,1972098.00,316321.31,1768305.27,STATISTIKPORTAL_INTEGRATED_2023_T1
2023,13,13074,joint_administration,130745452,,not_applicable,Amtsverwaltung Gadebusch,Amtsverwaltung,10340,0.00,0.00,0.00,0.00,0.00,STATISTIKPORTAL_INTEGRATED_2023_T1
2023,13,13074,municipality,130745452020,13074020,matched,Dragun,amtsangehörige Gemeinde,749,2417044.72,3227.03,1880000.00,8189.92,528854.80,STATISTIKPORTAL_INTEGRATED_2023_T1
2023,13,13074,municipality,130745452021,13074021,matched,"Gadebusch, Stadt",amtsangehörige Gemeinde,5460,27874440.59,5105.21,10185280.00,316960.35,17372200.24,STATISTIKPORTAL_INTEGRATED_2023_T1
2023,13,13074,municipality,130745452040,13074040,matched,Kneese,amtsangehörige Gemeinde,350,110777.98,316.51,0.00,0.00,110777.98,STATISTIKPORTAL_INTEGRATED_2023_T1
2023,13,13074,municipality,130745452043,13074043,matched,Krembz,amtsangehörige Gemeinde,879,927841.20,1055.56,0.00,0.00,927841.20,STATISTIKPORTAL_INTEGRATED_2023_T1
2023,13,13074,municipality,130745452054,13074054,matched,Mühlen Eichsen,amtsangehörige Gemeinde,995,1894482.37,1904.00,812292.00,0.00,1082190.37,STATISTIKPORTAL_INTEGRATED_2023_T1
2023,13,13074,municipality,130745452068,13074068,matched,Roggendorf,amtsangehörige Gemeinde,1055,5286287.77,5010.70,2066233.00,316321.31,2903733.46,STATISTIKPORTAL_INTEGRATED_2023_T1
2023,13,13074,municipality,130745452070,13074070,matched,Rögnitz,amtsangehörige Gemeinde,188,1884382.84,10023.31,0.00,316321.31,1568061.53,STATISTIKPORTAL_INTEGRATED_2023_T1
2023,13,13074,municipality,130745452081,13074081,matched,Veelböken,amtsangehörige Gemeinde,664,1475359.43,2221.93,587008.00,0.00,888351.43,STATISTIKPORTAL_INTEGRATED_2023_T1
2023,13,13074,joint_administration,130745453,,not_applicable,Amtsverwaltung Grevesmühlen-Land,Amtsverwaltung,8540,3321718.11,388.96,0.00,0.00,3321718.11,STATISTIKPORTAL_INTEGRATED_2023_T1
2023,13,13074,municipality,130745453005,13074005,matched,Bernstorf,amtsangehörige Gemeinde,377,1236161.24,3278.94,129195.00,0.00,1106966.24,STATISTIKPORTAL_INTEGRATED_2023_T1
2023,13,13074,municipality,130745453022,13074022,matched,Gägelow,amtsangehörige Gemeinde,2544,3474370.72,1365.71,765896.00,0.00,2708474.72,STATISTIKPORTAL_INTEGRATED_2023_T1
2023,13,13074,municipality,130745453069,13074069,matched,Roggenstorf,amtsangehörige Gemeinde,431,1290406.24,2993.98,183440.00,0.00,1106966.24,STATISTIKPORTAL_INTEGRATED_2023_T1
2023,13,13074,municipality,130745453071,13074071,matched,Rüting,amtsangehörige Gemeinde,541,1189983.24,2199.60,83017.00,0.00,1106966.24,STATISTIKPORTAL_INTEGRATED_2023_T1
2023,13,13074,municipality,130745453077,13074077,matched,Testorf-Steinfort,amtsangehörige Gemeinde,649,1449317.24,2233.15,342351.00,0.00,1106966.24,STATISTIKPORTAL_INTEGRATED_2023_T1
2023,13,13074,municipality,130745453079,13074079,matched,Upahl,amtsangehörige Gemeinde,1671,3402737.86,2036.35,1187986.00,0.00,2214751.86,STATISTIKPORTAL_INTEGRATED_2023_T1
2023,13,13074,municipality,130745453085,13074085,matched,Warnow,amtsangehörige Gemeinde,627,1222333.24,1949.49,115367.00,0.00,1106966.24,STATISTIKPORTAL_INTEGRATED_2023_T1
2023,13,13074,municipality,130745453093,13074093,matched,Stepenitztal,amtsangehörige Gemeinde,1700,2910948.86,1712.32,696197.00,0.00,2214751.86,STATISTIKPORTAL_INTEGRATED_2023_T1
2023,13,13074,joint_administration,130745454,,not_applicable,Amtsverwaltung Klützer Winkel,Amtsverwaltung,10876,4245151.10,390.32,553898.00,0.00,3691253.10,STATISTIKPORTAL_INTEGRATED_2023_T1
2023,13,13074,municipality,130745454010,13074010,matched,"Boltenhagen, Ostseebad",amtsangehörige Gemeinde,2564,4985958.11,1944.60,1664240.00,0.00,3321718.11,STATISTIKPORTAL_INTEGRATED_2023_T1
2023,13,13074,municipality,130745454016,13074016,matched,Damshagen,amtsangehörige Gemeinde,1344,3336428.86,2482.46,367273.00,0.00,2969155.86,STATISTIKPORTAL_INTEGRATED_2023_T1
2023,13,13074,municipality,130745454032,13074032,matched,Hohenkirchen,amtsangehörige Gemeinde,1220,3082527.90,2526.66,812174.00,0.00,2270353.90,STATISTIKPORTAL_INTEGRATED_2023_T1
2023,13,13074,municipality,130745454037,13074037,matched,Kalkhorst,amtsangehörige Gemeinde,1823,6445745.86,3535.79,3728058.00,0.00,2717687.86,STATISTIKPORTAL_INTEGRATED_2023_T1
2023,13,13074,municipality,130745454039,13074039,matched,"Klütz, Stadt",amtsangehörige Gemeinde,3149,6091189.35,1934.32,1662505.00,0.00,4428684.35,STATISTIKPORTAL_INTEGRATED_2023_T1
2023,13,13074,municipality,130745454089,13074089,matched,Zierow,amtsangehörige Gemeinde,776,878124.46,1131.60,0.00,0.00,878124.46,STATISTIKPORTAL_INTEGRATED_2023_T1
2023,13,13074,joint_administration,130745455,,not_applicable,Amtsverwaltung Lützow-Lübstorf,Amtsverwaltung,13641,810000.00,59.38,810000.00,0.00,0.00,STATISTIKPORTAL_INTEGRATED_2023_T1
2023,13,13074,municipality,130745455001,13074001,matched,Alt Meteln,amtsangehörige Gemeinde,1198,2810286.59,2345.82,693425.00,316321.31,1800540.28,STATISTIKPORTAL_INTEGRATED_2023_T1
2023,13,13074,municipality,130745455012,13074012,matched,Brüsewitz,amtsangehörige Gemeinde,1967,3517258.68,1788.13,911000.00,324511.47,2281747.21,STATISTIKPORTAL_INTEGRATED_2023_T1
2023,13,13074,municipality,130745455014,13074014,matched,Cramonshagen,amtsangehörige Gemeinde,520,2044032.89,3930.83,44700.00,324511.23,1674821.66,STATISTIKPORTAL_INTEGRATED_2023_T1
2023,13,13074,municipality,130745455015,13074015,matched,Dalberg-Wendelstorf,amtsangehörige Gemeinde,552,1005912.69,1822.31,837843.00,0.00,168069.69,STATISTIKPORTAL_INTEGRATED_2023_T1
2023,13,13074,municipality,130745455024,13074024,matched,Gottesgabe,amtsangehörige Gemeinde,761,462909.61,608.29,101446.00,42446.00,319017.61,STATISTIKPORTAL_INTEGRATED_2023_T1
2023,13,13074,municipality,130745455025,13074025,matched,Grambow,amtsangehörige Gemeinde,652,2462644.90,3777.06,513853.00,316321.31,1632470.59,STATISTIKPORTAL_INTEGRATED_2023_T1
2023,13,13074,municipality,130745455038,13074038,matched,Klein Trebbow,amtsangehörige Gemeinde,1085,4216372.59,3886.06,2099511.00,316321.31,1800540.28,STATISTIKPORTAL_INTEGRATED_2023_T1
2023,13,13074,municipality,130745455048,13074048,matched,Lübstorf,amtsangehörige Gemeinde,1475,420825.65,285.31,0.00,0.00,420825.65,STATISTIKPORTAL_INTEGRATED_2023_T1
2023,13,13074,municipality,130745455050,13074050,matched,Lützow,amtsangehörige Gemeinde,1560,2330382.31,1493.83,1652197.00,42446.00,635739.31,STATISTIKPORTAL_INTEGRATED_2023_T1
2023,13,13074,municipality,130745455061,13074061,matched,Perlin,amtsangehörige Gemeinde,379,561367.35,1481.18,41925.00,42446.00,476996.35,STATISTIKPORTAL_INTEGRATED_2023_T1
2023,13,13074,municipality,130745455062,13074062,matched,Pingelshagen,amtsangehörige Gemeinde,550,1948791.90,3543.26,0.00,316321.31,1632470.59,STATISTIKPORTAL_INTEGRATED_2023_T1
2023,13,13074,municipality,130745455064,13074064,matched,Pokrent,amtsangehörige Gemeinde,680,330353.94,485.81,0.00,42446.00,287907.94,STATISTIKPORTAL_INTEGRATED_2023_T1
2023,13,13074,municipality,130745455072,13074072,matched,Schildetal,amtsangehörige Gemeinde,781,1092425.99,1398.75,713743.00,42446.00,336236.99,STATISTIKPORTAL_INTEGRATED_2023_T1
2023,13,13074,municipality,130745455075,13074075,matched,Seehof,amtsangehörige Gemeinde,961,1787585.97,1860.13,1534830.00,0.00,252755.97,STATISTIKPORTAL_INTEGRATED_2023_T1
2023,13,13074,municipality,130745455088,13074088,matched,Zickhusen,amtsangehörige Gemeinde,520,168069.69,323.21,0.00,0.00,168069.69,STATISTIKPORTAL_INTEGRATED_2023_T1
2023,13,13074,joint_administration,130745456,,not_applicable,Amtsverwaltung Neuburg,Amtsverwaltung,6204,134558.00,21.69,134558.00,0.00,0.00,STATISTIKPORTAL_INTEGRATED_2023_T1
2023,13,13074,municipality,130745456004,13074004,matched,Benz,amtsangehörige Gemeinde,656,747995.27,1140.24,508110.00,0.00,239885.27,STATISTIKPORTAL_INTEGRATED_2023_T1
2023,13,13074,municipality,130745456007,13074007,matched,Blowatz,amtsangehörige Gemeinde,1031,1549507.68,1502.92,1091787.00,0.00,457720.68,STATISTIKPORTAL_INTEGRATED_2023_T1
2023,13,13074,municipality,130745456009,13074009,matched,Boiensdorf,amtsangehörige Gemeinde,519,1156189.57,2227.73,292225.00,0.00,863964.57,STATISTIKPORTAL_INTEGRATED_2023_T1
2023,13,13074,municipality,130745456034,13074034,matched,Hornstorf,amtsangehörige Gemeinde,1249,3734857.99,2990.28,2342310.00,0.00,1392547.99,STATISTIKPORTAL_INTEGRATED_2023_T1
2023,13,13074,municipality,130745456044,13074044,matched,Krusenhagen,amtsangehörige Gemeinde,604,891060.50,1475.27,672799.00,0.00,218261.50,STATISTIKPORTAL_INTEGRATED_2023_T1
2023,13,13074,municipality,130745456056,13074056,matched,Neuburg,amtsangehörige Gemeinde,2145,3993282.72,1861.67,2181202.00,0.00,1812080.72,STATISTIKPORTAL_INTEGRATED_2023_T1
2023,13,13074,joint_administration,130745457,,not_applicable,Amtsverwaltung Neukloster-Warin,Amtsverwaltung,10827,0.00,0.00,0.00,0.00,0.00,STATISTIKPORTAL_INTEGRATED_2023_T1
2023,13,13074,municipality,130745457006,13074006,matched,Bibow,amtsangehörige Gemeinde,358,1950442.24,5448.16,0.00,316321.31,1634120.93,STATISTIKPORTAL_INTEGRATED_2023_T1
2023,13,13074,municipality,130745457023,13074023,matched,Glasin,amtsangehörige Gemeinde,801,622212.93,776.80,184112.00,0.00,438100.93,STATISTIKPORTAL_INTEGRATED_2023_T1
2023,13,13074,municipality,130745457036,13074036,matched,Jesendorf,amtsangehörige Gemeinde,503,2059680.29,4094.79,93292.00,316321.31,1650066.98,STATISTIKPORTAL_INTEGRATED_2023_T1
2023,13,13074,municipality,130745457046,13074046,matched,Lübberstorf,amtsangehörige Gemeinde,233,188634.25,809.59,67906.00,0.00,120728.25,STATISTIKPORTAL_INTEGRATED_2023_T1
2023,13,13074,municipality,130745457057,13074057,matched,"Neukloster, Stadt",amtsangehörige Gemeinde,3999,4193560.13,1048.65,838545.00,0.00,3355015.13,STATISTIKPORTAL_INTEGRATED_2023_T1
2023,13,13074,municipality,130745457060,13074060,matched,Passee,amtsangehörige Gemeinde,192,195051.31,1015.89,79966.00,0.00,115085.31,STATISTIKPORTAL_INTEGRATED_2023_T1
2023,13,13074,municipality,130745457084,13074084,matched,"Warin, Stadt",amtsangehörige Gemeinde,3154,5517680.95,1749.42,879058.00,316321.31,4322301.64,STATISTIKPORTAL_INTEGRATED_2023_T1
2023,13,13074,municipality,130745457090,13074090,matched,Zurow,amtsangehörige Gemeinde,1284,971103.03,756.31,504268.00,0.00,466835.03,STATISTIKPORTAL_INTEGRATED_2023_T1
2023,13,13074,municipality,130745457091,13074091,matched,Züsow,amtsangehörige Gemeinde,303,572830.78,1890.53,377888.00,0.00,194942.78,STATISTIKPORTAL_INTEGRATED_2023_T1
2023,13,13074,joint_administration,130745458,,not_applicable,Amtsverwaltung Rehna,Amtsverwaltung,9702,1024150.00,105.56,1024150.00,0.00,0.00,STATISTIKPORTAL_INTEGRATED_2023_T1
2023,13,13074,municipality,130745458013,13074013,matched,Carlow,amtsangehörige Gemeinde,1220,3747179.29,3071.46,825629.00,958361.51,1963188.78,STATISTIKPORTAL_INTEGRATED_2023_T1
2023,13,13074,municipality,130745458018,13074018,matched,Dechow,amtsangehörige Gemeinde,180,2552953.67,14183.08,192400.00,316321.31,2044232.36,STATISTIKPORTAL_INTEGRATED_2023_T1
2023,13,13074,municipality,130745458028,13074028,matched,Groß Molzahn,amtsangehörige Gemeinde,390,2905052.75,7448.85,0.00,533776.66,2371276.09,STATISTIKPORTAL_INTEGRATED_2023_T1
2023,13,13074,municipality,130745458033,13074033,matched,Holdorf,amtsangehörige Gemeinde,399,2131774.64,5342.79,197800.00,316321.31,1617653.33,STATISTIKPORTAL_INTEGRATED_2023_T1
2023,13,13074,municipality,130745458042,13074042,matched,Königsfeld,amtsangehörige Gemeinde,979,2856867.30,2918.15,1669.00,958361.51,1896836.79,STATISTIKPORTAL_INTEGRATED_2023_T1
2023,13,13074,municipality,130745458065,13074065,matched,"Rehna, Stadt",amtsangehörige Gemeinde,3584,10621383.69,2963.56,2509532.00,1600401.71,6511449.98,STATISTIKPORTAL_INTEGRATED_2023_T1
2023,13,13074,municipality,130745458066,13074066,matched,Rieps,amtsangehörige Gemeinde,370,3356118.91,9070.59,1030143.00,533776.66,1792199.25,STATISTIKPORTAL_INTEGRATED_2023_T1
2023,13,13074,municipality,130745458073,13074073,matched,Schlagsdorf,amtsangehörige Gemeinde,1252,5043834.20,4028.62,629047.00,751232.01,3663555.19,STATISTIKPORTAL_INTEGRATED_2023_T1
2023,13,13074,municipality,130745458078,13074078,matched,Thandorf,amtsangehörige Gemeinde,191,2477079.46,12969.00,33739.00,533763.61,1909576.85,STATISTIKPORTAL_INTEGRATED_2023_T1
2023,13,13074,municipality,130745458080,13074080,matched,Utecht,amtsangehörige Gemeinde,418,2423317.69,5797.41,286939.00,533763.61,1602615.08,STATISTIKPORTAL_INTEGRATED_2023_T1
2023,13,13074,municipality,130745458092,13074092,matched,Wedendorfersee,amtsangehörige Gemeinde,719,2744879.51,3817.63,0.00,958361.51,1786518.00,STATISTIKPORTAL_INTEGRATED_2023_T1
2023,13,13074,joint_administration,130745459,,not_applicable,Amtsverwaltung Schönberger Land,Amtsverwaltung,18594,7208693.19,387.69,195722.00,0.00,7012971.19,STATISTIKPORTAL_INTEGRATED_2023_T1
2023,13,13074,municipality,130745459017,13074017,matched,"Dassow, Stadt",amtsangehörige Gemeinde,4041,9203537.95,2277.54,949553.00,0.00,8253984.95,STATISTIKPORTAL_INTEGRATED_2023_T1
2023,13,13074,municipality,130745459027,13074027,matched,Grieben,amtsangehörige Gemeinde,163,1117476.24,6855.68,10510.00,0.00,1106966.24,STATISTIKPORTAL_INTEGRATED_2023_T1
2023,13,13074,municipality,130745459049,13074049,matched,Lüdersdorf,amtsangehörige Gemeinde,5351,16854638.57,3149.81,10210383.00,0.00,6644255.57,STATISTIKPORTAL_INTEGRATED_2023_T1
2023,13,13074,municipality,130745459052,13074052,matched,Menzendorf,amtsangehörige Gemeinde,249,1162501.24,4668.68,55535.00,0.00,1106966.24,STATISTIKPORTAL_INTEGRATED_2023_T1
2023,13,13074,municipality,130745459067,13074067,matched,Roduchelstorf,amtsangehörige Gemeinde,244,1176086.24,4820.03,69120.00,0.00,1106966.24,STATISTIKPORTAL_INTEGRATED_2023_T1
2023,13,13074,municipality,130745459074,13074074,matched,"Schönberg, Stadt",amtsangehörige Gemeinde,4689,13060098.95,2785.26,4780639.00,0.00,8279459.95,STATISTIKPORTAL_INTEGRATED_2023_T1
2023,13,13074,municipality,130745459076,13074076,matched,Selmsdorf,amtsangehörige Gemeinde,3212,7652071.35,2382.34,3223387.00,0.00,4428684.35,STATISTIKPORTAL_INTEGRATED_2023_T1
2023,13,13074,municipality,130745459094,13074094,matched,Siemz-Niendorf,amtsangehörige Gemeinde,645,1106966.24,1716.23,0.00,0.00,1106966.24,STATISTIKPORTAL_INTEGRATED_2023_T1
2023,13,13075,county_administration,13075,,not_applicable,Landratsamt Vorpommern-Greifswald,Landratsamt,237182,130496578.08,550.20,110288262.00,4817.18,20203498.90,STATISTIKPORTAL_INTEGRATED_2023_T1
2023,13,13075,municipality,130750005005,13075005,matched,"Anklam, Hansestadt",amtsfreie Gemeinde,12389,46394249.51,3744.79,18956973.00,577.98,27436698.53,STATISTIKPORTAL_INTEGRATED_2023_T1
2023,13,13075,municipality,130750039039,13075039,matched,"Greifswald, Universitäts- und Hansestadt",amtsfreie Gemeinde,59693,269047085.97,4507.18,29512360.00,6872719.00,232662006.97,STATISTIKPORTAL_INTEGRATED_2023_T1
2023,13,13075,municipality,130750049049,13075049,matched,"Heringsdorf, Ostseebad",amtsfreie Gemeinde,8369,41718871.04,4984.93,17180589.00,0.00,24538282.04,STATISTIKPORTAL_INTEGRATED_2023_T1
2023,13,13075,municipality,130750105105,13075105,matched,"Pasewalk, Stadt",amtsfreie Gemeinde,9722,33550088.76,3450.95,2572873.00,1271.16,30975944.60,STATISTIKPORTAL_INTEGRATED_2023_T1
2023,13,13075,municipality,130750130130,13075130,matched,"Strasburg (Uckermark), Stadt",amtsfreie Gemeinde,4393,13861741.48,3155.42,2357046.00,115.20,11504580.28,STATISTIKPORTAL_INTEGRATED_2023_T1
2023,13,13075,municipality,130750136136,13075136,matched,"Ueckermünde, Seebad, Stadt",amtsfreie Gemeinde,8618,15881626.37,1842.84,476728.00,1271.16,15403627.21,STATISTIKPORTAL_INTEGRATED_2023_T1
2023,13,13075,joint_administration,130755551,,not_applicable,Amtsverwaltung Am Peenestrom,Amtsverwaltung,15605,0.00,0.00,0.00,0.00,0.00,STATISTIKPORTAL_INTEGRATED_2023_T1
2023,13,13075,municipality,130755551021,13075021,matched,Buggenhagen,amtsangehörige Gemeinde,218,517548.36,2374.08,52818.00,0.00,464730.36,STATISTIKPORTAL_INTEGRATED_2023_T1
2023,13,13075,municipality,130755551072,13075072,matched,Krummin,amtsangehörige Gemeinde,228,916425.30,4019.41,0.00,0.00,916425.30,STATISTIKPORTAL_INTEGRATED_2023_T1
2023,13,13075,municipality,130755551074,13075074,matched,"Lassan, Stadt",amtsangehörige Gemeinde,1474,3871724.76,2626.68,329997.00,0.00,3541727.76,STATISTIKPORTAL_INTEGRATED_2023_T1
2023,13,13075,municipality,130755551087,13075087,matched,Lütow,amtsangehörige Gemeinde,438,939847.90,2145.77,22751.00,0.00,917096.90,STATISTIKPORTAL_INTEGRATED_2023_T1
2023,13,13075,municipality,130755551124,13075124,matched,Sauzin,amtsangehörige Gemeinde,417,962961.47,2309.26,48467.00,0.00,914494.47,STATISTIKPORTAL_INTEGRATED_2023_T1
2023,13,13075,municipality,130755551144,13075144,matched,"Wolgast, Stadt",amtsangehörige Gemeinde,12120,47331603.15,3905.25,6354055.00,577.98,40976970.17,STATISTIKPORTAL_INTEGRATED_2023_T1
2023,13,13075,municipality,130755551147,13075147,matched,Zemitz,amtsangehörige Gemeinde,710,1775717.23,2501.01,78938.00,0.00,1696779.23,STATISTIKPORTAL_INTEGRATED_2023_T1
2023,13,13075,joint_administration,130755552,,not_applicable,Amtsverwaltung Am Stettiner Haff,Amtsverwaltung,10407,0.00,0.00,0.00,0.00,0.00,STATISTIKPORTAL_INTEGRATED_2023_T1
2023,13,13075,municipality,130755552001,13075001,matched,Ahlbeck,amtsangehörige Gemeinde,596,1447713.89,2429.05,1048286.00,0.00,399427.89,STATISTIKPORTAL_INTEGRATED_2023_T1
2023,13,13075,municipality,130755552003,13075003,matched,"Altwarp, Fischerdorf",amtsangehörige Gemeinde,440,398596.40,905.90,0.00,0.00,398596.40,STATISTIKPORTAL_INTEGRATED_2023_T1
2023,13,13075,municipality,130755552031,13075031,matched,"Eggesin, Stadt",amtsangehörige Gemeinde,4750,24777491.25,5216.31,13045000.00,0.00,11732491.25,STATISTIKPORTAL_INTEGRATED_2023_T1
2023,13,13075,municipality,130755552037,13075037,matched,Grambin,amtsangehörige Gemeinde,428,615608.37,1438.34,217000.00,0.00,398608.37,STATISTIKPORTAL_INTEGRATED_2023_T1
2023,13,13075,municipality,130755552051,13075051,matched,Hintersee,amtsangehörige Gemeinde,332,430783.35,1297.54,30512.00,0.00,400271.35,STATISTIKPORTAL_INTEGRATED_2023_T1
2023,13,13075,municipality,130755552075,13075075,matched,Leopoldshagen,amtsangehörige Gemeinde,619,892677.42,1442.13,491462.00,0.00,401215.42,STATISTIKPORTAL_INTEGRATED_2023_T1
2023,13,13075,municipality,130755552078,13075078,matched,Liepgarten,amtsangehörige Gemeinde,800,679153.22,848.94,276158.00,0.00,402995.22,STATISTIKPORTAL_INTEGRATED_2023_T1
2023,13,13075,municipality,130755552084,13075084,matched,Lübs,amtsangehörige Gemeinde,345,658959.87,1910.03,214374.00,0.00,444585.87,STATISTIKPORTAL_INTEGRATED_2023_T1
2023,13,13075,municipality,130755552085,13075085,matched,Luckow,amtsangehörige Gemeinde,562,417884.72,743.57,15963.00,0.00,401921.72,STATISTIKPORTAL_INTEGRATED_2023_T1
2023,13,13075,municipality,130755552089,13075089,matched,Meiersberg,amtsangehörige Gemeinde,407,488886.89,1201.20,80703.00,0.00,408183.89,STATISTIKPORTAL_INTEGRATED_2023_T1
2023,13,13075,municipality,130755552093,13075093,matched,Mönkebude,amtsangehörige Gemeinde,752,455648.30,605.92,53614.00,0.00,402034.30,STATISTIKPORTAL_INTEGRATED_2023_T1
2023,13,13075,municipality,130755552139,13075139,matched,Vogelsang-Warsin,amtsangehörige Gemeinde,376,422921.35,1124.79,22650.00,0.00,400271.35,STATISTIKPORTAL_INTEGRATED_2023_T1
2023,13,13075,joint_administration,130755553,,not_applicable,Amtsverwaltung Anklam-Land,Amtsverwaltung,9400,9224914.00,981.37,9224914.00,0.00,0.00,STATISTIKPORTAL_INTEGRATED_2023_T1
2023,13,13075,municipality,130755553007,13075007,matched,Bargischow,amtsangehörige Gemeinde,284,288797.01,1016.89,31772.00,0.00,257025.01,STATISTIKPORTAL_INTEGRATED_2023_T1
2023,13,13075,municipality,130755553013,13075013,matched,Blesewitz,amtsangehörige Gemeinde,237,1052054.42,4439.05,790026.00,0.00,262028.42,STATISTIKPORTAL_INTEGRATED_2023_T1
2023,13,13075,municipality,130755553015,13075015,matched,Boldekow,amtsangehörige Gemeinde,633,1055809.66,1667.95,478639.00,0.00,577170.66,STATISTIKPORTAL_INTEGRATED_2023_T1
2023,13,13075,municipality,130755553020,13075020,matched,Bugewitz,amtsangehörige Gemeinde,232,548474.76,2364.12,284784.00,0.00,263690.76,STATISTIKPORTAL_INTEGRATED_2023_T1
2023,13,13075,municipality,130755553022,13075022,matched,Butzow,amtsangehörige Gemeinde,419,615170.42,1468.19,353142.00,0.00,262028.42,STATISTIKPORTAL_INTEGRATED_2023_T1
2023,13,13075,municipality,130755553029,13075029,matched,Ducherow,amtsangehörige Gemeinde,2347,3858120.75,1643.85,1616838.00,0.00,2241282.75,STATISTIKPORTAL_INTEGRATED_2023_T1
2023,13,13075,municipality,130755553053,13075053,matched,Iven,amtsangehörige Gemeinde,172,636501.93,3700.59,374269.00,0.00,262232.93,STATISTIKPORTAL_INTEGRATED_2023_T1
2023,13,13075,municipality,130755553068,13075068,matched,Krien,amtsangehörige Gemeinde,678,1405554.42,2073.09,1143526.00,0.00,262028.42,STATISTIKPORTAL_INTEGRATED_2023_T1
2023,13,13075,municipality,130755553073,13075073,matched,Krusenfelde,amtsangehörige Gemeinde,150,275796.42,1838.64,13768.00,0.00,262028.42,STATISTIKPORTAL_INTEGRATED_2023_T1
2023,13,13075,municipality,130755553088,13075088,matched,Medow,amtsangehörige Gemeinde,508,672195.42,1323.22,410167.00,0.00,262028.42,STATISTIKPORTAL_INTEGRATED_2023_T1
2023,13,13075,municipality,130755553098,13075098,matched,Neu Kosenow,amtsangehörige Gemeinde,476,262028.42,550.48,0.00,0.00,262028.42,STATISTIKPORTAL_INTEGRATED_2023_T1
2023,13,13075,municipality,130755553101,13075101,matched,Neuenkirchen,amtsangehörige Gemeinde,221,502507.39,2273.79,240467.00,0.00,262040.39,STATISTIKPORTAL_INTEGRATED_2023_T1
2023,13,13075,municipality,130755553110,13075110,matched,Postlow,amtsangehörige Gemeinde,295,334312.39,1133.26,72272.00,0.00,262040.39,STATISTIKPORTAL_INTEGRATED_2023_T1
2023,13,13075,municipality,130755553116,13075116,matched,Rossin,amtsangehörige Gemeinde,168,269747.39,1605.64,7707.00,0.00,262040.39,STATISTIKPORTAL_INTEGRATED_2023_T1
2023,13,13075,municipality,130755553122,13075122,matched,Sarnow,amtsangehörige Gemeinde,365,316954.19,868.37,42251.00,0.00,274703.19,STATISTIKPORTAL_INTEGRATED_2023_T1
2023,13,13075,municipality,130755553127,13075127,matched,Spantekow,amtsangehörige Gemeinde,1099,3282831.33,2987.11,2505981.00,0.00,776850.33,STATISTIKPORTAL_INTEGRATED_2023_T1
2023,13,13075,municipality,130755553128,13075128,matched,Stolpe an der Peene,amtsangehörige Gemeinde,275,1057836.39,3846.68,795796.00,0.00,262040.39,STATISTIKPORTAL_INTEGRATED_2023_T1
2023,13,13075,municipality,130755553155,13075155,matched,Neetzow-Liepen,amtsangehörige Gemeinde,841,1252336.95,1489.10,733079.00,0.00,519257.95,STATISTIKPORTAL_INTEGRATED_2023_T1
2023,13,13075,joint_administration,130755554,,not_applicable,Amtsverwaltung Jarmen-Tutow,Amtsverwaltung,6667,0.00,0.00,0.00,0.00,0.00,STATISTIKPORTAL_INTEGRATED_2023_T1
2023,13,13075,municipality,130755554002,13075002,matched,Alt Tellin,amtsangehörige Gemeinde,402,938344.29,2334.19,594133.00,0.00,344211.29,STATISTIKPORTAL_INTEGRATED_2023_T1
2023,13,13075,municipality,130755554009,13075009,matched,Bentzin,amtsangehörige Gemeinde,868,724099.64,834.22,44687.00,0.00,679412.64,STATISTIKPORTAL_INTEGRATED_2023_T1
2023,13,13075,municipality,130755554023,13075023,matched,Daberkow,amtsangehörige Gemeinde,327,516080.81,1578.23,239237.00,0.00,276843.81,STATISTIKPORTAL_INTEGRATED_2023_T1
2023,13,13075,municipality,130755554054,13075054,matched,"Jarmen, Stadt",amtsangehörige Gemeinde,2917,6260878.10,2146.34,2007880.00,0.00,4252998.10,STATISTIKPORTAL_INTEGRATED_2023_T1
2023,13,13075,municipality,130755554070,13075070,matched,Kruckow,amtsangehörige Gemeinde,634,735235.21,1159.68,189944.00,0.00,545291.21,STATISTIKPORTAL_INTEGRATED_2023_T1
2023,13,13075,municipality,130755554134,13075134,matched,Tutow,amtsangehörige Gemeinde,1003,1339320.00,1335.31,459838.00,0.00,879482.00,STATISTIKPORTAL_INTEGRATED_2023_T1
2023,13,13075,municipality,130755554140,13075140,matched,Völschow,amtsangehörige Gemeinde,516,602623.72,1167.88,191851.00,0.00,410772.72,STATISTIKPORTAL_INTEGRATED_2023_T1
2023,13,13075,joint_administration,130755555,,not_applicable,Amtsverwaltung Landhagen,Amtsverwaltung,10812,2678499.00,247.73,2678499.00,0.00,0.00,STATISTIKPORTAL_INTEGRATED_2023_T1
2023,13,13075,municipality,130755555008,13075008,matched,Behrenhoff,amtsangehörige Gemeinde,842,516152.88,613.01,131345.00,0.00,384807.88,STATISTIKPORTAL_INTEGRATED_2023_T1
2023,13,13075,municipality,130755555025,13075025,matched,Dargelin,amtsangehörige Gemeinde,357,1216895.54,3408.67,98230.00,0.00,1118665.54,STATISTIKPORTAL_INTEGRATED_2023_T1
2023,13,13075,municipality,130755555027,13075027,matched,Dersekow,amtsangehörige Gemeinde,1161,1133049.28,975.93,365246.00,0.00,767803.28,STATISTIKPORTAL_INTEGRATED_2023_T1
2023,13,13075,municipality,130755555050,13075050,matched,Hinrichshagen,amtsangehörige Gemeinde,961,383580.84,399.15,0.00,0.00,383580.84,STATISTIKPORTAL_INTEGRATED_2023_T1
2023,13,13075,municipality,130755555076,13075076,matched,Levenhagen,amtsangehörige Gemeinde,420,945134.73,2250.32,28035.00,0.00,917099.73,STATISTIKPORTAL_INTEGRATED_2023_T1
2023,13,13075,municipality,130755555091,13075091,matched,Mesekenhagen,amtsangehörige Gemeinde,1053,826236.69,784.65,59075.00,0.00,767161.69,STATISTIKPORTAL_INTEGRATED_2023_T1
2023,13,13075,municipality,130755555102,13075102,matched,Neuenkirchen,amtsangehörige Gemeinde,2418,1317942.67,545.05,166228.00,0.00,1151714.67,STATISTIKPORTAL_INTEGRATED_2023_T1
2023,13,13075,municipality,130755555141,13075141,matched,Wackerow,amtsangehörige Gemeinde,1554,876804.69,564.22,109643.00,0.00,767161.69,STATISTIKPORTAL_INTEGRATED_2023_T1
2023,13,13075,municipality,130755555142,13075142,matched,Weitenhagen,amtsangehörige Gemeinde,2046,1401291.54,684.89,250140.00,0.00,1151151.54,STATISTIKPORTAL_INTEGRATED_2023_T1
2023,13,13075,joint_administration,130755556,,not_applicable,Amtsverwaltung Löcknitz-Penkun,Amtsverwaltung,10580,0.00,0.00,0.00,0.00,0.00,STATISTIKPORTAL_INTEGRATED_2023_T1
2023,13,13075,municipality,130755556011,13075011,matched,Bergholz,amtsangehörige Gemeinde,315,831046.48,2638.24,111643.00,0.00,719403.48,STATISTIKPORTAL_INTEGRATED_2023_T1
2023,13,13075,municipality,130755556012,13075012,matched,Blankensee,amtsangehörige Gemeinde,558,706626.11,1266.36,126941.00,0.00,579685.11,STATISTIKPORTAL_INTEGRATED_2023_T1
2023,13,13075,municipality,130755556016,13075016,matched,Boock,amtsangehörige Gemeinde,583,573850.85,984.31,0.00,0.00,573850.85,STATISTIKPORTAL_INTEGRATED_2023_T1
2023,13,13075,municipality,130755556035,13075035,matched,Glasow,amtsangehörige Gemeinde,153,733374.26,4793.30,154520.00,0.00,578854.26,STATISTIKPORTAL_INTEGRATED_2023_T1
2023,13,13075,municipality,130755556038,13075038,matched,Grambow,amtsangehörige Gemeinde,859,1150093.95,1338.88,78948.00,0.00,1071145.95,STATISTIKPORTAL_INTEGRATED_2023_T1
2023,13,13075,municipality,130755556067,13075067,matched,Krackow,amtsangehörige Gemeinde,604,1120137.22,1854.53,330422.00,0.00,789715.22,STATISTIKPORTAL_INTEGRATED_2023_T1
2023,13,13075,municipality,130755556079,13075079,matched,Löcknitz,amtsangehörige Gemeinde,3342,4763955.33,1425.48,214355.00,0.00,4549600.33,STATISTIKPORTAL_INTEGRATED_2023_T1
2023,13,13075,municipality,130755556095,13075095,matched,Nadrensee,amtsangehörige Gemeinde,384,788983.69,2054.65,91925.00,0.00,697058.69,STATISTIKPORTAL_INTEGRATED_2023_T1
2023,13,13075,municipality,130755556107,13075107,matched,"Penkun, Stadt",amtsangehörige Gemeinde,1790,1981549.11,1107.01,351040.00,0.00,1630509.11,STATISTIKPORTAL_INTEGRATED_2023_T1
2023,13,13075,municipality,130755556108,13075108,matched,Plöwen,amtsangehörige Gemeinde,273,722953.84,2648.18,73813.00,0.00,649140.84,STATISTIKPORTAL_INTEGRATED_2023_T1
2023,13,13075,municipality,130755556113,13075113,matched,Ramin,amtsangehörige Gemeinde,700,977115.83,1395.88,46840.00,0.00,930275.83,STATISTIKPORTAL_INTEGRATED_2023_T1
2023,13,13075,municipality,130755556117,13075117,matched,Rossow,amtsangehörige Gemeinde,446,719403.48,1613.01,0.00,0.00,719403.48,STATISTIKPORTAL_INTEGRATED_2023_T1
2023,13,13075,municipality,130755556119,13075119,matched,Rothenklempenow,amtsangehörige Gemeinde,573,906499.07,1582.02,116809.00,0.00,789690.07,STATISTIKPORTAL_INTEGRATED_2023_T1
2023,13,13075,joint_administration,130755557,,not_applicable,Amtsverwaltung Lubmin,Amtsverwaltung,10559,1904059.00,180.33,1904059.00,0.00,0.00,STATISTIKPORTAL_INTEGRATED_2023_T1
2023,13,13075,municipality,130755557018,13075018,matched,Brünzow,amtsangehörige Gemeinde,674,383580.84,569.11,0.00,0.00,383580.84,STATISTIKPORTAL_INTEGRATED_2023_T1
2023,13,13075,municipality,130755557046,13075046,matched,Hanshagen,amtsangehörige Gemeinde,927,1031037.66,1112.23,0.00,0.00,1031037.66,STATISTIKPORTAL_INTEGRATED_2023_T1
2023,13,13075,municipality,130755557059,13075059,matched,Katzow,amtsangehörige Gemeinde,639,1005091.23,1572.91,52725.00,0.00,952366.23,STATISTIKPORTAL_INTEGRATED_2023_T1
2023,13,13075,municipality,130755557060,13075060,matched,Kemnitz,amtsangehörige Gemeinde,1159,1396533.12,1204.95,0.00,0.00,1396533.12,STATISTIKPORTAL_INTEGRATED_2023_T1
2023,13,13075,municipality,130755557069,13075069,matched,Kröslin,amtsangehörige Gemeinde,1728,1113192.51,644.21,318286.00,0.00,794906.51,STATISTIKPORTAL_INTEGRATED_2023_T1
2023,13,13075,municipality,130755557081,13075081,matched,Loissin,amtsangehörige Gemeinde,801,416065.84,519.43,32485.00,0.00,383580.84,STATISTIKPORTAL_INTEGRATED_2023_T1
2023,13,13075,municipality,130755557083,13075083,matched,"Lubmin, Seebad",amtsangehörige Gemeinde,2212,2574424.69,1163.84,0.00,0.00,2574424.69,STATISTIKPORTAL_INTEGRATED_2023_T1
2023,13,13075,municipality,130755557097,13075097,matched,Neu Boltenhagen,amtsangehörige Gemeinde,567,1100666.39,1941.21,0.00,0.00,1100666.39,STATISTIKPORTAL_INTEGRATED_2023_T1
2023,13,13075,municipality,130755557120,13075120,matched,Rubenow,amtsangehörige Gemeinde,757,511682.78,675.93,100553.00,0.00,411129.78,STATISTIKPORTAL_INTEGRATED_2023_T1
2023,13,13075,municipality,130755557146,13075146,matched,Wusterhusen,amtsangehörige Gemeinde,1095,767161.69,700.60,0.00,0.00,767161.69,STATISTIKPORTAL_INTEGRATED_2023_T1
2023,13,13075,joint_administration,130755558,,not_applicable,Amtsverwaltung Peenetal/Loitz,Amtsverwaltung,6061,0.00,0.00,0.00,0.00,0.00,STATISTIKPORTAL_INTEGRATED_2023_T1
2023,13,13075,municipality,130755558036,13075036,matched,Görmin,amtsangehörige Gemeinde,885,423883.80,478.96,33868.00,0.00,390015.80,STATISTIKPORTAL_INTEGRATED_2023_T1
2023,13,13075,municipality,130755558082,13075082,matched,"Loitz, Stadt",amtsangehörige Gemeinde,4321,4919926.30,1138.61,2918812.00,115.20,2000999.10,STATISTIKPORTAL_INTEGRATED_2023_T1
2023,13,13075,municipality,130755558123,13075123,matched,Sassen-Trantow,amtsangehörige Gemeinde,855,871293.12,1019.06,97480.00,0.00,773813.12,STATISTIKPORTAL_INTEGRATED_2023_T1
2023,13,13075,joint_administration,130755559,,not_applicable,Amtsverwaltung Torgelow-Ferdinandshof,Amtsverwaltung,14224,0.00,0.00,0.00,0.00,0.00,STATISTIKPORTAL_INTEGRATED_2023_T1
2023,13,13075,municipality,130755559004,13075004,matched,Altwigshagen,amtsangehörige Gemeinde,388,1416007.62,3649.50,692216.00,0.00,723791.62,STATISTIKPORTAL_INTEGRATED_2023_T1
2023,13,13075,municipality,130755559033,13075033,matched,Ferdinandshof,amtsangehörige Gemeinde,2715,7478981.21,2754.69,2818518.00,0.00,4660463.21,STATISTIKPORTAL_INTEGRATED_2023_T1
2023,13,13075,municipality,130755559045,13075045,matched,Hammer a. d. Uecker,amtsangehörige Gemeinde,463,413313.38,892.69,13054.00,0.00,400259.38,STATISTIKPORTAL_INTEGRATED_2023_T1
2023,13,13075,municipality,130755559048,13075048,matched,Heinrichswalde,amtsangehörige Gemeinde,372,433218.58,1164.57,0.00,0.00,433218.58,STATISTIKPORTAL_INTEGRATED_2023_T1
2023,13,13075,municipality,130755559118,13075118,matched,Rothemühl,amtsangehörige Gemeinde,294,417776.27,1421.01,0.00,0.00,417776.27,STATISTIKPORTAL_INTEGRATED_2023_T1
2023,13,13075,municipality,130755559131,13075131,matched,"Torgelow, Stadt",amtsangehörige Gemeinde,9264,42861141.89,4626.63,4868820.00,1271.16,37991050.73,STATISTIKPORTAL_INTEGRATED_2023_T1
2023,13,13075,municipality,130755559143,13075143,matched,Wilhelmsburg,amtsangehörige Gemeinde,728,1071848.89,1472.32,541948.00,0.00,529900.89,STATISTIKPORTAL_INTEGRATED_2023_T1
2023,13,13075,joint_administration,130755560,,not_applicable,Amtsverwaltung Uecker-Randow-Tal,Amtsverwaltung,6938,0.00,0.00,0.00,0.00,0.00,STATISTIKPORTAL_INTEGRATED_2023_T1
2023,13,13075,municipality,130755560017,13075017,matched,Brietzig,amtsangehörige Gemeinde,183,578854.26,3163.14,0.00,0.00,578854.26,STATISTIKPORTAL_INTEGRATED_2023_T1
2023,13,13075,municipality,130755560032,13075032,matched,Fahrenwalde,amtsangehörige Gemeinde,286,578854.26,2023.97,0.00,0.00,578854.26,STATISTIKPORTAL_INTEGRATED_2023_T1
2023,13,13075,municipality,130755560042,13075042,matched,Groß Luckow,amtsangehörige Gemeinde,194,491964.42,2535.90,0.00,0.00,491964.42,STATISTIKPORTAL_INTEGRATED_2023_T1
2023,13,13075,municipality,130755560055,13075055,matched,Jatznick,amtsangehörige Gemeinde,2206,2129174.16,965.17,0.00,0.00,2129174.16,STATISTIKPORTAL_INTEGRATED_2023_T1
2023,13,13075,municipality,130755560063,13075063,matched,Koblentz,amtsangehörige Gemeinde,218,584886.23,2682.96,6020.00,0.00,578866.23,STATISTIKPORTAL_INTEGRATED_2023_T1
2023,13,13075,municipality,130755560071,13075071,matched,Krugsdorf,amtsangehörige Gemeinde,477,578866.23,1213.56,0.00,0.00,578866.23,STATISTIKPORTAL_INTEGRATED_2023_T1
2023,13,13075,municipality,130755560103,13075103,matched,Nieden,amtsangehörige Gemeinde,158,579187.12,3665.74,0.00,0.00,579187.12,STATISTIKPORTAL_INTEGRATED_2023_T1
2023,13,13075,municipality,130755560104,13075104,matched,Papendorf,amtsangehörige Gemeinde,209,578866.23,2769.69,0.00,0.00,578866.23,STATISTIKPORTAL_INTEGRATED_2023_T1
2023,13,13075,municipality,130755560109,13075109,matched,Polzow,amtsangehörige Gemeinde,257,578866.23,2252.40,0.00,0.00,578866.23,STATISTIKPORTAL_INTEGRATED_2023_T1
2023,13,13075,municipality,130755560115,13075115,matched,Rollwitz,amtsangehörige Gemeinde,895,601687.23,672.28,22821.00,0.00,578866.23,STATISTIKPORTAL_INTEGRATED_2023_T1
2023,13,13075,municipality,130755560126,13075126,matched,Schönwalde,amtsangehörige Gemeinde,406,579697.08,1427.83,0.00,0.00,579697.08,STATISTIKPORTAL_INTEGRATED_2023_T1
2023,13,13075,municipality,130755560138,13075138,matched,Viereck,amtsangehörige Gemeinde,984,817032.51,830.32,25662.00,0.00,791370.51,STATISTIKPORTAL_INTEGRATED_2023_T1
2023,13,13075,municipality,130755560149,13075149,matched,Zerrenthin,amtsangehörige Gemeinde,465,610135.23,1312.12,31269.00,0.00,578866.23,STATISTIKPORTAL_INTEGRATED_2023_T1
2023,13,13075,joint_administration,130755561,,not_applicable,Amtsverwaltung Usedom-Nord,Amtsverwaltung,9547,0.00,0.00,0.00,0.00,0.00,STATISTIKPORTAL_INTEGRATED_2023_T1
2023,13,13075,municipality,130755561058,13075058,matched,"Karlshagen, Ostseebad",amtsangehörige Gemeinde,3213,3878370.59,1207.09,103957.00,0.00,3774413.59,STATISTIKPORTAL_INTEGRATED_2023_T1
2023,13,13075,municipality,130755561092,13075092,matched,Mölschow,amtsangehörige Gemeinde,830,936355.44,1128.14,16852.00,0.00,919503.44,STATISTIKPORTAL_INTEGRATED_2023_T1
2023,13,13075,municipality,130755561106,13075106,matched,Peenemünde,amtsangehörige Gemeinde,361,914876.90,2534.29,0.00,0.00,914876.90,STATISTIKPORTAL_INTEGRATED_2023_T1
2023,13,13075,municipality,130755561133,13075133,matched,"Trassenheide, Ostseebad",amtsangehörige Gemeinde,944,1421032.66,1505.33,0.00,0.00,1421032.66,STATISTIKPORTAL_INTEGRATED_2023_T1
2023,13,13075,municipality,130755561151,13075151,matched,"Zinnowitz, Ostseebad",amtsangehörige Gemeinde,4199,10242621.80,2439.30,3539.00,5059300.00,5179782.80,STATISTIKPORTAL_INTEGRATED_2023_T1
2023,13,13075,joint_administration,130755562,,not_applicable,Amtsverwaltung Usedom-Süd,Amtsverwaltung,11674,0.00,0.00,0.00,0.00,0.00,STATISTIKPORTAL_INTEGRATED_2023_T1
2023,13,13075,municipality,130755562010,13075010,matched,Benz,amtsangehörige Gemeinde,1132,1852239.24,1636.25,17663.00,0.00,1834576.24,STATISTIKPORTAL_INTEGRATED_2023_T1
2023,13,13075,municipality,130755562026,13075026,matched,Dargen,amtsangehörige Gemeinde,589,920128.40,1562.19,0.00,0.00,920128.40,STATISTIKPORTAL_INTEGRATED_2023_T1
2023,13,13075,municipality,130755562034,13075034,matched,Garz,amtsangehörige Gemeinde,278,914587.75,3289.88,0.00,0.00,914587.75,STATISTIKPORTAL_INTEGRATED_2023_T1
2023,13,13075,municipality,130755562056,13075056,matched,Kamminke,amtsangehörige Gemeinde,240,944010.90,3933.38,29134.00,0.00,914876.90,STATISTIKPORTAL_INTEGRATED_2023_T1
2023,13,13075,municipality,130755562065,13075065,matched,Korswandt,amtsangehörige Gemeinde,602,915940.26,1521.50,0.00,0.00,915940.26,STATISTIKPORTAL_INTEGRATED_2023_T1
2023,13,13075,municipality,130755562066,13075066,matched,"Koserow, Ostseebad",amtsangehörige Gemeinde,1703,4089872.84,2401.57,23617.00,0.00,4066255.84,STATISTIKPORTAL_INTEGRATED_2023_T1
2023,13,13075,municipality,130755562080,13075080,matched,"Loddin, Seebad",amtsangehörige Gemeinde,938,1191550.70,1270.31,184331.00,0.00,1007219.70,STATISTIKPORTAL_INTEGRATED_2023_T1
2023,13,13075,municipality,130755562090,13075090,matched,Mellenthin,amtsangehörige Gemeinde,459,936508.10,2040.32,18637.00,0.00,917871.10,STATISTIKPORTAL_INTEGRATED_2023_T1
2023,13,13075,municipality,130755562111,13075111,matched,Pudagla,amtsangehörige Gemeinde,490,2919385.62,5957.93,2002382.00,0.00,917003.62,STATISTIKPORTAL_INTEGRATED_2023_T1
2023,13,13075,municipality,130755562114,13075114,matched,Rankwitz,amtsangehörige Gemeinde,535,932424.20,1742.85,11960.00,0.00,920464.20,STATISTIKPORTAL_INTEGRATED_2023_T1
2023,13,13075,municipality,130755562129,13075129,matched,Stolpe auf Usedom,amtsangehörige Gemeinde,375,916901.02,2445.07,0.00,0.00,916901.02,STATISTIKPORTAL_INTEGRATED_2023_T1
2023,13,13075,municipality,130755562135,13075135,matched,"Ückeritz, Seebad",amtsangehörige Gemeinde,1022,1572466.07,1538.62,547447.00,0.00,1025019.07,STATISTIKPORTAL_INTEGRATED_2023_T1
2023,13,13075,municipality,130755562137,13075137,matched,"Usedom, Stadt",amtsangehörige Gemeinde,1709,3493640.44,2044.26,1658290.00,0.00,1835350.44,STATISTIKPORTAL_INTEGRATED_2023_T1
2023,13,13075,municipality,130755562148,13075148,matched,"Zempin, Seebad",amtsangehörige Gemeinde,967,1126351.94,1164.79,76578.00,0.00,1049773.94,STATISTIKPORTAL_INTEGRATED_2023_T1
2023,13,13075,municipality,130755562152,13075152,matched,Zirchow,amtsangehörige Gemeinde,635,1002550.33,1578.82,85071.00,0.00,917479.33,STATISTIKPORTAL_INTEGRATED_2023_T1
2023,13,13075,joint_administration,130755563,,not_applicable,Amtsverwaltung Züssow,Amtsverwaltung,11524,153927.00,13.36,153927.00,0.00,0.00,STATISTIKPORTAL_INTEGRATED_2023_T1
2023,13,13075,municipality,130755563006,13075006,matched,Bandelin,amtsangehörige Gemeinde,526,1845320.37,3508.21,1460717.00,0.00,384603.37,STATISTIKPORTAL_INTEGRATED_2023_T1
2023,13,13075,municipality,130755563040,13075040,matched,Gribow,amtsangehörige Gemeinde,140,1165393.16,8324.24,169622.00,0.00,995771.16,STATISTIKPORTAL_INTEGRATED_2023_T1
2023,13,13075,municipality,130755563041,13075041,matched,Groß Kiesow,amtsangehörige Gemeinde,1286,1831039.23,1423.83,136797.00,0.00,1694242.23,STATISTIKPORTAL_INTEGRATED_2023_T1
2023,13,13075,municipality,130755563043,13075043,matched,Groß Polzin,amtsangehörige Gemeinde,395,731727.73,1852.48,470906.00,0.00,260821.73,STATISTIKPORTAL_INTEGRATED_2023_T1
2023,13,13075,municipality,130755563044,13075044,matched,"Gützkow, Stadt",amtsangehörige Gemeinde,2968,4825140.13,1625.72,2928021.00,0.00,1897119.13,STATISTIKPORTAL_INTEGRATED_2023_T1
2023,13,13075,municipality,130755563061,13075061,matched,Klein Bünzow,amtsangehörige Gemeinde,670,818430.73,1221.54,557609.00,0.00,260821.73,STATISTIKPORTAL_INTEGRATED_2023_T1
2023,13,13075,municipality,130755563094,13075094,matched,Murchin,amtsangehörige Gemeinde,779,529112.77,679.22,267806.00,0.00,261306.77,STATISTIKPORTAL_INTEGRATED_2023_T1
2023,13,13075,municipality,130755563121,13075121,matched,Rubkow,amtsangehörige Gemeinde,625,631443.02,1010.31,370031.00,0.00,261412.02,STATISTIKPORTAL_INTEGRATED_2023_T1
2023,13,13075,municipality,130755563125,13075125,matched,Schmatzin,amtsangehörige Gemeinde,289,397692.70,1376.10,136859.00,0.00,260833.70,STATISTIKPORTAL_INTEGRATED_2023_T1
2023,13,13075,municipality,130755563145,13075145,matched,Wrangelsburg,amtsangehörige Gemeinde,245,542213.61,2213.12,80664.00,0.00,461549.61,STATISTIKPORTAL_INTEGRATED_2023_T1
2023,13,13075,municipality,130755563150,13075150,matched,Ziethen,amtsangehörige Gemeinde,442,1014900.70,2296.16,754067.00,0.00,260833.70,STATISTIKPORTAL_INTEGRATED_2023_T1
2023,13,13075,municipality,130755563154,13075154,matched,Züssow,amtsangehörige Gemeinde,1307,2754285.69,2107.33,126265.00,0.00,2628020.69,STATISTIKPORTAL_INTEGRATED_2023_T1
2023,13,13075,municipality,130755563156,13075156,matched,Karlsburg,amtsangehörige Gemeinde,1852,5223876.50,2820.67,550723.00,0.00,4673153.50,STATISTIKPORTAL_INTEGRATED_2023_T1
2023,13,13076,county_administration,13076,,not_applicable,Landratsamt Ludwigslust-Parchim,Landratsamt,214073,161542334.17,754.61,125099955.00,15596238.50,20846140.67,STATISTIKPORTAL_INTEGRATED_2023_T1
2023,13,13076,municipality,130760014014,13076014,matched,"Boizenburg/Elbe, Stadt",amtsfreie Gemeinde,10833,22289924.41,2057.59,12189836.00,70000.00,10030088.41,STATISTIKPORTAL_INTEGRATED_2023_T1
2023,13,13076,municipality,130760060060,13076060,matched,"Hagenow, Stadt",amtsfreie Gemeinde,12426,25679898.31,2066.63,3768281.00,0.00,21911617.31,STATISTIKPORTAL_INTEGRATED_2023_T1
2023,13,13076,municipality,130760088088,13076088,matched,"Lübtheen, Stadt",amtsfreie Gemeinde,4711,14749213.62,3130.80,7410471.00,316960.35,7021782.27,STATISTIKPORTAL_INTEGRATED_2023_T1
2023,13,13076,municipality,130760090090,13076090,matched,"Ludwigslust, Stadt",amtsfreie Gemeinde,12329,32218673.07,2613.24,2588873.00,210362.50,29419437.57,STATISTIKPORTAL_INTEGRATED_2023_T1
2023,13,13076,municipality,130760108108,13076108,matched,"Parchim, Stadt",amtsfreie Gemeinde,18265,63813457.60,3493.76,12947334.00,316321.31,50549802.29,STATISTIKPORTAL_INTEGRATED_2023_T1
2023,13,13076,joint_administration,130765652,,not_applicable,Amtsverwaltung Boizenburg-Land,Amtsverwaltung,7501,0.00,0.00,0.00,0.00,0.00,STATISTIKPORTAL_INTEGRATED_2023_T1
2023,13,13076,municipality,130765652009,13076009,matched,Bengerstorf,amtsangehörige Gemeinde,544,1829707.21,3363.43,48985.00,316321.31,1464400.90,STATISTIKPORTAL_INTEGRATED_2023_T1
2023,13,13076,municipality,130765652010,13076010,matched,Besitz,amtsangehörige Gemeinde,457,0.00,0.00,0.00,0.00,0.00,STATISTIKPORTAL_INTEGRATED_2023_T1
2023,13,13076,municipality,130765652016,13076016,matched,Brahlstorf,amtsangehörige Gemeinde,704,1780722.21,2529.43,0.00,316321.31,1464400.90,STATISTIKPORTAL_INTEGRATED_2023_T1
2023,13,13076,municipality,130765652030,13076030,matched,Dersenow,amtsangehörige Gemeinde,491,84694.00,172.49,84694.00,0.00,0.00,STATISTIKPORTAL_INTEGRATED_2023_T1
2023,13,13076,municipality,130765652054,13076054,matched,Gresse,amtsangehörige Gemeinde,721,2250514.21,3121.38,443319.00,342794.31,1464400.90,STATISTIKPORTAL_INTEGRATED_2023_T1
2023,13,13076,municipality,130765652055,13076055,matched,Greven,amtsangehörige Gemeinde,727,26473.00,36.41,0.00,26473.00,0.00,STATISTIKPORTAL_INTEGRATED_2023_T1
2023,13,13076,municipality,130765652102,13076102,matched,Neu Gülze,amtsangehörige Gemeinde,822,2322318.21,2825.20,537092.00,316321.31,1468904.90,STATISTIKPORTAL_INTEGRATED_2023_T1
2023,13,13076,municipality,130765652106,13076106,matched,Nostorf,amtsangehörige Gemeinde,1008,1780722.21,1766.59,0.00,316321.31,1464400.90,STATISTIKPORTAL_INTEGRATED_2023_T1
2023,13,13076,municipality,130765652122,13076122,matched,Schwanheide,amtsangehörige Gemeinde,730,1807195.21,2475.61,0.00,342794.31,1464400.90,STATISTIKPORTAL_INTEGRATED_2023_T1
2023,13,13076,municipality,130765652136,13076136,matched,Teldau,amtsangehörige Gemeinde,896,0.00,0.00,0.00,0.00,0.00,STATISTIKPORTAL_INTEGRATED_2023_T1
2023,13,13076,municipality,130765652138,13076138,matched,Tessin b. Boizenburg,amtsangehörige Gemeinde,401,1782284.21,4444.60,1562.00,316321.31,1464400.90,STATISTIKPORTAL_INTEGRATED_2023_T1
2023,13,13076,joint_administration,130765654,,not_applicable,Amtsverwaltung Dömitz-Malliß,Amtsverwaltung,8379,514868.00,61.45,514868.00,0.00,0.00,STATISTIKPORTAL_INTEGRATED_2023_T1
2023,13,13076,municipality,130765654034,13076034,matched,"Dömitz, Stadt",amtsangehörige Gemeinde,2969,6140072.16,2068.06,2286443.00,316321.31,3537307.85,STATISTIKPORTAL_INTEGRATED_2023_T1
2023,13,13076,municipality,130765654053,13076053,matched,Grebs-Niendorf,amtsangehörige Gemeinde,547,3117072.59,5698.49,645690.00,316321.31,2155061.28,STATISTIKPORTAL_INTEGRATED_2023_T1
2023,13,13076,municipality,130765654067,13076067,matched,Karenz,amtsangehörige Gemeinde,233,2326521.85,9985.07,200238.00,316321.31,1809962.54,STATISTIKPORTAL_INTEGRATED_2023_T1
2023,13,13076,municipality,130765654093,13076093,matched,Malk Göhren,amtsangehörige Gemeinde,405,2687897.85,6636.78,561614.00,316321.31,1809962.54,STATISTIKPORTAL_INTEGRATED_2023_T1
2023,13,13076,municipality,130765654094,13076094,matched,Malliß,amtsangehörige Gemeinde,1066,4504716.68,4225.81,1687541.00,316321.31,2500854.37,STATISTIKPORTAL_INTEGRATED_2023_T1
2023,13,13076,municipality,130765654103,13076103,matched,Neu Kaliß,amtsangehörige Gemeinde,1904,4994908.87,2623.38,1832403.00,316321.31,2846184.56,STATISTIKPORTAL_INTEGRATED_2023_T1
2023,13,13076,municipality,130765654143,13076143,matched,Vielank,amtsangehörige Gemeinde,1255,3889452.68,3099.17,1072277.00,316321.31,2500854.37,STATISTIKPORTAL_INTEGRATED_2023_T1
2023,13,13076,joint_administration,130765655,,not_applicable,Amtsverwaltung Eldenburg Lübz,Amtsverwaltung,12118,1200000.00,99.03,1200000.00,0.00,0.00,STATISTIKPORTAL_INTEGRATED_2023_T1
2023,13,13076,municipality,130765655040,13076040,matched,Gallin-Kuppentin,amtsangehörige Gemeinde,443,2200353.46,4966.94,0.00,316321.31,1884032.15,STATISTIKPORTAL_INTEGRATED_2023_T1
2023,13,13076,municipality,130765655051,13076051,matched,Granzin,amtsangehörige Gemeinde,367,2262786.74,6165.63,55124.00,316321.31,1891341.43,STATISTIKPORTAL_INTEGRATED_2023_T1
2023,13,13076,municipality,130765655075,13076075,matched,Kreien,amtsangehörige Gemeinde,346,2200353.46,6359.40,0.00,316321.31,1884032.15,STATISTIKPORTAL_INTEGRATED_2023_T1
2023,13,13076,municipality,130765655077,13076077,matched,Kritzow,amtsangehörige Gemeinde,471,2209913.46,4691.96,9560.00,316321.31,1884032.15,STATISTIKPORTAL_INTEGRATED_2023_T1
2023,13,13076,municipality,130765655089,13076089,matched,"Lübz, Stadt",amtsangehörige Gemeinde,6206,10617755.34,1710.89,1690100.00,316321.31,8611334.03,STATISTIKPORTAL_INTEGRATED_2023_T1
2023,13,13076,municipality,130765655109,13076109,matched,Passow,amtsangehörige Gemeinde,686,441047.25,642.93,21416.00,0.00,419631.25,STATISTIKPORTAL_INTEGRATED_2023_T1
2023,13,13076,municipality,130765655125,13076125,matched,Siggelkow,amtsangehörige Gemeinde,841,2213230.80,2631.67,0.00,316321.31,1896909.49,STATISTIKPORTAL_INTEGRATED_2023_T1
2023,13,13076,municipality,130765655151,13076151,matched,Werder,amtsangehörige Gemeinde,337,2202094.68,6534.41,0.00,316321.31,1885773.37,STATISTIKPORTAL_INTEGRATED_2023_T1
2023,13,13076,municipality,130765655165,13076165,matched,Gehlsbach,amtsangehörige Gemeinde,562,2289047.46,4073.04,88694.00,316321.31,1884032.15,STATISTIKPORTAL_INTEGRATED_2023_T1
2023,13,13076,municipality,130765655168,13076168,matched,Ruhner Berge,amtsangehörige Gemeinde,1859,2722387.10,1464.44,69506.00,316321.31,2336559.79,STATISTIKPORTAL_INTEGRATED_2023_T1
2023,13,13076,joint_administration,130765656,,not_applicable,Amtsverwaltung Goldberg-Mildenitz,Amtsverwaltung,6373,0.00,0.00,0.00,0.00,0.00,STATISTIKPORTAL_INTEGRATED_2023_T1
2023,13,13076,municipality,130765656032,13076032,matched,Dobbertin,amtsangehörige Gemeinde,1067,6036266.65,5657.23,3159227.00,316321.31,2560718.34,STATISTIKPORTAL_INTEGRATED_2023_T1
2023,13,13076,municipality,130765656048,13076048,matched,"Goldberg, Stadt",amtsangehörige Gemeinde,3366,13669557.41,4061.07,4631021.00,316321.31,8722215.10,STATISTIKPORTAL_INTEGRATED_2023_T1
2023,13,13076,municipality,130765656096,13076096,matched,Mestlin,amtsangehörige Gemeinde,780,1131380.23,1450.49,280738.00,0.00,850642.23,STATISTIKPORTAL_INTEGRATED_2023_T1
2023,13,13076,municipality,130765656104,13076104,matched,Neu Poserin,amtsangehörige Gemeinde,483,2804366.93,5806.14,431130.00,316321.31,2056915.62,STATISTIKPORTAL_INTEGRATED_2023_T1
2023,13,13076,municipality,130765656135,13076135,matched,Techentin,amtsangehörige Gemeinde,677,2316020.64,3421.01,87751.00,316321.31,1911948.33,STATISTIKPORTAL_INTEGRATED_2023_T1
2023,13,13076,joint_administration,130765657,,not_applicable,Amtsverwaltung Grabow,Amtsverwaltung,10811,0.00,0.00,0.00,0.00,0.00,STATISTIKPORTAL_INTEGRATED_2023_T1
2023,13,13076,municipality,130765657003,13076003,matched,Balow,amtsangehörige Gemeinde,305,2809911.10,9212.82,679102.00,316321.31,1814487.79,STATISTIKPORTAL_INTEGRATED_2023_T1
2023,13,13076,municipality,130765657021,13076021,matched,Brunow,amtsangehörige Gemeinde,305,376136.19,1233.23,0.00,0.00,376136.19,STATISTIKPORTAL_INTEGRATED_2023_T1
2023,13,13076,municipality,130765657027,13076027,matched,Dambeck,amtsangehörige Gemeinde,284,2384383.92,8395.72,251836.00,316321.31,1816226.61,STATISTIKPORTAL_INTEGRATED_2023_T1
2023,13,13076,municipality,130765657037,13076037,matched,Eldena,amtsangehörige Gemeinde,1138,3184993.68,2798.76,367818.00,316321.31,2500854.37,STATISTIKPORTAL_INTEGRATED_2023_T1
2023,13,13076,municipality,130765657049,13076049,matched,Gorlosen,amtsangehörige Gemeinde,457,2186205.85,4783.82,59922.00,316321.31,1809962.54,STATISTIKPORTAL_INTEGRATED_2023_T1
2023,13,13076,municipality,130765657050,13076050,matched,"Grabow, Stadt",amtsangehörige Gemeinde,5590,20740937.84,3710.36,7473365.00,317688.46,12949884.38,STATISTIKPORTAL_INTEGRATED_2023_T1
2023,13,13076,municipality,130765657069,13076069,matched,Karstädt,amtsangehörige Gemeinde,584,2791732.59,4780.36,320350.00,316321.31,2155061.28,STATISTIKPORTAL_INTEGRATED_2023_T1
2023,13,13076,municipality,130765657076,13076076,matched,Kremmin,amtsangehörige Gemeinde,243,2234943.85,9197.30,108660.00,316321.31,1809962.54,STATISTIKPORTAL_INTEGRATED_2023_T1
2023,13,13076,municipality,130765657097,13076097,matched,Milow,amtsangehörige Gemeinde,370,2254248.85,6092.56,127965.00,316321.31,1809962.54,STATISTIKPORTAL_INTEGRATED_2023_T1
2023,13,13076,municipality,130765657098,13076098,matched,Möllenbeck,amtsangehörige Gemeinde,184,2293543.92,12464.91,160300.00,316321.31,1816922.61,STATISTIKPORTAL_INTEGRATED_2023_T1
2023,13,13076,municipality,130765657100,13076100,matched,Muchow,amtsangehörige Gemeinde,275,2191149.89,7967.82,61386.00,316321.31,1813442.58,STATISTIKPORTAL_INTEGRATED_2023_T1
2023,13,13076,municipality,130765657115,13076115,matched,Prislich,amtsangehörige Gemeinde,698,3303718.13,4733.12,453688.00,316321.31,2533708.82,STATISTIKPORTAL_INTEGRATED_2023_T1
2023,13,13076,municipality,130765657161,13076161,matched,Zierzow,amtsangehörige Gemeinde,378,2528008.59,6687.85,399083.00,316321.31,1812604.28,STATISTIKPORTAL_INTEGRATED_2023_T1
2023,13,13076,joint_administration,130765658,,not_applicable,Amtsverwaltung Hagenow-Land,Amtsverwaltung,8607,0.00,0.00,0.00,0.00,0.00,STATISTIKPORTAL_INTEGRATED_2023_T1
2023,13,13076,municipality,130765658002,13076002,matched,Alt Zachun,amtsangehörige Gemeinde,357,2858155.30,8006.04,944919.00,316321.31,1596914.99,STATISTIKPORTAL_INTEGRATED_2023_T1
2023,13,13076,municipality,130765658004,13076004,matched,Bandenitz,amtsangehörige Gemeinde,525,3136878.34,5975.01,1228248.00,316321.31,1592309.03,STATISTIKPORTAL_INTEGRATED_2023_T1
2023,13,13076,municipality,130765658008,13076008,matched,Belsch,amtsangehörige Gemeinde,223,1889425.40,8472.76,0.00,316321.31,1573104.09,STATISTIKPORTAL_INTEGRATED_2023_T1
2023,13,13076,municipality,130765658013,13076013,matched,Bobzin,amtsangehörige Gemeinde,257,1896784.16,7380.48,0.00,316321.31,1580462.85,STATISTIKPORTAL_INTEGRATED_2023_T1
2023,13,13076,municipality,130765658019,13076019,matched,Bresegard bei Picher,amtsangehörige Gemeinde,281,1941278.74,6908.47,0.00,316321.31,1624957.43,STATISTIKPORTAL_INTEGRATED_2023_T1
2023,13,13076,municipality,130765658041,13076041,matched,Gammelin,amtsangehörige Gemeinde,478,1889425.40,3952.77,0.00,316321.31,1573104.09,STATISTIKPORTAL_INTEGRATED_2023_T1
2023,13,13076,municipality,130765658057,13076057,matched,Groß Krams,amtsangehörige Gemeinde,179,1897107.38,10598.37,0.00,316321.31,1580786.07,STATISTIKPORTAL_INTEGRATED_2023_T1
2023,13,13076,municipality,130765658064,13076064,matched,Hoort,amtsangehörige Gemeinde,601,4065431.68,6764.45,2043661.00,316321.31,1705449.37,STATISTIKPORTAL_INTEGRATED_2023_T1
2023,13,13076,municipality,130765658065,13076065,matched,Hülseburg,amtsangehörige Gemeinde,160,1889425.40,11808.91,0.00,316321.31,1573104.09,STATISTIKPORTAL_INTEGRATED_2023_T1
2023,13,13076,municipality,130765658070,13076070,matched,Kirch Jesar,amtsangehörige Gemeinde,647,2101723.94,3248.41,62500.00,316321.31,1722902.63,STATISTIKPORTAL_INTEGRATED_2023_T1
2023,13,13076,municipality,130765658079,13076079,matched,Kuhstorf,amtsangehörige Gemeinde,724,859183.94,1186.72,499661.00,0.00,359522.94,STATISTIKPORTAL_INTEGRATED_2023_T1
2023,13,13076,municipality,130765658099,13076099,matched,Moraas,amtsangehörige Gemeinde,474,2031541.96,4285.95,0.00,316321.31,1715220.65,STATISTIKPORTAL_INTEGRATED_2023_T1
2023,13,13076,municipality,130765658110,13076110,matched,Pätow-Steegen,amtsangehörige Gemeinde,407,1889425.40,4642.32,0.00,316321.31,1573104.09,STATISTIKPORTAL_INTEGRATED_2023_T1
2023,13,13076,municipality,130765658111,13076111,matched,Picher,amtsangehörige Gemeinde,615,2204746.03,3584.95,39925.00,316321.31,1848499.72,STATISTIKPORTAL_INTEGRATED_2023_T1
2023,13,13076,municipality,130765658116,13076116,matched,Pritzier,amtsangehörige Gemeinde,457,1971571.40,4314.16,82146.00,316321.31,1573104.09,STATISTIKPORTAL_INTEGRATED_2023_T1
2023,13,13076,municipality,130765658119,13076119,matched,Redefin,amtsangehörige Gemeinde,552,2273524.22,4118.70,0.00,316321.31,1957202.91,STATISTIKPORTAL_INTEGRATED_2023_T1
2023,13,13076,municipality,130765658131,13076131,matched,Strohkirchen,amtsangehörige Gemeinde,302,1973927.14,6536.18,0.00,316321.31,1657605.83,STATISTIKPORTAL_INTEGRATED_2023_T1
2023,13,13076,municipality,130765658145,13076145,matched,Warlitz,amtsangehörige Gemeinde,455,1889425.40,4152.58,0.00,316321.31,1573104.09,STATISTIKPORTAL_INTEGRATED_2023_T1
2023,13,13076,municipality,130765658169,13076169,matched,Toddin,amtsangehörige Gemeinde,913,2301566.66,2520.88,0.00,316321.31,1985245.35,STATISTIKPORTAL_INTEGRATED_2023_T1
2023,13,13076,joint_administration,130765659,,not_applicable,Amtsverwaltung Ludwigslust-Land,Amtsverwaltung,8544,0.00,0.00,0.00,0.00,0.00,STATISTIKPORTAL_INTEGRATED_2023_T1
2023,13,13076,municipality,130765659001,13076001,matched,Alt Krenzlin,amtsangehörige Gemeinde,752,3482856.59,4631.46,1011474.00,316321.31,2155061.28,STATISTIKPORTAL_INTEGRATED_2023_T1
2023,13,13076,municipality,130765659018,13076018,matched,Bresegard bei Eldena,amtsangehörige Gemeinde,194,2149412.85,11079.45,23129.00,316321.31,1809962.54,STATISTIKPORTAL_INTEGRATED_2023_T1
2023,13,13076,municipality,130765659046,13076046,matched,Göhlen,amtsangehörige Gemeinde,573,3000826.59,5237.04,529444.00,316321.31,2155061.28,STATISTIKPORTAL_INTEGRATED_2023_T1
2023,13,13076,municipality,130765659058,13076058,matched,Groß Laasch,amtsangehörige Gemeinde,949,2178778.21,2295.87,398056.00,316321.31,1464400.90,STATISTIKPORTAL_INTEGRATED_2023_T1
2023,13,13076,municipality,130765659086,13076086,matched,Lübesse,amtsangehörige Gemeinde,693,5798659.18,8367.47,1073700.00,316321.31,4408637.87,STATISTIKPORTAL_INTEGRATED_2023_T1
2023,13,13076,municipality,130765659087,13076087,matched,Lüblow,amtsangehörige Gemeinde,570,3553576.59,6234.34,804212.00,316321.31,2433043.28,STATISTIKPORTAL_INTEGRATED_2023_T1
2023,13,13076,municipality,130765659118,13076118,matched,Rastow,amtsangehörige Gemeinde,2014,9547386.50,4740.51,7000277.00,316321.31,2230788.19,STATISTIKPORTAL_INTEGRATED_2023_T1
2023,13,13076,municipality,130765659134,13076134,matched,Sülstorf,amtsangehörige Gemeinde,841,2970381.18,3531.96,936903.00,316321.31,1717156.87,STATISTIKPORTAL_INTEGRATED_2023_T1
2023,13,13076,municipality,130765659141,13076141,matched,Uelitz,amtsangehörige Gemeinde,493,2461912.90,4993.74,513121.00,316321.31,1632470.59,STATISTIKPORTAL_INTEGRATED_2023_T1
2023,13,13076,municipality,130765659146,13076146,matched,Warlow,amtsangehörige Gemeinde,493,3042818.59,6172.05,571436.00,316321.31,2155061.28,STATISTIKPORTAL_INTEGRATED_2023_T1
2023,13,13076,municipality,130765659156,13076156,matched,Wöbbelin,amtsangehörige Gemeinde,972,1493705.38,1536.73,525063.00,0.00,968642.38,STATISTIKPORTAL_INTEGRATED_2023_T1
2023,13,13076,joint_administration,130765660,,not_applicable,Amtsverwaltung Neustadt-Glewe,Amtsverwaltung,7920,0.00,0.00,0.00,0.00,0.00,STATISTIKPORTAL_INTEGRATED_2023_T1
2023,13,13076,municipality,130765660012,13076012,matched,Blievenstorf,amtsangehörige Gemeinde,437,687435.85,1573.08,341525.00,0.00,345910.85,STATISTIKPORTAL_INTEGRATED_2023_T1
2023,13,13076,municipality,130765660017,13076017,matched,Brenz,amtsangehörige Gemeinde,477,1140234.64,2390.43,794673.00,0.00,345561.64,STATISTIKPORTAL_INTEGRATED_2023_T1
2023,13,13076,municipality,130765660105,13076105,matched,"Neustadt-Glewe, Stadt",amtsangehörige Gemeinde,7006,21005878.63,2998.27,10078902.00,526683.81,10400292.82,STATISTIKPORTAL_INTEGRATED_2023_T1
2023,13,13076,joint_administration,130765662,,not_applicable,Amtsverwaltung Parchimer Umland,Amtsverwaltung,8203,3499640.00,426.63,3499640.00,0.00,0.00,STATISTIKPORTAL_INTEGRATED_2023_T1
2023,13,13076,municipality,130765662035,13076035,matched,Domsühl,amtsangehörige Gemeinde,1360,2629506.59,1933.46,7245.00,316321.31,2305940.28,STATISTIKPORTAL_INTEGRATED_2023_T1
2023,13,13076,municipality,130765662056,13076056,matched,Groß Godems,amtsangehörige Gemeinde,397,2345583.52,5908.27,139662.00,316321.31,1889600.21,STATISTIKPORTAL_INTEGRATED_2023_T1
2023,13,13076,municipality,130765662068,13076068,matched,Karrenzin,amtsangehörige Gemeinde,537,2506958.56,4668.45,297557.00,316321.31,1893080.25,STATISTIKPORTAL_INTEGRATED_2023_T1
2023,13,13076,municipality,130765662085,13076085,matched,Lewitzrand,amtsangehörige Gemeinde,1368,2822011.57,2062.87,201838.00,316321.31,2303852.26,STATISTIKPORTAL_INTEGRATED_2023_T1
2023,13,13076,municipality,130765662120,13076120,matched,Rom,amtsangehörige Gemeinde,797,2420339.59,3036.81,208154.00,316321.31,1895864.28,STATISTIKPORTAL_INTEGRATED_2023_T1
2023,13,13076,municipality,130765662126,13076126,matched,Spornitz,amtsangehörige Gemeinde,1226,3432343.78,2799.63,811821.00,316321.31,2304201.47,STATISTIKPORTAL_INTEGRATED_2023_T1
2023,13,13076,municipality,130765662129,13076129,matched,Stolpe,amtsangehörige Gemeinde,327,590569.27,1806.02,168850.00,0.00,421719.27,STATISTIKPORTAL_INTEGRATED_2023_T1
2023,13,13076,municipality,130765662160,13076160,matched,Ziegendorf,amtsangehörige Gemeinde,640,2645860.71,4134.16,63803.00,316321.31,2265736.40,STATISTIKPORTAL_INTEGRATED_2023_T1
2023,13,13076,municipality,130765662162,13076162,matched,Zölkow,amtsangehörige Gemeinde,754,2390818.60,3170.85,177241.00,316321.31,1897256.29,STATISTIKPORTAL_INTEGRATED_2023_T1
2023,13,13076,municipality,130765662164,13076164,matched,Obere Warnow,amtsangehörige Gemeinde,797,2308468.82,2896.45,93150.00,316321.31,1898997.51,STATISTIKPORTAL_INTEGRATED_2023_T1
2023,13,13076,joint_administration,130765663,,not_applicable,Amtsverwaltung Plau am See,Amtsverwaltung,8201,0.00,0.00,0.00,0.00,0.00,STATISTIKPORTAL_INTEGRATED_2023_T1
2023,13,13076,municipality,130765663006,13076006,matched,Barkhagen,amtsangehörige Gemeinde,604,2200353.46,3642.97,0.00,316321.31,1884032.15,STATISTIKPORTAL_INTEGRATED_2023_T1
2023,13,13076,municipality,130765663114,13076114,matched,"Plau am See, Stadt",amtsangehörige Gemeinde,6197,8977843.30,1448.74,1409666.00,316960.35,7251216.95,STATISTIKPORTAL_INTEGRATED_2023_T1
2023,13,13076,municipality,130765663166,13076166,matched,Ganzlin,amtsangehörige Gemeinde,1400,2626547.55,1876.11,0.00,316321.31,2310226.24,STATISTIKPORTAL_INTEGRATED_2023_T1
2023,13,13076,joint_administration,130765664,,not_applicable,Amtsverwaltung Sternberger Seenlandschaft,Amtsverwaltung,12097,21792.00,1.80,21792.00,0.00,0.00,STATISTIKPORTAL_INTEGRATED_2023_T1
2023,13,13076,municipality,130765664011,13076011,matched,Blankenberg,amtsangehörige Gemeinde,372,1950442.24,5243.12,0.00,316321.31,1634120.93,STATISTIKPORTAL_INTEGRATED_2023_T1
2023,13,13076,municipality,130765664015,13076015,matched,Borkow,amtsangehörige Gemeinde,431,2318886.18,5380.25,33096.00,393708.67,1892081.51,STATISTIKPORTAL_INTEGRATED_2023_T1
2023,13,13076,municipality,130765664020,13076020,matched,"Brüel, Stadt",amtsangehörige Gemeinde,2645,7371313.35,2786.89,2612601.00,1332715.10,3425997.25,STATISTIKPORTAL_INTEGRATED_2023_T1
2023,13,13076,municipality,130765664026,13076026,matched,Dabel,amtsangehörige Gemeinde,1361,2454943.87,1803.78,367949.00,432402.35,1654592.52,STATISTIKPORTAL_INTEGRATED_2023_T1
2023,13,13076,municipality,130765664062,13076062,matched,Hohen Pritz,amtsangehörige Gemeinde,373,1914170.45,5131.82,0.00,393708.67,1520461.78,STATISTIKPORTAL_INTEGRATED_2023_T1
2023,13,13076,municipality,130765664072,13076072,matched,Kobrow,amtsangehörige Gemeinde,401,1860197.59,4638.90,0.00,393708.67,1466488.92,STATISTIKPORTAL_INTEGRATED_2023_T1
2023,13,13076,municipality,130765664078,13076078,matched,Kuhlen-Wendorf,amtsangehörige Gemeinde,806,2839692.16,3523.19,0.00,316321.31,2523370.85,STATISTIKPORTAL_INTEGRATED_2023_T1
2023,13,13076,municipality,130765664101,13076101,matched,Mustin,amtsangehörige Gemeinde,350,2331377.35,6661.08,72747.00,393708.67,1864921.68,STATISTIKPORTAL_INTEGRATED_2023_T1
2023,13,13076,municipality,130765664128,13076128,matched,"Sternberg, Stadt",amtsangehörige Gemeinde,3980,7956958.66,1999.24,987342.00,664564.43,6305052.23,STATISTIKPORTAL_INTEGRATED_2023_T1
2023,13,13076,municipality,130765664148,13076148,matched,Weitendorf,amtsangehörige Gemeinde,367,1951122.91,5316.41,0.00,432402.35,1518720.56,STATISTIKPORTAL_INTEGRATED_2023_T1
2023,13,13076,municipality,130765664155,13076155,matched,Witzin,amtsangehörige Gemeinde,444,2170284.80,4888.03,0.00,393708.67,1776576.13,STATISTIKPORTAL_INTEGRATED_2023_T1
2023,13,13076,municipality,130765664167,13076167,matched,Kloster Tempzin,amtsangehörige Gemeinde,567,2096142.45,3696.90,3140.00,316321.31,1776681.14,STATISTIKPORTAL_INTEGRATED_2023_T1
2023,13,13076,joint_administration,130765665,,not_applicable,Amtsverwaltung Stralendorf,Amtsverwaltung,11839,1841888.00,155.58,1841888.00,0.00,0.00,STATISTIKPORTAL_INTEGRATED_2023_T1
2023,13,13076,municipality,130765665036,13076036,matched,Dümmer,amtsangehörige Gemeinde,1576,420825.65,267.02,0.00,0.00,420825.65,STATISTIKPORTAL_INTEGRATED_2023_T1
2023,13,13076,municipality,130765665063,13076063,matched,Holthusen,amtsangehörige Gemeinde,986,3914642.18,3970.23,1881164.00,316321.31,1717156.87,STATISTIKPORTAL_INTEGRATED_2023_T1
2023,13,13076,municipality,130765665071,13076071,matched,Klein Rogahn,amtsangehörige Gemeinde,1330,2116861.59,1591.63,0.00,316321.31,1800540.28,STATISTIKPORTAL_INTEGRATED_2023_T1
2023,13,13076,municipality,130765665107,13076107,matched,Pampow,amtsangehörige Gemeinde,3055,2892886.37,946.93,356502.00,316321.31,2220063.06,STATISTIKPORTAL_INTEGRATED_2023_T1
2023,13,13076,municipality,130765665121,13076121,matched,Schossin,amtsangehörige Gemeinde,247,1864105.62,7546.99,0.00,316321.31,1547784.31,STATISTIKPORTAL_INTEGRATED_2023_T1
2023,13,13076,municipality,130765665130,13076130,matched,Stralendorf,amtsangehörige Gemeinde,1374,2116861.59,1540.66,0.00,316321.31,1800540.28,STATISTIKPORTAL_INTEGRATED_2023_T1
2023,13,13076,municipality,130765665147,13076147,matched,Warsow,amtsangehörige Gemeinde,668,2262100.90,3386.38,313309.00,316321.31,1632470.59,STATISTIKPORTAL_INTEGRATED_2023_T1
2023,13,13076,municipality,130765665154,13076154,matched,Wittenförden,amtsangehörige Gemeinde,2472,2453000.96,992.31,0.00,316321.31,2136679.65,STATISTIKPORTAL_INTEGRATED_2023_T1
2023,13,13076,municipality,130765665163,13076163,matched,Zülow,amtsangehörige Gemeinde,131,2602356.24,19865.31,0.00,316321.31,2286034.93,STATISTIKPORTAL_INTEGRATED_2023_T1
2023,13,13076,joint_administration,130765666,,not_applicable,Amtsverwaltung Wittenburg,Amtsverwaltung,9309,0.00,0.00,0.00,0.00,0.00,STATISTIKPORTAL_INTEGRATED_2023_T1
2023,13,13076,municipality,130765666152,13076152,matched,"Wittenburg, Stadt",amtsangehörige Gemeinde,6425,20634029.62,3211.52,12653637.00,316960.35,7663432.27,STATISTIKPORTAL_INTEGRATED_2023_T1
2023,13,13076,municipality,130765666153,13076153,matched,Wittendörp,amtsangehörige Gemeinde,2884,2860297.28,991.78,776137.00,316321.31,1767838.97,STATISTIKPORTAL_INTEGRATED_2023_T1
2023,13,13076,joint_administration,130765667,,not_applicable,Amtsverwaltung Zarrentin,Amtsverwaltung,10409,0.00,0.00,0.00,0.00,0.00,STATISTIKPORTAL_INTEGRATED_2023_T1
2023,13,13076,municipality,130765667039,13076039,matched,Gallin,amtsangehörige Gemeinde,586,1807195.21,3083.95,0.00,342794.31,1464400.90,STATISTIKPORTAL_INTEGRATED_2023_T1
2023,13,13076,municipality,130765667073,13076073,matched,Kogel,amtsangehörige Gemeinde,672,1791631.21,2666.12,10909.00,316321.31,1464400.90,STATISTIKPORTAL_INTEGRATED_2023_T1
2023,13,13076,municipality,130765667092,13076092,matched,Lüttow-Valluhn,amtsangehörige Gemeinde,877,1780722.21,2030.47,0.00,316321.31,1464400.90,STATISTIKPORTAL_INTEGRATED_2023_T1
2023,13,13076,municipality,130765667142,13076142,matched,Vellahn,amtsangehörige Gemeinde,2793,3484450.21,1247.57,1703728.00,316321.31,1464400.90,STATISTIKPORTAL_INTEGRATED_2023_T1
2023,13,13076,municipality,130765667159,13076159,matched,"Zarrentin am Schaalsee, Stadt",amtsangehörige Gemeinde,5481,21506820.45,3923.89,19249786.00,316321.31,1940713.14,STATISTIKPORTAL_INTEGRATED_2023_T1
2023,13,13076,joint_administration,130765668,,not_applicable,Amtsverwaltung Crivitz,Amtsverwaltung,25198,0.00,0.00,0.00,0.00,0.00,STATISTIKPORTAL_INTEGRATED_2023_T1
2023,13,13076,municipality,130765668005,13076005,matched,Banzkow,amtsangehörige Gemeinde,2771,4612320.37,1664.50,2075936.00,316321.31,2220063.06,STATISTIKPORTAL_INTEGRATED_2023_T1
2023,13,13076,municipality,130765668007,13076007,matched,Barnin,amtsangehörige Gemeinde,463,1949141.11,4209.81,0.00,316321.31,1632819.80,STATISTIKPORTAL_INTEGRATED_2023_T1
2023,13,13076,municipality,130765668023,13076023,matched,Bülow,amtsangehörige Gemeinde,331,1871414.90,5653.82,0.00,316321.31,1555093.59,STATISTIKPORTAL_INTEGRATED_2023_T1
2023,13,13076,municipality,130765668024,13076024,matched,Cambs,amtsangehörige Gemeinde,624,1948791.90,3123.06,0.00,316321.31,1632470.59,STATISTIKPORTAL_INTEGRATED_2023_T1
2023,13,13076,municipality,130765668025,13076025,matched,"Crivitz, Stadt",amtsangehörige Gemeinde,4769,4851531.07,1017.31,1890841.00,316321.31,2644368.76,STATISTIKPORTAL_INTEGRATED_2023_T1
2023,13,13076,municipality,130765668029,13076029,matched,Demen,amtsangehörige Gemeinde,893,2033827.39,2277.52,0.00,316321.31,1717506.08,STATISTIKPORTAL_INTEGRATED_2023_T1
2023,13,13076,municipality,130765668033,13076033,matched,Dobin am See,amtsangehörige Gemeinde,2063,2284931.27,1107.58,0.00,316321.31,1968609.96,STATISTIKPORTAL_INTEGRATED_2023_T1
2023,13,13076,municipality,130765668038,13076038,matched,Friedrichsruhe,amtsangehörige Gemeinde,940,2284086.08,2429.88,0.00,316321.31,1967764.77,STATISTIKPORTAL_INTEGRATED_2023_T1
2023,13,13076,municipality,130765668044,13076044,matched,Gneven,amtsangehörige Gemeinde,358,1948791.90,5443.55,0.00,316321.31,1632470.59,STATISTIKPORTAL_INTEGRATED_2023_T1
2023,13,13076,municipality,130765668080,13076080,matched,Langen Brütz,amtsangehörige Gemeinde,481,1948791.90,4051.54,0.00,316321.31,1632470.59,STATISTIKPORTAL_INTEGRATED_2023_T1
2023,13,13076,municipality,130765668082,13076082,matched,Leezen,amtsangehörige Gemeinde,2183,2369617.55,1085.49,0.00,316321.31,2053296.24,STATISTIKPORTAL_INTEGRATED_2023_T1
2023,13,13076,municipality,130765668112,13076112,matched,Pinnow,amtsangehörige Gemeinde,2062,2354154.91,1141.69,0.00,385544.95,1968609.96,STATISTIKPORTAL_INTEGRATED_2023_T1
2023,13,13076,municipality,130765668113,13076113,matched,Plate,amtsangehörige Gemeinde,3337,2621070.65,785.46,0.00,316321.31,2304749.34,STATISTIKPORTAL_INTEGRATED_2023_T1
2023,13,13076,municipality,130765668117,13076117,matched,Raben Steinfeld,amtsangehörige Gemeinde,1060,2116861.59,1997.04,0.00,316321.31,1800540.28,STATISTIKPORTAL_INTEGRATED_2023_T1
2023,13,13076,municipality,130765668133,13076133,matched,Sukow,amtsangehörige Gemeinde,1559,2270773.58,1456.56,0.00,385547.03,1885226.55,STATISTIKPORTAL_INTEGRATED_2023_T1
2023,13,13076,municipality,130765668140,13076140,matched,Tramm,amtsangehörige Gemeinde,875,2102701.82,2403.09,0.00,385544.95,1717156.87,STATISTIKPORTAL_INTEGRATED_2023_T1
2023,13,13076,municipality,130765668158,13076158,matched,Zapel,amtsangehörige Gemeinde,429,1948791.90,4542.64,0.00,316321.31,1632470.59,STATISTIKPORTAL_INTEGRATED_2023_T1
